OMNeT++ Discrete Event Simulation  (C) 1992-2025 Andras Varga, OpenSim Ltd.
Version: 6.2.0, build: 250714-83e173e93a, edition: Academic Public License -- NOT FOR COMMERCIAL USE
See the license for distribution terms and warranty disclaimer

Setting up Qtenv...

Loading NED files from /home/yash/veins-veins-5.3.1/src/veins:  46
Loading NED files from .:  2

Loading images from '/home/yash/images': *: 0 
Loading images from '/home/yash/omnetpp/omnetpp-6.2.0/images': *: 0  abstract/*: 90  background/*: 4  block/*: 325  device/*: 195  logo/*: 3  maps/*: 9  misc/*: 70  msg/*: 55  old/*: 111  status/*: 28 

[V2VProxy 0] Intersection at (300, 300), stop distance=50m
[DEBUG V2VProxy 0] Replica registered in proxy map
[DEBUG V2VProxy 0] Periodic queue timer started
[V2VProxy] JVM created successfully
[V2VProxy] Registering JNI native methods...
V2VNativeBridge: Running in EMBEDDED mode - library already loaded by OMNeT++
[V2VProxy] Successfully registered 4 JNI native methods
[V2VProxy] Successfully registered 1 IntersectionServer JNI native method
[V2VProxy] JNI native methods registered successfully
[V2VProxy] Warming up JVM (crypto + JNI) before starting replicas...
[JNI] nativeWarmupPing called
[V2VProxy] JVM warmed up successfully
[DEBUG V2VProxy 0] JVM ready
[V2VProxyModule] Starting BFTSmart replica 0 in background Java thread
[ServerRunner 0] Created, ready to start in thread
[V2VProxyModule] Starting Java thread for replica 0
[V2VProxyModule] BFTSmart replica 0 thread started (non-blocking)
[DEBUG V2VProxy 0] Position checking will start at t=0.5s
[ServerRunner 0] Thread started, waiting for all peers...
[ServerRunner 0] Signaled ready (1/4 ready)
[V2VProxy 1] Intersection at (300, 300), stop distance=50m
[DEBUG V2VProxy 1] Replica registered in proxy map
[DEBUG V2VProxy 1] Periodic queue timer started
[DEBUG V2VProxy 1] JVM ready
[V2VProxyModule] Starting BFTSmart replica 1 in background Java thread
[ServerRunner 1] Created, ready to start in thread
[V2VProxyModule] Starting Java thread for replica 1
[V2VProxyModule] BFTSmart replica 1 thread started (non-blocking)
[DEBUG V2VProxy 1] Position checking will start at t=0.5s
[ServerRunner 1] Thread started, waiting for all peers...
[ServerRunner 1] Signaled ready (2/4 ready)
[V2VProxy 2] Intersection at (300, 300), stop distance=50m
[DEBUG V2VProxy 2] Replica registered in proxy map
[DEBUG V2VProxy 2] Periodic queue timer started
[DEBUG V2VProxy 2] JVM ready
[V2VProxyModule] Starting BFTSmart replica 2 in background Java thread
[ServerRunner 2] Created, ready to start in thread
[V2VProxyModule] Starting Java thread for replica 2
[V2VProxyModule] BFTSmart replica 2 thread started (non-blocking)
[DEBUG V2VProxy 2] Position checking will start at t=0.5s
[ServerRunner 2] Thread started, waiting for all peers...
[ServerRunner 2] Signaled ready (3/4 ready)
[V2VProxy 3] Intersection at (300, 300), stop distance=50m
[DEBUG V2VProxy 3] Replica registered in proxy map
[DEBUG V2VProxy 3] Periodic queue timer started
[DEBUG V2VProxy 3] JVM ready
[V2VProxyModule] Starting BFTSmart replica 3 in background Java thread
[ServerRunner 3] Created, ready to start in thread
[V2VProxyModule] Starting Java thread for replica 3
[V2VProxyModule] BFTSmart replica 3 thread started (non-blocking)
[DEBUG V2VProxy 3] Position checking will start at t=0.5s
[ServerRunner 3] Thread started, waiting for all peers...
[ServerRunner 3] Signaled ready (4/4 ready)
[ServerRunner 3] Creating IntersectionServer after stagger delay...
[ServerRunner 1] Creating IntersectionServer after stagger delay...
[ServerRunner 2] Creating IntersectionServer after stagger delay...
[ServerRunner 0] Creating IntersectionServer after stagger delay...
[Server 0] DEBUG: Constructor started.
[Server 3] DEBUG: Constructor started.
[Server 2] DEBUG: Constructor started.
[Server 1] DEBUG: Constructor started.
[Server 3] DEBUG: Bouncy Castle Provider registered.
==================================================
[Server 0] DEBUG: Bouncy Castle Provider registered.
==================================================
[DEBUG] JVM Working Directory: /home/yash/omnetpp/fourway
[DEBUG] LOOK HERE FOR CONFIG: /home/yash/omnetpp/fourway/config
==================================================
[Server 2] DEBUG: Bouncy Castle Provider registered.
[Server 0] Intersection Physics: width=15.0m, avgSpeed=14.0m/s, safetyGap=1.5s
[Server 1] DEBUG: Bouncy Castle Provider registered.
==================================================
[DEBUG] JVM Working Directory: /home/yash/omnetpp/fourway
[DEBUG] LOOK HERE FOR CONFIG: /home/yash/omnetpp/fourway/config
==================================================
[Server 0] DEBUG: About to create ServiceReplica (This might block)...
==================================================
[DEBUG] JVM Working Directory: /home/yash/omnetpp/fourway
[DEBUG] LOOK HERE FOR CONFIG: /home/yash/omnetpp/fourway/config
==================================================
[DEBUG] JVM Working Directory: /home/yash/omnetpp/fourway
[DEBUG] LOOK HERE FOR CONFIG: /home/yash/omnetpp/fourway/config
==================================================
[Server 2] Intersection Physics: width=15.0m, avgSpeed=14.0m/s, safetyGap=1.5s
[Server 2] DEBUG: About to create ServiceReplica (This might block)...
[Server 2] DEBUG: Thread = Thread-2
[Server 0] DEBUG: Thread = Thread-0
[Server 0] DEBUG: Current time = 1769570872548
[Server 0] DEBUG: Calling new ServiceReplica(0, ...)
[Server 1] Intersection Physics: width=15.0m, avgSpeed=14.0m/s, safetyGap=1.5s
[Server 1] DEBUG: About to create ServiceReplica (This might block)...
[Server 1] DEBUG: Thread = Thread-1
[Server 1] DEBUG: Current time = 1769570872549
[Server 1] DEBUG: Calling new ServiceReplica(1, ...)
[Server 2] DEBUG: Current time = 1769570872548
[Server 2] DEBUG: Calling new ServiceReplica(2, ...)
[Server 3] Intersection Physics: width=15.0m, avgSpeed=14.0m/s, safetyGap=1.5s
[Server 3] DEBUG: About to create ServiceReplica (This might block)...
[Server 3] DEBUG: Thread = Thread-3
[Server 3] DEBUG: Current time = 1769570872549
[Server 3] DEBUG: Calling new ServiceReplica(3, ...)
[V2VProxy 0] *** STOPPING at intersection! ***
[V2VProxy 0] Distance=25.6688m, t=5.6
[V2VProxy 0] Vehicle STOPPED at intersection (distance=25.6688m)
[V2VProxy 0] triggerJoinViaJNI() called at t=5.6
[V2VProxy 0] Barrier: 4/4 runners ready
[V2VProxy 0] FAILED: Server Status = 'Initializing' (expected 'READY') at t=5.6
[V2VProxy 0] Failed to trigger JOIN, will retry...
[V2VProxy 1] *** STOPPING at intersection! ***
[V2VProxy 1] Distance=47.5487m, t=5.6
[V2VProxy 1] Vehicle STOPPED at intersection (distance=47.5487m)
[V2VProxy 1] triggerJoinViaJNI() called at t=5.6
[V2VProxy 1] FAILED: Server Status = 'Initializing' (expected 'READY') at t=5.6
[V2VProxy 1] Failed to trigger JOIN, will retry...
[V2VProxy 2] *** STOPPING at intersection! ***
[V2VProxy 2] Distance=47.4493m, t=5.6
[V2VProxy 2] Vehicle STOPPED at intersection (distance=47.4493m)
[V2VProxy 2] triggerJoinViaJNI() called at t=5.6
[V2VProxy 2] FAILED: Server Status = 'Initializing' (expected 'READY') at t=5.6
[V2VProxy 2] Failed to trigger JOIN, will retry...
[V2VProxy 3] *** STOPPING at intersection! ***
[V2VProxy 3] Distance=27.993m, t=5.6
[V2VProxy 3] Vehicle STOPPED at intersection (distance=27.993m)
[V2VProxy 3] triggerJoinViaJNI() called at t=5.6
[V2VProxy 3] FAILED: Server Status = 'Initializing' (expected 'READY') at t=5.6
[V2VProxy 3] Failed to trigger JOIN, will retry...
19:27:52.567 [Thread-2] INFO bftsmart.reconfiguration.ServerViewController - Creating current view from configuration file
19:27:52.567 [Thread-3] INFO bftsmart.reconfiguration.ServerViewController - Creating current view from configuration file
19:27:52.567 [Thread-1] INFO bftsmart.reconfiguration.ServerViewController - Creating current view from configuration file
19:27:52.567 [Thread-0] INFO bftsmart.reconfiguration.ServerViewController - Creating current view from configuration file
19:27:52.592 [Thread-0] INFO bftsmart.communication.ServerCommunicationSystem - Using V2V communication layer on port 12000
19:27:52.592 [Thread-2] INFO bftsmart.communication.ServerCommunicationSystem - Using V2V communication layer on port 12002
19:27:52.592 [Thread-1] INFO bftsmart.communication.ServerCommunicationSystem - Using V2V communication layer on port 12001
19:27:52.592 [Thread-3] INFO bftsmart.communication.ServerCommunicationSystem - Using V2V communication layer on port 12003
[Reliability 0] Automatic retransmissions DISABLED - using piggybacked ACKs only
==============================================
[V2V Layer 0] INITIALIZING CONNECTIONS
[Reliability 1] Automatic retransmissions DISABLED - using piggybacked ACKs only
==============================================
[V2V Layer 1] INITIALIZING CONNECTIONS
    My ID: 1
[Reliability 2] Automatic retransmissions DISABLED - using piggybacked ACKs only
==============================================
[V2V Layer 2] INITIALIZING CONNECTIONS
[Reliability 3] Automatic retransmissions DISABLED - using piggybacked ACKs only
==============================================
[V2V Layer 3] INITIALIZING CONNECTIONS
    My ID: 3
    All replicas: [0, 1, 2, 3]
[V2V Layer 3] DEBUG: About to create V2VNativeBridge callback...
    My ID: 0
    All replicas: [0, 1, 2, 3]
[V2V Layer 0] DEBUG: About to create V2VNativeBridge callback...
    My ID: 2
    All replicas: [0, 1, 2, 3]
[V2V Layer 2] DEBUG: About to create V2VNativeBridge callback...
    All replicas: [0, 1, 2, 3]
[V2V Layer 1] DEBUG: About to create V2VNativeBridge callback...
[V2V Layer 3] DEBUG: Callback created, creating V2VNativeBridge...
[V2V Layer 1] DEBUG: Callback created, creating V2VNativeBridge...
[V2V Layer 0] DEBUG: Callback created, creating V2VNativeBridge...
V2VNativeBridge0: Created, initializing immediately...
[JNI] nativeInit called for replica 0
[DEBUG V2VProxy 0] registerJavaCallback called
[V2V Layer 2] DEBUG: Callback created, creating V2VNativeBridge...[DEBUG V2VProxy 0] Java callback registered successfully
[JNI] Successfully initialized V2V bridge for replica 0

V2VNativeBridge0: Initialized successfully, callback registered
V2VNativeBridge2: Created, initializing immediately...
[JNI] nativeInit called for replica 2
[DEBUG V2VProxy 2] registerJavaCallback called
[DEBUG V2VProxy 2] Java callback registered successfully
[JNI] Successfully initialized V2V bridge for replica 2
V2VNativeBridge2: Initialized successfully, callback registered
[V2V Layer 2] DEBUG: Bridge created and callback registered!
[V2V Layer 2] DEBUG: Waiting 500ms for all peers to register callbacks...
V2VNativeBridge1: Created, initializing immediately...
[JNI] nativeInit called for replica 1
[DEBUG V2VProxy 1] registerJavaCallback called
[DEBUG V2VProxy 1] Java callback registered successfully
[JNI] Successfully initialized V2V bridge for replica 1
V2VNativeBridge3: Created, initializing immediately...
[JNI] nativeInit called for replica 3
[DEBUG V2VProxy 3] registerJavaCallback called
[DEBUG V2VProxy 3] Java callback registered successfully
[JNI] Successfully initialized V2V bridge for replica 3
V2VNativeBridge3: Initialized successfully, callback registered
[V2V Layer 3] DEBUG: Bridge created and callback registered!
[V2V Layer 3] DEBUG: Waiting 500ms for all peers to register callbacks...
V2VNativeBridge1: Initialized successfully, callback registered
[V2V Layer 1] DEBUG: Bridge created and callback registered!
[V2V Layer 1] DEBUG: Waiting 500ms for all peers to register callbacks...
[V2V Layer 0] DEBUG: Bridge created and callback registered!
[V2V Layer 0] DEBUG: Waiting 500ms for all peers to register callbacks...
[V2VProxy 0] *** STOPPING at intersection! ***
[V2VProxy 0] Distance=25.6688m, t=5.7
[V2VProxy 0] triggerJoinViaJNI() called at t=5.7
[V2VProxy 0] FAILED: Server Status = 'Initializing' (expected 'READY') at t=5.7
[V2VProxy 0] Failed to trigger JOIN, will retry...
[V2VProxy 1] *** STOPPING at intersection! ***
[V2VProxy 1] Distance=47.5487m, t=5.7
[V2VProxy 1] triggerJoinViaJNI() called at t=5.7
[V2VProxy 1] FAILED: Server Status = 'Initializing' (expected 'READY') at t=5.7
[V2VProxy 1] Failed to trigger JOIN, will retry...
[V2VProxy 2] *** STOPPING at intersection! ***
[V2VProxy 2] Distance=47.4493m, t=5.7
[V2VProxy 2] triggerJoinViaJNI() called at t=5.7
[V2VProxy 2] FAILED: Server Status = 'Initializing' (expected 'READY') at t=5.7
[V2VProxy 2] Failed to trigger JOIN, will retry...
[V2VProxy 3] *** STOPPING at intersection! ***
[V2VProxy 3] Distance=27.993m, t=5.7
[V2VProxy 3] triggerJoinViaJNI() called at t=5.7
[V2VProxy 3] FAILED: Server Status = 'Initializing' (expected 'READY') at t=5.7
[V2VProxy 3] Failed to trigger JOIN, will retry...
[V2VProxy 0] *** STOPPING at intersection! ***
[V2VProxy 0] Distance=26.8346m, t=5.8
[V2VProxy 0] triggerJoinViaJNI() called at t=5.8
[V2VProxy 0] FAILED: Server Status = 'Initializing' (expected 'READY') at t=5.8
[V2VProxy 0] Failed to trigger JOIN, will retry...
[V2VProxy 1] *** STOPPING at intersection! ***
[V2VProxy 1] Distance=45.409m, t=5.8
[V2VProxy 1] triggerJoinViaJNI() called at t=5.8
[V2VProxy 1] FAILED: Server Status = 'Initializing' (expected 'READY') at t=5.8
[V2VProxy 1] Failed to trigger JOIN, will retry...
[V2VProxy 2] *** STOPPING at intersection! ***
[V2VProxy 2] Distance=46.0521m, t=5.8
[V2VProxy 2] triggerJoinViaJNI() called at t=5.8
[V2VProxy 2] Barrier: 4/4 runners ready
[V2VProxy 2] FAILED: Server Status = 'Initializing' (expected 'READY') at t=5.8
[V2VProxy 2] Failed to trigger JOIN, will retry...
[V2VProxy 3] *** STOPPING at intersection! ***
[V2VProxy 3] Distance=28.5289m, t=5.8
[V2VProxy 3] triggerJoinViaJNI() called at t=5.8
[V2VProxy 3] FAILED: Server Status = 'Initializing' (expected 'READY') at t=5.8
[V2VProxy 3] Failed to trigger JOIN, will retry...
[V2VProxy 0] *** STOPPING at intersection! ***
[V2VProxy 0] Distance=26.8346m, t=5.9
[V2VProxy 0] triggerJoinViaJNI() called at t=5.9
[V2VProxy 0] FAILED: Server Status = 'Initializing' (expected 'READY') at t=5.9
[V2VProxy 0] Failed to trigger JOIN, will retry...
[V2VProxy 1] *** STOPPING at intersection! ***
[V2VProxy 1] Distance=45.409m, t=5.9
[V2VProxy 1] triggerJoinViaJNI() called at t=5.9
[V2VProxy 1] FAILED: Server Status = 'Initializing' (expected 'READY') at t=5.9
[V2VProxy 1] Failed to trigger JOIN, will retry...
[V2VProxy 2] *** STOPPING at intersection! ***
[V2VProxy 2] Distance=46.0521m, t=5.9
[V2VProxy 2] triggerJoinViaJNI() called at t=5.9
[V2VProxy 2] FAILED: Server Status = 'Initializing' (expected 'READY') at t=5.9
[V2VProxy 2] Failed to trigger JOIN, will retry...
[V2VProxy 3] *** STOPPING at intersection! ***
[V2VProxy 3] Distance=28.5289m, t=5.9
[V2VProxy 3] triggerJoinViaJNI() called at t=5.9
[V2VProxy 3] FAILED: Server Status = 'Initializing' (expected 'READY') at t=5.9
[V2VProxy 3] Failed to trigger JOIN, will retry...
[V2VProxy 0] *** STOPPING at intersection! ***
[V2VProxy 0] Distance=28.0898m, t=6
[V2VProxy 0] triggerJoinViaJNI() called at t=6
[V2VProxy 0] FAILED: Server Status = 'Initializing' (expected 'READY') at t=6
[V2VProxy 0] Failed to trigger JOIN, will retry...
[V2VProxy 1] *** STOPPING at intersection! ***
[V2VProxy 1] Distance=43.463m, t=6
[V2VProxy 1] triggerJoinViaJNI() called at t=6
[V2VProxy 1] FAILED: Server Status = 'Initializing' (expected 'READY') at t=6
[V2VProxy 1] Failed to trigger JOIN, will retry...
[V2VProxy 2] *** STOPPING at intersection! ***
[V2VProxy 2] Distance=44.8229m, t=6
[V2VProxy 2] triggerJoinViaJNI() called at t=6
[V2VProxy 2] FAILED: Server Status = 'Initializing' (expected 'READY') at t=6
[V2VProxy 2] Failed to trigger JOIN, will retry...
[V2VProxy 3] *** STOPPING at intersection! ***
[V2VProxy 3] Distance=29.069m, t=6
[V2VProxy 3] triggerJoinViaJNI() called at t=6
[V2VProxy 3] FAILED: Server Status = 'Initializing' (expected 'READY') at t=6
[V2VProxy 3] Failed to trigger JOIN, will retry...
[V2VProxy 0] *** STOPPING at intersection! ***
[V2VProxy 0] Distance=28.0898m, t=6.1
[V2VProxy 0] triggerJoinViaJNI() called at t=6.1
[V2VProxy 0] Barrier: 4/4 runners ready
[V2VProxy 0] FAILED: Server Status = 'Initializing' (expected 'READY') at t=6.1
[V2VProxy 0] Failed to trigger JOIN, will retry...
[V2VProxy 1] *** STOPPING at intersection! ***
[V2VProxy 1] Distance=43.463m, t=6.1
[V2VProxy 1] triggerJoinViaJNI() called at t=6.1
[V2VProxy 1] FAILED: Server Status = 'Initializing' (expected 'READY') at t=6.1
[V2VProxy 1] Failed to trigger JOIN, will retry...
[V2VProxy 2] *** STOPPING at intersection! ***
[V2VProxy 2] Distance=44.8229m, t=6.1
[V2VProxy 2] triggerJoinViaJNI() called at t=6.1
[V2VProxy 2] FAILED: Server Status = 'Initializing' (expected 'READY') at t=6.1
[V2VProxy 2] Failed to trigger JOIN, will retry...
[V2VProxy 3] *** STOPPING at intersection! ***
[V2VProxy 3] Distance=29.069m, t=6.1
[V2VProxy 3] triggerJoinViaJNI() called at t=6.1
[V2VProxy 3] FAILED: Server Status = 'Initializing' (expected 'READY') at t=6.1
[V2VProxy 3] Failed to trigger JOIN, will retry...
[V2V Layer 2] DEBUG: Creating connections...
[V2V Layer 3] DEBUG: Creating connections...
[V2VNativeReplicaConnection] Created JNI connection from 3 to 0
[V2VNativeReplicaConnection] Created JNI connection from 2 to 0
    -> Native JNI connection to replica 0
[V2VNativeReplicaConnection] Created JNI connection from 2 to 1
    -> Native JNI connection to replica 1
[V2VNativeReplicaConnection] Created JNI connection from 2 to 3
    -> Native JNI connection to replica 3
==============================================
[V2V Layer 0] DEBUG: Creating connections...
[V2VNativeReplicaConnection] Created JNI connection from 0 to 1
    -> Native JNI connection to replica 1
[V2VNativeReplicaConnection] Created JNI connection from 0 to 2
    -> Native JNI connection to replica 2
[V2VNativeReplicaConnection] Created JNI connection from 0 to 3
    -> Native JNI connection to replica 3
==============================================
[V2V Layer 0] DEBUG: About to start communication thread...
[V2V Layer 1] DEBUG: Creating connections...
[V2VNativeReplicaConnection] Created JNI connection from 1 to 0
    -> Native JNI connection to replica 0
[V2V Layer 0] DEBUG: start() called, thread should be running now
[V2V Layer 2] DEBUG: About to start communication thread...
    -> Native JNI connection to replica 0
[V2VNativeReplicaConnection] Created JNI connection from 3 to 1
    -> Native JNI connection to replica 1
[V2V Layer 2] DEBUG: start() called, thread should be running now
==============================================
==============================================
[V2V Layer 2] Communication thread STARTED
    Using JNI callbacks for message delivery
==============================================
[V2VNativeReplicaConnection] Created JNI connection from 1 to 2
    -> Native JNI connection to replica 2
[V2VNativeReplicaConnection] Created JNI connection from 1 to 3
    -> Native JNI connection to replica 3
==============================================
[V2V Layer 1] DEBUG: About to start communication thread...
[V2V Layer 0] Communication thread STARTED
    Using JNI callbacks for message delivery
==============================================
[V2VNativeReplicaConnection] Created JNI connection from 3 to 2
    -> Native JNI connection to replica 2
==============================================
[V2V Layer 3] DEBUG: About to start communication thread...
[V2V Layer 1] DEBUG: start() called, thread should be running now
==============================================
[V2V Layer 1] Communication thread STARTED
    Using JNI callbacks for message delivery
==============================================
==============================================
[V2V Layer 3] Communication thread STARTED
    Using JNI callbacks for message delivery
==============================================
[V2V Layer 3] DEBUG: start() called, thread should be running now
19:27:53.113 [Thread-1] DEBUG io.netty.util.internal.logging.InternalLoggerFactory - Using SLF4J as the default logging framework
19:27:53.114 [Thread-1] DEBUG io.netty.util.internal.InternalThreadLocalMap - -Dio.netty.threadLocalMap.stringBuilder.initialSize: 1024
19:27:53.114 [Thread-1] DEBUG io.netty.util.internal.InternalThreadLocalMap - -Dio.netty.threadLocalMap.stringBuilder.maxSize: 4096
[V2VProxy 0] *** STOPPING at intersection! ***
[V2VProxy 0] Distance=29.3787m, t=6.2
[V2VProxy 0] triggerJoinViaJNI() called at t=6.2
[V2VProxy 0] FAILED: Server Status = 'Initializing' (expected 'READY') at t=6.2
[V2VProxy 0] Failed to trigger JOIN, will retry...
[V2VProxy 1] *** STOPPING at intersection! ***
[V2VProxy 1] Distance=41.7065m, t=6.2
[V2VProxy 1] triggerJoinViaJNI() called at t=6.2
[V2VProxy 1] FAILED: Server Status = 'Initializing' (expected 'READY') at t=6.2
[V2VProxy 1] Failed to trigger JOIN, will retry...
[V2VProxy 2] *** STOPPING at intersection! ***
[V2VProxy 2] Distance=43.7583m, t=6.2
[V2VProxy 2] triggerJoinViaJNI() called at t=6.2
[V2VProxy 2] FAILED: Server Status = 'Initializing' (expected 'READY') at t=6.2
[V2VProxy 2] Failed to trigger JOIN, will retry...
[V2VProxy 3] *** STOPPING at intersection! ***
[V2VProxy 3] Distance=29.5872m, t=6.2
[V2VProxy 3] triggerJoinViaJNI() called at t=6.2
[V2VProxy 3] FAILED: Server Status = 'Initializing' (expected 'READY') at t=6.2
[V2VProxy 3] Failed to trigger JOIN, will retry...
[V2VProxy 0] *** STOPPING at intersection! ***
[V2VProxy 0] Distance=29.3787m, t=6.3
[V2VProxy 0] triggerJoinViaJNI() called at t=6.3
[V2VProxy 0] FAILED: Server Status = 'Initializing' (expected 'READY') at t=6.3
[V2VProxy 0] Failed to trigger JOIN, will retry...
[V2VProxy 1] *** STOPPING at intersection! ***
[V2VProxy 1] Distance=41.7065m, t=6.3
[V2VProxy 1] triggerJoinViaJNI() called at t=6.3
[V2VProxy 1] FAILED: Server Status = 'Initializing' (expected 'READY') at t=6.3
[V2VProxy 1] Failed to trigger JOIN, will retry...
[V2VProxy 2] *** STOPPING at intersection! ***
[V2VProxy 2] Distance=43.7583m, t=6.3
[V2VProxy 2] triggerJoinViaJNI() called at t=6.3
[V2VProxy 2] Barrier: 4/4 runners ready
[V2VProxy 2] FAILED: Server Status = 'Initializing' (expected 'READY') at t=6.3
[V2VProxy 2] Failed to trigger JOIN, will retry...
[V2VProxy 3] *** STOPPING at intersection! ***
[V2VProxy 3] Distance=29.5872m, t=6.3
[V2VProxy 3] triggerJoinViaJNI() called at t=6.3
[V2VProxy 3] FAILED: Server Status = 'Initializing' (expected 'READY') at t=6.3
[V2VProxy 3] Failed to trigger JOIN, will retry...
19:27:53.264 [Thread-2] DEBUG io.netty.channel.MultithreadEventLoopGroup - -Dio.netty.eventLoopThreads: 48
19:27:53.283 [Thread-0] DEBUG io.netty.channel.nio.NioEventLoop - -Dio.netty.noKeySetOptimization: false
19:27:53.284 [Thread-0] DEBUG io.netty.channel.nio.NioEventLoop - -Dio.netty.selectorAutoRebuildThreshold: 512
19:27:53.294 [Thread-0] DEBUG io.netty.util.internal.PlatformDependent0 - -Dio.netty.noUnsafe: false
19:27:53.294 [Thread-0] DEBUG io.netty.util.internal.PlatformDependent0 - Java version: 11
19:27:53.296 [Thread-0] DEBUG io.netty.util.internal.PlatformDependent0 - sun.misc.Unsafe.theUnsafe: available
19:27:53.296 [Thread-0] DEBUG io.netty.util.internal.PlatformDependent0 - sun.misc.Unsafe.copyMemory: available
19:27:53.296 [Thread-0] DEBUG io.netty.util.internal.PlatformDependent0 - java.nio.Buffer.address: available
19:27:53.297 [Thread-0] DEBUG io.netty.util.internal.PlatformDependent0 - direct buffer constructor: unavailable: Reflective setAccessible(true) disabled
19:27:53.297 [Thread-0] DEBUG io.netty.util.internal.PlatformDependent0 - java.nio.Bits.unaligned: available, true
19:27:53.298 [Thread-0] DEBUG io.netty.util.internal.PlatformDependent0 - jdk.internal.misc.Unsafe.allocateUninitializedArray(int): unavailable: class io.netty.util.internal.PlatformDependent0$6 cannot access class jdk.internal.misc.Unsafe (in module java.base) because module java.base does not export jdk.internal.misc to unnamed module @2ec323fb
19:27:53.298 [Thread-0] DEBUG io.netty.util.internal.PlatformDependent0 - java.nio.DirectByteBuffer.<init>(long, int): unavailable
19:27:53.298 [Thread-0] DEBUG io.netty.util.internal.PlatformDependent - sun.misc.Unsafe: available
19:27:53.312 [Thread-0] DEBUG io.netty.util.internal.PlatformDependent - maxDirectMemory: 1073741824 bytes (maybe)
19:27:53.313 [Thread-0] DEBUG io.netty.util.internal.PlatformDependent - -Dio.netty.tmpdir: /tmp (java.io.tmpdir)
19:27:53.313 [Thread-0] DEBUG io.netty.util.internal.PlatformDependent - -Dio.netty.bitMode: 64 (sun.arch.data.model)
19:27:53.315 [Thread-0] DEBUG io.netty.util.internal.PlatformDependent - -Dio.netty.maxDirectMemory: -1 bytes
19:27:53.315 [Thread-0] DEBUG io.netty.util.internal.PlatformDependent - -Dio.netty.uninitializedArrayAllocationThreshold: -1
19:27:53.315 [Thread-0] DEBUG io.netty.util.internal.CleanerJava9 - java.nio.ByteBuffer.cleaner(): available
19:27:53.316 [Thread-0] DEBUG io.netty.util.internal.PlatformDependent - -Dio.netty.noPreferDirect: false
19:27:53.321 [Thread-0] DEBUG io.netty.util.internal.PlatformDependent - org.jctools-core.MpscChunkedArrayQueue: available
[V2VProxy 0] *** STOPPING at intersection! ***
[V2VProxy 0] Distance=30.6579m, t=6.4
[V2VProxy 0] triggerJoinViaJNI() called at t=6.4
[V2VProxy 0] FAILED: Server Status = 'Initializing' (expected 'READY') at t=6.4
[V2VProxy 0] Failed to trigger JOIN, will retry...
[V2VProxy 1] *** STOPPING at intersection! ***
[V2VProxy 1] Distance=40.134m, t=6.4
[V2VProxy 1] triggerJoinViaJNI() called at t=6.4
[V2VProxy 1] FAILED: Server Status = 'Initializing' (expected 'READY') at t=6.4
[V2VProxy 1] Failed to trigger JOIN, will retry...
[V2VProxy 2] *** STOPPING at intersection! ***
[V2VProxy 2] Distance=42.8546m, t=6.4
[V2VProxy 2] triggerJoinViaJNI() called at t=6.4
[V2VProxy 2] FAILED: Server Status = 'Initializing' (expected 'READY') at t=6.4
[V2VProxy 2] Failed to trigger JOIN, will retry...
[V2VProxy 3] *** STOPPING at intersection! ***
[V2VProxy 3] Distance=30.0625m, t=6.4
[V2VProxy 3] triggerJoinViaJNI() called at t=6.4
[V2VProxy 3] FAILED: Server Status = 'Initializing' (expected 'READY') at t=6.4
[V2VProxy 3] Failed to trigger JOIN, will retry...
19:27:53.400 [Thread-2] DEBUG io.netty.channel.DefaultChannelId - -Dio.netty.processId: 658714 (auto-detected)
19:27:53.401 [Thread-2] DEBUG io.netty.util.NetUtil - -Djava.net.preferIPv4Stack: false
19:27:53.401 [Thread-2] DEBUG io.netty.util.NetUtil - -Djava.net.preferIPv6Addresses: false
19:27:53.403 [Thread-2] DEBUG io.netty.util.NetUtilInitializations - Loopback interface: lo (lo, 0:0:0:0:0:0:0:1%lo)
19:27:53.403 [Thread-2] DEBUG io.netty.util.NetUtil - /proc/sys/net/core/somaxconn: 4096
19:27:53.404 [Thread-2] DEBUG io.netty.channel.DefaultChannelId - -Dio.netty.machineId: 00:15:5d:ff:fe:5d:d7:1d (auto-detected)
19:27:53.411 [Thread-2] DEBUG io.netty.util.ResourceLeakDetector - -Dio.netty.leakDetection.level: simple
19:27:53.411 [Thread-2] DEBUG io.netty.util.ResourceLeakDetector - -Dio.netty.leakDetection.targetRecords: 4
19:27:53.431 [Thread-3] DEBUG io.netty.buffer.PooledByteBufAllocator - -Dio.netty.allocator.numHeapArenas: 10
19:27:53.431 [Thread-3] DEBUG io.netty.buffer.PooledByteBufAllocator - -Dio.netty.allocator.numDirectArenas: 10
19:27:53.431 [Thread-3] DEBUG io.netty.buffer.PooledByteBufAllocator - -Dio.netty.allocator.pageSize: 8192
19:27:53.431 [Thread-3] DEBUG io.netty.buffer.PooledByteBufAllocator - -Dio.netty.allocator.maxOrder: 11
19:27:53.431 [Thread-3] DEBUG io.netty.buffer.PooledByteBufAllocator - -Dio.netty.allocator.chunkSize: 16777216
19:27:53.431 [Thread-3] DEBUG io.netty.buffer.PooledByteBufAllocator - -Dio.netty.allocator.smallCacheSize: 256
19:27:53.431 [Thread-3] DEBUG io.netty.buffer.PooledByteBufAllocator - -Dio.netty.allocator.normalCacheSize: 64
19:27:53.431 [Thread-3] DEBUG io.netty.buffer.PooledByteBufAllocator - -Dio.netty.allocator.maxCachedBufferCapacity: 32768
19:27:53.431 [Thread-3] DEBUG io.netty.buffer.PooledByteBufAllocator - -Dio.netty.allocator.cacheTrimInterval: 8192
19:27:53.431 [Thread-3] DEBUG io.netty.buffer.PooledByteBufAllocator - -Dio.netty.allocator.cacheTrimIntervalMillis: 0
19:27:53.431 [Thread-3] DEBUG io.netty.buffer.PooledByteBufAllocator - -Dio.netty.allocator.useCacheForAllThreads: true
19:27:53.431 [Thread-3] DEBUG io.netty.buffer.PooledByteBufAllocator - -Dio.netty.allocator.maxCachedByteBuffersPerChunk: 1023
19:27:53.438 [Thread-3] DEBUG io.netty.buffer.ByteBufUtil - -Dio.netty.allocator.type: pooled
19:27:53.438 [Thread-3] DEBUG io.netty.buffer.ByteBufUtil - -Dio.netty.threadLocalDirectBufferSize: 0
19:27:53.438 [Thread-3] DEBUG io.netty.buffer.ByteBufUtil - -Dio.netty.maxThreadLocalCharBufferSize: 16384
19:27:53.445 [Thread-2] WARN io.netty.bootstrap.ServerBootstrap - Unknown channel option 'SO_KEEPALIVE' for channel '[id: 0x2f02a9d9]'
19:27:53.445 [Thread-1] WARN io.netty.bootstrap.ServerBootstrap - Unknown channel option 'SO_KEEPALIVE' for channel '[id: 0xfa12bb54]'
19:27:53.445 [Thread-3] WARN io.netty.bootstrap.ServerBootstrap - Unknown channel option 'SO_KEEPALIVE' for channel '[id: 0xebd09638]'
19:27:53.445 [Thread-0] WARN io.netty.bootstrap.ServerBootstrap - Unknown channel option 'SO_KEEPALIVE' for channel '[id: 0x513f6409]'
19:27:53.446 [Thread-3] WARN io.netty.bootstrap.ServerBootstrap - Unknown channel option 'TCP_NODELAY' for channel '[id: 0xebd09638]'
19:27:53.446 [Thread-2] WARN io.netty.bootstrap.ServerBootstrap - Unknown channel option 'TCP_NODELAY' for channel '[id: 0x2f02a9d9]'
19:27:53.446 [Thread-3] WARN io.netty.bootstrap.ServerBootstrap - Unknown channel option 'SO_SNDBUF' for channel '[id: 0xebd09638]'
19:27:53.446 [Thread-1] WARN io.netty.bootstrap.ServerBootstrap - Unknown channel option 'TCP_NODELAY' for channel '[id: 0xfa12bb54]'
19:27:53.446 [Thread-0] WARN io.netty.bootstrap.ServerBootstrap - Unknown channel option 'TCP_NODELAY' for channel '[id: 0x513f6409]'
19:27:53.446 [Thread-2] WARN io.netty.bootstrap.ServerBootstrap - Unknown channel option 'SO_SNDBUF' for channel '[id: 0x2f02a9d9]'
19:27:53.446 [Thread-1] WARN io.netty.bootstrap.ServerBootstrap - Unknown channel option 'SO_SNDBUF' for channel '[id: 0xfa12bb54]'
19:27:53.446 [Thread-0] WARN io.netty.bootstrap.ServerBootstrap - Unknown channel option 'SO_SNDBUF' for channel '[id: 0x513f6409]'
[V2VProxy 0] *** STOPPING at intersection! ***
[V2VProxy 0] Distance=30.6579m, t=6.5
[V2VProxy 0] triggerJoinViaJNI() called at t=6.5
[V2VProxy 0] FAILED: Server Status = 'Initializing' (expected 'READY') at t=6.5
[V2VProxy 0] Failed to trigger JOIN, will retry...
[V2VProxy 1] *** STOPPING at intersection! ***
[V2VProxy 1] Distance=40.134m, t=6.5
[V2VProxy 1] triggerJoinViaJNI() called at t=6.5
[V2VProxy 1] FAILED: Server Status = 'Initializing' (expected 'READY') at t=6.5
[V2VProxy 1] Failed to trigger JOIN, will retry...
[V2VProxy 2] *** STOPPING at intersection! ***
[V2VProxy 2] Distance=42.8546m, t=6.5
[V2VProxy 2] triggerJoinViaJNI() called at t=6.5
[V2VProxy 2] FAILED: Server Status = 'Initializing' (expected 'READY') at t=6.5
[V2VProxy 2] Failed to trigger JOIN, will retry...
[V2VProxy 3] *** STOPPING at intersection! ***
[V2VProxy 3] Distance=30.0625m, t=6.5
[V2VProxy 3] triggerJoinViaJNI() called at t=6.5
[V2VProxy 3] FAILED: Server Status = 'Initializing' (expected 'READY') at t=6.5
[V2VProxy 3] Failed to trigger JOIN, will retry...
19:27:53.472 [Thread-2] INFO bftsmart.communication.client.netty.NettyClientServerCommunicationSystemServerSide - ID = 2
19:27:53.472 [Thread-2] INFO bftsmart.communication.client.netty.NettyClientServerCommunicationSystemServerSide - N = 4
19:27:53.472 [Thread-0] INFO bftsmart.communication.client.netty.NettyClientServerCommunicationSystemServerSide - ID = 0
19:27:53.472 [Thread-1] INFO bftsmart.communication.client.netty.NettyClientServerCommunicationSystemServerSide - ID = 1
19:27:53.472 [Thread-0] INFO bftsmart.communication.client.netty.NettyClientServerCommunicationSystemServerSide - N = 4
19:27:53.472 [Thread-1] INFO bftsmart.communication.client.netty.NettyClientServerCommunicationSystemServerSide - N = 4
19:27:53.472 [Thread-3] INFO bftsmart.communication.client.netty.NettyClientServerCommunicationSystemServerSide - ID = 3
19:27:53.472 [Thread-2] INFO bftsmart.communication.client.netty.NettyClientServerCommunicationSystemServerSide - F = 1
19:27:53.472 [Thread-2] INFO bftsmart.communication.client.netty.NettyClientServerCommunicationSystemServerSide - Port (client <-> server) = 11020
19:27:53.472 [Thread-0] INFO bftsmart.communication.client.netty.NettyClientServerCommunicationSystemServerSide - F = 1
19:27:53.472 [Thread-2] INFO bftsmart.communication.client.netty.NettyClientServerCommunicationSystemServerSide - Port (server <-> server) = 11021
19:27:53.472 [Thread-2] INFO bftsmart.communication.client.netty.NettyClientServerCommunicationSystemServerSide - requestTimeout = 100000
19:27:53.472 [Thread-1] INFO bftsmart.communication.client.netty.NettyClientServerCommunicationSystemServerSide - F = 1
19:27:53.472 [Thread-0] INFO bftsmart.communication.client.netty.NettyClientServerCommunicationSystemServerSide - Port (client <-> server) = 11000
19:27:53.472 [Thread-0] INFO bftsmart.communication.client.netty.NettyClientServerCommunicationSystemServerSide - Port (server <-> server) = 11001
19:27:53.472 [Thread-3] INFO bftsmart.communication.client.netty.NettyClientServerCommunicationSystemServerSide - N = 4
19:27:53.472 [Thread-1] INFO bftsmart.communication.client.netty.NettyClientServerCommunicationSystemServerSide - Port (client <-> server) = 11010
19:27:53.472 [Thread-1] INFO bftsmart.communication.client.netty.NettyClientServerCommunicationSystemServerSide - Port (server <-> server) = 11011
19:27:53.472 [Thread-2] INFO bftsmart.communication.client.netty.NettyClientServerCommunicationSystemServerSide - maxBatch = 4
19:27:53.473 [Thread-1] INFO bftsmart.communication.client.netty.NettyClientServerCommunicationSystemServerSide - requestTimeout = 100000
19:27:53.472 [Thread-0] INFO bftsmart.communication.client.netty.NettyClientServerCommunicationSystemServerSide - requestTimeout = 100000
19:27:53.473 [Thread-0] INFO bftsmart.communication.client.netty.NettyClientServerCommunicationSystemServerSide - maxBatch = 4
19:27:53.472 [Thread-3] INFO bftsmart.communication.client.netty.NettyClientServerCommunicationSystemServerSide - F = 1
19:27:53.473 [Thread-0] INFO bftsmart.communication.client.netty.NettyClientServerCommunicationSystemServerSide - Binded replica to IP address 127.0.0.1
19:27:53.473 [Thread-0] INFO bftsmart.communication.client.netty.NettyClientServerCommunicationSystemServerSide - Optimizations:  Read-only Requests: disabled
19:27:53.473 [Thread-2] INFO bftsmart.communication.client.netty.NettyClientServerCommunicationSystemServerSide - Binded replica to IP address 127.0.0.1
19:27:53.473 [Thread-0] INFO bftsmart.communication.client.netty.NettyClientServerCommunicationSystemServerSide - SSL/TLS enabled, protocol version: TLSv1.2
19:27:53.473 [Thread-1] INFO bftsmart.communication.client.netty.NettyClientServerCommunicationSystemServerSide - maxBatch = 4
19:27:53.473 [Thread-3] INFO bftsmart.communication.client.netty.NettyClientServerCommunicationSystemServerSide - Port (client <-> server) = 11030
19:27:53.473 [Thread-0] INFO bftsmart.tom.ServiceReplica - In current view: ID:0; F:1; Processes:0(/127.0.0.1:11000),1(/127.0.0.1:11010),2(/127.0.0.1:11020),3(/127.0.0.1:11030),
19:27:53.473 [Thread-3] INFO bftsmart.communication.client.netty.NettyClientServerCommunicationSystemServerSide - Port (server <-> server) = 11031
19:27:53.473 [Thread-2] INFO bftsmart.communication.client.netty.NettyClientServerCommunicationSystemServerSide - Optimizations:  Read-only Requests: disabled
19:27:53.473 [Thread-1] INFO bftsmart.communication.client.netty.NettyClientServerCommunicationSystemServerSide - Binded replica to IP address 127.0.0.1
19:27:53.473 [Thread-3] INFO bftsmart.communication.client.netty.NettyClientServerCommunicationSystemServerSide - requestTimeout = 100000
19:27:53.473 [Thread-3] INFO bftsmart.communication.client.netty.NettyClientServerCommunicationSystemServerSide - maxBatch = 4
19:27:53.473 [Thread-2] INFO bftsmart.communication.client.netty.NettyClientServerCommunicationSystemServerSide - SSL/TLS enabled, protocol version: TLSv1.2
19:27:53.473 [Thread-1] INFO bftsmart.communication.client.netty.NettyClientServerCommunicationSystemServerSide - Optimizations:  Read-only Requests: disabled
19:27:53.473 [Thread-2] INFO bftsmart.tom.ServiceReplica - In current view: ID:0; F:1; Processes:0(/127.0.0.1:11000),1(/127.0.0.1:11010),2(/127.0.0.1:11020),3(/127.0.0.1:11030),
19:27:53.473 [Thread-3] INFO bftsmart.communication.client.netty.NettyClientServerCommunicationSystemServerSide - Binded replica to IP address 127.0.0.1
19:27:53.473 [Thread-1] INFO bftsmart.communication.client.netty.NettyClientServerCommunicationSystemServerSide - SSL/TLS enabled, protocol version: TLSv1.2
19:27:53.473 [Thread-3] INFO bftsmart.communication.client.netty.NettyClientServerCommunicationSystemServerSide - Optimizations:  Read-only Requests: disabled
19:27:53.473 [Thread-3] INFO bftsmart.communication.client.netty.NettyClientServerCommunicationSystemServerSide - SSL/TLS enabled, protocol version: TLSv1.2
19:27:53.473 [Thread-1] INFO bftsmart.tom.ServiceReplica - In current view: ID:0; F:1; Processes:0(/127.0.0.1:11000),1(/127.0.0.1:11010),2(/127.0.0.1:11020),3(/127.0.0.1:11030),
19:27:53.473 [Thread-3] INFO bftsmart.tom.ServiceReplica - In current view: ID:0; F:1; Processes:0(/127.0.0.1:11000),1(/127.0.0.1:11010),2(/127.0.0.1:11020),3(/127.0.0.1:11030),
19:27:53.502 [Delivery Thread] WARN bftsmart.tom.core.DeliveryThread - ***********************************************************
19:27:53.502 [Delivery Thread] WARN bftsmart.tom.core.DeliveryThread - V2V MODE: Skipping state retrieval (fresh start assumed)
19:27:53.502 [Delivery Thread] WARN bftsmart.tom.core.DeliveryThread - State sync would fail due to V2V collisions during init
19:27:53.502 [Delivery Thread] WARN bftsmart.tom.core.DeliveryThread - ***********************************************************
19:27:53.502 [Delivery Thread] INFO bftsmart.tom.core.DeliveryThread - 
		###################################
		    Ready to process operations    
		###################################
19:27:53.502 [Delivery Thread] WARN bftsmart.tom.core.DeliveryThread - ***********************************************************
19:27:53.502 [Delivery Thread] WARN bftsmart.tom.core.DeliveryThread - V2V MODE: Skipping state retrieval (fresh start assumed)
19:27:53.503 [Delivery Thread] WARN bftsmart.tom.core.DeliveryThread - State sync would fail due to V2V collisions during init
19:27:53.503 [Delivery Thread] WARN bftsmart.tom.core.DeliveryThread - ***********************************************************
19:27:53.503 [Delivery Thread] INFO bftsmart.tom.core.DeliveryThread - 
		###################################
		    Ready to process operations    
		###################################
19:27:53.503 [Delivery Thread] WARN bftsmart.tom.core.DeliveryThread - ***********************************************************
19:27:53.503 [Delivery Thread] WARN bftsmart.tom.core.DeliveryThread - V2V MODE: Skipping state retrieval (fresh start assumed)
19:27:53.503 [Delivery Thread] WARN bftsmart.tom.core.DeliveryThread - State sync would fail due to V2V collisions during init
19:27:53.503 [Delivery Thread] WARN bftsmart.tom.core.DeliveryThread - ***********************************************************
19:27:53.503 [Delivery Thread] INFO bftsmart.tom.core.DeliveryThread - 
		###################################
		    Ready to process operations    
		###################################
19:27:53.503 [Delivery Thread] WARN bftsmart.tom.core.DeliveryThread - ***********************************************************
19:27:53.503 [Delivery Thread] WARN bftsmart.tom.core.DeliveryThread - V2V MODE: Skipping state retrieval (fresh start assumed)
19:27:53.503 [Delivery Thread] WARN bftsmart.tom.core.DeliveryThread - State sync would fail due to V2V collisions during init
19:27:53.503 [Delivery Thread] WARN bftsmart.tom.core.DeliveryThread - ***********************************************************
19:27:53.503 [Delivery Thread] INFO bftsmart.tom.core.DeliveryThread - 
		###################################
		    Ready to process operations    
		###################################
19:27:53.507 [TOM Layer] DEBUG bftsmart.tom.core.TOMLayer - Running.
19:27:53.507 [TOM Layer] DEBUG bftsmart.tom.core.TOMLayer - Next leader for CID=0: 0
19:27:53.507 [TOM Layer] DEBUG bftsmart.tom.core.TOMLayer - Running.
19:27:53.507 [TOM Layer] DEBUG bftsmart.tom.core.TOMLayer - I'm the leader.
19:27:53.507 [TOM Layer] DEBUG bftsmart.tom.core.TOMLayer - Next leader for CID=0: 0
19:27:53.507 [TOM Layer] DEBUG bftsmart.tom.core.TOMLayer - Waiting for enough requests
19:27:53.507 [TOM Layer] DEBUG bftsmart.tom.core.TOMLayer - Running.
19:27:53.507 [TOM Layer] DEBUG bftsmart.tom.core.TOMLayer - Next leader for CID=0: 0
19:27:53.508 [TOM Layer] DEBUG bftsmart.tom.core.TOMLayer - Running.
19:27:53.508 [TOM Layer] DEBUG bftsmart.tom.core.TOMLayer - Next leader for CID=0: 0
[STATE] Snapshot taken. Buffer size: 0, Batch processed: false
[STATE] Snapshot taken. Buffer size: 0, Batch processed: false
19:27:53.512 [Thread-1] WARN bftsmart.statemanagement.standard.StandardStateManager - ***********************************************************
19:27:53.512 [Thread-0] WARN bftsmart.statemanagement.standard.StandardStateManager - ***********************************************************
19:27:53.512 [Thread-1] WARN bftsmart.statemanagement.standard.StandardStateManager - V2V MODE: Skipping initial CID sync (fresh start assumed)
19:27:53.512 [Thread-0] WARN bftsmart.statemanagement.standard.StandardStateManager - V2V MODE: Skipping initial CID sync (fresh start assumed)
19:27:53.512 [Thread-1] WARN bftsmart.statemanagement.standard.StandardStateManager - V2V collisions prevent reliable quorum during init
19:27:53.512 [Thread-0] WARN bftsmart.statemanagement.standard.StandardStateManager - V2V collisions prevent reliable quorum during init
19:27:53.512 [Thread-1] WARN bftsmart.statemanagement.standard.StandardStateManager - ***********************************************************
19:27:53.512 [Thread-0] WARN bftsmart.statemanagement.standard.StandardStateManager - ***********************************************************
19:27:53.512 [Delivery Thread] DEBUG bftsmart.tom.core.DeliveryThread - Current size of the decided queue: 0
19:27:53.512 [Delivery Thread] DEBUG bftsmart.tom.core.DeliveryThread - Current size of the decided queue: 0
19:27:53.512 [Thread-1] DEBUG bftsmart.tom.core.TOMLayer - Setting last exec to -1
19:27:53.512 [Thread-0] DEBUG bftsmart.tom.core.TOMLayer - Setting last exec to -1
[Server 1] DEBUG: *** ServiceReplica constructor returned! ***
[Server 0] DEBUG: *** ServiceReplica constructor returned! ***
[Server 1] DEBUG: Replica object = bftsmart.tom.ServiceReplica@3a2ffd41
[Server 1] DEBUG: *** ServiceReplica constructor RETURNED! ***
[Server 1] DEBUG: About to register in readyServers map...
[Server 0] DEBUG: Replica object = bftsmart.tom.ServiceReplica@7f182e52
[Server 0] DEBUG: *** ServiceReplica constructor RETURNED! ***
[Server 0] DEBUG: About to register in readyServers map...
[IntersectionServer 0] ========================================
[IntersectionServer 0] *** REGISTERED as Ready! ***
[IntersectionServer 0] *** Waiting for OMNeT++ trigger. ***
[IntersectionServer 1] ========================================
[IntersectionServer 1] *** REGISTERED as Ready! ***
[IntersectionServer 1] *** Waiting for OMNeT++ trigger. ***
[IntersectionServer 1] ========================================
[STATE] Snapshot taken. Buffer size: 0, Batch processed: false
[ServerRunner 1] TCP server ready (1/4 TCP servers ready)
[IntersectionServer 0] ========================================
[ServerRunner 0] TCP server ready (2/4 TCP servers ready)
19:27:53.513 [Thread-2] WARN bftsmart.statemanagement.standard.StandardStateManager - ***********************************************************
19:27:53.513 [Thread-2] WARN bftsmart.statemanagement.standard.StandardStateManager - V2V MODE: Skipping initial CID sync (fresh start assumed)
19:27:53.513 [Thread-2] WARN bftsmart.statemanagement.standard.StandardStateManager - V2V collisions prevent reliable quorum during init
19:27:53.513 [Thread-2] WARN bftsmart.statemanagement.standard.StandardStateManager - ***********************************************************
19:27:53.513 [Delivery Thread] DEBUG bftsmart.tom.core.DeliveryThread - Current size of the decided queue: 0
[STATE] Snapshot taken. Buffer size: 0, Batch processed: false
19:27:53.513 [Thread-2] DEBUG bftsmart.tom.core.TOMLayer - Setting last exec to -1
19:27:53.513 [Thread-3] WARN bftsmart.statemanagement.standard.StandardStateManager - ***********************************************************
[Server 2] DEBUG: *** ServiceReplica constructor returned! ***
[Server 2] DEBUG: Replica object = bftsmart.tom.ServiceReplica@7d4a6e12
19:27:53.513 [Thread-3] WARN bftsmart.statemanagement.standard.StandardStateManager - V2V MODE: Skipping initial CID sync (fresh start assumed)
[Server 2] DEBUG: *** ServiceReplica constructor RETURNED! ***
19:27:53.513 [Thread-3] WARN bftsmart.statemanagement.standard.StandardStateManager - V2V collisions prevent reliable quorum during init
[Server 2] DEBUG: About to register in readyServers map...
[IntersectionServer 2] ========================================
[IntersectionServer 2] *** REGISTERED as Ready! ***
[IntersectionServer 2] *** Waiting for OMNeT++ trigger. ***
[IntersectionServer 2] ========================================
[ServerRunner 2] TCP server ready (3/4 TCP servers ready)
19:27:53.514 [Thread-3] WARN bftsmart.statemanagement.standard.StandardStateManager - ***********************************************************
19:27:53.514 [Delivery Thread] DEBUG bftsmart.tom.core.DeliveryThread - Current size of the decided queue: 0
19:27:53.514 [Thread-3] DEBUG bftsmart.tom.core.TOMLayer - Setting last exec to -1
[Server 3] DEBUG: *** ServiceReplica constructor returned! ***
[Server 3] DEBUG: Replica object = bftsmart.tom.ServiceReplica@f22c401
[Server 3] DEBUG: *** ServiceReplica constructor RETURNED! ***
[Server 3] DEBUG: About to register in readyServers map...
[IntersectionServer 3] ========================================
[IntersectionServer 3] *** REGISTERED as Ready! ***
[IntersectionServer 3] *** Waiting for OMNeT++ trigger. ***
[IntersectionServer 3] ========================================
[ServerRunner 3] TCP server ready (4/4 TCP servers ready)
[ServerRunner 3] All 4 TCP servers confirmed ready!
[ServerRunner 1] All 4 TCP servers confirmed ready!
[ServerRunner 2] All 4 TCP servers confirmed ready!
[ServerRunner 2] ========================================
[ServerRunner 1] ========================================
[ServerRunner 0] All 4 TCP servers confirmed ready!
[ServerRunner 0] ========================================
[ServerRunner 0] *** REPLICA IS NOW READY ***
[ServerRunner 3] ========================================
[ServerRunner 3] *** REPLICA IS NOW READY ***
[ServerRunner 3] *** Time: 1769570873515 ms
[ServerRunner 0] *** Time: 1769570873515 ms
[ServerRunner 0] ========================================
[ServerRunner 1] *** REPLICA IS NOW READY ***
[ServerRunner 1] *** Time: 1769570873516 ms
[ServerRunner 1] ========================================
[ServerRunner 2] *** REPLICA IS NOW READY ***
[ServerRunner 3] ========================================
[ServerRunner 2] *** Time: 1769570873518 ms
[ServerRunner 2] ========================================
[V2VProxy 0] *** STOPPING at intersection! ***
[V2VProxy 0] Distance=31.8941m, t=6.6
[V2VProxy 0] triggerJoinViaJNI() called at t=6.6
[V2VProxy 0] Barrier: 4/4 runners ready
[V2VProxy 0] PASSED: Server Status = 'READY'
[V2VProxy 0] PASSED: isReplicaReady() = true
[IntersectionServer 0] triggerJoin() called by OMNeT++
[V2VProxy 0] SUCCESS: Triggered Join at t=6.6
[V2VProxy 0] Consensus Timer STARTED at 6.6
[V2VProxy 0] Consensus timeout set for 40s
[V2VProxy 1] *** STOPPING at intersection! ***
[V2VProxy 1] Distance=38.7391m, t=6.6
[V2VProxy 1] triggerJoinViaJNI() called at t=6.6
[V2VProxy 1] PASSED: Server Status = 'READY'
[V2VProxy 1] PASSED: isReplicaReady() = true
[IntersectionServer 1] triggerJoin() called by OMNeT++
[V2VProxy 1] SUCCESS: Triggered Join at t=6.6
[V2VProxy 1] Consensus Timer STARTED at 6.6
[V2VProxy 1] Consensus timeout set for 40s
[V2VProxy 2] *** STOPPING at intersection! ***
[V2VProxy 2] Distance=42.1085m, t=6.6
[V2VProxy 2] triggerJoinViaJNI() called at t=6.6
[V2VProxy 2] PASSED: Server Status = 'READY'
[V2VProxy 2] PASSED: isReplicaReady() = true
[IntersectionServer 2] triggerJoin() called by OMNeT++
[V2VProxy 2] SUCCESS: Triggered Join at t=6.6
[V2VProxy 2] Consensus Timer STARTED at 6.6
[V2VProxy 2] Consensus timeout set for 40s
[V2VProxy 3] *** STOPPING at intersection! ***
[V2VProxy 3] Distance=30.4784m, t=6.6
[V2VProxy 3] triggerJoinViaJNI() called at t=6.6
[V2VProxy 3] PASSED: Server Status = 'READY'
[V2VProxy 3] PASSED: isReplicaReady() = true
[IntersectionServer 3] triggerJoin() called by OMNeT++
[V2VProxy 3] SUCCESS: Triggered Join at t=6.6
[V2VProxy 3] Consensus Timer STARTED at 6.6
[V2VProxy 3] Consensus timeout set for 40s
19:27:53.677 [Thread-37] DEBUG bftsmart.communication.client.netty.NettyClientServerCommunicationSystemClientSide - ClientID 1001, connecting to replica 0, at address: /127.0.0.1:11000
19:27:53.677 [Thread-36] DEBUG bftsmart.communication.client.netty.NettyClientServerCommunicationSystemClientSide - ClientID 1000, connecting to replica 0, at address: /127.0.0.1:11000
19:27:53.677 [Thread-39] DEBUG bftsmart.communication.client.netty.NettyClientServerCommunicationSystemClientSide - ClientID 1003, connecting to replica 0, at address: /127.0.0.1:11000
19:27:53.678 [Thread-38] DEBUG bftsmart.communication.client.netty.NettyClientServerCommunicationSystemClientSide - ClientID 1002, connecting to replica 0, at address: /127.0.0.1:11000
19:27:53.680 [nioEventLoopGroup-11-1] DEBUG bftsmart.communication.client.netty.NettyTOMMessageDecoder - new NettyTOMMessageDecoder!!, isClient=true
19:27:53.680 [nioEventLoopGroup-13-1] DEBUG bftsmart.communication.client.netty.NettyTOMMessageDecoder - new NettyTOMMessageDecoder!!, isClient=true
19:27:53.680 [nioEventLoopGroup-10-1] DEBUG bftsmart.communication.client.netty.NettyTOMMessageDecoder - new NettyTOMMessageDecoder!!, isClient=true
19:27:53.680 [nioEventLoopGroup-12-1] DEBUG bftsmart.communication.client.netty.NettyTOMMessageDecoder - new NettyTOMMessageDecoder!!, isClient=true
19:27:53.698 [nioEventLoopGroup-12-1] DEBUG bftsmart.communication.client.netty.NettyClientServerCommunicationSystemClientSide - Channel active
19:27:53.698 [nioEventLoopGroup-11-1] DEBUG bftsmart.communication.client.netty.NettyClientServerCommunicationSystemClientSide - Channel active
19:27:53.698 [nioEventLoopGroup-13-1] DEBUG bftsmart.communication.client.netty.NettyClientServerCommunicationSystemClientSide - Channel active
19:27:53.698 [nioEventLoopGroup-10-1] DEBUG bftsmart.communication.client.netty.NettyClientServerCommunicationSystemClientSide - Channel active
19:27:53.701 [nioEventLoopGroup-8-1] DEBUG bftsmart.communication.client.netty.NettyTOMMessageDecoder - new NettyTOMMessageDecoder!!, isClient=false
19:27:53.702 [nioEventLoopGroup-8-1] INFO bftsmart.communication.client.netty.NettyClientServerCommunicationSystemServerSide - Session Created, active clients=0
19:27:53.705 [nioEventLoopGroup-8-2] DEBUG bftsmart.communication.client.netty.NettyTOMMessageDecoder - new NettyTOMMessageDecoder!!, isClient=false
19:27:53.705 [Thread-37] DEBUG bftsmart.communication.client.netty.NettyClientServerCommunicationSystemClientSide - ClientID 1001, connecting to replica 1, at address: /127.0.0.1:11010
19:27:53.706 [Thread-38] DEBUG bftsmart.communication.client.netty.NettyClientServerCommunicationSystemClientSide - ClientID 1002, connecting to replica 1, at address: /127.0.0.1:11010
19:27:53.706 [Thread-39] DEBUG bftsmart.communication.client.netty.NettyClientServerCommunicationSystemClientSide - ClientID 1003, connecting to replica 1, at address: /127.0.0.1:11010
19:27:53.706 [nioEventLoopGroup-8-2] INFO bftsmart.communication.client.netty.NettyClientServerCommunicationSystemServerSide - Session Created, active clients=0
19:27:53.707 [nioEventLoopGroup-13-2] DEBUG bftsmart.communication.client.netty.NettyTOMMessageDecoder - new NettyTOMMessageDecoder!!, isClient=true
19:27:53.707 [Thread-36] DEBUG bftsmart.communication.client.netty.NettyClientServerCommunicationSystemClientSide - ClientID 1000, connecting to replica 1, at address: /127.0.0.1:11010
19:27:53.708 [nioEventLoopGroup-12-2] DEBUG bftsmart.communication.client.netty.NettyTOMMessageDecoder - new NettyTOMMessageDecoder!!, isClient=true
19:27:53.707 [nioEventLoopGroup-11-2] DEBUG bftsmart.communication.client.netty.NettyTOMMessageDecoder - new NettyTOMMessageDecoder!!, isClient=true
19:27:53.709 [nioEventLoopGroup-8-4] DEBUG bftsmart.communication.client.netty.NettyTOMMessageDecoder - new NettyTOMMessageDecoder!!, isClient=false
19:27:53.708 [nioEventLoopGroup-8-3] DEBUG bftsmart.communication.client.netty.NettyTOMMessageDecoder - new NettyTOMMessageDecoder!!, isClient=false
19:27:53.708 [nioEventLoopGroup-10-2] DEBUG bftsmart.communication.client.netty.NettyTOMMessageDecoder - new NettyTOMMessageDecoder!!, isClient=true
19:27:53.714 [nioEventLoopGroup-10-2] DEBUG bftsmart.communication.client.netty.NettyClientServerCommunicationSystemClientSide - Channel active
19:27:53.714 [nioEventLoopGroup-13-2] DEBUG bftsmart.communication.client.netty.NettyClientServerCommunicationSystemClientSide - Channel active
19:27:53.714 [nioEventLoopGroup-8-3] INFO bftsmart.communication.client.netty.NettyClientServerCommunicationSystemServerSide - Session Created, active clients=0
19:27:53.714 [nioEventLoopGroup-12-2] DEBUG bftsmart.communication.client.netty.NettyClientServerCommunicationSystemClientSide - Channel active
19:27:53.713 [nioEventLoopGroup-8-4] INFO bftsmart.communication.client.netty.NettyClientServerCommunicationSystemServerSide - Session Created, active clients=0
19:27:53.717 [nioEventLoopGroup-11-2] DEBUG bftsmart.communication.client.netty.NettyClientServerCommunicationSystemClientSide - Channel active
19:27:53.718 [nioEventLoopGroup-6-1] DEBUG bftsmart.communication.client.netty.NettyTOMMessageDecoder - new NettyTOMMessageDecoder!!, isClient=false
19:27:53.718 [Thread-36] DEBUG bftsmart.communication.client.netty.NettyClientServerCommunicationSystemClientSide - ClientID 1000, connecting to replica 2, at address: /127.0.0.1:11020
19:27:53.719 [nioEventLoopGroup-10-3] DEBUG bftsmart.communication.client.netty.NettyTOMMessageDecoder - new NettyTOMMessageDecoder!!, isClient=true
19:27:53.719 [nioEventLoopGroup-6-2] DEBUG bftsmart.communication.client.netty.NettyTOMMessageDecoder - new NettyTOMMessageDecoder!!, isClient=false
19:27:53.720 [nioEventLoopGroup-6-1] INFO bftsmart.communication.client.netty.NettyClientServerCommunicationSystemServerSide - Session Created, active clients=0
19:27:53.722 [nioEventLoopGroup-6-2] INFO bftsmart.communication.client.netty.NettyClientServerCommunicationSystemServerSide - Session Created, active clients=0
19:27:53.722 [nioEventLoopGroup-6-3] DEBUG bftsmart.communication.client.netty.NettyTOMMessageDecoder - new NettyTOMMessageDecoder!!, isClient=false
19:27:53.724 [Thread-37] DEBUG bftsmart.communication.client.netty.NettyClientServerCommunicationSystemClientSide - ClientID 1001, connecting to replica 2, at address: /127.0.0.1:11020
19:27:53.724 [nioEventLoopGroup-6-4] DEBUG bftsmart.communication.client.netty.NettyTOMMessageDecoder - new NettyTOMMessageDecoder!!, isClient=false
19:27:53.725 [nioEventLoopGroup-13-3] DEBUG bftsmart.communication.client.netty.NettyTOMMessageDecoder - new NettyTOMMessageDecoder!!, isClient=true
19:27:53.725 [nioEventLoopGroup-10-3] DEBUG bftsmart.communication.client.netty.NettyClientServerCommunicationSystemClientSide - Channel active
19:27:53.725 [Thread-39] DEBUG bftsmart.communication.client.netty.NettyClientServerCommunicationSystemClientSide - ClientID 1003, connecting to replica 2, at address: /127.0.0.1:11020
19:27:53.726 [nioEventLoopGroup-6-3] INFO bftsmart.communication.client.netty.NettyClientServerCommunicationSystemServerSide - Session Created, active clients=0
19:27:53.726 [nioEventLoopGroup-6-4] INFO bftsmart.communication.client.netty.NettyClientServerCommunicationSystemServerSide - Session Created, active clients=0
19:27:53.726 [Thread-38] DEBUG bftsmart.communication.client.netty.NettyClientServerCommunicationSystemClientSide - ClientID 1002, connecting to replica 2, at address: /127.0.0.1:11020
19:27:53.726 [nioEventLoopGroup-12-3] DEBUG bftsmart.communication.client.netty.NettyTOMMessageDecoder - new NettyTOMMessageDecoder!!, isClient=true
19:27:53.727 [Thread-36] DEBUG bftsmart.communication.client.netty.NettyClientServerCommunicationSystemClientSide - ClientID 1000, connecting to replica 3, at address: /127.0.0.1:11030
19:27:53.728 [nioEventLoopGroup-11-3] DEBUG bftsmart.communication.client.netty.NettyTOMMessageDecoder - new NettyTOMMessageDecoder!!, isClient=true
19:27:53.728 [nioEventLoopGroup-10-4] DEBUG bftsmart.communication.client.netty.NettyTOMMessageDecoder - new NettyTOMMessageDecoder!!, isClient=true
19:27:53.729 [nioEventLoopGroup-9-1] DEBUG bftsmart.communication.client.netty.NettyTOMMessageDecoder - new NettyTOMMessageDecoder!!, isClient=false
19:27:53.729 [nioEventLoopGroup-12-3] DEBUG bftsmart.communication.client.netty.NettyClientServerCommunicationSystemClientSide - Channel active
19:27:53.732 [nioEventLoopGroup-13-3] DEBUG bftsmart.communication.client.netty.NettyClientServerCommunicationSystemClientSide - Channel active
19:27:53.732 [nioEventLoopGroup-11-3] DEBUG bftsmart.communication.client.netty.NettyClientServerCommunicationSystemClientSide - Channel active
19:27:53.733 [nioEventLoopGroup-10-4] DEBUG bftsmart.communication.client.netty.NettyClientServerCommunicationSystemClientSide - Channel active
19:27:53.734 [nioEventLoopGroup-9-1] INFO bftsmart.communication.client.netty.NettyClientServerCommunicationSystemServerSide - Session Created, active clients=0
19:27:53.735 [nioEventLoopGroup-7-1] DEBUG bftsmart.communication.client.netty.NettyTOMMessageDecoder - new NettyTOMMessageDecoder!!, isClient=false
19:27:53.734 [nioEventLoopGroup-9-2] DEBUG bftsmart.communication.client.netty.NettyTOMMessageDecoder - new NettyTOMMessageDecoder!!, isClient=false
19:27:53.735 [Thread-38] DEBUG bftsmart.communication.client.netty.NettyClientServerCommunicationSystemClientSide - ClientID 1002, connecting to replica 3, at address: /127.0.0.1:11030
19:27:53.736 [nioEventLoopGroup-9-4] DEBUG bftsmart.communication.client.netty.NettyTOMMessageDecoder - new NettyTOMMessageDecoder!!, isClient=false
19:27:53.736 [nioEventLoopGroup-9-3] DEBUG bftsmart.communication.client.netty.NettyTOMMessageDecoder - new NettyTOMMessageDecoder!!, isClient=false
19:27:53.736 [nioEventLoopGroup-11-4] DEBUG bftsmart.communication.client.netty.NettyTOMMessageDecoder - new NettyTOMMessageDecoder!!, isClient=true
19:27:53.736 [Thread-37] DEBUG bftsmart.communication.client.netty.NettyClientServerCommunicationSystemClientSide - ClientID 1001, connecting to replica 3, at address: /127.0.0.1:11030
19:27:53.737 [nioEventLoopGroup-9-4] INFO bftsmart.communication.client.netty.NettyClientServerCommunicationSystemServerSide - Session Created, active clients=0
19:27:53.737 [nioEventLoopGroup-9-2] INFO bftsmart.communication.client.netty.NettyClientServerCommunicationSystemServerSide - Session Created, active clients=0
19:27:53.738 [nioEventLoopGroup-12-4] DEBUG bftsmart.communication.client.netty.NettyTOMMessageDecoder - new NettyTOMMessageDecoder!!, isClient=true
19:27:53.741 [nioEventLoopGroup-13-4] DEBUG bftsmart.communication.client.netty.NettyTOMMessageDecoder - new NettyTOMMessageDecoder!!, isClient=true
19:27:53.740 [nioEventLoopGroup-9-3] INFO bftsmart.communication.client.netty.NettyClientServerCommunicationSystemServerSide - Session Created, active clients=0
19:27:53.739 [Thread-39] DEBUG bftsmart.communication.client.netty.NettyClientServerCommunicationSystemClientSide - ClientID 1003, connecting to replica 3, at address: /127.0.0.1:11030
19:27:53.739 [nioEventLoopGroup-7-1] INFO bftsmart.communication.client.netty.NettyClientServerCommunicationSystemServerSide - Session Created, active clients=0
19:27:53.743 [nioEventLoopGroup-11-4] DEBUG bftsmart.communication.client.netty.NettyClientServerCommunicationSystemClientSide - Channel active
19:27:53.744 [nioEventLoopGroup-7-2] DEBUG bftsmart.communication.client.netty.NettyTOMMessageDecoder - new NettyTOMMessageDecoder!!, isClient=false
19:27:53.745 [Thread-36] DEBUG bftsmart.proxy - Sending request (ORDERED_REQUEST) with seqId = 0
19:27:53.745 [Thread-38] DEBUG bftsmart.proxy - Sending request (ORDERED_REQUEST) with seqId = 0
19:27:53.746 [nioEventLoopGroup-7-2] INFO bftsmart.communication.client.netty.NettyClientServerCommunicationSystemServerSide - Session Created, active clients=0
19:27:53.747 [Thread-37] DEBUG bftsmart.proxy - Sending request (ORDERED_REQUEST) with seqId = 0
19:27:53.747 [nioEventLoopGroup-13-4] DEBUG bftsmart.communication.client.netty.NettyClientServerCommunicationSystemClientSide - Channel active
19:27:53.747 [nioEventLoopGroup-12-4] DEBUG bftsmart.communication.client.netty.NettyClientServerCommunicationSystemClientSide - Channel active
19:27:53.747 [Thread-39] DEBUG bftsmart.proxy - Sending request (ORDERED_REQUEST) with seqId = 0
19:27:53.749 [nioEventLoopGroup-7-3] DEBUG bftsmart.communication.client.netty.NettyTOMMessageDecoder - new NettyTOMMessageDecoder!!, isClient=false
19:27:53.749 [nioEventLoopGroup-7-3] INFO bftsmart.communication.client.netty.NettyClientServerCommunicationSystemServerSide - Session Created, active clients=0
19:27:53.750 [nioEventLoopGroup-7-4] DEBUG bftsmart.communication.client.netty.NettyTOMMessageDecoder - new NettyTOMMessageDecoder!!, isClient=false
19:27:53.751 [nioEventLoopGroup-7-4] INFO bftsmart.communication.client.netty.NettyClientServerCommunicationSystemServerSide - Session Created, active clients=0
19:27:53.753 [Thread-36] DEBUG bftsmart.communication.client.netty.NettyClientServerCommunicationSystemClientSide - All channel operations completed or timed out
19:27:53.753 [Thread-39] DEBUG bftsmart.communication.client.netty.NettyClientServerCommunicationSystemClientSide - All channel operations completed or timed out
19:27:53.753 [Thread-38] DEBUG bftsmart.communication.client.netty.NettyClientServerCommunicationSystemClientSide - All channel operations completed or timed out
19:27:53.753 [Thread-36] DEBUG bftsmart.communication.client.netty.NettyClientServerCommunicationSystemClientSide - Sending request from 1000 with sequence number 0 to [3, 1, 0, 2]
19:27:53.753 [Thread-37] DEBUG bftsmart.communication.client.netty.NettyClientServerCommunicationSystemClientSide - All channel operations completed or timed out
19:27:53.754 [Thread-39] DEBUG bftsmart.communication.client.netty.NettyClientServerCommunicationSystemClientSide - Sending request from 1003 with sequence number 0 to [2, 0, 1, 3]
19:27:53.754 [Thread-38] DEBUG bftsmart.communication.client.netty.NettyClientServerCommunicationSystemClientSide - Sending request from 1002 with sequence number 0 to [0, 2, 3, 1]
19:27:53.754 [Thread-37] DEBUG bftsmart.communication.client.netty.NettyClientServerCommunicationSystemClientSide - Sending request from 1001 with sequence number 0 to [3, 1, 2, 0]
19:27:53.756 [Thread-38] DEBUG io.netty.util.Recycler - -Dio.netty.recycler.maxCapacityPerThread: 4096
19:27:53.757 [Thread-38] DEBUG io.netty.util.Recycler - -Dio.netty.recycler.maxSharedCapacityFactor: 2
19:27:53.757 [Thread-38] DEBUG io.netty.util.Recycler - -Dio.netty.recycler.linkCapacity: 16
19:27:53.757 [Thread-38] DEBUG io.netty.util.Recycler - -Dio.netty.recycler.ratio: 8
19:27:53.757 [Thread-38] DEBUG io.netty.util.Recycler - -Dio.netty.recycler.delayedQueue.ratio: 8
19:27:53.759 [Thread-39] DEBUG bftsmart.proxy - Expected number of matching replies: 2
19:27:53.759 [Thread-38] DEBUG bftsmart.proxy - Expected number of matching replies: 2
19:27:53.759 [Thread-36] DEBUG bftsmart.proxy - Expected number of matching replies: 2
19:27:53.760 [Thread-37] DEBUG bftsmart.proxy - Expected number of matching replies: 2
19:27:53.765 [nioEventLoopGroup-12-3] DEBUG io.netty.buffer.AbstractByteBuf - -Dio.netty.buffer.checkAccessible: true
19:27:53.765 [nioEventLoopGroup-12-3] DEBUG io.netty.buffer.AbstractByteBuf - -Dio.netty.buffer.checkBounds: true
19:27:53.766 [nioEventLoopGroup-12-3] DEBUG io.netty.util.ResourceLeakDetectorFactory - Loaded default ResourceLeakDetector: io.netty.util.ResourceLeakDetector@512e646e
19:27:53.824 [nioEventLoopGroup-12-1] DEBUG bftsmart.communication.client.netty.NettyClientServerCommunicationSystemClientSide - 1 channel operations remaining to complete
19:27:53.824 [nioEventLoopGroup-11-4] DEBUG bftsmart.communication.client.netty.NettyClientServerCommunicationSystemClientSide - 1 channel operations remaining to complete
19:27:53.824 [nioEventLoopGroup-13-4] DEBUG bftsmart.communication.client.netty.NettyClientServerCommunicationSystemClientSide - 1 channel operations remaining to complete
19:27:53.824 [nioEventLoopGroup-12-3] DEBUG bftsmart.communication.client.netty.NettyClientServerCommunicationSystemClientSide - 0 channel operations remaining to complete
19:27:53.824 [nioEventLoopGroup-10-1] DEBUG bftsmart.communication.client.netty.NettyClientServerCommunicationSystemClientSide - 1 channel operations remaining to complete
19:27:53.824 [nioEventLoopGroup-11-3] DEBUG bftsmart.communication.client.netty.NettyClientServerCommunicationSystemClientSide - 0 channel operations remaining to complete
19:27:53.824 [nioEventLoopGroup-13-1] DEBUG bftsmart.communication.client.netty.NettyClientServerCommunicationSystemClientSide - 0 channel operations remaining to complete
19:27:53.824 [nioEventLoopGroup-11-2] DEBUG bftsmart.communication.client.netty.NettyClientServerCommunicationSystemClientSide - -1 channel operations remaining to complete
19:27:53.824 [nioEventLoopGroup-12-4] DEBUG bftsmart.communication.client.netty.NettyClientServerCommunicationSystemClientSide - -1 channel operations remaining to complete
19:27:53.824 [nioEventLoopGroup-10-4] DEBUG bftsmart.communication.client.netty.NettyClientServerCommunicationSystemClientSide - 0 channel operations remaining to complete
19:27:53.824 [nioEventLoopGroup-13-2] DEBUG bftsmart.communication.client.netty.NettyClientServerCommunicationSystemClientSide - -1 channel operations remaining to complete
19:27:53.824 [nioEventLoopGroup-11-1] DEBUG bftsmart.communication.client.netty.NettyClientServerCommunicationSystemClientSide - -2 channel operations remaining to complete
19:27:53.824 [nioEventLoopGroup-10-3] DEBUG bftsmart.communication.client.netty.NettyClientServerCommunicationSystemClientSide - -1 channel operations remaining to complete
19:27:53.824 [nioEventLoopGroup-12-2] DEBUG bftsmart.communication.client.netty.NettyClientServerCommunicationSystemClientSide - -2 channel operations remaining to complete
19:27:53.824 [nioEventLoopGroup-13-3] DEBUG bftsmart.communication.client.netty.NettyClientServerCommunicationSystemClientSide - -2 channel operations remaining to complete
19:27:53.825 [nioEventLoopGroup-10-2] DEBUG bftsmart.communication.client.netty.NettyClientServerCommunicationSystemClientSide - -2 channel operations remaining to complete
19:27:53.835 [nioEventLoopGroup-8-2] DEBUG bftsmart.communication.client.netty.NettyTOMMessageDecoder - Active clients: 1
19:27:53.835 [nioEventLoopGroup-9-3] DEBUG bftsmart.communication.client.netty.NettyTOMMessageDecoder - Active clients: 1
19:27:53.835 [nioEventLoopGroup-7-3] DEBUG bftsmart.communication.client.netty.NettyTOMMessageDecoder - Active clients: 1
19:27:53.835 [nioEventLoopGroup-8-2] DEBUG bftsmart.communication.client.netty.NettyTOMMessageDecoder - Decoded reply from 1002 with sequence number 0
19:27:53.835 [nioEventLoopGroup-7-3] DEBUG bftsmart.communication.client.netty.NettyTOMMessageDecoder - Decoded reply from 1001 with sequence number 0
19:27:53.835 [nioEventLoopGroup-6-1] DEBUG bftsmart.communication.client.netty.NettyTOMMessageDecoder - Active clients: 1
19:27:53.835 [nioEventLoopGroup-7-4] DEBUG bftsmart.communication.client.netty.NettyTOMMessageDecoder - Active clients: 2
19:27:53.835 [nioEventLoopGroup-7-4] DEBUG bftsmart.communication.client.netty.NettyTOMMessageDecoder - Decoded reply from 1003 with sequence number 0
19:27:53.835 [nioEventLoopGroup-7-1] DEBUG bftsmart.communication.client.netty.NettyTOMMessageDecoder - Active clients: 3
19:27:53.835 [nioEventLoopGroup-9-3] DEBUG bftsmart.communication.client.netty.NettyTOMMessageDecoder - Decoded reply from 1001 with sequence number 0
19:27:53.835 [nioEventLoopGroup-7-1] DEBUG bftsmart.communication.client.netty.NettyTOMMessageDecoder - Decoded reply from 1000 with sequence number 0
19:27:53.835 [nioEventLoopGroup-7-2] DEBUG bftsmart.communication.client.netty.NettyTOMMessageDecoder - Active clients: 4
19:27:53.835 [nioEventLoopGroup-8-4] DEBUG bftsmart.communication.client.netty.NettyTOMMessageDecoder - Active clients: 2
19:27:53.836 [nioEventLoopGroup-7-2] DEBUG bftsmart.communication.client.netty.NettyTOMMessageDecoder - Decoded reply from 1002 with sequence number 0
19:27:53.836 [nioEventLoopGroup-8-2] DEBUG bftsmart.tom.core.TOMLayer - Received TOMMessage from client 1002 with sequence number 0 for session -738839881
19:27:53.836 [nioEventLoopGroup-7-1] DEBUG bftsmart.tom.core.TOMLayer - Received TOMMessage from client 1000 with sequence number 0 for session -1056859547
19:27:53.835 [nioEventLoopGroup-9-1] DEBUG bftsmart.communication.client.netty.NettyTOMMessageDecoder - Active clients: 2
19:27:53.836 [nioEventLoopGroup-8-3] DEBUG bftsmart.communication.client.netty.NettyTOMMessageDecoder - Active clients: 3
19:27:53.835 [nioEventLoopGroup-6-1] DEBUG bftsmart.communication.client.netty.NettyTOMMessageDecoder - Decoded reply from 1001 with sequence number 0
19:27:53.836 [nioEventLoopGroup-9-1] DEBUG bftsmart.communication.client.netty.NettyTOMMessageDecoder - Decoded reply from 1000 with sequence number 0
19:27:53.836 [nioEventLoopGroup-8-1] DEBUG bftsmart.communication.client.netty.NettyTOMMessageDecoder - Active clients: 4
19:27:53.836 [nioEventLoopGroup-8-1] DEBUG bftsmart.communication.client.netty.NettyTOMMessageDecoder - Decoded reply from 1001 with sequence number 0
19:27:53.835 [nioEventLoopGroup-6-2] DEBUG bftsmart.communication.client.netty.NettyTOMMessageDecoder - Active clients: 2
19:27:53.836 [nioEventLoopGroup-8-1] DEBUG bftsmart.tom.core.TOMLayer - Received TOMMessage from client 1001 with sequence number 0 for session -1327892681
19:27:53.836 [nioEventLoopGroup-9-3] DEBUG bftsmart.tom.core.TOMLayer - Received TOMMessage from client 1001 with sequence number 0 for session -1327892681
19:27:53.836 [nioEventLoopGroup-6-2] DEBUG bftsmart.communication.client.netty.NettyTOMMessageDecoder - Decoded reply from 1003 with sequence number 0
19:27:53.836 [nioEventLoopGroup-8-4] DEBUG bftsmart.communication.client.netty.NettyTOMMessageDecoder - Decoded reply from 1003 with sequence number 0
19:27:53.836 [nioEventLoopGroup-7-4] DEBUG bftsmart.tom.core.TOMLayer - Received TOMMessage from client 1003 with sequence number 0 for session -442323693
19:27:53.836 [nioEventLoopGroup-8-4] DEBUG bftsmart.tom.core.TOMLayer - Received TOMMessage from client 1003 with sequence number 0 for session -442323693
19:27:53.836 [nioEventLoopGroup-7-3] DEBUG bftsmart.tom.core.TOMLayer - Received TOMMessage from client 1001 with sequence number 0 for session -1327892681
19:27:53.836 [nioEventLoopGroup-7-2] DEBUG bftsmart.tom.core.TOMLayer - Received TOMMessage from client 1002 with sequence number 0 for session -738839881
19:27:53.836 [nioEventLoopGroup-7-1] DEBUG bftsmart.clientsmanagement.ClientsManager - Creating new client data, client id=1000
19:27:53.836 [nioEventLoopGroup-8-2] DEBUG bftsmart.clientsmanagement.ClientsManager - Creating new client data, client id=1002
19:27:53.836 [nioEventLoopGroup-8-3] DEBUG bftsmart.communication.client.netty.NettyTOMMessageDecoder - Decoded reply from 1000 with sequence number 0
19:27:53.836 [nioEventLoopGroup-9-1] DEBUG bftsmart.tom.core.TOMLayer - Received TOMMessage from client 1000 with sequence number 0 for session -1056859547
19:27:53.836 [nioEventLoopGroup-8-3] DEBUG bftsmart.tom.core.TOMLayer - Received TOMMessage from client 1000 with sequence number 0 for session -1056859547
19:27:53.836 [nioEventLoopGroup-9-4] DEBUG bftsmart.communication.client.netty.NettyTOMMessageDecoder - Active clients: 3
19:27:53.836 [nioEventLoopGroup-9-3] DEBUG bftsmart.clientsmanagement.ClientsManager - Creating new client data, client id=1001
19:27:53.836 [nioEventLoopGroup-9-4] DEBUG bftsmart.communication.client.netty.NettyTOMMessageDecoder - Decoded reply from 1002 with sequence number 0
19:27:53.836 [nioEventLoopGroup-6-2] DEBUG bftsmart.tom.core.TOMLayer - Received TOMMessage from client 1003 with sequence number 0 for session -442323693
19:27:53.836 [nioEventLoopGroup-9-4] DEBUG bftsmart.tom.core.TOMLayer - Received TOMMessage from client 1002 with sequence number 0 for session -738839881
19:27:53.836 [nioEventLoopGroup-6-4] DEBUG bftsmart.communication.client.netty.NettyTOMMessageDecoder - Active clients: 3
19:27:53.837 [nioEventLoopGroup-6-2] DEBUG bftsmart.clientsmanagement.ClientsManager - Creating new client data, client id=1003
19:27:53.836 [nioEventLoopGroup-6-1] DEBUG bftsmart.tom.core.TOMLayer - Received TOMMessage from client 1001 with sequence number 0 for session -1327892681
19:27:53.837 [nioEventLoopGroup-6-4] DEBUG bftsmart.communication.client.netty.NettyTOMMessageDecoder - Decoded reply from 1002 with sequence number 0
19:27:53.836 [nioEventLoopGroup-9-2] DEBUG bftsmart.communication.client.netty.NettyTOMMessageDecoder - Active clients: 4
19:27:53.837 [nioEventLoopGroup-6-3] DEBUG bftsmart.communication.client.netty.NettyTOMMessageDecoder - Active clients: 4
19:27:53.837 [nioEventLoopGroup-9-2] DEBUG bftsmart.communication.client.netty.NettyTOMMessageDecoder - Decoded reply from 1003 with sequence number 0
19:27:53.837 [nioEventLoopGroup-6-3] DEBUG bftsmart.communication.client.netty.NettyTOMMessageDecoder - Decoded reply from 1000 with sequence number 0
19:27:53.837 [nioEventLoopGroup-9-2] DEBUG bftsmart.tom.core.TOMLayer - Received TOMMessage from client 1003 with sequence number 0 for session -442323693
19:27:53.837 [nioEventLoopGroup-6-4] DEBUG bftsmart.tom.core.TOMLayer - Received TOMMessage from client 1002 with sequence number 0 for session -738839881
19:27:53.837 [nioEventLoopGroup-6-3] DEBUG bftsmart.tom.core.TOMLayer - Received TOMMessage from client 1000 with sequence number 0 for session -1056859547
19:27:53.837 [nioEventLoopGroup-8-1] DEBUG bftsmart.clientsmanagement.ClientsManager - Creating new client data, client id=1001
19:27:53.837 [nioEventLoopGroup-6-1] DEBUG bftsmart.clientsmanagement.ClientsManager - Creating new client data, client id=1001
19:27:53.837 [nioEventLoopGroup-7-4] DEBUG bftsmart.clientsmanagement.ClientsManager - Creating new client data, client id=1003
19:27:53.837 [nioEventLoopGroup-8-4] DEBUG bftsmart.clientsmanagement.ClientsManager - Creating new client data, client id=1003
19:27:53.837 [nioEventLoopGroup-6-4] DEBUG bftsmart.clientsmanagement.ClientsManager - Creating new client data, client id=1002
19:27:53.837 [nioEventLoopGroup-9-1] DEBUG bftsmart.clientsmanagement.ClientsManager - Creating new client data, client id=1000
19:27:53.837 [nioEventLoopGroup-7-3] DEBUG bftsmart.clientsmanagement.ClientsManager - Creating new client data, client id=1001
19:27:53.837 [nioEventLoopGroup-8-3] DEBUG bftsmart.clientsmanagement.ClientsManager - Creating new client data, client id=1000
19:27:53.837 [nioEventLoopGroup-9-4] DEBUG bftsmart.clientsmanagement.ClientsManager - Creating new client data, client id=1002
19:27:53.837 [nioEventLoopGroup-7-2] DEBUG bftsmart.clientsmanagement.ClientsManager - Creating new client data, client id=1002
19:27:53.837 [nioEventLoopGroup-6-3] DEBUG bftsmart.clientsmanagement.ClientsManager - Creating new client data, client id=1000
19:27:53.837 [nioEventLoopGroup-9-2] DEBUG bftsmart.clientsmanagement.ClientsManager - Creating new client data, client id=1003
19:27:53.838 [nioEventLoopGroup-8-4] DEBUG bftsmart.clientsmanagement.ClientsManager - Message from client 1003 is valid
19:27:53.838 [nioEventLoopGroup-6-3] DEBUG bftsmart.clientsmanagement.ClientsManager - Message from client 1000 is valid
19:27:53.838 [nioEventLoopGroup-7-2] DEBUG bftsmart.clientsmanagement.ClientsManager - Message from client 1002 is valid
19:27:53.838 [nioEventLoopGroup-6-4] DEBUG bftsmart.clientsmanagement.ClientsManager - Message from client 1002 is valid
19:27:53.838 [nioEventLoopGroup-9-1] DEBUG bftsmart.clientsmanagement.ClientsManager - Message from client 1000 is valid
19:27:53.838 [nioEventLoopGroup-7-4] DEBUG bftsmart.clientsmanagement.ClientsManager - Message from client 1003 is valid
19:27:53.838 [nioEventLoopGroup-9-2] DEBUG bftsmart.clientsmanagement.ClientsManager - Message from client 1003 is valid
19:27:53.839 [nioEventLoopGroup-8-3] DEBUG bftsmart.clientsmanagement.ClientsManager - Message from client 1000 is valid
19:27:53.838 [nioEventLoopGroup-9-4] DEBUG bftsmart.clientsmanagement.ClientsManager - Message from client 1002 is valid
19:27:53.839 [nioEventLoopGroup-8-2] DEBUG bftsmart.clientsmanagement.ClientsManager - Message from client 1002 is valid
19:27:53.839 [nioEventLoopGroup-6-2] DEBUG bftsmart.clientsmanagement.ClientsManager - Message from client 1003 is valid
19:27:53.838 [nioEventLoopGroup-9-3] DEBUG bftsmart.clientsmanagement.ClientsManager - Message from client 1001 is valid
19:27:53.839 [nioEventLoopGroup-7-1] DEBUG bftsmart.clientsmanagement.ClientsManager - Message from client 1000 is valid
19:27:53.839 [nioEventLoopGroup-7-3] DEBUG bftsmart.clientsmanagement.ClientsManager - Message from client 1001 is valid
19:27:53.839 [nioEventLoopGroup-6-1] DEBUG bftsmart.clientsmanagement.ClientsManager - Message from client 1001 is valid
19:27:53.839 [nioEventLoopGroup-8-1] DEBUG bftsmart.clientsmanagement.ClientsManager - Message from client 1001 is valid
19:27:53.839 [TOM Layer] DEBUG bftsmart.tom.core.TOMLayer - Got enough requests
19:27:53.839 [TOM Layer] DEBUG bftsmart.tom.core.TOMLayer - There are requests to be ordered. I will propose.
19:27:53.839 [TOM Layer] DEBUG bftsmart.tom.core.TOMLayer - Modifying inExec from -1 to 0
19:27:53.840 [TOM Layer] DEBUG bftsmart.clientsmanagement.ClientsManager - Number of active clients: 4
19:27:53.840 [TOM Layer] DEBUG bftsmart.clientsmanagement.ClientsManager - Fetching requests with internal index 0
19:27:53.840 [TOM Layer] DEBUG bftsmart.clientsmanagement.ClientsManager - Number of pending requests for client 1000: 1.
19:27:53.840 [TOM Layer] DEBUG bftsmart.clientsmanagement.ClientsManager - Selected request with sequence number 0 from client 1000
19:27:53.840 [TOM Layer] DEBUG bftsmart.clientsmanagement.ClientsManager - Number of pending requests for client 1001: 1.
19:27:53.840 [TOM Layer] DEBUG bftsmart.clientsmanagement.ClientsManager - Selected request with sequence number 0 from client 1001
19:27:53.840 [TOM Layer] DEBUG bftsmart.clientsmanagement.ClientsManager - Number of pending requests for client 1002: 1.
19:27:53.840 [TOM Layer] DEBUG bftsmart.clientsmanagement.ClientsManager - Selected request with sequence number 0 from client 1002
19:27:53.840 [TOM Layer] DEBUG bftsmart.clientsmanagement.ClientsManager - Number of pending requests for client 1003: 1.
19:27:53.840 [TOM Layer] DEBUG bftsmart.clientsmanagement.ClientsManager - Selected request with sequence number 0 from client 1003
19:27:53.840 [TOM Layer] DEBUG bftsmart.tom.core.TOMLayer - Number of pending requets to propose in consensus 0: 4
19:27:53.840 [TOM Layer] DEBUG bftsmart.tom.core.TOMLayer - Creating a PROPOSE with 4 msgs
19:27:53.840 [TOM Layer] DEBUG bftsmart.tom.util.BatchBuilder - Adding request from client 1000 with sequence number 0 for session -1056859547 to PROPOSE
19:27:53.840 [TOM Layer] DEBUG bftsmart.tom.util.BatchBuilder - Adding request from client 1001 with sequence number 0 for session -1327892681 to PROPOSE
19:27:53.840 [TOM Layer] DEBUG bftsmart.tom.util.BatchBuilder - Adding request from client 1002 with sequence number 0 for session -738839881 to PROPOSE
19:27:53.840 [TOM Layer] DEBUG bftsmart.tom.util.BatchBuilder - Adding request from client 1003 with sequence number 0 for session -442323693 to PROPOSE
19:27:53.841 [TOM Layer] INFO bftsmart.communication.ServerCommunicationSystem - === ServerCommunicationSystem.send() ===
19:27:53.841 [TOM Layer] INFO bftsmart.communication.ServerCommunicationSystem -     Message type: ConsensusMessage
19:27:53.841 [TOM Layer] INFO bftsmart.communication.ServerCommunicationSystem -     Is TOMMessage: false
19:27:53.841 [TOM Layer] INFO bftsmart.communication.ServerCommunicationSystem -     Targets: [0, 1, 2, 3]
19:27:53.841 [TOM Layer] INFO bftsmart.communication.ServerCommunicationSystem -     -> Routing to SERVER connection (SystemMessage)
19:27:53.841 [TOM Layer] DEBUG bftsmart.communication.ServerCommunicationSystem - --> sending message from: [0, 1, 2, 3] -> {}0
=== [V2V Layer 0] SEND called ===
    Targets: [0, 1, 2, 3]
    Message type: ConsensusMessage
    Sender: 0
    -> Self-delivery to replica 0
=== [V2V Layer 0] DELIVER to BFT-SMaRt ===
    Message type: ConsensusMessage
    From replica: 0
    InQueue size before: 0
    InQueue size after: 1
=== [V2V Layer 0] DELIVER successful ===
    -> Sending to replica 1 via V2V
    [Reliability 0] sendReliable() called
        Target: 1
        Message type: ConsensusMessage
19:27:53.842 [Server Comm. System] INFO bftsmart.communication.ServerCommunicationSystem - === ServerCommunicationSystem RECEIVED message ===
19:27:53.842 [Server Comm. System] INFO bftsmart.communication.ServerCommunicationSystem -     Message type: ConsensusMessage
19:27:53.842 [Server Comm. System] INFO bftsmart.communication.ServerCommunicationSystem -     From: 0
19:27:53.842 [Server Comm. System] INFO bftsmart.communication.ServerCommunicationSystem -     Message count: 0
19:27:53.842 [Server Comm. System] DEBUG bftsmart.communication.ServerCommunicationSystem - <-- receiving, msg:type=PROPOSE, number=0, epoch=0, from=0
19:27:53.842 [Server Comm. System] DEBUG bftsmart.tom.core.ExecutionManager - Received message  type=PROPOSE, number=0, epoch=0, from=0
19:27:53.842 [Server Comm. System] DEBUG bftsmart.tom.core.ExecutionManager - I'm at consensus 0 and my last consensus is -1
        Sequence number: 0
19:27:53.842 [Server Comm. System] DEBUG bftsmart.tom.core.ExecutionManager - Message for consensus 0 can be processed
19:27:53.842 [Server Comm. System] DEBUG bftsmart.consensus.roles.Acceptor - Processing paxos msg with id 0
19:27:53.842 [Server Comm. System] DEBUG bftsmart.consensus.roles.Acceptor - PROPOSE received from:0, for consensus cId:0, I am:0
19:27:53.842 [Server Comm. System] DEBUG bftsmart.consensus.roles.Acceptor - Executing propose for cId:0, Epoch Timestamp:0
19:27:53.843 [Server Comm. System] DEBUG bftsmart.tom.core.TOMLayer - Modifying inExec from 0 to 0
19:27:53.843 [Server Comm. System] DEBUG bftsmart.tom.core.TOMLayer - Checking proposed value
        Payload size: 340 bytes
V2VNativeBridge0: Sending message to -1 with length 853
[JNI] nativeSendMessage: 0 -> -1
[JNI] Sending 853 bytes (0->-1)
[DEBUG V2VProxy 0] Queue has space - adding message
[JNI] Message queued successfully
        [Reliability 0] Sent seq=0 to replica 1
    -> Sending to replica 2 via V2V
    [Reliability 0] sendReliable() called
        Target: 2
        Message type: ConsensusMessage
        Sequence number: 0
        Payload size: 340 bytes
19:27:53.847 [Server Comm. System] DEBUG bftsmart.tom.core.TOMLayer - Successfully deserialized batch
V2VNativeBridge0: Sending message to -1 with length 853
[JNI] nativeSendMessage: 0 -> -1
19:27:53.848 [Server Comm. System] DEBUG bftsmart.consensus.roles.Acceptor - Sending WRITE for 0
[JNI] Sending 853 bytes (0->-1)
[DEBUG V2VProxy 0] Queue has space - adding message
[JNI] Message queued successfully
        [Reliability 0] Sent seq=0 to replica 2
    -> Sending to replica 3 via V2V
    [Reliability 0] sendReliable() called
        Target: 3
        Message type: ConsensusMessage
        Sequence number: 0
19:27:53.848 [Server Comm. System] DEBUG bftsmart.consensus.roles.Acceptor - Sending WRITE for cId:0, I am:0
        Payload size: 340 bytes
[MessageFactory] Creating WRITE message: from=0, id=0, epoch=0
19:27:53.848 [Server Comm. System] INFO bftsmart.communication.ServerCommunicationSystem - === ServerCommunicationSystem.send() ===
19:27:53.848 [Server Comm. System] INFO bftsmart.communication.ServerCommunicationSystem -     Message type: ConsensusMessage
19:27:53.848 [Server Comm. System] INFO bftsmart.communication.ServerCommunicationSystem -     Is TOMMessage: false
19:27:53.848 [Server Comm. System] INFO bftsmart.communication.ServerCommunicationSystem -     Targets: [1, 2, 3]
19:27:53.848 [Server Comm. System] INFO bftsmart.communication.ServerCommunicationSystem -     -> Routing to SERVER connection (SystemMessage)
V2VNativeBridge0: Sending message to -1 with length 853
[JNI] nativeSendMessage: 0 -> -1
[JNI] Sending 853 bytes (0->-1)
[DEBUG V2VProxy 0] Queue has space - adding message
[JNI] Message queued successfully
19:27:53.848 [Server Comm. System] DEBUG bftsmart.communication.ServerCommunicationSystem - --> sending message from: [1, 2, 3] -> {}0
        [Reliability 0] Sent seq=0 to replica 3
=== [V2V Layer 0] SEND called ===
=== [V2V Layer 0] SEND complete ===
    Targets: [1, 2, 3]
    Message type: ConsensusMessage
19:27:53.848 [TOM Layer] INFO bftsmart.communication.ServerCommunicationSystem - === ServerCommunicationSystem.send() complete ===
    Sender: 0
    -> Sending to replica 1 via V2V
    [Reliability 0] sendReliable() called
        Target: 1
19:27:53.848 [TOM Layer] DEBUG bftsmart.tom.core.TOMLayer - Next leader for CID=0: 0
        Message type: ConsensusMessage
19:27:53.848 [TOM Layer] DEBUG bftsmart.tom.core.TOMLayer - Waiting for consensus 0 termination.
        Sequence number: 1
        Payload size: 172 bytes
V2VNativeBridge0: Sending message to -1 with length 685
[JNI] nativeSendMessage: 0 -> -1
[JNI] Sending 685 bytes (0->-1)
[DEBUG V2VProxy 0] Queue has space - adding message
[JNI] Message queued successfully
        [Reliability 0] Sent seq=1 to replica 1
    -> Sending to replica 2 via V2V
    [Reliability 0] sendReliable() called
        Target: 2
        Message type: ConsensusMessage
        Sequence number: 1
        Payload size: 172 bytes
V2VNativeBridge0: Sending message to -1 with length 685
[JNI] nativeSendMessage: 0 -> -1
[JNI] Sending 685 bytes (0->-1)
[DEBUG V2VProxy 0] Queue has space - adding message
[JNI] Message queued successfully
        [Reliability 0] Sent seq=1 to replica 2
    -> Sending to replica 3 via V2V
    [Reliability 0] sendReliable() called
        Target: 3
        Message type: ConsensusMessage
        Sequence number: 1
        Payload size: 172 bytes
V2VNativeBridge0: Sending message to -1 with length 685
[JNI] nativeSendMessage: 0 -> -1
[JNI] Sending 685 bytes (0->-1)
[DEBUG V2VProxy 0] Queue has space - adding message
[JNI] Message queued successfully
        [Reliability 0] Sent seq=1 to replica 3
=== [V2V Layer 0] SEND complete ===
19:27:53.851 [Server Comm. System] INFO bftsmart.communication.ServerCommunicationSystem - === ServerCommunicationSystem.send() complete ===
19:27:53.851 [Server Comm. System] DEBUG bftsmart.consensus.roles.Acceptor - I have 1, WRITE's for cId:0, Epoch timestamp:0,
[Acceptor 0] computeWrite: cId=0, writeAccepted=1, quorum=2
[MessageFactory] Creating ACCEPT message: from=0, id=0, epoch=0
19:27:53.853 [Server Comm. System] DEBUG bftsmart.consensus.roles.Acceptor - WRITE computed for cId:0, I am:0
19:27:53.853 [Server Comm. System] INFO bftsmart.communication.ServerCommunicationSystem - === Message processed ===
19:27:53.853 [pool-7-thread-1] DEBUG bftsmart.consensus.roles.Acceptor - Creating cryptographic proof for speculative ACCEPT message from consensus 0
[V2VProxy 0] Timer #1 at t=6.9, sending 6 messages
[V2VProxy 0] *** SENDING V2V message #1 from=0 to=-1 size=853 bytes at t=6.9
[V2VProxy 0] *** SENDING V2V message #2 from=0 to=-1 size=853 bytes at t=6.9
[V2VProxy 0] *** SENDING V2V message #3 from=0 to=-1 size=853 bytes at t=6.9
[V2VProxy 0] *** SENDING V2V message #4 from=0 to=-1 size=685 bytes at t=6.9
[V2VProxy 0] *** SENDING V2V message #5 from=0 to=-1 size=685 bytes at t=6.9
[V2VProxy 0] *** SENDING V2V message #6 from=0 to=-1 size=685 bytes at t=6.9
[V2VProxy 3] *** RECEIVED V2V message #1 from=0 to=-1 (broadcast=YES) at t=6.905817021777
[V2VProxy 3] Delivering message #1 from replica 0 to Java (685 bytes)
V2VNativeBridge3: Received message from 0 with length 685
[V2V Layer 3] Received message from replica 0 via JNI
    [Reliability 3] handleIncomingMessage() called
        Type: DATA
        From: 0
        SeqNum: 1
        Expected seq: 0
        -> OUT OF ORDER (seq=1, expected=0), buffering
[V2VProxy 1] *** RECEIVED V2V message #1 from=0 to=-1 (broadcast=YES) at t=6.905817023317
[V2VProxy 1] Delivering message #2 from replica 0 to Java (685 bytes)
V2VNativeBridge1: Received message from 0 with length 685
[V2V Layer 1] Received message from replica 0 via JNI
    [Reliability 1] handleIncomingMessage() called
        Type: DATA
        From: 0
        SeqNum: 1
        Expected seq: 0
        -> OUT OF ORDER (seq=1, expected=0), buffering
[V2VProxy 2] *** RECEIVED V2V message #1 from=0 to=-1 (broadcast=YES) at t=6.905817042383
[V2VProxy 2] Delivering message #3 from replica 0 to Java (685 bytes)
V2VNativeBridge2: Received message from 0 with length 685
[V2V Layer 2] Received message from replica 0 via JNI
    [Reliability 2] handleIncomingMessage() called
        Type: DATA
        From: 0
        SeqNum: 1
        Expected seq: 0
        -> OUT OF ORDER (seq=1, expected=0), buffering
[V2VProxy 3] *** RECEIVED V2V message #2 from=0 to=-1 (broadcast=YES) at t=6.907473021777
[V2VProxy 3] Delivering message #4 from replica 0 to Java (853 bytes)
V2VNativeBridge3: Received message from 0 with length 853
[V2V Layer 3] Received message from replica 0 via JNI
    [Reliability 3] handleIncomingMessage() called
        Type: DATA
        From: 0
        SeqNum: 0
        Expected seq: 0
        -> IN ORDER, delivering immediately
    [Reliability 3] deliverMessage() - deserializing payload
        Deserialized: ConsensusMessage
        DEBUG: envelope.fromReplicaId=0, message.getSender()=0
=== [V2V Layer 3] DELIVER to BFT-SMaRt ===
    Message type: ConsensusMessage
    From replica: 0
    InQueue size before: 0
    InQueue size after: 1
=== [V2V Layer 3] DELIVER successful ===
    [Reliability 3] deliverMessage() - deserializing payload
        Deserialized: ConsensusMessage
        DEBUG: envelope.fromReplicaId=0, message.getSender()=0
=== [V2V Layer 3] DELIVER to BFT-SMaRt ===
    Message type: ConsensusMessage
    From replica: 0
    InQueue size before: 0
19:27:53.907 [Server Comm. System] INFO bftsmart.communication.ServerCommunicationSystem - === ServerCommunicationSystem RECEIVED message ===
    InQueue size after: 1
=== [V2V Layer 3] DELIVER successful ===
19:27:53.907 [Server Comm. System] INFO bftsmart.communication.ServerCommunicationSystem -     Message type: ConsensusMessage
19:27:53.907 [Server Comm. System] INFO bftsmart.communication.ServerCommunicationSystem -     From: 0
19:27:53.907 [Server Comm. System] INFO bftsmart.communication.ServerCommunicationSystem -     Message count: 0
19:27:53.907 [Server Comm. System] DEBUG bftsmart.communication.ServerCommunicationSystem - <-- receiving, msg:type=PROPOSE, number=0, epoch=0, from=0
19:27:53.907 [Server Comm. System] DEBUG bftsmart.tom.core.ExecutionManager - Received message  type=PROPOSE, number=0, epoch=0, from=0
19:27:53.907 [Server Comm. System] DEBUG bftsmart.tom.core.ExecutionManager - I'm at consensus -1 and my last consensus is -1
[V2VProxy 1] *** RECEIVED V2V message #2 from=0 to=-1 (broadcast=YES) at t=6.907473023317
[V2VProxy 1] Delivering message #5 from replica 0 to Java (853 bytes)
V2VNativeBridge1: Received message from 0 with length 853
[V2V Layer 1] Received message from replica 0 via JNI
19:27:53.907 [Server Comm. System] DEBUG bftsmart.tom.core.ExecutionManager - Message for consensus 0 can be processed
19:27:53.907 [Server Comm. System] DEBUG bftsmart.consensus.roles.Acceptor - Processing paxos msg with id 0
19:27:53.907 [Server Comm. System] DEBUG bftsmart.consensus.roles.Acceptor - PROPOSE received from:0, for consensus cId:0, I am:3
19:27:53.907 [Server Comm. System] DEBUG bftsmart.consensus.roles.Acceptor - Executing propose for cId:0, Epoch Timestamp:0
19:27:53.907 [Server Comm. System] DEBUG bftsmart.tom.core.TOMLayer - Modifying inExec from -1 to 0
19:27:53.907 [Server Comm. System] DEBUG bftsmart.tom.core.TOMLayer - Checking proposed value
    [Reliability 1] handleIncomingMessage() called
        Type: DATA
        From: 0
        SeqNum: 0
        Expected seq: 0
        -> IN ORDER, delivering immediately
    [Reliability 1] deliverMessage() - deserializing payload
        Deserialized: ConsensusMessage
        DEBUG: envelope.fromReplicaId=0, message.getSender()=0
=== [V2V Layer 1] DELIVER to BFT-SMaRt ===
    Message type: ConsensusMessage
    From replica: 0
    InQueue size before: 0
    InQueue size after: 1
=== [V2V Layer 1] DELIVER successful ===
    [Reliability 1] deliverMessage() - deserializing payload
        Deserialized: ConsensusMessage
19:27:53.907 [Server Comm. System] INFO bftsmart.communication.ServerCommunicationSystem - === ServerCommunicationSystem RECEIVED message ===
        DEBUG: envelope.fromReplicaId=0, message.getSender()=0
=== [V2V Layer 1] DELIVER to BFT-SMaRt ===
    Message type: ConsensusMessage
19:27:53.907 [Server Comm. System] INFO bftsmart.communication.ServerCommunicationSystem -     Message type: ConsensusMessage
    From replica: 0
    InQueue size before: 0
19:27:53.907 [Server Comm. System] INFO bftsmart.communication.ServerCommunicationSystem -     From: 0
    InQueue size after: 1
=== [V2V Layer 1] DELIVER successful ===
19:27:53.908 [Server Comm. System] INFO bftsmart.communication.ServerCommunicationSystem -     Message count: 0
[V2VProxy 2] *** RECEIVED V2V message #2 from=0 to=-1 (broadcast=YES) at t=6.907473042383
[V2VProxy 2] Delivering message #6 from replica 0 to Java (853 bytes)
19:27:53.908 [Server Comm. System] DEBUG bftsmart.communication.ServerCommunicationSystem - <-- receiving, msg:type=PROPOSE, number=0, epoch=0, from=0
V2VNativeBridge2: Received message from 0 with length 853
19:27:53.908 [Server Comm. System] DEBUG bftsmart.tom.core.ExecutionManager - Received message  type=PROPOSE, number=0, epoch=0, from=0
[V2V Layer 2] Received message from replica 0 via JNI
19:27:53.908 [Server Comm. System] DEBUG bftsmart.tom.core.ExecutionManager - I'm at consensus -1 and my last consensus is -1
19:27:53.908 [Server Comm. System] DEBUG bftsmart.tom.core.ExecutionManager - Message for consensus 0 can be processed
19:27:53.908 [Server Comm. System] DEBUG bftsmart.consensus.roles.Acceptor - Processing paxos msg with id 0
19:27:53.908 [Server Comm. System] DEBUG bftsmart.consensus.roles.Acceptor - PROPOSE received from:0, for consensus cId:0, I am:1
19:27:53.908 [Server Comm. System] DEBUG bftsmart.consensus.roles.Acceptor - Executing propose for cId:0, Epoch Timestamp:0
19:27:53.908 [Server Comm. System] DEBUG bftsmart.tom.core.TOMLayer - Modifying inExec from -1 to 0
19:27:53.908 [Server Comm. System] DEBUG bftsmart.tom.core.TOMLayer - Checking proposed value
    [Reliability 2] handleIncomingMessage() called
        Type: DATA
        From: 0
        SeqNum: 0
        Expected seq: 0
        -> IN ORDER, delivering immediately
    [Reliability 2] deliverMessage() - deserializing payload
        Deserialized: ConsensusMessage
        DEBUG: envelope.fromReplicaId=0, message.getSender()=0
=== [V2V Layer 2] DELIVER to BFT-SMaRt ===
    Message type: ConsensusMessage
    From replica: 0
    InQueue size before: 0
    InQueue size after: 1
=== [V2V Layer 2] DELIVER successful ===
    [Reliability 2] deliverMessage() - deserializing payload
19:27:53.912 [Server Comm. System] INFO bftsmart.communication.ServerCommunicationSystem - === ServerCommunicationSystem RECEIVED message ===
        Deserialized: ConsensusMessage
        DEBUG: envelope.fromReplicaId=0, message.getSender()=0
=== [V2V Layer 2] DELIVER to BFT-SMaRt ===
19:27:53.912 [Server Comm. System] INFO bftsmart.communication.ServerCommunicationSystem -     Message type: ConsensusMessage
    Message type: ConsensusMessage
    From replica: 0
    InQueue size before: 0
19:27:53.912 [Server Comm. System] INFO bftsmart.communication.ServerCommunicationSystem -     From: 0
19:27:53.912 [Server Comm. System] DEBUG bftsmart.tom.core.TOMLayer - Successfully deserialized batch
    InQueue size after: 1
19:27:53.912 [Server Comm. System] DEBUG bftsmart.consensus.roles.Acceptor - Sending WRITE for 0
=== [V2V Layer 2] DELIVER successful ===
19:27:53.912 [Server Comm. System] INFO bftsmart.communication.ServerCommunicationSystem -     Message count: 0
19:27:53.912 [Server Comm. System] DEBUG bftsmart.consensus.roles.Acceptor - Sending WRITE for cId:0, I am:3
[MessageFactory] Creating WRITE message: from=3, id=0, epoch=0
19:27:53.912 [Server Comm. System] INFO bftsmart.communication.ServerCommunicationSystem - === ServerCommunicationSystem.send() ===
19:27:53.912 [Server Comm. System] DEBUG bftsmart.communication.ServerCommunicationSystem - <-- receiving, msg:type=PROPOSE, number=0, epoch=0, from=0
19:27:53.912 [Server Comm. System] INFO bftsmart.communication.ServerCommunicationSystem -     Message type: ConsensusMessage
19:27:53.912 [Server Comm. System] INFO bftsmart.communication.ServerCommunicationSystem -     Is TOMMessage: false
19:27:53.912 [Server Comm. System] INFO bftsmart.communication.ServerCommunicationSystem -     Targets: [0, 1, 2]
19:27:53.912 [Server Comm. System] INFO bftsmart.communication.ServerCommunicationSystem -     -> Routing to SERVER connection (SystemMessage)
19:27:53.912 [Server Comm. System] DEBUG bftsmart.communication.ServerCommunicationSystem - --> sending message from: [0, 1, 2] -> {}3
=== [V2V Layer 3] SEND called ===
    Targets: [0, 1, 2]
    Message type: ConsensusMessage
    Sender: 3
    -> Sending to replica 0 via V2V
    [Reliability 3] sendReliable() called
        Target: 0
        Message type: ConsensusMessage
19:27:53.912 [Server Comm. System] DEBUG bftsmart.tom.core.ExecutionManager - Received message  type=PROPOSE, number=0, epoch=0, from=0
19:27:53.912 [Server Comm. System] DEBUG bftsmart.tom.core.ExecutionManager - I'm at consensus -1 and my last consensus is -1
        Sequence number: 0
19:27:53.912 [Server Comm. System] DEBUG bftsmart.tom.core.ExecutionManager - Message for consensus 0 can be processed
19:27:53.912 [Server Comm. System] DEBUG bftsmart.consensus.roles.Acceptor - Processing paxos msg with id 0
        Payload size: 172 bytes
19:27:53.913 [Server Comm. System] DEBUG bftsmart.consensus.roles.Acceptor - PROPOSE received from:0, for consensus cId:0, I am:2
        [Reliability 3] Piggybacked 2 ACKs to replica 0
19:27:53.913 [Server Comm. System] DEBUG bftsmart.tom.core.TOMLayer - Successfully deserialized batch
19:27:53.913 [Server Comm. System] DEBUG bftsmart.consensus.roles.Acceptor - Executing propose for cId:0, Epoch Timestamp:0
19:27:53.913 [Server Comm. System] DEBUG bftsmart.consensus.roles.Acceptor - Sending WRITE for 0
19:27:53.913 [Server Comm. System] DEBUG bftsmart.consensus.roles.Acceptor - Sending WRITE for cId:0, I am:1
[MessageFactory] Creating WRITE message: from=1, id=0, epoch=0
19:27:53.913 [Server Comm. System] DEBUG bftsmart.tom.core.TOMLayer - Modifying inExec from -1 to 0
19:27:53.913 [Server Comm. System] INFO bftsmart.communication.ServerCommunicationSystem - === ServerCommunicationSystem.send() ===
19:27:53.913 [Server Comm. System] DEBUG bftsmart.tom.core.TOMLayer - Checking proposed value
19:27:53.913 [Server Comm. System] INFO bftsmart.communication.ServerCommunicationSystem -     Message type: ConsensusMessage
19:27:53.913 [Server Comm. System] INFO bftsmart.communication.ServerCommunicationSystem -     Is TOMMessage: false
19:27:53.913 [Server Comm. System] INFO bftsmart.communication.ServerCommunicationSystem -     Targets: [0, 2, 3]
19:27:53.913 [Server Comm. System] INFO bftsmart.communication.ServerCommunicationSystem -     -> Routing to SERVER connection (SystemMessage)
19:27:53.913 [Server Comm. System] DEBUG bftsmart.communication.ServerCommunicationSystem - --> sending message from: [0, 2, 3] -> {}1
=== [V2V Layer 1] SEND called ===
    Targets: [0, 2, 3]
    Message type: ConsensusMessage
    Sender: 1
    -> Sending to replica 0 via V2V
    [Reliability 1] sendReliable() called
        Target: 0
        Message type: ConsensusMessage
        Sequence number: 0
        Payload size: 172 bytes
        [Reliability 1] Piggybacked 2 ACKs to replica 0
V2VNativeBridge3: Sending message to -1 with length 777
[JNI] nativeSendMessage: 3 -> -1
[JNI] Sending 777 bytes (3->-1)
[DEBUG V2VProxy 3] Queue has space - adding message
[JNI] Message queued successfully
V2VNativeBridge1: Sending message to -1 with length 777
[JNI] nativeSendMessage: 1 -> -1
19:27:53.916 [Server Comm. System] DEBUG bftsmart.tom.core.TOMLayer - Successfully deserialized batch
[JNI] Sending 777 bytes (1->-1)
[DEBUG V2VProxy 1] Queue has space - adding message
[JNI] Message queued successfully
        [Reliability 1] Sent seq=0 to replica 0
        [Reliability 3] Sent seq=0 to replica 0
    -> Sending to replica 1 via V2V
    -> Sending to replica 2 via V2V
    [Reliability 3] sendReliable() called
    [Reliability 1] sendReliable() called
19:27:53.916 [Server Comm. System] DEBUG bftsmart.consensus.roles.Acceptor - Sending WRITE for 0
        Target: 2
        Message type: ConsensusMessage
        Target: 1
19:27:53.917 [Server Comm. System] DEBUG bftsmart.consensus.roles.Acceptor - Sending WRITE for cId:0, I am:2
        Message type: ConsensusMessage
        Sequence number: 0
        Sequence number: 0
[MessageFactory] Creating WRITE message: from=2, id=0, epoch=0
19:27:53.917 [Server Comm. System] INFO bftsmart.communication.ServerCommunicationSystem - === ServerCommunicationSystem.send() ===
        Payload size: 172 bytes
19:27:53.917 [Server Comm. System] INFO bftsmart.communication.ServerCommunicationSystem -     Message type: ConsensusMessage
19:27:53.917 [Server Comm. System] INFO bftsmart.communication.ServerCommunicationSystem -     Is TOMMessage: false
19:27:53.917 [Server Comm. System] INFO bftsmart.communication.ServerCommunicationSystem -     Targets: [0, 1, 3]
        Payload size: 172 bytes
19:27:53.917 [Server Comm. System] INFO bftsmart.communication.ServerCommunicationSystem -     -> Routing to SERVER connection (SystemMessage)
19:27:53.917 [Server Comm. System] DEBUG bftsmart.communication.ServerCommunicationSystem - --> sending message from: [0, 1, 3] -> {}2
=== [V2V Layer 2] SEND called ===
V2VNativeBridge1: Sending message to -1 with length 685
    Targets: [0, 1, 3]
[JNI] nativeSendMessage: 1 -> -1
    Message type: ConsensusMessage[JNI] Sending 685 bytes (1->-1)

[DEBUG V2VProxy 1] Queue has space - adding message
[JNI] Message queued successfully
    Sender: 2
    -> Sending to replica 0 via V2V
    [Reliability 2] sendReliable() called
V2VNativeBridge3: Sending message to -1 with length 685
[JNI] nativeSendMessage: 3 -> -1
[JNI] Sending 685 bytes (3->-1)
[DEBUG V2VProxy 3] Queue has space - adding message
[JNI] Message queued successfully
        [Reliability 3] Sent seq=0 to replica 1
    -> Sending to replica 2 via V2V
    [Reliability 3] sendReliable() called
        Target: 2
        Message type: ConsensusMessage
        [Reliability 1] Sent seq=0 to replica 2
    -> Sending to replica 3 via V2V
    [Reliability 1] sendReliable() called
        Target: 3
        Sequence number: 0
        Target: 0
        Payload size: 172 bytes
        Message type: ConsensusMessage
        Message type: ConsensusMessage
        Sequence number: 0
        Sequence number: 0
        Payload size: 172 bytes
V2VNativeBridge3: Sending message to -1 with length 685
        [Reliability 2] Piggybacked 2 ACKs to replica 0
[JNI] nativeSendMessage: 3 -> -1
[JNI] Sending 685 bytes (3->-1)
[DEBUG V2VProxy 3] Queue has space - adding message
[JNI] Message queued successfully
        Payload size: 172 bytes
        [Reliability 3] Sent seq=0 to replica 2
=== [V2V Layer 3] SEND complete ===
V2VNativeBridge2: Sending message to -1 with length 777
[JNI] nativeSendMessage: 2 -> -1
[JNI] Sending 777 bytes (2->-1)
[DEBUG V2VProxy 2] Queue has space - adding message
[JNI] Message queued successfully
        [Reliability 2] Sent seq=0 to replica 0
    -> Sending to replica 1 via V2V
V2VNativeBridge1: Sending message to -1 with length 685
[JNI] nativeSendMessage: 1 -> -1
    [Reliability 2] sendReliable() called[JNI] Sending 685 bytes (1->-1)

[DEBUG V2VProxy 1] Queue has space - adding message
[JNI] Message queued successfully
        Target: 1
        Message type: ConsensusMessage
        [Reliability 1] Sent seq=0 to replica 3
        Sequence number: 0
19:27:53.918 [Server Comm. System] INFO bftsmart.communication.ServerCommunicationSystem - === ServerCommunicationSystem.send() complete ===
=== [V2V Layer 1] SEND complete ===
19:27:53.918 [Server Comm. System] INFO bftsmart.communication.ServerCommunicationSystem - === ServerCommunicationSystem.send() complete ===
        Payload size: 172 bytes
19:27:53.918 [Server Comm. System] DEBUG bftsmart.consensus.roles.Acceptor - I have 1, WRITE's for cId:0, Epoch timestamp:0,
[Acceptor 3] computeWrite: cId=0, writeAccepted=1, quorum=2
19:27:53.918 [Server Comm. System] DEBUG bftsmart.consensus.roles.Acceptor - I have 1, WRITE's for cId:0, Epoch timestamp:0,
[MessageFactory] Creating ACCEPT message: from=3, id=0, epoch=0
V2VNativeBridge2: Sending message to -1 with length 685
[JNI] nativeSendMessage: 2 -> -1
[JNI] Sending 685 bytes (2->-1)
[DEBUG V2VProxy 2] Queue has space - adding message
[JNI] Message queued successfully
        [Reliability 2] Sent seq=0 to replica 1
    -> Sending to replica 3 via V2V
    [Reliability 2] sendReliable() called
        Target: 3
        Message type: ConsensusMessage
        Sequence number: 0
        Payload size: 172 bytes
[Acceptor 1] computeWrite: cId=0, writeAccepted=1, quorum=2
[MessageFactory] Creating ACCEPT message: from=1, id=0, epoch=0
V2VNativeBridge2: Sending message to -1 with length 685
[JNI] nativeSendMessage: 2 -> -1
[JNI] Sending 685 bytes (2->-1)
[DEBUG V2VProxy 2] Queue has space - adding message
[JNI] Message queued successfully
        [Reliability 2] Sent seq=0 to replica 3
=== [V2V Layer 2] SEND complete ===
19:27:53.918 [Server Comm. System] INFO bftsmart.communication.ServerCommunicationSystem - === ServerCommunicationSystem.send() complete ===
19:27:53.918 [Server Comm. System] DEBUG bftsmart.consensus.roles.Acceptor - I have 1, WRITE's for cId:0, Epoch timestamp:0,
[Acceptor 2] computeWrite: cId=0, writeAccepted=1, quorum=2
[MessageFactory] Creating ACCEPT message: from=2, id=0, epoch=0
19:27:53.918 [Server Comm. System] DEBUG bftsmart.consensus.roles.Acceptor - WRITE computed for cId:0, I am:3
19:27:53.918 [Server Comm. System] INFO bftsmart.communication.ServerCommunicationSystem - === Message processed ===
19:27:53.918 [Server Comm. System] INFO bftsmart.communication.ServerCommunicationSystem - === ServerCommunicationSystem RECEIVED message ===
19:27:53.918 [Server Comm. System] INFO bftsmart.communication.ServerCommunicationSystem -     Message type: ConsensusMessage
19:27:53.918 [Server Comm. System] INFO bftsmart.communication.ServerCommunicationSystem -     From: 0
19:27:53.918 [Server Comm. System] INFO bftsmart.communication.ServerCommunicationSystem -     Message count: 1
19:27:53.918 [Server Comm. System] DEBUG bftsmart.communication.ServerCommunicationSystem - <-- receiving, msg:type=WRITE, number=0, epoch=0, from=0
19:27:53.918 [Server Comm. System] DEBUG bftsmart.tom.core.ExecutionManager - Received message  type=WRITE, number=0, epoch=0, from=0
19:27:53.918 [Server Comm. System] DEBUG bftsmart.tom.core.ExecutionManager - I'm at consensus 0 and my last consensus is -1
19:27:53.918 [Server Comm. System] DEBUG bftsmart.tom.core.ExecutionManager - Message for consensus 0 can be processed
19:27:53.918 [Server Comm. System] DEBUG bftsmart.consensus.roles.Acceptor - Processing paxos msg with id 0
19:27:53.918 [pool-5-thread-1] DEBUG bftsmart.consensus.roles.Acceptor - Creating cryptographic proof for speculative ACCEPT message from consensus 0
19:27:53.918 [Server Comm. System] DEBUG bftsmart.consensus.roles.Acceptor - WRITE received from:0, for consensus cId:0
19:27:53.918 [Server Comm. System] DEBUG bftsmart.consensus.roles.Acceptor - I have 2, WRITE's for cId:0, Epoch timestamp:0,
[Acceptor 3] computeWrite: cId=0, writeAccepted=2, quorum=2
19:27:53.919 [Server Comm. System] INFO bftsmart.communication.ServerCommunicationSystem - === Message processed ===
19:27:53.919 [Server Comm. System] DEBUG bftsmart.consensus.roles.Acceptor - WRITE computed for cId:0, I am:2
19:27:53.919 [Server Comm. System] INFO bftsmart.communication.ServerCommunicationSystem - === Message processed ===
19:27:53.919 [Server Comm. System] INFO bftsmart.communication.ServerCommunicationSystem - === ServerCommunicationSystem RECEIVED message ===
19:27:53.919 [Server Comm. System] INFO bftsmart.communication.ServerCommunicationSystem -     Message type: ConsensusMessage
19:27:53.919 [Server Comm. System] INFO bftsmart.communication.ServerCommunicationSystem -     From: 0
19:27:53.919 [Server Comm. System] INFO bftsmart.communication.ServerCommunicationSystem -     Message count: 1
19:27:53.919 [Server Comm. System] DEBUG bftsmart.communication.ServerCommunicationSystem - <-- receiving, msg:type=WRITE, number=0, epoch=0, from=0
19:27:53.919 [Server Comm. System] DEBUG bftsmart.tom.core.ExecutionManager - Received message  type=WRITE, number=0, epoch=0, from=0
19:27:53.919 [Server Comm. System] DEBUG bftsmart.tom.core.ExecutionManager - I'm at consensus 0 and my last consensus is -1
19:27:53.919 [Server Comm. System] DEBUG bftsmart.tom.core.ExecutionManager - Message for consensus 0 can be processed
19:27:53.919 [Server Comm. System] DEBUG bftsmart.consensus.roles.Acceptor - Processing paxos msg with id 0
19:27:53.919 [Server Comm. System] DEBUG bftsmart.consensus.roles.Acceptor - WRITE received from:0, for consensus cId:0
19:27:53.919 [Server Comm. System] DEBUG bftsmart.consensus.roles.Acceptor - I have 2, WRITE's for cId:0, Epoch timestamp:0,
19:27:53.919 [pool-6-thread-1] DEBUG bftsmart.consensus.roles.Acceptor - Creating cryptographic proof for speculative ACCEPT message from consensus 0
[Acceptor 2] computeWrite: cId=0, writeAccepted=2, quorum=2
19:27:53.919 [Server Comm. System] INFO bftsmart.communication.ServerCommunicationSystem - === Message processed ===
19:27:53.919 [Server Comm. System] DEBUG bftsmart.consensus.roles.Acceptor - WRITE computed for cId:0, I am:1
19:27:53.919 [Server Comm. System] INFO bftsmart.communication.ServerCommunicationSystem - === Message processed ===
19:27:53.919 [Server Comm. System] INFO bftsmart.communication.ServerCommunicationSystem - === ServerCommunicationSystem RECEIVED message ===
19:27:53.919 [Server Comm. System] INFO bftsmart.communication.ServerCommunicationSystem -     Message type: ConsensusMessage
19:27:53.919 [Server Comm. System] INFO bftsmart.communication.ServerCommunicationSystem -     From: 0
19:27:53.919 [Server Comm. System] INFO bftsmart.communication.ServerCommunicationSystem -     Message count: 1
19:27:53.919 [Server Comm. System] DEBUG bftsmart.communication.ServerCommunicationSystem - <-- receiving, msg:type=WRITE, number=0, epoch=0, from=0
19:27:53.919 [Server Comm. System] DEBUG bftsmart.tom.core.ExecutionManager - Received message  type=WRITE, number=0, epoch=0, from=0
19:27:53.919 [Server Comm. System] DEBUG bftsmart.tom.core.ExecutionManager - I'm at consensus 0 and my last consensus is -1
19:27:53.919 [Server Comm. System] DEBUG bftsmart.tom.core.ExecutionManager - Message for consensus 0 can be processed
19:27:53.919 [Server Comm. System] DEBUG bftsmart.consensus.roles.Acceptor - Processing paxos msg with id 0
19:27:53.919 [pool-8-thread-1] DEBUG bftsmart.consensus.roles.Acceptor - Creating cryptographic proof for speculative ACCEPT message from consensus 0
19:27:53.919 [Server Comm. System] DEBUG bftsmart.consensus.roles.Acceptor - WRITE received from:0, for consensus cId:0
19:27:53.920 [Server Comm. System] DEBUG bftsmart.consensus.roles.Acceptor - I have 2, WRITE's for cId:0, Epoch timestamp:0,
[Acceptor 1] computeWrite: cId=0, writeAccepted=2, quorum=2
19:27:53.920 [Server Comm. System] INFO bftsmart.communication.ServerCommunicationSystem - === Message processed ===
[V2VProxy 3] *** RECEIVED V2V message #3 from=0 to=-1 (broadcast=YES) at t=6.909155021777
[V2VProxy 3] Delivering message #7 from replica 0 to Java (853 bytes)
V2VNativeBridge3: Received message from 0 with length 853
[V2V Layer 3] Received message from replica 0 via JNI
    [Reliability 3] handleIncomingMessage() called
        Type: DATA
        From: 0
        SeqNum: 0
        Expected seq: 2
        -> DUPLICATE (seq < expected), ignoring
[V2VProxy 1] *** RECEIVED V2V message #3 from=0 to=-1 (broadcast=YES) at t=6.909155023317
[V2VProxy 1] Delivering message #8 from replica 0 to Java (853 bytes)
V2VNativeBridge1: Received message from 0 with length 853
[V2V Layer 1] Received message from replica 0 via JNI
    [Reliability 1] handleIncomingMessage() called
        Type: DATA
        From: 0
        SeqNum: 0
        Expected seq: 2
        -> DUPLICATE (seq < expected), ignoring
[V2VProxy 2] *** RECEIVED V2V message #3 from=0 to=-1 (broadcast=YES) at t=6.909155042383
[V2VProxy 2] Delivering message #9 from replica 0 to Java (853 bytes)
V2VNativeBridge2: Received message from 0 with length 853
[V2V Layer 2] Received message from replica 0 via JNI
    [Reliability 2] handleIncomingMessage() called
        Type: DATA
        From: 0
        SeqNum: 0
        Expected seq: 2
        -> DUPLICATE (seq < expected), ignoring
[V2VProxy 3] *** RECEIVED V2V message #4 from=0 to=-1 (broadcast=YES) at t=6.910837021777
[V2VProxy 3] Delivering message #10 from replica 0 to Java (853 bytes)
V2VNativeBridge3: Received message from 0 with length 853
[V2V Layer 3] Received message from replica 0 via JNI
    [Reliability 3] handleIncomingMessage() called
        Type: DATA
        From: 0
        SeqNum: 0
        Expected seq: 2
        -> DUPLICATE (seq < expected), ignoring
[V2VProxy 1] *** RECEIVED V2V message #4 from=0 to=-1 (broadcast=YES) at t=6.910837023317
V2VNativeBridge1: Received message from 0 with length 853
[V2V Layer 1] Received message from replica 0 via JNI
    [Reliability 1] handleIncomingMessage() called
        Type: DATA
        From: 0
        SeqNum: 0
        Expected seq: 2
        -> DUPLICATE (seq < expected), ignoring
[V2VProxy 2] *** RECEIVED V2V message #4 from=0 to=-1 (broadcast=YES) at t=6.910837042383
V2VNativeBridge2: Received message from 0 with length 853
[V2V Layer 2] Received message from replica 0 via JNI
    [Reliability 2] handleIncomingMessage() called
        Type: DATA
        From: 0
        SeqNum: 0
        Expected seq: 2
        -> DUPLICATE (seq < expected), ignoring
[V2VProxy 3] *** RECEIVED V2V message #5 from=0 to=-1 (broadcast=YES) at t=6.912176021777
V2VNativeBridge3: Received message from 0 with length 685
[V2V Layer 3] Received message from replica 0 via JNI
    [Reliability 3] handleIncomingMessage() called
        Type: DATA
        From: 0
        SeqNum: 1
        Expected seq: 2
        -> DUPLICATE (seq < expected), ignoring
[V2VProxy 1] *** RECEIVED V2V message #5 from=0 to=-1 (broadcast=YES) at t=6.912176023317
V2VNativeBridge1: Received message from 0 with length 685
[V2V Layer 1] Received message from replica 0 via JNI
    [Reliability 1] handleIncomingMessage() called
        Type: DATA
        From: 0
        SeqNum: 1
        Expected seq: 2
        -> DUPLICATE (seq < expected), ignoring
[V2VProxy 2] *** RECEIVED V2V message #5 from=0 to=-1 (broadcast=YES) at t=6.912176042383
V2VNativeBridge2: Received message from 0 with length 685
[V2V Layer 2] Received message from replica 0 via JNI
    [Reliability 2] handleIncomingMessage() called
        Type: DATA
        From: 0
        SeqNum: 1
        Expected seq: 2
        -> DUPLICATE (seq < expected), ignoring
[V2VProxy 3] *** RECEIVED V2V message #6 from=0 to=-1 (broadcast=YES) at t=6.913541021777
V2VNativeBridge3: Received message from 0 with length 685
[V2V Layer 3] Received message from replica 0 via JNI
    [Reliability 3] handleIncomingMessage() called
        Type: DATA
        From: 0
        SeqNum: 1
        Expected seq: 2
        -> DUPLICATE (seq < expected), ignoring
[V2VProxy 1] *** RECEIVED V2V message #6 from=0 to=-1 (broadcast=YES) at t=6.913541023317
V2VNativeBridge1: Received message from 0 with length 685
[V2V Layer 1] Received message from replica 0 via JNI
    [Reliability 1] handleIncomingMessage() called
        Type: DATA
        From: 0
        SeqNum: 1
        Expected seq: 2
        -> DUPLICATE (seq < expected), ignoring
[V2VProxy 2] *** RECEIVED V2V message #6 from=0 to=-1 (broadcast=YES) at t=6.913541042383
V2VNativeBridge2: Received message from 0 with length 685
[V2V Layer 2] Received message from replica 0 via JNI
    [Reliability 2] handleIncomingMessage() called
        Type: DATA
        From: 0
        SeqNum: 1
        Expected seq: 2
        -> DUPLICATE (seq < expected), ignoring
[V2VProxy 1] *** SENDING V2V message #1 from=1 to=-1 size=777 bytes at t=6.95
[V2VProxy 1] *** SENDING V2V message #2 from=1 to=-1 size=685 bytes at t=6.95
[V2VProxy 1] *** SENDING V2V message #3 from=1 to=-1 size=685 bytes at t=6.95
[V2VProxy 2] *** SENDING V2V message #1 from=2 to=-1 size=777 bytes at t=6.95
[V2VProxy 2] *** SENDING V2V message #2 from=2 to=-1 size=685 bytes at t=6.95
[V2VProxy 2] *** SENDING V2V message #3 from=2 to=-1 size=685 bytes at t=6.95
[V2VProxy 3] *** SENDING V2V message #1 from=3 to=-1 size=777 bytes at t=6.95
[V2VProxy 3] *** SENDING V2V message #2 from=3 to=-1 size=685 bytes at t=6.95
[V2VProxy 3] *** SENDING V2V message #3 from=3 to=-1 size=685 bytes at t=6.95
[V2VProxy 2] *** RECEIVED V2V message #7 from=1 to=-1 (broadcast=YES) at t=6.953364044256
V2VNativeBridge2: Received message from 1 with length 777
[V2V Layer 2] Received message from replica 1 via JNI
    [Reliability 2] handleIncomingMessage() called
        Type: DATA
        From: 1
        SeqNum: 0
        Expected seq: 0
        -> IN ORDER, delivering immediately
    [Reliability 2] deliverMessage() - deserializing payload
        Deserialized: ConsensusMessage
        DEBUG: envelope.fromReplicaId=1, message.getSender()=1
=== [V2V Layer 2] DELIVER to BFT-SMaRt ===
    Message type: ConsensusMessage
    From replica: 1
    InQueue size before: 0
    InQueue size after: 1
=== [V2V Layer 2] DELIVER successful ===
19:27:54.011 [Server Comm. System] INFO bftsmart.communication.ServerCommunicationSystem - === ServerCommunicationSystem RECEIVED message ===
19:27:54.011 [Server Comm. System] INFO bftsmart.communication.ServerCommunicationSystem -     Message type: ConsensusMessage
[V2VProxy 0] *** RECEIVED V2V message #1 from=1 to=-1 (broadcast=YES) at t=6.953364046634
V2VNativeBridge0: Received message from 1 with length 777
[V2V Layer 0] Received message from replica 1 via JNI
19:27:54.011 [Server Comm. System] INFO bftsmart.communication.ServerCommunicationSystem -     From: 1
19:27:54.011 [Server Comm. System] INFO bftsmart.communication.ServerCommunicationSystem -     Message count: 2
19:27:54.011 [Server Comm. System] DEBUG bftsmart.communication.ServerCommunicationSystem - <-- receiving, msg:type=WRITE, number=0, epoch=0, from=1
19:27:54.011 [Server Comm. System] DEBUG bftsmart.tom.core.ExecutionManager - Received message  type=WRITE, number=0, epoch=0, from=1
19:27:54.011 [Server Comm. System] DEBUG bftsmart.tom.core.ExecutionManager - I'm at consensus 0 and my last consensus is -1
19:27:54.011 [Server Comm. System] DEBUG bftsmart.tom.core.ExecutionManager - Message for consensus 0 can be processed
19:27:54.011 [Server Comm. System] DEBUG bftsmart.consensus.roles.Acceptor - Processing paxos msg with id 0
19:27:54.011 [Server Comm. System] DEBUG bftsmart.consensus.roles.Acceptor - WRITE received from:1, for consensus cId:0
19:27:54.011 [Server Comm. System] DEBUG bftsmart.consensus.roles.Acceptor - I have 3, WRITE's for cId:0, Epoch timestamp:0,
[Acceptor 2] computeWrite: cId=0, writeAccepted=3, quorum=2
    [Reliability 0] handleIncomingMessage() called
19:27:54.011 [Server Comm. System] DEBUG bftsmart.consensus.roles.Acceptor - Sending ACCEPT message, cId:0, I am:2
        Type: DATA
        From: 1
        SeqNum: 0
19:27:54.011 [Server Comm. System] DEBUG bftsmart.consensus.roles.Acceptor - Setting consensus 0 QuorumWrite tiemstamp to 0 and value [-2, 75, -41, -41, -19, 2, -80, -103, 88, -26, -2, -51, 57, -13, -116, 86, 63, 108, -103, 13, -39, -11, -30, -31, 42, -69, -71, 82, 82, -118, -31, -121]
        Expected seq: 0
19:27:54.011 [Server Comm. System] DEBUG bftsmart.consensus.roles.Acceptor - Speculative ACCEPT message for consensus 0 matches the written value, sending it to the other replicas
        -> IN ORDER, delivering immediately
    [Reliability 0] deliverMessage() - deserializing payload
[Acceptor 2] ABOUT TO SEND speculative ACCEPT for cId=0 to targets=[0, 1, 2, 3]
=== [V2V Layer 2] SEND called ===
    Targets: [0, 1, 2, 3]
    Message type: ConsensusMessage
    Sender: 2
    -> Sending to replica 0 via V2V
    [Reliability 2] sendReliable() called
        Target: 0
        Message type: ConsensusMessage
        Deserialized: ConsensusMessage
        Sequence number: 1
        DEBUG: envelope.fromReplicaId=1, message.getSender()=1
=== [V2V Layer 0] DELIVER to BFT-SMaRt ===
    Message type: ConsensusMessage
    From replica: 1
    InQueue size before: 0
    InQueue size after: 1
=== [V2V Layer 0] DELIVER successful ===
        Payload size: 267 bytes
        [Reliability 2] Piggybacked 2 ACKs to replica 0
19:27:54.012 [Server Comm. System] INFO bftsmart.communication.ServerCommunicationSystem - === ServerCommunicationSystem RECEIVED message ===
19:27:54.012 [Server Comm. System] INFO bftsmart.communication.ServerCommunicationSystem -     Message type: ConsensusMessage
19:27:54.012 [Server Comm. System] INFO bftsmart.communication.ServerCommunicationSystem -     From: 1
19:27:54.012 [Server Comm. System] INFO bftsmart.communication.ServerCommunicationSystem -     Message count: 1
19:27:54.012 [Server Comm. System] DEBUG bftsmart.communication.ServerCommunicationSystem - <-- receiving, msg:type=WRITE, number=0, epoch=0, from=1
19:27:54.012 [Server Comm. System] DEBUG bftsmart.tom.core.ExecutionManager - Received message  type=WRITE, number=0, epoch=0, from=1
19:27:54.012 [Server Comm. System] DEBUG bftsmart.tom.core.ExecutionManager - I'm at consensus 0 and my last consensus is -1
[V2VProxy 3] *** RECEIVED V2V message #7 from=1 to=-1 (broadcast=YES) at t=6.953364066403
19:27:54.012 [Server Comm. System] DEBUG bftsmart.tom.core.ExecutionManager - Message for consensus 0 can be processed
19:27:54.012 [Server Comm. System] DEBUG bftsmart.consensus.roles.Acceptor - Processing paxos msg with id 0
V2VNativeBridge3: Received message from 1 with length 777
[V2V Layer 3] Received message from replica 1 via JNI
19:27:54.012 [Server Comm. System] DEBUG bftsmart.consensus.roles.Acceptor - WRITE received from:1, for consensus cId:0
19:27:54.012 [Server Comm. System] DEBUG bftsmart.consensus.roles.Acceptor - I have 2, WRITE's for cId:0, Epoch timestamp:0,
[Acceptor 0] computeWrite: cId=0, writeAccepted=2, quorum=2
19:27:54.012 [Server Comm. System] INFO bftsmart.communication.ServerCommunicationSystem - === Message processed ===
    [Reliability 3] handleIncomingMessage() called
        Type: DATA
        From: 1
        SeqNum: 0
        Expected seq: 0
        -> IN ORDER, delivering immediately
    [Reliability 3] deliverMessage() - deserializing payload
        Deserialized: ConsensusMessage
        DEBUG: envelope.fromReplicaId=1, message.getSender()=1
=== [V2V Layer 3] DELIVER to BFT-SMaRt ===
    Message type: ConsensusMessage
    From replica: 1
    InQueue size before: 0
    InQueue size after: 1
=== [V2V Layer 3] DELIVER successful ===
19:27:54.012 [Server Comm. System] INFO bftsmart.communication.ServerCommunicationSystem - === ServerCommunicationSystem RECEIVED message ===
19:27:54.012 [Server Comm. System] INFO bftsmart.communication.ServerCommunicationSystem -     Message type: ConsensusMessage
19:27:54.012 [Server Comm. System] INFO bftsmart.communication.ServerCommunicationSystem -     From: 1
19:27:54.012 [Server Comm. System] INFO bftsmart.communication.ServerCommunicationSystem -     Message count: 2
19:27:54.012 [Server Comm. System] DEBUG bftsmart.communication.ServerCommunicationSystem - <-- receiving, msg:type=WRITE, number=0, epoch=0, from=1
19:27:54.012 [Server Comm. System] DEBUG bftsmart.tom.core.ExecutionManager - Received message  type=WRITE, number=0, epoch=0, from=1
19:27:54.012 [Server Comm. System] DEBUG bftsmart.tom.core.ExecutionManager - I'm at consensus 0 and my last consensus is -1
19:27:54.012 [Server Comm. System] DEBUG bftsmart.tom.core.ExecutionManager - Message for consensus 0 can be processed
19:27:54.012 [Server Comm. System] DEBUG bftsmart.consensus.roles.Acceptor - Processing paxos msg with id 0
19:27:54.012 [Server Comm. System] DEBUG bftsmart.consensus.roles.Acceptor - WRITE received from:1, for consensus cId:0
19:27:54.012 [Server Comm. System] DEBUG bftsmart.consensus.roles.Acceptor - I have 3, WRITE's for cId:0, Epoch timestamp:0,
[Acceptor 3] computeWrite: cId=0, writeAccepted=3, quorum=2
19:27:54.013 [Server Comm. System] DEBUG bftsmart.consensus.roles.Acceptor - Sending ACCEPT message, cId:0, I am:3
19:27:54.013 [Server Comm. System] DEBUG bftsmart.consensus.roles.Acceptor - Setting consensus 0 QuorumWrite tiemstamp to 0 and value [-2, 75, -41, -41, -19, 2, -80, -103, 88, -26, -2, -51, 57, -13, -116, 86, 63, 108, -103, 13, -39, -11, -30, -31, 42, -69, -71, 82, 82, -118, -31, -121]
19:27:54.013 [Server Comm. System] DEBUG bftsmart.consensus.roles.Acceptor - Speculative ACCEPT message for consensus 0 matches the written value, sending it to the other replicas
[Acceptor 3] ABOUT TO SEND speculative ACCEPT for cId=0 to targets=[0, 1, 2, 3]
=== [V2V Layer 3] SEND called ===
    Targets: [0, 1, 2, 3]
    Message type: ConsensusMessage
    Sender: 3
    -> Sending to replica 0 via V2V
    [Reliability 3] sendReliable() called
        Target: 0
        Message type: ConsensusMessage
        Sequence number: 1
        Payload size: 266 bytes
        [Reliability 3] Piggybacked 2 ACKs to replica 0
[V2VProxy 2] *** RECEIVED V2V message #8 from=1 to=-1 (broadcast=YES) at t=6.954703044256
V2VNativeBridge2: Received message from 1 with length 685
[V2V Layer 2] Received message from replica 1 via JNI
    [Reliability 2] handleIncomingMessage() called
        Type: DATA
        From: 1
        SeqNum: 0
        Expected seq: 1
        -> DUPLICATE (seq < expected), ignoring
[V2VProxy 0] *** RECEIVED V2V message #2 from=1 to=-1 (broadcast=YES) at t=6.954703046634
V2VNativeBridge0: Received message from 1 with length 685
[V2V Layer 0] Received message from replica 1 via JNI
    [Reliability 0] handleIncomingMessage() called
        Type: DATA
        From: 1
        SeqNum: 0
        Expected seq: 1
        -> DUPLICATE (seq < expected), ignoring
[V2VProxy 3] *** RECEIVED V2V message #8 from=1 to=-1 (broadcast=YES) at t=6.954703066403
V2VNativeBridge3: Received message from 1 with length 685
[V2V Layer 3] Received message from replica 1 via JNI
    [Reliability 3] handleIncomingMessage() called
        Type: DATA
        From: 1
        SeqNum: 0
        Expected seq: 1
        -> DUPLICATE (seq < expected), ignoring
[V2VProxy 1] *** RECEIVED V2V message #7 from=2 to=-1 (broadcast=YES) at t=6.956055065195
V2VNativeBridge1: Received message from 2 with length 685
[V2V Layer 1] Received message from replica 2 via JNI
    [Reliability 1] handleIncomingMessage() called
        Type: DATA
        From: 2
        SeqNum: 0
        Expected seq: 0
        -> IN ORDER, delivering immediately
    [Reliability 1] deliverMessage() - deserializing payload
        Deserialized: ConsensusMessage
        DEBUG: envelope.fromReplicaId=2, message.getSender()=2
=== [V2V Layer 1] DELIVER to BFT-SMaRt ===
    Message type: ConsensusMessage
    From replica: 2
    InQueue size before: 0
    InQueue size after: 1
=== [V2V Layer 1] DELIVER successful ===
19:27:54.054 [Server Comm. System] INFO bftsmart.communication.ServerCommunicationSystem - === ServerCommunicationSystem RECEIVED message ===
19:27:54.054 [Server Comm. System] INFO bftsmart.communication.ServerCommunicationSystem -     Message type: ConsensusMessage
19:27:54.054 [Server Comm. System] INFO bftsmart.communication.ServerCommunicationSystem -     From: 2
19:27:54.054 [Server Comm. System] INFO bftsmart.communication.ServerCommunicationSystem -     Message count: 2
19:27:54.054 [Server Comm. System] DEBUG bftsmart.communication.ServerCommunicationSystem - <-- receiving, msg:type=WRITE, number=0, epoch=0, from=2
19:27:54.054 [Server Comm. System] DEBUG bftsmart.tom.core.ExecutionManager - Received message  type=WRITE, number=0, epoch=0, from=2
19:27:54.054 [Server Comm. System] DEBUG bftsmart.tom.core.ExecutionManager - I'm at consensus 0 and my last consensus is -1
[V2VProxy 0] *** RECEIVED V2V message #3 from=2 to=-1 (broadcast=YES) at t=6.956055086639
19:27:54.054 [Server Comm. System] DEBUG bftsmart.tom.core.ExecutionManager - Message for consensus 0 can be processed
19:27:54.054 [Server Comm. System] DEBUG bftsmart.consensus.roles.Acceptor - Processing paxos msg with id 0
V2VNativeBridge0: Received message from 2 with length 685
19:27:54.054 [Server Comm. System] DEBUG bftsmart.consensus.roles.Acceptor - WRITE received from:2, for consensus cId:0
[V2V Layer 0] Received message from replica 2 via JNI
19:27:54.054 [Server Comm. System] DEBUG bftsmart.consensus.roles.Acceptor - I have 3, WRITE's for cId:0, Epoch timestamp:0,
[Acceptor 1] computeWrite: cId=0, writeAccepted=3, quorum=2
19:27:54.054 [Server Comm. System] DEBUG bftsmart.consensus.roles.Acceptor - Sending ACCEPT message, cId:0, I am:1
19:27:54.054 [Server Comm. System] DEBUG bftsmart.consensus.roles.Acceptor - Setting consensus 0 QuorumWrite tiemstamp to 0 and value [-2, 75, -41, -41, -19, 2, -80, -103, 88, -26, -2, -51, 57, -13, -116, 86, 63, 108, -103, 13, -39, -11, -30, -31, 42, -69, -71, 82, 82, -118, -31, -121]
19:27:54.054 [Server Comm. System] DEBUG bftsmart.consensus.roles.Acceptor - Speculative ACCEPT message for consensus 0 matches the written value, sending it to the other replicas
[Acceptor 1] ABOUT TO SEND speculative ACCEPT for cId=0 to targets=[0, 1, 2, 3]
=== [V2V Layer 1] SEND called ===
    Targets: [0, 1, 2, 3]
    Message type: ConsensusMessage
    Sender: 1
    -> Sending to replica 0 via V2V
    [Reliability 1] sendReliable() called
        Target: 0
        Message type: ConsensusMessage
        Sequence number: 1
        Payload size: 266 bytes
    [Reliability 0] handleIncomingMessage() called
        Type: DATA
        From: 2
        SeqNum: 0
        Expected seq: 0
        [Reliability 1] Piggybacked 2 ACKs to replica 0
        -> IN ORDER, delivering immediately
    [Reliability 0] deliverMessage() - deserializing payload
        Deserialized: ConsensusMessage
        DEBUG: envelope.fromReplicaId=2, message.getSender()=2
=== [V2V Layer 0] DELIVER to BFT-SMaRt ===
V2VNativeBridge1: Sending message to -1 with length 871
[JNI] nativeSendMessage: 1 -> -1
    Message type: ConsensusMessage
    From replica: 2[JNI] Sending 871 bytes (1->-1)

[DEBUG V2VProxy 1] Queue has space - adding message
[JNI] Message queued successfully
    InQueue size before: 0
        [Reliability 1] Sent seq=1 to replica 0
    -> Self-delivery to replica 1
=== [V2V Layer 1] DELIVER to BFT-SMaRt ===
    Message type: ConsensusMessage
    From replica: 1
    InQueue size before: 0
    InQueue size after: 1
=== [V2V Layer 1] DELIVER successful ===
    InQueue size after: 1
=== [V2V Layer 0] DELIVER successful ===
    -> Sending to replica 2 via V2V
    [Reliability 1] sendReliable() called
        Target: 2
        Message type: ConsensusMessage
        Sequence number: 1
19:27:54.055 [Server Comm. System] INFO bftsmart.communication.ServerCommunicationSystem - === ServerCommunicationSystem RECEIVED message ===
19:27:54.055 [Server Comm. System] INFO bftsmart.communication.ServerCommunicationSystem -     Message type: ConsensusMessage
        Payload size: 266 bytes
19:27:54.055 [Server Comm. System] INFO bftsmart.communication.ServerCommunicationSystem -     From: 2
        [Reliability 1] Piggybacked 1 ACKs to replica 2
19:27:54.055 [Server Comm. System] INFO bftsmart.communication.ServerCommunicationSystem -     Message count: 2
19:27:54.055 [Server Comm. System] DEBUG bftsmart.communication.ServerCommunicationSystem - <-- receiving, msg:type=WRITE, number=0, epoch=0, from=2
19:27:54.055 [Server Comm. System] DEBUG bftsmart.tom.core.ExecutionManager - Received message  type=WRITE, number=0, epoch=0, from=2
19:27:54.055 [Server Comm. System] DEBUG bftsmart.tom.core.ExecutionManager - I'm at consensus 0 and my last consensus is -1
19:27:54.055 [Server Comm. System] DEBUG bftsmart.tom.core.ExecutionManager - Message for consensus 0 can be processed
19:27:54.055 [Server Comm. System] DEBUG bftsmart.consensus.roles.Acceptor - Processing paxos msg with id 0
19:27:54.055 [Server Comm. System] DEBUG bftsmart.consensus.roles.Acceptor - WRITE received from:2, for consensus cId:0
[V2VProxy 3] *** RECEIVED V2V message #9 from=2 to=-1 (broadcast=YES) at t=6.956055107666
19:27:54.055 [Server Comm. System] DEBUG bftsmart.consensus.roles.Acceptor - I have 3, WRITE's for cId:0, Epoch timestamp:0,
[Acceptor 0] computeWrite: cId=0, writeAccepted=3, quorum=2
V2VNativeBridge3: Received message from 2 with length 685
[V2V Layer 3] Received message from replica 2 via JNI
V2VNativeBridge1: Sending message to -1 with length 857
[JNI] nativeSendMessage: 1 -> -1
[JNI] Sending 857 bytes (1->-1)
[DEBUG V2VProxy 1] Queue has space - adding message
[JNI] Message queued successfully
        [Reliability 1] Sent seq=1 to replica 2
    -> Sending to replica 3 via V2V
    [Reliability 1] sendReliable() called
        Target: 3
        Message type: ConsensusMessage
        Sequence number: 1
19:27:54.055 [Server Comm. System] DEBUG bftsmart.consensus.roles.Acceptor - Sending ACCEPT message, cId:0, I am:0
        Payload size: 266 bytes
19:27:54.055 [Server Comm. System] DEBUG bftsmart.consensus.roles.Acceptor - Setting consensus 0 QuorumWrite tiemstamp to 0 and value [-2, 75, -41, -41, -19, 2, -80, -103, 88, -26, -2, -51, 57, -13, -116, 86, 63, 108, -103, 13, -39, -11, -30, -31, 42, -69, -71, 82, 82, -118, -31, -121]
    [Reliability 3] handleIncomingMessage() called
        Type: DATA
        From: 2
19:27:54.055 [Server Comm. System] DEBUG bftsmart.consensus.roles.Acceptor - Speculative ACCEPT message for consensus 0 matches the written value, sending it to the other replicas
V2VNativeBridge1: Sending message to -1 with length 779
[JNI] nativeSendMessage: 1 -> -1
[JNI] Sending 779 bytes (1->-1)
[DEBUG V2VProxy 1] Queue has space - adding message
        SeqNum: 0[JNI] Message queued successfully

        [Reliability 1] Sent seq=1 to replica 3
=== [V2V Layer 1] SEND complete ===
[Acceptor 1] SENT speculative ACCEPT for cId=0
        Expected seq: 0
        -> IN ORDER, delivering immediately
    [Reliability 3] deliverMessage() - deserializing payload
[Acceptor 0] ABOUT TO SEND speculative ACCEPT for cId=0 to targets=[0, 1, 2, 3]
=== [V2V Layer 0] SEND called ===
    Targets: [0, 1, 2, 3]
    Message type: ConsensusMessage
    Sender: 0
    -> Self-delivery to replica 0
=== [V2V Layer 0] DELIVER to BFT-SMaRt ===
19:27:54.055 [Server Comm. System] INFO bftsmart.communication.ServerCommunicationSystem - === Message processed ===
        Deserialized: ConsensusMessage
        DEBUG: envelope.fromReplicaId=2, message.getSender()=2
=== [V2V Layer 3] DELIVER to BFT-SMaRt ===
    Message type: ConsensusMessage
    From replica: 2
    InQueue size before: 0
    Message type: ConsensusMessage
    From replica: 0
    InQueue size before: 0
    InQueue size after: 1
=== [V2V Layer 3] DELIVER successful ===
19:27:54.055 [Server Comm. System] INFO bftsmart.communication.ServerCommunicationSystem - === ServerCommunicationSystem RECEIVED message ===
    InQueue size after: 1
=== [V2V Layer 0] DELIVER successful ===
19:27:54.056 [Server Comm. System] INFO bftsmart.communication.ServerCommunicationSystem -     Message type: ConsensusMessage
    -> Sending to replica 1 via V2V
    [Reliability 0] sendReliable() called
        Target: 1
        Message type: ConsensusMessage
        Sequence number: 2
19:27:54.056 [Server Comm. System] INFO bftsmart.communication.ServerCommunicationSystem -     From: 1
19:27:54.056 [Server Comm. System] INFO bftsmart.communication.ServerCommunicationSystem -     Message count: 3
19:27:54.056 [Server Comm. System] DEBUG bftsmart.communication.ServerCommunicationSystem - <-- receiving, msg:type=ACCEPT, number=0, epoch=0, from=1
19:27:54.056 [Server Comm. System] DEBUG bftsmart.tom.core.ExecutionManager - Received message  type=ACCEPT, number=0, epoch=0, from=1
19:27:54.056 [Server Comm. System] DEBUG bftsmart.tom.core.ExecutionManager - I'm at consensus 0 and my last consensus is -1
        Payload size: 266 bytes
19:27:54.056 [Server Comm. System] DEBUG bftsmart.tom.core.ExecutionManager - Message for consensus 0 can be processed
19:27:54.056 [Server Comm. System] DEBUG bftsmart.consensus.roles.Acceptor - Processing paxos msg with id 0
        [Reliability 0] Piggybacked 1 ACKs to replica 1
19:27:54.056 [Server Comm. System] DEBUG bftsmart.consensus.roles.Acceptor - ACCEPT from 1 for consensus 0
19:27:54.056 [Server Comm. System] DEBUG bftsmart.consensus.roles.Acceptor - I have 1 ACCEPTs for cId:0, Timestamp:0 
19:27:54.056 [Server Comm. System] INFO bftsmart.communication.ServerCommunicationSystem - === Message processed ===
V2VNativeBridge0: Sending message to -1 with length 857
[JNI] nativeSendMessage: 0 -> -1
[JNI] Sending 857 bytes (0->-1)
[DEBUG V2VProxy 0] Queue has space - adding message
[JNI] Message queued successfully
        [Reliability 0] Sent seq=2 to replica 1
    -> Sending to replica 2 via V2V
    [Reliability 0] sendReliable() called
        Target: 2
        Message type: ConsensusMessage
        Sequence number: 2
        Payload size: 266 bytes
        [Reliability 0] Piggybacked 1 ACKs to replica 2
V2VNativeBridge0: Sending message to -1 with length 857
[JNI] nativeSendMessage: 0 -> -1
[JNI] Sending 857 bytes (0->-1)
[DEBUG V2VProxy 0] Queue has space - adding message
[JNI] Message queued successfully
        [Reliability 0] Sent seq=2 to replica 2
    -> Sending to replica 3 via V2V
    [Reliability 0] sendReliable() called
        Target: 3
        Message type: ConsensusMessage
        Sequence number: 2
        Payload size: 266 bytes
V2VNativeBridge0: Sending message to -1 with length 779
[JNI] nativeSendMessage: 0 -> -1
[JNI] Sending 779 bytes (0->-1)
[DEBUG V2VProxy 0] Queue has space - adding message
[JNI] Message queued successfully
        [Reliability 0] Sent seq=2 to replica 3
=== [V2V Layer 0] SEND complete ===
[Acceptor 0] SENT speculative ACCEPT for cId=0
19:27:54.057 [Server Comm. System] INFO bftsmart.communication.ServerCommunicationSystem - === Message processed ===
19:27:54.057 [Server Comm. System] INFO bftsmart.communication.ServerCommunicationSystem - === ServerCommunicationSystem RECEIVED message ===
19:27:54.057 [Server Comm. System] INFO bftsmart.communication.ServerCommunicationSystem -     Message type: ConsensusMessage
19:27:54.057 [Server Comm. System] INFO bftsmart.communication.ServerCommunicationSystem -     From: 0
19:27:54.057 [Server Comm. System] INFO bftsmart.communication.ServerCommunicationSystem -     Message count: 3
19:27:54.057 [Server Comm. System] DEBUG bftsmart.communication.ServerCommunicationSystem - <-- receiving, msg:type=ACCEPT, number=0, epoch=0, from=0
19:27:54.057 [Server Comm. System] DEBUG bftsmart.tom.core.ExecutionManager - Received message  type=ACCEPT, number=0, epoch=0, from=0
19:27:54.057 [Server Comm. System] DEBUG bftsmart.tom.core.ExecutionManager - I'm at consensus 0 and my last consensus is -1
19:27:54.057 [Server Comm. System] DEBUG bftsmart.tom.core.ExecutionManager - Message for consensus 0 can be processed
19:27:54.057 [Server Comm. System] DEBUG bftsmart.consensus.roles.Acceptor - Processing paxos msg with id 0
19:27:54.057 [Server Comm. System] DEBUG bftsmart.consensus.roles.Acceptor - ACCEPT from 0 for consensus 0
19:27:54.057 [Server Comm. System] DEBUG bftsmart.consensus.roles.Acceptor - I have 1 ACCEPTs for cId:0, Timestamp:0 
19:27:54.057 [Server Comm. System] INFO bftsmart.communication.ServerCommunicationSystem - === Message processed ===
[V2VProxy 0] *** RECEIVED V2V message #4 from=3 to=-1 (broadcast=YES) at t=6.957394129443
V2VNativeBridge0: Received message from 3 with length 685
[V2V Layer 0] Received message from replica 3 via JNI
    [Reliability 0] handleIncomingMessage() called
        Type: DATA
        From: 3
        SeqNum: 0
        Expected seq: 0
        -> IN ORDER, delivering immediately
    [Reliability 0] deliverMessage() - deserializing payload
        Deserialized: ConsensusMessage
        DEBUG: envelope.fromReplicaId=3, message.getSender()=3
=== [V2V Layer 0] DELIVER to BFT-SMaRt ===
    Message type: ConsensusMessage
    From replica: 3
    InQueue size before: 0
    InQueue size after: 1
=== [V2V Layer 0] DELIVER successful ===
19:27:54.075 [Server Comm. System] INFO bftsmart.communication.ServerCommunicationSystem - === ServerCommunicationSystem RECEIVED message ===
19:27:54.075 [Server Comm. System] INFO bftsmart.communication.ServerCommunicationSystem -     Message type: ConsensusMessage
19:27:54.075 [Server Comm. System] INFO bftsmart.communication.ServerCommunicationSystem -     From: 3
19:27:54.075 [Server Comm. System] INFO bftsmart.communication.ServerCommunicationSystem -     Message count: 4
19:27:54.075 [Server Comm. System] DEBUG bftsmart.communication.ServerCommunicationSystem - <-- receiving, msg:type=WRITE, number=0, epoch=0, from=3
19:27:54.075 [Server Comm. System] DEBUG bftsmart.tom.core.ExecutionManager - Received message  type=WRITE, number=0, epoch=0, from=3
19:27:54.075 [Server Comm. System] DEBUG bftsmart.tom.core.ExecutionManager - I'm at consensus 0 and my last consensus is -1
19:27:54.075 [Server Comm. System] DEBUG bftsmart.tom.core.ExecutionManager - Message for consensus 0 can be processed
19:27:54.075 [Server Comm. System] DEBUG bftsmart.consensus.roles.Acceptor - Processing paxos msg with id 0
19:27:54.075 [Server Comm. System] DEBUG bftsmart.consensus.roles.Acceptor - WRITE received from:3, for consensus cId:0
19:27:54.075 [Server Comm. System] DEBUG bftsmart.consensus.roles.Acceptor - I have 4, WRITE's for cId:0, Epoch timestamp:0,
[Acceptor 0] computeWrite: cId=0, writeAccepted=4, quorum=2
19:27:54.075 [Server Comm. System] INFO bftsmart.communication.ServerCommunicationSystem - === Message processed ===
[V2VProxy 1] *** RECEIVED V2V message #8 from=3 to=-1 (broadcast=YES) at t=6.957394150752
V2VNativeBridge1: Received message from 3 with length 685
[V2V Layer 1] Received message from replica 3 via JNI
    [Reliability 1] handleIncomingMessage() called
        Type: DATA
        From: 3
        SeqNum: 0
        Expected seq: 0
        -> IN ORDER, delivering immediately
    [Reliability 1] deliverMessage() - deserializing payload
        Deserialized: ConsensusMessage
        DEBUG: envelope.fromReplicaId=3, message.getSender()=3
=== [V2V Layer 1] DELIVER to BFT-SMaRt ===
    Message type: ConsensusMessage
    From replica: 3
    InQueue size before: 0
    InQueue size after: 1
=== [V2V Layer 1] DELIVER successful ===
[V2VProxy 2] *** RECEIVED V2V message #9 from=3 to=-1 (broadcast=YES) at t=6.957394171076
V2VNativeBridge2: Received message from 3 with length 685
19:27:54.077 [Server Comm. System] INFO bftsmart.communication.ServerCommunicationSystem - === ServerCommunicationSystem RECEIVED message ===
[V2V Layer 2] Received message from replica 3 via JNI
19:27:54.077 [Server Comm. System] INFO bftsmart.communication.ServerCommunicationSystem -     Message type: ConsensusMessage
19:27:54.077 [Server Comm. System] INFO bftsmart.communication.ServerCommunicationSystem -     From: 3
19:27:54.077 [Server Comm. System] INFO bftsmart.communication.ServerCommunicationSystem -     Message count: 4
19:27:54.077 [Server Comm. System] DEBUG bftsmart.communication.ServerCommunicationSystem - <-- receiving, msg:type=WRITE, number=0, epoch=0, from=3
19:27:54.077 [Server Comm. System] DEBUG bftsmart.tom.core.ExecutionManager - Received message  type=WRITE, number=0, epoch=0, from=3
19:27:54.077 [Server Comm. System] DEBUG bftsmart.tom.core.ExecutionManager - I'm at consensus 0 and my last consensus is -1
19:27:54.077 [Server Comm. System] DEBUG bftsmart.tom.core.ExecutionManager - Message for consensus 0 can be processed
19:27:54.077 [Server Comm. System] DEBUG bftsmart.consensus.roles.Acceptor - Processing paxos msg with id 0
19:27:54.077 [Server Comm. System] DEBUG bftsmart.consensus.roles.Acceptor - WRITE received from:3, for consensus cId:0
19:27:54.077 [Server Comm. System] DEBUG bftsmart.consensus.roles.Acceptor - I have 4, WRITE's for cId:0, Epoch timestamp:0,
[Acceptor 1] computeWrite: cId=0, writeAccepted=4, quorum=2
19:27:54.077 [Server Comm. System] INFO bftsmart.communication.ServerCommunicationSystem - === Message processed ===
    [Reliability 2] handleIncomingMessage() called
        Type: DATA
        From: 3
        SeqNum: 0
        Expected seq: 0
        -> IN ORDER, delivering immediately
    [Reliability 2] deliverMessage() - deserializing payload
        Deserialized: ConsensusMessage
        DEBUG: envelope.fromReplicaId=3, message.getSender()=3
=== [V2V Layer 2] DELIVER to BFT-SMaRt ===
    Message type: ConsensusMessage
    From replica: 3
    InQueue size before: 0
    InQueue size after: 1
=== [V2V Layer 2] DELIVER successful ===
[V2VProxy 1] *** RECEIVED V2V message #9 from=2 to=-1 (broadcast=YES) at t=6.958906192015
V2VNativeBridge1: Received message from 2 with length 777
[V2V Layer 1] Received message from replica 2 via JNI
    [Reliability 1] handleIncomingMessage() called
        Type: DATA
        From: 2
        SeqNum: 0
        Expected seq: 1
        -> DUPLICATE (seq < expected), ignoring
[V2VProxy 0] *** RECEIVED V2V message #5 from=2 to=-1 (broadcast=YES) at t=6.958906213459
V2VNativeBridge0: Received message from 2 with length 777
[V2V Layer 0] Received message from replica 2 via JNI
    [Reliability 0] handleIncomingMessage() called
        Type: DATA
        From: 2
        SeqNum: 0
        Expected seq: 1
        -> DUPLICATE (seq < expected), ignoring
[V2VProxy 3] *** RECEIVED V2V message #10 from=2 to=-1 (broadcast=YES) at t=6.958906234486
V2VNativeBridge3: Received message from 2 with length 777
[V2V Layer 3] Received message from replica 2 via JNI
    [Reliability 3] handleIncomingMessage() called
        Type: DATA
        From: 2
        SeqNum: 0
        Expected seq: 1
        -> DUPLICATE (seq < expected), ignoring
[V2VProxy 2] *** RECEIVED V2V message #10 from=1 to=-1 (broadcast=YES) at t=6.960258212954
V2VNativeBridge2: Received message from 1 with length 685
[V2V Layer 2] Received message from replica 1 via JNI
V2VNativeBridge2: Sending message to -1 with length 872
[JNI] nativeSendMessage: 2 -> -1
[JNI] Sending 872 bytes (2->-1)
    [Reliability 2] handleIncomingMessage() called
        Type: DATA
        From: 1
        SeqNum: 0
        Expected seq: 1
        -> DUPLICATE (seq < expected), ignoring
[DEBUG V2VProxy 2] Queue has space - adding message
[JNI] Message queued successfully
        [Reliability 2] Sent seq=1 to replica 0
    -> Sending to replica 1 via V2V
    [Reliability 2] sendReliable() called
        Target: 1
        Message type: ConsensusMessage
        Sequence number: 1
        Payload size: 267 bytes
        [Reliability 2] Piggybacked 1 ACKs to replica 1
V2VNativeBridge2: Sending message to -1 with length 858
[JNI] nativeSendMessage: 2 -> -1
[JNI] Sending 858 bytes (2->-1)
[DEBUG V2VProxy 2] Queue has space - adding message
[JNI] Message queued successfully
        [Reliability 2] Sent seq=1 to replica 1
    -> Self-delivery to replica 2
=== [V2V Layer 2] DELIVER to BFT-SMaRt ===
    Message type: ConsensusMessage
    From replica: 2
    InQueue size before: 1
    InQueue size after: 2
=== [V2V Layer 2] DELIVER successful ===
    -> Sending to replica 3 via V2V
    [Reliability 2] sendReliable() called
        Target: 3
        Message type: ConsensusMessage
        Sequence number: 1
        Payload size: 267 bytes
        [Reliability 2] Piggybacked 1 ACKs to replica 3
V2VNativeBridge2: Sending message to -1 with length 858
[JNI] nativeSendMessage: 2 -> -1
[JNI] Sending 858 bytes (2->-1)
[DEBUG V2VProxy 2] Queue has space - adding message
[JNI] Message queued successfully
        [Reliability 2] Sent seq=1 to replica 3
=== [V2V Layer 2] SEND complete ===
[Acceptor 2] SENT speculative ACCEPT for cId=0
V2VNativeBridge3: Sending message to -1 with length 871
[JNI] nativeSendMessage: 3 -> -1
[JNI] Sending 871 bytes (3->-1)
[DEBUG V2VProxy 3] Queue has space - adding message
[JNI] Message queued successfully
        [Reliability 3] Sent seq=1 to replica 0
    -> Sending to replica 1 via V2V
    [Reliability 3] sendReliable() called
        Target: 1
        Message type: ConsensusMessage
        Sequence number: 1
        Payload size: 266 bytes
19:27:54.119 [Server Comm. System] INFO bftsmart.communication.ServerCommunicationSystem - === Message processed ===
        [Reliability 3] Piggybacked 1 ACKs to replica 1
19:27:54.119 [Server Comm. System] INFO bftsmart.communication.ServerCommunicationSystem - === ServerCommunicationSystem RECEIVED message ===
19:27:54.119 [Server Comm. System] INFO bftsmart.communication.ServerCommunicationSystem -     Message type: ConsensusMessage
19:27:54.119 [Server Comm. System] INFO bftsmart.communication.ServerCommunicationSystem -     From: 3
19:27:54.119 [Server Comm. System] INFO bftsmart.communication.ServerCommunicationSystem -     Message count: 3
19:27:54.119 [Server Comm. System] DEBUG bftsmart.communication.ServerCommunicationSystem - <-- receiving, msg:type=WRITE, number=0, epoch=0, from=3
19:27:54.119 [Server Comm. System] DEBUG bftsmart.tom.core.ExecutionManager - Received message  type=WRITE, number=0, epoch=0, from=3
19:27:54.119 [Server Comm. System] DEBUG bftsmart.tom.core.ExecutionManager - I'm at consensus 0 and my last consensus is -1
19:27:54.119 [Server Comm. System] DEBUG bftsmart.tom.core.ExecutionManager - Message for consensus 0 can be processed
19:27:54.119 [Server Comm. System] DEBUG bftsmart.consensus.roles.Acceptor - Processing paxos msg with id 0
19:27:54.119 [Server Comm. System] DEBUG bftsmart.consensus.roles.Acceptor - WRITE received from:3, for consensus cId:0
19:27:54.119 [Server Comm. System] DEBUG bftsmart.consensus.roles.Acceptor - I have 4, WRITE's for cId:0, Epoch timestamp:0,
[Acceptor 2] computeWrite: cId=0, writeAccepted=4, quorum=2
19:27:54.119 [Server Comm. System] INFO bftsmart.communication.ServerCommunicationSystem - === Message processed ===
19:27:54.119 [Server Comm. System] INFO bftsmart.communication.ServerCommunicationSystem - === ServerCommunicationSystem RECEIVED message ===
19:27:54.119 [Server Comm. System] INFO bftsmart.communication.ServerCommunicationSystem -     Message type: ConsensusMessage
19:27:54.119 [Server Comm. System] INFO bftsmart.communication.ServerCommunicationSystem -     From: 2
19:27:54.119 [Server Comm. System] INFO bftsmart.communication.ServerCommunicationSystem -     Message count: 4
19:27:54.119 [Server Comm. System] DEBUG bftsmart.communication.ServerCommunicationSystem - <-- receiving, msg:type=ACCEPT, number=0, epoch=0, from=2
19:27:54.119 [Server Comm. System] DEBUG bftsmart.tom.core.ExecutionManager - Received message  type=ACCEPT, number=0, epoch=0, from=2
19:27:54.119 [Server Comm. System] DEBUG bftsmart.tom.core.ExecutionManager - I'm at consensus 0 and my last consensus is -1
19:27:54.119 [Server Comm. System] DEBUG bftsmart.tom.core.ExecutionManager - Message for consensus 0 can be processed
19:27:54.119 [Server Comm. System] DEBUG bftsmart.consensus.roles.Acceptor - Processing paxos msg with id 0
19:27:54.119 [Server Comm. System] DEBUG bftsmart.consensus.roles.Acceptor - ACCEPT from 2 for consensus 0
19:27:54.120 [Server Comm. System] DEBUG bftsmart.consensus.roles.Acceptor - I have 1 ACCEPTs for cId:0, Timestamp:0 
19:27:54.120 [Server Comm. System] INFO bftsmart.communication.ServerCommunicationSystem - === Message processed ===
V2VNativeBridge3: Sending message to -1 with length 857
[JNI] nativeSendMessage: 3 -> -1
[JNI] Sending 857 bytes (3->-1)
[DEBUG V2VProxy 3] Queue has space - adding message
[JNI] Message queued successfully
        [Reliability 3] Sent seq=1 to replica 1
    -> Sending to replica 2 via V2V
    [Reliability 3] sendReliable() called
        Target: 2
        Message type: ConsensusMessage
        Sequence number: 1
        Payload size: 266 bytes
        [Reliability 3] Piggybacked 1 ACKs to replica 2
V2VNativeBridge3: Sending message to -1 with length 857
[JNI] nativeSendMessage: 3 -> -1
[JNI] Sending 857 bytes (3->-1)
[DEBUG V2VProxy 3] Queue has space - adding message
[JNI] Message queued successfully
        [Reliability 3] Sent seq=1 to replica 2
    -> Self-delivery to replica 3
=== [V2V Layer 3] DELIVER to BFT-SMaRt ===
    Message type: ConsensusMessage
    From replica: 3
    InQueue size before: 1
    InQueue size after: 2
=== [V2V Layer 3] DELIVER successful ===
=== [V2V Layer 3] SEND complete ===
[Acceptor 3] SENT speculative ACCEPT for cId=0
19:27:54.120 [Server Comm. System] INFO bftsmart.communication.ServerCommunicationSystem - === Message processed ===
19:27:54.120 [Server Comm. System] INFO bftsmart.communication.ServerCommunicationSystem - === ServerCommunicationSystem RECEIVED message ===
19:27:54.120 [Server Comm. System] INFO bftsmart.communication.ServerCommunicationSystem -     Message type: ConsensusMessage
19:27:54.120 [Server Comm. System] INFO bftsmart.communication.ServerCommunicationSystem -     From: 2
19:27:54.120 [Server Comm. System] INFO bftsmart.communication.ServerCommunicationSystem -     Message count: 3
19:27:54.120 [Server Comm. System] DEBUG bftsmart.communication.ServerCommunicationSystem - <-- receiving, msg:type=WRITE, number=0, epoch=0, from=2
19:27:54.120 [Server Comm. System] DEBUG bftsmart.tom.core.ExecutionManager - Received message  type=WRITE, number=0, epoch=0, from=2
19:27:54.120 [Server Comm. System] DEBUG bftsmart.tom.core.ExecutionManager - I'm at consensus 0 and my last consensus is -1
19:27:54.120 [Server Comm. System] DEBUG bftsmart.tom.core.ExecutionManager - Message for consensus 0 can be processed
19:27:54.120 [Server Comm. System] DEBUG bftsmart.consensus.roles.Acceptor - Processing paxos msg with id 0
19:27:54.120 [Server Comm. System] DEBUG bftsmart.consensus.roles.Acceptor - WRITE received from:2, for consensus cId:0
19:27:54.120 [Server Comm. System] DEBUG bftsmart.consensus.roles.Acceptor - I have 4, WRITE's for cId:0, Epoch timestamp:0,
[Acceptor 3] computeWrite: cId=0, writeAccepted=4, quorum=2
19:27:54.120 [Server Comm. System] INFO bftsmart.communication.ServerCommunicationSystem - === Message processed ===
19:27:54.120 [Server Comm. System] INFO bftsmart.communication.ServerCommunicationSystem - === ServerCommunicationSystem RECEIVED message ===
19:27:54.120 [Server Comm. System] INFO bftsmart.communication.ServerCommunicationSystem -     Message type: ConsensusMessage
19:27:54.120 [Server Comm. System] INFO bftsmart.communication.ServerCommunicationSystem -     From: 3
19:27:54.120 [Server Comm. System] INFO bftsmart.communication.ServerCommunicationSystem -     Message count: 4
19:27:54.120 [Server Comm. System] DEBUG bftsmart.communication.ServerCommunicationSystem - <-- receiving, msg:type=ACCEPT, number=0, epoch=0, from=3
19:27:54.120 [Server Comm. System] DEBUG bftsmart.tom.core.ExecutionManager - Received message  type=ACCEPT, number=0, epoch=0, from=3
19:27:54.120 [Server Comm. System] DEBUG bftsmart.tom.core.ExecutionManager - I'm at consensus 0 and my last consensus is -1
19:27:54.120 [Server Comm. System] DEBUG bftsmart.tom.core.ExecutionManager - Message for consensus 0 can be processed
19:27:54.120 [Server Comm. System] DEBUG bftsmart.consensus.roles.Acceptor - Processing paxos msg with id 0
19:27:54.120 [Server Comm. System] DEBUG bftsmart.consensus.roles.Acceptor - ACCEPT from 3 for consensus 0
19:27:54.120 [Server Comm. System] DEBUG bftsmart.consensus.roles.Acceptor - I have 1 ACCEPTs for cId:0, Timestamp:0 
19:27:54.120 [Server Comm. System] INFO bftsmart.communication.ServerCommunicationSystem - === Message processed ===
[V2VProxy 0] *** SENDING V2V message #7 from=0 to=-1 size=857 bytes at t=7
[V2VProxy 0] *** SENDING V2V message #8 from=0 to=-1 size=857 bytes at t=7
[V2VProxy 0] *** SENDING V2V message #9 from=0 to=-1 size=779 bytes at t=7
[V2VProxy 1] *** SENDING V2V message #4 from=1 to=-1 size=871 bytes at t=7
[V2VProxy 1] *** SENDING V2V message #5 from=1 to=-1 size=857 bytes at t=7
[V2VProxy 1] *** SENDING V2V message #6 from=1 to=-1 size=779 bytes at t=7
[V2VProxy 2] *** SENDING V2V message #4 from=2 to=-1 size=872 bytes at t=7
[V2VProxy 2] *** SENDING V2V message #5 from=2 to=-1 size=858 bytes at t=7
[V2VProxy 2] *** SENDING V2V message #6 from=2 to=-1 size=858 bytes at t=7
[V2VProxy 3] *** SENDING V2V message #4 from=3 to=-1 size=871 bytes at t=7
[V2VProxy 3] *** SENDING V2V message #5 from=3 to=-1 size=857 bytes at t=7
[V2VProxy 3] *** SENDING V2V message #6 from=3 to=-1 size=857 bytes at t=7
[V2VProxy 3] *** RECEIVED V2V message #11 from=0 to=-1 (broadcast=YES) at t=7.003908278655
V2VNativeBridge3: Received message from 0 with length 857
[V2V Layer 3] Received message from replica 0 via JNI
    [Reliability 3] handleIncomingMessage() called
        Type: DATA
        From: 0
        SeqNum: 2
        Expected seq: 2
        -> IN ORDER, delivering immediately
    [Reliability 3] deliverMessage() - deserializing payload
        Deserialized: ConsensusMessage
        DEBUG: envelope.fromReplicaId=0, message.getSender()=0
=== [V2V Layer 3] DELIVER to BFT-SMaRt ===
    Message type: ConsensusMessage
    From replica: 0
    InQueue size before: 0
    InQueue size after: 1
=== [V2V Layer 3] DELIVER successful ===
[V2VProxy 1] *** RECEIVED V2V message #10 from=0 to=-1 (broadcast=YES) at t=7.003908280195
19:27:54.162 [Server Comm. System] INFO bftsmart.communication.ServerCommunicationSystem - === ServerCommunicationSystem RECEIVED message ===
V2VNativeBridge1: Received message from 0 with length 857
[V2V Layer 1] Received message from replica 0 via JNI
19:27:54.162 [Server Comm. System] INFO bftsmart.communication.ServerCommunicationSystem -     Message type: ConsensusMessage
19:27:54.162 [Server Comm. System] INFO bftsmart.communication.ServerCommunicationSystem -     From: 0
19:27:54.162 [Server Comm. System] INFO bftsmart.communication.ServerCommunicationSystem -     Message count: 5
19:27:54.162 [Server Comm. System] DEBUG bftsmart.communication.ServerCommunicationSystem - <-- receiving, msg:type=ACCEPT, number=0, epoch=0, from=0
19:27:54.162 [Server Comm. System] DEBUG bftsmart.tom.core.ExecutionManager - Received message  type=ACCEPT, number=0, epoch=0, from=0
19:27:54.162 [Server Comm. System] DEBUG bftsmart.tom.core.ExecutionManager - I'm at consensus 0 and my last consensus is -1
19:27:54.162 [Server Comm. System] DEBUG bftsmart.tom.core.ExecutionManager - Message for consensus 0 can be processed
19:27:54.162 [Server Comm. System] DEBUG bftsmart.consensus.roles.Acceptor - Processing paxos msg with id 0
19:27:54.162 [Server Comm. System] DEBUG bftsmart.consensus.roles.Acceptor - ACCEPT from 0 for consensus 0
19:27:54.162 [Server Comm. System] DEBUG bftsmart.consensus.roles.Acceptor - I have 2 ACCEPTs for cId:0, Timestamp:0 
19:27:54.162 [Server Comm. System] INFO bftsmart.communication.ServerCommunicationSystem - === Message processed ===
    [Reliability 1] handleIncomingMessage() called
        Type: DATA
        From: 0
        SeqNum: 2
        Expected seq: 2
        -> IN ORDER, delivering immediately
    [Reliability 1] deliverMessage() - deserializing payload
        Deserialized: ConsensusMessage
        DEBUG: envelope.fromReplicaId=0, message.getSender()=0
=== [V2V Layer 1] DELIVER to BFT-SMaRt ===
    Message type: ConsensusMessage
    From replica: 0
    InQueue size before: 0
    InQueue size after: 1
=== [V2V Layer 1] DELIVER successful ===
[V2VProxy 2] *** RECEIVED V2V message #11 from=0 to=-1 (broadcast=YES) at t=7.003908299261
V2VNativeBridge2: Received message from 0 with length 857
[V2V Layer 2] Received message from replica 0 via JNI
19:27:54.163 [Server Comm. System] INFO bftsmart.communication.ServerCommunicationSystem - === ServerCommunicationSystem RECEIVED message ===
19:27:54.163 [Server Comm. System] INFO bftsmart.communication.ServerCommunicationSystem -     Message type: ConsensusMessage
19:27:54.163 [Server Comm. System] INFO bftsmart.communication.ServerCommunicationSystem -     From: 0
19:27:54.163 [Server Comm. System] INFO bftsmart.communication.ServerCommunicationSystem -     Message count: 5
19:27:54.163 [Server Comm. System] DEBUG bftsmart.communication.ServerCommunicationSystem - <-- receiving, msg:type=ACCEPT, number=0, epoch=0, from=0
19:27:54.163 [Server Comm. System] DEBUG bftsmart.tom.core.ExecutionManager - Received message  type=ACCEPT, number=0, epoch=0, from=0
19:27:54.163 [Server Comm. System] DEBUG bftsmart.tom.core.ExecutionManager - I'm at consensus 0 and my last consensus is -1
19:27:54.163 [Server Comm. System] DEBUG bftsmart.tom.core.ExecutionManager - Message for consensus 0 can be processed
19:27:54.163 [Server Comm. System] DEBUG bftsmart.consensus.roles.Acceptor - Processing paxos msg with id 0
19:27:54.163 [Server Comm. System] DEBUG bftsmart.consensus.roles.Acceptor - ACCEPT from 0 for consensus 0
19:27:54.163 [Server Comm. System] DEBUG bftsmart.consensus.roles.Acceptor - I have 2 ACCEPTs for cId:0, Timestamp:0 
19:27:54.163 [Server Comm. System] INFO bftsmart.communication.ServerCommunicationSystem - === Message processed ===
    [Reliability 2] handleIncomingMessage() called
        Type: DATA
        From: 0
        SeqNum: 2
        Expected seq: 2
        -> IN ORDER, delivering immediately
    [Reliability 2] deliverMessage() - deserializing payload
        Deserialized: ConsensusMessage
        DEBUG: envelope.fromReplicaId=0, message.getSender()=0
=== [V2V Layer 2] DELIVER to BFT-SMaRt ===
    Message type: ConsensusMessage
    From replica: 0
    InQueue size before: 0
    InQueue size after: 1
=== [V2V Layer 2] DELIVER successful ===
19:27:54.164 [Server Comm. System] INFO bftsmart.communication.ServerCommunicationSystem - === ServerCommunicationSystem RECEIVED message ===
19:27:54.164 [Server Comm. System] INFO bftsmart.communication.ServerCommunicationSystem -     Message type: ConsensusMessage
19:27:54.164 [Server Comm. System] INFO bftsmart.communication.ServerCommunicationSystem -     From: 0
19:27:54.164 [Server Comm. System] INFO bftsmart.communication.ServerCommunicationSystem -     Message count: 5
19:27:54.164 [Server Comm. System] DEBUG bftsmart.communication.ServerCommunicationSystem - <-- receiving, msg:type=ACCEPT, number=0, epoch=0, from=0
19:27:54.164 [Server Comm. System] DEBUG bftsmart.tom.core.ExecutionManager - Received message  type=ACCEPT, number=0, epoch=0, from=0
19:27:54.164 [Server Comm. System] DEBUG bftsmart.tom.core.ExecutionManager - I'm at consensus 0 and my last consensus is -1
19:27:54.164 [Server Comm. System] DEBUG bftsmart.tom.core.ExecutionManager - Message for consensus 0 can be processed
19:27:54.164 [Server Comm. System] DEBUG bftsmart.consensus.roles.Acceptor - Processing paxos msg with id 0
19:27:54.164 [Server Comm. System] DEBUG bftsmart.consensus.roles.Acceptor - ACCEPT from 0 for consensus 0
19:27:54.164 [Server Comm. System] DEBUG bftsmart.consensus.roles.Acceptor - I have 2 ACCEPTs for cId:0, Timestamp:0 
19:27:54.164 [Server Comm. System] INFO bftsmart.communication.ServerCommunicationSystem - === Message processed ===
[V2VProxy 2] *** RECEIVED V2V message #12 from=1 to=-1 (broadcast=YES) at t=7.005583301134
V2VNativeBridge2: Received message from 1 with length 871
[V2V Layer 2] Received message from replica 1 via JNI
    [Reliability 2] handleIncomingMessage() called
        Type: DATA
        From: 1
        SeqNum: 1
        Expected seq: 1
        -> IN ORDER, delivering immediately
    [Reliability 2] deliverMessage() - deserializing payload
        Deserialized: ConsensusMessage
        DEBUG: envelope.fromReplicaId=1, message.getSender()=1
=== [V2V Layer 2] DELIVER to BFT-SMaRt ===
    Message type: ConsensusMessage
    From replica: 1
    InQueue size before: 0
    InQueue size after: 1
=== [V2V Layer 2] DELIVER successful ===
[V2VProxy 0] *** RECEIVED V2V message #6 from=1 to=-1 (broadcast=YES) at t=7.005583303512
V2VNativeBridge0: Received message from 1 with length 871
[V2V Layer 0] Received message from replica 1 via JNI
19:27:54.183 [Server Comm. System] INFO bftsmart.communication.ServerCommunicationSystem - === ServerCommunicationSystem RECEIVED message ===
19:27:54.183 [Server Comm. System] INFO bftsmart.communication.ServerCommunicationSystem -     Message type: ConsensusMessage
19:27:54.183 [Server Comm. System] INFO bftsmart.communication.ServerCommunicationSystem -     From: 1
19:27:54.183 [Server Comm. System] INFO bftsmart.communication.ServerCommunicationSystem -     Message count: 6
19:27:54.183 [Server Comm. System] DEBUG bftsmart.communication.ServerCommunicationSystem - <-- receiving, msg:type=ACCEPT, number=0, epoch=0, from=1
19:27:54.183 [Server Comm. System] DEBUG bftsmart.tom.core.ExecutionManager - Received message  type=ACCEPT, number=0, epoch=0, from=1
19:27:54.183 [Server Comm. System] DEBUG bftsmart.tom.core.ExecutionManager - I'm at consensus 0 and my last consensus is -1
19:27:54.183 [Server Comm. System] DEBUG bftsmart.tom.core.ExecutionManager - Message for consensus 0 can be processed
19:27:54.183 [Server Comm. System] DEBUG bftsmart.consensus.roles.Acceptor - Processing paxos msg with id 0
19:27:54.183 [Server Comm. System] DEBUG bftsmart.consensus.roles.Acceptor - ACCEPT from 1 for consensus 0
    [Reliability 0] handleIncomingMessage() called
        Type: DATA
        From: 1
19:27:54.183 [Server Comm. System] DEBUG bftsmart.consensus.roles.Acceptor - I have 3 ACCEPTs for cId:0, Timestamp:0 
        SeqNum: 1
19:27:54.183 [Server Comm. System] DEBUG bftsmart.consensus.roles.Acceptor - Deciding consensus 0
        Expected seq: 1
        -> IN ORDER, delivering immediately
    [Reliability 0] deliverMessage() - deserializing payload
19:27:54.183 [Server Comm. System] DEBUG bftsmart.consensus.Consensus - Delivering decision from consensus 0 to the TOMLayer/DeliveryThread
19:27:54.184 [Server Comm. System] DEBUG bftsmart.tom.core.DeliveryThread - Using cached requests from the propose.
19:27:54.184 [Server Comm. System] DEBUG bftsmart.clientsmanagement.ClientsManager - Updating client manager
        Deserialized: ConsensusMessage
        DEBUG: envelope.fromReplicaId=1, message.getSender()=1
=== [V2V Layer 0] DELIVER to BFT-SMaRt ===
    Message type: ConsensusMessage
    From replica: 1
    InQueue size before: 0
    InQueue size after: 1
=== [V2V Layer 0] DELIVER successful ===
19:27:54.184 [Server Comm. System] INFO bftsmart.communication.ServerCommunicationSystem - === ServerCommunicationSystem RECEIVED message ===
19:27:54.184 [Server Comm. System] DEBUG bftsmart.clientsmanagement.ClientsManager - Finished updating client manager
19:27:54.184 [Server Comm. System] INFO bftsmart.communication.ServerCommunicationSystem -     Message type: ConsensusMessage
19:27:54.184 [Server Comm. System] INFO bftsmart.communication.ServerCommunicationSystem -     From: 1
19:27:54.184 [Server Comm. System] DEBUG bftsmart.tom.core.DeliveryThread - Consensus 0 finished. Decided size=1
19:27:54.184 [Server Comm. System] INFO bftsmart.communication.ServerCommunicationSystem -     Message count: 5
19:27:54.184 [Server Comm. System] DEBUG bftsmart.tom.core.DeliveryThread - Decision from consensus 0 does not contain reconfiguration
19:27:54.184 [Server Comm. System] DEBUG bftsmart.communication.ServerCommunicationSystem - <-- receiving, msg:type=ACCEPT, number=0, epoch=0, from=1
19:27:54.184 [Server Comm. System] DEBUG bftsmart.tom.core.ExecutionManager - Received message  type=ACCEPT, number=0, epoch=0, from=1
19:27:54.184 [Server Comm. System] DEBUG bftsmart.tom.core.ExecutionManager - I'm at consensus 0 and my last consensus is -1
19:27:54.184 [Server Comm. System] DEBUG bftsmart.tom.core.TOMLayer - Setting last exec to 0
19:27:54.184 [Server Comm. System] DEBUG bftsmart.tom.core.ExecutionManager - Message for consensus 0 can be processed
19:27:54.184 [Server Comm. System] DEBUG bftsmart.tom.core.TOMLayer - Modifying inExec from 0 to -1
19:27:54.184 [Server Comm. System] DEBUG bftsmart.consensus.roles.Acceptor - Processing paxos msg with id 0
19:27:54.184 [Server Comm. System] DEBUG bftsmart.consensus.roles.Acceptor - ACCEPT from 1 for consensus 0
19:27:54.184 [Server Comm. System] DEBUG bftsmart.consensus.roles.Acceptor - I have 2 ACCEPTs for cId:0, Timestamp:0 
19:27:54.184 [Server Comm. System] INFO bftsmart.communication.ServerCommunicationSystem - === Message processed ===
19:27:54.184 [Server Comm. System] INFO bftsmart.communication.ServerCommunicationSystem - === Message processed ===
[V2VProxy 3] *** RECEIVED V2V message #12 from=1 to=-1 (broadcast=YES) at t=7.005583323281
V2VNativeBridge3: Received message from 1 with length 871
[V2V Layer 3] Received message from replica 1 via JNI
19:27:54.184 [Delivery Thread] DEBUG bftsmart.tom.core.DeliveryThread - Current size of the decided queue: 1
    [Reliability 3] handleIncomingMessage() called
        Type: DATA
        From: 1
        SeqNum: 1
        Expected seq: 1
        -> IN ORDER, delivering immediately
    [Reliability 3] deliverMessage() - deserializing payload
        Deserialized: ConsensusMessage
        DEBUG: envelope.fromReplicaId=1, message.getSender()=1
=== [V2V Layer 3] DELIVER to BFT-SMaRt ===
    Message type: ConsensusMessage
    From replica: 1
    InQueue size before: 0
    InQueue size after: 1
=== [V2V Layer 3] DELIVER successful ===
19:27:54.185 [Delivery Thread] DEBUG bftsmart.tom.core.DeliveryThread - Using cached requests from the propose.
19:27:54.185 [Server Comm. System] INFO bftsmart.communication.ServerCommunicationSystem - === ServerCommunicationSystem RECEIVED message ===
19:27:54.185 [Server Comm. System] INFO bftsmart.communication.ServerCommunicationSystem -     Message type: ConsensusMessage
19:27:54.185 [Server Comm. System] INFO bftsmart.communication.ServerCommunicationSystem -     From: 1
19:27:54.185 [Server Comm. System] INFO bftsmart.communication.ServerCommunicationSystem -     Message count: 6
19:27:54.185 [Server Comm. System] DEBUG bftsmart.communication.ServerCommunicationSystem - <-- receiving, msg:type=ACCEPT, number=0, epoch=0, from=1
19:27:54.185 [Server Comm. System] DEBUG bftsmart.tom.core.ExecutionManager - Received message  type=ACCEPT, number=0, epoch=0, from=1
19:27:54.185 [Server Comm. System] DEBUG bftsmart.tom.core.ExecutionManager - I'm at consensus 0 and my last consensus is -1
19:27:54.185 [Server Comm. System] DEBUG bftsmart.tom.core.ExecutionManager - Message for consensus 0 can be processed
19:27:54.185 [Server Comm. System] DEBUG bftsmart.consensus.roles.Acceptor - Processing paxos msg with id 0
19:27:54.185 [Server Comm. System] DEBUG bftsmart.consensus.roles.Acceptor - ACCEPT from 1 for consensus 0
19:27:54.185 [Server Comm. System] DEBUG bftsmart.consensus.roles.Acceptor - I have 3 ACCEPTs for cId:0, Timestamp:0 
19:27:54.185 [Server Comm. System] DEBUG bftsmart.consensus.roles.Acceptor - Deciding consensus 0
19:27:54.185 [Server Comm. System] DEBUG bftsmart.consensus.Consensus - Delivering decision from consensus 0 to the TOMLayer/DeliveryThread
19:27:54.185 [Server Comm. System] DEBUG bftsmart.tom.core.DeliveryThread - Using cached requests from the propose.
19:27:54.185 [Server Comm. System] DEBUG bftsmart.clientsmanagement.ClientsManager - Updating client manager
19:27:54.185 [Server Comm. System] DEBUG bftsmart.clientsmanagement.ClientsManager - Finished updating client manager
19:27:54.185 [Server Comm. System] DEBUG bftsmart.tom.core.DeliveryThread - Consensus 0 finished. Decided size=1
19:27:54.185 [Server Comm. System] DEBUG bftsmart.tom.core.DeliveryThread - Decision from consensus 0 does not contain reconfiguration
19:27:54.185 [Server Comm. System] DEBUG bftsmart.tom.core.TOMLayer - Setting last exec to 0
19:27:54.186 [Server Comm. System] DEBUG bftsmart.tom.core.TOMLayer - Modifying inExec from 0 to -1
19:27:54.185 [Delivery Thread] DEBUG bftsmart.tom.ServiceReplica - Processing TOMMessage from client 1000 with sequence number 0 for session -1056859547 decided in consensus 0
19:27:54.186 [Server Comm. System] INFO bftsmart.communication.ServerCommunicationSystem - === Message processed ===
19:27:54.186 [Delivery Thread] DEBUG bftsmart.tom.core.DeliveryThread - Current size of the decided queue: 1
19:27:54.186 [Delivery Thread] DEBUG bftsmart.tom.core.DeliveryThread - Using cached requests from the propose.
19:27:54.186 [Delivery Thread] DEBUG bftsmart.tom.ServiceReplica - Processing TOMMessage from client 1000 with sequence number 0 for session -1056859547 decided in consensus 0
19:27:54.186 [Delivery Thread] DEBUG bftsmart.tom.ServiceReplica - Batching request from 1000
19:27:54.186 [Delivery Thread] DEBUG bftsmart.tom.ServiceReplica - Batching request from 1000
19:27:54.187 [Delivery Thread] DEBUG bftsmart.tom.ServiceReplica - Processing TOMMessage from client 1001 with sequence number 0 for session -1327892681 decided in consensus 0
19:27:54.187 [Delivery Thread] DEBUG bftsmart.tom.ServiceReplica - Batching request from 1001
19:27:54.187 [Delivery Thread] DEBUG bftsmart.tom.ServiceReplica - Processing TOMMessage from client 1002 with sequence number 0 for session -738839881 decided in consensus 0
19:27:54.187 [Delivery Thread] DEBUG bftsmart.tom.ServiceReplica - Processing TOMMessage from client 1001 with sequence number 0 for session -1327892681 decided in consensus 0
19:27:54.187 [Delivery Thread] DEBUG bftsmart.tom.ServiceReplica - Batching request from 1002
19:27:54.187 [Delivery Thread] DEBUG bftsmart.tom.ServiceReplica - Batching request from 1001
19:27:54.187 [Delivery Thread] DEBUG bftsmart.tom.ServiceReplica - Processing TOMMessage from client 1003 with sequence number 0 for session -442323693 decided in consensus 0
19:27:54.187 [Delivery Thread] DEBUG bftsmart.tom.ServiceReplica - Processing TOMMessage from client 1002 with sequence number 0 for session -738839881 decided in consensus 0
19:27:54.187 [Delivery Thread] DEBUG bftsmart.tom.ServiceReplica - Batching request from 1002
19:27:54.187 [Delivery Thread] DEBUG bftsmart.tom.ServiceReplica - Batching request from 1003
19:27:54.187 [Delivery Thread] DEBUG bftsmart.tom.ServiceReplica - Processing TOMMessage from client 1003 with sequence number 0 for session -442323693 decided in consensus 0
19:27:54.187 [Delivery Thread] DEBUG bftsmart.tom.ServiceReplica - Batching request from 1003
[BATCH] Buffered JOIN from CAR_0 (buffer size: 1/4)
[BATCH] Buffered JOIN from CAR_1 (buffer size: 2/4)
[BATCH] Buffered JOIN from CAR_2 (buffer size: 3/4)
[BATCH] Buffered JOIN from CAR_0 (buffer size: 1/4)
[BATCH] Buffered JOIN from CAR_3 (buffer size: 4/4)
[BATCH] Buffered JOIN from CAR_1 (buffer size: 2/4)

[BATCH] ===== TRIGGERING CONSENSUS: We have 4 cars! =====
[BATCH] Buffered JOIN from CAR_2 (buffer size: 3/4)
[BATCH] Buffered JOIN from CAR_3 (buffer size: 4/4)

[BATCH] ===== TRIGGERING CONSENSUS: We have 4 cars! =====
[BATCH] ===== CONSENSUS COMPLETE =====
[BATCH] Final Decision: CAR_0:POS:0;CAR_1:POS:1;CAR_2:POS:2;CAR_3:POS:3
[BATCH] All subsequent requests will receive this decision

[BATCH] ===== CONSENSUS COMPLETE =====
[BATCH] Final Decision: CAR_0:POS:0;CAR_1:POS:1;CAR_2:POS:2;CAR_3:POS:3
[BATCH] All subsequent requests will receive this decision

[BATCH] JOIN request after consensus complete - returning decision: CAR_0:POS:0;CAR_1:POS:1;CAR_2:POS:2;CAR_3:POS:3
[BATCH] JOIN request after consensus complete - returning decision: CAR_0:POS:0;CAR_1:POS:1;CAR_2:POS:2;CAR_3:POS:3
[BATCH] JOIN request after consensus complete - returning decision: CAR_0:POS:0;CAR_1:POS:1;CAR_2:POS:2;CAR_3:POS:3
[BATCH] JOIN request after consensus complete - returning decision: CAR_0:POS:0;CAR_1:POS:1;CAR_2:POS:2;CAR_3:POS:3
[BATCH] JOIN request after consensus complete - returning decision: CAR_0:POS:0;CAR_1:POS:1;CAR_2:POS:2;CAR_3:POS:3
[BATCH] JOIN request after consensus complete - returning decision: CAR_0:POS:0;CAR_1:POS:1;CAR_2:POS:2;CAR_3:POS:3
[BATCH] JOIN request after consensus complete - returning decision: CAR_0:POS:0;CAR_1:POS:1;CAR_2:POS:2;CAR_3:POS:3
[BATCH] JOIN request after consensus complete - returning decision: CAR_0:POS:0;CAR_1:POS:1;CAR_2:POS:2;CAR_3:POS:3
(1) Round 1 processed 4 cmd(s). App time: 2.474 ms
(1) Round 1 processed 4 cmd(s). App time: 2.524 ms
   joinBuffer = {CAR_3=1.769570874188E9, CAR_1=1.769570874188E9, CAR_2=1.769570874188E9, CAR_0=1.769570874188E9}
   batchProcessed = true
   finalDecision = CAR_0:POS:0;CAR_1:POS:1;CAR_2:POS:2;CAR_3:POS:3
   joinBuffer = {CAR_3=1.769570874188E9, CAR_1=1.769570874188E9, CAR_2=1.769570874188E9, CAR_0=1.769570874187E9}
   batchProcessed = true
   finalDecision = CAR_0:POS:0;CAR_1:POS:1;CAR_2:POS:2;CAR_3:POS:3
19:27:54.191 [Delivery Thread] DEBUG bftsmart.tom.ServiceReplica - Sending reply to 1000 with sequence number 0 and operation ID 0 via ReplyManager
19:27:54.191 [Delivery Thread] DEBUG bftsmart.tom.ServiceReplica - Sending reply to 1000 with sequence number 0 and operation ID 0 via ReplyManager
19:27:54.191 [Delivery Thread] DEBUG bftsmart.tom.ServiceReplica - Sending reply to 1001 with sequence number 0 and operation ID 0 via ReplyManager
19:27:54.191 [Delivery Thread] DEBUG bftsmart.tom.ServiceReplica - Sending reply to 1001 with sequence number 0 and operation ID 0 via ReplyManager
19:27:54.191 [Delivery Thread] DEBUG bftsmart.tom.ServiceReplica - Sending reply to 1002 with sequence number 0 and operation ID 0 via ReplyManager
19:27:54.191 [Delivery Thread] DEBUG bftsmart.tom.ServiceReplica - Sending reply to 1002 with sequence number 0 and operation ID 0 via ReplyManager
19:27:54.191 [Delivery Thread] DEBUG bftsmart.tom.ServiceReplica - Sending reply to 1003 with sequence number 0 and operation ID 0 via ReplyManager
19:27:54.191 [Delivery Thread] DEBUG bftsmart.tom.ServiceReplica - BATCHEXECUTOR END
19:27:54.191 [Delivery Thread] DEBUG bftsmart.tom.ServiceReplica - Sending reply to 1003 with sequence number 0 and operation ID 0 via ReplyManager
19:27:54.191 [Delivery Thread] DEBUG bftsmart.tom.ServiceReplica - BATCHEXECUTOR END
19:27:54.194 [nioEventLoopGroup-11-4] DEBUG bftsmart.communication.client.netty.NettyTOMMessageDecoder - Decoded reply from 3 with sequence number 0
19:27:54.194 [nioEventLoopGroup-13-4] DEBUG bftsmart.communication.client.netty.NettyTOMMessageDecoder - Decoded reply from 3 with sequence number 0
19:27:54.197 [nioEventLoopGroup-11-3] DEBUG bftsmart.communication.client.netty.NettyTOMMessageDecoder - Decoded reply from 2 with sequence number 0
19:27:54.195 [nioEventLoopGroup-12-3] DEBUG bftsmart.communication.client.netty.NettyTOMMessageDecoder - Decoded reply from 2 with sequence number 0
19:27:54.197 [nioEventLoopGroup-11-4] DEBUG bftsmart.communication.client.netty.NettyClientServerCommunicationSystemClientSide - channelRead0(ChannelHandlerContext ctx, TOMMessage sm).
19:27:54.197 [nioEventLoopGroup-11-3] DEBUG bftsmart.communication.client.netty.NettyClientServerCommunicationSystemClientSide - channelRead0(ChannelHandlerContext ctx, TOMMessage sm).
19:27:54.195 [nioEventLoopGroup-10-3] DEBUG bftsmart.communication.client.netty.NettyTOMMessageDecoder - Decoded reply from 2 with sequence number 0
19:27:54.197 [nioEventLoopGroup-12-3] DEBUG bftsmart.communication.client.netty.NettyClientServerCommunicationSystemClientSide - channelRead0(ChannelHandlerContext ctx, TOMMessage sm).
19:27:54.197 [nioEventLoopGroup-12-3] DEBUG bftsmart.proxy - Synchronously received reply from 2 with sequence number 0
19:27:54.197 [nioEventLoopGroup-10-4] DEBUG bftsmart.communication.client.netty.NettyTOMMessageDecoder - Decoded reply from 3 with sequence number 0
19:27:54.197 [nioEventLoopGroup-12-3] DEBUG bftsmart.proxy - (current reqId: 0) Received reply from 2 with reqId: 0
19:27:54.197 [nioEventLoopGroup-10-3] DEBUG bftsmart.communication.client.netty.NettyClientServerCommunicationSystemClientSide - channelRead0(ChannelHandlerContext ctx, TOMMessage sm).
19:27:54.197 [nioEventLoopGroup-13-4] DEBUG bftsmart.communication.client.netty.NettyClientServerCommunicationSystemClientSide - channelRead0(ChannelHandlerContext ctx, TOMMessage sm).
19:27:54.197 [nioEventLoopGroup-10-3] DEBUG bftsmart.proxy - Synchronously received reply from 2 with sequence number 0
19:27:54.197 [nioEventLoopGroup-11-4] DEBUG bftsmart.proxy - Synchronously received reply from 3 with sequence number 0
19:27:54.198 [nioEventLoopGroup-10-3] DEBUG bftsmart.proxy - (current reqId: 0) Received reply from 2 with reqId: 0
19:27:54.198 [nioEventLoopGroup-11-4] DEBUG bftsmart.proxy - (current reqId: 0) Received reply from 3 with reqId: 0
19:27:54.197 [nioEventLoopGroup-11-3] DEBUG bftsmart.proxy - Synchronously received reply from 2 with sequence number 0
19:27:54.198 [nioEventLoopGroup-13-4] DEBUG bftsmart.proxy - Synchronously received reply from 3 with sequence number 0
19:27:54.198 [nioEventLoopGroup-11-3] DEBUG bftsmart.proxy - (current reqId: 0) Received reply from 2 with reqId: 0
19:27:54.197 [nioEventLoopGroup-13-3] DEBUG bftsmart.communication.client.netty.NettyTOMMessageDecoder - Decoded reply from 2 with sequence number 0
19:27:54.198 [nioEventLoopGroup-12-4] DEBUG bftsmart.communication.client.netty.NettyTOMMessageDecoder - Decoded reply from 3 with sequence number 0
19:27:54.197 [nioEventLoopGroup-10-4] DEBUG bftsmart.communication.client.netty.NettyClientServerCommunicationSystemClientSide - channelRead0(ChannelHandlerContext ctx, TOMMessage sm).
19:27:54.198 [nioEventLoopGroup-13-3] DEBUG bftsmart.communication.client.netty.NettyClientServerCommunicationSystemClientSide - channelRead0(ChannelHandlerContext ctx, TOMMessage sm).
19:27:54.198 [nioEventLoopGroup-13-3] DEBUG bftsmart.proxy - Synchronously received reply from 2 with sequence number 0
19:27:54.198 [nioEventLoopGroup-13-4] DEBUG bftsmart.proxy - (current reqId: 0) Received reply from 3 with reqId: 0
19:27:54.198 [nioEventLoopGroup-12-4] DEBUG bftsmart.communication.client.netty.NettyClientServerCommunicationSystemClientSide - channelRead0(ChannelHandlerContext ctx, TOMMessage sm).
19:27:54.198 [nioEventLoopGroup-11-3] DEBUG bftsmart.proxy - Comparing 2 responses with response from 2
19:27:54.198 [nioEventLoopGroup-13-3] DEBUG bftsmart.proxy - (current reqId: 0) Received reply from 2 with reqId: 0
19:27:54.198 [nioEventLoopGroup-10-4] DEBUG bftsmart.proxy - Synchronously received reply from 3 with sequence number 0
19:27:54.198 [nioEventLoopGroup-13-3] DEBUG bftsmart.proxy - Comparing 2 responses with response from 2
19:27:54.198 [nioEventLoopGroup-10-4] DEBUG bftsmart.proxy - (current reqId: 0) Received reply from 3 with reqId: 0
19:27:54.198 [nioEventLoopGroup-12-4] DEBUG bftsmart.proxy - Synchronously received reply from 3 with sequence number 0
19:27:54.198 [nioEventLoopGroup-10-4] DEBUG bftsmart.proxy - Comparing 2 responses with response from 3
19:27:54.198 [nioEventLoopGroup-12-4] DEBUG bftsmart.proxy - (current reqId: 0) Received reply from 3 with reqId: 0
19:27:54.198 [nioEventLoopGroup-12-4] DEBUG bftsmart.proxy - Comparing 2 responses with response from 3
19:27:54.198 [Thread-37] DEBUG bftsmart.proxy - Response extracted: [2:-1327892681:0]
19:27:54.198 [Thread-38] DEBUG bftsmart.proxy - Response extracted: [2:-738839881:0]
[SERVER 1] JOIN reply: CAR_0:POS:0;CAR_1:POS:1;CAR_2:POS:2;CAR_3:POS:3
19:27:54.198 [Thread-39] DEBUG bftsmart.proxy - Response extracted: [3:-442323693:0]
[SERVER 3] JOIN reply: CAR_0:POS:0;CAR_1:POS:1;CAR_2:POS:2;CAR_3:POS:3
[SERVER 2] JOIN reply: CAR_0:POS:0;CAR_1:POS:1;CAR_2:POS:2;CAR_3:POS:3
19:27:54.198 [Thread-36] DEBUG bftsmart.proxy - Response extracted: [3:-1056859547:0]
[SERVER 0] JOIN reply: CAR_0:POS:0;CAR_1:POS:1;CAR_2:POS:2;CAR_3:POS:3
[SERVER 1] Position 1 -> delay=2.57s (slot=2.57s)
[SERVER 3] Position 3 -> delay=7.71s (slot=2.57s)
[SERVER 1] Consensus reached! Position: 1 - Calculated delay: 2.571428571428571s
[SERVER 0] Consensus reached! Position: 0 - Calculated delay: 0.0s
[JNI] notifyVehicleCanGo: replica [JNI] notifyVehicleCanGo: replica 0 can go after 1 can go after 0s delay2.57143
s delay
[SERVER 3] Consensus reached! Position: 3 - Calculated delay: 7.7142857142857135s
[SERVER 2] Position 2 -> delay=5.14s (slot=2.57s)
[V2VProxy 0] JNI received GO signal. Queued for main thread.
[SERVER 2] Consensus reached! Position: 2 - Calculated delay: 5.142857142857142s
[JNI] notifyVehicleCanGo: replica 2 can go after [V2VProxy 1] JNI received GO signal. Queued for main thread.
[JNI] notifyVehicleCanGo: replica 3 can go after 7.71429s delay
[V2VProxy 3] JNI received GO signal. Queued for main thread.
5.14286s delay
[V2VProxy 2] JNI received GO signal. Queued for main thread.
[METRICS 0] Consensus Duration: 0.405843 seconds
[METRICS 0] Consensus Completed!
[METRICS 0] Consensus Start Time: 6.6
[METRICS 0] Consensus End Time:   7.005843309202
[METRICS 0] Consensus Latency:    0.405843 seconds
[METRICS 0] Projected_Total_Wait: 0.405843
[METRICS 0] Scheduled_Resume: 7.00584
[METRICS 0] Messages Sent: 9
[METRICS 0] Messages Received: 6
[METRICS 0] (consensus succeeded : TRUE)
[V2VProxy 0] Main thread scheduling resume in 0s
Not flushing reliability queue
Not flushing reliability queue
[METRICS 0] Resume_Time: 7.005843309202
[METRICS 0] Stop_Time: 6.6
[V2VProxy 0] Resume delay expired, resuming vehicle now!
[V2VProxy 0] Vehicle RESUMED movement at t=7.005843309202
[METRICS 3] Consensus Duration: 0.406791 seconds
[METRICS 3] Consensus Completed!
[METRICS 3] Consensus Start Time: 6.6
[METRICS 3] Consensus End Time:   7.006790778258
[METRICS 3] Consensus Latency:    0.406791 seconds
[METRICS 3] Projected_Total_Wait: 8.12108
[METRICS 3] Scheduled_Resume: 14.7211
[METRICS 3] Messages Sent: 6
[METRICS 3] Messages Received: 12
[METRICS 3] (consensus succeeded : TRUE)
[V2VProxy 3] Main thread scheduling resume in 7.71429s
Not flushing reliability queue
[METRICS 1] Consensus Duration: 0.406982 seconds
[METRICS 1] Consensus Completed!
[METRICS 1] Consensus Start Time: 6.6
[METRICS 1] Consensus End Time:   7.006982071718
[METRICS 1] Consensus Latency:    0.406982 seconds
[METRICS 1] Projected_Total_Wait: 2.97841
[METRICS 1] Scheduled_Resume: 9.57841
[METRICS 1] Messages Sent: 6
[METRICS 1] Messages Received: 10
[METRICS 1] (consensus succeeded : TRUE)
[V2VProxy 1] Main thread scheduling resume in 2.57143s
Not flushing reliability queue
[METRICS 2] Consensus Duration: 0.407148 seconds
[METRICS 2] Consensus Completed!
[METRICS 2] Consensus Start Time: 6.6
[METRICS 2] Consensus End Time:   7.007148287892
[METRICS 2] Consensus Latency:    0.407148 seconds
[METRICS 2] Projected_Total_Wait: 5.55001
[METRICS 2] Scheduled_Resume: 12.15
[METRICS 2] Messages Sent: 6
[METRICS 2] Messages Received: 12
[METRICS 2] (consensus succeeded : TRUE)
[V2VProxy 2] Main thread scheduling resume in 5.14286s
Not flushing reliability queue
[METRICS 2] All Consensus Completed
[METRICS 0] Messages received: 6
[METRICS 0] Messages sent: 9
[METRICS 1] Messages received: 10
[METRICS 1] Messages sent: 6
[METRICS 2] Messages received: 12
[METRICS 2] Messages sent: 6
[METRICS 3] Messages received: 12
[METRICS 3] Messages sent: 6
19:27:56.199 [Thread-37] DEBUG bftsmart.proxy - Sending request (ORDERED_REQUEST) with seqId = 1
19:27:56.199 [Thread-38] DEBUG bftsmart.proxy - Sending request (ORDERED_REQUEST) with seqId = 1
19:27:56.199 [Thread-39] DEBUG bftsmart.proxy - Sending request (ORDERED_REQUEST) with seqId = 1
19:27:56.199 [Thread-36] DEBUG bftsmart.proxy - Sending request (ORDERED_REQUEST) with seqId = 1
19:27:56.200 [Thread-37] DEBUG bftsmart.communication.client.netty.NettyClientServerCommunicationSystemClientSide - All channel operations completed or timed out
19:27:56.200 [Thread-37] DEBUG bftsmart.communication.client.netty.NettyClientServerCommunicationSystemClientSide - Sending request from 1001 with sequence number 1 to [1, 2, 3, 0]
19:27:56.200 [Thread-38] DEBUG bftsmart.communication.client.netty.NettyClientServerCommunicationSystemClientSide - All channel operations completed or timed out
19:27:56.200 [Thread-38] DEBUG bftsmart.communication.client.netty.NettyClientServerCommunicationSystemClientSide - Sending request from 1002 with sequence number 1 to [3, 1, 2, 0]
19:27:56.200 [Thread-39] DEBUG bftsmart.communication.client.netty.NettyClientServerCommunicationSystemClientSide - All channel operations completed or timed out
19:27:56.200 [Thread-39] DEBUG bftsmart.communication.client.netty.NettyClientServerCommunicationSystemClientSide - Sending request from 1003 with sequence number 1 to [1, 0, 2, 3]
19:27:56.200 [Thread-36] DEBUG bftsmart.communication.client.netty.NettyClientServerCommunicationSystemClientSide - All channel operations completed or timed out
19:27:56.200 [Thread-36] DEBUG bftsmart.communication.client.netty.NettyClientServerCommunicationSystemClientSide - Sending request from 1000 with sequence number 1 to [0, 3, 1, 2]
19:27:56.200 [Thread-39] DEBUG bftsmart.proxy - Expected number of matching replies: 2
19:27:56.200 [Thread-37] DEBUG bftsmart.proxy - Expected number of matching replies: 2
19:27:56.200 [Thread-36] DEBUG bftsmart.proxy - Expected number of matching replies: 2
19:27:56.200 [Thread-38] DEBUG bftsmart.proxy - Expected number of matching replies: 2
19:27:56.201 [nioEventLoopGroup-13-3] DEBUG bftsmart.communication.client.netty.NettyClientServerCommunicationSystemClientSide - 1 channel operations remaining to complete
19:27:56.201 [nioEventLoopGroup-11-4] DEBUG bftsmart.communication.client.netty.NettyClientServerCommunicationSystemClientSide - 1 channel operations remaining to complete
19:27:56.201 [nioEventLoopGroup-10-3] DEBUG bftsmart.communication.client.netty.NettyClientServerCommunicationSystemClientSide - 1 channel operations remaining to complete
19:27:56.201 [nioEventLoopGroup-6-3] DEBUG bftsmart.communication.client.netty.NettyTOMMessageDecoder - Decoded reply from 1000 with sequence number 1
19:27:56.201 [nioEventLoopGroup-6-1] DEBUG bftsmart.communication.client.netty.NettyTOMMessageDecoder - Decoded reply from 1001 with sequence number 1
19:27:56.201 [nioEventLoopGroup-9-3] DEBUG bftsmart.communication.client.netty.NettyTOMMessageDecoder - Decoded reply from 1001 with sequence number 1
19:27:56.201 [nioEventLoopGroup-10-4] DEBUG bftsmart.communication.client.netty.NettyClientServerCommunicationSystemClientSide - 0 channel operations remaining to complete
19:27:56.201 [nioEventLoopGroup-12-1] DEBUG bftsmart.communication.client.netty.NettyClientServerCommunicationSystemClientSide - 1 channel operations remaining to complete
19:27:56.201 [nioEventLoopGroup-9-1] DEBUG bftsmart.communication.client.netty.NettyTOMMessageDecoder - Decoded reply from 1000 with sequence number 1
19:27:56.201 [nioEventLoopGroup-9-3] DEBUG bftsmart.tom.core.TOMLayer - Received TOMMessage from client 1001 with sequence number 1 for session -1327892681
19:27:56.201 [nioEventLoopGroup-10-2] DEBUG bftsmart.communication.client.netty.NettyClientServerCommunicationSystemClientSide - -1 channel operations remaining to complete
19:27:56.201 [nioEventLoopGroup-8-1] DEBUG bftsmart.communication.client.netty.NettyTOMMessageDecoder - Decoded reply from 1001 with sequence number 1
19:27:56.201 [nioEventLoopGroup-8-4] DEBUG bftsmart.communication.client.netty.NettyTOMMessageDecoder - Decoded reply from 1003 with sequence number 1
19:27:56.201 [nioEventLoopGroup-11-3] DEBUG bftsmart.communication.client.netty.NettyClientServerCommunicationSystemClientSide - 0 channel operations remaining to complete
19:27:56.201 [nioEventLoopGroup-8-1] DEBUG bftsmart.tom.core.TOMLayer - Received TOMMessage from client 1001 with sequence number 1 for session -1327892681
19:27:56.201 [nioEventLoopGroup-8-4] DEBUG bftsmart.tom.core.TOMLayer - Received TOMMessage from client 1003 with sequence number 1 for session -442323693
19:27:56.201 [nioEventLoopGroup-10-1] DEBUG bftsmart.communication.client.netty.NettyClientServerCommunicationSystemClientSide - -2 channel operations remaining to complete
19:27:56.201 [nioEventLoopGroup-8-1] DEBUG bftsmart.clientsmanagement.ClientsManager - Message from client 1001 is valid
19:27:56.201 [nioEventLoopGroup-8-4] DEBUG bftsmart.clientsmanagement.ClientsManager - Message from client 1003 is valid
19:27:56.201 [nioEventLoopGroup-11-1] DEBUG bftsmart.communication.client.netty.NettyClientServerCommunicationSystemClientSide - -1 channel operations remaining to complete
19:27:56.201 [nioEventLoopGroup-8-2] DEBUG bftsmart.communication.client.netty.NettyTOMMessageDecoder - Decoded reply from 1002 with sequence number 1
19:27:56.201 [nioEventLoopGroup-11-2] DEBUG bftsmart.communication.client.netty.NettyClientServerCommunicationSystemClientSide - -2 channel operations remaining to complete
19:27:56.201 [nioEventLoopGroup-9-2] DEBUG bftsmart.communication.client.netty.NettyTOMMessageDecoder - Decoded reply from 1003 with sequence number 1
19:27:56.201 [nioEventLoopGroup-8-2] DEBUG bftsmart.tom.core.TOMLayer - Received TOMMessage from client 1002 with sequence number 1 for session -738839881
19:27:56.201 [nioEventLoopGroup-7-3] DEBUG bftsmart.communication.client.netty.NettyTOMMessageDecoder - Decoded reply from 1001 with sequence number 1
19:27:56.201 [nioEventLoopGroup-9-2] DEBUG bftsmart.tom.core.TOMLayer - Received TOMMessage from client 1003 with sequence number 1 for session -442323693
19:27:56.201 [nioEventLoopGroup-8-2] DEBUG bftsmart.clientsmanagement.ClientsManager - Message from client 1002 is valid
19:27:56.201 [nioEventLoopGroup-9-2] DEBUG bftsmart.clientsmanagement.ClientsManager - Message from client 1003 is valid
19:27:56.201 [nioEventLoopGroup-6-4] DEBUG bftsmart.communication.client.netty.NettyTOMMessageDecoder - Decoded reply from 1002 with sequence number 1
19:27:56.201 [nioEventLoopGroup-8-3] DEBUG bftsmart.communication.client.netty.NettyTOMMessageDecoder - Decoded reply from 1000 with sequence number 1
19:27:56.201 [nioEventLoopGroup-7-3] DEBUG bftsmart.tom.core.TOMLayer - Received TOMMessage from client 1001 with sequence number 1 for session -1327892681
19:27:56.201 [nioEventLoopGroup-6-4] DEBUG bftsmart.tom.core.TOMLayer - Received TOMMessage from client 1002 with sequence number 1 for session -738839881
19:27:56.201 [nioEventLoopGroup-7-3] DEBUG bftsmart.clientsmanagement.ClientsManager - Message from client 1001 is valid
19:27:56.201 [nioEventLoopGroup-6-4] DEBUG bftsmart.clientsmanagement.ClientsManager - Message from client 1002 is valid
19:27:56.201 [nioEventLoopGroup-7-1] DEBUG bftsmart.communication.client.netty.NettyTOMMessageDecoder - Decoded reply from 1000 with sequence number 1
19:27:56.201 [nioEventLoopGroup-8-3] DEBUG bftsmart.tom.core.TOMLayer - Received TOMMessage from client 1000 with sequence number 1 for session -1056859547
19:27:56.201 [nioEventLoopGroup-8-3] DEBUG bftsmart.clientsmanagement.ClientsManager - Message from client 1000 is valid
19:27:56.201 [nioEventLoopGroup-7-2] DEBUG bftsmart.communication.client.netty.NettyTOMMessageDecoder - Decoded reply from 1002 with sequence number 1
19:27:56.202 [nioEventLoopGroup-7-1] DEBUG bftsmart.tom.core.TOMLayer - Received TOMMessage from client 1000 with sequence number 1 for session -1056859547
19:27:56.201 [nioEventLoopGroup-13-1] DEBUG bftsmart.communication.client.netty.NettyClientServerCommunicationSystemClientSide - 0 channel operations remaining to complete
19:27:56.201 [nioEventLoopGroup-7-4] DEBUG bftsmart.communication.client.netty.NettyTOMMessageDecoder - Decoded reply from 1003 with sequence number 1
19:27:56.202 [nioEventLoopGroup-13-4] DEBUG bftsmart.communication.client.netty.NettyClientServerCommunicationSystemClientSide - -1 channel operations remaining to complete
19:27:56.201 [nioEventLoopGroup-6-2] DEBUG bftsmart.communication.client.netty.NettyTOMMessageDecoder - Decoded reply from 1003 with sequence number 1
19:27:56.202 [nioEventLoopGroup-7-4] DEBUG bftsmart.tom.core.TOMLayer - Received TOMMessage from client 1003 with sequence number 1 for session -442323693
19:27:56.202 [nioEventLoopGroup-7-4] DEBUG bftsmart.clientsmanagement.ClientsManager - Message from client 1003 is valid
19:27:56.201 [nioEventLoopGroup-6-1] DEBUG bftsmart.tom.core.TOMLayer - Received TOMMessage from client 1001 with sequence number 1 for session -1327892681
19:27:56.202 [nioEventLoopGroup-6-2] DEBUG bftsmart.tom.core.TOMLayer - Received TOMMessage from client 1003 with sequence number 1 for session -442323693
19:27:56.202 [nioEventLoopGroup-6-2] DEBUG bftsmart.clientsmanagement.ClientsManager - Message from client 1003 is valid
19:27:56.202 [nioEventLoopGroup-6-1] DEBUG bftsmart.clientsmanagement.ClientsManager - Message from client 1001 is valid
19:27:56.201 [nioEventLoopGroup-6-3] DEBUG bftsmart.tom.core.TOMLayer - Received TOMMessage from client 1000 with sequence number 1 for session -1056859547
19:27:56.201 [nioEventLoopGroup-9-1] DEBUG bftsmart.tom.core.TOMLayer - Received TOMMessage from client 1000 with sequence number 1 for session -1056859547
19:27:56.201 [nioEventLoopGroup-9-4] DEBUG bftsmart.communication.client.netty.NettyTOMMessageDecoder - Decoded reply from 1002 with sequence number 1
19:27:56.201 [nioEventLoopGroup-12-2] DEBUG bftsmart.communication.client.netty.NettyClientServerCommunicationSystemClientSide - 0 channel operations remaining to complete
19:27:56.202 [nioEventLoopGroup-9-4] DEBUG bftsmart.tom.core.TOMLayer - Received TOMMessage from client 1002 with sequence number 1 for session -738839881
19:27:56.202 [nioEventLoopGroup-6-3] DEBUG bftsmart.clientsmanagement.ClientsManager - Message from client 1000 is valid
19:27:56.201 [nioEventLoopGroup-9-3] DEBUG bftsmart.clientsmanagement.ClientsManager - Message from client 1001 is valid
19:27:56.202 [nioEventLoopGroup-12-4] DEBUG bftsmart.communication.client.netty.NettyClientServerCommunicationSystemClientSide - -1 channel operations remaining to complete
19:27:56.202 [nioEventLoopGroup-7-2] DEBUG bftsmart.tom.core.TOMLayer - Received TOMMessage from client 1002 with sequence number 1 for session -738839881
19:27:56.202 [nioEventLoopGroup-12-3] DEBUG bftsmart.communication.client.netty.NettyClientServerCommunicationSystemClientSide - -2 channel operations remaining to complete
19:27:56.202 [nioEventLoopGroup-7-1] DEBUG bftsmart.clientsmanagement.ClientsManager - Message from client 1000 is valid
19:27:56.202 [nioEventLoopGroup-13-2] DEBUG bftsmart.communication.client.netty.NettyClientServerCommunicationSystemClientSide - -2 channel operations remaining to complete
19:27:56.202 [nioEventLoopGroup-9-1] DEBUG bftsmart.clientsmanagement.ClientsManager - Message from client 1000 is valid
19:27:56.202 [nioEventLoopGroup-9-4] DEBUG bftsmart.clientsmanagement.ClientsManager - Message from client 1002 is valid
19:27:56.202 [nioEventLoopGroup-7-2] DEBUG bftsmart.clientsmanagement.ClientsManager - Message from client 1002 is valid
