#
# A fatal error has been detected by the Java Runtime Environment:
#
#  SIGSEGV (0xb) at pc=0x00007ffff787691e, pid=480453, tid=480453
#
# JRE version: OpenJDK Runtime Environment (11.0.30+7) (build 11.0.30+7-post-Ubuntu-1ubuntu122.04)
# Java VM: OpenJDK 64-Bit Server VM (11.0.30+7-post-Ubuntu-1ubuntu122.04, mixed mode, sharing, tiered, compressed oops, g1 gc, linux-amd64)
# Problematic frame:
# C  [liboppsim.so+0x2d991e]  omnetpp::cSimpleModule::cancelAndDelete(omnetpp::cMessage*)+0x1e
#
# Core dump will be written. Default location: Core dumps may be processed with "/wsl-capture-crash %t %E %p %s" (or dumping to /home/yash/DistributedSystemsforAVs/fourway/core.480453)
#
# If you would like to submit a bug report, please visit:
#   https://bugs.launchpad.net/ubuntu/+source/openjdk-lts
# The crash happened outside the Java Virtual Machine in native code.
# See problematic frame for where to report the bug.
#

---------------  S U M M A R Y ------------

Command Line: -Djava.library.path=/home/yash/DistributedSystemsforAVs/bftsmart/library/native/lib -Dbftsmart.communication.useV2V=true -Dbftsmart.jni.embedded=true -Dintersection.width=15.000000 -Dintersection.avgSpeed=14.000000 -Dintersection.safetyGap=1.500000 -Xms256m -Xmx1024m -Djava.security.egd=file:/dev/./urandom 

Host: AMD Ryzen 9 3900X 12-Core Processor, 24 cores, 23G, Ubuntu 22.04.5 LTS
Time: Tue Apr 21 14:18:59 2026 PDT elapsed time: 59.893303 seconds (0d 0h 0m 59s)

---------------  T H R E A D  ---------------

Current thread (0x0000555555787800):  JavaThread "Thread-54" [_thread_in_native, id=480453, stack(0x00007fffffeff000,0x00007ffffffff000)]

Stack: [0x00007fffffeff000,0x00007ffffffff000],  sp=0x00007ffffffd3698,  free space=849k
Native frames: (J=compiled Java code, A=aot compiled Java code, j=interpreted, Vv=VM code, C=native code)
C  [liboppsim.so+0x2d991e]  omnetpp::cSimpleModule::cancelAndDelete(omnetpp::cMessage*)+0x1e
C  [libveins.so+0xfb50e]  veins::TraCIDemoTrafficLightApp::~TraCIDemoTrafficLightApp()+0xe
C  [liboppsim.so+0x2a0ab2]  omnetpp::cModule::doDeleteModule()+0x8c2
C  [liboppsim.so+0x2a03bc]  omnetpp::cModule::doDeleteModule()+0x1cc
C  [liboppsim.so+0x2a061a]  omnetpp::cModule::doDeleteModule()+0x42a
C  [liboppsim.so+0x2db375]  omnetpp::cSimulation::deleteNetwork()+0x95
C  [liboppcmdenv.so+0x14c31]  omnetpp::cmdenv::Cmdenv::doRun()+0xc41
C  [liboppenvir.so+0x62703]  omnetpp::envir::EnvirBase::run()+0x13
C  [liboppenvir.so+0x5fb42]  omnetpp::envir::EnvirBase::run(int, char**, omnetpp::cConfiguration*)+0x1a2
C  [liboppenvir.so+0x5a1d4]  omnetpp::envir::setupUserInterface(int, char**)+0xd34
C  [liboppenvir.so+0x5b407]  evMain+0x47


siginfo: si_signo: 11 (SIGSEGV), si_code: 1 (SEGV_MAPERR), si_addr: 0x0000555000ce60c3

Register to memory mapping:

RAX=0x00005555556ebf90 points into unknown readable memory: 0x0000555000ce60ab | ab 60 ce 00 50 55 00 00
RBX=0x000055555568f0b0 points into unknown readable memory: 0x00007ffff7fa6a20 | 20 6a fa f7 ff 7f 00 00
RCX=0x0000555000ce60ab is an unknown value
RDX=0x0 is NULL
RSP=0x00007ffffffd3698 is pointing into the stack for thread: 0x0000555555787800
RBP=0x00007ffffffd36b0 is pointing into the stack for thread: 0x0000555555787800
RSI=0x00005555556ebf90 points into unknown readable memory: 0x0000555000ce60ab | ab 60 ce 00 50 55 00 00
RDI=0x00005555556ebf90 points into unknown readable memory: 0x0000555000ce60ab | ab 60 ce 00 50 55 00 00
R8 =0x0 is NULL
R9 =0x0 is NULL
R10=0x0 is NULL
R11=0x00007ffff7ee64d0: _ZN5veins24TraCIDemoTrafficLightAppD1Ev+0x0000000000000000 in /home/yash/DistributedSystemsforAVs/veins-veins-5.3.1/src/libveins.so at 0x00007ffff7deb000
R12=0x0 is NULL
R13=0x00007ffff79ace0c: _ZN7omnetpp17POST_MODEL_CHANGEE+0x0000000000000000 in /home/yash/omnetpp/omnetpp-6.2.0/lib/liboppsim.so at 0x00007ffff759d000
R14=0x00007ffffffd36e0 is pointing into the stack for thread: 0x0000555555787800
R15=0x000055555568f0b0 points into unknown readable memory: 0x00007ffff7fa6a20 | 20 6a fa f7 ff 7f 00 00


Registers:
RAX=0x00005555556ebf90, RBX=0x000055555568f0b0, RCX=0x0000555000ce60ab, RDX=0x0000000000000000
RSP=0x00007ffffffd3698, RBP=0x00007ffffffd36b0, RSI=0x00005555556ebf90, RDI=0x00005555556ebf90
R8 =0x0000000000000000, R9 =0x0000000000000000, R10=0x0000000000000000, R11=0x00007ffff7ee64d0
R12=0x0000000000000000, R13=0x00007ffff79ace0c, R14=0x00007ffffffd36e0, R15=0x000055555568f0b0
RIP=0x00007ffff787691e, EFLAGS=0x0000000000010206, CSGSFS=0x002b000000000033, ERR=0x0000000000000004
  TRAPNO=0x000000000000000e

Top of Stack: (sp=0x00007ffffffd3698)
0x00007ffffffd3698:   00007ffff7ee4199 000055555568f0b0
0x00007ffffffd36a8:   00007ffffffd36e0 00007ffffffd36d0
0x00007ffffffd36b8:   00007ffff7ee650e 00007ffff7fa8b30
0x00007ffffffd36c8:   000055555568f0b0 00007ffffffd3770 

Instructions: (pc=0x00007ffff787691e)
0x00007ffff787681e:   90 f0 00 00 00 48 8b 05 f6 bc 12 00 48 8b 38 80
0x00007ffff787682e:   7f 09 00 75 09 48 8b 07 4c 89 f6 ff 50 30 48 8b
0x00007ffff787683e:   43 40 48 8b 80 88 00 00 00 49 89 46 40 4c 89 f0
0x00007ffff787684e:   48 83 c4 08 5b 41 5e 41 5f 5d c3 bf a0 00 00 00
0x00007ffff787685e:   e8 4d 45 0f 00 48 89 c3 48 8d 35 d1 f5 ee ff 48
0x00007ffff787686e:   89 c7 31 c0 e8 59 49 0f 00 eb 59 bf a0 00 00 00
0x00007ffff787687e:   e8 2d 45 0f 00 48 89 c3 49 8b 06 4c 89 f7 ff 50
0x00007ffff787688e:   20 49 89 c7 49 8b 06 4c 89 f7 ff 50 30 48 8d 35
0x00007ffff787689e:   fb 1b ee ff 48 89 df 4c 89 fa 48 89 c1 31 c0 e8
0x00007ffff78768ae:   1e 49 0f 00 eb 1e bf a0 00 00 00 e8 f2 44 0f 00
0x00007ffff78768be:   48 89 c3 48 8d 35 c2 a7 ed ff 48 89 c7 31 c0 e8
0x00007ffff78768ce:   fe 48 0f 00 48 8b 35 0f bb 12 00 48 8b 15 10 bb
0x00007ffff78768de:   12 00 48 89 df e8 f8 44 0f 00 eb 02 eb 00 49 89
0x00007ffff78768ee:   c6 48 89 df e8 f9 44 0f 00 4c 89 f7 e8 51 43 0f
0x00007ffff78768fe:   00 90 55 48 89 e5 48 85 f6 74 18 48 8b 07 ff 90
0x00007ffff787690e:   78 06 00 00 48 85 c0 74 0a 48 8b 08 48 89 c7 5d
0x00007ffff787691e:   ff 61 18 5d c3 66 66 66 66 2e 0f 1f 84 00 00 00
0x00007ffff787692e:   00 00 55 48 89 e5 41 57 41 56 41 55 41 54 53 48
0x00007ffff787693e:   83 ec 48 f6 47 11 40 0f 85 42 01 00 00 4d 89 c4
0x00007ffff787694e:   49 89 cf 49 89 f6 48 8b 05 7d bb 12 00 48 8b 00
0x00007ffff787695e:   49 8b 08 48 3b 88 80 00 00 00 0f 8c 70 01 00 00
0x00007ffff787696e:   49 89 d5 48 89 7d d0 8b 5f 48 48 89 d7 e8 60 65
0x00007ffff787697e:   0f 00 41 89 5e 70 41 89 46 74 49 8b 06 4c 89 f7
0x00007ffff787698e:   ff 90 e8 00 00 00 84 c0 74 7c 41 8b 4e 10 41 8b
0x00007ffff787699e:   45 10 89 ca 83 e2 10 c1 ea 04 4c 3b 3d 99 c7 12
0x00007ffff78769ae:   00 40 0f 94 c6 40 08 d6 74 6a 89 ca c0 ea 04 a8
0x00007ffff78769be:   02 40 0f 94 c6 40 84 f2 48 8b 5d d0 74 78 49 8b
0x00007ffff78769ce:   14 24 49 8b b6 c8 00 00 00 48 89 f7 48 31 d7 40
0x00007ffff78769de:   0f 98 c7 48 01 f2 48 89 55 b0 48 31 d6 40 0f 99
0x00007ffff78769ee:   c6 40 08 fe 0f 84 aa 01 00 00 49 89 56 28 48 8b
0x00007ffff78769fe:   15 45 ba 12 00 48 8b 12 49 89 96 c8 00 00 00 f6
0x00007ffff7876a0e:   c1 20 75 3f eb 5f 49 8b 04 24 49 89 46 28 48 8b 


Stack slot to memory mapping:
stack at sp + 0 slots: 0x00007ffff7ee4199: _ZN5veins17DemoBaseApplLayerD2Ev+0x0000000000000039 in /home/yash/DistributedSystemsforAVs/veins-veins-5.3.1/src/libveins.so at 0x00007ffff7deb000
stack at sp + 1 slots: 0x000055555568f0b0 points into unknown readable memory: 0x00007ffff7fa6a20 | 20 6a fa f7 ff 7f 00 00
stack at sp + 2 slots: 0x00007ffffffd36e0 is pointing into the stack for thread: 0x0000555555787800
stack at sp + 3 slots: 0x00007ffffffd36d0 is pointing into the stack for thread: 0x0000555555787800
stack at sp + 4 slots: 0x00007ffff7ee650e: _ZN5veins24TraCIDemoTrafficLightAppD0Ev+0x000000000000000e in /home/yash/DistributedSystemsforAVs/veins-veins-5.3.1/src/libveins.so at 0x00007ffff7deb000
stack at sp + 5 slots: 0x00007ffff7fa8b30: _ZTVN5veins24TraCIDemoTrafficLightAppE+0x0000000000000010 in /home/yash/DistributedSystemsforAVs/veins-veins-5.3.1/src/libveins.so at 0x00007ffff7deb000
stack at sp + 6 slots: 0x000055555568f0b0 points into unknown readable memory: 0x00007ffff7fa6a20 | 20 6a fa f7 ff 7f 00 00
stack at sp + 7 slots: 0x00007ffffffd3770 is pointing into the stack for thread: 0x0000555555787800


---------------  P R O C E S S  ---------------

Threads class SMR info:
_java_thread_list=0x00005555559f4330, length=70, elements={
0x0000555555907800, 0x0000555555912000, 0x0000555555916800, 0x0000555555919000,
0x000055555591b000, 0x000055555591d000, 0x000055555591f000, 0x0000555555952000,
0x00007fff7007f800, 0x00007fff64048000, 0x00007fff6c02a800, 0x00007fff680c8800,
0x00007fff640c4800, 0x00007fff701ee800, 0x00007fff681a4800, 0x00007fff6c046000,
0x00007fff640d1000, 0x00007fff681b1000, 0x00007fff701f1000, 0x00007fff6c0c6800,
0x00007fff681b1800, 0x00007fff6c0ca000, 0x00007fff701d3800, 0x00007fff640d6000,
0x00007fff640d8000, 0x00007fff6c0c9000, 0x00007fff681b6800, 0x00007fff701d5800,
0x00007fff681b8000, 0x00007fff6c0cc800, 0x00007fff640dd000, 0x00007fff6c0ce800,
0x00007fff681ba800, 0x00007fff701ff800, 0x00007fff681bc800, 0x00007fff6c0d0000,
0x00007fff640df000, 0x00007fff6c0d2000, 0x00007fff681be000, 0x00007fff70201000,
0x00007fff681c0000, 0x00007fff6c0d4000, 0x00007fff640e0800, 0x00007fff70202800,
0x00007fff640e2800, 0x00007fff70204800, 0x00007fff640e4000, 0x00007fff70206800,
0x0000555555789800, 0x00007fff9c046800, 0x00007fff0000b800, 0x00007fff9c048800,
0x00007fff08001800, 0x00007fff9c06a000, 0x00007fff04081800, 0x00007fff9c06b000,
0x00007ffefc002000, 0x00007fff9c039000, 0x00007ffec001c000, 0x00007ffebc00f000,
0x00007ffec8003000, 0x00007ffec8021000, 0x00007ffec001e000, 0x00007ffebc00f800,
0x00007ffeac006000, 0x00007ffe84005000, 0x00007ffe90001800, 0x00007ffeb0001800,
0x00007ffea4001800, 0x0000555555787800
}

Java Threads: ( => current thread )
  0x0000555555907800 JavaThread "Reference Handler" daemon [_thread_blocked, id=480512, stack(0x00007fffc8af4000,0x00007fffc8bf4000)]
  0x0000555555912000 JavaThread "Finalizer" daemon [_thread_blocked, id=480513, stack(0x00007fffc89f4000,0x00007fffc8af4000)]
  0x0000555555916800 JavaThread "Signal Dispatcher" daemon [_thread_blocked, id=480514, stack(0x00007fffc88f4000,0x00007fffc89f4000)]
  0x0000555555919000 JavaThread "Service Thread" daemon [_thread_blocked, id=480515, stack(0x00007fffc87f4000,0x00007fffc88f4000)]
  0x000055555591b000 JavaThread "C2 CompilerThread0" daemon [_thread_blocked, id=480516, stack(0x00007fffc86f4000,0x00007fffc87f4000)]
  0x000055555591d000 JavaThread "C1 CompilerThread0" daemon [_thread_blocked, id=480517, stack(0x00007fffc85f4000,0x00007fffc86f4000)]
  0x000055555591f000 JavaThread "Sweeper thread" daemon [_thread_blocked, id=480518, stack(0x00007fffc84f4000,0x00007fffc85f4000)]
  0x0000555555952000 JavaThread "Common-Cleaner" daemon [_thread_blocked, id=480521, stack(0x00007fffc81f3000,0x00007fffc82f3000)]
  0x00007fff7007f800 JavaThread "Thread-4" [_thread_blocked, id=480567, stack(0x00007fff8fd00000,0x00007fff8fe00000)]
  0x00007fff64048000 JavaThread "Thread-7" [_thread_blocked, id=480568, stack(0x00007fff8fe00000,0x00007fff8ff00000)]
  0x00007fff6c02a800 JavaThread "Thread-6" [_thread_blocked, id=480569, stack(0x00007fff8ff00000,0x00007fff90000000)]
  0x00007fff680c8800 JavaThread "Thread-5" [_thread_blocked, id=480570, stack(0x00007fff8fc00000,0x00007fff8fd00000)]
  0x00007fff640c4800 JavaThread "nioEventLoopGroup-3-1" [_thread_in_native, id=480592, stack(0x00007fff8c9d7000,0x00007fff8cad7000)]
  0x00007fff701ee800 JavaThread "nioEventLoopGroup-2-1" [_thread_in_native, id=480593, stack(0x00007fff8c4d7000,0x00007fff8c5d7000)]
  0x00007fff681a4800 JavaThread "nioEventLoopGroup-4-1" [_thread_in_native, id=480594, stack(0x00007fff8c3d7000,0x00007fff8c4d7000)]
  0x00007fff6c046000 JavaThread "nioEventLoopGroup-5-1" [_thread_in_native, id=480596, stack(0x00007fff8c2d7000,0x00007fff8c3d7000)]
  0x00007fff640d1000 JavaThread "request timer" [_thread_blocked, id=480603, stack(0x00007fff8c1d7000,0x00007fff8c2d7000)]
  0x00007fff681b1000 JavaThread "request timer" [_thread_blocked, id=480604, stack(0x00007fff8c0d7000,0x00007fff8c1d7000)]
  0x00007fff701f1000 JavaThread "request timer" [_thread_blocked, id=480605, stack(0x00007ffef3f00000,0x00007ffef4000000)]
  0x00007fff6c0c6800 JavaThread "request timer" [_thread_blocked, id=480606, stack(0x00007ffef3e00000,0x00007ffef3f00000)]
  0x00007fff681b1800 JavaThread "Delivery Thread" [_thread_blocked, id=480607, stack(0x00007ffef3b00000,0x00007ffef3c00000)]
  0x00007fff6c0ca000 JavaThread "Delivery Thread" [_thread_blocked, id=480608, stack(0x00007ffef3a00000,0x00007ffef3b00000)]
  0x00007fff701d3800 JavaThread "Delivery Thread" [_thread_blocked, id=480609, stack(0x00007ffef3900000,0x00007ffef3a00000)]
  0x00007fff640d6000 JavaThread "Delivery Thread" [_thread_blocked, id=480610, stack(0x00007ffef3800000,0x00007ffef3900000)]
  0x00007fff640d8000 JavaThread "TOM Layer" [_thread_blocked, id=480611, stack(0x00007ffef3700000,0x00007ffef3800000)]
  0x00007fff6c0c9000 JavaThread "TOM Layer" [_thread_blocked, id=480612, stack(0x00007ffef3600000,0x00007ffef3700000)]
  0x00007fff681b6800 JavaThread "TOM Layer" [_thread_blocked, id=480613, stack(0x00007ffef3500000,0x00007ffef3600000)]
  0x00007fff701d5800 JavaThread "TOM Layer" [_thread_blocked, id=480614, stack(0x00007ffef3400000,0x00007ffef3500000)]
  0x00007fff681b8000 JavaThread "Server Comm. System" [_thread_blocked, id=480615, stack(0x00007ffef3300000,0x00007ffef3400000)]
  0x00007fff6c0cc800 JavaThread "Server Comm. System" [_thread_blocked, id=480616, stack(0x00007ffef3200000,0x00007ffef3300000)]
  0x00007fff640dd000 JavaThread "Server Comm. System" [_thread_blocked, id=480617, stack(0x00007ffef3100000,0x00007ffef3200000)]
  0x00007fff6c0ce800 JavaThread "Thread-17" [_thread_blocked, id=480618, stack(0x00007ffef3000000,0x00007ffef3100000)]
  0x00007fff681ba800 JavaThread "Thread-16" [_thread_blocked, id=480619, stack(0x00007ffef2f00000,0x00007ffef3000000)]
  0x00007fff701ff800 JavaThread "Server Comm. System" [_thread_blocked, id=480620, stack(0x00007ffef2e00000,0x00007ffef2f00000)]
  0x00007fff681bc800 JavaThread "Thread-18" [_thread_blocked, id=480621, stack(0x00007ffef2d00000,0x00007ffef2e00000)]
  0x00007fff6c0d0000 JavaThread "Thread-19" [_thread_blocked, id=480622, stack(0x00007ffef2c00000,0x00007ffef2d00000)]
  0x00007fff640df000 JavaThread "Thread-24" [_thread_blocked, id=480623, stack(0x00007ffef2b00000,0x00007ffef2c00000)]
  0x00007fff6c0d2000 JavaThread "Thread-21" [_thread_blocked, id=480624, stack(0x00007ffef2a00000,0x00007ffef2b00000)]
  0x00007fff681be000 JavaThread "Thread-20" [_thread_blocked, id=480625, stack(0x00007ffef2900000,0x00007ffef2a00000)]
  0x00007fff70201000 JavaThread "Thread-28" [_thread_blocked, id=480626, stack(0x00007ffef2800000,0x00007ffef2900000)]
  0x00007fff681c0000 JavaThread "Thread-22" [_thread_blocked, id=480627, stack(0x00007ffef2700000,0x00007ffef2800000)]
  0x00007fff6c0d4000 JavaThread "Thread-23" [_thread_blocked, id=480628, stack(0x00007ffef2600000,0x00007ffef2700000)]
  0x00007fff640e0800 JavaThread "Thread-25" [_thread_blocked, id=480629, stack(0x00007ffef2500000,0x00007ffef2600000)]
  0x00007fff70202800 JavaThread "Thread-29" [_thread_blocked, id=480630, stack(0x00007ffef2400000,0x00007ffef2500000)]
  0x00007fff640e2800 JavaThread "Thread-26" [_thread_blocked, id=480631, stack(0x00007ffef2300000,0x00007ffef2400000)]
  0x00007fff70204800 JavaThread "Thread-30" [_thread_blocked, id=480632, stack(0x00007ffef2200000,0x00007ffef2300000)]
  0x00007fff640e4000 JavaThread "Thread-27" [_thread_blocked, id=480633, stack(0x00007ffef2100000,0x00007ffef2200000)]
  0x00007fff70206800 JavaThread "Thread-31" [_thread_blocked, id=480634, stack(0x00007ffef2000000,0x00007ffef2100000)]
  0x0000555555789800 JavaThread "Thread-32" [_thread_blocked, id=480938, stack(0x00007fffc83f4000,0x00007fffc84f4000)]
  0x00007fff9c046800 JavaThread "nioEventLoopGroup-10-1" [_thread_in_native, id=480941, stack(0x00007fff8fb00000,0x00007fff8fc00000)]
  0x00007fff0000b800 JavaThread "nioEventLoopGroup-8-1" [_thread_in_native, id=480942, stack(0x00007fff8cbd7000,0x00007fff8ccd7000)]
  0x00007fff9c048800 JavaThread "nioEventLoopGroup-10-2" [_thread_in_native, id=480943, stack(0x00007fff8cad7000,0x00007fff8cbd7000)]
  0x00007fff08001800 JavaThread "nioEventLoopGroup-6-1" [_thread_in_native, id=480944, stack(0x00007fff8fa00000,0x00007fff8fb00000)]
  0x00007fff9c06a000 JavaThread "nioEventLoopGroup-10-3" [_thread_in_native, id=480945, stack(0x00007fff8ebf4000,0x00007fff8ecf4000)]
  0x00007fff04081800 JavaThread "nioEventLoopGroup-7-1" [_thread_in_native, id=480946, stack(0x00007fff8f2fa000,0x00007fff8f3fa000)]
  0x00007fff9c06b000 JavaThread "nioEventLoopGroup-10-4" [_thread_in_native, id=480947, stack(0x00007fff8e4ee000,0x00007fff8e5ee000)]
  0x00007ffefc002000 JavaThread "nioEventLoopGroup-9-1" [_thread_in_native, id=480948, stack(0x00007ffef1f00000,0x00007ffef2000000)]
  0x00007fff9c039000 JavaThread "pool-9-thread-1" [_thread_blocked, id=480949, stack(0x00007fff8dfea000,0x00007fff8e0ea000)]
  0x00007ffec001c000 JavaThread "STOPDATA-retx-1" [_thread_blocked, id=481120, stack(0x00007ffef08ff000,0x00007ffef09ff000)]
  0x00007ffebc00f000 JavaThread "STOPDATA-retx-1" [_thread_blocked, id=481121, stack(0x00007ffef07ff000,0x00007ffef08ff000)]
  0x00007ffec8003000 JavaThread "STOPDATA-retx-1" [_thread_blocked, id=481125, stack(0x00007ffef0cff000,0x00007ffef0dff000)]
  0x00007ffec8021000 JavaThread "pool-7-thread-1" [_thread_blocked, id=481158, stack(0x00007ffef06ff000,0x00007ffef07ff000)]
  0x00007ffec001e000 JavaThread "pool-5-thread-1" [_thread_blocked, id=481159, stack(0x00007ffef09ff000,0x00007ffef0aff000)]
  0x00007ffebc00f800 JavaThread "pool-6-thread-1" [_thread_blocked, id=481160, stack(0x00007fffc8096000,0x00007fffc8196000)]
  0x00007ffeac006000 JavaThread "pool-8-thread-1" [_thread_blocked, id=481161, stack(0x00007ffef0dff000,0x00007ffef0eff000)]
  0x00007ffe84005000 JavaThread "retry" [_thread_blocked, id=481162, stack(0x00007ffef0bff000,0x00007ffef0cff000)]
  0x00007ffe90001800 JavaThread "retry" [_thread_blocked, id=481178, stack(0x00007ffef03ff000,0x00007ffef04ff000)]
  0x00007ffeb0001800 JavaThread "retry" [_thread_blocked, id=481179, stack(0x00007ffef02ff000,0x00007ffef03ff000)]
  0x00007ffea4001800 JavaThread "retry" [_thread_blocked, id=481180, stack(0x00007ffef01ff000,0x00007ffef02ff000)]
=>0x0000555555787800 JavaThread "Thread-54" [_thread_in_native, id=480453, stack(0x00007fffffeff000,0x00007ffffffff000)]

Other Threads:
  0x0000555555905000 VMThread "VM Thread" [stack: 0x00007fffc8bf5000,0x00007fffc8cf5000] [id=480511]
  0x0000555555950000 WatcherThread [stack: 0x00007fffc82f4000,0x00007fffc83f4000] [id=480520]
  0x000055555579f800 GCTaskThread "GC Thread#0" [stack: 0x00007fffd84f3000,0x00007fffd85f3000] [id=480506]
  0x00007fffbc001000 GCTaskThread "GC Thread#1" [stack: 0x00007fff8deea000,0x00007fff8dfea000] [id=480533]
  0x00007fffbc002800 GCTaskThread "GC Thread#2" [stack: 0x00007fff8dde9000,0x00007fff8dee9000] [id=480534]
  0x00007fffbc004000 GCTaskThread "GC Thread#3" [stack: 0x00007fff8dce8000,0x00007fff8dde8000] [id=480535]
  0x00007fffbc006000 GCTaskThread "GC Thread#4" [stack: 0x00007fff8dbe7000,0x00007fff8dce7000] [id=480536]
  0x00007fffbc007800 GCTaskThread "GC Thread#5" [stack: 0x00007fff8dae6000,0x00007fff8dbe6000] [id=480537]
  0x00007fffbc009000 GCTaskThread "GC Thread#6" [stack: 0x00007fff8d9e5000,0x00007fff8dae5000] [id=480538]
  0x00007fffbc00a800 GCTaskThread "GC Thread#7" [stack: 0x00007fff8d8e4000,0x00007fff8d9e4000] [id=480539]
  0x00007fffbc00c000 GCTaskThread "GC Thread#8" [stack: 0x00007fff8d7e3000,0x00007fff8d8e3000] [id=480540]
  0x00007fffbc00d800 GCTaskThread "GC Thread#9" [stack: 0x00007fff8d6e2000,0x00007fff8d7e2000] [id=480541]
  0x00007fffbc010800 GCTaskThread "GC Thread#10" [stack: 0x00007fff8d3df000,0x00007fff8d4df000] [id=480574]
  0x00007fffbc011800 GCTaskThread "GC Thread#11" [stack: 0x00007fff8d2de000,0x00007fff8d3de000] [id=480575]
  0x00007fffbc013000 GCTaskThread "GC Thread#12" [stack: 0x00007fff8d1dd000,0x00007fff8d2dd000] [id=480576]
  0x00007fffbc014800 GCTaskThread "GC Thread#13" [stack: 0x00007fff8d0dc000,0x00007fff8d1dc000] [id=480577]
  0x00007fffbc016000 GCTaskThread "GC Thread#14" [stack: 0x00007fff8cfdb000,0x00007fff8d0db000] [id=480578]
  0x00007fffbc017800 GCTaskThread "GC Thread#15" [stack: 0x00007fff8ceda000,0x00007fff8cfda000] [id=480579]
  0x00007fffbc019800 GCTaskThread "GC Thread#16" [stack: 0x00007fff8cdd9000,0x00007fff8ced9000] [id=480580]
  0x00007fffbc01b000 GCTaskThread "GC Thread#17" [stack: 0x00007fff8ccd8000,0x00007fff8cdd8000] [id=480581]
  0x00005555557bc000 ConcurrentGCThread "G1 Main Marker" [stack: 0x00007fffd0af2000,0x00007fffd0bf2000] [id=480507]
  0x00005555557be000 ConcurrentGCThread "G1 Conc#0" [stack: 0x00007fffd09f1000,0x00007fffd0af1000] [id=480508]
  0x00005555558d5800 ConcurrentGCThread "G1 Refine#0" [stack: 0x00007fffc95f7000,0x00007fffc96f7000] [id=480509]
  0x00007fffc0001000 ConcurrentGCThread "G1 Refine#1" [stack: 0x00007fff8d5e1000,0x00007fff8d6e1000] [id=480542]
  0x00007fff34001000 ConcurrentGCThread "G1 Refine#2" [stack: 0x00007fff8d4e0000,0x00007fff8d5e0000] [id=480543]
  0x00005555558d7800 ConcurrentGCThread "G1 Young RemSet Sampling" [stack: 0x00007fffc94f6000,0x00007fffc95f6000] [id=480510]

Threads with active compile tasks:

VM state:not at safepoint (normal execution)

VM Mutex/Monitor currently owned by a thread: None

Heap address: 0x00000000c0000000, size: 1024 MB, Compressed Oops mode: 32-bit
Narrow klass base: 0x0000000800000000, Narrow klass shift: 3
Compressed class space size: 1073741824 Address: 0x0000000840000000

Heap:
 garbage-first heap   total 264192K, used 77109K [0x00000000c0000000, 0x0000000100000000)
  region size 1024K, 70 young (71680K), 3 survivors (3072K)
 Metaspace       used 16144K, capacity 16679K, committed 17024K, reserved 1064960K
  class space    used 1881K, capacity 2106K, committed 2176K, reserved 1048576K
Heap Regions: E=young(eden), S=young(survivor), O=old, HS=humongous(starts), HC=humongous(continues), CS=collection set, F=free, A=archive, TAMS=top-at-mark-start (previous, next)
|   0|0x00000000c0000000, 0x00000000c0100000, 0x00000000c0100000|100%| O|  |TAMS 0x00000000c0000000, 0x00000000c0000000| Untracked 
|   1|0x00000000c0100000, 0x00000000c0200000, 0x00000000c0200000|100%| O|  |TAMS 0x00000000c0100000, 0x00000000c0100000| Untracked 
|   2|0x00000000c0200000, 0x00000000c02e7200, 0x00000000c0300000| 90%| O|  |TAMS 0x00000000c0200000, 0x00000000c0200000| Untracked 
|   3|0x00000000c0300000, 0x00000000c0300000, 0x00000000c0400000|  0%| F|  |TAMS 0x00000000c0300000, 0x00000000c0300000| Untracked 
|   4|0x00000000c0400000, 0x00000000c0400000, 0x00000000c0500000|  0%| F|  |TAMS 0x00000000c0400000, 0x00000000c0400000| Untracked 
|   5|0x00000000c0500000, 0x00000000c0500000, 0x00000000c0600000|  0%| F|  |TAMS 0x00000000c0500000, 0x00000000c0500000| Untracked 
|   6|0x00000000c0600000, 0x00000000c0600000, 0x00000000c0700000|  0%| F|  |TAMS 0x00000000c0600000, 0x00000000c0600000| Untracked 
|   7|0x00000000c0700000, 0x00000000c0700000, 0x00000000c0800000|  0%| F|  |TAMS 0x00000000c0700000, 0x00000000c0700000| Untracked 
|   8|0x00000000c0800000, 0x00000000c0900000, 0x00000000c0900000|100%| O|  |TAMS 0x00000000c0800000, 0x00000000c0800000| Untracked 
|   9|0x00000000c0900000, 0x00000000c0a00000, 0x00000000c0a00000|100%| O|  |TAMS 0x00000000c0900000, 0x00000000c0900000| Untracked 
|  10|0x00000000c0a00000, 0x00000000c0b00000, 0x00000000c0b00000|100%| O|  |TAMS 0x00000000c0a00000, 0x00000000c0a00000| Untracked 
|  11|0x00000000c0b00000, 0x00000000c0b00000, 0x00000000c0c00000|  0%| F|  |TAMS 0x00000000c0b00000, 0x00000000c0b00000| Untracked 
|  12|0x00000000c0c00000, 0x00000000c0c00000, 0x00000000c0d00000|  0%| F|  |TAMS 0x00000000c0c00000, 0x00000000c0c00000| Untracked 
|  13|0x00000000c0d00000, 0x00000000c0d00000, 0x00000000c0e00000|  0%| F|  |TAMS 0x00000000c0d00000, 0x00000000c0d00000| Untracked 
|  14|0x00000000c0e00000, 0x00000000c0e00000, 0x00000000c0f00000|  0%| F|  |TAMS 0x00000000c0e00000, 0x00000000c0e00000| Untracked 
|  15|0x00000000c0f00000, 0x00000000c0f00000, 0x00000000c1000000|  0%| F|  |TAMS 0x00000000c0f00000, 0x00000000c0f00000| Untracked 
|  16|0x00000000c1000000, 0x00000000c1000000, 0x00000000c1100000|  0%| F|  |TAMS 0x00000000c1000000, 0x00000000c1000000| Untracked 
|  17|0x00000000c1100000, 0x00000000c1100000, 0x00000000c1200000|  0%| F|  |TAMS 0x00000000c1100000, 0x00000000c1100000| Untracked 
|  18|0x00000000c1200000, 0x00000000c1200000, 0x00000000c1300000|  0%| F|  |TAMS 0x00000000c1200000, 0x00000000c1200000| Untracked 
|  19|0x00000000c1300000, 0x00000000c1300000, 0x00000000c1400000|  0%| F|  |TAMS 0x00000000c1300000, 0x00000000c1300000| Untracked 
|  20|0x00000000c1400000, 0x00000000c1400000, 0x00000000c1500000|  0%| F|  |TAMS 0x00000000c1400000, 0x00000000c1400000| Untracked 
|  21|0x00000000c1500000, 0x00000000c1500000, 0x00000000c1600000|  0%| F|  |TAMS 0x00000000c1500000, 0x00000000c1500000| Untracked 
|  22|0x00000000c1600000, 0x00000000c1600000, 0x00000000c1700000|  0%| F|  |TAMS 0x00000000c1600000, 0x00000000c1600000| Untracked 
|  23|0x00000000c1700000, 0x00000000c1700000, 0x00000000c1800000|  0%| F|  |TAMS 0x00000000c1700000, 0x00000000c1700000| Untracked 
|  24|0x00000000c1800000, 0x00000000c1800000, 0x00000000c1900000|  0%| F|  |TAMS 0x00000000c1800000, 0x00000000c1800000| Untracked 
|  25|0x00000000c1900000, 0x00000000c1900000, 0x00000000c1a00000|  0%| F|  |TAMS 0x00000000c1900000, 0x00000000c1900000| Untracked 
|  26|0x00000000c1a00000, 0x00000000c1a00000, 0x00000000c1b00000|  0%| F|  |TAMS 0x00000000c1a00000, 0x00000000c1a00000| Untracked 
|  27|0x00000000c1b00000, 0x00000000c1b00000, 0x00000000c1c00000|  0%| F|  |TAMS 0x00000000c1b00000, 0x00000000c1b00000| Untracked 
|  28|0x00000000c1c00000, 0x00000000c1c00000, 0x00000000c1d00000|  0%| F|  |TAMS 0x00000000c1c00000, 0x00000000c1c00000| Untracked 
|  29|0x00000000c1d00000, 0x00000000c1d00000, 0x00000000c1e00000|  0%| F|  |TAMS 0x00000000c1d00000, 0x00000000c1d00000| Untracked 
|  30|0x00000000c1e00000, 0x00000000c1e00000, 0x00000000c1f00000|  0%| F|  |TAMS 0x00000000c1e00000, 0x00000000c1e00000| Untracked 
|  31|0x00000000c1f00000, 0x00000000c1f00000, 0x00000000c2000000|  0%| F|  |TAMS 0x00000000c1f00000, 0x00000000c1f00000| Untracked 
|  32|0x00000000c2000000, 0x00000000c2000000, 0x00000000c2100000|  0%| F|  |TAMS 0x00000000c2000000, 0x00000000c2000000| Untracked 
|  33|0x00000000c2100000, 0x00000000c2100000, 0x00000000c2200000|  0%| F|  |TAMS 0x00000000c2100000, 0x00000000c2100000| Untracked 
|  34|0x00000000c2200000, 0x00000000c2200000, 0x00000000c2300000|  0%| F|  |TAMS 0x00000000c2200000, 0x00000000c2200000| Untracked 
|  35|0x00000000c2300000, 0x00000000c2300000, 0x00000000c2400000|  0%| F|  |TAMS 0x00000000c2300000, 0x00000000c2300000| Untracked 
|  36|0x00000000c2400000, 0x00000000c2400000, 0x00000000c2500000|  0%| F|  |TAMS 0x00000000c2400000, 0x00000000c2400000| Untracked 
|  37|0x00000000c2500000, 0x00000000c2500000, 0x00000000c2600000|  0%| F|  |TAMS 0x00000000c2500000, 0x00000000c2500000| Untracked 
|  38|0x00000000c2600000, 0x00000000c2600000, 0x00000000c2700000|  0%| F|  |TAMS 0x00000000c2600000, 0x00000000c2600000| Untracked 
|  39|0x00000000c2700000, 0x00000000c2700000, 0x00000000c2800000|  0%| F|  |TAMS 0x00000000c2700000, 0x00000000c2700000| Untracked 
|  40|0x00000000c2800000, 0x00000000c2800000, 0x00000000c2900000|  0%| F|  |TAMS 0x00000000c2800000, 0x00000000c2800000| Untracked 
|  41|0x00000000c2900000, 0x00000000c2900000, 0x00000000c2a00000|  0%| F|  |TAMS 0x00000000c2900000, 0x00000000c2900000| Untracked 
|  42|0x00000000c2a00000, 0x00000000c2a00000, 0x00000000c2b00000|  0%| F|  |TAMS 0x00000000c2a00000, 0x00000000c2a00000| Untracked 
|  43|0x00000000c2b00000, 0x00000000c2b00000, 0x00000000c2c00000|  0%| F|  |TAMS 0x00000000c2b00000, 0x00000000c2b00000| Untracked 
|  44|0x00000000c2c00000, 0x00000000c2c00000, 0x00000000c2d00000|  0%| F|  |TAMS 0x00000000c2c00000, 0x00000000c2c00000| Untracked 
|  45|0x00000000c2d00000, 0x00000000c2d00000, 0x00000000c2e00000|  0%| F|  |TAMS 0x00000000c2d00000, 0x00000000c2d00000| Untracked 
|  46|0x00000000c2e00000, 0x00000000c2e00000, 0x00000000c2f00000|  0%| F|  |TAMS 0x00000000c2e00000, 0x00000000c2e00000| Untracked 
|  47|0x00000000c2f00000, 0x00000000c2f00000, 0x00000000c3000000|  0%| F|  |TAMS 0x00000000c2f00000, 0x00000000c2f00000| Untracked 
|  48|0x00000000c3000000, 0x00000000c3000000, 0x00000000c3100000|  0%| F|  |TAMS 0x00000000c3000000, 0x00000000c3000000| Untracked 
|  49|0x00000000c3100000, 0x00000000c3100000, 0x00000000c3200000|  0%| F|  |TAMS 0x00000000c3100000, 0x00000000c3100000| Untracked 
|  50|0x00000000c3200000, 0x00000000c3200000, 0x00000000c3300000|  0%| F|  |TAMS 0x00000000c3200000, 0x00000000c3200000| Untracked 
|  51|0x00000000c3300000, 0x00000000c3300000, 0x00000000c3400000|  0%| F|  |TAMS 0x00000000c3300000, 0x00000000c3300000| Untracked 
|  52|0x00000000c3400000, 0x00000000c3400000, 0x00000000c3500000|  0%| F|  |TAMS 0x00000000c3400000, 0x00000000c3400000| Untracked 
|  53|0x00000000c3500000, 0x00000000c3500000, 0x00000000c3600000|  0%| F|  |TAMS 0x00000000c3500000, 0x00000000c3500000| Untracked 
|  54|0x00000000c3600000, 0x00000000c3600000, 0x00000000c3700000|  0%| F|  |TAMS 0x00000000c3600000, 0x00000000c3600000| Untracked 
|  55|0x00000000c3700000, 0x00000000c3700000, 0x00000000c3800000|  0%| F|  |TAMS 0x00000000c3700000, 0x00000000c3700000| Untracked 
|  56|0x00000000c3800000, 0x00000000c3800000, 0x00000000c3900000|  0%| F|  |TAMS 0x00000000c3800000, 0x00000000c3800000| Untracked 
|  57|0x00000000c3900000, 0x00000000c3900000, 0x00000000c3a00000|  0%| F|  |TAMS 0x00000000c3900000, 0x00000000c3900000| Untracked 
|  58|0x00000000c3a00000, 0x00000000c3a00000, 0x00000000c3b00000|  0%| F|  |TAMS 0x00000000c3a00000, 0x00000000c3a00000| Untracked 
|  59|0x00000000c3b00000, 0x00000000c3b00000, 0x00000000c3c00000|  0%| F|  |TAMS 0x00000000c3b00000, 0x00000000c3b00000| Untracked 
|  60|0x00000000c3c00000, 0x00000000c3c00000, 0x00000000c3d00000|  0%| F|  |TAMS 0x00000000c3c00000, 0x00000000c3c00000| Untracked 
|  61|0x00000000c3d00000, 0x00000000c3d00000, 0x00000000c3e00000|  0%| F|  |TAMS 0x00000000c3d00000, 0x00000000c3d00000| Untracked 
|  62|0x00000000c3e00000, 0x00000000c3e00000, 0x00000000c3f00000|  0%| F|  |TAMS 0x00000000c3e00000, 0x00000000c3e00000| Untracked 
|  63|0x00000000c3f00000, 0x00000000c3f00000, 0x00000000c4000000|  0%| F|  |TAMS 0x00000000c3f00000, 0x00000000c3f00000| Untracked 
|  64|0x00000000c4000000, 0x00000000c4000000, 0x00000000c4100000|  0%| F|  |TAMS 0x00000000c4000000, 0x00000000c4000000| Untracked 
|  65|0x00000000c4100000, 0x00000000c4100000, 0x00000000c4200000|  0%| F|  |TAMS 0x00000000c4100000, 0x00000000c4100000| Untracked 
|  66|0x00000000c4200000, 0x00000000c4200000, 0x00000000c4300000|  0%| F|  |TAMS 0x00000000c4200000, 0x00000000c4200000| Untracked 
|  67|0x00000000c4300000, 0x00000000c4300000, 0x00000000c4400000|  0%| F|  |TAMS 0x00000000c4300000, 0x00000000c4300000| Untracked 
|  68|0x00000000c4400000, 0x00000000c4400000, 0x00000000c4500000|  0%| F|  |TAMS 0x00000000c4400000, 0x00000000c4400000| Untracked 
|  69|0x00000000c4500000, 0x00000000c4500000, 0x00000000c4600000|  0%| F|  |TAMS 0x00000000c4500000, 0x00000000c4500000| Untracked 
|  70|0x00000000c4600000, 0x00000000c4600000, 0x00000000c4700000|  0%| F|  |TAMS 0x00000000c4600000, 0x00000000c4600000| Untracked 
|  71|0x00000000c4700000, 0x00000000c4700000, 0x00000000c4800000|  0%| F|  |TAMS 0x00000000c4700000, 0x00000000c4700000| Untracked 
|  72|0x00000000c4800000, 0x00000000c4800000, 0x00000000c4900000|  0%| F|  |TAMS 0x00000000c4800000, 0x00000000c4800000| Untracked 
|  73|0x00000000c4900000, 0x00000000c4900000, 0x00000000c4a00000|  0%| F|  |TAMS 0x00000000c4900000, 0x00000000c4900000| Untracked 
|  74|0x00000000c4a00000, 0x00000000c4a00000, 0x00000000c4b00000|  0%| F|  |TAMS 0x00000000c4a00000, 0x00000000c4a00000| Untracked 
|  75|0x00000000c4b00000, 0x00000000c4b00000, 0x00000000c4c00000|  0%| F|  |TAMS 0x00000000c4b00000, 0x00000000c4b00000| Untracked 
|  76|0x00000000c4c00000, 0x00000000c4c00000, 0x00000000c4d00000|  0%| F|  |TAMS 0x00000000c4c00000, 0x00000000c4c00000| Untracked 
|  77|0x00000000c4d00000, 0x00000000c4d00000, 0x00000000c4e00000|  0%| F|  |TAMS 0x00000000c4d00000, 0x00000000c4d00000| Untracked 
|  78|0x00000000c4e00000, 0x00000000c4e00000, 0x00000000c4f00000|  0%| F|  |TAMS 0x00000000c4e00000, 0x00000000c4e00000| Untracked 
|  79|0x00000000c4f00000, 0x00000000c4f00000, 0x00000000c5000000|  0%| F|  |TAMS 0x00000000c4f00000, 0x00000000c4f00000| Untracked 
|  80|0x00000000c5000000, 0x00000000c5000000, 0x00000000c5100000|  0%| F|  |TAMS 0x00000000c5000000, 0x00000000c5000000| Untracked 
|  81|0x00000000c5100000, 0x00000000c5100000, 0x00000000c5200000|  0%| F|  |TAMS 0x00000000c5100000, 0x00000000c5100000| Untracked 
|  82|0x00000000c5200000, 0x00000000c5200000, 0x00000000c5300000|  0%| F|  |TAMS 0x00000000c5200000, 0x00000000c5200000| Untracked 
|  83|0x00000000c5300000, 0x00000000c5300000, 0x00000000c5400000|  0%| F|  |TAMS 0x00000000c5300000, 0x00000000c5300000| Untracked 
|  84|0x00000000c5400000, 0x00000000c5400000, 0x00000000c5500000|  0%| F|  |TAMS 0x00000000c5400000, 0x00000000c5400000| Untracked 
|  85|0x00000000c5500000, 0x00000000c5500000, 0x00000000c5600000|  0%| F|  |TAMS 0x00000000c5500000, 0x00000000c5500000| Untracked 
|  86|0x00000000c5600000, 0x00000000c5600000, 0x00000000c5700000|  0%| F|  |TAMS 0x00000000c5600000, 0x00000000c5600000| Untracked 
|  87|0x00000000c5700000, 0x00000000c5700000, 0x00000000c5800000|  0%| F|  |TAMS 0x00000000c5700000, 0x00000000c5700000| Untracked 
|  88|0x00000000c5800000, 0x00000000c5800000, 0x00000000c5900000|  0%| F|  |TAMS 0x00000000c5800000, 0x00000000c5800000| Untracked 
|  89|0x00000000c5900000, 0x00000000c5900000, 0x00000000c5a00000|  0%| F|  |TAMS 0x00000000c5900000, 0x00000000c5900000| Untracked 
|  90|0x00000000c5a00000, 0x00000000c5a00000, 0x00000000c5b00000|  0%| F|  |TAMS 0x00000000c5a00000, 0x00000000c5a00000| Untracked 
|  91|0x00000000c5b00000, 0x00000000c5b00000, 0x00000000c5c00000|  0%| F|  |TAMS 0x00000000c5b00000, 0x00000000c5b00000| Untracked 
|  92|0x00000000c5c00000, 0x00000000c5c00000, 0x00000000c5d00000|  0%| F|  |TAMS 0x00000000c5c00000, 0x00000000c5c00000| Untracked 
|  93|0x00000000c5d00000, 0x00000000c5d00000, 0x00000000c5e00000|  0%| F|  |TAMS 0x00000000c5d00000, 0x00000000c5d00000| Untracked 
|  94|0x00000000c5e00000, 0x00000000c5e00000, 0x00000000c5f00000|  0%| F|  |TAMS 0x00000000c5e00000, 0x00000000c5e00000| Untracked 
|  95|0x00000000c5f00000, 0x00000000c5f00000, 0x00000000c6000000|  0%| F|  |TAMS 0x00000000c5f00000, 0x00000000c5f00000| Untracked 
|  96|0x00000000c6000000, 0x00000000c6000000, 0x00000000c6100000|  0%| F|  |TAMS 0x00000000c6000000, 0x00000000c6000000| Untracked 
|  97|0x00000000c6100000, 0x00000000c6100000, 0x00000000c6200000|  0%| F|  |TAMS 0x00000000c6100000, 0x00000000c6100000| Untracked 
|  98|0x00000000c6200000, 0x00000000c6200000, 0x00000000c6300000|  0%| F|  |TAMS 0x00000000c6200000, 0x00000000c6200000| Untracked 
|  99|0x00000000c6300000, 0x00000000c6300000, 0x00000000c6400000|  0%| F|  |TAMS 0x00000000c6300000, 0x00000000c6300000| Untracked 
| 100|0x00000000c6400000, 0x00000000c6400000, 0x00000000c6500000|  0%| F|  |TAMS 0x00000000c6400000, 0x00000000c6400000| Untracked 
| 101|0x00000000c6500000, 0x00000000c6500000, 0x00000000c6600000|  0%| F|  |TAMS 0x00000000c6500000, 0x00000000c6500000| Untracked 
| 102|0x00000000c6600000, 0x00000000c6600000, 0x00000000c6700000|  0%| F|  |TAMS 0x00000000c6600000, 0x00000000c6600000| Untracked 
| 103|0x00000000c6700000, 0x00000000c6700000, 0x00000000c6800000|  0%| F|  |TAMS 0x00000000c6700000, 0x00000000c6700000| Untracked 
| 104|0x00000000c6800000, 0x00000000c6800000, 0x00000000c6900000|  0%| F|  |TAMS 0x00000000c6800000, 0x00000000c6800000| Untracked 
| 105|0x00000000c6900000, 0x00000000c6900000, 0x00000000c6a00000|  0%| F|  |TAMS 0x00000000c6900000, 0x00000000c6900000| Untracked 
| 106|0x00000000c6a00000, 0x00000000c6a00000, 0x00000000c6b00000|  0%| F|  |TAMS 0x00000000c6a00000, 0x00000000c6a00000| Untracked 
| 107|0x00000000c6b00000, 0x00000000c6b00000, 0x00000000c6c00000|  0%| F|  |TAMS 0x00000000c6b00000, 0x00000000c6b00000| Untracked 
| 108|0x00000000c6c00000, 0x00000000c6c00000, 0x00000000c6d00000|  0%| F|  |TAMS 0x00000000c6c00000, 0x00000000c6c00000| Untracked 
| 109|0x00000000c6d00000, 0x00000000c6d00000, 0x00000000c6e00000|  0%| F|  |TAMS 0x00000000c6d00000, 0x00000000c6d00000| Untracked 
| 110|0x00000000c6e00000, 0x00000000c6e00000, 0x00000000c6f00000|  0%| F|  |TAMS 0x00000000c6e00000, 0x00000000c6e00000| Untracked 
| 111|0x00000000c6f00000, 0x00000000c6f00000, 0x00000000c7000000|  0%| F|  |TAMS 0x00000000c6f00000, 0x00000000c6f00000| Untracked 
| 112|0x00000000c7000000, 0x00000000c7000000, 0x00000000c7100000|  0%| F|  |TAMS 0x00000000c7000000, 0x00000000c7000000| Untracked 
| 113|0x00000000c7100000, 0x00000000c7100000, 0x00000000c7200000|  0%| F|  |TAMS 0x00000000c7100000, 0x00000000c7100000| Untracked 
| 114|0x00000000c7200000, 0x00000000c7200000, 0x00000000c7300000|  0%| F|  |TAMS 0x00000000c7200000, 0x00000000c7200000| Untracked 
| 115|0x00000000c7300000, 0x00000000c7300000, 0x00000000c7400000|  0%| F|  |TAMS 0x00000000c7300000, 0x00000000c7300000| Untracked 
| 116|0x00000000c7400000, 0x00000000c7400000, 0x00000000c7500000|  0%| F|  |TAMS 0x00000000c7400000, 0x00000000c7400000| Untracked 
| 117|0x00000000c7500000, 0x00000000c7500000, 0x00000000c7600000|  0%| F|  |TAMS 0x00000000c7500000, 0x00000000c7500000| Untracked 
| 118|0x00000000c7600000, 0x00000000c7600000, 0x00000000c7700000|  0%| F|  |TAMS 0x00000000c7600000, 0x00000000c7600000| Untracked 
| 119|0x00000000c7700000, 0x00000000c7700000, 0x00000000c7800000|  0%| F|  |TAMS 0x00000000c7700000, 0x00000000c7700000| Untracked 
| 120|0x00000000c7800000, 0x00000000c7800000, 0x00000000c7900000|  0%| F|  |TAMS 0x00000000c7800000, 0x00000000c7800000| Untracked 
| 121|0x00000000c7900000, 0x00000000c7900000, 0x00000000c7a00000|  0%| F|  |TAMS 0x00000000c7900000, 0x00000000c7900000| Untracked 
| 122|0x00000000c7a00000, 0x00000000c7a00000, 0x00000000c7b00000|  0%| F|  |TAMS 0x00000000c7a00000, 0x00000000c7a00000| Untracked 
| 123|0x00000000c7b00000, 0x00000000c7b00000, 0x00000000c7c00000|  0%| F|  |TAMS 0x00000000c7b00000, 0x00000000c7b00000| Untracked 
| 124|0x00000000c7c00000, 0x00000000c7c00000, 0x00000000c7d00000|  0%| F|  |TAMS 0x00000000c7c00000, 0x00000000c7c00000| Untracked 
| 125|0x00000000c7d00000, 0x00000000c7d00000, 0x00000000c7e00000|  0%| F|  |TAMS 0x00000000c7d00000, 0x00000000c7d00000| Untracked 
| 126|0x00000000c7e00000, 0x00000000c7e00000, 0x00000000c7f00000|  0%| F|  |TAMS 0x00000000c7e00000, 0x00000000c7e00000| Untracked 
| 127|0x00000000c7f00000, 0x00000000c7f00000, 0x00000000c8000000|  0%| F|  |TAMS 0x00000000c7f00000, 0x00000000c7f00000| Untracked 
| 128|0x00000000c8000000, 0x00000000c8000000, 0x00000000c8100000|  0%| F|  |TAMS 0x00000000c8000000, 0x00000000c8000000| Untracked 
| 129|0x00000000c8100000, 0x00000000c8100000, 0x00000000c8200000|  0%| F|  |TAMS 0x00000000c8100000, 0x00000000c8100000| Untracked 
| 130|0x00000000c8200000, 0x00000000c8200000, 0x00000000c8300000|  0%| F|  |TAMS 0x00000000c8200000, 0x00000000c8200000| Untracked 
| 131|0x00000000c8300000, 0x00000000c8300000, 0x00000000c8400000|  0%| F|  |TAMS 0x00000000c8300000, 0x00000000c8300000| Untracked 
| 132|0x00000000c8400000, 0x00000000c8400000, 0x00000000c8500000|  0%| F|  |TAMS 0x00000000c8400000, 0x00000000c8400000| Untracked 
| 133|0x00000000c8500000, 0x00000000c8500000, 0x00000000c8600000|  0%| F|  |TAMS 0x00000000c8500000, 0x00000000c8500000| Untracked 
| 134|0x00000000c8600000, 0x00000000c8600000, 0x00000000c8700000|  0%| F|  |TAMS 0x00000000c8600000, 0x00000000c8600000| Untracked 
| 135|0x00000000c8700000, 0x00000000c8700000, 0x00000000c8800000|  0%| F|  |TAMS 0x00000000c8700000, 0x00000000c8700000| Untracked 
| 136|0x00000000c8800000, 0x00000000c8800000, 0x00000000c8900000|  0%| F|  |TAMS 0x00000000c8800000, 0x00000000c8800000| Untracked 
| 137|0x00000000c8900000, 0x00000000c8900000, 0x00000000c8a00000|  0%| F|  |TAMS 0x00000000c8900000, 0x00000000c8900000| Untracked 
| 138|0x00000000c8a00000, 0x00000000c8a00000, 0x00000000c8b00000|  0%| F|  |TAMS 0x00000000c8a00000, 0x00000000c8a00000| Untracked 
| 139|0x00000000c8b00000, 0x00000000c8b00000, 0x00000000c8c00000|  0%| F|  |TAMS 0x00000000c8b00000, 0x00000000c8b00000| Untracked 
| 140|0x00000000c8c00000, 0x00000000c8c00000, 0x00000000c8d00000|  0%| F|  |TAMS 0x00000000c8c00000, 0x00000000c8c00000| Untracked 
| 141|0x00000000c8d00000, 0x00000000c8d00000, 0x00000000c8e00000|  0%| F|  |TAMS 0x00000000c8d00000, 0x00000000c8d00000| Untracked 
| 142|0x00000000c8e00000, 0x00000000c8e00000, 0x00000000c8f00000|  0%| F|  |TAMS 0x00000000c8e00000, 0x00000000c8e00000| Untracked 
| 143|0x00000000c8f00000, 0x00000000c8f00000, 0x00000000c9000000|  0%| F|  |TAMS 0x00000000c8f00000, 0x00000000c8f00000| Untracked 
| 144|0x00000000c9000000, 0x00000000c9000000, 0x00000000c9100000|  0%| F|  |TAMS 0x00000000c9000000, 0x00000000c9000000| Untracked 
| 145|0x00000000c9100000, 0x00000000c9100000, 0x00000000c9200000|  0%| F|  |TAMS 0x00000000c9100000, 0x00000000c9100000| Untracked 
| 146|0x00000000c9200000, 0x00000000c9200000, 0x00000000c9300000|  0%| F|  |TAMS 0x00000000c9200000, 0x00000000c9200000| Untracked 
| 147|0x00000000c9300000, 0x00000000c9300000, 0x00000000c9400000|  0%| F|  |TAMS 0x00000000c9300000, 0x00000000c9300000| Untracked 
| 148|0x00000000c9400000, 0x00000000c9400000, 0x00000000c9500000|  0%| F|  |TAMS 0x00000000c9400000, 0x00000000c9400000| Untracked 
| 149|0x00000000c9500000, 0x00000000c9500000, 0x00000000c9600000|  0%| F|  |TAMS 0x00000000c9500000, 0x00000000c9500000| Untracked 
| 150|0x00000000c9600000, 0x00000000c9600000, 0x00000000c9700000|  0%| F|  |TAMS 0x00000000c9600000, 0x00000000c9600000| Untracked 
| 151|0x00000000c9700000, 0x00000000c9700000, 0x00000000c9800000|  0%| F|  |TAMS 0x00000000c9700000, 0x00000000c9700000| Untracked 
| 152|0x00000000c9800000, 0x00000000c9800000, 0x00000000c9900000|  0%| F|  |TAMS 0x00000000c9800000, 0x00000000c9800000| Untracked 
| 153|0x00000000c9900000, 0x00000000c9900000, 0x00000000c9a00000|  0%| F|  |TAMS 0x00000000c9900000, 0x00000000c9900000| Untracked 
| 154|0x00000000c9a00000, 0x00000000c9a00000, 0x00000000c9b00000|  0%| F|  |TAMS 0x00000000c9a00000, 0x00000000c9a00000| Untracked 
| 155|0x00000000c9b00000, 0x00000000c9b00000, 0x00000000c9c00000|  0%| F|  |TAMS 0x00000000c9b00000, 0x00000000c9b00000| Untracked 
| 156|0x00000000c9c00000, 0x00000000c9c00000, 0x00000000c9d00000|  0%| F|  |TAMS 0x00000000c9c00000, 0x00000000c9c00000| Untracked 
| 157|0x00000000c9d00000, 0x00000000c9d00000, 0x00000000c9e00000|  0%| F|  |TAMS 0x00000000c9d00000, 0x00000000c9d00000| Untracked 
| 158|0x00000000c9e00000, 0x00000000c9e00000, 0x00000000c9f00000|  0%| F|  |TAMS 0x00000000c9e00000, 0x00000000c9e00000| Untracked 
| 159|0x00000000c9f00000, 0x00000000c9f00000, 0x00000000ca000000|  0%| F|  |TAMS 0x00000000c9f00000, 0x00000000c9f00000| Untracked 
| 160|0x00000000ca000000, 0x00000000ca000000, 0x00000000ca100000|  0%| F|  |TAMS 0x00000000ca000000, 0x00000000ca000000| Untracked 
| 161|0x00000000ca100000, 0x00000000ca100000, 0x00000000ca200000|  0%| F|  |TAMS 0x00000000ca100000, 0x00000000ca100000| Untracked 
| 162|0x00000000ca200000, 0x00000000ca200000, 0x00000000ca300000|  0%| F|  |TAMS 0x00000000ca200000, 0x00000000ca200000| Untracked 
| 163|0x00000000ca300000, 0x00000000ca300000, 0x00000000ca400000|  0%| F|  |TAMS 0x00000000ca300000, 0x00000000ca300000| Untracked 
| 164|0x00000000ca400000, 0x00000000ca400000, 0x00000000ca500000|  0%| F|  |TAMS 0x00000000ca400000, 0x00000000ca400000| Untracked 
| 165|0x00000000ca500000, 0x00000000ca500000, 0x00000000ca600000|  0%| F|  |TAMS 0x00000000ca500000, 0x00000000ca500000| Untracked 
| 166|0x00000000ca600000, 0x00000000ca600000, 0x00000000ca700000|  0%| F|  |TAMS 0x00000000ca600000, 0x00000000ca600000| Untracked 
| 167|0x00000000ca700000, 0x00000000ca700000, 0x00000000ca800000|  0%| F|  |TAMS 0x00000000ca700000, 0x00000000ca700000| Untracked 
| 168|0x00000000ca800000, 0x00000000ca800000, 0x00000000ca900000|  0%| F|  |TAMS 0x00000000ca800000, 0x00000000ca800000| Untracked 
| 169|0x00000000ca900000, 0x00000000ca900000, 0x00000000caa00000|  0%| F|  |TAMS 0x00000000ca900000, 0x00000000ca900000| Untracked 
| 170|0x00000000caa00000, 0x00000000caa00000, 0x00000000cab00000|  0%| F|  |TAMS 0x00000000caa00000, 0x00000000caa00000| Untracked 
| 171|0x00000000cab00000, 0x00000000cab00000, 0x00000000cac00000|  0%| F|  |TAMS 0x00000000cab00000, 0x00000000cab00000| Untracked 
| 172|0x00000000cac00000, 0x00000000cac00000, 0x00000000cad00000|  0%| F|  |TAMS 0x00000000cac00000, 0x00000000cac00000| Untracked 
| 173|0x00000000cad00000, 0x00000000cad00000, 0x00000000cae00000|  0%| F|  |TAMS 0x00000000cad00000, 0x00000000cad00000| Untracked 
| 174|0x00000000cae00000, 0x00000000cae00000, 0x00000000caf00000|  0%| F|  |TAMS 0x00000000cae00000, 0x00000000cae00000| Untracked 
| 175|0x00000000caf00000, 0x00000000caf00000, 0x00000000cb000000|  0%| F|  |TAMS 0x00000000caf00000, 0x00000000caf00000| Untracked 
| 176|0x00000000cb000000, 0x00000000cb000000, 0x00000000cb100000|  0%| F|  |TAMS 0x00000000cb000000, 0x00000000cb000000| Untracked 
| 177|0x00000000cb100000, 0x00000000cb100000, 0x00000000cb200000|  0%| F|  |TAMS 0x00000000cb100000, 0x00000000cb100000| Untracked 
| 178|0x00000000cb200000, 0x00000000cb200000, 0x00000000cb300000|  0%| F|  |TAMS 0x00000000cb200000, 0x00000000cb200000| Untracked 
| 179|0x00000000cb300000, 0x00000000cb300000, 0x00000000cb400000|  0%| F|  |TAMS 0x00000000cb300000, 0x00000000cb300000| Untracked 
| 180|0x00000000cb400000, 0x00000000cb400000, 0x00000000cb500000|  0%| F|  |TAMS 0x00000000cb400000, 0x00000000cb400000| Untracked 
| 181|0x00000000cb500000, 0x00000000cb500000, 0x00000000cb600000|  0%| F|  |TAMS 0x00000000cb500000, 0x00000000cb500000| Untracked 
| 182|0x00000000cb600000, 0x00000000cb600000, 0x00000000cb700000|  0%| F|  |TAMS 0x00000000cb600000, 0x00000000cb600000| Untracked 
| 183|0x00000000cb700000, 0x00000000cb700000, 0x00000000cb800000|  0%| F|  |TAMS 0x00000000cb700000, 0x00000000cb700000| Untracked 
| 184|0x00000000cb800000, 0x00000000cb800000, 0x00000000cb900000|  0%| F|  |TAMS 0x00000000cb800000, 0x00000000cb800000| Untracked 
| 185|0x00000000cb900000, 0x00000000cb900000, 0x00000000cba00000|  0%| F|  |TAMS 0x00000000cb900000, 0x00000000cb900000| Untracked 
| 186|0x00000000cba00000, 0x00000000cba00800, 0x00000000cbb00000|  0%| E|  |TAMS 0x00000000cba00000, 0x00000000cba00000| Complete 
| 187|0x00000000cbb00000, 0x00000000cbc00000, 0x00000000cbc00000|100%| E|CS|TAMS 0x00000000cbb00000, 0x00000000cbb00000| Complete 
| 188|0x00000000cbc00000, 0x00000000cbd00000, 0x00000000cbd00000|100%| E|CS|TAMS 0x00000000cbc00000, 0x00000000cbc00000| Complete 
| 189|0x00000000cbd00000, 0x00000000cbe00000, 0x00000000cbe00000|100%| E|CS|TAMS 0x00000000cbd00000, 0x00000000cbd00000| Complete 
| 190|0x00000000cbe00000, 0x00000000cbf00000, 0x00000000cbf00000|100%| E|CS|TAMS 0x00000000cbe00000, 0x00000000cbe00000| Complete 
| 191|0x00000000cbf00000, 0x00000000cc000000, 0x00000000cc000000|100%| E|CS|TAMS 0x00000000cbf00000, 0x00000000cbf00000| Complete 
| 192|0x00000000cc000000, 0x00000000cc100000, 0x00000000cc100000|100%| E|CS|TAMS 0x00000000cc000000, 0x00000000cc000000| Complete 
| 193|0x00000000cc100000, 0x00000000cc200000, 0x00000000cc200000|100%| E|CS|TAMS 0x00000000cc100000, 0x00000000cc100000| Complete 
| 194|0x00000000cc200000, 0x00000000cc300000, 0x00000000cc300000|100%| E|CS|TAMS 0x00000000cc200000, 0x00000000cc200000| Complete 
| 195|0x00000000cc300000, 0x00000000cc400000, 0x00000000cc400000|100%| E|CS|TAMS 0x00000000cc300000, 0x00000000cc300000| Complete 
| 196|0x00000000cc400000, 0x00000000cc500000, 0x00000000cc500000|100%| E|CS|TAMS 0x00000000cc400000, 0x00000000cc400000| Complete 
| 197|0x00000000cc500000, 0x00000000cc600000, 0x00000000cc600000|100%| E|CS|TAMS 0x00000000cc500000, 0x00000000cc500000| Complete 
| 198|0x00000000cc600000, 0x00000000cc700000, 0x00000000cc700000|100%| E|CS|TAMS 0x00000000cc600000, 0x00000000cc600000| Complete 
| 199|0x00000000cc700000, 0x00000000cc800000, 0x00000000cc800000|100%| E|CS|TAMS 0x00000000cc700000, 0x00000000cc700000| Complete 
| 200|0x00000000cc800000, 0x00000000cc900000, 0x00000000cc900000|100%| E|CS|TAMS 0x00000000cc800000, 0x00000000cc800000| Complete 
| 201|0x00000000cc900000, 0x00000000cca00000, 0x00000000cca00000|100%| E|CS|TAMS 0x00000000cc900000, 0x00000000cc900000| Complete 
| 202|0x00000000cca00000, 0x00000000ccb00000, 0x00000000ccb00000|100%| E|CS|TAMS 0x00000000cca00000, 0x00000000cca00000| Complete 
| 203|0x00000000ccb00000, 0x00000000ccc00000, 0x00000000ccc00000|100%| E|CS|TAMS 0x00000000ccb00000, 0x00000000ccb00000| Complete 
| 204|0x00000000ccc00000, 0x00000000ccd00000, 0x00000000ccd00000|100%| E|CS|TAMS 0x00000000ccc00000, 0x00000000ccc00000| Complete 
| 205|0x00000000ccd00000, 0x00000000cce00000, 0x00000000cce00000|100%| E|CS|TAMS 0x00000000ccd00000, 0x00000000ccd00000| Complete 
| 206|0x00000000cce00000, 0x00000000ccf00000, 0x00000000ccf00000|100%| E|CS|TAMS 0x00000000cce00000, 0x00000000cce00000| Complete 
| 207|0x00000000ccf00000, 0x00000000cd000000, 0x00000000cd000000|100%| E|CS|TAMS 0x00000000ccf00000, 0x00000000ccf00000| Complete 
| 208|0x00000000cd000000, 0x00000000cd100000, 0x00000000cd100000|100%| E|CS|TAMS 0x00000000cd000000, 0x00000000cd000000| Complete 
| 209|0x00000000cd100000, 0x00000000cd200000, 0x00000000cd200000|100%| E|CS|TAMS 0x00000000cd100000, 0x00000000cd100000| Complete 
| 210|0x00000000cd200000, 0x00000000cd300000, 0x00000000cd300000|100%| E|CS|TAMS 0x00000000cd200000, 0x00000000cd200000| Complete 
| 211|0x00000000cd300000, 0x00000000cd400000, 0x00000000cd400000|100%| E|CS|TAMS 0x00000000cd300000, 0x00000000cd300000| Complete 
| 212|0x00000000cd400000, 0x00000000cd500000, 0x00000000cd500000|100%| E|CS|TAMS 0x00000000cd400000, 0x00000000cd400000| Complete 
| 213|0x00000000cd500000, 0x00000000cd600000, 0x00000000cd600000|100%| E|CS|TAMS 0x00000000cd500000, 0x00000000cd500000| Complete 
| 214|0x00000000cd600000, 0x00000000cd700000, 0x00000000cd700000|100%| E|CS|TAMS 0x00000000cd600000, 0x00000000cd600000| Complete 
| 215|0x00000000cd700000, 0x00000000cd800000, 0x00000000cd800000|100%| E|CS|TAMS 0x00000000cd700000, 0x00000000cd700000| Complete 
| 216|0x00000000cd800000, 0x00000000cd900000, 0x00000000cd900000|100%| E|CS|TAMS 0x00000000cd800000, 0x00000000cd800000| Complete 
| 217|0x00000000cd900000, 0x00000000cda00000, 0x00000000cda00000|100%| E|CS|TAMS 0x00000000cd900000, 0x00000000cd900000| Complete 
| 218|0x00000000cda00000, 0x00000000cdb00000, 0x00000000cdb00000|100%| E|CS|TAMS 0x00000000cda00000, 0x00000000cda00000| Complete 
| 219|0x00000000cdb00000, 0x00000000cdc00000, 0x00000000cdc00000|100%| E|CS|TAMS 0x00000000cdb00000, 0x00000000cdb00000| Complete 
| 220|0x00000000cdc00000, 0x00000000cdcb2500, 0x00000000cdd00000| 69%| S|CS|TAMS 0x00000000cdc00000, 0x00000000cdc00000| Complete 
| 221|0x00000000cdd00000, 0x00000000cde00000, 0x00000000cde00000|100%| S|CS|TAMS 0x00000000cdd00000, 0x00000000cdd00000| Complete 
| 222|0x00000000cde00000, 0x00000000cdf00000, 0x00000000cdf00000|100%| S|CS|TAMS 0x00000000cde00000, 0x00000000cde00000| Complete 
| 223|0x00000000cdf00000, 0x00000000ce000000, 0x00000000ce000000|100%| E|CS|TAMS 0x00000000cdf00000, 0x00000000cdf00000| Complete 
| 224|0x00000000ce000000, 0x00000000ce100000, 0x00000000ce100000|100%| E|CS|TAMS 0x00000000ce000000, 0x00000000ce000000| Complete 
| 225|0x00000000ce100000, 0x00000000ce200000, 0x00000000ce200000|100%| E|CS|TAMS 0x00000000ce100000, 0x00000000ce100000| Complete 
| 226|0x00000000ce200000, 0x00000000ce300000, 0x00000000ce300000|100%| E|CS|TAMS 0x00000000ce200000, 0x00000000ce200000| Complete 
| 227|0x00000000ce300000, 0x00000000ce400000, 0x00000000ce400000|100%| E|CS|TAMS 0x00000000ce300000, 0x00000000ce300000| Complete 
| 228|0x00000000ce400000, 0x00000000ce500000, 0x00000000ce500000|100%| E|CS|TAMS 0x00000000ce400000, 0x00000000ce400000| Complete 
| 229|0x00000000ce500000, 0x00000000ce600000, 0x00000000ce600000|100%| E|CS|TAMS 0x00000000ce500000, 0x00000000ce500000| Complete 
| 230|0x00000000ce600000, 0x00000000ce700000, 0x00000000ce700000|100%| E|CS|TAMS 0x00000000ce600000, 0x00000000ce600000| Complete 
| 231|0x00000000ce700000, 0x00000000ce800000, 0x00000000ce800000|100%| E|CS|TAMS 0x00000000ce700000, 0x00000000ce700000| Complete 
| 232|0x00000000ce800000, 0x00000000ce900000, 0x00000000ce900000|100%| E|CS|TAMS 0x00000000ce800000, 0x00000000ce800000| Complete 
| 233|0x00000000ce900000, 0x00000000cea00000, 0x00000000cea00000|100%| E|CS|TAMS 0x00000000ce900000, 0x00000000ce900000| Complete 
| 234|0x00000000cea00000, 0x00000000ceb00000, 0x00000000ceb00000|100%| E|CS|TAMS 0x00000000cea00000, 0x00000000cea00000| Complete 
| 235|0x00000000ceb00000, 0x00000000cec00000, 0x00000000cec00000|100%| E|CS|TAMS 0x00000000ceb00000, 0x00000000ceb00000| Complete 
| 236|0x00000000cec00000, 0x00000000ced00000, 0x00000000ced00000|100%| E|CS|TAMS 0x00000000cec00000, 0x00000000cec00000| Complete 
| 237|0x00000000ced00000, 0x00000000cee00000, 0x00000000cee00000|100%| E|CS|TAMS 0x00000000ced00000, 0x00000000ced00000| Complete 
| 238|0x00000000cee00000, 0x00000000cef00000, 0x00000000cef00000|100%| E|CS|TAMS 0x00000000cee00000, 0x00000000cee00000| Complete 
| 239|0x00000000cef00000, 0x00000000cf000000, 0x00000000cf000000|100%| E|CS|TAMS 0x00000000cef00000, 0x00000000cef00000| Complete 
| 240|0x00000000cf000000, 0x00000000cf100000, 0x00000000cf100000|100%| E|CS|TAMS 0x00000000cf000000, 0x00000000cf000000| Complete 
| 241|0x00000000cf100000, 0x00000000cf200000, 0x00000000cf200000|100%| E|CS|TAMS 0x00000000cf100000, 0x00000000cf100000| Complete 
| 242|0x00000000cf200000, 0x00000000cf300000, 0x00000000cf300000|100%| E|CS|TAMS 0x00000000cf200000, 0x00000000cf200000| Complete 
| 243|0x00000000cf300000, 0x00000000cf400000, 0x00000000cf400000|100%| E|CS|TAMS 0x00000000cf300000, 0x00000000cf300000| Complete 
| 244|0x00000000cf400000, 0x00000000cf500000, 0x00000000cf500000|100%| E|CS|TAMS 0x00000000cf400000, 0x00000000cf400000| Complete 
| 245|0x00000000cf500000, 0x00000000cf600000, 0x00000000cf600000|100%| E|CS|TAMS 0x00000000cf500000, 0x00000000cf500000| Complete 
| 246|0x00000000cf600000, 0x00000000cf700000, 0x00000000cf700000|100%| E|CS|TAMS 0x00000000cf600000, 0x00000000cf600000| Complete 
| 247|0x00000000cf700000, 0x00000000cf800000, 0x00000000cf800000|100%| E|CS|TAMS 0x00000000cf700000, 0x00000000cf700000| Complete 
| 248|0x00000000cf800000, 0x00000000cf900000, 0x00000000cf900000|100%| E|CS|TAMS 0x00000000cf800000, 0x00000000cf800000| Complete 
| 249|0x00000000cf900000, 0x00000000cfa00000, 0x00000000cfa00000|100%| E|CS|TAMS 0x00000000cf900000, 0x00000000cf900000| Complete 
| 250|0x00000000cfa00000, 0x00000000cfb00000, 0x00000000cfb00000|100%| E|CS|TAMS 0x00000000cfa00000, 0x00000000cfa00000| Complete 
| 251|0x00000000cfb00000, 0x00000000cfc00000, 0x00000000cfc00000|100%| E|CS|TAMS 0x00000000cfb00000, 0x00000000cfb00000| Complete 
| 252|0x00000000cfc00000, 0x00000000cfd00000, 0x00000000cfd00000|100%| E|CS|TAMS 0x00000000cfc00000, 0x00000000cfc00000| Complete 
| 253|0x00000000cfd00000, 0x00000000cfe00000, 0x00000000cfe00000|100%| E|CS|TAMS 0x00000000cfd00000, 0x00000000cfd00000| Complete 
| 254|0x00000000cfe00000, 0x00000000cff00000, 0x00000000cff00000|100%| E|CS|TAMS 0x00000000cfe00000, 0x00000000cfe00000| Complete 
| 255|0x00000000cff00000, 0x00000000d0000000, 0x00000000d0000000|100%| E|CS|TAMS 0x00000000cff00000, 0x00000000cff00000| Complete 
|1022|0x00000000ffe00000, 0x00000000ffe48000, 0x00000000fff00000| 28%|OA|  |TAMS 0x00000000ffe00000, 0x00000000ffe00000| Untracked 
|1023|0x00000000fff00000, 0x00000000fff6c000, 0x0000000100000000| 42%|CA|  |TAMS 0x00000000fff00000, 0x00000000fff00000| Untracked 

Card table byte_map: [0x00007fffd2df2000,0x00007fffd2ff2000] _byte_map_base: 0x00007fffd27f2000

Marking Bits (Prev, Next): (CMBitMap*) 0x00005555557b71c8, (CMBitMap*) 0x00005555557b7200
 Prev Bits: [0x00007fffd1bf2000, 0x00007fffd2bf2000)
 Next Bits: [0x00007fffd0bf2000, 0x00007fffd1bf2000)

Polling page: 0x00007ffff003f000

Metaspace:

Usage:
  Non-class:     14.23 MB capacity,    13.93 MB ( 98%) used,   258.85 KB (  2%) free+waste,    51.31 KB ( <1%) overhead. 
      Class:      2.06 MB capacity,     1.84 MB ( 89%) used,   198.88 KB (  9%) free+waste,    25.56 KB (  1%) overhead. 
       Both:     16.29 MB capacity,    15.77 MB ( 97%) used,   457.73 KB (  3%) free+waste,    76.88 KB ( <1%) overhead. 

Virtual space:
  Non-class space:       16.00 MB reserved,      14.50 MB ( 91%) committed 
      Class space:        1.00 GB reserved,       2.12 MB ( <1%) committed 
             Both:        1.02 GB reserved,      16.62 MB (  2%) committed 

Chunk freelists:
   Non-Class:  23.00 KB
       Class:  0 bytes
        Both:  23.00 KB

MaxMetaspaceSize: unlimited
CompressedClassSpaceSize: 1.00 GB
Initial GC threshold: 20.80 MB
Current GC threshold: 20.80 MB
CDS: on

CodeHeap 'non-profiled nmethods': size=119172Kb used=1386Kb max_used=1386Kb free=117785Kb
 bounds [0x00007fffe0373000, 0x00007fffe05e3000, 0x00007fffe77d4000]
CodeHeap 'profiled nmethods': size=119168Kb used=6037Kb max_used=6037Kb free=113130Kb
 bounds [0x00007fffd8f13000, 0x00007fffd9503000, 0x00007fffe0373000]
CodeHeap 'non-nmethods': size=7420Kb used=1214Kb max_used=2911Kb free=6205Kb
 bounds [0x00007fffd87d4000, 0x00007fffd8ab4000, 0x00007fffd8f13000]
 total_blobs=3377 nmethods=2888 adapters=402
 compilation: enabled
              stopped_count=0, restarted_count=0
 full_count=0

Compilation events (20 events):
Event: 34.321 Thread 0x000055555591b000 2878       4       java.util.concurrent.locks.AbstractQueuedSynchronizer::enq (37 bytes)
Event: 34.324 Thread 0x000055555591b000 nmethod 2878 0x00007fffe04c9d90 code [0x00007fffe04c9f40, 0x00007fffe04ca288]
Event: 34.683 Thread 0x000055555591b000 2879       4       java.util.concurrent.locks.AbstractQueuedSynchronizer$ConditionObject::await (183 bytes)
Event: 34.703 Thread 0x000055555591b000 nmethod 2879 0x00007fffe04ca390 code [0x00007fffe04ca620, 0x00007fffe04cbfa0]
Event: 34.754 Thread 0x000055555591d000 2880       1       bftsmart.tom.core.Synchronizer::access$000 (5 bytes)
Event: 34.754 Thread 0x000055555591d000 nmethod 2880 0x00007fffe04ccc10 code [0x00007fffe04ccdc0, 0x00007fffe04cce50]
Event: 39.633 Thread 0x000055555591d000 2882 % !   3       bftsmart.tom.core.ReplyThread::run @ 17 (140 bytes)
Event: 39.634 Thread 0x000055555591d000 nmethod 2882% 0x00007fffd94f1190 code [0x00007fffd94f14a0, 0x00007fffd94f2950]
Event: 40.278 Thread 0x000055555591d000 2883   !   3       bftsmart.tom.core.ReplyThread::run (140 bytes)
Event: 40.279 Thread 0x000055555591d000 nmethod 2883 0x00007fffd94f3290 code [0x00007fffd94f35a0, 0x00007fffd94f4890]
Event: 43.809 Thread 0x000055555591d000 2884       3       java.util.TaskQueue::fixDown (108 bytes)
Event: 43.809 Thread 0x000055555591d000 nmethod 2884 0x00007fffd94f5110 code [0x00007fffd94f5300, 0x00007fffd94f59d0]
Event: 47.160 Thread 0x000055555591d000 2885       3       bftsmart.tom.leaderchange.LCManager::getLastCIDsSize (28 bytes)
Event: 47.160 Thread 0x000055555591d000 nmethod 2885 0x00007fffd94f5c10 code [0x00007fffd94f5e20, 0x00007fffd94f65a0]
Event: 47.210 Thread 0x000055555591d000 2886       3       java.util.TaskQueue::rescheduleMin (16 bytes)
Event: 47.210 Thread 0x000055555591d000 nmethod 2886 0x00007fffd94f6810 code [0x00007fffd94f69e0, 0x00007fffd94f6b60]
Event: 47.419 Thread 0x000055555591b000 2887       4       java.util.HashMap::get (23 bytes)
Event: 47.422 Thread 0x000055555591b000 nmethod 2887 0x00007fffe04cd310 code [0x00007fffe04cd4c0, 0x00007fffe04cd758]
Event: 47.759 Thread 0x000055555591d000 2888       3       bftsmart.tom.core.Synchronizer$1::run (141 bytes)
Event: 47.760 Thread 0x000055555591d000 nmethod 2888 0x00007fffd94f6c90 code [0x00007fffd94f6f80, 0x00007fffd94f8050]

GC Heap History (6 events):
Event: 0.371 GC heap before
{Heap before GC invocations=0 (full 0):
 garbage-first heap   total 264192K, used 32464K [0x00000000c0000000, 0x0000000100000000)
  region size 1024K, 24 young (24576K), 0 survivors (0K)
 Metaspace       used 4451K, capacity 5401K, committed 5504K, reserved 1056768K
  class space    used 467K, capacity 566K, committed 640K, reserved 1048576K
}
Event: 0.380 GC heap after
{Heap after GC invocations=1 (full 0):
 garbage-first heap   total 264192K, used 6225K [0x00000000c0000000, 0x0000000100000000)
  region size 1024K, 3 young (3072K), 3 survivors (3072K)
 Metaspace       used 4451K, capacity 5401K, committed 5504K, reserved 1056768K
  class space    used 467K, capacity 566K, committed 640K, reserved 1048576K
}
Event: 1.098 GC heap before
{Heap before GC invocations=1 (full 0):
 garbage-first heap   total 264192K, used 22609K [0x00000000c0000000, 0x0000000100000000)
  region size 1024K, 19 young (19456K), 3 survivors (3072K)
 Metaspace       used 6924K, capacity 7359K, committed 7680K, reserved 1056768K
  class space    used 775K, capacity 933K, committed 1024K, reserved 1048576K
}
Event: 1.102 GC heap after
{Heap after GC invocations=2 (full 0):
 garbage-first heap   total 264192K, used 8889K [0x00000000c0000000, 0x0000000100000000)
  region size 1024K, 3 young (3072K), 3 survivors (3072K)
 Metaspace       used 6924K, capacity 7359K, committed 7680K, reserved 1056768K
  class space    used 775K, capacity 933K, committed 1024K, reserved 1048576K
}
Event: 1.190 GC heap before
{Heap before GC invocations=2 (full 0):
 garbage-first heap   total 264192K, used 39609K [0x00000000c0000000, 0x0000000100000000)
  region size 1024K, 33 young (33792K), 3 survivors (3072K)
 Metaspace       used 8188K, capacity 8575K, committed 8832K, reserved 1056768K
  class space    used 970K, capacity 1125K, committed 1152K, reserved 1048576K
}
Event: 1.196 GC heap after
{Heap after GC invocations=3 (full 0):
 garbage-first heap   total 264192K, used 9525K [0x00000000c0000000, 0x0000000100000000)
  region size 1024K, 3 young (3072K), 3 survivors (3072K)
 Metaspace       used 8188K, capacity 8575K, committed 8832K, reserved 1056768K
  class space    used 970K, capacity 1125K, committed 1152K, reserved 1048576K
}

Deoptimization events (20 events):
Event: 30.448 Thread 0x00007fff701ff800 DEOPT PACKING pc=0x00007fffe0436b38 sp=0x00007ffef2efdcd0
Event: 30.448 Thread 0x00007fff701ff800 DEOPT UNPACKING pc=0x00007fffd881dea5 sp=0x00007ffef2efdc90 mode 2
Event: 30.450 Thread 0x00007fff701ff800 Uncommon trap: trap_request=0xffffff4d fr.pc=0x00007fffe0425380 relative=0x0000000000000160
Event: 30.450 Thread 0x00007fff701ff800 Uncommon trap: reason=unstable_if action=reinterpret pc=0x00007fffe0425380 method=java.math.BigInteger.<init>([II)V @ 7 c2
Event: 30.450 Thread 0x00007fff701ff800 DEOPT PACKING pc=0x00007fffe0425380 sp=0x00007ffef2efdc60
Event: 30.450 Thread 0x00007fff701ff800 DEOPT UNPACKING pc=0x00007fffd881dea5 sp=0x00007ffef2efdc10 mode 2
Event: 30.468 Thread 0x00007fff701ff800 Uncommon trap: trap_request=0xffffff4d fr.pc=0x00007fffe048024c relative=0x000000000000036c
Event: 30.468 Thread 0x00007fff701ff800 Uncommon trap: reason=unstable_if action=reinterpret pc=0x00007fffe048024c method=sun.security.provider.SHA.implDigest([BI)V @ 21 c2
Event: 30.468 Thread 0x00007fff701ff800 DEOPT PACKING pc=0x00007fffe048024c sp=0x00007ffef2efc5e0
Event: 30.468 Thread 0x00007fff701ff800 DEOPT UNPACKING pc=0x00007fffd881dea5 sp=0x00007ffef2efc580 mode 2
Event: 31.269 Thread 0x00007ffeac006000 DEOPT PACKING pc=0x00007fffd9492368 sp=0x00007ffef0efcf40
Event: 31.269 Thread 0x00007ffeac006000 DEOPT UNPACKING pc=0x00007fffd881e64a sp=0x00007ffef0efc4b8 mode 0
Event: 31.269 Thread 0x00007ffeac006000 DEOPT PACKING pc=0x00007fffd9492368 sp=0x00007ffef0efcf40
Event: 31.269 Thread 0x00007ffeac006000 DEOPT UNPACKING pc=0x00007fffd881e64a sp=0x00007ffef0efc4b8 mode 0
Event: 31.269 Thread 0x00007ffeac006000 DEOPT PACKING pc=0x00007fffd9492368 sp=0x00007ffef0efcf40
Event: 31.269 Thread 0x00007ffeac006000 DEOPT UNPACKING pc=0x00007fffd881e64a sp=0x00007ffef0efc4b8 mode 0
Event: 31.474 Thread 0x00007fff70202800 Uncommon trap: trap_request=0xffffff4d fr.pc=0x00007fffe046eb2c relative=0x00000000000011ec
Event: 31.474 Thread 0x00007fff70202800 Uncommon trap: reason=unstable_if action=reinterpret pc=0x00007fffe046eb2c method=java.util.concurrent.locks.AbstractQueuedSynchronizer.isOnSyncQueue(Ljava/util/concurrent/locks/AbstractQueuedSynchronizer$Node;)Z @ 6 c2
Event: 31.474 Thread 0x00007fff70202800 DEOPT PACKING pc=0x00007fffe046eb2c sp=0x00007ffef24fe700
Event: 31.474 Thread 0x00007fff70202800 DEOPT UNPACKING pc=0x00007fffd881dea5 sp=0x00007ffef24fe650 mode 2

Classes redefined (0 events):
No events

Internal exceptions (20 events):
Event: 0.579 Thread 0x0000555555a27000 Exception <a 'java/lang/NoSuchMethodError'{0x00000000cf194e08}: <clinit>> (0x00000000cf194e08) thrown at [./src/hotspot/share/prims/jni.cpp, line 1372]
Event: 1.118 Thread 0x0000555555a1b000 Implicit null exception at 0x00007fffe0383f91 to 0x00007fffe0384550
Event: 1.310 Thread 0x0000555555a1b000 Exception <a 'java/lang/NoSuchMethodError'{0x00000000cf679c80}: 'java.lang.Object java.lang.invoke.DirectMethodHandle$Holder.invokeStaticInit(java.lang.Object, java.lang.Object, java.lang.Object)'> (0x00000000cf679c80) thrown at [./src/hotspot/share/interpreter/linkResolver.cpp, line 772]
Event: 1.322 Thread 0x0000555555a1b000 Exception <a 'java/lang/NoSuchMethodError'{0x00000000cf529bf0}: 'int java.lang.invoke.DirectMethodHandle$Holder.invokeSpecialIFC(java.lang.Object, java.lang.Object, int)'> (0x00000000cf529bf0) thrown at [./src/hotspot/share/interpreter/linkResolver.cpp, line 772]
Event: 20.291 Thread 0x00007fff6c0c9000 Implicit null exception at 0x00007fffe046c7b3 to 0x00007fffe046cc30
Event: 28.462 Thread 0x00007fff681b8000 Exception <a 'java/lang/NoSuchMethodError'{0x00000000ce6f9ad8}: <clinit>> (0x00000000ce6f9ad8) thrown at [./src/hotspot/share/prims/jni.cpp, line 1372]
Event: 28.463 Thread 0x00007fff681b8000 Exception <a 'java/lang/NoSuchMethodError'{0x00000000ce6fb360}: <clinit>> (0x00000000ce6fb360) thrown at [./src/hotspot/share/prims/jni.cpp, line 1372]
Event: 28.464 Thread 0x00007fff681b8000 Exception <a 'java/lang/NoSuchMethodError'{0x00000000cd094788}: <clinit>> (0x00000000cd094788) thrown at [./src/hotspot/share/prims/jni.cpp, line 1372]
Event: 29.362 Thread 0x00007fff681b8000 Exception <a 'java/lang/NoSuchMethodError'{0x00000000cd0aa2d0}: <clinit>> (0x00000000cd0aa2d0) thrown at [./src/hotspot/share/prims/jni.cpp, line 1372]
Event: 29.977 Thread 0x00007fff6c0cc800 Exception <a 'java/lang/NoSuchMethodError'{0x00000000cce9d148}: <clinit>> (0x00000000cce9d148) thrown at [./src/hotspot/share/prims/jni.cpp, line 1372]
Event: 29.977 Thread 0x00007fff640dd000 Exception <a 'java/lang/NoSuchMethodError'{0x00000000ce5470b0}: <clinit>> (0x00000000ce5470b0) thrown at [./src/hotspot/share/prims/jni.cpp, line 1372]
Event: 29.977 Thread 0x00007fff6c0cc800 Exception <a 'java/lang/NoSuchMethodError'{0x00000000ccea1748}: <clinit>> (0x00000000ccea1748) thrown at [./src/hotspot/share/prims/jni.cpp, line 1372]
Event: 29.977 Thread 0x00007fff640dd000 Exception <a 'java/lang/NoSuchMethodError'{0x00000000ce54b168}: <clinit>> (0x00000000ce54b168) thrown at [./src/hotspot/share/prims/jni.cpp, line 1372]
Event: 29.985 Thread 0x00007fff640dd000 Exception <a 'java/lang/NoSuchMethodError'{0x00000000ce557890}: 'java.lang.Object java.lang.invoke.DirectMethodHandle$Holder.invokeStatic(java.lang.Object, int, int, int, int)'> (0x00000000ce557890) thrown at [./src/hotspot/share/interpreter/linkResolver.cpp, line 772]
Event: 29.985 Thread 0x00007fff640dd000 Exception <a 'java/lang/NoSuchMethodError'{0x00000000ce55a9b8}: 'java.lang.Object java.lang.invoke.DirectMethodHandle$Holder.invokeStaticInit(java.lang.Object, int, int, int, int)'> (0x00000000ce55a9b8) thrown at [./src/hotspot/share/interpreter/linkResolver.cpp, line 772]
Event: 29.989 Thread 0x00007fff640dd000 Exception <a 'java/lang/NoSuchMethodError'{0x00000000ccef13c0}: 'java.lang.Object java.lang.invoke.DirectMethodHandle$Holder.invokeStatic(java.lang.Object, java.lang.Object, int, int, int, int)'> (0x00000000ccef13c0) thrown at [./src/hotspot/share/interpreter/linkResolver.cpp, line 772]
Event: 29.989 Thread 0x00007fff640dd000 Exception <a 'java/lang/NoSuchMethodError'{0x00000000ccef4718}: 'java.lang.Object java.lang.invoke.DirectMethodHandle$Holder.invokeStaticInit(java.lang.Object, java.lang.Object, int, int, int, int)'> (0x00000000ccef4718) thrown at [./src/hotspot/share/interpreter/linkResolver.cpp, line 772]
Event: 30.468 Thread 0x00007fff701ff800 Exception <a 'java/lang/NoSuchMethodError'{0x00000000cc9d76a0}: <clinit>> (0x00000000cc9d76a0) thrown at [./src/hotspot/share/prims/jni.cpp, line 1372]
Event: 30.474 Thread 0x00007fff701ff800 Exception <a 'java/lang/NoSuchMethodError'{0x00000000cc895138}: <clinit>> (0x00000000cc895138) thrown at [./src/hotspot/share/prims/jni.cpp, line 1372]
Event: 31.318 Thread 0x00007fff6c0cc800 Exception <a 'java/lang/NoSuchMethodError'{0x00000000cbf0d0f8}: 'java.lang.Object java.lang.invoke.Invokers$Holder.linkToTargetMethod(java.lang.Object, int, java.lang.Object, java.lang.Object, java.lang.Object, java.lang.Object)'> (0x00000000cbf0d0f8) thrown at [./src/hotspot/share/interpreter/linkResolver.cpp, line 772]

Events (20 events):
Event: 31.704 Protecting memory [0x00007ffef03ff000,0x00007ffef0403000] with protection modes 0
Event: 31.704 Executing VM operation: BulkRevokeBias
Event: 31.705 Executing VM operation: BulkRevokeBias done
Event: 31.706 Thread 0x00007ffeb0001800 Thread added: 0x00007ffeb0001800
Event: 31.706 Protecting memory [0x00007ffef02ff000,0x00007ffef0303000] with protection modes 0
Event: 31.706 Thread 0x00007ffea4001800 Thread added: 0x00007ffea4001800
Event: 31.706 Protecting memory [0x00007ffef01ff000,0x00007ffef0203000] with protection modes 0
Event: 32.602 Thread 0x00007fffa415d800 Thread exited: 0x00007fffa415d800
Event: 37.887 Thread 0x0000555555787800 Thread exited: 0x0000555555787800
Event: 37.888 Protecting memory [0x00007fffffeff000,0x00007ffffff03000] with protection modes 0
Event: 37.888 Thread 0x0000555555787800 Thread added: 0x0000555555787800
Event: 37.889 Thread 0x0000555555787800 Thread exited: 0x0000555555787800
Event: 45.885 Protecting memory [0x00007fffffeff000,0x00007ffffff03000] with protection modes 0
Event: 45.886 Thread 0x0000555555787800 Thread added: 0x0000555555787800
Event: 45.886 Thread 0x0000555555787800 Thread exited: 0x0000555555787800
Event: 53.886 Protecting memory [0x00007fffffeff000,0x00007ffffff03000] with protection modes 0
Event: 53.886 Thread 0x0000555555787800 Thread added: 0x0000555555787800
Event: 53.886 Thread 0x0000555555787800 Thread exited: 0x0000555555787800
Event: 59.887 Protecting memory [0x00007fffffeff000,0x00007ffffff03000] with protection modes 0
Event: 59.887 Thread 0x0000555555787800 Thread added: 0x0000555555787800


Dynamic libraries:
c0000000-d0000000 rw-p 00000000 00:00 0 
d0000000-ffe00000 ---p 00000000 00:00 0 
ffe00000-ffe48000 rw-p 00b14000 08:20 102650                             /usr/lib/jvm/java-11-openjdk-amd64/lib/server/classes.jsa
ffe48000-fff00000 rw-p 00000000 00:00 0 
fff00000-fff6c000 rw-p 00aa8000 08:20 102650                             /usr/lib/jvm/java-11-openjdk-amd64/lib/server/classes.jsa
fff6c000-100000000 rw-p 00000000 00:00 0 
800000000-800002000 rwxp 00001000 08:20 102650                           /usr/lib/jvm/java-11-openjdk-amd64/lib/server/classes.jsa
800002000-8003ce000 rw-p 00003000 08:20 102650                           /usr/lib/jvm/java-11-openjdk-amd64/lib/server/classes.jsa
8003ce000-800aa6000 r--p 003cf000 08:20 102650                           /usr/lib/jvm/java-11-openjdk-amd64/lib/server/classes.jsa
800aa6000-800aa7000 rw-p 00aa7000 08:20 102650                           /usr/lib/jvm/java-11-openjdk-amd64/lib/server/classes.jsa
840000000-840220000 rw-p 00000000 00:00 0 
840220000-880000000 ---p 00000000 00:00 0 
555555554000-555555562000 r--p 00000000 08:20 120266                     /home/yash/DistributedSystemsforAVs/fourway/fourway
555555562000-555555568000 r-xp 0000d000 08:20 120266                     /home/yash/DistributedSystemsforAVs/fourway/fourway
555555568000-55555556a000 r--p 00012000 08:20 120266                     /home/yash/DistributedSystemsforAVs/fourway/fourway
55555556a000-55555556b000 rw-p 00013000 08:20 120266                     /home/yash/DistributedSystemsforAVs/fourway/fourway
55555556b000-555555e72000 rw-p 00000000 00:00 0                          [heap]
7ffe40000000-7ffe40021000 rw-p 00000000 00:00 0 
7ffe40021000-7ffe44000000 ---p 00000000 00:00 0 
7ffe44000000-7ffe44021000 rw-p 00000000 00:00 0 
7ffe44021000-7ffe48000000 ---p 00000000 00:00 0 
7ffe48000000-7ffe48021000 rw-p 00000000 00:00 0 
7ffe48021000-7ffe4c000000 ---p 00000000 00:00 0 
7ffe4c000000-7ffe4c021000 rw-p 00000000 00:00 0 
7ffe4c021000-7ffe50000000 ---p 00000000 00:00 0 
7ffe50000000-7ffe50021000 rw-p 00000000 00:00 0 
7ffe50021000-7ffe54000000 ---p 00000000 00:00 0 
7ffe54000000-7ffe54021000 rw-p 00000000 00:00 0 
7ffe54021000-7ffe58000000 ---p 00000000 00:00 0 
7ffe58000000-7ffe58063000 rw-p 00000000 00:00 0 
7ffe58063000-7ffe5c000000 ---p 00000000 00:00 0 
7ffe5c000000-7ffe5c0b7000 rw-p 00000000 00:00 0 
7ffe5c0b7000-7ffe60000000 ---p 00000000 00:00 0 
7ffe60000000-7ffe60021000 rw-p 00000000 00:00 0 
7ffe60021000-7ffe64000000 ---p 00000000 00:00 0 
7ffe64000000-7ffe64021000 rw-p 00000000 00:00 0 
7ffe64021000-7ffe68000000 ---p 00000000 00:00 0 
7ffe68000000-7ffe682b0000 rw-p 00000000 00:00 0 
7ffe682b0000-7ffe6c000000 ---p 00000000 00:00 0 
7ffe6cff9000-7ffe74021000 rw-p 00000000 00:00 0 
7ffe74021000-7ffe78000000 ---p 00000000 00:00 0 
7ffe78000000-7ffe78021000 rw-p 00000000 00:00 0 
7ffe78021000-7ffe7c000000 ---p 00000000 00:00 0 
7ffe7c000000-7ffe7c021000 rw-p 00000000 00:00 0 
7ffe7c021000-7ffe80000000 ---p 00000000 00:00 0 
7ffe80000000-7ffe80021000 rw-p 00000000 00:00 0 
7ffe80021000-7ffe84000000 ---p 00000000 00:00 0 
7ffe84000000-7ffe84021000 rw-p 00000000 00:00 0 
7ffe84021000-7ffe88000000 ---p 00000000 00:00 0 
7ffe88000000-7ffe88021000 rw-p 00000000 00:00 0 
7ffe88021000-7ffe8c000000 ---p 00000000 00:00 0 
7ffe8c000000-7ffe8c021000 rw-p 00000000 00:00 0 
7ffe8c021000-7ffe90000000 ---p 00000000 00:00 0 
7ffe90000000-7ffe90021000 rw-p 00000000 00:00 0 
7ffe90021000-7ffe94000000 ---p 00000000 00:00 0 
7ffe94000000-7ffe94021000 rw-p 00000000 00:00 0 
7ffe94021000-7ffe98000000 ---p 00000000 00:00 0 
7ffe98000000-7ffe98021000 rw-p 00000000 00:00 0 
7ffe98021000-7ffe9c000000 ---p 00000000 00:00 0 
7ffe9c000000-7ffe9c021000 rw-p 00000000 00:00 0 
7ffe9c021000-7ffea0000000 ---p 00000000 00:00 0 
7ffea0000000-7ffea0021000 rw-p 00000000 00:00 0 
7ffea0021000-7ffea4000000 ---p 00000000 00:00 0 
7ffea4000000-7ffea4021000 rw-p 00000000 00:00 0 
7ffea4021000-7ffea8000000 ---p 00000000 00:00 0 
7ffea8000000-7ffea8021000 rw-p 00000000 00:00 0 
7ffea8021000-7ffeac000000 ---p 00000000 00:00 0 
7ffeac000000-7ffeac021000 rw-p 00000000 00:00 0 
7ffeac021000-7ffeb0000000 ---p 00000000 00:00 0 
7ffeb0000000-7ffeb0021000 rw-p 00000000 00:00 0 
7ffeb0021000-7ffeb4000000 ---p 00000000 00:00 0 
7ffeb4000000-7ffeb4021000 rw-p 00000000 00:00 0 
7ffeb4021000-7ffeb8000000 ---p 00000000 00:00 0 
7ffeb8000000-7ffeb8021000 rw-p 00000000 00:00 0 
7ffeb8021000-7ffebc000000 ---p 00000000 00:00 0 
7ffebc000000-7ffebc021000 rw-p 00000000 00:00 0 
7ffebc021000-7ffec0000000 ---p 00000000 00:00 0 
7ffec0000000-7ffec0022000 rw-p 00000000 00:00 0 
7ffec0022000-7ffec4000000 ---p 00000000 00:00 0 
7ffec4000000-7ffec4021000 rw-p 00000000 00:00 0 
7ffec4021000-7ffec8000000 ---p 00000000 00:00 0 
7ffec8000000-7ffec8050000 rw-p 00000000 00:00 0 
7ffec8050000-7ffecc000000 ---p 00000000 00:00 0 
7ffecc000000-7ffecc021000 rw-p 00000000 00:00 0 
7ffecc021000-7ffed0000000 ---p 00000000 00:00 0 
7ffed0000000-7ffed0021000 rw-p 00000000 00:00 0 
7ffed0021000-7ffed4000000 ---p 00000000 00:00 0 
7ffed4000000-7ffed4021000 rw-p 00000000 00:00 0 
7ffed4021000-7ffed8000000 ---p 00000000 00:00 0 
7ffed8000000-7ffed8021000 rw-p 00000000 00:00 0 
7ffed8021000-7ffedc000000 ---p 00000000 00:00 0 
7ffedc000000-7ffedc021000 rw-p 00000000 00:00 0 
7ffedc021000-7ffee0000000 ---p 00000000 00:00 0 
7ffee0000000-7ffee0021000 rw-p 00000000 00:00 0 
7ffee0021000-7ffee4000000 ---p 00000000 00:00 0 
7ffee4000000-7ffee4021000 rw-p 00000000 00:00 0 
7ffee4021000-7ffee8000000 ---p 00000000 00:00 0 
7ffee8000000-7ffee8021000 rw-p 00000000 00:00 0 
7ffee8021000-7ffeec000000 ---p 00000000 00:00 0 
7ffeec000000-7ffeec021000 rw-p 00000000 00:00 0 
7ffeec021000-7ffef0000000 ---p 00000000 00:00 0 
7ffef01ff000-7ffef0203000 ---p 00000000 00:00 0 
7ffef0203000-7ffef02ff000 rw-p 00000000 00:00 0 
7ffef02ff000-7ffef0303000 ---p 00000000 00:00 0 
7ffef0303000-7ffef03ff000 rw-p 00000000 00:00 0 
7ffef03ff000-7ffef0403000 ---p 00000000 00:00 0 
7ffef0403000-7ffef057f000 rw-p 00000000 00:00 0 
7ffef057f000-7ffef06ff000 ---p 00000000 00:00 0 
7ffef06ff000-7ffef0703000 ---p 00000000 00:00 0 
7ffef0703000-7ffef07ff000 rw-p 00000000 00:00 0 
7ffef07ff000-7ffef0803000 ---p 00000000 00:00 0 
7ffef0803000-7ffef08ff000 rw-p 00000000 00:00 0 
7ffef08ff000-7ffef0903000 ---p 00000000 00:00 0 
7ffef0903000-7ffef09ff000 rw-p 00000000 00:00 0 
7ffef09ff000-7ffef0a03000 ---p 00000000 00:00 0 
7ffef0a03000-7ffef0aff000 rw-p 00000000 00:00 0 
7ffef0aff000-7ffef0b03000 ---p 00000000 00:00 0 
7ffef0b03000-7ffef0bff000 rw-p 00000000 00:00 0 
7ffef0bff000-7ffef0c03000 ---p 00000000 00:00 0 
7ffef0c03000-7ffef0cff000 rw-p 00000000 00:00 0 
7ffef0cff000-7ffef0d03000 ---p 00000000 00:00 0 
7ffef0d03000-7ffef0dff000 rw-p 00000000 00:00 0 
7ffef0dff000-7ffef0e03000 ---p 00000000 00:00 0 
7ffef0e03000-7ffef1f00000 rw-p 00000000 00:00 0 
7ffef1f00000-7ffef1f04000 ---p 00000000 00:00 0 
7ffef1f04000-7ffef2000000 rw-p 00000000 00:00 0 
7ffef2000000-7ffef2004000 ---p 00000000 00:00 0 
7ffef2004000-7ffef2100000 rw-p 00000000 00:00 0 
7ffef2100000-7ffef2104000 ---p 00000000 00:00 0 
7ffef2104000-7ffef2200000 rw-p 00000000 00:00 0 
7ffef2200000-7ffef2204000 ---p 00000000 00:00 0 
7ffef2204000-7ffef2300000 rw-p 00000000 00:00 0 
7ffef2300000-7ffef2304000 ---p 00000000 00:00 0 
7ffef2304000-7ffef2400000 rw-p 00000000 00:00 0 
7ffef2400000-7ffef2404000 ---p 00000000 00:00 0 
7ffef2404000-7ffef2500000 rw-p 00000000 00:00 0 
7ffef2500000-7ffef2504000 ---p 00000000 00:00 0 
7ffef2504000-7ffef2600000 rw-p 00000000 00:00 0 
7ffef2600000-7ffef2604000 ---p 00000000 00:00 0 
7ffef2604000-7ffef2700000 rw-p 00000000 00:00 0 
7ffef2700000-7ffef2704000 ---p 00000000 00:00 0 
7ffef2704000-7ffef2800000 rw-p 00000000 00:00 0 
7ffef2800000-7ffef2804000 ---p 00000000 00:00 0 
7ffef2804000-7ffef2900000 rw-p 00000000 00:00 0 
7ffef2900000-7ffef2904000 ---p 00000000 00:00 0 
7ffef2904000-7ffef2a00000 rw-p 00000000 00:00 0 
7ffef2a00000-7ffef2a04000 ---p 00000000 00:00 0 
7ffef2a04000-7ffef2b00000 rw-p 00000000 00:00 0 
7ffef2b00000-7ffef2b04000 ---p 00000000 00:00 0 
7ffef2b04000-7ffef2c00000 rw-p 00000000 00:00 0 
7ffef2c00000-7ffef2c04000 ---p 00000000 00:00 0 
7ffef2c04000-7ffef2d00000 rw-p 00000000 00:00 0 
7ffef2d00000-7ffef2d04000 ---p 00000000 00:00 0 
7ffef2d04000-7ffef2e00000 rw-p 00000000 00:00 0 
7ffef2e00000-7ffef2e04000 ---p 00000000 00:00 0 
7ffef2e04000-7ffef2f00000 rw-p 00000000 00:00 0 
7ffef2f00000-7ffef2f04000 ---p 00000000 00:00 0 
7ffef2f04000-7ffef3000000 rw-p 00000000 00:00 0 
7ffef3000000-7ffef3004000 ---p 00000000 00:00 0 
7ffef3004000-7ffef3100000 rw-p 00000000 00:00 0 
7ffef3100000-7ffef3104000 ---p 00000000 00:00 0 
7ffef3104000-7ffef3200000 rw-p 00000000 00:00 0 
7ffef3200000-7ffef3204000 ---p 00000000 00:00 0 
7ffef3204000-7ffef3300000 rw-p 00000000 00:00 0 
7ffef3300000-7ffef3304000 ---p 00000000 00:00 0 
7ffef3304000-7ffef3400000 rw-p 00000000 00:00 0 
7ffef3400000-7ffef3404000 ---p 00000000 00:00 0 
7ffef3404000-7ffef3500000 rw-p 00000000 00:00 0 
7ffef3500000-7ffef3504000 ---p 00000000 00:00 0 
7ffef3504000-7ffef3600000 rw-p 00000000 00:00 0 
7ffef3600000-7ffef3604000 ---p 00000000 00:00 0 
7ffef3604000-7ffef3700000 rw-p 00000000 00:00 0 
7ffef3700000-7ffef3704000 ---p 00000000 00:00 0 
7ffef3704000-7ffef3800000 rw-p 00000000 00:00 0 
7ffef3800000-7ffef3804000 ---p 00000000 00:00 0 
7ffef3804000-7ffef3900000 rw-p 00000000 00:00 0 
7ffef3900000-7ffef3904000 ---p 00000000 00:00 0 
7ffef3904000-7ffef3a00000 rw-p 00000000 00:00 0 
7ffef3a00000-7ffef3a04000 ---p 00000000 00:00 0 
7ffef3a04000-7ffef3b00000 rw-p 00000000 00:00 0 
7ffef3b00000-7ffef3b04000 ---p 00000000 00:00 0 
7ffef3b04000-7ffef3e00000 rw-p 00000000 00:00 0 
7ffef3e00000-7ffef3e04000 ---p 00000000 00:00 0 
7ffef3e04000-7ffef3f00000 rw-p 00000000 00:00 0 
7ffef3f00000-7ffef3f04000 ---p 00000000 00:00 0 
7ffef3f04000-7ffef4021000 rw-p 00000000 00:00 0 
7ffef4021000-7ffef8000000 ---p 00000000 00:00 0 
7ffef8000000-7ffef8021000 rw-p 00000000 00:00 0 
7ffef8021000-7ffefc000000 ---p 00000000 00:00 0 
7ffefc000000-7ffefc021000 rw-p 00000000 00:00 0 
7ffefc021000-7fff00000000 ---p 00000000 00:00 0 
7fff00000000-7fff00021000 rw-p 00000000 00:00 0 
7fff00021000-7fff04000000 ---p 00000000 00:00 0 
7fff04000000-7fff04271000 rw-p 00000000 00:00 0 
7fff04271000-7fff08000000 ---p 00000000 00:00 0 
7fff08000000-7fff08021000 rw-p 00000000 00:00 0 
7fff08021000-7fff0c000000 ---p 00000000 00:00 0 
7fff0c000000-7fff0c29a000 rw-p 00000000 00:00 0 
7fff0c29a000-7fff10000000 ---p 00000000 00:00 0 
7fff10000000-7fff10be0000 rw-p 00000000 00:00 0 
7fff10be0000-7fff14000000 ---p 00000000 00:00 0 
7fff14000000-7fff14021000 rw-p 00000000 00:00 0 
7fff14021000-7fff18000000 ---p 00000000 00:00 0 
7fff18000000-7fff18909000 rw-p 00000000 00:00 0 
7fff18909000-7fff1c000000 ---p 00000000 00:00 0 
7fff1c000000-7fff1c021000 rw-p 00000000 00:00 0 
7fff1c021000-7fff20000000 ---p 00000000 00:00 0 
7fff20000000-7fff20021000 rw-p 00000000 00:00 0 
7fff20021000-7fff24000000 ---p 00000000 00:00 0 
7fff24000000-7fff24021000 rw-p 00000000 00:00 0 
7fff24021000-7fff28000000 ---p 00000000 00:00 0 
7fff28000000-7fff28021000 rw-p 00000000 00:00 0 
7fff28021000-7fff2c000000 ---p 00000000 00:00 0 
7fff2c000000-7fff2c021000 rw-p 00000000 00:00 0 
7fff2c021000-7fff30000000 ---p 00000000 00:00 0 
7fff30000000-7fff30021000 rw-p 00000000 00:00 0 
7fff30021000-7fff34000000 ---p 00000000 00:00 0 
7fff34000000-7fff34021000 rw-p 00000000 00:00 0 
7fff34021000-7fff38000000 ---p 00000000 00:00 0 
7fff38000000-7fff38021000 rw-p 00000000 00:00 0 
7fff38021000-7fff3c000000 ---p 00000000 00:00 0 
7fff3c000000-7fff3c021000 rw-p 00000000 00:00 0 
7fff3c021000-7fff40000000 ---p 00000000 00:00 0 
7fff40000000-7fff40021000 rw-p 00000000 00:00 0 
7fff40021000-7fff44000000 ---p 00000000 00:00 0 
7fff44000000-7fff44021000 rw-p 00000000 00:00 0 
7fff44021000-7fff48000000 ---p 00000000 00:00 0 
7fff48000000-7fff48021000 rw-p 00000000 00:00 0 
7fff48021000-7fff4c000000 ---p 00000000 00:00 0 
7fff4c000000-7fff4c021000 rw-p 00000000 00:00 0 
7fff4c021000-7fff50000000 ---p 00000000 00:00 0 
7fff50000000-7fff50021000 rw-p 00000000 00:00 0 
7fff50021000-7fff54000000 ---p 00000000 00:00 0 
7fff54000000-7fff54021000 rw-p 00000000 00:00 0 
7fff54021000-7fff58000000 ---p 00000000 00:00 0 
7fff58000000-7fff58021000 rw-p 00000000 00:00 0 
7fff58021000-7fff5c000000 ---p 00000000 00:00 0 
7fff5c000000-7fff5c1f8000 rw-p 00000000 00:00 0 
7fff5c1f8000-7fff60000000 ---p 00000000 00:00 0 
7fff60000000-7fff60021000 rw-p 00000000 00:00 0 
7fff60021000-7fff64000000 ---p 00000000 00:00 0 
7fff64000000-7fff640e8000 rw-p 00000000 00:00 0 
7fff640e8000-7fff68000000 ---p 00000000 00:00 0 
7fff68000000-7fff681c6000 rw-p 00000000 00:00 0 
7fff681c6000-7fff6c000000 ---p 00000000 00:00 0 
7fff6c000000-7fff6c0d8000 rw-p 00000000 00:00 0 
7fff6c0d8000-7fff70000000 ---p 00000000 00:00 0 
7fff70000000-7fff7020b000 rw-p 00000000 00:00 0 
7fff7020b000-7fff74000000 ---p 00000000 00:00 0 
7fff74000000-7fff7429f000 rw-p 00000000 00:00 0 
7fff7429f000-7fff78000000 ---p 00000000 00:00 0 
7fff78000000-7fff7835f000 rw-p 00000000 00:00 0 
7fff7835f000-7fff7c000000 ---p 00000000 00:00 0 
7fff7c000000-7fff7c3b2000 rw-p 00000000 00:00 0 
7fff7c3b2000-7fff80000000 ---p 00000000 00:00 0 
7fff80000000-7fff80374000 rw-p 00000000 00:00 0 
7fff80374000-7fff84000000 ---p 00000000 00:00 0 
7fff84000000-7fff8444b000 rw-p 00000000 00:00 0 
7fff8444b000-7fff88000000 ---p 00000000 00:00 0 
7fff88000000-7fff880e9000 rw-p 00000000 00:00 0 
7fff880e9000-7fff8c000000 ---p 00000000 00:00 0 
7fff8c0d7000-7fff8c0db000 ---p 00000000 00:00 0 
7fff8c0db000-7fff8c1d7000 rw-p 00000000 00:00 0 
7fff8c1d7000-7fff8c1db000 ---p 00000000 00:00 0 
7fff8c1db000-7fff8c2d7000 rw-p 00000000 00:00 0 
7fff8c2d7000-7fff8c2db000 ---p 00000000 00:00 0 
7fff8c2db000-7fff8c3d7000 rw-p 00000000 00:00 0 
7fff8c3d7000-7fff8c3db000 ---p 00000000 00:00 0 
7fff8c3db000-7fff8c4d7000 rw-p 00000000 00:00 0 
7fff8c4d7000-7fff8c4db000 ---p 00000000 00:00 0 
7fff8c4db000-7fff8c7d7000 rw-p 00000000 00:00 0 
7fff8c7d7000-7fff8c9d7000 rw-p 00000000 00:00 0 
7fff8c9d7000-7fff8c9db000 ---p 00000000 00:00 0 
7fff8c9db000-7fff8cad7000 rw-p 00000000 00:00 0 
7fff8cad7000-7fff8cadb000 ---p 00000000 00:00 0 
7fff8cadb000-7fff8cbd7000 rw-p 00000000 00:00 0 
7fff8cbd7000-7fff8cbdb000 ---p 00000000 00:00 0 
7fff8cbdb000-7fff8ccd7000 rw-p 00000000 00:00 0 
7fff8ccd7000-7fff8ccd8000 ---p 00000000 00:00 0 
7fff8ccd8000-7fff8cdd8000 rw-p 00000000 00:00 0 
7fff8cdd8000-7fff8cdd9000 ---p 00000000 00:00 0 
7fff8cdd9000-7fff8ced9000 rw-p 00000000 00:00 0 
7fff8ced9000-7fff8ceda000 ---p 00000000 00:00 0 
7fff8ceda000-7fff8cfda000 rw-p 00000000 00:00 0 
7fff8cfda000-7fff8cfdb000 ---p 00000000 00:00 0 
7fff8cfdb000-7fff8d0db000 rw-p 00000000 00:00 0 
7fff8d0db000-7fff8d0dc000 ---p 00000000 00:00 0 
7fff8d0dc000-7fff8d1dc000 rw-p 00000000 00:00 0 
7fff8d1dc000-7fff8d1dd000 ---p 00000000 00:00 0 
7fff8d1dd000-7fff8d2dd000 rw-p 00000000 00:00 0 
7fff8d2dd000-7fff8d2de000 ---p 00000000 00:00 0 
7fff8d2de000-7fff8d3de000 rw-p 00000000 00:00 0 
7fff8d3de000-7fff8d3df000 ---p 00000000 00:00 0 
7fff8d3df000-7fff8d4df000 rw-p 00000000 00:00 0 
7fff8d4df000-7fff8d4e0000 ---p 00000000 00:00 0 
7fff8d4e0000-7fff8d5e0000 rw-p 00000000 00:00 0 
7fff8d5e0000-7fff8d5e1000 ---p 00000000 00:00 0 
7fff8d5e1000-7fff8d6e1000 rw-p 00000000 00:00 0 
7fff8d6e1000-7fff8d6e2000 ---p 00000000 00:00 0 
7fff8d6e2000-7fff8d7e2000 rw-p 00000000 00:00 0 
7fff8d7e2000-7fff8d7e3000 ---p 00000000 00:00 0 
7fff8d7e3000-7fff8d8e3000 rw-p 00000000 00:00 0 
7fff8d8e3000-7fff8d8e4000 ---p 00000000 00:00 0 
7fff8d8e4000-7fff8d9e4000 rw-p 00000000 00:00 0 
7fff8d9e4000-7fff8d9e5000 ---p 00000000 00:00 0 
7fff8d9e5000-7fff8dae5000 rw-p 00000000 00:00 0 
7fff8dae5000-7fff8dae6000 ---p 00000000 00:00 0 
7fff8dae6000-7fff8dbe6000 rw-p 00000000 00:00 0 
7fff8dbe6000-7fff8dbe7000 ---p 00000000 00:00 0 
7fff8dbe7000-7fff8dce7000 rw-p 00000000 00:00 0 
7fff8dce7000-7fff8dce8000 ---p 00000000 00:00 0 
7fff8dce8000-7fff8dde8000 rw-p 00000000 00:00 0 
7fff8dde8000-7fff8dde9000 ---p 00000000 00:00 0 
7fff8dde9000-7fff8dee9000 rw-p 00000000 00:00 0 
7fff8dee9000-7fff8deea000 ---p 00000000 00:00 0 
7fff8deea000-7fff8dfea000 rw-p 00000000 00:00 0 
7fff8dfea000-7fff8dfee000 ---p 00000000 00:00 0 
7fff8dfee000-7fff8e0ea000 rw-p 00000000 00:00 0 
7fff8e4ee000-7fff8e4f2000 ---p 00000000 00:00 0 
7fff8e4f2000-7fff8e5ee000 rw-p 00000000 00:00 0 
7fff8ebf4000-7fff8ebf8000 ---p 00000000 00:00 0 
7fff8ebf8000-7fff8ecf4000 rw-p 00000000 00:00 0 
7fff8f2fa000-7fff8f2fe000 ---p 00000000 00:00 0 
7fff8f2fe000-7fff8f3fa000 rw-p 00000000 00:00 0 
7fff8fa00000-7fff8fa04000 ---p 00000000 00:00 0 
7fff8fa04000-7fff8fb00000 rw-p 00000000 00:00 0 
7fff8fb00000-7fff8fb04000 ---p 00000000 00:00 0 
7fff8fb04000-7fff8fc00000 rw-p 00000000 00:00 0 
7fff8fc00000-7fff8fc04000 ---p 00000000 00:00 0 
7fff8fc04000-7fff8fd00000 rw-p 00000000 00:00 0 
7fff8fd00000-7fff8fd04000 ---p 00000000 00:00 0 
7fff8fd04000-7fff8fe00000 rw-p 00000000 00:00 0 
7fff8fe00000-7fff8fe04000 ---p 00000000 00:00 0 
7fff8fe04000-7fff8ff00000 rw-p 00000000 00:00 0 
7fff8ff00000-7fff8ff04000 ---p 00000000 00:00 0 
7fff8ff04000-7fff90021000 rw-p 00000000 00:00 0 
7fff90021000-7fff94000000 ---p 00000000 00:00 0 
7fff94000000-7fff94021000 rw-p 00000000 00:00 0 
7fff94021000-7fff98000000 ---p 00000000 00:00 0 
7fff98000000-7fff98021000 rw-p 00000000 00:00 0 
7fff98021000-7fff9c000000 ---p 00000000 00:00 0 
7fff9c000000-7fff9c12a000 rw-p 00000000 00:00 0 
7fff9c12a000-7fffa0000000 ---p 00000000 00:00 0 
7fffa0000000-7fffa0df8000 rw-p 00000000 00:00 0 
7fffa0df8000-7fffa4000000 ---p 00000000 00:00 0 
7fffa4000000-7fffa42d5000 rw-p 00000000 00:00 0 
7fffa42d5000-7fffa8000000 ---p 00000000 00:00 0 
7fffa8000000-7fffa8021000 rw-p 00000000 00:00 0 
7fffa8021000-7fffac000000 ---p 00000000 00:00 0 
7fffac000000-7fffac021000 rw-p 00000000 00:00 0 
7fffac021000-7fffb0000000 ---p 00000000 00:00 0 
7fffb0000000-7fffb0021000 rw-p 00000000 00:00 0 
7fffb0021000-7fffb4000000 ---p 00000000 00:00 0 
7fffb4000000-7fffb4021000 rw-p 00000000 00:00 0 
7fffb4021000-7fffb8000000 ---p 00000000 00:00 0 
7fffb8000000-7fffb8021000 rw-p 00000000 00:00 0 
7fffb8021000-7fffbc000000 ---p 00000000 00:00 0 
7fffbc000000-7fffbc06d000 rw-p 00000000 00:00 0 
7fffbc06d000-7fffc0000000 ---p 00000000 00:00 0 
7fffc0000000-7fffc0021000 rw-p 00000000 00:00 0 
7fffc0021000-7fffc4000000 ---p 00000000 00:00 0 
7fffc4000000-7fffc4021000 rw-p 00000000 00:00 0 
7fffc4021000-7fffc8000000 ---p 00000000 00:00 0 
7fffc8056000-7fffc8057000 r--p 00000000 08:20 102719                     /usr/lib/jvm/java-11-openjdk-amd64/lib/libextnet.so
7fffc8057000-7fffc8058000 r-xp 00001000 08:20 102719                     /usr/lib/jvm/java-11-openjdk-amd64/lib/libextnet.so
7fffc8058000-7fffc8059000 r--p 00002000 08:20 102719                     /usr/lib/jvm/java-11-openjdk-amd64/lib/libextnet.so
7fffc8059000-7fffc805a000 r--p 00002000 08:20 102719                     /usr/lib/jvm/java-11-openjdk-amd64/lib/libextnet.so
7fffc805a000-7fffc805b000 rw-p 00003000 08:20 102719                     /usr/lib/jvm/java-11-openjdk-amd64/lib/libextnet.so
7fffc805b000-7fffc805d000 r--p 00000000 08:20 102735                     /usr/lib/jvm/java-11-openjdk-amd64/lib/libmanagement_ext.so
7fffc805d000-7fffc8060000 r-xp 00002000 08:20 102735                     /usr/lib/jvm/java-11-openjdk-amd64/lib/libmanagement_ext.so
7fffc8060000-7fffc8062000 r--p 00005000 08:20 102735                     /usr/lib/jvm/java-11-openjdk-amd64/lib/libmanagement_ext.so
7fffc8062000-7fffc8063000 r--p 00006000 08:20 102735                     /usr/lib/jvm/java-11-openjdk-amd64/lib/libmanagement_ext.so
7fffc8063000-7fffc8064000 rw-p 00007000 08:20 102735                     /usr/lib/jvm/java-11-openjdk-amd64/lib/libmanagement_ext.so
7fffc8064000-7fffc806c000 r--p 00000000 08:20 102743                     /usr/lib/jvm/java-11-openjdk-amd64/lib/libsunec.so
7fffc806c000-7fffc8085000 r-xp 00008000 08:20 102743                     /usr/lib/jvm/java-11-openjdk-amd64/lib/libsunec.so
7fffc8085000-7fffc808f000 r--p 00021000 08:20 102743                     /usr/lib/jvm/java-11-openjdk-amd64/lib/libsunec.so
7fffc808f000-7fffc8090000 ---p 0002b000 08:20 102743                     /usr/lib/jvm/java-11-openjdk-amd64/lib/libsunec.so
7fffc8090000-7fffc8094000 r--p 0002b000 08:20 102743                     /usr/lib/jvm/java-11-openjdk-amd64/lib/libsunec.so
7fffc8094000-7fffc8096000 rw-p 0002f000 08:20 102743                     /usr/lib/jvm/java-11-openjdk-amd64/lib/libsunec.so
7fffc8096000-7fffc809a000 ---p 00000000 00:00 0 
7fffc809a000-7fffc81c7000 rw-p 00000000 00:00 0 
7fffc81c7000-7fffc81cb000 r--p 00000000 08:20 102737                     /usr/lib/jvm/java-11-openjdk-amd64/lib/libnet.so
7fffc81cb000-7fffc81d9000 r-xp 00004000 08:20 102737                     /usr/lib/jvm/java-11-openjdk-amd64/lib/libnet.so
7fffc81d9000-7fffc81dd000 r--p 00012000 08:20 102737                     /usr/lib/jvm/java-11-openjdk-amd64/lib/libnet.so
7fffc81dd000-7fffc81de000 r--p 00015000 08:20 102737                     /usr/lib/jvm/java-11-openjdk-amd64/lib/libnet.so
7fffc81de000-7fffc81df000 rw-p 00016000 08:20 102737                     /usr/lib/jvm/java-11-openjdk-amd64/lib/libnet.so
7fffc81df000-7fffc81e6000 r--p 00000000 08:20 102738                     /usr/lib/jvm/java-11-openjdk-amd64/lib/libnio.so
7fffc81e6000-7fffc81ee000 r-xp 00007000 08:20 102738                     /usr/lib/jvm/java-11-openjdk-amd64/lib/libnio.so
7fffc81ee000-7fffc81f1000 r--p 0000f000 08:20 102738                     /usr/lib/jvm/java-11-openjdk-amd64/lib/libnio.so
7fffc81f1000-7fffc81f2000 r--p 00011000 08:20 102738                     /usr/lib/jvm/java-11-openjdk-amd64/lib/libnio.so
7fffc81f2000-7fffc81f3000 rw-p 00012000 08:20 102738                     /usr/lib/jvm/java-11-openjdk-amd64/lib/libnio.so
7fffc81f3000-7fffc81f7000 ---p 00000000 00:00 0 
7fffc81f7000-7fffc82f3000 rw-p 00000000 00:00 0 
7fffc82f3000-7fffc82f4000 ---p 00000000 00:00 0 
7fffc82f4000-7fffc83f4000 rw-p 00000000 00:00 0 
7fffc83f4000-7fffc83f8000 ---p 00000000 00:00 0 
7fffc83f8000-7fffc84f4000 rw-p 00000000 00:00 0 
7fffc84f4000-7fffc84f8000 ---p 00000000 00:00 0 
7fffc84f8000-7fffc85f4000 rw-p 00000000 00:00 0 
7fffc85f4000-7fffc85f8000 ---p 00000000 00:00 0 
7fffc85f8000-7fffc86f4000 rw-p 00000000 00:00 0 
7fffc86f4000-7fffc86f8000 ---p 00000000 00:00 0 
7fffc86f8000-7fffc87f4000 rw-p 00000000 00:00 0 
7fffc87f4000-7fffc87f8000 ---p 00000000 00:00 0 
7fffc87f8000-7fffc88f4000 rw-p 00000000 00:00 0 
7fffc88f4000-7fffc88f8000 ---p 00000000 00:00 0 
7fffc88f8000-7fffc89f4000 rw-p 00000000 00:00 0 
7fffc89f4000-7fffc89f8000 ---p 00000000 00:00 0 
7fffc89f8000-7fffc8af4000 rw-p 00000000 00:00 0 
7fffc8af4000-7fffc8af8000 ---p 00000000 00:00 0 
7fffc8af8000-7fffc8bf4000 rw-p 00000000 00:00 0 
7fffc8bf4000-7fffc8bf5000 ---p 00000000 00:00 0 
7fffc8bf5000-7fffc94f5000 rw-p 00000000 00:00 0 
7fffc94f5000-7fffc94f6000 ---p 00000000 00:00 0 
7fffc94f6000-7fffc95f6000 rw-p 00000000 00:00 0 
7fffc95f6000-7fffc95f7000 ---p 00000000 00:00 0 
7fffc95f7000-7fffcc021000 rw-p 00000000 00:00 0 
7fffcc021000-7fffd0000000 ---p 00000000 00:00 0 
7fffd0004000-7fffd0007000 r--p 00000000 08:20 102733                     /usr/lib/jvm/java-11-openjdk-amd64/lib/libmanagement.so
7fffd0007000-7fffd0008000 r-xp 00003000 08:20 102733                     /usr/lib/jvm/java-11-openjdk-amd64/lib/libmanagement.so
7fffd0008000-7fffd0009000 r--p 00004000 08:20 102733                     /usr/lib/jvm/java-11-openjdk-amd64/lib/libmanagement.so
7fffd0009000-7fffd000a000 r--p 00004000 08:20 102733                     /usr/lib/jvm/java-11-openjdk-amd64/lib/libmanagement.so
7fffd000a000-7fffd000b000 rw-p 00005000 08:20 102733                     /usr/lib/jvm/java-11-openjdk-amd64/lib/libmanagement.so
7fffd000b000-7fffd09f0000 rw-p 00000000 00:00 0 
7fffd09f0000-7fffd09f1000 ---p 00000000 00:00 0 
7fffd09f1000-7fffd0af1000 rw-p 00000000 00:00 0 
7fffd0af1000-7fffd0af2000 ---p 00000000 00:00 0 
7fffd0af2000-7fffd0ff2000 rw-p 00000000 00:00 0 
7fffd0ff2000-7fffd1bea000 ---p 00000000 00:00 0 
7fffd1bea000-7fffd1ff2000 rw-p 00000000 00:00 0 
7fffd1ff2000-7fffd2bea000 ---p 00000000 00:00 0 
7fffd2bea000-7fffd2c72000 rw-p 00000000 00:00 0 
7fffd2c72000-7fffd2df1000 ---p 00000000 00:00 0 
7fffd2df1000-7fffd2e72000 rw-p 00000000 00:00 0 
7fffd2e72000-7fffd2ff1000 ---p 00000000 00:00 0 
7fffd2ff1000-7fffd3072000 rw-p 00000000 00:00 0 
7fffd3072000-7fffd31f1000 ---p 00000000 00:00 0 
7fffd31f1000-7fffd4021000 rw-p 00000000 00:00 0 
7fffd4021000-7fffd8000000 ---p 00000000 00:00 0 
7fffd8001000-7fffd84f2000 rw-p 00000000 00:00 0 
7fffd84f2000-7fffd84f3000 ---p 00000000 00:00 0 
7fffd84f3000-7fffd85f8000 rw-p 00000000 00:00 0 
7fffd85f8000-7fffd86dc000 ---p 00000000 00:00 0 
7fffd86dc000-7fffd86e8000 rw-p 00000000 00:00 0 
7fffd86e8000-7fffd87c5000 ---p 00000000 00:00 0 
7fffd87c5000-7fffd87cb000 rw-p 00000000 00:00 0 
7fffd87cb000-7fffd87d4000 ---p 00000000 00:00 0 
7fffd87d4000-7fffd8ab4000 rwxp 00000000 00:00 0 
7fffd8ab4000-7fffd8f13000 ---p 00000000 00:00 0 
7fffd8f13000-7fffd9503000 rwxp 00000000 00:00 0 
7fffd9503000-7fffe0373000 ---p 00000000 00:00 0 
7fffe0373000-7fffe05e3000 rwxp 00000000 00:00 0 
7fffe05e3000-7fffe77d4000 ---p 00000000 00:00 0 
7fffe77d4000-7ffff002c000 r--s 00000000 08:20 102750                     /usr/lib/jvm/java-11-openjdk-amd64/lib/modules
7ffff002c000-7ffff002e000 r--p 00000000 08:20 102746                     /usr/lib/jvm/java-11-openjdk-amd64/lib/libzip.so
7ffff002e000-7ffff0033000 r-xp 00002000 08:20 102746                     /usr/lib/jvm/java-11-openjdk-amd64/lib/libzip.so
7ffff0033000-7ffff0035000 r--p 00007000 08:20 102746                     /usr/lib/jvm/java-11-openjdk-amd64/lib/libzip.so
7ffff0035000-7ffff0036000 r--p 00008000 08:20 102746                     /usr/lib/jvm/java-11-openjdk-amd64/lib/libzip.so
7ffff0036000-7ffff0037000 rw-p 00009000 08:20 102746                     /usr/lib/jvm/java-11-openjdk-amd64/lib/libzip.so
7ffff0037000-7ffff003f000 rw-s 00000000 08:20 136948                     /tmp/hsperfdata_yash/480453
7ffff003f000-7ffff0040000 ---p 00000000 00:00 0 
7ffff0040000-7ffff0041000 r--p 00000000 00:00 0 
7ffff0041000-7ffff0043000 r--p 00000000 08:20 102729                     /usr/lib/jvm/java-11-openjdk-amd64/lib/libjimage.so
7ffff0043000-7ffff0046000 r-xp 00002000 08:20 102729                     /usr/lib/jvm/java-11-openjdk-amd64/lib/libjimage.so
7ffff0046000-7ffff0047000 r--p 00005000 08:20 102729                     /usr/lib/jvm/java-11-openjdk-amd64/lib/libjimage.so
7ffff0047000-7ffff0048000 ---p 00006000 08:20 102729                     /usr/lib/jvm/java-11-openjdk-amd64/lib/libjimage.so
7ffff0048000-7ffff0049000 r--p 00006000 08:20 102729                     /usr/lib/jvm/java-11-openjdk-amd64/lib/libjimage.so
7ffff0049000-7ffff004a000 rw-p 00007000 08:20 102729                     /usr/lib/jvm/java-11-openjdk-amd64/lib/libjimage.so
7ffff004a000-7ffff0058000 r--p 00000000 08:20 102726                     /usr/lib/jvm/java-11-openjdk-amd64/lib/libjava.so
7ffff0058000-7ffff006e000 r-xp 0000e000 08:20 102726                     /usr/lib/jvm/java-11-openjdk-amd64/lib/libjava.so
7ffff006e000-7ffff0075000 r--p 00024000 08:20 102726                     /usr/lib/jvm/java-11-openjdk-amd64/lib/libjava.so
7ffff0075000-7ffff0076000 r--p 0002a000 08:20 102726                     /usr/lib/jvm/java-11-openjdk-amd64/lib/libjava.so
7ffff0076000-7ffff0077000 rw-p 0002b000 08:20 102726                     /usr/lib/jvm/java-11-openjdk-amd64/lib/libjava.so
7ffff0077000-7ffff0078000 rw-p 00000000 00:00 0 
7ffff0078000-7ffff007d000 r--p 00000000 08:20 102745                     /usr/lib/jvm/java-11-openjdk-amd64/lib/libverify.so
7ffff007d000-7ffff0084000 r-xp 00005000 08:20 102745                     /usr/lib/jvm/java-11-openjdk-amd64/lib/libverify.so
7ffff0084000-7ffff0086000 r--p 0000c000 08:20 102745                     /usr/lib/jvm/java-11-openjdk-amd64/lib/libverify.so
7ffff0086000-7ffff0088000 r--p 0000d000 08:20 102745                     /usr/lib/jvm/java-11-openjdk-amd64/lib/libverify.so
7ffff0088000-7ffff0089000 rw-p 0000f000 08:20 102745                     /usr/lib/jvm/java-11-openjdk-amd64/lib/libverify.so
7ffff0089000-7ffff00aa000 rw-p 00000000 00:00 0 
7ffff04ae000-7ffff04c1000 rw-p 00000000 00:00 0 
7ffff04c1000-7ffff04c3000 r--p 00000000 08:20 33820257                   /nix/store/hx0kbryivbs7qccnvpmr17y6x818dhxc-libXdmcp-1.1.5/lib/libXdmcp.so.6.0.0
7ffff04c3000-7ffff04c5000 r-xp 00002000 08:20 33820257                   /nix/store/hx0kbryivbs7qccnvpmr17y6x818dhxc-libXdmcp-1.1.5/lib/libXdmcp.so.6.0.0
7ffff04c5000-7ffff04c7000 r--p 00004000 08:20 33820257                   /nix/store/hx0kbryivbs7qccnvpmr17y6x818dhxc-libXdmcp-1.1.5/lib/libXdmcp.so.6.0.0
7ffff04c7000-7ffff04c8000 r--p 00005000 08:20 33820257                   /nix/store/hx0kbryivbs7qccnvpmr17y6x818dhxc-libXdmcp-1.1.5/lib/libXdmcp.so.6.0.0
7ffff04c8000-7ffff04c9000 rw-p 00006000 08:20 33820257                   /nix/store/hx0kbryivbs7qccnvpmr17y6x818dhxc-libXdmcp-1.1.5/lib/libXdmcp.so.6.0.0
7ffff04c9000-7ffff04ca000 r--p 00000000 08:20 33820242                   /nix/store/psjc7gv2314bxncywpvsg76gvbk2dn00-libXau-1.0.12/lib/libXau.so.6.0.0
7ffff04ca000-7ffff04cb000 r-xp 00001000 08:20 33820242                   /nix/store/psjc7gv2314bxncywpvsg76gvbk2dn00-libXau-1.0.12/lib/libXau.so.6.0.0
7ffff04cb000-7ffff04cc000 r--p 00002000 08:20 33820242                   /nix/store/psjc7gv2314bxncywpvsg76gvbk2dn00-libXau-1.0.12/lib/libXau.so.6.0.0
7ffff04cc000-7ffff04cd000 r--p 00002000 08:20 33820242                   /nix/store/psjc7gv2314bxncywpvsg76gvbk2dn00-libXau-1.0.12/lib/libXau.so.6.0.0
7ffff04cd000-7ffff04ce000 rw-p 00003000 08:20 33820242                   /nix/store/psjc7gv2314bxncywpvsg76gvbk2dn00-libXau-1.0.12/lib/libXau.so.6.0.0
7ffff04ce000-7ffff04cf000 r--p 00000000 08:20 33819085                   /nix/store/7a8gf62bfl22k4gy2cd300h7cvqmn9yl-brotli-1.1.0-lib/lib/libbrotlicommon.so.1.1.0
7ffff04cf000-7ffff04d0000 r-xp 00001000 08:20 33819085                   /nix/store/7a8gf62bfl22k4gy2cd300h7cvqmn9yl-brotli-1.1.0-lib/lib/libbrotlicommon.so.1.1.0
7ffff04d0000-7ffff04ef000 r--p 00002000 08:20 33819085                   /nix/store/7a8gf62bfl22k4gy2cd300h7cvqmn9yl-brotli-1.1.0-lib/lib/libbrotlicommon.so.1.1.0
7ffff04ef000-7ffff04f0000 r--p 00021000 08:20 33819085                   /nix/store/7a8gf62bfl22k4gy2cd300h7cvqmn9yl-brotli-1.1.0-lib/lib/libbrotlicommon.so.1.1.0
7ffff04f0000-7ffff04f1000 rw-p 00022000 08:20 33819085                   /nix/store/7a8gf62bfl22k4gy2cd300h7cvqmn9yl-brotli-1.1.0-lib/lib/libbrotlicommon.so.1.1.0
7ffff04f1000-7ffff04f3000 rw-p 00000000 00:00 0 
7ffff04f3000-7ffff04fe000 r--p 00000000 08:20 33819547                   /nix/store/7c0v0kbrrdc2cqgisi78jdqxn73n3401-gcc-14.2.1.20250322-lib/lib/libgomp.so.1.0.0
7ffff04fe000-7ffff0534000 r-xp 0000b000 08:20 33819547                   /nix/store/7c0v0kbrrdc2cqgisi78jdqxn73n3401-gcc-14.2.1.20250322-lib/lib/libgomp.so.1.0.0
7ffff0534000-7ffff0542000 r--p 00041000 08:20 33819547                   /nix/store/7c0v0kbrrdc2cqgisi78jdqxn73n3401-gcc-14.2.1.20250322-lib/lib/libgomp.so.1.0.0
7ffff0542000-7ffff0543000 r--p 0004e000 08:20 33819547                   /nix/store/7c0v0kbrrdc2cqgisi78jdqxn73n3401-gcc-14.2.1.20250322-lib/lib/libgomp.so.1.0.0
7ffff0543000-7ffff0544000 rw-p 0004f000 08:20 33819547                   /nix/store/7c0v0kbrrdc2cqgisi78jdqxn73n3401-gcc-14.2.1.20250322-lib/lib/libgomp.so.1.0.0
7ffff0544000-7ffff0547000 r--p 00000000 08:20 33820529                   /nix/store/bh1hxs692a2fv806wkiprig10j5znd7c-libcap-2.75-lib/lib/libcap.so.2.75
7ffff0547000-7ffff054d000 r-xp 00003000 08:20 33820529                   /nix/store/bh1hxs692a2fv806wkiprig10j5znd7c-libcap-2.75-lib/lib/libcap.so.2.75
7ffff054d000-7ffff054f000 r--p 00009000 08:20 33820529                   /nix/store/bh1hxs692a2fv806wkiprig10j5znd7c-libcap-2.75-lib/lib/libcap.so.2.75
7ffff054f000-7ffff0550000 r--p 0000b000 08:20 33820529                   /nix/store/bh1hxs692a2fv806wkiprig10j5znd7c-libcap-2.75-lib/lib/libcap.so.2.75
7ffff0550000-7ffff0551000 rw-p 0000c000 08:20 33820529                   /nix/store/bh1hxs692a2fv806wkiprig10j5znd7c-libcap-2.75-lib/lib/libcap.so.2.75
7ffff0551000-7ffff0554000 r--p 00000000 08:20 33821911                   /nix/store/088li1j480s9yv1736wiz7a26bxi405w-graphite2-1.3.14/lib/libgraphite2.so.3.2.1
7ffff0554000-7ffff0574000 r-xp 00003000 08:20 33821911                   /nix/store/088li1j480s9yv1736wiz7a26bxi405w-graphite2-1.3.14/lib/libgraphite2.so.3.2.1
7ffff0574000-7ffff0579000 r--p 00023000 08:20 33821911                   /nix/store/088li1j480s9yv1736wiz7a26bxi405w-graphite2-1.3.14/lib/libgraphite2.so.3.2.1
7ffff0579000-7ffff057b000 r--p 00027000 08:20 33821911                   /nix/store/088li1j480s9yv1736wiz7a26bxi405w-graphite2-1.3.14/lib/libgraphite2.so.3.2.1
7ffff057b000-7ffff057c000 rw-p 00029000 08:20 33821911                   /nix/store/088li1j480s9yv1736wiz7a26bxi405w-graphite2-1.3.14/lib/libgraphite2.so.3.2.1
7ffff057c000-7ffff057e000 rw-p 00000000 00:00 0 
7ffff057e000-7ffff0582000 r--p 00000000 08:20 33825089                   /nix/store/gmirqf6vp6rskn2dhfyd7haphy6kjnvk-libXext-1.3.6/lib/libXext.so.6.4.0
7ffff0582000-7ffff058d000 r-xp 00004000 08:20 33825089                   /nix/store/gmirqf6vp6rskn2dhfyd7haphy6kjnvk-libXext-1.3.6/lib/libXext.so.6.4.0
7ffff058d000-7ffff0591000 r--p 0000f000 08:20 33825089                   /nix/store/gmirqf6vp6rskn2dhfyd7haphy6kjnvk-libXext-1.3.6/lib/libXext.so.6.4.0
7ffff0591000-7ffff0592000 r--p 00012000 08:20 33825089                   /nix/store/gmirqf6vp6rskn2dhfyd7haphy6kjnvk-libXext-1.3.6/lib/libXext.so.6.4.0
7ffff0592000-7ffff0593000 rw-p 00013000 08:20 33825089                   /nix/store/gmirqf6vp6rskn2dhfyd7haphy6kjnvk-libXext-1.3.6/lib/libXext.so.6.4.0
7ffff0593000-7ffff05a2000 r--p 00000000 08:20 33848972                   /nix/store/yi0knhi2qccafj49a8yd76rizllzx7bd-dbus-1.14.10-lib/lib/libdbus-1.so.3.32.4
7ffff05a2000-7ffff05d4000 r-xp 0000f000 08:20 33848972                   /nix/store/yi0knhi2qccafj49a8yd76rizllzx7bd-dbus-1.14.10-lib/lib/libdbus-1.so.3.32.4
7ffff05d4000-7ffff05e9000 r--p 00041000 08:20 33848972                   /nix/store/yi0knhi2qccafj49a8yd76rizllzx7bd-dbus-1.14.10-lib/lib/libdbus-1.so.3.32.4
7ffff05e9000-7ffff05eb000 r--p 00055000 08:20 33848972                   /nix/store/yi0knhi2qccafj49a8yd76rizllzx7bd-dbus-1.14.10-lib/lib/libdbus-1.so.3.32.4
7ffff05eb000-7ffff05ec000 rw-p 00057000 08:20 33848972                   /nix/store/yi0knhi2qccafj49a8yd76rizllzx7bd-dbus-1.14.10-lib/lib/libdbus-1.so.3.32.4
7ffff05ec000-7ffff05ef000 r--p 00000000 08:20 33829228                   /nix/store/a9c6rz5183psp30q1nhkakis6ab4km4b-pcre2-10.44/lib/libpcre2-8.so.0.13.0
7ffff05ef000-7ffff0661000 r-xp 00003000 08:20 33829228                   /nix/store/a9c6rz5183psp30q1nhkakis6ab4km4b-pcre2-10.44/lib/libpcre2-8.so.0.13.0
7ffff0661000-7ffff068d000 r--p 00075000 08:20 33829228                   /nix/store/a9c6rz5183psp30q1nhkakis6ab4km4b-pcre2-10.44/lib/libpcre2-8.so.0.13.0
7ffff068d000-7ffff068e000 r--p 000a1000 08:20 33829228                   /nix/store/a9c6rz5183psp30q1nhkakis6ab4km4b-pcre2-10.44/lib/libpcre2-8.so.0.13.0
7ffff068e000-7ffff068f000 rw-p 000a2000 08:20 33829228                   /nix/store/a9c6rz5183psp30q1nhkakis6ab4km4b-pcre2-10.44/lib/libpcre2-8.so.0.13.0
7ffff068f000-7ffff069c000 r--p 00000000 08:20 33823780                   /nix/store/qn01pv62sbpzbsy0a6m0q23syrmkk3bv-libxcb-1.17.0/lib/libxcb.so.1.1.0
7ffff069c000-7ffff06b1000 r-xp 0000d000 08:20 33823780                   /nix/store/qn01pv62sbpzbsy0a6m0q23syrmkk3bv-libxcb-1.17.0/lib/libxcb.so.1.1.0
7ffff06b1000-7ffff06ba000 r--p 00022000 08:20 33823780                   /nix/store/qn01pv62sbpzbsy0a6m0q23syrmkk3bv-libxcb-1.17.0/lib/libxcb.so.1.1.0
7ffff06ba000-7ffff06bb000 r--p 0002a000 08:20 33823780                   /nix/store/qn01pv62sbpzbsy0a6m0q23syrmkk3bv-libxcb-1.17.0/lib/libxcb.so.1.1.0
7ffff06bb000-7ffff06bc000 rw-p 0002b000 08:20 33823780                   /nix/store/qn01pv62sbpzbsy0a6m0q23syrmkk3bv-libxcb-1.17.0/lib/libxcb.so.1.1.0
7ffff06bc000-7ffff06be000 rw-p 00000000 00:00 0 
7ffff06be000-7ffff06c2000 r--p 00000000 08:20 33819092                   /nix/store/j0bzxly2rvcym1zkhn393adiqcwn8np6-expat-2.7.1/lib/libexpat.so.1.10.2
7ffff06c2000-7ffff06e1000 r-xp 00004000 08:20 33819092                   /nix/store/j0bzxly2rvcym1zkhn393adiqcwn8np6-expat-2.7.1/lib/libexpat.so.1.10.2
7ffff06e1000-7ffff06e9000 r--p 00023000 08:20 33819092                   /nix/store/j0bzxly2rvcym1zkhn393adiqcwn8np6-expat-2.7.1/lib/libexpat.so.1.10.2
7ffff06e9000-7ffff06eb000 r--p 0002b000 08:20 33819092                   /nix/store/j0bzxly2rvcym1zkhn393adiqcwn8np6-expat-2.7.1/lib/libexpat.so.1.10.2
7ffff06eb000-7ffff06ec000 rw-p 0002d000 08:20 33819092                   /nix/store/j0bzxly2rvcym1zkhn393adiqcwn8np6-expat-2.7.1/lib/libexpat.so.1.10.2
7ffff06ec000-7ffff06ed000 r--p 00000000 08:20 33819128                   /nix/store/7a8gf62bfl22k4gy2cd300h7cvqmn9yl-brotli-1.1.0-lib/lib/libbrotlidec.so.1.1.0
7ffff06ed000-7ffff06f6000 r-xp 00001000 08:20 33819128                   /nix/store/7a8gf62bfl22k4gy2cd300h7cvqmn9yl-brotli-1.1.0-lib/lib/libbrotlidec.so.1.1.0
7ffff06f6000-7ffff06f9000 r--p 0000a000 08:20 33819128                   /nix/store/7a8gf62bfl22k4gy2cd300h7cvqmn9yl-brotli-1.1.0-lib/lib/libbrotlidec.so.1.1.0
7ffff06f9000-7ffff06fa000 r--p 0000c000 08:20 33819128                   /nix/store/7a8gf62bfl22k4gy2cd300h7cvqmn9yl-brotli-1.1.0-lib/lib/libbrotlidec.so.1.1.0
7ffff06fa000-7ffff06fb000 rw-p 0000d000 08:20 33819128                   /nix/store/7a8gf62bfl22k4gy2cd300h7cvqmn9yl-brotli-1.1.0-lib/lib/libbrotlidec.so.1.1.0
7ffff06fb000-7ffff06fd000 r--p 00000000 08:20 33819114                   /nix/store/zrnqzhcvlpiycqbswl0w172y4bpn0lb4-bzip2-1.0.8/lib/libbz2.so.1.0.8
7ffff06fd000-7ffff070b000 r-xp 00002000 08:20 33819114                   /nix/store/zrnqzhcvlpiycqbswl0w172y4bpn0lb4-bzip2-1.0.8/lib/libbz2.so.1.0.8
7ffff070b000-7ffff070d000 r--p 00010000 08:20 33819114                   /nix/store/zrnqzhcvlpiycqbswl0w172y4bpn0lb4-bzip2-1.0.8/lib/libbz2.so.1.0.8
7ffff070d000-7ffff070e000 r--p 00011000 08:20 33819114                   /nix/store/zrnqzhcvlpiycqbswl0w172y4bpn0lb4-bzip2-1.0.8/lib/libbz2.so.1.0.8
7ffff070e000-7ffff070f000 rw-p 00012000 08:20 33819114                   /nix/store/zrnqzhcvlpiycqbswl0w172y4bpn0lb4-bzip2-1.0.8/lib/libbz2.so.1.0.8
7ffff070f000-7ffff0750000 r--p 00000000 08:20 33827914                   /nix/store/z88avybj8n2svi9wv1hl937k2k3mbc2d-libglvnd-1.7.0/lib/libGLdispatch.so.0.0.0
7ffff0750000-7ffff078f000 r-xp 00041000 08:20 33827914                   /nix/store/z88avybj8n2svi9wv1hl937k2k3mbc2d-libglvnd-1.7.0/lib/libGLdispatch.so.0.0.0
7ffff078f000-7ffff07a3000 r--p 00080000 08:20 33827914                   /nix/store/z88avybj8n2svi9wv1hl937k2k3mbc2d-libglvnd-1.7.0/lib/libGLdispatch.so.0.0.0
7ffff07a3000-7ffff07bf000 r--p 00093000 08:20 33827914                   /nix/store/z88avybj8n2svi9wv1hl937k2k3mbc2d-libglvnd-1.7.0/lib/libGLdispatch.so.0.0.0
7ffff07bf000-7ffff07c0000 rw-p 000af000 08:20 33827914                   /nix/store/z88avybj8n2svi9wv1hl937k2k3mbc2d-libglvnd-1.7.0/lib/libGLdispatch.so.0.0.0
7ffff07c0000-7ffff07ca000 rw-p 00000000 00:00 0 
7ffff07ca000-7ffff07cb000 r--p 00000000 08:20 33818285                   /nix/store/cg9s562sa33k78m63njfn1rw47dp9z0i-glibc-2.40-66/lib/librt.so.1
7ffff07cb000-7ffff07cc000 r-xp 00001000 08:20 33818285                   /nix/store/cg9s562sa33k78m63njfn1rw47dp9z0i-glibc-2.40-66/lib/librt.so.1
7ffff07cc000-7ffff07cd000 r--p 00002000 08:20 33818285                   /nix/store/cg9s562sa33k78m63njfn1rw47dp9z0i-glibc-2.40-66/lib/librt.so.1
7ffff07cd000-7ffff07ce000 r--p 00002000 08:20 33818285                   /nix/store/cg9s562sa33k78m63njfn1rw47dp9z0i-glibc-2.40-66/lib/librt.so.1
7ffff07ce000-7ffff07cf000 rw-p 00003000 08:20 33818285                   /nix/store/cg9s562sa33k78m63njfn1rw47dp9z0i-glibc-2.40-66/lib/librt.so.1
7ffff07cf000-7ffff07d8000 r--p 00000000 08:20 33834786                   /nix/store/d8vq999dg607ha6718fimpakacfax0gd-zstd-1.5.7/lib/libzstd.so.1.5.7
7ffff07d8000-7ffff0893000 r-xp 00009000 08:20 33834786                   /nix/store/d8vq999dg607ha6718fimpakacfax0gd-zstd-1.5.7/lib/libzstd.so.1.5.7
7ffff0893000-7ffff08a3000 r--p 000c4000 08:20 33834786                   /nix/store/d8vq999dg607ha6718fimpakacfax0gd-zstd-1.5.7/lib/libzstd.so.1.5.7
7ffff08a3000-7ffff08a4000 r--p 000d3000 08:20 33834786                   /nix/store/d8vq999dg607ha6718fimpakacfax0gd-zstd-1.5.7/lib/libzstd.so.1.5.7
7ffff08a4000-7ffff08a5000 rw-p 000d4000 08:20 33834786                   /nix/store/d8vq999dg607ha6718fimpakacfax0gd-zstd-1.5.7/lib/libzstd.so.1.5.7
7ffff08a5000-7ffff08a8000 r--p 00000000 08:20 33828953                   /nix/store/a9c6rz5183psp30q1nhkakis6ab4km4b-pcre2-10.44/lib/libpcre2-16.so.0.13.0
7ffff08a8000-7ffff090e000 r-xp 00003000 08:20 33828953                   /nix/store/a9c6rz5183psp30q1nhkakis6ab4km4b-pcre2-10.44/lib/libpcre2-16.so.0.13.0
7ffff090e000-7ffff093a000 r--p 00069000 08:20 33828953                   /nix/store/a9c6rz5183psp30q1nhkakis6ab4km4b-pcre2-10.44/lib/libpcre2-16.so.0.13.0
7ffff093a000-7ffff093b000 r--p 00094000 08:20 33828953                   /nix/store/a9c6rz5183psp30q1nhkakis6ab4km4b-pcre2-10.44/lib/libpcre2-16.so.0.13.0
7ffff093b000-7ffff093c000 rw-p 00095000 08:20 33828953                   /nix/store/a9c6rz5183psp30q1nhkakis6ab4km4b-pcre2-10.44/lib/libpcre2-16.so.0.13.0
7ffff093c000-7ffff093f000 r--p 00000000 08:20 33822095                   /nix/store/x1aci8krq4n033dc158lhgq37x3kc91v-libb2-0.98.1/lib/libb2.so.1.0.4
7ffff093f000-7ffff0956000 r-xp 00003000 08:20 33822095                   /nix/store/x1aci8krq4n033dc158lhgq37x3kc91v-libb2-0.98.1/lib/libb2.so.1.0.4
7ffff0956000-7ffff0959000 r--p 0001a000 08:20 33822095                   /nix/store/x1aci8krq4n033dc158lhgq37x3kc91v-libb2-0.98.1/lib/libb2.so.1.0.4
7ffff0959000-7ffff095a000 r--p 0001c000 08:20 33822095                   /nix/store/x1aci8krq4n033dc158lhgq37x3kc91v-libb2-0.98.1/lib/libb2.so.1.0.4
7ffff095a000-7ffff095b000 rw-p 0001d000 08:20 33822095                   /nix/store/x1aci8krq4n033dc158lhgq37x3kc91v-libb2-0.98.1/lib/libb2.so.1.0.4
7ffff095b000-7ffff095e000 r--p 00000000 08:20 33821945                   /nix/store/8hkdw2r0qs430cdz2qdc3zdzlnla6hbi-double-conversion-3.3.1/lib/libdouble-conversion.so.3.3.0
7ffff095e000-7ffff096b000 r-xp 00003000 08:20 33821945                   /nix/store/8hkdw2r0qs430cdz2qdc3zdzlnla6hbi-double-conversion-3.3.1/lib/libdouble-conversion.so.3.3.0
7ffff096b000-7ffff096d000 r--p 00010000 08:20 33821945                   /nix/store/8hkdw2r0qs430cdz2qdc3zdzlnla6hbi-double-conversion-3.3.1/lib/libdouble-conversion.so.3.3.0
7ffff096d000-7ffff096e000 r--p 00012000 08:20 33821945                   /nix/store/8hkdw2r0qs430cdz2qdc3zdzlnla6hbi-double-conversion-3.3.1/lib/libdouble-conversion.so.3.3.0
7ffff096e000-7ffff096f000 rw-p 00013000 08:20 33821945                   /nix/store/8hkdw2r0qs430cdz2qdc3zdzlnla6hbi-double-conversion-3.3.1/lib/libdouble-conversion.so.3.3.0
7ffff096f000-7ffff0971000 rw-p 00000000 00:00 0 
7ffff0971000-7ffff0991000 r--p 00000000 08:20 33847742                   /nix/store/if9z6wmzmb07j63c02mvfkhn1mw1w5p4-systemd-257.5/lib/libsystemd.so.0.40.0
7ffff0991000-7ffff0a67000 r-xp 00020000 08:20 33847742                   /nix/store/if9z6wmzmb07j63c02mvfkhn1mw1w5p4-systemd-257.5/lib/libsystemd.so.0.40.0
7ffff0a67000-7ffff0ab4000 r--p 000f6000 08:20 33847742                   /nix/store/if9z6wmzmb07j63c02mvfkhn1mw1w5p4-systemd-257.5/lib/libsystemd.so.0.40.0
7ffff0ab4000-7ffff0ac1000 r--p 00142000 08:20 33847742                   /nix/store/if9z6wmzmb07j63c02mvfkhn1mw1w5p4-systemd-257.5/lib/libsystemd.so.0.40.0
7ffff0ac1000-7ffff0ac2000 rw-p 0014f000 08:20 33847742                   /nix/store/if9z6wmzmb07j63c02mvfkhn1mw1w5p4-systemd-257.5/lib/libsystemd.so.0.40.0
7ffff0ac2000-7ffff0ac3000 rw-p 00000000 00:00 0 
7ffff0ac3000-7ffff0acc000 rw-p 0017b000 08:20 33847742                   /nix/store/if9z6wmzmb07j63c02mvfkhn1mw1w5p4-systemd-257.5/lib/libsystemd.so.0.40.0
7ffff0acc000-7ffff292e000 r--p 00000000 08:20 33821953                   /nix/store/i4lj3w4yd9x9jbi7a1xhjqsr7bg8jq7p-icu4c-76.1/lib/libicudata.so.76.1
7ffff292e000-7ffff292f000 r--p 01e61000 08:20 33821953                   /nix/store/i4lj3w4yd9x9jbi7a1xhjqsr7bg8jq7p-icu4c-76.1/lib/libicudata.so.76.1
7ffff292f000-7ffff29a2000 r--p 00000000 08:20 33828896                   /nix/store/i4lj3w4yd9x9jbi7a1xhjqsr7bg8jq7p-icu4c-76.1/lib/libicuuc.so.76.1
7ffff29a2000-7ffff2ab5000 r-xp 00073000 08:20 33828896                   /nix/store/i4lj3w4yd9x9jbi7a1xhjqsr7bg8jq7p-icu4c-76.1/lib/libicuuc.so.76.1
7ffff2ab5000-7ffff2b4a000 r--p 00186000 08:20 33828896                   /nix/store/i4lj3w4yd9x9jbi7a1xhjqsr7bg8jq7p-icu4c-76.1/lib/libicuuc.so.76.1
7ffff2b4a000-7ffff2b5d000 r--p 0021b000 08:20 33828896                   /nix/store/i4lj3w4yd9x9jbi7a1xhjqsr7bg8jq7p-icu4c-76.1/lib/libicuuc.so.76.1
7ffff2b5d000-7ffff2b5e000 rw-p 0022e000 08:20 33828896                   /nix/store/i4lj3w4yd9x9jbi7a1xhjqsr7bg8jq7p-icu4c-76.1/lib/libicuuc.so.76.1
7ffff2b5e000-7ffff2b60000 rw-p 00000000 00:00 0 
7ffff2b60000-7ffff2c7f000 r--p 00000000 08:20 33828660                   /nix/store/i4lj3w4yd9x9jbi7a1xhjqsr7bg8jq7p-icu4c-76.1/lib/libicui18n.so.76.1
7ffff2c7f000-7ffff2e61000 r-xp 0011f000 08:20 33828660                   /nix/store/i4lj3w4yd9x9jbi7a1xhjqsr7bg8jq7p-icu4c-76.1/lib/libicui18n.so.76.1
7ffff2e61000-7ffff2efe000 r--p 00301000 08:20 33828660                   /nix/store/i4lj3w4yd9x9jbi7a1xhjqsr7bg8jq7p-icu4c-76.1/lib/libicui18n.so.76.1
7ffff2efe000-7ffff2f11000 r--p 0039e000 08:20 33828660                   /nix/store/i4lj3w4yd9x9jbi7a1xhjqsr7bg8jq7p-icu4c-76.1/lib/libicui18n.so.76.1
7ffff2f11000-7ffff2f12000 rw-p 003b1000 08:20 33828660                   /nix/store/i4lj3w4yd9x9jbi7a1xhjqsr7bg8jq7p-icu4c-76.1/lib/libicui18n.so.76.1
7ffff2f12000-7ffff2f15000 rw-p 00000000 00:00 0 
7ffff2f15000-7ffff2f16000 r--p 00000000 08:20 33844662                   /nix/store/bkpj51fz88rbyjd60i6lrp0xdax1b24g-glib-2.84.1/lib/libgthread-2.0.so.0.8400.1
7ffff2f16000-7ffff2f17000 r-xp 00001000 08:20 33844662                   /nix/store/bkpj51fz88rbyjd60i6lrp0xdax1b24g-glib-2.84.1/lib/libgthread-2.0.so.0.8400.1
7ffff2f17000-7ffff2f18000 r--p 00002000 08:20 33844662                   /nix/store/bkpj51fz88rbyjd60i6lrp0xdax1b24g-glib-2.84.1/lib/libgthread-2.0.so.0.8400.1
7ffff2f18000-7ffff2f19000 r--p 00002000 08:20 33844662                   /nix/store/bkpj51fz88rbyjd60i6lrp0xdax1b24g-glib-2.84.1/lib/libgthread-2.0.so.0.8400.1
7ffff2f19000-7ffff2f1a000 rw-p 00003000 08:20 33844662                   /nix/store/bkpj51fz88rbyjd60i6lrp0xdax1b24g-glib-2.84.1/lib/libgthread-2.0.so.0.8400.1
7ffff2f1a000-7ffff2f1d000 r--p 00000000 08:20 33834712                   /nix/store/srby6wmvg7dp454pwb6qvaxdiri38sc1-zlib-1.3.1/lib/libz.so.1.3.1
7ffff2f1d000-7ffff2f30000 r-xp 00003000 08:20 33834712                   /nix/store/srby6wmvg7dp454pwb6qvaxdiri38sc1-zlib-1.3.1/lib/libz.so.1.3.1
7ffff2f30000-7ffff2f37000 r--p 00016000 08:20 33834712                   /nix/store/srby6wmvg7dp454pwb6qvaxdiri38sc1-zlib-1.3.1/lib/libz.so.1.3.1
7ffff2f37000-7ffff2f38000 r--p 0001c000 08:20 33834712                   /nix/store/srby6wmvg7dp454pwb6qvaxdiri38sc1-zlib-1.3.1/lib/libz.so.1.3.1
7ffff2f38000-7ffff2f39000 rw-p 0001d000 08:20 33834712                   /nix/store/srby6wmvg7dp454pwb6qvaxdiri38sc1-zlib-1.3.1/lib/libz.so.1.3.1
7ffff2f39000-7ffff2f48000 r--p 00000000 08:20 33838439                   /nix/store/5i64l61if26whc3r9lzq6ycxpd2xnlgm-freetype-2.13.3/lib/libfreetype.so.6.20.2
7ffff2f48000-7ffff2fda000 r-xp 0000f000 08:20 33838439                   /nix/store/5i64l61if26whc3r9lzq6ycxpd2xnlgm-freetype-2.13.3/lib/libfreetype.so.6.20.2
7ffff2fda000-7ffff3005000 r--p 000a1000 08:20 33838439                   /nix/store/5i64l61if26whc3r9lzq6ycxpd2xnlgm-freetype-2.13.3/lib/libfreetype.so.6.20.2
7ffff3005000-7ffff300d000 r--p 000cb000 08:20 33838439                   /nix/store/5i64l61if26whc3r9lzq6ycxpd2xnlgm-freetype-2.13.3/lib/libfreetype.so.6.20.2
7ffff300d000-7ffff300e000 rw-p 000d3000 08:20 33838439                   /nix/store/5i64l61if26whc3r9lzq6ycxpd2xnlgm-freetype-2.13.3/lib/libfreetype.so.6.20.2
7ffff300e000-7ffff3010000 r--p 00000000 08:20 33824910                   /nix/store/b1g9dna70sk0gqlnsm0r1hqkw5ydb8ah-md4c-0.5.2-lib/lib/libmd4c.so.0.5.2
7ffff3010000-7ffff3020000 r-xp 00002000 08:20 33824910                   /nix/store/b1g9dna70sk0gqlnsm0r1hqkw5ydb8ah-md4c-0.5.2-lib/lib/libmd4c.so.0.5.2
7ffff3020000-7ffff3023000 r--p 00012000 08:20 33824910                   /nix/store/b1g9dna70sk0gqlnsm0r1hqkw5ydb8ah-md4c-0.5.2-lib/lib/libmd4c.so.0.5.2
7ffff3023000-7ffff3024000 r--p 00015000 08:20 33824910                   /nix/store/b1g9dna70sk0gqlnsm0r1hqkw5ydb8ah-md4c-0.5.2-lib/lib/libmd4c.so.0.5.2
7ffff3024000-7ffff3025000 rw-p 00016000 08:20 33824910                   /nix/store/b1g9dna70sk0gqlnsm0r1hqkw5ydb8ah-md4c-0.5.2-lib/lib/libmd4c.so.0.5.2
7ffff3025000-7ffff3032000 r--p 00000000 08:20 33849151                   /nix/store/8bsl1vrab2pwj8ilpzfn2iwzbrps8jgq-harfbuzz-10.2.0/lib/libharfbuzz.so.0.61020.0
7ffff3032000-7ffff312b000 r-xp 0000d000 08:20 33849151                   /nix/store/8bsl1vrab2pwj8ilpzfn2iwzbrps8jgq-harfbuzz-10.2.0/lib/libharfbuzz.so.0.61020.0
7ffff312b000-7ffff316a000 r--p 00106000 08:20 33849151                   /nix/store/8bsl1vrab2pwj8ilpzfn2iwzbrps8jgq-harfbuzz-10.2.0/lib/libharfbuzz.so.0.61020.0
7ffff316a000-7ffff316c000 r--p 00144000 08:20 33849151                   /nix/store/8bsl1vrab2pwj8ilpzfn2iwzbrps8jgq-harfbuzz-10.2.0/lib/libharfbuzz.so.0.61020.0
7ffff316c000-7ffff316d000 rw-p 00146000 08:20 33849151                   /nix/store/8bsl1vrab2pwj8ilpzfn2iwzbrps8jgq-harfbuzz-10.2.0/lib/libharfbuzz.so.0.61020.0
7ffff316d000-7ffff316f000 rw-p 00000000 00:00 0 
7ffff316f000-7ffff3175000 r--p 00000000 08:20 33836252                   /nix/store/y3x4m9wy3a731ibvgvs194j10znc392m-libpng-apng-1.6.46/lib/libpng16.so.16.46.0
7ffff3175000-7ffff319f000 r-xp 00006000 08:20 33836252                   /nix/store/y3x4m9wy3a731ibvgvs194j10znc392m-libpng-apng-1.6.46/lib/libpng16.so.16.46.0
7ffff319f000-7ffff31ab000 r--p 00030000 08:20 33836252                   /nix/store/y3x4m9wy3a731ibvgvs194j10znc392m-libpng-apng-1.6.46/lib/libpng16.so.16.46.0
7ffff31ab000-7ffff31ac000 r--p 0003c000 08:20 33836252                   /nix/store/y3x4m9wy3a731ibvgvs194j10znc392m-libpng-apng-1.6.46/lib/libpng16.so.16.46.0
7ffff31ac000-7ffff31ad000 rw-p 0003d000 08:20 33836252                   /nix/store/y3x4m9wy3a731ibvgvs194j10znc392m-libpng-apng-1.6.46/lib/libpng16.so.16.46.0
7ffff31ad000-7ffff31c4000 r--p 00000000 08:20 33828506                   /nix/store/z88avybj8n2svi9wv1hl937k2k3mbc2d-libglvnd-1.7.0/lib/libOpenGL.so.0.0.0
7ffff31c4000-7ffff31cf000 r-xp 00017000 08:20 33828506                   /nix/store/z88avybj8n2svi9wv1hl937k2k3mbc2d-libglvnd-1.7.0/lib/libOpenGL.so.0.0.0
7ffff31cf000-7ffff31d4000 r--p 00022000 08:20 33828506                   /nix/store/z88avybj8n2svi9wv1hl937k2k3mbc2d-libglvnd-1.7.0/lib/libOpenGL.so.0.0.0
7ffff31d4000-7ffff31d9000 r--p 00027000 08:20 33828506                   /nix/store/z88avybj8n2svi9wv1hl937k2k3mbc2d-libglvnd-1.7.0/lib/libOpenGL.so.0.0.0
7ffff31d9000-7ffff31da000 rw-p 0002c000 08:20 33828506                   /nix/store/z88avybj8n2svi9wv1hl937k2k3mbc2d-libglvnd-1.7.0/lib/libOpenGL.so.0.0.0
7ffff31da000-7ffff31dd000 r--p 00000000 08:20 33827608                   /nix/store/z88avybj8n2svi9wv1hl937k2k3mbc2d-libglvnd-1.7.0/lib/libGLX.so.0.0.0
7ffff31dd000-7ffff31f8000 r-xp 00003000 08:20 33827608                   /nix/store/z88avybj8n2svi9wv1hl937k2k3mbc2d-libglvnd-1.7.0/lib/libGLX.so.0.0.0
7ffff31f8000-7ffff31fb000 r--p 0001e000 08:20 33827608                   /nix/store/z88avybj8n2svi9wv1hl937k2k3mbc2d-libglvnd-1.7.0/lib/libGLX.so.0.0.0
7ffff31fb000-7ffff31fc000 r--p 00021000 08:20 33827608                   /nix/store/z88avybj8n2svi9wv1hl937k2k3mbc2d-libglvnd-1.7.0/lib/libGLX.so.0.0.0
7ffff31fc000-7ffff31fd000 rw-p 00022000 08:20 33827608                   /nix/store/z88avybj8n2svi9wv1hl937k2k3mbc2d-libglvnd-1.7.0/lib/libGLX.so.0.0.0
7ffff31fd000-7ffff320d000 rw-p 00000000 00:00 0 
7ffff320d000-7ffff320e000 rw-p 00057000 08:20 33827608                   /nix/store/z88avybj8n2svi9wv1hl937k2k3mbc2d-libglvnd-1.7.0/lib/libGLX.so.0.0.0
7ffff320e000-7ffff3213000 r--p 00000000 08:20 33832899                   /nix/store/4di7f8w515xl6grwv13pk6855awav0b1-libxkbcommon-1.8.1/lib/libxkbcommon.so.0.8.1
7ffff3213000-7ffff3235000 r-xp 00005000 08:20 33832899                   /nix/store/4di7f8w515xl6grwv13pk6855awav0b1-libxkbcommon-1.8.1/lib/libxkbcommon.so.0.8.1
7ffff3235000-7ffff325b000 r--p 00027000 08:20 33832899                   /nix/store/4di7f8w515xl6grwv13pk6855awav0b1-libxkbcommon-1.8.1/lib/libxkbcommon.so.0.8.1
7ffff325b000-7ffff325d000 r--p 0004c000 08:20 33832899                   /nix/store/4di7f8w515xl6grwv13pk6855awav0b1-libxkbcommon-1.8.1/lib/libxkbcommon.so.0.8.1
7ffff325d000-7ffff325e000 rw-p 0004e000 08:20 33832899                   /nix/store/4di7f8w515xl6grwv13pk6855awav0b1-libxkbcommon-1.8.1/lib/libxkbcommon.so.0.8.1
7ffff325e000-7ffff3281000 r--p 00000000 08:20 33882163                   /nix/store/8qs879yx84gng0yljdybwi4fbbgg3dyy-qtbase-6.9.0/lib/libQt6DBus.so.6.9.0
7ffff3281000-7ffff3313000 r-xp 00023000 08:20 33882163                   /nix/store/8qs879yx84gng0yljdybwi4fbbgg3dyy-qtbase-6.9.0/lib/libQt6DBus.so.6.9.0
7ffff3313000-7ffff3332000 r--p 000b5000 08:20 33882163                   /nix/store/8qs879yx84gng0yljdybwi4fbbgg3dyy-qtbase-6.9.0/lib/libQt6DBus.so.6.9.0
7ffff3332000-7ffff3336000 r--p 000d4000 08:20 33882163                   /nix/store/8qs879yx84gng0yljdybwi4fbbgg3dyy-qtbase-6.9.0/lib/libQt6DBus.so.6.9.0
7ffff3336000-7ffff3338000 rw-p 000d8000 08:20 33882163                   /nix/store/8qs879yx84gng0yljdybwi4fbbgg3dyy-qtbase-6.9.0/lib/libQt6DBus.so.6.9.0
7ffff3338000-7ffff333b000 rw-p 00000000 00:00 0 
7ffff333b000-7ffff335e000 r--p 00000000 08:20 33844236                   /nix/store/bkpj51fz88rbyjd60i6lrp0xdax1b24g-glib-2.84.1/lib/libglib-2.0.so.0.8400.1
7ffff335e000-7ffff3403000 r-xp 00023000 08:20 33844236                   /nix/store/bkpj51fz88rbyjd60i6lrp0xdax1b24g-glib-2.84.1/lib/libglib-2.0.so.0.8400.1
7ffff3403000-7ffff3498000 r--p 000c8000 08:20 33844236                   /nix/store/bkpj51fz88rbyjd60i6lrp0xdax1b24g-glib-2.84.1/lib/libglib-2.0.so.0.8400.1
7ffff3498000-7ffff3499000 r--p 0015d000 08:20 33844236                   /nix/store/bkpj51fz88rbyjd60i6lrp0xdax1b24g-glib-2.84.1/lib/libglib-2.0.so.0.8400.1
7ffff3499000-7ffff349a000 rw-p 0015e000 08:20 33844236                   /nix/store/bkpj51fz88rbyjd60i6lrp0xdax1b24g-glib-2.84.1/lib/libglib-2.0.so.0.8400.1
7ffff349a000-7ffff349b000 rw-p 00000000 00:00 0 
7ffff349b000-7ffff34b9000 r--p 00000000 08:20 33824095                   /nix/store/mpvxc1dbpnk74345lk69dw497iqcjvj0-libX11-1.8.12/lib/libX11.so.6.4.0
7ffff34b9000-7ffff354e000 r-xp 0001e000 08:20 33824095                   /nix/store/mpvxc1dbpnk74345lk69dw497iqcjvj0-libX11-1.8.12/lib/libX11.so.6.4.0
7ffff354e000-7ffff35e4000 r--p 000b3000 08:20 33824095                   /nix/store/mpvxc1dbpnk74345lk69dw497iqcjvj0-libX11-1.8.12/lib/libX11.so.6.4.0
7ffff35e4000-7ffff35e6000 r--p 00148000 08:20 33824095                   /nix/store/mpvxc1dbpnk74345lk69dw497iqcjvj0-libX11-1.8.12/lib/libX11.so.6.4.0
7ffff35e6000-7ffff35eb000 rw-p 0014a000 08:20 33824095                   /nix/store/mpvxc1dbpnk74345lk69dw497iqcjvj0-libX11-1.8.12/lib/libX11.so.6.4.0
7ffff35eb000-7ffff35f3000 r--p 00000000 08:20 33839489                   /nix/store/ldn53xpxivf489d7z673c95fkihs5l8r-fontconfig-2.16.0-lib/lib/libfontconfig.so.1.15.0
7ffff35f3000-7ffff361f000 r-xp 00008000 08:20 33839489                   /nix/store/ldn53xpxivf489d7z673c95fkihs5l8r-fontconfig-2.16.0-lib/lib/libfontconfig.so.1.15.0
7ffff361f000-7ffff3639000 r--p 00034000 08:20 33839489                   /nix/store/ldn53xpxivf489d7z673c95fkihs5l8r-fontconfig-2.16.0-lib/lib/libfontconfig.so.1.15.0
7ffff3639000-7ffff363b000 r--p 0004d000 08:20 33839489                   /nix/store/ldn53xpxivf489d7z673c95fkihs5l8r-fontconfig-2.16.0-lib/lib/libfontconfig.so.1.15.0
7ffff363b000-7ffff363c000 rw-p 0004f000 08:20 33839489                   /nix/store/ldn53xpxivf489d7z673c95fkihs5l8r-fontconfig-2.16.0-lib/lib/libfontconfig.so.1.15.0
7ffff363c000-7ffff363f000 r--p 00000000 08:20 33826817                   /nix/store/z88avybj8n2svi9wv1hl937k2k3mbc2d-libglvnd-1.7.0/lib/libEGL.so.1.1.0
7ffff363f000-7ffff364b000 r-xp 00003000 08:20 33826817                   /nix/store/z88avybj8n2svi9wv1hl937k2k3mbc2d-libglvnd-1.7.0/lib/libEGL.so.1.1.0
7ffff364b000-7ffff3650000 r--p 0000f000 08:20 33826817                   /nix/store/z88avybj8n2svi9wv1hl937k2k3mbc2d-libglvnd-1.7.0/lib/libEGL.so.1.1.0
7ffff3650000-7ffff3651000 r--p 00013000 08:20 33826817                   /nix/store/z88avybj8n2svi9wv1hl937k2k3mbc2d-libglvnd-1.7.0/lib/libEGL.so.1.1.0
7ffff3651000-7ffff3652000 rw-p 00014000 08:20 33826817                   /nix/store/z88avybj8n2svi9wv1hl937k2k3mbc2d-libglvnd-1.7.0/lib/libEGL.so.1.1.0
7ffff3652000-7ffff365b000 r--p 00000000 08:20 33831610                   /nix/store/nszik1q8ffmvsqk54kbc75dwyxwvi2nm-vulkan-loader-1.4.313.0/lib/libvulkan.so.1.4.313
7ffff365b000-7ffff36a7000 r-xp 00009000 08:20 33831610                   /nix/store/nszik1q8ffmvsqk54kbc75dwyxwvi2nm-vulkan-loader-1.4.313.0/lib/libvulkan.so.1.4.313
7ffff36a7000-7ffff36d7000 r--p 00055000 08:20 33831610                   /nix/store/nszik1q8ffmvsqk54kbc75dwyxwvi2nm-vulkan-loader-1.4.313.0/lib/libvulkan.so.1.4.313
7ffff36d7000-7ffff36d9000 r--p 00084000 08:20 33831610                   /nix/store/nszik1q8ffmvsqk54kbc75dwyxwvi2nm-vulkan-loader-1.4.313.0/lib/libvulkan.so.1.4.313
7ffff36d9000-7ffff36da000 rw-p 00086000 08:20 33831610                   /nix/store/nszik1q8ffmvsqk54kbc75dwyxwvi2nm-vulkan-loader-1.4.313.0/lib/libvulkan.so.1.4.313
7ffff36da000-7ffff36dc000 rw-p 00000000 00:00 0 
7ffff36dc000-7ffff370f000 r--p 00000000 08:20 33823931                   /nix/store/xv0pc5nc41v5vi0lac1i2d353s3rqlkm-libxml2-2.13.8/lib/libxml2.so.2.13.8
7ffff370f000-7ffff37ed000 r-xp 00033000 08:20 33823931                   /nix/store/xv0pc5nc41v5vi0lac1i2d353s3rqlkm-libxml2-2.13.8/lib/libxml2.so.2.13.8
7ffff37ed000-7ffff3831000 r--p 00111000 08:20 33823931                   /nix/store/xv0pc5nc41v5vi0lac1i2d353s3rqlkm-libxml2-2.13.8/lib/libxml2.so.2.13.8
7ffff3831000-7ffff383c000 r--p 00154000 08:20 33823931                   /nix/store/xv0pc5nc41v5vi0lac1i2d353s3rqlkm-libxml2-2.13.8/lib/libxml2.so.2.13.8
7ffff383c000-7ffff383d000 rw-p 0015f000 08:20 33823931                   /nix/store/xv0pc5nc41v5vi0lac1i2d353s3rqlkm-libxml2-2.13.8/lib/libxml2.so.2.13.8
7ffff383d000-7ffff383e000 rw-p 00000000 00:00 0 
7ffff383e000-7ffff383f000 r--p 00000000 08:20 33818281                   /nix/store/cg9s562sa33k78m63njfn1rw47dp9z0i-glibc-2.40-66/lib/libpthread.so.0
7ffff383f000-7ffff3840000 r-xp 00001000 08:20 33818281                   /nix/store/cg9s562sa33k78m63njfn1rw47dp9z0i-glibc-2.40-66/lib/libpthread.so.0
7ffff3840000-7ffff3841000 r--p 00002000 08:20 33818281                   /nix/store/cg9s562sa33k78m63njfn1rw47dp9z0i-glibc-2.40-66/lib/libpthread.so.0
7ffff3841000-7ffff3842000 r--p 00002000 08:20 33818281                   /nix/store/cg9s562sa33k78m63njfn1rw47dp9z0i-glibc-2.40-66/lib/libpthread.so.0
7ffff3842000-7ffff3843000 rw-p 00003000 08:20 33818281                   /nix/store/cg9s562sa33k78m63njfn1rw47dp9z0i-glibc-2.40-66/lib/libpthread.so.0
7ffff3843000-7ffff3845000 rw-p 00000000 00:00 0 
7ffff3845000-7ffff3846000 r--p 00000000 08:20 33818253                   /nix/store/cg9s562sa33k78m63njfn1rw47dp9z0i-glibc-2.40-66/lib/libdl.so.2
7ffff3846000-7ffff3847000 r-xp 00001000 08:20 33818253                   /nix/store/cg9s562sa33k78m63njfn1rw47dp9z0i-glibc-2.40-66/lib/libdl.so.2
7ffff3847000-7ffff3848000 r--p 00002000 08:20 33818253                   /nix/store/cg9s562sa33k78m63njfn1rw47dp9z0i-glibc-2.40-66/lib/libdl.so.2
7ffff3848000-7ffff3849000 r--p 00002000 08:20 33818253                   /nix/store/cg9s562sa33k78m63njfn1rw47dp9z0i-glibc-2.40-66/lib/libdl.so.2
7ffff3849000-7ffff384a000 rw-p 00003000 08:20 33818253                   /nix/store/cg9s562sa33k78m63njfn1rw47dp9z0i-glibc-2.40-66/lib/libdl.so.2
7ffff384a000-7ffff3851000 r--p 00000000 08:20 33888078                   /nix/store/8qs879yx84gng0yljdybwi4fbbgg3dyy-qtbase-6.9.0/lib/libQt6OpenGLWidgets.so.6.9.0
7ffff3851000-7ffff3856000 r-xp 00007000 08:20 33888078                   /nix/store/8qs879yx84gng0yljdybwi4fbbgg3dyy-qtbase-6.9.0/lib/libQt6OpenGLWidgets.so.6.9.0
7ffff3856000-7ffff3858000 r--p 0000c000 08:20 33888078                   /nix/store/8qs879yx84gng0yljdybwi4fbbgg3dyy-qtbase-6.9.0/lib/libQt6OpenGLWidgets.so.6.9.0
7ffff3858000-7ffff3859000 r--p 0000e000 08:20 33888078                   /nix/store/8qs879yx84gng0yljdybwi4fbbgg3dyy-qtbase-6.9.0/lib/libQt6OpenGLWidgets.so.6.9.0
7ffff3859000-7ffff385a000 rw-p 0000f000 08:20 33888078                   /nix/store/8qs879yx84gng0yljdybwi4fbbgg3dyy-qtbase-6.9.0/lib/libQt6OpenGLWidgets.so.6.9.0
7ffff385a000-7ffff3883000 r--p 00000000 08:20 33887994                   /nix/store/8qs879yx84gng0yljdybwi4fbbgg3dyy-qtbase-6.9.0/lib/libQt6OpenGL.so.6.9.0
7ffff3883000-7ffff38dd000 r-xp 00029000 08:20 33887994                   /nix/store/8qs879yx84gng0yljdybwi4fbbgg3dyy-qtbase-6.9.0/lib/libQt6OpenGL.so.6.9.0
7ffff38dd000-7ffff3904000 r--p 00083000 08:20 33887994                   /nix/store/8qs879yx84gng0yljdybwi4fbbgg3dyy-qtbase-6.9.0/lib/libQt6OpenGL.so.6.9.0
7ffff3904000-7ffff3907000 r--p 000a9000 08:20 33887994                   /nix/store/8qs879yx84gng0yljdybwi4fbbgg3dyy-qtbase-6.9.0/lib/libQt6OpenGL.so.6.9.0
7ffff3907000-7ffff3908000 rw-p 000ac000 08:20 33887994                   /nix/store/8qs879yx84gng0yljdybwi4fbbgg3dyy-qtbase-6.9.0/lib/libQt6OpenGL.so.6.9.0
7ffff3908000-7ffff3909000 rw-p 00000000 00:00 0 
7ffff3909000-7ffff3930000 r--p 00000000 08:20 33888093                   /nix/store/8qs879yx84gng0yljdybwi4fbbgg3dyy-qtbase-6.9.0/lib/libQt6PrintSupport.so.6.9.0
7ffff3930000-7ffff396c000 r-xp 00027000 08:20 33888093                   /nix/store/8qs879yx84gng0yljdybwi4fbbgg3dyy-qtbase-6.9.0/lib/libQt6PrintSupport.so.6.9.0
7ffff396c000-7ffff3984000 r--p 00063000 08:20 33888093                   /nix/store/8qs879yx84gng0yljdybwi4fbbgg3dyy-qtbase-6.9.0/lib/libQt6PrintSupport.so.6.9.0
7ffff3984000-7ffff3989000 r--p 0007b000 08:20 33888093                   /nix/store/8qs879yx84gng0yljdybwi4fbbgg3dyy-qtbase-6.9.0/lib/libQt6PrintSupport.so.6.9.0
7ffff3989000-7ffff398b000 rw-p 00080000 08:20 33888093                   /nix/store/8qs879yx84gng0yljdybwi4fbbgg3dyy-qtbase-6.9.0/lib/libQt6PrintSupport.so.6.9.0
7ffff398b000-7ffff3b10000 r--p 00000000 08:20 33888359                   /nix/store/8qs879yx84gng0yljdybwi4fbbgg3dyy-qtbase-6.9.0/lib/libQt6Widgets.so.6.9.0
7ffff3b10000-7ffff3fdd000 r-xp 00185000 08:20 33888359                   /nix/store/8qs879yx84gng0yljdybwi4fbbgg3dyy-qtbase-6.9.0/lib/libQt6Widgets.so.6.9.0
7ffff3fdd000-7ffff4154000 r--p 00652000 08:20 33888359                   /nix/store/8qs879yx84gng0yljdybwi4fbbgg3dyy-qtbase-6.9.0/lib/libQt6Widgets.so.6.9.0
7ffff4154000-7ffff418d000 r--p 007c8000 08:20 33888359                   /nix/store/8qs879yx84gng0yljdybwi4fbbgg3dyy-qtbase-6.9.0/lib/libQt6Widgets.so.6.9.0
7ffff418d000-7ffff419a000 rw-p 00801000 08:20 33888359                   /nix/store/8qs879yx84gng0yljdybwi4fbbgg3dyy-qtbase-6.9.0/lib/libQt6Widgets.so.6.9.0
7ffff419a000-7ffff419d000 rw-p 00000000 00:00 0 
7ffff419d000-7ffff426e000 r--p 00000000 08:20 33879695                   /nix/store/8qs879yx84gng0yljdybwi4fbbgg3dyy-qtbase-6.9.0/lib/libQt6Core.so.6.9.0
7ffff426e000-7ffff4695000 r-xp 000d1000 08:20 33879695                   /nix/store/8qs879yx84gng0yljdybwi4fbbgg3dyy-qtbase-6.9.0/lib/libQt6Core.so.6.9.0
7ffff4695000-7ffff4848000 r--p 004f8000 08:20 33879695                   /nix/store/8qs879yx84gng0yljdybwi4fbbgg3dyy-qtbase-6.9.0/lib/libQt6Core.so.6.9.0
7ffff4848000-7ffff4858000 r--p 006aa000 08:20 33879695                   /nix/store/8qs879yx84gng0yljdybwi4fbbgg3dyy-qtbase-6.9.0/lib/libQt6Core.so.6.9.0
7ffff4858000-7ffff4860000 rw-p 006ba000 08:20 33879695                   /nix/store/8qs879yx84gng0yljdybwi4fbbgg3dyy-qtbase-6.9.0/lib/libQt6Core.so.6.9.0
7ffff4860000-7ffff4865000 rw-p 00000000 00:00 0 
7ffff4865000-7ffff499b000 r--p 00000000 08:20 33882724                   /nix/store/8qs879yx84gng0yljdybwi4fbbgg3dyy-qtbase-6.9.0/lib/libQt6Gui.so.6.9.0
7ffff499b000-7ffff50ba000 r-xp 00136000 08:20 33882724                   /nix/store/8qs879yx84gng0yljdybwi4fbbgg3dyy-qtbase-6.9.0/lib/libQt6Gui.so.6.9.0
7ffff50ba000-7ffff5225000 r--p 00855000 08:20 33882724                   /nix/store/8qs879yx84gng0yljdybwi4fbbgg3dyy-qtbase-6.9.0/lib/libQt6Gui.so.6.9.0
7ffff5225000-7ffff5240000 r--p 009bf000 08:20 33882724                   /nix/store/8qs879yx84gng0yljdybwi4fbbgg3dyy-qtbase-6.9.0/lib/libQt6Gui.so.6.9.0
7ffff5240000-7ffff524d000 rw-p 009da000 08:20 33882724                   /nix/store/8qs879yx84gng0yljdybwi4fbbgg3dyy-qtbase-6.9.0/lib/libQt6Gui.so.6.9.0
7ffff524d000-7ffff525d000 rw-p 00000000 00:00 0 
7ffff525d000-7ffff535d000 rw-p 00bcb000 08:20 33882724                   /nix/store/8qs879yx84gng0yljdybwi4fbbgg3dyy-qtbase-6.9.0/lib/libQt6Gui.so.6.9.0
7ffff535d000-7ffff53e1000 r--p 00000000 08:20 46099                      /home/yash/omnetpp/omnetpp-6.2.0/lib/liboppnedxml.so
7ffff53e1000-7ffff5467000 r-xp 00083000 08:20 46099                      /home/yash/omnetpp/omnetpp-6.2.0/lib/liboppnedxml.so
7ffff5467000-7ffff546e000 r--p 00108000 08:20 46099                      /home/yash/omnetpp/omnetpp-6.2.0/lib/liboppnedxml.so
7ffff546e000-7ffff5471000 rw-p 0010e000 08:20 46099                      /home/yash/omnetpp/omnetpp-6.2.0/lib/liboppnedxml.so
7ffff5471000-7ffff54e7000 r--p 00000000 08:20 46020                      /home/yash/omnetpp/omnetpp-6.2.0/lib/liboppcommon.so
7ffff54e7000-7ffff565a000 r-xp 00075000 08:20 46020                      /home/yash/omnetpp/omnetpp-6.2.0/lib/liboppcommon.so
7ffff565a000-7ffff5660000 r--p 001e7000 08:20 46020                      /home/yash/omnetpp/omnetpp-6.2.0/lib/liboppcommon.so
7ffff5660000-7ffff5665000 rw-p 001ec000 08:20 46020                      /home/yash/omnetpp/omnetpp-6.2.0/lib/liboppcommon.so
7ffff5665000-7ffff566f000 rw-p 00000000 00:00 0 
7ffff566f000-7ffff5694000 r--p 00000000 08:20 33829814                   /nix/store/8pviily4fgsl02ijm65binz236717wfs-openssl-3.4.1/lib/libssl.so.3
7ffff5694000-7ffff573c000 r-xp 00025000 08:20 33829814                   /nix/store/8pviily4fgsl02ijm65binz236717wfs-openssl-3.4.1/lib/libssl.so.3
7ffff573c000-7ffff576d000 r--p 000cd000 08:20 33829814                   /nix/store/8pviily4fgsl02ijm65binz236717wfs-openssl-3.4.1/lib/libssl.so.3
7ffff576d000-7ffff5778000 r--p 000fe000 08:20 33829814                   /nix/store/8pviily4fgsl02ijm65binz236717wfs-openssl-3.4.1/lib/libssl.so.3
7ffff5778000-7ffff577c000 rw-p 00109000 08:20 33829814                   /nix/store/8pviily4fgsl02ijm65binz236717wfs-openssl-3.4.1/lib/libssl.so.3
7ffff577c000-7ffff5849000 r--p 00000000 08:20 33828836                   /nix/store/8pviily4fgsl02ijm65binz236717wfs-openssl-3.4.1/lib/libcrypto.so.3
7ffff5849000-7ffff5ba8000 r-xp 000cd000 08:20 33828836                   /nix/store/8pviily4fgsl02ijm65binz236717wfs-openssl-3.4.1/lib/libcrypto.so.3
7ffff5ba8000-7ffff5cc0000 r--p 0042c000 08:20 33828836                   /nix/store/8pviily4fgsl02ijm65binz236717wfs-openssl-3.4.1/lib/libcrypto.so.3
7ffff5cc0000-7ffff5d25000 r--p 00543000 08:20 33828836                   /nix/store/8pviily4fgsl02ijm65binz236717wfs-openssl-3.4.1/lib/libcrypto.so.3
7ffff5d25000-7ffff5d28000 rw-p 005a8000 08:20 33828836                   /nix/store/8pviily4fgsl02ijm65binz236717wfs-openssl-3.4.1/lib/libcrypto.so.3
7ffff5d28000-7ffff5d2b000 rw-p 00000000 00:00 0 
7ffff5d2b000-7ffff5fae000 r--p 00000000 08:20 102754                     /usr/lib/jvm/java-11-openjdk-amd64/lib/server/libjvm.so
7ffff5fae000-7ffff6c59000 r-xp 00283000 08:20 102754                     /usr/lib/jvm/java-11-openjdk-amd64/lib/server/libjvm.so
7ffff6c59000-7ffff6eb5000 r--p 00f2e000 08:20 102754                     /usr/lib/jvm/java-11-openjdk-amd64/lib/server/libjvm.so
7ffff6eb5000-7ffff6f79000 r--p 01189000 08:20 102754                     /usr/lib/jvm/java-11-openjdk-amd64/lib/server/libjvm.so
7ffff6f79000-7ffff6fb4000 rw-p 0124d000 08:20 102754                     /usr/lib/jvm/java-11-openjdk-amd64/lib/server/libjvm.so
7ffff6fb4000-7ffff700b000 rw-p 00000000 00:00 0 
7ffff700b000-7ffff7033000 r--p 00000000 08:20 33818243                   /nix/store/cg9s562sa33k78m63njfn1rw47dp9z0i-glibc-2.40-66/lib/libc.so.6
7ffff7033000-7ffff71a9000 r-xp 00028000 08:20 33818243                   /nix/store/cg9s562sa33k78m63njfn1rw47dp9z0i-glibc-2.40-66/lib/libc.so.6
7ffff71a9000-7ffff71ff000 r--p 0019e000 08:20 33818243                   /nix/store/cg9s562sa33k78m63njfn1rw47dp9z0i-glibc-2.40-66/lib/libc.so.6
7ffff71ff000-7ffff7203000 r--p 001f3000 08:20 33818243                   /nix/store/cg9s562sa33k78m63njfn1rw47dp9z0i-glibc-2.40-66/lib/libc.so.6
7ffff7203000-7ffff7205000 rw-p 001f7000 08:20 33818243                   /nix/store/cg9s562sa33k78m63njfn1rw47dp9z0i-glibc-2.40-66/lib/libc.so.6
7ffff7205000-7ffff7214000 rw-p 00000000 00:00 0 
7ffff7214000-7ffff7218000 r--p 00000000 08:20 33810852                   /nix/store/6hqzbvz50bm87hcj4qfn51gh7arxj8a6-gcc-14.2.1.20250322-libgcc/lib/libgcc_s.so.1
7ffff7218000-7ffff723c000 r-xp 00004000 08:20 33810852                   /nix/store/6hqzbvz50bm87hcj4qfn51gh7arxj8a6-gcc-14.2.1.20250322-libgcc/lib/libgcc_s.so.1
7ffff723c000-7ffff7240000 r--p 00028000 08:20 33810852                   /nix/store/6hqzbvz50bm87hcj4qfn51gh7arxj8a6-gcc-14.2.1.20250322-libgcc/lib/libgcc_s.so.1
7ffff7240000-7ffff7241000 r--p 0002c000 08:20 33810852                   /nix/store/6hqzbvz50bm87hcj4qfn51gh7arxj8a6-gcc-14.2.1.20250322-libgcc/lib/libgcc_s.so.1
7ffff7241000-7ffff7242000 rw-p 0002d000 08:20 33810852                   /nix/store/6hqzbvz50bm87hcj4qfn51gh7arxj8a6-gcc-14.2.1.20250322-libgcc/lib/libgcc_s.so.1
7ffff7242000-7ffff7252000 r--p 00000000 08:20 33818255                   /nix/store/cg9s562sa33k78m63njfn1rw47dp9z0i-glibc-2.40-66/lib/libm.so.6
7ffff7252000-7ffff72cf000 r-xp 00010000 08:20 33818255                   /nix/store/cg9s562sa33k78m63njfn1rw47dp9z0i-glibc-2.40-66/lib/libm.so.6
7ffff72cf000-7ffff7329000 r--p 0008d000 08:20 33818255                   /nix/store/cg9s562sa33k78m63njfn1rw47dp9z0i-glibc-2.40-66/lib/libm.so.6
7ffff7329000-7ffff732a000 r--p 000e7000 08:20 33818255                   /nix/store/cg9s562sa33k78m63njfn1rw47dp9z0i-glibc-2.40-66/lib/libm.so.6
7ffff732a000-7ffff732b000 rw-p 000e8000 08:20 33818255                   /nix/store/cg9s562sa33k78m63njfn1rw47dp9z0i-glibc-2.40-66/lib/libm.so.6
7ffff732b000-7ffff73d0000 r--p 00000000 08:20 33819677                   /nix/store/7c0v0kbrrdc2cqgisi78jdqxn73n3401-gcc-14.2.1.20250322-lib/lib/libstdc++.so.6.0.33
7ffff73d0000-7ffff74fd000 r-xp 000a5000 08:20 33819677                   /nix/store/7c0v0kbrrdc2cqgisi78jdqxn73n3401-gcc-14.2.1.20250322-lib/lib/libstdc++.so.6.0.33
7ffff74fd000-7ffff758b000 r--p 001d2000 08:20 33819677                   /nix/store/7c0v0kbrrdc2cqgisi78jdqxn73n3401-gcc-14.2.1.20250322-lib/lib/libstdc++.so.6.0.33
7ffff758b000-7ffff7598000 r--p 00260000 08:20 33819677                   /nix/store/7c0v0kbrrdc2cqgisi78jdqxn73n3401-gcc-14.2.1.20250322-lib/lib/libstdc++.so.6.0.33
7ffff7598000-7ffff7599000 rw-p 0026d000 08:20 33819677                   /nix/store/7c0v0kbrrdc2cqgisi78jdqxn73n3401-gcc-14.2.1.20250322-lib/lib/libstdc++.so.6.0.33
7ffff7599000-7ffff759d000 rw-p 00000000 00:00 0 
7ffff759d000-7ffff77e5000 r--p 00000000 08:20 46362                      /home/yash/omnetpp/omnetpp-6.2.0/lib/liboppsim.so
7ffff77e5000-7ffff7973000 r-xp 00247000 08:20 46362                      /home/yash/omnetpp/omnetpp-6.2.0/lib/liboppsim.so
7ffff7973000-7ffff79a5000 r--p 003d4000 08:20 46362                      /home/yash/omnetpp/omnetpp-6.2.0/lib/liboppsim.so
7ffff79a5000-7ffff79ad000 rw-p 00405000 08:20 46362                      /home/yash/omnetpp/omnetpp-6.2.0/lib/liboppsim.so
7ffff79ad000-7ffff79b3000 rw-p 00000000 00:00 0 
7ffff79b3000-7ffff79c2000 r--p 00000000 08:20 38682                      /home/yash/omnetpp/omnetpp-6.2.0/lib/libopplayout.so
7ffff79c2000-7ffff79d6000 r-xp 0000e000 08:20 38682                      /home/yash/omnetpp/omnetpp-6.2.0/lib/libopplayout.so
7ffff79d6000-7ffff79d8000 r--p 00021000 08:20 38682                      /home/yash/omnetpp/omnetpp-6.2.0/lib/libopplayout.so
7ffff79d8000-7ffff79d9000 rw-p 00022000 08:20 38682                      /home/yash/omnetpp/omnetpp-6.2.0/lib/libopplayout.so
7ffff79d9000-7ffff79db000 rw-p 00000000 00:00 0 
7ffff79db000-7ffff7bb8000 r--p 00000000 08:20 117174                     /home/yash/omnetpp/omnetpp-6.2.0/lib/liboppqtenv.so
7ffff7bb8000-7ffff7cf1000 r-xp 001dc000 08:20 117174                     /home/yash/omnetpp/omnetpp-6.2.0/lib/liboppqtenv.so
7ffff7cf1000-7ffff7d01000 r--p 00314000 08:20 117174                     /home/yash/omnetpp/omnetpp-6.2.0/lib/liboppqtenv.so
7ffff7d01000-7ffff7d0b000 rw-p 00323000 08:20 117174                     /home/yash/omnetpp/omnetpp-6.2.0/lib/liboppqtenv.so
7ffff7d0b000-7ffff7d0c000 rw-p 00000000 00:00 0 
7ffff7d0c000-7ffff7d62000 r--p 00000000 08:20 116829                     /home/yash/omnetpp/omnetpp-6.2.0/lib/liboppenvir.so
7ffff7d62000-7ffff7dc5000 r-xp 00055000 08:20 116829                     /home/yash/omnetpp/omnetpp-6.2.0/lib/liboppenvir.so
7ffff7dc5000-7ffff7dc8000 r--p 000b7000 08:20 116829                     /home/yash/omnetpp/omnetpp-6.2.0/lib/liboppenvir.so
7ffff7dc8000-7ffff7dcb000 rw-p 000b9000 08:20 116829                     /home/yash/omnetpp/omnetpp-6.2.0/lib/liboppenvir.so
7ffff7dcb000-7ffff7dcc000 rw-p 00000000 00:00 0 
7ffff7dcc000-7ffff7dde000 r--p 00000000 08:20 116695                     /home/yash/omnetpp/omnetpp-6.2.0/lib/liboppcmdenv.so
7ffff7dde000-7ffff7de7000 r-xp 00011000 08:20 116695                     /home/yash/omnetpp/omnetpp-6.2.0/lib/liboppcmdenv.so
7ffff7de7000-7ffff7de9000 r--p 00019000 08:20 116695                     /home/yash/omnetpp/omnetpp-6.2.0/lib/liboppcmdenv.so
7ffff7de9000-7ffff7dea000 rw-p 0001a000 08:20 116695                     /home/yash/omnetpp/omnetpp-6.2.0/lib/liboppcmdenv.so
7ffff7dea000-7ffff7deb000 rw-p 00000000 00:00 0 
7ffff7deb000-7ffff7ec2000 r--p 00000000 08:20 45837                      /home/yash/DistributedSystemsforAVs/veins-veins-5.3.1/src/libveins.so
7ffff7ec2000-7ffff7fa0000 r-xp 000d6000 08:20 45837                      /home/yash/DistributedSystemsforAVs/veins-veins-5.3.1/src/libveins.so
7ffff7fa0000-7ffff7fb8000 r--p 001b3000 08:20 45837                      /home/yash/DistributedSystemsforAVs/veins-veins-5.3.1/src/libveins.so
7ffff7fb8000-7ffff7fbc000 rw-p 001ca000 08:20 45837                      /home/yash/DistributedSystemsforAVs/veins-veins-5.3.1/src/libveins.so
7ffff7fbc000-7ffff7fbf000 rw-p 00000000 00:00 0 
7ffff7fbf000-7ffff7fc3000 r--p 00000000 00:00 0                          [vvar]
7ffff7fc3000-7ffff7fc5000 r-xp 00000000 00:00 0                          [vdso]
7ffff7fc5000-7ffff7fc6000 r--p 00000000 08:20 33818228                   /nix/store/cg9s562sa33k78m63njfn1rw47dp9z0i-glibc-2.40-66/lib/ld-linux-x86-64.so.2
7ffff7fc6000-7ffff7ff0000 r-xp 00001000 08:20 33818228                   /nix/store/cg9s562sa33k78m63njfn1rw47dp9z0i-glibc-2.40-66/lib/ld-linux-x86-64.so.2
7ffff7ff0000-7ffff7ffb000 r--p 0002b000 08:20 33818228                   /nix/store/cg9s562sa33k78m63njfn1rw47dp9z0i-glibc-2.40-66/lib/ld-linux-x86-64.so.2
7ffff7ffb000-7ffff7ffd000 r--p 00036000 08:20 33818228                   /nix/store/cg9s562sa33k78m63njfn1rw47dp9z0i-glibc-2.40-66/lib/ld-linux-x86-64.so.2
7ffff7ffd000-7ffff7fff000 rw-p 00038000 08:20 33818228                   /nix/store/cg9s562sa33k78m63njfn1rw47dp9z0i-glibc-2.40-66/lib/ld-linux-x86-64.so.2
7fffffeff000-7ffffff03000 ---p 00000000 00:00 0 
7ffffff03000-7ffffffff000 rw-p 00000000 00:00 0                          [stack]


VM Arguments:
jvm_args: -Djava.library.path=/home/yash/DistributedSystemsforAVs/bftsmart/library/native/lib -Dbftsmart.communication.useV2V=true -Dbftsmart.jni.embedded=true -Dintersection.width=15.000000 -Dintersection.avgSpeed=14.000000 -Dintersection.safetyGap=1.500000 -Xms256m -Xmx1024m -Djava.security.egd=file:/dev/./urandom 
java_command: <unknown>
java_class_path (initial): /home/yash/DistributedSystemsforAVs/bftsmart/library/build/classes/java/main:/home/yash/DistributedSystemsforAVs/bftsmart/library/build/install/library/lib/BFT-SMaRt.jar:/home/yash/DistributedSystemsforAVs/bftsmart/library/build/install/library/lib/BenchmarkExecutor.jar:/home/yash/DistributedSystemsforAVs/bftsmart/library/build/install/library/lib/bcpkix-jdk15on-1.69.jar:/home/yash/DistributedSystemsforAVs/bftsmart/library/build/install/library/lib/bcprov-jdk15on-1.69.jar:/home/yash/DistributedSystemsforAVs/bftsmart/library/build/install/library/lib/bcutil-jdk15on-1.69.jar:/home/yash/DistributedSystemsforAVs/bftsmart/library/build/install/library/lib/commons-codec-1.15.jar:/home/yash/DistributedSystemsforAVs/bftsmart/library/build/install/library/lib/core-0.1.4.jar:/home/yash/DistributedSystemsforAVs/bftsmart/library/build/install/library/lib/logback-classic-1.2.5.jar:/home/yash/DistributedSystemsforAVs/bftsmart/library/build/install/library/lib/logback-core-1.2.5.jar:/home/yash/DistributedSystemsforAVs/bftsmart/library/build/install/library/lib/lz4-1.3.0.jar:/home/yash/DistributedSystemsforAVs/bftsmart/library/build/install/library/lib/netty-all-4.1.67.Final.jar:/home/yash/DistributedSystemsforAVs/bftsmart/library/build/install/library/lib/slf4j-api-1.7.32.jar
Launcher Type: generic

[Global flags]
     intx CICompilerCount                          = 12                                        {product} {ergonomic}
     uint ConcGCThreads                            = 5                                         {product} {ergonomic}
     uint G1ConcRefinementThreads                  = 18                                        {product} {ergonomic}
   size_t G1HeapRegionSize                         = 1048576                                   {product} {ergonomic}
    uintx GCDrainStackTargetSize                   = 64                                        {product} {ergonomic}
   size_t InitialHeapSize                          = 268435456                                 {product} {command line}
   size_t MarkStackSize                            = 4194304                                   {product} {ergonomic}
   size_t MaxHeapSize                              = 1073741824                                {product} {command line}
   size_t MaxNewSize                               = 643825664                                 {product} {ergonomic}
   size_t MinHeapDeltaBytes                        = 1048576                                   {product} {ergonomic}
    uintx NonNMethodCodeHeapSize                   = 7594288                                {pd product} {ergonomic}
    uintx NonProfiledCodeHeapSize                  = 122031976                              {pd product} {ergonomic}
    uintx ProfiledCodeHeapSize                     = 122031976                              {pd product} {ergonomic}
    uintx ReservedCodeCacheSize                    = 251658240                              {pd product} {ergonomic}
     bool SegmentedCodeCache                       = true                                      {product} {ergonomic}
     bool UseCompressedClassPointers               = true                                 {lp64_product} {ergonomic}
     bool UseCompressedOops                        = true                                 {lp64_product} {ergonomic}
     bool UseG1GC                                  = true                                      {product} {ergonomic}

Logging:
Log output configuration:
 #0: stdout all=warning uptime,level,tags
 #1: stderr all=off uptime,level,tags

Environment Variables:
JAVA_HOME=/usr/lib/jvm/java-11-openjdk-amd64
PATH=/home/yash/omnetpp/omnetpp-6.2.0/bin:/home/yash/omnetpp/omnetpp-6.2.0/.venv/bin:/home/yash/.local/bin:/home/yash/omnetpp/omnetpp-6.2.0/.venv/bin:/nix/store/cvm20cv2y6p8rik02wvyzx2w76j5wilc-lndir-1.0.5/bin:/nix/store/czj4c9kniwgnniv5w7rjqr3mkvkcymfz-wayland-scanner-1.23.1-bin/bin:/nix/store/8w718rm43x7z73xhw9d6vh8s4snrq67h-python3-3.12.10/bin:/nix/store/sdqvwr8gc74ms9cgf56yvy409xvl8hsf-gettext-0.22.5/bin:/nix/store/2jc1jmzis19adawjwhl8qhdvh7vlbk0q-patchelf-0.15.0/bin:/nix/store/fmysfy9gl5d59yir4fksi29wz10maljg-clang-wrapper-19.1.7/bin:/nix/store/zmk3gqm6sxgar8b84sz66wbs7kx4v2gi-clang-19.1.7/bin:/nix/store/303islqk386z1w2g1ngvxnkl4glfpgrs-glibc-2.40-66-bin/bin:/nix/store/87fck6hm17chxjq7badb11mq036zbyv9-coreutils-9.7/bin:/nix/store/dyqmjp3wzcxrwlqhzlzvlw12jir1snlh-binutils-wrapper-2.44/bin:/nix/store/v63bxfiacw082c7ijshf60alvvrpfxsq-binutils-2.44/bin:/nix/store/35i2ci5079j5bbr140ygzk3vp486lm4x-compiler-rt-libc-19.1.7/bin:/nix/store/75f5zxbsnbciq33ahnawq8kpspvy4k3x-graphviz-12.2.1/bin:/nix/store/n7npxi94kap19q75ghcvj4b4pmidlmgs-doxygen-1.13.2/bin:/nix/store/mk3fc0zfifxbw3pcijhxijrbg13gq1yj-gtk+3-3.24.49-dev/bin:/nix/store/bmr6h8wmrji5mvy3rk8lkfapj8n25i1j-expat-2.7.1-dev/bin:/nix/store/yi0knhi2qccafj49a8yd76rizllzx7bd-dbus-1.14.10-lib/bin:/nix/store/rys6134aqazihxi4g5ayc0ky829v7mf0-dbus-1.14.10/bin:/nix/store/h181byhbm1sw49r449krkyj3a0n0ins2-glib-2.84.1-dev/bin:/nix/store/3agp1rxrvm1xf4x6ylwp3lzxsdbi2baf-glib-2.84.1-bin/bin:/nix/store/r8grdp3sh9zgl6g4b0c0kkd934q06mc6-cairo-1.18.2-dev/bin:/nix/store/4cfzs10xfawx5c2xrgywgm4zlgkjzfbn-freetype-2.13.3-dev/bin:/nix/store/1abbyfv3bpxalfjfgpmwg8jcy931bf76-bzip2-1.0.8-bin/bin:/nix/store/lh9n7inj7r4vvd9xjpa69fim46fi3wg7-brotli-1.1.0/bin:/nix/store/hf1pr8lp8m29zb03fwp7kwp8j1xg3wln-libpng-apng-1.6.46-dev/bin:/nix/store/64zabz1hxymxbcvp78hp9kacrygnf9l9-fontconfig-2.16.0-bin/bin:/nix/store/719j8zd8g3pa5605b7a6w5csln323b1x-fribidi-1.0.16/bin:/nix/store/l5szgijqaykv8yry7agr1ylpza3mp5z0-gdk-pixbuf-2.42.12-dev/bin:/nix/store/amy9kqbm05
LD_LIBRARY_PATH=/usr/lib/jvm/java-11-openjdk-amd64/lib/server:/nix/store/7c0v0kbrrdc2cqgisi78jdqxn73n3401-gcc-14.2.1.20250322-lib/lib:/nix/store/cg9s562sa33k78m63njfn1rw47dp9z0i-glibc-2.40-66/lib:/nix/store/cg9s562sa33k78m63njfn1rw47dp9z0i-glibc-2.40-66/lib64:/nix/store/xv0pc5nc41v5vi0lac1i2d353s3rqlkm-libxml2-2.13.8/lib:/usr/lib/jvm/java-11-openjdk-amd64/lib/server:/usr/lib/jvm/java-11-openjdk-amd64/lib/server:
SHELL=/nix/store/xy4jjgw87sbgwylm5kn047d9gkbhsr9x-bash-5.2p37/bin/bash
DISPLAY=:0
LANG=C.UTF-8
LC_ALL=C
TERM=xterm-256color
TMPDIR=/tmp/nix-shell.8KXoYF
TMP=/tmp/nix-shell.8KXoYF
TEMP=/tmp/nix-shell.8KXoYF

Signal Handlers:
SIGSEGV: [libjvm.so+0xebb590], sa_mask[0]=11111111011111111101111111111110, sa_flags=SA_RESTART|SA_SIGINFO
SIGBUS: [libjvm.so+0xebb590], sa_mask[0]=11111111011111111101111111111110, sa_flags=SA_RESTART|SA_SIGINFO
SIGFPE: [libjvm.so+0xebb590], sa_mask[0]=11111111011111111101111111111110, sa_flags=SA_RESTART|SA_SIGINFO
SIGPIPE: [libjvm.so+0xbfe530], sa_mask[0]=11111111011111111101111111111110, sa_flags=SA_RESTART|SA_SIGINFO
SIGXFSZ: [libjvm.so+0xbfe530], sa_mask[0]=11111111011111111101111111111110, sa_flags=SA_RESTART|SA_SIGINFO
SIGILL: [libjvm.so+0xebb590], sa_mask[0]=11111111011111111101111111111110, sa_flags=SA_RESTART|SA_SIGINFO
SIGUSR2: [libjvm.so+0xbfe3d0], sa_mask[0]=00000000000000000000000000000000, sa_flags=SA_RESTART|SA_SIGINFO
SIGHUP: [libjvm.so+0xbfebc0], sa_mask[0]=11111111011111111101111111111110, sa_flags=SA_RESTART|SA_SIGINFO
SIGINT: SIG_DFL, sa_mask[0]=01000000000000000000000000000000, sa_flags=SA_RESTART
SIGTERM: SIG_DFL, sa_mask[0]=00000000000000100000000000000000, sa_flags=SA_RESTART
SIGQUIT: [libjvm.so+0xbfebc0], sa_mask[0]=11111111011111111101111111111110, sa_flags=SA_RESTART|SA_SIGINFO


---------------  S Y S T E M  ---------------

OS:DISTRIB_ID=Ubuntu
DISTRIB_RELEASE=22.04
DISTRIB_CODENAME=jammy
DISTRIB_DESCRIPTION="Ubuntu 22.04.5 LTS"
uname:Linux 5.15.167.4-microsoft-standard-WSL2 #1 SMP Tue Nov 5 00:21:55 UTC 2024 x86_64
OS uptime: 2 days 6:27 hours
libc:glibc 2.40 NPTL 2.40 
rlimit (soft/hard): STACK 8192k/infinity , CORE 0k/infinity , NPROC 95947/95947 , NOFILE 1048576/1048576 , AS infinity/infinity , CPU infinity/infinity , DATA infinity/infinity , FSIZE infinity/infinity , MEMLOCK 3071168k/3071168k
load average:1.50 2.29 1.63

/proc/meminfo:
MemTotal:       24569352 kB
MemFree:         7759872 kB
MemAvailable:   10988068 kB
Buffers:          372344 kB
Cached:          2721352 kB
SwapCached:            0 kB
Active:          1994496 kB
Inactive:       13652996 kB
Active(anon):       5780 kB
Inactive(anon): 12574860 kB
Active(file):    1988716 kB
Inactive(file):  1078136 kB
Unevictable:           0 kB
Mlocked:               0 kB
SwapTotal:       6291456 kB
SwapFree:        6291456 kB
Dirty:                88 kB
Writeback:             0 kB
AnonPages:      12376760 kB
Mapped:          1057032 kB
Shmem:             26836 kB
KReclaimable:     556932 kB
Slab:             707048 kB
SReclaimable:     556932 kB
SUnreclaim:       150116 kB
KernelStack:       27856 kB
PageTables:        93480 kB
NFS_Unstable:          0 kB
Bounce:                0 kB
WritebackTmp:          0 kB
CommitLimit:    18576132 kB
Committed_AS:   17731932 kB
VmallocTotal:   34359738367 kB
VmallocUsed:       51376 kB
VmallocChunk:          0 kB
Percpu:            15840 kB
AnonHugePages:   7405568 kB
ShmemHugePages:        0 kB
ShmemPmdMapped:        0 kB
FileHugePages:         0 kB
FilePmdMapped:         0 kB
HugePages_Total:       0
HugePages_Free:        0
HugePages_Rsvd:        0
HugePages_Surp:        0
Hugepagesize:       2048 kB
Hugetlb:               0 kB
DirectMap4k:      379904 kB
DirectMap2M:    17403904 kB
DirectMap1G:    16777216 kB

/sys/kernel/mm/transparent_hugepage/enabled:
[always] madvise never
/sys/kernel/mm/transparent_hugepage/defrag (defrag/compaction efforts parameter):
always defer defer+madvise [madvise] never

Process Memory:
Virtual Size: 9281024K (peak: 12510208K)
Resident Set Size: 370224K (peak: 370384K) (anon: 313832K, file: 56392K, shmem: 0K)
Swapped out: 0K
C-Heap outstanding allocations: 182704K, retained: 60527K
glibc malloc tunables: (default)

/proc/sys/kernel/threads-max (system-wide limit on the number of threads):
191894
/proc/sys/vm/max_map_count (maximum number of memory map areas a process may have):
65530
/proc/sys/kernel/pid_max (system-wide limit on number of process identifiers):
4194304

container (cgroup) information:
container_type: cgroupv1
cpu_cpuset_cpus: 0-23
cpu_memory_nodes: 0
active_processor_count: 24
cpu_quota: no quota
cpu_period: 100000
cpu_shares: no shares
memory_limit_in_bytes: unlimited
memory_and_swap_limit_in_bytes: unlimited
memory_soft_limit_in_bytes: unlimited
memory_usage_in_bytes: 4536956 k
memory_max_usage_in_bytes: 5826380 k
rss_usage_in_bytes: not supported
cache_usage_in_bytes: not supported
kernel_memory_limit_in_bytes: unlimited
kernel_memory_usage_in_bytes: 96436 k
kernel_memory_max_usage_in_bytes: 109264 k
maximum number of tasks: unlimited
current number of tasks: 415

Hyper-V virtualization detected
Steal ticks since vm start: 0
Steal ticks percentage since vm start:  0.000

CPU:total 24 (initial active 24) (32 cores per cpu, 2 threads per core) family 23 model 113 stepping 0 microcode 0xffffffff, cmov, cx8, fxsr, mmx, sse, sse2, sse3, ssse3, sse4.1, sse4.2, popcnt, avx, avx2, aes, clmul, mmxext, 3dnowpref, lzcnt, sse4a, ht, tsc, tscinvbit, tscinv, bmi1, bmi2, adx, sha, fma
CPU Model and flags from /proc/cpuinfo:
model name	: AMD Ryzen 9 3900X 12-Core Processor
flags		: fpu vme de pse tsc msr pae mce cx8 apic sep mtrr pge mca cmov pat pse36 clflush mmx fxsr sse sse2 ht syscall nx mmxext fxsr_opt pdpe1gb rdtscp lm constant_tsc rep_good nopl tsc_reliable nonstop_tsc cpuid extd_apicid pni pclmulqdq ssse3 fma cx16 sse4_1 sse4_2 movbe popcnt aes xsave avx f16c rdrand hypervisor lahf_lm cmp_legacy svm cr8_legacy abm sse4a misalignsse 3dnowprefetch osvw topoext perfctr_core ssbd ibpb stibp vmmcall fsgsbase bmi1 avx2 smep bmi2 rdseed adx smap clflushopt clwb sha_ni xsaveopt xsavec xgetbv1 clzero xsaveerptr arat npt nrip_save tsc_scale vmcb_clean flushbyasid decodeassists pausefilter pfthreshold v_vmsave_vmload umip rdpid
Online cpus:
0-23
Offline cpus:

BIOS frequency limitation:
<Not Available>
Frequency switch latency (ns):
<Not Available>
Available cpu frequencies:
<Not Available>
Current governor:
<Not Available>
Core performance/turbo boost:
<Not Available>

Memory: 4k page, physical 24569352k(7759872k free), swap 6291456k(6291456k free)

vm_info: OpenJDK 64-Bit Server VM (11.0.30+7-post-Ubuntu-1ubuntu122.04) for linux-amd64 JRE (11.0.30+7-post-Ubuntu-1ubuntu122.04), built on Jan 23 2026 02:24:53 by "unknown" with gcc 11.4.0

END.
