#
# A fatal error has been detected by the Java Runtime Environment:
#
#  SIGSEGV (0xb) at pc=0x00007ffff7d91287, pid=31540, tid=31540
#
# JRE version: OpenJDK Runtime Environment (11.0.30+7) (build 11.0.30+7-post-Ubuntu-1ubuntu122.04)
# Java VM: OpenJDK 64-Bit Server VM (11.0.30+7-post-Ubuntu-1ubuntu122.04, mixed mode, sharing, tiered, compressed oops, g1 gc, linux-amd64)
# Problematic frame:
# C  [liboppenvir.so+0x64287]  omnetpp::envir::EnvirBase::simulationEvent(omnetpp::cEvent*)+0x97
#
# Core dump will be written. Default location: Core dumps may be processed with "/wsl-capture-crash %t %E %p %s" (or dumping to /home/yash/omnetpp/fourway/core.31540)
#
# If you would like to submit a bug report, please visit:
#   https://bugs.launchpad.net/ubuntu/+source/openjdk-lts
# The crash happened outside the Java Virtual Machine in native code.
# See problematic frame for where to report the bug.
#

---------------  S U M M A R Y ------------

Command Line: -Djava.library.path=/home/yash/omnetpp/omnetpp-6.2.0/bftsmart/library/native/lib -Dbftsmart.communication.useV2V=true -Dbftsmart.jni.embedded=true -Dintersection.width=15.000000 -Dintersection.avgSpeed=14.000000 -Dintersection.safetyGap=1.500000 -Xms256m -Xmx1024m -Djava.security.egd=file:/dev/./urandom 

Host: AMD Ryzen 9 3900X 12-Core Processor, 24 cores, 23G, Ubuntu 22.04.5 LTS
Time: Thu Feb 12 08:46:33 2026 PST elapsed time: 106.372641 seconds (0d 0h 1m 46s)

---------------  T H R E A D  ---------------

Current thread (0x0000555556782000):  JavaThread "main" [_thread_in_native, id=31540, stack(0x00007fffffeff000,0x00007ffffffff000)]

Stack: [0x00007fffffeff000,0x00007ffffffff000],  sp=0x00007ffffffd2cb0,  free space=847k
Native frames: (J=compiled Java code, A=aot compiled Java code, j=interpreted, Vv=VM code, C=native code)
C  [liboppenvir.so+0x64287]  omnetpp::envir::EnvirBase::simulationEvent(omnetpp::cEvent*)+0x97
C  [liboppqtenv.so+0x2df2b0]  omnetpp::qtenv::Qtenv::simulationEvent(omnetpp::cEvent*)+0x20
C  [liboppsim.so+0x2ddae2]  omnetpp::cSimulation::executeEvent(omnetpp::cEvent*)+0x52
C  [liboppqtenv.so+0x2d8296]  omnetpp::qtenv::Qtenv::doRunSimulation()+0x286
C  [liboppqtenv.so+0x2d7a58]  omnetpp::qtenv::Qtenv::runSimulation(omnetpp::qtenv::RunMode, omnetpp::SimTime, long, omnetpp::cMessage*, omnetpp::cModule*, bool)+0x158
C  [liboppqtenv.so+0x1f667f]  omnetpp::qtenv::MainWindow::runSimulation(omnetpp::qtenv::RunMode)+0x11f
C  [liboppqtenv.so+0x30573d]  omnetpp::qtenv::MainWindow::qt_metacall(QMetaObject::Call, int, void**)+0x3d
C  [libQt6Core.so.6+0x21c9df]  void doActivate<false>(QObject*, int, void**)+0x91f


siginfo: si_signo: 11 (SIGSEGV), si_code: 1 (SEGV_MAPERR), si_addr: 0x0000000000000000

Register to memory mapping:

RAX=0x0000555557fdecd0 points into unknown readable memory: 0x0000000000000000 | 00 00 00 00 00 00 00 00
RBX=0x0000555556c013d0 points into unknown readable memory: 0x00007ffff799f940 | 40 f9 99 f7 ff 7f 00 00
RCX=0x00000000ffffffff is an unallocated location in the heap
RDX=0x0000000000000016 is an unknown value
RSP=0x00007ffffffd2cb0 is pointing into the stack for thread: 0x0000555556782000
RBP=0x00007ffffffd2ce0 is pointing into the stack for thread: 0x0000555556782000
RSI=0x0000555556c013d0 points into unknown readable memory: 0x00007ffff799f940 | 40 f9 99 f7 ff 7f 00 00
RDI=0x0 is NULL
R8 =0x000000000009b3ae is an unknown value
R9 =0x0000000000000cfb is an unknown value
R10=0x0000000000000001 is an unknown value
R11=0x0 is NULL
R12=0x0000000000000021 is an unknown value
R13=0x0000000000000001 is an unknown value
R14=0x000055555562fa20 points into unknown readable memory: 0x00007ffff7d1d2a0 | a0 d2 d1 f7 ff 7f 00 00
R15=0x0000555555661490 points into unknown readable memory: 0x00007ffff79a6d50 | 50 6d 9a f7 ff 7f 00 00


Registers:
RAX=0x0000555557fdecd0, RBX=0x0000555556c013d0, RCX=0x00000000ffffffff, RDX=0x0000000000000016
RSP=0x00007ffffffd2cb0, RBP=0x00007ffffffd2ce0, RSI=0x0000555556c013d0, RDI=0x0000000000000000
R8 =0x000000000009b3ae, R9 =0x0000000000000cfb, R10=0x0000000000000001, R11=0x0000000000000000
R12=0x0000000000000021, R13=0x0000000000000001, R14=0x000055555562fa20, R15=0x0000555555661490
RIP=0x00007ffff7d91287, EFLAGS=0x0000000000010202, CSGSFS=0x002b000000000033, ERR=0x0000000000000004
  TRAPNO=0x000000000000000e

Top of Stack: (sp=0x00007ffffffd2cb0)
0x00007ffffffd2cb0:   00007ffff7d1d2a0 000055555562fa10
0x00007ffffffd2cc0:   0000555556c013d0 0000000000000001
0x00007ffffffd2cd0:   0000555556c013d0 0000000000000000
0x00007ffffffd2ce0:   00007ffffffd2d70 00007ffff7cdb2b0 

Instructions: (pc=0x00007ffff7d91287)
0x00007ffff7d91187:   05 00 48 8b 7d b8 4c 39 f7 74 0c 48 8b 75 c8 48
0x00007ffff7d91197:   ff c6 e8 02 1a 05 00 48 8d 7d 80 e8 e9 1d 05 00
0x00007ffff7d911a7:   48 89 df e8 51 1a 05 00 90 55 48 89 e5 80 bf 14
0x00007ffff7d911b7:   02 00 00 01 75 14 48 8b bf 18 02 00 00 48 8b 07
0x00007ffff7d911c7:   48 8b 80 e0 00 00 00 5d ff e0 5d c3 66 66 66 66
0x00007ffff7d911d7:   2e 0f 1f 84 00 00 00 00 00 55 48 89 e5 5d c3 66
0x00007ffff7d911e7:   2e 0f 1f 84 00 00 00 00 00 55 48 89 e5 41 57 41
0x00007ffff7d911f7:   56 41 55 41 54 53 50 48 89 f3 49 89 fe 80 bf d8
0x00007ffff7d91207:   01 00 00 01 75 35 48 8b 03 48 89 df ff 50 30 49
0x00007ffff7d91217:   89 c7 4d 8d a6 e0 01 00 00 4d 8b ae e8 01 00 00
0x00007ffff7d91227:   48 89 c7 e8 01 19 05 00 4c 89 e7 31 f6 4c 89 ea
0x00007ffff7d91237:   4c 89 f9 49 89 c0 e8 fe 18 05 00 41 80 be 00 02
0x00007ffff7d91247:   00 00 01 75 10 48 8b 03 48 89 df ff 50 20 49 89
0x00007ffff7d91257:   86 08 02 00 00 48 8b 03 48 89 df ff 90 e0 00 00
0x00007ffff7d91267:   00 b9 ff ff ff ff 84 c0 74 2a 48 8b 05 d0 71 05
0x00007ffff7d91277:   00 4c 8b 38 44 8b 63 70 49 8b 47 20 4a 8b 3c e0
0x00007ffff7d91287:   48 8b 07 ff 90 b8 01 00 00 49 8b 47 20 4a 8b 04
0x00007ffff7d91297:   e0 8b 48 48 41 89 8e 10 02 00 00 41 80 be 14 02
0x00007ffff7d912a7:   00 00 01 75 24 49 8b be 18 02 00 00 48 8b 07 48
0x00007ffff7d912b7:   8b 80 d8 00 00 00 48 89 de 48 83 c4 08 5b 41 5c
0x00007ffff7d912c7:   41 5d 41 5e 41 5f 5d ff e0 48 83 c4 08 5b 41 5c
0x00007ffff7d912d7:   41 5d 41 5e 41 5f 5d c3 90 55 48 89 e5 41 57 41
0x00007ffff7d912e7:   56 53 50 48 89 fb 41 bf ff ff ff ff 48 85 f6 74
0x00007ffff7d912f7:   17 49 89 f6 48 8b 06 48 89 f7 ff 90 b8 01 00 00
0x00007ffff7d91307:   85 c0 75 04 45 8b 7e 48 44 89 bb 10 02 00 00 48
0x00007ffff7d91317:   83 c4 08 5b 41 5e 41 5f 5d c3 66 66 66 66 66 66
0x00007ffff7d91327:   2e 0f 1f 84 00 00 00 00 00 55 48 89 e5 80 bf 14
0x00007ffff7d91337:   02 00 00 01 75 14 48 8b bf 18 02 00 00 48 8b 07
0x00007ffff7d91347:   48 8b 80 f8 00 00 00 5d ff e0 5d c3 66 66 66 66
0x00007ffff7d91357:   2e 0f 1f 84 00 00 00 00 00 55 48 89 e5 80 bf 14
0x00007ffff7d91367:   02 00 00 01 75 14 48 8b bf 18 02 00 00 48 8b 07
0x00007ffff7d91377:   48 8b 80 e8 00 00 00 5d ff e0 5d c3 66 66 66 66 


Stack slot to memory mapping:
stack at sp + 0 slots: 0x00007ffff7d1d2a0: _ZTVN7omnetpp5qtenv5QtenvE+0x0000000000000218 in /home/yash/omnetpp/omnetpp-6.2.0/lib/liboppqtenv.so at 0x00007ffff79fc000
stack at sp + 1 slots: 0x000055555562fa10 points into unknown readable memory: 0x00007ffff7d1d098 | 98 d0 d1 f7 ff 7f 00 00
stack at sp + 2 slots: 0x0000555556c013d0 points into unknown readable memory: 0x00007ffff799f940 | 40 f9 99 f7 ff 7f 00 00
stack at sp + 3 slots: 0x0000000000000001 is an unknown value
stack at sp + 4 slots: 0x0000555556c013d0 points into unknown readable memory: 0x00007ffff799f940 | 40 f9 99 f7 ff 7f 00 00
stack at sp + 5 slots: 0x0 is NULL
stack at sp + 6 slots: 0x00007ffffffd2d70 is pointing into the stack for thread: 0x0000555556782000
stack at sp + 7 slots: 0x00007ffff7cdb2b0: _ZN7omnetpp5qtenv5Qtenv15simulationEventEPNS_6cEventE+0x0000000000000020 in /home/yash/omnetpp/omnetpp-6.2.0/lib/liboppqtenv.so at 0x00007ffff79fc000


---------------  P R O C E S S  ---------------

Threads class SMR info:
_java_thread_list=0x00007fff000664a0, length=288, elements={
0x0000555556782000, 0x0000555556a62000, 0x0000555556a64000, 0x0000555556a68000,
0x0000555556a6a000, 0x0000555556a6c000, 0x0000555556a6e800, 0x0000555556a70800,
0x0000555556aa1800, 0x00007fff3c049000, 0x00007fff2c03d000, 0x00007fff3803a000,
0x00007fff3002b000, 0x00007fff28047000, 0x00007fff44023000, 0x00007fff4002a800,
0x00007fff20069800, 0x00007fff3c0b7000, 0x00007fff280c5000, 0x00007fff30067000,
0x00007fff380d3000, 0x00007fff2c0e1000, 0x00007fff4008e800, 0x00007fff4403a000,
0x00007fff20135800, 0x00007fff3c0b8800, 0x00007fff44098000, 0x00007fff3010b000,
0x00007fff380d7800, 0x00007fff280bd000, 0x00007fff20137800, 0x00007fff40091800,
0x00007fff2c0e3800, 0x00007fff40095000, 0x00007fff3c0bf000, 0x00007fff44014800,
0x00007fff3010c800, 0x00007fff380d5000, 0x00007fff20139800, 0x00007fff2c0e5000,
0x00007fff280c6800, 0x00007fff2c0e8800, 0x00007fff280c8000, 0x00007fff440a3000,
0x00007fff3c0c2000, 0x00007fff440a4000, 0x00007fff380dc800, 0x00007fff40097800,
0x00007fff2013c800, 0x00007fff3010e800, 0x00007fff2013e000, 0x00007fff40099000,
0x00007fff380dd800, 0x00007fff440a6000, 0x00007fff3c0c4000, 0x00007fff2c0ea000,
0x00007fff2c0ec000, 0x00007fff440a8800, 0x00007fff440aa000, 0x00007fff2c0ee000,
0x00007fff280ca000, 0x00007fff3c0c6000, 0x00007fff380e0800, 0x00007fff4009b000,
0x00007fff20140000, 0x00007fff30110800, 0x00007fff20141800, 0x00007fff400a0800,
0x00007fff380e2800, 0x00007fff3c0c7800, 0x00007fff280cb800, 0x00007fff2c0f0000,
0x00007fff440ac000, 0x00007fff2c0f2000, 0x00007fff280cd800, 0x00007fff3c0c9800,
0x00007fff380e4000, 0x00007fff400a2800, 0x00007fff20143800, 0x00007fff30112000,
0x00007fff20145800, 0x00007fff400a4800, 0x00007fff380e6800, 0x00007fff3c0cc000,
0x00007fff280cf800, 0x00007fff2c0f3800, 0x00007fff440ae000, 0x00007fff2c0f5800,
0x00007fff280d1800, 0x00007fff3c0cd800, 0x00007fff380e8800, 0x00007fff400a6800,
0x00007fff20147800, 0x00007fff30114000, 0x00007fff20149800, 0x00007fff400a9000,
0x00007fff380ea800, 0x00007fff3c0cf800, 0x00007fff280d3800, 0x00007fff2c0f8000,
0x00007fff440b0000, 0x00007fff2c0fa000, 0x00007fff280d5800, 0x00007fff3c0d2000,
0x00007fff380ed000, 0x00007fff400ab000, 0x00007fff2014b800, 0x00007fff2014d800,
0x00007fff20150000, 0x00007fff30116000, 0x00007fff30118000, 0x00007fff400ad000,
0x00007fff380ef000, 0x00007fff3c0d4000, 0x00007fff280d7800, 0x00007fff2c0fc000,
0x00007fff440b2000, 0x00007fff280d9800, 0x00007fff3c0d6000, 0x00007fff380f1000,
0x00007fff400af000, 0x00007fff3011a000, 0x00007fff280db800, 0x00007fff440b4800,
0x00007fff3011b800, 0x00007fff440b6800, 0x00007fff3011e000, 0x00007fff30120000,
0x00007fff30122000, 0x00007ffe9c00d000, 0x00007ffe90009800, 0x00007ffea4001800,
0x00007ffea8002000, 0x00007ffea0003000, 0x00007ffeac001800, 0x00007ffe98001800,
0x00007ffe94001800, 0x00007ffe9c00e800, 0x00007ffe9000b000, 0x00007ffea4003000,
0x00007ffea8003000, 0x00007ffea0004000, 0x00007ffeac003000, 0x00007ffe98003800,
0x00007ffe94003800, 0x00007ffe9c00f800, 0x00007ffe9000d000, 0x00007ffea4004800,
0x00007ffea8005000, 0x00007ffea0005800, 0x00007ffeac005000, 0x00007ffe98005000,
0x00007ffe94005000, 0x00007ffe9c011000, 0x00007ffe9000e800, 0x00007ffea4006800,
0x00007ffea8007800, 0x00007ffea0007800, 0x00007ffeac007000, 0x00007ffe98007000,
0x00007ffe94006800, 0x00007ffe9c013000, 0x00007ffe90010800, 0x00007ffea4008800,
0x00007ffea8009000, 0x00007ffea0009800, 0x00007ffeac008800, 0x00007ffe98009000,
0x00007ffe94009000, 0x00007ffe9c015800, 0x00007ffe90012000, 0x00007ffea400a800,
0x00007ffea800b000, 0x00007ffea000b800, 0x00007ffeac00a800, 0x00007ffe9800b000,
0x00007ffe9400a000, 0x00007ffe9c017000, 0x00007ffe90014000, 0x00007ffea400c000,
0x00007ffea800d000, 0x00007ffea000d800, 0x00007ffeac00c000, 0x00007ffe9800d000,
0x00007ffe9400c800, 0x00007ffe9c019800, 0x00007ffe90016000, 0x00007ffea400e000,
0x00007ffea800e800, 0x00007ffea000f800, 0x00007ffeac00e000, 0x00007ffe9800e000,
0x00007ffe9400e800, 0x00007ffdf0008000, 0x00007ffdf000a000, 0x00007ffeac010800,
0x00007ffea8010800, 0x00007ffdf000c800, 0x00007ffe18005800, 0x00007ffe18007000,
0x00007fff2007c000, 0x00007ffec0001800, 0x00007ffe18008800, 0x00007ffed4027000,
0x00007ffecc001800, 0x00007ffec0004000, 0x00007ffe1800b000, 0x00007ffe14005800,
0x00007ffe14007800, 0x00007ffee0005800, 0x00007ffe1400a000, 0x00007ffee8003000,
0x00007ffee0007800, 0x00007ffef4003800, 0x00007ffeec004000, 0x00007ffe1400b800,
0x00007ffdac005800, 0x00007ffdac008000, 0x00007fff0c003800, 0x00007fff14003800,
0x00007fff0c005000, 0x00007fff08004000, 0x00007ffdac00a800, 0x00007ffdf4006000,
0x00007ffdf4009000, 0x00007fff2007c800, 0x00007ffdf400b800, 0x00007ffdf400d000,
0x00007fff2c0cf800, 0x00007ffdf400e800, 0x00007ffdfc005800, 0x00007ffdfc008000,
0x00007fff400b1800, 0x00007ffdfc00a800, 0x00007fff4c07d000, 0x00007fff400b2000,
0x00007fff4800a000, 0x00007ffdfc00b000, 0x00007ffdfc00e800, 0x00007ffddc00d800,
0x00007ffddc010000, 0x00007fff6c106800, 0x00007fff68001800, 0x00007ffddc012800,
0x00007fff68004000, 0x00007fff7c001800, 0x00007ffddc013000, 0x00007ffddc016000,
0x00007ffdf8005800, 0x00007ffdf8008000, 0x00007fff88001800, 0x00007fff94001800,
0x00007ffdf800a000, 0x00007fff9c001800, 0x00007ffdf800b800, 0x00007ffe0c006000,
0x00007ffcf4002800, 0x00007ffcfc002800, 0x00007ffd98007800, 0x00007ffdd4035800,
0x00007ffe08001800, 0x00007ffd60006000, 0x00007ffd20006000, 0x00007ffd34008800,
0x00007ffcf0053800, 0x00007ffcec002800, 0x00007ffcf8006800, 0x00007ffd00006000,
0x00007ffd3805d800, 0x00007ffd04004800, 0x00007ffd74003000, 0x00007ffda0007800,
0x00007ffd28007000, 0x00007ffd68001000, 0x00007ffd90007000, 0x00007ffd08001000,
0x00007ffd14005000, 0x00007ffdcc057800, 0x00007ffd58002000, 0x00007ffd9c006800,
0x00007ffd18006800, 0x00007ffd24005000, 0x00007ffd84005000, 0x00007ffd4c009000,
0x00007ffd64009800, 0x00007ffdc0001800, 0x00007ffdd8001800, 0x00007fff00004800
}

Java Threads: ( => current thread )
=>0x0000555556782000 JavaThread "main" [_thread_in_native, id=31540, stack(0x00007fffffeff000,0x00007ffffffff000)]
  0x0000555556a62000 JavaThread "Reference Handler" daemon [_thread_blocked, id=31710, stack(0x00007fff9aef8000,0x00007fff9aff8000)]
  0x0000555556a64000 JavaThread "Finalizer" daemon [_thread_blocked, id=31711, stack(0x00007fff9adf8000,0x00007fff9aef8000)]
  0x0000555556a68000 JavaThread "Signal Dispatcher" daemon [_thread_blocked, id=31713, stack(0x00007fff9acf8000,0x00007fff9adf8000)]
  0x0000555556a6a000 JavaThread "Service Thread" daemon [_thread_blocked, id=31714, stack(0x00007fff9abf8000,0x00007fff9acf8000)]
  0x0000555556a6c000 JavaThread "C2 CompilerThread0" daemon [_thread_blocked, id=31715, stack(0x00007fff9aaf8000,0x00007fff9abf8000)]
  0x0000555556a6e800 JavaThread "C1 CompilerThread0" daemon [_thread_blocked, id=31716, stack(0x00007fff9a9f8000,0x00007fff9aaf8000)]
  0x0000555556a70800 JavaThread "Sweeper thread" daemon [_thread_blocked, id=31717, stack(0x00007fff9a8f8000,0x00007fff9a9f8000)]
  0x0000555556aa1800 JavaThread "Common-Cleaner" daemon [_thread_blocked, id=31721, stack(0x00007fff9a5f7000,0x00007fff9a6f7000)]
  0x00007fff3c049000 JavaThread "Thread-13" [_thread_blocked, id=31778, stack(0x00007fff9a2f7000,0x00007fff9a3f7000)]
  0x00007fff2c03d000 JavaThread "Thread-9" [_thread_blocked, id=31779, stack(0x00007fff9a1f7000,0x00007fff9a2f7000)]
  0x00007fff3803a000 JavaThread "Thread-15" [_thread_blocked, id=31780, stack(0x00007fff9a3f7000,0x00007fff9a4f7000)]
  0x00007fff3002b000 JavaThread "Thread-12" [_thread_blocked, id=31781, stack(0x00007fff9a0f7000,0x00007fff9a1f7000)]
  0x00007fff28047000 JavaThread "Thread-14" [_thread_blocked, id=31782, stack(0x00007fff99ff7000,0x00007fff9a0f7000)]
  0x00007fff44023000 JavaThread "Thread-10" [_thread_blocked, id=31783, stack(0x00007fff347ce000,0x00007fff348ce000)]
  0x00007fff4002a800 JavaThread "Thread-11" [_thread_blocked, id=31784, stack(0x00007fff346ce000,0x00007fff347ce000)]
  0x00007fff20069800 JavaThread "Thread-8" [_thread_blocked, id=31785, stack(0x00007fff345ce000,0x00007fff346ce000)]
  0x00007fff3c0b7000 JavaThread "nioEventLoopGroup-7-1" [_thread_in_native, id=31790, stack(0x00007ffeb7a00000,0x00007ffeb7b00000)]
  0x00007fff280c5000 JavaThread "nioEventLoopGroup-9-1" [_thread_in_native, id=31791, stack(0x00007ffeb7900000,0x00007ffeb7a00000)]
  0x00007fff30067000 JavaThread "nioEventLoopGroup-8-1" [_thread_in_native, id=31792, stack(0x00007ffeb7800000,0x00007ffeb7900000)]
  0x00007fff380d3000 JavaThread "nioEventLoopGroup-4-1" [_thread_in_native, id=31793, stack(0x00007ffeb7700000,0x00007ffeb7800000)]
  0x00007fff2c0e1000 JavaThread "nioEventLoopGroup-2-1" [_thread_in_native, id=31794, stack(0x00007ffeb7600000,0x00007ffeb7700000)]
  0x00007fff4008e800 JavaThread "nioEventLoopGroup-6-1" [_thread_in_native, id=31795, stack(0x00007ffeb7500000,0x00007ffeb7600000)]
  0x00007fff4403a000 JavaThread "nioEventLoopGroup-5-1" [_thread_in_native, id=31796, stack(0x00007ffeb7400000,0x00007ffeb7500000)]
  0x00007fff20135800 JavaThread "nioEventLoopGroup-3-1" [_thread_in_native, id=31797, stack(0x00007ffeb7300000,0x00007ffeb7400000)]
  0x00007fff3c0b8800 JavaThread "request timer" [_thread_blocked, id=31798, stack(0x00007ffeb7200000,0x00007ffeb7300000)]
  0x00007fff44098000 JavaThread "request timer" [_thread_blocked, id=31799, stack(0x00007ffeb7100000,0x00007ffeb7200000)]
  0x00007fff3010b000 JavaThread "request timer" [_thread_blocked, id=31800, stack(0x00007ffeb7000000,0x00007ffeb7100000)]
  0x00007fff380d7800 JavaThread "request timer" [_thread_blocked, id=31801, stack(0x00007ffeb6f00000,0x00007ffeb7000000)]
  0x00007fff280bd000 JavaThread "request timer" [_thread_blocked, id=31802, stack(0x00007ffeb6e00000,0x00007ffeb6f00000)]
  0x00007fff20137800 JavaThread "request timer" [_thread_blocked, id=31803, stack(0x00007ffeb6d00000,0x00007ffeb6e00000)]
  0x00007fff40091800 JavaThread "request timer" [_thread_blocked, id=31804, stack(0x00007ffeb6c00000,0x00007ffeb6d00000)]
  0x00007fff2c0e3800 JavaThread "request timer" [_thread_blocked, id=31805, stack(0x00007ffeb6b00000,0x00007ffeb6c00000)]
  0x00007fff40095000 JavaThread "Delivery Thread" [_thread_blocked, id=31806, stack(0x00007ffeb6a00000,0x00007ffeb6b00000)]
  0x00007fff3c0bf000 JavaThread "Delivery Thread" [_thread_blocked, id=31807, stack(0x00007ffeb6900000,0x00007ffeb6a00000)]
  0x00007fff44014800 JavaThread "Delivery Thread" [_thread_blocked, id=31808, stack(0x00007ffeb6800000,0x00007ffeb6900000)]
  0x00007fff3010c800 JavaThread "Delivery Thread" [_thread_blocked, id=31809, stack(0x00007ffeb6700000,0x00007ffeb6800000)]
  0x00007fff380d5000 JavaThread "Delivery Thread" [_thread_blocked, id=31810, stack(0x00007ffeb6600000,0x00007ffeb6700000)]
  0x00007fff20139800 JavaThread "Delivery Thread" [_thread_blocked, id=31811, stack(0x00007ffeb6500000,0x00007ffeb6600000)]
  0x00007fff2c0e5000 JavaThread "Delivery Thread" [_thread_blocked, id=31812, stack(0x00007ffeb6400000,0x00007ffeb6500000)]
  0x00007fff280c6800 JavaThread "Delivery Thread" [_thread_blocked, id=31813, stack(0x00007ffeb6300000,0x00007ffeb6400000)]
  0x00007fff2c0e8800 JavaThread "Timer-0" [_thread_blocked, id=31814, stack(0x00007ffeb6200000,0x00007ffeb6300000)]
  0x00007fff280c8000 JavaThread "Timer-7" [_thread_blocked, id=31815, stack(0x00007ffeb6100000,0x00007ffeb6200000)]
  0x00007fff440a3000 JavaThread "Timer-6" [_thread_blocked, id=31816, stack(0x00007ffeb6000000,0x00007ffeb6100000)]
  0x00007fff3c0c2000 JavaThread "Timer-5" [_thread_blocked, id=31817, stack(0x00007ffeb5f00000,0x00007ffeb6000000)]
  0x00007fff440a4000 JavaThread "TOM Layer" [_thread_blocked, id=31818, stack(0x00007ffeb5e00000,0x00007ffeb5f00000)]
  0x00007fff380dc800 JavaThread "Timer-4" [_thread_blocked, id=31819, stack(0x00007ffeb5d00000,0x00007ffeb5e00000)]
  0x00007fff40097800 JavaThread "Timer-2" [_thread_blocked, id=31820, stack(0x00007ffeb5c00000,0x00007ffeb5d00000)]
  0x00007fff2013c800 JavaThread "Timer-1" [_thread_blocked, id=31821, stack(0x00007ffeb5b00000,0x00007ffeb5c00000)]
  0x00007fff3010e800 JavaThread "Timer-3" [_thread_blocked, id=31822, stack(0x00007ffeb5a00000,0x00007ffeb5b00000)]
  0x00007fff2013e000 JavaThread "TOM Layer" [_thread_blocked, id=31823, stack(0x00007ffeb5900000,0x00007ffeb5a00000)]
  0x00007fff40099000 JavaThread "TOM Layer" [_thread_blocked, id=31824, stack(0x00007ffeb5800000,0x00007ffeb5900000)]
  0x00007fff380dd800 JavaThread "TOM Layer" [_thread_blocked, id=31825, stack(0x00007ffeb5700000,0x00007ffeb5800000)]
  0x00007fff440a6000 JavaThread "Server Comm. System" [_thread_blocked, id=31826, stack(0x00007ffeb5600000,0x00007ffeb5700000)]
  0x00007fff3c0c4000 JavaThread "TOM Layer" [_thread_blocked, id=31827, stack(0x00007ffeb5500000,0x00007ffeb5600000)]
  0x00007fff2c0ea000 JavaThread "TOM Layer" [_thread_blocked, id=31828, stack(0x00007ffeb5400000,0x00007ffeb5500000)]
  0x00007fff2c0ec000 JavaThread "Server Comm. System" [_thread_blocked, id=31829, stack(0x00007ffeb5300000,0x00007ffeb5400000)]
  0x00007fff440a8800 JavaThread "Thread-40" [_thread_blocked, id=31830, stack(0x00007ffeb5200000,0x00007ffeb5300000)]
  0x00007fff440aa000 JavaThread "Thread-41" [_thread_blocked, id=31831, stack(0x00007ffeb5100000,0x00007ffeb5200000)]
  0x00007fff2c0ee000 JavaThread "Thread-48" [_thread_blocked, id=31832, stack(0x00007ffeb5000000,0x00007ffeb5100000)]
  0x00007fff280ca000 JavaThread "TOM Layer" [_thread_blocked, id=31833, stack(0x00007ffeb4f00000,0x00007ffeb5000000)]
  0x00007fff3c0c6000 JavaThread "Server Comm. System" [_thread_blocked, id=31834, stack(0x00007ffeb4e00000,0x00007ffeb4f00000)]
  0x00007fff380e0800 JavaThread "Server Comm. System" [_thread_blocked, id=31835, stack(0x00007ffeb4d00000,0x00007ffeb4e00000)]
  0x00007fff4009b000 JavaThread "Server Comm. System" [_thread_blocked, id=31836, stack(0x00007ffeb4c00000,0x00007ffeb4d00000)]
  0x00007fff20140000 JavaThread "Server Comm. System" [_thread_blocked, id=31837, stack(0x00007ffeb4b00000,0x00007ffeb4c00000)]
  0x00007fff30110800 JavaThread "TOM Layer" [_thread_blocked, id=31838, stack(0x00007ffeb4a00000,0x00007ffeb4b00000)]
  0x00007fff20141800 JavaThread "Thread-80" [_thread_blocked, id=31839, stack(0x00007ffeb4900000,0x00007ffeb4a00000)]
  0x00007fff400a0800 JavaThread "Thread-72" [_thread_blocked, id=31840, stack(0x00007ffeb4800000,0x00007ffeb4900000)]
  0x00007fff380e2800 JavaThread "Thread-64" [_thread_blocked, id=31841, stack(0x00007ffeb4700000,0x00007ffeb4800000)]
  0x00007fff3c0c7800 JavaThread "Thread-56" [_thread_blocked, id=31842, stack(0x00007ffeb4600000,0x00007ffeb4700000)]
  0x00007fff280cb800 JavaThread "Server Comm. System" [_thread_blocked, id=31843, stack(0x00007ffeb4500000,0x00007ffeb4600000)]
  0x00007fff2c0f0000 JavaThread "Thread-49" [_thread_blocked, id=31844, stack(0x00007ffeb4400000,0x00007ffeb4500000)]
  0x00007fff440ac000 JavaThread "Thread-42" [_thread_blocked, id=31845, stack(0x00007ffeb4300000,0x00007ffeb4400000)]
  0x00007fff2c0f2000 JavaThread "Thread-50" [_thread_blocked, id=31846, stack(0x00007ffeb4200000,0x00007ffeb4300000)]
  0x00007fff280cd800 JavaThread "Thread-88" [_thread_blocked, id=31847, stack(0x00007ffeb4100000,0x00007ffeb4200000)]
  0x00007fff3c0c9800 JavaThread "Thread-57" [_thread_blocked, id=31848, stack(0x00007ffeb4000000,0x00007ffeb4100000)]
  0x00007fff380e4000 JavaThread "Thread-65" [_thread_blocked, id=31849, stack(0x00007ffdc7f00000,0x00007ffdc8000000)]
  0x00007fff400a2800 JavaThread "Thread-73" [_thread_blocked, id=31850, stack(0x00007ffdc7e00000,0x00007ffdc7f00000)]
  0x00007fff20143800 JavaThread "Thread-81" [_thread_blocked, id=31851, stack(0x00007ffdc7d00000,0x00007ffdc7e00000)]
  0x00007fff30112000 JavaThread "Server Comm. System" [_thread_blocked, id=31852, stack(0x00007ffdc7c00000,0x00007ffdc7d00000)]
  0x00007fff20145800 JavaThread "Thread-82" [_thread_blocked, id=31853, stack(0x00007ffdc7b00000,0x00007ffdc7c00000)]
  0x00007fff400a4800 JavaThread "Thread-74" [_thread_blocked, id=31854, stack(0x00007ffdc7a00000,0x00007ffdc7b00000)]
  0x00007fff380e6800 JavaThread "Thread-66" [_thread_blocked, id=31855, stack(0x00007ffdc7900000,0x00007ffdc7a00000)]
  0x00007fff3c0cc000 JavaThread "Thread-58" [_thread_blocked, id=31856, stack(0x00007ffdc7800000,0x00007ffdc7900000)]
  0x00007fff280cf800 JavaThread "Thread-89" [_thread_blocked, id=31857, stack(0x00007ffdc7700000,0x00007ffdc7800000)]
  0x00007fff2c0f3800 JavaThread "Thread-51" [_thread_blocked, id=31858, stack(0x00007ffdc7600000,0x00007ffdc7700000)]
  0x00007fff440ae000 JavaThread "Thread-43" [_thread_blocked, id=31859, stack(0x00007ffdc7500000,0x00007ffdc7600000)]
  0x00007fff2c0f5800 JavaThread "Thread-52" [_thread_blocked, id=31860, stack(0x00007ffdc7400000,0x00007ffdc7500000)]
  0x00007fff280d1800 JavaThread "Thread-90" [_thread_blocked, id=31861, stack(0x00007ffdc7300000,0x00007ffdc7400000)]
  0x00007fff3c0cd800 JavaThread "Thread-59" [_thread_blocked, id=31862, stack(0x00007ffdc7200000,0x00007ffdc7300000)]
  0x00007fff380e8800 JavaThread "Thread-67" [_thread_blocked, id=31863, stack(0x00007ffdc7100000,0x00007ffdc7200000)]
  0x00007fff400a6800 JavaThread "Thread-75" [_thread_blocked, id=31864, stack(0x00007ffdc7000000,0x00007ffdc7100000)]
  0x00007fff20147800 JavaThread "Thread-83" [_thread_blocked, id=31865, stack(0x00007ffdc6f00000,0x00007ffdc7000000)]
  0x00007fff30114000 JavaThread "Thread-96" [_thread_blocked, id=31866, stack(0x00007ffdc6e00000,0x00007ffdc6f00000)]
  0x00007fff20149800 JavaThread "Thread-84" [_thread_blocked, id=31867, stack(0x00007ffdc6d00000,0x00007ffdc6e00000)]
  0x00007fff400a9000 JavaThread "Thread-76" [_thread_blocked, id=31868, stack(0x00007ffdc6c00000,0x00007ffdc6d00000)]
  0x00007fff380ea800 JavaThread "Thread-68" [_thread_blocked, id=31869, stack(0x00007ffdc6b00000,0x00007ffdc6c00000)]
  0x00007fff3c0cf800 JavaThread "Thread-60" [_thread_blocked, id=31870, stack(0x00007ffdc6a00000,0x00007ffdc6b00000)]
  0x00007fff280d3800 JavaThread "Thread-91" [_thread_blocked, id=31871, stack(0x00007ffdc6900000,0x00007ffdc6a00000)]
  0x00007fff2c0f8000 JavaThread "Thread-53" [_thread_blocked, id=31872, stack(0x00007ffdc6800000,0x00007ffdc6900000)]
  0x00007fff440b0000 JavaThread "Thread-44" [_thread_blocked, id=31873, stack(0x00007ffdc6700000,0x00007ffdc6800000)]
  0x00007fff2c0fa000 JavaThread "Thread-54" [_thread_blocked, id=31874, stack(0x00007ffdc6600000,0x00007ffdc6700000)]
  0x00007fff280d5800 JavaThread "Thread-92" [_thread_blocked, id=31875, stack(0x00007ffdc6500000,0x00007ffdc6600000)]
  0x00007fff3c0d2000 JavaThread "Thread-61" [_thread_blocked, id=31876, stack(0x00007ffdc6400000,0x00007ffdc6500000)]
  0x00007fff380ed000 JavaThread "Thread-69" [_thread_blocked, id=31877, stack(0x00007ffdc6300000,0x00007ffdc6400000)]
  0x00007fff400ab000 JavaThread "Thread-77" [_thread_blocked, id=31878, stack(0x00007ffdc6200000,0x00007ffdc6300000)]
  0x00007fff2014b800 JavaThread "Thread-85" [_thread_blocked, id=31879, stack(0x00007ffdc6100000,0x00007ffdc6200000)]
  0x00007fff2014d800 JavaThread "Thread-86" [_thread_blocked, id=31880, stack(0x00007ffdc6000000,0x00007ffdc6100000)]
  0x00007fff20150000 JavaThread "Thread-87" [_thread_blocked, id=31881, stack(0x00007ffdc5f00000,0x00007ffdc6000000)]
  0x00007fff30116000 JavaThread "Thread-97" [_thread_blocked, id=31882, stack(0x00007ffdc5e00000,0x00007ffdc5f00000)]
  0x00007fff30118000 JavaThread "Thread-98" [_thread_blocked, id=31883, stack(0x00007ffdc5d00000,0x00007ffdc5e00000)]
  0x00007fff400ad000 JavaThread "Thread-78" [_thread_blocked, id=31884, stack(0x00007ffdc5c00000,0x00007ffdc5d00000)]
  0x00007fff380ef000 JavaThread "Thread-70" [_thread_blocked, id=31885, stack(0x00007ffdc5b00000,0x00007ffdc5c00000)]
  0x00007fff3c0d4000 JavaThread "Thread-62" [_thread_blocked, id=31886, stack(0x00007ffdc5a00000,0x00007ffdc5b00000)]
  0x00007fff280d7800 JavaThread "Thread-93" [_thread_blocked, id=31887, stack(0x00007ffdc5900000,0x00007ffdc5a00000)]
  0x00007fff2c0fc000 JavaThread "Thread-55" [_thread_blocked, id=31888, stack(0x00007ffdc5800000,0x00007ffdc5900000)]
  0x00007fff440b2000 JavaThread "Thread-45" [_thread_blocked, id=31889, stack(0x00007ffdc5700000,0x00007ffdc5800000)]
  0x00007fff280d9800 JavaThread "Thread-94" [_thread_blocked, id=31890, stack(0x00007ffdc5600000,0x00007ffdc5700000)]
  0x00007fff3c0d6000 JavaThread "Thread-63" [_thread_blocked, id=31891, stack(0x00007ffdc5500000,0x00007ffdc5600000)]
  0x00007fff380f1000 JavaThread "Thread-71" [_thread_blocked, id=31892, stack(0x00007ffdc5400000,0x00007ffdc5500000)]
  0x00007fff400af000 JavaThread "Thread-79" [_thread_blocked, id=31893, stack(0x00007ffdc5300000,0x00007ffdc5400000)]
  0x00007fff3011a000 JavaThread "Thread-99" [_thread_blocked, id=31894, stack(0x00007ffdc5200000,0x00007ffdc5300000)]
  0x00007fff280db800 JavaThread "Thread-95" [_thread_blocked, id=31895, stack(0x00007ffdc5100000,0x00007ffdc5200000)]
  0x00007fff440b4800 JavaThread "Thread-46" [_thread_blocked, id=31896, stack(0x00007ffdc5000000,0x00007ffdc5100000)]
  0x00007fff3011b800 JavaThread "Thread-100" [_thread_blocked, id=31897, stack(0x00007ffdc4f00000,0x00007ffdc5000000)]
  0x00007fff440b6800 JavaThread "Thread-47" [_thread_blocked, id=31898, stack(0x00007ffdc4e00000,0x00007ffdc4f00000)]
  0x00007fff3011e000 JavaThread "Thread-101" [_thread_blocked, id=31899, stack(0x00007ffdc4d00000,0x00007ffdc4e00000)]
  0x00007fff30120000 JavaThread "Thread-102" [_thread_blocked, id=31900, stack(0x00007ffdc4c00000,0x00007ffdc4d00000)]
  0x00007fff30122000 JavaThread "Thread-103" [_thread_blocked, id=31901, stack(0x00007ffdc4b00000,0x00007ffdc4c00000)]
  0x00007ffe9c00d000 JavaThread "nioEventLoopGroup-11-1" [_thread_in_native, id=32071, stack(0x00007fff350d6000,0x00007fff351d6000)]
  0x00007ffe90009800 JavaThread "nioEventLoopGroup-10-1" [_thread_in_native, id=32073, stack(0x00007fff340ce000,0x00007fff341ce000)]
  0x00007ffea4001800 JavaThread "nioEventLoopGroup-13-1" [_thread_in_native, id=32075, stack(0x00007fff377fa000,0x00007fff378fa000)]
  0x00007ffea8002000 JavaThread "nioEventLoopGroup-14-1" [_thread_in_native, id=32077, stack(0x00007fff99ef7000,0x00007fff99ff7000)]
  0x00007ffea0003000 JavaThread "nioEventLoopGroup-12-1" [_thread_in_native, id=32079, stack(0x00007fff986ee000,0x00007fff987ee000)]
  0x00007ffeac001800 JavaThread "nioEventLoopGroup-16-1" [_thread_in_native, id=32082, stack(0x00007fff37f00000,0x00007fff38000000)]
  0x00007ffe98001800 JavaThread "nioEventLoopGroup-15-1" [_thread_in_native, id=32085, stack(0x00007ffdc4800000,0x00007ffdc4900000)]
  0x00007ffe94001800 JavaThread "nioEventLoopGroup-17-1" [_thread_in_native, id=32088, stack(0x00007ffdc4500000,0x00007ffdc4600000)]
  0x00007ffe9c00e800 JavaThread "nioEventLoopGroup-11-2" [_thread_in_native, id=32093, stack(0x00007ffdc4700000,0x00007ffdc4800000)]
  0x00007ffe9000b000 JavaThread "nioEventLoopGroup-10-2" [_thread_in_native, id=32095, stack(0x00007ffcc1ef6000,0x00007ffcc1ff6000)]
  0x00007ffea4003000 JavaThread "nioEventLoopGroup-13-2" [_thread_in_native, id=32097, stack(0x00007ffcc1cf6000,0x00007ffcc1df6000)]
  0x00007ffea8003000 JavaThread "nioEventLoopGroup-14-2" [_thread_in_native, id=32099, stack(0x00007ffcc1af6000,0x00007ffcc1bf6000)]
  0x00007ffea0004000 JavaThread "nioEventLoopGroup-12-2" [_thread_in_native, id=32101, stack(0x00007ffcc18f6000,0x00007ffcc19f6000)]
  0x00007ffeac003000 JavaThread "nioEventLoopGroup-16-2" [_thread_in_native, id=32103, stack(0x00007ffcc16f6000,0x00007ffcc17f6000)]
  0x00007ffe98003800 JavaThread "nioEventLoopGroup-15-2" [_thread_in_native, id=32106, stack(0x00007ffcc14f6000,0x00007ffcc15f6000)]
  0x00007ffe94003800 JavaThread "nioEventLoopGroup-17-2" [_thread_in_native, id=32109, stack(0x00007ffcc11f6000,0x00007ffcc12f6000)]
  0x00007ffe9c00f800 JavaThread "nioEventLoopGroup-11-3" [_thread_in_native, id=32126, stack(0x00007ffcc0ef6000,0x00007ffcc0ff6000)]
  0x00007ffe9000d000 JavaThread "nioEventLoopGroup-10-3" [_thread_in_native, id=32128, stack(0x00007ffcc0cf6000,0x00007ffcc0df6000)]
  0x00007ffea4004800 JavaThread "nioEventLoopGroup-13-3" [_thread_in_native, id=32130, stack(0x00007ffcc0af6000,0x00007ffcc0bf6000)]
  0x00007ffea8005000 JavaThread "nioEventLoopGroup-14-3" [_thread_in_native, id=32132, stack(0x00007ffcc08f6000,0x00007ffcc09f6000)]
  0x00007ffea0005800 JavaThread "nioEventLoopGroup-12-3" [_thread_in_native, id=32134, stack(0x00007ffcc06f6000,0x00007ffcc07f6000)]
  0x00007ffeac005000 JavaThread "nioEventLoopGroup-16-3" [_thread_in_native, id=32136, stack(0x00007ffcc04f6000,0x00007ffcc05f6000)]
  0x00007ffe98005000 JavaThread "nioEventLoopGroup-15-3" [_thread_in_native, id=32138, stack(0x00007ffcc02f6000,0x00007ffcc03f6000)]
  0x00007ffe94005000 JavaThread "nioEventLoopGroup-17-3" [_thread_in_native, id=32140, stack(0x00007ffcc00f6000,0x00007ffcc01f6000)]
  0x00007ffe9c011000 JavaThread "nioEventLoopGroup-11-4" [_thread_in_native, id=32144, stack(0x00007ffcb3c00000,0x00007ffcb3d00000)]
  0x00007ffe9000e800 JavaThread "nioEventLoopGroup-10-4" [_thread_in_native, id=32146, stack(0x00007ffcb3a00000,0x00007ffcb3b00000)]
  0x00007ffea4006800 JavaThread "nioEventLoopGroup-13-4" [_thread_in_native, id=32148, stack(0x00007ffcb3800000,0x00007ffcb3900000)]
  0x00007ffea8007800 JavaThread "nioEventLoopGroup-14-4" [_thread_in_native, id=32150, stack(0x00007ffcb3600000,0x00007ffcb3700000)]
  0x00007ffea0007800 JavaThread "nioEventLoopGroup-12-4" [_thread_in_native, id=32152, stack(0x00007ffcb3400000,0x00007ffcb3500000)]
  0x00007ffeac007000 JavaThread "nioEventLoopGroup-16-4" [_thread_in_native, id=32154, stack(0x00007ffcb3200000,0x00007ffcb3300000)]
  0x00007ffe98007000 JavaThread "nioEventLoopGroup-15-4" [_thread_in_native, id=32156, stack(0x00007ffcb3000000,0x00007ffcb3100000)]
  0x00007ffe94006800 JavaThread "nioEventLoopGroup-17-4" [_thread_in_native, id=32158, stack(0x00007ffcb2e00000,0x00007ffcb2f00000)]
  0x00007ffe9c013000 JavaThread "nioEventLoopGroup-11-5" [_thread_in_native, id=32162, stack(0x00007ffcb2a00000,0x00007ffcb2b00000)]
  0x00007ffe90010800 JavaThread "nioEventLoopGroup-10-5" [_thread_in_native, id=32164, stack(0x00007ffcb2800000,0x00007ffcb2900000)]
  0x00007ffea4008800 JavaThread "nioEventLoopGroup-13-5" [_thread_in_native, id=32166, stack(0x00007ffcb2600000,0x00007ffcb2700000)]
  0x00007ffea8009000 JavaThread "nioEventLoopGroup-14-5" [_thread_in_native, id=32168, stack(0x00007ffcb2400000,0x00007ffcb2500000)]
  0x00007ffea0009800 JavaThread "nioEventLoopGroup-12-5" [_thread_in_native, id=32170, stack(0x00007ffcb2200000,0x00007ffcb2300000)]
  0x00007ffeac008800 JavaThread "nioEventLoopGroup-16-5" [_thread_in_native, id=32172, stack(0x00007ffcb2000000,0x00007ffcb2100000)]
  0x00007ffe98009000 JavaThread "nioEventLoopGroup-15-5" [_thread_in_native, id=32174, stack(0x00007ffcb1e00000,0x00007ffcb1f00000)]
  0x00007ffe94009000 JavaThread "nioEventLoopGroup-17-5" [_thread_in_native, id=32176, stack(0x00007ffcb1c00000,0x00007ffcb1d00000)]
  0x00007ffe9c015800 JavaThread "nioEventLoopGroup-11-6" [_thread_in_native, id=32245, stack(0x00007ffcb1700000,0x00007ffcb1800000)]
  0x00007ffe90012000 JavaThread "nioEventLoopGroup-10-6" [_thread_in_native, id=32247, stack(0x00007ffcb1500000,0x00007ffcb1600000)]
  0x00007ffea400a800 JavaThread "nioEventLoopGroup-13-6" [_thread_in_native, id=32249, stack(0x00007ffcb1300000,0x00007ffcb1400000)]
  0x00007ffea800b000 JavaThread "nioEventLoopGroup-14-6" [_thread_in_native, id=32251, stack(0x00007ffcb1100000,0x00007ffcb1200000)]
  0x00007ffea000b800 JavaThread "nioEventLoopGroup-12-6" [_thread_in_native, id=32253, stack(0x00007ffcb0f00000,0x00007ffcb1000000)]
  0x00007ffeac00a800 JavaThread "nioEventLoopGroup-16-6" [_thread_in_native, id=32255, stack(0x00007ffcb0d00000,0x00007ffcb0e00000)]
  0x00007ffe9800b000 JavaThread "nioEventLoopGroup-15-6" [_thread_in_native, id=32257, stack(0x00007ffcb0b00000,0x00007ffcb0c00000)]
  0x00007ffe9400a000 JavaThread "nioEventLoopGroup-17-6" [_thread_in_native, id=32259, stack(0x00007ffcb0900000,0x00007ffcb0a00000)]
  0x00007ffe9c017000 JavaThread "nioEventLoopGroup-11-7" [_thread_in_native, id=32274, stack(0x00007ffcb0500000,0x00007ffcb0600000)]
  0x00007ffe90014000 JavaThread "nioEventLoopGroup-10-7" [_thread_in_native, id=32276, stack(0x00007ffcb0300000,0x00007ffcb0400000)]
  0x00007ffea400c000 JavaThread "nioEventLoopGroup-13-7" [_thread_in_native, id=32278, stack(0x00007ffcb0100000,0x00007ffcb0200000)]
  0x00007ffea800d000 JavaThread "nioEventLoopGroup-14-7" [_thread_in_native, id=32280, stack(0x00007ffcaff00000,0x00007ffcb0000000)]
  0x00007ffea000d800 JavaThread "nioEventLoopGroup-12-7" [_thread_in_native, id=32282, stack(0x00007ffcafd00000,0x00007ffcafe00000)]
  0x00007ffeac00c000 JavaThread "nioEventLoopGroup-16-7" [_thread_in_native, id=32284, stack(0x00007ffcafb00000,0x00007ffcafc00000)]
  0x00007ffe9800d000 JavaThread "nioEventLoopGroup-15-7" [_thread_in_native, id=32286, stack(0x00007ffcaf900000,0x00007ffcafa00000)]
  0x00007ffe9400c800 JavaThread "nioEventLoopGroup-17-7" [_thread_in_native, id=32288, stack(0x00007ffcaf700000,0x00007ffcaf800000)]
  0x00007ffe9c019800 JavaThread "nioEventLoopGroup-11-8" [_thread_in_native, id=32292, stack(0x00007ffcaf300000,0x00007ffcaf400000)]
  0x00007ffe90016000 JavaThread "nioEventLoopGroup-10-8" [_thread_in_native, id=32294, stack(0x00007ffcaf100000,0x00007ffcaf200000)]
  0x00007ffea400e000 JavaThread "nioEventLoopGroup-13-8" [_thread_in_native, id=32296, stack(0x00007ffcaef00000,0x00007ffcaf000000)]
  0x00007ffea800e800 JavaThread "nioEventLoopGroup-14-8" [_thread_in_native, id=32298, stack(0x00007ffcaed00000,0x00007ffcaee00000)]
  0x00007ffea000f800 JavaThread "nioEventLoopGroup-12-8" [_thread_in_native, id=32300, stack(0x00007ffcaeb00000,0x00007ffcaec00000)]
  0x00007ffeac00e000 JavaThread "nioEventLoopGroup-16-8" [_thread_in_native, id=32302, stack(0x00007ffcae900000,0x00007ffcaea00000)]
  0x00007ffe9800e000 JavaThread "nioEventLoopGroup-15-8" [_thread_in_native, id=32304, stack(0x00007ffcae700000,0x00007ffcae800000)]
  0x00007ffe9400e800 JavaThread "nioEventLoopGroup-17-8" [_thread_in_native, id=32306, stack(0x00007ffcae500000,0x00007ffcae600000)]
  0x00007ffdf0008000 JavaThread "ForkJoinPool-4-worker-51" daemon [_thread_blocked, id=32308, stack(0x00007ffcae300000,0x00007ffcae400000)]
  0x00007ffdf000a000 JavaThread "ForkJoinPool-4-worker-37" daemon [_thread_blocked, id=32309, stack(0x00007ffcae200000,0x00007ffcae300000)]
  0x00007ffeac010800 JavaThread "ForkJoinPool-4-worker-23" daemon [_thread_blocked, id=32310, stack(0x00007ffcae100000,0x00007ffcae200000)]
  0x00007ffea8010800 JavaThread "ForkJoinPool-4-worker-9" daemon [_thread_blocked, id=32311, stack(0x00007ffcae000000,0x00007ffcae100000)]
  0x00007ffdf000c800 JavaThread "pool-12-thread-1" [_thread_blocked, id=32313, stack(0x00007ffcade00000,0x00007ffcadf00000)]
  0x00007ffe18005800 JavaThread "ForkJoinPool-3-worker-51" daemon [_thread_blocked, id=32883, stack(0x00007fff369ee000,0x00007fff36aee000)]
  0x00007ffe18007000 JavaThread "ForkJoinPool-3-worker-37" daemon [_thread_blocked, id=32884, stack(0x00007ffdc4300000,0x00007ffdc4400000)]
  0x00007fff2007c000 JavaThread "ForkJoinPool-3-worker-23" daemon [_thread_blocked, id=32885, stack(0x00007ffcb1900000,0x00007ffcb1a00000)]
  0x00007ffec0001800 JavaThread "ForkJoinPool-3-worker-59" daemon [_thread_blocked, id=32886, stack(0x00007ffcadd00000,0x00007ffcade00000)]
  0x00007ffe18008800 JavaThread "ForkJoinPool-3-worker-9" daemon [_thread_blocked, id=32887, stack(0x00007ffcadc00000,0x00007ffcadd00000)]
  0x00007ffed4027000 JavaThread "ForkJoinPool-3-worker-45" daemon [_thread_blocked, id=32888, stack(0x00007ffcadb00000,0x00007ffcadc00000)]
  0x00007ffecc001800 JavaThread "ForkJoinPool-3-worker-17" daemon [_thread_blocked, id=32889, stack(0x00007ffcada00000,0x00007ffcadb00000)]
  0x00007ffec0004000 JavaThread "ForkJoinPool-3-worker-31" daemon [_thread_blocked, id=32890, stack(0x00007ffcad900000,0x00007ffcada00000)]
  0x00007ffe1800b000 JavaThread "pool-14-thread-1" [_thread_blocked, id=32891, stack(0x00007ffcad800000,0x00007ffcad900000)]
  0x00007ffe14005800 JavaThread "ForkJoinPool-7-worker-51" daemon [_thread_blocked, id=32905, stack(0x00007ffcad700000,0x00007ffcad800000)]
  0x00007ffe14007800 JavaThread "ForkJoinPool-7-worker-37" daemon [_thread_blocked, id=32906, stack(0x00007ffcad600000,0x00007ffcad700000)]
  0x00007ffee0005800 JavaThread "ForkJoinPool-7-worker-23" daemon [_thread_blocked, id=32907, stack(0x00007ffcad500000,0x00007ffcad600000)]
  0x00007ffe1400a000 JavaThread "ForkJoinPool-7-worker-9" daemon [_thread_blocked, id=32908, stack(0x00007ffcad400000,0x00007ffcad500000)]
  0x00007ffee8003000 JavaThread "ForkJoinPool-7-worker-59" daemon [_thread_blocked, id=32909, stack(0x00007ffcad300000,0x00007ffcad400000)]
  0x00007ffee0007800 JavaThread "ForkJoinPool-7-worker-17" daemon [_thread_blocked, id=32910, stack(0x00007ffcad200000,0x00007ffcad300000)]
  0x00007ffef4003800 JavaThread "ForkJoinPool-7-worker-31" daemon [_thread_blocked, id=32911, stack(0x00007ffcad100000,0x00007ffcad200000)]
  0x00007ffeec004000 JavaThread "ForkJoinPool-7-worker-45" daemon [_thread_blocked, id=32912, stack(0x00007ffcad000000,0x00007ffcad100000)]
  0x00007ffe1400b800 JavaThread "pool-9-thread-1" [_thread_blocked, id=32913, stack(0x00007ffcacf00000,0x00007ffcad000000)]
  0x00007ffdac005800 JavaThread "ForkJoinPool-1-worker-51" daemon [_thread_blocked, id=32920, stack(0x00007ffcace00000,0x00007ffcacf00000)]
  0x00007ffdac008000 JavaThread "ForkJoinPool-1-worker-37" daemon [_thread_blocked, id=32921, stack(0x00007ffcacd00000,0x00007ffcace00000)]
  0x00007fff0c003800 JavaThread "ForkJoinPool-1-worker-23" daemon [_thread_blocked, id=32922, stack(0x00007ffcacc00000,0x00007ffcacd00000)]
  0x00007fff14003800 JavaThread "ForkJoinPool-1-worker-9" daemon [_thread_blocked, id=32923, stack(0x00007ffcacb00000,0x00007ffcacc00000)]
  0x00007fff0c005000 JavaThread "ForkJoinPool-1-worker-45" daemon [_thread_blocked, id=32924, stack(0x00007ffcaca00000,0x00007ffcacb00000)]
  0x00007fff08004000 JavaThread "ForkJoinPool-1-worker-59" daemon [_thread_blocked, id=32925, stack(0x00007ffcac900000,0x00007ffcaca00000)]
  0x00007ffdac00a800 JavaThread "pool-16-thread-1" [_thread_blocked, id=32926, stack(0x00007ffcac800000,0x00007ffcac900000)]
  0x00007ffdf4006000 JavaThread "ForkJoinPool-8-worker-51" daemon [_thread_blocked, id=32927, stack(0x00007ffcac700000,0x00007ffcac800000)]
  0x00007ffdf4009000 JavaThread "ForkJoinPool-8-worker-37" daemon [_thread_blocked, id=32928, stack(0x00007ffcac600000,0x00007ffcac700000)]
  0x00007fff2007c800 JavaThread "ForkJoinPool-8-worker-23" daemon [_thread_blocked, id=32929, stack(0x00007ffcac500000,0x00007ffcac600000)]
  0x00007ffdf400b800 JavaThread "ForkJoinPool-8-worker-9" daemon [_thread_blocked, id=32930, stack(0x00007ffcac400000,0x00007ffcac500000)]
  0x00007ffdf400d000 JavaThread "ForkJoinPool-8-worker-59" daemon [_thread_blocked, id=32931, stack(0x00007ffcac300000,0x00007ffcac400000)]
  0x00007fff2c0cf800 JavaThread "ForkJoinPool-8-worker-45" daemon [_thread_blocked, id=32932, stack(0x00007ffcac200000,0x00007ffcac300000)]
  0x00007ffdf400e800 JavaThread "pool-15-thread-1" [_thread_blocked, id=32933, stack(0x00007ffcac100000,0x00007ffcac200000)]
  0x00007ffdfc005800 JavaThread "ForkJoinPool-5-worker-51" daemon [_thread_blocked, id=32934, stack(0x00007ffcac000000,0x00007ffcac100000)]
  0x00007ffdfc008000 JavaThread "ForkJoinPool-5-worker-37" daemon [_thread_blocked, id=32935, stack(0x00007ffcabf00000,0x00007ffcac000000)]
  0x00007fff400b1800 JavaThread "ForkJoinPool-5-worker-23" daemon [_thread_blocked, id=32936, stack(0x00007ffcabe00000,0x00007ffcabf00000)]
  0x00007ffdfc00a800 JavaThread "ForkJoinPool-5-worker-9" daemon [_thread_blocked, id=32937, stack(0x00007ffcabd00000,0x00007ffcabe00000)]
  0x00007fff4c07d000 JavaThread "ForkJoinPool-5-worker-59" daemon [_thread_blocked, id=32938, stack(0x00007ffcabc00000,0x00007ffcabd00000)]
  0x00007fff400b2000 JavaThread "ForkJoinPool-5-worker-17" daemon [_thread_blocked, id=32939, stack(0x00007ffcabb00000,0x00007ffcabc00000)]
  0x00007fff4800a000 JavaThread "ForkJoinPool-5-worker-31" daemon [_thread_blocked, id=32940, stack(0x00007ffcaba00000,0x00007ffcabb00000)]
  0x00007ffdfc00b000 JavaThread "ForkJoinPool-5-worker-45" daemon [_thread_blocked, id=32941, stack(0x00007ffcab900000,0x00007ffcaba00000)]
  0x00007ffdfc00e800 JavaThread "pool-13-thread-1" [_thread_blocked, id=32942, stack(0x00007ffcab800000,0x00007ffcab900000)]
  0x00007ffddc00d800 JavaThread "ForkJoinPool-6-worker-51" daemon [_thread_blocked, id=32954, stack(0x00007ffcab700000,0x00007ffcab800000)]
  0x00007ffddc010000 JavaThread "ForkJoinPool-6-worker-37" daemon [_thread_blocked, id=32955, stack(0x00007ffcab600000,0x00007ffcab700000)]
  0x00007fff6c106800 JavaThread "ForkJoinPool-6-worker-23" daemon [_thread_blocked, id=32956, stack(0x00007ffcab500000,0x00007ffcab600000)]
  0x00007fff68001800 JavaThread "ForkJoinPool-6-worker-59" daemon [_thread_blocked, id=32957, stack(0x00007ffcab400000,0x00007ffcab500000)]
  0x00007ffddc012800 JavaThread "ForkJoinPool-6-worker-9" daemon [_thread_blocked, id=32958, stack(0x00007ffcab300000,0x00007ffcab400000)]
  0x00007fff68004000 JavaThread "ForkJoinPool-6-worker-45" daemon [_thread_blocked, id=32959, stack(0x00007ffcab200000,0x00007ffcab300000)]
  0x00007fff7c001800 JavaThread "ForkJoinPool-6-worker-17" daemon [_thread_blocked, id=32960, stack(0x00007ffcab100000,0x00007ffcab200000)]
  0x00007ffddc013000 JavaThread "ForkJoinPool-6-worker-31" daemon [_thread_blocked, id=32961, stack(0x00007ffcab000000,0x00007ffcab100000)]
  0x00007ffddc016000 JavaThread "pool-10-thread-1" [_thread_blocked, id=32962, stack(0x00007ffcaaf00000,0x00007ffcab000000)]
  0x00007ffdf8005800 JavaThread "ForkJoinPool-2-worker-51" daemon [_thread_blocked, id=32963, stack(0x00007ffcaae00000,0x00007ffcaaf00000)]
  0x00007ffdf8008000 JavaThread "ForkJoinPool-2-worker-37" daemon [_thread_blocked, id=32964, stack(0x00007ffcaad00000,0x00007ffcaae00000)]
  0x00007fff88001800 JavaThread "ForkJoinPool-2-worker-23" daemon [_thread_blocked, id=32965, stack(0x00007ffcaac00000,0x00007ffcaad00000)]
  0x00007fff94001800 JavaThread "ForkJoinPool-2-worker-9" daemon [_thread_blocked, id=32966, stack(0x00007ffcaab00000,0x00007ffcaac00000)]
  0x00007ffdf800a000 JavaThread "ForkJoinPool-2-worker-59" daemon [_thread_blocked, id=32967, stack(0x00007ffcaaa00000,0x00007ffcaab00000)]
  0x00007fff9c001800 JavaThread "ForkJoinPool-2-worker-45" daemon [_thread_blocked, id=32968, stack(0x00007ffcaa900000,0x00007ffcaaa00000)]
  0x00007ffdf800b800 JavaThread "pool-11-thread-1" [_thread_blocked, id=32969, stack(0x00007ffcaa800000,0x00007ffcaa900000)]
  0x00007ffe0c006000 JavaThread "retry" [_thread_blocked, id=33451, stack(0x00007ffcadf00000,0x00007ffcae000000)]
  0x00007ffcf4002800 JavaThread "retry" [_thread_blocked, id=33452, stack(0x00007ffcb1f00000,0x00007ffcb2000000)]
  0x00007ffcfc002800 JavaThread "retry" [_thread_blocked, id=33453, stack(0x00007ffcae600000,0x00007ffcae700000)]
  0x00007ffd98007800 JavaThread "retry" [_thread_blocked, id=33454, stack(0x00007ffcaec00000,0x00007ffcaed00000)]
  0x00007ffdd4035800 JavaThread "retry" [_thread_blocked, id=33455, stack(0x00007ffcaee00000,0x00007ffcaef00000)]
  0x00007ffe08001800 JavaThread "retry" [_thread_blocked, id=33456, stack(0x00007ffcaf200000,0x00007ffcaf300000)]
  0x00007ffd60006000 JavaThread "retry" [_thread_blocked, id=33457, stack(0x00007ffcaf000000,0x00007ffcaf100000)]
  0x00007ffd20006000 JavaThread "retry" [_thread_blocked, id=33458, stack(0x00007ffcae800000,0x00007ffcae900000)]
  0x00007ffd34008800 JavaThread "retry" [_thread_blocked, id=33470, stack(0x00007ffcaea00000,0x00007ffcaeb00000)]
  0x00007ffcf0053800 JavaThread "retry" [_thread_blocked, id=33471, stack(0x00007fff994fa000,0x00007fff995fa000)]
  0x00007ffcec002800 JavaThread "retry" [_thread_blocked, id=33472, stack(0x00007ffcc10f6000,0x00007ffcc11f6000)]
  0x00007ffcf8006800 JavaThread "retry" [_thread_blocked, id=33473, stack(0x00007fff9a4f7000,0x00007fff9a5f7000)]
  0x00007ffd00006000 JavaThread "retry" [_thread_blocked, id=33474, stack(0x00007fff9a7f8000,0x00007fff9a8f8000)]
  0x00007ffd3805d800 JavaThread "retry" [_thread_blocked, id=33475, stack(0x00007ffca6f00000,0x00007ffca7000000)]
  0x00007ffd04004800 JavaThread "retry" [_thread_blocked, id=33476, stack(0x00007ffcae400000,0x00007ffcae500000)]
  0x00007ffd74003000 JavaThread "retry" [_thread_blocked, id=33477, stack(0x00007ffca7000000,0x00007ffca7100000)]
  0x00007ffda0007800 JavaThread "retry" [_thread_blocked, id=33478, stack(0x00007ffcaf400000,0x00007ffcaf500000)]
  0x00007ffd28007000 JavaThread "retry" [_thread_blocked, id=33479, stack(0x00007ffca6d00000,0x00007ffca6e00000)]
  0x00007ffd68001000 JavaThread "retry" [_thread_blocked, id=33480, stack(0x00007ffca7500000,0x00007ffca7600000)]
  0x00007ffd90007000 JavaThread "retry" [_thread_blocked, id=33481, stack(0x00007ffca7400000,0x00007ffca7500000)]
  0x00007ffd08001000 JavaThread "retry" [_thread_blocked, id=33482, stack(0x00007ffcb3700000,0x00007ffcb3800000)]
  0x00007ffd14005000 JavaThread "retry" [_thread_blocked, id=33483, stack(0x00007ffcb2f00000,0x00007ffcb3000000)]
  0x00007ffdcc057800 JavaThread "retry" [_thread_blocked, id=33484, stack(0x00007ffcb0700000,0x00007ffcb0800000)]
  0x00007ffd58002000 JavaThread "retry" [_thread_blocked, id=33485, stack(0x00007ffcb3900000,0x00007ffcb3a00000)]
  0x00007ffd9c006800 JavaThread "retry" [_thread_blocked, id=33492, stack(0x00007ffcaf600000,0x00007ffcaf700000)]
  0x00007ffd18006800 JavaThread "retry" [_thread_blocked, id=33493, stack(0x00007ffcb3500000,0x00007ffcb3600000)]
  0x00007ffd24005000 JavaThread "retry" [_thread_blocked, id=33494, stack(0x00007ffcb0200000,0x00007ffcb0300000)]
  0x00007ffd84005000 JavaThread "retry" [_thread_blocked, id=33495, stack(0x00007ffcafa00000,0x00007ffcafb00000)]
  0x00007ffd4c009000 JavaThread "retry" [_thread_blocked, id=33496, stack(0x00007ffcb0400000,0x00007ffcb0500000)]
  0x00007ffd64009800 JavaThread "retry" [_thread_blocked, id=33497, stack(0x00007ffcaf800000,0x00007ffcaf900000)]
  0x00007ffdc0001800 JavaThread "retry" [_thread_blocked, id=33498, stack(0x00007ffcafc00000,0x00007ffcafd00000)]
  0x00007ffdd8001800 JavaThread "retry" [_thread_blocked, id=33499, stack(0x00007ffcb2b00000,0x00007ffcb2c00000)]
  0x00007fff00004800 JavaThread "Thread-145" [_thread_blocked, id=33541, stack(0x00007ffcafe00000,0x00007ffcaff00000)]

Other Threads:
  0x0000555556a5f000 VMThread "VM Thread" [stack: 0x00007fff9aff9000,0x00007fff9b0f9000] [id=31709]
  0x0000555556a9f800 WatcherThread [stack: 0x00007fff9a6f8000,0x00007fff9a7f8000] [id=31720]
  0x00005555567bb800 GCTaskThread "GC Thread#0" [stack: 0x00007fffce0bd000,0x00007fffce1bd000] [id=31701]
  0x00007fff8c001000 GCTaskThread "GC Thread#1" [stack: 0x00007fff364ea000,0x00007fff365ea000] [id=31740]
  0x00007fff8c002800 GCTaskThread "GC Thread#2" [stack: 0x00007fff363e9000,0x00007fff364e9000] [id=31741]
  0x00007fff8c004800 GCTaskThread "GC Thread#3" [stack: 0x00007fff362e8000,0x00007fff363e8000] [id=31742]
  0x00007fff8c006000 GCTaskThread "GC Thread#4" [stack: 0x00007fff361e7000,0x00007fff362e7000] [id=31743]
  0x00007fff8c007800 GCTaskThread "GC Thread#5" [stack: 0x00007fff360e6000,0x00007fff361e6000] [id=31744]
  0x00007fff8c009000 GCTaskThread "GC Thread#6" [stack: 0x00007fff35fe5000,0x00007fff360e5000] [id=31745]
  0x00007fff8c00a800 GCTaskThread "GC Thread#7" [stack: 0x00007fff35ee4000,0x00007fff35fe4000] [id=31746]
  0x00007fff8c00c000 GCTaskThread "GC Thread#8" [stack: 0x00007fff35de3000,0x00007fff35ee3000] [id=31747]
  0x00007fff8c00d800 GCTaskThread "GC Thread#9" [stack: 0x00007fff35ce2000,0x00007fff35de2000] [id=31748]
  0x00007fff8c00f000 GCTaskThread "GC Thread#10" [stack: 0x00007fff35be1000,0x00007fff35ce1000] [id=31749]
  0x00007fff8c011000 GCTaskThread "GC Thread#11" [stack: 0x00007fff35ae0000,0x00007fff35be0000] [id=31750]
  0x00007fff8c012800 GCTaskThread "GC Thread#12" [stack: 0x00007fff359df000,0x00007fff35adf000] [id=31751]
  0x00007fff8c014000 GCTaskThread "GC Thread#13" [stack: 0x00007fff358de000,0x00007fff359de000] [id=31752]
  0x00007fff8c015800 GCTaskThread "GC Thread#14" [stack: 0x00007fff357dd000,0x00007fff358dd000] [id=31753]
  0x00007fff8c017000 GCTaskThread "GC Thread#15" [stack: 0x00007fff356dc000,0x00007fff357dc000] [id=31754]
  0x00007fff8c018800 GCTaskThread "GC Thread#16" [stack: 0x00007fff355db000,0x00007fff356db000] [id=31755]
  0x00007fff8c01a000 GCTaskThread "GC Thread#17" [stack: 0x00007fff354da000,0x00007fff355da000] [id=31756]
  0x00005555567d7800 ConcurrentGCThread "G1 Main Marker" [stack: 0x00007fffcc727000,0x00007fffcc827000] [id=31703]
  0x00005555567d9000 ConcurrentGCThread "G1 Conc#0" [stack: 0x00007fffcc626000,0x00007fffcc726000] [id=31705]
  0x00005555568f0000 ConcurrentGCThread "G1 Refine#0" [stack: 0x00007fff9b9fb000,0x00007fff9bafb000] [id=31706]
  0x00007fff90001000 ConcurrentGCThread "G1 Refine#1" [stack: 0x00007fff353d9000,0x00007fff354d9000] [id=31757]
  0x00007ffed8001000 ConcurrentGCThread "G1 Refine#2" [stack: 0x00007fff352d8000,0x00007fff353d8000] [id=31758]
  0x00007ffedc001000 ConcurrentGCThread "G1 Refine#3" [stack: 0x00007fff351d7000,0x00007fff352d7000] [id=31759]
  0x00005555568f1800 ConcurrentGCThread "G1 Young RemSet Sampling" [stack: 0x00007fff9b8fa000,0x00007fff9b9fa000] [id=31707]

Threads with active compile tasks:

VM state:not at safepoint (normal execution)

VM Mutex/Monitor currently owned by a thread: None

Heap address: 0x00000000c0000000, size: 1024 MB, Compressed Oops mode: 32-bit
Narrow klass base: 0x0000000800000000, Narrow klass shift: 3
Compressed class space size: 1073741824 Address: 0x0000000840000000

Heap:
 garbage-first heap   total 264192K, used 63076K [0x00000000c0000000, 0x0000000100000000)
  region size 1024K, 31 young (31744K), 8 survivors (8192K)
 Metaspace       used 17046K, capacity 17792K, committed 17920K, reserved 1064960K
  class space    used 1966K, capacity 2230K, committed 2304K, reserved 1048576K
Heap Regions: E=young(eden), S=young(survivor), O=old, HS=humongous(starts), HC=humongous(continues), CS=collection set, F=free, A=archive, TAMS=top-at-mark-start (previous, next)
|   0|0x00000000c0000000, 0x00000000c0100000, 0x00000000c0100000|100%| O|  |TAMS 0x00000000c0000000, 0x00000000c0000000| Untracked 
|   1|0x00000000c0100000, 0x00000000c0200000, 0x00000000c0200000|100%| O|  |TAMS 0x00000000c0100000, 0x00000000c0100000| Untracked 
|   2|0x00000000c0200000, 0x00000000c0300000, 0x00000000c0300000|100%| O|  |TAMS 0x00000000c0200000, 0x00000000c0200000| Untracked 
|   3|0x00000000c0300000, 0x00000000c0400000, 0x00000000c0400000|100%| O|  |TAMS 0x00000000c0300000, 0x00000000c0300000| Untracked 
|   4|0x00000000c0400000, 0x00000000c0500000, 0x00000000c0500000|100%| O|  |TAMS 0x00000000c0400000, 0x00000000c0400000| Untracked 
|   5|0x00000000c0500000, 0x00000000c0600000, 0x00000000c0600000|100%| O|  |TAMS 0x00000000c0500000, 0x00000000c0500000| Untracked 
|   6|0x00000000c0600000, 0x00000000c0700000, 0x00000000c0700000|100%| O|  |TAMS 0x00000000c0600000, 0x00000000c0600000| Untracked 
|   7|0x00000000c0700000, 0x00000000c0800000, 0x00000000c0800000|100%| O|  |TAMS 0x00000000c0700000, 0x00000000c0700000| Untracked 
|   8|0x00000000c0800000, 0x00000000c0900000, 0x00000000c0900000|100%| O|  |TAMS 0x00000000c0800000, 0x00000000c0800000| Untracked 
|   9|0x00000000c0900000, 0x00000000c0a00000, 0x00000000c0a00000|100%| O|  |TAMS 0x00000000c0900000, 0x00000000c0900000| Untracked 
|  10|0x00000000c0a00000, 0x00000000c0b00000, 0x00000000c0b00000|100%| O|  |TAMS 0x00000000c0a00000, 0x00000000c0a00000| Untracked 
|  11|0x00000000c0b00000, 0x00000000c0c00000, 0x00000000c0c00000|100%| O|  |TAMS 0x00000000c0b00000, 0x00000000c0b00000| Untracked 
|  12|0x00000000c0c00000, 0x00000000c0d00000, 0x00000000c0d00000|100%| O|  |TAMS 0x00000000c0c00000, 0x00000000c0c00000| Untracked 
|  13|0x00000000c0d00000, 0x00000000c0e00000, 0x00000000c0e00000|100%| O|  |TAMS 0x00000000c0d00000, 0x00000000c0d00000| Untracked 
|  14|0x00000000c0e00000, 0x00000000c0f00000, 0x00000000c0f00000|100%| O|  |TAMS 0x00000000c0e00000, 0x00000000c0e00000| Untracked 
|  15|0x00000000c0f00000, 0x00000000c1000000, 0x00000000c1000000|100%| O|  |TAMS 0x00000000c0f00000, 0x00000000c0f00000| Untracked 
|  16|0x00000000c1000000, 0x00000000c1100000, 0x00000000c1100000|100%| O|  |TAMS 0x00000000c1000000, 0x00000000c1000000| Untracked 
|  17|0x00000000c1100000, 0x00000000c1200000, 0x00000000c1200000|100%| O|  |TAMS 0x00000000c1100000, 0x00000000c1100000| Untracked 
|  18|0x00000000c1200000, 0x00000000c1300000, 0x00000000c1300000|100%| O|  |TAMS 0x00000000c1200000, 0x00000000c1200000| Untracked 
|  19|0x00000000c1300000, 0x00000000c1400000, 0x00000000c1400000|100%| O|  |TAMS 0x00000000c1300000, 0x00000000c1300000| Untracked 
|  20|0x00000000c1400000, 0x00000000c1500000, 0x00000000c1500000|100%| O|  |TAMS 0x00000000c1400000, 0x00000000c1400000| Untracked 
|  21|0x00000000c1500000, 0x00000000c1600000, 0x00000000c1600000|100%| O|  |TAMS 0x00000000c1500000, 0x00000000c1500000| Untracked 
|  22|0x00000000c1600000, 0x00000000c1700000, 0x00000000c1700000|100%| O|  |TAMS 0x00000000c1600000, 0x00000000c1600000| Untracked 
|  23|0x00000000c1700000, 0x00000000c1800000, 0x00000000c1800000|100%| O|  |TAMS 0x00000000c1700000, 0x00000000c1700000| Untracked 
|  24|0x00000000c1800000, 0x00000000c1900000, 0x00000000c1900000|100%| O|  |TAMS 0x00000000c1800000, 0x00000000c1800000| Untracked 
|  25|0x00000000c1900000, 0x00000000c1a00000, 0x00000000c1a00000|100%| O|  |TAMS 0x00000000c1900000, 0x00000000c1900000| Untracked 
|  26|0x00000000c1a00000, 0x00000000c1b00000, 0x00000000c1b00000|100%| O|  |TAMS 0x00000000c1a00000, 0x00000000c1a00000| Untracked 
|  27|0x00000000c1b00000, 0x00000000c1c00000, 0x00000000c1c00000|100%| O|  |TAMS 0x00000000c1b00000, 0x00000000c1b00000| Untracked 
|  28|0x00000000c1c00000, 0x00000000c1d00000, 0x00000000c1d00000|100%| O|  |TAMS 0x00000000c1c00000, 0x00000000c1c00000| Untracked 
|  29|0x00000000c1d00000, 0x00000000c1e00000, 0x00000000c1e00000|100%| O|  |TAMS 0x00000000c1d00000, 0x00000000c1d00000| Untracked 
|  30|0x00000000c1e00000, 0x00000000c1f00000, 0x00000000c1f00000|100%| O|  |TAMS 0x00000000c1e00000, 0x00000000c1e00000| Untracked 
|  31|0x00000000c1f00000, 0x00000000c1fe5200, 0x00000000c2000000| 89%| O|  |TAMS 0x00000000c1f00000, 0x00000000c1f00000| Untracked 
|  32|0x00000000c2000000, 0x00000000c2000000, 0x00000000c2100000|  0%| F|  |TAMS 0x00000000c2000000, 0x00000000c2000000| Untracked 
|  33|0x00000000c2100000, 0x00000000c2100000, 0x00000000c2200000|  0%| F|  |TAMS 0x00000000c2100000, 0x00000000c2100000| Untracked 
|  34|0x00000000c2200000, 0x00000000c2200000, 0x00000000c2300000|  0%| F|  |TAMS 0x00000000c2200000, 0x00000000c2200000| Untracked 
|  35|0x00000000c2300000, 0x00000000c2300000, 0x00000000c2400000|  0%| F|  |TAMS 0x00000000c2300000, 0x00000000c2300000| Untracked 
|  36|0x00000000c2400000, 0x00000000c2400000, 0x00000000c2500000|  0%| F|  |TAMS 0x00000000c2400000, 0x00000000c2400000| Untracked 
|  37|0x00000000c2500000, 0x00000000c2500000, 0x00000000c2600000|  0%| F|  |TAMS 0x00000000c2500000, 0x00000000c2500000| Untracked 
|  38|0x00000000c2600000, 0x00000000c2600000, 0x00000000c2700000|  0%| F|  |TAMS 0x00000000c2600000, 0x00000000c2600000| Untracked 
|  39|0x00000000c2700000, 0x00000000c2700000, 0x00000000c2800000|  0%| F|  |TAMS 0x00000000c2700000, 0x00000000c2700000| Untracked 
|  40|0x00000000c2800000, 0x00000000c2800000, 0x00000000c2900000|  0%| F|  |TAMS 0x00000000c2800000, 0x00000000c2800000| Untracked 
|  41|0x00000000c2900000, 0x00000000c2900000, 0x00000000c2a00000|  0%| F|  |TAMS 0x00000000c2900000, 0x00000000c2900000| Untracked 
|  42|0x00000000c2a00000, 0x00000000c2a00000, 0x00000000c2b00000|  0%| F|  |TAMS 0x00000000c2a00000, 0x00000000c2a00000| Untracked 
|  43|0x00000000c2b00000, 0x00000000c2b00000, 0x00000000c2c00000|  0%| F|  |TAMS 0x00000000c2b00000, 0x00000000c2b00000| Untracked 
|  44|0x00000000c2c00000, 0x00000000c2c00000, 0x00000000c2d00000|  0%| F|  |TAMS 0x00000000c2c00000, 0x00000000c2c00000| Untracked 
|  45|0x00000000c2d00000, 0x00000000c2d00000, 0x00000000c2e00000|  0%| F|  |TAMS 0x00000000c2d00000, 0x00000000c2d00000| Untracked 
|  46|0x00000000c2e00000, 0x00000000c2e00000, 0x00000000c2f00000|  0%| F|  |TAMS 0x00000000c2e00000, 0x00000000c2e00000| Untracked 
|  47|0x00000000c2f00000, 0x00000000c2f00000, 0x00000000c3000000|  0%| F|  |TAMS 0x00000000c2f00000, 0x00000000c2f00000| Untracked 
|  48|0x00000000c3000000, 0x00000000c3000000, 0x00000000c3100000|  0%| F|  |TAMS 0x00000000c3000000, 0x00000000c3000000| Untracked 
|  49|0x00000000c3100000, 0x00000000c3100000, 0x00000000c3200000|  0%| F|  |TAMS 0x00000000c3100000, 0x00000000c3100000| Untracked 
|  50|0x00000000c3200000, 0x00000000c3200000, 0x00000000c3300000|  0%| F|  |TAMS 0x00000000c3200000, 0x00000000c3200000| Untracked 
|  51|0x00000000c3300000, 0x00000000c3300000, 0x00000000c3400000|  0%| F|  |TAMS 0x00000000c3300000, 0x00000000c3300000| Untracked 
|  52|0x00000000c3400000, 0x00000000c3400000, 0x00000000c3500000|  0%| F|  |TAMS 0x00000000c3400000, 0x00000000c3400000| Untracked 
|  53|0x00000000c3500000, 0x00000000c3500000, 0x00000000c3600000|  0%| F|  |TAMS 0x00000000c3500000, 0x00000000c3500000| Untracked 
|  54|0x00000000c3600000, 0x00000000c3600000, 0x00000000c3700000|  0%| F|  |TAMS 0x00000000c3600000, 0x00000000c3600000| Untracked 
|  55|0x00000000c3700000, 0x00000000c3700000, 0x00000000c3800000|  0%| F|  |TAMS 0x00000000c3700000, 0x00000000c3700000| Untracked 
|  56|0x00000000c3800000, 0x00000000c3800000, 0x00000000c3900000|  0%| F|  |TAMS 0x00000000c3800000, 0x00000000c3800000| Untracked 
|  57|0x00000000c3900000, 0x00000000c3900000, 0x00000000c3a00000|  0%| F|  |TAMS 0x00000000c3900000, 0x00000000c3900000| Untracked 
|  58|0x00000000c3a00000, 0x00000000c3a00000, 0x00000000c3b00000|  0%| F|  |TAMS 0x00000000c3a00000, 0x00000000c3a00000| Untracked 
|  59|0x00000000c3b00000, 0x00000000c3b00000, 0x00000000c3c00000|  0%| F|  |TAMS 0x00000000c3b00000, 0x00000000c3b00000| Untracked 
|  60|0x00000000c3c00000, 0x00000000c3c00000, 0x00000000c3d00000|  0%| F|  |TAMS 0x00000000c3c00000, 0x00000000c3c00000| Untracked 
|  61|0x00000000c3d00000, 0x00000000c3d00000, 0x00000000c3e00000|  0%| F|  |TAMS 0x00000000c3d00000, 0x00000000c3d00000| Untracked 
|  62|0x00000000c3e00000, 0x00000000c3e00000, 0x00000000c3f00000|  0%| F|  |TAMS 0x00000000c3e00000, 0x00000000c3e00000| Untracked 
|  63|0x00000000c3f00000, 0x00000000c3f00000, 0x00000000c4000000|  0%| F|  |TAMS 0x00000000c3f00000, 0x00000000c3f00000| Untracked 
|  64|0x00000000c4000000, 0x00000000c4000000, 0x00000000c4100000|  0%| F|  |TAMS 0x00000000c4000000, 0x00000000c4000000| Untracked 
|  65|0x00000000c4100000, 0x00000000c4100000, 0x00000000c4200000|  0%| F|  |TAMS 0x00000000c4100000, 0x00000000c4100000| Untracked 
|  66|0x00000000c4200000, 0x00000000c4200000, 0x00000000c4300000|  0%| F|  |TAMS 0x00000000c4200000, 0x00000000c4200000| Untracked 
|  67|0x00000000c4300000, 0x00000000c4300000, 0x00000000c4400000|  0%| F|  |TAMS 0x00000000c4300000, 0x00000000c4300000| Untracked 
|  68|0x00000000c4400000, 0x00000000c4400000, 0x00000000c4500000|  0%| F|  |TAMS 0x00000000c4400000, 0x00000000c4400000| Untracked 
|  69|0x00000000c4500000, 0x00000000c4500000, 0x00000000c4600000|  0%| F|  |TAMS 0x00000000c4500000, 0x00000000c4500000| Untracked 
|  70|0x00000000c4600000, 0x00000000c4600000, 0x00000000c4700000|  0%| F|  |TAMS 0x00000000c4600000, 0x00000000c4600000| Untracked 
|  71|0x00000000c4700000, 0x00000000c4700000, 0x00000000c4800000|  0%| F|  |TAMS 0x00000000c4700000, 0x00000000c4700000| Untracked 
|  72|0x00000000c4800000, 0x00000000c4800000, 0x00000000c4900000|  0%| F|  |TAMS 0x00000000c4800000, 0x00000000c4800000| Untracked 
|  73|0x00000000c4900000, 0x00000000c4900000, 0x00000000c4a00000|  0%| F|  |TAMS 0x00000000c4900000, 0x00000000c4900000| Untracked 
|  74|0x00000000c4a00000, 0x00000000c4a00000, 0x00000000c4b00000|  0%| F|  |TAMS 0x00000000c4a00000, 0x00000000c4a00000| Untracked 
|  75|0x00000000c4b00000, 0x00000000c4b00000, 0x00000000c4c00000|  0%| F|  |TAMS 0x00000000c4b00000, 0x00000000c4b00000| Untracked 
|  76|0x00000000c4c00000, 0x00000000c4c00000, 0x00000000c4d00000|  0%| F|  |TAMS 0x00000000c4c00000, 0x00000000c4c00000| Untracked 
|  77|0x00000000c4d00000, 0x00000000c4d00000, 0x00000000c4e00000|  0%| F|  |TAMS 0x00000000c4d00000, 0x00000000c4d00000| Untracked 
|  78|0x00000000c4e00000, 0x00000000c4e00000, 0x00000000c4f00000|  0%| F|  |TAMS 0x00000000c4e00000, 0x00000000c4e00000| Untracked 
|  79|0x00000000c4f00000, 0x00000000c4f00000, 0x00000000c5000000|  0%| F|  |TAMS 0x00000000c4f00000, 0x00000000c4f00000| Untracked 
|  80|0x00000000c5000000, 0x00000000c5000000, 0x00000000c5100000|  0%| F|  |TAMS 0x00000000c5000000, 0x00000000c5000000| Untracked 
|  81|0x00000000c5100000, 0x00000000c5100000, 0x00000000c5200000|  0%| F|  |TAMS 0x00000000c5100000, 0x00000000c5100000| Untracked 
|  82|0x00000000c5200000, 0x00000000c5200000, 0x00000000c5300000|  0%| F|  |TAMS 0x00000000c5200000, 0x00000000c5200000| Untracked 
|  83|0x00000000c5300000, 0x00000000c5300000, 0x00000000c5400000|  0%| F|  |TAMS 0x00000000c5300000, 0x00000000c5300000| Untracked 
|  84|0x00000000c5400000, 0x00000000c5400000, 0x00000000c5500000|  0%| F|  |TAMS 0x00000000c5400000, 0x00000000c5400000| Untracked 
|  85|0x00000000c5500000, 0x00000000c5500000, 0x00000000c5600000|  0%| F|  |TAMS 0x00000000c5500000, 0x00000000c5500000| Untracked 
|  86|0x00000000c5600000, 0x00000000c5600000, 0x00000000c5700000|  0%| F|  |TAMS 0x00000000c5600000, 0x00000000c5600000| Untracked 
|  87|0x00000000c5700000, 0x00000000c5700000, 0x00000000c5800000|  0%| F|  |TAMS 0x00000000c5700000, 0x00000000c5700000| Untracked 
|  88|0x00000000c5800000, 0x00000000c5800000, 0x00000000c5900000|  0%| F|  |TAMS 0x00000000c5800000, 0x00000000c5800000| Untracked 
|  89|0x00000000c5900000, 0x00000000c5900000, 0x00000000c5a00000|  0%| F|  |TAMS 0x00000000c5900000, 0x00000000c5900000| Untracked 
|  90|0x00000000c5a00000, 0x00000000c5a00000, 0x00000000c5b00000|  0%| F|  |TAMS 0x00000000c5a00000, 0x00000000c5a00000| Untracked 
|  91|0x00000000c5b00000, 0x00000000c5b00000, 0x00000000c5c00000|  0%| F|  |TAMS 0x00000000c5b00000, 0x00000000c5b00000| Untracked 
|  92|0x00000000c5c00000, 0x00000000c5c00000, 0x00000000c5d00000|  0%| F|  |TAMS 0x00000000c5c00000, 0x00000000c5c00000| Untracked 
|  93|0x00000000c5d00000, 0x00000000c5d00000, 0x00000000c5e00000|  0%| F|  |TAMS 0x00000000c5d00000, 0x00000000c5d00000| Untracked 
|  94|0x00000000c5e00000, 0x00000000c5e00000, 0x00000000c5f00000|  0%| F|  |TAMS 0x00000000c5e00000, 0x00000000c5e00000| Untracked 
|  95|0x00000000c5f00000, 0x00000000c5f00000, 0x00000000c6000000|  0%| F|  |TAMS 0x00000000c5f00000, 0x00000000c5f00000| Untracked 
|  96|0x00000000c6000000, 0x00000000c6000000, 0x00000000c6100000|  0%| F|  |TAMS 0x00000000c6000000, 0x00000000c6000000| Untracked 
|  97|0x00000000c6100000, 0x00000000c6100000, 0x00000000c6200000|  0%| F|  |TAMS 0x00000000c6100000, 0x00000000c6100000| Untracked 
|  98|0x00000000c6200000, 0x00000000c6200000, 0x00000000c6300000|  0%| F|  |TAMS 0x00000000c6200000, 0x00000000c6200000| Untracked 
|  99|0x00000000c6300000, 0x00000000c6300000, 0x00000000c6400000|  0%| F|  |TAMS 0x00000000c6300000, 0x00000000c6300000| Untracked 
| 100|0x00000000c6400000, 0x00000000c6400000, 0x00000000c6500000|  0%| F|  |TAMS 0x00000000c6400000, 0x00000000c6400000| Untracked 
| 101|0x00000000c6500000, 0x00000000c6500000, 0x00000000c6600000|  0%| F|  |TAMS 0x00000000c6500000, 0x00000000c6500000| Untracked 
| 102|0x00000000c6600000, 0x00000000c6600000, 0x00000000c6700000|  0%| F|  |TAMS 0x00000000c6600000, 0x00000000c6600000| Untracked 
| 103|0x00000000c6700000, 0x00000000c6700000, 0x00000000c6800000|  0%| F|  |TAMS 0x00000000c6700000, 0x00000000c6700000| Untracked 
| 104|0x00000000c6800000, 0x00000000c6800000, 0x00000000c6900000|  0%| F|  |TAMS 0x00000000c6800000, 0x00000000c6800000| Untracked 
| 105|0x00000000c6900000, 0x00000000c6900000, 0x00000000c6a00000|  0%| F|  |TAMS 0x00000000c6900000, 0x00000000c6900000| Untracked 
| 106|0x00000000c6a00000, 0x00000000c6a00000, 0x00000000c6b00000|  0%| F|  |TAMS 0x00000000c6a00000, 0x00000000c6a00000| Untracked 
| 107|0x00000000c6b00000, 0x00000000c6b00000, 0x00000000c6c00000|  0%| F|  |TAMS 0x00000000c6b00000, 0x00000000c6b00000| Untracked 
| 108|0x00000000c6c00000, 0x00000000c6c00000, 0x00000000c6d00000|  0%| F|  |TAMS 0x00000000c6c00000, 0x00000000c6c00000| Untracked 
| 109|0x00000000c6d00000, 0x00000000c6d00000, 0x00000000c6e00000|  0%| F|  |TAMS 0x00000000c6d00000, 0x00000000c6d00000| Untracked 
| 110|0x00000000c6e00000, 0x00000000c6e00000, 0x00000000c6f00000|  0%| F|  |TAMS 0x00000000c6e00000, 0x00000000c6e00000| Untracked 
| 111|0x00000000c6f00000, 0x00000000c6f00000, 0x00000000c7000000|  0%| F|  |TAMS 0x00000000c6f00000, 0x00000000c6f00000| Untracked 
| 112|0x00000000c7000000, 0x00000000c7000000, 0x00000000c7100000|  0%| F|  |TAMS 0x00000000c7000000, 0x00000000c7000000| Untracked 
| 113|0x00000000c7100000, 0x00000000c7100000, 0x00000000c7200000|  0%| F|  |TAMS 0x00000000c7100000, 0x00000000c7100000| Untracked 
| 114|0x00000000c7200000, 0x00000000c7200000, 0x00000000c7300000|  0%| F|  |TAMS 0x00000000c7200000, 0x00000000c7200000| Untracked 
| 115|0x00000000c7300000, 0x00000000c7300000, 0x00000000c7400000|  0%| F|  |TAMS 0x00000000c7300000, 0x00000000c7300000| Untracked 
| 116|0x00000000c7400000, 0x00000000c7400000, 0x00000000c7500000|  0%| F|  |TAMS 0x00000000c7400000, 0x00000000c7400000| Untracked 
| 117|0x00000000c7500000, 0x00000000c7500000, 0x00000000c7600000|  0%| F|  |TAMS 0x00000000c7500000, 0x00000000c7500000| Untracked 
| 118|0x00000000c7600000, 0x00000000c7600000, 0x00000000c7700000|  0%| F|  |TAMS 0x00000000c7600000, 0x00000000c7600000| Untracked 
| 119|0x00000000c7700000, 0x00000000c7700000, 0x00000000c7800000|  0%| F|  |TAMS 0x00000000c7700000, 0x00000000c7700000| Untracked 
| 120|0x00000000c7800000, 0x00000000c7800000, 0x00000000c7900000|  0%| F|  |TAMS 0x00000000c7800000, 0x00000000c7800000| Untracked 
| 121|0x00000000c7900000, 0x00000000c7900000, 0x00000000c7a00000|  0%| F|  |TAMS 0x00000000c7900000, 0x00000000c7900000| Untracked 
| 122|0x00000000c7a00000, 0x00000000c7a00000, 0x00000000c7b00000|  0%| F|  |TAMS 0x00000000c7a00000, 0x00000000c7a00000| Untracked 
| 123|0x00000000c7b00000, 0x00000000c7b00000, 0x00000000c7c00000|  0%| F|  |TAMS 0x00000000c7b00000, 0x00000000c7b00000| Untracked 
| 124|0x00000000c7c00000, 0x00000000c7c00000, 0x00000000c7d00000|  0%| F|  |TAMS 0x00000000c7c00000, 0x00000000c7c00000| Untracked 
| 125|0x00000000c7d00000, 0x00000000c7d00000, 0x00000000c7e00000|  0%| F|  |TAMS 0x00000000c7d00000, 0x00000000c7d00000| Untracked 
| 126|0x00000000c7e00000, 0x00000000c7e00000, 0x00000000c7f00000|  0%| F|  |TAMS 0x00000000c7e00000, 0x00000000c7e00000| Untracked 
| 127|0x00000000c7f00000, 0x00000000c7f00000, 0x00000000c8000000|  0%| F|  |TAMS 0x00000000c7f00000, 0x00000000c7f00000| Untracked 
| 128|0x00000000c8000000, 0x00000000c8000000, 0x00000000c8100000|  0%| F|  |TAMS 0x00000000c8000000, 0x00000000c8000000| Untracked 
| 129|0x00000000c8100000, 0x00000000c8100000, 0x00000000c8200000|  0%| F|  |TAMS 0x00000000c8100000, 0x00000000c8100000| Untracked 
| 130|0x00000000c8200000, 0x00000000c8200000, 0x00000000c8300000|  0%| F|  |TAMS 0x00000000c8200000, 0x00000000c8200000| Untracked 
| 131|0x00000000c8300000, 0x00000000c8300000, 0x00000000c8400000|  0%| F|  |TAMS 0x00000000c8300000, 0x00000000c8300000| Untracked 
| 132|0x00000000c8400000, 0x00000000c8400000, 0x00000000c8500000|  0%| F|  |TAMS 0x00000000c8400000, 0x00000000c8400000| Untracked 
| 133|0x00000000c8500000, 0x00000000c8500000, 0x00000000c8600000|  0%| F|  |TAMS 0x00000000c8500000, 0x00000000c8500000| Untracked 
| 134|0x00000000c8600000, 0x00000000c8600000, 0x00000000c8700000|  0%| F|  |TAMS 0x00000000c8600000, 0x00000000c8600000| Untracked 
| 135|0x00000000c8700000, 0x00000000c8700000, 0x00000000c8800000|  0%| F|  |TAMS 0x00000000c8700000, 0x00000000c8700000| Untracked 
| 136|0x00000000c8800000, 0x00000000c8800000, 0x00000000c8900000|  0%| F|  |TAMS 0x00000000c8800000, 0x00000000c8800000| Untracked 
| 137|0x00000000c8900000, 0x00000000c8900000, 0x00000000c8a00000|  0%| F|  |TAMS 0x00000000c8900000, 0x00000000c8900000| Untracked 
| 138|0x00000000c8a00000, 0x00000000c8a00000, 0x00000000c8b00000|  0%| F|  |TAMS 0x00000000c8a00000, 0x00000000c8a00000| Untracked 
| 139|0x00000000c8b00000, 0x00000000c8b00000, 0x00000000c8c00000|  0%| F|  |TAMS 0x00000000c8b00000, 0x00000000c8b00000| Untracked 
| 140|0x00000000c8c00000, 0x00000000c8c00000, 0x00000000c8d00000|  0%| F|  |TAMS 0x00000000c8c00000, 0x00000000c8c00000| Untracked 
| 141|0x00000000c8d00000, 0x00000000c8d00000, 0x00000000c8e00000|  0%| F|  |TAMS 0x00000000c8d00000, 0x00000000c8d00000| Untracked 
| 142|0x00000000c8e00000, 0x00000000c8e00000, 0x00000000c8f00000|  0%| F|  |TAMS 0x00000000c8e00000, 0x00000000c8e00000| Untracked 
| 143|0x00000000c8f00000, 0x00000000c8f00000, 0x00000000c9000000|  0%| F|  |TAMS 0x00000000c8f00000, 0x00000000c8f00000| Untracked 
| 144|0x00000000c9000000, 0x00000000c9000000, 0x00000000c9100000|  0%| F|  |TAMS 0x00000000c9000000, 0x00000000c9000000| Untracked 
| 145|0x00000000c9100000, 0x00000000c9100000, 0x00000000c9200000|  0%| F|  |TAMS 0x00000000c9100000, 0x00000000c9100000| Untracked 
| 146|0x00000000c9200000, 0x00000000c9200000, 0x00000000c9300000|  0%| F|  |TAMS 0x00000000c9200000, 0x00000000c9200000| Untracked 
| 147|0x00000000c9300000, 0x00000000c9300000, 0x00000000c9400000|  0%| F|  |TAMS 0x00000000c9300000, 0x00000000c9300000| Untracked 
| 148|0x00000000c9400000, 0x00000000c9400000, 0x00000000c9500000|  0%| F|  |TAMS 0x00000000c9400000, 0x00000000c9400000| Untracked 
| 149|0x00000000c9500000, 0x00000000c9500000, 0x00000000c9600000|  0%| F|  |TAMS 0x00000000c9500000, 0x00000000c9500000| Untracked 
| 150|0x00000000c9600000, 0x00000000c9600000, 0x00000000c9700000|  0%| F|  |TAMS 0x00000000c9600000, 0x00000000c9600000| Untracked 
| 151|0x00000000c9700000, 0x00000000c9700000, 0x00000000c9800000|  0%| F|  |TAMS 0x00000000c9700000, 0x00000000c9700000| Untracked 
| 152|0x00000000c9800000, 0x00000000c9800000, 0x00000000c9900000|  0%| F|  |TAMS 0x00000000c9800000, 0x00000000c9800000| Untracked 
| 153|0x00000000c9900000, 0x00000000c9900000, 0x00000000c9a00000|  0%| F|  |TAMS 0x00000000c9900000, 0x00000000c9900000| Untracked 
| 154|0x00000000c9a00000, 0x00000000c9a00000, 0x00000000c9b00000|  0%| F|  |TAMS 0x00000000c9a00000, 0x00000000c9a00000| Untracked 
| 155|0x00000000c9b00000, 0x00000000c9b00000, 0x00000000c9c00000|  0%| F|  |TAMS 0x00000000c9b00000, 0x00000000c9b00000| Untracked 
| 156|0x00000000c9c00000, 0x00000000c9c00000, 0x00000000c9d00000|  0%| F|  |TAMS 0x00000000c9c00000, 0x00000000c9c00000| Untracked 
| 157|0x00000000c9d00000, 0x00000000c9d00000, 0x00000000c9e00000|  0%| F|  |TAMS 0x00000000c9d00000, 0x00000000c9d00000| Untracked 
| 158|0x00000000c9e00000, 0x00000000c9e00000, 0x00000000c9f00000|  0%| F|  |TAMS 0x00000000c9e00000, 0x00000000c9e00000| Untracked 
| 159|0x00000000c9f00000, 0x00000000c9f00000, 0x00000000ca000000|  0%| F|  |TAMS 0x00000000c9f00000, 0x00000000c9f00000| Untracked 
| 160|0x00000000ca000000, 0x00000000ca000000, 0x00000000ca100000|  0%| F|  |TAMS 0x00000000ca000000, 0x00000000ca000000| Untracked 
| 161|0x00000000ca100000, 0x00000000ca100000, 0x00000000ca200000|  0%| F|  |TAMS 0x00000000ca100000, 0x00000000ca100000| Untracked 
| 162|0x00000000ca200000, 0x00000000ca200000, 0x00000000ca300000|  0%| F|  |TAMS 0x00000000ca200000, 0x00000000ca200000| Untracked 
| 163|0x00000000ca300000, 0x00000000ca300000, 0x00000000ca400000|  0%| F|  |TAMS 0x00000000ca300000, 0x00000000ca300000| Untracked 
| 164|0x00000000ca400000, 0x00000000ca400000, 0x00000000ca500000|  0%| F|  |TAMS 0x00000000ca400000, 0x00000000ca400000| Untracked 
| 165|0x00000000ca500000, 0x00000000ca500000, 0x00000000ca600000|  0%| F|  |TAMS 0x00000000ca500000, 0x00000000ca500000| Untracked 
| 166|0x00000000ca600000, 0x00000000ca600000, 0x00000000ca700000|  0%| F|  |TAMS 0x00000000ca600000, 0x00000000ca600000| Untracked 
| 167|0x00000000ca700000, 0x00000000ca700000, 0x00000000ca800000|  0%| F|  |TAMS 0x00000000ca700000, 0x00000000ca700000| Untracked 
| 168|0x00000000ca800000, 0x00000000ca800000, 0x00000000ca900000|  0%| F|  |TAMS 0x00000000ca800000, 0x00000000ca800000| Untracked 
| 169|0x00000000ca900000, 0x00000000ca900000, 0x00000000caa00000|  0%| F|  |TAMS 0x00000000ca900000, 0x00000000ca900000| Untracked 
| 170|0x00000000caa00000, 0x00000000caa00000, 0x00000000cab00000|  0%| F|  |TAMS 0x00000000caa00000, 0x00000000caa00000| Untracked 
| 171|0x00000000cab00000, 0x00000000cab00000, 0x00000000cac00000|  0%| F|  |TAMS 0x00000000cab00000, 0x00000000cab00000| Untracked 
| 172|0x00000000cac00000, 0x00000000cac00000, 0x00000000cad00000|  0%| F|  |TAMS 0x00000000cac00000, 0x00000000cac00000| Untracked 
| 173|0x00000000cad00000, 0x00000000cad00000, 0x00000000cae00000|  0%| F|  |TAMS 0x00000000cad00000, 0x00000000cad00000| Untracked 
| 174|0x00000000cae00000, 0x00000000cae00000, 0x00000000caf00000|  0%| F|  |TAMS 0x00000000cae00000, 0x00000000cae00000| Untracked 
| 175|0x00000000caf00000, 0x00000000caf00000, 0x00000000cb000000|  0%| F|  |TAMS 0x00000000caf00000, 0x00000000caf00000| Untracked 
| 176|0x00000000cb000000, 0x00000000cb000000, 0x00000000cb100000|  0%| F|  |TAMS 0x00000000cb000000, 0x00000000cb000000| Untracked 
| 177|0x00000000cb100000, 0x00000000cb100000, 0x00000000cb200000|  0%| F|  |TAMS 0x00000000cb100000, 0x00000000cb100000| Untracked 
| 178|0x00000000cb200000, 0x00000000cb200000, 0x00000000cb300000|  0%| F|  |TAMS 0x00000000cb200000, 0x00000000cb200000| Untracked 
| 179|0x00000000cb300000, 0x00000000cb300000, 0x00000000cb400000|  0%| F|  |TAMS 0x00000000cb300000, 0x00000000cb300000| Untracked 
| 180|0x00000000cb400000, 0x00000000cb400000, 0x00000000cb500000|  0%| F|  |TAMS 0x00000000cb400000, 0x00000000cb400000| Untracked 
| 181|0x00000000cb500000, 0x00000000cb500000, 0x00000000cb600000|  0%| F|  |TAMS 0x00000000cb500000, 0x00000000cb500000| Untracked 
| 182|0x00000000cb600000, 0x00000000cb600000, 0x00000000cb700000|  0%| F|  |TAMS 0x00000000cb600000, 0x00000000cb600000| Untracked 
| 183|0x00000000cb700000, 0x00000000cb700000, 0x00000000cb800000|  0%| F|  |TAMS 0x00000000cb700000, 0x00000000cb700000| Untracked 
| 184|0x00000000cb800000, 0x00000000cb900000, 0x00000000cb900000|100%| S|CS|TAMS 0x00000000cb800000, 0x00000000cb800000| Complete 
| 185|0x00000000cb900000, 0x00000000cba00000, 0x00000000cba00000|100%| S|CS|TAMS 0x00000000cb900000, 0x00000000cb900000| Complete 
| 186|0x00000000cba00000, 0x00000000cbb00000, 0x00000000cbb00000|100%| S|CS|TAMS 0x00000000cba00000, 0x00000000cba00000| Complete 
| 187|0x00000000cbb00000, 0x00000000cbc00000, 0x00000000cbc00000|100%| S|CS|TAMS 0x00000000cbb00000, 0x00000000cbb00000| Complete 
| 188|0x00000000cbc00000, 0x00000000cbd00000, 0x00000000cbd00000|100%| S|CS|TAMS 0x00000000cbc00000, 0x00000000cbc00000| Complete 
| 189|0x00000000cbd00000, 0x00000000cbe00000, 0x00000000cbe00000|100%| S|CS|TAMS 0x00000000cbd00000, 0x00000000cbd00000| Complete 
| 190|0x00000000cbe00000, 0x00000000cbf00000, 0x00000000cbf00000|100%| S|CS|TAMS 0x00000000cbe00000, 0x00000000cbe00000| Complete 
| 191|0x00000000cbf00000, 0x00000000cc000000, 0x00000000cc000000|100%| S|CS|TAMS 0x00000000cbf00000, 0x00000000cbf00000| Complete 
| 192|0x00000000cc000000, 0x00000000cc000000, 0x00000000cc100000|  0%| F|  |TAMS 0x00000000cc000000, 0x00000000cc000000| Untracked 
| 193|0x00000000cc100000, 0x00000000cc100000, 0x00000000cc200000|  0%| F|  |TAMS 0x00000000cc100000, 0x00000000cc100000| Untracked 
| 194|0x00000000cc200000, 0x00000000cc200000, 0x00000000cc300000|  0%| F|  |TAMS 0x00000000cc200000, 0x00000000cc200000| Untracked 
| 195|0x00000000cc300000, 0x00000000cc300000, 0x00000000cc400000|  0%| F|  |TAMS 0x00000000cc300000, 0x00000000cc300000| Untracked 
| 196|0x00000000cc400000, 0x00000000cc400000, 0x00000000cc500000|  0%| F|  |TAMS 0x00000000cc400000, 0x00000000cc400000| Untracked 
| 197|0x00000000cc500000, 0x00000000cc500000, 0x00000000cc600000|  0%| F|  |TAMS 0x00000000cc500000, 0x00000000cc500000| Untracked 
| 198|0x00000000cc600000, 0x00000000cc600000, 0x00000000cc700000|  0%| F|  |TAMS 0x00000000cc600000, 0x00000000cc600000| Untracked 
| 199|0x00000000cc700000, 0x00000000cc700000, 0x00000000cc800000|  0%| F|  |TAMS 0x00000000cc700000, 0x00000000cc700000| Untracked 
| 200|0x00000000cc800000, 0x00000000cc800000, 0x00000000cc900000|  0%| F|  |TAMS 0x00000000cc800000, 0x00000000cc800000| Untracked 
| 201|0x00000000cc900000, 0x00000000cc900000, 0x00000000cca00000|  0%| F|  |TAMS 0x00000000cc900000, 0x00000000cc900000| Untracked 
| 202|0x00000000cca00000, 0x00000000cca00000, 0x00000000ccb00000|  0%| F|  |TAMS 0x00000000cca00000, 0x00000000cca00000| Untracked 
| 203|0x00000000ccb00000, 0x00000000ccb00000, 0x00000000ccc00000|  0%| F|  |TAMS 0x00000000ccb00000, 0x00000000ccb00000| Untracked 
| 204|0x00000000ccc00000, 0x00000000ccc00000, 0x00000000ccd00000|  0%| F|  |TAMS 0x00000000ccc00000, 0x00000000ccc00000| Untracked 
| 205|0x00000000ccd00000, 0x00000000ccd00000, 0x00000000cce00000|  0%| F|  |TAMS 0x00000000ccd00000, 0x00000000ccd00000| Untracked 
| 206|0x00000000cce00000, 0x00000000cce00000, 0x00000000ccf00000|  0%| F|  |TAMS 0x00000000cce00000, 0x00000000cce00000| Untracked 
| 207|0x00000000ccf00000, 0x00000000ccf00000, 0x00000000cd000000|  0%| F|  |TAMS 0x00000000ccf00000, 0x00000000ccf00000| Untracked 
| 208|0x00000000cd000000, 0x00000000cd000000, 0x00000000cd100000|  0%| F|  |TAMS 0x00000000cd000000, 0x00000000cd000000| Untracked 
| 209|0x00000000cd100000, 0x00000000cd100000, 0x00000000cd200000|  0%| F|  |TAMS 0x00000000cd100000, 0x00000000cd100000| Untracked 
| 210|0x00000000cd200000, 0x00000000cd200000, 0x00000000cd300000|  0%| F|  |TAMS 0x00000000cd200000, 0x00000000cd200000| Untracked 
| 211|0x00000000cd300000, 0x00000000cd300000, 0x00000000cd400000|  0%| F|  |TAMS 0x00000000cd300000, 0x00000000cd300000| Untracked 
| 212|0x00000000cd400000, 0x00000000cd400000, 0x00000000cd500000|  0%| F|  |TAMS 0x00000000cd400000, 0x00000000cd400000| Untracked 
| 213|0x00000000cd500000, 0x00000000cd500000, 0x00000000cd600000|  0%| F|  |TAMS 0x00000000cd500000, 0x00000000cd500000| Untracked 
| 214|0x00000000cd600000, 0x00000000cd600000, 0x00000000cd700000|  0%| F|  |TAMS 0x00000000cd600000, 0x00000000cd600000| Untracked 
| 215|0x00000000cd700000, 0x00000000cd700000, 0x00000000cd800000|  0%| F|  |TAMS 0x00000000cd700000, 0x00000000cd700000| Untracked 
| 216|0x00000000cd800000, 0x00000000cd800000, 0x00000000cd900000|  0%| F|  |TAMS 0x00000000cd800000, 0x00000000cd800000| Untracked 
| 217|0x00000000cd900000, 0x00000000cd900000, 0x00000000cda00000|  0%| F|  |TAMS 0x00000000cd900000, 0x00000000cd900000| Untracked 
| 218|0x00000000cda00000, 0x00000000cda00000, 0x00000000cdb00000|  0%| F|  |TAMS 0x00000000cda00000, 0x00000000cda00000| Untracked 
| 219|0x00000000cdb00000, 0x00000000cdb00000, 0x00000000cdc00000|  0%| F|  |TAMS 0x00000000cdb00000, 0x00000000cdb00000| Untracked 
| 220|0x00000000cdc00000, 0x00000000cdc00000, 0x00000000cdd00000|  0%| F|  |TAMS 0x00000000cdc00000, 0x00000000cdc00000| Untracked 
| 221|0x00000000cdd00000, 0x00000000cdd00000, 0x00000000cde00000|  0%| F|  |TAMS 0x00000000cdd00000, 0x00000000cdd00000| Untracked 
| 222|0x00000000cde00000, 0x00000000cde00000, 0x00000000cdf00000|  0%| F|  |TAMS 0x00000000cde00000, 0x00000000cde00000| Untracked 
| 223|0x00000000cdf00000, 0x00000000cdf00000, 0x00000000ce000000|  0%| F|  |TAMS 0x00000000cdf00000, 0x00000000cdf00000| Untracked 
| 224|0x00000000ce000000, 0x00000000ce000000, 0x00000000ce100000|  0%| F|  |TAMS 0x00000000ce000000, 0x00000000ce000000| Untracked 
| 225|0x00000000ce100000, 0x00000000ce100000, 0x00000000ce200000|  0%| F|  |TAMS 0x00000000ce100000, 0x00000000ce100000| Untracked 
| 226|0x00000000ce200000, 0x00000000ce200000, 0x00000000ce300000|  0%| F|  |TAMS 0x00000000ce200000, 0x00000000ce200000| Untracked 
| 227|0x00000000ce300000, 0x00000000ce300000, 0x00000000ce400000|  0%| F|  |TAMS 0x00000000ce300000, 0x00000000ce300000| Untracked 
| 228|0x00000000ce400000, 0x00000000ce400000, 0x00000000ce500000|  0%| F|  |TAMS 0x00000000ce400000, 0x00000000ce400000| Untracked 
| 229|0x00000000ce500000, 0x00000000ce500000, 0x00000000ce600000|  0%| F|  |TAMS 0x00000000ce500000, 0x00000000ce500000| Untracked 
| 230|0x00000000ce600000, 0x00000000ce600000, 0x00000000ce700000|  0%| F|  |TAMS 0x00000000ce600000, 0x00000000ce600000| Untracked 
| 231|0x00000000ce700000, 0x00000000ce700000, 0x00000000ce800000|  0%| F|  |TAMS 0x00000000ce700000, 0x00000000ce700000| Untracked 
| 232|0x00000000ce800000, 0x00000000ce800000, 0x00000000ce900000|  0%| F|  |TAMS 0x00000000ce800000, 0x00000000ce800000| Untracked 
| 233|0x00000000ce900000, 0x00000000ce9bbaf0, 0x00000000cea00000| 73%| E|  |TAMS 0x00000000ce900000, 0x00000000ce900000| Complete 
| 234|0x00000000cea00000, 0x00000000ceb00000, 0x00000000ceb00000|100%| E|CS|TAMS 0x00000000cea00000, 0x00000000cea00000| Complete 
| 235|0x00000000ceb00000, 0x00000000cec00000, 0x00000000cec00000|100%| E|CS|TAMS 0x00000000ceb00000, 0x00000000ceb00000| Complete 
| 236|0x00000000cec00000, 0x00000000ced00000, 0x00000000ced00000|100%| E|CS|TAMS 0x00000000cec00000, 0x00000000cec00000| Complete 
| 237|0x00000000ced00000, 0x00000000cee00000, 0x00000000cee00000|100%| E|CS|TAMS 0x00000000ced00000, 0x00000000ced00000| Complete 
| 238|0x00000000cee00000, 0x00000000cef00000, 0x00000000cef00000|100%| E|CS|TAMS 0x00000000cee00000, 0x00000000cee00000| Complete 
| 239|0x00000000cef00000, 0x00000000cf000000, 0x00000000cf000000|100%| E|CS|TAMS 0x00000000cef00000, 0x00000000cef00000| Complete 
| 240|0x00000000cf000000, 0x00000000cf100000, 0x00000000cf100000|100%| E|CS|TAMS 0x00000000cf000000, 0x00000000cf000000| Complete 
| 241|0x00000000cf100000, 0x00000000cf200000, 0x00000000cf200000|100%| E|CS|TAMS 0x00000000cf100000, 0x00000000cf100000| Complete 
| 242|0x00000000cf200000, 0x00000000cf300000, 0x00000000cf300000|100%| E|CS|TAMS 0x00000000cf200000, 0x00000000cf200000| Complete 
| 243|0x00000000cf300000, 0x00000000cf400000, 0x00000000cf400000|100%| E|CS|TAMS 0x00000000cf300000, 0x00000000cf300000| Complete 
| 244|0x00000000cf400000, 0x00000000cf500000, 0x00000000cf500000|100%| E|CS|TAMS 0x00000000cf400000, 0x00000000cf400000| Complete 
| 245|0x00000000cf500000, 0x00000000cf600000, 0x00000000cf600000|100%| E|CS|TAMS 0x00000000cf500000, 0x00000000cf500000| Complete 
| 246|0x00000000cf600000, 0x00000000cf700000, 0x00000000cf700000|100%| E|CS|TAMS 0x00000000cf600000, 0x00000000cf600000| Complete 
| 247|0x00000000cf700000, 0x00000000cf800000, 0x00000000cf800000|100%| E|CS|TAMS 0x00000000cf700000, 0x00000000cf700000| Complete 
| 248|0x00000000cf800000, 0x00000000cf900000, 0x00000000cf900000|100%| E|CS|TAMS 0x00000000cf800000, 0x00000000cf800000| Complete 
| 249|0x00000000cf900000, 0x00000000cfa00000, 0x00000000cfa00000|100%| E|CS|TAMS 0x00000000cf900000, 0x00000000cf900000| Complete 
| 250|0x00000000cfa00000, 0x00000000cfb00000, 0x00000000cfb00000|100%| E|  |TAMS 0x00000000cfa00000, 0x00000000cfa00000| Complete 
| 251|0x00000000cfb00000, 0x00000000cfc00000, 0x00000000cfc00000|100%| E|CS|TAMS 0x00000000cfb00000, 0x00000000cfb00000| Complete 
| 252|0x00000000cfc00000, 0x00000000cfd00000, 0x00000000cfd00000|100%| E|CS|TAMS 0x00000000cfc00000, 0x00000000cfc00000| Complete 
| 253|0x00000000cfd00000, 0x00000000cfe00000, 0x00000000cfe00000|100%| E|CS|TAMS 0x00000000cfd00000, 0x00000000cfd00000| Complete 
| 254|0x00000000cfe00000, 0x00000000cff00000, 0x00000000cff00000|100%| E|CS|TAMS 0x00000000cfe00000, 0x00000000cfe00000| Complete 
| 255|0x00000000cff00000, 0x00000000d0000000, 0x00000000d0000000|100%| E|CS|TAMS 0x00000000cff00000, 0x00000000cff00000| Complete 
|1022|0x00000000ffe00000, 0x00000000ffe48000, 0x00000000fff00000| 28%|OA|  |TAMS 0x00000000ffe00000, 0x00000000ffe00000| Untracked 
|1023|0x00000000fff00000, 0x00000000fff6c000, 0x0000000100000000| 42%|CA|  |TAMS 0x00000000fff00000, 0x00000000fff00000| Untracked 

Card table byte_map: [0x00007fffccaaa000,0x00007fffcccaa000] _byte_map_base: 0x00007fffcc4aa000

Marking Bits (Prev, Next): (CMBitMap*) 0x00005555567d27e8, (CMBitMap*) 0x00005555567d2820
 Prev Bits: [0x00007fffa3000000, 0x00007fffa4000000)
 Next Bits: [0x00007fffa2000000, 0x00007fffa3000000)

Polling page: 0x00007fffec000000

Metaspace:

Usage:
  Non-class:     15.20 MB capacity,    14.73 MB ( 97%) used,   414.34 KB (  3%) free+waste,    67.56 KB ( <1%) overhead. 
      Class:      2.18 MB capacity,     1.92 MB ( 88%) used,   229.82 KB ( 10%) free+waste,    33.31 KB (  1%) overhead. 
       Both:     17.38 MB capacity,    16.65 MB ( 96%) used,   644.16 KB (  4%) free+waste,   100.88 KB ( <1%) overhead. 

Virtual space:
  Non-class space:       16.00 MB reserved,      15.25 MB ( 95%) committed 
      Class space:        1.00 GB reserved,       2.25 MB ( <1%) committed 
             Both:        1.02 GB reserved,      17.50 MB (  2%) committed 

Chunk freelists:
   Non-Class:  54.00 KB
       Class:  10.00 KB
        Both:  64.00 KB

MaxMetaspaceSize: unlimited
CompressedClassSpaceSize: 1.00 GB
Initial GC threshold: 20.80 MB
Current GC threshold: 20.80 MB
CDS: on

CodeHeap 'non-profiled nmethods': size=119172Kb used=1766Kb max_used=1766Kb free=117405Kb
 bounds [0x00007fffb0347000, 0x00007fffb05b7000, 0x00007fffb77a8000]
CodeHeap 'profiled nmethods': size=119168Kb used=7775Kb max_used=7775Kb free=111392Kb
 bounds [0x00007fffa8ee7000, 0x00007fffa9687000, 0x00007fffb0347000]
CodeHeap 'non-nmethods': size=7420Kb used=1219Kb max_used=2932Kb free=6200Kb
 bounds [0x00007fffa87a8000, 0x00007fffa8a98000, 0x00007fffa8ee7000]
 total_blobs=4177 nmethods=3688 adapters=402
 compilation: enabled
              stopped_count=0, restarted_count=0
 full_count=0

Compilation events (20 events):
Event: 102.894 Thread 0x0000555556a6e800 3678       3       java.lang.AbstractStringBuilder::append (161 bytes)
Event: 102.894 Thread 0x0000555556a6e800 nmethod 3678 0x00007fffa9677110 code [0x00007fffa9677320, 0x00007fffa9677880]
Event: 105.643 Thread 0x0000555556a6c000 3681       4       java.io.ObjectInputStream$BlockDataInputStream::setBlockDataMode (74 bytes)
Event: 105.644 Thread 0x0000555556a6c000 nmethod 3681 0x00007fffb0500590 code [0x00007fffb0500720, 0x00007fffb05007d8]
Event: 106.246 Thread 0x0000555556a6e800 3682       3       java.io.ObjectOutputStream::writeLong (9 bytes)
Event: 106.247 Thread 0x0000555556a6e800 nmethod 3682 0x00007fffa9677b10 code [0x00007fffa9677cc0, 0x00007fffa9677e20]
Event: 106.247 Thread 0x0000555556a6e800 3688       3       java.io.ObjectStreamClass::writeNonProxy (161 bytes)
Event: 106.248 Thread 0x0000555556a6e800 nmethod 3688 0x00007fffa9677f10 code [0x00007fffa9678340, 0x00007fffa9679d00]
Event: 106.248 Thread 0x0000555556a6e800 3683       3       java.io.ObjectOutputStream$BlockDataOutputStream::writeLong (48 bytes)
Event: 106.248 Thread 0x0000555556a6e800 nmethod 3683 0x00007fffa967a710 code [0x00007fffa967a8e0, 0x00007fffa967aaf0]
Event: 106.248 Thread 0x0000555556a6e800 3684       3       java.io.ObjectOutputStream::writeClassDescriptor (6 bytes)
Event: 106.248 Thread 0x0000555556a6e800 nmethod 3684 0x00007fffa967ac10 code [0x00007fffa967adc0, 0x00007fffa967af20]
Event: 106.248 Thread 0x0000555556a6e800 3685       3       java.io.ObjectOutputStream::writeShort (9 bytes)
Event: 106.248 Thread 0x0000555556a6e800 nmethod 3685 0x00007fffa967b010 code [0x00007fffa967b1c0, 0x00007fffa967b320]
Event: 106.248 Thread 0x0000555556a6e800 3686       3       java.io.ObjectOutputStream::isCustomSubclass (21 bytes)
Event: 106.249 Thread 0x0000555556a6e800 nmethod 3686 0x00007fffa967b410 code [0x00007fffa967b6e0, 0x00007fffa967c810]
Event: 106.249 Thread 0x0000555556a6e800 3687       3       java.io.ObjectOutputStream::annotateClass (1 bytes)
Event: 106.249 Thread 0x0000555556a6e800 nmethod 3687 0x00007fffa967cd10 code [0x00007fffa967cec0, 0x00007fffa967cfd0]
Event: 106.249 Thread 0x0000555556a6e800 3689       3       java.io.ObjectOutputStream::writeNonProxyDesc (109 bytes)
Event: 106.250 Thread 0x0000555556a6e800 nmethod 3689 0x00007fffa967d090 code [0x00007fffa967d400, 0x00007fffa967e500]

GC Heap History (10 events):
Event: 0.343 GC heap before
{Heap before GC invocations=0 (full 0):
 garbage-first heap   total 264192K, used 32464K [0x00000000c0000000, 0x0000000100000000)
  region size 1024K, 24 young (24576K), 0 survivors (0K)
 Metaspace       used 4420K, capacity 5285K, committed 5504K, reserved 1056768K
  class space    used 457K, capacity 527K, committed 640K, reserved 1048576K
}
Event: 0.360 GC heap after
{Heap after GC invocations=1 (full 0):
 garbage-first heap   total 264192K, used 5965K [0x00000000c0000000, 0x0000000100000000)
  region size 1024K, 3 young (3072K), 3 survivors (3072K)
 Metaspace       used 4420K, capacity 5285K, committed 5504K, reserved 1056768K
  class space    used 457K, capacity 527K, committed 640K, reserved 1048576K
}
Event: 0.576 GC heap before
{Heap before GC invocations=1 (full 0):
 garbage-first heap   total 264192K, used 25421K [0x00000000c0000000, 0x0000000100000000)
  region size 1024K, 22 young (22528K), 3 survivors (3072K)
 Metaspace       used 6220K, capacity 6658K, committed 6784K, reserved 1056768K
  class space    used 722K, capacity 864K, committed 896K, reserved 1048576K
}
Event: 0.579 GC heap after
{Heap after GC invocations=2 (full 0):
 garbage-first heap   total 264192K, used 10370K [0x00000000c0000000, 0x0000000100000000)
  region size 1024K, 3 young (3072K), 3 survivors (3072K)
 Metaspace       used 6220K, capacity 6658K, committed 6784K, reserved 1056768K
  class space    used 722K, capacity 864K, committed 896K, reserved 1048576K
}
Event: 1.297 GC heap before
{Heap before GC invocations=2 (full 0):
 garbage-first heap   total 264192K, used 36994K [0x00000000c0000000, 0x0000000100000000)
  region size 1024K, 29 young (29696K), 3 survivors (3072K)
 Metaspace       used 9013K, capacity 9636K, committed 9856K, reserved 1058816K
  class space    used 1091K, capacity 1337K, committed 1408K, reserved 1048576K
}
Event: 1.303 GC heap after
{Heap after GC invocations=3 (full 0):
 garbage-first heap   total 264192K, used 12417K [0x00000000c0000000, 0x0000000100000000)
  region size 1024K, 2 young (2048K), 2 survivors (2048K)
 Metaspace       used 9013K, capacity 9636K, committed 9856K, reserved 1058816K
  class space    used 1091K, capacity 1337K, committed 1408K, reserved 1048576K
}
Event: 1.775 GC heap before
{Heap before GC invocations=3 (full 0):
 garbage-first heap   total 264192K, used 52353K [0x00000000c0000000, 0x0000000100000000)
  region size 1024K, 41 young (41984K), 2 survivors (2048K)
 Metaspace       used 14411K, capacity 15125K, committed 15360K, reserved 1062912K
  class space    used 1708K, capacity 1971K, committed 2048K, reserved 1048576K
}
Event: 1.786 GC heap after
{Heap after GC invocations=4 (full 0):
 garbage-first heap   total 264192K, used 17619K [0x00000000c0000000, 0x0000000100000000)
  region size 1024K, 6 young (6144K), 6 survivors (6144K)
 Metaspace       used 14411K, capacity 15125K, committed 15360K, reserved 1062912K
  class space    used 1708K, capacity 1971K, committed 2048K, reserved 1048576K
}
Event: 71.510 GC heap before
{Heap before GC invocations=4 (full 0):
 garbage-first heap   total 264192K, used 75987K [0x00000000c0000000, 0x0000000100000000)
  region size 1024K, 64 young (65536K), 6 survivors (6144K)
 Metaspace       used 16657K, capacity 17384K, committed 17664K, reserved 1064960K
  class space    used 1940K, capacity 2225K, committed 2304K, reserved 1048576K
}
Event: 71.532 GC heap after
{Heap after GC invocations=5 (full 0):
 garbage-first heap   total 264192K, used 41572K [0x00000000c0000000, 0x0000000100000000)
  region size 1024K, 8 young (8192K), 8 survivors (8192K)
 Metaspace       used 16657K, capacity 17384K, committed 17664K, reserved 1064960K
  class space    used 1940K, capacity 2225K, committed 2304K, reserved 1048576K
}

Deoptimization events (20 events):
Event: 102.893 Thread 0x00007fff3c0cd800 Uncommon trap: trap_request=0xffffff4d fr.pc=0x00007fffb04bc488 relative=0x0000000000000208
Event: 102.893 Thread 0x00007fff3c0cd800 Uncommon trap: reason=unstable_if action=reinterpret pc=0x00007fffb04bc488 method=bftsmart.tom.core.ReplyThread.run()V @ 24 c2
Event: 102.893 Thread 0x00007fff3c0cd800 DEOPT PACKING pc=0x00007fffb04bc488 sp=0x00007ffdc72fe7d0
Event: 102.893 Thread 0x00007fff3c0cd800 DEOPT UNPACKING pc=0x00007fffa87f1ea5 sp=0x00007ffdc72fe778 mode 2
Event: 102.894 Thread 0x00007fff3c0cf800 Uncommon trap: trap_request=0xffffff4d fr.pc=0x00007fffb04bc488 relative=0x0000000000000208
Event: 102.894 Thread 0x00007fff3c0cf800 Uncommon trap: reason=unstable_if action=reinterpret pc=0x00007fffb04bc488 method=bftsmart.tom.core.ReplyThread.run()V @ 24 c2
Event: 102.894 Thread 0x00007fff3c0cf800 DEOPT PACKING pc=0x00007fffb04bc488 sp=0x00007ffdc6afe7d0
Event: 102.894 Thread 0x00007fff3c0cf800 DEOPT UNPACKING pc=0x00007fffa87f1ea5 sp=0x00007ffdc6afe778 mode 2
Event: 102.894 Thread 0x00007fff3c0d2000 Uncommon trap: trap_request=0xffffff4d fr.pc=0x00007fffb04bc488 relative=0x0000000000000208
Event: 102.894 Thread 0x00007fff3c0d2000 Uncommon trap: reason=unstable_if action=reinterpret pc=0x00007fffb04bc488 method=bftsmart.tom.core.ReplyThread.run()V @ 24 c2
Event: 102.894 Thread 0x00007fff3c0d2000 DEOPT PACKING pc=0x00007fffb04bc488 sp=0x00007ffdc64fe7d0
Event: 102.894 Thread 0x00007fff3c0d2000 DEOPT UNPACKING pc=0x00007fffa87f1ea5 sp=0x00007ffdc64fe778 mode 2
Event: 102.894 Thread 0x00007fff3c0d4000 Uncommon trap: trap_request=0xffffff4d fr.pc=0x00007fffb04bc488 relative=0x0000000000000208
Event: 102.894 Thread 0x00007fff3c0d4000 Uncommon trap: reason=unstable_if action=reinterpret pc=0x00007fffb04bc488 method=bftsmart.tom.core.ReplyThread.run()V @ 24 c2
Event: 102.894 Thread 0x00007fff3c0d4000 DEOPT PACKING pc=0x00007fffb04bc488 sp=0x00007ffdc5afe7d0
Event: 102.894 Thread 0x00007fff3c0d4000 DEOPT UNPACKING pc=0x00007fffa87f1ea5 sp=0x00007ffdc5afe778 mode 2
Event: 102.894 Thread 0x00007fff3c0c7800 Uncommon trap: trap_request=0xffffff4d fr.pc=0x00007fffb04bc488 relative=0x0000000000000208
Event: 102.894 Thread 0x00007fff3c0c7800 Uncommon trap: reason=unstable_if action=reinterpret pc=0x00007fffb04bc488 method=bftsmart.tom.core.ReplyThread.run()V @ 24 c2
Event: 102.894 Thread 0x00007fff3c0c7800 DEOPT PACKING pc=0x00007fffb04bc488 sp=0x00007ffeb46fe7d0
Event: 102.894 Thread 0x00007fff3c0c7800 DEOPT UNPACKING pc=0x00007fffa87f1ea5 sp=0x00007ffeb46fe778 mode 2

Classes redefined (0 events):
No events

Internal exceptions (20 events):
Event: 0.332 Thread 0x0000555556c2f000 Exception <a 'java/lang/ClassNotFoundException'{0x00000000ce801428}: javax/smartcardio/CardPermission> (0x00000000ce801428) thrown at [./src/hotspot/share/classfile/systemDictionary.cpp, line 230]
Event: 0.334 Thread 0x0000555556c2f000 Exception <a 'java/io/FileNotFoundException'{0x00000000ce80eac0}> (0x00000000ce80eac0) thrown at [./src/hotspot/share/prims/jni.cpp, line 617]
Event: 0.582 Thread 0x0000555556bdd800 Exception <a 'java/lang/NoSuchMethodError'{0x00000000cff99390}: 'java.lang.Object java.lang.invoke.DirectMethodHandle$Holder.invokeStatic(java.lang.Object, java.lang.Object, java.lang.Object, java.lang.Object, java.lang.Object, java.lang.Object, java.lang.Object, java.lang.Object, java.lang.Object, java.lang.Object, java.lang.Object, java.lang.Object, java.lang.Object, int)'> (0x00000000cff99390) thrown at [./src/hotspot/share/interpreter/linkResolver.cpp, line 772]
Event: 0.584 Thread 0x0000555556bdd800 Exception <a 'java/lang/NoSuchMethodError'{0x00000000cffa5c80}: 'java.lang.Object java.lang.invoke.DirectMethodHandle$Holder.invokeStatic(java.lang.Object, java.lang.Object, java.lang.Object, java.lang.Object, java.lang.Object, java.lang.Object, java.lang.Object, java.lang.Object, java.lang.Object, java.lang.Object, java.lang.Object, java.lang.Object, java.lang.Object, int, int)'> (0x00000000cffa5c80) thrown at [./src/hotspot/share/interpreter/linkResolver.cpp, line 772]
Event: 0.650 Thread 0x0000555556c18800 Exception <a 'java/lang/NoSuchMethodError'{0x00000000cfaa0280}: 'org.slf4j.impl.StaticMDCBinder org.slf4j.impl.StaticMDCBinder.getSingleton()'> (0x00000000cfaa0280) thrown at [./src/hotspot/share/interpreter/linkResolver.cpp, line 772]
Event: 0.684 Thread 0x0000555556c23800 Exception <a 'java/lang/NoSuchMethodError'{0x00000000cf9a2ca8}: <clinit>> (0x00000000cf9a2ca8) thrown at [./src/hotspot/share/prims/jni.cpp, line 1372]
Event: 0.684 Thread 0x0000555556c2f000 Exception <a 'java/lang/NoSuchMethodError'{0x00000000cf9fb280}: <clinit>> (0x00000000cf9fb280) thrown at [./src/hotspot/share/prims/jni.cpp, line 1372]
Event: 0.684 Thread 0x0000555556bdd800 Exception <a 'java/lang/NoSuchMethodError'{0x00000000cf974120}: <clinit>> (0x00000000cf974120) thrown at [./src/hotspot/share/prims/jni.cpp, line 1372]
Event: 0.684 Thread 0x0000555556c01800 Exception <a 'java/lang/NoSuchMethodError'{0x00000000cf94d748}: <clinit>> (0x00000000cf94d748) thrown at [./src/hotspot/share/prims/jni.cpp, line 1372]
Event: 0.684 Thread 0x0000555556c0c800 Exception <a 'java/lang/NoSuchMethodError'{0x00000000cfa91db0}: <clinit>> (0x00000000cfa91db0) thrown at [./src/hotspot/share/prims/jni.cpp, line 1372]
Event: 0.684 Thread 0x0000555556c18800 Exception <a 'java/lang/NoSuchMethodError'{0x00000000cf928e98}: <clinit>> (0x00000000cf928e98) thrown at [./src/hotspot/share/prims/jni.cpp, line 1372]
Event: 1.441 Thread 0x0000555556c2f000 Exception <a 'java/lang/NoSuchMethodError'{0x00000000cebbf470}: 'java.lang.Object java.lang.invoke.DirectMethodHandle$Holder.invokeStaticInit(java.lang.Object, java.lang.Object, java.lang.Object)'> (0x00000000cebbf470) thrown at [./src/hotspot/share/interpreter/linkResolver.cpp, line 772]
Event: 1.446 Thread 0x0000555556c2f000 Exception <a 'java/lang/NoSuchMethodError'{0x00000000cebf4638}: 'int java.lang.invoke.DirectMethodHandle$Holder.invokeSpecialIFC(java.lang.Object, java.lang.Object, int)'> (0x00000000cebf4638) thrown at [./src/hotspot/share/interpreter/linkResolver.cpp, line 772]
Event: 22.695 Thread 0x00007fff40099000 Exception <a 'java/lang/NoSuchMethodError'{0x00000000cce5fff8}: <clinit>> (0x00000000cce5fff8) thrown at [./src/hotspot/share/prims/jni.cpp, line 1372]
Event: 22.695 Thread 0x00007fff40099000 Exception <a 'java/lang/NoSuchMethodError'{0x00000000cce62190}: <clinit>> (0x00000000cce62190) thrown at [./src/hotspot/share/prims/jni.cpp, line 1372]
Event: 22.697 Thread 0x00007fff40099000 Exception <a 'java/lang/NoSuchMethodError'{0x00000000cce77748}: <clinit>> (0x00000000cce77748) thrown at [./src/hotspot/share/prims/jni.cpp, line 1372]
Event: 22.698 Thread 0x00007fff40099000 Exception <a 'java/lang/NoSuchMethodError'{0x00000000cce8f788}: <clinit>> (0x00000000cce8f788) thrown at [./src/hotspot/share/prims/jni.cpp, line 1372]
Event: 22.698 Thread 0x00007fff40099000 Implicit null exception at 0x00007fffb0471433 to 0x00007fffb04718ac
Event: 75.541 Thread 0x00007fff6c009800 Implicit null exception at 0x00007fffb039d384 to 0x00007fffb039d904
Event: 75.886 Thread 0x00007fff58210800 Implicit null exception at 0x00007fffb039e204 to 0x00007fffb039e760

Events (20 events):
Event: 102.894 Protecting memory [0x00007ffcafa00000,0x00007ffcafa04000] with protection modes 0
Event: 102.895 Thread 0x00007ffd4c009000 Thread added: 0x00007ffd4c009000
Event: 102.895 Protecting memory [0x00007ffcb0400000,0x00007ffcb0404000] with protection modes 0
Event: 102.895 Thread 0x00007ffd64009800 Thread added: 0x00007ffd64009800
Event: 102.895 Protecting memory [0x00007ffcaf800000,0x00007ffcaf804000] with protection modes 0
Event: 102.895 Thread 0x00007ffdc0001800 Thread added: 0x00007ffdc0001800
Event: 102.895 Protecting memory [0x00007ffcafc00000,0x00007ffcafc04000] with protection modes 0
Event: 102.895 Thread 0x00007ffdd8001800 Thread added: 0x00007ffdd8001800
Event: 102.895 Protecting memory [0x00007ffcb2b00000,0x00007ffcb2b04000] with protection modes 0
Event: 105.641 Thread 0x0000555557f69800 Thread added: 0x0000555557f69800
Event: 105.641 Protecting memory [0x00007ffca6c00000,0x00007ffca6c04000] with protection modes 0
Event: 106.144 Thread 0x00007fff00004800 Thread added: 0x00007fff00004800
Event: 106.144 Protecting memory [0x00007ffcafe00000,0x00007ffcafe04000] with protection modes 0
Event: 106.146 loading class java/lang/Throwable$WrappedPrintStream
Event: 106.146 loading class java/lang/Throwable$PrintStreamOrWriter
Event: 106.146 loading class java/lang/Throwable$PrintStreamOrWriter done
Event: 106.146 loading class java/lang/Throwable$WrappedPrintStream done
Event: 106.146 Executing VM operation: RevokeBias
Event: 106.146 Executing VM operation: RevokeBias done
Event: 106.147 Thread 0x0000555557f69800 Thread exited: 0x0000555557f69800


Dynamic libraries:
c0000000-d0000000 rw-p 00000000 00:00 0 
d0000000-ffe00000 ---p 00000000 00:00 0 
ffe00000-ffe48000 rw-p 00b14000 08:20 102650                             /usr/lib/jvm/java-11-openjdk-amd64/lib/server/classes.jsa
ffe48000-fff00000 rw-p 00000000 00:00 0 
fff00000-fff6c000 rw-p 00aa8000 08:20 102650                             /usr/lib/jvm/java-11-openjdk-amd64/lib/server/classes.jsa
fff6c000-100000000 rw-p 00000000 00:00 0 
800000000-800002000 rwxp 00001000 08:20 102650                           /usr/lib/jvm/java-11-openjdk-amd64/lib/server/classes.jsa
800002000-8003ce000 rw-p 00003000 08:20 102650                           /usr/lib/jvm/java-11-openjdk-amd64/lib/server/classes.jsa
8003ce000-800aa6000 r--p 003cf000 08:20 102650                           /usr/lib/jvm/java-11-openjdk-amd64/lib/server/classes.jsa
800aa6000-800aa7000 rw-p 00aa7000 08:20 102650                           /usr/lib/jvm/java-11-openjdk-amd64/lib/server/classes.jsa
840000000-840240000 rw-p 00000000 00:00 0 
840240000-880000000 ---p 00000000 00:00 0 
555555554000-555555562000 r--p 00000000 08:20 74286                      /home/yash/omnetpp/fourway/fourway
555555562000-555555568000 r-xp 0000d000 08:20 74286                      /home/yash/omnetpp/fourway/fourway
555555568000-55555556a000 r--p 00012000 08:20 74286                      /home/yash/omnetpp/fourway/fourway
55555556a000-55555556b000 rw-p 00013000 08:20 74286                      /home/yash/omnetpp/fourway/fourway
55555556b000-555558654000 rw-p 00000000 00:00 0                          [heap]
7ffca6300000-7ffca6304000 ---p 00000000 00:00 0 
7ffca6304000-7ffca6400000 rw-p 00000000 00:00 0 
7ffca6400000-7ffca6404000 ---p 00000000 00:00 0 
7ffca6404000-7ffca6500000 rw-p 00000000 00:00 0 
7ffca6600000-7ffca6604000 ---p 00000000 00:00 0 
7ffca6604000-7ffca6700000 rw-p 00000000 00:00 0 
7ffca6b00000-7ffca6b04000 ---p 00000000 00:00 0 
7ffca6b04000-7ffca6c00000 rw-p 00000000 00:00 0 
7ffca6c00000-7ffca6c04000 ---p 00000000 00:00 0 
7ffca6c04000-7ffca6d00000 rw-p 00000000 00:00 0 
7ffca6d00000-7ffca6d04000 ---p 00000000 00:00 0 
7ffca6d04000-7ffca6e00000 rw-p 00000000 00:00 0 
7ffca6f00000-7ffca6f04000 ---p 00000000 00:00 0 
7ffca6f04000-7ffca7000000 rw-p 00000000 00:00 0 
7ffca7000000-7ffca7004000 ---p 00000000 00:00 0 
7ffca7004000-7ffca7100000 rw-p 00000000 00:00 0 
7ffca7400000-7ffca7404000 ---p 00000000 00:00 0 
7ffca7404000-7ffca7500000 rw-p 00000000 00:00 0 
7ffca7500000-7ffca7504000 ---p 00000000 00:00 0 
7ffca7504000-7ffca7600000 rw-p 00000000 00:00 0 
7ffcaa800000-7ffcaa804000 ---p 00000000 00:00 0 
7ffcaa804000-7ffcaa900000 rw-p 00000000 00:00 0 
7ffcaa900000-7ffcaa904000 ---p 00000000 00:00 0 
7ffcaa904000-7ffcaaa00000 rw-p 00000000 00:00 0 
7ffcaaa00000-7ffcaaa04000 ---p 00000000 00:00 0 
7ffcaaa04000-7ffcaab00000 rw-p 00000000 00:00 0 
7ffcaab00000-7ffcaab04000 ---p 00000000 00:00 0 
7ffcaab04000-7ffcaac00000 rw-p 00000000 00:00 0 
7ffcaac00000-7ffcaac04000 ---p 00000000 00:00 0 
7ffcaac04000-7ffcaad00000 rw-p 00000000 00:00 0 
7ffcaad00000-7ffcaad04000 ---p 00000000 00:00 0 
7ffcaad04000-7ffcaae00000 rw-p 00000000 00:00 0 
7ffcaae00000-7ffcaae04000 ---p 00000000 00:00 0 
7ffcaae04000-7ffcaaf00000 rw-p 00000000 00:00 0 
7ffcaaf00000-7ffcaaf04000 ---p 00000000 00:00 0 
7ffcaaf04000-7ffcab000000 rw-p 00000000 00:00 0 
7ffcab000000-7ffcab004000 ---p 00000000 00:00 0 
7ffcab004000-7ffcab100000 rw-p 00000000 00:00 0 
7ffcab100000-7ffcab104000 ---p 00000000 00:00 0 
7ffcab104000-7ffcab200000 rw-p 00000000 00:00 0 
7ffcab200000-7ffcab204000 ---p 00000000 00:00 0 
7ffcab204000-7ffcab300000 rw-p 00000000 00:00 0 
7ffcab300000-7ffcab304000 ---p 00000000 00:00 0 
7ffcab304000-7ffcab400000 rw-p 00000000 00:00 0 
7ffcab400000-7ffcab404000 ---p 00000000 00:00 0 
7ffcab404000-7ffcab500000 rw-p 00000000 00:00 0 
7ffcab500000-7ffcab504000 ---p 00000000 00:00 0 
7ffcab504000-7ffcab600000 rw-p 00000000 00:00 0 
7ffcab600000-7ffcab604000 ---p 00000000 00:00 0 
7ffcab604000-7ffcab700000 rw-p 00000000 00:00 0 
7ffcab700000-7ffcab704000 ---p 00000000 00:00 0 
7ffcab704000-7ffcab800000 rw-p 00000000 00:00 0 
7ffcab800000-7ffcab804000 ---p 00000000 00:00 0 
7ffcab804000-7ffcab900000 rw-p 00000000 00:00 0 
7ffcab900000-7ffcab904000 ---p 00000000 00:00 0 
7ffcab904000-7ffcaba00000 rw-p 00000000 00:00 0 
7ffcaba00000-7ffcaba04000 ---p 00000000 00:00 0 
7ffcaba04000-7ffcabb00000 rw-p 00000000 00:00 0 
7ffcabb00000-7ffcabb04000 ---p 00000000 00:00 0 
7ffcabb04000-7ffcabc00000 rw-p 00000000 00:00 0 
7ffcabc00000-7ffcabc04000 ---p 00000000 00:00 0 
7ffcabc04000-7ffcabd00000 rw-p 00000000 00:00 0 
7ffcabd00000-7ffcabd04000 ---p 00000000 00:00 0 
7ffcabd04000-7ffcabe00000 rw-p 00000000 00:00 0 
7ffcabe00000-7ffcabe04000 ---p 00000000 00:00 0 
7ffcabe04000-7ffcabf00000 rw-p 00000000 00:00 0 
7ffcabf00000-7ffcabf04000 ---p 00000000 00:00 0 
7ffcabf04000-7ffcac000000 rw-p 00000000 00:00 0 
7ffcac000000-7ffcac004000 ---p 00000000 00:00 0 
7ffcac004000-7ffcac100000 rw-p 00000000 00:00 0 
7ffcac100000-7ffcac104000 ---p 00000000 00:00 0 
7ffcac104000-7ffcac200000 rw-p 00000000 00:00 0 
7ffcac200000-7ffcac204000 ---p 00000000 00:00 0 
7ffcac204000-7ffcac300000 rw-p 00000000 00:00 0 
7ffcac300000-7ffcac304000 ---p 00000000 00:00 0 
7ffcac304000-7ffcac400000 rw-p 00000000 00:00 0 
7ffcac400000-7ffcac404000 ---p 00000000 00:00 0 
7ffcac404000-7ffcac500000 rw-p 00000000 00:00 0 
7ffcac500000-7ffcac504000 ---p 00000000 00:00 0 
7ffcac504000-7ffcac600000 rw-p 00000000 00:00 0 
7ffcac600000-7ffcac604000 ---p 00000000 00:00 0 
7ffcac604000-7ffcac700000 rw-p 00000000 00:00 0 
7ffcac700000-7ffcac704000 ---p 00000000 00:00 0 
7ffcac704000-7ffcac800000 rw-p 00000000 00:00 0 
7ffcac800000-7ffcac804000 ---p 00000000 00:00 0 
7ffcac804000-7ffcac900000 rw-p 00000000 00:00 0 
7ffcac900000-7ffcac904000 ---p 00000000 00:00 0 
7ffcac904000-7ffcaca00000 rw-p 00000000 00:00 0 
7ffcaca00000-7ffcaca04000 ---p 00000000 00:00 0 
7ffcaca04000-7ffcacb00000 rw-p 00000000 00:00 0 
7ffcacb00000-7ffcacb04000 ---p 00000000 00:00 0 
7ffcacb04000-7ffcacc00000 rw-p 00000000 00:00 0 
7ffcacc00000-7ffcacc04000 ---p 00000000 00:00 0 
7ffcacc04000-7ffcacd00000 rw-p 00000000 00:00 0 
7ffcacd00000-7ffcacd04000 ---p 00000000 00:00 0 
7ffcacd04000-7ffcace00000 rw-p 00000000 00:00 0 
7ffcace00000-7ffcace04000 ---p 00000000 00:00 0 
7ffcace04000-7ffcacf00000 rw-p 00000000 00:00 0 
7ffcacf00000-7ffcacf04000 ---p 00000000 00:00 0 
7ffcacf04000-7ffcad000000 rw-p 00000000 00:00 0 
7ffcad000000-7ffcad004000 ---p 00000000 00:00 0 
7ffcad004000-7ffcad100000 rw-p 00000000 00:00 0 
7ffcad100000-7ffcad104000 ---p 00000000 00:00 0 
7ffcad104000-7ffcad200000 rw-p 00000000 00:00 0 
7ffcad200000-7ffcad204000 ---p 00000000 00:00 0 
7ffcad204000-7ffcad300000 rw-p 00000000 00:00 0 
7ffcad300000-7ffcad304000 ---p 00000000 00:00 0 
7ffcad304000-7ffcad400000 rw-p 00000000 00:00 0 
7ffcad400000-7ffcad404000 ---p 00000000 00:00 0 
7ffcad404000-7ffcad500000 rw-p 00000000 00:00 0 
7ffcad500000-7ffcad504000 ---p 00000000 00:00 0 
7ffcad504000-7ffcad600000 rw-p 00000000 00:00 0 
7ffcad600000-7ffcad604000 ---p 00000000 00:00 0 
7ffcad604000-7ffcad700000 rw-p 00000000 00:00 0 
7ffcad700000-7ffcad704000 ---p 00000000 00:00 0 
7ffcad704000-7ffcad800000 rw-p 00000000 00:00 0 
7ffcad800000-7ffcad804000 ---p 00000000 00:00 0 
7ffcad804000-7ffcad900000 rw-p 00000000 00:00 0 
7ffcad900000-7ffcad904000 ---p 00000000 00:00 0 
7ffcad904000-7ffcada00000 rw-p 00000000 00:00 0 
7ffcada00000-7ffcada04000 ---p 00000000 00:00 0 
7ffcada04000-7ffcadb00000 rw-p 00000000 00:00 0 
7ffcadb00000-7ffcadb04000 ---p 00000000 00:00 0 
7ffcadb04000-7ffcadc00000 rw-p 00000000 00:00 0 
7ffcadc00000-7ffcadc04000 ---p 00000000 00:00 0 
7ffcadc04000-7ffcadd00000 rw-p 00000000 00:00 0 
7ffcadd00000-7ffcadd04000 ---p 00000000 00:00 0 
7ffcadd04000-7ffcade00000 rw-p 00000000 00:00 0 
7ffcade00000-7ffcade04000 ---p 00000000 00:00 0 
7ffcade04000-7ffcadf00000 rw-p 00000000 00:00 0 
7ffcadf00000-7ffcadf04000 ---p 00000000 00:00 0 
7ffcadf04000-7ffcae000000 rw-p 00000000 00:00 0 
7ffcae000000-7ffcae004000 ---p 00000000 00:00 0 
7ffcae004000-7ffcae100000 rw-p 00000000 00:00 0 
7ffcae100000-7ffcae104000 ---p 00000000 00:00 0 
7ffcae104000-7ffcae200000 rw-p 00000000 00:00 0 
7ffcae200000-7ffcae204000 ---p 00000000 00:00 0 
7ffcae204000-7ffcae300000 rw-p 00000000 00:00 0 
7ffcae300000-7ffcae304000 ---p 00000000 00:00 0 
7ffcae304000-7ffcae400000 rw-p 00000000 00:00 0 
7ffcae400000-7ffcae404000 ---p 00000000 00:00 0 
7ffcae404000-7ffcae500000 rw-p 00000000 00:00 0 
7ffcae500000-7ffcae504000 ---p 00000000 00:00 0 
7ffcae504000-7ffcae600000 rw-p 00000000 00:00 0 
7ffcae600000-7ffcae604000 ---p 00000000 00:00 0 
7ffcae604000-7ffcae700000 rw-p 00000000 00:00 0 
7ffcae700000-7ffcae704000 ---p 00000000 00:00 0 
7ffcae704000-7ffcae800000 rw-p 00000000 00:00 0 
7ffcae800000-7ffcae804000 ---p 00000000 00:00 0 
7ffcae804000-7ffcae900000 rw-p 00000000 00:00 0 
7ffcae900000-7ffcae904000 ---p 00000000 00:00 0 
7ffcae904000-7ffcaea00000 rw-p 00000000 00:00 0 
7ffcaea00000-7ffcaea04000 ---p 00000000 00:00 0 
7ffcaea04000-7ffcaeb00000 rw-p 00000000 00:00 0 
7ffcaeb00000-7ffcaeb04000 ---p 00000000 00:00 0 
7ffcaeb04000-7ffcaec00000 rw-p 00000000 00:00 0 
7ffcaec00000-7ffcaec04000 ---p 00000000 00:00 0 
7ffcaec04000-7ffcaed00000 rw-p 00000000 00:00 0 
7ffcaed00000-7ffcaed04000 ---p 00000000 00:00 0 
7ffcaed04000-7ffcaee00000 rw-p 00000000 00:00 0 
7ffcaee00000-7ffcaee04000 ---p 00000000 00:00 0 
7ffcaee04000-7ffcaef00000 rw-p 00000000 00:00 0 
7ffcaef00000-7ffcaef04000 ---p 00000000 00:00 0 
7ffcaef04000-7ffcaf000000 rw-p 00000000 00:00 0 
7ffcaf000000-7ffcaf004000 ---p 00000000 00:00 0 
7ffcaf004000-7ffcaf100000 rw-p 00000000 00:00 0 
7ffcaf100000-7ffcaf104000 ---p 00000000 00:00 0 
7ffcaf104000-7ffcaf200000 rw-p 00000000 00:00 0 
7ffcaf200000-7ffcaf204000 ---p 00000000 00:00 0 
7ffcaf204000-7ffcaf300000 rw-p 00000000 00:00 0 
7ffcaf300000-7ffcaf304000 ---p 00000000 00:00 0 
7ffcaf304000-7ffcaf400000 rw-p 00000000 00:00 0 
7ffcaf400000-7ffcaf404000 ---p 00000000 00:00 0 
7ffcaf404000-7ffcaf500000 rw-p 00000000 00:00 0 
7ffcaf600000-7ffcaf604000 ---p 00000000 00:00 0 
7ffcaf604000-7ffcaf700000 rw-p 00000000 00:00 0 
7ffcaf700000-7ffcaf704000 ---p 00000000 00:00 0 
7ffcaf704000-7ffcaf800000 rw-p 00000000 00:00 0 
7ffcaf800000-7ffcaf804000 ---p 00000000 00:00 0 
7ffcaf804000-7ffcaf900000 rw-p 00000000 00:00 0 
7ffcaf900000-7ffcaf904000 ---p 00000000 00:00 0 
7ffcaf904000-7ffcafa00000 rw-p 00000000 00:00 0 
7ffcafa00000-7ffcafa04000 ---p 00000000 00:00 0 
7ffcafa04000-7ffcafb00000 rw-p 00000000 00:00 0 
7ffcafb00000-7ffcafb04000 ---p 00000000 00:00 0 
7ffcafb04000-7ffcafc00000 rw-p 00000000 00:00 0 
7ffcafc00000-7ffcafc04000 ---p 00000000 00:00 0 
7ffcafc04000-7ffcafd00000 rw-p 00000000 00:00 0 
7ffcafd00000-7ffcafd04000 ---p 00000000 00:00 0 
7ffcafd04000-7ffcafe00000 rw-p 00000000 00:00 0 
7ffcafe00000-7ffcafe04000 ---p 00000000 00:00 0 
7ffcafe04000-7ffcaff00000 rw-p 00000000 00:00 0 
7ffcaff00000-7ffcaff04000 ---p 00000000 00:00 0 
7ffcaff04000-7ffcb0000000 rw-p 00000000 00:00 0 
7ffcb0100000-7ffcb0104000 ---p 00000000 00:00 0 
7ffcb0104000-7ffcb0200000 rw-p 00000000 00:00 0 
7ffcb0200000-7ffcb0204000 ---p 00000000 00:00 0 
7ffcb0204000-7ffcb0300000 rw-p 00000000 00:00 0 
7ffcb0300000-7ffcb0304000 ---p 00000000 00:00 0 
7ffcb0304000-7ffcb0400000 rw-p 00000000 00:00 0 
7ffcb0400000-7ffcb0404000 ---p 00000000 00:00 0 
7ffcb0404000-7ffcb0500000 rw-p 00000000 00:00 0 
7ffcb0500000-7ffcb0504000 ---p 00000000 00:00 0 
7ffcb0504000-7ffcb0600000 rw-p 00000000 00:00 0 
7ffcb0600000-7ffcb0604000 ---p 00000000 00:00 0 
7ffcb0604000-7ffcb0700000 rw-p 00000000 00:00 0 
7ffcb0700000-7ffcb0704000 ---p 00000000 00:00 0 
7ffcb0704000-7ffcb0800000 rw-p 00000000 00:00 0 
7ffcb0900000-7ffcb0904000 ---p 00000000 00:00 0 
7ffcb0904000-7ffcb0a00000 rw-p 00000000 00:00 0 
7ffcb0b00000-7ffcb0b04000 ---p 00000000 00:00 0 
7ffcb0b04000-7ffcb0c00000 rw-p 00000000 00:00 0 
7ffcb0d00000-7ffcb0d04000 ---p 00000000 00:00 0 
7ffcb0d04000-7ffcb0e00000 rw-p 00000000 00:00 0 
7ffcb0f00000-7ffcb0f04000 ---p 00000000 00:00 0 
7ffcb0f04000-7ffcb1000000 rw-p 00000000 00:00 0 
7ffcb1100000-7ffcb1104000 ---p 00000000 00:00 0 
7ffcb1104000-7ffcb1200000 rw-p 00000000 00:00 0 
7ffcb1300000-7ffcb1304000 ---p 00000000 00:00 0 
7ffcb1304000-7ffcb1400000 rw-p 00000000 00:00 0 
7ffcb1500000-7ffcb1504000 ---p 00000000 00:00 0 
7ffcb1504000-7ffcb1600000 rw-p 00000000 00:00 0 
7ffcb1700000-7ffcb1704000 ---p 00000000 00:00 0 
7ffcb1704000-7ffcb1800000 rw-p 00000000 00:00 0 
7ffcb1900000-7ffcb1904000 ---p 00000000 00:00 0 
7ffcb1904000-7ffcb1a00000 rw-p 00000000 00:00 0 
7ffcb1c00000-7ffcb1c04000 ---p 00000000 00:00 0 
7ffcb1c04000-7ffcb1d00000 rw-p 00000000 00:00 0 
7ffcb1e00000-7ffcb1e04000 ---p 00000000 00:00 0 
7ffcb1e04000-7ffcb1f00000 rw-p 00000000 00:00 0 
7ffcb1f00000-7ffcb1f04000 ---p 00000000 00:00 0 
7ffcb1f04000-7ffcb2000000 rw-p 00000000 00:00 0 
7ffcb2000000-7ffcb2004000 ---p 00000000 00:00 0 
7ffcb2004000-7ffcb2100000 rw-p 00000000 00:00 0 
7ffcb2200000-7ffcb2204000 ---p 00000000 00:00 0 
7ffcb2204000-7ffcb2300000 rw-p 00000000 00:00 0 
7ffcb2400000-7ffcb2404000 ---p 00000000 00:00 0 
7ffcb2404000-7ffcb2500000 rw-p 00000000 00:00 0 
7ffcb2600000-7ffcb2604000 ---p 00000000 00:00 0 
7ffcb2604000-7ffcb2700000 rw-p 00000000 00:00 0 
7ffcb2800000-7ffcb2804000 ---p 00000000 00:00 0 
7ffcb2804000-7ffcb2900000 rw-p 00000000 00:00 0 
7ffcb2a00000-7ffcb2a04000 ---p 00000000 00:00 0 
7ffcb2a04000-7ffcb2b00000 rw-p 00000000 00:00 0 
7ffcb2b00000-7ffcb2b04000 ---p 00000000 00:00 0 
7ffcb2b04000-7ffcb2c00000 rw-p 00000000 00:00 0 
7ffcb2e00000-7ffcb2e04000 ---p 00000000 00:00 0 
7ffcb2e04000-7ffcb2f00000 rw-p 00000000 00:00 0 
7ffcb2f00000-7ffcb2f04000 ---p 00000000 00:00 0 
7ffcb2f04000-7ffcb3000000 rw-p 00000000 00:00 0 
7ffcb3000000-7ffcb3004000 ---p 00000000 00:00 0 
7ffcb3004000-7ffcb3100000 rw-p 00000000 00:00 0 
7ffcb3100000-7ffcb3104000 ---p 00000000 00:00 0 
7ffcb3104000-7ffcb3200000 rw-p 00000000 00:00 0 
7ffcb3200000-7ffcb3204000 ---p 00000000 00:00 0 
7ffcb3204000-7ffcb3300000 rw-p 00000000 00:00 0 
7ffcb3400000-7ffcb3404000 ---p 00000000 00:00 0 
7ffcb3404000-7ffcb3500000 rw-p 00000000 00:00 0 
7ffcb3500000-7ffcb3504000 ---p 00000000 00:00 0 
7ffcb3504000-7ffcb3600000 rw-p 00000000 00:00 0 
7ffcb3600000-7ffcb3604000 ---p 00000000 00:00 0 
7ffcb3604000-7ffcb3700000 rw-p 00000000 00:00 0 
7ffcb3700000-7ffcb3704000 ---p 00000000 00:00 0 
7ffcb3704000-7ffcb3800000 rw-p 00000000 00:00 0 
7ffcb3800000-7ffcb3804000 ---p 00000000 00:00 0 
7ffcb3804000-7ffcb3900000 rw-p 00000000 00:00 0 
7ffcb3900000-7ffcb3904000 ---p 00000000 00:00 0 
7ffcb3904000-7ffcb3a00000 rw-p 00000000 00:00 0 
7ffcb3a00000-7ffcb3a04000 ---p 00000000 00:00 0 
7ffcb3a04000-7ffcb3b00000 rw-p 00000000 00:00 0 
7ffcb3c00000-7ffcb3c04000 ---p 00000000 00:00 0 
7ffcb3c04000-7ffcb3d00000 rw-p 00000000 00:00 0 
7ffcb4000000-7ffcb4021000 rw-p 00000000 00:00 0 
7ffcb4021000-7ffcb8000000 ---p 00000000 00:00 0 
7ffcb8000000-7ffcb8021000 rw-p 00000000 00:00 0 
7ffcb8021000-7ffcbc000000 ---p 00000000 00:00 0 
7ffcbc000000-7ffcbc021000 rw-p 00000000 00:00 0 
7ffcbc021000-7ffcc0000000 ---p 00000000 00:00 0 
7ffcc00f6000-7ffcc00fa000 ---p 00000000 00:00 0 
7ffcc00fa000-7ffcc01f6000 rw-p 00000000 00:00 0 
7ffcc02f6000-7ffcc02fa000 ---p 00000000 00:00 0 
7ffcc02fa000-7ffcc03f6000 rw-p 00000000 00:00 0 
7ffcc04f6000-7ffcc04fa000 ---p 00000000 00:00 0 
7ffcc04fa000-7ffcc05f6000 rw-p 00000000 00:00 0 
7ffcc06f6000-7ffcc06fa000 ---p 00000000 00:00 0 
7ffcc06fa000-7ffcc07f6000 rw-p 00000000 00:00 0 
7ffcc08f6000-7ffcc08fa000 ---p 00000000 00:00 0 
7ffcc08fa000-7ffcc09f6000 rw-p 00000000 00:00 0 
7ffcc0af6000-7ffcc0afa000 ---p 00000000 00:00 0 
7ffcc0afa000-7ffcc0bf6000 rw-p 00000000 00:00 0 
7ffcc0cf6000-7ffcc0cfa000 ---p 00000000 00:00 0 
7ffcc0cfa000-7ffcc0df6000 rw-p 00000000 00:00 0 
7ffcc0ef6000-7ffcc0efa000 ---p 00000000 00:00 0 
7ffcc0efa000-7ffcc0ff6000 rw-p 00000000 00:00 0 
7ffcc10f6000-7ffcc10fa000 ---p 00000000 00:00 0 
7ffcc10fa000-7ffcc11f6000 rw-p 00000000 00:00 0 
7ffcc11f6000-7ffcc11fa000 ---p 00000000 00:00 0 
7ffcc11fa000-7ffcc12f6000 rw-p 00000000 00:00 0 
7ffcc14f6000-7ffcc14fa000 ---p 00000000 00:00 0 
7ffcc14fa000-7ffcc15f6000 rw-p 00000000 00:00 0 
7ffcc16f6000-7ffcc16fa000 ---p 00000000 00:00 0 
7ffcc16fa000-7ffcc17f6000 rw-p 00000000 00:00 0 
7ffcc18f6000-7ffcc18fa000 ---p 00000000 00:00 0 
7ffcc18fa000-7ffcc19f6000 rw-p 00000000 00:00 0 
7ffcc1af6000-7ffcc1afa000 ---p 00000000 00:00 0 
7ffcc1afa000-7ffcc1bf6000 rw-p 00000000 00:00 0 
7ffcc1cf6000-7ffcc1cfa000 ---p 00000000 00:00 0 
7ffcc1cfa000-7ffcc1df6000 rw-p 00000000 00:00 0 
7ffcc1ef6000-7ffcc1efa000 ---p 00000000 00:00 0 
7ffcc1efa000-7ffccc029000 rw-p 00000000 00:00 0 
7ffccc029000-7ffcd0000000 ---p 00000000 00:00 0 
7ffcd0000000-7ffcd01b7000 rw-p 00000000 00:00 0 
7ffcd01b7000-7ffcd4000000 ---p 00000000 00:00 0 
7ffcd4000000-7ffcd4021000 rw-p 00000000 00:00 0 
7ffcd4021000-7ffcd8000000 ---p 00000000 00:00 0 
7ffcd8000000-7ffcd8021000 rw-p 00000000 00:00 0 
7ffcd8021000-7ffcdc000000 ---p 00000000 00:00 0 
7ffcdc000000-7ffcdc021000 rw-p 00000000 00:00 0 
7ffcdc021000-7ffce0000000 ---p 00000000 00:00 0 
7ffce0000000-7ffce00ad000 rw-p 00000000 00:00 0 
7ffce00ad000-7ffce4000000 ---p 00000000 00:00 0 
7ffce4000000-7ffce414e000 rw-p 00000000 00:00 0 
7ffce414e000-7ffce8000000 ---p 00000000 00:00 0 
7ffce8000000-7ffce8021000 rw-p 00000000 00:00 0 
7ffce8021000-7ffcec000000 ---p 00000000 00:00 0 
7ffcec000000-7ffcec021000 rw-p 00000000 00:00 0 
7ffcec021000-7ffcf0000000 ---p 00000000 00:00 0 
7ffcf0000000-7ffcf0065000 rw-p 00000000 00:00 0 
7ffcf0065000-7ffcf4000000 ---p 00000000 00:00 0 
7ffcf4000000-7ffcf4021000 rw-p 00000000 00:00 0 
7ffcf4021000-7ffcf8000000 ---p 00000000 00:00 0 
7ffcf8000000-7ffcf8021000 rw-p 00000000 00:00 0 
7ffcf8021000-7ffcfc000000 ---p 00000000 00:00 0 
7ffcfc000000-7ffcfc021000 rw-p 00000000 00:00 0 
7ffcfc021000-7ffd00000000 ---p 00000000 00:00 0 
7ffd00000000-7ffd00021000 rw-p 00000000 00:00 0 
7ffd00021000-7ffd04000000 ---p 00000000 00:00 0 
7ffd04000000-7ffd04021000 rw-p 00000000 00:00 0 
7ffd04021000-7ffd08000000 ---p 00000000 00:00 0 
7ffd08000000-7ffd08021000 rw-p 00000000 00:00 0 
7ffd08021000-7ffd0c000000 ---p 00000000 00:00 0 
7ffd0c000000-7ffd0c021000 rw-p 00000000 00:00 0 
7ffd0c021000-7ffd10000000 ---p 00000000 00:00 0 
7ffd10000000-7ffd10021000 rw-p 00000000 00:00 0 
7ffd10021000-7ffd14000000 ---p 00000000 00:00 0 
7ffd14000000-7ffd14021000 rw-p 00000000 00:00 0 
7ffd14021000-7ffd18000000 ---p 00000000 00:00 0 
7ffd18000000-7ffd18021000 rw-p 00000000 00:00 0 
7ffd18021000-7ffd1c000000 ---p 00000000 00:00 0 
7ffd1c000000-7ffd1c021000 rw-p 00000000 00:00 0 
7ffd1c021000-7ffd20000000 ---p 00000000 00:00 0 
7ffd20000000-7ffd20021000 rw-p 00000000 00:00 0 
7ffd20021000-7ffd24000000 ---p 00000000 00:00 0 
7ffd24000000-7ffd24021000 rw-p 00000000 00:00 0 
7ffd24021000-7ffd28000000 ---p 00000000 00:00 0 
7ffd28000000-7ffd28021000 rw-p 00000000 00:00 0 
7ffd28021000-7ffd2c000000 ---p 00000000 00:00 0 
7ffd2c000000-7ffd2c021000 rw-p 00000000 00:00 0 
7ffd2c021000-7ffd30000000 ---p 00000000 00:00 0 
7ffd30000000-7ffd30021000 rw-p 00000000 00:00 0 
7ffd30021000-7ffd34000000 ---p 00000000 00:00 0 
7ffd34000000-7ffd34021000 rw-p 00000000 00:00 0 
7ffd34021000-7ffd38000000 ---p 00000000 00:00 0 
7ffd38000000-7ffd3806b000 rw-p 00000000 00:00 0 
7ffd3806b000-7ffd3c000000 ---p 00000000 00:00 0 
7ffd3c000000-7ffd3c021000 rw-p 00000000 00:00 0 
7ffd3c021000-7ffd40000000 ---p 00000000 00:00 0 
7ffd40000000-7ffd40021000 rw-p 00000000 00:00 0 
7ffd40021000-7ffd44000000 ---p 00000000 00:00 0 
7ffd44000000-7ffd44021000 rw-p 00000000 00:00 0 
7ffd44021000-7ffd48000000 ---p 00000000 00:00 0 
7ffd48000000-7ffd48021000 rw-p 00000000 00:00 0 
7ffd48021000-7ffd4c000000 ---p 00000000 00:00 0 
7ffd4c000000-7ffd4c021000 rw-p 00000000 00:00 0 
7ffd4c021000-7ffd50000000 ---p 00000000 00:00 0 
7ffd50000000-7ffd50021000 rw-p 00000000 00:00 0 
7ffd50021000-7ffd54000000 ---p 00000000 00:00 0 
7ffd54000000-7ffd54021000 rw-p 00000000 00:00 0 
7ffd54021000-7ffd58000000 ---p 00000000 00:00 0 
7ffd58000000-7ffd58021000 rw-p 00000000 00:00 0 
7ffd58021000-7ffd5c000000 ---p 00000000 00:00 0 
7ffd5c000000-7ffd5c021000 rw-p 00000000 00:00 0 
7ffd5c021000-7ffd60000000 ---p 00000000 00:00 0 
7ffd60000000-7ffd60021000 rw-p 00000000 00:00 0 
7ffd60021000-7ffd64000000 ---p 00000000 00:00 0 
7ffd64000000-7ffd64021000 rw-p 00000000 00:00 0 
7ffd64021000-7ffd68000000 ---p 00000000 00:00 0 
7ffd68000000-7ffd68021000 rw-p 00000000 00:00 0 
7ffd68021000-7ffd6c000000 ---p 00000000 00:00 0 
7ffd6c000000-7ffd6c021000 rw-p 00000000 00:00 0 
7ffd6c021000-7ffd70000000 ---p 00000000 00:00 0 
7ffd70000000-7ffd70021000 rw-p 00000000 00:00 0 
7ffd70021000-7ffd74000000 ---p 00000000 00:00 0 
7ffd74000000-7ffd74021000 rw-p 00000000 00:00 0 
7ffd74021000-7ffd78000000 ---p 00000000 00:00 0 
7ffd78000000-7ffd78021000 rw-p 00000000 00:00 0 
7ffd78021000-7ffd7c000000 ---p 00000000 00:00 0 
7ffd7c000000-7ffd7c021000 rw-p 00000000 00:00 0 
7ffd7c021000-7ffd80000000 ---p 00000000 00:00 0 
7ffd80000000-7ffd80064000 rw-p 00000000 00:00 0 
7ffd80064000-7ffd84000000 ---p 00000000 00:00 0 
7ffd84000000-7ffd84021000 rw-p 00000000 00:00 0 
7ffd84021000-7ffd88000000 ---p 00000000 00:00 0 
7ffd88000000-7ffd88021000 rw-p 00000000 00:00 0 
7ffd88021000-7ffd8c000000 ---p 00000000 00:00 0 
7ffd8c000000-7ffd8c021000 rw-p 00000000 00:00 0 
7ffd8c021000-7ffd90000000 ---p 00000000 00:00 0 
7ffd90000000-7ffd90021000 rw-p 00000000 00:00 0 
7ffd90021000-7ffd94000000 ---p 00000000 00:00 0 
7ffd94000000-7ffd94021000 rw-p 00000000 00:00 0 
7ffd94021000-7ffd98000000 ---p 00000000 00:00 0 
7ffd98000000-7ffd98021000 rw-p 00000000 00:00 0 
7ffd98021000-7ffd9c000000 ---p 00000000 00:00 0 
7ffd9c000000-7ffd9c021000 rw-p 00000000 00:00 0 
7ffd9c021000-7ffda0000000 ---p 00000000 00:00 0 
7ffda0000000-7ffda0021000 rw-p 00000000 00:00 0 
7ffda0021000-7ffda4000000 ---p 00000000 00:00 0 
7ffda4000000-7ffda4021000 rw-p 00000000 00:00 0 
7ffda4021000-7ffda8000000 ---p 00000000 00:00 0 
7ffda8000000-7ffda8021000 rw-p 00000000 00:00 0 
7ffda8021000-7ffdac000000 ---p 00000000 00:00 0 
7ffdac000000-7ffdac021000 rw-p 00000000 00:00 0 
7ffdac021000-7ffdb0000000 ---p 00000000 00:00 0 
7ffdb0000000-7ffdb0021000 rw-p 00000000 00:00 0 
7ffdb0021000-7ffdb4000000 ---p 00000000 00:00 0 
7ffdb4000000-7ffdb4021000 rw-p 00000000 00:00 0 
7ffdb4021000-7ffdb8000000 ---p 00000000 00:00 0 
7ffdb8000000-7ffdb8021000 rw-p 00000000 00:00 0 
7ffdb8021000-7ffdbc000000 ---p 00000000 00:00 0 
7ffdbc000000-7ffdbc021000 rw-p 00000000 00:00 0 
7ffdbc021000-7ffdc0000000 ---p 00000000 00:00 0 
7ffdc0000000-7ffdc0021000 rw-p 00000000 00:00 0 
7ffdc0021000-7ffdc4000000 ---p 00000000 00:00 0 
7ffdc4100000-7ffdc4240000 rw-p 00000000 00:00 0 
7ffdc4240000-7ffdc4300000 ---p 00000000 00:00 0 
7ffdc4300000-7ffdc4304000 ---p 00000000 00:00 0 
7ffdc4304000-7ffdc4400000 rw-p 00000000 00:00 0 
7ffdc4500000-7ffdc4504000 ---p 00000000 00:00 0 
7ffdc4504000-7ffdc4600000 rw-p 00000000 00:00 0 
7ffdc4700000-7ffdc4704000 ---p 00000000 00:00 0 
7ffdc4704000-7ffdc4800000 rw-p 00000000 00:00 0 
7ffdc4800000-7ffdc4804000 ---p 00000000 00:00 0 
7ffdc4804000-7ffdc4900000 rw-p 00000000 00:00 0 
7ffdc4b00000-7ffdc4b04000 ---p 00000000 00:00 0 
7ffdc4b04000-7ffdc4c00000 rw-p 00000000 00:00 0 
7ffdc4c00000-7ffdc4c04000 ---p 00000000 00:00 0 
7ffdc4c04000-7ffdc4d00000 rw-p 00000000 00:00 0 
7ffdc4d00000-7ffdc4d04000 ---p 00000000 00:00 0 
7ffdc4d04000-7ffdc4e00000 rw-p 00000000 00:00 0 
7ffdc4e00000-7ffdc4e04000 ---p 00000000 00:00 0 
7ffdc4e04000-7ffdc4f00000 rw-p 00000000 00:00 0 
7ffdc4f00000-7ffdc4f04000 ---p 00000000 00:00 0 
7ffdc4f04000-7ffdc5000000 rw-p 00000000 00:00 0 
7ffdc5000000-7ffdc5004000 ---p 00000000 00:00 0 
7ffdc5004000-7ffdc5100000 rw-p 00000000 00:00 0 
7ffdc5100000-7ffdc5104000 ---p 00000000 00:00 0 
7ffdc5104000-7ffdc5200000 rw-p 00000000 00:00 0 
7ffdc5200000-7ffdc5204000 ---p 00000000 00:00 0 
7ffdc5204000-7ffdc5300000 rw-p 00000000 00:00 0 
7ffdc5300000-7ffdc5304000 ---p 00000000 00:00 0 
7ffdc5304000-7ffdc5400000 rw-p 00000000 00:00 0 
7ffdc5400000-7ffdc5404000 ---p 00000000 00:00 0 
7ffdc5404000-7ffdc5500000 rw-p 00000000 00:00 0 
7ffdc5500000-7ffdc5504000 ---p 00000000 00:00 0 
7ffdc5504000-7ffdc5600000 rw-p 00000000 00:00 0 
7ffdc5600000-7ffdc5604000 ---p 00000000 00:00 0 
7ffdc5604000-7ffdc5700000 rw-p 00000000 00:00 0 
7ffdc5700000-7ffdc5704000 ---p 00000000 00:00 0 
7ffdc5704000-7ffdc5800000 rw-p 00000000 00:00 0 
7ffdc5800000-7ffdc5804000 ---p 00000000 00:00 0 
7ffdc5804000-7ffdc5900000 rw-p 00000000 00:00 0 
7ffdc5900000-7ffdc5904000 ---p 00000000 00:00 0 
7ffdc5904000-7ffdc5a00000 rw-p 00000000 00:00 0 
7ffdc5a00000-7ffdc5a04000 ---p 00000000 00:00 0 
7ffdc5a04000-7ffdc5b00000 rw-p 00000000 00:00 0 
7ffdc5b00000-7ffdc5b04000 ---p 00000000 00:00 0 
7ffdc5b04000-7ffdc5c00000 rw-p 00000000 00:00 0 
7ffdc5c00000-7ffdc5c04000 ---p 00000000 00:00 0 
7ffdc5c04000-7ffdc5d00000 rw-p 00000000 00:00 0 
7ffdc5d00000-7ffdc5d04000 ---p 00000000 00:00 0 
7ffdc5d04000-7ffdc5e00000 rw-p 00000000 00:00 0 
7ffdc5e00000-7ffdc5e04000 ---p 00000000 00:00 0 
7ffdc5e04000-7ffdc5f00000 rw-p 00000000 00:00 0 
7ffdc5f00000-7ffdc5f04000 ---p 00000000 00:00 0 
7ffdc5f04000-7ffdc6000000 rw-p 00000000 00:00 0 
7ffdc6000000-7ffdc6004000 ---p 00000000 00:00 0 
7ffdc6004000-7ffdc6100000 rw-p 00000000 00:00 0 
7ffdc6100000-7ffdc6104000 ---p 00000000 00:00 0 
7ffdc6104000-7ffdc6200000 rw-p 00000000 00:00 0 
7ffdc6200000-7ffdc6204000 ---p 00000000 00:00 0 
7ffdc6204000-7ffdc6300000 rw-p 00000000 00:00 0 
7ffdc6300000-7ffdc6304000 ---p 00000000 00:00 0 
7ffdc6304000-7ffdc6400000 rw-p 00000000 00:00 0 
7ffdc6400000-7ffdc6404000 ---p 00000000 00:00 0 
7ffdc6404000-7ffdc6500000 rw-p 00000000 00:00 0 
7ffdc6500000-7ffdc6504000 ---p 00000000 00:00 0 
7ffdc6504000-7ffdc6600000 rw-p 00000000 00:00 0 
7ffdc6600000-7ffdc6604000 ---p 00000000 00:00 0 
7ffdc6604000-7ffdc6700000 rw-p 00000000 00:00 0 
7ffdc6700000-7ffdc6704000 ---p 00000000 00:00 0 
7ffdc6704000-7ffdc6800000 rw-p 00000000 00:00 0 
7ffdc6800000-7ffdc6804000 ---p 00000000 00:00 0 
7ffdc6804000-7ffdc6900000 rw-p 00000000 00:00 0 
7ffdc6900000-7ffdc6904000 ---p 00000000 00:00 0 
7ffdc6904000-7ffdc6a00000 rw-p 00000000 00:00 0 
7ffdc6a00000-7ffdc6a04000 ---p 00000000 00:00 0 
7ffdc6a04000-7ffdc6b00000 rw-p 00000000 00:00 0 
7ffdc6b00000-7ffdc6b04000 ---p 00000000 00:00 0 
7ffdc6b04000-7ffdc6c00000 rw-p 00000000 00:00 0 
7ffdc6c00000-7ffdc6c04000 ---p 00000000 00:00 0 
7ffdc6c04000-7ffdc6d00000 rw-p 00000000 00:00 0 
7ffdc6d00000-7ffdc6d04000 ---p 00000000 00:00 0 
7ffdc6d04000-7ffdc6e00000 rw-p 00000000 00:00 0 
7ffdc6e00000-7ffdc6e04000 ---p 00000000 00:00 0 
7ffdc6e04000-7ffdc6f00000 rw-p 00000000 00:00 0 
7ffdc6f00000-7ffdc6f04000 ---p 00000000 00:00 0 
7ffdc6f04000-7ffdc7000000 rw-p 00000000 00:00 0 
7ffdc7000000-7ffdc7004000 ---p 00000000 00:00 0 
7ffdc7004000-7ffdc7100000 rw-p 00000000 00:00 0 
7ffdc7100000-7ffdc7104000 ---p 00000000 00:00 0 
7ffdc7104000-7ffdc7200000 rw-p 00000000 00:00 0 
7ffdc7200000-7ffdc7204000 ---p 00000000 00:00 0 
7ffdc7204000-7ffdc7300000 rw-p 00000000 00:00 0 
7ffdc7300000-7ffdc7304000 ---p 00000000 00:00 0 
7ffdc7304000-7ffdc7400000 rw-p 00000000 00:00 0 
7ffdc7400000-7ffdc7404000 ---p 00000000 00:00 0 
7ffdc7404000-7ffdc7500000 rw-p 00000000 00:00 0 
7ffdc7500000-7ffdc7504000 ---p 00000000 00:00 0 
7ffdc7504000-7ffdc7600000 rw-p 00000000 00:00 0 
7ffdc7600000-7ffdc7604000 ---p 00000000 00:00 0 
7ffdc7604000-7ffdc7700000 rw-p 00000000 00:00 0 
7ffdc7700000-7ffdc7704000 ---p 00000000 00:00 0 
7ffdc7704000-7ffdc7800000 rw-p 00000000 00:00 0 
7ffdc7800000-7ffdc7804000 ---p 00000000 00:00 0 
7ffdc7804000-7ffdc7900000 rw-p 00000000 00:00 0 
7ffdc7900000-7ffdc7904000 ---p 00000000 00:00 0 
7ffdc7904000-7ffdc7a00000 rw-p 00000000 00:00 0 
7ffdc7a00000-7ffdc7a04000 ---p 00000000 00:00 0 
7ffdc7a04000-7ffdc7b00000 rw-p 00000000 00:00 0 
7ffdc7b00000-7ffdc7b04000 ---p 00000000 00:00 0 
7ffdc7b04000-7ffdc7c00000 rw-p 00000000 00:00 0 
7ffdc7c00000-7ffdc7c04000 ---p 00000000 00:00 0 
7ffdc7c04000-7ffdc7d00000 rw-p 00000000 00:00 0 
7ffdc7d00000-7ffdc7d04000 ---p 00000000 00:00 0 
7ffdc7d04000-7ffdc7e00000 rw-p 00000000 00:00 0 
7ffdc7e00000-7ffdc7e04000 ---p 00000000 00:00 0 
7ffdc7e04000-7ffdc7f00000 rw-p 00000000 00:00 0 
7ffdc7f00000-7ffdc7f04000 ---p 00000000 00:00 0 
7ffdc7f04000-7ffdc8049000 rw-p 00000000 00:00 0 
7ffdc8049000-7ffdcc000000 ---p 00000000 00:00 0 
7ffdcc000000-7ffdcc062000 rw-p 00000000 00:00 0 
7ffdcc062000-7ffdd0000000 ---p 00000000 00:00 0 
7ffdd0000000-7ffdd0021000 rw-p 00000000 00:00 0 
7ffdd0021000-7ffdd4000000 ---p 00000000 00:00 0 
7ffdd4000000-7ffdd4054000 rw-p 00000000 00:00 0 
7ffdd4054000-7ffdd8000000 ---p 00000000 00:00 0 
7ffdd8000000-7ffdd8021000 rw-p 00000000 00:00 0 
7ffdd8021000-7ffddc000000 ---p 00000000 00:00 0 
7ffddc000000-7ffddc021000 rw-p 00000000 00:00 0 
7ffddc021000-7ffde0000000 ---p 00000000 00:00 0 
7ffde0000000-7ffde0021000 rw-p 00000000 00:00 0 
7ffde0021000-7ffde4000000 ---p 00000000 00:00 0 
7ffde4000000-7ffde4021000 rw-p 00000000 00:00 0 
7ffde4021000-7ffde8000000 ---p 00000000 00:00 0 
7ffde8000000-7ffde8021000 rw-p 00000000 00:00 0 
7ffde8021000-7ffdec000000 ---p 00000000 00:00 0 
7ffdec000000-7ffdec021000 rw-p 00000000 00:00 0 
7ffdec021000-7ffdf0000000 ---p 00000000 00:00 0 
7ffdf0000000-7ffdf0021000 rw-p 00000000 00:00 0 
7ffdf0021000-7ffdf4000000 ---p 00000000 00:00 0 
7ffdf4000000-7ffdf4021000 rw-p 00000000 00:00 0 
7ffdf4021000-7ffdf8000000 ---p 00000000 00:00 0 
7ffdf8000000-7ffdf8021000 rw-p 00000000 00:00 0 
7ffdf8021000-7ffdfc000000 ---p 00000000 00:00 0 
7ffdfc000000-7ffdfc021000 rw-p 00000000 00:00 0 
7ffdfc021000-7ffe00000000 ---p 00000000 00:00 0 
7ffe00000000-7ffe00021000 rw-p 00000000 00:00 0 
7ffe00021000-7ffe04000000 ---p 00000000 00:00 0 
7ffe04000000-7ffe04021000 rw-p 00000000 00:00 0 
7ffe04021000-7ffe08000000 ---p 00000000 00:00 0 
7ffe08000000-7ffe08021000 rw-p 00000000 00:00 0 
7ffe08021000-7ffe0c000000 ---p 00000000 00:00 0 
7ffe0c000000-7ffe0c021000 rw-p 00000000 00:00 0 
7ffe0c021000-7ffe10000000 ---p 00000000 00:00 0 
7ffe10000000-7ffe10021000 rw-p 00000000 00:00 0 
7ffe10021000-7ffe14000000 ---p 00000000 00:00 0 
7ffe14000000-7ffe14021000 rw-p 00000000 00:00 0 
7ffe14021000-7ffe18000000 ---p 00000000 00:00 0 
7ffe18000000-7ffe18021000 rw-p 00000000 00:00 0 
7ffe18021000-7ffe1c000000 ---p 00000000 00:00 0 
7ffe1c000000-7ffe1c069000 rw-p 00000000 00:00 0 
7ffe1c069000-7ffe20000000 ---p 00000000 00:00 0 
7ffe20000000-7ffe20021000 rw-p 00000000 00:00 0 
7ffe20021000-7ffe24000000 ---p 00000000 00:00 0 
7ffe24000000-7ffe24021000 rw-p 00000000 00:00 0 
7ffe24021000-7ffe28000000 ---p 00000000 00:00 0 
7ffe28000000-7ffe28021000 rw-p 00000000 00:00 0 
7ffe28021000-7ffe2c000000 ---p 00000000 00:00 0 
7ffe2c000000-7ffe2c021000 rw-p 00000000 00:00 0 
7ffe2c021000-7ffe30000000 ---p 00000000 00:00 0 
7ffe30000000-7ffe30021000 rw-p 00000000 00:00 0 
7ffe30021000-7ffe34000000 ---p 00000000 00:00 0 
7ffe34000000-7ffe34021000 rw-p 00000000 00:00 0 
7ffe34021000-7ffe38000000 ---p 00000000 00:00 0 
7ffe38000000-7ffe38021000 rw-p 00000000 00:00 0 
7ffe38021000-7ffe3c000000 ---p 00000000 00:00 0 
7ffe3c000000-7ffe3c021000 rw-p 00000000 00:00 0 
7ffe3c021000-7ffe40000000 ---p 00000000 00:00 0 
7ffe40000000-7ffe40021000 rw-p 00000000 00:00 0 
7ffe40021000-7ffe44000000 ---p 00000000 00:00 0 
7ffe44000000-7ffe44021000 rw-p 00000000 00:00 0 
7ffe44021000-7ffe48000000 ---p 00000000 00:00 0 
7ffe48000000-7ffe48021000 rw-p 00000000 00:00 0 
7ffe48021000-7ffe4c000000 ---p 00000000 00:00 0 
7ffe4c000000-7ffe4c021000 rw-p 00000000 00:00 0 
7ffe4c021000-7ffe50000000 ---p 00000000 00:00 0 
7ffe50000000-7ffe50021000 rw-p 00000000 00:00 0 
7ffe50021000-7ffe54000000 ---p 00000000 00:00 0 
7ffe54000000-7ffe54021000 rw-p 00000000 00:00 0 
7ffe54021000-7ffe58000000 ---p 00000000 00:00 0 
7ffe58000000-7ffe58021000 rw-p 00000000 00:00 0 
7ffe58021000-7ffe5c000000 ---p 00000000 00:00 0 
7ffe5c000000-7ffe5c021000 rw-p 00000000 00:00 0 
7ffe5c021000-7ffe60000000 ---p 00000000 00:00 0 
7ffe60000000-7ffe60021000 rw-p 00000000 00:00 0 
7ffe60021000-7ffe64000000 ---p 00000000 00:00 0 
7ffe64000000-7ffe64061000 rw-p 00000000 00:00 0 
7ffe64061000-7ffe68000000 ---p 00000000 00:00 0 
7ffe68000000-7ffe68021000 rw-p 00000000 00:00 0 
7ffe68021000-7ffe6c000000 ---p 00000000 00:00 0 
7ffe6c000000-7ffe6c021000 rw-p 00000000 00:00 0 
7ffe6c021000-7ffe70000000 ---p 00000000 00:00 0 
7ffe70000000-7ffe70021000 rw-p 00000000 00:00 0 
7ffe70021000-7ffe74000000 ---p 00000000 00:00 0 
7ffe74000000-7ffe74021000 rw-p 00000000 00:00 0 
7ffe74021000-7ffe78000000 ---p 00000000 00:00 0 
7ffe78000000-7ffe78021000 rw-p 00000000 00:00 0 
7ffe78021000-7ffe7c000000 ---p 00000000 00:00 0 
7ffe7c000000-7ffe7c021000 rw-p 00000000 00:00 0 
7ffe7c021000-7ffe80000000 ---p 00000000 00:00 0 
7ffe80000000-7ffe80021000 rw-p 00000000 00:00 0 
7ffe80021000-7ffe84000000 ---p 00000000 00:00 0 
7ffe84000000-7ffe84021000 rw-p 00000000 00:00 0 
7ffe84021000-7ffe88000000 ---p 00000000 00:00 0 
7ffe88000000-7ffe88021000 rw-p 00000000 00:00 0 
7ffe88021000-7ffe8c000000 ---p 00000000 00:00 0 
7ffe8c000000-7ffe8c021000 rw-p 00000000 00:00 0 
7ffe8c021000-7ffe90000000 ---p 00000000 00:00 0 
7ffe90000000-7ffe90021000 rw-p 00000000 00:00 0 
7ffe90021000-7ffe94000000 ---p 00000000 00:00 0 
7ffe94000000-7ffe94021000 rw-p 00000000 00:00 0 
7ffe94021000-7ffe98000000 ---p 00000000 00:00 0 
7ffe98000000-7ffe98021000 rw-p 00000000 00:00 0 
7ffe98021000-7ffe9c000000 ---p 00000000 00:00 0 
7ffe9c000000-7ffe9c021000 rw-p 00000000 00:00 0 
7ffe9c021000-7ffea0000000 ---p 00000000 00:00 0 
7ffea0000000-7ffea0021000 rw-p 00000000 00:00 0 
7ffea0021000-7ffea4000000 ---p 00000000 00:00 0 
7ffea4000000-7ffea4021000 rw-p 00000000 00:00 0 
7ffea4021000-7ffea8000000 ---p 00000000 00:00 0 
7ffea8000000-7ffea8021000 rw-p 00000000 00:00 0 
7ffea8021000-7ffeac000000 ---p 00000000 00:00 0 
7ffeac000000-7ffeac021000 rw-p 00000000 00:00 0 
7ffeac021000-7ffeb0000000 ---p 00000000 00:00 0 
7ffeb0000000-7ffeb094c000 rw-p 00000000 00:00 0 
7ffeb094c000-7ffeb4000000 ---p 00000000 00:00 0 
7ffeb4000000-7ffeb4004000 ---p 00000000 00:00 0 
7ffeb4004000-7ffeb4100000 rw-p 00000000 00:00 0 
7ffeb4100000-7ffeb4104000 ---p 00000000 00:00 0 
7ffeb4104000-7ffeb4200000 rw-p 00000000 00:00 0 
7ffeb4200000-7ffeb4204000 ---p 00000000 00:00 0 
7ffeb4204000-7ffeb4300000 rw-p 00000000 00:00 0 
7ffeb4300000-7ffeb4304000 ---p 00000000 00:00 0 
7ffeb4304000-7ffeb4400000 rw-p 00000000 00:00 0 
7ffeb4400000-7ffeb4404000 ---p 00000000 00:00 0 
7ffeb4404000-7ffeb4500000 rw-p 00000000 00:00 0 
7ffeb4500000-7ffeb4504000 ---p 00000000 00:00 0 
7ffeb4504000-7ffeb4600000 rw-p 00000000 00:00 0 
7ffeb4600000-7ffeb4604000 ---p 00000000 00:00 0 
7ffeb4604000-7ffeb4700000 rw-p 00000000 00:00 0 
7ffeb4700000-7ffeb4704000 ---p 00000000 00:00 0 
7ffeb4704000-7ffeb4800000 rw-p 00000000 00:00 0 
7ffeb4800000-7ffeb4804000 ---p 00000000 00:00 0 
7ffeb4804000-7ffeb4900000 rw-p 00000000 00:00 0 
7ffeb4900000-7ffeb4904000 ---p 00000000 00:00 0 
7ffeb4904000-7ffeb4a00000 rw-p 00000000 00:00 0 
7ffeb4a00000-7ffeb4a04000 ---p 00000000 00:00 0 
7ffeb4a04000-7ffeb4b00000 rw-p 00000000 00:00 0 
7ffeb4b00000-7ffeb4b04000 ---p 00000000 00:00 0 
7ffeb4b04000-7ffeb4c00000 rw-p 00000000 00:00 0 
7ffeb4c00000-7ffeb4c04000 ---p 00000000 00:00 0 
7ffeb4c04000-7ffeb4d00000 rw-p 00000000 00:00 0 
7ffeb4d00000-7ffeb4d04000 ---p 00000000 00:00 0 
7ffeb4d04000-7ffeb4e00000 rw-p 00000000 00:00 0 
7ffeb4e00000-7ffeb4e04000 ---p 00000000 00:00 0 
7ffeb4e04000-7ffeb4f00000 rw-p 00000000 00:00 0 
7ffeb4f00000-7ffeb4f04000 ---p 00000000 00:00 0 
7ffeb4f04000-7ffeb5000000 rw-p 00000000 00:00 0 
7ffeb5000000-7ffeb5004000 ---p 00000000 00:00 0 
7ffeb5004000-7ffeb5100000 rw-p 00000000 00:00 0 
7ffeb5100000-7ffeb5104000 ---p 00000000 00:00 0 
7ffeb5104000-7ffeb5200000 rw-p 00000000 00:00 0 
7ffeb5200000-7ffeb5204000 ---p 00000000 00:00 0 
7ffeb5204000-7ffeb5300000 rw-p 00000000 00:00 0 
7ffeb5300000-7ffeb5304000 ---p 00000000 00:00 0 
7ffeb5304000-7ffeb5400000 rw-p 00000000 00:00 0 
7ffeb5400000-7ffeb5404000 ---p 00000000 00:00 0 
7ffeb5404000-7ffeb5500000 rw-p 00000000 00:00 0 
7ffeb5500000-7ffeb5504000 ---p 00000000 00:00 0 
7ffeb5504000-7ffeb5600000 rw-p 00000000 00:00 0 
7ffeb5600000-7ffeb5604000 ---p 00000000 00:00 0 
7ffeb5604000-7ffeb5700000 rw-p 00000000 00:00 0 
7ffeb5700000-7ffeb5704000 ---p 00000000 00:00 0 
7ffeb5704000-7ffeb5800000 rw-p 00000000 00:00 0 
7ffeb5800000-7ffeb5804000 ---p 00000000 00:00 0 
7ffeb5804000-7ffeb5900000 rw-p 00000000 00:00 0 
7ffeb5900000-7ffeb5904000 ---p 00000000 00:00 0 
7ffeb5904000-7ffeb5a00000 rw-p 00000000 00:00 0 
7ffeb5a00000-7ffeb5a04000 ---p 00000000 00:00 0 
7ffeb5a04000-7ffeb5b00000 rw-p 00000000 00:00 0 
7ffeb5b00000-7ffeb5b04000 ---p 00000000 00:00 0 
7ffeb5b04000-7ffeb5c00000 rw-p 00000000 00:00 0 
7ffeb5c00000-7ffeb5c04000 ---p 00000000 00:00 0 
7ffeb5c04000-7ffeb5d00000 rw-p 00000000 00:00 0 
7ffeb5d00000-7ffeb5d04000 ---p 00000000 00:00 0 
7ffeb5d04000-7ffeb5e00000 rw-p 00000000 00:00 0 
7ffeb5e00000-7ffeb5e04000 ---p 00000000 00:00 0 
7ffeb5e04000-7ffeb5f00000 rw-p 00000000 00:00 0 
7ffeb5f00000-7ffeb5f04000 ---p 00000000 00:00 0 
7ffeb5f04000-7ffeb6000000 rw-p 00000000 00:00 0 
7ffeb6000000-7ffeb6004000 ---p 00000000 00:00 0 
7ffeb6004000-7ffeb6100000 rw-p 00000000 00:00 0 
7ffeb6100000-7ffeb6104000 ---p 00000000 00:00 0 
7ffeb6104000-7ffeb6200000 rw-p 00000000 00:00 0 
7ffeb6200000-7ffeb6204000 ---p 00000000 00:00 0 
7ffeb6204000-7ffeb6300000 rw-p 00000000 00:00 0 
7ffeb6300000-7ffeb6304000 ---p 00000000 00:00 0 
7ffeb6304000-7ffeb6400000 rw-p 00000000 00:00 0 
7ffeb6400000-7ffeb6404000 ---p 00000000 00:00 0 
7ffeb6404000-7ffeb6500000 rw-p 00000000 00:00 0 
7ffeb6500000-7ffeb6504000 ---p 00000000 00:00 0 
7ffeb6504000-7ffeb6600000 rw-p 00000000 00:00 0 
7ffeb6600000-7ffeb6604000 ---p 00000000 00:00 0 
7ffeb6604000-7ffeb6700000 rw-p 00000000 00:00 0 
7ffeb6700000-7ffeb6704000 ---p 00000000 00:00 0 
7ffeb6704000-7ffeb6800000 rw-p 00000000 00:00 0 
7ffeb6800000-7ffeb6804000 ---p 00000000 00:00 0 
7ffeb6804000-7ffeb6900000 rw-p 00000000 00:00 0 
7ffeb6900000-7ffeb6904000 ---p 00000000 00:00 0 
7ffeb6904000-7ffeb6a00000 rw-p 00000000 00:00 0 
7ffeb6a00000-7ffeb6a04000 ---p 00000000 00:00 0 
7ffeb6a04000-7ffeb6b00000 rw-p 00000000 00:00 0 
7ffeb6b00000-7ffeb6b04000 ---p 00000000 00:00 0 
7ffeb6b04000-7ffeb6c00000 rw-p 00000000 00:00 0 
7ffeb6c00000-7ffeb6c04000 ---p 00000000 00:00 0 
7ffeb6c04000-7ffeb6d00000 rw-p 00000000 00:00 0 
7ffeb6d00000-7ffeb6d04000 ---p 00000000 00:00 0 
7ffeb6d04000-7ffeb6e00000 rw-p 00000000 00:00 0 
7ffeb6e00000-7ffeb6e04000 ---p 00000000 00:00 0 
7ffeb6e04000-7ffeb6f00000 rw-p 00000000 00:00 0 
7ffeb6f00000-7ffeb6f04000 ---p 00000000 00:00 0 
7ffeb6f04000-7ffeb7000000 rw-p 00000000 00:00 0 
7ffeb7000000-7ffeb7004000 ---p 00000000 00:00 0 
7ffeb7004000-7ffeb7100000 rw-p 00000000 00:00 0 
7ffeb7100000-7ffeb7104000 ---p 00000000 00:00 0 
7ffeb7104000-7ffeb7200000 rw-p 00000000 00:00 0 
7ffeb7200000-7ffeb7204000 ---p 00000000 00:00 0 
7ffeb7204000-7ffeb7300000 rw-p 00000000 00:00 0 
7ffeb7300000-7ffeb7304000 ---p 00000000 00:00 0 
7ffeb7304000-7ffeb7400000 rw-p 00000000 00:00 0 
7ffeb7400000-7ffeb7404000 ---p 00000000 00:00 0 
7ffeb7404000-7ffeb7500000 rw-p 00000000 00:00 0 
7ffeb7500000-7ffeb7504000 ---p 00000000 00:00 0 
7ffeb7504000-7ffeb7600000 rw-p 00000000 00:00 0 
7ffeb7600000-7ffeb7604000 ---p 00000000 00:00 0 
7ffeb7604000-7ffeb7700000 rw-p 00000000 00:00 0 
7ffeb7700000-7ffeb7704000 ---p 00000000 00:00 0 
7ffeb7704000-7ffeb7800000 rw-p 00000000 00:00 0 
7ffeb7800000-7ffeb7804000 ---p 00000000 00:00 0 
7ffeb7804000-7ffeb7900000 rw-p 00000000 00:00 0 
7ffeb7900000-7ffeb7904000 ---p 00000000 00:00 0 
7ffeb7904000-7ffeb7a00000 rw-p 00000000 00:00 0 
7ffeb7a00000-7ffeb7a04000 ---p 00000000 00:00 0 
7ffeb7a04000-7ffeb7d00000 rw-p 00000000 00:00 0 
7ffeb7d00000-7ffeb7f00000 rw-p 00000000 00:00 0 
7ffeb8000000-7ffeb880e000 rw-p 00000000 00:00 0 
7ffeb880e000-7ffebc000000 ---p 00000000 00:00 0 
7ffebc000000-7ffebc22d000 rw-p 00000000 00:00 0 
7ffebc22d000-7ffec0000000 ---p 00000000 00:00 0 
7ffec0000000-7ffec0021000 rw-p 00000000 00:00 0 
7ffec0021000-7ffec4000000 ---p 00000000 00:00 0 
7ffec4000000-7ffec44ec000 rw-p 00000000 00:00 0 
7ffec44ec000-7ffec8000000 ---p 00000000 00:00 0 
7ffec8000000-7ffec8021000 rw-p 00000000 00:00 0 
7ffec8021000-7ffecc000000 ---p 00000000 00:00 0 
7ffecc000000-7ffecc021000 rw-p 00000000 00:00 0 
7ffecc021000-7ffed0000000 ---p 00000000 00:00 0 
7ffed0000000-7ffed0021000 rw-p 00000000 00:00 0 
7ffed0021000-7ffed4000000 ---p 00000000 00:00 0 
7ffed4000000-7ffed40fb000 rw-p 00000000 00:00 0 
7ffed40fb000-7ffed8000000 ---p 00000000 00:00 0 
7ffed8000000-7ffed8021000 rw-p 00000000 00:00 0 
7ffed8021000-7ffedc000000 ---p 00000000 00:00 0 
7ffedc000000-7ffedc021000 rw-p 00000000 00:00 0 
7ffedc021000-7ffee0000000 ---p 00000000 00:00 0 
7ffee0000000-7ffee0021000 rw-p 00000000 00:00 0 
7ffee0021000-7ffee4000000 ---p 00000000 00:00 0 
7ffee4000000-7ffee4021000 rw-p 00000000 00:00 0 
7ffee4021000-7ffee8000000 ---p 00000000 00:00 0 
7ffee8000000-7ffee8021000 rw-p 00000000 00:00 0 
7ffee8021000-7ffeec000000 ---p 00000000 00:00 0 
7ffeec000000-7ffeec021000 rw-p 00000000 00:00 0 
7ffeec021000-7ffef0000000 ---p 00000000 00:00 0 
7ffef0000000-7ffef0021000 rw-p 00000000 00:00 0 
7ffef0021000-7ffef4000000 ---p 00000000 00:00 0 
7ffef4000000-7ffef4021000 rw-p 00000000 00:00 0 
7ffef4021000-7ffef8000000 ---p 00000000 00:00 0 
7ffef8000000-7ffef8021000 rw-p 00000000 00:00 0 
7ffef8021000-7ffefc000000 ---p 00000000 00:00 0 
7ffefc000000-7ffefc021000 rw-p 00000000 00:00 0 
7ffefc021000-7fff00000000 ---p 00000000 00:00 0 
7fff00000000-7fff00069000 rw-p 00000000 00:00 0 
7fff00069000-7fff04000000 ---p 00000000 00:00 0 
7fff04000000-7fff04021000 rw-p 00000000 00:00 0 
7fff04021000-7fff08000000 ---p 00000000 00:00 0 
7fff08000000-7fff08021000 rw-p 00000000 00:00 0 
7fff08021000-7fff0c000000 ---p 00000000 00:00 0 
7fff0c000000-7fff0c021000 rw-p 00000000 00:00 0 
7fff0c021000-7fff10000000 ---p 00000000 00:00 0 
7fff10000000-7fff10021000 rw-p 00000000 00:00 0 
7fff10021000-7fff14000000 ---p 00000000 00:00 0 
7fff14000000-7fff14021000 rw-p 00000000 00:00 0 
7fff14021000-7fff18000000 ---p 00000000 00:00 0 
7fff18000000-7fff18021000 rw-p 00000000 00:00 0 
7fff18021000-7fff1c000000 ---p 00000000 00:00 0 
7fff1c000000-7fff1c021000 rw-p 00000000 00:00 0 
7fff1c021000-7fff20000000 ---p 00000000 00:00 0 
7fff20000000-7fff201d5000 rw-p 00000000 00:00 0 
7fff201d5000-7fff24000000 ---p 00000000 00:00 0 
7fff24000000-7fff24021000 rw-p 00000000 00:00 0 
7fff24021000-7fff28000000 ---p 00000000 00:00 0 
7fff28000000-7fff280e0000 rw-p 00000000 00:00 0 
7fff280e0000-7fff2c000000 ---p 00000000 00:00 0 
7fff2c000000-7fff2c108000 rw-p 00000000 00:00 0 
7fff2c108000-7fff30000000 ---p 00000000 00:00 0 
7fff30000000-7fff30126000 rw-p 00000000 00:00 0 
7fff30126000-7fff34000000 ---p 00000000 00:00 0 
7fff340ce000-7fff340d2000 ---p 00000000 00:00 0 
7fff340d2000-7fff341ce000 rw-p 00000000 00:00 0 
7fff342ce000-7fff344ce000 rw-p 00000000 00:00 0 
7fff345ce000-7fff345d2000 ---p 00000000 00:00 0 
7fff345d2000-7fff346ce000 rw-p 00000000 00:00 0 
7fff346ce000-7fff346d2000 ---p 00000000 00:00 0 
7fff346d2000-7fff347ce000 rw-p 00000000 00:00 0 
7fff347ce000-7fff347d2000 ---p 00000000 00:00 0 
7fff347d2000-7fff34cd2000 rw-p 00000000 00:00 0 
7fff34dd3000-7fff350d6000 rw-p 00000000 00:00 0 
7fff350d6000-7fff350da000 ---p 00000000 00:00 0 
7fff350da000-7fff351d6000 rw-p 00000000 00:00 0 
7fff351d6000-7fff351d7000 ---p 00000000 00:00 0 
7fff351d7000-7fff352d7000 rw-p 00000000 00:00 0 
7fff352d7000-7fff352d8000 ---p 00000000 00:00 0 
7fff352d8000-7fff353d8000 rw-p 00000000 00:00 0 
7fff353d8000-7fff353d9000 ---p 00000000 00:00 0 
7fff353d9000-7fff354d9000 rw-p 00000000 00:00 0 
7fff354d9000-7fff354da000 ---p 00000000 00:00 0 
7fff354da000-7fff355da000 rw-p 00000000 00:00 0 
7fff355da000-7fff355db000 ---p 00000000 00:00 0 
7fff355db000-7fff356db000 rw-p 00000000 00:00 0 
7fff356db000-7fff356dc000 ---p 00000000 00:00 0 
7fff356dc000-7fff357dc000 rw-p 00000000 00:00 0 
7fff357dc000-7fff357dd000 ---p 00000000 00:00 0 
7fff357dd000-7fff358dd000 rw-p 00000000 00:00 0 
7fff358dd000-7fff358de000 ---p 00000000 00:00 0 
7fff358de000-7fff359de000 rw-p 00000000 00:00 0 
7fff359de000-7fff359df000 ---p 00000000 00:00 0 
7fff359df000-7fff35adf000 rw-p 00000000 00:00 0 
7fff35adf000-7fff35ae0000 ---p 00000000 00:00 0 
7fff35ae0000-7fff35be0000 rw-p 00000000 00:00 0 
7fff35be0000-7fff35be1000 ---p 00000000 00:00 0 
7fff35be1000-7fff35ce1000 rw-p 00000000 00:00 0 
7fff35ce1000-7fff35ce2000 ---p 00000000 00:00 0 
7fff35ce2000-7fff35de2000 rw-p 00000000 00:00 0 
7fff35de2000-7fff35de3000 ---p 00000000 00:00 0 
7fff35de3000-7fff35ee3000 rw-p 00000000 00:00 0 
7fff35ee3000-7fff35ee4000 ---p 00000000 00:00 0 
7fff35ee4000-7fff35fe4000 rw-p 00000000 00:00 0 
7fff35fe4000-7fff35fe5000 ---p 00000000 00:00 0 
7fff35fe5000-7fff360e5000 rw-p 00000000 00:00 0 
7fff360e5000-7fff360e6000 ---p 00000000 00:00 0 
7fff360e6000-7fff361e6000 rw-p 00000000 00:00 0 
7fff361e6000-7fff361e7000 ---p 00000000 00:00 0 
7fff361e7000-7fff362e7000 rw-p 00000000 00:00 0 
7fff362e7000-7fff362e8000 ---p 00000000 00:00 0 
7fff362e8000-7fff363e8000 rw-p 00000000 00:00 0 
7fff363e8000-7fff363e9000 ---p 00000000 00:00 0 
7fff363e9000-7fff364e9000 rw-p 00000000 00:00 0 
7fff364e9000-7fff364ea000 ---p 00000000 00:00 0 
7fff364ea000-7fff369ee000 rw-p 00000000 00:00 0 
7fff369ee000-7fff369f2000 ---p 00000000 00:00 0 
7fff369f2000-7fff370f4000 rw-p 00000000 00:00 0 
7fff371f4000-7fff377fa000 rw-p 00000000 00:00 0 
7fff377fa000-7fff377fe000 ---p 00000000 00:00 0 
7fff377fe000-7fff37f00000 rw-p 00000000 00:00 0 
7fff37f00000-7fff37f04000 ---p 00000000 00:00 0 
7fff37f04000-7fff380f6000 rw-p 00000000 00:00 0 
7fff380f6000-7fff3c000000 ---p 00000000 00:00 0 
7fff3c000000-7fff3c0db000 rw-p 00000000 00:00 0 
7fff3c0db000-7fff40000000 ---p 00000000 00:00 0 
7fff40000000-7fff400b6000 rw-p 00000000 00:00 0 
7fff400b6000-7fff44000000 ---p 00000000 00:00 0 
7fff44000000-7fff440ba000 rw-p 00000000 00:00 0 
7fff440ba000-7fff48000000 ---p 00000000 00:00 0 
7fff48000000-7fff4843e000 rw-p 00000000 00:00 0 
7fff4843e000-7fff4c000000 ---p 00000000 00:00 0 
7fff4c000000-7fff4c326000 rw-p 00000000 00:00 0 
7fff4c326000-7fff50000000 ---p 00000000 00:00 0 
7fff50000000-7fff504a5000 rw-p 00000000 00:00 0 
7fff504a5000-7fff54000000 ---p 00000000 00:00 0 
7fff54000000-7fff542fe000 rw-p 00000000 00:00 0 
7fff542fe000-7fff58000000 ---p 00000000 00:00 0 
7fff58000000-7fff582a3000 rw-p 00000000 00:00 0 
7fff582a3000-7fff5c000000 ---p 00000000 00:00 0 
7fff5c000000-7fff5c441000 rw-p 00000000 00:00 0 
7fff5c441000-7fff60000000 ---p 00000000 00:00 0 
7fff60000000-7fff60021000 rw-p 00000000 00:00 0 
7fff60021000-7fff64000000 ---p 00000000 00:00 0 
7fff64000000-7fff64021000 rw-p 00000000 00:00 0 
7fff64021000-7fff68000000 ---p 00000000 00:00 0 
7fff68000000-7fff68021000 rw-p 00000000 00:00 0 
7fff68021000-7fff6c000000 ---p 00000000 00:00 0 
7fff6c000000-7fff6c120000 rw-p 00000000 00:00 0 
7fff6c120000-7fff70000000 ---p 00000000 00:00 0 
7fff70000000-7fff70853000 rw-p 00000000 00:00 0 
7fff70853000-7fff74000000 ---p 00000000 00:00 0 
7fff74000000-7fff741de000 rw-p 00000000 00:00 0 
7fff741de000-7fff78000000 ---p 00000000 00:00 0 
7fff78000000-7fff78021000 rw-p 00000000 00:00 0 
7fff78021000-7fff7c000000 ---p 00000000 00:00 0 
7fff7c000000-7fff7c021000 rw-p 00000000 00:00 0 
7fff7c021000-7fff80000000 ---p 00000000 00:00 0 
7fff80000000-7fff80021000 rw-p 00000000 00:00 0 
7fff80021000-7fff84000000 ---p 00000000 00:00 0 
7fff84000000-7fff84021000 rw-p 00000000 00:00 0 
7fff84021000-7fff88000000 ---p 00000000 00:00 0 
7fff88000000-7fff88021000 rw-p 00000000 00:00 0 
7fff88021000-7fff8c000000 ---p 00000000 00:00 0 
7fff8c000000-7fff8ca9d000 rw-p 00000000 00:00 0 
7fff8ca9d000-7fff90000000 ---p 00000000 00:00 0 
7fff90000000-7fff90021000 rw-p 00000000 00:00 0 
7fff90021000-7fff94000000 ---p 00000000 00:00 0 
7fff94000000-7fff94021000 rw-p 00000000 00:00 0 
7fff94021000-7fff98000000 ---p 00000000 00:00 0 
7fff980e8000-7fff982ea000 rw-p 00000000 00:00 0 
7fff986ee000-7fff986f2000 ---p 00000000 00:00 0 
7fff986f2000-7fff987ee000 rw-p 00000000 00:00 0 
7fff989f0000-7fff98df4000 rw-p 00000000 00:00 0 
7fff98ef4000-7fff994fa000 rw-p 00000000 00:00 0 
7fff994fa000-7fff994fe000 ---p 00000000 00:00 0 
7fff994fe000-7fff99c00000 rw-p 00000000 00:00 0 
7fff99c00000-7fff99c0d000 r-xp 00000000 08:20 170718                     /tmp/liblz4-java17605464191970853662.so
7fff99c0d000-7fff99e0c000 ---p 0000d000 08:20 170718                     /tmp/liblz4-java17605464191970853662.so
7fff99e0c000-7fff99e0d000 rw-p 0000c000 08:20 170718                     /tmp/liblz4-java17605464191970853662.so
7fff99ef7000-7fff99efb000 ---p 00000000 00:00 0 
7fff99efb000-7fff99ff7000 rw-p 00000000 00:00 0 
7fff99ff7000-7fff99ffb000 ---p 00000000 00:00 0 
7fff99ffb000-7fff9a0f7000 rw-p 00000000 00:00 0 
7fff9a0f7000-7fff9a0fb000 ---p 00000000 00:00 0 
7fff9a0fb000-7fff9a1f7000 rw-p 00000000 00:00 0 
7fff9a1f7000-7fff9a1fb000 ---p 00000000 00:00 0 
7fff9a1fb000-7fff9a2f7000 rw-p 00000000 00:00 0 
7fff9a2f7000-7fff9a2fb000 ---p 00000000 00:00 0 
7fff9a2fb000-7fff9a3f7000 rw-p 00000000 00:00 0 
7fff9a3f7000-7fff9a3fb000 ---p 00000000 00:00 0 
7fff9a3fb000-7fff9a4f7000 rw-p 00000000 00:00 0 
7fff9a4f7000-7fff9a4fb000 ---p 00000000 00:00 0 
7fff9a4fb000-7fff9a5f7000 rw-p 00000000 00:00 0 
7fff9a5f7000-7fff9a5fb000 ---p 00000000 00:00 0 
7fff9a5fb000-7fff9a6f7000 rw-p 00000000 00:00 0 
7fff9a6f7000-7fff9a6f8000 ---p 00000000 00:00 0 
7fff9a6f8000-7fff9a7f8000 rw-p 00000000 00:00 0 
7fff9a7f8000-7fff9a7fc000 ---p 00000000 00:00 0 
7fff9a7fc000-7fff9a8f8000 rw-p 00000000 00:00 0 
7fff9a8f8000-7fff9a8fc000 ---p 00000000 00:00 0 
7fff9a8fc000-7fff9a9f8000 rw-p 00000000 00:00 0 
7fff9a9f8000-7fff9a9fc000 ---p 00000000 00:00 0 
7fff9a9fc000-7fff9aaf8000 rw-p 00000000 00:00 0 
7fff9aaf8000-7fff9aafc000 ---p 00000000 00:00 0 
7fff9aafc000-7fff9abf8000 rw-p 00000000 00:00 0 
7fff9abf8000-7fff9abfc000 ---p 00000000 00:00 0 
7fff9abfc000-7fff9acf8000 rw-p 00000000 00:00 0 
7fff9acf8000-7fff9acfc000 ---p 00000000 00:00 0 
7fff9acfc000-7fff9adf8000 rw-p 00000000 00:00 0 
7fff9adf8000-7fff9adfc000 ---p 00000000 00:00 0 
7fff9adfc000-7fff9aef8000 rw-p 00000000 00:00 0 
7fff9aef8000-7fff9aefc000 ---p 00000000 00:00 0 
7fff9aefc000-7fff9aff8000 rw-p 00000000 00:00 0 
7fff9aff8000-7fff9aff9000 ---p 00000000 00:00 0 
7fff9aff9000-7fff9b8f9000 rw-p 00000000 00:00 0 
7fff9b8f9000-7fff9b8fa000 ---p 00000000 00:00 0 
7fff9b8fa000-7fff9b9fa000 rw-p 00000000 00:00 0 
7fff9b9fa000-7fff9b9fb000 ---p 00000000 00:00 0 
7fff9b9fb000-7fff9c021000 rw-p 00000000 00:00 0 
7fff9c021000-7fffa0000000 ---p 00000000 00:00 0 
7fffa0000000-7fffa2400000 rw-p 00000000 00:00 0 
7fffa2400000-7fffa2ff8000 ---p 00000000 00:00 0 
7fffa2ff8000-7fffa3400000 rw-p 00000000 00:00 0 
7fffa3400000-7fffa3ff8000 ---p 00000000 00:00 0 
7fffa3ff8000-7fffa4021000 rw-p 00000000 00:00 0 
7fffa4021000-7fffa8000000 ---p 00000000 00:00 0 
7fffa8049000-7fffa804a000 r--p 00000000 08:20 102719                     /usr/lib/jvm/java-11-openjdk-amd64/lib/libextnet.so
7fffa804a000-7fffa804b000 r-xp 00001000 08:20 102719                     /usr/lib/jvm/java-11-openjdk-amd64/lib/libextnet.so
7fffa804b000-7fffa804c000 r--p 00002000 08:20 102719                     /usr/lib/jvm/java-11-openjdk-amd64/lib/libextnet.so
7fffa804c000-7fffa804d000 r--p 00002000 08:20 102719                     /usr/lib/jvm/java-11-openjdk-amd64/lib/libextnet.so
7fffa804d000-7fffa804e000 rw-p 00003000 08:20 102719                     /usr/lib/jvm/java-11-openjdk-amd64/lib/libextnet.so
7fffa804e000-7fffa8050000 r--p 00000000 08:20 102735                     /usr/lib/jvm/java-11-openjdk-amd64/lib/libmanagement_ext.so
7fffa8050000-7fffa8053000 r-xp 00002000 08:20 102735                     /usr/lib/jvm/java-11-openjdk-amd64/lib/libmanagement_ext.so
7fffa8053000-7fffa8055000 r--p 00005000 08:20 102735                     /usr/lib/jvm/java-11-openjdk-amd64/lib/libmanagement_ext.so
7fffa8055000-7fffa8056000 r--p 00006000 08:20 102735                     /usr/lib/jvm/java-11-openjdk-amd64/lib/libmanagement_ext.so
7fffa8056000-7fffa8057000 rw-p 00007000 08:20 102735                     /usr/lib/jvm/java-11-openjdk-amd64/lib/libmanagement_ext.so
7fffa8057000-7fffa805f000 r--p 00000000 08:20 102743                     /usr/lib/jvm/java-11-openjdk-amd64/lib/libsunec.so
7fffa805f000-7fffa8078000 r-xp 00008000 08:20 102743                     /usr/lib/jvm/java-11-openjdk-amd64/lib/libsunec.so
7fffa8078000-7fffa8082000 r--p 00021000 08:20 102743                     /usr/lib/jvm/java-11-openjdk-amd64/lib/libsunec.so
7fffa8082000-7fffa8083000 ---p 0002b000 08:20 102743                     /usr/lib/jvm/java-11-openjdk-amd64/lib/libsunec.so
7fffa8083000-7fffa8087000 r--p 0002b000 08:20 102743                     /usr/lib/jvm/java-11-openjdk-amd64/lib/libsunec.so
7fffa8087000-7fffa8089000 rw-p 0002f000 08:20 102743                     /usr/lib/jvm/java-11-openjdk-amd64/lib/libsunec.so
7fffa8089000-7fffa808d000 r--p 00000000 08:20 102737                     /usr/lib/jvm/java-11-openjdk-amd64/lib/libnet.so
7fffa808d000-7fffa809b000 r-xp 00004000 08:20 102737                     /usr/lib/jvm/java-11-openjdk-amd64/lib/libnet.so
7fffa809b000-7fffa809f000 r--p 00012000 08:20 102737                     /usr/lib/jvm/java-11-openjdk-amd64/lib/libnet.so
7fffa809f000-7fffa80a0000 r--p 00015000 08:20 102737                     /usr/lib/jvm/java-11-openjdk-amd64/lib/libnet.so
7fffa80a0000-7fffa80a1000 rw-p 00016000 08:20 102737                     /usr/lib/jvm/java-11-openjdk-amd64/lib/libnet.so
7fffa80a1000-7fffa87a8000 rw-p 00000000 00:00 0 
7fffa87a8000-7fffa8a98000 rwxp 00000000 00:00 0 
7fffa8a98000-7fffa8ee7000 ---p 00000000 00:00 0 
7fffa8ee7000-7fffa9687000 rwxp 00000000 00:00 0 
7fffa9687000-7fffb0347000 ---p 00000000 00:00 0 
7fffb0347000-7fffb05b7000 rwxp 00000000 00:00 0 
7fffb05b7000-7fffb77a8000 ---p 00000000 00:00 0 
7fffb77a8000-7fffc0000000 r--s 00000000 08:20 102750                     /usr/lib/jvm/java-11-openjdk-amd64/lib/modules
7fffc0000000-7fffc0021000 rw-p 00000000 00:00 0 
7fffc0021000-7fffc4000000 ---p 00000000 00:00 0 
7fffc4000000-7fffc4021000 rw-p 00000000 00:00 0 
7fffc4021000-7fffc8000000 ---p 00000000 00:00 0 
7fffc8000000-7fffc8021000 rw-p 00000000 00:00 0 
7fffc8021000-7fffcc000000 ---p 00000000 00:00 0 
7fffcc004000-7fffcc007000 r--p 00000000 08:20 102733                     /usr/lib/jvm/java-11-openjdk-amd64/lib/libmanagement.so
7fffcc007000-7fffcc008000 r-xp 00003000 08:20 102733                     /usr/lib/jvm/java-11-openjdk-amd64/lib/libmanagement.so
7fffcc008000-7fffcc009000 r--p 00004000 08:20 102733                     /usr/lib/jvm/java-11-openjdk-amd64/lib/libmanagement.so
7fffcc009000-7fffcc00a000 r--p 00004000 08:20 102733                     /usr/lib/jvm/java-11-openjdk-amd64/lib/libmanagement.so
7fffcc00a000-7fffcc00b000 rw-p 00005000 08:20 102733                     /usr/lib/jvm/java-11-openjdk-amd64/lib/libmanagement.so
7fffcc00b000-7fffcc012000 r--p 00000000 08:20 102738                     /usr/lib/jvm/java-11-openjdk-amd64/lib/libnio.so
7fffcc012000-7fffcc01a000 r-xp 00007000 08:20 102738                     /usr/lib/jvm/java-11-openjdk-amd64/lib/libnio.so
7fffcc01a000-7fffcc01d000 r--p 0000f000 08:20 102738                     /usr/lib/jvm/java-11-openjdk-amd64/lib/libnio.so
7fffcc01d000-7fffcc01e000 r--p 00011000 08:20 102738                     /usr/lib/jvm/java-11-openjdk-amd64/lib/libnio.so
7fffcc01e000-7fffcc01f000 rw-p 00012000 08:20 102738                     /usr/lib/jvm/java-11-openjdk-amd64/lib/libnio.so
7fffcc01f000-7fffcc625000 rw-p 00000000 00:00 0 
7fffcc625000-7fffcc626000 ---p 00000000 00:00 0 
7fffcc626000-7fffcc726000 rw-p 00000000 00:00 0 
7fffcc726000-7fffcc727000 ---p 00000000 00:00 0 
7fffcc727000-7fffcc92a000 rw-p 00000000 00:00 0 
7fffcc92a000-7fffccaa9000 ---p 00000000 00:00 0 
7fffccaa9000-7fffccb2a000 rw-p 00000000 00:00 0 
7fffccb2a000-7fffccca9000 ---p 00000000 00:00 0 
7fffccca9000-7fffccd2a000 rw-p 00000000 00:00 0 
7fffccd2a000-7fffccea9000 ---p 00000000 00:00 0 
7fffccea9000-7fffce0bc000 rw-p 00000000 00:00 0 
7fffce0bc000-7fffce0bd000 ---p 00000000 00:00 0 
7fffce0bd000-7fffce1c2000 rw-p 00000000 00:00 0 
7fffce1c2000-7fffce2a6000 ---p 00000000 00:00 0 
7fffce2a6000-7fffce2b6000 rw-p 00000000 00:00 0 
7fffce2b6000-7fffce38f000 ---p 00000000 00:00 0 
7fffce38f000-7fffce395000 rw-p 00000000 00:00 0 
7fffce395000-7fffce39e000 ---p 00000000 00:00 0 
7fffce39e000-7fffce3a0000 r--p 00000000 08:20 102746                     /usr/lib/jvm/java-11-openjdk-amd64/lib/libzip.so
7fffce3a0000-7fffce3a5000 r-xp 00002000 08:20 102746                     /usr/lib/jvm/java-11-openjdk-amd64/lib/libzip.so
7fffce3a5000-7fffce3a7000 r--p 00007000 08:20 102746                     /usr/lib/jvm/java-11-openjdk-amd64/lib/libzip.so
7fffce3a7000-7fffce3a8000 r--p 00008000 08:20 102746                     /usr/lib/jvm/java-11-openjdk-amd64/lib/libzip.so
7fffce3a8000-7fffce3a9000 rw-p 00009000 08:20 102746                     /usr/lib/jvm/java-11-openjdk-amd64/lib/libzip.so
7fffce3a9000-7fffce3b1000 rw-s 00000000 08:20 170723                     /tmp/hsperfdata_yash/31540
7fffce3b1000-7fffce3b3000 r--p 00000000 08:20 102729                     /usr/lib/jvm/java-11-openjdk-amd64/lib/libjimage.so
7fffce3b3000-7fffce3b6000 r-xp 00002000 08:20 102729                     /usr/lib/jvm/java-11-openjdk-amd64/lib/libjimage.so
7fffce3b6000-7fffce3b7000 r--p 00005000 08:20 102729                     /usr/lib/jvm/java-11-openjdk-amd64/lib/libjimage.so
7fffce3b7000-7fffce3b8000 ---p 00006000 08:20 102729                     /usr/lib/jvm/java-11-openjdk-amd64/lib/libjimage.so
7fffce3b8000-7fffce3b9000 r--p 00006000 08:20 102729                     /usr/lib/jvm/java-11-openjdk-amd64/lib/libjimage.so
7fffce3b9000-7fffce3ba000 rw-p 00007000 08:20 102729                     /usr/lib/jvm/java-11-openjdk-amd64/lib/libjimage.so
7fffce3ba000-7fffce3c8000 r--p 00000000 08:20 102726                     /usr/lib/jvm/java-11-openjdk-amd64/lib/libjava.so
7fffce3c8000-7fffce3de000 r-xp 0000e000 08:20 102726                     /usr/lib/jvm/java-11-openjdk-amd64/lib/libjava.so
7fffce3de000-7fffce3e5000 r--p 00024000 08:20 102726                     /usr/lib/jvm/java-11-openjdk-amd64/lib/libjava.so
7fffce3e5000-7fffce3e6000 r--p 0002a000 08:20 102726                     /usr/lib/jvm/java-11-openjdk-amd64/lib/libjava.so
7fffce3e6000-7fffce3e7000 rw-p 0002b000 08:20 102726                     /usr/lib/jvm/java-11-openjdk-amd64/lib/libjava.so
7fffce3e7000-7fffce3e8000 rw-p 00000000 00:00 0 
7fffce3e8000-7fffce3ed000 r--p 00000000 08:20 102745                     /usr/lib/jvm/java-11-openjdk-amd64/lib/libverify.so
7fffce3ed000-7fffce3f4000 r-xp 00005000 08:20 102745                     /usr/lib/jvm/java-11-openjdk-amd64/lib/libverify.so
7fffce3f4000-7fffce3f6000 r--p 0000c000 08:20 102745                     /usr/lib/jvm/java-11-openjdk-amd64/lib/libverify.so
7fffce3f6000-7fffce3f8000 r--p 0000d000 08:20 102745                     /usr/lib/jvm/java-11-openjdk-amd64/lib/libverify.so
7fffce3f8000-7fffce3f9000 rw-p 0000f000 08:20 102745                     /usr/lib/jvm/java-11-openjdk-amd64/lib/libverify.so
7fffce3f9000-7fffce7fd000 rw-p 00000000 00:00 0 
7fffce7fd000-7fffce7fe000 ---p 00000000 00:00 0 
7fffce7fe000-7fffceffe000 rw-p 00000000 00:00 0 
7fffceffe000-7fffcefff000 ---p 00000000 00:00 0 
7fffcefff000-7fffcf7ff000 rw-p 00000000 00:00 0 
7fffcf7ff000-7fffcf800000 ---p 00000000 00:00 0 
7fffcf800000-7fffd0021000 rw-p 00000000 00:00 0 
7fffd0021000-7fffd4000000 ---p 00000000 00:00 0 
7fffd4000000-7fffd4021000 rw-p 00000000 00:00 0 
7fffd4021000-7fffd8000000 ---p 00000000 00:00 0 
7fffd8000000-7fffd8021000 rw-p 00000000 00:00 0 
7fffd8021000-7fffdc000000 ---p 00000000 00:00 0 
7fffdc000000-7fffdc021000 rw-p 00000000 00:00 0 
7fffdc021000-7fffe0000000 ---p 00000000 00:00 0 
7fffe0000000-7fffe0021000 rw-p 00000000 00:00 0 
7fffe0021000-7fffe4000000 ---p 00000000 00:00 0 
7fffe4000000-7fffe4021000 rw-p 00000000 00:00 0 
7fffe4021000-7fffe8000000 ---p 00000000 00:00 0 
7fffe8000000-7fffe8021000 rw-p 00000000 00:00 0 
7fffe8021000-7fffec000000 ---p 00000000 00:00 0 
7fffec000000-7fffec001000 ---p 00000000 00:00 0 
7fffec001000-7fffec002000 r--p 00000000 00:00 0 
7fffec002000-7fffec003000 r--s 00000000 08:20 102664                     /usr/share/icons/hicolor/icon-theme.cache
7fffec003000-7fffec004000 ---p 00000000 00:00 0 
7fffec004000-7fffec804000 rw-p 00000000 00:00 0 
7fffec804000-7fffec805000 ---p 00000000 00:00 0 
7fffec805000-7fffed005000 rw-p 00000000 00:00 0 
7fffed005000-7fffed006000 ---p 00000000 00:00 0 
7fffed006000-7fffed806000 rw-p 00000000 00:00 0 
7fffed806000-7fffed807000 ---p 00000000 00:00 0 
7fffed807000-7fffee007000 rw-p 00000000 00:00 0 
7fffee007000-7fffee008000 ---p 00000000 00:00 0 
7fffee008000-7fffee808000 rw-p 00000000 00:00 0 
7fffee808000-7fffeef4e000 rw-s 00000000 00:01 1027                       /memfd:xorg (deleted)
7fffeef4e000-7fffeefa4000 r--p 00000000 08:20 20008                      /usr/share/fonts/truetype/ubuntu/Ubuntu-C.ttf
7fffeefa4000-7fffeeff8000 r--p 00000000 08:20 20001                      /usr/share/fonts/truetype/dejavu/DejaVuSansMono.ttf
7fffeeff8000-7fffef04f000 r--p 00000000 08:20 20013                      /usr/share/fonts/truetype/ubuntu/Ubuntu-R.ttf
7fffef04f000-7fffef108000 r--p 00000000 08:20 19999                      /usr/share/fonts/truetype/dejavu/DejaVuSans.ttf
7fffef108000-7fffef109000 ---p 00000000 00:00 0 
7fffef109000-7fffef909000 rw-p 00000000 00:00 0 
7fffef909000-7fffef90d000 r--p 00000000 08:20 33899724                   /nix/store/finbzkbmqr31v3j8vq47lya15l4nkq1g-qtsvg-6.9.0/lib/qt-6/plugins/iconengines/libqsvgicon.so
7fffef90d000-7fffef919000 r-xp 00004000 08:20 33899724                   /nix/store/finbzkbmqr31v3j8vq47lya15l4nkq1g-qtsvg-6.9.0/lib/qt-6/plugins/iconengines/libqsvgicon.so
7fffef919000-7fffef91a000 r--p 00010000 08:20 33899724                   /nix/store/finbzkbmqr31v3j8vq47lya15l4nkq1g-qtsvg-6.9.0/lib/qt-6/plugins/iconengines/libqsvgicon.so
7fffef91a000-7fffef91b000 r--p 00011000 08:20 33899724                   /nix/store/finbzkbmqr31v3j8vq47lya15l4nkq1g-qtsvg-6.9.0/lib/qt-6/plugins/iconengines/libqsvgicon.so
7fffef91b000-7fffef91c000 rw-p 00012000 08:20 33899724                   /nix/store/finbzkbmqr31v3j8vq47lya15l4nkq1g-qtsvg-6.9.0/lib/qt-6/plugins/iconengines/libqsvgicon.so
7fffef91c000-7fffef93f000 r--s 00000000 08:20 40824                      /usr/share/mime/mime.cache
7fffef93f000-7fffef941000 r--s 00000000 08:20 33939971                   /nix/store/41by3fphqzww1z6c1cwn2hcg0qiqvwwl-kcoreaddons-6.14.0/share/mime/mime.cache
7fffef941000-7fffef944000 r--p 00000000 08:20 33945516                   /nix/store/rns3bbw2inkxgh5g91122n7vasr9ziq7-qt6ct-0.10/lib/qt-6/plugins/styles/libqt6ct-style.so
7fffef944000-7fffef945000 r-xp 00003000 08:20 33945516                   /nix/store/rns3bbw2inkxgh5g91122n7vasr9ziq7-qt6ct-0.10/lib/qt-6/plugins/styles/libqt6ct-style.so
7fffef945000-7fffef946000 r--p 00004000 08:20 33945516                   /nix/store/rns3bbw2inkxgh5g91122n7vasr9ziq7-qt6ct-0.10/lib/qt-6/plugins/styles/libqt6ct-style.so
7fffef946000-7fffef947000 r--p 00004000 08:20 33945516                   /nix/store/rns3bbw2inkxgh5g91122n7vasr9ziq7-qt6ct-0.10/lib/qt-6/plugins/styles/libqt6ct-style.so
7fffef947000-7fffef948000 rw-p 00005000 08:20 33945516                   /nix/store/rns3bbw2inkxgh5g91122n7vasr9ziq7-qt6ct-0.10/lib/qt-6/plugins/styles/libqt6ct-style.so
7fffef948000-7fffef94b000 r--p 00000000 08:20 33890059                   /nix/store/8qs879yx84gng0yljdybwi4fbbgg3dyy-qtbase-6.9.0/lib/qt-6/plugins/platforminputcontexts/libcomposeplatforminputcontextplugin.so
7fffef94b000-7fffef94d000 r-xp 00003000 08:20 33890059                   /nix/store/8qs879yx84gng0yljdybwi4fbbgg3dyy-qtbase-6.9.0/lib/qt-6/plugins/platforminputcontexts/libcomposeplatforminputcontextplugin.so
7fffef94d000-7fffef94e000 r--p 00005000 08:20 33890059                   /nix/store/8qs879yx84gng0yljdybwi4fbbgg3dyy-qtbase-6.9.0/lib/qt-6/plugins/platforminputcontexts/libcomposeplatforminputcontextplugin.so
7fffef94e000-7fffef94f000 r--p 00006000 08:20 33890059                   /nix/store/8qs879yx84gng0yljdybwi4fbbgg3dyy-qtbase-6.9.0/lib/qt-6/plugins/platforminputcontexts/libcomposeplatforminputcontextplugin.so
7fffef94f000-7fffef950000 rw-p 00007000 08:20 33890059                   /nix/store/8qs879yx84gng0yljdybwi4fbbgg3dyy-qtbase-6.9.0/lib/qt-6/plugins/platforminputcontexts/libcomposeplatforminputcontextplugin.so
7fffef950000-7fffef953000 r--p 00000000 08:20 33945421                   /nix/store/rns3bbw2inkxgh5g91122n7vasr9ziq7-qt6ct-0.10/lib/libqt6ct-common.so.0.10
7fffef953000-7fffef959000 r-xp 00003000 08:20 33945421                   /nix/store/rns3bbw2inkxgh5g91122n7vasr9ziq7-qt6ct-0.10/lib/libqt6ct-common.so.0.10
7fffef959000-7fffef95a000 r--p 00009000 08:20 33945421                   /nix/store/rns3bbw2inkxgh5g91122n7vasr9ziq7-qt6ct-0.10/lib/libqt6ct-common.so.0.10
7fffef95a000-7fffef95b000 r--p 0000a000 08:20 33945421                   /nix/store/rns3bbw2inkxgh5g91122n7vasr9ziq7-qt6ct-0.10/lib/libqt6ct-common.so.0.10
7fffef95b000-7fffef95c000 rw-p 0000b000 08:20 33945421                   /nix/store/rns3bbw2inkxgh5g91122n7vasr9ziq7-qt6ct-0.10/lib/libqt6ct-common.so.0.10
7fffef95c000-7fffef961000 r--p 00000000 08:20 33945476                   /nix/store/rns3bbw2inkxgh5g91122n7vasr9ziq7-qt6ct-0.10/lib/qt-6/plugins/platformthemes/libqt6ct.so
7fffef961000-7fffef966000 r-xp 00005000 08:20 33945476                   /nix/store/rns3bbw2inkxgh5g91122n7vasr9ziq7-qt6ct-0.10/lib/qt-6/plugins/platformthemes/libqt6ct.so
7fffef966000-7fffef968000 r--p 0000a000 08:20 33945476                   /nix/store/rns3bbw2inkxgh5g91122n7vasr9ziq7-qt6ct-0.10/lib/qt-6/plugins/platformthemes/libqt6ct.so
7fffef968000-7fffef969000 r--p 0000c000 08:20 33945476                   /nix/store/rns3bbw2inkxgh5g91122n7vasr9ziq7-qt6ct-0.10/lib/qt-6/plugins/platformthemes/libqt6ct.so
7fffef969000-7fffef96a000 rw-p 0000d000 08:20 33945476                   /nix/store/rns3bbw2inkxgh5g91122n7vasr9ziq7-qt6ct-0.10/lib/qt-6/plugins/platformthemes/libqt6ct.so
7fffef96a000-7fffef96b000 ---p 00000000 00:00 0 
7fffef96b000-7ffff016b000 rw-p 00000000 00:00 0 
7ffff016b000-7ffff016d000 r--p 00000000 08:20 33843206                   /nix/store/r03ly1w54924k8fag1dhjl3yrllj6czd-util-linux-minimal-2.41-lib/lib/libuuid.so.1.3.0
7ffff016d000-7ffff0172000 r-xp 00002000 08:20 33843206                   /nix/store/r03ly1w54924k8fag1dhjl3yrllj6czd-util-linux-minimal-2.41-lib/lib/libuuid.so.1.3.0
7ffff0172000-7ffff0173000 r--p 00007000 08:20 33843206                   /nix/store/r03ly1w54924k8fag1dhjl3yrllj6czd-util-linux-minimal-2.41-lib/lib/libuuid.so.1.3.0
7ffff0173000-7ffff0174000 r--p 00008000 08:20 33843206                   /nix/store/r03ly1w54924k8fag1dhjl3yrllj6czd-util-linux-minimal-2.41-lib/lib/libuuid.so.1.3.0
7ffff0174000-7ffff0175000 rw-p 00009000 08:20 33843206                   /nix/store/r03ly1w54924k8fag1dhjl3yrllj6czd-util-linux-minimal-2.41-lib/lib/libuuid.so.1.3.0
7ffff0175000-7ffff0178000 r--p 00000000 08:20 33833293                   /nix/store/lr4l8hqj7rdkc5cf7zg6ya2kyp8ji711-xcb-util-0.4.1/lib/libxcb-util.so.1.0.0
7ffff0178000-7ffff017a000 r-xp 00003000 08:20 33833293                   /nix/store/lr4l8hqj7rdkc5cf7zg6ya2kyp8ji711-xcb-util-0.4.1/lib/libxcb-util.so.1.0.0
7ffff017a000-7ffff017b000 r--p 00005000 08:20 33833293                   /nix/store/lr4l8hqj7rdkc5cf7zg6ya2kyp8ji711-xcb-util-0.4.1/lib/libxcb-util.so.1.0.0
7ffff017b000-7ffff017c000 r--p 00006000 08:20 33833293                   /nix/store/lr4l8hqj7rdkc5cf7zg6ya2kyp8ji711-xcb-util-0.4.1/lib/libxcb-util.so.1.0.0
7ffff017c000-7ffff017d000 rw-p 00007000 08:20 33833293                   /nix/store/lr4l8hqj7rdkc5cf7zg6ya2kyp8ji711-xcb-util-0.4.1/lib/libxcb-util.so.1.0.0
7ffff017d000-7ffff0182000 r--p 00000000 08:20 33820212                   /nix/store/bkm4ppw3rpyndsvy5r18fjpngg2730ip-libICE-1.1.2/lib/libICE.so.6.3.0
7ffff0182000-7ffff0192000 r-xp 00005000 08:20 33820212                   /nix/store/bkm4ppw3rpyndsvy5r18fjpngg2730ip-libICE-1.1.2/lib/libICE.so.6.3.0
7ffff0192000-7ffff0197000 r--p 00015000 08:20 33820212                   /nix/store/bkm4ppw3rpyndsvy5r18fjpngg2730ip-libICE-1.1.2/lib/libICE.so.6.3.0
7ffff0197000-7ffff0198000 r--p 00019000 08:20 33820212                   /nix/store/bkm4ppw3rpyndsvy5r18fjpngg2730ip-libICE-1.1.2/lib/libICE.so.6.3.0
7ffff0198000-7ffff0199000 rw-p 0001a000 08:20 33820212                   /nix/store/bkm4ppw3rpyndsvy5r18fjpngg2730ip-libICE-1.1.2/lib/libICE.so.6.3.0
7ffff0199000-7ffff019d000 rw-p 00000000 00:00 0 
7ffff019d000-7ffff019f000 r--p 00000000 08:20 33843719                   /nix/store/170jn0hjz46hab3376z1fj79vmn0nynm-libSM-1.2.5/lib/libSM.so.6.0.1
7ffff019f000-7ffff01a4000 r-xp 00002000 08:20 33843719                   /nix/store/170jn0hjz46hab3376z1fj79vmn0nynm-libSM-1.2.5/lib/libSM.so.6.0.1
7ffff01a4000-7ffff01a6000 r--p 00007000 08:20 33843719                   /nix/store/170jn0hjz46hab3376z1fj79vmn0nynm-libSM-1.2.5/lib/libSM.so.6.0.1
7ffff01a6000-7ffff01a7000 r--p 00008000 08:20 33843719                   /nix/store/170jn0hjz46hab3376z1fj79vmn0nynm-libSM-1.2.5/lib/libSM.so.6.0.1
7ffff01a7000-7ffff01a8000 rw-p 00009000 08:20 33843719                   /nix/store/170jn0hjz46hab3376z1fj79vmn0nynm-libSM-1.2.5/lib/libSM.so.6.0.1
7ffff01a8000-7ffff01a9000 r--p 00000000 08:20 33824084                   /nix/store/mpvxc1dbpnk74345lk69dw497iqcjvj0-libX11-1.8.12/lib/libX11-xcb.so.1.0.0
7ffff01a9000-7ffff01aa000 r-xp 00001000 08:20 33824084                   /nix/store/mpvxc1dbpnk74345lk69dw497iqcjvj0-libX11-1.8.12/lib/libX11-xcb.so.1.0.0
7ffff01aa000-7ffff01ab000 r--p 00002000 08:20 33824084                   /nix/store/mpvxc1dbpnk74345lk69dw497iqcjvj0-libX11-1.8.12/lib/libX11-xcb.so.1.0.0
7ffff01ab000-7ffff01ac000 r--p 00002000 08:20 33824084                   /nix/store/mpvxc1dbpnk74345lk69dw497iqcjvj0-libX11-1.8.12/lib/libX11-xcb.so.1.0.0
7ffff01ac000-7ffff01ad000 rw-p 00003000 08:20 33824084                   /nix/store/mpvxc1dbpnk74345lk69dw497iqcjvj0-libX11-1.8.12/lib/libX11-xcb.so.1.0.0
7ffff01ad000-7ffff01b8000 r--p 00000000 08:20 33823758                   /nix/store/qn01pv62sbpzbsy0a6m0q23syrmkk3bv-libxcb-1.17.0/lib/libxcb-xkb.so.1.0.0
7ffff01b8000-7ffff01c6000 r-xp 0000b000 08:20 33823758                   /nix/store/qn01pv62sbpzbsy0a6m0q23syrmkk3bv-libxcb-1.17.0/lib/libxcb-xkb.so.1.0.0
7ffff01c6000-7ffff01cb000 r--p 00019000 08:20 33823758                   /nix/store/qn01pv62sbpzbsy0a6m0q23syrmkk3bv-libxcb-1.17.0/lib/libxcb-xkb.so.1.0.0
7ffff01cb000-7ffff01cc000 r--p 0001d000 08:20 33823758                   /nix/store/qn01pv62sbpzbsy0a6m0q23syrmkk3bv-libxcb-1.17.0/lib/libxcb-xkb.so.1.0.0
7ffff01cc000-7ffff01cd000 rw-p 0001e000 08:20 33823758                   /nix/store/qn01pv62sbpzbsy0a6m0q23syrmkk3bv-libxcb-1.17.0/lib/libxcb-xkb.so.1.0.0
7ffff01cd000-7ffff01cf000 r--p 00000000 08:20 33823726                   /nix/store/qn01pv62sbpzbsy0a6m0q23syrmkk3bv-libxcb-1.17.0/lib/libxcb-shape.so.0.0.0
7ffff01cf000-7ffff01d0000 r-xp 00002000 08:20 33823726                   /nix/store/qn01pv62sbpzbsy0a6m0q23syrmkk3bv-libxcb-1.17.0/lib/libxcb-shape.so.0.0.0
7ffff01d0000-7ffff01d1000 r--p 00003000 08:20 33823726                   /nix/store/qn01pv62sbpzbsy0a6m0q23syrmkk3bv-libxcb-1.17.0/lib/libxcb-shape.so.0.0.0
7ffff01d1000-7ffff01d2000 r--p 00003000 08:20 33823726                   /nix/store/qn01pv62sbpzbsy0a6m0q23syrmkk3bv-libxcb-1.17.0/lib/libxcb-shape.so.0.0.0
7ffff01d2000-7ffff01d3000 rw-p 00004000 08:20 33823726                   /nix/store/qn01pv62sbpzbsy0a6m0q23syrmkk3bv-libxcb-1.17.0/lib/libxcb-shape.so.0.0.0
7ffff01d3000-7ffff01d9000 r--p 00000000 08:20 33823714                   /nix/store/qn01pv62sbpzbsy0a6m0q23syrmkk3bv-libxcb-1.17.0/lib/libxcb-render.so.0.0.0
7ffff01d9000-7ffff01df000 r-xp 00006000 08:20 33823714                   /nix/store/qn01pv62sbpzbsy0a6m0q23syrmkk3bv-libxcb-1.17.0/lib/libxcb-render.so.0.0.0
7ffff01df000-7ffff01e1000 r--p 0000c000 08:20 33823714                   /nix/store/qn01pv62sbpzbsy0a6m0q23syrmkk3bv-libxcb-1.17.0/lib/libxcb-render.so.0.0.0
7ffff01e1000-7ffff01e2000 r--p 0000e000 08:20 33823714                   /nix/store/qn01pv62sbpzbsy0a6m0q23syrmkk3bv-libxcb-1.17.0/lib/libxcb-render.so.0.0.0
7ffff01e2000-7ffff01e3000 rw-p 0000f000 08:20 33823714                   /nix/store/qn01pv62sbpzbsy0a6m0q23syrmkk3bv-libxcb-1.17.0/lib/libxcb-render.so.0.0.0
7ffff01e3000-7ffff01e7000 r--p 00000000 08:20 33823745                   /nix/store/qn01pv62sbpzbsy0a6m0q23syrmkk3bv-libxcb-1.17.0/lib/libxcb-xfixes.so.0.0.0
7ffff01e7000-7ffff01ea000 r-xp 00004000 08:20 33823745                   /nix/store/qn01pv62sbpzbsy0a6m0q23syrmkk3bv-libxcb-1.17.0/lib/libxcb-xfixes.so.0.0.0
7ffff01ea000-7ffff01eb000 r--p 00007000 08:20 33823745                   /nix/store/qn01pv62sbpzbsy0a6m0q23syrmkk3bv-libxcb-1.17.0/lib/libxcb-xfixes.so.0.0.0
7ffff01eb000-7ffff01ec000 r--p 00008000 08:20 33823745                   /nix/store/qn01pv62sbpzbsy0a6m0q23syrmkk3bv-libxcb-1.17.0/lib/libxcb-xfixes.so.0.0.0
7ffff01ec000-7ffff01ed000 rw-p 00009000 08:20 33823745                   /nix/store/qn01pv62sbpzbsy0a6m0q23syrmkk3bv-libxcb-1.17.0/lib/libxcb-xfixes.so.0.0.0
7ffff01ed000-7ffff01f0000 r--p 00000000 08:20 33823735                   /nix/store/qn01pv62sbpzbsy0a6m0q23syrmkk3bv-libxcb-1.17.0/lib/libxcb-sync.so.1.0.0
7ffff01f0000-7ffff01f3000 r-xp 00003000 08:20 33823735                   /nix/store/qn01pv62sbpzbsy0a6m0q23syrmkk3bv-libxcb-1.17.0/lib/libxcb-sync.so.1.0.0
7ffff01f3000-7ffff01f4000 r--p 00006000 08:20 33823735                   /nix/store/qn01pv62sbpzbsy0a6m0q23syrmkk3bv-libxcb-1.17.0/lib/libxcb-sync.so.1.0.0
7ffff01f4000-7ffff01f5000 r--p 00007000 08:20 33823735                   /nix/store/qn01pv62sbpzbsy0a6m0q23syrmkk3bv-libxcb-1.17.0/lib/libxcb-sync.so.1.0.0
7ffff01f5000-7ffff01f6000 rw-p 00008000 08:20 33823735                   /nix/store/qn01pv62sbpzbsy0a6m0q23syrmkk3bv-libxcb-1.17.0/lib/libxcb-sync.so.1.0.0
7ffff01f6000-7ffff01f7000 r--p 00000000 08:20 33823730                   /nix/store/qn01pv62sbpzbsy0a6m0q23syrmkk3bv-libxcb-1.17.0/lib/libxcb-shm.so.0.0.0
7ffff01f7000-7ffff01f8000 r-xp 00001000 08:20 33823730                   /nix/store/qn01pv62sbpzbsy0a6m0q23syrmkk3bv-libxcb-1.17.0/lib/libxcb-shm.so.0.0.0
7ffff01f8000-7ffff01f9000 r--p 00002000 08:20 33823730                   /nix/store/qn01pv62sbpzbsy0a6m0q23syrmkk3bv-libxcb-1.17.0/lib/libxcb-shm.so.0.0.0
7ffff01f9000-7ffff01fa000 r--p 00002000 08:20 33823730                   /nix/store/qn01pv62sbpzbsy0a6m0q23syrmkk3bv-libxcb-1.17.0/lib/libxcb-shm.so.0.0.0
7ffff01fa000-7ffff01fb000 rw-p 00003000 08:20 33823730                   /nix/store/qn01pv62sbpzbsy0a6m0q23syrmkk3bv-libxcb-1.17.0/lib/libxcb-shm.so.0.0.0
7ffff01fb000-7ffff01fd000 r--p 00000000 08:20 33833599                   /nix/store/4w6j3b0j7wz1zipw6ih5zl8vpwp77lq9-xcb-util-renderutil-0.3.10/lib/libxcb-render-util.so.0.0.0
7ffff01fd000-7ffff01ff000 r-xp 00002000 08:20 33833599                   /nix/store/4w6j3b0j7wz1zipw6ih5zl8vpwp77lq9-xcb-util-renderutil-0.3.10/lib/libxcb-render-util.so.0.0.0
7ffff01ff000-7ffff0200000 r--p 00004000 08:20 33833599                   /nix/store/4w6j3b0j7wz1zipw6ih5zl8vpwp77lq9-xcb-util-renderutil-0.3.10/lib/libxcb-render-util.so.0.0.0
7ffff0200000-7ffff0201000 r--p 00004000 08:20 33833599                   /nix/store/4w6j3b0j7wz1zipw6ih5zl8vpwp77lq9-xcb-util-renderutil-0.3.10/lib/libxcb-render-util.so.0.0.0
7ffff0201000-7ffff0202000 rw-p 00005000 08:20 33833599                   /nix/store/4w6j3b0j7wz1zipw6ih5zl8vpwp77lq9-xcb-util-renderutil-0.3.10/lib/libxcb-render-util.so.0.0.0
7ffff0202000-7ffff020a000 r--p 00000000 08:20 33823698                   /nix/store/qn01pv62sbpzbsy0a6m0q23syrmkk3bv-libxcb-1.17.0/lib/libxcb-randr.so.0.1.0
7ffff020a000-7ffff0210000 r-xp 00008000 08:20 33823698                   /nix/store/qn01pv62sbpzbsy0a6m0q23syrmkk3bv-libxcb-1.17.0/lib/libxcb-randr.so.0.1.0
7ffff0210000-7ffff0213000 r--p 0000e000 08:20 33823698                   /nix/store/qn01pv62sbpzbsy0a6m0q23syrmkk3bv-libxcb-1.17.0/lib/libxcb-randr.so.0.1.0
7ffff0213000-7ffff0214000 r--p 00011000 08:20 33823698                   /nix/store/qn01pv62sbpzbsy0a6m0q23syrmkk3bv-libxcb-1.17.0/lib/libxcb-randr.so.0.1.0
7ffff0214000-7ffff0215000 rw-p 00012000 08:20 33823698                   /nix/store/qn01pv62sbpzbsy0a6m0q23syrmkk3bv-libxcb-1.17.0/lib/libxcb-randr.so.0.1.0
7ffff0215000-7ffff0216000 r--p 00000000 08:20 33833452                   /nix/store/3jjmsw8nqsrs74r2wbs7ag8sn94hxlnp-xcb-util-keysyms-0.4.1/lib/libxcb-keysyms.so.1.0.0
7ffff0216000-7ffff0217000 r-xp 00001000 08:20 33833452                   /nix/store/3jjmsw8nqsrs74r2wbs7ag8sn94hxlnp-xcb-util-keysyms-0.4.1/lib/libxcb-keysyms.so.1.0.0
7ffff0217000-7ffff0218000 r--p 00002000 08:20 33833452                   /nix/store/3jjmsw8nqsrs74r2wbs7ag8sn94hxlnp-xcb-util-keysyms-0.4.1/lib/libxcb-keysyms.so.1.0.0
7ffff0218000-7ffff0219000 r--p 00002000 08:20 33833452                   /nix/store/3jjmsw8nqsrs74r2wbs7ag8sn94hxlnp-xcb-util-keysyms-0.4.1/lib/libxcb-keysyms.so.1.0.0
7ffff0219000-7ffff021a000 rw-p 00003000 08:20 33833452                   /nix/store/3jjmsw8nqsrs74r2wbs7ag8sn94hxlnp-xcb-util-keysyms-0.4.1/lib/libxcb-keysyms.so.1.0.0
7ffff021a000-7ffff021c000 r--p 00000000 08:20 33833610                   /nix/store/zfa53p1fn4vj2w8qj1bxfh4g5babk1gb-xcb-util-image-0.4.1/lib/libxcb-image.so.0.0.0
7ffff021c000-7ffff021e000 r-xp 00002000 08:20 33833610                   /nix/store/zfa53p1fn4vj2w8qj1bxfh4g5babk1gb-xcb-util-image-0.4.1/lib/libxcb-image.so.0.0.0
7ffff021e000-7ffff021f000 r--p 00004000 08:20 33833610                   /nix/store/zfa53p1fn4vj2w8qj1bxfh4g5babk1gb-xcb-util-image-0.4.1/lib/libxcb-image.so.0.0.0
7ffff021f000-7ffff0220000 r--p 00004000 08:20 33833610                   /nix/store/zfa53p1fn4vj2w8qj1bxfh4g5babk1gb-xcb-util-image-0.4.1/lib/libxcb-image.so.0.0.0
7ffff0220000-7ffff0221000 rw-p 00005000 08:20 33833610                   /nix/store/zfa53p1fn4vj2w8qj1bxfh4g5babk1gb-xcb-util-image-0.4.1/lib/libxcb-image.so.0.0.0
7ffff0221000-7ffff0224000 r--p 00000000 08:20 33833613                   /nix/store/z1wr169arhd7g8sg2xr99j0qqbg1xxjm-xcb-util-wm-0.4.2/lib/libxcb-icccm.so.4.0.0
7ffff0224000-7ffff0226000 r-xp 00003000 08:20 33833613                   /nix/store/z1wr169arhd7g8sg2xr99j0qqbg1xxjm-xcb-util-wm-0.4.2/lib/libxcb-icccm.so.4.0.0
7ffff0226000-7ffff0227000 r--p 00005000 08:20 33833613                   /nix/store/z1wr169arhd7g8sg2xr99j0qqbg1xxjm-xcb-util-wm-0.4.2/lib/libxcb-icccm.so.4.0.0
7ffff0227000-7ffff0228000 r--p 00005000 08:20 33833613                   /nix/store/z1wr169arhd7g8sg2xr99j0qqbg1xxjm-xcb-util-wm-0.4.2/lib/libxcb-icccm.so.4.0.0
7ffff0228000-7ffff0229000 rw-p 00006000 08:20 33833613                   /nix/store/z1wr169arhd7g8sg2xr99j0qqbg1xxjm-xcb-util-wm-0.4.2/lib/libxcb-icccm.so.4.0.0
7ffff0229000-7ffff022b000 r--p 00000000 08:20 33834493                   /nix/store/xspw0fwrpr4ij70rzgz31gasvlq1axzj-xcb-util-cursor-0.1.5/lib/libxcb-cursor.so.0.0.0
7ffff022b000-7ffff022d000 r-xp 00002000 08:20 33834493                   /nix/store/xspw0fwrpr4ij70rzgz31gasvlq1axzj-xcb-util-cursor-0.1.5/lib/libxcb-cursor.so.0.0.0
7ffff022d000-7ffff022e000 r--p 00004000 08:20 33834493                   /nix/store/xspw0fwrpr4ij70rzgz31gasvlq1axzj-xcb-util-cursor-0.1.5/lib/libxcb-cursor.so.0.0.0
7ffff022e000-7ffff022f000 r--p 00004000 08:20 33834493                   /nix/store/xspw0fwrpr4ij70rzgz31gasvlq1axzj-xcb-util-cursor-0.1.5/lib/libxcb-cursor.so.0.0.0
7ffff022f000-7ffff0230000 rw-p 00005000 08:20 33834493                   /nix/store/xspw0fwrpr4ij70rzgz31gasvlq1axzj-xcb-util-cursor-0.1.5/lib/libxcb-cursor.so.0.0.0
7ffff0230000-7ffff0233000 r--p 00000000 08:20 33832876                   /nix/store/4di7f8w515xl6grwv13pk6855awav0b1-libxkbcommon-1.8.1/lib/libxkbcommon-x11.so.0.8.1
7ffff0233000-7ffff0237000 r-xp 00003000 08:20 33832876                   /nix/store/4di7f8w515xl6grwv13pk6855awav0b1-libxkbcommon-1.8.1/lib/libxkbcommon-x11.so.0.8.1
7ffff0237000-7ffff0239000 r--p 00007000 08:20 33832876                   /nix/store/4di7f8w515xl6grwv13pk6855awav0b1-libxkbcommon-1.8.1/lib/libxkbcommon-x11.so.0.8.1
7ffff0239000-7ffff023a000 r--p 00008000 08:20 33832876                   /nix/store/4di7f8w515xl6grwv13pk6855awav0b1-libxkbcommon-1.8.1/lib/libxkbcommon-x11.so.0.8.1
7ffff023a000-7ffff023b000 rw-p 00009000 08:20 33832876                   /nix/store/4di7f8w515xl6grwv13pk6855awav0b1-libxkbcommon-1.8.1/lib/libxkbcommon-x11.so.0.8.1
7ffff023b000-7ffff0267000 r--p 00000000 08:20 33889611                   /nix/store/8qs879yx84gng0yljdybwi4fbbgg3dyy-qtbase-6.9.0/lib/libQt6XcbQpa.so.6.9.0
7ffff0267000-7ffff02e3000 r-xp 0002c000 08:20 33889611                   /nix/store/8qs879yx84gng0yljdybwi4fbbgg3dyy-qtbase-6.9.0/lib/libQt6XcbQpa.so.6.9.0
7ffff02e3000-7ffff02ff000 r--p 000a8000 08:20 33889611                   /nix/store/8qs879yx84gng0yljdybwi4fbbgg3dyy-qtbase-6.9.0/lib/libQt6XcbQpa.so.6.9.0
7ffff02ff000-7ffff0306000 r--p 000c3000 08:20 33889611                   /nix/store/8qs879yx84gng0yljdybwi4fbbgg3dyy-qtbase-6.9.0/lib/libQt6XcbQpa.so.6.9.0
7ffff0306000-7ffff0307000 rw-p 000ca000 08:20 33889611                   /nix/store/8qs879yx84gng0yljdybwi4fbbgg3dyy-qtbase-6.9.0/lib/libQt6XcbQpa.so.6.9.0
7ffff0307000-7ffff0308000 rw-p 00000000 00:00 0 
7ffff0308000-7ffff030a000 r--p 00000000 08:20 33890220                   /nix/store/8qs879yx84gng0yljdybwi4fbbgg3dyy-qtbase-6.9.0/lib/qt-6/plugins/platforms/libqxcb.so
7ffff030a000-7ffff030b000 r-xp 00002000 08:20 33890220                   /nix/store/8qs879yx84gng0yljdybwi4fbbgg3dyy-qtbase-6.9.0/lib/qt-6/plugins/platforms/libqxcb.so
7ffff030b000-7ffff030c000 r--p 00003000 08:20 33890220                   /nix/store/8qs879yx84gng0yljdybwi4fbbgg3dyy-qtbase-6.9.0/lib/qt-6/plugins/platforms/libqxcb.so
7ffff030c000-7ffff030d000 r--p 00003000 08:20 33890220                   /nix/store/8qs879yx84gng0yljdybwi4fbbgg3dyy-qtbase-6.9.0/lib/qt-6/plugins/platforms/libqxcb.so
7ffff030d000-7ffff030e000 rw-p 00004000 08:20 33890220                   /nix/store/8qs879yx84gng0yljdybwi4fbbgg3dyy-qtbase-6.9.0/lib/qt-6/plugins/platforms/libqxcb.so
7ffff030e000-7ffff0367000 r--p 00000000 08:20 33818294                   /nix/store/cg9s562sa33k78m63njfn1rw47dp9z0i-glibc-2.40-66/lib/locale/C.utf8/LC_CTYPE
7ffff0367000-7ffff09c7000 rw-p 00000000 00:00 0 
7ffff09c7000-7ffff09d7000 r-xs 00000000 00:01 2209                       /memfd:sljit (deleted)
7ffff09d7000-7ffff09e7000 rw-s 00000000 00:01 2209                       /memfd:sljit (deleted)
7ffff09e7000-7ffff0a0a000 r--p 00000000 08:20 33898738                   /nix/store/finbzkbmqr31v3j8vq47lya15l4nkq1g-qtsvg-6.9.0/lib/libQt6Svg.so.6.9.0
7ffff0a0a000-7ffff0a75000 r-xp 00023000 08:20 33898738                   /nix/store/finbzkbmqr31v3j8vq47lya15l4nkq1g-qtsvg-6.9.0/lib/libQt6Svg.so.6.9.0
7ffff0a75000-7ffff0a87000 r--p 0008e000 08:20 33898738                   /nix/store/finbzkbmqr31v3j8vq47lya15l4nkq1g-qtsvg-6.9.0/lib/libQt6Svg.so.6.9.0
7ffff0a87000-7ffff0a8b000 r--p 0009f000 08:20 33898738                   /nix/store/finbzkbmqr31v3j8vq47lya15l4nkq1g-qtsvg-6.9.0/lib/libQt6Svg.so.6.9.0
7ffff0a8b000-7ffff0a8c000 rw-p 000a3000 08:20 33898738                   /nix/store/finbzkbmqr31v3j8vq47lya15l4nkq1g-qtsvg-6.9.0/lib/libQt6Svg.so.6.9.0
7ffff0a8c000-7ffff0a8f000 r--p 00000000 08:20 33899771                   /nix/store/finbzkbmqr31v3j8vq47lya15l4nkq1g-qtsvg-6.9.0/lib/qt-6/plugins/imageformats/libqsvg.so
7ffff0a8f000-7ffff0a91000 r-xp 00003000 08:20 33899771                   /nix/store/finbzkbmqr31v3j8vq47lya15l4nkq1g-qtsvg-6.9.0/lib/qt-6/plugins/imageformats/libqsvg.so
7ffff0a91000-7ffff0a92000 r--p 00005000 08:20 33899771                   /nix/store/finbzkbmqr31v3j8vq47lya15l4nkq1g-qtsvg-6.9.0/lib/qt-6/plugins/imageformats/libqsvg.so
7ffff0a92000-7ffff0a93000 r--p 00005000 08:20 33899771                   /nix/store/finbzkbmqr31v3j8vq47lya15l4nkq1g-qtsvg-6.9.0/lib/qt-6/plugins/imageformats/libqsvg.so
7ffff0a93000-7ffff0a94000 rw-p 00006000 08:20 33899771                   /nix/store/finbzkbmqr31v3j8vq47lya15l4nkq1g-qtsvg-6.9.0/lib/qt-6/plugins/imageformats/libqsvg.so
7ffff0a94000-7ffff0a9a000 r--p 00000000 08:20 33821283                   /nix/store/9f6bvnw1hxy79shw6lva854ck3cmi43j-libjpeg-turbo-3.0.4/lib/libjpeg.so.62.4.0
7ffff0a9a000-7ffff0b3d000 r-xp 00006000 08:20 33821283                   /nix/store/9f6bvnw1hxy79shw6lva854ck3cmi43j-libjpeg-turbo-3.0.4/lib/libjpeg.so.62.4.0
7ffff0b3d000-7ffff0b66000 r--p 000a9000 08:20 33821283                   /nix/store/9f6bvnw1hxy79shw6lva854ck3cmi43j-libjpeg-turbo-3.0.4/lib/libjpeg.so.62.4.0
7ffff0b66000-7ffff0b67000 r--p 000d2000 08:20 33821283                   /nix/store/9f6bvnw1hxy79shw6lva854ck3cmi43j-libjpeg-turbo-3.0.4/lib/libjpeg.so.62.4.0
7ffff0b67000-7ffff0b68000 rw-p 000d3000 08:20 33821283                   /nix/store/9f6bvnw1hxy79shw6lva854ck3cmi43j-libjpeg-turbo-3.0.4/lib/libjpeg.so.62.4.0
7ffff0b68000-7ffff0b6d000 r--p 00000000 08:20 33890029                   /nix/store/8qs879yx84gng0yljdybwi4fbbgg3dyy-qtbase-6.9.0/lib/qt-6/plugins/imageformats/libqjpeg.so
7ffff0b6d000-7ffff0b74000 r-xp 00005000 08:20 33890029                   /nix/store/8qs879yx84gng0yljdybwi4fbbgg3dyy-qtbase-6.9.0/lib/qt-6/plugins/imageformats/libqjpeg.so
7ffff0b74000-7ffff0b75000 r--p 0000c000 08:20 33890029                   /nix/store/8qs879yx84gng0yljdybwi4fbbgg3dyy-qtbase-6.9.0/lib/qt-6/plugins/imageformats/libqjpeg.so
7ffff0b75000-7ffff0b76000 r--p 0000d000 08:20 33890029                   /nix/store/8qs879yx84gng0yljdybwi4fbbgg3dyy-qtbase-6.9.0/lib/qt-6/plugins/imageformats/libqjpeg.so
7ffff0b76000-7ffff0b77000 rw-p 0000e000 08:20 33890029                   /nix/store/8qs879yx84gng0yljdybwi4fbbgg3dyy-qtbase-6.9.0/lib/qt-6/plugins/imageformats/libqjpeg.so
7ffff0b77000-7ffff0b7a000 r--p 00000000 08:20 33890009                   /nix/store/8qs879yx84gng0yljdybwi4fbbgg3dyy-qtbase-6.9.0/lib/qt-6/plugins/imageformats/libqico.so
7ffff0b7a000-7ffff0b7f000 r-xp 00003000 08:20 33890009                   /nix/store/8qs879yx84gng0yljdybwi4fbbgg3dyy-qtbase-6.9.0/lib/qt-6/plugins/imageformats/libqico.so
7ffff0b7f000-7ffff0b80000 r--p 00008000 08:20 33890009                   /nix/store/8qs879yx84gng0yljdybwi4fbbgg3dyy-qtbase-6.9.0/lib/qt-6/plugins/imageformats/libqico.so
7ffff0b80000-7ffff0b81000 r--p 00009000 08:20 33890009                   /nix/store/8qs879yx84gng0yljdybwi4fbbgg3dyy-qtbase-6.9.0/lib/qt-6/plugins/imageformats/libqico.so
7ffff0b81000-7ffff0b82000 rw-p 0000a000 08:20 33890009                   /nix/store/8qs879yx84gng0yljdybwi4fbbgg3dyy-qtbase-6.9.0/lib/qt-6/plugins/imageformats/libqico.so
7ffff0b82000-7ffff0b85000 r--p 00000000 08:20 33890002                   /nix/store/8qs879yx84gng0yljdybwi4fbbgg3dyy-qtbase-6.9.0/lib/qt-6/plugins/imageformats/libqgif.so
7ffff0b85000-7ffff0b89000 r-xp 00003000 08:20 33890002                   /nix/store/8qs879yx84gng0yljdybwi4fbbgg3dyy-qtbase-6.9.0/lib/qt-6/plugins/imageformats/libqgif.so
7ffff0b89000-7ffff0b8a000 r--p 00007000 08:20 33890002                   /nix/store/8qs879yx84gng0yljdybwi4fbbgg3dyy-qtbase-6.9.0/lib/qt-6/plugins/imageformats/libqgif.so
7ffff0b8a000-7ffff0b8b000 r--p 00008000 08:20 33890002                   /nix/store/8qs879yx84gng0yljdybwi4fbbgg3dyy-qtbase-6.9.0/lib/qt-6/plugins/imageformats/libqgif.so
7ffff0b8b000-7ffff0b8c000 rw-p 00009000 08:20 33890002                   /nix/store/8qs879yx84gng0yljdybwi4fbbgg3dyy-qtbase-6.9.0/lib/qt-6/plugins/imageformats/libqgif.so
7ffff0b8c000-7ffff0b9e000 rw-p 00000000 00:00 0 
7ffff0b9e000-7ffff0ba0000 r--p 00000000 08:20 33820257                   /nix/store/hx0kbryivbs7qccnvpmr17y6x818dhxc-libXdmcp-1.1.5/lib/libXdmcp.so.6.0.0
7ffff0ba0000-7ffff0ba2000 r-xp 00002000 08:20 33820257                   /nix/store/hx0kbryivbs7qccnvpmr17y6x818dhxc-libXdmcp-1.1.5/lib/libXdmcp.so.6.0.0
7ffff0ba2000-7ffff0ba4000 r--p 00004000 08:20 33820257                   /nix/store/hx0kbryivbs7qccnvpmr17y6x818dhxc-libXdmcp-1.1.5/lib/libXdmcp.so.6.0.0
7ffff0ba4000-7ffff0ba5000 r--p 00005000 08:20 33820257                   /nix/store/hx0kbryivbs7qccnvpmr17y6x818dhxc-libXdmcp-1.1.5/lib/libXdmcp.so.6.0.0
7ffff0ba5000-7ffff0ba6000 rw-p 00006000 08:20 33820257                   /nix/store/hx0kbryivbs7qccnvpmr17y6x818dhxc-libXdmcp-1.1.5/lib/libXdmcp.so.6.0.0
7ffff0ba6000-7ffff0ba7000 r--p 00000000 08:20 33820242                   /nix/store/psjc7gv2314bxncywpvsg76gvbk2dn00-libXau-1.0.12/lib/libXau.so.6.0.0
7ffff0ba7000-7ffff0ba8000 r-xp 00001000 08:20 33820242                   /nix/store/psjc7gv2314bxncywpvsg76gvbk2dn00-libXau-1.0.12/lib/libXau.so.6.0.0
7ffff0ba8000-7ffff0ba9000 r--p 00002000 08:20 33820242                   /nix/store/psjc7gv2314bxncywpvsg76gvbk2dn00-libXau-1.0.12/lib/libXau.so.6.0.0
7ffff0ba9000-7ffff0baa000 r--p 00002000 08:20 33820242                   /nix/store/psjc7gv2314bxncywpvsg76gvbk2dn00-libXau-1.0.12/lib/libXau.so.6.0.0
7ffff0baa000-7ffff0bab000 rw-p 00003000 08:20 33820242                   /nix/store/psjc7gv2314bxncywpvsg76gvbk2dn00-libXau-1.0.12/lib/libXau.so.6.0.0
7ffff0bab000-7ffff0bad000 rw-p 00000000 00:00 0 
7ffff0bad000-7ffff0bae000 r--p 00000000 08:20 33819085                   /nix/store/7a8gf62bfl22k4gy2cd300h7cvqmn9yl-brotli-1.1.0-lib/lib/libbrotlicommon.so.1.1.0
7ffff0bae000-7ffff0baf000 r-xp 00001000 08:20 33819085                   /nix/store/7a8gf62bfl22k4gy2cd300h7cvqmn9yl-brotli-1.1.0-lib/lib/libbrotlicommon.so.1.1.0
7ffff0baf000-7ffff0bce000 r--p 00002000 08:20 33819085                   /nix/store/7a8gf62bfl22k4gy2cd300h7cvqmn9yl-brotli-1.1.0-lib/lib/libbrotlicommon.so.1.1.0
7ffff0bce000-7ffff0bcf000 r--p 00021000 08:20 33819085                   /nix/store/7a8gf62bfl22k4gy2cd300h7cvqmn9yl-brotli-1.1.0-lib/lib/libbrotlicommon.so.1.1.0
7ffff0bcf000-7ffff0bd0000 rw-p 00022000 08:20 33819085                   /nix/store/7a8gf62bfl22k4gy2cd300h7cvqmn9yl-brotli-1.1.0-lib/lib/libbrotlicommon.so.1.1.0
7ffff0bd0000-7ffff0bdb000 r--p 00000000 08:20 33819547                   /nix/store/7c0v0kbrrdc2cqgisi78jdqxn73n3401-gcc-14.2.1.20250322-lib/lib/libgomp.so.1.0.0
7ffff0bdb000-7ffff0c11000 r-xp 0000b000 08:20 33819547                   /nix/store/7c0v0kbrrdc2cqgisi78jdqxn73n3401-gcc-14.2.1.20250322-lib/lib/libgomp.so.1.0.0
7ffff0c11000-7ffff0c1f000 r--p 00041000 08:20 33819547                   /nix/store/7c0v0kbrrdc2cqgisi78jdqxn73n3401-gcc-14.2.1.20250322-lib/lib/libgomp.so.1.0.0
7ffff0c1f000-7ffff0c20000 r--p 0004e000 08:20 33819547                   /nix/store/7c0v0kbrrdc2cqgisi78jdqxn73n3401-gcc-14.2.1.20250322-lib/lib/libgomp.so.1.0.0
7ffff0c20000-7ffff0c21000 rw-p 0004f000 08:20 33819547                   /nix/store/7c0v0kbrrdc2cqgisi78jdqxn73n3401-gcc-14.2.1.20250322-lib/lib/libgomp.so.1.0.0
7ffff0c21000-7ffff0c24000 r--p 00000000 08:20 33820529                   /nix/store/bh1hxs692a2fv806wkiprig10j5znd7c-libcap-2.75-lib/lib/libcap.so.2.75
7ffff0c24000-7ffff0c2a000 r-xp 00003000 08:20 33820529                   /nix/store/bh1hxs692a2fv806wkiprig10j5znd7c-libcap-2.75-lib/lib/libcap.so.2.75
7ffff0c2a000-7ffff0c2c000 r--p 00009000 08:20 33820529                   /nix/store/bh1hxs692a2fv806wkiprig10j5znd7c-libcap-2.75-lib/lib/libcap.so.2.75
7ffff0c2c000-7ffff0c2d000 r--p 0000b000 08:20 33820529                   /nix/store/bh1hxs692a2fv806wkiprig10j5znd7c-libcap-2.75-lib/lib/libcap.so.2.75
7ffff0c2d000-7ffff0c2e000 rw-p 0000c000 08:20 33820529                   /nix/store/bh1hxs692a2fv806wkiprig10j5znd7c-libcap-2.75-lib/lib/libcap.so.2.75
7ffff0c2e000-7ffff0c30000 rw-p 00000000 00:00 0 
7ffff0c30000-7ffff0c33000 r--p 00000000 08:20 33821911                   /nix/store/088li1j480s9yv1736wiz7a26bxi405w-graphite2-1.3.14/lib/libgraphite2.so.3.2.1
7ffff0c33000-7ffff0c53000 r-xp 00003000 08:20 33821911                   /nix/store/088li1j480s9yv1736wiz7a26bxi405w-graphite2-1.3.14/lib/libgraphite2.so.3.2.1
7ffff0c53000-7ffff0c58000 r--p 00023000 08:20 33821911                   /nix/store/088li1j480s9yv1736wiz7a26bxi405w-graphite2-1.3.14/lib/libgraphite2.so.3.2.1
7ffff0c58000-7ffff0c5a000 r--p 00027000 08:20 33821911                   /nix/store/088li1j480s9yv1736wiz7a26bxi405w-graphite2-1.3.14/lib/libgraphite2.so.3.2.1
7ffff0c5a000-7ffff0c5b000 rw-p 00029000 08:20 33821911                   /nix/store/088li1j480s9yv1736wiz7a26bxi405w-graphite2-1.3.14/lib/libgraphite2.so.3.2.1
7ffff0c5b000-7ffff0c5f000 r--p 00000000 08:20 33825089                   /nix/store/gmirqf6vp6rskn2dhfyd7haphy6kjnvk-libXext-1.3.6/lib/libXext.so.6.4.0
7ffff0c5f000-7ffff0c6a000 r-xp 00004000 08:20 33825089                   /nix/store/gmirqf6vp6rskn2dhfyd7haphy6kjnvk-libXext-1.3.6/lib/libXext.so.6.4.0
7ffff0c6a000-7ffff0c6e000 r--p 0000f000 08:20 33825089                   /nix/store/gmirqf6vp6rskn2dhfyd7haphy6kjnvk-libXext-1.3.6/lib/libXext.so.6.4.0
7ffff0c6e000-7ffff0c6f000 r--p 00012000 08:20 33825089                   /nix/store/gmirqf6vp6rskn2dhfyd7haphy6kjnvk-libXext-1.3.6/lib/libXext.so.6.4.0
7ffff0c6f000-7ffff0c70000 rw-p 00013000 08:20 33825089                   /nix/store/gmirqf6vp6rskn2dhfyd7haphy6kjnvk-libXext-1.3.6/lib/libXext.so.6.4.0
7ffff0c70000-7ffff0c7f000 r--p 00000000 08:20 33848972                   /nix/store/yi0knhi2qccafj49a8yd76rizllzx7bd-dbus-1.14.10-lib/lib/libdbus-1.so.3.32.4
7ffff0c7f000-7ffff0cb1000 r-xp 0000f000 08:20 33848972                   /nix/store/yi0knhi2qccafj49a8yd76rizllzx7bd-dbus-1.14.10-lib/lib/libdbus-1.so.3.32.4
7ffff0cb1000-7ffff0cc6000 r--p 00041000 08:20 33848972                   /nix/store/yi0knhi2qccafj49a8yd76rizllzx7bd-dbus-1.14.10-lib/lib/libdbus-1.so.3.32.4
7ffff0cc6000-7ffff0cc8000 r--p 00055000 08:20 33848972                   /nix/store/yi0knhi2qccafj49a8yd76rizllzx7bd-dbus-1.14.10-lib/lib/libdbus-1.so.3.32.4
7ffff0cc8000-7ffff0cc9000 rw-p 00057000 08:20 33848972                   /nix/store/yi0knhi2qccafj49a8yd76rizllzx7bd-dbus-1.14.10-lib/lib/libdbus-1.so.3.32.4
7ffff0cc9000-7ffff0ccc000 r--p 00000000 08:20 33829228                   /nix/store/a9c6rz5183psp30q1nhkakis6ab4km4b-pcre2-10.44/lib/libpcre2-8.so.0.13.0
7ffff0ccc000-7ffff0d3e000 r-xp 00003000 08:20 33829228                   /nix/store/a9c6rz5183psp30q1nhkakis6ab4km4b-pcre2-10.44/lib/libpcre2-8.so.0.13.0
7ffff0d3e000-7ffff0d6a000 r--p 00075000 08:20 33829228                   /nix/store/a9c6rz5183psp30q1nhkakis6ab4km4b-pcre2-10.44/lib/libpcre2-8.so.0.13.0
7ffff0d6a000-7ffff0d6b000 r--p 000a1000 08:20 33829228                   /nix/store/a9c6rz5183psp30q1nhkakis6ab4km4b-pcre2-10.44/lib/libpcre2-8.so.0.13.0
7ffff0d6b000-7ffff0d6c000 rw-p 000a2000 08:20 33829228                   /nix/store/a9c6rz5183psp30q1nhkakis6ab4km4b-pcre2-10.44/lib/libpcre2-8.so.0.13.0
7ffff0d6c000-7ffff0d6e000 rw-p 00000000 00:00 0 
7ffff0d6e000-7ffff0d7b000 r--p 00000000 08:20 33823780                   /nix/store/qn01pv62sbpzbsy0a6m0q23syrmkk3bv-libxcb-1.17.0/lib/libxcb.so.1.1.0
7ffff0d7b000-7ffff0d90000 r-xp 0000d000 08:20 33823780                   /nix/store/qn01pv62sbpzbsy0a6m0q23syrmkk3bv-libxcb-1.17.0/lib/libxcb.so.1.1.0
7ffff0d90000-7ffff0d99000 r--p 00022000 08:20 33823780                   /nix/store/qn01pv62sbpzbsy0a6m0q23syrmkk3bv-libxcb-1.17.0/lib/libxcb.so.1.1.0
7ffff0d99000-7ffff0d9a000 r--p 0002a000 08:20 33823780                   /nix/store/qn01pv62sbpzbsy0a6m0q23syrmkk3bv-libxcb-1.17.0/lib/libxcb.so.1.1.0
7ffff0d9a000-7ffff0d9b000 rw-p 0002b000 08:20 33823780                   /nix/store/qn01pv62sbpzbsy0a6m0q23syrmkk3bv-libxcb-1.17.0/lib/libxcb.so.1.1.0
7ffff0d9b000-7ffff0d9f000 r--p 00000000 08:20 33819092                   /nix/store/j0bzxly2rvcym1zkhn393adiqcwn8np6-expat-2.7.1/lib/libexpat.so.1.10.2
7ffff0d9f000-7ffff0dbe000 r-xp 00004000 08:20 33819092                   /nix/store/j0bzxly2rvcym1zkhn393adiqcwn8np6-expat-2.7.1/lib/libexpat.so.1.10.2
7ffff0dbe000-7ffff0dc6000 r--p 00023000 08:20 33819092                   /nix/store/j0bzxly2rvcym1zkhn393adiqcwn8np6-expat-2.7.1/lib/libexpat.so.1.10.2
7ffff0dc6000-7ffff0dc8000 r--p 0002b000 08:20 33819092                   /nix/store/j0bzxly2rvcym1zkhn393adiqcwn8np6-expat-2.7.1/lib/libexpat.so.1.10.2
7ffff0dc8000-7ffff0dc9000 rw-p 0002d000 08:20 33819092                   /nix/store/j0bzxly2rvcym1zkhn393adiqcwn8np6-expat-2.7.1/lib/libexpat.so.1.10.2
7ffff0dc9000-7ffff0dca000 r--p 00000000 08:20 33818281                   /nix/store/cg9s562sa33k78m63njfn1rw47dp9z0i-glibc-2.40-66/lib/libpthread.so.0
7ffff0dca000-7ffff0dcb000 r-xp 00001000 08:20 33818281                   /nix/store/cg9s562sa33k78m63njfn1rw47dp9z0i-glibc-2.40-66/lib/libpthread.so.0
7ffff0dcb000-7ffff0dcc000 r--p 00002000 08:20 33818281                   /nix/store/cg9s562sa33k78m63njfn1rw47dp9z0i-glibc-2.40-66/lib/libpthread.so.0
7ffff0dcc000-7ffff0dcd000 r--p 00002000 08:20 33818281                   /nix/store/cg9s562sa33k78m63njfn1rw47dp9z0i-glibc-2.40-66/lib/libpthread.so.0
7ffff0dcd000-7ffff0dce000 rw-p 00003000 08:20 33818281                   /nix/store/cg9s562sa33k78m63njfn1rw47dp9z0i-glibc-2.40-66/lib/libpthread.so.0
7ffff0dce000-7ffff0dcf000 r--p 00000000 08:20 33819128                   /nix/store/7a8gf62bfl22k4gy2cd300h7cvqmn9yl-brotli-1.1.0-lib/lib/libbrotlidec.so.1.1.0
7ffff0dcf000-7ffff0dd8000 r-xp 00001000 08:20 33819128                   /nix/store/7a8gf62bfl22k4gy2cd300h7cvqmn9yl-brotli-1.1.0-lib/lib/libbrotlidec.so.1.1.0
7ffff0dd8000-7ffff0ddb000 r--p 0000a000 08:20 33819128                   /nix/store/7a8gf62bfl22k4gy2cd300h7cvqmn9yl-brotli-1.1.0-lib/lib/libbrotlidec.so.1.1.0
7ffff0ddb000-7ffff0ddc000 r--p 0000c000 08:20 33819128                   /nix/store/7a8gf62bfl22k4gy2cd300h7cvqmn9yl-brotli-1.1.0-lib/lib/libbrotlidec.so.1.1.0
7ffff0ddc000-7ffff0ddd000 rw-p 0000d000 08:20 33819128                   /nix/store/7a8gf62bfl22k4gy2cd300h7cvqmn9yl-brotli-1.1.0-lib/lib/libbrotlidec.so.1.1.0
7ffff0ddd000-7ffff0ddf000 r--p 00000000 08:20 33819114                   /nix/store/zrnqzhcvlpiycqbswl0w172y4bpn0lb4-bzip2-1.0.8/lib/libbz2.so.1.0.8
7ffff0ddf000-7ffff0ded000 r-xp 00002000 08:20 33819114                   /nix/store/zrnqzhcvlpiycqbswl0w172y4bpn0lb4-bzip2-1.0.8/lib/libbz2.so.1.0.8
7ffff0ded000-7ffff0def000 r--p 00010000 08:20 33819114                   /nix/store/zrnqzhcvlpiycqbswl0w172y4bpn0lb4-bzip2-1.0.8/lib/libbz2.so.1.0.8
7ffff0def000-7ffff0df0000 r--p 00011000 08:20 33819114                   /nix/store/zrnqzhcvlpiycqbswl0w172y4bpn0lb4-bzip2-1.0.8/lib/libbz2.so.1.0.8
7ffff0df0000-7ffff0df1000 rw-p 00012000 08:20 33819114                   /nix/store/zrnqzhcvlpiycqbswl0w172y4bpn0lb4-bzip2-1.0.8/lib/libbz2.so.1.0.8
7ffff0df1000-7ffff0df3000 rw-p 00000000 00:00 0 
7ffff0df3000-7ffff0e34000 r--p 00000000 08:20 33827914                   /nix/store/z88avybj8n2svi9wv1hl937k2k3mbc2d-libglvnd-1.7.0/lib/libGLdispatch.so.0.0.0
7ffff0e34000-7ffff0e73000 r-xp 00041000 08:20 33827914                   /nix/store/z88avybj8n2svi9wv1hl937k2k3mbc2d-libglvnd-1.7.0/lib/libGLdispatch.so.0.0.0
7ffff0e73000-7ffff0e87000 r--p 00080000 08:20 33827914                   /nix/store/z88avybj8n2svi9wv1hl937k2k3mbc2d-libglvnd-1.7.0/lib/libGLdispatch.so.0.0.0
7ffff0e87000-7ffff0ea3000 r--p 00093000 08:20 33827914                   /nix/store/z88avybj8n2svi9wv1hl937k2k3mbc2d-libglvnd-1.7.0/lib/libGLdispatch.so.0.0.0
7ffff0ea3000-7ffff0ea4000 rw-p 000af000 08:20 33827914                   /nix/store/z88avybj8n2svi9wv1hl937k2k3mbc2d-libglvnd-1.7.0/lib/libGLdispatch.so.0.0.0
7ffff0ea4000-7ffff0eac000 rw-p 00000000 00:00 0 
7ffff0eac000-7ffff0ead000 r--p 00000000 08:20 33818285                   /nix/store/cg9s562sa33k78m63njfn1rw47dp9z0i-glibc-2.40-66/lib/librt.so.1
7ffff0ead000-7ffff0eae000 r-xp 00001000 08:20 33818285                   /nix/store/cg9s562sa33k78m63njfn1rw47dp9z0i-glibc-2.40-66/lib/librt.so.1
7ffff0eae000-7ffff0eaf000 r--p 00002000 08:20 33818285                   /nix/store/cg9s562sa33k78m63njfn1rw47dp9z0i-glibc-2.40-66/lib/librt.so.1
7ffff0eaf000-7ffff0eb0000 r--p 00002000 08:20 33818285                   /nix/store/cg9s562sa33k78m63njfn1rw47dp9z0i-glibc-2.40-66/lib/librt.so.1
7ffff0eb0000-7ffff0eb1000 rw-p 00003000 08:20 33818285                   /nix/store/cg9s562sa33k78m63njfn1rw47dp9z0i-glibc-2.40-66/lib/librt.so.1
7ffff0eb1000-7ffff0eba000 r--p 00000000 08:20 33834786                   /nix/store/d8vq999dg607ha6718fimpakacfax0gd-zstd-1.5.7/lib/libzstd.so.1.5.7
7ffff0eba000-7ffff0f75000 r-xp 00009000 08:20 33834786                   /nix/store/d8vq999dg607ha6718fimpakacfax0gd-zstd-1.5.7/lib/libzstd.so.1.5.7
7ffff0f75000-7ffff0f85000 r--p 000c4000 08:20 33834786                   /nix/store/d8vq999dg607ha6718fimpakacfax0gd-zstd-1.5.7/lib/libzstd.so.1.5.7
7ffff0f85000-7ffff0f86000 r--p 000d3000 08:20 33834786                   /nix/store/d8vq999dg607ha6718fimpakacfax0gd-zstd-1.5.7/lib/libzstd.so.1.5.7
7ffff0f86000-7ffff0f87000 rw-p 000d4000 08:20 33834786                   /nix/store/d8vq999dg607ha6718fimpakacfax0gd-zstd-1.5.7/lib/libzstd.so.1.5.7
7ffff0f87000-7ffff0f89000 rw-p 00000000 00:00 0 
7ffff0f89000-7ffff0f8c000 r--p 00000000 08:20 33828953                   /nix/store/a9c6rz5183psp30q1nhkakis6ab4km4b-pcre2-10.44/lib/libpcre2-16.so.0.13.0
7ffff0f8c000-7ffff0ff2000 r-xp 00003000 08:20 33828953                   /nix/store/a9c6rz5183psp30q1nhkakis6ab4km4b-pcre2-10.44/lib/libpcre2-16.so.0.13.0
7ffff0ff2000-7ffff101e000 r--p 00069000 08:20 33828953                   /nix/store/a9c6rz5183psp30q1nhkakis6ab4km4b-pcre2-10.44/lib/libpcre2-16.so.0.13.0
7ffff101e000-7ffff101f000 r--p 00094000 08:20 33828953                   /nix/store/a9c6rz5183psp30q1nhkakis6ab4km4b-pcre2-10.44/lib/libpcre2-16.so.0.13.0
7ffff101f000-7ffff1020000 rw-p 00095000 08:20 33828953                   /nix/store/a9c6rz5183psp30q1nhkakis6ab4km4b-pcre2-10.44/lib/libpcre2-16.so.0.13.0
7ffff1020000-7ffff1023000 r--p 00000000 08:20 33822095                   /nix/store/x1aci8krq4n033dc158lhgq37x3kc91v-libb2-0.98.1/lib/libb2.so.1.0.4
7ffff1023000-7ffff103a000 r-xp 00003000 08:20 33822095                   /nix/store/x1aci8krq4n033dc158lhgq37x3kc91v-libb2-0.98.1/lib/libb2.so.1.0.4
7ffff103a000-7ffff103d000 r--p 0001a000 08:20 33822095                   /nix/store/x1aci8krq4n033dc158lhgq37x3kc91v-libb2-0.98.1/lib/libb2.so.1.0.4
7ffff103d000-7ffff103e000 r--p 0001c000 08:20 33822095                   /nix/store/x1aci8krq4n033dc158lhgq37x3kc91v-libb2-0.98.1/lib/libb2.so.1.0.4
7ffff103e000-7ffff103f000 rw-p 0001d000 08:20 33822095                   /nix/store/x1aci8krq4n033dc158lhgq37x3kc91v-libb2-0.98.1/lib/libb2.so.1.0.4
7ffff103f000-7ffff1042000 r--p 00000000 08:20 33821945                   /nix/store/8hkdw2r0qs430cdz2qdc3zdzlnla6hbi-double-conversion-3.3.1/lib/libdouble-conversion.so.3.3.0
7ffff1042000-7ffff104f000 r-xp 00003000 08:20 33821945                   /nix/store/8hkdw2r0qs430cdz2qdc3zdzlnla6hbi-double-conversion-3.3.1/lib/libdouble-conversion.so.3.3.0
7ffff104f000-7ffff1051000 r--p 00010000 08:20 33821945                   /nix/store/8hkdw2r0qs430cdz2qdc3zdzlnla6hbi-double-conversion-3.3.1/lib/libdouble-conversion.so.3.3.0
7ffff1051000-7ffff1052000 r--p 00012000 08:20 33821945                   /nix/store/8hkdw2r0qs430cdz2qdc3zdzlnla6hbi-double-conversion-3.3.1/lib/libdouble-conversion.so.3.3.0
7ffff1052000-7ffff1053000 rw-p 00013000 08:20 33821945                   /nix/store/8hkdw2r0qs430cdz2qdc3zdzlnla6hbi-double-conversion-3.3.1/lib/libdouble-conversion.so.3.3.0
7ffff1053000-7ffff1073000 r--p 00000000 08:20 33847742                   /nix/store/if9z6wmzmb07j63c02mvfkhn1mw1w5p4-systemd-257.5/lib/libsystemd.so.0.40.0
7ffff1073000-7ffff1149000 r-xp 00020000 08:20 33847742                   /nix/store/if9z6wmzmb07j63c02mvfkhn1mw1w5p4-systemd-257.5/lib/libsystemd.so.0.40.0
7ffff1149000-7ffff1196000 r--p 000f6000 08:20 33847742                   /nix/store/if9z6wmzmb07j63c02mvfkhn1mw1w5p4-systemd-257.5/lib/libsystemd.so.0.40.0
7ffff1196000-7ffff11a3000 r--p 00142000 08:20 33847742                   /nix/store/if9z6wmzmb07j63c02mvfkhn1mw1w5p4-systemd-257.5/lib/libsystemd.so.0.40.0
7ffff11a3000-7ffff11a4000 rw-p 0014f000 08:20 33847742                   /nix/store/if9z6wmzmb07j63c02mvfkhn1mw1w5p4-systemd-257.5/lib/libsystemd.so.0.40.0
7ffff11a4000-7ffff11a5000 rw-p 00000000 00:00 0 
7ffff11a5000-7ffff11ae000 rw-p 0017b000 08:20 33847742                   /nix/store/if9z6wmzmb07j63c02mvfkhn1mw1w5p4-systemd-257.5/lib/libsystemd.so.0.40.0
7ffff11ae000-7ffff3010000 r--p 00000000 08:20 33821953                   /nix/store/i4lj3w4yd9x9jbi7a1xhjqsr7bg8jq7p-icu4c-76.1/lib/libicudata.so.76.1
7ffff3010000-7ffff3011000 r--p 01e61000 08:20 33821953                   /nix/store/i4lj3w4yd9x9jbi7a1xhjqsr7bg8jq7p-icu4c-76.1/lib/libicudata.so.76.1
7ffff3011000-7ffff3013000 rw-p 00000000 00:00 0 
7ffff3013000-7ffff3086000 r--p 00000000 08:20 33828896                   /nix/store/i4lj3w4yd9x9jbi7a1xhjqsr7bg8jq7p-icu4c-76.1/lib/libicuuc.so.76.1
7ffff3086000-7ffff3199000 r-xp 00073000 08:20 33828896                   /nix/store/i4lj3w4yd9x9jbi7a1xhjqsr7bg8jq7p-icu4c-76.1/lib/libicuuc.so.76.1
7ffff3199000-7ffff322e000 r--p 00186000 08:20 33828896                   /nix/store/i4lj3w4yd9x9jbi7a1xhjqsr7bg8jq7p-icu4c-76.1/lib/libicuuc.so.76.1
7ffff322e000-7ffff3241000 r--p 0021b000 08:20 33828896                   /nix/store/i4lj3w4yd9x9jbi7a1xhjqsr7bg8jq7p-icu4c-76.1/lib/libicuuc.so.76.1
7ffff3241000-7ffff3242000 rw-p 0022e000 08:20 33828896                   /nix/store/i4lj3w4yd9x9jbi7a1xhjqsr7bg8jq7p-icu4c-76.1/lib/libicuuc.so.76.1
7ffff3242000-7ffff3244000 rw-p 00000000 00:00 0 
7ffff3244000-7ffff3363000 r--p 00000000 08:20 33828660                   /nix/store/i4lj3w4yd9x9jbi7a1xhjqsr7bg8jq7p-icu4c-76.1/lib/libicui18n.so.76.1
7ffff3363000-7ffff3545000 r-xp 0011f000 08:20 33828660                   /nix/store/i4lj3w4yd9x9jbi7a1xhjqsr7bg8jq7p-icu4c-76.1/lib/libicui18n.so.76.1
7ffff3545000-7ffff35e2000 r--p 00301000 08:20 33828660                   /nix/store/i4lj3w4yd9x9jbi7a1xhjqsr7bg8jq7p-icu4c-76.1/lib/libicui18n.so.76.1
7ffff35e2000-7ffff35f5000 r--p 0039e000 08:20 33828660                   /nix/store/i4lj3w4yd9x9jbi7a1xhjqsr7bg8jq7p-icu4c-76.1/lib/libicui18n.so.76.1
7ffff35f5000-7ffff35f6000 rw-p 003b1000 08:20 33828660                   /nix/store/i4lj3w4yd9x9jbi7a1xhjqsr7bg8jq7p-icu4c-76.1/lib/libicui18n.so.76.1
7ffff35f6000-7ffff35f7000 rw-p 00000000 00:00 0 
7ffff35f7000-7ffff35f8000 r--p 00000000 08:20 33844662                   /nix/store/bkpj51fz88rbyjd60i6lrp0xdax1b24g-glib-2.84.1/lib/libgthread-2.0.so.0.8400.1
7ffff35f8000-7ffff35f9000 r-xp 00001000 08:20 33844662                   /nix/store/bkpj51fz88rbyjd60i6lrp0xdax1b24g-glib-2.84.1/lib/libgthread-2.0.so.0.8400.1
7ffff35f9000-7ffff35fa000 r--p 00002000 08:20 33844662                   /nix/store/bkpj51fz88rbyjd60i6lrp0xdax1b24g-glib-2.84.1/lib/libgthread-2.0.so.0.8400.1
7ffff35fa000-7ffff35fb000 r--p 00002000 08:20 33844662                   /nix/store/bkpj51fz88rbyjd60i6lrp0xdax1b24g-glib-2.84.1/lib/libgthread-2.0.so.0.8400.1
7ffff35fb000-7ffff35fc000 rw-p 00003000 08:20 33844662                   /nix/store/bkpj51fz88rbyjd60i6lrp0xdax1b24g-glib-2.84.1/lib/libgthread-2.0.so.0.8400.1
7ffff35fc000-7ffff35fe000 rw-p 00000000 00:00 0 
7ffff35fe000-7ffff3601000 r--p 00000000 08:20 33834712                   /nix/store/srby6wmvg7dp454pwb6qvaxdiri38sc1-zlib-1.3.1/lib/libz.so.1.3.1
7ffff3601000-7ffff3614000 r-xp 00003000 08:20 33834712                   /nix/store/srby6wmvg7dp454pwb6qvaxdiri38sc1-zlib-1.3.1/lib/libz.so.1.3.1
7ffff3614000-7ffff361b000 r--p 00016000 08:20 33834712                   /nix/store/srby6wmvg7dp454pwb6qvaxdiri38sc1-zlib-1.3.1/lib/libz.so.1.3.1
7ffff361b000-7ffff361c000 r--p 0001c000 08:20 33834712                   /nix/store/srby6wmvg7dp454pwb6qvaxdiri38sc1-zlib-1.3.1/lib/libz.so.1.3.1
7ffff361c000-7ffff361d000 rw-p 0001d000 08:20 33834712                   /nix/store/srby6wmvg7dp454pwb6qvaxdiri38sc1-zlib-1.3.1/lib/libz.so.1.3.1
7ffff361d000-7ffff362c000 r--p 00000000 08:20 33838439                   /nix/store/5i64l61if26whc3r9lzq6ycxpd2xnlgm-freetype-2.13.3/lib/libfreetype.so.6.20.2
7ffff362c000-7ffff36be000 r-xp 0000f000 08:20 33838439                   /nix/store/5i64l61if26whc3r9lzq6ycxpd2xnlgm-freetype-2.13.3/lib/libfreetype.so.6.20.2
7ffff36be000-7ffff36e9000 r--p 000a1000 08:20 33838439                   /nix/store/5i64l61if26whc3r9lzq6ycxpd2xnlgm-freetype-2.13.3/lib/libfreetype.so.6.20.2
7ffff36e9000-7ffff36f1000 r--p 000cb000 08:20 33838439                   /nix/store/5i64l61if26whc3r9lzq6ycxpd2xnlgm-freetype-2.13.3/lib/libfreetype.so.6.20.2
7ffff36f1000-7ffff36f2000 rw-p 000d3000 08:20 33838439                   /nix/store/5i64l61if26whc3r9lzq6ycxpd2xnlgm-freetype-2.13.3/lib/libfreetype.so.6.20.2
7ffff36f2000-7ffff36f4000 r--p 00000000 08:20 33824910                   /nix/store/b1g9dna70sk0gqlnsm0r1hqkw5ydb8ah-md4c-0.5.2-lib/lib/libmd4c.so.0.5.2
7ffff36f4000-7ffff3704000 r-xp 00002000 08:20 33824910                   /nix/store/b1g9dna70sk0gqlnsm0r1hqkw5ydb8ah-md4c-0.5.2-lib/lib/libmd4c.so.0.5.2
7ffff3704000-7ffff3707000 r--p 00012000 08:20 33824910                   /nix/store/b1g9dna70sk0gqlnsm0r1hqkw5ydb8ah-md4c-0.5.2-lib/lib/libmd4c.so.0.5.2
7ffff3707000-7ffff3708000 r--p 00015000 08:20 33824910                   /nix/store/b1g9dna70sk0gqlnsm0r1hqkw5ydb8ah-md4c-0.5.2-lib/lib/libmd4c.so.0.5.2
7ffff3708000-7ffff3709000 rw-p 00016000 08:20 33824910                   /nix/store/b1g9dna70sk0gqlnsm0r1hqkw5ydb8ah-md4c-0.5.2-lib/lib/libmd4c.so.0.5.2
7ffff3709000-7ffff3716000 r--p 00000000 08:20 33849151                   /nix/store/8bsl1vrab2pwj8ilpzfn2iwzbrps8jgq-harfbuzz-10.2.0/lib/libharfbuzz.so.0.61020.0
7ffff3716000-7ffff380f000 r-xp 0000d000 08:20 33849151                   /nix/store/8bsl1vrab2pwj8ilpzfn2iwzbrps8jgq-harfbuzz-10.2.0/lib/libharfbuzz.so.0.61020.0
7ffff380f000-7ffff384e000 r--p 00106000 08:20 33849151                   /nix/store/8bsl1vrab2pwj8ilpzfn2iwzbrps8jgq-harfbuzz-10.2.0/lib/libharfbuzz.so.0.61020.0
7ffff384e000-7ffff3850000 r--p 00144000 08:20 33849151                   /nix/store/8bsl1vrab2pwj8ilpzfn2iwzbrps8jgq-harfbuzz-10.2.0/lib/libharfbuzz.so.0.61020.0
7ffff3850000-7ffff3851000 rw-p 00146000 08:20 33849151                   /nix/store/8bsl1vrab2pwj8ilpzfn2iwzbrps8jgq-harfbuzz-10.2.0/lib/libharfbuzz.so.0.61020.0
7ffff3851000-7ffff3857000 r--p 00000000 08:20 33836252                   /nix/store/y3x4m9wy3a731ibvgvs194j10znc392m-libpng-apng-1.6.46/lib/libpng16.so.16.46.0
7ffff3857000-7ffff3881000 r-xp 00006000 08:20 33836252                   /nix/store/y3x4m9wy3a731ibvgvs194j10znc392m-libpng-apng-1.6.46/lib/libpng16.so.16.46.0
7ffff3881000-7ffff388d000 r--p 00030000 08:20 33836252                   /nix/store/y3x4m9wy3a731ibvgvs194j10znc392m-libpng-apng-1.6.46/lib/libpng16.so.16.46.0
7ffff388d000-7ffff388e000 r--p 0003c000 08:20 33836252                   /nix/store/y3x4m9wy3a731ibvgvs194j10znc392m-libpng-apng-1.6.46/lib/libpng16.so.16.46.0
7ffff388e000-7ffff388f000 rw-p 0003d000 08:20 33836252                   /nix/store/y3x4m9wy3a731ibvgvs194j10znc392m-libpng-apng-1.6.46/lib/libpng16.so.16.46.0
7ffff388f000-7ffff3891000 rw-p 00000000 00:00 0 
7ffff3891000-7ffff38a8000 r--p 00000000 08:20 33828506                   /nix/store/z88avybj8n2svi9wv1hl937k2k3mbc2d-libglvnd-1.7.0/lib/libOpenGL.so.0.0.0
7ffff38a8000-7ffff38b3000 r-xp 00017000 08:20 33828506                   /nix/store/z88avybj8n2svi9wv1hl937k2k3mbc2d-libglvnd-1.7.0/lib/libOpenGL.so.0.0.0
7ffff38b3000-7ffff38b8000 r--p 00022000 08:20 33828506                   /nix/store/z88avybj8n2svi9wv1hl937k2k3mbc2d-libglvnd-1.7.0/lib/libOpenGL.so.0.0.0
7ffff38b8000-7ffff38bd000 r--p 00027000 08:20 33828506                   /nix/store/z88avybj8n2svi9wv1hl937k2k3mbc2d-libglvnd-1.7.0/lib/libOpenGL.so.0.0.0
7ffff38bd000-7ffff38be000 rw-p 0002c000 08:20 33828506                   /nix/store/z88avybj8n2svi9wv1hl937k2k3mbc2d-libglvnd-1.7.0/lib/libOpenGL.so.0.0.0
7ffff38be000-7ffff38c1000 r--p 00000000 08:20 33827608                   /nix/store/z88avybj8n2svi9wv1hl937k2k3mbc2d-libglvnd-1.7.0/lib/libGLX.so.0.0.0
7ffff38c1000-7ffff38dc000 r-xp 00003000 08:20 33827608                   /nix/store/z88avybj8n2svi9wv1hl937k2k3mbc2d-libglvnd-1.7.0/lib/libGLX.so.0.0.0
7ffff38dc000-7ffff38df000 r--p 0001e000 08:20 33827608                   /nix/store/z88avybj8n2svi9wv1hl937k2k3mbc2d-libglvnd-1.7.0/lib/libGLX.so.0.0.0
7ffff38df000-7ffff38e0000 r--p 00021000 08:20 33827608                   /nix/store/z88avybj8n2svi9wv1hl937k2k3mbc2d-libglvnd-1.7.0/lib/libGLX.so.0.0.0
7ffff38e0000-7ffff38e1000 rw-p 00022000 08:20 33827608                   /nix/store/z88avybj8n2svi9wv1hl937k2k3mbc2d-libglvnd-1.7.0/lib/libGLX.so.0.0.0
7ffff38e1000-7ffff38f1000 rw-p 00000000 00:00 0 
7ffff38f1000-7ffff38f2000 rw-p 00057000 08:20 33827608                   /nix/store/z88avybj8n2svi9wv1hl937k2k3mbc2d-libglvnd-1.7.0/lib/libGLX.so.0.0.0
7ffff38f2000-7ffff38f7000 r--p 00000000 08:20 33832899                   /nix/store/4di7f8w515xl6grwv13pk6855awav0b1-libxkbcommon-1.8.1/lib/libxkbcommon.so.0.8.1
7ffff38f7000-7ffff3919000 r-xp 00005000 08:20 33832899                   /nix/store/4di7f8w515xl6grwv13pk6855awav0b1-libxkbcommon-1.8.1/lib/libxkbcommon.so.0.8.1
7ffff3919000-7ffff393f000 r--p 00027000 08:20 33832899                   /nix/store/4di7f8w515xl6grwv13pk6855awav0b1-libxkbcommon-1.8.1/lib/libxkbcommon.so.0.8.1
7ffff393f000-7ffff3941000 r--p 0004c000 08:20 33832899                   /nix/store/4di7f8w515xl6grwv13pk6855awav0b1-libxkbcommon-1.8.1/lib/libxkbcommon.so.0.8.1
7ffff3941000-7ffff3942000 rw-p 0004e000 08:20 33832899                   /nix/store/4di7f8w515xl6grwv13pk6855awav0b1-libxkbcommon-1.8.1/lib/libxkbcommon.so.0.8.1
7ffff3942000-7ffff3965000 r--p 00000000 08:20 33882163                   /nix/store/8qs879yx84gng0yljdybwi4fbbgg3dyy-qtbase-6.9.0/lib/libQt6DBus.so.6.9.0
7ffff3965000-7ffff39f7000 r-xp 00023000 08:20 33882163                   /nix/store/8qs879yx84gng0yljdybwi4fbbgg3dyy-qtbase-6.9.0/lib/libQt6DBus.so.6.9.0
7ffff39f7000-7ffff3a16000 r--p 000b5000 08:20 33882163                   /nix/store/8qs879yx84gng0yljdybwi4fbbgg3dyy-qtbase-6.9.0/lib/libQt6DBus.so.6.9.0
7ffff3a16000-7ffff3a1a000 r--p 000d4000 08:20 33882163                   /nix/store/8qs879yx84gng0yljdybwi4fbbgg3dyy-qtbase-6.9.0/lib/libQt6DBus.so.6.9.0
7ffff3a1a000-7ffff3a1c000 rw-p 000d8000 08:20 33882163                   /nix/store/8qs879yx84gng0yljdybwi4fbbgg3dyy-qtbase-6.9.0/lib/libQt6DBus.so.6.9.0
7ffff3a1c000-7ffff3a1d000 rw-p 00000000 00:00 0 
7ffff3a1d000-7ffff3a40000 r--p 00000000 08:20 33844236                   /nix/store/bkpj51fz88rbyjd60i6lrp0xdax1b24g-glib-2.84.1/lib/libglib-2.0.so.0.8400.1
7ffff3a40000-7ffff3ae5000 r-xp 00023000 08:20 33844236                   /nix/store/bkpj51fz88rbyjd60i6lrp0xdax1b24g-glib-2.84.1/lib/libglib-2.0.so.0.8400.1
7ffff3ae5000-7ffff3b7a000 r--p 000c8000 08:20 33844236                   /nix/store/bkpj51fz88rbyjd60i6lrp0xdax1b24g-glib-2.84.1/lib/libglib-2.0.so.0.8400.1
7ffff3b7a000-7ffff3b7b000 r--p 0015d000 08:20 33844236                   /nix/store/bkpj51fz88rbyjd60i6lrp0xdax1b24g-glib-2.84.1/lib/libglib-2.0.so.0.8400.1
7ffff3b7b000-7ffff3b7c000 rw-p 0015e000 08:20 33844236                   /nix/store/bkpj51fz88rbyjd60i6lrp0xdax1b24g-glib-2.84.1/lib/libglib-2.0.so.0.8400.1
7ffff3b7c000-7ffff3b7f000 rw-p 00000000 00:00 0 
7ffff3b7f000-7ffff3b80000 r--p 00000000 08:20 33818253                   /nix/store/cg9s562sa33k78m63njfn1rw47dp9z0i-glibc-2.40-66/lib/libdl.so.2
7ffff3b80000-7ffff3b81000 r-xp 00001000 08:20 33818253                   /nix/store/cg9s562sa33k78m63njfn1rw47dp9z0i-glibc-2.40-66/lib/libdl.so.2
7ffff3b81000-7ffff3b82000 r--p 00002000 08:20 33818253                   /nix/store/cg9s562sa33k78m63njfn1rw47dp9z0i-glibc-2.40-66/lib/libdl.so.2
7ffff3b82000-7ffff3b83000 r--p 00002000 08:20 33818253                   /nix/store/cg9s562sa33k78m63njfn1rw47dp9z0i-glibc-2.40-66/lib/libdl.so.2
7ffff3b83000-7ffff3b84000 rw-p 00003000 08:20 33818253                   /nix/store/cg9s562sa33k78m63njfn1rw47dp9z0i-glibc-2.40-66/lib/libdl.so.2
7ffff3b84000-7ffff3ba2000 r--p 00000000 08:20 33824095                   /nix/store/mpvxc1dbpnk74345lk69dw497iqcjvj0-libX11-1.8.12/lib/libX11.so.6.4.0
7ffff3ba2000-7ffff3c37000 r-xp 0001e000 08:20 33824095                   /nix/store/mpvxc1dbpnk74345lk69dw497iqcjvj0-libX11-1.8.12/lib/libX11.so.6.4.0
7ffff3c37000-7ffff3ccd000 r--p 000b3000 08:20 33824095                   /nix/store/mpvxc1dbpnk74345lk69dw497iqcjvj0-libX11-1.8.12/lib/libX11.so.6.4.0
7ffff3ccd000-7ffff3ccf000 r--p 00148000 08:20 33824095                   /nix/store/mpvxc1dbpnk74345lk69dw497iqcjvj0-libX11-1.8.12/lib/libX11.so.6.4.0
7ffff3ccf000-7ffff3cd4000 rw-p 0014a000 08:20 33824095                   /nix/store/mpvxc1dbpnk74345lk69dw497iqcjvj0-libX11-1.8.12/lib/libX11.so.6.4.0
7ffff3cd4000-7ffff3cdc000 r--p 00000000 08:20 33839489                   /nix/store/ldn53xpxivf489d7z673c95fkihs5l8r-fontconfig-2.16.0-lib/lib/libfontconfig.so.1.15.0
7ffff3cdc000-7ffff3d08000 r-xp 00008000 08:20 33839489                   /nix/store/ldn53xpxivf489d7z673c95fkihs5l8r-fontconfig-2.16.0-lib/lib/libfontconfig.so.1.15.0
7ffff3d08000-7ffff3d22000 r--p 00034000 08:20 33839489                   /nix/store/ldn53xpxivf489d7z673c95fkihs5l8r-fontconfig-2.16.0-lib/lib/libfontconfig.so.1.15.0
7ffff3d22000-7ffff3d24000 r--p 0004d000 08:20 33839489                   /nix/store/ldn53xpxivf489d7z673c95fkihs5l8r-fontconfig-2.16.0-lib/lib/libfontconfig.so.1.15.0
7ffff3d24000-7ffff3d25000 rw-p 0004f000 08:20 33839489                   /nix/store/ldn53xpxivf489d7z673c95fkihs5l8r-fontconfig-2.16.0-lib/lib/libfontconfig.so.1.15.0
7ffff3d25000-7ffff3d28000 r--p 00000000 08:20 33826817                   /nix/store/z88avybj8n2svi9wv1hl937k2k3mbc2d-libglvnd-1.7.0/lib/libEGL.so.1.1.0
7ffff3d28000-7ffff3d34000 r-xp 00003000 08:20 33826817                   /nix/store/z88avybj8n2svi9wv1hl937k2k3mbc2d-libglvnd-1.7.0/lib/libEGL.so.1.1.0
7ffff3d34000-7ffff3d39000 r--p 0000f000 08:20 33826817                   /nix/store/z88avybj8n2svi9wv1hl937k2k3mbc2d-libglvnd-1.7.0/lib/libEGL.so.1.1.0
7ffff3d39000-7ffff3d3a000 r--p 00013000 08:20 33826817                   /nix/store/z88avybj8n2svi9wv1hl937k2k3mbc2d-libglvnd-1.7.0/lib/libEGL.so.1.1.0
7ffff3d3a000-7ffff3d3b000 rw-p 00014000 08:20 33826817                   /nix/store/z88avybj8n2svi9wv1hl937k2k3mbc2d-libglvnd-1.7.0/lib/libEGL.so.1.1.0
7ffff3d3b000-7ffff3d44000 r--p 00000000 08:20 33831610                   /nix/store/nszik1q8ffmvsqk54kbc75dwyxwvi2nm-vulkan-loader-1.4.313.0/lib/libvulkan.so.1.4.313
7ffff3d44000-7ffff3d90000 r-xp 00009000 08:20 33831610                   /nix/store/nszik1q8ffmvsqk54kbc75dwyxwvi2nm-vulkan-loader-1.4.313.0/lib/libvulkan.so.1.4.313
7ffff3d90000-7ffff3dc0000 r--p 00055000 08:20 33831610                   /nix/store/nszik1q8ffmvsqk54kbc75dwyxwvi2nm-vulkan-loader-1.4.313.0/lib/libvulkan.so.1.4.313
7ffff3dc0000-7ffff3dc2000 r--p 00084000 08:20 33831610                   /nix/store/nszik1q8ffmvsqk54kbc75dwyxwvi2nm-vulkan-loader-1.4.313.0/lib/libvulkan.so.1.4.313
7ffff3dc2000-7ffff3dc3000 rw-p 00086000 08:20 33831610                   /nix/store/nszik1q8ffmvsqk54kbc75dwyxwvi2nm-vulkan-loader-1.4.313.0/lib/libvulkan.so.1.4.313
7ffff3dc3000-7ffff3dc5000 rw-p 00000000 00:00 0 
7ffff3dc5000-7ffff3df8000 r--p 00000000 08:20 33823931                   /nix/store/xv0pc5nc41v5vi0lac1i2d353s3rqlkm-libxml2-2.13.8/lib/libxml2.so.2.13.8
7ffff3df8000-7ffff3ed6000 r-xp 00033000 08:20 33823931                   /nix/store/xv0pc5nc41v5vi0lac1i2d353s3rqlkm-libxml2-2.13.8/lib/libxml2.so.2.13.8
7ffff3ed6000-7ffff3f1a000 r--p 00111000 08:20 33823931                   /nix/store/xv0pc5nc41v5vi0lac1i2d353s3rqlkm-libxml2-2.13.8/lib/libxml2.so.2.13.8
7ffff3f1a000-7ffff3f25000 r--p 00154000 08:20 33823931                   /nix/store/xv0pc5nc41v5vi0lac1i2d353s3rqlkm-libxml2-2.13.8/lib/libxml2.so.2.13.8
7ffff3f25000-7ffff3f26000 rw-p 0015f000 08:20 33823931                   /nix/store/xv0pc5nc41v5vi0lac1i2d353s3rqlkm-libxml2-2.13.8/lib/libxml2.so.2.13.8
7ffff3f26000-7ffff3f27000 rw-p 00000000 00:00 0 
7ffff3f27000-7ffff3f2e000 r--p 00000000 08:20 33888078                   /nix/store/8qs879yx84gng0yljdybwi4fbbgg3dyy-qtbase-6.9.0/lib/libQt6OpenGLWidgets.so.6.9.0
7ffff3f2e000-7ffff3f33000 r-xp 00007000 08:20 33888078                   /nix/store/8qs879yx84gng0yljdybwi4fbbgg3dyy-qtbase-6.9.0/lib/libQt6OpenGLWidgets.so.6.9.0
7ffff3f33000-7ffff3f35000 r--p 0000c000 08:20 33888078                   /nix/store/8qs879yx84gng0yljdybwi4fbbgg3dyy-qtbase-6.9.0/lib/libQt6OpenGLWidgets.so.6.9.0
7ffff3f35000-7ffff3f36000 r--p 0000e000 08:20 33888078                   /nix/store/8qs879yx84gng0yljdybwi4fbbgg3dyy-qtbase-6.9.0/lib/libQt6OpenGLWidgets.so.6.9.0
7ffff3f36000-7ffff3f37000 rw-p 0000f000 08:20 33888078                   /nix/store/8qs879yx84gng0yljdybwi4fbbgg3dyy-qtbase-6.9.0/lib/libQt6OpenGLWidgets.so.6.9.0
7ffff3f37000-7ffff3f39000 rw-p 00000000 00:00 0 
7ffff3f39000-7ffff3f62000 r--p 00000000 08:20 33887994                   /nix/store/8qs879yx84gng0yljdybwi4fbbgg3dyy-qtbase-6.9.0/lib/libQt6OpenGL.so.6.9.0
7ffff3f62000-7ffff3fbc000 r-xp 00029000 08:20 33887994                   /nix/store/8qs879yx84gng0yljdybwi4fbbgg3dyy-qtbase-6.9.0/lib/libQt6OpenGL.so.6.9.0
7ffff3fbc000-7ffff3fe3000 r--p 00083000 08:20 33887994                   /nix/store/8qs879yx84gng0yljdybwi4fbbgg3dyy-qtbase-6.9.0/lib/libQt6OpenGL.so.6.9.0
7ffff3fe3000-7ffff3fe6000 r--p 000a9000 08:20 33887994                   /nix/store/8qs879yx84gng0yljdybwi4fbbgg3dyy-qtbase-6.9.0/lib/libQt6OpenGL.so.6.9.0
7ffff3fe6000-7ffff3fe7000 rw-p 000ac000 08:20 33887994                   /nix/store/8qs879yx84gng0yljdybwi4fbbgg3dyy-qtbase-6.9.0/lib/libQt6OpenGL.so.6.9.0
7ffff3fe7000-7ffff3fe8000 rw-p 00000000 00:00 0 
7ffff3fe8000-7ffff400f000 r--p 00000000 08:20 33888093                   /nix/store/8qs879yx84gng0yljdybwi4fbbgg3dyy-qtbase-6.9.0/lib/libQt6PrintSupport.so.6.9.0
7ffff400f000-7ffff404b000 r-xp 00027000 08:20 33888093                   /nix/store/8qs879yx84gng0yljdybwi4fbbgg3dyy-qtbase-6.9.0/lib/libQt6PrintSupport.so.6.9.0
7ffff404b000-7ffff4063000 r--p 00063000 08:20 33888093                   /nix/store/8qs879yx84gng0yljdybwi4fbbgg3dyy-qtbase-6.9.0/lib/libQt6PrintSupport.so.6.9.0
7ffff4063000-7ffff4068000 r--p 0007b000 08:20 33888093                   /nix/store/8qs879yx84gng0yljdybwi4fbbgg3dyy-qtbase-6.9.0/lib/libQt6PrintSupport.so.6.9.0
7ffff4068000-7ffff406a000 rw-p 00080000 08:20 33888093                   /nix/store/8qs879yx84gng0yljdybwi4fbbgg3dyy-qtbase-6.9.0/lib/libQt6PrintSupport.so.6.9.0
7ffff406a000-7ffff41ef000 r--p 00000000 08:20 33888359                   /nix/store/8qs879yx84gng0yljdybwi4fbbgg3dyy-qtbase-6.9.0/lib/libQt6Widgets.so.6.9.0
7ffff41ef000-7ffff46bc000 r-xp 00185000 08:20 33888359                   /nix/store/8qs879yx84gng0yljdybwi4fbbgg3dyy-qtbase-6.9.0/lib/libQt6Widgets.so.6.9.0
7ffff46bc000-7ffff4833000 r--p 00652000 08:20 33888359                   /nix/store/8qs879yx84gng0yljdybwi4fbbgg3dyy-qtbase-6.9.0/lib/libQt6Widgets.so.6.9.0
7ffff4833000-7ffff486c000 r--p 007c8000 08:20 33888359                   /nix/store/8qs879yx84gng0yljdybwi4fbbgg3dyy-qtbase-6.9.0/lib/libQt6Widgets.so.6.9.0
7ffff486c000-7ffff4879000 rw-p 00801000 08:20 33888359                   /nix/store/8qs879yx84gng0yljdybwi4fbbgg3dyy-qtbase-6.9.0/lib/libQt6Widgets.so.6.9.0
7ffff4879000-7ffff487a000 rw-p 00000000 00:00 0 
7ffff487a000-7ffff494b000 r--p 00000000 08:20 33879695                   /nix/store/8qs879yx84gng0yljdybwi4fbbgg3dyy-qtbase-6.9.0/lib/libQt6Core.so.6.9.0
7ffff494b000-7ffff4d72000 r-xp 000d1000 08:20 33879695                   /nix/store/8qs879yx84gng0yljdybwi4fbbgg3dyy-qtbase-6.9.0/lib/libQt6Core.so.6.9.0
7ffff4d72000-7ffff4f25000 r--p 004f8000 08:20 33879695                   /nix/store/8qs879yx84gng0yljdybwi4fbbgg3dyy-qtbase-6.9.0/lib/libQt6Core.so.6.9.0
7ffff4f25000-7ffff4f35000 r--p 006aa000 08:20 33879695                   /nix/store/8qs879yx84gng0yljdybwi4fbbgg3dyy-qtbase-6.9.0/lib/libQt6Core.so.6.9.0
7ffff4f35000-7ffff4f3d000 rw-p 006ba000 08:20 33879695                   /nix/store/8qs879yx84gng0yljdybwi4fbbgg3dyy-qtbase-6.9.0/lib/libQt6Core.so.6.9.0
7ffff4f3d000-7ffff4f42000 rw-p 00000000 00:00 0 
7ffff4f42000-7ffff5078000 r--p 00000000 08:20 33882724                   /nix/store/8qs879yx84gng0yljdybwi4fbbgg3dyy-qtbase-6.9.0/lib/libQt6Gui.so.6.9.0
7ffff5078000-7ffff5797000 r-xp 00136000 08:20 33882724                   /nix/store/8qs879yx84gng0yljdybwi4fbbgg3dyy-qtbase-6.9.0/lib/libQt6Gui.so.6.9.0
7ffff5797000-7ffff5902000 r--p 00855000 08:20 33882724                   /nix/store/8qs879yx84gng0yljdybwi4fbbgg3dyy-qtbase-6.9.0/lib/libQt6Gui.so.6.9.0
7ffff5902000-7ffff591d000 r--p 009bf000 08:20 33882724                   /nix/store/8qs879yx84gng0yljdybwi4fbbgg3dyy-qtbase-6.9.0/lib/libQt6Gui.so.6.9.0
7ffff591d000-7ffff592a000 rw-p 009da000 08:20 33882724                   /nix/store/8qs879yx84gng0yljdybwi4fbbgg3dyy-qtbase-6.9.0/lib/libQt6Gui.so.6.9.0
7ffff592a000-7ffff593a000 rw-p 00000000 00:00 0 
7ffff593a000-7ffff5a3a000 rw-p 00bcb000 08:20 33882724                   /nix/store/8qs879yx84gng0yljdybwi4fbbgg3dyy-qtbase-6.9.0/lib/libQt6Gui.so.6.9.0
7ffff5a3a000-7ffff5a3c000 rw-p 00000000 00:00 0 
7ffff5a3c000-7ffff5ac0000 r--p 00000000 08:20 46099                      /home/yash/omnetpp/omnetpp-6.2.0/lib/liboppnedxml.so
7ffff5ac0000-7ffff5b46000 r-xp 00083000 08:20 46099                      /home/yash/omnetpp/omnetpp-6.2.0/lib/liboppnedxml.so
7ffff5b46000-7ffff5b4d000 r--p 00108000 08:20 46099                      /home/yash/omnetpp/omnetpp-6.2.0/lib/liboppnedxml.so
7ffff5b4d000-7ffff5b50000 rw-p 0010e000 08:20 46099                      /home/yash/omnetpp/omnetpp-6.2.0/lib/liboppnedxml.so
7ffff5b50000-7ffff5bc6000 r--p 00000000 08:20 46020                      /home/yash/omnetpp/omnetpp-6.2.0/lib/liboppcommon.so
7ffff5bc6000-7ffff5d39000 r-xp 00075000 08:20 46020                      /home/yash/omnetpp/omnetpp-6.2.0/lib/liboppcommon.so
7ffff5d39000-7ffff5d3f000 r--p 001e7000 08:20 46020                      /home/yash/omnetpp/omnetpp-6.2.0/lib/liboppcommon.so
7ffff5d3f000-7ffff5d44000 rw-p 001ec000 08:20 46020                      /home/yash/omnetpp/omnetpp-6.2.0/lib/liboppcommon.so
7ffff5d44000-7ffff5d4c000 rw-p 00000000 00:00 0 
7ffff5d4c000-7ffff5fcf000 r--p 00000000 08:20 102754                     /usr/lib/jvm/java-11-openjdk-amd64/lib/server/libjvm.so
7ffff5fcf000-7ffff6c7a000 r-xp 00283000 08:20 102754                     /usr/lib/jvm/java-11-openjdk-amd64/lib/server/libjvm.so
7ffff6c7a000-7ffff6ed6000 r--p 00f2e000 08:20 102754                     /usr/lib/jvm/java-11-openjdk-amd64/lib/server/libjvm.so
7ffff6ed6000-7ffff6f9a000 r--p 01189000 08:20 102754                     /usr/lib/jvm/java-11-openjdk-amd64/lib/server/libjvm.so
7ffff6f9a000-7ffff6fd5000 rw-p 0124d000 08:20 102754                     /usr/lib/jvm/java-11-openjdk-amd64/lib/server/libjvm.so
7ffff6fd5000-7ffff702c000 rw-p 00000000 00:00 0 
7ffff702c000-7ffff7054000 r--p 00000000 08:20 33818243                   /nix/store/cg9s562sa33k78m63njfn1rw47dp9z0i-glibc-2.40-66/lib/libc.so.6
7ffff7054000-7ffff71ca000 r-xp 00028000 08:20 33818243                   /nix/store/cg9s562sa33k78m63njfn1rw47dp9z0i-glibc-2.40-66/lib/libc.so.6
7ffff71ca000-7ffff7220000 r--p 0019e000 08:20 33818243                   /nix/store/cg9s562sa33k78m63njfn1rw47dp9z0i-glibc-2.40-66/lib/libc.so.6
7ffff7220000-7ffff7224000 r--p 001f3000 08:20 33818243                   /nix/store/cg9s562sa33k78m63njfn1rw47dp9z0i-glibc-2.40-66/lib/libc.so.6
7ffff7224000-7ffff7226000 rw-p 001f7000 08:20 33818243                   /nix/store/cg9s562sa33k78m63njfn1rw47dp9z0i-glibc-2.40-66/lib/libc.so.6
7ffff7226000-7ffff7235000 rw-p 00000000 00:00 0 
7ffff7235000-7ffff7239000 r--p 00000000 08:20 33810852                   /nix/store/6hqzbvz50bm87hcj4qfn51gh7arxj8a6-gcc-14.2.1.20250322-libgcc/lib/libgcc_s.so.1
7ffff7239000-7ffff725d000 r-xp 00004000 08:20 33810852                   /nix/store/6hqzbvz50bm87hcj4qfn51gh7arxj8a6-gcc-14.2.1.20250322-libgcc/lib/libgcc_s.so.1
7ffff725d000-7ffff7261000 r--p 00028000 08:20 33810852                   /nix/store/6hqzbvz50bm87hcj4qfn51gh7arxj8a6-gcc-14.2.1.20250322-libgcc/lib/libgcc_s.so.1
7ffff7261000-7ffff7262000 r--p 0002c000 08:20 33810852                   /nix/store/6hqzbvz50bm87hcj4qfn51gh7arxj8a6-gcc-14.2.1.20250322-libgcc/lib/libgcc_s.so.1
7ffff7262000-7ffff7263000 rw-p 0002d000 08:20 33810852                   /nix/store/6hqzbvz50bm87hcj4qfn51gh7arxj8a6-gcc-14.2.1.20250322-libgcc/lib/libgcc_s.so.1
7ffff7263000-7ffff7273000 r--p 00000000 08:20 33818255                   /nix/store/cg9s562sa33k78m63njfn1rw47dp9z0i-glibc-2.40-66/lib/libm.so.6
7ffff7273000-7ffff72f0000 r-xp 00010000 08:20 33818255                   /nix/store/cg9s562sa33k78m63njfn1rw47dp9z0i-glibc-2.40-66/lib/libm.so.6
7ffff72f0000-7ffff734a000 r--p 0008d000 08:20 33818255                   /nix/store/cg9s562sa33k78m63njfn1rw47dp9z0i-glibc-2.40-66/lib/libm.so.6
7ffff734a000-7ffff734b000 r--p 000e7000 08:20 33818255                   /nix/store/cg9s562sa33k78m63njfn1rw47dp9z0i-glibc-2.40-66/lib/libm.so.6
7ffff734b000-7ffff734c000 rw-p 000e8000 08:20 33818255                   /nix/store/cg9s562sa33k78m63njfn1rw47dp9z0i-glibc-2.40-66/lib/libm.so.6
7ffff734c000-7ffff73f1000 r--p 00000000 08:20 33819677                   /nix/store/7c0v0kbrrdc2cqgisi78jdqxn73n3401-gcc-14.2.1.20250322-lib/lib/libstdc++.so.6.0.33
7ffff73f1000-7ffff751e000 r-xp 000a5000 08:20 33819677                   /nix/store/7c0v0kbrrdc2cqgisi78jdqxn73n3401-gcc-14.2.1.20250322-lib/lib/libstdc++.so.6.0.33
7ffff751e000-7ffff75ac000 r--p 001d2000 08:20 33819677                   /nix/store/7c0v0kbrrdc2cqgisi78jdqxn73n3401-gcc-14.2.1.20250322-lib/lib/libstdc++.so.6.0.33
7ffff75ac000-7ffff75b9000 r--p 00260000 08:20 33819677                   /nix/store/7c0v0kbrrdc2cqgisi78jdqxn73n3401-gcc-14.2.1.20250322-lib/lib/libstdc++.so.6.0.33
7ffff75b9000-7ffff75ba000 rw-p 0026d000 08:20 33819677                   /nix/store/7c0v0kbrrdc2cqgisi78jdqxn73n3401-gcc-14.2.1.20250322-lib/lib/libstdc++.so.6.0.33
7ffff75ba000-7ffff75be000 rw-p 00000000 00:00 0 
7ffff75be000-7ffff7806000 r--p 00000000 08:20 46362                      /home/yash/omnetpp/omnetpp-6.2.0/lib/liboppsim.so
7ffff7806000-7ffff7994000 r-xp 00247000 08:20 46362                      /home/yash/omnetpp/omnetpp-6.2.0/lib/liboppsim.so
7ffff7994000-7ffff79c6000 r--p 003d4000 08:20 46362                      /home/yash/omnetpp/omnetpp-6.2.0/lib/liboppsim.so
7ffff79c6000-7ffff79ce000 rw-p 00405000 08:20 46362                      /home/yash/omnetpp/omnetpp-6.2.0/lib/liboppsim.so
7ffff79ce000-7ffff79d4000 rw-p 00000000 00:00 0 
7ffff79d4000-7ffff79e3000 r--p 00000000 08:20 38682                      /home/yash/omnetpp/omnetpp-6.2.0/lib/libopplayout.so
7ffff79e3000-7ffff79f7000 r-xp 0000e000 08:20 38682                      /home/yash/omnetpp/omnetpp-6.2.0/lib/libopplayout.so
7ffff79f7000-7ffff79f9000 r--p 00021000 08:20 38682                      /home/yash/omnetpp/omnetpp-6.2.0/lib/libopplayout.so
7ffff79f9000-7ffff79fa000 rw-p 00022000 08:20 38682                      /home/yash/omnetpp/omnetpp-6.2.0/lib/libopplayout.so
7ffff79fa000-7ffff79fc000 rw-p 00000000 00:00 0 
7ffff79fc000-7ffff7bd9000 r--p 00000000 08:20 117174                     /home/yash/omnetpp/omnetpp-6.2.0/lib/liboppqtenv.so
7ffff7bd9000-7ffff7d12000 r-xp 001dc000 08:20 117174                     /home/yash/omnetpp/omnetpp-6.2.0/lib/liboppqtenv.so
7ffff7d12000-7ffff7d22000 r--p 00314000 08:20 117174                     /home/yash/omnetpp/omnetpp-6.2.0/lib/liboppqtenv.so
7ffff7d22000-7ffff7d2c000 rw-p 00323000 08:20 117174                     /home/yash/omnetpp/omnetpp-6.2.0/lib/liboppqtenv.so
7ffff7d2c000-7ffff7d2d000 rw-p 00000000 00:00 0 
7ffff7d2d000-7ffff7d83000 r--p 00000000 08:20 116829                     /home/yash/omnetpp/omnetpp-6.2.0/lib/liboppenvir.so
7ffff7d83000-7ffff7de6000 r-xp 00055000 08:20 116829                     /home/yash/omnetpp/omnetpp-6.2.0/lib/liboppenvir.so
7ffff7de6000-7ffff7de9000 r--p 000b7000 08:20 116829                     /home/yash/omnetpp/omnetpp-6.2.0/lib/liboppenvir.so
7ffff7de9000-7ffff7dec000 rw-p 000b9000 08:20 116829                     /home/yash/omnetpp/omnetpp-6.2.0/lib/liboppenvir.so
7ffff7dec000-7ffff7ded000 rw-p 00000000 00:00 0 
7ffff7ded000-7ffff7dff000 r--p 00000000 08:20 116695                     /home/yash/omnetpp/omnetpp-6.2.0/lib/liboppcmdenv.so
7ffff7dff000-7ffff7e08000 r-xp 00011000 08:20 116695                     /home/yash/omnetpp/omnetpp-6.2.0/lib/liboppcmdenv.so
7ffff7e08000-7ffff7e0a000 r--p 00019000 08:20 116695                     /home/yash/omnetpp/omnetpp-6.2.0/lib/liboppcmdenv.so
7ffff7e0a000-7ffff7e0b000 rw-p 0001a000 08:20 116695                     /home/yash/omnetpp/omnetpp-6.2.0/lib/liboppcmdenv.so
7ffff7e0b000-7ffff7e0c000 rw-p 00000000 00:00 0 
7ffff7e0c000-7ffff7ed8000 r--p 00000000 08:20 170469                     /home/yash/veins-veins-5.3.1/src/libveins.so
7ffff7ed8000-7ffff7ed9000 ---p 000cc000 08:20 170469                     /home/yash/veins-veins-5.3.1/src/libveins.so
7ffff7ed9000-7ffff7fa0000 r-xp 000cc000 08:20 170469                     /home/yash/veins-veins-5.3.1/src/libveins.so
7ffff7fa0000-7ffff7fb8000 r--p 00192000 08:20 170469                     /home/yash/veins-veins-5.3.1/src/libveins.so
7ffff7fb8000-7ffff7fbc000 rw-p 001a9000 08:20 170469                     /home/yash/veins-veins-5.3.1/src/libveins.so
7ffff7fbc000-7ffff7fbf000 rw-p 00000000 00:00 0 
7ffff7fbf000-7ffff7fc3000 r--p 00000000 00:00 0                          [vvar]
7ffff7fc3000-7ffff7fc5000 r-xp 00000000 00:00 0                          [vdso]
7ffff7fc5000-7ffff7fc6000 r--p 00000000 08:20 33818228                   /nix/store/cg9s562sa33k78m63njfn1rw47dp9z0i-glibc-2.40-66/lib/ld-linux-x86-64.so.2
7ffff7fc6000-7ffff7ff0000 r-xp 00001000 08:20 33818228                   /nix/store/cg9s562sa33k78m63njfn1rw47dp9z0i-glibc-2.40-66/lib/ld-linux-x86-64.so.2
7ffff7ff0000-7ffff7ffb000 r--p 0002b000 08:20 33818228                   /nix/store/cg9s562sa33k78m63njfn1rw47dp9z0i-glibc-2.40-66/lib/ld-linux-x86-64.so.2
7ffff7ffb000-7ffff7ffd000 r--p 00036000 08:20 33818228                   /nix/store/cg9s562sa33k78m63njfn1rw47dp9z0i-glibc-2.40-66/lib/ld-linux-x86-64.so.2
7ffff7ffd000-7ffff7fff000 rw-p 00038000 08:20 33818228                   /nix/store/cg9s562sa33k78m63njfn1rw47dp9z0i-glibc-2.40-66/lib/ld-linux-x86-64.so.2
7fffffeff000-7ffffff03000 ---p 00000000 00:00 0 
7ffffff03000-7ffffffff000 rw-p 00000000 00:00 0                          [stack]


VM Arguments:
jvm_args: -Djava.library.path=/home/yash/omnetpp/omnetpp-6.2.0/bftsmart/library/native/lib -Dbftsmart.communication.useV2V=true -Dbftsmart.jni.embedded=true -Dintersection.width=15.000000 -Dintersection.avgSpeed=14.000000 -Dintersection.safetyGap=1.500000 -Xms256m -Xmx1024m -Djava.security.egd=file:/dev/./urandom 
java_command: <unknown>
java_class_path (initial): /home/yash/omnetpp/omnetpp-6.2.0/bftsmart/library/build/classes/java/main:/home/yash/omnetpp/omnetpp-6.2.0/bftsmart/library/build/resources/main:/home/yash/omnetpp/omnetpp-6.2.0/bftsmart/library/build/install/library/lib/BFT-SMaRt.jar:/home/yash/omnetpp/omnetpp-6.2.0/bftsmart/library/build/install/library/lib/BenchmarkExecutor.jar:/home/yash/omnetpp/omnetpp-6.2.0/bftsmart/library/build/install/library/lib/bcpkix-jdk15on-1.69.jar:/home/yash/omnetpp/omnetpp-6.2.0/bftsmart/library/build/install/library/lib/bcprov-jdk15on-1.69.jar:/home/yash/omnetpp/omnetpp-6.2.0/bftsmart/library/build/install/library/lib/bcutil-jdk15on-1.69.jar:/home/yash/omnetpp/omnetpp-6.2.0/bftsmart/library/build/install/library/lib/commons-codec-1.15.jar:/home/yash/omnetpp/omnetpp-6.2.0/bftsmart/library/build/install/library/lib/core-0.1.4.jar:/home/yash/omnetpp/omnetpp-6.2.0/bftsmart/library/build/install/library/lib/logback-classic-1.2.5.jar:/home/yash/omnetpp/omnetpp-6.2.0/bftsmart/library/build/install/library/lib/logback-core-1.2.5.jar:/home/yash/omnetpp/omnetpp-6.2.0/bftsmart/library/build/install/library/lib/netty-all-4.1.67.Final.jar:/home/yash/omnetpp/omnetpp-6.2.0/bftsmart/library/build/install/library/lib/slf4j-api-1.7.32.jar:/home/yash/omnetpp/omnetpp-6.2.0/bftsmart/library/build/install/library/lib/lz4-1.3.0.jar
Launcher Type: generic

[Global flags]
     intx CICompilerCount                          = 12                                        {product} {ergonomic}
     uint ConcGCThreads                            = 5                                         {product} {ergonomic}
     uint G1ConcRefinementThreads                  = 18                                        {product} {ergonomic}
   size_t G1HeapRegionSize                         = 1048576                                   {product} {ergonomic}
    uintx GCDrainStackTargetSize                   = 64                                        {product} {ergonomic}
   size_t InitialHeapSize                          = 268435456                                 {product} {command line}
   size_t MarkStackSize                            = 4194304                                   {product} {ergonomic}
   size_t MaxHeapSize                              = 1073741824                                {product} {command line}
   size_t MaxNewSize                               = 643825664                                 {product} {ergonomic}
   size_t MinHeapDeltaBytes                        = 1048576                                   {product} {ergonomic}
    uintx NonNMethodCodeHeapSize                   = 7594288                                {pd product} {ergonomic}
    uintx NonProfiledCodeHeapSize                  = 122031976                              {pd product} {ergonomic}
    uintx ProfiledCodeHeapSize                     = 122031976                              {pd product} {ergonomic}
    uintx ReservedCodeCacheSize                    = 251658240                              {pd product} {ergonomic}
     bool SegmentedCodeCache                       = true                                      {product} {ergonomic}
     bool UseCompressedClassPointers               = true                                 {lp64_product} {ergonomic}
     bool UseCompressedOops                        = true                                 {lp64_product} {ergonomic}
     bool UseG1GC                                  = true                                      {product} {ergonomic}

Logging:
Log output configuration:
 #0: stdout all=warning uptime,level,tags
 #1: stderr all=off uptime,level,tags

Environment Variables:
JAVA_HOME=/usr/lib/jvm/java-11-openjdk-amd64
PATH=/home/yash/omnetpp/omnetpp-6.2.0/bin:/home/yash/omnetpp/omnetpp-6.2.0/.venv/bin:/nix/store/cvm20cv2y6p8rik02wvyzx2w76j5wilc-lndir-1.0.5/bin:/nix/store/czj4c9kniwgnniv5w7rjqr3mkvkcymfz-wayland-scanner-1.23.1-bin/bin:/nix/store/8w718rm43x7z73xhw9d6vh8s4snrq67h-python3-3.12.10/bin:/nix/store/sdqvwr8gc74ms9cgf56yvy409xvl8hsf-gettext-0.22.5/bin:/nix/store/2jc1jmzis19adawjwhl8qhdvh7vlbk0q-patchelf-0.15.0/bin:/nix/store/fmysfy9gl5d59yir4fksi29wz10maljg-clang-wrapper-19.1.7/bin:/nix/store/zmk3gqm6sxgar8b84sz66wbs7kx4v2gi-clang-19.1.7/bin:/nix/store/303islqk386z1w2g1ngvxnkl4glfpgrs-glibc-2.40-66-bin/bin:/nix/store/87fck6hm17chxjq7badb11mq036zbyv9-coreutils-9.7/bin:/nix/store/dyqmjp3wzcxrwlqhzlzvlw12jir1snlh-binutils-wrapper-2.44/bin:/nix/store/v63bxfiacw082c7ijshf60alvvrpfxsq-binutils-2.44/bin:/nix/store/35i2ci5079j5bbr140ygzk3vp486lm4x-compiler-rt-libc-19.1.7/bin:/nix/store/75f5zxbsnbciq33ahnawq8kpspvy4k3x-graphviz-12.2.1/bin:/nix/store/n7npxi94kap19q75ghcvj4b4pmidlmgs-doxygen-1.13.2/bin:/nix/store/mk3fc0zfifxbw3pcijhxijrbg13gq1yj-gtk+3-3.24.49-dev/bin:/nix/store/bmr6h8wmrji5mvy3rk8lkfapj8n25i1j-expat-2.7.1-dev/bin:/nix/store/yi0knhi2qccafj49a8yd76rizllzx7bd-dbus-1.14.10-lib/bin:/nix/store/rys6134aqazihxi4g5ayc0ky829v7mf0-dbus-1.14.10/bin:/nix/store/h181byhbm1sw49r449krkyj3a0n0ins2-glib-2.84.1-dev/bin:/nix/store/3agp1rxrvm1xf4x6ylwp3lzxsdbi2baf-glib-2.84.1-bin/bin:/nix/store/r8grdp3sh9zgl6g4b0c0kkd934q06mc6-cairo-1.18.2-dev/bin:/nix/store/4cfzs10xfawx5c2xrgywgm4zlgkjzfbn-freetype-2.13.3-dev/bin:/nix/store/1abbyfv3bpxalfjfgpmwg8jcy931bf76-bzip2-1.0.8-bin/bin:/nix/store/lh9n7inj7r4vvd9xjpa69fim46fi3wg7-brotli-1.1.0/bin:/nix/store/hf1pr8lp8m29zb03fwp7kwp8j1xg3wln-libpng-apng-1.6.46-dev/bin:/nix/store/64zabz1hxymxbcvp78hp9kacrygnf9l9-fontconfig-2.16.0-bin/bin:/nix/store/719j8zd8g3pa5605b7a6w5csln323b1x-fribidi-1.0.16/bin:/nix/store/l5szgijqaykv8yry7agr1ylpza3mp5z0-gdk-pixbuf-2.42.12-dev/bin:/nix/store/amy9kqbm05wv18z5z66a3kprc2ccp390-libdeflate-1.23/bin:/nix/store/1srbqcl86f6
LD_LIBRARY_PATH=/nix/store/7c0v0kbrrdc2cqgisi78jdqxn73n3401-gcc-14.2.1.20250322-lib/lib:/nix/store/cg9s562sa33k78m63njfn1rw47dp9z0i-glibc-2.40-66/lib:/nix/store/cg9s562sa33k78m63njfn1rw47dp9z0i-glibc-2.40-66/lib64:/nix/store/xv0pc5nc41v5vi0lac1i2d353s3rqlkm-libxml2-2.13.8/lib::/usr/lib/jvm/java-11-openjdk-amd64/lib/server:/usr/lib/jvm/java-11-openjdk-amd64/lib/server:/usr/lib/jvm/java-11-openjdk-amd64/lib/server:
SHELL=/nix/store/xy4jjgw87sbgwylm5kn047d9gkbhsr9x-bash-5.2p37/bin/bash
DISPLAY=:0
LANG=C.UTF-8
LC_ALL=C
TERM=xterm-256color
TMPDIR=/tmp/nix-shell.1pNJCC
TMP=/tmp/nix-shell.1pNJCC
TEMP=/tmp/nix-shell.1pNJCC

Signal Handlers:
SIGSEGV: [libjvm.so+0xebb590], sa_mask[0]=11111111011111111101111111111110, sa_flags=SA_RESTART|SA_SIGINFO
SIGBUS: [libjvm.so+0xebb590], sa_mask[0]=11111111011111111101111111111110, sa_flags=SA_RESTART|SA_SIGINFO
SIGFPE: [libjvm.so+0xebb590], sa_mask[0]=11111111011111111101111111111110, sa_flags=SA_RESTART|SA_SIGINFO
SIGPIPE: [libjvm.so+0xbfe530], sa_mask[0]=11111111011111111101111111111110, sa_flags=SA_RESTART|SA_SIGINFO
SIGXFSZ: [libjvm.so+0xbfe530], sa_mask[0]=11111111011111111101111111111110, sa_flags=SA_RESTART|SA_SIGINFO
SIGILL: [libjvm.so+0xebb590], sa_mask[0]=11111111011111111101111111111110, sa_flags=SA_RESTART|SA_SIGINFO
SIGUSR2: [libjvm.so+0xbfe3d0], sa_mask[0]=00000000000000000000000000000000, sa_flags=SA_RESTART|SA_SIGINFO
SIGHUP: [libjvm.so+0xbfebc0], sa_mask[0]=11111111011111111101111111111110, sa_flags=SA_RESTART|SA_SIGINFO
SIGINT: [libjvm.so+0xbfebc0], sa_mask[0]=11111111011111111101111111111110, sa_flags=SA_RESTART|SA_SIGINFO
SIGTERM: [libjvm.so+0xbfebc0], sa_mask[0]=11111111011111111101111111111110, sa_flags=SA_RESTART|SA_SIGINFO
SIGQUIT: [libjvm.so+0xbfebc0], sa_mask[0]=11111111011111111101111111111110, sa_flags=SA_RESTART|SA_SIGINFO


---------------  S Y S T E M  ---------------

OS:DISTRIB_ID=Ubuntu
DISTRIB_RELEASE=22.04
DISTRIB_CODENAME=jammy
DISTRIB_DESCRIPTION="Ubuntu 22.04.5 LTS"
uname:Linux 5.15.167.4-microsoft-standard-WSL2 #1 SMP Tue Nov 5 00:21:55 UTC 2024 x86_64
OS uptime: 0 days 0:55 hours
libc:glibc 2.40 NPTL 2.40 
rlimit (soft/hard): STACK 8192k/infinity , CORE 0k/infinity , NPROC 95947/95947 , NOFILE 1048576/1048576 , AS infinity/infinity , CPU infinity/infinity , DATA infinity/infinity , FSIZE infinity/infinity , MEMLOCK 3071168k/3071168k
load average:1.09 0.57 0.37

/proc/meminfo:
MemTotal:       24569348 kB
MemFree:        19275380 kB
MemAvailable:   20161020 kB
Buffers:           39848 kB
Cached:          1122584 kB
SwapCached:            0 kB
Active:           673740 kB
Inactive:        3976976 kB
Active(anon):       4868 kB
Inactive(anon):  3548092 kB
Active(file):     668872 kB
Inactive(file):   428884 kB
Unevictable:           0 kB
Mlocked:               0 kB
SwapTotal:       6291456 kB
SwapFree:        6291456 kB
Dirty:               524 kB
Writeback:            72 kB
AnonPages:       3465212 kB
Mapped:           559796 kB
Shmem:             64620 kB
KReclaimable:     183016 kB
Slab:             288156 kB
SReclaimable:     183016 kB
SUnreclaim:       105140 kB
KernelStack:       17152 kB
PageTables:        27608 kB
NFS_Unstable:          0 kB
Bounce:                0 kB
WritebackTmp:          0 kB
CommitLimit:    18576128 kB
Committed_AS:    8769684 kB
VmallocTotal:   34359738367 kB
VmallocUsed:       40616 kB
VmallocChunk:          0 kB
Percpu:            13248 kB
AnonHugePages:   2127872 kB
ShmemHugePages:        0 kB
ShmemPmdMapped:        0 kB
FileHugePages:         0 kB
FilePmdMapped:         0 kB
HugePages_Total:       0
HugePages_Free:        0
HugePages_Rsvd:        0
HugePages_Surp:        0
Hugepagesize:       2048 kB
Hugetlb:               0 kB
DirectMap4k:      173056 kB
DirectMap2M:    15513600 kB
DirectMap1G:    18874368 kB

/sys/kernel/mm/transparent_hugepage/enabled:
[always] madvise never
/sys/kernel/mm/transparent_hugepage/defrag (defrag/compaction efforts parameter):
always defer defer+madvise [madvise] never

Process Memory:
Virtual Size: 15958768K (peak: 16075652K)
Resident Set Size: 505060K (peak: 507140K) (anon: 424912K, file: 72676K, shmem: 7472K)
Swapped out: 0K
C-Heap outstanding allocations: 323851K, retained: 76296K
glibc malloc tunables: (default)

/proc/sys/kernel/threads-max (system-wide limit on the number of threads):
191894
/proc/sys/vm/max_map_count (maximum number of memory map areas a process may have):
65530
/proc/sys/kernel/pid_max (system-wide limit on number of process identifiers):
4194304

container (cgroup) information:
container_type: cgroupv1
cpu_cpuset_cpus: 0-23
cpu_memory_nodes: 0
active_processor_count: 24
cpu_quota: no quota
cpu_period: 100000
cpu_shares: no shares
memory_limit_in_bytes: unlimited
memory_and_swap_limit_in_bytes: unlimited
memory_soft_limit_in_bytes: unlimited
memory_usage_in_bytes: 3612588 k
memory_max_usage_in_bytes: 4188936 k
rss_usage_in_bytes: not supported
cache_usage_in_bytes: not supported
kernel_memory_limit_in_bytes: unlimited
kernel_memory_usage_in_bytes: 151872 k
kernel_memory_max_usage_in_bytes: 159776 k
maximum number of tasks: unlimited
current number of tasks: 554

Hyper-V virtualization detected
Steal ticks since vm start: 0
Steal ticks percentage since vm start:  0.000

CPU:total 24 (initial active 24) (32 cores per cpu, 2 threads per core) family 23 model 113 stepping 0 microcode 0xffffffff, cmov, cx8, fxsr, mmx, sse, sse2, sse3, ssse3, sse4.1, sse4.2, popcnt, avx, avx2, aes, clmul, mmxext, 3dnowpref, lzcnt, sse4a, ht, tsc, tscinvbit, tscinv, bmi1, bmi2, adx, sha, fma
CPU Model and flags from /proc/cpuinfo:
model name	: AMD Ryzen 9 3900X 12-Core Processor
flags		: fpu vme de pse tsc msr pae mce cx8 apic sep mtrr pge mca cmov pat pse36 clflush mmx fxsr sse sse2 ht syscall nx mmxext fxsr_opt pdpe1gb rdtscp lm constant_tsc rep_good nopl tsc_reliable nonstop_tsc cpuid extd_apicid pni pclmulqdq ssse3 fma cx16 sse4_1 sse4_2 movbe popcnt aes xsave avx f16c rdrand hypervisor lahf_lm cmp_legacy svm cr8_legacy abm sse4a misalignsse 3dnowprefetch osvw topoext perfctr_core ssbd ibpb stibp vmmcall fsgsbase bmi1 avx2 smep bmi2 rdseed adx smap clflushopt clwb sha_ni xsaveopt xsavec xgetbv1 clzero xsaveerptr arat npt nrip_save tsc_scale vmcb_clean flushbyasid decodeassists pausefilter pfthreshold v_vmsave_vmload umip rdpid
Online cpus:
0-23
Offline cpus:

BIOS frequency limitation:
<Not Available>
Frequency switch latency (ns):
<Not Available>
Available cpu frequencies:
<Not Available>
Current governor:
<Not Available>
Core performance/turbo boost:
<Not Available>

Memory: 4k page, physical 24569348k(19275380k free), swap 6291456k(6291456k free)

vm_info: OpenJDK 64-Bit Server VM (11.0.30+7-post-Ubuntu-1ubuntu122.04) for linux-amd64 JRE (11.0.30+7-post-Ubuntu-1ubuntu122.04), built on Jan 23 2026 02:24:53 by "unknown" with gcc 11.4.0

END.
