==========================================
Running OMNeT++ Simulation with Nix Libraries
==========================================
LD_LIBRARY_PATH configured with Nix paths
Full log: /tmp/bft-all-replicas.log

Changed to simulation directory: /home/yash/omnetpp/fourway

Starting simulation...
OMNeT++ Discrete Event Simulation  (C) 1992-2025 Andras Varga, OpenSim Ltd.
Version: 6.2.0, build: 250714-83e173e93a, edition: Academic Public License -- NOT FOR COMMERCIAL USE
See the license for distribution terms and warranty disclaimer

Setting up Cmdenv...

Loading NED files from /home/yash/veins-veins-5.3.1/src/veins:  46
Loading NED files from .:  2

Preparing for running configuration EightVehiclesBFTOverV2V, run #0...
Assigned runID=EightVehiclesBFTOverV2V-0-20260122-23:43:46-469973
Setting up network "fourWay"...
Initializing...

Running simulation...
** Event #0   t=0   Elapsed: 9e-06s (0m 00s)  0% completed  (0% total)
     Speed:     ev/sec=0   simsec/sec=0   ev/simsec=0
     Messages:  created: 2   present: 2   in FES: 3
[V2VProxy 0] Intersection at (300, 300), stop distance=50m
[DEBUG V2VProxy 0] Replica registered in proxy map
[DEBUG V2VProxy 0] Periodic queue timer started
[V2VProxy] JVM created successfully
[V2VProxy] Registering JNI native methods...
V2VNativeBridge: Running in EMBEDDED mode - library already loaded by OMNeT++
[V2VProxy] Successfully registered 4 JNI native methods
[V2VProxy] Successfully registered 1 IntersectionServer JNI native method
[V2VProxy] JNI native methods registered successfully
[V2VProxy] Warming up JVM (crypto + JNI) before starting replicas...
[JNI] nativeWarmupPing called
[V2VProxy] JVM warmed up successfully
[DEBUG V2VProxy 0] JVM ready
[V2VProxyModule] Starting BFTSmart replica 0 in background Java thread
[ServerRunner 0] Created, ready to start in thread
[V2VProxyModule] Starting Java thread for replica 0
[V2VProxyModule] BFTSmart replica 0 thread started (non-blocking)
[DEBUG V2VProxy 0] Position checking will start at t=0.5s
[ServerRunner 0] Thread started, waiting for all peers...
[ServerRunner 0] Signaled ready (1/8 ready)
[V2VProxy 1] Intersection at (300, 300), stop distance=50m
[DEBUG V2VProxy 1] Replica registered in proxy map
[DEBUG V2VProxy 1] Periodic queue timer started
[DEBUG V2VProxy 1] JVM ready
[V2VProxyModule] Starting BFTSmart replica 1 in background Java thread
[ServerRunner 1] Created, ready to start in thread
[V2VProxyModule] Starting Java thread for replica 1
[V2VProxyModule] BFTSmart replica 1 thread started (non-blocking)
[DEBUG V2VProxy 1] Position checking will start at t=0.5s
[ServerRunner 1] Thread started, waiting for all peers...
[ServerRunner 1] Signaled ready (2/8 ready)
[V2VProxy 2] Intersection at (300, 300), stop distance=50m
[DEBUG V2VProxy 2] Replica registered in proxy map
[DEBUG V2VProxy 2] Periodic queue timer started
[DEBUG V2VProxy 2] JVM ready
[V2VProxyModule] Starting BFTSmart replica 2 in background Java thread
[ServerRunner 2] Created, ready to start in thread
[V2VProxyModule] Starting Java thread for replica 2
[V2VProxyModule] BFTSmart replica 2 thread started (non-blocking)
[DEBUG V2VProxy 2] Position checking will start at t=0.5s
[ServerRunner 2] Thread started, waiting for all peers...
[ServerRunner 2] Signaled ready (3/8 ready)
[V2VProxy 3] Intersection at (300, 300), stop distance=50m
[DEBUG V2VProxy 3] Replica registered in proxy map
[DEBUG V2VProxy 3] Periodic queue timer started
[DEBUG V2VProxy 3] JVM ready
[V2VProxyModule] Starting BFTSmart replica 3 in background Java thread
[ServerRunner 3] Created, ready to start in thread
[V2VProxyModule] Starting Java thread for replica 3
[V2VProxyModule] BFTSmart replica 3 thread started (non-blocking)
[DEBUG V2VProxy 3] Position checking will start at t=0.5s
[ServerRunner 3] Thread started, waiting for all peers...
[ServerRunner 3] Signaled ready (4/8 ready)
[V2VProxy 4] Intersection at (300, 300), stop distance=50m
[DEBUG V2VProxy 4] Replica registered in proxy map
[DEBUG V2VProxy 4] Periodic queue timer started
[DEBUG V2VProxy 4] JVM ready
[V2VProxyModule] Starting BFTSmart replica 4 in background Java thread
[ServerRunner 4] Created, ready to start in thread
[V2VProxyModule] Starting Java thread for replica 4
[V2VProxyModule] BFTSmart replica 4 thread started (non-blocking)
[DEBUG V2VProxy 4] Position checking will start at t=0.5s
[ServerRunner 4] Thread started, waiting for all peers...
[ServerRunner 4] Signaled ready (5/8 ready)
[V2VProxy 5] Intersection at (300, 300), stop distance=50m
[DEBUG V2VProxy 5] Replica registered in proxy map
[DEBUG V2VProxy 5] Periodic queue timer started
[DEBUG V2VProxy 5] JVM ready
[V2VProxyModule] Starting BFTSmart replica 5 in background Java thread
[ServerRunner 5] Created, ready to start in thread
[V2VProxyModule] Starting Java thread for replica 5
[V2VProxyModule] BFTSmart replica 5 thread started (non-blocking)
[DEBUG V2VProxy 5] Position checking will start at t=0.5s
[ServerRunner 5] Thread started, waiting for all peers...
[ServerRunner 5] Signaled ready (6/8 ready)
[V2VProxy 6] Intersection at (300, 300), stop distance=50m
[DEBUG V2VProxy 6] Replica registered in proxy map
[DEBUG V2VProxy 6] Periodic queue timer started
[DEBUG V2VProxy 6] JVM ready
[V2VProxyModule] Starting BFTSmart replica 6 in background Java thread
[ServerRunner 6] Created, ready to start in thread
[V2VProxyModule] Starting Java thread for replica 6
[V2VProxyModule] BFTSmart replica 6 thread started (non-blocking)
[DEBUG V2VProxy 6] Position checking will start at t=0.5s
[ServerRunner 6] Thread started, waiting for all peers...
[ServerRunner 6] Signaled ready (7/8 ready)
[V2VProxy 7] Intersection at (300, 300), stop distance=50m
[DEBUG V2VProxy 7] Replica registered in proxy map
[DEBUG V2VProxy 7] Periodic queue timer started
[DEBUG V2VProxy 7] JVM ready
[V2VProxyModule] Starting BFTSmart replica 7 in background Java thread
[ServerRunner 7] Created, ready to start in thread
[V2VProxyModule] Starting Java thread for replica 7
[V2VProxyModule] BFTSmart replica 7 thread started (non-blocking)
[DEBUG V2VProxy 7] Position checking will start at t=0.5s
[ServerRunner 7] Thread started, waiting for all peers...
[ServerRunner 7] Signaled ready (8/8 ready)
[ServerRunner 1] Staggering startup by 220ms to reduce collisions...
[ServerRunner 4] Staggering startup by 316ms to reduce collisions...
[ServerRunner 6] Staggering startup by 375ms to reduce collisions...
[ServerRunner 2] Staggering startup by 1572ms to reduce collisions...
[ServerRunner 3] Staggering startup by 1599ms to reduce collisions...[V2VProxy 0] *** STOPPING at intersection! ***
[V2VProxy 0] Distance=25.6739m, t=0.6
[V2VProxy 0] Vehicle STOPPED at intersection (distance=25.6739m)

[V2VProxy 0] triggerJoinViaJNI() called at t=0.6
[V2VProxy 0] Barrier: 8/8 runners ready
[V2VProxy 0] FAILED: Server Status = 'WaitingForPeers' (expected 'READY') at t=0.6
[ServerRunner 5] Staggering startup by 447ms to reduce collisions...[V2VProxy 0] Failed to trigger JOIN, will retry...
[V2VProxy 1] *** STOPPING at intersection! ***
[V2VProxy 1] Distance=23.4088m, t=0.6

[ServerRunner 7] Staggering startup by 440ms to reduce collisions...
[ServerRunner 0] Staggering startup by 1185ms to reduce collisions...
[V2VProxy 1] Vehicle STOPPED at intersection (distance=23.4088m)
[V2VProxy 1] triggerJoinViaJNI() called at t=0.6
[V2VProxy 1] FAILED: Server Status = 'WaitingForPeers' (expected 'READY') at t=0.6
[V2VProxy 1] Failed to trigger JOIN, will retry...
[V2VProxy 2] *** STOPPING at intersection! ***
[V2VProxy 2] Distance=47.5739m, t=0.6
[V2VProxy 2] Vehicle STOPPED at intersection (distance=47.5739m)
[V2VProxy 2] triggerJoinViaJNI() called at t=0.6
[V2VProxy 2] FAILED: Server Status = 'WaitingForPeers' (expected 'READY') at t=0.6
[V2VProxy 2] Failed to trigger JOIN, will retry...
[V2VProxy 3] Approaching! Distance=57.1602m at t=0.6
[V2VProxy 4] *** STOPPING at intersection! ***
[V2VProxy 4] Distance=47.4635m, t=0.6
[V2VProxy 4] Vehicle STOPPED at intersection (distance=47.4635m)
[V2VProxy 4] triggerJoinViaJNI() called at t=0.6
[V2VProxy 4] FAILED: Server Status = 'WaitingForPeers' (expected 'READY') at t=0.6
[V2VProxy 4] Failed to trigger JOIN, will retry...
[V2VProxy 6] *** STOPPING at intersection! ***
[V2VProxy 6] Distance=27.9953m, t=0.6
[V2VProxy 6] Vehicle STOPPED at intersection (distance=27.9953m)
[V2VProxy 6] triggerJoinViaJNI() called at t=0.6
[V2VProxy 6] FAILED: Server Status = 'WaitingForPeers' (expected 'READY') at t=0.6
[V2VProxy 6] Failed to trigger JOIN, will retry...
[V2VProxy 7] *** STOPPING at intersection! ***
[V2VProxy 7] Distance=26.6754m, t=0.6
[V2VProxy 7] Vehicle STOPPED at intersection (distance=26.6754m)
[V2VProxy 7] triggerJoinViaJNI() called at t=0.6
[V2VProxy 7] FAILED: Server Status = 'WaitingForPeers' (expected 'READY') at t=0.6
[V2VProxy 7] Failed to trigger JOIN, will retry...
[V2VProxy 0] *** STOPPING at intersection! ***
[V2VProxy 0] Distance=25.6739m, t=0.7
[V2VProxy 0] triggerJoinViaJNI() called at t=0.7
[V2VProxy 0] FAILED: Server Status = 'WaitingForPeers' (expected 'READY') at t=0.7
[V2VProxy 0] Failed to trigger JOIN, will retry...
[V2VProxy 1] *** STOPPING at intersection! ***
[V2VProxy 1] Distance=23.4088m, t=0.7
[V2VProxy 1] triggerJoinViaJNI() called at t=0.7
[V2VProxy 1] FAILED: Server Status = 'WaitingForPeers' (expected 'READY') at t=0.7
[V2VProxy 1] Failed to trigger JOIN, will retry...
[V2VProxy 2] *** STOPPING at intersection! ***
[V2VProxy 2] Distance=47.5739m, t=0.7
[V2VProxy 2] triggerJoinViaJNI() called at t=0.7
[V2VProxy 2] FAILED: Server Status = 'WaitingForPeers' (expected 'READY') at t=0.7
[V2VProxy 2] Failed to trigger JOIN, will retry...
[V2VProxy 4] *** STOPPING at intersection! ***
[V2VProxy 4] Distance=47.4635m, t=0.7
[V2VProxy 4] triggerJoinViaJNI() called at t=0.7
[V2VProxy 4] FAILED: Server Status = 'WaitingForPeers' (expected 'READY') at t=0.7
[V2VProxy 4] Failed to trigger JOIN, will retry...
[V2VProxy 6] *** STOPPING at intersection! ***
[V2VProxy 6] Distance=27.9953m, t=0.7
[V2VProxy 6] triggerJoinViaJNI() called at t=0.7
[V2VProxy 6] Barrier: 8/8 runners ready
[V2VProxy 6] FAILED: Server Status = 'WaitingForPeers' (expected 'READY') at t=0.7
[V2VProxy 6] Failed to trigger JOIN, will retry...
[V2VProxy 7] *** STOPPING at intersection! ***
[V2VProxy 7] Distance=26.6754m, t=0.7
[V2VProxy 7] triggerJoinViaJNI() called at t=0.7
[V2VProxy 7] FAILED: Server Status = 'WaitingForPeers' (expected 'READY') at t=0.7
[V2VProxy 7] Failed to trigger JOIN, will retry...
[V2VProxy 0] *** STOPPING at intersection! ***
[V2VProxy 0] Distance=26.8468m, t=0.8
[V2VProxy 0] triggerJoinViaJNI() called at t=0.8
[V2VProxy 0] FAILED: Server Status = 'WaitingForPeers' (expected 'READY') at t=0.8
[V2VProxy 0] Failed to trigger JOIN, will retry...
[V2VProxy 1] *** STOPPING at intersection! ***
[V2VProxy 1] Distance=23.4402m, t=0.8
[V2VProxy 1] triggerJoinViaJNI() called at t=0.8
[V2VProxy 1] FAILED: Server Status = 'WaitingForPeers' (expected 'READY') at t=0.8
[V2VProxy 1] Failed to trigger JOIN, will retry...
[V2VProxy 2] *** STOPPING at intersection! ***
[V2VProxy 2] Distance=45.4582m, t=0.8
[V2VProxy 2] triggerJoinViaJNI() called at t=0.8
[V2VProxy 2] FAILED: Server Status = 'WaitingForPeers' (expected 'READY') at t=0.8
[V2VProxy 2] Failed to trigger JOIN, will retry...
[V2VProxy 4] *** STOPPING at intersection! ***
[V2VProxy 4] Distance=46.0801m, t=0.8
[V2VProxy 4] triggerJoinViaJNI() called at t=0.8
[V2VProxy 4] FAILED: Server Status = 'WaitingForPeers' (expected 'READY') at t=0.8
[V2VProxy 4] Failed to trigger JOIN, will retry...
[V2VProxy 6] *** STOPPING at intersection! ***
[V2VProxy 6] Distance=28.5342m, t=0.8
[V2VProxy 6] triggerJoinViaJNI() called at t=0.8
[V2VProxy 6] FAILED: Server Status = 'WaitingForPeers' (expected 'READY') at t=0.8
[V2VProxy 6] Failed to trigger JOIN, will retry...
[V2VProxy 7] *** STOPPING at intersection! ***
[V2VProxy 7] Distance=26.6098m, t=0.8
[V2VProxy 7] triggerJoinViaJNI() called at t=0.8
[V2VProxy 7] FAILED: Server Status = 'WaitingForPeers' (expected 'READY') at t=0.8
[V2VProxy 7] Failed to trigger JOIN, will retry...
[V2VProxy 0] *** STOPPING at intersection! ***
[V2VProxy 0] Distance=26.8468m, t=0.9
[V2VProxy 0] triggerJoinViaJNI() called at t=0.9
[V2VProxy 0] FAILED: Server Status = 'WaitingForPeers' (expected 'READY') at t=0.9
[V2VProxy 0] Failed to trigger JOIN, will retry...
[V2VProxy 1] *** STOPPING at intersection! ***
[V2VProxy 1] Distance=23.4402m, t=0.9
[V2VProxy 1] triggerJoinViaJNI() called at t=0.9
[V2VProxy 1] FAILED: Server Status = 'WaitingForPeers' (expected 'READY') at t=0.9
[V2VProxy 1] Failed to trigger JOIN, will retry...
[V2VProxy 2] *** STOPPING at intersection! ***
[V2VProxy 2] Distance=45.4582m, t=0.9
[V2VProxy 2] triggerJoinViaJNI() called at t=0.9
[V2VProxy 2] Barrier: 8/8 runners ready
[V2VProxy 2] FAILED: Server Status = 'WaitingForPeers' (expected 'READY') at t=0.9
[V2VProxy 2] Failed to trigger JOIN, will retry...
[V2VProxy 4] *** STOPPING at intersection! ***
[V2VProxy 4] Distance=46.0801m, t=0.9
[V2VProxy 4] triggerJoinViaJNI() called at t=0.9
[V2VProxy 4] FAILED: Server Status = 'WaitingForPeers' (expected 'READY') at t=0.9
[V2VProxy 4] Failed to trigger JOIN, will retry...
[V2VProxy 6] *** STOPPING at intersection! ***
[V2VProxy 6] Distance=28.5342m, t=0.9
[V2VProxy 6] triggerJoinViaJNI() called at t=0.9
[V2VProxy 6] FAILED: Server Status = 'WaitingForPeers' (expected 'READY') at t=0.9
[V2VProxy 6] Failed to trigger JOIN, will retry...
[V2VProxy 7] *** STOPPING at intersection! ***
[V2VProxy 7] Distance=26.6098m, t=0.9
[V2VProxy 7] triggerJoinViaJNI() called at t=0.9
[V2VProxy 7] FAILED: Server Status = 'WaitingForPeers' (expected 'READY') at t=0.9
[V2VProxy 7] Failed to trigger JOIN, will retry...
[V2VProxy 0] *** STOPPING at intersection! ***
[V2VProxy 0] Distance=28.1105m, t=1
[V2VProxy 0] triggerJoinViaJNI() called at t=1
[V2VProxy 0] FAILED: Server Status = 'WaitingForPeers' (expected 'READY') at t=1
[V2VProxy 0] Failed to trigger JOIN, will retry...
[V2VProxy 1] *** STOPPING at intersection! ***
[V2VProxy 1] Distance=23.6184m, t=1
[V2VProxy 1] triggerJoinViaJNI() called at t=1
[V2VProxy 1] FAILED: Server Status = 'WaitingForPeers' (expected 'READY') at t=1
[V2VProxy 1] Failed to trigger JOIN, will retry...
[V2VProxy 2] *** STOPPING at intersection! ***
[V2VProxy 2] Distance=43.5351m, t=1
[V2VProxy 2] triggerJoinViaJNI() called at t=1
[V2VProxy 2] FAILED: Server Status = 'WaitingForPeers' (expected 'READY') at t=1
[V2VProxy 2] Failed to trigger JOIN, will retry...
[V2VProxy 4] *** STOPPING at intersection! ***
[V2VProxy 4] Distance=44.8646m, t=1
[V2VProxy 4] triggerJoinViaJNI() called at t=1
[V2VProxy 4] FAILED: Server Status = 'WaitingForPeers' (expected 'READY') at t=1
[V2VProxy 4] Failed to trigger JOIN, will retry...
[V2VProxy 6] *** STOPPING at intersection! ***
[V2VProxy 6] Distance=29.0779m, t=1
[V2VProxy 6] triggerJoinViaJNI() called at t=1
[V2VProxy 6] FAILED: Server Status = 'WaitingForPeers' (expected 'READY') at t=1
[V2VProxy 6] Failed to trigger JOIN, will retry...
[V2VProxy 7] *** STOPPING at intersection! ***
[V2VProxy 7] Distance=26.6028m, t=1
[V2VProxy 7] triggerJoinViaJNI() called at t=1
[V2VProxy 7] FAILED: Server Status = 'WaitingForPeers' (expected 'READY') at t=1
[V2VProxy 7] Failed to trigger JOIN, will retry...
[V2VProxy 0] *** STOPPING at intersection! ***
[V2VProxy 0] Distance=28.1105m, t=1.1
[V2VProxy 0] triggerJoinViaJNI() called at t=1.1
[V2VProxy 0] Barrier: 8/8 runners ready
[V2VProxy 0] FAILED: Server Status = 'WaitingForPeers' (expected 'READY') at t=1.1
[V2VProxy 0] Failed to trigger JOIN, will retry...
[V2VProxy 1] *** STOPPING at intersection! ***
[V2VProxy 1] Distance=23.6184m, t=1.1
[V2VProxy 1] triggerJoinViaJNI() called at t=1.1
[V2VProxy 1] FAILED: Server Status = 'WaitingForPeers' (expected 'READY') at t=1.1
[V2VProxy 1] Failed to trigger JOIN, will retry...
[V2VProxy 2] *** STOPPING at intersection! ***
[V2VProxy 2] Distance=43.5351m, t=1.1
[V2VProxy 2] triggerJoinViaJNI() called at t=1.1
[V2VProxy 2] FAILED: Server Status = 'WaitingForPeers' (expected 'READY') at t=1.1
[V2VProxy 2] Failed to trigger JOIN, will retry...
[V2VProxy 4] *** STOPPING at intersection! ***
[V2VProxy 4] Distance=44.8646m, t=1.1
[V2VProxy 4] triggerJoinViaJNI() called at t=1.1
[V2VProxy 4] FAILED: Server Status = 'WaitingForPeers' (expected 'READY') at t=1.1
[V2VProxy 4] Failed to trigger JOIN, will retry...
[V2VProxy 6] *** STOPPING at intersection! ***
[V2VProxy 6] Distance=29.0779m, t=1.1
[V2VProxy 6] triggerJoinViaJNI() called at t=1.1
[V2VProxy 6] FAILED: Server Status = 'WaitingForPeers' (expected 'READY') at t=1.1
[V2VProxy 6] Failed to trigger JOIN, will retry...
[V2VProxy 7] *** STOPPING at intersection! ***
[V2VProxy 7] Distance=26.6028m, t=1.1
[V2VProxy 7] triggerJoinViaJNI() called at t=1.1
[V2VProxy 7] FAILED: Server Status = 'WaitingForPeers' (expected 'READY') at t=1.1
[V2VProxy 7] Failed to trigger JOIN, will retry...
[V2VProxy 0] *** STOPPING at intersection! ***
[V2VProxy 0] Distance=29.4088m, t=1.2
[V2VProxy 0] triggerJoinViaJNI() called at t=1.2
[V2VProxy 0] FAILED: Server Status = 'WaitingForPeers' (expected 'READY') at t=1.2
[V2VProxy 0] Failed to trigger JOIN, will retry...
[V2VProxy 1] *** STOPPING at intersection! ***
[V2VProxy 1] Distance=23.8987m, t=1.2
[V2VProxy 1] triggerJoinViaJNI() called at t=1.2
[V2VProxy 1] FAILED: Server Status = 'WaitingForPeers' (expected 'READY') at t=1.2
[V2VProxy 1] Failed to trigger JOIN, will retry...
[V2VProxy 2] *** STOPPING at intersection! ***
[V2VProxy 2] Distance=41.8002m, t=1.2
[V2VProxy 2] triggerJoinViaJNI() called at t=1.2
[V2VProxy 2] FAILED: Server Status = 'WaitingForPeers' (expected 'READY') at t=1.2
[V2VProxy 2] Failed to trigger JOIN, will retry...
[V2VProxy 4] *** STOPPING at intersection! ***
[V2VProxy 4] Distance=43.8133m, t=1.2
[V2VProxy 4] triggerJoinViaJNI() called at t=1.2
[V2VProxy 4] FAILED: Server Status = 'WaitingForPeers' (expected 'READY') at t=1.2
[V2VProxy 4] Failed to trigger JOIN, will retry...
[V2VProxy 6] *** STOPPING at intersection! ***
[V2VProxy 6] Distance=29.6001m, t=1.2
[V2VProxy 6] triggerJoinViaJNI() called at t=1.2
[V2VProxy 6] Barrier: 8/8 runners ready
[V2VProxy 6] FAILED: Server Status = 'WaitingForPeers' (expected 'READY') at t=1.2
[V2VProxy 6] Failed to trigger JOIN, will retry...
[V2VProxy 7] *** STOPPING at intersection! ***
[V2VProxy 7] Distance=26.6321m, t=1.2
[V2VProxy 7] triggerJoinViaJNI() called at t=1.2
[V2VProxy 7] FAILED: Server Status = 'WaitingForPeers' (expected 'READY') at t=1.2
[V2VProxy 7] Failed to trigger JOIN, will retry...
** Event #256   t=1.25   Elapsed: 1.41551s (0m 01s)  0% completed  (0% total)
     Speed:     ev/sec=181.561   simsec/sec=0.883077   ev/simsec=205.6
     Messages:  created: 171   present: 159   in FES: 17
[V2VProxy 0] *** STOPPING at intersection! ***
[V2VProxy 0] Distance=29.4088m, t=1.3
[V2VProxy 0] triggerJoinViaJNI() called at t=1.3
[V2VProxy 0] FAILED: Server Status = 'WaitingForPeers' (expected 'READY') at t=1.3
[V2VProxy 0] Failed to trigger JOIN, will retry...
[V2VProxy 1] *** STOPPING at intersection! ***
[V2VProxy 1] Distance=23.8987m, t=1.3
[V2VProxy 1] triggerJoinViaJNI() called at t=1.3
[V2VProxy 1] FAILED: Server Status = 'WaitingForPeers' (expected 'READY') at t=1.3
[V2VProxy 1] Failed to trigger JOIN, will retry...
[V2VProxy 2] *** STOPPING at intersection! ***
[V2VProxy 2] Distance=41.8002m, t=1.3
[V2VProxy 2] triggerJoinViaJNI() called at t=1.3
[V2VProxy 2] FAILED: Server Status = 'WaitingForPeers' (expected 'READY') at t=1.3
[V2VProxy 2] Failed to trigger JOIN, will retry...
[V2VProxy 4] *** STOPPING at intersection! ***
[V2VProxy 4] Distance=43.8133m, t=1.3
[V2VProxy 4] triggerJoinViaJNI() called at t=1.3
[V2VProxy 4] FAILED: Server Status = 'WaitingForPeers' (expected 'READY') at t=1.3
[V2VProxy 4] Failed to trigger JOIN, will retry...
[V2VProxy 6] *** STOPPING at intersection! ***
[V2VProxy 6] Distance=29.6001m, t=1.3
[V2VProxy 6] triggerJoinViaJNI() called at t=1.3
[V2VProxy 6] FAILED: Server Status = 'WaitingForPeers' (expected 'READY') at t=1.3
[V2VProxy 6] Failed to trigger JOIN, will retry...
[V2VProxy 7] *** STOPPING at intersection! ***
[V2VProxy 7] Distance=26.6321m, t=1.3
[V2VProxy 7] triggerJoinViaJNI() called at t=1.3
[V2VProxy 7] FAILED: Server Status = 'WaitingForPeers' (expected 'READY') at t=1.3
[V2VProxy 7] Failed to trigger JOIN, will retry...
[V2VProxy 0] *** STOPPING at intersection! ***
[V2VProxy 0] Distance=30.6982m, t=1.4
[V2VProxy 0] triggerJoinViaJNI() called at t=1.4
[V2VProxy 0] FAILED: Server Status = 'WaitingForPeers' (expected 'READY') at t=1.4
[V2VProxy 0] Failed to trigger JOIN, will retry...
[V2VProxy 1] *** STOPPING at intersection! ***
[V2VProxy 1] Distance=24.2409m, t=1.4
[V2VProxy 1] triggerJoinViaJNI() called at t=1.4
[V2VProxy 1] FAILED: Server Status = 'WaitingForPeers' (expected 'READY') at t=1.4
[V2VProxy 1] Failed to trigger JOIN, will retry...
[V2VProxy 2] *** STOPPING at intersection! ***
[V2VProxy 2] Distance=40.2479m, t=1.4
[V2VProxy 2] triggerJoinViaJNI() called at t=1.4
[V2VProxy 2] Barrier: 8/8 runners ready
[V2VProxy 2] FAILED: Server Status = 'WaitingForPeers' (expected 'READY') at t=1.4
[V2VProxy 2] Failed to trigger JOIN, will retry...
[V2VProxy 4] *** STOPPING at intersection! ***
[V2VProxy 4] Distance=42.9228m, t=1.4
[V2VProxy 4] triggerJoinViaJNI() called at t=1.4
[V2VProxy 4] FAILED: Server Status = 'WaitingForPeers' (expected 'READY') at t=1.4
[V2VProxy 4] Failed to trigger JOIN, will retry...
[V2VProxy 6] *** STOPPING at intersection! ***
[V2VProxy 6] Distance=30.0797m, t=1.4
[V2VProxy 6] triggerJoinViaJNI() called at t=1.4
[V2VProxy 6] FAILED: Server Status = 'WaitingForPeers' (expected 'READY') at t=1.4
[V2VProxy 6] Failed to trigger JOIN, will retry...
[V2VProxy 7] *** STOPPING at intersection! ***
[V2VProxy 7] Distance=26.6789m, t=1.4
[V2VProxy 7] triggerJoinViaJNI() called at t=1.4
[V2VProxy 7] FAILED: Server Status = 'WaitingForPeers' (expected 'READY') at t=1.4
[V2VProxy 7] Failed to trigger JOIN, will retry...
[V2VProxy 0] *** STOPPING at intersection! ***
[V2VProxy 0] Distance=30.6982m, t=1.5
[V2VProxy 0] triggerJoinViaJNI() called at t=1.5
[V2VProxy 0] FAILED: Server Status = 'WaitingForPeers' (expected 'READY') at t=1.5
[V2VProxy 0] Failed to trigger JOIN, will retry...
[V2VProxy 1] *** STOPPING at intersection! ***
[V2VProxy 1] Distance=24.2409m, t=1.5
[V2VProxy 1] triggerJoinViaJNI() called at t=1.5
[V2VProxy 1] FAILED: Server Status = 'WaitingForPeers' (expected 'READY') at t=1.5
[V2VProxy 1] Failed to trigger JOIN, will retry...
[V2VProxy 2] *** STOPPING at intersection! ***
[V2VProxy 2] Distance=40.2479m, t=1.5
[V2VProxy 2] triggerJoinViaJNI() called at t=1.5
[V2VProxy 2] FAILED: Server Status = 'WaitingForPeers' (expected 'READY') at t=1.5
[V2VProxy 2] Failed to trigger JOIN, will retry...
[V2VProxy 4] *** STOPPING at intersection! ***
[V2VProxy 4] Distance=42.9228m, t=1.5
[V2VProxy 4] triggerJoinViaJNI() called at t=1.5
[V2VProxy 4] FAILED: Server Status = 'WaitingForPeers' (expected 'READY') at t=1.5
[V2VProxy 4] Failed to trigger JOIN, will retry...
[V2VProxy 6] *** STOPPING at intersection! ***
[V2VProxy 6] Distance=30.0797m, t=1.5
[V2VProxy 6] triggerJoinViaJNI() called at t=1.5
[V2VProxy 6] FAILED: Server Status = 'WaitingForPeers' (expected 'READY') at t=1.5
[V2VProxy 6] Failed to trigger JOIN, will retry...
[V2VProxy 7] *** STOPPING at intersection! ***
[V2VProxy 7] Distance=26.6789m, t=1.5
[V2VProxy 7] triggerJoinViaJNI() called at t=1.5
[V2VProxy 7] FAILED: Server Status = 'WaitingForPeers' (expected 'READY') at t=1.5
[V2VProxy 7] Failed to trigger JOIN, will retry...
[V2VProxy 0] *** STOPPING at intersection! ***
[V2VProxy 0] Distance=31.9449m, t=1.6
[V2VProxy 0] triggerJoinViaJNI() called at t=1.6
[V2VProxy 0] Barrier: 8/8 runners ready
[V2VProxy 0] FAILED: Server Status = 'WaitingForPeers' (expected 'READY') at t=1.6
[V2VProxy 0] Failed to trigger JOIN, will retry...
[V2VProxy 1] *** STOPPING at intersection! ***
[V2VProxy 1] Distance=24.6101m, t=1.6
[V2VProxy 1] triggerJoinViaJNI() called at t=1.6
[V2VProxy 1] FAILED: Server Status = 'WaitingForPeers' (expected 'READY') at t=1.6
[V2VProxy 1] Failed to trigger JOIN, will retry...
[V2VProxy 2] *** STOPPING at intersection! ***
[V2VProxy 2] Distance=38.8719m, t=1.6
[V2VProxy 2] triggerJoinViaJNI() called at t=1.6
[V2VProxy 2] FAILED: Server Status = 'WaitingForPeers' (expected 'READY') at t=1.6
[V2VProxy 2] Failed to trigger JOIN, will retry...
[V2VProxy 3] *** STOPPING at intersection! ***
[V2VProxy 3] Distance=48.7457m, t=1.6
[V2VProxy 3] Vehicle STOPPED at intersection (distance=48.7457m)
[V2VProxy 3] triggerJoinViaJNI() called at t=1.6
[V2VProxy 3] FAILED: Server Status = 'WaitingForPeers' (expected 'READY') at t=1.6
[V2VProxy 3] Failed to trigger JOIN, will retry...
[V2VProxy 4] *** STOPPING at intersection! ***
[V2VProxy 4] Distance=42.1897m, t=1.6
[V2VProxy 4] triggerJoinViaJNI() called at t=1.6
[V2VProxy 4] FAILED: Server Status = 'WaitingForPeers' (expected 'READY') at t=1.6
[V2VProxy 4] Failed to trigger JOIN, will retry...
[V2VProxy 6] *** STOPPING at intersection! ***
[V2VProxy 6] Distance=30.5m, t=1.6
[V2VProxy 6] triggerJoinViaJNI() called at t=1.6
[V2VProxy 6] FAILED: Server Status = 'WaitingForPeers' (expected 'READY') at t=1.6
[V2VProxy 6] Failed to trigger JOIN, will retry...
[V2VProxy 7] *** STOPPING at intersection! ***
[V2VProxy 7] Distance=26.7281m, t=1.6
[V2VProxy 7] triggerJoinViaJNI() called at t=1.6
[V2VProxy 7] FAILED: Server Status = 'WaitingForPeers' (expected 'READY') at t=1.6
[V2VProxy 7] Failed to trigger JOIN, will retry...
[ServerRunner 1] Creating IntersectionServer after stagger delay...
[V2VProxy 0] *** STOPPING at intersection! ***
[V2VProxy 0] Distance=31.9449m, t=1.7
[V2VProxy 0] triggerJoinViaJNI() called at t=1.7
[V2VProxy 0] FAILED: Server Status = 'WaitingForPeers' (expected 'READY') at t=1.7
[V2VProxy 0] Failed to trigger JOIN, will retry...
[V2VProxy 1] *** STOPPING at intersection! ***
[V2VProxy 1] Distance=24.6101m, t=1.7
[V2VProxy 1] triggerJoinViaJNI() called at t=1.7
[V2VProxy 1] FAILED: Server Status = 'Initializing' (expected 'READY') at t=1.7
[V2VProxy 1] Failed to trigger JOIN, will retry...
[V2VProxy 2] *** STOPPING at intersection! ***
[V2VProxy 2] Distance=38.8719m, t=1.7
[V2VProxy 2] triggerJoinViaJNI() called at t=1.7
[V2VProxy 2] FAILED: Server Status = 'WaitingForPeers' (expected 'READY') at t=1.7
[V2VProxy 2] Failed to trigger JOIN, will retry...
[V2VProxy 3] *** STOPPING at intersection! ***
[V2VProxy 3] Distance=48.7457m, t=1.7
[V2VProxy 3] triggerJoinViaJNI() called at t=1.7
[V2VProxy 3] Barrier: 8/8 runners ready
[V2VProxy 3] FAILED: Server Status = 'WaitingForPeers' (expected 'READY') at t=1.7
[V2VProxy 3] Failed to trigger JOIN, will retry...
[V2VProxy 4] *** STOPPING at intersection! ***
[V2VProxy 4] Distance=42.1897m, t=1.7
[V2VProxy 4] triggerJoinViaJNI() called at t=1.7
[V2VProxy 4] FAILED: Server Status = 'WaitingForPeers' (expected 'READY') at t=1.7
[V2VProxy 4] Failed to trigger JOIN, will retry...
[V2VProxy 6] *** STOPPING at intersection! ***
[V2VProxy 6] Distance=30.5m, t=1.7
[V2VProxy 6] triggerJoinViaJNI() called at t=1.7
[V2VProxy 6] FAILED: Server Status = 'WaitingForPeers' (expected 'READY') at t=1.7
[V2VProxy 6] Failed to trigger JOIN, will retry...
[V2VProxy 7] *** STOPPING at intersection! ***
[V2VProxy 7] Distance=26.7281m, t=1.7
[V2VProxy 7] triggerJoinViaJNI() called at t=1.7
[V2VProxy 7] FAILED: Server Status = 'WaitingForPeers' (expected 'READY') at t=1.7
[V2VProxy 7] Failed to trigger JOIN, will retry...
[Server 1] DEBUG: Constructor started.
[ServerRunner 4] Creating IntersectionServer after stagger delay...
[Server 4] DEBUG: Constructor started.
[ServerRunner 6] Creating IntersectionServer after stagger delay...
[Server 6] DEBUG: Constructor started.
[V2VProxy 0] *** STOPPING at intersection! ***
[V2VProxy 0] Distance=33.1232m, t=1.8
[V2VProxy 0] triggerJoinViaJNI() called at t=1.8
[V2VProxy 0] FAILED: Server Status = 'WaitingForPeers' (expected 'READY') at t=1.8
[V2VProxy 0] Failed to trigger JOIN, will retry...
[V2VProxy 1] *** STOPPING at intersection! ***
[V2VProxy 1] Distance=24.9771m, t=1.8
[V2VProxy 1] triggerJoinViaJNI() called at t=1.8
[V2VProxy 1] FAILED: Server Status = 'Initializing' (expected 'READY') at t=1.8
[V2VProxy 1] Failed to trigger JOIN, will retry...
[V2VProxy 2] *** STOPPING at intersection! ***
[V2VProxy 2] Distance=37.6648m, t=1.8
[V2VProxy 2] triggerJoinViaJNI() called at t=1.8
[V2VProxy 2] FAILED: Server Status = 'WaitingForPeers' (expected 'READY') at t=1.8
[V2VProxy 2] Failed to trigger JOIN, will retry...
[V2VProxy 3] *** STOPPING at intersection! ***
[V2VProxy 3] Distance=47.4865m, t=1.8
[V2VProxy 3] triggerJoinViaJNI() called at t=1.8
[V2VProxy 3] FAILED: Server Status = 'WaitingForPeers' (expected 'READY') at t=1.8
[V2VProxy 3] Failed to trigger JOIN, will retry...
[V2VProxy 4] *** STOPPING at intersection! ***
[V2VProxy 4] Distance=41.6109m, t=1.8
[V2VProxy 4] triggerJoinViaJNI() called at t=1.8
[V2VProxy 4] FAILED: Server Status = 'Initializing' (expected 'READY') at t=1.8
[V2VProxy 4] Failed to trigger JOIN, will retry...
[V2VProxy 6] *** STOPPING at intersection! ***
[V2VProxy 6] Distance=30.848m, t=1.8
[V2VProxy 6] triggerJoinViaJNI() called at t=1.8
[V2VProxy 6] FAILED: Server Status = 'Initializing' (expected 'READY') at t=1.8
[V2VProxy 6] Failed to trigger JOIN, will retry...
[V2VProxy 7] *** STOPPING at intersection! ***
[V2VProxy 7] Distance=26.7683m, t=1.8
[V2VProxy 7] triggerJoinViaJNI() called at t=1.8
[V2VProxy 7] Barrier: 8/8 runners ready
[V2VProxy 7] FAILED: Server Status = 'WaitingForPeers' (expected 'READY') at t=1.8
[V2VProxy 7] Failed to trigger JOIN, will retry...
[ServerRunner 7] Creating IntersectionServer after stagger delay...
[Server 7] DEBUG: Constructor started.
[ServerRunner 5] Creating IntersectionServer after stagger delay...
[Server 5] DEBUG: Constructor started.
[V2VProxy 0] *** STOPPING at intersection! ***
[V2VProxy 0] Distance=33.1232m, t=1.9
[V2VProxy 0] triggerJoinViaJNI() called at t=1.9
[V2VProxy 0] FAILED: Server Status = 'WaitingForPeers' (expected 'READY') at t=1.9
[V2VProxy 0] Failed to trigger JOIN, will retry...
[V2VProxy 1] *** STOPPING at intersection! ***
[V2VProxy 1] Distance=24.9771m, t=1.9
[V2VProxy 1] triggerJoinViaJNI() called at t=1.9
[V2VProxy 1] FAILED: Server Status = 'Initializing' (expected 'READY') at t=1.9
[V2VProxy 1] Failed to trigger JOIN, will retry...
[V2VProxy 2] *** STOPPING at intersection! ***
[V2VProxy 2] Distance=37.6648m, t=1.9
[V2VProxy 2] triggerJoinViaJNI() called at t=1.9
[V2VProxy 2] FAILED: Server Status = 'WaitingForPeers' (expected 'READY') at t=1.9
[V2VProxy 2] Failed to trigger JOIN, will retry...
[V2VProxy 3] *** STOPPING at intersection! ***
[V2VProxy 3] Distance=47.4865m, t=1.9
[V2VProxy 3] triggerJoinViaJNI() called at t=1.9
[V2VProxy 3] FAILED: Server Status = 'WaitingForPeers' (expected 'READY') at t=1.9
[V2VProxy 3] Failed to trigger JOIN, will retry...
[V2VProxy 4] *** STOPPING at intersection! ***
[V2VProxy 4] Distance=41.6109m, t=1.9
[V2VProxy 4] triggerJoinViaJNI() called at t=1.9
[V2VProxy 4] FAILED: Server Status = 'Initializing' (expected 'READY') at t=1.9
[V2VProxy 4] Failed to trigger JOIN, will retry...
[V2VProxy 6] *** STOPPING at intersection! ***
[V2VProxy 6] Distance=30.848m, t=1.9
[V2VProxy 6] triggerJoinViaJNI() called at t=1.9
[V2VProxy 6] FAILED: Server Status = 'Initializing' (expected 'READY') at t=1.9
[V2VProxy 6] Failed to trigger JOIN, will retry...
[V2VProxy 7] *** STOPPING at intersection! ***
[V2VProxy 7] Distance=26.7683m, t=1.9
[V2VProxy 7] triggerJoinViaJNI() called at t=1.9
[V2VProxy 7] FAILED: Server Status = 'Initializing' (expected 'READY') at t=1.9
[V2VProxy 7] Failed to trigger JOIN, will retry...
[Server 7] DEBUG: Bouncy Castle Provider registered.
[Server 4] DEBUG: Bouncy Castle Provider registered.
[Server 1] DEBUG: Bouncy Castle Provider registered.
==================================================
[DEBUG] JVM Working Directory: /home/yash/omnetpp/fourway
[DEBUG] LOOK HERE FOR CONFIG: /home/yash/omnetpp/fourway/config
==================================================
[Server 5] DEBUG: Bouncy Castle Provider registered.
[Server 1] Intersection Physics: width=15.0m, avgSpeed=14.0m/s, safetyGap=1.5s
[Server 6] DEBUG: Bouncy Castle Provider registered.
==================================================
[DEBUG] JVM Working Directory: /home/yash/omnetpp/fourway
[DEBUG] LOOK HERE FOR CONFIG: /home/yash/omnetpp/fourway/config
==================================================
==================================================
[DEBUG] JVM Working Directory: /home/yash/omnetpp/fourway
[DEBUG] LOOK HERE FOR CONFIG: /home/yash/omnetpp/fourway/config
==================================================
==================================================
[DEBUG] JVM Working Directory: /home/yash/omnetpp/fourway
[DEBUG] LOOK HERE FOR CONFIG: /home/yash/omnetpp/fourway/config
==================================================
[Server 4] Intersection Physics: width=15.0m, avgSpeed=14.0m/s, safetyGap=1.5s
[Server 4] DEBUG: About to create ServiceReplica (This might block)...
[Server 6] Intersection Physics: width=15.0m, avgSpeed=14.0m/s, safetyGap=1.5s
[Server 6] DEBUG: About to create ServiceReplica (This might block)...
[Server 6] DEBUG: Thread = Thread-6
[Server 1] DEBUG: About to create ServiceReplica (This might block)...
[Server 1] DEBUG: Thread = Thread-1
[Server 1] DEBUG: Current time = 1769154228815
[Server 1] DEBUG: Calling new ServiceReplica(1, ...)
==================================================
[DEBUG] JVM Working Directory: /home/yash/omnetpp/fourway
[DEBUG] LOOK HERE FOR CONFIG: /home/yash/omnetpp/fourway/config
==================================================
[Server 6] DEBUG: Current time = 1769154228815
[Server 6] DEBUG: Calling new ServiceReplica(6, ...)
[Server 4] DEBUG: Thread = Thread-4
[Server 4] DEBUG: Current time = 1769154228815
[Server 4] DEBUG: Calling new ServiceReplica(4, ...)
[Server 7] Intersection Physics: width=15.0m, avgSpeed=14.0m/s, safetyGap=1.5s
[Server 7] DEBUG: About to create ServiceReplica (This might block)...
[Server 7] DEBUG: Thread = Thread-7
[Server 7] DEBUG: Current time = 1769154228816
[Server 7] DEBUG: Calling new ServiceReplica(7, ...)
[Server 5] Intersection Physics: width=15.0m, avgSpeed=14.0m/s, safetyGap=1.5s
[Server 5] DEBUG: About to create ServiceReplica (This might block)...
[Server 5] DEBUG: Thread = Thread-5
[Server 5] DEBUG: Current time = 1769154228816
[Server 5] DEBUG: Calling new ServiceReplica(5, ...)
23:43:48.843 [Thread-7] INFO bftsmart.reconfiguration.ServerViewController - Creating current view from configuration file
23:43:48.842 [Thread-6] INFO bftsmart.reconfiguration.ServerViewController - Creating current view from configuration file
23:43:48.842 [Thread-1] INFO bftsmart.reconfiguration.ServerViewController - Creating current view from configuration file
23:43:48.842 [Thread-5] INFO bftsmart.reconfiguration.ServerViewController - Creating current view from configuration file
23:43:48.843 [Thread-4] INFO bftsmart.reconfiguration.ServerViewController - Creating current view from configuration file
[V2VProxy 0] *** STOPPING at intersection! ***
[V2VProxy 0] Distance=34.2134m, t=2
[V2VProxy 0] triggerJoinViaJNI() called at t=2
[V2VProxy 0] FAILED: Server Status = 'WaitingForPeers' (expected 'READY') at t=2
[V2VProxy 0] Failed to trigger JOIN, will retry...
[V2VProxy 1] *** STOPPING at intersection! ***
[V2VProxy 1] Distance=25.3183m, t=2
[V2VProxy 1] triggerJoinViaJNI() called at t=2
[V2VProxy 1] FAILED: Server Status = 'Initializing' (expected 'READY') at t=2
[V2VProxy 1] Failed to trigger JOIN, will retry...
[V2VProxy 2] *** STOPPING at intersection! ***
[V2VProxy 2] Distance=36.6185m, t=2
[V2VProxy 2] triggerJoinViaJNI() called at t=2
[V2VProxy 2] Barrier: 8/8 runners ready
[V2VProxy 2] FAILED: Server Status = 'WaitingForPeers' (expected 'READY') at t=2
[V2VProxy 2] Failed to trigger JOIN, will retry...
[V2VProxy 3] *** STOPPING at intersection! ***
[V2VProxy 3] Distance=46.3898m, t=2
[V2VProxy 3] triggerJoinViaJNI() called at t=2
[V2VProxy 3] FAILED: Server Status = 'WaitingForPeers' (expected 'READY') at t=2
[V2VProxy 3] Failed to trigger JOIN, will retry...
[V2VProxy 4] *** STOPPING at intersection! ***
[V2VProxy 4] Distance=41.1838m, t=2
[V2VProxy 4] triggerJoinViaJNI() called at t=2
[V2VProxy 4] FAILED: Server Status = 'Initializing' (expected 'READY') at t=2
[V2VProxy 4] Failed to trigger JOIN, will retry...
[V2VProxy 6] *** STOPPING at intersection! ***
[V2VProxy 6] Distance=31.114m, t=2
[V2VProxy 6] triggerJoinViaJNI() called at t=2
[V2VProxy 6] FAILED: Server Status = 'Initializing' (expected 'READY') at t=2
[V2VProxy 6] Failed to trigger JOIN, will retry...
[V2VProxy 7] *** STOPPING at intersection! ***
[V2VProxy 7] Distance=26.7919m, t=2
[V2VProxy 7] triggerJoinViaJNI() called at t=2
[V2VProxy 7] FAILED: Server Status = 'Initializing' (expected 'READY') at t=2
[V2VProxy 7] Failed to trigger JOIN, will retry...
23:43:48.872 [Thread-6] INFO bftsmart.communication.ServerCommunicationSystem - Using V2V communication layer on port 12006
23:43:48.872 [Thread-4] INFO bftsmart.communication.ServerCommunicationSystem - Using V2V communication layer on port 12004
23:43:48.872 [Thread-7] INFO bftsmart.communication.ServerCommunicationSystem - Using V2V communication layer on port 12007
23:43:48.872 [Thread-5] INFO bftsmart.communication.ServerCommunicationSystem - Using V2V communication layer on port 12005
23:43:48.872 [Thread-1] INFO bftsmart.communication.ServerCommunicationSystem - Using V2V communication layer on port 12001
[Reliability 4] Automatic retransmissions DISABLED - using piggybacked ACKs only
==============================================
[V2V Layer 4] INITIALIZING CONNECTIONS
    My ID: 4
    All replicas: [0, 1, 2, 3, 4, 5, 6, 7]
[V2V Layer 4] DEBUG: About to create V2VNativeBridge callback...
[Reliability 6] Automatic retransmissions DISABLED - using piggybacked ACKs only
==============================================
[V2V Layer 6] INITIALIZING CONNECTIONS
    My ID: 6
    All replicas: [0, 1, 2, 3, 4, 5, 6, 7]
[V2V Layer 6] DEBUG: About to create V2VNativeBridge callback...
[Reliability 7] Automatic retransmissions DISABLED - using piggybacked ACKs only
==============================================
[V2V Layer 7] INITIALIZING CONNECTIONS
    My ID: 7
    All replicas: [0, 1, 2, 3, 4, 5, 6, 7]
[V2V Layer 7] DEBUG: About to create V2VNativeBridge callback...
[Reliability 1] Automatic retransmissions DISABLED - using piggybacked ACKs only
==============================================
[V2V Layer 1] INITIALIZING CONNECTIONS
    My ID: 1
    All replicas: [0, 1, 2, 3, 4, 5, 6, 7]
[V2V Layer 1] DEBUG: About to create V2VNativeBridge callback...
[Reliability 5] Automatic retransmissions DISABLED - using piggybacked ACKs only
[V2V Layer 7] DEBUG: Callback created, creating V2VNativeBridge...
[V2V Layer 6] DEBUG: Callback created, creating V2VNativeBridge...
V2VNativeBridge6: Created, initializing immediately...
[JNI] nativeInit called for replica 6
[V2V Layer 4] DEBUG: Callback created, creating V2VNativeBridge...
[DEBUG V2VProxy 6] registerJavaCallback called
[DEBUG V2VProxy 6] Java callback registered successfully
[JNI] Successfully initialized V2V bridge for replica 6
V2VNativeBridge6: Initialized successfully, callback registered
[V2V Layer 6] DEBUG: Bridge created and callback registered!
[V2V Layer 6] DEBUG: Waiting 500ms for all peers to register callbacks...
V2VNativeBridge7: Created, initializing immediately...
[JNI] nativeInit called for replica 7
[DEBUG V2VProxy 7] registerJavaCallback called
[DEBUG V2VProxy 7] Java callback registered successfully
[JNI] Successfully initialized V2V bridge for replica 7
==============================================
[V2V Layer 5] INITIALIZING CONNECTIONS
    My ID: 5
    All replicas: [0, 1, 2, 3, 4, 5, 6, 7]
[V2V Layer 5] DEBUG: About to create V2VNativeBridge callback...
[V2V Layer 5] DEBUG: Callback created, creating V2VNativeBridge...
V2VNativeBridge5: Created, initializing immediately...
[JNI] nativeInit called for replica 5
[V2V Layer 1] DEBUG: Callback created, creating V2VNativeBridge...[DEBUG V2VProxy 5] registerJavaCallback called
[DEBUG V2VProxy 5] Java callback registered successfully

[JNI] Successfully initialized V2V bridge for replica 5
V2VNativeBridge5: Initialized successfully, callback registered
V2VNativeBridge1: Created, initializing immediately...
[JNI] nativeInit called for replica 1
[DEBUG V2VProxy 1] registerJavaCallback called
[DEBUG V2VProxy 1] Java callback registered successfully
[JNI] Successfully initialized V2V bridge for replica 1
V2VNativeBridge7: Initialized successfully, callback registered
[V2V Layer 7] DEBUG: Bridge created and callback registered!
[V2V Layer 7] DEBUG: Waiting 500ms for all peers to register callbacks...
V2VNativeBridge4: Created, initializing immediately...
[JNI] nativeInit called for replica 4
[DEBUG V2VProxy 4] registerJavaCallback called
[DEBUG V2VProxy 4] Java callback registered successfully
[JNI] Successfully initialized V2V bridge for replica 4
V2VNativeBridge4: Initialized successfully, callback registered
[V2V Layer 4] DEBUG: Bridge created and callback registered!
[V2V Layer 4] DEBUG: Waiting 500ms for all peers to register callbacks...
V2VNativeBridge1: Initialized successfully, callback registered
[V2V Layer 1] DEBUG: Bridge created and callback registered!
[V2V Layer 1] DEBUG: Waiting 500ms for all peers to register callbacks...
[V2V Layer 5] DEBUG: Bridge created and callback registered!
[V2V Layer 5] DEBUG: Waiting 500ms for all peers to register callbacks...
[V2VProxy 0] *** STOPPING at intersection! ***
[V2VProxy 0] Distance=34.2134m, t=2.1
[V2VProxy 0] triggerJoinViaJNI() called at t=2.1
[V2VProxy 0] FAILED: Server Status = 'WaitingForPeers' (expected 'READY') at t=2.1
[V2VProxy 0] Failed to trigger JOIN, will retry...
[V2VProxy 1] *** STOPPING at intersection! ***
[V2VProxy 1] Distance=25.3183m, t=2.1
[V2VProxy 1] triggerJoinViaJNI() called at t=2.1
[V2VProxy 1] FAILED: Server Status = 'Initializing' (expected 'READY') at t=2.1
[V2VProxy 1] Failed to trigger JOIN, will retry...
[V2VProxy 2] *** STOPPING at intersection! ***
[V2VProxy 2] Distance=36.6185m, t=2.1
[V2VProxy 2] triggerJoinViaJNI() called at t=2.1
[V2VProxy 2] FAILED: Server Status = 'WaitingForPeers' (expected 'READY') at t=2.1
[V2VProxy 2] Failed to trigger JOIN, will retry...
[V2VProxy 3] *** STOPPING at intersection! ***
[V2VProxy 3] Distance=46.3898m, t=2.1
[V2VProxy 3] triggerJoinViaJNI() called at t=2.1
[V2VProxy 3] FAILED: Server Status = 'WaitingForPeers' (expected 'READY') at t=2.1
[V2VProxy 3] Failed to trigger JOIN, will retry...
[V2VProxy 4] *** STOPPING at intersection! ***
[V2VProxy 4] Distance=41.1838m, t=2.1
[V2VProxy 4] triggerJoinViaJNI() called at t=2.1
[V2VProxy 4] FAILED: Server Status = 'Initializing' (expected 'READY') at t=2.1
[V2VProxy 4] Failed to trigger JOIN, will retry...
[V2VProxy 6] *** STOPPING at intersection! ***
[V2VProxy 6] Distance=31.114m, t=2.1
[V2VProxy 6] triggerJoinViaJNI() called at t=2.1
[V2VProxy 6] Barrier: 8/8 runners ready
[V2VProxy 6] FAILED: Server Status = 'Initializing' (expected 'READY') at t=2.1
[V2VProxy 6] Failed to trigger JOIN, will retry...
[V2VProxy 7] *** STOPPING at intersection! ***
[V2VProxy 7] Distance=26.7919m, t=2.1
[V2VProxy 7] triggerJoinViaJNI() called at t=2.1
[V2VProxy 7] FAILED: Server Status = 'Initializing' (expected 'READY') at t=2.1
[V2VProxy 7] Failed to trigger JOIN, will retry...
[V2VProxy 0] *** STOPPING at intersection! ***
[V2VProxy 0] Distance=35.2004m, t=2.2
[V2VProxy 0] triggerJoinViaJNI() called at t=2.2
[V2VProxy 0] FAILED: Server Status = 'WaitingForPeers' (expected 'READY') at t=2.2
[V2VProxy 0] Failed to trigger JOIN, will retry...
[V2VProxy 1] *** STOPPING at intersection! ***
[V2VProxy 1] Distance=25.6151m, t=2.2
[V2VProxy 1] triggerJoinViaJNI() called at t=2.2
[V2VProxy 1] FAILED: Server Status = 'Initializing' (expected 'READY') at t=2.2
[V2VProxy 1] Failed to trigger JOIN, will retry...
[V2VProxy 2] *** STOPPING at intersection! ***
[V2VProxy 2] Distance=35.7246m, t=2.2
[V2VProxy 2] triggerJoinViaJNI() called at t=2.2
[V2VProxy 2] FAILED: Server Status = 'WaitingForPeers' (expected 'READY') at t=2.2
[V2VProxy 2] Failed to trigger JOIN, will retry...
[V2VProxy 3] *** STOPPING at intersection! ***
[V2VProxy 3] Distance=45.4514m, t=2.2
[V2VProxy 3] triggerJoinViaJNI() called at t=2.2
[V2VProxy 3] FAILED: Server Status = 'WaitingForPeers' (expected 'READY') at t=2.2
[V2VProxy 3] Failed to trigger JOIN, will retry...
[V2VProxy 4] *** STOPPING at intersection! ***
[V2VProxy 4] Distance=40.9064m, t=2.2
[V2VProxy 4] triggerJoinViaJNI() called at t=2.2
[V2VProxy 4] FAILED: Server Status = 'Initializing' (expected 'READY') at t=2.2
[V2VProxy 4] Failed to trigger JOIN, will retry...
[V2VProxy 5] *** STOPPING at intersection! ***
[V2VProxy 5] Distance=49.9233m, t=2.2
[V2VProxy 5] Vehicle STOPPED at intersection (distance=49.9233m)
[V2VProxy 5] triggerJoinViaJNI() called at t=2.2
[V2VProxy 5] FAILED: Server Status = 'Initializing' (expected 'READY') at t=2.2
[V2VProxy 5] Failed to trigger JOIN, will retry...
[V2VProxy 6] *** STOPPING at intersection! ***
[V2VProxy 6] Distance=31.2912m, t=2.2
[V2VProxy 6] triggerJoinViaJNI() called at t=2.2
[V2VProxy 6] FAILED: Server Status = 'Initializing' (expected 'READY') at t=2.2
[V2VProxy 6] Failed to trigger JOIN, will retry...
[V2VProxy 7] *** STOPPING at intersection! ***
[V2VProxy 7] Distance=26.7947m, t=2.2
[V2VProxy 7] triggerJoinViaJNI() called at t=2.2
[V2VProxy 7] FAILED: Server Status = 'Initializing' (expected 'READY') at t=2.2
[V2VProxy 7] Failed to trigger JOIN, will retry...
[V2VProxy 0] *** STOPPING at intersection! ***
[V2VProxy 0] Distance=35.2004m, t=2.3
[V2VProxy 0] triggerJoinViaJNI() called at t=2.3
[V2VProxy 0] Barrier: 8/8 runners ready
[V2VProxy 0] FAILED: Server Status = 'WaitingForPeers' (expected 'READY') at t=2.3
[V2VProxy 0] Failed to trigger JOIN, will retry...
[V2VProxy 1] *** STOPPING at intersection! ***
[V2VProxy 1] Distance=25.6151m, t=2.3
[V2VProxy 1] triggerJoinViaJNI() called at t=2.3
[V2VProxy 1] FAILED: Server Status = 'Initializing' (expected 'READY') at t=2.3
[V2VProxy 1] Failed to trigger JOIN, will retry...
[V2VProxy 2] *** STOPPING at intersection! ***
[V2VProxy 2] Distance=35.7246m, t=2.3
[V2VProxy 2] triggerJoinViaJNI() called at t=2.3
[V2VProxy 2] FAILED: Server Status = 'WaitingForPeers' (expected 'READY') at t=2.3
[V2VProxy 2] Failed to trigger JOIN, will retry...
[V2VProxy 3] *** STOPPING at intersection! ***
[V2VProxy 3] Distance=45.4514m, t=2.3
[V2VProxy 3] triggerJoinViaJNI() called at t=2.3
[V2VProxy 3] FAILED: Server Status = 'WaitingForPeers' (expected 'READY') at t=2.3
[V2VProxy 3] Failed to trigger JOIN, will retry...
[V2VProxy 4] *** STOPPING at intersection! ***
[V2VProxy 4] Distance=40.9064m, t=2.3
[V2VProxy 4] triggerJoinViaJNI() called at t=2.3
[V2VProxy 4] FAILED: Server Status = 'Initializing' (expected 'READY') at t=2.3
[V2VProxy 4] Failed to trigger JOIN, will retry...
[V2VProxy 5] *** STOPPING at intersection! ***
[V2VProxy 5] Distance=49.9233m, t=2.3
[V2VProxy 5] triggerJoinViaJNI() called at t=2.3
[V2VProxy 5] FAILED: Server Status = 'Initializing' (expected 'READY') at t=2.3
[V2VProxy 5] Failed to trigger JOIN, will retry...
[V2VProxy 6] *** STOPPING at intersection! ***
[V2VProxy 6] Distance=31.2912m, t=2.3
[V2VProxy 6] triggerJoinViaJNI() called at t=2.3
[V2VProxy 6] FAILED: Server Status = 'Initializing' (expected 'READY') at t=2.3
[V2VProxy 6] Failed to trigger JOIN, will retry...
[V2VProxy 7] *** STOPPING at intersection! ***
[V2VProxy 7] Distance=26.7947m, t=2.3
[V2VProxy 7] triggerJoinViaJNI() called at t=2.3
[V2VProxy 7] FAILED: Server Status = 'Initializing' (expected 'READY') at t=2.3
[V2VProxy 7] Failed to trigger JOIN, will retry...
[V2VProxy 0] *** STOPPING at intersection! ***
[V2VProxy 0] Distance=36.0726m, t=2.4
[V2VProxy 0] triggerJoinViaJNI() called at t=2.4
[V2VProxy 0] FAILED: Server Status = 'WaitingForPeers' (expected 'READY') at t=2.4
[V2VProxy 0] Failed to trigger JOIN, will retry...
[V2VProxy 1] *** STOPPING at intersection! ***
[V2VProxy 1] Distance=25.8533m, t=2.4
[V2VProxy 1] triggerJoinViaJNI() called at t=2.4
[V2VProxy 1] FAILED: Server Status = 'Initializing' (expected 'READY') at t=2.4
[V2VProxy 1] Failed to trigger JOIN, will retry...
[V2VProxy 2] *** STOPPING at intersection! ***
[V2VProxy 2] Distance=34.9742m, t=2.4
[V2VProxy 2] triggerJoinViaJNI() called at t=2.4
[V2VProxy 2] Barrier: 8/8 runners ready
[V2VProxy 2] FAILED: Server Status = 'WaitingForPeers' (expected 'READY') at t=2.4
[V2VProxy 2] Failed to trigger JOIN, will retry...
[V2VProxy 3] *** STOPPING at intersection! ***
[V2VProxy 3] Distance=44.6675m, t=2.4
[V2VProxy 3] triggerJoinViaJNI() called at t=2.4
[V2VProxy 3] FAILED: Server Status = 'WaitingForPeers' (expected 'READY') at t=2.4
[V2VProxy 3] Failed to trigger JOIN, will retry...
[V2VProxy 4] *** STOPPING at intersection! ***
[V2VProxy 4] Distance=40.7771m, t=2.4
[V2VProxy 4] triggerJoinViaJNI() called at t=2.4
[V2VProxy 4] FAILED: Server Status = 'Initializing' (expected 'READY') at t=2.4
[V2VProxy 4] Failed to trigger JOIN, will retry...
[V2VProxy 5] *** STOPPING at intersection! ***
[V2VProxy 5] Distance=49.5225m, t=2.4
[V2VProxy 5] triggerJoinViaJNI() called at t=2.4
[V2VProxy 5] FAILED: Server Status = 'Initializing' (expected 'READY') at t=2.4
[V2VProxy 5] Failed to trigger JOIN, will retry...
[V2VProxy 6] *** STOPPING at intersection! ***
[V2VProxy 6] Distance=31.3752m, t=2.4
[V2VProxy 6] triggerJoinViaJNI() called at t=2.4
[V2VProxy 6] FAILED: Server Status = 'Initializing' (expected 'READY') at t=2.4
[V2VProxy 6] Failed to trigger JOIN, will retry...
[V2VProxy 7] *** STOPPING at intersection! ***
[V2VProxy 7] Distance=26.7947m, t=2.4
[V2VProxy 7] triggerJoinViaJNI() called at t=2.4
[V2VProxy 7] FAILED: Server Status = 'Initializing' (expected 'READY') at t=2.4
[V2VProxy 7] Failed to trigger JOIN, will retry...
[V2VProxy 0] *** STOPPING at intersection! ***
[V2VProxy 0] Distance=36.0726m, t=2.5
[V2VProxy 0] triggerJoinViaJNI() called at t=2.5
[V2VProxy 0] FAILED: Server Status = 'WaitingForPeers' (expected 'READY') at t=2.5
[V2VProxy 0] Failed to trigger JOIN, will retry...
[V2VProxy 1] *** STOPPING at intersection! ***
[V2VProxy 1] Distance=25.8533m, t=2.5
[V2VProxy 1] triggerJoinViaJNI() called at t=2.5
[V2VProxy 1] FAILED: Server Status = 'Initializing' (expected 'READY') at t=2.5
[V2VProxy 1] Failed to trigger JOIN, will retry...
[V2VProxy 2] *** STOPPING at intersection! ***
[V2VProxy 2] Distance=34.9742m, t=2.5
[V2VProxy 2] triggerJoinViaJNI() called at t=2.5
[V2VProxy 2] FAILED: Server Status = 'WaitingForPeers' (expected 'READY') at t=2.5
[V2VProxy 2] Failed to trigger JOIN, will retry...
[V2VProxy 3] *** STOPPING at intersection! ***
[V2VProxy 3] Distance=44.6675m, t=2.5
[V2VProxy 3] triggerJoinViaJNI() called at t=2.5
[V2VProxy 3] FAILED: Server Status = 'WaitingForPeers' (expected 'READY') at t=2.5
[V2VProxy 3] Failed to trigger JOIN, will retry...
[V2VProxy 4] *** STOPPING at intersection! ***
[V2VProxy 4] Distance=40.7771m, t=2.5
[V2VProxy 4] triggerJoinViaJNI() called at t=2.5
[V2VProxy 4] Barrier: 8/8 runners ready
[V2VProxy 4] FAILED: Server Status = 'Initializing' (expected 'READY') at t=2.5
[V2VProxy 4] Failed to trigger JOIN, will retry...
[V2VProxy 5] *** STOPPING at intersection! ***
[V2VProxy 5] Distance=49.5225m, t=2.5
[V2VProxy 5] triggerJoinViaJNI() called at t=2.5
[V2VProxy 5] FAILED: Server Status = 'Initializing' (expected 'READY') at t=2.5
[V2VProxy 5] Failed to trigger JOIN, will retry...
[V2VProxy 6] *** STOPPING at intersection! ***
[V2VProxy 6] Distance=31.3752m, t=2.5
[V2VProxy 6] triggerJoinViaJNI() called at t=2.5
[V2VProxy 6] FAILED: Server Status = 'Initializing' (expected 'READY') at t=2.5
[V2VProxy 6] Failed to trigger JOIN, will retry...
[V2VProxy 7] *** STOPPING at intersection! ***
[V2VProxy 7] Distance=26.7947m, t=2.5
[V2VProxy 7] triggerJoinViaJNI() called at t=2.5
[V2VProxy 7] FAILED: Server Status = 'Initializing' (expected 'READY') at t=2.5
[V2VProxy 7] Failed to trigger JOIN, will retry...
[V2V Layer 6] DEBUG: Creating connections...
[V2VNativeReplicaConnection] Created JNI connection from 6 to 0
    -> Native JNI connection to replica 0
[V2VNativeReplicaConnection] Created JNI connection from 6 to 1
    -> Native JNI connection to replica 1
[V2VNativeReplicaConnection] Created JNI connection from 6 to 2
    -> Native JNI connection to replica 2
[V2VNativeReplicaConnection] Created JNI connection from 6 to 3
    -> Native JNI connection to replica 3
[V2VNativeReplicaConnection] Created JNI connection from 6 to 4
    -> Native JNI connection to replica 4
[V2VNativeReplicaConnection] Created JNI connection from 6 to 5
    -> Native JNI connection to replica 5
[V2VNativeReplicaConnection] Created JNI connection from 6 to 7
    -> Native JNI connection to replica 7
==============================================
[V2V Layer 6] DEBUG: About to start communication thread...
[V2V Layer 7] DEBUG: Creating connections...
[V2VNativeReplicaConnection] Created JNI connection from 7 to 0
    -> Native JNI connection to replica 0
[V2VNativeReplicaConnection] Created JNI connection from 7 to 1
    -> Native JNI connection to replica 1
[V2VNativeReplicaConnection] Created JNI connection from 7 to 2
    -> Native JNI connection to replica 2
[V2VNativeReplicaConnection] Created JNI connection from 7 to 3
    -> Native JNI connection to replica 3
[V2VNativeReplicaConnection] Created JNI connection from 7 to 4
    -> Native JNI connection to replica 4
[V2VNativeReplicaConnection] Created JNI connection from 7 to 5
    -> Native JNI connection to replica 5
[V2VNativeReplicaConnection] Created JNI connection from 7 to 6
    -> Native JNI connection to replica 6
==============================================
[V2V Layer 7] DEBUG: About to start communication thread...
[V2V Layer 4] DEBUG: Creating connections...
[V2V Layer 6] DEBUG: start() called, thread should be running now
[V2V Layer 1] DEBUG: Creating connections...
[V2VNativeReplicaConnection] Created JNI connection from 1 to 0
    -> Native JNI connection to replica 0
[V2VNativeReplicaConnection] Created JNI connection from 1 to 2
    -> Native JNI connection to replica 2
[V2VNativeReplicaConnection] Created JNI connection from 4 to 0
    -> Native JNI connection to replica 0
[V2VNativeReplicaConnection] Created JNI connection from 4 to 1
==============================================
[V2V Layer 7] Communication thread STARTED
    Using JNI callbacks for message delivery
[V2V Layer 7] DEBUG: start() called, thread should be running now
[V2VNativeReplicaConnection] Created JNI connection from 1 to 3
    -> Native JNI connection to replica 3
[V2VNativeReplicaConnection] Created JNI connection from 1 to 4
    -> Native JNI connection to replica 4
[V2VNativeReplicaConnection] Created JNI connection from 1 to 5
[V2V Layer 5] DEBUG: Creating connections...
[V2VNativeReplicaConnection] Created JNI connection from 5 to 0
==============================================
    -> Native JNI connection to replica 0
[V2VNativeReplicaConnection] Created JNI connection from 5 to 1
    -> Native JNI connection to replica 5
[V2VNativeReplicaConnection] Created JNI connection from 1 to 6
    -> Native JNI connection to replica 6
[V2VNativeReplicaConnection] Created JNI connection from 1 to 7
    -> Native JNI connection to replica 7
==============================================
[V2V Layer 1] DEBUG: About to start communication thread...
==============================================
    -> Native JNI connection to replica 1
[V2VNativeReplicaConnection] Created JNI connection from 4 to 2
[V2V Layer 1] DEBUG: start() called, thread should be running now
    -> Native JNI connection to replica 2
[V2VNativeReplicaConnection] Created JNI connection from 4 to 3
    -> Native JNI connection to replica 3
[V2VNativeReplicaConnection] Created JNI connection from 4 to 5
    -> Native JNI connection to replica 5
[V2VNativeReplicaConnection] Created JNI connection from 4 to 6
    -> Native JNI connection to replica 6
[V2VNativeReplicaConnection] Created JNI connection from 4 to 7
==============================================
[V2V Layer 1] Communication thread STARTED
    Using JNI callbacks for message delivery
==============================================
    -> Native JNI connection to replica 1
[V2VNativeReplicaConnection] Created JNI connection from 5 to 2
    -> Native JNI connection to replica 2
[V2VNativeReplicaConnection] Created JNI connection from 5 to 3
    -> Native JNI connection to replica 3
[V2VNativeReplicaConnection] Created JNI connection from 5 to 4
    -> Native JNI connection to replica 4
[V2VNativeReplicaConnection] Created JNI connection from 5 to 6
    -> Native JNI connection to replica 6
[V2VNativeReplicaConnection] Created JNI connection from 5 to 7
    -> Native JNI connection to replica 7
==============================================
[V2V Layer 5] DEBUG: About to start communication thread...
[V2V Layer 6] Communication thread STARTED
    Using JNI callbacks for message delivery
==============================================
    -> Native JNI connection to replica 7
==============================================
[V2V Layer 4] DEBUG: About to start communication thread...
[V2V Layer 5] DEBUG: start() called, thread should be running now
==============================================
[V2V Layer 5] Communication thread STARTED
    Using JNI callbacks for message delivery
==============================================
[V2V Layer 4] DEBUG: start() called, thread should be running now
==============================================
[V2V Layer 4] Communication thread STARTED
    Using JNI callbacks for message delivery
==============================================
23:43:49.389 [Thread-6] DEBUG io.netty.util.internal.logging.InternalLoggerFactory - Using SLF4J as the default logging framework
23:43:49.391 [Thread-6] DEBUG io.netty.util.internal.InternalThreadLocalMap - -Dio.netty.threadLocalMap.stringBuilder.initialSize: 1024
23:43:49.391 [Thread-6] DEBUG io.netty.util.internal.InternalThreadLocalMap - -Dio.netty.threadLocalMap.stringBuilder.maxSize: 4096
[ServerRunner 0] Creating IntersectionServer after stagger delay...
[Server 0] DEBUG: Constructor started.
==================================================
[DEBUG] JVM Working Directory: /home/yash/omnetpp/fourway
[DEBUG] LOOK HERE FOR CONFIG: /home/yash/omnetpp/fourway/config
==================================================
[Server 0] Intersection Physics: width=15.0m, avgSpeed=14.0m/s, safetyGap=1.5s
[Server 0] DEBUG: About to create ServiceReplica (This might block)...
[Server 0] DEBUG: Thread = Thread-0
[Server 0] DEBUG: Current time = 1769154229455
[Server 0] DEBUG: Calling new ServiceReplica(0, ...)
[V2VProxy 0] *** STOPPING at intersection! ***
[V2VProxy 0] Distance=36.8213m, t=2.6
[V2VProxy 0] triggerJoinViaJNI() called at t=2.6
[V2VProxy 0] FAILED: Server Status = 'Initializing' (expected 'READY') at t=2.6
[V2VProxy 0] Failed to trigger JOIN, will retry...
[V2VProxy 1] *** STOPPING at intersection! ***
[V2VProxy 1] Distance=26.0227m, t=2.6
[V2VProxy 1] triggerJoinViaJNI() called at t=2.6
[V2VProxy 1] FAILED: Server Status = 'Initializing' (expected 'READY') at t=2.6
[V2VProxy 1] Failed to trigger JOIN, will retry...
[V2VProxy 2] *** STOPPING at intersection! ***
[V2VProxy 2] Distance=34.3591m, t=2.6
[V2VProxy 2] triggerJoinViaJNI() called at t=2.6
[V2VProxy 2] FAILED: Server Status = 'WaitingForPeers' (expected 'READY') at t=2.6
[V2VProxy 2] Failed to trigger JOIN, will retry...
[V2VProxy 3] *** STOPPING at intersection! ***
[V2VProxy 3] Distance=44.0344m, t=2.6
[V2VProxy 3] triggerJoinViaJNI() called at t=2.6
[V2VProxy 3] FAILED: Server Status = 'WaitingForPeers' (expected 'READY') at t=2.6
[V2VProxy 3] Failed to trigger JOIN, will retry...
[V2VProxy 4] *** STOPPING at intersection! ***
[V2VProxy 4] Distance=40.7771m, t=2.6
[V2VProxy 4] triggerJoinViaJNI() called at t=2.6
[V2VProxy 4] FAILED: Server Status = 'Initializing' (expected 'READY') at t=2.6
[V2VProxy 4] Failed to trigger JOIN, will retry...
[V2VProxy 5] *** STOPPING at intersection! ***
[V2VProxy 5] Distance=49.2809m, t=2.6
[V2VProxy 5] triggerJoinViaJNI() called at t=2.6
[V2VProxy 5] FAILED: Server Status = 'Initializing' (expected 'READY') at t=2.6
[V2VProxy 5] Failed to trigger JOIN, will retry...
[V2VProxy 6] *** STOPPING at intersection! ***
[V2VProxy 6] Distance=31.3752m, t=2.6
[V2VProxy 6] triggerJoinViaJNI() called at t=2.6
[V2VProxy 6] Barrier: 8/8 runners ready
[V2VProxy 6] FAILED: Server Status = 'Initializing' (expected 'READY') at t=2.6
[V2VProxy 6] Failed to trigger JOIN, will retry...
[V2VProxy 7] *** STOPPING at intersection! ***
[V2VProxy 7] Distance=26.7947m, t=2.6
[V2VProxy 7] triggerJoinViaJNI() called at t=2.6
[V2VProxy 7] FAILED: Server Status = 'Initializing' (expected 'READY') at t=2.6
[V2VProxy 7] Failed to trigger JOIN, will retry...
23:43:49.462 [Thread-0] INFO bftsmart.reconfiguration.ServerViewController - Using view stored on disk
23:43:49.465 [Thread-0] INFO bftsmart.communication.ServerCommunicationSystem - Using V2V communication layer on port 12000
[Reliability 0] Automatic retransmissions DISABLED - using piggybacked ACKs only
==============================================
[V2V Layer 0] INITIALIZING CONNECTIONS
    My ID: 0
    All replicas: [0, 1, 2, 3, 4, 5, 6, 7]
[V2V Layer 0] DEBUG: About to create V2VNativeBridge callback...
[V2V Layer 0] DEBUG: Callback created, creating V2VNativeBridge...
V2VNativeBridge0: Created, initializing immediately...
[JNI] nativeInit called for replica 0
[DEBUG V2VProxy 0] registerJavaCallback called
[DEBUG V2VProxy 0] Java callback registered successfully
[JNI] Successfully initialized V2V bridge for replica 0
V2VNativeBridge0: Initialized successfully, callback registered
[V2V Layer 0] DEBUG: Bridge created and callback registered!
[V2V Layer 0] DEBUG: Waiting 500ms for all peers to register callbacks...
23:43:49.544 [Thread-6] DEBUG io.netty.channel.MultithreadEventLoopGroup - -Dio.netty.eventLoopThreads: 48
[V2VProxy 0] *** STOPPING at intersection! ***
[V2VProxy 0] Distance=36.8213m, t=2.7
[V2VProxy 0] triggerJoinViaJNI() called at t=2.7
[V2VProxy 0] FAILED: Server Status = 'Initializing' (expected 'READY') at t=2.7
[V2VProxy 0] Failed to trigger JOIN, will retry...
[V2VProxy 1] *** STOPPING at intersection! ***
[V2VProxy 1] Distance=26.0227m, t=2.7
[V2VProxy 1] triggerJoinViaJNI() called at t=2.7
[V2VProxy 1] FAILED: Server Status = 'Initializing' (expected 'READY') at t=2.7
[V2VProxy 1] Failed to trigger JOIN, will retry...
[V2VProxy 2] *** STOPPING at intersection! ***
[V2VProxy 2] Distance=34.3591m, t=2.7
[V2VProxy 2] triggerJoinViaJNI() called at t=2.7
[V2VProxy 2] FAILED: Server Status = 'WaitingForPeers' (expected 'READY') at t=2.7
[V2VProxy 2] Failed to trigger JOIN, will retry...
[V2VProxy 3] *** STOPPING at intersection! ***
[V2VProxy 3] Distance=44.0344m, t=2.7
[V2VProxy 3] triggerJoinViaJNI() called at t=2.7
[V2VProxy 3] FAILED: Server Status = 'WaitingForPeers' (expected 'READY') at t=2.7
[V2VProxy 3] Failed to trigger JOIN, will retry...
[V2VProxy 4] *** STOPPING at intersection! ***
[V2VProxy 4] Distance=40.7771m, t=2.7
[V2VProxy 4] triggerJoinViaJNI() called at t=2.7
[V2VProxy 4] FAILED: Server Status = 'Initializing' (expected 'READY') at t=2.7
[V2VProxy 4] Failed to trigger JOIN, will retry...
[V2VProxy 5] *** STOPPING at intersection! ***
[V2VProxy 5] Distance=49.2809m, t=2.7
[V2VProxy 5] triggerJoinViaJNI() called at t=2.7
[V2VProxy 5] FAILED: Server Status = 'Initializing' (expected 'READY') at t=2.7
[V2VProxy 5] Failed to trigger JOIN, will retry...
[V2VProxy 6] *** STOPPING at intersection! ***
[V2VProxy 6] Distance=31.3752m, t=2.7
[V2VProxy 6] triggerJoinViaJNI() called at t=2.7
[V2VProxy 6] FAILED: Server Status = 'Initializing' (expected 'READY') at t=2.7
[V2VProxy 6] Failed to trigger JOIN, will retry...
[V2VProxy 7] *** STOPPING at intersection! ***
[V2VProxy 7] Distance=26.7947m, t=2.7
[V2VProxy 7] triggerJoinViaJNI() called at t=2.7
[V2VProxy 7] FAILED: Server Status = 'Initializing' (expected 'READY') at t=2.7
[V2VProxy 7] Failed to trigger JOIN, will retry...
23:43:49.562 [Thread-1] DEBUG io.netty.channel.nio.NioEventLoop - -Dio.netty.noKeySetOptimization: false
23:43:49.562 [Thread-1] DEBUG io.netty.channel.nio.NioEventLoop - -Dio.netty.selectorAutoRebuildThreshold: 512
23:43:49.573 [Thread-7] DEBUG io.netty.util.internal.PlatformDependent0 - -Dio.netty.noUnsafe: false
23:43:49.573 [Thread-7] DEBUG io.netty.util.internal.PlatformDependent0 - Java version: 11
23:43:49.575 [Thread-7] DEBUG io.netty.util.internal.PlatformDependent0 - sun.misc.Unsafe.theUnsafe: available
23:43:49.576 [Thread-7] DEBUG io.netty.util.internal.PlatformDependent0 - sun.misc.Unsafe.copyMemory: available
23:43:49.576 [Thread-7] DEBUG io.netty.util.internal.PlatformDependent0 - java.nio.Buffer.address: available
23:43:49.576 [Thread-7] DEBUG io.netty.util.internal.PlatformDependent0 - direct buffer constructor: unavailable: Reflective setAccessible(true) disabled
23:43:49.577 [Thread-7] DEBUG io.netty.util.internal.PlatformDependent0 - java.nio.Bits.unaligned: available, true
23:43:49.578 [Thread-7] DEBUG io.netty.util.internal.PlatformDependent0 - jdk.internal.misc.Unsafe.allocateUninitializedArray(int): unavailable: class io.netty.util.internal.PlatformDependent0$6 cannot access class jdk.internal.misc.Unsafe (in module java.base) because module java.base does not export jdk.internal.misc to unnamed module @4b9a89f9
23:43:49.579 [Thread-7] DEBUG io.netty.util.internal.PlatformDependent0 - java.nio.DirectByteBuffer.<init>(long, int): unavailable
23:43:49.579 [Thread-7] DEBUG io.netty.util.internal.PlatformDependent - sun.misc.Unsafe: available
23:43:49.594 [Thread-7] DEBUG io.netty.util.internal.PlatformDependent - maxDirectMemory: 1073741824 bytes (maybe)
23:43:49.594 [Thread-7] DEBUG io.netty.util.internal.PlatformDependent - -Dio.netty.tmpdir: /tmp (java.io.tmpdir)
23:43:49.594 [Thread-7] DEBUG io.netty.util.internal.PlatformDependent - -Dio.netty.bitMode: 64 (sun.arch.data.model)
23:43:49.596 [Thread-7] DEBUG io.netty.util.internal.PlatformDependent - -Dio.netty.maxDirectMemory: -1 bytes
23:43:49.596 [Thread-7] DEBUG io.netty.util.internal.PlatformDependent - -Dio.netty.uninitializedArrayAllocationThreshold: -1
23:43:49.596 [Thread-7] DEBUG io.netty.util.internal.CleanerJava9 - java.nio.ByteBuffer.cleaner(): available
23:43:49.597 [Thread-7] DEBUG io.netty.util.internal.PlatformDependent - -Dio.netty.noPreferDirect: false
23:43:49.601 [Thread-5] DEBUG io.netty.util.internal.PlatformDependent - org.jctools-core.MpscChunkedArrayQueue: available
[V2VProxy 0] *** STOPPING at intersection! ***
[V2VProxy 0] Distance=37.4398m, t=2.8
[V2VProxy 0] triggerJoinViaJNI() called at t=2.8
[V2VProxy 0] Barrier: 8/8 runners ready
[V2VProxy 0] FAILED: Server Status = 'Initializing' (expected 'READY') at t=2.8
[V2VProxy 0] Failed to trigger JOIN, will retry...
[V2VProxy 1] *** STOPPING at intersection! ***
[V2VProxy 1] Distance=26.1164m, t=2.8
[V2VProxy 1] triggerJoinViaJNI() called at t=2.8
[V2VProxy 1] FAILED: Server Status = 'Initializing' (expected 'READY') at t=2.8
[V2VProxy 1] Failed to trigger JOIN, will retry...
[V2VProxy 2] *** STOPPING at intersection! ***
[V2VProxy 2] Distance=33.8711m, t=2.8
[V2VProxy 2] triggerJoinViaJNI() called at t=2.8
[V2VProxy 2] FAILED: Server Status = 'WaitingForPeers' (expected 'READY') at t=2.8
[V2VProxy 2] Failed to trigger JOIN, will retry...
[V2VProxy 3] *** STOPPING at intersection! ***
[V2VProxy 3] Distance=43.5489m, t=2.8
[V2VProxy 3] triggerJoinViaJNI() called at t=2.8
[V2VProxy 3] FAILED: Server Status = 'WaitingForPeers' (expected 'READY') at t=2.8
[V2VProxy 3] Failed to trigger JOIN, will retry...
[V2VProxy 4] *** STOPPING at intersection! ***
[V2VProxy 4] Distance=40.7771m, t=2.8
[V2VProxy 4] triggerJoinViaJNI() called at t=2.8
[V2VProxy 4] FAILED: Server Status = 'Initializing' (expected 'READY') at t=2.8
[V2VProxy 4] Failed to trigger JOIN, will retry...
[V2VProxy 5] *** STOPPING at intersection! ***
[V2VProxy 5] Distance=49.198m, t=2.8
[V2VProxy 5] triggerJoinViaJNI() called at t=2.8
[V2VProxy 5] FAILED: Server Status = 'Initializing' (expected 'READY') at t=2.8
[V2VProxy 5] Failed to trigger JOIN, will retry...
[V2VProxy 6] *** STOPPING at intersection! ***
[V2VProxy 6] Distance=31.3752m, t=2.8
[V2VProxy 6] triggerJoinViaJNI() called at t=2.8
[V2VProxy 6] FAILED: Server Status = 'Initializing' (expected 'READY') at t=2.8
[V2VProxy 6] Failed to trigger JOIN, will retry...
[V2VProxy 7] *** STOPPING at intersection! ***
[V2VProxy 7] Distance=26.7947m, t=2.8
[V2VProxy 7] triggerJoinViaJNI() called at t=2.8
[V2VProxy 7] FAILED: Server Status = 'Initializing' (expected 'READY') at t=2.8
[V2VProxy 7] Failed to trigger JOIN, will retry...
23:43:49.725 [Thread-4] DEBUG io.netty.channel.DefaultChannelId - -Dio.netty.processId: 469973 (auto-detected)
23:43:49.726 [Thread-4] DEBUG io.netty.util.NetUtil - -Djava.net.preferIPv4Stack: false
23:43:49.726 [Thread-4] DEBUG io.netty.util.NetUtil - -Djava.net.preferIPv6Addresses: false
23:43:49.727 [Thread-4] DEBUG io.netty.util.NetUtilInitializations - Loopback interface: lo (lo, 0:0:0:0:0:0:0:1%lo)
23:43:49.727 [Thread-4] DEBUG io.netty.util.NetUtil - /proc/sys/net/core/somaxconn: 4096
23:43:49.728 [Thread-4] DEBUG io.netty.channel.DefaultChannelId - -Dio.netty.machineId: 00:15:5d:ff:fe:0e:da:db (auto-detected)
23:43:49.734 [Thread-6] DEBUG io.netty.util.ResourceLeakDetector - -Dio.netty.leakDetection.level: simple
23:43:49.735 [Thread-6] DEBUG io.netty.util.ResourceLeakDetector - -Dio.netty.leakDetection.targetRecords: 4
[V2VProxy 0] *** STOPPING at intersection! ***
[V2VProxy 0] Distance=37.4398m, t=2.9
[V2VProxy 0] triggerJoinViaJNI() called at t=2.9
[V2VProxy 0] FAILED: Server Status = 'Initializing' (expected 'READY') at t=2.9
[V2VProxy 0] Failed to trigger JOIN, will retry...
[V2VProxy 1] *** STOPPING at intersection! ***
[V2VProxy 1] Distance=26.1164m, t=2.9
[V2VProxy 1] triggerJoinViaJNI() called at t=2.9
[V2VProxy 1] FAILED: Server Status = 'Initializing' (expected 'READY') at t=2.9
[V2VProxy 1] Failed to trigger JOIN, will retry...
[V2VProxy 2] *** STOPPING at intersection! ***
[V2VProxy 2] Distance=33.8711m, t=2.9
[V2VProxy 2] triggerJoinViaJNI() called at t=2.9
[V2VProxy 2] Barrier: 8/8 runners ready
[V2VProxy 2] FAILED: Server Status = 'WaitingForPeers' (expected 'READY') at t=2.9
[V2VProxy 2] Failed to trigger JOIN, will retry...
[V2VProxy 3] *** STOPPING at intersection! ***
[V2VProxy 3] Distance=43.5489m, t=2.9
[V2VProxy 3] triggerJoinViaJNI() called at t=2.9
[V2VProxy 3] FAILED: Server Status = 'WaitingForPeers' (expected 'READY') at t=2.9
[V2VProxy 3] Failed to trigger JOIN, will retry...
[V2VProxy 4] *** STOPPING at intersection! ***
[V2VProxy 4] Distance=40.7771m, t=2.9
[V2VProxy 4] triggerJoinViaJNI() called at t=2.9
[V2VProxy 4] FAILED: Server Status = 'Initializing' (expected 'READY') at t=2.9
[V2VProxy 4] Failed to trigger JOIN, will retry...
[V2VProxy 5] *** STOPPING at intersection! ***
[V2VProxy 5] Distance=49.198m, t=2.9
[V2VProxy 5] triggerJoinViaJNI() called at t=2.9
[V2VProxy 5] FAILED: Server Status = 'Initializing' (expected 'READY') at t=2.9
[V2VProxy 5] Failed to trigger JOIN, will retry...
[V2VProxy 6] *** STOPPING at intersection! ***
[V2VProxy 6] Distance=31.3752m, t=2.9
[V2VProxy 6] triggerJoinViaJNI() called at t=2.9
[V2VProxy 6] FAILED: Server Status = 'Initializing' (expected 'READY') at t=2.9
[V2VProxy 6] Failed to trigger JOIN, will retry...
[V2VProxy 7] *** STOPPING at intersection! ***
[V2VProxy 7] Distance=26.7947m, t=2.9
[V2VProxy 7] triggerJoinViaJNI() called at t=2.9
[V2VProxy 7] FAILED: Server Status = 'Initializing' (expected 'READY') at t=2.9
[V2VProxy 7] Failed to trigger JOIN, will retry...
[ServerRunner 2] Creating IntersectionServer after stagger delay...
[Server 2] DEBUG: Constructor started.
==================================================
[DEBUG] JVM Working Directory: /home/yash/omnetpp/fourway
[DEBUG] LOOK HERE FOR CONFIG: /home/yash/omnetpp/fourway/config
==================================================
[Server 2] Intersection Physics: width=15.0m, avgSpeed=14.0m/s, safetyGap=1.5s
[Server 2] DEBUG: About to create ServiceReplica (This might block)...
[Server 2] DEBUG: Thread = Thread-2
[Server 2] DEBUG: Current time = 1769154229841
[Server 2] DEBUG: Calling new ServiceReplica(2, ...)
23:43:49.842 [Thread-1] DEBUG io.netty.buffer.PooledByteBufAllocator - -Dio.netty.allocator.numHeapArenas: 10
23:43:49.843 [Thread-1] DEBUG io.netty.buffer.PooledByteBufAllocator - -Dio.netty.allocator.numDirectArenas: 10
23:43:49.843 [Thread-1] DEBUG io.netty.buffer.PooledByteBufAllocator - -Dio.netty.allocator.pageSize: 8192
23:43:49.843 [Thread-1] DEBUG io.netty.buffer.PooledByteBufAllocator - -Dio.netty.allocator.maxOrder: 11
23:43:49.843 [Thread-1] DEBUG io.netty.buffer.PooledByteBufAllocator - -Dio.netty.allocator.chunkSize: 16777216
23:43:49.843 [Thread-1] DEBUG io.netty.buffer.PooledByteBufAllocator - -Dio.netty.allocator.smallCacheSize: 256
23:43:49.843 [Thread-1] DEBUG io.netty.buffer.PooledByteBufAllocator - -Dio.netty.allocator.normalCacheSize: 64
23:43:49.843 [Thread-1] DEBUG io.netty.buffer.PooledByteBufAllocator - -Dio.netty.allocator.maxCachedBufferCapacity: 32768
23:43:49.843 [Thread-1] DEBUG io.netty.buffer.PooledByteBufAllocator - -Dio.netty.allocator.cacheTrimInterval: 8192
23:43:49.843 [Thread-1] DEBUG io.netty.buffer.PooledByteBufAllocator - -Dio.netty.allocator.cacheTrimIntervalMillis: 0
23:43:49.843 [Thread-1] DEBUG io.netty.buffer.PooledByteBufAllocator - -Dio.netty.allocator.useCacheForAllThreads: true
23:43:49.843 [Thread-1] DEBUG io.netty.buffer.PooledByteBufAllocator - -Dio.netty.allocator.maxCachedByteBuffersPerChunk: 1023
23:43:49.844 [Thread-2] INFO bftsmart.reconfiguration.ServerViewController - Using view stored on disk
23:43:49.845 [Thread-2] INFO bftsmart.communication.ServerCommunicationSystem - Using V2V communication layer on port 12002
[Reliability 2] Automatic retransmissions DISABLED - using piggybacked ACKs only
==============================================
[V2V Layer 2] INITIALIZING CONNECTIONS
    My ID: 2
    All replicas: [0, 1, 2, 3, 4, 5, 6, 7]
[V2V Layer 2] DEBUG: About to create V2VNativeBridge callback...
[V2V Layer 2] DEBUG: Callback created, creating V2VNativeBridge...
V2VNativeBridge2: Created, initializing immediately...
[JNI] nativeInit called for replica 2
[DEBUG V2VProxy 2] registerJavaCallback called
[DEBUG V2VProxy 2] Java callback registered successfully
[JNI] Successfully initialized V2V bridge for replica 2
V2VNativeBridge2: Initialized successfully, callback registered
[V2V Layer 2] DEBUG: Bridge created and callback registered!
[V2V Layer 2] DEBUG: Waiting 500ms for all peers to register callbacks...
23:43:49.849 [Thread-1] DEBUG io.netty.buffer.ByteBufUtil - -Dio.netty.allocator.type: pooled
23:43:49.850 [Thread-1] DEBUG io.netty.buffer.ByteBufUtil - -Dio.netty.threadLocalDirectBufferSize: 0
23:43:49.850 [Thread-1] DEBUG io.netty.buffer.ByteBufUtil - -Dio.netty.maxThreadLocalCharBufferSize: 16384
23:43:49.857 [Thread-1] WARN io.netty.bootstrap.ServerBootstrap - Unknown channel option 'SO_KEEPALIVE' for channel '[id: 0xf3c2aa60]'
23:43:49.857 [Thread-5] WARN io.netty.bootstrap.ServerBootstrap - Unknown channel option 'SO_KEEPALIVE' for channel '[id: 0x46c0a2f6]'
23:43:49.857 [Thread-1] WARN io.netty.bootstrap.ServerBootstrap - Unknown channel option 'TCP_NODELAY' for channel '[id: 0xf3c2aa60]'
23:43:49.857 [Thread-6] WARN io.netty.bootstrap.ServerBootstrap - Unknown channel option 'SO_KEEPALIVE' for channel '[id: 0xf796e86d]'
23:43:49.857 [Thread-1] WARN io.netty.bootstrap.ServerBootstrap - Unknown channel option 'SO_SNDBUF' for channel '[id: 0xf3c2aa60]'
23:43:49.857 [Thread-6] WARN io.netty.bootstrap.ServerBootstrap - Unknown channel option 'TCP_NODELAY' for channel '[id: 0xf796e86d]'
23:43:49.857 [Thread-6] WARN io.netty.bootstrap.ServerBootstrap - Unknown channel option 'SO_SNDBUF' for channel '[id: 0xf796e86d]'
23:43:49.857 [Thread-4] WARN io.netty.bootstrap.ServerBootstrap - Unknown channel option 'SO_KEEPALIVE' for channel '[id: 0x7e768d1e]'
23:43:49.857 [Thread-7] WARN io.netty.bootstrap.ServerBootstrap - Unknown channel option 'SO_KEEPALIVE' for channel '[id: 0xf23b55d4]'
23:43:49.857 [Thread-5] WARN io.netty.bootstrap.ServerBootstrap - Unknown channel option 'TCP_NODELAY' for channel '[id: 0x46c0a2f6]'
23:43:49.858 [Thread-7] WARN io.netty.bootstrap.ServerBootstrap - Unknown channel option 'TCP_NODELAY' for channel '[id: 0xf23b55d4]'
23:43:49.858 [Thread-4] WARN io.netty.bootstrap.ServerBootstrap - Unknown channel option 'TCP_NODELAY' for channel '[id: 0x7e768d1e]'
23:43:49.858 [Thread-5] WARN io.netty.bootstrap.ServerBootstrap - Unknown channel option 'SO_SNDBUF' for channel '[id: 0x46c0a2f6]'
23:43:49.858 [Thread-7] WARN io.netty.bootstrap.ServerBootstrap - Unknown channel option 'SO_SNDBUF' for channel '[id: 0xf23b55d4]'
23:43:49.858 [Thread-4] WARN io.netty.bootstrap.ServerBootstrap - Unknown channel option 'SO_SNDBUF' for channel '[id: 0x7e768d1e]'
[V2VProxy 0] *** STOPPING at intersection! ***
[V2VProxy 0] Distance=37.9231m, t=3
[V2VProxy 0] triggerJoinViaJNI() called at t=3
[V2VProxy 0] FAILED: Server Status = 'Initializing' (expected 'READY') at t=3
[V2VProxy 0] Failed to trigger JOIN, will retry...
[V2VProxy 1] *** STOPPING at intersection! ***
[V2VProxy 1] Distance=26.1309m, t=3
[V2VProxy 1] triggerJoinViaJNI() called at t=3
[V2VProxy 1] FAILED: Server Status = 'Initializing' (expected 'READY') at t=3
[V2VProxy 1] Failed to trigger JOIN, will retry...
[V2VProxy 2] *** STOPPING at intersection! ***
[V2VProxy 2] Distance=33.5033m, t=3
[V2VProxy 2] triggerJoinViaJNI() called at t=3
[V2VProxy 2] FAILED: Server Status = 'Initializing' (expected 'READY') at t=3
[V2VProxy 2] Failed to trigger JOIN, will retry...
[V2VProxy 3] *** STOPPING at intersection! ***
[V2VProxy 3] Distance=43.2083m, t=3
[V2VProxy 3] triggerJoinViaJNI() called at t=3
[V2VProxy 3] FAILED: Server Status = 'WaitingForPeers' (expected 'READY') at t=3
[V2VProxy 3] Failed to trigger JOIN, will retry...
[V2VProxy 4] *** STOPPING at intersection! ***
[V2VProxy 4] Distance=40.7771m, t=3
[V2VProxy 4] triggerJoinViaJNI() called at t=3
[V2VProxy 4] Barrier: 8/8 runners ready
[V2VProxy 4] FAILED: Server Status = 'Initializing' (expected 'READY') at t=3
[V2VProxy 4] Failed to trigger JOIN, will retry...
[V2VProxy 5] *** STOPPING at intersection! ***
[V2VProxy 5] Distance=49.198m, t=3
[V2VProxy 5] triggerJoinViaJNI() called at t=3
[V2VProxy 5] FAILED: Server Status = 'Initializing' (expected 'READY') at t=3
[V2VProxy 5] Failed to trigger JOIN, will retry...
[V2VProxy 6] *** STOPPING at intersection! ***
[V2VProxy 6] Distance=31.3752m, t=3
[V2VProxy 6] triggerJoinViaJNI() called at t=3
[V2VProxy 6] FAILED: Server Status = 'Initializing' (expected 'READY') at t=3
[V2VProxy 6] Failed to trigger JOIN, will retry...
[V2VProxy 7] *** STOPPING at intersection! ***
[V2VProxy 7] Distance=26.7947m, t=3
[V2VProxy 7] triggerJoinViaJNI() called at t=3
[V2VProxy 7] FAILED: Server Status = 'Initializing' (expected 'READY') at t=3
[V2VProxy 7] Failed to trigger JOIN, will retry...
[ServerRunner 3] Creating IntersectionServer after stagger delay...
[Server 3] DEBUG: Constructor started.
==================================================
[DEBUG] JVM Working Directory: /home/yash/omnetpp/fourway
[DEBUG] LOOK HERE FOR CONFIG: /home/yash/omnetpp/fourway/config
==================================================
[Server 3] Intersection Physics: width=15.0m, avgSpeed=14.0m/s, safetyGap=1.5s
[Server 3] DEBUG: About to create ServiceReplica (This might block)...
[Server 3] DEBUG: Thread = Thread-3
[Server 3] DEBUG: Current time = 1769154229869
[Server 3] DEBUG: Calling new ServiceReplica(3, ...)
23:43:49.873 [Thread-3] INFO bftsmart.reconfiguration.ServerViewController - Using view stored on disk
23:43:49.875 [Thread-3] INFO bftsmart.communication.ServerCommunicationSystem - Using V2V communication layer on port 12003
[Reliability 3] Automatic retransmissions DISABLED - using piggybacked ACKs only
==============================================
[V2V Layer 3] INITIALIZING CONNECTIONS
    My ID: 3
    All replicas: [0, 1, 2, 3, 4, 5, 6, 7]
[V2V Layer 3] DEBUG: About to create V2VNativeBridge callback...
[V2V Layer 3] DEBUG: Callback created, creating V2VNativeBridge...
V2VNativeBridge3: Created, initializing immediately...
[JNI] nativeInit called for replica 3
[DEBUG V2VProxy 3] registerJavaCallback called
[DEBUG V2VProxy 3] Java callback registered successfully
[JNI] Successfully initialized V2V bridge for replica 3
V2VNativeBridge3: Initialized successfully, callback registered
[V2V Layer 3] DEBUG: Bridge created and callback registered!
[V2V Layer 3] DEBUG: Waiting 500ms for all peers to register callbacks...
23:43:49.880 [Thread-7] INFO bftsmart.communication.client.netty.NettyClientServerCommunicationSystemServerSide - ID = 7
23:43:49.880 [Thread-6] INFO bftsmart.communication.client.netty.NettyClientServerCommunicationSystemServerSide - ID = 6
23:43:49.881 [Thread-7] INFO bftsmart.communication.client.netty.NettyClientServerCommunicationSystemServerSide - N = 8
23:43:49.881 [Thread-6] INFO bftsmart.communication.client.netty.NettyClientServerCommunicationSystemServerSide - N = 8
23:43:49.881 [Thread-4] INFO bftsmart.communication.client.netty.NettyClientServerCommunicationSystemServerSide - ID = 4
23:43:49.881 [Thread-6] INFO bftsmart.communication.client.netty.NettyClientServerCommunicationSystemServerSide - F = 2
23:43:49.881 [Thread-7] INFO bftsmart.communication.client.netty.NettyClientServerCommunicationSystemServerSide - F = 2
23:43:49.881 [Thread-4] INFO bftsmart.communication.client.netty.NettyClientServerCommunicationSystemServerSide - N = 8
23:43:49.881 [Thread-5] INFO bftsmart.communication.client.netty.NettyClientServerCommunicationSystemServerSide - ID = 5
23:43:49.881 [Thread-6] INFO bftsmart.communication.client.netty.NettyClientServerCommunicationSystemServerSide - Port (client <-> server) = 11060
23:43:49.881 [Thread-7] INFO bftsmart.communication.client.netty.NettyClientServerCommunicationSystemServerSide - Port (client <-> server) = 11070
23:43:49.881 [Thread-5] INFO bftsmart.communication.client.netty.NettyClientServerCommunicationSystemServerSide - N = 8
23:43:49.881 [Thread-4] INFO bftsmart.communication.client.netty.NettyClientServerCommunicationSystemServerSide - F = 2
23:43:49.881 [Thread-1] INFO bftsmart.communication.client.netty.NettyClientServerCommunicationSystemServerSide - ID = 1
23:43:49.881 [Thread-5] INFO bftsmart.communication.client.netty.NettyClientServerCommunicationSystemServerSide - F = 2
23:43:49.881 [Thread-1] INFO bftsmart.communication.client.netty.NettyClientServerCommunicationSystemServerSide - N = 8
23:43:49.881 [Thread-1] INFO bftsmart.communication.client.netty.NettyClientServerCommunicationSystemServerSide - F = 2
23:43:49.881 [Thread-5] INFO bftsmart.communication.client.netty.NettyClientServerCommunicationSystemServerSide - Port (client <-> server) = 11050
23:43:49.881 [Thread-7] INFO bftsmart.communication.client.netty.NettyClientServerCommunicationSystemServerSide - Port (server <-> server) = 11071
23:43:49.881 [Thread-5] INFO bftsmart.communication.client.netty.NettyClientServerCommunicationSystemServerSide - Port (server <-> server) = 11051
23:43:49.881 [Thread-5] INFO bftsmart.communication.client.netty.NettyClientServerCommunicationSystemServerSide - requestTimeout = 100000
23:43:49.881 [Thread-5] INFO bftsmart.communication.client.netty.NettyClientServerCommunicationSystemServerSide - maxBatch = 8
23:43:49.881 [Thread-6] INFO bftsmart.communication.client.netty.NettyClientServerCommunicationSystemServerSide - Port (server <-> server) = 11061
23:43:49.881 [Thread-4] INFO bftsmart.communication.client.netty.NettyClientServerCommunicationSystemServerSide - Port (client <-> server) = 11040
23:43:49.881 [Thread-4] INFO bftsmart.communication.client.netty.NettyClientServerCommunicationSystemServerSide - Port (server <-> server) = 11041
23:43:49.881 [Thread-4] INFO bftsmart.communication.client.netty.NettyClientServerCommunicationSystemServerSide - requestTimeout = 100000
23:43:49.881 [Thread-1] INFO bftsmart.communication.client.netty.NettyClientServerCommunicationSystemServerSide - Port (client <-> server) = 11010
23:43:49.881 [Thread-1] INFO bftsmart.communication.client.netty.NettyClientServerCommunicationSystemServerSide - Port (server <-> server) = 11011
23:43:49.881 [Thread-7] INFO bftsmart.communication.client.netty.NettyClientServerCommunicationSystemServerSide - requestTimeout = 100000
23:43:49.881 [Thread-7] INFO bftsmart.communication.client.netty.NettyClientServerCommunicationSystemServerSide - maxBatch = 8
23:43:49.881 [Thread-7] INFO bftsmart.communication.client.netty.NettyClientServerCommunicationSystemServerSide - Binded replica to IP address 127.0.0.1
23:43:49.881 [Thread-5] INFO bftsmart.communication.client.netty.NettyClientServerCommunicationSystemServerSide - Binded replica to IP address 127.0.0.1
23:43:49.881 [Thread-7] INFO bftsmart.communication.client.netty.NettyClientServerCommunicationSystemServerSide - Optimizations:  Read-only Requests: disabled
23:43:49.881 [Thread-5] INFO bftsmart.communication.client.netty.NettyClientServerCommunicationSystemServerSide - Optimizations:  Read-only Requests: disabled
23:43:49.881 [Thread-6] INFO bftsmart.communication.client.netty.NettyClientServerCommunicationSystemServerSide - requestTimeout = 100000
23:43:49.881 [Thread-5] INFO bftsmart.communication.client.netty.NettyClientServerCommunicationSystemServerSide - SSL/TLS enabled, protocol version: TLSv1.2
23:43:49.881 [Thread-6] INFO bftsmart.communication.client.netty.NettyClientServerCommunicationSystemServerSide - maxBatch = 8
23:43:49.881 [Thread-4] INFO bftsmart.communication.client.netty.NettyClientServerCommunicationSystemServerSide - maxBatch = 8
23:43:49.882 [Thread-6] INFO bftsmart.communication.client.netty.NettyClientServerCommunicationSystemServerSide - Binded replica to IP address 127.0.0.1
23:43:49.881 [Thread-1] INFO bftsmart.communication.client.netty.NettyClientServerCommunicationSystemServerSide - requestTimeout = 100000
23:43:49.881 [Thread-7] INFO bftsmart.communication.client.netty.NettyClientServerCommunicationSystemServerSide - SSL/TLS enabled, protocol version: TLSv1.2
23:43:49.882 [Thread-5] INFO bftsmart.tom.ServiceReplica - In current view: ID:0; F:2; Processes:0(/127.0.0.1:11000),1(/127.0.0.1:11010),2(/127.0.0.1:11020),3(/127.0.0.1:11030),4(/127.0.0.1:11040),5(/127.0.0.1:11050),6(/127.0.0.1:11060),7(/127.0.0.1:11070),
23:43:49.882 [Thread-7] INFO bftsmart.tom.ServiceReplica - In current view: ID:0; F:2; Processes:0(/127.0.0.1:11000),1(/127.0.0.1:11010),2(/127.0.0.1:11020),3(/127.0.0.1:11030),4(/127.0.0.1:11040),5(/127.0.0.1:11050),6(/127.0.0.1:11060),7(/127.0.0.1:11070),
23:43:49.882 [Thread-4] INFO bftsmart.communication.client.netty.NettyClientServerCommunicationSystemServerSide - Binded replica to IP address 127.0.0.1
23:43:49.882 [Thread-6] INFO bftsmart.communication.client.netty.NettyClientServerCommunicationSystemServerSide - Optimizations:  Read-only Requests: disabled
23:43:49.882 [Thread-1] INFO bftsmart.communication.client.netty.NettyClientServerCommunicationSystemServerSide - maxBatch = 8
23:43:49.882 [Thread-1] INFO bftsmart.communication.client.netty.NettyClientServerCommunicationSystemServerSide - Binded replica to IP address 127.0.0.1
23:43:49.882 [Thread-4] INFO bftsmart.communication.client.netty.NettyClientServerCommunicationSystemServerSide - Optimizations:  Read-only Requests: disabled
23:43:49.882 [Thread-1] INFO bftsmart.communication.client.netty.NettyClientServerCommunicationSystemServerSide - Optimizations:  Read-only Requests: disabled
23:43:49.882 [Thread-1] INFO bftsmart.communication.client.netty.NettyClientServerCommunicationSystemServerSide - SSL/TLS enabled, protocol version: TLSv1.2
23:43:49.882 [Thread-6] INFO bftsmart.communication.client.netty.NettyClientServerCommunicationSystemServerSide - SSL/TLS enabled, protocol version: TLSv1.2
23:43:49.882 [Thread-4] INFO bftsmart.communication.client.netty.NettyClientServerCommunicationSystemServerSide - SSL/TLS enabled, protocol version: TLSv1.2
23:43:49.882 [Thread-6] INFO bftsmart.tom.ServiceReplica - In current view: ID:0; F:2; Processes:0(/127.0.0.1:11000),1(/127.0.0.1:11010),2(/127.0.0.1:11020),3(/127.0.0.1:11030),4(/127.0.0.1:11040),5(/127.0.0.1:11050),6(/127.0.0.1:11060),7(/127.0.0.1:11070),
23:43:49.882 [Thread-1] INFO bftsmart.tom.ServiceReplica - In current view: ID:0; F:2; Processes:0(/127.0.0.1:11000),1(/127.0.0.1:11010),2(/127.0.0.1:11020),3(/127.0.0.1:11030),4(/127.0.0.1:11040),5(/127.0.0.1:11050),6(/127.0.0.1:11060),7(/127.0.0.1:11070),
23:43:49.882 [Thread-4] INFO bftsmart.tom.ServiceReplica - In current view: ID:0; F:2; Processes:0(/127.0.0.1:11000),1(/127.0.0.1:11010),2(/127.0.0.1:11020),3(/127.0.0.1:11030),4(/127.0.0.1:11040),5(/127.0.0.1:11050),6(/127.0.0.1:11060),7(/127.0.0.1:11070),
23:43:49.906 [Delivery Thread] WARN bftsmart.tom.core.DeliveryThread - ***********************************************************
23:43:49.906 [Delivery Thread] WARN bftsmart.tom.core.DeliveryThread - V2V MODE: Skipping state retrieval (fresh start assumed)
23:43:49.906 [Delivery Thread] WARN bftsmart.tom.core.DeliveryThread - State sync would fail due to V2V collisions during init
23:43:49.906 [Delivery Thread] WARN bftsmart.tom.core.DeliveryThread - ***********************************************************
23:43:49.906 [Delivery Thread] INFO bftsmart.tom.core.DeliveryThread - 
		###################################
		    Ready to process operations    
		###################################
23:43:49.906 [Delivery Thread] WARN bftsmart.tom.core.DeliveryThread - ***********************************************************
23:43:49.906 [Delivery Thread] WARN bftsmart.tom.core.DeliveryThread - V2V MODE: Skipping state retrieval (fresh start assumed)
23:43:49.906 [Delivery Thread] WARN bftsmart.tom.core.DeliveryThread - State sync would fail due to V2V collisions during init
23:43:49.906 [Delivery Thread] WARN bftsmart.tom.core.DeliveryThread - ***********************************************************
23:43:49.906 [Delivery Thread] INFO bftsmart.tom.core.DeliveryThread - 
		###################################
		    Ready to process operations    
		###################################
23:43:49.907 [Delivery Thread] WARN bftsmart.tom.core.DeliveryThread - ***********************************************************
23:43:49.907 [Delivery Thread] WARN bftsmart.tom.core.DeliveryThread - V2V MODE: Skipping state retrieval (fresh start assumed)
23:43:49.907 [Delivery Thread] WARN bftsmart.tom.core.DeliveryThread - State sync would fail due to V2V collisions during init
23:43:49.907 [Delivery Thread] WARN bftsmart.tom.core.DeliveryThread - ***********************************************************
23:43:49.907 [Delivery Thread] INFO bftsmart.tom.core.DeliveryThread - 
		###################################
		    Ready to process operations    
		###################################
23:43:49.907 [Delivery Thread] WARN bftsmart.tom.core.DeliveryThread - ***********************************************************
23:43:49.907 [Delivery Thread] WARN bftsmart.tom.core.DeliveryThread - V2V MODE: Skipping state retrieval (fresh start assumed)
23:43:49.907 [Delivery Thread] WARN bftsmart.tom.core.DeliveryThread - State sync would fail due to V2V collisions during init
23:43:49.907 [Delivery Thread] WARN bftsmart.tom.core.DeliveryThread - ***********************************************************
23:43:49.907 [Delivery Thread] INFO bftsmart.tom.core.DeliveryThread - 
		###################################
		    Ready to process operations    
		###################################
23:43:49.907 [Delivery Thread] WARN bftsmart.tom.core.DeliveryThread - ***********************************************************
23:43:49.907 [Delivery Thread] WARN bftsmart.tom.core.DeliveryThread - V2V MODE: Skipping state retrieval (fresh start assumed)
23:43:49.907 [Delivery Thread] WARN bftsmart.tom.core.DeliveryThread - State sync would fail due to V2V collisions during init
23:43:49.907 [Delivery Thread] WARN bftsmart.tom.core.DeliveryThread - ***********************************************************
23:43:49.907 [Delivery Thread] INFO bftsmart.tom.core.DeliveryThread - 
		###################################
		    Ready to process operations    
		###################################
23:43:49.910 [TOM Layer] DEBUG bftsmart.tom.core.TOMLayer - Running.
23:43:49.910 [TOM Layer] DEBUG bftsmart.tom.core.TOMLayer - Running.
23:43:49.910 [TOM Layer] DEBUG bftsmart.tom.core.TOMLayer - Next leader for CID=0: 0
23:43:49.910 [TOM Layer] DEBUG bftsmart.tom.core.TOMLayer - Next leader for CID=0: 0
23:43:49.910 [TOM Layer] DEBUG bftsmart.tom.core.TOMLayer - Running.
23:43:49.911 [TOM Layer] DEBUG bftsmart.tom.core.TOMLayer - Next leader for CID=0: 0
23:43:49.911 [TOM Layer] DEBUG bftsmart.tom.core.TOMLayer - Running.
23:43:49.911 [TOM Layer] DEBUG bftsmart.tom.core.TOMLayer - Next leader for CID=0: 0
23:43:49.912 [TOM Layer] DEBUG bftsmart.tom.core.TOMLayer - Running.
23:43:49.912 [TOM Layer] DEBUG bftsmart.tom.core.TOMLayer - Next leader for CID=0: 0
[STATE] Snapshot taken. Buffer size: 0, Batch processed: false
23:43:49.928 [Thread-4] WARN bftsmart.statemanagement.standard.StandardStateManager - ***********************************************************
23:43:49.928 [Thread-4] WARN bftsmart.statemanagement.standard.StandardStateManager - V2V MODE: Skipping initial CID sync (fresh start assumed)
[STATE] Snapshot taken. Buffer size: 0, Batch processed: false
23:43:49.928 [Thread-4] WARN bftsmart.statemanagement.standard.StandardStateManager - V2V collisions prevent reliable quorum during init
23:43:49.928 [Thread-4] WARN bftsmart.statemanagement.standard.StandardStateManager - ***********************************************************
23:43:49.928 [Thread-5] WARN bftsmart.statemanagement.standard.StandardStateManager - ***********************************************************
23:43:49.928 [Thread-5] WARN bftsmart.statemanagement.standard.StandardStateManager - V2V MODE: Skipping initial CID sync (fresh start assumed)
23:43:49.928 [Thread-5] WARN bftsmart.statemanagement.standard.StandardStateManager - V2V collisions prevent reliable quorum during init
23:43:49.928 [Thread-5] WARN bftsmart.statemanagement.standard.StandardStateManager - ***********************************************************
23:43:49.928 [Delivery Thread] DEBUG bftsmart.tom.core.DeliveryThread - Current size of the decided queue: 0
23:43:49.928 [Delivery Thread] DEBUG bftsmart.tom.core.DeliveryThread - Current size of the decided queue: 0
[STATE] Snapshot taken. Buffer size: 0, Batch processed: false
23:43:49.928 [Thread-7] WARN bftsmart.statemanagement.standard.StandardStateManager - ***********************************************************
23:43:49.928 [Thread-7] WARN bftsmart.statemanagement.standard.StandardStateManager - V2V MODE: Skipping initial CID sync (fresh start assumed)
23:43:49.928 [Thread-7] WARN bftsmart.statemanagement.standard.StandardStateManager - V2V collisions prevent reliable quorum during init
23:43:49.928 [Thread-7] WARN bftsmart.statemanagement.standard.StandardStateManager - ***********************************************************
23:43:49.928 [Delivery Thread] DEBUG bftsmart.tom.core.DeliveryThread - Current size of the decided queue: 0
23:43:49.929 [Thread-7] DEBUG bftsmart.tom.core.TOMLayer - Setting last exec to -1
23:43:49.929 [Thread-5] DEBUG bftsmart.tom.core.TOMLayer - Setting last exec to -1
[Server 7] DEBUG: *** ServiceReplica constructor returned! ***
[Server 5] DEBUG: *** ServiceReplica constructor returned! ***
[Server 7] DEBUG: Replica object = bftsmart.tom.ServiceReplica@29ddb94b
[Server 5] DEBUG: Replica object = bftsmart.tom.ServiceReplica@573436fa
[Server 5] DEBUG: *** ServiceReplica constructor RETURNED! ***
[Server 5] DEBUG: About to register in readyServers map...
23:43:49.929 [Thread-4] DEBUG bftsmart.tom.core.TOMLayer - Setting last exec to -1
[IntersectionServer 5] ========================================
[Server 4] DEBUG: *** ServiceReplica constructor returned! ***
[Server 4] DEBUG: Replica object = bftsmart.tom.ServiceReplica@3a335644
[Server 4] DEBUG: *** ServiceReplica constructor RETURNED! ***
[Server 4] DEBUG: About to register in readyServers map...
[IntersectionServer 4] ========================================
[IntersectionServer 4] *** REGISTERED as Ready! ***
[Server 7] DEBUG: *** ServiceReplica constructor RETURNED! ***
[Server 7] DEBUG: About to register in readyServers map...
[IntersectionServer 7] ========================================
[IntersectionServer 7] *** REGISTERED as Ready! ***
[IntersectionServer 7] *** Waiting for OMNeT++ trigger. ***
[IntersectionServer 7] ========================================
[IntersectionServer 4] *** Waiting for OMNeT++ trigger. ***
[IntersectionServer 4] ========================================
[ServerRunner 4] ========================================
[IntersectionServer 5] *** REGISTERED as Ready! ***
[IntersectionServer 5] *** Waiting for OMNeT++ trigger. ***
[IntersectionServer 5] ========================================
[ServerRunner 4] *** REPLICA IS NOW READY ***
[ServerRunner 7] ========================================
[ServerRunner 7] *** REPLICA IS NOW READY ***
[ServerRunner 4] *** Time: 1769154229930 ms
[ServerRunner 4] ========================================
[ServerRunner 5] ========================================
[ServerRunner 5] *** REPLICA IS NOW READY ***
[ServerRunner 5] *** Time: 1769154229930 ms
[ServerRunner 5] ========================================
[ServerRunner 7] *** Time: 1769154229930 ms
[ServerRunner 7] ========================================
[STATE] Snapshot taken. Buffer size: 0, Batch processed: false
23:43:49.934 [Thread-6] WARN bftsmart.statemanagement.standard.StandardStateManager - ***********************************************************
23:43:49.934 [Thread-6] WARN bftsmart.statemanagement.standard.StandardStateManager - V2V MODE: Skipping initial CID sync (fresh start assumed)
23:43:49.934 [Thread-6] WARN bftsmart.statemanagement.standard.StandardStateManager - V2V collisions prevent reliable quorum during init
23:43:49.934 [Thread-6] WARN bftsmart.statemanagement.standard.StandardStateManager - ***********************************************************
23:43:49.934 [Delivery Thread] DEBUG bftsmart.tom.core.DeliveryThread - Current size of the decided queue: 0
23:43:49.934 [Thread-6] DEBUG bftsmart.tom.core.TOMLayer - Setting last exec to -1
[Server 6] DEBUG: *** ServiceReplica constructor returned! ***
[Server 6] DEBUG: Replica object = bftsmart.tom.ServiceReplica@46973af0
[Server 6] DEBUG: *** ServiceReplica constructor RETURNED! ***
[Server 6] DEBUG: About to register in readyServers map...
[IntersectionServer 6] ========================================
[IntersectionServer 6] *** REGISTERED as Ready! ***
[IntersectionServer 6] *** Waiting for OMNeT++ trigger. ***
[IntersectionServer 6] ========================================
[ServerRunner 6] ========================================
[ServerRunner 6] *** REPLICA IS NOW READY ***
[ServerRunner 6] *** Time: 1769154229934 ms
[ServerRunner 6] ========================================
[STATE] Snapshot taken. Buffer size: 0, Batch processed: false
23:43:49.935 [Thread-1] WARN bftsmart.statemanagement.standard.StandardStateManager - ***********************************************************
23:43:49.935 [Thread-1] WARN bftsmart.statemanagement.standard.StandardStateManager - V2V MODE: Skipping initial CID sync (fresh start assumed)
23:43:49.935 [Thread-1] WARN bftsmart.statemanagement.standard.StandardStateManager - V2V collisions prevent reliable quorum during init
23:43:49.935 [Thread-1] WARN bftsmart.statemanagement.standard.StandardStateManager - ***********************************************************
23:43:49.935 [Delivery Thread] DEBUG bftsmart.tom.core.DeliveryThread - Current size of the decided queue: 0
23:43:49.935 [Thread-1] DEBUG bftsmart.tom.core.TOMLayer - Setting last exec to -1
[Server 1] DEBUG: *** ServiceReplica constructor returned! ***
[Server 1] DEBUG: Replica object = bftsmart.tom.ServiceReplica@7ee7d254
[Server 1] DEBUG: *** ServiceReplica constructor RETURNED! ***
[Server 1] DEBUG: About to register in readyServers map...
[IntersectionServer 1] ========================================
[IntersectionServer 1] *** REGISTERED as Ready! ***
[IntersectionServer 1] *** Waiting for OMNeT++ trigger. ***
[IntersectionServer 1] ========================================
[ServerRunner 1] ========================================
[ServerRunner 1] *** REPLICA IS NOW READY ***
[ServerRunner 1] *** Time: 1769154229936 ms
[ServerRunner 1] ========================================
[V2VProxy 0] *** STOPPING at intersection! ***
[V2VProxy 0] Distance=37.9231m, t=3.1
[V2VProxy 0] triggerJoinViaJNI() called at t=3.1
[V2VProxy 0] FAILED: Server Status = 'Initializing' (expected 'READY') at t=3.1
[V2VProxy 0] Failed to trigger JOIN, will retry...
[V2VProxy 1] *** STOPPING at intersection! ***
[V2VProxy 1] Distance=26.1309m, t=3.1
[V2VProxy 1] triggerJoinViaJNI() called at t=3.1
[V2VProxy 1] PASSED: Server Status = 'READY'
[V2VProxy 1] PASSED: isReplicaReady() = true
[IntersectionServer 1] triggerJoin() called by OMNeT++
[V2VProxy 1] SUCCESS: Triggered Join at t=3.1
[V2VProxy 1] Consensus Timer STARTED at 3.1
[V2VProxy 1] Consensus timeout set for 40s
[V2VProxy 2] *** STOPPING at intersection! ***
[V2VProxy 2] Distance=33.5033m, t=3.1
[V2VProxy 2] triggerJoinViaJNI() called at t=3.1
[V2VProxy 2] FAILED: Server Status = 'Initializing' (expected 'READY') at t=3.1
[V2VProxy 2] Failed to trigger JOIN, will retry...
[V2VProxy 3] *** STOPPING at intersection! ***
[V2VProxy 3] Distance=43.2083m, t=3.1
[V2VProxy 3] triggerJoinViaJNI() called at t=3.1
[V2VProxy 3] FAILED: Server Status = 'Initializing' (expected 'READY') at t=3.1
[V2VProxy 3] Failed to trigger JOIN, will retry...
[V2VProxy 4] *** STOPPING at intersection! ***
[V2VProxy 4] Distance=40.7771m, t=3.1
[V2VProxy 4] triggerJoinViaJNI() called at t=3.1
[V2VProxy 4] PASSED: Server Status = 'READY'
[V2VProxy 4] PASSED: isReplicaReady() = true
[IntersectionServer 4] triggerJoin() called by OMNeT++
[V2VProxy 4] SUCCESS: Triggered Join at t=3.1
[V2VProxy 4] Consensus Timer STARTED at 3.1
[V2VProxy 4] Consensus timeout set for 40s
[V2VProxy 5] *** STOPPING at intersection! ***
[V2VProxy 5] Distance=49.198m, t=3.1
[V2VProxy 5] triggerJoinViaJNI() called at t=3.1
[V2VProxy 5] PASSED: Server Status = 'READY'
[V2VProxy 5] PASSED: isReplicaReady() = true
[IntersectionServer 5] triggerJoin() called by OMNeT++
[V2VProxy 5] SUCCESS: Triggered Join at t=3.1
[V2VProxy 5] Consensus Timer STARTED at 3.1
[V2VProxy 5] Consensus timeout set for 40s
[V2VProxy 6] *** STOPPING at intersection! ***
[V2VProxy 6] Distance=31.3752m, t=3.1
[V2VProxy 6] triggerJoinViaJNI() called at t=3.1
[V2VProxy 6] Barrier: 8/8 runners ready
[V2VProxy 6] PASSED: Server Status = 'READY'
[V2VProxy 6] PASSED: isReplicaReady() = true
[IntersectionServer 6] triggerJoin() called by OMNeT++
[V2VProxy 6] SUCCESS: Triggered Join at t=3.1
[V2VProxy 6] Consensus Timer STARTED at 3.1
[V2VProxy 6] Consensus timeout set for 40s
[V2VProxy 7] *** STOPPING at intersection! ***
[V2VProxy 7] Distance=26.7947m, t=3.1
[V2VProxy 7] triggerJoinViaJNI() called at t=3.1
[V2VProxy 7] PASSED: Server Status = 'READY'
[V2VProxy 7] PASSED: isReplicaReady() = true
[IntersectionServer 7] triggerJoin() called by OMNeT++
[V2VProxy 7] SUCCESS: Triggered Join at t=3.1
[V2VProxy 7] Consensus Timer STARTED at 3.1
[V2VProxy 7] Consensus timeout set for 40s
[V2V Layer 0] DEBUG: Creating connections...
[V2VNativeReplicaConnection] Created JNI connection from 0 to 1
    -> Native JNI connection to replica 1
[V2VNativeReplicaConnection] Created JNI connection from 0 to 2
    -> Native JNI connection to replica 2
[V2VNativeReplicaConnection] Created JNI connection from 0 to 3
    -> Native JNI connection to replica 3
[V2VNativeReplicaConnection] Created JNI connection from 0 to 4
    -> Native JNI connection to replica 4
[V2VNativeReplicaConnection] Created JNI connection from 0 to 5
    -> Native JNI connection to replica 5
[V2VNativeReplicaConnection] Created JNI connection from 0 to 6
    -> Native JNI connection to replica 6
[V2VNativeReplicaConnection] Created JNI connection from 0 to 7
    -> Native JNI connection to replica 7
==============================================
[V2V Layer 0] DEBUG: About to start communication thread...
[V2V Layer 0] DEBUG: start() called, thread should be running now
==============================================
[V2V Layer 0] Communication thread STARTED
    Using JNI callbacks for message delivery
==============================================
23:43:49.969 [Thread-0] WARN io.netty.bootstrap.ServerBootstrap - Unknown channel option 'SO_KEEPALIVE' for channel '[id: 0x2b0303dc]'
23:43:49.969 [Thread-0] WARN io.netty.bootstrap.ServerBootstrap - Unknown channel option 'TCP_NODELAY' for channel '[id: 0x2b0303dc]'
23:43:49.969 [Thread-0] WARN io.netty.bootstrap.ServerBootstrap - Unknown channel option 'SO_SNDBUF' for channel '[id: 0x2b0303dc]'
23:43:49.976 [Thread-0] INFO bftsmart.communication.client.netty.NettyClientServerCommunicationSystemServerSide - ID = 0
23:43:49.976 [Thread-0] INFO bftsmart.communication.client.netty.NettyClientServerCommunicationSystemServerSide - N = 8
23:43:49.976 [Thread-0] INFO bftsmart.communication.client.netty.NettyClientServerCommunicationSystemServerSide - F = 2
23:43:49.976 [Thread-0] INFO bftsmart.communication.client.netty.NettyClientServerCommunicationSystemServerSide - Port (client <-> server) = 11000
23:43:49.976 [Thread-0] INFO bftsmart.communication.client.netty.NettyClientServerCommunicationSystemServerSide - Port (server <-> server) = 11001
23:43:49.976 [Thread-0] INFO bftsmart.communication.client.netty.NettyClientServerCommunicationSystemServerSide - requestTimeout = 100000
23:43:49.976 [Thread-0] INFO bftsmart.communication.client.netty.NettyClientServerCommunicationSystemServerSide - maxBatch = 8
23:43:49.976 [Thread-0] INFO bftsmart.communication.client.netty.NettyClientServerCommunicationSystemServerSide - Binded replica to IP address 127.0.0.1
23:43:49.976 [Thread-0] INFO bftsmart.communication.client.netty.NettyClientServerCommunicationSystemServerSide - Optimizations:  Read-only Requests: disabled
23:43:49.976 [Thread-0] INFO bftsmart.communication.client.netty.NettyClientServerCommunicationSystemServerSide - SSL/TLS enabled, protocol version: TLSv1.2
23:43:49.977 [Thread-0] INFO bftsmart.tom.ServiceReplica - In current view: ID:0; F:2; Processes:0(/127.0.0.1:11000),1(/127.0.0.1:11010),2(/127.0.0.1:11020),3(/127.0.0.1:11030),4(/127.0.0.1:11040),5(/127.0.0.1:11050),6(/127.0.0.1:11060),7(/127.0.0.1:11070),
23:43:49.993 [Delivery Thread] WARN bftsmart.tom.core.DeliveryThread - ***********************************************************
23:43:49.994 [Delivery Thread] WARN bftsmart.tom.core.DeliveryThread - V2V MODE: Skipping state retrieval (fresh start assumed)
23:43:49.994 [Delivery Thread] WARN bftsmart.tom.core.DeliveryThread - State sync would fail due to V2V collisions during init
23:43:49.994 [Delivery Thread] WARN bftsmart.tom.core.DeliveryThread - ***********************************************************
23:43:49.994 [Delivery Thread] INFO bftsmart.tom.core.DeliveryThread - 
		###################################
		    Ready to process operations    
		###################################
23:43:49.994 [TOM Layer] DEBUG bftsmart.tom.core.TOMLayer - Running.
23:43:49.994 [TOM Layer] DEBUG bftsmart.tom.core.TOMLayer - Next leader for CID=0: 0
23:43:49.994 [TOM Layer] DEBUG bftsmart.tom.core.TOMLayer - I'm the leader.
23:43:49.994 [TOM Layer] DEBUG bftsmart.tom.core.TOMLayer - Waiting for enough requests
[STATE] Snapshot taken. Buffer size: 0, Batch processed: false
23:43:50.000 [Thread-0] WARN bftsmart.statemanagement.standard.StandardStateManager - ***********************************************************
23:43:50.000 [Thread-0] WARN bftsmart.statemanagement.standard.StandardStateManager - V2V MODE: Skipping initial CID sync (fresh start assumed)
23:43:50.000 [Thread-0] WARN bftsmart.statemanagement.standard.StandardStateManager - V2V collisions prevent reliable quorum during init
23:43:50.000 [Thread-0] WARN bftsmart.statemanagement.standard.StandardStateManager - ***********************************************************
23:43:50.000 [Delivery Thread] DEBUG bftsmart.tom.core.DeliveryThread - Current size of the decided queue: 0
23:43:50.001 [Thread-0] DEBUG bftsmart.tom.core.TOMLayer - Setting last exec to -1
[Server 0] DEBUG: *** ServiceReplica constructor returned! ***
[Server 0] DEBUG: Replica object = bftsmart.tom.ServiceReplica@4c899925
[Server 0] DEBUG: *** ServiceReplica constructor RETURNED! ***
[Server 0] DEBUG: About to register in readyServers map...
[IntersectionServer 0] ========================================
[IntersectionServer 0] *** REGISTERED as Ready! ***
[IntersectionServer 0] *** Waiting for OMNeT++ trigger. ***
[IntersectionServer 0] ========================================
[ServerRunner 0] ========================================
[ServerRunner 0] *** REPLICA IS NOW READY ***
[ServerRunner 0] *** Time: 1769154230001 ms
[ServerRunner 0] ========================================
23:43:50.026 [Thread-112] DEBUG bftsmart.communication.client.netty.NettyClientServerCommunicationSystemClientSide - ClientID 1004, connecting to replica 0, at address: /127.0.0.1:11000
23:43:50.026 [Thread-111] DEBUG bftsmart.communication.client.netty.NettyClientServerCommunicationSystemClientSide - ClientID 1001, connecting to replica 0, at address: /127.0.0.1:11000
23:43:50.026 [Thread-113] DEBUG bftsmart.communication.client.netty.NettyClientServerCommunicationSystemClientSide - ClientID 1005, connecting to replica 0, at address: /127.0.0.1:11000
23:43:50.026 [Thread-114] DEBUG bftsmart.communication.client.netty.NettyClientServerCommunicationSystemClientSide - ClientID 1006, connecting to replica 0, at address: /127.0.0.1:11000
23:43:50.027 [Thread-115] DEBUG bftsmart.communication.client.netty.NettyClientServerCommunicationSystemClientSide - ClientID 1007, connecting to replica 0, at address: /127.0.0.1:11000
23:43:50.029 [nioEventLoopGroup-18-1] DEBUG bftsmart.communication.client.netty.NettyTOMMessageDecoder - new NettyTOMMessageDecoder!!, isClient=true
23:43:50.029 [nioEventLoopGroup-17-1] DEBUG bftsmart.communication.client.netty.NettyTOMMessageDecoder - new NettyTOMMessageDecoder!!, isClient=true
23:43:50.029 [nioEventLoopGroup-16-1] DEBUG bftsmart.communication.client.netty.NettyTOMMessageDecoder - new NettyTOMMessageDecoder!!, isClient=true
23:43:50.029 [nioEventLoopGroup-15-1] DEBUG bftsmart.communication.client.netty.NettyTOMMessageDecoder - new NettyTOMMessageDecoder!!, isClient=true
23:43:50.029 [nioEventLoopGroup-14-1] DEBUG bftsmart.communication.client.netty.NettyTOMMessageDecoder - new NettyTOMMessageDecoder!!, isClient=true
23:43:50.049 [nioEventLoopGroup-17-1] DEBUG bftsmart.communication.client.netty.NettyClientServerCommunicationSystemClientSide - Channel active
23:43:50.049 [nioEventLoopGroup-14-1] DEBUG bftsmart.communication.client.netty.NettyClientServerCommunicationSystemClientSide - Channel active
23:43:50.049 [nioEventLoopGroup-16-1] DEBUG bftsmart.communication.client.netty.NettyClientServerCommunicationSystemClientSide - Channel active
23:43:50.049 [nioEventLoopGroup-18-1] DEBUG bftsmart.communication.client.netty.NettyClientServerCommunicationSystemClientSide - Channel active
23:43:50.049 [nioEventLoopGroup-15-1] DEBUG bftsmart.communication.client.netty.NettyClientServerCommunicationSystemClientSide - Channel active
23:43:50.052 [nioEventLoopGroup-13-1] DEBUG bftsmart.communication.client.netty.NettyTOMMessageDecoder - new NettyTOMMessageDecoder!!, isClient=false
23:43:50.053 [nioEventLoopGroup-13-2] DEBUG bftsmart.communication.client.netty.NettyTOMMessageDecoder - new NettyTOMMessageDecoder!!, isClient=false
23:43:50.054 [Thread-113] DEBUG bftsmart.communication.client.netty.NettyClientServerCommunicationSystemClientSide - ClientID 1005, connecting to replica 1, at address: /127.0.0.1:11010
23:43:50.055 [nioEventLoopGroup-13-2] INFO bftsmart.communication.client.netty.NettyClientServerCommunicationSystemServerSide - Session Created, active clients=0
23:43:50.055 [nioEventLoopGroup-13-1] INFO bftsmart.communication.client.netty.NettyClientServerCommunicationSystemServerSide - Session Created, active clients=0
23:43:50.055 [nioEventLoopGroup-13-3] DEBUG bftsmart.communication.client.netty.NettyTOMMessageDecoder - new NettyTOMMessageDecoder!!, isClient=false
23:43:50.057 [nioEventLoopGroup-13-5] DEBUG bftsmart.communication.client.netty.NettyTOMMessageDecoder - new NettyTOMMessageDecoder!!, isClient=false
23:43:50.057 [Thread-111] DEBUG bftsmart.communication.client.netty.NettyClientServerCommunicationSystemClientSide - ClientID 1001, connecting to replica 1, at address: /127.0.0.1:11010
23:43:50.058 [nioEventLoopGroup-14-2] DEBUG bftsmart.communication.client.netty.NettyTOMMessageDecoder - new NettyTOMMessageDecoder!!, isClient=true
23:43:50.058 [nioEventLoopGroup-13-5] INFO bftsmart.communication.client.netty.NettyClientServerCommunicationSystemServerSide - Session Created, active clients=0
23:43:50.057 [nioEventLoopGroup-17-2] DEBUG bftsmart.communication.client.netty.NettyTOMMessageDecoder - new NettyTOMMessageDecoder!!, isClient=true
23:43:50.059 [nioEventLoopGroup-13-3] INFO bftsmart.communication.client.netty.NettyClientServerCommunicationSystemServerSide - Session Created, active clients=0
23:43:50.057 [nioEventLoopGroup-13-4] DEBUG bftsmart.communication.client.netty.NettyTOMMessageDecoder - new NettyTOMMessageDecoder!!, isClient=false
23:43:50.059 [Thread-112] DEBUG bftsmart.communication.client.netty.NettyClientServerCommunicationSystemClientSide - ClientID 1004, connecting to replica 1, at address: /127.0.0.1:11010
[V2VProxy 0] *** STOPPING at intersection! ***
[V2VProxy 0] Distance=38.2676m, t=3.2
[V2VProxy 0] triggerJoinViaJNI() called at t=3.2
[V2VProxy 0] PASSED: Server Status = 'READY'
[V2VProxy 0] PASSED: isReplicaReady() = true
[IntersectionServer 0] triggerJoin() called by OMNeT++
23:43:50.061 [nioEventLoopGroup-17-2] DEBUG bftsmart.communication.client.netty.NettyClientServerCommunicationSystemClientSide - Channel active
[V2VProxy 0] SUCCESS: Triggered Join at t=3.2
[V2VProxy 0] Consensus Timer STARTED at 3.2
[V2VProxy 0] Consensus timeout set for 40s
[V2VProxy 2] *** STOPPING at intersection! ***
[V2VProxy 2] Distance=33.25m, t=3.2
[V2VProxy 2] triggerJoinViaJNI() called at t=3.2
[V2VProxy 2] FAILED: Server Status = 'Initializing' (expected 'READY') at t=3.2
[V2VProxy 2] Failed to trigger JOIN, will retry...
[V2VProxy 3] *** STOPPING at intersection! ***
[V2VProxy 3] Distance=43.0106m, t=3.2
[V2VProxy 3] triggerJoinViaJNI() called at t=3.2
[V2VProxy 3] FAILED: Server Status = 'Initializing' (expected 'READY') at t=3.2
[V2VProxy 3] Failed to trigger JOIN, will retry...
23:43:50.062 [nioEventLoopGroup-18-2] DEBUG bftsmart.communication.client.netty.NettyTOMMessageDecoder - new NettyTOMMessageDecoder!!, isClient=true
23:43:50.064 [nioEventLoopGroup-13-4] INFO bftsmart.communication.client.netty.NettyClientServerCommunicationSystemServerSide - Session Created, active clients=0
23:43:50.064 [nioEventLoopGroup-18-2] DEBUG bftsmart.communication.client.netty.NettyClientServerCommunicationSystemClientSide - Channel active
23:43:50.065 [Thread-115] DEBUG bftsmart.communication.client.netty.NettyClientServerCommunicationSystemClientSide - ClientID 1007, connecting to replica 1, at address: /127.0.0.1:11010
** Event #768   t=3.2   Elapsed: 3.20706s (0m 03s)  1% completed  (1% total)
     Speed:     ev/sec=285.787   simsec/sec=1.08845   ev/simsec=262.564
     Messages:  created: 191   present: 160   in FES: 24
23:43:50.066 [nioEventLoopGroup-16-2] DEBUG bftsmart.communication.client.netty.NettyTOMMessageDecoder - new NettyTOMMessageDecoder!!, isClient=true
23:43:50.068 [nioEventLoopGroup-14-2] DEBUG bftsmart.communication.client.netty.NettyClientServerCommunicationSystemClientSide - Channel active
23:43:50.068 [nioEventLoopGroup-16-2] DEBUG bftsmart.communication.client.netty.NettyClientServerCommunicationSystemClientSide - Channel active
23:43:50.069 [Thread-113] DEBUG bftsmart.communication.client.netty.NettyClientServerCommunicationSystemClientSide - ClientID 1005, connecting to replica 2, at address: /127.0.0.1:11020
23:43:50.070 [nioEventLoopGroup-17-3] DEBUG bftsmart.communication.client.netty.NettyTOMMessageDecoder - new NettyTOMMessageDecoder!!, isClient=true
23:43:50.070 [Thread-112] DEBUG bftsmart.communication.client.netty.NettyClientServerCommunicationSystemClientSide - ClientID 1004, connecting to replica 2, at address: /127.0.0.1:11020
23:43:50.072 [nioEventLoopGroup-18-3] DEBUG bftsmart.communication.client.netty.NettyTOMMessageDecoder - new NettyTOMMessageDecoder!!, isClient=true
23:43:50.072 [Thread-114] DEBUG bftsmart.communication.client.netty.NettyClientServerCommunicationSystemClientSide - ClientID 1006, connecting to replica 1, at address: /127.0.0.1:11010
23:43:50.075 [Thread-113] ERROR bftsmart.communication.client.netty.NettyClientServerCommunicationSystemClientSide - Impossible to connect to 2
23:43:50.073 [Thread-112] ERROR bftsmart.communication.client.netty.NettyClientServerCommunicationSystemClientSide - Impossible to connect to 2
23:43:50.074 [nioEventLoopGroup-15-2] DEBUG bftsmart.communication.client.netty.NettyTOMMessageDecoder - new NettyTOMMessageDecoder!!, isClient=true
23:43:50.075 [Thread-115] DEBUG bftsmart.communication.client.netty.NettyClientServerCommunicationSystemClientSide - ClientID 1007, connecting to replica 2, at address: /127.0.0.1:11020
23:43:50.077 [nioEventLoopGroup-8-1] DEBUG bftsmart.communication.client.netty.NettyTOMMessageDecoder - new NettyTOMMessageDecoder!!, isClient=false
23:43:50.077 [nioEventLoopGroup-8-2] DEBUG bftsmart.communication.client.netty.NettyTOMMessageDecoder - new NettyTOMMessageDecoder!!, isClient=false
23:43:50.077 [nioEventLoopGroup-16-3] DEBUG bftsmart.communication.client.netty.NettyTOMMessageDecoder - new NettyTOMMessageDecoder!!, isClient=true
23:43:50.078 [Thread-111] DEBUG bftsmart.communication.client.netty.NettyClientServerCommunicationSystemClientSide - ClientID 1001, connecting to replica 2, at address: /127.0.0.1:11020
23:43:50.081 [nioEventLoopGroup-15-2] DEBUG bftsmart.communication.client.netty.NettyClientServerCommunicationSystemClientSide - Channel active
23:43:50.077 [nioEventLoopGroup-8-4] DEBUG bftsmart.communication.client.netty.NettyTOMMessageDecoder - new NettyTOMMessageDecoder!!, isClient=false
23:43:50.077 [nioEventLoopGroup-8-3] DEBUG bftsmart.communication.client.netty.NettyTOMMessageDecoder - new NettyTOMMessageDecoder!!, isClient=false
23:43:50.166 [nioEventLoopGroup-14-3] DEBUG bftsmart.communication.client.netty.NettyTOMMessageDecoder - new NettyTOMMessageDecoder!!, isClient=true
23:43:50.167 [Thread-114] DEBUG bftsmart.communication.client.netty.NettyClientServerCommunicationSystemClientSide - ClientID 1006, connecting to replica 2, at address: /127.0.0.1:11020
[V2VProxy 2] *** STOPPING at intersection! ***
[V2VProxy 2] Distance=33.25m, t=3.3
[V2VProxy 2] triggerJoinViaJNI() called at t=3.3
[V2VProxy 2] FAILED: Server Status = 'Initializing' (expected 'READY') at t=3.3
[V2VProxy 2] Failed to trigger JOIN, will retry...
[V2VProxy 3] *** STOPPING at intersection! ***
[V2VProxy 3] Distance=43.0106m, t=3.3
[V2VProxy 3] triggerJoinViaJNI() called at t=3.3
[V2VProxy 3] FAILED: Server Status = 'Initializing' (expected 'READY') at t=3.3
[V2VProxy 3] Failed to trigger JOIN, will retry...
23:43:50.169 [Thread-135] DEBUG bftsmart.communication.client.netty.NettyClientServerCommunicationSystemClientSide - ClientID 1000, connecting to replica 0, at address: /127.0.0.1:11000
23:43:50.172 [Thread-113] DEBUG bftsmart.communication.client.netty.NettyClientServerCommunicationSystemClientSide - ClientID 1005, connecting to replica 3, at address: /127.0.0.1:11030
23:43:50.173 [Thread-112] DEBUG bftsmart.communication.client.netty.NettyClientServerCommunicationSystemClientSide - ClientID 1004, connecting to replica 3, at address: /127.0.0.1:11030
23:43:50.173 [nioEventLoopGroup-8-2] INFO bftsmart.communication.client.netty.NettyClientServerCommunicationSystemServerSide - Session Created, active clients=0
23:43:50.173 [nioEventLoopGroup-8-1] INFO bftsmart.communication.client.netty.NettyClientServerCommunicationSystemServerSide - Session Created, active clients=0
23:43:50.174 [nioEventLoopGroup-8-4] INFO bftsmart.communication.client.netty.NettyClientServerCommunicationSystemServerSide - Session Created, active clients=0
23:43:50.174 [nioEventLoopGroup-8-3] INFO bftsmart.communication.client.netty.NettyClientServerCommunicationSystemServerSide - Session Created, active clients=0
23:43:50.174 [nioEventLoopGroup-19-1] DEBUG bftsmart.communication.client.netty.NettyTOMMessageDecoder - new NettyTOMMessageDecoder!!, isClient=true
23:43:50.174 [nioEventLoopGroup-15-3] DEBUG bftsmart.communication.client.netty.NettyTOMMessageDecoder - new NettyTOMMessageDecoder!!, isClient=true
23:43:50.174 [nioEventLoopGroup-8-5] DEBUG bftsmart.communication.client.netty.NettyTOMMessageDecoder - new NettyTOMMessageDecoder!!, isClient=false
23:43:50.174 [nioEventLoopGroup-17-4] DEBUG bftsmart.communication.client.netty.NettyTOMMessageDecoder - new NettyTOMMessageDecoder!!, isClient=true
23:43:50.175 [nioEventLoopGroup-18-4] DEBUG bftsmart.communication.client.netty.NettyTOMMessageDecoder - new NettyTOMMessageDecoder!!, isClient=true
23:43:50.176 [nioEventLoopGroup-8-5] INFO bftsmart.communication.client.netty.NettyClientServerCommunicationSystemServerSide - Session Created, active clients=0
23:43:50.177 [Thread-115] ERROR bftsmart.communication.client.netty.NettyClientServerCommunicationSystemClientSide - Impossible to connect to 2
23:43:50.178 [Thread-111] ERROR bftsmart.communication.client.netty.NettyClientServerCommunicationSystemClientSide - Impossible to connect to 2
23:43:50.182 [nioEventLoopGroup-19-1] DEBUG bftsmart.communication.client.netty.NettyClientServerCommunicationSystemClientSide - Channel active
23:43:50.182 [Thread-113] ERROR bftsmart.communication.client.netty.NettyClientServerCommunicationSystemClientSide - Impossible to connect to 3
23:43:50.182 [Thread-114] ERROR bftsmart.communication.client.netty.NettyClientServerCommunicationSystemClientSide - Impossible to connect to 2
23:43:50.182 [Thread-115] DEBUG bftsmart.communication.client.netty.NettyClientServerCommunicationSystemClientSide - ClientID 1007, connecting to replica 3, at address: /127.0.0.1:11030
23:43:50.183 [Thread-135] DEBUG bftsmart.communication.client.netty.NettyClientServerCommunicationSystemClientSide - ClientID 1000, connecting to replica 1, at address: /127.0.0.1:11010
23:43:50.183 [Thread-114] DEBUG bftsmart.communication.client.netty.NettyClientServerCommunicationSystemClientSide - ClientID 1006, connecting to replica 3, at address: /127.0.0.1:11030
23:43:50.184 [Thread-113] DEBUG bftsmart.communication.client.netty.NettyClientServerCommunicationSystemClientSide - ClientID 1005, connecting to replica 4, at address: /127.0.0.1:11040
23:43:50.185 [Thread-112] ERROR bftsmart.communication.client.netty.NettyClientServerCommunicationSystemClientSide - Impossible to connect to 3
23:43:50.185 [nioEventLoopGroup-16-4] DEBUG bftsmart.communication.client.netty.NettyTOMMessageDecoder - new NettyTOMMessageDecoder!!, isClient=true
23:43:50.185 [nioEventLoopGroup-15-4] DEBUG bftsmart.communication.client.netty.NettyTOMMessageDecoder - new NettyTOMMessageDecoder!!, isClient=true
23:43:50.185 [nioEventLoopGroup-17-5] DEBUG bftsmart.communication.client.netty.NettyTOMMessageDecoder - new NettyTOMMessageDecoder!!, isClient=true
23:43:50.185 [nioEventLoopGroup-19-2] DEBUG bftsmart.communication.client.netty.NettyTOMMessageDecoder - new NettyTOMMessageDecoder!!, isClient=true
23:43:50.186 [Thread-111] DEBUG bftsmart.communication.client.netty.NettyClientServerCommunicationSystemClientSide - ClientID 1001, connecting to replica 3, at address: /127.0.0.1:11030
23:43:50.189 [nioEventLoopGroup-13-6] DEBUG bftsmart.communication.client.netty.NettyTOMMessageDecoder - new NettyTOMMessageDecoder!!, isClient=false
23:43:50.189 [nioEventLoopGroup-19-2] DEBUG bftsmart.communication.client.netty.NettyClientServerCommunicationSystemClientSide - Channel active
23:43:50.190 [nioEventLoopGroup-13-6] INFO bftsmart.communication.client.netty.NettyClientServerCommunicationSystemServerSide - Session Created, active clients=0
23:43:50.191 [Thread-114] ERROR bftsmart.communication.client.netty.NettyClientServerCommunicationSystemClientSide - Impossible to connect to 3
23:43:50.192 [nioEventLoopGroup-17-5] DEBUG bftsmart.communication.client.netty.NettyClientServerCommunicationSystemClientSide - Channel active
23:43:50.193 [nioEventLoopGroup-14-4] DEBUG bftsmart.communication.client.netty.NettyTOMMessageDecoder - new NettyTOMMessageDecoder!!, isClient=true
23:43:50.195 [Thread-112] DEBUG bftsmart.communication.client.netty.NettyClientServerCommunicationSystemClientSide - ClientID 1004, connecting to replica 4, at address: /127.0.0.1:11040
23:43:50.196 [Thread-111] ERROR bftsmart.communication.client.netty.NettyClientServerCommunicationSystemClientSide - Impossible to connect to 3
23:43:50.198 [nioEventLoopGroup-8-6] DEBUG bftsmart.communication.client.netty.NettyTOMMessageDecoder - new NettyTOMMessageDecoder!!, isClient=false
23:43:50.198 [nioEventLoopGroup-9-1] DEBUG bftsmart.communication.client.netty.NettyTOMMessageDecoder - new NettyTOMMessageDecoder!!, isClient=false
23:43:50.198 [nioEventLoopGroup-8-6] INFO bftsmart.communication.client.netty.NettyClientServerCommunicationSystemServerSide - Session Created, active clients=0
23:43:50.199 [Thread-113] DEBUG bftsmart.communication.client.netty.NettyClientServerCommunicationSystemClientSide - ClientID 1005, connecting to replica 5, at address: /127.0.0.1:11050
23:43:50.199 [nioEventLoopGroup-9-1] INFO bftsmart.communication.client.netty.NettyClientServerCommunicationSystemServerSide - Session Created, active clients=0
23:43:50.199 [nioEventLoopGroup-17-6] DEBUG bftsmart.communication.client.netty.NettyTOMMessageDecoder - new NettyTOMMessageDecoder!!, isClient=true
23:43:50.199 [Thread-111] DEBUG bftsmart.communication.client.netty.NettyClientServerCommunicationSystemClientSide - ClientID 1001, connecting to replica 4, at address: /127.0.0.1:11040
23:43:50.199 [nioEventLoopGroup-17-6] DEBUG bftsmart.communication.client.netty.NettyClientServerCommunicationSystemClientSide - Channel active
23:43:50.199 [nioEventLoopGroup-14-5] DEBUG bftsmart.communication.client.netty.NettyTOMMessageDecoder - new NettyTOMMessageDecoder!!, isClient=true
23:43:50.200 [nioEventLoopGroup-14-5] DEBUG bftsmart.communication.client.netty.NettyClientServerCommunicationSystemClientSide - Channel active
23:43:50.200 [nioEventLoopGroup-10-1] DEBUG bftsmart.communication.client.netty.NettyTOMMessageDecoder - new NettyTOMMessageDecoder!!, isClient=false
23:43:50.200 [Thread-113] DEBUG bftsmart.communication.client.netty.NettyClientServerCommunicationSystemClientSide - ClientID 1005, connecting to replica 6, at address: /127.0.0.1:11060
23:43:50.200 [nioEventLoopGroup-17-7] DEBUG bftsmart.communication.client.netty.NettyTOMMessageDecoder - new NettyTOMMessageDecoder!!, isClient=true
23:43:50.200 [nioEventLoopGroup-10-1] INFO bftsmart.communication.client.netty.NettyClientServerCommunicationSystemServerSide - Session Created, active clients=0
23:43:50.201 [nioEventLoopGroup-17-7] DEBUG bftsmart.communication.client.netty.NettyClientServerCommunicationSystemClientSide - Channel active
23:43:50.201 [Thread-111] DEBUG bftsmart.communication.client.netty.NettyClientServerCommunicationSystemClientSide - ClientID 1001, connecting to replica 5, at address: /127.0.0.1:11050
23:43:50.201 [Thread-114] DEBUG bftsmart.communication.client.netty.NettyClientServerCommunicationSystemClientSide - ClientID 1006, connecting to replica 4, at address: /127.0.0.1:11040
23:43:50.201 [Thread-115] ERROR bftsmart.communication.client.netty.NettyClientServerCommunicationSystemClientSide - Impossible to connect to 3
23:43:50.201 [nioEventLoopGroup-14-6] DEBUG bftsmart.communication.client.netty.NettyTOMMessageDecoder - new NettyTOMMessageDecoder!!, isClient=true
23:43:50.201 [nioEventLoopGroup-15-5] DEBUG bftsmart.communication.client.netty.NettyTOMMessageDecoder - new NettyTOMMessageDecoder!!, isClient=true
23:43:50.201 [nioEventLoopGroup-14-6] DEBUG bftsmart.communication.client.netty.NettyClientServerCommunicationSystemClientSide - Channel active
23:43:50.202 [nioEventLoopGroup-15-5] DEBUG bftsmart.communication.client.netty.NettyClientServerCommunicationSystemClientSide - Channel active
23:43:50.202 [Thread-113] DEBUG bftsmart.communication.client.netty.NettyClientServerCommunicationSystemClientSide - ClientID 1005, connecting to replica 7, at address: /127.0.0.1:11070
23:43:50.202 [nioEventLoopGroup-11-1] DEBUG bftsmart.communication.client.netty.NettyTOMMessageDecoder - new NettyTOMMessageDecoder!!, isClient=false
23:43:50.202 [nioEventLoopGroup-11-1] INFO bftsmart.communication.client.netty.NettyClientServerCommunicationSystemServerSide - Session Created, active clients=0
23:43:50.202 [Thread-135] DEBUG bftsmart.communication.client.netty.NettyClientServerCommunicationSystemClientSide - ClientID 1000, connecting to replica 2, at address: /127.0.0.1:11020
23:43:50.202 [nioEventLoopGroup-17-8] DEBUG bftsmart.communication.client.netty.NettyTOMMessageDecoder - new NettyTOMMessageDecoder!!, isClient=true
23:43:50.196 [nioEventLoopGroup-18-5] DEBUG bftsmart.communication.client.netty.NettyTOMMessageDecoder - new NettyTOMMessageDecoder!!, isClient=true
23:43:50.202 [nioEventLoopGroup-19-3] DEBUG bftsmart.communication.client.netty.NettyTOMMessageDecoder - new NettyTOMMessageDecoder!!, isClient=true
23:43:50.203 [nioEventLoopGroup-17-8] DEBUG bftsmart.communication.client.netty.NettyClientServerCommunicationSystemClientSide - Channel active
23:43:50.203 [nioEventLoopGroup-9-2] DEBUG bftsmart.communication.client.netty.NettyTOMMessageDecoder - new NettyTOMMessageDecoder!!, isClient=false
23:43:50.203 [Thread-114] DEBUG bftsmart.communication.client.netty.NettyClientServerCommunicationSystemClientSide - ClientID 1006, connecting to replica 5, at address: /127.0.0.1:11050
23:43:50.203 [nioEventLoopGroup-18-5] DEBUG bftsmart.communication.client.netty.NettyClientServerCommunicationSystemClientSide - Channel active
23:43:50.203 [nioEventLoopGroup-15-6] DEBUG bftsmart.communication.client.netty.NettyTOMMessageDecoder - new NettyTOMMessageDecoder!!, isClient=true
23:43:50.203 [nioEventLoopGroup-9-2] INFO bftsmart.communication.client.netty.NettyClientServerCommunicationSystemServerSide - Session Created, active clients=0
23:43:50.203 [Thread-135] ERROR bftsmart.communication.client.netty.NettyClientServerCommunicationSystemClientSide - Impossible to connect to 2
23:43:50.203 [nioEventLoopGroup-9-3] DEBUG bftsmart.communication.client.netty.NettyTOMMessageDecoder - new NettyTOMMessageDecoder!!, isClient=false
23:43:50.203 [nioEventLoopGroup-9-3] INFO bftsmart.communication.client.netty.NettyClientServerCommunicationSystemServerSide - Session Created, active clients=0
23:43:50.203 [Thread-111] DEBUG bftsmart.communication.client.netty.NettyClientServerCommunicationSystemClientSide - ClientID 1001, connecting to replica 6, at address: /127.0.0.1:11060
23:43:50.203 [nioEventLoopGroup-15-6] DEBUG bftsmart.communication.client.netty.NettyClientServerCommunicationSystemClientSide - Channel active
23:43:50.204 [nioEventLoopGroup-9-4] DEBUG bftsmart.communication.client.netty.NettyTOMMessageDecoder - new NettyTOMMessageDecoder!!, isClient=false
23:43:50.204 [nioEventLoopGroup-14-7] DEBUG bftsmart.communication.client.netty.NettyTOMMessageDecoder - new NettyTOMMessageDecoder!!, isClient=true
23:43:50.204 [nioEventLoopGroup-9-4] INFO bftsmart.communication.client.netty.NettyClientServerCommunicationSystemServerSide - Session Created, active clients=0
23:43:50.204 [Thread-115] DEBUG bftsmart.communication.client.netty.NettyClientServerCommunicationSystemClientSide - ClientID 1007, connecting to replica 4, at address: /127.0.0.1:11040
23:43:50.204 [nioEventLoopGroup-10-2] DEBUG bftsmart.communication.client.netty.NettyTOMMessageDecoder - new NettyTOMMessageDecoder!!, isClient=false
23:43:50.204 [nioEventLoopGroup-14-7] DEBUG bftsmart.communication.client.netty.NettyClientServerCommunicationSystemClientSide - Channel active
23:43:50.204 [Thread-135] DEBUG bftsmart.communication.client.netty.NettyClientServerCommunicationSystemClientSide - ClientID 1000, connecting to replica 3, at address: /127.0.0.1:11030
23:43:50.204 [nioEventLoopGroup-10-2] INFO bftsmart.communication.client.netty.NettyClientServerCommunicationSystemServerSide - Session Created, active clients=0
23:43:50.204 [nioEventLoopGroup-16-5] DEBUG bftsmart.communication.client.netty.NettyTOMMessageDecoder - new NettyTOMMessageDecoder!!, isClient=true
23:43:50.205 [nioEventLoopGroup-10-3] DEBUG bftsmart.communication.client.netty.NettyTOMMessageDecoder - new NettyTOMMessageDecoder!!, isClient=false
23:43:50.205 [Thread-113] DEBUG bftsmart.proxy - Sending request (ORDERED_REQUEST) with seqId = 0
23:43:50.205 [Thread-112] DEBUG bftsmart.communication.client.netty.NettyClientServerCommunicationSystemClientSide - ClientID 1004, connecting to replica 5, at address: /127.0.0.1:11050
23:43:50.205 [nioEventLoopGroup-18-6] DEBUG bftsmart.communication.client.netty.NettyTOMMessageDecoder - new NettyTOMMessageDecoder!!, isClient=true
23:43:50.205 [nioEventLoopGroup-10-3] INFO bftsmart.communication.client.netty.NettyClientServerCommunicationSystemServerSide - Session Created, active clients=0
23:43:50.205 [nioEventLoopGroup-19-4] DEBUG bftsmart.communication.client.netty.NettyTOMMessageDecoder - new NettyTOMMessageDecoder!!, isClient=true
23:43:50.205 [nioEventLoopGroup-9-5] DEBUG bftsmart.communication.client.netty.NettyTOMMessageDecoder - new NettyTOMMessageDecoder!!, isClient=false
23:43:50.206 [nioEventLoopGroup-9-5] INFO bftsmart.communication.client.netty.NettyClientServerCommunicationSystemServerSide - Session Created, active clients=0
23:43:50.206 [Thread-135] ERROR bftsmart.communication.client.netty.NettyClientServerCommunicationSystemClientSide - Impossible to connect to 3
23:43:50.206 [nioEventLoopGroup-7-1] DEBUG bftsmart.communication.client.netty.NettyTOMMessageDecoder - new NettyTOMMessageDecoder!!, isClient=false
23:43:50.206 [nioEventLoopGroup-18-6] DEBUG bftsmart.communication.client.netty.NettyClientServerCommunicationSystemClientSide - Channel active
23:43:50.206 [Thread-111] DEBUG bftsmart.communication.client.netty.NettyClientServerCommunicationSystemClientSide - ClientID 1001, connecting to replica 7, at address: /127.0.0.1:11070
23:43:50.206 [nioEventLoopGroup-7-1] INFO bftsmart.communication.client.netty.NettyClientServerCommunicationSystemServerSide - Session Created, active clients=0
23:43:50.208 [nioEventLoopGroup-16-5] DEBUG bftsmart.communication.client.netty.NettyClientServerCommunicationSystemClientSide - Channel active
23:43:50.208 [Thread-114] DEBUG bftsmart.communication.client.netty.NettyClientServerCommunicationSystemClientSide - ClientID 1006, connecting to replica 6, at address: /127.0.0.1:11060
23:43:50.208 [nioEventLoopGroup-15-7] DEBUG bftsmart.communication.client.netty.NettyTOMMessageDecoder - new NettyTOMMessageDecoder!!, isClient=true
23:43:50.208 [nioEventLoopGroup-11-2] DEBUG bftsmart.communication.client.netty.NettyTOMMessageDecoder - new NettyTOMMessageDecoder!!, isClient=false
23:43:50.209 [Thread-112] DEBUG bftsmart.communication.client.netty.NettyClientServerCommunicationSystemClientSide - ClientID 1004, connecting to replica 6, at address: /127.0.0.1:11060
23:43:50.209 [nioEventLoopGroup-14-8] DEBUG bftsmart.communication.client.netty.NettyTOMMessageDecoder - new NettyTOMMessageDecoder!!, isClient=true
23:43:50.209 [nioEventLoopGroup-11-2] INFO bftsmart.communication.client.netty.NettyClientServerCommunicationSystemServerSide - Session Created, active clients=0
23:43:50.209 [nioEventLoopGroup-15-7] DEBUG bftsmart.communication.client.netty.NettyClientServerCommunicationSystemClientSide - Channel active
23:43:50.209 [nioEventLoopGroup-18-7] DEBUG bftsmart.communication.client.netty.NettyTOMMessageDecoder - new NettyTOMMessageDecoder!!, isClient=true
23:43:50.210 [nioEventLoopGroup-14-8] DEBUG bftsmart.communication.client.netty.NettyClientServerCommunicationSystemClientSide - Channel active
23:43:50.210 [nioEventLoopGroup-18-7] DEBUG bftsmart.communication.client.netty.NettyClientServerCommunicationSystemClientSide - Channel active
23:43:50.210 [nioEventLoopGroup-10-4] DEBUG bftsmart.communication.client.netty.NettyTOMMessageDecoder - new NettyTOMMessageDecoder!!, isClient=false
23:43:50.210 [Thread-111] DEBUG bftsmart.proxy - Sending request (ORDERED_REQUEST) with seqId = 0
23:43:50.210 [nioEventLoopGroup-11-3] DEBUG bftsmart.communication.client.netty.NettyTOMMessageDecoder - new NettyTOMMessageDecoder!!, isClient=false
23:43:50.210 [nioEventLoopGroup-10-4] INFO bftsmart.communication.client.netty.NettyClientServerCommunicationSystemServerSide - Session Created, active clients=0
23:43:50.210 [Thread-115] DEBUG bftsmart.communication.client.netty.NettyClientServerCommunicationSystemClientSide - ClientID 1007, connecting to replica 5, at address: /127.0.0.1:11050
23:43:50.210 [nioEventLoopGroup-11-3] INFO bftsmart.communication.client.netty.NettyClientServerCommunicationSystemServerSide - Session Created, active clients=0
23:43:50.210 [Thread-135] DEBUG bftsmart.communication.client.netty.NettyClientServerCommunicationSystemClientSide - ClientID 1000, connecting to replica 4, at address: /127.0.0.1:11040
23:43:50.211 [nioEventLoopGroup-16-6] DEBUG bftsmart.communication.client.netty.NettyTOMMessageDecoder - new NettyTOMMessageDecoder!!, isClient=true
23:43:50.211 [nioEventLoopGroup-19-5] DEBUG bftsmart.communication.client.netty.NettyTOMMessageDecoder - new NettyTOMMessageDecoder!!, isClient=true
23:43:50.211 [Thread-112] DEBUG bftsmart.communication.client.netty.NettyClientServerCommunicationSystemClientSide - ClientID 1004, connecting to replica 7, at address: /127.0.0.1:11070
23:43:50.211 [nioEventLoopGroup-16-6] DEBUG bftsmart.communication.client.netty.NettyClientServerCommunicationSystemClientSide - Channel active
23:43:50.211 [nioEventLoopGroup-18-8] DEBUG bftsmart.communication.client.netty.NettyTOMMessageDecoder - new NettyTOMMessageDecoder!!, isClient=true
23:43:50.211 [nioEventLoopGroup-19-5] DEBUG bftsmart.communication.client.netty.NettyClientServerCommunicationSystemClientSide - Channel active
23:43:50.211 [nioEventLoopGroup-11-4] DEBUG bftsmart.communication.client.netty.NettyTOMMessageDecoder - new NettyTOMMessageDecoder!!, isClient=false
23:43:50.212 [nioEventLoopGroup-18-8] DEBUG bftsmart.communication.client.netty.NettyClientServerCommunicationSystemClientSide - Channel active
23:43:50.212 [Thread-112] DEBUG bftsmart.proxy - Sending request (ORDERED_REQUEST) with seqId = 0
23:43:50.212 [nioEventLoopGroup-11-4] INFO bftsmart.communication.client.netty.NettyClientServerCommunicationSystemServerSide - Session Created, active clients=0
23:43:50.212 [nioEventLoopGroup-10-5] DEBUG bftsmart.communication.client.netty.NettyTOMMessageDecoder - new NettyTOMMessageDecoder!!, isClient=false
23:43:50.212 [Thread-114] DEBUG bftsmart.communication.client.netty.NettyClientServerCommunicationSystemClientSide - ClientID 1006, connecting to replica 7, at address: /127.0.0.1:11070
23:43:50.212 [nioEventLoopGroup-10-5] INFO bftsmart.communication.client.netty.NettyClientServerCommunicationSystemServerSide - Session Created, active clients=0
23:43:50.212 [nioEventLoopGroup-15-8] DEBUG bftsmart.communication.client.netty.NettyTOMMessageDecoder - new NettyTOMMessageDecoder!!, isClient=true
23:43:50.213 [Thread-113] DEBUG bftsmart.communication.client.netty.NettyClientServerCommunicationSystemClientSide - All channel operations completed or timed out
23:43:50.213 [Thread-114] DEBUG bftsmart.proxy - Sending request (ORDERED_REQUEST) with seqId = 0
23:43:50.213 [Thread-112] DEBUG bftsmart.communication.client.netty.NettyClientServerCommunicationSystemClientSide - All channel operations completed or timed out
23:43:50.213 [Thread-113] DEBUG bftsmart.communication.client.netty.NettyClientServerCommunicationSystemClientSide - Sending request from 1005 with sequence number 0 to [1, 6, 7, 3, 4, 5, 2, 0]
23:43:50.213 [Thread-114] DEBUG bftsmart.communication.client.netty.NettyClientServerCommunicationSystemClientSide - All channel operations completed or timed out
23:43:50.213 [Thread-114] DEBUG bftsmart.communication.client.netty.NettyClientServerCommunicationSystemClientSide - Sending request from 1006 with sequence number 0 to [7, 1, 2, 5, 3, 6, 0, 4]
23:43:50.213 [Thread-111] DEBUG bftsmart.communication.client.netty.NettyClientServerCommunicationSystemClientSide - All channel operations completed or timed out
23:43:50.213 [Thread-111] DEBUG bftsmart.communication.client.netty.NettyClientServerCommunicationSystemClientSide - Sending request from 1001 with sequence number 0 to [0, 3, 5, 4, 7, 6, 2, 1]
23:43:50.213 [nioEventLoopGroup-15-8] DEBUG bftsmart.communication.client.netty.NettyClientServerCommunicationSystemClientSide - Channel active
23:43:50.213 [Thread-112] DEBUG bftsmart.communication.client.netty.NettyClientServerCommunicationSystemClientSide - Sending request from 1004 with sequence number 0 to [5, 2, 0, 7, 4, 3, 1, 6]
23:43:50.213 [nioEventLoopGroup-7-2] DEBUG bftsmart.communication.client.netty.NettyTOMMessageDecoder - new NettyTOMMessageDecoder!!, isClient=false
23:43:50.213 [Thread-135] DEBUG bftsmart.communication.client.netty.NettyClientServerCommunicationSystemClientSide - ClientID 1000, connecting to replica 5, at address: /127.0.0.1:11050
23:43:50.213 [nioEventLoopGroup-7-2] INFO bftsmart.communication.client.netty.NettyClientServerCommunicationSystemServerSide - Session Created, active clients=0
23:43:50.213 [Thread-115] DEBUG bftsmart.communication.client.netty.NettyClientServerCommunicationSystemClientSide - ClientID 1007, connecting to replica 6, at address: /127.0.0.1:11060
23:43:50.214 [nioEventLoopGroup-19-6] DEBUG bftsmart.communication.client.netty.NettyTOMMessageDecoder - new NettyTOMMessageDecoder!!, isClient=true
23:43:50.214 [nioEventLoopGroup-16-7] DEBUG bftsmart.communication.client.netty.NettyTOMMessageDecoder - new NettyTOMMessageDecoder!!, isClient=true
23:43:50.214 [nioEventLoopGroup-19-6] DEBUG bftsmart.communication.client.netty.NettyClientServerCommunicationSystemClientSide - Channel active
23:43:50.214 [nioEventLoopGroup-9-6] DEBUG bftsmart.communication.client.netty.NettyTOMMessageDecoder - new NettyTOMMessageDecoder!!, isClient=false
23:43:50.214 [nioEventLoopGroup-9-6] INFO bftsmart.communication.client.netty.NettyClientServerCommunicationSystemServerSide - Session Created, active clients=0
23:43:50.214 [nioEventLoopGroup-16-7] DEBUG bftsmart.communication.client.netty.NettyClientServerCommunicationSystemClientSide - Channel active
23:43:50.215 [nioEventLoopGroup-7-3] DEBUG bftsmart.communication.client.netty.NettyTOMMessageDecoder - new NettyTOMMessageDecoder!!, isClient=false
23:43:50.215 [nioEventLoopGroup-10-6] DEBUG bftsmart.communication.client.netty.NettyTOMMessageDecoder - new NettyTOMMessageDecoder!!, isClient=false
23:43:50.215 [nioEventLoopGroup-10-6] INFO bftsmart.communication.client.netty.NettyClientServerCommunicationSystemServerSide - Session Created, active clients=0
23:43:50.215 [nioEventLoopGroup-7-3] INFO bftsmart.communication.client.netty.NettyClientServerCommunicationSystemServerSide - Session Created, active clients=0
23:43:50.215 [Thread-135] DEBUG bftsmart.communication.client.netty.NettyClientServerCommunicationSystemClientSide - ClientID 1000, connecting to replica 6, at address: /127.0.0.1:11060
23:43:50.215 [nioEventLoopGroup-7-4] DEBUG bftsmart.communication.client.netty.NettyTOMMessageDecoder - new NettyTOMMessageDecoder!!, isClient=false
23:43:50.215 [nioEventLoopGroup-19-7] DEBUG bftsmart.communication.client.netty.NettyTOMMessageDecoder - new NettyTOMMessageDecoder!!, isClient=true
23:43:50.215 [Thread-114] DEBUG io.netty.util.Recycler - -Dio.netty.recycler.maxCapacityPerThread: 4096
23:43:50.215 [Thread-114] DEBUG io.netty.util.Recycler - -Dio.netty.recycler.maxSharedCapacityFactor: 2
23:43:50.215 [nioEventLoopGroup-11-5] DEBUG bftsmart.communication.client.netty.NettyTOMMessageDecoder - new NettyTOMMessageDecoder!!, isClient=false
23:43:50.215 [nioEventLoopGroup-7-4] INFO bftsmart.communication.client.netty.NettyClientServerCommunicationSystemServerSide - Session Created, active clients=0
23:43:50.216 [nioEventLoopGroup-11-5] INFO bftsmart.communication.client.netty.NettyClientServerCommunicationSystemServerSide - Session Created, active clients=0
23:43:50.216 [nioEventLoopGroup-16-8] DEBUG bftsmart.communication.client.netty.NettyTOMMessageDecoder - new NettyTOMMessageDecoder!!, isClient=true
23:43:50.216 [nioEventLoopGroup-19-7] DEBUG bftsmart.communication.client.netty.NettyClientServerCommunicationSystemClientSide - Channel active
23:43:50.216 [Thread-114] DEBUG io.netty.util.Recycler - -Dio.netty.recycler.linkCapacity: 16
23:43:50.215 [Thread-115] DEBUG bftsmart.communication.client.netty.NettyClientServerCommunicationSystemClientSide - ClientID 1007, connecting to replica 7, at address: /127.0.0.1:11070
23:43:50.216 [Thread-114] DEBUG io.netty.util.Recycler - -Dio.netty.recycler.ratio: 8
23:43:50.216 [Thread-114] DEBUG io.netty.util.Recycler - -Dio.netty.recycler.delayedQueue.ratio: 8
23:43:50.216 [nioEventLoopGroup-16-8] DEBUG bftsmart.communication.client.netty.NettyClientServerCommunicationSystemClientSide - Channel active
23:43:50.216 [Thread-115] DEBUG bftsmart.proxy - Sending request (ORDERED_REQUEST) with seqId = 0
23:43:50.216 [nioEventLoopGroup-11-6] DEBUG bftsmart.communication.client.netty.NettyTOMMessageDecoder - new NettyTOMMessageDecoder!!, isClient=false
23:43:50.216 [Thread-115] DEBUG bftsmart.communication.client.netty.NettyClientServerCommunicationSystemClientSide - All channel operations completed or timed out
23:43:50.216 [Thread-115] DEBUG bftsmart.communication.client.netty.NettyClientServerCommunicationSystemClientSide - Sending request from 1007 with sequence number 0 to [1, 3, 7, 6, 2, 4, 5, 0]
23:43:50.217 [nioEventLoopGroup-11-6] INFO bftsmart.communication.client.netty.NettyClientServerCommunicationSystemServerSide - Session Created, active clients=0
23:43:50.217 [nioEventLoopGroup-7-5] DEBUG bftsmart.communication.client.netty.NettyTOMMessageDecoder - new NettyTOMMessageDecoder!!, isClient=false
23:43:50.217 [Thread-135] DEBUG bftsmart.communication.client.netty.NettyClientServerCommunicationSystemClientSide - ClientID 1000, connecting to replica 7, at address: /127.0.0.1:11070
23:43:50.217 [nioEventLoopGroup-19-8] DEBUG bftsmart.communication.client.netty.NettyTOMMessageDecoder - new NettyTOMMessageDecoder!!, isClient=true
23:43:50.217 [nioEventLoopGroup-7-5] INFO bftsmart.communication.client.netty.NettyClientServerCommunicationSystemServerSide - Session Created, active clients=0
23:43:50.217 [Thread-112] DEBUG bftsmart.communication.client.netty.NettyClientServerCommunicationSystemClientSide - Channel to 2 is not connected
23:43:50.217 [Thread-111] DEBUG bftsmart.communication.client.netty.NettyClientServerCommunicationSystemClientSide - Channel to 3 is not connected
23:43:50.218 [Thread-114] DEBUG bftsmart.communication.client.netty.NettyClientServerCommunicationSystemClientSide - Channel to 2 is not connected
23:43:50.218 [Thread-135] DEBUG bftsmart.proxy - Sending request (ORDERED_REQUEST) with seqId = 0
23:43:50.217 [nioEventLoopGroup-19-8] DEBUG bftsmart.communication.client.netty.NettyClientServerCommunicationSystemClientSide - Channel active
23:43:50.218 [Thread-135] DEBUG bftsmart.communication.client.netty.NettyClientServerCommunicationSystemClientSide - All channel operations completed or timed out
23:43:50.218 [Thread-135] DEBUG bftsmart.communication.client.netty.NettyClientServerCommunicationSystemClientSide - Sending request from 1000 with sequence number 0 to [7, 3, 1, 2, 0, 5, 6, 4]
23:43:50.218 [Thread-115] DEBUG bftsmart.communication.client.netty.NettyClientServerCommunicationSystemClientSide - Channel to 3 is not connected
23:43:50.218 [Thread-113] DEBUG bftsmart.communication.client.netty.NettyClientServerCommunicationSystemClientSide - Channel to 3 is not connected
23:43:50.218 [Thread-114] DEBUG bftsmart.communication.client.netty.NettyClientServerCommunicationSystemClientSide - Channel to 3 is not connected
23:43:50.218 [Thread-112] DEBUG bftsmart.communication.client.netty.NettyClientServerCommunicationSystemClientSide - Channel to 3 is not connected
23:43:50.218 [Thread-111] DEBUG bftsmart.communication.client.netty.NettyClientServerCommunicationSystemClientSide - Channel to 2 is not connected
23:43:50.218 [Thread-135] DEBUG bftsmart.communication.client.netty.NettyClientServerCommunicationSystemClientSide - Channel to 3 is not connected
23:43:50.222 [Thread-115] DEBUG bftsmart.communication.client.netty.NettyClientServerCommunicationSystemClientSide - Channel to 2 is not connected
23:43:50.218 [Thread-113] DEBUG bftsmart.communication.client.netty.NettyClientServerCommunicationSystemClientSide - Channel to 2 is not connected
23:43:50.222 [nioEventLoopGroup-7-6] DEBUG bftsmart.communication.client.netty.NettyTOMMessageDecoder - new NettyTOMMessageDecoder!!, isClient=false
23:43:50.222 [Thread-135] DEBUG bftsmart.communication.client.netty.NettyClientServerCommunicationSystemClientSide - Channel to 2 is not connected
23:43:50.222 [Thread-112] DEBUG bftsmart.proxy - Expected number of matching replies: 3
23:43:50.222 [Thread-135] DEBUG bftsmart.proxy - Expected number of matching replies: 3
23:43:50.221 [Thread-111] DEBUG bftsmart.proxy - Expected number of matching replies: 3
23:43:50.222 [Thread-114] DEBUG bftsmart.proxy - Expected number of matching replies: 3
23:43:50.222 [Thread-113] DEBUG bftsmart.proxy - Expected number of matching replies: 3
23:43:50.223 [nioEventLoopGroup-7-6] INFO bftsmart.communication.client.netty.NettyClientServerCommunicationSystemServerSide - Session Created, active clients=0
23:43:50.223 [Thread-115] DEBUG bftsmart.proxy - Expected number of matching replies: 3
23:43:50.228 [nioEventLoopGroup-17-2] DEBUG io.netty.buffer.AbstractByteBuf - -Dio.netty.buffer.checkAccessible: true
23:43:50.228 [nioEventLoopGroup-17-2] DEBUG io.netty.buffer.AbstractByteBuf - -Dio.netty.buffer.checkBounds: true
23:43:50.228 [nioEventLoopGroup-17-2] DEBUG io.netty.util.ResourceLeakDetectorFactory - Loaded default ResourceLeakDetector: io.netty.util.ResourceLeakDetector@6f68c0d4
23:43:50.267 [nioEventLoopGroup-17-7] DEBUG bftsmart.communication.client.netty.NettyClientServerCommunicationSystemClientSide - 2 channel operations remaining to complete
23:43:50.267 [nioEventLoopGroup-18-1] DEBUG bftsmart.communication.client.netty.NettyClientServerCommunicationSystemClientSide - 2 channel operations remaining to complete
23:43:50.267 [nioEventLoopGroup-14-1] DEBUG bftsmart.communication.client.netty.NettyClientServerCommunicationSystemClientSide - 2 channel operations remaining to complete
23:43:50.267 [nioEventLoopGroup-16-7] DEBUG bftsmart.communication.client.netty.NettyClientServerCommunicationSystemClientSide - 2 channel operations remaining to complete
23:43:50.268 [nioEventLoopGroup-19-7] DEBUG bftsmart.communication.client.netty.NettyClientServerCommunicationSystemClientSide - 2 channel operations remaining to complete
23:43:50.268 [nioEventLoopGroup-17-5] DEBUG bftsmart.communication.client.netty.NettyClientServerCommunicationSystemClientSide - 1 channel operations remaining to complete
23:43:50.268 [nioEventLoopGroup-16-6] DEBUG bftsmart.communication.client.netty.NettyClientServerCommunicationSystemClientSide - 1 channel operations remaining to complete
23:43:50.268 [nioEventLoopGroup-17-6] DEBUG bftsmart.communication.client.netty.NettyClientServerCommunicationSystemClientSide - 0 channel operations remaining to complete
23:43:50.268 [nioEventLoopGroup-15-2] DEBUG bftsmart.communication.client.netty.NettyClientServerCommunicationSystemClientSide - 2 channel operations remaining to complete
23:43:50.268 [nioEventLoopGroup-14-6] DEBUG bftsmart.communication.client.netty.NettyClientServerCommunicationSystemClientSide - 1 channel operations remaining to complete
23:43:50.268 [nioEventLoopGroup-15-7] DEBUG bftsmart.communication.client.netty.NettyClientServerCommunicationSystemClientSide - 1 channel operations remaining to complete
[V2VProxy 2] *** STOPPING at intersection! ***
[V2VProxy 2] Distance=33.1068m, t=3.4
[V2VProxy 2] triggerJoinViaJNI() called at t=3.4
[V2VProxy 2] FAILED: Server Status = 'Initializing' (expected 'READY') at t=3.4
[V2VProxy 2] Failed to trigger JOIN, will retry...
[V2VProxy 3] *** STOPPING at intersection! ***
[V2VProxy 3] Distance=42.9546m, t=3.4
[V2VProxy 3] triggerJoinViaJNI() called at t=3.4
[V2VProxy 3] FAILED: Server Status = 'Initializing' (expected 'READY') at t=3.4
[V2VProxy 3] Failed to trigger JOIN, will retry...
23:43:50.272 [nioEventLoopGroup-14-7] DEBUG bftsmart.communication.client.netty.NettyClientServerCommunicationSystemClientSide - 0 channel operations remaining to complete
23:43:50.273 [nioEventLoopGroup-17-2] DEBUG bftsmart.communication.client.netty.NettyClientServerCommunicationSystemClientSide - -1 channel operations remaining to complete
23:43:50.289 [nioEventLoopGroup-16-5] DEBUG bftsmart.communication.client.netty.NettyClientServerCommunicationSystemClientSide - 0 channel operations remaining to complete
23:43:50.273 [nioEventLoopGroup-19-6] DEBUG bftsmart.communication.client.netty.NettyClientServerCommunicationSystemClientSide - 1 channel operations remaining to complete
23:43:50.289 [nioEventLoopGroup-18-5] DEBUG bftsmart.communication.client.netty.NettyClientServerCommunicationSystemClientSide - 1 channel operations remaining to complete
23:43:50.289 [nioEventLoopGroup-15-6] DEBUG bftsmart.communication.client.netty.NettyClientServerCommunicationSystemClientSide - 0 channel operations remaining to complete
23:43:50.290 [nioEventLoopGroup-19-1] DEBUG bftsmart.communication.client.netty.NettyClientServerCommunicationSystemClientSide - 0 channel operations remaining to complete
23:43:50.290 [nioEventLoopGroup-18-7] DEBUG bftsmart.communication.client.netty.NettyClientServerCommunicationSystemClientSide - 0 channel operations remaining to complete
23:43:50.290 [nioEventLoopGroup-14-8] DEBUG bftsmart.communication.client.netty.NettyClientServerCommunicationSystemClientSide - -1 channel operations remaining to complete
23:43:50.290 [nioEventLoopGroup-14-2] DEBUG bftsmart.communication.client.netty.NettyClientServerCommunicationSystemClientSide - -2 channel operations remaining to complete
23:43:50.290 [nioEventLoopGroup-18-6] DEBUG bftsmart.communication.client.netty.NettyClientServerCommunicationSystemClientSide - -1 channel operations remaining to complete
23:43:50.289 [nioEventLoopGroup-16-8] DEBUG bftsmart.communication.client.netty.NettyClientServerCommunicationSystemClientSide - -1 channel operations remaining to complete
23:43:50.291 [nioEventLoopGroup-17-1] DEBUG bftsmart.communication.client.netty.NettyClientServerCommunicationSystemClientSide - -2 channel operations remaining to complete
23:43:50.291 [nioEventLoopGroup-16-1] DEBUG bftsmart.communication.client.netty.NettyClientServerCommunicationSystemClientSide - -2 channel operations remaining to complete
23:43:50.291 [nioEventLoopGroup-18-2] DEBUG bftsmart.communication.client.netty.NettyClientServerCommunicationSystemClientSide - -2 channel operations remaining to complete
23:43:50.291 [nioEventLoopGroup-15-8] DEBUG bftsmart.communication.client.netty.NettyClientServerCommunicationSystemClientSide - -1 channel operations remaining to complete
23:43:50.291 [nioEventLoopGroup-19-8] DEBUG bftsmart.communication.client.netty.NettyClientServerCommunicationSystemClientSide - -1 channel operations remaining to complete
23:43:50.291 [nioEventLoopGroup-18-8] DEBUG bftsmart.communication.client.netty.NettyClientServerCommunicationSystemClientSide - -3 channel operations remaining to complete
23:43:50.293 [nioEventLoopGroup-15-1] DEBUG bftsmart.communication.client.netty.NettyClientServerCommunicationSystemClientSide - -2 channel operations remaining to complete
23:43:50.293 [nioEventLoopGroup-14-5] DEBUG bftsmart.communication.client.netty.NettyClientServerCommunicationSystemClientSide - -3 channel operations remaining to complete
23:43:50.295 [nioEventLoopGroup-16-2] DEBUG bftsmart.communication.client.netty.NettyClientServerCommunicationSystemClientSide - -3 channel operations remaining to complete
23:43:50.295 [nioEventLoopGroup-17-8] DEBUG bftsmart.communication.client.netty.NettyClientServerCommunicationSystemClientSide - -3 channel operations remaining to complete
23:43:50.295 [nioEventLoopGroup-19-2] DEBUG bftsmart.communication.client.netty.NettyClientServerCommunicationSystemClientSide - -2 channel operations remaining to complete
23:43:50.297 [nioEventLoopGroup-19-5] DEBUG bftsmart.communication.client.netty.NettyClientServerCommunicationSystemClientSide - -3 channel operations remaining to complete
23:43:50.302 [nioEventLoopGroup-15-5] DEBUG bftsmart.communication.client.netty.NettyClientServerCommunicationSystemClientSide - -3 channel operations remaining to complete
23:43:50.304 [nioEventLoopGroup-7-6] DEBUG bftsmart.communication.client.netty.NettyTOMMessageDecoder - Active clients: 1
23:43:50.304 [nioEventLoopGroup-11-2] DEBUG bftsmart.communication.client.netty.NettyTOMMessageDecoder - Active clients: 1
23:43:50.305 [nioEventLoopGroup-7-6] DEBUG bftsmart.communication.client.netty.NettyTOMMessageDecoder - Decoded reply from 1000 with sequence number 0
23:43:50.304 [nioEventLoopGroup-8-6] DEBUG bftsmart.communication.client.netty.NettyTOMMessageDecoder - Active clients: 1
23:43:50.305 [nioEventLoopGroup-11-2] DEBUG bftsmart.communication.client.netty.NettyTOMMessageDecoder - Decoded reply from 1001 with sequence number 0
23:43:50.305 [nioEventLoopGroup-8-5] DEBUG bftsmart.communication.client.netty.NettyTOMMessageDecoder - Active clients: 2
23:43:50.304 [nioEventLoopGroup-10-2] DEBUG bftsmart.communication.client.netty.NettyTOMMessageDecoder - Active clients: 1
23:43:50.305 [nioEventLoopGroup-11-5] DEBUG bftsmart.communication.client.netty.NettyTOMMessageDecoder - Active clients: 2
23:43:50.305 [nioEventLoopGroup-9-1] DEBUG bftsmart.communication.client.netty.NettyTOMMessageDecoder - Active clients: 1
23:43:50.305 [nioEventLoopGroup-8-5] DEBUG bftsmart.communication.client.netty.NettyTOMMessageDecoder - Decoded reply from 1006 with sequence number 0
23:43:50.305 [nioEventLoopGroup-9-1] DEBUG bftsmart.communication.client.netty.NettyTOMMessageDecoder - Decoded reply from 1005 with sequence number 0
23:43:50.305 [nioEventLoopGroup-9-6] DEBUG bftsmart.communication.client.netty.NettyTOMMessageDecoder - Active clients: 2
23:43:50.305 [nioEventLoopGroup-9-6] DEBUG bftsmart.communication.client.netty.NettyTOMMessageDecoder - Decoded reply from 1000 with sequence number 0
23:43:50.305 [nioEventLoopGroup-8-6] DEBUG bftsmart.communication.client.netty.NettyTOMMessageDecoder - Decoded reply from 1000 with sequence number 0
23:43:50.305 [nioEventLoopGroup-11-5] DEBUG bftsmart.communication.client.netty.NettyTOMMessageDecoder - Decoded reply from 1007 with sequence number 0
23:43:50.305 [nioEventLoopGroup-7-5] DEBUG bftsmart.communication.client.netty.NettyTOMMessageDecoder - Active clients: 2
23:43:50.305 [nioEventLoopGroup-10-6] DEBUG bftsmart.communication.client.netty.NettyTOMMessageDecoder - Active clients: 2
23:43:50.305 [nioEventLoopGroup-8-3] DEBUG bftsmart.communication.client.netty.NettyTOMMessageDecoder - Active clients: 3
23:43:50.305 [nioEventLoopGroup-8-3] DEBUG bftsmart.communication.client.netty.NettyTOMMessageDecoder - Decoded reply from 1004 with sequence number 0
23:43:50.305 [nioEventLoopGroup-10-2] DEBUG bftsmart.communication.client.netty.NettyTOMMessageDecoder - Decoded reply from 1001 with sequence number 0
23:43:50.305 [nioEventLoopGroup-8-6] DEBUG bftsmart.tom.core.TOMLayer - Received TOMMessage from client 1000 with sequence number 0 for session 1793886036
23:43:50.305 [nioEventLoopGroup-10-6] DEBUG bftsmart.communication.client.netty.NettyTOMMessageDecoder - Decoded reply from 1000 with sequence number 0
23:43:50.305 [nioEventLoopGroup-7-6] DEBUG bftsmart.tom.core.TOMLayer - Received TOMMessage from client 1000 with sequence number 0 for session 1793886036
23:43:50.305 [nioEventLoopGroup-7-4] DEBUG bftsmart.communication.client.netty.NettyTOMMessageDecoder - Active clients: 3
23:43:50.305 [nioEventLoopGroup-11-5] DEBUG bftsmart.tom.core.TOMLayer - Received TOMMessage from client 1007 with sequence number 0 for session -411163298
23:43:50.305 [nioEventLoopGroup-10-6] DEBUG bftsmart.tom.core.TOMLayer - Received TOMMessage from client 1000 with sequence number 0 for session 1793886036
23:43:50.305 [nioEventLoopGroup-11-1] DEBUG bftsmart.communication.client.netty.NettyTOMMessageDecoder - Active clients: 3
23:43:50.305 [nioEventLoopGroup-7-3] DEBUG bftsmart.communication.client.netty.NettyTOMMessageDecoder - Active clients: 4
23:43:50.305 [nioEventLoopGroup-7-3] DEBUG bftsmart.communication.client.netty.NettyTOMMessageDecoder - Decoded reply from 1004 with sequence number 0
23:43:50.305 [nioEventLoopGroup-9-5] DEBUG bftsmart.communication.client.netty.NettyTOMMessageDecoder - Active clients: 3
23:43:50.305 [nioEventLoopGroup-9-5] DEBUG bftsmart.communication.client.netty.NettyTOMMessageDecoder - Decoded reply from 1007 with sequence number 0
23:43:50.305 [nioEventLoopGroup-13-5] DEBUG bftsmart.communication.client.netty.NettyTOMMessageDecoder - Active clients: 1
23:43:50.305 [nioEventLoopGroup-7-3] DEBUG bftsmart.tom.core.TOMLayer - Received TOMMessage from client 1004 with sequence number 0 for session 1482353715
23:43:50.305 [nioEventLoopGroup-11-4] DEBUG bftsmart.communication.client.netty.NettyTOMMessageDecoder - Active clients: 4
23:43:50.305 [nioEventLoopGroup-8-3] DEBUG bftsmart.tom.core.TOMLayer - Received TOMMessage from client 1004 with sequence number 0 for session 1482353715
23:43:50.305 [nioEventLoopGroup-13-5] DEBUG bftsmart.communication.client.netty.NettyTOMMessageDecoder - Decoded reply from 1004 with sequence number 0
23:43:50.305 [nioEventLoopGroup-13-1] DEBUG bftsmart.communication.client.netty.NettyTOMMessageDecoder - Active clients: 2
23:43:50.305 [nioEventLoopGroup-13-1] DEBUG bftsmart.communication.client.netty.NettyTOMMessageDecoder - Decoded reply from 1001 with sequence number 0
23:43:50.305 [nioEventLoopGroup-9-6] DEBUG bftsmart.tom.core.TOMLayer - Received TOMMessage from client 1000 with sequence number 0 for session 1793886036
23:43:50.305 [nioEventLoopGroup-8-5] DEBUG bftsmart.tom.core.TOMLayer - Received TOMMessage from client 1006 with sequence number 0 for session -1933597427
23:43:50.306 [nioEventLoopGroup-9-6] DEBUG bftsmart.clientsmanagement.ClientsManager - Creating new client data, client id=1000
23:43:50.306 [nioEventLoopGroup-13-1] DEBUG bftsmart.tom.core.TOMLayer - Received TOMMessage from client 1001 with sequence number 0 for session -1061421973
23:43:50.306 [nioEventLoopGroup-13-1] DEBUG bftsmart.clientsmanagement.ClientsManager - Creating new client data, client id=1001
23:43:50.305 [nioEventLoopGroup-7-4] DEBUG bftsmart.communication.client.netty.NettyTOMMessageDecoder - Decoded reply from 1006 with sequence number 0
23:43:50.306 [nioEventLoopGroup-7-1] DEBUG bftsmart.communication.client.netty.NettyTOMMessageDecoder - Active clients: 5
23:43:50.306 [nioEventLoopGroup-7-1] DEBUG bftsmart.communication.client.netty.NettyTOMMessageDecoder - Decoded reply from 1005 with sequence number 0
23:43:50.305 [nioEventLoopGroup-8-6] DEBUG bftsmart.clientsmanagement.ClientsManager - Creating new client data, client id=1000
23:43:50.306 [nioEventLoopGroup-7-1] DEBUG bftsmart.tom.core.TOMLayer - Received TOMMessage from client 1005 with sequence number 0 for session 1157526196
23:43:50.305 [nioEventLoopGroup-7-6] DEBUG bftsmart.clientsmanagement.ClientsManager - Creating new client data, client id=1000
23:43:50.305 [nioEventLoopGroup-10-2] DEBUG bftsmart.tom.core.TOMLayer - Received TOMMessage from client 1001 with sequence number 0 for session -1061421973
23:43:50.305 [nioEventLoopGroup-10-6] DEBUG bftsmart.clientsmanagement.ClientsManager - Creating new client data, client id=1000
23:43:50.305 [nioEventLoopGroup-11-5] DEBUG bftsmart.clientsmanagement.ClientsManager - Creating new client data, client id=1007
23:43:50.305 [nioEventLoopGroup-10-1] DEBUG bftsmart.communication.client.netty.NettyTOMMessageDecoder - Active clients: 3
23:43:50.306 [nioEventLoopGroup-10-1] DEBUG bftsmart.communication.client.netty.NettyTOMMessageDecoder - Decoded reply from 1005 with sequence number 0
23:43:50.305 [nioEventLoopGroup-9-1] DEBUG bftsmart.tom.core.TOMLayer - Received TOMMessage from client 1005 with sequence number 0 for session 1157526196
23:43:50.305 [nioEventLoopGroup-8-1] DEBUG bftsmart.communication.client.netty.NettyTOMMessageDecoder - Active clients: 4
23:43:50.305 [nioEventLoopGroup-11-2] DEBUG bftsmart.tom.core.TOMLayer - Received TOMMessage from client 1001 with sequence number 0 for session -1061421973
23:43:50.309 [nioEventLoopGroup-8-1] DEBUG bftsmart.communication.client.netty.NettyTOMMessageDecoder - Decoded reply from 1001 with sequence number 0
23:43:50.305 [nioEventLoopGroup-11-1] DEBUG bftsmart.communication.client.netty.NettyTOMMessageDecoder - Decoded reply from 1005 with sequence number 0
23:43:50.309 [nioEventLoopGroup-8-1] DEBUG bftsmart.tom.core.TOMLayer - Received TOMMessage from client 1001 with sequence number 0 for session -1061421973
23:43:50.309 [nioEventLoopGroup-8-1] DEBUG bftsmart.clientsmanagement.ClientsManager - Creating new client data, client id=1001
23:43:50.305 [nioEventLoopGroup-9-5] DEBUG bftsmart.tom.core.TOMLayer - Received TOMMessage from client 1007 with sequence number 0 for session -411163298
23:43:50.305 [nioEventLoopGroup-11-4] DEBUG bftsmart.communication.client.netty.NettyTOMMessageDecoder - Decoded reply from 1004 with sequence number 0
23:43:50.310 [nioEventLoopGroup-7-3] DEBUG bftsmart.clientsmanagement.ClientsManager - Creating new client data, client id=1004
23:43:50.305 [nioEventLoopGroup-11-6] DEBUG bftsmart.communication.client.netty.NettyTOMMessageDecoder - Active clients: 5
23:43:50.310 [nioEventLoopGroup-7-1] DEBUG bftsmart.clientsmanagement.ClientsManager - Creating new client data, client id=1005
23:43:50.310 [nioEventLoopGroup-11-4] DEBUG bftsmart.tom.core.TOMLayer - Received TOMMessage from client 1004 with sequence number 0 for session 1482353715
23:43:50.306 [nioEventLoopGroup-13-4] DEBUG bftsmart.communication.client.netty.NettyTOMMessageDecoder - Active clients: 3
23:43:50.306 [nioEventLoopGroup-13-5] DEBUG bftsmart.tom.core.TOMLayer - Received TOMMessage from client 1004 with sequence number 0 for session 1482353715
23:43:50.310 [nioEventLoopGroup-11-6] DEBUG bftsmart.communication.client.netty.NettyTOMMessageDecoder - Decoded reply from 1000 with sequence number 0
23:43:50.310 [nioEventLoopGroup-8-3] DEBUG bftsmart.clientsmanagement.ClientsManager - Creating new client data, client id=1004
23:43:50.310 [nioEventLoopGroup-11-3] DEBUG bftsmart.communication.client.netty.NettyTOMMessageDecoder - Active clients: 6
23:43:50.310 [nioEventLoopGroup-13-5] DEBUG bftsmart.clientsmanagement.ClientsManager - Creating new client data, client id=1004
23:43:50.310 [nioEventLoopGroup-13-3] DEBUG bftsmart.communication.client.netty.NettyTOMMessageDecoder - Active clients: 4
23:43:50.306 [nioEventLoopGroup-9-4] DEBUG bftsmart.communication.client.netty.NettyTOMMessageDecoder - Active clients: 4
23:43:50.310 [nioEventLoopGroup-13-3] DEBUG bftsmart.communication.client.netty.NettyTOMMessageDecoder - Decoded reply from 1005 with sequence number 0
23:43:50.310 [nioEventLoopGroup-13-3] DEBUG bftsmart.tom.core.TOMLayer - Received TOMMessage from client 1005 with sequence number 0 for session 1157526196
23:43:50.310 [nioEventLoopGroup-13-3] DEBUG bftsmart.clientsmanagement.ClientsManager - Creating new client data, client id=1005
23:43:50.310 [nioEventLoopGroup-13-6] DEBUG bftsmart.communication.client.netty.NettyTOMMessageDecoder - Active clients: 5
23:43:50.310 [nioEventLoopGroup-13-6] DEBUG bftsmart.communication.client.netty.NettyTOMMessageDecoder - Decoded reply from 1000 with sequence number 0
23:43:50.306 [nioEventLoopGroup-7-5] DEBUG bftsmart.communication.client.netty.NettyTOMMessageDecoder - Decoded reply from 1007 with sequence number 0
23:43:50.310 [nioEventLoopGroup-13-6] DEBUG bftsmart.tom.core.TOMLayer - Received TOMMessage from client 1000 with sequence number 0 for session 1793886036
23:43:50.310 [nioEventLoopGroup-13-6] DEBUG bftsmart.clientsmanagement.ClientsManager - Creating new client data, client id=1000
23:43:50.310 [nioEventLoopGroup-13-2] DEBUG bftsmart.communication.client.netty.NettyTOMMessageDecoder - Active clients: 6
23:43:50.310 [nioEventLoopGroup-9-3] DEBUG bftsmart.communication.client.netty.NettyTOMMessageDecoder - Active clients: 5
23:43:50.310 [nioEventLoopGroup-9-3] DEBUG bftsmart.communication.client.netty.NettyTOMMessageDecoder - Decoded reply from 1006 with sequence number 0
23:43:50.310 [nioEventLoopGroup-13-2] DEBUG bftsmart.communication.client.netty.NettyTOMMessageDecoder - Decoded reply from 1007 with sequence number 0
23:43:50.310 [nioEventLoopGroup-9-2] DEBUG bftsmart.communication.client.netty.NettyTOMMessageDecoder - Active clients: 6
23:43:50.310 [nioEventLoopGroup-9-2] DEBUG bftsmart.communication.client.netty.NettyTOMMessageDecoder - Decoded reply from 1001 with sequence number 0
23:43:50.310 [nioEventLoopGroup-7-5] DEBUG bftsmart.tom.core.TOMLayer - Received TOMMessage from client 1007 with sequence number 0 for session -411163298
23:43:50.310 [nioEventLoopGroup-13-2] DEBUG bftsmart.tom.core.TOMLayer - Received TOMMessage from client 1007 with sequence number 0 for session -411163298
23:43:50.310 [nioEventLoopGroup-13-2] DEBUG bftsmart.clientsmanagement.ClientsManager - Creating new client data, client id=1007
23:43:50.306 [nioEventLoopGroup-7-4] DEBUG bftsmart.tom.core.TOMLayer - Received TOMMessage from client 1006 with sequence number 0 for session -1933597427
23:43:50.306 [nioEventLoopGroup-7-2] DEBUG bftsmart.communication.client.netty.NettyTOMMessageDecoder - Active clients: 6
23:43:50.310 [nioEventLoopGroup-7-2] DEBUG bftsmart.communication.client.netty.NettyTOMMessageDecoder - Decoded reply from 1001 with sequence number 0
23:43:50.308 [nioEventLoopGroup-10-1] DEBUG bftsmart.tom.core.TOMLayer - Received TOMMessage from client 1005 with sequence number 0 for session 1157526196
23:43:50.310 [nioEventLoopGroup-7-2] DEBUG bftsmart.tom.core.TOMLayer - Received TOMMessage from client 1001 with sequence number 0 for session -1061421973
23:43:50.309 [nioEventLoopGroup-8-2] DEBUG bftsmart.communication.client.netty.NettyTOMMessageDecoder - Active clients: 5
23:43:50.310 [nioEventLoopGroup-10-2] DEBUG bftsmart.clientsmanagement.ClientsManager - Creating new client data, client id=1001
23:43:50.310 [nioEventLoopGroup-11-1] DEBUG bftsmart.tom.core.TOMLayer - Received TOMMessage from client 1005 with sequence number 0 for session 1157526196
23:43:50.311 [nioEventLoopGroup-8-2] DEBUG bftsmart.communication.client.netty.NettyTOMMessageDecoder - Decoded reply from 1005 with sequence number 0
23:43:50.310 [nioEventLoopGroup-11-2] DEBUG bftsmart.clientsmanagement.ClientsManager - Creating new client data, client id=1001
23:43:50.310 [nioEventLoopGroup-9-1] DEBUG bftsmart.clientsmanagement.ClientsManager - Creating new client data, client id=1005
23:43:50.311 [nioEventLoopGroup-11-4] DEBUG bftsmart.clientsmanagement.ClientsManager - Creating new client data, client id=1004
23:43:50.310 [nioEventLoopGroup-13-4] DEBUG bftsmart.communication.client.netty.NettyTOMMessageDecoder - Decoded reply from 1006 with sequence number 0
23:43:50.311 [nioEventLoopGroup-8-3] DEBUG bftsmart.clientsmanagement.ClientsManager - Message from client 1004 is valid
23:43:50.311 [nioEventLoopGroup-10-6] DEBUG bftsmart.clientsmanagement.ClientsManager - Message from client 1000 is valid
23:43:50.311 [nioEventLoopGroup-13-4] DEBUG bftsmart.tom.core.TOMLayer - Received TOMMessage from client 1006 with sequence number 0 for session -1933597427
23:43:50.311 [nioEventLoopGroup-13-1] DEBUG bftsmart.clientsmanagement.ClientsManager - Message from client 1001 is valid
23:43:50.311 [nioEventLoopGroup-13-4] DEBUG bftsmart.clientsmanagement.ClientsManager - Creating new client data, client id=1006
23:43:50.311 [nioEventLoopGroup-9-5] DEBUG bftsmart.clientsmanagement.ClientsManager - Creating new client data, client id=1007
23:43:50.310 [nioEventLoopGroup-11-3] DEBUG bftsmart.communication.client.netty.NettyTOMMessageDecoder - Decoded reply from 1006 with sequence number 0
23:43:50.311 [nioEventLoopGroup-13-2] DEBUG bftsmart.clientsmanagement.ClientsManager - Message from client 1007 is valid
23:43:50.310 [nioEventLoopGroup-11-6] DEBUG bftsmart.tom.core.TOMLayer - Received TOMMessage from client 1000 with sequence number 0 for session 1793886036
23:43:50.311 [nioEventLoopGroup-13-3] DEBUG bftsmart.clientsmanagement.ClientsManager - Message from client 1005 is valid
23:43:50.311 [nioEventLoopGroup-11-2] DEBUG bftsmart.clientsmanagement.ClientsManager - Message from client 1001 is valid
23:43:50.311 [nioEventLoopGroup-8-1] DEBUG bftsmart.clientsmanagement.ClientsManager - Message from client 1001 is valid
23:43:50.311 [nioEventLoopGroup-11-6] DEBUG bftsmart.clientsmanagement.ClientsManager - Creating new client data, client id=1000
23:43:50.311 [nioEventLoopGroup-11-4] DEBUG bftsmart.clientsmanagement.ClientsManager - Message from client 1004 is valid
23:43:50.310 [nioEventLoopGroup-8-5] DEBUG bftsmart.clientsmanagement.ClientsManager - Creating new client data, client id=1006
23:43:50.311 [nioEventLoopGroup-13-5] DEBUG bftsmart.clientsmanagement.ClientsManager - Message from client 1004 is valid
23:43:50.311 [nioEventLoopGroup-9-1] DEBUG bftsmart.clientsmanagement.ClientsManager - Message from client 1005 is valid
23:43:50.310 [nioEventLoopGroup-9-4] DEBUG bftsmart.communication.client.netty.NettyTOMMessageDecoder - Decoded reply from 1004 with sequence number 0
23:43:50.311 [nioEventLoopGroup-8-6] DEBUG bftsmart.clientsmanagement.ClientsManager - Message from client 1000 is valid
23:43:50.311 [nioEventLoopGroup-9-6] DEBUG bftsmart.clientsmanagement.ClientsManager - Message from client 1000 is valid
23:43:50.310 [nioEventLoopGroup-10-3] DEBUG bftsmart.communication.client.netty.NettyTOMMessageDecoder - Active clients: 4
23:43:50.311 [nioEventLoopGroup-11-6] DEBUG bftsmart.clientsmanagement.ClientsManager - Message from client 1000 is valid
23:43:50.310 [nioEventLoopGroup-9-3] DEBUG bftsmart.tom.core.TOMLayer - Received TOMMessage from client 1006 with sequence number 0 for session -1933597427
23:43:50.311 [nioEventLoopGroup-10-3] DEBUG bftsmart.communication.client.netty.NettyTOMMessageDecoder - Decoded reply from 1006 with sequence number 0
23:43:50.311 [nioEventLoopGroup-10-5] DEBUG bftsmart.communication.client.netty.NettyTOMMessageDecoder - Active clients: 5
23:43:50.311 [nioEventLoopGroup-10-5] DEBUG bftsmart.communication.client.netty.NettyTOMMessageDecoder - Decoded reply from 1007 with sequence number 0
23:43:50.310 [nioEventLoopGroup-9-2] DEBUG bftsmart.tom.core.TOMLayer - Received TOMMessage from client 1001 with sequence number 0 for session -1061421973
23:43:50.311 [nioEventLoopGroup-10-5] DEBUG bftsmart.tom.core.TOMLayer - Received TOMMessage from client 1007 with sequence number 0 for session -411163298
23:43:50.311 [nioEventLoopGroup-10-4] DEBUG bftsmart.communication.client.netty.NettyTOMMessageDecoder - Active clients: 6
23:43:50.311 [nioEventLoopGroup-10-4] DEBUG bftsmart.communication.client.netty.NettyTOMMessageDecoder - Decoded reply from 1004 with sequence number 0
23:43:50.310 [nioEventLoopGroup-7-5] DEBUG bftsmart.clientsmanagement.ClientsManager - Creating new client data, client id=1007
23:43:50.311 [nioEventLoopGroup-8-4] DEBUG bftsmart.communication.client.netty.NettyTOMMessageDecoder - Active clients: 6
23:43:50.311 [nioEventLoopGroup-10-1] DEBUG bftsmart.clientsmanagement.ClientsManager - Creating new client data, client id=1005
23:43:50.311 [nioEventLoopGroup-8-2] DEBUG bftsmart.tom.core.TOMLayer - Received TOMMessage from client 1005 with sequence number 0 for session 1157526196
23:43:50.311 [nioEventLoopGroup-7-1] DEBUG bftsmart.clientsmanagement.ClientsManager - Message from client 1005 is valid
23:43:50.312 [nioEventLoopGroup-7-5] DEBUG bftsmart.clientsmanagement.ClientsManager - Message from client 1007 is valid
23:43:50.311 [nioEventLoopGroup-13-6] DEBUG bftsmart.clientsmanagement.ClientsManager - Message from client 1000 is valid
23:43:50.311 [nioEventLoopGroup-7-3] DEBUG bftsmart.clientsmanagement.ClientsManager - Message from client 1004 is valid
23:43:50.312 [nioEventLoopGroup-10-1] DEBUG bftsmart.clientsmanagement.ClientsManager - Message from client 1005 is valid
23:43:50.311 [nioEventLoopGroup-7-6] DEBUG bftsmart.clientsmanagement.ClientsManager - Message from client 1000 is valid
23:43:50.311 [nioEventLoopGroup-11-5] DEBUG bftsmart.clientsmanagement.ClientsManager - Message from client 1007 is valid
23:43:50.311 [nioEventLoopGroup-11-3] DEBUG bftsmart.tom.core.TOMLayer - Received TOMMessage from client 1006 with sequence number 0 for session -1933597427
23:43:50.312 [nioEventLoopGroup-11-3] DEBUG bftsmart.clientsmanagement.ClientsManager - Creating new client data, client id=1006
23:43:50.311 [nioEventLoopGroup-13-4] DEBUG bftsmart.clientsmanagement.ClientsManager - Message from client 1006 is valid
23:43:50.311 [nioEventLoopGroup-10-2] DEBUG bftsmart.clientsmanagement.ClientsManager - Message from client 1001 is valid
23:43:50.311 [nioEventLoopGroup-9-4] DEBUG bftsmart.tom.core.TOMLayer - Received TOMMessage from client 1004 with sequence number 0 for session 1482353715
23:43:50.311 [nioEventLoopGroup-9-5] DEBUG bftsmart.clientsmanagement.ClientsManager - Message from client 1007 is valid
23:43:50.312 [nioEventLoopGroup-11-3] DEBUG bftsmart.clientsmanagement.ClientsManager - Message from client 1006 is valid
23:43:50.311 [nioEventLoopGroup-8-5] DEBUG bftsmart.clientsmanagement.ClientsManager - Message from client 1006 is valid
23:43:50.311 [nioEventLoopGroup-10-3] DEBUG bftsmart.tom.core.TOMLayer - Received TOMMessage from client 1006 with sequence number 0 for session -1933597427
23:43:50.311 [nioEventLoopGroup-10-4] DEBUG bftsmart.tom.core.TOMLayer - Received TOMMessage from client 1004 with sequence number 0 for session 1482353715
23:43:50.312 [nioEventLoopGroup-8-4] DEBUG bftsmart.communication.client.netty.NettyTOMMessageDecoder - Decoded reply from 1007 with sequence number 0
23:43:50.312 [nioEventLoopGroup-7-4] DEBUG bftsmart.clientsmanagement.ClientsManager - Creating new client data, client id=1006
23:43:50.313 [nioEventLoopGroup-8-4] DEBUG bftsmart.tom.core.TOMLayer - Received TOMMessage from client 1007 with sequence number 0 for session -411163298
23:43:50.312 [nioEventLoopGroup-11-1] DEBUG bftsmart.clientsmanagement.ClientsManager - Creating new client data, client id=1005
23:43:50.313 [nioEventLoopGroup-9-3] DEBUG bftsmart.clientsmanagement.ClientsManager - Creating new client data, client id=1006
23:43:50.312 [nioEventLoopGroup-10-5] DEBUG bftsmart.clientsmanagement.ClientsManager - Creating new client data, client id=1007
23:43:50.313 [nioEventLoopGroup-7-2] DEBUG bftsmart.clientsmanagement.ClientsManager - Creating new client data, client id=1001
23:43:50.313 [nioEventLoopGroup-8-2] DEBUG bftsmart.clientsmanagement.ClientsManager - Creating new client data, client id=1005
23:43:50.313 [nioEventLoopGroup-9-2] DEBUG bftsmart.clientsmanagement.ClientsManager - Creating new client data, client id=1001
23:43:50.313 [nioEventLoopGroup-10-5] DEBUG bftsmart.clientsmanagement.ClientsManager - Message from client 1007 is valid
23:43:50.313 [nioEventLoopGroup-9-4] DEBUG bftsmart.clientsmanagement.ClientsManager - Creating new client data, client id=1004
23:43:50.313 [nioEventLoopGroup-7-2] DEBUG bftsmart.clientsmanagement.ClientsManager - Message from client 1001 is valid
23:43:50.313 [nioEventLoopGroup-7-4] DEBUG bftsmart.clientsmanagement.ClientsManager - Message from client 1006 is valid
23:43:50.313 [nioEventLoopGroup-9-4] DEBUG bftsmart.clientsmanagement.ClientsManager - Message from client 1004 is valid
23:43:50.313 [nioEventLoopGroup-9-3] DEBUG bftsmart.clientsmanagement.ClientsManager - Message from client 1006 is valid
23:43:50.314 [nioEventLoopGroup-11-1] DEBUG bftsmart.clientsmanagement.ClientsManager - Message from client 1005 is valid
23:43:50.314 [nioEventLoopGroup-9-2] DEBUG bftsmart.clientsmanagement.ClientsManager - Message from client 1001 is valid
23:43:50.314 [nioEventLoopGroup-8-2] DEBUG bftsmart.clientsmanagement.ClientsManager - Message from client 1005 is valid
23:43:50.314 [nioEventLoopGroup-10-3] DEBUG bftsmart.clientsmanagement.ClientsManager - Creating new client data, client id=1006
23:43:50.314 [nioEventLoopGroup-10-4] DEBUG bftsmart.clientsmanagement.ClientsManager - Creating new client data, client id=1004
23:43:50.314 [nioEventLoopGroup-8-4] DEBUG bftsmart.clientsmanagement.ClientsManager - Creating new client data, client id=1007
23:43:50.314 [nioEventLoopGroup-10-3] DEBUG bftsmart.clientsmanagement.ClientsManager - Message from client 1006 is valid
23:43:50.314 [nioEventLoopGroup-10-4] DEBUG bftsmart.clientsmanagement.ClientsManager - Message from client 1004 is valid
23:43:50.314 [nioEventLoopGroup-8-4] DEBUG bftsmart.clientsmanagement.ClientsManager - Message from client 1007 is valid
[V2V Layer 2] DEBUG: Creating connections...
[V2VNativeReplicaConnection] Created JNI connection from 2 to 0
    -> Native JNI connection to replica 0
[V2VNativeReplicaConnection] Created JNI connection from 2 to 1
    -> Native JNI connection to replica 1
[V2VNativeReplicaConnection] Created JNI connection from 2 to 3
    -> Native JNI connection to replica 3
[V2VNativeReplicaConnection] Created JNI connection from 2 to 4
    -> Native JNI connection to replica 4
[V2VNativeReplicaConnection] Created JNI connection from 2 to 5
    -> Native JNI connection to replica 5
[V2VNativeReplicaConnection] Created JNI connection from 2 to 6
    -> Native JNI connection to replica 6
[V2VNativeReplicaConnection] Created JNI connection from 2 to 7
    -> Native JNI connection to replica 7
==============================================
[V2V Layer 2] DEBUG: About to start communication thread...
[V2V Layer 2] DEBUG: start() called, thread should be running now
==============================================
[V2V Layer 2] Communication thread STARTED
    Using JNI callbacks for message delivery
==============================================
23:43:50.349 [Thread-2] WARN io.netty.bootstrap.ServerBootstrap - Unknown channel option 'SO_KEEPALIVE' for channel '[id: 0x5c32dc74]'
23:43:50.349 [Thread-2] WARN io.netty.bootstrap.ServerBootstrap - Unknown channel option 'TCP_NODELAY' for channel '[id: 0x5c32dc74]'
23:43:50.349 [Thread-2] WARN io.netty.bootstrap.ServerBootstrap - Unknown channel option 'SO_SNDBUF' for channel '[id: 0x5c32dc74]'
23:43:50.350 [Thread-2] INFO bftsmart.communication.client.netty.NettyClientServerCommunicationSystemServerSide - ID = 2
23:43:50.350 [Thread-2] INFO bftsmart.communication.client.netty.NettyClientServerCommunicationSystemServerSide - N = 8
23:43:50.350 [Thread-2] INFO bftsmart.communication.client.netty.NettyClientServerCommunicationSystemServerSide - F = 2
23:43:50.350 [Thread-2] INFO bftsmart.communication.client.netty.NettyClientServerCommunicationSystemServerSide - Port (client <-> server) = 11020
23:43:50.350 [Thread-2] INFO bftsmart.communication.client.netty.NettyClientServerCommunicationSystemServerSide - Port (server <-> server) = 11021
23:43:50.350 [Thread-2] INFO bftsmart.communication.client.netty.NettyClientServerCommunicationSystemServerSide - requestTimeout = 100000
23:43:50.350 [Thread-2] INFO bftsmart.communication.client.netty.NettyClientServerCommunicationSystemServerSide - maxBatch = 8
23:43:50.350 [Thread-2] INFO bftsmart.communication.client.netty.NettyClientServerCommunicationSystemServerSide - Binded replica to IP address 127.0.0.1
23:43:50.350 [Thread-2] INFO bftsmart.communication.client.netty.NettyClientServerCommunicationSystemServerSide - Optimizations:  Read-only Requests: disabled
23:43:50.350 [Thread-2] INFO bftsmart.communication.client.netty.NettyClientServerCommunicationSystemServerSide - SSL/TLS enabled, protocol version: TLSv1.2
23:43:50.350 [Thread-2] INFO bftsmart.tom.ServiceReplica - In current view: ID:0; F:2; Processes:0(/127.0.0.1:11000),1(/127.0.0.1:11010),2(/127.0.0.1:11020),3(/127.0.0.1:11030),4(/127.0.0.1:11040),5(/127.0.0.1:11050),6(/127.0.0.1:11060),7(/127.0.0.1:11070),
23:43:50.352 [Delivery Thread] WARN bftsmart.tom.core.DeliveryThread - ***********************************************************
23:43:50.352 [Delivery Thread] WARN bftsmart.tom.core.DeliveryThread - V2V MODE: Skipping state retrieval (fresh start assumed)
23:43:50.352 [Delivery Thread] WARN bftsmart.tom.core.DeliveryThread - State sync would fail due to V2V collisions during init
23:43:50.352 [Delivery Thread] WARN bftsmart.tom.core.DeliveryThread - ***********************************************************
23:43:50.352 [Delivery Thread] INFO bftsmart.tom.core.DeliveryThread - 
		###################################
		    Ready to process operations    
		###################################
23:43:50.353 [TOM Layer] DEBUG bftsmart.tom.core.TOMLayer - Running.
23:43:50.353 [TOM Layer] DEBUG bftsmart.tom.core.TOMLayer - Next leader for CID=0: 0
[STATE] Snapshot taken. Buffer size: 0, Batch processed: false
23:43:50.357 [Thread-2] WARN bftsmart.statemanagement.standard.StandardStateManager - ***********************************************************
23:43:50.357 [Thread-2] WARN bftsmart.statemanagement.standard.StandardStateManager - V2V MODE: Skipping initial CID sync (fresh start assumed)
23:43:50.357 [Thread-2] WARN bftsmart.statemanagement.standard.StandardStateManager - V2V collisions prevent reliable quorum during init
23:43:50.357 [Thread-2] WARN bftsmart.statemanagement.standard.StandardStateManager - ***********************************************************
23:43:50.357 [Delivery Thread] DEBUG bftsmart.tom.core.DeliveryThread - Current size of the decided queue: 0
23:43:50.357 [Thread-2] DEBUG bftsmart.tom.core.TOMLayer - Setting last exec to -1
[Server 2] DEBUG: *** ServiceReplica constructor returned! ***
[Server 2] DEBUG: Replica object = bftsmart.tom.ServiceReplica@3baaaa00
[Server 2] DEBUG: *** ServiceReplica constructor RETURNED! ***
[Server 2] DEBUG: About to register in readyServers map...
[IntersectionServer 2] ========================================
[IntersectionServer 2] *** REGISTERED as Ready! ***
[IntersectionServer 2] *** Waiting for OMNeT++ trigger. ***
[IntersectionServer 2] ========================================
[ServerRunner 2] ========================================
[ServerRunner 2] *** REPLICA IS NOW READY ***
[ServerRunner 2] *** Time: 1769154230357 ms
[ServerRunner 2] ========================================
[V2VProxy 2] *** STOPPING at intersection! ***
[V2VProxy 2] Distance=33.1068m, t=3.5
[V2VProxy 2] triggerJoinViaJNI() called at t=3.5
[V2VProxy 2] PASSED: Server Status = 'READY'
[V2VProxy 2] PASSED: isReplicaReady() = true
[IntersectionServer 2] triggerJoin() called by OMNeT++
[V2VProxy 2] SUCCESS: Triggered Join at t=3.5
[V2VProxy 2] Consensus Timer STARTED at 3.5
[V2VProxy 2] Consensus timeout set for 40s
[V2VProxy 3] *** STOPPING at intersection! ***
[V2VProxy 3] Distance=42.9546m, t=3.5
[V2VProxy 3] triggerJoinViaJNI() called at t=3.5
[V2VProxy 3] Barrier: 8/8 runners ready
[V2VProxy 3] FAILED: Server Status = 'Initializing' (expected 'READY') at t=3.5
[V2VProxy 3] Failed to trigger JOIN, will retry...
23:43:50.365 [Thread-155] DEBUG bftsmart.communication.client.netty.NettyClientServerCommunicationSystemClientSide - ClientID 1002, connecting to replica 0, at address: /127.0.0.1:11000
23:43:50.365 [nioEventLoopGroup-22-1] DEBUG bftsmart.communication.client.netty.NettyTOMMessageDecoder - new NettyTOMMessageDecoder!!, isClient=true
23:43:50.367 [nioEventLoopGroup-22-1] DEBUG bftsmart.communication.client.netty.NettyClientServerCommunicationSystemClientSide - Channel active
23:43:50.368 [nioEventLoopGroup-13-7] DEBUG bftsmart.communication.client.netty.NettyTOMMessageDecoder - new NettyTOMMessageDecoder!!, isClient=false
23:43:50.368 [nioEventLoopGroup-13-7] INFO bftsmart.communication.client.netty.NettyClientServerCommunicationSystemServerSide - Session Created, active clients=6
23:43:50.368 [Thread-155] DEBUG bftsmart.communication.client.netty.NettyClientServerCommunicationSystemClientSide - ClientID 1002, connecting to replica 1, at address: /127.0.0.1:11010
23:43:50.369 [nioEventLoopGroup-22-2] DEBUG bftsmart.communication.client.netty.NettyTOMMessageDecoder - new NettyTOMMessageDecoder!!, isClient=true
23:43:50.370 [nioEventLoopGroup-22-2] DEBUG bftsmart.communication.client.netty.NettyClientServerCommunicationSystemClientSide - Channel active
23:43:50.371 [nioEventLoopGroup-8-7] DEBUG bftsmart.communication.client.netty.NettyTOMMessageDecoder - new NettyTOMMessageDecoder!!, isClient=false
23:43:50.371 [nioEventLoopGroup-8-7] INFO bftsmart.communication.client.netty.NettyClientServerCommunicationSystemServerSide - Session Created, active clients=6
23:43:50.371 [Thread-155] DEBUG bftsmart.communication.client.netty.NettyClientServerCommunicationSystemClientSide - ClientID 1002, connecting to replica 2, at address: /127.0.0.1:11020
23:43:50.371 [nioEventLoopGroup-22-3] DEBUG bftsmart.communication.client.netty.NettyTOMMessageDecoder - new NettyTOMMessageDecoder!!, isClient=true
23:43:50.372 [nioEventLoopGroup-22-3] DEBUG bftsmart.communication.client.netty.NettyClientServerCommunicationSystemClientSide - Channel active
23:43:50.373 [Thread-155] DEBUG bftsmart.communication.client.netty.NettyClientServerCommunicationSystemClientSide - ClientID 1002, connecting to replica 3, at address: /127.0.0.1:11030
23:43:50.373 [nioEventLoopGroup-21-1] DEBUG bftsmart.communication.client.netty.NettyTOMMessageDecoder - new NettyTOMMessageDecoder!!, isClient=false
23:43:50.373 [nioEventLoopGroup-22-4] DEBUG bftsmart.communication.client.netty.NettyTOMMessageDecoder - new NettyTOMMessageDecoder!!, isClient=true
23:43:50.373 [nioEventLoopGroup-21-1] INFO bftsmart.communication.client.netty.NettyClientServerCommunicationSystemServerSide - Session Created, active clients=0
23:43:50.374 [Thread-155] ERROR bftsmart.communication.client.netty.NettyClientServerCommunicationSystemClientSide - Impossible to connect to 3
23:43:50.375 [Thread-155] DEBUG bftsmart.communication.client.netty.NettyClientServerCommunicationSystemClientSide - ClientID 1002, connecting to replica 4, at address: /127.0.0.1:11040
23:43:50.375 [nioEventLoopGroup-22-5] DEBUG bftsmart.communication.client.netty.NettyTOMMessageDecoder - new NettyTOMMessageDecoder!!, isClient=true
23:43:50.376 [nioEventLoopGroup-22-5] DEBUG bftsmart.communication.client.netty.NettyClientServerCommunicationSystemClientSide - Channel active
[V2V Layer 3] DEBUG: Creating connections...
[V2VNativeReplicaConnection] Created JNI connection from 3 to 0
    -> Native JNI connection to replica 0
[V2VNativeReplicaConnection] Created JNI connection from 3 to 1
    -> Native JNI connection to replica 1
[V2VNativeReplicaConnection] Created JNI connection from 3 to 2
    -> Native JNI connection to replica 2
[V2VNativeReplicaConnection] Created JNI connection from 3 to 4
    -> Native JNI connection to replica 4
[V2VNativeReplicaConnection] Created JNI connection from 3 to 5
    -> Native JNI connection to replica 5
[V2VNativeReplicaConnection] Created JNI connection from 3 to 6
    -> Native JNI connection to replica 6
[V2VNativeReplicaConnection] Created JNI connection from 3 to 7
    -> Native JNI connection to replica 7
==============================================
[V2V Layer 3] DEBUG: About to start communication thread...
[V2V Layer 3] DEBUG: start() called, thread should be running now
==============================================
[V2V Layer 3] Communication thread STARTED
    Using JNI callbacks for message delivery
==============================================
23:43:50.377 [nioEventLoopGroup-9-7] DEBUG bftsmart.communication.client.netty.NettyTOMMessageDecoder - new NettyTOMMessageDecoder!!, isClient=false
23:43:50.378 [nioEventLoopGroup-9-7] INFO bftsmart.communication.client.netty.NettyClientServerCommunicationSystemServerSide - Session Created, active clients=6
23:43:50.378 [Thread-155] DEBUG bftsmart.communication.client.netty.NettyClientServerCommunicationSystemClientSide - ClientID 1002, connecting to replica 5, at address: /127.0.0.1:11050
23:43:50.379 [nioEventLoopGroup-22-6] DEBUG bftsmart.communication.client.netty.NettyTOMMessageDecoder - new NettyTOMMessageDecoder!!, isClient=true
23:43:50.380 [Thread-3] WARN io.netty.bootstrap.ServerBootstrap - Unknown channel option 'SO_KEEPALIVE' for channel '[id: 0x50991a34]'
23:43:50.380 [Thread-3] WARN io.netty.bootstrap.ServerBootstrap - Unknown channel option 'TCP_NODELAY' for channel '[id: 0x50991a34]'
23:43:50.380 [Thread-3] WARN io.netty.bootstrap.ServerBootstrap - Unknown channel option 'SO_SNDBUF' for channel '[id: 0x50991a34]'
23:43:50.380 [nioEventLoopGroup-22-6] DEBUG bftsmart.communication.client.netty.NettyClientServerCommunicationSystemClientSide - Channel active
23:43:50.381 [Thread-3] INFO bftsmart.communication.client.netty.NettyClientServerCommunicationSystemServerSide - ID = 3
23:43:50.381 [Thread-3] INFO bftsmart.communication.client.netty.NettyClientServerCommunicationSystemServerSide - N = 8
23:43:50.381 [Thread-3] INFO bftsmart.communication.client.netty.NettyClientServerCommunicationSystemServerSide - F = 2
23:43:50.381 [Thread-3] INFO bftsmart.communication.client.netty.NettyClientServerCommunicationSystemServerSide - Port (client <-> server) = 11030
23:43:50.381 [Thread-3] INFO bftsmart.communication.client.netty.NettyClientServerCommunicationSystemServerSide - Port (server <-> server) = 11031
23:43:50.381 [Thread-3] INFO bftsmart.communication.client.netty.NettyClientServerCommunicationSystemServerSide - requestTimeout = 100000
23:43:50.381 [Thread-3] INFO bftsmart.communication.client.netty.NettyClientServerCommunicationSystemServerSide - maxBatch = 8
23:43:50.381 [Thread-3] INFO bftsmart.communication.client.netty.NettyClientServerCommunicationSystemServerSide - Binded replica to IP address 127.0.0.1
23:43:50.381 [Thread-3] INFO bftsmart.communication.client.netty.NettyClientServerCommunicationSystemServerSide - Optimizations:  Read-only Requests: disabled
23:43:50.381 [Thread-3] INFO bftsmart.communication.client.netty.NettyClientServerCommunicationSystemServerSide - SSL/TLS enabled, protocol version: TLSv1.2
23:43:50.381 [Thread-3] INFO bftsmart.tom.ServiceReplica - In current view: ID:0; F:2; Processes:0(/127.0.0.1:11000),1(/127.0.0.1:11010),2(/127.0.0.1:11020),3(/127.0.0.1:11030),4(/127.0.0.1:11040),5(/127.0.0.1:11050),6(/127.0.0.1:11060),7(/127.0.0.1:11070),
23:43:50.381 [nioEventLoopGroup-10-7] DEBUG bftsmart.communication.client.netty.NettyTOMMessageDecoder - new NettyTOMMessageDecoder!!, isClient=false
23:43:50.382 [nioEventLoopGroup-22-7] DEBUG bftsmart.communication.client.netty.NettyTOMMessageDecoder - new NettyTOMMessageDecoder!!, isClient=true
23:43:50.382 [Thread-155] DEBUG bftsmart.communication.client.netty.NettyClientServerCommunicationSystemClientSide - ClientID 1002, connecting to replica 6, at address: /127.0.0.1:11060
23:43:50.382 [nioEventLoopGroup-10-7] INFO bftsmart.communication.client.netty.NettyClientServerCommunicationSystemServerSide - Session Created, active clients=6
23:43:50.383 [nioEventLoopGroup-22-7] DEBUG bftsmart.communication.client.netty.NettyClientServerCommunicationSystemClientSide - Channel active
23:43:50.384 [nioEventLoopGroup-11-7] DEBUG bftsmart.communication.client.netty.NettyTOMMessageDecoder - new NettyTOMMessageDecoder!!, isClient=false
23:43:50.384 [nioEventLoopGroup-11-7] INFO bftsmart.communication.client.netty.NettyClientServerCommunicationSystemServerSide - Session Created, active clients=6
23:43:50.384 [Thread-155] DEBUG bftsmart.communication.client.netty.NettyClientServerCommunicationSystemClientSide - ClientID 1002, connecting to replica 7, at address: /127.0.0.1:11070
23:43:50.384 [nioEventLoopGroup-22-8] DEBUG bftsmart.communication.client.netty.NettyTOMMessageDecoder - new NettyTOMMessageDecoder!!, isClient=true
23:43:50.386 [Delivery Thread] WARN bftsmart.tom.core.DeliveryThread - ***********************************************************
23:43:50.386 [Delivery Thread] WARN bftsmart.tom.core.DeliveryThread - V2V MODE: Skipping state retrieval (fresh start assumed)
23:43:50.386 [Delivery Thread] WARN bftsmart.tom.core.DeliveryThread - State sync would fail due to V2V collisions during init
23:43:50.386 [Delivery Thread] WARN bftsmart.tom.core.DeliveryThread - ***********************************************************
23:43:50.386 [Delivery Thread] INFO bftsmart.tom.core.DeliveryThread - 
		###################################
		    Ready to process operations    
		###################################
23:43:50.386 [TOM Layer] DEBUG bftsmart.tom.core.TOMLayer - Running.
23:43:50.386 [TOM Layer] DEBUG bftsmart.tom.core.TOMLayer - Next leader for CID=0: 0
23:43:50.387 [nioEventLoopGroup-22-8] DEBUG bftsmart.communication.client.netty.NettyClientServerCommunicationSystemClientSide - Channel active
23:43:50.387 [Thread-155] DEBUG bftsmart.proxy - Sending request (ORDERED_REQUEST) with seqId = 0
23:43:50.387 [Thread-155] DEBUG bftsmart.communication.client.netty.NettyClientServerCommunicationSystemClientSide - All channel operations completed or timed out
23:43:50.387 [Thread-155] DEBUG bftsmart.communication.client.netty.NettyClientServerCommunicationSystemClientSide - Sending request from 1002 with sequence number 0 to [1, 0, 7, 6, 5, 4, 2, 3]
23:43:50.388 [Thread-155] DEBUG bftsmart.communication.client.netty.NettyClientServerCommunicationSystemClientSide - Channel to 3 is not connected
23:43:50.388 [Thread-155] DEBUG bftsmart.proxy - Expected number of matching replies: 3
23:43:50.388 [nioEventLoopGroup-22-2] DEBUG bftsmart.communication.client.netty.NettyClientServerCommunicationSystemClientSide - 2 channel operations remaining to complete
23:43:50.388 [nioEventLoopGroup-22-1] DEBUG bftsmart.communication.client.netty.NettyClientServerCommunicationSystemClientSide - 1 channel operations remaining to complete
23:43:50.388 [nioEventLoopGroup-7-7] DEBUG bftsmart.communication.client.netty.NettyTOMMessageDecoder - new NettyTOMMessageDecoder!!, isClient=false
23:43:50.388 [nioEventLoopGroup-22-8] DEBUG bftsmart.communication.client.netty.NettyClientServerCommunicationSystemClientSide - 0 channel operations remaining to complete
23:43:50.388 [nioEventLoopGroup-7-7] INFO bftsmart.communication.client.netty.NettyClientServerCommunicationSystemServerSide - Session Created, active clients=6
23:43:50.388 [nioEventLoopGroup-22-5] DEBUG bftsmart.communication.client.netty.NettyClientServerCommunicationSystemClientSide - -1 channel operations remaining to complete
23:43:50.388 [nioEventLoopGroup-8-7] DEBUG bftsmart.communication.client.netty.NettyTOMMessageDecoder - Active clients: 7
23:43:50.388 [nioEventLoopGroup-8-7] DEBUG bftsmart.communication.client.netty.NettyTOMMessageDecoder - Decoded reply from 1002 with sequence number 0
23:43:50.388 [nioEventLoopGroup-22-7] DEBUG bftsmart.communication.client.netty.NettyClientServerCommunicationSystemClientSide - -2 channel operations remaining to complete
23:43:50.388 [nioEventLoopGroup-8-7] DEBUG bftsmart.tom.core.TOMLayer - Received TOMMessage from client 1002 with sequence number 0 for session -855615671
23:43:50.388 [nioEventLoopGroup-8-7] DEBUG bftsmart.clientsmanagement.ClientsManager - Creating new client data, client id=1002
23:43:50.388 [nioEventLoopGroup-11-7] DEBUG bftsmart.communication.client.netty.NettyTOMMessageDecoder - Active clients: 7
23:43:50.388 [nioEventLoopGroup-11-7] DEBUG bftsmart.communication.client.netty.NettyTOMMessageDecoder - Decoded reply from 1002 with sequence number 0
23:43:50.388 [nioEventLoopGroup-13-7] DEBUG bftsmart.communication.client.netty.NettyTOMMessageDecoder - Active clients: 7
23:43:50.388 [nioEventLoopGroup-13-7] DEBUG bftsmart.communication.client.netty.NettyTOMMessageDecoder - Decoded reply from 1002 with sequence number 0
23:43:50.388 [nioEventLoopGroup-11-7] DEBUG bftsmart.tom.core.TOMLayer - Received TOMMessage from client 1002 with sequence number 0 for session -855615671
23:43:50.388 [nioEventLoopGroup-9-7] DEBUG bftsmart.communication.client.netty.NettyTOMMessageDecoder - Active clients: 7
23:43:50.388 [nioEventLoopGroup-11-7] DEBUG bftsmart.clientsmanagement.ClientsManager - Creating new client data, client id=1002
23:43:50.388 [nioEventLoopGroup-9-7] DEBUG bftsmart.communication.client.netty.NettyTOMMessageDecoder - Decoded reply from 1002 with sequence number 0
23:43:50.388 [nioEventLoopGroup-13-7] DEBUG bftsmart.tom.core.TOMLayer - Received TOMMessage from client 1002 with sequence number 0 for session -855615671
23:43:50.388 [nioEventLoopGroup-13-7] DEBUG bftsmart.clientsmanagement.ClientsManager - Creating new client data, client id=1002
23:43:50.388 [nioEventLoopGroup-9-7] DEBUG bftsmart.tom.core.TOMLayer - Received TOMMessage from client 1002 with sequence number 0 for session -855615671
23:43:50.388 [nioEventLoopGroup-9-7] DEBUG bftsmart.clientsmanagement.ClientsManager - Creating new client data, client id=1002
23:43:50.388 [nioEventLoopGroup-22-3] DEBUG bftsmart.communication.client.netty.NettyClientServerCommunicationSystemClientSide - -3 channel operations remaining to complete
23:43:50.388 [nioEventLoopGroup-22-6] DEBUG bftsmart.communication.client.netty.NettyClientServerCommunicationSystemClientSide - -4 channel operations remaining to complete
23:43:50.389 [nioEventLoopGroup-8-7] DEBUG bftsmart.clientsmanagement.ClientsManager - Message from client 1002 is valid
23:43:50.389 [nioEventLoopGroup-9-7] DEBUG bftsmart.clientsmanagement.ClientsManager - Message from client 1002 is valid
23:43:50.389 [nioEventLoopGroup-21-1] DEBUG bftsmart.communication.client.netty.NettyTOMMessageDecoder - Active clients: 1
23:43:50.389 [nioEventLoopGroup-21-1] DEBUG bftsmart.communication.client.netty.NettyTOMMessageDecoder - Decoded reply from 1002 with sequence number 0
23:43:50.389 [nioEventLoopGroup-7-7] DEBUG bftsmart.communication.client.netty.NettyTOMMessageDecoder - Active clients: 7
23:43:50.389 [nioEventLoopGroup-7-7] DEBUG bftsmart.communication.client.netty.NettyTOMMessageDecoder - Decoded reply from 1002 with sequence number 0
23:43:50.389 [nioEventLoopGroup-21-1] DEBUG bftsmart.tom.core.TOMLayer - Received TOMMessage from client 1002 with sequence number 0 for session -855615671
23:43:50.389 [nioEventLoopGroup-21-1] DEBUG bftsmart.clientsmanagement.ClientsManager - Creating new client data, client id=1002
23:43:50.389 [nioEventLoopGroup-11-7] DEBUG bftsmart.clientsmanagement.ClientsManager - Message from client 1002 is valid
23:43:50.389 [nioEventLoopGroup-10-7] DEBUG bftsmart.communication.client.netty.NettyTOMMessageDecoder - Active clients: 7
23:43:50.389 [nioEventLoopGroup-7-7] DEBUG bftsmart.tom.core.TOMLayer - Received TOMMessage from client 1002 with sequence number 0 for session -855615671
23:43:50.389 [nioEventLoopGroup-10-7] DEBUG bftsmart.communication.client.netty.NettyTOMMessageDecoder - Decoded reply from 1002 with sequence number 0
23:43:50.389 [nioEventLoopGroup-7-7] DEBUG bftsmart.clientsmanagement.ClientsManager - Creating new client data, client id=1002
23:43:50.389 [nioEventLoopGroup-21-1] DEBUG bftsmart.clientsmanagement.ClientsManager - Message from client 1002 is valid
23:43:50.389 [nioEventLoopGroup-10-7] DEBUG bftsmart.tom.core.TOMLayer - Received TOMMessage from client 1002 with sequence number 0 for session -855615671
23:43:50.389 [nioEventLoopGroup-10-7] DEBUG bftsmart.clientsmanagement.ClientsManager - Creating new client data, client id=1002
23:43:50.389 [nioEventLoopGroup-7-7] DEBUG bftsmart.clientsmanagement.ClientsManager - Message from client 1002 is valid
23:43:50.389 [nioEventLoopGroup-13-7] DEBUG bftsmart.clientsmanagement.ClientsManager - Message from client 1002 is valid
23:43:50.390 [nioEventLoopGroup-10-7] DEBUG bftsmart.clientsmanagement.ClientsManager - Message from client 1002 is valid
[STATE] Snapshot taken. Buffer size: 0, Batch processed: false
23:43:50.393 [Thread-3] WARN bftsmart.statemanagement.standard.StandardStateManager - ***********************************************************
23:43:50.393 [Thread-3] WARN bftsmart.statemanagement.standard.StandardStateManager - V2V MODE: Skipping initial CID sync (fresh start assumed)
23:43:50.393 [Thread-3] WARN bftsmart.statemanagement.standard.StandardStateManager - V2V collisions prevent reliable quorum during init
23:43:50.393 [Thread-3] WARN bftsmart.statemanagement.standard.StandardStateManager - ***********************************************************
23:43:50.393 [Delivery Thread] DEBUG bftsmart.tom.core.DeliveryThread - Current size of the decided queue: 0
23:43:50.393 [Thread-3] DEBUG bftsmart.tom.core.TOMLayer - Setting last exec to -1
[Server 3] DEBUG: *** ServiceReplica constructor returned! ***
[Server 3] DEBUG: Replica object = bftsmart.tom.ServiceReplica@2c22f2c2
[Server 3] DEBUG: *** ServiceReplica constructor RETURNED! ***
[Server 3] DEBUG: About to register in readyServers map...
[IntersectionServer 3] ========================================
[IntersectionServer 3] *** REGISTERED as Ready! ***
[IntersectionServer 3] *** Waiting for OMNeT++ trigger. ***
[IntersectionServer 3] ========================================
[ServerRunner 3] ========================================
[ServerRunner 3] *** REPLICA IS NOW READY ***
[ServerRunner 3] *** Time: 1769154230393 ms
[ServerRunner 3] ========================================
[V2VProxy 3] *** STOPPING at intersection! ***
[V2VProxy 3] Distance=42.9546m, t=3.6
[V2VProxy 3] triggerJoinViaJNI() called at t=3.6
[V2VProxy 3] PASSED: Server Status = 'READY'
[V2VProxy 3] PASSED: isReplicaReady() = true
[IntersectionServer 3] triggerJoin() called by OMNeT++
[V2VProxy 3] SUCCESS: Triggered Join at t=3.6
[V2VProxy 3] Consensus Timer STARTED at 3.6
[V2VProxy 3] Consensus timeout set for 40s
23:43:50.462 [Thread-175] DEBUG bftsmart.communication.client.netty.NettyClientServerCommunicationSystemClientSide - ClientID 1003, connecting to replica 0, at address: /127.0.0.1:11000
23:43:50.462 [nioEventLoopGroup-25-1] DEBUG bftsmart.communication.client.netty.NettyTOMMessageDecoder - new NettyTOMMessageDecoder!!, isClient=true
23:43:50.464 [nioEventLoopGroup-25-1] DEBUG bftsmart.communication.client.netty.NettyClientServerCommunicationSystemClientSide - Channel active
23:43:50.464 [nioEventLoopGroup-13-8] DEBUG bftsmart.communication.client.netty.NettyTOMMessageDecoder - new NettyTOMMessageDecoder!!, isClient=false
23:43:50.464 [nioEventLoopGroup-13-8] INFO bftsmart.communication.client.netty.NettyClientServerCommunicationSystemServerSide - Session Created, active clients=7
23:43:50.465 [Thread-175] DEBUG bftsmart.communication.client.netty.NettyClientServerCommunicationSystemClientSide - ClientID 1003, connecting to replica 1, at address: /127.0.0.1:11010
23:43:50.465 [nioEventLoopGroup-25-2] DEBUG bftsmart.communication.client.netty.NettyTOMMessageDecoder - new NettyTOMMessageDecoder!!, isClient=true
23:43:50.466 [nioEventLoopGroup-25-2] DEBUG bftsmart.communication.client.netty.NettyClientServerCommunicationSystemClientSide - Channel active
23:43:50.466 [nioEventLoopGroup-8-8] DEBUG bftsmart.communication.client.netty.NettyTOMMessageDecoder - new NettyTOMMessageDecoder!!, isClient=false
23:43:50.466 [nioEventLoopGroup-8-8] INFO bftsmart.communication.client.netty.NettyClientServerCommunicationSystemServerSide - Session Created, active clients=7
23:43:50.466 [Thread-175] DEBUG bftsmart.communication.client.netty.NettyClientServerCommunicationSystemClientSide - ClientID 1003, connecting to replica 2, at address: /127.0.0.1:11020
23:43:50.467 [nioEventLoopGroup-25-3] DEBUG bftsmart.communication.client.netty.NettyTOMMessageDecoder - new NettyTOMMessageDecoder!!, isClient=true
23:43:50.467 [nioEventLoopGroup-25-3] DEBUG bftsmart.communication.client.netty.NettyClientServerCommunicationSystemClientSide - Channel active
23:43:50.468 [nioEventLoopGroup-21-2] DEBUG bftsmart.communication.client.netty.NettyTOMMessageDecoder - new NettyTOMMessageDecoder!!, isClient=false
23:43:50.468 [nioEventLoopGroup-21-2] INFO bftsmart.communication.client.netty.NettyClientServerCommunicationSystemServerSide - Session Created, active clients=1
23:43:50.468 [Thread-175] DEBUG bftsmart.communication.client.netty.NettyClientServerCommunicationSystemClientSide - ClientID 1003, connecting to replica 3, at address: /127.0.0.1:11030
23:43:50.468 [nioEventLoopGroup-25-4] DEBUG bftsmart.communication.client.netty.NettyTOMMessageDecoder - new NettyTOMMessageDecoder!!, isClient=true
23:43:50.469 [nioEventLoopGroup-25-4] DEBUG bftsmart.communication.client.netty.NettyClientServerCommunicationSystemClientSide - Channel active
23:43:50.470 [nioEventLoopGroup-24-1] DEBUG bftsmart.communication.client.netty.NettyTOMMessageDecoder - new NettyTOMMessageDecoder!!, isClient=false
23:43:50.470 [nioEventLoopGroup-24-1] INFO bftsmart.communication.client.netty.NettyClientServerCommunicationSystemServerSide - Session Created, active clients=0
23:43:50.471 [Thread-175] DEBUG bftsmart.communication.client.netty.NettyClientServerCommunicationSystemClientSide - ClientID 1003, connecting to replica 4, at address: /127.0.0.1:11040
23:43:50.471 [nioEventLoopGroup-25-5] DEBUG bftsmart.communication.client.netty.NettyTOMMessageDecoder - new NettyTOMMessageDecoder!!, isClient=true
23:43:50.473 [nioEventLoopGroup-9-8] DEBUG bftsmart.communication.client.netty.NettyTOMMessageDecoder - new NettyTOMMessageDecoder!!, isClient=false
23:43:50.473 [nioEventLoopGroup-9-8] INFO bftsmart.communication.client.netty.NettyClientServerCommunicationSystemServerSide - Session Created, active clients=7
23:43:50.473 [nioEventLoopGroup-25-5] DEBUG bftsmart.communication.client.netty.NettyClientServerCommunicationSystemClientSide - Channel active
23:43:50.474 [Thread-175] DEBUG bftsmart.communication.client.netty.NettyClientServerCommunicationSystemClientSide - ClientID 1003, connecting to replica 5, at address: /127.0.0.1:11050
23:43:50.474 [nioEventLoopGroup-25-6] DEBUG bftsmart.communication.client.netty.NettyTOMMessageDecoder - new NettyTOMMessageDecoder!!, isClient=true
23:43:50.475 [nioEventLoopGroup-25-6] DEBUG bftsmart.communication.client.netty.NettyClientServerCommunicationSystemClientSide - Channel active
23:43:50.475 [nioEventLoopGroup-10-8] DEBUG bftsmart.communication.client.netty.NettyTOMMessageDecoder - new NettyTOMMessageDecoder!!, isClient=false
23:43:50.475 [nioEventLoopGroup-10-8] INFO bftsmart.communication.client.netty.NettyClientServerCommunicationSystemServerSide - Session Created, active clients=7
23:43:50.475 [Thread-175] DEBUG bftsmart.communication.client.netty.NettyClientServerCommunicationSystemClientSide - ClientID 1003, connecting to replica 6, at address: /127.0.0.1:11060
23:43:50.476 [nioEventLoopGroup-25-7] DEBUG bftsmart.communication.client.netty.NettyTOMMessageDecoder - new NettyTOMMessageDecoder!!, isClient=true
23:43:50.476 [nioEventLoopGroup-25-7] DEBUG bftsmart.communication.client.netty.NettyClientServerCommunicationSystemClientSide - Channel active
23:43:50.477 [nioEventLoopGroup-11-8] DEBUG bftsmart.communication.client.netty.NettyTOMMessageDecoder - new NettyTOMMessageDecoder!!, isClient=false
23:43:50.477 [nioEventLoopGroup-11-8] INFO bftsmart.communication.client.netty.NettyClientServerCommunicationSystemServerSide - Session Created, active clients=7
23:43:50.477 [Thread-175] DEBUG bftsmart.communication.client.netty.NettyClientServerCommunicationSystemClientSide - ClientID 1003, connecting to replica 7, at address: /127.0.0.1:11070
23:43:50.477 [nioEventLoopGroup-25-8] DEBUG bftsmart.communication.client.netty.NettyTOMMessageDecoder - new NettyTOMMessageDecoder!!, isClient=true
23:43:50.478 [nioEventLoopGroup-25-8] DEBUG bftsmart.communication.client.netty.NettyClientServerCommunicationSystemClientSide - Channel active
23:43:50.478 [Thread-175] DEBUG bftsmart.proxy - Sending request (ORDERED_REQUEST) with seqId = 0
23:43:50.478 [Thread-175] DEBUG bftsmart.communication.client.netty.NettyClientServerCommunicationSystemClientSide - All channel operations completed or timed out
23:43:50.478 [Thread-175] DEBUG bftsmart.communication.client.netty.NettyClientServerCommunicationSystemClientSide - Sending request from 1003 with sequence number 0 to [2, 4, 3, 0, 5, 1, 7, 6]
23:43:50.479 [nioEventLoopGroup-7-8] DEBUG bftsmart.communication.client.netty.NettyTOMMessageDecoder - new NettyTOMMessageDecoder!!, isClient=false
23:43:50.479 [nioEventLoopGroup-7-8] INFO bftsmart.communication.client.netty.NettyClientServerCommunicationSystemServerSide - Session Created, active clients=7
23:43:50.479 [nioEventLoopGroup-25-3] DEBUG bftsmart.communication.client.netty.NettyClientServerCommunicationSystemClientSide - 2 channel operations remaining to complete
23:43:50.479 [Thread-175] DEBUG bftsmart.proxy - Expected number of matching replies: 3
23:43:50.479 [nioEventLoopGroup-25-4] DEBUG bftsmart.communication.client.netty.NettyClientServerCommunicationSystemClientSide - 1 channel operations remaining to complete
23:43:50.479 [nioEventLoopGroup-21-2] DEBUG bftsmart.communication.client.netty.NettyTOMMessageDecoder - Active clients: 2
23:43:50.479 [nioEventLoopGroup-21-2] DEBUG bftsmart.communication.client.netty.NettyTOMMessageDecoder - Decoded reply from 1003 with sequence number 0
23:43:50.479 [nioEventLoopGroup-21-2] DEBUG bftsmart.tom.core.TOMLayer - Received TOMMessage from client 1003 with sequence number 0 for session 210244978
23:43:50.479 [nioEventLoopGroup-21-2] DEBUG bftsmart.clientsmanagement.ClientsManager - Creating new client data, client id=1003
23:43:50.479 [nioEventLoopGroup-25-1] DEBUG bftsmart.communication.client.netty.NettyClientServerCommunicationSystemClientSide - 0 channel operations remaining to complete
23:43:50.479 [nioEventLoopGroup-25-7] DEBUG bftsmart.communication.client.netty.NettyClientServerCommunicationSystemClientSide - -1 channel operations remaining to complete
23:43:50.479 [nioEventLoopGroup-25-8] DEBUG bftsmart.communication.client.netty.NettyClientServerCommunicationSystemClientSide - -2 channel operations remaining to complete
23:43:50.479 [nioEventLoopGroup-25-2] DEBUG bftsmart.communication.client.netty.NettyClientServerCommunicationSystemClientSide - -3 channel operations remaining to complete
23:43:50.479 [nioEventLoopGroup-13-8] DEBUG bftsmart.communication.client.netty.NettyTOMMessageDecoder - Active clients: 8
23:43:50.479 [nioEventLoopGroup-13-8] DEBUG bftsmart.communication.client.netty.NettyTOMMessageDecoder - Decoded reply from 1003 with sequence number 0
23:43:50.479 [nioEventLoopGroup-11-8] DEBUG bftsmart.communication.client.netty.NettyTOMMessageDecoder - Active clients: 8
23:43:50.479 [nioEventLoopGroup-11-8] DEBUG bftsmart.communication.client.netty.NettyTOMMessageDecoder - Decoded reply from 1003 with sequence number 0
23:43:50.479 [nioEventLoopGroup-13-8] DEBUG bftsmart.tom.core.TOMLayer - Received TOMMessage from client 1003 with sequence number 0 for session 210244978
23:43:50.480 [nioEventLoopGroup-7-8] DEBUG bftsmart.communication.client.netty.NettyTOMMessageDecoder - Active clients: 8
23:43:50.480 [nioEventLoopGroup-13-8] DEBUG bftsmart.clientsmanagement.ClientsManager - Creating new client data, client id=1003
23:43:50.480 [nioEventLoopGroup-8-8] DEBUG bftsmart.communication.client.netty.NettyTOMMessageDecoder - Active clients: 8
23:43:50.480 [nioEventLoopGroup-21-2] DEBUG bftsmart.clientsmanagement.ClientsManager - Message from client 1003 is valid
23:43:50.480 [nioEventLoopGroup-8-8] DEBUG bftsmart.communication.client.netty.NettyTOMMessageDecoder - Decoded reply from 1003 with sequence number 0
23:43:50.480 [nioEventLoopGroup-7-8] DEBUG bftsmart.communication.client.netty.NettyTOMMessageDecoder - Decoded reply from 1003 with sequence number 0
23:43:50.480 [nioEventLoopGroup-8-8] DEBUG bftsmart.tom.core.TOMLayer - Received TOMMessage from client 1003 with sequence number 0 for session 210244978
23:43:50.480 [nioEventLoopGroup-11-8] DEBUG bftsmart.tom.core.TOMLayer - Received TOMMessage from client 1003 with sequence number 0 for session 210244978
23:43:50.480 [nioEventLoopGroup-8-8] DEBUG bftsmart.clientsmanagement.ClientsManager - Creating new client data, client id=1003
23:43:50.480 [nioEventLoopGroup-11-8] DEBUG bftsmart.clientsmanagement.ClientsManager - Creating new client data, client id=1003
23:43:50.480 [nioEventLoopGroup-25-6] DEBUG bftsmart.communication.client.netty.NettyClientServerCommunicationSystemClientSide - -4 channel operations remaining to complete
23:43:50.480 [nioEventLoopGroup-7-8] DEBUG bftsmart.tom.core.TOMLayer - Received TOMMessage from client 1003 with sequence number 0 for session 210244978
23:43:50.480 [nioEventLoopGroup-7-8] DEBUG bftsmart.clientsmanagement.ClientsManager - Creating new client data, client id=1003
23:43:50.480 [nioEventLoopGroup-24-1] DEBUG bftsmart.communication.client.netty.NettyTOMMessageDecoder - Active clients: 1
23:43:50.480 [nioEventLoopGroup-25-5] DEBUG bftsmart.communication.client.netty.NettyClientServerCommunicationSystemClientSide - -5 channel operations remaining to complete
23:43:50.480 [nioEventLoopGroup-8-8] DEBUG bftsmart.clientsmanagement.ClientsManager - Message from client 1003 is valid
23:43:50.480 [nioEventLoopGroup-13-8] DEBUG bftsmart.clientsmanagement.ClientsManager - Message from client 1003 is valid
23:43:50.480 [nioEventLoopGroup-7-8] DEBUG bftsmart.clientsmanagement.ClientsManager - Message from client 1003 is valid
23:43:50.480 [nioEventLoopGroup-10-8] DEBUG bftsmart.communication.client.netty.NettyTOMMessageDecoder - Active clients: 8
23:43:50.480 [nioEventLoopGroup-11-8] DEBUG bftsmart.clientsmanagement.ClientsManager - Message from client 1003 is valid
23:43:50.480 [nioEventLoopGroup-24-1] DEBUG bftsmart.communication.client.netty.NettyTOMMessageDecoder - Decoded reply from 1003 with sequence number 0
23:43:50.480 [nioEventLoopGroup-9-8] DEBUG bftsmart.communication.client.netty.NettyTOMMessageDecoder - Active clients: 8
23:43:50.480 [TOM Layer] DEBUG bftsmart.tom.core.TOMLayer - Got enough requests
23:43:50.480 [nioEventLoopGroup-10-8] DEBUG bftsmart.communication.client.netty.NettyTOMMessageDecoder - Decoded reply from 1003 with sequence number 0
23:43:50.480 [nioEventLoopGroup-9-8] DEBUG bftsmart.communication.client.netty.NettyTOMMessageDecoder - Decoded reply from 1003 with sequence number 0
23:43:50.480 [nioEventLoopGroup-24-1] DEBUG bftsmart.tom.core.TOMLayer - Received TOMMessage from client 1003 with sequence number 0 for session 210244978
23:43:50.480 [nioEventLoopGroup-10-8] DEBUG bftsmart.tom.core.TOMLayer - Received TOMMessage from client 1003 with sequence number 0 for session 210244978
23:43:50.480 [nioEventLoopGroup-10-8] DEBUG bftsmart.clientsmanagement.ClientsManager - Creating new client data, client id=1003
23:43:50.480 [TOM Layer] DEBUG bftsmart.tom.core.TOMLayer - There are requests to be ordered. I will propose.
23:43:50.480 [nioEventLoopGroup-9-8] DEBUG bftsmart.tom.core.TOMLayer - Received TOMMessage from client 1003 with sequence number 0 for session 210244978
23:43:50.480 [nioEventLoopGroup-9-8] DEBUG bftsmart.clientsmanagement.ClientsManager - Creating new client data, client id=1003
23:43:50.480 [nioEventLoopGroup-24-1] DEBUG bftsmart.clientsmanagement.ClientsManager - Creating new client data, client id=1003
23:43:50.480 [nioEventLoopGroup-10-8] DEBUG bftsmart.clientsmanagement.ClientsManager - Message from client 1003 is valid
23:43:50.480 [TOM Layer] DEBUG bftsmart.tom.core.TOMLayer - Modifying inExec from -1 to 0
23:43:50.480 [nioEventLoopGroup-9-8] DEBUG bftsmart.clientsmanagement.ClientsManager - Message from client 1003 is valid
23:43:50.481 [nioEventLoopGroup-24-1] DEBUG bftsmart.clientsmanagement.ClientsManager - Message from client 1003 is valid
23:43:50.481 [TOM Layer] DEBUG bftsmart.clientsmanagement.ClientsManager - Number of active clients: 8
23:43:50.481 [TOM Layer] DEBUG bftsmart.clientsmanagement.ClientsManager - Fetching requests with internal index 0
23:43:50.481 [TOM Layer] DEBUG bftsmart.clientsmanagement.ClientsManager - Number of pending requests for client 1000: 1.
23:43:50.481 [TOM Layer] DEBUG bftsmart.clientsmanagement.ClientsManager - Selected request with sequence number 0 from client 1000
23:43:50.481 [TOM Layer] DEBUG bftsmart.clientsmanagement.ClientsManager - Number of pending requests for client 1001: 1.
23:43:50.481 [TOM Layer] DEBUG bftsmart.clientsmanagement.ClientsManager - Selected request with sequence number 0 from client 1001
23:43:50.481 [TOM Layer] DEBUG bftsmart.clientsmanagement.ClientsManager - Number of pending requests for client 1002: 1.
23:43:50.481 [TOM Layer] DEBUG bftsmart.clientsmanagement.ClientsManager - Selected request with sequence number 0 from client 1002
23:43:50.481 [TOM Layer] DEBUG bftsmart.clientsmanagement.ClientsManager - Number of pending requests for client 1003: 1.
23:43:50.481 [TOM Layer] DEBUG bftsmart.clientsmanagement.ClientsManager - Selected request with sequence number 0 from client 1003
23:43:50.481 [TOM Layer] DEBUG bftsmart.clientsmanagement.ClientsManager - Number of pending requests for client 1004: 1.
23:43:50.481 [TOM Layer] DEBUG bftsmart.clientsmanagement.ClientsManager - Selected request with sequence number 0 from client 1004
23:43:50.481 [TOM Layer] DEBUG bftsmart.clientsmanagement.ClientsManager - Number of pending requests for client 1005: 1.
23:43:50.481 [TOM Layer] DEBUG bftsmart.clientsmanagement.ClientsManager - Selected request with sequence number 0 from client 1005
23:43:50.481 [TOM Layer] DEBUG bftsmart.clientsmanagement.ClientsManager - Number of pending requests for client 1006: 1.
23:43:50.481 [TOM Layer] DEBUG bftsmart.clientsmanagement.ClientsManager - Selected request with sequence number 0 from client 1006
23:43:50.481 [TOM Layer] DEBUG bftsmart.clientsmanagement.ClientsManager - Number of pending requests for client 1007: 1.
23:43:50.481 [TOM Layer] DEBUG bftsmart.clientsmanagement.ClientsManager - Selected request with sequence number 0 from client 1007
23:43:50.481 [TOM Layer] DEBUG bftsmart.tom.core.TOMLayer - Number of pending requets to propose in consensus 0: 8
23:43:50.481 [TOM Layer] DEBUG bftsmart.tom.core.TOMLayer - Creating a PROPOSE with 8 msgs
23:43:50.481 [TOM Layer] DEBUG bftsmart.tom.util.BatchBuilder - Adding request from client 1000 with sequence number 0 for session 1793886036 to PROPOSE
23:43:50.481 [TOM Layer] DEBUG bftsmart.tom.util.BatchBuilder - Adding request from client 1001 with sequence number 0 for session -1061421973 to PROPOSE
23:43:50.481 [TOM Layer] DEBUG bftsmart.tom.util.BatchBuilder - Adding request from client 1002 with sequence number 0 for session -855615671 to PROPOSE
23:43:50.481 [TOM Layer] DEBUG bftsmart.tom.util.BatchBuilder - Adding request from client 1003 with sequence number 0 for session 210244978 to PROPOSE
23:43:50.481 [TOM Layer] DEBUG bftsmart.tom.util.BatchBuilder - Adding request from client 1004 with sequence number 0 for session 1482353715 to PROPOSE
23:43:50.481 [TOM Layer] DEBUG bftsmart.tom.util.BatchBuilder - Adding request from client 1005 with sequence number 0 for session 1157526196 to PROPOSE
23:43:50.481 [TOM Layer] DEBUG bftsmart.tom.util.BatchBuilder - Adding request from client 1006 with sequence number 0 for session -1933597427 to PROPOSE
23:43:50.481 [TOM Layer] DEBUG bftsmart.tom.util.BatchBuilder - Adding request from client 1007 with sequence number 0 for session -411163298 to PROPOSE
23:43:50.482 [TOM Layer] INFO bftsmart.communication.ServerCommunicationSystem - === ServerCommunicationSystem.send() ===
23:43:50.482 [TOM Layer] INFO bftsmart.communication.ServerCommunicationSystem -     Message type: ConsensusMessage
23:43:50.482 [TOM Layer] INFO bftsmart.communication.ServerCommunicationSystem -     Is TOMMessage: false
23:43:50.482 [TOM Layer] INFO bftsmart.communication.ServerCommunicationSystem -     Targets: [0, 1, 2, 3, 4, 5, 6, 7]
23:43:50.482 [TOM Layer] INFO bftsmart.communication.ServerCommunicationSystem -     -> Routing to SERVER connection (SystemMessage)
23:43:50.482 [TOM Layer] DEBUG bftsmart.communication.ServerCommunicationSystem - --> sending message from: [0, 1, 2, 3, 4, 5, 6, 7] -> {}0
=== [V2V Layer 0] SEND called ===
    Targets: [0, 1, 2, 3, 4, 5, 6, 7]
    Message type: ConsensusMessage
    Sender: 0
    -> Self-delivery to replica 0
=== [V2V Layer 0] DELIVER to BFT-SMaRt ===
    Message type: ConsensusMessage
    From replica: 0
    InQueue size before: 0
    InQueue size after: 1
23:43:50.482 [Server Comm. System] INFO bftsmart.communication.ServerCommunicationSystem - === ServerCommunicationSystem RECEIVED message ===
=== [V2V Layer 0] DELIVER successful ===
    -> Sending to replica 1 via V2V
    [Reliability 0] sendReliable() called
23:43:50.482 [Server Comm. System] INFO bftsmart.communication.ServerCommunicationSystem -     Message type: ConsensusMessage
        Target: 1
23:43:50.482 [Server Comm. System] INFO bftsmart.communication.ServerCommunicationSystem -     From: 0
        Message type: ConsensusMessage
23:43:50.482 [Server Comm. System] INFO bftsmart.communication.ServerCommunicationSystem -     Message count: 0
23:43:50.482 [Server Comm. System] DEBUG bftsmart.communication.ServerCommunicationSystem - <-- receiving, msg:type=PROPOSE, number=0, epoch=0, from=0
23:43:50.482 [Server Comm. System] DEBUG bftsmart.tom.core.ExecutionManager - Received message  type=PROPOSE, number=0, epoch=0, from=0
23:43:50.482 [Server Comm. System] DEBUG bftsmart.tom.core.ExecutionManager - I'm at consensus 0 and my last consensus is -1
        Sequence number: 0
23:43:50.483 [Server Comm. System] DEBUG bftsmart.tom.core.ExecutionManager - Message for consensus 0 can be processed
23:43:50.483 [Server Comm. System] DEBUG bftsmart.consensus.roles.Acceptor - Processing paxos msg with id 0
23:43:50.483 [Server Comm. System] DEBUG bftsmart.consensus.roles.Acceptor - PROPOSE received from:0, for consensus cId:0, I am:0
23:43:50.483 [Server Comm. System] DEBUG bftsmart.consensus.roles.Acceptor - Executing propose for cId:0, Epoch Timestamp:0
23:43:50.483 [Server Comm. System] DEBUG bftsmart.tom.core.TOMLayer - Modifying inExec from 0 to 0
23:43:50.483 [Server Comm. System] DEBUG bftsmart.tom.core.TOMLayer - Checking proposed value
        Payload size: 515 bytes
V2VNativeBridge0: Sending message to -1 with length 1028
[JNI] nativeSendMessage: 0 -> -1
[JNI] Sending 1028 bytes (0->-1)
[DEBUG V2VProxy 0] Queue has space - adding message
[JNI] Message queued successfully
        [Reliability 0] Sent seq=0 to replica 1
    -> Sending to replica 2 via V2V
    [Reliability 0] sendReliable() called
        Target: 2
        Message type: ConsensusMessage
        Sequence number: 0
        Payload size: 515 bytes
V2VNativeBridge0: Sending message to -1 with length 1028
[JNI] nativeSendMessage: 0 -> -1
[JNI] Sending 1028 bytes (0->-1)
[DEBUG V2VProxy 0] Queue has space - adding message
[JNI] Message queued successfully
        [Reliability 0] Sent seq=0 to replica 2
    -> Sending to replica 3 via V2V
    [Reliability 0] sendReliable() called
        Target: 3
        Message type: ConsensusMessage
        Sequence number: 0
        Payload size: 515 bytes
V2VNativeBridge0: Sending message to -1 with length 1028
[JNI] nativeSendMessage: 0 -> -1
[JNI] Sending 1028 bytes (0->-1)
[DEBUG V2VProxy 0] Queue has space - adding message
[JNI] Message queued successfully
        [Reliability 0] Sent seq=0 to replica 3
    -> Sending to replica 4 via V2V
    [Reliability 0] sendReliable() called
        Target: 4
        Message type: ConsensusMessage
        Sequence number: 0
        Payload size: 515 bytes
23:43:50.486 [Server Comm. System] DEBUG bftsmart.tom.core.TOMLayer - Successfully deserialized batch
V2VNativeBridge0: Sending message to -1 with length 1028
[JNI] nativeSendMessage: 0 -> -1
[JNI] Sending 1028 bytes (0->-1)
[DEBUG V2VProxy 0] Queue has space - adding message
[JNI] Message queued successfully
23:43:50.486 [Server Comm. System] DEBUG bftsmart.consensus.roles.Acceptor - Sending WRITE for 0
        [Reliability 0] Sent seq=0 to replica 4
    -> Sending to replica 5 via V2V
    [Reliability 0] sendReliable() called
        Target: 5
        Message type: ConsensusMessage
23:43:50.486 [Server Comm. System] DEBUG bftsmart.consensus.roles.Acceptor - Sending WRITE for cId:0, I am:0
        Sequence number: 0
        Payload size: 515 bytes
[MessageFactory] Creating WRITE message: from=0, id=0, epoch=0
23:43:50.486 [Server Comm. System] INFO bftsmart.communication.ServerCommunicationSystem - === ServerCommunicationSystem.send() ===
23:43:50.486 [Server Comm. System] INFO bftsmart.communication.ServerCommunicationSystem -     Message type: ConsensusMessage
23:43:50.486 [Server Comm. System] INFO bftsmart.communication.ServerCommunicationSystem -     Is TOMMessage: false
V2VNativeBridge0: Sending message to -1 with length 1028
[JNI] nativeSendMessage: 0 -> -1
[JNI] Sending 1028 bytes (0->-1)
[DEBUG V2VProxy 0] Queue has space - adding message
[JNI] Message queued successfully
        [Reliability 0] Sent seq=0 to replica 5
    -> Sending to replica 6 via V2V
    [Reliability 0] sendReliable() called
        Target: 6
23:43:50.486 [Server Comm. System] INFO bftsmart.communication.ServerCommunicationSystem -     Targets: [1, 2, 3, 4, 5, 6, 7]
23:43:50.486 [Server Comm. System] INFO bftsmart.communication.ServerCommunicationSystem -     -> Routing to SERVER connection (SystemMessage)
        Message type: ConsensusMessage
23:43:50.486 [Server Comm. System] DEBUG bftsmart.communication.ServerCommunicationSystem - --> sending message from: [1, 2, 3, 4, 5, 6, 7] -> {}0
        Sequence number: 0
=== [V2V Layer 0] SEND called ===
    Targets: [1, 2, 3, 4, 5, 6, 7]
    Message type: ConsensusMessage
    Sender: 0
    -> Sending to replica 1 via V2V
    [Reliability 0] sendReliable() called
        Target: 1
        Message type: ConsensusMessage
        Sequence number: 1
        Payload size: 172 bytes
        Payload size: 515 bytes
V2VNativeBridge0: Sending message to -1 with length 685
[JNI] nativeSendMessage: 0 -> -1
[JNI] Sending 685 bytes (0->-1)
[DEBUG V2VProxy 0] Queue has space - adding message
[JNI] Message queued successfully
        [Reliability 0] Sent seq=1 to replica 1
    -> Sending to replica 2 via V2V
    [Reliability 0] sendReliable() called
        Target: 2
        Message type: ConsensusMessage
        Sequence number: 1
        Payload size: 172 bytes
V2VNativeBridge0: Sending message to -1 with length 1028
[JNI] nativeSendMessage: 0 -> -1
[JNI] Sending 1028 bytes (0->-1)
[DEBUG V2VProxy 0] Queue has space - adding message
[JNI] Message queued successfully
        [Reliability 0] Sent seq=0 to replica 6
    -> Sending to replica 7 via V2V
    [Reliability 0] sendReliable() called
        Target: 7
        Message type: ConsensusMessage
        Sequence number: 0
        Payload size: 515 bytes
V2VNativeBridge0: Sending message to -1 with length 685
[JNI] nativeSendMessage: 0 -> -1
[JNI] Sending 685 bytes (0->-1)
[DEBUG V2VProxy 0] Queue has space - adding message
[JNI] Message queued successfully
        [Reliability 0] Sent seq=1 to replica 2
    -> Sending to replica 3 via V2V
    [Reliability 0] sendReliable() called
        Target: 3
        Message type: ConsensusMessage
        Sequence number: 1
V2VNativeBridge0: Sending message to -1 with length 1028
[JNI] nativeSendMessage: 0 -> -1
[JNI] Sending 1028 bytes (0->-1)
[DEBUG V2VProxy 0] Queue has space - adding message
[JNI] Message queued successfully
        Payload size: 172 bytes
        [Reliability 0] Sent seq=0 to replica 7
=== [V2V Layer 0] SEND complete ===
V2VNativeBridge0: Sending message to -1 with length 685
[JNI] nativeSendMessage: 0 -> -1
[JNI] Sending 685 bytes (0->-1)
[DEBUG V2VProxy 0] Queue has space - adding message
[JNI] Message queued successfully
        [Reliability 0] Sent seq=1 to replica 3
    -> Sending to replica 4 via V2V
    [Reliability 0] sendReliable() called
        Target: 4
        Message type: ConsensusMessage
        Sequence number: 1
23:43:50.488 [TOM Layer] INFO bftsmart.communication.ServerCommunicationSystem - === ServerCommunicationSystem.send() complete ===
        Payload size: 172 bytes
23:43:50.489 [TOM Layer] DEBUG bftsmart.tom.core.TOMLayer - Next leader for CID=0: 0
23:43:50.489 [TOM Layer] DEBUG bftsmart.tom.core.TOMLayer - Waiting for consensus 0 termination.
V2VNativeBridge0: Sending message to -1 with length 685
[JNI] nativeSendMessage: 0 -> -1
[JNI] Sending 685 bytes (0->-1)
[DEBUG V2VProxy 0] Queue has space - adding message
[JNI] Message queued successfully
        [Reliability 0] Sent seq=1 to replica 4
    -> Sending to replica 5 via V2V
    [Reliability 0] sendReliable() called
        Target: 5
        Message type: ConsensusMessage
        Sequence number: 1
        Payload size: 172 bytes
V2VNativeBridge0: Sending message to -1 with length 685
[JNI] nativeSendMessage: 0 -> -1
[JNI] Sending 685 bytes (0->-1)
[DEBUG V2VProxy 0] Queue has space - adding message
[JNI] Message queued successfully
        [Reliability 0] Sent seq=1 to replica 5
    -> Sending to replica 6 via V2V
    [Reliability 0] sendReliable() called
        Target: 6
        Message type: ConsensusMessage
        Sequence number: 1
        Payload size: 172 bytes
V2VNativeBridge0: Sending message to -1 with length 685
[JNI] nativeSendMessage: 0 -> -1
[JNI] Sending 685 bytes (0->-1)
[DEBUG V2VProxy 0] Queue has space - adding message
[JNI] Message queued successfully
        [Reliability 0] Sent seq=1 to replica 6
    -> Sending to replica 7 via V2V
    [Reliability 0] sendReliable() called
        Target: 7
        Message type: ConsensusMessage
        Sequence number: 1
        Payload size: 172 bytes
V2VNativeBridge0: Sending message to -1 with length 685
[JNI] nativeSendMessage: 0 -> -1
[JNI] Sending 685 bytes (0->-1)
[DEBUG V2VProxy 0] Queue has space - adding message
[JNI] Message queued successfully
        [Reliability 0] Sent seq=1 to replica 7
=== [V2V Layer 0] SEND complete ===
23:43:50.492 [Server Comm. System] INFO bftsmart.communication.ServerCommunicationSystem - === ServerCommunicationSystem.send() complete ===
23:43:50.492 [Server Comm. System] DEBUG bftsmart.consensus.roles.Acceptor - I have 1, WRITE's for cId:0, Epoch timestamp:0,
[Acceptor 0] computeWrite: cId=0, writeAccepted=1, quorum=5
[MessageFactory] Creating ACCEPT message: from=0, id=0, epoch=0
23:43:50.493 [Server Comm. System] DEBUG bftsmart.consensus.roles.Acceptor - WRITE computed for cId:0, I am:0
23:43:50.493 [Server Comm. System] INFO bftsmart.communication.ServerCommunicationSystem - === Message processed ===
23:43:50.493 [pool-14-thread-1] DEBUG bftsmart.consensus.roles.Acceptor - Creating cryptographic proof for speculative ACCEPT message from consensus 0
[V2VProxy 0] Timer #1 at t=3.65, sending 10 messages
[V2VProxy 0] *** SENDING V2V message #1 from=0 to=-1 size=1028 bytes at t=3.65
[V2VProxy 0] *** SENDING V2V message #2 from=0 to=-1 size=1028 bytes at t=3.65
[V2VProxy 0] *** SENDING V2V message #3 from=0 to=-1 size=1028 bytes at t=3.65
[V2VProxy 0] *** SENDING V2V message #4 from=0 to=-1 size=1028 bytes at t=3.65
[V2VProxy 0] *** SENDING V2V message #5 from=0 to=-1 size=1028 bytes at t=3.65
[V2VProxy 0] *** SENDING V2V message #6 from=0 to=-1 size=685 bytes at t=3.65
[V2VProxy 0] *** SENDING V2V message #7 from=0 to=-1 size=1028 bytes at t=3.65
[V2VProxy 0] *** SENDING V2V message #8 from=0 to=-1 size=685 bytes at t=3.65
[V2VProxy 0] *** SENDING V2V message #9 from=0 to=-1 size=1028 bytes at t=3.65
[V2VProxy 0] *** SENDING V2V message #10 from=0 to=-1 size=685 bytes at t=3.65
[V2VProxy 6] *** RECEIVED V2V message #1 from=0 to=-1 (broadcast=YES) at t=3.653963017703
[V2VProxy 6] Delivering message #1 from replica 0 to Java (1028 bytes)
V2VNativeBridge6: Received message from 0 with length 1028
[V2V Layer 6] Received message from replica 0 via JNI
    [Reliability 6] handleIncomingMessage() called
        Type: DATA
        From: 0
        SeqNum: 0
        Expected seq: 0
        -> IN ORDER, delivering immediately
    [Reliability 6] deliverMessage() - deserializing payload
        Deserialized: ConsensusMessage
        DEBUG: envelope.fromReplicaId=0, message.getSender()=0
=== [V2V Layer 6] DELIVER to BFT-SMaRt ===
    Message type: ConsensusMessage
    From replica: 0
    InQueue size before: 0
    InQueue size after: 1
=== [V2V Layer 6] DELIVER successful ===
[V2VProxy 3] *** RECEIVED V2V message #1 from=0 to=-1 (broadcast=YES) at t=3.653963025526
23:43:50.514 [Server Comm. System] INFO bftsmart.communication.ServerCommunicationSystem - === ServerCommunicationSystem RECEIVED message ===
[V2VProxy 3] Delivering message #2 from replica 0 to Java (1028 bytes)
V2VNativeBridge3: Received message from 0 with length 1028
23:43:50.514 [Server Comm. System] INFO bftsmart.communication.ServerCommunicationSystem -     Message type: ConsensusMessage
[V2V Layer 3] Received message from replica 0 via JNI
23:43:50.514 [Server Comm. System] INFO bftsmart.communication.ServerCommunicationSystem -     From: 0
23:43:50.514 [Server Comm. System] INFO bftsmart.communication.ServerCommunicationSystem -     Message count: 0
23:43:50.514 [Server Comm. System] DEBUG bftsmart.communication.ServerCommunicationSystem - <-- receiving, msg:type=PROPOSE, number=0, epoch=0, from=0
23:43:50.514 [Server Comm. System] DEBUG bftsmart.tom.core.ExecutionManager - Received message  type=PROPOSE, number=0, epoch=0, from=0
23:43:50.514 [Server Comm. System] DEBUG bftsmart.tom.core.ExecutionManager - I'm at consensus -1 and my last consensus is -1
23:43:50.514 [Server Comm. System] DEBUG bftsmart.tom.core.ExecutionManager - Message for consensus 0 can be processed
23:43:50.514 [Server Comm. System] DEBUG bftsmart.consensus.roles.Acceptor - Processing paxos msg with id 0
23:43:50.514 [Server Comm. System] DEBUG bftsmart.consensus.roles.Acceptor - PROPOSE received from:0, for consensus cId:0, I am:6
23:43:50.514 [Server Comm. System] DEBUG bftsmart.consensus.roles.Acceptor - Executing propose for cId:0, Epoch Timestamp:0
23:43:50.514 [Server Comm. System] DEBUG bftsmart.tom.core.TOMLayer - Modifying inExec from -1 to 0
23:43:50.514 [Server Comm. System] DEBUG bftsmart.tom.core.TOMLayer - Checking proposed value
    [Reliability 3] handleIncomingMessage() called
        Type: DATA
        From: 0
        SeqNum: 0
        Expected seq: 0
        -> IN ORDER, delivering immediately
    [Reliability 3] deliverMessage() - deserializing payload
        Deserialized: ConsensusMessage
        DEBUG: envelope.fromReplicaId=0, message.getSender()=0
=== [V2V Layer 3] DELIVER to BFT-SMaRt ===
    Message type: ConsensusMessage
    From replica: 0
    InQueue size before: 0
    InQueue size after: 1
=== [V2V Layer 3] DELIVER successful ===
[V2VProxy 2] *** RECEIVED V2V message #1 from=0 to=-1 (broadcast=YES) at t=3.653963043366
[V2VProxy 2] Delivering message #3 from replica 0 to Java (1028 bytes)
V2VNativeBridge2: Received message from 0 with length 1028
[V2V Layer 2] Received message from replica 0 via JNI
23:43:50.514 [Server Comm. System] INFO bftsmart.communication.ServerCommunicationSystem - === ServerCommunicationSystem RECEIVED message ===
23:43:50.514 [Server Comm. System] INFO bftsmart.communication.ServerCommunicationSystem -     Message type: ConsensusMessage
23:43:50.514 [Server Comm. System] INFO bftsmart.communication.ServerCommunicationSystem -     From: 0
23:43:50.514 [Server Comm. System] INFO bftsmart.communication.ServerCommunicationSystem -     Message count: 0
23:43:50.514 [Server Comm. System] DEBUG bftsmart.communication.ServerCommunicationSystem - <-- receiving, msg:type=PROPOSE, number=0, epoch=0, from=0
23:43:50.514 [Server Comm. System] DEBUG bftsmart.tom.core.ExecutionManager - Received message  type=PROPOSE, number=0, epoch=0, from=0
23:43:50.514 [Server Comm. System] DEBUG bftsmart.tom.core.ExecutionManager - I'm at consensus -1 and my last consensus is -1
23:43:50.514 [Server Comm. System] DEBUG bftsmart.tom.core.ExecutionManager - Message for consensus 0 can be processed
23:43:50.514 [Server Comm. System] DEBUG bftsmart.consensus.roles.Acceptor - Processing paxos msg with id 0
23:43:50.514 [Server Comm. System] DEBUG bftsmart.consensus.roles.Acceptor - PROPOSE received from:0, for consensus cId:0, I am:3
23:43:50.514 [Server Comm. System] DEBUG bftsmart.consensus.roles.Acceptor - Executing propose for cId:0, Epoch Timestamp:0
23:43:50.514 [Server Comm. System] DEBUG bftsmart.tom.core.TOMLayer - Modifying inExec from -1 to 0
23:43:50.514 [Server Comm. System] DEBUG bftsmart.tom.core.TOMLayer - Checking proposed value
    [Reliability 2] handleIncomingMessage() called
        Type: DATA
        From: 0
        SeqNum: 0
        Expected seq: 0
        -> IN ORDER, delivering immediately
    [Reliability 2] deliverMessage() - deserializing payload
        Deserialized: ConsensusMessage
        DEBUG: envelope.fromReplicaId=0, message.getSender()=0
=== [V2V Layer 2] DELIVER to BFT-SMaRt ===
    Message type: ConsensusMessage
    From replica: 0
    InQueue size before: 0
    InQueue size after: 1
=== [V2V Layer 2] DELIVER successful ===
[V2VProxy 4] *** RECEIVED V2V message #1 from=0 to=-1 (broadcast=YES) at t=3.653963049959
[V2VProxy 4] Delivering message #4 from replica 0 to Java (1028 bytes)
V2VNativeBridge4: Received message from 0 with length 1028
[V2V Layer 4] Received message from replica 0 via JNI
23:43:50.515 [Server Comm. System] INFO bftsmart.communication.ServerCommunicationSystem - === ServerCommunicationSystem RECEIVED message ===
23:43:50.515 [Server Comm. System] INFO bftsmart.communication.ServerCommunicationSystem -     Message type: ConsensusMessage
23:43:50.515 [Server Comm. System] INFO bftsmart.communication.ServerCommunicationSystem -     From: 0
23:43:50.515 [Server Comm. System] INFO bftsmart.communication.ServerCommunicationSystem -     Message count: 0
23:43:50.515 [Server Comm. System] DEBUG bftsmart.communication.ServerCommunicationSystem - <-- receiving, msg:type=PROPOSE, number=0, epoch=0, from=0
23:43:50.515 [Server Comm. System] DEBUG bftsmart.tom.core.ExecutionManager - Received message  type=PROPOSE, number=0, epoch=0, from=0
23:43:50.515 [Server Comm. System] DEBUG bftsmart.tom.core.ExecutionManager - I'm at consensus -1 and my last consensus is -1
23:43:50.515 [Server Comm. System] DEBUG bftsmart.tom.core.ExecutionManager - Message for consensus 0 can be processed
23:43:50.515 [Server Comm. System] DEBUG bftsmart.consensus.roles.Acceptor - Processing paxos msg with id 0
23:43:50.515 [Server Comm. System] DEBUG bftsmart.consensus.roles.Acceptor - PROPOSE received from:0, for consensus cId:0, I am:2
23:43:50.515 [Server Comm. System] DEBUG bftsmart.consensus.roles.Acceptor - Executing propose for cId:0, Epoch Timestamp:0
23:43:50.515 [Server Comm. System] DEBUG bftsmart.tom.core.TOMLayer - Modifying inExec from -1 to 0
    [Reliability 4] handleIncomingMessage() called
        Type: DATA
        From: 0
23:43:50.518 [Server Comm. System] DEBUG bftsmart.tom.core.TOMLayer - Checking proposed value
        SeqNum: 0
        Expected seq: 0
        -> IN ORDER, delivering immediately
    [Reliability 4] deliverMessage() - deserializing payload
23:43:50.518 [ForkJoinPool-8-worker-37] DEBUG bftsmart.clientsmanagement.ClientsManager - Creating new client data, client id=1000
        Deserialized: ConsensusMessage
        DEBUG: envelope.fromReplicaId=0, message.getSender()=0
=== [V2V Layer 4] DELIVER to BFT-SMaRt ===
    Message type: ConsensusMessage
    From replica: 0
    InQueue size before: 0
23:43:50.518 [ForkJoinPool-8-worker-23] DEBUG bftsmart.clientsmanagement.ClientsManager - Creating new client data, client id=1001
    InQueue size after: 1
=== [V2V Layer 4] DELIVER successful ===
23:43:50.518 [Server Comm. System] INFO bftsmart.communication.ServerCommunicationSystem - === ServerCommunicationSystem RECEIVED message ===
[V2VProxy 7] *** RECEIVED V2V message #1 from=0 to=-1 (broadcast=YES) at t=3.653963061386
[V2VProxy 7] Delivering message #5 from replica 0 to Java (1028 bytes)
V2VNativeBridge7: Received message from 0 with length 1028
[V2V Layer 7] Received message from replica 0 via JNI
23:43:50.519 [Server Comm. System] INFO bftsmart.communication.ServerCommunicationSystem -     Message type: ConsensusMessage
23:43:50.519 [ForkJoinPool-8-worker-23] DEBUG bftsmart.clientsmanagement.ClientsManager - Message from client 1001 is valid
23:43:50.519 [ForkJoinPool-8-worker-37] DEBUG bftsmart.clientsmanagement.ClientsManager - Message from client 1000 is valid
23:43:50.519 [Server Comm. System] INFO bftsmart.communication.ServerCommunicationSystem -     From: 0
23:43:50.519 [Server Comm. System] INFO bftsmart.communication.ServerCommunicationSystem -     Message count: 0
23:43:50.519 [Server Comm. System] DEBUG bftsmart.communication.ServerCommunicationSystem - <-- receiving, msg:type=PROPOSE, number=0, epoch=0, from=0
23:43:50.519 [Server Comm. System] DEBUG bftsmart.tom.core.ExecutionManager - Received message  type=PROPOSE, number=0, epoch=0, from=0
23:43:50.519 [Server Comm. System] DEBUG bftsmart.tom.core.ExecutionManager - I'm at consensus -1 and my last consensus is -1
23:43:50.519 [ForkJoinPool-8-worker-37] DEBUG bftsmart.clientsmanagement.ClientsManager - Creating new client data, client id=1004
23:43:50.519 [Server Comm. System] DEBUG bftsmart.tom.core.ExecutionManager - Message for consensus 0 can be processed
23:43:50.519 [ForkJoinPool-8-worker-23] DEBUG bftsmart.clientsmanagement.ClientsManager - Creating new client data, client id=1005
23:43:50.519 [Server Comm. System] DEBUG bftsmart.consensus.roles.Acceptor - Processing paxos msg with id 0
23:43:50.519 [ForkJoinPool-8-worker-23] DEBUG bftsmart.clientsmanagement.ClientsManager - Message from client 1005 is valid
23:43:50.519 [Server Comm. System] DEBUG bftsmart.consensus.roles.Acceptor - PROPOSE received from:0, for consensus cId:0, I am:4
23:43:50.519 [ForkJoinPool-8-worker-23] DEBUG bftsmart.clientsmanagement.ClientsManager - Creating new client data, client id=1006
23:43:50.519 [ForkJoinPool-8-worker-23] DEBUG bftsmart.clientsmanagement.ClientsManager - Message from client 1006 is valid
    [Reliability 7] handleIncomingMessage() called
23:43:50.519 [ForkJoinPool-8-worker-9] DEBUG bftsmart.clientsmanagement.ClientsManager - Creating new client data, client id=1002
        Type: DATA
        From: 0
        SeqNum: 0
        Expected seq: 0
        -> IN ORDER, delivering immediately
    [Reliability 7] deliverMessage() - deserializing payload
23:43:50.519 [ForkJoinPool-8-worker-37] DEBUG bftsmart.clientsmanagement.ClientsManager - Message from client 1004 is valid
23:43:50.519 [ForkJoinPool-8-worker-23] DEBUG bftsmart.clientsmanagement.ClientsManager - Creating new client data, client id=1007
23:43:50.519 [Server Comm. System] DEBUG bftsmart.consensus.roles.Acceptor - Executing propose for cId:0, Epoch Timestamp:0
        Deserialized: ConsensusMessage
        DEBUG: envelope.fromReplicaId=0, message.getSender()=0
=== [V2V Layer 7] DELIVER to BFT-SMaRt ===
    Message type: ConsensusMessage
23:43:50.519 [ForkJoinPool-8-worker-23] DEBUG bftsmart.clientsmanagement.ClientsManager - Message from client 1007 is valid
    From replica: 0
    InQueue size before: 0
23:43:50.519 [ForkJoinPool-8-worker-9] DEBUG bftsmart.clientsmanagement.ClientsManager - Message from client 1002 is valid
    InQueue size after: 1
=== [V2V Layer 7] DELIVER successful ===
23:43:50.519 [Server Comm. System] INFO bftsmart.communication.ServerCommunicationSystem - === ServerCommunicationSystem RECEIVED message ===
23:43:50.519 [Server Comm. System] DEBUG bftsmart.tom.core.TOMLayer - Modifying inExec from -1 to 0
23:43:50.519 [Server Comm. System] DEBUG bftsmart.tom.core.TOMLayer - Checking proposed value
[V2VProxy 1] *** RECEIVED V2V message #1 from=0 to=-1 (broadcast=YES) at t=3.653963063319
[V2VProxy 1] Delivering message #6 from replica 0 to Java (1028 bytes)
V2VNativeBridge1: Received message from 0 with length 1028
[V2V Layer 1] Received message from replica 0 via JNI
23:43:50.519 [Server Comm. System] DEBUG bftsmart.tom.core.TOMLayer - Successfully deserialized batch
23:43:50.519 [Server Comm. System] DEBUG bftsmart.consensus.roles.Acceptor - Sending WRITE for 0
23:43:50.519 [Server Comm. System] DEBUG bftsmart.consensus.roles.Acceptor - Sending WRITE for cId:0, I am:3
[MessageFactory] Creating WRITE message: from=3, id=0, epoch=0
23:43:50.519 [Server Comm. System] INFO bftsmart.communication.ServerCommunicationSystem - === ServerCommunicationSystem.send() ===
23:43:50.519 [Server Comm. System] INFO bftsmart.communication.ServerCommunicationSystem -     Message type: ConsensusMessage
23:43:50.519 [Server Comm. System] INFO bftsmart.communication.ServerCommunicationSystem -     Is TOMMessage: false
23:43:50.519 [Server Comm. System] INFO bftsmart.communication.ServerCommunicationSystem -     Targets: [0, 1, 2, 4, 5, 6, 7]
23:43:50.519 [Server Comm. System] INFO bftsmart.communication.ServerCommunicationSystem -     -> Routing to SERVER connection (SystemMessage)
23:43:50.519 [Server Comm. System] DEBUG bftsmart.communication.ServerCommunicationSystem - --> sending message from: [0, 1, 2, 4, 5, 6, 7] -> {}3
=== [V2V Layer 3] SEND called ===
    Targets: [0, 1, 2, 4, 5, 6, 7]
    Message type: ConsensusMessage
    Sender: 3
    -> Sending to replica 0 via V2V
    [Reliability 3] sendReliable() called
        Target: 0
        Message type: ConsensusMessage
        Sequence number: 0
23:43:50.519 [Server Comm. System] INFO bftsmart.communication.ServerCommunicationSystem -     Message type: ConsensusMessage
23:43:50.520 [Server Comm. System] INFO bftsmart.communication.ServerCommunicationSystem -     From: 0
        Payload size: 172 bytes
23:43:50.520 [Server Comm. System] INFO bftsmart.communication.ServerCommunicationSystem -     Message count: 0
    [Reliability 1] handleIncomingMessage() called
        Type: DATA
        From: 0
        SeqNum: 0
23:43:50.520 [Server Comm. System] DEBUG bftsmart.communication.ServerCommunicationSystem - <-- receiving, msg:type=PROPOSE, number=0, epoch=0, from=0
        Expected seq: 0
        -> IN ORDER, delivering immediately
    [Reliability 1] deliverMessage() - deserializing payload
        [Reliability 3] Piggybacked 1 ACKs to replica 0
        Deserialized: ConsensusMessage
        DEBUG: envelope.fromReplicaId=0, message.getSender()=0
=== [V2V Layer 1] DELIVER to BFT-SMaRt ===
    Message type: ConsensusMessage
23:43:50.520 [Server Comm. System] DEBUG bftsmart.tom.core.ExecutionManager - Received message  type=PROPOSE, number=0, epoch=0, from=0
23:43:50.520 [Server Comm. System] DEBUG bftsmart.tom.core.ExecutionManager - I'm at consensus -1 and my last consensus is -1
    From replica: 0
    InQueue size before: 0
    InQueue size after: 1
23:43:50.521 [ForkJoinPool-7-worker-51] DEBUG bftsmart.clientsmanagement.ClientsManager - Creating new client data, client id=1000
=== [V2V Layer 1] DELIVER successful ===
[V2VProxy 5] *** RECEIVED V2V message #1 from=0 to=-1 (broadcast=YES) at t=3.653963078721
23:43:50.522 [Server Comm. System] DEBUG bftsmart.tom.core.ExecutionManager - Message for consensus 0 can be processed
[V2VProxy 5] Delivering message #7 from replica 0 to Java (1028 bytes)
V2VNativeBridge5: Received message from 0 with length 1028
[V2V Layer 5] Received message from replica 0 via JNI
23:43:50.523 [ForkJoinPool-7-worker-37] DEBUG bftsmart.clientsmanagement.ClientsManager - Creating new client data, client id=1001
23:43:50.522 [Server Comm. System] INFO bftsmart.communication.ServerCommunicationSystem - === ServerCommunicationSystem RECEIVED message ===
23:43:50.523 [Server Comm. System] DEBUG bftsmart.consensus.roles.Acceptor - Processing paxos msg with id 0
23:43:50.523 [Server Comm. System] INFO bftsmart.communication.ServerCommunicationSystem -     Message type: ConsensusMessage
23:43:50.523 [Server Comm. System] INFO bftsmart.communication.ServerCommunicationSystem -     From: 0
23:43:50.523 [Server Comm. System] INFO bftsmart.communication.ServerCommunicationSystem -     Message count: 0
23:43:50.523 [ForkJoinPool-7-worker-51] DEBUG bftsmart.clientsmanagement.ClientsManager - Message from client 1000 is valid
23:43:50.523 [Server Comm. System] DEBUG bftsmart.consensus.roles.Acceptor - PROPOSE received from:0, for consensus cId:0, I am:7
23:43:50.523 [Server Comm. System] DEBUG bftsmart.consensus.roles.Acceptor - Executing propose for cId:0, Epoch Timestamp:0
23:43:50.523 [Server Comm. System] DEBUG bftsmart.tom.core.TOMLayer - Modifying inExec from -1 to 0
23:43:50.526 [Server Comm. System] DEBUG bftsmart.tom.core.TOMLayer - Checking proposed value
23:43:50.523 [ForkJoinPool-7-worker-37] DEBUG bftsmart.clientsmanagement.ClientsManager - Message from client 1001 is valid
23:43:50.526 [Server Comm. System] DEBUG bftsmart.tom.core.TOMLayer - Successfully deserialized batch
23:43:50.526 [Server Comm. System] DEBUG bftsmart.consensus.roles.Acceptor - Sending WRITE for 0
23:43:50.526 [Server Comm. System] DEBUG bftsmart.consensus.roles.Acceptor - Sending WRITE for cId:0, I am:6
[MessageFactory] Creating WRITE message: from=6, id=0, epoch=0
23:43:50.526 [Server Comm. System] INFO bftsmart.communication.ServerCommunicationSystem - === ServerCommunicationSystem.send() ===
23:43:50.526 [Server Comm. System] INFO bftsmart.communication.ServerCommunicationSystem -     Message type: ConsensusMessage
23:43:50.526 [Server Comm. System] INFO bftsmart.communication.ServerCommunicationSystem -     Is TOMMessage: false
23:43:50.526 [Server Comm. System] INFO bftsmart.communication.ServerCommunicationSystem -     Targets: [0, 1, 2, 3, 4, 5, 7]
23:43:50.526 [Server Comm. System] INFO bftsmart.communication.ServerCommunicationSystem -     -> Routing to SERVER connection (SystemMessage)
23:43:50.526 [Server Comm. System] DEBUG bftsmart.communication.ServerCommunicationSystem - --> sending message from: [0, 1, 2, 3, 4, 5, 7] -> {}6
=== [V2V Layer 6] SEND called ===
    Targets: [0, 1, 2, 3, 4, 5, 7]
    Message type: ConsensusMessage
    Sender: 6
    -> Sending to replica 0 via V2V
    [Reliability 6] sendReliable() called
        Target: 0
        Message type: ConsensusMessage
        Sequence number: 0
        Payload size: 172 bytes
        [Reliability 6] Piggybacked 1 ACKs to replica 0
23:43:50.523 [Server Comm. System] DEBUG bftsmart.communication.ServerCommunicationSystem - <-- receiving, msg:type=PROPOSE, number=0, epoch=0, from=0
23:43:50.525 [ForkJoinPool-7-worker-23] DEBUG bftsmart.clientsmanagement.ClientsManager - Creating new client data, client id=1004
23:43:50.527 [Server Comm. System] DEBUG bftsmart.tom.core.ExecutionManager - Received message  type=PROPOSE, number=0, epoch=0, from=0
23:43:50.527 [Server Comm. System] DEBUG bftsmart.tom.core.ExecutionManager - I'm at consensus -1 and my last consensus is -1
23:43:50.527 [Server Comm. System] DEBUG bftsmart.tom.core.ExecutionManager - Message for consensus 0 can be processed
23:43:50.527 [Server Comm. System] DEBUG bftsmart.consensus.roles.Acceptor - Processing paxos msg with id 0
23:43:50.527 [ForkJoinPool-7-worker-51] DEBUG bftsmart.clientsmanagement.ClientsManager - Creating new client data, client id=1007
23:43:50.527 [Server Comm. System] DEBUG bftsmart.consensus.roles.Acceptor - PROPOSE received from:0, for consensus cId:0, I am:1
23:43:50.527 [ForkJoinPool-7-worker-51] DEBUG bftsmart.clientsmanagement.ClientsManager - Message from client 1007 is valid
23:43:50.527 [Server Comm. System] DEBUG bftsmart.consensus.roles.Acceptor - Executing propose for cId:0, Epoch Timestamp:0
23:43:50.527 [Server Comm. System] DEBUG bftsmart.tom.core.TOMLayer - Modifying inExec from -1 to 0
    [Reliability 5] handleIncomingMessage() called
        Type: DATA
        From: 0
        SeqNum: 0
        Expected seq: 0
23:43:50.527 [Server Comm. System] DEBUG bftsmart.tom.core.TOMLayer - Checking proposed value
        -> IN ORDER, delivering immediately
    [Reliability 5] deliverMessage() - deserializing payload
        Deserialized: ConsensusMessage
        DEBUG: envelope.fromReplicaId=0, message.getSender()=0
=== [V2V Layer 5] DELIVER to BFT-SMaRt ===
    Message type: ConsensusMessage
23:43:50.527 [ForkJoinPool-7-worker-23] DEBUG bftsmart.clientsmanagement.ClientsManager - Message from client 1004 is valid
    From replica: 0
    InQueue size before: 0
V2VNativeBridge6: Sending message to -1 with length 763
    InQueue size after: 1[JNI] nativeSendMessage: 6 -> -1
[JNI] Sending 763 bytes (6->-1)
[DEBUG V2VProxy 6] Queue has space - adding message
[JNI] Message queued successfully

23:43:50.527 [Server Comm. System] INFO bftsmart.communication.ServerCommunicationSystem - === ServerCommunicationSystem RECEIVED message ===
=== [V2V Layer 5] DELIVER successful ===
23:43:50.527 [Server Comm. System] INFO bftsmart.communication.ServerCommunicationSystem -     Message type: ConsensusMessage
23:43:50.527 [Server Comm. System] INFO bftsmart.communication.ServerCommunicationSystem -     From: 0
V2VNativeBridge3: Sending message to -1 with length 763
[JNI] nativeSendMessage: 3 -> -1
23:43:50.527 [Server Comm. System] INFO bftsmart.communication.ServerCommunicationSystem -     Message count: 0
[JNI] Sending 763 bytes (3->-1)
[DEBUG V2VProxy 3] Queue has space - adding message
[JNI] Message queued successfully
        [Reliability 3] Sent seq=0 to replica 0
    -> Sending to replica 1 via V2V
    [Reliability 3] sendReliable() called
        Target: 1
        Message type: ConsensusMessage
        [Reliability 6] Sent seq=0 to replica 0
    -> Sending to replica 1 via V2V
    [Reliability 6] sendReliable() called
[V2VProxy 6] *** RECEIVED V2V message #2 from=0 to=-1 (broadcast=YES) at t=3.657054017703
        Target: 1
[V2VProxy 6] Delivering message #8 from replica 0 to Java (1028 bytes)
        Message type: ConsensusMessage
V2VNativeBridge6: Received message from 0 with length 1028
[V2V Layer 6] Received message from replica 0 via JNI
        Sequence number: 0
        Sequence number: 0
        Payload size: 172 bytes
        Payload size: 172 bytes
23:43:50.527 [Server Comm. System] DEBUG bftsmart.communication.ServerCommunicationSystem - <-- receiving, msg:type=PROPOSE, number=0, epoch=0, from=0
V2VNativeBridge3: Sending message to -1 with length 685
23:43:50.528 [Server Comm. System] DEBUG bftsmart.tom.core.ExecutionManager - Received message  type=PROPOSE, number=0, epoch=0, from=0
23:43:50.528 [Server Comm. System] DEBUG bftsmart.tom.core.ExecutionManager - I'm at consensus -1 and my last consensus is -1
[JNI] nativeSendMessage: 3 -> -1
[JNI] Sending 685 bytes (3->-1)
[DEBUG V2VProxy 3] Queue has space - adding message
[JNI] Message queued successfully
V2VNativeBridge6: Sending message to -1 with length 685
[JNI] nativeSendMessage: 6 -> -1
[JNI] Sending 685 bytes (6->-1)
        [Reliability 3] Sent seq=0 to replica 1
    -> Sending to replica 2 via V2V
    [Reliability 3] sendReliable() called
        Target: 2
23:43:50.528 [Server Comm. System] DEBUG bftsmart.tom.core.ExecutionManager - Message for consensus 0 can be processed
    [Reliability 6] handleIncomingMessage() called
        Type: DATA
        From: 0
        SeqNum: 0
23:43:50.528 [Server Comm. System] DEBUG bftsmart.consensus.roles.Acceptor - Processing paxos msg with id 0
        Message type: ConsensusMessage
        Sequence number: 0
23:43:50.528 [Server Comm. System] DEBUG bftsmart.consensus.roles.Acceptor - PROPOSE received from:0, for consensus cId:0, I am:5
        Payload size: 172 bytes
23:43:50.528 [Server Comm. System] DEBUG bftsmart.tom.core.TOMLayer - Successfully deserialized batch
23:43:50.528 [Server Comm. System] DEBUG bftsmart.consensus.roles.Acceptor - Executing propose for cId:0, Epoch Timestamp:0
23:43:50.528 [Server Comm. System] DEBUG bftsmart.consensus.roles.Acceptor - Sending WRITE for 0
23:43:50.528 [Server Comm. System] DEBUG bftsmart.consensus.roles.Acceptor - Sending WRITE for cId:0, I am:4
[MessageFactory] Creating WRITE message: from=4, id=0, epoch=0
        Expected seq: 1
        -> DUPLICATE (seq < expected), ignoring
23:43:50.528 [Server Comm. System] DEBUG bftsmart.tom.core.TOMLayer - Modifying inExec from -1 to 0
[V2VProxy 3] *** RECEIVED V2V message #2 from=0 to=-1 (broadcast=YES) at t=3.657054025526
V2VNativeBridge3: Sending message to -1 with length 685
23:43:50.528 [Server Comm. System] DEBUG bftsmart.tom.core.TOMLayer - Checking proposed value
[V2VProxy 3] Delivering message #9 from replica 0 to Java (1028 bytes)
V2VNativeBridge3: Received message from 0 with length 1028
[V2V Layer 3] Received message from replica 0 via JNI
23:43:50.528 [Server Comm. System] INFO bftsmart.communication.ServerCommunicationSystem - === ServerCommunicationSystem.send() ===
[DEBUG V2VProxy 6] Queue has space - adding message
[JNI] Message queued successfully
        [Reliability 6] Sent seq=0 to replica 1
    -> Sending to replica 2 via V2V
    [Reliability 6] sendReliable() called
        Target: 2
        Message type: ConsensusMessage
23:43:50.528 [ForkJoinPool-7-worker-59] DEBUG bftsmart.clientsmanagement.ClientsManager - Creating new client data, client id=1005
        Sequence number: 0
[JNI] nativeSendMessage: 3 -> -1
[JNI] Sending 685 bytes (3->-1)
        Payload size: 172 bytes
23:43:50.529 [Server Comm. System] INFO bftsmart.communication.ServerCommunicationSystem -     Message type: ConsensusMessage
    [Reliability 3] handleIncomingMessage() called
V2VNativeBridge6: Sending message to -1 with length 685
[JNI] nativeSendMessage: 6 -> -1
[JNI] Sending 685 bytes (6->-1)
[DEBUG V2VProxy 6] Queue has space - adding message
[JNI] Message queued successfully
23:43:50.529 [ForkJoinPool-7-worker-9] DEBUG bftsmart.clientsmanagement.ClientsManager - Creating new client data, client id=1006
        [Reliability 6] Sent seq=0 to replica 2
    -> Sending to replica 3 via V2V
    [Reliability 6] sendReliable() called
        Target: 3
        Message type: ConsensusMessage
        Type: DATA
        From: 0
        SeqNum: 0
        Sequence number: 0
23:43:50.529 [Server Comm. System] INFO bftsmart.communication.ServerCommunicationSystem -     Is TOMMessage: false
        Payload size: 172 bytes
        Expected seq: 1
        -> DUPLICATE (seq < expected), ignoring
23:43:50.529 [ForkJoinPool-7-worker-59] DEBUG bftsmart.clientsmanagement.ClientsManager - Message from client 1005 is valid
V2VNativeBridge6: Sending message to -1 with length 685[DEBUG V2VProxy 3] Queue has space - adding message
[JNI] Message queued successfully

23:43:50.532 [Server Comm. System] INFO bftsmart.communication.ServerCommunicationSystem -     Targets: [0, 1, 2, 3, 5, 6, 7]
[JNI] nativeSendMessage: 6 -> -1
[JNI] Sending 685 bytes (6->-1)
[DEBUG V2VProxy 6] Queue has space - adding message
[V2VProxy [JNI] Message queued successfully
23:43:50.532 [Server Comm. System] INFO bftsmart.communication.ServerCommunicationSystem -     -> Routing to SERVER connection (SystemMessage)
2] *** RECEIVED V2V message #2 from=0 to=-1 (broadcast=YES) at t=3.657054043366
        [Reliability 3] Sent seq=0 to replica 2
[V2VProxy 2] Delivering message #10 from replica 0 to Java (1028 bytes)
        [Reliability 6] Sent seq=0 to replica 3
V2VNativeBridge2: Received message from 0 with length 1028
[V2V Layer 2] Received message from replica 0 via JNI
    -> Sending to replica 4 via V2V
    [Reliability 6] sendReliable() called
    -> Sending to replica 4 via V2V
    [Reliability 3] sendReliable() called
        Target: 4
        Message type: ConsensusMessage
23:43:50.532 [Server Comm. System] DEBUG bftsmart.communication.ServerCommunicationSystem - --> sending message from: [0, 1, 2, 3, 5, 6, 7] -> {}4
        Sequence number: 0
=== [V2V Layer 4] SEND called ===
    Targets: [0, 1, 2, 3, 5, 6, 7]
        Target: 4
        Message type: ConsensusMessage
        Sequence number: 0
    Message type: ConsensusMessage
        Payload size: 172 bytes
    Sender: 4
    -> Sending to replica 0 via V2V
    [Reliability 4] sendReliable() called
        Target: 0
        Payload size: 172 bytes
V2VNativeBridge6: Sending message to -1 with length 685
[JNI] nativeSendMessage: 6 -> -1
[JNI] Sending 685 bytes (6->-1)
[DEBUG V2VProxy 6] Queue has space - adding message
[JNI] Message queued successfully
        Message type: ConsensusMessage
V2VNativeBridge3: Sending message to -1 with length 685
[JNI] nativeSendMessage: 3 -> -1
[JNI] Sending 685 bytes (3->-1)
[DEBUG V2VProxy 3] Queue has space - adding message
[JNI] Message queued successfully
23:43:50.532 [ForkJoinPool-7-worker-9] DEBUG bftsmart.clientsmanagement.ClientsManager - Message from client 1006 is valid
        [Reliability 3] Sent seq=0 to replica 4
    -> Sending to replica 5 via V2V
    [Reliability 3] sendReliable() called
        Sequence number: 0
        [Reliability 6] Sent seq=0 to replica 4
23:43:50.533 [Server Comm. System] DEBUG bftsmart.tom.core.TOMLayer - Successfully deserialized batch
    -> Sending to replica 5 via V2V
23:43:50.533 [Server Comm. System] DEBUG bftsmart.consensus.roles.Acceptor - Sending WRITE for 0
    [Reliability 6] sendReliable() called
        Target: 5
        Message type: ConsensusMessage
        Payload size: 172 bytes
        [Reliability 4] Piggybacked 1 ACKs to replica 0
    [Reliability 2] handleIncomingMessage() called
        Type: DATA
        From: 0
        SeqNum: 0
        Expected seq: 1
        -> DUPLICATE (seq < expected), ignoring
        Target: 5
[V2VProxy 4] *** RECEIVED V2V message #2 from=0 to=-1 (broadcast=YES) at t=3.657054049959
V2VNativeBridge4: Received message from 0 with length 1028
[V2V Layer 4] Received message from replica 0 via JNI
V2VNativeBridge4: Sending message to -1 with length 763
[JNI] nativeSendMessage: 4 -> -1
        Sequence number: 0[JNI] Sending 763 bytes (4->-1)

23:43:50.533 [Server Comm. System] DEBUG bftsmart.consensus.roles.Acceptor - Sending WRITE for cId:0, I am:2
        Payload size: 172 bytes
    [Reliability 4] handleIncomingMessage() called
        Type: DATA
        From: 0
        SeqNum: 0
        Expected seq: 1
        -> DUPLICATE (seq < expected), ignoring
        Message type: ConsensusMessage
[DEBUG V2VProxy 4] Queue has space - adding message
[JNI] Message queued successfully
[V2VProxy 7] *** RECEIVED V2V message #2 from=0 to=-1 (broadcast=YES) at t=3.657054061386
        [Reliability 4] Sent seq=0 to replica 0
V2VNativeBridge7: Received message from 0 with length 1028
[V2V Layer 7] Received message from replica 0 via JNI
V2VNativeBridge6: Sending message to -1 with length 685
[JNI] nativeSendMessage: 6 -> -1
[MessageFactory] Creating WRITE message: from=2, id=0, epoch=0
[JNI] Sending 685 bytes (6->-1)
[DEBUG V2VProxy 6] Queue has space - adding message
[JNI] Message queued successfully
        [Reliability 6] Sent seq=0 to replica 5
    -> Sending to replica 7 via V2V
    [Reliability 6] sendReliable() called
        Target: 7
        Message type: ConsensusMessage
        Sequence number: 0
        Sequence number: 0
        Payload size: 172 bytes
        Payload size: 172 bytes
    -> Sending to replica 1 via V2V
    [Reliability 4] sendReliable() called
V2VNativeBridge6: Sending message to -1 with length 685
[JNI] nativeSendMessage: 6 -> -1
[JNI] Sending 685 bytes (6->-1)
        Target: 1[DEBUG V2VProxy 6] Queue has space - adding message
[JNI] Message queued successfully

V2VNativeBridge3: Sending message to -1 with length 685
        Message type: ConsensusMessage
        Sequence number: 0
[JNI] nativeSendMessage: 3 -> -1
[JNI] Sending 685 bytes (3->-1)
[DEBUG V2VProxy 3] Queue has space - adding message
[JNI] Message queued successfully
23:43:50.534 [Server Comm. System] INFO bftsmart.communication.ServerCommunicationSystem - === ServerCommunicationSystem.send() ===
        [Reliability 3] Sent seq=0 to replica 5
    -> Sending to replica 6 via V2V
    [Reliability 3] sendReliable() called
        Target: 6
        Message type: ConsensusMessage
        [Reliability 6] Sent seq=0 to replica 7
=== [V2V Layer 6] SEND complete ===
    [Reliability 7] handleIncomingMessage() called
        Type: DATA
        From: 0
        SeqNum: 0
        Expected seq: 1
23:43:50.534 [Server Comm. System] INFO bftsmart.communication.ServerCommunicationSystem -     Message type: ConsensusMessage
        Sequence number: 0
        Payload size: 172 bytes
23:43:50.534 [Server Comm. System] INFO bftsmart.communication.ServerCommunicationSystem - === ServerCommunicationSystem.send() complete ===
        -> DUPLICATE (seq < expected), ignoring
23:43:50.534 [Server Comm. System] INFO bftsmart.communication.ServerCommunicationSystem -     Is TOMMessage: false
V2VNativeBridge4: Sending message to -1 with length 685
[JNI] nativeSendMessage: 4 -> -1
        Payload size: 172 bytes
[JNI] Sending 685 bytes (4->-1)
[DEBUG V2VProxy 4] Queue has space - adding message
[JNI] Message queued successfully
        [Reliability 4] Sent seq=0 to replica 1
[V2VProxy 1] *** RECEIVED V2V message #2 from=0 to=-1 (broadcast=YES) at t=3.657054063319
V2VNativeBridge1: Received message from 0 with length 1028
[V2V Layer 1] Received message from replica 0 via JNI
    -> Sending to replica 2 via V2V
    [Reliability 4] sendReliable() called
        Target: 2
        Message type: ConsensusMessage
23:43:50.536 [Server Comm. System] DEBUG bftsmart.consensus.roles.Acceptor - I have 1, WRITE's for cId:0, Epoch timestamp:0,
        Sequence number: 0
V2VNativeBridge3: Sending message to -1 with length 685
[JNI] nativeSendMessage: 3 -> -1
[JNI] Sending 685 bytes (3->-1)
[DEBUG V2VProxy 3] Queue has space - adding message
[JNI] Message queued successfully
[Acceptor 6] computeWrite: cId=0, writeAccepted=1, quorum=5
        [Reliability 3] Sent seq=0 to replica 6
23:43:50.535 [Server Comm. System] DEBUG bftsmart.tom.core.TOMLayer - Successfully deserialized batch
        Payload size: 172 bytes
[MessageFactory] Creating ACCEPT message: from=6, id=0, epoch=0
V2VNativeBridge4: Sending message to -1 with length 685
[JNI] nativeSendMessage: 4 -> -1
[JNI] Sending 685 bytes (4->-1)
[DEBUG V2VProxy 4] Queue has space - adding message
[JNI] Message queued successfully
    -> Sending to replica 7 via V2V
    [Reliability 3] sendReliable() called
        Target: 7
        Message type: ConsensusMessage
        Sequence number: 0
        [Reliability 4] Sent seq=0 to replica 2
    -> Sending to replica 3 via V2V
    [Reliability 4] sendReliable() called
        Target: 3
        Message type: ConsensusMessage
23:43:50.536 [Server Comm. System] DEBUG bftsmart.consensus.roles.Acceptor - Sending WRITE for 0
    [Reliability 1] handleIncomingMessage() called
23:43:50.536 [Server Comm. System] INFO bftsmart.communication.ServerCommunicationSystem -     Targets: [0, 1, 3, 4, 5, 6, 7]
        Type: DATA
        From: 0
        SeqNum: 0
        Sequence number: 0
        Payload size: 172 bytes
        Payload size: 172 bytes
        Expected seq: 1
        -> DUPLICATE (seq < expected), ignoring
23:43:50.537 [Server Comm. System] INFO bftsmart.communication.ServerCommunicationSystem -     -> Routing to SERVER connection (SystemMessage)
23:43:50.537 [Server Comm. System] DEBUG bftsmart.consensus.roles.Acceptor - Sending WRITE for cId:0, I am:1
[V2VProxy 5] *** RECEIVED V2V message #2 from=0 to=-1 (broadcast=YES) at t=3.657054078721
V2VNativeBridge4: Sending message to -1 with length 685
[MessageFactory] Creating WRITE message: from=1, id=0, epoch=0
23:43:50.537 [Server Comm. System] DEBUG bftsmart.tom.core.TOMLayer - Successfully deserialized batch
23:43:50.537 [Server Comm. System] INFO bftsmart.communication.ServerCommunicationSystem - === ServerCommunicationSystem.send() ===
[JNI] nativeSendMessage: 4 -> -1
[JNI] Sending 685 bytes (4->-1)
[DEBUG V2VProxy 4] Queue has space - adding message
[JNI] Message queued successfully
23:43:50.537 [Server Comm. System] INFO bftsmart.communication.ServerCommunicationSystem -     Message type: ConsensusMessage
V2VNativeBridge5: Received message from 0 with length 1028
        [Reliability 4] Sent seq=0 to replica 3
    -> Sending to replica 5 via V2V
    [Reliability 4] sendReliable() called
        Target: 5
        Message type: ConsensusMessage
        Sequence number: 0
V2VNativeBridge3: Sending message to -1 with length 685
        Payload size: 172 bytes
[JNI] nativeSendMessage: 3 -> -1
[JNI] Sending 685 bytes (3->-1)
[DEBUG V2VProxy 3] Queue has space - adding message
[V2V Layer 5] Received message from replica 0 via JNI
V2VNativeBridge4: Sending message to -1 with length 685
[JNI] nativeSendMessage: 4 -> -1
[JNI] Sending 685 bytes (4->-1)
[DEBUG V2VProxy 4] Queue has space - adding message
[JNI] Message queued successfully
        [Reliability 4] Sent seq=0 to replica 5
    -> Sending to replica 6 via V2V
    [Reliability 4] sendReliable() called
        Target: 6
        Message type: ConsensusMessage
        Sequence number: 0
[JNI] Message queued successfully
        Payload size: 172 bytes
        [Reliability 3] Sent seq=0 to replica 7
=== [V2V Layer 3] SEND complete ===
23:43:50.537 [Server Comm. System] INFO bftsmart.communication.ServerCommunicationSystem -     Is TOMMessage: false
23:43:50.537 [Server Comm. System] INFO bftsmart.communication.ServerCommunicationSystem - === ServerCommunicationSystem.send() complete ===
23:43:50.537 [Server Comm. System] DEBUG bftsmart.consensus.roles.Acceptor - I have 1, WRITE's for cId:0, Epoch timestamp:0,
[Acceptor 3] computeWrite: cId=0, writeAccepted=1, quorum=5
[MessageFactory] Creating ACCEPT message: from=3, id=0, epoch=0
23:43:50.537 [Server Comm. System] INFO bftsmart.communication.ServerCommunicationSystem -     Targets: [0, 2, 3, 4, 5, 6, 7]
23:43:50.537 [Server Comm. System] INFO bftsmart.communication.ServerCommunicationSystem -     -> Routing to SERVER connection (SystemMessage)
23:43:50.537 [Server Comm. System] DEBUG bftsmart.consensus.roles.Acceptor - WRITE computed for cId:0, I am:6
V2VNativeBridge4: Sending message to -1 with length 685
23:43:50.537 [Server Comm. System] DEBUG bftsmart.communication.ServerCommunicationSystem - --> sending message from: [0, 1, 3, 4, 5, 6, 7] -> {}2
23:43:50.537 [Server Comm. System] INFO bftsmart.communication.ServerCommunicationSystem - === Message processed ===
[JNI] nativeSendMessage: 4 -> -1
[JNI] Sending 685 bytes (4->-1)
[DEBUG V2VProxy 4] Queue has space - adding message
[JNI] Message queued successfully
        [Reliability 4] Sent seq=0 to replica 6
    -> Sending to replica 7 via V2V
    [Reliability 4] sendReliable() called
        Target: 7
    [Reliability 5] handleIncomingMessage() called
        Type: DATA
        From: 0
        SeqNum: 0
        Expected seq: 1
        Message type: ConsensusMessage
        Sequence number: 0
23:43:50.537 [Server Comm. System] DEBUG bftsmart.consensus.roles.Acceptor - Sending WRITE for 0
        Payload size: 172 bytes
=== [V2V Layer 2] SEND called ===
    Targets: [0, 1, 3, 4, 5, 6, 7]
23:43:50.537 [Server Comm. System] DEBUG bftsmart.tom.core.TOMLayer - Successfully deserialized batch
V2VNativeBridge4: Sending message to -1 with length 685
[JNI] nativeSendMessage: 4 -> -1
[JNI] Sending 685 bytes (4->-1)
[DEBUG V2VProxy 4] Queue has space - adding message
[JNI] Message queued successfully
        [Reliability 4] Sent seq=0 to replica 7
=== [V2V Layer 4] SEND complete ===
        -> DUPLICATE (seq < expected), ignoring
23:43:50.538 [Server Comm. System] DEBUG bftsmart.consensus.roles.Acceptor - Sending WRITE for 0
    Message type: ConsensusMessage
[V2VProxy 6] *** RECEIVED V2V message #3 from=0 to=-1 (broadcast=YES) at t=3.659001017703
V2VNativeBridge6: Received message from 0 with length 1028
[V2V Layer 6] Received message from replica 0 via JNI
23:43:50.537 [pool-12-thread-1] DEBUG bftsmart.consensus.roles.Acceptor - Creating cryptographic proof for speculative ACCEPT message from consensus 0
    Sender: 2
23:43:50.537 [Server Comm. System] DEBUG bftsmart.communication.ServerCommunicationSystem - --> sending message from: [0, 2, 3, 4, 5, 6, 7] -> {}1
    -> Sending to replica 0 via V2V
    [Reliability 2] sendReliable() called
        Target: 0
        Message type: ConsensusMessage
        Sequence number: 0
=== [V2V Layer 1] SEND called ===
    Targets: [0, 2, 3, 4, 5, 6, 7]
        Payload size: 172 bytes
    Message type: ConsensusMessage
        [Reliability 2] Piggybacked 1 ACKs to replica 0
    Sender: 1
    [Reliability 6] handleIncomingMessage() called
        Type: DATA
    -> Sending to replica 0 via V2V
23:43:50.538 [Server Comm. System] DEBUG bftsmart.consensus.roles.Acceptor - WRITE computed for cId:0, I am:3
    [Reliability 1] sendReliable() called
        Target: 0
        Message type: ConsensusMessage
        Sequence number: 0
        From: 0
        SeqNum: 0
        Expected seq: 1
V2VNativeBridge2: Sending message to -1 with length 763
[JNI] nativeSendMessage: 2 -> -1
[JNI] Sending 763 bytes (2->-1)
[DEBUG V2VProxy 2] Queue has space - adding message
[JNI] Message queued successfully
        -> DUPLICATE (seq < expected), ignoring
23:43:50.538 [Server Comm. System] INFO bftsmart.communication.ServerCommunicationSystem - === Message processed ===
[V2VProxy 3] *** RECEIVED V2V message #3 from=0 to=-1 (broadcast=YES) at t=3.659001025526
        [Reliability 2] Sent seq=0 to replica 0
23:43:50.538 [Server Comm. System] DEBUG bftsmart.consensus.roles.Acceptor - Sending WRITE for cId:0, I am:5
V2VNativeBridge3: Received message from 0 with length 1028
[MessageFactory] Creating WRITE message: from=5, id=0, epoch=0
[V2V Layer 3] Received message from replica 0 via JNI
    -> Sending to replica 1 via V2V
        Payload size: 172 bytes
23:43:50.538 [pool-16-thread-1] DEBUG bftsmart.consensus.roles.Acceptor - Creating cryptographic proof for speculative ACCEPT message from consensus 0
        [Reliability 1] Piggybacked 1 ACKs to replica 0
23:43:50.538 [Server Comm. System] INFO bftsmart.communication.ServerCommunicationSystem - === ServerCommunicationSystem.send() complete ===
    [Reliability 2] sendReliable() called
V2VNativeBridge1: Sending message to -1 with length 763
[JNI] nativeSendMessage: 1 -> -1
[JNI] Sending 763 bytes (1->-1)
[DEBUG V2VProxy 1] Queue has space - adding message
[JNI] Message queued successfully
23:43:50.538 [Server Comm. System] DEBUG bftsmart.consensus.roles.Acceptor - Sending WRITE for cId:0, I am:7
        [Reliability 1] Sent seq=0 to replica 0
    -> Sending to replica 2 via V2V
    [Reliability 1] sendReliable() called
    [Reliability 3] handleIncomingMessage() called
        Type: DATA
        Target: 2
        Message type: ConsensusMessage
        Sequence number: 0
        Target: 1
        Payload size: 172 bytes
        From: 0
        SeqNum: 0
        Expected seq: 1
        -> DUPLICATE (seq < expected), ignoring
23:43:50.540 [Server Comm. System] INFO bftsmart.communication.ServerCommunicationSystem - === ServerCommunicationSystem.send() ===
[V2VProxy 2] *** RECEIVED V2V message #3 from=0 to=-1 (broadcast=YES) at t=3.659001043366
V2VNativeBridge2: Received message from 0 with length 1028
[V2V Layer 2] Received message from replica 0 via JNI
[MessageFactory] Creating WRITE message: from=7, id=0, epoch=0
23:43:50.540 [Server Comm. System] DEBUG bftsmart.consensus.roles.Acceptor - I have 1, WRITE's for cId:0, Epoch timestamp:0,
[Acceptor 4] computeWrite: cId=0, writeAccepted=1, quorum=5
[MessageFactory] Creating ACCEPT message: from=4, id=0, epoch=0
V2VNativeBridge1: Sending message to -1 with length 685
23:43:50.541 [Server Comm. System] INFO bftsmart.communication.ServerCommunicationSystem -     Message type: ConsensusMessage
23:43:50.541 [Server Comm. System] INFO bftsmart.communication.ServerCommunicationSystem -     Is TOMMessage: false
23:43:50.541 [Server Comm. System] INFO bftsmart.communication.ServerCommunicationSystem - === ServerCommunicationSystem.send() ===
[JNI] nativeSendMessage: 1 -> -1
23:43:50.541 [Server Comm. System] INFO bftsmart.communication.ServerCommunicationSystem -     Targets: [0, 1, 2, 3, 4, 6, 7]
23:43:50.541 [Server Comm. System] INFO bftsmart.communication.ServerCommunicationSystem -     -> Routing to SERVER connection (SystemMessage)
[JNI] Sending 685 bytes (1->-1)
[DEBUG V2VProxy 1] Queue has space - adding message
[JNI] Message queued successfully
23:43:50.541 [Server Comm. System] INFO bftsmart.communication.ServerCommunicationSystem -     Message type: ConsensusMessage
        Message type: ConsensusMessage
        Sequence number: 0
        [Reliability 1] Sent seq=0 to replica 2
        Payload size: 172 bytes
    -> Sending to replica 3 via V2V
23:43:50.541 [Server Comm. System] DEBUG bftsmart.communication.ServerCommunicationSystem - --> sending message from: [0, 1, 2, 3, 4, 6, 7] -> {}5
    [Reliability 1] sendReliable() called
        Target: 3
        Message type: ConsensusMessage
        Sequence number: 0
    [Reliability 2] handleIncomingMessage() called
        Payload size: 172 bytes
        Type: DATA
        From: 0
23:43:50.541 [Server Comm. System] INFO bftsmart.communication.ServerCommunicationSystem -     Is TOMMessage: false
=== [V2V Layer 5] SEND called ===
23:43:50.541 [Server Comm. System] INFO bftsmart.communication.ServerCommunicationSystem -     Targets: [0, 1, 2, 3, 4, 5, 6]
    Targets: [0, 1, 2, 3, 4, 6, 7]
    Message type: ConsensusMessage
    Sender: 5
V2VNativeBridge2: Sending message to -1 with length 685
[JNI] nativeSendMessage: 2 -> -1
23:43:50.541 [Server Comm. System] INFO bftsmart.communication.ServerCommunicationSystem -     -> Routing to SERVER connection (SystemMessage)
[JNI] Sending 685 bytes (2->-1)
    -> Sending to replica 0 via V2V
23:43:50.541 [Server Comm. System] DEBUG bftsmart.consensus.roles.Acceptor - WRITE computed for cId:0, I am:4
    [Reliability 5] sendReliable() called
        Target: 0
        Message type: ConsensusMessage
        Sequence number: 0
V2VNativeBridge1: Sending message to -1 with length 685
[JNI] nativeSendMessage: 1 -> -1
        SeqNum: 0
[JNI] Sending 685 bytes (1->-1)
[DEBUG V2VProxy 1] Queue has space - adding message
[JNI] Message queued successfully
        Expected seq: 1
        -> DUPLICATE (seq < expected), ignoring
        Payload size: 172 bytes[DEBUG V2VProxy 2] Queue has space - adding message
[JNI] Message queued successfully

        [Reliability 2] Sent seq=0 to replica 1
    -> Sending to replica 3 via V2V
    [Reliability 2] sendReliable() called
        Target: 3
        Message type: ConsensusMessage
[V2VProxy 4] *** RECEIVED V2V message #3 from=0 to=-1 (broadcast=YES) at t=3.659001049959
23:43:50.542 [Server Comm. System] DEBUG bftsmart.communication.ServerCommunicationSystem - --> sending message from: [0, 1, 2, 3, 4, 5, 6] -> {}7
        [Reliability 5] Piggybacked 1 ACKs to replica 0
        Sequence number: 0
        [Reliability 1] Sent seq=0 to replica 3
    -> Sending to replica 4 via V2V
V2VNativeBridge5: Sending message to -1 with length 763
[JNI] nativeSendMessage: 5 -> -1
[JNI] Sending 763 bytes (5->-1)
[DEBUG V2VProxy 5] Queue has space - adding message
[JNI] Message queued successfully
    [Reliability 1] sendReliable() called
        Target: 4
        [Reliability 5] Sent seq=0 to replica 0
    -> Sending to replica 1 via V2V
    [Reliability 5] sendReliable() called
        Target: 1
        Message type: ConsensusMessage
        Payload size: 172 bytes
V2VNativeBridge4: Received message from 0 with length 1028
[V2V Layer 4] Received message from replica 0 via JNI
V2VNativeBridge2: Sending message to -1 with length 685
[JNI] nativeSendMessage: 2 -> -1
=== [V2V Layer 7] SEND called ===
[JNI] Sending 685 bytes (2->-1)
[DEBUG V2VProxy 2] Queue has space - adding message
[JNI] Message queued successfully
        [Reliability 2] Sent seq=0 to replica 3
    -> Sending to replica 4 via V2V
    [Reliability 2] sendReliable() called
        Target: 4
        Message type: ConsensusMessage
        Sequence number: 0
        Sequence number: 0
        Message type: ConsensusMessage
    [Reliability 4] handleIncomingMessage() called
        Type: DATA
        From: 0
        Sequence number: 0
        Payload size: 172 bytes
        Payload size: 172 bytes
    Targets: [0, 1, 2, 3, 4, 5, 6]
V2VNativeBridge2: Sending message to -1 with length 685
23:43:50.541 [pool-11-thread-1] DEBUG bftsmart.consensus.roles.Acceptor - Creating cryptographic proof for speculative ACCEPT message from consensus 0
V2VNativeBridge1: Sending message to -1 with length 685[JNI] nativeSendMessage: 2 -> -1
[JNI] Sending 685 bytes (2->-1)
[DEBUG V2VProxy 2] Queue has space - adding message
[JNI] Message queued successfully

[JNI] nativeSendMessage: 1 -> -1
[JNI] Sending 685 bytes (1->-1)
[DEBUG V2VProxy 1] Queue has space - adding message
    Message type: ConsensusMessage[JNI] Message queued successfully

        [Reliability 1] Sent seq=0 to replica 4
    -> Sending to replica 5 via V2V
    [Reliability 1] sendReliable() called
        Target: 5
        Message type: ConsensusMessage
        Sequence number: 0
    Sender: 7
    -> Sending to replica 0 via V2V
    [Reliability 7] sendReliable() called
        Target: 0
        Message type: ConsensusMessage
        SeqNum: 0
        Expected seq: 1
        -> DUPLICATE (seq < expected), ignoring
        Payload size: 172 bytes[V2VProxy 7] *** RECEIVED V2V message #3 from=0 to=-1 (broadcast=YES) at t=3.659001061386

V2VNativeBridge7: Received message from 0 with length 1028
[V2V Layer 7] Received message from replica 0 via JNI
        Payload size: 172 bytes
V2VNativeBridge5: Sending message to -1 with length 685
V2VNativeBridge1: Sending message to -1 with length 685
[JNI] nativeSendMessage: 1 -> -1[JNI] nativeSendMessage: 
5 -> -1
[JNI] Sending 685 bytes (5->-1)
[DEBUG V2VProxy 5] Queue has space - adding message
[JNI] Sending [JNI] Message queued successfully
685 bytes (1->-1)
[DEBUG V2VProxy 1] Queue has space - adding message
[JNI] Message queued successfully
        Sequence number: 0
    [Reliability 7] handleIncomingMessage() called
        Type: DATA
        From: 0
        SeqNum: 0
        Expected seq: 1
        -> DUPLICATE (seq < expected), ignoring
        [Reliability 2] Sent seq=0 to replica 4
        Payload size: 172 bytes[V2VProxy 1] *** RECEIVED V2V message #3 from=0 to=-1 (broadcast=YES) at t=3.659001063319

        [Reliability 7] Piggybacked 1 ACKs to replica 0
    -> Sending to replica 5 via V2V
23:43:50.542 [Server Comm. System] INFO bftsmart.communication.ServerCommunicationSystem - === Message processed ===
V2VNativeBridge7: Sending message to -1 with length 763
[JNI] nativeSendMessage: 7 -> -1
[JNI] Sending 763 bytes (7->-1)
[DEBUG V2VProxy 7] Queue has space - adding message
[JNI] Message queued successfully
        [Reliability 7] Sent seq=0 to replica 0
V2VNativeBridge1: Received message from 0 with length 1028
[V2V Layer 1] Received message from replica 0 via JNI
        [Reliability 1] Sent seq=0 to replica 5
    -> Sending to replica 6 via V2V
    [Reliability 1] sendReliable() called
        Target: 6
        Message type: ConsensusMessage
        [Reliability 5] Sent seq=0 to replica 1
    -> Sending to replica 2 via V2V
    [Reliability 1] handleIncomingMessage() called
        Type: DATA
        From: 0
        SeqNum: 0
        Expected seq: 1
        -> DUPLICATE (seq < expected), ignoring
    [Reliability 5] sendReliable() called
        Target: 2
[V2VProxy 5] *** RECEIVED V2V message #3 from=0 to=-1 (broadcast=YES) at t=3.659001078721
V2VNativeBridge5: Received message from 0 with length 1028
[V2V Layer 5] Received message from replica 0 via JNI
        Sequence number: 0
    -> Sending to replica 1 via V2V
        Payload size: 172 bytes
    [Reliability 7] sendReliable() called
        Target: 1
        Message type: ConsensusMessage
    [Reliability 2] sendReliable() called
        Target: 5
        Message type: ConsensusMessage
        Sequence number: 0
V2VNativeBridge1: Sending message to -1 with length 685
[JNI] nativeSendMessage: 1 -> -1
[JNI] Sending 685 bytes (1->-1)
[DEBUG V2VProxy 1] Queue has space - adding message
[JNI] Message queued successfully
    [Reliability 5] handleIncomingMessage() called
        Type: DATA
        From: 0
        SeqNum: 0
        Message type: ConsensusMessage
        Sequence number: 0
        Expected seq: 1
        -> DUPLICATE (seq < expected), ignoring
        [Reliability 1] Sent seq=0 to replica 6
    -> Sending to replica 7 via V2V[V2VProxy 6] *** RECEIVED V2V message #4 from=0 to=-1 (broadcast=YES) at t=3.660340017703

    [Reliability 1] sendReliable() called
        Target: 7
V2VNativeBridge6: Received message from 0 with length 685
[V2V Layer 6] Received message from replica 0 via JNI
        Payload size: 172 bytes
        Sequence number: 0
        Payload size: 172 bytes
        Payload size: 172 bytes
        Message type: ConsensusMessage
        Sequence number: 0
V2VNativeBridge7: Sending message to -1 with length 685
        Payload size: 172 bytes[JNI] nativeSendMessage: 7 -> -1
[JNI] Sending 685 bytes (7->-1)
[DEBUG V2VProxy 7] Queue has space - adding message
[JNI] Message queued successfully

V2VNativeBridge5: Sending message to -1 with length 685
V2VNativeBridge1: Sending message to -1 with length 685
[JNI] nativeSendMessage: 1 -> -1
[JNI] Sending 685 bytes (1->-1)
[DEBUG V2VProxy 1] Queue has space - adding message
[JNI] nativeSendMessage: [JNI] Message queued successfully5
 -> -1V2VNativeBridge2: Sending message to -1 with length 685

        [Reliability 1] Sent seq=0 to replica 7[JNI] Sending 685 bytes (5->-1)
[DEBUG V2VProxy 5] Queue has space - adding message
[JNI] Message queued successfully

=== [V2V Layer 1] SEND complete ===
[JNI] nativeSendMessage: 2 -> -1
[JNI] Sending 685 bytes (2->-1)
[DEBUG V2VProxy 2] Queue has space - adding message
[JNI] Message queued successfully
        [Reliability 7] Sent seq=0 to replica 1
        [Reliability 2] Sent seq=0 to replica 5
23:43:50.545 [Server Comm. System] INFO bftsmart.communication.ServerCommunicationSystem - === ServerCommunicationSystem.send() complete ===
    -> Sending to replica 2 via V2V
23:43:50.545 [Server Comm. System] DEBUG bftsmart.consensus.roles.Acceptor - I have 1, WRITE's for cId:0, Epoch timestamp:0,
    [Reliability 7] sendReliable() called
        Target: 2
        [Reliability 5] Sent seq=0 to replica 2
    -> Sending to replica 3 via V2V
    [Reliability 5] sendReliable() called
    [Reliability 6] handleIncomingMessage() called
        Type: DATA
        From: 0
        SeqNum: 1
        Expected seq: 1
        Target: 3
        Message type: ConsensusMessage
        Sequence number: 0
[Acceptor 1] computeWrite: cId=0, writeAccepted=1, quorum=5
        Payload size: 172 bytes
[MessageFactory] Creating ACCEPT message: from=1, id=0, epoch=0
        Message type: ConsensusMessage
        Sequence number: 0
    -> Sending to replica 6 via V2V
        Payload size: 172 bytes
V2VNativeBridge5: Sending message to -1 with length 685
[JNI] nativeSendMessage: 5 -> -1
[JNI] Sending 685 bytes (5->-1)
[DEBUG V2VProxy 5] Queue has space - adding message
[JNI] Message queued successfully
        -> IN ORDER, delivering immediately
    [Reliability 6] deliverMessage() - deserializing payload
        [Reliability 5] Sent seq=0 to replica 3
    -> Sending to replica 4 via V2V
        Deserialized: ConsensusMessage
        DEBUG: envelope.fromReplicaId=0, message.getSender()=0
=== [V2V Layer 6] DELIVER to BFT-SMaRt ===
    Message type: ConsensusMessage
    [Reliability 5] sendReliable() called
        Target: 4
23:43:50.546 [Server Comm. System] DEBUG bftsmart.consensus.roles.Acceptor - WRITE computed for cId:0, I am:1
23:43:50.546 [Server Comm. System] INFO bftsmart.communication.ServerCommunicationSystem - === Message processed ===
        Message type: ConsensusMessage
    [Reliability 2] sendReliable() called
        Target: 6
        Message type: ConsensusMessage
V2VNativeBridge7: Sending message to -1 with length 685
23:43:50.546 [pool-10-thread-1] DEBUG bftsmart.consensus.roles.Acceptor - Creating cryptographic proof for speculative ACCEPT message from consensus 0
[JNI] nativeSendMessage: 7 -> -1
[JNI] Sending 685 bytes (7->-1)
[DEBUG V2VProxy 7] Queue has space - adding message
[JNI] Message queued successfully
        Sequence number: 0
        Sequence number: 0
        Payload size: 172 bytes
    From replica: 0
    InQueue size before: 0
        Payload size: 172 bytes
    InQueue size after: 1
=== [V2V Layer 6] DELIVER successful ===
        [Reliability 7] Sent seq=0 to replica 2
23:43:50.547 [Server Comm. System] INFO bftsmart.communication.ServerCommunicationSystem - === ServerCommunicationSystem RECEIVED message ===
    -> Sending to replica 3 via V2V
V2VNativeBridge5: Sending message to -1 with length 685
[JNI] nativeSendMessage: 5 -> -1
[JNI] Sending 685 bytes (5->-1)
[DEBUG V2VProxy 5] Queue has space - adding message
[JNI] Message queued successfully
    [Reliability 7] sendReliable() called
[V2VProxy 3] *** RECEIVED V2V message #4 from=0 to=-1 (broadcast=YES) at t=3.660340025526
        Target: 3
V2VNativeBridge3: Received message from 0 with length 685
        Message type: ConsensusMessage
23:43:50.547 [Server Comm. System] INFO bftsmart.communication.ServerCommunicationSystem -     Message type: ConsensusMessage
        Sequence number: 0
V2VNativeBridge2: Sending message to -1 with length 685
[JNI] nativeSendMessage: 2 -> -1
[JNI] Sending 685 bytes (2->-1)
[DEBUG V2VProxy 2] Queue has space - adding message
[JNI] Message queued successfully
        Payload size: 172 bytes
[V2V Layer 3] Received message from replica 0 via JNI
23:43:50.547 [Server Comm. System] INFO bftsmart.communication.ServerCommunicationSystem -     From: 0
23:43:50.547 [Server Comm. System] INFO bftsmart.communication.ServerCommunicationSystem -     Message count: 1
V2VNativeBridge7: Sending message to -1 with length 685
[JNI] nativeSendMessage: 7 -> -1
23:43:50.547 [Server Comm. System] DEBUG bftsmart.communication.ServerCommunicationSystem - <-- receiving, msg:type=WRITE, number=0, epoch=0, from=0
[JNI] Sending 685 bytes (7->-1)
[DEBUG V2VProxy 7] Queue has space - adding message
[JNI] Message queued successfully
        [Reliability 5] Sent seq=0 to replica 4
    -> Sending to replica 6 via V2V
23:43:50.547 [Server Comm. System] DEBUG bftsmart.tom.core.ExecutionManager - Received message  type=WRITE, number=0, epoch=0, from=0
23:43:50.547 [Server Comm. System] DEBUG bftsmart.tom.core.ExecutionManager - I'm at consensus 0 and my last consensus is -1
    [Reliability 3] handleIncomingMessage() called
        Type: DATA
        From: 0
        [Reliability 7] Sent seq=0 to replica 3
    -> Sending to replica 4 via V2V
    [Reliability 7] sendReliable() called
        Target: 4
        [Reliability 2] Sent seq=0 to replica 6
    -> Sending to replica 7 via V2V
    [Reliability 2] sendReliable() called
        Target: 7
        Message type: ConsensusMessage
        Message type: ConsensusMessage
        Sequence number: 0
        SeqNum: 1
        Payload size: 172 bytes
    [Reliability 5] sendReliable() called
        Target: 6
        Message type: ConsensusMessage
        Sequence number: 0
V2VNativeBridge7: Sending message to -1 with length 685
23:43:50.548 [Server Comm. System] DEBUG bftsmart.tom.core.ExecutionManager - Message for consensus 0 can be processed
        Payload size: 172 bytes
23:43:50.548 [Server Comm. System] DEBUG bftsmart.consensus.roles.Acceptor - Processing paxos msg with id 0
[JNI] nativeSendMessage: 7 -> -1
[JNI] Sending 685 bytes (7->-1)
[DEBUG V2VProxy 7] Queue has space - adding message
[JNI] Message queued successfully
        [Reliability 7] Sent seq=0 to replica 4
        Expected seq: 1
V2VNativeBridge5: Sending message to -1 with length 685
[JNI] nativeSendMessage: 5 -> -1
[JNI] Sending 685 bytes (5->-1)
[DEBUG V2VProxy 5] Queue has space - adding message
[JNI] Message queued successfully
        Sequence number: 0
        [Reliability 5] Sent seq=0 to replica 6
        Payload size: 172 bytes
        -> IN ORDER, delivering immediately
V2VNativeBridge2: Sending message to -1 with length 685
[JNI] nativeSendMessage: 2 -> -1
[JNI] Sending 685 bytes (2->-1)
[DEBUG V2VProxy 2] Queue has space - adding message
[JNI] Message queued successfully
    -> Sending to replica 5 via V2V
    [Reliability 7] sendReliable() called
        Target: 5
23:43:50.548 [Server Comm. System] DEBUG bftsmart.consensus.roles.Acceptor - WRITE received from:0, for consensus cId:0
        Message type: ConsensusMessage
23:43:50.548 [Server Comm. System] DEBUG bftsmart.consensus.roles.Acceptor - I have 2, WRITE's for cId:0, Epoch timestamp:0,
[Acceptor 6] computeWrite: cId=0, writeAccepted=2, quorum=5
        Sequence number: 0
        Payload size: 172 bytes
        [Reliability 2] Sent seq=0 to replica 7
V2VNativeBridge7: Sending message to -1 with length 685
[JNI] nativeSendMessage: 7 -> -1
    [Reliability 3] deliverMessage() - deserializing payload
[JNI] Sending 685 bytes (7->-1)
[DEBUG V2VProxy 7] Queue has space - adding message
[JNI] Message queued successfully
        [Reliability 7] Sent seq=0 to replica 5
    -> Sending to replica 6 via V2V
    [Reliability 7] sendReliable() called
        Target: 6
        Message type: ConsensusMessage
        Sequence number: 0
    -> Sending to replica 7 via V2V
        Deserialized: ConsensusMessage
        DEBUG: envelope.fromReplicaId=0, message.getSender()=0
=== [V2V Layer 3] DELIVER to BFT-SMaRt ===
    Message type: ConsensusMessage
    From replica: 0
    InQueue size before: 0
        Payload size: 172 bytes
=== [V2V Layer 2] SEND complete ===
V2VNativeBridge7: Sending message to -1 with length 685
[JNI] nativeSendMessage: 7 -> -1
[JNI] Sending 685 bytes (7->-1)
[DEBUG V2VProxy 7] Queue has space - adding message
[JNI] Message queued successfully
        [Reliability 7] Sent seq=0 to replica 6
=== [V2V Layer 7] SEND complete ===
23:43:50.548 [Server Comm. System] INFO bftsmart.communication.ServerCommunicationSystem - === Message processed ===
    InQueue size after: 1
=== [V2V Layer 3] DELIVER successful ===
    [Reliability 5] sendReliable() called
        Target: 7[V2VProxy 2] *** RECEIVED V2V message #4 from=0 to=-1 (broadcast=YES) at t=3.660340043366

        Message type: ConsensusMessage
        Sequence number: 0
23:43:50.549 [Server Comm. System] INFO bftsmart.communication.ServerCommunicationSystem - === ServerCommunicationSystem RECEIVED message ===
        Payload size: 172 bytes
23:43:50.549 [Server Comm. System] INFO bftsmart.communication.ServerCommunicationSystem - === ServerCommunicationSystem.send() complete ===
V2VNativeBridge2: Received message from 0 with length 685
[V2V Layer 2] Received message from replica 0 via JNI
23:43:50.549 [Server Comm. System] INFO bftsmart.communication.ServerCommunicationSystem - === ServerCommunicationSystem.send() complete ===
V2VNativeBridge5: Sending message to -1 with length 685
[JNI] nativeSendMessage: 5 -> -1
[JNI] Sending 685 bytes (5->-1)
[DEBUG V2VProxy 5] Queue has space - adding message
[JNI] Message queued successfully
        [Reliability 5] Sent seq=0 to replica 7
    [Reliability 2] handleIncomingMessage() called
        Type: DATA
        From: 0
        SeqNum: 1
        Expected seq: 1
23:43:50.550 [Server Comm. System] INFO bftsmart.communication.ServerCommunicationSystem -     Message type: ConsensusMessage
        -> IN ORDER, delivering immediately
    [Reliability 2] deliverMessage() - deserializing payload
=== [V2V Layer 5] SEND complete ===
        Deserialized: ConsensusMessage
        DEBUG: envelope.fromReplicaId=0, message.getSender()=0
=== [V2V Layer 2] DELIVER to BFT-SMaRt ===
    Message type: ConsensusMessage
    From replica: 0
    InQueue size before: 0
23:43:50.550 [Server Comm. System] INFO bftsmart.communication.ServerCommunicationSystem -     From: 0
    InQueue size after: 1
=== [V2V Layer 2] DELIVER successful ===
23:43:50.550 [Server Comm. System] INFO bftsmart.communication.ServerCommunicationSystem -     Message count: 1
[V2VProxy 4] *** RECEIVED V2V message #4 from=0 to=-1 (broadcast=YES) at t=3.660340049959
V2VNativeBridge4: Received message from 0 with length 685
[V2V Layer 4] Received message from replica 0 via JNI
23:43:50.550 [Server Comm. System] DEBUG bftsmart.communication.ServerCommunicationSystem - <-- receiving, msg:type=WRITE, number=0, epoch=0, from=0
23:43:50.550 [Server Comm. System] DEBUG bftsmart.consensus.roles.Acceptor - I have 1, WRITE's for cId:0, Epoch timestamp:0,
23:43:50.550 [Server Comm. System] DEBUG bftsmart.tom.core.ExecutionManager - Received message  type=WRITE, number=0, epoch=0, from=0
23:43:50.550 [Server Comm. System] DEBUG bftsmart.tom.core.ExecutionManager - I'm at consensus 0 and my last consensus is -1
23:43:50.550 [Server Comm. System] DEBUG bftsmart.tom.core.ExecutionManager - Message for consensus 0 can be processed
23:43:50.550 [Server Comm. System] DEBUG bftsmart.consensus.roles.Acceptor - Processing paxos msg with id 0
23:43:50.550 [Server Comm. System] DEBUG bftsmart.consensus.roles.Acceptor - WRITE received from:0, for consensus cId:0
23:43:50.550 [Server Comm. System] DEBUG bftsmart.consensus.roles.Acceptor - I have 1, WRITE's for cId:0, Epoch timestamp:0,
[Acceptor 7] computeWrite: cId=0, writeAccepted=1, quorum=5
[MessageFactory] Creating ACCEPT message: from=7, id=0, epoch=0
23:43:50.550 [Server Comm. System] DEBUG bftsmart.consensus.roles.Acceptor - I have 2, WRITE's for cId:0, Epoch timestamp:0,
[Acceptor 3] computeWrite: cId=0, writeAccepted=2, quorum=5
[Acceptor 2] computeWrite: cId=0, writeAccepted=1, quorum=5
[MessageFactory] Creating ACCEPT message: from=2, id=0, epoch=0
23:43:50.550 [Server Comm. System] INFO bftsmart.communication.ServerCommunicationSystem - === Message processed ===
23:43:50.550 [Server Comm. System] INFO bftsmart.communication.ServerCommunicationSystem - === ServerCommunicationSystem.send() complete ===
23:43:50.550 [Server Comm. System] DEBUG bftsmart.consensus.roles.Acceptor - I have 1, WRITE's for cId:0, Epoch timestamp:0,
[Acceptor 5] computeWrite: cId=0, writeAccepted=1, quorum=5
[MessageFactory] Creating ACCEPT message: from=5, id=0, epoch=0
    [Reliability 4] handleIncomingMessage() called
        Type: DATA
        From: 0
        SeqNum: 1
        Expected seq: 1
        -> IN ORDER, delivering immediately
    [Reliability 4] deliverMessage() - deserializing payload
        Deserialized: ConsensusMessage
        DEBUG: envelope.fromReplicaId=0, message.getSender()=0
=== [V2V Layer 4] DELIVER to BFT-SMaRt ===
    Message type: ConsensusMessage
    From replica: 0
    InQueue size before: 0
    InQueue size after: 1
=== [V2V Layer 4] DELIVER successful ===
[V2VProxy 7] *** RECEIVED V2V message #4 from=0 to=-1 (broadcast=YES) at t=3.660340061386
23:43:50.551 [Server Comm. System] DEBUG bftsmart.consensus.roles.Acceptor - WRITE computed for cId:0, I am:7
V2VNativeBridge7: Received message from 0 with length 685
[V2V Layer 7] Received message from replica 0 via JNI
23:43:50.551 [Server Comm. System] INFO bftsmart.communication.ServerCommunicationSystem - === Message processed ===
23:43:50.551 [Server Comm. System] INFO bftsmart.communication.ServerCommunicationSystem - === ServerCommunicationSystem RECEIVED message ===
23:43:50.551 [Server Comm. System] INFO bftsmart.communication.ServerCommunicationSystem -     Message type: ConsensusMessage
23:43:50.551 [Server Comm. System] INFO bftsmart.communication.ServerCommunicationSystem -     From: 0
23:43:50.551 [Server Comm. System] INFO bftsmart.communication.ServerCommunicationSystem -     Message count: 1
23:43:50.551 [Server Comm. System] DEBUG bftsmart.communication.ServerCommunicationSystem - <-- receiving, msg:type=WRITE, number=0, epoch=0, from=0
23:43:50.551 [Server Comm. System] DEBUG bftsmart.tom.core.ExecutionManager - Received message  type=WRITE, number=0, epoch=0, from=0
23:43:50.551 [Server Comm. System] DEBUG bftsmart.tom.core.ExecutionManager - I'm at consensus 0 and my last consensus is -1
23:43:50.551 [Server Comm. System] DEBUG bftsmart.tom.core.ExecutionManager - Message for consensus 0 can be processed
23:43:50.551 [Server Comm. System] DEBUG bftsmart.consensus.roles.Acceptor - Processing paxos msg with id 0
23:43:50.551 [Server Comm. System] DEBUG bftsmart.consensus.roles.Acceptor - WRITE received from:0, for consensus cId:0
23:43:50.551 [Server Comm. System] DEBUG bftsmart.consensus.roles.Acceptor - I have 2, WRITE's for cId:0, Epoch timestamp:0,
[Acceptor 4] computeWrite: cId=0, writeAccepted=2, quorum=5
23:43:50.551 [Server Comm. System] INFO bftsmart.communication.ServerCommunicationSystem - === Message processed ===
23:43:50.551 [pool-13-thread-1] DEBUG bftsmart.consensus.roles.Acceptor - Creating cryptographic proof for speculative ACCEPT message from consensus 0
    [Reliability 7] handleIncomingMessage() called
        Type: DATA
        From: 0
        SeqNum: 1
23:43:50.551 [Server Comm. System] DEBUG bftsmart.consensus.roles.Acceptor - WRITE computed for cId:0, I am:5
        Expected seq: 1
23:43:50.551 [Server Comm. System] INFO bftsmart.communication.ServerCommunicationSystem - === Message processed ===
        -> IN ORDER, delivering immediately
    [Reliability 7] deliverMessage() - deserializing payload
        Deserialized: ConsensusMessage
        DEBUG: envelope.fromReplicaId=0, message.getSender()=0
=== [V2V Layer 7] DELIVER to BFT-SMaRt ===
    Message type: ConsensusMessage
    From replica: 0
    InQueue size before: 0
    InQueue size after: 1
=== [V2V Layer 7] DELIVER successful ===
23:43:50.551 [Server Comm. System] INFO bftsmart.communication.ServerCommunicationSystem - === ServerCommunicationSystem RECEIVED message ===
[V2VProxy 1] *** RECEIVED V2V message #4 from=0 to=-1 (broadcast=YES) at t=3.660340063319
V2VNativeBridge1: Received message from 0 with length 685
[V2V Layer 1] Received message from replica 0 via JNI
23:43:50.551 [Server Comm. System] INFO bftsmart.communication.ServerCommunicationSystem -     Message type: ConsensusMessage
23:43:50.551 [Server Comm. System] DEBUG bftsmart.consensus.roles.Acceptor - WRITE computed for cId:0, I am:2
23:43:50.551 [Server Comm. System] INFO bftsmart.communication.ServerCommunicationSystem - === Message processed ===
23:43:50.551 [Server Comm. System] INFO bftsmart.communication.ServerCommunicationSystem - === ServerCommunicationSystem RECEIVED message ===
23:43:50.551 [Server Comm. System] INFO bftsmart.communication.ServerCommunicationSystem -     From: 0
23:43:50.551 [pool-9-thread-1] DEBUG bftsmart.consensus.roles.Acceptor - Creating cryptographic proof for speculative ACCEPT message from consensus 0
23:43:50.551 [Server Comm. System] INFO bftsmart.communication.ServerCommunicationSystem -     Message count: 1
23:43:50.551 [Server Comm. System] DEBUG bftsmart.communication.ServerCommunicationSystem - <-- receiving, msg:type=WRITE, number=0, epoch=0, from=0
23:43:50.551 [Server Comm. System] DEBUG bftsmart.tom.core.ExecutionManager - Received message  type=WRITE, number=0, epoch=0, from=0
23:43:50.551 [Server Comm. System] DEBUG bftsmart.tom.core.ExecutionManager - I'm at consensus 0 and my last consensus is -1
23:43:50.551 [Server Comm. System] INFO bftsmart.communication.ServerCommunicationSystem -     Message type: ConsensusMessage
23:43:50.551 [Server Comm. System] DEBUG bftsmart.tom.core.ExecutionManager - Message for consensus 0 can be processed
23:43:50.551 [Server Comm. System] INFO bftsmart.communication.ServerCommunicationSystem -     From: 0
    [Reliability 1] handleIncomingMessage() called
        Type: DATA
        From: 0
        SeqNum: 1
23:43:50.551 [Server Comm. System] DEBUG bftsmart.consensus.roles.Acceptor - Processing paxos msg with id 0
        Expected seq: 1
        -> IN ORDER, delivering immediately
    [Reliability 1] deliverMessage() - deserializing payload
23:43:50.552 [Server Comm. System] INFO bftsmart.communication.ServerCommunicationSystem -     Message count: 1
23:43:50.552 [Server Comm. System] DEBUG bftsmart.communication.ServerCommunicationSystem - <-- receiving, msg:type=WRITE, number=0, epoch=0, from=0
23:43:50.552 [Server Comm. System] DEBUG bftsmart.tom.core.ExecutionManager - Received message  type=WRITE, number=0, epoch=0, from=0
23:43:50.552 [Server Comm. System] DEBUG bftsmart.tom.core.ExecutionManager - I'm at consensus 0 and my last consensus is -1
23:43:50.552 [pool-15-thread-1] DEBUG bftsmart.consensus.roles.Acceptor - Creating cryptographic proof for speculative ACCEPT message from consensus 0
23:43:50.552 [Server Comm. System] DEBUG bftsmart.tom.core.ExecutionManager - Message for consensus 0 can be processed
23:43:50.552 [Server Comm. System] DEBUG bftsmart.consensus.roles.Acceptor - WRITE received from:0, for consensus cId:0
23:43:50.552 [Server Comm. System] DEBUG bftsmart.consensus.roles.Acceptor - Processing paxos msg with id 0
23:43:50.552 [Server Comm. System] DEBUG bftsmart.consensus.roles.Acceptor - WRITE received from:0, for consensus cId:0
23:43:50.552 [Server Comm. System] DEBUG bftsmart.consensus.roles.Acceptor - I have 2, WRITE's for cId:0, Epoch timestamp:0,
[Acceptor 2] computeWrite: cId=0, writeAccepted=2, quorum=5
23:43:50.552 [Server Comm. System] INFO bftsmart.communication.ServerCommunicationSystem - === Message processed ===
23:43:50.552 [Server Comm. System] DEBUG bftsmart.consensus.roles.Acceptor - I have 2, WRITE's for cId:0, Epoch timestamp:0,
[Acceptor 7] computeWrite: cId=0, writeAccepted=2, quorum=5
        Deserialized: ConsensusMessage
23:43:50.552 [Server Comm. System] INFO bftsmart.communication.ServerCommunicationSystem - === Message processed ===
        DEBUG: envelope.fromReplicaId=0, message.getSender()=0
=== [V2V Layer 1] DELIVER to BFT-SMaRt ===
    Message type: ConsensusMessage
    From replica: 0
    InQueue size before: 0
    InQueue size after: 1
=== [V2V Layer 1] DELIVER successful ===
[V2VProxy 5] *** RECEIVED V2V message #4 from=0 to=-1 (broadcast=YES) at t=3.660340078721
23:43:50.552 [Server Comm. System] INFO bftsmart.communication.ServerCommunicationSystem - === ServerCommunicationSystem RECEIVED message ===
23:43:50.552 [Server Comm. System] INFO bftsmart.communication.ServerCommunicationSystem -     Message type: ConsensusMessage
23:43:50.552 [Server Comm. System] INFO bftsmart.communication.ServerCommunicationSystem -     From: 0
23:43:50.552 [Server Comm. System] INFO bftsmart.communication.ServerCommunicationSystem -     Message count: 1
V2VNativeBridge5: Received message from 0 with length 685
[V2V Layer 5] Received message from replica 0 via JNI
23:43:50.552 [Server Comm. System] DEBUG bftsmart.communication.ServerCommunicationSystem - <-- receiving, msg:type=WRITE, number=0, epoch=0, from=0
23:43:50.552 [Server Comm. System] DEBUG bftsmart.tom.core.ExecutionManager - Received message  type=WRITE, number=0, epoch=0, from=0
23:43:50.552 [Server Comm. System] DEBUG bftsmart.tom.core.ExecutionManager - I'm at consensus 0 and my last consensus is -1
23:43:50.552 [Server Comm. System] DEBUG bftsmart.tom.core.ExecutionManager - Message for consensus 0 can be processed
23:43:50.552 [Server Comm. System] DEBUG bftsmart.consensus.roles.Acceptor - Processing paxos msg with id 0
23:43:50.552 [Server Comm. System] DEBUG bftsmart.consensus.roles.Acceptor - WRITE received from:0, for consensus cId:0
23:43:50.552 [Server Comm. System] DEBUG bftsmart.consensus.roles.Acceptor - I have 2, WRITE's for cId:0, Epoch timestamp:0,
[Acceptor 1] computeWrite: cId=0, writeAccepted=2, quorum=5
23:43:50.552 [Server Comm. System] INFO bftsmart.communication.ServerCommunicationSystem - === Message processed ===
    [Reliability 5] handleIncomingMessage() called
        Type: DATA
        From: 0
        SeqNum: 1
        Expected seq: 1
        -> IN ORDER, delivering immediately
    [Reliability 5] deliverMessage() - deserializing payload
        Deserialized: ConsensusMessage
        DEBUG: envelope.fromReplicaId=0, message.getSender()=0
=== [V2V Layer 5] DELIVER to BFT-SMaRt ===
    Message type: ConsensusMessage
    From replica: 0
    InQueue size before: 0
    InQueue size after: 1
=== [V2V Layer 5] DELIVER successful ===
23:43:50.553 [Server Comm. System] INFO bftsmart.communication.ServerCommunicationSystem - === ServerCommunicationSystem RECEIVED message ===
23:43:50.553 [Server Comm. System] INFO bftsmart.communication.ServerCommunicationSystem -     Message type: ConsensusMessage
[V2VProxy 6] *** RECEIVED V2V message #5 from=0 to=-1 (broadcast=YES) at t=3.662300017703
23:43:50.553 [Server Comm. System] INFO bftsmart.communication.ServerCommunicationSystem -     From: 0
V2VNativeBridge6: Received message from 0 with length 1028
[V2V Layer 6] Received message from replica 0 via JNI
23:43:50.553 [Server Comm. System] INFO bftsmart.communication.ServerCommunicationSystem -     Message count: 1
23:43:50.553 [Server Comm. System] DEBUG bftsmart.communication.ServerCommunicationSystem - <-- receiving, msg:type=WRITE, number=0, epoch=0, from=0
23:43:50.553 [Server Comm. System] DEBUG bftsmart.tom.core.ExecutionManager - Received message  type=WRITE, number=0, epoch=0, from=0
23:43:50.553 [Server Comm. System] DEBUG bftsmart.tom.core.ExecutionManager - I'm at consensus 0 and my last consensus is -1
23:43:50.553 [Server Comm. System] DEBUG bftsmart.tom.core.ExecutionManager - Message for consensus 0 can be processed
23:43:50.553 [Server Comm. System] DEBUG bftsmart.consensus.roles.Acceptor - Processing paxos msg with id 0
23:43:50.553 [Server Comm. System] DEBUG bftsmart.consensus.roles.Acceptor - WRITE received from:0, for consensus cId:0
23:43:50.553 [Server Comm. System] DEBUG bftsmart.consensus.roles.Acceptor - I have 2, WRITE's for cId:0, Epoch timestamp:0,
[Acceptor 5] computeWrite: cId=0, writeAccepted=2, quorum=5
23:43:50.553 [Server Comm. System] INFO bftsmart.communication.ServerCommunicationSystem - === Message processed ===
    [Reliability 6] handleIncomingMessage() called
        Type: DATA
        From: 0
        SeqNum: 0
        Expected seq: 2
        -> DUPLICATE (seq < expected), ignoring
[V2VProxy 3] *** RECEIVED V2V message #5 from=0 to=-1 (broadcast=YES) at t=3.662300025526
V2VNativeBridge3: Received message from 0 with length 1028
[V2V Layer 3] Received message from replica 0 via JNI
    [Reliability 3] handleIncomingMessage() called
        Type: DATA
        From: 0
        SeqNum: 0
        Expected seq: 2
        -> DUPLICATE (seq < expected), ignoring
[V2VProxy 2] *** RECEIVED V2V message #5 from=0 to=-1 (broadcast=YES) at t=3.662300043366
V2VNativeBridge2: Received message from 0 with length 1028
[V2V Layer 2] Received message from replica 0 via JNI
    [Reliability 2] handleIncomingMessage() called
        Type: DATA
        From: 0
        SeqNum: 0
        Expected seq: 2
        -> DUPLICATE (seq < expected), ignoring
[V2VProxy 4] *** RECEIVED V2V message #5 from=0 to=-1 (broadcast=YES) at t=3.662300049959
V2VNativeBridge4: Received message from 0 with length 1028
[V2V Layer 4] Received message from replica 0 via JNI
    [Reliability 4] handleIncomingMessage() called
        Type: DATA
        From: 0
        SeqNum: 0
        Expected seq: 2
        -> DUPLICATE (seq < expected), ignoring
[V2VProxy 7] *** RECEIVED V2V message #5 from=0 to=-1 (broadcast=YES) at t=3.662300061386
V2VNativeBridge7: Received message from 0 with length 1028
[V2V Layer 7] Received message from replica 0 via JNI
    [Reliability 7] handleIncomingMessage() called
        Type: DATA
        From: 0
        SeqNum: 0
        Expected seq: 2
        -> DUPLICATE (seq < expected), ignoring
[V2VProxy 1] *** RECEIVED V2V message #5 from=0 to=-1 (broadcast=YES) at t=3.662300063319
V2VNativeBridge1: Received message from 0 with length 1028
[V2V Layer 1] Received message from replica 0 via JNI
    [Reliability 1] handleIncomingMessage() called
        Type: DATA
        From: 0
        SeqNum: 0
        Expected seq: 2
        -> DUPLICATE (seq < expected), ignoring
[V2VProxy 5] *** RECEIVED V2V message #5 from=0 to=-1 (broadcast=YES) at t=3.662300078721
V2VNativeBridge5: Received message from 0 with length 1028
[V2V Layer 5] Received message from replica 0 via JNI
    [Reliability 5] handleIncomingMessage() called
        Type: DATA
        From: 0
        SeqNum: 0
        Expected seq: 2
        -> DUPLICATE (seq < expected), ignoring
[V2VProxy 6] *** RECEIVED V2V message #6 from=0 to=-1 (broadcast=YES) at t=3.663665017703
V2VNativeBridge6: Received message from 0 with length 685
[V2V Layer 6] Received message from replica 0 via JNI
    [Reliability 6] handleIncomingMessage() called
        Type: DATA
        From: 0
        SeqNum: 1
        Expected seq: 2
        -> DUPLICATE (seq < expected), ignoring
[V2VProxy 3] *** RECEIVED V2V message #6 from=0 to=-1 (broadcast=YES) at t=3.663665025526
V2VNativeBridge3: Received message from 0 with length 685
[V2V Layer 3] Received message from replica 0 via JNI
    [Reliability 3] handleIncomingMessage() called
        Type: DATA
        From: 0
        SeqNum: 1
        Expected seq: 2
        -> DUPLICATE (seq < expected), ignoring
[V2VProxy 2] *** RECEIVED V2V message #6 from=0 to=-1 (broadcast=YES) at t=3.663665043366
V2VNativeBridge2: Received message from 0 with length 685
[V2V Layer 2] Received message from replica 0 via JNI
    [Reliability 2] handleIncomingMessage() called
        Type: DATA
        From: 0
        SeqNum: 1
        Expected seq: 2
        -> DUPLICATE (seq < expected), ignoring
[V2VProxy 4] *** RECEIVED V2V message #6 from=0 to=-1 (broadcast=YES) at t=3.663665049959
V2VNativeBridge4: Received message from 0 with length 685
[V2V Layer 4] Received message from replica 0 via JNI
    [Reliability 4] handleIncomingMessage() called
        Type: DATA
        From: 0
        SeqNum: 1
        Expected seq: 2
        -> DUPLICATE (seq < expected), ignoring
[V2VProxy 7] *** RECEIVED V2V message #6 from=0 to=-1 (broadcast=YES) at t=3.663665061386
V2VNativeBridge7: Received message from 0 with length 685
[V2V Layer 7] Received message from replica 0 via JNI
    [Reliability 7] handleIncomingMessage() called
        Type: DATA
        From: 0
        SeqNum: 1
        Expected seq: 2
        -> DUPLICATE (seq < expected), ignoring
[V2VProxy 1] *** RECEIVED V2V message #6 from=0 to=-1 (broadcast=YES) at t=3.663665063319
V2VNativeBridge1: Received message from 0 with length 685
[V2V Layer 1] Received message from replica 0 via JNI
    [Reliability 1] handleIncomingMessage() called
        Type: DATA
        From: 0
        SeqNum: 1
        Expected seq: 2
        -> DUPLICATE (seq < expected), ignoring
[V2VProxy 5] *** RECEIVED V2V message #6 from=0 to=-1 (broadcast=YES) at t=3.663665078721
V2VNativeBridge5: Received message from 0 with length 685
[V2V Layer 5] Received message from replica 0 via JNI
    [Reliability 5] handleIncomingMessage() called
        Type: DATA
        From: 0
        SeqNum: 1
        Expected seq: 2
        -> DUPLICATE (seq < expected), ignoring
[V2VProxy 6] *** RECEIVED V2V message #7 from=0 to=-1 (broadcast=YES) at t=3.665004017703
V2VNativeBridge6: Received message from 0 with length 685
[V2V Layer 6] Received message from replica 0 via JNI
    [Reliability 6] handleIncomingMessage() called
        Type: DATA
        From: 0
        SeqNum: 1
        Expected seq: 2
        -> DUPLICATE (seq < expected), ignoring
[V2VProxy 3] *** RECEIVED V2V message #7 from=0 to=-1 (broadcast=YES) at t=3.665004025526
V2VNativeBridge3: Received message from 0 with length 685
[V2V Layer 3] Received message from replica 0 via JNI
    [Reliability 3] handleIncomingMessage() called
        Type: DATA
        From: 0
        SeqNum: 1
        Expected seq: 2
        -> DUPLICATE (seq < expected), ignoring
[V2VProxy 2] *** RECEIVED V2V message #7 from=0 to=-1 (broadcast=YES) at t=3.665004043366
V2VNativeBridge2: Received message from 0 with length 685
[V2V Layer 2] Received message from replica 0 via JNI
    [Reliability 2] handleIncomingMessage() called
        Type: DATA
        From: 0
        SeqNum: 1
        Expected seq: 2
        -> DUPLICATE (seq < expected), ignoring
[V2VProxy 4] *** RECEIVED V2V message #7 from=0 to=-1 (broadcast=YES) at t=3.665004049959
V2VNativeBridge4: Received message from 0 with length 685
[V2V Layer 4] Received message from replica 0 via JNI
    [Reliability 4] handleIncomingMessage() called
        Type: DATA
        From: 0
        SeqNum: 1
        Expected seq: 2
        -> DUPLICATE (seq < expected), ignoring
[V2VProxy 7] *** RECEIVED V2V message #7 from=0 to=-1 (broadcast=YES) at t=3.665004061386
V2VNativeBridge7: Received message from 0 with length 685
[V2V Layer 7] Received message from replica 0 via JNI
    [Reliability 7] handleIncomingMessage() called
        Type: DATA
        From: 0
        SeqNum: 1
        Expected seq: 2
        -> DUPLICATE (seq < expected), ignoring
[V2VProxy 1] *** RECEIVED V2V message #7 from=0 to=-1 (broadcast=YES) at t=3.665004063319
V2VNativeBridge1: Received message from 0 with length 685
[V2V Layer 1] Received message from replica 0 via JNI
    [Reliability 1] handleIncomingMessage() called
        Type: DATA
        From: 0
        SeqNum: 1
        Expected seq: 2
        -> DUPLICATE (seq < expected), ignoring
[V2VProxy 5] *** RECEIVED V2V message #7 from=0 to=-1 (broadcast=YES) at t=3.665004078721
V2VNativeBridge5: Received message from 0 with length 685
[V2V Layer 5] Received message from replica 0 via JNI
    [Reliability 5] handleIncomingMessage() called
        Type: DATA
        From: 0
        SeqNum: 1
        Expected seq: 2
        -> DUPLICATE (seq < expected), ignoring
[V2VProxy 6] *** RECEIVED V2V message #8 from=0 to=-1 (broadcast=YES) at t=3.666990017703
V2VNativeBridge6: Received message from 0 with length 1028
[V2V Layer 6] Received message from replica 0 via JNI
    [Reliability 6] handleIncomingMessage() called
        Type: DATA
        From: 0
        SeqNum: 0
        Expected seq: 2
        -> DUPLICATE (seq < expected), ignoring
[V2VProxy 3] *** RECEIVED V2V message #8 from=0 to=-1 (broadcast=YES) at t=3.666990025526
V2VNativeBridge3: Received message from 0 with length 1028
[V2V Layer 3] Received message from replica 0 via JNI
    [Reliability 3] handleIncomingMessage() called
        Type: DATA
        From: 0
        SeqNum: 0
        Expected seq: 2
        -> DUPLICATE (seq < expected), ignoring
[V2VProxy 2] *** RECEIVED V2V message #8 from=0 to=-1 (broadcast=YES) at t=3.666990043366
V2VNativeBridge2: Received message from 0 with length 1028
[V2V Layer 2] Received message from replica 0 via JNI
    [Reliability 2] handleIncomingMessage() called
        Type: DATA
        From: 0
        SeqNum: 0
        Expected seq: 2
        -> DUPLICATE (seq < expected), ignoring
[V2VProxy 4] *** RECEIVED V2V message #8 from=0 to=-1 (broadcast=YES) at t=3.666990049959
V2VNativeBridge4: Received message from 0 with length 1028
[V2V Layer 4] Received message from replica 0 via JNI
    [Reliability 4] handleIncomingMessage() called
        Type: DATA
        From: 0
        SeqNum: 0
        Expected seq: 2
        -> DUPLICATE (seq < expected), ignoring
[V2VProxy 7] *** RECEIVED V2V message #8 from=0 to=-1 (broadcast=YES) at t=3.666990061386
V2VNativeBridge7: Received message from 0 with length 1028
[V2V Layer 7] Received message from replica 0 via JNI
    [Reliability 7] handleIncomingMessage() called
        Type: DATA
        From: 0
        SeqNum: 0
        Expected seq: 2
        -> DUPLICATE (seq < expected), ignoring
[V2VProxy 1] *** RECEIVED V2V message #8 from=0 to=-1 (broadcast=YES) at t=3.666990063319
V2VNativeBridge1: Received message from 0 with length 1028
[V2V Layer 1] Received message from replica 0 via JNI
    [Reliability 1] handleIncomingMessage() called
        Type: DATA
        From: 0
        SeqNum: 0
        Expected seq: 2
        -> DUPLICATE (seq < expected), ignoring
[V2VProxy 5] *** RECEIVED V2V message #8 from=0 to=-1 (broadcast=YES) at t=3.666990078721
V2VNativeBridge5: Received message from 0 with length 1028
[V2V Layer 5] Received message from replica 0 via JNI
    [Reliability 5] handleIncomingMessage() called
        Type: DATA
        From: 0
        SeqNum: 0
        Expected seq: 2
        -> DUPLICATE (seq < expected), ignoring
[V2VProxy 6] *** RECEIVED V2V message #9 from=0 to=-1 (broadcast=YES) at t=3.668963017703
V2VNativeBridge6: Received message from 0 with length 1028
[V2V Layer 6] Received message from replica 0 via JNI
    [Reliability 6] handleIncomingMessage() called
        Type: DATA
        From: 0
        SeqNum: 0
        Expected seq: 2
        -> DUPLICATE (seq < expected), ignoring
[V2VProxy 3] *** RECEIVED V2V message #9 from=0 to=-1 (broadcast=YES) at t=3.668963025526
V2VNativeBridge3: Received message from 0 with length 1028
[V2V Layer 3] Received message from replica 0 via JNI
    [Reliability 3] handleIncomingMessage() called
        Type: DATA
        From: 0
        SeqNum: 0
        Expected seq: 2
        -> DUPLICATE (seq < expected), ignoring
[V2VProxy 2] *** RECEIVED V2V message #9 from=0 to=-1 (broadcast=YES) at t=3.668963043366
V2VNativeBridge2: Received message from 0 with length 1028
[V2V Layer 2] Received message from replica 0 via JNI
    [Reliability 2] handleIncomingMessage() called
        Type: DATA
        From: 0
        SeqNum: 0
        Expected seq: 2
        -> DUPLICATE (seq < expected), ignoring
[V2VProxy 4] *** RECEIVED V2V message #9 from=0 to=-1 (broadcast=YES) at t=3.668963049959
V2VNativeBridge4: Received message from 0 with length 1028
[V2V Layer 4] Received message from replica 0 via JNI
    [Reliability 4] handleIncomingMessage() called
        Type: DATA
        From: 0
        SeqNum: 0
        Expected seq: 2
        -> DUPLICATE (seq < expected), ignoring
[V2VProxy 7] *** RECEIVED V2V message #9 from=0 to=-1 (broadcast=YES) at t=3.668963061386
V2VNativeBridge7: Received message from 0 with length 1028
[V2V Layer 7] Received message from replica 0 via JNI
    [Reliability 7] handleIncomingMessage() called
        Type: DATA
        From: 0
        SeqNum: 0
        Expected seq: 2
        -> DUPLICATE (seq < expected), ignoring
[V2VProxy 1] *** RECEIVED V2V message #9 from=0 to=-1 (broadcast=YES) at t=3.668963063319
V2VNativeBridge1: Received message from 0 with length 1028
[V2V Layer 1] Received message from replica 0 via JNI
    [Reliability 1] handleIncomingMessage() called
        Type: DATA
        From: 0
        SeqNum: 0
        Expected seq: 2
        -> DUPLICATE (seq < expected), ignoring
[V2VProxy 5] *** RECEIVED V2V message #9 from=0 to=-1 (broadcast=YES) at t=3.668963078721
V2VNativeBridge5: Received message from 0 with length 1028
[V2V Layer 5] Received message from replica 0 via JNI
    [Reliability 5] handleIncomingMessage() called
        Type: DATA
        From: 0
        SeqNum: 0
        Expected seq: 2
        -> DUPLICATE (seq < expected), ignoring
[V2VProxy 6] *** RECEIVED V2V message #10 from=0 to=-1 (broadcast=YES) at t=3.670923017703
V2VNativeBridge6: Received message from 0 with length 1028
[V2V Layer 6] Received message from replica 0 via JNI
    [Reliability 6] handleIncomingMessage() called
        Type: DATA
        From: 0
        SeqNum: 0
        Expected seq: 2
        -> DUPLICATE (seq < expected), ignoring
[V2VProxy 3] *** RECEIVED V2V message #10 from=0 to=-1 (broadcast=YES) at t=3.670923025526
V2VNativeBridge3: Received message from 0 with length 1028
[V2V Layer 3] Received message from replica 0 via JNI
    [Reliability 3] handleIncomingMessage() called
        Type: DATA
        From: 0
        SeqNum: 0
        Expected seq: 2
        -> DUPLICATE (seq < expected), ignoring
[V2VProxy 2] *** RECEIVED V2V message #10 from=0 to=-1 (broadcast=YES) at t=3.670923043366
V2VNativeBridge2: Received message from 0 with length 1028
[V2V Layer 2] Received message from replica 0 via JNI
    [Reliability 2] handleIncomingMessage() called
        Type: DATA
        From: 0
        SeqNum: 0
        Expected seq: 2
        -> DUPLICATE (seq < expected), ignoring
[V2VProxy 4] *** RECEIVED V2V message #10 from=0 to=-1 (broadcast=YES) at t=3.670923049959
V2VNativeBridge4: Received message from 0 with length 1028
[V2V Layer 4] Received message from replica 0 via JNI
    [Reliability 4] handleIncomingMessage() called
        Type: DATA
        From: 0
        SeqNum: 0
        Expected seq: 2
        -> DUPLICATE (seq < expected), ignoring
[V2VProxy 7] *** RECEIVED V2V message #10 from=0 to=-1 (broadcast=YES) at t=3.670923061386
V2VNativeBridge7: Received message from 0 with length 1028
[V2V Layer 7] Received message from replica 0 via JNI
    [Reliability 7] handleIncomingMessage() called
        Type: DATA
        From: 0
        SeqNum: 0
        Expected seq: 2
        -> DUPLICATE (seq < expected), ignoring
[V2VProxy 1] *** RECEIVED V2V message #10 from=0 to=-1 (broadcast=YES) at t=3.670923063319
V2VNativeBridge1: Received message from 0 with length 1028
[V2V Layer 1] Received message from replica 0 via JNI
    [Reliability 1] handleIncomingMessage() called
        Type: DATA
        From: 0
        SeqNum: 0
        Expected seq: 2
        -> DUPLICATE (seq < expected), ignoring
[V2VProxy 5] *** RECEIVED V2V message #10 from=0 to=-1 (broadcast=YES) at t=3.670923078721
V2VNativeBridge5: Received message from 0 with length 1028
[V2V Layer 5] Received message from replica 0 via JNI
    [Reliability 5] handleIncomingMessage() called
        Type: DATA
        From: 0
        SeqNum: 0
        Expected seq: 2
        -> DUPLICATE (seq < expected), ignoring
[V2VProxy 0] *** SENDING V2V message #11 from=0 to=-1 size=685 bytes at t=3.7
[V2VProxy 0] *** SENDING V2V message #12 from=0 to=-1 size=685 bytes at t=3.7
[V2VProxy 0] *** SENDING V2V message #13 from=0 to=-1 size=685 bytes at t=3.7
[V2VProxy 0] *** SENDING V2V message #14 from=0 to=-1 size=685 bytes at t=3.7
[V2VProxy 1] *** SENDING V2V message #1 from=1 to=-1 size=763 bytes at t=3.7
[V2VProxy 1] *** SENDING V2V message #2 from=1 to=-1 size=685 bytes at t=3.7
[V2VProxy 1] *** SENDING V2V message #3 from=1 to=-1 size=685 bytes at t=3.7
[V2VProxy 1] *** SENDING V2V message #4 from=1 to=-1 size=685 bytes at t=3.7
[V2VProxy 1] *** SENDING V2V message #5 from=1 to=-1 size=685 bytes at t=3.7
[V2VProxy 1] *** SENDING V2V message #6 from=1 to=-1 size=685 bytes at t=3.7
[V2VProxy 1] *** SENDING V2V message #7 from=1 to=-1 size=685 bytes at t=3.7
[V2VProxy 2] *** SENDING V2V message #1 from=2 to=-1 size=763 bytes at t=3.7
[V2VProxy 2] *** SENDING V2V message #2 from=2 to=-1 size=685 bytes at t=3.7
[V2VProxy 2] *** SENDING V2V message #3 from=2 to=-1 size=685 bytes at t=3.7
[V2VProxy 2] *** SENDING V2V message #4 from=2 to=-1 size=685 bytes at t=3.7
[V2VProxy 2] *** SENDING V2V message #5 from=2 to=-1 size=685 bytes at t=3.7
[V2VProxy 2] *** SENDING V2V message #6 from=2 to=-1 size=685 bytes at t=3.7
[V2VProxy 2] *** SENDING V2V message #7 from=2 to=-1 size=685 bytes at t=3.7
[V2VProxy 3] *** SENDING V2V message #1 from=3 to=-1 size=763 bytes at t=3.7
[V2VProxy 3] *** SENDING V2V message #2 from=3 to=-1 size=685 bytes at t=3.7
[V2VProxy 3] *** SENDING V2V message #3 from=3 to=-1 size=685 bytes at t=3.7
[V2VProxy 3] *** SENDING V2V message #4 from=3 to=-1 size=685 bytes at t=3.7
[V2VProxy 3] *** SENDING V2V message #5 from=3 to=-1 size=685 bytes at t=3.7
[V2VProxy 3] *** SENDING V2V message #6 from=3 to=-1 size=685 bytes at t=3.7
[V2VProxy 3] *** SENDING V2V message #7 from=3 to=-1 size=685 bytes at t=3.7
[V2VProxy 4] *** SENDING V2V message #1 from=4 to=-1 size=763 bytes at t=3.7
[V2VProxy 4] *** SENDING V2V message #2 from=4 to=-1 size=685 bytes at t=3.7
[V2VProxy 4] *** SENDING V2V message #3 from=4 to=-1 size=685 bytes at t=3.7
[V2VProxy 4] *** SENDING V2V message #4 from=4 to=-1 size=685 bytes at t=3.7
[V2VProxy 4] *** SENDING V2V message #5 from=4 to=-1 size=685 bytes at t=3.7
[V2VProxy 4] *** SENDING V2V message #6 from=4 to=-1 size=685 bytes at t=3.7
[V2VProxy 4] *** SENDING V2V message #7 from=4 to=-1 size=685 bytes at t=3.7
[V2VProxy 5] *** SENDING V2V message #1 from=5 to=-1 size=763 bytes at t=3.7
[V2VProxy 5] *** SENDING V2V message #2 from=5 to=-1 size=685 bytes at t=3.7
[V2VProxy 5] *** SENDING V2V message #3 from=5 to=-1 size=685 bytes at t=3.7
[V2VProxy 5] *** SENDING V2V message #4 from=5 to=-1 size=685 bytes at t=3.7
[V2VProxy 5] *** SENDING V2V message #5 from=5 to=-1 size=685 bytes at t=3.7
[V2VProxy 5] *** SENDING V2V message #6 from=5 to=-1 size=685 bytes at t=3.7
[V2VProxy 5] *** SENDING V2V message #7 from=5 to=-1 size=685 bytes at t=3.7
[V2VProxy 6] *** SENDING V2V message #1 from=6 to=-1 size=763 bytes at t=3.7
[V2VProxy 6] *** SENDING V2V message #2 from=6 to=-1 size=685 bytes at t=3.7
[V2VProxy 6] *** SENDING V2V message #3 from=6 to=-1 size=685 bytes at t=3.7
[V2VProxy 6] *** SENDING V2V message #4 from=6 to=-1 size=685 bytes at t=3.7
[V2VProxy 6] *** SENDING V2V message #5 from=6 to=-1 size=685 bytes at t=3.7
[V2VProxy 6] *** SENDING V2V message #6 from=6 to=-1 size=685 bytes at t=3.7
[V2VProxy 6] *** SENDING V2V message #7 from=6 to=-1 size=685 bytes at t=3.7
[V2VProxy 7] *** SENDING V2V message #1 from=7 to=-1 size=763 bytes at t=3.7
[V2VProxy 7] *** SENDING V2V message #2 from=7 to=-1 size=685 bytes at t=3.7
[V2VProxy 7] *** SENDING V2V message #3 from=7 to=-1 size=685 bytes at t=3.7
[V2VProxy 7] *** SENDING V2V message #4 from=7 to=-1 size=685 bytes at t=3.7
[V2VProxy 7] *** SENDING V2V message #5 from=7 to=-1 size=685 bytes at t=3.7
[V2VProxy 7] *** SENDING V2V message #6 from=7 to=-1 size=685 bytes at t=3.7
[V2VProxy 7] *** SENDING V2V message #7 from=7 to=-1 size=685 bytes at t=3.7
[V2VProxy 2] *** RECEIVED V2V message #11 from=4 to=-1 (broadcast=YES) at t=3.702396067434
V2VNativeBridge2: Received message from 4 with length 685
[V2V Layer 2] Received message from replica 4 via JNI
    [Reliability 2] handleIncomingMessage() called
        Type: DATA
        From: 4
        SeqNum: 0
        Expected seq: 0
        -> IN ORDER, delivering immediately
    [Reliability 2] deliverMessage() - deserializing payload
        Deserialized: ConsensusMessage
        DEBUG: envelope.fromReplicaId=4, message.getSender()=4
=== [V2V Layer 2] DELIVER to BFT-SMaRt ===
    Message type: ConsensusMessage
    From replica: 4
    InQueue size before: 0
    InQueue size after: 1
=== [V2V Layer 2] DELIVER successful ===
[V2VProxy 5] *** RECEIVED V2V message #11 from=4 to=-1 (broadcast=YES) at t=3.702396082922
V2VNativeBridge5: Received message from 4 with length 685
[V2V Layer 5] Received message from replica 4 via JNI
23:43:50.564 [Server Comm. System] INFO bftsmart.communication.ServerCommunicationSystem - === ServerCommunicationSystem RECEIVED message ===
    [Reliability 5] handleIncomingMessage() called
        Type: DATA
23:43:50.564 [Server Comm. System] INFO bftsmart.communication.ServerCommunicationSystem -     Message type: ConsensusMessage
        From: 4
        SeqNum: 0
        Expected seq: 0
        -> IN ORDER, delivering immediately
    [Reliability 5] deliverMessage() - deserializing payload
23:43:50.564 [Server Comm. System] INFO bftsmart.communication.ServerCommunicationSystem -     From: 4
23:43:50.564 [Server Comm. System] INFO bftsmart.communication.ServerCommunicationSystem -     Message count: 2
23:43:50.564 [Server Comm. System] DEBUG bftsmart.communication.ServerCommunicationSystem - <-- receiving, msg:type=WRITE, number=0, epoch=0, from=4
23:43:50.564 [Server Comm. System] DEBUG bftsmart.tom.core.ExecutionManager - Received message  type=WRITE, number=0, epoch=0, from=4
23:43:50.564 [Server Comm. System] DEBUG bftsmart.tom.core.ExecutionManager - I'm at consensus 0 and my last consensus is -1
23:43:50.564 [Server Comm. System] DEBUG bftsmart.tom.core.ExecutionManager - Message for consensus 0 can be processed
23:43:50.564 [Server Comm. System] DEBUG bftsmart.consensus.roles.Acceptor - Processing paxos msg with id 0
23:43:50.564 [Server Comm. System] DEBUG bftsmart.consensus.roles.Acceptor - WRITE received from:4, for consensus cId:0
23:43:50.564 [Server Comm. System] DEBUG bftsmart.consensus.roles.Acceptor - I have 3, WRITE's for cId:0, Epoch timestamp:0,
[Acceptor 2] computeWrite: cId=0, writeAccepted=3, quorum=5
23:43:50.564 [Server Comm. System] INFO bftsmart.communication.ServerCommunicationSystem - === Message processed ===
        Deserialized: ConsensusMessage
        DEBUG: envelope.fromReplicaId=4, message.getSender()=4
=== [V2V Layer 5] DELIVER to BFT-SMaRt ===
    Message type: ConsensusMessage
    From replica: 4
    InQueue size before: 0
    InQueue size after: 1
=== [V2V Layer 5] DELIVER successful ===
[V2VProxy 3] *** RECEIVED V2V message #11 from=4 to=-1 (broadcast=YES) at t=3.702396093883
V2VNativeBridge3: Received message from 4 with length 685
[V2V Layer 3] Received message from replica 4 via JNI
23:43:50.565 [Server Comm. System] INFO bftsmart.communication.ServerCommunicationSystem - === ServerCommunicationSystem RECEIVED message ===
23:43:50.565 [Server Comm. System] INFO bftsmart.communication.ServerCommunicationSystem -     Message type: ConsensusMessage
23:43:50.565 [Server Comm. System] INFO bftsmart.communication.ServerCommunicationSystem -     From: 4
23:43:50.565 [Server Comm. System] INFO bftsmart.communication.ServerCommunicationSystem -     Message count: 2
23:43:50.565 [Server Comm. System] DEBUG bftsmart.communication.ServerCommunicationSystem - <-- receiving, msg:type=WRITE, number=0, epoch=0, from=4
23:43:50.565 [Server Comm. System] DEBUG bftsmart.tom.core.ExecutionManager - Received message  type=WRITE, number=0, epoch=0, from=4
23:43:50.565 [Server Comm. System] DEBUG bftsmart.tom.core.ExecutionManager - I'm at consensus 0 and my last consensus is -1
23:43:50.565 [Server Comm. System] DEBUG bftsmart.tom.core.ExecutionManager - Message for consensus 0 can be processed
23:43:50.565 [Server Comm. System] DEBUG bftsmart.consensus.roles.Acceptor - Processing paxos msg with id 0
23:43:50.565 [Server Comm. System] DEBUG bftsmart.consensus.roles.Acceptor - WRITE received from:4, for consensus cId:0
23:43:50.565 [Server Comm. System] DEBUG bftsmart.consensus.roles.Acceptor - I have 3, WRITE's for cId:0, Epoch timestamp:0,
[Acceptor 5] computeWrite: cId=0, writeAccepted=3, quorum=5
23:43:50.565 [Server Comm. System] INFO bftsmart.communication.ServerCommunicationSystem - === Message processed ===
    [Reliability 3] handleIncomingMessage() called
        Type: DATA
        From: 4
        SeqNum: 0
        Expected seq: 0
        -> IN ORDER, delivering immediately
    [Reliability 3] deliverMessage() - deserializing payload
        Deserialized: ConsensusMessage
        DEBUG: envelope.fromReplicaId=4, message.getSender()=4
=== [V2V Layer 3] DELIVER to BFT-SMaRt ===
    Message type: ConsensusMessage
    From replica: 4
    InQueue size before: 0
    InQueue size after: 1
=== [V2V Layer 3] DELIVER successful ===
[V2VProxy 0] *** RECEIVED V2V message #1 from=4 to=-1 (broadcast=YES) at t=3.702396099918
23:43:50.565 [Server Comm. System] INFO bftsmart.communication.ServerCommunicationSystem - === ServerCommunicationSystem RECEIVED message ===
V2VNativeBridge0: Received message from 4 with length 685
[V2V Layer 0] Received message from replica 4 via JNI
23:43:50.566 [Server Comm. System] INFO bftsmart.communication.ServerCommunicationSystem -     Message type: ConsensusMessage
23:43:50.566 [Server Comm. System] INFO bftsmart.communication.ServerCommunicationSystem -     From: 4
    [Reliability 0] handleIncomingMessage() called
        Type: DATA
23:43:50.566 [Server Comm. System] INFO bftsmart.communication.ServerCommunicationSystem -     Message count: 2
        From: 4
        SeqNum: 0
        Expected seq: 0
23:43:50.566 [Server Comm. System] DEBUG bftsmart.communication.ServerCommunicationSystem - <-- receiving, msg:type=WRITE, number=0, epoch=0, from=4
23:43:50.566 [Server Comm. System] DEBUG bftsmart.tom.core.ExecutionManager - Received message  type=WRITE, number=0, epoch=0, from=4
        -> IN ORDER, delivering immediately
    [Reliability 0] deliverMessage() - deserializing payload
23:43:50.566 [Server Comm. System] DEBUG bftsmart.tom.core.ExecutionManager - I'm at consensus 0 and my last consensus is -1
23:43:50.566 [Server Comm. System] DEBUG bftsmart.tom.core.ExecutionManager - Message for consensus 0 can be processed
23:43:50.566 [Server Comm. System] DEBUG bftsmart.consensus.roles.Acceptor - Processing paxos msg with id 0
        Deserialized: ConsensusMessage
        DEBUG: envelope.fromReplicaId=4, message.getSender()=4
=== [V2V Layer 0] DELIVER to BFT-SMaRt ===
23:43:50.566 [Server Comm. System] DEBUG bftsmart.consensus.roles.Acceptor - WRITE received from:4, for consensus cId:0
    Message type: ConsensusMessage
    From replica: 4
    InQueue size before: 0
23:43:50.566 [Server Comm. System] DEBUG bftsmart.consensus.roles.Acceptor - I have 3, WRITE's for cId:0, Epoch timestamp:0,
    InQueue size after: 1
=== [V2V Layer 0] DELIVER successful ===
23:43:50.566 [Server Comm. System] INFO bftsmart.communication.ServerCommunicationSystem - === ServerCommunicationSystem RECEIVED message ===
[V2VProxy 1] *** RECEIVED V2V message #11 from=4 to=-1 (broadcast=YES) at t=3.702396101514
23:43:50.566 [Server Comm. System] INFO bftsmart.communication.ServerCommunicationSystem -     Message type: ConsensusMessage
[Acceptor 3] computeWrite: cId=0, writeAccepted=3, quorum=5
V2VNativeBridge1: Received message from 4 with length 685
[V2V Layer 1] Received message from replica 4 via JNI
23:43:50.566 [Server Comm. System] INFO bftsmart.communication.ServerCommunicationSystem -     From: 4
23:43:50.566 [Server Comm. System] INFO bftsmart.communication.ServerCommunicationSystem - === Message processed ===
23:43:50.566 [Server Comm. System] INFO bftsmart.communication.ServerCommunicationSystem -     Message count: 1
    [Reliability 1] handleIncomingMessage() called
        Type: DATA
        From: 4
23:43:50.567 [Server Comm. System] DEBUG bftsmart.communication.ServerCommunicationSystem - <-- receiving, msg:type=WRITE, number=0, epoch=0, from=4
23:43:50.567 [Server Comm. System] DEBUG bftsmart.tom.core.ExecutionManager - Received message  type=WRITE, number=0, epoch=0, from=4
23:43:50.567 [Server Comm. System] DEBUG bftsmart.tom.core.ExecutionManager - I'm at consensus 0 and my last consensus is -1
        SeqNum: 0
23:43:50.567 [Server Comm. System] DEBUG bftsmart.tom.core.ExecutionManager - Message for consensus 0 can be processed
23:43:50.567 [Server Comm. System] DEBUG bftsmart.consensus.roles.Acceptor - Processing paxos msg with id 0
23:43:50.567 [Server Comm. System] DEBUG bftsmart.consensus.roles.Acceptor - WRITE received from:4, for consensus cId:0
        Expected seq: 0
23:43:50.567 [Server Comm. System] DEBUG bftsmart.consensus.roles.Acceptor - I have 2, WRITE's for cId:0, Epoch timestamp:0,
[Acceptor 0] computeWrite: cId=0, writeAccepted=2, quorum=5
        -> IN ORDER, delivering immediately
    [Reliability 1] deliverMessage() - deserializing payload
23:43:50.567 [Server Comm. System] INFO bftsmart.communication.ServerCommunicationSystem - === Message processed ===
        Deserialized: ConsensusMessage
        DEBUG: envelope.fromReplicaId=4, message.getSender()=4
=== [V2V Layer 1] DELIVER to BFT-SMaRt ===
    Message type: ConsensusMessage
    From replica: 4
    InQueue size before: 0
    InQueue size after: 1
=== [V2V Layer 1] DELIVER successful ===
[V2VProxy 6] *** RECEIVED V2V message #11 from=4 to=-1 (broadcast=YES) at t=3.70239611052
V2VNativeBridge6: Received message from 4 with length 685
[V2V Layer 6] Received message from replica 4 via JNI
23:43:50.568 [Server Comm. System] INFO bftsmart.communication.ServerCommunicationSystem - === ServerCommunicationSystem RECEIVED message ===
23:43:50.568 [Server Comm. System] INFO bftsmart.communication.ServerCommunicationSystem -     Message type: ConsensusMessage
23:43:50.568 [Server Comm. System] INFO bftsmart.communication.ServerCommunicationSystem -     From: 4
23:43:50.568 [Server Comm. System] INFO bftsmart.communication.ServerCommunicationSystem -     Message count: 2
23:43:50.568 [Server Comm. System] DEBUG bftsmart.communication.ServerCommunicationSystem - <-- receiving, msg:type=WRITE, number=0, epoch=0, from=4
23:43:50.568 [Server Comm. System] DEBUG bftsmart.tom.core.ExecutionManager - Received message  type=WRITE, number=0, epoch=0, from=4
23:43:50.568 [Server Comm. System] DEBUG bftsmart.tom.core.ExecutionManager - I'm at consensus 0 and my last consensus is -1
23:43:50.568 [Server Comm. System] DEBUG bftsmart.tom.core.ExecutionManager - Message for consensus 0 can be processed
23:43:50.568 [Server Comm. System] DEBUG bftsmart.consensus.roles.Acceptor - Processing paxos msg with id 0
23:43:50.568 [Server Comm. System] DEBUG bftsmart.consensus.roles.Acceptor - WRITE received from:4, for consensus cId:0
    [Reliability 6] handleIncomingMessage() called
        Type: DATA
        From: 4
        SeqNum: 0
23:43:50.568 [Server Comm. System] DEBUG bftsmart.consensus.roles.Acceptor - I have 3, WRITE's for cId:0, Epoch timestamp:0,
        Expected seq: 0
[Acceptor 1] computeWrite: cId=0, writeAccepted=3, quorum=5
        -> IN ORDER, delivering immediately
    [Reliability 6] deliverMessage() - deserializing payload
23:43:50.568 [Server Comm. System] INFO bftsmart.communication.ServerCommunicationSystem - === Message processed ===
        Deserialized: ConsensusMessage
        DEBUG: envelope.fromReplicaId=4, message.getSender()=4
=== [V2V Layer 6] DELIVER to BFT-SMaRt ===
    Message type: ConsensusMessage
    From replica: 4
    InQueue size before: 0
    InQueue size after: 1
=== [V2V Layer 6] DELIVER successful ===
23:43:50.568 [Server Comm. System] INFO bftsmart.communication.ServerCommunicationSystem - === ServerCommunicationSystem RECEIVED message ===
23:43:50.568 [Server Comm. System] INFO bftsmart.communication.ServerCommunicationSystem -     Message type: ConsensusMessage
23:43:50.568 [Server Comm. System] INFO bftsmart.communication.ServerCommunicationSystem -     From: 4
23:43:50.568 [Server Comm. System] INFO bftsmart.communication.ServerCommunicationSystem -     Message count: 2
23:43:50.568 [Server Comm. System] DEBUG bftsmart.communication.ServerCommunicationSystem - <-- receiving, msg:type=WRITE, number=0, epoch=0, from=4
23:43:50.568 [Server Comm. System] DEBUG bftsmart.tom.core.ExecutionManager - Received message  type=WRITE, number=0, epoch=0, from=4
23:43:50.568 [Server Comm. System] DEBUG bftsmart.tom.core.ExecutionManager - I'm at consensus 0 and my last consensus is -1
23:43:50.568 [Server Comm. System] DEBUG bftsmart.tom.core.ExecutionManager - Message for consensus 0 can be processed
23:43:50.568 [Server Comm. System] DEBUG bftsmart.consensus.roles.Acceptor - Processing paxos msg with id 0
23:43:50.568 [Server Comm. System] DEBUG bftsmart.consensus.roles.Acceptor - WRITE received from:4, for consensus cId:0
[V2VProxy 7] *** RECEIVED V2V message #11 from=4 to=-1 (broadcast=YES) at t=3.702396153263
23:43:50.568 [Server Comm. System] DEBUG bftsmart.consensus.roles.Acceptor - I have 3, WRITE's for cId:0, Epoch timestamp:0,
[Acceptor 6] computeWrite: cId=0, writeAccepted=3, quorum=5
23:43:50.568 [Server Comm. System] INFO bftsmart.communication.ServerCommunicationSystem - === Message processed ===
V2VNativeBridge7: Received message from 4 with length 685
[V2V Layer 7] Received message from replica 4 via JNI
    [Reliability 7] handleIncomingMessage() called
        Type: DATA
        From: 4
        SeqNum: 0
        Expected seq: 0
        -> IN ORDER, delivering immediately
    [Reliability 7] deliverMessage() - deserializing payload
        Deserialized: ConsensusMessage
        DEBUG: envelope.fromReplicaId=4, message.getSender()=4
=== [V2V Layer 7] DELIVER to BFT-SMaRt ===
    Message type: ConsensusMessage
    From replica: 4
    InQueue size before: 0
    InQueue size after: 1
=== [V2V Layer 7] DELIVER successful ===
23:43:50.569 [Server Comm. System] INFO bftsmart.communication.ServerCommunicationSystem - === ServerCommunicationSystem RECEIVED message ===
23:43:50.569 [Server Comm. System] INFO bftsmart.communication.ServerCommunicationSystem -     Message type: ConsensusMessage
23:43:50.569 [Server Comm. System] INFO bftsmart.communication.ServerCommunicationSystem -     From: 4
23:43:50.569 [Server Comm. System] INFO bftsmart.communication.ServerCommunicationSystem -     Message count: 2
23:43:50.569 [Server Comm. System] DEBUG bftsmart.communication.ServerCommunicationSystem - <-- receiving, msg:type=WRITE, number=0, epoch=0, from=4
23:43:50.569 [Server Comm. System] DEBUG bftsmart.tom.core.ExecutionManager - Received message  type=WRITE, number=0, epoch=0, from=4
23:43:50.569 [Server Comm. System] DEBUG bftsmart.tom.core.ExecutionManager - I'm at consensus 0 and my last consensus is -1
23:43:50.569 [Server Comm. System] DEBUG bftsmart.tom.core.ExecutionManager - Message for consensus 0 can be processed
23:43:50.569 [Server Comm. System] DEBUG bftsmart.consensus.roles.Acceptor - Processing paxos msg with id 0
23:43:50.569 [Server Comm. System] DEBUG bftsmart.consensus.roles.Acceptor - WRITE received from:4, for consensus cId:0
23:43:50.569 [Server Comm. System] DEBUG bftsmart.consensus.roles.Acceptor - I have 3, WRITE's for cId:0, Epoch timestamp:0,
[Acceptor 7] computeWrite: cId=0, writeAccepted=3, quorum=5
23:43:50.569 [Server Comm. System] INFO bftsmart.communication.ServerCommunicationSystem - === Message processed ===
[V2VProxy 0] *** RECEIVED V2V message #2 from=6 to=-1 (broadcast=YES) at t=3.706413219189
V2VNativeBridge0: Received message from 6 with length 685
[V2V Layer 0] Received message from replica 6 via JNI
    [Reliability 0] handleIncomingMessage() called
        Type: DATA
        From: 6
        SeqNum: 0
        Expected seq: 0
        -> IN ORDER, delivering immediately
    [Reliability 0] deliverMessage() - deserializing payload
        Deserialized: ConsensusMessage
        DEBUG: envelope.fromReplicaId=6, message.getSender()=6
=== [V2V Layer 0] DELIVER to BFT-SMaRt ===
    Message type: ConsensusMessage
    From replica: 6
    InQueue size before: 0
    InQueue size after: 1
=== [V2V Layer 0] DELIVER successful ===
23:43:50.570 [Server Comm. System] INFO bftsmart.communication.ServerCommunicationSystem - === ServerCommunicationSystem RECEIVED message ===
23:43:50.570 [Server Comm. System] INFO bftsmart.communication.ServerCommunicationSystem -     Message type: ConsensusMessage
23:43:50.570 [Server Comm. System] INFO bftsmart.communication.ServerCommunicationSystem -     From: 6
23:43:50.570 [Server Comm. System] INFO bftsmart.communication.ServerCommunicationSystem -     Message count: 2
23:43:50.570 [Server Comm. System] DEBUG bftsmart.communication.ServerCommunicationSystem - <-- receiving, msg:type=WRITE, number=0, epoch=0, from=6
23:43:50.570 [Server Comm. System] DEBUG bftsmart.tom.core.ExecutionManager - Received message  type=WRITE, number=0, epoch=0, from=6
23:43:50.570 [Server Comm. System] DEBUG bftsmart.tom.core.ExecutionManager - I'm at consensus 0 and my last consensus is -1
[V2VProxy 6] *** RECEIVED V2V message #12 from=7 to=-1 (broadcast=YES) at t=3.707752472726
V2VNativeBridge6: Received message from 7 with length 685
23:43:50.570 [Server Comm. System] DEBUG bftsmart.tom.core.ExecutionManager - Message for consensus 0 can be processed
[V2V Layer 6] Received message from replica 7 via JNI
23:43:50.570 [Server Comm. System] DEBUG bftsmart.consensus.roles.Acceptor - Processing paxos msg with id 0
23:43:50.570 [Server Comm. System] DEBUG bftsmart.consensus.roles.Acceptor - WRITE received from:6, for consensus cId:0
23:43:50.570 [Server Comm. System] DEBUG bftsmart.consensus.roles.Acceptor - I have 3, WRITE's for cId:0, Epoch timestamp:0,
[Acceptor 0] computeWrite: cId=0, writeAccepted=3, quorum=5
23:43:50.570 [Server Comm. System] INFO bftsmart.communication.ServerCommunicationSystem - === Message processed ===
    [Reliability 6] handleIncomingMessage() called
        Type: DATA
        From: 7
        SeqNum: 0
        Expected seq: 0
        -> IN ORDER, delivering immediately
    [Reliability 6] deliverMessage() - deserializing payload
        Deserialized: ConsensusMessage
        DEBUG: envelope.fromReplicaId=7, message.getSender()=7
=== [V2V Layer 6] DELIVER to BFT-SMaRt ===
    Message type: ConsensusMessage
    From replica: 7
    InQueue size before: 0
    InQueue size after: 1
=== [V2V Layer 6] DELIVER successful ===
[V2VProxy 0] *** RECEIVED V2V message #3 from=7 to=-1 (broadcast=YES) at t=3.707752489367
V2VNativeBridge0: Received message from 7 with length 685
[V2V Layer 0] Received message from replica 7 via JNI
23:43:50.570 [Server Comm. System] INFO bftsmart.communication.ServerCommunicationSystem - === ServerCommunicationSystem RECEIVED message ===
23:43:50.570 [Server Comm. System] INFO bftsmart.communication.ServerCommunicationSystem -     Message type: ConsensusMessage
23:43:50.570 [Server Comm. System] INFO bftsmart.communication.ServerCommunicationSystem -     From: 7
23:43:50.570 [Server Comm. System] INFO bftsmart.communication.ServerCommunicationSystem -     Message count: 3
    [Reliability 0] handleIncomingMessage() called
        Type: DATA
        From: 7
        SeqNum: 0
        Expected seq: 0
23:43:50.570 [Server Comm. System] DEBUG bftsmart.communication.ServerCommunicationSystem - <-- receiving, msg:type=WRITE, number=0, epoch=0, from=7
        -> IN ORDER, delivering immediately
    [Reliability 0] deliverMessage() - deserializing payload
23:43:50.570 [Server Comm. System] DEBUG bftsmart.tom.core.ExecutionManager - Received message  type=WRITE, number=0, epoch=0, from=7
23:43:50.570 [Server Comm. System] DEBUG bftsmart.tom.core.ExecutionManager - I'm at consensus 0 and my last consensus is -1
23:43:50.570 [Server Comm. System] DEBUG bftsmart.tom.core.ExecutionManager - Message for consensus 0 can be processed
23:43:50.570 [Server Comm. System] DEBUG bftsmart.consensus.roles.Acceptor - Processing paxos msg with id 0
23:43:50.570 [Server Comm. System] DEBUG bftsmart.consensus.roles.Acceptor - WRITE received from:7, for consensus cId:0
23:43:50.570 [Server Comm. System] DEBUG bftsmart.consensus.roles.Acceptor - I have 4, WRITE's for cId:0, Epoch timestamp:0,
[Acceptor 6] computeWrite: cId=0, writeAccepted=4, quorum=5
23:43:50.570 [Server Comm. System] INFO bftsmart.communication.ServerCommunicationSystem - === Message processed ===
        Deserialized: ConsensusMessage
        DEBUG: envelope.fromReplicaId=7, message.getSender()=7
=== [V2V Layer 0] DELIVER to BFT-SMaRt ===
    Message type: ConsensusMessage
    From replica: 7
    InQueue size before: 0
    InQueue size after: 1
=== [V2V Layer 0] DELIVER successful ===
23:43:50.570 [Server Comm. System] INFO bftsmart.communication.ServerCommunicationSystem - === ServerCommunicationSystem RECEIVED message ===
23:43:50.570 [Server Comm. System] INFO bftsmart.communication.ServerCommunicationSystem -     Message type: ConsensusMessage
[V2VProxy 1] *** RECEIVED V2V message #12 from=7 to=-1 (broadcast=YES) at t=3.707752510944
V2VNativeBridge1: Received message from 7 with length 685
[V2V Layer 1] Received message from replica 7 via JNI
23:43:50.570 [Server Comm. System] INFO bftsmart.communication.ServerCommunicationSystem -     From: 7
23:43:50.570 [Server Comm. System] INFO bftsmart.communication.ServerCommunicationSystem -     Message count: 3
23:43:50.570 [Server Comm. System] DEBUG bftsmart.communication.ServerCommunicationSystem - <-- receiving, msg:type=WRITE, number=0, epoch=0, from=7
23:43:50.570 [Server Comm. System] DEBUG bftsmart.tom.core.ExecutionManager - Received message  type=WRITE, number=0, epoch=0, from=7
23:43:50.570 [Server Comm. System] DEBUG bftsmart.tom.core.ExecutionManager - I'm at consensus 0 and my last consensus is -1
23:43:50.570 [Server Comm. System] DEBUG bftsmart.tom.core.ExecutionManager - Message for consensus 0 can be processed
23:43:50.570 [Server Comm. System] DEBUG bftsmart.consensus.roles.Acceptor - Processing paxos msg with id 0
23:43:50.570 [Server Comm. System] DEBUG bftsmart.consensus.roles.Acceptor - WRITE received from:7, for consensus cId:0
    [Reliability 1] handleIncomingMessage() called
        Type: DATA
        From: 7
        SeqNum: 0
        Expected seq: 0
23:43:50.570 [Server Comm. System] DEBUG bftsmart.consensus.roles.Acceptor - I have 4, WRITE's for cId:0, Epoch timestamp:0,
        -> IN ORDER, delivering immediately
[Acceptor 0] computeWrite: cId=0, writeAccepted=4, quorum=5
    [Reliability 1] deliverMessage() - deserializing payload
23:43:50.570 [Server Comm. System] INFO bftsmart.communication.ServerCommunicationSystem - === Message processed ===
        Deserialized: ConsensusMessage
        DEBUG: envelope.fromReplicaId=7, message.getSender()=7
=== [V2V Layer 1] DELIVER to BFT-SMaRt ===
    Message type: ConsensusMessage
    From replica: 7
    InQueue size before: 0
    InQueue size after: 1
=== [V2V Layer 1] DELIVER successful ===
23:43:50.571 [Server Comm. System] INFO bftsmart.communication.ServerCommunicationSystem - === ServerCommunicationSystem RECEIVED message ===
23:43:50.571 [Server Comm. System] INFO bftsmart.communication.ServerCommunicationSystem -     Message type: ConsensusMessage
[V2VProxy 3] *** RECEIVED V2V message #12 from=7 to=-1 (broadcast=YES) at t=3.707752514063
23:43:50.571 [Server Comm. System] INFO bftsmart.communication.ServerCommunicationSystem -     From: 7
23:43:50.571 [Server Comm. System] INFO bftsmart.communication.ServerCommunicationSystem -     Message count: 3
V2VNativeBridge3: Received message from 7 with length 685
23:43:50.571 [Server Comm. System] DEBUG bftsmart.communication.ServerCommunicationSystem - <-- receiving, msg:type=WRITE, number=0, epoch=0, from=7
[V2V Layer 3] Received message from replica 7 via JNI
23:43:50.571 [Server Comm. System] DEBUG bftsmart.tom.core.ExecutionManager - Received message  type=WRITE, number=0, epoch=0, from=7
23:43:50.571 [Server Comm. System] DEBUG bftsmart.tom.core.ExecutionManager - I'm at consensus 0 and my last consensus is -1
23:43:50.571 [Server Comm. System] DEBUG bftsmart.tom.core.ExecutionManager - Message for consensus 0 can be processed
23:43:50.571 [Server Comm. System] DEBUG bftsmart.consensus.roles.Acceptor - Processing paxos msg with id 0
23:43:50.571 [Server Comm. System] DEBUG bftsmart.consensus.roles.Acceptor - WRITE received from:7, for consensus cId:0
23:43:50.571 [Server Comm. System] DEBUG bftsmart.consensus.roles.Acceptor - I have 4, WRITE's for cId:0, Epoch timestamp:0,
[Acceptor 1] computeWrite: cId=0, writeAccepted=4, quorum=5
23:43:50.571 [Server Comm. System] INFO bftsmart.communication.ServerCommunicationSystem - === Message processed ===
    [Reliability 3] handleIncomingMessage() called
        Type: DATA
        From: 7
        SeqNum: 0
        Expected seq: 0
        -> IN ORDER, delivering immediately
    [Reliability 3] deliverMessage() - deserializing payload
        Deserialized: ConsensusMessage
        DEBUG: envelope.fromReplicaId=7, message.getSender()=7
=== [V2V Layer 3] DELIVER to BFT-SMaRt ===
    Message type: ConsensusMessage
    From replica: 7
    InQueue size before: 0
    InQueue size after: 1
=== [V2V Layer 3] DELIVER successful ===
23:43:50.571 [Server Comm. System] INFO bftsmart.communication.ServerCommunicationSystem - === ServerCommunicationSystem RECEIVED message ===
23:43:50.571 [Server Comm. System] INFO bftsmart.communication.ServerCommunicationSystem -     Message type: ConsensusMessage
[V2VProxy 2] *** RECEIVED V2V message #12 from=7 to=-1 (broadcast=YES) at t=3.707752517288
23:43:50.571 [Server Comm. System] INFO bftsmart.communication.ServerCommunicationSystem -     From: 7
V2VNativeBridge2: Received message from 7 with length 685
[V2V Layer 2] Received message from replica 7 via JNI
23:43:50.571 [Server Comm. System] INFO bftsmart.communication.ServerCommunicationSystem -     Message count: 3
23:43:50.571 [Server Comm. System] DEBUG bftsmart.communication.ServerCommunicationSystem - <-- receiving, msg:type=WRITE, number=0, epoch=0, from=7
23:43:50.571 [Server Comm. System] DEBUG bftsmart.tom.core.ExecutionManager - Received message  type=WRITE, number=0, epoch=0, from=7
23:43:50.571 [Server Comm. System] DEBUG bftsmart.tom.core.ExecutionManager - I'm at consensus 0 and my last consensus is -1
23:43:50.571 [Server Comm. System] DEBUG bftsmart.tom.core.ExecutionManager - Message for consensus 0 can be processed
23:43:50.571 [Server Comm. System] DEBUG bftsmart.consensus.roles.Acceptor - Processing paxos msg with id 0
23:43:50.571 [Server Comm. System] DEBUG bftsmart.consensus.roles.Acceptor - WRITE received from:7, for consensus cId:0
23:43:50.571 [Server Comm. System] DEBUG bftsmart.consensus.roles.Acceptor - I have 4, WRITE's for cId:0, Epoch timestamp:0,
[Acceptor 3] computeWrite: cId=0, writeAccepted=4, quorum=5
23:43:50.571 [Server Comm. System] INFO bftsmart.communication.ServerCommunicationSystem - === Message processed ===
    [Reliability 2] handleIncomingMessage() called
        Type: DATA
        From: 7
        SeqNum: 0
        Expected seq: 0
        -> IN ORDER, delivering immediately
    [Reliability 2] deliverMessage() - deserializing payload
        Deserialized: ConsensusMessage
        DEBUG: envelope.fromReplicaId=7, message.getSender()=7
=== [V2V Layer 2] DELIVER to BFT-SMaRt ===
    Message type: ConsensusMessage
    From replica: 7
    InQueue size before: 0
    InQueue size after: 1
=== [V2V Layer 2] DELIVER successful ===
[V2VProxy 4] *** RECEIVED V2V message #11 from=7 to=-1 (broadcast=YES) at t=3.707752531285
23:43:50.572 [Server Comm. System] INFO bftsmart.communication.ServerCommunicationSystem - === ServerCommunicationSystem RECEIVED message ===
V2VNativeBridge4: Received message from 7 with length 685
[V2V Layer 4] Received message from replica 7 via JNI
23:43:50.572 [Server Comm. System] INFO bftsmart.communication.ServerCommunicationSystem -     Message type: ConsensusMessage
23:43:50.572 [Server Comm. System] INFO bftsmart.communication.ServerCommunicationSystem -     From: 7
23:43:50.572 [Server Comm. System] INFO bftsmart.communication.ServerCommunicationSystem -     Message count: 3
23:43:50.572 [Server Comm. System] DEBUG bftsmart.communication.ServerCommunicationSystem - <-- receiving, msg:type=WRITE, number=0, epoch=0, from=7
23:43:50.572 [Server Comm. System] DEBUG bftsmart.tom.core.ExecutionManager - Received message  type=WRITE, number=0, epoch=0, from=7
23:43:50.572 [Server Comm. System] DEBUG bftsmart.tom.core.ExecutionManager - I'm at consensus 0 and my last consensus is -1
23:43:50.572 [Server Comm. System] DEBUG bftsmart.tom.core.ExecutionManager - Message for consensus 0 can be processed
23:43:50.572 [Server Comm. System] DEBUG bftsmart.consensus.roles.Acceptor - Processing paxos msg with id 0
23:43:50.572 [Server Comm. System] DEBUG bftsmart.consensus.roles.Acceptor - WRITE received from:7, for consensus cId:0
23:43:50.572 [Server Comm. System] DEBUG bftsmart.consensus.roles.Acceptor - I have 4, WRITE's for cId:0, Epoch timestamp:0,
[Acceptor 2] computeWrite: cId=0, writeAccepted=4, quorum=5
23:43:50.572 [Server Comm. System] INFO bftsmart.communication.ServerCommunicationSystem - === Message processed ===
    [Reliability 4] handleIncomingMessage() called
        Type: DATA
        From: 7
        SeqNum: 0
        Expected seq: 0
        -> IN ORDER, delivering immediately
    [Reliability 4] deliverMessage() - deserializing payload
        Deserialized: ConsensusMessage
        DEBUG: envelope.fromReplicaId=7, message.getSender()=7
=== [V2V Layer 4] DELIVER to BFT-SMaRt ===
    Message type: ConsensusMessage
    From replica: 7
    InQueue size before: 0
    InQueue size after: 1
=== [V2V Layer 4] DELIVER successful ===
[V2VProxy 5] *** RECEIVED V2V message #12 from=7 to=-1 (broadcast=YES) at t=3.707752563601
23:43:50.572 [Server Comm. System] INFO bftsmart.communication.ServerCommunicationSystem - === ServerCommunicationSystem RECEIVED message ===
23:43:50.572 [Server Comm. System] INFO bftsmart.communication.ServerCommunicationSystem -     Message type: ConsensusMessage
23:43:50.572 [Server Comm. System] INFO bftsmart.communication.ServerCommunicationSystem -     From: 7
23:43:50.572 [Server Comm. System] INFO bftsmart.communication.ServerCommunicationSystem -     Message count: 2
V2VNativeBridge5: Received message from 7 with length 685
[V2V Layer 5] Received message from replica 7 via JNI
23:43:50.572 [Server Comm. System] DEBUG bftsmart.communication.ServerCommunicationSystem - <-- receiving, msg:type=WRITE, number=0, epoch=0, from=7
23:43:50.572 [Server Comm. System] DEBUG bftsmart.tom.core.ExecutionManager - Received message  type=WRITE, number=0, epoch=0, from=7
23:43:50.572 [Server Comm. System] DEBUG bftsmart.tom.core.ExecutionManager - I'm at consensus 0 and my last consensus is -1
23:43:50.572 [Server Comm. System] DEBUG bftsmart.tom.core.ExecutionManager - Message for consensus 0 can be processed
23:43:50.572 [Server Comm. System] DEBUG bftsmart.consensus.roles.Acceptor - Processing paxos msg with id 0
23:43:50.572 [Server Comm. System] DEBUG bftsmart.consensus.roles.Acceptor - WRITE received from:7, for consensus cId:0
23:43:50.572 [Server Comm. System] DEBUG bftsmart.consensus.roles.Acceptor - I have 3, WRITE's for cId:0, Epoch timestamp:0,
[Acceptor 4] computeWrite: cId=0, writeAccepted=3, quorum=5
23:43:50.572 [Server Comm. System] INFO bftsmart.communication.ServerCommunicationSystem - === Message processed ===
    [Reliability 5] handleIncomingMessage() called
        Type: DATA
        From: 7
        SeqNum: 0
        Expected seq: 0
        -> IN ORDER, delivering immediately
    [Reliability 5] deliverMessage() - deserializing payload
        Deserialized: ConsensusMessage
        DEBUG: envelope.fromReplicaId=7, message.getSender()=7
=== [V2V Layer 5] DELIVER to BFT-SMaRt ===
    Message type: ConsensusMessage
    From replica: 7
    InQueue size before: 0
    InQueue size after: 1
=== [V2V Layer 5] DELIVER successful ===
23:43:50.572 [Server Comm. System] INFO bftsmart.communication.ServerCommunicationSystem - === ServerCommunicationSystem RECEIVED message ===
23:43:50.572 [Server Comm. System] INFO bftsmart.communication.ServerCommunicationSystem -     Message type: ConsensusMessage
23:43:50.572 [Server Comm. System] INFO bftsmart.communication.ServerCommunicationSystem -     From: 7
23:43:50.572 [Server Comm. System] INFO bftsmart.communication.ServerCommunicationSystem -     Message count: 3
23:43:50.572 [Server Comm. System] DEBUG bftsmart.communication.ServerCommunicationSystem - <-- receiving, msg:type=WRITE, number=0, epoch=0, from=7
23:43:50.572 [Server Comm. System] DEBUG bftsmart.tom.core.ExecutionManager - Received message  type=WRITE, number=0, epoch=0, from=7
23:43:50.572 [Server Comm. System] DEBUG bftsmart.tom.core.ExecutionManager - I'm at consensus 0 and my last consensus is -1
23:43:50.572 [Server Comm. System] DEBUG bftsmart.tom.core.ExecutionManager - Message for consensus 0 can be processed
23:43:50.572 [Server Comm. System] DEBUG bftsmart.consensus.roles.Acceptor - Processing paxos msg with id 0
23:43:50.572 [Server Comm. System] DEBUG bftsmart.consensus.roles.Acceptor - WRITE received from:7, for consensus cId:0
23:43:50.572 [Server Comm. System] DEBUG bftsmart.consensus.roles.Acceptor - I have 4, WRITE's for cId:0, Epoch timestamp:0,
[Acceptor 5] computeWrite: cId=0, writeAccepted=4, quorum=5
23:43:50.572 [Server Comm. System] INFO bftsmart.communication.ServerCommunicationSystem - === Message processed ===
[V2VProxy 4] *** RECEIVED V2V message #12 from=2 to=-1 (broadcast=YES) at t=3.71191365866
V2VNativeBridge4: Received message from 2 with length 685
[V2V Layer 4] Received message from replica 2 via JNI
    [Reliability 4] handleIncomingMessage() called
        Type: DATA
        From: 2
        SeqNum: 0
        Expected seq: 0
        -> IN ORDER, delivering immediately
    [Reliability 4] deliverMessage() - deserializing payload
        Deserialized: ConsensusMessage
        DEBUG: envelope.fromReplicaId=2, message.getSender()=2
=== [V2V Layer 4] DELIVER to BFT-SMaRt ===
    Message type: ConsensusMessage
    From replica: 2
    InQueue size before: 0
    InQueue size after: 1
=== [V2V Layer 4] DELIVER successful ===
23:43:50.573 [Server Comm. System] INFO bftsmart.communication.ServerCommunicationSystem - === ServerCommunicationSystem RECEIVED message ===
23:43:50.573 [Server Comm. System] INFO bftsmart.communication.ServerCommunicationSystem -     Message type: ConsensusMessage
23:43:50.573 [Server Comm. System] INFO bftsmart.communication.ServerCommunicationSystem -     From: 2
23:43:50.573 [Server Comm. System] INFO bftsmart.communication.ServerCommunicationSystem -     Message count: 3
23:43:50.573 [Server Comm. System] DEBUG bftsmart.communication.ServerCommunicationSystem - <-- receiving, msg:type=WRITE, number=0, epoch=0, from=2
23:43:50.573 [Server Comm. System] DEBUG bftsmart.tom.core.ExecutionManager - Received message  type=WRITE, number=0, epoch=0, from=2
23:43:50.573 [Server Comm. System] DEBUG bftsmart.tom.core.ExecutionManager - I'm at consensus 0 and my last consensus is -1
23:43:50.573 [Server Comm. System] DEBUG bftsmart.tom.core.ExecutionManager - Message for consensus 0 can be processed
23:43:50.573 [Server Comm. System] DEBUG bftsmart.consensus.roles.Acceptor - Processing paxos msg with id 0
23:43:50.573 [Server Comm. System] DEBUG bftsmart.consensus.roles.Acceptor - WRITE received from:2, for consensus cId:0
23:43:50.573 [Server Comm. System] DEBUG bftsmart.consensus.roles.Acceptor - I have 4, WRITE's for cId:0, Epoch timestamp:0,
[Acceptor 4] computeWrite: cId=0, writeAccepted=4, quorum=5
23:43:50.573 [Server Comm. System] INFO bftsmart.communication.ServerCommunicationSystem - === Message processed ===
[V2VProxy 4] *** RECEIVED V2V message #13 from=2 to=-1 (broadcast=YES) at t=3.716218858851
V2VNativeBridge4: Received message from 2 with length 685
[V2V Layer 4] Received message from replica 2 via JNI
    [Reliability 4] handleIncomingMessage() called
        Type: DATA
        From: 2
        SeqNum: 0
        Expected seq: 1
        -> DUPLICATE (seq < expected), ignoring
[V2VProxy 1] *** RECEIVED V2V message #13 from=2 to=-1 (broadcast=YES) at t=3.716218876865
V2VNativeBridge1: Received message from 2 with length 685
[V2V Layer 1] Received message from replica 2 via JNI
    [Reliability 1] handleIncomingMessage() called
        Type: DATA
        From: 2
        SeqNum: 0
        Expected seq: 0
        -> IN ORDER, delivering immediately
    [Reliability 1] deliverMessage() - deserializing payload
        Deserialized: ConsensusMessage
        DEBUG: envelope.fromReplicaId=2, message.getSender()=2
=== [V2V Layer 1] DELIVER to BFT-SMaRt ===
    Message type: ConsensusMessage
    From replica: 2
    InQueue size before: 0
    InQueue size after: 1
=== [V2V Layer 1] DELIVER successful ===
[V2VProxy 0] *** RECEIVED V2V message #4 from=2 to=-1 (broadcast=YES) at t=3.716218884742
V2VNativeBridge0: Received message from 2 with length 685
[V2V Layer 0] Received message from replica 2 via JNI
23:43:50.575 [Server Comm. System] INFO bftsmart.communication.ServerCommunicationSystem - === ServerCommunicationSystem RECEIVED message ===
23:43:50.575 [Server Comm. System] INFO bftsmart.communication.ServerCommunicationSystem -     Message type: ConsensusMessage
23:43:50.575 [Server Comm. System] INFO bftsmart.communication.ServerCommunicationSystem -     From: 2
23:43:50.575 [Server Comm. System] INFO bftsmart.communication.ServerCommunicationSystem -     Message count: 4
    [Reliability 0] handleIncomingMessage() called
        Type: DATA
23:43:50.575 [Server Comm. System] DEBUG bftsmart.communication.ServerCommunicationSystem - <-- receiving, msg:type=WRITE, number=0, epoch=0, from=2
        From: 2
        SeqNum: 0
        Expected seq: 0
23:43:50.575 [Server Comm. System] DEBUG bftsmart.tom.core.ExecutionManager - Received message  type=WRITE, number=0, epoch=0, from=2
        -> IN ORDER, delivering immediately
23:43:50.575 [Server Comm. System] DEBUG bftsmart.tom.core.ExecutionManager - I'm at consensus 0 and my last consensus is -1
    [Reliability 0] deliverMessage() - deserializing payload
23:43:50.575 [Server Comm. System] DEBUG bftsmart.tom.core.ExecutionManager - Message for consensus 0 can be processed
23:43:50.575 [Server Comm. System] DEBUG bftsmart.consensus.roles.Acceptor - Processing paxos msg with id 0
        Deserialized: ConsensusMessage
        DEBUG: envelope.fromReplicaId=2, message.getSender()=2
=== [V2V Layer 0] DELIVER to BFT-SMaRt ===
    Message type: ConsensusMessage
    From replica: 2
    InQueue size before: 0
23:43:50.575 [Server Comm. System] DEBUG bftsmart.consensus.roles.Acceptor - WRITE received from:2, for consensus cId:0
    InQueue size after: 1
=== [V2V Layer 0] DELIVER successful ===
23:43:50.575 [Server Comm. System] DEBUG bftsmart.consensus.roles.Acceptor - I have 5, WRITE's for cId:0, Epoch timestamp:0,
[V2VProxy 3] *** RECEIVED V2V message #13 from=2 to=-1 (broadcast=YES) at t=3.71621888833
[Acceptor 1] computeWrite: cId=0, writeAccepted=5, quorum=5
V2VNativeBridge3: Received message from 2 with length 685
[V2V Layer 3] Received message from replica 2 via JNI
23:43:50.575 [Server Comm. System] INFO bftsmart.communication.ServerCommunicationSystem - === Message processed ===
23:43:50.575 [Server Comm. System] INFO bftsmart.communication.ServerCommunicationSystem - === ServerCommunicationSystem RECEIVED message ===
    [Reliability 3] handleIncomingMessage() called
        Type: DATA
        From: 2
        SeqNum: 0
        Expected seq: 0
23:43:50.576 [Server Comm. System] INFO bftsmart.communication.ServerCommunicationSystem -     Message type: ConsensusMessage
        -> IN ORDER, delivering immediately
    [Reliability 3] deliverMessage() - deserializing payload
23:43:50.576 [Server Comm. System] INFO bftsmart.communication.ServerCommunicationSystem -     From: 2
23:43:50.576 [Server Comm. System] INFO bftsmart.communication.ServerCommunicationSystem -     Message count: 4
        Deserialized: ConsensusMessage
23:43:50.576 [Server Comm. System] DEBUG bftsmart.communication.ServerCommunicationSystem - <-- receiving, msg:type=WRITE, number=0, epoch=0, from=2
        DEBUG: envelope.fromReplicaId=2, message.getSender()=2
=== [V2V Layer 3] DELIVER to BFT-SMaRt ===
    Message type: ConsensusMessage
    From replica: 2
    InQueue size before: 0
23:43:50.576 [Server Comm. System] DEBUG bftsmart.tom.core.ExecutionManager - Received message  type=WRITE, number=0, epoch=0, from=2
    InQueue size after: 1
=== [V2V Layer 3] DELIVER successful ===
[V2VProxy 6] *** RECEIVED V2V message #13 from=2 to=-1 (broadcast=YES) at t=3.716218890715
23:43:50.576 [Server Comm. System] DEBUG bftsmart.tom.core.ExecutionManager - I'm at consensus 0 and my last consensus is -1
V2VNativeBridge6: Received message from 2 with length 685
[V2V Layer 6] Received message from replica 2 via JNI
23:43:50.576 [Server Comm. System] INFO bftsmart.communication.ServerCommunicationSystem - === ServerCommunicationSystem RECEIVED message ===
23:43:50.576 [Server Comm. System] INFO bftsmart.communication.ServerCommunicationSystem -     Message type: ConsensusMessage
23:43:50.576 [Server Comm. System] INFO bftsmart.communication.ServerCommunicationSystem -     From: 2
23:43:50.576 [Server Comm. System] DEBUG bftsmart.tom.core.ExecutionManager - Message for consensus 0 can be processed
23:43:50.576 [Server Comm. System] INFO bftsmart.communication.ServerCommunicationSystem -     Message count: 4
23:43:50.576 [Server Comm. System] DEBUG bftsmart.consensus.roles.Acceptor - Processing paxos msg with id 0
23:43:50.576 [Server Comm. System] DEBUG bftsmart.communication.ServerCommunicationSystem - <-- receiving, msg:type=WRITE, number=0, epoch=0, from=2
23:43:50.576 [Server Comm. System] DEBUG bftsmart.tom.core.ExecutionManager - Received message  type=WRITE, number=0, epoch=0, from=2
23:43:50.576 [Server Comm. System] DEBUG bftsmart.consensus.roles.Acceptor - WRITE received from:2, for consensus cId:0
23:43:50.576 [Server Comm. System] DEBUG bftsmart.tom.core.ExecutionManager - I'm at consensus 0 and my last consensus is -1
23:43:50.576 [Server Comm. System] DEBUG bftsmart.tom.core.ExecutionManager - Message for consensus 0 can be processed
23:43:50.576 [Server Comm. System] DEBUG bftsmart.consensus.roles.Acceptor - I have 5, WRITE's for cId:0, Epoch timestamp:0,
23:43:50.576 [Server Comm. System] DEBUG bftsmart.consensus.roles.Acceptor - Processing paxos msg with id 0
[Acceptor 0] computeWrite: cId=0, writeAccepted=5, quorum=5
23:43:50.576 [Server Comm. System] DEBUG bftsmart.consensus.roles.Acceptor - WRITE received from:2, for consensus cId:0
23:43:50.576 [Server Comm. System] INFO bftsmart.communication.ServerCommunicationSystem - === Message processed ===
23:43:50.576 [Server Comm. System] DEBUG bftsmart.consensus.roles.Acceptor - I have 5, WRITE's for cId:0, Epoch timestamp:0,
[Acceptor 3] computeWrite: cId=0, writeAccepted=5, quorum=5
23:43:50.576 [Server Comm. System] INFO bftsmart.communication.ServerCommunicationSystem - === Message processed ===
    [Reliability 6] handleIncomingMessage() called
        Type: DATA
        From: 2
        SeqNum: 0
        Expected seq: 0
        -> IN ORDER, delivering immediately
    [Reliability 6] deliverMessage() - deserializing payload
        Deserialized: ConsensusMessage
        DEBUG: envelope.fromReplicaId=2, message.getSender()=2
=== [V2V Layer 6] DELIVER to BFT-SMaRt ===
    Message type: ConsensusMessage
    From replica: 2
    InQueue size before: 0
    InQueue size after: 1
=== [V2V Layer 6] DELIVER successful ===
23:43:50.577 [Server Comm. System] INFO bftsmart.communication.ServerCommunicationSystem - === ServerCommunicationSystem RECEIVED message ===
23:43:50.577 [Server Comm. System] INFO bftsmart.communication.ServerCommunicationSystem -     Message type: ConsensusMessage
23:43:50.577 [Server Comm. System] INFO bftsmart.communication.ServerCommunicationSystem -     From: 2
23:43:50.577 [Server Comm. System] INFO bftsmart.communication.ServerCommunicationSystem -     Message count: 4
23:43:50.577 [Server Comm. System] DEBUG bftsmart.communication.ServerCommunicationSystem - <-- receiving, msg:type=WRITE, number=0, epoch=0, from=2
23:43:50.577 [Server Comm. System] DEBUG bftsmart.tom.core.ExecutionManager - Received message  type=WRITE, number=0, epoch=0, from=2
23:43:50.577 [Server Comm. System] DEBUG bftsmart.tom.core.ExecutionManager - I'm at consensus 0 and my last consensus is -1
23:43:50.577 [Server Comm. System] DEBUG bftsmart.tom.core.ExecutionManager - Message for consensus 0 can be processed
23:43:50.577 [Server Comm. System] DEBUG bftsmart.consensus.roles.Acceptor - Processing paxos msg with id 0
23:43:50.577 [Server Comm. System] DEBUG bftsmart.consensus.roles.Acceptor - WRITE received from:2, for consensus cId:0
23:43:50.577 [Server Comm. System] DEBUG bftsmart.consensus.roles.Acceptor - I have 5, WRITE's for cId:0, Epoch timestamp:0,
[Acceptor 6] computeWrite: cId=0, writeAccepted=5, quorum=5
23:43:50.577 [Server Comm. System] INFO bftsmart.communication.ServerCommunicationSystem - === Message processed ===
[V2VProxy 5] *** RECEIVED V2V message #13 from=2 to=-1 (broadcast=YES) at t=3.716218891069
V2VNativeBridge5: Received message from 2 with length 685
[V2V Layer 5] Received message from replica 2 via JNI
    [Reliability 5] handleIncomingMessage() called
        Type: DATA
        From: 2
        SeqNum: 0
        Expected seq: 0
        -> IN ORDER, delivering immediately
    [Reliability 5] deliverMessage() - deserializing payload
        Deserialized: ConsensusMessage
        DEBUG: envelope.fromReplicaId=2, message.getSender()=2
=== [V2V Layer 5] DELIVER to BFT-SMaRt ===
    Message type: ConsensusMessage
    From replica: 2
    InQueue size before: 0
    InQueue size after: 1
=== [V2V Layer 5] DELIVER successful ===
23:43:50.578 [Server Comm. System] INFO bftsmart.communication.ServerCommunicationSystem - === ServerCommunicationSystem RECEIVED message ===
23:43:50.578 [Server Comm. System] INFO bftsmart.communication.ServerCommunicationSystem -     Message type: ConsensusMessage
[V2VProxy 7] *** RECEIVED V2V message #12 from=2 to=-1 (broadcast=YES) at t=3.716218930683
V2VNativeBridge7: Received message from 2 with length 685
[V2V Layer 7] Received message from replica 2 via JNI
23:43:50.578 [Server Comm. System] INFO bftsmart.communication.ServerCommunicationSystem -     From: 2
23:43:50.578 [Server Comm. System] INFO bftsmart.communication.ServerCommunicationSystem -     Message count: 4
23:43:50.578 [Server Comm. System] DEBUG bftsmart.communication.ServerCommunicationSystem - <-- receiving, msg:type=WRITE, number=0, epoch=0, from=2
23:43:50.578 [Server Comm. System] DEBUG bftsmart.tom.core.ExecutionManager - Received message  type=WRITE, number=0, epoch=0, from=2
23:43:50.578 [Server Comm. System] DEBUG bftsmart.tom.core.ExecutionManager - I'm at consensus 0 and my last consensus is -1
    [Reliability 7] handleIncomingMessage() called
        Type: DATA
        From: 2
        SeqNum: 0
23:43:50.578 [Server Comm. System] DEBUG bftsmart.tom.core.ExecutionManager - Message for consensus 0 can be processed
        Expected seq: 0
        -> IN ORDER, delivering immediately
    [Reliability 7] deliverMessage() - deserializing payload
23:43:50.578 [Server Comm. System] DEBUG bftsmart.consensus.roles.Acceptor - Processing paxos msg with id 0
23:43:50.578 [Server Comm. System] DEBUG bftsmart.consensus.roles.Acceptor - WRITE received from:2, for consensus cId:0
        Deserialized: ConsensusMessage
        DEBUG: envelope.fromReplicaId=2, message.getSender()=2
=== [V2V Layer 7] DELIVER to BFT-SMaRt ===
    Message type: ConsensusMessage
23:43:50.578 [Server Comm. System] DEBUG bftsmart.consensus.roles.Acceptor - I have 5, WRITE's for cId:0, Epoch timestamp:0,
    From replica: 2
    InQueue size before: 0
[Acceptor 5] computeWrite: cId=0, writeAccepted=5, quorum=5
    InQueue size after: 1
=== [V2V Layer 7] DELIVER successful ===
23:43:50.578 [Server Comm. System] INFO bftsmart.communication.ServerCommunicationSystem - === Message processed ===
23:43:50.578 [Server Comm. System] INFO bftsmart.communication.ServerCommunicationSystem - === ServerCommunicationSystem RECEIVED message ===
[V2VProxy 2] *** RECEIVED V2V message #13 from=4 to=-1 (broadcast=YES) at t=3.717557876326
23:43:50.579 [Server Comm. System] INFO bftsmart.communication.ServerCommunicationSystem -     Message type: ConsensusMessage
V2VNativeBridge2: Received message from 4 with length 685
[V2V Layer 2] Received message from replica 4 via JNI
23:43:50.579 [Server Comm. System] INFO bftsmart.communication.ServerCommunicationSystem -     From: 2
23:43:50.579 [Server Comm. System] INFO bftsmart.communication.ServerCommunicationSystem -     Message count: 3
23:43:50.579 [Server Comm. System] DEBUG bftsmart.communication.ServerCommunicationSystem - <-- receiving, msg:type=WRITE, number=0, epoch=0, from=2
23:43:50.579 [Server Comm. System] DEBUG bftsmart.tom.core.ExecutionManager - Received message  type=WRITE, number=0, epoch=0, from=2
23:43:50.579 [Server Comm. System] DEBUG bftsmart.tom.core.ExecutionManager - I'm at consensus 0 and my last consensus is -1
    [Reliability 2] handleIncomingMessage() called
        Type: DATA
        From: 4
        SeqNum: 0
        Expected seq: 1
23:43:50.579 [Server Comm. System] DEBUG bftsmart.tom.core.ExecutionManager - Message for consensus 0 can be processed
        -> DUPLICATE (seq < expected), ignoring
23:43:50.579 [Server Comm. System] DEBUG bftsmart.consensus.roles.Acceptor - Processing paxos msg with id 0
23:43:50.579 [Server Comm. System] DEBUG bftsmart.consensus.roles.Acceptor - WRITE received from:2, for consensus cId:0
[V2VProxy 5] *** RECEIVED V2V message #14 from=4 to=-1 (broadcast=YES) at t=3.717557891814
V2VNativeBridge5: Received message from 4 with length 685
23:43:50.579 [Server Comm. System] DEBUG bftsmart.consensus.roles.Acceptor - I have 4, WRITE's for cId:0, Epoch timestamp:0,
[V2V Layer 5] Received message from replica 4 via JNI
[Acceptor 7] computeWrite: cId=0, writeAccepted=4, quorum=5
23:43:50.579 [Server Comm. System] INFO bftsmart.communication.ServerCommunicationSystem - === Message processed ===
    [Reliability 5] handleIncomingMessage() called
        Type: DATA
        From: 4
        SeqNum: 0
        Expected seq: 1
        -> DUPLICATE (seq < expected), ignoring
[V2VProxy 4] *** RECEIVED V2V message #14 from=2 to=-1 (broadcast=YES) at t=3.722007194711
V2VNativeBridge4: Received message from 2 with length 763
[V2V Layer 4] Received message from replica 2 via JNI
    [Reliability 4] handleIncomingMessage() called
        Type: DATA
        From: 2
        SeqNum: 0
        Expected seq: 1
        -> DUPLICATE (seq < expected), ignoring
[V2VProxy 4] *** RECEIVED V2V message #15 from=2 to=-1 (broadcast=YES) at t=3.723346194711
V2VNativeBridge4: Received message from 2 with length 685
[V2V Layer 4] Received message from replica 2 via JNI
    [Reliability 4] handleIncomingMessage() called
        Type: DATA
        From: 2
        SeqNum: 0
        Expected seq: 1
        -> DUPLICATE (seq < expected), ignoring
[V2VProxy 1] *** RECEIVED V2V message #14 from=2 to=-1 (broadcast=YES) at t=3.723346212725
V2VNativeBridge1: Received message from 2 with length 685
[V2V Layer 1] Received message from replica 2 via JNI
    [Reliability 1] handleIncomingMessage() called
        Type: DATA
        From: 2
        SeqNum: 0
        Expected seq: 1
        -> DUPLICATE (seq < expected), ignoring
[V2VProxy 0] *** RECEIVED V2V message #5 from=2 to=-1 (broadcast=YES) at t=3.723346220602
V2VNativeBridge0: Received message from 2 with length 685
[V2V Layer 0] Received message from replica 2 via JNI
    [Reliability 0] handleIncomingMessage() called
        Type: DATA
        From: 2
        SeqNum: 0
        Expected seq: 1
        -> DUPLICATE (seq < expected), ignoring
[V2VProxy 3] *** RECEIVED V2V message #14 from=2 to=-1 (broadcast=YES) at t=3.72334622419
V2VNativeBridge3: Received message from 2 with length 685
[V2V Layer 3] Received message from replica 2 via JNI
    [Reliability 3] handleIncomingMessage() called
        Type: DATA
        From: 2
        SeqNum: 0
        Expected seq: 1
        -> DUPLICATE (seq < expected), ignoring
[V2VProxy 6] *** RECEIVED V2V message #14 from=2 to=-1 (broadcast=YES) at t=3.723346226575
[V2VProxy 6] Delivering message #101 from replica 2 to Java (685 bytes)
V2VNativeBridge6: Received message from 2 with length 685
[V2V Layer 6] Received message from replica 2 via JNI
    [Reliability 6] handleIncomingMessage() called
        Type: DATA
        From: 2
        SeqNum: 0
        Expected seq: 1
        -> DUPLICATE (seq < expected), ignoring
[V2VProxy 5] *** RECEIVED V2V message #15 from=2 to=-1 (broadcast=YES) at t=3.723346226929
V2VNativeBridge5: Received message from 2 with length 685
[V2V Layer 5] Received message from replica 2 via JNI
    [Reliability 5] handleIncomingMessage() called
        Type: DATA
        From: 2
        SeqNum: 0
        Expected seq: 1
        -> DUPLICATE (seq < expected), ignoring
[V2VProxy 7] *** RECEIVED V2V message #13 from=2 to=-1 (broadcast=YES) at t=3.723346266543
V2VNativeBridge7: Received message from 2 with length 685
[V2V Layer 7] Received message from replica 2 via JNI
    [Reliability 7] handleIncomingMessage() called
        Type: DATA
        From: 2
        SeqNum: 0
        Expected seq: 1
        -> DUPLICATE (seq < expected), ignoring
[V2VProxy 2] *** RECEIVED V2V message #14 from=3 to=-1 (broadcast=YES) at t=3.724685271144
V2VNativeBridge2: Received message from 3 with length 685
[V2V Layer 2] Received message from replica 3 via JNI
    [Reliability 2] handleIncomingMessage() called
        Type: DATA
        From: 3
        SeqNum: 0
        Expected seq: 0
        -> IN ORDER, delivering immediately
    [Reliability 2] deliverMessage() - deserializing payload
        Deserialized: ConsensusMessage
        DEBUG: envelope.fromReplicaId=3, message.getSender()=3
=== [V2V Layer 2] DELIVER to BFT-SMaRt ===
    Message type: ConsensusMessage
    From replica: 3
    InQueue size before: 0
    InQueue size after: 1
=== [V2V Layer 2] DELIVER successful ===
23:43:50.584 [Server Comm. System] INFO bftsmart.communication.ServerCommunicationSystem - === ServerCommunicationSystem RECEIVED message ===
23:43:50.584 [Server Comm. System] INFO bftsmart.communication.ServerCommunicationSystem -     Message type: ConsensusMessage
23:43:50.584 [Server Comm. System] INFO bftsmart.communication.ServerCommunicationSystem -     From: 3
23:43:50.584 [Server Comm. System] INFO bftsmart.communication.ServerCommunicationSystem -     Message count: 4
23:43:50.584 [Server Comm. System] DEBUG bftsmart.communication.ServerCommunicationSystem - <-- receiving, msg:type=WRITE, number=0, epoch=0, from=3
23:43:50.584 [Server Comm. System] DEBUG bftsmart.tom.core.ExecutionManager - Received message  type=WRITE, number=0, epoch=0, from=3
23:43:50.584 [Server Comm. System] DEBUG bftsmart.tom.core.ExecutionManager - I'm at consensus 0 and my last consensus is -1
23:43:50.584 [Server Comm. System] DEBUG bftsmart.tom.core.ExecutionManager - Message for consensus 0 can be processed
23:43:50.584 [Server Comm. System] DEBUG bftsmart.consensus.roles.Acceptor - Processing paxos msg with id 0
23:43:50.584 [Server Comm. System] DEBUG bftsmart.consensus.roles.Acceptor - WRITE received from:3, for consensus cId:0
23:43:50.584 [Server Comm. System] DEBUG bftsmart.consensus.roles.Acceptor - I have 5, WRITE's for cId:0, Epoch timestamp:0,
[Acceptor 2] computeWrite: cId=0, writeAccepted=5, quorum=5
23:43:50.584 [Server Comm. System] INFO bftsmart.communication.ServerCommunicationSystem - === Message processed ===
[V2VProxy 0] *** RECEIVED V2V message #6 from=6 to=-1 (broadcast=YES) at t=3.726024328991
V2VNativeBridge0: Received message from 6 with length 685
[V2V Layer 0] Received message from replica 6 via JNI
    [Reliability 0] handleIncomingMessage() called
        Type: DATA
        From: 6
        SeqNum: 0
        Expected seq: 1
        -> DUPLICATE (seq < expected), ignoring
[V2VProxy 7] *** RECEIVED V2V message #14 from=6 to=-1 (broadcast=YES) at t=3.726024356033
V2VNativeBridge7: Received message from 6 with length 685
[V2V Layer 7] Received message from replica 6 via JNI
    [Reliability 7] handleIncomingMessage() called
        Type: DATA
        From: 6
        SeqNum: 0
        Expected seq: 0
        -> IN ORDER, delivering immediately
    [Reliability 7] deliverMessage() - deserializing payload
        Deserialized: ConsensusMessage
        DEBUG: envelope.fromReplicaId=6, message.getSender()=6
=== [V2V Layer 7] DELIVER to BFT-SMaRt ===
    Message type: ConsensusMessage
    From replica: 6
    InQueue size before: 0
    InQueue size after: 1
=== [V2V Layer 7] DELIVER successful ===
23:43:50.585 [Server Comm. System] INFO bftsmart.communication.ServerCommunicationSystem - === ServerCommunicationSystem RECEIVED message ===
23:43:50.585 [Server Comm. System] INFO bftsmart.communication.ServerCommunicationSystem -     Message type: ConsensusMessage
23:43:50.585 [Server Comm. System] INFO bftsmart.communication.ServerCommunicationSystem -     From: 6
23:43:50.585 [Server Comm. System] INFO bftsmart.communication.ServerCommunicationSystem -     Message count: 4
23:43:50.585 [Server Comm. System] DEBUG bftsmart.communication.ServerCommunicationSystem - <-- receiving, msg:type=WRITE, number=0, epoch=0, from=6
23:43:50.585 [Server Comm. System] DEBUG bftsmart.tom.core.ExecutionManager - Received message  type=WRITE, number=0, epoch=0, from=6
23:43:50.585 [Server Comm. System] DEBUG bftsmart.tom.core.ExecutionManager - I'm at consensus 0 and my last consensus is -1
23:43:50.585 [Server Comm. System] DEBUG bftsmart.tom.core.ExecutionManager - Message for consensus 0 can be processed
23:43:50.585 [Server Comm. System] DEBUG bftsmart.consensus.roles.Acceptor - Processing paxos msg with id 0
23:43:50.585 [Server Comm. System] DEBUG bftsmart.consensus.roles.Acceptor - WRITE received from:6, for consensus cId:0
23:43:50.585 [Server Comm. System] DEBUG bftsmart.consensus.roles.Acceptor - I have 5, WRITE's for cId:0, Epoch timestamp:0,
[Acceptor 7] computeWrite: cId=0, writeAccepted=5, quorum=5
23:43:50.585 [Server Comm. System] INFO bftsmart.communication.ServerCommunicationSystem - === Message processed ===
[V2VProxy 0] *** RECEIVED V2V message #7 from=6 to=-1 (broadcast=YES) at t=3.728702527074
V2VNativeBridge0: Received message from 6 with length 685
[V2V Layer 0] Received message from replica 6 via JNI
    [Reliability 0] handleIncomingMessage() called
        Type: DATA
        From: 6
        SeqNum: 0
        Expected seq: 1
        -> DUPLICATE (seq < expected), ignoring
[V2VProxy 3] *** RECEIVED V2V message #15 from=6 to=-1 (broadcast=YES) at t=3.7287025526
V2VNativeBridge3: Received message from 6 with length 685
[V2V Layer 3] Received message from replica 6 via JNI
    [Reliability 3] handleIncomingMessage() called
        Type: DATA
        From: 6
        SeqNum: 0
        Expected seq: 0
        -> IN ORDER, delivering immediately
    [Reliability 3] deliverMessage() - deserializing payload
        Deserialized: ConsensusMessage
        DEBUG: envelope.fromReplicaId=6, message.getSender()=6
=== [V2V Layer 3] DELIVER to BFT-SMaRt ===
    Message type: ConsensusMessage
    From replica: 6
    InQueue size before: 0
    InQueue size after: 1
=== [V2V Layer 3] DELIVER successful ===
[V2VProxy 7] *** RECEIVED V2V message #15 from=6 to=-1 (broadcast=YES) at t=3.728702554116
V2VNativeBridge7: Received message from 6 with length 685
23:43:50.587 [Server Comm. System] INFO bftsmart.communication.ServerCommunicationSystem - === ServerCommunicationSystem RECEIVED message ===
[V2V Layer 7] Received message from replica 6 via JNI
23:43:50.587 [Server Comm. System] INFO bftsmart.communication.ServerCommunicationSystem -     Message type: ConsensusMessage
23:43:50.587 [Server Comm. System] INFO bftsmart.communication.ServerCommunicationSystem -     From: 6
23:43:50.587 [Server Comm. System] INFO bftsmart.communication.ServerCommunicationSystem -     Message count: 5
23:43:50.587 [Server Comm. System] DEBUG bftsmart.communication.ServerCommunicationSystem - <-- receiving, msg:type=WRITE, number=0, epoch=0, from=6
23:43:50.587 [Server Comm. System] DEBUG bftsmart.tom.core.ExecutionManager - Received message  type=WRITE, number=0, epoch=0, from=6
23:43:50.587 [Server Comm. System] DEBUG bftsmart.tom.core.ExecutionManager - I'm at consensus 0 and my last consensus is -1
23:43:50.587 [Server Comm. System] DEBUG bftsmart.tom.core.ExecutionManager - Message for consensus 0 can be processed
23:43:50.587 [Server Comm. System] DEBUG bftsmart.consensus.roles.Acceptor - Processing paxos msg with id 0
    [Reliability 7] handleIncomingMessage() called
        Type: DATA
        From: 6
        SeqNum: 0
23:43:50.587 [Server Comm. System] DEBUG bftsmart.consensus.roles.Acceptor - WRITE received from:6, for consensus cId:0
        Expected seq: 1
        -> DUPLICATE (seq < expected), ignoring
23:43:50.587 [Server Comm. System] DEBUG bftsmart.consensus.roles.Acceptor - I have 6, WRITE's for cId:0, Epoch timestamp:0,
[Acceptor 3] computeWrite: cId=0, writeAccepted=6, quorum=5
[V2VProxy 2] *** RECEIVED V2V message #15 from=6 to=-1 (broadcast=YES) at t=3.72870255871
V2VNativeBridge2: Received message from 6 with length 685
[V2V Layer 2] Received message from replica 6 via JNI
23:43:50.588 [Server Comm. System] DEBUG bftsmart.consensus.roles.Acceptor - Sending ACCEPT message, cId:0, I am:3
    [Reliability 2] handleIncomingMessage() called
        Type: DATA
23:43:50.588 [Server Comm. System] DEBUG bftsmart.consensus.roles.Acceptor - Setting consensus 0 QuorumWrite tiemstamp to 0 and value [82, 112, 31, -54, 15, -45, -64, 12, 72, 99, -88, -115, 89, -2, -80, -120, 56, -29, -13, 59, 20, 97, 16, 8, 17, 99, 13, -80, -12, -57, 43, 45]
        From: 6
        SeqNum: 0
        Expected seq: 0
        -> IN ORDER, delivering immediately
    [Reliability 2] deliverMessage() - deserializing payload
23:43:50.588 [Server Comm. System] DEBUG bftsmart.consensus.roles.Acceptor - Speculative ACCEPT message for consensus 0 matches the written value, sending it to the other replicas
[Acceptor 3] ABOUT TO SEND speculative ACCEPT for cId=0 to targets=[0, 1, 2, 3, 4, 5, 6, 7]
=== [V2V Layer 3] SEND called ===
    Targets: [0, 1, 2, 3, 4, 5, 6, 7]
    Message type: ConsensusMessage
    Sender: 3
        Deserialized: ConsensusMessage
        DEBUG: envelope.fromReplicaId=6, message.getSender()=6
=== [V2V Layer 2] DELIVER to BFT-SMaRt ===
    Message type: ConsensusMessage
    From replica: 6
    InQueue size before: 0
    -> Sending to replica 0 via V2V
    [Reliability 3] sendReliable() called
        Target: 0
        Message type: ConsensusMessage
    InQueue size after: 1
=== [V2V Layer 2] DELIVER successful ===
23:43:50.588 [Server Comm. System] INFO bftsmart.communication.ServerCommunicationSystem - === ServerCommunicationSystem RECEIVED message ===
[V2VProxy 1] *** RECEIVED V2V message #15 from=6 to=-1 (broadcast=YES) at t=3.728702567921
V2VNativeBridge1: Received message from 6 with length 685
[V2V Layer 1] Received message from replica 6 via JNI
        Sequence number: 1
    [Reliability 1] handleIncomingMessage() called
23:43:50.588 [Server Comm. System] INFO bftsmart.communication.ServerCommunicationSystem -     Message type: ConsensusMessage
        Type: DATA
        From: 6
23:43:50.588 [Server Comm. System] INFO bftsmart.communication.ServerCommunicationSystem -     From: 6
        SeqNum: 0
23:43:50.588 [Server Comm. System] INFO bftsmart.communication.ServerCommunicationSystem -     Message count: 5
        Expected seq: 0
        Payload size: 266 bytes
        [Reliability 3] Piggybacked 2 ACKs to replica 0
23:43:50.588 [Server Comm. System] DEBUG bftsmart.communication.ServerCommunicationSystem - <-- receiving, msg:type=WRITE, number=0, epoch=0, from=6
        -> IN ORDER, delivering immediately
    [Reliability 1] deliverMessage() - deserializing payload
23:43:50.588 [Server Comm. System] DEBUG bftsmart.tom.core.ExecutionManager - Received message  type=WRITE, number=0, epoch=0, from=6
23:43:50.588 [Server Comm. System] DEBUG bftsmart.tom.core.ExecutionManager - I'm at consensus 0 and my last consensus is -1
23:43:50.588 [Server Comm. System] DEBUG bftsmart.tom.core.ExecutionManager - Message for consensus 0 can be processed
23:43:50.588 [Server Comm. System] DEBUG bftsmart.consensus.roles.Acceptor - Processing paxos msg with id 0
        Deserialized: ConsensusMessage
23:43:50.588 [Server Comm. System] DEBUG bftsmart.consensus.roles.Acceptor - WRITE received from:6, for consensus cId:0
        DEBUG: envelope.fromReplicaId=6, message.getSender()=6
=== [V2V Layer 1] DELIVER to BFT-SMaRt ===
V2VNativeBridge3: Sending message to -1 with length 871
    Message type: ConsensusMessage[JNI] nativeSendMessage: 3 -> -1

[JNI] Sending 871 bytes (3->-1)
    From replica: 6[DEBUG V2VProxy 3] Queue has space - adding message

[JNI] Message queued successfully
    InQueue size before: 0
23:43:50.588 [Server Comm. System] DEBUG bftsmart.consensus.roles.Acceptor - I have 6, WRITE's for cId:0, Epoch timestamp:0,
        [Reliability 3] Sent seq=1 to replica 0
[Acceptor 2] computeWrite: cId=0, writeAccepted=6, quorum=5
    -> Sending to replica 1 via V2V
23:43:50.588 [Server Comm. System] DEBUG bftsmart.consensus.roles.Acceptor - Sending ACCEPT message, cId:0, I am:2
    [Reliability 3] sendReliable() called
        Target: 1
    InQueue size after: 1
=== [V2V Layer 1] DELIVER successful ===
[V2VProxy 4] *** RECEIVED V2V message #16 from=6 to=-1 (broadcast=YES) at t=3.728702569932
V2VNativeBridge4: Received message from 6 with length 685
[V2V Layer 4] Received message from replica 6 via JNI
23:43:50.588 [Server Comm. System] INFO bftsmart.communication.ServerCommunicationSystem - === ServerCommunicationSystem RECEIVED message ===
23:43:50.588 [Server Comm. System] DEBUG bftsmart.consensus.roles.Acceptor - Setting consensus 0 QuorumWrite tiemstamp to 0 and value [82, 112, 31, -54, 15, -45, -64, 12, 72, 99, -88, -115, 89, -2, -80, -120, 56, -29, -13, 59, 20, 97, 16, 8, 17, 99, 13, -80, -12, -57, 43, 45]
        Message type: ConsensusMessage
        Sequence number: 1
23:43:50.588 [Server Comm. System] INFO bftsmart.communication.ServerCommunicationSystem -     Message type: ConsensusMessage
        Payload size: 266 bytes
23:43:50.588 [Server Comm. System] DEBUG bftsmart.consensus.roles.Acceptor - Speculative ACCEPT message for consensus 0 matches the written value, sending it to the other replicas
[Acceptor 2] ABOUT TO SEND speculative ACCEPT for cId=0 to targets=[0, 1, 2, 3, 4, 5, 6, 7]
=== [V2V Layer 2] SEND called ===
    Targets: [0, 1, 2, 3, 4, 5, 6, 7]
    [Reliability 4] handleIncomingMessage() called
        Type: DATA
        From: 6
        SeqNum: 0
        Expected seq: 0
23:43:50.589 [Server Comm. System] INFO bftsmart.communication.ServerCommunicationSystem -     From: 6
        -> IN ORDER, delivering immediately
    [Reliability 4] deliverMessage() - deserializing payload
23:43:50.589 [Server Comm. System] INFO bftsmart.communication.ServerCommunicationSystem -     Message count: 5
        Deserialized: ConsensusMessage
        DEBUG: envelope.fromReplicaId=6, message.getSender()=6
=== [V2V Layer 4] DELIVER to BFT-SMaRt ===
    Message type: ConsensusMessage
    From replica: 6
    InQueue size before: 0
23:43:50.589 [Server Comm. System] DEBUG bftsmart.communication.ServerCommunicationSystem - <-- receiving, msg:type=WRITE, number=0, epoch=0, from=6
    Message type: ConsensusMessage
    InQueue size after: 1
=== [V2V Layer 4] DELIVER successful ===
    Sender: 2[V2VProxy 5] *** RECEIVED V2V message #16 from=6 to=-1 (broadcast=YES) at t=3.728702601235

    -> Sending to replica 0 via V2V
    [Reliability 2] sendReliable() called
        Target: 0
        Message type: ConsensusMessage
        Sequence number: 1
23:43:50.589 [Server Comm. System] DEBUG bftsmart.tom.core.ExecutionManager - Received message  type=WRITE, number=0, epoch=0, from=6
        Payload size: 266 bytes
        [Reliability 2] Piggybacked 2 ACKs to replica 0
V2VNativeBridge3: Sending message to -1 with length 779
23:43:50.589 [Server Comm. System] DEBUG bftsmart.tom.core.ExecutionManager - I'm at consensus 0 and my last consensus is -1
[JNI] nativeSendMessage: 3 -> -1
[JNI] Sending 779 bytes (3->-1)
[DEBUG V2VProxy 3] Queue has space - adding message
[JNI] Message queued successfully
        [Reliability 3] Sent seq=1 to replica 1
    -> Sending to replica 2 via V2V
    [Reliability 3] sendReliable() called
        Target: 2
        Message type: ConsensusMessage
        Sequence number: 1
V2VNativeBridge5: Received message from 6 with length 685
[V2V Layer 5] Received message from replica 6 via JNI
23:43:50.589 [Server Comm. System] DEBUG bftsmart.tom.core.ExecutionManager - Message for consensus 0 can be processed
V2VNativeBridge2: Sending message to -1 with length 871
[JNI] nativeSendMessage: 2 -> -1
[JNI] Sending 871 bytes (2->-1)
[DEBUG V2VProxy 2] Queue has space - adding message
[JNI] Message queued successfully
        [Reliability 2] Sent seq=1 to replica 0
    -> Sending to replica 1 via V2V
    [Reliability 2] sendReliable() called
        Target: 1
        Message type: ConsensusMessage
        Sequence number: 1
        Payload size: 266 bytes
        Payload size: 266 bytes
23:43:50.589 [Server Comm. System] DEBUG bftsmart.consensus.roles.Acceptor - Processing paxos msg with id 0
        [Reliability 3] Piggybacked 1 ACKs to replica 2
23:43:50.589 [Server Comm. System] INFO bftsmart.communication.ServerCommunicationSystem - === ServerCommunicationSystem RECEIVED message ===
V2VNativeBridge3: Sending message to -1 with length 857
[JNI] nativeSendMessage: 3 -> -1
    [Reliability 5] handleIncomingMessage() called[JNI] Sending 857 bytes (3->-1)
[DEBUG V2VProxy 3] Queue has space - adding message

[JNI] Message queued successfully
        Type: DATA
        From: 6
        SeqNum: 0
        Expected seq: 0
V2VNativeBridge2: Sending message to -1 with length 779
[JNI] nativeSendMessage: 2 -> -1
[JNI] Sending 779 bytes (2->-1)
        -> IN ORDER, delivering immediately[DEBUG V2VProxy 2] Queue has space - adding message
[JNI] Message queued successfully

        [Reliability 2] Sent seq=1 to replica 1
    -> Self-delivery to replica 2
=== [V2V Layer 2] DELIVER to BFT-SMaRt ===
    Message type: ConsensusMessage
    From replica: 2
    [Reliability 5] deliverMessage() - deserializing payload
        [Reliability 3] Sent seq=1 to replica 2
    -> Self-delivery to replica 3
=== [V2V Layer 3] DELIVER to BFT-SMaRt ===
    Message type: ConsensusMessage
    From replica: 3
    InQueue size before: 0
    InQueue size after: 1
=== [V2V Layer 3] DELIVER successful ===
    -> Sending to replica 4 via V2V
    [Reliability 3] sendReliable() called
        Target: 4
        Deserialized: ConsensusMessage
        DEBUG: envelope.fromReplicaId=6, message.getSender()=6
=== [V2V Layer 5] DELIVER to BFT-SMaRt ===
    Message type: ConsensusMessage
    From replica: 6
    InQueue size before: 0
    InQueue size before: 0
    InQueue size after: 1
=== [V2V Layer 5] DELIVER successful ===
        Message type: ConsensusMessage
        Sequence number: 1
23:43:50.589 [Server Comm. System] DEBUG bftsmart.consensus.roles.Acceptor - WRITE received from:6, for consensus cId:0
        Payload size: 266 bytes
23:43:50.590 [Server Comm. System] INFO bftsmart.communication.ServerCommunicationSystem -     Message type: ConsensusMessage
        [Reliability 3] Piggybacked 1 ACKs to replica 4
    InQueue size after: 1
=== [V2V Layer 2] DELIVER successful ===
    -> Sending to replica 3 via V2V
    [Reliability 2] sendReliable() called
        Target: 3
        Message type: ConsensusMessage
23:43:50.590 [Server Comm. System] INFO bftsmart.communication.ServerCommunicationSystem - === ServerCommunicationSystem RECEIVED message ===
V2VNativeBridge3: Sending message to -1 with length 857
[V2VProxy 0] *** RECEIVED V2V message #8 from=6 to=-1 (broadcast=YES) at t=3.730185527074
        Sequence number: 1
V2VNativeBridge0: Received message from 6 with length 763[JNI] nativeSendMessage: 3 -> -1

[JNI] Sending 857 bytes (3->-1)
[DEBUG V2VProxy 3] Queue has space - adding message
[V2V Layer 0] Received message from replica 6 via JNI[JNI] Message queued successfully

        [Reliability 3] Sent seq=1 to replica 4
        Payload size: 266 bytes
    -> Sending to replica 5 via V2V
    [Reliability 3] sendReliable() called
        Target: 5
        Message type: ConsensusMessage
        Sequence number: 1
23:43:50.590 [Server Comm. System] DEBUG bftsmart.consensus.roles.Acceptor - I have 6, WRITE's for cId:0, Epoch timestamp:0,
        Payload size: 266 bytes
        [Reliability 2] Piggybacked 1 ACKs to replica 3
[Acceptor 1] computeWrite: cId=0, writeAccepted=6, quorum=5
V2VNativeBridge3: Sending message to -1 with length 779
23:43:50.590 [Server Comm. System] INFO bftsmart.communication.ServerCommunicationSystem -     From: 6
[JNI] nativeSendMessage: 3 -> -1
23:43:50.591 [Server Comm. System] DEBUG bftsmart.consensus.roles.Acceptor - Sending ACCEPT message, cId:0, I am:1
[JNI] Sending 779 bytes (3->-1)
[DEBUG V2VProxy 3] Queue has space - adding message
[JNI] Message queued successfully
    [Reliability 0] handleIncomingMessage() called
V2VNativeBridge2: Sending message to -1 with length 857
[JNI] nativeSendMessage: 2 -> -1
[JNI] Sending 857 bytes (2->-1)
[DEBUG V2VProxy 2] Queue has space - adding message
[JNI] Message queued successfully
        [Reliability 2] Sent seq=1 to replica 3
    -> Sending to replica 4 via V2V
        Type: DATA
        From: 6
        [Reliability 3] Sent seq=1 to replica 5
    -> Sending to replica 6 via V2V
    [Reliability 3] sendReliable() called
        Target: 6
        Message type: ConsensusMessage
        Sequence number: 1
23:43:50.591 [Server Comm. System] DEBUG bftsmart.consensus.roles.Acceptor - Setting consensus 0 QuorumWrite tiemstamp to 0 and value [82, 112, 31, -54, 15, -45, -64, 12, 72, 99, -88, -115, 89, -2, -80, -120, 56, -29, -13, 59, 20, 97, 16, 8, 17, 99, 13, -80, -12, -57, 43, 45]
        Payload size: 266 bytes
        [Reliability 3] Piggybacked 1 ACKs to replica 6
        SeqNum: 0
V2VNativeBridge3: Sending message to -1 with length 857
[JNI] nativeSendMessage: 3 -> -1
[JNI] Sending 857 bytes (3->-1)
[DEBUG V2VProxy 3] Queue has space - adding message
[JNI] Message queued successfully
        [Reliability 3] Sent seq=1 to replica 6
    -> Sending to replica 7 via V2V
    [Reliability 3] sendReliable() called
        Target: 7
        Message type: ConsensusMessage
        Sequence number: 1
    [Reliability 2] sendReliable() called
        Target: 4
        Message type: ConsensusMessage
        Payload size: 266 bytes
        [Reliability 3] Piggybacked 1 ACKs to replica 7
V2VNativeBridge3: Sending message to -1 with length 857
23:43:50.591 [Server Comm. System] INFO bftsmart.communication.ServerCommunicationSystem -     Message type: ConsensusMessage
[JNI] nativeSendMessage: 3 -> -1
[JNI] Sending 857 bytes (3->-1)
[DEBUG V2VProxy 3] Queue has space - adding message
[JNI] Message queued successfully
        Sequence number: 1
23:43:50.591 [Server Comm. System] DEBUG bftsmart.consensus.roles.Acceptor - Speculative ACCEPT message for consensus 0 matches the written value, sending it to the other replicas
        Payload size: 266 bytes
        [Reliability 2] Piggybacked 1 ACKs to replica 4
        Expected seq: 1
        -> DUPLICATE (seq < expected), ignoring
23:43:50.591 [Server Comm. System] INFO bftsmart.communication.ServerCommunicationSystem -     Message count: 4
V2VNativeBridge2: Sending message to -1 with length 857
[JNI] nativeSendMessage: 2 -> -1
[JNI] Sending 857 bytes (2->-1)
[DEBUG V2VProxy 2] Queue has space - adding message
[JNI] Message queued successfully
        [Reliability 2] Sent seq=1 to replica 4
    -> Sending to replica 5 via V2V
    [Reliability 2] sendReliable() called
[Acceptor 1] ABOUT TO SEND speculative ACCEPT for cId=0 to targets=[0, 1, 2, 3, 4, 5, 6, 7]
=== [V2V Layer 1] SEND called ===
    Targets: [0, 1, 2, 3, 4, 5, 6, 7]
    Message type: ConsensusMessage
    Sender: 1
        [Reliability 3] Sent seq=1 to replica 7
=== [V2V Layer 3] SEND complete ===
[Acceptor 3] SENT speculative ACCEPT for cId=0
    -> Sending to replica 0 via V2V
    [Reliability 1] sendReliable() called
        Target: 0
        Message type: ConsensusMessage
        Sequence number: 1
        Target: 5
23:43:50.591 [Server Comm. System] INFO bftsmart.communication.ServerCommunicationSystem -     From: 6
23:43:50.592 [Server Comm. System] INFO bftsmart.communication.ServerCommunicationSystem -     Message count: 5
        Message type: ConsensusMessage
        Sequence number: 1
        Payload size: 265 bytes
        Payload size: 266 bytes
        [Reliability 1] Piggybacked 2 ACKs to replica 0
V2VNativeBridge2: Sending message to -1 with length 779
[JNI] nativeSendMessage: 2 -> -1
[JNI] Sending 779 bytes (2->-1)
23:43:50.592 [Server Comm. System] DEBUG bftsmart.communication.ServerCommunicationSystem - <-- receiving, msg:type=WRITE, number=0, epoch=0, from=6
[DEBUG V2VProxy 2] Queue has space - adding message
[JNI] Message queued successfully
        [Reliability 2] Sent seq=1 to replica 5
    -> Sending to replica 6 via V2V
    [Reliability 2] sendReliable() called
        Target: 6
V2VNativeBridge1: Sending message to -1 with length 870
[JNI] nativeSendMessage: 1 -> -1
[JNI] Sending 870 bytes (1->-1)
[DEBUG V2VProxy 1] Queue has space - adding message
[JNI] Message queued successfully
        [Reliability 1] Sent seq=1 to replica 0
    -> Self-delivery to replica 1
=== [V2V Layer 1] DELIVER to BFT-SMaRt ===
    Message type: ConsensusMessage
    From replica: 1
    InQueue size before: 0
    InQueue size after: 1
=== [V2V Layer 1] DELIVER successful ===
    -> Sending to replica 2 via V2V
    [Reliability 1] sendReliable() called
        Target: 2
        Message type: ConsensusMessage
        Sequence number: 1
23:43:50.593 [Server Comm. System] DEBUG bftsmart.communication.ServerCommunicationSystem - <-- receiving, msg:type=WRITE, number=0, epoch=0, from=6
        Payload size: 265 bytes
        [Reliability 1] Piggybacked 1 ACKs to replica 2
        Message type: ConsensusMessage
V2VNativeBridge1: Sending message to -1 with length 856
[JNI] nativeSendMessage: 1 -> -1
[JNI] Sending 856 bytes (1->-1)
[DEBUG V2VProxy 1] Queue has space - adding message
[JNI] Message queued successfully
        [Reliability 1] Sent seq=1 to replica 2
        Sequence number: 1
23:43:50.592 [Server Comm. System] INFO bftsmart.communication.ServerCommunicationSystem - === Message processed ===
23:43:50.593 [Server Comm. System] DEBUG bftsmart.tom.core.ExecutionManager - Received message  type=WRITE, number=0, epoch=0, from=6
23:43:50.593 [Server Comm. System] DEBUG bftsmart.tom.core.ExecutionManager - I'm at consensus 0 and my last consensus is -1
23:43:50.593 [Server Comm. System] DEBUG bftsmart.tom.core.ExecutionManager - Received message  type=WRITE, number=0, epoch=0, from=6
        Payload size: 266 bytes
23:43:50.593 [Server Comm. System] DEBUG bftsmart.tom.core.ExecutionManager - I'm at consensus 0 and my last consensus is -1
23:43:50.593 [Server Comm. System] INFO bftsmart.communication.ServerCommunicationSystem - === ServerCommunicationSystem RECEIVED message ===
23:43:50.594 [Server Comm. System] DEBUG bftsmart.tom.core.ExecutionManager - Message for consensus 0 can be processed
        [Reliability 2] Piggybacked 1 ACKs to replica 6
    -> Sending to replica 3 via V2V
23:43:50.594 [Server Comm. System] DEBUG bftsmart.consensus.roles.Acceptor - Processing paxos msg with id 0
    [Reliability 1] sendReliable() called
        Target: 3
        Message type: ConsensusMessage
V2VNativeBridge2: Sending message to -1 with length 857
[JNI] nativeSendMessage: 2 -> -1
[JNI] Sending 857 bytes (2->-1)
[DEBUG V2VProxy 2] Queue has space - adding message
[JNI] Message queued successfully
        Sequence number: 1
23:43:50.593 [Server Comm. System] DEBUG bftsmart.tom.core.ExecutionManager - Message for consensus 0 can be processed
        [Reliability 2] Sent seq=1 to replica 6
    -> Sending to replica 7 via V2V
    [Reliability 2] sendReliable() called
23:43:50.594 [Server Comm. System] DEBUG bftsmart.consensus.roles.Acceptor - Processing paxos msg with id 0
        Payload size: 265 bytes
23:43:50.594 [Server Comm. System] INFO bftsmart.communication.ServerCommunicationSystem -     Message type: ConsensusMessage
        Target: 7
        Message type: ConsensusMessage
        Sequence number: 1
23:43:50.594 [Server Comm. System] INFO bftsmart.communication.ServerCommunicationSystem -     From: 3
        Payload size: 266 bytes
        [Reliability 2] Piggybacked 1 ACKs to replica 7
V2VNativeBridge1: Sending message to -1 with length 778
[JNI] nativeSendMessage: 1 -> -1
[JNI] Sending 778 bytes (1->-1)
[DEBUG V2VProxy 1] Queue has space - adding message
[JNI] Message queued successfully
V2VNativeBridge2: Sending message to -1 with length 857
[JNI] nativeSendMessage: 2 -> -1
[JNI] Sending 857 bytes (2->-1)
[DEBUG V2VProxy 2] Queue has space - adding message
[JNI] Message queued successfully
        [Reliability 2] Sent seq=1 to replica 7
=== [V2V Layer 2] SEND complete ===
[Acceptor 2] SENT speculative ACCEPT for cId=0
23:43:50.594 [Server Comm. System] INFO bftsmart.communication.ServerCommunicationSystem - === Message processed ===
        [Reliability 1] Sent seq=1 to replica 3
23:43:50.594 [Server Comm. System] INFO bftsmart.communication.ServerCommunicationSystem - === ServerCommunicationSystem RECEIVED message ===
    -> Sending to replica 4 via V2V
    [Reliability 1] sendReliable() called
        Target: 4
        Message type: ConsensusMessage
        Sequence number: 1
23:43:50.594 [Server Comm. System] DEBUG bftsmart.consensus.roles.Acceptor - WRITE received from:6, for consensus cId:0
        Payload size: 265 bytes
        [Reliability 1] Piggybacked 1 ACKs to replica 4
23:43:50.594 [Server Comm. System] DEBUG bftsmart.consensus.roles.Acceptor - WRITE received from:6, for consensus cId:0
23:43:50.594 [Server Comm. System] INFO bftsmart.communication.ServerCommunicationSystem -     Message count: 6
V2VNativeBridge1: Sending message to -1 with length 856
[JNI] nativeSendMessage: 1 -> -1
23:43:50.595 [Server Comm. System] INFO bftsmart.communication.ServerCommunicationSystem -     Message type: ConsensusMessage
[JNI] Sending 856 bytes (1->-1)
[DEBUG V2VProxy 1] Queue has space - adding message
[JNI] Message queued successfully
        [Reliability 1] Sent seq=1 to replica 4
    -> Sending to replica 5 via V2V
    [Reliability 1] sendReliable() called
23:43:50.595 [Server Comm. System] INFO bftsmart.communication.ServerCommunicationSystem -     From: 2
        Target: 5
        Message type: ConsensusMessage
        Sequence number: 1
23:43:50.595 [Server Comm. System] DEBUG bftsmart.consensus.roles.Acceptor - I have 6, WRITE's for cId:0, Epoch timestamp:0,
[Acceptor 5] computeWrite: cId=0, writeAccepted=6, quorum=5
23:43:50.595 [Server Comm. System] DEBUG bftsmart.consensus.roles.Acceptor - I have 5, WRITE's for cId:0, Epoch timestamp:0,
        Payload size: 265 bytes
[Acceptor 4] computeWrite: cId=0, writeAccepted=5, quorum=5
23:43:50.595 [Server Comm. System] DEBUG bftsmart.consensus.roles.Acceptor - Sending ACCEPT message, cId:0, I am:5
V2VNativeBridge1: Sending message to -1 with length 778
[JNI] nativeSendMessage: 1 -> -1
[JNI] Sending 778 bytes (1->-1)
[DEBUG V2VProxy 1] Queue has space - adding message
[JNI] Message queued successfully
        [Reliability 1] Sent seq=1 to replica 5
    -> Sending to replica 6 via V2V
    [Reliability 1] sendReliable() called
        Target: 6
23:43:50.595 [Server Comm. System] DEBUG bftsmart.consensus.roles.Acceptor - Setting consensus 0 QuorumWrite tiemstamp to 0 and value [82, 112, 31, -54, 15, -45, -64, 12, 72, 99, -88, -115, 89, -2, -80, -120, 56, -29, -13, 59, 20, 97, 16, 8, 17, 99, 13, -80, -12, -57, 43, 45]
        Message type: ConsensusMessage
        Sequence number: 1
        Payload size: 265 bytes
23:43:50.595 [Server Comm. System] DEBUG bftsmart.communication.ServerCommunicationSystem - <-- receiving, msg:type=ACCEPT, number=0, epoch=0, from=3
        [Reliability 1] Piggybacked 1 ACKs to replica 6
23:43:50.595 [Server Comm. System] DEBUG bftsmart.consensus.roles.Acceptor - Speculative ACCEPT message for consensus 0 matches the written value, sending it to the other replicas
[Acceptor 5] ABOUT TO SEND speculative ACCEPT for cId=0 to targets=[0, 1, 2, 3, 4, 5, 6, 7]
=== [V2V Layer 5] SEND called ===
    Targets: [0, 1, 2, 3, 4, 5, 6, 7]
    Message type: ConsensusMessage
    Sender: 5
V2VNativeBridge1: Sending message to -1 with length 856
[JNI] nativeSendMessage: 1 -> -1
[JNI] Sending 856 bytes (1->-1)
[DEBUG V2VProxy 1] Queue has space - adding message
    -> Sending to replica 0 via V2V[JNI] Message queued successfully

        [Reliability 1] Sent seq=1 to replica 6
    -> Sending to replica 7 via V2V
    [Reliability 1] sendReliable() called
        Target: 7
        Message type: ConsensusMessage
        Sequence number: 1
23:43:50.595 [Server Comm. System] DEBUG bftsmart.tom.core.ExecutionManager - Received message  type=ACCEPT, number=0, epoch=0, from=3
        Payload size: 265 bytes
        [Reliability 1] Piggybacked 1 ACKs to replica 7
    [Reliability 5] sendReliable() called
        Target: 0
        Message type: ConsensusMessage
23:43:50.595 [Server Comm. System] INFO bftsmart.communication.ServerCommunicationSystem -     Message count: 6
V2VNativeBridge1: Sending message to -1 with length 856
[JNI] nativeSendMessage: 1 -> -1
[JNI] Sending 856 bytes (1->-1)
[DEBUG V2VProxy 1] Queue has space - adding message
[JNI] Message queued successfully
        [Reliability 1] Sent seq=1 to replica 7
=== [V2V Layer 1] SEND complete ===
[Acceptor 1] SENT speculative ACCEPT for cId=0
23:43:50.596 [Server Comm. System] DEBUG bftsmart.communication.ServerCommunicationSystem - <-- receiving, msg:type=ACCEPT, number=0, epoch=0, from=2
        Sequence number: 1
23:43:50.596 [Server Comm. System] DEBUG bftsmart.tom.core.ExecutionManager - Received message  type=ACCEPT, number=0, epoch=0, from=2
        Payload size: 266 bytes
        [Reliability 5] Piggybacked 2 ACKs to replica 0
23:43:50.596 [Server Comm. System] DEBUG bftsmart.tom.core.ExecutionManager - I'm at consensus 0 and my last consensus is -1
23:43:50.595 [Server Comm. System] INFO bftsmart.communication.ServerCommunicationSystem - === Message processed ===
23:43:50.596 [Server Comm. System] DEBUG bftsmart.tom.core.ExecutionManager - Message for consensus 0 can be processed
23:43:50.596 [Server Comm. System] DEBUG bftsmart.consensus.roles.Acceptor - Processing paxos msg with id 0
V2VNativeBridge5: Sending message to -1 with length 871
[JNI] nativeSendMessage: 5 -> -1
[JNI] Sending 871 bytes (5->-1)
[DEBUG V2VProxy 5] Queue has space - adding message
[JNI] Message queued successfully
23:43:50.596 [Server Comm. System] DEBUG bftsmart.consensus.roles.Acceptor - ACCEPT from 2 for consensus 0
        [Reliability 5] Sent seq=1 to replica 0
    -> Sending to replica 1 via V2V
    [Reliability 5] sendReliable() called
        Target: 1
        Message type: ConsensusMessage
23:43:50.596 [Server Comm. System] DEBUG bftsmart.tom.core.ExecutionManager - I'm at consensus 0 and my last consensus is -1
        Sequence number: 1
23:43:50.596 [Server Comm. System] DEBUG bftsmart.tom.core.ExecutionManager - Message for consensus 0 can be processed
23:43:50.596 [Server Comm. System] DEBUG bftsmart.consensus.roles.Acceptor - Processing paxos msg with id 0
        Payload size: 266 bytes
23:43:50.596 [Server Comm. System] DEBUG bftsmart.consensus.roles.Acceptor - ACCEPT from 3 for consensus 0
V2VNativeBridge5: Sending message to -1 with length 779
[JNI] nativeSendMessage: 5 -> -1
[JNI] Sending 779 bytes (5->-1)
[DEBUG V2VProxy 5] Queue has space - adding message
[JNI] Message queued successfully
        [Reliability 5] Sent seq=1 to replica 1
23:43:50.596 [Server Comm. System] INFO bftsmart.communication.ServerCommunicationSystem - === Message processed ===
    -> Sending to replica 2 via V2V
23:43:50.597 [Server Comm. System] DEBUG bftsmart.consensus.roles.Acceptor - I have 1 ACCEPTs for cId:0, Timestamp:0 
23:43:50.596 [Server Comm. System] DEBUG bftsmart.consensus.roles.Acceptor - I have 1 ACCEPTs for cId:0, Timestamp:0 
    [Reliability 5] sendReliable() called
        Target: 2
        Message type: ConsensusMessage
23:43:50.597 [Server Comm. System] INFO bftsmart.communication.ServerCommunicationSystem - === Message processed ===
        Sequence number: 1
        Payload size: 266 bytes
        [Reliability 5] Piggybacked 1 ACKs to replica 2
23:43:50.597 [Server Comm. System] INFO bftsmart.communication.ServerCommunicationSystem - === ServerCommunicationSystem RECEIVED message ===
V2VNativeBridge5: Sending message to -1 with length 857
[JNI] nativeSendMessage: 5 -> -1
[JNI] Sending 857 bytes (5->-1)
[DEBUG V2VProxy 5] Queue has space - adding message
[JNI] Message queued successfully
        [Reliability 5] Sent seq=1 to replica 2
    -> Sending to replica 3 via V2V
23:43:50.597 [Server Comm. System] INFO bftsmart.communication.ServerCommunicationSystem - === Message processed ===
23:43:50.597 [Server Comm. System] INFO bftsmart.communication.ServerCommunicationSystem -     Message type: ConsensusMessage
23:43:50.597 [Server Comm. System] INFO bftsmart.communication.ServerCommunicationSystem -     From: 1
23:43:50.597 [Server Comm. System] INFO bftsmart.communication.ServerCommunicationSystem -     Message count: 6
    [Reliability 5] sendReliable() called
        Target: 3
        Message type: ConsensusMessage
23:43:50.597 [Server Comm. System] DEBUG bftsmart.communication.ServerCommunicationSystem - <-- receiving, msg:type=ACCEPT, number=0, epoch=0, from=1
        Sequence number: 1
        Payload size: 266 bytes
23:43:50.597 [Server Comm. System] DEBUG bftsmart.tom.core.ExecutionManager - Received message  type=ACCEPT, number=0, epoch=0, from=1
23:43:50.597 [Server Comm. System] DEBUG bftsmart.tom.core.ExecutionManager - I'm at consensus 0 and my last consensus is -1
23:43:50.597 [Server Comm. System] DEBUG bftsmart.tom.core.ExecutionManager - Message for consensus 0 can be processed
23:43:50.597 [Server Comm. System] DEBUG bftsmart.consensus.roles.Acceptor - Processing paxos msg with id 0
23:43:50.597 [Server Comm. System] DEBUG bftsmart.consensus.roles.Acceptor - ACCEPT from 1 for consensus 0
23:43:50.597 [Server Comm. System] DEBUG bftsmart.consensus.roles.Acceptor - I have 1 ACCEPTs for cId:0, Timestamp:0 
V2VNativeBridge5: Sending message to -1 with length 779
[JNI] nativeSendMessage: 5 -> -1
23:43:50.597 [Server Comm. System] INFO bftsmart.communication.ServerCommunicationSystem - === Message processed ===
[JNI] Sending 779 bytes (5->-1)
[DEBUG V2VProxy 5] Queue has space - adding message
[JNI] Message queued successfully
        [Reliability 5] Sent seq=1 to replica 3
    -> Sending to replica 4 via V2V
    [Reliability 5] sendReliable() called
        Target: 4
        Message type: ConsensusMessage
        Sequence number: 1
        Payload size: 266 bytes
        [Reliability 5] Piggybacked 1 ACKs to replica 4
V2VNativeBridge5: Sending message to -1 with length 857
[JNI] nativeSendMessage: 5 -> -1
[JNI] Sending 857 bytes (5->-1)
[DEBUG V2VProxy 5] Queue has space - adding message
[JNI] Message queued successfully
        [Reliability 5] Sent seq=1 to replica 4
    -> Self-delivery to replica 5
=== [V2V Layer 5] DELIVER to BFT-SMaRt ===
    Message type: ConsensusMessage
    From replica: 5
    InQueue size before: 0
    InQueue size after: 1
=== [V2V Layer 5] DELIVER successful ===
    -> Sending to replica 6 via V2V
    [Reliability 5] sendReliable() called
        Target: 6
        Message type: ConsensusMessage
        Sequence number: 1
        Payload size: 266 bytes
        [Reliability 5] Piggybacked 1 ACKs to replica 6
V2VNativeBridge5: Sending message to -1 with length 857
[JNI] nativeSendMessage: 5 -> -1
[JNI] Sending 857 bytes (5->-1)
[DEBUG V2VProxy 5] Queue has space - adding message
[JNI] Message queued successfully
        [Reliability 5] Sent seq=1 to replica 6
    -> Sending to replica 7 via V2V
    [Reliability 5] sendReliable() called
        Target: 7
        Message type: ConsensusMessage
        Sequence number: 1
        Payload size: 266 bytes
        [Reliability 5] Piggybacked 1 ACKs to replica 7
V2VNativeBridge5: Sending message to -1 with length 857
[JNI] nativeSendMessage: 5 -> -1
[JNI] Sending 857 bytes (5->-1)
[DEBUG V2VProxy 5] Queue has space - adding message
[JNI] Message queued successfully
        [Reliability 5] Sent seq=1 to replica 7
=== [V2V Layer 5] SEND complete ===
[Acceptor 5] SENT speculative ACCEPT for cId=0
23:43:50.598 [Server Comm. System] INFO bftsmart.communication.ServerCommunicationSystem - === Message processed ===
23:43:50.598 [Server Comm. System] INFO bftsmart.communication.ServerCommunicationSystem - === ServerCommunicationSystem RECEIVED message ===
23:43:50.598 [Server Comm. System] INFO bftsmart.communication.ServerCommunicationSystem -     Message type: ConsensusMessage
23:43:50.598 [Server Comm. System] INFO bftsmart.communication.ServerCommunicationSystem -     From: 5
23:43:50.598 [Server Comm. System] INFO bftsmart.communication.ServerCommunicationSystem -     Message count: 6
23:43:50.598 [Server Comm. System] DEBUG bftsmart.communication.ServerCommunicationSystem - <-- receiving, msg:type=ACCEPT, number=0, epoch=0, from=5
23:43:50.598 [Server Comm. System] DEBUG bftsmart.tom.core.ExecutionManager - Received message  type=ACCEPT, number=0, epoch=0, from=5
23:43:50.598 [Server Comm. System] DEBUG bftsmart.tom.core.ExecutionManager - I'm at consensus 0 and my last consensus is -1
23:43:50.598 [Server Comm. System] DEBUG bftsmart.tom.core.ExecutionManager - Message for consensus 0 can be processed
23:43:50.598 [Server Comm. System] DEBUG bftsmart.consensus.roles.Acceptor - Processing paxos msg with id 0
23:43:50.598 [Server Comm. System] DEBUG bftsmart.consensus.roles.Acceptor - ACCEPT from 5 for consensus 0
23:43:50.598 [Server Comm. System] DEBUG bftsmart.consensus.roles.Acceptor - I have 1 ACCEPTs for cId:0, Timestamp:0 
23:43:50.598 [Server Comm. System] INFO bftsmart.communication.ServerCommunicationSystem - === Message processed ===
[V2VProxy 1] *** SENDING V2V message #8 from=1 to=-1 size=870 bytes at t=3.75
[V2VProxy 1] *** SENDING V2V message #9 from=1 to=-1 size=856 bytes at t=3.75
[V2VProxy 1] *** SENDING V2V message #10 from=1 to=-1 size=778 bytes at t=3.75
[V2VProxy 1] *** SENDING V2V message #11 from=1 to=-1 size=856 bytes at t=3.75
[V2VProxy 1] *** SENDING V2V message #12 from=1 to=-1 size=778 bytes at t=3.75
[V2VProxy 1] *** SENDING V2V message #13 from=1 to=-1 size=856 bytes at t=3.75
[V2VProxy 1] *** SENDING V2V message #14 from=1 to=-1 size=856 bytes at t=3.75
[V2VProxy 2] *** SENDING V2V message #8 from=2 to=-1 size=871 bytes at t=3.75
[V2VProxy 2] *** SENDING V2V message #9 from=2 to=-1 size=779 bytes at t=3.75
[V2VProxy 2] *** SENDING V2V message #10 from=2 to=-1 size=857 bytes at t=3.75
[V2VProxy 2] *** SENDING V2V message #11 from=2 to=-1 size=857 bytes at t=3.75
[V2VProxy 2] *** SENDING V2V message #12 from=2 to=-1 size=779 bytes at t=3.75
[V2VProxy 2] *** SENDING V2V message #13 from=2 to=-1 size=857 bytes at t=3.75
[V2VProxy 2] *** SENDING V2V message #14 from=2 to=-1 size=857 bytes at t=3.75
[V2VProxy 3] *** SENDING V2V message #8 from=3 to=-1 size=871 bytes at t=3.75
[V2VProxy 3] *** SENDING V2V message #9 from=3 to=-1 size=779 bytes at t=3.75
[V2VProxy 3] *** SENDING V2V message #10 from=3 to=-1 size=857 bytes at t=3.75
[V2VProxy 3] *** SENDING V2V message #11 from=3 to=-1 size=857 bytes at t=3.75
[V2VProxy 3] *** SENDING V2V message #12 from=3 to=-1 size=779 bytes at t=3.75
[V2VProxy 3] *** SENDING V2V message #13 from=3 to=-1 size=857 bytes at t=3.75
[V2VProxy 3] *** SENDING V2V message #14 from=3 to=-1 size=857 bytes at t=3.75
[V2VProxy 5] *** SENDING V2V message #8 from=5 to=-1 size=871 bytes at t=3.75
[V2VProxy 5] *** SENDING V2V message #9 from=5 to=-1 size=779 bytes at t=3.75
[V2VProxy 5] *** SENDING V2V message #10 from=5 to=-1 size=857 bytes at t=3.75
[V2VProxy 5] *** SENDING V2V message #11 from=5 to=-1 size=779 bytes at t=3.75
[V2VProxy 5] *** SENDING V2V message #12 from=5 to=-1 size=857 bytes at t=3.75
[V2VProxy 5] *** SENDING V2V message #13 from=5 to=-1 size=857 bytes at t=3.75
[V2VProxy 5] *** SENDING V2V message #14 from=5 to=-1 size=857 bytes at t=3.75
[V2VProxy 0] *** RECEIVED V2V message #9 from=3 to=-1 (broadcast=YES) at t=3.752778578126
V2VNativeBridge0: Received message from 3 with length 779
[V2V Layer 0] Received message from replica 3 via JNI
    [Reliability 0] handleIncomingMessage() called
        Type: DATA
        From: 3
        SeqNum: 1
        Expected seq: 0
        -> OUT OF ORDER (seq=1, expected=0), buffering
[V2VProxy 6] *** RECEIVED V2V message #15 from=3 to=-1 (broadcast=YES) at t=3.752778595829
V2VNativeBridge6: Received message from 3 with length 779
[V2V Layer 6] Received message from replica 3 via JNI
    [Reliability 6] handleIncomingMessage() called
        Type: DATA
        From: 3
        SeqNum: 1
        Expected seq: 0
        -> OUT OF ORDER (seq=1, expected=0), buffering
[V2VProxy 4] *** RECEIVED V2V message #17 from=3 to=-1 (broadcast=YES) at t=3.752778596524
V2VNativeBridge4: Received message from 3 with length 779
[V2V Layer 4] Received message from replica 3 via JNI
    [Reliability 4] handleIncomingMessage() called
        Type: DATA
        From: 3
        SeqNum: 1
        Expected seq: 0
        -> OUT OF ORDER (seq=1, expected=0), buffering
[V2VProxy 2] *** RECEIVED V2V message #16 from=3 to=-1 (broadcast=YES) at t=3.752778599554
V2VNativeBridge2: Received message from 3 with length 779
[V2V Layer 2] Received message from replica 3 via JNI
    [Reliability 2] handleIncomingMessage() called
        Type: DATA
        From: 3
        SeqNum: 1
        Expected seq: 1
        -> IN ORDER, delivering immediately
    [Reliability 2] deliverMessage() - deserializing payload
        Deserialized: ConsensusMessage
        DEBUG: envelope.fromReplicaId=3, message.getSender()=3
=== [V2V Layer 2] DELIVER to BFT-SMaRt ===
    Message type: ConsensusMessage
    From replica: 3
    InQueue size before: 0
    InQueue size after: 1
=== [V2V Layer 2] DELIVER successful ===
[V2VProxy 5] *** RECEIVED V2V message #17 from=3 to=-1 (broadcast=YES) at t=3.752778616579
23:43:50.614 [Server Comm. System] INFO bftsmart.communication.ServerCommunicationSystem - === ServerCommunicationSystem RECEIVED message ===
V2VNativeBridge5: Received message from 3 with length 779
23:43:50.614 [Server Comm. System] INFO bftsmart.communication.ServerCommunicationSystem -     Message type: ConsensusMessage
[V2V Layer 5] Received message from replica 3 via JNI
23:43:50.614 [Server Comm. System] INFO bftsmart.communication.ServerCommunicationSystem -     From: 3
23:43:50.614 [Server Comm. System] INFO bftsmart.communication.ServerCommunicationSystem -     Message count: 7
23:43:50.614 [Server Comm. System] DEBUG bftsmart.communication.ServerCommunicationSystem - <-- receiving, msg:type=ACCEPT, number=0, epoch=0, from=3
23:43:50.614 [Server Comm. System] DEBUG bftsmart.tom.core.ExecutionManager - Received message  type=ACCEPT, number=0, epoch=0, from=3
23:43:50.614 [Server Comm. System] DEBUG bftsmart.tom.core.ExecutionManager - I'm at consensus 0 and my last consensus is -1
23:43:50.614 [Server Comm. System] DEBUG bftsmart.tom.core.ExecutionManager - Message for consensus 0 can be processed
23:43:50.614 [Server Comm. System] DEBUG bftsmart.consensus.roles.Acceptor - Processing paxos msg with id 0
23:43:50.614 [Server Comm. System] DEBUG bftsmart.consensus.roles.Acceptor - ACCEPT from 3 for consensus 0
    [Reliability 5] handleIncomingMessage() called
23:43:50.614 [Server Comm. System] DEBUG bftsmart.consensus.roles.Acceptor - I have 2 ACCEPTs for cId:0, Timestamp:0 
        Type: DATA
        From: 3
        SeqNum: 1
        Expected seq: 0
        -> OUT OF ORDER (seq=1, expected=0), buffering
[V2VProxy 1] *** RECEIVED V2V message #16 from=3 to=-1 (broadcast=YES) at t=3.752778629908
V2VNativeBridge1: Received message from 3 with length 779
[V2V Layer 1] Received message from replica 3 via JNI
23:43:50.615 [Server Comm. System] INFO bftsmart.communication.ServerCommunicationSystem - === Message processed ===
    [Reliability 1] handleIncomingMessage() called
        Type: DATA
        From: 3
        SeqNum: 1
        Expected seq: 0
        -> OUT OF ORDER (seq=1, expected=0), buffering
[V2VProxy 7] *** RECEIVED V2V message #16 from=3 to=-1 (broadcast=YES) at t=3.752778638682
V2VNativeBridge7: Received message from 3 with length 779
[V2V Layer 7] Received message from replica 3 via JNI
    [Reliability 7] handleIncomingMessage() called
        Type: DATA
        From: 3
        SeqNum: 1
        Expected seq: 0
        -> OUT OF ORDER (seq=1, expected=0), buffering
[V2VProxy 0] *** RECEIVED V2V message #10 from=3 to=-1 (broadcast=YES) at t=3.754285578126
V2VNativeBridge0: Received message from 3 with length 779
[V2V Layer 0] Received message from replica 3 via JNI
    [Reliability 0] handleIncomingMessage() called
        Type: DATA
        From: 3
        SeqNum: 1
        Expected seq: 0
        -> OUT OF ORDER (seq=1, expected=0), buffering
[V2VProxy 6] *** RECEIVED V2V message #16 from=3 to=-1 (broadcast=YES) at t=3.754285595829
V2VNativeBridge6: Received message from 3 with length 779
[V2V Layer 6] Received message from replica 3 via JNI
    [Reliability 6] handleIncomingMessage() called
        Type: DATA
        From: 3
        SeqNum: 1
        Expected seq: 0
        -> OUT OF ORDER (seq=1, expected=0), buffering
[V2VProxy 4] *** RECEIVED V2V message #18 from=3 to=-1 (broadcast=YES) at t=3.754285596524
V2VNativeBridge4: Received message from 3 with length 779
[V2V Layer 4] Received message from replica 3 via JNI
    [Reliability 4] handleIncomingMessage() called
        Type: DATA
        From: 3
        SeqNum: 1
        Expected seq: 0
        -> OUT OF ORDER (seq=1, expected=0), buffering
[V2VProxy 2] *** RECEIVED V2V message #17 from=3 to=-1 (broadcast=YES) at t=3.754285599554
V2VNativeBridge2: Received message from 3 with length 779
[V2V Layer 2] Received message from replica 3 via JNI
    [Reliability 2] handleIncomingMessage() called
        Type: DATA
        From: 3
        SeqNum: 1
        Expected seq: 2
        -> DUPLICATE (seq < expected), ignoring
[V2VProxy 5] *** RECEIVED V2V message #18 from=3 to=-1 (broadcast=YES) at t=3.754285616579
V2VNativeBridge5: Received message from 3 with length 779
[V2V Layer 5] Received message from replica 3 via JNI
    [Reliability 5] handleIncomingMessage() called
        Type: DATA
        From: 3
        SeqNum: 1
        Expected seq: 0
        -> OUT OF ORDER (seq=1, expected=0), buffering
[V2VProxy 1] *** RECEIVED V2V message #17 from=3 to=-1 (broadcast=YES) at t=3.754285629908
V2VNativeBridge1: Received message from 3 with length 779
[V2V Layer 1] Received message from replica 3 via JNI
    [Reliability 1] handleIncomingMessage() called
        Type: DATA
        From: 3
        SeqNum: 1
        Expected seq: 0
        -> OUT OF ORDER (seq=1, expected=0), buffering
[V2VProxy 7] *** RECEIVED V2V message #17 from=3 to=-1 (broadcast=YES) at t=3.754285638682
V2VNativeBridge7: Received message from 3 with length 779
[V2V Layer 7] Received message from replica 3 via JNI
    [Reliability 7] handleIncomingMessage() called
        Type: DATA
        From: 3
        SeqNum: 1
        Expected seq: 0
        -> OUT OF ORDER (seq=1, expected=0), buffering
[V2VProxy 4] *** RECEIVED V2V message #19 from=5 to=-1 (broadcast=YES) at t=3.755941649542
V2VNativeBridge4: Received message from 5 with length 857
[V2V Layer 4] Received message from replica 5 via JNI
    [Reliability 4] handleIncomingMessage() called
        Type: DATA
        From: 5
        SeqNum: 1
        Expected seq: 0
        -> OUT OF ORDER (seq=1, expected=0), buffering
[V2VProxy 2] *** RECEIVED V2V message #18 from=5 to=-1 (broadcast=YES) at t=3.755941666272
V2VNativeBridge2: Received message from 5 with length 857
[V2V Layer 2] Received message from replica 5 via JNI
    [Reliability 2] handleIncomingMessage() called
        Type: DATA
        From: 5
        SeqNum: 1
        Expected seq: 0
        -> OUT OF ORDER (seq=1, expected=0), buffering
[V2VProxy 3] *** RECEIVED V2V message #16 from=5 to=-1 (broadcast=YES) at t=3.755941680558
V2VNativeBridge3: Received message from 5 with length 857
[V2V Layer 3] Received message from replica 5 via JNI
    [Reliability 3] handleIncomingMessage() called
        Type: DATA
        From: 5
        SeqNum: 1
        Expected seq: 0
        -> OUT OF ORDER (seq=1, expected=0), buffering
[V2VProxy 0] *** RECEIVED V2V message #11 from=5 to=-1 (broadcast=YES) at t=3.7559416953
V2VNativeBridge0: Received message from 5 with length 857
[V2V Layer 0] Received message from replica 5 via JNI
    [Reliability 0] handleIncomingMessage() called
        Type: DATA
        From: 5
        SeqNum: 1
        Expected seq: 0
        -> OUT OF ORDER (seq=1, expected=0), buffering
[V2VProxy 1] *** RECEIVED V2V message #18 from=5 to=-1 (broadcast=YES) at t=3.755941696323
V2VNativeBridge1: Received message from 5 with length 857
[V2V Layer 1] Received message from replica 5 via JNI
    [Reliability 1] handleIncomingMessage() called
        Type: DATA
        From: 5
        SeqNum: 1
        Expected seq: 0
        -> OUT OF ORDER (seq=1, expected=0), buffering
[V2VProxy 6] *** RECEIVED V2V message #17 from=5 to=-1 (broadcast=YES) at t=3.755941708443
V2VNativeBridge6: Received message from 5 with length 857
[V2V Layer 6] Received message from replica 5 via JNI
    [Reliability 6] handleIncomingMessage() called
        Type: DATA
        From: 5
        SeqNum: 1
        Expected seq: 0
        -> OUT OF ORDER (seq=1, expected=0), buffering
[V2VProxy 7] *** RECEIVED V2V message #18 from=5 to=-1 (broadcast=YES) at t=3.755941752199
V2VNativeBridge7: Received message from 5 with length 857
[V2V Layer 7] Received message from replica 5 via JNI
    [Reliability 7] handleIncomingMessage() called
        Type: DATA
        From: 5
        SeqNum: 1
        Expected seq: 0
        -> OUT OF ORDER (seq=1, expected=0), buffering
[V2VProxy 4] *** RECEIVED V2V message #20 from=2 to=-1 (broadcast=YES) at t=3.757584683747
V2VNativeBridge4: Received message from 2 with length 857
[V2V Layer 4] Received message from replica 2 via JNI
    [Reliability 4] handleIncomingMessage() called
        Type: DATA
        From: 2
        SeqNum: 1
        Expected seq: 1
        -> IN ORDER, delivering immediately
    [Reliability 4] deliverMessage() - deserializing payload
        Deserialized: ConsensusMessage
        DEBUG: envelope.fromReplicaId=2, message.getSender()=2
=== [V2V Layer 4] DELIVER to BFT-SMaRt ===
    Message type: ConsensusMessage
    From replica: 2
    InQueue size before: 0
    InQueue size after: 1
=== [V2V Layer 4] DELIVER successful ===
23:43:50.618 [Server Comm. System] INFO bftsmart.communication.ServerCommunicationSystem - === ServerCommunicationSystem RECEIVED message ===
[V2VProxy 2] *** RECEIVED V2V message #19 from=1 to=-1 (broadcast=YES) at t=3.75922773725
V2VNativeBridge2: Received message from 1 with length 856
[V2V Layer 2] Received message from replica 1 via JNI
23:43:50.618 [Server Comm. System] INFO bftsmart.communication.ServerCommunicationSystem -     Message type: ConsensusMessage
23:43:50.618 [Server Comm. System] INFO bftsmart.communication.ServerCommunicationSystem -     From: 2
23:43:50.618 [Server Comm. System] INFO bftsmart.communication.ServerCommunicationSystem -     Message count: 5
23:43:50.618 [Server Comm. System] DEBUG bftsmart.communication.ServerCommunicationSystem - <-- receiving, msg:type=ACCEPT, number=0, epoch=0, from=2
23:43:50.618 [Server Comm. System] DEBUG bftsmart.tom.core.ExecutionManager - Received message  type=ACCEPT, number=0, epoch=0, from=2
23:43:50.618 [Server Comm. System] DEBUG bftsmart.tom.core.ExecutionManager - I'm at consensus 0 and my last consensus is -1
23:43:50.618 [Server Comm. System] DEBUG bftsmart.tom.core.ExecutionManager - Message for consensus 0 can be processed
23:43:50.618 [Server Comm. System] DEBUG bftsmart.consensus.roles.Acceptor - Processing paxos msg with id 0
23:43:50.618 [Server Comm. System] DEBUG bftsmart.consensus.roles.Acceptor - ACCEPT from 2 for consensus 0
23:43:50.618 [Server Comm. System] DEBUG bftsmart.consensus.roles.Acceptor - I have 1 ACCEPTs for cId:0, Timestamp:0 
23:43:50.618 [Server Comm. System] INFO bftsmart.communication.ServerCommunicationSystem - === Message processed ===
    [Reliability 2] handleIncomingMessage() called
        Type: DATA
        From: 1
        SeqNum: 1
        Expected seq: 0
        -> OUT OF ORDER (seq=1, expected=0), buffering
V2VNativeBridge4: Received message from 1 with length 856
[V2V Layer 4] Received message from replica 1 via JNI
    [Reliability 4] handleIncomingMessage() called
        Type: DATA
        From: 1
        SeqNum: 1
        Expected seq: 0
        -> OUT OF ORDER (seq=1, expected=0), buffering
[V2VProxy 6] *** RECEIVED V2V message #18 from=1 to=-1 (broadcast=YES) at t=3.759227760311
V2VNativeBridge6: Received message from 1 with length 856
[V2V Layer 6] Received message from replica 1 via JNI
    [Reliability 6] handleIncomingMessage() called
        Type: DATA
        From: 1
        SeqNum: 1
        Expected seq: 0
        -> OUT OF ORDER (seq=1, expected=0), buffering
[V2VProxy 0] *** RECEIVED V2V message #12 from=1 to=-1 (broadcast=YES) at t=3.75922776508
V2VNativeBridge0: Received message from 1 with length 856
[V2V Layer 0] Received message from replica 1 via JNI
    [Reliability 0] handleIncomingMessage() called
        Type: DATA
        From: 1
        SeqNum: 1
        Expected seq: 0
        -> OUT OF ORDER (seq=1, expected=0), buffering
[V2VProxy 3] *** RECEIVED V2V message #17 from=1 to=-1 (broadcast=YES) at t=3.759227779069
V2VNativeBridge3: Received message from 1 with length 856
[V2V Layer 3] Received message from replica 1 via JNI
    [Reliability 3] handleIncomingMessage() called
        Type: DATA
        From: 1
        SeqNum: 1
        Expected seq: 0
        -> OUT OF ORDER (seq=1, expected=0), buffering
[V2VProxy 5] *** RECEIVED V2V message #19 from=1 to=-1 (broadcast=YES) at t=3.759227781505
V2VNativeBridge5: Received message from 1 with length 856
[V2V Layer 5] Received message from replica 1 via JNI
    [Reliability 5] handleIncomingMessage() called
        Type: DATA
        From: 1
        SeqNum: 1
        Expected seq: 0
        -> OUT OF ORDER (seq=1, expected=0), buffering
[V2VProxy 7] *** RECEIVED V2V message #19 from=1 to=-1 (broadcast=YES) at t=3.759227784724
V2VNativeBridge7: Received message from 1 with length 856
[V2V Layer 7] Received message from replica 1 via JNI
    [Reliability 7] handleIncomingMessage() called
        Type: DATA
        From: 1
        SeqNum: 1
        Expected seq: 0
        -> OUT OF ORDER (seq=1, expected=0), buffering
[V2VProxy 0] *** RECEIVED V2V message #13 from=3 to=-1 (broadcast=YES) at t=3.760870804595
V2VNativeBridge0: Received message from 3 with length 857
[V2V Layer 0] Received message from replica 3 via JNI
    [Reliability 0] handleIncomingMessage() called
        Type: DATA
        From: 3
        SeqNum: 1
        Expected seq: 0
        -> OUT OF ORDER (seq=1, expected=0), buffering
[V2VProxy 6] *** RECEIVED V2V message #19 from=3 to=-1 (broadcast=YES) at t=3.760870822298
V2VNativeBridge6: Received message from 3 with length 857
[V2V Layer 6] Received message from replica 3 via JNI
    [Reliability 6] handleIncomingMessage() called
        Type: DATA
        From: 3
        SeqNum: 1
        Expected seq: 0
        -> OUT OF ORDER (seq=1, expected=0), buffering
V2VNativeBridge4: Received message from 3 with length 857
[V2V Layer 4] Received message from replica 3 via JNI
    [Reliability 4] handleIncomingMessage() called
        Type: DATA
        From: 3
        SeqNum: 1
        Expected seq: 0
        -> OUT OF ORDER (seq=1, expected=0), buffering
[V2VProxy 2] *** RECEIVED V2V message #20 from=3 to=-1 (broadcast=YES) at t=3.760870826023
V2VNativeBridge2: Received message from 3 with length 857
[V2V Layer 2] Received message from replica 3 via JNI
    [Reliability 2] handleIncomingMessage() called
        Type: DATA
        From: 3
        SeqNum: 1
        Expected seq: 2
        -> DUPLICATE (seq < expected), ignoring
[V2VProxy 5] *** RECEIVED V2V message #20 from=3 to=-1 (broadcast=YES) at t=3.760870843048
V2VNativeBridge5: Received message from 3 with length 857
[V2V Layer 5] Received message from replica 3 via JNI
    [Reliability 5] handleIncomingMessage() called
        Type: DATA
        From: 3
        SeqNum: 1
        Expected seq: 0
        -> OUT OF ORDER (seq=1, expected=0), buffering
[V2VProxy 1] *** RECEIVED V2V message #19 from=3 to=-1 (broadcast=YES) at t=3.760870856377
V2VNativeBridge1: Received message from 3 with length 857
[V2V Layer 1] Received message from replica 3 via JNI
    [Reliability 1] handleIncomingMessage() called
        Type: DATA
        From: 3
        SeqNum: 1
        Expected seq: 0
        -> OUT OF ORDER (seq=1, expected=0), buffering
[V2VProxy 7] *** RECEIVED V2V message #20 from=3 to=-1 (broadcast=YES) at t=3.760870865151
V2VNativeBridge7: Received message from 3 with length 857
[V2V Layer 7] Received message from replica 3 via JNI
    [Reliability 7] handleIncomingMessage() called
        Type: DATA
        From: 3
        SeqNum: 1
        Expected seq: 0
        -> OUT OF ORDER (seq=1, expected=0), buffering
V2VNativeBridge4: Received message from 5 with length 857
[V2V Layer 4] Received message from replica 5 via JNI
    [Reliability 4] handleIncomingMessage() called
        Type: DATA
        From: 5
        SeqNum: 1
        Expected seq: 0
        -> OUT OF ORDER (seq=1, expected=0), buffering
V2VNativeBridge2: Received message from 5 with length 857
[V2V Layer 2] Received message from replica 5 via JNI
    [Reliability 2] handleIncomingMessage() called
        Type: DATA
        From: 5
        SeqNum: 1
        Expected seq: 0
        -> OUT OF ORDER (seq=1, expected=0), buffering
[V2VProxy 3] *** RECEIVED V2V message #18 from=5 to=-1 (broadcast=YES) at t=3.762513907027
V2VNativeBridge3: Received message from 5 with length 857
[V2V Layer 3] Received message from replica 5 via JNI
    [Reliability 3] handleIncomingMessage() called
        Type: DATA
        From: 5
        SeqNum: 1
        Expected seq: 0
        -> OUT OF ORDER (seq=1, expected=0), buffering
[V2VProxy 0] *** RECEIVED V2V message #14 from=5 to=-1 (broadcast=YES) at t=3.762513921769
V2VNativeBridge0: Received message from 5 with length 857
[V2V Layer 0] Received message from replica 5 via JNI
    [Reliability 0] handleIncomingMessage() called
        Type: DATA
        From: 5
        SeqNum: 1
        Expected seq: 0
        -> OUT OF ORDER (seq=1, expected=0), buffering
[V2VProxy 1] *** RECEIVED V2V message #20 from=5 to=-1 (broadcast=YES) at t=3.762513922792
V2VNativeBridge1: Received message from 5 with length 857
[V2V Layer 1] Received message from replica 5 via JNI
    [Reliability 1] handleIncomingMessage() called
        Type: DATA
        From: 5
        SeqNum: 1
        Expected seq: 0
        -> OUT OF ORDER (seq=1, expected=0), buffering
[V2VProxy 6] *** RECEIVED V2V message #20 from=5 to=-1 (broadcast=YES) at t=3.762513934912
V2VNativeBridge6: Received message from 5 with length 857
[V2V Layer 6] Received message from replica 5 via JNI
    [Reliability 6] handleIncomingMessage() called
        Type: DATA
        From: 5
        SeqNum: 1
        Expected seq: 0
        -> OUT OF ORDER (seq=1, expected=0), buffering
V2VNativeBridge7: Received message from 5 with length 857
[V2V Layer 7] Received message from replica 5 via JNI
    [Reliability 7] handleIncomingMessage() called
        Type: DATA
        From: 5
        SeqNum: 1
        Expected seq: 0
        -> OUT OF ORDER (seq=1, expected=0), buffering
V2VNativeBridge2: Received message from 1 with length 870
[V2V Layer 2] Received message from replica 1 via JNI
    [Reliability 2] handleIncomingMessage() called
        Type: DATA
        From: 1
        SeqNum: 1
        Expected seq: 0
        -> OUT OF ORDER (seq=1, expected=0), buffering
V2VNativeBridge4: Received message from 1 with length 870
[V2V Layer 4] Received message from replica 1 via JNI
    [Reliability 4] handleIncomingMessage() called
        Type: DATA
        From: 1
        SeqNum: 1
        Expected seq: 0
        -> OUT OF ORDER (seq=1, expected=0), buffering
V2VNativeBridge6: Received message from 1 with length 870
[V2V Layer 6] Received message from replica 1 via JNI
    [Reliability 6] handleIncomingMessage() called
        Type: DATA
        From: 1
        SeqNum: 1
        Expected seq: 0
        -> OUT OF ORDER (seq=1, expected=0), buffering
[V2VProxy 0] *** RECEIVED V2V message #15 from=1 to=-1 (broadcast=YES) at t=3.765824047654
V2VNativeBridge0: Received message from 1 with length 870
[V2V Layer 0] Received message from replica 1 via JNI
    [Reliability 0] handleIncomingMessage() called
        Type: DATA
        From: 1
        SeqNum: 1
        Expected seq: 0
        -> OUT OF ORDER (seq=1, expected=0), buffering
[V2VProxy 3] *** RECEIVED V2V message #19 from=1 to=-1 (broadcast=YES) at t=3.765824061643
V2VNativeBridge3: Received message from 1 with length 870
[V2V Layer 3] Received message from replica 1 via JNI
    [Reliability 3] handleIncomingMessage() called
        Type: DATA
        From: 1
        SeqNum: 1
        Expected seq: 0
        -> OUT OF ORDER (seq=1, expected=0), buffering
V2VNativeBridge5: Received message from 1 with length 870
[V2V Layer 5] Received message from replica 1 via JNI
    [Reliability 5] handleIncomingMessage() called
        Type: DATA
        From: 1
        SeqNum: 1
        Expected seq: 0
        -> OUT OF ORDER (seq=1, expected=0), buffering
V2VNativeBridge7: Received message from 1 with length 870
[V2V Layer 7] Received message from replica 1 via JNI
    [Reliability 7] handleIncomingMessage() called
        Type: DATA
        From: 1
        SeqNum: 1
        Expected seq: 0
        -> OUT OF ORDER (seq=1, expected=0), buffering
[V2VProxy 0] *** RECEIVED V2V message #16 from=3 to=-1 (broadcast=YES) at t=3.7724283082
V2VNativeBridge0: Received message from 3 with length 857
[V2V Layer 0] Received message from replica 3 via JNI
    [Reliability 0] handleIncomingMessage() called
        Type: DATA
        From: 3
        SeqNum: 1
        Expected seq: 0
        -> OUT OF ORDER (seq=1, expected=0), buffering
V2VNativeBridge6: Received message from 3 with length 857
[V2V Layer 6] Received message from replica 3 via JNI
    [Reliability 6] handleIncomingMessage() called
        Type: DATA
        From: 3
        SeqNum: 1
        Expected seq: 0
        -> OUT OF ORDER (seq=1, expected=0), buffering
V2VNativeBridge4: Received message from 3 with length 857
[V2V Layer 4] Received message from replica 3 via JNI
    [Reliability 4] handleIncomingMessage() called
        Type: DATA
        From: 3
        SeqNum: 1
        Expected seq: 0
        -> OUT OF ORDER (seq=1, expected=0), buffering
V2VNativeBridge2: Received message from 3 with length 857
[V2V Layer 2] Received message from replica 3 via JNI
    [Reliability 2] handleIncomingMessage() called
        Type: DATA
        From: 3
        SeqNum: 1
        Expected seq: 2
        -> DUPLICATE (seq < expected), ignoring
V2VNativeBridge5: Received message from 3 with length 857
[V2V Layer 5] Received message from replica 3 via JNI
    [Reliability 5] handleIncomingMessage() called
        Type: DATA
        From: 3
        SeqNum: 1
        Expected seq: 0
        -> OUT OF ORDER (seq=1, expected=0), buffering
V2VNativeBridge1: Received message from 3 with length 857
[V2V Layer 1] Received message from replica 3 via JNI
    [Reliability 1] handleIncomingMessage() called
        Type: DATA
        From: 3
        SeqNum: 1
        Expected seq: 0
        -> OUT OF ORDER (seq=1, expected=0), buffering
V2VNativeBridge7: Received message from 3 with length 857
[V2V Layer 7] Received message from replica 3 via JNI
    [Reliability 7] handleIncomingMessage() called
        Type: DATA
        From: 3
        SeqNum: 1
        Expected seq: 0
        -> OUT OF ORDER (seq=1, expected=0), buffering
[V2VProxy 0] *** RECEIVED V2V message #17 from=3 to=-1 (broadcast=YES) at t=3.777389529231
V2VNativeBridge0: Received message from 3 with length 871
[V2V Layer 0] Received message from replica 3 via JNI
    [Reliability 0] handleIncomingMessage() called
        Type: DATA
        From: 3
        SeqNum: 1
        Expected seq: 0
        -> OUT OF ORDER (seq=1, expected=0), buffering
V2VNativeBridge6: Received message from 3 with length 871
[V2V Layer 6] Received message from replica 3 via JNI
    [Reliability 6] handleIncomingMessage() called
        Type: DATA
        From: 3
        SeqNum: 1
        Expected seq: 0
        -> OUT OF ORDER (seq=1, expected=0), buffering
V2VNativeBridge4: Received message from 3 with length 871
[V2V Layer 4] Received message from replica 3 via JNI
    [Reliability 4] handleIncomingMessage() called
        Type: DATA
        From: 3
        SeqNum: 1
        Expected seq: 0
        -> OUT OF ORDER (seq=1, expected=0), buffering
V2VNativeBridge2: Received message from 3 with length 871
[V2V Layer 2] Received message from replica 3 via JNI
    [Reliability 2] handleIncomingMessage() called
        Type: DATA
        From: 3
        SeqNum: 1
        Expected seq: 2
        -> DUPLICATE (seq < expected), ignoring
V2VNativeBridge5: Received message from 3 with length 871
[V2V Layer 5] Received message from replica 3 via JNI
    [Reliability 5] handleIncomingMessage() called
        Type: DATA
        From: 3
        SeqNum: 1
        Expected seq: 0
        -> OUT OF ORDER (seq=1, expected=0), buffering
V2VNativeBridge1: Received message from 3 with length 871
[V2V Layer 1] Received message from replica 3 via JNI
    [Reliability 1] handleIncomingMessage() called
        Type: DATA
        From: 3
        SeqNum: 1
        Expected seq: 0
        -> OUT OF ORDER (seq=1, expected=0), buffering
V2VNativeBridge7: Received message from 3 with length 871
[V2V Layer 7] Received message from replica 3 via JNI
    [Reliability 7] handleIncomingMessage() called
        Type: DATA
        From: 3
        SeqNum: 1
        Expected seq: 0
        -> OUT OF ORDER (seq=1, expected=0), buffering
V2VNativeBridge4: Received message from 2 with length 779
[V2V Layer 4] Received message from replica 2 via JNI
    [Reliability 4] handleIncomingMessage() called
        Type: DATA
        From: 2
        SeqNum: 1
        Expected seq: 2
        -> DUPLICATE (seq < expected), ignoring
V2VNativeBridge1: Received message from 2 with length 779
[V2V Layer 1] Received message from replica 2 via JNI
    [Reliability 1] handleIncomingMessage() called
        Type: DATA
        From: 2
        SeqNum: 1
        Expected seq: 1
        -> IN ORDER, delivering immediately
    [Reliability 1] deliverMessage() - deserializing payload
        Deserialized: ConsensusMessage
        DEBUG: envelope.fromReplicaId=2, message.getSender()=2
=== [V2V Layer 1] DELIVER to BFT-SMaRt ===
    Message type: ConsensusMessage
    From replica: 2
    InQueue size before: 0
    InQueue size after: 1
=== [V2V Layer 1] DELIVER successful ===
[V2VProxy 0] *** RECEIVED V2V message #18 from=2 to=-1 (broadcast=YES) at t=3.778896594025
23:43:50.637 [Server Comm. System] INFO bftsmart.communication.ServerCommunicationSystem - === ServerCommunicationSystem RECEIVED message ===
V2VNativeBridge0: Received message from 2 with length 779
[V2V Layer 0] Received message from replica 2 via JNI
23:43:50.638 [Server Comm. System] INFO bftsmart.communication.ServerCommunicationSystem -     Message type: ConsensusMessage
23:43:50.638 [Server Comm. System] INFO bftsmart.communication.ServerCommunicationSystem -     From: 2
23:43:50.638 [Server Comm. System] INFO bftsmart.communication.ServerCommunicationSystem -     Message count: 7
23:43:50.638 [Server Comm. System] DEBUG bftsmart.communication.ServerCommunicationSystem - <-- receiving, msg:type=ACCEPT, number=0, epoch=0, from=2
23:43:50.638 [Server Comm. System] DEBUG bftsmart.tom.core.ExecutionManager - Received message  type=ACCEPT, number=0, epoch=0, from=2
23:43:50.638 [Server Comm. System] DEBUG bftsmart.tom.core.ExecutionManager - I'm at consensus 0 and my last consensus is -1
23:43:50.638 [Server Comm. System] DEBUG bftsmart.tom.core.ExecutionManager - Message for consensus 0 can be processed
    [Reliability 0] handleIncomingMessage() called
23:43:50.638 [Server Comm. System] DEBUG bftsmart.consensus.roles.Acceptor - Processing paxos msg with id 0
        Type: DATA
        From: 2
        SeqNum: 1
        Expected seq: 1
        -> IN ORDER, delivering immediately
    [Reliability 0] deliverMessage() - deserializing payload
23:43:50.638 [Server Comm. System] DEBUG bftsmart.consensus.roles.Acceptor - ACCEPT from 2 for consensus 0
        Deserialized: ConsensusMessage
        DEBUG: envelope.fromReplicaId=2, message.getSender()=2
=== [V2V Layer 0] DELIVER to BFT-SMaRt ===
    Message type: ConsensusMessage
    From replica: 2
    InQueue size before: 0
23:43:50.638 [Server Comm. System] DEBUG bftsmart.consensus.roles.Acceptor - I have 2 ACCEPTs for cId:0, Timestamp:0 
    InQueue size after: 1
=== [V2V Layer 0] DELIVER successful ===
23:43:50.638 [Server Comm. System] INFO bftsmart.communication.ServerCommunicationSystem - === Message processed ===
[V2VProxy 3] *** RECEIVED V2V message #20 from=2 to=-1 (broadcast=YES) at t=3.778896597613
23:43:50.638 [Server Comm. System] INFO bftsmart.communication.ServerCommunicationSystem - === ServerCommunicationSystem RECEIVED message ===
23:43:50.638 [Server Comm. System] INFO bftsmart.communication.ServerCommunicationSystem -     Message type: ConsensusMessage
23:43:50.638 [Server Comm. System] INFO bftsmart.communication.ServerCommunicationSystem -     From: 2
V2VNativeBridge3: Received message from 2 with length 779
[V2V Layer 3] Received message from replica 2 via JNI
23:43:50.638 [Server Comm. System] INFO bftsmart.communication.ServerCommunicationSystem -     Message count: 5
23:43:50.638 [Server Comm. System] DEBUG bftsmart.communication.ServerCommunicationSystem - <-- receiving, msg:type=ACCEPT, number=0, epoch=0, from=2
23:43:50.638 [Server Comm. System] DEBUG bftsmart.tom.core.ExecutionManager - Received message  type=ACCEPT, number=0, epoch=0, from=2
23:43:50.638 [Server Comm. System] DEBUG bftsmart.tom.core.ExecutionManager - I'm at consensus 0 and my last consensus is -1
    [Reliability 3] handleIncomingMessage() called
        Type: DATA
        From: 2
        SeqNum: 1
        Expected seq: 1
23:43:50.638 [Server Comm. System] DEBUG bftsmart.tom.core.ExecutionManager - Message for consensus 0 can be processed
        -> IN ORDER, delivering immediately
    [Reliability 3] deliverMessage() - deserializing payload
23:43:50.638 [Server Comm. System] DEBUG bftsmart.consensus.roles.Acceptor - Processing paxos msg with id 0
23:43:50.638 [Server Comm. System] DEBUG bftsmart.consensus.roles.Acceptor - ACCEPT from 2 for consensus 0
23:43:50.638 [Server Comm. System] DEBUG bftsmart.consensus.roles.Acceptor - I have 1 ACCEPTs for cId:0, Timestamp:0 
23:43:50.638 [Server Comm. System] INFO bftsmart.communication.ServerCommunicationSystem - === Message processed ===
        Deserialized: ConsensusMessage
        DEBUG: envelope.fromReplicaId=2, message.getSender()=2
=== [V2V Layer 3] DELIVER to BFT-SMaRt ===
    Message type: ConsensusMessage
    From replica: 2
    InQueue size before: 0
    InQueue size after: 1
=== [V2V Layer 3] DELIVER successful ===
23:43:50.638 [Server Comm. System] INFO bftsmart.communication.ServerCommunicationSystem - === ServerCommunicationSystem RECEIVED message ===
V2VNativeBridge6: Received message from 2 with length 779
[V2V Layer 6] Received message from replica 2 via JNI
23:43:50.638 [Server Comm. System] INFO bftsmart.communication.ServerCommunicationSystem -     Message type: ConsensusMessage
23:43:50.638 [Server Comm. System] INFO bftsmart.communication.ServerCommunicationSystem -     From: 2
23:43:50.638 [Server Comm. System] INFO bftsmart.communication.ServerCommunicationSystem -     Message count: 7
23:43:50.638 [Server Comm. System] DEBUG bftsmart.communication.ServerCommunicationSystem - <-- receiving, msg:type=ACCEPT, number=0, epoch=0, from=2
23:43:50.638 [Server Comm. System] DEBUG bftsmart.tom.core.ExecutionManager - Received message  type=ACCEPT, number=0, epoch=0, from=2
23:43:50.638 [Server Comm. System] DEBUG bftsmart.tom.core.ExecutionManager - I'm at consensus 0 and my last consensus is -1
    [Reliability 6] handleIncomingMessage() called
        Type: DATA
        From: 2
        SeqNum: 1
23:43:50.638 [Server Comm. System] DEBUG bftsmart.tom.core.ExecutionManager - Message for consensus 0 can be processed
        Expected seq: 1
        -> IN ORDER, delivering immediately
23:43:50.638 [Server Comm. System] DEBUG bftsmart.consensus.roles.Acceptor - Processing paxos msg with id 0
    [Reliability 6] deliverMessage() - deserializing payload
23:43:50.638 [Server Comm. System] DEBUG bftsmart.consensus.roles.Acceptor - ACCEPT from 2 for consensus 0
23:43:50.638 [Server Comm. System] DEBUG bftsmart.consensus.roles.Acceptor - I have 2 ACCEPTs for cId:0, Timestamp:0 
23:43:50.638 [Server Comm. System] INFO bftsmart.communication.ServerCommunicationSystem - === Message processed ===
        Deserialized: ConsensusMessage
        DEBUG: envelope.fromReplicaId=2, message.getSender()=2
=== [V2V Layer 6] DELIVER to BFT-SMaRt ===
    Message type: ConsensusMessage
    From replica: 2
    InQueue size before: 0
    InQueue size after: 1
23:43:50.638 [Server Comm. System] INFO bftsmart.communication.ServerCommunicationSystem - === ServerCommunicationSystem RECEIVED message ===
=== [V2V Layer 6] DELIVER successful ===
23:43:50.638 [Server Comm. System] INFO bftsmart.communication.ServerCommunicationSystem -     Message type: ConsensusMessage
23:43:50.638 [Server Comm. System] INFO bftsmart.communication.ServerCommunicationSystem -     From: 2
23:43:50.638 [Server Comm. System] INFO bftsmart.communication.ServerCommunicationSystem -     Message count: 5
23:43:50.638 [Server Comm. System] DEBUG bftsmart.communication.ServerCommunicationSystem - <-- receiving, msg:type=ACCEPT, number=0, epoch=0, from=2
23:43:50.638 [Server Comm. System] DEBUG bftsmart.tom.core.ExecutionManager - Received message  type=ACCEPT, number=0, epoch=0, from=2
23:43:50.638 [Server Comm. System] DEBUG bftsmart.tom.core.ExecutionManager - I'm at consensus 0 and my last consensus is -1
V2VNativeBridge5: Received message from 2 with length 779
[V2V Layer 5] Received message from replica 2 via JNI
23:43:50.638 [Server Comm. System] DEBUG bftsmart.tom.core.ExecutionManager - Message for consensus 0 can be processed
23:43:50.638 [Server Comm. System] DEBUG bftsmart.consensus.roles.Acceptor - Processing paxos msg with id 0
23:43:50.638 [Server Comm. System] DEBUG bftsmart.consensus.roles.Acceptor - ACCEPT from 2 for consensus 0
    [Reliability 5] handleIncomingMessage() called
        Type: DATA
        From: 2
        SeqNum: 1
        Expected seq: 1
        -> IN ORDER, delivering immediately
    [Reliability 5] deliverMessage() - deserializing payload
23:43:50.638 [Server Comm. System] DEBUG bftsmart.consensus.roles.Acceptor - I have 1 ACCEPTs for cId:0, Timestamp:0 
        Deserialized: ConsensusMessage
        DEBUG: envelope.fromReplicaId=2, message.getSender()=2
=== [V2V Layer 5] DELIVER to BFT-SMaRt ===
    Message type: ConsensusMessage
    From replica: 2
    InQueue size before: 0
23:43:50.639 [Server Comm. System] INFO bftsmart.communication.ServerCommunicationSystem - === Message processed ===
    InQueue size after: 1
=== [V2V Layer 5] DELIVER successful ===
23:43:50.639 [Server Comm. System] INFO bftsmart.communication.ServerCommunicationSystem - === ServerCommunicationSystem RECEIVED message ===
23:43:50.639 [Server Comm. System] INFO bftsmart.communication.ServerCommunicationSystem -     Message type: ConsensusMessage
23:43:50.639 [Server Comm. System] INFO bftsmart.communication.ServerCommunicationSystem -     From: 2
V2VNativeBridge7: Received message from 2 with length 779
23:43:50.639 [Server Comm. System] INFO bftsmart.communication.ServerCommunicationSystem -     Message count: 7
[V2V Layer 7] Received message from replica 2 via JNI
23:43:50.639 [Server Comm. System] DEBUG bftsmart.communication.ServerCommunicationSystem - <-- receiving, msg:type=ACCEPT, number=0, epoch=0, from=2
23:43:50.639 [Server Comm. System] DEBUG bftsmart.tom.core.ExecutionManager - Received message  type=ACCEPT, number=0, epoch=0, from=2
23:43:50.639 [Server Comm. System] DEBUG bftsmart.tom.core.ExecutionManager - I'm at consensus 0 and my last consensus is -1
23:43:50.639 [Server Comm. System] DEBUG bftsmart.tom.core.ExecutionManager - Message for consensus 0 can be processed
23:43:50.639 [Server Comm. System] DEBUG bftsmart.consensus.roles.Acceptor - Processing paxos msg with id 0
23:43:50.639 [Server Comm. System] DEBUG bftsmart.consensus.roles.Acceptor - ACCEPT from 2 for consensus 0
23:43:50.639 [Server Comm. System] DEBUG bftsmart.consensus.roles.Acceptor - I have 2 ACCEPTs for cId:0, Timestamp:0 
23:43:50.639 [Server Comm. System] INFO bftsmart.communication.ServerCommunicationSystem - === Message processed ===
    [Reliability 7] handleIncomingMessage() called
        Type: DATA
        From: 2
        SeqNum: 1
        Expected seq: 1
        -> IN ORDER, delivering immediately
    [Reliability 7] deliverMessage() - deserializing payload
        Deserialized: ConsensusMessage
        DEBUG: envelope.fromReplicaId=2, message.getSender()=2
=== [V2V Layer 7] DELIVER to BFT-SMaRt ===
    Message type: ConsensusMessage
    From replica: 2
    InQueue size before: 0
    InQueue size after: 1
=== [V2V Layer 7] DELIVER successful ===
23:43:50.639 [Server Comm. System] INFO bftsmart.communication.ServerCommunicationSystem - === ServerCommunicationSystem RECEIVED message ===
23:43:50.639 [Server Comm. System] INFO bftsmart.communication.ServerCommunicationSystem -     Message type: ConsensusMessage
23:43:50.639 [Server Comm. System] INFO bftsmart.communication.ServerCommunicationSystem -     From: 2
23:43:50.639 [Server Comm. System] INFO bftsmart.communication.ServerCommunicationSystem -     Message count: 5
23:43:50.639 [Server Comm. System] DEBUG bftsmart.communication.ServerCommunicationSystem - <-- receiving, msg:type=ACCEPT, number=0, epoch=0, from=2
V2VNativeBridge4: Received message from 2 with length 857
23:43:50.639 [Server Comm. System] DEBUG bftsmart.tom.core.ExecutionManager - Received message  type=ACCEPT, number=0, epoch=0, from=2
23:43:50.639 [Server Comm. System] DEBUG bftsmart.tom.core.ExecutionManager - I'm at consensus 0 and my last consensus is -1
23:43:50.639 [Server Comm. System] DEBUG bftsmart.tom.core.ExecutionManager - Message for consensus 0 can be processed
23:43:50.639 [Server Comm. System] DEBUG bftsmart.consensus.roles.Acceptor - Processing paxos msg with id 0
23:43:50.639 [Server Comm. System] DEBUG bftsmart.consensus.roles.Acceptor - ACCEPT from 2 for consensus 0
23:43:50.639 [Server Comm. System] DEBUG bftsmart.consensus.roles.Acceptor - I have 1 ACCEPTs for cId:0, Timestamp:0 
23:43:50.639 [Server Comm. System] INFO bftsmart.communication.ServerCommunicationSystem - === Message processed ===
[V2V Layer 4] Received message from replica 2 via JNI
    [Reliability 4] handleIncomingMessage() called
        Type: DATA
        From: 2
        SeqNum: 1
        Expected seq: 2
        -> DUPLICATE (seq < expected), ignoring
V2VNativeBridge1: Received message from 2 with length 857
[V2V Layer 1] Received message from replica 2 via JNI
    [Reliability 1] handleIncomingMessage() called
        Type: DATA
        From: 2
        SeqNum: 1
        Expected seq: 2
        -> DUPLICATE (seq < expected), ignoring
[V2VProxy 0] *** RECEIVED V2V message #19 from=2 to=-1 (broadcast=YES) at t=3.780539594025
V2VNativeBridge0: Received message from 2 with length 857
[V2V Layer 0] Received message from replica 2 via JNI
    [Reliability 0] handleIncomingMessage() called
        Type: DATA
        From: 2
        SeqNum: 1
        Expected seq: 2
        -> DUPLICATE (seq < expected), ignoring
V2VNativeBridge3: Received message from 2 with length 857
[V2V Layer 3] Received message from replica 2 via JNI
    [Reliability 3] handleIncomingMessage() called
        Type: DATA
        From: 2
        SeqNum: 1
        Expected seq: 2
        -> DUPLICATE (seq < expected), ignoring
V2VNativeBridge6: Received message from 2 with length 857
[V2V Layer 6] Received message from replica 2 via JNI
    [Reliability 6] handleIncomingMessage() called
        Type: DATA
        From: 2
        SeqNum: 1
        Expected seq: 2
        -> DUPLICATE (seq < expected), ignoring
V2VNativeBridge5: Received message from 2 with length 857
[V2V Layer 5] Received message from replica 2 via JNI
    [Reliability 5] handleIncomingMessage() called
        Type: DATA
        From: 2
        SeqNum: 1
        Expected seq: 2
        -> DUPLICATE (seq < expected), ignoring
V2VNativeBridge7: Received message from 2 with length 857
[V2V Layer 7] Received message from replica 2 via JNI
    [Reliability 7] handleIncomingMessage() called
        Type: DATA
        From: 2
        SeqNum: 1
        Expected seq: 2
        -> DUPLICATE (seq < expected), ignoring
V2VNativeBridge4: Received message from 2 with length 857
[V2V Layer 4] Received message from replica 2 via JNI
    [Reliability 4] handleIncomingMessage() called
        Type: DATA
        From: 2
        SeqNum: 1
        Expected seq: 2
        -> DUPLICATE (seq < expected), ignoring
V2VNativeBridge1: Received message from 2 with length 857
[V2V Layer 1] Received message from replica 2 via JNI
    [Reliability 1] handleIncomingMessage() called
        Type: DATA
        From: 2
        SeqNum: 1
        Expected seq: 2
        -> DUPLICATE (seq < expected), ignoring
[V2VProxy 0] *** RECEIVED V2V message #20 from=2 to=-1 (broadcast=YES) at t=3.782208594025
V2VNativeBridge0: Received message from 2 with length 857
[V2V Layer 0] Received message from replica 2 via JNI
    [Reliability 0] handleIncomingMessage() called
        Type: DATA
        From: 2
        SeqNum: 1
        Expected seq: 2
        -> DUPLICATE (seq < expected), ignoring
V2VNativeBridge3: Received message from 2 with length 857
[V2V Layer 3] Received message from replica 2 via JNI
    [Reliability 3] handleIncomingMessage() called
        Type: DATA
        From: 2
        SeqNum: 1
        Expected seq: 2
        -> DUPLICATE (seq < expected), ignoring
V2VNativeBridge6: Received message from 2 with length 857
[V2V Layer 6] Received message from replica 2 via JNI
    [Reliability 6] handleIncomingMessage() called
        Type: DATA
        From: 2
        SeqNum: 1
        Expected seq: 2
        -> DUPLICATE (seq < expected), ignoring
V2VNativeBridge5: Received message from 2 with length 857
[V2V Layer 5] Received message from replica 2 via JNI
    [Reliability 5] handleIncomingMessage() called
        Type: DATA
        From: 2
        SeqNum: 1
        Expected seq: 2
        -> DUPLICATE (seq < expected), ignoring
V2VNativeBridge7: Received message from 2 with length 857
[V2V Layer 7] Received message from replica 2 via JNI
    [Reliability 7] handleIncomingMessage() called
        Type: DATA
        From: 2
        SeqNum: 1
        Expected seq: 2
        -> DUPLICATE (seq < expected), ignoring
[Reliability] Resending seq=1 because 1000ms (sim time) passed.
[Reliability 0] Retransmitting seq=1 to replica 6 (attempt 1/20 with jitter=127ms)
V2VNativeBridge0: Sending message to -1 with length 685
[JNI] nativeSendMessage: 0 -> -1
[JNI] Sending 685 bytes (0->-1)
[DEBUG V2VProxy 0] Queue has space - adding message
[JNI] Message queued successfully
[Reliability] Resending seq=0 because 1000ms (sim time) passed.
[Reliability 0] Retransmitting seq=0 to replica 7 (attempt 1/20 with jitter=65ms)
V2VNativeBridge0: Sending message to -1 with length 1028
[JNI] nativeSendMessage: 0 -> -1
[JNI] Sending 1028 bytes (0->-1)
[DEBUG V2VProxy 0] Queue has space - adding message
[JNI] Message queued successfully
[V2VProxy 0] *** SENDING V2V message #15 from=0 to=-1 size=685 bytes at t=4.65
[V2VProxy 0] *** SENDING V2V message #16 from=0 to=-1 size=1028 bytes at t=4.65
** Event #5376   t=4.65   Elapsed: 4.65011s (0m 04s)  2% completed  (2% total)
     Speed:     ev/sec=3193.23   simsec/sec=1.00481   ev/simsec=3177.93
     Messages:  created: 3771   present: 177   in FES: 28
V2VNativeBridge6: Received message from 0 with length 1028
[V2V Layer 6] Received message from replica 0 via JNI
    [Reliability 6] handleIncomingMessage() called
        Type: DATA
        From: 0
        SeqNum: 0
        Expected seq: 2
        -> DUPLICATE (seq < expected), ignoring
[V2VProxy 3] Delivering message #201 from replica 0 to Java (1028 bytes)
V2VNativeBridge3: Received message from 0 with length 1028
[V2V Layer 3] Received message from replica 0 via JNI
    [Reliability 3] handleIncomingMessage() called
        Type: DATA
        From: 0
        SeqNum: 0
        Expected seq: 2
        -> DUPLICATE (seq < expected), ignoring
V2VNativeBridge2: Received message from 0 with length 1028
[V2V Layer 2] Received message from replica 0 via JNI
    [Reliability 2] handleIncomingMessage() called
        Type: DATA
        From: 0
        SeqNum: 0
        Expected seq: 2
        -> DUPLICATE (seq < expected), ignoring
V2VNativeBridge4: Received message from 0 with length 1028
[V2V Layer 4] Received message from replica 0 via JNI
    [Reliability 4] handleIncomingMessage() called
        Type: DATA
        From: 0
        SeqNum: 0
        Expected seq: 2
        -> DUPLICATE (seq < expected), ignoring
V2VNativeBridge7: Received message from 0 with length 1028
[V2V Layer 7] Received message from replica 0 via JNI
    [Reliability 7] handleIncomingMessage() called
        Type: DATA
        From: 0
        SeqNum: 0
        Expected seq: 2
        -> DUPLICATE (seq < expected), ignoring
V2VNativeBridge1: Received message from 0 with length 1028
[V2V Layer 1] Received message from replica 0 via JNI
    [Reliability 1] handleIncomingMessage() called
        Type: DATA
        From: 0
        SeqNum: 0
        Expected seq: 2
        -> DUPLICATE (seq < expected), ignoring
V2VNativeBridge5: Received message from 0 with length 1028
[V2V Layer 5] Received message from replica 0 via JNI
    [Reliability 5] handleIncomingMessage() called
        Type: DATA
        From: 0
        SeqNum: 0
        Expected seq: 2
        -> DUPLICATE (seq < expected), ignoring
V2VNativeBridge6: Received message from 0 with length 685
[V2V Layer 6] Received message from replica 0 via JNI
    [Reliability 6] handleIncomingMessage() called
        Type: DATA
        From: 0
        SeqNum: 1
        Expected seq: 2
        -> DUPLICATE (seq < expected), ignoring
V2VNativeBridge3: Received message from 0 with length 685
[V2V Layer 3] Received message from replica 0 via JNI
    [Reliability 3] handleIncomingMessage() called
        Type: DATA
        From: 0
        SeqNum: 1
        Expected seq: 2
        -> DUPLICATE (seq < expected), ignoring
V2VNativeBridge2: Received message from 0 with length 685
[V2V Layer 2] Received message from replica 0 via JNI
    [Reliability 2] handleIncomingMessage() called
        Type: DATA
        From: 0
        SeqNum: 1
        Expected seq: 2
        -> DUPLICATE (seq < expected), ignoring
V2VNativeBridge4: Received message from 0 with length 685
[V2V Layer 4] Received message from replica 0 via JNI
    [Reliability 4] handleIncomingMessage() called
        Type: DATA
        From: 0
        SeqNum: 1
        Expected seq: 2
        -> DUPLICATE (seq < expected), ignoring
V2VNativeBridge7: Received message from 0 with length 685
[V2V Layer 7] Received message from replica 0 via JNI
    [Reliability 7] handleIncomingMessage() called
        Type: DATA
        From: 0
        SeqNum: 1
        Expected seq: 2
        -> DUPLICATE (seq < expected), ignoring
V2VNativeBridge1: Received message from 0 with length 685
[V2V Layer 1] Received message from replica 0 via JNI
    [Reliability 1] handleIncomingMessage() called
        Type: DATA
        From: 0
        SeqNum: 1
        Expected seq: 2
        -> DUPLICATE (seq < expected), ignoring
V2VNativeBridge5: Received message from 0 with length 685
[V2V Layer 5] Received message from replica 0 via JNI
    [Reliability 5] handleIncomingMessage() called
        Type: DATA
        From: 0
        SeqNum: 1
        Expected seq: 2
        -> DUPLICATE (seq < expected), ignoring
[Reliability] Resending seq=0 because 1300ms (sim time) passed.
[Reliability 2] Retransmitting seq=0 to replica 0 (attempt 1/20 with jitter=201ms)
V2VNativeBridge2: Sending message to -1 with length 763
[JNI] nativeSendMessage: 2 -> -1
[JNI] Sending 763 bytes (2->-1)
[DEBUG V2VProxy 2] Queue has space - adding message
[JNI] Message queued successfully
[Reliability] Resending seq=1 because 1222ms (sim time) passed.
[Reliability 2] Retransmitting seq=1 to replica 0 (attempt 1/20 with jitter=245ms)
V2VNativeBridge2: Sending message to -1 with length 871
[JNI] nativeSendMessage: 2 -> -1
[JNI] Sending 871 bytes (2->-1)
[DEBUG V2VProxy 2] Queue has space - adding message
[JNI] Message queued successfully
[Reliability] Resending seq=0 because 1300ms (sim time) passed.
[Reliability 2] Retransmitting seq=0 to replica 4 (attempt 1/20 with jitter=213ms)
V2VNativeBridge2: Sending message to -1 with length 685
[JNI] nativeSendMessage: 2 -> -1
[JNI] Sending 685 bytes (2->-1)
[DEBUG V2VProxy 2] Queue has space - adding message
[JNI] Message queued successfully
[Reliability] Resending seq=1 because 1220ms (sim time) passed.
[Reliability 2] Retransmitting seq=1 to replica 4 (attempt 1/20 with jitter=235ms)
V2VNativeBridge2: Sending message to -1 with length 857
[JNI] nativeSendMessage: 2 -> -1
[JNI] Sending 857 bytes (2->-1)
[DEBUG V2VProxy 2] Queue has space - adding message
[JNI] Message queued successfully
[Reliability] Resending seq=1 because 1220ms (sim time) passed.
[Reliability 2] Retransmitting seq=1 to replica 5 (attempt 1/20 with jitter=192ms)
V2VNativeBridge2: Sending message to -1 with length 779
[JNI] nativeSendMessage: 2 -> -1
[JNI] Sending 779 bytes (2->-1)
[DEBUG V2VProxy 2] Queue has space - adding message
[JNI] Message queued successfully
[Reliability] Resending seq=0 because 1300ms (sim time) passed.
[Reliability 2] Retransmitting seq=0 to replica 6 (attempt 1/20 with jitter=72ms)
V2VNativeBridge2: Sending message to -1 with length 685
[JNI] nativeSendMessage: 2 -> -1
[JNI] Sending 685 bytes (2->-1)
[DEBUG V2VProxy 2] Queue has space - adding message
[JNI] Message queued successfully
[Reliability] Resending seq=1 because 1220ms (sim time) passed.
[Reliability 2] Retransmitting seq=1 to replica 6 (attempt 1/20 with jitter=174ms)
V2VNativeBridge2: Sending message to -1 with length 857
[JNI] nativeSendMessage: 2 -> -1
[JNI] Sending 857 bytes (2->-1)
[DEBUG V2VProxy 2] Queue has space - adding message
[JNI] Message queued successfully
[Reliability] Resending seq=0 because 1300ms (sim time) passed.
[Reliability 2] Retransmitting seq=0 to replica 7 (attempt 1/20 with jitter=118ms)
V2VNativeBridge2: Sending message to -1 with length 685
[JNI] nativeSendMessage: 2 -> -1
[JNI] Sending 685 bytes (2->-1)
[DEBUG V2VProxy 2] Queue has space - adding message
[JNI] Message queued successfully
[Reliability] Resending seq=1 because 1220ms (sim time) passed.
[Reliability 2] Retransmitting seq=1 to replica 7 (attempt 1/20 with jitter=4ms)
V2VNativeBridge2: Sending message to -1 with length 857
[JNI] nativeSendMessage: 2 -> -1
[JNI] Sending 857 bytes (2->-1)
[DEBUG V2VProxy 2] Queue has space - adding message
[JNI] Message queued successfully
[V2VProxy 2] *** SENDING V2V message #15 from=2 to=-1 size=763 bytes at t=5
[V2VProxy 2] *** SENDING V2V message #16 from=2 to=-1 size=871 bytes at t=5
[V2VProxy 2] *** SENDING V2V message #17 from=2 to=-1 size=685 bytes at t=5
[V2VProxy 2] *** SENDING V2V message #18 from=2 to=-1 size=857 bytes at t=5
[V2VProxy 2] *** SENDING V2V message #19 from=2 to=-1 size=779 bytes at t=5
[V2VProxy 2] *** SENDING V2V message #20 from=2 to=-1 size=685 bytes at t=5
V2VNativeBridge4: Received message from 2 with length 857
[V2V Layer 4] Received message from replica 2 via JNI
    [Reliability 4] handleIncomingMessage() called
        Type: DATA
        From: 2
        SeqNum: 1
        Expected seq: 2
        -> DUPLICATE (seq < expected), ignoring
V2VNativeBridge1: Received message from 2 with length 857
[V2V Layer 1] Received message from replica 2 via JNI
    [Reliability 1] handleIncomingMessage() called
        Type: DATA
        From: 2
        SeqNum: 1
        Expected seq: 2
        -> DUPLICATE (seq < expected), ignoring
V2VNativeBridge0: Received message from 2 with length 857
[V2V Layer 0] Received message from replica 2 via JNI
    [Reliability 0] handleIncomingMessage() called
        Type: DATA
        From: 2
        SeqNum: 1
        Expected seq: 2
        -> DUPLICATE (seq < expected), ignoring
V2VNativeBridge3: Received message from 2 with length 857
[V2V Layer 3] Received message from replica 2 via JNI
    [Reliability 3] handleIncomingMessage() called
        Type: DATA
        From: 2
        SeqNum: 1
        Expected seq: 2
        -> DUPLICATE (seq < expected), ignoring
V2VNativeBridge6: Received message from 2 with length 857
[V2V Layer 6] Received message from replica 2 via JNI
    [Reliability 6] handleIncomingMessage() called
        Type: DATA
        From: 2
        SeqNum: 1
        Expected seq: 2
        -> DUPLICATE (seq < expected), ignoring
V2VNativeBridge5: Received message from 2 with length 857
[V2V Layer 5] Received message from replica 2 via JNI
    [Reliability 5] handleIncomingMessage() called
        Type: DATA
        From: 2
        SeqNum: 1
        Expected seq: 2
        -> DUPLICATE (seq < expected), ignoring
V2VNativeBridge7: Received message from 2 with length 857
[V2V Layer 7] Received message from replica 2 via JNI
    [Reliability 7] handleIncomingMessage() called
        Type: DATA
        From: 2
        SeqNum: 1
        Expected seq: 2
        -> DUPLICATE (seq < expected), ignoring
V2VNativeBridge4: Received message from 2 with length 685
[V2V Layer 4] Received message from replica 2 via JNI
    [Reliability 4] handleIncomingMessage() called
        Type: DATA
        From: 2
        SeqNum: 0
        Expected seq: 2
        -> DUPLICATE (seq < expected), ignoring
V2VNativeBridge1: Received message from 2 with length 685
[V2V Layer 1] Received message from replica 2 via JNI
    [Reliability 1] handleIncomingMessage() called
        Type: DATA
        From: 2
        SeqNum: 0
        Expected seq: 2
        -> DUPLICATE (seq < expected), ignoring
V2VNativeBridge0: Received message from 2 with length 685
[V2V Layer 0] Received message from replica 2 via JNI
    [Reliability 0] handleIncomingMessage() called
        Type: DATA
        From: 2
        SeqNum: 0
        Expected seq: 2
        -> DUPLICATE (seq < expected), ignoring
V2VNativeBridge3: Received message from 2 with length 685
[V2V Layer 3] Received message from replica 2 via JNI
    [Reliability 3] handleIncomingMessage() called
        Type: DATA
        From: 2
        SeqNum: 0
        Expected seq: 2
        -> DUPLICATE (seq < expected), ignoring
V2VNativeBridge6: Received message from 2 with length 685
[V2V Layer 6] Received message from replica 2 via JNI
    [Reliability 6] handleIncomingMessage() called
        Type: DATA
        From: 2
        SeqNum: 0
        Expected seq: 2
        -> DUPLICATE (seq < expected), ignoring
V2VNativeBridge5: Received message from 2 with length 685
[V2V Layer 5] Received message from replica 2 via JNI
    [Reliability 5] handleIncomingMessage() called
        Type: DATA
        From: 2
        SeqNum: 0
        Expected seq: 2
        -> DUPLICATE (seq < expected), ignoring
V2VNativeBridge7: Received message from 2 with length 685
[V2V Layer 7] Received message from replica 2 via JNI
    [Reliability 7] handleIncomingMessage() called
        Type: DATA
        From: 2
        SeqNum: 0
        Expected seq: 2
        -> DUPLICATE (seq < expected), ignoring
V2VNativeBridge4: Received message from 2 with length 685
[V2V Layer 4] Received message from replica 2 via JNI
    [Reliability 4] handleIncomingMessage() called
        Type: DATA
        From: 2
        SeqNum: 0
        Expected seq: 2
        -> DUPLICATE (seq < expected), ignoring
V2VNativeBridge1: Received message from 2 with length 685
[V2V Layer 1] Received message from replica 2 via JNI
    [Reliability 1] handleIncomingMessage() called
        Type: DATA
        From: 2
        SeqNum: 0
        Expected seq: 2
        -> DUPLICATE (seq < expected), ignoring
V2VNativeBridge0: Received message from 2 with length 685
[V2V Layer 0] Received message from replica 2 via JNI
    [Reliability 0] handleIncomingMessage() called
        Type: DATA
        From: 2
        SeqNum: 0
        Expected seq: 2
        -> DUPLICATE (seq < expected), ignoring
V2VNativeBridge3: Received message from 2 with length 685
[V2V Layer 3] Received message from replica 2 via JNI
    [Reliability 3] handleIncomingMessage() called
        Type: DATA
        From: 2
        SeqNum: 0
        Expected seq: 2
        -> DUPLICATE (seq < expected), ignoring
V2VNativeBridge6: Received message from 2 with length 685
[V2V Layer 6] Received message from replica 2 via JNI
    [Reliability 6] handleIncomingMessage() called
        Type: DATA
        From: 2
        SeqNum: 0
        Expected seq: 2
        -> DUPLICATE (seq < expected), ignoring
V2VNativeBridge5: Received message from 2 with length 685
[V2V Layer 5] Received message from replica 2 via JNI
    [Reliability 5] handleIncomingMessage() called
        Type: DATA
        From: 2
        SeqNum: 0
        Expected seq: 2
        -> DUPLICATE (seq < expected), ignoring
V2VNativeBridge7: Received message from 2 with length 685
[V2V Layer 7] Received message from replica 2 via JNI
    [Reliability 7] handleIncomingMessage() called
        Type: DATA
        From: 2
        SeqNum: 0
        Expected seq: 2
        -> DUPLICATE (seq < expected), ignoring
V2VNativeBridge4: Received message from 2 with length 857
[V2V Layer 4] Received message from replica 2 via JNI
    [Reliability 4] handleIncomingMessage() called
        Type: DATA
        From: 2
        SeqNum: 1
        Expected seq: 2
        -> DUPLICATE (seq < expected), ignoring
V2VNativeBridge1: Received message from 2 with length 857
[V2V Layer 1] Received message from replica 2 via JNI
    [Reliability 1] handleIncomingMessage() called
        Type: DATA
        From: 2
        SeqNum: 1
        Expected seq: 2
        -> DUPLICATE (seq < expected), ignoring
V2VNativeBridge0: Received message from 2 with length 857
[V2V Layer 0] Received message from replica 2 via JNI
    [Reliability 0] handleIncomingMessage() called
        Type: DATA
        From: 2
        SeqNum: 1
        Expected seq: 2
        -> DUPLICATE (seq < expected), ignoring
V2VNativeBridge3: Received message from 2 with length 857
[V2V Layer 3] Received message from replica 2 via JNI
    [Reliability 3] handleIncomingMessage() called
        Type: DATA
        From: 2
        SeqNum: 1
        Expected seq: 2
        -> DUPLICATE (seq < expected), ignoring
V2VNativeBridge6: Received message from 2 with length 857
[V2V Layer 6] Received message from replica 2 via JNI
    [Reliability 6] handleIncomingMessage() called
        Type: DATA
        From: 2
        SeqNum: 1
        Expected seq: 2
        -> DUPLICATE (seq < expected), ignoring
V2VNativeBridge5: Received message from 2 with length 857
[V2V Layer 5] Received message from replica 2 via JNI
    [Reliability 5] handleIncomingMessage() called
        Type: DATA
        From: 2
        SeqNum: 1
        Expected seq: 2
        -> DUPLICATE (seq < expected), ignoring
V2VNativeBridge7: Received message from 2 with length 857
[V2V Layer 7] Received message from replica 2 via JNI
    [Reliability 7] handleIncomingMessage() called
        Type: DATA
        From: 2
        SeqNum: 1
        Expected seq: 2
        -> DUPLICATE (seq < expected), ignoring
V2VNativeBridge4: Received message from 2 with length 871
[V2V Layer 4] Received message from replica 2 via JNI
    [Reliability 4] handleIncomingMessage() called
        Type: DATA
        From: 2
        SeqNum: 1
        Expected seq: 2
        -> DUPLICATE (seq < expected), ignoring
V2VNativeBridge1: Received message from 2 with length 871
[V2V Layer 1] Received message from replica 2 via JNI
    [Reliability 1] handleIncomingMessage() called
        Type: DATA
        From: 2
        SeqNum: 1
        Expected seq: 2
        -> DUPLICATE (seq < expected), ignoring
V2VNativeBridge0: Received message from 2 with length 871
[V2V Layer 0] Received message from replica 2 via JNI
    [Reliability 0] handleIncomingMessage() called
        Type: DATA
        From: 2
        SeqNum: 1
        Expected seq: 2
        -> DUPLICATE (seq < expected), ignoring
V2VNativeBridge3: Received message from 2 with length 871
[V2V Layer 3] Received message from replica 2 via JNI
    [Reliability 3] handleIncomingMessage() called
        Type: DATA
        From: 2
        SeqNum: 1
        Expected seq: 2
        -> DUPLICATE (seq < expected), ignoring
V2VNativeBridge6: Received message from 2 with length 871
[V2V Layer 6] Received message from replica 2 via JNI
    [Reliability 6] handleIncomingMessage() called
        Type: DATA
        From: 2
        SeqNum: 1
        Expected seq: 2
        -> DUPLICATE (seq < expected), ignoring
V2VNativeBridge5: Received message from 2 with length 871
[V2V Layer 5] Received message from replica 2 via JNI
    [Reliability 5] handleIncomingMessage() called
        Type: DATA
        From: 2
        SeqNum: 1
        Expected seq: 2
        -> DUPLICATE (seq < expected), ignoring
V2VNativeBridge7: Received message from 2 with length 871
[V2V Layer 7] Received message from replica 2 via JNI
    [Reliability 7] handleIncomingMessage() called
        Type: DATA
        From: 2
        SeqNum: 1
        Expected seq: 2
        -> DUPLICATE (seq < expected), ignoring
V2VNativeBridge4: Received message from 2 with length 779
[V2V Layer 4] Received message from replica 2 via JNI
    [Reliability 4] handleIncomingMessage() called
        Type: DATA
        From: 2
        SeqNum: 1
        Expected seq: 2
        -> DUPLICATE (seq < expected), ignoring
V2VNativeBridge1: Received message from 2 with length 779
[V2V Layer 1] Received message from replica 2 via JNI
    [Reliability 1] handleIncomingMessage() called
        Type: DATA
        From: 2
        SeqNum: 1
        Expected seq: 2
        -> DUPLICATE (seq < expected), ignoring
V2VNativeBridge0: Received message from 2 with length 779
[V2V Layer 0] Received message from replica 2 via JNI
    [Reliability 0] handleIncomingMessage() called
        Type: DATA
        From: 2
        SeqNum: 1
        Expected seq: 2
        -> DUPLICATE (seq < expected), ignoring
V2VNativeBridge3: Received message from 2 with length 779
[V2V Layer 3] Received message from replica 2 via JNI
    [Reliability 3] handleIncomingMessage() called
        Type: DATA
        From: 2
        SeqNum: 1
        Expected seq: 2
        -> DUPLICATE (seq < expected), ignoring
V2VNativeBridge6: Received message from 2 with length 779
[V2V Layer 6] Received message from replica 2 via JNI
    [Reliability 6] handleIncomingMessage() called
        Type: DATA
        From: 2
        SeqNum: 1
        Expected seq: 2
        -> DUPLICATE (seq < expected), ignoring
V2VNativeBridge5: Received message from 2 with length 779
[V2V Layer 5] Received message from replica 2 via JNI
    [Reliability 5] handleIncomingMessage() called
        Type: DATA
        From: 2
        SeqNum: 1
        Expected seq: 2
        -> DUPLICATE (seq < expected), ignoring
V2VNativeBridge7: Received message from 2 with length 779
[V2V Layer 7] Received message from replica 2 via JNI
    [Reliability 7] handleIncomingMessage() called
        Type: DATA
        From: 2
        SeqNum: 1
        Expected seq: 2
        -> DUPLICATE (seq < expected), ignoring
V2VNativeBridge4: Received message from 2 with length 763
[V2V Layer 4] Received message from replica 2 via JNI
    [Reliability 4] handleIncomingMessage() called
        Type: DATA
        From: 2
        SeqNum: 0
        Expected seq: 2
        -> DUPLICATE (seq < expected), ignoring
V2VNativeBridge1: Received message from 2 with length 763
[V2V Layer 1] Received message from replica 2 via JNI
    [Reliability 1] handleIncomingMessage() called
        Type: DATA
        From: 2
        SeqNum: 0
        Expected seq: 2
        -> DUPLICATE (seq < expected), ignoring
V2VNativeBridge0: Received message from 2 with length 763
[V2V Layer 0] Received message from replica 2 via JNI
    [Reliability 0] handleIncomingMessage() called
        Type: DATA
        From: 2
        SeqNum: 0
        Expected seq: 2
        -> DUPLICATE (seq < expected), ignoring
V2VNativeBridge3: Received message from 2 with length 763
[V2V Layer 3] Received message from replica 2 via JNI
    [Reliability 3] handleIncomingMessage() called
        Type: DATA
        From: 2
        SeqNum: 0
        Expected seq: 2
        -> DUPLICATE (seq < expected), ignoring
V2VNativeBridge6: Received message from 2 with length 763
[V2V Layer 6] Received message from replica 2 via JNI
    [Reliability 6] handleIncomingMessage() called
        Type: DATA
        From: 2
        SeqNum: 0
        Expected seq: 2
        -> DUPLICATE (seq < expected), ignoring
V2VNativeBridge5: Received message from 2 with length 763
[V2V Layer 5] Received message from replica 2 via JNI
    [Reliability 5] handleIncomingMessage() called
        Type: DATA
        From: 2
        SeqNum: 0
        Expected seq: 2
        -> DUPLICATE (seq < expected), ignoring
V2VNativeBridge7: Received message from 2 with length 763
[V2V Layer 7] Received message from replica 2 via JNI
    [Reliability 7] handleIncomingMessage() called
        Type: DATA
        From: 2
        SeqNum: 0
        Expected seq: 2
        -> DUPLICATE (seq < expected), ignoring
V2VNativeBridge4: Received message from 2 with length 685
[V2V Layer 4] Received message from replica 2 via JNI
    [Reliability 4] handleIncomingMessage() called
        Type: DATA
        From: 2
        SeqNum: 0
        Expected seq: 2
        -> DUPLICATE (seq < expected), ignoring
V2VNativeBridge1: Received message from 2 with length 685
[V2V Layer 1] Received message from replica 2 via JNI
    [Reliability 1] handleIncomingMessage() called
        Type: DATA
        From: 2
        SeqNum: 0
        Expected seq: 2
        -> DUPLICATE (seq < expected), ignoring
V2VNativeBridge0: Received message from 2 with length 685
[V2V Layer 0] Received message from replica 2 via JNI
    [Reliability 0] handleIncomingMessage() called
        Type: DATA
        From: 2
        SeqNum: 0
        Expected seq: 2
        -> DUPLICATE (seq < expected), ignoring
V2VNativeBridge3: Received message from 2 with length 685
[V2V Layer 3] Received message from replica 2 via JNI
    [Reliability 3] handleIncomingMessage() called
        Type: DATA
        From: 2
        SeqNum: 0
        Expected seq: 2
        -> DUPLICATE (seq < expected), ignoring
V2VNativeBridge6: Received message from 2 with length 685
[V2V Layer 6] Received message from replica 2 via JNI
    [Reliability 6] handleIncomingMessage() called
        Type: DATA
        From: 2
        SeqNum: 0
        Expected seq: 2
        -> DUPLICATE (seq < expected), ignoring
V2VNativeBridge5: Received message from 2 with length 685
[V2V Layer 5] Received message from replica 2 via JNI
    [Reliability 5] handleIncomingMessage() called
        Type: DATA
        From: 2
        SeqNum: 0
        Expected seq: 2
        -> DUPLICATE (seq < expected), ignoring
V2VNativeBridge7: Received message from 2 with length 685
[V2V Layer 7] Received message from replica 2 via JNI
    [Reliability 7] handleIncomingMessage() called
        Type: DATA
        From: 2
        SeqNum: 0
        Expected seq: 2
        -> DUPLICATE (seq < expected), ignoring
V2VNativeBridge4: Received message from 2 with length 857
[V2V Layer 4] Received message from replica 2 via JNI
    [Reliability 4] handleIncomingMessage() called
        Type: DATA
        From: 2
        SeqNum: 1
        Expected seq: 2
        -> DUPLICATE (seq < expected), ignoring
V2VNativeBridge1: Received message from 2 with length 857
[V2V Layer 1] Received message from replica 2 via JNI
    [Reliability 1] handleIncomingMessage() called
        Type: DATA
        From: 2
        SeqNum: 1
        Expected seq: 2
        -> DUPLICATE (seq < expected), ignoring
V2VNativeBridge0: Received message from 2 with length 857
[V2V Layer 0] Received message from replica 2 via JNI
    [Reliability 0] handleIncomingMessage() called
        Type: DATA
        From: 2
        SeqNum: 1
        Expected seq: 2
        -> DUPLICATE (seq < expected), ignoring
V2VNativeBridge3: Received message from 2 with length 857
[V2V Layer 3] Received message from replica 2 via JNI
    [Reliability 3] handleIncomingMessage() called
        Type: DATA
        From: 2
        SeqNum: 1
        Expected seq: 2
        -> DUPLICATE (seq < expected), ignoring
[Reliability] Resending seq=0 because 1365ms (sim time) passed.
[Reliability 3] Retransmitting seq=0 to replica 0 (attempt 1/20 with jitter=166ms)
V2VNativeBridge6: Received message from 2 with length 857
[V2V Layer 6] Received message from replica 2 via JNI
V2VNativeBridge3: Sending message to -1 with length 763
[JNI] nativeSendMessage: 3 -> -1
[JNI] Sending 763 bytes (3->-1)
[DEBUG V2VProxy 3] Queue has space - adding message
[JNI] Message queued successfully
[Reliability] Resending seq=1 because 1287ms (sim time) passed.
[Reliability 3] Retransmitting seq=1 to replica 0 (attempt 1/20 with jitter=98ms)
V2VNativeBridge3: Sending message to -1 with length 871
[JNI] nativeSendMessage: 3 -> -1
[JNI] Sending 871 bytes (3->-1)
[DEBUG V2VProxy 3] Queue has space - adding message
[JNI] Message queued successfully
[Reliability] Resending seq=0 because 1365ms (sim time) passed.
[Reliability 3] Retransmitting seq=0 to replica 4 (attempt 1/20 with jitter=241ms)
V2VNativeBridge3: Sending message to -1 with length 685
[JNI] nativeSendMessage: 3 -> -1
[JNI] Sending 685 bytes (3->-1)
[DEBUG V2VProxy 3] Queue has space - adding message
[JNI] Message queued successfully
[Reliability] Resending seq=1 because 1287ms (sim time) passed.
[Reliability 3] Retransmitting seq=1 to replica 4 (attempt 1/20 with jitter=78ms)
V2VNativeBridge3: Sending message to -1 with length 857
[JNI] nativeSendMessage: 3 -> -1
[JNI] Sending 857 bytes (3->-1)
[DEBUG V2VProxy 3] Queue has space - adding message
[JNI] Message queued successfully
[Reliability] Resending seq=1 because 1285ms (sim time) passed.
[Reliability 3] Retransmitting seq=1 to replica 5 (attempt 1/20 with jitter=86ms)
V2VNativeBridge3: Sending message to -1 with length 779
[JNI] nativeSendMessage: 3 -> -1
[JNI] Sending 779 bytes (3->-1)
[DEBUG V2VProxy 3] Queue has space - adding message
[JNI] Message queued successfully
[Reliability] Resending seq=0 because 1365ms (sim time) passed.
[Reliability 3] Retransmitting seq=0 to replica 6 (attempt 1/20 with jitter=54ms)
V2VNativeBridge3: Sending message to -1 with length 685
[JNI] nativeSendMessage: 3 -> -1
[JNI] Sending 685 bytes (3->-1)
[DEBUG V2VProxy 3] Queue has space - adding message
[JNI] Message queued successfully
[Reliability] Resending seq=1 because 1285ms (sim time) passed.
[Reliability 3] Retransmitting seq=1 to replica 6 (attempt 1/20 with jitter=249ms)
V2VNativeBridge3: Sending message to -1 with length 857
[JNI] nativeSendMessage: 3 -> -1
[JNI] Sending 857 bytes (3->-1)
[DEBUG V2VProxy 3] Queue has space - adding message
[JNI] Message queued successfully
[Reliability] Resending seq=0 because 1365ms (sim time) passed.
[Reliability 3] Retransmitting seq=0 to replica 7 (attempt 1/20 with jitter=261ms)
V2VNativeBridge3: Sending message to -1 with length 685
[JNI] nativeSendMessage: 3 -> -1
[JNI] Sending 685 bytes (3->-1)
[DEBUG V2VProxy 3] Queue has space - adding message
[JNI] Message queued successfully
[Reliability] Resending seq=1 because 1285ms (sim time) passed.
[Reliability 3] Retransmitting seq=1 to replica 7 (attempt 1/20 with jitter=27ms)
V2VNativeBridge3: Sending message to -1 with length 857
[JNI] nativeSendMessage: 3 -> -1
[JNI] Sending 857 bytes (3->-1)
[DEBUG V2VProxy 3] Queue has space - adding message
[JNI] Message queued successfully
[Reliability] Resending seq=0 because 1365ms (sim time) passed.
[Reliability 6] Retransmitting seq=0 to replica 0 (attempt 1/20 with jitter=266ms)
[Reliability] Resending seq=0 because 1365ms (sim time) passed.
[Reliability 1] Retransmitting seq=0 to replica 0 (attempt 1/20 with jitter=187ms)
[Reliability] Resending seq=0 because 1365ms (sim time) passed.
[Reliability] Resending seq=0 because 1365ms (sim time) passed.
[Reliability 5] Retransmitting seq=0 to replica 0 (attempt 1/20 with jitter=254ms)
[Reliability] Resending seq=0 because 1365ms (sim time) passed.
[Reliability 4] Retransmitting seq=0 to replica 0 (attempt 1/20 with jitter=89ms)
V2VNativeBridge6: Sending message to -1 with length 763
[JNI] nativeSendMessage: 6 -> -1
[JNI] Sending 763 bytes (6->-1)
V2VNativeBridge5: Sending message to -1 with length 763
[JNI] nativeSendMessage: 5 -> -1
[JNI] Sending 763 bytes (5->-1)
    [Reliability 6] handleIncomingMessage() called
        Type: DATA[DEBUG V2VProxy 5] Queue has space - adding message

        From: 2
        SeqNum: 1
[Reliability 7] Retransmitting seq=0 to replica 0 (attempt 1/20 with jitter=293ms)
V2VNativeBridge1: Sending message to -1 with length 763
[JNI] Message queued successfully
[Reliability] Resending seq=1 because 1285ms (sim time) passed.[JNI] nativeSendMessage: 1 -> -1

[JNI] Sending 763 bytes (1->-1)
[DEBUG V2VProxy 1] Queue has space - adding message
[Reliability 5] Retransmitting seq=1 to replica 0 (attempt 1/20 with jitter=108ms)[JNI] Message queued successfully

V2VNativeBridge7: Sending message to -1 with length 763
[JNI] nativeSendMessage: 7 -> -1
[JNI] Sending 763 bytes (7->-1)
[DEBUG V2VProxy 7] Queue has space - adding message
        Expected seq: 2
[JNI] Message queued successfully
V2VNativeBridge5: Sending message to -1 with length 871
[JNI] nativeSendMessage: 5 -> -1
[JNI] Sending 871 bytes (5->-1)
[DEBUG V2VProxy 5] Queue has space - adding message
[JNI] Message queued successfully
[Reliability] Resending seq=0 because 1365ms (sim time) passed.
        -> DUPLICATE (seq < expected), ignoring
[Reliability 7] Retransmitting seq=0 to replica 4 (attempt 1/20 with jitter=248ms)
[Reliability] Resending seq=0 because 1365ms (sim time) passed.
V2VNativeBridge7: Sending message to -1 with length 685
[DEBUG V2VProxy 6] Queue has space - adding message
[JNI] nativeSendMessage: 7 -> -1
[Reliability 5] Retransmitting seq=0 to replica 4 (attempt 1/20 with jitter=211ms)[JNI] Sending 685 bytes (7->-1)
[DEBUG V2VProxy 7] Queue has space - adding message

[JNI] Message queued successfully
[Reliability] Resending seq=0 because 1365ms (sim time) passed.
[Reliability 7] Retransmitting seq=0 to replica 6 (attempt 1/20 with jitter=100ms)
V2VNativeBridge4: Sending message to -1 with length 763[JNI] Message queued successfully

[JNI] nativeSendMessage: 4 -> -1
[JNI] Sending 763 bytes (4->-1)
[DEBUG V2VProxy 4] Queue has space - adding message
[JNI] Message queued successfully
[Reliability] Resending seq=0 because 1365ms (sim time) passed.
[Reliability] Resending seq=0 because 1365ms (sim time) passed.
[Reliability 6] Retransmitting seq=0 to replica 4 (attempt 1/20 with jitter=133ms)
V2VNativeBridge5: Sending message to -1 with length 685
[JNI] nativeSendMessage: 5 -> -1
[JNI] Sending 685 bytes (5->-1)
V2VNativeBridge7: Sending message to -1 with length 685
[JNI] nativeSendMessage: 7 -> -1
V2VNativeBridge5: Received message from 2 with length 857
[JNI] Sending 685 bytes (7->-1)
[DEBUG V2VProxy 7] Queue has space - adding message
[JNI] Message queued successfully
[V2V Layer 5] Received message from replica 2 via JNI
[Reliability] Resending seq=1 because 1285ms (sim time) passed.
[Reliability 1] Retransmitting seq=1 to replica 0 (attempt 1/20 with jitter=46ms)
    [Reliability 5] handleIncomingMessage() called
        Type: DATA
        From: 2
        SeqNum: 1
V2VNativeBridge6: Sending message to -1 with length 685
V2VNativeBridge1: Sending message to -1 with length 870[JNI] nativeSendMessage: 6 -> -1
[JNI] Sending 685 bytes (6->-1)
[DEBUG V2VProxy 6] Queue has space - adding message
[JNI] Message queued successfully

[JNI] nativeSendMessage: 1 -> -1
[JNI] Sending 870 bytes (1->-1)
[DEBUG V2VProxy 1] Queue has space - adding message
[JNI] Message queued successfully
[Reliability 4] Retransmitting seq=0 to replica 6 (attempt 1/20 with jitter=214ms)
[Reliability] Resending seq=0 because 1365ms (sim time) passed.
V2VNativeBridge4: Sending message to -1 with length 685
[JNI] nativeSendMessage: 4 -> -1
[JNI] Sending 685 bytes (4->-1)
[DEBUG V2VProxy 4] Queue has space - adding message
[JNI] Message queued successfully
[Reliability] Resending seq=0 because 1365ms (sim time) passed.
[Reliability 1] Retransmitting seq=0 to replica 4 (attempt 1/20 with jitter=3ms)
[Reliability 4] Retransmitting seq=0 to replica 7 (attempt 1/20 with jitter=294ms)
V2VNativeBridge1: Sending message to -1 with length 685
V2VNativeBridge4: Sending message to -1 with length 685
[JNI] nativeSendMessage: 4 -> -1
[JNI] Sending 685 bytes (4->-1)
[DEBUG V2VProxy 4] Queue has space - adding message
[JNI] Message queued successfully
[JNI] nativeSendMessage: 1 -> -1
[JNI] Sending 685 bytes (1->-1)
[DEBUG V2VProxy 1] Queue has space - adding message
[JNI] Message queued successfully
[Reliability] Resending seq=0 because 1365ms (sim time) passed.
[Reliability] Resending seq=1 because 1285ms (sim time) passed.
[Reliability 1] Retransmitting seq=1 to replica 4 (attempt 1/20 with jitter=207ms)
[Reliability 6] Retransmitting seq=0 to replica 7 (attempt 1/20 with jitter=147ms)
        Expected seq: 2
V2VNativeBridge6: Sending message to -1 with length 685
[JNI] nativeSendMessage: 6 -> -1
[JNI] Sending 685 bytes (6->-1)
[DEBUG V2VProxy 6] Queue has space - adding message
[JNI] Message queued successfully
V2VNativeBridge1: Sending message to -1 with length 856
[JNI] nativeSendMessage: 1 -> -1
        -> DUPLICATE (seq < expected), ignoring
[JNI] Sending 856 bytes (1->-1)
[DEBUG V2VProxy 1] Queue has space - adding message
[JNI] Message queued successfully
[Reliability] Resending seq=1 because 1285ms (sim time) passed.
[Reliability 1] Retransmitting seq=1 to replica 5 (attempt 1/20 with jitter=295ms)
[DEBUG V2VProxy 5] Queue has space - adding message
[JNI] Message queued successfully
V2VNativeBridge7: Received message from 2 with length 857
[V2V Layer 7] Received message from replica 2 via JNI
V2VNativeBridge1: Sending message to -1 with length 778
[JNI] nativeSendMessage: 1 -> -1
[Reliability] Resending seq=1 because 1285ms (sim time) passed.
[Reliability 5] Retransmitting seq=1 to replica 4 (attempt 1/20 with jitter=161ms)
[JNI] Sending 778 bytes (1->-1)
[DEBUG V2VProxy 1] Queue has space - adding message
[JNI] Message queued successfully
[Reliability] Resending seq=0 because 1365ms (sim time) passed.
[Reliability 1] Retransmitting seq=0 to replica 6 (attempt 1/20 with jitter=165ms)
    [Reliability 7] handleIncomingMessage() called
        Type: DATA
        From: 2
        SeqNum: 1
V2VNativeBridge5: Sending message to -1 with length 857
V2VNativeBridge1: Sending message to -1 with length 685[JNI] nativeSendMessage: 5 -> -1

[JNI] nativeSendMessage: 1 -> -1
[JNI] Sending 685 bytes (1->-1)
[DEBUG V2VProxy 1] Queue has space - adding message
[JNI] Message queued successfully
[JNI] Sending 857 bytes (5->-1)
[Reliability] Resending seq=1 because 1285ms (sim time) passed.[DEBUG V2VProxy 5] Queue has space - adding message

[JNI] Message queued successfully
[Reliability 1] Retransmitting seq=1 to replica 6 (attempt 1/20 with jitter=42ms)
[Reliability] Resending seq=0 because 1365ms (sim time) passed.
        Expected seq: 2
[Reliability 5] Retransmitting seq=0 to replica 6 (attempt 1/20 with jitter=94ms)
        -> DUPLICATE (seq < expected), ignoring
V2VNativeBridge1: Sending message to -1 with length 856
[JNI] nativeSendMessage: 1 -> -1
[JNI] Sending 856 bytes (1->-1)
[DEBUG V2VProxy 1] Queue has space - adding message
[JNI] Message queued successfully
[Reliability] Resending seq=0 because 1365ms (sim time) passed.
V2VNativeBridge5: Sending message to -1 with length 685
[JNI] nativeSendMessage: 5 -> -1
[Reliability 1] Retransmitting seq=0 to replica 7 (attempt 1/20 with jitter=208ms)
[JNI] Sending 685 bytes (5->-1)
[DEBUG V2VProxy 5] Queue has space - adding message
[JNI] Message queued successfully
[Reliability] Resending seq=1 because 1285ms (sim time) passed.
[Reliability 5] Retransmitting seq=1 to replica 6 (attempt 1/20 with jitter=23ms)
V2VNativeBridge1: Sending message to -1 with length 685
[JNI] nativeSendMessage: 1 -> -1
[JNI] Sending 685 bytes (1->-1)
[DEBUG V2VProxy 1] Queue has space - adding message
[JNI] Message queued successfully
[Reliability] Resending seq=1 because 1285ms (sim time) passed.
[Reliability 1] Retransmitting seq=1 to replica 7 (attempt 1/20 with jitter=218ms)
V2VNativeBridge5: Sending message to -1 with length 857
[JNI] nativeSendMessage: 5 -> -1
[JNI] Sending 857 bytes (5->-1)
[DEBUG V2VProxy 5] Queue has space - adding message
[JNI] Message queued successfully
V2VNativeBridge1: Sending message to -1 with length 856
[JNI] nativeSendMessage: 1 -> -1
[JNI] Sending 856 bytes (1->-1)
[DEBUG V2VProxy 1] Queue has space - adding message
[JNI] Message queued successfully
[Reliability] Resending seq=0 because 1365ms (sim time) passed.
[Reliability 5] Retransmitting seq=0 to replica 7 (attempt 1/20 with jitter=64ms)
V2VNativeBridge5: Sending message to -1 with length 685
[JNI] nativeSendMessage: 5 -> -1
[JNI] Sending 685 bytes (5->-1)
[DEBUG V2VProxy 5] Queue has space - adding message
[JNI] Message queued successfully
[Reliability] Resending seq=1 because 1285ms (sim time) passed.
[Reliability 5] Retransmitting seq=1 to replica 7 (attempt 1/20 with jitter=45ms)
V2VNativeBridge5: Sending message to -1 with length 857
[JNI] nativeSendMessage: 5 -> -1
[JNI] Sending 857 bytes (5->-1)
[DEBUG V2VProxy 5] Queue has space - adding message
[JNI] Message queued successfully
[V2VProxy 1] *** SENDING V2V message #15 from=1 to=-1 size=763 bytes at t=5.05
[V2VProxy 1] *** SENDING V2V message #16 from=1 to=-1 size=870 bytes at t=5.05
[V2VProxy 1] *** SENDING V2V message #17 from=1 to=-1 size=685 bytes at t=5.05
[V2VProxy 1] *** SENDING V2V message #18 from=1 to=-1 size=856 bytes at t=5.05
[V2VProxy 1] *** SENDING V2V message #19 from=1 to=-1 size=778 bytes at t=5.05
[V2VProxy 1] *** SENDING V2V message #20 from=1 to=-1 size=685 bytes at t=5.05
[V2VProxy 3] *** SENDING V2V message #15 from=3 to=-1 size=763 bytes at t=5.05
[V2VProxy 3] *** SENDING V2V message #16 from=3 to=-1 size=871 bytes at t=5.05
[V2VProxy 3] *** SENDING V2V message #17 from=3 to=-1 size=685 bytes at t=5.05
[V2VProxy 3] *** SENDING V2V message #18 from=3 to=-1 size=857 bytes at t=5.05
[V2VProxy 3] *** SENDING V2V message #19 from=3 to=-1 size=779 bytes at t=5.05
[V2VProxy 3] *** SENDING V2V message #20 from=3 to=-1 size=685 bytes at t=5.05
[V2VProxy 4] *** SENDING V2V message #8 from=4 to=-1 size=763 bytes at t=5.05
[V2VProxy 4] *** SENDING V2V message #9 from=4 to=-1 size=685 bytes at t=5.05
[V2VProxy 4] *** SENDING V2V message #10 from=4 to=-1 size=685 bytes at t=5.05
[V2VProxy 5] *** SENDING V2V message #15 from=5 to=-1 size=763 bytes at t=5.05
[V2VProxy 5] *** SENDING V2V message #16 from=5 to=-1 size=871 bytes at t=5.05
[V2VProxy 5] *** SENDING V2V message #17 from=5 to=-1 size=685 bytes at t=5.05
[V2VProxy 5] *** SENDING V2V message #18 from=5 to=-1 size=857 bytes at t=5.05
[V2VProxy 5] *** SENDING V2V message #19 from=5 to=-1 size=685 bytes at t=5.05
[V2VProxy 5] *** SENDING V2V message #20 from=5 to=-1 size=857 bytes at t=5.05
[V2VProxy 6] *** SENDING V2V message #8 from=6 to=-1 size=763 bytes at t=5.05
[V2VProxy 6] *** SENDING V2V message #9 from=6 to=-1 size=685 bytes at t=5.05
[V2VProxy 6] *** SENDING V2V message #10 from=6 to=-1 size=685 bytes at t=5.05
[V2VProxy 7] *** SENDING V2V message #8 from=7 to=-1 size=763 bytes at t=5.05
[V2VProxy 7] *** SENDING V2V message #9 from=7 to=-1 size=685 bytes at t=5.05
[V2VProxy 7] *** SENDING V2V message #10 from=7 to=-1 size=685 bytes at t=5.05
V2VNativeBridge2: Received message from 4 with length 685
[V2V Layer 2] Received message from replica 4 via JNI
    [Reliability 2] handleIncomingMessage() called
        Type: DATA
        From: 4
        SeqNum: 0
        Expected seq: 1
        -> DUPLICATE (seq < expected), ignoring
V2VNativeBridge5: Received message from 4 with length 685
[V2V Layer 5] Received message from replica 4 via JNI
    [Reliability 5] handleIncomingMessage() called
        Type: DATA
        From: 4
        SeqNum: 0
        Expected seq: 1
        -> DUPLICATE (seq < expected), ignoring
V2VNativeBridge3: Received message from 4 with length 685
[V2V Layer 3] Received message from replica 4 via JNI
    [Reliability 3] handleIncomingMessage() called
        Type: DATA
        From: 4
        SeqNum: 0
        Expected seq: 1
        -> DUPLICATE (seq < expected), ignoring
V2VNativeBridge0: Received message from 4 with length 685
[V2V Layer 0] Received message from replica 4 via JNI
    [Reliability 0] handleIncomingMessage() called
        Type: DATA
        From: 4
        SeqNum: 0
        Expected seq: 1
        -> DUPLICATE (seq < expected), ignoring
V2VNativeBridge1: Received message from 4 with length 685
[V2V Layer 1] Received message from replica 4 via JNI
    [Reliability 1] handleIncomingMessage() called
        Type: DATA
        From: 4
        SeqNum: 0
        Expected seq: 1
        -> DUPLICATE (seq < expected), ignoring
V2VNativeBridge6: Received message from 4 with length 685
[V2V Layer 6] Received message from replica 4 via JNI
    [Reliability 6] handleIncomingMessage() called
        Type: DATA
        From: 4
        SeqNum: 0
        Expected seq: 1
        -> DUPLICATE (seq < expected), ignoring
V2VNativeBridge7: Received message from 4 with length 685
[V2V Layer 7] Received message from replica 4 via JNI
    [Reliability 7] handleIncomingMessage() called
        Type: DATA
        From: 4
        SeqNum: 0
        Expected seq: 1
        -> DUPLICATE (seq < expected), ignoring
V2VNativeBridge4: Received message from 5 with length 871
[V2V Layer 4] Received message from replica 5 via JNI
    [Reliability 4] handleIncomingMessage() called
        Type: DATA
        From: 5
        SeqNum: 1
        Expected seq: 0
        -> OUT OF ORDER (seq=1, expected=0), buffering
V2VNativeBridge7: Received message from 6 with length 685
[V2V Layer 7] Received message from replica 6 via JNI
    [Reliability 7] handleIncomingMessage() called
        Type: DATA
        From: 6
        SeqNum: 0
        Expected seq: 1
        -> DUPLICATE (seq < expected), ignoring
V2VNativeBridge4: Received message from 5 with length 763
[V2V Layer 4] Received message from replica 5 via JNI
    [Reliability 4] handleIncomingMessage() called
        Type: DATA
        From: 5
        SeqNum: 0
        Expected seq: 0
        -> IN ORDER, delivering immediately
    [Reliability 4] deliverMessage() - deserializing payload
        Deserialized: ConsensusMessage
        DEBUG: envelope.fromReplicaId=5, message.getSender()=5
=== [V2V Layer 4] DELIVER to BFT-SMaRt ===
    Message type: ConsensusMessage
    From replica: 5
    InQueue size before: 0
    InQueue size after: 1
=== [V2V Layer 4] DELIVER successful ===
23:43:51.922 [Server Comm. System] INFO bftsmart.communication.ServerCommunicationSystem - === ServerCommunicationSystem RECEIVED message ===
    [Reliability 4] deliverMessage() - deserializing payload
23:43:51.922 [Server Comm. System] INFO bftsmart.communication.ServerCommunicationSystem -     Message type: ConsensusMessage
23:43:51.922 [Server Comm. System] INFO bftsmart.communication.ServerCommunicationSystem -     From: 5
23:43:51.922 [Server Comm. System] INFO bftsmart.communication.ServerCommunicationSystem -     Message count: 6
23:43:51.922 [Server Comm. System] DEBUG bftsmart.communication.ServerCommunicationSystem - <-- receiving, msg:type=WRITE, number=0, epoch=0, from=5
        Deserialized: ConsensusMessage
        DEBUG: envelope.fromReplicaId=5, message.getSender()=5
23:43:51.922 [Server Comm. System] DEBUG bftsmart.tom.core.ExecutionManager - Received message  type=WRITE, number=0, epoch=0, from=5
=== [V2V Layer 4] DELIVER to BFT-SMaRt ===
23:43:51.922 [Server Comm. System] DEBUG bftsmart.tom.core.ExecutionManager - I'm at consensus 0 and my last consensus is -1
    Message type: ConsensusMessage
    From replica: 5
    InQueue size before: 0
    InQueue size after: 1
=== [V2V Layer 4] DELIVER successful ===
23:43:51.922 [Server Comm. System] DEBUG bftsmart.tom.core.ExecutionManager - Message for consensus 0 can be processed
23:43:51.922 [Server Comm. System] DEBUG bftsmart.consensus.roles.Acceptor - Processing paxos msg with id 0
23:43:51.922 [Server Comm. System] DEBUG bftsmart.consensus.roles.Acceptor - WRITE received from:5, for consensus cId:0
23:43:51.922 [Server Comm. System] DEBUG bftsmart.consensus.roles.Acceptor - I have 6, WRITE's for cId:0, Epoch timestamp:0,
[Acceptor 4] computeWrite: cId=0, writeAccepted=6, quorum=5
23:43:51.922 [Server Comm. System] DEBUG bftsmart.consensus.roles.Acceptor - Sending ACCEPT message, cId:0, I am:4
23:43:51.922 [Server Comm. System] DEBUG bftsmart.consensus.roles.Acceptor - Setting consensus 0 QuorumWrite tiemstamp to 0 and value [82, 112, 31, -54, 15, -45, -64, 12, 72, 99, -88, -115, 89, -2, -80, -120, 56, -29, -13, 59, 20, 97, 16, 8, 17, 99, 13, -80, -12, -57, 43, 45]
23:43:51.922 [Server Comm. System] DEBUG bftsmart.consensus.roles.Acceptor - Speculative ACCEPT message for consensus 0 matches the written value, sending it to the other replicas
[Acceptor 4] ABOUT TO SEND speculative ACCEPT for cId=0 to targets=[0, 1, 2, 3, 4, 5, 6, 7]
=== [V2V Layer 4] SEND called ===
    Targets: [0, 1, 2, 3, 4, 5, 6, 7]
    Message type: ConsensusMessage
    Sender: 4
    -> Sending to replica 0 via V2V
    [Reliability 4] sendReliable() called
        Target: 0
        Message type: ConsensusMessage
        Sequence number: 1
        Payload size: 266 bytes
        [Reliability 4] Piggybacked 2 ACKs to replica 0
V2VNativeBridge4: Sending message to -1 with length 871
[JNI] nativeSendMessage: 4 -> -1
[JNI] Sending 871 bytes (4->-1)
[DEBUG V2VProxy 4] Queue has space - adding message
[JNI] Message queued successfully
        [Reliability 4] Sent seq=1 to replica 0
    -> Sending to replica 1 via V2V
    [Reliability 4] sendReliable() called
        Target: 1
        Message type: ConsensusMessage
        Sequence number: 1
        Payload size: 266 bytes
        [Reliability 4] Piggybacked 1 ACKs to replica 1
V2VNativeBridge4: Sending message to -1 with length 857
[JNI] nativeSendMessage: 4 -> -1
[JNI] Sending 857 bytes (4->-1)
[DEBUG V2VProxy 4] Queue has space - adding message
[JNI] Message queued successfully
        [Reliability 4] Sent seq=1 to replica 1
    -> Sending to replica 2 via V2V
    [Reliability 4] sendReliable() called
        Target: 2
        Message type: ConsensusMessage
        Sequence number: 1
        Payload size: 266 bytes
        [Reliability 4] Piggybacked 2 ACKs to replica 2
V2VNativeBridge4: Sending message to -1 with length 871
[JNI] nativeSendMessage: 4 -> -1
[JNI] Sending 871 bytes (4->-1)
[DEBUG V2VProxy 4] Queue has space - adding message
[JNI] Message queued successfully
        [Reliability 4] Sent seq=1 to replica 2
    -> Sending to replica 3 via V2V
    [Reliability 4] sendReliable() called
        Target: 3
        Message type: ConsensusMessage
        Sequence number: 1
        Payload size: 266 bytes
        [Reliability 4] Piggybacked 1 ACKs to replica 3
V2VNativeBridge4: Sending message to -1 with length 857
[JNI] nativeSendMessage: 4 -> -1
[JNI] Sending 857 bytes (4->-1)
[DEBUG V2VProxy 4] Queue has space - adding message
[JNI] Message queued successfully
        [Reliability 4] Sent seq=1 to replica 3
    -> Self-delivery to replica 4
=== [V2V Layer 4] DELIVER to BFT-SMaRt ===
    Message type: ConsensusMessage
    From replica: 4
    InQueue size before: 1
    InQueue size after: 2
=== [V2V Layer 4] DELIVER successful ===
    -> Sending to replica 5 via V2V
    [Reliability 4] sendReliable() called
        Target: 5
        Message type: ConsensusMessage
        Sequence number: 1
        Payload size: 266 bytes
        [Reliability 4] Piggybacked 2 ACKs to replica 5
V2VNativeBridge4: Sending message to -1 with length 871
[JNI] nativeSendMessage: 4 -> -1
[JNI] Sending 871 bytes (4->-1)
[DEBUG V2VProxy 4] Queue has space - adding message
[JNI] Message queued successfully
V2VNativeBridge2: Received message from 1 with length 870
[V2V Layer 2] Received message from replica 1 via JNI
        [Reliability 4] Sent seq=1 to replica 5
    -> Sending to replica 6 via V2V
    [Reliability 4] sendReliable() called
        Target: 6
        Message type: ConsensusMessage
        Sequence number: 1
        Payload size: 266 bytes
    [Reliability 2] handleIncomingMessage() called
        Type: DATA
        From: 1
        SeqNum: 1
        [Reliability 4] Piggybacked 1 ACKs to replica 6
        Expected seq: 0
        -> OUT OF ORDER (seq=1, expected=0), buffering
V2VNativeBridge4: Received message from 1 with length 870
[V2V Layer 4] Received message from replica 1 via JNI
V2VNativeBridge4: Sending message to -1 with length 857
[JNI] nativeSendMessage: 4 -> -1
[JNI] Sending 857 bytes (4->-1)
    [Reliability 4] handleIncomingMessage() called
        Type: DATA
        From: 1
        SeqNum: 1
        Expected seq: 0
        -> OUT OF ORDER (seq=1, expected=0), buffering
[DEBUG V2VProxy 4] Queue has space - adding message
V2VNativeBridge6: Received message from 1 with length 870
[V2V Layer 6] Received message from replica 1 via JNI
[JNI] Message queued successfully
        [Reliability 4] Sent seq=1 to replica 6
    -> Sending to replica 7 via V2V
    [Reliability 4] sendReliable() called
        Target: 7
        Message type: ConsensusMessage
        Sequence number: 1
    [Reliability 6] handleIncomingMessage() called
        Type: DATA
        From: 1
        SeqNum: 1
        Payload size: 266 bytes
        [Reliability 4] Piggybacked 1 ACKs to replica 7
        Expected seq: 0
        -> OUT OF ORDER (seq=1, expected=0), buffering
V2VNativeBridge4: Sending message to -1 with length 857
[JNI] nativeSendMessage: 4 -> -1
[JNI] Sending 857 bytes (4->-1)
[DEBUG V2VProxy 4] Queue has space - adding message
[JNI] Message queued successfully
V2VNativeBridge0: Received message from 1 with length 870
        [Reliability 4] Sent seq=1 to replica 7
[V2V Layer 0] Received message from replica 1 via JNI
=== [V2V Layer 4] SEND complete ===
[Acceptor 4] SENT speculative ACCEPT for cId=0
23:43:51.926 [Server Comm. System] INFO bftsmart.communication.ServerCommunicationSystem - === Message processed ===
    [Reliability 0] handleIncomingMessage() called
        Type: DATA
23:43:51.926 [Server Comm. System] INFO bftsmart.communication.ServerCommunicationSystem - === ServerCommunicationSystem RECEIVED message ===
        From: 1
        SeqNum: 1
23:43:51.926 [Server Comm. System] INFO bftsmart.communication.ServerCommunicationSystem -     Message type: ConsensusMessage
23:43:51.926 [Server Comm. System] INFO bftsmart.communication.ServerCommunicationSystem -     From: 5
23:43:51.926 [Server Comm. System] INFO bftsmart.communication.ServerCommunicationSystem -     Message count: 7
23:43:51.926 [Server Comm. System] DEBUG bftsmart.communication.ServerCommunicationSystem - <-- receiving, msg:type=ACCEPT, number=0, epoch=0, from=5
23:43:51.926 [Server Comm. System] DEBUG bftsmart.tom.core.ExecutionManager - Received message  type=ACCEPT, number=0, epoch=0, from=5
23:43:51.926 [Server Comm. System] DEBUG bftsmart.tom.core.ExecutionManager - I'm at consensus 0 and my last consensus is -1
        Expected seq: 0
        -> OUT OF ORDER (seq=1, expected=0), buffering
23:43:51.926 [Server Comm. System] DEBUG bftsmart.tom.core.ExecutionManager - Message for consensus 0 can be processed
23:43:51.926 [Server Comm. System] DEBUG bftsmart.consensus.roles.Acceptor - Processing paxos msg with id 0
V2VNativeBridge3: Received message from 1 with length 870
[V2V Layer 3] Received message from replica 1 via JNI
23:43:51.926 [Server Comm. System] DEBUG bftsmart.consensus.roles.Acceptor - ACCEPT from 5 for consensus 0
23:43:51.926 [Server Comm. System] DEBUG bftsmart.consensus.roles.Acceptor - I have 2 ACCEPTs for cId:0, Timestamp:0 
23:43:51.926 [Server Comm. System] INFO bftsmart.communication.ServerCommunicationSystem - === Message processed ===
    [Reliability 3] handleIncomingMessage() called
        Type: DATA
23:43:51.926 [Server Comm. System] INFO bftsmart.communication.ServerCommunicationSystem - === ServerCommunicationSystem RECEIVED message ===
        From: 1
        SeqNum: 1
23:43:51.926 [Server Comm. System] INFO bftsmart.communication.ServerCommunicationSystem -     Message type: ConsensusMessage
23:43:51.926 [Server Comm. System] INFO bftsmart.communication.ServerCommunicationSystem -     From: 4
23:43:51.926 [Server Comm. System] INFO bftsmart.communication.ServerCommunicationSystem -     Message count: 8
23:43:51.926 [Server Comm. System] DEBUG bftsmart.communication.ServerCommunicationSystem - <-- receiving, msg:type=ACCEPT, number=0, epoch=0, from=4
23:43:51.926 [Server Comm. System] DEBUG bftsmart.tom.core.ExecutionManager - Received message  type=ACCEPT, number=0, epoch=0, from=4
23:43:51.926 [Server Comm. System] DEBUG bftsmart.tom.core.ExecutionManager - I'm at consensus 0 and my last consensus is -1
        Expected seq: 0
        -> OUT OF ORDER (seq=1, expected=0), buffering
23:43:51.926 [Server Comm. System] DEBUG bftsmart.tom.core.ExecutionManager - Message for consensus 0 can be processed
23:43:51.926 [Server Comm. System] DEBUG bftsmart.consensus.roles.Acceptor - Processing paxos msg with id 0
23:43:51.926 [Server Comm. System] DEBUG bftsmart.consensus.roles.Acceptor - ACCEPT from 4 for consensus 0
23:43:51.926 [Server Comm. System] DEBUG bftsmart.consensus.roles.Acceptor - I have 3 ACCEPTs for cId:0, Timestamp:0 
V2VNativeBridge5: Received message from 1 with length 870
[V2V Layer 5] Received message from replica 1 via JNI
23:43:51.926 [Server Comm. System] INFO bftsmart.communication.ServerCommunicationSystem - === Message processed ===
    [Reliability 5] handleIncomingMessage() called
        Type: DATA
        From: 1
        SeqNum: 1
        Expected seq: 0
        -> OUT OF ORDER (seq=1, expected=0), buffering
V2VNativeBridge7: Received message from 1 with length 870
[V2V Layer 7] Received message from replica 1 via JNI
    [Reliability 7] handleIncomingMessage() called
        Type: DATA
        From: 1
        SeqNum: 1
        Expected seq: 0
        -> OUT OF ORDER (seq=1, expected=0), buffering
V2VNativeBridge0: Received message from 6 with length 763
[V2V Layer 0] Received message from replica 6 via JNI
    [Reliability 0] handleIncomingMessage() called
        Type: DATA
        From: 6
        SeqNum: 0
        Expected seq: 1
        -> DUPLICATE (seq < expected), ignoring
V2VNativeBridge7: Received message from 6 with length 763
[V2V Layer 7] Received message from replica 6 via JNI
    [Reliability 7] handleIncomingMessage() called
        Type: DATA
        From: 6
        SeqNum: 0
        Expected seq: 1
        -> DUPLICATE (seq < expected), ignoring
V2VNativeBridge4: Received message from 5 with length 857
[V2V Layer 4] Received message from replica 5 via JNI
    [Reliability 4] handleIncomingMessage() called
        Type: DATA
        From: 5
        SeqNum: 1
        Expected seq: 2
        -> DUPLICATE (seq < expected), ignoring
V2VNativeBridge2: Received message from 5 with length 857
[V2V Layer 2] Received message from replica 5 via JNI
    [Reliability 2] handleIncomingMessage() called
        Type: DATA
        From: 5
        SeqNum: 1
        Expected seq: 0
        -> OUT OF ORDER (seq=1, expected=0), buffering
V2VNativeBridge3: Received message from 5 with length 857
[V2V Layer 3] Received message from replica 5 via JNI
    [Reliability 3] handleIncomingMessage() called
        Type: DATA
        From: 5
        SeqNum: 1
        Expected seq: 0
        -> OUT OF ORDER (seq=1, expected=0), buffering
V2VNativeBridge0: Received message from 5 with length 857
[V2V Layer 0] Received message from replica 5 via JNI
    [Reliability 0] handleIncomingMessage() called
        Type: DATA
        From: 5
        SeqNum: 1
        Expected seq: 0
        -> OUT OF ORDER (seq=1, expected=0), buffering
V2VNativeBridge1: Received message from 5 with length 857
[V2V Layer 1] Received message from replica 5 via JNI
    [Reliability 1] handleIncomingMessage() called
        Type: DATA
        From: 5
        SeqNum: 1
        Expected seq: 0
        -> OUT OF ORDER (seq=1, expected=0), buffering
[V2VProxy 6] Delivering message #301 from replica 5 to Java (857 bytes)
V2VNativeBridge6: Received message from 5 with length 857
[V2V Layer 6] Received message from replica 5 via JNI
    [Reliability 6] handleIncomingMessage() called
        Type: DATA
        From: 5
        SeqNum: 1
        Expected seq: 0
        -> OUT OF ORDER (seq=1, expected=0), buffering
V2VNativeBridge7: Received message from 5 with length 857
[V2V Layer 7] Received message from replica 5 via JNI
    [Reliability 7] handleIncomingMessage() called
        Type: DATA
        From: 5
        SeqNum: 1
        Expected seq: 0
        -> OUT OF ORDER (seq=1, expected=0), buffering
V2VNativeBridge2: Received message from 1 with length 856
[V2V Layer 2] Received message from replica 1 via JNI
    [Reliability 2] handleIncomingMessage() called
        Type: DATA
        From: 1
        SeqNum: 1
        Expected seq: 0
        -> OUT OF ORDER (seq=1, expected=0), buffering
V2VNativeBridge4: Received message from 1 with length 856
[V2V Layer 4] Received message from replica 1 via JNI
    [Reliability 4] handleIncomingMessage() called
        Type: DATA
        From: 1
        SeqNum: 1
        Expected seq: 0
        -> OUT OF ORDER (seq=1, expected=0), buffering
V2VNativeBridge6: Received message from 1 with length 856
[V2V Layer 6] Received message from replica 1 via JNI
    [Reliability 6] handleIncomingMessage() called
        Type: DATA
        From: 1
        SeqNum: 1
        Expected seq: 0
        -> OUT OF ORDER (seq=1, expected=0), buffering
V2VNativeBridge0: Received message from 1 with length 856
[V2V Layer 0] Received message from replica 1 via JNI
    [Reliability 0] handleIncomingMessage() called
        Type: DATA
        From: 1
        SeqNum: 1
        Expected seq: 0
        -> OUT OF ORDER (seq=1, expected=0), buffering
V2VNativeBridge3: Received message from 1 with length 856
[V2V Layer 3] Received message from replica 1 via JNI
    [Reliability 3] handleIncomingMessage() called
        Type: DATA
        From: 1
        SeqNum: 1
        Expected seq: 0
        -> OUT OF ORDER (seq=1, expected=0), buffering
V2VNativeBridge5: Received message from 1 with length 856
[V2V Layer 5] Received message from replica 1 via JNI
    [Reliability 5] handleIncomingMessage() called
        Type: DATA
        From: 1
        SeqNum: 1
        Expected seq: 0
        -> OUT OF ORDER (seq=1, expected=0), buffering
V2VNativeBridge7: Received message from 1 with length 856
[V2V Layer 7] Received message from replica 1 via JNI
    [Reliability 7] handleIncomingMessage() called
        Type: DATA
        From: 1
        SeqNum: 1
        Expected seq: 0
        -> OUT OF ORDER (seq=1, expected=0), buffering
V2VNativeBridge4: Received message from 5 with length 857
[V2V Layer 4] Received message from replica 5 via JNI
    [Reliability 4] handleIncomingMessage() called
        Type: DATA
        From: 5
        SeqNum: 1
        Expected seq: 2
        -> DUPLICATE (seq < expected), ignoring
V2VNativeBridge2: Received message from 5 with length 857
[V2V Layer 2] Received message from replica 5 via JNI
    [Reliability 2] handleIncomingMessage() called
        Type: DATA
        From: 5
        SeqNum: 1
        Expected seq: 0
        -> OUT OF ORDER (seq=1, expected=0), buffering
V2VNativeBridge3: Received message from 5 with length 857
[V2V Layer 3] Received message from replica 5 via JNI
    [Reliability 3] handleIncomingMessage() called
        Type: DATA
        From: 5
        SeqNum: 1
        Expected seq: 0
        -> OUT OF ORDER (seq=1, expected=0), buffering
V2VNativeBridge0: Received message from 5 with length 857
[V2V Layer 0] Received message from replica 5 via JNI
    [Reliability 0] handleIncomingMessage() called
        Type: DATA
        From: 5
        SeqNum: 1
        Expected seq: 0
        -> OUT OF ORDER (seq=1, expected=0), buffering
V2VNativeBridge1: Received message from 5 with length 857
[V2V Layer 1] Received message from replica 5 via JNI
    [Reliability 1] handleIncomingMessage() called
        Type: DATA
        From: 5
        SeqNum: 1
        Expected seq: 0
        -> OUT OF ORDER (seq=1, expected=0), buffering
V2VNativeBridge6: Received message from 5 with length 857
[V2V Layer 6] Received message from replica 5 via JNI
    [Reliability 6] handleIncomingMessage() called
        Type: DATA
        From: 5
        SeqNum: 1
        Expected seq: 0
        -> OUT OF ORDER (seq=1, expected=0), buffering
V2VNativeBridge7: Received message from 5 with length 857
[V2V Layer 7] Received message from replica 5 via JNI
    [Reliability 7] handleIncomingMessage() called
        Type: DATA
        From: 5
        SeqNum: 1
        Expected seq: 0
        -> OUT OF ORDER (seq=1, expected=0), buffering
V2VNativeBridge0: Received message from 3 with length 685
[V2V Layer 0] Received message from replica 3 via JNI
    [Reliability 0] handleIncomingMessage() called
        Type: DATA
        From: 3
        SeqNum: 0
        Expected seq: 0
        -> IN ORDER, delivering immediately
    [Reliability 0] deliverMessage() - deserializing payload
        Deserialized: ConsensusMessage
        DEBUG: envelope.fromReplicaId=3, message.getSender()=3
=== [V2V Layer 0] DELIVER to BFT-SMaRt ===
    Message type: ConsensusMessage
    From replica: 3
    InQueue size before: 0
    InQueue size after: 1
=== [V2V Layer 0] DELIVER successful ===
    [Reliability 0] deliverMessage() - deserializing payload
        Deserialized: ConsensusMessage
23:43:51.934 [Server Comm. System] INFO bftsmart.communication.ServerCommunicationSystem - === ServerCommunicationSystem RECEIVED message ===
        DEBUG: envelope.fromReplicaId=3, message.getSender()=3
=== [V2V Layer 0] DELIVER to BFT-SMaRt ===
    Message type: ConsensusMessage
    From replica: 3
    InQueue size before: 0
23:43:51.934 [Server Comm. System] INFO bftsmart.communication.ServerCommunicationSystem -     Message type: ConsensusMessage
    InQueue size after: 1
23:43:51.934 [Server Comm. System] INFO bftsmart.communication.ServerCommunicationSystem -     From: 3
23:43:51.934 [Server Comm. System] INFO bftsmart.communication.ServerCommunicationSystem -     Message count: 6
=== [V2V Layer 0] DELIVER successful ===
23:43:51.934 [Server Comm. System] DEBUG bftsmart.communication.ServerCommunicationSystem - <-- receiving, msg:type=WRITE, number=0, epoch=0, from=3
23:43:51.934 [Server Comm. System] DEBUG bftsmart.tom.core.ExecutionManager - Received message  type=WRITE, number=0, epoch=0, from=3
23:43:51.934 [Server Comm. System] DEBUG bftsmart.tom.core.ExecutionManager - I'm at consensus 0 and my last consensus is -1
V2VNativeBridge6: Received message from 3 with length 685
[V2V Layer 6] Received message from replica 3 via JNI
23:43:51.934 [Server Comm. System] DEBUG bftsmart.tom.core.ExecutionManager - Message for consensus 0 can be processed
23:43:51.934 [Server Comm. System] DEBUG bftsmart.consensus.roles.Acceptor - Processing paxos msg with id 0
23:43:51.934 [Server Comm. System] DEBUG bftsmart.consensus.roles.Acceptor - WRITE received from:3, for consensus cId:0
    [Reliability 6] handleIncomingMessage() called
        Type: DATA
        From: 3
        SeqNum: 0
        Expected seq: 0
        -> IN ORDER, delivering immediately
23:43:51.934 [Server Comm. System] DEBUG bftsmart.consensus.roles.Acceptor - I have 6, WRITE's for cId:0, Epoch timestamp:0,
    [Reliability 6] deliverMessage() - deserializing payload
[Acceptor 0] computeWrite: cId=0, writeAccepted=6, quorum=5
23:43:51.934 [Server Comm. System] DEBUG bftsmart.consensus.roles.Acceptor - Sending ACCEPT message, cId:0, I am:0
23:43:51.934 [Server Comm. System] DEBUG bftsmart.consensus.roles.Acceptor - Setting consensus 0 QuorumWrite tiemstamp to 0 and value [82, 112, 31, -54, 15, -45, -64, 12, 72, 99, -88, -115, 89, -2, -80, -120, 56, -29, -13, 59, 20, 97, 16, 8, 17, 99, 13, -80, -12, -57, 43, 45]
        Deserialized: ConsensusMessage
        DEBUG: envelope.fromReplicaId=3, message.getSender()=3
=== [V2V Layer 6] DELIVER to BFT-SMaRt ===
    Message type: ConsensusMessage
    From replica: 3
    InQueue size before: 0
23:43:51.934 [Server Comm. System] DEBUG bftsmart.consensus.roles.Acceptor - Speculative ACCEPT message for consensus 0 matches the written value, sending it to the other replicas
[Acceptor 0] ABOUT TO SEND speculative ACCEPT for cId=0 to targets=[0, 1, 2, 3, 4, 5, 6, 7]
=== [V2V Layer 0] SEND called ===
    Targets: [0, 1, 2, 3, 4, 5, 6, 7]
    Message type: ConsensusMessage
    Sender: 0
    -> Self-delivery to replica 0
=== [V2V Layer 0] DELIVER to BFT-SMaRt ===
    InQueue size after: 1
=== [V2V Layer 6] DELIVER successful ===
23:43:51.934 [Server Comm. System] INFO bftsmart.communication.ServerCommunicationSystem - === ServerCommunicationSystem RECEIVED message ===
23:43:51.934 [Server Comm. System] INFO bftsmart.communication.ServerCommunicationSystem -     Message type: ConsensusMessage
23:43:51.934 [Server Comm. System] INFO bftsmart.communication.ServerCommunicationSystem -     From: 3
    [Reliability 6] deliverMessage() - deserializing payload
23:43:51.934 [Server Comm. System] INFO bftsmart.communication.ServerCommunicationSystem -     Message count: 6
    Message type: ConsensusMessage
23:43:51.934 [Server Comm. System] DEBUG bftsmart.communication.ServerCommunicationSystem - <-- receiving, msg:type=WRITE, number=0, epoch=0, from=3
    From replica: 0
    InQueue size before: 1
23:43:51.934 [Server Comm. System] DEBUG bftsmart.tom.core.ExecutionManager - Received message  type=WRITE, number=0, epoch=0, from=3
    InQueue size after: 2
=== [V2V Layer 0] DELIVER successful ===
    -> Sending to replica 1 via V2V
    [Reliability 0] sendReliable() called
        Target: 1
        Message type: ConsensusMessage
        Deserialized: ConsensusMessage
        Sequence number: 2
23:43:51.935 [Server Comm. System] DEBUG bftsmart.tom.core.ExecutionManager - I'm at consensus 0 and my last consensus is -1
        DEBUG: envelope.fromReplicaId=3, message.getSender()=3
=== [V2V Layer 6] DELIVER to BFT-SMaRt ===
23:43:51.935 [Server Comm. System] DEBUG bftsmart.tom.core.ExecutionManager - Message for consensus 0 can be processed
    Message type: ConsensusMessage
    From replica: 3
    InQueue size before: 0
    InQueue size after: 1
=== [V2V Layer 6] DELIVER successful ===
        Payload size: 266 bytes
V2VNativeBridge4: Received message from 3 with length 685
[V2V Layer 4] Received message from replica 3 via JNI
        [Reliability 0] Piggybacked 1 ACKs to replica 1
    [Reliability 4] handleIncomingMessage() called
        Type: DATA
        From: 3
        SeqNum: 0
        Expected seq: 0
        -> IN ORDER, delivering immediately
    [Reliability 4] deliverMessage() - deserializing payload
        Deserialized: ConsensusMessage
        DEBUG: envelope.fromReplicaId=3, message.getSender()=3
=== [V2V Layer 4] DELIVER to BFT-SMaRt ===
    Message type: ConsensusMessage
    From replica: 3
V2VNativeBridge0: Sending message to -1 with length 857
23:43:51.935 [Server Comm. System] DEBUG bftsmart.consensus.roles.Acceptor - Processing paxos msg with id 0
[JNI] nativeSendMessage: 0 -> -1
    InQueue size before: 0
[JNI] Sending 857 bytes (0->-1)
[DEBUG V2VProxy 0] Queue has space - adding message
[JNI] Message queued successfully
23:43:51.935 [Server Comm. System] DEBUG bftsmart.consensus.roles.Acceptor - WRITE received from:3, for consensus cId:0
        [Reliability 0] Sent seq=2 to replica 1
    -> Sending to replica 2 via V2V
23:43:51.935 [Server Comm. System] DEBUG bftsmart.consensus.roles.Acceptor - I have 6, WRITE's for cId:0, Epoch timestamp:0,
    InQueue size after: 1
=== [V2V Layer 4] DELIVER successful ===
    [Reliability 4] deliverMessage() - deserializing payload
    [Reliability 0] sendReliable() called
        Deserialized: ConsensusMessage
        DEBUG: envelope.fromReplicaId=3, message.getSender()=3
=== [V2V Layer 4] DELIVER to BFT-SMaRt ===
    Message type: ConsensusMessage
    From replica: 3
        Target: 2
        Message type: ConsensusMessage
[Acceptor 6] computeWrite: cId=0, writeAccepted=6, quorum=5
    InQueue size before: 0
    InQueue size after: 1
=== [V2V Layer 4] DELIVER successful ===
23:43:51.935 [Server Comm. System] INFO bftsmart.communication.ServerCommunicationSystem - === ServerCommunicationSystem RECEIVED message ===
V2VNativeBridge2: Received message from 3 with length 685
[V2V Layer 2] Received message from replica 3 via JNI
        Sequence number: 2
    [Reliability 2] handleIncomingMessage() called
        Type: DATA
        Payload size: 266 bytes
        From: 3
        SeqNum: 0
        Expected seq: 2
23:43:51.935 [Server Comm. System] INFO bftsmart.communication.ServerCommunicationSystem -     Message type: ConsensusMessage
        -> DUPLICATE (seq < expected), ignoring
23:43:51.935 [Server Comm. System] INFO bftsmart.communication.ServerCommunicationSystem -     From: 3
        [Reliability 0] Piggybacked 2 ACKs to replica 2
23:43:51.935 [Server Comm. System] INFO bftsmart.communication.ServerCommunicationSystem -     Message count: 9
23:43:51.935 [Server Comm. System] DEBUG bftsmart.consensus.roles.Acceptor - Sending ACCEPT message, cId:0, I am:6
23:43:51.935 [Server Comm. System] DEBUG bftsmart.communication.ServerCommunicationSystem - <-- receiving, msg:type=WRITE, number=0, epoch=0, from=3
23:43:51.935 [Server Comm. System] DEBUG bftsmart.tom.core.ExecutionManager - Received message  type=WRITE, number=0, epoch=0, from=3
23:43:51.935 [Server Comm. System] DEBUG bftsmart.consensus.roles.Acceptor - Setting consensus 0 QuorumWrite tiemstamp to 0 and value [82, 112, 31, -54, 15, -45, -64, 12, 72, 99, -88, -115, 89, -2, -80, -120, 56, -29, -13, 59, 20, 97, 16, 8, 17, 99, 13, -80, -12, -57, 43, 45]
V2VNativeBridge5: Received message from 3 with length 685
V2VNativeBridge0: Sending message to -1 with length 871
[JNI] nativeSendMessage: 0 -> -1
[JNI] Sending 871 bytes (0->-1)
[DEBUG V2VProxy 0] Queue has space - adding message
[JNI] Message queued successfully
23:43:51.935 [Server Comm. System] DEBUG bftsmart.tom.core.ExecutionManager - I'm at consensus 0 and my last consensus is -1
        [Reliability 0] Sent seq=2 to replica 2
    -> Sending to replica 3 via V2V
    [Reliability 0] sendReliable() called
        Target: 3
        Message type: ConsensusMessage
        Sequence number: 2
        Payload size: 266 bytes
[V2V Layer 5] Received message from replica 3 via JNI
        [Reliability 0] Piggybacked 2 ACKs to replica 3
23:43:51.935 [Server Comm. System] DEBUG bftsmart.tom.core.ExecutionManager - Message for consensus 0 can be processed
23:43:51.935 [Server Comm. System] DEBUG bftsmart.consensus.roles.Acceptor - Processing paxos msg with id 0
V2VNativeBridge0: Sending message to -1 with length 871
[JNI] nativeSendMessage: 0 -> -1
[JNI] Sending 871 bytes (0->-1)
[DEBUG V2VProxy 0] Queue has space - adding message
[JNI] Message queued successfully
        [Reliability 0] Sent seq=2 to replica 3
23:43:51.935 [Server Comm. System] DEBUG bftsmart.consensus.roles.Acceptor - Speculative ACCEPT message for consensus 0 matches the written value, sending it to the other replicas
    -> Sending to replica 4 via V2V
    [Reliability 0] sendReliable() called
        Target: 4
        Message type: ConsensusMessage
        Sequence number: 2
        Payload size: 266 bytes
23:43:51.935 [Server Comm. System] DEBUG bftsmart.consensus.roles.Acceptor - WRITE received from:3, for consensus cId:0
[Acceptor 6] ABOUT TO SEND speculative ACCEPT for cId=0 to targets=[0, 1, 2, 3, 4, 5, 6, 7]
=== [V2V Layer 6] SEND called ===
    Targets: [0, 1, 2, 3, 4, 5, 6, 7]
    Message type: ConsensusMessage
    Sender: 6
    [Reliability 5] handleIncomingMessage() called
        Type: DATA
        From: 3
        SeqNum: 0
    -> Sending to replica 0 via V2V
    [Reliability 6] sendReliable() called
        Target: 0
        Message type: ConsensusMessage
        Sequence number: 1
23:43:51.936 [Server Comm. System] DEBUG bftsmart.consensus.roles.Acceptor - I have 7, WRITE's for cId:0, Epoch timestamp:0,
        Payload size: 266 bytes
        [Reliability 6] Piggybacked 2 ACKs to replica 0
        [Reliability 0] Piggybacked 1 ACKs to replica 4
V2VNativeBridge6: Sending message to -1 with length 871
V2VNativeBridge0: Sending message to -1 with length 857
[JNI] nativeSendMessage: [JNI] nativeSendMessage: 0 -> -1
6 -> -1[JNI] Sending 
[JNI] Sending 871 bytes (6->-1)
[DEBUG V2VProxy 6] Queue has space - adding message
[JNI] Message queued successfully
[Acceptor 4] computeWrite: cId=0, writeAccepted=7, quorum=5857 bytes (0->-1)
[DEBUG V2VProxy 0] Queue has space - adding message
[JNI] Message queued successfully

        [Reliability 0] Sent seq=2 to replica 4
    -> Sending to replica 5 via V2V
    [Reliability 0] sendReliable() called
        Target: 5
        Message type: ConsensusMessage
        Sequence number: 2
        Payload size: 266 bytes
        Expected seq: 0
        -> IN ORDER, delivering immediately
    [Reliability 5] deliverMessage() - deserializing payload
        [Reliability 0] Piggybacked 1 ACKs to replica 5
        Deserialized: ConsensusMessage
        DEBUG: envelope.fromReplicaId=3, message.getSender()=3
=== [V2V Layer 5] DELIVER to BFT-SMaRt ===
    Message type: ConsensusMessage
    From replica: 3
    InQueue size before: 0
23:43:51.936 [Server Comm. System] INFO bftsmart.communication.ServerCommunicationSystem - === Message processed ===
    InQueue size after: 1
=== [V2V Layer 5] DELIVER successful ===
V2VNativeBridge0: Sending message to -1 with length 857
[JNI] nativeSendMessage: 0 -> -1
        [Reliability 6] Sent seq=1 to replica 0
[JNI] Sending 857 bytes (0->-1)
[DEBUG V2VProxy 0] Queue has space - adding message
[JNI] Message queued successfully
        [Reliability 0] Sent seq=2 to replica 5
    -> Sending to replica 1 via V2V
    [Reliability 6] sendReliable() called
        Target: 1
        Message type: ConsensusMessage
    [Reliability 5] deliverMessage() - deserializing payload
        Sequence number: 1
        Payload size: 266 bytes
        [Reliability 6] Piggybacked 1 ACKs to replica 1
    -> Sending to replica 6 via V2V
    [Reliability 0] sendReliable() called
V2VNativeBridge6: Sending message to -1 with length 857
[JNI] nativeSendMessage: 6 -> -1
        Target: 6[JNI] Sending 857 bytes (6->-1)

[DEBUG V2VProxy 6] Queue has space - adding message
[JNI] Message queued successfully
        Message type: ConsensusMessage
        [Reliability 6] Sent seq=1 to replica 1
        Sequence number: 2
    -> Sending to replica 2 via V2V
    [Reliability 6] sendReliable() called
        Target: 2
        Payload size: 266 bytes
        [Reliability 0] Piggybacked 1 ACKs to replica 6
        Message type: ConsensusMessage
        Sequence number: 1
        Payload size: 266 bytes
23:43:51.936 [Server Comm. System] INFO bftsmart.communication.ServerCommunicationSystem - === ServerCommunicationSystem RECEIVED message ===
        Deserialized: ConsensusMessage
        DEBUG: envelope.fromReplicaId=3, message.getSender()=3
=== [V2V Layer 5] DELIVER to BFT-SMaRt ===
    Message type: ConsensusMessage
    From replica: 3
23:43:51.936 [Server Comm. System] INFO bftsmart.communication.ServerCommunicationSystem - === ServerCommunicationSystem RECEIVED message ===
        [Reliability 6] Piggybacked 2 ACKs to replica 2
V2VNativeBridge6: Sending message to -1 with length 871
[JNI] nativeSendMessage: 6 -> -1
[JNI] Sending 871 bytes (6->-1)
[DEBUG V2VProxy 6] Queue has space - adding message
[JNI] Message queued successfully
        [Reliability 6] Sent seq=1 to replica 2
    -> Sending to replica 3 via V2V
    [Reliability 6] sendReliable() called
        Target: 3
        Message type: ConsensusMessage
        Sequence number: 1
        Payload size: 266 bytes
        [Reliability 6] Piggybacked 2 ACKs to replica 3
V2VNativeBridge6: Sending message to -1 with length 871
[JNI] nativeSendMessage: 6 -> -1
[JNI] Sending 871 bytes (6->-1)
[DEBUG V2VProxy 6] Queue has space - adding message
[JNI] Message queued successfully
        [Reliability 6] Sent seq=1 to replica 3
    -> Sending to replica 4 via V2V
    [Reliability 6] sendReliable() called
        Target: 4
V2VNativeBridge0: Sending message to -1 with length 857
[JNI] nativeSendMessage: 0 -> -1
        Message type: ConsensusMessage
[JNI] Sending 857 bytes (0->-1)
[DEBUG V2VProxy 0] Queue has space - adding message
[JNI] Message queued successfully
        [Reliability 0] Sent seq=2 to replica 6
    -> Sending to replica 7 via V2V
    [Reliability 0] sendReliable() called
        Target: 7
        Sequence number: 1
23:43:51.937 [Server Comm. System] INFO bftsmart.communication.ServerCommunicationSystem -     Message type: ConsensusMessage
        Payload size: 266 bytes
        [Reliability 6] Piggybacked 1 ACKs to replica 4
    InQueue size before: 0
23:43:51.937 [Server Comm. System] INFO bftsmart.communication.ServerCommunicationSystem -     From: 3
23:43:51.937 [Server Comm. System] INFO bftsmart.communication.ServerCommunicationSystem -     Message type: ConsensusMessage
23:43:51.937 [Server Comm. System] INFO bftsmart.communication.ServerCommunicationSystem -     Message count: 10
        Message type: ConsensusMessage
        Sequence number: 2
23:43:51.937 [Server Comm. System] INFO bftsmart.communication.ServerCommunicationSystem -     From: 3
        Payload size: 266 bytes
        [Reliability 0] Piggybacked 1 ACKs to replica 7
V2VNativeBridge6: Sending message to -1 with length 857
23:43:51.938 [Server Comm. System] INFO bftsmart.communication.ServerCommunicationSystem -     Message count: 8
23:43:51.938 [Server Comm. System] DEBUG bftsmart.communication.ServerCommunicationSystem - <-- receiving, msg:type=ACCEPT, number=0, epoch=0, from=3
[JNI] nativeSendMessage: 6 -> -1
[JNI] Sending 857 bytes (6->-1)
[DEBUG V2VProxy 6] Queue has space - adding message
23:43:51.938 [Server Comm. System] DEBUG bftsmart.communication.ServerCommunicationSystem - <-- receiving, msg:type=WRITE, number=0, epoch=0, from=3
[JNI] Message queued successfully
V2VNativeBridge0: Sending message to -1 with length 857
[JNI] nativeSendMessage: 0 -> -1
[JNI] Sending 857 bytes (0->-1)
[DEBUG V2VProxy 0] Queue has space - adding message
[JNI] Message queued successfully
    InQueue size after: 1
        [Reliability 0] Sent seq=2 to replica 7
=== [V2V Layer 5] DELIVER successful ===
23:43:51.938 [Server Comm. System] DEBUG bftsmart.tom.core.ExecutionManager - Received message  type=ACCEPT, number=0, epoch=0, from=3
        [Reliability 6] Sent seq=1 to replica 4
    -> Sending to replica 5 via V2V
    [Reliability 6] sendReliable() called
        Target: 5
        Message type: ConsensusMessage
        Sequence number: 1
23:43:51.938 [Server Comm. System] DEBUG bftsmart.tom.core.ExecutionManager - I'm at consensus 0 and my last consensus is -1
        Payload size: 266 bytes
        [Reliability 6] Piggybacked 1 ACKs to replica 5
V2VNativeBridge1: Received message from 3 with length 685
[V2V Layer 1] Received message from replica 3 via JNI
=== [V2V Layer 0] SEND complete ===
[Acceptor 0] SENT speculative ACCEPT for cId=0
    [Reliability 1] handleIncomingMessage() called
        Type: DATA
        From: 3
        SeqNum: 0
        Expected seq: 0
        -> IN ORDER, delivering immediately
    [Reliability 1] deliverMessage() - deserializing payload
V2VNativeBridge6: Sending message to -1 with length 857
        Deserialized: ConsensusMessage
        DEBUG: envelope.fromReplicaId=3, message.getSender()=3
=== [V2V Layer 1] DELIVER to BFT-SMaRt ===
    Message type: ConsensusMessage
    From replica: 3
    InQueue size before: 0
[JNI] nativeSendMessage: 6 -> -1
[JNI] Sending 857 bytes (6->-1)
[DEBUG V2VProxy 6] Queue has space - adding message
[JNI] Message queued successfully
        [Reliability 6] Sent seq=1 to replica 5
    -> Self-delivery to replica 6
=== [V2V Layer 6] DELIVER to BFT-SMaRt ===
    Message type: ConsensusMessage
    From replica: 6
    InQueue size after: 1
=== [V2V Layer 1] DELIVER successful ===
    InQueue size before: 1
    [Reliability 1] deliverMessage() - deserializing payload
23:43:51.939 [Server Comm. System] DEBUG bftsmart.tom.core.ExecutionManager - Message for consensus 0 can be processed
        Deserialized: ConsensusMessage
        DEBUG: envelope.fromReplicaId=3, message.getSender()=3
=== [V2V Layer 1] DELIVER to BFT-SMaRt ===
    Message type: ConsensusMessage
    From replica: 3
    InQueue size before: 0
    InQueue size after: 1
=== [V2V Layer 1] DELIVER successful ===
    InQueue size after: 2
=== [V2V Layer 6] DELIVER successful ===
    -> Sending to replica 7 via V2V
    [Reliability 6] sendReliable() called
        Target: 7
        Message type: ConsensusMessage
        Sequence number: 1
        Payload size: 266 bytes
23:43:51.939 [Server Comm. System] DEBUG bftsmart.consensus.roles.Acceptor - Processing paxos msg with id 0
23:43:51.938 [Server Comm. System] DEBUG bftsmart.tom.core.ExecutionManager - Received message  type=WRITE, number=0, epoch=0, from=3
        [Reliability 6] Piggybacked 1 ACKs to replica 7
V2VNativeBridge7: Received message from 3 with length 685
[V2V Layer 7] Received message from replica 3 via JNI
23:43:51.939 [Server Comm. System] DEBUG bftsmart.consensus.roles.Acceptor - ACCEPT from 3 for consensus 0
    [Reliability 7] handleIncomingMessage() called
        Type: DATA
        From: 3
        SeqNum: 0
        Expected seq: 0
        -> IN ORDER, delivering immediately
    [Reliability 7] deliverMessage() - deserializing payload
V2VNativeBridge6: Sending message to -1 with length 857
[JNI] nativeSendMessage: 6 -> -1
23:43:51.939 [Server Comm. System] INFO bftsmart.communication.ServerCommunicationSystem - === Message processed ===
[JNI] Sending 857 bytes (6->-1)
[DEBUG V2VProxy 6] Queue has space - adding message
        Deserialized: ConsensusMessage[JNI] Message queued successfully

        DEBUG: envelope.fromReplicaId=3, message.getSender()=3
=== [V2V Layer 7] DELIVER to BFT-SMaRt ===
        [Reliability 6] Sent seq=1 to replica 7
=== [V2V Layer 6] SEND complete ===
    Message type: ConsensusMessage
    From replica: 3
23:43:51.940 [Server Comm. System] INFO bftsmart.communication.ServerCommunicationSystem - === ServerCommunicationSystem RECEIVED message ===
[Acceptor 6] SENT speculative ACCEPT for cId=0
    InQueue size before: 0
23:43:51.941 [Server Comm. System] INFO bftsmart.communication.ServerCommunicationSystem -     Message type: ConsensusMessage
    InQueue size after: 1
=== [V2V Layer 7] DELIVER successful ===
    [Reliability 7] deliverMessage() - deserializing payload
        Deserialized: ConsensusMessage
        DEBUG: envelope.fromReplicaId=3, message.getSender()=3
=== [V2V Layer 7] DELIVER to BFT-SMaRt ===
    Message type: ConsensusMessage
    From replica: 3
    InQueue size before: 0
    InQueue size after: 1
=== [V2V Layer 7] DELIVER successful ===
23:43:51.941 [Server Comm. System] INFO bftsmart.communication.ServerCommunicationSystem -     From: 3
23:43:51.941 [Server Comm. System] INFO bftsmart.communication.ServerCommunicationSystem -     Message count: 7
23:43:51.941 [Server Comm. System] DEBUG bftsmart.communication.ServerCommunicationSystem - <-- receiving, msg:type=ACCEPT, number=0, epoch=0, from=3
23:43:51.941 [Server Comm. System] DEBUG bftsmart.tom.core.ExecutionManager - Received message  type=ACCEPT, number=0, epoch=0, from=3
23:43:51.941 [Server Comm. System] DEBUG bftsmart.tom.core.ExecutionManager - I'm at consensus 0 and my last consensus is -1
23:43:51.939 [Server Comm. System] INFO bftsmart.communication.ServerCommunicationSystem - === ServerCommunicationSystem RECEIVED message ===
23:43:51.941 [Server Comm. System] DEBUG bftsmart.tom.core.ExecutionManager - Message for consensus 0 can be processed
23:43:51.941 [Server Comm. System] DEBUG bftsmart.consensus.roles.Acceptor - Processing paxos msg with id 0
23:43:51.941 [Server Comm. System] DEBUG bftsmart.consensus.roles.Acceptor - ACCEPT from 3 for consensus 0
23:43:51.941 [Server Comm. System] DEBUG bftsmart.consensus.roles.Acceptor - I have 2 ACCEPTs for cId:0, Timestamp:0 
23:43:51.941 [Server Comm. System] INFO bftsmart.communication.ServerCommunicationSystem - === Message processed ===
23:43:51.941 [Server Comm. System] INFO bftsmart.communication.ServerCommunicationSystem -     Message type: ConsensusMessage
23:43:51.941 [Server Comm. System] INFO bftsmart.communication.ServerCommunicationSystem - === ServerCommunicationSystem RECEIVED message ===
23:43:51.941 [Server Comm. System] INFO bftsmart.communication.ServerCommunicationSystem -     From: 3
23:43:51.941 [Server Comm. System] INFO bftsmart.communication.ServerCommunicationSystem -     Message count: 8
23:43:51.941 [Server Comm. System] DEBUG bftsmart.communication.ServerCommunicationSystem - <-- receiving, msg:type=WRITE, number=0, epoch=0, from=3
23:43:51.941 [Server Comm. System] DEBUG bftsmart.tom.core.ExecutionManager - Received message  type=WRITE, number=0, epoch=0, from=3
23:43:51.939 [Server Comm. System] DEBUG bftsmart.tom.core.ExecutionManager - I'm at consensus 0 and my last consensus is -1
23:43:51.941 [Server Comm. System] DEBUG bftsmart.tom.core.ExecutionManager - Message for consensus 0 can be processed
23:43:51.941 [Server Comm. System] DEBUG bftsmart.consensus.roles.Acceptor - Processing paxos msg with id 0
23:43:51.940 [Server Comm. System] DEBUG bftsmart.consensus.roles.Acceptor - I have 4 ACCEPTs for cId:0, Timestamp:0 
23:43:51.941 [Server Comm. System] INFO bftsmart.communication.ServerCommunicationSystem - === Message processed ===
23:43:51.940 [Server Comm. System] INFO bftsmart.communication.ServerCommunicationSystem - === Message processed ===
23:43:51.941 [Server Comm. System] INFO bftsmart.communication.ServerCommunicationSystem - === ServerCommunicationSystem RECEIVED message ===
23:43:51.941 [Server Comm. System] INFO bftsmart.communication.ServerCommunicationSystem -     Message type: ConsensusMessage
23:43:51.941 [Server Comm. System] INFO bftsmart.communication.ServerCommunicationSystem -     From: 3
23:43:51.941 [Server Comm. System] INFO bftsmart.communication.ServerCommunicationSystem -     Message count: 7
23:43:51.941 [Server Comm. System] INFO bftsmart.communication.ServerCommunicationSystem - === ServerCommunicationSystem RECEIVED message ===
23:43:51.941 [Server Comm. System] INFO bftsmart.communication.ServerCommunicationSystem -     Message type: ConsensusMessage
23:43:51.941 [Server Comm. System] INFO bftsmart.communication.ServerCommunicationSystem -     From: 3
23:43:51.941 [Server Comm. System] INFO bftsmart.communication.ServerCommunicationSystem -     Message type: ConsensusMessage
23:43:51.941 [Server Comm. System] INFO bftsmart.communication.ServerCommunicationSystem -     From: 0
23:43:51.941 [Server Comm. System] INFO bftsmart.communication.ServerCommunicationSystem -     Message count: 8
23:43:51.941 [Server Comm. System] DEBUG bftsmart.communication.ServerCommunicationSystem - <-- receiving, msg:type=ACCEPT, number=0, epoch=0, from=0
23:43:51.941 [Server Comm. System] DEBUG bftsmart.tom.core.ExecutionManager - I'm at consensus 0 and my last consensus is -1
23:43:51.941 [Server Comm. System] DEBUG bftsmart.tom.core.ExecutionManager - Message for consensus 0 can be processed
23:43:51.941 [Server Comm. System] DEBUG bftsmart.consensus.roles.Acceptor - WRITE received from:3, for consensus cId:0
23:43:51.942 [Server Comm. System] DEBUG bftsmart.consensus.roles.Acceptor - Processing paxos msg with id 0
23:43:51.942 [Server Comm. System] DEBUG bftsmart.consensus.roles.Acceptor - WRITE received from:3, for consensus cId:0
23:43:51.941 [Server Comm. System] DEBUG bftsmart.communication.ServerCommunicationSystem - <-- receiving, msg:type=ACCEPT, number=0, epoch=0, from=3
23:43:51.942 [Server Comm. System] DEBUG bftsmart.tom.core.ExecutionManager - Received message  type=ACCEPT, number=0, epoch=0, from=3
23:43:51.941 [Server Comm. System] INFO bftsmart.communication.ServerCommunicationSystem -     Message count: 6
23:43:51.942 [Server Comm. System] DEBUG bftsmart.communication.ServerCommunicationSystem - <-- receiving, msg:type=WRITE, number=0, epoch=0, from=3
23:43:51.942 [Server Comm. System] DEBUG bftsmart.tom.core.ExecutionManager - Received message  type=WRITE, number=0, epoch=0, from=3
23:43:51.942 [Server Comm. System] DEBUG bftsmart.tom.core.ExecutionManager - I'm at consensus 0 and my last consensus is -1
23:43:51.941 [Server Comm. System] DEBUG bftsmart.tom.core.ExecutionManager - Received message  type=ACCEPT, number=0, epoch=0, from=0
23:43:51.942 [Server Comm. System] DEBUG bftsmart.tom.core.ExecutionManager - I'm at consensus 0 and my last consensus is -1
23:43:51.942 [Server Comm. System] DEBUG bftsmart.tom.core.ExecutionManager - Message for consensus 0 can be processed
23:43:51.942 [Server Comm. System] DEBUG bftsmart.consensus.roles.Acceptor - Processing paxos msg with id 0
23:43:51.942 [Server Comm. System] DEBUG bftsmart.consensus.roles.Acceptor - ACCEPT from 0 for consensus 0
23:43:51.942 [Server Comm. System] DEBUG bftsmart.consensus.roles.Acceptor - I have 3 ACCEPTs for cId:0, Timestamp:0 
23:43:51.942 [Server Comm. System] INFO bftsmart.communication.ServerCommunicationSystem - === Message processed ===
23:43:51.942 [Server Comm. System] DEBUG bftsmart.consensus.roles.Acceptor - I have 7, WRITE's for cId:0, Epoch timestamp:0,
[Acceptor 5] computeWrite: cId=0, writeAccepted=7, quorum=5
23:43:51.942 [Server Comm. System] DEBUG bftsmart.consensus.roles.Acceptor - I have 7, WRITE's for cId:0, Epoch timestamp:0,
[Acceptor 1] computeWrite: cId=0, writeAccepted=7, quorum=5
23:43:51.942 [Server Comm. System] DEBUG bftsmart.tom.core.ExecutionManager - I'm at consensus 0 and my last consensus is -1
23:43:51.942 [Server Comm. System] DEBUG bftsmart.tom.core.ExecutionManager - Message for consensus 0 can be processed
23:43:51.942 [Server Comm. System] DEBUG bftsmart.consensus.roles.Acceptor - Processing paxos msg with id 0
23:43:51.942 [Server Comm. System] INFO bftsmart.communication.ServerCommunicationSystem - === Message processed ===
23:43:51.942 [Server Comm. System] DEBUG bftsmart.consensus.roles.Acceptor - WRITE received from:3, for consensus cId:0
23:43:51.942 [Server Comm. System] DEBUG bftsmart.consensus.roles.Acceptor - I have 6, WRITE's for cId:0, Epoch timestamp:0,
[Acceptor 7] computeWrite: cId=0, writeAccepted=6, quorum=5
23:43:51.942 [Server Comm. System] DEBUG bftsmart.consensus.roles.Acceptor - Sending ACCEPT message, cId:0, I am:7
23:43:51.942 [Server Comm. System] INFO bftsmart.communication.ServerCommunicationSystem - === ServerCommunicationSystem RECEIVED message ===
23:43:51.942 [Server Comm. System] INFO bftsmart.communication.ServerCommunicationSystem - === Message processed ===
23:43:51.942 [Server Comm. System] INFO bftsmart.communication.ServerCommunicationSystem - === ServerCommunicationSystem RECEIVED message ===
23:43:51.942 [Server Comm. System] INFO bftsmart.communication.ServerCommunicationSystem -     Message type: ConsensusMessage
23:43:51.942 [Server Comm. System] INFO bftsmart.communication.ServerCommunicationSystem -     From: 3
23:43:51.942 [Server Comm. System] DEBUG bftsmart.tom.core.ExecutionManager - Message for consensus 0 can be processed
23:43:51.942 [Server Comm. System] INFO bftsmart.communication.ServerCommunicationSystem -     Message count: 9
23:43:51.942 [Server Comm. System] DEBUG bftsmart.communication.ServerCommunicationSystem - <-- receiving, msg:type=ACCEPT, number=0, epoch=0, from=3
23:43:51.942 [Server Comm. System] DEBUG bftsmart.tom.core.ExecutionManager - Received message  type=ACCEPT, number=0, epoch=0, from=3
23:43:51.942 [Server Comm. System] DEBUG bftsmart.tom.core.ExecutionManager - I'm at consensus 0 and my last consensus is -1
23:43:51.942 [Server Comm. System] DEBUG bftsmart.consensus.roles.Acceptor - Processing paxos msg with id 0
23:43:51.942 [Server Comm. System] DEBUG bftsmart.tom.core.ExecutionManager - Message for consensus 0 can be processed
23:43:51.942 [Server Comm. System] DEBUG bftsmart.consensus.roles.Acceptor - Processing paxos msg with id 0
23:43:51.942 [Server Comm. System] DEBUG bftsmart.consensus.roles.Acceptor - ACCEPT from 3 for consensus 0
23:43:51.942 [Server Comm. System] DEBUG bftsmart.consensus.roles.Acceptor - I have 3 ACCEPTs for cId:0, Timestamp:0 
23:43:51.942 [Server Comm. System] INFO bftsmart.communication.ServerCommunicationSystem - === Message processed ===
23:43:51.942 [Server Comm. System] DEBUG bftsmart.consensus.roles.Acceptor - ACCEPT from 3 for consensus 0
23:43:51.942 [Server Comm. System] DEBUG bftsmart.consensus.roles.Acceptor - I have 2 ACCEPTs for cId:0, Timestamp:0 
23:43:51.942 [Server Comm. System] DEBUG bftsmart.consensus.roles.Acceptor - Setting consensus 0 QuorumWrite tiemstamp to 0 and value [82, 112, 31, -54, 15, -45, -64, 12, 72, 99, -88, -115, 89, -2, -80, -120, 56, -29, -13, 59, 20, 97, 16, 8, 17, 99, 13, -80, -12, -57, 43, 45]
23:43:51.942 [Server Comm. System] DEBUG bftsmart.consensus.roles.Acceptor - Speculative ACCEPT message for consensus 0 matches the written value, sending it to the other replicas
[Acceptor 7] ABOUT TO SEND speculative ACCEPT for cId=0 to targets=[0, 1, 2, 3, 4, 5, 6, 7]
23:43:51.942 [Server Comm. System] INFO bftsmart.communication.ServerCommunicationSystem -     Message type: ConsensusMessage
=== [V2V Layer 7] SEND called ===
    Targets: [0, 1, 2, 3, 4, 5, 6, 7]
    Message type: ConsensusMessage
    Sender: 7
    -> Sending to replica 0 via V2V
    [Reliability 7] sendReliable() called
        Target: 0
        Message type: ConsensusMessage
        Sequence number: 1
23:43:51.942 [Server Comm. System] INFO bftsmart.communication.ServerCommunicationSystem - === Message processed ===
        Payload size: 265 bytes
23:43:51.943 [Server Comm. System] INFO bftsmart.communication.ServerCommunicationSystem -     From: 3
        [Reliability 7] Piggybacked 2 ACKs to replica 0
23:43:51.943 [Server Comm. System] INFO bftsmart.communication.ServerCommunicationSystem -     Message count: 9
V2VNativeBridge7: Sending message to -1 with length 870
[JNI] nativeSendMessage: 7 -> -1
[JNI] Sending 870 bytes (7->-1)
[DEBUG V2VProxy 7] Queue has space - adding message
[JNI] Message queued successfully
        [Reliability 7] Sent seq=1 to replica 0
    -> Sending to replica 1 via V2V
    [Reliability 7] sendReliable() called
        Target: 1
        Message type: ConsensusMessage
        Sequence number: 1
        Payload size: 265 bytes
        [Reliability 7] Piggybacked 1 ACKs to replica 1
V2VNativeBridge7: Sending message to -1 with length 856
[JNI] nativeSendMessage: 7 -> -1
[JNI] Sending 856 bytes (7->-1)
[DEBUG V2VProxy 7] Queue has space - adding message
[JNI] Message queued successfully
        [Reliability 7] Sent seq=1 to replica 1
    -> Sending to replica 2 via V2V
    [Reliability 7] sendReliable() called
        Target: 2
        Message type: ConsensusMessage
        Sequence number: 1
        Payload size: 265 bytes
        [Reliability 7] Piggybacked 2 ACKs to replica 2
V2VNativeBridge7: Sending message to -1 with length 870
[JNI] nativeSendMessage: 7 -> -1
[JNI] Sending 870 bytes (7->-1)
[DEBUG V2VProxy 7] Queue has space - adding message
[JNI] Message queued successfully
        [Reliability 7] Sent seq=1 to replica 2
    -> Sending to replica 3 via V2V
    [Reliability 7] sendReliable() called
        Target: 3
        Message type: ConsensusMessage
        Sequence number: 1
        Payload size: 265 bytes
        [Reliability 7] Piggybacked 2 ACKs to replica 3
V2VNativeBridge7: Sending message to -1 with length 870
[JNI] nativeSendMessage: 7 -> -1
[JNI] Sending 870 bytes (7->-1)
[DEBUG V2VProxy 7] Queue has space - adding message
[JNI] Message queued successfully
        [Reliability 7] Sent seq=1 to replica 3
    -> Sending to replica 4 via V2V
    [Reliability 7] sendReliable() called
        Target: 4
        Message type: ConsensusMessage
        Sequence number: 1
23:43:51.943 [Server Comm. System] INFO bftsmart.communication.ServerCommunicationSystem - === ServerCommunicationSystem RECEIVED message ===
        Payload size: 265 bytes
        [Reliability 7] Piggybacked 1 ACKs to replica 4
23:43:51.944 [Server Comm. System] INFO bftsmart.communication.ServerCommunicationSystem -     Message type: ConsensusMessage
23:43:51.944 [Server Comm. System] INFO bftsmart.communication.ServerCommunicationSystem -     From: 6
23:43:51.944 [Server Comm. System] INFO bftsmart.communication.ServerCommunicationSystem -     Message count: 8
V2VNativeBridge7: Sending message to -1 with length 856
[JNI] nativeSendMessage: 7 -> -1
[JNI] Sending 856 bytes (7->-1)
[DEBUG V2VProxy 7] Queue has space - adding message
[JNI] Message queued successfully
23:43:51.944 [Server Comm. System] DEBUG bftsmart.communication.ServerCommunicationSystem - <-- receiving, msg:type=ACCEPT, number=0, epoch=0, from=3
        [Reliability 7] Sent seq=1 to replica 4
    -> Sending to replica 5 via V2V
    [Reliability 7] sendReliable() called
        Target: 5
        Message type: ConsensusMessage
        Sequence number: 1
        Payload size: 265 bytes
23:43:51.944 [Server Comm. System] DEBUG bftsmart.tom.core.ExecutionManager - Received message  type=ACCEPT, number=0, epoch=0, from=3
        [Reliability 7] Piggybacked 1 ACKs to replica 5
23:43:51.944 [Server Comm. System] DEBUG bftsmart.tom.core.ExecutionManager - I'm at consensus 0 and my last consensus is -1
V2VNativeBridge7: Sending message to -1 with length 856
[JNI] nativeSendMessage: 7 -> -1
[JNI] Sending 856 bytes (7->-1)
[DEBUG V2VProxy 7] Queue has space - adding message
[JNI] Message queued successfully
        [Reliability 7] Sent seq=1 to replica 5
    -> Sending to replica 6 via V2V
    [Reliability 7] sendReliable() called
        Target: 6
        Message type: ConsensusMessage
        Sequence number: 1
23:43:51.944 [Server Comm. System] DEBUG bftsmart.communication.ServerCommunicationSystem - <-- receiving, msg:type=ACCEPT, number=0, epoch=0, from=6
        Payload size: 265 bytes
23:43:51.944 [Server Comm. System] DEBUG bftsmart.tom.core.ExecutionManager - Message for consensus 0 can be processed
        [Reliability 7] Piggybacked 1 ACKs to replica 6
23:43:51.944 [Server Comm. System] DEBUG bftsmart.consensus.roles.Acceptor - Processing paxos msg with id 0
23:43:51.944 [Server Comm. System] DEBUG bftsmart.consensus.roles.Acceptor - ACCEPT from 3 for consensus 0
V2VNativeBridge7: Sending message to -1 with length 856
[JNI] nativeSendMessage: 7 -> -1
[JNI] Sending 856 bytes (7->-1)
[DEBUG V2VProxy 7] Queue has space - adding message
[JNI] Message queued successfully
23:43:51.944 [Server Comm. System] DEBUG bftsmart.tom.core.ExecutionManager - Received message  type=ACCEPT, number=0, epoch=0, from=6
        [Reliability 7] Sent seq=1 to replica 6
    -> Self-delivery to replica 7
=== [V2V Layer 7] DELIVER to BFT-SMaRt ===
23:43:51.945 [Server Comm. System] DEBUG bftsmart.tom.core.ExecutionManager - I'm at consensus 0 and my last consensus is -1
23:43:51.945 [Server Comm. System] DEBUG bftsmart.consensus.roles.Acceptor - I have 3 ACCEPTs for cId:0, Timestamp:0 
    Message type: ConsensusMessage
    From replica: 7
    InQueue size before: 1
    InQueue size after: 2
=== [V2V Layer 7] DELIVER successful ===
=== [V2V Layer 7] SEND complete ===
[Acceptor 7] SENT speculative ACCEPT for cId=0
23:43:51.945 [Server Comm. System] INFO bftsmart.communication.ServerCommunicationSystem - === Message processed ===
23:43:51.945 [Server Comm. System] DEBUG bftsmart.tom.core.ExecutionManager - Message for consensus 0 can be processed
23:43:51.945 [Server Comm. System] DEBUG bftsmart.consensus.roles.Acceptor - Processing paxos msg with id 0
23:43:51.945 [Server Comm. System] INFO bftsmart.communication.ServerCommunicationSystem - === Message processed ===
23:43:51.945 [Server Comm. System] DEBUG bftsmart.consensus.roles.Acceptor - ACCEPT from 6 for consensus 0
23:43:51.945 [Server Comm. System] INFO bftsmart.communication.ServerCommunicationSystem - === ServerCommunicationSystem RECEIVED message ===
23:43:51.945 [Server Comm. System] INFO bftsmart.communication.ServerCommunicationSystem -     Message type: ConsensusMessage
23:43:51.945 [Server Comm. System] DEBUG bftsmart.consensus.roles.Acceptor - I have 3 ACCEPTs for cId:0, Timestamp:0 
23:43:51.945 [Server Comm. System] INFO bftsmart.communication.ServerCommunicationSystem - === Message processed ===
23:43:51.945 [Server Comm. System] INFO bftsmart.communication.ServerCommunicationSystem -     From: 3
23:43:51.945 [Server Comm. System] INFO bftsmart.communication.ServerCommunicationSystem -     Message count: 7
23:43:51.945 [Server Comm. System] DEBUG bftsmart.communication.ServerCommunicationSystem - <-- receiving, msg:type=ACCEPT, number=0, epoch=0, from=3
23:43:51.945 [Server Comm. System] DEBUG bftsmart.tom.core.ExecutionManager - Received message  type=ACCEPT, number=0, epoch=0, from=3
23:43:51.945 [Server Comm. System] DEBUG bftsmart.tom.core.ExecutionManager - I'm at consensus 0 and my last consensus is -1
23:43:51.945 [Server Comm. System] DEBUG bftsmart.tom.core.ExecutionManager - Message for consensus 0 can be processed
23:43:51.945 [Server Comm. System] DEBUG bftsmart.consensus.roles.Acceptor - Processing paxos msg with id 0
23:43:51.945 [Server Comm. System] DEBUG bftsmart.consensus.roles.Acceptor - ACCEPT from 3 for consensus 0
23:43:51.945 [Server Comm. System] DEBUG bftsmart.consensus.roles.Acceptor - I have 2 ACCEPTs for cId:0, Timestamp:0 
23:43:51.945 [Server Comm. System] INFO bftsmart.communication.ServerCommunicationSystem - === Message processed ===
23:43:51.945 [Server Comm. System] INFO bftsmart.communication.ServerCommunicationSystem - === ServerCommunicationSystem RECEIVED message ===
23:43:51.945 [Server Comm. System] INFO bftsmart.communication.ServerCommunicationSystem -     Message type: ConsensusMessage
23:43:51.945 [Server Comm. System] INFO bftsmart.communication.ServerCommunicationSystem -     From: 7
23:43:51.945 [Server Comm. System] INFO bftsmart.communication.ServerCommunicationSystem -     Message count: 8
23:43:51.945 [Server Comm. System] DEBUG bftsmart.communication.ServerCommunicationSystem - <-- receiving, msg:type=ACCEPT, number=0, epoch=0, from=7
23:43:51.945 [Server Comm. System] DEBUG bftsmart.tom.core.ExecutionManager - Received message  type=ACCEPT, number=0, epoch=0, from=7
23:43:51.945 [Server Comm. System] DEBUG bftsmart.tom.core.ExecutionManager - I'm at consensus 0 and my last consensus is -1
23:43:51.945 [Server Comm. System] DEBUG bftsmart.tom.core.ExecutionManager - Message for consensus 0 can be processed
23:43:51.945 [Server Comm. System] DEBUG bftsmart.consensus.roles.Acceptor - Processing paxos msg with id 0
23:43:51.945 [Server Comm. System] DEBUG bftsmart.consensus.roles.Acceptor - ACCEPT from 7 for consensus 0
23:43:51.945 [Server Comm. System] DEBUG bftsmart.consensus.roles.Acceptor - I have 3 ACCEPTs for cId:0, Timestamp:0 
23:43:51.945 [Server Comm. System] INFO bftsmart.communication.ServerCommunicationSystem - === Message processed ===
[V2VProxy 0] *** SENDING V2V message #17 from=0 to=-1 size=857 bytes at t=5.1
[V2VProxy 0] *** SENDING V2V message #18 from=0 to=-1 size=871 bytes at t=5.1
[V2VProxy 0] *** SENDING V2V message #19 from=0 to=-1 size=871 bytes at t=5.1
[V2VProxy 0] *** SENDING V2V message #20 from=0 to=-1 size=857 bytes at t=5.1
[V2VProxy 4] *** SENDING V2V message #11 from=4 to=-1 size=871 bytes at t=5.1
[V2VProxy 4] *** SENDING V2V message #12 from=4 to=-1 size=857 bytes at t=5.1
[V2VProxy 4] *** SENDING V2V message #13 from=4 to=-1 size=871 bytes at t=5.1
[V2VProxy 4] *** SENDING V2V message #14 from=4 to=-1 size=857 bytes at t=5.1
[V2VProxy 4] *** SENDING V2V message #15 from=4 to=-1 size=871 bytes at t=5.1
[V2VProxy 4] *** SENDING V2V message #16 from=4 to=-1 size=857 bytes at t=5.1
[V2VProxy 4] *** SENDING V2V message #17 from=4 to=-1 size=857 bytes at t=5.1
[V2VProxy 6] *** SENDING V2V message #11 from=6 to=-1 size=871 bytes at t=5.1
[V2VProxy 6] *** SENDING V2V message #12 from=6 to=-1 size=857 bytes at t=5.1
[V2VProxy 6] *** SENDING V2V message #13 from=6 to=-1 size=871 bytes at t=5.1
[V2VProxy 6] *** SENDING V2V message #14 from=6 to=-1 size=871 bytes at t=5.1
[V2VProxy 6] *** SENDING V2V message #15 from=6 to=-1 size=857 bytes at t=5.1
[V2VProxy 6] *** SENDING V2V message #16 from=6 to=-1 size=857 bytes at t=5.1
[V2VProxy 6] *** SENDING V2V message #17 from=6 to=-1 size=857 bytes at t=5.1
[V2VProxy 7] *** SENDING V2V message #11 from=7 to=-1 size=870 bytes at t=5.1
[V2VProxy 7] *** SENDING V2V message #12 from=7 to=-1 size=856 bytes at t=5.1
[V2VProxy 7] *** SENDING V2V message #13 from=7 to=-1 size=870 bytes at t=5.1
[V2VProxy 7] *** SENDING V2V message #14 from=7 to=-1 size=870 bytes at t=5.1
[V2VProxy 7] *** SENDING V2V message #15 from=7 to=-1 size=856 bytes at t=5.1
[V2VProxy 7] *** SENDING V2V message #16 from=7 to=-1 size=856 bytes at t=5.1
[V2VProxy 7] *** SENDING V2V message #17 from=7 to=-1 size=856 bytes at t=5.1
V2VNativeBridge2: Received message from 4 with length 857
[V2V Layer 2] Received message from replica 4 via JNI
    [Reliability 2] handleIncomingMessage() called
        Type: DATA
        From: 4
        SeqNum: 1
        Expected seq: 1
        -> IN ORDER, delivering immediately
    [Reliability 2] deliverMessage() - deserializing payload
        Deserialized: ConsensusMessage
        DEBUG: envelope.fromReplicaId=4, message.getSender()=4
=== [V2V Layer 2] DELIVER to BFT-SMaRt ===
    Message type: ConsensusMessage
    From replica: 4
    InQueue size before: 0
    InQueue size after: 1
=== [V2V Layer 2] DELIVER successful ===
V2VNativeBridge5: Received message from 4 with length 857
[V2V Layer 5] Received message from replica 4 via JNI
23:43:51.961 [Server Comm. System] INFO bftsmart.communication.ServerCommunicationSystem - === ServerCommunicationSystem RECEIVED message ===
    [Reliability 5] handleIncomingMessage() called
        Type: DATA
        From: 4
        SeqNum: 1
23:43:51.962 [Server Comm. System] INFO bftsmart.communication.ServerCommunicationSystem -     Message type: ConsensusMessage
23:43:51.962 [Server Comm. System] INFO bftsmart.communication.ServerCommunicationSystem -     From: 4
        Expected seq: 1
        -> IN ORDER, delivering immediately
    [Reliability 5] deliverMessage() - deserializing payload
23:43:51.962 [Server Comm. System] INFO bftsmart.communication.ServerCommunicationSystem -     Message count: 8
23:43:51.962 [Server Comm. System] DEBUG bftsmart.communication.ServerCommunicationSystem - <-- receiving, msg:type=ACCEPT, number=0, epoch=0, from=4
        Deserialized: ConsensusMessage
        DEBUG: envelope.fromReplicaId=4, message.getSender()=4
=== [V2V Layer 5] DELIVER to BFT-SMaRt ===
    Message type: ConsensusMessage
    From replica: 4
23:43:51.962 [Server Comm. System] DEBUG bftsmart.tom.core.ExecutionManager - Received message  type=ACCEPT, number=0, epoch=0, from=4
    InQueue size before: 0
23:43:51.962 [Server Comm. System] DEBUG bftsmart.tom.core.ExecutionManager - I'm at consensus 0 and my last consensus is -1
23:43:51.962 [Server Comm. System] DEBUG bftsmart.tom.core.ExecutionManager - Message for consensus 0 can be processed
23:43:51.962 [Server Comm. System] DEBUG bftsmart.consensus.roles.Acceptor - Processing paxos msg with id 0
23:43:51.962 [Server Comm. System] DEBUG bftsmart.consensus.roles.Acceptor - ACCEPT from 4 for consensus 0
    InQueue size after: 1
=== [V2V Layer 5] DELIVER successful ===
23:43:51.962 [Server Comm. System] DEBUG bftsmart.consensus.roles.Acceptor - I have 3 ACCEPTs for cId:0, Timestamp:0 
V2VNativeBridge3: Received message from 4 with length 857
[V2V Layer 3] Received message from replica 4 via JNI
23:43:51.962 [Server Comm. System] INFO bftsmart.communication.ServerCommunicationSystem - === ServerCommunicationSystem RECEIVED message ===
23:43:51.962 [Server Comm. System] INFO bftsmart.communication.ServerCommunicationSystem -     Message type: ConsensusMessage
23:43:51.962 [Server Comm. System] INFO bftsmart.communication.ServerCommunicationSystem -     From: 4
23:43:51.962 [Server Comm. System] INFO bftsmart.communication.ServerCommunicationSystem - === Message processed ===
    [Reliability 3] handleIncomingMessage() called
        Type: DATA
        From: 4
        SeqNum: 1
23:43:51.962 [Server Comm. System] INFO bftsmart.communication.ServerCommunicationSystem -     Message count: 10
23:43:51.962 [Server Comm. System] DEBUG bftsmart.communication.ServerCommunicationSystem - <-- receiving, msg:type=ACCEPT, number=0, epoch=0, from=4
        Expected seq: 1
        -> IN ORDER, delivering immediately
    [Reliability 3] deliverMessage() - deserializing payload
23:43:51.962 [Server Comm. System] DEBUG bftsmart.tom.core.ExecutionManager - Received message  type=ACCEPT, number=0, epoch=0, from=4
23:43:51.962 [Server Comm. System] DEBUG bftsmart.tom.core.ExecutionManager - I'm at consensus 0 and my last consensus is -1
23:43:51.962 [Server Comm. System] DEBUG bftsmart.tom.core.ExecutionManager - Message for consensus 0 can be processed
23:43:51.962 [Server Comm. System] DEBUG bftsmart.consensus.roles.Acceptor - Processing paxos msg with id 0
23:43:51.962 [Server Comm. System] DEBUG bftsmart.consensus.roles.Acceptor - ACCEPT from 4 for consensus 0
23:43:51.962 [Server Comm. System] DEBUG bftsmart.consensus.roles.Acceptor - I have 4 ACCEPTs for cId:0, Timestamp:0 
23:43:51.962 [Server Comm. System] INFO bftsmart.communication.ServerCommunicationSystem - === Message processed ===
        Deserialized: ConsensusMessage
        DEBUG: envelope.fromReplicaId=4, message.getSender()=4
=== [V2V Layer 3] DELIVER to BFT-SMaRt ===
    Message type: ConsensusMessage
    From replica: 4
    InQueue size before: 0
    InQueue size after: 0
=== [V2V Layer 3] DELIVER successful ===
23:43:51.962 [Server Comm. System] INFO bftsmart.communication.ServerCommunicationSystem - === ServerCommunicationSystem RECEIVED message ===
23:43:51.962 [Server Comm. System] INFO bftsmart.communication.ServerCommunicationSystem -     Message type: ConsensusMessage
23:43:51.962 [Server Comm. System] INFO bftsmart.communication.ServerCommunicationSystem -     From: 4
23:43:51.962 [Server Comm. System] INFO bftsmart.communication.ServerCommunicationSystem -     Message count: 8
23:43:51.962 [Server Comm. System] DEBUG bftsmart.communication.ServerCommunicationSystem - <-- receiving, msg:type=ACCEPT, number=0, epoch=0, from=4
23:43:51.962 [Server Comm. System] DEBUG bftsmart.tom.core.ExecutionManager - Received message  type=ACCEPT, number=0, epoch=0, from=4
23:43:51.962 [Server Comm. System] DEBUG bftsmart.tom.core.ExecutionManager - I'm at consensus 0 and my last consensus is -1
23:43:51.962 [Server Comm. System] DEBUG bftsmart.tom.core.ExecutionManager - Message for consensus 0 can be processed
V2VNativeBridge0: Received message from 4 with length 857
23:43:51.962 [Server Comm. System] DEBUG bftsmart.consensus.roles.Acceptor - Processing paxos msg with id 0
[V2V Layer 0] Received message from replica 4 via JNI
23:43:51.962 [Server Comm. System] DEBUG bftsmart.consensus.roles.Acceptor - ACCEPT from 4 for consensus 0
23:43:51.962 [Server Comm. System] DEBUG bftsmart.consensus.roles.Acceptor - I have 3 ACCEPTs for cId:0, Timestamp:0 
23:43:51.962 [Server Comm. System] INFO bftsmart.communication.ServerCommunicationSystem - === Message processed ===
    [Reliability 0] handleIncomingMessage() called
        Type: DATA
        From: 4
        SeqNum: 1
        Expected seq: 1
        -> IN ORDER, delivering immediately
    [Reliability 0] deliverMessage() - deserializing payload
        Deserialized: ConsensusMessage
        DEBUG: envelope.fromReplicaId=4, message.getSender()=4
=== [V2V Layer 0] DELIVER to BFT-SMaRt ===
    Message type: ConsensusMessage
    From replica: 4
    InQueue size before: 0
    InQueue size after: 1
=== [V2V Layer 0] DELIVER successful ===
23:43:51.963 [Server Comm. System] INFO bftsmart.communication.ServerCommunicationSystem - === ServerCommunicationSystem RECEIVED message ===
V2VNativeBridge1: Received message from 4 with length 857
[V2V Layer 1] Received message from replica 4 via JNI
23:43:51.963 [Server Comm. System] INFO bftsmart.communication.ServerCommunicationSystem -     Message type: ConsensusMessage
23:43:51.963 [Server Comm. System] INFO bftsmart.communication.ServerCommunicationSystem -     From: 4
23:43:51.963 [Server Comm. System] INFO bftsmart.communication.ServerCommunicationSystem -     Message count: 9
23:43:51.963 [Server Comm. System] DEBUG bftsmart.communication.ServerCommunicationSystem - <-- receiving, msg:type=ACCEPT, number=0, epoch=0, from=4
23:43:51.963 [Server Comm. System] DEBUG bftsmart.tom.core.ExecutionManager - Received message  type=ACCEPT, number=0, epoch=0, from=4
23:43:51.963 [Server Comm. System] DEBUG bftsmart.tom.core.ExecutionManager - I'm at consensus 0 and my last consensus is -1
23:43:51.963 [Server Comm. System] DEBUG bftsmart.tom.core.ExecutionManager - Message for consensus 0 can be processed
23:43:51.963 [Server Comm. System] DEBUG bftsmart.consensus.roles.Acceptor - Processing paxos msg with id 0
23:43:51.963 [Server Comm. System] DEBUG bftsmart.consensus.roles.Acceptor - ACCEPT from 4 for consensus 0
    [Reliability 1] handleIncomingMessage() called
        Type: DATA
        From: 4
        SeqNum: 1
23:43:51.963 [Server Comm. System] DEBUG bftsmart.consensus.roles.Acceptor - I have 4 ACCEPTs for cId:0, Timestamp:0 
23:43:51.963 [Server Comm. System] INFO bftsmart.communication.ServerCommunicationSystem - === Message processed ===
        Expected seq: 1
        -> IN ORDER, delivering immediately
    [Reliability 1] deliverMessage() - deserializing payload
        Deserialized: ConsensusMessage
        DEBUG: envelope.fromReplicaId=4, message.getSender()=4
=== [V2V Layer 1] DELIVER to BFT-SMaRt ===
    Message type: ConsensusMessage
    From replica: 4
    InQueue size before: 0
    InQueue size after: 1
=== [V2V Layer 1] DELIVER successful ===
23:43:51.963 [Server Comm. System] INFO bftsmart.communication.ServerCommunicationSystem - === ServerCommunicationSystem RECEIVED message ===
23:43:51.963 [Server Comm. System] INFO bftsmart.communication.ServerCommunicationSystem -     Message type: ConsensusMessage
23:43:51.963 [Server Comm. System] INFO bftsmart.communication.ServerCommunicationSystem -     From: 4
23:43:51.963 [Server Comm. System] INFO bftsmart.communication.ServerCommunicationSystem -     Message count: 10
23:43:51.963 [Server Comm. System] DEBUG bftsmart.communication.ServerCommunicationSystem - <-- receiving, msg:type=ACCEPT, number=0, epoch=0, from=4
V2VNativeBridge6: Received message from 4 with length 857
23:43:51.963 [Server Comm. System] DEBUG bftsmart.tom.core.ExecutionManager - Received message  type=ACCEPT, number=0, epoch=0, from=4
[V2V Layer 6] Received message from replica 4 via JNI
23:43:51.963 [Server Comm. System] DEBUG bftsmart.tom.core.ExecutionManager - I'm at consensus 0 and my last consensus is -1
23:43:51.963 [Server Comm. System] DEBUG bftsmart.tom.core.ExecutionManager - Message for consensus 0 can be processed
23:43:51.963 [Server Comm. System] DEBUG bftsmart.consensus.roles.Acceptor - Processing paxos msg with id 0
23:43:51.963 [Server Comm. System] DEBUG bftsmart.consensus.roles.Acceptor - ACCEPT from 4 for consensus 0
23:43:51.963 [Server Comm. System] DEBUG bftsmart.consensus.roles.Acceptor - I have 4 ACCEPTs for cId:0, Timestamp:0 
23:43:51.963 [Server Comm. System] INFO bftsmart.communication.ServerCommunicationSystem - === Message processed ===
    [Reliability 6] handleIncomingMessage() called
        Type: DATA
        From: 4
        SeqNum: 1
        Expected seq: 1
        -> IN ORDER, delivering immediately
    [Reliability 6] deliverMessage() - deserializing payload
        Deserialized: ConsensusMessage
        DEBUG: envelope.fromReplicaId=4, message.getSender()=4
=== [V2V Layer 6] DELIVER to BFT-SMaRt ===
    Message type: ConsensusMessage
    From replica: 4
    InQueue size before: 0
    InQueue size after: 1
=== [V2V Layer 6] DELIVER successful ===
23:43:51.963 [Server Comm. System] INFO bftsmart.communication.ServerCommunicationSystem - === ServerCommunicationSystem RECEIVED message ===
23:43:51.963 [Server Comm. System] INFO bftsmart.communication.ServerCommunicationSystem -     Message type: ConsensusMessage
23:43:51.963 [Server Comm. System] INFO bftsmart.communication.ServerCommunicationSystem -     From: 4
23:43:51.963 [Server Comm. System] INFO bftsmart.communication.ServerCommunicationSystem -     Message count: 9
23:43:51.963 [Server Comm. System] DEBUG bftsmart.communication.ServerCommunicationSystem - <-- receiving, msg:type=ACCEPT, number=0, epoch=0, from=4
V2VNativeBridge7: Received message from 4 with length 857
[V2V Layer 7] Received message from replica 4 via JNI
23:43:51.963 [Server Comm. System] DEBUG bftsmart.tom.core.ExecutionManager - Received message  type=ACCEPT, number=0, epoch=0, from=4
23:43:51.963 [Server Comm. System] DEBUG bftsmart.tom.core.ExecutionManager - I'm at consensus 0 and my last consensus is -1
23:43:51.963 [Server Comm. System] DEBUG bftsmart.tom.core.ExecutionManager - Message for consensus 0 can be processed
23:43:51.963 [Server Comm. System] DEBUG bftsmart.consensus.roles.Acceptor - Processing paxos msg with id 0
23:43:51.963 [Server Comm. System] DEBUG bftsmart.consensus.roles.Acceptor - ACCEPT from 4 for consensus 0
23:43:51.963 [Server Comm. System] DEBUG bftsmart.consensus.roles.Acceptor - I have 4 ACCEPTs for cId:0, Timestamp:0 
23:43:51.963 [Server Comm. System] INFO bftsmart.communication.ServerCommunicationSystem - === Message processed ===
    [Reliability 7] handleIncomingMessage() called
        Type: DATA
        From: 4
        SeqNum: 1
        Expected seq: 1
        -> IN ORDER, delivering immediately
    [Reliability 7] deliverMessage() - deserializing payload
        Deserialized: ConsensusMessage
        DEBUG: envelope.fromReplicaId=4, message.getSender()=4
=== [V2V Layer 7] DELIVER to BFT-SMaRt ===
    Message type: ConsensusMessage
    From replica: 4
    InQueue size before: 0
    InQueue size after: 1
23:43:51.963 [Server Comm. System] INFO bftsmart.communication.ServerCommunicationSystem - === ServerCommunicationSystem RECEIVED message ===
=== [V2V Layer 7] DELIVER successful ===
23:43:51.963 [Server Comm. System] INFO bftsmart.communication.ServerCommunicationSystem -     Message type: ConsensusMessage
23:43:51.964 [Server Comm. System] INFO bftsmart.communication.ServerCommunicationSystem -     From: 4
23:43:51.964 [Server Comm. System] INFO bftsmart.communication.ServerCommunicationSystem -     Message count: 9
23:43:51.964 [Server Comm. System] DEBUG bftsmart.communication.ServerCommunicationSystem - <-- receiving, msg:type=ACCEPT, number=0, epoch=0, from=4
23:43:51.964 [Server Comm. System] DEBUG bftsmart.tom.core.ExecutionManager - Received message  type=ACCEPT, number=0, epoch=0, from=4
23:43:51.964 [Server Comm. System] DEBUG bftsmart.tom.core.ExecutionManager - I'm at consensus 0 and my last consensus is -1
23:43:51.964 [Server Comm. System] DEBUG bftsmart.tom.core.ExecutionManager - Message for consensus 0 can be processed
23:43:51.964 [Server Comm. System] DEBUG bftsmart.consensus.roles.Acceptor - Processing paxos msg with id 0
23:43:51.964 [Server Comm. System] DEBUG bftsmart.consensus.roles.Acceptor - ACCEPT from 4 for consensus 0
23:43:51.964 [Server Comm. System] DEBUG bftsmart.consensus.roles.Acceptor - I have 4 ACCEPTs for cId:0, Timestamp:0 
23:43:51.964 [Server Comm. System] INFO bftsmart.communication.ServerCommunicationSystem - === Message processed ===
V2VNativeBridge6: Received message from 0 with length 857
[V2V Layer 6] Received message from replica 0 via JNI
    [Reliability 6] handleIncomingMessage() called
        Type: DATA
        From: 0
        SeqNum: 2
        Expected seq: 2
        -> IN ORDER, delivering immediately
    [Reliability 6] deliverMessage() - deserializing payload
        Deserialized: ConsensusMessage
        DEBUG: envelope.fromReplicaId=0, message.getSender()=0
=== [V2V Layer 6] DELIVER to BFT-SMaRt ===
    Message type: ConsensusMessage
    From replica: 0
    InQueue size before: 0
    InQueue size after: 1
=== [V2V Layer 6] DELIVER successful ===
23:43:51.965 [Server Comm. System] INFO bftsmart.communication.ServerCommunicationSystem - === ServerCommunicationSystem RECEIVED message ===
V2VNativeBridge3: Received message from 0 with length 857
23:43:51.965 [Server Comm. System] INFO bftsmart.communication.ServerCommunicationSystem -     Message type: ConsensusMessage
23:43:51.965 [Server Comm. System] INFO bftsmart.communication.ServerCommunicationSystem -     From: 0
23:43:51.965 [Server Comm. System] INFO bftsmart.communication.ServerCommunicationSystem -     Message count: 10
[V2V Layer 3] Received message from replica 0 via JNI
23:43:51.965 [Server Comm. System] DEBUG bftsmart.communication.ServerCommunicationSystem - <-- receiving, msg:type=ACCEPT, number=0, epoch=0, from=0
23:43:51.965 [Server Comm. System] DEBUG bftsmart.tom.core.ExecutionManager - Received message  type=ACCEPT, number=0, epoch=0, from=0
23:43:51.965 [Server Comm. System] DEBUG bftsmart.tom.core.ExecutionManager - I'm at consensus 0 and my last consensus is -1
23:43:51.965 [Server Comm. System] DEBUG bftsmart.tom.core.ExecutionManager - Message for consensus 0 can be processed
23:43:51.965 [Server Comm. System] DEBUG bftsmart.consensus.roles.Acceptor - Processing paxos msg with id 0
23:43:51.965 [Server Comm. System] DEBUG bftsmart.consensus.roles.Acceptor - ACCEPT from 0 for consensus 0
23:43:51.965 [Server Comm. System] DEBUG bftsmart.consensus.roles.Acceptor - I have 5 ACCEPTs for cId:0, Timestamp:0 
23:43:51.965 [Server Comm. System] INFO bftsmart.communication.ServerCommunicationSystem - === Message processed ===
    [Reliability 3] handleIncomingMessage() called
        Type: DATA
        From: 0
        SeqNum: 2
        Expected seq: 2
        -> IN ORDER, delivering immediately
    [Reliability 3] deliverMessage() - deserializing payload
        Deserialized: ConsensusMessage
        DEBUG: envelope.fromReplicaId=0, message.getSender()=0
=== [V2V Layer 3] DELIVER to BFT-SMaRt ===
    Message type: ConsensusMessage
    From replica: 0
    InQueue size before: 0
    InQueue size after: 1
=== [V2V Layer 3] DELIVER successful ===
23:43:51.965 [Server Comm. System] INFO bftsmart.communication.ServerCommunicationSystem - === ServerCommunicationSystem RECEIVED message ===
23:43:51.965 [Server Comm. System] INFO bftsmart.communication.ServerCommunicationSystem -     Message type: ConsensusMessage
23:43:51.965 [Server Comm. System] INFO bftsmart.communication.ServerCommunicationSystem -     From: 0
V2VNativeBridge2: Received message from 0 with length 857
23:43:51.965 [Server Comm. System] INFO bftsmart.communication.ServerCommunicationSystem -     Message count: 9
[V2V Layer 2] Received message from replica 0 via JNI
23:43:51.965 [Server Comm. System] DEBUG bftsmart.communication.ServerCommunicationSystem - <-- receiving, msg:type=ACCEPT, number=0, epoch=0, from=0
23:43:51.965 [Server Comm. System] DEBUG bftsmart.tom.core.ExecutionManager - Received message  type=ACCEPT, number=0, epoch=0, from=0
23:43:51.965 [Server Comm. System] DEBUG bftsmart.tom.core.ExecutionManager - I'm at consensus 0 and my last consensus is -1
23:43:51.965 [Server Comm. System] DEBUG bftsmart.tom.core.ExecutionManager - Message for consensus 0 can be processed
23:43:51.965 [Server Comm. System] DEBUG bftsmart.consensus.roles.Acceptor - Processing paxos msg with id 0
23:43:51.965 [Server Comm. System] DEBUG bftsmart.consensus.roles.Acceptor - ACCEPT from 0 for consensus 0
23:43:51.965 [Server Comm. System] DEBUG bftsmart.consensus.roles.Acceptor - I have 4 ACCEPTs for cId:0, Timestamp:0 
23:43:51.965 [Server Comm. System] INFO bftsmart.communication.ServerCommunicationSystem - === Message processed ===
    [Reliability 2] handleIncomingMessage() called
        Type: DATA
        From: 0
        SeqNum: 2
        Expected seq: 2
        -> IN ORDER, delivering immediately
    [Reliability 2] deliverMessage() - deserializing payload
        Deserialized: ConsensusMessage
        DEBUG: envelope.fromReplicaId=0, message.getSender()=0
=== [V2V Layer 2] DELIVER to BFT-SMaRt ===
    Message type: ConsensusMessage
    From replica: 0
    InQueue size before: 0
    InQueue size after: 1
=== [V2V Layer 2] DELIVER successful ===
V2VNativeBridge4: Received message from 0 with length 857
[V2V Layer 4] Received message from replica 0 via JNI
23:43:51.966 [Server Comm. System] INFO bftsmart.communication.ServerCommunicationSystem - === ServerCommunicationSystem RECEIVED message ===
    [Reliability 4] handleIncomingMessage() called
        Type: DATA
        From: 0
        SeqNum: 2
23:43:51.966 [Server Comm. System] INFO bftsmart.communication.ServerCommunicationSystem -     Message type: ConsensusMessage
23:43:51.966 [Server Comm. System] INFO bftsmart.communication.ServerCommunicationSystem -     From: 0
23:43:51.966 [Server Comm. System] INFO bftsmart.communication.ServerCommunicationSystem -     Message count: 9
23:43:51.966 [Server Comm. System] DEBUG bftsmart.communication.ServerCommunicationSystem - <-- receiving, msg:type=ACCEPT, number=0, epoch=0, from=0
23:43:51.966 [Server Comm. System] DEBUG bftsmart.tom.core.ExecutionManager - Received message  type=ACCEPT, number=0, epoch=0, from=0
23:43:51.966 [Server Comm. System] DEBUG bftsmart.tom.core.ExecutionManager - I'm at consensus 0 and my last consensus is -1
        Expected seq: 2
        -> IN ORDER, delivering immediately
    [Reliability 4] deliverMessage() - deserializing payload
23:43:51.966 [Server Comm. System] DEBUG bftsmart.tom.core.ExecutionManager - Message for consensus 0 can be processed
        Deserialized: ConsensusMessage
        DEBUG: envelope.fromReplicaId=0, message.getSender()=0
=== [V2V Layer 4] DELIVER to BFT-SMaRt ===
    Message type: ConsensusMessage
    From replica: 0
23:43:51.966 [Server Comm. System] DEBUG bftsmart.consensus.roles.Acceptor - Processing paxos msg with id 0
    InQueue size before: 0
    InQueue size after: 1
23:43:51.966 [Server Comm. System] DEBUG bftsmart.consensus.roles.Acceptor - ACCEPT from 0 for consensus 0
=== [V2V Layer 4] DELIVER successful ===
23:43:51.966 [Server Comm. System] INFO bftsmart.communication.ServerCommunicationSystem - === ServerCommunicationSystem RECEIVED message ===
23:43:51.966 [Server Comm. System] INFO bftsmart.communication.ServerCommunicationSystem -     Message type: ConsensusMessage
23:43:51.966 [Server Comm. System] INFO bftsmart.communication.ServerCommunicationSystem -     From: 0
23:43:51.966 [Server Comm. System] DEBUG bftsmart.consensus.roles.Acceptor - I have 4 ACCEPTs for cId:0, Timestamp:0 
V2VNativeBridge7: Received message from 0 with length 857
23:43:51.966 [Server Comm. System] INFO bftsmart.communication.ServerCommunicationSystem -     Message count: 11
[V2V Layer 7] Received message from replica 0 via JNI
23:43:51.966 [Server Comm. System] INFO bftsmart.communication.ServerCommunicationSystem - === Message processed ===
23:43:51.966 [Server Comm. System] DEBUG bftsmart.communication.ServerCommunicationSystem - <-- receiving, msg:type=ACCEPT, number=0, epoch=0, from=0
23:43:51.966 [Server Comm. System] DEBUG bftsmart.tom.core.ExecutionManager - Received message  type=ACCEPT, number=0, epoch=0, from=0
23:43:51.966 [Server Comm. System] DEBUG bftsmart.tom.core.ExecutionManager - I'm at consensus 0 and my last consensus is -1
23:43:51.966 [Server Comm. System] DEBUG bftsmart.tom.core.ExecutionManager - Message for consensus 0 can be processed
23:43:51.966 [Server Comm. System] DEBUG bftsmart.consensus.roles.Acceptor - Processing paxos msg with id 0
23:43:51.966 [Server Comm. System] DEBUG bftsmart.consensus.roles.Acceptor - ACCEPT from 0 for consensus 0
23:43:51.966 [Server Comm. System] DEBUG bftsmart.consensus.roles.Acceptor - I have 5 ACCEPTs for cId:0, Timestamp:0 
    [Reliability 7] handleIncomingMessage() called
        Type: DATA
23:43:51.966 [Server Comm. System] INFO bftsmart.communication.ServerCommunicationSystem - === Message processed ===
        From: 0
        SeqNum: 2
        Expected seq: 2
        -> IN ORDER, delivering immediately
    [Reliability 7] deliverMessage() - deserializing payload
        Deserialized: ConsensusMessage
        DEBUG: envelope.fromReplicaId=0, message.getSender()=0
=== [V2V Layer 7] DELIVER to BFT-SMaRt ===
    Message type: ConsensusMessage
    From replica: 0
    InQueue size before: 0
    InQueue size after: 1
=== [V2V Layer 7] DELIVER successful ===
V2VNativeBridge1: Received message from 0 with length 857
23:43:51.966 [Server Comm. System] INFO bftsmart.communication.ServerCommunicationSystem - === ServerCommunicationSystem RECEIVED message ===
[V2V Layer 1] Received message from replica 0 via JNI
23:43:51.966 [Server Comm. System] INFO bftsmart.communication.ServerCommunicationSystem -     Message type: ConsensusMessage
    [Reliability 1] handleIncomingMessage() called
        Type: DATA
        From: 0
        SeqNum: 2
23:43:51.967 [Server Comm. System] INFO bftsmart.communication.ServerCommunicationSystem -     From: 0
23:43:51.967 [Server Comm. System] INFO bftsmart.communication.ServerCommunicationSystem -     Message count: 10
23:43:51.967 [Server Comm. System] DEBUG bftsmart.communication.ServerCommunicationSystem - <-- receiving, msg:type=ACCEPT, number=0, epoch=0, from=0
        Expected seq: 2
        -> IN ORDER, delivering immediately
    [Reliability 1] deliverMessage() - deserializing payload
23:43:51.967 [Server Comm. System] DEBUG bftsmart.tom.core.ExecutionManager - Received message  type=ACCEPT, number=0, epoch=0, from=0
23:43:51.967 [Server Comm. System] DEBUG bftsmart.tom.core.ExecutionManager - I'm at consensus 0 and my last consensus is -1
23:43:51.967 [Server Comm. System] DEBUG bftsmart.tom.core.ExecutionManager - Message for consensus 0 can be processed
        Deserialized: ConsensusMessage
        DEBUG: envelope.fromReplicaId=0, message.getSender()=0
=== [V2V Layer 1] DELIVER to BFT-SMaRt ===
    Message type: ConsensusMessage
    From replica: 0
    InQueue size before: 0
23:43:51.967 [Server Comm. System] DEBUG bftsmart.consensus.roles.Acceptor - Processing paxos msg with id 0
    InQueue size after: 1
=== [V2V Layer 1] DELIVER successful ===
23:43:51.967 [Server Comm. System] DEBUG bftsmart.consensus.roles.Acceptor - ACCEPT from 0 for consensus 0
V2VNativeBridge5: Received message from 0 with length 857
[V2V Layer 5] Received message from replica 0 via JNI
23:43:51.967 [Server Comm. System] INFO bftsmart.communication.ServerCommunicationSystem - === ServerCommunicationSystem RECEIVED message ===
23:43:51.967 [Server Comm. System] DEBUG bftsmart.consensus.roles.Acceptor - I have 5 ACCEPTs for cId:0, Timestamp:0 
23:43:51.967 [Server Comm. System] INFO bftsmart.communication.ServerCommunicationSystem -     Message type: ConsensusMessage
23:43:51.967 [Server Comm. System] INFO bftsmart.communication.ServerCommunicationSystem -     From: 0
23:43:51.967 [Server Comm. System] INFO bftsmart.communication.ServerCommunicationSystem - === Message processed ===
    [Reliability 5] handleIncomingMessage() called
23:43:51.967 [Server Comm. System] INFO bftsmart.communication.ServerCommunicationSystem -     Message count: 11
        Type: DATA
        From: 0
23:43:51.967 [Server Comm. System] DEBUG bftsmart.communication.ServerCommunicationSystem - <-- receiving, msg:type=ACCEPT, number=0, epoch=0, from=0
        SeqNum: 2
23:43:51.967 [Server Comm. System] DEBUG bftsmart.tom.core.ExecutionManager - Received message  type=ACCEPT, number=0, epoch=0, from=0
23:43:51.967 [Server Comm. System] DEBUG bftsmart.tom.core.ExecutionManager - I'm at consensus 0 and my last consensus is -1
23:43:51.967 [Server Comm. System] DEBUG bftsmart.tom.core.ExecutionManager - Message for consensus 0 can be processed
23:43:51.967 [Server Comm. System] DEBUG bftsmart.consensus.roles.Acceptor - Processing paxos msg with id 0
23:43:51.967 [Server Comm. System] DEBUG bftsmart.consensus.roles.Acceptor - ACCEPT from 0 for consensus 0
        Expected seq: 2
        -> IN ORDER, delivering immediately
    [Reliability 5] deliverMessage() - deserializing payload
23:43:51.967 [Server Comm. System] DEBUG bftsmart.consensus.roles.Acceptor - I have 5 ACCEPTs for cId:0, Timestamp:0 
        Deserialized: ConsensusMessage
        DEBUG: envelope.fromReplicaId=0, message.getSender()=0
23:43:51.967 [Server Comm. System] INFO bftsmart.communication.ServerCommunicationSystem - === Message processed ===
=== [V2V Layer 5] DELIVER to BFT-SMaRt ===
    Message type: ConsensusMessage
    From replica: 0
    InQueue size before: 0
    InQueue size after: 1
=== [V2V Layer 5] DELIVER successful ===
23:43:51.967 [Server Comm. System] INFO bftsmart.communication.ServerCommunicationSystem - === ServerCommunicationSystem RECEIVED message ===
23:43:51.967 [Server Comm. System] INFO bftsmart.communication.ServerCommunicationSystem -     Message type: ConsensusMessage
23:43:51.967 [Server Comm. System] INFO bftsmart.communication.ServerCommunicationSystem -     From: 0
23:43:51.967 [Server Comm. System] INFO bftsmart.communication.ServerCommunicationSystem -     Message count: 11
23:43:51.967 [Server Comm. System] DEBUG bftsmart.communication.ServerCommunicationSystem - <-- receiving, msg:type=ACCEPT, number=0, epoch=0, from=0
23:43:51.967 [Server Comm. System] DEBUG bftsmart.tom.core.ExecutionManager - Received message  type=ACCEPT, number=0, epoch=0, from=0
23:43:51.967 [Server Comm. System] DEBUG bftsmart.tom.core.ExecutionManager - I'm at consensus 0 and my last consensus is -1
23:43:51.967 [Server Comm. System] DEBUG bftsmart.tom.core.ExecutionManager - Message for consensus 0 can be processed
23:43:51.967 [Server Comm. System] DEBUG bftsmart.consensus.roles.Acceptor - Processing paxos msg with id 0
23:43:51.967 [Server Comm. System] DEBUG bftsmart.consensus.roles.Acceptor - ACCEPT from 0 for consensus 0
23:43:51.967 [Server Comm. System] DEBUG bftsmart.consensus.roles.Acceptor - I have 5 ACCEPTs for cId:0, Timestamp:0 
23:43:51.967 [Server Comm. System] INFO bftsmart.communication.ServerCommunicationSystem - === Message processed ===
V2VNativeBridge2: Received message from 4 with length 857
[V2V Layer 2] Received message from replica 4 via JNI
    [Reliability 2] handleIncomingMessage() called
        Type: DATA
        From: 4
        SeqNum: 1
        Expected seq: 2
        -> DUPLICATE (seq < expected), ignoring
V2VNativeBridge5: Received message from 4 with length 857
[V2V Layer 5] Received message from replica 4 via JNI
    [Reliability 5] handleIncomingMessage() called
        Type: DATA
        From: 4
        SeqNum: 1
        Expected seq: 2
        -> DUPLICATE (seq < expected), ignoring
V2VNativeBridge2: Received message from 4 with length 857
[V2V Layer 2] Received message from replica 4 via JNI
    [Reliability 2] handleIncomingMessage() called
        Type: DATA
        From: 4
        SeqNum: 1
        Expected seq: 2
        -> DUPLICATE (seq < expected), ignoring
V2VNativeBridge5: Received message from 4 with length 857
[V2V Layer 5] Received message from replica 4 via JNI
    [Reliability 5] handleIncomingMessage() called
        Type: DATA
        From: 4
        SeqNum: 1
        Expected seq: 2
        -> DUPLICATE (seq < expected), ignoring
V2VNativeBridge0: Received message from 6 with length 857
[V2V Layer 0] Received message from replica 6 via JNI
    [Reliability 0] handleIncomingMessage() called
        Type: DATA
        From: 6
        SeqNum: 1
        Expected seq: 1
        -> IN ORDER, delivering immediately
    [Reliability 0] deliverMessage() - deserializing payload
        Deserialized: ConsensusMessage
        DEBUG: envelope.fromReplicaId=6, message.getSender()=6
=== [V2V Layer 0] DELIVER to BFT-SMaRt ===
    Message type: ConsensusMessage
    From replica: 6
    InQueue size before: 0
    InQueue size after: 1
=== [V2V Layer 0] DELIVER successful ===
V2VNativeBridge7: Received message from 6 with length 857
[V2V Layer 7] Received message from replica 6 via JNI
23:43:51.973 [Server Comm. System] INFO bftsmart.communication.ServerCommunicationSystem - === ServerCommunicationSystem RECEIVED message ===
23:43:51.973 [Server Comm. System] INFO bftsmart.communication.ServerCommunicationSystem -     Message type: ConsensusMessage
    [Reliability 7] handleIncomingMessage() called
23:43:51.973 [Server Comm. System] INFO bftsmart.communication.ServerCommunicationSystem -     From: 6
        Type: DATA
        From: 6
        SeqNum: 1
23:43:51.973 [Server Comm. System] INFO bftsmart.communication.ServerCommunicationSystem -     Message count: 10
23:43:51.973 [Server Comm. System] DEBUG bftsmart.communication.ServerCommunicationSystem - <-- receiving, msg:type=ACCEPT, number=0, epoch=0, from=6
23:43:51.973 [Server Comm. System] DEBUG bftsmart.tom.core.ExecutionManager - Received message  type=ACCEPT, number=0, epoch=0, from=6
23:43:51.973 [Server Comm. System] DEBUG bftsmart.tom.core.ExecutionManager - I'm at consensus 0 and my last consensus is -1
23:43:51.973 [Server Comm. System] DEBUG bftsmart.tom.core.ExecutionManager - Message for consensus 0 can be processed
23:43:51.973 [Server Comm. System] DEBUG bftsmart.consensus.roles.Acceptor - Processing paxos msg with id 0
        Expected seq: 1
        -> IN ORDER, delivering immediately
    [Reliability 7] deliverMessage() - deserializing payload
23:43:51.973 [Server Comm. System] DEBUG bftsmart.consensus.roles.Acceptor - ACCEPT from 6 for consensus 0
        Deserialized: ConsensusMessage
        DEBUG: envelope.fromReplicaId=6, message.getSender()=6
=== [V2V Layer 7] DELIVER to BFT-SMaRt ===
23:43:51.973 [Server Comm. System] DEBUG bftsmart.consensus.roles.Acceptor - I have 5 ACCEPTs for cId:0, Timestamp:0 
    Message type: ConsensusMessage
    From replica: 6
    InQueue size before: 0
23:43:51.973 [Server Comm. System] INFO bftsmart.communication.ServerCommunicationSystem - === Message processed ===
    InQueue size after: 1
=== [V2V Layer 7] DELIVER successful ===
23:43:51.973 [Server Comm. System] INFO bftsmart.communication.ServerCommunicationSystem - === ServerCommunicationSystem RECEIVED message ===
23:43:51.973 [Server Comm. System] INFO bftsmart.communication.ServerCommunicationSystem -     Message type: ConsensusMessage
23:43:51.973 [Server Comm. System] INFO bftsmart.communication.ServerCommunicationSystem -     From: 6
23:43:51.973 [Server Comm. System] INFO bftsmart.communication.ServerCommunicationSystem -     Message count: 11
V2VNativeBridge5: Received message from 4 with length 871
[V2V Layer 5] Received message from replica 4 via JNI
23:43:51.973 [Server Comm. System] DEBUG bftsmart.communication.ServerCommunicationSystem - <-- receiving, msg:type=ACCEPT, number=0, epoch=0, from=6
23:43:51.973 [Server Comm. System] DEBUG bftsmart.tom.core.ExecutionManager - Received message  type=ACCEPT, number=0, epoch=0, from=6
23:43:51.973 [Server Comm. System] DEBUG bftsmart.tom.core.ExecutionManager - I'm at consensus 0 and my last consensus is -1
23:43:51.973 [Server Comm. System] DEBUG bftsmart.tom.core.ExecutionManager - Message for consensus 0 can be processed
23:43:51.973 [Server Comm. System] DEBUG bftsmart.consensus.roles.Acceptor - Processing paxos msg with id 0
23:43:51.974 [Server Comm. System] DEBUG bftsmart.consensus.roles.Acceptor - ACCEPT from 6 for consensus 0
    [Reliability 5] handleIncomingMessage() called
        Type: DATA
        From: 4
        SeqNum: 1
23:43:51.974 [Server Comm. System] DEBUG bftsmart.consensus.roles.Acceptor - I have 6 ACCEPTs for cId:0, Timestamp:0 
23:43:51.974 [Server Comm. System] DEBUG bftsmart.consensus.roles.Acceptor - Deciding consensus 0
        Expected seq: 2
        -> DUPLICATE (seq < expected), ignoring
23:43:51.974 [Server Comm. System] DEBUG bftsmart.consensus.Consensus - Delivering decision from consensus 0 to the TOMLayer/DeliveryThread
23:43:51.974 [Server Comm. System] DEBUG bftsmart.tom.core.DeliveryThread - Using cached requests from the propose.
23:43:51.974 [Server Comm. System] DEBUG bftsmart.clientsmanagement.ClientsManager - Updating client manager
23:43:51.974 [Server Comm. System] DEBUG bftsmart.clientsmanagement.ClientsManager - Finished updating client manager
23:43:51.974 [Server Comm. System] DEBUG bftsmart.tom.core.DeliveryThread - Consensus 0 finished. Decided size=1
23:43:51.974 [Server Comm. System] DEBUG bftsmart.tom.core.DeliveryThread - Decision from consensus 0 does not contain reconfiguration
23:43:51.974 [Server Comm. System] DEBUG bftsmart.tom.core.TOMLayer - Setting last exec to 0
23:43:51.974 [Server Comm. System] DEBUG bftsmart.tom.core.TOMLayer - Modifying inExec from 0 to -1
23:43:51.974 [Server Comm. System] INFO bftsmart.communication.ServerCommunicationSystem - === Message processed ===
23:43:51.974 [Delivery Thread] DEBUG bftsmart.tom.core.DeliveryThread - Current size of the decided queue: 1
23:43:51.974 [Delivery Thread] DEBUG bftsmart.tom.core.DeliveryThread - Using cached requests from the propose.
V2VNativeBridge2: Received message from 4 with length 871
[V2V Layer 2] Received message from replica 4 via JNI
23:43:51.975 [Delivery Thread] DEBUG bftsmart.tom.ServiceReplica - Processing TOMMessage from client 1000 with sequence number 0 for session 1793886036 decided in consensus 0
    [Reliability 2] handleIncomingMessage() called
        Type: DATA
        From: 4
        SeqNum: 1
        Expected seq: 2
        -> DUPLICATE (seq < expected), ignoring
V2VNativeBridge5: Received message from 4 with length 871
[V2V Layer 5] Received message from replica 4 via JNI
    [Reliability 5] handleIncomingMessage() called
        Type: DATA
        From: 4
        SeqNum: 1
23:43:51.975 [Delivery Thread] DEBUG bftsmart.tom.ServiceReplica - Batching request from 1000
23:43:51.975 [Delivery Thread] DEBUG bftsmart.tom.ServiceReplica - Processing TOMMessage from client 1001 with sequence number 0 for session -1061421973 decided in consensus 0
23:43:51.975 [Delivery Thread] DEBUG bftsmart.tom.ServiceReplica - Batching request from 1001
23:43:51.975 [Delivery Thread] DEBUG bftsmart.tom.ServiceReplica - Processing TOMMessage from client 1002 with sequence number 0 for session -855615671 decided in consensus 0
23:43:51.975 [Delivery Thread] DEBUG bftsmart.tom.ServiceReplica - Batching request from 1002
23:43:51.975 [Delivery Thread] DEBUG bftsmart.tom.ServiceReplica - Processing TOMMessage from client 1003 with sequence number 0 for session 210244978 decided in consensus 0
23:43:51.975 [Delivery Thread] DEBUG bftsmart.tom.ServiceReplica - Batching request from 1003
23:43:51.975 [Delivery Thread] DEBUG bftsmart.tom.ServiceReplica - Processing TOMMessage from client 1004 with sequence number 0 for session 1482353715 decided in consensus 0
23:43:51.975 [Delivery Thread] DEBUG bftsmart.tom.ServiceReplica - Batching request from 1004
23:43:51.975 [Delivery Thread] DEBUG bftsmart.tom.ServiceReplica - Processing TOMMessage from client 1005 with sequence number 0 for session 1157526196 decided in consensus 0
        Expected seq: 2
        -> DUPLICATE (seq < expected), ignoring
23:43:51.975 [Delivery Thread] DEBUG bftsmart.tom.ServiceReplica - Batching request from 1005
23:43:51.975 [Delivery Thread] DEBUG bftsmart.tom.ServiceReplica - Processing TOMMessage from client 1006 with sequence number 0 for session -1933597427 decided in consensus 0
23:43:51.975 [Delivery Thread] DEBUG bftsmart.tom.ServiceReplica - Batching request from 1006
23:43:51.975 [Delivery Thread] DEBUG bftsmart.tom.ServiceReplica - Processing TOMMessage from client 1007 with sequence number 0 for session -411163298 decided in consensus 0
23:43:51.975 [Delivery Thread] DEBUG bftsmart.tom.ServiceReplica - Batching request from 1007
[BATCH] Buffered JOIN from CAR_0 (buffer size: 1/8)
[BATCH] Buffered JOIN from CAR_1 (buffer size: 2/8)
[BATCH] Buffered JOIN from CAR_2 (buffer size: 3/8)
[BATCH] Buffered JOIN from CAR_3 (buffer size: 4/8)
[BATCH] Buffered JOIN from CAR_4 (buffer size: 5/8)
[BATCH] Buffered JOIN from CAR_5 (buffer size: 6/8)
[BATCH] Buffered JOIN from CAR_6 (buffer size: 7/8)
[BATCH] Buffered JOIN from CAR_7 (buffer size: 8/8)

[BATCH] ===== TRIGGERING CONSENSUS: We have 8 cars! =====
V2VNativeBridge2: Received message from 4 with length 857
[V2V Layer 2] Received message from replica 4 via JNI
    [Reliability 2] handleIncomingMessage() called
        Type: DATA
        From: 4
        SeqNum: 1
        Expected seq: 2
        -> DUPLICATE (seq < expected), ignoring
V2VNativeBridge5: Received message from 4 with length 857
[V2V Layer 5] Received message from replica 4 via JNI
[BATCH] ===== CONSENSUS COMPLETE =====
[BATCH] Final Decision: CAR_0:POS:0;CAR_1:POS:1;CAR_2:POS:2;CAR_3:POS:3;CAR_4:POS:4;CAR_5:POS:5;CAR_6:POS:6;CAR_7:POS:7
[BATCH] All subsequent requests will receive this decision

    [Reliability 5] handleIncomingMessage() called
        Type: DATA
        From: 4
        SeqNum: 1
        Expected seq: 2
        -> DUPLICATE (seq < expected), ignoring
[BATCH] JOIN request after consensus complete - returning decision: CAR_0:POS:0;CAR_1:POS:1;CAR_2:POS:2;CAR_3:POS:3;CAR_4:POS:4;CAR_5:POS:5;CAR_6:POS:6;CAR_7:POS:7
V2VNativeBridge3: Received message from 4 with length 857
[V2V Layer 3] Received message from replica 4 via JNI
[BATCH] JOIN request after consensus complete - returning decision: CAR_0:POS:0;CAR_1:POS:1;CAR_2:POS:2;CAR_3:POS:3;CAR_4:POS:4;CAR_5:POS:5;CAR_6:POS:6;CAR_7:POS:7
[BATCH] JOIN request after consensus complete - returning decision: CAR_0:POS:0;CAR_1:POS:1;CAR_2:POS:2;CAR_3:POS:3;CAR_4:POS:4;CAR_5:POS:5;CAR_6:POS:6;CAR_7:POS:7
[BATCH] JOIN request after consensus complete - returning decision: CAR_0:POS:0;CAR_1:POS:1;CAR_2:POS:2;CAR_3:POS:3;CAR_4:POS:4;CAR_5:POS:5;CAR_6:POS:6;CAR_7:POS:7
[BATCH] JOIN request after consensus complete - returning decision: CAR_0:POS:0;CAR_1:POS:1;CAR_2:POS:2;CAR_3:POS:3;CAR_4:POS:4;CAR_5:POS:5;CAR_6:POS:6;CAR_7:POS:7
[BATCH] JOIN request after consensus complete - returning decision: CAR_0:POS:0;CAR_1:POS:1;CAR_2:POS:2;CAR_3:POS:3;CAR_4:POS:4;CAR_5:POS:5;CAR_6:POS:6;CAR_7:POS:7
[BATCH] JOIN request after consensus complete - returning decision: CAR_0:POS:0;CAR_1:POS:1;CAR_2:POS:2;CAR_3:POS:3;CAR_4:POS:4;CAR_5:POS:5;CAR_6:POS:6;CAR_7:POS:7
[BATCH] JOIN request after consensus complete - returning decision: CAR_0:POS:0;CAR_1:POS:1;CAR_2:POS:2;CAR_3:POS:3;CAR_4:POS:4;CAR_5:POS:5;CAR_6:POS:6;CAR_7:POS:7
    [Reliability 3] handleIncomingMessage() called
        Type: DATA
        From: 4
        SeqNum: 1
        Expected seq: 2
        -> DUPLICATE (seq < expected), ignoring
V2VNativeBridge0: Received message from 4 with length 857
[V2V Layer 0] Received message from replica 4 via JNI
    [Reliability 0] handleIncomingMessage() called
        Type: DATA
        From: 4
        SeqNum: 1
        Expected seq: 2
        -> DUPLICATE (seq < expected), ignoring
V2VNativeBridge1: Received message from 4 with length 857
[V2V Layer 1] Received message from replica 4 via JNI
(1) Round 1 processed 8 cmd(s). App time: 1.186 ms
    [Reliability 1] handleIncomingMessage() called
        Type: DATA
        From: 4
   joinBuffer = {CAR_7=1.769154231976E9, CAR_5=1.769154231976E9, CAR_6=1.769154231976E9, CAR_3=1.769154231976E9, CAR_4=1.769154231976E9, CAR_1=1.769154231976E9, CAR_2=1.769154231976E9, CAR_0=1.769154231976E9}
        SeqNum: 1
   batchProcessed = true
   finalDecision = CAR_0:POS:0;CAR_1:POS:1;CAR_2:POS:2;CAR_3:POS:3;CAR_4:POS:4;CAR_5:POS:5;CAR_6:POS:6;CAR_7:POS:7
        Expected seq: 2
        -> DUPLICATE (seq < expected), ignoring
V2VNativeBridge6: Received message from 4 with length 857
[V2V Layer 6] Received message from replica 4 via JNI
    [Reliability 6] handleIncomingMessage() called
        Type: DATA
        From: 4
        SeqNum: 1
        Expected seq: 2
        -> DUPLICATE (seq < expected), ignoring
V2VNativeBridge7: Received message from 4 with length 857
[V2V Layer 7] Received message from replica 4 via JNI
23:43:51.977 [Delivery Thread] DEBUG bftsmart.tom.ServiceReplica - Sending reply to 1000 with sequence number 0 and operation ID 0 via ReplyManager
    [Reliability 7] handleIncomingMessage() called
        Type: DATA
        From: 4
        SeqNum: 1
23:43:51.977 [Delivery Thread] DEBUG bftsmart.tom.ServiceReplica - Sending reply to 1001 with sequence number 0 and operation ID 0 via ReplyManager
        Expected seq: 2
        -> DUPLICATE (seq < expected), ignoring
23:43:51.977 [Delivery Thread] DEBUG bftsmart.tom.ServiceReplica - Sending reply to 1002 with sequence number 0 and operation ID 0 via ReplyManager
23:43:51.977 [Delivery Thread] DEBUG bftsmart.tom.ServiceReplica - Sending reply to 1003 with sequence number 0 and operation ID 0 via ReplyManager
23:43:51.977 [Delivery Thread] DEBUG bftsmart.tom.ServiceReplica - Sending reply to 1004 with sequence number 0 and operation ID 0 via ReplyManager
23:43:51.977 [Delivery Thread] DEBUG bftsmart.tom.ServiceReplica - Sending reply to 1005 with sequence number 0 and operation ID 0 via ReplyManager
23:43:51.977 [Delivery Thread] DEBUG bftsmart.tom.ServiceReplica - Sending reply to 1006 with sequence number 0 and operation ID 0 via ReplyManager
23:43:51.977 [Delivery Thread] DEBUG bftsmart.tom.ServiceReplica - Sending reply to 1007 with sequence number 0 and operation ID 0 via ReplyManager
23:43:51.978 [Delivery Thread] DEBUG bftsmart.tom.ServiceReplica - BATCHEXECUTOR END
V2VNativeBridge0: Received message from 6 with length 871
[V2V Layer 0] Received message from replica 6 via JNI
    [Reliability 0] handleIncomingMessage() called
        Type: DATA
        From: 6
        SeqNum: 1
        Expected seq: 2
        -> DUPLICATE (seq < expected), ignoring
23:43:51.978 [nioEventLoopGroup-25-8] DEBUG bftsmart.communication.client.netty.NettyTOMMessageDecoder - Decoded reply from 7 with sequence number 0
V2VNativeBridge3: Received message from 6 with length 871
[V2V Layer 3] Received message from replica 6 via JNI
23:43:51.978 [nioEventLoopGroup-14-8] DEBUG bftsmart.communication.client.netty.NettyTOMMessageDecoder - Decoded reply from 7 with sequence number 0
23:43:51.978 [nioEventLoopGroup-18-8] DEBUG bftsmart.communication.client.netty.NettyTOMMessageDecoder - Decoded reply from 7 with sequence number 0
23:43:51.978 [nioEventLoopGroup-15-8] DEBUG bftsmart.communication.client.netty.NettyTOMMessageDecoder - Decoded reply from 7 with sequence number 0
23:43:51.978 [nioEventLoopGroup-18-8] DEBUG bftsmart.communication.client.netty.NettyClientServerCommunicationSystemClientSide - channelRead0(ChannelHandlerContext ctx, TOMMessage sm).
23:43:51.978 [nioEventLoopGroup-14-8] DEBUG bftsmart.communication.client.netty.NettyClientServerCommunicationSystemClientSide - channelRead0(ChannelHandlerContext ctx, TOMMessage sm).
23:43:51.978 [nioEventLoopGroup-17-8] DEBUG bftsmart.communication.client.netty.NettyTOMMessageDecoder - Decoded reply from 7 with sequence number 0
    [Reliability 3] handleIncomingMessage() called
23:43:51.978 [nioEventLoopGroup-16-8] DEBUG bftsmart.communication.client.netty.NettyTOMMessageDecoder - Decoded reply from 7 with sequence number 0
23:43:51.978 [nioEventLoopGroup-17-8] DEBUG bftsmart.communication.client.netty.NettyClientServerCommunicationSystemClientSide - channelRead0(ChannelHandlerContext ctx, TOMMessage sm).
23:43:51.978 [nioEventLoopGroup-19-8] DEBUG bftsmart.communication.client.netty.NettyTOMMessageDecoder - Decoded reply from 7 with sequence number 0
        Type: DATA
        From: 6
        SeqNum: 1
23:43:51.978 [nioEventLoopGroup-22-8] DEBUG bftsmart.communication.client.netty.NettyTOMMessageDecoder - Decoded reply from 7 with sequence number 0
        Expected seq: 1
        -> IN ORDER, delivering immediately
    [Reliability 3] deliverMessage() - deserializing payload
23:43:51.978 [nioEventLoopGroup-25-8] DEBUG bftsmart.communication.client.netty.NettyClientServerCommunicationSystemClientSide - channelRead0(ChannelHandlerContext ctx, TOMMessage sm).
        Deserialized: ConsensusMessage
        DEBUG: envelope.fromReplicaId=6, message.getSender()=6
=== [V2V Layer 3] DELIVER to BFT-SMaRt ===
    Message type: ConsensusMessage
    From replica: 6
    InQueue size before: 0
23:43:51.978 [nioEventLoopGroup-18-8] DEBUG bftsmart.proxy - Synchronously received reply from 7 with sequence number 0
    InQueue size after: 1
23:43:51.978 [nioEventLoopGroup-14-8] DEBUG bftsmart.proxy - Synchronously received reply from 7 with sequence number 0
=== [V2V Layer 3] DELIVER successful ===
23:43:51.979 [nioEventLoopGroup-18-8] DEBUG bftsmart.proxy - (current reqId: 0) Received reply from 7 with reqId: 0
V2VNativeBridge7: Received message from 6 with length 871
[V2V Layer 7] Received message from replica 6 via JNI
23:43:51.979 [nioEventLoopGroup-14-8] DEBUG bftsmart.proxy - (current reqId: 0) Received reply from 7 with reqId: 0
23:43:51.978 [nioEventLoopGroup-15-8] DEBUG bftsmart.communication.client.netty.NettyClientServerCommunicationSystemClientSide - channelRead0(ChannelHandlerContext ctx, TOMMessage sm).
    [Reliability 7] handleIncomingMessage() called
        Type: DATA
23:43:51.979 [nioEventLoopGroup-15-8] DEBUG bftsmart.proxy - Synchronously received reply from 7 with sequence number 0
        From: 6
        SeqNum: 1
23:43:51.979 [nioEventLoopGroup-15-8] DEBUG bftsmart.proxy - (current reqId: 0) Received reply from 7 with reqId: 0
        Expected seq: 2
        -> DUPLICATE (seq < expected), ignoring
23:43:51.978 [nioEventLoopGroup-17-8] DEBUG bftsmart.proxy - Synchronously received reply from 7 with sequence number 0
V2VNativeBridge2: Received message from 6 with length 871
[V2V Layer 2] Received message from replica 6 via JNI
23:43:51.979 [nioEventLoopGroup-17-8] DEBUG bftsmart.proxy - (current reqId: 0) Received reply from 7 with reqId: 0
    [Reliability 2] handleIncomingMessage() called
        Type: DATA
        From: 6
        SeqNum: 1
23:43:51.978 [nioEventLoopGroup-16-8] DEBUG bftsmart.communication.client.netty.NettyClientServerCommunicationSystemClientSide - channelRead0(ChannelHandlerContext ctx, TOMMessage sm).
        Expected seq: 1
        -> IN ORDER, delivering immediately
    [Reliability 2] deliverMessage() - deserializing payload
23:43:51.979 [nioEventLoopGroup-16-8] DEBUG bftsmart.proxy - Synchronously received reply from 7 with sequence number 0
        Deserialized: ConsensusMessage
        DEBUG: envelope.fromReplicaId=6, message.getSender()=6
=== [V2V Layer 2] DELIVER to BFT-SMaRt ===
    Message type: ConsensusMessage
    From replica: 6
23:43:51.979 [nioEventLoopGroup-16-8] DEBUG bftsmart.proxy - (current reqId: 0) Received reply from 7 with reqId: 0
23:43:51.978 [nioEventLoopGroup-19-8] DEBUG bftsmart.communication.client.netty.NettyClientServerCommunicationSystemClientSide - channelRead0(ChannelHandlerContext ctx, TOMMessage sm).
    InQueue size before: 0
23:43:51.979 [nioEventLoopGroup-19-8] DEBUG bftsmart.proxy - Synchronously received reply from 7 with sequence number 0
23:43:51.978 [nioEventLoopGroup-22-8] DEBUG bftsmart.communication.client.netty.NettyClientServerCommunicationSystemClientSide - channelRead0(ChannelHandlerContext ctx, TOMMessage sm).
    InQueue size after: 1
=== [V2V Layer 2] DELIVER successful ===
V2VNativeBridge1: Received message from 6 with length 871
[V2V Layer 1] Received message from replica 6 via JNI
23:43:51.978 [nioEventLoopGroup-25-8] DEBUG bftsmart.proxy - Synchronously received reply from 7 with sequence number 0
    [Reliability 1] handleIncomingMessage() called
        Type: DATA
        From: 6
        SeqNum: 1
23:43:51.979 [nioEventLoopGroup-25-8] DEBUG bftsmart.proxy - (current reqId: 0) Received reply from 7 with reqId: 0
        Expected seq: 1
        -> IN ORDER, delivering immediately
    [Reliability 1] deliverMessage() - deserializing payload
23:43:51.979 [Server Comm. System] INFO bftsmart.communication.ServerCommunicationSystem - === ServerCommunicationSystem RECEIVED message ===
        Deserialized: ConsensusMessage
        DEBUG: envelope.fromReplicaId=6, message.getSender()=6
=== [V2V Layer 1] DELIVER to BFT-SMaRt ===
    Message type: ConsensusMessage
    From replica: 6
    InQueue size before: 0
23:43:51.979 [Server Comm. System] INFO bftsmart.communication.ServerCommunicationSystem -     Message type: ConsensusMessage
23:43:51.980 [Server Comm. System] INFO bftsmart.communication.ServerCommunicationSystem -     From: 6
23:43:51.979 [nioEventLoopGroup-19-8] DEBUG bftsmart.proxy - (current reqId: 0) Received reply from 7 with reqId: 0
    InQueue size after: 1
=== [V2V Layer 1] DELIVER successful ===
23:43:51.979 [Server Comm. System] INFO bftsmart.communication.ServerCommunicationSystem - === ServerCommunicationSystem RECEIVED message ===
23:43:51.980 [Server Comm. System] INFO bftsmart.communication.ServerCommunicationSystem -     Message type: ConsensusMessage
V2VNativeBridge4: Received message from 6 with length 871
[V2V Layer 4] Received message from replica 6 via JNI
23:43:51.980 [Server Comm. System] INFO bftsmart.communication.ServerCommunicationSystem -     From: 6
23:43:51.980 [Server Comm. System] INFO bftsmart.communication.ServerCommunicationSystem -     Message count: 10
23:43:51.979 [nioEventLoopGroup-22-8] DEBUG bftsmart.proxy - Synchronously received reply from 7 with sequence number 0
23:43:51.980 [nioEventLoopGroup-22-8] DEBUG bftsmart.proxy - (current reqId: 0) Received reply from 7 with reqId: 0
    [Reliability 4] handleIncomingMessage() called
        Type: DATA
        From: 6
        SeqNum: 1
23:43:51.980 [Server Comm. System] INFO bftsmart.communication.ServerCommunicationSystem -     Message count: 10
        Expected seq: 1
        -> IN ORDER, delivering immediately
    [Reliability 4] deliverMessage() - deserializing payload
23:43:51.980 [Server Comm. System] DEBUG bftsmart.communication.ServerCommunicationSystem - <-- receiving, msg:type=ACCEPT, number=0, epoch=0, from=6
        Deserialized: ConsensusMessage
        DEBUG: envelope.fromReplicaId=6, message.getSender()=6
=== [V2V Layer 4] DELIVER to BFT-SMaRt ===
    Message type: ConsensusMessage
    From replica: 6
    InQueue size before: 0
23:43:51.980 [Server Comm. System] DEBUG bftsmart.tom.core.ExecutionManager - Received message  type=ACCEPT, number=0, epoch=0, from=6
    InQueue size after: 1
=== [V2V Layer 4] DELIVER successful ===
23:43:51.980 [Server Comm. System] DEBUG bftsmart.tom.core.ExecutionManager - I'm at consensus 0 and my last consensus is -1
23:43:51.980 [Server Comm. System] INFO bftsmart.communication.ServerCommunicationSystem - === ServerCommunicationSystem RECEIVED message ===
V2VNativeBridge5: Received message from 6 with length 871
[V2V Layer 5] Received message from replica 6 via JNI
23:43:51.980 [Server Comm. System] INFO bftsmart.communication.ServerCommunicationSystem - === ServerCommunicationSystem RECEIVED message ===
23:43:51.980 [Server Comm. System] DEBUG bftsmart.communication.ServerCommunicationSystem - <-- receiving, msg:type=ACCEPT, number=0, epoch=0, from=6
    [Reliability 5] handleIncomingMessage() called
        Type: DATA
        From: 6
        SeqNum: 1
23:43:51.980 [Server Comm. System] DEBUG bftsmart.tom.core.ExecutionManager - Received message  type=ACCEPT, number=0, epoch=0, from=6
23:43:51.980 [Server Comm. System] DEBUG bftsmart.tom.core.ExecutionManager - I'm at consensus 0 and my last consensus is -1
        Expected seq: 1
        -> IN ORDER, delivering immediately
    [Reliability 5] deliverMessage() - deserializing payload
23:43:51.980 [Server Comm. System] DEBUG bftsmart.tom.core.ExecutionManager - Message for consensus 0 can be processed
        Deserialized: ConsensusMessage
        DEBUG: envelope.fromReplicaId=6, message.getSender()=6
=== [V2V Layer 5] DELIVER to BFT-SMaRt ===
    Message type: ConsensusMessage
    From replica: 6
    InQueue size before: 0
23:43:51.980 [Server Comm. System] DEBUG bftsmart.consensus.roles.Acceptor - Processing paxos msg with id 0
23:43:51.980 [Server Comm. System] DEBUG bftsmart.tom.core.ExecutionManager - Message for consensus 0 can be processed
23:43:51.980 [Server Comm. System] DEBUG bftsmart.consensus.roles.Acceptor - ACCEPT from 6 for consensus 0
    InQueue size after: 1
=== [V2V Layer 5] DELIVER successful ===
23:43:51.980 [Server Comm. System] DEBUG bftsmart.consensus.roles.Acceptor - I have 5 ACCEPTs for cId:0, Timestamp:0 
V2VNativeBridge6: Received message from 0 with length 857
[V2V Layer 6] Received message from replica 0 via JNI
23:43:51.981 [Server Comm. System] INFO bftsmart.communication.ServerCommunicationSystem - === Message processed ===
    [Reliability 6] handleIncomingMessage() called
        Type: DATA
        From: 0
        SeqNum: 2
23:43:51.980 [Server Comm. System] INFO bftsmart.communication.ServerCommunicationSystem -     Message type: ConsensusMessage
        Expected seq: 3
        -> DUPLICATE (seq < expected), ignoring
V2VNativeBridge3: Received message from 0 with length 857
[V2V Layer 3] Received message from replica 0 via JNI
23:43:51.981 [Server Comm. System] INFO bftsmart.communication.ServerCommunicationSystem -     From: 6
23:43:51.980 [Server Comm. System] INFO bftsmart.communication.ServerCommunicationSystem -     Message type: ConsensusMessage
    [Reliability 3] handleIncomingMessage() called
        Type: DATA
        From: 0
        SeqNum: 2
23:43:51.981 [Server Comm. System] INFO bftsmart.communication.ServerCommunicationSystem -     From: 6
        Expected seq: 3
        -> DUPLICATE (seq < expected), ignoring
23:43:51.981 [Server Comm. System] INFO bftsmart.communication.ServerCommunicationSystem -     Message count: 12
23:43:51.980 [Server Comm. System] DEBUG bftsmart.consensus.roles.Acceptor - Processing paxos msg with id 0
V2VNativeBridge2: Received message from 0 with length 857
[V2V Layer 2] Received message from replica 0 via JNI
23:43:51.981 [Server Comm. System] DEBUG bftsmart.consensus.roles.Acceptor - ACCEPT from 6 for consensus 0
23:43:51.980 [Server Comm. System] INFO bftsmart.communication.ServerCommunicationSystem - === ServerCommunicationSystem RECEIVED message ===
23:43:51.981 [Server Comm. System] DEBUG bftsmart.consensus.roles.Acceptor - I have 5 ACCEPTs for cId:0, Timestamp:0 
23:43:51.981 [Server Comm. System] INFO bftsmart.communication.ServerCommunicationSystem - === Message processed ===
23:43:51.981 [Server Comm. System] INFO bftsmart.communication.ServerCommunicationSystem -     Message type: ConsensusMessage
    [Reliability 2] handleIncomingMessage() called
        Type: DATA
        From: 0
23:43:51.981 [Server Comm. System] INFO bftsmart.communication.ServerCommunicationSystem -     From: 6
        SeqNum: 2
23:43:51.981 [Server Comm. System] INFO bftsmart.communication.ServerCommunicationSystem -     Message count: 12
        Expected seq: 3
23:43:51.981 [Server Comm. System] DEBUG bftsmart.communication.ServerCommunicationSystem - <-- receiving, msg:type=ACCEPT, number=0, epoch=0, from=6
        -> DUPLICATE (seq < expected), ignoring
V2VNativeBridge4: Received message from 0 with length 857
23:43:51.981 [Server Comm. System] DEBUG bftsmart.tom.core.ExecutionManager - Received message  type=ACCEPT, number=0, epoch=0, from=6
[V2V Layer 4] Received message from replica 0 via JNI
23:43:51.981 [Server Comm. System] DEBUG bftsmart.tom.core.ExecutionManager - I'm at consensus 0 and my last consensus is -1
    [Reliability 4] handleIncomingMessage() called
        Type: DATA
        From: 0
        SeqNum: 2
        Expected seq: 3
23:43:51.981 [Server Comm. System] DEBUG bftsmart.tom.core.ExecutionManager - Message for consensus 0 can be processed
        -> DUPLICATE (seq < expected), ignoring
23:43:51.981 [Server Comm. System] DEBUG bftsmart.consensus.roles.Acceptor - Processing paxos msg with id 0
V2VNativeBridge7: Received message from 0 with length 857
[V2V Layer 7] Received message from replica 0 via JNI
23:43:51.981 [Server Comm. System] DEBUG bftsmart.consensus.roles.Acceptor - ACCEPT from 6 for consensus 0
    [Reliability 7] handleIncomingMessage() called
        Type: DATA
        From: 0
        SeqNum: 2
23:43:51.981 [Server Comm. System] DEBUG bftsmart.communication.ServerCommunicationSystem - <-- receiving, msg:type=ACCEPT, number=0, epoch=0, from=6
23:43:51.982 [Server Comm. System] DEBUG bftsmart.consensus.roles.Acceptor - I have 6 ACCEPTs for cId:0, Timestamp:0 
23:43:51.982 [Server Comm. System] DEBUG bftsmart.consensus.roles.Acceptor - Deciding consensus 0
        Expected seq: 3
23:43:51.982 [Server Comm. System] DEBUG bftsmart.consensus.Consensus - Delivering decision from consensus 0 to the TOMLayer/DeliveryThread
        -> DUPLICATE (seq < expected), ignoring
23:43:51.981 [Server Comm. System] INFO bftsmart.communication.ServerCommunicationSystem -     Message count: 12
23:43:51.982 [Server Comm. System] DEBUG bftsmart.tom.core.DeliveryThread - Using cached requests from the propose.
V2VNativeBridge1: Received message from 0 with length 857
23:43:51.982 [Server Comm. System] DEBUG bftsmart.clientsmanagement.ClientsManager - Updating client manager
[V2V Layer 1] Received message from replica 0 via JNI
23:43:51.982 [Server Comm. System] DEBUG bftsmart.communication.ServerCommunicationSystem - <-- receiving, msg:type=ACCEPT, number=0, epoch=0, from=6
23:43:51.982 [Server Comm. System] DEBUG bftsmart.tom.core.ExecutionManager - Received message  type=ACCEPT, number=0, epoch=0, from=6
    [Reliability 1] handleIncomingMessage() called
        Type: DATA
        From: 0
        SeqNum: 2
23:43:51.982 [Server Comm. System] DEBUG bftsmart.tom.core.ExecutionManager - I'm at consensus 0 and my last consensus is -1
        Expected seq: 3
        -> DUPLICATE (seq < expected), ignoring
23:43:51.982 [Server Comm. System] DEBUG bftsmart.tom.core.ExecutionManager - Message for consensus 0 can be processed
V2VNativeBridge5: Received message from 0 with length 857
[V2V Layer 5] Received message from replica 0 via JNI
23:43:51.982 [Server Comm. System] DEBUG bftsmart.consensus.roles.Acceptor - Processing paxos msg with id 0
    [Reliability 5] handleIncomingMessage() called
        Type: DATA
        From: 0
        SeqNum: 2
23:43:51.982 [Server Comm. System] DEBUG bftsmart.consensus.roles.Acceptor - ACCEPT from 6 for consensus 0
23:43:51.982 [Server Comm. System] DEBUG bftsmart.tom.core.ExecutionManager - Received message  type=ACCEPT, number=0, epoch=0, from=6
        Expected seq: 3
        -> DUPLICATE (seq < expected), ignoring
23:43:51.982 [Server Comm. System] DEBUG bftsmart.tom.core.ExecutionManager - I'm at consensus 0 and my last consensus is -1
23:43:51.982 [Server Comm. System] DEBUG bftsmart.tom.core.ExecutionManager - Message for consensus 0 can be processed
23:43:51.982 [Server Comm. System] DEBUG bftsmart.clientsmanagement.ClientsManager - Finished updating client manager
V2VNativeBridge6: Received message from 0 with length 857
[V2V Layer 6] Received message from replica 0 via JNI
23:43:51.982 [Server Comm. System] DEBUG bftsmart.tom.core.DeliveryThread - Consensus 0 finished. Decided size=1
    [Reliability 6] handleIncomingMessage() called
        Type: DATA
        From: 0
        SeqNum: 2
23:43:51.982 [Server Comm. System] DEBUG bftsmart.tom.core.DeliveryThread - Decision from consensus 0 does not contain reconfiguration
23:43:51.982 [Server Comm. System] DEBUG bftsmart.consensus.roles.Acceptor - I have 6 ACCEPTs for cId:0, Timestamp:0 
        Expected seq: 3
        -> DUPLICATE (seq < expected), ignoring
23:43:51.982 [Server Comm. System] DEBUG bftsmart.consensus.roles.Acceptor - Deciding consensus 0
23:43:51.982 [Server Comm. System] DEBUG bftsmart.consensus.Consensus - Delivering decision from consensus 0 to the TOMLayer/DeliveryThread
23:43:51.982 [Server Comm. System] DEBUG bftsmart.consensus.roles.Acceptor - Processing paxos msg with id 0
23:43:51.982 [Server Comm. System] DEBUG bftsmart.tom.core.DeliveryThread - Using cached requests from the propose.
23:43:51.982 [Server Comm. System] DEBUG bftsmart.clientsmanagement.ClientsManager - Updating client manager
V2VNativeBridge3: Received message from 0 with length 857
[V2V Layer 3] Received message from replica 0 via JNI
23:43:51.982 [Server Comm. System] DEBUG bftsmart.tom.core.TOMLayer - Setting last exec to 0
    [Reliability 3] handleIncomingMessage() called
        Type: DATA
        From: 0
        SeqNum: 2
23:43:51.982 [Server Comm. System] DEBUG bftsmart.clientsmanagement.ClientsManager - Finished updating client manager
        Expected seq: 3
23:43:51.982 [Server Comm. System] DEBUG bftsmart.tom.core.DeliveryThread - Consensus 0 finished. Decided size=1
        -> DUPLICATE (seq < expected), ignoring
23:43:51.982 [Server Comm. System] DEBUG bftsmart.tom.core.DeliveryThread - Decision from consensus 0 does not contain reconfiguration
23:43:51.982 [Server Comm. System] DEBUG bftsmart.tom.core.TOMLayer - Setting last exec to 0
23:43:51.982 [Server Comm. System] DEBUG bftsmart.tom.core.TOMLayer - Modifying inExec from 0 to -1
23:43:51.982 [Server Comm. System] INFO bftsmart.communication.ServerCommunicationSystem - === Message processed ===
23:43:51.982 [Server Comm. System] DEBUG bftsmart.consensus.roles.Acceptor - ACCEPT from 6 for consensus 0
23:43:51.982 [Delivery Thread] DEBUG bftsmart.tom.core.DeliveryThread - Current size of the decided queue: 1
23:43:51.982 [Delivery Thread] DEBUG bftsmart.tom.core.DeliveryThread - Using cached requests from the propose.
23:43:51.982 [Delivery Thread] DEBUG bftsmart.tom.ServiceReplica - Processing TOMMessage from client 1000 with sequence number 0 for session 1793886036 decided in consensus 0
23:43:51.982 [Delivery Thread] DEBUG bftsmart.tom.ServiceReplica - Batching request from 1000
23:43:51.982 [Delivery Thread] DEBUG bftsmart.tom.ServiceReplica - Processing TOMMessage from client 1001 with sequence number 0 for session -1061421973 decided in consensus 0
23:43:51.983 [Delivery Thread] DEBUG bftsmart.tom.ServiceReplica - Batching request from 1001
23:43:51.983 [Delivery Thread] DEBUG bftsmart.tom.ServiceReplica - Processing TOMMessage from client 1002 with sequence number 0 for session -855615671 decided in consensus 0
23:43:51.983 [Delivery Thread] DEBUG bftsmart.tom.ServiceReplica - Batching request from 1002
23:43:51.982 [Server Comm. System] DEBUG bftsmart.tom.core.TOMLayer - Modifying inExec from 0 to -1
23:43:51.982 [Server Comm. System] DEBUG bftsmart.consensus.roles.Acceptor - I have 6 ACCEPTs for cId:0, Timestamp:0 
23:43:51.983 [Delivery Thread] DEBUG bftsmart.tom.core.DeliveryThread - Current size of the decided queue: 1
23:43:51.983 [Delivery Thread] DEBUG bftsmart.tom.core.DeliveryThread - Using cached requests from the propose.
23:43:51.983 [Server Comm. System] DEBUG bftsmart.consensus.roles.Acceptor - Deciding consensus 0
23:43:51.983 [Server Comm. System] DEBUG bftsmart.consensus.Consensus - Delivering decision from consensus 0 to the TOMLayer/DeliveryThread
23:43:51.983 [Delivery Thread] DEBUG bftsmart.tom.ServiceReplica - Processing TOMMessage from client 1003 with sequence number 0 for session 210244978 decided in consensus 0
23:43:51.983 [Delivery Thread] DEBUG bftsmart.tom.ServiceReplica - Batching request from 1003
23:43:51.983 [Delivery Thread] DEBUG bftsmart.tom.ServiceReplica - Processing TOMMessage from client 1004 with sequence number 0 for session 1482353715 decided in consensus 0
23:43:51.983 [Delivery Thread] DEBUG bftsmart.tom.ServiceReplica - Batching request from 1004
23:43:51.983 [Server Comm. System] INFO bftsmart.communication.ServerCommunicationSystem - === Message processed ===
23:43:51.983 [Delivery Thread] DEBUG bftsmart.tom.ServiceReplica - Processing TOMMessage from client 1000 with sequence number 0 for session 1793886036 decided in consensus 0
23:43:51.983 [Delivery Thread] DEBUG bftsmart.tom.ServiceReplica - Batching request from 1000
23:43:51.983 [Server Comm. System] DEBUG bftsmart.tom.core.DeliveryThread - Using cached requests from the propose.
23:43:51.983 [Delivery Thread] DEBUG bftsmart.tom.ServiceReplica - Processing TOMMessage from client 1005 with sequence number 0 for session 1157526196 decided in consensus 0
23:43:51.983 [Delivery Thread] DEBUG bftsmart.tom.ServiceReplica - Batching request from 1005
23:43:51.983 [Delivery Thread] DEBUG bftsmart.tom.ServiceReplica - Processing TOMMessage from client 1006 with sequence number 0 for session -1933597427 decided in consensus 0
23:43:51.983 [Delivery Thread] DEBUG bftsmart.tom.ServiceReplica - Processing TOMMessage from client 1001 with sequence number 0 for session -1061421973 decided in consensus 0
23:43:51.983 [Delivery Thread] DEBUG bftsmart.tom.ServiceReplica - Batching request from 1001
23:43:51.983 [Delivery Thread] DEBUG bftsmart.tom.ServiceReplica - Processing TOMMessage from client 1002 with sequence number 0 for session -855615671 decided in consensus 0
23:43:51.983 [Delivery Thread] DEBUG bftsmart.tom.ServiceReplica - Batching request from 1002
23:43:51.983 [Server Comm. System] DEBUG bftsmart.clientsmanagement.ClientsManager - Updating client manager
23:43:51.983 [Delivery Thread] DEBUG bftsmart.tom.ServiceReplica - Batching request from 1006
23:43:51.983 [Server Comm. System] DEBUG bftsmart.clientsmanagement.ClientsManager - Finished updating client manager
23:43:51.983 [Server Comm. System] DEBUG bftsmart.tom.core.DeliveryThread - Consensus 0 finished. Decided size=1
23:43:51.983 [Server Comm. System] DEBUG bftsmart.tom.core.DeliveryThread - Decision from consensus 0 does not contain reconfiguration
23:43:51.983 [Server Comm. System] DEBUG bftsmart.tom.core.TOMLayer - Setting last exec to 0
23:43:51.983 [Server Comm. System] DEBUG bftsmart.tom.core.TOMLayer - Modifying inExec from 0 to -1
23:43:51.983 [Delivery Thread] DEBUG bftsmart.tom.ServiceReplica - Processing TOMMessage from client 1003 with sequence number 0 for session 210244978 decided in consensus 0
23:43:51.983 [Server Comm. System] INFO bftsmart.communication.ServerCommunicationSystem - === Message processed ===
23:43:51.983 [Delivery Thread] DEBUG bftsmart.tom.core.DeliveryThread - Current size of the decided queue: 1
23:43:51.983 [Delivery Thread] DEBUG bftsmart.tom.core.DeliveryThread - Using cached requests from the propose.
23:43:51.983 [Delivery Thread] DEBUG bftsmart.tom.ServiceReplica - Processing TOMMessage from client 1000 with sequence number 0 for session 1793886036 decided in consensus 0
23:43:51.983 [Delivery Thread] DEBUG bftsmart.tom.ServiceReplica - Batching request from 1000
23:43:51.983 [Delivery Thread] DEBUG bftsmart.tom.ServiceReplica - Processing TOMMessage from client 1001 with sequence number 0 for session -1061421973 decided in consensus 0
23:43:51.983 [Delivery Thread] DEBUG bftsmart.tom.ServiceReplica - Batching request from 1001
23:43:51.983 [Delivery Thread] DEBUG bftsmart.tom.ServiceReplica - Processing TOMMessage from client 1002 with sequence number 0 for session -855615671 decided in consensus 0
23:43:51.983 [Delivery Thread] DEBUG bftsmart.tom.ServiceReplica - Processing TOMMessage from client 1007 with sequence number 0 for session -411163298 decided in consensus 0
23:43:51.983 [Delivery Thread] DEBUG bftsmart.tom.ServiceReplica - Batching request from 1007
23:43:51.983 [Delivery Thread] DEBUG bftsmart.tom.ServiceReplica - Batching request from 1003
23:43:51.983 [Delivery Thread] DEBUG bftsmart.tom.ServiceReplica - Processing TOMMessage from client 1004 with sequence number 0 for session 1482353715 decided in consensus 0
[BATCH] Buffered JOIN from CAR_0 (buffer size: 1/8)
[BATCH] Buffered JOIN from CAR_1 (buffer size: 2/8)
[BATCH] Buffered JOIN from CAR_2 (buffer size: 3/8)
[BATCH] Buffered JOIN from CAR_3 (buffer size: 4/8)
[BATCH] Buffered JOIN from CAR_4 (buffer size: 5/8)
[BATCH] Buffered JOIN from CAR_5 (buffer size: 6/8)
[BATCH] Buffered JOIN from CAR_6 (buffer size: 7/8)
[BATCH] Buffered JOIN from CAR_7 (buffer size: 8/8)

[BATCH] ===== TRIGGERING CONSENSUS: We have 8 cars! =====
23:43:51.983 [Delivery Thread] DEBUG bftsmart.tom.ServiceReplica - Batching request from 1004
23:43:51.983 [Delivery Thread] DEBUG bftsmart.tom.ServiceReplica - Batching request from 1002
23:43:51.983 [Delivery Thread] DEBUG bftsmart.tom.ServiceReplica - Processing TOMMessage from client 1005 with sequence number 0 for session 1157526196 decided in consensus 0
23:43:51.983 [Delivery Thread] DEBUG bftsmart.tom.ServiceReplica - Processing TOMMessage from client 1003 with sequence number 0 for session 210244978 decided in consensus 0
23:43:51.983 [Delivery Thread] DEBUG bftsmart.tom.ServiceReplica - Batching request from 1005
23:43:51.983 [Delivery Thread] DEBUG bftsmart.tom.ServiceReplica - Processing TOMMessage from client 1006 with sequence number 0 for session -1933597427 decided in consensus 0
23:43:51.983 [Delivery Thread] DEBUG bftsmart.tom.ServiceReplica - Batching request from 1003
23:43:51.983 [Delivery Thread] DEBUG bftsmart.tom.ServiceReplica - Batching request from 1006
23:43:51.983 [Delivery Thread] DEBUG bftsmart.tom.ServiceReplica - Processing TOMMessage from client 1004 with sequence number 0 for session 1482353715 decided in consensus 0
23:43:51.983 [Delivery Thread] DEBUG bftsmart.tom.ServiceReplica - Processing TOMMessage from client 1007 with sequence number 0 for session -411163298 decided in consensus 0
23:43:51.983 [Delivery Thread] DEBUG bftsmart.tom.ServiceReplica - Batching request from 1004
23:43:51.983 [Delivery Thread] DEBUG bftsmart.tom.ServiceReplica - Batching request from 1007
23:43:51.983 [Delivery Thread] DEBUG bftsmart.tom.ServiceReplica - Processing TOMMessage from client 1005 with sequence number 0 for session 1157526196 decided in consensus 0
23:43:51.983 [Delivery Thread] DEBUG bftsmart.tom.ServiceReplica - Batching request from 1005
[BATCH] ===== CONSENSUS COMPLETE =====
[BATCH] Final Decision: CAR_0:POS:0;CAR_1:POS:1;CAR_2:POS:2;CAR_3:POS:3;CAR_4:POS:4;CAR_5:POS:5;CAR_6:POS:6;CAR_7:POS:7
[BATCH] All subsequent requests will receive this decision

[BATCH] JOIN request after consensus complete - returning decision: CAR_0:POS:0;CAR_1:POS:1;CAR_2:POS:2;CAR_3:POS:3;CAR_4:POS:4;CAR_5:POS:5;CAR_6:POS:6;CAR_7:POS:7
[BATCH] JOIN request after consensus complete - returning decision: CAR_0:POS:0;CAR_1:POS:1;CAR_2:POS:2;CAR_3:POS:3;CAR_4:POS:4;CAR_5:POS:5;CAR_6:POS:6;CAR_7:POS:7
[BATCH] JOIN request after consensus complete - returning decision: CAR_0:POS:0;CAR_1:POS:1;CAR_2:POS:2;CAR_3:POS:3;CAR_4:POS:4;CAR_5:POS:5;CAR_6:POS:6;CAR_7:POS:7
[BATCH] JOIN request after consensus complete - returning decision: CAR_0:POS:0;CAR_1:POS:1;CAR_2:POS:2;CAR_3:POS:3;CAR_4:POS:4;CAR_5:POS:5;CAR_6:POS:6;CAR_7:POS:7
[BATCH] JOIN request after consensus complete - returning decision: CAR_0:POS:0;CAR_1:POS:1;CAR_2:POS:2;CAR_3:POS:3;CAR_4:POS:4;CAR_5:POS:5;CAR_6:POS:6;CAR_7:POS:7
[BATCH] JOIN request after consensus complete - returning decision: CAR_0:POS:0;CAR_1:POS:1;CAR_2:POS:2;CAR_3:POS:3;CAR_4:POS:4;CAR_5:POS:5;CAR_6:POS:6;CAR_7:POS:7
[BATCH] JOIN request after consensus complete - returning decision: CAR_0:POS:0;CAR_1:POS:1;CAR_2:POS:2;CAR_3:POS:3;CAR_4:POS:4;CAR_5:POS:5;CAR_6:POS:6;CAR_7:POS:7
[BATCH] JOIN request after consensus complete - returning decision: CAR_0:POS:0;CAR_1:POS:1;CAR_2:POS:2;CAR_3:POS:3;CAR_4:POS:4;CAR_5:POS:5;CAR_6:POS:6;CAR_7:POS:7
23:43:51.983 [Delivery Thread] DEBUG bftsmart.tom.ServiceReplica - Processing TOMMessage from client 1006 with sequence number 0 for session -1933597427 decided in consensus 0
[BATCH] Buffered JOIN from CAR_0 (buffer size: 1/8)
[BATCH] Buffered JOIN from CAR_1 (buffer size: 2/8)
[BATCH] Buffered JOIN from CAR_2 (buffer size: 3/8)
[BATCH] Buffered JOIN from CAR_3 (buffer size: 4/8)
23:43:51.984 [Delivery Thread] DEBUG bftsmart.tom.ServiceReplica - Batching request from 1006
[BATCH] Buffered JOIN from CAR_4 (buffer size: 5/8)
23:43:51.984 [Delivery Thread] DEBUG bftsmart.tom.ServiceReplica - Processing TOMMessage from client 1007 with sequence number 0 for session -411163298 decided in consensus 0
23:43:51.984 [Delivery Thread] DEBUG bftsmart.tom.ServiceReplica - Batching request from 1007
[BATCH] Buffered JOIN from CAR_5 (buffer size: 6/8)
[BATCH] Buffered JOIN from CAR_0 (buffer size: 1/8)
[BATCH] Buffered JOIN from CAR_1 (buffer size: 2/8)
[BATCH] Buffered JOIN from CAR_2 (buffer size: 3/8)
[BATCH] Buffered JOIN from CAR_3 (buffer size: 4/8)
[BATCH] Buffered JOIN from CAR_4 (buffer size: 5/8)
[BATCH] Buffered JOIN from CAR_5 (buffer size: 6/8)
[BATCH] Buffered JOIN from CAR_6 (buffer size: 7/8)
[BATCH] Buffered JOIN from CAR_7 (buffer size: 8/8)

[BATCH] ===== TRIGGERING CONSENSUS: We have 8 cars! =====
(1) Round 1 processed 8 cmd(s). App time: 0.264 ms
[BATCH] ===== CONSENSUS COMPLETE =====
[BATCH] Final Decision: CAR_0:POS:0;CAR_1:POS:1;CAR_2:POS:2;CAR_3:POS:3;CAR_4:POS:4;CAR_5:POS:5;CAR_6:POS:6;CAR_7:POS:7
[BATCH] All subsequent requests will receive this decision

[BATCH] JOIN request after consensus complete - returning decision: CAR_0:POS:0;CAR_1:POS:1;CAR_2:POS:2;CAR_3:POS:3;CAR_4:POS:4;CAR_5:POS:5;CAR_6:POS:6;CAR_7:POS:7
[BATCH] JOIN request after consensus complete - returning decision: CAR_0:POS:0;CAR_1:POS:1;CAR_2:POS:2;CAR_3:POS:3;CAR_4:POS:4;CAR_5:POS:5;CAR_6:POS:6;CAR_7:POS:7
[BATCH] Buffered JOIN from CAR_6 (buffer size: 7/8)
   joinBuffer = {CAR_7=1.769154231983E9, CAR_5=1.769154231983E9, CAR_6=1.769154231983E9, CAR_3=1.769154231983E9, CAR_4=1.769154231983E9, CAR_1=1.769154231983E9, CAR_2=1.769154231983E9, CAR_0=1.769154231983E9}
   batchProcessed = true
   finalDecision = CAR_0:POS:0;CAR_1:POS:1;CAR_2:POS:2;CAR_3:POS:3;CAR_4:POS:4;CAR_5:POS:5;CAR_6:POS:6;CAR_7:POS:7
[BATCH] JOIN request after consensus complete - returning decision: CAR_0:POS:0;CAR_1:POS:1;CAR_2:POS:2;CAR_3:POS:3;CAR_4:POS:4;CAR_5:POS:5;CAR_6:POS:6;CAR_7:POS:7
[BATCH] JOIN request after consensus complete - returning decision: CAR_0:POS:0;CAR_1:POS:1;CAR_2:POS:2;CAR_3:POS:3;CAR_4:POS:4;CAR_5:POS:5;CAR_6:POS:6;CAR_7:POS:7
[BATCH] JOIN request after consensus complete - returning decision: CAR_0:POS:0;CAR_1:POS:1;CAR_2:POS:2;CAR_3:POS:3;CAR_4:POS:4;CAR_5:POS:5;CAR_6:POS:6;CAR_7:POS:7
[BATCH] JOIN request after consensus complete - returning decision: CAR_0:POS:0;CAR_1:POS:1;CAR_2:POS:2;CAR_3:POS:3;CAR_4:POS:4;CAR_5:POS:5;CAR_6:POS:6;CAR_7:POS:7
[BATCH] JOIN request after consensus complete - returning decision: CAR_0:POS:0;CAR_1:POS:1;CAR_2:POS:2;CAR_3:POS:3;CAR_4:POS:4;CAR_5:POS:5;CAR_6:POS:6;CAR_7:POS:7
[BATCH] JOIN request after consensus complete - returning decision: CAR_0:POS:0;CAR_1:POS:1;CAR_2:POS:2;CAR_3:POS:3;CAR_4:POS:4;CAR_5:POS:5;CAR_6:POS:6;CAR_7:POS:7
[BATCH] Buffered JOIN from CAR_7 (buffer size: 8/8)

[BATCH] ===== TRIGGERING CONSENSUS: We have 8 cars! =====
23:43:51.984 [Delivery Thread] DEBUG bftsmart.tom.ServiceReplica - Sending reply to 1000 with sequence number 0 and operation ID 0 via ReplyManager
[BATCH] ===== CONSENSUS COMPLETE =====
[BATCH] Final Decision: CAR_0:POS:0;CAR_1:POS:1;CAR_2:POS:2;CAR_3:POS:3;CAR_4:POS:4;CAR_5:POS:5;CAR_6:POS:6;CAR_7:POS:7
[BATCH] All subsequent requests will receive this decision

[BATCH] JOIN request after consensus complete - returning decision: CAR_0:POS:0;CAR_1:POS:1;CAR_2:POS:2;CAR_3:POS:3;CAR_4:POS:4;CAR_5:POS:5;CAR_6:POS:6;CAR_7:POS:7
23:43:51.984 [Delivery Thread] DEBUG bftsmart.tom.ServiceReplica - Sending reply to 1001 with sequence number 0 and operation ID 0 via ReplyManager
[BATCH] JOIN request after consensus complete - returning decision: CAR_0:POS:0;CAR_1:POS:1;CAR_2:POS:2;CAR_3:POS:3;CAR_4:POS:4;CAR_5:POS:5;CAR_6:POS:6;CAR_7:POS:7
[BATCH] JOIN request after consensus complete - returning decision: CAR_0:POS:0;CAR_1:POS:1;CAR_2:POS:2;CAR_3:POS:3;CAR_4:POS:4;CAR_5:POS:5;CAR_6:POS:6;CAR_7:POS:7
[BATCH] JOIN request after consensus complete - returning decision: CAR_0:POS:0;CAR_1:POS:1;CAR_2:POS:2;CAR_3:POS:3;CAR_4:POS:4;CAR_5:POS:5;CAR_6:POS:6;CAR_7:POS:7
[BATCH] JOIN request after consensus complete - returning decision: CAR_0:POS:0;CAR_1:POS:1;CAR_2:POS:2;CAR_3:POS:3;CAR_4:POS:4;CAR_5:POS:5;CAR_6:POS:6;CAR_7:POS:7
[BATCH] JOIN request after consensus complete - returning decision: CAR_0:POS:0;CAR_1:POS:1;CAR_2:POS:2;CAR_3:POS:3;CAR_4:POS:4;CAR_5:POS:5;CAR_6:POS:6;CAR_7:POS:7
[BATCH] JOIN request after consensus complete - returning decision: CAR_0:POS:0;CAR_1:POS:1;CAR_2:POS:2;CAR_3:POS:3;CAR_4:POS:4;CAR_5:POS:5;CAR_6:POS:6;CAR_7:POS:7
(1) Round 1 processed 8 cmd(s). App time: 0.211 ms
[BATCH] JOIN request after consensus complete - returning decision: CAR_0:POS:0;CAR_1:POS:1;CAR_2:POS:2;CAR_3:POS:3;CAR_4:POS:4;CAR_5:POS:5;CAR_6:POS:6;CAR_7:POS:7
23:43:51.984 [Delivery Thread] DEBUG bftsmart.tom.ServiceReplica - Sending reply to 1002 with sequence number 0 and operation ID 0 via ReplyManager
   joinBuffer = {CAR_7=1.769154231984E9, CAR_5=1.769154231984E9, CAR_6=1.769154231984E9, CAR_3=1.769154231984E9, CAR_4=1.769154231984E9, CAR_1=1.769154231984E9, CAR_2=1.769154231984E9, CAR_0=1.769154231984E9}
   batchProcessed = true
23:43:51.984 [Delivery Thread] DEBUG bftsmart.tom.ServiceReplica - Sending reply to 1003 with sequence number 0 and operation ID 0 via ReplyManager
   finalDecision = CAR_0:POS:0;CAR_1:POS:1;CAR_2:POS:2;CAR_3:POS:3;CAR_4:POS:4;CAR_5:POS:5;CAR_6:POS:6;CAR_7:POS:7
23:43:51.984 [Delivery Thread] DEBUG bftsmart.tom.ServiceReplica - Sending reply to 1004 with sequence number 0 and operation ID 0 via ReplyManager
(1) Round 1 processed 8 cmd(s). App time: 0.623 ms
23:43:51.984 [Delivery Thread] DEBUG bftsmart.tom.ServiceReplica - Sending reply to 1000 with sequence number 0 and operation ID 0 via ReplyManager
   joinBuffer = {CAR_7=1.769154231984E9, CAR_5=1.769154231984E9, CAR_6=1.769154231984E9, CAR_3=1.769154231984E9, CAR_4=1.769154231984E9, CAR_1=1.769154231984E9, CAR_2=1.769154231984E9, CAR_0=1.769154231984E9}
   batchProcessed = true
   finalDecision = CAR_0:POS:0;CAR_1:POS:1;CAR_2:POS:2;CAR_3:POS:3;CAR_4:POS:4;CAR_5:POS:5;CAR_6:POS:6;CAR_7:POS:7
23:43:51.984 [Delivery Thread] DEBUG bftsmart.tom.ServiceReplica - Sending reply to 1005 with sequence number 0 and operation ID 0 via ReplyManager
23:43:51.984 [Delivery Thread] DEBUG bftsmart.tom.ServiceReplica - Sending reply to 1001 with sequence number 0 and operation ID 0 via ReplyManager
V2VNativeBridge0: Received message from 6 with length 857
[V2V Layer 0] Received message from replica 6 via JNI
23:43:51.984 [Delivery Thread] DEBUG bftsmart.tom.ServiceReplica - Sending reply to 1000 with sequence number 0 and operation ID 0 via ReplyManager
23:43:51.984 [Delivery Thread] DEBUG bftsmart.tom.ServiceReplica - Sending reply to 1006 with sequence number 0 and operation ID 0 via ReplyManager
23:43:51.985 [Delivery Thread] DEBUG bftsmart.tom.ServiceReplica - Sending reply to 1001 with sequence number 0 and operation ID 0 via ReplyManager
23:43:51.985 [Delivery Thread] DEBUG bftsmart.tom.ServiceReplica - Sending reply to 1007 with sequence number 0 and operation ID 0 via ReplyManager
23:43:51.985 [Delivery Thread] DEBUG bftsmart.tom.ServiceReplica - Sending reply to 1002 with sequence number 0 and operation ID 0 via ReplyManager
23:43:51.985 [Delivery Thread] DEBUG bftsmart.tom.ServiceReplica - Sending reply to 1003 with sequence number 0 and operation ID 0 via ReplyManager
23:43:51.985 [Delivery Thread] DEBUG bftsmart.tom.ServiceReplica - Sending reply to 1002 with sequence number 0 and operation ID 0 via ReplyManager
23:43:51.985 [Delivery Thread] DEBUG bftsmart.tom.ServiceReplica - Sending reply to 1004 with sequence number 0 and operation ID 0 via ReplyManager
23:43:51.985 [Delivery Thread] DEBUG bftsmart.tom.ServiceReplica - BATCHEXECUTOR END
23:43:51.985 [Delivery Thread] DEBUG bftsmart.tom.ServiceReplica - Sending reply to 1005 with sequence number 0 and operation ID 0 via ReplyManager
    [Reliability 0] handleIncomingMessage() called
        Type: DATA
        From: 6
        SeqNum: 1
23:43:51.985 [Delivery Thread] DEBUG bftsmart.tom.ServiceReplica - Sending reply to 1003 with sequence number 0 and operation ID 0 via ReplyManager
        Expected seq: 2
23:43:51.985 [nioEventLoopGroup-25-5] DEBUG bftsmart.communication.client.netty.NettyTOMMessageDecoder - Decoded reply from 4 with sequence number 0
        -> DUPLICATE (seq < expected), ignoring
23:43:51.985 [nioEventLoopGroup-18-5] DEBUG bftsmart.communication.client.netty.NettyTOMMessageDecoder - Decoded reply from 4 with sequence number 0
23:43:51.985 [nioEventLoopGroup-25-5] DEBUG bftsmart.communication.client.netty.NettyClientServerCommunicationSystemClientSide - channelRead0(ChannelHandlerContext ctx, TOMMessage sm).
23:43:51.985 [Delivery Thread] DEBUG bftsmart.tom.ServiceReplica - Sending reply to 1004 with sequence number 0 and operation ID 0 via ReplyManager
23:43:51.985 [nioEventLoopGroup-25-5] DEBUG bftsmart.proxy - Synchronously received reply from 4 with sequence number 0
23:43:51.985 [nioEventLoopGroup-25-5] DEBUG bftsmart.proxy - (current reqId: 0) Received reply from 4 with reqId: 0
V2VNativeBridge3: Received message from 6 with length 857
[V2V Layer 3] Received message from replica 6 via JNI
23:43:51.985 [Delivery Thread] DEBUG bftsmart.tom.ServiceReplica - Sending reply to 1005 with sequence number 0 and operation ID 0 via ReplyManager
23:43:51.985 [nioEventLoopGroup-15-5] DEBUG bftsmart.communication.client.netty.NettyTOMMessageDecoder - Decoded reply from 4 with sequence number 0
23:43:51.985 [nioEventLoopGroup-18-5] DEBUG bftsmart.communication.client.netty.NettyClientServerCommunicationSystemClientSide - channelRead0(ChannelHandlerContext ctx, TOMMessage sm).
23:43:51.985 [nioEventLoopGroup-15-5] DEBUG bftsmart.communication.client.netty.NettyClientServerCommunicationSystemClientSide - channelRead0(ChannelHandlerContext ctx, TOMMessage sm).
23:43:51.985 [nioEventLoopGroup-18-5] DEBUG bftsmart.proxy - Synchronously received reply from 4 with sequence number 0
23:43:51.985 [nioEventLoopGroup-14-5] DEBUG bftsmart.communication.client.netty.NettyTOMMessageDecoder - Decoded reply from 4 with sequence number 0
23:43:51.985 [nioEventLoopGroup-14-2] DEBUG bftsmart.communication.client.netty.NettyTOMMessageDecoder - Decoded reply from 1 with sequence number 0
23:43:51.985 [nioEventLoopGroup-19-2] DEBUG bftsmart.communication.client.netty.NettyTOMMessageDecoder - Decoded reply from 1 with sequence number 0
23:43:51.985 [nioEventLoopGroup-14-5] DEBUG bftsmart.communication.client.netty.NettyClientServerCommunicationSystemClientSide - channelRead0(ChannelHandlerContext ctx, TOMMessage sm).
23:43:51.985 [nioEventLoopGroup-14-5] DEBUG bftsmart.proxy - Synchronously received reply from 4 with sequence number 0
23:43:51.985 [nioEventLoopGroup-14-5] DEBUG bftsmart.proxy - (current reqId: 0) Received reply from 4 with reqId: 0
23:43:51.985 [nioEventLoopGroup-25-2] DEBUG bftsmart.communication.client.netty.NettyTOMMessageDecoder - Decoded reply from 1 with sequence number 0
    [Reliability 3] handleIncomingMessage() called
23:43:51.985 [nioEventLoopGroup-22-5] DEBUG bftsmart.communication.client.netty.NettyTOMMessageDecoder - Decoded reply from 4 with sequence number 0
        Type: DATA
        From: 6
23:43:51.985 [nioEventLoopGroup-25-2] DEBUG bftsmart.communication.client.netty.NettyClientServerCommunicationSystemClientSide - channelRead0(ChannelHandlerContext ctx, TOMMessage sm).
        SeqNum: 1
23:43:51.985 [nioEventLoopGroup-25-2] DEBUG bftsmart.proxy - Synchronously received reply from 1 with sequence number 0
23:43:51.985 [nioEventLoopGroup-25-2] DEBUG bftsmart.proxy - (current reqId: 0) Received reply from 1 with reqId: 0
23:43:51.985 [nioEventLoopGroup-22-5] DEBUG bftsmart.communication.client.netty.NettyClientServerCommunicationSystemClientSide - channelRead0(ChannelHandlerContext ctx, TOMMessage sm).
23:43:51.985 [nioEventLoopGroup-22-5] DEBUG bftsmart.proxy - Synchronously received reply from 4 with sequence number 0
23:43:51.985 [nioEventLoopGroup-22-5] DEBUG bftsmart.proxy - (current reqId: 0) Received reply from 4 with reqId: 0
23:43:51.985 [nioEventLoopGroup-16-5] DEBUG bftsmart.communication.client.netty.NettyTOMMessageDecoder - Decoded reply from 4 with sequence number 0
        Expected seq: 2
23:43:51.985 [nioEventLoopGroup-25-2] DEBUG bftsmart.proxy - Comparing 3 responses with response from 1
        -> DUPLICATE (seq < expected), ignoring
23:43:51.985 [nioEventLoopGroup-16-5] DEBUG bftsmart.communication.client.netty.NettyClientServerCommunicationSystemClientSide - channelRead0(ChannelHandlerContext ctx, TOMMessage sm).
23:43:51.985 [nioEventLoopGroup-22-6] DEBUG bftsmart.communication.client.netty.NettyTOMMessageDecoder - Decoded reply from 5 with sequence number 0
23:43:51.985 [nioEventLoopGroup-16-5] DEBUG bftsmart.proxy - Synchronously received reply from 4 with sequence number 0
V2VNativeBridge7: Received message from 6 with length 857
[V2V Layer 7] Received message from replica 6 via JNI
23:43:51.985 [nioEventLoopGroup-19-5] DEBUG bftsmart.communication.client.netty.NettyTOMMessageDecoder - Decoded reply from 4 with sequence number 0
23:43:51.985 [nioEventLoopGroup-22-6] DEBUG bftsmart.communication.client.netty.NettyClientServerCommunicationSystemClientSide - channelRead0(ChannelHandlerContext ctx, TOMMessage sm).
23:43:51.985 [Delivery Thread] DEBUG bftsmart.tom.ServiceReplica - Sending reply to 1006 with sequence number 0 and operation ID 0 via ReplyManager
23:43:51.985 [nioEventLoopGroup-17-2] DEBUG bftsmart.communication.client.netty.NettyTOMMessageDecoder - Decoded reply from 1 with sequence number 0
    [Reliability 7] handleIncomingMessage() called
        Type: DATA
23:43:51.985 [nioEventLoopGroup-25-6] DEBUG bftsmart.communication.client.netty.NettyTOMMessageDecoder - Decoded reply from 5 with sequence number 0
        From: 6
        SeqNum: 1
23:43:51.986 [Delivery Thread] DEBUG bftsmart.tom.ServiceReplica - Sending reply to 1007 with sequence number 0 and operation ID 0 via ReplyManager
        Expected seq: 2
        -> DUPLICATE (seq < expected), ignoring
23:43:51.985 [nioEventLoopGroup-17-5] DEBUG bftsmart.communication.client.netty.NettyTOMMessageDecoder - Decoded reply from 4 with sequence number 0
V2VNativeBridge2: Received message from 6 with length 857
[V2V Layer 2] Received message from replica 6 via JNI
23:43:51.985 [nioEventLoopGroup-19-6] DEBUG bftsmart.communication.client.netty.NettyTOMMessageDecoder - Decoded reply from 5 with sequence number 0
23:43:51.986 [nioEventLoopGroup-17-5] DEBUG bftsmart.communication.client.netty.NettyClientServerCommunicationSystemClientSide - channelRead0(ChannelHandlerContext ctx, TOMMessage sm).
23:43:51.986 [nioEventLoopGroup-17-5] DEBUG bftsmart.proxy - Synchronously received reply from 4 with sequence number 0
    [Reliability 2] handleIncomingMessage() called
        Type: DATA
        From: 6
        SeqNum: 1
23:43:51.986 [nioEventLoopGroup-17-5] DEBUG bftsmart.proxy - (current reqId: 0) Received reply from 4 with reqId: 0
23:43:51.985 [nioEventLoopGroup-14-6] DEBUG bftsmart.communication.client.netty.NettyTOMMessageDecoder - Decoded reply from 5 with sequence number 0
        Expected seq: 2
        -> DUPLICATE (seq < expected), ignoring
23:43:51.985 [nioEventLoopGroup-15-5] DEBUG bftsmart.proxy - Synchronously received reply from 4 with sequence number 0
23:43:51.986 [nioEventLoopGroup-14-6] DEBUG bftsmart.communication.client.netty.NettyClientServerCommunicationSystemClientSide - channelRead0(ChannelHandlerContext ctx, TOMMessage sm).
23:43:51.986 [nioEventLoopGroup-15-5] DEBUG bftsmart.proxy - (current reqId: 0) Received reply from 4 with reqId: 0
V2VNativeBridge1: Received message from 6 with length 857
23:43:51.986 [nioEventLoopGroup-14-6] DEBUG bftsmart.proxy - Synchronously received reply from 5 with sequence number 0
[V2V Layer 1] Received message from replica 6 via JNI
23:43:51.986 [nioEventLoopGroup-14-6] DEBUG bftsmart.proxy - (current reqId: 0) Received reply from 5 with reqId: 0
23:43:51.985 [nioEventLoopGroup-18-5] DEBUG bftsmart.proxy - (current reqId: 0) Received reply from 4 with reqId: 0
23:43:51.986 [nioEventLoopGroup-16-2] DEBUG bftsmart.communication.client.netty.NettyTOMMessageDecoder - Decoded reply from 1 with sequence number 0
23:43:51.985 [Delivery Thread] DEBUG bftsmart.tom.ServiceReplica - Sending reply to 1006 with sequence number 0 and operation ID 0 via ReplyManager
23:43:51.986 [nioEventLoopGroup-16-2] DEBUG bftsmart.communication.client.netty.NettyClientServerCommunicationSystemClientSide - channelRead0(ChannelHandlerContext ctx, TOMMessage sm).
    [Reliability 1] handleIncomingMessage() called
        Type: DATA
        From: 6
        SeqNum: 1
23:43:51.986 [nioEventLoopGroup-16-2] DEBUG bftsmart.proxy - Synchronously received reply from 1 with sequence number 0
23:43:51.985 [nioEventLoopGroup-14-2] DEBUG bftsmart.communication.client.netty.NettyClientServerCommunicationSystemClientSide - channelRead0(ChannelHandlerContext ctx, TOMMessage sm).
        Expected seq: 2
        -> DUPLICATE (seq < expected), ignoring
23:43:51.986 [nioEventLoopGroup-14-2] DEBUG bftsmart.proxy - Synchronously received reply from 1 with sequence number 0
V2VNativeBridge4: Received message from 6 with length 857
23:43:51.985 [nioEventLoopGroup-22-2] DEBUG bftsmart.communication.client.netty.NettyTOMMessageDecoder - Decoded reply from 1 with sequence number 0
[V2V Layer 4] Received message from replica 6 via JNI
23:43:51.985 [nioEventLoopGroup-19-2] DEBUG bftsmart.communication.client.netty.NettyClientServerCommunicationSystemClientSide - channelRead0(ChannelHandlerContext ctx, TOMMessage sm).
23:43:51.987 [nioEventLoopGroup-22-2] DEBUG bftsmart.communication.client.netty.NettyClientServerCommunicationSystemClientSide - channelRead0(ChannelHandlerContext ctx, TOMMessage sm).
23:43:51.987 [nioEventLoopGroup-22-2] DEBUG bftsmart.proxy - Synchronously received reply from 1 with sequence number 0
23:43:51.987 [nioEventLoopGroup-22-2] DEBUG bftsmart.proxy - (current reqId: 0) Received reply from 1 with reqId: 0
    [Reliability 4] handleIncomingMessage() called
        Type: DATA
        From: 6
        SeqNum: 1
23:43:51.987 [nioEventLoopGroup-22-2] DEBUG bftsmart.proxy - Comparing 3 responses with response from 1
23:43:51.985 [nioEventLoopGroup-18-2] DEBUG bftsmart.communication.client.netty.NettyTOMMessageDecoder - Decoded reply from 1 with sequence number 0
        Expected seq: 2
        -> DUPLICATE (seq < expected), ignoring
23:43:51.987 [Thread-155] DEBUG bftsmart.proxy - Response extracted: [1:-855615671:0]
23:43:51.985 [nioEventLoopGroup-16-5] DEBUG bftsmart.proxy - (current reqId: 0) Received reply from 4 with reqId: 0
[SERVER 2] JOIN reply: CAR_0:POS:0;CAR_1:POS:1;CAR_2:POS:2;CAR_3:POS:3;CAR_4:POS:4;CAR_5:POS:5;CAR_6:POS:6;CAR_7:POS:7
23:43:51.985 [nioEventLoopGroup-22-6] DEBUG bftsmart.proxy - Synchronously received reply from 5 with sequence number 0
23:43:51.987 [nioEventLoopGroup-16-2] DEBUG bftsmart.proxy - (current reqId: 0) Received reply from 1 with reqId: 0
23:43:51.987 [nioEventLoopGroup-16-2] DEBUG bftsmart.proxy - Comparing 3 responses with response from 1
23:43:51.985 [nioEventLoopGroup-19-5] DEBUG bftsmart.communication.client.netty.NettyClientServerCommunicationSystemClientSide - channelRead0(ChannelHandlerContext ctx, TOMMessage sm).
V2VNativeBridge5: Received message from 6 with length 857
[V2V Layer 5] Received message from replica 6 via JNI
23:43:51.987 [nioEventLoopGroup-22-6] DEBUG bftsmart.proxy - throwing out request: sender = 5 reqId = 0
23:43:51.985 [nioEventLoopGroup-17-2] DEBUG bftsmart.communication.client.netty.NettyClientServerCommunicationSystemClientSide - channelRead0(ChannelHandlerContext ctx, TOMMessage sm).
    [Reliability 5] handleIncomingMessage() called
        Type: DATA
        From: 6
        SeqNum: 1
[SERVER 2] Position 2 -> delay=5.14s (slot=2.57s)
        Expected seq: 2
        -> DUPLICATE (seq < expected), ignoring
23:43:51.987 [nioEventLoopGroup-17-2] DEBUG bftsmart.proxy - Synchronously received reply from 1 with sequence number 0
[SERVER 2] Consensus reached! Position: 2 - Calculated delay: 5.142857142857142s
23:43:51.987 [nioEventLoopGroup-17-2] DEBUG bftsmart.proxy - (current reqId: 0) Received reply from 1 with reqId: 0
[JNI] notifyVehicleCanGo: replica 2 can go after 5.14286s delay
[V2VProxy 2] JNI received GO signal. Queued for main thread.
V2VNativeBridge6: Received message from 7 with length 856
[V2V Layer 6] Received message from replica 7 via JNI
23:43:51.987 [nioEventLoopGroup-17-2] DEBUG bftsmart.proxy - Comparing 3 responses with response from 1
23:43:51.985 [nioEventLoopGroup-18-6] DEBUG bftsmart.communication.client.netty.NettyTOMMessageDecoder - Decoded reply from 5 with sequence number 0
    [Reliability 6] handleIncomingMessage() called
        Type: DATA
        From: 7
        SeqNum: 1
23:43:51.986 [nioEventLoopGroup-25-6] DEBUG bftsmart.communication.client.netty.NettyClientServerCommunicationSystemClientSide - channelRead0(ChannelHandlerContext ctx, TOMMessage sm).
        Expected seq: 1
        -> IN ORDER, delivering immediately
    [Reliability 6] deliverMessage() - deserializing payload
23:43:51.988 [Thread-113] DEBUG bftsmart.proxy - Response extracted: [1:1157526196:0]
        Deserialized: ConsensusMessage
        DEBUG: envelope.fromReplicaId=7, message.getSender()=7
=== [V2V Layer 6] DELIVER to BFT-SMaRt ===
    Message type: ConsensusMessage
    From replica: 7
    InQueue size before: 0
23:43:51.986 [Thread-175] DEBUG bftsmart.proxy - Response extracted: [1:210244978:0]
    InQueue size after: 1
=== [V2V Layer 6] DELIVER successful ===
[SERVER 5] JOIN reply: CAR_0:POS:0;CAR_1:POS:1;CAR_2:POS:2;CAR_3:POS:3;CAR_4:POS:4;CAR_5:POS:5;CAR_6:POS:6;CAR_7:POS:7
V2VNativeBridge0: Received message from 7 with length 856
[V2V Layer 0] Received message from replica 7 via JNI
[SERVER 3] JOIN reply: CAR_0:POS:0;CAR_1:POS:1;CAR_2:POS:2;CAR_3:POS:3;CAR_4:POS:4;CAR_5:POS:5;CAR_6:POS:6;CAR_7:POS:7
[SERVER 5] Position 5 -> delay=12.86s (slot=2.57s)
[SERVER 5] Consensus reached! Position: 5 - Calculated delay: 12.857142857142856s
[JNI] notifyVehicleCanGo: replica 5 can go after 12.8571s delay
    [Reliability 0] handleIncomingMessage() called[V2VProxy 5] JNI received GO signal. Queued for main thread.

        Type: DATA
        From: 7
        SeqNum: 1
23:43:51.986 [nioEventLoopGroup-17-6] DEBUG bftsmart.communication.client.netty.NettyTOMMessageDecoder - Decoded reply from 5 with sequence number 0
        Expected seq: 1
        -> IN ORDER, delivering immediately
    [Reliability 0] deliverMessage() - deserializing payload
[SERVER 3] Position 3 -> delay=7.71s (slot=2.57s)
        Deserialized: ConsensusMessage
        DEBUG: envelope.fromReplicaId=7, message.getSender()=7
=== [V2V Layer 0] DELIVER to BFT-SMaRt ===
    Message type: ConsensusMessage
    From replica: 7
    InQueue size before: 0
23:43:51.988 [nioEventLoopGroup-17-6] DEBUG bftsmart.communication.client.netty.NettyClientServerCommunicationSystemClientSide - channelRead0(ChannelHandlerContext ctx, TOMMessage sm).
    InQueue size after: 1
=== [V2V Layer 0] DELIVER successful ===
[SERVER 3] Consensus reached! Position: 3 - Calculated delay: 7.7142857142857135s
V2VNativeBridge1: Received message from 7 with length 856[JNI] notifyVehicleCanGo: replica 3 can go after 7.71429s delay
[V2VProxy 3] JNI received GO signal. Queued for main thread.

[V2V Layer 1] Received message from replica 7 via JNI
23:43:51.989 [nioEventLoopGroup-17-6] DEBUG bftsmart.proxy - Synchronously received reply from 5 with sequence number 0
    [Reliability 1] handleIncomingMessage() called
23:43:51.989 [nioEventLoopGroup-17-6] DEBUG bftsmart.proxy - throwing out request: sender = 5 reqId = 0
        Type: DATA
23:43:51.986 [Delivery Thread] DEBUG bftsmart.tom.ServiceReplica - BATCHEXECUTOR END
        From: 7
        SeqNum: 1
23:43:51.986 [nioEventLoopGroup-19-6] DEBUG bftsmart.communication.client.netty.NettyClientServerCommunicationSystemClientSide - channelRead0(ChannelHandlerContext ctx, TOMMessage sm).
        Expected seq: 1
        -> IN ORDER, delivering immediately
    [Reliability 1] deliverMessage() - deserializing payload
23:43:51.989 [nioEventLoopGroup-19-6] DEBUG bftsmart.proxy - Synchronously received reply from 5 with sequence number 0
        Deserialized: ConsensusMessage
        DEBUG: envelope.fromReplicaId=7, message.getSender()=7
=== [V2V Layer 1] DELIVER to BFT-SMaRt ===
    Message type: ConsensusMessage
    From replica: 7
    InQueue size before: 0
23:43:51.989 [nioEventLoopGroup-19-6] DEBUG bftsmart.proxy - (current reqId: 0) Received reply from 5 with reqId: 0
    InQueue size after: 1
23:43:51.986 [nioEventLoopGroup-15-2] DEBUG bftsmart.communication.client.netty.NettyTOMMessageDecoder - Decoded reply from 1 with sequence number 0
=== [V2V Layer 1] DELIVER successful ===
23:43:51.986 [nioEventLoopGroup-14-6] DEBUG bftsmart.proxy - Comparing 3 responses with response from 5
23:43:51.989 [nioEventLoopGroup-15-2] DEBUG bftsmart.communication.client.netty.NettyClientServerCommunicationSystemClientSide - channelRead0(ChannelHandlerContext ctx, TOMMessage sm).
V2VNativeBridge3: Received message from 7 with length 856
23:43:51.989 [nioEventLoopGroup-15-2] DEBUG bftsmart.proxy - Synchronously received reply from 1 with sequence number 0
[V2V Layer 3] Received message from replica 7 via JNI
23:43:51.989 [nioEventLoopGroup-15-2] DEBUG bftsmart.proxy - (current reqId: 0) Received reply from 1 with reqId: 0
23:43:51.986 [Delivery Thread] DEBUG bftsmart.tom.ServiceReplica - Sending reply to 1007 with sequence number 0 and operation ID 0 via ReplyManager
23:43:51.989 [Thread-111] DEBUG bftsmart.proxy - Response extracted: [5:-1061421973:0]
    [Reliability 3] handleIncomingMessage() called
        Type: DATA
        From: 7
        SeqNum: 1
[SERVER 1] JOIN reply: CAR_0:POS:0;CAR_1:POS:1;CAR_2:POS:2;CAR_3:POS:3;CAR_4:POS:4;CAR_5:POS:5;CAR_6:POS:6;CAR_7:POS:7
        Expected seq: 1
        -> IN ORDER, delivering immediately
    [Reliability 3] deliverMessage() - deserializing payload
23:43:51.987 [nioEventLoopGroup-19-2] DEBUG bftsmart.proxy - Synchronously received reply from 1 with sequence number 0
        Deserialized: ConsensusMessage
        DEBUG: envelope.fromReplicaId=7, message.getSender()=7
=== [V2V Layer 3] DELIVER to BFT-SMaRt ===
    Message type: ConsensusMessage
    From replica: 7
    InQueue size before: 0
23:43:51.987 [nioEventLoopGroup-15-6] DEBUG bftsmart.communication.client.netty.NettyTOMMessageDecoder - Decoded reply from 5 with sequence number 0
    InQueue size after: 1
=== [V2V Layer 3] DELIVER successful ===
23:43:51.990 [Server Comm. System] INFO bftsmart.communication.ServerCommunicationSystem - === ServerCommunicationSystem RECEIVED message ===
V2VNativeBridge2: Received message from 7 with length 856
23:43:51.990 [Server Comm. System] INFO bftsmart.communication.ServerCommunicationSystem -     Message type: ConsensusMessage
23:43:51.990 [Server Comm. System] INFO bftsmart.communication.ServerCommunicationSystem -     From: 7
23:43:51.990 [Server Comm. System] INFO bftsmart.communication.ServerCommunicationSystem -     Message count: 11
23:43:51.990 [Server Comm. System] DEBUG bftsmart.communication.ServerCommunicationSystem - <-- receiving, msg:type=ACCEPT, number=0, epoch=0, from=7
[V2V Layer 2] Received message from replica 7 via JNI
[SERVER 1] Position 1 -> delay=2.57s (slot=2.57s)
[SERVER 1] Consensus reached! Position: 1 - Calculated delay: 2.571428571428571s
[JNI] notifyVehicleCanGo: replica 1 can go after 2.57143s delay
[V2VProxy 1] JNI received GO signal. Queued for main thread.
23:43:51.987 [nioEventLoopGroup-18-2] DEBUG bftsmart.communication.client.netty.NettyClientServerCommunicationSystemClientSide - channelRead0(ChannelHandlerContext ctx, TOMMessage sm).
    [Reliability 2] handleIncomingMessage() called
        Type: DATA
        From: 7
        SeqNum: 1
23:43:51.990 [nioEventLoopGroup-18-2] DEBUG bftsmart.proxy - Synchronously received reply from 1 with sequence number 0
        Expected seq: 1
23:43:51.987 [nioEventLoopGroup-19-5] DEBUG bftsmart.proxy - Synchronously received reply from 4 with sequence number 0
        -> IN ORDER, delivering immediately
    [Reliability 2] deliverMessage() - deserializing payload
        Deserialized: ConsensusMessage
        DEBUG: envelope.fromReplicaId=7, message.getSender()=7
=== [V2V Layer 2] DELIVER to BFT-SMaRt ===
23:43:51.987 [Thread-115] DEBUG bftsmart.proxy - Response extracted: [1:-411163298:0]
    Message type: ConsensusMessage
    From replica: 7
    InQueue size before: 0
23:43:51.988 [nioEventLoopGroup-25-6] DEBUG bftsmart.proxy - Synchronously received reply from 5 with sequence number 0
    InQueue size after: 1
23:43:51.990 [Server Comm. System] INFO bftsmart.communication.ServerCommunicationSystem - === ServerCommunicationSystem RECEIVED message ===
23:43:51.990 [Server Comm. System] INFO bftsmart.communication.ServerCommunicationSystem -     Message type: ConsensusMessage
23:43:51.990 [Server Comm. System] INFO bftsmart.communication.ServerCommunicationSystem -     From: 7
23:43:51.990 [Server Comm. System] INFO bftsmart.communication.ServerCommunicationSystem -     Message count: 11
23:43:51.988 [nioEventLoopGroup-18-6] DEBUG bftsmart.communication.client.netty.NettyClientServerCommunicationSystemClientSide - channelRead0(ChannelHandlerContext ctx, TOMMessage sm).
=== [V2V Layer 2] DELIVER successful ===
[SERVER 7] JOIN reply: CAR_0:POS:0;CAR_1:POS:1;CAR_2:POS:2;CAR_3:POS:3;CAR_4:POS:4;CAR_5:POS:5;CAR_6:POS:6;CAR_7:POS:7
V2VNativeBridge4: Received message from 7 with length 856
[V2V Layer 4] Received message from replica 7 via JNI
23:43:51.990 [nioEventLoopGroup-18-6] DEBUG bftsmart.proxy - Synchronously received reply from 5 with sequence number 0
[SERVER 7] Position 7 -> delay=18.00s (slot=2.57s)
[SERVER 7] Consensus reached! Position: 7 - Calculated delay: 18.0s
23:43:51.988 [Server Comm. System] INFO bftsmart.communication.ServerCommunicationSystem - === ServerCommunicationSystem RECEIVED message ===
[JNI] notifyVehicleCanGo: replica 7 can go after 18s delay
[V2VProxy 7] JNI received GO signal. Queued for main thread.
23:43:51.990 [Server Comm. System] INFO bftsmart.communication.ServerCommunicationSystem -     Message type: ConsensusMessage
    [Reliability 4] handleIncomingMessage() called
        Type: DATA
        From: 7
        SeqNum: 1
23:43:51.990 [Server Comm. System] INFO bftsmart.communication.ServerCommunicationSystem -     From: 7
23:43:51.989 [Server Comm. System] INFO bftsmart.communication.ServerCommunicationSystem - === ServerCommunicationSystem RECEIVED message ===
        Expected seq: 1
        -> IN ORDER, delivering immediately
    [Reliability 4] deliverMessage() - deserializing payload
23:43:51.991 [Server Comm. System] INFO bftsmart.communication.ServerCommunicationSystem -     Message type: ConsensusMessage
23:43:51.989 [Server Comm. System] INFO bftsmart.communication.ServerCommunicationSystem - === ServerCommunicationSystem RECEIVED message ===
        Deserialized: ConsensusMessage
        DEBUG: envelope.fromReplicaId=7, message.getSender()=7
=== [V2V Layer 4] DELIVER to BFT-SMaRt ===
    Message type: ConsensusMessage
    From replica: 7
    InQueue size before: 0
23:43:51.991 [Server Comm. System] INFO bftsmart.communication.ServerCommunicationSystem -     Message type: ConsensusMessage
23:43:51.991 [Server Comm. System] INFO bftsmart.communication.ServerCommunicationSystem -     From: 7
    InQueue size after: 1
=== [V2V Layer 4] DELIVER successful ===
23:43:51.991 [Server Comm. System] INFO bftsmart.communication.ServerCommunicationSystem - === ServerCommunicationSystem RECEIVED message ===
V2VNativeBridge5: Received message from 7 with length 856
[V2V Layer 5] Received message from replica 7 via JNI
23:43:51.991 [Server Comm. System] INFO bftsmart.communication.ServerCommunicationSystem -     Message count: 13
    [Reliability 5] handleIncomingMessage() called
23:43:51.989 [nioEventLoopGroup-15-2] DEBUG bftsmart.proxy - Comparing 3 responses with response from 1
        Type: DATA
        From: 7
        SeqNum: 1
23:43:51.989 [nioEventLoopGroup-14-2] DEBUG bftsmart.proxy - throwing out request: sender = 1 reqId = 0
        Expected seq: 1
        -> IN ORDER, delivering immediately
    [Reliability 5] deliverMessage() - deserializing payload
23:43:51.989 [Delivery Thread] DEBUG bftsmart.tom.ServiceReplica - BATCHEXECUTOR END
        Deserialized: ConsensusMessage
        DEBUG: envelope.fromReplicaId=7, message.getSender()=7
=== [V2V Layer 5] DELIVER to BFT-SMaRt ===
    Message type: ConsensusMessage
    From replica: 7
    InQueue size before: 0
23:43:51.989 [nioEventLoopGroup-19-2] DEBUG bftsmart.proxy - (current reqId: 0) Received reply from 1 with reqId: 0
    InQueue size after: 1
=== [V2V Layer 5] DELIVER successful ===
23:43:51.991 [Server Comm. System] INFO bftsmart.communication.ServerCommunicationSystem - === ServerCommunicationSystem RECEIVED message ===
23:43:51.990 [Server Comm. System] DEBUG bftsmart.tom.core.ExecutionManager - Received message  type=ACCEPT, number=0, epoch=0, from=7
23:43:51.991 [Server Comm. System] DEBUG bftsmart.tom.core.ExecutionManager - I'm at consensus 0 and my last consensus is -1
23:43:51.991 [Server Comm. System] DEBUG bftsmart.tom.core.ExecutionManager - Message for consensus 0 can be processed
23:43:51.991 [Server Comm. System] DEBUG bftsmart.consensus.roles.Acceptor - Processing paxos msg with id 0
23:43:51.990 [nioEventLoopGroup-15-6] DEBUG bftsmart.communication.client.netty.NettyClientServerCommunicationSystemClientSide - channelRead0(ChannelHandlerContext ctx, TOMMessage sm).
23:43:51.991 [Server Comm. System] DEBUG bftsmart.consensus.roles.Acceptor - ACCEPT from 7 for consensus 0
23:43:51.991 [Server Comm. System] DEBUG bftsmart.consensus.roles.Acceptor - I have 6 ACCEPTs for cId:0, Timestamp:0 
23:43:51.992 [Server Comm. System] DEBUG bftsmart.consensus.roles.Acceptor - Deciding consensus 0
23:43:51.992 [Server Comm. System] DEBUG bftsmart.consensus.Consensus - Delivering decision from consensus 0 to the TOMLayer/DeliveryThread
23:43:51.992 [Server Comm. System] DEBUG bftsmart.tom.core.DeliveryThread - Using cached requests from the propose.
23:43:51.990 [nioEventLoopGroup-16-6] DEBUG bftsmart.communication.client.netty.NettyTOMMessageDecoder - Decoded reply from 5 with sequence number 0
23:43:51.990 [nioEventLoopGroup-18-2] DEBUG bftsmart.proxy - (current reqId: 0) Received reply from 1 with reqId: 0
23:43:51.992 [nioEventLoopGroup-18-2] DEBUG bftsmart.proxy - Comparing 3 responses with response from 1
23:43:51.990 [nioEventLoopGroup-25-6] DEBUG bftsmart.proxy - throwing out request: sender = 5 reqId = 0
23:43:51.990 [Server Comm. System] DEBUG bftsmart.communication.ServerCommunicationSystem - <-- receiving, msg:type=ACCEPT, number=0, epoch=0, from=7
23:43:51.992 [nioEventLoopGroup-18-6] DEBUG bftsmart.proxy - throwing out request: sender = 5 reqId = 0
23:43:51.992 [Server Comm. System] DEBUG bftsmart.tom.core.ExecutionManager - Received message  type=ACCEPT, number=0, epoch=0, from=7
23:43:51.992 [Server Comm. System] DEBUG bftsmart.tom.core.ExecutionManager - I'm at consensus 0 and my last consensus is -1
23:43:51.991 [Server Comm. System] INFO bftsmart.communication.ServerCommunicationSystem -     Message count: 11
23:43:51.992 [Server Comm. System] DEBUG bftsmart.tom.core.ExecutionManager - Message for consensus 0 can be processed
23:43:51.992 [Server Comm. System] DEBUG bftsmart.consensus.roles.Acceptor - Processing paxos msg with id 0
23:43:51.992 [Server Comm. System] DEBUG bftsmart.consensus.roles.Acceptor - ACCEPT from 7 for consensus 0
23:43:51.992 [Server Comm. System] DEBUG bftsmart.communication.ServerCommunicationSystem - <-- receiving, msg:type=ACCEPT, number=0, epoch=0, from=7
23:43:51.992 [Server Comm. System] DEBUG bftsmart.consensus.roles.Acceptor - I have 6 ACCEPTs for cId:0, Timestamp:0 
23:43:51.991 [Server Comm. System] INFO bftsmart.communication.ServerCommunicationSystem -     From: 7
23:43:51.992 [Server Comm. System] INFO bftsmart.communication.ServerCommunicationSystem -     Message count: 11
23:43:51.992 [Server Comm. System] DEBUG bftsmart.communication.ServerCommunicationSystem - <-- receiving, msg:type=ACCEPT, number=0, epoch=0, from=7
23:43:51.992 [Server Comm. System] DEBUG bftsmart.tom.core.ExecutionManager - Received message  type=ACCEPT, number=0, epoch=0, from=7
23:43:51.991 [Server Comm. System] INFO bftsmart.communication.ServerCommunicationSystem -     Message type: ConsensusMessage
23:43:51.992 [Server Comm. System] INFO bftsmart.communication.ServerCommunicationSystem -     From: 7
23:43:51.992 [Server Comm. System] INFO bftsmart.communication.ServerCommunicationSystem -     Message count: 13
23:43:51.991 [Server Comm. System] DEBUG bftsmart.communication.ServerCommunicationSystem - <-- receiving, msg:type=ACCEPT, number=0, epoch=0, from=7
23:43:51.992 [Server Comm. System] DEBUG bftsmart.tom.core.ExecutionManager - Received message  type=ACCEPT, number=0, epoch=0, from=7
23:43:51.992 [Server Comm. System] DEBUG bftsmart.tom.core.ExecutionManager - I'm at consensus -1 and my last consensus is 0
23:43:51.991 [Thread-114] DEBUG bftsmart.proxy - Response extracted: [1:-1933597427:0]
23:43:51.992 [Server Comm. System] DEBUG bftsmart.consensus.roles.Acceptor - Out of context msg with id 0
23:43:51.992 [Server Comm. System] INFO bftsmart.communication.ServerCommunicationSystem - === Message processed ===
23:43:51.991 [Server Comm. System] INFO bftsmart.communication.ServerCommunicationSystem -     Message type: ConsensusMessage
[SERVER 6] JOIN reply: CAR_0:POS:0;CAR_1:POS:1;CAR_2:POS:2;CAR_3:POS:3;CAR_4:POS:4;CAR_5:POS:5;CAR_6:POS:6;CAR_7:POS:7
23:43:51.992 [Server Comm. System] INFO bftsmart.communication.ServerCommunicationSystem -     From: 7
23:43:51.992 [Server Comm. System] INFO bftsmart.communication.ServerCommunicationSystem -     Message count: 13
23:43:51.992 [Server Comm. System] DEBUG bftsmart.communication.ServerCommunicationSystem - <-- receiving, msg:type=ACCEPT, number=0, epoch=0, from=7
23:43:51.992 [Server Comm. System] DEBUG bftsmart.tom.core.ExecutionManager - Received message  type=ACCEPT, number=0, epoch=0, from=7
23:43:51.992 [Server Comm. System] DEBUG bftsmart.tom.core.ExecutionManager - I'm at consensus -1 and my last consensus is 0
23:43:51.992 [Server Comm. System] DEBUG bftsmart.consensus.roles.Acceptor - Out of context msg with id 0
23:43:51.992 [Server Comm. System] INFO bftsmart.communication.ServerCommunicationSystem - === Message processed ===
23:43:51.991 [nioEventLoopGroup-19-2] DEBUG bftsmart.proxy - Comparing 3 responses with response from 1
[SERVER 6] Position 6 -> delay=15.43s (slot=2.57s)
[SERVER 6] Consensus reached! Position: 6 - Calculated delay: 15.428571428571427s
[JNI] notifyVehicleCanGo: replica 6 can go after 15.4286s delay
[V2VProxy 6] JNI received GO signal. Queued for main thread.
23:43:51.992 [nioEventLoopGroup-15-6] DEBUG bftsmart.proxy - Synchronously received reply from 5 with sequence number 0
23:43:51.993 [nioEventLoopGroup-15-6] DEBUG bftsmart.proxy - throwing out request: sender = 5 reqId = 0
23:43:51.992 [Server Comm. System] DEBUG bftsmart.clientsmanagement.ClientsManager - Updating client manager
23:43:51.992 [nioEventLoopGroup-16-6] DEBUG bftsmart.communication.client.netty.NettyClientServerCommunicationSystemClientSide - channelRead0(ChannelHandlerContext ctx, TOMMessage sm).
23:43:51.993 [nioEventLoopGroup-16-6] DEBUG bftsmart.proxy - Synchronously received reply from 5 with sequence number 0
23:43:51.992 [Thread-112] DEBUG bftsmart.proxy - Response extracted: [1:1482353715:0]
23:43:51.993 [Server Comm. System] DEBUG bftsmart.clientsmanagement.ClientsManager - Finished updating client manager
[SERVER 4] JOIN reply: CAR_0:POS:0;CAR_1:POS:1;CAR_2:POS:2;CAR_3:POS:3;CAR_4:POS:4;CAR_5:POS:5;CAR_6:POS:6;CAR_7:POS:7
23:43:51.992 [Server Comm. System] DEBUG bftsmart.tom.core.ExecutionManager - Received message  type=ACCEPT, number=0, epoch=0, from=7
23:43:51.993 [Server Comm. System] DEBUG bftsmart.tom.core.ExecutionManager - I'm at consensus 0 and my last consensus is -1
23:43:51.992 [Server Comm. System] DEBUG bftsmart.consensus.roles.Acceptor - Deciding consensus 0
23:43:51.993 [Server Comm. System] DEBUG bftsmart.consensus.Consensus - Delivering decision from consensus 0 to the TOMLayer/DeliveryThread
[SERVER 4] Position 4 -> delay=10.29s (slot=2.57s)
[SERVER 4] Consensus reached! Position: 4 - Calculated delay: 10.285714285714285s
[JNI] notifyVehicleCanGo: replica 4 can go after 10.2857s delay
[V2VProxy 4] JNI received GO signal. Queued for main thread.
23:43:51.992 [Server Comm. System] DEBUG bftsmart.tom.core.ExecutionManager - I'm at consensus 0 and my last consensus is -1
23:43:51.992 [Server Comm. System] DEBUG bftsmart.communication.ServerCommunicationSystem - <-- receiving, msg:type=ACCEPT, number=0, epoch=0, from=7
23:43:51.993 [Server Comm. System] DEBUG bftsmart.tom.core.ExecutionManager - Message for consensus 0 can be processed
23:43:51.993 [Server Comm. System] DEBUG bftsmart.consensus.roles.Acceptor - Processing paxos msg with id 0
23:43:51.993 [Server Comm. System] DEBUG bftsmart.consensus.roles.Acceptor - ACCEPT from 7 for consensus 0
23:43:51.993 [Server Comm. System] DEBUG bftsmart.tom.core.ExecutionManager - Received message  type=ACCEPT, number=0, epoch=0, from=7
23:43:51.993 [Server Comm. System] DEBUG bftsmart.tom.core.ExecutionManager - I'm at consensus -1 and my last consensus is 0
23:43:51.993 [nioEventLoopGroup-19-5] DEBUG bftsmart.proxy - throwing out request: sender = 4 reqId = 0
23:43:51.993 [Thread-135] DEBUG bftsmart.proxy - Response extracted: [1:1793886036:0]
[SERVER 0] JOIN reply: CAR_0:POS:0;CAR_1:POS:1;CAR_2:POS:2;CAR_3:POS:3;CAR_4:POS:4;CAR_5:POS:5;CAR_6:POS:6;CAR_7:POS:7
23:43:51.993 [nioEventLoopGroup-16-6] DEBUG bftsmart.proxy - throwing out request: sender = 5 reqId = 0
[SERVER 0] Consensus reached! Position: 0 - Calculated delay: 0.0s
[JNI] notifyVehicleCanGo: replica 0 can go after 0s delay
[V2VProxy 0] JNI received GO signal. Queued for main thread.
23:43:51.993 [Server Comm. System] DEBUG bftsmart.tom.core.DeliveryThread - Consensus 0 finished. Decided size=1
23:43:51.993 [Server Comm. System] DEBUG bftsmart.tom.core.ExecutionManager - Message for consensus 0 can be processed
23:43:51.993 [Server Comm. System] DEBUG bftsmart.tom.core.DeliveryThread - Decision from consensus 0 does not contain reconfiguration
23:43:51.993 [Server Comm. System] DEBUG bftsmart.tom.core.TOMLayer - Setting last exec to 0
23:43:51.993 [Server Comm. System] DEBUG bftsmart.tom.core.TOMLayer - Modifying inExec from 0 to -1
23:43:51.993 [Server Comm. System] DEBUG bftsmart.consensus.roles.Acceptor - Processing paxos msg with id 0
23:43:51.993 [Server Comm. System] DEBUG bftsmart.tom.core.DeliveryThread - Using cached requests from the propose.
23:43:51.993 [Server Comm. System] INFO bftsmart.communication.ServerCommunicationSystem - === Message processed ===
23:43:51.993 [Server Comm. System] DEBUG bftsmart.clientsmanagement.ClientsManager - Updating client manager
23:43:51.993 [Server Comm. System] DEBUG bftsmart.consensus.roles.Acceptor - I have 6 ACCEPTs for cId:0, Timestamp:0 
23:43:51.993 [Server Comm. System] DEBUG bftsmart.consensus.roles.Acceptor - Out of context msg with id 0
23:43:51.994 [Server Comm. System] INFO bftsmart.communication.ServerCommunicationSystem - === Message processed ===
23:43:51.993 [Server Comm. System] DEBUG bftsmart.consensus.roles.Acceptor - ACCEPT from 7 for consensus 0
23:43:51.993 [Delivery Thread] DEBUG bftsmart.tom.core.DeliveryThread - Current size of the decided queue: 1
23:43:51.994 [Server Comm. System] DEBUG bftsmart.consensus.roles.Acceptor - Deciding consensus 0
23:43:51.994 [Server Comm. System] DEBUG bftsmart.consensus.Consensus - Delivering decision from consensus 0 to the TOMLayer/DeliveryThread
23:43:51.994 [Server Comm. System] DEBUG bftsmart.clientsmanagement.ClientsManager - Finished updating client manager
23:43:51.994 [Server Comm. System] DEBUG bftsmart.tom.core.DeliveryThread - Using cached requests from the propose.
23:43:51.994 [Server Comm. System] DEBUG bftsmart.clientsmanagement.ClientsManager - Updating client manager
23:43:51.994 [Server Comm. System] DEBUG bftsmart.tom.core.DeliveryThread - Consensus 0 finished. Decided size=1
23:43:51.994 [Server Comm. System] DEBUG bftsmart.tom.core.DeliveryThread - Decision from consensus 0 does not contain reconfiguration
23:43:51.994 [Server Comm. System] DEBUG bftsmart.tom.core.TOMLayer - Setting last exec to 0
23:43:51.994 [Server Comm. System] DEBUG bftsmart.consensus.roles.Acceptor - I have 6 ACCEPTs for cId:0, Timestamp:0 
23:43:51.994 [Delivery Thread] DEBUG bftsmart.tom.core.DeliveryThread - Using cached requests from the propose.
23:43:51.994 [Delivery Thread] DEBUG bftsmart.tom.ServiceReplica - Processing TOMMessage from client 1000 with sequence number 0 for session 1793886036 decided in consensus 0
23:43:51.994 [Server Comm. System] DEBUG bftsmart.tom.core.TOMLayer - Modifying inExec from 0 to -1
23:43:51.994 [Server Comm. System] DEBUG bftsmart.consensus.roles.Acceptor - Deciding consensus 0
23:43:51.994 [Delivery Thread] DEBUG bftsmart.tom.core.DeliveryThread - Current size of the decided queue: 1
23:43:51.994 [Server Comm. System] DEBUG bftsmart.consensus.Consensus - Delivering decision from consensus 0 to the TOMLayer/DeliveryThread
23:43:51.994 [Delivery Thread] DEBUG bftsmart.tom.ServiceReplica - Batching request from 1000
23:43:51.994 [Server Comm. System] INFO bftsmart.communication.ServerCommunicationSystem - === Message processed ===
23:43:51.994 [Server Comm. System] DEBUG bftsmart.clientsmanagement.ClientsManager - Finished updating client manager
23:43:51.994 [Server Comm. System] DEBUG bftsmart.tom.core.DeliveryThread - Consensus 0 finished. Decided size=1
23:43:51.994 [Server Comm. System] DEBUG bftsmart.tom.core.DeliveryThread - Decision from consensus 0 does not contain reconfiguration
23:43:51.994 [Server Comm. System] DEBUG bftsmart.tom.core.TOMLayer - Setting last exec to 0
23:43:51.994 [Server Comm. System] DEBUG bftsmart.tom.core.TOMLayer - Modifying inExec from 0 to -1
23:43:51.994 [Delivery Thread] DEBUG bftsmart.tom.core.DeliveryThread - Using cached requests from the propose.
23:43:51.994 [TOM Layer] DEBUG bftsmart.tom.core.TOMLayer - I'm the leader.
23:43:51.994 [Delivery Thread] DEBUG bftsmart.tom.core.DeliveryThread - Current size of the decided queue: 1
23:43:51.994 [Delivery Thread] DEBUG bftsmart.tom.core.DeliveryThread - Using cached requests from the propose.
23:43:51.994 [Delivery Thread] DEBUG bftsmart.tom.ServiceReplica - Processing TOMMessage from client 1000 with sequence number 0 for session 1793886036 decided in consensus 0
23:43:51.994 [Delivery Thread] DEBUG bftsmart.tom.ServiceReplica - Batching request from 1000
23:43:51.994 [Delivery Thread] DEBUG bftsmart.tom.ServiceReplica - Processing TOMMessage from client 1001 with sequence number 0 for session -1061421973 decided in consensus 0
23:43:51.994 [Server Comm. System] DEBUG bftsmart.tom.core.DeliveryThread - Using cached requests from the propose.
23:43:51.994 [Server Comm. System] DEBUG bftsmart.clientsmanagement.ClientsManager - Updating client manager
23:43:51.994 [Delivery Thread] DEBUG bftsmart.tom.ServiceReplica - Processing TOMMessage from client 1001 with sequence number 0 for session -1061421973 decided in consensus 0
23:43:51.994 [Delivery Thread] DEBUG bftsmart.tom.ServiceReplica - Processing TOMMessage from client 1000 with sequence number 0 for session 1793886036 decided in consensus 0
23:43:51.995 [Server Comm. System] DEBUG bftsmart.clientsmanagement.ClientsManager - Finished updating client manager
23:43:51.995 [Delivery Thread] DEBUG bftsmart.tom.ServiceReplica - Batching request from 1000
23:43:51.994 [Server Comm. System] INFO bftsmart.communication.ServerCommunicationSystem - === Message processed ===
23:43:51.994 [Delivery Thread] DEBUG bftsmart.tom.ServiceReplica - Batching request from 1001
23:43:51.995 [Delivery Thread] DEBUG bftsmart.tom.ServiceReplica - Processing TOMMessage from client 1002 with sequence number 0 for session -855615671 decided in consensus 0
23:43:51.994 [TOM Layer] DEBUG bftsmart.tom.core.TOMLayer - Waiting for enough requests
23:43:51.995 [Delivery Thread] DEBUG bftsmart.tom.ServiceReplica - Batching request from 1002
23:43:51.995 [Delivery Thread] DEBUG bftsmart.tom.ServiceReplica - Processing TOMMessage from client 1003 with sequence number 0 for session 210244978 decided in consensus 0
23:43:51.995 [Delivery Thread] DEBUG bftsmart.tom.ServiceReplica - Batching request from 1003
23:43:51.995 [Delivery Thread] DEBUG bftsmart.tom.ServiceReplica - Processing TOMMessage from client 1004 with sequence number 0 for session 1482353715 decided in consensus 0
23:43:51.995 [Delivery Thread] DEBUG bftsmart.tom.ServiceReplica - Batching request from 1004
23:43:51.995 [Delivery Thread] DEBUG bftsmart.tom.ServiceReplica - Processing TOMMessage from client 1005 with sequence number 0 for session 1157526196 decided in consensus 0
23:43:51.995 [Delivery Thread] DEBUG bftsmart.tom.ServiceReplica - Batching request from 1005
23:43:51.995 [Delivery Thread] DEBUG bftsmart.tom.ServiceReplica - Processing TOMMessage from client 1006 with sequence number 0 for session -1933597427 decided in consensus 0
23:43:51.995 [Delivery Thread] DEBUG bftsmart.tom.ServiceReplica - Batching request from 1006
23:43:51.995 [Delivery Thread] DEBUG bftsmart.tom.ServiceReplica - Processing TOMMessage from client 1007 with sequence number 0 for session -411163298 decided in consensus 0
23:43:51.995 [Delivery Thread] DEBUG bftsmart.tom.ServiceReplica - Batching request from 1001
23:43:51.995 [Delivery Thread] DEBUG bftsmart.tom.ServiceReplica - Processing TOMMessage from client 1002 with sequence number 0 for session -855615671 decided in consensus 0
23:43:51.995 [Server Comm. System] DEBUG bftsmart.tom.core.DeliveryThread - Consensus 0 finished. Decided size=1
23:43:51.995 [Delivery Thread] DEBUG bftsmart.tom.ServiceReplica - Batching request from 1002
23:43:51.995 [Delivery Thread] DEBUG bftsmart.tom.ServiceReplica - Processing TOMMessage from client 1003 with sequence number 0 for session 210244978 decided in consensus 0
23:43:51.995 [Delivery Thread] DEBUG bftsmart.tom.ServiceReplica - Batching request from 1003
23:43:51.995 [Delivery Thread] DEBUG bftsmart.tom.ServiceReplica - Processing TOMMessage from client 1004 with sequence number 0 for session 1482353715 decided in consensus 0
23:43:51.995 [Delivery Thread] DEBUG bftsmart.tom.ServiceReplica - Batching request from 1004
23:43:51.995 [Delivery Thread] DEBUG bftsmart.tom.ServiceReplica - Processing TOMMessage from client 1005 with sequence number 0 for session 1157526196 decided in consensus 0
23:43:51.995 [Delivery Thread] DEBUG bftsmart.tom.ServiceReplica - Batching request from 1005
23:43:51.995 [Server Comm. System] DEBUG bftsmart.tom.core.DeliveryThread - Decision from consensus 0 does not contain reconfiguration
23:43:51.995 [Delivery Thread] DEBUG bftsmart.tom.ServiceReplica - Processing TOMMessage from client 1001 with sequence number 0 for session -1061421973 decided in consensus 0
23:43:51.995 [Delivery Thread] DEBUG bftsmart.tom.ServiceReplica - Batching request from 1001
23:43:51.995 [Delivery Thread] DEBUG bftsmart.tom.ServiceReplica - Batching request from 1007
23:43:51.995 [Delivery Thread] DEBUG bftsmart.tom.ServiceReplica - Processing TOMMessage from client 1006 with sequence number 0 for session -1933597427 decided in consensus 0
23:43:51.995 [Delivery Thread] DEBUG bftsmart.tom.ServiceReplica - Batching request from 1006
23:43:51.995 [Delivery Thread] DEBUG bftsmart.tom.ServiceReplica - Processing TOMMessage from client 1007 with sequence number 0 for session -411163298 decided in consensus 0
23:43:51.995 [Server Comm. System] DEBUG bftsmart.tom.core.TOMLayer - Setting last exec to 0
23:43:51.995 [Delivery Thread] DEBUG bftsmart.tom.ServiceReplica - Batching request from 1007
23:43:51.995 [Server Comm. System] DEBUG bftsmart.tom.core.TOMLayer - Modifying inExec from 0 to -1
23:43:51.995 [Delivery Thread] DEBUG bftsmart.tom.ServiceReplica - Processing TOMMessage from client 1002 with sequence number 0 for session -855615671 decided in consensus 0
[BATCH] Buffered JOIN from CAR_0 (buffer size: 1/8)
23:43:51.995 [Delivery Thread] DEBUG bftsmart.tom.ServiceReplica - Batching request from 1002
[BATCH] Buffered JOIN from CAR_1 (buffer size: 2/8)
23:43:51.995 [Delivery Thread] DEBUG bftsmart.tom.ServiceReplica - Processing TOMMessage from client 1003 with sequence number 0 for session 210244978 decided in consensus 0
[BATCH] Buffered JOIN from CAR_2 (buffer size: 3/8)
[BATCH] Buffered JOIN from CAR_3 (buffer size: 4/8)
[BATCH] Buffered JOIN from CAR_4 (buffer size: 5/8)
[BATCH] Buffered JOIN from CAR_5 (buffer size: 6/8)
[BATCH] Buffered JOIN from CAR_6 (buffer size: 7/8)
[BATCH] Buffered JOIN from CAR_7 (buffer size: 8/8)

[BATCH] ===== TRIGGERING CONSENSUS: We have 8 cars! =====
23:43:51.995 [Delivery Thread] DEBUG bftsmart.tom.ServiceReplica - Batching request from 1003
[BATCH] Buffered JOIN from CAR_0 (buffer size: 1/8)
23:43:51.995 [Delivery Thread] DEBUG bftsmart.tom.ServiceReplica - Processing TOMMessage from client 1004 with sequence number 0 for session 1482353715 decided in consensus 0
[BATCH] Buffered JOIN from CAR_1 (buffer size: 2/8)
[BATCH] Buffered JOIN from CAR_2 (buffer size: 3/8)
[BATCH] Buffered JOIN from CAR_3 (buffer size: 4/8)
[BATCH] Buffered JOIN from CAR_4 (buffer size: 5/8)
[BATCH] Buffered JOIN from CAR_5 (buffer size: 6/8)
[BATCH] Buffered JOIN from CAR_6 (buffer size: 7/8)
[BATCH] Buffered JOIN from CAR_7 (buffer size: 8/8)

[BATCH] ===== TRIGGERING CONSENSUS: We have 8 cars! =====
23:43:51.995 [Server Comm. System] INFO bftsmart.communication.ServerCommunicationSystem - === Message processed ===
[BATCH] ===== CONSENSUS COMPLETE =====
[BATCH] Final Decision: CAR_0:POS:0;CAR_1:POS:1;CAR_2:POS:2;CAR_3:POS:3;CAR_4:POS:4;CAR_5:POS:5;CAR_6:POS:6;CAR_7:POS:7
[BATCH] All subsequent requests will receive this decision

[BATCH] JOIN request after consensus complete - returning decision: CAR_0:POS:0;CAR_1:POS:1;CAR_2:POS:2;CAR_3:POS:3;CAR_4:POS:4;CAR_5:POS:5;CAR_6:POS:6;CAR_7:POS:7
[BATCH] ===== CONSENSUS COMPLETE =====
23:43:51.995 [Delivery Thread] DEBUG bftsmart.tom.core.DeliveryThread - Current size of the decided queue: 1
[BATCH] Final Decision: CAR_0:POS:0;CAR_1:POS:1;CAR_2:POS:2;CAR_3:POS:3;CAR_4:POS:4;CAR_5:POS:5;CAR_6:POS:6;CAR_7:POS:7
[BATCH] All subsequent requests will receive this decision

[BATCH] JOIN request after consensus complete - returning decision: CAR_0:POS:0;CAR_1:POS:1;CAR_2:POS:2;CAR_3:POS:3;CAR_4:POS:4;CAR_5:POS:5;CAR_6:POS:6;CAR_7:POS:7
[BATCH] JOIN request after consensus complete - returning decision: CAR_0:POS:0;CAR_1:POS:1;CAR_2:POS:2;CAR_3:POS:3;CAR_4:POS:4;CAR_5:POS:5;CAR_6:POS:6;CAR_7:POS:7
[BATCH] JOIN request after consensus complete - returning decision: CAR_0:POS:0;CAR_1:POS:1;CAR_2:POS:2;CAR_3:POS:3;CAR_4:POS:4;CAR_5:POS:5;CAR_6:POS:6;CAR_7:POS:7
[BATCH] JOIN request after consensus complete - returning decision: CAR_0:POS:0;CAR_1:POS:1;CAR_2:POS:2;CAR_3:POS:3;CAR_4:POS:4;CAR_5:POS:5;CAR_6:POS:6;CAR_7:POS:7
[BATCH] JOIN request after consensus complete - returning decision: CAR_0:POS:0;CAR_1:POS:1;CAR_2:POS:2;CAR_3:POS:3;CAR_4:POS:4;CAR_5:POS:5;CAR_6:POS:6;CAR_7:POS:7
[BATCH] JOIN request after consensus complete - returning decision: CAR_0:POS:0;CAR_1:POS:1;CAR_2:POS:2;CAR_3:POS:3;CAR_4:POS:4;CAR_5:POS:5;CAR_6:POS:6;CAR_7:POS:7
[BATCH] JOIN request after consensus complete - returning decision: CAR_0:POS:0;CAR_1:POS:1;CAR_2:POS:2;CAR_3:POS:3;CAR_4:POS:4;CAR_5:POS:5;CAR_6:POS:6;CAR_7:POS:7
[BATCH] JOIN request after consensus complete - returning decision: CAR_0:POS:0;CAR_1:POS:1;CAR_2:POS:2;CAR_3:POS:3;CAR_4:POS:4;CAR_5:POS:5;CAR_6:POS:6;CAR_7:POS:7
[BATCH] JOIN request after consensus complete - returning decision: CAR_0:POS:0;CAR_1:POS:1;CAR_2:POS:2;CAR_3:POS:3;CAR_4:POS:4;CAR_5:POS:5;CAR_6:POS:6;CAR_7:POS:7
[BATCH] JOIN request after consensus complete - returning decision: CAR_0:POS:0;CAR_1:POS:1;CAR_2:POS:2;CAR_3:POS:3;CAR_4:POS:4;CAR_5:POS:5;CAR_6:POS:6;CAR_7:POS:7
[BATCH] JOIN request after consensus complete - returning decision: CAR_0:POS:0;CAR_1:POS:1;CAR_2:POS:2;CAR_3:POS:3;CAR_4:POS:4;CAR_5:POS:5;CAR_6:POS:6;CAR_7:POS:7
[BATCH] JOIN request after consensus complete - returning decision: CAR_0:POS:0;CAR_1:POS:1;CAR_2:POS:2;CAR_3:POS:3;CAR_4:POS:4;CAR_5:POS:5;CAR_6:POS:6;CAR_7:POS:7
23:43:51.995 [Delivery Thread] DEBUG bftsmart.tom.ServiceReplica - Batching request from 1004
23:43:51.995 [Delivery Thread] DEBUG bftsmart.tom.ServiceReplica - Processing TOMMessage from client 1005 with sequence number 0 for session 1157526196 decided in consensus 0
(1) Round 1 processed 8 cmd(s). App time: 0.363 ms
[BATCH] JOIN request after consensus complete - returning decision: CAR_0:POS:0;CAR_1:POS:1;CAR_2:POS:2;CAR_3:POS:3;CAR_4:POS:4;CAR_5:POS:5;CAR_6:POS:6;CAR_7:POS:7
[BATCH] JOIN request after consensus complete - returning decision: CAR_0:POS:0;CAR_1:POS:1;CAR_2:POS:2;CAR_3:POS:3;CAR_4:POS:4;CAR_5:POS:5;CAR_6:POS:6;CAR_7:POS:7
[BATCH] JOIN request after consensus complete - returning decision: CAR_0:POS:0;CAR_1:POS:1;CAR_2:POS:2;CAR_3:POS:3;CAR_4:POS:4;CAR_5:POS:5;CAR_6:POS:6;CAR_7:POS:7
23:43:51.995 [Delivery Thread] DEBUG bftsmart.tom.core.DeliveryThread - Using cached requests from the propose.
   joinBuffer = {CAR_7=1.769154231995E9, CAR_5=1.769154231995E9, CAR_6=1.769154231995E9, CAR_3=1.769154231995E9, CAR_4=1.769154231995E9, CAR_1=1.769154231995E9, CAR_2=1.769154231995E9, CAR_0=1.769154231995E9}
   batchProcessed = true
   finalDecision = CAR_0:POS:0;CAR_1:POS:1;CAR_2:POS:2;CAR_3:POS:3;CAR_4:POS:4;CAR_5:POS:5;CAR_6:POS:6;CAR_7:POS:7
23:43:51.996 [Delivery Thread] DEBUG bftsmart.tom.ServiceReplica - Processing TOMMessage from client 1000 with sequence number 0 for session 1793886036 decided in consensus 0
23:43:51.996 [Delivery Thread] DEBUG bftsmart.tom.ServiceReplica - Batching request from 1005
23:43:51.996 [Delivery Thread] DEBUG bftsmart.tom.ServiceReplica - Batching request from 1000
23:43:51.996 [Delivery Thread] DEBUG bftsmart.tom.ServiceReplica - Processing TOMMessage from client 1006 with sequence number 0 for session -1933597427 decided in consensus 0
23:43:51.996 [Delivery Thread] DEBUG bftsmart.tom.ServiceReplica - Processing TOMMessage from client 1001 with sequence number 0 for session -1061421973 decided in consensus 0
23:43:51.996 [Delivery Thread] DEBUG bftsmart.tom.ServiceReplica - Batching request from 1006
(1) Round 1 processed 8 cmd(s). App time: 0.588 ms
23:43:51.996 [Delivery Thread] DEBUG bftsmart.tom.ServiceReplica - Sending reply to 1000 with sequence number 0 and operation ID 0 via ReplyManager
23:43:51.996 [Delivery Thread] DEBUG bftsmart.tom.ServiceReplica - Processing TOMMessage from client 1007 with sequence number 0 for session -411163298 decided in consensus 0
23:43:51.996 [Delivery Thread] DEBUG bftsmart.tom.ServiceReplica - Batching request from 1001
23:43:51.996 [Delivery Thread] DEBUG bftsmart.tom.ServiceReplica - Batching request from 1007
   joinBuffer = {CAR_7=1.769154231995E9, CAR_5=1.769154231995E9, CAR_6=1.769154231995E9, CAR_3=1.769154231995E9, CAR_4=1.769154231995E9, CAR_1=1.769154231995E9, CAR_2=1.769154231995E9, CAR_0=1.769154231995E9}
23:43:51.996 [Delivery Thread] DEBUG bftsmart.tom.ServiceReplica - Processing TOMMessage from client 1002 with sequence number 0 for session -855615671 decided in consensus 0
   batchProcessed = true
   finalDecision = CAR_0:POS:0;CAR_1:POS:1;CAR_2:POS:2;CAR_3:POS:3;CAR_4:POS:4;CAR_5:POS:5;CAR_6:POS:6;CAR_7:POS:7
23:43:51.996 [Delivery Thread] DEBUG bftsmart.tom.ServiceReplica - Sending reply to 1001 with sequence number 0 and operation ID 0 via ReplyManager
23:43:51.996 [Delivery Thread] DEBUG bftsmart.tom.ServiceReplica - Batching request from 1002
23:43:51.996 [Delivery Thread] DEBUG bftsmart.tom.ServiceReplica - Processing TOMMessage from client 1003 with sequence number 0 for session 210244978 decided in consensus 0
23:43:51.996 [Delivery Thread] DEBUG bftsmart.tom.ServiceReplica - Sending reply to 1002 with sequence number 0 and operation ID 0 via ReplyManager
[BATCH] Buffered JOIN from CAR_0 (buffer size: 1/8)
23:43:51.996 [Thread-160] DEBUG bftsmart.communication.client.netty.NettyClientServerCommunicationSystemServerSide - Client not into sessionReplicaToClient(1000):false, waiting and retrying.
[BATCH] Buffered JOIN from CAR_1 (buffer size: 2/8)
[BATCH] Buffered JOIN from CAR_2 (buffer size: 3/8)
23:43:51.996 [Delivery Thread] DEBUG bftsmart.tom.ServiceReplica - Sending reply to 1003 with sequence number 0 and operation ID 0 via ReplyManager
[BATCH] Buffered JOIN from CAR_3 (buffer size: 4/8)
[BATCH] Buffered JOIN from CAR_4 (buffer size: 5/8)
[BATCH] Buffered JOIN from CAR_5 (buffer size: 6/8)
[BATCH] Buffered JOIN from CAR_6 (buffer size: 7/8)
[BATCH] Buffered JOIN from CAR_7 (buffer size: 8/8)

[BATCH] ===== TRIGGERING CONSENSUS: We have 8 cars! =====
23:43:51.996 [Thread-162] DEBUG bftsmart.communication.client.netty.NettyClientServerCommunicationSystemServerSide - Client not into sessionReplicaToClient(1002):false, waiting and retrying.
23:43:51.996 [Delivery Thread] DEBUG bftsmart.tom.ServiceReplica - Sending reply to 1000 with sequence number 0 and operation ID 0 via ReplyManager
23:43:51.996 [Delivery Thread] DEBUG bftsmart.tom.ServiceReplica - Batching request from 1003
23:43:51.996 [Delivery Thread] DEBUG bftsmart.tom.ServiceReplica - Sending reply to 1001 with sequence number 0 and operation ID 0 via ReplyManager
[BATCH] ===== CONSENSUS COMPLETE =====
[BATCH] Final Decision: CAR_0:POS:0;CAR_1:POS:1;CAR_2:POS:2;CAR_3:POS:3;CAR_4:POS:4;CAR_5:POS:5;CAR_6:POS:6;CAR_7:POS:7
23:43:51.996 [Delivery Thread] DEBUG bftsmart.tom.ServiceReplica - Processing TOMMessage from client 1004 with sequence number 0 for session 1482353715 decided in consensus 0
23:43:51.996 [Thread-161] DEBUG bftsmart.communication.client.netty.NettyClientServerCommunicationSystemServerSide - Client not into sessionReplicaToClient(1001):false, waiting and retrying.
23:43:51.996 [Delivery Thread] DEBUG bftsmart.tom.ServiceReplica - Batching request from 1004
23:43:51.996 [Delivery Thread] DEBUG bftsmart.tom.ServiceReplica - Processing TOMMessage from client 1005 with sequence number 0 for session 1157526196 decided in consensus 0
[BATCH] All subsequent requests will receive this decision

[BATCH] JOIN request after consensus complete - returning decision: CAR_0:POS:0;CAR_1:POS:1;CAR_2:POS:2;CAR_3:POS:3;CAR_4:POS:4;CAR_5:POS:5;CAR_6:POS:6;CAR_7:POS:7
[BATCH] JOIN request after consensus complete - returning decision: CAR_0:POS:0;CAR_1:POS:1;CAR_2:POS:2;CAR_3:POS:3;CAR_4:POS:4;CAR_5:POS:5;CAR_6:POS:6;CAR_7:POS:7
[BATCH] JOIN request after consensus complete - returning decision: CAR_0:POS:0;CAR_1:POS:1;CAR_2:POS:2;CAR_3:POS:3;CAR_4:POS:4;CAR_5:POS:5;CAR_6:POS:6;CAR_7:POS:7
[BATCH] JOIN request after consensus complete - returning decision: CAR_0:POS:0;CAR_1:POS:1;CAR_2:POS:2;CAR_3:POS:3;CAR_4:POS:4;CAR_5:POS:5;CAR_6:POS:6;CAR_7:POS:7
[BATCH] JOIN request after consensus complete - returning decision: CAR_0:POS:0;CAR_1:POS:1;CAR_2:POS:2;CAR_3:POS:3;CAR_4:POS:4;CAR_5:POS:5;CAR_6:POS:6;CAR_7:POS:7
[BATCH] JOIN request after consensus complete - returning decision: CAR_0:POS:0;CAR_1:POS:1;CAR_2:POS:2;CAR_3:POS:3;CAR_4:POS:4;CAR_5:POS:5;CAR_6:POS:6;CAR_7:POS:7
[BATCH] JOIN request after consensus complete - returning decision: CAR_0:POS:0;CAR_1:POS:1;CAR_2:POS:2;CAR_3:POS:3;CAR_4:POS:4;CAR_5:POS:5;CAR_6:POS:6;CAR_7:POS:7
[BATCH] JOIN request after consensus complete - returning decision: CAR_0:POS:0;CAR_1:POS:1;CAR_2:POS:2;CAR_3:POS:3;CAR_4:POS:4;CAR_5:POS:5;CAR_6:POS:6;CAR_7:POS:7
23:43:51.996 [Delivery Thread] DEBUG bftsmart.tom.ServiceReplica - Batching request from 1005
23:43:51.996 [nioEventLoopGroup-25-4] DEBUG bftsmart.communication.client.netty.NettyTOMMessageDecoder - Decoded reply from 3 with sequence number 0
(1) Round 1 processed 8 cmd(s). App time: 0.701 ms
   joinBuffer = {CAR_7=1.769154231996E9, CAR_5=1.769154231996E9, CAR_6=1.769154231996E9, CAR_3=1.769154231996E9, CAR_4=1.769154231996E9, CAR_1=1.769154231996E9, CAR_2=1.769154231996E9, CAR_0=1.769154231996E9}
   batchProcessed = true
   finalDecision = CAR_0:POS:0;CAR_1:POS:1;CAR_2:POS:2;CAR_3:POS:3;CAR_4:POS:4;CAR_5:POS:5;CAR_6:POS:6;CAR_7:POS:7
23:43:51.996 [nioEventLoopGroup-25-4] DEBUG bftsmart.communication.client.netty.NettyClientServerCommunicationSystemClientSide - channelRead0(ChannelHandlerContext ctx, TOMMessage sm).
23:43:51.996 [Delivery Thread] DEBUG bftsmart.tom.ServiceReplica - Sending reply to 1004 with sequence number 0 and operation ID 0 via ReplyManager
23:43:51.997 [nioEventLoopGroup-25-4] DEBUG bftsmart.proxy - Synchronously received reply from 3 with sequence number 0
23:43:51.997 [nioEventLoopGroup-25-4] DEBUG bftsmart.proxy - throwing out request: sender = 3 reqId = 0
23:43:51.997 [Delivery Thread] DEBUG bftsmart.tom.ServiceReplica - Sending reply to 1000 with sequence number 0 and operation ID 0 via ReplyManager
23:43:51.996 [Delivery Thread] DEBUG bftsmart.tom.ServiceReplica - Sending reply to 1002 with sequence number 0 and operation ID 0 via ReplyManager
23:43:51.997 [Delivery Thread] DEBUG bftsmart.tom.ServiceReplica - Sending reply to 1001 with sequence number 0 and operation ID 0 via ReplyManager
23:43:51.997 [Delivery Thread] DEBUG bftsmart.tom.ServiceReplica - Sending reply to 1005 with sequence number 0 and operation ID 0 via ReplyManager
23:43:51.997 [Delivery Thread] DEBUG bftsmart.tom.ServiceReplica - Sending reply to 1003 with sequence number 0 and operation ID 0 via ReplyManager
23:43:51.996 [Delivery Thread] DEBUG bftsmart.tom.ServiceReplica - Processing TOMMessage from client 1006 with sequence number 0 for session -1933597427 decided in consensus 0
23:43:51.997 [Thread-164] DEBUG bftsmart.communication.client.netty.NettyClientServerCommunicationSystemServerSide - Client not into sessionReplicaToClient(1004):false, waiting and retrying.
23:43:51.997 [Delivery Thread] DEBUG bftsmart.tom.ServiceReplica - Sending reply to 1004 with sequence number 0 and operation ID 0 via ReplyManager
23:43:51.997 [Delivery Thread] DEBUG bftsmart.tom.ServiceReplica - Sending reply to 1002 with sequence number 0 and operation ID 0 via ReplyManager
23:43:51.997 [Delivery Thread] DEBUG bftsmart.tom.ServiceReplica - Sending reply to 1005 with sequence number 0 and operation ID 0 via ReplyManager
23:43:51.997 [Delivery Thread] DEBUG bftsmart.tom.ServiceReplica - Sending reply to 1003 with sequence number 0 and operation ID 0 via ReplyManager
23:43:51.997 [Thread-165] DEBUG bftsmart.communication.client.netty.NettyClientServerCommunicationSystemServerSide - Client not into sessionReplicaToClient(1005):false, waiting and retrying.
23:43:51.997 [nioEventLoopGroup-14-1] DEBUG bftsmart.communication.client.netty.NettyTOMMessageDecoder - Decoded reply from 0 with sequence number 0
23:43:51.997 [Delivery Thread] DEBUG bftsmart.tom.ServiceReplica - Sending reply to 1006 with sequence number 0 and operation ID 0 via ReplyManager
23:43:51.997 [nioEventLoopGroup-19-1] DEBUG bftsmart.communication.client.netty.NettyTOMMessageDecoder - Decoded reply from 0 with sequence number 0
23:43:51.997 [Delivery Thread] DEBUG bftsmart.tom.ServiceReplica - Batching request from 1006
23:43:51.997 [nioEventLoopGroup-22-1] DEBUG bftsmart.communication.client.netty.NettyTOMMessageDecoder - Decoded reply from 0 with sequence number 0
23:43:51.997 [Delivery Thread] DEBUG bftsmart.tom.ServiceReplica - Sending reply to 1007 with sequence number 0 and operation ID 0 via ReplyManager
23:43:51.997 [nioEventLoopGroup-25-1] DEBUG bftsmart.communication.client.netty.NettyTOMMessageDecoder - Decoded reply from 0 with sequence number 0
23:43:51.997 [nioEventLoopGroup-25-1] DEBUG bftsmart.communication.client.netty.NettyClientServerCommunicationSystemClientSide - channelRead0(ChannelHandlerContext ctx, TOMMessage sm).
23:43:51.997 [nioEventLoopGroup-25-1] DEBUG bftsmart.proxy - Synchronously received reply from 0 with sequence number 0
23:43:51.997 [nioEventLoopGroup-25-1] DEBUG bftsmart.proxy - throwing out request: sender = 0 reqId = 0
23:43:51.997 [Thread-141] DEBUG bftsmart.communication.client.netty.NettyClientServerCommunicationSystemServerSide - Client not into sessionReplicaToClient(1001):false, waiting and retrying.
23:43:51.997 [Delivery Thread] DEBUG bftsmart.tom.ServiceReplica - BATCHEXECUTOR END
23:43:51.997 [Thread-166] DEBUG bftsmart.communication.client.netty.NettyClientServerCommunicationSystemServerSide - Client not into sessionReplicaToClient(1006):false, waiting and retrying.
23:43:51.997 [Thread-140] DEBUG bftsmart.communication.client.netty.NettyClientServerCommunicationSystemServerSide - Client not into sessionReplicaToClient(1000):false, waiting and retrying.
23:43:51.997 [nioEventLoopGroup-18-1] DEBUG bftsmart.communication.client.netty.NettyTOMMessageDecoder - Decoded reply from 0 with sequence number 0
23:43:51.997 [Delivery Thread] DEBUG bftsmart.tom.ServiceReplica - Sending reply to 1006 with sequence number 0 and operation ID 0 via ReplyManager
23:43:51.997 [nioEventLoopGroup-18-1] DEBUG bftsmart.communication.client.netty.NettyClientServerCommunicationSystemClientSide - channelRead0(ChannelHandlerContext ctx, TOMMessage sm).
23:43:51.997 [nioEventLoopGroup-18-1] DEBUG bftsmart.proxy - Synchronously received reply from 0 with sequence number 0
23:43:51.997 [nioEventLoopGroup-18-1] DEBUG bftsmart.proxy - throwing out request: sender = 0 reqId = 0
23:43:51.997 [Delivery Thread] DEBUG bftsmart.tom.ServiceReplica - Sending reply to 1004 with sequence number 0 and operation ID 0 via ReplyManager
23:43:51.997 [nioEventLoopGroup-25-3] DEBUG bftsmart.communication.client.netty.NettyTOMMessageDecoder - Decoded reply from 2 with sequence number 0
23:43:51.997 [nioEventLoopGroup-17-1] DEBUG bftsmart.communication.client.netty.NettyTOMMessageDecoder - Decoded reply from 0 with sequence number 0
23:43:51.997 [Delivery Thread] DEBUG bftsmart.tom.ServiceReplica - Sending reply to 1005 with sequence number 0 and operation ID 0 via ReplyManager
23:43:51.997 [nioEventLoopGroup-14-1] DEBUG bftsmart.communication.client.netty.NettyClientServerCommunicationSystemClientSide - channelRead0(ChannelHandlerContext ctx, TOMMessage sm).
23:43:51.997 [nioEventLoopGroup-17-1] DEBUG bftsmart.communication.client.netty.NettyClientServerCommunicationSystemClientSide - channelRead0(ChannelHandlerContext ctx, TOMMessage sm).
23:43:51.997 [Thread-144] DEBUG bftsmart.communication.client.netty.NettyClientServerCommunicationSystemServerSide - Client not into sessionReplicaToClient(1004):false, waiting and retrying.
23:43:51.997 [nioEventLoopGroup-17-1] DEBUG bftsmart.proxy - Synchronously received reply from 0 with sequence number 0
23:43:51.997 [nioEventLoopGroup-17-1] DEBUG bftsmart.proxy - throwing out request: sender = 0 reqId = 0
23:43:51.997 [nioEventLoopGroup-19-1] DEBUG bftsmart.communication.client.netty.NettyClientServerCommunicationSystemClientSide - channelRead0(ChannelHandlerContext ctx, TOMMessage sm).
23:43:51.997 [nioEventLoopGroup-22-1] DEBUG bftsmart.communication.client.netty.NettyClientServerCommunicationSystemClientSide - channelRead0(ChannelHandlerContext ctx, TOMMessage sm).
23:43:51.998 [nioEventLoopGroup-22-1] DEBUG bftsmart.proxy - Synchronously received reply from 0 with sequence number 0
23:43:51.997 [Delivery Thread] DEBUG bftsmart.tom.ServiceReplica - Processing TOMMessage from client 1007 with sequence number 0 for session -411163298 decided in consensus 0
23:43:51.998 [Delivery Thread] DEBUG bftsmart.tom.ServiceReplica - Batching request from 1007
23:43:51.997 [Thread-167] DEBUG bftsmart.communication.client.netty.NettyClientServerCommunicationSystemServerSide - Client not into sessionReplicaToClient(1007):false, waiting and retrying.
23:43:51.997 [Delivery Thread] DEBUG bftsmart.tom.ServiceReplica - Sending reply to 1007 with sequence number 0 and operation ID 0 via ReplyManager
[BATCH] Buffered JOIN from CAR_0 (buffer size: 1/8)
[BATCH] Buffered JOIN from CAR_1 (buffer size: 2/8)
[BATCH] Buffered JOIN from CAR_2 (buffer size: 3/8)
[BATCH] Buffered JOIN from CAR_3 (buffer size: 4/8)
[BATCH] Buffered JOIN from CAR_4 (buffer size: 5/8)
[BATCH] Buffered JOIN from CAR_5 (buffer size: 6/8)
23:43:51.997 [nioEventLoopGroup-25-3] DEBUG bftsmart.communication.client.netty.NettyClientServerCommunicationSystemClientSide - channelRead0(ChannelHandlerContext ctx, TOMMessage sm).
[BATCH] Buffered JOIN from CAR_6 (buffer size: 7/8)
[BATCH] Buffered JOIN from CAR_7 (buffer size: 8/8)

[BATCH] ===== TRIGGERING CONSENSUS: We have 8 cars! =====
23:43:51.998 [Delivery Thread] DEBUG bftsmart.tom.ServiceReplica - BATCHEXECUTOR END
23:43:51.998 [nioEventLoopGroup-25-3] DEBUG bftsmart.proxy - Synchronously received reply from 2 with sequence number 0
23:43:51.998 [nioEventLoopGroup-25-3] DEBUG bftsmart.proxy - throwing out request: sender = 2 reqId = 0
23:43:51.997 [nioEventLoopGroup-22-3] DEBUG bftsmart.communication.client.netty.NettyTOMMessageDecoder - Decoded reply from 2 with sequence number 0
23:43:51.997 [Delivery Thread] DEBUG bftsmart.tom.ServiceReplica - Sending reply to 1006 with sequence number 0 and operation ID 0 via ReplyManager
[BATCH] ===== CONSENSUS COMPLETE =====
[BATCH] Final Decision: CAR_0:POS:0;CAR_1:POS:1;CAR_2:POS:2;CAR_3:POS:3;CAR_4:POS:4;CAR_5:POS:5;CAR_6:POS:6;CAR_7:POS:7
[BATCH] All subsequent requests will receive this decision

23:43:51.997 [nioEventLoopGroup-14-1] DEBUG bftsmart.proxy - Synchronously received reply from 0 with sequence number 0
[BATCH] JOIN request after consensus complete - returning decision: CAR_0:POS:0;CAR_1:POS:1;CAR_2:POS:2;CAR_3:POS:3;CAR_4:POS:4;CAR_5:POS:5;CAR_6:POS:6;CAR_7:POS:7
23:43:52.004 [nioEventLoopGroup-16-1] DEBUG bftsmart.communication.client.netty.NettyTOMMessageDecoder - Decoded reply from 0 with sequence number 0
23:43:52.004 [Thread-146] DEBUG bftsmart.communication.client.netty.NettyClientServerCommunicationSystemServerSide - Client not into sessionReplicaToClient(1006):false, waiting and retrying.
23:43:52.004 [nioEventLoopGroup-14-1] DEBUG bftsmart.proxy - throwing out request: sender = 0 reqId = 0
23:43:52.004 [nioEventLoopGroup-16-1] DEBUG bftsmart.communication.client.netty.NettyClientServerCommunicationSystemClientSide - channelRead0(ChannelHandlerContext ctx, TOMMessage sm).
23:43:51.997 [Thread-145] DEBUG bftsmart.communication.client.netty.NettyClientServerCommunicationSystemServerSide - Client not into sessionReplicaToClient(1005):false, waiting and retrying.
[BATCH] JOIN request after consensus complete - returning decision: CAR_0:POS:0;CAR_1:POS:1;CAR_2:POS:2;CAR_3:POS:3;CAR_4:POS:4;CAR_5:POS:5;CAR_6:POS:6;CAR_7:POS:7
[BATCH] JOIN request after consensus complete - returning decision: CAR_0:POS:0;CAR_1:POS:1;CAR_2:POS:2;CAR_3:POS:3;CAR_4:POS:4;CAR_5:POS:5;CAR_6:POS:6;CAR_7:POS:7
[BATCH] JOIN request after consensus complete - returning decision: CAR_0:POS:0;CAR_1:POS:1;CAR_2:POS:2;CAR_3:POS:3;CAR_4:POS:4;CAR_5:POS:5;CAR_6:POS:6;CAR_7:POS:7
[BATCH] JOIN request after consensus complete - returning decision: CAR_0:POS:0;CAR_1:POS:1;CAR_2:POS:2;CAR_3:POS:3;CAR_4:POS:4;CAR_5:POS:5;CAR_6:POS:6;CAR_7:POS:7
[BATCH] JOIN request after consensus complete - returning decision: CAR_0:POS:0;CAR_1:POS:1;CAR_2:POS:2;CAR_3:POS:3;CAR_4:POS:4;CAR_5:POS:5;CAR_6:POS:6;CAR_7:POS:7
[BATCH] JOIN request after consensus complete - returning decision: CAR_0:POS:0;CAR_1:POS:1;CAR_2:POS:2;CAR_3:POS:3;CAR_4:POS:4;CAR_5:POS:5;CAR_6:POS:6;CAR_7:POS:7
[BATCH] JOIN request after consensus complete - returning decision: CAR_0:POS:0;CAR_1:POS:1;CAR_2:POS:2;CAR_3:POS:3;CAR_4:POS:4;CAR_5:POS:5;CAR_6:POS:6;CAR_7:POS:7
23:43:51.998 [nioEventLoopGroup-19-1] DEBUG bftsmart.proxy - Synchronously received reply from 0 with sequence number 0
23:43:52.004 [nioEventLoopGroup-19-1] DEBUG bftsmart.proxy - throwing out request: sender = 0 reqId = 0
23:43:51.998 [nioEventLoopGroup-22-1] DEBUG bftsmart.proxy - throwing out request: sender = 0 reqId = 0
(1) Round 1 processed 8 cmd(s). App time: 6.165 ms
23:43:51.998 [nioEventLoopGroup-15-1] DEBUG bftsmart.communication.client.netty.NettyTOMMessageDecoder - Decoded reply from 0 with sequence number 0
   joinBuffer = {CAR_7=1.769154231998E9, CAR_5=1.769154231998E9, CAR_6=1.769154231998E9, CAR_3=1.769154231998E9, CAR_4=1.769154231998E9, CAR_1=1.769154231998E9, CAR_2=1.769154231998E9, CAR_0=1.769154231998E9}
   batchProcessed = true
   finalDecision = CAR_0:POS:0;CAR_1:POS:1;CAR_2:POS:2;CAR_3:POS:3;CAR_4:POS:4;CAR_5:POS:5;CAR_6:POS:6;CAR_7:POS:7
23:43:52.004 [nioEventLoopGroup-22-3] DEBUG bftsmart.communication.client.netty.NettyClientServerCommunicationSystemClientSide - channelRead0(ChannelHandlerContext ctx, TOMMessage sm).
23:43:52.004 [nioEventLoopGroup-15-1] DEBUG bftsmart.communication.client.netty.NettyClientServerCommunicationSystemClientSide - channelRead0(ChannelHandlerContext ctx, TOMMessage sm).
23:43:52.004 [nioEventLoopGroup-15-1] DEBUG bftsmart.proxy - Synchronously received reply from 0 with sequence number 0
23:43:52.004 [nioEventLoopGroup-15-1] DEBUG bftsmart.proxy - throwing out request: sender = 0 reqId = 0
23:43:52.004 [nioEventLoopGroup-22-3] DEBUG bftsmart.proxy - Synchronously received reply from 2 with sequence number 0
23:43:52.004 [nioEventLoopGroup-22-3] DEBUG bftsmart.proxy - throwing out request: sender = 2 reqId = 0
23:43:52.004 [Delivery Thread] DEBUG bftsmart.tom.ServiceReplica - Sending reply to 1007 with sequence number 0 and operation ID 0 via ReplyManager
23:43:52.004 [nioEventLoopGroup-16-1] DEBUG bftsmart.proxy - Synchronously received reply from 0 with sequence number 0
23:43:52.004 [nioEventLoopGroup-16-1] DEBUG bftsmart.proxy - throwing out request: sender = 0 reqId = 0
23:43:52.004 [Delivery Thread] DEBUG bftsmart.tom.ServiceReplica - Sending reply to 1000 with sequence number 0 and operation ID 0 via ReplyManager
23:43:52.004 [Delivery Thread] DEBUG bftsmart.tom.ServiceReplica - BATCHEXECUTOR END
23:43:52.004 [Delivery Thread] DEBUG bftsmart.tom.ServiceReplica - Sending reply to 1001 with sequence number 0 and operation ID 0 via ReplyManager
23:43:52.004 [Thread-147] DEBUG bftsmart.communication.client.netty.NettyClientServerCommunicationSystemServerSide - Client not into sessionReplicaToClient(1007):false, waiting and retrying.
23:43:52.005 [Delivery Thread] DEBUG bftsmart.tom.ServiceReplica - Sending reply to 1002 with sequence number 0 and operation ID 0 via ReplyManager
23:43:52.005 [Delivery Thread] DEBUG bftsmart.tom.ServiceReplica - Sending reply to 1003 with sequence number 0 and operation ID 0 via ReplyManager
23:43:52.005 [Delivery Thread] DEBUG bftsmart.tom.ServiceReplica - Sending reply to 1004 with sequence number 0 and operation ID 0 via ReplyManager
23:43:52.005 [Delivery Thread] DEBUG bftsmart.tom.ServiceReplica - Sending reply to 1005 with sequence number 0 and operation ID 0 via ReplyManager
23:43:52.005 [Delivery Thread] DEBUG bftsmart.tom.ServiceReplica - Sending reply to 1006 with sequence number 0 and operation ID 0 via ReplyManager
23:43:52.005 [Delivery Thread] DEBUG bftsmart.tom.ServiceReplica - Sending reply to 1007 with sequence number 0 and operation ID 0 via ReplyManager
23:43:52.005 [Delivery Thread] DEBUG bftsmart.tom.ServiceReplica - BATCHEXECUTOR END
23:43:52.005 [nioEventLoopGroup-22-7] DEBUG bftsmart.communication.client.netty.NettyTOMMessageDecoder - Decoded reply from 6 with sequence number 0
23:43:52.005 [nioEventLoopGroup-19-7] DEBUG bftsmart.communication.client.netty.NettyTOMMessageDecoder - Decoded reply from 6 with sequence number 0
23:43:52.005 [nioEventLoopGroup-19-7] DEBUG bftsmart.communication.client.netty.NettyClientServerCommunicationSystemClientSide - channelRead0(ChannelHandlerContext ctx, TOMMessage sm).
23:43:52.005 [nioEventLoopGroup-14-7] DEBUG bftsmart.communication.client.netty.NettyTOMMessageDecoder - Decoded reply from 6 with sequence number 0
23:43:52.005 [nioEventLoopGroup-19-7] DEBUG bftsmart.proxy - Synchronously received reply from 6 with sequence number 0
23:43:52.005 [nioEventLoopGroup-19-7] DEBUG bftsmart.proxy - throwing out request: sender = 6 reqId = 0
23:43:52.005 [nioEventLoopGroup-25-7] DEBUG bftsmart.communication.client.netty.NettyTOMMessageDecoder - Decoded reply from 6 with sequence number 0
23:43:52.005 [nioEventLoopGroup-14-7] DEBUG bftsmart.communication.client.netty.NettyClientServerCommunicationSystemClientSide - channelRead0(ChannelHandlerContext ctx, TOMMessage sm).
23:43:52.005 [nioEventLoopGroup-17-7] DEBUG bftsmart.communication.client.netty.NettyTOMMessageDecoder - Decoded reply from 6 with sequence number 0
23:43:52.005 [nioEventLoopGroup-22-7] DEBUG bftsmart.communication.client.netty.NettyClientServerCommunicationSystemClientSide - channelRead0(ChannelHandlerContext ctx, TOMMessage sm).
23:43:52.005 [nioEventLoopGroup-16-7] DEBUG bftsmart.communication.client.netty.NettyTOMMessageDecoder - Decoded reply from 6 with sequence number 0
23:43:52.005 [nioEventLoopGroup-16-7] DEBUG bftsmart.communication.client.netty.NettyClientServerCommunicationSystemClientSide - channelRead0(ChannelHandlerContext ctx, TOMMessage sm).
23:43:52.005 [nioEventLoopGroup-16-7] DEBUG bftsmart.proxy - Synchronously received reply from 6 with sequence number 0
23:43:52.005 [nioEventLoopGroup-14-7] DEBUG bftsmart.proxy - Synchronously received reply from 6 with sequence number 0
23:43:52.005 [nioEventLoopGroup-14-7] DEBUG bftsmart.proxy - throwing out request: sender = 6 reqId = 0
23:43:52.005 [nioEventLoopGroup-15-7] DEBUG bftsmart.communication.client.netty.NettyTOMMessageDecoder - Decoded reply from 6 with sequence number 0
23:43:52.005 [nioEventLoopGroup-17-7] DEBUG bftsmart.communication.client.netty.NettyClientServerCommunicationSystemClientSide - channelRead0(ChannelHandlerContext ctx, TOMMessage sm).
23:43:52.005 [nioEventLoopGroup-15-7] DEBUG bftsmart.communication.client.netty.NettyClientServerCommunicationSystemClientSide - channelRead0(ChannelHandlerContext ctx, TOMMessage sm).
23:43:52.005 [nioEventLoopGroup-15-7] DEBUG bftsmart.proxy - Synchronously received reply from 6 with sequence number 0
23:43:52.005 [nioEventLoopGroup-15-7] DEBUG bftsmart.proxy - throwing out request: sender = 6 reqId = 0
23:43:52.005 [nioEventLoopGroup-17-7] DEBUG bftsmart.proxy - Synchronously received reply from 6 with sequence number 0
23:43:52.005 [nioEventLoopGroup-17-7] DEBUG bftsmart.proxy - throwing out request: sender = 6 reqId = 0
23:43:52.005 [nioEventLoopGroup-25-7] DEBUG bftsmart.communication.client.netty.NettyClientServerCommunicationSystemClientSide - channelRead0(ChannelHandlerContext ctx, TOMMessage sm).
23:43:52.005 [nioEventLoopGroup-22-7] DEBUG bftsmart.proxy - Synchronously received reply from 6 with sequence number 0
23:43:52.006 [nioEventLoopGroup-25-7] DEBUG bftsmart.proxy - Synchronously received reply from 6 with sequence number 0
23:43:52.006 [nioEventLoopGroup-25-7] DEBUG bftsmart.proxy - throwing out request: sender = 6 reqId = 0
23:43:52.005 [nioEventLoopGroup-16-7] DEBUG bftsmart.proxy - throwing out request: sender = 6 reqId = 0
23:43:52.005 [nioEventLoopGroup-18-7] DEBUG bftsmart.communication.client.netty.NettyTOMMessageDecoder - Decoded reply from 6 with sequence number 0
23:43:52.006 [nioEventLoopGroup-22-7] DEBUG bftsmart.proxy - throwing out request: sender = 6 reqId = 0
23:43:52.006 [nioEventLoopGroup-18-7] DEBUG bftsmart.communication.client.netty.NettyClientServerCommunicationSystemClientSide - channelRead0(ChannelHandlerContext ctx, TOMMessage sm).
23:43:52.006 [nioEventLoopGroup-18-7] DEBUG bftsmart.proxy - Synchronously received reply from 6 with sequence number 0
23:43:52.006 [nioEventLoopGroup-18-7] DEBUG bftsmart.proxy - throwing out request: sender = 6 reqId = 0
[METRICS 0] Consensus Duration: 1.95 seconds
[METRICS 0] Consensus Completed!
[METRICS 0] Consensus Start Time: 3.2
[METRICS 0] Consensus End Time:   5.15
[METRICS 0] Consensus Latency:    1.95 seconds
[METRICS 0] Projected_Total_Wait: 1.95
[METRICS 0] Scheduled_Resume: 5.15
[METRICS 0] Messages Sent: 23
[METRICS 0] Messages Received: 42
[METRICS 0] (consensus succeeded : TRUE)
[V2VProxy 0] Main thread scheduling resume in 0s
Not flushing reliability queue
[METRICS 1] Consensus Duration: 2.05 seconds
[METRICS 1] Consensus Completed!
[METRICS 1] Consensus Start Time: 3.1
[METRICS 1] Consensus End Time:   5.15
[METRICS 1] Consensus Latency:    2.05 seconds
[METRICS 1] Projected_Total_Wait: 4.62143
[METRICS 1] Scheduled_Resume: 7.72143
[METRICS 1] Messages Sent: 23
[METRICS 1] Messages Received: 47
[METRICS 1] (consensus succeeded : TRUE)
[V2VProxy 1] Main thread scheduling resume in 2.57143s
Not flushing reliability queue
[METRICS 2] Consensus Duration: 1.65 seconds
[METRICS 2] Consensus Completed!
[METRICS 2] Consensus Start Time: 3.5
[METRICS 2] Consensus End Time:   5.15
[METRICS 2] Consensus Latency:    1.65 seconds
[METRICS 2] Projected_Total_Wait: 6.79286
[METRICS 2] Scheduled_Resume: 10.2929
[METRICS 2] Messages Sent: 23
[METRICS 2] Messages Received: 42
[METRICS 2] (consensus succeeded : TRUE)
[V2VProxy 2] Main thread scheduling resume in 5.14286s
Not flushing reliability queue
[METRICS 3] Consensus Duration: 1.55 seconds
[METRICS 3] Consensus Completed!
[METRICS 3] Consensus Start Time: 3.6
[METRICS 3] Consensus End Time:   5.15
[METRICS 3] Consensus Latency:    1.55 seconds
[METRICS 3] Projected_Total_Wait: 9.26429
[METRICS 3] Scheduled_Resume: 12.8643
[METRICS 3] Messages Sent: 23
[METRICS 3] Messages Received: 46
[METRICS 3] (consensus succeeded : TRUE)
[V2VProxy 3] Main thread scheduling resume in 7.71429s
Not flushing reliability queue
[METRICS 4] Consensus Duration: 2.05 seconds
[METRICS 4] Consensus Completed!
[METRICS 4] Consensus Start Time: 3.1
[METRICS 4] Consensus End Time:   5.15
[METRICS 4] Consensus Latency:    2.05 seconds
[METRICS 4] Projected_Total_Wait: 12.3357
[METRICS 4] Scheduled_Resume: 15.4357
[METRICS 4] Messages Sent: 17
[METRICS 4] Messages Received: 52
[METRICS 4] (consensus succeeded : TRUE)
[V2VProxy 4] Main thread scheduling resume in 10.2857s
Not flushing reliability queue
[METRICS 5] Consensus Duration: 2.05 seconds
[METRICS 5] Consensus Completed!
[METRICS 5] Consensus Start Time: 3.1
[METRICS 5] Consensus End Time:   5.15
[METRICS 5] Consensus Latency:    2.05 seconds
[METRICS 5] Projected_Total_Wait: 14.9071
[METRICS 5] Scheduled_Resume: 18.0071
[METRICS 5] Messages Sent: 22
[METRICS 5] Messages Received: 52
[METRICS 5] (consensus succeeded : TRUE)
[V2VProxy 5] Main thread scheduling resume in 12.8571s
Not flushing reliability queue
[METRICS 6] Consensus Duration: 2.05 seconds
[METRICS 6] Consensus Completed!
[METRICS 6] Consensus Start Time: 3.1
[METRICS 6] Consensus End Time:   5.15
[METRICS 6] Consensus Latency:    2.05 seconds
[METRICS 6] Projected_Total_Wait: 17.4786
[METRICS 6] Scheduled_Resume: 20.5786
[METRICS 6] Messages Sent: 17
[METRICS 6] Messages Received: 49
[METRICS 6] (consensus succeeded : TRUE)
[V2VProxy 6] Main thread scheduling resume in 15.4286s
Not flushing reliability queue
[METRICS 7] Consensus Duration: 2.05 seconds
[METRICS 7] Consensus Completed!
[METRICS 7] Consensus Start Time: 3.1
[METRICS 7] Consensus End Time:   5.15
[METRICS 7] Consensus Latency:    2.05 seconds
[METRICS 7] Projected_Total_Wait: 20.05
[METRICS 7] Scheduled_Resume: 23.15
[METRICS 7] Messages Sent: 17
[METRICS 7] Messages Received: 53
[METRICS 7] (consensus succeeded : TRUE)
[V2VProxy 7] Main thread scheduling resume in 18s
Not flushing reliability queue
[METRICS 7] All Consensus Completed
** Event #9034   t=5.15   Elapsed: 5.15021s (0m 05s)  2% completed  (2% total)
     Speed:     ev/sec=7312.45   simsec/sec=0.999788   ev/simsec=7314
     Messages:  created: 6750   present: 183   in FES: 25

<!> Simulation stopped with endSimulation() -- in module (veins::V2VProxyModule) fourWay.node[7].appl (id=57), at t=5.15s, event #9034

Calling finish() at end of Run #0...
[METRICS 0] Messages received: 42
[METRICS 0] Messages sent: 23
[METRICS 1] Messages received: 47
[METRICS 1] Messages sent: 23
[METRICS 2] Messages received: 42
[METRICS 2] Messages sent: 23
[METRICS 3] Messages received: 46
[METRICS 3] Messages sent: 23
[METRICS 4] Messages received: 52
[METRICS 4] Messages sent: 17
[METRICS 5] Messages received: 52
[METRICS 5] Messages sent: 22
[METRICS 6] Messages received: 49
[METRICS 6] Messages sent: 17
[METRICS 7] Messages received: 53
[METRICS 7] Messages sent: 17

[Warning: Program was compiled without debug info, you might not be able to debug.]

RUNTIME ERROR. A cRuntimeError exception is about to be thrown, and you
requested (by setting debug-on-errors=true in the ini file) that errors
abort execution and break into the debugger.

You should now probably be running the simulation under gdb or another
debugger. The simulation kernel will now raise a SIGINT signal which will
get you into the debugger. If you are not running under a debugger, you can
still use the core dump for post-mortem debugging. Once in the debugger,
view the call stack (in gdb: "bt" command) to see the context of the
runtime error.

<!> cancelEvent(): Message (omnetpp::cObject) is not a self-message -- in module (veins::DemoBaseApplLayer) fourWay.tls[0].appl (id=7), during network cleanup

TRAPPING on the exception above, due to a debug-on-errors=true configuration option. Is your debugger ready?

==========================================
Simulation finished. Full log saved to: /tmp/bft-all-replicas.log
==========================================
