OMNeT++ Discrete Event Simulation  (C) 1992-2025 Andras Varga, OpenSim Ltd.
Version: 6.2.0, build: 250714-83e173e93a, edition: Academic Public License -- NOT FOR COMMERCIAL USE
See the license for distribution terms and warranty disclaimer

Setting up Qtenv...

Loading NED files from /home/yash/veins-veins-5.3.1/src/veins:  46
Loading NED files from .:  2

Loading images from '/home/yash/images': *: 0 
Loading images from '/home/yash/omnetpp/omnetpp-6.2.0/images': *: 0  abstract/*: 90  background/*: 4  block/*: 325  device/*: 195  logo/*: 3  maps/*: 9  misc/*: 70  msg/*: 55  old/*: 111  status/*: 28 

[V2VProxy 0] Intersection at (300, 300), stop distance=50m
[DEBUG V2VProxy 0] Replica registered in proxy map
[DEBUG V2VProxy 0] Periodic queue timer started
[V2VProxy] JVM created successfully
[V2VProxy] Registering JNI native methods...
V2VNativeBridge: Running in EMBEDDED mode - library already loaded by OMNeT++
[V2VProxy] Successfully registered 4 JNI native methods
[V2VProxy] Successfully registered 1 IntersectionServer JNI native method
[V2VProxy] JNI native methods registered successfully
[V2VProxy] Warming up JVM (crypto + JNI) before starting replicas...
[JNI] nativeWarmupPing called
[V2VProxy] JVM warmed up successfully
[DEBUG V2VProxy 0] JVM ready
[V2VProxyModule] Starting BFTSmart replica 0 in background Java thread
[ServerRunner 0] Created, ready to start in thread
[V2VProxyModule] Starting Java thread for replica 0
[V2VProxyModule] BFTSmart replica 0 thread started (non-blocking)
[DEBUG V2VProxy 0] Position checking will start at t=0.5s
[ServerRunner 0] Thread started, waiting for all peers...
[ServerRunner 0] Signaled ready (1/8 ready)
[V2VProxy 1] Intersection at (300, 300), stop distance=50m
[DEBUG V2VProxy 1] Replica registered in proxy map
[DEBUG V2VProxy 1] Periodic queue timer started
[DEBUG V2VProxy 1] JVM ready
[V2VProxyModule] Starting BFTSmart replica 1 in background Java thread
[ServerRunner 1] Created, ready to start in thread
[V2VProxyModule] Starting Java thread for replica 1
[V2VProxyModule] BFTSmart replica 1 thread started (non-blocking)
[DEBUG V2VProxy 1] Position checking will start at t=0.5s
[ServerRunner 1] Thread started, waiting for all peers...
[ServerRunner 1] Signaled ready (2/8 ready)
[V2VProxy 2] Intersection at (300, 300), stop distance=50m
[DEBUG V2VProxy 2] Replica registered in proxy map
[DEBUG V2VProxy 2] Periodic queue timer started
[DEBUG V2VProxy 2] JVM ready
[V2VProxyModule] Starting BFTSmart replica 2 in background Java thread
[ServerRunner 2] Created, ready to start in thread
[V2VProxyModule] Starting Java thread for replica 2
[V2VProxyModule] BFTSmart replica 2 thread started (non-blocking)
[DEBUG V2VProxy 2] Position checking will start at t=0.5s
[ServerRunner 2] Thread started, waiting for all peers...
[ServerRunner 2] Signaled ready (3/8 ready)
[V2VProxy 3] Intersection at (300, 300), stop distance=50m
[DEBUG V2VProxy 3] Replica registered in proxy map
[DEBUG V2VProxy 3] Periodic queue timer started
[DEBUG V2VProxy 3] JVM ready
[V2VProxyModule] Starting BFTSmart replica 3 in background Java thread
[ServerRunner 3] Created, ready to start in thread
[V2VProxyModule] Starting Java thread for replica 3
[V2VProxyModule] BFTSmart replica 3 thread started (non-blocking)
[DEBUG V2VProxy 3] Position checking will start at t=0.5s
[ServerRunner 3] Thread started, waiting for all peers...
[ServerRunner 3] Signaled ready (4/8 ready)
[V2VProxy 4] Intersection at (300, 300), stop distance=50m
[DEBUG V2VProxy 4] Replica registered in proxy map
[DEBUG V2VProxy 4] Periodic queue timer started
[DEBUG V2VProxy 4] JVM ready
[V2VProxyModule] Starting BFTSmart replica 4 in background Java thread
[ServerRunner 4] Created, ready to start in thread
[V2VProxyModule] Starting Java thread for replica 4
[V2VProxyModule] BFTSmart replica 4 thread started (non-blocking)
[DEBUG V2VProxy 4] Position checking will start at t=0.5s
[ServerRunner 4] Thread started, waiting for all peers...
[ServerRunner 4] Signaled ready (5/8 ready)
[V2VProxy 5] Intersection at (300, 300), stop distance=50m
[DEBUG V2VProxy 5] Replica registered in proxy map
[DEBUG V2VProxy 5] Periodic queue timer started
[DEBUG V2VProxy 5] JVM ready
[V2VProxyModule] Starting BFTSmart replica 5 in background Java thread
[ServerRunner 5] Created, ready to start in thread
[V2VProxyModule] Starting Java thread for replica 5
[V2VProxyModule] BFTSmart replica 5 thread started (non-blocking)
[DEBUG V2VProxy 5] Position checking will start at t=0.5s
[ServerRunner 5] Thread started, waiting for all peers...
[ServerRunner 5] Signaled ready (6/8 ready)
[V2VProxy 6] Intersection at (300, 300), stop distance=50m
[DEBUG V2VProxy 6] Replica registered in proxy map
[DEBUG V2VProxy 6] Periodic queue timer started
[DEBUG V2VProxy 6] JVM ready
[V2VProxyModule] Starting BFTSmart replica 6 in background Java thread
[ServerRunner 6] Created, ready to start in thread
[V2VProxyModule] Starting Java thread for replica 6
[V2VProxyModule] BFTSmart replica 6 thread started (non-blocking)
[DEBUG V2VProxy 6] Position checking will start at t=0.5s
[ServerRunner 6] Thread started, waiting for all peers...
[ServerRunner 6] Signaled ready (7/8 ready)
[V2VProxy 7] Intersection at (300, 300), stop distance=50m
[DEBUG V2VProxy 7] Replica registered in proxy map
[DEBUG V2VProxy 7] Periodic queue timer started
[DEBUG V2VProxy 7] JVM ready
[V2VProxyModule] Starting BFTSmart replica 7 in background Java thread
[ServerRunner 7] Created, ready to start in thread
[V2VProxyModule] Starting Java thread for replica 7
[V2VProxyModule] BFTSmart replica 7 thread started (non-blocking)
[DEBUG V2VProxy 7] Position checking will start at t=0.5s
[ServerRunner 7] Thread started, waiting for all peers...
[ServerRunner 7] Signaled ready (8/8 ready)
[ServerRunner 7] Creating IntersectionServer after stagger delay...
[ServerRunner 1] Creating IntersectionServer after stagger delay...
[ServerRunner 3] Creating IntersectionServer after stagger delay...
[ServerRunner 2] Creating IntersectionServer after stagger delay...
[ServerRunner 6] Creating IntersectionServer after stagger delay...
[ServerRunner 5] Creating IntersectionServer after stagger delay...
[ServerRunner 4] Creating IntersectionServer after stagger delay...
[ServerRunner 0] Creating IntersectionServer after stagger delay...
[V2VProxy 0] *** STOPPING at intersection! ***
[V2VProxy 0] Distance=25.6739m, t=0.6
[V2VProxy 0] Vehicle STOPPED at intersection (distance=25.6739m)
[V2VProxy 0] triggerJoinViaJNI() called at t=0.6
[V2VProxy 0] Barrier: 8/8 runners ready
[V2VProxy 0] FAILED: Server Status = 'Initializing' (expected 'READY') at t=0.6
[V2VProxy 0] Failed to trigger JOIN, will retry...
[V2VProxy 1] *** STOPPING at intersection! ***
[V2VProxy 1] Distance=23.4088m, t=0.6
[V2VProxy 1] Vehicle STOPPED at intersection (distance=23.4088m)
[V2VProxy 1] triggerJoinViaJNI() called at t=0.6
[V2VProxy 1] FAILED: Server Status = 'Initializing' (expected 'READY') at t=0.6
[V2VProxy 1] Failed to trigger JOIN, will retry...
[V2VProxy 2] *** STOPPING at intersection! ***
[V2VProxy 2] Distance=47.5739m, t=0.6
[V2VProxy 2] Vehicle STOPPED at intersection (distance=47.5739m)
[V2VProxy 2] triggerJoinViaJNI() called at t=0.6
[V2VProxy 2] FAILED: Server Status = 'Initializing' (expected 'READY') at t=0.6
[V2VProxy 2] Failed to trigger JOIN, will retry...
[V2VProxy 3] Approaching! Distance=57.1602m at t=0.6
[V2VProxy 4] *** STOPPING at intersection! ***
[V2VProxy 4] Distance=47.4635m, t=0.6
[V2VProxy 4] Vehicle STOPPED at intersection (distance=47.4635m)
[V2VProxy 4] triggerJoinViaJNI() called at t=0.6
[V2VProxy 4] FAILED: Server Status = 'Initializing' (expected 'READY') at t=0.6
[V2VProxy 4] Failed to trigger JOIN, will retry...
[V2VProxy 6] *** STOPPING at intersection! ***
[V2VProxy 6] Distance=27.9953m, t=0.6
[V2VProxy 6] Vehicle STOPPED at intersection (distance=27.9953m)
[V2VProxy 6] triggerJoinViaJNI() called at t=0.6
[V2VProxy 6] FAILED: Server Status = 'Initializing' (expected 'READY') at t=0.6
[V2VProxy 6] Failed to trigger JOIN, will retry...
[V2VProxy 7] *** STOPPING at intersection! ***
[V2VProxy 7] Distance=26.6754m, t=0.6
[V2VProxy 7] Vehicle STOPPED at intersection (distance=26.6754m)
[V2VProxy 7] triggerJoinViaJNI() called at t=0.6
[V2VProxy 7] FAILED: Server Status = 'Initializing' (expected 'READY') at t=0.6
[V2VProxy 7] Failed to trigger JOIN, will retry...
[V2VProxy 0] *** STOPPING at intersection! ***
[V2VProxy 0] Distance=25.6739m, t=0.7
[V2VProxy 0] triggerJoinViaJNI() called at t=0.7
[V2VProxy 0] FAILED: Server Status = 'Initializing' (expected 'READY') at t=0.7
[V2VProxy 0] Failed to trigger JOIN, will retry...
[V2VProxy 1] *** STOPPING at intersection! ***
[V2VProxy 1] Distance=23.4088m, t=0.7
[V2VProxy 1] triggerJoinViaJNI() called at t=0.7
[V2VProxy 1] FAILED: Server Status = 'Initializing' (expected 'READY') at t=0.7
[V2VProxy 1] Failed to trigger JOIN, will retry...
[V2VProxy 2] *** STOPPING at intersection! ***
[V2VProxy 2] Distance=47.5739m, t=0.7
[V2VProxy 2] triggerJoinViaJNI() called at t=0.7
[V2VProxy 2] FAILED: Server Status = 'Initializing' (expected 'READY') at t=0.7
[V2VProxy 2] Failed to trigger JOIN, will retry...
[V2VProxy 4] *** STOPPING at intersection! ***
[V2VProxy 4] Distance=47.4635m, t=0.7
[V2VProxy 4] triggerJoinViaJNI() called at t=0.7
[V2VProxy 4] FAILED: Server Status = 'Initializing' (expected 'READY') at t=0.7
[V2VProxy 4] Failed to trigger JOIN, will retry...
[V2VProxy 6] *** STOPPING at intersection! ***
[V2VProxy 6] Distance=27.9953m, t=0.7
[V2VProxy 6] triggerJoinViaJNI() called at t=0.7
[V2VProxy 6] Barrier: 8/8 runners ready
[V2VProxy 6] FAILED: Server Status = 'Initializing' (expected 'READY') at t=0.7
[V2VProxy 6] Failed to trigger JOIN, will retry...
[V2VProxy 7] *** STOPPING at intersection! ***
[V2VProxy 7] Distance=26.6754m, t=0.7
[V2VProxy 7] triggerJoinViaJNI() called at t=0.7
[V2VProxy 7] FAILED: Server Status = 'Initializing' (expected 'READY') at t=0.7
[V2VProxy 7] Failed to trigger JOIN, will retry...
[V2VProxy 0] *** STOPPING at intersection! ***
[V2VProxy 0] Distance=26.8468m, t=0.8
[V2VProxy 0] triggerJoinViaJNI() called at t=0.8
[V2VProxy 0] FAILED: Server Status = 'Initializing' (expected 'READY') at t=0.8
[V2VProxy 0] Failed to trigger JOIN, will retry...
[V2VProxy 1] *** STOPPING at intersection! ***
[V2VProxy 1] Distance=23.4402m, t=0.8
[V2VProxy 1] triggerJoinViaJNI() called at t=0.8
[V2VProxy 1] FAILED: Server Status = 'Initializing' (expected 'READY') at t=0.8
[V2VProxy 1] Failed to trigger JOIN, will retry...
[V2VProxy 2] *** STOPPING at intersection! ***
[V2VProxy 2] Distance=45.4582m, t=0.8
[V2VProxy 2] triggerJoinViaJNI() called at t=0.8
[V2VProxy 2] FAILED: Server Status = 'Initializing' (expected 'READY') at t=0.8
[V2VProxy 2] Failed to trigger JOIN, will retry...
[V2VProxy 4] *** STOPPING at intersection! ***
[V2VProxy 4] Distance=46.0801m, t=0.8
[V2VProxy 4] triggerJoinViaJNI() called at t=0.8
[V2VProxy 4] FAILED: Server Status = 'Initializing' (expected 'READY') at t=0.8
[V2VProxy 4] Failed to trigger JOIN, will retry...
[V2VProxy 6] *** STOPPING at intersection! ***
[V2VProxy 6] Distance=28.5342m, t=0.8
[V2VProxy 6] triggerJoinViaJNI() called at t=0.8
[V2VProxy 6] FAILED: Server Status = 'Initializing' (expected 'READY') at t=0.8
[V2VProxy 6] Failed to trigger JOIN, will retry...
[V2VProxy 7] *** STOPPING at intersection! ***
[V2VProxy 7] Distance=26.6098m, t=0.8
[V2VProxy 7] triggerJoinViaJNI() called at t=0.8
[V2VProxy 7] FAILED: Server Status = 'Initializing' (expected 'READY') at t=0.8
[V2VProxy 7] Failed to trigger JOIN, will retry...
[V2VProxy 0] *** STOPPING at intersection! ***
[V2VProxy 0] Distance=26.8468m, t=0.9
[V2VProxy 0] triggerJoinViaJNI() called at t=0.9
[V2VProxy 0] FAILED: Server Status = 'Initializing' (expected 'READY') at t=0.9
[V2VProxy 0] Failed to trigger JOIN, will retry...
[V2VProxy 1] *** STOPPING at intersection! ***
[V2VProxy 1] Distance=23.4402m, t=0.9
[V2VProxy 1] triggerJoinViaJNI() called at t=0.9
[V2VProxy 1] FAILED: Server Status = 'Initializing' (expected 'READY') at t=0.9
[V2VProxy 1] Failed to trigger JOIN, will retry...
[V2VProxy 2] *** STOPPING at intersection! ***
[V2VProxy 2] Distance=45.4582m, t=0.9
[V2VProxy 2] triggerJoinViaJNI() called at t=0.9
[V2VProxy 2] Barrier: 8/8 runners ready
[V2VProxy 2] FAILED: Server Status = 'Initializing' (expected 'READY') at t=0.9
[V2VProxy 2] Failed to trigger JOIN, will retry...
[V2VProxy 4] *** STOPPING at intersection! ***
[V2VProxy 4] Distance=46.0801m, t=0.9
[V2VProxy 4] triggerJoinViaJNI() called at t=0.9
[V2VProxy 4] FAILED: Server Status = 'Initializing' (expected 'READY') at t=0.9
[V2VProxy 4] Failed to trigger JOIN, will retry...
[V2VProxy 6] *** STOPPING at intersection! ***
[V2VProxy 6] Distance=28.5342m, t=0.9
[V2VProxy 6] triggerJoinViaJNI() called at t=0.9
[V2VProxy 6] FAILED: Server Status = 'Initializing' (expected 'READY') at t=0.9
[V2VProxy 6] Failed to trigger JOIN, will retry...
[V2VProxy 7] *** STOPPING at intersection! ***
[V2VProxy 7] Distance=26.6098m, t=0.9
[V2VProxy 7] triggerJoinViaJNI() called at t=0.9
[V2VProxy 7] FAILED: Server Status = 'Initializing' (expected 'READY') at t=0.9
[V2VProxy 7] Failed to trigger JOIN, will retry...
[V2VProxy 0] *** STOPPING at intersection! ***
[V2VProxy 0] Distance=28.1105m, t=1
[V2VProxy 0] triggerJoinViaJNI() called at t=1
[V2VProxy 0] FAILED: Server Status = 'Initializing' (expected 'READY') at t=1
[V2VProxy 0] Failed to trigger JOIN, will retry...
[V2VProxy 1] *** STOPPING at intersection! ***
[V2VProxy 1] Distance=23.6184m, t=1
[V2VProxy 1] triggerJoinViaJNI() called at t=1
[V2VProxy 1] FAILED: Server Status = 'Initializing' (expected 'READY') at t=1
[V2VProxy 1] Failed to trigger JOIN, will retry...
[V2VProxy 2] *** STOPPING at intersection! ***
[V2VProxy 2] Distance=43.5351m, t=1
[V2VProxy 2] triggerJoinViaJNI() called at t=1
[V2VProxy 2] FAILED: Server Status = 'Initializing' (expected 'READY') at t=1
[V2VProxy 2] Failed to trigger JOIN, will retry...
[V2VProxy 4] *** STOPPING at intersection! ***
[V2VProxy 4] Distance=44.8646m, t=1
[V2VProxy 4] triggerJoinViaJNI() called at t=1
[V2VProxy 4] FAILED: Server Status = 'Initializing' (expected 'READY') at t=1
[V2VProxy 4] Failed to trigger JOIN, will retry...
[V2VProxy 6] *** STOPPING at intersection! ***
[V2VProxy 6] Distance=29.0779m, t=1
[V2VProxy 6] triggerJoinViaJNI() called at t=1
[V2VProxy 6] FAILED: Server Status = 'Initializing' (expected 'READY') at t=1
[V2VProxy 6] Failed to trigger JOIN, will retry...
[V2VProxy 7] *** STOPPING at intersection! ***
[V2VProxy 7] Distance=26.6028m, t=1
[V2VProxy 7] triggerJoinViaJNI() called at t=1
[V2VProxy 7] FAILED: Server Status = 'Initializing' (expected 'READY') at t=1
[V2VProxy 7] Failed to trigger JOIN, will retry...
[V2VProxy 0] *** STOPPING at intersection! ***
[V2VProxy 0] Distance=28.1105m, t=1.1
[V2VProxy 0] triggerJoinViaJNI() called at t=1.1
[V2VProxy 0] Barrier: 8/8 runners ready
[V2VProxy 0] FAILED: Server Status = 'Initializing' (expected 'READY') at t=1.1
[V2VProxy 0] Failed to trigger JOIN, will retry...
[V2VProxy 1] *** STOPPING at intersection! ***
[V2VProxy 1] Distance=23.6184m, t=1.1
[V2VProxy 1] triggerJoinViaJNI() called at t=1.1
[V2VProxy 1] FAILED: Server Status = 'Initializing' (expected 'READY') at t=1.1
[V2VProxy 1] Failed to trigger JOIN, will retry...
[V2VProxy 2] *** STOPPING at intersection! ***
[V2VProxy 2] Distance=43.5351m, t=1.1
[V2VProxy 2] triggerJoinViaJNI() called at t=1.1
[V2VProxy 2] FAILED: Server Status = 'Initializing' (expected 'READY') at t=1.1
[V2VProxy 2] Failed to trigger JOIN, will retry...
[V2VProxy 4] *** STOPPING at intersection! ***
[V2VProxy 4] Distance=44.8646m, t=1.1
[V2VProxy 4] triggerJoinViaJNI() called at t=1.1
[V2VProxy 4] FAILED: Server Status = 'Initializing' (expected 'READY') at t=1.1
[V2VProxy 4] Failed to trigger JOIN, will retry...
[V2VProxy 6] *** STOPPING at intersection! ***
[V2VProxy 6] Distance=29.0779m, t=1.1
[V2VProxy 6] triggerJoinViaJNI() called at t=1.1
[V2VProxy 6] FAILED: Server Status = 'Initializing' (expected 'READY') at t=1.1
[V2VProxy 6] Failed to trigger JOIN, will retry...
[V2VProxy 7] *** STOPPING at intersection! ***
[V2VProxy 7] Distance=26.6028m, t=1.1
[V2VProxy 7] triggerJoinViaJNI() called at t=1.1
[V2VProxy 7] FAILED: Server Status = 'Initializing' (expected 'READY') at t=1.1
[V2VProxy 7] Failed to trigger JOIN, will retry...
[V2VProxy 0] *** STOPPING at intersection! ***
[V2VProxy 0] Distance=29.4088m, t=1.2
[V2VProxy 0] triggerJoinViaJNI() called at t=1.2
[V2VProxy 0] FAILED: Server Status = 'Initializing' (expected 'READY') at t=1.2
[V2VProxy 0] Failed to trigger JOIN, will retry...
[V2VProxy 1] *** STOPPING at intersection! ***
[V2VProxy 1] Distance=23.8987m, t=1.2
[V2VProxy 1] triggerJoinViaJNI() called at t=1.2
[V2VProxy 1] FAILED: Server Status = 'Initializing' (expected 'READY') at t=1.2
[V2VProxy 1] Failed to trigger JOIN, will retry...
[V2VProxy 2] *** STOPPING at intersection! ***
[V2VProxy 2] Distance=41.8002m, t=1.2
[V2VProxy 2] triggerJoinViaJNI() called at t=1.2
[V2VProxy 2] FAILED: Server Status = 'Initializing' (expected 'READY') at t=1.2
[V2VProxy 2] Failed to trigger JOIN, will retry...
[V2VProxy 4] *** STOPPING at intersection! ***
[V2VProxy 4] Distance=43.8133m, t=1.2
[V2VProxy 4] triggerJoinViaJNI() called at t=1.2
[V2VProxy 4] FAILED: Server Status = 'Initializing' (expected 'READY') at t=1.2
[V2VProxy 4] Failed to trigger JOIN, will retry...
[V2VProxy 6] *** STOPPING at intersection! ***
[V2VProxy 6] Distance=29.6001m, t=1.2
[V2VProxy 6] triggerJoinViaJNI() called at t=1.2
[V2VProxy 6] Barrier: 8/8 runners ready
[V2VProxy 6] FAILED: Server Status = 'Initializing' (expected 'READY') at t=1.2
[V2VProxy 6] Failed to trigger JOIN, will retry...
[V2VProxy 7] *** STOPPING at intersection! ***
[V2VProxy 7] Distance=26.6321m, t=1.2
[V2VProxy 7] triggerJoinViaJNI() called at t=1.2
[V2VProxy 7] FAILED: Server Status = 'Initializing' (expected 'READY') at t=1.2
[V2VProxy 7] Failed to trigger JOIN, will retry...
[V2VProxy 0] *** STOPPING at intersection! ***
[V2VProxy 0] Distance=29.4088m, t=1.3
[V2VProxy 0] triggerJoinViaJNI() called at t=1.3
[V2VProxy 0] FAILED: Server Status = 'Initializing' (expected 'READY') at t=1.3
[V2VProxy 0] Failed to trigger JOIN, will retry...
[V2VProxy 1] *** STOPPING at intersection! ***
[V2VProxy 1] Distance=23.8987m, t=1.3
[V2VProxy 1] triggerJoinViaJNI() called at t=1.3
[V2VProxy 1] FAILED: Server Status = 'Initializing' (expected 'READY') at t=1.3
[V2VProxy 1] Failed to trigger JOIN, will retry...
[V2VProxy 2] *** STOPPING at intersection! ***
[V2VProxy 2] Distance=41.8002m, t=1.3
[V2VProxy 2] triggerJoinViaJNI() called at t=1.3
[V2VProxy 2] FAILED: Server Status = 'Initializing' (expected 'READY') at t=1.3
[V2VProxy 2] Failed to trigger JOIN, will retry...
[V2VProxy 4] *** STOPPING at intersection! ***
[V2VProxy 4] Distance=43.8133m, t=1.3
[V2VProxy 4] triggerJoinViaJNI() called at t=1.3
[V2VProxy 4] FAILED: Server Status = 'Initializing' (expected 'READY') at t=1.3
[V2VProxy 4] Failed to trigger JOIN, will retry...
[V2VProxy 6] *** STOPPING at intersection! ***
[V2VProxy 6] Distance=29.6001m, t=1.3
[V2VProxy 6] triggerJoinViaJNI() called at t=1.3
[V2VProxy 6] FAILED: Server Status = 'Initializing' (expected 'READY') at t=1.3
[V2VProxy 6] Failed to trigger JOIN, will retry...
[V2VProxy 7] *** STOPPING at intersection! ***
[V2VProxy 7] Distance=26.6321m, t=1.3
[V2VProxy 7] triggerJoinViaJNI() called at t=1.3
[V2VProxy 7] FAILED: Server Status = 'Initializing' (expected 'READY') at t=1.3
[V2VProxy 7] Failed to trigger JOIN, will retry...
[V2VProxy 0] *** STOPPING at intersection! ***
[V2VProxy 0] Distance=30.6982m, t=1.4
[V2VProxy 0] triggerJoinViaJNI() called at t=1.4
[V2VProxy 0] FAILED: Server Status = 'Initializing' (expected 'READY') at t=1.4
[V2VProxy 0] Failed to trigger JOIN, will retry...
[V2VProxy 1] *** STOPPING at intersection! ***
[V2VProxy 1] Distance=24.2409m, t=1.4
[V2VProxy 1] triggerJoinViaJNI() called at t=1.4
[V2VProxy 1] FAILED: Server Status = 'Initializing' (expected 'READY') at t=1.4
[V2VProxy 1] Failed to trigger JOIN, will retry...
[V2VProxy 2] *** STOPPING at intersection! ***
[V2VProxy 2] Distance=40.2479m, t=1.4
[V2VProxy 2] triggerJoinViaJNI() called at t=1.4
[V2VProxy 2] Barrier: 8/8 runners ready
[V2VProxy 2] FAILED: Server Status = 'Initializing' (expected 'READY') at t=1.4
[V2VProxy 2] Failed to trigger JOIN, will retry...
[V2VProxy 4] *** STOPPING at intersection! ***
[V2VProxy 4] Distance=42.9228m, t=1.4
[V2VProxy 4] triggerJoinViaJNI() called at t=1.4
[V2VProxy 4] FAILED: Server Status = 'Initializing' (expected 'READY') at t=1.4
[V2VProxy 4] Failed to trigger JOIN, will retry...
[V2VProxy 6] *** STOPPING at intersection! ***
[V2VProxy 6] Distance=30.0797m, t=1.4
[V2VProxy 6] triggerJoinViaJNI() called at t=1.4
[V2VProxy 6] FAILED: Server Status = 'Initializing' (expected 'READY') at t=1.4
[V2VProxy 6] Failed to trigger JOIN, will retry...
[V2VProxy 7] *** STOPPING at intersection! ***
[V2VProxy 7] Distance=26.6789m, t=1.4
[V2VProxy 7] triggerJoinViaJNI() called at t=1.4
[V2VProxy 7] FAILED: Server Status = 'Initializing' (expected 'READY') at t=1.4
[V2VProxy 7] Failed to trigger JOIN, will retry...
[V2VProxy 0] *** STOPPING at intersection! ***
[V2VProxy 0] Distance=30.6982m, t=1.5
[V2VProxy 0] triggerJoinViaJNI() called at t=1.5
[Server 5] DEBUG: Constructor started.[V2VProxy 0] FAILED: Server Status = 'Initializing' (expected 'READY') at t=1.5
[V2VProxy 0] Failed to trigger JOIN, will retry...
[V2VProxy 1] *** STOPPING at intersection! ***
[V2VProxy 1] Distance=24.2409m, t=1.5
[V2VProxy 1] triggerJoinViaJNI() called at t=1.5
[V2VProxy 1] FAILED: Server Status = 'Initializing' (expected 'READY') at t=1.5
[V2VProxy 1] Failed to trigger JOIN, will retry...
[V2VProxy 2] *** STOPPING at intersection! ***
[V2VProxy 2] Distance=40.2479m, t=1.5
[V2VProxy 2] triggerJoinViaJNI() called at t=1.5

[Server 0] DEBUG: Constructor started.[V2VProxy 2] FAILED: Server Status = 'Initializing' (expected 'READY') at t=1.5
[V2VProxy 2] Failed to trigger JOIN, will retry...
[V2VProxy 4] *** STOPPING at intersection! ***
[V2VProxy 4] Distance=42.9228m, t=1.5
[V2VProxy 4] triggerJoinViaJNI() called at t=1.5
[V2VProxy 4] FAILED: Server Status = 'Initializing' (expected 'READY') at t=1.5
[V2VProxy 4] Failed to trigger JOIN, will retry...
[V2VProxy 6] *** STOPPING at intersection! ***
[V2VProxy 6] Distance=30.0797m, t=1.5
[V2VProxy 6] triggerJoinViaJNI() called at t=1.5
[V2VProxy 6] FAILED: Server Status = 'Initializing' (expected 'READY') at t=1.5
[V2VProxy 6] Failed to trigger JOIN, will retry...
[V2VProxy 7] *** STOPPING at intersection! ***
[V2VProxy 7] Distance=26.6789m, t=1.5
[V2VProxy 7] triggerJoinViaJNI() called at t=1.5
[V2VProxy 7] FAILED: Server Status = 'Initializing' (expected 'READY') at t=1.5
[V2VProxy 7] Failed to trigger JOIN, will retry...

[Server 3] DEBUG: Constructor started.
[Server 2] DEBUG: Constructor started.
[Server 7] DEBUG: Constructor started.
[Server 4] DEBUG: Constructor started.
[Server 6] DEBUG: Constructor started.
[V2VProxy 0] *** STOPPING at intersection! ***
[V2VProxy 0] Distance=31.9449m, t=1.6
[V2VProxy 0] triggerJoinViaJNI() called at t=1.6
[V2VProxy 0] Barrier: 8/8 runners ready
[V2VProxy 0] FAILED: Server Status = 'Initializing' (expected 'READY') at t=1.6
[V2VProxy 0] Failed to trigger JOIN, will retry...
[V2VProxy 1] *** STOPPING at intersection! ***
[V2VProxy 1] Distance=24.6101m, t=1.6
[V2VProxy 1] triggerJoinViaJNI() called at t=1.6
[V2VProxy 1] FAILED: Server Status = 'Initializing' (expected 'READY') at t=1.6
[V2VProxy 1] Failed to trigger JOIN, will retry...
[V2VProxy 2] *** STOPPING at intersection! ***
[V2VProxy 2] Distance=38.8719m, t=1.6
[V2VProxy 2] triggerJoinViaJNI() called at t=1.6
[V2VProxy 2] FAILED: Server Status = 'Initializing' (expected 'READY') at t=1.6
[V2VProxy 2] Failed to trigger JOIN, will retry...
[V2VProxy 3] *** STOPPING at intersection! ***
[V2VProxy 3] Distance=48.7457m, t=1.6
[V2VProxy 3] Vehicle STOPPED at intersection (distance=48.7457m)
[V2VProxy 3] triggerJoinViaJNI() called at t=1.6
[V2VProxy 3] FAILED: Server Status = 'Initializing' (expected 'READY') at t=1.6
[V2VProxy 3] Failed to trigger JOIN, will retry...
[V2VProxy 4] *** STOPPING at intersection! ***
[V2VProxy 4] Distance=42.1897m, t=1.6
[V2VProxy 4] triggerJoinViaJNI() called at t=1.6
[V2VProxy 4] FAILED: Server Status = 'Initializing' (expected 'READY') at t=1.6
[V2VProxy 4] Failed to trigger JOIN, will retry...
[V2VProxy 6] *** STOPPING at intersection! ***
[V2VProxy 6] Distance=30.5m, t=1.6
[V2VProxy 6] triggerJoinViaJNI() called at t=1.6
[V2VProxy 6] FAILED: Server Status = 'Initializing' (expected 'READY') at t=1.6
[V2VProxy 6] Failed to trigger JOIN, will retry...
[V2VProxy 7] *** STOPPING at intersection! ***
[V2VProxy 7] Distance=26.7281m, t=1.6
[V2VProxy 7] triggerJoinViaJNI() called at t=1.6
[V2VProxy 7] FAILED: Server Status = 'Initializing' (expected 'READY') at t=1.6
[V2VProxy 7] Failed to trigger JOIN, will retry...
[Server 1] DEBUG: Constructor started.
[V2VProxy 0] *** STOPPING at intersection! ***
[V2VProxy 0] Distance=31.9449m, t=1.7
[V2VProxy 0] triggerJoinViaJNI() called at t=1.7
[V2VProxy 0] FAILED: Server Status = 'Initializing' (expected 'READY') at t=1.7
[V2VProxy 0] Failed to trigger JOIN, will retry...
[V2VProxy 1] *** STOPPING at intersection! ***
[V2VProxy 1] Distance=24.6101m, t=1.7
[V2VProxy 1] triggerJoinViaJNI() called at t=1.7
[V2VProxy 1] FAILED: Server Status = 'Initializing' (expected 'READY') at t=1.7
[V2VProxy 1] Failed to trigger JOIN, will retry...
[V2VProxy 2] *** STOPPING at intersection! ***
[V2VProxy 2] Distance=38.8719m, t=1.7
[V2VProxy 2] triggerJoinViaJNI() called at t=1.7
[V2VProxy 2] FAILED: Server Status = 'Initializing' (expected 'READY') at t=1.7
[V2VProxy 2] Failed to trigger JOIN, will retry...
[V2VProxy 3] *** STOPPING at intersection! ***
[V2VProxy 3] Distance=48.7457m, t=1.7
[V2VProxy 3] triggerJoinViaJNI() called at t=1.7
[V2VProxy 3] Barrier: 8/8 runners ready
[V2VProxy 3] FAILED: Server Status = 'Initializing' (expected 'READY') at t=1.7
[V2VProxy 3] Failed to trigger JOIN, will retry...
[V2VProxy 4] *** STOPPING at intersection! ***
[V2VProxy 4] Distance=42.1897m, t=1.7
[V2VProxy 4] triggerJoinViaJNI() called at t=1.7
[V2VProxy 4] FAILED: Server Status = 'Initializing' (expected 'READY') at t=1.7
[V2VProxy 4] Failed to trigger JOIN, will retry...
[V2VProxy 6] *** STOPPING at intersection! ***
[V2VProxy 6] Distance=30.5m, t=1.7
[V2VProxy 6] triggerJoinViaJNI() called at t=1.7
[V2VProxy 6] FAILED: Server Status = 'Initializing' (expected 'READY') at t=1.7
[V2VProxy 6] Failed to trigger JOIN, will retry...
[V2VProxy 7] *** STOPPING at intersection! ***
[V2VProxy 7] Distance=26.7281m, t=1.7
[V2VProxy 7] triggerJoinViaJNI() called at t=1.7
[V2VProxy 7] FAILED: Server Status = 'Initializing' (expected 'READY') at t=1.7
[V2VProxy 7] Failed to trigger JOIN, will retry...
[Server 0] DEBUG: Bouncy Castle Provider registered.
[Server 1] DEBUG: Bouncy Castle Provider registered.
==================================================
[DEBUG] JVM Working Directory: /home/yash/omnetpp/fourway
[DEBUG] LOOK HERE FOR CONFIG: /home/yash/omnetpp/fourway/config
==================================================
[Server 6] DEBUG: Bouncy Castle Provider registered.
==================================================
[DEBUG] JVM Working Directory: /home/yash/omnetpp/fourway
[DEBUG] LOOK HERE FOR CONFIG: /home/yash/omnetpp/fourway/config
==================================================
[Server 4] DEBUG: Bouncy Castle Provider registered.
==================================================
[DEBUG] JVM Working Directory: /home/yash/omnetpp/fourway
[DEBUG] LOOK HERE FOR CONFIG: /home/yash/omnetpp/fourway/config
==================================================
[Server 2] DEBUG: Bouncy Castle Provider registered.
==================================================
[DEBUG] JVM Working Directory: /home/yash/omnetpp/fourway
[DEBUG] LOOK HERE FOR CONFIG: /home/yash/omnetpp/fourway/config
==================================================
[Server 4] Intersection Physics: width=15.0m, avgSpeed=14.0m/s, safetyGap=1.5s
[Server 4] DEBUG: About to create ServiceReplica (This might block)...
[Server 6] Intersection Physics: width=15.0m, avgSpeed=14.0m/s, safetyGap=1.5s
[Server 6] DEBUG: About to create ServiceReplica (This might block)...
[Server 6] DEBUG: Thread = Thread-6
[Server 1] Intersection Physics: width=15.0m, avgSpeed=14.0m/s, safetyGap=1.5s
[Server 1] DEBUG: About to create ServiceReplica (This might block)...
[Server 1] DEBUG: Thread = Thread-1
[Server 1] DEBUG: Current time = 1769484072010
[Server 1] DEBUG: Calling new ServiceReplica(1, ...)
[Server 5] DEBUG: Bouncy Castle Provider registered.
==================================================
[DEBUG] JVM Working Directory: /home/yash/omnetpp/fourway
[DEBUG] LOOK HERE FOR CONFIG: /home/yash/omnetpp/fourway/config
==================================================
==================================================
[Server 5] Intersection Physics: width=15.0m, avgSpeed=14.0m/s, safetyGap=1.5s
[Server 5] DEBUG: About to create ServiceReplica (This might block)...
[Server 5] DEBUG: Thread = Thread-5
[Server 5] DEBUG: Current time = 1769484072010
[Server 5] DEBUG: Calling new ServiceReplica(5, ...)
[Server 7] DEBUG: Bouncy Castle Provider registered.
==================================================
[DEBUG] JVM Working Directory: /home/yash/omnetpp/fourway
[DEBUG] LOOK HERE FOR CONFIG: /home/yash/omnetpp/fourway/config
==================================================
[Server 3] DEBUG: Bouncy Castle Provider registered.
==================================================
[DEBUG] JVM Working Directory: /home/yash/omnetpp/fourway
[DEBUG] LOOK HERE FOR CONFIG: /home/yash/omnetpp/fourway/config
==================================================
[Server 7] Intersection Physics: width=15.0m, avgSpeed=14.0m/s, safetyGap=1.5s
[Server 7] DEBUG: About to create ServiceReplica (This might block)...
[Server 7] DEBUG: Thread = Thread-7
[Server 7] DEBUG: Current time = 1769484072012
[Server 7] DEBUG: Calling new ServiceReplica(7, ...)
[DEBUG] JVM Working Directory: /home/yash/omnetpp/fourway
[DEBUG] LOOK HERE FOR CONFIG: /home/yash/omnetpp/fourway/config
==================================================
[Server 6] DEBUG: Current time = 1769484072009
[Server 0] Intersection Physics: width=15.0m, avgSpeed=14.0m/s, safetyGap=1.5s
[Server 0] DEBUG: About to create ServiceReplica (This might block)...
[Server 0] DEBUG: Thread = Thread-0
[Server 0] DEBUG: Current time = 1769484072012
[Server 0] DEBUG: Calling new ServiceReplica(0, ...)
[Server 4] DEBUG: Thread = Thread-4
[Server 4] DEBUG: Current time = 1769484072013
[Server 4] DEBUG: Calling new ServiceReplica(4, ...)
[Server 2] Intersection Physics: width=15.0m, avgSpeed=14.0m/s, safetyGap=1.5s
[Server 2] DEBUG: About to create ServiceReplica (This might block)...
[Server 2] DEBUG: Thread = Thread-2
[Server 2] DEBUG: Current time = 1769484072013
[Server 2] DEBUG: Calling new ServiceReplica(2, ...)
[Server 6] DEBUG: Calling new ServiceReplica(6, ...)
[Server 3] Intersection Physics: width=15.0m, avgSpeed=14.0m/s, safetyGap=1.5s
[Server 3] DEBUG: About to create ServiceReplica (This might block)...
[Server 3] DEBUG: Thread = Thread-3
[Server 3] DEBUG: Current time = 1769484072016
[Server 3] DEBUG: Calling new ServiceReplica(3, ...)
[V2VProxy 0] *** STOPPING at intersection! ***
[V2VProxy 0] Distance=33.1232m, t=1.8
[V2VProxy 0] triggerJoinViaJNI() called at t=1.8
[V2VProxy 0] FAILED: Server Status = 'Initializing' (expected 'READY') at t=1.8
[V2VProxy 0] Failed to trigger JOIN, will retry...
[V2VProxy 1] *** STOPPING at intersection! ***
[V2VProxy 1] Distance=24.9771m, t=1.8
[V2VProxy 1] triggerJoinViaJNI() called at t=1.8
[V2VProxy 1] FAILED: Server Status = 'Initializing' (expected 'READY') at t=1.8
[V2VProxy 1] Failed to trigger JOIN, will retry...
[V2VProxy 2] *** STOPPING at intersection! ***
[V2VProxy 2] Distance=37.6648m, t=1.8
[V2VProxy 2] triggerJoinViaJNI() called at t=1.8
[V2VProxy 2] FAILED: Server Status = 'Initializing' (expected 'READY') at t=1.8
[V2VProxy 2] Failed to trigger JOIN, will retry...
[V2VProxy 3] *** STOPPING at intersection! ***
[V2VProxy 3] Distance=47.4865m, t=1.8
[V2VProxy 3] triggerJoinViaJNI() called at t=1.8
[V2VProxy 3] FAILED: Server Status = 'Initializing' (expected 'READY') at t=1.8
[V2VProxy 3] Failed to trigger JOIN, will retry...
[V2VProxy 4] *** STOPPING at intersection! ***
[V2VProxy 4] Distance=41.6109m, t=1.8
[V2VProxy 4] triggerJoinViaJNI() called at t=1.8
[V2VProxy 4] FAILED: Server Status = 'Initializing' (expected 'READY') at t=1.8
[V2VProxy 4] Failed to trigger JOIN, will retry...
[V2VProxy 6] *** STOPPING at intersection! ***
[V2VProxy 6] Distance=30.848m, t=1.8
[V2VProxy 6] triggerJoinViaJNI() called at t=1.8
[V2VProxy 6] FAILED: Server Status = 'Initializing' (expected 'READY') at t=1.8
[V2VProxy 6] Failed to trigger JOIN, will retry...
[V2VProxy 7] *** STOPPING at intersection! ***
[V2VProxy 7] Distance=26.7683m, t=1.8
[V2VProxy 7] triggerJoinViaJNI() called at t=1.8
[V2VProxy 7] Barrier: 8/8 runners ready
[V2VProxy 7] FAILED: Server Status = 'Initializing' (expected 'READY') at t=1.8
[V2VProxy 7] Failed to trigger JOIN, will retry...
19:21:12.041 [Thread-5] INFO bftsmart.reconfiguration.ServerViewController - Creating current view from configuration file
19:21:12.041 [Thread-0] INFO bftsmart.reconfiguration.ServerViewController - Creating current view from configuration file
19:21:12.041 [Thread-3] INFO bftsmart.reconfiguration.ServerViewController - Creating current view from configuration file
19:21:12.041 [Thread-4] INFO bftsmart.reconfiguration.ServerViewController - Creating current view from configuration file
19:21:12.041 [Thread-2] INFO bftsmart.reconfiguration.ServerViewController - Creating current view from configuration file
19:21:12.041 [Thread-7] INFO bftsmart.reconfiguration.ServerViewController - Creating current view from configuration file
19:21:12.041 [Thread-1] INFO bftsmart.reconfiguration.ServerViewController - Creating current view from configuration file
19:21:12.041 [Thread-6] INFO bftsmart.reconfiguration.ServerViewController - Creating current view from configuration file
19:21:12.078 [Thread-5] INFO bftsmart.communication.ServerCommunicationSystem - Using V2V communication layer on port 12005
19:21:12.078 [Thread-2] INFO bftsmart.communication.ServerCommunicationSystem - Using V2V communication layer on port 12002
19:21:12.078 [Thread-6] INFO bftsmart.communication.ServerCommunicationSystem - Using V2V communication layer on port 12006
19:21:12.078 [Thread-7] INFO bftsmart.communication.ServerCommunicationSystem - Using V2V communication layer on port 12007
19:21:12.078 [Thread-4] INFO bftsmart.communication.ServerCommunicationSystem - Using V2V communication layer on port 12004
19:21:12.078 [Thread-1] INFO bftsmart.communication.ServerCommunicationSystem - Using V2V communication layer on port 12001
19:21:12.078 [Thread-0] INFO bftsmart.communication.ServerCommunicationSystem - Using V2V communication layer on port 12000
19:21:12.078 [Thread-3] INFO bftsmart.communication.ServerCommunicationSystem - Using V2V communication layer on port 12003
[Reliability 6] Automatic retransmissions DISABLED - using piggybacked ACKs only
==============================================
[V2V Layer 6] INITIALIZING CONNECTIONS
    My ID: 6
    All replicas: [0, 1, 2, 3, 4, 5, 6, 7]
[V2V Layer 6] DEBUG: About to create V2VNativeBridge callback...
[Reliability 3] Automatic retransmissions DISABLED - using piggybacked ACKs only
==============================================
[V2V Layer 3] INITIALIZING CONNECTIONS
    My ID: 3
    All replicas: [0, 1, 2, 3, 4, 5, 6, 7]
[V2V Layer 3] DEBUG: About to create V2VNativeBridge callback...
[Reliability 5] Automatic retransmissions DISABLED - using piggybacked ACKs only
==============================================
[V2V Layer 5] INITIALIZING CONNECTIONS
    My ID: 5
    All replicas: [0, 1, 2, 3, 4, 5, 6, 7]
[V2V Layer 5] DEBUG: About to create V2VNativeBridge callback...
[Reliability 1] Automatic retransmissions DISABLED - using piggybacked ACKs only
==============================================
[V2V Layer 1] INITIALIZING CONNECTIONS
    My ID: 1
    All replicas: [0, 1, 2, 3, 4, 5, 6, 7]
[V2V Layer 1] DEBUG: About to create V2VNativeBridge callback...
[Reliability 2] Automatic retransmissions DISABLED - using piggybacked ACKs only
==============================================
[V2V Layer 2] INITIALIZING CONNECTIONS
    My ID: 2
    All replicas: [0, 1, 2, 3, 4, 5, 6, 7]
[V2V Layer 2] DEBUG: About to create V2VNativeBridge callback...
[V2V Layer 3] DEBUG: Callback created, creating V2VNativeBridge...
[V2V Layer 1] DEBUG: Callback created, creating V2VNativeBridge...
V2VNativeBridge1: Created, initializing immediately...
V2VNativeBridge3: Created, initializing immediately...[JNI] nativeInit called for replica 1

[JNI] nativeInit called for replica [DEBUG V2VProxy 1] registerJavaCallback called
3
[DEBUG V2VProxy 3] registerJavaCallback called
[DEBUG V2VProxy 1] Java callback registered successfully
[JNI] Successfully initialized V2V bridge for replica 1
[DEBUG V2VProxy 3] Java callback registered successfully
[JNI] Successfully initialized V2V bridge for replica 3
V2VNativeBridge1: Initialized successfully, callback registered
[V2V Layer 1] DEBUG: Bridge created and callback registered!
[V2V Layer 1] DEBUG: Waiting 500ms for all peers to register callbacks...
[Reliability 7] Automatic retransmissions DISABLED - using piggybacked ACKs only
==============================================
[V2V Layer 7] INITIALIZING CONNECTIONS
    My ID: 7
    All replicas: [0, 1, 2, 3, 4, 5, 6, 7]
[V2V Layer 7] DEBUG: About to create V2VNativeBridge callback...
[V2V Layer 7] DEBUG: Callback created, creating V2VNativeBridge...
V2VNativeBridge7: Created, initializing immediately...
[JNI] nativeInit called for replica 7
[DEBUG V2VProxy 7] registerJavaCallback called
[DEBUG V2VProxy 7] Java callback registered successfully
[JNI] Successfully initialized V2V bridge for replica 7
V2VNativeBridge7: Initialized successfully, callback registered
[V2V Layer 7] DEBUG: Bridge created and callback registered!
[V2V Layer 7] DEBUG: Waiting 500ms for all peers to register callbacks...
V2VNativeBridge3: Initialized successfully, callback registered
[V2V Layer 3] DEBUG: Bridge created and callback registered!
[V2V Layer 3] DEBUG: Waiting 500ms for all peers to register callbacks...
[Reliability 0] Automatic retransmissions DISABLED - using piggybacked ACKs only
==============================================
[V2V Layer 0] INITIALIZING CONNECTIONS
    My ID: 0
    All replicas: [0, 1, 2, 3, 4, 5, 6, 7]
[V2V Layer 0] DEBUG: About to create V2VNativeBridge callback...
[V2V Layer 2] DEBUG: Callback created, creating V2VNativeBridge...
V2VNativeBridge2: Created, initializing immediately...
[JNI] nativeInit called for replica 2
[DEBUG V2VProxy 2] registerJavaCallback called
[DEBUG V2VProxy 2] Java callback registered successfully
[JNI] Successfully initialized V2V bridge for replica 2
[V2V Layer 0] DEBUG: Callback created, creating V2VNativeBridge...
V2VNativeBridge0: Created, initializing immediately...
[JNI] nativeInit called for replica 0
[DEBUG V2VProxy 0] registerJavaCallback called
[DEBUG V2VProxy 0] Java callback registered successfully
[JNI] Successfully initialized V2V bridge for replica 0
[V2V Layer 6] DEBUG: Callback created, creating V2VNativeBridge...
V2VNativeBridge6: Created, initializing immediately...
[JNI] nativeInit called for replica 6
[DEBUG V2VProxy 6] registerJavaCallback called
[DEBUG V2VProxy 6] Java callback registered successfully
[JNI] Successfully initialized V2V bridge for replica 6
[V2V Layer 5] DEBUG: Callback created, creating V2VNativeBridge...
V2VNativeBridge5: Created, initializing immediately...
[JNI] nativeInit called for replica 5
[DEBUG V2VProxy 5] registerJavaCallback called
[Reliability 4] Automatic retransmissions DISABLED - using piggybacked ACKs only[DEBUG V2VProxy 5] Java callback registered successfully
[JNI] Successfully initialized V2V bridge for replica 5

V2VNativeBridge5: Initialized successfully, callback registered
[V2V Layer 5] DEBUG: Bridge created and callback registered!
==============================================
[V2V Layer 4] INITIALIZING CONNECTIONS
    My ID: 4
    All replicas: [0, 1, 2, 3, 4, 5, 6, 7]
[V2V Layer 4] DEBUG: About to create V2VNativeBridge callback...
[V2V Layer 4] DEBUG: Callback created, creating V2VNativeBridge...
V2VNativeBridge4: Created, initializing immediately...
[JNI] nativeInit called for replica 4
[DEBUG V2VProxy 4] registerJavaCallback called
[DEBUG V2VProxy 4] Java callback registered successfully
[JNI] Successfully initialized V2V bridge for replica 4
V2VNativeBridge4: Initialized successfully, callback registered
[V2V Layer 4] DEBUG: Bridge created and callback registered!
[V2V Layer 4] DEBUG: Waiting 500ms for all peers to register callbacks...
V2VNativeBridge6: Initialized successfully, callback registered
[V2V Layer 6] DEBUG: Bridge created and callback registered!
[V2V Layer 6] DEBUG: Waiting 500ms for all peers to register callbacks...
V2VNativeBridge0: Initialized successfully, callback registered
[V2V Layer 0] DEBUG: Bridge created and callback registered!
V2VNativeBridge2: Initialized successfully, callback registered
[V2V Layer 2] DEBUG: Bridge created and callback registered!
[V2V Layer 2] DEBUG: Waiting 500ms for all peers to register callbacks...
[V2V Layer 0] DEBUG: Waiting 500ms for all peers to register callbacks...
[V2V Layer 5] DEBUG: Waiting 500ms for all peers to register callbacks...
[V2VProxy 0] *** STOPPING at intersection! ***
[V2VProxy 0] Distance=33.1232m, t=1.9
[V2VProxy 0] triggerJoinViaJNI() called at t=1.9
[V2VProxy 0] FAILED: Server Status = 'Initializing' (expected 'READY') at t=1.9
[V2VProxy 0] Failed to trigger JOIN, will retry...
[V2VProxy 1] *** STOPPING at intersection! ***
[V2VProxy 1] Distance=24.9771m, t=1.9
[V2VProxy 1] triggerJoinViaJNI() called at t=1.9
[V2VProxy 1] FAILED: Server Status = 'Initializing' (expected 'READY') at t=1.9
[V2VProxy 1] Failed to trigger JOIN, will retry...
[V2VProxy 2] *** STOPPING at intersection! ***
[V2VProxy 2] Distance=37.6648m, t=1.9
[V2VProxy 2] triggerJoinViaJNI() called at t=1.9
[V2VProxy 2] FAILED: Server Status = 'Initializing' (expected 'READY') at t=1.9
[V2VProxy 2] Failed to trigger JOIN, will retry...
[V2VProxy 3] *** STOPPING at intersection! ***
[V2VProxy 3] Distance=47.4865m, t=1.9
[V2VProxy 3] triggerJoinViaJNI() called at t=1.9
[V2VProxy 3] FAILED: Server Status = 'Initializing' (expected 'READY') at t=1.9
[V2VProxy 3] Failed to trigger JOIN, will retry...
[V2VProxy 4] *** STOPPING at intersection! ***
[V2VProxy 4] Distance=41.6109m, t=1.9
[V2VProxy 4] triggerJoinViaJNI() called at t=1.9
[V2VProxy 4] FAILED: Server Status = 'Initializing' (expected 'READY') at t=1.9
[V2VProxy 4] Failed to trigger JOIN, will retry...
[V2VProxy 6] *** STOPPING at intersection! ***
[V2VProxy 6] Distance=30.848m, t=1.9
[V2VProxy 6] triggerJoinViaJNI() called at t=1.9
[V2VProxy 6] FAILED: Server Status = 'Initializing' (expected 'READY') at t=1.9
[V2VProxy 6] Failed to trigger JOIN, will retry...
[V2VProxy 7] *** STOPPING at intersection! ***
[V2VProxy 7] Distance=26.7683m, t=1.9
[V2VProxy 7] triggerJoinViaJNI() called at t=1.9
[V2VProxy 7] FAILED: Server Status = 'Initializing' (expected 'READY') at t=1.9
[V2VProxy 7] Failed to trigger JOIN, will retry...
[V2VProxy 0] *** STOPPING at intersection! ***
[V2VProxy 0] Distance=34.2134m, t=2
[V2VProxy 0] triggerJoinViaJNI() called at t=2
[V2VProxy 0] FAILED: Server Status = 'Initializing' (expected 'READY') at t=2
[V2VProxy 0] Failed to trigger JOIN, will retry...
[V2VProxy 1] *** STOPPING at intersection! ***
[V2VProxy 1] Distance=25.3183m, t=2
[V2VProxy 1] triggerJoinViaJNI() called at t=2
[V2VProxy 1] FAILED: Server Status = 'Initializing' (expected 'READY') at t=2
[V2VProxy 1] Failed to trigger JOIN, will retry...
[V2VProxy 2] *** STOPPING at intersection! ***
[V2VProxy 2] Distance=36.6185m, t=2
[V2VProxy 2] triggerJoinViaJNI() called at t=2
[V2VProxy 2] Barrier: 8/8 runners ready
[V2VProxy 2] FAILED: Server Status = 'Initializing' (expected 'READY') at t=2
[V2VProxy 2] Failed to trigger JOIN, will retry...
[V2VProxy 3] *** STOPPING at intersection! ***
[V2VProxy 3] Distance=46.3898m, t=2
[V2VProxy 3] triggerJoinViaJNI() called at t=2
[V2VProxy 3] FAILED: Server Status = 'Initializing' (expected 'READY') at t=2
[V2VProxy 3] Failed to trigger JOIN, will retry...
[V2VProxy 4] *** STOPPING at intersection! ***
[V2VProxy 4] Distance=41.1838m, t=2
[V2VProxy 4] triggerJoinViaJNI() called at t=2
[V2VProxy 4] FAILED: Server Status = 'Initializing' (expected 'READY') at t=2
[V2VProxy 4] Failed to trigger JOIN, will retry...
[V2VProxy 6] *** STOPPING at intersection! ***
[V2VProxy 6] Distance=31.114m, t=2
[V2VProxy 6] triggerJoinViaJNI() called at t=2
[V2VProxy 6] FAILED: Server Status = 'Initializing' (expected 'READY') at t=2
[V2VProxy 6] Failed to trigger JOIN, will retry...
[V2VProxy 7] *** STOPPING at intersection! ***
[V2VProxy 7] Distance=26.7919m, t=2
[V2VProxy 7] triggerJoinViaJNI() called at t=2
[V2VProxy 7] FAILED: Server Status = 'Initializing' (expected 'READY') at t=2
[V2VProxy 7] Failed to trigger JOIN, will retry...
[V2VProxy 0] *** STOPPING at intersection! ***
[V2VProxy 0] Distance=34.2134m, t=2.1
[V2VProxy 0] triggerJoinViaJNI() called at t=2.1
[V2VProxy 0] FAILED: Server Status = 'Initializing' (expected 'READY') at t=2.1
[V2VProxy 0] Failed to trigger JOIN, will retry...
[V2VProxy 1] *** STOPPING at intersection! ***
[V2VProxy 1] Distance=25.3183m, t=2.1
[V2VProxy 1] triggerJoinViaJNI() called at t=2.1
[V2VProxy 1] FAILED: Server Status = 'Initializing' (expected 'READY') at t=2.1
[V2VProxy 1] Failed to trigger JOIN, will retry...
[V2VProxy 2] *** STOPPING at intersection! ***
[V2VProxy 2] Distance=36.6185m, t=2.1
[V2VProxy 2] triggerJoinViaJNI() called at t=2.1
[V2VProxy 2] FAILED: Server Status = 'Initializing' (expected 'READY') at t=2.1
[V2VProxy 2] Failed to trigger JOIN, will retry...
[V2VProxy 3] *** STOPPING at intersection! ***
[V2VProxy 3] Distance=46.3898m, t=2.1
[V2VProxy 3] triggerJoinViaJNI() called at t=2.1
[V2VProxy 3] FAILED: Server Status = 'Initializing' (expected 'READY') at t=2.1
[V2VProxy 3] Failed to trigger JOIN, will retry...
[V2VProxy 4] *** STOPPING at intersection! ***
[V2VProxy 4] Distance=41.1838m, t=2.1
[V2VProxy 4] triggerJoinViaJNI() called at t=2.1
[V2VProxy 4] FAILED: Server Status = 'Initializing' (expected 'READY') at t=2.1
[V2VProxy 4] Failed to trigger JOIN, will retry...
[V2VProxy 6] *** STOPPING at intersection! ***
[V2VProxy 6] Distance=31.114m, t=2.1
[V2VProxy 6] triggerJoinViaJNI() called at t=2.1
[V2VProxy 6] Barrier: 8/8 runners ready
[V2VProxy 6] FAILED: Server Status = 'Initializing' (expected 'READY') at t=2.1
[V2VProxy 6] Failed to trigger JOIN, will retry...
[V2VProxy 7] *** STOPPING at intersection! ***
[V2VProxy 7] Distance=26.7919m, t=2.1
[V2VProxy 7] triggerJoinViaJNI() called at t=2.1
[V2VProxy 7] FAILED: Server Status = 'Initializing' (expected 'READY') at t=2.1
[V2VProxy 7] Failed to trigger JOIN, will retry...
[V2VProxy 0] *** STOPPING at intersection! ***
[V2VProxy 0] Distance=35.2004m, t=2.2
[V2VProxy 0] triggerJoinViaJNI() called at t=2.2
[V2VProxy 0] FAILED: Server Status = 'Initializing' (expected 'READY') at t=2.2
[V2VProxy 0] Failed to trigger JOIN, will retry...
[V2VProxy 1] *** STOPPING at intersection! ***
[V2VProxy 1] Distance=25.6151m, t=2.2
[V2VProxy 1] triggerJoinViaJNI() called at t=2.2
[V2VProxy 1] FAILED: Server Status = 'Initializing' (expected 'READY') at t=2.2
[V2VProxy 1] Failed to trigger JOIN, will retry...
[V2VProxy 2] *** STOPPING at intersection! ***
[V2VProxy 2] Distance=35.7246m, t=2.2
[V2VProxy 2] triggerJoinViaJNI() called at t=2.2
[V2VProxy 2] FAILED: Server Status = 'Initializing' (expected 'READY') at t=2.2
[V2VProxy 2] Failed to trigger JOIN, will retry...
[V2VProxy 3] *** STOPPING at intersection! ***
[V2VProxy 3] Distance=45.4514m, t=2.2
[V2VProxy 3] triggerJoinViaJNI() called at t=2.2
[V2VProxy 3] FAILED: Server Status = 'Initializing' (expected 'READY') at t=2.2
[V2VProxy 3] Failed to trigger JOIN, will retry...
[V2VProxy 4] *** STOPPING at intersection! ***
[V2VProxy 4] Distance=40.9064m, t=2.2
[V2VProxy 4] triggerJoinViaJNI() called at t=2.2
[V2VProxy 4] FAILED: Server Status = 'Initializing' (expected 'READY') at t=2.2
[V2VProxy 4] Failed to trigger JOIN, will retry...
[V2VProxy 5] *** STOPPING at intersection! ***
[V2VProxy 5] Distance=49.9233m, t=2.2
[V2VProxy 5] Vehicle STOPPED at intersection (distance=49.9233m)
[V2VProxy 5] triggerJoinViaJNI() called at t=2.2
[V2VProxy 5] FAILED: Server Status = 'Initializing' (expected 'READY') at t=2.2
[V2VProxy 5] Failed to trigger JOIN, will retry...
[V2VProxy 6] *** STOPPING at intersection! ***
[V2VProxy 6] Distance=31.2912m, t=2.2
[V2VProxy 6] triggerJoinViaJNI() called at t=2.2
[V2VProxy 6] FAILED: Server Status = 'Initializing' (expected 'READY') at t=2.2
[V2VProxy 6] Failed to trigger JOIN, will retry...
[V2VProxy 7] *** STOPPING at intersection! ***
[V2VProxy 7] Distance=26.7947m, t=2.2
[V2VProxy 7] triggerJoinViaJNI() called at t=2.2
[V2VProxy 7] FAILED: Server Status = 'Initializing' (expected 'READY') at t=2.2
[V2VProxy 7] Failed to trigger JOIN, will retry...
[V2VProxy 0] *** STOPPING at intersection! ***
[V2VProxy 0] Distance=35.2004m, t=2.3
[V2VProxy 0] triggerJoinViaJNI() called at t=2.3
[V2VProxy 0] Barrier: 8/8 runners ready
[V2VProxy 0] FAILED: Server Status = 'Initializing' (expected 'READY') at t=2.3
[V2VProxy 0] Failed to trigger JOIN, will retry...
[V2VProxy 1] *** STOPPING at intersection! ***
[V2VProxy 1] Distance=25.6151m, t=2.3
[V2VProxy 1] triggerJoinViaJNI() called at t=2.3
[V2VProxy 1] FAILED: Server Status = 'Initializing' (expected 'READY') at t=2.3
[V2VProxy 1] Failed to trigger JOIN, will retry...
[V2VProxy 2] *** STOPPING at intersection! ***
[V2VProxy 2] Distance=35.7246m, t=2.3
[V2VProxy 2] triggerJoinViaJNI() called at t=2.3
[V2VProxy 2] FAILED: Server Status = 'Initializing' (expected 'READY') at t=2.3
[V2VProxy 2] Failed to trigger JOIN, will retry...
[V2VProxy 3] *** STOPPING at intersection! ***
[V2VProxy 3] Distance=45.4514m, t=2.3
[V2VProxy 3] triggerJoinViaJNI() called at t=2.3
[V2VProxy 3] FAILED: Server Status = 'Initializing' (expected 'READY') at t=2.3
[V2VProxy 3] Failed to trigger JOIN, will retry...
[V2VProxy 4] *** STOPPING at intersection! ***
[V2VProxy 4] Distance=40.9064m, t=2.3
[V2VProxy 4] triggerJoinViaJNI() called at t=2.3
[V2VProxy 4] FAILED: Server Status = 'Initializing' (expected 'READY') at t=2.3
[V2VProxy 4] Failed to trigger JOIN, will retry...
[V2VProxy 5] *** STOPPING at intersection! ***
[V2VProxy 5] Distance=49.9233m, t=2.3
[V2VProxy 5] triggerJoinViaJNI() called at t=2.3
[V2VProxy 5] FAILED: Server Status = 'Initializing' (expected 'READY') at t=2.3
[V2VProxy 5] Failed to trigger JOIN, will retry...
[V2VProxy 6] *** STOPPING at intersection! ***
[V2VProxy 6] Distance=31.2912m, t=2.3
[V2VProxy 6] triggerJoinViaJNI() called at t=2.3
[V2VProxy 6] FAILED: Server Status = 'Initializing' (expected 'READY') at t=2.3
[V2VProxy 6] Failed to trigger JOIN, will retry...
[V2VProxy 7] *** STOPPING at intersection! ***
[V2VProxy 7] Distance=26.7947m, t=2.3
[V2VProxy 7] triggerJoinViaJNI() called at t=2.3
[V2VProxy 7] FAILED: Server Status = 'Initializing' (expected 'READY') at t=2.3
[V2VProxy 7] Failed to trigger JOIN, will retry...
[V2V Layer 1] DEBUG: Creating connections...
[V2V Layer 7] DEBUG: Creating connections...
[V2VNativeReplicaConnection] Created JNI connection from 1 to 0
[V2VNativeReplicaConnection] Created JNI connection from 7 to 0
    -> Native JNI connection to replica 0
[V2VNativeReplicaConnection] Created JNI connection from 7 to 1
    -> Native JNI connection to replica 1
    -> Native JNI connection to replica 0
[V2VNativeReplicaConnection] Created JNI connection from 1 to 2
    -> Native JNI connection to replica 2
[V2VNativeReplicaConnection] Created JNI connection from 1 to 3
    -> Native JNI connection to replica 3
[V2VNativeReplicaConnection] Created JNI connection from 7 to 2
    -> Native JNI connection to replica 2
[V2VNativeReplicaConnection] Created JNI connection from 1 to 4
    -> Native JNI connection to replica 4
[V2VNativeReplicaConnection] Created JNI connection from 1 to 5
    -> Native JNI connection to replica 5
[V2VNativeReplicaConnection] Created JNI connection from 1 to 6
[V2VNativeReplicaConnection] Created JNI connection from 7 to 3
    -> Native JNI connection to replica 3
[V2VNativeReplicaConnection] Created JNI connection from 7 to 4
    -> Native JNI connection to replica 4
[V2VNativeReplicaConnection] Created JNI connection from 7 to 5
    -> Native JNI connection to replica 5
[V2VNativeReplicaConnection] Created JNI connection from 7 to 6
    -> Native JNI connection to replica 6
[V2VNativeReplicaConnection] Created JNI connection from 1 to 7
    -> Native JNI connection to replica 7
==============================================
    -> Native JNI connection to replica 6
==============================================
[V2V Layer 7] DEBUG: About to start communication thread...
[V2V Layer 1] DEBUG: About to start communication thread...
[V2V Layer 3] DEBUG: Creating connections...
[V2VNativeReplicaConnection] Created JNI connection from 3 to 0
    -> Native JNI connection to replica 0
[V2VNativeReplicaConnection] Created JNI connection from 3 to 1
    -> Native JNI connection to replica 1
[V2VNativeReplicaConnection] Created JNI connection from 3 to 2
    -> Native JNI connection to replica 2
[V2VNativeReplicaConnection] Created JNI connection from 3 to 4
    -> Native JNI connection to replica 4
[V2VNativeReplicaConnection] Created JNI connection from 3 to 5
    -> Native JNI connection to replica 5
[V2VNativeReplicaConnection] Created JNI connection from 3 to 6
    -> Native JNI connection to replica 6
[V2VNativeReplicaConnection] Created JNI connection from 3 to 7
    -> Native JNI connection to replica 7
==============================================
[V2V Layer 3] DEBUG: About to start communication thread...
[V2V Layer 7] DEBUG: start() called, thread should be running now
==============================================
[V2V Layer 7] Communication thread STARTED
    Using JNI callbacks for message delivery
==============================================
[V2V Layer 3] DEBUG: start() called, thread should be running now
==============================================
[V2V Layer 3] Communication thread STARTED
    Using JNI callbacks for message delivery
==============================================
[V2V Layer 1] DEBUG: start() called, thread should be running now
==============================================
[V2V Layer 1] Communication thread STARTED
    Using JNI callbacks for message delivery
==============================================
[V2V Layer 4] DEBUG: Creating connections...
[V2VNativeReplicaConnection] Created JNI connection from 4 to 0
[V2V Layer 6] DEBUG: Creating connections...
[V2V Layer 2] DEBUG: Creating connections...
[V2VNativeReplicaConnection] Created JNI connection from 2 to 0
    -> Native JNI connection to replica 0
    -> Native JNI connection to replica 0
[V2VNativeReplicaConnection] Created JNI connection from 4 to 1
[V2V Layer 5] DEBUG: Creating connections...
[V2VNativeReplicaConnection] Created JNI connection from 5 to 0
    -> Native JNI connection to replica 1
[V2VNativeReplicaConnection] Created JNI connection from 4 to 2
    -> Native JNI connection to replica 2
[V2VNativeReplicaConnection] Created JNI connection from 4 to 3
    -> Native JNI connection to replica 3
[V2VNativeReplicaConnection] Created JNI connection from 4 to 5
    -> Native JNI connection to replica 5
[V2VNativeReplicaConnection] Created JNI connection from 4 to 6
    -> Native JNI connection to replica 6
[V2VNativeReplicaConnection] Created JNI connection from 4 to 7
    -> Native JNI connection to replica 7
[V2VNativeReplicaConnection] Created JNI connection from 2 to 1
    -> Native JNI connection to replica 1
[V2VNativeReplicaConnection] Created JNI connection from 2 to 3
    -> Native JNI connection to replica 3
[V2VNativeReplicaConnection] Created JNI connection from 6 to 0
[V2VNativeReplicaConnection] Created JNI connection from 2 to 4
    -> Native JNI connection to replica 4
[V2VNativeReplicaConnection] Created JNI connection from 2 to 5
==============================================
[V2V Layer 4] DEBUG: About to start communication thread...
    -> Native JNI connection to replica 0
[V2VNativeReplicaConnection] Created JNI connection from 5 to 1
    -> Native JNI connection to replica 1
[V2V Layer 0] DEBUG: Creating connections...
[V2VNativeReplicaConnection] Created JNI connection from 0 to 1
    -> Native JNI connection to replica 1
[V2VNativeReplicaConnection] Created JNI connection from 0 to 2
    -> Native JNI connection to replica 2
[V2VNativeReplicaConnection] Created JNI connection from 5 to 2
    -> Native JNI connection to replica 2
[V2VNativeReplicaConnection] Created JNI connection from 5 to 3
    -> Native JNI connection to replica 3
    -> Native JNI connection to replica 5
[V2VNativeReplicaConnection] Created JNI connection from 2 to 6
    -> Native JNI connection to replica 6
[V2VNativeReplicaConnection] Created JNI connection from 2 to 7
    -> Native JNI connection to replica 7
==============================================
[V2V Layer 2] DEBUG: About to start communication thread...
    -> Native JNI connection to replica 0
[V2VNativeReplicaConnection] Created JNI connection from 6 to 1
    -> Native JNI connection to replica 1
[V2VNativeReplicaConnection] Created JNI connection from 6 to 2
==============================================
[V2V Layer 4] Communication thread STARTED
    Using JNI callbacks for message delivery
==============================================
[V2V Layer 2] DEBUG: start() called, thread should be running now
[V2VNativeReplicaConnection] Created JNI connection from 5 to 4
==============================================
[V2V Layer 2] Communication thread STARTED
    Using JNI callbacks for message delivery
==============================================
[V2VNativeReplicaConnection] Created JNI connection from 0 to 3
    -> Native JNI connection to replica 3
[V2VNativeReplicaConnection] Created JNI connection from 0 to 4
    -> Native JNI connection to replica 4
[V2VNativeReplicaConnection] Created JNI connection from 0 to 5
    -> Native JNI connection to replica 5
[V2VNativeReplicaConnection] Created JNI connection from 0 to 6
    -> Native JNI connection to replica 6
[V2VNativeReplicaConnection] Created JNI connection from 0 to 7
    -> Native JNI connection to replica 7
==============================================
[V2V Layer 0] DEBUG: About to start communication thread...
[V2V Layer 4] DEBUG: start() called, thread should be running now
    -> Native JNI connection to replica 4
[V2VNativeReplicaConnection] Created JNI connection from 5 to 6
    -> Native JNI connection to replica 6
[V2VNativeReplicaConnection] Created JNI connection from 5 to 7
    -> Native JNI connection to replica 7
==============================================
[V2V Layer 5] DEBUG: About to start communication thread...
    -> Native JNI connection to replica 2
[V2VNativeReplicaConnection] Created JNI connection from 6 to 3
    -> Native JNI connection to replica 3
[V2VNativeReplicaConnection] Created JNI connection from 6 to 4
    -> Native JNI connection to replica 4
[V2V Layer 0] DEBUG: start() called, thread should be running now
[V2VNativeReplicaConnection] Created JNI connection from 6 to 5
    -> Native JNI connection to replica 5
[V2VNativeReplicaConnection] Created JNI connection from 6 to 7
    -> Native JNI connection to replica 7
==============================================
[V2V Layer 6] DEBUG: About to start communication thread...
==============================================
[V2V Layer 0] Communication thread STARTED
    Using JNI callbacks for message delivery
==============================================
[V2V Layer 5] DEBUG: start() called, thread should be running now
==============================================
[V2V Layer 5] Communication thread STARTED
    Using JNI callbacks for message delivery
==============================================
[V2V Layer 6] DEBUG: start() called, thread should be running now
==============================================
[V2V Layer 6] Communication thread STARTED
    Using JNI callbacks for message delivery
==============================================
19:21:12.597 [Thread-5] DEBUG io.netty.util.internal.logging.InternalLoggerFactory - Using SLF4J as the default logging framework
19:21:12.598 [Thread-5] DEBUG io.netty.util.internal.InternalThreadLocalMap - -Dio.netty.threadLocalMap.stringBuilder.initialSize: 1024
19:21:12.598 [Thread-5] DEBUG io.netty.util.internal.InternalThreadLocalMap - -Dio.netty.threadLocalMap.stringBuilder.maxSize: 4096
[V2VProxy 0] *** STOPPING at intersection! ***
[V2VProxy 0] Distance=36.0726m, t=2.4
[V2VProxy 0] triggerJoinViaJNI() called at t=2.4
[V2VProxy 0] FAILED: Server Status = 'Initializing' (expected 'READY') at t=2.4
[V2VProxy 0] Failed to trigger JOIN, will retry...
[V2VProxy 1] *** STOPPING at intersection! ***
[V2VProxy 1] Distance=25.8533m, t=2.4
[V2VProxy 1] triggerJoinViaJNI() called at t=2.4
[V2VProxy 1] FAILED: Server Status = 'Initializing' (expected 'READY') at t=2.4
[V2VProxy 1] Failed to trigger JOIN, will retry...
[V2VProxy 2] *** STOPPING at intersection! ***
[V2VProxy 2] Distance=34.9742m, t=2.4
[V2VProxy 2] triggerJoinViaJNI() called at t=2.4
[V2VProxy 2] Barrier: 8/8 runners ready
[V2VProxy 2] FAILED: Server Status = 'Initializing' (expected 'READY') at t=2.4
[V2VProxy 2] Failed to trigger JOIN, will retry...
[V2VProxy 3] *** STOPPING at intersection! ***
[V2VProxy 3] Distance=44.6675m, t=2.4
[V2VProxy 3] triggerJoinViaJNI() called at t=2.4
[V2VProxy 3] FAILED: Server Status = 'Initializing' (expected 'READY') at t=2.4
[V2VProxy 3] Failed to trigger JOIN, will retry...
[V2VProxy 4] *** STOPPING at intersection! ***
[V2VProxy 4] Distance=40.7771m, t=2.4
[V2VProxy 4] triggerJoinViaJNI() called at t=2.4
[V2VProxy 4] FAILED: Server Status = 'Initializing' (expected 'READY') at t=2.4
[V2VProxy 4] Failed to trigger JOIN, will retry...
[V2VProxy 5] *** STOPPING at intersection! ***
[V2VProxy 5] Distance=49.5225m, t=2.4
[V2VProxy 5] triggerJoinViaJNI() called at t=2.4
[V2VProxy 5] FAILED: Server Status = 'Initializing' (expected 'READY') at t=2.4
[V2VProxy 5] Failed to trigger JOIN, will retry...
[V2VProxy 6] *** STOPPING at intersection! ***
[V2VProxy 6] Distance=31.3752m, t=2.4
[V2VProxy 6] triggerJoinViaJNI() called at t=2.4
[V2VProxy 6] FAILED: Server Status = 'Initializing' (expected 'READY') at t=2.4
[V2VProxy 6] Failed to trigger JOIN, will retry...
[V2VProxy 7] *** STOPPING at intersection! ***
[V2VProxy 7] Distance=26.7947m, t=2.4
[V2VProxy 7] triggerJoinViaJNI() called at t=2.4
[V2VProxy 7] FAILED: Server Status = 'Initializing' (expected 'READY') at t=2.4
[V2VProxy 7] Failed to trigger JOIN, will retry...
[V2VProxy 0] *** STOPPING at intersection! ***
[V2VProxy 0] Distance=36.0726m, t=2.5
[V2VProxy 0] triggerJoinViaJNI() called at t=2.5
[V2VProxy 0] FAILED: Server Status = 'Initializing' (expected 'READY') at t=2.5
[V2VProxy 0] Failed to trigger JOIN, will retry...
[V2VProxy 1] *** STOPPING at intersection! ***
[V2VProxy 1] Distance=25.8533m, t=2.5
[V2VProxy 1] triggerJoinViaJNI() called at t=2.5
[V2VProxy 1] FAILED: Server Status = 'Initializing' (expected 'READY') at t=2.5
[V2VProxy 1] Failed to trigger JOIN, will retry...
[V2VProxy 2] *** STOPPING at intersection! ***
[V2VProxy 2] Distance=34.9742m, t=2.5
[V2VProxy 2] triggerJoinViaJNI() called at t=2.5
[V2VProxy 2] FAILED: Server Status = 'Initializing' (expected 'READY') at t=2.5
[V2VProxy 2] Failed to trigger JOIN, will retry...
[V2VProxy 3] *** STOPPING at intersection! ***
[V2VProxy 3] Distance=44.6675m, t=2.5
[V2VProxy 3] triggerJoinViaJNI() called at t=2.5
[V2VProxy 3] FAILED: Server Status = 'Initializing' (expected 'READY') at t=2.5
[V2VProxy 3] Failed to trigger JOIN, will retry...
[V2VProxy 4] *** STOPPING at intersection! ***
[V2VProxy 4] Distance=40.7771m, t=2.5
[V2VProxy 4] triggerJoinViaJNI() called at t=2.5
[V2VProxy 4] Barrier: 8/8 runners ready
[V2VProxy 4] FAILED: Server Status = 'Initializing' (expected 'READY') at t=2.5
[V2VProxy 4] Failed to trigger JOIN, will retry...
[V2VProxy 5] *** STOPPING at intersection! ***
[V2VProxy 5] Distance=49.5225m, t=2.5
[V2VProxy 5] triggerJoinViaJNI() called at t=2.5
[V2VProxy 5] FAILED: Server Status = 'Initializing' (expected 'READY') at t=2.5
[V2VProxy 5] Failed to trigger JOIN, will retry...
[V2VProxy 6] *** STOPPING at intersection! ***
[V2VProxy 6] Distance=31.3752m, t=2.5
[V2VProxy 6] triggerJoinViaJNI() called at t=2.5
[V2VProxy 6] FAILED: Server Status = 'Initializing' (expected 'READY') at t=2.5
[V2VProxy 6] Failed to trigger JOIN, will retry...
[V2VProxy 7] *** STOPPING at intersection! ***
[V2VProxy 7] Distance=26.7947m, t=2.5
[V2VProxy 7] triggerJoinViaJNI() called at t=2.5
[V2VProxy 7] FAILED: Server Status = 'Initializing' (expected 'READY') at t=2.5
[V2VProxy 7] Failed to trigger JOIN, will retry...
19:21:12.773 [Thread-1] DEBUG io.netty.channel.MultithreadEventLoopGroup - -Dio.netty.eventLoopThreads: 48
19:21:12.790 [Thread-1] DEBUG io.netty.channel.nio.NioEventLoop - -Dio.netty.noKeySetOptimization: false
19:21:12.790 [Thread-1] DEBUG io.netty.channel.nio.NioEventLoop - -Dio.netty.selectorAutoRebuildThreshold: 512
19:21:12.799 [Thread-4] DEBUG io.netty.util.internal.PlatformDependent0 - -Dio.netty.noUnsafe: false
19:21:12.799 [Thread-4] DEBUG io.netty.util.internal.PlatformDependent0 - Java version: 11
19:21:12.801 [Thread-4] DEBUG io.netty.util.internal.PlatformDependent0 - sun.misc.Unsafe.theUnsafe: available
19:21:12.801 [Thread-4] DEBUG io.netty.util.internal.PlatformDependent0 - sun.misc.Unsafe.copyMemory: available
19:21:12.801 [Thread-4] DEBUG io.netty.util.internal.PlatformDependent0 - java.nio.Buffer.address: available
19:21:12.802 [Thread-4] DEBUG io.netty.util.internal.PlatformDependent0 - direct buffer constructor: unavailable: Reflective setAccessible(true) disabled
19:21:12.802 [Thread-4] DEBUG io.netty.util.internal.PlatformDependent0 - java.nio.Bits.unaligned: available, true
19:21:12.803 [Thread-4] DEBUG io.netty.util.internal.PlatformDependent0 - jdk.internal.misc.Unsafe.allocateUninitializedArray(int): unavailable: class io.netty.util.internal.PlatformDependent0$6 cannot access class jdk.internal.misc.Unsafe (in module java.base) because module java.base does not export jdk.internal.misc to unnamed module @73601531
19:21:12.804 [Thread-4] DEBUG io.netty.util.internal.PlatformDependent0 - java.nio.DirectByteBuffer.<init>(long, int): unavailable
19:21:12.804 [Thread-4] DEBUG io.netty.util.internal.PlatformDependent - sun.misc.Unsafe: available
19:21:12.815 [Thread-4] DEBUG io.netty.util.internal.PlatformDependent - maxDirectMemory: 1073741824 bytes (maybe)
19:21:12.815 [Thread-4] DEBUG io.netty.util.internal.PlatformDependent - -Dio.netty.tmpdir: /tmp (java.io.tmpdir)
19:21:12.815 [Thread-4] DEBUG io.netty.util.internal.PlatformDependent - -Dio.netty.bitMode: 64 (sun.arch.data.model)
19:21:12.816 [Thread-4] DEBUG io.netty.util.internal.PlatformDependent - -Dio.netty.maxDirectMemory: -1 bytes
19:21:12.817 [Thread-4] DEBUG io.netty.util.internal.PlatformDependent - -Dio.netty.uninitializedArrayAllocationThreshold: -1
[V2VProxy 0] *** STOPPING at intersection! ***
[V2VProxy 0] Distance=36.8213m, t=2.6
[V2VProxy 0] triggerJoinViaJNI() called at t=2.6
[V2VProxy 0] FAILED: Server Status = 'Initializing' (expected 'READY') at t=2.6
[V2VProxy 0] Failed to trigger JOIN, will retry...
[V2VProxy 1] *** STOPPING at intersection! ***
[V2VProxy 1] Distance=26.0227m, t=2.6
[V2VProxy 1] triggerJoinViaJNI() called at t=2.6
[V2VProxy 1] FAILED: Server Status = 'Initializing' (expected 'READY') at t=2.6
[V2VProxy 1] Failed to trigger JOIN, will retry...
[V2VProxy 2] *** STOPPING at intersection! ***
[V2VProxy 2] Distance=34.3591m, t=2.6
[V2VProxy 2] triggerJoinViaJNI() called at t=2.6
[V2VProxy 2] FAILED: Server Status = 'Initializing' (expected 'READY') at t=2.6
[V2VProxy 2] Failed to trigger JOIN, will retry...
[V2VProxy 3] *** STOPPING at intersection! ***
[V2VProxy 3] Distance=44.0344m, t=2.6
[V2VProxy 3] triggerJoinViaJNI() called at t=2.6
[V2VProxy 3] FAILED: Server Status = 'Initializing' (expected 'READY') at t=2.6
[V2VProxy 3] Failed to trigger JOIN, will retry...
[V2VProxy 4] *** STOPPING at intersection! ***
[V2VProxy 4] Distance=40.7771m, t=2.6
[V2VProxy 4] triggerJoinViaJNI() called at t=2.6
[V2VProxy 4] FAILED: Server Status = 'Initializing' (expected 'READY') at t=2.6
[V2VProxy 4] Failed to trigger JOIN, will retry...
[V2VProxy 5] *** STOPPING at intersection! ***
[V2VProxy 5] Distance=49.2809m, t=2.6
[V2VProxy 5] triggerJoinViaJNI() called at t=2.6
[V2VProxy 5] FAILED: Server Status = 'Initializing' (expected 'READY') at t=2.6
[V2VProxy 5] Failed to trigger JOIN, will retry...
[V2VProxy 6] *** STOPPING at intersection! ***
[V2VProxy 6] Distance=31.3752m, t=2.6
[V2VProxy 6] triggerJoinViaJNI() called at t=2.6
[V2VProxy 6] Barrier: 8/8 runners ready
[V2VProxy 6] FAILED: Server Status = 'Initializing' (expected 'READY') at t=2.6
[V2VProxy 6] Failed to trigger JOIN, will retry...
[V2VProxy 7] *** STOPPING at intersection! ***
[V2VProxy 7] Distance=26.7947m, t=2.6
[V2VProxy 7] triggerJoinViaJNI() called at t=2.6
[V2VProxy 7] FAILED: Server Status = 'Initializing' (expected 'READY') at t=2.6
[V2VProxy 7] Failed to trigger JOIN, will retry...
19:21:12.817 [Thread-4] DEBUG io.netty.util.internal.CleanerJava9 - java.nio.ByteBuffer.cleaner(): available
19:21:12.817 [Thread-4] DEBUG io.netty.util.internal.PlatformDependent - -Dio.netty.noPreferDirect: false
19:21:12.821 [Thread-3] DEBUG io.netty.util.internal.PlatformDependent - org.jctools-core.MpscChunkedArrayQueue: available
[V2VProxy 0] *** STOPPING at intersection! ***
[V2VProxy 0] Distance=36.8213m, t=2.7
[V2VProxy 0] triggerJoinViaJNI() called at t=2.7
[V2VProxy 0] FAILED: Server Status = 'Initializing' (expected 'READY') at t=2.7
[V2VProxy 0] Failed to trigger JOIN, will retry...
[V2VProxy 1] *** STOPPING at intersection! ***
[V2VProxy 1] Distance=26.0227m, t=2.7
[V2VProxy 1] triggerJoinViaJNI() called at t=2.7
[V2VProxy 1] FAILED: Server Status = 'Initializing' (expected 'READY') at t=2.7
[V2VProxy 1] Failed to trigger JOIN, will retry...
[V2VProxy 2] *** STOPPING at intersection! ***
[V2VProxy 2] Distance=34.3591m, t=2.7
[V2VProxy 2] triggerJoinViaJNI() called at t=2.7
[V2VProxy 2] FAILED: Server Status = 'Initializing' (expected 'READY') at t=2.7
[V2VProxy 2] Failed to trigger JOIN, will retry...
[V2VProxy 3] *** STOPPING at intersection! ***
[V2VProxy 3] Distance=44.0344m, t=2.7
[V2VProxy 3] triggerJoinViaJNI() called at t=2.7
[V2VProxy 3] FAILED: Server Status = 'Initializing' (expected 'READY') at t=2.7
[V2VProxy 3] Failed to trigger JOIN, will retry...
[V2VProxy 4] *** STOPPING at intersection! ***
[V2VProxy 4] Distance=40.7771m, t=2.7
[V2VProxy 4] triggerJoinViaJNI() called at t=2.7
[V2VProxy 4] FAILED: Server Status = 'Initializing' (expected 'READY') at t=2.7
[V2VProxy 4] Failed to trigger JOIN, will retry...
[V2VProxy 5] *** STOPPING at intersection! ***
[V2VProxy 5] Distance=49.2809m, t=2.7
[V2VProxy 5] triggerJoinViaJNI() called at t=2.7
[V2VProxy 5] FAILED: Server Status = 'Initializing' (expected 'READY') at t=2.7
[V2VProxy 5] Failed to trigger JOIN, will retry...
[V2VProxy 6] *** STOPPING at intersection! ***
[V2VProxy 6] Distance=31.3752m, t=2.7
[V2VProxy 6] triggerJoinViaJNI() called at t=2.7
[V2VProxy 6] FAILED: Server Status = 'Initializing' (expected 'READY') at t=2.7
[V2VProxy 6] Failed to trigger JOIN, will retry...
[V2VProxy 7] *** STOPPING at intersection! ***
[V2VProxy 7] Distance=26.7947m, t=2.7
[V2VProxy 7] triggerJoinViaJNI() called at t=2.7
[V2VProxy 7] FAILED: Server Status = 'Initializing' (expected 'READY') at t=2.7
[V2VProxy 7] Failed to trigger JOIN, will retry...
19:21:12.990 [Thread-6] DEBUG io.netty.channel.DefaultChannelId - -Dio.netty.processId: 570081 (auto-detected)
19:21:12.992 [Thread-6] DEBUG io.netty.util.NetUtil - -Djava.net.preferIPv4Stack: false
19:21:12.992 [Thread-6] DEBUG io.netty.util.NetUtil - -Djava.net.preferIPv6Addresses: false
19:21:12.993 [Thread-6] DEBUG io.netty.util.NetUtilInitializations - Loopback interface: lo (lo, 0:0:0:0:0:0:0:1%lo)
19:21:12.994 [Thread-6] DEBUG io.netty.util.NetUtil - /proc/sys/net/core/somaxconn: 4096
19:21:12.995 [Thread-6] DEBUG io.netty.channel.DefaultChannelId - -Dio.netty.machineId: 00:15:5d:ff:fe:5d:d7:1d (auto-detected)
19:21:13.002 [Thread-1] DEBUG io.netty.util.ResourceLeakDetector - -Dio.netty.leakDetection.level: simple
19:21:13.002 [Thread-1] DEBUG io.netty.util.ResourceLeakDetector - -Dio.netty.leakDetection.targetRecords: 4
[V2VProxy 0] *** STOPPING at intersection! ***
[V2VProxy 0] Distance=37.4398m, t=2.8
[V2VProxy 0] triggerJoinViaJNI() called at t=2.8
[V2VProxy 0] Barrier: 8/8 runners ready
[V2VProxy 0] FAILED: Server Status = 'Initializing' (expected 'READY') at t=2.8
[V2VProxy 0] Failed to trigger JOIN, will retry...
[V2VProxy 1] *** STOPPING at intersection! ***
[V2VProxy 1] Distance=26.1164m, t=2.8
[V2VProxy 1] triggerJoinViaJNI() called at t=2.8
[V2VProxy 1] FAILED: Server Status = 'Initializing' (expected 'READY') at t=2.8
[V2VProxy 1] Failed to trigger JOIN, will retry...
[V2VProxy 2] *** STOPPING at intersection! ***
[V2VProxy 2] Distance=33.8711m, t=2.8
[V2VProxy 2] triggerJoinViaJNI() called at t=2.8
[V2VProxy 2] FAILED: Server Status = 'Initializing' (expected 'READY') at t=2.8
[V2VProxy 2] Failed to trigger JOIN, will retry...
[V2VProxy 3] *** STOPPING at intersection! ***
[V2VProxy 3] Distance=43.5489m, t=2.8
[V2VProxy 3] triggerJoinViaJNI() called at t=2.8
[V2VProxy 3] FAILED: Server Status = 'Initializing' (expected 'READY') at t=2.8
[V2VProxy 3] Failed to trigger JOIN, will retry...
[V2VProxy 4] *** STOPPING at intersection! ***
[V2VProxy 4] Distance=40.7771m, t=2.8
[V2VProxy 4] triggerJoinViaJNI() called at t=2.8
[V2VProxy 4] FAILED: Server Status = 'Initializing' (expected 'READY') at t=2.8
[V2VProxy 4] Failed to trigger JOIN, will retry...
[V2VProxy 5] *** STOPPING at intersection! ***
[V2VProxy 5] Distance=49.198m, t=2.8
[V2VProxy 5] triggerJoinViaJNI() called at t=2.8
[V2VProxy 5] FAILED: Server Status = 'Initializing' (expected 'READY') at t=2.8
[V2VProxy 5] Failed to trigger JOIN, will retry...
[V2VProxy 6] *** STOPPING at intersection! ***
[V2VProxy 6] Distance=31.3752m, t=2.8
[V2VProxy 6] triggerJoinViaJNI() called at t=2.8
[V2VProxy 6] FAILED: Server Status = 'Initializing' (expected 'READY') at t=2.8
[V2VProxy 6] Failed to trigger JOIN, will retry...
[V2VProxy 7] *** STOPPING at intersection! ***
[V2VProxy 7] Distance=26.7947m, t=2.8
[V2VProxy 7] triggerJoinViaJNI() called at t=2.8
[V2VProxy 7] FAILED: Server Status = 'Initializing' (expected 'READY') at t=2.8
[V2VProxy 7] Failed to trigger JOIN, will retry...
19:21:13.030 [Thread-7] DEBUG io.netty.buffer.PooledByteBufAllocator - -Dio.netty.allocator.numHeapArenas: 10
19:21:13.030 [Thread-7] DEBUG io.netty.buffer.PooledByteBufAllocator - -Dio.netty.allocator.numDirectArenas: 10
19:21:13.030 [Thread-7] DEBUG io.netty.buffer.PooledByteBufAllocator - -Dio.netty.allocator.pageSize: 8192
19:21:13.030 [Thread-7] DEBUG io.netty.buffer.PooledByteBufAllocator - -Dio.netty.allocator.maxOrder: 11
19:21:13.030 [Thread-7] DEBUG io.netty.buffer.PooledByteBufAllocator - -Dio.netty.allocator.chunkSize: 16777216
19:21:13.030 [Thread-7] DEBUG io.netty.buffer.PooledByteBufAllocator - -Dio.netty.allocator.smallCacheSize: 256
19:21:13.030 [Thread-7] DEBUG io.netty.buffer.PooledByteBufAllocator - -Dio.netty.allocator.normalCacheSize: 64
19:21:13.030 [Thread-7] DEBUG io.netty.buffer.PooledByteBufAllocator - -Dio.netty.allocator.maxCachedBufferCapacity: 32768
19:21:13.031 [Thread-7] DEBUG io.netty.buffer.PooledByteBufAllocator - -Dio.netty.allocator.cacheTrimInterval: 8192
19:21:13.031 [Thread-7] DEBUG io.netty.buffer.PooledByteBufAllocator - -Dio.netty.allocator.cacheTrimIntervalMillis: 0
19:21:13.031 [Thread-7] DEBUG io.netty.buffer.PooledByteBufAllocator - -Dio.netty.allocator.useCacheForAllThreads: true
19:21:13.031 [Thread-7] DEBUG io.netty.buffer.PooledByteBufAllocator - -Dio.netty.allocator.maxCachedByteBuffersPerChunk: 1023
19:21:13.037 [Thread-7] DEBUG io.netty.buffer.ByteBufUtil - -Dio.netty.allocator.type: pooled
19:21:13.037 [Thread-7] DEBUG io.netty.buffer.ByteBufUtil - -Dio.netty.threadLocalDirectBufferSize: 0
19:21:13.037 [Thread-7] DEBUG io.netty.buffer.ByteBufUtil - -Dio.netty.maxThreadLocalCharBufferSize: 16384
19:21:13.045 [Thread-7] WARN io.netty.bootstrap.ServerBootstrap - Unknown channel option 'SO_KEEPALIVE' for channel '[id: 0xc067f65f]'
19:21:13.045 [Thread-4] WARN io.netty.bootstrap.ServerBootstrap - Unknown channel option 'SO_KEEPALIVE' for channel '[id: 0x0ebaa1cd]'
19:21:13.045 [Thread-7] WARN io.netty.bootstrap.ServerBootstrap - Unknown channel option 'TCP_NODELAY' for channel '[id: 0xc067f65f]'
19:21:13.045 [Thread-0] WARN io.netty.bootstrap.ServerBootstrap - Unknown channel option 'SO_KEEPALIVE' for channel '[id: 0x1ec03ea3]'
19:21:13.045 [Thread-1] WARN io.netty.bootstrap.ServerBootstrap - Unknown channel option 'SO_KEEPALIVE' for channel '[id: 0xbeb1ed59]'
19:21:13.045 [Thread-2] WARN io.netty.bootstrap.ServerBootstrap - Unknown channel option 'SO_KEEPALIVE' for channel '[id: 0x39084d49]'
19:21:13.045 [Thread-1] WARN io.netty.bootstrap.ServerBootstrap - Unknown channel option 'TCP_NODELAY' for channel '[id: 0xbeb1ed59]'
19:21:13.045 [Thread-0] WARN io.netty.bootstrap.ServerBootstrap - Unknown channel option 'TCP_NODELAY' for channel '[id: 0x1ec03ea3]'
19:21:13.045 [Thread-3] WARN io.netty.bootstrap.ServerBootstrap - Unknown channel option 'SO_KEEPALIVE' for channel '[id: 0xeff0e102]'
19:21:13.045 [Thread-7] WARN io.netty.bootstrap.ServerBootstrap - Unknown channel option 'SO_SNDBUF' for channel '[id: 0xc067f65f]'
19:21:13.045 [Thread-3] WARN io.netty.bootstrap.ServerBootstrap - Unknown channel option 'TCP_NODELAY' for channel '[id: 0xeff0e102]'
19:21:13.045 [Thread-3] WARN io.netty.bootstrap.ServerBootstrap - Unknown channel option 'SO_SNDBUF' for channel '[id: 0xeff0e102]'
19:21:13.045 [Thread-5] WARN io.netty.bootstrap.ServerBootstrap - Unknown channel option 'SO_KEEPALIVE' for channel '[id: 0xf8e74f0e]'
19:21:13.045 [Thread-6] WARN io.netty.bootstrap.ServerBootstrap - Unknown channel option 'SO_KEEPALIVE' for channel '[id: 0xb759ff59]'
19:21:13.045 [Thread-4] WARN io.netty.bootstrap.ServerBootstrap - Unknown channel option 'TCP_NODELAY' for channel '[id: 0x0ebaa1cd]'
19:21:13.045 [Thread-1] WARN io.netty.bootstrap.ServerBootstrap - Unknown channel option 'SO_SNDBUF' for channel '[id: 0xbeb1ed59]'
19:21:13.046 [Thread-6] WARN io.netty.bootstrap.ServerBootstrap - Unknown channel option 'TCP_NODELAY' for channel '[id: 0xb759ff59]'
19:21:13.045 [Thread-2] WARN io.netty.bootstrap.ServerBootstrap - Unknown channel option 'TCP_NODELAY' for channel '[id: 0x39084d49]'
19:21:13.046 [Thread-6] WARN io.netty.bootstrap.ServerBootstrap - Unknown channel option 'SO_SNDBUF' for channel '[id: 0xb759ff59]'
19:21:13.045 [Thread-0] WARN io.netty.bootstrap.ServerBootstrap - Unknown channel option 'SO_SNDBUF' for channel '[id: 0x1ec03ea3]'
19:21:13.045 [Thread-5] WARN io.netty.bootstrap.ServerBootstrap - Unknown channel option 'TCP_NODELAY' for channel '[id: 0xf8e74f0e]'
19:21:13.046 [Thread-4] WARN io.netty.bootstrap.ServerBootstrap - Unknown channel option 'SO_SNDBUF' for channel '[id: 0x0ebaa1cd]'
19:21:13.046 [Thread-5] WARN io.netty.bootstrap.ServerBootstrap - Unknown channel option 'SO_SNDBUF' for channel '[id: 0xf8e74f0e]'
19:21:13.046 [Thread-2] WARN io.netty.bootstrap.ServerBootstrap - Unknown channel option 'SO_SNDBUF' for channel '[id: 0x39084d49]'
19:21:13.071 [Thread-1] INFO bftsmart.communication.client.netty.NettyClientServerCommunicationSystemServerSide - ID = 1
19:21:13.071 [Thread-3] INFO bftsmart.communication.client.netty.NettyClientServerCommunicationSystemServerSide - ID = 3
19:21:13.071 [Thread-7] INFO bftsmart.communication.client.netty.NettyClientServerCommunicationSystemServerSide - ID = 7
19:21:13.071 [Thread-3] INFO bftsmart.communication.client.netty.NettyClientServerCommunicationSystemServerSide - N = 8
19:21:13.071 [Thread-3] INFO bftsmart.communication.client.netty.NettyClientServerCommunicationSystemServerSide - F = 2
19:21:13.071 [Thread-0] INFO bftsmart.communication.client.netty.NettyClientServerCommunicationSystemServerSide - ID = 0
19:21:13.071 [Thread-2] INFO bftsmart.communication.client.netty.NettyClientServerCommunicationSystemServerSide - ID = 2
19:21:13.071 [Thread-0] INFO bftsmart.communication.client.netty.NettyClientServerCommunicationSystemServerSide - N = 8
19:21:13.071 [Thread-0] INFO bftsmart.communication.client.netty.NettyClientServerCommunicationSystemServerSide - F = 2
19:21:13.071 [Thread-2] INFO bftsmart.communication.client.netty.NettyClientServerCommunicationSystemServerSide - N = 8
19:21:13.071 [Thread-4] INFO bftsmart.communication.client.netty.NettyClientServerCommunicationSystemServerSide - ID = 4
19:21:13.071 [Thread-4] INFO bftsmart.communication.client.netty.NettyClientServerCommunicationSystemServerSide - N = 8
19:21:13.071 [Thread-5] INFO bftsmart.communication.client.netty.NettyClientServerCommunicationSystemServerSide - ID = 5
19:21:13.071 [Thread-5] INFO bftsmart.communication.client.netty.NettyClientServerCommunicationSystemServerSide - N = 8
19:21:13.071 [Thread-5] INFO bftsmart.communication.client.netty.NettyClientServerCommunicationSystemServerSide - F = 2
19:21:13.071 [Thread-5] INFO bftsmart.communication.client.netty.NettyClientServerCommunicationSystemServerSide - Port (client <-> server) = 11050
19:21:13.071 [Thread-1] INFO bftsmart.communication.client.netty.NettyClientServerCommunicationSystemServerSide - N = 8
19:21:13.071 [Thread-5] INFO bftsmart.communication.client.netty.NettyClientServerCommunicationSystemServerSide - Port (server <-> server) = 11051
19:21:13.071 [Thread-5] INFO bftsmart.communication.client.netty.NettyClientServerCommunicationSystemServerSide - requestTimeout = 100000
19:21:13.071 [Thread-5] INFO bftsmart.communication.client.netty.NettyClientServerCommunicationSystemServerSide - maxBatch = 8
19:21:13.071 [Thread-6] INFO bftsmart.communication.client.netty.NettyClientServerCommunicationSystemServerSide - ID = 6
19:21:13.071 [Thread-6] INFO bftsmart.communication.client.netty.NettyClientServerCommunicationSystemServerSide - N = 8
19:21:13.071 [Thread-3] INFO bftsmart.communication.client.netty.NettyClientServerCommunicationSystemServerSide - Port (client <-> server) = 11030
19:21:13.071 [Thread-7] INFO bftsmart.communication.client.netty.NettyClientServerCommunicationSystemServerSide - N = 8
19:21:13.072 [Thread-7] INFO bftsmart.communication.client.netty.NettyClientServerCommunicationSystemServerSide - F = 2
19:21:13.072 [Thread-7] INFO bftsmart.communication.client.netty.NettyClientServerCommunicationSystemServerSide - Port (client <-> server) = 11070
19:21:13.071 [Thread-0] INFO bftsmart.communication.client.netty.NettyClientServerCommunicationSystemServerSide - Port (client <-> server) = 11000
19:21:13.072 [Thread-0] INFO bftsmart.communication.client.netty.NettyClientServerCommunicationSystemServerSide - Port (server <-> server) = 11001
19:21:13.071 [Thread-2] INFO bftsmart.communication.client.netty.NettyClientServerCommunicationSystemServerSide - F = 2
19:21:13.071 [Thread-4] INFO bftsmart.communication.client.netty.NettyClientServerCommunicationSystemServerSide - F = 2
19:21:13.071 [Thread-5] INFO bftsmart.communication.client.netty.NettyClientServerCommunicationSystemServerSide - Binded replica to IP address 127.0.0.1
19:21:13.072 [Thread-4] INFO bftsmart.communication.client.netty.NettyClientServerCommunicationSystemServerSide - Port (client <-> server) = 11040
19:21:13.072 [Thread-4] INFO bftsmart.communication.client.netty.NettyClientServerCommunicationSystemServerSide - Port (server <-> server) = 11041
19:21:13.072 [Thread-4] INFO bftsmart.communication.client.netty.NettyClientServerCommunicationSystemServerSide - requestTimeout = 100000
19:21:13.071 [Thread-1] INFO bftsmart.communication.client.netty.NettyClientServerCommunicationSystemServerSide - F = 2
19:21:13.072 [Thread-4] INFO bftsmart.communication.client.netty.NettyClientServerCommunicationSystemServerSide - maxBatch = 8
19:21:13.072 [Thread-4] INFO bftsmart.communication.client.netty.NettyClientServerCommunicationSystemServerSide - Binded replica to IP address 127.0.0.1
19:21:13.072 [Thread-1] INFO bftsmart.communication.client.netty.NettyClientServerCommunicationSystemServerSide - Port (client <-> server) = 11010
19:21:13.072 [Thread-1] INFO bftsmart.communication.client.netty.NettyClientServerCommunicationSystemServerSide - Port (server <-> server) = 11011
19:21:13.072 [Thread-1] INFO bftsmart.communication.client.netty.NettyClientServerCommunicationSystemServerSide - requestTimeout = 100000
19:21:13.072 [Thread-4] INFO bftsmart.communication.client.netty.NettyClientServerCommunicationSystemServerSide - Optimizations:  Read-only Requests: disabled
19:21:13.071 [Thread-6] INFO bftsmart.communication.client.netty.NettyClientServerCommunicationSystemServerSide - F = 2
19:21:13.072 [Thread-4] INFO bftsmart.communication.client.netty.NettyClientServerCommunicationSystemServerSide - SSL/TLS enabled, protocol version: TLSv1.2
19:21:13.072 [Thread-6] INFO bftsmart.communication.client.netty.NettyClientServerCommunicationSystemServerSide - Port (client <-> server) = 11060
19:21:13.072 [Thread-3] INFO bftsmart.communication.client.netty.NettyClientServerCommunicationSystemServerSide - Port (server <-> server) = 11031
19:21:13.072 [Thread-3] INFO bftsmart.communication.client.netty.NettyClientServerCommunicationSystemServerSide - requestTimeout = 100000
19:21:13.072 [Thread-4] INFO bftsmart.tom.ServiceReplica - In current view: ID:0; F:2; Processes:0(/127.0.0.1:11000),1(/127.0.0.1:11010),2(/127.0.0.1:11020),3(/127.0.0.1:11030),4(/127.0.0.1:11040),5(/127.0.0.1:11050),6(/127.0.0.1:11060),7(/127.0.0.1:11070),
19:21:13.072 [Thread-7] INFO bftsmart.communication.client.netty.NettyClientServerCommunicationSystemServerSide - Port (server <-> server) = 11071
19:21:13.072 [Thread-3] INFO bftsmart.communication.client.netty.NettyClientServerCommunicationSystemServerSide - maxBatch = 8
19:21:13.072 [Thread-3] INFO bftsmart.communication.client.netty.NettyClientServerCommunicationSystemServerSide - Binded replica to IP address 127.0.0.1
19:21:13.072 [Thread-3] INFO bftsmart.communication.client.netty.NettyClientServerCommunicationSystemServerSide - Optimizations:  Read-only Requests: disabled
19:21:13.072 [Thread-7] INFO bftsmart.communication.client.netty.NettyClientServerCommunicationSystemServerSide - requestTimeout = 100000
19:21:13.072 [Thread-7] INFO bftsmart.communication.client.netty.NettyClientServerCommunicationSystemServerSide - maxBatch = 8
19:21:13.072 [Thread-7] INFO bftsmart.communication.client.netty.NettyClientServerCommunicationSystemServerSide - Binded replica to IP address 127.0.0.1
19:21:13.072 [Thread-0] INFO bftsmart.communication.client.netty.NettyClientServerCommunicationSystemServerSide - requestTimeout = 100000
19:21:13.072 [Thread-2] INFO bftsmart.communication.client.netty.NettyClientServerCommunicationSystemServerSide - Port (client <-> server) = 11020
19:21:13.072 [Thread-0] INFO bftsmart.communication.client.netty.NettyClientServerCommunicationSystemServerSide - maxBatch = 8
19:21:13.072 [Thread-0] INFO bftsmart.communication.client.netty.NettyClientServerCommunicationSystemServerSide - Binded replica to IP address 127.0.0.1
19:21:13.072 [Thread-0] INFO bftsmart.communication.client.netty.NettyClientServerCommunicationSystemServerSide - Optimizations:  Read-only Requests: disabled
19:21:13.072 [Thread-5] INFO bftsmart.communication.client.netty.NettyClientServerCommunicationSystemServerSide - Optimizations:  Read-only Requests: disabled
19:21:13.073 [Thread-0] INFO bftsmart.communication.client.netty.NettyClientServerCommunicationSystemServerSide - SSL/TLS enabled, protocol version: TLSv1.2
19:21:13.072 [Thread-1] INFO bftsmart.communication.client.netty.NettyClientServerCommunicationSystemServerSide - maxBatch = 8
19:21:13.073 [Thread-1] INFO bftsmart.communication.client.netty.NettyClientServerCommunicationSystemServerSide - Binded replica to IP address 127.0.0.1
19:21:13.072 [Thread-6] INFO bftsmart.communication.client.netty.NettyClientServerCommunicationSystemServerSide - Port (server <-> server) = 11061
19:21:13.073 [Thread-6] INFO bftsmart.communication.client.netty.NettyClientServerCommunicationSystemServerSide - requestTimeout = 100000
19:21:13.072 [Thread-3] INFO bftsmart.communication.client.netty.NettyClientServerCommunicationSystemServerSide - SSL/TLS enabled, protocol version: TLSv1.2
19:21:13.072 [Thread-7] INFO bftsmart.communication.client.netty.NettyClientServerCommunicationSystemServerSide - Optimizations:  Read-only Requests: disabled
19:21:13.072 [Thread-2] INFO bftsmart.communication.client.netty.NettyClientServerCommunicationSystemServerSide - Port (server <-> server) = 11021
19:21:13.073 [Thread-2] INFO bftsmart.communication.client.netty.NettyClientServerCommunicationSystemServerSide - requestTimeout = 100000
19:21:13.073 [Thread-2] INFO bftsmart.communication.client.netty.NettyClientServerCommunicationSystemServerSide - maxBatch = 8
19:21:13.073 [Thread-2] INFO bftsmart.communication.client.netty.NettyClientServerCommunicationSystemServerSide - Binded replica to IP address 127.0.0.1
19:21:13.073 [Thread-5] INFO bftsmart.communication.client.netty.NettyClientServerCommunicationSystemServerSide - SSL/TLS enabled, protocol version: TLSv1.2
19:21:13.073 [Thread-0] INFO bftsmart.tom.ServiceReplica - In current view: ID:0; F:2; Processes:0(/127.0.0.1:11000),1(/127.0.0.1:11010),2(/127.0.0.1:11020),3(/127.0.0.1:11030),4(/127.0.0.1:11040),5(/127.0.0.1:11050),6(/127.0.0.1:11060),7(/127.0.0.1:11070),
19:21:13.073 [Thread-5] INFO bftsmart.tom.ServiceReplica - In current view: ID:0; F:2; Processes:0(/127.0.0.1:11000),1(/127.0.0.1:11010),2(/127.0.0.1:11020),3(/127.0.0.1:11030),4(/127.0.0.1:11040),5(/127.0.0.1:11050),6(/127.0.0.1:11060),7(/127.0.0.1:11070),
19:21:13.073 [Thread-1] INFO bftsmart.communication.client.netty.NettyClientServerCommunicationSystemServerSide - Optimizations:  Read-only Requests: disabled
19:21:13.073 [Thread-6] INFO bftsmart.communication.client.netty.NettyClientServerCommunicationSystemServerSide - maxBatch = 8
19:21:13.073 [Thread-6] INFO bftsmart.communication.client.netty.NettyClientServerCommunicationSystemServerSide - Binded replica to IP address 127.0.0.1
19:21:13.073 [Thread-3] INFO bftsmart.tom.ServiceReplica - In current view: ID:0; F:2; Processes:0(/127.0.0.1:11000),1(/127.0.0.1:11010),2(/127.0.0.1:11020),3(/127.0.0.1:11030),4(/127.0.0.1:11040),5(/127.0.0.1:11050),6(/127.0.0.1:11060),7(/127.0.0.1:11070),
19:21:13.073 [Thread-7] INFO bftsmart.communication.client.netty.NettyClientServerCommunicationSystemServerSide - SSL/TLS enabled, protocol version: TLSv1.2
19:21:13.073 [Thread-2] INFO bftsmart.communication.client.netty.NettyClientServerCommunicationSystemServerSide - Optimizations:  Read-only Requests: disabled
19:21:13.073 [Thread-1] INFO bftsmart.communication.client.netty.NettyClientServerCommunicationSystemServerSide - SSL/TLS enabled, protocol version: TLSv1.2
19:21:13.073 [Thread-6] INFO bftsmart.communication.client.netty.NettyClientServerCommunicationSystemServerSide - Optimizations:  Read-only Requests: disabled
19:21:13.073 [Thread-7] INFO bftsmart.tom.ServiceReplica - In current view: ID:0; F:2; Processes:0(/127.0.0.1:11000),1(/127.0.0.1:11010),2(/127.0.0.1:11020),3(/127.0.0.1:11030),4(/127.0.0.1:11040),5(/127.0.0.1:11050),6(/127.0.0.1:11060),7(/127.0.0.1:11070),
19:21:13.074 [Thread-6] INFO bftsmart.communication.client.netty.NettyClientServerCommunicationSystemServerSide - SSL/TLS enabled, protocol version: TLSv1.2
19:21:13.074 [Thread-2] INFO bftsmart.communication.client.netty.NettyClientServerCommunicationSystemServerSide - SSL/TLS enabled, protocol version: TLSv1.2
19:21:13.074 [Thread-6] INFO bftsmart.tom.ServiceReplica - In current view: ID:0; F:2; Processes:0(/127.0.0.1:11000),1(/127.0.0.1:11010),2(/127.0.0.1:11020),3(/127.0.0.1:11030),4(/127.0.0.1:11040),5(/127.0.0.1:11050),6(/127.0.0.1:11060),7(/127.0.0.1:11070),
19:21:13.074 [Thread-1] INFO bftsmart.tom.ServiceReplica - In current view: ID:0; F:2; Processes:0(/127.0.0.1:11000),1(/127.0.0.1:11010),2(/127.0.0.1:11020),3(/127.0.0.1:11030),4(/127.0.0.1:11040),5(/127.0.0.1:11050),6(/127.0.0.1:11060),7(/127.0.0.1:11070),
19:21:13.074 [Thread-2] INFO bftsmart.tom.ServiceReplica - In current view: ID:0; F:2; Processes:0(/127.0.0.1:11000),1(/127.0.0.1:11010),2(/127.0.0.1:11020),3(/127.0.0.1:11030),4(/127.0.0.1:11040),5(/127.0.0.1:11050),6(/127.0.0.1:11060),7(/127.0.0.1:11070),
19:21:13.101 [Delivery Thread] WARN bftsmart.tom.core.DeliveryThread - ***********************************************************
19:21:13.102 [Delivery Thread] WARN bftsmart.tom.core.DeliveryThread - V2V MODE: Skipping state retrieval (fresh start assumed)
19:21:13.102 [Delivery Thread] WARN bftsmart.tom.core.DeliveryThread - State sync would fail due to V2V collisions during init
19:21:13.102 [Delivery Thread] WARN bftsmart.tom.core.DeliveryThread - ***********************************************************
19:21:13.102 [Delivery Thread] WARN bftsmart.tom.core.DeliveryThread - V2V MODE: Skipping state retrieval (fresh start assumed)
19:21:13.102 [Delivery Thread] WARN bftsmart.tom.core.DeliveryThread - State sync would fail due to V2V collisions during init
19:21:13.102 [Delivery Thread] WARN bftsmart.tom.core.DeliveryThread - ***********************************************************
19:21:13.102 [Delivery Thread] INFO bftsmart.tom.core.DeliveryThread - 
		###################################
		    Ready to process operations    
		###################################
19:21:13.102 [Delivery Thread] WARN bftsmart.tom.core.DeliveryThread - ***********************************************************
19:21:13.102 [Delivery Thread] INFO bftsmart.tom.core.DeliveryThread - 
		###################################
		    Ready to process operations    
		###################################
19:21:13.102 [Delivery Thread] WARN bftsmart.tom.core.DeliveryThread - ***********************************************************
19:21:13.102 [Delivery Thread] WARN bftsmart.tom.core.DeliveryThread - V2V MODE: Skipping state retrieval (fresh start assumed)
19:21:13.102 [Delivery Thread] WARN bftsmart.tom.core.DeliveryThread - State sync would fail due to V2V collisions during init
19:21:13.102 [Delivery Thread] WARN bftsmart.tom.core.DeliveryThread - ***********************************************************
19:21:13.102 [Delivery Thread] INFO bftsmart.tom.core.DeliveryThread - 
		###################################
		    Ready to process operations    
		###################################
19:21:13.102 [Delivery Thread] WARN bftsmart.tom.core.DeliveryThread - ***********************************************************
19:21:13.102 [Delivery Thread] WARN bftsmart.tom.core.DeliveryThread - V2V MODE: Skipping state retrieval (fresh start assumed)
19:21:13.102 [Delivery Thread] WARN bftsmart.tom.core.DeliveryThread - State sync would fail due to V2V collisions during init
19:21:13.102 [Delivery Thread] WARN bftsmart.tom.core.DeliveryThread - ***********************************************************
19:21:13.102 [Delivery Thread] INFO bftsmart.tom.core.DeliveryThread - 
		###################################
		    Ready to process operations    
		###################################
19:21:13.103 [Delivery Thread] WARN bftsmart.tom.core.DeliveryThread - ***********************************************************
19:21:13.103 [Delivery Thread] WARN bftsmart.tom.core.DeliveryThread - ***********************************************************
19:21:13.103 [Delivery Thread] WARN bftsmart.tom.core.DeliveryThread - V2V MODE: Skipping state retrieval (fresh start assumed)
19:21:13.103 [Delivery Thread] WARN bftsmart.tom.core.DeliveryThread - V2V MODE: Skipping state retrieval (fresh start assumed)
19:21:13.103 [Delivery Thread] WARN bftsmart.tom.core.DeliveryThread - State sync would fail due to V2V collisions during init
19:21:13.103 [Delivery Thread] WARN bftsmart.tom.core.DeliveryThread - ***********************************************************
19:21:13.103 [Delivery Thread] WARN bftsmart.tom.core.DeliveryThread - State sync would fail due to V2V collisions during init
19:21:13.103 [Delivery Thread] WARN bftsmart.tom.core.DeliveryThread - ***********************************************************
19:21:13.103 [Delivery Thread] INFO bftsmart.tom.core.DeliveryThread - 
		###################################
		    Ready to process operations    
		###################################
19:21:13.103 [Delivery Thread] WARN bftsmart.tom.core.DeliveryThread - ***********************************************************
19:21:13.103 [Delivery Thread] WARN bftsmart.tom.core.DeliveryThread - V2V MODE: Skipping state retrieval (fresh start assumed)
19:21:13.103 [Delivery Thread] WARN bftsmart.tom.core.DeliveryThread - State sync would fail due to V2V collisions during init
19:21:13.103 [Delivery Thread] WARN bftsmart.tom.core.DeliveryThread - ***********************************************************
19:21:13.103 [Delivery Thread] INFO bftsmart.tom.core.DeliveryThread - 
		###################################
		    Ready to process operations    
		###################################
19:21:13.103 [Delivery Thread] WARN bftsmart.tom.core.DeliveryThread - ***********************************************************
19:21:13.103 [Delivery Thread] WARN bftsmart.tom.core.DeliveryThread - V2V MODE: Skipping state retrieval (fresh start assumed)
19:21:13.104 [Delivery Thread] WARN bftsmart.tom.core.DeliveryThread - State sync would fail due to V2V collisions during init
19:21:13.104 [Delivery Thread] WARN bftsmart.tom.core.DeliveryThread - ***********************************************************
19:21:13.104 [Delivery Thread] INFO bftsmart.tom.core.DeliveryThread - 
		###################################
		    Ready to process operations    
		###################################
19:21:13.103 [Delivery Thread] INFO bftsmart.tom.core.DeliveryThread - 
		###################################
		    Ready to process operations    
		###################################
19:21:13.106 [TOM Layer] DEBUG bftsmart.tom.core.TOMLayer - Running.
19:21:13.106 [TOM Layer] DEBUG bftsmart.tom.core.TOMLayer - Next leader for CID=0: 0
19:21:13.106 [TOM Layer] DEBUG bftsmart.tom.core.TOMLayer - Running.
19:21:13.106 [TOM Layer] DEBUG bftsmart.tom.core.TOMLayer - Next leader for CID=0: 0
19:21:13.107 [TOM Layer] DEBUG bftsmart.tom.core.TOMLayer - Running.
19:21:13.107 [TOM Layer] DEBUG bftsmart.tom.core.TOMLayer - Next leader for CID=0: 0
19:21:13.107 [TOM Layer] DEBUG bftsmart.tom.core.TOMLayer - I'm the leader.
19:21:13.107 [TOM Layer] DEBUG bftsmart.tom.core.TOMLayer - Waiting for enough requests
19:21:13.107 [TOM Layer] DEBUG bftsmart.tom.core.TOMLayer - Running.
19:21:13.107 [TOM Layer] DEBUG bftsmart.tom.core.TOMLayer - Next leader for CID=0: 0
19:21:13.107 [TOM Layer] DEBUG bftsmart.tom.core.TOMLayer - Running.
19:21:13.107 [TOM Layer] DEBUG bftsmart.tom.core.TOMLayer - Next leader for CID=0: 0
19:21:13.107 [TOM Layer] DEBUG bftsmart.tom.core.TOMLayer - Running.
19:21:13.107 [TOM Layer] DEBUG bftsmart.tom.core.TOMLayer - Next leader for CID=0: 0
19:21:13.110 [TOM Layer] DEBUG bftsmart.tom.core.TOMLayer - Running.
19:21:13.110 [TOM Layer] DEBUG bftsmart.tom.core.TOMLayer - Next leader for CID=0: 0
19:21:13.112 [TOM Layer] DEBUG bftsmart.tom.core.TOMLayer - Running.
19:21:13.112 [TOM Layer] DEBUG bftsmart.tom.core.TOMLayer - Next leader for CID=0: 0
[V2VProxy 0] *** STOPPING at intersection! ***
[V2VProxy 0] Distance=37.4398m, t=2.9
[V2VProxy 0] triggerJoinViaJNI() called at t=2.9
[V2VProxy 0] FAILED: Server Status = 'Initializing' (expected 'READY') at t=2.9
[V2VProxy 0] Failed to trigger JOIN, will retry...
[V2VProxy 1] *** STOPPING at intersection! ***
[V2VProxy 1] Distance=26.1164m, t=2.9
[V2VProxy 1] triggerJoinViaJNI() called at t=2.9
[V2VProxy 1] FAILED: Server Status = 'Initializing' (expected 'READY') at t=2.9
[V2VProxy 1] Failed to trigger JOIN, will retry...
[V2VProxy 2] *** STOPPING at intersection! ***
[V2VProxy 2] Distance=33.8711m, t=2.9
[V2VProxy 2] triggerJoinViaJNI() called at t=2.9
[V2VProxy 2] Barrier: 8/8 runners ready
[V2VProxy 2] FAILED: Server Status = 'Initializing' (expected 'READY') at t=2.9
[V2VProxy 2] Failed to trigger JOIN, will retry...
[V2VProxy 3] *** STOPPING at intersection! ***
[V2VProxy 3] Distance=43.5489m, t=2.9
[V2VProxy 3] triggerJoinViaJNI() called at t=2.9
[V2VProxy 3] FAILED: Server Status = 'Initializing' (expected 'READY') at t=2.9
[V2VProxy 3] Failed to trigger JOIN, will retry...
[V2VProxy 4] *** STOPPING at intersection! ***
[V2VProxy 4] Distance=40.7771m, t=2.9
[V2VProxy 4] triggerJoinViaJNI() called at t=2.9
[V2VProxy 4] FAILED: Server Status = 'Initializing' (expected 'READY') at t=2.9
[V2VProxy 4] Failed to trigger JOIN, will retry...
[V2VProxy 5] *** STOPPING at intersection! ***
[V2VProxy 5] Distance=49.198m, t=2.9
[V2VProxy 5] triggerJoinViaJNI() called at t=2.9
[V2VProxy 5] FAILED: Server Status = 'Initializing' (expected 'READY') at t=2.9
[V2VProxy 5] Failed to trigger JOIN, will retry...
[V2VProxy 6] *** STOPPING at intersection! ***
[V2VProxy 6] Distance=31.3752m, t=2.9
[V2VProxy 6] triggerJoinViaJNI() called at t=2.9
[V2VProxy 6] FAILED: Server Status = 'Initializing' (expected 'READY') at t=2.9
[V2VProxy 6] Failed to trigger JOIN, will retry...
[V2VProxy 7] *** STOPPING at intersection! ***
[V2VProxy 7] Distance=26.7947m, t=2.9
[V2VProxy 7] triggerJoinViaJNI() called at t=2.9
[V2VProxy 7] FAILED: Server Status = 'Initializing' (expected 'READY') at t=2.9
[V2VProxy 7] Failed to trigger JOIN, will retry...
[STATE] Snapshot taken. Buffer size: 0, Batch processed: false
[STATE] Snapshot taken. Buffer size: 0, Batch processed: false
19:21:13.137 [Thread-3] WARN bftsmart.statemanagement.standard.StandardStateManager - ***********************************************************
19:21:13.137 [Thread-0] WARN bftsmart.statemanagement.standard.StandardStateManager - ***********************************************************
19:21:13.137 [Thread-0] WARN bftsmart.statemanagement.standard.StandardStateManager - V2V MODE: Skipping initial CID sync (fresh start assumed)
19:21:13.137 [Thread-3] WARN bftsmart.statemanagement.standard.StandardStateManager - V2V MODE: Skipping initial CID sync (fresh start assumed)
19:21:13.137 [Thread-3] WARN bftsmart.statemanagement.standard.StandardStateManager - V2V collisions prevent reliable quorum during init
19:21:13.137 [Thread-0] WARN bftsmart.statemanagement.standard.StandardStateManager - V2V collisions prevent reliable quorum during init
19:21:13.137 [Thread-3] WARN bftsmart.statemanagement.standard.StandardStateManager - ***********************************************************
19:21:13.137 [Thread-0] WARN bftsmart.statemanagement.standard.StandardStateManager - ***********************************************************
19:21:13.137 [Delivery Thread] DEBUG bftsmart.tom.core.DeliveryThread - Current size of the decided queue: 0
[STATE] Snapshot taken. Buffer size: 0, Batch processed: false
19:21:13.137 [Delivery Thread] DEBUG bftsmart.tom.core.DeliveryThread - Current size of the decided queue: 0
19:21:13.137 [Thread-5] WARN bftsmart.statemanagement.standard.StandardStateManager - ***********************************************************
19:21:13.137 [Thread-5] WARN bftsmart.statemanagement.standard.StandardStateManager - V2V MODE: Skipping initial CID sync (fresh start assumed)
19:21:13.137 [Thread-5] WARN bftsmart.statemanagement.standard.StandardStateManager - V2V collisions prevent reliable quorum during init
19:21:13.137 [Thread-5] WARN bftsmart.statemanagement.standard.StandardStateManager - ***********************************************************
19:21:13.137 [Thread-3] DEBUG bftsmart.tom.core.TOMLayer - Setting last exec to -1
19:21:13.137 [Thread-0] DEBUG bftsmart.tom.core.TOMLayer - Setting last exec to -1
19:21:13.137 [Delivery Thread] DEBUG bftsmart.tom.core.DeliveryThread - Current size of the decided queue: 0
[Server 3] DEBUG: *** ServiceReplica constructor returned! ***
[Server 0] DEBUG: *** ServiceReplica constructor returned! ***
[Server 3] DEBUG: Replica object = bftsmart.tom.ServiceReplica@3b69ef1e
[Server 0] DEBUG: Replica object = bftsmart.tom.ServiceReplica@17e73cfb
[Server 0] DEBUG: *** ServiceReplica constructor RETURNED! ***
[Server 3] DEBUG: *** ServiceReplica constructor RETURNED! ***
[Server 0] DEBUG: About to register in readyServers map...
19:21:13.138 [Thread-5] DEBUG bftsmart.tom.core.TOMLayer - Setting last exec to -1
[Server 3] DEBUG: About to register in readyServers map...
[IntersectionServer 0] ========================================
[Server 5] DEBUG: *** ServiceReplica constructor returned! ***
[Server 5] DEBUG: Replica object = bftsmart.tom.ServiceReplica@1b67ec3e
[Server 5] DEBUG: *** ServiceReplica constructor RETURNED! ***
[Server 5] DEBUG: About to register in readyServers map...
[IntersectionServer 3] ========================================
[IntersectionServer 3] *** REGISTERED as Ready! ***
[IntersectionServer 3] *** Waiting for OMNeT++ trigger. ***
[IntersectionServer 3] ========================================
[IntersectionServer 5] ========================================
[ServerRunner 3] TCP server ready (1/8 TCP servers ready)
[IntersectionServer 5] *** REGISTERED as Ready! ***
[IntersectionServer 5] *** Waiting for OMNeT++ trigger. ***
[IntersectionServer 5] ========================================
[IntersectionServer 0] *** REGISTERED as Ready! ***
[IntersectionServer 0] *** Waiting for OMNeT++ trigger. ***
[IntersectionServer 0] ========================================
[ServerRunner 5] TCP server ready (2/8 TCP servers ready)
[ServerRunner 0] TCP server ready (3/8 TCP servers ready)
[STATE] Snapshot taken. Buffer size: 0, Batch processed: false
19:21:13.139 [Thread-2] WARN bftsmart.statemanagement.standard.StandardStateManager - ***********************************************************
19:21:13.139 [Thread-2] WARN bftsmart.statemanagement.standard.StandardStateManager - V2V MODE: Skipping initial CID sync (fresh start assumed)
19:21:13.139 [Thread-2] WARN bftsmart.statemanagement.standard.StandardStateManager - V2V collisions prevent reliable quorum during init
19:21:13.139 [Thread-2] WARN bftsmart.statemanagement.standard.StandardStateManager - ***********************************************************
19:21:13.139 [Delivery Thread] DEBUG bftsmart.tom.core.DeliveryThread - Current size of the decided queue: 0
19:21:13.139 [Thread-2] DEBUG bftsmart.tom.core.TOMLayer - Setting last exec to -1
[Server 2] DEBUG: *** ServiceReplica constructor returned! ***
[Server 2] DEBUG: Replica object = bftsmart.tom.ServiceReplica@4ded385d
[Server 2] DEBUG: *** ServiceReplica constructor RETURNED! ***
[Server 2] DEBUG: About to register in readyServers map...
[IntersectionServer 2] ========================================
[IntersectionServer 2] *** REGISTERED as Ready! ***
[IntersectionServer 2] *** Waiting for OMNeT++ trigger. ***
[IntersectionServer 2] ========================================
[ServerRunner 2] TCP server ready (4/8 TCP servers ready)
[STATE] Snapshot taken. Buffer size: 0, Batch processed: false
19:21:13.140 [Thread-4] WARN bftsmart.statemanagement.standard.StandardStateManager - ***********************************************************
[STATE] Snapshot taken. Buffer size: 0, Batch processed: false
19:21:13.140 [Thread-4] WARN bftsmart.statemanagement.standard.StandardStateManager - V2V MODE: Skipping initial CID sync (fresh start assumed)
19:21:13.140 [Thread-4] WARN bftsmart.statemanagement.standard.StandardStateManager - V2V collisions prevent reliable quorum during init
19:21:13.140 [Thread-1] WARN bftsmart.statemanagement.standard.StandardStateManager - ***********************************************************
19:21:13.140 [Thread-4] WARN bftsmart.statemanagement.standard.StandardStateManager - ***********************************************************
19:21:13.140 [Thread-1] WARN bftsmart.statemanagement.standard.StandardStateManager - V2V MODE: Skipping initial CID sync (fresh start assumed)
19:21:13.140 [Thread-1] WARN bftsmart.statemanagement.standard.StandardStateManager - V2V collisions prevent reliable quorum during init
19:21:13.140 [Thread-1] WARN bftsmart.statemanagement.standard.StandardStateManager - ***********************************************************
19:21:13.140 [Delivery Thread] DEBUG bftsmart.tom.core.DeliveryThread - Current size of the decided queue: 0
19:21:13.140 [Delivery Thread] DEBUG bftsmart.tom.core.DeliveryThread - Current size of the decided queue: 0
19:21:13.140 [Thread-4] DEBUG bftsmart.tom.core.TOMLayer - Setting last exec to -1
19:21:13.140 [Thread-1] DEBUG bftsmart.tom.core.TOMLayer - Setting last exec to -1
[Server 4] DEBUG: *** ServiceReplica constructor returned! ***
[Server 4] DEBUG: Replica object = bftsmart.tom.ServiceReplica@651ce447
[Server 4] DEBUG: *** ServiceReplica constructor RETURNED! ***
[Server 4] DEBUG: About to register in readyServers map...
[IntersectionServer 4] ========================================
[IntersectionServer 4] *** REGISTERED as Ready! ***
[IntersectionServer 4] *** Waiting for OMNeT++ trigger. ***
[IntersectionServer 4] ========================================
[ServerRunner 4] TCP server ready (5/8 TCP servers ready)
[Server 1] DEBUG: *** ServiceReplica constructor returned! ***
[Server 1] DEBUG: Replica object = bftsmart.tom.ServiceReplica@76194db4
[Server 1] DEBUG: *** ServiceReplica constructor RETURNED! ***
[Server 1] DEBUG: About to register in readyServers map...
[IntersectionServer 1] ========================================
[IntersectionServer 1] *** REGISTERED as Ready! ***
[IntersectionServer 1] *** Waiting for OMNeT++ trigger. ***
[IntersectionServer 1] ========================================
[ServerRunner 1] TCP server ready (6/8 TCP servers ready)
[STATE] Snapshot taken. Buffer size: 0, Batch processed: false
19:21:13.143 [Thread-7] WARN bftsmart.statemanagement.standard.StandardStateManager - ***********************************************************
19:21:13.144 [Thread-7] WARN bftsmart.statemanagement.standard.StandardStateManager - V2V MODE: Skipping initial CID sync (fresh start assumed)
19:21:13.144 [Thread-7] WARN bftsmart.statemanagement.standard.StandardStateManager - V2V collisions prevent reliable quorum during init
19:21:13.144 [Thread-7] WARN bftsmart.statemanagement.standard.StandardStateManager - ***********************************************************
19:21:13.144 [Delivery Thread] DEBUG bftsmart.tom.core.DeliveryThread - Current size of the decided queue: 0
19:21:13.144 [Thread-7] DEBUG bftsmart.tom.core.TOMLayer - Setting last exec to -1
[Server 7] DEBUG: *** ServiceReplica constructor returned! ***
[Server 7] DEBUG: Replica object = bftsmart.tom.ServiceReplica@67f71c17
[STATE] Snapshot taken. Buffer size: 0, Batch processed: false
[Server 7] DEBUG: *** ServiceReplica constructor RETURNED! ***
[Server 7] DEBUG: About to register in readyServers map...
[IntersectionServer 7] ========================================
[IntersectionServer 7] *** REGISTERED as Ready! ***
[IntersectionServer 7] *** Waiting for OMNeT++ trigger. ***
[IntersectionServer 7] ========================================
[ServerRunner 7] TCP server ready (7/8 TCP servers ready)
19:21:13.144 [Thread-6] WARN bftsmart.statemanagement.standard.StandardStateManager - ***********************************************************
19:21:13.144 [Thread-6] WARN bftsmart.statemanagement.standard.StandardStateManager - V2V MODE: Skipping initial CID sync (fresh start assumed)
19:21:13.144 [Thread-6] WARN bftsmart.statemanagement.standard.StandardStateManager - V2V collisions prevent reliable quorum during init
19:21:13.144 [Thread-6] WARN bftsmart.statemanagement.standard.StandardStateManager - ***********************************************************
19:21:13.144 [Delivery Thread] DEBUG bftsmart.tom.core.DeliveryThread - Current size of the decided queue: 0
19:21:13.145 [Thread-6] DEBUG bftsmart.tom.core.TOMLayer - Setting last exec to -1
[Server 6] DEBUG: *** ServiceReplica constructor returned! ***
[Server 6] DEBUG: Replica object = bftsmart.tom.ServiceReplica@71e2d12a
[Server 6] DEBUG: *** ServiceReplica constructor RETURNED! ***
[Server 6] DEBUG: About to register in readyServers map...
[IntersectionServer 6] ========================================
[IntersectionServer 6] *** REGISTERED as Ready! ***
[IntersectionServer 6] *** Waiting for OMNeT++ trigger. ***
[IntersectionServer 6] ========================================
[ServerRunner 6] TCP server ready (8/8 TCP servers ready)
[ServerRunner 6] All 8 TCP servers confirmed ready!
[ServerRunner 6] ========================================
[ServerRunner 6] *** REPLICA IS NOW READY ***
[ServerRunner 6] *** Time: 1769484073145 ms
[ServerRunner 6] ========================================
[ServerRunner 3] All 8 TCP servers confirmed ready!
[ServerRunner 3] ========================================
[ServerRunner 3] *** REPLICA IS NOW READY ***
[ServerRunner 3] *** Time: 1769484073145 ms
[ServerRunner 3] ========================================
[ServerRunner 5] All 8 TCP servers confirmed ready!
[ServerRunner 5] ========================================
[ServerRunner 5] *** REPLICA IS NOW READY ***
[ServerRunner 5] *** Time: 1769484073145 ms
[ServerRunner 5] ========================================
[ServerRunner 0] All 8 TCP servers confirmed ready!
[ServerRunner 1] All 8 TCP servers confirmed ready!
[ServerRunner 0] ========================================
[ServerRunner 0] *** REPLICA IS NOW READY ***
[ServerRunner 4] All 8 TCP servers confirmed ready!
[ServerRunner 4] ========================================
[ServerRunner 4] *** REPLICA IS NOW READY ***
[ServerRunner 4] *** Time: 1769484073146 ms
[ServerRunner 4] ========================================
[ServerRunner 2] All 8 TCP servers confirmed ready!
[ServerRunner 2] ========================================
[ServerRunner 2] *** REPLICA IS NOW READY ***
[ServerRunner 0] *** Time: 1769484073146 ms
[ServerRunner 0] ========================================
[ServerRunner 7] All 8 TCP servers confirmed ready!
[ServerRunner 7] ========================================
[ServerRunner 7] *** REPLICA IS NOW READY ***
[ServerRunner 7] *** Time: 1769484073147 ms
[ServerRunner 7] ========================================
[ServerRunner 1] ========================================
[ServerRunner 2] *** Time: 1769484073146 ms
[ServerRunner 2] ========================================
[ServerRunner 1] *** REPLICA IS NOW READY ***
[ServerRunner 1] *** Time: 1769484073149 ms
[ServerRunner 1] ========================================
[V2VProxy 0] *** STOPPING at intersection! ***
[V2VProxy 0] Distance=37.9231m, t=3
[V2VProxy 0] triggerJoinViaJNI() called at t=3
[V2VProxy 0] PASSED: Server Status = 'READY'
[V2VProxy 0] PASSED: isReplicaReady() = true
[IntersectionServer 0] triggerJoin() called by OMNeT++
[V2VProxy 0] SUCCESS: Triggered Join at t=3
[V2VProxy 0] Consensus Timer STARTED at 3
[V2VProxy 0] Consensus timeout set for 40s
[V2VProxy 1] *** STOPPING at intersection! ***
[V2VProxy 1] Distance=26.1309m, t=3
[V2VProxy 1] triggerJoinViaJNI() called at t=3
[V2VProxy 1] PASSED: Server Status = 'READY'
[V2VProxy 1] PASSED: isReplicaReady() = true
[IntersectionServer 1] triggerJoin() called by OMNeT++
[V2VProxy 1] SUCCESS: Triggered Join at t=3
[V2VProxy 1] Consensus Timer STARTED at 3
[V2VProxy 1] Consensus timeout set for 40s
[V2VProxy 2] *** STOPPING at intersection! ***
[V2VProxy 2] Distance=33.5033m, t=3
[V2VProxy 2] triggerJoinViaJNI() called at t=3
[V2VProxy 2] PASSED: Server Status = 'READY'
[V2VProxy 2] PASSED: isReplicaReady() = true
[IntersectionServer 2] triggerJoin() called by OMNeT++
[V2VProxy 2] SUCCESS: Triggered Join at t=3
[V2VProxy 2] Consensus Timer STARTED at 3
[V2VProxy 2] Consensus timeout set for 40s
[V2VProxy 3] *** STOPPING at intersection! ***
[V2VProxy 3] Distance=43.2083m, t=3
[V2VProxy 3] triggerJoinViaJNI() called at t=3
[V2VProxy 3] PASSED: Server Status = 'READY'
[V2VProxy 3] PASSED: isReplicaReady() = true
[IntersectionServer 3] triggerJoin() called by OMNeT++
[V2VProxy 3] SUCCESS: Triggered Join at t=3
[V2VProxy 3] Consensus Timer STARTED at 3
[V2VProxy 3] Consensus timeout set for 40s
[V2VProxy 4] *** STOPPING at intersection! ***
[V2VProxy 4] Distance=40.7771m, t=3
[V2VProxy 4] triggerJoinViaJNI() called at t=3
[V2VProxy 4] Barrier: 8/8 runners ready
[V2VProxy 4] PASSED: Server Status = 'READY'
[V2VProxy 4] PASSED: isReplicaReady() = true
[IntersectionServer 4] triggerJoin() called by OMNeT++
[V2VProxy 4] SUCCESS: Triggered Join at t=3
[V2VProxy 4] Consensus Timer STARTED at 3
[V2VProxy 4] Consensus timeout set for 40s
[V2VProxy 5] *** STOPPING at intersection! ***
[V2VProxy 5] Distance=49.198m, t=3
[V2VProxy 5] triggerJoinViaJNI() called at t=3
[V2VProxy 5] PASSED: Server Status = 'READY'
[V2VProxy 5] PASSED: isReplicaReady() = true
[IntersectionServer 5] triggerJoin() called by OMNeT++
[V2VProxy 5] SUCCESS: Triggered Join at t=3
[V2VProxy 5] Consensus Timer STARTED at 3
[V2VProxy 5] Consensus timeout set for 40s
[V2VProxy 6] *** STOPPING at intersection! ***
[V2VProxy 6] Distance=31.3752m, t=3
[V2VProxy 6] triggerJoinViaJNI() called at t=3
[V2VProxy 6] PASSED: Server Status = 'READY'
[V2VProxy 6] PASSED: isReplicaReady() = true
[IntersectionServer 6] triggerJoin() called by OMNeT++
[V2VProxy 6] SUCCESS: Triggered Join at t=3
[V2VProxy 6] Consensus Timer STARTED at 3
[V2VProxy 6] Consensus timeout set for 40s
[V2VProxy 7] *** STOPPING at intersection! ***
[V2VProxy 7] Distance=26.7947m, t=3
[V2VProxy 7] triggerJoinViaJNI() called at t=3
[V2VProxy 7] PASSED: Server Status = 'READY'
[V2VProxy 7] PASSED: isReplicaReady() = true
[IntersectionServer 7] triggerJoin() called by OMNeT++
[V2VProxy 7] SUCCESS: Triggered Join at t=3
[V2VProxy 7] Consensus Timer STARTED at 3
[V2VProxy 7] Consensus timeout set for 40s
19:21:13.363 [Thread-104] DEBUG bftsmart.communication.client.netty.NettyClientServerCommunicationSystemClientSide - ClientID 1000, connecting to replica 0, at address: /127.0.0.1:11000
19:21:13.363 [Thread-105] DEBUG bftsmart.communication.client.netty.NettyClientServerCommunicationSystemClientSide - ClientID 1001, connecting to replica 0, at address: /127.0.0.1:11000
19:21:13.363 [Thread-110] DEBUG bftsmart.communication.client.netty.NettyClientServerCommunicationSystemClientSide - ClientID 1006, connecting to replica 0, at address: /127.0.0.1:11000
19:21:13.363 [Thread-109] DEBUG bftsmart.communication.client.netty.NettyClientServerCommunicationSystemClientSide - ClientID 1005, connecting to replica 0, at address: /127.0.0.1:11000
19:21:13.363 [Thread-106] DEBUG bftsmart.communication.client.netty.NettyClientServerCommunicationSystemClientSide - ClientID 1002, connecting to replica 0, at address: /127.0.0.1:11000
19:21:13.364 [Thread-107] DEBUG bftsmart.communication.client.netty.NettyClientServerCommunicationSystemClientSide - ClientID 1003, connecting to replica 0, at address: /127.0.0.1:11000
19:21:13.364 [Thread-111] DEBUG bftsmart.communication.client.netty.NettyClientServerCommunicationSystemClientSide - ClientID 1007, connecting to replica 0, at address: /127.0.0.1:11000
19:21:13.365 [Thread-108] DEBUG bftsmart.communication.client.netty.NettyClientServerCommunicationSystemClientSide - ClientID 1004, connecting to replica 0, at address: /127.0.0.1:11000
19:21:13.367 [nioEventLoopGroup-19-1] DEBUG bftsmart.communication.client.netty.NettyTOMMessageDecoder - new NettyTOMMessageDecoder!!, isClient=true
19:21:13.367 [nioEventLoopGroup-24-1] DEBUG bftsmart.communication.client.netty.NettyTOMMessageDecoder - new NettyTOMMessageDecoder!!, isClient=true
19:21:13.367 [nioEventLoopGroup-21-1] DEBUG bftsmart.communication.client.netty.NettyTOMMessageDecoder - new NettyTOMMessageDecoder!!, isClient=true
19:21:13.367 [nioEventLoopGroup-18-1] DEBUG bftsmart.communication.client.netty.NettyTOMMessageDecoder - new NettyTOMMessageDecoder!!, isClient=true
19:21:13.367 [nioEventLoopGroup-22-1] DEBUG bftsmart.communication.client.netty.NettyTOMMessageDecoder - new NettyTOMMessageDecoder!!, isClient=true
19:21:13.367 [nioEventLoopGroup-20-1] DEBUG bftsmart.communication.client.netty.NettyTOMMessageDecoder - new NettyTOMMessageDecoder!!, isClient=true
19:21:13.367 [nioEventLoopGroup-25-1] DEBUG bftsmart.communication.client.netty.NettyTOMMessageDecoder - new NettyTOMMessageDecoder!!, isClient=true
19:21:13.367 [nioEventLoopGroup-23-1] DEBUG bftsmart.communication.client.netty.NettyTOMMessageDecoder - new NettyTOMMessageDecoder!!, isClient=true
19:21:13.386 [nioEventLoopGroup-24-1] DEBUG bftsmart.communication.client.netty.NettyClientServerCommunicationSystemClientSide - Channel active
19:21:13.386 [nioEventLoopGroup-25-1] DEBUG bftsmart.communication.client.netty.NettyClientServerCommunicationSystemClientSide - Channel active
19:21:13.386 [nioEventLoopGroup-19-1] DEBUG bftsmart.communication.client.netty.NettyClientServerCommunicationSystemClientSide - Channel active
19:21:13.386 [nioEventLoopGroup-20-1] DEBUG bftsmart.communication.client.netty.NettyClientServerCommunicationSystemClientSide - Channel active
19:21:13.386 [nioEventLoopGroup-21-1] DEBUG bftsmart.communication.client.netty.NettyClientServerCommunicationSystemClientSide - Channel active
19:21:13.388 [nioEventLoopGroup-22-1] DEBUG bftsmart.communication.client.netty.NettyClientServerCommunicationSystemClientSide - Channel active
19:21:13.388 [nioEventLoopGroup-23-1] DEBUG bftsmart.communication.client.netty.NettyClientServerCommunicationSystemClientSide - Channel active
19:21:13.389 [nioEventLoopGroup-18-1] DEBUG bftsmart.communication.client.netty.NettyClientServerCommunicationSystemClientSide - Channel active
19:21:13.391 [nioEventLoopGroup-10-1] DEBUG bftsmart.communication.client.netty.NettyTOMMessageDecoder - new NettyTOMMessageDecoder!!, isClient=false
19:21:13.391 [nioEventLoopGroup-10-1] INFO bftsmart.communication.client.netty.NettyClientServerCommunicationSystemServerSide - Session Created, active clients=0
19:21:13.391 [Thread-104] DEBUG bftsmart.communication.client.netty.NettyClientServerCommunicationSystemClientSide - ClientID 1000, connecting to replica 1, at address: /127.0.0.1:11010
19:21:13.392 [Thread-107] DEBUG bftsmart.communication.client.netty.NettyClientServerCommunicationSystemClientSide - ClientID 1003, connecting to replica 1, at address: /127.0.0.1:11010
19:21:13.392 [Thread-105] DEBUG bftsmart.communication.client.netty.NettyClientServerCommunicationSystemClientSide - ClientID 1001, connecting to replica 1, at address: /127.0.0.1:11010
19:21:13.392 [Thread-106] DEBUG bftsmart.communication.client.netty.NettyClientServerCommunicationSystemClientSide - ClientID 1002, connecting to replica 1, at address: /127.0.0.1:11010
19:21:13.394 [nioEventLoopGroup-24-2] DEBUG bftsmart.communication.client.netty.NettyTOMMessageDecoder - new NettyTOMMessageDecoder!!, isClient=true
19:21:13.394 [nioEventLoopGroup-20-2] DEBUG bftsmart.communication.client.netty.NettyTOMMessageDecoder - new NettyTOMMessageDecoder!!, isClient=true
19:21:13.394 [nioEventLoopGroup-21-2] DEBUG bftsmart.communication.client.netty.NettyTOMMessageDecoder - new NettyTOMMessageDecoder!!, isClient=true
19:21:13.394 [Thread-110] DEBUG bftsmart.communication.client.netty.NettyClientServerCommunicationSystemClientSide - ClientID 1006, connecting to replica 1, at address: /127.0.0.1:11010
19:21:13.394 [nioEventLoopGroup-19-2] DEBUG bftsmart.communication.client.netty.NettyTOMMessageDecoder - new NettyTOMMessageDecoder!!, isClient=true
19:21:13.394 [Thread-111] DEBUG bftsmart.communication.client.netty.NettyClientServerCommunicationSystemClientSide - ClientID 1007, connecting to replica 1, at address: /127.0.0.1:11010
19:21:13.395 [nioEventLoopGroup-23-2] DEBUG bftsmart.communication.client.netty.NettyTOMMessageDecoder - new NettyTOMMessageDecoder!!, isClient=true
19:21:13.395 [Thread-108] DEBUG bftsmart.communication.client.netty.NettyClientServerCommunicationSystemClientSide - ClientID 1004, connecting to replica 1, at address: /127.0.0.1:11010
19:21:13.397 [nioEventLoopGroup-25-2] DEBUG bftsmart.communication.client.netty.NettyTOMMessageDecoder - new NettyTOMMessageDecoder!!, isClient=true
19:21:13.397 [Thread-109] DEBUG bftsmart.communication.client.netty.NettyClientServerCommunicationSystemClientSide - ClientID 1005, connecting to replica 1, at address: /127.0.0.1:11010
19:21:13.397 [nioEventLoopGroup-18-2] DEBUG bftsmart.communication.client.netty.NettyTOMMessageDecoder - new NettyTOMMessageDecoder!!, isClient=true
19:21:13.399 [nioEventLoopGroup-10-2] DEBUG bftsmart.communication.client.netty.NettyTOMMessageDecoder - new NettyTOMMessageDecoder!!, isClient=false
19:21:13.399 [nioEventLoopGroup-24-2] DEBUG bftsmart.communication.client.netty.NettyClientServerCommunicationSystemClientSide - Channel active
19:21:13.400 [nioEventLoopGroup-10-2] INFO bftsmart.communication.client.netty.NettyClientServerCommunicationSystemServerSide - Session Created, active clients=0
19:21:13.400 [nioEventLoopGroup-22-2] DEBUG bftsmart.communication.client.netty.NettyTOMMessageDecoder - new NettyTOMMessageDecoder!!, isClient=true
19:21:13.400 [nioEventLoopGroup-20-2] DEBUG bftsmart.communication.client.netty.NettyClientServerCommunicationSystemClientSide - Channel active
19:21:13.401 [nioEventLoopGroup-22-2] DEBUG bftsmart.communication.client.netty.NettyClientServerCommunicationSystemClientSide - Channel active
19:21:13.401 [nioEventLoopGroup-19-2] DEBUG bftsmart.communication.client.netty.NettyClientServerCommunicationSystemClientSide - Channel active
19:21:13.401 [nioEventLoopGroup-21-2] DEBUG bftsmart.communication.client.netty.NettyClientServerCommunicationSystemClientSide - Channel active
19:21:13.402 [nioEventLoopGroup-23-2] DEBUG bftsmart.communication.client.netty.NettyClientServerCommunicationSystemClientSide - Channel active
19:21:13.404 [nioEventLoopGroup-18-2] DEBUG bftsmart.communication.client.netty.NettyClientServerCommunicationSystemClientSide - Channel active
19:21:13.403 [nioEventLoopGroup-10-3] DEBUG bftsmart.communication.client.netty.NettyTOMMessageDecoder - new NettyTOMMessageDecoder!!, isClient=false
19:21:13.403 [nioEventLoopGroup-25-2] DEBUG bftsmart.communication.client.netty.NettyClientServerCommunicationSystemClientSide - Channel active
19:21:13.402 [nioEventLoopGroup-17-1] DEBUG bftsmart.communication.client.netty.NettyTOMMessageDecoder - new NettyTOMMessageDecoder!!, isClient=false
19:21:13.405 [nioEventLoopGroup-17-2] DEBUG bftsmart.communication.client.netty.NettyTOMMessageDecoder - new NettyTOMMessageDecoder!!, isClient=false
19:21:13.406 [Thread-108] DEBUG bftsmart.communication.client.netty.NettyClientServerCommunicationSystemClientSide - ClientID 1004, connecting to replica 2, at address: /127.0.0.1:11020
19:21:13.406 [Thread-104] DEBUG bftsmart.communication.client.netty.NettyClientServerCommunicationSystemClientSide - ClientID 1000, connecting to replica 2, at address: /127.0.0.1:11020
19:21:13.408 [nioEventLoopGroup-10-3] INFO bftsmart.communication.client.netty.NettyClientServerCommunicationSystemServerSide - Session Created, active clients=0
19:21:13.408 [nioEventLoopGroup-17-2] INFO bftsmart.communication.client.netty.NettyClientServerCommunicationSystemServerSide - Session Created, active clients=0
19:21:13.408 [nioEventLoopGroup-17-1] INFO bftsmart.communication.client.netty.NettyClientServerCommunicationSystemServerSide - Session Created, active clients=0
19:21:13.408 [nioEventLoopGroup-22-3] DEBUG bftsmart.communication.client.netty.NettyTOMMessageDecoder - new NettyTOMMessageDecoder!!, isClient=true
19:21:13.408 [Thread-109] DEBUG bftsmart.communication.client.netty.NettyClientServerCommunicationSystemClientSide - ClientID 1005, connecting to replica 2, at address: /127.0.0.1:11020
19:21:13.408 [nioEventLoopGroup-21-3] DEBUG bftsmart.communication.client.netty.NettyTOMMessageDecoder - new NettyTOMMessageDecoder!!, isClient=true
19:21:13.408 [nioEventLoopGroup-10-4] DEBUG bftsmart.communication.client.netty.NettyTOMMessageDecoder - new NettyTOMMessageDecoder!!, isClient=false
19:21:13.408 [Thread-110] DEBUG bftsmart.communication.client.netty.NettyClientServerCommunicationSystemClientSide - ClientID 1006, connecting to replica 2, at address: /127.0.0.1:11020
19:21:13.410 [Thread-106] DEBUG bftsmart.communication.client.netty.NettyClientServerCommunicationSystemClientSide - ClientID 1002, connecting to replica 2, at address: /127.0.0.1:11020
19:21:13.411 [Thread-105] DEBUG bftsmart.communication.client.netty.NettyClientServerCommunicationSystemClientSide - ClientID 1001, connecting to replica 2, at address: /127.0.0.1:11020
19:21:13.411 [Thread-111] DEBUG bftsmart.communication.client.netty.NettyClientServerCommunicationSystemClientSide - ClientID 1007, connecting to replica 2, at address: /127.0.0.1:11020
19:21:13.411 [nioEventLoopGroup-18-3] DEBUG bftsmart.communication.client.netty.NettyTOMMessageDecoder - new NettyTOMMessageDecoder!!, isClient=true
19:21:13.411 [nioEventLoopGroup-19-3] DEBUG bftsmart.communication.client.netty.NettyTOMMessageDecoder - new NettyTOMMessageDecoder!!, isClient=true
19:21:13.411 [Thread-107] DEBUG bftsmart.communication.client.netty.NettyClientServerCommunicationSystemClientSide - ClientID 1003, connecting to replica 2, at address: /127.0.0.1:11020
19:21:13.413 [nioEventLoopGroup-23-3] DEBUG bftsmart.communication.client.netty.NettyTOMMessageDecoder - new NettyTOMMessageDecoder!!, isClient=true
19:21:13.413 [nioEventLoopGroup-10-5] DEBUG bftsmart.communication.client.netty.NettyTOMMessageDecoder - new NettyTOMMessageDecoder!!, isClient=false
19:21:13.413 [nioEventLoopGroup-20-3] DEBUG bftsmart.communication.client.netty.NettyTOMMessageDecoder - new NettyTOMMessageDecoder!!, isClient=true
19:21:13.413 [nioEventLoopGroup-25-3] DEBUG bftsmart.communication.client.netty.NettyTOMMessageDecoder - new NettyTOMMessageDecoder!!, isClient=true
19:21:13.413 [nioEventLoopGroup-10-4] INFO bftsmart.communication.client.netty.NettyClientServerCommunicationSystemServerSide - Session Created, active clients=0
19:21:13.413 [nioEventLoopGroup-24-3] DEBUG bftsmart.communication.client.netty.NettyTOMMessageDecoder - new NettyTOMMessageDecoder!!, isClient=true
19:21:13.413 [nioEventLoopGroup-22-3] DEBUG bftsmart.communication.client.netty.NettyClientServerCommunicationSystemClientSide - Channel active
19:21:13.415 [nioEventLoopGroup-17-3] DEBUG bftsmart.communication.client.netty.NettyTOMMessageDecoder - new NettyTOMMessageDecoder!!, isClient=false
19:21:13.415 [nioEventLoopGroup-21-3] DEBUG bftsmart.communication.client.netty.NettyClientServerCommunicationSystemClientSide - Channel active
19:21:13.416 [nioEventLoopGroup-17-4] DEBUG bftsmart.communication.client.netty.NettyTOMMessageDecoder - new NettyTOMMessageDecoder!!, isClient=false
19:21:13.418 [Thread-108] DEBUG bftsmart.communication.client.netty.NettyClientServerCommunicationSystemClientSide - ClientID 1004, connecting to replica 3, at address: /127.0.0.1:11030
19:21:13.418 [nioEventLoopGroup-22-4] DEBUG bftsmart.communication.client.netty.NettyTOMMessageDecoder - new NettyTOMMessageDecoder!!, isClient=true
19:21:13.418 [nioEventLoopGroup-17-6] DEBUG bftsmart.communication.client.netty.NettyTOMMessageDecoder - new NettyTOMMessageDecoder!!, isClient=false
19:21:13.416 [nioEventLoopGroup-10-5] INFO bftsmart.communication.client.netty.NettyClientServerCommunicationSystemServerSide - Session Created, active clients=0
19:21:13.419 [nioEventLoopGroup-11-2] DEBUG bftsmart.communication.client.netty.NettyTOMMessageDecoder - new NettyTOMMessageDecoder!!, isClient=false
19:21:13.419 [nioEventLoopGroup-11-1] DEBUG bftsmart.communication.client.netty.NettyTOMMessageDecoder - new NettyTOMMessageDecoder!!, isClient=false
19:21:13.419 [nioEventLoopGroup-17-3] INFO bftsmart.communication.client.netty.NettyClientServerCommunicationSystemServerSide - Session Created, active clients=0
19:21:13.420 [nioEventLoopGroup-17-5] DEBUG bftsmart.communication.client.netty.NettyTOMMessageDecoder - new NettyTOMMessageDecoder!!, isClient=false
19:21:13.420 [nioEventLoopGroup-10-6] DEBUG bftsmart.communication.client.netty.NettyTOMMessageDecoder - new NettyTOMMessageDecoder!!, isClient=false
19:21:13.420 [nioEventLoopGroup-10-7] DEBUG bftsmart.communication.client.netty.NettyTOMMessageDecoder - new NettyTOMMessageDecoder!!, isClient=false
19:21:13.420 [nioEventLoopGroup-19-3] DEBUG bftsmart.communication.client.netty.NettyClientServerCommunicationSystemClientSide - Channel active
19:21:13.423 [nioEventLoopGroup-17-7] DEBUG bftsmart.communication.client.netty.NettyTOMMessageDecoder - new NettyTOMMessageDecoder!!, isClient=false
19:21:13.423 [nioEventLoopGroup-11-3] DEBUG bftsmart.communication.client.netty.NettyTOMMessageDecoder - new NettyTOMMessageDecoder!!, isClient=false
19:21:13.423 [nioEventLoopGroup-11-3] INFO bftsmart.communication.client.netty.NettyClientServerCommunicationSystemServerSide - Session Created, active clients=0
19:21:13.423 [nioEventLoopGroup-17-8] DEBUG bftsmart.communication.client.netty.NettyTOMMessageDecoder - new NettyTOMMessageDecoder!!, isClient=false
19:21:13.423 [nioEventLoopGroup-17-8] INFO bftsmart.communication.client.netty.NettyClientServerCommunicationSystemServerSide - Session Created, active clients=0
19:21:13.424 [nioEventLoopGroup-17-6] INFO bftsmart.communication.client.netty.NettyClientServerCommunicationSystemServerSide - Session Created, active clients=0
19:21:13.424 [Thread-104] DEBUG bftsmart.communication.client.netty.NettyClientServerCommunicationSystemClientSide - ClientID 1000, connecting to replica 3, at address: /127.0.0.1:11030
19:21:13.424 [nioEventLoopGroup-10-7] INFO bftsmart.communication.client.netty.NettyClientServerCommunicationSystemServerSide - Session Created, active clients=0
19:21:13.424 [nioEventLoopGroup-10-8] DEBUG bftsmart.communication.client.netty.NettyTOMMessageDecoder - new NettyTOMMessageDecoder!!, isClient=false
19:21:13.424 [nioEventLoopGroup-10-6] INFO bftsmart.communication.client.netty.NettyClientServerCommunicationSystemServerSide - Session Created, active clients=0
19:21:13.424 [nioEventLoopGroup-11-1] INFO bftsmart.communication.client.netty.NettyClientServerCommunicationSystemServerSide - Session Created, active clients=0
19:21:13.424 [nioEventLoopGroup-21-4] DEBUG bftsmart.communication.client.netty.NettyTOMMessageDecoder - new NettyTOMMessageDecoder!!, isClient=true
19:21:13.424 [nioEventLoopGroup-17-4] INFO bftsmart.communication.client.netty.NettyClientServerCommunicationSystemServerSide - Session Created, active clients=0
19:21:13.424 [nioEventLoopGroup-10-8] INFO bftsmart.communication.client.netty.NettyClientServerCommunicationSystemServerSide - Session Created, active clients=0
19:21:13.424 [nioEventLoopGroup-17-5] INFO bftsmart.communication.client.netty.NettyClientServerCommunicationSystemServerSide - Session Created, active clients=0
19:21:13.425 [nioEventLoopGroup-24-3] DEBUG bftsmart.communication.client.netty.NettyClientServerCommunicationSystemClientSide - Channel active
19:21:13.425 [nioEventLoopGroup-23-3] DEBUG bftsmart.communication.client.netty.NettyClientServerCommunicationSystemClientSide - Channel active
19:21:13.425 [nioEventLoopGroup-18-3] DEBUG bftsmart.communication.client.netty.NettyClientServerCommunicationSystemClientSide - Channel active
19:21:13.425 [nioEventLoopGroup-20-3] DEBUG bftsmart.communication.client.netty.NettyClientServerCommunicationSystemClientSide - Channel active
19:21:13.425 [nioEventLoopGroup-19-4] DEBUG bftsmart.communication.client.netty.NettyTOMMessageDecoder - new NettyTOMMessageDecoder!!, isClient=true
19:21:13.425 [Thread-110] DEBUG bftsmart.communication.client.netty.NettyClientServerCommunicationSystemClientSide - ClientID 1006, connecting to replica 3, at address: /127.0.0.1:11030
19:21:13.425 [nioEventLoopGroup-22-4] DEBUG bftsmart.communication.client.netty.NettyClientServerCommunicationSystemClientSide - Channel active
19:21:13.425 [nioEventLoopGroup-21-4] DEBUG bftsmart.communication.client.netty.NettyClientServerCommunicationSystemClientSide - Channel active
19:21:13.425 [nioEventLoopGroup-25-3] DEBUG bftsmart.communication.client.netty.NettyClientServerCommunicationSystemClientSide - Channel active
19:21:13.425 [nioEventLoopGroup-11-2] INFO bftsmart.communication.client.netty.NettyClientServerCommunicationSystemServerSide - Session Created, active clients=0
19:21:13.425 [nioEventLoopGroup-17-7] INFO bftsmart.communication.client.netty.NettyClientServerCommunicationSystemServerSide - Session Created, active clients=0
19:21:13.425 [nioEventLoopGroup-11-4] DEBUG bftsmart.communication.client.netty.NettyTOMMessageDecoder - new NettyTOMMessageDecoder!!, isClient=false
19:21:13.425 [nioEventLoopGroup-19-4] DEBUG bftsmart.communication.client.netty.NettyClientServerCommunicationSystemClientSide - Channel active
19:21:13.425 [nioEventLoopGroup-14-1] DEBUG bftsmart.communication.client.netty.NettyTOMMessageDecoder - new NettyTOMMessageDecoder!!, isClient=false
19:21:13.426 [nioEventLoopGroup-11-4] INFO bftsmart.communication.client.netty.NettyClientServerCommunicationSystemServerSide - Session Created, active clients=0
19:21:13.426 [Thread-109] DEBUG bftsmart.communication.client.netty.NettyClientServerCommunicationSystemClientSide - ClientID 1005, connecting to replica 3, at address: /127.0.0.1:11030
19:21:13.426 [nioEventLoopGroup-14-1] INFO bftsmart.communication.client.netty.NettyClientServerCommunicationSystemServerSide - Session Created, active clients=0
19:21:13.426 [nioEventLoopGroup-18-4] DEBUG bftsmart.communication.client.netty.NettyTOMMessageDecoder - new NettyTOMMessageDecoder!!, isClient=true
19:21:13.426 [Thread-110] DEBUG bftsmart.communication.client.netty.NettyClientServerCommunicationSystemClientSide - ClientID 1006, connecting to replica 4, at address: /127.0.0.1:11040
19:21:13.426 [nioEventLoopGroup-18-4] DEBUG bftsmart.communication.client.netty.NettyClientServerCommunicationSystemClientSide - Channel active
19:21:13.426 [nioEventLoopGroup-14-2] DEBUG bftsmart.communication.client.netty.NettyTOMMessageDecoder - new NettyTOMMessageDecoder!!, isClient=false
19:21:13.426 [nioEventLoopGroup-19-5] DEBUG bftsmart.communication.client.netty.NettyTOMMessageDecoder - new NettyTOMMessageDecoder!!, isClient=true
19:21:13.427 [Thread-111] DEBUG bftsmart.communication.client.netty.NettyClientServerCommunicationSystemClientSide - ClientID 1007, connecting to replica 3, at address: /127.0.0.1:11030
19:21:13.427 [nioEventLoopGroup-14-2] INFO bftsmart.communication.client.netty.NettyClientServerCommunicationSystemServerSide - Session Created, active clients=0
19:21:13.427 [nioEventLoopGroup-23-4] DEBUG bftsmart.communication.client.netty.NettyTOMMessageDecoder - new NettyTOMMessageDecoder!!, isClient=true
19:21:13.427 [nioEventLoopGroup-11-5] DEBUG bftsmart.communication.client.netty.NettyTOMMessageDecoder - new NettyTOMMessageDecoder!!, isClient=false
19:21:13.427 [Thread-104] DEBUG bftsmart.communication.client.netty.NettyClientServerCommunicationSystemClientSide - ClientID 1000, connecting to replica 4, at address: /127.0.0.1:11040
19:21:13.427 [nioEventLoopGroup-21-5] DEBUG bftsmart.communication.client.netty.NettyTOMMessageDecoder - new NettyTOMMessageDecoder!!, isClient=true
19:21:13.427 [nioEventLoopGroup-19-5] DEBUG bftsmart.communication.client.netty.NettyClientServerCommunicationSystemClientSide - Channel active
19:21:13.427 [nioEventLoopGroup-11-5] INFO bftsmart.communication.client.netty.NettyClientServerCommunicationSystemServerSide - Session Created, active clients=0
19:21:13.427 [nioEventLoopGroup-11-6] DEBUG bftsmart.communication.client.netty.NettyTOMMessageDecoder - new NettyTOMMessageDecoder!!, isClient=false
19:21:13.428 [nioEventLoopGroup-21-5] DEBUG bftsmart.communication.client.netty.NettyClientServerCommunicationSystemClientSide - Channel active
19:21:13.428 [nioEventLoopGroup-23-4] DEBUG bftsmart.communication.client.netty.NettyClientServerCommunicationSystemClientSide - Channel active
19:21:13.428 [Thread-107] DEBUG bftsmart.communication.client.netty.NettyClientServerCommunicationSystemClientSide - ClientID 1003, connecting to replica 3, at address: /127.0.0.1:11030
19:21:13.428 [nioEventLoopGroup-11-6] INFO bftsmart.communication.client.netty.NettyClientServerCommunicationSystemServerSide - Session Created, active clients=0
19:21:13.428 [nioEventLoopGroup-24-4] DEBUG bftsmart.communication.client.netty.NettyTOMMessageDecoder - new NettyTOMMessageDecoder!!, isClient=true
19:21:13.428 [nioEventLoopGroup-11-7] DEBUG bftsmart.communication.client.netty.NettyTOMMessageDecoder - new NettyTOMMessageDecoder!!, isClient=false
19:21:13.428 [Thread-105] DEBUG bftsmart.communication.client.netty.NettyClientServerCommunicationSystemClientSide - ClientID 1001, connecting to replica 3, at address: /127.0.0.1:11030
19:21:13.428 [nioEventLoopGroup-20-4] DEBUG bftsmart.communication.client.netty.NettyTOMMessageDecoder - new NettyTOMMessageDecoder!!, isClient=true
19:21:13.428 [Thread-111] DEBUG bftsmart.communication.client.netty.NettyClientServerCommunicationSystemClientSide - ClientID 1007, connecting to replica 4, at address: /127.0.0.1:11040
19:21:13.429 [nioEventLoopGroup-11-7] INFO bftsmart.communication.client.netty.NettyClientServerCommunicationSystemServerSide - Session Created, active clients=0
19:21:13.429 [Thread-110] DEBUG bftsmart.communication.client.netty.NettyClientServerCommunicationSystemClientSide - ClientID 1006, connecting to replica 5, at address: /127.0.0.1:11050
19:21:13.429 [nioEventLoopGroup-20-4] DEBUG bftsmart.communication.client.netty.NettyClientServerCommunicationSystemClientSide - Channel active
19:21:13.429 [nioEventLoopGroup-19-6] DEBUG bftsmart.communication.client.netty.NettyTOMMessageDecoder - new NettyTOMMessageDecoder!!, isClient=true
19:21:13.429 [nioEventLoopGroup-23-5] DEBUG bftsmart.communication.client.netty.NettyTOMMessageDecoder - new NettyTOMMessageDecoder!!, isClient=true
19:21:13.432 [nioEventLoopGroup-24-4] DEBUG bftsmart.communication.client.netty.NettyClientServerCommunicationSystemClientSide - Channel active
19:21:13.432 [nioEventLoopGroup-13-1] DEBUG bftsmart.communication.client.netty.NettyTOMMessageDecoder - new NettyTOMMessageDecoder!!, isClient=false
19:21:13.432 [Thread-109] DEBUG bftsmart.communication.client.netty.NettyClientServerCommunicationSystemClientSide - ClientID 1005, connecting to replica 4, at address: /127.0.0.1:11040
19:21:13.432 [nioEventLoopGroup-18-5] DEBUG bftsmart.communication.client.netty.NettyTOMMessageDecoder - new NettyTOMMessageDecoder!!, isClient=true
19:21:13.432 [nioEventLoopGroup-13-1] INFO bftsmart.communication.client.netty.NettyClientServerCommunicationSystemServerSide - Session Created, active clients=0
19:21:13.432 [nioEventLoopGroup-14-3] DEBUG bftsmart.communication.client.netty.NettyTOMMessageDecoder - new NettyTOMMessageDecoder!!, isClient=false
19:21:13.432 [Thread-106] DEBUG bftsmart.communication.client.netty.NettyClientServerCommunicationSystemClientSide - ClientID 1002, connecting to replica 3, at address: /127.0.0.1:11030
19:21:13.433 [nioEventLoopGroup-18-5] DEBUG bftsmart.communication.client.netty.NettyClientServerCommunicationSystemClientSide - Channel active
19:21:13.433 [nioEventLoopGroup-14-3] INFO bftsmart.communication.client.netty.NettyClientServerCommunicationSystemServerSide - Session Created, active clients=0
19:21:13.433 [nioEventLoopGroup-25-4] DEBUG bftsmart.communication.client.netty.NettyTOMMessageDecoder - new NettyTOMMessageDecoder!!, isClient=true
19:21:13.433 [Thread-108] DEBUG bftsmart.communication.client.netty.NettyClientServerCommunicationSystemClientSide - ClientID 1004, connecting to replica 4, at address: /127.0.0.1:11040
19:21:13.433 [nioEventLoopGroup-22-5] DEBUG bftsmart.communication.client.netty.NettyTOMMessageDecoder - new NettyTOMMessageDecoder!!, isClient=true
19:21:13.433 [nioEventLoopGroup-25-4] DEBUG bftsmart.communication.client.netty.NettyClientServerCommunicationSystemClientSide - Channel active
19:21:13.433 [nioEventLoopGroup-14-4] DEBUG bftsmart.communication.client.netty.NettyTOMMessageDecoder - new NettyTOMMessageDecoder!!, isClient=false
19:21:13.433 [nioEventLoopGroup-14-4] INFO bftsmart.communication.client.netty.NettyClientServerCommunicationSystemServerSide - Session Created, active clients=0
19:21:13.433 [nioEventLoopGroup-22-5] DEBUG bftsmart.communication.client.netty.NettyClientServerCommunicationSystemClientSide - Channel active
19:21:13.433 [Thread-107] DEBUG bftsmart.communication.client.netty.NettyClientServerCommunicationSystemClientSide - ClientID 1003, connecting to replica 4, at address: /127.0.0.1:11040
19:21:13.433 [nioEventLoopGroup-24-5] DEBUG bftsmart.communication.client.netty.NettyTOMMessageDecoder - new NettyTOMMessageDecoder!!, isClient=true
19:21:13.433 [Thread-109] DEBUG bftsmart.communication.client.netty.NettyClientServerCommunicationSystemClientSide - ClientID 1005, connecting to replica 5, at address: /127.0.0.1:11050
19:21:13.434 [nioEventLoopGroup-18-6] DEBUG bftsmart.communication.client.netty.NettyTOMMessageDecoder - new NettyTOMMessageDecoder!!, isClient=true
19:21:13.434 [nioEventLoopGroup-13-2] DEBUG bftsmart.communication.client.netty.NettyTOMMessageDecoder - new NettyTOMMessageDecoder!!, isClient=false
19:21:13.434 [nioEventLoopGroup-24-5] DEBUG bftsmart.communication.client.netty.NettyClientServerCommunicationSystemClientSide - Channel active
19:21:13.434 [Thread-106] DEBUG bftsmart.communication.client.netty.NettyClientServerCommunicationSystemClientSide - ClientID 1002, connecting to replica 4, at address: /127.0.0.1:11040
19:21:13.434 [nioEventLoopGroup-13-2] INFO bftsmart.communication.client.netty.NettyClientServerCommunicationSystemServerSide - Session Created, active clients=0
19:21:13.434 [nioEventLoopGroup-18-6] DEBUG bftsmart.communication.client.netty.NettyClientServerCommunicationSystemClientSide - Channel active
19:21:13.434 [nioEventLoopGroup-25-5] DEBUG bftsmart.communication.client.netty.NettyTOMMessageDecoder - new NettyTOMMessageDecoder!!, isClient=true
19:21:13.434 [nioEventLoopGroup-19-6] DEBUG bftsmart.communication.client.netty.NettyClientServerCommunicationSystemClientSide - Channel active
19:21:13.434 [nioEventLoopGroup-25-5] DEBUG bftsmart.communication.client.netty.NettyClientServerCommunicationSystemClientSide - Channel active
19:21:13.434 [nioEventLoopGroup-11-8] DEBUG bftsmart.communication.client.netty.NettyTOMMessageDecoder - new NettyTOMMessageDecoder!!, isClient=false
19:21:13.434 [nioEventLoopGroup-23-5] DEBUG bftsmart.communication.client.netty.NettyClientServerCommunicationSystemClientSide - Channel active
19:21:13.435 [nioEventLoopGroup-11-8] INFO bftsmart.communication.client.netty.NettyClientServerCommunicationSystemServerSide - Session Created, active clients=0
19:21:13.435 [Thread-107] DEBUG bftsmart.communication.client.netty.NettyClientServerCommunicationSystemClientSide - ClientID 1003, connecting to replica 5, at address: /127.0.0.1:11050
19:21:13.435 [nioEventLoopGroup-24-6] DEBUG bftsmart.communication.client.netty.NettyTOMMessageDecoder - new NettyTOMMessageDecoder!!, isClient=true
19:21:13.435 [Thread-106] DEBUG bftsmart.communication.client.netty.NettyClientServerCommunicationSystemClientSide - ClientID 1002, connecting to replica 5, at address: /127.0.0.1:11050
19:21:13.435 [nioEventLoopGroup-25-6] DEBUG bftsmart.communication.client.netty.NettyTOMMessageDecoder - new NettyTOMMessageDecoder!!, isClient=true
19:21:13.435 [Thread-104] DEBUG bftsmart.communication.client.netty.NettyClientServerCommunicationSystemClientSide - ClientID 1000, connecting to replica 5, at address: /127.0.0.1:11050
19:21:13.435 [Thread-105] DEBUG bftsmart.communication.client.netty.NettyClientServerCommunicationSystemClientSide - ClientID 1001, connecting to replica 4, at address: /127.0.0.1:11040
19:21:13.436 [nioEventLoopGroup-20-5] DEBUG bftsmart.communication.client.netty.NettyTOMMessageDecoder - new NettyTOMMessageDecoder!!, isClient=true
19:21:13.436 [nioEventLoopGroup-21-6] DEBUG bftsmart.communication.client.netty.NettyTOMMessageDecoder - new NettyTOMMessageDecoder!!, isClient=true
19:21:13.436 [nioEventLoopGroup-25-6] DEBUG bftsmart.communication.client.netty.NettyClientServerCommunicationSystemClientSide - Channel active
19:21:13.436 [nioEventLoopGroup-24-6] DEBUG bftsmart.communication.client.netty.NettyClientServerCommunicationSystemClientSide - Channel active
19:21:13.436 [Thread-109] DEBUG bftsmart.communication.client.netty.NettyClientServerCommunicationSystemClientSide - ClientID 1005, connecting to replica 6, at address: /127.0.0.1:11060
19:21:13.436 [nioEventLoopGroup-21-6] DEBUG bftsmart.communication.client.netty.NettyClientServerCommunicationSystemClientSide - Channel active
19:21:13.436 [nioEventLoopGroup-20-5] DEBUG bftsmart.communication.client.netty.NettyClientServerCommunicationSystemClientSide - Channel active
19:21:13.436 [nioEventLoopGroup-18-7] DEBUG bftsmart.communication.client.netty.NettyTOMMessageDecoder - new NettyTOMMessageDecoder!!, isClient=true
19:21:13.437 [nioEventLoopGroup-16-1] DEBUG bftsmart.communication.client.netty.NettyTOMMessageDecoder - new NettyTOMMessageDecoder!!, isClient=false
19:21:13.437 [Thread-105] DEBUG bftsmart.communication.client.netty.NettyClientServerCommunicationSystemClientSide - ClientID 1001, connecting to replica 5, at address: /127.0.0.1:11050
19:21:13.437 [nioEventLoopGroup-13-3] DEBUG bftsmart.communication.client.netty.NettyTOMMessageDecoder - new NettyTOMMessageDecoder!!, isClient=false
19:21:13.437 [nioEventLoopGroup-18-7] DEBUG bftsmart.communication.client.netty.NettyClientServerCommunicationSystemClientSide - Channel active
19:21:13.437 [nioEventLoopGroup-20-6] DEBUG bftsmart.communication.client.netty.NettyTOMMessageDecoder - new NettyTOMMessageDecoder!!, isClient=true
19:21:13.437 [nioEventLoopGroup-16-1] INFO bftsmart.communication.client.netty.NettyClientServerCommunicationSystemServerSide - Session Created, active clients=0
19:21:13.437 [nioEventLoopGroup-13-4] DEBUG bftsmart.communication.client.netty.NettyTOMMessageDecoder - new NettyTOMMessageDecoder!!, isClient=false
19:21:13.437 [nioEventLoopGroup-13-3] INFO bftsmart.communication.client.netty.NettyClientServerCommunicationSystemServerSide - Session Created, active clients=0
19:21:13.437 [nioEventLoopGroup-13-4] INFO bftsmart.communication.client.netty.NettyClientServerCommunicationSystemServerSide - Session Created, active clients=0
19:21:13.437 [Thread-108] DEBUG bftsmart.communication.client.netty.NettyClientServerCommunicationSystemClientSide - ClientID 1004, connecting to replica 5, at address: /127.0.0.1:11050
19:21:13.437 [nioEventLoopGroup-22-6] DEBUG bftsmart.communication.client.netty.NettyTOMMessageDecoder - new NettyTOMMessageDecoder!!, isClient=true
19:21:13.438 [nioEventLoopGroup-20-6] DEBUG bftsmart.communication.client.netty.NettyClientServerCommunicationSystemClientSide - Channel active
19:21:13.438 [nioEventLoopGroup-14-5] DEBUG bftsmart.communication.client.netty.NettyTOMMessageDecoder - new NettyTOMMessageDecoder!!, isClient=false
19:21:13.438 [Thread-109] DEBUG bftsmart.communication.client.netty.NettyClientServerCommunicationSystemClientSide - ClientID 1005, connecting to replica 7, at address: /127.0.0.1:11070
19:21:13.438 [nioEventLoopGroup-22-6] DEBUG bftsmart.communication.client.netty.NettyClientServerCommunicationSystemClientSide - Channel active
19:21:13.438 [nioEventLoopGroup-18-8] DEBUG bftsmart.communication.client.netty.NettyTOMMessageDecoder - new NettyTOMMessageDecoder!!, isClient=true
19:21:13.438 [nioEventLoopGroup-14-5] INFO bftsmart.communication.client.netty.NettyClientServerCommunicationSystemServerSide - Session Created, active clients=0
19:21:13.438 [nioEventLoopGroup-13-5] DEBUG bftsmart.communication.client.netty.NettyTOMMessageDecoder - new NettyTOMMessageDecoder!!, isClient=false
19:21:13.438 [nioEventLoopGroup-18-8] DEBUG bftsmart.communication.client.netty.NettyClientServerCommunicationSystemClientSide - Channel active
19:21:13.438 [nioEventLoopGroup-15-1] DEBUG bftsmart.communication.client.netty.NettyTOMMessageDecoder - new NettyTOMMessageDecoder!!, isClient=false
19:21:13.438 [Thread-105] DEBUG bftsmart.communication.client.netty.NettyClientServerCommunicationSystemClientSide - ClientID 1001, connecting to replica 6, at address: /127.0.0.1:11060
19:21:13.439 [nioEventLoopGroup-13-5] INFO bftsmart.communication.client.netty.NettyClientServerCommunicationSystemServerSide - Session Created, active clients=0
19:21:13.439 [nioEventLoopGroup-15-1] INFO bftsmart.communication.client.netty.NettyClientServerCommunicationSystemServerSide - Session Created, active clients=0
19:21:13.439 [Thread-104] DEBUG bftsmart.communication.client.netty.NettyClientServerCommunicationSystemClientSide - ClientID 1000, connecting to replica 6, at address: /127.0.0.1:11060
19:21:13.439 [nioEventLoopGroup-20-7] DEBUG bftsmart.communication.client.netty.NettyTOMMessageDecoder - new NettyTOMMessageDecoder!!, isClient=true
19:21:13.439 [nioEventLoopGroup-21-7] DEBUG bftsmart.communication.client.netty.NettyTOMMessageDecoder - new NettyTOMMessageDecoder!!, isClient=true
19:21:13.439 [nioEventLoopGroup-16-2] DEBUG bftsmart.communication.client.netty.NettyTOMMessageDecoder - new NettyTOMMessageDecoder!!, isClient=false
19:21:13.439 [Thread-107] DEBUG bftsmart.communication.client.netty.NettyClientServerCommunicationSystemClientSide - ClientID 1003, connecting to replica 6, at address: /127.0.0.1:11060
19:21:13.439 [nioEventLoopGroup-21-7] DEBUG bftsmart.communication.client.netty.NettyClientServerCommunicationSystemClientSide - Channel active
19:21:13.439 [nioEventLoopGroup-20-7] DEBUG bftsmart.communication.client.netty.NettyClientServerCommunicationSystemClientSide - Channel active
19:21:13.439 [nioEventLoopGroup-24-7] DEBUG bftsmart.communication.client.netty.NettyTOMMessageDecoder - new NettyTOMMessageDecoder!!, isClient=true
19:21:13.440 [Thread-106] DEBUG bftsmart.communication.client.netty.NettyClientServerCommunicationSystemClientSide - ClientID 1002, connecting to replica 6, at address: /127.0.0.1:11060
19:21:13.440 [nioEventLoopGroup-25-7] DEBUG bftsmart.communication.client.netty.NettyTOMMessageDecoder - new NettyTOMMessageDecoder!!, isClient=true
19:21:13.440 [Thread-110] DEBUG bftsmart.communication.client.netty.NettyClientServerCommunicationSystemClientSide - ClientID 1006, connecting to replica 6, at address: /127.0.0.1:11060
19:21:13.440 [nioEventLoopGroup-24-7] DEBUG bftsmart.communication.client.netty.NettyClientServerCommunicationSystemClientSide - Channel active
19:21:13.440 [nioEventLoopGroup-16-2] INFO bftsmart.communication.client.netty.NettyClientServerCommunicationSystemServerSide - Session Created, active clients=0
19:21:13.440 [nioEventLoopGroup-19-7] DEBUG bftsmart.communication.client.netty.NettyTOMMessageDecoder - new NettyTOMMessageDecoder!!, isClient=true
19:21:13.440 [Thread-111] DEBUG bftsmart.communication.client.netty.NettyClientServerCommunicationSystemClientSide - ClientID 1007, connecting to replica 5, at address: /127.0.0.1:11050
19:21:13.440 [nioEventLoopGroup-25-7] DEBUG bftsmart.communication.client.netty.NettyClientServerCommunicationSystemClientSide - Channel active
19:21:13.440 [nioEventLoopGroup-23-6] DEBUG bftsmart.communication.client.netty.NettyTOMMessageDecoder - new NettyTOMMessageDecoder!!, isClient=true
19:21:13.440 [nioEventLoopGroup-19-7] DEBUG bftsmart.communication.client.netty.NettyClientServerCommunicationSystemClientSide - Channel active
19:21:13.440 [Thread-104] DEBUG bftsmart.communication.client.netty.NettyClientServerCommunicationSystemClientSide - ClientID 1000, connecting to replica 7, at address: /127.0.0.1:11070
19:21:13.441 [nioEventLoopGroup-15-2] DEBUG bftsmart.communication.client.netty.NettyTOMMessageDecoder - new NettyTOMMessageDecoder!!, isClient=false
19:21:13.441 [nioEventLoopGroup-23-6] DEBUG bftsmart.communication.client.netty.NettyClientServerCommunicationSystemClientSide - Channel active
19:21:13.441 [nioEventLoopGroup-21-8] DEBUG bftsmart.communication.client.netty.NettyTOMMessageDecoder - new NettyTOMMessageDecoder!!, isClient=true
19:21:13.441 [nioEventLoopGroup-15-2] INFO bftsmart.communication.client.netty.NettyClientServerCommunicationSystemServerSide - Session Created, active clients=0
19:21:13.441 [Thread-109] DEBUG bftsmart.proxy - Sending request (ORDERED_REQUEST) with seqId = 0
19:21:13.441 [nioEventLoopGroup-16-3] DEBUG bftsmart.communication.client.netty.NettyTOMMessageDecoder - new NettyTOMMessageDecoder!!, isClient=false
19:21:13.441 [nioEventLoopGroup-16-3] INFO bftsmart.communication.client.netty.NettyClientServerCommunicationSystemServerSide - Session Created, active clients=0
19:21:13.441 [nioEventLoopGroup-12-1] DEBUG bftsmart.communication.client.netty.NettyTOMMessageDecoder - new NettyTOMMessageDecoder!!, isClient=false
19:21:13.441 [nioEventLoopGroup-21-8] DEBUG bftsmart.communication.client.netty.NettyClientServerCommunicationSystemClientSide - Channel active
19:21:13.441 [nioEventLoopGroup-16-4] DEBUG bftsmart.communication.client.netty.NettyTOMMessageDecoder - new NettyTOMMessageDecoder!!, isClient=false
19:21:13.441 [nioEventLoopGroup-12-1] INFO bftsmart.communication.client.netty.NettyClientServerCommunicationSystemServerSide - Session Created, active clients=0
19:21:13.441 [Thread-104] DEBUG bftsmart.proxy - Sending request (ORDERED_REQUEST) with seqId = 0
19:21:13.442 [Thread-108] DEBUG bftsmart.communication.client.netty.NettyClientServerCommunicationSystemClientSide - ClientID 1004, connecting to replica 6, at address: /127.0.0.1:11060
19:21:13.442 [nioEventLoopGroup-16-4] INFO bftsmart.communication.client.netty.NettyClientServerCommunicationSystemServerSide - Session Created, active clients=0
19:21:13.442 [nioEventLoopGroup-22-7] DEBUG bftsmart.communication.client.netty.NettyTOMMessageDecoder - new NettyTOMMessageDecoder!!, isClient=true
19:21:13.442 [nioEventLoopGroup-16-5] DEBUG bftsmart.communication.client.netty.NettyTOMMessageDecoder - new NettyTOMMessageDecoder!!, isClient=false
19:21:13.442 [nioEventLoopGroup-16-5] INFO bftsmart.communication.client.netty.NettyClientServerCommunicationSystemServerSide - Session Created, active clients=0
19:21:13.442 [nioEventLoopGroup-13-6] DEBUG bftsmart.communication.client.netty.NettyTOMMessageDecoder - new NettyTOMMessageDecoder!!, isClient=false
19:21:13.442 [nioEventLoopGroup-13-6] INFO bftsmart.communication.client.netty.NettyClientServerCommunicationSystemServerSide - Session Created, active clients=0
19:21:13.442 [nioEventLoopGroup-14-6] DEBUG bftsmart.communication.client.netty.NettyTOMMessageDecoder - new NettyTOMMessageDecoder!!, isClient=false
19:21:13.443 [nioEventLoopGroup-22-7] DEBUG bftsmart.communication.client.netty.NettyClientServerCommunicationSystemClientSide - Channel active
19:21:13.443 [nioEventLoopGroup-14-6] INFO bftsmart.communication.client.netty.NettyClientServerCommunicationSystemServerSide - Session Created, active clients=0
19:21:13.443 [nioEventLoopGroup-14-7] DEBUG bftsmart.communication.client.netty.NettyTOMMessageDecoder - new NettyTOMMessageDecoder!!, isClient=false
19:21:13.443 [nioEventLoopGroup-16-6] DEBUG bftsmart.communication.client.netty.NettyTOMMessageDecoder - new NettyTOMMessageDecoder!!, isClient=false
19:21:13.443 [nioEventLoopGroup-14-7] INFO bftsmart.communication.client.netty.NettyClientServerCommunicationSystemServerSide - Session Created, active clients=0
19:21:13.443 [nioEventLoopGroup-12-2] DEBUG bftsmart.communication.client.netty.NettyTOMMessageDecoder - new NettyTOMMessageDecoder!!, isClient=false
19:21:13.443 [nioEventLoopGroup-16-6] INFO bftsmart.communication.client.netty.NettyClientServerCommunicationSystemServerSide - Session Created, active clients=0
19:21:13.443 [Thread-111] DEBUG bftsmart.communication.client.netty.NettyClientServerCommunicationSystemClientSide - ClientID 1007, connecting to replica 6, at address: /127.0.0.1:11060
19:21:13.444 [nioEventLoopGroup-23-7] DEBUG bftsmart.communication.client.netty.NettyTOMMessageDecoder - new NettyTOMMessageDecoder!!, isClient=true
19:21:13.444 [nioEventLoopGroup-12-2] INFO bftsmart.communication.client.netty.NettyClientServerCommunicationSystemServerSide - Session Created, active clients=0
19:21:13.444 [Thread-110] DEBUG bftsmart.communication.client.netty.NettyClientServerCommunicationSystemClientSide - ClientID 1006, connecting to replica 7, at address: /127.0.0.1:11070
19:21:13.444 [nioEventLoopGroup-19-8] DEBUG bftsmart.communication.client.netty.NettyTOMMessageDecoder - new NettyTOMMessageDecoder!!, isClient=true
19:21:13.444 [Thread-106] DEBUG bftsmart.communication.client.netty.NettyClientServerCommunicationSystemClientSide - ClientID 1002, connecting to replica 7, at address: /127.0.0.1:11070
19:21:13.444 [nioEventLoopGroup-23-7] DEBUG bftsmart.communication.client.netty.NettyClientServerCommunicationSystemClientSide - Channel active
19:21:13.445 [nioEventLoopGroup-19-8] DEBUG bftsmart.communication.client.netty.NettyClientServerCommunicationSystemClientSide - Channel active
19:21:13.445 [nioEventLoopGroup-25-8] DEBUG bftsmart.communication.client.netty.NettyTOMMessageDecoder - new NettyTOMMessageDecoder!!, isClient=true
19:21:13.445 [Thread-110] DEBUG bftsmart.proxy - Sending request (ORDERED_REQUEST) with seqId = 0
19:21:13.445 [nioEventLoopGroup-15-3] DEBUG bftsmart.communication.client.netty.NettyTOMMessageDecoder - new NettyTOMMessageDecoder!!, isClient=false
19:21:13.445 [Thread-107] DEBUG bftsmart.communication.client.netty.NettyClientServerCommunicationSystemClientSide - ClientID 1003, connecting to replica 7, at address: /127.0.0.1:11070
19:21:13.445 [nioEventLoopGroup-15-3] INFO bftsmart.communication.client.netty.NettyClientServerCommunicationSystemServerSide - Session Created, active clients=0
19:21:13.445 [Thread-105] DEBUG bftsmart.communication.client.netty.NettyClientServerCommunicationSystemClientSide - ClientID 1001, connecting to replica 7, at address: /127.0.0.1:11070
19:21:13.446 [nioEventLoopGroup-20-8] DEBUG bftsmart.communication.client.netty.NettyTOMMessageDecoder - new NettyTOMMessageDecoder!!, isClient=true
19:21:13.446 [Thread-111] DEBUG bftsmart.communication.client.netty.NettyClientServerCommunicationSystemClientSide - ClientID 1007, connecting to replica 7, at address: /127.0.0.1:11070
19:21:13.446 [nioEventLoopGroup-23-8] DEBUG bftsmart.communication.client.netty.NettyTOMMessageDecoder - new NettyTOMMessageDecoder!!, isClient=true
19:21:13.446 [nioEventLoopGroup-25-8] DEBUG bftsmart.communication.client.netty.NettyClientServerCommunicationSystemClientSide - Channel active
19:21:13.446 [nioEventLoopGroup-20-8] DEBUG bftsmart.communication.client.netty.NettyClientServerCommunicationSystemClientSide - Channel active
19:21:13.446 [Thread-106] DEBUG bftsmart.proxy - Sending request (ORDERED_REQUEST) with seqId = 0
19:21:13.446 [Thread-105] DEBUG bftsmart.proxy - Sending request (ORDERED_REQUEST) with seqId = 0
19:21:13.446 [nioEventLoopGroup-15-4] DEBUG bftsmart.communication.client.netty.NettyTOMMessageDecoder - new NettyTOMMessageDecoder!!, isClient=false
19:21:13.446 [nioEventLoopGroup-23-8] DEBUG bftsmart.communication.client.netty.NettyClientServerCommunicationSystemClientSide - Channel active
19:21:13.446 [Thread-111] DEBUG bftsmart.proxy - Sending request (ORDERED_REQUEST) with seqId = 0
19:21:13.446 [nioEventLoopGroup-24-8] DEBUG bftsmart.communication.client.netty.NettyTOMMessageDecoder - new NettyTOMMessageDecoder!!, isClient=true
19:21:13.446 [nioEventLoopGroup-15-4] INFO bftsmart.communication.client.netty.NettyClientServerCommunicationSystemServerSide - Session Created, active clients=0
19:21:13.447 [nioEventLoopGroup-14-8] DEBUG bftsmart.communication.client.netty.NettyTOMMessageDecoder - new NettyTOMMessageDecoder!!, isClient=false
19:21:13.447 [Thread-108] DEBUG bftsmart.communication.client.netty.NettyClientServerCommunicationSystemClientSide - ClientID 1004, connecting to replica 7, at address: /127.0.0.1:11070
19:21:13.447 [nioEventLoopGroup-22-8] DEBUG bftsmart.communication.client.netty.NettyTOMMessageDecoder - new NettyTOMMessageDecoder!!, isClient=true
19:21:13.447 [nioEventLoopGroup-12-3] DEBUG bftsmart.communication.client.netty.NettyTOMMessageDecoder - new NettyTOMMessageDecoder!!, isClient=false
19:21:13.447 [nioEventLoopGroup-16-7] DEBUG bftsmart.communication.client.netty.NettyTOMMessageDecoder - new NettyTOMMessageDecoder!!, isClient=false
19:21:13.447 [nioEventLoopGroup-24-8] DEBUG bftsmart.communication.client.netty.NettyClientServerCommunicationSystemClientSide - Channel active
19:21:13.447 [nioEventLoopGroup-12-3] INFO bftsmart.communication.client.netty.NettyClientServerCommunicationSystemServerSide - Session Created, active clients=0
19:21:13.447 [nioEventLoopGroup-14-8] INFO bftsmart.communication.client.netty.NettyClientServerCommunicationSystemServerSide - Session Created, active clients=0
19:21:13.448 [nioEventLoopGroup-16-7] INFO bftsmart.communication.client.netty.NettyClientServerCommunicationSystemServerSide - Session Created, active clients=0
19:21:13.448 [nioEventLoopGroup-12-4] DEBUG bftsmart.communication.client.netty.NettyTOMMessageDecoder - new NettyTOMMessageDecoder!!, isClient=false
19:21:13.448 [Thread-108] DEBUG bftsmart.proxy - Sending request (ORDERED_REQUEST) with seqId = 0
19:21:13.448 [nioEventLoopGroup-22-8] DEBUG bftsmart.communication.client.netty.NettyClientServerCommunicationSystemClientSide - Channel active
19:21:13.448 [nioEventLoopGroup-13-7] DEBUG bftsmart.communication.client.netty.NettyTOMMessageDecoder - new NettyTOMMessageDecoder!!, isClient=false
19:21:13.448 [Thread-107] DEBUG bftsmart.proxy - Sending request (ORDERED_REQUEST) with seqId = 0
19:21:13.448 [nioEventLoopGroup-15-5] DEBUG bftsmart.communication.client.netty.NettyTOMMessageDecoder - new NettyTOMMessageDecoder!!, isClient=false
19:21:13.448 [nioEventLoopGroup-12-4] INFO bftsmart.communication.client.netty.NettyClientServerCommunicationSystemServerSide - Session Created, active clients=0
19:21:13.448 [Thread-105] DEBUG bftsmart.communication.client.netty.NettyClientServerCommunicationSystemClientSide - All channel operations completed or timed out
19:21:13.448 [nioEventLoopGroup-15-5] INFO bftsmart.communication.client.netty.NettyClientServerCommunicationSystemServerSide - Session Created, active clients=0
19:21:13.448 [nioEventLoopGroup-13-7] INFO bftsmart.communication.client.netty.NettyClientServerCommunicationSystemServerSide - Session Created, active clients=0
19:21:13.448 [Thread-109] DEBUG bftsmart.communication.client.netty.NettyClientServerCommunicationSystemClientSide - All channel operations completed or timed out
19:21:13.448 [Thread-106] DEBUG bftsmart.communication.client.netty.NettyClientServerCommunicationSystemClientSide - All channel operations completed or timed out
19:21:13.448 [Thread-105] DEBUG bftsmart.communication.client.netty.NettyClientServerCommunicationSystemClientSide - Sending request from 1001 with sequence number 0 to [6, 2, 0, 7, 1, 5, 3, 4]
19:21:13.448 [Thread-106] DEBUG bftsmart.communication.client.netty.NettyClientServerCommunicationSystemClientSide - Sending request from 1002 with sequence number 0 to [3, 0, 7, 6, 2, 1, 5, 4]
19:21:13.448 [Thread-110] DEBUG bftsmart.communication.client.netty.NettyClientServerCommunicationSystemClientSide - All channel operations completed or timed out
19:21:13.448 [nioEventLoopGroup-12-5] DEBUG bftsmart.communication.client.netty.NettyTOMMessageDecoder - new NettyTOMMessageDecoder!!, isClient=false
19:21:13.448 [Thread-111] DEBUG bftsmart.communication.client.netty.NettyClientServerCommunicationSystemClientSide - All channel operations completed or timed out
19:21:13.448 [Thread-104] DEBUG bftsmart.communication.client.netty.NettyClientServerCommunicationSystemClientSide - All channel operations completed or timed out
19:21:13.449 [nioEventLoopGroup-13-8] DEBUG bftsmart.communication.client.netty.NettyTOMMessageDecoder - new NettyTOMMessageDecoder!!, isClient=false
19:21:13.448 [Thread-108] DEBUG bftsmart.communication.client.netty.NettyClientServerCommunicationSystemClientSide - All channel operations completed or timed out
19:21:13.448 [Thread-107] DEBUG bftsmart.communication.client.netty.NettyClientServerCommunicationSystemClientSide - All channel operations completed or timed out
19:21:13.449 [Thread-107] DEBUG bftsmart.communication.client.netty.NettyClientServerCommunicationSystemClientSide - Sending request from 1003 with sequence number 0 to [1, 3, 7, 6, 4, 0, 5, 2]
19:21:13.448 [Thread-109] DEBUG bftsmart.communication.client.netty.NettyClientServerCommunicationSystemClientSide - Sending request from 1005 with sequence number 0 to [6, 3, 5, 7, 4, 2, 1, 0]
19:21:13.449 [Thread-111] DEBUG bftsmart.communication.client.netty.NettyClientServerCommunicationSystemClientSide - Sending request from 1007 with sequence number 0 to [4, 2, 5, 3, 7, 0, 6, 1]
19:21:13.449 [nioEventLoopGroup-13-8] INFO bftsmart.communication.client.netty.NettyClientServerCommunicationSystemServerSide - Session Created, active clients=0
19:21:13.449 [Thread-110] DEBUG bftsmart.communication.client.netty.NettyClientServerCommunicationSystemClientSide - Sending request from 1006 with sequence number 0 to [1, 7, 6, 4, 2, 5, 0, 3]
19:21:13.449 [nioEventLoopGroup-12-5] INFO bftsmart.communication.client.netty.NettyClientServerCommunicationSystemServerSide - Session Created, active clients=0
19:21:13.449 [Thread-104] DEBUG bftsmart.communication.client.netty.NettyClientServerCommunicationSystemClientSide - Sending request from 1000 with sequence number 0 to [4, 5, 3, 7, 2, 6, 1, 0]
19:21:13.449 [Thread-108] DEBUG bftsmart.communication.client.netty.NettyClientServerCommunicationSystemClientSide - Sending request from 1004 with sequence number 0 to [5, 0, 7, 1, 6, 4, 3, 2]
19:21:13.449 [nioEventLoopGroup-16-8] DEBUG bftsmart.communication.client.netty.NettyTOMMessageDecoder - new NettyTOMMessageDecoder!!, isClient=false
19:21:13.449 [nioEventLoopGroup-16-8] INFO bftsmart.communication.client.netty.NettyClientServerCommunicationSystemServerSide - Session Created, active clients=0
19:21:13.449 [nioEventLoopGroup-12-7] DEBUG bftsmart.communication.client.netty.NettyTOMMessageDecoder - new NettyTOMMessageDecoder!!, isClient=false
19:21:13.450 [nioEventLoopGroup-12-7] INFO bftsmart.communication.client.netty.NettyClientServerCommunicationSystemServerSide - Session Created, active clients=0
19:21:13.450 [nioEventLoopGroup-15-6] DEBUG bftsmart.communication.client.netty.NettyTOMMessageDecoder - new NettyTOMMessageDecoder!!, isClient=false
19:21:13.450 [nioEventLoopGroup-12-8] DEBUG bftsmart.communication.client.netty.NettyTOMMessageDecoder - new NettyTOMMessageDecoder!!, isClient=false
19:21:13.450 [nioEventLoopGroup-12-6] DEBUG bftsmart.communication.client.netty.NettyTOMMessageDecoder - new NettyTOMMessageDecoder!!, isClient=false
19:21:13.450 [nioEventLoopGroup-12-8] INFO bftsmart.communication.client.netty.NettyClientServerCommunicationSystemServerSide - Session Created, active clients=0
19:21:13.450 [nioEventLoopGroup-15-6] INFO bftsmart.communication.client.netty.NettyClientServerCommunicationSystemServerSide - Session Created, active clients=0
19:21:13.450 [nioEventLoopGroup-12-6] INFO bftsmart.communication.client.netty.NettyClientServerCommunicationSystemServerSide - Session Created, active clients=0
19:21:13.450 [nioEventLoopGroup-15-7] DEBUG bftsmart.communication.client.netty.NettyTOMMessageDecoder - new NettyTOMMessageDecoder!!, isClient=false
19:21:13.450 [nioEventLoopGroup-15-7] INFO bftsmart.communication.client.netty.NettyClientServerCommunicationSystemServerSide - Session Created, active clients=0
19:21:13.450 [nioEventLoopGroup-15-8] DEBUG bftsmart.communication.client.netty.NettyTOMMessageDecoder - new NettyTOMMessageDecoder!!, isClient=false
19:21:13.451 [nioEventLoopGroup-15-8] INFO bftsmart.communication.client.netty.NettyClientServerCommunicationSystemServerSide - Session Created, active clients=0
19:21:13.452 [Thread-104] DEBUG io.netty.util.Recycler - -Dio.netty.recycler.maxCapacityPerThread: 4096
19:21:13.452 [Thread-104] DEBUG io.netty.util.Recycler - -Dio.netty.recycler.maxSharedCapacityFactor: 2
19:21:13.452 [Thread-104] DEBUG io.netty.util.Recycler - -Dio.netty.recycler.linkCapacity: 16
19:21:13.452 [Thread-104] DEBUG io.netty.util.Recycler - -Dio.netty.recycler.ratio: 8
19:21:13.452 [Thread-104] DEBUG io.netty.util.Recycler - -Dio.netty.recycler.delayedQueue.ratio: 8
19:21:13.456 [Thread-104] DEBUG bftsmart.proxy - Expected number of matching replies: 3
19:21:13.456 [Thread-111] DEBUG bftsmart.proxy - Expected number of matching replies: 3
19:21:13.457 [Thread-110] DEBUG bftsmart.proxy - Expected number of matching replies: 3
19:21:13.457 [Thread-109] DEBUG bftsmart.proxy - Expected number of matching replies: 3
19:21:13.457 [Thread-107] DEBUG bftsmart.proxy - Expected number of matching replies: 3
19:21:13.457 [Thread-105] DEBUG bftsmart.proxy - Expected number of matching replies: 3
19:21:13.457 [Thread-108] DEBUG bftsmart.proxy - Expected number of matching replies: 3
19:21:13.457 [Thread-106] DEBUG bftsmart.proxy - Expected number of matching replies: 3
19:21:13.461 [nioEventLoopGroup-24-3] DEBUG io.netty.buffer.AbstractByteBuf - -Dio.netty.buffer.checkAccessible: true
19:21:13.462 [nioEventLoopGroup-24-3] DEBUG io.netty.buffer.AbstractByteBuf - -Dio.netty.buffer.checkBounds: true
19:21:13.463 [nioEventLoopGroup-24-3] DEBUG io.netty.util.ResourceLeakDetectorFactory - Loaded default ResourceLeakDetector: io.netty.util.ResourceLeakDetector@186adaf2
19:21:13.511 [nioEventLoopGroup-25-6] DEBUG bftsmart.communication.client.netty.NettyClientServerCommunicationSystemClientSide - 2 channel operations remaining to complete
19:21:13.511 [nioEventLoopGroup-24-5] DEBUG bftsmart.communication.client.netty.NettyClientServerCommunicationSystemClientSide - 2 channel operations remaining to complete
19:21:13.512 [nioEventLoopGroup-24-4] DEBUG bftsmart.communication.client.netty.NettyClientServerCommunicationSystemClientSide - 1 channel operations remaining to complete
19:21:13.511 [nioEventLoopGroup-22-5] DEBUG bftsmart.communication.client.netty.NettyClientServerCommunicationSystemClientSide - 2 channel operations remaining to complete
19:21:13.512 [nioEventLoopGroup-24-7] DEBUG bftsmart.communication.client.netty.NettyClientServerCommunicationSystemClientSide - 0 channel operations remaining to complete
19:21:13.511 [nioEventLoopGroup-20-8] DEBUG bftsmart.communication.client.netty.NettyClientServerCommunicationSystemClientSide - 2 channel operations remaining to complete
19:21:13.511 [nioEventLoopGroup-23-1] DEBUG bftsmart.communication.client.netty.NettyClientServerCommunicationSystemClientSide - 2 channel operations remaining to complete
19:21:13.512 [nioEventLoopGroup-25-3] DEBUG bftsmart.communication.client.netty.NettyClientServerCommunicationSystemClientSide - 1 channel operations remaining to complete
19:21:13.512 [nioEventLoopGroup-23-8] DEBUG bftsmart.communication.client.netty.NettyClientServerCommunicationSystemClientSide - 1 channel operations remaining to complete
19:21:13.512 [nioEventLoopGroup-20-7] DEBUG bftsmart.communication.client.netty.NettyClientServerCommunicationSystemClientSide - 1 channel operations remaining to complete
19:21:13.512 [nioEventLoopGroup-23-7] DEBUG bftsmart.communication.client.netty.NettyClientServerCommunicationSystemClientSide - 0 channel operations remaining to complete
19:21:13.512 [nioEventLoopGroup-24-3] DEBUG bftsmart.communication.client.netty.NettyClientServerCommunicationSystemClientSide - -1 channel operations remaining to complete
19:21:13.512 [nioEventLoopGroup-22-8] DEBUG bftsmart.communication.client.netty.NettyClientServerCommunicationSystemClientSide - 1 channel operations remaining to complete
19:21:13.512 [nioEventLoopGroup-20-1] DEBUG bftsmart.communication.client.netty.NettyClientServerCommunicationSystemClientSide - 0 channel operations remaining to complete
19:21:13.512 [nioEventLoopGroup-23-4] DEBUG bftsmart.communication.client.netty.NettyClientServerCommunicationSystemClientSide - -1 channel operations remaining to complete
19:21:13.511 [nioEventLoopGroup-18-3] DEBUG bftsmart.communication.client.netty.NettyClientServerCommunicationSystemClientSide - 2 channel operations remaining to complete
19:21:13.511 [nioEventLoopGroup-21-1] DEBUG bftsmart.communication.client.netty.NettyClientServerCommunicationSystemClientSide - 2 channel operations remaining to complete
19:21:13.514 [nioEventLoopGroup-20-3] DEBUG bftsmart.communication.client.netty.NettyClientServerCommunicationSystemClientSide - -1 channel operations remaining to complete
19:21:13.512 [nioEventLoopGroup-23-6] DEBUG bftsmart.communication.client.netty.NettyClientServerCommunicationSystemClientSide - -2 channel operations remaining to complete
19:21:13.524 [nioEventLoopGroup-20-5] DEBUG bftsmart.communication.client.netty.NettyClientServerCommunicationSystemClientSide - -2 channel operations remaining to complete
19:21:13.512 [nioEventLoopGroup-24-1] DEBUG bftsmart.communication.client.netty.NettyClientServerCommunicationSystemClientSide - -2 channel operations remaining to complete
19:21:13.531 [nioEventLoopGroup-20-2] DEBUG bftsmart.communication.client.netty.NettyClientServerCommunicationSystemClientSide - -3 channel operations remaining to complete
19:21:13.512 [nioEventLoopGroup-22-1] DEBUG bftsmart.communication.client.netty.NettyClientServerCommunicationSystemClientSide - 0 channel operations remaining to complete
19:21:13.512 [nioEventLoopGroup-19-4] DEBUG bftsmart.communication.client.netty.NettyClientServerCommunicationSystemClientSide - 2 channel operations remaining to complete
19:21:13.524 [nioEventLoopGroup-23-5] DEBUG bftsmart.communication.client.netty.NettyClientServerCommunicationSystemClientSide - -3 channel operations remaining to complete
19:21:13.532 [nioEventLoopGroup-20-4] DEBUG bftsmart.communication.client.netty.NettyClientServerCommunicationSystemClientSide - -4 channel operations remaining to complete
19:21:13.532 [nioEventLoopGroup-23-2] DEBUG bftsmart.communication.client.netty.NettyClientServerCommunicationSystemClientSide - -4 channel operations remaining to complete
19:21:13.532 [nioEventLoopGroup-19-8] DEBUG bftsmart.communication.client.netty.NettyClientServerCommunicationSystemClientSide - 1 channel operations remaining to complete
19:21:13.520 [nioEventLoopGroup-25-4] DEBUG bftsmart.communication.client.netty.NettyClientServerCommunicationSystemClientSide - 0 channel operations remaining to complete
19:21:13.532 [nioEventLoopGroup-19-1] DEBUG bftsmart.communication.client.netty.NettyClientServerCommunicationSystemClientSide - 0 channel operations remaining to complete
19:21:13.532 [nioEventLoopGroup-23-3] DEBUG bftsmart.communication.client.netty.NettyClientServerCommunicationSystemClientSide - -5 channel operations remaining to complete
19:21:13.532 [nioEventLoopGroup-20-6] DEBUG bftsmart.communication.client.netty.NettyClientServerCommunicationSystemClientSide - -5 channel operations remaining to complete
19:21:13.519 [nioEventLoopGroup-21-4] DEBUG bftsmart.communication.client.netty.NettyClientServerCommunicationSystemClientSide - 1 channel operations remaining to complete
19:21:13.532 [nioEventLoopGroup-19-2] DEBUG bftsmart.communication.client.netty.NettyClientServerCommunicationSystemClientSide - -1 channel operations remaining to complete
19:21:13.532 [nioEventLoopGroup-21-2] DEBUG bftsmart.communication.client.netty.NettyClientServerCommunicationSystemClientSide - 0 channel operations remaining to complete
19:21:13.519 [nioEventLoopGroup-18-5] DEBUG bftsmart.communication.client.netty.NettyClientServerCommunicationSystemClientSide - 1 channel operations remaining to complete
19:21:13.532 [nioEventLoopGroup-19-6] DEBUG bftsmart.communication.client.netty.NettyClientServerCommunicationSystemClientSide - -2 channel operations remaining to complete
19:21:13.533 [nioEventLoopGroup-18-8] DEBUG bftsmart.communication.client.netty.NettyClientServerCommunicationSystemClientSide - 0 channel operations remaining to complete
19:21:13.532 [nioEventLoopGroup-21-8] DEBUG bftsmart.communication.client.netty.NettyClientServerCommunicationSystemClientSide - -1 channel operations remaining to complete
19:21:13.533 [nioEventLoopGroup-18-4] DEBUG bftsmart.communication.client.netty.NettyClientServerCommunicationSystemClientSide - -1 channel operations remaining to complete
19:21:13.533 [nioEventLoopGroup-19-5] DEBUG bftsmart.communication.client.netty.NettyClientServerCommunicationSystemClientSide - -3 channel operations remaining to complete
19:21:13.532 [nioEventLoopGroup-25-2] DEBUG bftsmart.communication.client.netty.NettyClientServerCommunicationSystemClientSide - -1 channel operations remaining to complete
19:21:13.533 [nioEventLoopGroup-19-3] DEBUG bftsmart.communication.client.netty.NettyClientServerCommunicationSystemClientSide - -4 channel operations remaining to complete
19:21:13.533 [nioEventLoopGroup-18-2] DEBUG bftsmart.communication.client.netty.NettyClientServerCommunicationSystemClientSide - -2 channel operations remaining to complete
19:21:13.532 [nioEventLoopGroup-22-7] DEBUG bftsmart.communication.client.netty.NettyClientServerCommunicationSystemClientSide - -1 channel operations remaining to complete
19:21:13.533 [nioEventLoopGroup-19-7] DEBUG bftsmart.communication.client.netty.NettyClientServerCommunicationSystemClientSide - -5 channel operations remaining to complete
19:21:13.532 [nioEventLoopGroup-24-8] DEBUG bftsmart.communication.client.netty.NettyClientServerCommunicationSystemClientSide - -3 channel operations remaining to complete
19:21:13.533 [nioEventLoopGroup-25-8] DEBUG bftsmart.communication.client.netty.NettyClientServerCommunicationSystemClientSide - -2 channel operations remaining to complete
19:21:13.533 [nioEventLoopGroup-22-6] DEBUG bftsmart.communication.client.netty.NettyClientServerCommunicationSystemClientSide - -2 channel operations remaining to complete
19:21:13.533 [nioEventLoopGroup-18-6] DEBUG bftsmart.communication.client.netty.NettyClientServerCommunicationSystemClientSide - -3 channel operations remaining to complete
19:21:13.533 [nioEventLoopGroup-24-6] DEBUG bftsmart.communication.client.netty.NettyClientServerCommunicationSystemClientSide - -4 channel operations remaining to complete
19:21:13.533 [nioEventLoopGroup-21-6] DEBUG bftsmart.communication.client.netty.NettyClientServerCommunicationSystemClientSide - -2 channel operations remaining to complete
19:21:13.535 [nioEventLoopGroup-21-5] DEBUG bftsmart.communication.client.netty.NettyClientServerCommunicationSystemClientSide - -3 channel operations remaining to complete
19:21:13.535 [nioEventLoopGroup-21-3] DEBUG bftsmart.communication.client.netty.NettyClientServerCommunicationSystemClientSide - -4 channel operations remaining to complete
19:21:13.533 [nioEventLoopGroup-25-7] DEBUG bftsmart.communication.client.netty.NettyClientServerCommunicationSystemClientSide - -3 channel operations remaining to complete
19:21:13.535 [nioEventLoopGroup-21-7] DEBUG bftsmart.communication.client.netty.NettyClientServerCommunicationSystemClientSide - -5 channel operations remaining to complete
19:21:13.535 [nioEventLoopGroup-24-2] DEBUG bftsmart.communication.client.netty.NettyClientServerCommunicationSystemClientSide - -5 channel operations remaining to complete
19:21:13.535 [nioEventLoopGroup-25-5] DEBUG bftsmart.communication.client.netty.NettyClientServerCommunicationSystemClientSide - -4 channel operations remaining to complete
19:21:13.533 [nioEventLoopGroup-22-4] DEBUG bftsmart.communication.client.netty.NettyClientServerCommunicationSystemClientSide - -3 channel operations remaining to complete
19:21:13.535 [nioEventLoopGroup-25-1] DEBUG bftsmart.communication.client.netty.NettyClientServerCommunicationSystemClientSide - -5 channel operations remaining to complete
19:21:13.535 [nioEventLoopGroup-18-1] DEBUG bftsmart.communication.client.netty.NettyClientServerCommunicationSystemClientSide - -4 channel operations remaining to complete
19:21:13.535 [nioEventLoopGroup-18-7] DEBUG bftsmart.communication.client.netty.NettyClientServerCommunicationSystemClientSide - -5 channel operations remaining to complete
19:21:13.535 [nioEventLoopGroup-22-3] DEBUG bftsmart.communication.client.netty.NettyClientServerCommunicationSystemClientSide - -4 channel operations remaining to complete
19:21:13.535 [nioEventLoopGroup-22-2] DEBUG bftsmart.communication.client.netty.NettyClientServerCommunicationSystemClientSide - -5 channel operations remaining to complete
19:21:13.536 [nioEventLoopGroup-13-4] DEBUG bftsmart.communication.client.netty.NettyTOMMessageDecoder - Active clients: 1
19:21:13.536 [nioEventLoopGroup-17-3] DEBUG bftsmart.communication.client.netty.NettyTOMMessageDecoder - Active clients: 1
19:21:13.536 [nioEventLoopGroup-15-7] DEBUG bftsmart.communication.client.netty.NettyTOMMessageDecoder - Active clients: 1
19:21:13.536 [nioEventLoopGroup-15-7] DEBUG bftsmart.communication.client.netty.NettyTOMMessageDecoder - Decoded reply from 1004 with sequence number 0
19:21:13.536 [nioEventLoopGroup-11-7] DEBUG bftsmart.communication.client.netty.NettyTOMMessageDecoder - Active clients: 1
19:21:13.536 [nioEventLoopGroup-11-7] DEBUG bftsmart.communication.client.netty.NettyTOMMessageDecoder - Decoded reply from 1005 with sequence number 0
19:21:13.536 [nioEventLoopGroup-14-3] DEBUG bftsmart.communication.client.netty.NettyTOMMessageDecoder - Active clients: 1
19:21:13.536 [nioEventLoopGroup-13-4] DEBUG bftsmart.communication.client.netty.NettyTOMMessageDecoder - Decoded reply from 1004 with sequence number 0
19:21:13.536 [nioEventLoopGroup-13-3] DEBUG bftsmart.communication.client.netty.NettyTOMMessageDecoder - Active clients: 2
19:21:13.536 [nioEventLoopGroup-13-3] DEBUG bftsmart.communication.client.netty.NettyTOMMessageDecoder - Decoded reply from 1005 with sequence number 0
19:21:13.536 [nioEventLoopGroup-16-2] DEBUG bftsmart.communication.client.netty.NettyTOMMessageDecoder - Active clients: 1
19:21:13.537 [nioEventLoopGroup-14-3] DEBUG bftsmart.communication.client.netty.NettyTOMMessageDecoder - Decoded reply from 1006 with sequence number 0
19:21:13.536 [nioEventLoopGroup-10-5] DEBUG bftsmart.communication.client.netty.NettyTOMMessageDecoder - Active clients: 1
19:21:13.537 [nioEventLoopGroup-14-5] DEBUG bftsmart.communication.client.netty.NettyTOMMessageDecoder - Active clients: 2
19:21:13.536 [nioEventLoopGroup-12-8] DEBUG bftsmart.communication.client.netty.NettyTOMMessageDecoder - Active clients: 1
19:21:13.536 [nioEventLoopGroup-17-3] DEBUG bftsmart.communication.client.netty.NettyTOMMessageDecoder - Decoded reply from 1006 with sequence number 0
19:21:13.537 [nioEventLoopGroup-10-5] DEBUG bftsmart.communication.client.netty.NettyTOMMessageDecoder - Decoded reply from 1001 with sequence number 0
19:21:13.537 [nioEventLoopGroup-12-8] DEBUG bftsmart.communication.client.netty.NettyTOMMessageDecoder - Decoded reply from 1004 with sequence number 0
19:21:13.537 [nioEventLoopGroup-16-8] DEBUG bftsmart.communication.client.netty.NettyTOMMessageDecoder - Active clients: 2
19:21:13.537 [nioEventLoopGroup-16-8] DEBUG bftsmart.communication.client.netty.NettyTOMMessageDecoder - Decoded reply from 1007 with sequence number 0
19:21:13.537 [nioEventLoopGroup-17-2] DEBUG bftsmart.communication.client.netty.NettyTOMMessageDecoder - Active clients: 2
19:21:13.537 [nioEventLoopGroup-11-2] DEBUG bftsmart.communication.client.netty.NettyTOMMessageDecoder - Active clients: 2
19:21:13.537 [nioEventLoopGroup-11-2] DEBUG bftsmart.communication.client.netty.NettyTOMMessageDecoder - Decoded reply from 1000 with sequence number 0
19:21:13.537 [nioEventLoopGroup-14-5] DEBUG bftsmart.communication.client.netty.NettyTOMMessageDecoder - Decoded reply from 1007 with sequence number 0
19:21:13.537 [nioEventLoopGroup-17-4] DEBUG bftsmart.communication.client.netty.NettyTOMMessageDecoder - Active clients: 3
19:21:13.537 [nioEventLoopGroup-17-4] DEBUG bftsmart.communication.client.netty.NettyTOMMessageDecoder - Decoded reply from 1003 with sequence number 0
19:21:13.537 [nioEventLoopGroup-13-5] DEBUG bftsmart.communication.client.netty.NettyTOMMessageDecoder - Active clients: 3
19:21:13.537 [nioEventLoopGroup-16-2] DEBUG bftsmart.communication.client.netty.NettyTOMMessageDecoder - Decoded reply from 1005 with sequence number 0
19:21:13.537 [nioEventLoopGroup-11-1] DEBUG bftsmart.communication.client.netty.NettyTOMMessageDecoder - Active clients: 3
19:21:13.537 [nioEventLoopGroup-11-1] DEBUG bftsmart.communication.client.netty.NettyTOMMessageDecoder - Decoded reply from 1004 with sequence number 0
19:21:13.537 [nioEventLoopGroup-13-6] DEBUG bftsmart.communication.client.netty.NettyTOMMessageDecoder - Active clients: 4
19:21:13.537 [nioEventLoopGroup-13-6] DEBUG bftsmart.communication.client.netty.NettyTOMMessageDecoder - Decoded reply from 1002 with sequence number 0
19:21:13.537 [nioEventLoopGroup-13-8] DEBUG bftsmart.communication.client.netty.NettyTOMMessageDecoder - Active clients: 5
19:21:13.537 [nioEventLoopGroup-13-8] DEBUG bftsmart.communication.client.netty.NettyTOMMessageDecoder - Decoded reply from 1001 with sequence number 0
19:21:13.537 [nioEventLoopGroup-16-2] DEBUG bftsmart.tom.core.TOMLayer - Received TOMMessage from client 1005 with sequence number 0 for session -182751477
19:21:13.537 [nioEventLoopGroup-13-6] DEBUG bftsmart.tom.core.TOMLayer - Received TOMMessage from client 1002 with sequence number 0 for session -991227902
19:21:13.537 [nioEventLoopGroup-17-8] DEBUG bftsmart.communication.client.netty.NettyTOMMessageDecoder - Active clients: 4
19:21:13.537 [nioEventLoopGroup-14-8] DEBUG bftsmart.communication.client.netty.NettyTOMMessageDecoder - Active clients: 3
19:21:13.537 [nioEventLoopGroup-17-8] DEBUG bftsmart.communication.client.netty.NettyTOMMessageDecoder - Decoded reply from 1005 with sequence number 0
19:21:13.537 [nioEventLoopGroup-10-1] DEBUG bftsmart.communication.client.netty.NettyTOMMessageDecoder - Active clients: 2
19:21:13.537 [nioEventLoopGroup-11-1] DEBUG bftsmart.tom.core.TOMLayer - Received TOMMessage from client 1004 with sequence number 0 for session -2024429936
19:21:13.537 [nioEventLoopGroup-16-2] DEBUG bftsmart.clientsmanagement.ClientsManager - Creating new client data, client id=1005
19:21:13.537 [nioEventLoopGroup-11-1] DEBUG bftsmart.clientsmanagement.ClientsManager - Creating new client data, client id=1004
19:21:13.537 [nioEventLoopGroup-10-5] DEBUG bftsmart.tom.core.TOMLayer - Received TOMMessage from client 1001 with sequence number 0 for session -1672319045
19:21:13.537 [nioEventLoopGroup-12-3] DEBUG bftsmart.communication.client.netty.NettyTOMMessageDecoder - Active clients: 2
19:21:13.537 [nioEventLoopGroup-10-5] DEBUG bftsmart.clientsmanagement.ClientsManager - Creating new client data, client id=1001
19:21:13.537 [nioEventLoopGroup-10-1] DEBUG bftsmart.communication.client.netty.NettyTOMMessageDecoder - Decoded reply from 1000 with sequence number 0
19:21:13.537 [nioEventLoopGroup-12-3] DEBUG bftsmart.communication.client.netty.NettyTOMMessageDecoder - Decoded reply from 1006 with sequence number 0
19:21:13.537 [nioEventLoopGroup-15-5] DEBUG bftsmart.communication.client.netty.NettyTOMMessageDecoder - Active clients: 2
19:21:13.537 [nioEventLoopGroup-10-1] DEBUG bftsmart.tom.core.TOMLayer - Received TOMMessage from client 1000 with sequence number 0 for session -1143677792
19:21:13.537 [nioEventLoopGroup-10-7] DEBUG bftsmart.communication.client.netty.NettyTOMMessageDecoder - Active clients: 3
19:21:13.537 [nioEventLoopGroup-12-3] DEBUG bftsmart.tom.core.TOMLayer - Received TOMMessage from client 1006 with sequence number 0 for session -625207274
19:21:13.537 [nioEventLoopGroup-10-7] DEBUG bftsmart.communication.client.netty.NettyTOMMessageDecoder - Decoded reply from 1007 with sequence number 0
19:21:13.537 [nioEventLoopGroup-10-8] DEBUG bftsmart.communication.client.netty.NettyTOMMessageDecoder - Active clients: 4
19:21:13.537 [nioEventLoopGroup-15-5] DEBUG bftsmart.communication.client.netty.NettyTOMMessageDecoder - Decoded reply from 1002 with sequence number 0
19:21:13.537 [nioEventLoopGroup-10-8] DEBUG bftsmart.communication.client.netty.NettyTOMMessageDecoder - Decoded reply from 1005 with sequence number 0
19:21:13.537 [nioEventLoopGroup-10-7] DEBUG bftsmart.tom.core.TOMLayer - Received TOMMessage from client 1007 with sequence number 0 for session 299746230
19:21:13.537 [nioEventLoopGroup-10-6] DEBUG bftsmart.communication.client.netty.NettyTOMMessageDecoder - Active clients: 5
19:21:13.537 [nioEventLoopGroup-13-5] DEBUG bftsmart.communication.client.netty.NettyTOMMessageDecoder - Decoded reply from 1003 with sequence number 0
19:21:13.537 [nioEventLoopGroup-10-6] DEBUG bftsmart.communication.client.netty.NettyTOMMessageDecoder - Decoded reply from 1004 with sequence number 0
19:21:13.537 [nioEventLoopGroup-17-2] DEBUG bftsmart.communication.client.netty.NettyTOMMessageDecoder - Decoded reply from 1000 with sequence number 0
19:21:13.537 [nioEventLoopGroup-10-8] DEBUG bftsmart.tom.core.TOMLayer - Received TOMMessage from client 1005 with sequence number 0 for session -182751477
19:21:13.537 [nioEventLoopGroup-14-6] DEBUG bftsmart.communication.client.netty.NettyTOMMessageDecoder - Active clients: 4
19:21:13.537 [nioEventLoopGroup-17-3] DEBUG bftsmart.tom.core.TOMLayer - Received TOMMessage from client 1006 with sequence number 0 for session -625207274
19:21:13.537 [nioEventLoopGroup-14-6] DEBUG bftsmart.communication.client.netty.NettyTOMMessageDecoder - Decoded reply from 1003 with sequence number 0
19:21:13.537 [nioEventLoopGroup-11-8] DEBUG bftsmart.communication.client.netty.NettyTOMMessageDecoder - Active clients: 4
19:21:13.537 [nioEventLoopGroup-11-8] DEBUG bftsmart.communication.client.netty.NettyTOMMessageDecoder - Decoded reply from 1002 with sequence number 0
19:21:13.537 [nioEventLoopGroup-13-5] DEBUG bftsmart.tom.core.TOMLayer - Received TOMMessage from client 1003 with sequence number 0 for session -1171250860
19:21:13.537 [nioEventLoopGroup-11-7] DEBUG bftsmart.tom.core.TOMLayer - Received TOMMessage from client 1005 with sequence number 0 for session -182751477
19:21:13.537 [nioEventLoopGroup-11-8] DEBUG bftsmart.tom.core.TOMLayer - Received TOMMessage from client 1002 with sequence number 0 for session -991227902
19:21:13.537 [nioEventLoopGroup-13-4] DEBUG bftsmart.tom.core.TOMLayer - Received TOMMessage from client 1004 with sequence number 0 for session -2024429936
19:21:13.537 [nioEventLoopGroup-13-3] DEBUG bftsmart.tom.core.TOMLayer - Received TOMMessage from client 1005 with sequence number 0 for session -182751477
19:21:13.537 [nioEventLoopGroup-16-8] DEBUG bftsmart.tom.core.TOMLayer - Received TOMMessage from client 1007 with sequence number 0 for session 299746230
19:21:13.537 [nioEventLoopGroup-12-8] DEBUG bftsmart.tom.core.TOMLayer - Received TOMMessage from client 1004 with sequence number 0 for session -2024429936
19:21:13.537 [nioEventLoopGroup-16-7] DEBUG bftsmart.communication.client.netty.NettyTOMMessageDecoder - Active clients: 3
19:21:13.538 [nioEventLoopGroup-11-5] DEBUG bftsmart.communication.client.netty.NettyTOMMessageDecoder - Active clients: 5
19:21:13.537 [nioEventLoopGroup-14-3] DEBUG bftsmart.tom.core.TOMLayer - Received TOMMessage from client 1006 with sequence number 0 for session -625207274
19:21:13.538 [nioEventLoopGroup-16-7] DEBUG bftsmart.communication.client.netty.NettyTOMMessageDecoder - Decoded reply from 1004 with sequence number 0
19:21:13.538 [nioEventLoopGroup-17-6] DEBUG bftsmart.communication.client.netty.NettyTOMMessageDecoder - Active clients: 5
19:21:13.538 [nioEventLoopGroup-14-3] DEBUG bftsmart.clientsmanagement.ClientsManager - Creating new client data, client id=1006
19:21:13.537 [nioEventLoopGroup-13-8] DEBUG bftsmart.tom.core.TOMLayer - Received TOMMessage from client 1001 with sequence number 0 for session -1672319045
19:21:13.538 [nioEventLoopGroup-16-7] DEBUG bftsmart.tom.core.TOMLayer - Received TOMMessage from client 1004 with sequence number 0 for session -2024429936
19:21:13.538 [nioEventLoopGroup-16-3] DEBUG bftsmart.communication.client.netty.NettyTOMMessageDecoder - Active clients: 4
19:21:13.538 [nioEventLoopGroup-11-3] DEBUG bftsmart.communication.client.netty.NettyTOMMessageDecoder - Active clients: 6
19:21:13.538 [nioEventLoopGroup-17-7] DEBUG bftsmart.communication.client.netty.NettyTOMMessageDecoder - Active clients: 6
19:21:13.537 [nioEventLoopGroup-14-5] DEBUG bftsmart.tom.core.TOMLayer - Received TOMMessage from client 1007 with sequence number 0 for session 299746230
19:21:13.538 [nioEventLoopGroup-16-6] DEBUG bftsmart.communication.client.netty.NettyTOMMessageDecoder - Active clients: 5
19:21:13.538 [nioEventLoopGroup-16-6] DEBUG bftsmart.communication.client.netty.NettyTOMMessageDecoder - Decoded reply from 1001 with sequence number 0
19:21:13.537 [nioEventLoopGroup-13-6] DEBUG bftsmart.clientsmanagement.ClientsManager - Creating new client data, client id=1002
19:21:13.538 [nioEventLoopGroup-13-1] DEBUG bftsmart.communication.client.netty.NettyTOMMessageDecoder - Active clients: 6
19:21:13.538 [nioEventLoopGroup-13-1] DEBUG bftsmart.communication.client.netty.NettyTOMMessageDecoder - Decoded reply from 1006 with sequence number 0
19:21:13.538 [nioEventLoopGroup-16-6] DEBUG bftsmart.tom.core.TOMLayer - Received TOMMessage from client 1001 with sequence number 0 for session -1672319045
19:21:13.538 [nioEventLoopGroup-16-4] DEBUG bftsmart.communication.client.netty.NettyTOMMessageDecoder - Active clients: 6
19:21:13.538 [nioEventLoopGroup-13-1] DEBUG bftsmart.tom.core.TOMLayer - Received TOMMessage from client 1006 with sequence number 0 for session -625207274
19:21:13.537 [nioEventLoopGroup-17-8] DEBUG bftsmart.tom.core.TOMLayer - Received TOMMessage from client 1005 with sequence number 0 for session -182751477
19:21:13.540 [nioEventLoopGroup-16-1] DEBUG bftsmart.communication.client.netty.NettyTOMMessageDecoder - Active clients: 7
19:21:13.540 [nioEventLoopGroup-16-1] DEBUG bftsmart.communication.client.netty.NettyTOMMessageDecoder - Decoded reply from 1006 with sequence number 0
19:21:13.537 [nioEventLoopGroup-12-6] DEBUG bftsmart.communication.client.netty.NettyTOMMessageDecoder - Active clients: 3
19:21:13.540 [nioEventLoopGroup-16-1] DEBUG bftsmart.tom.core.TOMLayer - Received TOMMessage from client 1006 with sequence number 0 for session -625207274
19:21:13.537 [nioEventLoopGroup-12-3] DEBUG bftsmart.clientsmanagement.ClientsManager - Creating new client data, client id=1006
19:21:13.540 [nioEventLoopGroup-14-5] DEBUG bftsmart.clientsmanagement.ClientsManager - Creating new client data, client id=1007
19:21:13.540 [nioEventLoopGroup-12-6] DEBUG bftsmart.communication.client.netty.NettyTOMMessageDecoder - Decoded reply from 1007 with sequence number 0
19:21:13.540 [nioEventLoopGroup-10-1] DEBUG bftsmart.clientsmanagement.ClientsManager - Creating new client data, client id=1000
19:21:13.540 [nioEventLoopGroup-11-7] DEBUG bftsmart.clientsmanagement.ClientsManager - Creating new client data, client id=1005
19:21:13.540 [nioEventLoopGroup-16-5] DEBUG bftsmart.communication.client.netty.NettyTOMMessageDecoder - Active clients: 8
19:21:13.537 [nioEventLoopGroup-14-8] DEBUG bftsmart.communication.client.netty.NettyTOMMessageDecoder - Decoded reply from 1002 with sequence number 0
19:21:13.540 [nioEventLoopGroup-12-2] DEBUG bftsmart.communication.client.netty.NettyTOMMessageDecoder - Active clients: 4
19:21:13.540 [nioEventLoopGroup-12-2] DEBUG bftsmart.communication.client.netty.NettyTOMMessageDecoder - Decoded reply from 1000 with sequence number 0
19:21:13.540 [nioEventLoopGroup-12-5] DEBUG bftsmart.communication.client.netty.NettyTOMMessageDecoder - Active clients: 5
19:21:13.537 [nioEventLoopGroup-15-6] DEBUG bftsmart.communication.client.netty.NettyTOMMessageDecoder - Active clients: 3
19:21:13.540 [nioEventLoopGroup-12-8] DEBUG bftsmart.clientsmanagement.ClientsManager - Creating new client data, client id=1004
19:21:13.540 [nioEventLoopGroup-10-7] DEBUG bftsmart.clientsmanagement.ClientsManager - Creating new client data, client id=1007
19:21:13.540 [nioEventLoopGroup-12-5] DEBUG bftsmart.communication.client.netty.NettyTOMMessageDecoder - Decoded reply from 1001 with sequence number 0
19:21:13.540 [nioEventLoopGroup-15-6] DEBUG bftsmart.communication.client.netty.NettyTOMMessageDecoder - Decoded reply from 1006 with sequence number 0
19:21:13.540 [nioEventLoopGroup-12-5] DEBUG bftsmart.tom.core.TOMLayer - Received TOMMessage from client 1001 with sequence number 0 for session -1672319045
19:21:13.540 [nioEventLoopGroup-12-5] DEBUG bftsmart.clientsmanagement.ClientsManager - Creating new client data, client id=1001
19:21:13.540 [nioEventLoopGroup-15-8] DEBUG bftsmart.communication.client.netty.NettyTOMMessageDecoder - Active clients: 4
19:21:13.540 [nioEventLoopGroup-11-8] DEBUG bftsmart.clientsmanagement.ClientsManager - Creating new client data, client id=1002
19:21:13.537 [nioEventLoopGroup-15-5] DEBUG bftsmart.tom.core.TOMLayer - Received TOMMessage from client 1002 with sequence number 0 for session -991227902
19:21:13.540 [nioEventLoopGroup-15-5] DEBUG bftsmart.clientsmanagement.ClientsManager - Creating new client data, client id=1002
19:21:13.540 [nioEventLoopGroup-10-8] DEBUG bftsmart.clientsmanagement.ClientsManager - Creating new client data, client id=1005
19:21:13.537 [nioEventLoopGroup-10-6] DEBUG bftsmart.tom.core.TOMLayer - Received TOMMessage from client 1004 with sequence number 0 for session -2024429936
19:21:13.541 [nioEventLoopGroup-15-4] DEBUG bftsmart.communication.client.netty.NettyTOMMessageDecoder - Active clients: 5
19:21:13.541 [nioEventLoopGroup-12-7] DEBUG bftsmart.communication.client.netty.NettyTOMMessageDecoder - Active clients: 6
19:21:13.537 [nioEventLoopGroup-17-2] DEBUG bftsmart.tom.core.TOMLayer - Received TOMMessage from client 1000 with sequence number 0 for session -1143677792
19:21:13.541 [nioEventLoopGroup-12-4] DEBUG bftsmart.communication.client.netty.NettyTOMMessageDecoder - Active clients: 7
19:21:13.537 [nioEventLoopGroup-11-2] DEBUG bftsmart.tom.core.TOMLayer - Received TOMMessage from client 1000 with sequence number 0 for session -1143677792
19:21:13.537 [nioEventLoopGroup-14-6] DEBUG bftsmart.tom.core.TOMLayer - Received TOMMessage from client 1003 with sequence number 0 for session -1171250860
19:21:13.541 [nioEventLoopGroup-11-2] DEBUG bftsmart.clientsmanagement.ClientsManager - Creating new client data, client id=1000
19:21:13.541 [nioEventLoopGroup-14-6] DEBUG bftsmart.clientsmanagement.ClientsManager - Creating new client data, client id=1003
19:21:13.541 [nioEventLoopGroup-12-1] DEBUG bftsmart.communication.client.netty.NettyTOMMessageDecoder - Active clients: 8
19:21:13.541 [nioEventLoopGroup-15-2] DEBUG bftsmart.communication.client.netty.NettyTOMMessageDecoder - Active clients: 6
19:21:13.537 [nioEventLoopGroup-17-3] DEBUG bftsmart.clientsmanagement.ClientsManager - Creating new client data, client id=1006
19:21:13.541 [nioEventLoopGroup-15-3] DEBUG bftsmart.communication.client.netty.NettyTOMMessageDecoder - Active clients: 7
19:21:13.541 [nioEventLoopGroup-15-3] DEBUG bftsmart.communication.client.netty.NettyTOMMessageDecoder - Decoded reply from 1000 with sequence number 0
19:21:13.541 [nioEventLoopGroup-15-1] DEBUG bftsmart.communication.client.netty.NettyTOMMessageDecoder - Active clients: 8
19:21:13.541 [nioEventLoopGroup-15-1] DEBUG bftsmart.communication.client.netty.NettyTOMMessageDecoder - Decoded reply from 1005 with sequence number 0
19:21:13.541 [nioEventLoopGroup-15-3] DEBUG bftsmart.tom.core.TOMLayer - Received TOMMessage from client 1000 with sequence number 0 for session -1143677792
19:21:13.541 [nioEventLoopGroup-17-8] DEBUG bftsmart.clientsmanagement.ClientsManager - Creating new client data, client id=1005
19:21:13.537 [nioEventLoopGroup-17-4] DEBUG bftsmart.tom.core.TOMLayer - Received TOMMessage from client 1003 with sequence number 0 for session -1171250860
19:21:13.541 [nioEventLoopGroup-15-1] DEBUG bftsmart.tom.core.TOMLayer - Received TOMMessage from client 1005 with sequence number 0 for session -182751477
19:21:13.537 [nioEventLoopGroup-14-1] DEBUG bftsmart.communication.client.netty.NettyTOMMessageDecoder - Active clients: 5
19:21:13.537 [nioEventLoopGroup-10-2] DEBUG bftsmart.communication.client.netty.NettyTOMMessageDecoder - Active clients: 6
19:21:13.541 [nioEventLoopGroup-14-1] DEBUG bftsmart.communication.client.netty.NettyTOMMessageDecoder - Decoded reply from 1000 with sequence number 0
19:21:13.537 [nioEventLoopGroup-15-7] DEBUG bftsmart.tom.core.TOMLayer - Received TOMMessage from client 1004 with sequence number 0 for session -2024429936
19:21:13.541 [nioEventLoopGroup-14-1] DEBUG bftsmart.tom.core.TOMLayer - Received TOMMessage from client 1000 with sequence number 0 for session -1143677792
19:21:13.538 [nioEventLoopGroup-11-5] DEBUG bftsmart.communication.client.netty.NettyTOMMessageDecoder - Decoded reply from 1001 with sequence number 0
19:21:13.541 [nioEventLoopGroup-10-3] DEBUG bftsmart.communication.client.netty.NettyTOMMessageDecoder - Active clients: 7
19:21:13.541 [nioEventLoopGroup-10-3] DEBUG bftsmart.communication.client.netty.NettyTOMMessageDecoder - Decoded reply from 1003 with sequence number 0
19:21:13.541 [nioEventLoopGroup-10-4] DEBUG bftsmart.communication.client.netty.NettyTOMMessageDecoder - Active clients: 8
19:21:13.538 [nioEventLoopGroup-17-6] DEBUG bftsmart.communication.client.netty.NettyTOMMessageDecoder - Decoded reply from 1004 with sequence number 0
19:21:13.542 [nioEventLoopGroup-10-3] DEBUG bftsmart.tom.core.TOMLayer - Received TOMMessage from client 1003 with sequence number 0 for session -1171250860
19:21:13.538 [nioEventLoopGroup-16-3] DEBUG bftsmart.communication.client.netty.NettyTOMMessageDecoder - Decoded reply from 1002 with sequence number 0
19:21:13.538 [nioEventLoopGroup-11-3] DEBUG bftsmart.communication.client.netty.NettyTOMMessageDecoder - Decoded reply from 1006 with sequence number 0
19:21:13.542 [nioEventLoopGroup-17-6] DEBUG bftsmart.tom.core.TOMLayer - Received TOMMessage from client 1004 with sequence number 0 for session -2024429936
19:21:13.542 [nioEventLoopGroup-16-3] DEBUG bftsmart.tom.core.TOMLayer - Received TOMMessage from client 1002 with sequence number 0 for session -991227902
19:21:13.538 [nioEventLoopGroup-11-6] DEBUG bftsmart.communication.client.netty.NettyTOMMessageDecoder - Active clients: 7
19:21:13.542 [nioEventLoopGroup-11-3] DEBUG bftsmart.tom.core.TOMLayer - Received TOMMessage from client 1006 with sequence number 0 for session -625207274
19:21:13.542 [nioEventLoopGroup-11-6] DEBUG bftsmart.communication.client.netty.NettyTOMMessageDecoder - Decoded reply from 1007 with sequence number 0
19:21:13.538 [nioEventLoopGroup-17-7] DEBUG bftsmart.communication.client.netty.NettyTOMMessageDecoder - Decoded reply from 1002 with sequence number 0
19:21:13.538 [nioEventLoopGroup-17-5] DEBUG bftsmart.communication.client.netty.NettyTOMMessageDecoder - Active clients: 7
19:21:13.542 [nioEventLoopGroup-17-7] DEBUG bftsmart.tom.core.TOMLayer - Received TOMMessage from client 1002 with sequence number 0 for session -991227902
19:21:13.540 [nioEventLoopGroup-16-4] DEBUG bftsmart.communication.client.netty.NettyTOMMessageDecoder - Decoded reply from 1003 with sequence number 0
19:21:13.542 [nioEventLoopGroup-17-5] DEBUG bftsmart.communication.client.netty.NettyTOMMessageDecoder - Decoded reply from 1007 with sequence number 0
19:21:13.542 [nioEventLoopGroup-17-1] DEBUG bftsmart.communication.client.netty.NettyTOMMessageDecoder - Active clients: 8
19:21:13.542 [nioEventLoopGroup-17-1] DEBUG bftsmart.communication.client.netty.NettyTOMMessageDecoder - Decoded reply from 1001 with sequence number 0
19:21:13.540 [nioEventLoopGroup-13-7] DEBUG bftsmart.communication.client.netty.NettyTOMMessageDecoder - Active clients: 7
19:21:13.542 [nioEventLoopGroup-17-5] DEBUG bftsmart.tom.core.TOMLayer - Received TOMMessage from client 1007 with sequence number 0 for session 299746230
19:21:13.542 [nioEventLoopGroup-17-1] DEBUG bftsmart.tom.core.TOMLayer - Received TOMMessage from client 1001 with sequence number 0 for session -1672319045
19:21:13.542 [nioEventLoopGroup-17-8] DEBUG bftsmart.clientsmanagement.ClientsManager - Message from client 1005 is valid
19:21:13.542 [nioEventLoopGroup-17-3] DEBUG bftsmart.clientsmanagement.ClientsManager - Message from client 1006 is valid
19:21:13.540 [nioEventLoopGroup-16-8] DEBUG bftsmart.clientsmanagement.ClientsManager - Creating new client data, client id=1007
19:21:13.542 [nioEventLoopGroup-13-7] DEBUG bftsmart.communication.client.netty.NettyTOMMessageDecoder - Decoded reply from 1007 with sequence number 0
19:21:13.540 [nioEventLoopGroup-13-5] DEBUG bftsmart.clientsmanagement.ClientsManager - Creating new client data, client id=1003
19:21:13.542 [nioEventLoopGroup-14-3] DEBUG bftsmart.clientsmanagement.ClientsManager - Message from client 1006 is valid
19:21:13.542 [nioEventLoopGroup-11-1] DEBUG bftsmart.clientsmanagement.ClientsManager - Message from client 1004 is valid
19:21:13.542 [nioEventLoopGroup-11-2] DEBUG bftsmart.clientsmanagement.ClientsManager - Message from client 1000 is valid
19:21:13.542 [nioEventLoopGroup-12-8] DEBUG bftsmart.clientsmanagement.ClientsManager - Message from client 1004 is valid
19:21:13.542 [nioEventLoopGroup-13-4] DEBUG bftsmart.clientsmanagement.ClientsManager - Creating new client data, client id=1004
19:21:13.540 [nioEventLoopGroup-16-5] DEBUG bftsmart.communication.client.netty.NettyTOMMessageDecoder - Decoded reply from 1000 with sequence number 0
19:21:13.542 [nioEventLoopGroup-10-5] DEBUG bftsmart.clientsmanagement.ClientsManager - Message from client 1001 is valid
19:21:13.540 [nioEventLoopGroup-12-6] DEBUG bftsmart.tom.core.TOMLayer - Received TOMMessage from client 1007 with sequence number 0 for session 299746230
19:21:13.543 [nioEventLoopGroup-16-5] DEBUG bftsmart.tom.core.TOMLayer - Received TOMMessage from client 1000 with sequence number 0 for session -1143677792
19:21:13.540 [nioEventLoopGroup-14-8] DEBUG bftsmart.tom.core.TOMLayer - Received TOMMessage from client 1002 with sequence number 0 for session -991227902
19:21:13.543 [nioEventLoopGroup-10-8] DEBUG bftsmart.clientsmanagement.ClientsManager - Message from client 1005 is valid
19:21:13.543 [nioEventLoopGroup-12-5] DEBUG bftsmart.clientsmanagement.ClientsManager - Message from client 1001 is valid
19:21:13.543 [nioEventLoopGroup-10-1] DEBUG bftsmart.clientsmanagement.ClientsManager - Message from client 1000 is valid
19:21:13.543 [nioEventLoopGroup-13-4] DEBUG bftsmart.clientsmanagement.ClientsManager - Message from client 1004 is valid
19:21:13.540 [nioEventLoopGroup-12-2] DEBUG bftsmart.tom.core.TOMLayer - Received TOMMessage from client 1000 with sequence number 0 for session -1143677792
19:21:13.543 [nioEventLoopGroup-16-2] DEBUG bftsmart.clientsmanagement.ClientsManager - Message from client 1005 is valid
19:21:13.540 [nioEventLoopGroup-15-6] DEBUG bftsmart.tom.core.TOMLayer - Received TOMMessage from client 1006 with sequence number 0 for session -625207274
19:21:13.540 [nioEventLoopGroup-15-8] DEBUG bftsmart.communication.client.netty.NettyTOMMessageDecoder - Decoded reply from 1007 with sequence number 0
19:21:13.543 [nioEventLoopGroup-13-5] DEBUG bftsmart.clientsmanagement.ClientsManager - Message from client 1003 is valid
19:21:13.541 [nioEventLoopGroup-10-6] DEBUG bftsmart.clientsmanagement.ClientsManager - Creating new client data, client id=1004
19:21:13.543 [nioEventLoopGroup-15-8] DEBUG bftsmart.tom.core.TOMLayer - Received TOMMessage from client 1007 with sequence number 0 for session 299746230
19:21:13.541 [nioEventLoopGroup-15-4] DEBUG bftsmart.communication.client.netty.NettyTOMMessageDecoder - Decoded reply from 1003 with sequence number 0
19:21:13.543 [nioEventLoopGroup-10-3] DEBUG bftsmart.clientsmanagement.ClientsManager - Creating new client data, client id=1003
19:21:13.541 [nioEventLoopGroup-12-7] DEBUG bftsmart.communication.client.netty.NettyTOMMessageDecoder - Decoded reply from 1003 with sequence number 0
19:21:13.543 [nioEventLoopGroup-15-4] DEBUG bftsmart.tom.core.TOMLayer - Received TOMMessage from client 1003 with sequence number 0 for session -1171250860
19:21:13.541 [nioEventLoopGroup-12-4] DEBUG bftsmart.communication.client.netty.NettyTOMMessageDecoder - Decoded reply from 1002 with sequence number 0
19:21:13.543 [nioEventLoopGroup-12-7] DEBUG bftsmart.tom.core.TOMLayer - Received TOMMessage from client 1003 with sequence number 0 for session -1171250860
19:21:13.543 [nioEventLoopGroup-12-4] DEBUG bftsmart.tom.core.TOMLayer - Received TOMMessage from client 1002 with sequence number 0 for session -991227902
19:21:13.543 [nioEventLoopGroup-10-6] DEBUG bftsmart.clientsmanagement.ClientsManager - Message from client 1004 is valid
19:21:13.541 [nioEventLoopGroup-12-1] DEBUG bftsmart.communication.client.netty.NettyTOMMessageDecoder - Decoded reply from 1005 with sequence number 0
19:21:13.541 [nioEventLoopGroup-15-2] DEBUG bftsmart.communication.client.netty.NettyTOMMessageDecoder - Decoded reply from 1001 with sequence number 0
19:21:13.543 [nioEventLoopGroup-12-1] DEBUG bftsmart.tom.core.TOMLayer - Received TOMMessage from client 1005 with sequence number 0 for session -182751477
19:21:13.541 [nioEventLoopGroup-15-3] DEBUG bftsmart.clientsmanagement.ClientsManager - Creating new client data, client id=1000
19:21:13.541 [nioEventLoopGroup-17-4] DEBUG bftsmart.clientsmanagement.ClientsManager - Creating new client data, client id=1003
19:21:13.544 [nioEventLoopGroup-15-1] DEBUG bftsmart.clientsmanagement.ClientsManager - Creating new client data, client id=1005
19:21:13.541 [nioEventLoopGroup-10-2] DEBUG bftsmart.communication.client.netty.NettyTOMMessageDecoder - Decoded reply from 1002 with sequence number 0
19:21:13.544 [nioEventLoopGroup-15-7] DEBUG bftsmart.clientsmanagement.ClientsManager - Creating new client data, client id=1004
19:21:13.544 [nioEventLoopGroup-17-2] DEBUG bftsmart.clientsmanagement.ClientsManager - Creating new client data, client id=1000
19:21:13.541 [nioEventLoopGroup-14-2] DEBUG bftsmart.communication.client.netty.NettyTOMMessageDecoder - Active clients: 6
19:21:13.544 [nioEventLoopGroup-10-2] DEBUG bftsmart.tom.core.TOMLayer - Received TOMMessage from client 1002 with sequence number 0 for session -991227902
19:21:13.544 [nioEventLoopGroup-15-3] DEBUG bftsmart.clientsmanagement.ClientsManager - Message from client 1000 is valid
19:21:13.544 [nioEventLoopGroup-15-6] DEBUG bftsmart.clientsmanagement.ClientsManager - Creating new client data, client id=1006
19:21:13.541 [nioEventLoopGroup-14-1] DEBUG bftsmart.clientsmanagement.ClientsManager - Creating new client data, client id=1000
19:21:13.544 [nioEventLoopGroup-15-8] DEBUG bftsmart.clientsmanagement.ClientsManager - Creating new client data, client id=1007
19:21:13.544 [nioEventLoopGroup-15-1] DEBUG bftsmart.clientsmanagement.ClientsManager - Message from client 1005 is valid
19:21:13.541 [nioEventLoopGroup-10-4] DEBUG bftsmart.communication.client.netty.NettyTOMMessageDecoder - Decoded reply from 1006 with sequence number 0
19:21:13.544 [nioEventLoopGroup-17-2] DEBUG bftsmart.clientsmanagement.ClientsManager - Message from client 1000 is valid
19:21:13.542 [nioEventLoopGroup-11-5] DEBUG bftsmart.tom.core.TOMLayer - Received TOMMessage from client 1001 with sequence number 0 for session -1672319045
19:21:13.544 [nioEventLoopGroup-10-4] DEBUG bftsmart.tom.core.TOMLayer - Received TOMMessage from client 1006 with sequence number 0 for session -625207274
19:21:13.544 [nioEventLoopGroup-14-1] DEBUG bftsmart.clientsmanagement.ClientsManager - Message from client 1000 is valid
19:21:13.542 [nioEventLoopGroup-11-3] DEBUG bftsmart.clientsmanagement.ClientsManager - Creating new client data, client id=1006
19:21:13.542 [nioEventLoopGroup-11-4] DEBUG bftsmart.communication.client.netty.NettyTOMMessageDecoder - Active clients: 8
19:21:13.544 [nioEventLoopGroup-11-4] DEBUG bftsmart.communication.client.netty.NettyTOMMessageDecoder - Decoded reply from 1003 with sequence number 0
19:21:13.544 [nioEventLoopGroup-15-8] DEBUG bftsmart.clientsmanagement.ClientsManager - Message from client 1007 is valid
19:21:13.544 [nioEventLoopGroup-15-6] DEBUG bftsmart.clientsmanagement.ClientsManager - Message from client 1006 is valid
19:21:13.542 [nioEventLoopGroup-11-6] DEBUG bftsmart.tom.core.TOMLayer - Received TOMMessage from client 1007 with sequence number 0 for session 299746230
19:21:13.544 [nioEventLoopGroup-11-4] DEBUG bftsmart.tom.core.TOMLayer - Received TOMMessage from client 1003 with sequence number 0 for session -1171250860
19:21:13.542 [nioEventLoopGroup-16-4] DEBUG bftsmart.tom.core.TOMLayer - Received TOMMessage from client 1003 with sequence number 0 for session -1171250860
19:21:13.542 [nioEventLoopGroup-12-3] DEBUG bftsmart.clientsmanagement.ClientsManager - Message from client 1006 is valid
19:21:13.542 [nioEventLoopGroup-13-6] DEBUG bftsmart.clientsmanagement.ClientsManager - Message from client 1002 is valid
19:21:13.542 [nioEventLoopGroup-11-8] DEBUG bftsmart.clientsmanagement.ClientsManager - Message from client 1002 is valid
19:21:13.542 [nioEventLoopGroup-11-7] DEBUG bftsmart.clientsmanagement.ClientsManager - Message from client 1005 is valid
19:21:13.542 [nioEventLoopGroup-14-6] DEBUG bftsmart.clientsmanagement.ClientsManager - Message from client 1003 is valid
19:21:13.542 [nioEventLoopGroup-13-7] DEBUG bftsmart.tom.core.TOMLayer - Received TOMMessage from client 1007 with sequence number 0 for session 299746230
19:21:13.542 [nioEventLoopGroup-13-2] DEBUG bftsmart.communication.client.netty.NettyTOMMessageDecoder - Active clients: 8
19:21:13.545 [nioEventLoopGroup-13-2] DEBUG bftsmart.communication.client.netty.NettyTOMMessageDecoder - Decoded reply from 1000 with sequence number 0
19:21:13.542 [nioEventLoopGroup-14-5] DEBUG bftsmart.clientsmanagement.ClientsManager - Message from client 1007 is valid
19:21:13.545 [nioEventLoopGroup-13-2] DEBUG bftsmart.tom.core.TOMLayer - Received TOMMessage from client 1000 with sequence number 0 for session -1143677792
19:21:13.542 [nioEventLoopGroup-15-5] DEBUG bftsmart.clientsmanagement.ClientsManager - Message from client 1002 is valid
19:21:13.542 [nioEventLoopGroup-16-7] DEBUG bftsmart.clientsmanagement.ClientsManager - Creating new client data, client id=1004
19:21:13.545 [nioEventLoopGroup-14-8] DEBUG bftsmart.clientsmanagement.ClientsManager - Creating new client data, client id=1002
19:21:13.545 [nioEventLoopGroup-11-3] DEBUG bftsmart.clientsmanagement.ClientsManager - Message from client 1006 is valid
19:21:13.543 [nioEventLoopGroup-16-8] DEBUG bftsmart.clientsmanagement.ClientsManager - Message from client 1007 is valid
19:21:13.543 [nioEventLoopGroup-13-3] DEBUG bftsmart.clientsmanagement.ClientsManager - Creating new client data, client id=1005
19:21:13.545 [nioEventLoopGroup-11-5] DEBUG bftsmart.clientsmanagement.ClientsManager - Creating new client data, client id=1001
19:21:13.545 [nioEventLoopGroup-13-8] DEBUG bftsmart.clientsmanagement.ClientsManager - Creating new client data, client id=1001
19:21:13.545 [nioEventLoopGroup-11-4] DEBUG bftsmart.clientsmanagement.ClientsManager - Creating new client data, client id=1003
19:21:13.543 [nioEventLoopGroup-10-7] DEBUG bftsmart.clientsmanagement.ClientsManager - Message from client 1007 is valid
19:21:13.545 [nioEventLoopGroup-14-8] DEBUG bftsmart.clientsmanagement.ClientsManager - Message from client 1002 is valid
19:21:13.543 [nioEventLoopGroup-10-3] DEBUG bftsmart.clientsmanagement.ClientsManager - Message from client 1003 is valid
19:21:13.545 [nioEventLoopGroup-11-6] DEBUG bftsmart.clientsmanagement.ClientsManager - Creating new client data, client id=1007
19:21:13.545 [nioEventLoopGroup-13-3] DEBUG bftsmart.clientsmanagement.ClientsManager - Message from client 1005 is valid
19:21:13.545 [nioEventLoopGroup-13-8] DEBUG bftsmart.clientsmanagement.ClientsManager - Message from client 1001 is valid
19:21:13.545 [nioEventLoopGroup-11-4] DEBUG bftsmart.clientsmanagement.ClientsManager - Message from client 1003 is valid
19:21:13.544 [nioEventLoopGroup-15-2] DEBUG bftsmart.tom.core.TOMLayer - Received TOMMessage from client 1001 with sequence number 0 for session -1672319045
19:21:13.546 [nioEventLoopGroup-11-6] DEBUG bftsmart.clientsmanagement.ClientsManager - Message from client 1007 is valid
19:21:13.544 [nioEventLoopGroup-17-6] DEBUG bftsmart.clientsmanagement.ClientsManager - Creating new client data, client id=1004
19:21:13.546 [nioEventLoopGroup-16-7] DEBUG bftsmart.clientsmanagement.ClientsManager - Message from client 1004 is valid
19:21:13.544 [nioEventLoopGroup-14-2] DEBUG bftsmart.communication.client.netty.NettyTOMMessageDecoder - Decoded reply from 1004 with sequence number 0
19:21:13.546 [nioEventLoopGroup-17-7] DEBUG bftsmart.clientsmanagement.ClientsManager - Creating new client data, client id=1002
19:21:13.546 [nioEventLoopGroup-14-2] DEBUG bftsmart.tom.core.TOMLayer - Received TOMMessage from client 1004 with sequence number 0 for session -2024429936
19:21:13.546 [nioEventLoopGroup-14-2] DEBUG bftsmart.clientsmanagement.ClientsManager - Creating new client data, client id=1004
19:21:13.544 [nioEventLoopGroup-14-4] DEBUG bftsmart.communication.client.netty.NettyTOMMessageDecoder - Active clients: 7
19:21:13.546 [nioEventLoopGroup-17-5] DEBUG bftsmart.clientsmanagement.ClientsManager - Creating new client data, client id=1007
19:21:13.544 [nioEventLoopGroup-15-7] DEBUG bftsmart.clientsmanagement.ClientsManager - Message from client 1004 is valid
19:21:13.546 [nioEventLoopGroup-14-4] DEBUG bftsmart.communication.client.netty.NettyTOMMessageDecoder - Decoded reply from 1005 with sequence number 0
19:21:13.546 [nioEventLoopGroup-17-6] DEBUG bftsmart.clientsmanagement.ClientsManager - Message from client 1004 is valid
19:21:13.546 [nioEventLoopGroup-14-7] DEBUG bftsmart.communication.client.netty.NettyTOMMessageDecoder - Active clients: 8
19:21:13.544 [nioEventLoopGroup-15-4] DEBUG bftsmart.clientsmanagement.ClientsManager - Creating new client data, client id=1003
19:21:13.546 [nioEventLoopGroup-14-4] DEBUG bftsmart.tom.core.TOMLayer - Received TOMMessage from client 1005 with sequence number 0 for session -182751477
19:21:13.546 [nioEventLoopGroup-10-2] DEBUG bftsmart.clientsmanagement.ClientsManager - Creating new client data, client id=1002
19:21:13.544 [nioEventLoopGroup-17-4] DEBUG bftsmart.clientsmanagement.ClientsManager - Message from client 1003 is valid
19:21:13.546 [nioEventLoopGroup-17-7] DEBUG bftsmart.clientsmanagement.ClientsManager - Message from client 1002 is valid
19:21:13.546 [nioEventLoopGroup-10-4] DEBUG bftsmart.clientsmanagement.ClientsManager - Creating new client data, client id=1006
19:21:13.546 [nioEventLoopGroup-14-2] DEBUG bftsmart.clientsmanagement.ClientsManager - Message from client 1004 is valid
19:21:13.545 [nioEventLoopGroup-12-6] DEBUG bftsmart.clientsmanagement.ClientsManager - Creating new client data, client id=1007
19:21:13.546 [nioEventLoopGroup-17-5] DEBUG bftsmart.clientsmanagement.ClientsManager - Message from client 1007 is valid
19:21:13.546 [nioEventLoopGroup-10-2] DEBUG bftsmart.clientsmanagement.ClientsManager - Message from client 1002 is valid
19:21:13.545 [nioEventLoopGroup-16-6] DEBUG bftsmart.clientsmanagement.ClientsManager - Creating new client data, client id=1001
19:21:13.546 [nioEventLoopGroup-15-4] DEBUG bftsmart.clientsmanagement.ClientsManager - Message from client 1003 is valid
19:21:13.546 [nioEventLoopGroup-14-4] DEBUG bftsmart.clientsmanagement.ClientsManager - Creating new client data, client id=1005
19:21:13.545 [nioEventLoopGroup-13-1] DEBUG bftsmart.clientsmanagement.ClientsManager - Creating new client data, client id=1006
19:21:13.546 [nioEventLoopGroup-10-4] DEBUG bftsmart.clientsmanagement.ClientsManager - Message from client 1006 is valid
19:21:13.546 [nioEventLoopGroup-16-1] DEBUG bftsmart.clientsmanagement.ClientsManager - Creating new client data, client id=1006
19:21:13.546 [nioEventLoopGroup-11-5] DEBUG bftsmart.clientsmanagement.ClientsManager - Message from client 1001 is valid
19:21:13.546 [nioEventLoopGroup-17-1] DEBUG bftsmart.clientsmanagement.ClientsManager - Creating new client data, client id=1001
19:21:13.546 [TOM Layer] DEBUG bftsmart.tom.core.TOMLayer - Got enough requests
19:21:13.546 [nioEventLoopGroup-14-7] DEBUG bftsmart.communication.client.netty.NettyTOMMessageDecoder - Decoded reply from 1001 with sequence number 0
19:21:13.546 [nioEventLoopGroup-16-6] DEBUG bftsmart.clientsmanagement.ClientsManager - Message from client 1001 is valid
19:21:13.546 [TOM Layer] DEBUG bftsmart.tom.core.TOMLayer - There are requests to be ordered. I will propose.
19:21:13.546 [nioEventLoopGroup-12-6] DEBUG bftsmart.clientsmanagement.ClientsManager - Message from client 1007 is valid
19:21:13.546 [TOM Layer] DEBUG bftsmart.tom.core.TOMLayer - Modifying inExec from -1 to 0
19:21:13.546 [nioEventLoopGroup-16-3] DEBUG bftsmart.clientsmanagement.ClientsManager - Creating new client data, client id=1002
19:21:13.547 [nioEventLoopGroup-14-7] DEBUG bftsmart.tom.core.TOMLayer - Received TOMMessage from client 1001 with sequence number 0 for session -1672319045
19:21:13.546 [nioEventLoopGroup-13-1] DEBUG bftsmart.clientsmanagement.ClientsManager - Message from client 1006 is valid
19:21:13.547 [nioEventLoopGroup-16-5] DEBUG bftsmart.clientsmanagement.ClientsManager - Creating new client data, client id=1000
19:21:13.547 [nioEventLoopGroup-17-1] DEBUG bftsmart.clientsmanagement.ClientsManager - Message from client 1001 is valid
19:21:13.546 [nioEventLoopGroup-16-1] DEBUG bftsmart.clientsmanagement.ClientsManager - Message from client 1006 is valid
19:21:13.547 [nioEventLoopGroup-15-2] DEBUG bftsmart.clientsmanagement.ClientsManager - Creating new client data, client id=1001
19:21:13.547 [nioEventLoopGroup-16-3] DEBUG bftsmart.clientsmanagement.ClientsManager - Message from client 1002 is valid
19:21:13.547 [nioEventLoopGroup-12-2] DEBUG bftsmart.clientsmanagement.ClientsManager - Creating new client data, client id=1000
19:21:13.547 [nioEventLoopGroup-13-7] DEBUG bftsmart.clientsmanagement.ClientsManager - Creating new client data, client id=1007
19:21:13.547 [nioEventLoopGroup-12-7] DEBUG bftsmart.clientsmanagement.ClientsManager - Creating new client data, client id=1003
19:21:13.547 [nioEventLoopGroup-13-2] DEBUG bftsmart.clientsmanagement.ClientsManager - Creating new client data, client id=1000
19:21:13.547 [nioEventLoopGroup-12-4] DEBUG bftsmart.clientsmanagement.ClientsManager - Creating new client data, client id=1002
19:21:13.547 [nioEventLoopGroup-15-2] DEBUG bftsmart.clientsmanagement.ClientsManager - Message from client 1001 is valid
19:21:13.547 [nioEventLoopGroup-12-7] DEBUG bftsmart.clientsmanagement.ClientsManager - Message from client 1003 is valid
19:21:13.547 [nioEventLoopGroup-12-1] DEBUG bftsmart.clientsmanagement.ClientsManager - Creating new client data, client id=1005
19:21:13.546 [nioEventLoopGroup-14-4] DEBUG bftsmart.clientsmanagement.ClientsManager - Message from client 1005 is valid
19:21:13.547 [nioEventLoopGroup-13-7] DEBUG bftsmart.clientsmanagement.ClientsManager - Message from client 1007 is valid
19:21:13.547 [nioEventLoopGroup-13-2] DEBUG bftsmart.clientsmanagement.ClientsManager - Message from client 1000 is valid
19:21:13.547 [nioEventLoopGroup-12-2] DEBUG bftsmart.clientsmanagement.ClientsManager - Message from client 1000 is valid
19:21:13.548 [TOM Layer] DEBUG bftsmart.clientsmanagement.ClientsManager - Number of active clients: 8
19:21:13.548 [TOM Layer] DEBUG bftsmart.clientsmanagement.ClientsManager - Fetching requests with internal index 0
19:21:13.548 [TOM Layer] DEBUG bftsmart.clientsmanagement.ClientsManager - Number of pending requests for client 1000: 1.
19:21:13.548 [TOM Layer] DEBUG bftsmart.clientsmanagement.ClientsManager - Selected request with sequence number 0 from client 1000
19:21:13.548 [TOM Layer] DEBUG bftsmart.clientsmanagement.ClientsManager - Number of pending requests for client 1001: 1.
19:21:13.548 [TOM Layer] DEBUG bftsmart.clientsmanagement.ClientsManager - Selected request with sequence number 0 from client 1001
19:21:13.548 [TOM Layer] DEBUG bftsmart.clientsmanagement.ClientsManager - Number of pending requests for client 1002: 1.
19:21:13.548 [TOM Layer] DEBUG bftsmart.clientsmanagement.ClientsManager - Selected request with sequence number 0 from client 1002
19:21:13.548 [TOM Layer] DEBUG bftsmart.clientsmanagement.ClientsManager - Number of pending requests for client 1003: 1.
19:21:13.548 [TOM Layer] DEBUG bftsmart.clientsmanagement.ClientsManager - Selected request with sequence number 0 from client 1003
19:21:13.549 [TOM Layer] DEBUG bftsmart.clientsmanagement.ClientsManager - Number of pending requests for client 1004: 1.
19:21:13.549 [TOM Layer] DEBUG bftsmart.clientsmanagement.ClientsManager - Selected request with sequence number 0 from client 1004
19:21:13.549 [TOM Layer] DEBUG bftsmart.clientsmanagement.ClientsManager - Number of pending requests for client 1005: 1.
19:21:13.549 [TOM Layer] DEBUG bftsmart.clientsmanagement.ClientsManager - Selected request with sequence number 0 from client 1005
19:21:13.549 [TOM Layer] DEBUG bftsmart.clientsmanagement.ClientsManager - Number of pending requests for client 1006: 1.
19:21:13.549 [TOM Layer] DEBUG bftsmart.clientsmanagement.ClientsManager - Selected request with sequence number 0 from client 1006
19:21:13.549 [TOM Layer] DEBUG bftsmart.clientsmanagement.ClientsManager - Number of pending requests for client 1007: 1.
19:21:13.549 [TOM Layer] DEBUG bftsmart.clientsmanagement.ClientsManager - Selected request with sequence number 0 from client 1007
19:21:13.549 [nioEventLoopGroup-14-7] DEBUG bftsmart.clientsmanagement.ClientsManager - Creating new client data, client id=1001
19:21:13.547 [nioEventLoopGroup-16-5] DEBUG bftsmart.clientsmanagement.ClientsManager - Message from client 1000 is valid
19:21:13.548 [nioEventLoopGroup-12-4] DEBUG bftsmart.clientsmanagement.ClientsManager - Message from client 1002 is valid
19:21:13.549 [nioEventLoopGroup-14-7] DEBUG bftsmart.clientsmanagement.ClientsManager - Message from client 1001 is valid
19:21:13.549 [nioEventLoopGroup-16-4] DEBUG bftsmart.clientsmanagement.ClientsManager - Creating new client data, client id=1003
19:21:13.549 [TOM Layer] DEBUG bftsmart.tom.core.TOMLayer - Number of pending requets to propose in consensus 0: 8
19:21:13.549 [nioEventLoopGroup-12-1] DEBUG bftsmart.clientsmanagement.ClientsManager - Message from client 1005 is valid
19:21:13.549 [nioEventLoopGroup-16-4] DEBUG bftsmart.clientsmanagement.ClientsManager - Message from client 1003 is valid
19:21:13.549 [TOM Layer] DEBUG bftsmart.tom.core.TOMLayer - Creating a PROPOSE with 8 msgs
19:21:13.549 [TOM Layer] DEBUG bftsmart.tom.util.BatchBuilder - Adding request from client 1000 with sequence number 0 for session -1143677792 to PROPOSE
19:21:13.549 [TOM Layer] DEBUG bftsmart.tom.util.BatchBuilder - Adding request from client 1001 with sequence number 0 for session -1672319045 to PROPOSE
19:21:13.549 [TOM Layer] DEBUG bftsmart.tom.util.BatchBuilder - Adding request from client 1002 with sequence number 0 for session -991227902 to PROPOSE
19:21:13.549 [TOM Layer] DEBUG bftsmart.tom.util.BatchBuilder - Adding request from client 1003 with sequence number 0 for session -1171250860 to PROPOSE
19:21:13.549 [TOM Layer] DEBUG bftsmart.tom.util.BatchBuilder - Adding request from client 1004 with sequence number 0 for session -2024429936 to PROPOSE
19:21:13.549 [TOM Layer] DEBUG bftsmart.tom.util.BatchBuilder - Adding request from client 1005 with sequence number 0 for session -182751477 to PROPOSE
19:21:13.549 [TOM Layer] DEBUG bftsmart.tom.util.BatchBuilder - Adding request from client 1006 with sequence number 0 for session -625207274 to PROPOSE
19:21:13.549 [TOM Layer] DEBUG bftsmart.tom.util.BatchBuilder - Adding request from client 1007 with sequence number 0 for session 299746230 to PROPOSE
19:21:13.550 [TOM Layer] INFO bftsmart.communication.ServerCommunicationSystem - === ServerCommunicationSystem.send() ===
19:21:13.550 [TOM Layer] INFO bftsmart.communication.ServerCommunicationSystem -     Message type: ConsensusMessage
19:21:13.550 [TOM Layer] INFO bftsmart.communication.ServerCommunicationSystem -     Is TOMMessage: false
19:21:13.550 [TOM Layer] INFO bftsmart.communication.ServerCommunicationSystem -     Targets: [0, 1, 2, 3, 4, 5, 6, 7]
19:21:13.550 [TOM Layer] INFO bftsmart.communication.ServerCommunicationSystem -     -> Routing to SERVER connection (SystemMessage)
19:21:13.550 [TOM Layer] DEBUG bftsmart.communication.ServerCommunicationSystem - --> sending message from: [0, 1, 2, 3, 4, 5, 6, 7] -> {}0
=== [V2V Layer 0] SEND called ===
    Targets: [0, 1, 2, 3, 4, 5, 6, 7]
    Message type: ConsensusMessage
    Sender: 0
    -> Self-delivery to replica 0
=== [V2V Layer 0] DELIVER to BFT-SMaRt ===
    Message type: ConsensusMessage
    From replica: 0
    InQueue size before: 0
    InQueue size after: 1
=== [V2V Layer 0] DELIVER successful ===
    -> Sending to replica 1 via V2V
    [Reliability 0] sendReliable() called
        Target: 1
19:21:13.550 [Server Comm. System] INFO bftsmart.communication.ServerCommunicationSystem - === ServerCommunicationSystem RECEIVED message ===
        Message type: ConsensusMessage
19:21:13.550 [Server Comm. System] INFO bftsmart.communication.ServerCommunicationSystem -     Message type: ConsensusMessage
19:21:13.550 [Server Comm. System] INFO bftsmart.communication.ServerCommunicationSystem -     From: 0
19:21:13.550 [Server Comm. System] INFO bftsmart.communication.ServerCommunicationSystem -     Message count: 0
19:21:13.550 [Server Comm. System] DEBUG bftsmart.communication.ServerCommunicationSystem - <-- receiving, msg:type=PROPOSE, number=0, epoch=0, from=0
19:21:13.550 [Server Comm. System] DEBUG bftsmart.tom.core.ExecutionManager - Received message  type=PROPOSE, number=0, epoch=0, from=0
19:21:13.550 [Server Comm. System] DEBUG bftsmart.tom.core.ExecutionManager - I'm at consensus 0 and my last consensus is -1
        Sequence number: 0
19:21:13.551 [Server Comm. System] DEBUG bftsmart.tom.core.ExecutionManager - Message for consensus 0 can be processed
19:21:13.551 [Server Comm. System] DEBUG bftsmart.consensus.roles.Acceptor - Processing paxos msg with id 0
19:21:13.551 [Server Comm. System] DEBUG bftsmart.consensus.roles.Acceptor - PROPOSE received from:0, for consensus cId:0, I am:0
19:21:13.551 [Server Comm. System] DEBUG bftsmart.consensus.roles.Acceptor - Executing propose for cId:0, Epoch Timestamp:0
19:21:13.551 [Server Comm. System] DEBUG bftsmart.tom.core.TOMLayer - Modifying inExec from 0 to 0
19:21:13.551 [Server Comm. System] DEBUG bftsmart.tom.core.TOMLayer - Checking proposed value
        Payload size: 515 bytes
V2VNativeBridge0: Sending message to -1 with length 1028
[JNI] nativeSendMessage: 0 -> -1
[JNI] Sending 1028 bytes (0->-1)
[DEBUG V2VProxy 0] Queue has space - adding message
[JNI] Message queued successfully
19:21:13.556 [Server Comm. System] DEBUG bftsmart.tom.core.TOMLayer - Successfully deserialized batch
        [Reliability 0] Sent seq=0 to replica 1
    -> Sending to replica 2 via V2V
    [Reliability 0] sendReliable() called
        Target: 2
        Message type: ConsensusMessage
19:21:13.556 [Server Comm. System] DEBUG bftsmart.consensus.roles.Acceptor - Sending WRITE for 0
        Sequence number: 0
        Payload size: 515 bytes
19:21:13.556 [Server Comm. System] DEBUG bftsmart.consensus.roles.Acceptor - Sending WRITE for cId:0, I am:0
V2VNativeBridge0: Sending message to -1 with length 1028
[JNI] nativeSendMessage: 0 -> -1
[JNI] Sending 1028 bytes (0->-1)
[DEBUG V2VProxy 0] Queue has space - adding message
[JNI] Message queued successfully
[MessageFactory] Creating WRITE message: from=0, id=0, epoch=0
        [Reliability 0] Sent seq=0 to replica 2
    -> Sending to replica 3 via V2V
    [Reliability 0] sendReliable() called
        Target: 3
        Message type: ConsensusMessage
19:21:13.556 [Server Comm. System] INFO bftsmart.communication.ServerCommunicationSystem - === ServerCommunicationSystem.send() ===
        Sequence number: 0
19:21:13.556 [Server Comm. System] INFO bftsmart.communication.ServerCommunicationSystem -     Message type: ConsensusMessage
        Payload size: 515 bytes
19:21:13.556 [Server Comm. System] INFO bftsmart.communication.ServerCommunicationSystem -     Is TOMMessage: false
19:21:13.556 [Server Comm. System] INFO bftsmart.communication.ServerCommunicationSystem -     Targets: [1, 2, 3, 4, 5, 6, 7]
19:21:13.556 [Server Comm. System] INFO bftsmart.communication.ServerCommunicationSystem -     -> Routing to SERVER connection (SystemMessage)
19:21:13.556 [Server Comm. System] DEBUG bftsmart.communication.ServerCommunicationSystem - --> sending message from: [1, 2, 3, 4, 5, 6, 7] -> {}0
=== [V2V Layer 0] SEND called ===
    Targets: [1, 2, 3, 4, 5, 6, 7]
    Message type: ConsensusMessage
    Sender: 0
    -> Sending to replica 1 via V2V
    [Reliability 0] sendReliable() called
        Target: 1
        Message type: ConsensusMessage
        Sequence number: 1
V2VNativeBridge0: Sending message to -1 with length 1028
[JNI] nativeSendMessage: 0 -> -1
[JNI] Sending 1028 bytes (0->-1)
[DEBUG V2VProxy 0] Queue has space - adding message
[JNI] Message queued successfully
        [Reliability 0] Sent seq=0 to replica 3
    -> Sending to replica 4 via V2V
    [Reliability 0] sendReliable() called
        Target: 4
        Message type: ConsensusMessage
        Payload size: 172 bytes
        Sequence number: 0
        Payload size: 515 bytes
V2VNativeBridge0: Sending message to -1 with length 1028
[JNI] nativeSendMessage: 0 -> -1
[JNI] Sending 1028 bytes (0->-1)
[DEBUG V2VProxy 0] Queue has space - adding message
[JNI] Message queued successfully
        [Reliability 0] Sent seq=0 to replica 4
    -> Sending to replica 5 via V2V
V2VNativeBridge0: Sending message to -1 with length 685
[JNI] nativeSendMessage: 0 -> -1
[JNI] Sending 685 bytes (0->-1)
[DEBUG V2VProxy 0] Queue has space - adding message
[JNI] Message queued successfully
    [Reliability 0] sendReliable() called
        Target: 5
        Message type: ConsensusMessage
        [Reliability 0] Sent seq=1 to replica 1
        Sequence number: 0
    -> Sending to replica 2 via V2V
    [Reliability 0] sendReliable() called
        Target: 2
        Message type: ConsensusMessage
        Sequence number: 1
        Payload size: 515 bytes
        Payload size: 172 bytes
V2VNativeBridge0: Sending message to -1 with length 685
[JNI] nativeSendMessage: 0 -> -1
[JNI] Sending 685 bytes (0->-1)
[DEBUG V2VProxy 0] Queue has space - adding message
V2VNativeBridge0: Sending message to -1 with length 1028[JNI] Message queued successfully

[JNI] nativeSendMessage: 0 -> -1
[JNI] Sending 1028 bytes (0->-1)
[DEBUG V2VProxy 0] Queue has space - adding message
        [Reliability 0] Sent seq=1 to replica 2[JNI] Message queued successfully

    -> Sending to replica 3 via V2V
    [Reliability 0] sendReliable() called
        Target: 3
        [Reliability 0] Sent seq=0 to replica 5
    -> Sending to replica 6 via V2V
    [Reliability 0] sendReliable() called
        Target: 6
        Message type: ConsensusMessage
        Sequence number: 0
        Message type: ConsensusMessage
        Sequence number: 1
        Payload size: 515 bytes
        Payload size: 172 bytes
V2VNativeBridge0: Sending message to -1 with length 685
[JNI] nativeSendMessage: 0 -> -1
[JNI] Sending 685 bytes (0->-1)
[DEBUG V2VProxy 0] Queue has space - adding message
[JNI] Message queued successfully
V2VNativeBridge0: Sending message to -1 with length 1028
[JNI] nativeSendMessage: 0 -> -1
[JNI] Sending 1028 bytes (0->-1)
[DEBUG V2VProxy 0] Queue has space - adding message
[JNI] Message queued successfully
        [Reliability 0] Sent seq=1 to replica 3
        [Reliability 0] Sent seq=0 to replica 6
    -> Sending to replica 7 via V2V
    -> Sending to replica 4 via V2V
    [Reliability 0] sendReliable() called
        Target: 4
    [Reliability 0] sendReliable() called
        Target: 7
        Message type: ConsensusMessage
        Message type: ConsensusMessage
        Sequence number: 1
        Sequence number: 0
        Payload size: 515 bytes
        Payload size: 172 bytes
V2VNativeBridge0: Sending message to -1 with length 1028
[JNI] nativeSendMessage: 0 -> -1
[JNI] Sending 1028 bytes (0->-1)
[DEBUG V2VProxy 0] Queue has space - adding message
V2VNativeBridge0: Sending message to -1 with length 685
[JNI] nativeSendMessage: 0 -> -1
[JNI] Message queued successfully
[JNI] Sending 685 bytes (0->-1)
[DEBUG V2VProxy 0] Queue has space - adding message
[JNI] Message queued successfully
        [Reliability 0] Sent seq=0 to replica 7
        [Reliability 0] Sent seq=1 to replica 4
    -> Sending to replica 5 via V2V
=== [V2V Layer 0] SEND complete ===
    [Reliability 0] sendReliable() called
        Target: 5
        Message type: ConsensusMessage
        Sequence number: 1
19:21:13.560 [TOM Layer] INFO bftsmart.communication.ServerCommunicationSystem - === ServerCommunicationSystem.send() complete ===
        Payload size: 172 bytes
19:21:13.561 [TOM Layer] DEBUG bftsmart.tom.core.TOMLayer - Next leader for CID=0: 0
V2VNativeBridge0: Sending message to -1 with length 685
[JNI] nativeSendMessage: 0 -> -1
[JNI] Sending 685 bytes (0->-1)
[DEBUG V2VProxy 0] Queue has space - adding message
[JNI] Message queued successfully
19:21:13.562 [TOM Layer] DEBUG bftsmart.tom.core.TOMLayer - Waiting for consensus 0 termination.
        [Reliability 0] Sent seq=1 to replica 5
    -> Sending to replica 6 via V2V
    [Reliability 0] sendReliable() called
        Target: 6
        Message type: ConsensusMessage
        Sequence number: 1
        Payload size: 172 bytes
V2VNativeBridge0: Sending message to -1 with length 685
[JNI] nativeSendMessage: 0 -> -1
[JNI] Sending 685 bytes (0->-1)
[DEBUG V2VProxy 0] Queue has space - adding message
[JNI] Message queued successfully
        [Reliability 0] Sent seq=1 to replica 6
    -> Sending to replica 7 via V2V
    [Reliability 0] sendReliable() called
        Target: 7
        Message type: ConsensusMessage
        Sequence number: 1
        Payload size: 172 bytes
V2VNativeBridge0: Sending message to -1 with length 685
[JNI] nativeSendMessage: 0 -> -1
[JNI] Sending 685 bytes (0->-1)
[DEBUG V2VProxy 0] Queue has space - adding message
[JNI] Message queued successfully
        [Reliability 0] Sent seq=1 to replica 7
=== [V2V Layer 0] SEND complete ===
19:21:13.563 [Server Comm. System] INFO bftsmart.communication.ServerCommunicationSystem - === ServerCommunicationSystem.send() complete ===
19:21:13.563 [Server Comm. System] DEBUG bftsmart.consensus.roles.Acceptor - I have 1, WRITE's for cId:0, Epoch timestamp:0,
[Acceptor 0] computeWrite: cId=0, writeAccepted=1, quorum=5
[MessageFactory] Creating ACCEPT message: from=0, id=0, epoch=0
19:21:13.564 [Server Comm. System] DEBUG bftsmart.consensus.roles.Acceptor - WRITE computed for cId:0, I am:0
19:21:13.565 [Server Comm. System] INFO bftsmart.communication.ServerCommunicationSystem - === Message processed ===
19:21:13.565 [pool-10-thread-1] DEBUG bftsmart.consensus.roles.Acceptor - Creating cryptographic proof for speculative ACCEPT message from consensus 0
[V2VProxy 0] Timer #1 at t=3.3, sending 7 messages
[V2VProxy 0] *** SENDING V2V message #1 from=0 to=-1 size=1028 bytes at t=3.3
[V2VProxy 0] *** SENDING V2V message #2 from=0 to=-1 size=1028 bytes at t=3.3
[V2VProxy 0] *** SENDING V2V message #3 from=0 to=-1 size=1028 bytes at t=3.3
[V2VProxy 0] *** SENDING V2V message #4 from=0 to=-1 size=1028 bytes at t=3.3
[V2VProxy 0] *** SENDING V2V message #5 from=0 to=-1 size=685 bytes at t=3.3
[V2VProxy 0] *** SENDING V2V message #6 from=0 to=-1 size=685 bytes at t=3.3
[V2VProxy 0] *** SENDING V2V message #7 from=0 to=-1 size=1028 bytes at t=3.3
[V2VProxy 6] *** RECEIVED V2V message #1 from=0 to=-1 (broadcast=YES) at t=3.303964017602
[V2VProxy 6] Delivering message #1 from replica 0 to Java (1028 bytes)
V2VNativeBridge6: Received message from 0 with length 1028
[V2V Layer 6] Received message from replica 0 via JNI
    [Reliability 6] handleIncomingMessage() called
        Type: DATA
        From: 0
        SeqNum: 0
        Expected seq: 0
        -> IN ORDER, delivering immediately
    [Reliability 6] deliverMessage() - deserializing payload
        Deserialized: ConsensusMessage
        DEBUG: envelope.fromReplicaId=0, message.getSender()=0
=== [V2V Layer 6] DELIVER to BFT-SMaRt ===
    Message type: ConsensusMessage
    From replica: 0
    InQueue size before: 0
    InQueue size after: 1
=== [V2V Layer 6] DELIVER successful ===
[V2VProxy 3] *** RECEIVED V2V message #1 from=0 to=-1 (broadcast=YES) at t=3.303964025631
19:21:13.646 [Server Comm. System] INFO bftsmart.communication.ServerCommunicationSystem - === ServerCommunicationSystem RECEIVED message ===
[V2VProxy 3] Delivering message #2 from replica 0 to Java (1028 bytes)
V2VNativeBridge3: Received message from 0 with length 1028
[V2V Layer 3] Received message from replica 0 via JNI
19:21:13.646 [Server Comm. System] INFO bftsmart.communication.ServerCommunicationSystem -     Message type: ConsensusMessage
19:21:13.646 [Server Comm. System] INFO bftsmart.communication.ServerCommunicationSystem -     From: 0
19:21:13.646 [Server Comm. System] INFO bftsmart.communication.ServerCommunicationSystem -     Message count: 0
19:21:13.646 [Server Comm. System] DEBUG bftsmart.communication.ServerCommunicationSystem - <-- receiving, msg:type=PROPOSE, number=0, epoch=0, from=0
19:21:13.646 [Server Comm. System] DEBUG bftsmart.tom.core.ExecutionManager - Received message  type=PROPOSE, number=0, epoch=0, from=0
19:21:13.646 [Server Comm. System] DEBUG bftsmart.tom.core.ExecutionManager - I'm at consensus -1 and my last consensus is -1
19:21:13.646 [Server Comm. System] DEBUG bftsmart.tom.core.ExecutionManager - Message for consensus 0 can be processed
19:21:13.646 [Server Comm. System] DEBUG bftsmart.consensus.roles.Acceptor - Processing paxos msg with id 0
19:21:13.646 [Server Comm. System] DEBUG bftsmart.consensus.roles.Acceptor - PROPOSE received from:0, for consensus cId:0, I am:6
19:21:13.646 [Server Comm. System] DEBUG bftsmart.consensus.roles.Acceptor - Executing propose for cId:0, Epoch Timestamp:0
19:21:13.646 [Server Comm. System] DEBUG bftsmart.tom.core.TOMLayer - Modifying inExec from -1 to 0
19:21:13.646 [Server Comm. System] DEBUG bftsmart.tom.core.TOMLayer - Checking proposed value
    [Reliability 3] handleIncomingMessage() called
        Type: DATA
        From: 0
        SeqNum: 0
        Expected seq: 0
        -> IN ORDER, delivering immediately
    [Reliability 3] deliverMessage() - deserializing payload
        Deserialized: ConsensusMessage
        DEBUG: envelope.fromReplicaId=0, message.getSender()=0
=== [V2V Layer 3] DELIVER to BFT-SMaRt ===
    Message type: ConsensusMessage
    From replica: 0
    InQueue size before: 0
    InQueue size after: 1
=== [V2V Layer 3] DELIVER successful ===
19:21:13.646 [Server Comm. System] INFO bftsmart.communication.ServerCommunicationSystem - === ServerCommunicationSystem RECEIVED message ===
[V2VProxy 2] *** RECEIVED V2V message #1 from=0 to=-1 (broadcast=YES) at t=3.303964042984
[V2VProxy 2] Delivering message #3 from replica 0 to Java (1028 bytes)
V2VNativeBridge2: Received message from 0 with length 1028
[V2V Layer 2] Received message from replica 0 via JNI
19:21:13.646 [Server Comm. System] INFO bftsmart.communication.ServerCommunicationSystem -     Message type: ConsensusMessage
19:21:13.646 [Server Comm. System] INFO bftsmart.communication.ServerCommunicationSystem -     From: 0
19:21:13.646 [Server Comm. System] INFO bftsmart.communication.ServerCommunicationSystem -     Message count: 0
19:21:13.646 [Server Comm. System] DEBUG bftsmart.communication.ServerCommunicationSystem - <-- receiving, msg:type=PROPOSE, number=0, epoch=0, from=0
19:21:13.646 [Server Comm. System] DEBUG bftsmart.tom.core.ExecutionManager - Received message  type=PROPOSE, number=0, epoch=0, from=0
19:21:13.646 [Server Comm. System] DEBUG bftsmart.tom.core.ExecutionManager - I'm at consensus -1 and my last consensus is -1
19:21:13.646 [Server Comm. System] DEBUG bftsmart.tom.core.ExecutionManager - Message for consensus 0 can be processed
19:21:13.646 [Server Comm. System] DEBUG bftsmart.consensus.roles.Acceptor - Processing paxos msg with id 0
19:21:13.646 [Server Comm. System] DEBUG bftsmart.consensus.roles.Acceptor - PROPOSE received from:0, for consensus cId:0, I am:3
19:21:13.646 [Server Comm. System] DEBUG bftsmart.consensus.roles.Acceptor - Executing propose for cId:0, Epoch Timestamp:0
19:21:13.646 [Server Comm. System] DEBUG bftsmart.tom.core.TOMLayer - Modifying inExec from -1 to 0
19:21:13.646 [Server Comm. System] DEBUG bftsmart.tom.core.TOMLayer - Checking proposed value
    [Reliability 2] handleIncomingMessage() called
        Type: DATA
        From: 0
        SeqNum: 0
        Expected seq: 0
        -> IN ORDER, delivering immediately
    [Reliability 2] deliverMessage() - deserializing payload
        Deserialized: ConsensusMessage
        DEBUG: envelope.fromReplicaId=0, message.getSender()=0
=== [V2V Layer 2] DELIVER to BFT-SMaRt ===
    Message type: ConsensusMessage
    From replica: 0
    InQueue size before: 0
    InQueue size after: 1
=== [V2V Layer 2] DELIVER successful ===
19:21:13.649 [Server Comm. System] INFO bftsmart.communication.ServerCommunicationSystem - === ServerCommunicationSystem RECEIVED message ===
19:21:13.649 [Server Comm. System] INFO bftsmart.communication.ServerCommunicationSystem -     Message type: ConsensusMessage
19:21:13.649 [Server Comm. System] INFO bftsmart.communication.ServerCommunicationSystem -     From: 0
19:21:13.649 [Server Comm. System] INFO bftsmart.communication.ServerCommunicationSystem -     Message count: 0
19:21:13.649 [Server Comm. System] DEBUG bftsmart.communication.ServerCommunicationSystem - <-- receiving, msg:type=PROPOSE, number=0, epoch=0, from=0
19:21:13.649 [Server Comm. System] DEBUG bftsmart.tom.core.ExecutionManager - Received message  type=PROPOSE, number=0, epoch=0, from=0
19:21:13.649 [Server Comm. System] DEBUG bftsmart.tom.core.ExecutionManager - I'm at consensus -1 and my last consensus is -1
19:21:13.649 [Server Comm. System] DEBUG bftsmart.tom.core.ExecutionManager - Message for consensus 0 can be processed
[V2VProxy 4] *** RECEIVED V2V message #1 from=0 to=-1 (broadcast=YES) at t=3.303964049804
19:21:13.649 [Server Comm. System] DEBUG bftsmart.consensus.roles.Acceptor - Processing paxos msg with id 0
[V2VProxy 4] Delivering message #4 from replica 0 to Java (1028 bytes)
V2VNativeBridge4: Received message from 0 with length 1028
19:21:13.649 [Server Comm. System] DEBUG bftsmart.consensus.roles.Acceptor - PROPOSE received from:0, for consensus cId:0, I am:2
[V2V Layer 4] Received message from replica 0 via JNI
19:21:13.649 [Server Comm. System] DEBUG bftsmart.consensus.roles.Acceptor - Executing propose for cId:0, Epoch Timestamp:0
19:21:13.649 [Server Comm. System] DEBUG bftsmart.tom.core.TOMLayer - Modifying inExec from -1 to 0
19:21:13.649 [Server Comm. System] DEBUG bftsmart.tom.core.TOMLayer - Checking proposed value
    [Reliability 4] handleIncomingMessage() called
        Type: DATA
        From: 0
        SeqNum: 0
        Expected seq: 0
        -> IN ORDER, delivering immediately
    [Reliability 4] deliverMessage() - deserializing payload
        Deserialized: ConsensusMessage
        DEBUG: envelope.fromReplicaId=0, message.getSender()=0
=== [V2V Layer 4] DELIVER to BFT-SMaRt ===
    Message type: ConsensusMessage
    From replica: 0
    InQueue size before: 0
    InQueue size after: 1
=== [V2V Layer 4] DELIVER successful ===
19:21:13.650 [Server Comm. System] INFO bftsmart.communication.ServerCommunicationSystem - === ServerCommunicationSystem RECEIVED message ===
[V2VProxy 7] *** RECEIVED V2V message #1 from=0 to=-1 (broadcast=YES) at t=3.303964061357
19:21:13.650 [Server Comm. System] INFO bftsmart.communication.ServerCommunicationSystem -     Message type: ConsensusMessage
[V2VProxy 7] Delivering message #5 from replica 0 to Java (1028 bytes)
19:21:13.650 [Server Comm. System] INFO bftsmart.communication.ServerCommunicationSystem -     From: 0
V2VNativeBridge7: Received message from 0 with length 1028
19:21:13.650 [Server Comm. System] INFO bftsmart.communication.ServerCommunicationSystem -     Message count: 0
[V2V Layer 7] Received message from replica 0 via JNI
19:21:13.650 [Server Comm. System] DEBUG bftsmart.communication.ServerCommunicationSystem - <-- receiving, msg:type=PROPOSE, number=0, epoch=0, from=0
19:21:13.650 [Server Comm. System] DEBUG bftsmart.tom.core.ExecutionManager - Received message  type=PROPOSE, number=0, epoch=0, from=0
19:21:13.650 [Server Comm. System] DEBUG bftsmart.tom.core.ExecutionManager - I'm at consensus -1 and my last consensus is -1
19:21:13.650 [Server Comm. System] DEBUG bftsmart.tom.core.ExecutionManager - Message for consensus 0 can be processed
19:21:13.650 [Server Comm. System] DEBUG bftsmart.consensus.roles.Acceptor - Processing paxos msg with id 0
19:21:13.650 [Server Comm. System] DEBUG bftsmart.consensus.roles.Acceptor - PROPOSE received from:0, for consensus cId:0, I am:4
19:21:13.650 [Server Comm. System] DEBUG bftsmart.consensus.roles.Acceptor - Executing propose for cId:0, Epoch Timestamp:0
19:21:13.650 [Server Comm. System] DEBUG bftsmart.tom.core.TOMLayer - Modifying inExec from -1 to 0
19:21:13.650 [Server Comm. System] DEBUG bftsmart.tom.core.TOMLayer - Checking proposed value
19:21:13.652 [Server Comm. System] DEBUG bftsmart.tom.core.TOMLayer - Successfully deserialized batch
19:21:13.652 [Server Comm. System] DEBUG bftsmart.consensus.roles.Acceptor - Sending WRITE for 0
19:21:13.652 [Server Comm. System] DEBUG bftsmart.consensus.roles.Acceptor - Sending WRITE for cId:0, I am:6
[MessageFactory] Creating WRITE message: from=6, id=0, epoch=0
19:21:13.652 [Server Comm. System] INFO bftsmart.communication.ServerCommunicationSystem - === ServerCommunicationSystem.send() ===
19:21:13.652 [Server Comm. System] INFO bftsmart.communication.ServerCommunicationSystem -     Message type: ConsensusMessage
19:21:13.652 [Server Comm. System] INFO bftsmart.communication.ServerCommunicationSystem -     Is TOMMessage: false
19:21:13.652 [Server Comm. System] INFO bftsmart.communication.ServerCommunicationSystem -     Targets: [0, 1, 2, 3, 4, 5, 7]
19:21:13.652 [Server Comm. System] INFO bftsmart.communication.ServerCommunicationSystem -     -> Routing to SERVER connection (SystemMessage)
19:21:13.652 [Server Comm. System] DEBUG bftsmart.communication.ServerCommunicationSystem - --> sending message from: [0, 1, 2, 3, 4, 5, 7] -> {}6
=== [V2V Layer 6] SEND called ===
    Targets: [0, 1, 2, 3, 4, 5, 7]
    Message type: ConsensusMessage
    Sender: 6
    -> Sending to replica 0 via V2V
    [Reliability 6] sendReliable() called
        Target: 0
        Message type: ConsensusMessage
        Sequence number: 0
        Payload size: 172 bytes
        [Reliability 6] Piggybacked 1 ACKs to replica 0
V2VNativeBridge6: Sending message to -1 with length 763
[JNI] nativeSendMessage: 6 -> -1
[JNI] Sending 763 bytes (6->-1)
[DEBUG V2VProxy 6] Queue has space - adding message
[JNI] Message queued successfully
        [Reliability 6] Sent seq=0 to replica 0
    -> Sending to replica 1 via V2V
    [Reliability 6] sendReliable() called
        Target: 1
        Message type: ConsensusMessage
        Sequence number: 0
        Payload size: 172 bytes
    [Reliability 7] handleIncomingMessage() called
        Type: DATA
        From: 0
        SeqNum: 0
        Expected seq: 0
        -> IN ORDER, delivering immediately
    [Reliability 7] deliverMessage() - deserializing payload
        Deserialized: ConsensusMessage
        DEBUG: envelope.fromReplicaId=0, message.getSender()=0
=== [V2V Layer 7] DELIVER to BFT-SMaRt ===
    Message type: ConsensusMessage
    From replica: 0
    InQueue size before: 0
V2VNativeBridge6: Sending message to -1 with length 685
    InQueue size after: 1
=== [V2V Layer 7] DELIVER successful ===
[JNI] nativeSendMessage: 6 -> -1
[JNI] Sending 685 bytes (6->-1)
[DEBUG V2VProxy 6] Queue has space - adding message
[JNI] Message queued successfully
        [Reliability 6] Sent seq=0 to replica 1
    -> Sending to replica 2 via V2V
19:21:13.655 [Server Comm. System] INFO bftsmart.communication.ServerCommunicationSystem - === ServerCommunicationSystem RECEIVED message ===
    [Reliability 6] sendReliable() called
        Target: 2
19:21:13.655 [Server Comm. System] INFO bftsmart.communication.ServerCommunicationSystem -     Message type: ConsensusMessage
        Message type: ConsensusMessage
19:21:13.655 [Server Comm. System] INFO bftsmart.communication.ServerCommunicationSystem -     From: 0
        Sequence number: 0
19:21:13.655 [Server Comm. System] INFO bftsmart.communication.ServerCommunicationSystem -     Message count: 0
[V2VProxy 1] *** RECEIVED V2V message #1 from=0 to=-1 (broadcast=YES) at t=3.303964063063
[V2VProxy 1] Delivering message #6 from replica 0 to Java (1028 bytes)
19:21:13.655 [Server Comm. System] DEBUG bftsmart.communication.ServerCommunicationSystem - <-- receiving, msg:type=PROPOSE, number=0, epoch=0, from=0
V2VNativeBridge1: Received message from 0 with length 1028
        Payload size: 172 bytes
[V2V Layer 1] Received message from replica 0 via JNI
19:21:13.655 [Server Comm. System] DEBUG bftsmart.tom.core.ExecutionManager - Received message  type=PROPOSE, number=0, epoch=0, from=0
19:21:13.656 [Server Comm. System] DEBUG bftsmart.tom.core.ExecutionManager - I'm at consensus -1 and my last consensus is -1
V2VNativeBridge6: Sending message to -1 with length 685
[JNI] nativeSendMessage: 6 -> -1
[JNI] Sending 685 bytes (6->-1)
[DEBUG V2VProxy 6] Queue has space - adding message
[JNI] Message queued successfully
        [Reliability 6] Sent seq=0 to replica 2
    -> Sending to replica 3 via V2V
    [Reliability 6] sendReliable() called
        Target: 3
        Message type: ConsensusMessage
19:21:13.656 [Server Comm. System] DEBUG bftsmart.tom.core.ExecutionManager - Message for consensus 0 can be processed
        Sequence number: 0
19:21:13.656 [Server Comm. System] DEBUG bftsmart.consensus.roles.Acceptor - Processing paxos msg with id 0
19:21:13.656 [Server Comm. System] DEBUG bftsmart.consensus.roles.Acceptor - PROPOSE received from:0, for consensus cId:0, I am:7
        Payload size: 172 bytes
19:21:13.656 [Server Comm. System] DEBUG bftsmart.consensus.roles.Acceptor - Executing propose for cId:0, Epoch Timestamp:0
19:21:13.656 [Server Comm. System] DEBUG bftsmart.tom.core.TOMLayer - Modifying inExec from -1 to 0
19:21:13.656 [Server Comm. System] DEBUG bftsmart.tom.core.TOMLayer - Checking proposed value
V2VNativeBridge6: Sending message to -1 with length 685
[JNI] nativeSendMessage: 6 -> -1
[JNI] Sending 685 bytes (6->-1)
[DEBUG V2VProxy 6] Queue has space - adding message
[JNI] Message queued successfully
        [Reliability 6] Sent seq=0 to replica 3
    -> Sending to replica 4 via V2V
    [Reliability 6] sendReliable() called
        Target: 4
        Message type: ConsensusMessage
        Sequence number: 0
        Payload size: 172 bytes
    [Reliability 1] handleIncomingMessage() called
        Type: DATA
        From: 0
        SeqNum: 0
        Expected seq: 0
        -> IN ORDER, delivering immediately
    [Reliability 1] deliverMessage() - deserializing payload
V2VNativeBridge6: Sending message to -1 with length 685
[JNI] nativeSendMessage: 6 -> -1
[JNI] Sending 685 bytes (6->-1)
19:21:13.656 [Server Comm. System] DEBUG bftsmart.tom.core.TOMLayer - Successfully deserialized batch
[DEBUG V2VProxy 6] Queue has space - adding message
[JNI] Message queued successfully
        [Reliability 6] Sent seq=0 to replica 4
    -> Sending to replica 5 via V2V
    [Reliability 6] sendReliable() called
        Target: 5
        Message type: ConsensusMessage
        Deserialized: ConsensusMessage
        DEBUG: envelope.fromReplicaId=0, message.getSender()=0
=== [V2V Layer 1] DELIVER to BFT-SMaRt ===
        Sequence number: 0
19:21:13.656 [Server Comm. System] DEBUG bftsmart.consensus.roles.Acceptor - Sending WRITE for 0
        Payload size: 172 bytes
    Message type: ConsensusMessage
19:21:13.656 [Server Comm. System] DEBUG bftsmart.consensus.roles.Acceptor - Sending WRITE for cId:0, I am:2
[MessageFactory] Creating WRITE message: from=2, id=0, epoch=0
19:21:13.656 [Server Comm. System] INFO bftsmart.communication.ServerCommunicationSystem - === ServerCommunicationSystem.send() ===
    From replica: 0
    InQueue size before: 0
19:21:13.656 [Server Comm. System] INFO bftsmart.communication.ServerCommunicationSystem -     Message type: ConsensusMessage
    InQueue size after: 1
=== [V2V Layer 1] DELIVER successful ===
V2VNativeBridge6: Sending message to -1 with length 685
[JNI] nativeSendMessage: 6 -> -1
[JNI] Sending 685 bytes (6->-1)
[DEBUG V2VProxy 6] Queue has space - adding message
[JNI] Message queued successfully
19:21:13.656 [Server Comm. System] INFO bftsmart.communication.ServerCommunicationSystem - === ServerCommunicationSystem RECEIVED message ===
        [Reliability 6] Sent seq=0 to replica 5
    -> Sending to replica 7 via V2V
    [Reliability 6] sendReliable() called
        Target: 7
        Message type: ConsensusMessage
        Sequence number: 0
19:21:13.656 [Server Comm. System] INFO bftsmart.communication.ServerCommunicationSystem -     Is TOMMessage: false
        Payload size: 172 bytes
[V2VProxy 5] *** RECEIVED V2V message #1 from=0 to=-1 (broadcast=YES) at t=3.303964078623
[V2VProxy 5] Delivering message #7 from replica 0 to Java (1028 bytes)
V2VNativeBridge5: Received message from 0 with length 1028
19:21:13.657 [Server Comm. System] INFO bftsmart.communication.ServerCommunicationSystem -     Targets: [0, 1, 3, 4, 5, 6, 7]
[V2V Layer 5] Received message from replica 0 via JNI
V2VNativeBridge6: Sending message to -1 with length 685
[JNI] nativeSendMessage: 6 -> -1
[JNI] Sending 685 bytes (6->-1)
[DEBUG V2VProxy 6] Queue has space - adding message
19:21:13.657 [Server Comm. System] INFO bftsmart.communication.ServerCommunicationSystem -     -> Routing to SERVER connection (SystemMessage)
19:21:13.657 [Server Comm. System] INFO bftsmart.communication.ServerCommunicationSystem -     Message type: ConsensusMessage
19:21:13.657 [Server Comm. System] DEBUG bftsmart.communication.ServerCommunicationSystem - --> sending message from: [0, 1, 3, 4, 5, 6, 7] -> {}2
=== [V2V Layer 2] SEND called ===
19:21:13.657 [Server Comm. System] INFO bftsmart.communication.ServerCommunicationSystem -     From: 0
    Targets: [0, 1, 3, 4, 5, 6, 7]
    Message type: ConsensusMessage
    Sender: 2
19:21:13.657 [Server Comm. System] INFO bftsmart.communication.ServerCommunicationSystem -     Message count: 0
    -> Sending to replica 0 via V2V
    [Reliability 2] sendReliable() called
        Target: 0
        Message type: ConsensusMessage
        Sequence number: 0
        Payload size: 172 bytes
19:21:13.657 [Server Comm. System] DEBUG bftsmart.communication.ServerCommunicationSystem - <-- receiving, msg:type=PROPOSE, number=0, epoch=0, from=0
19:21:13.657 [Server Comm. System] DEBUG bftsmart.tom.core.TOMLayer - Successfully deserialized batch
        [Reliability 2] Piggybacked 1 ACKs to replica 0
[JNI] Message queued successfully
19:21:13.657 [Server Comm. System] DEBUG bftsmart.consensus.roles.Acceptor - Sending WRITE for 0
19:21:13.657 [Server Comm. System] DEBUG bftsmart.tom.core.ExecutionManager - Received message  type=PROPOSE, number=0, epoch=0, from=0
19:21:13.657 [Server Comm. System] DEBUG bftsmart.tom.core.ExecutionManager - I'm at consensus -1 and my last consensus is -1
        [Reliability 6] Sent seq=0 to replica 7
=== [V2V Layer 6] SEND complete ===
19:21:13.657 [Server Comm. System] INFO bftsmart.communication.ServerCommunicationSystem - === ServerCommunicationSystem.send() complete ===
V2VNativeBridge2: Sending message to -1 with length 763
[JNI] nativeSendMessage: 2 -> -1
[JNI] Sending 763 bytes (2->-1)
[DEBUG V2VProxy 2] Queue has space - adding message
19:21:13.657 [Server Comm. System] DEBUG bftsmart.consensus.roles.Acceptor - I have 1, WRITE's for cId:0, Epoch timestamp:0,
[JNI] Message queued successfully
19:21:13.657 [Server Comm. System] DEBUG bftsmart.consensus.roles.Acceptor - Sending WRITE for cId:0, I am:3
19:21:13.657 [Server Comm. System] DEBUG bftsmart.tom.core.ExecutionManager - Message for consensus 0 can be processed
[MessageFactory] Creating WRITE message: from=3, id=0, epoch=0
[Acceptor 6] computeWrite: cId=0, writeAccepted=1, quorum=5
[MessageFactory] Creating ACCEPT message: from=6, id=0, epoch=0
        [Reliability 2] Sent seq=0 to replica 0
    -> Sending to replica 1 via V2V
    [Reliability 2] sendReliable() called
        Target: 1
        Message type: ConsensusMessage
19:21:13.657 [Server Comm. System] DEBUG bftsmart.consensus.roles.Acceptor - Processing paxos msg with id 0
        Sequence number: 0
19:21:13.657 [Server Comm. System] INFO bftsmart.communication.ServerCommunicationSystem - === ServerCommunicationSystem.send() ===
19:21:13.657 [Server Comm. System] DEBUG bftsmart.consensus.roles.Acceptor - PROPOSE received from:0, for consensus cId:0, I am:1
19:21:13.657 [Server Comm. System] DEBUG bftsmart.consensus.roles.Acceptor - Executing propose for cId:0, Epoch Timestamp:0
        Payload size: 172 bytes
19:21:13.657 [Server Comm. System] INFO bftsmart.communication.ServerCommunicationSystem -     Message type: ConsensusMessage
19:21:13.657 [Server Comm. System] DEBUG bftsmart.tom.core.TOMLayer - Modifying inExec from -1 to 0
19:21:13.657 [Server Comm. System] DEBUG bftsmart.tom.core.TOMLayer - Checking proposed value
19:21:13.657 [Server Comm. System] INFO bftsmart.communication.ServerCommunicationSystem -     Is TOMMessage: false
V2VNativeBridge2: Sending message to -1 with length 685
[JNI] nativeSendMessage: 2 -> -1
19:21:13.657 [Server Comm. System] INFO bftsmart.communication.ServerCommunicationSystem -     Targets: [0, 1, 2, 4, 5, 6, 7]
[JNI] Sending 685 bytes (2->-1)
19:21:13.657 [Server Comm. System] INFO bftsmart.communication.ServerCommunicationSystem -     -> Routing to SERVER connection (SystemMessage)
[DEBUG V2VProxy 2] Queue has space - adding message
[JNI] Message queued successfully
        [Reliability 2] Sent seq=0 to replica 1
    -> Sending to replica 3 via V2V
    [Reliability 2] sendReliable() called
        Target: 3
        Message type: ConsensusMessage
    [Reliability 5] handleIncomingMessage() called
        Type: DATA
19:21:13.657 [Server Comm. System] DEBUG bftsmart.communication.ServerCommunicationSystem - --> sending message from: [0, 1, 2, 4, 5, 6, 7] -> {}3
        From: 0
        SeqNum: 0
        Expected seq: 0
        Sequence number: 0
        -> IN ORDER, delivering immediately
    [Reliability 5] deliverMessage() - deserializing payload
        Payload size: 172 bytes
19:21:13.657 [Server Comm. System] DEBUG bftsmart.consensus.roles.Acceptor - WRITE computed for cId:0, I am:6
=== [V2V Layer 3] SEND called ===
V2VNativeBridge2: Sending message to -1 with length 685
[JNI] nativeSendMessage: 2 -> -1
[JNI] Sending 685 bytes (2->-1)
[DEBUG V2VProxy 2] Queue has space - adding message
[JNI] Message queued successfully
        [Reliability 2] Sent seq=0 to replica 3
    -> Sending to replica 4 via V2V
    [Reliability 2] sendReliable() called
        Deserialized: ConsensusMessage
19:21:13.658 [Server Comm. System] INFO bftsmart.communication.ServerCommunicationSystem - === Message processed ===
        DEBUG: envelope.fromReplicaId=0, message.getSender()=0
    Targets: [0, 1, 2, 4, 5, 6, 7]
    Message type: ConsensusMessage
    Sender: 3
    -> Sending to replica 0 via V2V
    [Reliability 3] sendReliable() called
19:21:13.658 [pool-16-thread-1] DEBUG bftsmart.consensus.roles.Acceptor - Creating cryptographic proof for speculative ACCEPT message from consensus 0
=== [V2V Layer 5] DELIVER to BFT-SMaRt ===
    Message type: ConsensusMessage
    From replica: 0
    InQueue size before: 0
        Target: 4
        Message type: ConsensusMessage
        Sequence number: 0
    InQueue size after: 1
=== [V2V Layer 5] DELIVER successful ===
        Payload size: 172 bytes
19:21:13.658 [Server Comm. System] INFO bftsmart.communication.ServerCommunicationSystem - === ServerCommunicationSystem RECEIVED message ===
        Target: 0
19:21:13.661 [Server Comm. System] INFO bftsmart.communication.ServerCommunicationSystem -     Message type: ConsensusMessage
        Message type: ConsensusMessage
19:21:13.661 [Server Comm. System] INFO bftsmart.communication.ServerCommunicationSystem -     From: 0
V2VNativeBridge2: Sending message to -1 with length 685
[JNI] nativeSendMessage: 2 -> -1
[JNI] Sending 685 bytes (2->-1)
[DEBUG V2VProxy 2] Queue has space - adding message
[JNI] Message queued successfully
        Sequence number: 0
19:21:13.661 [Server Comm. System] INFO bftsmart.communication.ServerCommunicationSystem -     Message count: 0
        Payload size: 172 bytes
19:21:13.661 [Server Comm. System] DEBUG bftsmart.communication.ServerCommunicationSystem - <-- receiving, msg:type=PROPOSE, number=0, epoch=0, from=0
        [Reliability 2] Sent seq=0 to replica 4
        [Reliability 3] Piggybacked 1 ACKs to replica 0
    -> Sending to replica 5 via V2V
    [Reliability 2] sendReliable() called
        Target: 5
        Message type: ConsensusMessage
        Sequence number: 0
19:21:13.661 [Server Comm. System] DEBUG bftsmart.tom.core.ExecutionManager - Received message  type=PROPOSE, number=0, epoch=0, from=0
19:21:13.661 [Server Comm. System] DEBUG bftsmart.tom.core.ExecutionManager - I'm at consensus -1 and my last consensus is -1
        Payload size: 172 bytes
V2VNativeBridge3: Sending message to -1 with length 763
[JNI] nativeSendMessage: 3 -> -1
19:21:13.661 [Server Comm. System] DEBUG bftsmart.tom.core.ExecutionManager - Message for consensus 0 can be processed
[JNI] Sending 763 bytes (3->-1)
[DEBUG V2VProxy 3] Queue has space - adding message
[JNI] Message queued successfully
19:21:13.661 [Server Comm. System] DEBUG bftsmart.consensus.roles.Acceptor - Processing paxos msg with id 0
        [Reliability 3] Sent seq=0 to replica 0
    -> Sending to replica 1 via V2V
19:21:13.661 [Server Comm. System] DEBUG bftsmart.consensus.roles.Acceptor - PROPOSE received from:0, for consensus cId:0, I am:5
    [Reliability 3] sendReliable() called
V2VNativeBridge2: Sending message to -1 with length 685
[JNI] nativeSendMessage: 2 -> -1
[JNI] Sending 685 bytes (2->-1)
[DEBUG V2VProxy 2] Queue has space - adding message
        Target: 1[JNI] Message queued successfully

        Message type: ConsensusMessage
        [Reliability 2] Sent seq=0 to replica 5
    -> Sending to replica 6 via V2V
19:21:13.661 [Server Comm. System] DEBUG bftsmart.consensus.roles.Acceptor - Executing propose for cId:0, Epoch Timestamp:0
    [Reliability 2] sendReliable() called
        Target: 6
        Message type: ConsensusMessage
        Sequence number: 0
        Sequence number: 0
19:21:13.661 [Server Comm. System] DEBUG bftsmart.tom.core.TOMLayer - Modifying inExec from -1 to 0
        Payload size: 172 bytes
19:21:13.663 [Server Comm. System] DEBUG bftsmart.tom.core.TOMLayer - Successfully deserialized batch
        Payload size: 172 bytes
19:21:13.664 [Server Comm. System] DEBUG bftsmart.tom.core.TOMLayer - Checking proposed value
19:21:13.664 [Server Comm. System] DEBUG bftsmart.consensus.roles.Acceptor - Sending WRITE for 0
19:21:13.664 [Server Comm. System] DEBUG bftsmart.consensus.roles.Acceptor - Sending WRITE for cId:0, I am:4
[MessageFactory] Creating WRITE message: from=4, id=0, epoch=0
19:21:13.664 [Server Comm. System] INFO bftsmart.communication.ServerCommunicationSystem - === ServerCommunicationSystem.send() ===
19:21:13.664 [Server Comm. System] INFO bftsmart.communication.ServerCommunicationSystem -     Message type: ConsensusMessage
19:21:13.664 [Server Comm. System] INFO bftsmart.communication.ServerCommunicationSystem -     Is TOMMessage: false
19:21:13.664 [Server Comm. System] INFO bftsmart.communication.ServerCommunicationSystem -     Targets: [0, 1, 2, 3, 5, 6, 7]
19:21:13.664 [Server Comm. System] INFO bftsmart.communication.ServerCommunicationSystem -     -> Routing to SERVER connection (SystemMessage)
19:21:13.664 [Server Comm. System] DEBUG bftsmart.communication.ServerCommunicationSystem - --> sending message from: [0, 1, 2, 3, 5, 6, 7] -> {}4
=== [V2V Layer 4] SEND called ===
    Targets: [0, 1, 2, 3, 5, 6, 7]
    Message type: ConsensusMessage
V2VNativeBridge2: Sending message to -1 with length 685
V2VNativeBridge3: Sending message to -1 with length 685[JNI] nativeSendMessage: 2 -> -1

[JNI] Sending 685 bytes (2->-1)
[DEBUG V2VProxy 2] Queue has space - adding message
[JNI] Message queued successfully
        [Reliability 2] Sent seq=0 to replica 6
    -> Sending to replica 7 via V2V
    [Reliability 2] sendReliable() called
        Target: 7
        Message type: ConsensusMessage
    Sender: 4
[JNI] nativeSendMessage: 3 -> -1
[JNI] Sending 685 bytes (3->-1)
[DEBUG V2VProxy 3] Queue has space - adding message
[JNI] Message queued successfully
    -> Sending to replica 0 via V2V
    [Reliability 4] sendReliable() called
        Sequence number: 0
        Target: 0
        Payload size: 172 bytes
        Message type: ConsensusMessage
        Sequence number: 0
        [Reliability 3] Sent seq=0 to replica 1
    -> Sending to replica 2 via V2V
    [Reliability 3] sendReliable() called
        Target: 2
        Payload size: 172 bytes
V2VNativeBridge2: Sending message to -1 with length 685
[JNI] nativeSendMessage: 2 -> -1
[JNI] Sending 685 bytes (2->-1)
[DEBUG V2VProxy 2] Queue has space - adding message
[JNI] Message queued successfully
        [Reliability 2] Sent seq=0 to replica 7
=== [V2V Layer 2] SEND complete ===
        [Reliability 4] Piggybacked 1 ACKs to replica 0
19:21:13.664 [Server Comm. System] INFO bftsmart.communication.ServerCommunicationSystem - === ServerCommunicationSystem.send() complete ===
        Message type: ConsensusMessage
V2VNativeBridge4: Sending message to -1 with length 763
        Sequence number: 0
[JNI] nativeSendMessage: 4 -> -1
[JNI] Sending 763 bytes (4->-1)
[DEBUG V2VProxy 4] Queue has space - adding message
[JNI] Message queued successfully
19:21:13.664 [Server Comm. System] DEBUG bftsmart.consensus.roles.Acceptor - I have 1, WRITE's for cId:0, Epoch timestamp:0,
        [Reliability 4] Sent seq=0 to replica 0
[Acceptor 2] computeWrite: cId=0, writeAccepted=1, quorum=5
        Payload size: 172 bytes
    -> Sending to replica 1 via V2V
V2VNativeBridge3: Sending message to -1 with length 685
[JNI] nativeSendMessage: 3 -> -1
[JNI] Sending 685 bytes (3->-1)
[DEBUG V2VProxy 3] Queue has space - adding message
[JNI] Message queued successfully
[MessageFactory] Creating ACCEPT message: from=2, id=0, epoch=0
        [Reliability 3] Sent seq=0 to replica 2
    -> Sending to replica 4 via V2V
    [Reliability 3] sendReliable() called
        Target: 4
        Message type: ConsensusMessage
        Sequence number: 0
    [Reliability 4] sendReliable() called
        Target: 1
        Payload size: 172 bytes
        Message type: ConsensusMessage
        Sequence number: 0
V2VNativeBridge3: Sending message to -1 with length 685
[JNI] nativeSendMessage: 3 -> -1
[JNI] Sending 685 bytes (3->-1)
[DEBUG V2VProxy 3] Queue has space - adding message
[JNI] Message queued successfully
        Payload size: 172 bytes
        [Reliability 3] Sent seq=0 to replica 4
    -> Sending to replica 5 via V2V
    [Reliability 3] sendReliable() called
        Target: 5
        Message type: ConsensusMessage
        Sequence number: 0
        Payload size: 172 bytes
V2VNativeBridge4: Sending message to -1 with length 685
[JNI] nativeSendMessage: 4 -> -1
[JNI] Sending 685 bytes (4->-1)
[DEBUG V2VProxy 4] Queue has space - adding message
[JNI] Message queued successfully
        [Reliability 4] Sent seq=0 to replica 1
    -> Sending to replica 2 via V2V
    [Reliability 4] sendReliable() called
        Target: 2
        Message type: ConsensusMessage
        Sequence number: 0
        Payload size: 172 bytes
19:21:13.666 [Server Comm. System] DEBUG bftsmart.tom.core.TOMLayer - Successfully deserialized batch
19:21:13.666 [Server Comm. System] DEBUG bftsmart.consensus.roles.Acceptor - Sending WRITE for 0
19:21:13.666 [Server Comm. System] DEBUG bftsmart.consensus.roles.Acceptor - Sending WRITE for cId:0, I am:1
[MessageFactory] Creating WRITE message: from=1, id=0, epoch=0
19:21:13.666 [Server Comm. System] INFO bftsmart.communication.ServerCommunicationSystem - === ServerCommunicationSystem.send() ===
19:21:13.666 [Server Comm. System] INFO bftsmart.communication.ServerCommunicationSystem -     Message type: ConsensusMessage
V2VNativeBridge3: Sending message to -1 with length 685
[JNI] nativeSendMessage: 3 -> -1
[JNI] Sending 685 bytes (3->-1)
[DEBUG V2VProxy 3] Queue has space - adding message
[JNI] Message queued successfully
        [Reliability 3] Sent seq=0 to replica 5
V2VNativeBridge4: Sending message to -1 with length 685
[JNI] nativeSendMessage: 4 -> -1
[JNI] Sending 685 bytes (4->-1)
[DEBUG V2VProxy 4] Queue has space - adding message
[JNI] Message queued successfully
19:21:13.666 [Server Comm. System] INFO bftsmart.communication.ServerCommunicationSystem -     Is TOMMessage: false
        [Reliability 4] Sent seq=0 to replica 2
    -> Sending to replica 3 via V2V
    [Reliability 4] sendReliable() called
        Target: 3
        Message type: ConsensusMessage
19:21:13.666 [Server Comm. System] INFO bftsmart.communication.ServerCommunicationSystem -     Targets: [0, 2, 3, 4, 5, 6, 7]
        Sequence number: 0
19:21:13.666 [Server Comm. System] INFO bftsmart.communication.ServerCommunicationSystem -     -> Routing to SERVER connection (SystemMessage)
    -> Sending to replica 6 via V2V
        Payload size: 172 bytes
    [Reliability 3] sendReliable() called
        Target: 6
        Message type: ConsensusMessage
19:21:13.666 [Server Comm. System] DEBUG bftsmart.communication.ServerCommunicationSystem - --> sending message from: [0, 2, 3, 4, 5, 6, 7] -> {}1
V2VNativeBridge4: Sending message to -1 with length 685
[JNI] nativeSendMessage: 4 -> -1
[JNI] Sending 685 bytes (4->-1)
[DEBUG V2VProxy 4] Queue has space - adding message
[JNI] Message queued successfully
        [Reliability 4] Sent seq=0 to replica 3
    -> Sending to replica 5 via V2V
    [Reliability 4] sendReliable() called
=== [V2V Layer 1] SEND called ===
    Targets: [0, 2, 3, 4, 5, 6, 7]
    Message type: ConsensusMessage
    Sender: 1
    -> Sending to replica 0 via V2V
    [Reliability 1] sendReliable() called
        Target: 0
        Message type: ConsensusMessage
        Sequence number: 0
        Sequence number: 0
        Payload size: 172 bytes
        Payload size: 172 bytes
19:21:13.666 [Server Comm. System] DEBUG bftsmart.tom.core.TOMLayer - Successfully deserialized batch
        [Reliability 1] Piggybacked 1 ACKs to replica 0
19:21:13.666 [Server Comm. System] DEBUG bftsmart.consensus.roles.Acceptor - Sending WRITE for 0
        Target: 5
        Message type: ConsensusMessage
V2VNativeBridge1: Sending message to -1 with length 763
[JNI] nativeSendMessage: 1 -> -1
V2VNativeBridge3: Sending message to -1 with length 685[JNI] Sending 763 bytes (1->-1)

[DEBUG V2VProxy 1] Queue has space - adding message
[JNI] Message queued successfully
        [Reliability 1] Sent seq=0 to replica 0
    -> Sending to replica 2 via V2V
[JNI] nativeSendMessage: 3 -> -1
    [Reliability 1] sendReliable() called
[JNI] Sending 685 bytes (3->-1)
        Target: 2[DEBUG V2VProxy 3] Queue has space - adding message

        Message type: ConsensusMessage
[JNI] Message queued successfully
        Sequence number: 0
19:21:13.666 [Server Comm. System] DEBUG bftsmart.consensus.roles.Acceptor - Sending WRITE for cId:0, I am:7
        [Reliability 3] Sent seq=0 to replica 6
    -> Sending to replica 7 via V2V
    [Reliability 3] sendReliable() called
        Target: 7
        Message type: ConsensusMessage
        Sequence number: 0
[MessageFactory] Creating WRITE message: from=7, id=0, epoch=0
        Sequence number: 0
        Payload size: 172 bytes
19:21:13.667 [Server Comm. System] INFO bftsmart.communication.ServerCommunicationSystem - === ServerCommunicationSystem.send() ===
V2VNativeBridge4: Sending message to -1 with length 685
[JNI] nativeSendMessage: 4 -> -1
[JNI] Sending 685 bytes (4->-1)
[DEBUG V2VProxy 4] Queue has space - adding message
[JNI] Message queued successfully
        Payload size: 172 bytes
        Payload size: 172 bytes
19:21:13.668 [Server Comm. System] DEBUG bftsmart.consensus.roles.Acceptor - WRITE computed for cId:0, I am:2
        [Reliability 4] Sent seq=0 to replica 5
V2VNativeBridge1: Sending message to -1 with length 685
V2VNativeBridge3: Sending message to -1 with length 685
[JNI] nativeSendMessage: [JNI] nativeSendMessage: 1 -> 3-1 -> 
[JNI] Sending 685 bytes (1->-1)
[DEBUG V2VProxy -11] Queue has space - adding message

[JNI] Message queued successfully
    -> Sending to replica 6 via V2V
[JNI] Sending 685 bytes (3->-1)
[DEBUG V2VProxy 3] Queue has space - adding message
[JNI] Message queued successfully
        [Reliability 3] Sent seq=0 to replica 7
=== [V2V Layer 3] SEND complete ===
19:21:13.669 [Server Comm. System] INFO bftsmart.communication.ServerCommunicationSystem - === Message processed ===
    [Reliability 4] sendReliable() called
        Target: 6
        Message type: ConsensusMessage
        [Reliability 1] Sent seq=0 to replica 2
        Sequence number: 0
    -> Sending to replica 3 via V2V
        Payload size: 172 bytes
19:21:13.669 [pool-15-thread-1] DEBUG bftsmart.consensus.roles.Acceptor - Creating cryptographic proof for speculative ACCEPT message from consensus 0
    [Reliability 1] sendReliable() called
        Target: 3
        Message type: ConsensusMessage
19:21:13.669 [Server Comm. System] INFO bftsmart.communication.ServerCommunicationSystem -     Message type: ConsensusMessage
        Sequence number: 0
        Payload size: 172 bytes
V2VNativeBridge4: Sending message to -1 with length 685
[JNI] nativeSendMessage: 4 -> -1
[JNI] Sending 685 bytes (4->-1)
[DEBUG V2VProxy 4] Queue has space - adding message
[JNI] Message queued successfully
        [Reliability 4] Sent seq=0 to replica 6
V2VNativeBridge1: Sending message to -1 with length 685
[JNI] nativeSendMessage: 1 -> -1
[JNI] Sending 685 bytes (1->-1)
[DEBUG V2VProxy 1] Queue has space - adding message
[JNI] Message queued successfully
        [Reliability 1] Sent seq=0 to replica 3
19:21:13.669 [Server Comm. System] INFO bftsmart.communication.ServerCommunicationSystem - === ServerCommunicationSystem.send() complete ===
    -> Sending to replica 4 via V2V
19:21:13.670 [Server Comm. System] INFO bftsmart.communication.ServerCommunicationSystem -     Is TOMMessage: false
19:21:13.670 [Server Comm. System] DEBUG bftsmart.consensus.roles.Acceptor - I have 1, WRITE's for cId:0, Epoch timestamp:0,
[Acceptor 3] computeWrite: cId=0, writeAccepted=1, quorum=5
[MessageFactory] Creating ACCEPT message: from=3, id=0, epoch=0
    -> Sending to replica 7 via V2V
    [Reliability 4] sendReliable() called
        Target: 7
19:21:13.670 [Server Comm. System] INFO bftsmart.communication.ServerCommunicationSystem -     Targets: [0, 1, 2, 3, 4, 5, 6]
19:21:13.670 [Server Comm. System] INFO bftsmart.communication.ServerCommunicationSystem -     -> Routing to SERVER connection (SystemMessage)
    [Reliability 1] sendReliable() called
19:21:13.670 [Server Comm. System] DEBUG bftsmart.tom.core.TOMLayer - Successfully deserialized batch
        Target: 4
        Message type: ConsensusMessage
19:21:13.670 [Server Comm. System] DEBUG bftsmart.consensus.roles.Acceptor - Sending WRITE for 0
        Message type: ConsensusMessage
        Sequence number: 0
19:21:13.670 [Server Comm. System] DEBUG bftsmart.communication.ServerCommunicationSystem - --> sending message from: [0, 1, 2, 3, 4, 5, 6] -> {}7
        Sequence number: 0
        Payload size: 172 bytes
        Payload size: 172 bytes
=== [V2V Layer 7] SEND called ===
V2VNativeBridge4: Sending message to -1 with length 685
[JNI] nativeSendMessage: 4 -> -1
[JNI] Sending 685 bytes (4->-1)
19:21:13.670 [Server Comm. System] DEBUG bftsmart.consensus.roles.Acceptor - Sending WRITE for cId:0, I am:5
[DEBUG V2VProxy 4] Queue has space - adding message
[JNI] Message queued successfully
        [Reliability 4] Sent seq=0 to replica 7
=== [V2V Layer 4] SEND complete ===
V2VNativeBridge1: Sending message to -1 with length 685
[JNI] nativeSendMessage: 1 -> -1
[MessageFactory] Creating WRITE message: from=5, id=0, epoch=0[JNI] Sending 685 bytes (1->-1)
[DEBUG V2VProxy 1] Queue has space - adding message

[JNI] Message queued successfully
        [Reliability 1] Sent seq=0 to replica 4
    -> Sending to replica 5 via V2V
    [Reliability 1] sendReliable() called
        Target: 5
        Message type: ConsensusMessage
        Sequence number: 0
    Targets: [0, 1, 2, 3, 4, 5, 6]
        Payload size: 172 bytes
    Message type: ConsensusMessage
    Sender: 7
    -> Sending to replica 0 via V2V
19:21:13.670 [Server Comm. System] INFO bftsmart.communication.ServerCommunicationSystem - === ServerCommunicationSystem.send() complete ===
    [Reliability 7] sendReliable() called
19:21:13.671 [Server Comm. System] INFO bftsmart.communication.ServerCommunicationSystem - === ServerCommunicationSystem.send() ===
19:21:13.671 [Server Comm. System] DEBUG bftsmart.consensus.roles.Acceptor - WRITE computed for cId:0, I am:3
        Target: 0
        Message type: ConsensusMessage
        Sequence number: 0
V2VNativeBridge1: Sending message to -1 with length 685
        Payload size: 172 bytes
[JNI] nativeSendMessage: 1 -> -1
[JNI] Sending 685 bytes (1->-1)
[DEBUG V2VProxy 1] Queue has space - adding message
[JNI] Message queued successfully
        [Reliability 1] Sent seq=0 to replica 5
    -> Sending to replica 6 via V2V
    [Reliability 1] sendReliable() called
19:21:13.671 [pool-11-thread-1] DEBUG bftsmart.consensus.roles.Acceptor - Creating cryptographic proof for speculative ACCEPT message from consensus 0
        Target: 6
        Message type: ConsensusMessage
19:21:13.671 [Server Comm. System] INFO bftsmart.communication.ServerCommunicationSystem - === Message processed ===
        [Reliability 7] Piggybacked 1 ACKs to replica 0
        Sequence number: 0
19:21:13.671 [Server Comm. System] DEBUG bftsmart.consensus.roles.Acceptor - I have 1, WRITE's for cId:0, Epoch timestamp:0,
        Payload size: 172 bytes
V2VNativeBridge7: Sending message to -1 with length 763
[JNI] nativeSendMessage: 7 -> -1
[Acceptor 4] computeWrite: cId=0, writeAccepted=1, quorum=5[JNI] Sending 763 bytes (7->-1)
[DEBUG V2VProxy 7] Queue has space - adding message
[JNI] Message queued successfully

        [Reliability 7] Sent seq=0 to replica 0
    -> Sending to replica 1 via V2V
V2VNativeBridge1: Sending message to -1 with length 685
[JNI] nativeSendMessage: 1 -> -1
[JNI] Sending 685 bytes (1->-1)
[DEBUG V2VProxy 1] Queue has space - adding message
[JNI] Message queued successfully
    [Reliability 7] sendReliable() called
        [Reliability 1] Sent seq=0 to replica 6
    -> Sending to replica 7 via V2V
    [Reliability 1] sendReliable() called
        Target: 7
        Message type: ConsensusMessage
        Sequence number: 0
19:21:13.671 [Server Comm. System] INFO bftsmart.communication.ServerCommunicationSystem -     Message type: ConsensusMessage
        Payload size: 172 bytes
        Target: 1
        Message type: ConsensusMessage
        Sequence number: 0
[MessageFactory] Creating ACCEPT message: from=4, id=0, epoch=0
        Payload size: 172 bytes
V2VNativeBridge1: Sending message to -1 with length 685
[JNI] nativeSendMessage: 1 -> -1
[JNI] Sending 685 bytes (1->-1)
[DEBUG V2VProxy 1] Queue has space - adding message
[JNI] Message queued successfully
        [Reliability 1] Sent seq=0 to replica 7
=== [V2V Layer 1] SEND complete ===
19:21:13.672 [Server Comm. System] INFO bftsmart.communication.ServerCommunicationSystem - === ServerCommunicationSystem.send() complete ===
V2VNativeBridge7: Sending message to -1 with length 685
[JNI] nativeSendMessage: 7 -> -1
[JNI] Sending 685 bytes (7->-1)
[DEBUG V2VProxy 7] Queue has space - adding message
[JNI] Message queued successfully
19:21:13.672 [Server Comm. System] INFO bftsmart.communication.ServerCommunicationSystem -     Is TOMMessage: false
        [Reliability 7] Sent seq=0 to replica 1
19:21:13.672 [Server Comm. System] DEBUG bftsmart.consensus.roles.Acceptor - WRITE computed for cId:0, I am:4
19:21:13.672 [Server Comm. System] INFO bftsmart.communication.ServerCommunicationSystem - === Message processed ===
19:21:13.672 [Server Comm. System] DEBUG bftsmart.consensus.roles.Acceptor - I have 1, WRITE's for cId:0, Epoch timestamp:0,
[Acceptor 1] computeWrite: cId=0, writeAccepted=1, quorum=5
[MessageFactory] Creating ACCEPT message: from=1, id=0, epoch=0
    -> Sending to replica 2 via V2V
    [Reliability 7] sendReliable() called
        Target: 2
        Message type: ConsensusMessage
19:21:13.672 [Server Comm. System] INFO bftsmart.communication.ServerCommunicationSystem -     Targets: [0, 1, 2, 3, 4, 6, 7]
        Sequence number: 0
19:21:13.672 [Server Comm. System] INFO bftsmart.communication.ServerCommunicationSystem -     -> Routing to SERVER connection (SystemMessage)
        Payload size: 172 bytes
19:21:13.672 [pool-12-thread-1] DEBUG bftsmart.consensus.roles.Acceptor - Creating cryptographic proof for speculative ACCEPT message from consensus 0
19:21:13.672 [Server Comm. System] DEBUG bftsmart.communication.ServerCommunicationSystem - --> sending message from: [0, 1, 2, 3, 4, 6, 7] -> {}5
=== [V2V Layer 5] SEND called ===
    Targets: [0, 1, 2, 3, 4, 6, 7]
    Message type: ConsensusMessage
    Sender: 5
    -> Sending to replica 0 via V2V
    [Reliability 5] sendReliable() called
        Target: 0
19:21:13.672 [Server Comm. System] DEBUG bftsmart.consensus.roles.Acceptor - WRITE computed for cId:0, I am:1
19:21:13.672 [Server Comm. System] INFO bftsmart.communication.ServerCommunicationSystem - === Message processed ===
        Message type: ConsensusMessage
        Sequence number: 0
V2VNativeBridge7: Sending message to -1 with length 685
[JNI] nativeSendMessage: 7 -> -1
[JNI] Sending 685 bytes (7->-1)
[DEBUG V2VProxy 7] Queue has space - adding message
[JNI] Message queued successfully
        [Reliability 7] Sent seq=0 to replica 2
    -> Sending to replica 3 via V2V
    [Reliability 7] sendReliable() called
        Target: 3
        Message type: ConsensusMessage
        Payload size: 172 bytes
        Sequence number: 0
19:21:13.672 [pool-14-thread-1] DEBUG bftsmart.consensus.roles.Acceptor - Creating cryptographic proof for speculative ACCEPT message from consensus 0
        Payload size: 172 bytes
        [Reliability 5] Piggybacked 1 ACKs to replica 0
V2VNativeBridge7: Sending message to -1 with length 685
[JNI] nativeSendMessage: 7 -> -1
[JNI] Sending 685 bytes (7->-1)
[DEBUG V2VProxy 7] Queue has space - adding message
[JNI] Message queued successfully
        [Reliability 7] Sent seq=0 to replica 3
    -> Sending to replica 4 via V2V
    [Reliability 7] sendReliable() called
        Target: 4
        Message type: ConsensusMessage
        Sequence number: 0
        Payload size: 172 bytes
V2VNativeBridge5: Sending message to -1 with length 763
[JNI] nativeSendMessage: 5 -> -1
[JNI] Sending 763 bytes (5->-1)
[DEBUG V2VProxy 5] Queue has space - adding message
[JNI] Message queued successfully
        [Reliability 5] Sent seq=0 to replica 0
    -> Sending to replica 1 via V2V
    [Reliability 5] sendReliable() called
        Target: 1
        Message type: ConsensusMessage
        Sequence number: 0
V2VNativeBridge7: Sending message to -1 with length 685
        Payload size: 172 bytes
[JNI] nativeSendMessage: 7 -> -1
[JNI] Sending 685 bytes (7->-1)
[DEBUG V2VProxy 7] Queue has space - adding message
[JNI] Message queued successfully
        [Reliability 7] Sent seq=0 to replica 4
    -> Sending to replica 5 via V2V
    [Reliability 7] sendReliable() called
        Target: 5
V2VNativeBridge5: Sending message to -1 with length 685
[JNI] nativeSendMessage: 5 -> -1
[JNI] Sending 685 bytes (5->-1)
[DEBUG V2VProxy 5] Queue has space - adding message
[JNI] Message queued successfully
        Message type: ConsensusMessage
        [Reliability 5] Sent seq=0 to replica 1
        Sequence number: 0
    -> Sending to replica 2 via V2V
    [Reliability 5] sendReliable() called
        Target: 2
        Message type: ConsensusMessage
        Payload size: 172 bytes
        Sequence number: 0
        Payload size: 172 bytes
V2VNativeBridge7: Sending message to -1 with length 685
[JNI] nativeSendMessage: 7 -> -1
[JNI] Sending 685 bytes (7->-1)
[DEBUG V2VProxy 7] Queue has space - adding message
[JNI] Message queued successfully
        [Reliability 7] Sent seq=0 to replica 5
    -> Sending to replica 6 via V2V
    [Reliability 7] sendReliable() called
        Target: 6
        Message type: ConsensusMessage
        Sequence number: 0
V2VNativeBridge5: Sending message to -1 with length 685
[JNI] nativeSendMessage: 5 -> -1
[JNI] Sending 685 bytes (5->-1)
[DEBUG V2VProxy 5] Queue has space - adding message
[JNI] Message queued successfully
        Payload size: 172 bytes
        [Reliability 5] Sent seq=0 to replica 2
    -> Sending to replica 3 via V2V
    [Reliability 5] sendReliable() called
        Target: 3
        Message type: ConsensusMessage
        Sequence number: 0
        Payload size: 172 bytes
V2VNativeBridge7: Sending message to -1 with length 685
[JNI] nativeSendMessage: 7 -> -1
[JNI] Sending 685 bytes (7->-1)
[DEBUG V2VProxy 7] Queue has space - adding message
[JNI] Message queued successfully
V2VNativeBridge5: Sending message to -1 with length 685
[JNI] nativeSendMessage: 5 -> -1
[JNI] Sending 685 bytes (5->-1)
[DEBUG V2VProxy 5] Queue has space - adding message
        [Reliability 7] Sent seq=0 to replica 6[JNI] Message queued successfully

=== [V2V Layer 7] SEND complete ===
        [Reliability 5] Sent seq=0 to replica 3
    -> Sending to replica 4 via V2V
    [Reliability 5] sendReliable() called
        Target: 4
        Message type: ConsensusMessage
        Sequence number: 0
        Payload size: 172 bytes
19:21:13.676 [Server Comm. System] INFO bftsmart.communication.ServerCommunicationSystem - === ServerCommunicationSystem.send() complete ===
19:21:13.676 [Server Comm. System] DEBUG bftsmart.consensus.roles.Acceptor - I have 1, WRITE's for cId:0, Epoch timestamp:0,
[Acceptor 7] computeWrite: cId=0, writeAccepted=1, quorum=5
[MessageFactory] Creating ACCEPT message: from=7, id=0, epoch=0
V2VNativeBridge5: Sending message to -1 with length 685
[JNI] nativeSendMessage: 5 -> -1
[JNI] Sending 685 bytes (5->-1)
[DEBUG V2VProxy 5] Queue has space - adding message
[JNI] Message queued successfully
        [Reliability 5] Sent seq=0 to replica 4
    -> Sending to replica 6 via V2V
    [Reliability 5] sendReliable() called
        Target: 6
        Message type: ConsensusMessage
        Sequence number: 0
        Payload size: 172 bytes
V2VNativeBridge5: Sending message to -1 with length 685
[JNI] nativeSendMessage: 5 -> -1
[JNI] Sending 685 bytes (5->-1)
[DEBUG V2VProxy 5] Queue has space - adding message
[JNI] Message queued successfully
        [Reliability 5] Sent seq=0 to replica 6
    -> Sending to replica 7 via V2V
    [Reliability 5] sendReliable() called
        Target: 7
        Message type: ConsensusMessage
        Sequence number: 0
        Payload size: 172 bytes
V2VNativeBridge5: Sending message to -1 with length 685
[JNI] nativeSendMessage: 5 -> -1
[JNI] Sending 685 bytes (5->-1)
[DEBUG V2VProxy 5] Queue has space - adding message
[JNI] Message queued successfully
        [Reliability 5] Sent seq=0 to replica 7
=== [V2V Layer 5] SEND complete ===
19:21:13.676 [Server Comm. System] INFO bftsmart.communication.ServerCommunicationSystem - === ServerCommunicationSystem.send() complete ===
19:21:13.676 [Server Comm. System] DEBUG bftsmart.consensus.roles.Acceptor - I have 1, WRITE's for cId:0, Epoch timestamp:0,
[Acceptor 5] computeWrite: cId=0, writeAccepted=1, quorum=5
[MessageFactory] Creating ACCEPT message: from=5, id=0, epoch=0
19:21:13.676 [Server Comm. System] DEBUG bftsmart.consensus.roles.Acceptor - WRITE computed for cId:0, I am:7
19:21:13.676 [Server Comm. System] INFO bftsmart.communication.ServerCommunicationSystem - === Message processed ===
19:21:13.676 [pool-13-thread-1] DEBUG bftsmart.consensus.roles.Acceptor - Creating cryptographic proof for speculative ACCEPT message from consensus 0
19:21:13.676 [Server Comm. System] DEBUG bftsmart.consensus.roles.Acceptor - WRITE computed for cId:0, I am:5
19:21:13.676 [Server Comm. System] INFO bftsmart.communication.ServerCommunicationSystem - === Message processed ===
19:21:13.677 [pool-9-thread-1] DEBUG bftsmart.consensus.roles.Acceptor - Creating cryptographic proof for speculative ACCEPT message from consensus 0
[V2VProxy 6] *** RECEIVED V2V message #2 from=0 to=-1 (broadcast=YES) at t=3.307055017602
[V2VProxy 6] Delivering message #8 from replica 0 to Java (1028 bytes)
V2VNativeBridge6: Received message from 0 with length 1028
[V2V Layer 6] Received message from replica 0 via JNI
    [Reliability 6] handleIncomingMessage() called
        Type: DATA
        From: 0
        SeqNum: 0
        Expected seq: 1
        -> DUPLICATE (seq < expected), ignoring
[V2VProxy 3] *** RECEIVED V2V message #2 from=0 to=-1 (broadcast=YES) at t=3.307055025631
[V2VProxy 3] Delivering message #9 from replica 0 to Java (1028 bytes)
V2VNativeBridge3: Received message from 0 with length 1028
[V2V Layer 3] Received message from replica 0 via JNI
    [Reliability 3] handleIncomingMessage() called
        Type: DATA
        From: 0
        SeqNum: 0
        Expected seq: 1
        -> DUPLICATE (seq < expected), ignoring
[V2VProxy 2] *** RECEIVED V2V message #2 from=0 to=-1 (broadcast=YES) at t=3.307055042984
[V2VProxy 2] Delivering message #10 from replica 0 to Java (1028 bytes)
V2VNativeBridge2: Received message from 0 with length 1028
[V2V Layer 2] Received message from replica 0 via JNI
    [Reliability 2] handleIncomingMessage() called
        Type: DATA
        From: 0
        SeqNum: 0
        Expected seq: 1
        -> DUPLICATE (seq < expected), ignoring
[V2VProxy 4] *** RECEIVED V2V message #2 from=0 to=-1 (broadcast=YES) at t=3.307055049804
V2VNativeBridge4: Received message from 0 with length 1028
[V2V Layer 4] Received message from replica 0 via JNI
    [Reliability 4] handleIncomingMessage() called
        Type: DATA
        From: 0
        SeqNum: 0
        Expected seq: 1
        -> DUPLICATE (seq < expected), ignoring
[V2VProxy 7] *** RECEIVED V2V message #2 from=0 to=-1 (broadcast=YES) at t=3.307055061357
V2VNativeBridge7: Received message from 0 with length 1028
[V2V Layer 7] Received message from replica 0 via JNI
    [Reliability 7] handleIncomingMessage() called
        Type: DATA
        From: 0
        SeqNum: 0
        Expected seq: 1
        -> DUPLICATE (seq < expected), ignoring
[V2VProxy 1] *** RECEIVED V2V message #2 from=0 to=-1 (broadcast=YES) at t=3.307055063063
V2VNativeBridge1: Received message from 0 with length 1028
[V2V Layer 1] Received message from replica 0 via JNI
    [Reliability 1] handleIncomingMessage() called
        Type: DATA
        From: 0
        SeqNum: 0
        Expected seq: 1
        -> DUPLICATE (seq < expected), ignoring
[V2VProxy 5] *** RECEIVED V2V message #2 from=0 to=-1 (broadcast=YES) at t=3.307055078623
V2VNativeBridge5: Received message from 0 with length 1028
[V2V Layer 5] Received message from replica 0 via JNI
    [Reliability 5] handleIncomingMessage() called
        Type: DATA
        From: 0
        SeqNum: 0
        Expected seq: 1
        -> DUPLICATE (seq < expected), ignoring
[V2VProxy 6] *** RECEIVED V2V message #3 from=0 to=-1 (broadcast=YES) at t=3.309002017602
V2VNativeBridge6: Received message from 0 with length 1028
[V2V Layer 6] Received message from replica 0 via JNI
    [Reliability 6] handleIncomingMessage() called
        Type: DATA
        From: 0
        SeqNum: 0
        Expected seq: 1
        -> DUPLICATE (seq < expected), ignoring
[V2VProxy 3] *** RECEIVED V2V message #3 from=0 to=-1 (broadcast=YES) at t=3.309002025631
V2VNativeBridge3: Received message from 0 with length 1028
[V2V Layer 3] Received message from replica 0 via JNI
    [Reliability 3] handleIncomingMessage() called
        Type: DATA
        From: 0
        SeqNum: 0
        Expected seq: 1
        -> DUPLICATE (seq < expected), ignoring
[V2VProxy 2] *** RECEIVED V2V message #3 from=0 to=-1 (broadcast=YES) at t=3.309002042984
V2VNativeBridge2: Received message from 0 with length 1028
[V2V Layer 2] Received message from replica 0 via JNI
    [Reliability 2] handleIncomingMessage() called
        Type: DATA
        From: 0
        SeqNum: 0
        Expected seq: 1
        -> DUPLICATE (seq < expected), ignoring
[V2VProxy 4] *** RECEIVED V2V message #3 from=0 to=-1 (broadcast=YES) at t=3.309002049804
V2VNativeBridge4: Received message from 0 with length 1028
[V2V Layer 4] Received message from replica 0 via JNI
    [Reliability 4] handleIncomingMessage() called
        Type: DATA
        From: 0
        SeqNum: 0
        Expected seq: 1
        -> DUPLICATE (seq < expected), ignoring
[V2VProxy 7] *** RECEIVED V2V message #3 from=0 to=-1 (broadcast=YES) at t=3.309002061357
V2VNativeBridge7: Received message from 0 with length 1028
[V2V Layer 7] Received message from replica 0 via JNI
    [Reliability 7] handleIncomingMessage() called
        Type: DATA
        From: 0
        SeqNum: 0
        Expected seq: 1
        -> DUPLICATE (seq < expected), ignoring
[V2VProxy 1] *** RECEIVED V2V message #3 from=0 to=-1 (broadcast=YES) at t=3.309002063063
V2VNativeBridge1: Received message from 0 with length 1028
[V2V Layer 1] Received message from replica 0 via JNI
    [Reliability 1] handleIncomingMessage() called
        Type: DATA
        From: 0
        SeqNum: 0
        Expected seq: 1
        -> DUPLICATE (seq < expected), ignoring
[V2VProxy 5] *** RECEIVED V2V message #3 from=0 to=-1 (broadcast=YES) at t=3.309002078623
V2VNativeBridge5: Received message from 0 with length 1028
[V2V Layer 5] Received message from replica 0 via JNI
    [Reliability 5] handleIncomingMessage() called
        Type: DATA
        From: 0
        SeqNum: 0
        Expected seq: 1
        -> DUPLICATE (seq < expected), ignoring
[V2VProxy 6] *** RECEIVED V2V message #4 from=0 to=-1 (broadcast=YES) at t=3.310341017602
V2VNativeBridge6: Received message from 0 with length 685
[V2V Layer 6] Received message from replica 0 via JNI
    [Reliability 6] handleIncomingMessage() called
        Type: DATA
        From: 0
        SeqNum: 1
        Expected seq: 1
        -> IN ORDER, delivering immediately
    [Reliability 6] deliverMessage() - deserializing payload
        Deserialized: ConsensusMessage
        DEBUG: envelope.fromReplicaId=0, message.getSender()=0
=== [V2V Layer 6] DELIVER to BFT-SMaRt ===
    Message type: ConsensusMessage
    From replica: 0
    InQueue size before: 0
    InQueue size after: 1
=== [V2V Layer 6] DELIVER successful ===
19:21:13.727 [Server Comm. System] INFO bftsmart.communication.ServerCommunicationSystem - === ServerCommunicationSystem RECEIVED message ===
[V2VProxy 3] *** RECEIVED V2V message #4 from=0 to=-1 (broadcast=YES) at t=3.310341025631
V2VNativeBridge3: Received message from 0 with length 685
[V2V Layer 3] Received message from replica 0 via JNI
19:21:13.727 [Server Comm. System] INFO bftsmart.communication.ServerCommunicationSystem -     Message type: ConsensusMessage
19:21:13.728 [Server Comm. System] INFO bftsmart.communication.ServerCommunicationSystem -     From: 0
19:21:13.728 [Server Comm. System] INFO bftsmart.communication.ServerCommunicationSystem -     Message count: 1
19:21:13.728 [Server Comm. System] DEBUG bftsmart.communication.ServerCommunicationSystem - <-- receiving, msg:type=WRITE, number=0, epoch=0, from=0
19:21:13.728 [Server Comm. System] DEBUG bftsmart.tom.core.ExecutionManager - Received message  type=WRITE, number=0, epoch=0, from=0
19:21:13.728 [Server Comm. System] DEBUG bftsmart.tom.core.ExecutionManager - I'm at consensus 0 and my last consensus is -1
19:21:13.728 [Server Comm. System] DEBUG bftsmart.tom.core.ExecutionManager - Message for consensus 0 can be processed
19:21:13.728 [Server Comm. System] DEBUG bftsmart.consensus.roles.Acceptor - Processing paxos msg with id 0
19:21:13.728 [Server Comm. System] DEBUG bftsmart.consensus.roles.Acceptor - WRITE received from:0, for consensus cId:0
19:21:13.728 [Server Comm. System] DEBUG bftsmart.consensus.roles.Acceptor - I have 2, WRITE's for cId:0, Epoch timestamp:0,
[Acceptor 6] computeWrite: cId=0, writeAccepted=2, quorum=5
19:21:13.728 [Server Comm. System] INFO bftsmart.communication.ServerCommunicationSystem - === Message processed ===
    [Reliability 3] handleIncomingMessage() called
        Type: DATA
        From: 0
        SeqNum: 1
        Expected seq: 1
        -> IN ORDER, delivering immediately
    [Reliability 3] deliverMessage() - deserializing payload
        Deserialized: ConsensusMessage
        DEBUG: envelope.fromReplicaId=0, message.getSender()=0
=== [V2V Layer 3] DELIVER to BFT-SMaRt ===
    Message type: ConsensusMessage
    From replica: 0
    InQueue size before: 0
    InQueue size after: 1
=== [V2V Layer 3] DELIVER successful ===
19:21:13.728 [Server Comm. System] INFO bftsmart.communication.ServerCommunicationSystem - === ServerCommunicationSystem RECEIVED message ===
19:21:13.728 [Server Comm. System] INFO bftsmart.communication.ServerCommunicationSystem -     Message type: ConsensusMessage
19:21:13.728 [Server Comm. System] INFO bftsmart.communication.ServerCommunicationSystem -     From: 0
19:21:13.728 [Server Comm. System] INFO bftsmart.communication.ServerCommunicationSystem -     Message count: 1
19:21:13.728 [Server Comm. System] DEBUG bftsmart.communication.ServerCommunicationSystem - <-- receiving, msg:type=WRITE, number=0, epoch=0, from=0
19:21:13.728 [Server Comm. System] DEBUG bftsmart.tom.core.ExecutionManager - Received message  type=WRITE, number=0, epoch=0, from=0
19:21:13.728 [Server Comm. System] DEBUG bftsmart.tom.core.ExecutionManager - I'm at consensus 0 and my last consensus is -1
19:21:13.728 [Server Comm. System] DEBUG bftsmart.tom.core.ExecutionManager - Message for consensus 0 can be processed
19:21:13.728 [Server Comm. System] DEBUG bftsmart.consensus.roles.Acceptor - Processing paxos msg with id 0
19:21:13.728 [Server Comm. System] DEBUG bftsmart.consensus.roles.Acceptor - WRITE received from:0, for consensus cId:0
[V2VProxy 2] *** RECEIVED V2V message #4 from=0 to=-1 (broadcast=YES) at t=3.310341042984
19:21:13.728 [Server Comm. System] DEBUG bftsmart.consensus.roles.Acceptor - I have 2, WRITE's for cId:0, Epoch timestamp:0,
V2VNativeBridge2: Received message from 0 with length 685
[Acceptor 3] computeWrite: cId=0, writeAccepted=2, quorum=5
19:21:13.728 [Server Comm. System] INFO bftsmart.communication.ServerCommunicationSystem - === Message processed ===
[V2V Layer 2] Received message from replica 0 via JNI
    [Reliability 2] handleIncomingMessage() called
        Type: DATA
        From: 0
        SeqNum: 1
        Expected seq: 1
        -> IN ORDER, delivering immediately
    [Reliability 2] deliverMessage() - deserializing payload
        Deserialized: ConsensusMessage
        DEBUG: envelope.fromReplicaId=0, message.getSender()=0
=== [V2V Layer 2] DELIVER to BFT-SMaRt ===
    Message type: ConsensusMessage
    From replica: 0
    InQueue size before: 0
    InQueue size after: 1
=== [V2V Layer 2] DELIVER successful ===
19:21:13.728 [Server Comm. System] INFO bftsmart.communication.ServerCommunicationSystem - === ServerCommunicationSystem RECEIVED message ===
19:21:13.728 [Server Comm. System] INFO bftsmart.communication.ServerCommunicationSystem -     Message type: ConsensusMessage
19:21:13.728 [Server Comm. System] INFO bftsmart.communication.ServerCommunicationSystem -     From: 0
[V2VProxy 4] *** RECEIVED V2V message #4 from=0 to=-1 (broadcast=YES) at t=3.310341049804
19:21:13.728 [Server Comm. System] INFO bftsmart.communication.ServerCommunicationSystem -     Message count: 1
V2VNativeBridge4: Received message from 0 with length 685
[V2V Layer 4] Received message from replica 0 via JNI
19:21:13.728 [Server Comm. System] DEBUG bftsmart.communication.ServerCommunicationSystem - <-- receiving, msg:type=WRITE, number=0, epoch=0, from=0
19:21:13.729 [Server Comm. System] DEBUG bftsmart.tom.core.ExecutionManager - Received message  type=WRITE, number=0, epoch=0, from=0
19:21:13.729 [Server Comm. System] DEBUG bftsmart.tom.core.ExecutionManager - I'm at consensus 0 and my last consensus is -1
    [Reliability 4] handleIncomingMessage() called
        Type: DATA
        From: 0
        SeqNum: 1
19:21:13.729 [Server Comm. System] DEBUG bftsmart.tom.core.ExecutionManager - Message for consensus 0 can be processed
        Expected seq: 1
        -> IN ORDER, delivering immediately
19:21:13.729 [Server Comm. System] DEBUG bftsmart.consensus.roles.Acceptor - Processing paxos msg with id 0
    [Reliability 4] deliverMessage() - deserializing payload
19:21:13.729 [Server Comm. System] DEBUG bftsmart.consensus.roles.Acceptor - WRITE received from:0, for consensus cId:0
        Deserialized: ConsensusMessage
        DEBUG: envelope.fromReplicaId=0, message.getSender()=0
=== [V2V Layer 4] DELIVER to BFT-SMaRt ===
    Message type: ConsensusMessage
    From replica: 0
    InQueue size before: 0
19:21:13.729 [Server Comm. System] DEBUG bftsmart.consensus.roles.Acceptor - I have 2, WRITE's for cId:0, Epoch timestamp:0,
[Acceptor 2] computeWrite: cId=0, writeAccepted=2, quorum=5
    InQueue size after: 1
=== [V2V Layer 4] DELIVER successful ===
19:21:13.729 [Server Comm. System] INFO bftsmart.communication.ServerCommunicationSystem - === Message processed ===
19:21:13.729 [Server Comm. System] INFO bftsmart.communication.ServerCommunicationSystem - === ServerCommunicationSystem RECEIVED message ===
19:21:13.729 [Server Comm. System] INFO bftsmart.communication.ServerCommunicationSystem -     Message type: ConsensusMessage
19:21:13.729 [Server Comm. System] INFO bftsmart.communication.ServerCommunicationSystem -     From: 0
19:21:13.729 [Server Comm. System] INFO bftsmart.communication.ServerCommunicationSystem -     Message count: 1
19:21:13.729 [Server Comm. System] DEBUG bftsmart.communication.ServerCommunicationSystem - <-- receiving, msg:type=WRITE, number=0, epoch=0, from=0
19:21:13.729 [Server Comm. System] DEBUG bftsmart.tom.core.ExecutionManager - Received message  type=WRITE, number=0, epoch=0, from=0
19:21:13.729 [Server Comm. System] DEBUG bftsmart.tom.core.ExecutionManager - I'm at consensus 0 and my last consensus is -1
[V2VProxy 7] *** RECEIVED V2V message #4 from=0 to=-1 (broadcast=YES) at t=3.310341061357
V2VNativeBridge7: Received message from 0 with length 685
[V2V Layer 7] Received message from replica 0 via JNI
19:21:13.729 [Server Comm. System] DEBUG bftsmart.tom.core.ExecutionManager - Message for consensus 0 can be processed
19:21:13.729 [Server Comm. System] DEBUG bftsmart.consensus.roles.Acceptor - Processing paxos msg with id 0
19:21:13.729 [Server Comm. System] DEBUG bftsmart.consensus.roles.Acceptor - WRITE received from:0, for consensus cId:0
19:21:13.729 [Server Comm. System] DEBUG bftsmart.consensus.roles.Acceptor - I have 2, WRITE's for cId:0, Epoch timestamp:0,
[Acceptor 4] computeWrite: cId=0, writeAccepted=2, quorum=5
19:21:13.729 [Server Comm. System] INFO bftsmart.communication.ServerCommunicationSystem - === Message processed ===
    [Reliability 7] handleIncomingMessage() called
        Type: DATA
        From: 0
        SeqNum: 1
        Expected seq: 1
        -> IN ORDER, delivering immediately
    [Reliability 7] deliverMessage() - deserializing payload
        Deserialized: ConsensusMessage
        DEBUG: envelope.fromReplicaId=0, message.getSender()=0
=== [V2V Layer 7] DELIVER to BFT-SMaRt ===
    Message type: ConsensusMessage
    From replica: 0
    InQueue size before: 0
    InQueue size after: 1
=== [V2V Layer 7] DELIVER successful ===
19:21:13.729 [Server Comm. System] INFO bftsmart.communication.ServerCommunicationSystem - === ServerCommunicationSystem RECEIVED message ===
19:21:13.729 [Server Comm. System] INFO bftsmart.communication.ServerCommunicationSystem -     Message type: ConsensusMessage
19:21:13.729 [Server Comm. System] INFO bftsmart.communication.ServerCommunicationSystem -     From: 0
19:21:13.730 [Server Comm. System] INFO bftsmart.communication.ServerCommunicationSystem -     Message count: 1
19:21:13.730 [Server Comm. System] DEBUG bftsmart.communication.ServerCommunicationSystem - <-- receiving, msg:type=WRITE, number=0, epoch=0, from=0
[V2VProxy 1] *** RECEIVED V2V message #4 from=0 to=-1 (broadcast=YES) at t=3.310341063063
19:21:13.730 [Server Comm. System] DEBUG bftsmart.tom.core.ExecutionManager - Received message  type=WRITE, number=0, epoch=0, from=0
19:21:13.730 [Server Comm. System] DEBUG bftsmart.tom.core.ExecutionManager - I'm at consensus 0 and my last consensus is -1
V2VNativeBridge1: Received message from 0 with length 685
19:21:13.730 [Server Comm. System] DEBUG bftsmart.tom.core.ExecutionManager - Message for consensus 0 can be processed
[V2V Layer 1] Received message from replica 0 via JNI
19:21:13.730 [Server Comm. System] DEBUG bftsmart.consensus.roles.Acceptor - Processing paxos msg with id 0
19:21:13.730 [Server Comm. System] DEBUG bftsmart.consensus.roles.Acceptor - WRITE received from:0, for consensus cId:0
19:21:13.730 [Server Comm. System] DEBUG bftsmart.consensus.roles.Acceptor - I have 2, WRITE's for cId:0, Epoch timestamp:0,
[Acceptor 7] computeWrite: cId=0, writeAccepted=2, quorum=5
19:21:13.730 [Server Comm. System] INFO bftsmart.communication.ServerCommunicationSystem - === Message processed ===
    [Reliability 1] handleIncomingMessage() called
        Type: DATA
        From: 0
        SeqNum: 1
        Expected seq: 1
        -> IN ORDER, delivering immediately
    [Reliability 1] deliverMessage() - deserializing payload
        Deserialized: ConsensusMessage
        DEBUG: envelope.fromReplicaId=0, message.getSender()=0
=== [V2V Layer 1] DELIVER to BFT-SMaRt ===
    Message type: ConsensusMessage
    From replica: 0
    InQueue size before: 0
    InQueue size after: 1
=== [V2V Layer 1] DELIVER successful ===
19:21:13.730 [Server Comm. System] INFO bftsmart.communication.ServerCommunicationSystem - === ServerCommunicationSystem RECEIVED message ===
19:21:13.730 [Server Comm. System] INFO bftsmart.communication.ServerCommunicationSystem -     Message type: ConsensusMessage
[V2VProxy 5] *** RECEIVED V2V message #4 from=0 to=-1 (broadcast=YES) at t=3.310341078623
19:21:13.730 [Server Comm. System] INFO bftsmart.communication.ServerCommunicationSystem -     From: 0
V2VNativeBridge5: Received message from 0 with length 685
19:21:13.730 [Server Comm. System] INFO bftsmart.communication.ServerCommunicationSystem -     Message count: 1
[V2V Layer 5] Received message from replica 0 via JNI
19:21:13.730 [Server Comm. System] DEBUG bftsmart.communication.ServerCommunicationSystem - <-- receiving, msg:type=WRITE, number=0, epoch=0, from=0
19:21:13.730 [Server Comm. System] DEBUG bftsmart.tom.core.ExecutionManager - Received message  type=WRITE, number=0, epoch=0, from=0
19:21:13.730 [Server Comm. System] DEBUG bftsmart.tom.core.ExecutionManager - I'm at consensus 0 and my last consensus is -1
19:21:13.730 [Server Comm. System] DEBUG bftsmart.tom.core.ExecutionManager - Message for consensus 0 can be processed
19:21:13.730 [Server Comm. System] DEBUG bftsmart.consensus.roles.Acceptor - Processing paxos msg with id 0
19:21:13.730 [Server Comm. System] DEBUG bftsmart.consensus.roles.Acceptor - WRITE received from:0, for consensus cId:0
19:21:13.730 [Server Comm. System] DEBUG bftsmart.consensus.roles.Acceptor - I have 2, WRITE's for cId:0, Epoch timestamp:0,
[Acceptor 1] computeWrite: cId=0, writeAccepted=2, quorum=5
19:21:13.730 [Server Comm. System] INFO bftsmart.communication.ServerCommunicationSystem - === Message processed ===
    [Reliability 5] handleIncomingMessage() called
        Type: DATA
        From: 0
        SeqNum: 1
        Expected seq: 1
        -> IN ORDER, delivering immediately
    [Reliability 5] deliverMessage() - deserializing payload
        Deserialized: ConsensusMessage
        DEBUG: envelope.fromReplicaId=0, message.getSender()=0
=== [V2V Layer 5] DELIVER to BFT-SMaRt ===
    Message type: ConsensusMessage
    From replica: 0
    InQueue size before: 0
    InQueue size after: 1
=== [V2V Layer 5] DELIVER successful ===
19:21:13.730 [Server Comm. System] INFO bftsmart.communication.ServerCommunicationSystem - === ServerCommunicationSystem RECEIVED message ===
19:21:13.730 [Server Comm. System] INFO bftsmart.communication.ServerCommunicationSystem -     Message type: ConsensusMessage
19:21:13.730 [Server Comm. System] INFO bftsmart.communication.ServerCommunicationSystem -     From: 0
19:21:13.730 [Server Comm. System] INFO bftsmart.communication.ServerCommunicationSystem -     Message count: 1
19:21:13.730 [Server Comm. System] DEBUG bftsmart.communication.ServerCommunicationSystem - <-- receiving, msg:type=WRITE, number=0, epoch=0, from=0
19:21:13.730 [Server Comm. System] DEBUG bftsmart.tom.core.ExecutionManager - Received message  type=WRITE, number=0, epoch=0, from=0
19:21:13.730 [Server Comm. System] DEBUG bftsmart.tom.core.ExecutionManager - I'm at consensus 0 and my last consensus is -1
19:21:13.730 [Server Comm. System] DEBUG bftsmart.tom.core.ExecutionManager - Message for consensus 0 can be processed
19:21:13.730 [Server Comm. System] DEBUG bftsmart.consensus.roles.Acceptor - Processing paxos msg with id 0
19:21:13.730 [Server Comm. System] DEBUG bftsmart.consensus.roles.Acceptor - WRITE received from:0, for consensus cId:0
19:21:13.730 [Server Comm. System] DEBUG bftsmart.consensus.roles.Acceptor - I have 2, WRITE's for cId:0, Epoch timestamp:0,
[Acceptor 5] computeWrite: cId=0, writeAccepted=2, quorum=5
19:21:13.730 [Server Comm. System] INFO bftsmart.communication.ServerCommunicationSystem - === Message processed ===
[V2VProxy 6] *** RECEIVED V2V message #5 from=0 to=-1 (broadcast=YES) at t=3.311693017602
V2VNativeBridge6: Received message from 0 with length 685
[V2V Layer 6] Received message from replica 0 via JNI
    [Reliability 6] handleIncomingMessage() called
        Type: DATA
        From: 0
        SeqNum: 1
        Expected seq: 2
        -> DUPLICATE (seq < expected), ignoring
[V2VProxy 3] *** RECEIVED V2V message #5 from=0 to=-1 (broadcast=YES) at t=3.311693025631
V2VNativeBridge3: Received message from 0 with length 685
[V2V Layer 3] Received message from replica 0 via JNI
    [Reliability 3] handleIncomingMessage() called
        Type: DATA
        From: 0
        SeqNum: 1
        Expected seq: 2
        -> DUPLICATE (seq < expected), ignoring
[V2VProxy 2] *** RECEIVED V2V message #5 from=0 to=-1 (broadcast=YES) at t=3.311693042984
V2VNativeBridge2: Received message from 0 with length 685
[V2V Layer 2] Received message from replica 0 via JNI
    [Reliability 2] handleIncomingMessage() called
        Type: DATA
        From: 0
        SeqNum: 1
        Expected seq: 2
        -> DUPLICATE (seq < expected), ignoring
[V2VProxy 4] *** RECEIVED V2V message #5 from=0 to=-1 (broadcast=YES) at t=3.311693049804
V2VNativeBridge4: Received message from 0 with length 685
[V2V Layer 4] Received message from replica 0 via JNI
    [Reliability 4] handleIncomingMessage() called
        Type: DATA
        From: 0
        SeqNum: 1
        Expected seq: 2
        -> DUPLICATE (seq < expected), ignoring
[V2VProxy 7] *** RECEIVED V2V message #5 from=0 to=-1 (broadcast=YES) at t=3.311693061357
V2VNativeBridge7: Received message from 0 with length 685
[V2V Layer 7] Received message from replica 0 via JNI
    [Reliability 7] handleIncomingMessage() called
        Type: DATA
        From: 0
        SeqNum: 1
        Expected seq: 2
        -> DUPLICATE (seq < expected), ignoring
[V2VProxy 1] *** RECEIVED V2V message #5 from=0 to=-1 (broadcast=YES) at t=3.311693063063
V2VNativeBridge1: Received message from 0 with length 685
[V2V Layer 1] Received message from replica 0 via JNI
    [Reliability 1] handleIncomingMessage() called
        Type: DATA
        From: 0
        SeqNum: 1
        Expected seq: 2
        -> DUPLICATE (seq < expected), ignoring
[V2VProxy 5] *** RECEIVED V2V message #5 from=0 to=-1 (broadcast=YES) at t=3.311693078623
V2VNativeBridge5: Received message from 0 with length 685
[V2V Layer 5] Received message from replica 0 via JNI
    [Reliability 5] handleIncomingMessage() called
        Type: DATA
        From: 0
        SeqNum: 1
        Expected seq: 2
        -> DUPLICATE (seq < expected), ignoring
[V2VProxy 6] *** RECEIVED V2V message #6 from=0 to=-1 (broadcast=YES) at t=3.313679017602
V2VNativeBridge6: Received message from 0 with length 1028
[V2V Layer 6] Received message from replica 0 via JNI
    [Reliability 6] handleIncomingMessage() called
        Type: DATA
        From: 0
        SeqNum: 0
        Expected seq: 2
        -> DUPLICATE (seq < expected), ignoring
[V2VProxy 3] *** RECEIVED V2V message #6 from=0 to=-1 (broadcast=YES) at t=3.313679025631
V2VNativeBridge3: Received message from 0 with length 1028
[V2V Layer 3] Received message from replica 0 via JNI
    [Reliability 3] handleIncomingMessage() called
        Type: DATA
        From: 0
        SeqNum: 0
        Expected seq: 2
        -> DUPLICATE (seq < expected), ignoring
[V2VProxy 2] *** RECEIVED V2V message #6 from=0 to=-1 (broadcast=YES) at t=3.313679042984
V2VNativeBridge2: Received message from 0 with length 1028
[V2V Layer 2] Received message from replica 0 via JNI
    [Reliability 2] handleIncomingMessage() called
        Type: DATA
        From: 0
        SeqNum: 0
        Expected seq: 2
        -> DUPLICATE (seq < expected), ignoring
[V2VProxy 4] *** RECEIVED V2V message #6 from=0 to=-1 (broadcast=YES) at t=3.313679049804
V2VNativeBridge4: Received message from 0 with length 1028
[V2V Layer 4] Received message from replica 0 via JNI
    [Reliability 4] handleIncomingMessage() called
        Type: DATA
        From: 0
        SeqNum: 0
        Expected seq: 2
        -> DUPLICATE (seq < expected), ignoring
[V2VProxy 7] *** RECEIVED V2V message #6 from=0 to=-1 (broadcast=YES) at t=3.313679061357
V2VNativeBridge7: Received message from 0 with length 1028
[V2V Layer 7] Received message from replica 0 via JNI
    [Reliability 7] handleIncomingMessage() called
        Type: DATA
        From: 0
        SeqNum: 0
        Expected seq: 2
        -> DUPLICATE (seq < expected), ignoring
[V2VProxy 1] *** RECEIVED V2V message #6 from=0 to=-1 (broadcast=YES) at t=3.313679063063
V2VNativeBridge1: Received message from 0 with length 1028
[V2V Layer 1] Received message from replica 0 via JNI
    [Reliability 1] handleIncomingMessage() called
        Type: DATA
        From: 0
        SeqNum: 0
        Expected seq: 2
        -> DUPLICATE (seq < expected), ignoring
[V2VProxy 5] *** RECEIVED V2V message #6 from=0 to=-1 (broadcast=YES) at t=3.313679078623
V2VNativeBridge5: Received message from 0 with length 1028
[V2V Layer 5] Received message from replica 0 via JNI
    [Reliability 5] handleIncomingMessage() called
        Type: DATA
        From: 0
        SeqNum: 0
        Expected seq: 2
        -> DUPLICATE (seq < expected), ignoring
[V2VProxy 6] *** RECEIVED V2V message #7 from=0 to=-1 (broadcast=YES) at t=3.315639017602
V2VNativeBridge6: Received message from 0 with length 1028
[V2V Layer 6] Received message from replica 0 via JNI
    [Reliability 6] handleIncomingMessage() called
        Type: DATA
        From: 0
        SeqNum: 0
        Expected seq: 2
        -> DUPLICATE (seq < expected), ignoring
[V2VProxy 3] *** RECEIVED V2V message #7 from=0 to=-1 (broadcast=YES) at t=3.315639025631
V2VNativeBridge3: Received message from 0 with length 1028
[V2V Layer 3] Received message from replica 0 via JNI
    [Reliability 3] handleIncomingMessage() called
        Type: DATA
        From: 0
        SeqNum: 0
        Expected seq: 2
        -> DUPLICATE (seq < expected), ignoring
[V2VProxy 2] *** RECEIVED V2V message #7 from=0 to=-1 (broadcast=YES) at t=3.315639042984
V2VNativeBridge2: Received message from 0 with length 1028
[V2V Layer 2] Received message from replica 0 via JNI
    [Reliability 2] handleIncomingMessage() called
        Type: DATA
        From: 0
        SeqNum: 0
        Expected seq: 2
        -> DUPLICATE (seq < expected), ignoring
[V2VProxy 4] *** RECEIVED V2V message #7 from=0 to=-1 (broadcast=YES) at t=3.315639049804
V2VNativeBridge4: Received message from 0 with length 1028
[V2V Layer 4] Received message from replica 0 via JNI
    [Reliability 4] handleIncomingMessage() called
        Type: DATA
        From: 0
        SeqNum: 0
        Expected seq: 2
        -> DUPLICATE (seq < expected), ignoring
[V2VProxy 7] *** RECEIVED V2V message #7 from=0 to=-1 (broadcast=YES) at t=3.315639061357
V2VNativeBridge7: Received message from 0 with length 1028
[V2V Layer 7] Received message from replica 0 via JNI
    [Reliability 7] handleIncomingMessage() called
        Type: DATA
        From: 0
        SeqNum: 0
        Expected seq: 2
        -> DUPLICATE (seq < expected), ignoring
[V2VProxy 1] *** RECEIVED V2V message #7 from=0 to=-1 (broadcast=YES) at t=3.315639063063
V2VNativeBridge1: Received message from 0 with length 1028
[V2V Layer 1] Received message from replica 0 via JNI
    [Reliability 1] handleIncomingMessage() called
        Type: DATA
        From: 0
        SeqNum: 0
        Expected seq: 2
        -> DUPLICATE (seq < expected), ignoring
[V2VProxy 5] *** RECEIVED V2V message #7 from=0 to=-1 (broadcast=YES) at t=3.315639078623
V2VNativeBridge5: Received message from 0 with length 1028
[V2V Layer 5] Received message from replica 0 via JNI
    [Reliability 5] handleIncomingMessage() called
        Type: DATA
        From: 0
        SeqNum: 0
        Expected seq: 2
        -> DUPLICATE (seq < expected), ignoring
[V2VProxy 0] *** SENDING V2V message #8 from=0 to=-1 size=685 bytes at t=3.35
[V2VProxy 0] *** SENDING V2V message #9 from=0 to=-1 size=1028 bytes at t=3.35
[V2VProxy 0] *** SENDING V2V message #10 from=0 to=-1 size=1028 bytes at t=3.35
[V2VProxy 0] *** SENDING V2V message #11 from=0 to=-1 size=685 bytes at t=3.35
[V2VProxy 0] *** SENDING V2V message #12 from=0 to=-1 size=685 bytes at t=3.35
[V2VProxy 0] *** SENDING V2V message #13 from=0 to=-1 size=685 bytes at t=3.35
[V2VProxy 0] *** SENDING V2V message #14 from=0 to=-1 size=685 bytes at t=3.35
[V2VProxy 1] *** SENDING V2V message #1 from=1 to=-1 size=763 bytes at t=3.35
[V2VProxy 1] *** SENDING V2V message #2 from=1 to=-1 size=685 bytes at t=3.35
[V2VProxy 1] *** SENDING V2V message #3 from=1 to=-1 size=685 bytes at t=3.35
[V2VProxy 1] *** SENDING V2V message #4 from=1 to=-1 size=685 bytes at t=3.35
[V2VProxy 1] *** SENDING V2V message #5 from=1 to=-1 size=685 bytes at t=3.35
[V2VProxy 1] *** SENDING V2V message #6 from=1 to=-1 size=685 bytes at t=3.35
[V2VProxy 1] *** SENDING V2V message #7 from=1 to=-1 size=685 bytes at t=3.35
[V2VProxy 2] *** SENDING V2V message #1 from=2 to=-1 size=763 bytes at t=3.35
[V2VProxy 2] *** SENDING V2V message #2 from=2 to=-1 size=685 bytes at t=3.35
[V2VProxy 2] *** SENDING V2V message #3 from=2 to=-1 size=685 bytes at t=3.35
[V2VProxy 2] *** SENDING V2V message #4 from=2 to=-1 size=685 bytes at t=3.35
[V2VProxy 2] *** SENDING V2V message #5 from=2 to=-1 size=685 bytes at t=3.35
[V2VProxy 2] *** SENDING V2V message #6 from=2 to=-1 size=685 bytes at t=3.35
[V2VProxy 2] *** SENDING V2V message #7 from=2 to=-1 size=685 bytes at t=3.35
[V2VProxy 3] *** SENDING V2V message #1 from=3 to=-1 size=763 bytes at t=3.35
[V2VProxy 3] *** SENDING V2V message #2 from=3 to=-1 size=685 bytes at t=3.35
[V2VProxy 3] *** SENDING V2V message #3 from=3 to=-1 size=685 bytes at t=3.35
[V2VProxy 3] *** SENDING V2V message #4 from=3 to=-1 size=685 bytes at t=3.35
[V2VProxy 3] *** SENDING V2V message #5 from=3 to=-1 size=685 bytes at t=3.35
[V2VProxy 3] *** SENDING V2V message #6 from=3 to=-1 size=685 bytes at t=3.35
[V2VProxy 3] *** SENDING V2V message #7 from=3 to=-1 size=685 bytes at t=3.35
[V2VProxy 4] *** SENDING V2V message #1 from=4 to=-1 size=763 bytes at t=3.35
[V2VProxy 4] *** SENDING V2V message #2 from=4 to=-1 size=685 bytes at t=3.35
[V2VProxy 4] *** SENDING V2V message #3 from=4 to=-1 size=685 bytes at t=3.35
[V2VProxy 4] *** SENDING V2V message #4 from=4 to=-1 size=685 bytes at t=3.35
[V2VProxy 4] *** SENDING V2V message #5 from=4 to=-1 size=685 bytes at t=3.35
[V2VProxy 4] *** SENDING V2V message #6 from=4 to=-1 size=685 bytes at t=3.35
[V2VProxy 4] *** SENDING V2V message #7 from=4 to=-1 size=685 bytes at t=3.35
[V2VProxy 5] *** SENDING V2V message #1 from=5 to=-1 size=763 bytes at t=3.35
[V2VProxy 5] *** SENDING V2V message #2 from=5 to=-1 size=685 bytes at t=3.35
[V2VProxy 5] *** SENDING V2V message #3 from=5 to=-1 size=685 bytes at t=3.35
[V2VProxy 5] *** SENDING V2V message #4 from=5 to=-1 size=685 bytes at t=3.35
[V2VProxy 5] *** SENDING V2V message #5 from=5 to=-1 size=685 bytes at t=3.35
[V2VProxy 5] *** SENDING V2V message #6 from=5 to=-1 size=685 bytes at t=3.35
[V2VProxy 5] *** SENDING V2V message #7 from=5 to=-1 size=685 bytes at t=3.35
[V2VProxy 6] *** SENDING V2V message #1 from=6 to=-1 size=763 bytes at t=3.35
[V2VProxy 6] *** SENDING V2V message #2 from=6 to=-1 size=685 bytes at t=3.35
[V2VProxy 6] *** SENDING V2V message #3 from=6 to=-1 size=685 bytes at t=3.35
[V2VProxy 6] *** SENDING V2V message #4 from=6 to=-1 size=685 bytes at t=3.35
[V2VProxy 6] *** SENDING V2V message #5 from=6 to=-1 size=685 bytes at t=3.35
[V2VProxy 6] *** SENDING V2V message #6 from=6 to=-1 size=685 bytes at t=3.35
[V2VProxy 6] *** SENDING V2V message #7 from=6 to=-1 size=685 bytes at t=3.35
[V2VProxy 7] *** SENDING V2V message #1 from=7 to=-1 size=763 bytes at t=3.35
[V2VProxy 7] *** SENDING V2V message #2 from=7 to=-1 size=685 bytes at t=3.35
[V2VProxy 7] *** SENDING V2V message #3 from=7 to=-1 size=685 bytes at t=3.35
[V2VProxy 7] *** SENDING V2V message #4 from=7 to=-1 size=685 bytes at t=3.35
[V2VProxy 7] *** SENDING V2V message #5 from=7 to=-1 size=685 bytes at t=3.35
[V2VProxy 7] *** SENDING V2V message #6 from=7 to=-1 size=685 bytes at t=3.35
[V2VProxy 7] *** SENDING V2V message #7 from=7 to=-1 size=685 bytes at t=3.35
[V2VProxy 2] *** RECEIVED V2V message #8 from=4 to=-1 (broadcast=YES) at t=3.35259906721
V2VNativeBridge2: Received message from 4 with length 763
[V2V Layer 2] Received message from replica 4 via JNI
    [Reliability 2] handleIncomingMessage() called
        Type: DATA
        From: 4
        SeqNum: 0
        Expected seq: 0
        -> IN ORDER, delivering immediately
    [Reliability 2] deliverMessage() - deserializing payload
        Deserialized: ConsensusMessage
        DEBUG: envelope.fromReplicaId=4, message.getSender()=4
=== [V2V Layer 2] DELIVER to BFT-SMaRt ===
    Message type: ConsensusMessage
    From replica: 4
    InQueue size before: 0
    InQueue size after: 1
=== [V2V Layer 2] DELIVER successful ===
19:21:13.819 [Server Comm. System] INFO bftsmart.communication.ServerCommunicationSystem - === ServerCommunicationSystem RECEIVED message ===
19:21:13.819 [Server Comm. System] INFO bftsmart.communication.ServerCommunicationSystem -     Message type: ConsensusMessage
19:21:13.819 [Server Comm. System] INFO bftsmart.communication.ServerCommunicationSystem -     From: 4
19:21:13.819 [Server Comm. System] INFO bftsmart.communication.ServerCommunicationSystem -     Message count: 2
19:21:13.819 [Server Comm. System] DEBUG bftsmart.communication.ServerCommunicationSystem - <-- receiving, msg:type=WRITE, number=0, epoch=0, from=4
19:21:13.819 [Server Comm. System] DEBUG bftsmart.tom.core.ExecutionManager - Received message  type=WRITE, number=0, epoch=0, from=4
19:21:13.819 [Server Comm. System] DEBUG bftsmart.tom.core.ExecutionManager - I'm at consensus 0 and my last consensus is -1
19:21:13.820 [Server Comm. System] DEBUG bftsmart.tom.core.ExecutionManager - Message for consensus 0 can be processed
19:21:13.820 [Server Comm. System] DEBUG bftsmart.consensus.roles.Acceptor - Processing paxos msg with id 0
19:21:13.820 [Server Comm. System] DEBUG bftsmart.consensus.roles.Acceptor - WRITE received from:4, for consensus cId:0
[V2VProxy 5] *** RECEIVED V2V message #8 from=4 to=-1 (broadcast=YES) at t=3.352599082767
V2VNativeBridge5: Received message from 4 with length 763
19:21:13.820 [Server Comm. System] DEBUG bftsmart.consensus.roles.Acceptor - I have 3, WRITE's for cId:0, Epoch timestamp:0,
[V2V Layer 5] Received message from replica 4 via JNI
[Acceptor 2] computeWrite: cId=0, writeAccepted=3, quorum=5
19:21:13.820 [Server Comm. System] INFO bftsmart.communication.ServerCommunicationSystem - === Message processed ===
    [Reliability 5] handleIncomingMessage() called
        Type: DATA
        From: 4
        SeqNum: 0
        Expected seq: 0
        -> IN ORDER, delivering immediately
    [Reliability 5] deliverMessage() - deserializing payload
        Deserialized: ConsensusMessage
        DEBUG: envelope.fromReplicaId=4, message.getSender()=4
=== [V2V Layer 5] DELIVER to BFT-SMaRt ===
    Message type: ConsensusMessage
    From replica: 4
    InQueue size before: 0
    InQueue size after: 1
=== [V2V Layer 5] DELIVER successful ===
19:21:13.821 [Server Comm. System] INFO bftsmart.communication.ServerCommunicationSystem - === ServerCommunicationSystem RECEIVED message ===
19:21:13.821 [Server Comm. System] INFO bftsmart.communication.ServerCommunicationSystem -     Message type: ConsensusMessage
19:21:13.821 [Server Comm. System] INFO bftsmart.communication.ServerCommunicationSystem -     From: 4
19:21:13.821 [Server Comm. System] INFO bftsmart.communication.ServerCommunicationSystem -     Message count: 2
19:21:13.821 [Server Comm. System] DEBUG bftsmart.communication.ServerCommunicationSystem - <-- receiving, msg:type=WRITE, number=0, epoch=0, from=4
19:21:13.821 [Server Comm. System] DEBUG bftsmart.tom.core.ExecutionManager - Received message  type=WRITE, number=0, epoch=0, from=4
19:21:13.821 [Server Comm. System] DEBUG bftsmart.tom.core.ExecutionManager - I'm at consensus 0 and my last consensus is -1
19:21:13.821 [Server Comm. System] DEBUG bftsmart.tom.core.ExecutionManager - Message for consensus 0 can be processed
19:21:13.821 [Server Comm. System] DEBUG bftsmart.consensus.roles.Acceptor - Processing paxos msg with id 0
19:21:13.821 [Server Comm. System] DEBUG bftsmart.consensus.roles.Acceptor - WRITE received from:4, for consensus cId:0
19:21:13.821 [Server Comm. System] DEBUG bftsmart.consensus.roles.Acceptor - I have 3, WRITE's for cId:0, Epoch timestamp:0,
[Acceptor 5] computeWrite: cId=0, writeAccepted=3, quorum=5
19:21:13.821 [Server Comm. System] INFO bftsmart.communication.ServerCommunicationSystem - === Message processed ===
[V2VProxy 3] *** RECEIVED V2V message #8 from=4 to=-1 (broadcast=YES) at t=3.352599093728
V2VNativeBridge3: Received message from 4 with length 763
[V2V Layer 3] Received message from replica 4 via JNI
    [Reliability 3] handleIncomingMessage() called
        Type: DATA
        From: 4
        SeqNum: 0
        Expected seq: 0
        -> IN ORDER, delivering immediately
    [Reliability 3] deliverMessage() - deserializing payload
        Deserialized: ConsensusMessage
        DEBUG: envelope.fromReplicaId=4, message.getSender()=4
=== [V2V Layer 3] DELIVER to BFT-SMaRt ===
    Message type: ConsensusMessage
    From replica: 4
    InQueue size before: 0
    InQueue size after: 1
=== [V2V Layer 3] DELIVER successful ===
19:21:13.821 [Server Comm. System] INFO bftsmart.communication.ServerCommunicationSystem - === ServerCommunicationSystem RECEIVED message ===
19:21:13.821 [Server Comm. System] INFO bftsmart.communication.ServerCommunicationSystem -     Message type: ConsensusMessage
19:21:13.821 [Server Comm. System] INFO bftsmart.communication.ServerCommunicationSystem -     From: 4
19:21:13.821 [Server Comm. System] INFO bftsmart.communication.ServerCommunicationSystem -     Message count: 2
19:21:13.821 [Server Comm. System] DEBUG bftsmart.communication.ServerCommunicationSystem - <-- receiving, msg:type=WRITE, number=0, epoch=0, from=4
19:21:13.821 [Server Comm. System] DEBUG bftsmart.tom.core.ExecutionManager - Received message  type=WRITE, number=0, epoch=0, from=4
19:21:13.821 [Server Comm. System] DEBUG bftsmart.tom.core.ExecutionManager - I'm at consensus 0 and my last consensus is -1
19:21:13.821 [Server Comm. System] DEBUG bftsmart.tom.core.ExecutionManager - Message for consensus 0 can be processed
19:21:13.821 [Server Comm. System] DEBUG bftsmart.consensus.roles.Acceptor - Processing paxos msg with id 0
19:21:13.821 [Server Comm. System] DEBUG bftsmart.consensus.roles.Acceptor - WRITE received from:4, for consensus cId:0
[V2VProxy 0] *** RECEIVED V2V message #1 from=4 to=-1 (broadcast=YES) at t=3.352599099608
V2VNativeBridge0: Received message from 4 with length 763
[V2V Layer 0] Received message from replica 4 via JNI
19:21:13.822 [Server Comm. System] DEBUG bftsmart.consensus.roles.Acceptor - I have 3, WRITE's for cId:0, Epoch timestamp:0,
[Acceptor 3] computeWrite: cId=0, writeAccepted=3, quorum=5
19:21:13.822 [Server Comm. System] INFO bftsmart.communication.ServerCommunicationSystem - === Message processed ===
    [Reliability 0] handleIncomingMessage() called
        Type: DATA
        From: 4
        SeqNum: 0
        Expected seq: 0
        -> IN ORDER, delivering immediately
    [Reliability 0] deliverMessage() - deserializing payload
        Deserialized: ConsensusMessage
        DEBUG: envelope.fromReplicaId=4, message.getSender()=4
=== [V2V Layer 0] DELIVER to BFT-SMaRt ===
    Message type: ConsensusMessage
    From replica: 4
    InQueue size before: 0
    InQueue size after: 1
=== [V2V Layer 0] DELIVER successful ===
19:21:13.822 [Server Comm. System] INFO bftsmart.communication.ServerCommunicationSystem - === ServerCommunicationSystem RECEIVED message ===
19:21:13.822 [Server Comm. System] INFO bftsmart.communication.ServerCommunicationSystem -     Message type: ConsensusMessage
19:21:13.822 [Server Comm. System] INFO bftsmart.communication.ServerCommunicationSystem -     From: 4
19:21:13.822 [Server Comm. System] INFO bftsmart.communication.ServerCommunicationSystem -     Message count: 1
[V2VProxy 1] *** RECEIVED V2V message #8 from=4 to=-1 (broadcast=YES) at t=3.352599101359
19:21:13.822 [Server Comm. System] DEBUG bftsmart.communication.ServerCommunicationSystem - <-- receiving, msg:type=WRITE, number=0, epoch=0, from=4
V2VNativeBridge1: Received message from 4 with length 763
19:21:13.822 [Server Comm. System] DEBUG bftsmart.tom.core.ExecutionManager - Received message  type=WRITE, number=0, epoch=0, from=4
[V2V Layer 1] Received message from replica 4 via JNI
19:21:13.822 [Server Comm. System] DEBUG bftsmart.tom.core.ExecutionManager - I'm at consensus 0 and my last consensus is -1
19:21:13.822 [Server Comm. System] DEBUG bftsmart.tom.core.ExecutionManager - Message for consensus 0 can be processed
19:21:13.822 [Server Comm. System] DEBUG bftsmart.consensus.roles.Acceptor - Processing paxos msg with id 0
19:21:13.822 [Server Comm. System] DEBUG bftsmart.consensus.roles.Acceptor - WRITE received from:4, for consensus cId:0
19:21:13.822 [Server Comm. System] DEBUG bftsmart.consensus.roles.Acceptor - I have 2, WRITE's for cId:0, Epoch timestamp:0,
[Acceptor 0] computeWrite: cId=0, writeAccepted=2, quorum=5
19:21:13.822 [Server Comm. System] INFO bftsmart.communication.ServerCommunicationSystem - === Message processed ===
    [Reliability 1] handleIncomingMessage() called
        Type: DATA
        From: 4
        SeqNum: 0
        Expected seq: 0
        -> IN ORDER, delivering immediately
    [Reliability 1] deliverMessage() - deserializing payload
        Deserialized: ConsensusMessage
        DEBUG: envelope.fromReplicaId=4, message.getSender()=4
=== [V2V Layer 1] DELIVER to BFT-SMaRt ===
    Message type: ConsensusMessage
    From replica: 4
    InQueue size before: 0
    InQueue size after: 1
=== [V2V Layer 1] DELIVER successful ===
19:21:13.822 [Server Comm. System] INFO bftsmart.communication.ServerCommunicationSystem - === ServerCommunicationSystem RECEIVED message ===
19:21:13.822 [Server Comm. System] INFO bftsmart.communication.ServerCommunicationSystem -     Message type: ConsensusMessage
19:21:13.822 [Server Comm. System] INFO bftsmart.communication.ServerCommunicationSystem -     From: 4
19:21:13.822 [Server Comm. System] INFO bftsmart.communication.ServerCommunicationSystem -     Message count: 2
19:21:13.822 [Server Comm. System] DEBUG bftsmart.communication.ServerCommunicationSystem - <-- receiving, msg:type=WRITE, number=0, epoch=0, from=4
19:21:13.822 [Server Comm. System] DEBUG bftsmart.tom.core.ExecutionManager - Received message  type=WRITE, number=0, epoch=0, from=4
19:21:13.822 [Server Comm. System] DEBUG bftsmart.tom.core.ExecutionManager - I'm at consensus 0 and my last consensus is -1
19:21:13.822 [Server Comm. System] DEBUG bftsmart.tom.core.ExecutionManager - Message for consensus 0 can be processed
19:21:13.822 [Server Comm. System] DEBUG bftsmart.consensus.roles.Acceptor - Processing paxos msg with id 0
19:21:13.822 [Server Comm. System] DEBUG bftsmart.consensus.roles.Acceptor - WRITE received from:4, for consensus cId:0
[V2VProxy 6] *** RECEIVED V2V message #8 from=4 to=-1 (broadcast=YES) at t=3.352599110365
19:21:13.822 [Server Comm. System] DEBUG bftsmart.consensus.roles.Acceptor - I have 3, WRITE's for cId:0, Epoch timestamp:0,
[Acceptor 1] computeWrite: cId=0, writeAccepted=3, quorum=5
V2VNativeBridge6: Received message from 4 with length 763
[V2V Layer 6] Received message from replica 4 via JNI
19:21:13.822 [Server Comm. System] INFO bftsmart.communication.ServerCommunicationSystem - === Message processed ===
    [Reliability 6] handleIncomingMessage() called
        Type: DATA
        From: 4
        SeqNum: 0
        Expected seq: 0
        -> IN ORDER, delivering immediately
    [Reliability 6] deliverMessage() - deserializing payload
        Deserialized: ConsensusMessage
        DEBUG: envelope.fromReplicaId=4, message.getSender()=4
=== [V2V Layer 6] DELIVER to BFT-SMaRt ===
    Message type: ConsensusMessage
    From replica: 4
    InQueue size before: 0
    InQueue size after: 1
=== [V2V Layer 6] DELIVER successful ===
19:21:13.823 [Server Comm. System] INFO bftsmart.communication.ServerCommunicationSystem - === ServerCommunicationSystem RECEIVED message ===
19:21:13.823 [Server Comm. System] INFO bftsmart.communication.ServerCommunicationSystem -     Message type: ConsensusMessage
19:21:13.823 [Server Comm. System] INFO bftsmart.communication.ServerCommunicationSystem -     From: 4
19:21:13.823 [Server Comm. System] INFO bftsmart.communication.ServerCommunicationSystem -     Message count: 2
19:21:13.823 [Server Comm. System] DEBUG bftsmart.communication.ServerCommunicationSystem - <-- receiving, msg:type=WRITE, number=0, epoch=0, from=4
[V2VProxy 7] *** RECEIVED V2V message #8 from=4 to=-1 (broadcast=YES) at t=3.352599153108
19:21:13.823 [Server Comm. System] DEBUG bftsmart.tom.core.ExecutionManager - Received message  type=WRITE, number=0, epoch=0, from=4
19:21:13.823 [Server Comm. System] DEBUG bftsmart.tom.core.ExecutionManager - I'm at consensus 0 and my last consensus is -1
V2VNativeBridge7: Received message from 4 with length 763
19:21:13.823 [Server Comm. System] DEBUG bftsmart.tom.core.ExecutionManager - Message for consensus 0 can be processed
[V2V Layer 7] Received message from replica 4 via JNI
19:21:13.823 [Server Comm. System] DEBUG bftsmart.consensus.roles.Acceptor - Processing paxos msg with id 0
19:21:13.823 [Server Comm. System] DEBUG bftsmart.consensus.roles.Acceptor - WRITE received from:4, for consensus cId:0
19:21:13.823 [Server Comm. System] DEBUG bftsmart.consensus.roles.Acceptor - I have 3, WRITE's for cId:0, Epoch timestamp:0,
[Acceptor 6] computeWrite: cId=0, writeAccepted=3, quorum=5
19:21:13.823 [Server Comm. System] INFO bftsmart.communication.ServerCommunicationSystem - === Message processed ===
    [Reliability 7] handleIncomingMessage() called
        Type: DATA
        From: 4
        SeqNum: 0
        Expected seq: 0
        -> IN ORDER, delivering immediately
    [Reliability 7] deliverMessage() - deserializing payload
        Deserialized: ConsensusMessage
        DEBUG: envelope.fromReplicaId=4, message.getSender()=4
=== [V2V Layer 7] DELIVER to BFT-SMaRt ===
    Message type: ConsensusMessage
    From replica: 4
    InQueue size before: 0
    InQueue size after: 1
=== [V2V Layer 7] DELIVER successful ===
19:21:13.823 [Server Comm. System] INFO bftsmart.communication.ServerCommunicationSystem - === ServerCommunicationSystem RECEIVED message ===
19:21:13.823 [Server Comm. System] INFO bftsmart.communication.ServerCommunicationSystem -     Message type: ConsensusMessage
19:21:13.823 [Server Comm. System] INFO bftsmart.communication.ServerCommunicationSystem -     From: 4
19:21:13.823 [Server Comm. System] INFO bftsmart.communication.ServerCommunicationSystem -     Message count: 2
19:21:13.823 [Server Comm. System] DEBUG bftsmart.communication.ServerCommunicationSystem - <-- receiving, msg:type=WRITE, number=0, epoch=0, from=4
19:21:13.823 [Server Comm. System] DEBUG bftsmart.tom.core.ExecutionManager - Received message  type=WRITE, number=0, epoch=0, from=4
19:21:13.823 [Server Comm. System] DEBUG bftsmart.tom.core.ExecutionManager - I'm at consensus 0 and my last consensus is -1
19:21:13.823 [Server Comm. System] DEBUG bftsmart.tom.core.ExecutionManager - Message for consensus 0 can be processed
19:21:13.823 [Server Comm. System] DEBUG bftsmart.consensus.roles.Acceptor - Processing paxos msg with id 0
19:21:13.823 [Server Comm. System] DEBUG bftsmart.consensus.roles.Acceptor - WRITE received from:4, for consensus cId:0
19:21:13.823 [Server Comm. System] DEBUG bftsmart.consensus.roles.Acceptor - I have 3, WRITE's for cId:0, Epoch timestamp:0,
[Acceptor 7] computeWrite: cId=0, writeAccepted=3, quorum=5
19:21:13.823 [Server Comm. System] INFO bftsmart.communication.ServerCommunicationSystem - === Message processed ===
[V2VProxy 6] *** RECEIVED V2V message #9 from=0 to=-1 (broadcast=YES) at t=3.35454611721
V2VNativeBridge6: Received message from 0 with length 1028
[V2V Layer 6] Received message from replica 0 via JNI
    [Reliability 6] handleIncomingMessage() called
        Type: DATA
        From: 0
        SeqNum: 0
        Expected seq: 2
        -> DUPLICATE (seq < expected), ignoring
[V2VProxy 3] *** RECEIVED V2V message #9 from=0 to=-1 (broadcast=YES) at t=3.354546125239
V2VNativeBridge3: Received message from 0 with length 1028
[V2V Layer 3] Received message from replica 0 via JNI
    [Reliability 3] handleIncomingMessage() called
        Type: DATA
        From: 0
        SeqNum: 0
        Expected seq: 2
        -> DUPLICATE (seq < expected), ignoring
[V2VProxy 2] *** RECEIVED V2V message #9 from=0 to=-1 (broadcast=YES) at t=3.354546142592
V2VNativeBridge2: Received message from 0 with length 1028
[V2V Layer 2] Received message from replica 0 via JNI
    [Reliability 2] handleIncomingMessage() called
        Type: DATA
        From: 0
        SeqNum: 0
        Expected seq: 2
        -> DUPLICATE (seq < expected), ignoring
[V2VProxy 4] *** RECEIVED V2V message #8 from=0 to=-1 (broadcast=YES) at t=3.354546149412
V2VNativeBridge4: Received message from 0 with length 1028
[V2V Layer 4] Received message from replica 0 via JNI
    [Reliability 4] handleIncomingMessage() called
        Type: DATA
        From: 0
        SeqNum: 0
        Expected seq: 2
        -> DUPLICATE (seq < expected), ignoring
[V2VProxy 7] *** RECEIVED V2V message #9 from=0 to=-1 (broadcast=YES) at t=3.354546160965
V2VNativeBridge7: Received message from 0 with length 1028
[V2V Layer 7] Received message from replica 0 via JNI
    [Reliability 7] handleIncomingMessage() called
        Type: DATA
        From: 0
        SeqNum: 0
        Expected seq: 2
        -> DUPLICATE (seq < expected), ignoring
[V2VProxy 1] *** RECEIVED V2V message #9 from=0 to=-1 (broadcast=YES) at t=3.354546162671
V2VNativeBridge1: Received message from 0 with length 1028
[V2V Layer 1] Received message from replica 0 via JNI
    [Reliability 1] handleIncomingMessage() called
        Type: DATA
        From: 0
        SeqNum: 0
        Expected seq: 2
        -> DUPLICATE (seq < expected), ignoring
[V2VProxy 5] *** RECEIVED V2V message #9 from=0 to=-1 (broadcast=YES) at t=3.354546178231
V2VNativeBridge5: Received message from 0 with length 1028
[V2V Layer 5] Received message from replica 0 via JNI
    [Reliability 5] handleIncomingMessage() called
        Type: DATA
        From: 0
        SeqNum: 0
        Expected seq: 2
        -> DUPLICATE (seq < expected), ignoring
[V2VProxy 6] *** RECEIVED V2V message #10 from=0 to=-1 (broadcast=YES) at t=3.360667294598
V2VNativeBridge6: Received message from 0 with length 685
[V2V Layer 6] Received message from replica 0 via JNI
    [Reliability 6] handleIncomingMessage() called
        Type: DATA
        From: 0
        SeqNum: 1
        Expected seq: 2
        -> DUPLICATE (seq < expected), ignoring
[V2VProxy 4] *** RECEIVED V2V message #9 from=2 to=-1 (broadcast=YES) at t=3.366311606422
V2VNativeBridge4: Received message from 2 with length 685
[V2V Layer 4] Received message from replica 2 via JNI
    [Reliability 4] handleIncomingMessage() called
        Type: DATA
        From: 2
        SeqNum: 0
        Expected seq: 0
        -> IN ORDER, delivering immediately
    [Reliability 4] deliverMessage() - deserializing payload
        Deserialized: ConsensusMessage
        DEBUG: envelope.fromReplicaId=2, message.getSender()=2
=== [V2V Layer 4] DELIVER to BFT-SMaRt ===
    Message type: ConsensusMessage
    From replica: 2
    InQueue size before: 0
    InQueue size after: 1
=== [V2V Layer 4] DELIVER successful ===
[V2VProxy 1] *** RECEIVED V2V message #10 from=2 to=-1 (broadcast=YES) at t=3.366311624654
19:21:14.001 [Server Comm. System] INFO bftsmart.communication.ServerCommunicationSystem - === ServerCommunicationSystem RECEIVED message ===
V2VNativeBridge1: Received message from 2 with length 685
[V2V Layer 1] Received message from replica 2 via JNI
19:21:14.001 [Server Comm. System] INFO bftsmart.communication.ServerCommunicationSystem -     Message type: ConsensusMessage
19:21:14.001 [Server Comm. System] INFO bftsmart.communication.ServerCommunicationSystem -     From: 2
19:21:14.001 [Server Comm. System] INFO bftsmart.communication.ServerCommunicationSystem -     Message count: 2
19:21:14.001 [Server Comm. System] DEBUG bftsmart.communication.ServerCommunicationSystem - <-- receiving, msg:type=WRITE, number=0, epoch=0, from=2
19:21:14.001 [Server Comm. System] DEBUG bftsmart.tom.core.ExecutionManager - Received message  type=WRITE, number=0, epoch=0, from=2
19:21:14.001 [Server Comm. System] DEBUG bftsmart.tom.core.ExecutionManager - I'm at consensus 0 and my last consensus is -1
19:21:14.001 [Server Comm. System] DEBUG bftsmart.tom.core.ExecutionManager - Message for consensus 0 can be processed
19:21:14.001 [Server Comm. System] DEBUG bftsmart.consensus.roles.Acceptor - Processing paxos msg with id 0
19:21:14.001 [Server Comm. System] DEBUG bftsmart.consensus.roles.Acceptor - WRITE received from:2, for consensus cId:0
    [Reliability 1] handleIncomingMessage() called
19:21:14.001 [Server Comm. System] DEBUG bftsmart.consensus.roles.Acceptor - I have 3, WRITE's for cId:0, Epoch timestamp:0,
        Type: DATA
[Acceptor 4] computeWrite: cId=0, writeAccepted=3, quorum=5
        From: 2
19:21:14.001 [Server Comm. System] INFO bftsmart.communication.ServerCommunicationSystem - === Message processed ===
        SeqNum: 0
        Expected seq: 0
        -> IN ORDER, delivering immediately
    [Reliability 1] deliverMessage() - deserializing payload
        Deserialized: ConsensusMessage
        DEBUG: envelope.fromReplicaId=2, message.getSender()=2
=== [V2V Layer 1] DELIVER to BFT-SMaRt ===
    Message type: ConsensusMessage
    From replica: 2
    InQueue size before: 0
    InQueue size after: 1
=== [V2V Layer 1] DELIVER successful ===
19:21:14.001 [Server Comm. System] INFO bftsmart.communication.ServerCommunicationSystem - === ServerCommunicationSystem RECEIVED message ===
19:21:14.001 [Server Comm. System] INFO bftsmart.communication.ServerCommunicationSystem -     Message type: ConsensusMessage
19:21:14.001 [Server Comm. System] INFO bftsmart.communication.ServerCommunicationSystem -     From: 2
19:21:14.001 [Server Comm. System] INFO bftsmart.communication.ServerCommunicationSystem -     Message count: 3
19:21:14.001 [Server Comm. System] DEBUG bftsmart.communication.ServerCommunicationSystem - <-- receiving, msg:type=WRITE, number=0, epoch=0, from=2
19:21:14.001 [Server Comm. System] DEBUG bftsmart.tom.core.ExecutionManager - Received message  type=WRITE, number=0, epoch=0, from=2
[V2VProxy 0] *** RECEIVED V2V message #2 from=2 to=-1 (broadcast=YES) at t=3.366311632
V2VNativeBridge0: Received message from 2 with length 685
[V2V Layer 0] Received message from replica 2 via JNI
19:21:14.002 [Server Comm. System] DEBUG bftsmart.tom.core.ExecutionManager - I'm at consensus 0 and my last consensus is -1
19:21:14.002 [Server Comm. System] DEBUG bftsmart.tom.core.ExecutionManager - Message for consensus 0 can be processed
19:21:14.002 [Server Comm. System] DEBUG bftsmart.consensus.roles.Acceptor - Processing paxos msg with id 0
19:21:14.002 [Server Comm. System] DEBUG bftsmart.consensus.roles.Acceptor - WRITE received from:2, for consensus cId:0
19:21:14.002 [Server Comm. System] DEBUG bftsmart.consensus.roles.Acceptor - I have 4, WRITE's for cId:0, Epoch timestamp:0,
    [Reliability 0] handleIncomingMessage() called
[Acceptor 1] computeWrite: cId=0, writeAccepted=4, quorum=5
19:21:14.002 [Server Comm. System] INFO bftsmart.communication.ServerCommunicationSystem - === Message processed ===
        Type: DATA
        From: 2
        SeqNum: 0
        Expected seq: 0
        -> IN ORDER, delivering immediately
    [Reliability 0] deliverMessage() - deserializing payload
        Deserialized: ConsensusMessage
        DEBUG: envelope.fromReplicaId=2, message.getSender()=2
=== [V2V Layer 0] DELIVER to BFT-SMaRt ===
    Message type: ConsensusMessage
    From replica: 2
    InQueue size before: 0
    InQueue size after: 1
=== [V2V Layer 0] DELIVER successful ===
19:21:14.002 [Server Comm. System] INFO bftsmart.communication.ServerCommunicationSystem - === ServerCommunicationSystem RECEIVED message ===
19:21:14.002 [Server Comm. System] INFO bftsmart.communication.ServerCommunicationSystem -     Message type: ConsensusMessage
19:21:14.002 [Server Comm. System] INFO bftsmart.communication.ServerCommunicationSystem -     From: 2
19:21:14.002 [Server Comm. System] INFO bftsmart.communication.ServerCommunicationSystem -     Message count: 2
19:21:14.002 [Server Comm. System] DEBUG bftsmart.communication.ServerCommunicationSystem - <-- receiving, msg:type=WRITE, number=0, epoch=0, from=2
19:21:14.002 [Server Comm. System] DEBUG bftsmart.tom.core.ExecutionManager - Received message  type=WRITE, number=0, epoch=0, from=2
19:21:14.002 [Server Comm. System] DEBUG bftsmart.tom.core.ExecutionManager - I'm at consensus 0 and my last consensus is -1
19:21:14.002 [Server Comm. System] DEBUG bftsmart.tom.core.ExecutionManager - Message for consensus 0 can be processed
19:21:14.002 [Server Comm. System] DEBUG bftsmart.consensus.roles.Acceptor - Processing paxos msg with id 0
19:21:14.002 [Server Comm. System] DEBUG bftsmart.consensus.roles.Acceptor - WRITE received from:2, for consensus cId:0
[V2VProxy 3] *** RECEIVED V2V message #10 from=2 to=-1 (broadcast=YES) at t=3.366311635772
19:21:14.002 [Server Comm. System] DEBUG bftsmart.consensus.roles.Acceptor - I have 3, WRITE's for cId:0, Epoch timestamp:0,
V2VNativeBridge3: Received message from 2 with length 685
[Acceptor 0] computeWrite: cId=0, writeAccepted=3, quorum=5
[V2V Layer 3] Received message from replica 2 via JNI
19:21:14.002 [Server Comm. System] INFO bftsmart.communication.ServerCommunicationSystem - === Message processed ===
    [Reliability 3] handleIncomingMessage() called
        Type: DATA
        From: 2
        SeqNum: 0
        Expected seq: 0
        -> IN ORDER, delivering immediately
    [Reliability 3] deliverMessage() - deserializing payload
        Deserialized: ConsensusMessage
        DEBUG: envelope.fromReplicaId=2, message.getSender()=2
=== [V2V Layer 3] DELIVER to BFT-SMaRt ===
    Message type: ConsensusMessage
    From replica: 2
    InQueue size before: 0
    InQueue size after: 1
=== [V2V Layer 3] DELIVER successful ===
19:21:14.002 [Server Comm. System] INFO bftsmart.communication.ServerCommunicationSystem - === ServerCommunicationSystem RECEIVED message ===
19:21:14.002 [Server Comm. System] INFO bftsmart.communication.ServerCommunicationSystem -     Message type: ConsensusMessage
19:21:14.002 [Server Comm. System] INFO bftsmart.communication.ServerCommunicationSystem -     From: 2
19:21:14.002 [Server Comm. System] INFO bftsmart.communication.ServerCommunicationSystem -     Message count: 3
19:21:14.002 [Server Comm. System] DEBUG bftsmart.communication.ServerCommunicationSystem - <-- receiving, msg:type=WRITE, number=0, epoch=0, from=2
19:21:14.002 [Server Comm. System] DEBUG bftsmart.tom.core.ExecutionManager - Received message  type=WRITE, number=0, epoch=0, from=2
19:21:14.002 [Server Comm. System] DEBUG bftsmart.tom.core.ExecutionManager - I'm at consensus 0 and my last consensus is -1
19:21:14.002 [Server Comm. System] DEBUG bftsmart.tom.core.ExecutionManager - Message for consensus 0 can be processed
19:21:14.002 [Server Comm. System] DEBUG bftsmart.consensus.roles.Acceptor - Processing paxos msg with id 0
19:21:14.002 [Server Comm. System] DEBUG bftsmart.consensus.roles.Acceptor - WRITE received from:2, for consensus cId:0
[V2VProxy 6] *** RECEIVED V2V message #11 from=2 to=-1 (broadcast=YES) at t=3.366311638237
V2VNativeBridge6: Received message from 2 with length 685
19:21:14.002 [Server Comm. System] DEBUG bftsmart.consensus.roles.Acceptor - I have 4, WRITE's for cId:0, Epoch timestamp:0,
[V2V Layer 6] Received message from replica 2 via JNI
[Acceptor 3] computeWrite: cId=0, writeAccepted=4, quorum=5
19:21:14.002 [Server Comm. System] INFO bftsmart.communication.ServerCommunicationSystem - === Message processed ===
    [Reliability 6] handleIncomingMessage() called
        Type: DATA
        From: 2
        SeqNum: 0
        Expected seq: 0
        -> IN ORDER, delivering immediately
    [Reliability 6] deliverMessage() - deserializing payload
        Deserialized: ConsensusMessage
        DEBUG: envelope.fromReplicaId=2, message.getSender()=2
=== [V2V Layer 6] DELIVER to BFT-SMaRt ===
    Message type: ConsensusMessage
    From replica: 2
    InQueue size before: 0
    InQueue size after: 1
=== [V2V Layer 6] DELIVER successful ===
19:21:14.002 [Server Comm. System] INFO bftsmart.communication.ServerCommunicationSystem - === ServerCommunicationSystem RECEIVED message ===
19:21:14.002 [Server Comm. System] INFO bftsmart.communication.ServerCommunicationSystem -     Message type: ConsensusMessage
19:21:14.002 [Server Comm. System] INFO bftsmart.communication.ServerCommunicationSystem -     From: 2
19:21:14.002 [Server Comm. System] INFO bftsmart.communication.ServerCommunicationSystem -     Message count: 3
19:21:14.002 [Server Comm. System] DEBUG bftsmart.communication.ServerCommunicationSystem - <-- receiving, msg:type=WRITE, number=0, epoch=0, from=2
19:21:14.002 [Server Comm. System] DEBUG bftsmart.tom.core.ExecutionManager - Received message  type=WRITE, number=0, epoch=0, from=2
19:21:14.002 [Server Comm. System] DEBUG bftsmart.tom.core.ExecutionManager - I'm at consensus 0 and my last consensus is -1
19:21:14.002 [Server Comm. System] DEBUG bftsmart.tom.core.ExecutionManager - Message for consensus 0 can be processed
19:21:14.002 [Server Comm. System] DEBUG bftsmart.consensus.roles.Acceptor - Processing paxos msg with id 0
19:21:14.002 [Server Comm. System] DEBUG bftsmart.consensus.roles.Acceptor - WRITE received from:2, for consensus cId:0
[V2VProxy 5] *** RECEIVED V2V message #10 from=2 to=-1 (broadcast=YES) at t=3.366311638685
19:21:14.002 [Server Comm. System] DEBUG bftsmart.consensus.roles.Acceptor - I have 4, WRITE's for cId:0, Epoch timestamp:0,
[Acceptor 6] computeWrite: cId=0, writeAccepted=4, quorum=5
V2VNativeBridge5: Received message from 2 with length 685
[V2V Layer 5] Received message from replica 2 via JNI
19:21:14.002 [Server Comm. System] INFO bftsmart.communication.ServerCommunicationSystem - === Message processed ===
    [Reliability 5] handleIncomingMessage() called
        Type: DATA
        From: 2
        SeqNum: 0
        Expected seq: 0
        -> IN ORDER, delivering immediately
    [Reliability 5] deliverMessage() - deserializing payload
        Deserialized: ConsensusMessage
        DEBUG: envelope.fromReplicaId=2, message.getSender()=2
=== [V2V Layer 5] DELIVER to BFT-SMaRt ===
    Message type: ConsensusMessage
    From replica: 2
    InQueue size before: 0
    InQueue size after: 1
=== [V2V Layer 5] DELIVER successful ===
[V2VProxy 7] *** RECEIVED V2V message #10 from=2 to=-1 (broadcast=YES) at t=3.366311678258
19:21:14.003 [Server Comm. System] INFO bftsmart.communication.ServerCommunicationSystem - === ServerCommunicationSystem RECEIVED message ===
V2VNativeBridge7: Received message from 2 with length 685
[V2V Layer 7] Received message from replica 2 via JNI
19:21:14.003 [Server Comm. System] INFO bftsmart.communication.ServerCommunicationSystem -     Message type: ConsensusMessage
19:21:14.003 [Server Comm. System] INFO bftsmart.communication.ServerCommunicationSystem -     From: 2
19:21:14.003 [Server Comm. System] INFO bftsmart.communication.ServerCommunicationSystem -     Message count: 3
19:21:14.003 [Server Comm. System] DEBUG bftsmart.communication.ServerCommunicationSystem - <-- receiving, msg:type=WRITE, number=0, epoch=0, from=2
19:21:14.003 [Server Comm. System] DEBUG bftsmart.tom.core.ExecutionManager - Received message  type=WRITE, number=0, epoch=0, from=2
19:21:14.003 [Server Comm. System] DEBUG bftsmart.tom.core.ExecutionManager - I'm at consensus 0 and my last consensus is -1
    [Reliability 7] handleIncomingMessage() called
        Type: DATA
        From: 2
19:21:14.003 [Server Comm. System] DEBUG bftsmart.tom.core.ExecutionManager - Message for consensus 0 can be processed
        SeqNum: 0
        Expected seq: 0
        -> IN ORDER, delivering immediately
    [Reliability 7] deliverMessage() - deserializing payload
19:21:14.003 [Server Comm. System] DEBUG bftsmart.consensus.roles.Acceptor - Processing paxos msg with id 0
        Deserialized: ConsensusMessage
        DEBUG: envelope.fromReplicaId=2, message.getSender()=2
=== [V2V Layer 7] DELIVER to BFT-SMaRt ===
    Message type: ConsensusMessage
    From replica: 2
    InQueue size before: 0
19:21:14.003 [Server Comm. System] DEBUG bftsmart.consensus.roles.Acceptor - WRITE received from:2, for consensus cId:0
19:21:14.003 [Server Comm. System] DEBUG bftsmart.consensus.roles.Acceptor - I have 4, WRITE's for cId:0, Epoch timestamp:0,
    InQueue size after: 1
=== [V2V Layer 7] DELIVER successful ===
[Acceptor 5] computeWrite: cId=0, writeAccepted=4, quorum=5
19:21:14.003 [Server Comm. System] INFO bftsmart.communication.ServerCommunicationSystem - === ServerCommunicationSystem RECEIVED message ===
19:21:14.003 [Server Comm. System] INFO bftsmart.communication.ServerCommunicationSystem - === Message processed ===
19:21:14.003 [Server Comm. System] INFO bftsmart.communication.ServerCommunicationSystem -     Message type: ConsensusMessage
19:21:14.003 [Server Comm. System] INFO bftsmart.communication.ServerCommunicationSystem -     From: 2
19:21:14.003 [Server Comm. System] INFO bftsmart.communication.ServerCommunicationSystem -     Message count: 3
19:21:14.003 [Server Comm. System] DEBUG bftsmart.communication.ServerCommunicationSystem - <-- receiving, msg:type=WRITE, number=0, epoch=0, from=2
19:21:14.003 [Server Comm. System] DEBUG bftsmart.tom.core.ExecutionManager - Received message  type=WRITE, number=0, epoch=0, from=2
19:21:14.003 [Server Comm. System] DEBUG bftsmart.tom.core.ExecutionManager - I'm at consensus 0 and my last consensus is -1
19:21:14.003 [Server Comm. System] DEBUG bftsmart.tom.core.ExecutionManager - Message for consensus 0 can be processed
19:21:14.003 [Server Comm. System] DEBUG bftsmart.consensus.roles.Acceptor - Processing paxos msg with id 0
19:21:14.003 [Server Comm. System] DEBUG bftsmart.consensus.roles.Acceptor - WRITE received from:2, for consensus cId:0
19:21:14.003 [Server Comm. System] DEBUG bftsmart.consensus.roles.Acceptor - I have 4, WRITE's for cId:0, Epoch timestamp:0,
[Acceptor 7] computeWrite: cId=0, writeAccepted=4, quorum=5
19:21:14.003 [Server Comm. System] INFO bftsmart.communication.ServerCommunicationSystem - === Message processed ===
[V2VProxy 4] *** RECEIVED V2V message #10 from=2 to=-1 (broadcast=YES) at t=3.374634001133
V2VNativeBridge4: Received message from 2 with length 685
[V2V Layer 4] Received message from replica 2 via JNI
    [Reliability 4] handleIncomingMessage() called
        Type: DATA
        From: 2
        SeqNum: 0
        Expected seq: 1
        -> DUPLICATE (seq < expected), ignoring
[V2VProxy 1] *** RECEIVED V2V message #11 from=2 to=-1 (broadcast=YES) at t=3.374634019365
V2VNativeBridge1: Received message from 2 with length 685
[V2V Layer 1] Received message from replica 2 via JNI
    [Reliability 1] handleIncomingMessage() called
        Type: DATA
        From: 2
        SeqNum: 0
        Expected seq: 1
        -> DUPLICATE (seq < expected), ignoring
[V2VProxy 0] *** RECEIVED V2V message #3 from=2 to=-1 (broadcast=YES) at t=3.374634026711
V2VNativeBridge0: Received message from 2 with length 685
[V2V Layer 0] Received message from replica 2 via JNI
    [Reliability 0] handleIncomingMessage() called
        Type: DATA
        From: 2
        SeqNum: 0
        Expected seq: 1
        -> DUPLICATE (seq < expected), ignoring
[V2VProxy 3] *** RECEIVED V2V message #11 from=2 to=-1 (broadcast=YES) at t=3.374634030483
V2VNativeBridge3: Received message from 2 with length 685
[V2V Layer 3] Received message from replica 2 via JNI
    [Reliability 3] handleIncomingMessage() called
        Type: DATA
        From: 2
        SeqNum: 0
        Expected seq: 1
        -> DUPLICATE (seq < expected), ignoring
[V2VProxy 6] *** RECEIVED V2V message #12 from=2 to=-1 (broadcast=YES) at t=3.374634032948
V2VNativeBridge6: Received message from 2 with length 685
[V2V Layer 6] Received message from replica 2 via JNI
    [Reliability 6] handleIncomingMessage() called
        Type: DATA
        From: 2
        SeqNum: 0
        Expected seq: 1
        -> DUPLICATE (seq < expected), ignoring
[V2VProxy 5] *** RECEIVED V2V message #11 from=2 to=-1 (broadcast=YES) at t=3.374634033396
V2VNativeBridge5: Received message from 2 with length 685
[V2V Layer 5] Received message from replica 2 via JNI
    [Reliability 5] handleIncomingMessage() called
        Type: DATA
        From: 2
        SeqNum: 0
        Expected seq: 1
        -> DUPLICATE (seq < expected), ignoring
[V2VProxy 7] *** RECEIVED V2V message #11 from=2 to=-1 (broadcast=YES) at t=3.374634072969
V2VNativeBridge7: Received message from 2 with length 685
[V2V Layer 7] Received message from replica 2 via JNI
    [Reliability 7] handleIncomingMessage() called
        Type: DATA
        From: 2
        SeqNum: 0
        Expected seq: 1
        -> DUPLICATE (seq < expected), ignoring
[V2VProxy 0] *** RECEIVED V2V message #4 from=3 to=-1 (broadcast=YES) at t=3.375973056114
V2VNativeBridge0: Received message from 3 with length 685
[V2V Layer 0] Received message from replica 3 via JNI
    [Reliability 0] handleIncomingMessage() called
        Type: DATA
        From: 3
        SeqNum: 0
        Expected seq: 0
        -> IN ORDER, delivering immediately
    [Reliability 0] deliverMessage() - deserializing payload
        Deserialized: ConsensusMessage
        DEBUG: envelope.fromReplicaId=3, message.getSender()=3
=== [V2V Layer 0] DELIVER to BFT-SMaRt ===
    Message type: ConsensusMessage
    From replica: 3
    InQueue size before: 0
    InQueue size after: 1
=== [V2V Layer 0] DELIVER successful ===
[V2VProxy 6] *** RECEIVED V2V message #13 from=3 to=-1 (broadcast=YES) at t=3.375973073712
19:21:14.159 [Server Comm. System] INFO bftsmart.communication.ServerCommunicationSystem - === ServerCommunicationSystem RECEIVED message ===
V2VNativeBridge6: Received message from 3 with length 685
19:21:14.159 [Server Comm. System] INFO bftsmart.communication.ServerCommunicationSystem -     Message type: ConsensusMessage
[V2V Layer 6] Received message from replica 3 via JNI
19:21:14.159 [Server Comm. System] INFO bftsmart.communication.ServerCommunicationSystem -     From: 3
19:21:14.159 [Server Comm. System] INFO bftsmart.communication.ServerCommunicationSystem -     Message count: 3
19:21:14.159 [Server Comm. System] DEBUG bftsmart.communication.ServerCommunicationSystem - <-- receiving, msg:type=WRITE, number=0, epoch=0, from=3
19:21:14.159 [Server Comm. System] DEBUG bftsmart.tom.core.ExecutionManager - Received message  type=WRITE, number=0, epoch=0, from=3
19:21:14.159 [Server Comm. System] DEBUG bftsmart.tom.core.ExecutionManager - I'm at consensus 0 and my last consensus is -1
19:21:14.159 [Server Comm. System] DEBUG bftsmart.tom.core.ExecutionManager - Message for consensus 0 can be processed
19:21:14.159 [Server Comm. System] DEBUG bftsmart.consensus.roles.Acceptor - Processing paxos msg with id 0
19:21:14.159 [Server Comm. System] DEBUG bftsmart.consensus.roles.Acceptor - WRITE received from:3, for consensus cId:0
19:21:14.159 [Server Comm. System] DEBUG bftsmart.consensus.roles.Acceptor - I have 4, WRITE's for cId:0, Epoch timestamp:0,
[Acceptor 0] computeWrite: cId=0, writeAccepted=4, quorum=5
19:21:14.159 [Server Comm. System] INFO bftsmart.communication.ServerCommunicationSystem - === Message processed ===
    [Reliability 6] handleIncomingMessage() called
        Type: DATA
        From: 3
        SeqNum: 0
        Expected seq: 0
        -> IN ORDER, delivering immediately
    [Reliability 6] deliverMessage() - deserializing payload
        Deserialized: ConsensusMessage
        DEBUG: envelope.fromReplicaId=3, message.getSender()=3
=== [V2V Layer 6] DELIVER to BFT-SMaRt ===
    Message type: ConsensusMessage
    From replica: 3
    InQueue size before: 0
    InQueue size after: 1
=== [V2V Layer 6] DELIVER successful ===
19:21:14.160 [Server Comm. System] INFO bftsmart.communication.ServerCommunicationSystem - === ServerCommunicationSystem RECEIVED message ===
19:21:14.160 [Server Comm. System] INFO bftsmart.communication.ServerCommunicationSystem -     Message type: ConsensusMessage
19:21:14.160 [Server Comm. System] INFO bftsmart.communication.ServerCommunicationSystem -     From: 3
19:21:14.160 [Server Comm. System] INFO bftsmart.communication.ServerCommunicationSystem -     Message count: 4
19:21:14.160 [Server Comm. System] DEBUG bftsmart.communication.ServerCommunicationSystem - <-- receiving, msg:type=WRITE, number=0, epoch=0, from=3
19:21:14.160 [Server Comm. System] DEBUG bftsmart.tom.core.ExecutionManager - Received message  type=WRITE, number=0, epoch=0, from=3
19:21:14.160 [Server Comm. System] DEBUG bftsmart.tom.core.ExecutionManager - I'm at consensus 0 and my last consensus is -1
19:21:14.160 [Server Comm. System] DEBUG bftsmart.tom.core.ExecutionManager - Message for consensus 0 can be processed
19:21:14.160 [Server Comm. System] DEBUG bftsmart.consensus.roles.Acceptor - Processing paxos msg with id 0
19:21:14.160 [Server Comm. System] DEBUG bftsmart.consensus.roles.Acceptor - WRITE received from:3, for consensus cId:0
19:21:14.160 [Server Comm. System] DEBUG bftsmart.consensus.roles.Acceptor - I have 5, WRITE's for cId:0, Epoch timestamp:0,
[Acceptor 6] computeWrite: cId=0, writeAccepted=5, quorum=5
19:21:14.160 [Server Comm. System] INFO bftsmart.communication.ServerCommunicationSystem - === Message processed ===
[V2VProxy 4] *** RECEIVED V2V message #11 from=3 to=-1 (broadcast=YES) at t=3.375973074407
V2VNativeBridge4: Received message from 3 with length 685
[V2V Layer 4] Received message from replica 3 via JNI
    [Reliability 4] handleIncomingMessage() called
        Type: DATA
        From: 3
        SeqNum: 0
        Expected seq: 0
        -> IN ORDER, delivering immediately
    [Reliability 4] deliverMessage() - deserializing payload
        Deserialized: ConsensusMessage
        DEBUG: envelope.fromReplicaId=3, message.getSender()=3
=== [V2V Layer 4] DELIVER to BFT-SMaRt ===
    Message type: ConsensusMessage
    From replica: 3
    InQueue size before: 0
    InQueue size after: 1
=== [V2V Layer 4] DELIVER successful ===
19:21:14.160 [Server Comm. System] INFO bftsmart.communication.ServerCommunicationSystem - === ServerCommunicationSystem RECEIVED message ===
[V2VProxy 2] *** RECEIVED V2V message #10 from=3 to=-1 (broadcast=YES) at t=3.375973077239
V2VNativeBridge2: Received message from 3 with length 685
[V2V Layer 2] Received message from replica 3 via JNI
19:21:14.160 [Server Comm. System] INFO bftsmart.communication.ServerCommunicationSystem -     Message type: ConsensusMessage
19:21:14.160 [Server Comm. System] INFO bftsmart.communication.ServerCommunicationSystem -     From: 3
19:21:14.160 [Server Comm. System] INFO bftsmart.communication.ServerCommunicationSystem -     Message count: 3
19:21:14.160 [Server Comm. System] DEBUG bftsmart.communication.ServerCommunicationSystem - <-- receiving, msg:type=WRITE, number=0, epoch=0, from=3
19:21:14.160 [Server Comm. System] DEBUG bftsmart.tom.core.ExecutionManager - Received message  type=WRITE, number=0, epoch=0, from=3
19:21:14.160 [Server Comm. System] DEBUG bftsmart.tom.core.ExecutionManager - I'm at consensus 0 and my last consensus is -1
19:21:14.160 [Server Comm. System] DEBUG bftsmart.tom.core.ExecutionManager - Message for consensus 0 can be processed
19:21:14.160 [Server Comm. System] DEBUG bftsmart.consensus.roles.Acceptor - Processing paxos msg with id 0
    [Reliability 2] handleIncomingMessage() called
        Type: DATA
        From: 3
        SeqNum: 0
19:21:14.160 [Server Comm. System] DEBUG bftsmart.consensus.roles.Acceptor - WRITE received from:3, for consensus cId:0
        Expected seq: 0
        -> IN ORDER, delivering immediately
    [Reliability 2] deliverMessage() - deserializing payload
19:21:14.160 [Server Comm. System] DEBUG bftsmart.consensus.roles.Acceptor - I have 4, WRITE's for cId:0, Epoch timestamp:0,
[Acceptor 4] computeWrite: cId=0, writeAccepted=4, quorum=5
        Deserialized: ConsensusMessage
        DEBUG: envelope.fromReplicaId=3, message.getSender()=3
=== [V2V Layer 2] DELIVER to BFT-SMaRt ===
    Message type: ConsensusMessage
    From replica: 3
    InQueue size before: 0
19:21:14.162 [Server Comm. System] INFO bftsmart.communication.ServerCommunicationSystem - === Message processed ===
    InQueue size after: 1
=== [V2V Layer 2] DELIVER successful ===
19:21:14.162 [Server Comm. System] INFO bftsmart.communication.ServerCommunicationSystem - === ServerCommunicationSystem RECEIVED message ===
19:21:14.162 [Server Comm. System] INFO bftsmart.communication.ServerCommunicationSystem -     Message type: ConsensusMessage
19:21:14.162 [Server Comm. System] INFO bftsmart.communication.ServerCommunicationSystem -     From: 3
19:21:14.162 [Server Comm. System] INFO bftsmart.communication.ServerCommunicationSystem -     Message count: 3
19:21:14.162 [Server Comm. System] DEBUG bftsmart.communication.ServerCommunicationSystem - <-- receiving, msg:type=WRITE, number=0, epoch=0, from=3
19:21:14.162 [Server Comm. System] DEBUG bftsmart.tom.core.ExecutionManager - Received message  type=WRITE, number=0, epoch=0, from=3
19:21:14.162 [Server Comm. System] DEBUG bftsmart.tom.core.ExecutionManager - I'm at consensus 0 and my last consensus is -1
[V2VProxy 5] *** RECEIVED V2V message #12 from=3 to=-1 (broadcast=YES) at t=3.375973094462
V2VNativeBridge5: Received message from 3 with length 685
19:21:14.162 [Server Comm. System] DEBUG bftsmart.tom.core.ExecutionManager - Message for consensus 0 can be processed
[V2V Layer 5] Received message from replica 3 via JNI
19:21:14.162 [Server Comm. System] DEBUG bftsmart.consensus.roles.Acceptor - Processing paxos msg with id 0
19:21:14.162 [Server Comm. System] DEBUG bftsmart.consensus.roles.Acceptor - WRITE received from:3, for consensus cId:0
19:21:14.162 [Server Comm. System] DEBUG bftsmart.consensus.roles.Acceptor - I have 4, WRITE's for cId:0, Epoch timestamp:0,
[Acceptor 2] computeWrite: cId=0, writeAccepted=4, quorum=5
19:21:14.162 [Server Comm. System] INFO bftsmart.communication.ServerCommunicationSystem - === Message processed ===
    [Reliability 5] handleIncomingMessage() called
        Type: DATA
        From: 3
        SeqNum: 0
        Expected seq: 0
        -> IN ORDER, delivering immediately
    [Reliability 5] deliverMessage() - deserializing payload
        Deserialized: ConsensusMessage
        DEBUG: envelope.fromReplicaId=3, message.getSender()=3
=== [V2V Layer 5] DELIVER to BFT-SMaRt ===
    Message type: ConsensusMessage
    From replica: 3
    InQueue size before: 0
    InQueue size after: 1
=== [V2V Layer 5] DELIVER successful ===
19:21:14.162 [Server Comm. System] INFO bftsmart.communication.ServerCommunicationSystem - === ServerCommunicationSystem RECEIVED message ===
19:21:14.162 [Server Comm. System] INFO bftsmart.communication.ServerCommunicationSystem -     Message type: ConsensusMessage
19:21:14.162 [Server Comm. System] INFO bftsmart.communication.ServerCommunicationSystem -     From: 3
19:21:14.162 [Server Comm. System] INFO bftsmart.communication.ServerCommunicationSystem -     Message count: 4
19:21:14.162 [Server Comm. System] DEBUG bftsmart.communication.ServerCommunicationSystem - <-- receiving, msg:type=WRITE, number=0, epoch=0, from=3
19:21:14.162 [Server Comm. System] DEBUG bftsmart.tom.core.ExecutionManager - Received message  type=WRITE, number=0, epoch=0, from=3
19:21:14.162 [Server Comm. System] DEBUG bftsmart.tom.core.ExecutionManager - I'm at consensus 0 and my last consensus is -1
19:21:14.162 [Server Comm. System] DEBUG bftsmart.tom.core.ExecutionManager - Message for consensus 0 can be processed
19:21:14.162 [Server Comm. System] DEBUG bftsmart.consensus.roles.Acceptor - Processing paxos msg with id 0
19:21:14.162 [Server Comm. System] DEBUG bftsmart.consensus.roles.Acceptor - WRITE received from:3, for consensus cId:0
19:21:14.162 [Server Comm. System] DEBUG bftsmart.consensus.roles.Acceptor - I have 5, WRITE's for cId:0, Epoch timestamp:0,
[V2VProxy 1] *** RECEIVED V2V message #12 from=3 to=-1 (broadcast=YES) at t=3.375973107791
[Acceptor 5] computeWrite: cId=0, writeAccepted=5, quorum=5
V2VNativeBridge1: Received message from 3 with length 685
19:21:14.162 [Server Comm. System] INFO bftsmart.communication.ServerCommunicationSystem - === Message processed ===
[V2V Layer 1] Received message from replica 3 via JNI
    [Reliability 1] handleIncomingMessage() called
        Type: DATA
        From: 3
        SeqNum: 0
        Expected seq: 0
        -> IN ORDER, delivering immediately
    [Reliability 1] deliverMessage() - deserializing payload
        Deserialized: ConsensusMessage
        DEBUG: envelope.fromReplicaId=3, message.getSender()=3
=== [V2V Layer 1] DELIVER to BFT-SMaRt ===
    Message type: ConsensusMessage
    From replica: 3
    InQueue size before: 0
    InQueue size after: 1
=== [V2V Layer 1] DELIVER successful ===
[V2VProxy 7] *** RECEIVED V2V message #12 from=3 to=-1 (broadcast=YES) at t=3.375973116565
19:21:14.163 [Server Comm. System] INFO bftsmart.communication.ServerCommunicationSystem - === ServerCommunicationSystem RECEIVED message ===
V2VNativeBridge7: Received message from 3 with length 685
[V2V Layer 7] Received message from replica 3 via JNI
19:21:14.163 [Server Comm. System] INFO bftsmart.communication.ServerCommunicationSystem -     Message type: ConsensusMessage
19:21:14.163 [Server Comm. System] INFO bftsmart.communication.ServerCommunicationSystem -     From: 3
19:21:14.163 [Server Comm. System] INFO bftsmart.communication.ServerCommunicationSystem -     Message count: 4
19:21:14.163 [Server Comm. System] DEBUG bftsmart.communication.ServerCommunicationSystem - <-- receiving, msg:type=WRITE, number=0, epoch=0, from=3
19:21:14.163 [Server Comm. System] DEBUG bftsmart.tom.core.ExecutionManager - Received message  type=WRITE, number=0, epoch=0, from=3
19:21:14.163 [Server Comm. System] DEBUG bftsmart.tom.core.ExecutionManager - I'm at consensus 0 and my last consensus is -1
19:21:14.163 [Server Comm. System] DEBUG bftsmart.tom.core.ExecutionManager - Message for consensus 0 can be processed
    [Reliability 7] handleIncomingMessage() called
        Type: DATA
        From: 3
        SeqNum: 0
19:21:14.163 [Server Comm. System] DEBUG bftsmart.consensus.roles.Acceptor - Processing paxos msg with id 0
        Expected seq: 0
        -> IN ORDER, delivering immediately
    [Reliability 7] deliverMessage() - deserializing payload
19:21:14.163 [Server Comm. System] DEBUG bftsmart.consensus.roles.Acceptor - WRITE received from:3, for consensus cId:0
19:21:14.163 [Server Comm. System] DEBUG bftsmart.consensus.roles.Acceptor - I have 5, WRITE's for cId:0, Epoch timestamp:0,
[Acceptor 1] computeWrite: cId=0, writeAccepted=5, quorum=5
19:21:14.163 [Server Comm. System] INFO bftsmart.communication.ServerCommunicationSystem - === Message processed ===
        Deserialized: ConsensusMessage
        DEBUG: envelope.fromReplicaId=3, message.getSender()=3
=== [V2V Layer 7] DELIVER to BFT-SMaRt ===
    Message type: ConsensusMessage
    From replica: 3
    InQueue size before: 0
    InQueue size after: 1
=== [V2V Layer 7] DELIVER successful ===
19:21:14.163 [Server Comm. System] INFO bftsmart.communication.ServerCommunicationSystem - === ServerCommunicationSystem RECEIVED message ===
19:21:14.163 [Server Comm. System] INFO bftsmart.communication.ServerCommunicationSystem -     Message type: ConsensusMessage
19:21:14.163 [Server Comm. System] INFO bftsmart.communication.ServerCommunicationSystem -     From: 3
19:21:14.163 [Server Comm. System] INFO bftsmart.communication.ServerCommunicationSystem -     Message count: 4
19:21:14.163 [Server Comm. System] DEBUG bftsmart.communication.ServerCommunicationSystem - <-- receiving, msg:type=WRITE, number=0, epoch=0, from=3
19:21:14.163 [Server Comm. System] DEBUG bftsmart.tom.core.ExecutionManager - Received message  type=WRITE, number=0, epoch=0, from=3
19:21:14.163 [Server Comm. System] DEBUG bftsmart.tom.core.ExecutionManager - I'm at consensus 0 and my last consensus is -1
19:21:14.163 [Server Comm. System] DEBUG bftsmart.tom.core.ExecutionManager - Message for consensus 0 can be processed
19:21:14.163 [Server Comm. System] DEBUG bftsmart.consensus.roles.Acceptor - Processing paxos msg with id 0
19:21:14.163 [Server Comm. System] DEBUG bftsmart.consensus.roles.Acceptor - WRITE received from:3, for consensus cId:0
19:21:14.163 [Server Comm. System] DEBUG bftsmart.consensus.roles.Acceptor - I have 5, WRITE's for cId:0, Epoch timestamp:0,
[Acceptor 7] computeWrite: cId=0, writeAccepted=5, quorum=5
19:21:14.163 [Server Comm. System] INFO bftsmart.communication.ServerCommunicationSystem - === Message processed ===
[V2VProxy 2] *** RECEIVED V2V message #11 from=1 to=-1 (broadcast=YES) at t=3.377312143429
V2VNativeBridge2: Received message from 1 with length 685
[V2V Layer 2] Received message from replica 1 via JNI
    [Reliability 2] handleIncomingMessage() called
        Type: DATA
        From: 1
        SeqNum: 0
        Expected seq: 0
        -> IN ORDER, delivering immediately
    [Reliability 2] deliverMessage() - deserializing payload
        Deserialized: ConsensusMessage
        DEBUG: envelope.fromReplicaId=1, message.getSender()=1
=== [V2V Layer 2] DELIVER to BFT-SMaRt ===
    Message type: ConsensusMessage
    From replica: 1
    InQueue size before: 0
    InQueue size after: 1
=== [V2V Layer 2] DELIVER successful ===
19:21:14.177 [Server Comm. System] INFO bftsmart.communication.ServerCommunicationSystem - === ServerCommunicationSystem RECEIVED message ===
19:21:14.177 [Server Comm. System] INFO bftsmart.communication.ServerCommunicationSystem -     Message type: ConsensusMessage
19:21:14.177 [Server Comm. System] INFO bftsmart.communication.ServerCommunicationSystem -     From: 1
19:21:14.177 [Server Comm. System] INFO bftsmart.communication.ServerCommunicationSystem -     Message count: 4
19:21:14.177 [Server Comm. System] DEBUG bftsmart.communication.ServerCommunicationSystem - <-- receiving, msg:type=WRITE, number=0, epoch=0, from=1
19:21:14.177 [Server Comm. System] DEBUG bftsmart.tom.core.ExecutionManager - Received message  type=WRITE, number=0, epoch=0, from=1
19:21:14.177 [Server Comm. System] DEBUG bftsmart.tom.core.ExecutionManager - I'm at consensus 0 and my last consensus is -1
19:21:14.177 [Server Comm. System] DEBUG bftsmart.tom.core.ExecutionManager - Message for consensus 0 can be processed
19:21:14.177 [Server Comm. System] DEBUG bftsmart.consensus.roles.Acceptor - Processing paxos msg with id 0
19:21:14.177 [Server Comm. System] DEBUG bftsmart.consensus.roles.Acceptor - WRITE received from:1, for consensus cId:0
19:21:14.177 [Server Comm. System] DEBUG bftsmart.consensus.roles.Acceptor - I have 5, WRITE's for cId:0, Epoch timestamp:0,
[Acceptor 2] computeWrite: cId=0, writeAccepted=5, quorum=5
19:21:14.177 [Server Comm. System] INFO bftsmart.communication.ServerCommunicationSystem - === Message processed ===
[V2VProxy 2] *** RECEIVED V2V message #12 from=1 to=-1 (broadcast=YES) at t=3.379990315593
V2VNativeBridge2: Received message from 1 with length 685
[V2V Layer 2] Received message from replica 1 via JNI
    [Reliability 2] handleIncomingMessage() called
        Type: DATA
        From: 1
        SeqNum: 0
        Expected seq: 1
        -> DUPLICATE (seq < expected), ignoring
[V2VProxy 4] *** RECEIVED V2V message #12 from=1 to=-1 (broadcast=YES) at t=3.37999033151
V2VNativeBridge4: Received message from 1 with length 685
[V2V Layer 4] Received message from replica 1 via JNI
    [Reliability 4] handleIncomingMessage() called
        Type: DATA
        From: 1
        SeqNum: 0
        Expected seq: 0
        -> IN ORDER, delivering immediately
    [Reliability 4] deliverMessage() - deserializing payload
        Deserialized: ConsensusMessage
        DEBUG: envelope.fromReplicaId=1, message.getSender()=1
=== [V2V Layer 4] DELIVER to BFT-SMaRt ===
    Message type: ConsensusMessage
    From replica: 1
    InQueue size before: 0
    InQueue size after: 1
=== [V2V Layer 4] DELIVER successful ===
[V2VProxy 6] *** RECEIVED V2V message #14 from=1 to=-1 (broadcast=YES) at t=3.379990338505
V2VNativeBridge6: Received message from 1 with length 685
[V2V Layer 6] Received message from replica 1 via JNI
19:21:14.226 [Server Comm. System] INFO bftsmart.communication.ServerCommunicationSystem - === ServerCommunicationSystem RECEIVED message ===
19:21:14.226 [Server Comm. System] INFO bftsmart.communication.ServerCommunicationSystem -     Message type: ConsensusMessage
19:21:14.226 [Server Comm. System] INFO bftsmart.communication.ServerCommunicationSystem -     From: 1
19:21:14.226 [Server Comm. System] INFO bftsmart.communication.ServerCommunicationSystem -     Message count: 4
19:21:14.227 [Server Comm. System] DEBUG bftsmart.communication.ServerCommunicationSystem - <-- receiving, msg:type=WRITE, number=0, epoch=0, from=1
19:21:14.227 [Server Comm. System] DEBUG bftsmart.tom.core.ExecutionManager - Received message  type=WRITE, number=0, epoch=0, from=1
19:21:14.227 [Server Comm. System] DEBUG bftsmart.tom.core.ExecutionManager - I'm at consensus 0 and my last consensus is -1
    [Reliability 6] handleIncomingMessage() called
        Type: DATA
        From: 1
        SeqNum: 0
19:21:14.227 [Server Comm. System] DEBUG bftsmart.tom.core.ExecutionManager - Message for consensus 0 can be processed
        Expected seq: 0
19:21:14.227 [Server Comm. System] DEBUG bftsmart.consensus.roles.Acceptor - Processing paxos msg with id 0
        -> IN ORDER, delivering immediately
    [Reliability 6] deliverMessage() - deserializing payload
19:21:14.227 [Server Comm. System] DEBUG bftsmart.consensus.roles.Acceptor - WRITE received from:1, for consensus cId:0
19:21:14.227 [Server Comm. System] DEBUG bftsmart.consensus.roles.Acceptor - I have 5, WRITE's for cId:0, Epoch timestamp:0,
[Acceptor 4] computeWrite: cId=0, writeAccepted=5, quorum=5
19:21:14.227 [Server Comm. System] INFO bftsmart.communication.ServerCommunicationSystem - === Message processed ===
        Deserialized: ConsensusMessage
        DEBUG: envelope.fromReplicaId=1, message.getSender()=1
=== [V2V Layer 6] DELIVER to BFT-SMaRt ===
    Message type: ConsensusMessage
    From replica: 1
    InQueue size before: 0
    InQueue size after: 1
=== [V2V Layer 6] DELIVER successful ===
19:21:14.227 [Server Comm. System] INFO bftsmart.communication.ServerCommunicationSystem - === ServerCommunicationSystem RECEIVED message ===
19:21:14.227 [Server Comm. System] INFO bftsmart.communication.ServerCommunicationSystem -     Message type: ConsensusMessage
19:21:14.227 [Server Comm. System] INFO bftsmart.communication.ServerCommunicationSystem -     From: 1
19:21:14.227 [Server Comm. System] INFO bftsmart.communication.ServerCommunicationSystem -     Message count: 5
19:21:14.227 [Server Comm. System] DEBUG bftsmart.communication.ServerCommunicationSystem - <-- receiving, msg:type=WRITE, number=0, epoch=0, from=1
19:21:14.227 [Server Comm. System] DEBUG bftsmart.tom.core.ExecutionManager - Received message  type=WRITE, number=0, epoch=0, from=1
19:21:14.227 [Server Comm. System] DEBUG bftsmart.tom.core.ExecutionManager - I'm at consensus 0 and my last consensus is -1
19:21:14.227 [Server Comm. System] DEBUG bftsmart.tom.core.ExecutionManager - Message for consensus 0 can be processed
19:21:14.227 [Server Comm. System] DEBUG bftsmart.consensus.roles.Acceptor - Processing paxos msg with id 0
19:21:14.227 [Server Comm. System] DEBUG bftsmart.consensus.roles.Acceptor - WRITE received from:1, for consensus cId:0
19:21:14.227 [Server Comm. System] DEBUG bftsmart.consensus.roles.Acceptor - I have 6, WRITE's for cId:0, Epoch timestamp:0,
[Acceptor 6] computeWrite: cId=0, writeAccepted=6, quorum=5
19:21:14.227 [Server Comm. System] DEBUG bftsmart.consensus.roles.Acceptor - Sending ACCEPT message, cId:0, I am:6
[V2VProxy 0] *** RECEIVED V2V message #5 from=1 to=-1 (broadcast=YES) at t=3.379990343018
V2VNativeBridge0: Received message from 1 with length 685
[V2V Layer 0] Received message from replica 1 via JNI
19:21:14.227 [Server Comm. System] DEBUG bftsmart.consensus.roles.Acceptor - Setting consensus 0 QuorumWrite tiemstamp to 0 and value [75, -109, 59, 63, 4, 61, -32, 72, -8, 97, 1, 42, -46, 11, -98, -37, -70, -84, 121, -43, -45, -73, -71, 84, -49, 73, 26, 20, -75, 56, 46, 28]
19:21:14.228 [Server Comm. System] DEBUG bftsmart.consensus.roles.Acceptor - Speculative ACCEPT message for consensus 0 matches the written value, sending it to the other replicas
[Acceptor 6] ABOUT TO SEND speculative ACCEPT for cId=0 to targets=[0, 1, 2, 3, 4, 5, 6, 7]
    [Reliability 0] handleIncomingMessage() called
        Type: DATA
        From: 1
=== [V2V Layer 6] SEND called ===
    Targets: [0, 1, 2, 3, 4, 5, 6, 7]
    Message type: ConsensusMessage
    Sender: 6
    -> Sending to replica 0 via V2V
    [Reliability 6] sendReliable() called
        Target: 0
        Message type: ConsensusMessage
        SeqNum: 0
        Expected seq: 0
        -> IN ORDER, delivering immediately
    [Reliability 0] deliverMessage() - deserializing payload
        Sequence number: 1
        Payload size: 267 bytes
        Deserialized: ConsensusMessage
        DEBUG: envelope.fromReplicaId=1, message.getSender()=1
=== [V2V Layer 0] DELIVER to BFT-SMaRt ===
    Message type: ConsensusMessage
    From replica: 1
        [Reliability 6] Piggybacked 2 ACKs to replica 0
    InQueue size before: 0
    InQueue size after: 1
=== [V2V Layer 0] DELIVER successful ===
V2VNativeBridge6: Sending message to -1 with length 872
[JNI] nativeSendMessage: 6 -> -1
[JNI] Sending 872 bytes (6->-1)
19:21:14.228 [Server Comm. System] INFO bftsmart.communication.ServerCommunicationSystem - === ServerCommunicationSystem RECEIVED message ===
[DEBUG V2VProxy 6] Queue has space - adding message
[JNI] Message queued successfully
        [Reliability 6] Sent seq=1 to replica 0
    -> Sending to replica 1 via V2V
    [Reliability 6] sendReliable() called
        Target: 1
        Message type: ConsensusMessage
19:21:14.228 [Server Comm. System] INFO bftsmart.communication.ServerCommunicationSystem -     Message type: ConsensusMessage
        Sequence number: 1
19:21:14.228 [Server Comm. System] INFO bftsmart.communication.ServerCommunicationSystem -     From: 1
19:21:14.228 [Server Comm. System] INFO bftsmart.communication.ServerCommunicationSystem -     Message count: 4
19:21:14.228 [Server Comm. System] DEBUG bftsmart.communication.ServerCommunicationSystem - <-- receiving, msg:type=WRITE, number=0, epoch=0, from=1
19:21:14.228 [Server Comm. System] DEBUG bftsmart.tom.core.ExecutionManager - Received message  type=WRITE, number=0, epoch=0, from=1
        Payload size: 267 bytes
        [Reliability 6] Piggybacked 1 ACKs to replica 1
19:21:14.228 [Server Comm. System] DEBUG bftsmart.tom.core.ExecutionManager - I'm at consensus 0 and my last consensus is -1
V2VNativeBridge6: Sending message to -1 with length 858
[JNI] nativeSendMessage: 6 -> -1
[JNI] Sending 858 bytes (6->-1)
[DEBUG V2VProxy 6] Queue has space - adding message
[JNI] Message queued successfully
        [Reliability 6] Sent seq=1 to replica 1
    -> Sending to replica 2 via V2V
    [Reliability 6] sendReliable() called
        Target: 2
        Message type: ConsensusMessage
19:21:14.228 [Server Comm. System] DEBUG bftsmart.tom.core.ExecutionManager - Message for consensus 0 can be processed
[V2VProxy 3] *** RECEIVED V2V message #12 from=1 to=-1 (broadcast=YES) at t=3.379990357263
19:21:14.228 [Server Comm. System] DEBUG bftsmart.consensus.roles.Acceptor - Processing paxos msg with id 0
        Sequence number: 1
V2VNativeBridge3: Received message from 1 with length 685
[V2V Layer 3] Received message from replica 1 via JNI
        Payload size: 267 bytes
        [Reliability 6] Piggybacked 1 ACKs to replica 2
19:21:14.228 [Server Comm. System] DEBUG bftsmart.consensus.roles.Acceptor - WRITE received from:1, for consensus cId:0
V2VNativeBridge6: Sending message to -1 with length 858
[JNI] nativeSendMessage: 6 -> -1
[JNI] Sending 858 bytes (6->-1)
[DEBUG V2VProxy 6] Queue has space - adding message
[JNI] Message queued successfully
        [Reliability 6] Sent seq=1 to replica 2
    -> Sending to replica 3 via V2V
    [Reliability 6] sendReliable() called
        Target: 3
        Message type: ConsensusMessage
        Sequence number: 1
        Payload size: 267 bytes
19:21:14.229 [Server Comm. System] DEBUG bftsmart.consensus.roles.Acceptor - I have 5, WRITE's for cId:0, Epoch timestamp:0,
        [Reliability 6] Piggybacked 1 ACKs to replica 3
    [Reliability 3] handleIncomingMessage() called
V2VNativeBridge6: Sending message to -1 with length 858
[JNI] nativeSendMessage: 6 -> -1
[JNI] Sending 858 bytes (6->-1)
[DEBUG V2VProxy 6] Queue has space - adding message
[JNI] Message queued successfully
        Type: DATA
        From: 1
        SeqNum: 0
        Expected seq: 0
        -> IN ORDER, delivering immediately
[Acceptor 0] computeWrite: cId=0, writeAccepted=5, quorum=5
19:21:14.229 [Server Comm. System] INFO bftsmart.communication.ServerCommunicationSystem - === Message processed ===
    [Reliability 3] deliverMessage() - deserializing payload
        [Reliability 6] Sent seq=1 to replica 3
        Deserialized: ConsensusMessage
        DEBUG: envelope.fromReplicaId=1, message.getSender()=1
=== [V2V Layer 3] DELIVER to BFT-SMaRt ===
    Message type: ConsensusMessage
    From replica: 1
    InQueue size before: 0
    -> Sending to replica 4 via V2V
    [Reliability 6] sendReliable() called
        Target: 4
        Message type: ConsensusMessage
        Sequence number: 1
    InQueue size after: 1
=== [V2V Layer 3] DELIVER successful ===
19:21:14.229 [Server Comm. System] INFO bftsmart.communication.ServerCommunicationSystem - === ServerCommunicationSystem RECEIVED message ===
        Payload size: 267 bytes
19:21:14.229 [Server Comm. System] INFO bftsmart.communication.ServerCommunicationSystem -     Message type: ConsensusMessage
19:21:14.229 [Server Comm. System] INFO bftsmart.communication.ServerCommunicationSystem -     From: 1
19:21:14.229 [Server Comm. System] INFO bftsmart.communication.ServerCommunicationSystem -     Message count: 4
        [Reliability 6] Piggybacked 1 ACKs to replica 4
19:21:14.229 [Server Comm. System] DEBUG bftsmart.communication.ServerCommunicationSystem - <-- receiving, msg:type=WRITE, number=0, epoch=0, from=1
19:21:14.229 [Server Comm. System] DEBUG bftsmart.tom.core.ExecutionManager - Received message  type=WRITE, number=0, epoch=0, from=1
19:21:14.229 [Server Comm. System] DEBUG bftsmart.tom.core.ExecutionManager - I'm at consensus 0 and my last consensus is -1
19:21:14.229 [Server Comm. System] DEBUG bftsmart.tom.core.ExecutionManager - Message for consensus 0 can be processed
19:21:14.229 [Server Comm. System] DEBUG bftsmart.consensus.roles.Acceptor - Processing paxos msg with id 0
19:21:14.229 [Server Comm. System] DEBUG bftsmart.consensus.roles.Acceptor - WRITE received from:1, for consensus cId:0
[V2VProxy 5] *** RECEIVED V2V message #13 from=1 to=-1 (broadcast=YES) at t=3.379990359699
V2VNativeBridge5: Received message from 1 with length 685
V2VNativeBridge6: Sending message to -1 with length 858
[JNI] nativeSendMessage: 6 -> -1
[JNI] Sending 858 bytes (6->-1)
[DEBUG V2VProxy 6] Queue has space - adding message
[JNI] Message queued successfully
19:21:14.229 [Server Comm. System] DEBUG bftsmart.consensus.roles.Acceptor - I have 5, WRITE's for cId:0, Epoch timestamp:0,
        [Reliability 6] Sent seq=1 to replica 4
    -> Sending to replica 5 via V2V
    [Reliability 6] sendReliable() called
        Target: 5
        Message type: ConsensusMessage
        Sequence number: 1
[Acceptor 3] computeWrite: cId=0, writeAccepted=5, quorum=5
        Payload size: 267 bytes
[V2V Layer 5] Received message from replica 1 via JNI
19:21:14.229 [Server Comm. System] INFO bftsmart.communication.ServerCommunicationSystem - === Message processed ===
V2VNativeBridge6: Sending message to -1 with length 780
[JNI] nativeSendMessage: 6 -> -1
[JNI] Sending 780 bytes (6->-1)
[DEBUG V2VProxy 6] Queue has space - adding message
[JNI] Message queued successfully
        [Reliability 6] Sent seq=1 to replica 5
    -> Self-delivery to replica 6
=== [V2V Layer 6] DELIVER to BFT-SMaRt ===
    Message type: ConsensusMessage
    From replica: 6
    InQueue size before: 0
    InQueue size after: 1
=== [V2V Layer 6] DELIVER successful ===
    -> Sending to replica 7 via V2V
    [Reliability 6] sendReliable() called
        Target: 7
        Message type: ConsensusMessage
        Sequence number: 1
        Payload size: 267 bytes
V2VNativeBridge6: Sending message to -1 with length 780
[JNI] nativeSendMessage: 6 -> -1
[JNI] Sending 780 bytes (6->-1)
[DEBUG V2VProxy 6] Queue has space - adding message
[JNI] Message queued successfully
        [Reliability 6] Sent seq=1 to replica 7
=== [V2V Layer 6] SEND complete ===
    [Reliability 5] handleIncomingMessage() called
[Acceptor 6] SENT speculative ACCEPT for cId=0
        Type: DATA
        From: 1
19:21:14.229 [Server Comm. System] INFO bftsmart.communication.ServerCommunicationSystem - === Message processed ===
19:21:14.229 [Server Comm. System] INFO bftsmart.communication.ServerCommunicationSystem - === ServerCommunicationSystem RECEIVED message ===
        SeqNum: 0
19:21:14.229 [Server Comm. System] INFO bftsmart.communication.ServerCommunicationSystem -     Message type: ConsensusMessage
        Expected seq: 0
19:21:14.229 [Server Comm. System] INFO bftsmart.communication.ServerCommunicationSystem -     From: 6
19:21:14.229 [Server Comm. System] INFO bftsmart.communication.ServerCommunicationSystem -     Message count: 6
        -> IN ORDER, delivering immediately
19:21:14.229 [Server Comm. System] DEBUG bftsmart.communication.ServerCommunicationSystem - <-- receiving, msg:type=ACCEPT, number=0, epoch=0, from=6
    [Reliability 5] deliverMessage() - deserializing payload
19:21:14.229 [Server Comm. System] DEBUG bftsmart.tom.core.ExecutionManager - Received message  type=ACCEPT, number=0, epoch=0, from=6
19:21:14.229 [Server Comm. System] DEBUG bftsmart.tom.core.ExecutionManager - I'm at consensus 0 and my last consensus is -1
19:21:14.229 [Server Comm. System] DEBUG bftsmart.tom.core.ExecutionManager - Message for consensus 0 can be processed
19:21:14.229 [Server Comm. System] DEBUG bftsmart.consensus.roles.Acceptor - Processing paxos msg with id 0
19:21:14.230 [Server Comm. System] DEBUG bftsmart.consensus.roles.Acceptor - ACCEPT from 6 for consensus 0
19:21:14.230 [Server Comm. System] DEBUG bftsmart.consensus.roles.Acceptor - I have 1 ACCEPTs for cId:0, Timestamp:0 
        Deserialized: ConsensusMessage
        DEBUG: envelope.fromReplicaId=1, message.getSender()=1
=== [V2V Layer 5] DELIVER to BFT-SMaRt ===
    Message type: ConsensusMessage
    From replica: 1
    InQueue size before: 0
19:21:14.230 [Server Comm. System] INFO bftsmart.communication.ServerCommunicationSystem - === Message processed ===
    InQueue size after: 1
=== [V2V Layer 5] DELIVER successful ===
19:21:14.230 [Server Comm. System] INFO bftsmart.communication.ServerCommunicationSystem - === ServerCommunicationSystem RECEIVED message ===
19:21:14.230 [Server Comm. System] INFO bftsmart.communication.ServerCommunicationSystem -     Message type: ConsensusMessage
19:21:14.230 [Server Comm. System] INFO bftsmart.communication.ServerCommunicationSystem -     From: 1
19:21:14.230 [Server Comm. System] INFO bftsmart.communication.ServerCommunicationSystem -     Message count: 5
19:21:14.230 [Server Comm. System] DEBUG bftsmart.communication.ServerCommunicationSystem - <-- receiving, msg:type=WRITE, number=0, epoch=0, from=1
19:21:14.230 [Server Comm. System] DEBUG bftsmart.tom.core.ExecutionManager - Received message  type=WRITE, number=0, epoch=0, from=1
19:21:14.230 [Server Comm. System] DEBUG bftsmart.tom.core.ExecutionManager - I'm at consensus 0 and my last consensus is -1
19:21:14.230 [Server Comm. System] DEBUG bftsmart.tom.core.ExecutionManager - Message for consensus 0 can be processed
19:21:14.230 [Server Comm. System] DEBUG bftsmart.consensus.roles.Acceptor - Processing paxos msg with id 0
19:21:14.230 [Server Comm. System] DEBUG bftsmart.consensus.roles.Acceptor - WRITE received from:1, for consensus cId:0
19:21:14.230 [Server Comm. System] DEBUG bftsmart.consensus.roles.Acceptor - I have 6, WRITE's for cId:0, Epoch timestamp:0,
[Acceptor 5] computeWrite: cId=0, writeAccepted=6, quorum=5
19:21:14.230 [Server Comm. System] DEBUG bftsmart.consensus.roles.Acceptor - Sending ACCEPT message, cId:0, I am:5
19:21:14.230 [Server Comm. System] DEBUG bftsmart.consensus.roles.Acceptor - Setting consensus 0 QuorumWrite tiemstamp to 0 and value [75, -109, 59, 63, 4, 61, -32, 72, -8, 97, 1, 42, -46, 11, -98, -37, -70, -84, 121, -43, -45, -73, -71, 84, -49, 73, 26, 20, -75, 56, 46, 28]
19:21:14.230 [Server Comm. System] DEBUG bftsmart.consensus.roles.Acceptor - Speculative ACCEPT message for consensus 0 matches the written value, sending it to the other replicas
[Acceptor 5] ABOUT TO SEND speculative ACCEPT for cId=0 to targets=[0, 1, 2, 3, 4, 5, 6, 7]
=== [V2V Layer 5] SEND called ===
    Targets: [0, 1, 2, 3, 4, 5, 6, 7]
    Message type: ConsensusMessage
    Sender: 5
    -> Sending to replica 0 via V2V
    [Reliability 5] sendReliable() called
        Target: 0
        Message type: ConsensusMessage
        Sequence number: 1
[V2VProxy 7] *** RECEIVED V2V message #13 from=1 to=-1 (broadcast=YES) at t=3.379990362918
        Payload size: 265 bytes
V2VNativeBridge7: Received message from 1 with length 685
[V2V Layer 7] Received message from replica 1 via JNI
        [Reliability 5] Piggybacked 2 ACKs to replica 0
V2VNativeBridge5: Sending message to -1 with length 870
[JNI] nativeSendMessage: 5 -> -1
[JNI] Sending 870 bytes (5->-1)
[DEBUG V2VProxy 5] Queue has space - adding message
[JNI] Message queued successfully
        [Reliability 5] Sent seq=1 to replica 0
    [Reliability 7] handleIncomingMessage() called
        Type: DATA
        From: 1
        SeqNum: 0
    -> Sending to replica 1 via V2V
    [Reliability 5] sendReliable() called
        Target: 1
        Message type: ConsensusMessage
        Expected seq: 0
        -> IN ORDER, delivering immediately
    [Reliability 7] deliverMessage() - deserializing payload
        Sequence number: 1
        Payload size: 265 bytes
        [Reliability 5] Piggybacked 1 ACKs to replica 1
        Deserialized: ConsensusMessage
        DEBUG: envelope.fromReplicaId=1, message.getSender()=1
=== [V2V Layer 7] DELIVER to BFT-SMaRt ===
    Message type: ConsensusMessage
    From replica: 1
    InQueue size before: 0
V2VNativeBridge5: Sending message to -1 with length 856
[JNI] nativeSendMessage: 5 -> -1
[JNI] Sending 856 bytes (5->-1)
[DEBUG V2VProxy 5] Queue has space - adding message
[JNI] Message queued successfully
        [Reliability 5] Sent seq=1 to replica 1
    -> Sending to replica 2 via V2V
    InQueue size after: 1
=== [V2V Layer 7] DELIVER successful ===
    [Reliability 5] sendReliable() called
        Target: 2
        Message type: ConsensusMessage
        Sequence number: 1
        Payload size: 265 bytes
19:21:14.231 [Server Comm. System] INFO bftsmart.communication.ServerCommunicationSystem - === ServerCommunicationSystem RECEIVED message ===
        [Reliability 5] Piggybacked 1 ACKs to replica 2
19:21:14.231 [Server Comm. System] INFO bftsmart.communication.ServerCommunicationSystem -     Message type: ConsensusMessage
19:21:14.231 [Server Comm. System] INFO bftsmart.communication.ServerCommunicationSystem -     From: 1
19:21:14.231 [Server Comm. System] INFO bftsmart.communication.ServerCommunicationSystem -     Message count: 5
V2VNativeBridge5: Sending message to -1 with length 856
[JNI] nativeSendMessage: 5 -> -1
19:21:14.231 [Server Comm. System] DEBUG bftsmart.communication.ServerCommunicationSystem - <-- receiving, msg:type=WRITE, number=0, epoch=0, from=1
[JNI] Sending 856 bytes (5->-1)
[DEBUG V2VProxy 5] Queue has space - adding message
[JNI] Message queued successfully
        [Reliability 5] Sent seq=1 to replica 2
19:21:14.231 [Server Comm. System] DEBUG bftsmart.tom.core.ExecutionManager - Received message  type=WRITE, number=0, epoch=0, from=1
    -> Sending to replica 3 via V2V
    [Reliability 5] sendReliable() called
        Target: 3
        Message type: ConsensusMessage
        Sequence number: 1
        Payload size: 265 bytes
        [Reliability 5] Piggybacked 1 ACKs to replica 3
19:21:14.231 [Server Comm. System] DEBUG bftsmart.tom.core.ExecutionManager - I'm at consensus 0 and my last consensus is -1
V2VNativeBridge5: Sending message to -1 with length 856
[JNI] nativeSendMessage: 5 -> -1
[JNI] Sending 856 bytes (5->-1)
[DEBUG V2VProxy 5] Queue has space - adding message
[JNI] Message queued successfully
        [Reliability 5] Sent seq=1 to replica 3
    -> Sending to replica 4 via V2V
    [Reliability 5] sendReliable() called
        Target: 4
        Message type: ConsensusMessage
        Sequence number: 1
        Payload size: 265 bytes
        [Reliability 5] Piggybacked 1 ACKs to replica 4
19:21:14.231 [Server Comm. System] DEBUG bftsmart.tom.core.ExecutionManager - Message for consensus 0 can be processed
19:21:14.231 [Server Comm. System] DEBUG bftsmart.consensus.roles.Acceptor - Processing paxos msg with id 0
V2VNativeBridge5: Sending message to -1 with length 856
[JNI] nativeSendMessage: 5 -> -1
[JNI] Sending 856 bytes (5->-1)
[DEBUG V2VProxy 5] Queue has space - adding message
[JNI] Message queued successfully
19:21:14.231 [Server Comm. System] DEBUG bftsmart.consensus.roles.Acceptor - WRITE received from:1, for consensus cId:0
        [Reliability 5] Sent seq=1 to replica 4
    -> Self-delivery to replica 5
=== [V2V Layer 5] DELIVER to BFT-SMaRt ===
    Message type: ConsensusMessage
    From replica: 5
    InQueue size before: 0
    InQueue size after: 1
19:21:14.231 [Server Comm. System] DEBUG bftsmart.consensus.roles.Acceptor - I have 6, WRITE's for cId:0, Epoch timestamp:0,
=== [V2V Layer 5] DELIVER successful ===
    -> Sending to replica 6 via V2V
    [Reliability 5] sendReliable() called
        Target: 6
        Message type: ConsensusMessage
[Acceptor 7] computeWrite: cId=0, writeAccepted=6, quorum=5
        Sequence number: 1
19:21:14.231 [Server Comm. System] DEBUG bftsmart.consensus.roles.Acceptor - Sending ACCEPT message, cId:0, I am:7
        Payload size: 265 bytes
19:21:14.232 [Server Comm. System] DEBUG bftsmart.consensus.roles.Acceptor - Setting consensus 0 QuorumWrite tiemstamp to 0 and value [75, -109, 59, 63, 4, 61, -32, 72, -8, 97, 1, 42, -46, 11, -98, -37, -70, -84, 121, -43, -45, -73, -71, 84, -49, 73, 26, 20, -75, 56, 46, 28]
19:21:14.232 [Server Comm. System] DEBUG bftsmart.consensus.roles.Acceptor - Speculative ACCEPT message for consensus 0 matches the written value, sending it to the other replicas
[Acceptor 7] ABOUT TO SEND speculative ACCEPT for cId=0 to targets=[0, 1, 2, 3, 4, 5, 6, 7]
=== [V2V Layer 7] SEND called ===
    Targets: [0, 1, 2, 3, 4, 5, 6, 7]
    Message type: ConsensusMessage
    Sender: 7
    -> Sending to replica 0 via V2V
    [Reliability 7] sendReliable() called
        Target: 0
        Message type: ConsensusMessage
        Sequence number: 1
        Payload size: 267 bytes
        [Reliability 7] Piggybacked 2 ACKs to replica 0
V2VNativeBridge7: Sending message to -1 with length 872
[JNI] nativeSendMessage: 7 -> -1
[JNI] Sending 872 bytes (7->-1)
[DEBUG V2VProxy 7] Queue has space - adding message
[JNI] Message queued successfully
        [Reliability 7] Sent seq=1 to replica 0
    -> Sending to replica 1 via V2V
V2VNativeBridge5: Sending message to -1 with length 778
[JNI] nativeSendMessage: 5 -> -1
[JNI] Sending 778 bytes (5->-1)
[DEBUG V2VProxy 5] Queue has space - adding message
[JNI] Message queued successfully
        [Reliability 5] Sent seq=1 to replica 6
    -> Sending to replica 7 via V2V
    [Reliability 5] sendReliable() called
        Target: 7
        Message type: ConsensusMessage
    [Reliability 7] sendReliable() called
        Target: 1
        Sequence number: 1
        Message type: ConsensusMessage
        Sequence number: 1
        Payload size: 265 bytes
        Payload size: 267 bytes
        [Reliability 7] Piggybacked 1 ACKs to replica 1
V2VNativeBridge7: Sending message to -1 with length 858
[JNI] nativeSendMessage: 7 -> -1
[JNI] Sending 858 bytes (7->-1)
[DEBUG V2VProxy 7] Queue has space - adding message
[JNI] Message queued successfully
        [Reliability 7] Sent seq=1 to replica 1
    -> Sending to replica 2 via V2V
    [Reliability 7] sendReliable() called
        Target: 2
V2VNativeBridge5: Sending message to -1 with length 778
[JNI] nativeSendMessage: 5 -> -1
[JNI] Sending 778 bytes (5->-1)
[DEBUG V2VProxy 5] Queue has space - adding message
[JNI] Message queued successfully
        Message type: ConsensusMessage
        [Reliability 5] Sent seq=1 to replica 7
=== [V2V Layer 5] SEND complete ===
        Sequence number: 1
[Acceptor 5] SENT speculative ACCEPT for cId=0
        Payload size: 267 bytes
19:21:14.232 [Server Comm. System] INFO bftsmart.communication.ServerCommunicationSystem - === Message processed ===
        [Reliability 7] Piggybacked 1 ACKs to replica 2
19:21:14.232 [Server Comm. System] INFO bftsmart.communication.ServerCommunicationSystem - === ServerCommunicationSystem RECEIVED message ===
19:21:14.232 [Server Comm. System] INFO bftsmart.communication.ServerCommunicationSystem -     Message type: ConsensusMessage
19:21:14.232 [Server Comm. System] INFO bftsmart.communication.ServerCommunicationSystem -     From: 5
19:21:14.232 [Server Comm. System] INFO bftsmart.communication.ServerCommunicationSystem -     Message count: 6
V2VNativeBridge7: Sending message to -1 with length 858
[JNI] nativeSendMessage: 7 -> -1
19:21:14.232 [Server Comm. System] DEBUG bftsmart.communication.ServerCommunicationSystem - <-- receiving, msg:type=ACCEPT, number=0, epoch=0, from=5
[JNI] Sending 858 bytes (7->-1)
[DEBUG V2VProxy 7] Queue has space - adding message
[JNI] Message queued successfully
        [Reliability 7] Sent seq=1 to replica 2
19:21:14.232 [Server Comm. System] DEBUG bftsmart.tom.core.ExecutionManager - Received message  type=ACCEPT, number=0, epoch=0, from=5
    -> Sending to replica 3 via V2V
    [Reliability 7] sendReliable() called
        Target: 3
        Message type: ConsensusMessage
19:21:14.232 [Server Comm. System] DEBUG bftsmart.tom.core.ExecutionManager - I'm at consensus 0 and my last consensus is -1
        Sequence number: 1
        Payload size: 267 bytes
19:21:14.232 [Server Comm. System] DEBUG bftsmart.tom.core.ExecutionManager - Message for consensus 0 can be processed
        [Reliability 7] Piggybacked 1 ACKs to replica 3
19:21:14.232 [Server Comm. System] DEBUG bftsmart.consensus.roles.Acceptor - Processing paxos msg with id 0
19:21:14.232 [Server Comm. System] DEBUG bftsmart.consensus.roles.Acceptor - ACCEPT from 5 for consensus 0
V2VNativeBridge7: Sending message to -1 with length 858
19:21:14.232 [Server Comm. System] DEBUG bftsmart.consensus.roles.Acceptor - I have 1 ACCEPTs for cId:0, Timestamp:0 
[JNI] nativeSendMessage: 7 -> -1
[JNI] Sending 858 bytes (7->-1)
[DEBUG V2VProxy 7] Queue has space - adding message
19:21:14.232 [Server Comm. System] INFO bftsmart.communication.ServerCommunicationSystem - === Message processed ===
[JNI] Message queued successfully
        [Reliability 7] Sent seq=1 to replica 3
    -> Sending to replica 4 via V2V
    [Reliability 7] sendReliable() called
        Target: 4
        Message type: ConsensusMessage
        Sequence number: 1
        Payload size: 267 bytes
        [Reliability 7] Piggybacked 1 ACKs to replica 4
V2VNativeBridge7: Sending message to -1 with length 858
[JNI] nativeSendMessage: 7 -> -1
[JNI] Sending 858 bytes (7->-1)
[DEBUG V2VProxy 7] Queue has space - adding message
[JNI] Message queued successfully
        [Reliability 7] Sent seq=1 to replica 4
    -> Sending to replica 5 via V2V
    [Reliability 7] sendReliable() called
        Target: 5
        Message type: ConsensusMessage
        Sequence number: 1
        Payload size: 267 bytes
V2VNativeBridge7: Sending message to -1 with length 780
[JNI] nativeSendMessage: 7 -> -1
[JNI] Sending 780 bytes (7->-1)
[DEBUG V2VProxy 7] Queue has space - adding message
[JNI] Message queued successfully
        [Reliability 7] Sent seq=1 to replica 5
    -> Sending to replica 6 via V2V
    [Reliability 7] sendReliable() called
        Target: 6
        Message type: ConsensusMessage
        Sequence number: 1
        Payload size: 267 bytes
V2VNativeBridge7: Sending message to -1 with length 780
[JNI] nativeSendMessage: 7 -> -1
[JNI] Sending 780 bytes (7->-1)
[DEBUG V2VProxy 7] Queue has space - adding message
[JNI] Message queued successfully
        [Reliability 7] Sent seq=1 to replica 6
    -> Self-delivery to replica 7
=== [V2V Layer 7] DELIVER to BFT-SMaRt ===
    Message type: ConsensusMessage
    From replica: 7
    InQueue size before: 0
    InQueue size after: 1
=== [V2V Layer 7] DELIVER successful ===
=== [V2V Layer 7] SEND complete ===
[Acceptor 7] SENT speculative ACCEPT for cId=0
19:21:14.233 [Server Comm. System] INFO bftsmart.communication.ServerCommunicationSystem - === Message processed ===
19:21:14.233 [Server Comm. System] INFO bftsmart.communication.ServerCommunicationSystem - === ServerCommunicationSystem RECEIVED message ===
19:21:14.233 [Server Comm. System] INFO bftsmart.communication.ServerCommunicationSystem -     Message type: ConsensusMessage
19:21:14.233 [Server Comm. System] INFO bftsmart.communication.ServerCommunicationSystem -     From: 7
19:21:14.233 [Server Comm. System] INFO bftsmart.communication.ServerCommunicationSystem -     Message count: 6
19:21:14.233 [Server Comm. System] DEBUG bftsmart.communication.ServerCommunicationSystem - <-- receiving, msg:type=ACCEPT, number=0, epoch=0, from=7
19:21:14.233 [Server Comm. System] DEBUG bftsmart.tom.core.ExecutionManager - Received message  type=ACCEPT, number=0, epoch=0, from=7
19:21:14.233 [Server Comm. System] DEBUG bftsmart.tom.core.ExecutionManager - I'm at consensus 0 and my last consensus is -1
19:21:14.233 [Server Comm. System] DEBUG bftsmart.tom.core.ExecutionManager - Message for consensus 0 can be processed
19:21:14.233 [Server Comm. System] DEBUG bftsmart.consensus.roles.Acceptor - Processing paxos msg with id 0
19:21:14.233 [Server Comm. System] DEBUG bftsmart.consensus.roles.Acceptor - ACCEPT from 7 for consensus 0
19:21:14.233 [Server Comm. System] DEBUG bftsmart.consensus.roles.Acceptor - I have 1 ACCEPTs for cId:0, Timestamp:0 
19:21:14.233 [Server Comm. System] INFO bftsmart.communication.ServerCommunicationSystem - === Message processed ===
[V2VProxy 6] *** RECEIVED V2V message #15 from=7 to=-1 (broadcast=YES) at t=3.381329407663
V2VNativeBridge6: Received message from 7 with length 685
[V2V Layer 6] Received message from replica 7 via JNI
    [Reliability 6] handleIncomingMessage() called
        Type: DATA
        From: 7
        SeqNum: 0
        Expected seq: 0
        -> IN ORDER, delivering immediately
    [Reliability 6] deliverMessage() - deserializing payload
        Deserialized: ConsensusMessage
        DEBUG: envelope.fromReplicaId=7, message.getSender()=7
=== [V2V Layer 6] DELIVER to BFT-SMaRt ===
    Message type: ConsensusMessage
    From replica: 7
    InQueue size before: 0
    InQueue size after: 1
=== [V2V Layer 6] DELIVER successful ===
19:21:14.245 [Server Comm. System] INFO bftsmart.communication.ServerCommunicationSystem - === ServerCommunicationSystem RECEIVED message ===
[V2VProxy 0] *** RECEIVED V2V message #6 from=7 to=-1 (broadcast=YES) at t=3.381329424275
V2VNativeBridge0: Received message from 7 with length 685
[V2V Layer 0] Received message from replica 7 via JNI
19:21:14.245 [Server Comm. System] INFO bftsmart.communication.ServerCommunicationSystem -     Message type: ConsensusMessage
19:21:14.245 [Server Comm. System] INFO bftsmart.communication.ServerCommunicationSystem -     From: 7
19:21:14.245 [Server Comm. System] INFO bftsmart.communication.ServerCommunicationSystem -     Message count: 7
19:21:14.245 [Server Comm. System] DEBUG bftsmart.communication.ServerCommunicationSystem - <-- receiving, msg:type=WRITE, number=0, epoch=0, from=7
19:21:14.245 [Server Comm. System] DEBUG bftsmart.tom.core.ExecutionManager - Received message  type=WRITE, number=0, epoch=0, from=7
19:21:14.245 [Server Comm. System] DEBUG bftsmart.tom.core.ExecutionManager - I'm at consensus 0 and my last consensus is -1
    [Reliability 0] handleIncomingMessage() called
        Type: DATA
        From: 7
        SeqNum: 0
        Expected seq: 0
        -> IN ORDER, delivering immediately
    [Reliability 0] deliverMessage() - deserializing payload
19:21:14.245 [Server Comm. System] DEBUG bftsmart.tom.core.ExecutionManager - Message for consensus 0 can be processed
        Deserialized: ConsensusMessage
        DEBUG: envelope.fromReplicaId=7, message.getSender()=7
=== [V2V Layer 0] DELIVER to BFT-SMaRt ===
    Message type: ConsensusMessage
    From replica: 7
    InQueue size before: 0
19:21:14.245 [Server Comm. System] DEBUG bftsmart.consensus.roles.Acceptor - Processing paxos msg with id 0
    InQueue size after: 1
=== [V2V Layer 0] DELIVER successful ===
19:21:14.245 [Server Comm. System] DEBUG bftsmart.consensus.roles.Acceptor - WRITE received from:7, for consensus cId:0
19:21:14.245 [Server Comm. System] INFO bftsmart.communication.ServerCommunicationSystem - === ServerCommunicationSystem RECEIVED message ===
19:21:14.245 [Server Comm. System] INFO bftsmart.communication.ServerCommunicationSystem -     Message type: ConsensusMessage
19:21:14.245 [Server Comm. System] INFO bftsmart.communication.ServerCommunicationSystem -     From: 7
19:21:14.245 [Server Comm. System] DEBUG bftsmart.consensus.roles.Acceptor - I have 7, WRITE's for cId:0, Epoch timestamp:0,
19:21:14.245 [Server Comm. System] INFO bftsmart.communication.ServerCommunicationSystem -     Message count: 5
[Acceptor 6] computeWrite: cId=0, writeAccepted=7, quorum=5
19:21:14.245 [Server Comm. System] DEBUG bftsmart.communication.ServerCommunicationSystem - <-- receiving, msg:type=WRITE, number=0, epoch=0, from=7
19:21:14.245 [Server Comm. System] INFO bftsmart.communication.ServerCommunicationSystem - === Message processed ===
19:21:14.245 [Server Comm. System] DEBUG bftsmart.tom.core.ExecutionManager - Received message  type=WRITE, number=0, epoch=0, from=7
19:21:14.245 [Server Comm. System] DEBUG bftsmart.tom.core.ExecutionManager - I'm at consensus 0 and my last consensus is -1
19:21:14.245 [Server Comm. System] DEBUG bftsmart.tom.core.ExecutionManager - Message for consensus 0 can be processed
19:21:14.245 [Server Comm. System] DEBUG bftsmart.consensus.roles.Acceptor - Processing paxos msg with id 0
[V2VProxy 1] *** RECEIVED V2V message #13 from=7 to=-1 (broadcast=YES) at t=3.381329445881
19:21:14.245 [Server Comm. System] DEBUG bftsmart.consensus.roles.Acceptor - WRITE received from:7, for consensus cId:0
V2VNativeBridge1: Received message from 7 with length 685
[V2V Layer 1] Received message from replica 7 via JNI
19:21:14.245 [Server Comm. System] DEBUG bftsmart.consensus.roles.Acceptor - I have 6, WRITE's for cId:0, Epoch timestamp:0,
[Acceptor 0] computeWrite: cId=0, writeAccepted=6, quorum=5
19:21:14.245 [Server Comm. System] DEBUG bftsmart.consensus.roles.Acceptor - Sending ACCEPT message, cId:0, I am:0
19:21:14.245 [Server Comm. System] DEBUG bftsmart.consensus.roles.Acceptor - Setting consensus 0 QuorumWrite tiemstamp to 0 and value [75, -109, 59, 63, 4, 61, -32, 72, -8, 97, 1, 42, -46, 11, -98, -37, -70, -84, 121, -43, -45, -73, -71, 84, -49, 73, 26, 20, -75, 56, 46, 28]
19:21:14.245 [Server Comm. System] DEBUG bftsmart.consensus.roles.Acceptor - Speculative ACCEPT message for consensus 0 matches the written value, sending it to the other replicas
[Acceptor 0] ABOUT TO SEND speculative ACCEPT for cId=0 to targets=[0, 1, 2, 3, 4, 5, 6, 7]
=== [V2V Layer 0] SEND called ===
    Targets: [0, 1, 2, 3, 4, 5, 6, 7]
    Message type: ConsensusMessage
    Sender: 0
    -> Self-delivery to replica 0
=== [V2V Layer 0] DELIVER to BFT-SMaRt ===
    Message type: ConsensusMessage
    From replica: 0
    InQueue size before: 0
    InQueue size after: 1
=== [V2V Layer 0] DELIVER successful ===
    -> Sending to replica 1 via V2V
    [Reliability 0] sendReliable() called
        Target: 1
        Message type: ConsensusMessage
    [Reliability 1] handleIncomingMessage() called
        Type: DATA
        From: 7
        SeqNum: 0
        Sequence number: 2
        Expected seq: 0
        -> IN ORDER, delivering immediately
    [Reliability 1] deliverMessage() - deserializing payload
        Deserialized: ConsensusMessage
        DEBUG: envelope.fromReplicaId=7, message.getSender()=7
=== [V2V Layer 1] DELIVER to BFT-SMaRt ===
    Message type: ConsensusMessage
    From replica: 7
    InQueue size before: 0
        Payload size: 267 bytes
    InQueue size after: 1
=== [V2V Layer 1] DELIVER successful ===
19:21:14.245 [Server Comm. System] INFO bftsmart.communication.ServerCommunicationSystem - === ServerCommunicationSystem RECEIVED message ===
        [Reliability 0] Piggybacked 1 ACKs to replica 1
19:21:14.245 [Server Comm. System] INFO bftsmart.communication.ServerCommunicationSystem -     Message type: ConsensusMessage
19:21:14.246 [Server Comm. System] INFO bftsmart.communication.ServerCommunicationSystem -     From: 7
19:21:14.246 [Server Comm. System] INFO bftsmart.communication.ServerCommunicationSystem -     Message count: 5
[V2VProxy 3] *** RECEIVED V2V message #13 from=7 to=-1 (broadcast=YES) at t=3.381329449
19:21:14.246 [Server Comm. System] DEBUG bftsmart.communication.ServerCommunicationSystem - <-- receiving, msg:type=WRITE, number=0, epoch=0, from=7
V2VNativeBridge3: Received message from 7 with length 685
[V2V Layer 3] Received message from replica 7 via JNI
19:21:14.246 [Server Comm. System] DEBUG bftsmart.tom.core.ExecutionManager - Received message  type=WRITE, number=0, epoch=0, from=7
19:21:14.246 [Server Comm. System] DEBUG bftsmart.tom.core.ExecutionManager - I'm at consensus 0 and my last consensus is -1
19:21:14.246 [Server Comm. System] DEBUG bftsmart.tom.core.ExecutionManager - Message for consensus 0 can be processed
19:21:14.246 [Server Comm. System] DEBUG bftsmart.consensus.roles.Acceptor - Processing paxos msg with id 0
V2VNativeBridge0: Sending message to -1 with length 858
19:21:14.246 [Server Comm. System] DEBUG bftsmart.consensus.roles.Acceptor - WRITE received from:7, for consensus cId:0
[JNI] nativeSendMessage: 0 -> -1
[JNI] Sending 858 bytes (0->-1)
[DEBUG V2VProxy 0] Queue has space - adding message
[JNI] Message queued successfully
        [Reliability 0] Sent seq=2 to replica 1
19:21:14.246 [Server Comm. System] DEBUG bftsmart.consensus.roles.Acceptor - I have 6, WRITE's for cId:0, Epoch timestamp:0,
    -> Sending to replica 2 via V2V
    [Reliability 3] handleIncomingMessage() called
        Type: DATA
        From: 7
        SeqNum: 0
    [Reliability 0] sendReliable() called
        Target: 2
        Message type: ConsensusMessage
        Sequence number: 2
        Payload size: 267 bytes
        [Reliability 0] Piggybacked 1 ACKs to replica 2
[Acceptor 1] computeWrite: cId=0, writeAccepted=6, quorum=5
        Expected seq: 0
19:21:14.246 [Server Comm. System] DEBUG bftsmart.consensus.roles.Acceptor - Sending ACCEPT message, cId:0, I am:1
V2VNativeBridge0: Sending message to -1 with length 858
19:21:14.246 [Server Comm. System] DEBUG bftsmart.consensus.roles.Acceptor - Setting consensus 0 QuorumWrite tiemstamp to 0 and value [75, -109, 59, 63, 4, 61, -32, 72, -8, 97, 1, 42, -46, 11, -98, -37, -70, -84, 121, -43, -45, -73, -71, 84, -49, 73, 26, 20, -75, 56, 46, 28]
[JNI] nativeSendMessage: 0 -> -1
[JNI] Sending 858 bytes (0->-1)
[DEBUG V2VProxy 0] Queue has space - adding message
        -> IN ORDER, delivering immediately
19:21:14.246 [Server Comm. System] DEBUG bftsmart.consensus.roles.Acceptor - Speculative ACCEPT message for consensus 0 matches the written value, sending it to the other replicas
[JNI] Message queued successfully
    [Reliability 3] deliverMessage() - deserializing payload
[Acceptor 1] ABOUT TO SEND speculative ACCEPT for cId=0 to targets=[0, 1, 2, 3, 4, 5, 6, 7]
        [Reliability 0] Sent seq=2 to replica 2
    -> Sending to replica 3 via V2V
    [Reliability 0] sendReliable() called
        Target: 3
=== [V2V Layer 1] SEND called ===
        Deserialized: ConsensusMessage
        Message type: ConsensusMessage
        DEBUG: envelope.fromReplicaId=7, message.getSender()=7
=== [V2V Layer 3] DELIVER to BFT-SMaRt ===
    Message type: ConsensusMessage
    From replica: 7
    InQueue size before: 0
        Sequence number: 2
    InQueue size after: 1
=== [V2V Layer 3] DELIVER successful ===
        Payload size: 267 bytes
19:21:14.246 [Server Comm. System] INFO bftsmart.communication.ServerCommunicationSystem - === ServerCommunicationSystem RECEIVED message ===
        [Reliability 0] Piggybacked 1 ACKs to replica 3
    Targets: [0, 1, 2, 3, 4, 5, 6, 7]
V2VNativeBridge0: Sending message to -1 with length 858
[JNI] nativeSendMessage: 0 -> -1
[JNI] Sending 858 bytes (0->-1)
[DEBUG V2VProxy 0] Queue has space - adding message
[JNI] Message queued successfully
        [Reliability 0] Sent seq=2 to replica 3
    -> Sending to replica 4 via V2V
    Message type: ConsensusMessage
    Sender: 1
19:21:14.246 [Server Comm. System] INFO bftsmart.communication.ServerCommunicationSystem -     Message type: ConsensusMessage
    -> Sending to replica 0 via V2V[V2VProxy 2] *** RECEIVED V2V message #13 from=7 to=-1 (broadcast=YES) at t=3.38132945216

    [Reliability 1] sendReliable() called
        Target: 0
        Message type: ConsensusMessage
    [Reliability 0] sendReliable() called
        Target: 4
        Message type: ConsensusMessage
        Sequence number: 1
19:21:14.246 [Server Comm. System] INFO bftsmart.communication.ServerCommunicationSystem -     From: 7
        Payload size: 266 bytes
V2VNativeBridge2: Received message from 7 with length 685
        [Reliability 1] Piggybacked 2 ACKs to replica 0
V2VNativeBridge1: Sending message to -1 with length 871
[JNI] nativeSendMessage: 1 -> -1
[JNI] Sending 871 bytes (1->-1)
        Sequence number: 2[DEBUG V2VProxy 1] Queue has space - adding message
[JNI] Message queued successfully

        [Reliability 1] Sent seq=1 to replica 0
    -> Self-delivery to replica 1
=== [V2V Layer 1] DELIVER to BFT-SMaRt ===
    Message type: ConsensusMessage
    From replica: 1
    InQueue size before: 0
    InQueue size after: 1
=== [V2V Layer 1] DELIVER successful ===
    -> Sending to replica 2 via V2V
    [Reliability 1] sendReliable() called
        Target: 2
        Message type: ConsensusMessage
        Payload size: 267 bytes
        [Reliability 0] Piggybacked 1 ACKs to replica 4
[V2V Layer 2] Received message from replica 7 via JNI
V2VNativeBridge0: Sending message to -1 with length 858
[JNI] nativeSendMessage: 0 -> -1
[JNI] Sending 858 bytes (0->-1)
[DEBUG V2VProxy 0] Queue has space - adding message
[JNI] Message queued successfully
19:21:14.247 [Server Comm. System] INFO bftsmart.communication.ServerCommunicationSystem -     Message count: 5
        [Reliability 0] Sent seq=2 to replica 4
    -> Sending to replica 5 via V2V
    [Reliability 0] sendReliable() called
        Target: 5
        Message type: ConsensusMessage
        Sequence number: 2
        Payload size: 267 bytes
19:21:14.247 [Server Comm. System] DEBUG bftsmart.communication.ServerCommunicationSystem - <-- receiving, msg:type=WRITE, number=0, epoch=0, from=7
        Sequence number: 1
V2VNativeBridge0: Sending message to -1 with length 780
[JNI] nativeSendMessage: 0 -> -1
[JNI] Sending 780 bytes (0->-1)
[DEBUG V2VProxy 0] Queue has space - adding message
[JNI] Message queued successfully
        [Reliability 0] Sent seq=2 to replica 5
19:21:14.247 [Server Comm. System] DEBUG bftsmart.tom.core.ExecutionManager - Received message  type=WRITE, number=0, epoch=0, from=7
    -> Sending to replica 6 via V2V
    [Reliability 0] sendReliable() called
19:21:14.247 [Server Comm. System] DEBUG bftsmart.tom.core.ExecutionManager - I'm at consensus 0 and my last consensus is -1
        Target: 6
        Message type: ConsensusMessage
        Sequence number: 2
        Payload size: 266 bytes
        Payload size: 267 bytes
    [Reliability 2] handleIncomingMessage() called
V2VNativeBridge0: Sending message to -1 with length 780
[JNI] nativeSendMessage: 0 -> -1
[JNI] Sending 780 bytes (0->-1)
[DEBUG V2VProxy 0] Queue has space - adding message
[JNI] Message queued successfully
        [Reliability 1] Piggybacked 1 ACKs to replica 2
        [Reliability 0] Sent seq=2 to replica 6
    -> Sending to replica 7 via V2V
    [Reliability 0] sendReliable() called
        Target: 7
        Message type: ConsensusMessage
        Sequence number: 2
19:21:14.247 [Server Comm. System] DEBUG bftsmart.tom.core.ExecutionManager - Message for consensus 0 can be processed
V2VNativeBridge1: Sending message to -1 with length 857
[JNI] nativeSendMessage: 1 -> -1
[JNI] Sending 857 bytes (1->-1)
[DEBUG V2VProxy 1] Queue has space - adding message
[JNI] Message queued successfully
        Payload size: 267 bytes
        [Reliability 1] Sent seq=1 to replica 2
    -> Sending to replica 3 via V2V
    [Reliability 1] sendReliable() called
        Target: 3
        Message type: ConsensusMessage
        Sequence number: 1
        [Reliability 0] Piggybacked 1 ACKs to replica 7
        Type: DATA
        From: 7
V2VNativeBridge0: Sending message to -1 with length 858
[JNI] nativeSendMessage: 0 -> -1
[JNI] Sending 858 bytes (0->-1)
[DEBUG V2VProxy 0] Queue has space - adding message
[JNI] Message queued successfully
        Payload size: 266 bytes
        [Reliability 0] Sent seq=2 to replica 7
        [Reliability 1] Piggybacked 1 ACKs to replica 3
=== [V2V Layer 0] SEND complete ===
19:21:14.247 [Server Comm. System] DEBUG bftsmart.consensus.roles.Acceptor - Processing paxos msg with id 0
[Acceptor 0] SENT speculative ACCEPT for cId=0
19:21:14.247 [Server Comm. System] DEBUG bftsmart.consensus.roles.Acceptor - WRITE received from:7, for consensus cId:0
V2VNativeBridge1: Sending message to -1 with length 857
[JNI] nativeSendMessage: 1 -> -1
[JNI] Sending 857 bytes (1->-1)
[DEBUG V2VProxy 1] Queue has space - adding message
[JNI] Message queued successfully
        [Reliability 1] Sent seq=1 to replica 3
    -> Sending to replica 4 via V2V
        SeqNum: 0
        Expected seq: 0
    [Reliability 1] sendReliable() called
        -> IN ORDER, delivering immediately
    [Reliability 2] deliverMessage() - deserializing payload
        Target: 4
        Message type: ConsensusMessage
        Sequence number: 1
19:21:14.247 [Server Comm. System] INFO bftsmart.communication.ServerCommunicationSystem - === Message processed ===
        Payload size: 266 bytes
        [Reliability 1] Piggybacked 1 ACKs to replica 4
19:21:14.247 [Server Comm. System] INFO bftsmart.communication.ServerCommunicationSystem - === ServerCommunicationSystem RECEIVED message ===
        Deserialized: ConsensusMessage
V2VNativeBridge1: Sending message to -1 with length 857
[JNI] nativeSendMessage: 1 -> -1
[JNI] Sending 857 bytes (1->-1)
[DEBUG V2VProxy 1] Queue has space - adding message
[JNI] Message queued successfully
        [Reliability 1] Sent seq=1 to replica 4
    -> Sending to replica 5 via V2V
        DEBUG: envelope.fromReplicaId=7, message.getSender()=7
=== [V2V Layer 2] DELIVER to BFT-SMaRt ===
    Message type: ConsensusMessage
    From replica: 7
    InQueue size before: 0
    [Reliability 1] sendReliable() called
        Target: 5
    InQueue size after: 1
=== [V2V Layer 2] DELIVER successful ===
        Message type: ConsensusMessage
19:21:14.247 [Server Comm. System] DEBUG bftsmart.consensus.roles.Acceptor - I have 6, WRITE's for cId:0, Epoch timestamp:0,
        Sequence number: 1
        Payload size: 266 bytes
19:21:14.248 [Server Comm. System] INFO bftsmart.communication.ServerCommunicationSystem - === ServerCommunicationSystem RECEIVED message ===
V2VNativeBridge1: Sending message to -1 with length 779
[JNI] nativeSendMessage: 1 -> -1
[JNI] Sending 779 bytes (1->-1)
[DEBUG V2VProxy 1] Queue has space - adding message
[JNI] Message queued successfully
        [Reliability 1] Sent seq=1 to replica 5
    -> Sending to replica 6 via V2V
    [Reliability 1] sendReliable() called
        Target: 6
        Message type: ConsensusMessage
        Sequence number: 1
        Payload size: 266 bytes
19:21:14.248 [Server Comm. System] INFO bftsmart.communication.ServerCommunicationSystem -     Message type: ConsensusMessage
19:21:14.248 [Server Comm. System] INFO bftsmart.communication.ServerCommunicationSystem -     Message type: ConsensusMessage
V2VNativeBridge1: Sending message to -1 with length 779
[JNI] nativeSendMessage: 1 -> -1
[JNI] Sending 779 bytes (1->-1)
[DEBUG V2VProxy 1] Queue has space - adding message
[JNI] Message queued successfully
        [Reliability 1] Sent seq=1 to replica 6
19:21:14.248 [Server Comm. System] INFO bftsmart.communication.ServerCommunicationSystem -     From: 7
    -> Sending to replica 7 via V2V
19:21:14.248 [Server Comm. System] INFO bftsmart.communication.ServerCommunicationSystem -     From: 0
19:21:14.248 [Server Comm. System] INFO bftsmart.communication.ServerCommunicationSystem -     Message count: 5
    [Reliability 1] sendReliable() called
19:21:14.248 [Server Comm. System] INFO bftsmart.communication.ServerCommunicationSystem -     Message count: 6
        Target: 7
19:21:14.248 [Server Comm. System] DEBUG bftsmart.communication.ServerCommunicationSystem - <-- receiving, msg:type=WRITE, number=0, epoch=0, from=7
19:21:14.248 [Server Comm. System] DEBUG bftsmart.communication.ServerCommunicationSystem - <-- receiving, msg:type=ACCEPT, number=0, epoch=0, from=0
19:21:14.248 [Server Comm. System] DEBUG bftsmart.tom.core.ExecutionManager - Received message  type=WRITE, number=0, epoch=0, from=7
19:21:14.248 [Server Comm. System] DEBUG bftsmart.tom.core.ExecutionManager - Received message  type=ACCEPT, number=0, epoch=0, from=0
19:21:14.248 [Server Comm. System] DEBUG bftsmart.tom.core.ExecutionManager - I'm at consensus 0 and my last consensus is -1
        Message type: ConsensusMessage
        Sequence number: 1
[Acceptor 3] computeWrite: cId=0, writeAccepted=6, quorum=5
[V2VProxy 4] *** RECEIVED V2V message #13 from=7 to=-1 (broadcast=YES) at t=3.381329466222
V2VNativeBridge4: Received message from 7 with length 685
[V2V Layer 4] Received message from replica 7 via JNI
        Payload size: 266 bytes
        [Reliability 1] Piggybacked 1 ACKs to replica 7
19:21:14.248 [Server Comm. System] DEBUG bftsmart.tom.core.ExecutionManager - I'm at consensus 0 and my last consensus is -1
    [Reliability 4] handleIncomingMessage() called
        Type: DATA
        From: 7
        SeqNum: 0
        Expected seq: 0
        -> IN ORDER, delivering immediately
    [Reliability 4] deliverMessage() - deserializing payload
V2VNativeBridge1: Sending message to -1 with length 857
        Deserialized: ConsensusMessage[JNI] nativeSendMessage: 1 -> -1
[JNI] Sending 857 bytes (1->-1)
[DEBUG V2VProxy 1] Queue has space - adding message
[JNI] Message queued successfully

        DEBUG: envelope.fromReplicaId=7, message.getSender()=7
=== [V2V Layer 4] DELIVER to BFT-SMaRt ===
    Message type: ConsensusMessage
    From replica: 7
    InQueue size before: 0
19:21:14.248 [Server Comm. System] DEBUG bftsmart.tom.core.ExecutionManager - Message for consensus 0 can be processed
    InQueue size after: 1
=== [V2V Layer 4] DELIVER successful ===
        [Reliability 1] Sent seq=1 to replica 7
=== [V2V Layer 1] SEND complete ===
[Acceptor 1] SENT speculative ACCEPT for cId=0
19:21:14.248 [Server Comm. System] INFO bftsmart.communication.ServerCommunicationSystem - === ServerCommunicationSystem RECEIVED message ===
[V2VProxy 5] *** RECEIVED V2V message #14 from=7 to=-1 (broadcast=YES) at t=3.381329498538
19:21:14.249 [Server Comm. System] INFO bftsmart.communication.ServerCommunicationSystem -     Message type: ConsensusMessage
19:21:14.249 [Server Comm. System] INFO bftsmart.communication.ServerCommunicationSystem -     From: 7
19:21:14.248 [Server Comm. System] DEBUG bftsmart.consensus.roles.Acceptor - Sending ACCEPT message, cId:0, I am:3
V2VNativeBridge5: Received message from 7 with length 685
[V2V Layer 5] Received message from replica 7 via JNI
19:21:14.249 [Server Comm. System] DEBUG bftsmart.consensus.roles.Acceptor - Setting consensus 0 QuorumWrite tiemstamp to 0 and value [75, -109, 59, 63, 4, 61, -32, 72, -8, 97, 1, 42, -46, 11, -98, -37, -70, -84, 121, -43, -45, -73, -71, 84, -49, 73, 26, 20, -75, 56, 46, 28]
19:21:14.248 [Server Comm. System] DEBUG bftsmart.tom.core.ExecutionManager - Message for consensus 0 can be processed
19:21:14.249 [Server Comm. System] DEBUG bftsmart.consensus.roles.Acceptor - Processing paxos msg with id 0
    [Reliability 5] handleIncomingMessage() called
        Type: DATA
        From: 7
        SeqNum: 0
19:21:14.249 [Server Comm. System] DEBUG bftsmart.consensus.roles.Acceptor - Processing paxos msg with id 0
        Expected seq: 0
        -> IN ORDER, delivering immediately
    [Reliability 5] deliverMessage() - deserializing payload
        Deserialized: ConsensusMessage
        DEBUG: envelope.fromReplicaId=7, message.getSender()=7
=== [V2V Layer 5] DELIVER to BFT-SMaRt ===
19:21:14.249 [Server Comm. System] DEBUG bftsmart.consensus.roles.Acceptor - ACCEPT from 0 for consensus 0
    Message type: ConsensusMessage
    From replica: 7
    InQueue size before: 0
19:21:14.249 [Server Comm. System] INFO bftsmart.communication.ServerCommunicationSystem - === Message processed ===
    InQueue size after: 1
=== [V2V Layer 5] DELIVER successful ===
19:21:14.249 [Server Comm. System] INFO bftsmart.communication.ServerCommunicationSystem -     Message count: 5
19:21:14.249 [Server Comm. System] INFO bftsmart.communication.ServerCommunicationSystem - === ServerCommunicationSystem RECEIVED message ===
19:21:14.249 [Server Comm. System] INFO bftsmart.communication.ServerCommunicationSystem -     Message type: ConsensusMessage
19:21:14.249 [Server Comm. System] INFO bftsmart.communication.ServerCommunicationSystem -     From: 1
19:21:14.249 [Server Comm. System] DEBUG bftsmart.consensus.roles.Acceptor - WRITE received from:7, for consensus cId:0
19:21:14.249 [Server Comm. System] DEBUG bftsmart.communication.ServerCommunicationSystem - <-- receiving, msg:type=WRITE, number=0, epoch=0, from=7
19:21:14.249 [Server Comm. System] DEBUG bftsmart.consensus.roles.Acceptor - Speculative ACCEPT message for consensus 0 matches the written value, sending it to the other replicas
19:21:14.249 [Server Comm. System] DEBUG bftsmart.consensus.roles.Acceptor - I have 6, WRITE's for cId:0, Epoch timestamp:0,
[Acceptor 2] computeWrite: cId=0, writeAccepted=6, quorum=5
[Acceptor 3] ABOUT TO SEND speculative ACCEPT for cId=0 to targets=[0, 1, 2, 3, 4, 5, 6, 7]
19:21:14.249 [Server Comm. System] DEBUG bftsmart.consensus.roles.Acceptor - Sending ACCEPT message, cId:0, I am:2
=== [V2V Layer 3] SEND called ===
    Targets: [0, 1, 2, 3, 4, 5, 6, 7]
    Message type: ConsensusMessage
    Sender: 3
    -> Sending to replica 0 via V2V
    [Reliability 3] sendReliable() called
        Target: 0
        Message type: ConsensusMessage
19:21:14.249 [Server Comm. System] DEBUG bftsmart.consensus.roles.Acceptor - Setting consensus 0 QuorumWrite tiemstamp to 0 and value [75, -109, 59, 63, 4, 61, -32, 72, -8, 97, 1, 42, -46, 11, -98, -37, -70, -84, 121, -43, -45, -73, -71, 84, -49, 73, 26, 20, -75, 56, 46, 28]
        Sequence number: 1
19:21:14.249 [Server Comm. System] DEBUG bftsmart.consensus.roles.Acceptor - I have 1 ACCEPTs for cId:0, Timestamp:0 
19:21:14.249 [Server Comm. System] DEBUG bftsmart.consensus.roles.Acceptor - Speculative ACCEPT message for consensus 0 matches the written value, sending it to the other replicas
[Acceptor 2] ABOUT TO SEND speculative ACCEPT for cId=0 to targets=[0, 1, 2, 3, 4, 5, 6, 7]
        Payload size: 266 bytes
=== [V2V Layer 2] SEND called ===
19:21:14.249 [Server Comm. System] INFO bftsmart.communication.ServerCommunicationSystem - === Message processed ===
        [Reliability 3] Piggybacked 2 ACKs to replica 0
    Targets: [0, 1, 2, 3, 4, 5, 6, 7]
V2VNativeBridge3: Sending message to -1 with length 871
[JNI] nativeSendMessage: 3 -> -1
[JNI] Sending 871 bytes (3->-1)
[DEBUG V2VProxy 3] Queue has space - adding message
[JNI] Message queued successfully
    Message type: ConsensusMessage
19:21:14.249 [Server Comm. System] INFO bftsmart.communication.ServerCommunicationSystem - === ServerCommunicationSystem RECEIVED message ===
    Sender: 2
    -> Sending to replica 0 via V2V
    [Reliability 2] sendReliable() called
        Target: 0
        Message type: ConsensusMessage
        [Reliability 3] Sent seq=1 to replica 0
        Sequence number: 1
    -> Sending to replica 1 via V2V
    [Reliability 3] sendReliable() called
        Target: 1
        Message type: ConsensusMessage
        Sequence number: 1
19:21:14.249 [Server Comm. System] INFO bftsmart.communication.ServerCommunicationSystem -     Message count: 6
        Payload size: 266 bytes
        [Reliability 3] Piggybacked 1 ACKs to replica 1
        Payload size: 265 bytes
V2VNativeBridge3: Sending message to -1 with length 857
[JNI] nativeSendMessage: 3 -> -1
[JNI] Sending 857 bytes (3->-1)
[DEBUG V2VProxy 3] Queue has space - adding message
[JNI] Message queued successfully
19:21:14.250 [Server Comm. System] DEBUG bftsmart.communication.ServerCommunicationSystem - <-- receiving, msg:type=ACCEPT, number=0, epoch=0, from=1
        [Reliability 3] Sent seq=1 to replica 1
    -> Sending to replica 2 via V2V
    [Reliability 3] sendReliable() called
        Target: 2
        [Reliability 2] Piggybacked 2 ACKs to replica 0
        Message type: ConsensusMessage
        Sequence number: 1
19:21:14.250 [Server Comm. System] DEBUG bftsmart.tom.core.ExecutionManager - Received message  type=ACCEPT, number=0, epoch=0, from=1
V2VNativeBridge2: Sending message to -1 with length 870
        Payload size: 266 bytes[JNI] nativeSendMessage: 2 -> -1

[JNI] Sending 870 bytes (2->-1)
[DEBUG V2VProxy 2] Queue has space - adding message
[JNI] Message queued successfully
        [Reliability 3] Piggybacked 1 ACKs to replica 2
19:21:14.250 [Server Comm. System] DEBUG bftsmart.tom.core.ExecutionManager - I'm at consensus 0 and my last consensus is -1
V2VNativeBridge3: Sending message to -1 with length 857
[JNI] nativeSendMessage: 3 -> -1
[JNI] Sending 857 bytes (3->-1)
[DEBUG V2VProxy 3] Queue has space - adding message
[JNI] Message queued successfully
        [Reliability 3] Sent seq=1 to replica 2
        [Reliability 2] Sent seq=1 to replica 0
    -> Sending to replica 1 via V2V
    [Reliability 2] sendReliable() called
        Target: 1
    -> Self-delivery to replica 3
=== [V2V Layer 3] DELIVER to BFT-SMaRt ===
    Message type: ConsensusMessage
19:21:14.250 [Server Comm. System] DEBUG bftsmart.tom.core.ExecutionManager - Message for consensus 0 can be processed
    From replica: 3
    InQueue size before: 0
    InQueue size after: 1
        Message type: ConsensusMessage
        Sequence number: 1
=== [V2V Layer 3] DELIVER successful ===
        Payload size: 265 bytes
    -> Sending to replica 4 via V2V
    [Reliability 3] sendReliable() called
        Target: 4
19:21:14.249 [Server Comm. System] DEBUG bftsmart.tom.core.ExecutionManager - Received message  type=WRITE, number=0, epoch=0, from=7
        [Reliability 2] Piggybacked 1 ACKs to replica 1
19:21:14.251 [Server Comm. System] DEBUG bftsmart.tom.core.ExecutionManager - I'm at consensus 0 and my last consensus is -1
19:21:14.250 [Server Comm. System] INFO bftsmart.communication.ServerCommunicationSystem -     Message type: ConsensusMessage
V2VNativeBridge2: Sending message to -1 with length 856
[JNI] nativeSendMessage: 2 -> -1
[JNI] Sending 856 bytes (2->-1)
[DEBUG V2VProxy 2] Queue has space - adding message
[JNI] Message queued successfully
        Message type: ConsensusMessage
        [Reliability 2] Sent seq=1 to replica 1
    -> Self-delivery to replica 2
=== [V2V Layer 2] DELIVER to BFT-SMaRt ===
    Message type: ConsensusMessage
    From replica: 2
    InQueue size before: 0
    InQueue size after: 1
=== [V2V Layer 2] DELIVER successful ===
    -> Sending to replica 3 via V2V
    [Reliability 2] sendReliable() called
        Target: 3
        Message type: ConsensusMessage
        Sequence number: 1
        Sequence number: 1
19:21:14.251 [Server Comm. System] INFO bftsmart.communication.ServerCommunicationSystem -     From: 7
19:21:14.251 [Server Comm. System] DEBUG bftsmart.consensus.roles.Acceptor - Processing paxos msg with id 0
        Payload size: 265 bytes
        [Reliability 2] Piggybacked 1 ACKs to replica 3
        Payload size: 266 bytes
19:21:14.251 [Server Comm. System] DEBUG bftsmart.consensus.roles.Acceptor - ACCEPT from 1 for consensus 0
        [Reliability 3] Piggybacked 1 ACKs to replica 4
V2VNativeBridge2: Sending message to -1 with length 856
[JNI] nativeSendMessage: 2 -> -1
[JNI] Sending 856 bytes (2->-1)
[DEBUG V2VProxy 2] Queue has space - adding message
[JNI] Message queued successfully
        [Reliability 2] Sent seq=1 to replica 3
19:21:14.251 [Server Comm. System] DEBUG bftsmart.tom.core.ExecutionManager - Message for consensus 0 can be processed
V2VNativeBridge3: Sending message to -1 with length 857
[JNI] nativeSendMessage: 3 -> -1
[JNI] Sending 857 bytes (3->-1)
[DEBUG V2VProxy 3] Queue has space - adding message
[JNI] Message queued successfully
    -> Sending to replica 4 via V2V
19:21:14.251 [Server Comm. System] DEBUG bftsmart.consensus.roles.Acceptor - Processing paxos msg with id 0
        [Reliability 3] Sent seq=1 to replica 4
    [Reliability 2] sendReliable() called
    -> Sending to replica 5 via V2V
    [Reliability 3] sendReliable() called
        Target: 5
        Target: 4
19:21:14.251 [Server Comm. System] INFO bftsmart.communication.ServerCommunicationSystem -     Message count: 7
19:21:14.251 [Server Comm. System] DEBUG bftsmart.consensus.roles.Acceptor - WRITE received from:7, for consensus cId:0
        Message type: ConsensusMessage
        Sequence number: 1
        Message type: ConsensusMessage
        Payload size: 265 bytes
19:21:14.251 [Server Comm. System] DEBUG bftsmart.consensus.roles.Acceptor - I have 6, WRITE's for cId:0, Epoch timestamp:0,
        [Reliability 2] Piggybacked 1 ACKs to replica 4
[Acceptor 4] computeWrite: cId=0, writeAccepted=6, quorum=5
19:21:14.251 [Server Comm. System] DEBUG bftsmart.consensus.roles.Acceptor - I have 1 ACCEPTs for cId:0, Timestamp:0 
19:21:14.251 [Server Comm. System] DEBUG bftsmart.consensus.roles.Acceptor - Sending ACCEPT message, cId:0, I am:4
19:21:14.251 [Server Comm. System] DEBUG bftsmart.consensus.roles.Acceptor - Setting consensus 0 QuorumWrite tiemstamp to 0 and value [75, -109, 59, 63, 4, 61, -32, 72, -8, 97, 1, 42, -46, 11, -98, -37, -70, -84, 121, -43, -45, -73, -71, 84, -49, 73, 26, 20, -75, 56, 46, 28]
        Sequence number: 1
V2VNativeBridge2: Sending message to -1 with length 856
[JNI] nativeSendMessage: 2 -> -1
[JNI] Sending 856 bytes (2->-1)
[DEBUG V2VProxy 2] Queue has space - adding message
[JNI] Message queued successfully
        Payload size: 266 bytes
19:21:14.251 [Server Comm. System] DEBUG bftsmart.consensus.roles.Acceptor - Speculative ACCEPT message for consensus 0 matches the written value, sending it to the other replicas
        [Reliability 2] Sent seq=1 to replica 4
    -> Sending to replica 5 via V2V
    [Reliability 2] sendReliable() called
        Target: 5
        Message type: ConsensusMessage
        Sequence number: 1
[Acceptor 4] ABOUT TO SEND speculative ACCEPT for cId=0 to targets=[0, 1, 2, 3, 4, 5, 6, 7]
=== [V2V Layer 4] SEND called ===
    Targets: [0, 1, 2, 3, 4, 5, 6, 7]
19:21:14.251 [Server Comm. System] DEBUG bftsmart.communication.ServerCommunicationSystem - <-- receiving, msg:type=WRITE, number=0, epoch=0, from=7
V2VNativeBridge3: Sending message to -1 with length 779
[JNI] nativeSendMessage: 3 -> -1
[JNI] Sending 779 bytes (3->-1)
[DEBUG V2VProxy 3] Queue has space - adding message
[JNI] Message queued successfully
        [Reliability 3] Sent seq=1 to replica 5
    -> Sending to replica 6 via V2V
    Message type: ConsensusMessage
    Sender: 4
    -> Sending to replica 0 via V2V
    [Reliability 4] sendReliable() called
        Target: 0
        Message type: ConsensusMessage
        Payload size: 265 bytes
        Sequence number: 1
V2VNativeBridge2: Sending message to -1 with length 778
[JNI] nativeSendMessage: 2 -> -1
19:21:14.251 [Server Comm. System] INFO bftsmart.communication.ServerCommunicationSystem - === Message processed ===
[JNI] Sending 778 bytes (2->-1)
[DEBUG V2VProxy 2] Queue has space - adding message
[JNI] Message queued successfully
        Payload size: 265 bytes
        [Reliability 2] Sent seq=1 to replica 5
        [Reliability 4] Piggybacked 2 ACKs to replica 0
    -> Sending to replica 6 via V2V
    [Reliability 3] sendReliable() called
        Target: 6
        Message type: ConsensusMessage
V2VNativeBridge4: Sending message to -1 with length 870
[JNI] nativeSendMessage: 4 -> -1
[JNI] Sending 870 bytes (4->-1)
[DEBUG V2VProxy 4] Queue has space - adding message
[JNI] Message queued successfully
        [Reliability 4] Sent seq=1 to replica 0
    [Reliability 2] sendReliable() called
        Target: 6
        Message type: ConsensusMessage
        Sequence number: 1
        Payload size: 265 bytes
    -> Sending to replica 1 via V2V
19:21:14.252 [Server Comm. System] DEBUG bftsmart.tom.core.ExecutionManager - Received message  type=WRITE, number=0, epoch=0, from=7
19:21:14.252 [Server Comm. System] DEBUG bftsmart.tom.core.ExecutionManager - I'm at consensus 0 and my last consensus is -1
    [Reliability 4] sendReliable() called
        Target: 1
        Sequence number: 1
        Message type: ConsensusMessage
        Payload size: 266 bytes
        Sequence number: 1
19:21:14.252 [Server Comm. System] DEBUG bftsmart.tom.core.ExecutionManager - Message for consensus 0 can be processed
V2VNativeBridge3: Sending message to -1 with length 779
[JNI] nativeSendMessage: 3 -> -1
[JNI] Sending 779 bytes (3->-1)
[DEBUG V2VProxy 3] Queue has space - adding message
        Payload size: 265 bytes[JNI] Message queued successfully

        [Reliability 3] Sent seq=1 to replica 6
    -> Sending to replica 7 via V2V
    [Reliability 3] sendReliable() called
        Target: 7
        Message type: ConsensusMessage
V2VNativeBridge2: Sending message to -1 with length 778
[JNI] nativeSendMessage: 2 -> -1
[JNI] Sending 778 bytes (2->-1)
[DEBUG V2VProxy 2] Queue has space - adding message
[JNI] Message queued successfully
        [Reliability 2] Sent seq=1 to replica 6
        Sequence number: 1
        [Reliability 4] Piggybacked 1 ACKs to replica 1
V2VNativeBridge4: Sending message to -1 with length 856
[JNI] nativeSendMessage: 4 -> -1
[JNI] Sending 856 bytes (4->-1)
[DEBUG V2VProxy 4] Queue has space - adding message
[JNI] Message queued successfully
19:21:14.252 [Server Comm. System] DEBUG bftsmart.consensus.roles.Acceptor - Processing paxos msg with id 0
        [Reliability 4] Sent seq=1 to replica 1
    -> Sending to replica 2 via V2V
19:21:14.252 [Server Comm. System] DEBUG bftsmart.consensus.roles.Acceptor - WRITE received from:7, for consensus cId:0
    [Reliability 4] sendReliable() called
        Target: 2
        Message type: ConsensusMessage
        Sequence number: 1
        Payload size: 266 bytes
        Payload size: 265 bytes
        [Reliability 4] Piggybacked 1 ACKs to replica 2
        [Reliability 3] Piggybacked 1 ACKs to replica 7
    -> Sending to replica 7 via V2V
    [Reliability 2] sendReliable() called
        Target: 7
        Message type: ConsensusMessage
V2VNativeBridge4: Sending message to -1 with length 856
V2VNativeBridge3: Sending message to -1 with length 857
[JNI] nativeSendMessage: 3 -> -1
[JNI] Sending 857 bytes (3->-1)
[DEBUG V2VProxy 3] Queue has space - adding message
[JNI] Message queued successfully
[JNI] nativeSendMessage: 4 -> -1
        [Reliability 3] Sent seq=1 to replica 7
[JNI] Sending 856 bytes (4->-1)
=== [V2V Layer 3] SEND complete ===[DEBUG V2VProxy 4] Queue has space - adding message

[JNI] Message queued successfully
[Acceptor 3] SENT speculative ACCEPT for cId=0
19:21:14.253 [Server Comm. System] DEBUG bftsmart.consensus.roles.Acceptor - I have 7, WRITE's for cId:0, Epoch timestamp:0,
        [Reliability 4] Sent seq=1 to replica 2
[Acceptor 5] computeWrite: cId=0, writeAccepted=7, quorum=5
19:21:14.253 [Server Comm. System] INFO bftsmart.communication.ServerCommunicationSystem - === Message processed ===
    -> Sending to replica 3 via V2V
    [Reliability 4] sendReliable() called
        Target: 3
        Message type: ConsensusMessage
        Sequence number: 1
        Sequence number: 1
19:21:14.253 [Server Comm. System] INFO bftsmart.communication.ServerCommunicationSystem - === Message processed ===
19:21:14.253 [Server Comm. System] INFO bftsmart.communication.ServerCommunicationSystem - === ServerCommunicationSystem RECEIVED message ===
        Payload size: 265 bytes
        Payload size: 265 bytes
        [Reliability 2] Piggybacked 1 ACKs to replica 7
        [Reliability 4] Piggybacked 1 ACKs to replica 3
V2VNativeBridge2: Sending message to -1 with length 856
[JNI] nativeSendMessage: 2 -> -1
[JNI] Sending 856 bytes (2->-1)
[DEBUG V2VProxy 2] Queue has space - adding message
[JNI] Message queued successfully
        [Reliability 2] Sent seq=1 to replica 7
=== [V2V Layer 2] SEND complete ===
[Acceptor 2] SENT speculative ACCEPT for cId=0
19:21:14.253 [Server Comm. System] INFO bftsmart.communication.ServerCommunicationSystem -     Message type: ConsensusMessage
19:21:14.253 [Server Comm. System] INFO bftsmart.communication.ServerCommunicationSystem - === Message processed ===
V2VNativeBridge4: Sending message to -1 with length 856
[JNI] nativeSendMessage: 4 -> -1
[JNI] Sending 856 bytes (4->-1)
19:21:14.253 [Server Comm. System] INFO bftsmart.communication.ServerCommunicationSystem -     From: 3
[DEBUG V2VProxy 4] Queue has space - adding message
[JNI] Message queued successfully
        [Reliability 4] Sent seq=1 to replica 3
    -> Self-delivery to replica 4
=== [V2V Layer 4] DELIVER to BFT-SMaRt ===
    Message type: ConsensusMessage
    From replica: 4
    InQueue size before: 0
    InQueue size after: 1
=== [V2V Layer 4] DELIVER successful ===
19:21:14.253 [Server Comm. System] INFO bftsmart.communication.ServerCommunicationSystem -     Message count: 6
    -> Sending to replica 5 via V2V
    [Reliability 4] sendReliable() called
        Target: 5
        Message type: ConsensusMessage
19:21:14.253 [Server Comm. System] DEBUG bftsmart.communication.ServerCommunicationSystem - <-- receiving, msg:type=ACCEPT, number=0, epoch=0, from=3
        Sequence number: 1
19:21:14.253 [Server Comm. System] INFO bftsmart.communication.ServerCommunicationSystem - === ServerCommunicationSystem RECEIVED message ===
19:21:14.253 [Server Comm. System] DEBUG bftsmart.tom.core.ExecutionManager - Received message  type=ACCEPT, number=0, epoch=0, from=3
        Payload size: 265 bytes
19:21:14.253 [Server Comm. System] DEBUG bftsmart.tom.core.ExecutionManager - I'm at consensus 0 and my last consensus is -1
19:21:14.253 [Server Comm. System] INFO bftsmart.communication.ServerCommunicationSystem -     Message type: ConsensusMessage
19:21:14.253 [Server Comm. System] DEBUG bftsmart.tom.core.ExecutionManager - Message for consensus 0 can be processed
19:21:14.253 [Server Comm. System] DEBUG bftsmart.consensus.roles.Acceptor - Processing paxos msg with id 0
V2VNativeBridge4: Sending message to -1 with length 778
[JNI] nativeSendMessage: 4 -> -1
[JNI] Sending 778 bytes (4->-1)
[DEBUG V2VProxy 4] Queue has space - adding message
[JNI] Message queued successfully
        [Reliability 4] Sent seq=1 to replica 5
    -> Sending to replica 6 via V2V
    [Reliability 4] sendReliable() called
        Target: 6
        Message type: ConsensusMessage
19:21:14.253 [Server Comm. System] DEBUG bftsmart.consensus.roles.Acceptor - ACCEPT from 3 for consensus 0
        Sequence number: 1
        Payload size: 265 bytes
19:21:14.253 [Server Comm. System] INFO bftsmart.communication.ServerCommunicationSystem -     From: 2
V2VNativeBridge4: Sending message to -1 with length 778
[JNI] nativeSendMessage: 4 -> -1
[JNI] Sending 778 bytes (4->-1)
[DEBUG V2VProxy 4] Queue has space - adding message
[JNI] Message queued successfully
        [Reliability 4] Sent seq=1 to replica 6
    -> Sending to replica 7 via V2V
    [Reliability 4] sendReliable() called
19:21:14.253 [Server Comm. System] INFO bftsmart.communication.ServerCommunicationSystem -     Message count: 6
        Target: 7
        Message type: ConsensusMessage
19:21:14.253 [Server Comm. System] DEBUG bftsmart.communication.ServerCommunicationSystem - <-- receiving, msg:type=ACCEPT, number=0, epoch=0, from=2
        Sequence number: 1
        Payload size: 265 bytes
        [Reliability 4] Piggybacked 1 ACKs to replica 7
19:21:14.253 [Server Comm. System] DEBUG bftsmart.tom.core.ExecutionManager - Received message  type=ACCEPT, number=0, epoch=0, from=2
19:21:14.253 [Server Comm. System] DEBUG bftsmart.tom.core.ExecutionManager - I'm at consensus 0 and my last consensus is -1
19:21:14.253 [Server Comm. System] DEBUG bftsmart.consensus.roles.Acceptor - I have 1 ACCEPTs for cId:0, Timestamp:0 
19:21:14.253 [Server Comm. System] DEBUG bftsmart.tom.core.ExecutionManager - Message for consensus 0 can be processed
19:21:14.253 [Server Comm. System] DEBUG bftsmart.consensus.roles.Acceptor - Processing paxos msg with id 0
19:21:14.253 [Server Comm. System] INFO bftsmart.communication.ServerCommunicationSystem - === Message processed ===
19:21:14.253 [Server Comm. System] DEBUG bftsmart.consensus.roles.Acceptor - ACCEPT from 2 for consensus 0
19:21:14.253 [Server Comm. System] DEBUG bftsmart.consensus.roles.Acceptor - I have 1 ACCEPTs for cId:0, Timestamp:0 
19:21:14.253 [Server Comm. System] INFO bftsmart.communication.ServerCommunicationSystem - === Message processed ===
V2VNativeBridge4: Sending message to -1 with length 856
[JNI] nativeSendMessage: 4 -> -1
[JNI] Sending 856 bytes (4->-1)
[DEBUG V2VProxy 4] Queue has space - adding message
[JNI] Message queued successfully
        [Reliability 4] Sent seq=1 to replica 7
=== [V2V Layer 4] SEND complete ===
[Acceptor 4] SENT speculative ACCEPT for cId=0
19:21:14.254 [Server Comm. System] INFO bftsmart.communication.ServerCommunicationSystem - === Message processed ===
19:21:14.254 [Server Comm. System] INFO bftsmart.communication.ServerCommunicationSystem - === ServerCommunicationSystem RECEIVED message ===
19:21:14.254 [Server Comm. System] INFO bftsmart.communication.ServerCommunicationSystem -     Message type: ConsensusMessage
19:21:14.254 [Server Comm. System] INFO bftsmart.communication.ServerCommunicationSystem -     From: 4
19:21:14.254 [Server Comm. System] INFO bftsmart.communication.ServerCommunicationSystem -     Message count: 6
19:21:14.254 [Server Comm. System] DEBUG bftsmart.communication.ServerCommunicationSystem - <-- receiving, msg:type=ACCEPT, number=0, epoch=0, from=4
19:21:14.254 [Server Comm. System] DEBUG bftsmart.tom.core.ExecutionManager - Received message  type=ACCEPT, number=0, epoch=0, from=4
19:21:14.254 [Server Comm. System] DEBUG bftsmart.tom.core.ExecutionManager - I'm at consensus 0 and my last consensus is -1
19:21:14.254 [Server Comm. System] DEBUG bftsmart.tom.core.ExecutionManager - Message for consensus 0 can be processed
19:21:14.254 [Server Comm. System] DEBUG bftsmart.consensus.roles.Acceptor - Processing paxos msg with id 0
19:21:14.254 [Server Comm. System] DEBUG bftsmart.consensus.roles.Acceptor - ACCEPT from 4 for consensus 0
19:21:14.254 [Server Comm. System] DEBUG bftsmart.consensus.roles.Acceptor - I have 1 ACCEPTs for cId:0, Timestamp:0 
19:21:14.254 [Server Comm. System] INFO bftsmart.communication.ServerCommunicationSystem - === Message processed ===
[V2VProxy 0] *** RECEIVED V2V message #7 from=6 to=-1 (broadcast=YES) at t=3.382668425265
[V2VProxy 0] Delivering message #101 from replica 6 to Java (685 bytes)
V2VNativeBridge0: Received message from 6 with length 685
[V2V Layer 0] Received message from replica 6 via JNI
    [Reliability 0] handleIncomingMessage() called
        Type: DATA
        From: 6
        SeqNum: 0
        Expected seq: 0
        -> IN ORDER, delivering immediately
    [Reliability 0] deliverMessage() - deserializing payload
        Deserialized: ConsensusMessage
        DEBUG: envelope.fromReplicaId=6, message.getSender()=6
=== [V2V Layer 0] DELIVER to BFT-SMaRt ===
    Message type: ConsensusMessage
    From replica: 6
    InQueue size before: 0
    InQueue size after: 1
=== [V2V Layer 0] DELIVER successful ===
19:21:14.269 [Server Comm. System] INFO bftsmart.communication.ServerCommunicationSystem - === ServerCommunicationSystem RECEIVED message ===
19:21:14.269 [Server Comm. System] INFO bftsmart.communication.ServerCommunicationSystem -     Message type: ConsensusMessage
19:21:14.269 [Server Comm. System] INFO bftsmart.communication.ServerCommunicationSystem -     From: 6
19:21:14.269 [Server Comm. System] INFO bftsmart.communication.ServerCommunicationSystem -     Message count: 7
[V2VProxy 3] *** RECEIVED V2V message #14 from=6 to=-1 (broadcast=YES) at t=3.382668450892
19:21:14.269 [Server Comm. System] DEBUG bftsmart.communication.ServerCommunicationSystem - <-- receiving, msg:type=WRITE, number=0, epoch=0, from=6
V2VNativeBridge3: Received message from 6 with length 685
19:21:14.269 [Server Comm. System] DEBUG bftsmart.tom.core.ExecutionManager - Received message  type=WRITE, number=0, epoch=0, from=6
19:21:14.269 [Server Comm. System] DEBUG bftsmart.tom.core.ExecutionManager - I'm at consensus 0 and my last consensus is -1
[V2V Layer 3] Received message from replica 6 via JNI
19:21:14.269 [Server Comm. System] DEBUG bftsmart.tom.core.ExecutionManager - Message for consensus 0 can be processed
19:21:14.269 [Server Comm. System] DEBUG bftsmart.consensus.roles.Acceptor - Processing paxos msg with id 0
19:21:14.269 [Server Comm. System] DEBUG bftsmart.consensus.roles.Acceptor - WRITE received from:6, for consensus cId:0
19:21:14.269 [Server Comm. System] DEBUG bftsmart.consensus.roles.Acceptor - I have 7, WRITE's for cId:0, Epoch timestamp:0,
[Acceptor 0] computeWrite: cId=0, writeAccepted=7, quorum=5
    [Reliability 3] handleIncomingMessage() called
        Type: DATA
        From: 6
19:21:14.269 [Server Comm. System] INFO bftsmart.communication.ServerCommunicationSystem - === Message processed ===
        SeqNum: 0
        Expected seq: 0
        -> IN ORDER, delivering immediately
    [Reliability 3] deliverMessage() - deserializing payload
        Deserialized: ConsensusMessage
        DEBUG: envelope.fromReplicaId=6, message.getSender()=6
=== [V2V Layer 3] DELIVER to BFT-SMaRt ===
    Message type: ConsensusMessage
    From replica: 6
    InQueue size before: 0
    InQueue size after: 1
=== [V2V Layer 3] DELIVER successful ===
19:21:14.269 [Server Comm. System] INFO bftsmart.communication.ServerCommunicationSystem - === ServerCommunicationSystem RECEIVED message ===
[V2VProxy 7] *** RECEIVED V2V message #14 from=6 to=-1 (broadcast=YES) at t=3.382668452408
V2VNativeBridge7: Received message from 6 with length 685
[V2V Layer 7] Received message from replica 6 via JNI
19:21:14.270 [Server Comm. System] INFO bftsmart.communication.ServerCommunicationSystem -     Message type: ConsensusMessage
19:21:14.270 [Server Comm. System] INFO bftsmart.communication.ServerCommunicationSystem -     From: 6
19:21:14.270 [Server Comm. System] INFO bftsmart.communication.ServerCommunicationSystem -     Message count: 7
    [Reliability 7] handleIncomingMessage() called
        Type: DATA
19:21:14.270 [Server Comm. System] DEBUG bftsmart.communication.ServerCommunicationSystem - <-- receiving, msg:type=WRITE, number=0, epoch=0, from=6
        From: 6
        SeqNum: 0
        Expected seq: 0
19:21:14.270 [Server Comm. System] DEBUG bftsmart.tom.core.ExecutionManager - Received message  type=WRITE, number=0, epoch=0, from=6
        -> IN ORDER, delivering immediately
19:21:14.270 [Server Comm. System] DEBUG bftsmart.tom.core.ExecutionManager - I'm at consensus 0 and my last consensus is -1
    [Reliability 7] deliverMessage() - deserializing payload
        Deserialized: ConsensusMessage
        DEBUG: envelope.fromReplicaId=6, message.getSender()=6
19:21:14.270 [Server Comm. System] DEBUG bftsmart.tom.core.ExecutionManager - Message for consensus 0 can be processed
=== [V2V Layer 7] DELIVER to BFT-SMaRt ===
19:21:14.270 [Server Comm. System] DEBUG bftsmart.consensus.roles.Acceptor - Processing paxos msg with id 0
    Message type: ConsensusMessage
    From replica: 6
    InQueue size before: 0
19:21:14.270 [Server Comm. System] DEBUG bftsmart.consensus.roles.Acceptor - WRITE received from:6, for consensus cId:0
    InQueue size after: 1
=== [V2V Layer 7] DELIVER successful ===
19:21:14.270 [Server Comm. System] DEBUG bftsmart.consensus.roles.Acceptor - I have 7, WRITE's for cId:0, Epoch timestamp:0,
[Acceptor 3] computeWrite: cId=0, writeAccepted=7, quorum=5
19:21:14.270 [Server Comm. System] INFO bftsmart.communication.ServerCommunicationSystem - === Message processed ===
19:21:14.270 [Server Comm. System] INFO bftsmart.communication.ServerCommunicationSystem - === ServerCommunicationSystem RECEIVED message ===
[V2VProxy 2] *** RECEIVED V2V message #14 from=6 to=-1 (broadcast=YES) at t=3.382668456884
V2VNativeBridge2: Received message from 6 with length 685
[V2V Layer 2] Received message from replica 6 via JNI
19:21:14.270 [Server Comm. System] INFO bftsmart.communication.ServerCommunicationSystem -     Message type: ConsensusMessage
19:21:14.270 [Server Comm. System] INFO bftsmart.communication.ServerCommunicationSystem -     From: 6
19:21:14.270 [Server Comm. System] INFO bftsmart.communication.ServerCommunicationSystem -     Message count: 7
19:21:14.270 [Server Comm. System] DEBUG bftsmart.communication.ServerCommunicationSystem - <-- receiving, msg:type=WRITE, number=0, epoch=0, from=6
19:21:14.270 [Server Comm. System] DEBUG bftsmart.tom.core.ExecutionManager - Received message  type=WRITE, number=0, epoch=0, from=6
19:21:14.270 [Server Comm. System] DEBUG bftsmart.tom.core.ExecutionManager - I'm at consensus 0 and my last consensus is -1
    [Reliability 2] handleIncomingMessage() called
        Type: DATA
        From: 6
        SeqNum: 0
19:21:14.270 [Server Comm. System] DEBUG bftsmart.tom.core.ExecutionManager - Message for consensus 0 can be processed
        Expected seq: 0
        -> IN ORDER, delivering immediately
19:21:14.270 [Server Comm. System] DEBUG bftsmart.consensus.roles.Acceptor - Processing paxos msg with id 0
    [Reliability 2] deliverMessage() - deserializing payload
19:21:14.270 [Server Comm. System] DEBUG bftsmart.consensus.roles.Acceptor - WRITE received from:6, for consensus cId:0
        Deserialized: ConsensusMessage
        DEBUG: envelope.fromReplicaId=6, message.getSender()=6
19:21:14.270 [Server Comm. System] DEBUG bftsmart.consensus.roles.Acceptor - I have 7, WRITE's for cId:0, Epoch timestamp:0,
=== [V2V Layer 2] DELIVER to BFT-SMaRt ===
    Message type: ConsensusMessage
[Acceptor 7] computeWrite: cId=0, writeAccepted=7, quorum=5
19:21:14.270 [Server Comm. System] INFO bftsmart.communication.ServerCommunicationSystem - === Message processed ===
    From replica: 6
    InQueue size before: 0
    InQueue size after: 1
=== [V2V Layer 2] DELIVER successful ===
19:21:14.270 [Server Comm. System] INFO bftsmart.communication.ServerCommunicationSystem - === ServerCommunicationSystem RECEIVED message ===
19:21:14.270 [Server Comm. System] INFO bftsmart.communication.ServerCommunicationSystem -     Message type: ConsensusMessage
19:21:14.270 [Server Comm. System] INFO bftsmart.communication.ServerCommunicationSystem -     From: 6
19:21:14.270 [Server Comm. System] INFO bftsmart.communication.ServerCommunicationSystem -     Message count: 7
19:21:14.270 [Server Comm. System] DEBUG bftsmart.communication.ServerCommunicationSystem - <-- receiving, msg:type=WRITE, number=0, epoch=0, from=6
19:21:14.270 [Server Comm. System] DEBUG bftsmart.tom.core.ExecutionManager - Received message  type=WRITE, number=0, epoch=0, from=6
19:21:14.270 [Server Comm. System] DEBUG bftsmart.tom.core.ExecutionManager - I'm at consensus 0 and my last consensus is -1
19:21:14.270 [Server Comm. System] DEBUG bftsmart.tom.core.ExecutionManager - Message for consensus 0 can be processed
19:21:14.270 [Server Comm. System] DEBUG bftsmart.consensus.roles.Acceptor - Processing paxos msg with id 0
19:21:14.270 [Server Comm. System] DEBUG bftsmart.consensus.roles.Acceptor - WRITE received from:6, for consensus cId:0
[V2VProxy 1] *** RECEIVED V2V message #14 from=6 to=-1 (broadcast=YES) at t=3.382668466213
19:21:14.270 [Server Comm. System] DEBUG bftsmart.consensus.roles.Acceptor - I have 7, WRITE's for cId:0, Epoch timestamp:0,
[Acceptor 2] computeWrite: cId=0, writeAccepted=7, quorum=5
V2VNativeBridge1: Received message from 6 with length 685
[V2V Layer 1] Received message from replica 6 via JNI
19:21:14.270 [Server Comm. System] INFO bftsmart.communication.ServerCommunicationSystem - === Message processed ===
    [Reliability 1] handleIncomingMessage() called
        Type: DATA
        From: 6
        SeqNum: 0
        Expected seq: 0
        -> IN ORDER, delivering immediately
    [Reliability 1] deliverMessage() - deserializing payload
        Deserialized: ConsensusMessage
        DEBUG: envelope.fromReplicaId=6, message.getSender()=6
=== [V2V Layer 1] DELIVER to BFT-SMaRt ===
    Message type: ConsensusMessage
    From replica: 6
    InQueue size before: 0
    InQueue size after: 1
=== [V2V Layer 1] DELIVER successful ===
19:21:14.270 [Server Comm. System] INFO bftsmart.communication.ServerCommunicationSystem - === ServerCommunicationSystem RECEIVED message ===
19:21:14.270 [Server Comm. System] INFO bftsmart.communication.ServerCommunicationSystem -     Message type: ConsensusMessage
19:21:14.270 [Server Comm. System] INFO bftsmart.communication.ServerCommunicationSystem -     From: 6
19:21:14.270 [Server Comm. System] INFO bftsmart.communication.ServerCommunicationSystem -     Message count: 7
19:21:14.270 [Server Comm. System] DEBUG bftsmart.communication.ServerCommunicationSystem - <-- receiving, msg:type=WRITE, number=0, epoch=0, from=6
19:21:14.270 [Server Comm. System] DEBUG bftsmart.tom.core.ExecutionManager - Received message  type=WRITE, number=0, epoch=0, from=6
[V2VProxy 4] *** RECEIVED V2V message #14 from=6 to=-1 (broadcast=YES) at t=3.382668468224
19:21:14.270 [Server Comm. System] DEBUG bftsmart.tom.core.ExecutionManager - I'm at consensus 0 and my last consensus is -1
V2VNativeBridge4: Received message from 6 with length 685
[V2V Layer 4] Received message from replica 6 via JNI
19:21:14.270 [Server Comm. System] DEBUG bftsmart.tom.core.ExecutionManager - Message for consensus 0 can be processed
19:21:14.270 [Server Comm. System] DEBUG bftsmart.consensus.roles.Acceptor - Processing paxos msg with id 0
19:21:14.270 [Server Comm. System] DEBUG bftsmart.consensus.roles.Acceptor - WRITE received from:6, for consensus cId:0
19:21:14.270 [Server Comm. System] DEBUG bftsmart.consensus.roles.Acceptor - I have 7, WRITE's for cId:0, Epoch timestamp:0,
[Acceptor 1] computeWrite: cId=0, writeAccepted=7, quorum=5
19:21:14.270 [Server Comm. System] INFO bftsmart.communication.ServerCommunicationSystem - === Message processed ===
    [Reliability 4] handleIncomingMessage() called
        Type: DATA
        From: 6
        SeqNum: 0
        Expected seq: 0
        -> IN ORDER, delivering immediately
    [Reliability 4] deliverMessage() - deserializing payload
        Deserialized: ConsensusMessage
        DEBUG: envelope.fromReplicaId=6, message.getSender()=6
=== [V2V Layer 4] DELIVER to BFT-SMaRt ===
    Message type: ConsensusMessage
    From replica: 6
    InQueue size before: 0
    InQueue size after: 1
=== [V2V Layer 4] DELIVER successful ===
19:21:14.271 [Server Comm. System] INFO bftsmart.communication.ServerCommunicationSystem - === ServerCommunicationSystem RECEIVED message ===
19:21:14.271 [Server Comm. System] INFO bftsmart.communication.ServerCommunicationSystem -     Message type: ConsensusMessage
19:21:14.271 [Server Comm. System] INFO bftsmart.communication.ServerCommunicationSystem -     From: 6
19:21:14.271 [Server Comm. System] INFO bftsmart.communication.ServerCommunicationSystem -     Message count: 7
19:21:14.271 [Server Comm. System] DEBUG bftsmart.communication.ServerCommunicationSystem - <-- receiving, msg:type=WRITE, number=0, epoch=0, from=6
[V2VProxy 5] *** RECEIVED V2V message #15 from=6 to=-1 (broadcast=YES) at t=3.382668499527
19:21:14.271 [Server Comm. System] DEBUG bftsmart.tom.core.ExecutionManager - Received message  type=WRITE, number=0, epoch=0, from=6
19:21:14.271 [Server Comm. System] DEBUG bftsmart.tom.core.ExecutionManager - I'm at consensus 0 and my last consensus is -1
V2VNativeBridge5: Received message from 6 with length 685
[V2V Layer 5] Received message from replica 6 via JNI
19:21:14.271 [Server Comm. System] DEBUG bftsmart.tom.core.ExecutionManager - Message for consensus 0 can be processed
19:21:14.271 [Server Comm. System] DEBUG bftsmart.consensus.roles.Acceptor - Processing paxos msg with id 0
19:21:14.271 [Server Comm. System] DEBUG bftsmart.consensus.roles.Acceptor - WRITE received from:6, for consensus cId:0
19:21:14.271 [Server Comm. System] DEBUG bftsmart.consensus.roles.Acceptor - I have 7, WRITE's for cId:0, Epoch timestamp:0,
[Acceptor 4] computeWrite: cId=0, writeAccepted=7, quorum=5
19:21:14.271 [Server Comm. System] INFO bftsmart.communication.ServerCommunicationSystem - === Message processed ===
    [Reliability 5] handleIncomingMessage() called
        Type: DATA
        From: 6
        SeqNum: 0
        Expected seq: 0
        -> IN ORDER, delivering immediately
    [Reliability 5] deliverMessage() - deserializing payload
        Deserialized: ConsensusMessage
        DEBUG: envelope.fromReplicaId=6, message.getSender()=6
=== [V2V Layer 5] DELIVER to BFT-SMaRt ===
    Message type: ConsensusMessage
    From replica: 6
    InQueue size before: 0
    InQueue size after: 1
=== [V2V Layer 5] DELIVER successful ===
19:21:14.271 [Server Comm. System] INFO bftsmart.communication.ServerCommunicationSystem - === ServerCommunicationSystem RECEIVED message ===
19:21:14.271 [Server Comm. System] INFO bftsmart.communication.ServerCommunicationSystem -     Message type: ConsensusMessage
19:21:14.271 [Server Comm. System] INFO bftsmart.communication.ServerCommunicationSystem -     From: 6
19:21:14.271 [Server Comm. System] INFO bftsmart.communication.ServerCommunicationSystem -     Message count: 8
19:21:14.271 [Server Comm. System] DEBUG bftsmart.communication.ServerCommunicationSystem - <-- receiving, msg:type=WRITE, number=0, epoch=0, from=6
19:21:14.271 [Server Comm. System] DEBUG bftsmart.tom.core.ExecutionManager - Received message  type=WRITE, number=0, epoch=0, from=6
19:21:14.271 [Server Comm. System] DEBUG bftsmart.tom.core.ExecutionManager - I'm at consensus 0 and my last consensus is -1
19:21:14.271 [Server Comm. System] DEBUG bftsmart.tom.core.ExecutionManager - Message for consensus 0 can be processed
19:21:14.271 [Server Comm. System] DEBUG bftsmart.consensus.roles.Acceptor - Processing paxos msg with id 0
19:21:14.271 [Server Comm. System] DEBUG bftsmart.consensus.roles.Acceptor - WRITE received from:6, for consensus cId:0
19:21:14.271 [Server Comm. System] DEBUG bftsmart.consensus.roles.Acceptor - I have 8, WRITE's for cId:0, Epoch timestamp:0,
[Acceptor 5] computeWrite: cId=0, writeAccepted=8, quorum=5
19:21:14.271 [Server Comm. System] INFO bftsmart.communication.ServerCommunicationSystem - === Message processed ===
[V2VProxy 0] *** RECEIVED V2V message #8 from=6 to=-1 (broadcast=YES) at t=3.384033425265
V2VNativeBridge0: Received message from 6 with length 685
[V2V Layer 0] Received message from replica 6 via JNI
    [Reliability 0] handleIncomingMessage() called
        Type: DATA
        From: 6
        SeqNum: 0
        Expected seq: 1
        -> DUPLICATE (seq < expected), ignoring
[V2VProxy 3] *** RECEIVED V2V message #15 from=6 to=-1 (broadcast=YES) at t=3.384033450892
V2VNativeBridge3: Received message from 6 with length 685
[V2V Layer 3] Received message from replica 6 via JNI
    [Reliability 3] handleIncomingMessage() called
        Type: DATA
        From: 6
        SeqNum: 0
        Expected seq: 1
        -> DUPLICATE (seq < expected), ignoring
[V2VProxy 7] *** RECEIVED V2V message #15 from=6 to=-1 (broadcast=YES) at t=3.384033452408
V2VNativeBridge7: Received message from 6 with length 685
[V2V Layer 7] Received message from replica 6 via JNI
    [Reliability 7] handleIncomingMessage() called
        Type: DATA
        From: 6
        SeqNum: 0
        Expected seq: 1
        -> DUPLICATE (seq < expected), ignoring
[V2VProxy 2] *** RECEIVED V2V message #15 from=6 to=-1 (broadcast=YES) at t=3.384033456884
V2VNativeBridge2: Received message from 6 with length 685
[V2V Layer 2] Received message from replica 6 via JNI
    [Reliability 2] handleIncomingMessage() called
        Type: DATA
        From: 6
        SeqNum: 0
        Expected seq: 1
        -> DUPLICATE (seq < expected), ignoring
[V2VProxy 1] *** RECEIVED V2V message #15 from=6 to=-1 (broadcast=YES) at t=3.384033466213
V2VNativeBridge1: Received message from 6 with length 685
[V2V Layer 1] Received message from replica 6 via JNI
    [Reliability 1] handleIncomingMessage() called
        Type: DATA
        From: 6
        SeqNum: 0
        Expected seq: 1
        -> DUPLICATE (seq < expected), ignoring
[V2VProxy 4] *** RECEIVED V2V message #15 from=6 to=-1 (broadcast=YES) at t=3.384033468224
V2VNativeBridge4: Received message from 6 with length 685
[V2V Layer 4] Received message from replica 6 via JNI
    [Reliability 4] handleIncomingMessage() called
        Type: DATA
        From: 6
        SeqNum: 0
        Expected seq: 1
        -> DUPLICATE (seq < expected), ignoring
[V2VProxy 5] *** RECEIVED V2V message #16 from=6 to=-1 (broadcast=YES) at t=3.384033499527
V2VNativeBridge5: Received message from 6 with length 685
[V2V Layer 5] Received message from replica 6 via JNI
    [Reliability 5] handleIncomingMessage() called
        Type: DATA
        From: 6
        SeqNum: 0
        Expected seq: 1
        -> DUPLICATE (seq < expected), ignoring
[V2VProxy 0] *** SENDING V2V message #15 from=0 to=-1 size=858 bytes at t=3.4
[V2VProxy 0] *** SENDING V2V message #16 from=0 to=-1 size=858 bytes at t=3.4
[V2VProxy 0] *** SENDING V2V message #17 from=0 to=-1 size=858 bytes at t=3.4
[V2VProxy 0] *** SENDING V2V message #18 from=0 to=-1 size=858 bytes at t=3.4
[V2VProxy 0] *** SENDING V2V message #19 from=0 to=-1 size=780 bytes at t=3.4
[V2VProxy 0] *** SENDING V2V message #20 from=0 to=-1 size=780 bytes at t=3.4
[V2VProxy 1] *** SENDING V2V message #8 from=1 to=-1 size=871 bytes at t=3.4
[V2VProxy 1] *** SENDING V2V message #9 from=1 to=-1 size=857 bytes at t=3.4
[V2VProxy 1] *** SENDING V2V message #10 from=1 to=-1 size=857 bytes at t=3.4
[V2VProxy 1] *** SENDING V2V message #11 from=1 to=-1 size=857 bytes at t=3.4
[V2VProxy 1] *** SENDING V2V message #12 from=1 to=-1 size=779 bytes at t=3.4
[V2VProxy 1] *** SENDING V2V message #13 from=1 to=-1 size=779 bytes at t=3.4
[V2VProxy 1] *** SENDING V2V message #14 from=1 to=-1 size=857 bytes at t=3.4
[V2VProxy 2] *** SENDING V2V message #8 from=2 to=-1 size=870 bytes at t=3.4
[V2VProxy 2] *** SENDING V2V message #9 from=2 to=-1 size=856 bytes at t=3.4
[V2VProxy 2] *** SENDING V2V message #10 from=2 to=-1 size=856 bytes at t=3.4
[V2VProxy 2] *** SENDING V2V message #11 from=2 to=-1 size=856 bytes at t=3.4
[V2VProxy 2] *** SENDING V2V message #12 from=2 to=-1 size=778 bytes at t=3.4
[V2VProxy 2] *** SENDING V2V message #13 from=2 to=-1 size=778 bytes at t=3.4
[V2VProxy 2] *** SENDING V2V message #14 from=2 to=-1 size=856 bytes at t=3.4
[V2VProxy 3] *** SENDING V2V message #8 from=3 to=-1 size=871 bytes at t=3.4
[V2VProxy 3] *** SENDING V2V message #9 from=3 to=-1 size=857 bytes at t=3.4
[V2VProxy 3] *** SENDING V2V message #10 from=3 to=-1 size=857 bytes at t=3.4
[V2VProxy 3] *** SENDING V2V message #11 from=3 to=-1 size=857 bytes at t=3.4
[V2VProxy 3] *** SENDING V2V message #12 from=3 to=-1 size=779 bytes at t=3.4
[V2VProxy 3] *** SENDING V2V message #13 from=3 to=-1 size=779 bytes at t=3.4
[V2VProxy 3] *** SENDING V2V message #14 from=3 to=-1 size=857 bytes at t=3.4
[V2VProxy 4] *** SENDING V2V message #8 from=4 to=-1 size=870 bytes at t=3.4
[V2VProxy 4] *** SENDING V2V message #9 from=4 to=-1 size=856 bytes at t=3.4
[V2VProxy 4] *** SENDING V2V message #10 from=4 to=-1 size=856 bytes at t=3.4
[V2VProxy 4] *** SENDING V2V message #11 from=4 to=-1 size=856 bytes at t=3.4
[V2VProxy 4] *** SENDING V2V message #12 from=4 to=-1 size=778 bytes at t=3.4
[V2VProxy 4] *** SENDING V2V message #13 from=4 to=-1 size=778 bytes at t=3.4
[V2VProxy 4] *** SENDING V2V message #14 from=4 to=-1 size=856 bytes at t=3.4
[V2VProxy 5] *** SENDING V2V message #8 from=5 to=-1 size=870 bytes at t=3.4
[V2VProxy 5] *** SENDING V2V message #9 from=5 to=-1 size=856 bytes at t=3.4
[V2VProxy 5] *** SENDING V2V message #10 from=5 to=-1 size=856 bytes at t=3.4
[V2VProxy 5] *** SENDING V2V message #11 from=5 to=-1 size=856 bytes at t=3.4
[V2VProxy 5] *** SENDING V2V message #12 from=5 to=-1 size=856 bytes at t=3.4
[V2VProxy 5] *** SENDING V2V message #13 from=5 to=-1 size=778 bytes at t=3.4
[V2VProxy 5] *** SENDING V2V message #14 from=5 to=-1 size=778 bytes at t=3.4
[V2VProxy 6] *** SENDING V2V message #8 from=6 to=-1 size=872 bytes at t=3.4
[V2VProxy 6] *** SENDING V2V message #9 from=6 to=-1 size=858 bytes at t=3.4
[V2VProxy 6] *** SENDING V2V message #10 from=6 to=-1 size=858 bytes at t=3.4
[V2VProxy 6] *** SENDING V2V message #11 from=6 to=-1 size=858 bytes at t=3.4
[V2VProxy 6] *** SENDING V2V message #12 from=6 to=-1 size=858 bytes at t=3.4
[V2VProxy 6] *** SENDING V2V message #13 from=6 to=-1 size=780 bytes at t=3.4
[V2VProxy 6] *** SENDING V2V message #14 from=6 to=-1 size=780 bytes at t=3.4
[V2VProxy 7] *** SENDING V2V message #8 from=7 to=-1 size=872 bytes at t=3.4
[V2VProxy 7] *** SENDING V2V message #9 from=7 to=-1 size=858 bytes at t=3.4
[V2VProxy 7] *** SENDING V2V message #10 from=7 to=-1 size=858 bytes at t=3.4
[V2VProxy 7] *** SENDING V2V message #11 from=7 to=-1 size=858 bytes at t=3.4
[V2VProxy 7] *** SENDING V2V message #12 from=7 to=-1 size=858 bytes at t=3.4
[V2VProxy 7] *** SENDING V2V message #13 from=7 to=-1 size=780 bytes at t=3.4
[V2VProxy 7] *** SENDING V2V message #14 from=7 to=-1 size=780 bytes at t=3.4
[V2VProxy 2] *** RECEIVED V2V message #16 from=1 to=-1 (broadcast=YES) at t=3.402680501851
V2VNativeBridge2: Received message from 1 with length 857
[V2V Layer 2] Received message from replica 1 via JNI
    [Reliability 2] handleIncomingMessage() called
        Type: DATA
        From: 1
        SeqNum: 1
        Expected seq: 1
        -> IN ORDER, delivering immediately
    [Reliability 2] deliverMessage() - deserializing payload
        Deserialized: ConsensusMessage
        DEBUG: envelope.fromReplicaId=1, message.getSender()=1
=== [V2V Layer 2] DELIVER to BFT-SMaRt ===
    Message type: ConsensusMessage
    From replica: 1
    InQueue size before: 0
    InQueue size after: 1
=== [V2V Layer 2] DELIVER successful ===
19:21:14.317 [Server Comm. System] INFO bftsmart.communication.ServerCommunicationSystem - === ServerCommunicationSystem RECEIVED message ===
19:21:14.317 [Server Comm. System] INFO bftsmart.communication.ServerCommunicationSystem -     Message type: ConsensusMessage
19:21:14.317 [Server Comm. System] INFO bftsmart.communication.ServerCommunicationSystem -     From: 1
19:21:14.317 [Server Comm. System] INFO bftsmart.communication.ServerCommunicationSystem -     Message count: 8
19:21:14.317 [Server Comm. System] DEBUG bftsmart.communication.ServerCommunicationSystem - <-- receiving, msg:type=ACCEPT, number=0, epoch=0, from=1
19:21:14.317 [Server Comm. System] DEBUG bftsmart.tom.core.ExecutionManager - Received message  type=ACCEPT, number=0, epoch=0, from=1
19:21:14.317 [Server Comm. System] DEBUG bftsmart.tom.core.ExecutionManager - I'm at consensus 0 and my last consensus is -1
[V2VProxy 4] *** RECEIVED V2V message #16 from=1 to=-1 (broadcast=YES) at t=3.402680517768
19:21:14.317 [Server Comm. System] DEBUG bftsmart.tom.core.ExecutionManager - Message for consensus 0 can be processed
19:21:14.317 [Server Comm. System] DEBUG bftsmart.consensus.roles.Acceptor - Processing paxos msg with id 0
V2VNativeBridge4: Received message from 1 with length 857
19:21:14.317 [Server Comm. System] DEBUG bftsmart.consensus.roles.Acceptor - ACCEPT from 1 for consensus 0
[V2V Layer 4] Received message from replica 1 via JNI
19:21:14.317 [Server Comm. System] DEBUG bftsmart.consensus.roles.Acceptor - I have 2 ACCEPTs for cId:0, Timestamp:0 
19:21:14.317 [Server Comm. System] INFO bftsmart.communication.ServerCommunicationSystem - === Message processed ===
    [Reliability 4] handleIncomingMessage() called
        Type: DATA
        From: 1
        SeqNum: 1
        Expected seq: 1
        -> IN ORDER, delivering immediately
    [Reliability 4] deliverMessage() - deserializing payload
        Deserialized: ConsensusMessage
        DEBUG: envelope.fromReplicaId=1, message.getSender()=1
=== [V2V Layer 4] DELIVER to BFT-SMaRt ===
    Message type: ConsensusMessage
    From replica: 1
    InQueue size before: 0
    InQueue size after: 1
=== [V2V Layer 4] DELIVER successful ===
19:21:14.318 [Server Comm. System] INFO bftsmart.communication.ServerCommunicationSystem - === ServerCommunicationSystem RECEIVED message ===
[V2VProxy 6] *** RECEIVED V2V message #16 from=1 to=-1 (broadcast=YES) at t=3.402680524763
V2VNativeBridge6: Received message from 1 with length 857
19:21:14.318 [Server Comm. System] INFO bftsmart.communication.ServerCommunicationSystem -     Message type: ConsensusMessage
[V2V Layer 6] Received message from replica 1 via JNI
19:21:14.318 [Server Comm. System] INFO bftsmart.communication.ServerCommunicationSystem -     From: 1
19:21:14.318 [Server Comm. System] INFO bftsmart.communication.ServerCommunicationSystem -     Message count: 8
19:21:14.318 [Server Comm. System] DEBUG bftsmart.communication.ServerCommunicationSystem - <-- receiving, msg:type=ACCEPT, number=0, epoch=0, from=1
19:21:14.318 [Server Comm. System] DEBUG bftsmart.tom.core.ExecutionManager - Received message  type=ACCEPT, number=0, epoch=0, from=1
19:21:14.318 [Server Comm. System] DEBUG bftsmart.tom.core.ExecutionManager - I'm at consensus 0 and my last consensus is -1
19:21:14.318 [Server Comm. System] DEBUG bftsmart.tom.core.ExecutionManager - Message for consensus 0 can be processed
19:21:14.318 [Server Comm. System] DEBUG bftsmart.consensus.roles.Acceptor - Processing paxos msg with id 0
19:21:14.318 [Server Comm. System] DEBUG bftsmart.consensus.roles.Acceptor - ACCEPT from 1 for consensus 0
19:21:14.318 [Server Comm. System] DEBUG bftsmart.consensus.roles.Acceptor - I have 2 ACCEPTs for cId:0, Timestamp:0 
19:21:14.318 [Server Comm. System] INFO bftsmart.communication.ServerCommunicationSystem - === Message processed ===
    [Reliability 6] handleIncomingMessage() called
        Type: DATA
        From: 1
        SeqNum: 1
        Expected seq: 1
        -> IN ORDER, delivering immediately
    [Reliability 6] deliverMessage() - deserializing payload
        Deserialized: ConsensusMessage
        DEBUG: envelope.fromReplicaId=1, message.getSender()=1
=== [V2V Layer 6] DELIVER to BFT-SMaRt ===
    Message type: ConsensusMessage
    From replica: 1
    InQueue size before: 0
    InQueue size after: 1
=== [V2V Layer 6] DELIVER successful ===
19:21:14.318 [Server Comm. System] INFO bftsmart.communication.ServerCommunicationSystem - === ServerCommunicationSystem RECEIVED message ===
19:21:14.318 [Server Comm. System] INFO bftsmart.communication.ServerCommunicationSystem -     Message type: ConsensusMessage
19:21:14.318 [Server Comm. System] INFO bftsmart.communication.ServerCommunicationSystem -     From: 1
19:21:14.318 [Server Comm. System] INFO bftsmart.communication.ServerCommunicationSystem -     Message count: 8
19:21:14.318 [Server Comm. System] DEBUG bftsmart.communication.ServerCommunicationSystem - <-- receiving, msg:type=ACCEPT, number=0, epoch=0, from=1
[V2VProxy 0] *** RECEIVED V2V message #9 from=1 to=-1 (broadcast=YES) at t=3.402680529276
V2VNativeBridge0: Received message from 1 with length 857
[V2V Layer 0] Received message from replica 1 via JNI
    [Reliability 0] handleIncomingMessage() called
        Type: DATA
        From: 1
        SeqNum: 1
        Expected seq: 1
        -> IN ORDER, delivering immediately
    [Reliability 0] deliverMessage() - deserializing payload
        Deserialized: ConsensusMessage
        DEBUG: envelope.fromReplicaId=1, message.getSender()=1
=== [V2V Layer 0] DELIVER to BFT-SMaRt ===
    Message type: ConsensusMessage
    From replica: 1
    InQueue size before: 0
    InQueue size after: 1
=== [V2V Layer 0] DELIVER successful ===
19:21:14.318 [Server Comm. System] INFO bftsmart.communication.ServerCommunicationSystem - === ServerCommunicationSystem RECEIVED message ===
[V2VProxy 3] *** RECEIVED V2V message #16 from=1 to=-1 (broadcast=YES) at t=3.402680543521
V2VNativeBridge3: Received message from 1 with length 857
[V2V Layer 3] Received message from replica 1 via JNI
19:21:14.318 [Server Comm. System] INFO bftsmart.communication.ServerCommunicationSystem -     Message type: ConsensusMessage
    [Reliability 3] handleIncomingMessage() called
        Type: DATA
        From: 1
        SeqNum: 1
19:21:14.319 [Server Comm. System] INFO bftsmart.communication.ServerCommunicationSystem -     From: 1
19:21:14.319 [Server Comm. System] INFO bftsmart.communication.ServerCommunicationSystem -     Message count: 8
19:21:14.319 [Server Comm. System] DEBUG bftsmart.communication.ServerCommunicationSystem - <-- receiving, msg:type=ACCEPT, number=0, epoch=0, from=1
19:21:14.319 [Server Comm. System] DEBUG bftsmart.tom.core.ExecutionManager - Received message  type=ACCEPT, number=0, epoch=0, from=1
19:21:14.319 [Server Comm. System] DEBUG bftsmart.tom.core.ExecutionManager - I'm at consensus 0 and my last consensus is -1
19:21:14.319 [Server Comm. System] DEBUG bftsmart.tom.core.ExecutionManager - Message for consensus 0 can be processed
        Expected seq: 1
        -> IN ORDER, delivering immediately
19:21:14.319 [Server Comm. System] DEBUG bftsmart.consensus.roles.Acceptor - Processing paxos msg with id 0
    [Reliability 3] deliverMessage() - deserializing payload
        Deserialized: ConsensusMessage
        DEBUG: envelope.fromReplicaId=1, message.getSender()=1
=== [V2V Layer 3] DELIVER to BFT-SMaRt ===
    Message type: ConsensusMessage
    From replica: 1
    InQueue size before: 0
19:21:14.319 [Server Comm. System] DEBUG bftsmart.consensus.roles.Acceptor - ACCEPT from 1 for consensus 0
    InQueue size after: 1
=== [V2V Layer 3] DELIVER successful ===
19:21:14.319 [Server Comm. System] INFO bftsmart.communication.ServerCommunicationSystem - === ServerCommunicationSystem RECEIVED message ===
[V2VProxy 5] *** RECEIVED V2V message #17 from=1 to=-1 (broadcast=YES) at t=3.402680545957
19:21:14.319 [Server Comm. System] INFO bftsmart.communication.ServerCommunicationSystem -     Message type: ConsensusMessage
19:21:14.319 [Server Comm. System] DEBUG bftsmart.consensus.roles.Acceptor - I have 2 ACCEPTs for cId:0, Timestamp:0 
V2VNativeBridge5: Received message from 1 with length 857
[V2V Layer 5] Received message from replica 1 via JNI
19:21:14.319 [Server Comm. System] INFO bftsmart.communication.ServerCommunicationSystem - === Message processed ===
19:21:14.319 [Server Comm. System] INFO bftsmart.communication.ServerCommunicationSystem -     From: 1
    [Reliability 5] handleIncomingMessage() called
        Type: DATA
        From: 1
19:21:14.319 [Server Comm. System] INFO bftsmart.communication.ServerCommunicationSystem -     Message count: 8
        SeqNum: 1
19:21:14.319 [Server Comm. System] DEBUG bftsmart.communication.ServerCommunicationSystem - <-- receiving, msg:type=ACCEPT, number=0, epoch=0, from=1
19:21:14.319 [Server Comm. System] DEBUG bftsmart.tom.core.ExecutionManager - Received message  type=ACCEPT, number=0, epoch=0, from=1
19:21:14.319 [Server Comm. System] DEBUG bftsmart.tom.core.ExecutionManager - I'm at consensus 0 and my last consensus is -1
19:21:14.319 [Server Comm. System] DEBUG bftsmart.tom.core.ExecutionManager - Message for consensus 0 can be processed
19:21:14.319 [Server Comm. System] DEBUG bftsmart.consensus.roles.Acceptor - Processing paxos msg with id 0
19:21:14.319 [Server Comm. System] DEBUG bftsmart.consensus.roles.Acceptor - ACCEPT from 1 for consensus 0
        Expected seq: 1
        -> IN ORDER, delivering immediately
19:21:14.319 [Server Comm. System] DEBUG bftsmart.consensus.roles.Acceptor - I have 2 ACCEPTs for cId:0, Timestamp:0 
    [Reliability 5] deliverMessage() - deserializing payload
        Deserialized: ConsensusMessage
        DEBUG: envelope.fromReplicaId=1, message.getSender()=1
=== [V2V Layer 5] DELIVER to BFT-SMaRt ===
    Message type: ConsensusMessage
19:21:14.320 [Server Comm. System] INFO bftsmart.communication.ServerCommunicationSystem - === Message processed ===
    From replica: 1
    InQueue size before: 0
    InQueue size after: 1
=== [V2V Layer 5] DELIVER successful ===
19:21:14.320 [Server Comm. System] INFO bftsmart.communication.ServerCommunicationSystem - === ServerCommunicationSystem RECEIVED message ===
19:21:14.320 [Server Comm. System] INFO bftsmart.communication.ServerCommunicationSystem -     Message type: ConsensusMessage
19:21:14.320 [Server Comm. System] INFO bftsmart.communication.ServerCommunicationSystem -     From: 1
19:21:14.320 [Server Comm. System] INFO bftsmart.communication.ServerCommunicationSystem -     Message count: 9
19:21:14.320 [Server Comm. System] DEBUG bftsmart.communication.ServerCommunicationSystem - <-- receiving, msg:type=ACCEPT, number=0, epoch=0, from=1
19:21:14.320 [Server Comm. System] DEBUG bftsmart.tom.core.ExecutionManager - Received message  type=ACCEPT, number=0, epoch=0, from=1
19:21:14.320 [Server Comm. System] DEBUG bftsmart.tom.core.ExecutionManager - I'm at consensus 0 and my last consensus is -1
[V2VProxy 7] *** RECEIVED V2V message #16 from=1 to=-1 (broadcast=YES) at t=3.402680549176
19:21:14.320 [Server Comm. System] DEBUG bftsmart.tom.core.ExecutionManager - Message for consensus 0 can be processed
V2VNativeBridge7: Received message from 1 with length 857
[V2V Layer 7] Received message from replica 1 via JNI
19:21:14.320 [Server Comm. System] DEBUG bftsmart.consensus.roles.Acceptor - Processing paxos msg with id 0
19:21:14.320 [Server Comm. System] DEBUG bftsmart.consensus.roles.Acceptor - ACCEPT from 1 for consensus 0
19:21:14.320 [Server Comm. System] DEBUG bftsmart.tom.core.ExecutionManager - Received message  type=ACCEPT, number=0, epoch=0, from=1
19:21:14.320 [Server Comm. System] DEBUG bftsmart.consensus.roles.Acceptor - I have 2 ACCEPTs for cId:0, Timestamp:0 
19:21:14.320 [Server Comm. System] INFO bftsmart.communication.ServerCommunicationSystem - === Message processed ===
19:21:14.320 [Server Comm. System] DEBUG bftsmart.tom.core.ExecutionManager - I'm at consensus 0 and my last consensus is -1
19:21:14.320 [Server Comm. System] DEBUG bftsmart.tom.core.ExecutionManager - Message for consensus 0 can be processed
19:21:14.320 [Server Comm. System] DEBUG bftsmart.consensus.roles.Acceptor - Processing paxos msg with id 0
19:21:14.320 [Server Comm. System] DEBUG bftsmart.consensus.roles.Acceptor - ACCEPT from 1 for consensus 0
19:21:14.320 [Server Comm. System] DEBUG bftsmart.consensus.roles.Acceptor - I have 2 ACCEPTs for cId:0, Timestamp:0 
19:21:14.320 [Server Comm. System] INFO bftsmart.communication.ServerCommunicationSystem - === Message processed ===
    [Reliability 7] handleIncomingMessage() called
        Type: DATA
        From: 1
        SeqNum: 1
        Expected seq: 1
        -> IN ORDER, delivering immediately
    [Reliability 7] deliverMessage() - deserializing payload
        Deserialized: ConsensusMessage
        DEBUG: envelope.fromReplicaId=1, message.getSender()=1
=== [V2V Layer 7] DELIVER to BFT-SMaRt ===
    Message type: ConsensusMessage
    From replica: 1
    InQueue size before: 0
    InQueue size after: 1
=== [V2V Layer 7] DELIVER successful ===
19:21:14.321 [Server Comm. System] INFO bftsmart.communication.ServerCommunicationSystem - === ServerCommunicationSystem RECEIVED message ===
19:21:14.321 [Server Comm. System] INFO bftsmart.communication.ServerCommunicationSystem -     Message type: ConsensusMessage
19:21:14.321 [Server Comm. System] INFO bftsmart.communication.ServerCommunicationSystem -     From: 1
19:21:14.321 [Server Comm. System] INFO bftsmart.communication.ServerCommunicationSystem -     Message count: 8
19:21:14.321 [Server Comm. System] DEBUG bftsmart.communication.ServerCommunicationSystem - <-- receiving, msg:type=ACCEPT, number=0, epoch=0, from=1
19:21:14.321 [Server Comm. System] DEBUG bftsmart.tom.core.ExecutionManager - Received message  type=ACCEPT, number=0, epoch=0, from=1
19:21:14.321 [Server Comm. System] DEBUG bftsmart.tom.core.ExecutionManager - I'm at consensus 0 and my last consensus is -1
19:21:14.321 [Server Comm. System] DEBUG bftsmart.tom.core.ExecutionManager - Message for consensus 0 can be processed
19:21:14.321 [Server Comm. System] DEBUG bftsmart.consensus.roles.Acceptor - Processing paxos msg with id 0
19:21:14.321 [Server Comm. System] DEBUG bftsmart.consensus.roles.Acceptor - ACCEPT from 1 for consensus 0
19:21:14.321 [Server Comm. System] DEBUG bftsmart.consensus.roles.Acceptor - I have 2 ACCEPTs for cId:0, Timestamp:0 
19:21:14.321 [Server Comm. System] INFO bftsmart.communication.ServerCommunicationSystem - === Message processed ===
[V2VProxy 4] *** RECEIVED V2V message #17 from=2 to=-1 (broadcast=YES) at t=3.409321736251
V2VNativeBridge4: Received message from 2 with length 870
[V2V Layer 4] Received message from replica 2 via JNI
    [Reliability 4] handleIncomingMessage() called
        Type: DATA
        From: 2
        SeqNum: 1
        Expected seq: 1
        -> IN ORDER, delivering immediately
    [Reliability 4] deliverMessage() - deserializing payload
        Deserialized: ConsensusMessage
        DEBUG: envelope.fromReplicaId=2, message.getSender()=2
=== [V2V Layer 4] DELIVER to BFT-SMaRt ===
    Message type: ConsensusMessage
    From replica: 2
    InQueue size before: 0
    InQueue size after: 1
=== [V2V Layer 4] DELIVER successful ===
19:21:14.418 [Server Comm. System] INFO bftsmart.communication.ServerCommunicationSystem - === ServerCommunicationSystem RECEIVED message ===
19:21:14.418 [Server Comm. System] INFO bftsmart.communication.ServerCommunicationSystem -     Message type: ConsensusMessage
19:21:14.418 [Server Comm. System] INFO bftsmart.communication.ServerCommunicationSystem -     From: 2
19:21:14.418 [Server Comm. System] INFO bftsmart.communication.ServerCommunicationSystem -     Message count: 9
19:21:14.418 [Server Comm. System] DEBUG bftsmart.communication.ServerCommunicationSystem - <-- receiving, msg:type=ACCEPT, number=0, epoch=0, from=2
19:21:14.418 [Server Comm. System] DEBUG bftsmart.tom.core.ExecutionManager - Received message  type=ACCEPT, number=0, epoch=0, from=2
19:21:14.418 [Server Comm. System] DEBUG bftsmart.tom.core.ExecutionManager - I'm at consensus 0 and my last consensus is -1
19:21:14.418 [Server Comm. System] DEBUG bftsmart.tom.core.ExecutionManager - Message for consensus 0 can be processed
19:21:14.418 [Server Comm. System] DEBUG bftsmart.consensus.roles.Acceptor - Processing paxos msg with id 0
19:21:14.418 [Server Comm. System] DEBUG bftsmart.consensus.roles.Acceptor - ACCEPT from 2 for consensus 0
19:21:14.418 [Server Comm. System] DEBUG bftsmart.consensus.roles.Acceptor - I have 3 ACCEPTs for cId:0, Timestamp:0 
19:21:14.418 [Server Comm. System] INFO bftsmart.communication.ServerCommunicationSystem - === Message processed ===
[V2VProxy 6] *** RECEIVED V2V message #17 from=7 to=-1 (broadcast=YES) at t=3.415926127363
V2VNativeBridge6: Received message from 7 with length 858
[V2V Layer 6] Received message from replica 7 via JNI
    [Reliability 6] handleIncomingMessage() called
        Type: DATA
        From: 7
        SeqNum: 1
        Expected seq: 1
        -> IN ORDER, delivering immediately
    [Reliability 6] deliverMessage() - deserializing payload
        Deserialized: ConsensusMessage
        DEBUG: envelope.fromReplicaId=7, message.getSender()=7
=== [V2V Layer 6] DELIVER to BFT-SMaRt ===
    Message type: ConsensusMessage
    From replica: 7
    InQueue size before: 0
    InQueue size after: 1
=== [V2V Layer 6] DELIVER successful ===
19:21:14.504 [Server Comm. System] INFO bftsmart.communication.ServerCommunicationSystem - === ServerCommunicationSystem RECEIVED message ===
19:21:14.504 [Server Comm. System] INFO bftsmart.communication.ServerCommunicationSystem -     Message type: ConsensusMessage
[V2VProxy 0] *** RECEIVED V2V message #10 from=7 to=-1 (broadcast=YES) at t=3.415926143975
V2VNativeBridge0: Received message from 7 with length 858
19:21:14.504 [Server Comm. System] INFO bftsmart.communication.ServerCommunicationSystem -     From: 7
[V2V Layer 0] Received message from replica 7 via JNI
19:21:14.505 [Server Comm. System] INFO bftsmart.communication.ServerCommunicationSystem -     Message count: 9
19:21:14.505 [Server Comm. System] DEBUG bftsmart.communication.ServerCommunicationSystem - <-- receiving, msg:type=ACCEPT, number=0, epoch=0, from=7
19:21:14.505 [Server Comm. System] DEBUG bftsmart.tom.core.ExecutionManager - Received message  type=ACCEPT, number=0, epoch=0, from=7
19:21:14.505 [Server Comm. System] DEBUG bftsmart.tom.core.ExecutionManager - I'm at consensus 0 and my last consensus is -1
19:21:14.505 [Server Comm. System] DEBUG bftsmart.tom.core.ExecutionManager - Message for consensus 0 can be processed
19:21:14.505 [Server Comm. System] DEBUG bftsmart.consensus.roles.Acceptor - Processing paxos msg with id 0
19:21:14.505 [Server Comm. System] DEBUG bftsmart.consensus.roles.Acceptor - ACCEPT from 7 for consensus 0
19:21:14.505 [Server Comm. System] DEBUG bftsmart.consensus.roles.Acceptor - I have 3 ACCEPTs for cId:0, Timestamp:0 
19:21:14.505 [Server Comm. System] INFO bftsmart.communication.ServerCommunicationSystem - === Message processed ===
    [Reliability 0] handleIncomingMessage() called
        Type: DATA
        From: 7
        SeqNum: 1
        Expected seq: 1
        -> IN ORDER, delivering immediately
    [Reliability 0] deliverMessage() - deserializing payload
        Deserialized: ConsensusMessage
        DEBUG: envelope.fromReplicaId=7, message.getSender()=7
=== [V2V Layer 0] DELIVER to BFT-SMaRt ===
    Message type: ConsensusMessage
    From replica: 7
    InQueue size before: 0
    InQueue size after: 1
=== [V2V Layer 0] DELIVER successful ===
19:21:14.505 [Server Comm. System] INFO bftsmart.communication.ServerCommunicationSystem - === ServerCommunicationSystem RECEIVED message ===
19:21:14.505 [Server Comm. System] INFO bftsmart.communication.ServerCommunicationSystem -     Message type: ConsensusMessage
19:21:14.505 [Server Comm. System] INFO bftsmart.communication.ServerCommunicationSystem -     From: 7
19:21:14.505 [Server Comm. System] INFO bftsmart.communication.ServerCommunicationSystem -     Message count: 9
19:21:14.505 [Server Comm. System] DEBUG bftsmart.communication.ServerCommunicationSystem - <-- receiving, msg:type=ACCEPT, number=0, epoch=0, from=7
19:21:14.505 [Server Comm. System] DEBUG bftsmart.tom.core.ExecutionManager - Received message  type=ACCEPT, number=0, epoch=0, from=7
19:21:14.505 [Server Comm. System] DEBUG bftsmart.tom.core.ExecutionManager - I'm at consensus 0 and my last consensus is -1
19:21:14.505 [Server Comm. System] DEBUG bftsmart.tom.core.ExecutionManager - Message for consensus 0 can be processed
19:21:14.505 [Server Comm. System] DEBUG bftsmart.consensus.roles.Acceptor - Processing paxos msg with id 0
[V2VProxy 1] *** RECEIVED V2V message #16 from=7 to=-1 (broadcast=YES) at t=3.415926165581
19:21:14.505 [Server Comm. System] DEBUG bftsmart.consensus.roles.Acceptor - ACCEPT from 7 for consensus 0
V2VNativeBridge1: Received message from 7 with length 858
[V2V Layer 1] Received message from replica 7 via JNI
19:21:14.505 [Server Comm. System] DEBUG bftsmart.consensus.roles.Acceptor - I have 3 ACCEPTs for cId:0, Timestamp:0 
19:21:14.505 [Server Comm. System] INFO bftsmart.communication.ServerCommunicationSystem - === Message processed ===
    [Reliability 1] handleIncomingMessage() called
        Type: DATA
        From: 7
        SeqNum: 1
        Expected seq: 1
        -> IN ORDER, delivering immediately
    [Reliability 1] deliverMessage() - deserializing payload
        Deserialized: ConsensusMessage
        DEBUG: envelope.fromReplicaId=7, message.getSender()=7
=== [V2V Layer 1] DELIVER to BFT-SMaRt ===
    Message type: ConsensusMessage
    From replica: 7
    InQueue size before: 0
    InQueue size after: 1
19:21:14.505 [Server Comm. System] INFO bftsmart.communication.ServerCommunicationSystem - === ServerCommunicationSystem RECEIVED message ===
=== [V2V Layer 1] DELIVER successful ===
19:21:14.505 [Server Comm. System] INFO bftsmart.communication.ServerCommunicationSystem -     Message type: ConsensusMessage
19:21:14.505 [Server Comm. System] INFO bftsmart.communication.ServerCommunicationSystem -     From: 7
19:21:14.505 [Server Comm. System] INFO bftsmart.communication.ServerCommunicationSystem -     Message count: 8
19:21:14.505 [Server Comm. System] DEBUG bftsmart.communication.ServerCommunicationSystem - <-- receiving, msg:type=ACCEPT, number=0, epoch=0, from=7
19:21:14.505 [Server Comm. System] DEBUG bftsmart.tom.core.ExecutionManager - Received message  type=ACCEPT, number=0, epoch=0, from=7
19:21:14.505 [Server Comm. System] DEBUG bftsmart.tom.core.ExecutionManager - I'm at consensus 0 and my last consensus is -1
19:21:14.505 [Server Comm. System] DEBUG bftsmart.tom.core.ExecutionManager - Message for consensus 0 can be processed
19:21:14.505 [Server Comm. System] DEBUG bftsmart.consensus.roles.Acceptor - Processing paxos msg with id 0
19:21:14.505 [Server Comm. System] DEBUG bftsmart.consensus.roles.Acceptor - ACCEPT from 7 for consensus 0
19:21:14.505 [Server Comm. System] DEBUG bftsmart.consensus.roles.Acceptor - I have 2 ACCEPTs for cId:0, Timestamp:0 
19:21:14.505 [Server Comm. System] INFO bftsmart.communication.ServerCommunicationSystem - === Message processed ===
[V2VProxy 3] *** RECEIVED V2V message #17 from=7 to=-1 (broadcast=YES) at t=3.4159261687
V2VNativeBridge3: Received message from 7 with length 858
[V2V Layer 3] Received message from replica 7 via JNI
    [Reliability 3] handleIncomingMessage() called
        Type: DATA
        From: 7
        SeqNum: 1
        Expected seq: 1
        -> IN ORDER, delivering immediately
    [Reliability 3] deliverMessage() - deserializing payload
        Deserialized: ConsensusMessage
        DEBUG: envelope.fromReplicaId=7, message.getSender()=7
=== [V2V Layer 3] DELIVER to BFT-SMaRt ===
    Message type: ConsensusMessage
    From replica: 7
    InQueue size before: 0
    InQueue size after: 1
=== [V2V Layer 3] DELIVER successful ===
19:21:14.506 [Server Comm. System] INFO bftsmart.communication.ServerCommunicationSystem - === ServerCommunicationSystem RECEIVED message ===
19:21:14.506 [Server Comm. System] INFO bftsmart.communication.ServerCommunicationSystem -     Message type: ConsensusMessage
19:21:14.506 [Server Comm. System] INFO bftsmart.communication.ServerCommunicationSystem -     From: 7
19:21:14.506 [Server Comm. System] INFO bftsmart.communication.ServerCommunicationSystem -     Message count: 9
19:21:14.506 [Server Comm. System] DEBUG bftsmart.communication.ServerCommunicationSystem - <-- receiving, msg:type=ACCEPT, number=0, epoch=0, from=7
[V2VProxy 2] *** RECEIVED V2V message #17 from=7 to=-1 (broadcast=YES) at t=3.41592617186
19:21:14.506 [Server Comm. System] DEBUG bftsmart.tom.core.ExecutionManager - Received message  type=ACCEPT, number=0, epoch=0, from=7
19:21:14.506 [Server Comm. System] DEBUG bftsmart.tom.core.ExecutionManager - I'm at consensus 0 and my last consensus is -1
V2VNativeBridge2: Received message from 7 with length 858
19:21:14.506 [Server Comm. System] DEBUG bftsmart.tom.core.ExecutionManager - Message for consensus 0 can be processed
[V2V Layer 2] Received message from replica 7 via JNI
19:21:14.506 [Server Comm. System] DEBUG bftsmart.consensus.roles.Acceptor - Processing paxos msg with id 0
19:21:14.506 [Server Comm. System] DEBUG bftsmart.consensus.roles.Acceptor - ACCEPT from 7 for consensus 0
19:21:14.506 [Server Comm. System] DEBUG bftsmart.consensus.roles.Acceptor - I have 3 ACCEPTs for cId:0, Timestamp:0 
19:21:14.506 [Server Comm. System] INFO bftsmart.communication.ServerCommunicationSystem - === Message processed ===
    [Reliability 2] handleIncomingMessage() called
        Type: DATA
        From: 7
        SeqNum: 1
        Expected seq: 1
        -> IN ORDER, delivering immediately
    [Reliability 2] deliverMessage() - deserializing payload
        Deserialized: ConsensusMessage
        DEBUG: envelope.fromReplicaId=7, message.getSender()=7
=== [V2V Layer 2] DELIVER to BFT-SMaRt ===
    Message type: ConsensusMessage
    From replica: 7
    InQueue size before: 0
    InQueue size after: 1
=== [V2V Layer 2] DELIVER successful ===
19:21:14.506 [Server Comm. System] INFO bftsmart.communication.ServerCommunicationSystem - === ServerCommunicationSystem RECEIVED message ===
19:21:14.506 [Server Comm. System] INFO bftsmart.communication.ServerCommunicationSystem -     Message type: ConsensusMessage
19:21:14.506 [Server Comm. System] INFO bftsmart.communication.ServerCommunicationSystem -     From: 7
19:21:14.506 [Server Comm. System] INFO bftsmart.communication.ServerCommunicationSystem -     Message count: 9
19:21:14.506 [Server Comm. System] DEBUG bftsmart.communication.ServerCommunicationSystem - <-- receiving, msg:type=ACCEPT, number=0, epoch=0, from=7
19:21:14.506 [Server Comm. System] DEBUG bftsmart.tom.core.ExecutionManager - Received message  type=ACCEPT, number=0, epoch=0, from=7
19:21:14.506 [Server Comm. System] DEBUG bftsmart.tom.core.ExecutionManager - I'm at consensus 0 and my last consensus is -1
19:21:14.506 [Server Comm. System] DEBUG bftsmart.tom.core.ExecutionManager - Message for consensus 0 can be processed
19:21:14.506 [Server Comm. System] DEBUG bftsmart.consensus.roles.Acceptor - Processing paxos msg with id 0
19:21:14.506 [Server Comm. System] DEBUG bftsmart.consensus.roles.Acceptor - ACCEPT from 7 for consensus 0
19:21:14.506 [Server Comm. System] DEBUG bftsmart.consensus.roles.Acceptor - I have 3 ACCEPTs for cId:0, Timestamp:0 
19:21:14.506 [Server Comm. System] INFO bftsmart.communication.ServerCommunicationSystem - === Message processed ===
[V2VProxy 4] *** RECEIVED V2V message #18 from=7 to=-1 (broadcast=YES) at t=3.415926185922
V2VNativeBridge4: Received message from 7 with length 858
[V2V Layer 4] Received message from replica 7 via JNI
    [Reliability 4] handleIncomingMessage() called
        Type: DATA
        From: 7
        SeqNum: 1
        Expected seq: 1
        -> IN ORDER, delivering immediately
    [Reliability 4] deliverMessage() - deserializing payload
        Deserialized: ConsensusMessage
        DEBUG: envelope.fromReplicaId=7, message.getSender()=7
=== [V2V Layer 4] DELIVER to BFT-SMaRt ===
    Message type: ConsensusMessage
    From replica: 7
    InQueue size before: 0
    InQueue size after: 1
=== [V2V Layer 4] DELIVER successful ===
19:21:14.506 [Server Comm. System] INFO bftsmart.communication.ServerCommunicationSystem - === ServerCommunicationSystem RECEIVED message ===
19:21:14.506 [Server Comm. System] INFO bftsmart.communication.ServerCommunicationSystem -     Message type: ConsensusMessage
19:21:14.506 [Server Comm. System] INFO bftsmart.communication.ServerCommunicationSystem -     From: 7
[V2VProxy 5] *** RECEIVED V2V message #18 from=7 to=-1 (broadcast=YES) at t=3.415926218238
V2VNativeBridge5: Received message from 7 with length 858
[V2V Layer 5] Received message from replica 7 via JNI
19:21:14.506 [Server Comm. System] INFO bftsmart.communication.ServerCommunicationSystem -     Message count: 10
19:21:14.506 [Server Comm. System] DEBUG bftsmart.communication.ServerCommunicationSystem - <-- receiving, msg:type=ACCEPT, number=0, epoch=0, from=7
19:21:14.506 [Server Comm. System] DEBUG bftsmart.tom.core.ExecutionManager - Received message  type=ACCEPT, number=0, epoch=0, from=7
19:21:14.506 [Server Comm. System] DEBUG bftsmart.tom.core.ExecutionManager - I'm at consensus 0 and my last consensus is -1
19:21:14.506 [Server Comm. System] DEBUG bftsmart.tom.core.ExecutionManager - Message for consensus 0 can be processed
19:21:14.506 [Server Comm. System] DEBUG bftsmart.consensus.roles.Acceptor - Processing paxos msg with id 0
19:21:14.506 [Server Comm. System] DEBUG bftsmart.consensus.roles.Acceptor - ACCEPT from 7 for consensus 0
19:21:14.506 [Server Comm. System] DEBUG bftsmart.consensus.roles.Acceptor - I have 4 ACCEPTs for cId:0, Timestamp:0 
19:21:14.506 [Server Comm. System] INFO bftsmart.communication.ServerCommunicationSystem - === Message processed ===
    [Reliability 5] handleIncomingMessage() called
        Type: DATA
        From: 7
        SeqNum: 1
        Expected seq: 1
        -> IN ORDER, delivering immediately
    [Reliability 5] deliverMessage() - deserializing payload
        Deserialized: ConsensusMessage
        DEBUG: envelope.fromReplicaId=7, message.getSender()=7
=== [V2V Layer 5] DELIVER to BFT-SMaRt ===
    Message type: ConsensusMessage
    From replica: 7
    InQueue size before: 0
    InQueue size after: 1
=== [V2V Layer 5] DELIVER successful ===
19:21:14.507 [Server Comm. System] INFO bftsmart.communication.ServerCommunicationSystem - === ServerCommunicationSystem RECEIVED message ===
19:21:14.507 [Server Comm. System] INFO bftsmart.communication.ServerCommunicationSystem -     Message type: ConsensusMessage
19:21:14.507 [Server Comm. System] INFO bftsmart.communication.ServerCommunicationSystem -     From: 7
19:21:14.507 [Server Comm. System] INFO bftsmart.communication.ServerCommunicationSystem -     Message count: 10
19:21:14.507 [Server Comm. System] DEBUG bftsmart.communication.ServerCommunicationSystem - <-- receiving, msg:type=ACCEPT, number=0, epoch=0, from=7
19:21:14.507 [Server Comm. System] DEBUG bftsmart.tom.core.ExecutionManager - Received message  type=ACCEPT, number=0, epoch=0, from=7
19:21:14.507 [Server Comm. System] DEBUG bftsmart.tom.core.ExecutionManager - I'm at consensus 0 and my last consensus is -1
19:21:14.507 [Server Comm. System] DEBUG bftsmart.tom.core.ExecutionManager - Message for consensus 0 can be processed
19:21:14.507 [Server Comm. System] DEBUG bftsmart.consensus.roles.Acceptor - Processing paxos msg with id 0
19:21:14.507 [Server Comm. System] DEBUG bftsmart.consensus.roles.Acceptor - ACCEPT from 7 for consensus 0
19:21:14.507 [Server Comm. System] DEBUG bftsmart.consensus.roles.Acceptor - I have 3 ACCEPTs for cId:0, Timestamp:0 
19:21:14.507 [Server Comm. System] INFO bftsmart.communication.ServerCommunicationSystem - === Message processed ===
[V2VProxy 2] *** RECEIVED V2V message #18 from=1 to=-1 (broadcast=YES) at t=3.42073240429
V2VNativeBridge2: Received message from 1 with length 779
[V2V Layer 2] Received message from replica 1 via JNI
    [Reliability 2] handleIncomingMessage() called
        Type: DATA
        From: 1
        SeqNum: 1
        Expected seq: 2
        -> DUPLICATE (seq < expected), ignoring
[V2VProxy 4] *** RECEIVED V2V message #19 from=2 to=-1 (broadcast=YES) at t=3.425853519665
V2VNativeBridge4: Received message from 2 with length 856
[V2V Layer 4] Received message from replica 2 via JNI
    [Reliability 4] handleIncomingMessage() called
        Type: DATA
        From: 2
        SeqNum: 1
        Expected seq: 2
        -> DUPLICATE (seq < expected), ignoring
[V2VProxy 6] *** RECEIVED V2V message #18 from=7 to=-1 (broadcast=YES) at t=3.430814824669
V2VNativeBridge6: Received message from 7 with length 858
[V2V Layer 6] Received message from replica 7 via JNI
    [Reliability 6] handleIncomingMessage() called
        Type: DATA
        From: 7
        SeqNum: 1
        Expected seq: 2
        -> DUPLICATE (seq < expected), ignoring
[V2VProxy 0] *** RECEIVED V2V message #11 from=7 to=-1 (broadcast=YES) at t=3.430814841281
V2VNativeBridge0: Received message from 7 with length 858
[V2V Layer 0] Received message from replica 7 via JNI
    [Reliability 0] handleIncomingMessage() called
        Type: DATA
        From: 7
        SeqNum: 1
        Expected seq: 2
        -> DUPLICATE (seq < expected), ignoring
[V2VProxy 1] *** RECEIVED V2V message #17 from=7 to=-1 (broadcast=YES) at t=3.430814862887
V2VNativeBridge1: Received message from 7 with length 858
[V2V Layer 1] Received message from replica 7 via JNI
    [Reliability 1] handleIncomingMessage() called
        Type: DATA
        From: 7
        SeqNum: 1
        Expected seq: 2
        -> DUPLICATE (seq < expected), ignoring
[V2VProxy 3] *** RECEIVED V2V message #18 from=7 to=-1 (broadcast=YES) at t=3.430814866006
V2VNativeBridge3: Received message from 7 with length 858
[V2V Layer 3] Received message from replica 7 via JNI
    [Reliability 3] handleIncomingMessage() called
        Type: DATA
        From: 7
        SeqNum: 1
        Expected seq: 2
        -> DUPLICATE (seq < expected), ignoring
[V2VProxy 2] *** RECEIVED V2V message #19 from=7 to=-1 (broadcast=YES) at t=3.430814869166
V2VNativeBridge2: Received message from 7 with length 858
[V2V Layer 2] Received message from replica 7 via JNI
    [Reliability 2] handleIncomingMessage() called
        Type: DATA
        From: 7
        SeqNum: 1
        Expected seq: 2
        -> DUPLICATE (seq < expected), ignoring
[V2VProxy 4] *** RECEIVED V2V message #20 from=7 to=-1 (broadcast=YES) at t=3.430814883228
V2VNativeBridge4: Received message from 7 with length 858
[V2V Layer 4] Received message from replica 7 via JNI
    [Reliability 4] handleIncomingMessage() called
        Type: DATA
        From: 7
        SeqNum: 1
        Expected seq: 2
        -> DUPLICATE (seq < expected), ignoring
[V2VProxy 5] *** RECEIVED V2V message #19 from=7 to=-1 (broadcast=YES) at t=3.430814915544
V2VNativeBridge5: Received message from 7 with length 858
[V2V Layer 5] Received message from replica 7 via JNI
    [Reliability 5] handleIncomingMessage() called
        Type: DATA
        From: 7
        SeqNum: 1
        Expected seq: 2
        -> DUPLICATE (seq < expected), ignoring
[V2VProxy 1] *** RECEIVED V2V message #18 from=2 to=-1 (broadcast=YES) at t=3.432457904804
V2VNativeBridge1: Received message from 2 with length 856
[V2V Layer 1] Received message from replica 2 via JNI
    [Reliability 1] handleIncomingMessage() called
        Type: DATA
        From: 2
        SeqNum: 1
        Expected seq: 1
        -> IN ORDER, delivering immediately
    [Reliability 1] deliverMessage() - deserializing payload
        Deserialized: ConsensusMessage
        DEBUG: envelope.fromReplicaId=2, message.getSender()=2
=== [V2V Layer 1] DELIVER to BFT-SMaRt ===
    Message type: ConsensusMessage
    From replica: 2
    InQueue size before: 0
    InQueue size after: 1
=== [V2V Layer 1] DELIVER successful ===
19:21:14.707 [Server Comm. System] INFO bftsmart.communication.ServerCommunicationSystem - === ServerCommunicationSystem RECEIVED message ===
19:21:14.707 [Server Comm. System] INFO bftsmart.communication.ServerCommunicationSystem -     Message type: ConsensusMessage
19:21:14.707 [Server Comm. System] INFO bftsmart.communication.ServerCommunicationSystem -     From: 2
19:21:14.707 [Server Comm. System] INFO bftsmart.communication.ServerCommunicationSystem -     Message count: 9
19:21:14.707 [Server Comm. System] DEBUG bftsmart.communication.ServerCommunicationSystem - <-- receiving, msg:type=ACCEPT, number=0, epoch=0, from=2
19:21:14.707 [Server Comm. System] DEBUG bftsmart.tom.core.ExecutionManager - Received message  type=ACCEPT, number=0, epoch=0, from=2
19:21:14.707 [Server Comm. System] DEBUG bftsmart.tom.core.ExecutionManager - I'm at consensus 0 and my last consensus is -1
19:21:14.707 [Server Comm. System] DEBUG bftsmart.tom.core.ExecutionManager - Message for consensus 0 can be processed
19:21:14.707 [Server Comm. System] DEBUG bftsmart.consensus.roles.Acceptor - Processing paxos msg with id 0
19:21:14.707 [Server Comm. System] DEBUG bftsmart.consensus.roles.Acceptor - ACCEPT from 2 for consensus 0
19:21:14.707 [Server Comm. System] DEBUG bftsmart.consensus.roles.Acceptor - I have 3 ACCEPTs for cId:0, Timestamp:0 
19:21:14.707 [Server Comm. System] INFO bftsmart.communication.ServerCommunicationSystem - === Message processed ===
[V2VProxy 0] *** RECEIVED V2V message #12 from=3 to=-1 (broadcast=YES) at t=3.434002005154
V2VNativeBridge0: Received message from 3 with length 779
[V2V Layer 0] Received message from replica 3 via JNI
    [Reliability 0] handleIncomingMessage() called
        Type: DATA
        From: 3
        SeqNum: 1
        Expected seq: 1
        -> IN ORDER, delivering immediately
    [Reliability 0] deliverMessage() - deserializing payload
        Deserialized: ConsensusMessage
        DEBUG: envelope.fromReplicaId=3, message.getSender()=3
=== [V2V Layer 0] DELIVER to BFT-SMaRt ===
    Message type: ConsensusMessage
    From replica: 3
    InQueue size before: 0
    InQueue size after: 1
=== [V2V Layer 0] DELIVER successful ===
19:21:14.728 [Server Comm. System] INFO bftsmart.communication.ServerCommunicationSystem - === ServerCommunicationSystem RECEIVED message ===
[V2VProxy 6] *** RECEIVED V2V message #19 from=3 to=-1 (broadcast=YES) at t=3.434002022752
V2VNativeBridge6: Received message from 3 with length 779
[V2V Layer 6] Received message from replica 3 via JNI
19:21:14.728 [Server Comm. System] INFO bftsmart.communication.ServerCommunicationSystem -     Message type: ConsensusMessage
19:21:14.728 [Server Comm. System] INFO bftsmart.communication.ServerCommunicationSystem -     From: 3
19:21:14.728 [Server Comm. System] INFO bftsmart.communication.ServerCommunicationSystem -     Message count: 10
19:21:14.728 [Server Comm. System] DEBUG bftsmart.communication.ServerCommunicationSystem - <-- receiving, msg:type=ACCEPT, number=0, epoch=0, from=3
19:21:14.728 [Server Comm. System] DEBUG bftsmart.tom.core.ExecutionManager - Received message  type=ACCEPT, number=0, epoch=0, from=3
19:21:14.728 [Server Comm. System] DEBUG bftsmart.tom.core.ExecutionManager - I'm at consensus 0 and my last consensus is -1
    [Reliability 6] handleIncomingMessage() called
        Type: DATA
        From: 3
        SeqNum: 1
        Expected seq: 1
19:21:14.728 [Server Comm. System] DEBUG bftsmart.tom.core.ExecutionManager - Message for consensus 0 can be processed
        -> IN ORDER, delivering immediately
    [Reliability 6] deliverMessage() - deserializing payload
19:21:14.728 [Server Comm. System] DEBUG bftsmart.consensus.roles.Acceptor - Processing paxos msg with id 0
19:21:14.728 [Server Comm. System] DEBUG bftsmart.consensus.roles.Acceptor - ACCEPT from 3 for consensus 0
        Deserialized: ConsensusMessage
        DEBUG: envelope.fromReplicaId=3, message.getSender()=3
=== [V2V Layer 6] DELIVER to BFT-SMaRt ===
    Message type: ConsensusMessage
    From replica: 3
    InQueue size before: 0
19:21:14.728 [Server Comm. System] DEBUG bftsmart.consensus.roles.Acceptor - I have 4 ACCEPTs for cId:0, Timestamp:0 
19:21:14.728 [Server Comm. System] INFO bftsmart.communication.ServerCommunicationSystem - === Message processed ===
    InQueue size after: 1
=== [V2V Layer 6] DELIVER successful ===
19:21:14.728 [Server Comm. System] INFO bftsmart.communication.ServerCommunicationSystem - === ServerCommunicationSystem RECEIVED message ===
V2VNativeBridge4: Received message from 3 with length 779
[V2V Layer 4] Received message from replica 3 via JNI
19:21:14.728 [Server Comm. System] INFO bftsmart.communication.ServerCommunicationSystem -     Message type: ConsensusMessage
19:21:14.728 [Server Comm. System] INFO bftsmart.communication.ServerCommunicationSystem -     From: 3
19:21:14.728 [Server Comm. System] INFO bftsmart.communication.ServerCommunicationSystem -     Message count: 10
19:21:14.728 [Server Comm. System] DEBUG bftsmart.communication.ServerCommunicationSystem - <-- receiving, msg:type=ACCEPT, number=0, epoch=0, from=3
19:21:14.728 [Server Comm. System] DEBUG bftsmart.tom.core.ExecutionManager - Received message  type=ACCEPT, number=0, epoch=0, from=3
19:21:14.728 [Server Comm. System] DEBUG bftsmart.tom.core.ExecutionManager - I'm at consensus 0 and my last consensus is -1
    [Reliability 4] handleIncomingMessage() called
        Type: DATA
        From: 3
        SeqNum: 1
        Expected seq: 1
        -> IN ORDER, delivering immediately
    [Reliability 4] deliverMessage() - deserializing payload
        Deserialized: ConsensusMessage
        DEBUG: envelope.fromReplicaId=3, message.getSender()=3
=== [V2V Layer 4] DELIVER to BFT-SMaRt ===
    Message type: ConsensusMessage
    From replica: 3
    InQueue size before: 0
19:21:14.729 [Server Comm. System] DEBUG bftsmart.tom.core.ExecutionManager - Message for consensus 0 can be processed
19:21:14.729 [Server Comm. System] DEBUG bftsmart.consensus.roles.Acceptor - Processing paxos msg with id 0
19:21:14.729 [Server Comm. System] DEBUG bftsmart.consensus.roles.Acceptor - ACCEPT from 3 for consensus 0
19:21:14.729 [Server Comm. System] DEBUG bftsmart.consensus.roles.Acceptor - I have 4 ACCEPTs for cId:0, Timestamp:0 
    InQueue size after: 1
19:21:14.729 [Server Comm. System] INFO bftsmart.communication.ServerCommunicationSystem - === Message processed ===
=== [V2V Layer 4] DELIVER successful ===
19:21:14.729 [Server Comm. System] INFO bftsmart.communication.ServerCommunicationSystem - === ServerCommunicationSystem RECEIVED message ===
19:21:14.729 [Server Comm. System] INFO bftsmart.communication.ServerCommunicationSystem -     Message type: ConsensusMessage
19:21:14.729 [Server Comm. System] INFO bftsmart.communication.ServerCommunicationSystem -     From: 3
19:21:14.729 [Server Comm. System] INFO bftsmart.communication.ServerCommunicationSystem -     Message count: 11
19:21:14.729 [Server Comm. System] DEBUG bftsmart.communication.ServerCommunicationSystem - <-- receiving, msg:type=ACCEPT, number=0, epoch=0, from=3
[V2VProxy 2] *** RECEIVED V2V message #20 from=3 to=-1 (broadcast=YES) at t=3.434002026279
19:21:14.729 [Server Comm. System] DEBUG bftsmart.tom.core.ExecutionManager - Received message  type=ACCEPT, number=0, epoch=0, from=3
V2VNativeBridge2: Received message from 3 with length 779
[V2V Layer 2] Received message from replica 3 via JNI
19:21:14.729 [Server Comm. System] DEBUG bftsmart.tom.core.ExecutionManager - I'm at consensus 0 and my last consensus is -1
19:21:14.729 [Server Comm. System] DEBUG bftsmart.tom.core.ExecutionManager - Message for consensus 0 can be processed
19:21:14.729 [Server Comm. System] DEBUG bftsmart.consensus.roles.Acceptor - Processing paxos msg with id 0
19:21:14.729 [Server Comm. System] DEBUG bftsmart.consensus.roles.Acceptor - ACCEPT from 3 for consensus 0
19:21:14.729 [Server Comm. System] DEBUG bftsmart.consensus.roles.Acceptor - I have 5 ACCEPTs for cId:0, Timestamp:0 
19:21:14.729 [Server Comm. System] INFO bftsmart.communication.ServerCommunicationSystem - === Message processed ===
    [Reliability 2] handleIncomingMessage() called
        Type: DATA
        From: 3
        SeqNum: 1
        Expected seq: 1
        -> IN ORDER, delivering immediately
    [Reliability 2] deliverMessage() - deserializing payload
        Deserialized: ConsensusMessage
        DEBUG: envelope.fromReplicaId=3, message.getSender()=3
=== [V2V Layer 2] DELIVER to BFT-SMaRt ===
    Message type: ConsensusMessage
    From replica: 3
    InQueue size before: 0
    InQueue size after: 1
=== [V2V Layer 2] DELIVER successful ===
19:21:14.729 [Server Comm. System] INFO bftsmart.communication.ServerCommunicationSystem - === ServerCommunicationSystem RECEIVED message ===
[V2VProxy 5] *** RECEIVED V2V message #20 from=3 to=-1 (broadcast=YES) at t=3.434002043502
V2VNativeBridge5: Received message from 3 with length 779
[V2V Layer 5] Received message from replica 3 via JNI
19:21:14.729 [Server Comm. System] INFO bftsmart.communication.ServerCommunicationSystem -     Message type: ConsensusMessage
19:21:14.729 [Server Comm. System] INFO bftsmart.communication.ServerCommunicationSystem -     From: 3
19:21:14.729 [Server Comm. System] INFO bftsmart.communication.ServerCommunicationSystem -     Message count: 10
19:21:14.729 [Server Comm. System] DEBUG bftsmart.communication.ServerCommunicationSystem - <-- receiving, msg:type=ACCEPT, number=0, epoch=0, from=3
19:21:14.729 [Server Comm. System] DEBUG bftsmart.tom.core.ExecutionManager - Received message  type=ACCEPT, number=0, epoch=0, from=3
19:21:14.729 [Server Comm. System] DEBUG bftsmart.tom.core.ExecutionManager - I'm at consensus 0 and my last consensus is -1
    [Reliability 5] handleIncomingMessage() called
        Type: DATA
        From: 3
        SeqNum: 1
19:21:14.729 [Server Comm. System] DEBUG bftsmart.tom.core.ExecutionManager - Message for consensus 0 can be processed
        Expected seq: 1
19:21:14.729 [Server Comm. System] DEBUG bftsmart.consensus.roles.Acceptor - Processing paxos msg with id 0
        -> IN ORDER, delivering immediately
    [Reliability 5] deliverMessage() - deserializing payload
19:21:14.729 [Server Comm. System] DEBUG bftsmart.consensus.roles.Acceptor - ACCEPT from 3 for consensus 0
        Deserialized: ConsensusMessage
        DEBUG: envelope.fromReplicaId=3, message.getSender()=3
19:21:14.729 [Server Comm. System] DEBUG bftsmart.consensus.roles.Acceptor - I have 4 ACCEPTs for cId:0, Timestamp:0 
=== [V2V Layer 5] DELIVER to BFT-SMaRt ===
    Message type: ConsensusMessage
19:21:14.729 [Server Comm. System] INFO bftsmart.communication.ServerCommunicationSystem - === Message processed ===
    From replica: 3
    InQueue size before: 0
    InQueue size after: 1
=== [V2V Layer 5] DELIVER successful ===
19:21:14.729 [Server Comm. System] INFO bftsmart.communication.ServerCommunicationSystem - === ServerCommunicationSystem RECEIVED message ===
19:21:14.729 [Server Comm. System] INFO bftsmart.communication.ServerCommunicationSystem -     Message type: ConsensusMessage
19:21:14.729 [Server Comm. System] INFO bftsmart.communication.ServerCommunicationSystem -     From: 3
19:21:14.729 [Server Comm. System] INFO bftsmart.communication.ServerCommunicationSystem -     Message count: 11
19:21:14.729 [Server Comm. System] DEBUG bftsmart.communication.ServerCommunicationSystem - <-- receiving, msg:type=ACCEPT, number=0, epoch=0, from=3
19:21:14.729 [Server Comm. System] DEBUG bftsmart.tom.core.ExecutionManager - Received message  type=ACCEPT, number=0, epoch=0, from=3
19:21:14.729 [Server Comm. System] DEBUG bftsmart.tom.core.ExecutionManager - I'm at consensus 0 and my last consensus is -1
[V2VProxy 1] *** RECEIVED V2V message #19 from=3 to=-1 (broadcast=YES) at t=3.434002056831
19:21:14.729 [Server Comm. System] DEBUG bftsmart.tom.core.ExecutionManager - Message for consensus 0 can be processed
19:21:14.729 [Server Comm. System] DEBUG bftsmart.consensus.roles.Acceptor - Processing paxos msg with id 0
V2VNativeBridge1: Received message from 3 with length 779
[V2V Layer 1] Received message from replica 3 via JNI
19:21:14.729 [Server Comm. System] DEBUG bftsmart.consensus.roles.Acceptor - ACCEPT from 3 for consensus 0
19:21:14.729 [Server Comm. System] DEBUG bftsmart.consensus.roles.Acceptor - I have 4 ACCEPTs for cId:0, Timestamp:0 
19:21:14.729 [Server Comm. System] INFO bftsmart.communication.ServerCommunicationSystem - === Message processed ===
    [Reliability 1] handleIncomingMessage() called
        Type: DATA
        From: 3
        SeqNum: 1
        Expected seq: 1
        -> IN ORDER, delivering immediately
    [Reliability 1] deliverMessage() - deserializing payload
        Deserialized: ConsensusMessage
        DEBUG: envelope.fromReplicaId=3, message.getSender()=3
=== [V2V Layer 1] DELIVER to BFT-SMaRt ===
    Message type: ConsensusMessage
    From replica: 3
    InQueue size before: 0
    InQueue size after: 1
=== [V2V Layer 1] DELIVER successful ===
19:21:14.729 [Server Comm. System] INFO bftsmart.communication.ServerCommunicationSystem - === ServerCommunicationSystem RECEIVED message ===
19:21:14.729 [Server Comm. System] INFO bftsmart.communication.ServerCommunicationSystem -     Message type: ConsensusMessage
19:21:14.729 [Server Comm. System] INFO bftsmart.communication.ServerCommunicationSystem -     From: 3
19:21:14.729 [Server Comm. System] INFO bftsmart.communication.ServerCommunicationSystem -     Message count: 10
19:21:14.729 [Server Comm. System] DEBUG bftsmart.communication.ServerCommunicationSystem - <-- receiving, msg:type=ACCEPT, number=0, epoch=0, from=3
19:21:14.729 [Server Comm. System] DEBUG bftsmart.tom.core.ExecutionManager - Received message  type=ACCEPT, number=0, epoch=0, from=3
19:21:14.729 [Server Comm. System] DEBUG bftsmart.tom.core.ExecutionManager - I'm at consensus 0 and my last consensus is -1
19:21:14.729 [Server Comm. System] DEBUG bftsmart.tom.core.ExecutionManager - Message for consensus 0 can be processed
19:21:14.729 [Server Comm. System] DEBUG bftsmart.consensus.roles.Acceptor - Processing paxos msg with id 0
[V2VProxy 7] *** RECEIVED V2V message #17 from=3 to=-1 (broadcast=YES) at t=3.434002065605
19:21:14.729 [Server Comm. System] DEBUG bftsmart.consensus.roles.Acceptor - ACCEPT from 3 for consensus 0
V2VNativeBridge7: Received message from 3 with length 779
[V2V Layer 7] Received message from replica 3 via JNI
19:21:14.730 [Server Comm. System] DEBUG bftsmart.consensus.roles.Acceptor - I have 4 ACCEPTs for cId:0, Timestamp:0 
19:21:14.730 [Server Comm. System] INFO bftsmart.communication.ServerCommunicationSystem - === Message processed ===
    [Reliability 7] handleIncomingMessage() called
        Type: DATA
        From: 3
        SeqNum: 1
        Expected seq: 1
        -> IN ORDER, delivering immediately
    [Reliability 7] deliverMessage() - deserializing payload
        Deserialized: ConsensusMessage
        DEBUG: envelope.fromReplicaId=3, message.getSender()=3
=== [V2V Layer 7] DELIVER to BFT-SMaRt ===
    Message type: ConsensusMessage
    From replica: 3
    InQueue size before: 0
    InQueue size after: 1
=== [V2V Layer 7] DELIVER successful ===
19:21:14.730 [Server Comm. System] INFO bftsmart.communication.ServerCommunicationSystem - === ServerCommunicationSystem RECEIVED message ===
19:21:14.730 [Server Comm. System] INFO bftsmart.communication.ServerCommunicationSystem -     Message type: ConsensusMessage
19:21:14.730 [Server Comm. System] INFO bftsmart.communication.ServerCommunicationSystem -     From: 3
19:21:14.730 [Server Comm. System] INFO bftsmart.communication.ServerCommunicationSystem -     Message count: 9
19:21:14.730 [Server Comm. System] DEBUG bftsmart.communication.ServerCommunicationSystem - <-- receiving, msg:type=ACCEPT, number=0, epoch=0, from=3
19:21:14.730 [Server Comm. System] DEBUG bftsmart.tom.core.ExecutionManager - Received message  type=ACCEPT, number=0, epoch=0, from=3
19:21:14.730 [Server Comm. System] DEBUG bftsmart.tom.core.ExecutionManager - I'm at consensus 0 and my last consensus is -1
19:21:14.730 [Server Comm. System] DEBUG bftsmart.tom.core.ExecutionManager - Message for consensus 0 can be processed
19:21:14.730 [Server Comm. System] DEBUG bftsmart.consensus.roles.Acceptor - Processing paxos msg with id 0
19:21:14.730 [Server Comm. System] DEBUG bftsmart.consensus.roles.Acceptor - ACCEPT from 3 for consensus 0
19:21:14.730 [Server Comm. System] DEBUG bftsmart.consensus.roles.Acceptor - I have 3 ACCEPTs for cId:0, Timestamp:0 
19:21:14.730 [Server Comm. System] INFO bftsmart.communication.ServerCommunicationSystem - === Message processed ===
[Reliability] Resending seq=0 because 1550ms (sim time) passed.
[Reliability] Resending seq=0 because 1550ms (sim time) passed.
[Reliability] Resending seq=0 because 1550ms (sim time) passed.
[Reliability] Resending seq=0 because 1550ms (sim time) passed.
[Reliability] Resending seq=0 because 1550ms (sim time) passed.
[Reliability] Resending seq=0 because 1550ms (sim time) passed.
[Reliability] Resending seq=1 because 1550ms (sim time) passed.
[Reliability] Resending seq=0 because 1550ms (sim time) passed.
[Reliability 2] Retransmitting seq=0 to replica 0 (attempt 1/20 with jitter=77ms)
[Reliability 6] Retransmitting seq=0 to replica 0 (attempt 1/20 with jitter=230ms)
[Reliability 1] Retransmitting seq=0 to replica 0 (attempt 1/20 with jitter=80ms)
[Reliability 3] Retransmitting seq=0 to replica 0 (attempt 1/20 with jitter=96ms)
[Reliability 5] Retransmitting seq=0 to replica 0 (attempt 1/20 with jitter=168ms)
[Reliability 7] Retransmitting seq=0 to replica 0 (attempt 1/20 with jitter=121ms)
[Reliability 0] Retransmitting seq=1 to replica 1 (attempt 1/20 with jitter=122ms)
[Reliability 4] Retransmitting seq=0 to replica 0 (attempt 1/20 with jitter=63ms)
V2VNativeBridge7: Sending message to -1 with length 763
[JNI] nativeSendMessage: 7 -> -1
[JNI] Sending 763 bytes (7->-1)
V2VNativeBridge0: Sending message to -1 with length 685
[DEBUG V2VProxy 7] Queue has space - adding message
[JNI] Message queued successfully
[JNI] nativeSendMessage: 0 -> -1
[Reliability] Resending seq=1 because 1471ms (sim time) passed.
[JNI] Sending 685 bytes (0->-1)
[DEBUG V2VProxy 0] Queue has space - adding message
[JNI] Message queued successfully
V2VNativeBridge1: Sending message to -1 with length 763
[Reliability] Resending seq=2 because 1469ms (sim time) passed.
[Reliability 0] Retransmitting seq=2 to replica 1 (attempt 1/20 with jitter=137ms)
[JNI] nativeSendMessage: 1 -> -1
[JNI] Sending 763 bytes (1->-1)
[DEBUG V2VProxy 1] Queue has space - adding message
[JNI] Message queued successfully
V2VNativeBridge3: Sending message to -1 with length 763
[JNI] nativeSendMessage: 3 -> -1
[JNI] Sending 763 bytes (3->-1)
[DEBUG V2VProxy 3] Queue has space - adding message
[JNI] Message queued successfully
[Reliability] Resending seq=1 because 1469ms (sim time) passed.
[Reliability 3] Retransmitting seq=1 to replica 0 (attempt 1/20 with jitter=220ms)
V2VNativeBridge5: Sending message to -1 with length 763
[JNI] nativeSendMessage: 5 -> -1
V2VNativeBridge3: Sending message to -1 with length 871
[JNI] Sending 763 bytes (5->-1)
[JNI] nativeSendMessage: [DEBUG V2VProxy 35 -> -1] Queue has space - adding message

[JNI] Message queued successfully
[JNI] Sending 871 bytes (3->-1)
[DEBUG V2VProxy 3] Queue has space - adding message
V2VNativeBridge6: Sending message to -1 with length 763[JNI] Message queued successfully

[Reliability] Resending seq=1 because 1471ms (sim time) passed.
[Reliability] Resending seq=1 because 1469ms (sim time) passed.
[Reliability 5] Retransmitting seq=1 to replica 0 (attempt 1/20 with jitter=148ms)
[Reliability 3] Retransmitting seq=1 to replica 1 (attempt 1/20 with jitter=37ms)
[JNI] nativeSendMessage: 6 -> -1
[JNI] Sending 763 bytes (6->-1)
[DEBUG V2VProxy 6] Queue has space - adding message
[JNI] Message queued successfully
V2VNativeBridge2: Sending message to -1 with length 763
V2VNativeBridge5: Sending message to -1 with length 870[JNI] nativeSendMessage: 2 -> -1

[JNI] Sending 763 bytes (2->-1)
[DEBUG V2VProxy 2] Queue has space - adding message
[JNI] Message queued successfully
[JNI] nativeSendMessage: 5 -> -1
[Reliability] Resending seq=1 because 1469ms (sim time) passed.
[JNI] Sending 870 bytes (5->-1)
[DEBUG V2VProxy 5] Queue has space - adding message
[JNI] Message queued successfully
[Reliability 2] Retransmitting seq=1 to replica 0 (attempt 1/20 with jitter=251ms)
[Reliability] Resending seq=1 because 1471ms (sim time) passed.
[Reliability] Resending seq=1 because 1471ms (sim time) passed.
[Reliability 6] Retransmitting seq=1 to replica 0 (attempt 1/20 with jitter=27ms)
V2VNativeBridge2: Sending message to -1 with length 870
[JNI] nativeSendMessage: 2 -> -1
[JNI] Sending 870 bytes (2->-1)
[DEBUG V2VProxy 2] Queue has space - adding message
[JNI] Message queued successfully
[Reliability] Resending seq=1 because 1469ms (sim time) passed.
[Reliability 5] Retransmitting seq=1 to replica 1 (attempt 1/20 with jitter=23ms)
V2VNativeBridge6: Sending message to -1 with length 872
[JNI] nativeSendMessage: 6 -> -1
[JNI] Sending 872 bytes (6->-1)
[DEBUG V2VProxy 6] Queue has space - adding message
[JNI] Message queued successfully
[Reliability] Resending seq=1 because 1469ms (sim time) passed.
[Reliability] Resending seq=1 because 1471ms (sim time) passed.
[Reliability 6] Retransmitting seq=1 to replica 1 (attempt 1/20 with jitter=45ms)
[Reliability 1] Retransmitting seq=1 to replica 0 (attempt 1/20 with jitter=49ms)
V2VNativeBridge0: Sending message to -1 with length 858
V2VNativeBridge5: Sending message to -1 with length 856[JNI] nativeSendMessage: 0 -> -1

V2VNativeBridge1: Sending message to -1 with length 871[JNI] nativeSendMessage: [JNI] Sending 858 bytes (0->5-1 -> )-1


[JNI] nativeSendMessage: 1 -> -1
[Reliability 7] Retransmitting seq=1 to replica 0 (attempt 1/20 with jitter=111ms)[JNI] Sending 856 bytes (5->-1)
[DEBUG V2VProxy 5] Queue has space - adding message

[JNI] Message queued successfully
V2VNativeBridge6: Sending message to -1 with length 858
[Reliability] Resending seq=0 because 1550ms (sim time) passed.[JNI] nativeSendMessage: 6 -> -1

[Reliability 5] Retransmitting seq=0 to replica 2 (attempt 1/20 with jitter=80ms)
[DEBUG V2VProxy 0] Queue has space - adding message
[JNI] Message queued successfully
[JNI] Sending 858 bytes (6->-1)
[Reliability] Resending seq=0 because 1550ms (sim time) passed.[DEBUG V2VProxy 6] Queue has space - adding message

[JNI] Message queued successfully
[JNI] Sending 871 bytes (1->-1)
[DEBUG V2VProxy 1] Queue has space - adding message
[JNI] Message queued successfully
V2VNativeBridge7: Sending message to -1 with length 872
[JNI] nativeSendMessage: 7 -> -1
[Reliability] Resending seq=0 because 1550ms (sim time) passed.
[JNI] Sending 872 bytes (7->-1)
[DEBUG V2VProxy 7] Queue has space - adding message
[JNI] Message queued successfully
[Reliability] Resending seq=1 because 1469ms (sim time) passed.
[Reliability 6] Retransmitting seq=0 to replica 2 (attempt 1/20 with jitter=268ms)
[Reliability 1] Retransmitting seq=1 to replica 2 (attempt 1/20 with jitter=168ms)
V2VNativeBridge4: Sending message to -1 with length 763
[Reliability 0] Retransmitting seq=0 to replica 2 (attempt 1/20 with jitter=58ms)
[JNI] nativeSendMessage: 4 -> -1
V2VNativeBridge5: Sending message to -1 with length 685
[JNI] Sending 763 bytes (4->-1)
[DEBUG V2VProxy 4] Queue has space - adding message
[JNI] Message queued successfully
[Reliability] Resending seq=1 because 1469ms (sim time) passed.[JNI] nativeSendMessage: 5 -> -1

[JNI] Sending 685 bytes (5->-1)
[DEBUG V2VProxy 5] Queue has space - adding message
[Reliability 4] Retransmitting seq=1 to replica 0 (attempt 1/20 with jitter=170ms)
[JNI] Message queued successfully
[Reliability 2] Retransmitting seq=1 to replica 1 (attempt 1/20 with jitter=114ms)
V2VNativeBridge4: Sending message to -1 with length 870
[JNI] nativeSendMessage: 4 -> -1
[JNI] Sending 870 bytes (4->-1)
[DEBUG V2VProxy 4] Queue has space - adding message
[JNI] Message queued successfully
[Reliability] Resending seq=1 because 1469ms (sim time) passed.
[Reliability 4] Retransmitting seq=1 to replica 1 (attempt 1/20 with jitter=272ms)
V2VNativeBridge3: Sending message to -1 with length 857
V2VNativeBridge2: Sending message to -1 with length 856
[JNI] nativeSendMessage: 2 -> -1
[JNI] nativeSendMessage: 3 -> -1
[JNI] Sending 857 bytes (3->-1)
[JNI] Sending 856 bytes ([DEBUG V2VProxy 23->] Queue has space - adding message
[Reliability] Resending seq=1 because 1471ms (sim time) passed.
[JNI] Message queued successfully
-1)
[DEBUG V2VProxy 2] Queue has space - adding message
[JNI] Message queued successfully
[Reliability] Resending seq=0 because 1550ms (sim time) passed.
[Reliability 5] Retransmitting seq=1 to replica 2 (attempt 1/20 with jitter=171ms)
V2VNativeBridge0: Sending message to -1 with length 1028
V2VNativeBridge5: Sending message to -1 with length 856
[JNI] nativeSendMessage: 0 -> -1
[JNI] nativeSendMessage: 5 -> -1
[JNI] Sending [JNI] Sending 1028 bytes (8560-> bytes (-1)5
V2VNativeBridge1: Sending message to -1 with length 857[DEBUG V2VProxy 0] Queue has space - adding message

[JNI] Message queued successfully
->-1)
[DEBUG V2VProxy 5] Queue has space - adding message
[JNI] Message queued successfully
[Reliability] Resending seq=1 because 1550ms (sim time) passed.
[Reliability] Resending seq=0 because 1550ms (sim time) passed.
[Reliability 0] Retransmitting seq=1 to replica 2 (attempt 1/20 with jitter=111ms)[JNI] nativeSendMessage: 1 -> -1

[Reliability 5] Retransmitting seq=0 to replica 3 (attempt 1/20 with jitter=233ms)[JNI] Sending 857 bytes (1->-1)

[DEBUG V2VProxy 1] Queue has space - adding message
[JNI] Message queued successfully
V2VNativeBridge6: Sending message to -1 with length 685
V2VNativeBridge0: Sending message to -1 with length 685
[JNI] nativeSendMessage: 0 -> -1
[JNI] Sending 685 bytes (0->-1)
[DEBUG V2VProxy 0] Queue has space - adding message
[JNI] Message queued successfully
[Reliability] Resending seq=2 because 1469ms (sim time) passed.
[Reliability 0] Retransmitting seq=2 to replica 2 (attempt 1/20 with jitter=250ms)
[JNI] nativeSendMessage: 6 -> -1
[JNI] Sending 685 bytes (6->-1)
[DEBUG V2VProxy 6] Queue has space - adding message
[JNI] Message queued successfully
[Reliability] Resending seq=1 because 1471ms (sim time) passed.
V2VNativeBridge0: Sending message to -1 with length 858
[JNI] nativeSendMessage: 0 -> -1
[Reliability 7] Retransmitting seq=1 to replica 1 (attempt 1/20 with jitter=4ms)[JNI] Sending 858 bytes (0->-1)
[DEBUG V2VProxy 0] Queue has space - adding message

[JNI] Message queued successfully
[Reliability] Resending seq=0 because 1550ms (sim time) passed.
[Reliability] Resending seq=1 because 1471ms (sim time) passed.
V2VNativeBridge7: Sending message to -1 with length 858
[JNI] nativeSendMessage: 7 -> -1
[JNI] Sending 858 bytes (7->-1)
[DEBUG V2VProxy 7] Queue has space - adding message
[JNI] Message queued successfully
[Reliability] Resending seq=0 because 1550ms (sim time) passed.
[Reliability 7] Retransmitting seq=0 to replica 2 (attempt 1/20 with jitter=278ms)
V2VNativeBridge5: Sending message to -1 with length 685
V2VNativeBridge7: Sending message to -1 with length 685
[JNI] nativeSendMessage: [JNI] nativeSendMessage: 7 -> -15 -> 
-1
[JNI] Sending 685 bytes (7->-1)
[DEBUG V2VProxy 7] Queue has space - adding message
[JNI] Sending 685 bytes (5->-1)
[DEBUG V2VProxy 5] Queue has space - adding message
[JNI] Message queued successfully
[JNI] Message queued successfully
[Reliability] Resending seq=0 because 1550ms (sim time) passed.
[Reliability] Resending seq=1 because 1471ms (sim time) passed.
[Reliability] Resending seq=1 because 1471ms (sim time) passed.
[Reliability 5] Retransmitting seq=1 to replica 3 (attempt 1/20 with jitter=73ms)
[Reliability 1] Retransmitting seq=0 to replica 3 (attempt 1/20 with jitter=232ms)
[Reliability] Resending seq=0 because 1550ms (sim time) passed.
[Reliability 7] Retransmitting seq=1 to replica 2 (attempt 1/20 with jitter=108ms)
V2VNativeBridge5: Sending message to -1 with length 856
[JNI] nativeSendMessage: 5 -> -1
[JNI] Sending 856 bytes (5->-1)
[DEBUG V2VProxy 5] Queue has space - adding message
[JNI] Message queued successfully
V2VNativeBridge1: Sending message to -1 with length 685
[JNI] nativeSendMessage: 1 -> -1
[Reliability 2] Retransmitting seq=0 to replica 3 (attempt 1/20 with jitter=102ms)[JNI] Sending 685 bytes (1->-1)

[DEBUG V2VProxy 1] Queue has space - adding message
[JNI] Message queued successfully
[Reliability] Resending seq=1 because 1471ms (sim time) passed.
V2VNativeBridge7: Sending message to -1 with length 858
[Reliability 5] Retransmitting seq=1 to replica 4 (attempt 1/20 with jitter=291ms)
V2VNativeBridge2: Sending message to -1 with length 685
[JNI] nativeSendMessage: 2 -> -1
[JNI] Sending 685 bytes (2->-1)
[DEBUG V2VProxy 2] Queue has space - adding message
[JNI] Message queued successfully
[JNI] nativeSendMessage: 7 -> -1
[Reliability] Resending seq=1 because 1469ms (sim time) passed.
[JNI] Sending 858 bytes (7->-1)
[DEBUG V2VProxy 7] Queue has space - adding message
[JNI] Message queued successfully
[Reliability 2] Retransmitting seq=1 to replica 3 (attempt 1/20 with jitter=154ms)
[Reliability 3] Retransmitting seq=0 to replica 2 (attempt 1/20 with jitter=117ms)
V2VNativeBridge5: Sending message to -1 with length 856
V2VNativeBridge2: Sending message to -1 with length 856
[JNI] nativeSendMessage: 2 -> -1
[JNI] Sending 856 bytes (2->-1)
[DEBUG V2VProxy 2] Queue has space - adding message
[JNI] Message queued successfully
[Reliability] Resending seq=1 because 1469ms (sim time) passed.
V2VNativeBridge3: Sending message to -1 with length 685[JNI] nativeSendMessage: 5 -> -1

[JNI] Sending 856 bytes (5->-1)
[JNI] nativeSendMessage: [DEBUG V2VProxy 5] Queue has space - adding message
3[JNI] Message queued successfully
 -> -1
[JNI] Sending 685 bytes (3->-1)
V2VNativeBridge4: Sending message to -1 with length 856[DEBUG V2VProxy 3] Queue has space - adding message

[JNI] Message queued successfully
[Reliability] Resending seq=0 because 1550ms (sim time) passed.
[Reliability] Resending seq=1 because 1469ms (sim time) passed.
[Reliability 5] Retransmitting seq=0 to replica 6 (attempt 1/20 with jitter=288ms)
[JNI] nativeSendMessage: 4 -> -1
[JNI] Sending 856 bytes (4->-1)
[DEBUG V2VProxy 4] Queue has space - adding message
[JNI] Message queued successfully
[Reliability 2] Retransmitting seq=1 to replica 4 (attempt 1/20 with jitter=0ms)
[Reliability] Resending seq=0 because 1550ms (sim time) passed.
[Reliability 4] Retransmitting seq=0 to replica 3 (attempt 1/20 with jitter=127ms)
[Reliability] Resending seq=0 because 1550ms (sim time) passed.
V2VNativeBridge4: Sending message to -1 with length 685
[JNI] nativeSendMessage: 4 -> -1
[JNI] Sending 685 bytes (4->-1)
[DEBUG V2VProxy 4] Queue has space - adding message
[JNI] Message queued successfully
[Reliability] Resending seq=1 because 1469ms (sim time) passed.
V2VNativeBridge2: Sending message to -1 with length 856
[JNI] nativeSendMessage: 2 -> -1
[JNI] Sending 856 bytes (2->-1)
[DEBUG V2VProxy 2] Queue has space - adding message
[JNI] Message queued successfully
[Reliability 7] Retransmitting seq=0 to replica 3 (attempt 1/20 with jitter=170ms)
[Reliability] Resending seq=1 because 1469ms (sim time) passed.
V2VNativeBridge7: Sending message to -1 with length 685
[JNI] nativeSendMessage: 7 -> -1
[JNI] Sending 685 bytes (7->-1)
[DEBUG V2VProxy 7] Queue has space - adding message
[JNI] Message queued successfully
[Reliability] Resending seq=1 because 1471ms (sim time) passed.
[Reliability 1] Retransmitting seq=1 to replica 3 (attempt 1/20 with jitter=18ms)
[Reliability 7] Retransmitting seq=1 to replica 3 (attempt 1/20 with jitter=235ms)
[Reliability 6] Retransmitting seq=1 to replica 2 (attempt 1/20 with jitter=262ms)
V2VNativeBridge7: Sending message to -1 with length 858
[JNI] nativeSendMessage: 7 -> -1
[JNI] Sending 858 bytes (7->-1)
[DEBUG V2VProxy 7] Queue has space - adding message
[JNI] Message queued successfully
V2VNativeBridge1: Sending message to -1 with length 857
[JNI] nativeSendMessage: 1 -> -1
[Reliability] Resending seq=1 because 1471ms (sim time) passed.
[JNI] Sending 857 bytes (1->-1)
[DEBUG V2VProxy 1] Queue has space - adding message
[JNI] Message queued successfully
[Reliability 0] Retransmitting seq=0 to replica 3 (attempt 1/20 with jitter=92ms)
[Reliability] Resending seq=1 because 1469ms (sim time) passed.
[Reliability 1] Retransmitting seq=1 to replica 4 (attempt 1/20 with jitter=101ms)
V2VNativeBridge1: Sending message to -1 with length 857
[JNI] nativeSendMessage: 1 -> -1
[JNI] Sending 857 bytes (1->-1)
[DEBUG V2VProxy 1] Queue has space - adding message
[JNI] Message queued successfully
[Reliability 7] Retransmitting seq=1 to replica 4 (attempt 1/20 with jitter=245ms)
[Reliability] Resending seq=0 because 1550ms (sim time) passed.
[Reliability 1] Retransmitting seq=0 to replica 5 (attempt 1/20 with jitter=195ms)
V2VNativeBridge1: Sending message to -1 with length 685
[JNI] nativeSendMessage: 1 -> -1
[JNI] Sending 685 bytes (1->-1)
[DEBUG V2VProxy 1] Queue has space - adding message
[JNI] Message queued successfully
[Reliability] Resending seq=1 because 1469ms (sim time) passed.
[Reliability] Resending seq=0 because 1550ms (sim time) passed.
V2VNativeBridge7: Sending message to -1 with length 858
[JNI] nativeSendMessage: 7 -> -1
[JNI] Sending 858 bytes (7->-1)
[DEBUG V2VProxy 7] Queue has space - adding message
[JNI] Message queued successfully
[Reliability] Resending seq=0 because 1550ms (sim time) passed.
[Reliability 7] Retransmitting seq=0 to replica 5 (attempt 1/20 with jitter=200ms)
[Reliability 2] Retransmitting seq=0 to replica 5 (attempt 1/20 with jitter=225ms)
[Reliability 4] Retransmitting seq=1 to replica 3 (attempt 1/20 with jitter=218ms)
V2VNativeBridge2: Sending message to -1 with length 685
[JNI] nativeSendMessage: 2 -> -1
[JNI] Sending 685 bytes (2->-1)
[DEBUG V2VProxy 2] Queue has space - adding message
[JNI] Message queued successfully
[Reliability] Resending seq=1 because 1469ms (sim time) passed.
[Reliability 2] Retransmitting seq=1 to replica 5 (attempt 1/20 with jitter=4ms)
V2VNativeBridge5: Sending message to -1 with length 685
V2VNativeBridge4: Sending message to -1 with length 856
[JNI] nativeSendMessage: 5 -> -1
[JNI] Sending 685 bytes (5->-1)
[DEBUG V2VProxy 5] Queue has space - adding message
[JNI] Message queued successfully
[JNI] nativeSendMessage: 4 -> -1
[JNI] Sending 856 bytes (4->-1)
[DEBUG V2VProxy 4] Queue has space - adding message
[Reliability 3] Retransmitting seq=1 to replica 2 (attempt 1/20 with jitter=227ms)
[JNI] Message queued successfully
[Reliability] Resending seq=1 because 1471ms (sim time) passed.
[Reliability] Resending seq=0 because 1550ms (sim time) passed.
[Reliability 4] Retransmitting seq=0 to replica 5 (attempt 1/20 with jitter=127ms)
V2VNativeBridge3: Sending message to -1 with length 857
[JNI] nativeSendMessage: 3 -> -1
V2VNativeBridge4: Sending message to -1 with length 685[JNI] Sending 857 bytes (3->-1)

[DEBUG V2VProxy 3] Queue has space - adding message
[JNI] nativeSendMessage: 4 -> -1
[JNI] Message queued successfully
[JNI] Sending 685 bytes (4->-1)
[DEBUG V2VProxy 4] Queue has space - adding message
[JNI] Message queued successfully
V2VNativeBridge2: Sending message to -1 with length 778
[Reliability] Resending seq=1 because 1469ms (sim time) passed.
[Reliability 4] Retransmitting seq=1 to replica 5 (attempt 1/20 with jitter=118ms)
V2VNativeBridge4: Sending message to -1 with length 778[JNI] nativeSendMessage: 2 -> -1

[JNI] nativeSendMessage: 4 -> -1
[JNI] Sending 778[JNI] Sending  bytes (2->778-1 bytes ()
[DEBUG V2VProxy 2] Queue has space - adding message
[JNI] Message queued successfully
4->-1)
[DEBUG V2VProxy 4] Queue has space - adding message
[JNI] Message queued successfully
V2VNativeBridge7: Sending message to -1 with length 685
[Reliability] Resending seq=0 because 1550ms (sim time) passed.
[Reliability] Resending seq=0 because 1550ms (sim time) passed.
[JNI] nativeSendMessage: 7 -> -1
[Reliability 4] Retransmitting seq=0 to replica 6 (attempt 1/20 with jitter=106ms)
[JNI] Sending 685 bytes (7->-1)
[DEBUG V2VProxy 7] Queue has space - adding message
[Reliability 2] Retransmitting seq=0 to replica 6 (attempt 1/20 with jitter=30ms)
[JNI] Message queued successfully
[Reliability] Resending seq=1 because 1471ms (sim time) passed.
[Reliability 7] Retransmitting seq=1 to replica 5 (attempt 1/20 with jitter=107ms)
[Reliability 1] Retransmitting seq=1 to replica 5 (attempt 1/20 with jitter=189ms)
V2VNativeBridge2: Sending message to -1 with length 685
[JNI] nativeSendMessage: 2 -> -1
[JNI] Sending 685 bytes (2->-1)
[DEBUG V2VProxy 2] Queue has space - adding message
[JNI] Message queued successfully
V2VNativeBridge0: Sending message to -1 with length 1028
[Reliability] Resending seq=1 because 1469ms (sim time) passed.
[Reliability 2] Retransmitting seq=1 to replica 6 (attempt 1/20 with jitter=145ms)
[JNI] nativeSendMessage: 0 -> -1
V2VNativeBridge2: Sending message to -1 with length 778
[JNI] nativeSendMessage: 2 -> -1
[JNI] Sending 1028[JNI] Sending  bytes (778 bytes (02->->-1)
-1)[DEBUG V2VProxy 2] Queue has space - adding message
[JNI] Message queued successfully

[DEBUG V2VProxy 0] Queue has space - adding message
[JNI] Message queued successfully
V2VNativeBridge6: Sending message to -1 with length 858
[Reliability] Resending seq=1 because 1550ms (sim time) passed.[JNI] nativeSendMessage: 6 -> -1

[JNI] Sending 858 bytes (6->-1)
[DEBUG V2VProxy 6] Queue has space - adding message
[JNI] Message queued successfully
[Reliability] Resending seq=0 because 1550ms (sim time) passed.
[Reliability 6] Retransmitting seq=0 to replica 3 (attempt 1/20 with jitter=208ms)
[Reliability 0] Retransmitting seq=1 to replica 3 (attempt 1/20 with jitter=63ms)
[Reliability] Resending seq=1 because 1469ms (sim time) passed.
V2VNativeBridge6: Sending message to -1 with length 685
[JNI] nativeSendMessage: 6 -> -1
[JNI] Sending 685 bytes (6->-1)
[DEBUG V2VProxy 6] Queue has space - adding message
[JNI] Message queued successfully
V2VNativeBridge0: Sending message to -1 with length 685
[JNI] nativeSendMessage: 0 -> -1
[Reliability] Resending seq=1 because 1471ms (sim time) passed.[JNI] Sending 685 bytes (0->-1)

[DEBUG V2VProxy 0] Queue has space - adding message
[JNI] Message queued successfully
[Reliability 2] Retransmitting seq=1 to replica 7 (attempt 1/20 with jitter=117ms)
V2VNativeBridge1: Sending message to -1 with length 779
[JNI] nativeSendMessage: 1 -> -1
V2VNativeBridge7: Sending message to -1 with length 780
[JNI] Sending 779 bytes (1->-1)
[DEBUG V2VProxy 1] Queue has space - adding message
[JNI] Message queued successfully
[JNI] nativeSendMessage: 7 -> -1
[JNI] Sending 780 bytes (7->-1)
[DEBUG V2VProxy 7] Queue has space - adding message
[Reliability] Resending seq=0 because 1550ms (sim time) passed.[JNI] Message queued successfully

V2VNativeBridge4: Sending message to -1 with length 685
[JNI] nativeSendMessage: 4 -> -1
[JNI] Sending 685 bytes (4->-1)
[DEBUG V2VProxy 4] Queue has space - adding message
[JNI] Message queued successfully
[Reliability] Resending seq=1 because 1469ms (sim time) passed.
[Reliability] Resending seq=1 because 1469ms (sim time) passed.
[Reliability 3] Retransmitting seq=1 to replica 4 (attempt 1/20 with jitter=151ms)
[Reliability 4] Retransmitting seq=1 to replica 6 (attempt 1/20 with jitter=188ms)
V2VNativeBridge3: Sending message to -1 with length 857
[JNI] nativeSendMessage: 3 -> -1
[JNI] Sending 857 bytes (3->-1)
[DEBUG V2VProxy 3] Queue has space - adding message
[JNI] Message queued successfully
[Reliability 5] Retransmitting seq=1 to replica 6 (attempt 1/20 with jitter=103ms)
V2VNativeBridge4: Sending message to -1 with length 778
[JNI] nativeSendMessage: 4 -> -1
[JNI] Sending 778 bytes (4->-1)
[DEBUG V2VProxy 4] Queue has space - adding message
[JNI] Message queued successfully
[Reliability] Resending seq=0 because 1550ms (sim time) passed.
[Reliability] Resending seq=1 because 1469ms (sim time) passed.
[Reliability 4] Retransmitting seq=1 to replica 7 (attempt 1/20 with jitter=71ms)
[Reliability 3] Retransmitting seq=0 to replica 5 (attempt 1/20 with jitter=169ms)
V2VNativeBridge5: Sending message to -1 with length 778
V2VNativeBridge3: Sending message to -1 with length 685
[JNI] nativeSendMessage: 3 -> -1
[JNI] Sending 685 bytes (3->-1)
[DEBUG V2VProxy 3] Queue has space - adding message[JNI] nativeSendMessage: 
V2VNativeBridge4: Sending message to -1 with length 856
5 -> [JNI] Message queued successfully-1

[JNI] nativeSendMessage: 4 -> -1
[JNI] Sending 856 bytes (4->-1)
[DEBUG V2VProxy 4] Queue has space - adding message
[JNI] Message queued successfully
[Reliability 1] Retransmitting seq=0 to replica 6 (attempt 1/20 with jitter=223ms)
[JNI] Sending 778 bytes (5->-1)
[DEBUG V2VProxy 5] Queue has space - adding message
[JNI] Message queued successfully
[Reliability] Resending seq=1 because 1471ms (sim time) passed.
[Reliability 5] Retransmitting seq=1 to replica 7 (attempt 1/20 with jitter=245ms)
[Reliability] Resending seq=0 because 1550ms (sim time) passed.
V2VNativeBridge5: Sending message to -1 with length 778
[JNI] nativeSendMessage: 5 -> -1
[JNI] Sending 778 bytes (5->-1)
[DEBUG V2VProxy 5] Queue has space - adding message
[JNI] Message queued successfully
[Reliability 7] Retransmitting seq=0 to replica 6 (attempt 1/20 with jitter=238ms)
V2VNativeBridge2: Sending message to -1 with length 856
V2VNativeBridge7: Sending message to -1 with length 685
[JNI] nativeSendMessage: 2 -> -1
[JNI] Sending 856 bytes (2->-1)
[DEBUG V2VProxy 2] Queue has space - adding message
[JNI] Message queued successfully
[JNI] nativeSendMessage: 7 -> -1
[Reliability] Resending seq=2 because 1469ms (sim time) passed.[JNI] Sending 685 bytes (7->-1)

[DEBUG V2VProxy 7] Queue has space - adding message
[JNI] Message queued successfully
[Reliability] Resending seq=1 because 1471ms (sim time) passed.
[Reliability 7] Retransmitting seq=1 to replica 6 (attempt 1/20 with jitter=31ms)
[Reliability 0] Retransmitting seq=2 to replica 3 (attempt 1/20 with jitter=248ms)
[Reliability 6] Retransmitting seq=1 to replica 3 (attempt 1/20 with jitter=176ms)
V2VNativeBridge7: Sending message to -1 with length 780
[JNI] nativeSendMessage: 7 -> -1
[JNI] Sending 780 bytes (7->-1)
[DEBUG V2VProxy 7] Queue has space - adding message
V2VNativeBridge0: Sending message to -1 with length 858
[JNI] nativeSendMessage: 0 -> -1
[JNI] Sending 858 bytes (0->-1)
[DEBUG V2VProxy 0] Queue has space - adding message
[JNI] Message queued successfully
[JNI] Message queued successfully
V2VNativeBridge1: Sending message to -1 with length 685
[Reliability] Resending seq=1 because 1550ms (sim time) passed.
[Reliability 0] Retransmitting seq=1 to replica 4 (attempt 1/20 with jitter=173ms)
V2VNativeBridge6: Sending message to -1 with length 858
[JNI] nativeSendMessage: 6 -> -1
[JNI] nativeSendMessage: 1 -> -1
[JNI] Sending V2VNativeBridge0: Sending message to -1 with length 685
[JNI] Sending 685 bytes (1->-1)
[JNI] nativeSendMessage: 0 -> [DEBUG V2VProxy -11
] Queue has space - adding message[JNI] Sending 685 bytes (0->-1)
[DEBUG V2VProxy 0] Queue has space - adding message
[JNI] Message queued successfully
[Reliability] Resending seq=1 because 1469ms (sim time) passed.
[Reliability] Resending seq=2 because 1469ms (sim time) passed.
[Reliability 0] Retransmitting seq=2 to replica 4 (attempt 1/20 with jitter=110ms)
[Reliability 3] Retransmitting seq=1 to replica 5 (attempt 1/20 with jitter=178ms)

[JNI] Message queued successfully
V2VNativeBridge0: Sending message to -1 with length 858
[JNI] nativeSendMessage: 0 -> -1
[JNI] Sending 858 bytes (0->-1)
[DEBUG V2VProxy 0] Queue has space - adding message
[JNI] Message queued successfully
[Reliability] Resending seq=1 because 1469ms (sim time) passed.
858 bytes (6->-1)
V2VNativeBridge3: Sending message to -1 with length 779[DEBUG V2VProxy 6] Queue has space - adding message

[JNI] Message queued successfully
[Reliability 1] Retransmitting seq=1 to replica 6 (attempt 1/20 with jitter=219ms)[JNI] nativeSendMessage: 3 -> -1

[JNI] Sending 779 bytes (3->-1)
[DEBUG V2VProxy 3] Queue has space - adding message
[JNI] Message queued successfully
[Reliability] Resending seq=1 because 1471ms (sim time) passed.
[Reliability 6] Retransmitting seq=1 to replica 4 (attempt 1/20 with jitter=267ms)
[Reliability] Resending seq=0 because 1550ms (sim time) passed.
[Reliability] Resending seq=0 because 1550ms (sim time) passed.
V2VNativeBridge1: Sending message to -1 with length 779
[JNI] nativeSendMessage: 1 -> -1
[JNI] Sending 779 bytes (1->-1)
[DEBUG V2VProxy 1] Queue has space - adding message
[JNI] Message queued successfully
V2VNativeBridge6: Sending message to -1 with length 858
[Reliability] Resending seq=1 because 1469ms (sim time) passed.[JNI] nativeSendMessage: 6 -> -1

[JNI] Sending 858 bytes (6->-1)
[DEBUG V2VProxy 6] Queue has space - adding message
[JNI] Message queued successfully
[Reliability] Resending seq=0 because 1550ms (sim time) passed.
[Reliability 6] Retransmitting seq=0 to replica 5 (attempt 1/20 with jitter=177ms)
[Reliability 1] Retransmitting seq=1 to replica 7 (attempt 1/20 with jitter=274ms)
[Reliability 0] Retransmitting seq=0 to replica 5 (attempt 1/20 with jitter=83ms)
V2VNativeBridge6: Sending message to -1 with length 685
[JNI] nativeSendMessage: 6 -> -1
[JNI] Sending 685 bytes (6->-1)
[DEBUG V2VProxy 6] Queue has space - adding message
[JNI] Message queued successfully
V2VNativeBridge1: Sending message to -1 with length 857
[JNI] nativeSendMessage: 1 -> -1
[Reliability] Resending seq=1 because 1471ms (sim time) passed.
[JNI] Sending 857 bytes (1->-1)
[DEBUG V2VProxy 1] Queue has space - adding message
[JNI] Message queued successfully
[Reliability 6] Retransmitting seq=1 to replica 5 (attempt 1/20 with jitter=201ms)
[Reliability 3] Retransmitting seq=0 to replica 6 (attempt 1/20 with jitter=31ms)
V2VNativeBridge0: Sending message to -1 with length 1028
[JNI] nativeSendMessage: 0 -> -1
[JNI] Sending 1028 bytes (0->-1)
[DEBUG V2VProxy 0] Queue has space - adding message
[JNI] Message queued successfully
V2VNativeBridge6: Sending message to -1 with length 780
[Reliability] Resending seq=1 because 1550ms (sim time) passed.[JNI] nativeSendMessage: 6 -> -1

V2VNativeBridge3: Sending message to -1 with length 685
[JNI] Sending 780 bytes (6->-1)
[Reliability 0] Retransmitting seq=1 to replica 5 (attempt 1/20 with jitter=29ms)
[DEBUG V2VProxy 6] Queue has space - adding message
[JNI] Message queued successfully
[JNI] nativeSendMessage: 3 -> -1
[JNI] Sending 685 bytes (3->-1)
[DEBUG V2VProxy 3] Queue has space - adding message
[JNI] Message queued successfully
[Reliability] Resending seq=1 because 1471ms (sim time) passed.
[Reliability] Resending seq=1 because 1469ms (sim time) passed.
[Reliability 6] Retransmitting seq=1 to replica 7 (attempt 1/20 with jitter=217ms)
[Reliability 3] Retransmitting seq=1 to replica 6 (attempt 1/20 with jitter=55ms)
V2VNativeBridge3: Sending message to -1 with length 779
[JNI] nativeSendMessage: 3 -> -1
[JNI] Sending 779 bytes (3->-1)
[DEBUG V2VProxy 3] Queue has space - adding message
[JNI] Message queued successfully
[Reliability] Resending seq=1 because 1469ms (sim time) passed.
[Reliability 3] Retransmitting seq=1 to replica 7 (attempt 1/20 with jitter=56ms)
V2VNativeBridge0: Sending message to -1 with length 685
[JNI] nativeSendMessage: 0 -> -1
[JNI] Sending 685 bytes (0->-1)
[DEBUG V2VProxy 0] Queue has space - adding message
V2VNativeBridge6: Sending message to -1 with length 780[JNI] Message queued successfully

[JNI] nativeSendMessage: 6 -> -1
V2VNativeBridge3: Sending message to -1 with length 857[JNI] Sending 780 bytes (6->-1)
[DEBUG V2VProxy 6] Queue has space - adding message

[JNI] Message queued successfully
[JNI] nativeSendMessage: 3 -> -1
[JNI] Sending 857 bytes (3->-1)
[DEBUG V2VProxy 3] Queue has space - adding message
[Reliability] Resending seq=2 because 1469ms (sim time) passed.[JNI] Message queued successfully

[Reliability 0] Retransmitting seq=2 to replica 5 (attempt 1/20 with jitter=46ms)
V2VNativeBridge0: Sending message to -1 with length 780
[JNI] nativeSendMessage: 0 -> -1
[JNI] Sending 780 bytes (0->-1)
[DEBUG V2VProxy 0] Queue has space - adding message
[JNI] Message queued successfully
[Reliability] Resending seq=0 because 1550ms (sim time) passed.
[Reliability 0] Retransmitting seq=0 to replica 6 (attempt 1/20 with jitter=125ms)
V2VNativeBridge0: Sending message to -1 with length 1028
[JNI] nativeSendMessage: 0 -> -1
[JNI] Sending 1028 bytes (0->-1)
[DEBUG V2VProxy 0] Queue has space - adding message
[JNI] Message queued successfully
[Reliability] Resending seq=1 because 1550ms (sim time) passed.
[Reliability 0] Retransmitting seq=1 to replica 6 (attempt 1/20 with jitter=14ms)
V2VNativeBridge0: Sending message to -1 with length 685
[JNI] nativeSendMessage: 0 -> -1
[JNI] Sending 685 bytes (0->-1)
[DEBUG V2VProxy 0] Queue has space - adding message
[JNI] Message queued successfully
[Reliability] Resending seq=2 because 1469ms (sim time) passed.
[Reliability 0] Retransmitting seq=2 to replica 6 (attempt 1/20 with jitter=109ms)
V2VNativeBridge0: Sending message to -1 with length 780
[JNI] nativeSendMessage: 0 -> -1
[JNI] Sending 780 bytes (0->-1)
[DEBUG V2VProxy 0] Queue has space - adding message
[JNI] Message queued successfully
[Reliability] Resending seq=1 because 1550ms (sim time) passed.
[Reliability 0] Retransmitting seq=1 to replica 7 (attempt 1/20 with jitter=53ms)
V2VNativeBridge0: Sending message to -1 with length 685
[JNI] nativeSendMessage: 0 -> -1
[JNI] Sending 685 bytes (0->-1)
[DEBUG V2VProxy 0] Queue has space - adding message
[JNI] Message queued successfully
[Reliability] Resending seq=2 because 1469ms (sim time) passed.
[Reliability 0] Retransmitting seq=2 to replica 7 (attempt 1/20 with jitter=111ms)
V2VNativeBridge0: Sending message to -1 with length 858
[JNI] nativeSendMessage: 0 -> -1
[JNI] Sending 858 bytes (0->-1)
[DEBUG V2VProxy 0] Queue has space - adding message
[JNI] Message queued successfully
[V2VProxy 1] *** SENDING V2V message #15 from=1 to=-1 size=763 bytes at t=4.9
[V2VProxy 1] *** SENDING V2V message #16 from=1 to=-1 size=871 bytes at t=4.9
[V2VProxy 1] *** SENDING V2V message #17 from=1 to=-1 size=857 bytes at t=4.9
[V2VProxy 1] *** SENDING V2V message #18 from=1 to=-1 size=685 bytes at t=4.9
[V2VProxy 1] *** SENDING V2V message #19 from=1 to=-1 size=857 bytes at t=4.9
[V2VProxy 1] *** SENDING V2V message #20 from=1 to=-1 size=857 bytes at t=4.9
[V2VProxy 2] *** SENDING V2V message #15 from=2 to=-1 size=763 bytes at t=4.9
[V2VProxy 2] *** SENDING V2V message #16 from=2 to=-1 size=870 bytes at t=4.9
[V2VProxy 2] *** SENDING V2V message #17 from=2 to=-1 size=856 bytes at t=4.9
[V2VProxy 2] *** SENDING V2V message #18 from=2 to=-1 size=685 bytes at t=4.9
[V2VProxy 2] *** SENDING V2V message #19 from=2 to=-1 size=856 bytes at t=4.9
[V2VProxy 2] *** SENDING V2V message #20 from=2 to=-1 size=856 bytes at t=4.9
[V2VProxy 3] *** SENDING V2V message #15 from=3 to=-1 size=763 bytes at t=4.9
[V2VProxy 3] *** SENDING V2V message #16 from=3 to=-1 size=871 bytes at t=4.9
[V2VProxy 3] *** SENDING V2V message #17 from=3 to=-1 size=857 bytes at t=4.9
[V2VProxy 3] *** SENDING V2V message #18 from=3 to=-1 size=685 bytes at t=4.9
[V2VProxy 3] *** SENDING V2V message #19 from=3 to=-1 size=857 bytes at t=4.9
[V2VProxy 3] *** SENDING V2V message #20 from=3 to=-1 size=857 bytes at t=4.9
[V2VProxy 4] *** SENDING V2V message #15 from=4 to=-1 size=763 bytes at t=4.9
[V2VProxy 4] *** SENDING V2V message #16 from=4 to=-1 size=870 bytes at t=4.9
[V2VProxy 4] *** SENDING V2V message #17 from=4 to=-1 size=856 bytes at t=4.9
[V2VProxy 4] *** SENDING V2V message #18 from=4 to=-1 size=685 bytes at t=4.9
[V2VProxy 4] *** SENDING V2V message #19 from=4 to=-1 size=856 bytes at t=4.9
[V2VProxy 4] *** SENDING V2V message #20 from=4 to=-1 size=685 bytes at t=4.9
[V2VProxy 5] *** SENDING V2V message #15 from=5 to=-1 size=763 bytes at t=4.9
[V2VProxy 5] *** SENDING V2V message #16 from=5 to=-1 size=870 bytes at t=4.9
[V2VProxy 5] *** SENDING V2V message #17 from=5 to=-1 size=856 bytes at t=4.9
[V2VProxy 5] *** SENDING V2V message #18 from=5 to=-1 size=685 bytes at t=4.9
[V2VProxy 5] *** SENDING V2V message #19 from=5 to=-1 size=856 bytes at t=4.9
[V2VProxy 5] *** SENDING V2V message #20 from=5 to=-1 size=685 bytes at t=4.9
[V2VProxy 6] *** SENDING V2V message #15 from=6 to=-1 size=763 bytes at t=4.9
[V2VProxy 6] *** SENDING V2V message #16 from=6 to=-1 size=872 bytes at t=4.9
[V2VProxy 6] *** SENDING V2V message #17 from=6 to=-1 size=858 bytes at t=4.9
[V2VProxy 6] *** SENDING V2V message #18 from=6 to=-1 size=685 bytes at t=4.9
[V2VProxy 6] *** SENDING V2V message #19 from=6 to=-1 size=858 bytes at t=4.9
[V2VProxy 6] *** SENDING V2V message #20 from=6 to=-1 size=685 bytes at t=4.9
[V2VProxy 7] *** SENDING V2V message #15 from=7 to=-1 size=763 bytes at t=4.9
[V2VProxy 7] *** SENDING V2V message #16 from=7 to=-1 size=872 bytes at t=4.9
[V2VProxy 7] *** SENDING V2V message #17 from=7 to=-1 size=858 bytes at t=4.9
[V2VProxy 7] *** SENDING V2V message #18 from=7 to=-1 size=685 bytes at t=4.9
[V2VProxy 7] *** SENDING V2V message #19 from=7 to=-1 size=858 bytes at t=4.9
[V2VProxy 7] *** SENDING V2V message #20 from=7 to=-1 size=685 bytes at t=4.9
V2VNativeBridge2: Received message from 4 with length 856
[V2V Layer 2] Received message from replica 4 via JNI
    [Reliability 2] handleIncomingMessage() called
        Type: DATA
        From: 4
        SeqNum: 1
        Expected seq: 1
        -> IN ORDER, delivering immediately
    [Reliability 2] deliverMessage() - deserializing payload
        Deserialized: ConsensusMessage
        DEBUG: envelope.fromReplicaId=4, message.getSender()=4
=== [V2V Layer 2] DELIVER to BFT-SMaRt ===
    Message type: ConsensusMessage
    From replica: 4
    InQueue size before: 0
    InQueue size after: 1
=== [V2V Layer 2] DELIVER successful ===
19:21:15.142 [Server Comm. System] INFO bftsmart.communication.ServerCommunicationSystem - === ServerCommunicationSystem RECEIVED message ===
V2VNativeBridge5: Received message from 4 with length 856
[V2V Layer 5] Received message from replica 4 via JNI
19:21:15.142 [Server Comm. System] INFO bftsmart.communication.ServerCommunicationSystem -     Message type: ConsensusMessage
19:21:15.142 [Server Comm. System] INFO bftsmart.communication.ServerCommunicationSystem -     From: 4
19:21:15.142 [Server Comm. System] INFO bftsmart.communication.ServerCommunicationSystem -     Message count: 11
19:21:15.142 [Server Comm. System] DEBUG bftsmart.communication.ServerCommunicationSystem - <-- receiving, msg:type=ACCEPT, number=0, epoch=0, from=4
19:21:15.142 [Server Comm. System] DEBUG bftsmart.tom.core.ExecutionManager - Received message  type=ACCEPT, number=0, epoch=0, from=4
19:21:15.142 [Server Comm. System] DEBUG bftsmart.tom.core.ExecutionManager - I'm at consensus 0 and my last consensus is -1
    [Reliability 5] handleIncomingMessage() called
        Type: DATA
        From: 4
        SeqNum: 1
19:21:15.142 [Server Comm. System] DEBUG bftsmart.tom.core.ExecutionManager - Message for consensus 0 can be processed
19:21:15.142 [Server Comm. System] DEBUG bftsmart.consensus.roles.Acceptor - Processing paxos msg with id 0
19:21:15.142 [Server Comm. System] DEBUG bftsmart.consensus.roles.Acceptor - ACCEPT from 4 for consensus 0
        Expected seq: 1
        -> IN ORDER, delivering immediately
    [Reliability 5] deliverMessage() - deserializing payload
19:21:15.142 [Server Comm. System] DEBUG bftsmart.consensus.roles.Acceptor - I have 5 ACCEPTs for cId:0, Timestamp:0 
19:21:15.142 [Server Comm. System] INFO bftsmart.communication.ServerCommunicationSystem - === Message processed ===
        Deserialized: ConsensusMessage
        DEBUG: envelope.fromReplicaId=4, message.getSender()=4
=== [V2V Layer 5] DELIVER to BFT-SMaRt ===
    Message type: ConsensusMessage
    From replica: 4
    InQueue size before: 0
    InQueue size after: 1
=== [V2V Layer 5] DELIVER successful ===
19:21:15.142 [Server Comm. System] INFO bftsmart.communication.ServerCommunicationSystem - === ServerCommunicationSystem RECEIVED message ===
19:21:15.142 [Server Comm. System] INFO bftsmart.communication.ServerCommunicationSystem -     Message type: ConsensusMessage
19:21:15.142 [Server Comm. System] INFO bftsmart.communication.ServerCommunicationSystem -     From: 4
19:21:15.142 [Server Comm. System] INFO bftsmart.communication.ServerCommunicationSystem -     Message count: 12
19:21:15.142 [Server Comm. System] DEBUG bftsmart.communication.ServerCommunicationSystem - <-- receiving, msg:type=ACCEPT, number=0, epoch=0, from=4
19:21:15.142 [Server Comm. System] DEBUG bftsmart.tom.core.ExecutionManager - Received message  type=ACCEPT, number=0, epoch=0, from=4
19:21:15.142 [Server Comm. System] DEBUG bftsmart.tom.core.ExecutionManager - I'm at consensus 0 and my last consensus is -1
19:21:15.142 [Server Comm. System] DEBUG bftsmart.tom.core.ExecutionManager - Message for consensus 0 can be processed
19:21:15.142 [Server Comm. System] DEBUG bftsmart.consensus.roles.Acceptor - Processing paxos msg with id 0
19:21:15.142 [Server Comm. System] DEBUG bftsmart.consensus.roles.Acceptor - ACCEPT from 4 for consensus 0
[V2VProxy 3] *** RECEIVED V2V message #19 from=4 to=-1 (broadcast=YES) at t=4.902656067371
19:21:15.142 [Server Comm. System] DEBUG bftsmart.consensus.roles.Acceptor - I have 5 ACCEPTs for cId:0, Timestamp:0 
19:21:15.142 [Server Comm. System] INFO bftsmart.communication.ServerCommunicationSystem - === Message processed ===
V2VNativeBridge3: Received message from 4 with length 856
[V2V Layer 3] Received message from replica 4 via JNI
    [Reliability 3] handleIncomingMessage() called
        Type: DATA
        From: 4
        SeqNum: 1
        Expected seq: 1
        -> IN ORDER, delivering immediately
    [Reliability 3] deliverMessage() - deserializing payload
        Deserialized: ConsensusMessage
        DEBUG: envelope.fromReplicaId=4, message.getSender()=4
=== [V2V Layer 3] DELIVER to BFT-SMaRt ===
    Message type: ConsensusMessage
    From replica: 4
    InQueue size before: 0
    InQueue size after: 1
=== [V2V Layer 3] DELIVER successful ===
19:21:15.143 [Server Comm. System] INFO bftsmart.communication.ServerCommunicationSystem - === ServerCommunicationSystem RECEIVED message ===
19:21:15.143 [Server Comm. System] INFO bftsmart.communication.ServerCommunicationSystem -     Message type: ConsensusMessage
19:21:15.143 [Server Comm. System] INFO bftsmart.communication.ServerCommunicationSystem -     From: 4
19:21:15.143 [Server Comm. System] INFO bftsmart.communication.ServerCommunicationSystem -     Message count: 10
19:21:15.143 [Server Comm. System] DEBUG bftsmart.communication.ServerCommunicationSystem - <-- receiving, msg:type=ACCEPT, number=0, epoch=0, from=4
19:21:15.143 [Server Comm. System] DEBUG bftsmart.tom.core.ExecutionManager - Received message  type=ACCEPT, number=0, epoch=0, from=4
19:21:15.143 [Server Comm. System] DEBUG bftsmart.tom.core.ExecutionManager - I'm at consensus 0 and my last consensus is -1
19:21:15.143 [Server Comm. System] DEBUG bftsmart.tom.core.ExecutionManager - Message for consensus 0 can be processed
19:21:15.143 [Server Comm. System] DEBUG bftsmart.consensus.roles.Acceptor - Processing paxos msg with id 0
19:21:15.143 [Server Comm. System] DEBUG bftsmart.consensus.roles.Acceptor - ACCEPT from 4 for consensus 0
19:21:15.143 [Server Comm. System] DEBUG bftsmart.consensus.roles.Acceptor - I have 4 ACCEPTs for cId:0, Timestamp:0 
19:21:15.143 [Server Comm. System] INFO bftsmart.communication.ServerCommunicationSystem - === Message processed ===
[V2VProxy 0] *** RECEIVED V2V message #13 from=4 to=-1 (broadcast=YES) at t=4.902656073406
V2VNativeBridge0: Received message from 4 with length 856
[V2V Layer 0] Received message from replica 4 via JNI
    [Reliability 0] handleIncomingMessage() called
        Type: DATA
        From: 4
        SeqNum: 1
        Expected seq: 1
        -> IN ORDER, delivering immediately
    [Reliability 0] deliverMessage() - deserializing payload
        Deserialized: ConsensusMessage
        DEBUG: envelope.fromReplicaId=4, message.getSender()=4
=== [V2V Layer 0] DELIVER to BFT-SMaRt ===
    Message type: ConsensusMessage
    From replica: 4
    InQueue size before: 0
    InQueue size after: 1
=== [V2V Layer 0] DELIVER successful ===
19:21:15.143 [Server Comm. System] INFO bftsmart.communication.ServerCommunicationSystem - === ServerCommunicationSystem RECEIVED message ===
[V2VProxy 1] *** RECEIVED V2V message #20 from=4 to=-1 (broadcast=YES) at t=4.902656075002
19:21:15.143 [Server Comm. System] INFO bftsmart.communication.ServerCommunicationSystem -     Message type: ConsensusMessage
19:21:15.143 [Server Comm. System] INFO bftsmart.communication.ServerCommunicationSystem -     From: 4
V2VNativeBridge1: Received message from 4 with length 856
[V2V Layer 1] Received message from replica 4 via JNI
19:21:15.143 [Server Comm. System] INFO bftsmart.communication.ServerCommunicationSystem -     Message count: 11
19:21:15.143 [Server Comm. System] DEBUG bftsmart.communication.ServerCommunicationSystem - <-- receiving, msg:type=ACCEPT, number=0, epoch=0, from=4
19:21:15.143 [Server Comm. System] DEBUG bftsmart.tom.core.ExecutionManager - Received message  type=ACCEPT, number=0, epoch=0, from=4
19:21:15.143 [Server Comm. System] DEBUG bftsmart.tom.core.ExecutionManager - I'm at consensus 0 and my last consensus is -1
19:21:15.143 [Server Comm. System] DEBUG bftsmart.tom.core.ExecutionManager - Message for consensus 0 can be processed
19:21:15.143 [Server Comm. System] DEBUG bftsmart.consensus.roles.Acceptor - Processing paxos msg with id 0
    [Reliability 1] handleIncomingMessage() called
        Type: DATA
        From: 4
        SeqNum: 1
19:21:15.143 [Server Comm. System] DEBUG bftsmart.consensus.roles.Acceptor - ACCEPT from 4 for consensus 0
19:21:15.143 [Server Comm. System] DEBUG bftsmart.consensus.roles.Acceptor - I have 5 ACCEPTs for cId:0, Timestamp:0 
19:21:15.143 [Server Comm. System] INFO bftsmart.communication.ServerCommunicationSystem - === Message processed ===
        Expected seq: 1
        -> IN ORDER, delivering immediately
    [Reliability 1] deliverMessage() - deserializing payload
        Deserialized: ConsensusMessage
        DEBUG: envelope.fromReplicaId=4, message.getSender()=4
=== [V2V Layer 1] DELIVER to BFT-SMaRt ===
    Message type: ConsensusMessage
    From replica: 4
    InQueue size before: 0
    InQueue size after: 1
=== [V2V Layer 1] DELIVER successful ===
[V2VProxy 6] *** RECEIVED V2V message #20 from=4 to=-1 (broadcast=YES) at t=4.902656084008
19:21:15.144 [Server Comm. System] INFO bftsmart.communication.ServerCommunicationSystem - === ServerCommunicationSystem RECEIVED message ===
V2VNativeBridge6: Received message from 4 with length 856
[V2V Layer 6] Received message from replica 4 via JNI
19:21:15.144 [Server Comm. System] INFO bftsmart.communication.ServerCommunicationSystem -     Message type: ConsensusMessage
19:21:15.144 [Server Comm. System] INFO bftsmart.communication.ServerCommunicationSystem -     From: 4
19:21:15.144 [Server Comm. System] INFO bftsmart.communication.ServerCommunicationSystem -     Message count: 11
19:21:15.144 [Server Comm. System] DEBUG bftsmart.communication.ServerCommunicationSystem - <-- receiving, msg:type=ACCEPT, number=0, epoch=0, from=4
19:21:15.144 [Server Comm. System] DEBUG bftsmart.tom.core.ExecutionManager - Received message  type=ACCEPT, number=0, epoch=0, from=4
19:21:15.144 [Server Comm. System] DEBUG bftsmart.tom.core.ExecutionManager - I'm at consensus 0 and my last consensus is -1
19:21:15.144 [Server Comm. System] DEBUG bftsmart.tom.core.ExecutionManager - Message for consensus 0 can be processed
19:21:15.144 [Server Comm. System] DEBUG bftsmart.consensus.roles.Acceptor - Processing paxos msg with id 0
    [Reliability 6] handleIncomingMessage() called
19:21:15.144 [Server Comm. System] DEBUG bftsmart.consensus.roles.Acceptor - ACCEPT from 4 for consensus 0
        Type: DATA
        From: 4
        SeqNum: 1
19:21:15.144 [Server Comm. System] DEBUG bftsmart.consensus.roles.Acceptor - I have 5 ACCEPTs for cId:0, Timestamp:0 
19:21:15.144 [Server Comm. System] INFO bftsmart.communication.ServerCommunicationSystem - === Message processed ===
        Expected seq: 1
        -> IN ORDER, delivering immediately
    [Reliability 6] deliverMessage() - deserializing payload
        Deserialized: ConsensusMessage
        DEBUG: envelope.fromReplicaId=4, message.getSender()=4
=== [V2V Layer 6] DELIVER to BFT-SMaRt ===
    Message type: ConsensusMessage
    From replica: 4
    InQueue size before: 0
    InQueue size after: 1
=== [V2V Layer 6] DELIVER successful ===
19:21:15.144 [Server Comm. System] INFO bftsmart.communication.ServerCommunicationSystem - === ServerCommunicationSystem RECEIVED message ===
19:21:15.144 [Server Comm. System] INFO bftsmart.communication.ServerCommunicationSystem -     Message type: ConsensusMessage
19:21:15.144 [Server Comm. System] INFO bftsmart.communication.ServerCommunicationSystem -     From: 4
19:21:15.144 [Server Comm. System] INFO bftsmart.communication.ServerCommunicationSystem -     Message count: 11
19:21:15.144 [Server Comm. System] DEBUG bftsmart.communication.ServerCommunicationSystem - <-- receiving, msg:type=ACCEPT, number=0, epoch=0, from=4
19:21:15.144 [Server Comm. System] DEBUG bftsmart.tom.core.ExecutionManager - Received message  type=ACCEPT, number=0, epoch=0, from=4
19:21:15.144 [Server Comm. System] DEBUG bftsmart.tom.core.ExecutionManager - I'm at consensus 0 and my last consensus is -1
19:21:15.144 [Server Comm. System] DEBUG bftsmart.tom.core.ExecutionManager - Message for consensus 0 can be processed
19:21:15.144 [Server Comm. System] DEBUG bftsmart.consensus.roles.Acceptor - Processing paxos msg with id 0
[V2VProxy 7] *** RECEIVED V2V message #18 from=4 to=-1 (broadcast=YES) at t=4.902656126751
19:21:15.144 [Server Comm. System] DEBUG bftsmart.consensus.roles.Acceptor - ACCEPT from 4 for consensus 0
V2VNativeBridge7: Received message from 4 with length 856
19:21:15.144 [Server Comm. System] DEBUG bftsmart.consensus.roles.Acceptor - I have 5 ACCEPTs for cId:0, Timestamp:0 
[V2V Layer 7] Received message from replica 4 via JNI
19:21:15.144 [Server Comm. System] INFO bftsmart.communication.ServerCommunicationSystem - === Message processed ===
    [Reliability 7] handleIncomingMessage() called
        Type: DATA
        From: 4
        SeqNum: 1
        Expected seq: 1
        -> IN ORDER, delivering immediately
    [Reliability 7] deliverMessage() - deserializing payload
        Deserialized: ConsensusMessage
        DEBUG: envelope.fromReplicaId=4, message.getSender()=4
=== [V2V Layer 7] DELIVER to BFT-SMaRt ===
    Message type: ConsensusMessage
    From replica: 4
    InQueue size before: 0
    InQueue size after: 1
=== [V2V Layer 7] DELIVER successful ===
19:21:15.144 [Server Comm. System] INFO bftsmart.communication.ServerCommunicationSystem - === ServerCommunicationSystem RECEIVED message ===
19:21:15.144 [Server Comm. System] INFO bftsmart.communication.ServerCommunicationSystem -     Message type: ConsensusMessage
19:21:15.144 [Server Comm. System] INFO bftsmart.communication.ServerCommunicationSystem -     From: 4
19:21:15.144 [Server Comm. System] INFO bftsmart.communication.ServerCommunicationSystem -     Message count: 10
19:21:15.144 [Server Comm. System] DEBUG bftsmart.communication.ServerCommunicationSystem - <-- receiving, msg:type=ACCEPT, number=0, epoch=0, from=4
19:21:15.144 [Server Comm. System] DEBUG bftsmart.tom.core.ExecutionManager - Received message  type=ACCEPT, number=0, epoch=0, from=4
19:21:15.144 [Server Comm. System] DEBUG bftsmart.tom.core.ExecutionManager - I'm at consensus 0 and my last consensus is -1
19:21:15.144 [Server Comm. System] DEBUG bftsmart.tom.core.ExecutionManager - Message for consensus 0 can be processed
19:21:15.144 [Server Comm. System] DEBUG bftsmart.consensus.roles.Acceptor - Processing paxos msg with id 0
19:21:15.144 [Server Comm. System] DEBUG bftsmart.consensus.roles.Acceptor - ACCEPT from 4 for consensus 0
19:21:15.144 [Server Comm. System] DEBUG bftsmart.consensus.roles.Acceptor - I have 4 ACCEPTs for cId:0, Timestamp:0 
19:21:15.144 [Server Comm. System] INFO bftsmart.communication.ServerCommunicationSystem - === Message processed ===
[V2VProxy 0] *** RECEIVED V2V message #14 from=6 to=-1 (broadcast=YES) at t=4.904299101711
V2VNativeBridge0: Received message from 6 with length 858
[V2V Layer 0] Received message from replica 6 via JNI
    [Reliability 0] handleIncomingMessage() called
        Type: DATA
        From: 6
        SeqNum: 1
        Expected seq: 1
        -> IN ORDER, delivering immediately
    [Reliability 0] deliverMessage() - deserializing payload
        Deserialized: ConsensusMessage
        DEBUG: envelope.fromReplicaId=6, message.getSender()=6
=== [V2V Layer 0] DELIVER to BFT-SMaRt ===
    Message type: ConsensusMessage
    From replica: 6
    InQueue size before: 0
    InQueue size after: 1
=== [V2V Layer 0] DELIVER successful ===
19:21:15.165 [Server Comm. System] INFO bftsmart.communication.ServerCommunicationSystem - === ServerCommunicationSystem RECEIVED message ===
19:21:15.165 [Server Comm. System] INFO bftsmart.communication.ServerCommunicationSystem -     Message type: ConsensusMessage
19:21:15.165 [Server Comm. System] INFO bftsmart.communication.ServerCommunicationSystem -     From: 6
19:21:15.165 [Server Comm. System] INFO bftsmart.communication.ServerCommunicationSystem -     Message count: 12
19:21:15.165 [Server Comm. System] DEBUG bftsmart.communication.ServerCommunicationSystem - <-- receiving, msg:type=ACCEPT, number=0, epoch=0, from=6
19:21:15.165 [Server Comm. System] DEBUG bftsmart.tom.core.ExecutionManager - Received message  type=ACCEPT, number=0, epoch=0, from=6
19:21:15.165 [Server Comm. System] DEBUG bftsmart.tom.core.ExecutionManager - I'm at consensus 0 and my last consensus is -1
19:21:15.165 [Server Comm. System] DEBUG bftsmart.tom.core.ExecutionManager - Message for consensus 0 can be processed
[V2VProxy 3] *** RECEIVED V2V message #20 from=6 to=-1 (broadcast=YES) at t=4.904299127237
19:21:15.165 [Server Comm. System] DEBUG bftsmart.consensus.roles.Acceptor - Processing paxos msg with id 0
V2VNativeBridge3: Received message from 6 with length 858
19:21:15.165 [Server Comm. System] DEBUG bftsmart.consensus.roles.Acceptor - ACCEPT from 6 for consensus 0
[V2V Layer 3] Received message from replica 6 via JNI
19:21:15.165 [Server Comm. System] DEBUG bftsmart.consensus.roles.Acceptor - I have 6 ACCEPTs for cId:0, Timestamp:0 
    [Reliability 3] handleIncomingMessage() called
19:21:15.165 [Server Comm. System] DEBUG bftsmart.consensus.roles.Acceptor - Deciding consensus 0
        Type: DATA
        From: 6
        SeqNum: 1
        Expected seq: 1
        -> IN ORDER, delivering immediately
    [Reliability 3] deliverMessage() - deserializing payload
19:21:15.165 [Server Comm. System] DEBUG bftsmart.consensus.Consensus - Delivering decision from consensus 0 to the TOMLayer/DeliveryThread
        Deserialized: ConsensusMessage
19:21:15.165 [Server Comm. System] DEBUG bftsmart.tom.core.DeliveryThread - Using cached requests from the propose.
        DEBUG: envelope.fromReplicaId=6, message.getSender()=6
=== [V2V Layer 3] DELIVER to BFT-SMaRt ===
    Message type: ConsensusMessage
    From replica: 6
    InQueue size before: 0
19:21:15.166 [Server Comm. System] DEBUG bftsmart.clientsmanagement.ClientsManager - Updating client manager
    InQueue size after: 1
=== [V2V Layer 3] DELIVER successful ===
[V2VProxy 7] *** RECEIVED V2V message #19 from=6 to=-1 (broadcast=YES) at t=4.904299128753
19:21:15.166 [Server Comm. System] INFO bftsmart.communication.ServerCommunicationSystem - === ServerCommunicationSystem RECEIVED message ===
V2VNativeBridge7: Received message from 6 with length 858
[V2V Layer 7] Received message from replica 6 via JNI
19:21:15.166 [Server Comm. System] INFO bftsmart.communication.ServerCommunicationSystem -     Message type: ConsensusMessage
19:21:15.166 [Server Comm. System] INFO bftsmart.communication.ServerCommunicationSystem -     From: 6
19:21:15.166 [Server Comm. System] INFO bftsmart.communication.ServerCommunicationSystem -     Message count: 11
19:21:15.166 [Server Comm. System] DEBUG bftsmart.communication.ServerCommunicationSystem - <-- receiving, msg:type=ACCEPT, number=0, epoch=0, from=6
19:21:15.166 [Server Comm. System] DEBUG bftsmart.tom.core.ExecutionManager - Received message  type=ACCEPT, number=0, epoch=0, from=6
19:21:15.166 [Server Comm. System] DEBUG bftsmart.tom.core.ExecutionManager - I'm at consensus 0 and my last consensus is -1
19:21:15.166 [Server Comm. System] DEBUG bftsmart.tom.core.ExecutionManager - Message for consensus 0 can be processed
    [Reliability 7] handleIncomingMessage() called
19:21:15.166 [Server Comm. System] DEBUG bftsmart.consensus.roles.Acceptor - Processing paxos msg with id 0
        Type: DATA
        From: 6
        SeqNum: 1
19:21:15.166 [Server Comm. System] DEBUG bftsmart.clientsmanagement.ClientsManager - Finished updating client manager
19:21:15.166 [Server Comm. System] DEBUG bftsmart.tom.core.DeliveryThread - Consensus 0 finished. Decided size=1
        Expected seq: 1
        -> IN ORDER, delivering immediately
    [Reliability 7] deliverMessage() - deserializing payload
19:21:15.166 [Server Comm. System] DEBUG bftsmart.consensus.roles.Acceptor - ACCEPT from 6 for consensus 0
        Deserialized: ConsensusMessage
        DEBUG: envelope.fromReplicaId=6, message.getSender()=6
=== [V2V Layer 7] DELIVER to BFT-SMaRt ===
    Message type: ConsensusMessage
    From replica: 6
19:21:15.166 [Server Comm. System] DEBUG bftsmart.tom.core.DeliveryThread - Decision from consensus 0 does not contain reconfiguration
    InQueue size before: 0
19:21:15.166 [Server Comm. System] DEBUG bftsmart.consensus.roles.Acceptor - I have 5 ACCEPTs for cId:0, Timestamp:0 
    InQueue size after: 1
=== [V2V Layer 7] DELIVER successful ===
19:21:15.166 [Server Comm. System] INFO bftsmart.communication.ServerCommunicationSystem - === Message processed ===
19:21:15.166 [Server Comm. System] INFO bftsmart.communication.ServerCommunicationSystem - === ServerCommunicationSystem RECEIVED message ===
19:21:15.166 [Server Comm. System] INFO bftsmart.communication.ServerCommunicationSystem -     Message type: ConsensusMessage
19:21:15.166 [Server Comm. System] INFO bftsmart.communication.ServerCommunicationSystem -     From: 6
19:21:15.166 [Server Comm. System] INFO bftsmart.communication.ServerCommunicationSystem -     Message count: 11
19:21:15.166 [Server Comm. System] DEBUG bftsmart.communication.ServerCommunicationSystem - <-- receiving, msg:type=ACCEPT, number=0, epoch=0, from=6
19:21:15.166 [Server Comm. System] DEBUG bftsmart.tom.core.ExecutionManager - Received message  type=ACCEPT, number=0, epoch=0, from=6
19:21:15.166 [Server Comm. System] DEBUG bftsmart.tom.core.TOMLayer - Setting last exec to 0
19:21:15.166 [Server Comm. System] DEBUG bftsmart.tom.core.ExecutionManager - I'm at consensus 0 and my last consensus is -1
19:21:15.166 [Server Comm. System] DEBUG bftsmart.tom.core.TOMLayer - Modifying inExec from 0 to -1
19:21:15.166 [Server Comm. System] DEBUG bftsmart.tom.core.ExecutionManager - Message for consensus 0 can be processed
19:21:15.166 [Server Comm. System] DEBUG bftsmart.consensus.roles.Acceptor - Processing paxos msg with id 0
19:21:15.166 [Server Comm. System] DEBUG bftsmart.consensus.roles.Acceptor - ACCEPT from 6 for consensus 0
V2VNativeBridge2: Received message from 6 with length 858
[V2V Layer 2] Received message from replica 6 via JNI
19:21:15.166 [Server Comm. System] DEBUG bftsmart.consensus.roles.Acceptor - I have 5 ACCEPTs for cId:0, Timestamp:0 
19:21:15.166 [Server Comm. System] INFO bftsmart.communication.ServerCommunicationSystem - === Message processed ===
19:21:15.166 [Server Comm. System] INFO bftsmart.communication.ServerCommunicationSystem - === Message processed ===
19:21:15.166 [TOM Layer] DEBUG bftsmart.tom.core.TOMLayer - I'm the leader.
19:21:15.166 [Delivery Thread] DEBUG bftsmart.tom.core.DeliveryThread - Current size of the decided queue: 1
19:21:15.167 [TOM Layer] DEBUG bftsmart.tom.core.TOMLayer - Waiting for enough requests
    [Reliability 2] handleIncomingMessage() called
        Type: DATA
        From: 6
        SeqNum: 1
        Expected seq: 1
        -> IN ORDER, delivering immediately
    [Reliability 2] deliverMessage() - deserializing payload
        Deserialized: ConsensusMessage
        DEBUG: envelope.fromReplicaId=6, message.getSender()=6
=== [V2V Layer 2] DELIVER to BFT-SMaRt ===
    Message type: ConsensusMessage
    From replica: 6
    InQueue size before: 0
    InQueue size after: 1
=== [V2V Layer 2] DELIVER successful ===
19:21:15.167 [Server Comm. System] INFO bftsmart.communication.ServerCommunicationSystem - === ServerCommunicationSystem RECEIVED message ===
19:21:15.167 [Server Comm. System] INFO bftsmart.communication.ServerCommunicationSystem -     Message type: ConsensusMessage
19:21:15.167 [Server Comm. System] INFO bftsmart.communication.ServerCommunicationSystem -     From: 6
19:21:15.167 [Server Comm. System] INFO bftsmart.communication.ServerCommunicationSystem -     Message count: 12
19:21:15.167 [Server Comm. System] DEBUG bftsmart.communication.ServerCommunicationSystem - <-- receiving, msg:type=ACCEPT, number=0, epoch=0, from=6
19:21:15.167 [Server Comm. System] DEBUG bftsmart.tom.core.ExecutionManager - Received message  type=ACCEPT, number=0, epoch=0, from=6
19:21:15.167 [Server Comm. System] DEBUG bftsmart.tom.core.ExecutionManager - I'm at consensus 0 and my last consensus is -1
19:21:15.167 [Server Comm. System] DEBUG bftsmart.tom.core.ExecutionManager - Message for consensus 0 can be processed
19:21:15.167 [Server Comm. System] DEBUG bftsmart.consensus.roles.Acceptor - Processing paxos msg with id 0
19:21:15.167 [Server Comm. System] DEBUG bftsmart.consensus.roles.Acceptor - ACCEPT from 6 for consensus 0
19:21:15.167 [Server Comm. System] DEBUG bftsmart.consensus.roles.Acceptor - I have 6 ACCEPTs for cId:0, Timestamp:0 
19:21:15.167 [Server Comm. System] DEBUG bftsmart.consensus.roles.Acceptor - Deciding consensus 0
19:21:15.167 [Server Comm. System] DEBUG bftsmart.consensus.Consensus - Delivering decision from consensus 0 to the TOMLayer/DeliveryThread
19:21:15.167 [Server Comm. System] DEBUG bftsmart.tom.core.DeliveryThread - Using cached requests from the propose.
19:21:15.167 [Server Comm. System] DEBUG bftsmart.clientsmanagement.ClientsManager - Updating client manager
V2VNativeBridge1: Received message from 6 with length 858
[V2V Layer 1] Received message from replica 6 via JNI
19:21:15.167 [Delivery Thread] DEBUG bftsmart.tom.core.DeliveryThread - Using cached requests from the propose.
19:21:15.167 [Server Comm. System] DEBUG bftsmart.clientsmanagement.ClientsManager - Finished updating client manager
19:21:15.167 [Server Comm. System] DEBUG bftsmart.tom.core.DeliveryThread - Consensus 0 finished. Decided size=1
19:21:15.167 [Server Comm. System] DEBUG bftsmart.tom.core.DeliveryThread - Decision from consensus 0 does not contain reconfiguration
19:21:15.167 [Server Comm. System] DEBUG bftsmart.tom.core.TOMLayer - Setting last exec to 0
19:21:15.167 [Server Comm. System] DEBUG bftsmart.tom.core.TOMLayer - Modifying inExec from 0 to -1
19:21:15.167 [Server Comm. System] INFO bftsmart.communication.ServerCommunicationSystem - === Message processed ===
    [Reliability 1] handleIncomingMessage() called
        Type: DATA
        From: 6
        SeqNum: 1
19:21:15.167 [Delivery Thread] DEBUG bftsmart.tom.ServiceReplica - Processing TOMMessage from client 1000 with sequence number 0 for session -1143677792 decided in consensus 0
19:21:15.167 [Delivery Thread] DEBUG bftsmart.tom.core.DeliveryThread - Current size of the decided queue: 1
        Expected seq: 1
        -> IN ORDER, delivering immediately
19:21:15.167 [Delivery Thread] DEBUG bftsmart.tom.core.DeliveryThread - Using cached requests from the propose.
    [Reliability 1] deliverMessage() - deserializing payload
19:21:15.167 [Delivery Thread] DEBUG bftsmart.tom.ServiceReplica - Processing TOMMessage from client 1000 with sequence number 0 for session -1143677792 decided in consensus 0
        Deserialized: ConsensusMessage
        DEBUG: envelope.fromReplicaId=6, message.getSender()=6
=== [V2V Layer 1] DELIVER to BFT-SMaRt ===
    Message type: ConsensusMessage
    From replica: 6
    InQueue size before: 0
    InQueue size after: 1
=== [V2V Layer 1] DELIVER successful ===
19:21:15.167 [Server Comm. System] INFO bftsmart.communication.ServerCommunicationSystem - === ServerCommunicationSystem RECEIVED message ===
19:21:15.167 [Server Comm. System] INFO bftsmart.communication.ServerCommunicationSystem -     Message type: ConsensusMessage
19:21:15.167 [Server Comm. System] INFO bftsmart.communication.ServerCommunicationSystem -     From: 6
19:21:15.167 [Server Comm. System] INFO bftsmart.communication.ServerCommunicationSystem -     Message count: 12
19:21:15.167 [Server Comm. System] DEBUG bftsmart.communication.ServerCommunicationSystem - <-- receiving, msg:type=ACCEPT, number=0, epoch=0, from=6
V2VNativeBridge4: Received message from 6 with length 858
[V2V Layer 4] Received message from replica 6 via JNI
19:21:15.167 [Server Comm. System] DEBUG bftsmart.tom.core.ExecutionManager - Received message  type=ACCEPT, number=0, epoch=0, from=6
19:21:15.167 [Server Comm. System] DEBUG bftsmart.tom.core.ExecutionManager - I'm at consensus 0 and my last consensus is -1
    [Reliability 4] handleIncomingMessage() called
        Type: DATA
        From: 6
        SeqNum: 1
        Expected seq: 1
        -> IN ORDER, delivering immediately
    [Reliability 4] deliverMessage() - deserializing payload
        Deserialized: ConsensusMessage
19:21:15.168 [Server Comm. System] DEBUG bftsmart.tom.core.ExecutionManager - Message for consensus 0 can be processed
        DEBUG: envelope.fromReplicaId=6, message.getSender()=6
=== [V2V Layer 4] DELIVER to BFT-SMaRt ===
19:21:15.168 [Server Comm. System] DEBUG bftsmart.consensus.roles.Acceptor - Processing paxos msg with id 0
    Message type: ConsensusMessage
    From replica: 6
    InQueue size before: 0
19:21:15.168 [Server Comm. System] DEBUG bftsmart.consensus.roles.Acceptor - ACCEPT from 6 for consensus 0
19:21:15.168 [Server Comm. System] DEBUG bftsmart.consensus.roles.Acceptor - I have 6 ACCEPTs for cId:0, Timestamp:0 
19:21:15.168 [Server Comm. System] DEBUG bftsmart.consensus.roles.Acceptor - Deciding consensus 0
19:21:15.168 [Server Comm. System] DEBUG bftsmart.consensus.Consensus - Delivering decision from consensus 0 to the TOMLayer/DeliveryThread
19:21:15.168 [Server Comm. System] DEBUG bftsmart.tom.core.DeliveryThread - Using cached requests from the propose.
19:21:15.168 [Server Comm. System] DEBUG bftsmart.clientsmanagement.ClientsManager - Updating client manager
    InQueue size after: 1
=== [V2V Layer 4] DELIVER successful ===
19:21:15.168 [Server Comm. System] INFO bftsmart.communication.ServerCommunicationSystem - === ServerCommunicationSystem RECEIVED message ===
19:21:15.168 [Server Comm. System] INFO bftsmart.communication.ServerCommunicationSystem -     Message type: ConsensusMessage
19:21:15.168 [Server Comm. System] INFO bftsmart.communication.ServerCommunicationSystem -     From: 6
19:21:15.168 [Server Comm. System] INFO bftsmart.communication.ServerCommunicationSystem -     Message count: 12
19:21:15.168 [Server Comm. System] DEBUG bftsmart.communication.ServerCommunicationSystem - <-- receiving, msg:type=ACCEPT, number=0, epoch=0, from=6
19:21:15.168 [Server Comm. System] DEBUG bftsmart.tom.core.ExecutionManager - Received message  type=ACCEPT, number=0, epoch=0, from=6
19:21:15.168 [Server Comm. System] DEBUG bftsmart.tom.core.ExecutionManager - I'm at consensus 0 and my last consensus is -1
19:21:15.168 [Server Comm. System] DEBUG bftsmart.clientsmanagement.ClientsManager - Finished updating client manager
19:21:15.168 [Delivery Thread] DEBUG bftsmart.tom.ServiceReplica - Batching request from 1000
19:21:15.168 [Server Comm. System] DEBUG bftsmart.tom.core.ExecutionManager - Message for consensus 0 can be processed
19:21:15.168 [Delivery Thread] DEBUG bftsmart.tom.ServiceReplica - Processing TOMMessage from client 1001 with sequence number 0 for session -1672319045 decided in consensus 0
19:21:15.168 [Delivery Thread] DEBUG bftsmart.tom.ServiceReplica - Batching request from 1001
19:21:15.168 [Delivery Thread] DEBUG bftsmart.tom.ServiceReplica - Processing TOMMessage from client 1002 with sequence number 0 for session -991227902 decided in consensus 0
19:21:15.168 [Server Comm. System] DEBUG bftsmart.consensus.roles.Acceptor - Processing paxos msg with id 0
19:21:15.168 [Server Comm. System] DEBUG bftsmart.consensus.roles.Acceptor - ACCEPT from 6 for consensus 0
19:21:15.168 [Delivery Thread] DEBUG bftsmart.tom.ServiceReplica - Batching request from 1000
19:21:15.168 [Delivery Thread] DEBUG bftsmart.tom.ServiceReplica - Processing TOMMessage from client 1001 with sequence number 0 for session -1672319045 decided in consensus 0
19:21:15.168 [Delivery Thread] DEBUG bftsmart.tom.ServiceReplica - Batching request from 1001
19:21:15.168 [Delivery Thread] DEBUG bftsmart.tom.ServiceReplica - Processing TOMMessage from client 1002 with sequence number 0 for session -991227902 decided in consensus 0
19:21:15.168 [Server Comm. System] DEBUG bftsmart.tom.core.DeliveryThread - Consensus 0 finished. Decided size=1
V2VNativeBridge5: Received message from 6 with length 858
[V2V Layer 5] Received message from replica 6 via JNI
19:21:15.168 [Server Comm. System] DEBUG bftsmart.tom.core.DeliveryThread - Decision from consensus 0 does not contain reconfiguration
19:21:15.168 [Server Comm. System] DEBUG bftsmart.tom.core.TOMLayer - Setting last exec to 0
19:21:15.168 [Delivery Thread] DEBUG bftsmart.tom.ServiceReplica - Batching request from 1002
19:21:15.168 [Delivery Thread] DEBUG bftsmart.tom.ServiceReplica - Processing TOMMessage from client 1003 with sequence number 0 for session -1171250860 decided in consensus 0
19:21:15.168 [Server Comm. System] DEBUG bftsmart.consensus.roles.Acceptor - I have 6 ACCEPTs for cId:0, Timestamp:0 
19:21:15.168 [Server Comm. System] DEBUG bftsmart.consensus.roles.Acceptor - Deciding consensus 0
19:21:15.168 [Server Comm. System] DEBUG bftsmart.consensus.Consensus - Delivering decision from consensus 0 to the TOMLayer/DeliveryThread
19:21:15.168 [Delivery Thread] DEBUG bftsmart.tom.ServiceReplica - Batching request from 1002
19:21:15.168 [Delivery Thread] DEBUG bftsmart.tom.ServiceReplica - Processing TOMMessage from client 1003 with sequence number 0 for session -1171250860 decided in consensus 0
    [Reliability 5] handleIncomingMessage() called
        Type: DATA
        From: 6
        SeqNum: 1
19:21:15.168 [Server Comm. System] DEBUG bftsmart.tom.core.TOMLayer - Modifying inExec from 0 to -1
        Expected seq: 1
19:21:15.168 [Delivery Thread] DEBUG bftsmart.tom.ServiceReplica - Batching request from 1003
        -> IN ORDER, delivering immediately
19:21:15.168 [Server Comm. System] INFO bftsmart.communication.ServerCommunicationSystem - === Message processed ===
    [Reliability 5] deliverMessage() - deserializing payload
19:21:15.168 [Server Comm. System] DEBUG bftsmart.tom.core.DeliveryThread - Using cached requests from the propose.
19:21:15.169 [Delivery Thread] DEBUG bftsmart.tom.core.DeliveryThread - Current size of the decided queue: 1
        Deserialized: ConsensusMessage
        DEBUG: envelope.fromReplicaId=6, message.getSender()=6
=== [V2V Layer 5] DELIVER to BFT-SMaRt ===
    Message type: ConsensusMessage
19:21:15.169 [Server Comm. System] DEBUG bftsmart.clientsmanagement.ClientsManager - Updating client manager
    From replica: 6
    InQueue size before: 0
19:21:15.168 [Delivery Thread] DEBUG bftsmart.tom.ServiceReplica - Batching request from 1003
    InQueue size after: 1
=== [V2V Layer 5] DELIVER successful ===
19:21:15.169 [Delivery Thread] DEBUG bftsmart.tom.ServiceReplica - Processing TOMMessage from client 1004 with sequence number 0 for session -2024429936 decided in consensus 0
19:21:15.169 [Server Comm. System] INFO bftsmart.communication.ServerCommunicationSystem - === ServerCommunicationSystem RECEIVED message ===
19:21:15.169 [Server Comm. System] DEBUG bftsmart.clientsmanagement.ClientsManager - Finished updating client manager
19:21:15.169 [Server Comm. System] INFO bftsmart.communication.ServerCommunicationSystem -     Message type: ConsensusMessage
19:21:15.169 [Server Comm. System] DEBUG bftsmart.tom.core.DeliveryThread - Consensus 0 finished. Decided size=1
19:21:15.169 [Delivery Thread] DEBUG bftsmart.tom.core.DeliveryThread - Using cached requests from the propose.
19:21:15.169 [Delivery Thread] DEBUG bftsmart.tom.ServiceReplica - Processing TOMMessage from client 1004 with sequence number 0 for session -2024429936 decided in consensus 0
19:21:15.169 [Delivery Thread] DEBUG bftsmart.tom.ServiceReplica - Batching request from 1004
19:21:15.169 [Delivery Thread] DEBUG bftsmart.tom.ServiceReplica - Processing TOMMessage from client 1005 with sequence number 0 for session -182751477 decided in consensus 0
19:21:15.169 [Delivery Thread] DEBUG bftsmart.tom.ServiceReplica - Batching request from 1005
19:21:15.169 [Server Comm. System] INFO bftsmart.communication.ServerCommunicationSystem -     From: 6
19:21:15.169 [Server Comm. System] INFO bftsmart.communication.ServerCommunicationSystem -     Message count: 13
19:21:15.169 [Server Comm. System] DEBUG bftsmart.tom.core.DeliveryThread - Decision from consensus 0 does not contain reconfiguration
19:21:15.169 [Server Comm. System] DEBUG bftsmart.tom.core.TOMLayer - Setting last exec to 0
19:21:15.169 [Server Comm. System] DEBUG bftsmart.tom.core.TOMLayer - Modifying inExec from 0 to -1
19:21:15.169 [Delivery Thread] DEBUG bftsmart.tom.ServiceReplica - Processing TOMMessage from client 1000 with sequence number 0 for session -1143677792 decided in consensus 0
19:21:15.169 [Server Comm. System] INFO bftsmart.communication.ServerCommunicationSystem - === Message processed ===
19:21:15.169 [Delivery Thread] DEBUG bftsmart.tom.ServiceReplica - Batching request from 1000
19:21:15.169 [Delivery Thread] DEBUG bftsmart.tom.ServiceReplica - Batching request from 1004
19:21:15.169 [Delivery Thread] DEBUG bftsmart.tom.core.DeliveryThread - Current size of the decided queue: 1
19:21:15.169 [Delivery Thread] DEBUG bftsmart.tom.core.DeliveryThread - Using cached requests from the propose.
19:21:15.169 [Delivery Thread] DEBUG bftsmart.tom.ServiceReplica - Processing TOMMessage from client 1005 with sequence number 0 for session -182751477 decided in consensus 0
19:21:15.169 [Delivery Thread] DEBUG bftsmart.tom.ServiceReplica - Batching request from 1005
19:21:15.169 [Delivery Thread] DEBUG bftsmart.tom.ServiceReplica - Processing TOMMessage from client 1006 with sequence number 0 for session -625207274 decided in consensus 0
19:21:15.169 [Delivery Thread] DEBUG bftsmart.tom.ServiceReplica - Processing TOMMessage from client 1006 with sequence number 0 for session -625207274 decided in consensus 0
19:21:15.169 [Delivery Thread] DEBUG bftsmart.tom.ServiceReplica - Batching request from 1006
19:21:15.169 [Delivery Thread] DEBUG bftsmart.tom.ServiceReplica - Processing TOMMessage from client 1007 with sequence number 0 for session 299746230 decided in consensus 0
19:21:15.169 [Delivery Thread] DEBUG bftsmart.tom.ServiceReplica - Batching request from 1007
19:21:15.169 [Delivery Thread] DEBUG bftsmart.tom.ServiceReplica - Batching request from 1006
19:21:15.169 [Server Comm. System] DEBUG bftsmart.communication.ServerCommunicationSystem - <-- receiving, msg:type=ACCEPT, number=0, epoch=0, from=6
19:21:15.169 [Server Comm. System] DEBUG bftsmart.tom.core.ExecutionManager - Received message  type=ACCEPT, number=0, epoch=0, from=6
19:21:15.169 [Delivery Thread] DEBUG bftsmart.tom.ServiceReplica - Processing TOMMessage from client 1001 with sequence number 0 for session -1672319045 decided in consensus 0
19:21:15.169 [Delivery Thread] DEBUG bftsmart.tom.ServiceReplica - Batching request from 1001
19:21:15.169 [Delivery Thread] DEBUG bftsmart.tom.ServiceReplica - Processing TOMMessage from client 1002 with sequence number 0 for session -991227902 decided in consensus 0
19:21:15.169 [Delivery Thread] DEBUG bftsmart.tom.ServiceReplica - Processing TOMMessage from client 1000 with sequence number 0 for session -1143677792 decided in consensus 0
19:21:15.169 [Delivery Thread] DEBUG bftsmart.tom.ServiceReplica - Batching request from 1000
19:21:15.169 [Delivery Thread] DEBUG bftsmart.tom.ServiceReplica - Processing TOMMessage from client 1001 with sequence number 0 for session -1672319045 decided in consensus 0
19:21:15.169 [Delivery Thread] DEBUG bftsmart.tom.ServiceReplica - Processing TOMMessage from client 1007 with sequence number 0 for session 299746230 decided in consensus 0
19:21:15.170 [Delivery Thread] DEBUG bftsmart.tom.ServiceReplica - Batching request from 1001
19:21:15.170 [Delivery Thread] DEBUG bftsmart.tom.ServiceReplica - Batching request from 1007
19:21:15.170 [Delivery Thread] DEBUG bftsmart.tom.ServiceReplica - Processing TOMMessage from client 1002 with sequence number 0 for session -991227902 decided in consensus 0
19:21:15.170 [Delivery Thread] DEBUG bftsmart.tom.ServiceReplica - Batching request from 1002
19:21:15.170 [Delivery Thread] DEBUG bftsmart.tom.ServiceReplica - Processing TOMMessage from client 1003 with sequence number 0 for session -1171250860 decided in consensus 0
19:21:15.170 [Delivery Thread] DEBUG bftsmart.tom.ServiceReplica - Batching request from 1003
19:21:15.169 [Server Comm. System] DEBUG bftsmart.tom.core.ExecutionManager - I'm at consensus 0 and my last consensus is -1
19:21:15.170 [Server Comm. System] DEBUG bftsmart.tom.core.ExecutionManager - Message for consensus 0 can be processed
19:21:15.170 [Server Comm. System] DEBUG bftsmart.consensus.roles.Acceptor - Processing paxos msg with id 0
19:21:15.170 [Server Comm. System] DEBUG bftsmart.consensus.roles.Acceptor - ACCEPT from 6 for consensus 0
19:21:15.170 [Server Comm. System] DEBUG bftsmart.consensus.roles.Acceptor - I have 6 ACCEPTs for cId:0, Timestamp:0 
19:21:15.170 [Server Comm. System] DEBUG bftsmart.consensus.roles.Acceptor - Deciding consensus 0
19:21:15.170 [Server Comm. System] DEBUG bftsmart.consensus.Consensus - Delivering decision from consensus 0 to the TOMLayer/DeliveryThread
19:21:15.170 [Server Comm. System] DEBUG bftsmart.tom.core.DeliveryThread - Using cached requests from the propose.
19:21:15.170 [Server Comm. System] DEBUG bftsmart.clientsmanagement.ClientsManager - Updating client manager
19:21:15.169 [Delivery Thread] DEBUG bftsmart.tom.ServiceReplica - Batching request from 1002
19:21:15.170 [Delivery Thread] DEBUG bftsmart.tom.ServiceReplica - Processing TOMMessage from client 1004 with sequence number 0 for session -2024429936 decided in consensus 0
19:21:15.170 [Server Comm. System] DEBUG bftsmart.clientsmanagement.ClientsManager - Finished updating client manager
19:21:15.170 [Server Comm. System] DEBUG bftsmart.tom.core.DeliveryThread - Consensus 0 finished. Decided size=1
19:21:15.170 [Delivery Thread] DEBUG bftsmart.tom.ServiceReplica - Batching request from 1004
19:21:15.170 [Delivery Thread] DEBUG bftsmart.tom.ServiceReplica - Processing TOMMessage from client 1003 with sequence number 0 for session -1171250860 decided in consensus 0
19:21:15.170 [Delivery Thread] DEBUG bftsmart.tom.ServiceReplica - Batching request from 1003
19:21:15.170 [Server Comm. System] DEBUG bftsmart.tom.core.DeliveryThread - Decision from consensus 0 does not contain reconfiguration
19:21:15.170 [Server Comm. System] DEBUG bftsmart.tom.core.TOMLayer - Setting last exec to 0
19:21:15.170 [Delivery Thread] DEBUG bftsmart.tom.ServiceReplica - Processing TOMMessage from client 1005 with sequence number 0 for session -182751477 decided in consensus 0
19:21:15.170 [Delivery Thread] DEBUG bftsmart.tom.ServiceReplica - Batching request from 1005
19:21:15.170 [Delivery Thread] DEBUG bftsmart.tom.ServiceReplica - Processing TOMMessage from client 1004 with sequence number 0 for session -2024429936 decided in consensus 0
19:21:15.170 [Delivery Thread] DEBUG bftsmart.tom.ServiceReplica - Batching request from 1004
19:21:15.170 [Delivery Thread] DEBUG bftsmart.tom.ServiceReplica - Processing TOMMessage from client 1005 with sequence number 0 for session -182751477 decided in consensus 0
19:21:15.170 [Delivery Thread] DEBUG bftsmart.tom.ServiceReplica - Batching request from 1005
19:21:15.170 [Server Comm. System] DEBUG bftsmart.tom.core.TOMLayer - Modifying inExec from 0 to -1
[BATCH] Buffered JOIN from CAR_0 (buffer size: 1/8)
[BATCH] Buffered JOIN from CAR_1 (buffer size: 2/8)
[BATCH] Buffered JOIN from CAR_2 (buffer size: 3/8)
[BATCH] Buffered JOIN from CAR_3 (buffer size: 4/8)
[BATCH] Buffered JOIN from CAR_0 (buffer size: 1/8)
19:21:15.170 [Delivery Thread] DEBUG bftsmart.tom.ServiceReplica - Processing TOMMessage from client 1006 with sequence number 0 for session -625207274 decided in consensus 0
[BATCH] Buffered JOIN from CAR_1 (buffer size: 2/8)
[BATCH] Buffered JOIN from CAR_2 (buffer size: 3/8)
19:21:15.170 [Server Comm. System] INFO bftsmart.communication.ServerCommunicationSystem - === Message processed ===
19:21:15.170 [Delivery Thread] DEBUG bftsmart.tom.ServiceReplica - Batching request from 1006
19:21:15.170 [Delivery Thread] DEBUG bftsmart.tom.ServiceReplica - Processing TOMMessage from client 1007 with sequence number 0 for session 299746230 decided in consensus 0
19:21:15.170 [Delivery Thread] DEBUG bftsmart.tom.ServiceReplica - Batching request from 1007
[BATCH] Buffered JOIN from CAR_3 (buffer size: 4/8)
19:21:15.170 [Delivery Thread] DEBUG bftsmart.tom.core.DeliveryThread - Current size of the decided queue: 1
[BATCH] Buffered JOIN from CAR_4 (buffer size: 5/8)
[BATCH] Buffered JOIN from CAR_5 (buffer size: 6/8)
[BATCH] Buffered JOIN from CAR_0 (buffer size: 1/8)
[BATCH] Buffered JOIN from CAR_1 (buffer size: 2/8)
[BATCH] Buffered JOIN from CAR_2 (buffer size: 3/8)
[BATCH] Buffered JOIN from CAR_3 (buffer size: 4/8)
[BATCH] Buffered JOIN from CAR_4 (buffer size: 5/8)
[BATCH] Buffered JOIN from CAR_5 (buffer size: 6/8)
[BATCH] Buffered JOIN from CAR_6 (buffer size: 7/8)
[BATCH] Buffered JOIN from CAR_6 (buffer size: 7/8)
[BATCH] Buffered JOIN from CAR_7 (buffer size: 8/8)
19:21:15.170 [Delivery Thread] DEBUG bftsmart.tom.ServiceReplica - Processing TOMMessage from client 1006 with sequence number 0 for session -625207274 decided in consensus 0
[BATCH] Buffered JOIN from CAR_4 (buffer size: 5/8)
19:21:15.170 [Delivery Thread] DEBUG bftsmart.tom.core.DeliveryThread - Using cached requests from the propose.
[BATCH] Buffered JOIN from CAR_5 (buffer size: 6/8)
[BATCH] Buffered JOIN from CAR_6 (buffer size: 7/8)

[BATCH] ===== TRIGGERING CONSENSUS: We have 8 cars! =====
19:21:15.171 [Delivery Thread] DEBUG bftsmart.tom.ServiceReplica - Processing TOMMessage from client 1000 with sequence number 0 for session -1143677792 decided in consensus 0
19:21:15.171 [Delivery Thread] DEBUG bftsmart.tom.ServiceReplica - Batching request from 1006
[BATCH] Buffered JOIN from CAR_7 (buffer size: 8/8)
19:21:15.171 [Delivery Thread] DEBUG bftsmart.tom.ServiceReplica - Processing TOMMessage from client 1007 with sequence number 0 for session 299746230 decided in consensus 0
[BATCH] Buffered JOIN from CAR_7 (buffer size: 8/8)
19:21:15.171 [Delivery Thread] DEBUG bftsmart.tom.ServiceReplica - Batching request from 1007

[BATCH] ===== TRIGGERING CONSENSUS: We have 8 cars! =====
19:21:15.171 [Delivery Thread] DEBUG bftsmart.tom.ServiceReplica - Batching request from 1000

[BATCH] ===== TRIGGERING CONSENSUS: We have 8 cars! =====
19:21:15.171 [Delivery Thread] DEBUG bftsmart.tom.ServiceReplica - Processing TOMMessage from client 1001 with sequence number 0 for session -1672319045 decided in consensus 0
19:21:15.171 [Delivery Thread] DEBUG bftsmart.tom.ServiceReplica - Batching request from 1001
19:21:15.171 [Delivery Thread] DEBUG bftsmart.tom.ServiceReplica - Processing TOMMessage from client 1002 with sequence number 0 for session -991227902 decided in consensus 0
[BATCH] Buffered JOIN from CAR_0 (buffer size: 1/8)
[BATCH] Buffered JOIN from CAR_1 (buffer size: 2/8)
[BATCH] Buffered JOIN from CAR_2 (buffer size: 3/8)
[BATCH] Buffered JOIN from CAR_3 (buffer size: 4/8)
19:21:15.171 [Delivery Thread] DEBUG bftsmart.tom.ServiceReplica - Batching request from 1002
[BATCH] Buffered JOIN from CAR_4 (buffer size: 5/8)
19:21:15.171 [Delivery Thread] DEBUG bftsmart.tom.ServiceReplica - Processing TOMMessage from client 1003 with sequence number 0 for session -1171250860 decided in consensus 0
[BATCH] Buffered JOIN from CAR_5 (buffer size: 6/8)
19:21:15.171 [Delivery Thread] DEBUG bftsmart.tom.ServiceReplica - Batching request from 1003
[BATCH] Buffered JOIN from CAR_6 (buffer size: 7/8)
[BATCH] Buffered JOIN from CAR_7 (buffer size: 8/8)

[BATCH] ===== TRIGGERING CONSENSUS: We have 8 cars! =====
19:21:15.171 [Delivery Thread] DEBUG bftsmart.tom.ServiceReplica - Processing TOMMessage from client 1004 with sequence number 0 for session -2024429936 decided in consensus 0
19:21:15.171 [Delivery Thread] DEBUG bftsmart.tom.ServiceReplica - Batching request from 1004
19:21:15.171 [Delivery Thread] DEBUG bftsmart.tom.ServiceReplica - Processing TOMMessage from client 1005 with sequence number 0 for session -182751477 decided in consensus 0
19:21:15.171 [Delivery Thread] DEBUG bftsmart.tom.ServiceReplica - Batching request from 1005
19:21:15.171 [Delivery Thread] DEBUG bftsmart.tom.ServiceReplica - Processing TOMMessage from client 1006 with sequence number 0 for session -625207274 decided in consensus 0
19:21:15.171 [Delivery Thread] DEBUG bftsmart.tom.ServiceReplica - Batching request from 1006
19:21:15.171 [Delivery Thread] DEBUG bftsmart.tom.ServiceReplica - Processing TOMMessage from client 1007 with sequence number 0 for session 299746230 decided in consensus 0
19:21:15.171 [Delivery Thread] DEBUG bftsmart.tom.ServiceReplica - Batching request from 1007
[BATCH] ===== CONSENSUS COMPLETE =====
[BATCH] Buffered JOIN from CAR_0 (buffer size: 1/8)
[BATCH] Buffered JOIN from CAR_1 (buffer size: 2/8)
[BATCH] Buffered JOIN from CAR_2 (buffer size: 3/8)
[BATCH] Buffered JOIN from CAR_3 (buffer size: 4/8)
[BATCH] Buffered JOIN from CAR_4 (buffer size: 5/8)
[BATCH] ===== CONSENSUS COMPLETE =====
[BATCH] Final Decision: CAR_0:POS:0;CAR_1:POS:1;CAR_2:POS:2;CAR_3:POS:3;CAR_4:POS:4;CAR_5:POS:5;CAR_6:POS:6;CAR_7:POS:7
[BATCH] All subsequent requests will receive this decision

[BATCH] Buffered JOIN from CAR_5 (buffer size: 6/8)
[BATCH] Buffered JOIN from CAR_6 (buffer size: 7/8)
[BATCH] Buffered JOIN from CAR_7 (buffer size: 8/8)

[BATCH] ===== TRIGGERING CONSENSUS: We have 8 cars! =====
[BATCH] Final Decision: CAR_0:POS:0;CAR_1:POS:1;CAR_2:POS:2;CAR_3:POS:3;CAR_4:POS:4;CAR_5:POS:5;CAR_6:POS:6;CAR_7:POS:7
[BATCH] All subsequent requests will receive this decision

[BATCH] ===== CONSENSUS COMPLETE =====
[BATCH] Final Decision: CAR_0:POS:0;CAR_1:POS:1;CAR_2:POS:2;CAR_3:POS:3;CAR_4:POS:4;CAR_5:POS:5;CAR_6:POS:6;CAR_7:POS:7
[BATCH] All subsequent requests will receive this decision

[BATCH] ===== CONSENSUS COMPLETE =====
[BATCH] Final Decision: CAR_0:POS:0;CAR_1:POS:1;CAR_2:POS:2;CAR_3:POS:3;CAR_4:POS:4;CAR_5:POS:5;CAR_6:POS:6;CAR_7:POS:7
[BATCH] All subsequent requests will receive this decision

[BATCH] ===== CONSENSUS COMPLETE =====
[BATCH] Final Decision: CAR_0:POS:0;CAR_1:POS:1;CAR_2:POS:2;CAR_3:POS:3;CAR_4:POS:4;CAR_5:POS:5;CAR_6:POS:6;CAR_7:POS:7
[BATCH] All subsequent requests will receive this decision

[BATCH] JOIN request after consensus complete - returning decision: CAR_0:POS:0;CAR_1:POS:1;CAR_2:POS:2;CAR_3:POS:3;CAR_4:POS:4;CAR_5:POS:5;CAR_6:POS:6;CAR_7:POS:7
[BATCH] JOIN request after consensus complete - returning decision: CAR_0:POS:0;CAR_1:POS:1;CAR_2:POS:2;CAR_3:POS:3;CAR_4:POS:4;CAR_5:POS:5;CAR_6:POS:6;CAR_7:POS:7
[BATCH] JOIN request after consensus complete - returning decision: CAR_0:POS:0;CAR_1:POS:1;CAR_2:POS:2;CAR_3:POS:3;CAR_4:POS:4;CAR_5:POS:5;CAR_6:POS:6;CAR_7:POS:7
[BATCH] JOIN request after consensus complete - returning decision: CAR_0:POS:0;CAR_1:POS:1;CAR_2:POS:2;CAR_3:POS:3;CAR_4:POS:4;CAR_5:POS:5;CAR_6:POS:6;CAR_7:POS:7
[BATCH] JOIN request after consensus complete - returning decision: CAR_0:POS:0;CAR_1:POS:1;CAR_2:POS:2;CAR_3:POS:3;CAR_4:POS:4;CAR_5:POS:5;CAR_6:POS:6;CAR_7:POS:7
[BATCH] JOIN request after consensus complete - returning decision: CAR_0:POS:0;CAR_1:POS:1;CAR_2:POS:2;CAR_3:POS:3;CAR_4:POS:4;CAR_5:POS:5;CAR_6:POS:6;CAR_7:POS:7
[BATCH] JOIN request after consensus complete - returning decision: CAR_0:POS:0;CAR_1:POS:1;CAR_2:POS:2;CAR_3:POS:3;CAR_4:POS:4;CAR_5:POS:5;CAR_6:POS:6;CAR_7:POS:7
[BATCH] JOIN request after consensus complete - returning decision: CAR_0:POS:0;CAR_1:POS:1;CAR_2:POS:2;CAR_3:POS:3;CAR_4:POS:4;CAR_5:POS:5;CAR_6:POS:6;CAR_7:POS:7
[BATCH] JOIN request after consensus complete - returning decision: CAR_0:POS:0;CAR_1:POS:1;CAR_2:POS:2;CAR_3:POS:3;CAR_4:POS:4;CAR_5:POS:5;CAR_6:POS:6;CAR_7:POS:7
[BATCH] JOIN request after consensus complete - returning decision: CAR_0:POS:0;CAR_1:POS:1;CAR_2:POS:2;CAR_3:POS:3;CAR_4:POS:4;CAR_5:POS:5;CAR_6:POS:6;CAR_7:POS:7
[BATCH] JOIN request after consensus complete - returning decision: CAR_0:POS:0;CAR_1:POS:1;CAR_2:POS:2;CAR_3:POS:3;CAR_4:POS:4;CAR_5:POS:5;CAR_6:POS:6;CAR_7:POS:7
[BATCH] JOIN request after consensus complete - returning decision: CAR_0:POS:0;CAR_1:POS:1;CAR_2:POS:2;CAR_3:POS:3;CAR_4:POS:4;CAR_5:POS:5;CAR_6:POS:6;CAR_7:POS:7
[BATCH] JOIN request after consensus complete - returning decision: CAR_0:POS:0;CAR_1:POS:1;CAR_2:POS:2;CAR_3:POS:3;CAR_4:POS:4;CAR_5:POS:5;CAR_6:POS:6;CAR_7:POS:7
[BATCH] JOIN request after consensus complete - returning decision: CAR_0:POS:0;CAR_1:POS:1;CAR_2:POS:2;CAR_3:POS:3;CAR_4:POS:4;CAR_5:POS:5;CAR_6:POS:6;CAR_7:POS:7
[BATCH] JOIN request after consensus complete - returning decision: CAR_0:POS:0;CAR_1:POS:1;CAR_2:POS:2;CAR_3:POS:3;CAR_4:POS:4;CAR_5:POS:5;CAR_6:POS:6;CAR_7:POS:7
[BATCH] JOIN request after consensus complete - returning decision: CAR_0:POS:0;CAR_1:POS:1;CAR_2:POS:2;CAR_3:POS:3;CAR_4:POS:4;CAR_5:POS:5;CAR_6:POS:6;CAR_7:POS:7
[BATCH] JOIN request after consensus complete - returning decision: CAR_0:POS:0;CAR_1:POS:1;CAR_2:POS:2;CAR_3:POS:3;CAR_4:POS:4;CAR_5:POS:5;CAR_6:POS:6;CAR_7:POS:7
[BATCH] JOIN request after consensus complete - returning decision: CAR_0:POS:0;CAR_1:POS:1;CAR_2:POS:2;CAR_3:POS:3;CAR_4:POS:4;CAR_5:POS:5;CAR_6:POS:6;CAR_7:POS:7
[BATCH] JOIN request after consensus complete - returning decision: CAR_0:POS:0;CAR_1:POS:1;CAR_2:POS:2;CAR_3:POS:3;CAR_4:POS:4;CAR_5:POS:5;CAR_6:POS:6;CAR_7:POS:7
[BATCH] JOIN request after consensus complete - returning decision: CAR_0:POS:0;CAR_1:POS:1;CAR_2:POS:2;CAR_3:POS:3;CAR_4:POS:4;CAR_5:POS:5;CAR_6:POS:6;CAR_7:POS:7
[BATCH] JOIN request after consensus complete - returning decision: CAR_0:POS:0;CAR_1:POS:1;CAR_2:POS:2;CAR_3:POS:3;CAR_4:POS:4;CAR_5:POS:5;CAR_6:POS:6;CAR_7:POS:7
[BATCH] JOIN request after consensus complete - returning decision: CAR_0:POS:0;CAR_1:POS:1;CAR_2:POS:2;CAR_3:POS:3;CAR_4:POS:4;CAR_5:POS:5;CAR_6:POS:6;CAR_7:POS:7
[BATCH] JOIN request after consensus complete - returning decision: CAR_0:POS:0;CAR_1:POS:1;CAR_2:POS:2;CAR_3:POS:3;CAR_4:POS:4;CAR_5:POS:5;CAR_6:POS:6;CAR_7:POS:7
[BATCH] JOIN request after consensus complete - returning decision: CAR_0:POS:0;CAR_1:POS:1;CAR_2:POS:2;CAR_3:POS:3;CAR_4:POS:4;CAR_5:POS:5;CAR_6:POS:6;CAR_7:POS:7
[BATCH] JOIN request after consensus complete - returning decision: CAR_0:POS:0;CAR_1:POS:1;CAR_2:POS:2;CAR_3:POS:3;CAR_4:POS:4;CAR_5:POS:5;CAR_6:POS:6;CAR_7:POS:7
[BATCH] JOIN request after consensus complete - returning decision: CAR_0:POS:0;CAR_1:POS:1;CAR_2:POS:2;CAR_3:POS:3;CAR_4:POS:4;CAR_5:POS:5;CAR_6:POS:6;CAR_7:POS:7
[BATCH] JOIN request after consensus complete - returning decision: CAR_0:POS:0;CAR_1:POS:1;CAR_2:POS:2;CAR_3:POS:3;CAR_4:POS:4;CAR_5:POS:5;CAR_6:POS:6;CAR_7:POS:7
[BATCH] JOIN request after consensus complete - returning decision: CAR_0:POS:0;CAR_1:POS:1;CAR_2:POS:2;CAR_3:POS:3;CAR_4:POS:4;CAR_5:POS:5;CAR_6:POS:6;CAR_7:POS:7
[BATCH] JOIN request after consensus complete - returning decision: CAR_0:POS:0;CAR_1:POS:1;CAR_2:POS:2;CAR_3:POS:3;CAR_4:POS:4;CAR_5:POS:5;CAR_6:POS:6;CAR_7:POS:7
[BATCH] JOIN request after consensus complete - returning decision: CAR_0:POS:0;CAR_1:POS:1;CAR_2:POS:2;CAR_3:POS:3;CAR_4:POS:4;CAR_5:POS:5;CAR_6:POS:6;CAR_7:POS:7
[BATCH] JOIN request after consensus complete - returning decision: CAR_0:POS:0;CAR_1:POS:1;CAR_2:POS:2;CAR_3:POS:3;CAR_4:POS:4;CAR_5:POS:5;CAR_6:POS:6;CAR_7:POS:7
[BATCH] JOIN request after consensus complete - returning decision: CAR_0:POS:0;CAR_1:POS:1;CAR_2:POS:2;CAR_3:POS:3;CAR_4:POS:4;CAR_5:POS:5;CAR_6:POS:6;CAR_7:POS:7
[BATCH] JOIN request after consensus complete - returning decision: CAR_0:POS:0;CAR_1:POS:1;CAR_2:POS:2;CAR_3:POS:3;CAR_4:POS:4;CAR_5:POS:5;CAR_6:POS:6;CAR_7:POS:7
[BATCH] JOIN request after consensus complete - returning decision: CAR_0:POS:0;CAR_1:POS:1;CAR_2:POS:2;CAR_3:POS:3;CAR_4:POS:4;CAR_5:POS:5;CAR_6:POS:6;CAR_7:POS:7
[BATCH] JOIN request after consensus complete - returning decision: CAR_0:POS:0;CAR_1:POS:1;CAR_2:POS:2;CAR_3:POS:3;CAR_4:POS:4;CAR_5:POS:5;CAR_6:POS:6;CAR_7:POS:7
[BATCH] JOIN request after consensus complete - returning decision: CAR_0:POS:0;CAR_1:POS:1;CAR_2:POS:2;CAR_3:POS:3;CAR_4:POS:4;CAR_5:POS:5;CAR_6:POS:6;CAR_7:POS:7
[BATCH] JOIN request after consensus complete - returning decision: CAR_0:POS:0;CAR_1:POS:1;CAR_2:POS:2;CAR_3:POS:3;CAR_4:POS:4;CAR_5:POS:5;CAR_6:POS:6;CAR_7:POS:7
[BATCH] JOIN request after consensus complete - returning decision: CAR_0:POS:0;CAR_1:POS:1;CAR_2:POS:2;CAR_3:POS:3;CAR_4:POS:4;CAR_5:POS:5;CAR_6:POS:6;CAR_7:POS:7
[BATCH] JOIN request after consensus complete - returning decision: CAR_0:POS:0;CAR_1:POS:1;CAR_2:POS:2;CAR_3:POS:3;CAR_4:POS:4;CAR_5:POS:5;CAR_6:POS:6;CAR_7:POS:7
[BATCH] JOIN request after consensus complete - returning decision: CAR_0:POS:0;CAR_1:POS:1;CAR_2:POS:2;CAR_3:POS:3;CAR_4:POS:4;CAR_5:POS:5;CAR_6:POS:6;CAR_7:POS:7
(1) Round 1 processed 8 cmd(s). App time: 0.810 ms
(1) Round 1 processed 8 cmd(s). App time: 1.368 ms
(1) Round 1 processed 8 cmd(s). App time: 1.744 ms
   joinBuffer = {CAR_7=1.769484075171E9, CAR_5=1.769484075171E9, CAR_6=1.769484075171E9, CAR_3=1.769484075171E9, CAR_4=1.769484075171E9, CAR_1=1.769484075171E9, CAR_2=1.769484075171E9, CAR_0=1.769484075171E9}
   batchProcessed = true
   finalDecision = CAR_0:POS:0;CAR_1:POS:1;CAR_2:POS:2;CAR_3:POS:3;CAR_4:POS:4;CAR_5:POS:5;CAR_6:POS:6;CAR_7:POS:7
(1) Round 1 processed 8 cmd(s). App time: 2.702 ms
   joinBuffer = {CAR_7=1.76948407517E9, CAR_5=1.76948407517E9, CAR_6=1.76948407517E9, CAR_3=1.76948407517E9, CAR_4=1.76948407517E9, CAR_1=1.76948407517E9, CAR_2=1.76948407517E9, CAR_0=1.76948407517E9}
   batchProcessed = true
   finalDecision = CAR_0:POS:0;CAR_1:POS:1;CAR_2:POS:2;CAR_3:POS:3;CAR_4:POS:4;CAR_5:POS:5;CAR_6:POS:6;CAR_7:POS:7
(1) Round 1 processed 8 cmd(s). App time: 2.901 ms
   joinBuffer = {CAR_7=1.769484075171E9, CAR_5=1.769484075171E9, CAR_6=1.769484075171E9, CAR_3=1.76948407517E9, CAR_4=1.76948407517E9, CAR_1=1.76948407517E9, CAR_2=1.76948407517E9, CAR_0=1.76948407517E9}
   batchProcessed = true
   finalDecision = CAR_0:POS:0;CAR_1:POS:1;CAR_2:POS:2;CAR_3:POS:3;CAR_4:POS:4;CAR_5:POS:5;CAR_6:POS:6;CAR_7:POS:7
   joinBuffer = {CAR_7=1.769484075171E9, CAR_5=1.769484075171E9, CAR_6=1.769484075171E9, CAR_3=1.769484075171E9, CAR_4=1.769484075171E9, CAR_1=1.769484075171E9, CAR_2=1.769484075171E9, CAR_0=1.769484075171E9}
   batchProcessed = true
   finalDecision = CAR_0:POS:0;CAR_1:POS:1;CAR_2:POS:2;CAR_3:POS:3;CAR_4:POS:4;CAR_5:POS:5;CAR_6:POS:6;CAR_7:POS:7
   joinBuffer = {CAR_7=1.76948407517E9, CAR_5=1.76948407517E9, CAR_6=1.76948407517E9, CAR_3=1.76948407517E9, CAR_4=1.76948407517E9, CAR_1=1.76948407517E9, CAR_2=1.76948407517E9, CAR_0=1.76948407517E9}
   batchProcessed = true
   finalDecision = CAR_0:POS:0;CAR_1:POS:1;CAR_2:POS:2;CAR_3:POS:3;CAR_4:POS:4;CAR_5:POS:5;CAR_6:POS:6;CAR_7:POS:7
19:21:15.173 [Delivery Thread] DEBUG bftsmart.tom.ServiceReplica - Sending reply to 1000 with sequence number 0 and operation ID 0 via ReplyManager
19:21:15.173 [Delivery Thread] DEBUG bftsmart.tom.ServiceReplica - Sending reply to 1000 with sequence number 0 and operation ID 0 via ReplyManager
19:21:15.173 [Delivery Thread] DEBUG bftsmart.tom.ServiceReplica - Sending reply to 1001 with sequence number 0 and operation ID 0 via ReplyManager
19:21:15.173 [Delivery Thread] DEBUG bftsmart.tom.ServiceReplica - Sending reply to 1000 with sequence number 0 and operation ID 0 via ReplyManager
19:21:15.173 [Delivery Thread] DEBUG bftsmart.tom.ServiceReplica - Sending reply to 1001 with sequence number 0 and operation ID 0 via ReplyManager
19:21:15.173 [Delivery Thread] DEBUG bftsmart.tom.ServiceReplica - Sending reply to 1002 with sequence number 0 and operation ID 0 via ReplyManager
19:21:15.173 [Delivery Thread] DEBUG bftsmart.tom.ServiceReplica - Sending reply to 1000 with sequence number 0 and operation ID 0 via ReplyManager
19:21:15.173 [Delivery Thread] DEBUG bftsmart.tom.ServiceReplica - Sending reply to 1002 with sequence number 0 and operation ID 0 via ReplyManager
19:21:15.173 [Delivery Thread] DEBUG bftsmart.tom.ServiceReplica - Sending reply to 1003 with sequence number 0 and operation ID 0 via ReplyManager
19:21:15.173 [Delivery Thread] DEBUG bftsmart.tom.ServiceReplica - Sending reply to 1000 with sequence number 0 and operation ID 0 via ReplyManager
19:21:15.173 [Delivery Thread] DEBUG bftsmart.tom.ServiceReplica - Sending reply to 1003 with sequence number 0 and operation ID 0 via ReplyManager
19:21:15.173 [Delivery Thread] DEBUG bftsmart.tom.ServiceReplica - Sending reply to 1001 with sequence number 0 and operation ID 0 via ReplyManager
19:21:15.173 [Delivery Thread] DEBUG bftsmart.tom.ServiceReplica - Sending reply to 1001 with sequence number 0 and operation ID 0 via ReplyManager
19:21:15.173 [Delivery Thread] DEBUG bftsmart.tom.ServiceReplica - Sending reply to 1002 with sequence number 0 and operation ID 0 via ReplyManager
19:21:15.173 [Delivery Thread] DEBUG bftsmart.tom.ServiceReplica - Sending reply to 1004 with sequence number 0 and operation ID 0 via ReplyManager
19:21:15.173 [Delivery Thread] DEBUG bftsmart.tom.ServiceReplica - Sending reply to 1001 with sequence number 0 and operation ID 0 via ReplyManager
19:21:15.174 [Delivery Thread] DEBUG bftsmart.tom.ServiceReplica - Sending reply to 1003 with sequence number 0 and operation ID 0 via ReplyManager
19:21:15.174 [Delivery Thread] DEBUG bftsmart.tom.ServiceReplica - Sending reply to 1002 with sequence number 0 and operation ID 0 via ReplyManager
19:21:15.173 [Delivery Thread] DEBUG bftsmart.tom.ServiceReplica - Sending reply to 1004 with sequence number 0 and operation ID 0 via ReplyManager
19:21:15.174 [Delivery Thread] DEBUG bftsmart.tom.ServiceReplica - Sending reply to 1004 with sequence number 0 and operation ID 0 via ReplyManager
19:21:15.174 [Delivery Thread] DEBUG bftsmart.tom.ServiceReplica - Sending reply to 1003 with sequence number 0 and operation ID 0 via ReplyManager
19:21:15.174 [Delivery Thread] DEBUG bftsmart.tom.ServiceReplica - Sending reply to 1004 with sequence number 0 and operation ID 0 via ReplyManager
19:21:15.174 [Delivery Thread] DEBUG bftsmart.tom.ServiceReplica - Sending reply to 1002 with sequence number 0 and operation ID 0 via ReplyManager
19:21:15.174 [Delivery Thread] DEBUG bftsmart.tom.ServiceReplica - Sending reply to 1005 with sequence number 0 and operation ID 0 via ReplyManager
19:21:15.174 [Delivery Thread] DEBUG bftsmart.tom.ServiceReplica - Sending reply to 1006 with sequence number 0 and operation ID 0 via ReplyManager
19:21:15.174 [Delivery Thread] DEBUG bftsmart.tom.ServiceReplica - Sending reply to 1003 with sequence number 0 and operation ID 0 via ReplyManager
19:21:15.174 [Delivery Thread] DEBUG bftsmart.tom.ServiceReplica - Sending reply to 1005 with sequence number 0 and operation ID 0 via ReplyManager
19:21:15.174 [Delivery Thread] DEBUG bftsmart.tom.ServiceReplica - Sending reply to 1007 with sequence number 0 and operation ID 0 via ReplyManager
19:21:15.174 [Delivery Thread] DEBUG bftsmart.tom.ServiceReplica - Sending reply to 1006 with sequence number 0 and operation ID 0 via ReplyManager
19:21:15.174 [Delivery Thread] DEBUG bftsmart.tom.ServiceReplica - BATCHEXECUTOR END
19:21:15.174 [Delivery Thread] DEBUG bftsmart.tom.ServiceReplica - Sending reply to 1007 with sequence number 0 and operation ID 0 via ReplyManager
19:21:15.174 [Delivery Thread] DEBUG bftsmart.tom.ServiceReplica - BATCHEXECUTOR END
19:21:15.174 [Delivery Thread] DEBUG bftsmart.tom.ServiceReplica - Sending reply to 1005 with sequence number 0 and operation ID 0 via ReplyManager
19:21:15.174 [nioEventLoopGroup-18-5] DEBUG bftsmart.communication.client.netty.NettyTOMMessageDecoder - Decoded reply from 4 with sequence number 0
19:21:15.174 [nioEventLoopGroup-25-5] DEBUG bftsmart.communication.client.netty.NettyTOMMessageDecoder - Decoded reply from 4 with sequence number 0
19:21:15.174 [nioEventLoopGroup-20-2] DEBUG bftsmart.communication.client.netty.NettyTOMMessageDecoder - Decoded reply from 1 with sequence number 0
19:21:15.174 [nioEventLoopGroup-23-5] DEBUG bftsmart.communication.client.netty.NettyTOMMessageDecoder - Decoded reply from 4 with sequence number 0
19:21:15.174 [nioEventLoopGroup-20-3] DEBUG bftsmart.communication.client.netty.NettyTOMMessageDecoder - Decoded reply from 2 with sequence number 0
19:21:15.174 [Delivery Thread] DEBUG bftsmart.tom.ServiceReplica - Sending reply to 1005 with sequence number 0 and operation ID 0 via ReplyManager
19:21:15.174 [nioEventLoopGroup-23-5] DEBUG bftsmart.communication.client.netty.NettyClientServerCommunicationSystemClientSide - channelRead0(ChannelHandlerContext ctx, TOMMessage sm).
19:21:15.174 [nioEventLoopGroup-20-3] DEBUG bftsmart.communication.client.netty.NettyClientServerCommunicationSystemClientSide - channelRead0(ChannelHandlerContext ctx, TOMMessage sm).
19:21:15.174 [nioEventLoopGroup-20-2] DEBUG bftsmart.communication.client.netty.NettyClientServerCommunicationSystemClientSide - channelRead0(ChannelHandlerContext ctx, TOMMessage sm).
19:21:15.174 [Delivery Thread] DEBUG bftsmart.tom.ServiceReplica - Sending reply to 1004 with sequence number 0 and operation ID 0 via ReplyManager
19:21:15.174 [nioEventLoopGroup-25-3] DEBUG bftsmart.communication.client.netty.NettyTOMMessageDecoder - Decoded reply from 2 with sequence number 0
19:21:15.175 [nioEventLoopGroup-19-1] DEBUG bftsmart.communication.client.netty.NettyTOMMessageDecoder - Decoded reply from 0 with sequence number 0
19:21:15.175 [nioEventLoopGroup-20-2] DEBUG bftsmart.proxy - Synchronously received reply from 1 with sequence number 0
19:21:15.174 [nioEventLoopGroup-24-1] DEBUG bftsmart.communication.client.netty.NettyTOMMessageDecoder - Decoded reply from 0 with sequence number 0
19:21:15.175 [Delivery Thread] DEBUG bftsmart.tom.ServiceReplica - Sending reply to 1005 with sequence number 0 and operation ID 0 via ReplyManager
19:21:15.175 [nioEventLoopGroup-20-2] DEBUG bftsmart.proxy - (current reqId: 0) Received reply from 1 with reqId: 0
19:21:15.174 [nioEventLoopGroup-18-5] DEBUG bftsmart.communication.client.netty.NettyClientServerCommunicationSystemClientSide - channelRead0(ChannelHandlerContext ctx, TOMMessage sm).
19:21:15.175 [Delivery Thread] DEBUG bftsmart.tom.ServiceReplica - Sending reply to 1006 with sequence number 0 and operation ID 0 via ReplyManager
19:21:15.174 [Delivery Thread] DEBUG bftsmart.tom.ServiceReplica - Sending reply to 1006 with sequence number 0 and operation ID 0 via ReplyManager
19:21:15.175 [nioEventLoopGroup-21-3] DEBUG bftsmart.communication.client.netty.NettyTOMMessageDecoder - Decoded reply from 2 with sequence number 0
19:21:15.175 [Delivery Thread] DEBUG bftsmart.tom.ServiceReplica - Sending reply to 1006 with sequence number 0 and operation ID 0 via ReplyManager
19:21:15.175 [nioEventLoopGroup-21-5] DEBUG bftsmart.communication.client.netty.NettyTOMMessageDecoder - Decoded reply from 4 with sequence number 0
19:21:15.175 [nioEventLoopGroup-21-3] DEBUG bftsmart.communication.client.netty.NettyClientServerCommunicationSystemClientSide - channelRead0(ChannelHandlerContext ctx, TOMMessage sm).
19:21:15.175 [nioEventLoopGroup-21-5] DEBUG bftsmart.communication.client.netty.NettyClientServerCommunicationSystemClientSide - channelRead0(ChannelHandlerContext ctx, TOMMessage sm).
19:21:15.175 [Delivery Thread] DEBUG bftsmart.tom.ServiceReplica - Sending reply to 1007 with sequence number 0 and operation ID 0 via ReplyManager
19:21:15.175 [nioEventLoopGroup-21-5] DEBUG bftsmart.proxy - Synchronously received reply from 4 with sequence number 0
19:21:15.175 [Delivery Thread] DEBUG bftsmart.tom.ServiceReplica - Sending reply to 1007 with sequence number 0 and operation ID 0 via ReplyManager
19:21:15.175 [Delivery Thread] DEBUG bftsmart.tom.ServiceReplica - BATCHEXECUTOR END
19:21:15.175 [nioEventLoopGroup-19-1] DEBUG bftsmart.communication.client.netty.NettyClientServerCommunicationSystemClientSide - channelRead0(ChannelHandlerContext ctx, TOMMessage sm).
19:21:15.175 [Delivery Thread] DEBUG bftsmart.tom.ServiceReplica - BATCHEXECUTOR END
19:21:15.175 [nioEventLoopGroup-19-1] DEBUG bftsmart.proxy - Synchronously received reply from 0 with sequence number 0
19:21:15.175 [nioEventLoopGroup-19-1] DEBUG bftsmart.proxy - (current reqId: 0) Received reply from 0 with reqId: 0
19:21:15.175 [nioEventLoopGroup-25-3] DEBUG bftsmart.communication.client.netty.NettyClientServerCommunicationSystemClientSide - channelRead0(ChannelHandlerContext ctx, TOMMessage sm).
19:21:15.175 [nioEventLoopGroup-20-5] DEBUG bftsmart.communication.client.netty.NettyTOMMessageDecoder - Decoded reply from 4 with sequence number 0
19:21:15.175 [nioEventLoopGroup-24-1] DEBUG bftsmart.communication.client.netty.NettyClientServerCommunicationSystemClientSide - channelRead0(ChannelHandlerContext ctx, TOMMessage sm).
19:21:15.175 [nioEventLoopGroup-18-5] DEBUG bftsmart.proxy - Synchronously received reply from 4 with sequence number 0
19:21:15.175 [nioEventLoopGroup-22-2] DEBUG bftsmart.communication.client.netty.NettyTOMMessageDecoder - Decoded reply from 1 with sequence number 0
19:21:15.175 [nioEventLoopGroup-18-5] DEBUG bftsmart.proxy - (current reqId: 0) Received reply from 4 with reqId: 0
19:21:15.175 [Delivery Thread] DEBUG bftsmart.tom.ServiceReplica - Sending reply to 1007 with sequence number 0 and operation ID 0 via ReplyManager
19:21:15.175 [nioEventLoopGroup-22-2] DEBUG bftsmart.communication.client.netty.NettyClientServerCommunicationSystemClientSide - channelRead0(ChannelHandlerContext ctx, TOMMessage sm).
19:21:15.175 [nioEventLoopGroup-22-2] DEBUG bftsmart.proxy - Synchronously received reply from 1 with sequence number 0
19:21:15.175 [nioEventLoopGroup-21-2] DEBUG bftsmart.communication.client.netty.NettyTOMMessageDecoder - Decoded reply from 1 with sequence number 0
19:21:15.175 [Delivery Thread] DEBUG bftsmart.tom.ServiceReplica - BATCHEXECUTOR END
19:21:15.175 [nioEventLoopGroup-21-3] DEBUG bftsmart.proxy - Synchronously received reply from 2 with sequence number 0
19:21:15.175 [nioEventLoopGroup-21-2] DEBUG bftsmart.communication.client.netty.NettyClientServerCommunicationSystemClientSide - channelRead0(ChannelHandlerContext ctx, TOMMessage sm).
19:21:15.175 [nioEventLoopGroup-24-2] DEBUG bftsmart.communication.client.netty.NettyTOMMessageDecoder - Decoded reply from 1 with sequence number 0
19:21:15.175 [nioEventLoopGroup-21-1] DEBUG bftsmart.communication.client.netty.NettyTOMMessageDecoder - Decoded reply from 0 with sequence number 0
19:21:15.175 [nioEventLoopGroup-24-1] DEBUG bftsmart.proxy - Synchronously received reply from 0 with sequence number 0
19:21:15.175 [nioEventLoopGroup-24-2] DEBUG bftsmart.communication.client.netty.NettyClientServerCommunicationSystemClientSide - channelRead0(ChannelHandlerContext ctx, TOMMessage sm).
19:21:15.175 [nioEventLoopGroup-21-1] DEBUG bftsmart.communication.client.netty.NettyClientServerCommunicationSystemClientSide - channelRead0(ChannelHandlerContext ctx, TOMMessage sm).
19:21:15.175 [nioEventLoopGroup-24-2] DEBUG bftsmart.proxy - Synchronously received reply from 1 with sequence number 0
19:21:15.175 [nioEventLoopGroup-24-2] DEBUG bftsmart.proxy - (current reqId: 0) Received reply from 1 with reqId: 0
19:21:15.175 [nioEventLoopGroup-21-2] DEBUG bftsmart.proxy - Synchronously received reply from 1 with sequence number 0
19:21:15.175 [nioEventLoopGroup-21-1] DEBUG bftsmart.proxy - Synchronously received reply from 0 with sequence number 0
19:21:15.176 [nioEventLoopGroup-24-1] DEBUG bftsmart.proxy - (current reqId: 0) Received reply from 0 with reqId: 0
19:21:15.175 [nioEventLoopGroup-25-3] DEBUG bftsmart.proxy - Synchronously received reply from 2 with sequence number 0
19:21:15.174 [nioEventLoopGroup-25-5] DEBUG bftsmart.communication.client.netty.NettyClientServerCommunicationSystemClientSide - channelRead0(ChannelHandlerContext ctx, TOMMessage sm).
19:21:15.175 [nioEventLoopGroup-20-3] DEBUG bftsmart.proxy - Synchronously received reply from 2 with sequence number 0
19:21:15.177 [nioEventLoopGroup-25-3] DEBUG bftsmart.proxy - (current reqId: 0) Received reply from 2 with reqId: 0
19:21:15.175 [nioEventLoopGroup-23-5] DEBUG bftsmart.proxy - Synchronously received reply from 4 with sequence number 0
19:21:15.177 [nioEventLoopGroup-20-3] DEBUG bftsmart.proxy - (current reqId: 0) Received reply from 2 with reqId: 0
19:21:15.177 [nioEventLoopGroup-23-5] DEBUG bftsmart.proxy - (current reqId: 0) Received reply from 4 with reqId: 0
19:21:15.177 [nioEventLoopGroup-25-5] DEBUG bftsmart.proxy - Synchronously received reply from 4 with sequence number 0
19:21:15.175 [nioEventLoopGroup-22-1] DEBUG bftsmart.communication.client.netty.NettyTOMMessageDecoder - Decoded reply from 0 with sequence number 0
19:21:15.175 [nioEventLoopGroup-20-5] DEBUG bftsmart.communication.client.netty.NettyClientServerCommunicationSystemClientSide - channelRead0(ChannelHandlerContext ctx, TOMMessage sm).
19:21:15.177 [nioEventLoopGroup-25-6] DEBUG bftsmart.communication.client.netty.NettyTOMMessageDecoder - Decoded reply from 5 with sequence number 0
19:21:15.177 [nioEventLoopGroup-24-6] DEBUG bftsmart.communication.client.netty.NettyTOMMessageDecoder - Decoded reply from 5 with sequence number 0
19:21:15.177 [nioEventLoopGroup-25-6] DEBUG bftsmart.communication.client.netty.NettyClientServerCommunicationSystemClientSide - channelRead0(ChannelHandlerContext ctx, TOMMessage sm).
19:21:15.175 [nioEventLoopGroup-21-5] DEBUG bftsmart.proxy - (current reqId: 0) Received reply from 4 with reqId: 0
19:21:15.177 [nioEventLoopGroup-25-6] DEBUG bftsmart.proxy - Synchronously received reply from 5 with sequence number 0
19:21:15.177 [nioEventLoopGroup-25-5] DEBUG bftsmart.proxy - (current reqId: 0) Received reply from 4 with reqId: 0
19:21:15.177 [nioEventLoopGroup-21-3] DEBUG bftsmart.proxy - (current reqId: 0) Received reply from 2 with reqId: 0
19:21:15.177 [nioEventLoopGroup-20-5] DEBUG bftsmart.proxy - Synchronously received reply from 4 with sequence number 0
19:21:15.177 [nioEventLoopGroup-22-3] DEBUG bftsmart.communication.client.netty.NettyTOMMessageDecoder - Decoded reply from 2 with sequence number 0
19:21:15.177 [nioEventLoopGroup-25-6] DEBUG bftsmart.proxy - (current reqId: 0) Received reply from 5 with reqId: 0
19:21:15.177 [nioEventLoopGroup-22-3] DEBUG bftsmart.communication.client.netty.NettyClientServerCommunicationSystemClientSide - channelRead0(ChannelHandlerContext ctx, TOMMessage sm).
19:21:15.177 [nioEventLoopGroup-22-3] DEBUG bftsmart.proxy - Synchronously received reply from 2 with sequence number 0
19:21:15.177 [nioEventLoopGroup-24-3] DEBUG bftsmart.communication.client.netty.NettyTOMMessageDecoder - Decoded reply from 2 with sequence number 0
19:21:15.175 [nioEventLoopGroup-22-2] DEBUG bftsmart.proxy - (current reqId: 0) Received reply from 1 with reqId: 0
19:21:15.177 [nioEventLoopGroup-23-2] DEBUG bftsmart.communication.client.netty.NettyTOMMessageDecoder - Decoded reply from 1 with sequence number 0
19:21:15.177 [nioEventLoopGroup-22-1] DEBUG bftsmart.communication.client.netty.NettyClientServerCommunicationSystemClientSide - channelRead0(ChannelHandlerContext ctx, TOMMessage sm).
19:21:15.177 [nioEventLoopGroup-24-6] DEBUG bftsmart.communication.client.netty.NettyClientServerCommunicationSystemClientSide - channelRead0(ChannelHandlerContext ctx, TOMMessage sm).
19:21:15.178 [nioEventLoopGroup-25-6] DEBUG bftsmart.proxy - Comparing 3 responses with response from 5
19:21:15.177 [nioEventLoopGroup-18-2] DEBUG bftsmart.communication.client.netty.NettyTOMMessageDecoder - Decoded reply from 1 with sequence number 0
19:21:15.178 [nioEventLoopGroup-23-2] DEBUG bftsmart.communication.client.netty.NettyClientServerCommunicationSystemClientSide - channelRead0(ChannelHandlerContext ctx, TOMMessage sm).
19:21:15.178 [nioEventLoopGroup-23-2] DEBUG bftsmart.proxy - Synchronously received reply from 1 with sequence number 0
19:21:15.178 [nioEventLoopGroup-23-2] DEBUG bftsmart.proxy - (current reqId: 0) Received reply from 1 with reqId: 0
19:21:15.177 [nioEventLoopGroup-18-1] DEBUG bftsmart.communication.client.netty.NettyTOMMessageDecoder - Decoded reply from 0 with sequence number 0
19:21:15.178 [nioEventLoopGroup-23-3] DEBUG bftsmart.communication.client.netty.NettyTOMMessageDecoder - Decoded reply from 2 with sequence number 0
19:21:15.178 [nioEventLoopGroup-25-2] DEBUG bftsmart.communication.client.netty.NettyTOMMessageDecoder - Decoded reply from 1 with sequence number 0
19:21:15.178 [nioEventLoopGroup-20-6] DEBUG bftsmart.communication.client.netty.NettyTOMMessageDecoder - Decoded reply from 5 with sequence number 0
19:21:15.177 [nioEventLoopGroup-19-3] DEBUG bftsmart.communication.client.netty.NettyTOMMessageDecoder - Decoded reply from 2 with sequence number 0
19:21:15.178 [nioEventLoopGroup-18-1] DEBUG bftsmart.communication.client.netty.NettyClientServerCommunicationSystemClientSide - channelRead0(ChannelHandlerContext ctx, TOMMessage sm).
19:21:15.178 [nioEventLoopGroup-20-6] DEBUG bftsmart.communication.client.netty.NettyClientServerCommunicationSystemClientSide - channelRead0(ChannelHandlerContext ctx, TOMMessage sm).
19:21:15.178 [nioEventLoopGroup-18-1] DEBUG bftsmart.proxy - Synchronously received reply from 0 with sequence number 0
19:21:15.178 [nioEventLoopGroup-18-6] DEBUG bftsmart.communication.client.netty.NettyTOMMessageDecoder - Decoded reply from 5 with sequence number 0
19:21:15.177 [nioEventLoopGroup-21-6] DEBUG bftsmart.communication.client.netty.NettyTOMMessageDecoder - Decoded reply from 5 with sequence number 0
19:21:15.178 [nioEventLoopGroup-22-6] DEBUG bftsmart.communication.client.netty.NettyTOMMessageDecoder - Decoded reply from 5 with sequence number 0
19:21:15.178 [Thread-106] DEBUG bftsmart.proxy - Response extracted: [5:-991227902:0]
19:21:15.178 [nioEventLoopGroup-22-6] DEBUG bftsmart.communication.client.netty.NettyClientServerCommunicationSystemClientSide - channelRead0(ChannelHandlerContext ctx, TOMMessage sm).
19:21:15.178 [nioEventLoopGroup-19-5] DEBUG bftsmart.communication.client.netty.NettyTOMMessageDecoder - Decoded reply from 4 with sequence number 0
19:21:15.177 [nioEventLoopGroup-20-5] DEBUG bftsmart.proxy - (current reqId: 0) Received reply from 4 with reqId: 0
19:21:15.178 [nioEventLoopGroup-21-6] DEBUG bftsmart.communication.client.netty.NettyClientServerCommunicationSystemClientSide - channelRead0(ChannelHandlerContext ctx, TOMMessage sm).
[SERVER 2] JOIN reply: CAR_0:POS:0;CAR_1:POS:1;CAR_2:POS:2;CAR_3:POS:3;CAR_4:POS:4;CAR_5:POS:5;CAR_6:POS:6;CAR_7:POS:7
19:21:15.178 [nioEventLoopGroup-23-1] DEBUG bftsmart.communication.client.netty.NettyTOMMessageDecoder - Decoded reply from 0 with sequence number 0
19:21:15.177 [nioEventLoopGroup-23-6] DEBUG bftsmart.communication.client.netty.NettyTOMMessageDecoder - Decoded reply from 5 with sequence number 0
19:21:15.178 [nioEventLoopGroup-22-5] DEBUG bftsmart.communication.client.netty.NettyTOMMessageDecoder - Decoded reply from 4 with sequence number 0
19:21:15.177 [nioEventLoopGroup-21-2] DEBUG bftsmart.proxy - (current reqId: 0) Received reply from 1 with reqId: 0
19:21:15.178 [nioEventLoopGroup-23-6] DEBUG bftsmart.communication.client.netty.NettyClientServerCommunicationSystemClientSide - channelRead0(ChannelHandlerContext ctx, TOMMessage sm).
19:21:15.178 [nioEventLoopGroup-22-5] DEBUG bftsmart.communication.client.netty.NettyClientServerCommunicationSystemClientSide - channelRead0(ChannelHandlerContext ctx, TOMMessage sm).
19:21:15.178 [nioEventLoopGroup-23-6] DEBUG bftsmart.proxy - Synchronously received reply from 5 with sequence number 0
19:21:15.178 [nioEventLoopGroup-22-5] DEBUG bftsmart.proxy - Synchronously received reply from 4 with sequence number 0
19:21:15.178 [nioEventLoopGroup-23-6] DEBUG bftsmart.proxy - (current reqId: 0) Received reply from 5 with reqId: 0
19:21:15.178 [nioEventLoopGroup-21-2] DEBUG bftsmart.proxy - Comparing 3 responses with response from 1
19:21:15.177 [nioEventLoopGroup-24-3] DEBUG bftsmart.communication.client.netty.NettyClientServerCommunicationSystemClientSide - channelRead0(ChannelHandlerContext ctx, TOMMessage sm).
19:21:15.178 [nioEventLoopGroup-24-3] DEBUG bftsmart.proxy - Synchronously received reply from 2 with sequence number 0
19:21:15.178 [nioEventLoopGroup-22-1] DEBUG bftsmart.proxy - Synchronously received reply from 0 with sequence number 0
19:21:15.178 [nioEventLoopGroup-24-3] DEBUG bftsmart.proxy - (current reqId: 0) Received reply from 2 with reqId: 0
19:21:15.178 [nioEventLoopGroup-24-3] DEBUG bftsmart.proxy - Comparing 3 responses with response from 2
[SERVER 2] Position 2 -> delay=5.14s (slot=2.57s)
19:21:15.178 [nioEventLoopGroup-22-3] DEBUG bftsmart.proxy - (current reqId: 0) Received reply from 2 with reqId: 0
[SERVER 2] Consensus reached! Position: 2 - Calculated delay: 5.142857142857142s
19:21:15.178 [Thread-107] DEBUG bftsmart.proxy - Response extracted: [2:-1171250860:0]
[JNI] notifyVehicleCanGo: replica 2 can go after 5.14286s delay
[V2VProxy 2] JNI received GO signal. Queued for main thread.
19:21:15.178 [nioEventLoopGroup-19-2] DEBUG bftsmart.communication.client.netty.NettyTOMMessageDecoder - Decoded reply from 1 with sequence number 0
[SERVER 3] JOIN reply: CAR_0:POS:0;CAR_1:POS:1;CAR_2:POS:2;CAR_3:POS:3;CAR_4:POS:4;CAR_5:POS:5;CAR_6:POS:6;CAR_7:POS:7
19:21:15.178 [nioEventLoopGroup-25-1] DEBUG bftsmart.communication.client.netty.NettyTOMMessageDecoder - Decoded reply from 0 with sequence number 0
19:21:15.179 [nioEventLoopGroup-25-1] DEBUG bftsmart.communication.client.netty.NettyClientServerCommunicationSystemClientSide - channelRead0(ChannelHandlerContext ctx, TOMMessage sm).
19:21:15.179 [nioEventLoopGroup-22-5] DEBUG bftsmart.proxy - (current reqId: 0) Received reply from 4 with reqId: 0
19:21:15.178 [nioEventLoopGroup-24-6] DEBUG bftsmart.proxy - Synchronously received reply from 5 with sequence number 0
19:21:15.179 [nioEventLoopGroup-25-1] DEBUG bftsmart.proxy - Synchronously received reply from 0 with sequence number 0
19:21:15.179 [nioEventLoopGroup-25-1] DEBUG bftsmart.proxy - throwing out request: sender = 0 reqId = 0
[SERVER 3] Position 3 -> delay=7.71s (slot=2.57s)
19:21:15.179 [nioEventLoopGroup-24-6] DEBUG bftsmart.proxy - throwing out request: sender = 5 reqId = 0
[SERVER 3] Consensus reached! Position: 3 - Calculated delay: 7.7142857142857135s
[JNI] notifyVehicleCanGo: replica 3 can go after 7.71429s delay
[V2VProxy 3] JNI received GO signal. Queued for main thread.
19:21:15.178 [nioEventLoopGroup-18-2] DEBUG bftsmart.communication.client.netty.NettyClientServerCommunicationSystemClientSide - channelRead0(ChannelHandlerContext ctx, TOMMessage sm).
19:21:15.179 [nioEventLoopGroup-18-2] DEBUG bftsmart.proxy - Synchronously received reply from 1 with sequence number 0
19:21:15.178 [nioEventLoopGroup-19-6] DEBUG bftsmart.communication.client.netty.NettyTOMMessageDecoder - Decoded reply from 5 with sequence number 0
19:21:15.178 [nioEventLoopGroup-20-1] DEBUG bftsmart.communication.client.netty.NettyTOMMessageDecoder - Decoded reply from 0 with sequence number 0
19:21:15.179 [nioEventLoopGroup-19-6] DEBUG bftsmart.communication.client.netty.NettyClientServerCommunicationSystemClientSide - channelRead0(ChannelHandlerContext ctx, TOMMessage sm).
19:21:15.179 [nioEventLoopGroup-19-6] DEBUG bftsmart.proxy - Synchronously received reply from 5 with sequence number 0
19:21:15.178 [nioEventLoopGroup-23-3] DEBUG bftsmart.communication.client.netty.NettyClientServerCommunicationSystemClientSide - channelRead0(ChannelHandlerContext ctx, TOMMessage sm).
19:21:15.178 [nioEventLoopGroup-25-2] DEBUG bftsmart.communication.client.netty.NettyClientServerCommunicationSystemClientSide - channelRead0(ChannelHandlerContext ctx, TOMMessage sm).
19:21:15.179 [nioEventLoopGroup-25-2] DEBUG bftsmart.proxy - Synchronously received reply from 1 with sequence number 0
19:21:15.178 [nioEventLoopGroup-18-3] DEBUG bftsmart.communication.client.netty.NettyTOMMessageDecoder - Decoded reply from 2 with sequence number 0
19:21:15.178 [nioEventLoopGroup-20-6] DEBUG bftsmart.proxy - Synchronously received reply from 5 with sequence number 0
19:21:15.179 [nioEventLoopGroup-18-3] DEBUG bftsmart.communication.client.netty.NettyClientServerCommunicationSystemClientSide - channelRead0(ChannelHandlerContext ctx, TOMMessage sm).
19:21:15.179 [nioEventLoopGroup-18-3] DEBUG bftsmart.proxy - Synchronously received reply from 2 with sequence number 0
19:21:15.178 [nioEventLoopGroup-18-1] DEBUG bftsmart.proxy - (current reqId: 0) Received reply from 0 with reqId: 0
19:21:15.178 [nioEventLoopGroup-19-3] DEBUG bftsmart.communication.client.netty.NettyClientServerCommunicationSystemClientSide - channelRead0(ChannelHandlerContext ctx, TOMMessage sm).
19:21:15.178 [nioEventLoopGroup-18-6] DEBUG bftsmart.communication.client.netty.NettyClientServerCommunicationSystemClientSide - channelRead0(ChannelHandlerContext ctx, TOMMessage sm).
19:21:15.180 [nioEventLoopGroup-19-3] DEBUG bftsmart.proxy - Synchronously received reply from 2 with sequence number 0
19:21:15.178 [nioEventLoopGroup-22-6] DEBUG bftsmart.proxy - Synchronously received reply from 5 with sequence number 0
19:21:15.179 [nioEventLoopGroup-18-2] DEBUG bftsmart.proxy - (current reqId: 0) Received reply from 1 with reqId: 0
19:21:15.180 [nioEventLoopGroup-18-6] DEBUG bftsmart.proxy - Synchronously received reply from 5 with sequence number 0
19:21:15.178 [nioEventLoopGroup-21-6] DEBUG bftsmart.proxy - Synchronously received reply from 5 with sequence number 0
19:21:15.178 [nioEventLoopGroup-19-5] DEBUG bftsmart.communication.client.netty.NettyClientServerCommunicationSystemClientSide - channelRead0(ChannelHandlerContext ctx, TOMMessage sm).
19:21:15.180 [nioEventLoopGroup-19-5] DEBUG bftsmart.proxy - Synchronously received reply from 4 with sequence number 0
19:21:15.178 [nioEventLoopGroup-20-5] DEBUG bftsmart.proxy - Comparing 3 responses with response from 4
19:21:15.178 [nioEventLoopGroup-23-1] DEBUG bftsmart.communication.client.netty.NettyClientServerCommunicationSystemClientSide - channelRead0(ChannelHandlerContext ctx, TOMMessage sm).
19:21:15.178 [nioEventLoopGroup-23-6] DEBUG bftsmart.proxy - Comparing 3 responses with response from 5
19:21:15.180 [Thread-105] DEBUG bftsmart.proxy - Response extracted: [4:-1672319045:0]
19:21:15.180 [nioEventLoopGroup-20-6] DEBUG bftsmart.proxy - throwing out request: sender = 5 reqId = 0
[SERVER 1] JOIN reply: CAR_0:POS:0;CAR_1:POS:1;CAR_2:POS:2;CAR_3:POS:3;CAR_4:POS:4;CAR_5:POS:5;CAR_6:POS:6;CAR_7:POS:7
19:21:15.178 [Thread-104] DEBUG bftsmart.proxy - Response extracted: [1:-1143677792:0]
[SERVER 0] JOIN reply: CAR_0:POS:0;CAR_1:POS:1;CAR_2:POS:2;CAR_3:POS:3;CAR_4:POS:4;CAR_5:POS:5;CAR_6:POS:6;CAR_7:POS:7
19:21:15.180 [Thread-111] DEBUG bftsmart.proxy - Response extracted: [5:299746230:0]
[SERVER 7] JOIN reply: CAR_0:POS:0;CAR_1:POS:1;CAR_2:POS:2;CAR_3:POS:3;CAR_4:POS:4;CAR_5:POS:5;CAR_6:POS:6;CAR_7:POS:7
19:21:15.179 [nioEventLoopGroup-19-2] DEBUG bftsmart.communication.client.netty.NettyClientServerCommunicationSystemClientSide - channelRead0(ChannelHandlerContext ctx, TOMMessage sm).
[SERVER 0] Consensus reached! Position: 0 - Calculated delay: 0.0s
19:21:15.179 [nioEventLoopGroup-22-5] DEBUG bftsmart.proxy - Comparing 3 responses with response from 4
[JNI] notifyVehicleCanGo: replica 0 can go after 0s delay
[V2VProxy 0] JNI received GO signal. Queued for main thread.
[SERVER 7] Position 7 -> delay=18.00s (slot=2.57s)
[SERVER 7] Consensus reached! Position: 7 - Calculated delay: 18.0s
[JNI] notifyVehicleCanGo: replica 7 can go after 18s delay
[V2VProxy 7] JNI received GO signal. Queued for main thread.
[SERVER 1] Position 1 -> delay=2.57s (slot=2.57s)
[SERVER 1] Consensus reached! Position: 1 - Calculated delay: 2.571428571428571s
[JNI] notifyVehicleCanGo: replica 1 can go after 2.57143s delay
[V2VProxy 1] JNI received GO signal. Queued for main thread.
19:21:15.179 [nioEventLoopGroup-21-1] DEBUG bftsmart.proxy - throwing out request: sender = 0 reqId = 0
19:21:15.179 [nioEventLoopGroup-24-5] DEBUG bftsmart.communication.client.netty.NettyTOMMessageDecoder - Decoded reply from 4 with sequence number 0
19:21:15.180 [nioEventLoopGroup-21-6] DEBUG bftsmart.proxy - throwing out request: sender = 5 reqId = 0
19:21:15.180 [nioEventLoopGroup-22-1] DEBUG bftsmart.proxy - throwing out request: sender = 0 reqId = 0
19:21:15.179 [nioEventLoopGroup-20-1] DEBUG bftsmart.communication.client.netty.NettyClientServerCommunicationSystemClientSide - channelRead0(ChannelHandlerContext ctx, TOMMessage sm).
19:21:15.180 [nioEventLoopGroup-24-5] DEBUG bftsmart.communication.client.netty.NettyClientServerCommunicationSystemClientSide - channelRead0(ChannelHandlerContext ctx, TOMMessage sm).
19:21:15.180 [nioEventLoopGroup-22-6] DEBUG bftsmart.proxy - throwing out request: sender = 5 reqId = 0
19:21:15.180 [nioEventLoopGroup-24-5] DEBUG bftsmart.proxy - Synchronously received reply from 4 with sequence number 0
19:21:15.179 [nioEventLoopGroup-19-6] DEBUG bftsmart.proxy - (current reqId: 0) Received reply from 5 with reqId: 0
19:21:15.181 [nioEventLoopGroup-24-5] DEBUG bftsmart.proxy - throwing out request: sender = 4 reqId = 0
19:21:15.179 [nioEventLoopGroup-23-3] DEBUG bftsmart.proxy - Synchronously received reply from 2 with sequence number 0
19:21:15.179 [nioEventLoopGroup-25-2] DEBUG bftsmart.proxy - throwing out request: sender = 1 reqId = 0
19:21:15.181 [nioEventLoopGroup-19-3] DEBUG bftsmart.proxy - (current reqId: 0) Received reply from 2 with reqId: 0
19:21:15.180 [nioEventLoopGroup-18-2] DEBUG bftsmart.proxy - Comparing 3 responses with response from 1
19:21:15.181 [nioEventLoopGroup-19-3] DEBUG bftsmart.proxy - Comparing 3 responses with response from 2
19:21:15.180 [nioEventLoopGroup-23-1] DEBUG bftsmart.proxy - Synchronously received reply from 0 with sequence number 0
19:21:15.181 [Thread-110] DEBUG bftsmart.proxy - Response extracted: [2:-625207274:0]
19:21:15.180 [nioEventLoopGroup-19-2] DEBUG bftsmart.proxy - Synchronously received reply from 1 with sequence number 0
[SERVER 6] JOIN reply: CAR_0:POS:0;CAR_1:POS:1;CAR_2:POS:2;CAR_3:POS:3;CAR_4:POS:4;CAR_5:POS:5;CAR_6:POS:6;CAR_7:POS:7
19:21:15.180 [Thread-108] DEBUG bftsmart.proxy - Response extracted: [4:-2024429936:0]
[SERVER 4] JOIN reply: CAR_0:POS:0;CAR_1:POS:1;CAR_2:POS:2;CAR_3:POS:3;CAR_4:POS:4;CAR_5:POS:5;CAR_6:POS:6;CAR_7:POS:7
19:21:15.180 [nioEventLoopGroup-20-1] DEBUG bftsmart.proxy - Synchronously received reply from 0 with sequence number 0
19:21:15.181 [nioEventLoopGroup-23-3] DEBUG bftsmart.proxy - throwing out request: sender = 2 reqId = 0
19:21:15.181 [nioEventLoopGroup-19-5] DEBUG bftsmart.proxy - throwing out request: sender = 4 reqId = 0
[SERVER 4] Position 4 -> delay=10.29s (slot=2.57s)
[SERVER 4] Consensus reached! Position: 4 - Calculated delay: 10.285714285714285s
[JNI] notifyVehicleCanGo: replica 4 can go after 10.2857s delay
[V2VProxy 4] JNI received GO signal. Queued for main thread.
19:21:15.181 [Thread-109] DEBUG bftsmart.proxy - Response extracted: [1:-182751477:0]
[SERVER 6] Position 6 -> delay=15.43s (slot=2.57s)
19:21:15.181 [nioEventLoopGroup-19-2] DEBUG bftsmart.proxy - throwing out request: sender = 1 reqId = 0
[SERVER 6] Consensus reached! Position: 6 - Calculated delay: 15.428571428571427s
[JNI] notifyVehicleCanGo: replica 6 can go after 15.4286s delay
[SERVER 5] JOIN reply: CAR_0:POS:0;CAR_1:POS:1;CAR_2:POS:2;CAR_3:POS:3;CAR_4:POS:4;CAR_5:POS:5;CAR_6:POS:6;CAR_7:POS:7[V2VProxy 6] JNI received GO signal. Queued for main thread.

19:21:15.181 [nioEventLoopGroup-18-3] DEBUG bftsmart.proxy - throwing out request: sender = 2 reqId = 0
19:21:15.181 [nioEventLoopGroup-20-1] DEBUG bftsmart.proxy - throwing out request: sender = 0 reqId = 0
19:21:15.181 [nioEventLoopGroup-23-1] DEBUG bftsmart.proxy - throwing out request: sender = 0 reqId = 0
[SERVER 5] Position 5 -> delay=12.86s (slot=2.57s)
19:21:15.182 [nioEventLoopGroup-18-6] DEBUG bftsmart.proxy - throwing out request: sender = 5 reqId = 0
[SERVER 5] Consensus reached! Position: 5 - Calculated delay: 12.857142857142856s
[JNI] notifyVehicleCanGo: replica 5 can go after 12.8571s delay
[V2VProxy 5] JNI received GO signal. Queued for main thread.
[METRICS 0] Consensus Duration: 1.9065 seconds
[METRICS 0] Consensus Completed!
[METRICS 0] Consensus Start Time: 3
[METRICS 0] Consensus End Time:   4.906504116035
[METRICS 0] Consensus Latency:    1.9065 seconds
[METRICS 0] Projected_Total_Wait: 1.9065
[METRICS 0] Scheduled_Resume: 4.9065
[METRICS 0] Messages Sent: 28
[METRICS 0] Messages Received: 14
[METRICS 0] (consensus succeeded : TRUE)
[V2VProxy 0] Main thread scheduling resume in 0s
Not flushing reliability queue
Not flushing reliability queue
[METRICS 0] Resume_Time: 4.906504116035
[METRICS 0] Stop_Time: 3
[V2VProxy 0] Resume delay expired, resuming vehicle now!
[V2VProxy 0] Vehicle RESUMED movement at t=4.906504116035
[METRICS 6] Consensus Duration: 1.90801 seconds
[METRICS 6] Consensus Completed!
[METRICS 6] Consensus Start Time: 3
[METRICS 6] Consensus End Time:   4.908013480906
[METRICS 6] Consensus Latency:    1.90801 seconds
[METRICS 6] Projected_Total_Wait: 17.3366
[METRICS 6] Scheduled_Resume: 20.3366
[METRICS 6] Messages Sent: 21
[METRICS 6] Messages Received: 20
[METRICS 6] (consensus succeeded : TRUE)
[V2VProxy 6] Main thread scheduling resume in 15.4286s
Not flushing reliability queue
[METRICS 1] Consensus Duration: 1.90896 seconds
[METRICS 1] Consensus Completed!
[METRICS 1] Consensus Start Time: 3
[METRICS 1] Consensus End Time:   4.908955660125
[METRICS 1] Consensus Latency:    1.90896 seconds
[METRICS 1] Projected_Total_Wait: 4.48038
[METRICS 1] Scheduled_Resume: 7.48038
[METRICS 1] Messages Sent: 21
[METRICS 1] Messages Received: 21
[METRICS 1] (consensus succeeded : TRUE)
[V2VProxy 1] Main thread scheduling resume in 2.57143s
Not flushing reliability queue
[METRICS 3] Consensus Duration: 1.9093 seconds
[METRICS 3] Consensus Completed!
[METRICS 3] Consensus Start Time: 3
[METRICS 3] Consensus End Time:   4.909295252029
[METRICS 3] Consensus Latency:    1.9093 seconds
[METRICS 3] Projected_Total_Wait: 9.62358
[METRICS 3] Scheduled_Resume: 12.6236
[METRICS 3] Messages Sent: 21
[METRICS 3] Messages Received: 20
[METRICS 3] (consensus succeeded : TRUE)
[V2VProxy 3] Main thread scheduling resume in 7.71429s
Not flushing reliability queue
[METRICS 2] Consensus Duration: 1.91075 seconds
[METRICS 2] Consensus Completed!
[METRICS 2] Consensus Start Time: 3
[METRICS 2] Consensus End Time:   4.910754755583
[METRICS 2] Consensus Latency:    1.91075 seconds
[METRICS 2] Projected_Total_Wait: 7.05361
[METRICS 2] Scheduled_Resume: 10.0536
[METRICS 2] Messages Sent: 21
[METRICS 2] Messages Received: 22
[METRICS 2] (consensus succeeded : TRUE)
[V2VProxy 2] Main thread scheduling resume in 5.14286s
Not flushing reliability queue
V2VNativeBridge4: Received message from 5 with length 685
[V2V Layer 4] Received message from replica 5 via JNI
    [Reliability 4] handleIncomingMessage() called
        Type: DATA
        From: 5
        SeqNum: 0
        Expected seq: 0
        -> IN ORDER, delivering immediately
    [Reliability 4] deliverMessage() - deserializing payload
        Deserialized: ConsensusMessage
        DEBUG: envelope.fromReplicaId=5, message.getSender()=5
=== [V2V Layer 4] DELIVER to BFT-SMaRt ===
    Message type: ConsensusMessage
    From replica: 5
    InQueue size before: 0
    InQueue size after: 1
=== [V2V Layer 4] DELIVER successful ===
V2VNativeBridge2: Received message from 5 with length 685
[V2V Layer 2] Received message from replica 5 via JNI
19:21:15.236 [Server Comm. System] INFO bftsmart.communication.ServerCommunicationSystem - === ServerCommunicationSystem RECEIVED message ===
19:21:15.236 [Server Comm. System] INFO bftsmart.communication.ServerCommunicationSystem -     Message type: ConsensusMessage
19:21:15.236 [Server Comm. System] INFO bftsmart.communication.ServerCommunicationSystem -     From: 5
    [Reliability 2] handleIncomingMessage() called
        Type: DATA
        From: 5
        SeqNum: 0
19:21:15.236 [Server Comm. System] INFO bftsmart.communication.ServerCommunicationSystem -     Message count: 13
        Expected seq: 0
        -> IN ORDER, delivering immediately
    [Reliability 2] deliverMessage() - deserializing payload
19:21:15.236 [Server Comm. System] DEBUG bftsmart.communication.ServerCommunicationSystem - <-- receiving, msg:type=WRITE, number=0, epoch=0, from=5
19:21:15.236 [Server Comm. System] DEBUG bftsmart.tom.core.ExecutionManager - Received message  type=WRITE, number=0, epoch=0, from=5
        Deserialized: ConsensusMessage
        DEBUG: envelope.fromReplicaId=5, message.getSender()=5
=== [V2V Layer 2] DELIVER to BFT-SMaRt ===
    Message type: ConsensusMessage
    From replica: 5
19:21:15.236 [Server Comm. System] DEBUG bftsmart.tom.core.ExecutionManager - I'm at consensus -1 and my last consensus is 0
    InQueue size before: 0
19:21:15.236 [Server Comm. System] DEBUG bftsmart.consensus.roles.Acceptor - Out of context msg with id 0
19:21:15.236 [Server Comm. System] INFO bftsmart.communication.ServerCommunicationSystem - === Message processed ===
    InQueue size after: 1
=== [V2V Layer 2] DELIVER successful ===
19:21:15.236 [Server Comm. System] INFO bftsmart.communication.ServerCommunicationSystem - === ServerCommunicationSystem RECEIVED message ===
19:21:15.236 [Server Comm. System] INFO bftsmart.communication.ServerCommunicationSystem -     Message type: ConsensusMessage
19:21:15.236 [Server Comm. System] INFO bftsmart.communication.ServerCommunicationSystem -     From: 5
19:21:15.236 [Server Comm. System] INFO bftsmart.communication.ServerCommunicationSystem -     Message count: 13
19:21:15.236 [Server Comm. System] DEBUG bftsmart.communication.ServerCommunicationSystem - <-- receiving, msg:type=WRITE, number=0, epoch=0, from=5
19:21:15.236 [Server Comm. System] DEBUG bftsmart.tom.core.ExecutionManager - Received message  type=WRITE, number=0, epoch=0, from=5
19:21:15.236 [Server Comm. System] DEBUG bftsmart.tom.core.ExecutionManager - I'm at consensus -1 and my last consensus is 0
19:21:15.236 [Server Comm. System] DEBUG bftsmart.consensus.roles.Acceptor - Out of context msg with id 0
19:21:15.236 [Server Comm. System] INFO bftsmart.communication.ServerCommunicationSystem - === Message processed ===
V2VNativeBridge3: Received message from 5 with length 685
[V2V Layer 3] Received message from replica 5 via JNI
    [Reliability 3] handleIncomingMessage() called
        Type: DATA
        From: 5
        SeqNum: 0
        Expected seq: 0
        -> IN ORDER, delivering immediately
    [Reliability 3] deliverMessage() - deserializing payload
        Deserialized: ConsensusMessage
        DEBUG: envelope.fromReplicaId=5, message.getSender()=5
=== [V2V Layer 3] DELIVER to BFT-SMaRt ===
    Message type: ConsensusMessage
    From replica: 5
    InQueue size before: 0
    InQueue size after: 1
=== [V2V Layer 3] DELIVER successful ===
19:21:15.237 [Server Comm. System] INFO bftsmart.communication.ServerCommunicationSystem - === ServerCommunicationSystem RECEIVED message ===
[V2VProxy 0] *** RECEIVED V2V message #15 from=5 to=-1 (broadcast=YES) at t=4.912255441772
V2VNativeBridge0: Received message from 5 with length 685
[V2V Layer 0] Received message from replica 5 via JNI
19:21:15.237 [Server Comm. System] INFO bftsmart.communication.ServerCommunicationSystem -     Message type: ConsensusMessage
19:21:15.237 [Server Comm. System] INFO bftsmart.communication.ServerCommunicationSystem -     From: 5
19:21:15.237 [Server Comm. System] INFO bftsmart.communication.ServerCommunicationSystem -     Message count: 12
19:21:15.237 [Server Comm. System] DEBUG bftsmart.communication.ServerCommunicationSystem - <-- receiving, msg:type=WRITE, number=0, epoch=0, from=5
19:21:15.237 [Server Comm. System] DEBUG bftsmart.tom.core.ExecutionManager - Received message  type=WRITE, number=0, epoch=0, from=5
19:21:15.237 [Server Comm. System] DEBUG bftsmart.tom.core.ExecutionManager - I'm at consensus 0 and my last consensus is -1
19:21:15.237 [Server Comm. System] DEBUG bftsmart.tom.core.ExecutionManager - Message for consensus 0 can be processed
19:21:15.237 [Server Comm. System] DEBUG bftsmart.consensus.roles.Acceptor - Processing paxos msg with id 0
19:21:15.237 [Server Comm. System] DEBUG bftsmart.consensus.roles.Acceptor - WRITE received from:5, for consensus cId:0
    [Reliability 0] handleIncomingMessage() called
        Type: DATA
        From: 5
19:21:15.237 [Server Comm. System] DEBUG bftsmart.consensus.roles.Acceptor - I have 8, WRITE's for cId:0, Epoch timestamp:0,
        SeqNum: 0
        Expected seq: 0
        -> IN ORDER, delivering immediately
    [Reliability 0] deliverMessage() - deserializing payload
[Acceptor 3] computeWrite: cId=0, writeAccepted=8, quorum=5
19:21:15.237 [Server Comm. System] INFO bftsmart.communication.ServerCommunicationSystem - === Message processed ===
        Deserialized: ConsensusMessage
        DEBUG: envelope.fromReplicaId=5, message.getSender()=5
=== [V2V Layer 0] DELIVER to BFT-SMaRt ===
    Message type: ConsensusMessage
    From replica: 5
    InQueue size before: 0
    InQueue size after: 1
=== [V2V Layer 0] DELIVER successful ===
19:21:15.237 [Server Comm. System] INFO bftsmart.communication.ServerCommunicationSystem - === ServerCommunicationSystem RECEIVED message ===
19:21:15.237 [Server Comm. System] INFO bftsmart.communication.ServerCommunicationSystem -     Message type: ConsensusMessage
19:21:15.237 [Server Comm. System] INFO bftsmart.communication.ServerCommunicationSystem -     From: 5
19:21:15.237 [Server Comm. System] INFO bftsmart.communication.ServerCommunicationSystem -     Message count: 13
V2VNativeBridge1: Received message from 5 with length 685
[V2V Layer 1] Received message from replica 5 via JNI
19:21:15.237 [Server Comm. System] DEBUG bftsmart.communication.ServerCommunicationSystem - <-- receiving, msg:type=WRITE, number=0, epoch=0, from=5
19:21:15.237 [Server Comm. System] DEBUG bftsmart.tom.core.ExecutionManager - Received message  type=WRITE, number=0, epoch=0, from=5
19:21:15.237 [Server Comm. System] DEBUG bftsmart.tom.core.ExecutionManager - I'm at consensus -1 and my last consensus is 0
19:21:15.237 [Server Comm. System] DEBUG bftsmart.consensus.roles.Acceptor - Out of context msg with id 0
19:21:15.237 [Server Comm. System] INFO bftsmart.communication.ServerCommunicationSystem - === Message processed ===
    [Reliability 1] handleIncomingMessage() called
        Type: DATA
        From: 5
        SeqNum: 0
        Expected seq: 0
        -> IN ORDER, delivering immediately
    [Reliability 1] deliverMessage() - deserializing payload
        Deserialized: ConsensusMessage
        DEBUG: envelope.fromReplicaId=5, message.getSender()=5
=== [V2V Layer 1] DELIVER to BFT-SMaRt ===
    Message type: ConsensusMessage
    From replica: 5
    InQueue size before: 0
    InQueue size after: 1
=== [V2V Layer 1] DELIVER successful ===
19:21:15.237 [Server Comm. System] INFO bftsmart.communication.ServerCommunicationSystem - === ServerCommunicationSystem RECEIVED message ===
19:21:15.237 [Server Comm. System] INFO bftsmart.communication.ServerCommunicationSystem -     Message type: ConsensusMessage
19:21:15.237 [Server Comm. System] INFO bftsmart.communication.ServerCommunicationSystem -     From: 5
19:21:15.237 [Server Comm. System] INFO bftsmart.communication.ServerCommunicationSystem -     Message count: 13
19:21:15.237 [Server Comm. System] DEBUG bftsmart.communication.ServerCommunicationSystem - <-- receiving, msg:type=WRITE, number=0, epoch=0, from=5
19:21:15.237 [Server Comm. System] DEBUG bftsmart.tom.core.ExecutionManager - Received message  type=WRITE, number=0, epoch=0, from=5
19:21:15.237 [Server Comm. System] DEBUG bftsmart.tom.core.ExecutionManager - I'm at consensus -1 and my last consensus is 0
19:21:15.237 [Server Comm. System] DEBUG bftsmart.consensus.roles.Acceptor - Out of context msg with id 0
19:21:15.237 [Server Comm. System] INFO bftsmart.communication.ServerCommunicationSystem - === Message processed ===
V2VNativeBridge6: Received message from 5 with length 685
[V2V Layer 6] Received message from replica 5 via JNI
    [Reliability 6] handleIncomingMessage() called
        Type: DATA
        From: 5
        SeqNum: 0
        Expected seq: 0
        -> IN ORDER, delivering immediately
    [Reliability 6] deliverMessage() - deserializing payload
        Deserialized: ConsensusMessage
        DEBUG: envelope.fromReplicaId=5, message.getSender()=5
=== [V2V Layer 6] DELIVER to BFT-SMaRt ===
    Message type: ConsensusMessage
    From replica: 5
    InQueue size before: 0
    InQueue size after: 1
=== [V2V Layer 6] DELIVER successful ===
19:21:15.238 [Server Comm. System] INFO bftsmart.communication.ServerCommunicationSystem - === ServerCommunicationSystem RECEIVED message ===
[V2VProxy 7] *** RECEIVED V2V message #20 from=5 to=-1 (broadcast=YES) at t=4.912255498671
19:21:15.238 [Server Comm. System] INFO bftsmart.communication.ServerCommunicationSystem -     Message type: ConsensusMessage
V2VNativeBridge7: Received message from 5 with length 685
19:21:15.238 [Server Comm. System] INFO bftsmart.communication.ServerCommunicationSystem -     From: 5
[V2V Layer 7] Received message from replica 5 via JNI
19:21:15.238 [Server Comm. System] INFO bftsmart.communication.ServerCommunicationSystem -     Message count: 12
19:21:15.238 [Server Comm. System] DEBUG bftsmart.communication.ServerCommunicationSystem - <-- receiving, msg:type=WRITE, number=0, epoch=0, from=5
19:21:15.238 [Server Comm. System] DEBUG bftsmart.tom.core.ExecutionManager - Received message  type=WRITE, number=0, epoch=0, from=5
19:21:15.238 [Server Comm. System] DEBUG bftsmart.tom.core.ExecutionManager - I'm at consensus 0 and my last consensus is -1
19:21:15.238 [Server Comm. System] DEBUG bftsmart.tom.core.ExecutionManager - Message for consensus 0 can be processed
19:21:15.238 [Server Comm. System] DEBUG bftsmart.consensus.roles.Acceptor - Processing paxos msg with id 0
19:21:15.238 [Server Comm. System] DEBUG bftsmart.consensus.roles.Acceptor - WRITE received from:5, for consensus cId:0
19:21:15.238 [Server Comm. System] DEBUG bftsmart.consensus.roles.Acceptor - I have 8, WRITE's for cId:0, Epoch timestamp:0,
[Acceptor 6] computeWrite: cId=0, writeAccepted=8, quorum=5
19:21:15.238 [Server Comm. System] INFO bftsmart.communication.ServerCommunicationSystem - === Message processed ===
    [Reliability 7] handleIncomingMessage() called
        Type: DATA
        From: 5
        SeqNum: 0
        Expected seq: 0
        -> IN ORDER, delivering immediately
    [Reliability 7] deliverMessage() - deserializing payload
        Deserialized: ConsensusMessage
        DEBUG: envelope.fromReplicaId=5, message.getSender()=5
=== [V2V Layer 7] DELIVER to BFT-SMaRt ===
    Message type: ConsensusMessage
    From replica: 5
    InQueue size before: 0
    InQueue size after: 1
=== [V2V Layer 7] DELIVER successful ===
19:21:15.238 [Server Comm. System] INFO bftsmart.communication.ServerCommunicationSystem - === ServerCommunicationSystem RECEIVED message ===
19:21:15.238 [Server Comm. System] INFO bftsmart.communication.ServerCommunicationSystem -     Message type: ConsensusMessage
19:21:15.238 [Server Comm. System] INFO bftsmart.communication.ServerCommunicationSystem -     From: 5
19:21:15.238 [Server Comm. System] INFO bftsmart.communication.ServerCommunicationSystem -     Message count: 12
19:21:15.238 [Server Comm. System] DEBUG bftsmart.communication.ServerCommunicationSystem - <-- receiving, msg:type=WRITE, number=0, epoch=0, from=5
19:21:15.238 [Server Comm. System] DEBUG bftsmart.tom.core.ExecutionManager - Received message  type=WRITE, number=0, epoch=0, from=5
19:21:15.238 [Server Comm. System] DEBUG bftsmart.tom.core.ExecutionManager - I'm at consensus 0 and my last consensus is -1
19:21:15.238 [Server Comm. System] DEBUG bftsmart.tom.core.ExecutionManager - Message for consensus 0 can be processed
19:21:15.238 [Server Comm. System] DEBUG bftsmart.consensus.roles.Acceptor - Processing paxos msg with id 0
19:21:15.238 [Server Comm. System] DEBUG bftsmart.consensus.roles.Acceptor - WRITE received from:5, for consensus cId:0
19:21:15.238 [Server Comm. System] DEBUG bftsmart.consensus.roles.Acceptor - I have 8, WRITE's for cId:0, Epoch timestamp:0,
[Acceptor 7] computeWrite: cId=0, writeAccepted=8, quorum=5
19:21:15.238 [Server Comm. System] INFO bftsmart.communication.ServerCommunicationSystem - === Message processed ===
[V2VProxy 0] *** RECEIVED V2V message #16 from=6 to=-1 (broadcast=YES) at t=4.918387596587
V2VNativeBridge0: Received message from 6 with length 685
[V2V Layer 0] Received message from replica 6 via JNI
    [Reliability 0] handleIncomingMessage() called
        Type: DATA
        From: 6
        SeqNum: 0
        Expected seq: 2
        -> DUPLICATE (seq < expected), ignoring
V2VNativeBridge7: Received message from 6 with length 685
[V2V Layer 7] Received message from replica 6 via JNI
    [Reliability 7] handleIncomingMessage() called
        Type: DATA
        From: 6
        SeqNum: 0
        Expected seq: 2
        -> DUPLICATE (seq < expected), ignoring
V2VNativeBridge4: Received message from 5 with length 870
[V2V Layer 4] Received message from replica 5 via JNI
    [Reliability 4] handleIncomingMessage() called
        Type: DATA
        From: 5
        SeqNum: 1
        Expected seq: 1
        -> IN ORDER, delivering immediately
    [Reliability 4] deliverMessage() - deserializing payload
        Deserialized: ConsensusMessage
        DEBUG: envelope.fromReplicaId=5, message.getSender()=5
=== [V2V Layer 4] DELIVER to BFT-SMaRt ===
    Message type: ConsensusMessage
    From replica: 5
    InQueue size before: 0
    InQueue size after: 1
=== [V2V Layer 4] DELIVER successful ===
19:21:15.430 [Server Comm. System] INFO bftsmart.communication.ServerCommunicationSystem - === ServerCommunicationSystem RECEIVED message ===
V2VNativeBridge2: Received message from 5 with length 870
19:21:15.430 [Server Comm. System] INFO bftsmart.communication.ServerCommunicationSystem -     Message type: ConsensusMessage
[V2V Layer 2] Received message from replica 5 via JNI
19:21:15.430 [Server Comm. System] INFO bftsmart.communication.ServerCommunicationSystem -     From: 5
19:21:15.430 [Server Comm. System] INFO bftsmart.communication.ServerCommunicationSystem -     Message count: 14
19:21:15.430 [Server Comm. System] DEBUG bftsmart.communication.ServerCommunicationSystem - <-- receiving, msg:type=ACCEPT, number=0, epoch=0, from=5
19:21:15.430 [Server Comm. System] DEBUG bftsmart.tom.core.ExecutionManager - Received message  type=ACCEPT, number=0, epoch=0, from=5
19:21:15.430 [Server Comm. System] DEBUG bftsmart.tom.core.ExecutionManager - I'm at consensus -1 and my last consensus is 0
19:21:15.430 [Server Comm. System] DEBUG bftsmart.consensus.roles.Acceptor - Out of context msg with id 0
19:21:15.430 [Server Comm. System] INFO bftsmart.communication.ServerCommunicationSystem - === Message processed ===
    [Reliability 2] handleIncomingMessage() called
        Type: DATA
        From: 5
        SeqNum: 1
        Expected seq: 1
        -> IN ORDER, delivering immediately
    [Reliability 2] deliverMessage() - deserializing payload
        Deserialized: ConsensusMessage
        DEBUG: envelope.fromReplicaId=5, message.getSender()=5
=== [V2V Layer 2] DELIVER to BFT-SMaRt ===
    Message type: ConsensusMessage
    From replica: 5
    InQueue size before: 0
    InQueue size after: 1
=== [V2V Layer 2] DELIVER successful ===
19:21:15.431 [Server Comm. System] INFO bftsmart.communication.ServerCommunicationSystem - === ServerCommunicationSystem RECEIVED message ===
19:21:15.431 [Server Comm. System] INFO bftsmart.communication.ServerCommunicationSystem -     Message type: ConsensusMessage
19:21:15.431 [Server Comm. System] INFO bftsmart.communication.ServerCommunicationSystem -     From: 5
19:21:15.431 [Server Comm. System] INFO bftsmart.communication.ServerCommunicationSystem -     Message count: 14
19:21:15.431 [Server Comm. System] DEBUG bftsmart.communication.ServerCommunicationSystem - <-- receiving, msg:type=ACCEPT, number=0, epoch=0, from=5
19:21:15.431 [Server Comm. System] DEBUG bftsmart.tom.core.ExecutionManager - Received message  type=ACCEPT, number=0, epoch=0, from=5
19:21:15.431 [Server Comm. System] DEBUG bftsmart.tom.core.ExecutionManager - I'm at consensus -1 and my last consensus is 0
19:21:15.431 [Server Comm. System] DEBUG bftsmart.consensus.roles.Acceptor - Out of context msg with id 0
19:21:15.431 [Server Comm. System] INFO bftsmart.communication.ServerCommunicationSystem - === Message processed ===
V2VNativeBridge3: Received message from 5 with length 870
[V2V Layer 3] Received message from replica 5 via JNI
    [Reliability 3] handleIncomingMessage() called
        Type: DATA
        From: 5
        SeqNum: 1
        Expected seq: 1
        -> IN ORDER, delivering immediately
    [Reliability 3] deliverMessage() - deserializing payload
        Deserialized: ConsensusMessage
        DEBUG: envelope.fromReplicaId=5, message.getSender()=5
=== [V2V Layer 3] DELIVER to BFT-SMaRt ===
    Message type: ConsensusMessage
    From replica: 5
    InQueue size before: 0
    InQueue size after: 1
=== [V2V Layer 3] DELIVER successful ===
19:21:15.431 [Server Comm. System] INFO bftsmart.communication.ServerCommunicationSystem - === ServerCommunicationSystem RECEIVED message ===
[V2VProxy 0] *** RECEIVED V2V message #17 from=5 to=-1 (broadcast=YES) at t=4.926963208766
V2VNativeBridge0: Received message from 5 with length 870
19:21:15.431 [Server Comm. System] INFO bftsmart.communication.ServerCommunicationSystem -     Message type: ConsensusMessage
[V2V Layer 0] Received message from replica 5 via JNI
19:21:15.431 [Server Comm. System] INFO bftsmart.communication.ServerCommunicationSystem -     From: 5
19:21:15.431 [Server Comm. System] INFO bftsmart.communication.ServerCommunicationSystem -     Message count: 13
19:21:15.431 [Server Comm. System] DEBUG bftsmart.communication.ServerCommunicationSystem - <-- receiving, msg:type=ACCEPT, number=0, epoch=0, from=5
19:21:15.431 [Server Comm. System] DEBUG bftsmart.tom.core.ExecutionManager - Received message  type=ACCEPT, number=0, epoch=0, from=5
19:21:15.431 [Server Comm. System] DEBUG bftsmart.tom.core.ExecutionManager - I'm at consensus 0 and my last consensus is -1
19:21:15.431 [Server Comm. System] DEBUG bftsmart.tom.core.ExecutionManager - Message for consensus 0 can be processed
19:21:15.431 [Server Comm. System] DEBUG bftsmart.consensus.roles.Acceptor - Processing paxos msg with id 0
19:21:15.431 [Server Comm. System] DEBUG bftsmart.consensus.roles.Acceptor - ACCEPT from 5 for consensus 0
    [Reliability 0] handleIncomingMessage() called
        Type: DATA
        From: 5
        SeqNum: 1
        Expected seq: 1
        -> IN ORDER, delivering immediately
    [Reliability 0] deliverMessage() - deserializing payload
19:21:15.432 [Server Comm. System] DEBUG bftsmart.consensus.roles.Acceptor - I have 6 ACCEPTs for cId:0, Timestamp:0 
19:21:15.432 [Server Comm. System] DEBUG bftsmart.consensus.roles.Acceptor - Deciding consensus 0
        Deserialized: ConsensusMessage
        DEBUG: envelope.fromReplicaId=5, message.getSender()=5
=== [V2V Layer 0] DELIVER to BFT-SMaRt ===
    Message type: ConsensusMessage
    From replica: 5
    InQueue size before: 0
19:21:15.432 [Server Comm. System] DEBUG bftsmart.consensus.Consensus - Delivering decision from consensus 0 to the TOMLayer/DeliveryThread
19:21:15.432 [Server Comm. System] DEBUG bftsmart.tom.core.DeliveryThread - Using cached requests from the propose.
19:21:15.432 [Server Comm. System] DEBUG bftsmart.clientsmanagement.ClientsManager - Updating client manager
    InQueue size after: 1
=== [V2V Layer 0] DELIVER successful ===
19:21:15.432 [Server Comm. System] INFO bftsmart.communication.ServerCommunicationSystem - === ServerCommunicationSystem RECEIVED message ===
19:21:15.432 [Server Comm. System] INFO bftsmart.communication.ServerCommunicationSystem -     Message type: ConsensusMessage
19:21:15.432 [Server Comm. System] INFO bftsmart.communication.ServerCommunicationSystem -     From: 5
19:21:15.432 [Server Comm. System] INFO bftsmart.communication.ServerCommunicationSystem -     Message count: 14
19:21:15.432 [Server Comm. System] DEBUG bftsmart.communication.ServerCommunicationSystem - <-- receiving, msg:type=ACCEPT, number=0, epoch=0, from=5
19:21:15.432 [Server Comm. System] DEBUG bftsmart.tom.core.ExecutionManager - Received message  type=ACCEPT, number=0, epoch=0, from=5
19:21:15.432 [Server Comm. System] DEBUG bftsmart.tom.core.ExecutionManager - I'm at consensus -1 and my last consensus is 0
V2VNativeBridge1: Received message from 5 with length 870
19:21:15.432 [Server Comm. System] DEBUG bftsmart.consensus.roles.Acceptor - Out of context msg with id 0
[V2V Layer 1] Received message from replica 5 via JNI
19:21:15.432 [Server Comm. System] INFO bftsmart.communication.ServerCommunicationSystem - === Message processed ===
19:21:15.432 [Server Comm. System] DEBUG bftsmart.clientsmanagement.ClientsManager - Finished updating client manager
19:21:15.432 [Server Comm. System] DEBUG bftsmart.tom.core.DeliveryThread - Consensus 0 finished. Decided size=1
19:21:15.432 [Server Comm. System] DEBUG bftsmart.tom.core.DeliveryThread - Decision from consensus 0 does not contain reconfiguration
19:21:15.432 [Server Comm. System] DEBUG bftsmart.tom.core.TOMLayer - Setting last exec to 0
19:21:15.432 [Server Comm. System] DEBUG bftsmart.tom.core.TOMLayer - Modifying inExec from 0 to -1
    [Reliability 1] handleIncomingMessage() called
        Type: DATA
        From: 5
19:21:15.432 [Server Comm. System] INFO bftsmart.communication.ServerCommunicationSystem - === Message processed ===
        SeqNum: 1
19:21:15.432 [Delivery Thread] DEBUG bftsmart.tom.core.DeliveryThread - Current size of the decided queue: 1
        Expected seq: 1
        -> IN ORDER, delivering immediately
    [Reliability 1] deliverMessage() - deserializing payload
19:21:15.432 [Delivery Thread] DEBUG bftsmart.tom.core.DeliveryThread - Using cached requests from the propose.
19:21:15.432 [Delivery Thread] DEBUG bftsmart.tom.ServiceReplica - Processing TOMMessage from client 1000 with sequence number 0 for session -1143677792 decided in consensus 0
        Deserialized: ConsensusMessage
        DEBUG: envelope.fromReplicaId=5, message.getSender()=5
=== [V2V Layer 1] DELIVER to BFT-SMaRt ===
    Message type: ConsensusMessage
    From replica: 5
    InQueue size before: 0
19:21:15.432 [Delivery Thread] DEBUG bftsmart.tom.ServiceReplica - Batching request from 1000
19:21:15.432 [Delivery Thread] DEBUG bftsmart.tom.ServiceReplica - Processing TOMMessage from client 1001 with sequence number 0 for session -1672319045 decided in consensus 0
19:21:15.432 [Delivery Thread] DEBUG bftsmart.tom.ServiceReplica - Batching request from 1001
19:21:15.432 [Delivery Thread] DEBUG bftsmart.tom.ServiceReplica - Processing TOMMessage from client 1002 with sequence number 0 for session -991227902 decided in consensus 0
19:21:15.432 [Delivery Thread] DEBUG bftsmart.tom.ServiceReplica - Batching request from 1002
19:21:15.432 [Delivery Thread] DEBUG bftsmart.tom.ServiceReplica - Processing TOMMessage from client 1003 with sequence number 0 for session -1171250860 decided in consensus 0
19:21:15.432 [Delivery Thread] DEBUG bftsmart.tom.ServiceReplica - Batching request from 1003
    InQueue size after: 1
=== [V2V Layer 1] DELIVER successful ===
19:21:15.432 [Delivery Thread] DEBUG bftsmart.tom.ServiceReplica - Processing TOMMessage from client 1004 with sequence number 0 for session -2024429936 decided in consensus 0
19:21:15.432 [Delivery Thread] DEBUG bftsmart.tom.ServiceReplica - Batching request from 1004
19:21:15.432 [Delivery Thread] DEBUG bftsmart.tom.ServiceReplica - Processing TOMMessage from client 1005 with sequence number 0 for session -182751477 decided in consensus 0
19:21:15.432 [Delivery Thread] DEBUG bftsmart.tom.ServiceReplica - Batching request from 1005
19:21:15.432 [Delivery Thread] DEBUG bftsmart.tom.ServiceReplica - Processing TOMMessage from client 1006 with sequence number 0 for session -625207274 decided in consensus 0
19:21:15.432 [Delivery Thread] DEBUG bftsmart.tom.ServiceReplica - Batching request from 1006
19:21:15.432 [Delivery Thread] DEBUG bftsmart.tom.ServiceReplica - Processing TOMMessage from client 1007 with sequence number 0 for session 299746230 decided in consensus 0
19:21:15.432 [Delivery Thread] DEBUG bftsmart.tom.ServiceReplica - Batching request from 1007
19:21:15.432 [Server Comm. System] INFO bftsmart.communication.ServerCommunicationSystem - === ServerCommunicationSystem RECEIVED message ===
19:21:15.432 [Server Comm. System] INFO bftsmart.communication.ServerCommunicationSystem -     Message type: ConsensusMessage
19:21:15.432 [Server Comm. System] INFO bftsmart.communication.ServerCommunicationSystem -     From: 5
19:21:15.432 [Server Comm. System] INFO bftsmart.communication.ServerCommunicationSystem -     Message count: 14
19:21:15.432 [Server Comm. System] DEBUG bftsmart.communication.ServerCommunicationSystem - <-- receiving, msg:type=ACCEPT, number=0, epoch=0, from=5
19:21:15.432 [Server Comm. System] DEBUG bftsmart.tom.core.ExecutionManager - Received message  type=ACCEPT, number=0, epoch=0, from=5
19:21:15.432 [Server Comm. System] DEBUG bftsmart.tom.core.ExecutionManager - I'm at consensus -1 and my last consensus is 0
19:21:15.432 [Server Comm. System] DEBUG bftsmart.consensus.roles.Acceptor - Out of context msg with id 0
19:21:15.432 [Server Comm. System] INFO bftsmart.communication.ServerCommunicationSystem - === Message processed ===
V2VNativeBridge6: Received message from 5 with length 870
[V2V Layer 6] Received message from replica 5 via JNI
[BATCH] Buffered JOIN from CAR_0 (buffer size: 1/8)
[BATCH] Buffered JOIN from CAR_1 (buffer size: 2/8)
[BATCH] Buffered JOIN from CAR_2 (buffer size: 3/8)
[BATCH] Buffered JOIN from CAR_3 (buffer size: 4/8)
[BATCH] Buffered JOIN from CAR_4 (buffer size: 5/8)
[BATCH] Buffered JOIN from CAR_5 (buffer size: 6/8)
[BATCH] Buffered JOIN from CAR_6 (buffer size: 7/8)
[BATCH] Buffered JOIN from CAR_7 (buffer size: 8/8)

[BATCH] ===== TRIGGERING CONSENSUS: We have 8 cars! =====
    [Reliability 6] handleIncomingMessage() called
        Type: DATA
        From: 5
        SeqNum: 1
[BATCH] ===== CONSENSUS COMPLETE =====
[BATCH] Final Decision: CAR_0:POS:0;CAR_1:POS:1;CAR_2:POS:2;CAR_3:POS:3;CAR_4:POS:4;CAR_5:POS:5;CAR_6:POS:6;CAR_7:POS:7
[BATCH] All subsequent requests will receive this decision

[BATCH] JOIN request after consensus complete - returning decision: CAR_0:POS:0;CAR_1:POS:1;CAR_2:POS:2;CAR_3:POS:3;CAR_4:POS:4;CAR_5:POS:5;CAR_6:POS:6;CAR_7:POS:7
        Expected seq: 1
[BATCH] JOIN request after consensus complete - returning decision: CAR_0:POS:0;CAR_1:POS:1;CAR_2:POS:2;CAR_3:POS:3;CAR_4:POS:4;CAR_5:POS:5;CAR_6:POS:6;CAR_7:POS:7
[BATCH] JOIN request after consensus complete - returning decision: CAR_0:POS:0;CAR_1:POS:1;CAR_2:POS:2;CAR_3:POS:3;CAR_4:POS:4;CAR_5:POS:5;CAR_6:POS:6;CAR_7:POS:7
[BATCH] JOIN request after consensus complete - returning decision: CAR_0:POS:0;CAR_1:POS:1;CAR_2:POS:2;CAR_3:POS:3;CAR_4:POS:4;CAR_5:POS:5;CAR_6:POS:6;CAR_7:POS:7
[BATCH] JOIN request after consensus complete - returning decision: CAR_0:POS:0;CAR_1:POS:1;CAR_2:POS:2;CAR_3:POS:3;CAR_4:POS:4;CAR_5:POS:5;CAR_6:POS:6;CAR_7:POS:7
[BATCH] JOIN request after consensus complete - returning decision: CAR_0:POS:0;CAR_1:POS:1;CAR_2:POS:2;CAR_3:POS:3;CAR_4:POS:4;CAR_5:POS:5;CAR_6:POS:6;CAR_7:POS:7
[BATCH] JOIN request after consensus complete - returning decision: CAR_0:POS:0;CAR_1:POS:1;CAR_2:POS:2;CAR_3:POS:3;CAR_4:POS:4;CAR_5:POS:5;CAR_6:POS:6;CAR_7:POS:7
[BATCH] JOIN request after consensus complete - returning decision: CAR_0:POS:0;CAR_1:POS:1;CAR_2:POS:2;CAR_3:POS:3;CAR_4:POS:4;CAR_5:POS:5;CAR_6:POS:6;CAR_7:POS:7
        -> IN ORDER, delivering immediately
    [Reliability 6] deliverMessage() - deserializing payload
        Deserialized: ConsensusMessage
        DEBUG: envelope.fromReplicaId=5, message.getSender()=5
=== [V2V Layer 6] DELIVER to BFT-SMaRt ===
    Message type: ConsensusMessage
    From replica: 5
    InQueue size before: 0
    InQueue size after: 1
=== [V2V Layer 6] DELIVER successful ===
19:21:15.433 [Server Comm. System] INFO bftsmart.communication.ServerCommunicationSystem - === ServerCommunicationSystem RECEIVED message ===
(1) Round 1 processed 8 cmd(s). App time: 0.227 ms
V2VNativeBridge7: Received message from 5 with length 870
[V2V Layer 7] Received message from replica 5 via JNI
   joinBuffer = {CAR_7=1.769484075432E9, CAR_5=1.769484075432E9, CAR_6=1.769484075432E9, CAR_3=1.769484075432E9, CAR_4=1.769484075432E9, CAR_1=1.769484075432E9, CAR_2=1.769484075432E9, CAR_0=1.769484075432E9}
   batchProcessed = true
   finalDecision = CAR_0:POS:0;CAR_1:POS:1;CAR_2:POS:2;CAR_3:POS:3;CAR_4:POS:4;CAR_5:POS:5;CAR_6:POS:6;CAR_7:POS:7
19:21:15.433 [Server Comm. System] INFO bftsmart.communication.ServerCommunicationSystem -     Message type: ConsensusMessage
19:21:15.433 [Server Comm. System] INFO bftsmart.communication.ServerCommunicationSystem -     From: 5
19:21:15.433 [Server Comm. System] INFO bftsmart.communication.ServerCommunicationSystem -     Message count: 13
19:21:15.433 [Server Comm. System] DEBUG bftsmart.communication.ServerCommunicationSystem - <-- receiving, msg:type=ACCEPT, number=0, epoch=0, from=5
19:21:15.433 [Server Comm. System] DEBUG bftsmart.tom.core.ExecutionManager - Received message  type=ACCEPT, number=0, epoch=0, from=5
19:21:15.433 [Server Comm. System] DEBUG bftsmart.tom.core.ExecutionManager - I'm at consensus 0 and my last consensus is -1
19:21:15.433 [Server Comm. System] DEBUG bftsmart.tom.core.ExecutionManager - Message for consensus 0 can be processed
19:21:15.433 [Server Comm. System] DEBUG bftsmart.consensus.roles.Acceptor - Processing paxos msg with id 0
19:21:15.433 [Server Comm. System] DEBUG bftsmart.consensus.roles.Acceptor - ACCEPT from 5 for consensus 0
    [Reliability 7] handleIncomingMessage() called
        Type: DATA
        From: 5
        SeqNum: 1
19:21:15.433 [Server Comm. System] DEBUG bftsmart.consensus.roles.Acceptor - I have 6 ACCEPTs for cId:0, Timestamp:0 
19:21:15.433 [Server Comm. System] DEBUG bftsmart.consensus.roles.Acceptor - Deciding consensus 0
        Expected seq: 1
19:21:15.433 [Delivery Thread] DEBUG bftsmart.tom.ServiceReplica - Sending reply to 1000 with sequence number 0 and operation ID 0 via ReplyManager
        -> IN ORDER, delivering immediately
    [Reliability 7] deliverMessage() - deserializing payload
19:21:15.433 [Server Comm. System] DEBUG bftsmart.consensus.Consensus - Delivering decision from consensus 0 to the TOMLayer/DeliveryThread
        Deserialized: ConsensusMessage
19:21:15.433 [Server Comm. System] DEBUG bftsmart.tom.core.DeliveryThread - Using cached requests from the propose.
        DEBUG: envelope.fromReplicaId=5, message.getSender()=5
19:21:15.433 [Delivery Thread] DEBUG bftsmart.tom.ServiceReplica - Sending reply to 1001 with sequence number 0 and operation ID 0 via ReplyManager
=== [V2V Layer 7] DELIVER to BFT-SMaRt ===
    Message type: ConsensusMessage
    From replica: 5
    InQueue size before: 0
19:21:15.433 [Server Comm. System] DEBUG bftsmart.clientsmanagement.ClientsManager - Updating client manager
19:21:15.433 [Server Comm. System] INFO bftsmart.communication.ServerCommunicationSystem - === ServerCommunicationSystem RECEIVED message ===
    InQueue size after: 1
19:21:15.433 [Server Comm. System] INFO bftsmart.communication.ServerCommunicationSystem -     Message type: ConsensusMessage
=== [V2V Layer 7] DELIVER successful ===
19:21:15.433 [Server Comm. System] INFO bftsmart.communication.ServerCommunicationSystem -     From: 5
19:21:15.433 [Server Comm. System] INFO bftsmart.communication.ServerCommunicationSystem -     Message count: 13
19:21:15.433 [Server Comm. System] DEBUG bftsmart.communication.ServerCommunicationSystem - <-- receiving, msg:type=ACCEPT, number=0, epoch=0, from=5
19:21:15.433 [Delivery Thread] DEBUG bftsmart.tom.ServiceReplica - Sending reply to 1002 with sequence number 0 and operation ID 0 via ReplyManager
19:21:15.433 [Server Comm. System] DEBUG bftsmart.tom.core.ExecutionManager - Received message  type=ACCEPT, number=0, epoch=0, from=5
19:21:15.433 [Server Comm. System] DEBUG bftsmart.tom.core.ExecutionManager - I'm at consensus 0 and my last consensus is -1
19:21:15.433 [Server Comm. System] DEBUG bftsmart.tom.core.ExecutionManager - Message for consensus 0 can be processed
19:21:15.433 [Server Comm. System] DEBUG bftsmart.consensus.roles.Acceptor - Processing paxos msg with id 0
19:21:15.433 [Server Comm. System] DEBUG bftsmart.consensus.roles.Acceptor - ACCEPT from 5 for consensus 0
19:21:15.433 [Delivery Thread] DEBUG bftsmart.tom.ServiceReplica - Sending reply to 1003 with sequence number 0 and operation ID 0 via ReplyManager
19:21:15.433 [Server Comm. System] DEBUG bftsmart.clientsmanagement.ClientsManager - Finished updating client manager
19:21:15.434 [Server Comm. System] DEBUG bftsmart.tom.core.DeliveryThread - Consensus 0 finished. Decided size=1
19:21:15.434 [Server Comm. System] DEBUG bftsmart.tom.core.DeliveryThread - Decision from consensus 0 does not contain reconfiguration
19:21:15.434 [Server Comm. System] DEBUG bftsmart.tom.core.TOMLayer - Setting last exec to 0
19:21:15.434 [Server Comm. System] DEBUG bftsmart.tom.core.TOMLayer - Modifying inExec from 0 to -1
19:21:15.433 [Server Comm. System] DEBUG bftsmart.consensus.roles.Acceptor - I have 6 ACCEPTs for cId:0, Timestamp:0 
19:21:15.434 [Server Comm. System] INFO bftsmart.communication.ServerCommunicationSystem - === Message processed ===
19:21:15.434 [Delivery Thread] DEBUG bftsmart.tom.core.DeliveryThread - Current size of the decided queue: 1
19:21:15.434 [Server Comm. System] DEBUG bftsmart.consensus.roles.Acceptor - Deciding consensus 0
19:21:15.434 [Server Comm. System] DEBUG bftsmart.consensus.Consensus - Delivering decision from consensus 0 to the TOMLayer/DeliveryThread
19:21:15.433 [Delivery Thread] DEBUG bftsmart.tom.ServiceReplica - Sending reply to 1004 with sequence number 0 and operation ID 0 via ReplyManager
19:21:15.434 [Delivery Thread] DEBUG bftsmart.tom.core.DeliveryThread - Using cached requests from the propose.
19:21:15.434 [Delivery Thread] DEBUG bftsmart.tom.ServiceReplica - Sending reply to 1005 with sequence number 0 and operation ID 0 via ReplyManager
19:21:15.434 [Server Comm. System] DEBUG bftsmart.tom.core.DeliveryThread - Using cached requests from the propose.
19:21:15.434 [Delivery Thread] DEBUG bftsmart.tom.ServiceReplica - Sending reply to 1006 with sequence number 0 and operation ID 0 via ReplyManager
19:21:15.434 [Delivery Thread] DEBUG bftsmart.tom.ServiceReplica - Processing TOMMessage from client 1000 with sequence number 0 for session -1143677792 decided in consensus 0
19:21:15.434 [Server Comm. System] DEBUG bftsmart.clientsmanagement.ClientsManager - Updating client manager
19:21:15.434 [Delivery Thread] DEBUG bftsmart.tom.ServiceReplica - Sending reply to 1007 with sequence number 0 and operation ID 0 via ReplyManager
19:21:15.434 [Delivery Thread] DEBUG bftsmart.tom.ServiceReplica - Batching request from 1000
19:21:15.434 [Delivery Thread] DEBUG bftsmart.tom.ServiceReplica - Processing TOMMessage from client 1001 with sequence number 0 for session -1672319045 decided in consensus 0
19:21:15.434 [Delivery Thread] DEBUG bftsmart.tom.ServiceReplica - BATCHEXECUTOR END
19:21:15.434 [Delivery Thread] DEBUG bftsmart.tom.ServiceReplica - Batching request from 1001
19:21:15.434 [Delivery Thread] DEBUG bftsmart.tom.ServiceReplica - Processing TOMMessage from client 1002 with sequence number 0 for session -991227902 decided in consensus 0
19:21:15.434 [Delivery Thread] DEBUG bftsmart.tom.ServiceReplica - Batching request from 1002
19:21:15.434 [Delivery Thread] DEBUG bftsmart.tom.ServiceReplica - Processing TOMMessage from client 1003 with sequence number 0 for session -1171250860 decided in consensus 0
19:21:15.434 [Delivery Thread] DEBUG bftsmart.tom.ServiceReplica - Batching request from 1003
19:21:15.434 [Delivery Thread] DEBUG bftsmart.tom.ServiceReplica - Processing TOMMessage from client 1004 with sequence number 0 for session -2024429936 decided in consensus 0
19:21:15.434 [Delivery Thread] DEBUG bftsmart.tom.ServiceReplica - Batching request from 1004
19:21:15.434 [Delivery Thread] DEBUG bftsmart.tom.ServiceReplica - Processing TOMMessage from client 1005 with sequence number 0 for session -182751477 decided in consensus 0
19:21:15.434 [Delivery Thread] DEBUG bftsmart.tom.ServiceReplica - Batching request from 1005
19:21:15.434 [Delivery Thread] DEBUG bftsmart.tom.ServiceReplica - Processing TOMMessage from client 1006 with sequence number 0 for session -625207274 decided in consensus 0
19:21:15.434 [Delivery Thread] DEBUG bftsmart.tom.ServiceReplica - Batching request from 1006
19:21:15.434 [Delivery Thread] DEBUG bftsmart.tom.ServiceReplica - Processing TOMMessage from client 1007 with sequence number 0 for session 299746230 decided in consensus 0
19:21:15.434 [Delivery Thread] DEBUG bftsmart.tom.ServiceReplica - Batching request from 1007
19:21:15.434 [nioEventLoopGroup-24-4] DEBUG bftsmart.communication.client.netty.NettyTOMMessageDecoder - Decoded reply from 3 with sequence number 0
[BATCH] Buffered JOIN from CAR_0 (buffer size: 1/8)
[BATCH] Buffered JOIN from CAR_1 (buffer size: 2/8)
[BATCH] Buffered JOIN from CAR_2 (buffer size: 3/8)
[BATCH] Buffered JOIN from CAR_3 (buffer size: 4/8)
[BATCH] Buffered JOIN from CAR_4 (buffer size: 5/8)
[BATCH] Buffered JOIN from CAR_5 (buffer size: 6/8)
[BATCH] Buffered JOIN from CAR_6 (buffer size: 7/8)
[BATCH] Buffered JOIN from CAR_7 (buffer size: 8/8)

[BATCH] ===== TRIGGERING CONSENSUS: We have 8 cars! =====
19:21:15.434 [nioEventLoopGroup-24-4] DEBUG bftsmart.communication.client.netty.NettyClientServerCommunicationSystemClientSide - channelRead0(ChannelHandlerContext ctx, TOMMessage sm).
19:21:15.434 [Server Comm. System] DEBUG bftsmart.clientsmanagement.ClientsManager - Finished updating client manager
19:21:15.434 [Server Comm. System] DEBUG bftsmart.tom.core.DeliveryThread - Consensus 0 finished. Decided size=1
19:21:15.434 [nioEventLoopGroup-24-4] DEBUG bftsmart.proxy - Synchronously received reply from 3 with sequence number 0
19:21:15.434 [Server Comm. System] DEBUG bftsmart.tom.core.DeliveryThread - Decision from consensus 0 does not contain reconfiguration
19:21:15.434 [Server Comm. System] DEBUG bftsmart.tom.core.TOMLayer - Setting last exec to 0
19:21:15.434 [Server Comm. System] DEBUG bftsmart.tom.core.TOMLayer - Modifying inExec from 0 to -1
19:21:15.434 [nioEventLoopGroup-24-4] DEBUG bftsmart.proxy - throwing out request: sender = 3 reqId = 0
[BATCH] ===== CONSENSUS COMPLETE =====
[BATCH] Final Decision: CAR_0:POS:0;CAR_1:POS:1;CAR_2:POS:2;CAR_3:POS:3;CAR_4:POS:4;CAR_5:POS:5;CAR_6:POS:6;CAR_7:POS:7
19:21:15.434 [Server Comm. System] INFO bftsmart.communication.ServerCommunicationSystem - === Message processed ===
19:21:15.434 [nioEventLoopGroup-18-4] DEBUG bftsmart.communication.client.netty.NettyTOMMessageDecoder - Decoded reply from 3 with sequence number 0
19:21:15.434 [nioEventLoopGroup-25-4] DEBUG bftsmart.communication.client.netty.NettyTOMMessageDecoder - Decoded reply from 3 with sequence number 0
[BATCH] All subsequent requests will receive this decision

19:21:15.435 [nioEventLoopGroup-19-4] DEBUG bftsmart.communication.client.netty.NettyTOMMessageDecoder - Decoded reply from 3 with sequence number 0
19:21:15.435 [nioEventLoopGroup-23-4] DEBUG bftsmart.communication.client.netty.NettyTOMMessageDecoder - Decoded reply from 3 with sequence number 0
19:21:15.435 [nioEventLoopGroup-19-4] DEBUG bftsmart.communication.client.netty.NettyClientServerCommunicationSystemClientSide - channelRead0(ChannelHandlerContext ctx, TOMMessage sm).
[BATCH] JOIN request after consensus complete - returning decision: CAR_0:POS:0;CAR_1:POS:1;CAR_2:POS:2;CAR_3:POS:3;CAR_4:POS:4;CAR_5:POS:5;CAR_6:POS:6;CAR_7:POS:7
[BATCH] JOIN request after consensus complete - returning decision: CAR_0:POS:0;CAR_1:POS:1;CAR_2:POS:2;CAR_3:POS:3;CAR_4:POS:4;CAR_5:POS:5;CAR_6:POS:6;CAR_7:POS:7
[BATCH] JOIN request after consensus complete - returning decision: CAR_0:POS:0;CAR_1:POS:1;CAR_2:POS:2;CAR_3:POS:3;CAR_4:POS:4;CAR_5:POS:5;CAR_6:POS:6;CAR_7:POS:7
[BATCH] JOIN request after consensus complete - returning decision: CAR_0:POS:0;CAR_1:POS:1;CAR_2:POS:2;CAR_3:POS:3;CAR_4:POS:4;CAR_5:POS:5;CAR_6:POS:6;CAR_7:POS:7
[BATCH] JOIN request after consensus complete - returning decision: CAR_0:POS:0;CAR_1:POS:1;CAR_2:POS:2;CAR_3:POS:3;CAR_4:POS:4;CAR_5:POS:5;CAR_6:POS:6;CAR_7:POS:7
[BATCH] JOIN request after consensus complete - returning decision: CAR_0:POS:0;CAR_1:POS:1;CAR_2:POS:2;CAR_3:POS:3;CAR_4:POS:4;CAR_5:POS:5;CAR_6:POS:6;CAR_7:POS:7
[BATCH] JOIN request after consensus complete - returning decision: CAR_0:POS:0;CAR_1:POS:1;CAR_2:POS:2;CAR_3:POS:3;CAR_4:POS:4;CAR_5:POS:5;CAR_6:POS:6;CAR_7:POS:7
[BATCH] JOIN request after consensus complete - returning decision: CAR_0:POS:0;CAR_1:POS:1;CAR_2:POS:2;CAR_3:POS:3;CAR_4:POS:4;CAR_5:POS:5;CAR_6:POS:6;CAR_7:POS:7
19:21:15.435 [nioEventLoopGroup-19-4] DEBUG bftsmart.proxy - Synchronously received reply from 3 with sequence number 0
19:21:15.435 [nioEventLoopGroup-19-4] DEBUG bftsmart.proxy - throwing out request: sender = 3 reqId = 0
19:21:15.434 [nioEventLoopGroup-20-4] DEBUG bftsmart.communication.client.netty.NettyTOMMessageDecoder - Decoded reply from 3 with sequence number 0
19:21:15.434 [nioEventLoopGroup-22-4] DEBUG bftsmart.communication.client.netty.NettyTOMMessageDecoder - Decoded reply from 3 with sequence number 0
(1) Round 1 processed 8 cmd(s). App time: 0.583 ms
19:21:15.434 [Delivery Thread] DEBUG bftsmart.tom.core.DeliveryThread - Current size of the decided queue: 1
19:21:15.435 [nioEventLoopGroup-22-4] DEBUG bftsmart.communication.client.netty.NettyClientServerCommunicationSystemClientSide - channelRead0(ChannelHandlerContext ctx, TOMMessage sm).
19:21:15.435 [nioEventLoopGroup-22-4] DEBUG bftsmart.proxy - Synchronously received reply from 3 with sequence number 0
19:21:15.435 [nioEventLoopGroup-22-4] DEBUG bftsmart.proxy - throwing out request: sender = 3 reqId = 0
   joinBuffer = {CAR_7=1.769484075434E9, CAR_5=1.769484075434E9, CAR_6=1.769484075434E9, CAR_3=1.769484075434E9, CAR_4=1.769484075434E9, CAR_1=1.769484075434E9, CAR_2=1.769484075434E9, CAR_0=1.769484075434E9}
   batchProcessed = true
   finalDecision = CAR_0:POS:0;CAR_1:POS:1;CAR_2:POS:2;CAR_3:POS:3;CAR_4:POS:4;CAR_5:POS:5;CAR_6:POS:6;CAR_7:POS:7
19:21:15.435 [Delivery Thread] DEBUG bftsmart.tom.core.DeliveryThread - Using cached requests from the propose.
19:21:15.435 [nioEventLoopGroup-21-4] DEBUG bftsmart.communication.client.netty.NettyTOMMessageDecoder - Decoded reply from 3 with sequence number 0
19:21:15.435 [Delivery Thread] DEBUG bftsmart.tom.ServiceReplica - Processing TOMMessage from client 1000 with sequence number 0 for session -1143677792 decided in consensus 0
19:21:15.435 [Delivery Thread] DEBUG bftsmart.tom.ServiceReplica - Batching request from 1000
19:21:15.435 [Delivery Thread] DEBUG bftsmart.tom.ServiceReplica - Processing TOMMessage from client 1001 with sequence number 0 for session -1672319045 decided in consensus 0
19:21:15.435 [Delivery Thread] DEBUG bftsmart.tom.ServiceReplica - Batching request from 1001
19:21:15.435 [Delivery Thread] DEBUG bftsmart.tom.ServiceReplica - Processing TOMMessage from client 1002 with sequence number 0 for session -991227902 decided in consensus 0
19:21:15.435 [Delivery Thread] DEBUG bftsmart.tom.ServiceReplica - Batching request from 1002
19:21:15.435 [Delivery Thread] DEBUG bftsmart.tom.ServiceReplica - Processing TOMMessage from client 1003 with sequence number 0 for session -1171250860 decided in consensus 0
19:21:15.435 [nioEventLoopGroup-18-4] DEBUG bftsmart.communication.client.netty.NettyClientServerCommunicationSystemClientSide - channelRead0(ChannelHandlerContext ctx, TOMMessage sm).
19:21:15.435 [Delivery Thread] DEBUG bftsmart.tom.ServiceReplica - Batching request from 1003
19:21:15.435 [Delivery Thread] DEBUG bftsmart.tom.ServiceReplica - Processing TOMMessage from client 1004 with sequence number 0 for session -2024429936 decided in consensus 0
19:21:15.435 [Delivery Thread] DEBUG bftsmart.tom.ServiceReplica - Batching request from 1004
19:21:15.435 [Delivery Thread] DEBUG bftsmart.tom.ServiceReplica - Processing TOMMessage from client 1005 with sequence number 0 for session -182751477 decided in consensus 0
19:21:15.435 [Delivery Thread] DEBUG bftsmart.tom.ServiceReplica - Batching request from 1005
19:21:15.435 [Delivery Thread] DEBUG bftsmart.tom.ServiceReplica - Processing TOMMessage from client 1006 with sequence number 0 for session -625207274 decided in consensus 0
19:21:15.435 [Delivery Thread] DEBUG bftsmart.tom.ServiceReplica - Batching request from 1006
19:21:15.435 [nioEventLoopGroup-18-4] DEBUG bftsmart.proxy - Synchronously received reply from 3 with sequence number 0
19:21:15.435 [nioEventLoopGroup-25-4] DEBUG bftsmart.communication.client.netty.NettyClientServerCommunicationSystemClientSide - channelRead0(ChannelHandlerContext ctx, TOMMessage sm).
19:21:15.435 [nioEventLoopGroup-23-4] DEBUG bftsmart.communication.client.netty.NettyClientServerCommunicationSystemClientSide - channelRead0(ChannelHandlerContext ctx, TOMMessage sm).
19:21:15.435 [nioEventLoopGroup-25-4] DEBUG bftsmart.proxy - Synchronously received reply from 3 with sequence number 0
19:21:15.435 [nioEventLoopGroup-25-4] DEBUG bftsmart.proxy - throwing out request: sender = 3 reqId = 0
19:21:15.435 [nioEventLoopGroup-23-4] DEBUG bftsmart.proxy - Synchronously received reply from 3 with sequence number 0
19:21:15.435 [nioEventLoopGroup-23-4] DEBUG bftsmart.proxy - throwing out request: sender = 3 reqId = 0
19:21:15.435 [nioEventLoopGroup-20-4] DEBUG bftsmart.communication.client.netty.NettyClientServerCommunicationSystemClientSide - channelRead0(ChannelHandlerContext ctx, TOMMessage sm).
19:21:15.435 [nioEventLoopGroup-20-4] DEBUG bftsmart.proxy - Synchronously received reply from 3 with sequence number 0
19:21:15.435 [nioEventLoopGroup-20-4] DEBUG bftsmart.proxy - throwing out request: sender = 3 reqId = 0
19:21:15.435 [Delivery Thread] DEBUG bftsmart.tom.ServiceReplica - Sending reply to 1000 with sequence number 0 and operation ID 0 via ReplyManager
19:21:15.435 [nioEventLoopGroup-21-4] DEBUG bftsmart.communication.client.netty.NettyClientServerCommunicationSystemClientSide - channelRead0(ChannelHandlerContext ctx, TOMMessage sm).
19:21:15.436 [Delivery Thread] DEBUG bftsmart.tom.ServiceReplica - Sending reply to 1001 with sequence number 0 and operation ID 0 via ReplyManager
19:21:15.435 [Delivery Thread] DEBUG bftsmart.tom.ServiceReplica - Processing TOMMessage from client 1007 with sequence number 0 for session 299746230 decided in consensus 0
19:21:15.436 [Delivery Thread] DEBUG bftsmart.tom.ServiceReplica - Sending reply to 1002 with sequence number 0 and operation ID 0 via ReplyManager
19:21:15.435 [nioEventLoopGroup-18-4] DEBUG bftsmart.proxy - throwing out request: sender = 3 reqId = 0
19:21:15.436 [Delivery Thread] DEBUG bftsmart.tom.ServiceReplica - Sending reply to 1003 with sequence number 0 and operation ID 0 via ReplyManager
19:21:15.436 [nioEventLoopGroup-21-4] DEBUG bftsmart.proxy - Synchronously received reply from 3 with sequence number 0
19:21:15.436 [nioEventLoopGroup-21-4] DEBUG bftsmart.proxy - throwing out request: sender = 3 reqId = 0
19:21:15.436 [Delivery Thread] DEBUG bftsmart.tom.ServiceReplica - Batching request from 1007
19:21:15.436 [nioEventLoopGroup-21-7] DEBUG bftsmart.communication.client.netty.NettyTOMMessageDecoder - Decoded reply from 6 with sequence number 0
19:21:15.436 [nioEventLoopGroup-21-7] DEBUG bftsmart.communication.client.netty.NettyClientServerCommunicationSystemClientSide - channelRead0(ChannelHandlerContext ctx, TOMMessage sm).
19:21:15.436 [nioEventLoopGroup-21-7] DEBUG bftsmart.proxy - Synchronously received reply from 6 with sequence number 0
19:21:15.436 [nioEventLoopGroup-21-7] DEBUG bftsmart.proxy - throwing out request: sender = 6 reqId = 0
[BATCH] Buffered JOIN from CAR_0 (buffer size: 1/8)
[BATCH] Buffered JOIN from CAR_1 (buffer size: 2/8)
[BATCH] Buffered JOIN from CAR_2 (buffer size: 3/8)
[BATCH] Buffered JOIN from CAR_3 (buffer size: 4/8)
[BATCH] Buffered JOIN from CAR_4 (buffer size: 5/8)
[BATCH] Buffered JOIN from CAR_5 (buffer size: 6/8)
[BATCH] Buffered JOIN from CAR_6 (buffer size: 7/8)
[BATCH] Buffered JOIN from CAR_7 (buffer size: 8/8)

[BATCH] ===== TRIGGERING CONSENSUS: We have 8 cars! =====
19:21:15.436 [nioEventLoopGroup-20-7] DEBUG bftsmart.communication.client.netty.NettyTOMMessageDecoder - Decoded reply from 6 with sequence number 0
19:21:15.436 [nioEventLoopGroup-20-7] DEBUG bftsmart.communication.client.netty.NettyClientServerCommunicationSystemClientSide - channelRead0(ChannelHandlerContext ctx, TOMMessage sm).
19:21:15.436 [nioEventLoopGroup-20-7] DEBUG bftsmart.proxy - Synchronously received reply from 6 with sequence number 0
19:21:15.436 [nioEventLoopGroup-20-7] DEBUG bftsmart.proxy - throwing out request: sender = 6 reqId = 0
19:21:15.436 [Delivery Thread] DEBUG bftsmart.tom.ServiceReplica - Sending reply to 1004 with sequence number 0 and operation ID 0 via ReplyManager
19:21:15.436 [nioEventLoopGroup-24-7] DEBUG bftsmart.communication.client.netty.NettyTOMMessageDecoder - Decoded reply from 6 with sequence number 0
[BATCH] ===== CONSENSUS COMPLETE =====
[BATCH] Final Decision: CAR_0:POS:0;CAR_1:POS:1;CAR_2:POS:2;CAR_3:POS:3;CAR_4:POS:4;CAR_5:POS:5;CAR_6:POS:6;CAR_7:POS:7
[BATCH] All subsequent requests will receive this decision

19:21:15.436 [nioEventLoopGroup-24-7] DEBUG bftsmart.communication.client.netty.NettyClientServerCommunicationSystemClientSide - channelRead0(ChannelHandlerContext ctx, TOMMessage sm).
[BATCH] JOIN request after consensus complete - returning decision: CAR_0:POS:0;CAR_1:POS:1;CAR_2:POS:2;CAR_3:POS:3;CAR_4:POS:4;CAR_5:POS:5;CAR_6:POS:6;CAR_7:POS:7
[BATCH] JOIN request after consensus complete - returning decision: CAR_0:POS:0;CAR_1:POS:1;CAR_2:POS:2;CAR_3:POS:3;CAR_4:POS:4;CAR_5:POS:5;CAR_6:POS:6;CAR_7:POS:7
[BATCH] JOIN request after consensus complete - returning decision: CAR_0:POS:0;CAR_1:POS:1;CAR_2:POS:2;CAR_3:POS:3;CAR_4:POS:4;CAR_5:POS:5;CAR_6:POS:6;CAR_7:POS:7
[BATCH] JOIN request after consensus complete - returning decision: CAR_0:POS:0;CAR_1:POS:1;CAR_2:POS:2;CAR_3:POS:3;CAR_4:POS:4;CAR_5:POS:5;CAR_6:POS:6;CAR_7:POS:7
19:21:15.436 [nioEventLoopGroup-24-7] DEBUG bftsmart.proxy - Synchronously received reply from 6 with sequence number 0
[BATCH] JOIN request after consensus complete - returning decision: CAR_0:POS:0;CAR_1:POS:1;CAR_2:POS:2;CAR_3:POS:3;CAR_4:POS:4;CAR_5:POS:5;CAR_6:POS:6;CAR_7:POS:7
[BATCH] JOIN request after consensus complete - returning decision: CAR_0:POS:0;CAR_1:POS:1;CAR_2:POS:2;CAR_3:POS:3;CAR_4:POS:4;CAR_5:POS:5;CAR_6:POS:6;CAR_7:POS:7
[BATCH] JOIN request after consensus complete - returning decision: CAR_0:POS:0;CAR_1:POS:1;CAR_2:POS:2;CAR_3:POS:3;CAR_4:POS:4;CAR_5:POS:5;CAR_6:POS:6;CAR_7:POS:7
[BATCH] JOIN request after consensus complete - returning decision: CAR_0:POS:0;CAR_1:POS:1;CAR_2:POS:2;CAR_3:POS:3;CAR_4:POS:4;CAR_5:POS:5;CAR_6:POS:6;CAR_7:POS:7
19:21:15.436 [nioEventLoopGroup-25-7] DEBUG bftsmart.communication.client.netty.NettyTOMMessageDecoder - Decoded reply from 6 with sequence number 0
19:21:15.436 [nioEventLoopGroup-25-7] DEBUG bftsmart.communication.client.netty.NettyClientServerCommunicationSystemClientSide - channelRead0(ChannelHandlerContext ctx, TOMMessage sm).
19:21:15.436 [Delivery Thread] DEBUG bftsmart.tom.ServiceReplica - Sending reply to 1005 with sequence number 0 and operation ID 0 via ReplyManager
19:21:15.436 [nioEventLoopGroup-24-7] DEBUG bftsmart.proxy - throwing out request: sender = 6 reqId = 0
19:21:15.436 [Delivery Thread] DEBUG bftsmart.tom.ServiceReplica - Sending reply to 1006 with sequence number 0 and operation ID 0 via ReplyManager
19:21:15.436 [nioEventLoopGroup-25-7] DEBUG bftsmart.proxy - Synchronously received reply from 6 with sequence number 0
19:21:15.436 [nioEventLoopGroup-25-7] DEBUG bftsmart.proxy - throwing out request: sender = 6 reqId = 0
(1) Round 1 processed 8 cmd(s). App time: 0.278 ms
19:21:15.436 [Delivery Thread] DEBUG bftsmart.tom.ServiceReplica - Sending reply to 1007 with sequence number 0 and operation ID 0 via ReplyManager
   joinBuffer = {CAR_7=1.769484075436E9, CAR_5=1.769484075436E9, CAR_6=1.769484075436E9, CAR_3=1.769484075436E9, CAR_4=1.769484075436E9, CAR_1=1.769484075436E9, CAR_2=1.769484075436E9, CAR_0=1.769484075436E9}
   batchProcessed = true
   finalDecision = CAR_0:POS:0;CAR_1:POS:1;CAR_2:POS:2;CAR_3:POS:3;CAR_4:POS:4;CAR_5:POS:5;CAR_6:POS:6;CAR_7:POS:7
19:21:15.436 [Delivery Thread] DEBUG bftsmart.tom.ServiceReplica - BATCHEXECUTOR END
19:21:15.437 [Delivery Thread] DEBUG bftsmart.tom.ServiceReplica - Sending reply to 1000 with sequence number 0 and operation ID 0 via ReplyManager
19:21:15.437 [nioEventLoopGroup-22-7] DEBUG bftsmart.communication.client.netty.NettyTOMMessageDecoder - Decoded reply from 6 with sequence number 0
19:21:15.437 [Delivery Thread] DEBUG bftsmart.tom.ServiceReplica - Sending reply to 1001 with sequence number 0 and operation ID 0 via ReplyManager
19:21:15.437 [nioEventLoopGroup-22-7] DEBUG bftsmart.communication.client.netty.NettyClientServerCommunicationSystemClientSide - channelRead0(ChannelHandlerContext ctx, TOMMessage sm).
19:21:15.437 [nioEventLoopGroup-18-7] DEBUG bftsmart.communication.client.netty.NettyTOMMessageDecoder - Decoded reply from 6 with sequence number 0
19:21:15.437 [nioEventLoopGroup-22-7] DEBUG bftsmart.proxy - Synchronously received reply from 6 with sequence number 0
19:21:15.437 [nioEventLoopGroup-22-7] DEBUG bftsmart.proxy - throwing out request: sender = 6 reqId = 0
19:21:15.437 [Delivery Thread] DEBUG bftsmart.tom.ServiceReplica - Sending reply to 1002 with sequence number 0 and operation ID 0 via ReplyManager
19:21:15.437 [nioEventLoopGroup-19-7] DEBUG bftsmart.communication.client.netty.NettyTOMMessageDecoder - Decoded reply from 6 with sequence number 0
19:21:15.437 [nioEventLoopGroup-18-7] DEBUG bftsmart.communication.client.netty.NettyClientServerCommunicationSystemClientSide - channelRead0(ChannelHandlerContext ctx, TOMMessage sm).
19:21:15.437 [nioEventLoopGroup-18-7] DEBUG bftsmart.proxy - Synchronously received reply from 6 with sequence number 0
19:21:15.437 [nioEventLoopGroup-19-7] DEBUG bftsmart.communication.client.netty.NettyClientServerCommunicationSystemClientSide - channelRead0(ChannelHandlerContext ctx, TOMMessage sm).
19:21:15.437 [nioEventLoopGroup-18-7] DEBUG bftsmart.proxy - throwing out request: sender = 6 reqId = 0
19:21:15.437 [nioEventLoopGroup-23-7] DEBUG bftsmart.communication.client.netty.NettyTOMMessageDecoder - Decoded reply from 6 with sequence number 0
19:21:15.437 [Delivery Thread] DEBUG bftsmart.tom.ServiceReplica - Sending reply to 1003 with sequence number 0 and operation ID 0 via ReplyManager
19:21:15.437 [nioEventLoopGroup-19-7] DEBUG bftsmart.proxy - Synchronously received reply from 6 with sequence number 0
19:21:15.437 [nioEventLoopGroup-23-7] DEBUG bftsmart.communication.client.netty.NettyClientServerCommunicationSystemClientSide - channelRead0(ChannelHandlerContext ctx, TOMMessage sm).
19:21:15.437 [nioEventLoopGroup-19-7] DEBUG bftsmart.proxy - throwing out request: sender = 6 reqId = 0
19:21:15.437 [Delivery Thread] DEBUG bftsmart.tom.ServiceReplica - Sending reply to 1004 with sequence number 0 and operation ID 0 via ReplyManager
19:21:15.437 [nioEventLoopGroup-23-7] DEBUG bftsmart.proxy - Synchronously received reply from 6 with sequence number 0
19:21:15.437 [nioEventLoopGroup-23-7] DEBUG bftsmart.proxy - throwing out request: sender = 6 reqId = 0
19:21:15.437 [Delivery Thread] DEBUG bftsmart.tom.ServiceReplica - Sending reply to 1005 with sequence number 0 and operation ID 0 via ReplyManager
19:21:15.437 [nioEventLoopGroup-20-8] DEBUG bftsmart.communication.client.netty.NettyTOMMessageDecoder - Decoded reply from 7 with sequence number 0
19:21:15.437 [Delivery Thread] DEBUG bftsmart.tom.ServiceReplica - Sending reply to 1006 with sequence number 0 and operation ID 0 via ReplyManager
19:21:15.437 [nioEventLoopGroup-20-8] DEBUG bftsmart.communication.client.netty.NettyClientServerCommunicationSystemClientSide - channelRead0(ChannelHandlerContext ctx, TOMMessage sm).
19:21:15.437 [nioEventLoopGroup-20-8] DEBUG bftsmart.proxy - Synchronously received reply from 7 with sequence number 0
19:21:15.437 [nioEventLoopGroup-20-8] DEBUG bftsmart.proxy - throwing out request: sender = 7 reqId = 0
19:21:15.437 [Delivery Thread] DEBUG bftsmart.tom.ServiceReplica - Sending reply to 1007 with sequence number 0 and operation ID 0 via ReplyManager
19:21:15.437 [Delivery Thread] DEBUG bftsmart.tom.ServiceReplica - BATCHEXECUTOR END
19:21:15.437 [nioEventLoopGroup-21-8] DEBUG bftsmart.communication.client.netty.NettyTOMMessageDecoder - Decoded reply from 7 with sequence number 0
19:21:15.437 [nioEventLoopGroup-21-8] DEBUG bftsmart.communication.client.netty.NettyClientServerCommunicationSystemClientSide - channelRead0(ChannelHandlerContext ctx, TOMMessage sm).
19:21:15.437 [nioEventLoopGroup-21-8] DEBUG bftsmart.proxy - Synchronously received reply from 7 with sequence number 0
19:21:15.437 [nioEventLoopGroup-21-8] DEBUG bftsmart.proxy - throwing out request: sender = 7 reqId = 0
19:21:15.437 [nioEventLoopGroup-25-8] DEBUG bftsmart.communication.client.netty.NettyTOMMessageDecoder - Decoded reply from 7 with sequence number 0
19:21:15.438 [nioEventLoopGroup-25-8] DEBUG bftsmart.communication.client.netty.NettyClientServerCommunicationSystemClientSide - channelRead0(ChannelHandlerContext ctx, TOMMessage sm).
19:21:15.438 [nioEventLoopGroup-25-8] DEBUG bftsmart.proxy - Synchronously received reply from 7 with sequence number 0
19:21:15.438 [nioEventLoopGroup-25-8] DEBUG bftsmart.proxy - throwing out request: sender = 7 reqId = 0
19:21:15.438 [nioEventLoopGroup-18-8] DEBUG bftsmart.communication.client.netty.NettyTOMMessageDecoder - Decoded reply from 7 with sequence number 0
19:21:15.438 [nioEventLoopGroup-18-8] DEBUG bftsmart.communication.client.netty.NettyClientServerCommunicationSystemClientSide - channelRead0(ChannelHandlerContext ctx, TOMMessage sm).
19:21:15.438 [nioEventLoopGroup-18-8] DEBUG bftsmart.proxy - Synchronously received reply from 7 with sequence number 0
19:21:15.438 [nioEventLoopGroup-18-8] DEBUG bftsmart.proxy - throwing out request: sender = 7 reqId = 0
19:21:15.438 [nioEventLoopGroup-19-8] DEBUG bftsmart.communication.client.netty.NettyTOMMessageDecoder - Decoded reply from 7 with sequence number 0
19:21:15.438 [nioEventLoopGroup-23-8] DEBUG bftsmart.communication.client.netty.NettyTOMMessageDecoder - Decoded reply from 7 with sequence number 0
19:21:15.438 [nioEventLoopGroup-23-8] DEBUG bftsmart.communication.client.netty.NettyClientServerCommunicationSystemClientSide - channelRead0(ChannelHandlerContext ctx, TOMMessage sm).
19:21:15.438 [nioEventLoopGroup-23-8] DEBUG bftsmart.proxy - Synchronously received reply from 7 with sequence number 0
19:21:15.438 [nioEventLoopGroup-23-8] DEBUG bftsmart.proxy - throwing out request: sender = 7 reqId = 0
19:21:15.438 [nioEventLoopGroup-19-8] DEBUG bftsmart.communication.client.netty.NettyClientServerCommunicationSystemClientSide - channelRead0(ChannelHandlerContext ctx, TOMMessage sm).
19:21:15.440 [nioEventLoopGroup-19-8] DEBUG bftsmart.proxy - Synchronously received reply from 7 with sequence number 0
19:21:15.440 [nioEventLoopGroup-24-8] DEBUG bftsmart.communication.client.netty.NettyTOMMessageDecoder - Decoded reply from 7 with sequence number 0
19:21:15.440 [nioEventLoopGroup-19-8] DEBUG bftsmart.proxy - throwing out request: sender = 7 reqId = 0
19:21:15.440 [nioEventLoopGroup-24-8] DEBUG bftsmart.communication.client.netty.NettyClientServerCommunicationSystemClientSide - channelRead0(ChannelHandlerContext ctx, TOMMessage sm).
19:21:15.440 [nioEventLoopGroup-24-8] DEBUG bftsmart.proxy - Synchronously received reply from 7 with sequence number 0
19:21:15.440 [nioEventLoopGroup-24-8] DEBUG bftsmart.proxy - throwing out request: sender = 7 reqId = 0
19:21:15.441 [nioEventLoopGroup-22-8] DEBUG bftsmart.communication.client.netty.NettyTOMMessageDecoder - Decoded reply from 7 with sequence number 0
19:21:15.441 [nioEventLoopGroup-22-8] DEBUG bftsmart.communication.client.netty.NettyClientServerCommunicationSystemClientSide - channelRead0(ChannelHandlerContext ctx, TOMMessage sm).
19:21:15.441 [nioEventLoopGroup-22-8] DEBUG bftsmart.proxy - Synchronously received reply from 7 with sequence number 0
19:21:15.441 [nioEventLoopGroup-22-8] DEBUG bftsmart.proxy - throwing out request: sender = 7 reqId = 0
V2VNativeBridge6: Received message from 0 with length 1028
[V2V Layer 6] Received message from replica 0 via JNI
    [Reliability 6] handleIncomingMessage() called
        Type: DATA
        From: 0
        SeqNum: 0
        Expected seq: 2
        -> DUPLICATE (seq < expected), ignoring
V2VNativeBridge3: Received message from 0 with length 1028
[V2V Layer 3] Received message from replica 0 via JNI
    [Reliability 3] handleIncomingMessage() called
        Type: DATA
        From: 0
        SeqNum: 0
        Expected seq: 2
        -> DUPLICATE (seq < expected), ignoring
V2VNativeBridge2: Received message from 0 with length 1028
[V2V Layer 2] Received message from replica 0 via JNI
    [Reliability 2] handleIncomingMessage() called
        Type: DATA
        From: 0
        SeqNum: 0
        Expected seq: 2
        -> DUPLICATE (seq < expected), ignoring
V2VNativeBridge4: Received message from 0 with length 1028
[V2V Layer 4] Received message from replica 0 via JNI
    [Reliability 4] handleIncomingMessage() called
        Type: DATA
        From: 0
        SeqNum: 0
        Expected seq: 2
        -> DUPLICATE (seq < expected), ignoring
V2VNativeBridge7: Received message from 0 with length 1028
[V2V Layer 7] Received message from replica 0 via JNI
    [Reliability 7] handleIncomingMessage() called
        Type: DATA
        From: 0
        SeqNum: 0
        Expected seq: 2
        -> DUPLICATE (seq < expected), ignoring
V2VNativeBridge1: Received message from 0 with length 1028
[V2V Layer 1] Received message from replica 0 via JNI
    [Reliability 1] handleIncomingMessage() called
        Type: DATA
        From: 0
        SeqNum: 0
        Expected seq: 2
        -> DUPLICATE (seq < expected), ignoring
V2VNativeBridge5: Received message from 0 with length 1028
[V2V Layer 5] Received message from replica 0 via JNI
    [Reliability 5] handleIncomingMessage() called
        Type: DATA
        From: 0
        SeqNum: 0
        Expected seq: 2
        -> DUPLICATE (seq < expected), ignoring
V2VNativeBridge6: Received message from 0 with length 685
[V2V Layer 6] Received message from replica 0 via JNI
    [Reliability 6] handleIncomingMessage() called
        Type: DATA
        From: 0
        SeqNum: 1
        Expected seq: 2
        -> DUPLICATE (seq < expected), ignoring
V2VNativeBridge3: Received message from 0 with length 685
[V2V Layer 3] Received message from replica 0 via JNI
    [Reliability 3] handleIncomingMessage() called
        Type: DATA
        From: 0
        SeqNum: 1
        Expected seq: 2
        -> DUPLICATE (seq < expected), ignoring
V2VNativeBridge4: Received message from 5 with length 856
[V2V Layer 4] Received message from replica 5 via JNI
    [Reliability 4] handleIncomingMessage() called
        Type: DATA
        From: 5
        SeqNum: 1
        Expected seq: 2
        -> DUPLICATE (seq < expected), ignoring
V2VNativeBridge2: Received message from 5 with length 856
[V2V Layer 2] Received message from replica 5 via JNI
    [Reliability 2] handleIncomingMessage() called
        Type: DATA
        From: 5
        SeqNum: 1
        Expected seq: 2
        -> DUPLICATE (seq < expected), ignoring
V2VNativeBridge3: Received message from 5 with length 856
[V2V Layer 3] Received message from replica 5 via JNI
    [Reliability 3] handleIncomingMessage() called
        Type: DATA
        From: 5
        SeqNum: 1
        Expected seq: 2
        -> DUPLICATE (seq < expected), ignoring
[V2VProxy 0] *** RECEIVED V2V message #18 from=5 to=-1 (broadcast=YES) at t=4.933871498934
V2VNativeBridge0: Received message from 5 with length 856
[V2V Layer 0] Received message from replica 5 via JNI
    [Reliability 0] handleIncomingMessage() called
        Type: DATA
        From: 5
        SeqNum: 1
        Expected seq: 2
        -> DUPLICATE (seq < expected), ignoring
V2VNativeBridge1: Received message from 5 with length 856
[V2V Layer 1] Received message from replica 5 via JNI
    [Reliability 1] handleIncomingMessage() called
        Type: DATA
        From: 5
        SeqNum: 1
        Expected seq: 2
        -> DUPLICATE (seq < expected), ignoring
V2VNativeBridge6: Received message from 5 with length 856
[V2V Layer 6] Received message from replica 5 via JNI
    [Reliability 6] handleIncomingMessage() called
        Type: DATA
        From: 5
        SeqNum: 1
        Expected seq: 2
        -> DUPLICATE (seq < expected), ignoring
V2VNativeBridge7: Received message from 5 with length 856
[V2V Layer 7] Received message from replica 5 via JNI
    [Reliability 7] handleIncomingMessage() called
        Type: DATA
        From: 5
        SeqNum: 1
        Expected seq: 2
        -> DUPLICATE (seq < expected), ignoring
V2VNativeBridge2: Received message from 1 with length 871
[V2V Layer 2] Received message from replica 1 via JNI
    [Reliability 2] handleIncomingMessage() called
        Type: DATA
        From: 1
        SeqNum: 1
        Expected seq: 2
        -> DUPLICATE (seq < expected), ignoring
Not flushing reliability queue
Not flushing reliability queue
Not flushing reliability queue
Not flushing reliability queue
[METRICS 4] Consensus Duration: 1.95 seconds
[METRICS 4] Consensus Completed!
[METRICS 4] Consensus Start Time: 3
[METRICS 4] Consensus End Time:   4.95
[METRICS 4] Consensus Latency:    1.95 seconds
[METRICS 4] Projected_Total_Wait: 12.2357
[METRICS 4] Scheduled_Resume: 15.2357
[METRICS 4] Messages Sent: 21
[METRICS 4] Messages Received: 26
[METRICS 4] (consensus succeeded : TRUE)
[V2VProxy 4] Main thread scheduling resume in 10.2857s
Not flushing reliability queue
[METRICS 5] Consensus Duration: 1.95 seconds
[METRICS 5] Consensus Completed!
[METRICS 5] Consensus Start Time: 3
[METRICS 5] Consensus End Time:   4.95
[METRICS 5] Consensus Latency:    1.95 seconds
[METRICS 5] Projected_Total_Wait: 14.8071
[METRICS 5] Scheduled_Resume: 17.8071
[METRICS 5] Messages Sent: 21
[METRICS 5] Messages Received: 23
[METRICS 5] (consensus succeeded : TRUE)
[V2VProxy 5] Main thread scheduling resume in 12.8571s
Not flushing reliability queue
Not flushing reliability queue
[METRICS 7] Consensus Duration: 1.95 seconds
[METRICS 7] Consensus Completed!
[METRICS 7] Consensus Start Time: 3
[METRICS 7] Consensus End Time:   4.95
[METRICS 7] Consensus Latency:    1.95 seconds
[METRICS 7] Projected_Total_Wait: 19.95
[METRICS 7] Scheduled_Resume: 22.95
[METRICS 7] Messages Sent: 21
[METRICS 7] Messages Received: 24
[METRICS 7] (consensus succeeded : TRUE)
[V2VProxy 7] Main thread scheduling resume in 18s
Not flushing reliability queue
[METRICS 7] All Consensus Completed
19:21:17.179 [Thread-106] DEBUG bftsmart.proxy - Sending request (ORDERED_REQUEST) with seqId = 1
19:21:17.179 [Thread-106] DEBUG bftsmart.communication.client.netty.NettyClientServerCommunicationSystemClientSide - All channel operations completed or timed out
19:21:17.179 [Thread-106] DEBUG bftsmart.communication.client.netty.NettyClientServerCommunicationSystemClientSide - Sending request from 1002 with sequence number 1 to [1, 0, 2, 6, 4, 3, 5, 7]
19:21:17.179 [Thread-107] DEBUG bftsmart.proxy - Sending request (ORDERED_REQUEST) with seqId = 1
19:21:17.179 [Thread-107] DEBUG bftsmart.communication.client.netty.NettyClientServerCommunicationSystemClientSide - All channel operations completed or timed out
19:21:17.179 [Thread-107] DEBUG bftsmart.communication.client.netty.NettyClientServerCommunicationSystemClientSide - Sending request from 1003 with sequence number 1 to [6, 5, 1, 7, 3, 2, 4, 0]
19:21:17.179 [Thread-106] DEBUG bftsmart.proxy - Expected number of matching replies: 3
19:21:17.179 [Thread-107] DEBUG bftsmart.proxy - Expected number of matching replies: 3
19:21:17.180 [nioEventLoopGroup-24-3] DEBUG bftsmart.communication.client.netty.NettyClientServerCommunicationSystemClientSide - 2 channel operations remaining to complete
19:21:17.180 [nioEventLoopGroup-25-3] DEBUG bftsmart.communication.client.netty.NettyClientServerCommunicationSystemClientSide - 2 channel operations remaining to complete
19:21:17.180 [nioEventLoopGroup-25-8] DEBUG bftsmart.communication.client.netty.NettyClientServerCommunicationSystemClientSide - 1 channel operations remaining to complete
19:21:17.180 [nioEventLoopGroup-25-6] DEBUG bftsmart.communication.client.netty.NettyClientServerCommunicationSystemClientSide - 0 channel operations remaining to complete
19:21:17.180 [nioEventLoopGroup-14-6] DEBUG bftsmart.communication.client.netty.NettyTOMMessageDecoder - Decoded reply from 1003 with sequence number 1
19:21:17.180 [nioEventLoopGroup-16-4] DEBUG bftsmart.communication.client.netty.NettyTOMMessageDecoder - Decoded reply from 1003 with sequence number 1
19:21:17.180 [nioEventLoopGroup-13-5] DEBUG bftsmart.communication.client.netty.NettyTOMMessageDecoder - Decoded reply from 1003 with sequence number 1
19:21:17.180 [nioEventLoopGroup-14-8] DEBUG bftsmart.communication.client.netty.NettyTOMMessageDecoder - Decoded reply from 1002 with sequence number 1
19:21:17.180 [nioEventLoopGroup-24-8] DEBUG bftsmart.communication.client.netty.NettyClientServerCommunicationSystemClientSide - 1 channel operations remaining to complete
19:21:17.180 [nioEventLoopGroup-12-4] DEBUG bftsmart.communication.client.netty.NettyTOMMessageDecoder - Decoded reply from 1002 with sequence number 1
19:21:17.180 [nioEventLoopGroup-12-4] DEBUG bftsmart.tom.core.TOMLayer - Received TOMMessage from client 1002 with sequence number 1 for session -991227902
19:21:17.180 [nioEventLoopGroup-17-4] DEBUG bftsmart.communication.client.netty.NettyTOMMessageDecoder - Decoded reply from 1003 with sequence number 1
19:21:17.180 [nioEventLoopGroup-14-8] DEBUG bftsmart.tom.core.TOMLayer - Received TOMMessage from client 1002 with sequence number 1 for session -991227902
19:21:17.180 [nioEventLoopGroup-12-4] DEBUG bftsmart.clientsmanagement.ClientsManager - Message from client 1002 is valid
19:21:17.180 [nioEventLoopGroup-16-3] DEBUG bftsmart.communication.client.netty.NettyTOMMessageDecoder - Decoded reply from 1002 with sequence number 1
19:21:17.180 [nioEventLoopGroup-10-3] DEBUG bftsmart.communication.client.netty.NettyTOMMessageDecoder - Decoded reply from 1003 with sequence number 1
19:21:17.180 [nioEventLoopGroup-17-4] DEBUG bftsmart.tom.core.TOMLayer - Received TOMMessage from client 1003 with sequence number 1 for session -1171250860
19:21:17.180 [nioEventLoopGroup-10-3] DEBUG bftsmart.tom.core.TOMLayer - Received TOMMessage from client 1003 with sequence number 1 for session -1171250860
19:21:17.180 [nioEventLoopGroup-17-4] DEBUG bftsmart.clientsmanagement.ClientsManager - Message from client 1003 is valid
19:21:17.180 [nioEventLoopGroup-15-4] DEBUG bftsmart.communication.client.netty.NettyTOMMessageDecoder - Decoded reply from 1003 with sequence number 1
19:21:17.180 [nioEventLoopGroup-16-3] DEBUG bftsmart.tom.core.TOMLayer - Received TOMMessage from client 1002 with sequence number 1 for session -991227902
19:21:17.180 [nioEventLoopGroup-16-3] DEBUG bftsmart.clientsmanagement.ClientsManager - Message from client 1002 is valid
19:21:17.180 [nioEventLoopGroup-13-6] DEBUG bftsmart.communication.client.netty.NettyTOMMessageDecoder - Decoded reply from 1002 with sequence number 1
19:21:17.180 [nioEventLoopGroup-15-4] DEBUG bftsmart.tom.core.TOMLayer - Received TOMMessage from client 1003 with sequence number 1 for session -1171250860
19:21:17.180 [nioEventLoopGroup-15-4] DEBUG bftsmart.clientsmanagement.ClientsManager - Message from client 1003 is valid
19:21:17.180 [nioEventLoopGroup-11-8] DEBUG bftsmart.communication.client.netty.NettyTOMMessageDecoder - Decoded reply from 1002 with sequence number 1
19:21:17.180 [nioEventLoopGroup-13-6] DEBUG bftsmart.tom.core.TOMLayer - Received TOMMessage from client 1002 with sequence number 1 for session -991227902
19:21:17.180 [nioEventLoopGroup-15-5] DEBUG bftsmart.communication.client.netty.NettyTOMMessageDecoder - Decoded reply from 1002 with sequence number 1
19:21:17.180 [nioEventLoopGroup-11-8] DEBUG bftsmart.tom.core.TOMLayer - Received TOMMessage from client 1002 with sequence number 1 for session -991227902
19:21:17.180 [nioEventLoopGroup-11-8] DEBUG bftsmart.clientsmanagement.ClientsManager - Message from client 1002 is valid
19:21:17.180 [nioEventLoopGroup-12-7] DEBUG bftsmart.communication.client.netty.NettyTOMMessageDecoder - Decoded reply from 1003 with sequence number 1
19:21:17.180 [nioEventLoopGroup-15-5] DEBUG bftsmart.tom.core.TOMLayer - Received TOMMessage from client 1002 with sequence number 1 for session -991227902
19:21:17.180 [nioEventLoopGroup-11-4] DEBUG bftsmart.communication.client.netty.NettyTOMMessageDecoder - Decoded reply from 1003 with sequence number 1
19:21:17.180 [nioEventLoopGroup-12-7] DEBUG bftsmart.tom.core.TOMLayer - Received TOMMessage from client 1003 with sequence number 1 for session -1171250860
19:21:17.180 [nioEventLoopGroup-12-7] DEBUG bftsmart.clientsmanagement.ClientsManager - Message from client 1003 is valid
19:21:17.180 [nioEventLoopGroup-17-7] DEBUG bftsmart.communication.client.netty.NettyTOMMessageDecoder - Decoded reply from 1002 with sequence number 1
19:21:17.180 [Thread-104] DEBUG bftsmart.proxy - Sending request (ORDERED_REQUEST) with seqId = 1
19:21:17.180 [nioEventLoopGroup-25-2] DEBUG bftsmart.communication.client.netty.NettyClientServerCommunicationSystemClientSide - -1 channel operations remaining to complete
19:21:17.180 [Thread-104] DEBUG bftsmart.communication.client.netty.NettyClientServerCommunicationSystemClientSide - All channel operations completed or timed out
19:21:17.180 [Thread-104] DEBUG bftsmart.communication.client.netty.NettyClientServerCommunicationSystemClientSide - Sending request from 1000 with sequence number 1 to [1, 5, 7, 0, 6, 4, 2, 3]
19:21:17.180 [nioEventLoopGroup-10-2] DEBUG bftsmart.communication.client.netty.NettyTOMMessageDecoder - Decoded reply from 1002 with sequence number 1
19:21:17.180 [Thread-105] DEBUG bftsmart.proxy - Sending request (ORDERED_REQUEST) with seqId = 1
19:21:17.180 [nioEventLoopGroup-16-4] DEBUG bftsmart.tom.core.TOMLayer - Received TOMMessage from client 1003 with sequence number 1 for session -1171250860
19:21:17.180 [nioEventLoopGroup-10-2] DEBUG bftsmart.tom.core.TOMLayer - Received TOMMessage from client 1002 with sequence number 1 for session -991227902
19:21:17.180 [nioEventLoopGroup-14-6] DEBUG bftsmart.tom.core.TOMLayer - Received TOMMessage from client 1003 with sequence number 1 for session -1171250860
19:21:17.180 [nioEventLoopGroup-10-2] DEBUG bftsmart.clientsmanagement.ClientsManager - Message from client 1002 is valid
19:21:17.180 [Thread-105] DEBUG bftsmart.communication.client.netty.NettyClientServerCommunicationSystemClientSide - All channel operations completed or timed out
19:21:17.180 [nioEventLoopGroup-14-6] DEBUG bftsmart.clientsmanagement.ClientsManager - Message from client 1003 is valid
19:21:17.180 [nioEventLoopGroup-13-5] DEBUG bftsmart.tom.core.TOMLayer - Received TOMMessage from client 1003 with sequence number 1 for session -1171250860
19:21:17.180 [nioEventLoopGroup-24-1] DEBUG bftsmart.communication.client.netty.NettyClientServerCommunicationSystemClientSide - 0 channel operations remaining to complete
19:21:17.180 [nioEventLoopGroup-14-8] DEBUG bftsmart.clientsmanagement.ClientsManager - Message from client 1002 is valid
19:21:17.181 [nioEventLoopGroup-16-5] DEBUG bftsmart.communication.client.netty.NettyTOMMessageDecoder - Decoded reply from 1000 with sequence number 1
19:21:17.181 [nioEventLoopGroup-17-2] DEBUG bftsmart.communication.client.netty.NettyTOMMessageDecoder - Decoded reply from 1000 with sequence number 1
19:21:17.180 [nioEventLoopGroup-10-3] DEBUG bftsmart.clientsmanagement.ClientsManager - Message from client 1003 is valid
19:21:17.181 [nioEventLoopGroup-17-2] DEBUG bftsmart.tom.core.TOMLayer - Received TOMMessage from client 1000 with sequence number 1 for session -1143677792
19:21:17.181 [nioEventLoopGroup-17-2] DEBUG bftsmart.clientsmanagement.ClientsManager - Message from client 1000 is valid
19:21:17.180 [nioEventLoopGroup-13-6] DEBUG bftsmart.clientsmanagement.ClientsManager - Message from client 1002 is valid
19:21:17.181 [Thread-104] DEBUG bftsmart.proxy - Expected number of matching replies: 3
19:21:17.181 [nioEventLoopGroup-12-2] DEBUG bftsmart.communication.client.netty.NettyTOMMessageDecoder - Decoded reply from 1000 with sequence number 1
19:21:17.181 [nioEventLoopGroup-10-1] DEBUG bftsmart.communication.client.netty.NettyTOMMessageDecoder - Decoded reply from 1000 with sequence number 1
19:21:17.181 [nioEventLoopGroup-12-2] DEBUG bftsmart.tom.core.TOMLayer - Received TOMMessage from client 1000 with sequence number 1 for session -1143677792
19:21:17.181 [nioEventLoopGroup-12-2] DEBUG bftsmart.clientsmanagement.ClientsManager - Message from client 1000 is valid
19:21:17.181 [nioEventLoopGroup-10-1] DEBUG bftsmart.tom.core.TOMLayer - Received TOMMessage from client 1000 with sequence number 1 for session -1143677792
19:21:17.180 [nioEventLoopGroup-15-5] DEBUG bftsmart.clientsmanagement.ClientsManager - Message from client 1002 is valid
19:21:17.180 [nioEventLoopGroup-11-4] DEBUG bftsmart.tom.core.TOMLayer - Received TOMMessage from client 1003 with sequence number 1 for session -1171250860
19:21:17.181 [nioEventLoopGroup-11-2] DEBUG bftsmart.communication.client.netty.NettyTOMMessageDecoder - Decoded reply from 1000 with sequence number 1
19:21:17.181 [nioEventLoopGroup-11-2] DEBUG bftsmart.tom.core.TOMLayer - Received TOMMessage from client 1000 with sequence number 1 for session -1143677792
19:21:17.181 [nioEventLoopGroup-11-4] DEBUG bftsmart.clientsmanagement.ClientsManager - Message from client 1003 is valid
19:21:17.180 [Thread-111] DEBUG bftsmart.proxy - Sending request (ORDERED_REQUEST) with seqId = 1
19:21:17.180 [nioEventLoopGroup-17-7] DEBUG bftsmart.tom.core.TOMLayer - Received TOMMessage from client 1002 with sequence number 1 for session -991227902
19:21:17.181 [nioEventLoopGroup-17-7] DEBUG bftsmart.clientsmanagement.ClientsManager - Message from client 1002 is valid
19:21:17.180 [nioEventLoopGroup-25-7] DEBUG bftsmart.communication.client.netty.NettyClientServerCommunicationSystemClientSide - -2 channel operations remaining to complete
19:21:17.180 [nioEventLoopGroup-16-4] DEBUG bftsmart.clientsmanagement.ClientsManager - Message from client 1003 is valid
19:21:17.181 [nioEventLoopGroup-25-4] DEBUG bftsmart.communication.client.netty.NettyClientServerCommunicationSystemClientSide - -3 channel operations remaining to complete
19:21:17.180 [Thread-105] DEBUG bftsmart.communication.client.netty.NettyClientServerCommunicationSystemClientSide - Sending request from 1001 with sequence number 1 to [7, 6, 0, 1, 5, 4, 2, 3]
19:21:17.181 [nioEventLoopGroup-25-5] DEBUG bftsmart.communication.client.netty.NettyClientServerCommunicationSystemClientSide - -4 channel operations remaining to complete
19:21:17.181 [nioEventLoopGroup-21-2] DEBUG bftsmart.communication.client.netty.NettyClientServerCommunicationSystemClientSide - 2 channel operations remaining to complete
19:21:17.181 [nioEventLoopGroup-25-1] DEBUG bftsmart.communication.client.netty.NettyClientServerCommunicationSystemClientSide - -5 channel operations remaining to complete
19:21:17.181 [nioEventLoopGroup-13-5] DEBUG bftsmart.clientsmanagement.ClientsManager - Message from client 1003 is valid
19:21:17.181 [nioEventLoopGroup-16-5] DEBUG bftsmart.tom.core.TOMLayer - Received TOMMessage from client 1000 with sequence number 1 for session -1143677792
19:21:17.181 [Thread-108] DEBUG bftsmart.proxy - Sending request (ORDERED_REQUEST) with seqId = 1
19:21:17.181 [nioEventLoopGroup-16-5] DEBUG bftsmart.clientsmanagement.ClientsManager - Message from client 1000 is valid
19:21:17.181 [nioEventLoopGroup-24-6] DEBUG bftsmart.communication.client.netty.NettyClientServerCommunicationSystemClientSide - -1 channel operations remaining to complete
19:21:17.181 [nioEventLoopGroup-15-3] DEBUG bftsmart.communication.client.netty.NettyTOMMessageDecoder - Decoded reply from 1000 with sequence number 1
19:21:17.182 [nioEventLoopGroup-20-8] DEBUG bftsmart.communication.client.netty.NettyClientServerCommunicationSystemClientSide - 2 channel operations remaining to complete
19:21:17.181 [nioEventLoopGroup-10-1] DEBUG bftsmart.clientsmanagement.ClientsManager - Message from client 1000 is valid
19:21:17.182 [nioEventLoopGroup-15-3] DEBUG bftsmart.tom.core.TOMLayer - Received TOMMessage from client 1000 with sequence number 1 for session -1143677792
19:21:17.182 [nioEventLoopGroup-24-4] DEBUG bftsmart.communication.client.netty.NettyClientServerCommunicationSystemClientSide - -2 channel operations remaining to complete
19:21:17.182 [nioEventLoopGroup-15-3] DEBUG bftsmart.clientsmanagement.ClientsManager - Message from client 1000 is valid
19:21:17.182 [nioEventLoopGroup-20-7] DEBUG bftsmart.communication.client.netty.NettyClientServerCommunicationSystemClientSide - 1 channel operations remaining to complete
19:21:17.182 [nioEventLoopGroup-15-2] DEBUG bftsmart.communication.client.netty.NettyTOMMessageDecoder - Decoded reply from 1001 with sequence number 1
19:21:17.182 [nioEventLoopGroup-24-7] DEBUG bftsmart.communication.client.netty.NettyClientServerCommunicationSystemClientSide - -3 channel operations remaining to complete
19:21:17.181 [nioEventLoopGroup-13-2] DEBUG bftsmart.communication.client.netty.NettyTOMMessageDecoder - Decoded reply from 1000 with sequence number 1
19:21:17.182 [nioEventLoopGroup-15-2] DEBUG bftsmart.tom.core.TOMLayer - Received TOMMessage from client 1001 with sequence number 1 for session -1672319045
19:21:17.182 [nioEventLoopGroup-20-1] DEBUG bftsmart.communication.client.netty.NettyClientServerCommunicationSystemClientSide - 0 channel operations remaining to complete
19:21:17.182 [nioEventLoopGroup-15-2] DEBUG bftsmart.clientsmanagement.ClientsManager - Message from client 1001 is valid
19:21:17.181 [nioEventLoopGroup-14-1] DEBUG bftsmart.communication.client.netty.NettyTOMMessageDecoder - Decoded reply from 1000 with sequence number 1
19:21:17.182 [nioEventLoopGroup-13-2] DEBUG bftsmart.tom.core.TOMLayer - Received TOMMessage from client 1000 with sequence number 1 for session -1143677792
19:21:17.182 [nioEventLoopGroup-24-2] DEBUG bftsmart.communication.client.netty.NettyClientServerCommunicationSystemClientSide - -4 channel operations remaining to complete
19:21:17.182 [nioEventLoopGroup-13-2] DEBUG bftsmart.clientsmanagement.ClientsManager - Message from client 1000 is valid
19:21:17.181 [nioEventLoopGroup-11-2] DEBUG bftsmart.clientsmanagement.ClientsManager - Message from client 1000 is valid
19:21:17.182 [nioEventLoopGroup-14-1] DEBUG bftsmart.tom.core.TOMLayer - Received TOMMessage from client 1000 with sequence number 1 for session -1143677792
19:21:17.182 [nioEventLoopGroup-14-1] DEBUG bftsmart.clientsmanagement.ClientsManager - Message from client 1000 is valid
19:21:17.182 [nioEventLoopGroup-24-5] DEBUG bftsmart.communication.client.netty.NettyClientServerCommunicationSystemClientSide - -5 channel operations remaining to complete
19:21:17.182 [nioEventLoopGroup-17-1] DEBUG bftsmart.communication.client.netty.NettyTOMMessageDecoder - Decoded reply from 1001 with sequence number 1
19:21:17.181 [Thread-111] DEBUG bftsmart.communication.client.netty.NettyClientServerCommunicationSystemClientSide - All channel operations completed or timed out
19:21:17.182 [nioEventLoopGroup-17-1] DEBUG bftsmart.tom.core.TOMLayer - Received TOMMessage from client 1001 with sequence number 1 for session -1672319045
19:21:17.182 [Thread-111] DEBUG bftsmart.communication.client.netty.NettyClientServerCommunicationSystemClientSide - Sending request from 1007 with sequence number 1 to [7, 6, 5, 0, 3, 4, 1, 2]
19:21:17.181 [nioEventLoopGroup-21-6] DEBUG bftsmart.communication.client.netty.NettyClientServerCommunicationSystemClientSide - 1 channel operations remaining to complete
19:21:17.182 [nioEventLoopGroup-16-6] DEBUG bftsmart.communication.client.netty.NettyTOMMessageDecoder - Decoded reply from 1001 with sequence number 1
19:21:17.182 [Thread-105] DEBUG bftsmart.proxy - Expected number of matching replies: 3
19:21:17.182 [nioEventLoopGroup-16-6] DEBUG bftsmart.tom.core.TOMLayer - Received TOMMessage from client 1001 with sequence number 1 for session -1672319045
19:21:17.182 [Thread-108] DEBUG bftsmart.communication.client.netty.NettyClientServerCommunicationSystemClientSide - All channel operations completed or timed out
19:21:17.182 [nioEventLoopGroup-16-6] DEBUG bftsmart.clientsmanagement.ClientsManager - Message from client 1001 is valid
19:21:17.182 [nioEventLoopGroup-21-8] DEBUG bftsmart.communication.client.netty.NettyClientServerCommunicationSystemClientSide - 0 channel operations remaining to complete
19:21:17.182 [Thread-108] DEBUG bftsmart.communication.client.netty.NettyClientServerCommunicationSystemClientSide - Sending request from 1004 with sequence number 1 to [1, 7, 4, 3, 2, 5, 0, 6]
19:21:17.182 [Thread-110] DEBUG bftsmart.proxy - Sending request (ORDERED_REQUEST) with seqId = 1
19:21:17.182 [nioEventLoopGroup-21-1] DEBUG bftsmart.communication.client.netty.NettyClientServerCommunicationSystemClientSide - -1 channel operations remaining to complete
19:21:17.182 [nioEventLoopGroup-12-5] DEBUG bftsmart.communication.client.netty.NettyTOMMessageDecoder - Decoded reply from 1001 with sequence number 1
19:21:17.182 [nioEventLoopGroup-21-7] DEBUG bftsmart.communication.client.netty.NettyClientServerCommunicationSystemClientSide - -2 channel operations remaining to complete
19:21:17.182 [nioEventLoopGroup-12-5] DEBUG bftsmart.tom.core.TOMLayer - Received TOMMessage from client 1001 with sequence number 1 for session -1672319045
19:21:17.182 [nioEventLoopGroup-20-2] DEBUG bftsmart.communication.client.netty.NettyClientServerCommunicationSystemClientSide - -1 channel operations remaining to complete
19:21:17.182 [nioEventLoopGroup-13-8] DEBUG bftsmart.communication.client.netty.NettyTOMMessageDecoder - Decoded reply from 1001 with sequence number 1
19:21:17.182 [nioEventLoopGroup-21-5] DEBUG bftsmart.communication.client.netty.NettyClientServerCommunicationSystemClientSide - -3 channel operations remaining to complete
19:21:17.182 [nioEventLoopGroup-13-8] DEBUG bftsmart.tom.core.TOMLayer - Received TOMMessage from client 1001 with sequence number 1 for session -1672319045
19:21:17.182 [nioEventLoopGroup-10-5] DEBUG bftsmart.communication.client.netty.NettyTOMMessageDecoder - Decoded reply from 1001 with sequence number 1
19:21:17.182 [Thread-109] DEBUG bftsmart.proxy - Sending request (ORDERED_REQUEST) with seqId = 1
19:21:17.182 [nioEventLoopGroup-21-3] DEBUG bftsmart.communication.client.netty.NettyClientServerCommunicationSystemClientSide - -4 channel operations remaining to complete
19:21:17.182 [nioEventLoopGroup-10-5] DEBUG bftsmart.tom.core.TOMLayer - Received TOMMessage from client 1001 with sequence number 1 for session -1672319045
19:21:17.182 [nioEventLoopGroup-23-7] DEBUG bftsmart.communication.client.netty.NettyClientServerCommunicationSystemClientSide - 2 channel operations remaining to complete
19:21:17.182 [nioEventLoopGroup-22-2] DEBUG bftsmart.communication.client.netty.NettyClientServerCommunicationSystemClientSide - 2 channel operations remaining to complete
19:21:17.182 [nioEventLoopGroup-10-5] DEBUG bftsmart.clientsmanagement.ClientsManager - Message from client 1001 is valid
19:21:17.182 [nioEventLoopGroup-17-1] DEBUG bftsmart.clientsmanagement.ClientsManager - Message from client 1001 is valid
19:21:17.182 [Thread-110] DEBUG bftsmart.communication.client.netty.NettyClientServerCommunicationSystemClientSide - All channel operations completed or timed out
19:21:17.182 [nioEventLoopGroup-21-4] DEBUG bftsmart.communication.client.netty.NettyClientServerCommunicationSystemClientSide - -5 channel operations remaining to complete
19:21:17.182 [nioEventLoopGroup-11-5] DEBUG bftsmart.communication.client.netty.NettyTOMMessageDecoder - Decoded reply from 1001 with sequence number 1
19:21:17.182 [nioEventLoopGroup-17-6] DEBUG bftsmart.communication.client.netty.NettyTOMMessageDecoder - Decoded reply from 1004 with sequence number 1
19:21:17.182 [Thread-111] DEBUG bftsmart.proxy - Expected number of matching replies: 3
19:21:17.182 [nioEventLoopGroup-17-6] DEBUG bftsmart.tom.core.TOMLayer - Received TOMMessage from client 1004 with sequence number 1 for session -2024429936
19:21:17.182 [nioEventLoopGroup-11-5] DEBUG bftsmart.tom.core.TOMLayer - Received TOMMessage from client 1001 with sequence number 1 for session -1672319045
19:21:17.182 [nioEventLoopGroup-17-6] DEBUG bftsmart.clientsmanagement.ClientsManager - Message from client 1004 is valid
19:21:17.182 [nioEventLoopGroup-12-5] DEBUG bftsmart.clientsmanagement.ClientsManager - Message from client 1001 is valid
19:21:17.182 [nioEventLoopGroup-11-5] DEBUG bftsmart.clientsmanagement.ClientsManager - Message from client 1001 is valid
19:21:17.182 [nioEventLoopGroup-13-4] DEBUG bftsmart.communication.client.netty.NettyTOMMessageDecoder - Decoded reply from 1004 with sequence number 1
19:21:17.182 [Thread-108] DEBUG bftsmart.proxy - Expected number of matching replies: 3
19:21:17.182 [nioEventLoopGroup-14-2] DEBUG bftsmart.communication.client.netty.NettyTOMMessageDecoder - Decoded reply from 1004 with sequence number 1
19:21:17.183 [nioEventLoopGroup-14-5] DEBUG bftsmart.communication.client.netty.NettyTOMMessageDecoder - Decoded reply from 1007 with sequence number 1
19:21:17.183 [nioEventLoopGroup-10-7] DEBUG bftsmart.communication.client.netty.NettyTOMMessageDecoder - Decoded reply from 1007 with sequence number 1
19:21:17.183 [nioEventLoopGroup-13-7] DEBUG bftsmart.communication.client.netty.NettyTOMMessageDecoder - Decoded reply from 1007 with sequence number 1
19:21:17.183 [nioEventLoopGroup-14-5] DEBUG bftsmart.tom.core.TOMLayer - Received TOMMessage from client 1007 with sequence number 1 for session 299746230
19:21:17.183 [nioEventLoopGroup-10-7] DEBUG bftsmart.tom.core.TOMLayer - Received TOMMessage from client 1007 with sequence number 1 for session 299746230
19:21:17.183 [nioEventLoopGroup-13-7] DEBUG bftsmart.tom.core.TOMLayer - Received TOMMessage from client 1007 with sequence number 1 for session 299746230
19:21:17.183 [nioEventLoopGroup-14-5] DEBUG bftsmart.clientsmanagement.ClientsManager - Message from client 1007 is valid
19:21:17.182 [nioEventLoopGroup-13-8] DEBUG bftsmart.clientsmanagement.ClientsManager - Message from client 1001 is valid
19:21:17.183 [nioEventLoopGroup-13-7] DEBUG bftsmart.clientsmanagement.ClientsManager - Message from client 1007 is valid
19:21:17.183 [nioEventLoopGroup-11-6] DEBUG bftsmart.communication.client.netty.NettyTOMMessageDecoder - Decoded reply from 1007 with sequence number 1
19:21:17.183 [nioEventLoopGroup-11-6] DEBUG bftsmart.tom.core.TOMLayer - Received TOMMessage from client 1007 with sequence number 1 for session 299746230
19:21:17.183 [nioEventLoopGroup-11-6] DEBUG bftsmart.clientsmanagement.ClientsManager - Message from client 1007 is valid
19:21:17.182 [nioEventLoopGroup-14-7] DEBUG bftsmart.communication.client.netty.NettyTOMMessageDecoder - Decoded reply from 1001 with sequence number 1
19:21:17.183 [nioEventLoopGroup-10-6] DEBUG bftsmart.communication.client.netty.NettyTOMMessageDecoder - Decoded reply from 1004 with sequence number 1
19:21:17.183 [nioEventLoopGroup-16-7] DEBUG bftsmart.communication.client.netty.NettyTOMMessageDecoder - Decoded reply from 1004 with sequence number 1
19:21:17.183 [nioEventLoopGroup-10-6] DEBUG bftsmart.tom.core.TOMLayer - Received TOMMessage from client 1004 with sequence number 1 for session -2024429936
19:21:17.182 [nioEventLoopGroup-20-6] DEBUG bftsmart.communication.client.netty.NettyClientServerCommunicationSystemClientSide - -2 channel operations remaining to complete
19:21:17.183 [nioEventLoopGroup-14-7] DEBUG bftsmart.tom.core.TOMLayer - Received TOMMessage from client 1001 with sequence number 1 for session -1672319045
19:21:17.183 [nioEventLoopGroup-14-7] DEBUG bftsmart.clientsmanagement.ClientsManager - Message from client 1001 is valid
19:21:17.182 [Thread-109] DEBUG bftsmart.communication.client.netty.NettyClientServerCommunicationSystemClientSide - All channel operations completed or timed out
19:21:17.183 [nioEventLoopGroup-20-3] DEBUG bftsmart.communication.client.netty.NettyClientServerCommunicationSystemClientSide - -3 channel operations remaining to complete
19:21:17.183 [Thread-109] DEBUG bftsmart.communication.client.netty.NettyClientServerCommunicationSystemClientSide - Sending request from 1005 with sequence number 1 to [0, 4, 6, 7, 3, 5, 2, 1]
19:21:17.182 [Thread-110] DEBUG bftsmart.communication.client.netty.NettyClientServerCommunicationSystemClientSide - Sending request from 1006 with sequence number 1 to [7, 5, 3, 1, 2, 0, 6, 4]
19:21:17.183 [nioEventLoopGroup-20-5] DEBUG bftsmart.communication.client.netty.NettyClientServerCommunicationSystemClientSide - -4 channel operations remaining to complete
19:21:17.182 [nioEventLoopGroup-23-6] DEBUG bftsmart.communication.client.netty.NettyClientServerCommunicationSystemClientSide - 1 channel operations remaining to complete
19:21:17.183 [nioEventLoopGroup-20-4] DEBUG bftsmart.communication.client.netty.NettyClientServerCommunicationSystemClientSide - -5 channel operations remaining to complete
19:21:17.182 [nioEventLoopGroup-22-8] DEBUG bftsmart.communication.client.netty.NettyClientServerCommunicationSystemClientSide - 1 channel operations remaining to complete
19:21:17.183 [nioEventLoopGroup-23-1] DEBUG bftsmart.communication.client.netty.NettyClientServerCommunicationSystemClientSide - 0 channel operations remaining to complete
19:21:17.182 [nioEventLoopGroup-15-8] DEBUG bftsmart.communication.client.netty.NettyTOMMessageDecoder - Decoded reply from 1007 with sequence number 1
19:21:17.183 [nioEventLoopGroup-23-8] DEBUG bftsmart.communication.client.netty.NettyClientServerCommunicationSystemClientSide - -1 channel operations remaining to complete
19:21:17.183 [nioEventLoopGroup-22-5] DEBUG bftsmart.communication.client.netty.NettyClientServerCommunicationSystemClientSide - 0 channel operations remaining to complete
19:21:17.182 [nioEventLoopGroup-16-8] DEBUG bftsmart.communication.client.netty.NettyTOMMessageDecoder - Decoded reply from 1007 with sequence number 1
19:21:17.183 [nioEventLoopGroup-15-8] DEBUG bftsmart.tom.core.TOMLayer - Received TOMMessage from client 1007 with sequence number 1 for session 299746230
19:21:17.183 [nioEventLoopGroup-23-4] DEBUG bftsmart.communication.client.netty.NettyClientServerCommunicationSystemClientSide - -2 channel operations remaining to complete
19:21:17.182 [nioEventLoopGroup-12-8] DEBUG bftsmart.communication.client.netty.NettyTOMMessageDecoder - Decoded reply from 1004 with sequence number 1
19:21:17.183 [nioEventLoopGroup-23-2] DEBUG bftsmart.communication.client.netty.NettyClientServerCommunicationSystemClientSide - -3 channel operations remaining to complete
19:21:17.183 [nioEventLoopGroup-16-8] DEBUG bftsmart.tom.core.TOMLayer - Received TOMMessage from client 1007 with sequence number 1 for session 299746230
19:21:17.183 [nioEventLoopGroup-22-4] DEBUG bftsmart.communication.client.netty.NettyClientServerCommunicationSystemClientSide - -1 channel operations remaining to complete
19:21:17.183 [nioEventLoopGroup-16-8] DEBUG bftsmart.clientsmanagement.ClientsManager - Message from client 1007 is valid
19:21:17.182 [nioEventLoopGroup-12-6] DEBUG bftsmart.communication.client.netty.NettyTOMMessageDecoder - Decoded reply from 1007 with sequence number 1
19:21:17.183 [nioEventLoopGroup-12-8] DEBUG bftsmart.tom.core.TOMLayer - Received TOMMessage from client 1004 with sequence number 1 for session -2024429936
19:21:17.183 [nioEventLoopGroup-13-3] DEBUG bftsmart.communication.client.netty.NettyTOMMessageDecoder - Decoded reply from 1005 with sequence number 1
19:21:17.183 [nioEventLoopGroup-12-8] DEBUG bftsmart.clientsmanagement.ClientsManager - Message from client 1004 is valid
19:21:17.182 [nioEventLoopGroup-13-4] DEBUG bftsmart.tom.core.TOMLayer - Received TOMMessage from client 1004 with sequence number 1 for session -2024429936
19:21:17.183 [nioEventLoopGroup-16-1] DEBUG bftsmart.communication.client.netty.NettyTOMMessageDecoder - Decoded reply from 1006 with sequence number 1
19:21:17.183 [Thread-109] DEBUG bftsmart.proxy - Expected number of matching replies: 3
19:21:17.183 [nioEventLoopGroup-13-4] DEBUG bftsmart.clientsmanagement.ClientsManager - Message from client 1004 is valid
19:21:17.183 [nioEventLoopGroup-16-1] DEBUG bftsmart.tom.core.TOMLayer - Received TOMMessage from client 1006 with sequence number 1 for session -625207274
19:21:17.183 [nioEventLoopGroup-14-3] DEBUG bftsmart.communication.client.netty.NettyTOMMessageDecoder - Decoded reply from 1006 with sequence number 1
19:21:17.183 [nioEventLoopGroup-12-3] DEBUG bftsmart.communication.client.netty.NettyTOMMessageDecoder - Decoded reply from 1006 with sequence number 1
19:21:17.183 [nioEventLoopGroup-17-3] DEBUG bftsmart.communication.client.netty.NettyTOMMessageDecoder - Decoded reply from 1006 with sequence number 1
19:21:17.183 [nioEventLoopGroup-12-1] DEBUG bftsmart.communication.client.netty.NettyTOMMessageDecoder - Decoded reply from 1005 with sequence number 1
19:21:17.183 [nioEventLoopGroup-23-5] DEBUG bftsmart.communication.client.netty.NettyClientServerCommunicationSystemClientSide - -4 channel operations remaining to complete
19:21:17.183 [nioEventLoopGroup-12-1] DEBUG bftsmart.tom.core.TOMLayer - Received TOMMessage from client 1005 with sequence number 1 for session -182751477
19:21:17.183 [nioEventLoopGroup-11-3] DEBUG bftsmart.communication.client.netty.NettyTOMMessageDecoder - Decoded reply from 1006 with sequence number 1
19:21:17.183 [nioEventLoopGroup-22-3] DEBUG bftsmart.communication.client.netty.NettyClientServerCommunicationSystemClientSide - -2 channel operations remaining to complete
19:21:17.183 [nioEventLoopGroup-11-3] DEBUG bftsmart.tom.core.TOMLayer - Received TOMMessage from client 1006 with sequence number 1 for session -625207274
19:21:17.183 [nioEventLoopGroup-23-3] DEBUG bftsmart.communication.client.netty.NettyClientServerCommunicationSystemClientSide - -5 channel operations remaining to complete
19:21:17.183 [nioEventLoopGroup-22-6] DEBUG bftsmart.communication.client.netty.NettyClientServerCommunicationSystemClientSide - -3 channel operations remaining to complete
19:21:17.183 [nioEventLoopGroup-14-2] DEBUG bftsmart.tom.core.TOMLayer - Received TOMMessage from client 1004 with sequence number 1 for session -2024429936
19:21:17.183 [nioEventLoopGroup-10-4] DEBUG bftsmart.communication.client.netty.NettyTOMMessageDecoder - Decoded reply from 1006 with sequence number 1
19:21:17.183 [nioEventLoopGroup-15-6] DEBUG bftsmart.communication.client.netty.NettyTOMMessageDecoder - Decoded reply from 1006 with sequence number 1
19:21:17.183 [nioEventLoopGroup-10-4] DEBUG bftsmart.tom.core.TOMLayer - Received TOMMessage from client 1006 with sequence number 1 for session -625207274
19:21:17.183 [nioEventLoopGroup-15-6] DEBUG bftsmart.tom.core.TOMLayer - Received TOMMessage from client 1006 with sequence number 1 for session -625207274
19:21:17.183 [nioEventLoopGroup-10-4] DEBUG bftsmart.clientsmanagement.ClientsManager - Message from client 1006 is valid
19:21:17.183 [nioEventLoopGroup-22-1] DEBUG bftsmart.communication.client.netty.NettyClientServerCommunicationSystemClientSide - -4 channel operations remaining to complete
19:21:17.183 [nioEventLoopGroup-11-1] DEBUG bftsmart.communication.client.netty.NettyTOMMessageDecoder - Decoded reply from 1004 with sequence number 1
19:21:17.184 [nioEventLoopGroup-22-7] DEBUG bftsmart.communication.client.netty.NettyClientServerCommunicationSystemClientSide - -5 channel operations remaining to complete
19:21:17.183 [nioEventLoopGroup-17-5] DEBUG bftsmart.communication.client.netty.NettyTOMMessageDecoder - Decoded reply from 1007 with sequence number 1
19:21:17.184 [nioEventLoopGroup-11-1] DEBUG bftsmart.tom.core.TOMLayer - Received TOMMessage from client 1004 with sequence number 1 for session -2024429936
19:21:17.184 [nioEventLoopGroup-11-1] DEBUG bftsmart.clientsmanagement.ClientsManager - Message from client 1004 is valid
19:21:17.183 [nioEventLoopGroup-10-7] DEBUG bftsmart.clientsmanagement.ClientsManager - Message from client 1007 is valid
19:21:17.183 [nioEventLoopGroup-16-7] DEBUG bftsmart.tom.core.TOMLayer - Received TOMMessage from client 1004 with sequence number 1 for session -2024429936
19:21:17.184 [nioEventLoopGroup-16-7] DEBUG bftsmart.clientsmanagement.ClientsManager - Message from client 1004 is valid
19:21:17.183 [nioEventLoopGroup-15-7] DEBUG bftsmart.communication.client.netty.NettyTOMMessageDecoder - Decoded reply from 1004 with sequence number 1
19:21:17.183 [nioEventLoopGroup-10-6] DEBUG bftsmart.clientsmanagement.ClientsManager - Message from client 1004 is valid
19:21:17.184 [nioEventLoopGroup-15-7] DEBUG bftsmart.tom.core.TOMLayer - Received TOMMessage from client 1004 with sequence number 1 for session -2024429936
19:21:17.184 [nioEventLoopGroup-15-7] DEBUG bftsmart.clientsmanagement.ClientsManager - Message from client 1004 is valid
19:21:17.183 [nioEventLoopGroup-19-8] DEBUG bftsmart.communication.client.netty.NettyClientServerCommunicationSystemClientSide - 2 channel operations remaining to complete
19:21:17.183 [nioEventLoopGroup-18-1] DEBUG bftsmart.communication.client.netty.NettyClientServerCommunicationSystemClientSide - 2 channel operations remaining to complete
19:21:17.184 [nioEventLoopGroup-19-6] DEBUG bftsmart.communication.client.netty.NettyClientServerCommunicationSystemClientSide - 1 channel operations remaining to complete
19:21:17.184 [nioEventLoopGroup-18-5] DEBUG bftsmart.communication.client.netty.NettyClientServerCommunicationSystemClientSide - 1 channel operations remaining to complete
19:21:17.183 [nioEventLoopGroup-15-8] DEBUG bftsmart.clientsmanagement.ClientsManager - Message from client 1007 is valid
19:21:17.184 [nioEventLoopGroup-19-2] DEBUG bftsmart.communication.client.netty.NettyClientServerCommunicationSystemClientSide - 0 channel operations remaining to complete
19:21:17.184 [nioEventLoopGroup-18-7] DEBUG bftsmart.communication.client.netty.NettyClientServerCommunicationSystemClientSide - 0 channel operations remaining to complete
19:21:17.183 [nioEventLoopGroup-10-8] DEBUG bftsmart.communication.client.netty.NettyTOMMessageDecoder - Decoded reply from 1005 with sequence number 1
19:21:17.184 [nioEventLoopGroup-19-4] DEBUG bftsmart.communication.client.netty.NettyClientServerCommunicationSystemClientSide - -1 channel operations remaining to complete
19:21:17.184 [nioEventLoopGroup-18-8] DEBUG bftsmart.communication.client.netty.NettyClientServerCommunicationSystemClientSide - -1 channel operations remaining to complete
19:21:17.183 [nioEventLoopGroup-13-3] DEBUG bftsmart.tom.core.TOMLayer - Received TOMMessage from client 1005 with sequence number 1 for session -182751477
19:21:17.184 [nioEventLoopGroup-10-8] DEBUG bftsmart.tom.core.TOMLayer - Received TOMMessage from client 1005 with sequence number 1 for session -182751477
19:21:17.184 [nioEventLoopGroup-19-3] DEBUG bftsmart.communication.client.netty.NettyClientServerCommunicationSystemClientSide - -2 channel operations remaining to complete
19:21:17.184 [nioEventLoopGroup-18-6] DEBUG bftsmart.communication.client.netty.NettyClientServerCommunicationSystemClientSide - -2 channel operations remaining to complete
19:21:17.184 [nioEventLoopGroup-13-3] DEBUG bftsmart.clientsmanagement.ClientsManager - Message from client 1005 is valid
19:21:17.183 [Thread-110] DEBUG bftsmart.proxy - Expected number of matching replies: 3
19:21:17.184 [nioEventLoopGroup-19-1] DEBUG bftsmart.communication.client.netty.NettyClientServerCommunicationSystemClientSide - -3 channel operations remaining to complete
19:21:17.184 [nioEventLoopGroup-18-2] DEBUG bftsmart.communication.client.netty.NettyClientServerCommunicationSystemClientSide - -3 channel operations remaining to complete
19:21:17.183 [nioEventLoopGroup-12-6] DEBUG bftsmart.tom.core.TOMLayer - Received TOMMessage from client 1007 with sequence number 1 for session 299746230
19:21:17.184 [nioEventLoopGroup-19-7] DEBUG bftsmart.communication.client.netty.NettyClientServerCommunicationSystemClientSide - -4 channel operations remaining to complete
19:21:17.183 [nioEventLoopGroup-16-1] DEBUG bftsmart.clientsmanagement.ClientsManager - Message from client 1006 is valid
19:21:17.184 [nioEventLoopGroup-18-3] DEBUG bftsmart.communication.client.netty.NettyClientServerCommunicationSystemClientSide - -4 channel operations remaining to complete
19:21:17.184 [nioEventLoopGroup-19-5] DEBUG bftsmart.communication.client.netty.NettyClientServerCommunicationSystemClientSide - -5 channel operations remaining to complete
19:21:17.183 [nioEventLoopGroup-15-1] DEBUG bftsmart.communication.client.netty.NettyTOMMessageDecoder - Decoded reply from 1005 with sequence number 1
19:21:17.184 [nioEventLoopGroup-18-4] DEBUG bftsmart.communication.client.netty.NettyClientServerCommunicationSystemClientSide - -5 channel operations remaining to complete
19:21:17.183 [nioEventLoopGroup-14-3] DEBUG bftsmart.tom.core.TOMLayer - Received TOMMessage from client 1006 with sequence number 1 for session -625207274
19:21:17.184 [nioEventLoopGroup-15-1] DEBUG bftsmart.tom.core.TOMLayer - Received TOMMessage from client 1005 with sequence number 1 for session -182751477
19:21:17.184 [nioEventLoopGroup-14-3] DEBUG bftsmart.clientsmanagement.ClientsManager - Message from client 1006 is valid
19:21:17.183 [nioEventLoopGroup-12-3] DEBUG bftsmart.tom.core.TOMLayer - Received TOMMessage from client 1006 with sequence number 1 for session -625207274
19:21:17.183 [nioEventLoopGroup-17-3] DEBUG bftsmart.tom.core.TOMLayer - Received TOMMessage from client 1006 with sequence number 1 for session -625207274
19:21:17.185 [nioEventLoopGroup-12-3] DEBUG bftsmart.clientsmanagement.ClientsManager - Message from client 1006 is valid
19:21:17.185 [nioEventLoopGroup-17-3] DEBUG bftsmart.clientsmanagement.ClientsManager - Message from client 1006 is valid
19:21:17.183 [nioEventLoopGroup-12-1] DEBUG bftsmart.clientsmanagement.ClientsManager - Message from client 1005 is valid
19:21:17.183 [nioEventLoopGroup-11-3] DEBUG bftsmart.clientsmanagement.ClientsManager - Message from client 1006 is valid
19:21:17.183 [nioEventLoopGroup-16-2] DEBUG bftsmart.communication.client.netty.NettyTOMMessageDecoder - Decoded reply from 1005 with sequence number 1
19:21:17.183 [nioEventLoopGroup-14-2] DEBUG bftsmart.clientsmanagement.ClientsManager - Message from client 1004 is valid
19:21:17.185 [nioEventLoopGroup-16-2] DEBUG bftsmart.tom.core.TOMLayer - Received TOMMessage from client 1005 with sequence number 1 for session -182751477
19:21:17.185 [nioEventLoopGroup-16-2] DEBUG bftsmart.clientsmanagement.ClientsManager - Message from client 1005 is valid
19:21:17.183 [nioEventLoopGroup-15-6] DEBUG bftsmart.clientsmanagement.ClientsManager - Message from client 1006 is valid
19:21:17.183 [nioEventLoopGroup-13-1] DEBUG bftsmart.communication.client.netty.NettyTOMMessageDecoder - Decoded reply from 1006 with sequence number 1
19:21:17.184 [nioEventLoopGroup-11-7] DEBUG bftsmart.communication.client.netty.NettyTOMMessageDecoder - Decoded reply from 1005 with sequence number 1
19:21:17.185 [nioEventLoopGroup-13-1] DEBUG bftsmart.tom.core.TOMLayer - Received TOMMessage from client 1006 with sequence number 1 for session -625207274
19:21:17.185 [nioEventLoopGroup-13-1] DEBUG bftsmart.clientsmanagement.ClientsManager - Message from client 1006 is valid
19:21:17.185 [nioEventLoopGroup-11-7] DEBUG bftsmart.tom.core.TOMLayer - Received TOMMessage from client 1005 with sequence number 1 for session -182751477
19:21:17.185 [nioEventLoopGroup-11-7] DEBUG bftsmart.clientsmanagement.ClientsManager - Message from client 1005 is valid
19:21:17.184 [nioEventLoopGroup-17-8] DEBUG bftsmart.communication.client.netty.NettyTOMMessageDecoder - Decoded reply from 1005 with sequence number 1
19:21:17.184 [nioEventLoopGroup-14-4] DEBUG bftsmart.communication.client.netty.NettyTOMMessageDecoder - Decoded reply from 1005 with sequence number 1
19:21:17.184 [nioEventLoopGroup-17-5] DEBUG bftsmart.tom.core.TOMLayer - Received TOMMessage from client 1007 with sequence number 1 for session 299746230
19:21:17.185 [nioEventLoopGroup-14-4] DEBUG bftsmart.tom.core.TOMLayer - Received TOMMessage from client 1005 with sequence number 1 for session -182751477
19:21:17.185 [nioEventLoopGroup-14-4] DEBUG bftsmart.clientsmanagement.ClientsManager - Message from client 1005 is valid
19:21:17.185 [nioEventLoopGroup-17-5] DEBUG bftsmart.clientsmanagement.ClientsManager - Message from client 1007 is valid
19:21:17.184 [nioEventLoopGroup-10-8] DEBUG bftsmart.clientsmanagement.ClientsManager - Message from client 1005 is valid
19:21:17.184 [nioEventLoopGroup-12-6] DEBUG bftsmart.clientsmanagement.ClientsManager - Message from client 1007 is valid
19:21:17.185 [nioEventLoopGroup-15-1] DEBUG bftsmart.clientsmanagement.ClientsManager - Message from client 1005 is valid
19:21:17.186 [TOM Layer] DEBUG bftsmart.tom.core.TOMLayer - Got enough requests
19:21:17.186 [TOM Layer] DEBUG bftsmart.tom.core.TOMLayer - There are requests to be ordered. I will propose.
19:21:17.185 [nioEventLoopGroup-17-8] DEBUG bftsmart.tom.core.TOMLayer - Received TOMMessage from client 1005 with sequence number 1 for session -182751477
19:21:17.186 [TOM Layer] DEBUG bftsmart.tom.core.TOMLayer - Modifying inExec from -1 to 1
19:21:17.186 [TOM Layer] DEBUG bftsmart.clientsmanagement.ClientsManager - Number of active clients: 8
19:21:17.186 [TOM Layer] DEBUG bftsmart.clientsmanagement.ClientsManager - Fetching requests with internal index 0
19:21:17.186 [TOM Layer] DEBUG bftsmart.clientsmanagement.ClientsManager - Number of pending requests for client 1000: 1.
19:21:17.186 [TOM Layer] DEBUG bftsmart.clientsmanagement.ClientsManager - Selected request with sequence number 1 from client 1000
19:21:17.186 [TOM Layer] DEBUG bftsmart.clientsmanagement.ClientsManager - Number of pending requests for client 1001: 1.
19:21:17.186 [TOM Layer] DEBUG bftsmart.clientsmanagement.ClientsManager - Selected request with sequence number 1 from client 1001
19:21:17.186 [TOM Layer] DEBUG bftsmart.clientsmanagement.ClientsManager - Number of pending requests for client 1002: 1.
19:21:17.186 [TOM Layer] DEBUG bftsmart.clientsmanagement.ClientsManager - Selected request with sequence number 1 from client 1002
19:21:17.186 [TOM Layer] DEBUG bftsmart.clientsmanagement.ClientsManager - Number of pending requests for client 1003: 1.
19:21:17.186 [nioEventLoopGroup-17-8] DEBUG bftsmart.clientsmanagement.ClientsManager - Message from client 1005 is valid
19:21:17.186 [TOM Layer] DEBUG bftsmart.clientsmanagement.ClientsManager - Selected request with sequence number 1 from client 1003
19:21:17.186 [TOM Layer] DEBUG bftsmart.clientsmanagement.ClientsManager - Number of pending requests for client 1004: 1.
19:21:17.186 [TOM Layer] DEBUG bftsmart.clientsmanagement.ClientsManager - Selected request with sequence number 1 from client 1004
19:21:17.186 [TOM Layer] DEBUG bftsmart.clientsmanagement.ClientsManager - Number of pending requests for client 1005: 1.
19:21:17.186 [TOM Layer] DEBUG bftsmart.clientsmanagement.ClientsManager - Selected request with sequence number 1 from client 1005
19:21:17.186 [TOM Layer] DEBUG bftsmart.clientsmanagement.ClientsManager - Number of pending requests for client 1006: 1.
19:21:17.186 [TOM Layer] DEBUG bftsmart.clientsmanagement.ClientsManager - Selected request with sequence number 1 from client 1006
19:21:17.186 [TOM Layer] DEBUG bftsmart.clientsmanagement.ClientsManager - Number of pending requests for client 1007: 1.
19:21:17.186 [TOM Layer] DEBUG bftsmart.clientsmanagement.ClientsManager - Selected request with sequence number 1 from client 1007
19:21:17.186 [TOM Layer] DEBUG bftsmart.tom.core.TOMLayer - Number of pending requets to propose in consensus 1: 8
19:21:17.186 [TOM Layer] DEBUG bftsmart.tom.core.TOMLayer - Creating a PROPOSE with 8 msgs
19:21:17.186 [TOM Layer] DEBUG bftsmart.tom.util.BatchBuilder - Adding request from client 1000 with sequence number 1 for session -1143677792 to PROPOSE
19:21:17.186 [TOM Layer] DEBUG bftsmart.tom.util.BatchBuilder - Adding request from client 1001 with sequence number 1 for session -1672319045 to PROPOSE
19:21:17.186 [TOM Layer] DEBUG bftsmart.tom.util.BatchBuilder - Adding request from client 1002 with sequence number 1 for session -991227902 to PROPOSE
19:21:17.186 [TOM Layer] DEBUG bftsmart.tom.util.BatchBuilder - Adding request from client 1003 with sequence number 1 for session -1171250860 to PROPOSE
19:21:17.186 [TOM Layer] DEBUG bftsmart.tom.util.BatchBuilder - Adding request from client 1004 with sequence number 1 for session -2024429936 to PROPOSE
19:21:17.186 [TOM Layer] DEBUG bftsmart.tom.util.BatchBuilder - Adding request from client 1005 with sequence number 1 for session -182751477 to PROPOSE
19:21:17.186 [TOM Layer] DEBUG bftsmart.tom.util.BatchBuilder - Adding request from client 1006 with sequence number 1 for session -625207274 to PROPOSE
19:21:17.186 [TOM Layer] DEBUG bftsmart.tom.util.BatchBuilder - Adding request from client 1007 with sequence number 1 for session 299746230 to PROPOSE
19:21:17.186 [TOM Layer] INFO bftsmart.communication.ServerCommunicationSystem - === ServerCommunicationSystem.send() ===
19:21:17.186 [TOM Layer] INFO bftsmart.communication.ServerCommunicationSystem -     Message type: ConsensusMessage
19:21:17.186 [TOM Layer] INFO bftsmart.communication.ServerCommunicationSystem -     Is TOMMessage: false
19:21:17.186 [TOM Layer] INFO bftsmart.communication.ServerCommunicationSystem -     Targets: [0, 1, 2, 3, 4, 5, 6, 7]
19:21:17.186 [TOM Layer] INFO bftsmart.communication.ServerCommunicationSystem -     -> Routing to SERVER connection (SystemMessage)
19:21:17.186 [TOM Layer] DEBUG bftsmart.communication.ServerCommunicationSystem - --> sending message from: [0, 1, 2, 3, 4, 5, 6, 7] -> {}0
=== [V2V Layer 0] SEND called ===
    Targets: [0, 1, 2, 3, 4, 5, 6, 7]
    Message type: ConsensusMessage
    Sender: 0
    -> Self-delivery to replica 0
=== [V2V Layer 0] DELIVER to BFT-SMaRt ===
    Message type: ConsensusMessage
    From replica: 0
    InQueue size before: 0
    InQueue size after: 1
=== [V2V Layer 0] DELIVER successful ===
    -> Sending to replica 1 via V2V
    [Reliability 0] sendReliable() called
        Target: 1
        Message type: ConsensusMessage
        Sequence number: 3
19:21:17.186 [Server Comm. System] INFO bftsmart.communication.ServerCommunicationSystem - === ServerCommunicationSystem RECEIVED message ===
19:21:17.186 [Server Comm. System] INFO bftsmart.communication.ServerCommunicationSystem -     Message type: ConsensusMessage
19:21:17.186 [Server Comm. System] INFO bftsmart.communication.ServerCommunicationSystem -     From: 0
19:21:17.186 [Server Comm. System] INFO bftsmart.communication.ServerCommunicationSystem -     Message count: 15
19:21:17.186 [Server Comm. System] DEBUG bftsmart.communication.ServerCommunicationSystem - <-- receiving, msg:type=PROPOSE, number=1, epoch=0, from=0
19:21:17.186 [Server Comm. System] DEBUG bftsmart.tom.core.ExecutionManager - Received message  type=PROPOSE, number=1, epoch=0, from=0
19:21:17.186 [Server Comm. System] DEBUG bftsmart.tom.core.ExecutionManager - I'm at consensus 1 and my last consensus is 0
        Payload size: 523 bytes
19:21:17.186 [Server Comm. System] DEBUG bftsmart.tom.core.ExecutionManager - Message for consensus 1 can be processed
19:21:17.186 [Server Comm. System] DEBUG bftsmart.consensus.roles.Acceptor - Processing paxos msg with id 1
        [Reliability 0] Piggybacked 1 ACKs to replica 1
19:21:17.186 [Server Comm. System] DEBUG bftsmart.consensus.roles.Acceptor - PROPOSE received from:0, for consensus cId:1, I am:0
19:21:17.186 [Server Comm. System] DEBUG bftsmart.consensus.roles.Acceptor - Executing propose for cId:1, Epoch Timestamp:0
19:21:17.186 [Server Comm. System] DEBUG bftsmart.tom.core.TOMLayer - Modifying inExec from 1 to 1
19:21:17.186 [Server Comm. System] DEBUG bftsmart.tom.core.TOMLayer - Checking proposed value
19:21:17.187 [Server Comm. System] DEBUG bftsmart.tom.core.TOMLayer - Successfully deserialized batch
19:21:17.187 [Server Comm. System] DEBUG bftsmart.consensus.roles.Acceptor - Sending WRITE for 1
19:21:17.187 [Server Comm. System] DEBUG bftsmart.consensus.roles.Acceptor - Sending WRITE for cId:1, I am:0
[MessageFactory] Creating WRITE message: from=0, id=1, epoch=0
19:21:17.187 [Server Comm. System] INFO bftsmart.communication.ServerCommunicationSystem - === ServerCommunicationSystem.send() ===
19:21:17.187 [Server Comm. System] INFO bftsmart.communication.ServerCommunicationSystem -     Message type: ConsensusMessage
19:21:17.187 [Server Comm. System] INFO bftsmart.communication.ServerCommunicationSystem -     Is TOMMessage: false
19:21:17.187 [Server Comm. System] INFO bftsmart.communication.ServerCommunicationSystem -     Targets: [1, 2, 3, 4, 5, 6, 7]
19:21:17.187 [Server Comm. System] INFO bftsmart.communication.ServerCommunicationSystem -     -> Routing to SERVER connection (SystemMessage)
19:21:17.187 [Server Comm. System] DEBUG bftsmart.communication.ServerCommunicationSystem - --> sending message from: [1, 2, 3, 4, 5, 6, 7] -> {}0
=== [V2V Layer 0] SEND called ===
    Targets: [1, 2, 3, 4, 5, 6, 7]
    Message type: ConsensusMessage
    Sender: 0
    -> Sending to replica 1 via V2V
    [Reliability 0] sendReliable() called
        Target: 1
        Message type: ConsensusMessage
        Sequence number: 4
        Payload size: 172 bytes
[METRICS 0] Messages received: 18
[METRICS 0] Messages sent: 35
[METRICS 1] Messages received: 25
[METRICS 1] Messages sent: 25
[METRICS 2] Messages received: 27
[METRICS 2] Messages sent: 25
[METRICS 3] Messages received: 25
[METRICS 3] Messages sent: 25
[METRICS 4] Messages received: 26
[METRICS 4] Messages sent: 24
[METRICS 5] Messages received: 23
[METRICS 5] Messages sent: 25
[METRICS 6] Messages received: 25
[METRICS 6] Messages sent: 25
[METRICS 7] Messages received: 24
[METRICS 7] Messages sent: 21
