version 3
run BFT4Replicas-0-20260121-08:21:41-130722
attr configname BFT4Replicas
attr datetime 20260121-08:21:41
attr datetimef 20260121-082141
attr experiment BFT4Replicas
attr inifile omnetpp.ini
attr iterationvars ""
attr iterationvarsd ""
attr iterationvarsf ""
attr measurement ""
attr network fourWay
attr processid 130722
attr repetition 0
attr replication #0
attr resultdir results
attr runnumber 0
attr seedset 0
config cmdenv-express-mode true
config cmdenv-interactive false
config *.manager.launchConfig "xmldoc(\"osm.launchd.xml\")"
config *.node[*].applType "\"org.car2x.veins.modules.bftsmart.V2VProxyModule\""
config *.node[0].appl.replicaId 0
config *.node[1].appl.replicaId 1
config *.node[2].appl.replicaId 2
config *.node[3].appl.replicaId 3
config *.node[*].appl.intersectionX 104m
config *.node[*].appl.intersectionY 82m
config *.node[*].appl.stopDistance 50m
config *.**.nic.mac1609_4.useServiceChannel true
config *.node[*].appl.dataOnSch true
config scheduler-class omnetpp::cRealTimeScheduler
config realtimescheduler-scaling 1
config cmdenv-express-mode true
config cmdenv-autoflush true
config cmdenv-status-frequency 1s
config **.cmdenv-log-level info
config image-path ../../images
config network fourWay
config debug-on-errors true
config print-undisposed true
config sim-time-limit 200s
config **.scalar-recording true
config **.vector-recording true
config *.playgroundSizeX 2500m
config *.playgroundSizeY 2500m
config *.playgroundSizeZ 50m
config *.annotations.draw true
config *.obstacles.debug false
config *.manager.updateInterval 0.1s
config *.manager.host "\"localhost\""
config *.manager.port 9999
config *.manager.autoShutdown true
config *.manager.launchConfig "xmldoc(\"osm.launchd.xml\")"
config *.manager.trafficLightModuleType "\"org.car2x.veins.nodes.TrafficLight\""
config *.tls[*].mobility.x 0
config *.tls[*].mobility.y 0
config *.tls[*].mobility.z 3
config *.tls[*].applType "\"org.car2x.veins.modules.application.traci.TraCIDemoTrafficLightApp\""
config *.tls[*].logicType "\"org.car2x.veins.modules.world.traci.trafficLight.logics.TraCITrafficLightSimpleLogic\""
config *.rsu[0].mobility.x 2000
config *.rsu[0].mobility.y 2000
config *.rsu[0].mobility.z 3
config *.rsu[*].applType "\"TraCIDemoRSU11p\""
config *.rsu[*].appl.headerLength "80 bit"
config *.rsu[*].appl.sendBeacons false
config *.rsu[*].appl.dataOnSch false
config *.rsu[*].appl.beaconInterval 1s
config *.rsu[*].appl.beaconUserPriority 7
config *.rsu[*].appl.dataUserPriority 5
config *.rsu[*].nic.phy80211p.antennaOffsetZ "0 m"
config *.connectionManager.sendDirect true
config *.connectionManager.maxInterfDist 2600m
config *.connectionManager.drawMaxIntfDist false
config *.connectionManagerName "\"connectionManager\""
config *.**.nic.mac1609_4.useServiceChannel false
config *.**.nic.mac1609_4.txPower 20mW
config *.**.nic.mac1609_4.bitrate 6Mbps
config *.**.nic.phy80211p.minPowerLevel -110dBm
config *.**.nic.phy80211p.useNoiseFloor true
config *.**.nic.phy80211p.noiseFloor -98dBm
config *.**.nic.phy80211p.decider "xmldoc(\"config.xml\")"
config *.**.nic.phy80211p.analogueModels "xmldoc(\"config.xml\")"
config *.**.nic.phy80211p.usePropagationDelay true
config *.**.nic.phy80211p.antenna "xmldoc(\"antenna.xml\", \"/root/Antenna[@id='monopole']\")"
config *.node[*].nic.phy80211p.antennaOffsetY "1.895 m"
config *.node[*].nic.phy80211p.antennaOffsetZ "1.895 m"
config *.node[*].applType "\"src.IntersectionApp\""
config *.node[*].appl.headerLength "80 bit"
config *.node[*].appl.sendBeacons false
config *.node[*].appl.dataOnSch false
config *.node[*].appl.beaconInterval 1s
config *.node[*].nic.phy80211p.connectionManagerName "\"connectionManager\""
config *.node[*].veinsmobility.x 0
config *.node[*].veinsmobility.y 0
config *.node[*].veinsmobility.z 0
config *.node[*].veinsmobility.setHostSpeed false
config *.node[0].veinsmobility.accidentCount 0
config *.node[0].veinsmobility.accidentStart 73s
config *.node[0].veinsmobility.accidentDuration 50s

vector 0 fourWay.node[0].appl bftMsgSent:vector ETV
attr recordingmode vector
attr source bftMsgSent
attr title "BFT messages sent"
vector 1 fourWay.node[0].appl bftMsgReceived:vector ETV
attr recordingmode vector
attr source bftMsgReceived
attr title "BFT messages received"
vector 2 fourWay.node[0].nic.phy80211p RadioState ETV
vector 3 fourWay.node[0].nic.phy80211p RadioChannel ETV
vector 4 fourWay.manager posx ETV
vector 5 fourWay.manager posy ETV
vector 6 fourWay.manager speed ETV
vector 7 fourWay.node[1].appl bftMsgSent:vector ETV
attr recordingmode vector
attr source bftMsgSent
attr title "BFT messages sent"
vector 8 fourWay.node[1].appl bftMsgReceived:vector ETV
attr recordingmode vector
attr source bftMsgReceived
attr title "BFT messages received"
vector 9 fourWay.node[1].nic.phy80211p RadioState ETV
vector 10 fourWay.node[1].nic.phy80211p RadioChannel ETV
vector 11 fourWay.manager posx ETV
vector 12 fourWay.manager posy ETV
vector 13 fourWay.node[2].appl bftMsgSent:vector ETV
attr recordingmode vector
attr source bftMsgSent
attr title "BFT messages sent"
vector 14 fourWay.node[2].appl bftMsgReceived:vector ETV
attr recordingmode vector
attr source bftMsgReceived
attr title "BFT messages received"
vector 15 fourWay.node[2].nic.phy80211p RadioState ETV
vector 16 fourWay.node[2].nic.phy80211p RadioChannel ETV
vector 17 fourWay.manager posx ETV
vector 18 fourWay.manager posy ETV
vector 19 fourWay.node[3].appl bftMsgSent:vector ETV
attr recordingmode vector
attr source bftMsgSent
attr title "BFT messages sent"
vector 20 fourWay.node[3].appl bftMsgReceived:vector ETV
attr recordingmode vector
attr source bftMsgReceived
attr title "BFT messages received"
vector 21 fourWay.node[3].nic.phy80211p RadioState ETV
vector 22 fourWay.node[3].nic.phy80211p RadioChannel ETV
vector 23 fourWay.manager posx ETV
vector 24 fourWay.manager posy ETV
vector 25 fourWay.manager acceleration ETV
vector 26 fourWay.manager co2emission ETV
vector 27 fourWay.manager speed ETV
vector 28 fourWay.manager speed ETV
vector 29 fourWay.manager speed ETV
vector 30 fourWay.manager acceleration ETV
vector 31 fourWay.manager co2emission ETV
vector 32 fourWay.manager acceleration ETV
vector 33 fourWay.manager co2emission ETV
vector 34 fourWay.manager acceleration ETV
vector 35 fourWay.manager co2emission ETV
4	52	5.1	132.73086
4	55	5.2	132.73086
4	59	5.3	132.73086
4	70	5.4	132.73086
4	84	5.5	132.71888221268
4	102	5.6	132.71888221268
4	120	5.7	132.71888221268
4	141	5.8	132.71888221268
4	162	5.9	132.71888221268
4	183	6	132.71888221268
4	204	6.1	132.71888221268
4	225	6.2	132.71888221268
4	246	6.3	132.71888221268
4	267	6.4	132.71888221268
4	288	6.5	132.71888221268
4	309	6.6	132.71888221268
4	330	6.7	132.71888221268
4	351	6.8	132.71888221268
4	372	6.9	132.71888221268
4	393	7	132.71888221268
4	414	7.1	132.71888221268
4	435	7.2	132.71888221268
4	456	7.3	132.71888221268
4	477	7.4	132.71888221268
4	498	7.5	132.71888221268
4	519	7.6	132.71888221268
4	540	7.7	132.71888221268
4	561	7.8	132.71888221268
4	582	7.9	132.71888221268
4	603	8	132.71888221268
4	624	8.1	132.71888221268
4	645	8.2	132.71888221268
4	666	8.3	132.71888221268
4	687	8.4	132.71888221268
4	708	8.5	132.71888221268
4	729	8.6	132.71888221268
4	750	8.7	132.71888221268
4	771	8.8	132.71888221268
4	792	8.9	132.71888221268
4	813	9	132.71888221268
4	834	9.1	132.71888221268
4	855	9.2	132.71888221268
4	876	9.3	132.71888221268
4	897	9.4	132.71888221268
4	918	9.5	132.71888221268
4	939	9.6	132.71888221268
4	960	9.7	132.71888221268
4	981	9.8	132.71888221268
4	1002	9.9	132.71888221268
4	1023	10	132.71888221268
4	1044	10.1	132.71888221268
4	1065	10.2	132.71888221268
4	1086	10.3	132.71888221268
4	1107	10.4	132.71888221268
4	1128	10.5	132.71888221268
4	1149	10.6	132.71888221268
4	1170	10.7	132.71888221268
4	1191	10.8	132.71888221268
4	1212	10.9	132.71888221268
4	1233	11	132.71888221268
4	1254	11.1	132.71888221268
4	1275	11.2	132.71888221268
4	1296	11.3	132.71888221268
4	1317	11.4	132.71888221268
4	1338	11.5	132.71888221268
4	1359	11.6	132.71888221268
4	1380	11.7	132.71888221268
4	1401	11.8	132.71888221268
4	1422	11.9	132.71888221268
4	1443	12	132.71888221268
4	1464	12.1	132.71888221268
4	1485	12.2	132.71888221268
4	1506	12.3	132.71888221268
4	1527	12.4	132.71888221268
4	1548	12.5	132.71888221268
4	1569	12.6	132.71888221268
4	1590	12.7	132.71888221268
4	1611	12.8	132.71888221268
4	1632	12.9	132.71888221268
4	1653	13	132.71888221268
4	1674	13.1	132.71888221268
4	1695	13.2	132.71888221268
4	1716	13.3	132.71888221268
4	1737	13.4	132.71888221268
4	1758	13.5	132.71888221268
4	1779	13.6	132.71888221268
4	1800	13.7	132.71888221268
4	1821	13.8	132.71888221268
4	1842	13.9	132.71888221268
4	1863	14	132.71888221268
4	1884	14.1	132.71888221268
4	1905	14.2	132.71888221268
4	1926	14.3	132.71888221268
4	1947	14.4	132.71888221268
4	1968	14.5	132.71888221268
4	1989	14.6	132.71888221268
4	2010	14.7	132.71888221268
4	2031	14.8	132.71888221268
4	2052	14.9	132.71888221268
4	2073	15	132.71888221268
4	2094	15.1	132.71888221268
4	2115	15.2	132.71888221268
4	2136	15.3	132.71888221268
4	2157	15.4	132.71888221268
4	2178	15.5	132.71888221268
4	2199	15.6	132.71888221268
4	2220	15.7	132.71888221268
4	2241	15.8	132.71888221268
4	2262	15.9	132.71888221268
4	2283	16	132.71888221268
4	2304	16.1	132.71888221268
4	2325	16.2	132.71888221268
4	2346	16.3	132.71888221268
4	2367	16.4	132.71888221268
4	2388	16.5	132.71888221268
4	2409	16.6	132.71888221268
4	2430	16.7	132.71888221268
4	2451	16.8	132.71888221268
4	2472	16.9	132.71888221268
4	2493	17	132.71888221268
4	2514	17.1	132.71888221268
4	2535	17.2	132.71888221268
4	2556	17.3	132.71888221268
4	2577	17.4	132.71888221268
4	2598	17.5	132.71888221268
4	2619	17.6	132.71888221268
4	2640	17.7	132.71888221268
4	2661	17.8	132.71888221268
4	2682	17.9	132.71888221268
4	2703	18	132.71888221268
4	2724	18.1	132.71888221268
4	2745	18.2	132.71888221268
4	2766	18.3	132.71888221268
4	2787	18.4	132.71888221268
4	2808	18.5	132.71888221268
4	2829	18.6	132.71888221268
4	2850	18.7	132.71888221268
4	2871	18.8	132.71888221268
4	2892	18.9	132.71888221268
4	2913	19	132.71888221268
4	2934	19.1	132.71888221268
4	2955	19.2	132.71888221268
4	2976	19.3	132.71888221268
4	2997	19.4	132.71888221268
4	3018	19.5	132.71888221268
4	3039	19.6	132.71888221268
4	3060	19.7	132.71888221268
4	3081	19.8	132.71888221268
4	3102	19.9	132.71888221268
4	3123	20	132.71888221268
4	3144	20.1	132.71888221268
4	3165	20.2	132.71888221268
4	3186	20.3	132.71888221268
4	3207	20.4	132.71888221268
4	3228	20.5	132.71888221268
4	3249	20.6	132.71888221268
4	3270	20.7	132.71888221268
4	3291	20.8	132.71888221268
4	3312	20.9	132.71888221268
4	3333	21	132.71888221268
4	3354	21.1	132.71888221268
4	3375	21.2	132.71888221268
4	3396	21.3	132.71888221268
4	3417	21.4	132.71888221268
4	3438	21.5	132.71888221268
4	3459	21.6	132.71888221268
4	3480	21.7	132.71888221268
4	3501	21.8	132.71888221268
4	3522	21.9	132.71888221268
4	3543	22	132.71888221268
4	3564	22.1	132.71888221268
4	3585	22.2	132.71888221268
4	3606	22.3	132.71888221268
4	3627	22.4	132.71888221268
4	3648	22.5	132.71888221268
4	3669	22.6	132.71888221268
4	3690	22.7	132.71888221268
4	3711	22.8	132.71888221268
4	3732	22.9	132.71888221268
4	3753	23	132.71888221268
4	3774	23.1	132.71888221268
4	3795	23.2	132.71888221268
4	3816	23.3	132.71888221268
4	3837	23.4	132.71888221268
4	3858	23.5	132.71888221268
4	3879	23.6	132.71888221268
4	3900	23.7	132.71888221268
4	3921	23.8	132.71888221268
4	3942	23.9	132.71888221268
4	3963	24	132.71888221268
4	3984	24.1	132.71888221268
4	4005	24.2	132.71888221268
4	4026	24.3	132.71888221268
4	4047	24.4	132.71888221268
4	4068	24.5	132.71888221268
4	4089	24.6	132.71888221268
4	4110	24.7	132.71888221268
4	4131	24.8	132.71888221268
4	4152	24.9	132.71888221268
4	4173	25	132.71888221268
4	4194	25.1	132.71888221268
4	4215	25.2	132.71888221268
4	4236	25.3	132.71888221268
4	4257	25.4	132.71888221268
4	4278	25.5	132.71888221268
4	4299	25.6	132.71888221268
4	4320	25.7	132.71888221268
4	4341	25.8	132.71888221268
4	4362	25.9	132.71888221268
4	4383	26	132.71888221268
4	4404	26.1	132.71888221268
4	4425	26.2	132.71888221268
4	4446	26.3	132.71888221268
4	4467	26.4	132.71888221268
4	4488	26.5	132.71888221268
4	4509	26.6	132.71888221268
4	4530	26.7	132.71888221268
4	4551	26.8	132.71888221268
4	4572	26.9	132.71888221268
4	4593	27	132.71888221268
4	4614	27.1	132.71888221268
4	4635	27.2	132.71888221268
4	4656	27.3	132.71888221268
4	4677	27.4	132.71888221268
4	4698	27.5	132.71888221268
4	4719	27.6	132.71888221268
4	4740	27.7	132.71888221268
4	4761	27.8	132.71888221268
4	4782	27.9	132.71888221268
4	4803	28	132.71888221268
4	4824	28.1	132.71888221268
4	4845	28.2	132.71888221268
4	4866	28.3	132.71888221268
4	4887	28.4	132.71888221268
4	4908	28.5	132.71888221268
4	4929	28.6	132.71888221268
4	4950	28.7	132.71888221268
4	4971	28.8	132.71888221268
4	4992	28.9	132.71888221268
4	5013	29	132.71888221268
4	5034	29.1	132.71888221268
4	5055	29.2	132.71888221268
4	5076	29.3	132.71888221268
4	5097	29.4	132.71888221268
4	5118	29.5	132.71888221268
4	5139	29.6	132.71888221268
4	5160	29.7	132.71888221268
4	5181	29.8	132.71888221268
4	5202	29.9	132.71888221268
4	5223	30	132.71888221268
4	5244	30.1	132.71888221268
4	5265	30.2	132.71888221268
4	5286	30.3	132.71888221268
4	5307	30.4	132.71888221268
4	5328	30.5	132.71888221268
4	5349	30.6	132.71888221268
4	5370	30.7	132.71888221268
4	5391	30.8	132.71888221268
4	5412	30.9	132.71888221268
4	5433	31	132.71888221268
4	5454	31.1	132.71888221268
4	5475	31.2	132.71888221268
4	5496	31.3	132.71888221268
4	5517	31.4	132.71888221268
4	5538	31.5	132.71888221268
4	5559	31.6	132.71888221268
4	5580	31.7	132.71888221268
4	5601	31.8	132.71888221268
4	5622	31.9	132.71888221268
4	5643	32	132.71888221268
4	5664	32.1	132.71888221268
4	5685	32.2	132.71888221268
4	5706	32.3	132.71888221268
4	5727	32.4	132.71888221268
4	5748	32.5	132.71888221268
4	5769	32.6	132.71888221268
4	5790	32.7	132.71888221268
4	5811	32.8	132.71888221268
4	5832	32.9	132.71888221268
4	5853	33	132.71888221268
4	5874	33.1	132.71888221268
4	5895	33.2	132.71888221268
4	5916	33.3	132.71888221268
4	5937	33.4	132.71888221268
4	5958	33.5	132.71888221268
4	5979	33.6	132.71888221268
4	6000	33.7	132.71888221268
4	6021	33.8	132.71888221268
4	6042	33.9	132.71888221268
4	6063	34	132.71888221268
4	6084	34.1	132.71888221268
4	6105	34.2	132.71888221268
4	6126	34.3	132.71888221268
4	6147	34.4	132.71888221268
4	6168	34.5	132.71888221268
4	6189	34.6	132.71888221268
4	6210	34.7	132.71888221268
4	6231	34.8	132.71888221268
4	6252	34.9	132.71888221268
4	6273	35	132.71888221268
4	6294	35.1	132.71888221268
4	6315	35.2	132.71888221268
4	6336	35.3	132.71888221268
4	6357	35.4	132.71888221268
4	6378	35.5	132.71888221268
4	6399	35.6	132.71888221268
4	6420	35.7	132.71888221268
4	6441	35.8	132.71888221268
4	6462	35.9	132.71888221268
4	6483	36	132.71888221268
4	6504	36.1	132.71888221268
4	6525	36.2	132.71888221268
4	6546	36.3	132.71888221268
4	6567	36.4	132.71888221268
4	6588	36.5	132.71888221268
4	6609	36.6	132.71888221268
4	6630	36.7	132.71888221268
4	6651	36.8	132.71888221268
4	6672	36.9	132.71888221268
4	6693	37	132.71888221268
4	6714	37.1	132.71888221268
4	6735	37.2	132.71888221268
4	6756	37.3	132.71888221268
4	6777	37.4	132.71888221268
4	6798	37.5	132.71888221268
4	6819	37.6	132.71888221268
4	6840	37.7	132.71888221268
4	6861	37.8	132.71888221268
4	6882	37.9	132.71888221268
4	6903	38	132.71888221268
4	6924	38.1	132.71888221268
4	6945	38.2	132.71888221268
4	6966	38.3	132.71888221268
4	6987	38.4	132.71888221268
4	7008	38.5	132.71888221268
4	7029	38.6	132.71888221268
4	7050	38.7	132.71888221268
4	7071	38.8	132.71888221268
4	7092	38.9	132.71888221268
4	7113	39	132.71888221268
4	7134	39.1	132.71888221268
4	7155	39.2	132.71888221268
4	7176	39.3	132.71888221268
4	7197	39.4	132.71888221268
4	7218	39.5	132.71888221268
4	7239	39.6	132.71888221268
4	7260	39.7	132.71888221268
4	7281	39.8	132.71888221268
4	7302	39.9	132.71888221268
4	7323	40	132.71888221268
4	7344	40.1	132.71888221268
4	7365	40.2	132.71888221268
4	7386	40.3	132.71888221268
4	7407	40.4	132.71888221268
4	7428	40.5	132.71888221268
4	7449	40.6	132.71888221268
4	7470	40.7	132.71888221268
4	7491	40.8	132.71888221268
4	7512	40.9	132.71888221268
4	7533	41	132.71888221268
4	7554	41.1	132.71888221268
4	7575	41.2	132.71888221268
4	7596	41.3	132.71888221268
4	7617	41.4	132.71888221268
4	7638	41.5	132.71888221268
4	7659	41.6	132.71888221268
4	7680	41.7	132.71888221268
4	7701	41.8	132.71888221268
4	7722	41.9	132.71888221268
4	7743	42	132.71888221268
4	7764	42.1	132.71888221268
4	7785	42.2	132.71888221268
4	7806	42.3	132.71888221268
4	7827	42.4	132.71888221268
4	7848	42.5	132.71888221268
4	7869	42.6	132.71888221268
4	7890	42.7	132.71888221268
4	7911	42.8	132.71888221268
4	7932	42.9	132.71888221268
4	7953	43	132.71888221268
4	7974	43.1	132.71888221268
4	7995	43.2	132.71888221268
4	8016	43.3	132.71888221268
4	8037	43.4	132.71888221268
4	8058	43.5	132.71888221268
4	8079	43.6	132.71888221268
4	8100	43.7	132.71888221268
4	8121	43.8	132.71888221268
4	8142	43.9	132.71888221268
4	8163	44	132.71888221268
4	8184	44.1	132.71888221268
4	8205	44.2	132.71888221268
4	8226	44.3	132.71888221268
4	8247	44.4	132.71888221268
4	8268	44.5	132.71888221268
4	8289	44.6	132.71888221268
4	8310	44.7	132.71888221268
4	8331	44.8	132.71888221268
4	8352	44.9	132.71888221268
4	8373	45	132.71888221268
4	8394	45.1	132.71888221268
4	8415	45.2	132.71888221268
4	8436	45.3	132.71888221268
4	8457	45.4	132.71888221268
4	8478	45.5	132.71888221268
4	8499	45.6	132.71888221268
4	8520	45.7	132.71888221268
4	8541	45.8	132.71888221268
4	8562	45.9	132.71888221268
4	8583	46	132.71888221268
4	8604	46.1	132.71888221268
4	8625	46.2	132.71888221268
4	8646	46.3	132.71888221268
4	8667	46.4	132.71888221268
4	8688	46.5	132.71888221268
4	8710	46.6	132.71888221268
4	8730	46.7	132.71888221268
4	8749	46.8	132.71888221268
4	8768	46.9	132.71888221268
4	8787	47	132.71888221268
4	8806	47.1	132.71888221268
4	8825	47.2	132.71888221268
4	8844	47.3	132.71888221268
4	8863	47.4	132.71888221268
4	8882	47.5	132.71888221268
4	8901	47.6	132.71888221268
5	52	5.1	106.7386
5	55	5.2	106.7386
5	59	5.3	106.7386
5	70	5.4	106.7386
5	84	5.5	106.69615832141
5	102	5.6	106.69615832141
5	120	5.7	106.69615832141
5	141	5.8	106.69615832141
5	162	5.9	106.69615832141
5	183	6	106.69615832141
5	204	6.1	106.69615832141
5	225	6.2	106.69615832141
5	246	6.3	106.69615832141
5	267	6.4	106.69615832141
5	288	6.5	106.69615832141
5	309	6.6	106.69615832141
5	330	6.7	106.69615832141
5	351	6.8	106.69615832141
5	372	6.9	106.69615832141
5	393	7	106.69615832141
5	414	7.1	106.69615832141
5	435	7.2	106.69615832141
5	456	7.3	106.69615832141
5	477	7.4	106.69615832141
5	498	7.5	106.69615832141
5	519	7.6	106.69615832141
5	540	7.7	106.69615832141
5	561	7.8	106.69615832141
5	582	7.9	106.69615832141
5	603	8	106.69615832141
5	624	8.1	106.69615832141
5	645	8.2	106.69615832141
5	666	8.3	106.69615832141
5	687	8.4	106.69615832141
5	708	8.5	106.69615832141
5	729	8.6	106.69615832141
5	750	8.7	106.69615832141
5	771	8.8	106.69615832141
5	792	8.9	106.69615832141
5	813	9	106.69615832141
5	834	9.1	106.69615832141
5	855	9.2	106.69615832141
5	876	9.3	106.69615832141
5	897	9.4	106.69615832141
5	918	9.5	106.69615832141
5	939	9.6	106.69615832141
5	960	9.7	106.69615832141
5	981	9.8	106.69615832141
5	1002	9.9	106.69615832141
5	1023	10	106.69615832141
5	1044	10.1	106.69615832141
5	1065	10.2	106.69615832141
5	1086	10.3	106.69615832141
5	1107	10.4	106.69615832141
5	1128	10.5	106.69615832141
5	1149	10.6	106.69615832141
5	1170	10.7	106.69615832141
5	1191	10.8	106.69615832141
5	1212	10.9	106.69615832141
5	1233	11	106.69615832141
5	1254	11.1	106.69615832141
5	1275	11.2	106.69615832141
5	1296	11.3	106.69615832141
5	1317	11.4	106.69615832141
5	1338	11.5	106.69615832141
5	1359	11.6	106.69615832141
5	1380	11.7	106.69615832141
5	1401	11.8	106.69615832141
5	1422	11.9	106.69615832141
5	1443	12	106.69615832141
5	1464	12.1	106.69615832141
5	1485	12.2	106.69615832141
5	1506	12.3	106.69615832141
5	1527	12.4	106.69615832141
5	1548	12.5	106.69615832141
5	1569	12.6	106.69615832141
5	1590	12.7	106.69615832141
5	1611	12.8	106.69615832141
5	1632	12.9	106.69615832141
5	1653	13	106.69615832141
5	1674	13.1	106.69615832141
5	1695	13.2	106.69615832141
5	1716	13.3	106.69615832141
5	1737	13.4	106.69615832141
5	1758	13.5	106.69615832141
5	1779	13.6	106.69615832141
5	1800	13.7	106.69615832141
5	1821	13.8	106.69615832141
5	1842	13.9	106.69615832141
5	1863	14	106.69615832141
5	1884	14.1	106.69615832141
5	1905	14.2	106.69615832141
5	1926	14.3	106.69615832141
5	1947	14.4	106.69615832141
5	1968	14.5	106.69615832141
5	1989	14.6	106.69615832141
5	2010	14.7	106.69615832141
5	2031	14.8	106.69615832141
5	2052	14.9	106.69615832141
5	2073	15	106.69615832141
5	2094	15.1	106.69615832141
5	2115	15.2	106.69615832141
5	2136	15.3	106.69615832141
5	2157	15.4	106.69615832141
5	2178	15.5	106.69615832141
5	2199	15.6	106.69615832141
5	2220	15.7	106.69615832141
5	2241	15.8	106.69615832141
5	2262	15.9	106.69615832141
5	2283	16	106.69615832141
5	2304	16.1	106.69615832141
5	2325	16.2	106.69615832141
5	2346	16.3	106.69615832141
5	2367	16.4	106.69615832141
5	2388	16.5	106.69615832141
5	2409	16.6	106.69615832141
5	2430	16.7	106.69615832141
5	2451	16.8	106.69615832141
5	2472	16.9	106.69615832141
5	2493	17	106.69615832141
5	2514	17.1	106.69615832141
5	2535	17.2	106.69615832141
5	2556	17.3	106.69615832141
5	2577	17.4	106.69615832141
5	2598	17.5	106.69615832141
5	2619	17.6	106.69615832141
5	2640	17.7	106.69615832141
5	2661	17.8	106.69615832141
5	2682	17.9	106.69615832141
5	2703	18	106.69615832141
5	2724	18.1	106.69615832141
5	2745	18.2	106.69615832141
5	2766	18.3	106.69615832141
5	2787	18.4	106.69615832141
5	2808	18.5	106.69615832141
5	2829	18.6	106.69615832141
5	2850	18.7	106.69615832141
5	2871	18.8	106.69615832141
5	2892	18.9	106.69615832141
5	2913	19	106.69615832141
5	2934	19.1	106.69615832141
5	2955	19.2	106.69615832141
5	2976	19.3	106.69615832141
5	2997	19.4	106.69615832141
5	3018	19.5	106.69615832141
5	3039	19.6	106.69615832141
5	3060	19.7	106.69615832141
5	3081	19.8	106.69615832141
5	3102	19.9	106.69615832141
5	3123	20	106.69615832141
5	3144	20.1	106.69615832141
5	3165	20.2	106.69615832141
5	3186	20.3	106.69615832141
5	3207	20.4	106.69615832141
5	3228	20.5	106.69615832141
5	3249	20.6	106.69615832141
5	3270	20.7	106.69615832141
5	3291	20.8	106.69615832141
5	3312	20.9	106.69615832141
5	3333	21	106.69615832141
5	3354	21.1	106.69615832141
5	3375	21.2	106.69615832141
5	3396	21.3	106.69615832141
5	3417	21.4	106.69615832141
5	3438	21.5	106.69615832141
5	3459	21.6	106.69615832141
5	3480	21.7	106.69615832141
5	3501	21.8	106.69615832141
5	3522	21.9	106.69615832141
5	3543	22	106.69615832141
5	3564	22.1	106.69615832141
5	3585	22.2	106.69615832141
5	3606	22.3	106.69615832141
5	3627	22.4	106.69615832141
5	3648	22.5	106.69615832141
5	3669	22.6	106.69615832141
5	3690	22.7	106.69615832141
5	3711	22.8	106.69615832141
5	3732	22.9	106.69615832141
5	3753	23	106.69615832141
5	3774	23.1	106.69615832141
5	3795	23.2	106.69615832141
5	3816	23.3	106.69615832141
5	3837	23.4	106.69615832141
5	3858	23.5	106.69615832141
5	3879	23.6	106.69615832141
5	3900	23.7	106.69615832141
5	3921	23.8	106.69615832141
5	3942	23.9	106.69615832141
5	3963	24	106.69615832141
5	3984	24.1	106.69615832141
5	4005	24.2	106.69615832141
5	4026	24.3	106.69615832141
5	4047	24.4	106.69615832141
5	4068	24.5	106.69615832141
5	4089	24.6	106.69615832141
5	4110	24.7	106.69615832141
5	4131	24.8	106.69615832141
5	4152	24.9	106.69615832141
5	4173	25	106.69615832141
5	4194	25.1	106.69615832141
5	4215	25.2	106.69615832141
5	4236	25.3	106.69615832141
5	4257	25.4	106.69615832141
5	4278	25.5	106.69615832141
5	4299	25.6	106.69615832141
5	4320	25.7	106.69615832141
5	4341	25.8	106.69615832141
5	4362	25.9	106.69615832141
5	4383	26	106.69615832141
5	4404	26.1	106.69615832141
5	4425	26.2	106.69615832141
5	4446	26.3	106.69615832141
5	4467	26.4	106.69615832141
5	4488	26.5	106.69615832141
5	4509	26.6	106.69615832141
5	4530	26.7	106.69615832141
5	4551	26.8	106.69615832141
5	4572	26.9	106.69615832141
5	4593	27	106.69615832141
5	4614	27.1	106.69615832141
5	4635	27.2	106.69615832141
5	4656	27.3	106.69615832141
5	4677	27.4	106.69615832141
5	4698	27.5	106.69615832141
5	4719	27.6	106.69615832141
5	4740	27.7	106.69615832141
5	4761	27.8	106.69615832141
5	4782	27.9	106.69615832141
5	4803	28	106.69615832141
5	4824	28.1	106.69615832141
5	4845	28.2	106.69615832141
5	4866	28.3	106.69615832141
5	4887	28.4	106.69615832141
5	4908	28.5	106.69615832141
5	4929	28.6	106.69615832141
5	4950	28.7	106.69615832141
5	4971	28.8	106.69615832141
5	4992	28.9	106.69615832141
5	5013	29	106.69615832141
5	5034	29.1	106.69615832141
5	5055	29.2	106.69615832141
5	5076	29.3	106.69615832141
5	5097	29.4	106.69615832141
5	5118	29.5	106.69615832141
5	5139	29.6	106.69615832141
5	5160	29.7	106.69615832141
5	5181	29.8	106.69615832141
5	5202	29.9	106.69615832141
5	5223	30	106.69615832141
5	5244	30.1	106.69615832141
5	5265	30.2	106.69615832141
5	5286	30.3	106.69615832141
5	5307	30.4	106.69615832141
5	5328	30.5	106.69615832141
5	5349	30.6	106.69615832141
5	5370	30.7	106.69615832141
5	5391	30.8	106.69615832141
5	5412	30.9	106.69615832141
5	5433	31	106.69615832141
5	5454	31.1	106.69615832141
5	5475	31.2	106.69615832141
5	5496	31.3	106.69615832141
5	5517	31.4	106.69615832141
5	5538	31.5	106.69615832141
5	5559	31.6	106.69615832141
5	5580	31.7	106.69615832141
5	5601	31.8	106.69615832141
5	5622	31.9	106.69615832141
5	5643	32	106.69615832141
5	5664	32.1	106.69615832141
5	5685	32.2	106.69615832141
5	5706	32.3	106.69615832141
5	5727	32.4	106.69615832141
5	5748	32.5	106.69615832141
5	5769	32.6	106.69615832141
5	5790	32.7	106.69615832141
5	5811	32.8	106.69615832141
5	5832	32.9	106.69615832141
5	5853	33	106.69615832141
5	5874	33.1	106.69615832141
5	5895	33.2	106.69615832141
5	5916	33.3	106.69615832141
5	5937	33.4	106.69615832141
5	5958	33.5	106.69615832141
5	5979	33.6	106.69615832141
5	6000	33.7	106.69615832141
5	6021	33.8	106.69615832141
5	6042	33.9	106.69615832141
5	6063	34	106.69615832141
5	6084	34.1	106.69615832141
5	6105	34.2	106.69615832141
5	6126	34.3	106.69615832141
5	6147	34.4	106.69615832141
5	6168	34.5	106.69615832141
5	6189	34.6	106.69615832141
5	6210	34.7	106.69615832141
5	6231	34.8	106.69615832141
5	6252	34.9	106.69615832141
5	6273	35	106.69615832141
5	6294	35.1	106.69615832141
5	6315	35.2	106.69615832141
5	6336	35.3	106.69615832141
5	6357	35.4	106.69615832141
5	6378	35.5	106.69615832141
5	6399	35.6	106.69615832141
5	6420	35.7	106.69615832141
5	6441	35.8	106.69615832141
5	6462	35.9	106.69615832141
5	6483	36	106.69615832141
5	6504	36.1	106.69615832141
5	6525	36.2	106.69615832141
5	6546	36.3	106.69615832141
5	6567	36.4	106.69615832141
5	6588	36.5	106.69615832141
5	6609	36.6	106.69615832141
5	6630	36.7	106.69615832141
5	6651	36.8	106.69615832141
5	6672	36.9	106.69615832141
5	6693	37	106.69615832141
5	6714	37.1	106.69615832141
5	6735	37.2	106.69615832141
5	6756	37.3	106.69615832141
5	6777	37.4	106.69615832141
5	6798	37.5	106.69615832141
5	6819	37.6	106.69615832141
5	6840	37.7	106.69615832141
5	6861	37.8	106.69615832141
5	6882	37.9	106.69615832141
5	6903	38	106.69615832141
5	6924	38.1	106.69615832141
5	6945	38.2	106.69615832141
5	6966	38.3	106.69615832141
5	6987	38.4	106.69615832141
5	7008	38.5	106.69615832141
5	7029	38.6	106.69615832141
5	7050	38.7	106.69615832141
5	7071	38.8	106.69615832141
5	7092	38.9	106.69615832141
5	7113	39	106.69615832141
5	7134	39.1	106.69615832141
5	7155	39.2	106.69615832141
5	7176	39.3	106.69615832141
5	7197	39.4	106.69615832141
5	7218	39.5	106.69615832141
5	7239	39.6	106.69615832141
5	7260	39.7	106.69615832141
5	7281	39.8	106.69615832141
5	7302	39.9	106.69615832141
5	7323	40	106.69615832141
5	7344	40.1	106.69615832141
5	7365	40.2	106.69615832141
5	7386	40.3	106.69615832141
5	7407	40.4	106.69615832141
5	7428	40.5	106.69615832141
5	7449	40.6	106.69615832141
5	7470	40.7	106.69615832141
5	7491	40.8	106.69615832141
5	7512	40.9	106.69615832141
5	7533	41	106.69615832141
5	7554	41.1	106.69615832141
5	7575	41.2	106.69615832141
5	7596	41.3	106.69615832141
5	7617	41.4	106.69615832141
5	7638	41.5	106.69615832141
5	7659	41.6	106.69615832141
5	7680	41.7	106.69615832141
5	7701	41.8	106.69615832141
5	7722	41.9	106.69615832141
5	7743	42	106.69615832141
5	7764	42.1	106.69615832141
5	7785	42.2	106.69615832141
5	7806	42.3	106.69615832141
5	7827	42.4	106.69615832141
5	7848	42.5	106.69615832141
5	7869	42.6	106.69615832141
5	7890	42.7	106.69615832141
5	7911	42.8	106.69615832141
5	7932	42.9	106.69615832141
5	7953	43	106.69615832141
5	7974	43.1	106.69615832141
5	7995	43.2	106.69615832141
5	8016	43.3	106.69615832141
5	8037	43.4	106.69615832141
5	8058	43.5	106.69615832141
5	8079	43.6	106.69615832141
5	8100	43.7	106.69615832141
5	8121	43.8	106.69615832141
5	8142	43.9	106.69615832141
5	8163	44	106.69615832141
5	8184	44.1	106.69615832141
5	8205	44.2	106.69615832141
5	8226	44.3	106.69615832141
5	8247	44.4	106.69615832141
5	8268	44.5	106.69615832141
5	8289	44.6	106.69615832141
5	8310	44.7	106.69615832141
5	8331	44.8	106.69615832141
5	8352	44.9	106.69615832141
5	8373	45	106.69615832141
5	8394	45.1	106.69615832141
5	8415	45.2	106.69615832141
5	8436	45.3	106.69615832141
5	8457	45.4	106.69615832141
5	8478	45.5	106.69615832141
5	8499	45.6	106.69615832141
5	8520	45.7	106.69615832141
5	8541	45.8	106.69615832141
5	8562	45.9	106.69615832141
5	8583	46	106.69615832141
5	8604	46.1	106.69615832141
5	8625	46.2	106.69615832141
5	8646	46.3	106.69615832141
5	8667	46.4	106.69615832141
5	8688	46.5	106.69615832141
5	8710	46.6	106.69615832141
5	8730	46.7	106.69615832141
5	8749	46.8	106.69615832141
5	8768	46.9	106.69615832141
5	8787	47	106.69615832141
5	8806	47.1	106.69615832141
5	8825	47.2	106.69615832141
5	8844	47.3	106.69615832141
5	8863	47.4	106.69615832141
5	8882	47.5	106.69615832141
5	8901	47.6	106.69615832141
6	55	5.2	0.49500000000001
6	59	5.3	0
6	70	5.4	0
6	84	5.5	0.52
6	102	5.6	0.52
6	120	5.7	0
6	141	5.8	0
6	162	5.9	0
6	183	6	0
6	204	6.1	0
6	225	6.2	0
6	246	6.3	0
6	267	6.4	0
6	288	6.5	0
6	309	6.6	0
6	330	6.7	0
6	351	6.8	0
6	372	6.9	0
6	393	7	0
6	414	7.1	0
6	435	7.2	0
6	456	7.3	0
6	477	7.4	0
6	498	7.5	0
6	519	7.6	0
6	540	7.7	0
6	561	7.8	0
6	582	7.9	0
6	603	8	0
6	624	8.1	0
6	645	8.2	0
6	666	8.3	0
6	687	8.4	0
6	708	8.5	0
6	729	8.6	0
6	750	8.7	0
6	771	8.8	0
6	792	8.9	0
6	813	9	0
6	834	9.1	0
6	855	9.2	0
6	876	9.3	0
6	897	9.4	0
6	918	9.5	0
6	939	9.6	0
6	960	9.7	0
6	981	9.8	0
6	1002	9.9	0
6	1023	10	0
6	1044	10.1	0
6	1065	10.2	0
6	1086	10.3	0
6	1107	10.4	0
6	1128	10.5	0
6	1149	10.6	0
6	1170	10.7	0
6	1191	10.8	0
6	1212	10.9	0
6	1233	11	0
6	1254	11.1	0
6	1275	11.2	0
6	1296	11.3	0
6	1317	11.4	0
6	1338	11.5	0
6	1359	11.6	0
6	1380	11.7	0
6	1401	11.8	0
6	1422	11.9	0
6	1443	12	0
6	1464	12.1	0
6	1485	12.2	0
6	1506	12.3	0
6	1527	12.4	0
6	1548	12.5	0
6	1569	12.6	0
6	1590	12.7	0
6	1611	12.8	0
6	1632	12.9	0
6	1653	13	0
6	1674	13.1	0
6	1695	13.2	0
6	1716	13.3	0
6	1737	13.4	0
6	1758	13.5	0
6	1779	13.6	0
6	1800	13.7	0
6	1821	13.8	0
6	1842	13.9	0
6	1863	14	0
6	1884	14.1	0
6	1905	14.2	0
6	1926	14.3	0
6	1947	14.4	0
6	1968	14.5	0
6	1989	14.6	0
6	2010	14.7	0
6	2031	14.8	0
6	2052	14.9	0
6	2073	15	0
6	2094	15.1	0
6	2115	15.2	0
6	2136	15.3	0
6	2157	15.4	0
6	2178	15.5	0
6	2199	15.6	0
6	2220	15.7	0
6	2241	15.8	0
6	2262	15.9	0
6	2283	16	0
6	2304	16.1	0
6	2325	16.2	0
6	2346	16.3	0
6	2367	16.4	0
6	2388	16.5	0
6	2409	16.6	0
6	2430	16.7	0
6	2451	16.8	0
6	2472	16.9	0
6	2493	17	0
6	2514	17.1	0
6	2535	17.2	0
6	2556	17.3	0
6	2577	17.4	0
6	2598	17.5	0
6	2619	17.6	0
6	2640	17.7	0
6	2661	17.8	0
6	2682	17.9	0
6	2703	18	0
6	2724	18.1	0
6	2745	18.2	0
6	2766	18.3	0
6	2787	18.4	0
6	2808	18.5	0
6	2829	18.6	0
6	2850	18.7	0
6	2871	18.8	0
6	2892	18.9	0
6	2913	19	0
6	2934	19.1	0
6	2955	19.2	0
6	2976	19.3	0
6	2997	19.4	0
6	3018	19.5	0
6	3039	19.6	0
6	3060	19.7	0
6	3081	19.8	0
6	3102	19.9	0
6	3123	20	0
6	3144	20.1	0
6	3165	20.2	0
6	3186	20.3	0
6	3207	20.4	0
6	3228	20.5	0
6	3249	20.6	0
6	3270	20.7	0
6	3291	20.8	0
6	3312	20.9	0
6	3333	21	0
6	3354	21.1	0
6	3375	21.2	0
6	3396	21.3	0
6	3417	21.4	0
6	3438	21.5	0
6	3459	21.6	0
6	3480	21.7	0
6	3501	21.8	0
6	3522	21.9	0
6	3543	22	0
6	3564	22.1	0
6	3585	22.2	0
6	3606	22.3	0
6	3627	22.4	0
6	3648	22.5	0
6	3669	22.6	0
6	3690	22.7	0
6	3711	22.8	0
6	3732	22.9	0
6	3753	23	0
6	3774	23.1	0
6	3795	23.2	0
6	3816	23.3	0
6	3837	23.4	0
6	3858	23.5	0
6	3879	23.6	0
6	3900	23.7	0
6	3921	23.8	0
6	3942	23.9	0
6	3963	24	0
6	3984	24.1	0
6	4005	24.2	0
6	4026	24.3	0
6	4047	24.4	0
6	4068	24.5	0
6	4089	24.6	0
6	4110	24.7	0
6	4131	24.8	0
6	4152	24.9	0
6	4173	25	0
6	4194	25.1	0
6	4215	25.2	0
6	4236	25.3	0
6	4257	25.4	0
6	4278	25.5	0
6	4299	25.6	0
6	4320	25.7	0
6	4341	25.8	0
6	4362	25.9	0
6	4383	26	0
6	4404	26.1	0
6	4425	26.2	0
6	4446	26.3	0
6	4467	26.4	0
6	4488	26.5	0
6	4509	26.6	0
6	4530	26.7	0
6	4551	26.8	0
6	4572	26.9	0
6	4593	27	0
6	4614	27.1	0
6	4635	27.2	0
6	4656	27.3	0
6	4677	27.4	0
6	4698	27.5	0
6	4719	27.6	0
6	4740	27.7	0
6	4761	27.8	0
6	4782	27.9	0
6	4803	28	0
6	4824	28.1	0
6	4845	28.2	0
6	4866	28.3	0
6	4887	28.4	0
6	4908	28.5	0
6	4929	28.6	0
6	4950	28.7	0
6	4971	28.8	0
6	4992	28.9	0
6	5013	29	0
6	5034	29.1	0
6	5055	29.2	0
6	5076	29.3	0
6	5097	29.4	0
6	5118	29.5	0
6	5139	29.6	0
6	5160	29.7	0
6	5181	29.8	0
6	5202	29.9	0
6	5223	30	0
6	5244	30.1	0
6	5265	30.2	0
6	5286	30.3	0
6	5307	30.4	0
6	5328	30.5	0
6	5349	30.6	0
6	5370	30.7	0
6	5391	30.8	0
6	5412	30.9	0
6	5433	31	0
6	5454	31.1	0
6	5475	31.2	0
6	5496	31.3	0
6	5517	31.4	0
6	5538	31.5	0
6	5559	31.6	0
6	5580	31.7	0
6	5601	31.8	0
6	5622	31.9	0
6	5643	32	0
6	5664	32.1	0
6	5685	32.2	0
6	5706	32.3	0
6	5727	32.4	0
6	5748	32.5	0
6	5769	32.6	0
6	5790	32.7	0
6	5811	32.8	0
6	5832	32.9	0
6	5853	33	0
6	5874	33.1	0
6	5895	33.2	0
6	5916	33.3	0
6	5937	33.4	0
6	5958	33.5	0
6	5979	33.6	0
6	6000	33.7	0
6	6021	33.8	0
6	6042	33.9	0
6	6063	34	0
6	6084	34.1	0
6	6105	34.2	0
6	6126	34.3	0
6	6147	34.4	0
6	6168	34.5	0
6	6189	34.6	0
6	6210	34.7	0
6	6231	34.8	0
6	6252	34.9	0
6	6273	35	0
6	6294	35.1	0
6	6315	35.2	0
6	6336	35.3	0
6	6357	35.4	0
6	6378	35.5	0
6	6399	35.6	0
6	6420	35.7	0
6	6441	35.8	0
6	6462	35.9	0
6	6483	36	0
6	6504	36.1	0
6	6525	36.2	0
6	6546	36.3	0
6	6567	36.4	0
6	6588	36.5	0
6	6609	36.6	0
6	6630	36.7	0
6	6651	36.8	0
6	6672	36.9	0
6	6693	37	0
6	6714	37.1	0
6	6735	37.2	0
6	6756	37.3	0
6	6777	37.4	0
6	6798	37.5	0
6	6819	37.6	0
6	6840	37.7	0
6	6861	37.8	0
6	6882	37.9	0
6	6903	38	0
6	6924	38.1	0
6	6945	38.2	0
6	6966	38.3	0
6	6987	38.4	0
6	7008	38.5	0
6	7029	38.6	0
6	7050	38.7	0
6	7071	38.8	0
6	7092	38.9	0
6	7113	39	0
6	7134	39.1	0
6	7155	39.2	0
6	7176	39.3	0
6	7197	39.4	0
6	7218	39.5	0
6	7239	39.6	0
6	7260	39.7	0
6	7281	39.8	0
6	7302	39.9	0
6	7323	40	0
6	7344	40.1	0
6	7365	40.2	0
6	7386	40.3	0
6	7407	40.4	0
6	7428	40.5	0
6	7449	40.6	0
6	7470	40.7	0
6	7491	40.8	0
6	7512	40.9	0
6	7533	41	0
6	7554	41.1	0
6	7575	41.2	0
6	7596	41.3	0
6	7617	41.4	0
6	7638	41.5	0
6	7659	41.6	0
6	7680	41.7	0
6	7701	41.8	0
6	7722	41.9	0
6	7743	42	0
6	7764	42.1	0
6	7785	42.2	0
6	7806	42.3	0
6	7827	42.4	0
6	7848	42.5	0
6	7869	42.6	0
6	7890	42.7	0
6	7911	42.8	0
6	7932	42.9	0
6	7953	43	0
6	7974	43.1	0
6	7995	43.2	0
6	8016	43.3	0
6	8037	43.4	0
6	8058	43.5	0
6	8079	43.6	0
6	8100	43.7	0
6	8121	43.8	0
6	8142	43.9	0
6	8163	44	0
6	8184	44.1	0
6	8205	44.2	0
6	8226	44.3	0
6	8247	44.4	0
6	8268	44.5	0
6	8289	44.6	0
6	8310	44.7	0
6	8331	44.8	0
6	8352	44.9	0
6	8373	45	0
6	8394	45.1	0
6	8415	45.2	0
6	8436	45.3	0
6	8457	45.4	0
6	8478	45.5	0
6	8499	45.6	0
6	8520	45.7	0
6	8541	45.8	0
6	8562	45.9	0
6	8583	46	0
6	8604	46.1	0
6	8625	46.2	0
6	8646	46.3	0
6	8667	46.4	0
6	8688	46.5	0
6	8710	46.6	0
6	8730	46.7	0
6	8749	46.8	0
6	8768	46.9	0
6	8787	47	0
6	8806	47.1	0
6	8825	47.2	0
6	8844	47.3	0
6	8863	47.4	0
6	8882	47.5	0
6	8901	47.6	0
11	59	5.3	138.62388
11	70	5.4	138.62388
11	84	5.5	138.62388
11	102	5.6	138.62388
11	120	5.7	138.62347301101
11	141	5.8	138.62347301101
11	162	5.9	138.62347301101
11	183	6	138.62347301101
11	204	6.1	138.62347301101
11	225	6.2	138.62347301101
11	246	6.3	138.62347301101
11	267	6.4	138.62347301101
11	288	6.5	138.62347301101
11	309	6.6	138.62347301101
11	330	6.7	138.62347301101
11	351	6.8	138.62347301101
11	372	6.9	138.62347301101
11	393	7	138.62347301101
11	414	7.1	138.62347301101
11	435	7.2	138.62347301101
11	456	7.3	138.62347301101
11	477	7.4	138.62347301101
11	498	7.5	138.62347301101
11	519	7.6	138.62347301101
11	540	7.7	138.62347301101
11	561	7.8	138.62347301101
11	582	7.9	138.62347301101
11	603	8	138.62347301101
11	624	8.1	138.62347301101
11	645	8.2	138.62347301101
11	666	8.3	138.62347301101
11	687	8.4	138.62347301101
11	708	8.5	138.62347301101
11	729	8.6	138.62347301101
11	750	8.7	138.62347301101
11	771	8.8	138.62347301101
11	792	8.9	138.62347301101
11	813	9	138.62347301101
11	834	9.1	138.62347301101
11	855	9.2	138.62347301101
11	876	9.3	138.62347301101
11	897	9.4	138.62347301101
11	918	9.5	138.62347301101
11	939	9.6	138.62347301101
11	960	9.7	138.62347301101
11	981	9.8	138.62347301101
11	1002	9.9	138.62347301101
11	1023	10	138.62347301101
11	1044	10.1	138.62347301101
11	1065	10.2	138.62347301101
11	1086	10.3	138.62347301101
11	1107	10.4	138.62347301101
11	1128	10.5	138.62347301101
11	1149	10.6	138.62347301101
11	1170	10.7	138.62347301101
11	1191	10.8	138.62347301101
11	1212	10.9	138.62347301101
11	1233	11	138.62347301101
11	1254	11.1	138.62347301101
11	1275	11.2	138.62347301101
11	1296	11.3	138.62347301101
11	1317	11.4	138.62347301101
11	1338	11.5	138.62347301101
11	1359	11.6	138.62347301101
11	1380	11.7	138.62347301101
11	1401	11.8	138.62347301101
11	1422	11.9	138.62347301101
11	1443	12	138.62347301101
11	1464	12.1	138.62347301101
11	1485	12.2	138.62347301101
11	1506	12.3	138.62347301101
11	1527	12.4	138.62347301101
11	1548	12.5	138.62347301101
11	1569	12.6	138.62347301101
11	1590	12.7	138.62347301101
11	1611	12.8	138.62347301101
11	1632	12.9	138.62347301101
11	1653	13	138.62347301101
11	1674	13.1	138.62347301101
11	1695	13.2	138.62347301101
11	1716	13.3	138.62347301101
11	1737	13.4	138.62347301101
11	1758	13.5	138.62347301101
11	1779	13.6	138.62347301101
11	1800	13.7	138.62347301101
11	1821	13.8	138.62347301101
11	1842	13.9	138.62347301101
11	1863	14	138.62347301101
11	1884	14.1	138.62347301101
11	1905	14.2	138.62347301101
11	1926	14.3	138.62347301101
11	1947	14.4	138.62347301101
11	1968	14.5	138.62347301101
11	1989	14.6	138.62347301101
11	2010	14.7	138.62347301101
11	2031	14.8	138.62347301101
11	2052	14.9	138.62347301101
11	2073	15	138.62347301101
11	2094	15.1	138.62347301101
11	2115	15.2	138.62347301101
11	2136	15.3	138.62347301101
11	2157	15.4	138.62347301101
11	2178	15.5	138.62347301101
11	2199	15.6	138.62347301101
11	2220	15.7	138.62347301101
11	2241	15.8	138.62347301101
11	2262	15.9	138.62347301101
11	2283	16	138.62347301101
11	2304	16.1	138.62347301101
11	2325	16.2	138.62347301101
11	2346	16.3	138.62347301101
11	2367	16.4	138.62347301101
11	2388	16.5	138.62347301101
11	2409	16.6	138.62347301101
11	2430	16.7	138.62347301101
11	2451	16.8	138.62347301101
11	2472	16.9	138.62347301101
11	2493	17	138.62347301101
11	2514	17.1	138.62347301101
11	2535	17.2	138.62347301101
11	2556	17.3	138.62347301101
11	2577	17.4	138.62347301101
11	2598	17.5	138.62347301101
11	2619	17.6	138.62347301101
11	2640	17.7	138.62347301101
11	2661	17.8	138.62347301101
11	2682	17.9	138.62347301101
11	2703	18	138.62347301101
11	2724	18.1	138.62347301101
11	2745	18.2	138.62347301101
11	2766	18.3	138.62347301101
11	2787	18.4	138.62347301101
11	2808	18.5	138.62347301101
11	2829	18.6	138.62347301101
11	2850	18.7	138.62347301101
11	2871	18.8	138.62347301101
11	2892	18.9	138.62347301101
11	2913	19	138.62347301101
11	2934	19.1	138.62347301101
11	2955	19.2	138.62347301101
11	2976	19.3	138.62347301101
11	2997	19.4	138.62347301101
11	3018	19.5	138.62347301101
11	3039	19.6	138.62347301101
11	3060	19.7	138.62347301101
11	3081	19.8	138.62347301101
11	3102	19.9	138.62347301101
11	3123	20	138.62347301101
11	3144	20.1	138.62347301101
11	3165	20.2	138.62347301101
11	3186	20.3	138.62347301101
11	3207	20.4	138.62347301101
11	3228	20.5	138.62347301101
11	3249	20.6	138.62347301101
11	3270	20.7	138.62347301101
11	3291	20.8	138.62347301101
11	3312	20.9	138.62347301101
11	3333	21	138.62347301101
11	3354	21.1	138.62347301101
11	3375	21.2	138.62347301101
11	3396	21.3	138.62347301101
11	3417	21.4	138.62347301101
11	3438	21.5	138.62347301101
11	3459	21.6	138.62347301101
11	3480	21.7	138.62347301101
11	3501	21.8	138.62347301101
11	3522	21.9	138.62347301101
11	3543	22	138.62347301101
11	3564	22.1	138.62347301101
11	3585	22.2	138.62347301101
11	3606	22.3	138.62347301101
11	3627	22.4	138.62347301101
11	3648	22.5	138.62347301101
11	3669	22.6	138.62347301101
11	3690	22.7	138.62347301101
11	3711	22.8	138.62347301101
11	3732	22.9	138.62347301101
11	3753	23	138.62347301101
11	3774	23.1	138.62347301101
11	3795	23.2	138.62347301101
11	3816	23.3	138.62347301101
11	3837	23.4	138.62347301101
11	3858	23.5	138.62347301101
11	3879	23.6	138.62347301101
11	3900	23.7	138.62347301101
11	3921	23.8	138.62347301101
11	3942	23.9	138.62347301101
11	3963	24	138.62347301101
11	3984	24.1	138.62347301101
11	4005	24.2	138.62347301101
11	4026	24.3	138.62347301101
11	4047	24.4	138.62347301101
11	4068	24.5	138.62347301101
11	4089	24.6	138.62347301101
11	4110	24.7	138.62347301101
11	4131	24.8	138.62347301101
11	4152	24.9	138.62347301101
11	4173	25	138.62347301101
11	4194	25.1	138.62347301101
11	4215	25.2	138.62347301101
11	4236	25.3	138.62347301101
11	4257	25.4	138.62347301101
11	4278	25.5	138.62347301101
11	4299	25.6	138.62347301101
11	4320	25.7	138.62347301101
11	4341	25.8	138.62347301101
11	4362	25.9	138.62347301101
11	4383	26	138.62347301101
11	4404	26.1	138.62347301101
11	4425	26.2	138.62347301101
11	4446	26.3	138.62347301101
11	4467	26.4	138.62347301101
11	4488	26.5	138.62347301101
11	4509	26.6	138.62347301101
11	4530	26.7	138.62347301101
11	4551	26.8	138.62347301101
11	4572	26.9	138.62347301101
11	4593	27	138.62347301101
11	4614	27.1	138.62347301101
11	4635	27.2	138.62347301101
11	4656	27.3	138.62347301101
11	4677	27.4	138.62347301101
11	4698	27.5	138.62347301101
11	4719	27.6	138.62347301101
11	4740	27.7	138.62347301101
11	4761	27.8	138.62347301101
11	4782	27.9	138.62347301101
11	4803	28	138.62347301101
11	4824	28.1	138.62347301101
11	4845	28.2	138.62347301101
11	4866	28.3	138.62347301101
11	4887	28.4	138.62347301101
11	4908	28.5	138.62347301101
11	4929	28.6	138.62347301101
11	4950	28.7	138.62347301101
11	4971	28.8	138.62347301101
11	4992	28.9	138.62347301101
11	5013	29	138.62347301101
11	5034	29.1	138.62347301101
11	5055	29.2	138.62347301101
11	5076	29.3	138.62347301101
11	5097	29.4	138.62347301101
11	5118	29.5	138.62347301101
11	5139	29.6	138.62347301101
11	5160	29.7	138.62347301101
11	5181	29.8	138.62347301101
11	5202	29.9	138.62347301101
11	5223	30	138.62347301101
11	5244	30.1	138.62347301101
11	5265	30.2	138.62347301101
11	5286	30.3	138.62347301101
11	5307	30.4	138.62347301101
11	5328	30.5	138.62347301101
11	5349	30.6	138.62347301101
11	5370	30.7	138.62347301101
11	5391	30.8	138.62347301101
11	5412	30.9	138.62347301101
11	5433	31	138.62347301101
11	5454	31.1	138.62347301101
11	5475	31.2	138.62347301101
11	5496	31.3	138.62347301101
11	5517	31.4	138.62347301101
11	5538	31.5	138.62347301101
11	5559	31.6	138.62347301101
11	5580	31.7	138.62347301101
11	5601	31.8	138.62347301101
11	5622	31.9	138.62347301101
11	5643	32	138.62347301101
11	5664	32.1	138.62347301101
11	5685	32.2	138.62347301101
11	5706	32.3	138.62347301101
11	5727	32.4	138.62347301101
11	5748	32.5	138.62347301101
11	5769	32.6	138.62347301101
11	5790	32.7	138.62347301101
11	5811	32.8	138.62347301101
11	5832	32.9	138.62347301101
11	5853	33	138.62347301101
11	5874	33.1	138.62347301101
11	5895	33.2	138.62347301101
11	5916	33.3	138.62347301101
11	5937	33.4	138.62347301101
11	5958	33.5	138.62347301101
11	5979	33.6	138.62347301101
11	6000	33.7	138.62347301101
11	6021	33.8	138.62347301101
11	6042	33.9	138.62347301101
11	6063	34	138.62347301101
11	6084	34.1	138.62347301101
11	6105	34.2	138.62347301101
11	6126	34.3	138.62347301101
11	6147	34.4	138.62347301101
11	6168	34.5	138.62347301101
11	6189	34.6	138.62347301101
11	6210	34.7	138.62347301101
11	6231	34.8	138.62347301101
11	6252	34.9	138.62347301101
11	6273	35	138.62347301101
11	6294	35.1	138.62347301101
11	6315	35.2	138.62347301101
11	6336	35.3	138.62347301101
11	6357	35.4	138.62347301101
11	6378	35.5	138.62347301101
11	6399	35.6	138.62347301101
11	6420	35.7	138.62347301101
11	6441	35.8	138.62347301101
11	6462	35.9	138.62347301101
11	6483	36	138.62347301101
11	6504	36.1	138.62347301101
11	6525	36.2	138.62347301101
11	6546	36.3	138.62347301101
11	6567	36.4	138.62347301101
11	6588	36.5	138.62347301101
11	6609	36.6	138.62347301101
11	6630	36.7	138.62347301101
11	6651	36.8	138.62347301101
11	6672	36.9	138.62347301101
11	6693	37	138.62347301101
11	6714	37.1	138.62347301101
11	6735	37.2	138.62347301101
11	6756	37.3	138.62347301101
11	6777	37.4	138.62347301101
11	6798	37.5	138.62347301101
11	6819	37.6	138.62347301101
11	6840	37.7	138.62347301101
11	6861	37.8	138.62347301101
11	6882	37.9	138.62347301101
11	6903	38	138.62347301101
11	6924	38.1	138.62347301101
11	6945	38.2	138.62347301101
11	6966	38.3	138.62347301101
11	6987	38.4	138.62347301101
11	7008	38.5	138.62347301101
11	7029	38.6	138.62347301101
11	7050	38.7	138.62347301101
11	7071	38.8	138.62347301101
11	7092	38.9	138.62347301101
11	7113	39	138.62347301101
11	7134	39.1	138.62347301101
11	7155	39.2	138.62347301101
11	7176	39.3	138.62347301101
11	7197	39.4	138.62347301101
11	7218	39.5	138.62347301101
11	7239	39.6	138.62347301101
11	7260	39.7	138.62347301101
11	7281	39.8	138.62347301101
11	7302	39.9	138.62347301101
11	7323	40	138.62347301101
11	7344	40.1	138.62347301101
11	7365	40.2	138.62347301101
11	7386	40.3	138.62347301101
11	7407	40.4	138.62347301101
11	7428	40.5	138.62347301101
11	7449	40.6	138.62347301101
11	7470	40.7	138.62347301101
11	7491	40.8	138.62347301101
11	7512	40.9	138.62347301101
11	7533	41	138.62347301101
11	7554	41.1	138.62347301101
11	7575	41.2	138.62347301101
11	7596	41.3	138.62347301101
11	7617	41.4	138.62347301101
11	7638	41.5	138.62347301101
11	7659	41.6	138.62347301101
11	7680	41.7	138.62347301101
11	7701	41.8	138.62347301101
11	7722	41.9	138.62347301101
11	7743	42	138.62347301101
11	7764	42.1	138.62347301101
11	7785	42.2	138.62347301101
11	7806	42.3	138.62347301101
11	7827	42.4	138.62347301101
11	7848	42.5	138.62347301101
11	7869	42.6	138.62347301101
11	7890	42.7	138.62347301101
11	7911	42.8	138.62347301101
11	7932	42.9	138.62347301101
11	7953	43	138.62347301101
11	7974	43.1	138.62347301101
11	7995	43.2	138.62347301101
11	8016	43.3	138.62347301101
11	8037	43.4	138.62347301101
11	8058	43.5	138.62347301101
11	8079	43.6	138.62347301101
11	8100	43.7	138.62347301101
11	8121	43.8	138.62347301101
11	8142	43.9	138.62347301101
11	8163	44	138.62347301101
11	8184	44.1	138.62347301101
11	8205	44.2	138.62347301101
11	8226	44.3	138.62347301101
11	8247	44.4	138.62347301101
11	8268	44.5	138.62347301101
11	8289	44.6	138.62347301101
11	8310	44.7	138.62347301101
11	8331	44.8	138.62347301101
11	8352	44.9	138.62347301101
11	8373	45	138.62347301101
11	8394	45.1	138.62347301101
11	8415	45.2	138.62347301101
11	8436	45.3	138.62347301101
11	8457	45.4	138.62347301101
11	8478	45.5	138.62347301101
11	8499	45.6	138.62347301101
11	8520	45.7	138.62347301101
11	8541	45.8	138.62347301101
11	8562	45.9	138.62347301101
11	8583	46	138.62347301101
11	8604	46.1	138.62347301101
11	8625	46.2	138.62347301101
11	8646	46.3	138.62347301101
11	8667	46.4	138.62347301101
11	8688	46.5	138.62347301101
11	8710	46.6	138.62347301101
11	8730	46.7	138.62347301101
11	8749	46.8	138.62347301101
11	8768	46.9	138.62347301101
11	8787	47	138.62347301101
11	8806	47.1	138.62347301101
11	8825	47.2	138.62347301101
11	8844	47.3	138.62347301101
11	8863	47.4	138.62347301101
11	8882	47.5	138.62347301101
11	8901	47.6	138.62347301101
12	59	5.3	92.61012
12	70	5.4	92.61012
12	84	5.5	92.61012
12	102	5.6	92.61012
12	120	5.7	92.610225476481
12	141	5.8	92.610225476481
12	162	5.9	92.610225476481
12	183	6	92.610225476481
12	204	6.1	92.610225476481
12	225	6.2	92.610225476481
12	246	6.3	92.610225476481
12	267	6.4	92.610225476481
12	288	6.5	92.610225476481
12	309	6.6	92.610225476481
12	330	6.7	92.610225476481
12	351	6.8	92.610225476481
12	372	6.9	92.610225476481
12	393	7	92.610225476481
12	414	7.1	92.610225476481
12	435	7.2	92.610225476481
12	456	7.3	92.610225476481
12	477	7.4	92.610225476481
12	498	7.5	92.610225476481
12	519	7.6	92.610225476481
12	540	7.7	92.610225476481
12	561	7.8	92.610225476481
12	582	7.9	92.610225476481
12	603	8	92.610225476481
12	624	8.1	92.610225476481
12	645	8.2	92.610225476481
12	666	8.3	92.610225476481
12	687	8.4	92.610225476481
12	708	8.5	92.610225476481
12	729	8.6	92.610225476481
12	750	8.7	92.610225476481
12	771	8.8	92.610225476481
12	792	8.9	92.610225476481
12	813	9	92.610225476481
12	834	9.1	92.610225476481
12	855	9.2	92.610225476481
12	876	9.3	92.610225476481
12	897	9.4	92.610225476481
12	918	9.5	92.610225476481
12	939	9.6	92.610225476481
12	960	9.7	92.610225476481
12	981	9.8	92.610225476481
12	1002	9.9	92.610225476481
12	1023	10	92.610225476481
12	1044	10.1	92.610225476481
12	1065	10.2	92.610225476481
12	1086	10.3	92.610225476481
12	1107	10.4	92.610225476481
12	1128	10.5	92.610225476481
12	1149	10.6	92.610225476481
12	1170	10.7	92.610225476481
12	1191	10.8	92.610225476481
12	1212	10.9	92.610225476481
12	1233	11	92.610225476481
12	1254	11.1	92.610225476481
12	1275	11.2	92.610225476481
12	1296	11.3	92.610225476481
12	1317	11.4	92.610225476481
12	1338	11.5	92.610225476481
12	1359	11.6	92.610225476481
12	1380	11.7	92.610225476481
12	1401	11.8	92.610225476481
12	1422	11.9	92.610225476481
12	1443	12	92.610225476481
12	1464	12.1	92.610225476481
12	1485	12.2	92.610225476481
12	1506	12.3	92.610225476481
12	1527	12.4	92.610225476481
12	1548	12.5	92.610225476481
12	1569	12.6	92.610225476481
12	1590	12.7	92.610225476481
12	1611	12.8	92.610225476481
12	1632	12.9	92.610225476481
12	1653	13	92.610225476481
12	1674	13.1	92.610225476481
12	1695	13.2	92.610225476481
12	1716	13.3	92.610225476481
12	1737	13.4	92.610225476481
12	1758	13.5	92.610225476481
12	1779	13.6	92.610225476481
12	1800	13.7	92.610225476481
12	1821	13.8	92.610225476481
12	1842	13.9	92.610225476481
12	1863	14	92.610225476481
12	1884	14.1	92.610225476481
12	1905	14.2	92.610225476481
12	1926	14.3	92.610225476481
12	1947	14.4	92.610225476481
12	1968	14.5	92.610225476481
12	1989	14.6	92.610225476481
12	2010	14.7	92.610225476481
12	2031	14.8	92.610225476481
12	2052	14.9	92.610225476481
12	2073	15	92.610225476481
12	2094	15.1	92.610225476481
12	2115	15.2	92.610225476481
12	2136	15.3	92.610225476481
12	2157	15.4	92.610225476481
12	2178	15.5	92.610225476481
12	2199	15.6	92.610225476481
12	2220	15.7	92.610225476481
12	2241	15.8	92.610225476481
12	2262	15.9	92.610225476481
12	2283	16	92.610225476481
12	2304	16.1	92.610225476481
12	2325	16.2	92.610225476481
12	2346	16.3	92.610225476481
12	2367	16.4	92.610225476481
12	2388	16.5	92.610225476481
12	2409	16.6	92.610225476481
12	2430	16.7	92.610225476481
12	2451	16.8	92.610225476481
12	2472	16.9	92.610225476481
12	2493	17	92.610225476481
12	2514	17.1	92.610225476481
12	2535	17.2	92.610225476481
12	2556	17.3	92.610225476481
12	2577	17.4	92.610225476481
12	2598	17.5	92.610225476481
12	2619	17.6	92.610225476481
12	2640	17.7	92.610225476481
12	2661	17.8	92.610225476481
12	2682	17.9	92.610225476481
12	2703	18	92.610225476481
12	2724	18.1	92.610225476481
12	2745	18.2	92.610225476481
12	2766	18.3	92.610225476481
12	2787	18.4	92.610225476481
12	2808	18.5	92.610225476481
12	2829	18.6	92.610225476481
12	2850	18.7	92.610225476481
12	2871	18.8	92.610225476481
12	2892	18.9	92.610225476481
12	2913	19	92.610225476481
12	2934	19.1	92.610225476481
12	2955	19.2	92.610225476481
12	2976	19.3	92.610225476481
12	2997	19.4	92.610225476481
12	3018	19.5	92.610225476481
12	3039	19.6	92.610225476481
12	3060	19.7	92.610225476481
12	3081	19.8	92.610225476481
12	3102	19.9	92.610225476481
12	3123	20	92.610225476481
12	3144	20.1	92.610225476481
12	3165	20.2	92.610225476481
12	3186	20.3	92.610225476481
12	3207	20.4	92.610225476481
12	3228	20.5	92.610225476481
12	3249	20.6	92.610225476481
12	3270	20.7	92.610225476481
12	3291	20.8	92.610225476481
12	3312	20.9	92.610225476481
12	3333	21	92.610225476481
12	3354	21.1	92.610225476481
12	3375	21.2	92.610225476481
12	3396	21.3	92.610225476481
12	3417	21.4	92.610225476481
12	3438	21.5	92.610225476481
12	3459	21.6	92.610225476481
12	3480	21.7	92.610225476481
12	3501	21.8	92.610225476481
12	3522	21.9	92.610225476481
12	3543	22	92.610225476481
12	3564	22.1	92.610225476481
12	3585	22.2	92.610225476481
12	3606	22.3	92.610225476481
12	3627	22.4	92.610225476481
12	3648	22.5	92.610225476481
12	3669	22.6	92.610225476481
12	3690	22.7	92.610225476481
12	3711	22.8	92.610225476481
12	3732	22.9	92.610225476481
12	3753	23	92.610225476481
12	3774	23.1	92.610225476481
12	3795	23.2	92.610225476481
12	3816	23.3	92.610225476481
12	3837	23.4	92.610225476481
12	3858	23.5	92.610225476481
12	3879	23.6	92.610225476481
12	3900	23.7	92.610225476481
12	3921	23.8	92.610225476481
12	3942	23.9	92.610225476481
12	3963	24	92.610225476481
12	3984	24.1	92.610225476481
12	4005	24.2	92.610225476481
12	4026	24.3	92.610225476481
12	4047	24.4	92.610225476481
12	4068	24.5	92.610225476481
12	4089	24.6	92.610225476481
12	4110	24.7	92.610225476481
12	4131	24.8	92.610225476481
12	4152	24.9	92.610225476481
12	4173	25	92.610225476481
12	4194	25.1	92.610225476481
12	4215	25.2	92.610225476481
12	4236	25.3	92.610225476481
12	4257	25.4	92.610225476481
12	4278	25.5	92.610225476481
12	4299	25.6	92.610225476481
12	4320	25.7	92.610225476481
12	4341	25.8	92.610225476481
12	4362	25.9	92.610225476481
12	4383	26	92.610225476481
12	4404	26.1	92.610225476481
12	4425	26.2	92.610225476481
12	4446	26.3	92.610225476481
12	4467	26.4	92.610225476481
12	4488	26.5	92.610225476481
12	4509	26.6	92.610225476481
12	4530	26.7	92.610225476481
12	4551	26.8	92.610225476481
12	4572	26.9	92.610225476481
12	4593	27	92.610225476481
12	4614	27.1	92.610225476481
12	4635	27.2	92.610225476481
12	4656	27.3	92.610225476481
12	4677	27.4	92.610225476481
12	4698	27.5	92.610225476481
12	4719	27.6	92.610225476481
12	4740	27.7	92.610225476481
12	4761	27.8	92.610225476481
12	4782	27.9	92.610225476481
12	4803	28	92.610225476481
12	4824	28.1	92.610225476481
12	4845	28.2	92.610225476481
12	4866	28.3	92.610225476481
12	4887	28.4	92.610225476481
12	4908	28.5	92.610225476481
12	4929	28.6	92.610225476481
12	4950	28.7	92.610225476481
12	4971	28.8	92.610225476481
12	4992	28.9	92.610225476481
12	5013	29	92.610225476481
12	5034	29.1	92.610225476481
12	5055	29.2	92.610225476481
12	5076	29.3	92.610225476481
12	5097	29.4	92.610225476481
12	5118	29.5	92.610225476481
12	5139	29.6	92.610225476481
12	5160	29.7	92.610225476481
12	5181	29.8	92.610225476481
12	5202	29.9	92.610225476481
12	5223	30	92.610225476481
12	5244	30.1	92.610225476481
12	5265	30.2	92.610225476481
12	5286	30.3	92.610225476481
12	5307	30.4	92.610225476481
12	5328	30.5	92.610225476481
12	5349	30.6	92.610225476481
12	5370	30.7	92.610225476481
12	5391	30.8	92.610225476481
12	5412	30.9	92.610225476481
12	5433	31	92.610225476481
12	5454	31.1	92.610225476481
12	5475	31.2	92.610225476481
12	5496	31.3	92.610225476481
12	5517	31.4	92.610225476481
12	5538	31.5	92.610225476481
12	5559	31.6	92.610225476481
12	5580	31.7	92.610225476481
12	5601	31.8	92.610225476481
12	5622	31.9	92.610225476481
12	5643	32	92.610225476481
12	5664	32.1	92.610225476481
12	5685	32.2	92.610225476481
12	5706	32.3	92.610225476481
12	5727	32.4	92.610225476481
12	5748	32.5	92.610225476481
12	5769	32.6	92.610225476481
12	5790	32.7	92.610225476481
12	5811	32.8	92.610225476481
12	5832	32.9	92.610225476481
12	5853	33	92.610225476481
12	5874	33.1	92.610225476481
12	5895	33.2	92.610225476481
12	5916	33.3	92.610225476481
12	5937	33.4	92.610225476481
12	5958	33.5	92.610225476481
12	5979	33.6	92.610225476481
12	6000	33.7	92.610225476481
12	6021	33.8	92.610225476481
12	6042	33.9	92.610225476481
12	6063	34	92.610225476481
12	6084	34.1	92.610225476481
12	6105	34.2	92.610225476481
12	6126	34.3	92.610225476481
12	6147	34.4	92.610225476481
12	6168	34.5	92.610225476481
12	6189	34.6	92.610225476481
12	6210	34.7	92.610225476481
12	6231	34.8	92.610225476481
12	6252	34.9	92.610225476481
12	6273	35	92.610225476481
12	6294	35.1	92.610225476481
12	6315	35.2	92.610225476481
12	6336	35.3	92.610225476481
12	6357	35.4	92.610225476481
12	6378	35.5	92.610225476481
12	6399	35.6	92.610225476481
12	6420	35.7	92.610225476481
12	6441	35.8	92.610225476481
12	6462	35.9	92.610225476481
12	6483	36	92.610225476481
12	6504	36.1	92.610225476481
12	6525	36.2	92.610225476481
12	6546	36.3	92.610225476481
12	6567	36.4	92.610225476481
12	6588	36.5	92.610225476481
12	6609	36.6	92.610225476481
12	6630	36.7	92.610225476481
12	6651	36.8	92.610225476481
12	6672	36.9	92.610225476481
12	6693	37	92.610225476481
12	6714	37.1	92.610225476481
12	6735	37.2	92.610225476481
12	6756	37.3	92.610225476481
12	6777	37.4	92.610225476481
12	6798	37.5	92.610225476481
12	6819	37.6	92.610225476481
12	6840	37.7	92.610225476481
12	6861	37.8	92.610225476481
12	6882	37.9	92.610225476481
12	6903	38	92.610225476481
12	6924	38.1	92.610225476481
12	6945	38.2	92.610225476481
12	6966	38.3	92.610225476481
12	6987	38.4	92.610225476481
12	7008	38.5	92.610225476481
12	7029	38.6	92.610225476481
12	7050	38.7	92.610225476481
12	7071	38.8	92.610225476481
12	7092	38.9	92.610225476481
12	7113	39	92.610225476481
12	7134	39.1	92.610225476481
12	7155	39.2	92.610225476481
12	7176	39.3	92.610225476481
12	7197	39.4	92.610225476481
12	7218	39.5	92.610225476481
12	7239	39.6	92.610225476481
12	7260	39.7	92.610225476481
12	7281	39.8	92.610225476481
12	7302	39.9	92.610225476481
12	7323	40	92.610225476481
12	7344	40.1	92.610225476481
12	7365	40.2	92.610225476481
12	7386	40.3	92.610225476481
12	7407	40.4	92.610225476481
12	7428	40.5	92.610225476481
12	7449	40.6	92.610225476481
12	7470	40.7	92.610225476481
12	7491	40.8	92.610225476481
12	7512	40.9	92.610225476481
12	7533	41	92.610225476481
12	7554	41.1	92.610225476481
12	7575	41.2	92.610225476481
12	7596	41.3	92.610225476481
12	7617	41.4	92.610225476481
12	7638	41.5	92.610225476481
12	7659	41.6	92.610225476481
12	7680	41.7	92.610225476481
12	7701	41.8	92.610225476481
12	7722	41.9	92.610225476481
12	7743	42	92.610225476481
12	7764	42.1	92.610225476481
12	7785	42.2	92.610225476481
12	7806	42.3	92.610225476481
12	7827	42.4	92.610225476481
12	7848	42.5	92.610225476481
12	7869	42.6	92.610225476481
12	7890	42.7	92.610225476481
12	7911	42.8	92.610225476481
12	7932	42.9	92.610225476481
12	7953	43	92.610225476481
12	7974	43.1	92.610225476481
12	7995	43.2	92.610225476481
12	8016	43.3	92.610225476481
12	8037	43.4	92.610225476481
12	8058	43.5	92.610225476481
12	8079	43.6	92.610225476481
12	8100	43.7	92.610225476481
12	8121	43.8	92.610225476481
12	8142	43.9	92.610225476481
12	8163	44	92.610225476481
12	8184	44.1	92.610225476481
12	8205	44.2	92.610225476481
12	8226	44.3	92.610225476481
12	8247	44.4	92.610225476481
12	8268	44.5	92.610225476481
12	8289	44.6	92.610225476481
12	8310	44.7	92.610225476481
12	8331	44.8	92.610225476481
12	8352	44.9	92.610225476481
12	8373	45	92.610225476481
12	8394	45.1	92.610225476481
12	8415	45.2	92.610225476481
12	8436	45.3	92.610225476481
12	8457	45.4	92.610225476481
12	8478	45.5	92.610225476481
12	8499	45.6	92.610225476481
12	8520	45.7	92.610225476481
12	8541	45.8	92.610225476481
12	8562	45.9	92.610225476481
12	8583	46	92.610225476481
12	8604	46.1	92.610225476481
12	8625	46.2	92.610225476481
12	8646	46.3	92.610225476481
12	8667	46.4	92.610225476481
12	8688	46.5	92.610225476481
12	8710	46.6	92.610225476481
12	8730	46.7	92.610225476481
12	8749	46.8	92.610225476481
12	8768	46.9	92.610225476481
12	8787	47	92.610225476481
12	8806	47.1	92.610225476481
12	8825	47.2	92.610225476481
12	8844	47.3	92.610225476481
12	8863	47.4	92.610225476481
12	8882	47.5	92.610225476481
12	8901	47.6	92.610225476481
17	59	5.3	121.656
17	70	5.4	121.656
17	84	5.5	122.02920475676
17	102	5.6	122.02920475676
17	120	5.7	122.37256770077
17	141	5.8	122.37256770077
17	162	5.9	122.67769864477
17	183	6	122.67769864477
17	204	6.1	122.94459758877
17	225	6.2	122.94459758877
17	246	6.3	123.17326453277
17	267	6.4	123.17326453277
17	288	6.5	123.36369947677
17	309	6.6	123.36369947677
17	330	6.7	123.51590242078
17	351	6.8	123.51590242078
17	372	6.9	123.62987336478
17	393	7	123.62987336478
17	414	7.1	123.70561230878
17	435	7.2	123.70561230878
17	456	7.3	123.74311925278
17	477	7.4	123.74311925278
17	498	7.5	123.74311925278
17	519	7.6	123.74311925278
17	540	7.7	123.74311925278
17	561	7.8	123.74311925278
17	582	7.9	123.74311925278
17	603	8	123.74311925278
17	624	8.1	123.74311925278
17	645	8.2	123.74311925278
17	666	8.3	123.74311925278
17	687	8.4	123.74311925278
17	708	8.5	123.74311925278
17	729	8.6	123.74311925278
17	750	8.7	123.74311925278
17	771	8.8	123.74311925278
17	792	8.9	123.74311925278
17	813	9	123.74311925278
17	834	9.1	123.74311925278
17	855	9.2	123.74311925278
17	876	9.3	123.74311925278
17	897	9.4	123.74311925278
17	918	9.5	123.74311925278
17	939	9.6	123.74311925278
17	960	9.7	123.74311925278
17	981	9.8	123.74311925278
17	1002	9.9	123.74311925278
17	1023	10	123.74311925278
17	1044	10.1	123.74311925278
17	1065	10.2	123.74311925278
17	1086	10.3	123.74311925278
17	1107	10.4	123.74311925278
17	1128	10.5	123.74311925278
17	1149	10.6	123.74311925278
17	1170	10.7	123.74311925278
17	1191	10.8	123.74311925278
17	1212	10.9	123.74311925278
17	1233	11	123.74311925278
17	1254	11.1	123.74311925278
17	1275	11.2	123.74311925278
17	1296	11.3	123.74311925278
17	1317	11.4	123.74311925278
17	1338	11.5	123.74311925278
17	1359	11.6	123.74311925278
17	1380	11.7	123.74311925278
17	1401	11.8	123.74311925278
17	1422	11.9	123.74311925278
17	1443	12	123.74311925278
17	1464	12.1	123.74311925278
17	1485	12.2	123.74311925278
17	1506	12.3	123.74311925278
17	1527	12.4	123.74311925278
17	1548	12.5	123.74311925278
17	1569	12.6	123.74311925278
17	1590	12.7	123.74311925278
17	1611	12.8	123.74311925278
17	1632	12.9	123.74311925278
17	1653	13	123.74311925278
17	1674	13.1	123.74311925278
17	1695	13.2	123.74311925278
17	1716	13.3	123.74311925278
17	1737	13.4	123.74311925278
17	1758	13.5	123.74311925278
17	1779	13.6	123.74311925278
17	1800	13.7	123.74311925278
17	1821	13.8	123.74311925278
17	1842	13.9	123.74311925278
17	1863	14	123.74311925278
17	1884	14.1	123.74311925278
17	1905	14.2	123.74311925278
17	1926	14.3	123.74311925278
17	1947	14.4	123.74311925278
17	1968	14.5	123.74311925278
17	1989	14.6	123.74311925278
17	2010	14.7	123.74311925278
17	2031	14.8	123.74311925278
17	2052	14.9	123.74311925278
17	2073	15	123.74311925278
17	2094	15.1	123.74311925278
17	2115	15.2	123.74311925278
17	2136	15.3	123.74311925278
17	2157	15.4	123.74311925278
17	2178	15.5	123.74311925278
17	2199	15.6	123.74311925278
17	2220	15.7	123.74311925278
17	2241	15.8	123.74311925278
17	2262	15.9	123.74311925278
17	2283	16	123.74311925278
17	2304	16.1	123.74311925278
17	2325	16.2	123.74311925278
17	2346	16.3	123.74311925278
17	2367	16.4	123.74311925278
17	2388	16.5	123.74311925278
17	2409	16.6	123.74311925278
17	2430	16.7	123.74311925278
17	2451	16.8	123.74311925278
17	2472	16.9	123.74311925278
17	2493	17	123.74311925278
17	2514	17.1	123.74311925278
17	2535	17.2	123.74311925278
17	2556	17.3	123.74311925278
17	2577	17.4	123.74311925278
17	2598	17.5	123.74311925278
17	2619	17.6	123.74311925278
17	2640	17.7	123.74311925278
17	2661	17.8	123.74311925278
17	2682	17.9	123.74311925278
17	2703	18	123.74311925278
17	2724	18.1	123.74311925278
17	2745	18.2	123.74311925278
17	2766	18.3	123.74311925278
17	2787	18.4	123.74311925278
17	2808	18.5	123.74311925278
17	2829	18.6	123.74311925278
17	2850	18.7	123.74311925278
17	2871	18.8	123.74311925278
17	2892	18.9	123.74311925278
17	2913	19	123.74311925278
17	2934	19.1	123.74311925278
17	2955	19.2	123.74311925278
17	2976	19.3	123.74311925278
17	2997	19.4	123.74311925278
17	3018	19.5	123.74311925278
17	3039	19.6	123.74311925278
17	3060	19.7	123.74311925278
17	3081	19.8	123.74311925278
17	3102	19.9	123.74311925278
17	3123	20	123.74311925278
17	3144	20.1	123.74311925278
17	3165	20.2	123.74311925278
17	3186	20.3	123.74311925278
17	3207	20.4	123.74311925278
17	3228	20.5	123.74311925278
17	3249	20.6	123.74311925278
17	3270	20.7	123.74311925278
17	3291	20.8	123.74311925278
17	3312	20.9	123.74311925278
17	3333	21	123.74311925278
17	3354	21.1	123.74311925278
17	3375	21.2	123.74311925278
17	3396	21.3	123.74311925278
17	3417	21.4	123.74311925278
17	3438	21.5	123.74311925278
17	3459	21.6	123.74311925278
17	3480	21.7	123.74311925278
17	3501	21.8	123.74311925278
17	3522	21.9	123.74311925278
17	3543	22	123.74311925278
17	3564	22.1	123.74311925278
17	3585	22.2	123.74311925278
17	3606	22.3	123.74311925278
17	3627	22.4	123.74311925278
17	3648	22.5	123.74311925278
17	3669	22.6	123.74311925278
17	3690	22.7	123.74311925278
17	3711	22.8	123.74311925278
17	3732	22.9	123.74311925278
17	3753	23	123.74311925278
17	3774	23.1	123.74311925278
17	3795	23.2	123.74311925278
17	3816	23.3	123.74311925278
17	3837	23.4	123.74311925278
17	3858	23.5	123.74311925278
17	3879	23.6	123.74311925278
17	3900	23.7	123.74311925278
17	3921	23.8	123.74311925278
17	3942	23.9	123.74311925278
17	3963	24	123.74311925278
17	3984	24.1	123.74311925278
17	4005	24.2	123.74311925278
17	4026	24.3	123.74311925278
17	4047	24.4	123.74311925278
17	4068	24.5	123.74311925278
17	4089	24.6	123.74311925278
17	4110	24.7	123.74311925278
17	4131	24.8	123.74311925278
17	4152	24.9	123.74311925278
17	4173	25	123.74311925278
17	4194	25.1	123.74311925278
17	4215	25.2	123.74311925278
17	4236	25.3	123.74311925278
17	4257	25.4	123.74311925278
17	4278	25.5	123.74311925278
17	4299	25.6	123.74311925278
17	4320	25.7	123.74311925278
17	4341	25.8	123.74311925278
17	4362	25.9	123.74311925278
17	4383	26	123.74311925278
17	4404	26.1	123.74311925278
17	4425	26.2	123.74311925278
17	4446	26.3	123.74311925278
17	4467	26.4	123.74311925278
17	4488	26.5	123.74311925278
17	4509	26.6	123.74311925278
17	4530	26.7	123.74311925278
17	4551	26.8	123.74311925278
17	4572	26.9	123.74311925278
17	4593	27	123.74311925278
17	4614	27.1	123.74311925278
17	4635	27.2	123.74311925278
17	4656	27.3	123.74311925278
17	4677	27.4	123.74311925278
17	4698	27.5	123.74311925278
17	4719	27.6	123.74311925278
17	4740	27.7	123.74311925278
17	4761	27.8	123.74311925278
17	4782	27.9	123.74311925278
17	4803	28	123.74311925278
17	4824	28.1	123.74311925278
17	4845	28.2	123.74311925278
17	4866	28.3	123.74311925278
17	4887	28.4	123.74311925278
17	4908	28.5	123.74311925278
17	4929	28.6	123.74311925278
17	4950	28.7	123.74311925278
17	4971	28.8	123.74311925278
17	4992	28.9	123.74311925278
17	5013	29	123.74311925278
17	5034	29.1	123.74311925278
17	5055	29.2	123.74311925278
17	5076	29.3	123.74311925278
17	5097	29.4	123.74311925278
17	5118	29.5	123.74311925278
17	5139	29.6	123.74311925278
17	5160	29.7	123.74311925278
17	5181	29.8	123.74311925278
17	5202	29.9	123.74311925278
17	5223	30	123.74311925278
17	5244	30.1	123.74311925278
17	5265	30.2	123.74311925278
17	5286	30.3	123.74311925278
17	5307	30.4	123.74311925278
17	5328	30.5	123.74311925278
17	5349	30.6	123.74311925278
17	5370	30.7	123.74311925278
17	5391	30.8	123.74311925278
17	5412	30.9	123.74311925278
17	5433	31	123.74311925278
17	5454	31.1	123.74311925278
17	5475	31.2	123.74311925278
17	5496	31.3	123.74311925278
17	5517	31.4	123.74311925278
17	5538	31.5	123.74311925278
17	5559	31.6	123.74311925278
17	5580	31.7	123.74311925278
17	5601	31.8	123.74311925278
17	5622	31.9	123.74311925278
17	5643	32	123.74311925278
17	5664	32.1	123.74311925278
17	5685	32.2	123.74311925278
17	5706	32.3	123.74311925278
17	5727	32.4	123.74311925278
17	5748	32.5	123.74311925278
17	5769	32.6	123.74311925278
17	5790	32.7	123.74311925278
17	5811	32.8	123.74311925278
17	5832	32.9	123.74311925278
17	5853	33	123.74311925278
17	5874	33.1	123.74311925278
17	5895	33.2	123.74311925278
17	5916	33.3	123.74311925278
17	5937	33.4	123.74311925278
17	5958	33.5	123.74311925278
17	5979	33.6	123.74311925278
17	6000	33.7	123.74311925278
17	6021	33.8	123.74311925278
17	6042	33.9	123.74311925278
17	6063	34	123.74311925278
17	6084	34.1	123.74311925278
17	6105	34.2	123.74311925278
17	6126	34.3	123.74311925278
17	6147	34.4	123.74311925278
17	6168	34.5	123.74311925278
17	6189	34.6	123.74311925278
17	6210	34.7	123.74311925278
17	6231	34.8	123.74311925278
17	6252	34.9	123.74311925278
17	6273	35	123.74311925278
17	6294	35.1	123.74311925278
17	6315	35.2	123.74311925278
17	6336	35.3	123.74311925278
17	6357	35.4	123.74311925278
17	6378	35.5	123.74311925278
17	6399	35.6	123.74311925278
17	6420	35.7	123.74311925278
17	6441	35.8	123.74311925278
17	6462	35.9	123.74311925278
17	6483	36	123.74311925278
17	6504	36.1	123.74311925278
17	6525	36.2	123.74311925278
17	6546	36.3	123.74311925278
17	6567	36.4	123.74311925278
17	6588	36.5	123.74311925278
17	6609	36.6	123.74311925278
17	6630	36.7	123.74311925278
17	6651	36.8	123.74311925278
17	6672	36.9	123.74311925278
17	6693	37	123.74311925278
17	6714	37.1	123.74311925278
17	6735	37.2	123.74311925278
17	6756	37.3	123.74311925278
17	6777	37.4	123.74311925278
17	6798	37.5	123.74311925278
17	6819	37.6	123.74311925278
17	6840	37.7	123.74311925278
17	6861	37.8	123.74311925278
17	6882	37.9	123.74311925278
17	6903	38	123.74311925278
17	6924	38.1	123.74311925278
17	6945	38.2	123.74311925278
17	6966	38.3	123.74311925278
17	6987	38.4	123.74311925278
17	7008	38.5	123.74311925278
17	7029	38.6	123.74311925278
17	7050	38.7	123.74311925278
17	7071	38.8	123.74311925278
17	7092	38.9	123.74311925278
17	7113	39	123.74311925278
17	7134	39.1	123.74311925278
17	7155	39.2	123.74311925278
17	7176	39.3	123.74311925278
17	7197	39.4	123.74311925278
17	7218	39.5	123.74311925278
17	7239	39.6	123.74311925278
17	7260	39.7	123.74311925278
17	7281	39.8	123.74311925278
17	7302	39.9	123.74311925278
17	7323	40	123.74311925278
17	7344	40.1	123.74311925278
17	7365	40.2	123.74311925278
17	7386	40.3	123.74311925278
17	7407	40.4	123.74311925278
17	7428	40.5	123.74311925278
17	7449	40.6	123.74311925278
17	7470	40.7	123.74311925278
17	7491	40.8	123.74311925278
17	7512	40.9	123.74311925278
17	7533	41	123.74311925278
17	7554	41.1	123.74311925278
17	7575	41.2	123.74311925278
17	7596	41.3	123.74311925278
17	7617	41.4	123.74311925278
17	7638	41.5	123.74311925278
17	7659	41.6	123.74311925278
17	7680	41.7	123.74311925278
17	7701	41.8	123.74311925278
17	7722	41.9	123.74311925278
17	7743	42	123.74311925278
17	7764	42.1	123.74311925278
17	7785	42.2	123.74311925278
17	7806	42.3	123.74311925278
17	7827	42.4	123.74311925278
17	7848	42.5	123.74311925278
17	7869	42.6	123.74311925278
17	7890	42.7	123.74311925278
17	7911	42.8	123.74311925278
17	7932	42.9	123.74311925278
17	7953	43	123.74311925278
17	7974	43.1	123.74311925278
17	7995	43.2	123.74311925278
17	8016	43.3	123.74311925278
17	8037	43.4	123.74311925278
17	8058	43.5	123.74311925278
17	8079	43.6	123.74311925278
17	8100	43.7	123.74311925278
17	8121	43.8	123.74311925278
17	8142	43.9	123.74311925278
17	8163	44	123.74311925278
17	8184	44.1	123.74311925278
17	8205	44.2	123.74311925278
17	8226	44.3	123.74311925278
17	8247	44.4	123.74311925278
17	8268	44.5	123.74311925278
17	8289	44.6	123.74311925278
17	8310	44.7	123.74311925278
17	8331	44.8	123.74311925278
17	8352	44.9	123.74311925278
17	8373	45	123.74311925278
17	8394	45.1	123.74311925278
17	8415	45.2	123.74311925278
17	8436	45.3	123.74311925278
17	8457	45.4	123.74311925278
17	8478	45.5	123.74311925278
17	8499	45.6	123.74311925278
17	8520	45.7	123.74311925278
17	8541	45.8	123.74311925278
17	8562	45.9	123.74311925278
17	8583	46	123.74311925278
17	8604	46.1	123.74311925278
17	8625	46.2	123.74311925278
17	8646	46.3	123.74311925278
17	8667	46.4	123.74311925278
17	8688	46.5	123.74311925278
17	8710	46.6	123.74311925278
17	8730	46.7	123.76520885278
17	8749	46.8	123.76520885278
17	8768	46.9	123.81599348519
17	8787	47	123.81599348519
17	8806	47.1	123.89343264698
17	8825	47.2	123.89343264698
17	8844	47.3	123.99531438592
17	8863	47.4	123.99531438592
17	8882	47.5	124.12487264341
17	8901	47.6	124.12487264341
18	59	5.3	79.796
18	70	5.4	79.796
18	84	5.5	81.135601254972
18	102	5.6	81.135601254972
18	120	5.7	82.368086699921
18	141	5.8	82.368086699921
18	162	5.9	83.463340144871
18	183	6	83.463340144871
18	204	6.1	84.421361589821
18	225	6.2	84.421361589821
18	246	6.3	85.242151034771
18	267	6.4	85.242151034771
18	288	6.5	85.925708479721
18	309	6.6	85.925708479721
18	330	6.7	86.472033924671
18	351	6.8	86.472033924671
18	372	6.9	86.881127369621
18	393	7	86.881127369621
18	414	7.1	87.152988814571
18	435	7.2	87.152988814571
18	456	7.3	87.287618259521
18	477	7.4	87.287618259521
18	498	7.5	87.287618259521
18	519	7.6	87.287618259521
18	540	7.7	87.287618259521
18	561	7.8	87.287618259521
18	582	7.9	87.287618259521
18	603	8	87.287618259521
18	624	8.1	87.287618259521
18	645	8.2	87.287618259521
18	666	8.3	87.287618259521
18	687	8.4	87.287618259521
18	708	8.5	87.287618259521
18	729	8.6	87.287618259521
18	750	8.7	87.287618259521
18	771	8.8	87.287618259521
18	792	8.9	87.287618259521
18	813	9	87.287618259521
18	834	9.1	87.287618259521
18	855	9.2	87.287618259521
18	876	9.3	87.287618259521
18	897	9.4	87.287618259521
18	918	9.5	87.287618259521
18	939	9.6	87.287618259521
18	960	9.7	87.287618259521
18	981	9.8	87.287618259521
18	1002	9.9	87.287618259521
18	1023	10	87.287618259521
18	1044	10.1	87.287618259521
18	1065	10.2	87.287618259521
18	1086	10.3	87.287618259521
18	1107	10.4	87.287618259521
18	1128	10.5	87.287618259521
18	1149	10.6	87.287618259521
18	1170	10.7	87.287618259521
18	1191	10.8	87.287618259521
18	1212	10.9	87.287618259521
18	1233	11	87.287618259521
18	1254	11.1	87.287618259521
18	1275	11.2	87.287618259521
18	1296	11.3	87.287618259521
18	1317	11.4	87.287618259521
18	1338	11.5	87.287618259521
18	1359	11.6	87.287618259521
18	1380	11.7	87.287618259521
18	1401	11.8	87.287618259521
18	1422	11.9	87.287618259521
18	1443	12	87.287618259521
18	1464	12.1	87.287618259521
18	1485	12.2	87.287618259521
18	1506	12.3	87.287618259521
18	1527	12.4	87.287618259521
18	1548	12.5	87.287618259521
18	1569	12.6	87.287618259521
18	1590	12.7	87.287618259521
18	1611	12.8	87.287618259521
18	1632	12.9	87.287618259521
18	1653	13	87.287618259521
18	1674	13.1	87.287618259521
18	1695	13.2	87.287618259521
18	1716	13.3	87.287618259521
18	1737	13.4	87.287618259521
18	1758	13.5	87.287618259521
18	1779	13.6	87.287618259521
18	1800	13.7	87.287618259521
18	1821	13.8	87.287618259521
18	1842	13.9	87.287618259521
18	1863	14	87.287618259521
18	1884	14.1	87.287618259521
18	1905	14.2	87.287618259521
18	1926	14.3	87.287618259521
18	1947	14.4	87.287618259521
18	1968	14.5	87.287618259521
18	1989	14.6	87.287618259521
18	2010	14.7	87.287618259521
18	2031	14.8	87.287618259521
18	2052	14.9	87.287618259521
18	2073	15	87.287618259521
18	2094	15.1	87.287618259521
18	2115	15.2	87.287618259521
18	2136	15.3	87.287618259521
18	2157	15.4	87.287618259521
18	2178	15.5	87.287618259521
18	2199	15.6	87.287618259521
18	2220	15.7	87.287618259521
18	2241	15.8	87.287618259521
18	2262	15.9	87.287618259521
18	2283	16	87.287618259521
18	2304	16.1	87.287618259521
18	2325	16.2	87.287618259521
18	2346	16.3	87.287618259521
18	2367	16.4	87.287618259521
18	2388	16.5	87.287618259521
18	2409	16.6	87.287618259521
18	2430	16.7	87.287618259521
18	2451	16.8	87.287618259521
18	2472	16.9	87.287618259521
18	2493	17	87.287618259521
18	2514	17.1	87.287618259521
18	2535	17.2	87.287618259521
18	2556	17.3	87.287618259521
18	2577	17.4	87.287618259521
18	2598	17.5	87.287618259521
18	2619	17.6	87.287618259521
18	2640	17.7	87.287618259521
18	2661	17.8	87.287618259521
18	2682	17.9	87.287618259521
18	2703	18	87.287618259521
18	2724	18.1	87.287618259521
18	2745	18.2	87.287618259521
18	2766	18.3	87.287618259521
18	2787	18.4	87.287618259521
18	2808	18.5	87.287618259521
18	2829	18.6	87.287618259521
18	2850	18.7	87.287618259521
18	2871	18.8	87.287618259521
18	2892	18.9	87.287618259521
18	2913	19	87.287618259521
18	2934	19.1	87.287618259521
18	2955	19.2	87.287618259521
18	2976	19.3	87.287618259521
18	2997	19.4	87.287618259521
18	3018	19.5	87.287618259521
18	3039	19.6	87.287618259521
18	3060	19.7	87.287618259521
18	3081	19.8	87.287618259521
18	3102	19.9	87.287618259521
18	3123	20	87.287618259521
18	3144	20.1	87.287618259521
18	3165	20.2	87.287618259521
18	3186	20.3	87.287618259521
18	3207	20.4	87.287618259521
18	3228	20.5	87.287618259521
18	3249	20.6	87.287618259521
18	3270	20.7	87.287618259521
18	3291	20.8	87.287618259521
18	3312	20.9	87.287618259521
18	3333	21	87.287618259521
18	3354	21.1	87.287618259521
18	3375	21.2	87.287618259521
18	3396	21.3	87.287618259521
18	3417	21.4	87.287618259521
18	3438	21.5	87.287618259521
18	3459	21.6	87.287618259521
18	3480	21.7	87.287618259521
18	3501	21.8	87.287618259521
18	3522	21.9	87.287618259521
18	3543	22	87.287618259521
18	3564	22.1	87.287618259521
18	3585	22.2	87.287618259521
18	3606	22.3	87.287618259521
18	3627	22.4	87.287618259521
18	3648	22.5	87.287618259521
18	3669	22.6	87.287618259521
18	3690	22.7	87.287618259521
18	3711	22.8	87.287618259521
18	3732	22.9	87.287618259521
18	3753	23	87.287618259521
18	3774	23.1	87.287618259521
18	3795	23.2	87.287618259521
18	3816	23.3	87.287618259521
18	3837	23.4	87.287618259521
18	3858	23.5	87.287618259521
18	3879	23.6	87.287618259521
18	3900	23.7	87.287618259521
18	3921	23.8	87.287618259521
18	3942	23.9	87.287618259521
18	3963	24	87.287618259521
18	3984	24.1	87.287618259521
18	4005	24.2	87.287618259521
18	4026	24.3	87.287618259521
18	4047	24.4	87.287618259521
18	4068	24.5	87.287618259521
18	4089	24.6	87.287618259521
18	4110	24.7	87.287618259521
18	4131	24.8	87.287618259521
18	4152	24.9	87.287618259521
18	4173	25	87.287618259521
18	4194	25.1	87.287618259521
18	4215	25.2	87.287618259521
18	4236	25.3	87.287618259521
18	4257	25.4	87.287618259521
18	4278	25.5	87.287618259521
18	4299	25.6	87.287618259521
18	4320	25.7	87.287618259521
18	4341	25.8	87.287618259521
18	4362	25.9	87.287618259521
18	4383	26	87.287618259521
18	4404	26.1	87.287618259521
18	4425	26.2	87.287618259521
18	4446	26.3	87.287618259521
18	4467	26.4	87.287618259521
18	4488	26.5	87.287618259521
18	4509	26.6	87.287618259521
18	4530	26.7	87.287618259521
18	4551	26.8	87.287618259521
18	4572	26.9	87.287618259521
18	4593	27	87.287618259521
18	4614	27.1	87.287618259521
18	4635	27.2	87.287618259521
18	4656	27.3	87.287618259521
18	4677	27.4	87.287618259521
18	4698	27.5	87.287618259521
18	4719	27.6	87.287618259521
18	4740	27.7	87.287618259521
18	4761	27.8	87.287618259521
18	4782	27.9	87.287618259521
18	4803	28	87.287618259521
18	4824	28.1	87.287618259521
18	4845	28.2	87.287618259521
18	4866	28.3	87.287618259521
18	4887	28.4	87.287618259521
18	4908	28.5	87.287618259521
18	4929	28.6	87.287618259521
18	4950	28.7	87.287618259521
18	4971	28.8	87.287618259521
18	4992	28.9	87.287618259521
18	5013	29	87.287618259521
18	5034	29.1	87.287618259521
18	5055	29.2	87.287618259521
18	5076	29.3	87.287618259521
18	5097	29.4	87.287618259521
18	5118	29.5	87.287618259521
18	5139	29.6	87.287618259521
18	5160	29.7	87.287618259521
18	5181	29.8	87.287618259521
18	5202	29.9	87.287618259521
18	5223	30	87.287618259521
18	5244	30.1	87.287618259521
18	5265	30.2	87.287618259521
18	5286	30.3	87.287618259521
18	5307	30.4	87.287618259521
18	5328	30.5	87.287618259521
18	5349	30.6	87.287618259521
18	5370	30.7	87.287618259521
18	5391	30.8	87.287618259521
18	5412	30.9	87.287618259521
18	5433	31	87.287618259521
18	5454	31.1	87.287618259521
18	5475	31.2	87.287618259521
18	5496	31.3	87.287618259521
18	5517	31.4	87.287618259521
18	5538	31.5	87.287618259521
18	5559	31.6	87.287618259521
18	5580	31.7	87.287618259521
18	5601	31.8	87.287618259521
18	5622	31.9	87.287618259521
18	5643	32	87.287618259521
18	5664	32.1	87.287618259521
18	5685	32.2	87.287618259521
18	5706	32.3	87.287618259521
18	5727	32.4	87.287618259521
18	5748	32.5	87.287618259521
18	5769	32.6	87.287618259521
18	5790	32.7	87.287618259521
18	5811	32.8	87.287618259521
18	5832	32.9	87.287618259521
18	5853	33	87.287618259521
18	5874	33.1	87.287618259521
18	5895	33.2	87.287618259521
18	5916	33.3	87.287618259521
18	5937	33.4	87.287618259521
18	5958	33.5	87.287618259521
18	5979	33.6	87.287618259521
18	6000	33.7	87.287618259521
18	6021	33.8	87.287618259521
18	6042	33.9	87.287618259521
18	6063	34	87.287618259521
18	6084	34.1	87.287618259521
18	6105	34.2	87.287618259521
18	6126	34.3	87.287618259521
18	6147	34.4	87.287618259521
18	6168	34.5	87.287618259521
18	6189	34.6	87.287618259521
18	6210	34.7	87.287618259521
18	6231	34.8	87.287618259521
18	6252	34.9	87.287618259521
18	6273	35	87.287618259521
18	6294	35.1	87.287618259521
18	6315	35.2	87.287618259521
18	6336	35.3	87.287618259521
18	6357	35.4	87.287618259521
18	6378	35.5	87.287618259521
18	6399	35.6	87.287618259521
18	6420	35.7	87.287618259521
18	6441	35.8	87.287618259521
18	6462	35.9	87.287618259521
18	6483	36	87.287618259521
18	6504	36.1	87.287618259521
18	6525	36.2	87.287618259521
18	6546	36.3	87.287618259521
18	6567	36.4	87.287618259521
18	6588	36.5	87.287618259521
18	6609	36.6	87.287618259521
18	6630	36.7	87.287618259521
18	6651	36.8	87.287618259521
18	6672	36.9	87.287618259521
18	6693	37	87.287618259521
18	6714	37.1	87.287618259521
18	6735	37.2	87.287618259521
18	6756	37.3	87.287618259521
18	6777	37.4	87.287618259521
18	6798	37.5	87.287618259521
18	6819	37.6	87.287618259521
18	6840	37.7	87.287618259521
18	6861	37.8	87.287618259521
18	6882	37.9	87.287618259521
18	6903	38	87.287618259521
18	6924	38.1	87.287618259521
18	6945	38.2	87.287618259521
18	6966	38.3	87.287618259521
18	6987	38.4	87.287618259521
18	7008	38.5	87.287618259521
18	7029	38.6	87.287618259521
18	7050	38.7	87.287618259521
18	7071	38.8	87.287618259521
18	7092	38.9	87.287618259521
18	7113	39	87.287618259521
18	7134	39.1	87.287618259521
18	7155	39.2	87.287618259521
18	7176	39.3	87.287618259521
18	7197	39.4	87.287618259521
18	7218	39.5	87.287618259521
18	7239	39.6	87.287618259521
18	7260	39.7	87.287618259521
18	7281	39.8	87.287618259521
18	7302	39.9	87.287618259521
18	7323	40	87.287618259521
18	7344	40.1	87.287618259521
18	7365	40.2	87.287618259521
18	7386	40.3	87.287618259521
18	7407	40.4	87.287618259521
18	7428	40.5	87.287618259521
18	7449	40.6	87.287618259521
18	7470	40.7	87.287618259521
18	7491	40.8	87.287618259521
18	7512	40.9	87.287618259521
18	7533	41	87.287618259521
18	7554	41.1	87.287618259521
18	7575	41.2	87.287618259521
18	7596	41.3	87.287618259521
18	7617	41.4	87.287618259521
18	7638	41.5	87.287618259521
18	7659	41.6	87.287618259521
18	7680	41.7	87.287618259521
18	7701	41.8	87.287618259521
18	7722	41.9	87.287618259521
18	7743	42	87.287618259521
18	7764	42.1	87.287618259521
18	7785	42.2	87.287618259521
18	7806	42.3	87.287618259521
18	7827	42.4	87.287618259521
18	7848	42.5	87.287618259521
18	7869	42.6	87.287618259521
18	7890	42.7	87.287618259521
18	7911	42.8	87.287618259521
18	7932	42.9	87.287618259521
18	7953	43	87.287618259521
18	7974	43.1	87.287618259521
18	7995	43.2	87.287618259521
18	8016	43.3	87.287618259521
18	8037	43.4	87.287618259521
18	8058	43.5	87.287618259521
18	8079	43.6	87.287618259521
18	8100	43.7	87.287618259521
18	8121	43.8	87.287618259521
18	8142	43.9	87.287618259521
18	8163	44	87.287618259521
18	8184	44.1	87.287618259521
18	8205	44.2	87.287618259521
18	8226	44.3	87.287618259521
18	8247	44.4	87.287618259521
18	8268	44.5	87.287618259521
18	8289	44.6	87.287618259521
18	8310	44.7	87.287618259521
18	8331	44.8	87.287618259521
18	8352	44.9	87.287618259521
18	8373	45	87.287618259521
18	8394	45.1	87.287618259521
18	8415	45.2	87.287618259521
18	8436	45.3	87.287618259521
18	8457	45.4	87.287618259521
18	8478	45.5	87.287618259521
18	8499	45.6	87.287618259521
18	8520	45.7	87.287618259521
18	8541	45.8	87.287618259521
18	8562	45.9	87.287618259521
18	8583	46	87.287618259521
18	8604	46.1	87.287618259521
18	8625	46.2	87.287618259521
18	8646	46.3	87.287618259521
18	8667	46.4	87.287618259521
18	8688	46.5	87.287618259521
18	8710	46.6	87.287618259521
18	8730	46.7	87.366907859521
18	8749	46.8	87.366907859521
18	8768	46.9	87.543765994288
18	8787	47	87.543765994288
18	8806	47.1	87.810045705922
18	8825	47.2	87.810045705922
18	8844	47.3	88.160372845792
18	8863	47.4	88.160372845792
18	8882	47.5	88.60586753665
18	8901	47.6	88.60586753665
23	59	5.3	117.9175
23	70	5.4	117.9175
23	84	5.5	117.9175
23	102	5.6	117.9175
23	120	5.7	117.9183309338
23	141	5.8	117.9183309338
23	162	5.9	117.9183309338
23	183	6	117.9183309338
23	204	6.1	117.9183309338
23	225	6.2	117.9183309338
23	246	6.3	117.9183309338
23	267	6.4	117.9183309338
23	288	6.5	117.9183309338
23	309	6.6	117.9183309338
23	330	6.7	117.9183309338
23	351	6.8	117.9183309338
23	372	6.9	117.9183309338
23	393	7	117.9183309338
23	414	7.1	117.9183309338
23	435	7.2	117.9183309338
23	456	7.3	117.9183309338
23	477	7.4	117.9183309338
23	498	7.5	117.9183309338
23	519	7.6	117.9183309338
23	540	7.7	117.9183309338
23	561	7.8	117.9183309338
23	582	7.9	117.9183309338
23	603	8	117.9183309338
23	624	8.1	117.9183309338
23	645	8.2	117.9183309338
23	666	8.3	117.9183309338
23	687	8.4	117.9183309338
23	708	8.5	117.9183309338
23	729	8.6	117.9183309338
23	750	8.7	117.9183309338
23	771	8.8	117.9183309338
23	792	8.9	117.9183309338
23	813	9	117.9183309338
23	834	9.1	117.9183309338
23	855	9.2	117.9183309338
23	876	9.3	117.9183309338
23	897	9.4	117.9183309338
23	918	9.5	117.9183309338
23	939	9.6	117.9183309338
23	960	9.7	117.9183309338
23	981	9.8	117.9183309338
23	1002	9.9	117.9183309338
23	1023	10	117.9183309338
23	1044	10.1	117.9183309338
23	1065	10.2	117.9183309338
23	1086	10.3	117.9183309338
23	1107	10.4	117.9183309338
23	1128	10.5	117.9183309338
23	1149	10.6	117.9183309338
23	1170	10.7	117.9183309338
23	1191	10.8	117.9183309338
23	1212	10.9	117.9183309338
23	1233	11	117.9183309338
23	1254	11.1	117.9183309338
23	1275	11.2	117.9183309338
23	1296	11.3	117.9183309338
23	1317	11.4	117.9183309338
23	1338	11.5	117.9183309338
23	1359	11.6	117.9183309338
23	1380	11.7	117.9183309338
23	1401	11.8	117.9183309338
23	1422	11.9	117.9183309338
23	1443	12	117.9183309338
23	1464	12.1	117.9183309338
23	1485	12.2	117.9183309338
23	1506	12.3	117.9183309338
23	1527	12.4	117.9183309338
23	1548	12.5	117.9183309338
23	1569	12.6	117.9183309338
23	1590	12.7	117.9183309338
23	1611	12.8	117.9183309338
23	1632	12.9	117.9183309338
23	1653	13	117.9183309338
23	1674	13.1	117.9183309338
23	1695	13.2	117.9183309338
23	1716	13.3	117.9183309338
23	1737	13.4	117.9183309338
23	1758	13.5	117.9183309338
23	1779	13.6	117.9183309338
23	1800	13.7	117.9183309338
23	1821	13.8	117.9183309338
23	1842	13.9	117.9183309338
23	1863	14	117.9183309338
23	1884	14.1	117.9183309338
23	1905	14.2	117.9183309338
23	1926	14.3	117.9183309338
23	1947	14.4	117.9183309338
23	1968	14.5	117.9183309338
23	1989	14.6	117.9183309338
23	2010	14.7	117.9183309338
23	2031	14.8	117.9183309338
23	2052	14.9	117.9183309338
23	2073	15	117.9183309338
23	2094	15.1	117.9183309338
23	2115	15.2	117.9183309338
23	2136	15.3	117.9183309338
23	2157	15.4	117.9183309338
23	2178	15.5	117.9183309338
23	2199	15.6	117.9183309338
23	2220	15.7	117.9183309338
23	2241	15.8	117.9183309338
23	2262	15.9	117.9183309338
23	2283	16	117.9183309338
23	2304	16.1	117.9183309338
23	2325	16.2	117.9183309338
23	2346	16.3	117.9183309338
23	2367	16.4	117.9183309338
23	2388	16.5	117.9183309338
23	2409	16.6	117.9183309338
23	2430	16.7	117.9183309338
23	2451	16.8	117.9183309338
23	2472	16.9	117.9183309338
23	2493	17	117.9183309338
23	2514	17.1	117.9183309338
23	2535	17.2	117.9183309338
23	2556	17.3	117.9183309338
23	2577	17.4	117.9183309338
23	2598	17.5	117.9183309338
23	2619	17.6	117.9183309338
23	2640	17.7	117.9183309338
23	2661	17.8	117.9183309338
23	2682	17.9	117.9183309338
23	2703	18	117.9183309338
23	2724	18.1	117.9183309338
23	2745	18.2	117.9183309338
23	2766	18.3	117.9183309338
23	2787	18.4	117.9183309338
23	2808	18.5	117.9183309338
23	2829	18.6	117.9183309338
23	2850	18.7	117.9183309338
23	2871	18.8	117.9183309338
23	2892	18.9	117.9183309338
23	2913	19	117.9183309338
23	2934	19.1	117.9183309338
23	2955	19.2	117.9183309338
23	2976	19.3	117.9183309338
23	2997	19.4	117.9183309338
23	3018	19.5	117.9183309338
23	3039	19.6	117.9183309338
23	3060	19.7	117.9183309338
23	3081	19.8	117.9183309338
23	3102	19.9	117.9183309338
23	3123	20	117.9183309338
23	3144	20.1	117.9183309338
23	3165	20.2	117.9183309338
23	3186	20.3	117.9183309338
23	3207	20.4	117.9183309338
23	3228	20.5	117.9183309338
23	3249	20.6	117.9183309338
23	3270	20.7	117.9183309338
23	3291	20.8	117.9183309338
23	3312	20.9	117.9183309338
23	3333	21	117.9183309338
23	3354	21.1	117.9183309338
23	3375	21.2	117.9183309338
23	3396	21.3	117.9183309338
23	3417	21.4	117.9183309338
23	3438	21.5	117.9183309338
23	3459	21.6	117.9183309338
23	3480	21.7	117.9183309338
23	3501	21.8	117.9183309338
23	3522	21.9	117.9183309338
23	3543	22	117.9183309338
23	3564	22.1	117.9183309338
23	3585	22.2	117.9183309338
23	3606	22.3	117.9183309338
23	3627	22.4	117.9183309338
23	3648	22.5	117.9183309338
23	3669	22.6	117.9183309338
23	3690	22.7	117.9183309338
23	3711	22.8	117.9183309338
23	3732	22.9	117.9183309338
23	3753	23	117.9183309338
23	3774	23.1	117.9183309338
23	3795	23.2	117.9183309338
23	3816	23.3	117.9183309338
23	3837	23.4	117.9183309338
23	3858	23.5	117.9183309338
23	3879	23.6	117.9183309338
23	3900	23.7	117.9183309338
23	3921	23.8	117.9183309338
23	3942	23.9	117.9183309338
23	3963	24	117.9183309338
23	3984	24.1	117.9183309338
23	4005	24.2	117.9183309338
23	4026	24.3	117.9183309338
23	4047	24.4	117.9183309338
23	4068	24.5	117.9183309338
23	4089	24.6	117.9183309338
23	4110	24.7	117.9183309338
23	4131	24.8	117.9183309338
23	4152	24.9	117.9183309338
23	4173	25	117.9183309338
23	4194	25.1	117.9183309338
23	4215	25.2	117.9183309338
23	4236	25.3	117.9183309338
23	4257	25.4	117.9183309338
23	4278	25.5	117.9183309338
23	4299	25.6	117.9183309338
23	4320	25.7	117.9183309338
23	4341	25.8	117.9183309338
23	4362	25.9	117.9183309338
23	4383	26	117.9183309338
23	4404	26.1	117.9183309338
23	4425	26.2	117.9183309338
23	4446	26.3	117.9183309338
23	4467	26.4	117.9183309338
23	4488	26.5	117.9183309338
23	4509	26.6	117.9183309338
23	4530	26.7	117.9183309338
23	4551	26.8	117.9183309338
23	4572	26.9	117.9183309338
23	4593	27	117.9183309338
23	4614	27.1	117.9183309338
23	4635	27.2	117.9183309338
23	4656	27.3	117.9183309338
23	4677	27.4	117.9183309338
23	4698	27.5	117.9183309338
23	4719	27.6	117.9183309338
23	4740	27.7	117.9183309338
23	4761	27.8	117.9183309338
23	4782	27.9	117.9183309338
23	4803	28	117.9183309338
23	4824	28.1	117.9183309338
23	4845	28.2	117.9183309338
23	4866	28.3	117.9183309338
23	4887	28.4	117.9183309338
23	4908	28.5	117.9183309338
23	4929	28.6	117.9183309338
23	4950	28.7	117.9183309338
23	4971	28.8	117.9183309338
23	4992	28.9	117.9183309338
23	5013	29	117.9183309338
23	5034	29.1	117.9183309338
23	5055	29.2	117.9183309338
23	5076	29.3	117.9183309338
23	5097	29.4	117.9183309338
23	5118	29.5	117.9183309338
23	5139	29.6	117.9183309338
23	5160	29.7	117.9183309338
23	5181	29.8	117.9183309338
23	5202	29.9	117.9183309338
23	5223	30	117.9183309338
23	5244	30.1	117.9183309338
23	5265	30.2	117.9183309338
23	5286	30.3	117.9183309338
23	5307	30.4	117.9183309338
23	5328	30.5	117.9183309338
23	5349	30.6	117.9183309338
23	5370	30.7	117.9183309338
23	5391	30.8	117.9183309338
23	5412	30.9	117.9183309338
23	5433	31	117.9183309338
23	5454	31.1	117.9183309338
23	5475	31.2	117.9183309338
23	5496	31.3	117.9183309338
23	5517	31.4	117.9183309338
23	5538	31.5	117.9183309338
23	5559	31.6	117.9183309338
23	5580	31.7	117.9183309338
23	5601	31.8	117.9183309338
23	5622	31.9	117.9183309338
23	5643	32	117.9183309338
23	5664	32.1	117.9183309338
23	5685	32.2	117.9183309338
23	5706	32.3	117.9183309338
23	5727	32.4	117.9183309338
23	5748	32.5	117.9183309338
23	5769	32.6	117.9183309338
23	5790	32.7	117.9183309338
23	5811	32.8	117.9183309338
23	5832	32.9	117.9183309338
23	5853	33	117.9183309338
23	5874	33.1	117.9183309338
23	5895	33.2	117.9183309338
23	5916	33.3	117.9183309338
23	5937	33.4	117.9183309338
23	5958	33.5	117.9183309338
23	5979	33.6	117.9183309338
23	6000	33.7	117.9183309338
23	6021	33.8	117.9183309338
23	6042	33.9	117.9183309338
23	6063	34	117.9183309338
23	6084	34.1	117.9183309338
23	6105	34.2	117.9183309338
23	6126	34.3	117.9183309338
23	6147	34.4	117.9183309338
23	6168	34.5	117.9183309338
23	6189	34.6	117.9183309338
23	6210	34.7	117.9183309338
23	6231	34.8	117.9183309338
23	6252	34.9	117.9183309338
23	6273	35	117.9183309338
23	6294	35.1	117.9183309338
23	6315	35.2	117.9183309338
23	6336	35.3	117.9183309338
23	6357	35.4	117.9183309338
23	6378	35.5	117.9183309338
23	6399	35.6	117.9183309338
23	6420	35.7	117.9183309338
23	6441	35.8	117.9183309338
23	6462	35.9	117.9183309338
23	6483	36	117.9183309338
23	6504	36.1	117.9183309338
23	6525	36.2	117.9183309338
23	6546	36.3	117.9183309338
23	6567	36.4	117.9183309338
23	6588	36.5	117.9183309338
23	6609	36.6	117.9183309338
23	6630	36.7	117.9183309338
23	6651	36.8	117.9183309338
23	6672	36.9	117.9183309338
23	6693	37	117.9183309338
23	6714	37.1	117.9183309338
23	6735	37.2	117.9183309338
23	6756	37.3	117.9183309338
23	6777	37.4	117.9183309338
23	6798	37.5	117.9183309338
23	6819	37.6	117.9183309338
23	6840	37.7	117.9183309338
23	6861	37.8	117.9183309338
23	6882	37.9	117.9183309338
23	6903	38	117.9183309338
23	6924	38.1	117.9183309338
23	6945	38.2	117.9183309338
23	6966	38.3	117.9183309338
23	6987	38.4	117.9183309338
23	7008	38.5	117.9183309338
23	7029	38.6	117.9183309338
23	7050	38.7	117.9183309338
23	7071	38.8	117.9183309338
23	7092	38.9	117.9183309338
23	7113	39	117.9183309338
23	7134	39.1	117.9183309338
23	7155	39.2	117.9183309338
23	7176	39.3	117.9183309338
23	7197	39.4	117.9183309338
23	7218	39.5	117.9183309338
23	7239	39.6	117.9183309338
23	7260	39.7	117.9183309338
23	7281	39.8	117.9183309338
23	7302	39.9	117.9183309338
23	7323	40	117.9183309338
23	7344	40.1	117.9183309338
23	7365	40.2	117.9183309338
23	7386	40.3	117.9183309338
23	7407	40.4	117.9183309338
23	7428	40.5	117.9183309338
23	7449	40.6	117.9183309338
23	7470	40.7	117.9183309338
23	7491	40.8	117.9183309338
23	7512	40.9	117.9183309338
23	7533	41	117.9183309338
23	7554	41.1	117.9183309338
23	7575	41.2	117.9183309338
23	7596	41.3	117.9183309338
23	7617	41.4	117.9183309338
23	7638	41.5	117.9183309338
23	7659	41.6	117.9183309338
23	7680	41.7	117.9183309338
23	7701	41.8	117.9183309338
23	7722	41.9	117.9183309338
23	7743	42	117.9183309338
23	7764	42.1	117.9183309338
23	7785	42.2	117.9183309338
23	7806	42.3	117.9183309338
23	7827	42.4	117.9183309338
23	7848	42.5	117.9183309338
23	7869	42.6	117.9183309338
23	7890	42.7	117.9183309338
23	7911	42.8	117.9183309338
23	7932	42.9	117.9183309338
23	7953	43	117.9183309338
23	7974	43.1	117.9183309338
23	7995	43.2	117.9183309338
23	8016	43.3	117.9183309338
23	8037	43.4	117.9183309338
23	8058	43.5	117.9183309338
23	8079	43.6	117.9183309338
23	8100	43.7	117.9183309338
23	8121	43.8	117.9183309338
23	8142	43.9	117.9183309338
23	8163	44	117.9183309338
23	8184	44.1	117.9183309338
23	8205	44.2	117.9183309338
23	8226	44.3	117.9183309338
23	8247	44.4	117.9183309338
23	8268	44.5	117.9183309338
23	8289	44.6	117.9183309338
23	8310	44.7	117.9183309338
23	8331	44.8	117.9183309338
23	8352	44.9	117.9183309338
23	8373	45	117.9183309338
23	8394	45.1	117.9183309338
23	8415	45.2	117.9183309338
23	8436	45.3	117.9183309338
23	8457	45.4	117.9183309338
23	8478	45.5	117.9183309338
23	8499	45.6	117.9183309338
23	8520	45.7	117.9183309338
23	8541	45.8	117.9183309338
23	8562	45.9	117.9183309338
23	8583	46	117.9183309338
23	8604	46.1	117.9183309338
23	8625	46.2	117.9183309338
23	8646	46.3	117.9183309338
23	8667	46.4	117.9183309338
23	8688	46.5	117.9183309338
23	8710	46.6	117.9183309338
23	8730	46.7	117.9183309338
23	8749	46.8	117.9183309338
23	8768	46.9	117.9183309338
23	8787	47	117.9183309338
23	8806	47.1	117.9183309338
23	8825	47.2	117.9183309338
23	8844	47.3	117.9183309338
23	8863	47.4	117.9183309338
23	8882	47.5	117.9183309338
23	8901	47.6	117.9183309338
24	59	5.3	101.642
24	70	5.4	101.642
24	84	5.5	101.642
24	102	5.6	101.642
24	120	5.7	101.6417550932
24	141	5.8	101.6417550932
24	162	5.9	101.6417550932
24	183	6	101.6417550932
24	204	6.1	101.6417550932
24	225	6.2	101.6417550932
24	246	6.3	101.6417550932
24	267	6.4	101.6417550932
24	288	6.5	101.6417550932
24	309	6.6	101.6417550932
24	330	6.7	101.6417550932
24	351	6.8	101.6417550932
24	372	6.9	101.6417550932
24	393	7	101.6417550932
24	414	7.1	101.6417550932
24	435	7.2	101.6417550932
24	456	7.3	101.6417550932
24	477	7.4	101.6417550932
24	498	7.5	101.6417550932
24	519	7.6	101.6417550932
24	540	7.7	101.6417550932
24	561	7.8	101.6417550932
24	582	7.9	101.6417550932
24	603	8	101.6417550932
24	624	8.1	101.6417550932
24	645	8.2	101.6417550932
24	666	8.3	101.6417550932
24	687	8.4	101.6417550932
24	708	8.5	101.6417550932
24	729	8.6	101.6417550932
24	750	8.7	101.6417550932
24	771	8.8	101.6417550932
24	792	8.9	101.6417550932
24	813	9	101.6417550932
24	834	9.1	101.6417550932
24	855	9.2	101.6417550932
24	876	9.3	101.6417550932
24	897	9.4	101.6417550932
24	918	9.5	101.6417550932
24	939	9.6	101.6417550932
24	960	9.7	101.6417550932
24	981	9.8	101.6417550932
24	1002	9.9	101.6417550932
24	1023	10	101.6417550932
24	1044	10.1	101.6417550932
24	1065	10.2	101.6417550932
24	1086	10.3	101.6417550932
24	1107	10.4	101.6417550932
24	1128	10.5	101.6417550932
24	1149	10.6	101.6417550932
24	1170	10.7	101.6417550932
24	1191	10.8	101.6417550932
24	1212	10.9	101.6417550932
24	1233	11	101.6417550932
24	1254	11.1	101.6417550932
24	1275	11.2	101.6417550932
24	1296	11.3	101.6417550932
24	1317	11.4	101.6417550932
24	1338	11.5	101.6417550932
24	1359	11.6	101.6417550932
24	1380	11.7	101.6417550932
24	1401	11.8	101.6417550932
24	1422	11.9	101.6417550932
24	1443	12	101.6417550932
24	1464	12.1	101.6417550932
24	1485	12.2	101.6417550932
24	1506	12.3	101.6417550932
24	1527	12.4	101.6417550932
24	1548	12.5	101.6417550932
24	1569	12.6	101.6417550932
24	1590	12.7	101.6417550932
24	1611	12.8	101.6417550932
24	1632	12.9	101.6417550932
24	1653	13	101.6417550932
24	1674	13.1	101.6417550932
24	1695	13.2	101.6417550932
24	1716	13.3	101.6417550932
24	1737	13.4	101.6417550932
24	1758	13.5	101.6417550932
24	1779	13.6	101.6417550932
24	1800	13.7	101.6417550932
24	1821	13.8	101.6417550932
24	1842	13.9	101.6417550932
24	1863	14	101.6417550932
24	1884	14.1	101.6417550932
24	1905	14.2	101.6417550932
24	1926	14.3	101.6417550932
24	1947	14.4	101.6417550932
24	1968	14.5	101.6417550932
24	1989	14.6	101.6417550932
24	2010	14.7	101.6417550932
24	2031	14.8	101.6417550932
24	2052	14.9	101.6417550932
24	2073	15	101.6417550932
24	2094	15.1	101.6417550932
24	2115	15.2	101.6417550932
24	2136	15.3	101.6417550932
24	2157	15.4	101.6417550932
24	2178	15.5	101.6417550932
24	2199	15.6	101.6417550932
24	2220	15.7	101.6417550932
24	2241	15.8	101.6417550932
24	2262	15.9	101.6417550932
24	2283	16	101.6417550932
24	2304	16.1	101.6417550932
24	2325	16.2	101.6417550932
24	2346	16.3	101.6417550932
24	2367	16.4	101.6417550932
24	2388	16.5	101.6417550932
24	2409	16.6	101.6417550932
24	2430	16.7	101.6417550932
24	2451	16.8	101.6417550932
24	2472	16.9	101.6417550932
24	2493	17	101.6417550932
24	2514	17.1	101.6417550932
24	2535	17.2	101.6417550932
24	2556	17.3	101.6417550932
24	2577	17.4	101.6417550932
24	2598	17.5	101.6417550932
24	2619	17.6	101.6417550932
24	2640	17.7	101.6417550932
24	2661	17.8	101.6417550932
24	2682	17.9	101.6417550932
24	2703	18	101.6417550932
24	2724	18.1	101.6417550932
24	2745	18.2	101.6417550932
24	2766	18.3	101.6417550932
24	2787	18.4	101.6417550932
24	2808	18.5	101.6417550932
24	2829	18.6	101.6417550932
24	2850	18.7	101.6417550932
24	2871	18.8	101.6417550932
24	2892	18.9	101.6417550932
24	2913	19	101.6417550932
24	2934	19.1	101.6417550932
24	2955	19.2	101.6417550932
24	2976	19.3	101.6417550932
24	2997	19.4	101.6417550932
24	3018	19.5	101.6417550932
24	3039	19.6	101.6417550932
24	3060	19.7	101.6417550932
24	3081	19.8	101.6417550932
24	3102	19.9	101.6417550932
24	3123	20	101.6417550932
24	3144	20.1	101.6417550932
24	3165	20.2	101.6417550932
24	3186	20.3	101.6417550932
24	3207	20.4	101.6417550932
24	3228	20.5	101.6417550932
24	3249	20.6	101.6417550932
24	3270	20.7	101.6417550932
24	3291	20.8	101.6417550932
24	3312	20.9	101.6417550932
24	3333	21	101.6417550932
24	3354	21.1	101.6417550932
24	3375	21.2	101.6417550932
24	3396	21.3	101.6417550932
24	3417	21.4	101.6417550932
24	3438	21.5	101.6417550932
24	3459	21.6	101.6417550932
24	3480	21.7	101.6417550932
24	3501	21.8	101.6417550932
24	3522	21.9	101.6417550932
24	3543	22	101.6417550932
24	3564	22.1	101.6417550932
24	3585	22.2	101.6417550932
24	3606	22.3	101.6417550932
24	3627	22.4	101.6417550932
24	3648	22.5	101.6417550932
24	3669	22.6	101.6417550932
24	3690	22.7	101.6417550932
24	3711	22.8	101.6417550932
24	3732	22.9	101.6417550932
24	3753	23	101.6417550932
24	3774	23.1	101.6417550932
24	3795	23.2	101.6417550932
24	3816	23.3	101.6417550932
24	3837	23.4	101.6417550932
24	3858	23.5	101.6417550932
24	3879	23.6	101.6417550932
24	3900	23.7	101.6417550932
24	3921	23.8	101.6417550932
24	3942	23.9	101.6417550932
24	3963	24	101.6417550932
24	3984	24.1	101.6417550932
24	4005	24.2	101.6417550932
24	4026	24.3	101.6417550932
24	4047	24.4	101.6417550932
24	4068	24.5	101.6417550932
24	4089	24.6	101.6417550932
24	4110	24.7	101.6417550932
24	4131	24.8	101.6417550932
24	4152	24.9	101.6417550932
24	4173	25	101.6417550932
24	4194	25.1	101.6417550932
24	4215	25.2	101.6417550932
24	4236	25.3	101.6417550932
24	4257	25.4	101.6417550932
24	4278	25.5	101.6417550932
24	4299	25.6	101.6417550932
24	4320	25.7	101.6417550932
24	4341	25.8	101.6417550932
24	4362	25.9	101.6417550932
24	4383	26	101.6417550932
24	4404	26.1	101.6417550932
24	4425	26.2	101.6417550932
24	4446	26.3	101.6417550932
24	4467	26.4	101.6417550932
24	4488	26.5	101.6417550932
24	4509	26.6	101.6417550932
24	4530	26.7	101.6417550932
24	4551	26.8	101.6417550932
24	4572	26.9	101.6417550932
24	4593	27	101.6417550932
24	4614	27.1	101.6417550932
24	4635	27.2	101.6417550932
24	4656	27.3	101.6417550932
24	4677	27.4	101.6417550932
24	4698	27.5	101.6417550932
24	4719	27.6	101.6417550932
24	4740	27.7	101.6417550932
24	4761	27.8	101.6417550932
24	4782	27.9	101.6417550932
24	4803	28	101.6417550932
24	4824	28.1	101.6417550932
24	4845	28.2	101.6417550932
24	4866	28.3	101.6417550932
24	4887	28.4	101.6417550932
24	4908	28.5	101.6417550932
24	4929	28.6	101.6417550932
24	4950	28.7	101.6417550932
24	4971	28.8	101.6417550932
24	4992	28.9	101.6417550932
24	5013	29	101.6417550932
24	5034	29.1	101.6417550932
24	5055	29.2	101.6417550932
24	5076	29.3	101.6417550932
24	5097	29.4	101.6417550932
24	5118	29.5	101.6417550932
24	5139	29.6	101.6417550932
24	5160	29.7	101.6417550932
24	5181	29.8	101.6417550932
24	5202	29.9	101.6417550932
24	5223	30	101.6417550932
24	5244	30.1	101.6417550932
24	5265	30.2	101.6417550932
24	5286	30.3	101.6417550932
24	5307	30.4	101.6417550932
24	5328	30.5	101.6417550932
24	5349	30.6	101.6417550932
24	5370	30.7	101.6417550932
24	5391	30.8	101.6417550932
24	5412	30.9	101.6417550932
24	5433	31	101.6417550932
24	5454	31.1	101.6417550932
24	5475	31.2	101.6417550932
24	5496	31.3	101.6417550932
24	5517	31.4	101.6417550932
24	5538	31.5	101.6417550932
24	5559	31.6	101.6417550932
24	5580	31.7	101.6417550932
24	5601	31.8	101.6417550932
24	5622	31.9	101.6417550932
24	5643	32	101.6417550932
24	5664	32.1	101.6417550932
24	5685	32.2	101.6417550932
24	5706	32.3	101.6417550932
24	5727	32.4	101.6417550932
24	5748	32.5	101.6417550932
24	5769	32.6	101.6417550932
24	5790	32.7	101.6417550932
24	5811	32.8	101.6417550932
24	5832	32.9	101.6417550932
24	5853	33	101.6417550932
24	5874	33.1	101.6417550932
24	5895	33.2	101.6417550932
24	5916	33.3	101.6417550932
24	5937	33.4	101.6417550932
24	5958	33.5	101.6417550932
24	5979	33.6	101.6417550932
24	6000	33.7	101.6417550932
24	6021	33.8	101.6417550932
24	6042	33.9	101.6417550932
24	6063	34	101.6417550932
24	6084	34.1	101.6417550932
24	6105	34.2	101.6417550932
24	6126	34.3	101.6417550932
24	6147	34.4	101.6417550932
24	6168	34.5	101.6417550932
24	6189	34.6	101.6417550932
24	6210	34.7	101.6417550932
24	6231	34.8	101.6417550932
24	6252	34.9	101.6417550932
24	6273	35	101.6417550932
24	6294	35.1	101.6417550932
24	6315	35.2	101.6417550932
24	6336	35.3	101.6417550932
24	6357	35.4	101.6417550932
24	6378	35.5	101.6417550932
24	6399	35.6	101.6417550932
24	6420	35.7	101.6417550932
24	6441	35.8	101.6417550932
24	6462	35.9	101.6417550932
24	6483	36	101.6417550932
24	6504	36.1	101.6417550932
24	6525	36.2	101.6417550932
24	6546	36.3	101.6417550932
24	6567	36.4	101.6417550932
24	6588	36.5	101.6417550932
24	6609	36.6	101.6417550932
24	6630	36.7	101.6417550932
24	6651	36.8	101.6417550932
24	6672	36.9	101.6417550932
24	6693	37	101.6417550932
24	6714	37.1	101.6417550932
24	6735	37.2	101.6417550932
24	6756	37.3	101.6417550932
24	6777	37.4	101.6417550932
24	6798	37.5	101.6417550932
24	6819	37.6	101.6417550932
24	6840	37.7	101.6417550932
24	6861	37.8	101.6417550932
24	6882	37.9	101.6417550932
24	6903	38	101.6417550932
24	6924	38.1	101.6417550932
24	6945	38.2	101.6417550932
24	6966	38.3	101.6417550932
24	6987	38.4	101.6417550932
24	7008	38.5	101.6417550932
24	7029	38.6	101.6417550932
24	7050	38.7	101.6417550932
24	7071	38.8	101.6417550932
24	7092	38.9	101.6417550932
24	7113	39	101.6417550932
24	7134	39.1	101.6417550932
24	7155	39.2	101.6417550932
24	7176	39.3	101.6417550932
24	7197	39.4	101.6417550932
24	7218	39.5	101.6417550932
24	7239	39.6	101.6417550932
24	7260	39.7	101.6417550932
24	7281	39.8	101.6417550932
24	7302	39.9	101.6417550932
24	7323	40	101.6417550932
24	7344	40.1	101.6417550932
24	7365	40.2	101.6417550932
24	7386	40.3	101.6417550932
24	7407	40.4	101.6417550932
24	7428	40.5	101.6417550932
24	7449	40.6	101.6417550932
24	7470	40.7	101.6417550932
24	7491	40.8	101.6417550932
24	7512	40.9	101.6417550932
24	7533	41	101.6417550932
24	7554	41.1	101.6417550932
24	7575	41.2	101.6417550932
24	7596	41.3	101.6417550932
24	7617	41.4	101.6417550932
24	7638	41.5	101.6417550932
24	7659	41.6	101.6417550932
24	7680	41.7	101.6417550932
24	7701	41.8	101.6417550932
24	7722	41.9	101.6417550932
24	7743	42	101.6417550932
24	7764	42.1	101.6417550932
24	7785	42.2	101.6417550932
24	7806	42.3	101.6417550932
24	7827	42.4	101.6417550932
24	7848	42.5	101.6417550932
24	7869	42.6	101.6417550932
24	7890	42.7	101.6417550932
24	7911	42.8	101.6417550932
24	7932	42.9	101.6417550932
24	7953	43	101.6417550932
24	7974	43.1	101.6417550932
24	7995	43.2	101.6417550932
24	8016	43.3	101.6417550932
24	8037	43.4	101.6417550932
24	8058	43.5	101.6417550932
24	8079	43.6	101.6417550932
24	8100	43.7	101.6417550932
24	8121	43.8	101.6417550932
24	8142	43.9	101.6417550932
24	8163	44	101.6417550932
24	8184	44.1	101.6417550932
24	8205	44.2	101.6417550932
24	8226	44.3	101.6417550932
24	8247	44.4	101.6417550932
24	8268	44.5	101.6417550932
24	8289	44.6	101.6417550932
24	8310	44.7	101.6417550932
24	8331	44.8	101.6417550932
24	8352	44.9	101.6417550932
24	8373	45	101.6417550932
24	8394	45.1	101.6417550932
24	8415	45.2	101.6417550932
24	8436	45.3	101.6417550932
24	8457	45.4	101.6417550932
24	8478	45.5	101.6417550932
24	8499	45.6	101.6417550932
24	8520	45.7	101.6417550932
24	8541	45.8	101.6417550932
24	8562	45.9	101.6417550932
24	8583	46	101.6417550932
24	8604	46.1	101.6417550932
24	8625	46.2	101.6417550932
24	8646	46.3	101.6417550932
24	8667	46.4	101.6417550932
24	8688	46.5	101.6417550932
24	8710	46.6	101.6417550932
24	8730	46.7	101.6417550932
24	8749	46.8	101.6417550932
24	8768	46.9	101.6417550932
24	8787	47	101.6417550932
24	8806	47.1	101.6417550932
24	8825	47.2	101.6417550932
24	8844	47.3	101.6417550932
24	8863	47.4	101.6417550932
24	8882	47.5	101.6417550932
24	8901	47.6	101.6417550932
25	59	5.3	-4.9500000000001
25	70	5.4	0
25	84	5.5	5.2
25	102	5.6	0
25	120	5.7	-5.2
25	141	5.8	0
25	162	5.9	0
25	183	6	0
25	204	6.1	0
25	225	6.2	0
25	246	6.3	0
25	267	6.4	0
25	288	6.5	0
25	309	6.6	0
25	330	6.7	0
25	351	6.8	0
25	372	6.9	0
25	393	7	0
25	414	7.1	0
25	435	7.2	0
25	456	7.3	0
25	477	7.4	0
25	498	7.5	0
25	519	7.6	0
25	540	7.7	0
25	561	7.8	0
25	582	7.9	0
25	603	8	0
25	624	8.1	0
25	645	8.2	0
25	666	8.3	0
25	687	8.4	0
25	708	8.5	0
25	729	8.6	0
25	750	8.7	0
25	771	8.8	0
25	792	8.9	0
25	813	9	0
25	834	9.1	0
25	855	9.2	0
25	876	9.3	0
25	897	9.4	0
25	918	9.5	0
25	939	9.6	0
25	960	9.7	0
25	981	9.8	0
25	1002	9.9	0
25	1023	10	0
25	1044	10.1	0
25	1065	10.2	0
25	1086	10.3	0
25	1107	10.4	0
25	1128	10.5	0
25	1149	10.6	0
25	1170	10.7	0
25	1191	10.8	0
25	1212	10.9	0
25	1233	11	0
25	1254	11.1	0
25	1275	11.2	0
25	1296	11.3	0
25	1317	11.4	0
25	1338	11.5	0
25	1359	11.6	0
25	1380	11.7	0
25	1401	11.8	0
25	1422	11.9	0
25	1443	12	0
25	1464	12.1	0
25	1485	12.2	0
25	1506	12.3	0
25	1527	12.4	0
25	1548	12.5	0
25	1569	12.6	0
25	1590	12.7	0
25	1611	12.8	0
25	1632	12.9	0
25	1653	13	0
25	1674	13.1	0
25	1695	13.2	0
25	1716	13.3	0
25	1737	13.4	0
25	1758	13.5	0
25	1779	13.6	0
25	1800	13.7	0
25	1821	13.8	0
25	1842	13.9	0
25	1863	14	0
25	1884	14.1	0
25	1905	14.2	0
25	1926	14.3	0
25	1947	14.4	0
25	1968	14.5	0
25	1989	14.6	0
25	2010	14.7	0
25	2031	14.8	0
25	2052	14.9	0
25	2073	15	0
25	2094	15.1	0
25	2115	15.2	0
25	2136	15.3	0
25	2157	15.4	0
25	2178	15.5	0
25	2199	15.6	0
25	2220	15.7	0
25	2241	15.8	0
25	2262	15.9	0
25	2283	16	0
25	2304	16.1	0
25	2325	16.2	0
25	2346	16.3	0
25	2367	16.4	0
25	2388	16.5	0
25	2409	16.6	0
25	2430	16.7	0
25	2451	16.8	0
25	2472	16.9	0
25	2493	17	0
25	2514	17.1	0
25	2535	17.2	0
25	2556	17.3	0
25	2577	17.4	0
25	2598	17.5	0
25	2619	17.6	0
25	2640	17.7	0
25	2661	17.8	0
25	2682	17.9	0
25	2703	18	0
25	2724	18.1	0
25	2745	18.2	0
25	2766	18.3	0
25	2787	18.4	0
25	2808	18.5	0
25	2829	18.6	0
25	2850	18.7	0
25	2871	18.8	0
25	2892	18.9	0
25	2913	19	0
25	2934	19.1	0
25	2955	19.2	0
25	2976	19.3	0
25	2997	19.4	0
25	3018	19.5	0
25	3039	19.6	0
25	3060	19.7	0
25	3081	19.8	0
25	3102	19.9	0
25	3123	20	0
25	3144	20.1	0
25	3165	20.2	0
25	3186	20.3	0
25	3207	20.4	0
25	3228	20.5	0
25	3249	20.6	0
25	3270	20.7	0
25	3291	20.8	0
25	3312	20.9	0
25	3333	21	0
25	3354	21.1	0
25	3375	21.2	0
25	3396	21.3	0
25	3417	21.4	0
25	3438	21.5	0
25	3459	21.6	0
25	3480	21.7	0
25	3501	21.8	0
25	3522	21.9	0
25	3543	22	0
25	3564	22.1	0
25	3585	22.2	0
25	3606	22.3	0
25	3627	22.4	0
25	3648	22.5	0
25	3669	22.6	0
25	3690	22.7	0
25	3711	22.8	0
25	3732	22.9	0
25	3753	23	0
25	3774	23.1	0
25	3795	23.2	0
25	3816	23.3	0
25	3837	23.4	0
25	3858	23.5	0
25	3879	23.6	0
25	3900	23.7	0
25	3921	23.8	0
25	3942	23.9	0
25	3963	24	0
25	3984	24.1	0
25	4005	24.2	0
25	4026	24.3	0
25	4047	24.4	0
25	4068	24.5	0
25	4089	24.6	0
25	4110	24.7	0
25	4131	24.8	0
25	4152	24.9	0
25	4173	25	0
25	4194	25.1	0
25	4215	25.2	0
25	4236	25.3	0
25	4257	25.4	0
25	4278	25.5	0
25	4299	25.6	0
25	4320	25.7	0
25	4341	25.8	0
25	4362	25.9	0
25	4383	26	0
25	4404	26.1	0
25	4425	26.2	0
25	4446	26.3	0
25	4467	26.4	0
25	4488	26.5	0
25	4509	26.6	0
25	4530	26.7	0
25	4551	26.8	0
25	4572	26.9	0
25	4593	27	0
25	4614	27.1	0
25	4635	27.2	0
25	4656	27.3	0
25	4677	27.4	0
25	4698	27.5	0
25	4719	27.6	0
25	4740	27.7	0
25	4761	27.8	0
25	4782	27.9	0
25	4803	28	0
25	4824	28.1	0
25	4845	28.2	0
25	4866	28.3	0
25	4887	28.4	0
25	4908	28.5	0
25	4929	28.6	0
25	4950	28.7	0
25	4971	28.8	0
25	4992	28.9	0
25	5013	29	0
25	5034	29.1	0
25	5055	29.2	0
25	5076	29.3	0
25	5097	29.4	0
25	5118	29.5	0
25	5139	29.6	0
25	5160	29.7	0
25	5181	29.8	0
25	5202	29.9	0
25	5223	30	0
25	5244	30.1	0
25	5265	30.2	0
25	5286	30.3	0
25	5307	30.4	0
25	5328	30.5	0
25	5349	30.6	0
25	5370	30.7	0
25	5391	30.8	0
25	5412	30.9	0
25	5433	31	0
25	5454	31.1	0
25	5475	31.2	0
25	5496	31.3	0
25	5517	31.4	0
25	5538	31.5	0
25	5559	31.6	0
25	5580	31.7	0
25	5601	31.8	0
25	5622	31.9	0
25	5643	32	0
25	5664	32.1	0
25	5685	32.2	0
25	5706	32.3	0
25	5727	32.4	0
25	5748	32.5	0
25	5769	32.6	0
25	5790	32.7	0
25	5811	32.8	0
25	5832	32.9	0
25	5853	33	0
25	5874	33.1	0
25	5895	33.2	0
25	5916	33.3	0
25	5937	33.4	0
25	5958	33.5	0
25	5979	33.6	0
25	6000	33.7	0
25	6021	33.8	0
25	6042	33.9	0
25	6063	34	0
25	6084	34.1	0
25	6105	34.2	0
25	6126	34.3	0
25	6147	34.4	0
25	6168	34.5	0
25	6189	34.6	0
25	6210	34.7	0
25	6231	34.8	0
25	6252	34.9	0
25	6273	35	0
25	6294	35.1	0
25	6315	35.2	0
25	6336	35.3	0
25	6357	35.4	0
25	6378	35.5	0
25	6399	35.6	0
25	6420	35.7	0
25	6441	35.8	0
25	6462	35.9	0
25	6483	36	0
25	6504	36.1	0
25	6525	36.2	0
25	6546	36.3	0
25	6567	36.4	0
25	6588	36.5	0
25	6609	36.6	0
25	6630	36.7	0
25	6651	36.8	0
25	6672	36.9	0
25	6693	37	0
25	6714	37.1	0
25	6735	37.2	0
25	6756	37.3	0
25	6777	37.4	0
25	6798	37.5	0
25	6819	37.6	0
25	6840	37.7	0
25	6861	37.8	0
25	6882	37.9	0
25	6903	38	0
25	6924	38.1	0
25	6945	38.2	0
25	6966	38.3	0
25	6987	38.4	0
25	7008	38.5	0
25	7029	38.6	0
25	7050	38.7	0
25	7071	38.8	0
25	7092	38.9	0
25	7113	39	0
25	7134	39.1	0
25	7155	39.2	0
25	7176	39.3	0
25	7197	39.4	0
25	7218	39.5	0
25	7239	39.6	0
25	7260	39.7	0
25	7281	39.8	0
25	7302	39.9	0
25	7323	40	0
25	7344	40.1	0
25	7365	40.2	0
25	7386	40.3	0
25	7407	40.4	0
25	7428	40.5	0
25	7449	40.6	0
25	7470	40.7	0
25	7491	40.8	0
25	7512	40.9	0
25	7533	41	0
25	7554	41.1	0
25	7575	41.2	0
25	7596	41.3	0
25	7617	41.4	0
25	7638	41.5	0
25	7659	41.6	0
25	7680	41.7	0
25	7701	41.8	0
25	7722	41.9	0
25	7743	42	0
25	7764	42.1	0
25	7785	42.2	0
25	7806	42.3	0
25	7827	42.4	0
25	7848	42.5	0
25	7869	42.6	0
25	7890	42.7	0
25	7911	42.8	0
25	7932	42.9	0
25	7953	43	0
25	7974	43.1	0
25	7995	43.2	0
25	8016	43.3	0
25	8037	43.4	0
25	8058	43.5	0
25	8079	43.6	0
25	8100	43.7	0
25	8121	43.8	0
25	8142	43.9	0
25	8163	44	0
25	8184	44.1	0
25	8205	44.2	0
25	8226	44.3	0
25	8247	44.4	0
25	8268	44.5	0
25	8289	44.6	0
25	8310	44.7	0
25	8331	44.8	0
25	8352	44.9	0
25	8373	45	0
25	8394	45.1	0
25	8415	45.2	0
25	8436	45.3	0
25	8457	45.4	0
25	8478	45.5	0
25	8499	45.6	0
25	8520	45.7	0
25	8541	45.8	0
25	8562	45.9	0
25	8583	46	0
25	8604	46.1	0
25	8625	46.2	0
25	8646	46.3	0
25	8667	46.4	0
25	8688	46.5	0
25	8710	46.6	0
25	8730	46.7	0
25	8749	46.8	0
25	8768	46.9	0
25	8787	47	0
25	8806	47.1	0
25	8825	47.2	0
25	8844	47.3	0
25	8863	47.4	0
25	8882	47.5	0
25	8901	47.6	0
26	59	5.3	0.973
26	70	5.4	0.973
26	84	5.5	1.7867617892096
26	102	5.6	1.1350977892096
26	120	5.7	0.973
26	141	5.8	0.973
26	162	5.9	0.973
26	183	6	0.973
26	204	6.1	0.973
26	225	6.2	0.973
26	246	6.3	0.973
26	267	6.4	0.973
26	288	6.5	0.973
26	309	6.6	0.973
26	330	6.7	0.973
26	351	6.8	0.973
26	372	6.9	0.973
26	393	7	0.973
26	414	7.1	0.973
26	435	7.2	0.973
26	456	7.3	0.973
26	477	7.4	0.973
26	498	7.5	0.973
26	519	7.6	0.973
26	540	7.7	0.973
26	561	7.8	0.973
26	582	7.9	0.973
26	603	8	0.973
26	624	8.1	0.973
26	645	8.2	0.973
26	666	8.3	0.973
26	687	8.4	0.973
26	708	8.5	0.973
26	729	8.6	0.973
26	750	8.7	0.973
26	771	8.8	0.973
26	792	8.9	0.973
26	813	9	0.973
26	834	9.1	0.973
26	855	9.2	0.973
26	876	9.3	0.973
26	897	9.4	0.973
26	918	9.5	0.973
26	939	9.6	0.973
26	960	9.7	0.973
26	981	9.8	0.973
26	1002	9.9	0.973
26	1023	10	0.973
26	1044	10.1	0.973
26	1065	10.2	0.973
26	1086	10.3	0.973
26	1107	10.4	0.973
26	1128	10.5	0.973
26	1149	10.6	0.973
26	1170	10.7	0.973
26	1191	10.8	0.973
26	1212	10.9	0.973
26	1233	11	0.973
26	1254	11.1	0.973
26	1275	11.2	0.973
26	1296	11.3	0.973
26	1317	11.4	0.973
26	1338	11.5	0.973
26	1359	11.6	0.973
26	1380	11.7	0.973
26	1401	11.8	0.973
26	1422	11.9	0.973
26	1443	12	0.973
26	1464	12.1	0.973
26	1485	12.2	0.973
26	1506	12.3	0.973
26	1527	12.4	0.973
26	1548	12.5	0.973
26	1569	12.6	0.973
26	1590	12.7	0.973
26	1611	12.8	0.973
26	1632	12.9	0.973
26	1653	13	0.973
26	1674	13.1	0.973
26	1695	13.2	0.973
26	1716	13.3	0.973
26	1737	13.4	0.973
26	1758	13.5	0.973
26	1779	13.6	0.973
26	1800	13.7	0.973
26	1821	13.8	0.973
26	1842	13.9	0.973
26	1863	14	0.973
26	1884	14.1	0.973
26	1905	14.2	0.973
26	1926	14.3	0.973
26	1947	14.4	0.973
26	1968	14.5	0.973
26	1989	14.6	0.973
26	2010	14.7	0.973
26	2031	14.8	0.973
26	2052	14.9	0.973
26	2073	15	0.973
26	2094	15.1	0.973
26	2115	15.2	0.973
26	2136	15.3	0.973
26	2157	15.4	0.973
26	2178	15.5	0.973
26	2199	15.6	0.973
26	2220	15.7	0.973
26	2241	15.8	0.973
26	2262	15.9	0.973
26	2283	16	0.973
26	2304	16.1	0.973
26	2325	16.2	0.973
26	2346	16.3	0.973
26	2367	16.4	0.973
26	2388	16.5	0.973
26	2409	16.6	0.973
26	2430	16.7	0.973
26	2451	16.8	0.973
26	2472	16.9	0.973
26	2493	17	0.973
26	2514	17.1	0.973
26	2535	17.2	0.973
26	2556	17.3	0.973
26	2577	17.4	0.973
26	2598	17.5	0.973
26	2619	17.6	0.973
26	2640	17.7	0.973
26	2661	17.8	0.973
26	2682	17.9	0.973
26	2703	18	0.973
26	2724	18.1	0.973
26	2745	18.2	0.973
26	2766	18.3	0.973
26	2787	18.4	0.973
26	2808	18.5	0.973
26	2829	18.6	0.973
26	2850	18.7	0.973
26	2871	18.8	0.973
26	2892	18.9	0.973
26	2913	19	0.973
26	2934	19.1	0.973
26	2955	19.2	0.973
26	2976	19.3	0.973
26	2997	19.4	0.973
26	3018	19.5	0.973
26	3039	19.6	0.973
26	3060	19.7	0.973
26	3081	19.8	0.973
26	3102	19.9	0.973
26	3123	20	0.973
26	3144	20.1	0.973
26	3165	20.2	0.973
26	3186	20.3	0.973
26	3207	20.4	0.973
26	3228	20.5	0.973
26	3249	20.6	0.973
26	3270	20.7	0.973
26	3291	20.8	0.973
26	3312	20.9	0.973
26	3333	21	0.973
26	3354	21.1	0.973
26	3375	21.2	0.973
26	3396	21.3	0.973
26	3417	21.4	0.973
26	3438	21.5	0.973
26	3459	21.6	0.973
26	3480	21.7	0.973
26	3501	21.8	0.973
26	3522	21.9	0.973
26	3543	22	0.973
26	3564	22.1	0.973
26	3585	22.2	0.973
26	3606	22.3	0.973
26	3627	22.4	0.973
26	3648	22.5	0.973
26	3669	22.6	0.973
26	3690	22.7	0.973
26	3711	22.8	0.973
26	3732	22.9	0.973
26	3753	23	0.973
26	3774	23.1	0.973
26	3795	23.2	0.973
26	3816	23.3	0.973
26	3837	23.4	0.973
26	3858	23.5	0.973
26	3879	23.6	0.973
26	3900	23.7	0.973
26	3921	23.8	0.973
26	3942	23.9	0.973
26	3963	24	0.973
26	3984	24.1	0.973
26	4005	24.2	0.973
26	4026	24.3	0.973
26	4047	24.4	0.973
26	4068	24.5	0.973
26	4089	24.6	0.973
26	4110	24.7	0.973
26	4131	24.8	0.973
26	4152	24.9	0.973
26	4173	25	0.973
26	4194	25.1	0.973
26	4215	25.2	0.973
26	4236	25.3	0.973
26	4257	25.4	0.973
26	4278	25.5	0.973
26	4299	25.6	0.973
26	4320	25.7	0.973
26	4341	25.8	0.973
26	4362	25.9	0.973
26	4383	26	0.973
26	4404	26.1	0.973
26	4425	26.2	0.973
26	4446	26.3	0.973
26	4467	26.4	0.973
26	4488	26.5	0.973
26	4509	26.6	0.973
26	4530	26.7	0.973
26	4551	26.8	0.973
26	4572	26.9	0.973
26	4593	27	0.973
26	4614	27.1	0.973
26	4635	27.2	0.973
26	4656	27.3	0.973
26	4677	27.4	0.973
26	4698	27.5	0.973
26	4719	27.6	0.973
26	4740	27.7	0.973
26	4761	27.8	0.973
26	4782	27.9	0.973
26	4803	28	0.973
26	4824	28.1	0.973
26	4845	28.2	0.973
26	4866	28.3	0.973
26	4887	28.4	0.973
26	4908	28.5	0.973
26	4929	28.6	0.973
26	4950	28.7	0.973
26	4971	28.8	0.973
26	4992	28.9	0.973
26	5013	29	0.973
26	5034	29.1	0.973
26	5055	29.2	0.973
26	5076	29.3	0.973
26	5097	29.4	0.973
26	5118	29.5	0.973
26	5139	29.6	0.973
26	5160	29.7	0.973
26	5181	29.8	0.973
26	5202	29.9	0.973
26	5223	30	0.973
26	5244	30.1	0.973
26	5265	30.2	0.973
26	5286	30.3	0.973
26	5307	30.4	0.973
26	5328	30.5	0.973
26	5349	30.6	0.973
26	5370	30.7	0.973
26	5391	30.8	0.973
26	5412	30.9	0.973
26	5433	31	0.973
26	5454	31.1	0.973
26	5475	31.2	0.973
26	5496	31.3	0.973
26	5517	31.4	0.973
26	5538	31.5	0.973
26	5559	31.6	0.973
26	5580	31.7	0.973
26	5601	31.8	0.973
26	5622	31.9	0.973
26	5643	32	0.973
26	5664	32.1	0.973
26	5685	32.2	0.973
26	5706	32.3	0.973
26	5727	32.4	0.973
26	5748	32.5	0.973
26	5769	32.6	0.973
26	5790	32.7	0.973
26	5811	32.8	0.973
26	5832	32.9	0.973
26	5853	33	0.973
26	5874	33.1	0.973
26	5895	33.2	0.973
26	5916	33.3	0.973
26	5937	33.4	0.973
26	5958	33.5	0.973
26	5979	33.6	0.973
26	6000	33.7	0.973
26	6021	33.8	0.973
26	6042	33.9	0.973
26	6063	34	0.973
26	6084	34.1	0.973
26	6105	34.2	0.973
26	6126	34.3	0.973
26	6147	34.4	0.973
26	6168	34.5	0.973
26	6189	34.6	0.973
26	6210	34.7	0.973
26	6231	34.8	0.973
26	6252	34.9	0.973
26	6273	35	0.973
26	6294	35.1	0.973
26	6315	35.2	0.973
26	6336	35.3	0.973
26	6357	35.4	0.973
26	6378	35.5	0.973
26	6399	35.6	0.973
26	6420	35.7	0.973
26	6441	35.8	0.973
26	6462	35.9	0.973
26	6483	36	0.973
26	6504	36.1	0.973
26	6525	36.2	0.973
26	6546	36.3	0.973
26	6567	36.4	0.973
26	6588	36.5	0.973
26	6609	36.6	0.973
26	6630	36.7	0.973
26	6651	36.8	0.973
26	6672	36.9	0.973
26	6693	37	0.973
26	6714	37.1	0.973
26	6735	37.2	0.973
26	6756	37.3	0.973
26	6777	37.4	0.973
26	6798	37.5	0.973
26	6819	37.6	0.973
26	6840	37.7	0.973
26	6861	37.8	0.973
26	6882	37.9	0.973
26	6903	38	0.973
26	6924	38.1	0.973
26	6945	38.2	0.973
26	6966	38.3	0.973
26	6987	38.4	0.973
26	7008	38.5	0.973
26	7029	38.6	0.973
26	7050	38.7	0.973
26	7071	38.8	0.973
26	7092	38.9	0.973
26	7113	39	0.973
26	7134	39.1	0.973
26	7155	39.2	0.973
26	7176	39.3	0.973
26	7197	39.4	0.973
26	7218	39.5	0.973
26	7239	39.6	0.973
26	7260	39.7	0.973
26	7281	39.8	0.973
26	7302	39.9	0.973
26	7323	40	0.973
26	7344	40.1	0.973
26	7365	40.2	0.973
26	7386	40.3	0.973
26	7407	40.4	0.973
26	7428	40.5	0.973
26	7449	40.6	0.973
26	7470	40.7	0.973
26	7491	40.8	0.973
26	7512	40.9	0.973
26	7533	41	0.973
26	7554	41.1	0.973
26	7575	41.2	0.973
26	7596	41.3	0.973
26	7617	41.4	0.973
26	7638	41.5	0.973
26	7659	41.6	0.973
26	7680	41.7	0.973
26	7701	41.8	0.973
26	7722	41.9	0.973
26	7743	42	0.973
26	7764	42.1	0.973
26	7785	42.2	0.973
26	7806	42.3	0.973
26	7827	42.4	0.973
26	7848	42.5	0.973
26	7869	42.6	0.973
26	7890	42.7	0.973
26	7911	42.8	0.973
26	7932	42.9	0.973
26	7953	43	0.973
26	7974	43.1	0.973
26	7995	43.2	0.973
26	8016	43.3	0.973
26	8037	43.4	0.973
26	8058	43.5	0.973
26	8079	43.6	0.973
26	8100	43.7	0.973
26	8121	43.8	0.973
26	8142	43.9	0.973
26	8163	44	0.973
26	8184	44.1	0.973
26	8205	44.2	0.973
26	8226	44.3	0.973
26	8247	44.4	0.973
26	8268	44.5	0.973
26	8289	44.6	0.973
26	8310	44.7	0.973
26	8331	44.8	0.973
26	8352	44.9	0.973
26	8373	45	0.973
26	8394	45.1	0.973
26	8415	45.2	0.973
26	8436	45.3	0.973
26	8457	45.4	0.973
26	8478	45.5	0.973
26	8499	45.6	0.973
26	8520	45.7	0.973
26	8541	45.8	0.973
26	8562	45.9	0.973
26	8583	46	0.973
26	8604	46.1	0.973
26	8625	46.2	0.973
26	8646	46.3	0.973
26	8667	46.4	0.973
26	8688	46.5	0.973
26	8710	46.6	0.973
26	8730	46.7	0.973
26	8749	46.8	0.973
26	8768	46.9	0.973
26	8787	47	0.973
26	8806	47.1	0.973
26	8825	47.2	0.973
26	8844	47.3	0.973
26	8863	47.4	0.973
26	8882	47.5	0.973
26	8901	47.6	0.973
27	70	5.4	0.49500000000001
27	84	5.5	0
27	102	5.6	0
27	120	5.7	0.0013224232864281
27	141	5.8	0.0013224232864281
27	162	5.9	0
27	183	6	0
27	204	6.1	0
27	225	6.2	0
27	246	6.3	0
27	267	6.4	0
27	288	6.5	0
27	309	6.6	0
27	330	6.7	0
27	351	6.8	0
27	372	6.9	0
27	393	7	0
27	414	7.1	0
27	435	7.2	0
27	456	7.3	0
27	477	7.4	0
27	498	7.5	0
27	519	7.6	0
27	540	7.7	0
27	561	7.8	0
27	582	7.9	0
27	603	8	0
27	624	8.1	0
27	645	8.2	0
27	666	8.3	0
27	687	8.4	0
27	708	8.5	0
27	729	8.6	0
27	750	8.7	0
27	771	8.8	0
27	792	8.9	0
27	813	9	0
27	834	9.1	0
27	855	9.2	0
27	876	9.3	0
27	897	9.4	0
27	918	9.5	0
27	939	9.6	0
27	960	9.7	0
27	981	9.8	0
27	1002	9.9	0
27	1023	10	0
27	1044	10.1	0
27	1065	10.2	0
27	1086	10.3	0
27	1107	10.4	0
27	1128	10.5	0
27	1149	10.6	0
27	1170	10.7	0
27	1191	10.8	0
27	1212	10.9	0
27	1233	11	0
27	1254	11.1	0
27	1275	11.2	0
27	1296	11.3	0
27	1317	11.4	0
27	1338	11.5	0
27	1359	11.6	0
27	1380	11.7	0
27	1401	11.8	0
27	1422	11.9	0
27	1443	12	0
27	1464	12.1	0
27	1485	12.2	0
27	1506	12.3	0
27	1527	12.4	0
27	1548	12.5	0
27	1569	12.6	0
27	1590	12.7	0
27	1611	12.8	0
27	1632	12.9	0
27	1653	13	0
27	1674	13.1	0
27	1695	13.2	0
27	1716	13.3	0
27	1737	13.4	0
27	1758	13.5	0
27	1779	13.6	0
27	1800	13.7	0
27	1821	13.8	0
27	1842	13.9	0
27	1863	14	0
27	1884	14.1	0
27	1905	14.2	0
27	1926	14.3	0
27	1947	14.4	0
27	1968	14.5	0
27	1989	14.6	0
27	2010	14.7	0
27	2031	14.8	0
27	2052	14.9	0
27	2073	15	0
27	2094	15.1	0
27	2115	15.2	0
27	2136	15.3	0
27	2157	15.4	0
27	2178	15.5	0
27	2199	15.6	0
27	2220	15.7	0
27	2241	15.8	0
27	2262	15.9	0
27	2283	16	0
27	2304	16.1	0
27	2325	16.2	0
27	2346	16.3	0
27	2367	16.4	0
27	2388	16.5	0
27	2409	16.6	0
27	2430	16.7	0
27	2451	16.8	0
27	2472	16.9	0
27	2493	17	0
27	2514	17.1	0
27	2535	17.2	0
27	2556	17.3	0
27	2577	17.4	0
27	2598	17.5	0
27	2619	17.6	0
27	2640	17.7	0
27	2661	17.8	0
27	2682	17.9	0
27	2703	18	0
27	2724	18.1	0
27	2745	18.2	0
27	2766	18.3	0
27	2787	18.4	0
27	2808	18.5	0
27	2829	18.6	0
27	2850	18.7	0
27	2871	18.8	0
27	2892	18.9	0
27	2913	19	0
27	2934	19.1	0
27	2955	19.2	0
27	2976	19.3	0
27	2997	19.4	0
27	3018	19.5	0
27	3039	19.6	0
27	3060	19.7	0
27	3081	19.8	0
27	3102	19.9	0
27	3123	20	0
27	3144	20.1	0
27	3165	20.2	0
27	3186	20.3	0
27	3207	20.4	0
27	3228	20.5	0
27	3249	20.6	0
27	3270	20.7	0
27	3291	20.8	0
27	3312	20.9	0
27	3333	21	0
27	3354	21.1	0
27	3375	21.2	0
27	3396	21.3	0
27	3417	21.4	0
27	3438	21.5	0
27	3459	21.6	0
27	3480	21.7	0
27	3501	21.8	0
27	3522	21.9	0
27	3543	22	0
27	3564	22.1	0
27	3585	22.2	0
27	3606	22.3	0
27	3627	22.4	0
27	3648	22.5	0
27	3669	22.6	0
27	3690	22.7	0
27	3711	22.8	0
27	3732	22.9	0
27	3753	23	0
27	3774	23.1	0
27	3795	23.2	0
27	3816	23.3	0
27	3837	23.4	0
27	3858	23.5	0
27	3879	23.6	0
27	3900	23.7	0
27	3921	23.8	0
27	3942	23.9	0
27	3963	24	0
27	3984	24.1	0
27	4005	24.2	0
27	4026	24.3	0
27	4047	24.4	0
27	4068	24.5	0
27	4089	24.6	0
27	4110	24.7	0
27	4131	24.8	0
27	4152	24.9	0
27	4173	25	0
27	4194	25.1	0
27	4215	25.2	0
27	4236	25.3	0
27	4257	25.4	0
27	4278	25.5	0
27	4299	25.6	0
27	4320	25.7	0
27	4341	25.8	0
27	4362	25.9	0
27	4383	26	0
27	4404	26.1	0
27	4425	26.2	0
27	4446	26.3	0
27	4467	26.4	0
27	4488	26.5	0
27	4509	26.6	0
27	4530	26.7	0
27	4551	26.8	0
27	4572	26.9	0
27	4593	27	0
27	4614	27.1	0
27	4635	27.2	0
27	4656	27.3	0
27	4677	27.4	0
27	4698	27.5	0
27	4719	27.6	0
27	4740	27.7	0
27	4761	27.8	0
27	4782	27.9	0
27	4803	28	0
27	4824	28.1	0
27	4845	28.2	0
27	4866	28.3	0
27	4887	28.4	0
27	4908	28.5	0
27	4929	28.6	0
27	4950	28.7	0
27	4971	28.8	0
27	4992	28.9	0
27	5013	29	0
27	5034	29.1	0
27	5055	29.2	0
27	5076	29.3	0
27	5097	29.4	0
27	5118	29.5	0
27	5139	29.6	0
27	5160	29.7	0
27	5181	29.8	0
27	5202	29.9	0
27	5223	30	0
27	5244	30.1	0
27	5265	30.2	0
27	5286	30.3	0
27	5307	30.4	0
27	5328	30.5	0
27	5349	30.6	0
27	5370	30.7	0
27	5391	30.8	0
27	5412	30.9	0
27	5433	31	0
27	5454	31.1	0
27	5475	31.2	0
27	5496	31.3	0
27	5517	31.4	0
27	5538	31.5	0
27	5559	31.6	0
27	5580	31.7	0
27	5601	31.8	0
27	5622	31.9	0
27	5643	32	0
27	5664	32.1	0
27	5685	32.2	0
27	5706	32.3	0
27	5727	32.4	0
27	5748	32.5	0
27	5769	32.6	0
27	5790	32.7	0
27	5811	32.8	0
27	5832	32.9	0
27	5853	33	0
27	5874	33.1	0
27	5895	33.2	0
27	5916	33.3	0
27	5937	33.4	0
27	5958	33.5	0
27	5979	33.6	0
27	6000	33.7	0
27	6021	33.8	0
27	6042	33.9	0
27	6063	34	0
27	6084	34.1	0
27	6105	34.2	0
27	6126	34.3	0
27	6147	34.4	0
27	6168	34.5	0
27	6189	34.6	0
27	6210	34.7	0
27	6231	34.8	0
27	6252	34.9	0
27	6273	35	0
27	6294	35.1	0
27	6315	35.2	0
27	6336	35.3	0
27	6357	35.4	0
27	6378	35.5	0
27	6399	35.6	0
27	6420	35.7	0
27	6441	35.8	0
27	6462	35.9	0
27	6483	36	0
27	6504	36.1	0
27	6525	36.2	0
27	6546	36.3	0
27	6567	36.4	0
27	6588	36.5	0
27	6609	36.6	0
27	6630	36.7	0
27	6651	36.8	0
27	6672	36.9	0
27	6693	37	0
27	6714	37.1	0
27	6735	37.2	0
27	6756	37.3	0
27	6777	37.4	0
27	6798	37.5	0
27	6819	37.6	0
27	6840	37.7	0
27	6861	37.8	0
27	6882	37.9	0
27	6903	38	0
27	6924	38.1	0
27	6945	38.2	0
27	6966	38.3	0
27	6987	38.4	0
27	7008	38.5	0
27	7029	38.6	0
27	7050	38.7	0
27	7071	38.8	0
27	7092	38.9	0
27	7113	39	0
27	7134	39.1	0
27	7155	39.2	0
27	7176	39.3	0
27	7197	39.4	0
27	7218	39.5	0
27	7239	39.6	0
27	7260	39.7	0
27	7281	39.8	0
27	7302	39.9	0
27	7323	40	0
27	7344	40.1	0
27	7365	40.2	0
27	7386	40.3	0
27	7407	40.4	0
27	7428	40.5	0
27	7449	40.6	0
27	7470	40.7	0
27	7491	40.8	0
27	7512	40.9	0
27	7533	41	0
27	7554	41.1	0
27	7575	41.2	0
27	7596	41.3	0
27	7617	41.4	0
27	7638	41.5	0
27	7659	41.6	0
27	7680	41.7	0
27	7701	41.8	0
27	7722	41.9	0
27	7743	42	0
27	7764	42.1	0
27	7785	42.2	0
27	7806	42.3	0
27	7827	42.4	0
27	7848	42.5	0
27	7869	42.6	0
27	7890	42.7	0
27	7911	42.8	0
27	7932	42.9	0
27	7953	43	0
27	7974	43.1	0
27	7995	43.2	0
27	8016	43.3	0
27	8037	43.4	0
27	8058	43.5	0
27	8079	43.6	0
27	8100	43.7	0
27	8121	43.8	0
27	8142	43.9	0
27	8163	44	0
27	8184	44.1	0
27	8205	44.2	0
27	8226	44.3	0
27	8247	44.4	0
27	8268	44.5	0
27	8289	44.6	0
27	8310	44.7	0
27	8331	44.8	0
27	8352	44.9	0
27	8373	45	0
27	8394	45.1	0
27	8415	45.2	0
27	8436	45.3	0
27	8457	45.4	0
27	8478	45.5	0
27	8499	45.6	0
27	8520	45.7	0
27	8541	45.8	0
27	8562	45.9	0
27	8583	46	0
27	8604	46.1	0
27	8625	46.2	0
27	8646	46.3	0
27	8667	46.4	0
27	8688	46.5	0
27	8710	46.6	0
27	8730	46.7	0
27	8749	46.8	0
27	8768	46.9	0
27	8787	47	0
27	8806	47.1	0
27	8825	47.2	0
27	8844	47.3	0
27	8863	47.4	0
27	8882	47.5	0
27	8901	47.6	0
28	70	5.4	9.045
28	84	5.5	8.7854227109887
28	102	5.6	8.7854227109887
28	120	5.7	8.0829318267966
28	141	5.8	8.0829318267966
28	162	5.9	7.1829318267966
28	183	6	7.1829318267966
28	204	6.1	6.2829318267966
28	225	6.2	6.2829318267966
28	246	6.3	5.3829318267966
28	267	6.4	5.3829318267966
28	288	6.5	4.4829318267966
28	309	6.6	4.4829318267966
28	330	6.7	3.5829318267966
28	351	6.8	3.5829318267966
28	372	6.9	2.6829318267966
28	393	7	2.6829318267966
28	414	7.1	1.7829318267966
28	435	7.2	1.7829318267966
28	456	7.3	0.88293182679657
28	477	7.4	0.88293182679657
28	498	7.5	0
28	519	7.6	0
28	540	7.7	0
28	561	7.8	0
28	582	7.9	0
28	603	8	0
28	624	8.1	0
28	645	8.2	0
28	666	8.3	0
28	687	8.4	0
28	708	8.5	0
28	729	8.6	0
28	750	8.7	0
28	771	8.8	0
28	792	8.9	0
28	813	9	0
28	834	9.1	0
28	855	9.2	0
28	876	9.3	0
28	897	9.4	0
28	918	9.5	0
28	939	9.6	0
28	960	9.7	0
28	981	9.8	0
28	1002	9.9	0
28	1023	10	0
28	1044	10.1	0
28	1065	10.2	0
28	1086	10.3	0
28	1107	10.4	0
28	1128	10.5	0
28	1149	10.6	0
28	1170	10.7	0
28	1191	10.8	0
28	1212	10.9	0
28	1233	11	0
28	1254	11.1	0
28	1275	11.2	0
28	1296	11.3	0
28	1317	11.4	0
28	1338	11.5	0
28	1359	11.6	0
28	1380	11.7	0
28	1401	11.8	0
28	1422	11.9	0
28	1443	12	0
28	1464	12.1	0
28	1485	12.2	0
28	1506	12.3	0
28	1527	12.4	0
28	1548	12.5	0
28	1569	12.6	0
28	1590	12.7	0
28	1611	12.8	0
28	1632	12.9	0
28	1653	13	0
28	1674	13.1	0
28	1695	13.2	0
28	1716	13.3	0
28	1737	13.4	0
28	1758	13.5	0
28	1779	13.6	0
28	1800	13.7	0
28	1821	13.8	0
28	1842	13.9	0
28	1863	14	0
28	1884	14.1	0
28	1905	14.2	0
28	1926	14.3	0
28	1947	14.4	0
28	1968	14.5	0
28	1989	14.6	0
28	2010	14.7	0
28	2031	14.8	0
28	2052	14.9	0
28	2073	15	0
28	2094	15.1	0
28	2115	15.2	0
28	2136	15.3	0
28	2157	15.4	0
28	2178	15.5	0
28	2199	15.6	0
28	2220	15.7	0
28	2241	15.8	0
28	2262	15.9	0
28	2283	16	0
28	2304	16.1	0
28	2325	16.2	0
28	2346	16.3	0
28	2367	16.4	0
28	2388	16.5	0
28	2409	16.6	0
28	2430	16.7	0
28	2451	16.8	0
28	2472	16.9	0
28	2493	17	0
28	2514	17.1	0
28	2535	17.2	0
28	2556	17.3	0
28	2577	17.4	0
28	2598	17.5	0
28	2619	17.6	0
28	2640	17.7	0
28	2661	17.8	0
28	2682	17.9	0
28	2703	18	0
28	2724	18.1	0
28	2745	18.2	0
28	2766	18.3	0
28	2787	18.4	0
28	2808	18.5	0
28	2829	18.6	0
28	2850	18.7	0
28	2871	18.8	0
28	2892	18.9	0
28	2913	19	0
28	2934	19.1	0
28	2955	19.2	0
28	2976	19.3	0
28	2997	19.4	0
28	3018	19.5	0
28	3039	19.6	0
28	3060	19.7	0
28	3081	19.8	0
28	3102	19.9	0
28	3123	20	0
28	3144	20.1	0
28	3165	20.2	0
28	3186	20.3	0
28	3207	20.4	0
28	3228	20.5	0
28	3249	20.6	0
28	3270	20.7	0
28	3291	20.8	0
28	3312	20.9	0
28	3333	21	0
28	3354	21.1	0
28	3375	21.2	0
28	3396	21.3	0
28	3417	21.4	0
28	3438	21.5	0
28	3459	21.6	0
28	3480	21.7	0
28	3501	21.8	0
28	3522	21.9	0
28	3543	22	0
28	3564	22.1	0
28	3585	22.2	0
28	3606	22.3	0
28	3627	22.4	0
28	3648	22.5	0
28	3669	22.6	0
28	3690	22.7	0
28	3711	22.8	0
28	3732	22.9	0
28	3753	23	0
28	3774	23.1	0
28	3795	23.2	0
28	3816	23.3	0
28	3837	23.4	0
28	3858	23.5	0
28	3879	23.6	0
28	3900	23.7	0
28	3921	23.8	0
28	3942	23.9	0
28	3963	24	0
28	3984	24.1	0
28	4005	24.2	0
28	4026	24.3	0
28	4047	24.4	0
28	4068	24.5	0
28	4089	24.6	0
28	4110	24.7	0
28	4131	24.8	0
28	4152	24.9	0
28	4173	25	0
28	4194	25.1	0
28	4215	25.2	0
28	4236	25.3	0
28	4257	25.4	0
28	4278	25.5	0
28	4299	25.6	0
28	4320	25.7	0
28	4341	25.8	0
28	4362	25.9	0
28	4383	26	0
28	4404	26.1	0
28	4425	26.2	0
28	4446	26.3	0
28	4467	26.4	0
28	4488	26.5	0
28	4509	26.6	0
28	4530	26.7	0
28	4551	26.8	0
28	4572	26.9	0
28	4593	27	0
28	4614	27.1	0
28	4635	27.2	0
28	4656	27.3	0
28	4677	27.4	0
28	4698	27.5	0
28	4719	27.6	0
28	4740	27.7	0
28	4761	27.8	0
28	4782	27.9	0
28	4803	28	0
28	4824	28.1	0
28	4845	28.2	0
28	4866	28.3	0
28	4887	28.4	0
28	4908	28.5	0
28	4929	28.6	0
28	4950	28.7	0
28	4971	28.8	0
28	4992	28.9	0
28	5013	29	0
28	5034	29.1	0
28	5055	29.2	0
28	5076	29.3	0
28	5097	29.4	0
28	5118	29.5	0
28	5139	29.6	0
28	5160	29.7	0
28	5181	29.8	0
28	5202	29.9	0
28	5223	30	0
28	5244	30.1	0
28	5265	30.2	0
28	5286	30.3	0
28	5307	30.4	0
28	5328	30.5	0
28	5349	30.6	0
28	5370	30.7	0
28	5391	30.8	0
28	5412	30.9	0
28	5433	31	0
28	5454	31.1	0
28	5475	31.2	0
28	5496	31.3	0
28	5517	31.4	0
28	5538	31.5	0
28	5559	31.6	0
28	5580	31.7	0
28	5601	31.8	0
28	5622	31.9	0
28	5643	32	0
28	5664	32.1	0
28	5685	32.2	0
28	5706	32.3	0
28	5727	32.4	0
28	5748	32.5	0
28	5769	32.6	0
28	5790	32.7	0
28	5811	32.8	0
28	5832	32.9	0
28	5853	33	0
28	5874	33.1	0
28	5895	33.2	0
28	5916	33.3	0
28	5937	33.4	0
28	5958	33.5	0
28	5979	33.6	0
28	6000	33.7	0
28	6021	33.8	0
28	6042	33.9	0
28	6063	34	0
28	6084	34.1	0
28	6105	34.2	0
28	6126	34.3	0
28	6147	34.4	0
28	6168	34.5	0
28	6189	34.6	0
28	6210	34.7	0
28	6231	34.8	0
28	6252	34.9	0
28	6273	35	0
28	6294	35.1	0
28	6315	35.2	0
28	6336	35.3	0
28	6357	35.4	0
28	6378	35.5	0
28	6399	35.6	0
28	6420	35.7	0
28	6441	35.8	0
28	6462	35.9	0
28	6483	36	0
28	6504	36.1	0
28	6525	36.2	0
28	6546	36.3	0
28	6567	36.4	0
28	6588	36.5	0
28	6609	36.6	0
28	6630	36.7	0
28	6651	36.8	0
28	6672	36.9	0
28	6693	37	0
28	6714	37.1	0
28	6735	37.2	0
28	6756	37.3	0
28	6777	37.4	0
28	6798	37.5	0
28	6819	37.6	0
28	6840	37.7	0
28	6861	37.8	0
28	6882	37.9	0
28	6903	38	0
28	6924	38.1	0
28	6945	38.2	0
28	6966	38.3	0
28	6987	38.4	0
28	7008	38.5	0
28	7029	38.6	0
28	7050	38.7	0
28	7071	38.8	0
28	7092	38.9	0
28	7113	39	0
28	7134	39.1	0
28	7155	39.2	0
28	7176	39.3	0
28	7197	39.4	0
28	7218	39.5	0
28	7239	39.6	0
28	7260	39.7	0
28	7281	39.8	0
28	7302	39.9	0
28	7323	40	0
28	7344	40.1	0
28	7365	40.2	0
28	7386	40.3	0
28	7407	40.4	0
28	7428	40.5	0
28	7449	40.6	0
28	7470	40.7	0
28	7491	40.8	0
28	7512	40.9	0
28	7533	41	0
28	7554	41.1	0
28	7575	41.2	0
28	7596	41.3	0
28	7617	41.4	0
28	7638	41.5	0
28	7659	41.6	0
28	7680	41.7	0
28	7701	41.8	0
28	7722	41.9	0
28	7743	42	0
28	7764	42.1	0
28	7785	42.2	0
28	7806	42.3	0
28	7827	42.4	0
28	7848	42.5	0
28	7869	42.6	0
28	7890	42.7	0
28	7911	42.8	0
28	7932	42.9	0
28	7953	43	0
28	7974	43.1	0
28	7995	43.2	0
28	8016	43.3	0
28	8037	43.4	0
28	8058	43.5	0
28	8079	43.6	0
28	8100	43.7	0
28	8121	43.8	0
28	8142	43.9	0
28	8163	44	0
28	8184	44.1	0
28	8205	44.2	0
28	8226	44.3	0
28	8247	44.4	0
28	8268	44.5	0
28	8289	44.6	0
28	8310	44.7	0
28	8331	44.8	0
28	8352	44.9	0
28	8373	45	0
28	8394	45.1	0
28	8415	45.2	0
28	8436	45.3	0
28	8457	45.4	0
28	8478	45.5	0
28	8499	45.6	0
28	8520	45.7	0
28	8541	45.8	0
28	8562	45.9	0
28	8583	46	0
28	8604	46.1	0
28	8625	46.2	0
28	8646	46.3	0
28	8667	46.4	0
28	8688	46.5	0
28	8710	46.6	0
28	8730	46.7	0.52
28	8749	46.8	0.52
28	8768	46.9	0.99251108609512
28	8787	47	0.99251108609512
28	8806	47.1	1.3862402853786
28	8825	47.2	1.3862402853786
28	8844	47.3	1.8237874428004
28	8863	47.4	1.8237874428004
28	8882	47.5	2.3192254625805
28	8901	47.6	2.3192254625805
29	70	5.4	0.49500000000001
29	84	5.5	0
29	102	5.6	0
29	120	5.7	0.0029155571850067
29	141	5.8	0.0029155571850067
29	162	5.9	0
29	183	6	0
29	204	6.1	0
29	225	6.2	0
29	246	6.3	0
29	267	6.4	0
29	288	6.5	0
29	309	6.6	0
29	330	6.7	0
29	351	6.8	0
29	372	6.9	0
29	393	7	0
29	414	7.1	0
29	435	7.2	0
29	456	7.3	0
29	477	7.4	0
29	498	7.5	0
29	519	7.6	0
29	540	7.7	0
29	561	7.8	0
29	582	7.9	0
29	603	8	0
29	624	8.1	0
29	645	8.2	0
29	666	8.3	0
29	687	8.4	0
29	708	8.5	0
29	729	8.6	0
29	750	8.7	0
29	771	8.8	0
29	792	8.9	0
29	813	9	0
29	834	9.1	0
29	855	9.2	0
29	876	9.3	0
29	897	9.4	0
29	918	9.5	0
29	939	9.6	0
29	960	9.7	0
29	981	9.8	0
29	1002	9.9	0
29	1023	10	0
29	1044	10.1	0
29	1065	10.2	0
29	1086	10.3	0
29	1107	10.4	0
29	1128	10.5	0
29	1149	10.6	0
29	1170	10.7	0
29	1191	10.8	0
29	1212	10.9	0
29	1233	11	0
29	1254	11.1	0
29	1275	11.2	0
29	1296	11.3	0
29	1317	11.4	0
29	1338	11.5	0
29	1359	11.6	0
29	1380	11.7	0
29	1401	11.8	0
29	1422	11.9	0
29	1443	12	0
29	1464	12.1	0
29	1485	12.2	0
29	1506	12.3	0
29	1527	12.4	0
29	1548	12.5	0
29	1569	12.6	0
29	1590	12.7	0
29	1611	12.8	0
29	1632	12.9	0
29	1653	13	0
29	1674	13.1	0
29	1695	13.2	0
29	1716	13.3	0
29	1737	13.4	0
29	1758	13.5	0
29	1779	13.6	0
29	1800	13.7	0
29	1821	13.8	0
29	1842	13.9	0
29	1863	14	0
29	1884	14.1	0
29	1905	14.2	0
29	1926	14.3	0
29	1947	14.4	0
29	1968	14.5	0
29	1989	14.6	0
29	2010	14.7	0
29	2031	14.8	0
29	2052	14.9	0
29	2073	15	0
29	2094	15.1	0
29	2115	15.2	0
29	2136	15.3	0
29	2157	15.4	0
29	2178	15.5	0
29	2199	15.6	0
29	2220	15.7	0
29	2241	15.8	0
29	2262	15.9	0
29	2283	16	0
29	2304	16.1	0
29	2325	16.2	0
29	2346	16.3	0
29	2367	16.4	0
29	2388	16.5	0
29	2409	16.6	0
29	2430	16.7	0
29	2451	16.8	0
29	2472	16.9	0
29	2493	17	0
29	2514	17.1	0
29	2535	17.2	0
29	2556	17.3	0
29	2577	17.4	0
29	2598	17.5	0
29	2619	17.6	0
29	2640	17.7	0
29	2661	17.8	0
29	2682	17.9	0
29	2703	18	0
29	2724	18.1	0
29	2745	18.2	0
29	2766	18.3	0
29	2787	18.4	0
29	2808	18.5	0
29	2829	18.6	0
29	2850	18.7	0
29	2871	18.8	0
29	2892	18.9	0
29	2913	19	0
29	2934	19.1	0
29	2955	19.2	0
29	2976	19.3	0
29	2997	19.4	0
29	3018	19.5	0
29	3039	19.6	0
29	3060	19.7	0
29	3081	19.8	0
29	3102	19.9	0
29	3123	20	0
29	3144	20.1	0
29	3165	20.2	0
29	3186	20.3	0
29	3207	20.4	0
29	3228	20.5	0
29	3249	20.6	0
29	3270	20.7	0
29	3291	20.8	0
29	3312	20.9	0
29	3333	21	0
29	3354	21.1	0
29	3375	21.2	0
29	3396	21.3	0
29	3417	21.4	0
29	3438	21.5	0
29	3459	21.6	0
29	3480	21.7	0
29	3501	21.8	0
29	3522	21.9	0
29	3543	22	0
29	3564	22.1	0
29	3585	22.2	0
29	3606	22.3	0
29	3627	22.4	0
29	3648	22.5	0
29	3669	22.6	0
29	3690	22.7	0
29	3711	22.8	0
29	3732	22.9	0
29	3753	23	0
29	3774	23.1	0
29	3795	23.2	0
29	3816	23.3	0
29	3837	23.4	0
29	3858	23.5	0
29	3879	23.6	0
29	3900	23.7	0
29	3921	23.8	0
29	3942	23.9	0
29	3963	24	0
29	3984	24.1	0
29	4005	24.2	0
29	4026	24.3	0
29	4047	24.4	0
29	4068	24.5	0
29	4089	24.6	0
29	4110	24.7	0
29	4131	24.8	0
29	4152	24.9	0
29	4173	25	0
29	4194	25.1	0
29	4215	25.2	0
29	4236	25.3	0
29	4257	25.4	0
29	4278	25.5	0
29	4299	25.6	0
29	4320	25.7	0
29	4341	25.8	0
29	4362	25.9	0
29	4383	26	0
29	4404	26.1	0
29	4425	26.2	0
29	4446	26.3	0
29	4467	26.4	0
29	4488	26.5	0
29	4509	26.6	0
29	4530	26.7	0
29	4551	26.8	0
29	4572	26.9	0
29	4593	27	0
29	4614	27.1	0
29	4635	27.2	0
29	4656	27.3	0
29	4677	27.4	0
29	4698	27.5	0
29	4719	27.6	0
29	4740	27.7	0
29	4761	27.8	0
29	4782	27.9	0
29	4803	28	0
29	4824	28.1	0
29	4845	28.2	0
29	4866	28.3	0
29	4887	28.4	0
29	4908	28.5	0
29	4929	28.6	0
29	4950	28.7	0
29	4971	28.8	0
29	4992	28.9	0
29	5013	29	0
29	5034	29.1	0
29	5055	29.2	0
29	5076	29.3	0
29	5097	29.4	0
29	5118	29.5	0
29	5139	29.6	0
29	5160	29.7	0
29	5181	29.8	0
29	5202	29.9	0
29	5223	30	0
29	5244	30.1	0
29	5265	30.2	0
29	5286	30.3	0
29	5307	30.4	0
29	5328	30.5	0
29	5349	30.6	0
29	5370	30.7	0
29	5391	30.8	0
29	5412	30.9	0
29	5433	31	0
29	5454	31.1	0
29	5475	31.2	0
29	5496	31.3	0
29	5517	31.4	0
29	5538	31.5	0
29	5559	31.6	0
29	5580	31.7	0
29	5601	31.8	0
29	5622	31.9	0
29	5643	32	0
29	5664	32.1	0
29	5685	32.2	0
29	5706	32.3	0
29	5727	32.4	0
29	5748	32.5	0
29	5769	32.6	0
29	5790	32.7	0
29	5811	32.8	0
29	5832	32.9	0
29	5853	33	0
29	5874	33.1	0
29	5895	33.2	0
29	5916	33.3	0
29	5937	33.4	0
29	5958	33.5	0
29	5979	33.6	0
29	6000	33.7	0
29	6021	33.8	0
29	6042	33.9	0
29	6063	34	0
29	6084	34.1	0
29	6105	34.2	0
29	6126	34.3	0
29	6147	34.4	0
29	6168	34.5	0
29	6189	34.6	0
29	6210	34.7	0
29	6231	34.8	0
29	6252	34.9	0
29	6273	35	0
29	6294	35.1	0
29	6315	35.2	0
29	6336	35.3	0
29	6357	35.4	0
29	6378	35.5	0
29	6399	35.6	0
29	6420	35.7	0
29	6441	35.8	0
29	6462	35.9	0
29	6483	36	0
29	6504	36.1	0
29	6525	36.2	0
29	6546	36.3	0
29	6567	36.4	0
29	6588	36.5	0
29	6609	36.6	0
29	6630	36.7	0
29	6651	36.8	0
29	6672	36.9	0
29	6693	37	0
29	6714	37.1	0
29	6735	37.2	0
29	6756	37.3	0
29	6777	37.4	0
29	6798	37.5	0
29	6819	37.6	0
29	6840	37.7	0
29	6861	37.8	0
29	6882	37.9	0
29	6903	38	0
29	6924	38.1	0
29	6945	38.2	0
29	6966	38.3	0
29	6987	38.4	0
29	7008	38.5	0
29	7029	38.6	0
29	7050	38.7	0
29	7071	38.8	0
29	7092	38.9	0
29	7113	39	0
29	7134	39.1	0
29	7155	39.2	0
29	7176	39.3	0
29	7197	39.4	0
29	7218	39.5	0
29	7239	39.6	0
29	7260	39.7	0
29	7281	39.8	0
29	7302	39.9	0
29	7323	40	0
29	7344	40.1	0
29	7365	40.2	0
29	7386	40.3	0
29	7407	40.4	0
29	7428	40.5	0
29	7449	40.6	0
29	7470	40.7	0
29	7491	40.8	0
29	7512	40.9	0
29	7533	41	0
29	7554	41.1	0
29	7575	41.2	0
29	7596	41.3	0
29	7617	41.4	0
29	7638	41.5	0
29	7659	41.6	0
29	7680	41.7	0
29	7701	41.8	0
29	7722	41.9	0
29	7743	42	0
29	7764	42.1	0
29	7785	42.2	0
29	7806	42.3	0
29	7827	42.4	0
29	7848	42.5	0
29	7869	42.6	0
29	7890	42.7	0
29	7911	42.8	0
29	7932	42.9	0
29	7953	43	0
29	7974	43.1	0
29	7995	43.2	0
29	8016	43.3	0
29	8037	43.4	0
29	8058	43.5	0
29	8079	43.6	0
29	8100	43.7	0
29	8121	43.8	0
29	8142	43.9	0
29	8163	44	0
29	8184	44.1	0
29	8205	44.2	0
29	8226	44.3	0
29	8247	44.4	0
29	8268	44.5	0
29	8289	44.6	0
29	8310	44.7	0
29	8331	44.8	0
29	8352	44.9	0
29	8373	45	0
29	8394	45.1	0
29	8415	45.2	0
29	8436	45.3	0
29	8457	45.4	0
29	8478	45.5	0
29	8499	45.6	0
29	8520	45.7	0
29	8541	45.8	0
29	8562	45.9	0
29	8583	46	0
29	8604	46.1	0
29	8625	46.2	0
29	8646	46.3	0
29	8667	46.4	0
29	8688	46.5	0
29	8710	46.6	0
29	8730	46.7	0
29	8749	46.8	0
29	8768	46.9	0
29	8787	47	0
29	8806	47.1	0
29	8825	47.2	0
29	8844	47.3	0
29	8863	47.4	0
29	8882	47.5	0
29	8901	47.6	0
30	84	5.5	-4.9500000000001
30	102	5.6	0
30	120	5.7	0.013224232864281
30	141	5.8	0
30	162	5.9	-0.013224232864281
30	183	6	0
30	204	6.1	0
30	225	6.2	0
30	246	6.3	0
30	267	6.4	0
30	288	6.5	0
30	309	6.6	0
30	330	6.7	0
30	351	6.8	0
30	372	6.9	0
30	393	7	0
30	414	7.1	0
30	435	7.2	0
30	456	7.3	0
30	477	7.4	0
30	498	7.5	0
30	519	7.6	0
30	540	7.7	0
30	561	7.8	0
30	582	7.9	0
30	603	8	0
30	624	8.1	0
30	645	8.2	0
30	666	8.3	0
30	687	8.4	0
30	708	8.5	0
30	729	8.6	0
30	750	8.7	0
30	771	8.8	0
30	792	8.9	0
30	813	9	0
30	834	9.1	0
30	855	9.2	0
30	876	9.3	0
30	897	9.4	0
30	918	9.5	0
30	939	9.6	0
30	960	9.7	0
30	981	9.8	0
30	1002	9.9	0
30	1023	10	0
30	1044	10.1	0
30	1065	10.2	0
30	1086	10.3	0
30	1107	10.4	0
30	1128	10.5	0
30	1149	10.6	0
30	1170	10.7	0
30	1191	10.8	0
30	1212	10.9	0
30	1233	11	0
30	1254	11.1	0
30	1275	11.2	0
30	1296	11.3	0
30	1317	11.4	0
30	1338	11.5	0
30	1359	11.6	0
30	1380	11.7	0
30	1401	11.8	0
30	1422	11.9	0
30	1443	12	0
30	1464	12.1	0
30	1485	12.2	0
30	1506	12.3	0
30	1527	12.4	0
30	1548	12.5	0
30	1569	12.6	0
30	1590	12.7	0
30	1611	12.8	0
30	1632	12.9	0
30	1653	13	0
30	1674	13.1	0
30	1695	13.2	0
30	1716	13.3	0
30	1737	13.4	0
30	1758	13.5	0
30	1779	13.6	0
30	1800	13.7	0
30	1821	13.8	0
30	1842	13.9	0
30	1863	14	0
30	1884	14.1	0
30	1905	14.2	0
30	1926	14.3	0
30	1947	14.4	0
30	1968	14.5	0
30	1989	14.6	0
30	2010	14.7	0
30	2031	14.8	0
30	2052	14.9	0
30	2073	15	0
30	2094	15.1	0
30	2115	15.2	0
30	2136	15.3	0
30	2157	15.4	0
30	2178	15.5	0
30	2199	15.6	0
30	2220	15.7	0
30	2241	15.8	0
30	2262	15.9	0
30	2283	16	0
30	2304	16.1	0
30	2325	16.2	0
30	2346	16.3	0
30	2367	16.4	0
30	2388	16.5	0
30	2409	16.6	0
30	2430	16.7	0
30	2451	16.8	0
30	2472	16.9	0
30	2493	17	0
30	2514	17.1	0
30	2535	17.2	0
30	2556	17.3	0
30	2577	17.4	0
30	2598	17.5	0
30	2619	17.6	0
30	2640	17.7	0
30	2661	17.8	0
30	2682	17.9	0
30	2703	18	0
30	2724	18.1	0
30	2745	18.2	0
30	2766	18.3	0
30	2787	18.4	0
30	2808	18.5	0
30	2829	18.6	0
30	2850	18.7	0
30	2871	18.8	0
30	2892	18.9	0
30	2913	19	0
30	2934	19.1	0
30	2955	19.2	0
30	2976	19.3	0
30	2997	19.4	0
30	3018	19.5	0
30	3039	19.6	0
30	3060	19.7	0
30	3081	19.8	0
30	3102	19.9	0
30	3123	20	0
30	3144	20.1	0
30	3165	20.2	0
30	3186	20.3	0
30	3207	20.4	0
30	3228	20.5	0
30	3249	20.6	0
30	3270	20.7	0
30	3291	20.8	0
30	3312	20.9	0
30	3333	21	0
30	3354	21.1	0
30	3375	21.2	0
30	3396	21.3	0
30	3417	21.4	0
30	3438	21.5	0
30	3459	21.6	0
30	3480	21.7	0
30	3501	21.8	0
30	3522	21.9	0
30	3543	22	0
30	3564	22.1	0
30	3585	22.2	0
30	3606	22.3	0
30	3627	22.4	0
30	3648	22.5	0
30	3669	22.6	0
30	3690	22.7	0
30	3711	22.8	0
30	3732	22.9	0
30	3753	23	0
30	3774	23.1	0
30	3795	23.2	0
30	3816	23.3	0
30	3837	23.4	0
30	3858	23.5	0
30	3879	23.6	0
30	3900	23.7	0
30	3921	23.8	0
30	3942	23.9	0
30	3963	24	0
30	3984	24.1	0
30	4005	24.2	0
30	4026	24.3	0
30	4047	24.4	0
30	4068	24.5	0
30	4089	24.6	0
30	4110	24.7	0
30	4131	24.8	0
30	4152	24.9	0
30	4173	25	0
30	4194	25.1	0
30	4215	25.2	0
30	4236	25.3	0
30	4257	25.4	0
30	4278	25.5	0
30	4299	25.6	0
30	4320	25.7	0
30	4341	25.8	0
30	4362	25.9	0
30	4383	26	0
30	4404	26.1	0
30	4425	26.2	0
30	4446	26.3	0
30	4467	26.4	0
30	4488	26.5	0
30	4509	26.6	0
30	4530	26.7	0
30	4551	26.8	0
30	4572	26.9	0
30	4593	27	0
30	4614	27.1	0
30	4635	27.2	0
30	4656	27.3	0
30	4677	27.4	0
30	4698	27.5	0
30	4719	27.6	0
30	4740	27.7	0
30	4761	27.8	0
30	4782	27.9	0
30	4803	28	0
30	4824	28.1	0
30	4845	28.2	0
30	4866	28.3	0
30	4887	28.4	0
30	4908	28.5	0
30	4929	28.6	0
30	4950	28.7	0
30	4971	28.8	0
30	4992	28.9	0
30	5013	29	0
30	5034	29.1	0
30	5055	29.2	0
30	5076	29.3	0
30	5097	29.4	0
30	5118	29.5	0
30	5139	29.6	0
30	5160	29.7	0
30	5181	29.8	0
30	5202	29.9	0
30	5223	30	0
30	5244	30.1	0
30	5265	30.2	0
30	5286	30.3	0
30	5307	30.4	0
30	5328	30.5	0
30	5349	30.6	0
30	5370	30.7	0
30	5391	30.8	0
30	5412	30.9	0
30	5433	31	0
30	5454	31.1	0
30	5475	31.2	0
30	5496	31.3	0
30	5517	31.4	0
30	5538	31.5	0
30	5559	31.6	0
30	5580	31.7	0
30	5601	31.8	0
30	5622	31.9	0
30	5643	32	0
30	5664	32.1	0
30	5685	32.2	0
30	5706	32.3	0
30	5727	32.4	0
30	5748	32.5	0
30	5769	32.6	0
30	5790	32.7	0
30	5811	32.8	0
30	5832	32.9	0
30	5853	33	0
30	5874	33.1	0
30	5895	33.2	0
30	5916	33.3	0
30	5937	33.4	0
30	5958	33.5	0
30	5979	33.6	0
30	6000	33.7	0
30	6021	33.8	0
30	6042	33.9	0
30	6063	34	0
30	6084	34.1	0
30	6105	34.2	0
30	6126	34.3	0
30	6147	34.4	0
30	6168	34.5	0
30	6189	34.6	0
30	6210	34.7	0
30	6231	34.8	0
30	6252	34.9	0
30	6273	35	0
30	6294	35.1	0
30	6315	35.2	0
30	6336	35.3	0
30	6357	35.4	0
30	6378	35.5	0
30	6399	35.6	0
30	6420	35.7	0
30	6441	35.8	0
30	6462	35.9	0
30	6483	36	0
30	6504	36.1	0
30	6525	36.2	0
30	6546	36.3	0
30	6567	36.4	0
30	6588	36.5	0
30	6609	36.6	0
30	6630	36.7	0
30	6651	36.8	0
30	6672	36.9	0
30	6693	37	0
30	6714	37.1	0
30	6735	37.2	0
30	6756	37.3	0
30	6777	37.4	0
30	6798	37.5	0
30	6819	37.6	0
30	6840	37.7	0
30	6861	37.8	0
30	6882	37.9	0
30	6903	38	0
30	6924	38.1	0
30	6945	38.2	0
30	6966	38.3	0
30	6987	38.4	0
30	7008	38.5	0
30	7029	38.6	0
30	7050	38.7	0
30	7071	38.8	0
30	7092	38.9	0
30	7113	39	0
30	7134	39.1	0
30	7155	39.2	0
30	7176	39.3	0
30	7197	39.4	0
30	7218	39.5	0
30	7239	39.6	0
30	7260	39.7	0
30	7281	39.8	0
30	7302	39.9	0
30	7323	40	0
30	7344	40.1	0
30	7365	40.2	0
30	7386	40.3	0
30	7407	40.4	0
30	7428	40.5	0
30	7449	40.6	0
30	7470	40.7	0
30	7491	40.8	0
30	7512	40.9	0
30	7533	41	0
30	7554	41.1	0
30	7575	41.2	0
30	7596	41.3	0
30	7617	41.4	0
30	7638	41.5	0
30	7659	41.6	0
30	7680	41.7	0
30	7701	41.8	0
30	7722	41.9	0
30	7743	42	0
30	7764	42.1	0
30	7785	42.2	0
30	7806	42.3	0
30	7827	42.4	0
30	7848	42.5	0
30	7869	42.6	0
30	7890	42.7	0
30	7911	42.8	0
30	7932	42.9	0
30	7953	43	0
30	7974	43.1	0
30	7995	43.2	0
30	8016	43.3	0
30	8037	43.4	0
30	8058	43.5	0
30	8079	43.6	0
30	8100	43.7	0
30	8121	43.8	0
30	8142	43.9	0
30	8163	44	0
30	8184	44.1	0
30	8205	44.2	0
30	8226	44.3	0
30	8247	44.4	0
30	8268	44.5	0
30	8289	44.6	0
30	8310	44.7	0
30	8331	44.8	0
30	8352	44.9	0
30	8373	45	0
30	8394	45.1	0
30	8415	45.2	0
30	8436	45.3	0
30	8457	45.4	0
30	8478	45.5	0
30	8499	45.6	0
30	8520	45.7	0
30	8541	45.8	0
30	8562	45.9	0
30	8583	46	0
30	8604	46.1	0
30	8625	46.2	0
30	8646	46.3	0
30	8667	46.4	0
30	8688	46.5	0
30	8710	46.6	0
30	8730	46.7	0
30	8749	46.8	0
30	8768	46.9	0
30	8787	47	0
30	8806	47.1	0
30	8825	47.2	0
30	8844	47.3	0
30	8863	47.4	0
30	8882	47.5	0
30	8901	47.6	0
31	84	5.5	0.973
31	102	5.6	0.973
31	120	5.7	1.1100680083156
31	141	5.8	1.1100637936996
31	162	5.9	0.973
31	183	6	0.973
31	204	6.1	0.973
31	225	6.2	0.973
31	246	6.3	0.973
31	267	6.4	0.973
31	288	6.5	0.973
31	309	6.6	0.973
31	330	6.7	0.973
31	351	6.8	0.973
31	372	6.9	0.973
31	393	7	0.973
31	414	7.1	0.973
31	435	7.2	0.973
31	456	7.3	0.973
31	477	7.4	0.973
31	498	7.5	0.973
31	519	7.6	0.973
31	540	7.7	0.973
31	561	7.8	0.973
31	582	7.9	0.973
31	603	8	0.973
31	624	8.1	0.973
31	645	8.2	0.973
31	666	8.3	0.973
31	687	8.4	0.973
31	708	8.5	0.973
31	729	8.6	0.973
31	750	8.7	0.973
31	771	8.8	0.973
31	792	8.9	0.973
31	813	9	0.973
31	834	9.1	0.973
31	855	9.2	0.973
31	876	9.3	0.973
31	897	9.4	0.973
31	918	9.5	0.973
31	939	9.6	0.973
31	960	9.7	0.973
31	981	9.8	0.973
31	1002	9.9	0.973
31	1023	10	0.973
31	1044	10.1	0.973
31	1065	10.2	0.973
31	1086	10.3	0.973
31	1107	10.4	0.973
31	1128	10.5	0.973
31	1149	10.6	0.973
31	1170	10.7	0.973
31	1191	10.8	0.973
31	1212	10.9	0.973
31	1233	11	0.973
31	1254	11.1	0.973
31	1275	11.2	0.973
31	1296	11.3	0.973
31	1317	11.4	0.973
31	1338	11.5	0.973
31	1359	11.6	0.973
31	1380	11.7	0.973
31	1401	11.8	0.973
31	1422	11.9	0.973
31	1443	12	0.973
31	1464	12.1	0.973
31	1485	12.2	0.973
31	1506	12.3	0.973
31	1527	12.4	0.973
31	1548	12.5	0.973
31	1569	12.6	0.973
31	1590	12.7	0.973
31	1611	12.8	0.973
31	1632	12.9	0.973
31	1653	13	0.973
31	1674	13.1	0.973
31	1695	13.2	0.973
31	1716	13.3	0.973
31	1737	13.4	0.973
31	1758	13.5	0.973
31	1779	13.6	0.973
31	1800	13.7	0.973
31	1821	13.8	0.973
31	1842	13.9	0.973
31	1863	14	0.973
31	1884	14.1	0.973
31	1905	14.2	0.973
31	1926	14.3	0.973
31	1947	14.4	0.973
31	1968	14.5	0.973
31	1989	14.6	0.973
31	2010	14.7	0.973
31	2031	14.8	0.973
31	2052	14.9	0.973
31	2073	15	0.973
31	2094	15.1	0.973
31	2115	15.2	0.973
31	2136	15.3	0.973
31	2157	15.4	0.973
31	2178	15.5	0.973
31	2199	15.6	0.973
31	2220	15.7	0.973
31	2241	15.8	0.973
31	2262	15.9	0.973
31	2283	16	0.973
31	2304	16.1	0.973
31	2325	16.2	0.973
31	2346	16.3	0.973
31	2367	16.4	0.973
31	2388	16.5	0.973
31	2409	16.6	0.973
31	2430	16.7	0.973
31	2451	16.8	0.973
31	2472	16.9	0.973
31	2493	17	0.973
31	2514	17.1	0.973
31	2535	17.2	0.973
31	2556	17.3	0.973
31	2577	17.4	0.973
31	2598	17.5	0.973
31	2619	17.6	0.973
31	2640	17.7	0.973
31	2661	17.8	0.973
31	2682	17.9	0.973
31	2703	18	0.973
31	2724	18.1	0.973
31	2745	18.2	0.973
31	2766	18.3	0.973
31	2787	18.4	0.973
31	2808	18.5	0.973
31	2829	18.6	0.973
31	2850	18.7	0.973
31	2871	18.8	0.973
31	2892	18.9	0.973
31	2913	19	0.973
31	2934	19.1	0.973
31	2955	19.2	0.973
31	2976	19.3	0.973
31	2997	19.4	0.973
31	3018	19.5	0.973
31	3039	19.6	0.973
31	3060	19.7	0.973
31	3081	19.8	0.973
31	3102	19.9	0.973
31	3123	20	0.973
31	3144	20.1	0.973
31	3165	20.2	0.973
31	3186	20.3	0.973
31	3207	20.4	0.973
31	3228	20.5	0.973
31	3249	20.6	0.973
31	3270	20.7	0.973
31	3291	20.8	0.973
31	3312	20.9	0.973
31	3333	21	0.973
31	3354	21.1	0.973
31	3375	21.2	0.973
31	3396	21.3	0.973
31	3417	21.4	0.973
31	3438	21.5	0.973
31	3459	21.6	0.973
31	3480	21.7	0.973
31	3501	21.8	0.973
31	3522	21.9	0.973
31	3543	22	0.973
31	3564	22.1	0.973
31	3585	22.2	0.973
31	3606	22.3	0.973
31	3627	22.4	0.973
31	3648	22.5	0.973
31	3669	22.6	0.973
31	3690	22.7	0.973
31	3711	22.8	0.973
31	3732	22.9	0.973
31	3753	23	0.973
31	3774	23.1	0.973
31	3795	23.2	0.973
31	3816	23.3	0.973
31	3837	23.4	0.973
31	3858	23.5	0.973
31	3879	23.6	0.973
31	3900	23.7	0.973
31	3921	23.8	0.973
31	3942	23.9	0.973
31	3963	24	0.973
31	3984	24.1	0.973
31	4005	24.2	0.973
31	4026	24.3	0.973
31	4047	24.4	0.973
31	4068	24.5	0.973
31	4089	24.6	0.973
31	4110	24.7	0.973
31	4131	24.8	0.973
31	4152	24.9	0.973
31	4173	25	0.973
31	4194	25.1	0.973
31	4215	25.2	0.973
31	4236	25.3	0.973
31	4257	25.4	0.973
31	4278	25.5	0.973
31	4299	25.6	0.973
31	4320	25.7	0.973
31	4341	25.8	0.973
31	4362	25.9	0.973
31	4383	26	0.973
31	4404	26.1	0.973
31	4425	26.2	0.973
31	4446	26.3	0.973
31	4467	26.4	0.973
31	4488	26.5	0.973
31	4509	26.6	0.973
31	4530	26.7	0.973
31	4551	26.8	0.973
31	4572	26.9	0.973
31	4593	27	0.973
31	4614	27.1	0.973
31	4635	27.2	0.973
31	4656	27.3	0.973
31	4677	27.4	0.973
31	4698	27.5	0.973
31	4719	27.6	0.973
31	4740	27.7	0.973
31	4761	27.8	0.973
31	4782	27.9	0.973
31	4803	28	0.973
31	4824	28.1	0.973
31	4845	28.2	0.973
31	4866	28.3	0.973
31	4887	28.4	0.973
31	4908	28.5	0.973
31	4929	28.6	0.973
31	4950	28.7	0.973
31	4971	28.8	0.973
31	4992	28.9	0.973
31	5013	29	0.973
31	5034	29.1	0.973
31	5055	29.2	0.973
31	5076	29.3	0.973
31	5097	29.4	0.973
31	5118	29.5	0.973
31	5139	29.6	0.973
31	5160	29.7	0.973
31	5181	29.8	0.973
31	5202	29.9	0.973
31	5223	30	0.973
31	5244	30.1	0.973
31	5265	30.2	0.973
31	5286	30.3	0.973
31	5307	30.4	0.973
31	5328	30.5	0.973
31	5349	30.6	0.973
31	5370	30.7	0.973
31	5391	30.8	0.973
31	5412	30.9	0.973
31	5433	31	0.973
31	5454	31.1	0.973
31	5475	31.2	0.973
31	5496	31.3	0.973
31	5517	31.4	0.973
31	5538	31.5	0.973
31	5559	31.6	0.973
31	5580	31.7	0.973
31	5601	31.8	0.973
31	5622	31.9	0.973
31	5643	32	0.973
31	5664	32.1	0.973
31	5685	32.2	0.973
31	5706	32.3	0.973
31	5727	32.4	0.973
31	5748	32.5	0.973
31	5769	32.6	0.973
31	5790	32.7	0.973
31	5811	32.8	0.973
31	5832	32.9	0.973
31	5853	33	0.973
31	5874	33.1	0.973
31	5895	33.2	0.973
31	5916	33.3	0.973
31	5937	33.4	0.973
31	5958	33.5	0.973
31	5979	33.6	0.973
31	6000	33.7	0.973
31	6021	33.8	0.973
31	6042	33.9	0.973
31	6063	34	0.973
31	6084	34.1	0.973
31	6105	34.2	0.973
31	6126	34.3	0.973
31	6147	34.4	0.973
31	6168	34.5	0.973
31	6189	34.6	0.973
31	6210	34.7	0.973
31	6231	34.8	0.973
31	6252	34.9	0.973
31	6273	35	0.973
31	6294	35.1	0.973
31	6315	35.2	0.973
31	6336	35.3	0.973
31	6357	35.4	0.973
31	6378	35.5	0.973
31	6399	35.6	0.973
31	6420	35.7	0.973
31	6441	35.8	0.973
31	6462	35.9	0.973
31	6483	36	0.973
31	6504	36.1	0.973
31	6525	36.2	0.973
31	6546	36.3	0.973
31	6567	36.4	0.973
31	6588	36.5	0.973
31	6609	36.6	0.973
31	6630	36.7	0.973
31	6651	36.8	0.973
31	6672	36.9	0.973
31	6693	37	0.973
31	6714	37.1	0.973
31	6735	37.2	0.973
31	6756	37.3	0.973
31	6777	37.4	0.973
31	6798	37.5	0.973
31	6819	37.6	0.973
31	6840	37.7	0.973
31	6861	37.8	0.973
31	6882	37.9	0.973
31	6903	38	0.973
31	6924	38.1	0.973
31	6945	38.2	0.973
31	6966	38.3	0.973
31	6987	38.4	0.973
31	7008	38.5	0.973
31	7029	38.6	0.973
31	7050	38.7	0.973
31	7071	38.8	0.973
31	7092	38.9	0.973
31	7113	39	0.973
31	7134	39.1	0.973
31	7155	39.2	0.973
31	7176	39.3	0.973
31	7197	39.4	0.973
31	7218	39.5	0.973
31	7239	39.6	0.973
31	7260	39.7	0.973
31	7281	39.8	0.973
31	7302	39.9	0.973
31	7323	40	0.973
31	7344	40.1	0.973
31	7365	40.2	0.973
31	7386	40.3	0.973
31	7407	40.4	0.973
31	7428	40.5	0.973
31	7449	40.6	0.973
31	7470	40.7	0.973
31	7491	40.8	0.973
31	7512	40.9	0.973
31	7533	41	0.973
31	7554	41.1	0.973
31	7575	41.2	0.973
31	7596	41.3	0.973
31	7617	41.4	0.973
31	7638	41.5	0.973
31	7659	41.6	0.973
31	7680	41.7	0.973
31	7701	41.8	0.973
31	7722	41.9	0.973
31	7743	42	0.973
31	7764	42.1	0.973
31	7785	42.2	0.973
31	7806	42.3	0.973
31	7827	42.4	0.973
31	7848	42.5	0.973
31	7869	42.6	0.973
31	7890	42.7	0.973
31	7911	42.8	0.973
31	7932	42.9	0.973
31	7953	43	0.973
31	7974	43.1	0.973
31	7995	43.2	0.973
31	8016	43.3	0.973
31	8037	43.4	0.973
31	8058	43.5	0.973
31	8079	43.6	0.973
31	8100	43.7	0.973
31	8121	43.8	0.973
31	8142	43.9	0.973
31	8163	44	0.973
31	8184	44.1	0.973
31	8205	44.2	0.973
31	8226	44.3	0.973
31	8247	44.4	0.973
31	8268	44.5	0.973
31	8289	44.6	0.973
31	8310	44.7	0.973
31	8331	44.8	0.973
31	8352	44.9	0.973
31	8373	45	0.973
31	8394	45.1	0.973
31	8415	45.2	0.973
31	8436	45.3	0.973
31	8457	45.4	0.973
31	8478	45.5	0.973
31	8499	45.6	0.973
31	8520	45.7	0.973
31	8541	45.8	0.973
31	8562	45.9	0.973
31	8583	46	0.973
31	8604	46.1	0.973
31	8625	46.2	0.973
31	8646	46.3	0.973
31	8667	46.4	0.973
31	8688	46.5	0.973
31	8710	46.6	0.973
31	8730	46.7	0.973
31	8749	46.8	0.973
31	8768	46.9	0.973
31	8787	47	0.973
31	8806	47.1	0.973
31	8825	47.2	0.973
31	8844	47.3	0.973
31	8863	47.4	0.973
31	8882	47.5	0.973
31	8901	47.6	0.973
32	84	5.5	-2.5957728901133
32	102	5.6	0
32	120	5.7	-7.024908841921
32	141	5.8	0
32	162	5.9	-9
32	183	6	0
32	204	6.1	-9
32	225	6.2	0
32	246	6.3	-9
32	267	6.4	0
32	288	6.5	-9
32	309	6.6	0
32	330	6.7	-9
32	351	6.8	0
32	372	6.9	-9
32	393	7	0
32	414	7.1	-9
32	435	7.2	0
32	456	7.3	-9
32	477	7.4	0
32	498	7.5	-8.8293182679657
32	519	7.6	0
32	540	7.7	0
32	561	7.8	0
32	582	7.9	0
32	603	8	0
32	624	8.1	0
32	645	8.2	0
32	666	8.3	0
32	687	8.4	0
32	708	8.5	0
32	729	8.6	0
32	750	8.7	0
32	771	8.8	0
32	792	8.9	0
32	813	9	0
32	834	9.1	0
32	855	9.2	0
32	876	9.3	0
32	897	9.4	0
32	918	9.5	0
32	939	9.6	0
32	960	9.7	0
32	981	9.8	0
32	1002	9.9	0
32	1023	10	0
32	1044	10.1	0
32	1065	10.2	0
32	1086	10.3	0
32	1107	10.4	0
32	1128	10.5	0
32	1149	10.6	0
32	1170	10.7	0
32	1191	10.8	0
32	1212	10.9	0
32	1233	11	0
32	1254	11.1	0
32	1275	11.2	0
32	1296	11.3	0
32	1317	11.4	0
32	1338	11.5	0
32	1359	11.6	0
32	1380	11.7	0
32	1401	11.8	0
32	1422	11.9	0
32	1443	12	0
32	1464	12.1	0
32	1485	12.2	0
32	1506	12.3	0
32	1527	12.4	0
32	1548	12.5	0
32	1569	12.6	0
32	1590	12.7	0
32	1611	12.8	0
32	1632	12.9	0
32	1653	13	0
32	1674	13.1	0
32	1695	13.2	0
32	1716	13.3	0
32	1737	13.4	0
32	1758	13.5	0
32	1779	13.6	0
32	1800	13.7	0
32	1821	13.8	0
32	1842	13.9	0
32	1863	14	0
32	1884	14.1	0
32	1905	14.2	0
32	1926	14.3	0
32	1947	14.4	0
32	1968	14.5	0
32	1989	14.6	0
32	2010	14.7	0
32	2031	14.8	0
32	2052	14.9	0
32	2073	15	0
32	2094	15.1	0
32	2115	15.2	0
32	2136	15.3	0
32	2157	15.4	0
32	2178	15.5	0
32	2199	15.6	0
32	2220	15.7	0
32	2241	15.8	0
32	2262	15.9	0
32	2283	16	0
32	2304	16.1	0
32	2325	16.2	0
32	2346	16.3	0
32	2367	16.4	0
32	2388	16.5	0
32	2409	16.6	0
32	2430	16.7	0
32	2451	16.8	0
32	2472	16.9	0
32	2493	17	0
32	2514	17.1	0
32	2535	17.2	0
32	2556	17.3	0
32	2577	17.4	0
32	2598	17.5	0
32	2619	17.6	0
32	2640	17.7	0
32	2661	17.8	0
32	2682	17.9	0
32	2703	18	0
32	2724	18.1	0
32	2745	18.2	0
32	2766	18.3	0
32	2787	18.4	0
32	2808	18.5	0
32	2829	18.6	0
32	2850	18.7	0
32	2871	18.8	0
32	2892	18.9	0
32	2913	19	0
32	2934	19.1	0
32	2955	19.2	0
32	2976	19.3	0
32	2997	19.4	0
32	3018	19.5	0
32	3039	19.6	0
32	3060	19.7	0
32	3081	19.8	0
32	3102	19.9	0
32	3123	20	0
32	3144	20.1	0
32	3165	20.2	0
32	3186	20.3	0
32	3207	20.4	0
32	3228	20.5	0
32	3249	20.6	0
32	3270	20.7	0
32	3291	20.8	0
32	3312	20.9	0
32	3333	21	0
32	3354	21.1	0
32	3375	21.2	0
32	3396	21.3	0
32	3417	21.4	0
32	3438	21.5	0
32	3459	21.6	0
32	3480	21.7	0
32	3501	21.8	0
32	3522	21.9	0
32	3543	22	0
32	3564	22.1	0
32	3585	22.2	0
32	3606	22.3	0
32	3627	22.4	0
32	3648	22.5	0
32	3669	22.6	0
32	3690	22.7	0
32	3711	22.8	0
32	3732	22.9	0
32	3753	23	0
32	3774	23.1	0
32	3795	23.2	0
32	3816	23.3	0
32	3837	23.4	0
32	3858	23.5	0
32	3879	23.6	0
32	3900	23.7	0
32	3921	23.8	0
32	3942	23.9	0
32	3963	24	0
32	3984	24.1	0
32	4005	24.2	0
32	4026	24.3	0
32	4047	24.4	0
32	4068	24.5	0
32	4089	24.6	0
32	4110	24.7	0
32	4131	24.8	0
32	4152	24.9	0
32	4173	25	0
32	4194	25.1	0
32	4215	25.2	0
32	4236	25.3	0
32	4257	25.4	0
32	4278	25.5	0
32	4299	25.6	0
32	4320	25.7	0
32	4341	25.8	0
32	4362	25.9	0
32	4383	26	0
32	4404	26.1	0
32	4425	26.2	0
32	4446	26.3	0
32	4467	26.4	0
32	4488	26.5	0
32	4509	26.6	0
32	4530	26.7	0
32	4551	26.8	0
32	4572	26.9	0
32	4593	27	0
32	4614	27.1	0
32	4635	27.2	0
32	4656	27.3	0
32	4677	27.4	0
32	4698	27.5	0
32	4719	27.6	0
32	4740	27.7	0
32	4761	27.8	0
32	4782	27.9	0
32	4803	28	0
32	4824	28.1	0
32	4845	28.2	0
32	4866	28.3	0
32	4887	28.4	0
32	4908	28.5	0
32	4929	28.6	0
32	4950	28.7	0
32	4971	28.8	0
32	4992	28.9	0
32	5013	29	0
32	5034	29.1	0
32	5055	29.2	0
32	5076	29.3	0
32	5097	29.4	0
32	5118	29.5	0
32	5139	29.6	0
32	5160	29.7	0
32	5181	29.8	0
32	5202	29.9	0
32	5223	30	0
32	5244	30.1	0
32	5265	30.2	0
32	5286	30.3	0
32	5307	30.4	0
32	5328	30.5	0
32	5349	30.6	0
32	5370	30.7	0
32	5391	30.8	0
32	5412	30.9	0
32	5433	31	0
32	5454	31.1	0
32	5475	31.2	0
32	5496	31.3	0
32	5517	31.4	0
32	5538	31.5	0
32	5559	31.6	0
32	5580	31.7	0
32	5601	31.8	0
32	5622	31.9	0
32	5643	32	0
32	5664	32.1	0
32	5685	32.2	0
32	5706	32.3	0
32	5727	32.4	0
32	5748	32.5	0
32	5769	32.6	0
32	5790	32.7	0
32	5811	32.8	0
32	5832	32.9	0
32	5853	33	0
32	5874	33.1	0
32	5895	33.2	0
32	5916	33.3	0
32	5937	33.4	0
32	5958	33.5	0
32	5979	33.6	0
32	6000	33.7	0
32	6021	33.8	0
32	6042	33.9	0
32	6063	34	0
32	6084	34.1	0
32	6105	34.2	0
32	6126	34.3	0
32	6147	34.4	0
32	6168	34.5	0
32	6189	34.6	0
32	6210	34.7	0
32	6231	34.8	0
32	6252	34.9	0
32	6273	35	0
32	6294	35.1	0
32	6315	35.2	0
32	6336	35.3	0
32	6357	35.4	0
32	6378	35.5	0
32	6399	35.6	0
32	6420	35.7	0
32	6441	35.8	0
32	6462	35.9	0
32	6483	36	0
32	6504	36.1	0
32	6525	36.2	0
32	6546	36.3	0
32	6567	36.4	0
32	6588	36.5	0
32	6609	36.6	0
32	6630	36.7	0
32	6651	36.8	0
32	6672	36.9	0
32	6693	37	0
32	6714	37.1	0
32	6735	37.2	0
32	6756	37.3	0
32	6777	37.4	0
32	6798	37.5	0
32	6819	37.6	0
32	6840	37.7	0
32	6861	37.8	0
32	6882	37.9	0
32	6903	38	0
32	6924	38.1	0
32	6945	38.2	0
32	6966	38.3	0
32	6987	38.4	0
32	7008	38.5	0
32	7029	38.6	0
32	7050	38.7	0
32	7071	38.8	0
32	7092	38.9	0
32	7113	39	0
32	7134	39.1	0
32	7155	39.2	0
32	7176	39.3	0
32	7197	39.4	0
32	7218	39.5	0
32	7239	39.6	0
32	7260	39.7	0
32	7281	39.8	0
32	7302	39.9	0
32	7323	40	0
32	7344	40.1	0
32	7365	40.2	0
32	7386	40.3	0
32	7407	40.4	0
32	7428	40.5	0
32	7449	40.6	0
32	7470	40.7	0
32	7491	40.8	0
32	7512	40.9	0
32	7533	41	0
32	7554	41.1	0
32	7575	41.2	0
32	7596	41.3	0
32	7617	41.4	0
32	7638	41.5	0
32	7659	41.6	0
32	7680	41.7	0
32	7701	41.8	0
32	7722	41.9	0
32	7743	42	0
32	7764	42.1	0
32	7785	42.2	0
32	7806	42.3	0
32	7827	42.4	0
32	7848	42.5	0
32	7869	42.6	0
32	7890	42.7	0
32	7911	42.8	0
32	7932	42.9	0
32	7953	43	0
32	7974	43.1	0
32	7995	43.2	0
32	8016	43.3	0
32	8037	43.4	0
32	8058	43.5	0
32	8079	43.6	0
32	8100	43.7	0
32	8121	43.8	0
32	8142	43.9	0
32	8163	44	0
32	8184	44.1	0
32	8205	44.2	0
32	8226	44.3	0
32	8247	44.4	0
32	8268	44.5	0
32	8289	44.6	0
32	8310	44.7	0
32	8331	44.8	0
32	8352	44.9	0
32	8373	45	0
32	8394	45.1	0
32	8415	45.2	0
32	8436	45.3	0
32	8457	45.4	0
32	8478	45.5	0
32	8499	45.6	0
32	8520	45.7	0
32	8541	45.8	0
32	8562	45.9	0
32	8583	46	0
32	8604	46.1	0
32	8625	46.2	0
32	8646	46.3	0
32	8667	46.4	0
32	8688	46.5	0
32	8710	46.6	0
32	8730	46.7	5.2
32	8749	46.8	0
32	8768	46.9	4.7251108609512
32	8787	47	0
32	8806	47.1	3.9372919928349
32	8825	47.2	0
32	8844	47.3	4.3754715742178
32	8863	47.4	0
32	8882	47.5	4.9543801978014
32	8901	47.6	0
33	84	5.5	0.973
33	102	5.6	1.5964500797169
33	120	5.7	0.973
33	141	5.8	1.5487048597111
33	162	5.9	0.973
33	183	6	1.4907402299615
33	204	6.1	0.973
33	225	6.2	1.4360004590305
33	246	6.3	0.973
33	267	6.4	1.3840814816973
33	288	6.5	0.973
33	309	6.6	1.3345792327405
33	330	6.7	0.973
33	351	6.8	1.2870896469391
33	372	6.9	0.973
33	393	7	1.2412086590721
33	414	7.1	0.973
33	435	7.2	1.1965322039182
33	456	7.3	0.973
33	477	7.4	1.1526562162563
33	498	7.5	0.973
33	519	7.6	0.973
33	540	7.7	0.973
33	561	7.8	0.973
33	582	7.9	0.973
33	603	8	0.973
33	624	8.1	0.973
33	645	8.2	0.973
33	666	8.3	0.973
33	687	8.4	0.973
33	708	8.5	0.973
33	729	8.6	0.973
33	750	8.7	0.973
33	771	8.8	0.973
33	792	8.9	0.973
33	813	9	0.973
33	834	9.1	0.973
33	855	9.2	0.973
33	876	9.3	0.973
33	897	9.4	0.973
33	918	9.5	0.973
33	939	9.6	0.973
33	960	9.7	0.973
33	981	9.8	0.973
33	1002	9.9	0.973
33	1023	10	0.973
33	1044	10.1	0.973
33	1065	10.2	0.973
33	1086	10.3	0.973
33	1107	10.4	0.973
33	1128	10.5	0.973
33	1149	10.6	0.973
33	1170	10.7	0.973
33	1191	10.8	0.973
33	1212	10.9	0.973
33	1233	11	0.973
33	1254	11.1	0.973
33	1275	11.2	0.973
33	1296	11.3	0.973
33	1317	11.4	0.973
33	1338	11.5	0.973
33	1359	11.6	0.973
33	1380	11.7	0.973
33	1401	11.8	0.973
33	1422	11.9	0.973
33	1443	12	0.973
33	1464	12.1	0.973
33	1485	12.2	0.973
33	1506	12.3	0.973
33	1527	12.4	0.973
33	1548	12.5	0.973
33	1569	12.6	0.973
33	1590	12.7	0.973
33	1611	12.8	0.973
33	1632	12.9	0.973
33	1653	13	0.973
33	1674	13.1	0.973
33	1695	13.2	0.973
33	1716	13.3	0.973
33	1737	13.4	0.973
33	1758	13.5	0.973
33	1779	13.6	0.973
33	1800	13.7	0.973
33	1821	13.8	0.973
33	1842	13.9	0.973
33	1863	14	0.973
33	1884	14.1	0.973
33	1905	14.2	0.973
33	1926	14.3	0.973
33	1947	14.4	0.973
33	1968	14.5	0.973
33	1989	14.6	0.973
33	2010	14.7	0.973
33	2031	14.8	0.973
33	2052	14.9	0.973
33	2073	15	0.973
33	2094	15.1	0.973
33	2115	15.2	0.973
33	2136	15.3	0.973
33	2157	15.4	0.973
33	2178	15.5	0.973
33	2199	15.6	0.973
33	2220	15.7	0.973
33	2241	15.8	0.973
33	2262	15.9	0.973
33	2283	16	0.973
33	2304	16.1	0.973
33	2325	16.2	0.973
33	2346	16.3	0.973
33	2367	16.4	0.973
33	2388	16.5	0.973
33	2409	16.6	0.973
33	2430	16.7	0.973
33	2451	16.8	0.973
33	2472	16.9	0.973
33	2493	17	0.973
33	2514	17.1	0.973
33	2535	17.2	0.973
33	2556	17.3	0.973
33	2577	17.4	0.973
33	2598	17.5	0.973
33	2619	17.6	0.973
33	2640	17.7	0.973
33	2661	17.8	0.973
33	2682	17.9	0.973
33	2703	18	0.973
33	2724	18.1	0.973
33	2745	18.2	0.973
33	2766	18.3	0.973
33	2787	18.4	0.973
33	2808	18.5	0.973
33	2829	18.6	0.973
33	2850	18.7	0.973
33	2871	18.8	0.973
33	2892	18.9	0.973
33	2913	19	0.973
33	2934	19.1	0.973
33	2955	19.2	0.973
33	2976	19.3	0.973
33	2997	19.4	0.973
33	3018	19.5	0.973
33	3039	19.6	0.973
33	3060	19.7	0.973
33	3081	19.8	0.973
33	3102	19.9	0.973
33	3123	20	0.973
33	3144	20.1	0.973
33	3165	20.2	0.973
33	3186	20.3	0.973
33	3207	20.4	0.973
33	3228	20.5	0.973
33	3249	20.6	0.973
33	3270	20.7	0.973
33	3291	20.8	0.973
33	3312	20.9	0.973
33	3333	21	0.973
33	3354	21.1	0.973
33	3375	21.2	0.973
33	3396	21.3	0.973
33	3417	21.4	0.973
33	3438	21.5	0.973
33	3459	21.6	0.973
33	3480	21.7	0.973
33	3501	21.8	0.973
33	3522	21.9	0.973
33	3543	22	0.973
33	3564	22.1	0.973
33	3585	22.2	0.973
33	3606	22.3	0.973
33	3627	22.4	0.973
33	3648	22.5	0.973
33	3669	22.6	0.973
33	3690	22.7	0.973
33	3711	22.8	0.973
33	3732	22.9	0.973
33	3753	23	0.973
33	3774	23.1	0.973
33	3795	23.2	0.973
33	3816	23.3	0.973
33	3837	23.4	0.973
33	3858	23.5	0.973
33	3879	23.6	0.973
33	3900	23.7	0.973
33	3921	23.8	0.973
33	3942	23.9	0.973
33	3963	24	0.973
33	3984	24.1	0.973
33	4005	24.2	0.973
33	4026	24.3	0.973
33	4047	24.4	0.973
33	4068	24.5	0.973
33	4089	24.6	0.973
33	4110	24.7	0.973
33	4131	24.8	0.973
33	4152	24.9	0.973
33	4173	25	0.973
33	4194	25.1	0.973
33	4215	25.2	0.973
33	4236	25.3	0.973
33	4257	25.4	0.973
33	4278	25.5	0.973
33	4299	25.6	0.973
33	4320	25.7	0.973
33	4341	25.8	0.973
33	4362	25.9	0.973
33	4383	26	0.973
33	4404	26.1	0.973
33	4425	26.2	0.973
33	4446	26.3	0.973
33	4467	26.4	0.973
33	4488	26.5	0.973
33	4509	26.6	0.973
33	4530	26.7	0.973
33	4551	26.8	0.973
33	4572	26.9	0.973
33	4593	27	0.973
33	4614	27.1	0.973
33	4635	27.2	0.973
33	4656	27.3	0.973
33	4677	27.4	0.973
33	4698	27.5	0.973
33	4719	27.6	0.973
33	4740	27.7	0.973
33	4761	27.8	0.973
33	4782	27.9	0.973
33	4803	28	0.973
33	4824	28.1	0.973
33	4845	28.2	0.973
33	4866	28.3	0.973
33	4887	28.4	0.973
33	4908	28.5	0.973
33	4929	28.6	0.973
33	4950	28.7	0.973
33	4971	28.8	0.973
33	4992	28.9	0.973
33	5013	29	0.973
33	5034	29.1	0.973
33	5055	29.2	0.973
33	5076	29.3	0.973
33	5097	29.4	0.973
33	5118	29.5	0.973
33	5139	29.6	0.973
33	5160	29.7	0.973
33	5181	29.8	0.973
33	5202	29.9	0.973
33	5223	30	0.973
33	5244	30.1	0.973
33	5265	30.2	0.973
33	5286	30.3	0.973
33	5307	30.4	0.973
33	5328	30.5	0.973
33	5349	30.6	0.973
33	5370	30.7	0.973
33	5391	30.8	0.973
33	5412	30.9	0.973
33	5433	31	0.973
33	5454	31.1	0.973
33	5475	31.2	0.973
33	5496	31.3	0.973
33	5517	31.4	0.973
33	5538	31.5	0.973
33	5559	31.6	0.973
33	5580	31.7	0.973
33	5601	31.8	0.973
33	5622	31.9	0.973
33	5643	32	0.973
33	5664	32.1	0.973
33	5685	32.2	0.973
33	5706	32.3	0.973
33	5727	32.4	0.973
33	5748	32.5	0.973
33	5769	32.6	0.973
33	5790	32.7	0.973
33	5811	32.8	0.973
33	5832	32.9	0.973
33	5853	33	0.973
33	5874	33.1	0.973
33	5895	33.2	0.973
33	5916	33.3	0.973
33	5937	33.4	0.973
33	5958	33.5	0.973
33	5979	33.6	0.973
33	6000	33.7	0.973
33	6021	33.8	0.973
33	6042	33.9	0.973
33	6063	34	0.973
33	6084	34.1	0.973
33	6105	34.2	0.973
33	6126	34.3	0.973
33	6147	34.4	0.973
33	6168	34.5	0.973
33	6189	34.6	0.973
33	6210	34.7	0.973
33	6231	34.8	0.973
33	6252	34.9	0.973
33	6273	35	0.973
33	6294	35.1	0.973
33	6315	35.2	0.973
33	6336	35.3	0.973
33	6357	35.4	0.973
33	6378	35.5	0.973
33	6399	35.6	0.973
33	6420	35.7	0.973
33	6441	35.8	0.973
33	6462	35.9	0.973
33	6483	36	0.973
33	6504	36.1	0.973
33	6525	36.2	0.973
33	6546	36.3	0.973
33	6567	36.4	0.973
33	6588	36.5	0.973
33	6609	36.6	0.973
33	6630	36.7	0.973
33	6651	36.8	0.973
33	6672	36.9	0.973
33	6693	37	0.973
33	6714	37.1	0.973
33	6735	37.2	0.973
33	6756	37.3	0.973
33	6777	37.4	0.973
33	6798	37.5	0.973
33	6819	37.6	0.973
33	6840	37.7	0.973
33	6861	37.8	0.973
33	6882	37.9	0.973
33	6903	38	0.973
33	6924	38.1	0.973
33	6945	38.2	0.973
33	6966	38.3	0.973
33	6987	38.4	0.973
33	7008	38.5	0.973
33	7029	38.6	0.973
33	7050	38.7	0.973
33	7071	38.8	0.973
33	7092	38.9	0.973
33	7113	39	0.973
33	7134	39.1	0.973
33	7155	39.2	0.973
33	7176	39.3	0.973
33	7197	39.4	0.973
33	7218	39.5	0.973
33	7239	39.6	0.973
33	7260	39.7	0.973
33	7281	39.8	0.973
33	7302	39.9	0.973
33	7323	40	0.973
33	7344	40.1	0.973
33	7365	40.2	0.973
33	7386	40.3	0.973
33	7407	40.4	0.973
33	7428	40.5	0.973
33	7449	40.6	0.973
33	7470	40.7	0.973
33	7491	40.8	0.973
33	7512	40.9	0.973
33	7533	41	0.973
33	7554	41.1	0.973
33	7575	41.2	0.973
33	7596	41.3	0.973
33	7617	41.4	0.973
33	7638	41.5	0.973
33	7659	41.6	0.973
33	7680	41.7	0.973
33	7701	41.8	0.973
33	7722	41.9	0.973
33	7743	42	0.973
33	7764	42.1	0.973
33	7785	42.2	0.973
33	7806	42.3	0.973
33	7827	42.4	0.973
33	7848	42.5	0.973
33	7869	42.6	0.973
33	7890	42.7	0.973
33	7911	42.8	0.973
33	7932	42.9	0.973
33	7953	43	0.973
33	7974	43.1	0.973
33	7995	43.2	0.973
33	8016	43.3	0.973
33	8037	43.4	0.973
33	8058	43.5	0.973
33	8079	43.6	0.973
33	8100	43.7	0.973
33	8121	43.8	0.973
33	8142	43.9	0.973
33	8163	44	0.973
33	8184	44.1	0.973
33	8205	44.2	0.973
33	8226	44.3	0.973
33	8247	44.4	0.973
33	8268	44.5	0.973
33	8289	44.6	0.973
33	8310	44.7	0.973
33	8331	44.8	0.973
33	8352	44.9	0.973
33	8373	45	0.973
33	8394	45.1	0.973
33	8415	45.2	0.973
33	8436	45.3	0.973
33	8457	45.4	0.973
33	8478	45.5	0.973
33	8499	45.6	0.973
33	8520	45.7	0.973
33	8541	45.8	0.973
33	8562	45.9	0.973
33	8583	46	0.973
33	8604	46.1	0.973
33	8625	46.2	0.973
33	8646	46.3	0.973
33	8667	46.4	0.973
33	8688	46.5	0.973
33	8710	46.6	0.973
33	8730	46.7	1.7867617892096
33	8749	46.8	1.1350977892096
33	8768	46.9	2.2881927576428
33	8787	47	1.1579690537249
33	8806	47.1	2.4925042170814
33	8825	47.2	1.1771183181217
33	8844	47.3	3.1217030599923
33	8863	47.4	1.1985399026657
33	8882	47.5	3.9922000861051
33	8901	47.6	1.2230318319481
34	84	5.5	-4.9500000000001
34	102	5.6	0
34	120	5.7	0.029155571850067
34	141	5.8	0
34	162	5.9	-0.029155571850067
34	183	6	0
34	204	6.1	0
34	225	6.2	0
34	246	6.3	0
34	267	6.4	0
34	288	6.5	0
34	309	6.6	0
34	330	6.7	0
34	351	6.8	0
34	372	6.9	0
34	393	7	0
34	414	7.1	0
34	435	7.2	0
34	456	7.3	0
34	477	7.4	0
34	498	7.5	0
34	519	7.6	0
34	540	7.7	0
34	561	7.8	0
34	582	7.9	0
34	603	8	0
34	624	8.1	0
34	645	8.2	0
34	666	8.3	0
34	687	8.4	0
34	708	8.5	0
34	729	8.6	0
34	750	8.7	0
34	771	8.8	0
34	792	8.9	0
34	813	9	0
34	834	9.1	0
34	855	9.2	0
34	876	9.3	0
34	897	9.4	0
34	918	9.5	0
34	939	9.6	0
34	960	9.7	0
34	981	9.8	0
34	1002	9.9	0
34	1023	10	0
34	1044	10.1	0
34	1065	10.2	0
34	1086	10.3	0
34	1107	10.4	0
34	1128	10.5	0
34	1149	10.6	0
34	1170	10.7	0
34	1191	10.8	0
34	1212	10.9	0
34	1233	11	0
34	1254	11.1	0
34	1275	11.2	0
34	1296	11.3	0
34	1317	11.4	0
34	1338	11.5	0
34	1359	11.6	0
34	1380	11.7	0
34	1401	11.8	0
34	1422	11.9	0
34	1443	12	0
34	1464	12.1	0
34	1485	12.2	0
34	1506	12.3	0
34	1527	12.4	0
34	1548	12.5	0
34	1569	12.6	0
34	1590	12.7	0
34	1611	12.8	0
34	1632	12.9	0
34	1653	13	0
34	1674	13.1	0
34	1695	13.2	0
34	1716	13.3	0
34	1737	13.4	0
34	1758	13.5	0
34	1779	13.6	0
34	1800	13.7	0
34	1821	13.8	0
34	1842	13.9	0
34	1863	14	0
34	1884	14.1	0
34	1905	14.2	0
34	1926	14.3	0
34	1947	14.4	0
34	1968	14.5	0
34	1989	14.6	0
34	2010	14.7	0
34	2031	14.8	0
34	2052	14.9	0
34	2073	15	0
34	2094	15.1	0
34	2115	15.2	0
34	2136	15.3	0
34	2157	15.4	0
34	2178	15.5	0
34	2199	15.6	0
34	2220	15.7	0
34	2241	15.8	0
34	2262	15.9	0
34	2283	16	0
34	2304	16.1	0
34	2325	16.2	0
34	2346	16.3	0
34	2367	16.4	0
34	2388	16.5	0
34	2409	16.6	0
34	2430	16.7	0
34	2451	16.8	0
34	2472	16.9	0
34	2493	17	0
34	2514	17.1	0
34	2535	17.2	0
34	2556	17.3	0
34	2577	17.4	0
34	2598	17.5	0
34	2619	17.6	0
34	2640	17.7	0
34	2661	17.8	0
34	2682	17.9	0
34	2703	18	0
34	2724	18.1	0
34	2745	18.2	0
34	2766	18.3	0
34	2787	18.4	0
34	2808	18.5	0
34	2829	18.6	0
34	2850	18.7	0
34	2871	18.8	0
34	2892	18.9	0
34	2913	19	0
34	2934	19.1	0
34	2955	19.2	0
34	2976	19.3	0
34	2997	19.4	0
34	3018	19.5	0
34	3039	19.6	0
34	3060	19.7	0
34	3081	19.8	0
34	3102	19.9	0
34	3123	20	0
34	3144	20.1	0
34	3165	20.2	0
34	3186	20.3	0
34	3207	20.4	0
34	3228	20.5	0
34	3249	20.6	0
34	3270	20.7	0
34	3291	20.8	0
34	3312	20.9	0
34	3333	21	0
34	3354	21.1	0
34	3375	21.2	0
34	3396	21.3	0
34	3417	21.4	0
34	3438	21.5	0
34	3459	21.6	0
34	3480	21.7	0
34	3501	21.8	0
34	3522	21.9	0
34	3543	22	0
34	3564	22.1	0
34	3585	22.2	0
34	3606	22.3	0
34	3627	22.4	0
34	3648	22.5	0
34	3669	22.6	0
34	3690	22.7	0
34	3711	22.8	0
34	3732	22.9	0
34	3753	23	0
34	3774	23.1	0
34	3795	23.2	0
34	3816	23.3	0
34	3837	23.4	0
34	3858	23.5	0
34	3879	23.6	0
34	3900	23.7	0
34	3921	23.8	0
34	3942	23.9	0
34	3963	24	0
34	3984	24.1	0
34	4005	24.2	0
34	4026	24.3	0
34	4047	24.4	0
34	4068	24.5	0
34	4089	24.6	0
34	4110	24.7	0
34	4131	24.8	0
34	4152	24.9	0
34	4173	25	0
34	4194	25.1	0
34	4215	25.2	0
34	4236	25.3	0
34	4257	25.4	0
34	4278	25.5	0
34	4299	25.6	0
34	4320	25.7	0
34	4341	25.8	0
34	4362	25.9	0
34	4383	26	0
34	4404	26.1	0
34	4425	26.2	0
34	4446	26.3	0
34	4467	26.4	0
34	4488	26.5	0
34	4509	26.6	0
34	4530	26.7	0
34	4551	26.8	0
34	4572	26.9	0
34	4593	27	0
34	4614	27.1	0
34	4635	27.2	0
34	4656	27.3	0
34	4677	27.4	0
34	4698	27.5	0
34	4719	27.6	0
34	4740	27.7	0
34	4761	27.8	0
34	4782	27.9	0
34	4803	28	0
34	4824	28.1	0
34	4845	28.2	0
34	4866	28.3	0
34	4887	28.4	0
34	4908	28.5	0
34	4929	28.6	0
34	4950	28.7	0
34	4971	28.8	0
34	4992	28.9	0
34	5013	29	0
34	5034	29.1	0
34	5055	29.2	0
34	5076	29.3	0
34	5097	29.4	0
34	5118	29.5	0
34	5139	29.6	0
34	5160	29.7	0
34	5181	29.8	0
34	5202	29.9	0
34	5223	30	0
34	5244	30.1	0
34	5265	30.2	0
34	5286	30.3	0
34	5307	30.4	0
34	5328	30.5	0
34	5349	30.6	0
34	5370	30.7	0
34	5391	30.8	0
34	5412	30.9	0
34	5433	31	0
34	5454	31.1	0
34	5475	31.2	0
34	5496	31.3	0
34	5517	31.4	0
34	5538	31.5	0
34	5559	31.6	0
34	5580	31.7	0
34	5601	31.8	0
34	5622	31.9	0
34	5643	32	0
34	5664	32.1	0
34	5685	32.2	0
34	5706	32.3	0
34	5727	32.4	0
34	5748	32.5	0
34	5769	32.6	0
34	5790	32.7	0
34	5811	32.8	0
34	5832	32.9	0
34	5853	33	0
34	5874	33.1	0
34	5895	33.2	0
34	5916	33.3	0
34	5937	33.4	0
34	5958	33.5	0
34	5979	33.6	0
34	6000	33.7	0
34	6021	33.8	0
34	6042	33.9	0
34	6063	34	0
34	6084	34.1	0
34	6105	34.2	0
34	6126	34.3	0
34	6147	34.4	0
34	6168	34.5	0
34	6189	34.6	0
34	6210	34.7	0
34	6231	34.8	0
34	6252	34.9	0
34	6273	35	0
34	6294	35.1	0
34	6315	35.2	0
34	6336	35.3	0
34	6357	35.4	0
34	6378	35.5	0
34	6399	35.6	0
34	6420	35.7	0
34	6441	35.8	0
34	6462	35.9	0
34	6483	36	0
34	6504	36.1	0
34	6525	36.2	0
34	6546	36.3	0
34	6567	36.4	0
34	6588	36.5	0
34	6609	36.6	0
34	6630	36.7	0
34	6651	36.8	0
34	6672	36.9	0
34	6693	37	0
34	6714	37.1	0
34	6735	37.2	0
34	6756	37.3	0
34	6777	37.4	0
34	6798	37.5	0
34	6819	37.6	0
34	6840	37.7	0
34	6861	37.8	0
34	6882	37.9	0
34	6903	38	0
34	6924	38.1	0
34	6945	38.2	0
34	6966	38.3	0
34	6987	38.4	0
34	7008	38.5	0
34	7029	38.6	0
34	7050	38.7	0
34	7071	38.8	0
34	7092	38.9	0
34	7113	39	0
34	7134	39.1	0
34	7155	39.2	0
34	7176	39.3	0
34	7197	39.4	0
34	7218	39.5	0
34	7239	39.6	0
34	7260	39.7	0
34	7281	39.8	0
34	7302	39.9	0
34	7323	40	0
34	7344	40.1	0
34	7365	40.2	0
34	7386	40.3	0
34	7407	40.4	0
34	7428	40.5	0
34	7449	40.6	0
34	7470	40.7	0
34	7491	40.8	0
34	7512	40.9	0
34	7533	41	0
34	7554	41.1	0
34	7575	41.2	0
34	7596	41.3	0
34	7617	41.4	0
34	7638	41.5	0
34	7659	41.6	0
34	7680	41.7	0
34	7701	41.8	0
34	7722	41.9	0
34	7743	42	0
34	7764	42.1	0
34	7785	42.2	0
34	7806	42.3	0
34	7827	42.4	0
34	7848	42.5	0
34	7869	42.6	0
34	7890	42.7	0
34	7911	42.8	0
34	7932	42.9	0
34	7953	43	0
34	7974	43.1	0
34	7995	43.2	0
34	8016	43.3	0
34	8037	43.4	0
34	8058	43.5	0
34	8079	43.6	0
34	8100	43.7	0
34	8121	43.8	0
34	8142	43.9	0
34	8163	44	0
34	8184	44.1	0
34	8205	44.2	0
34	8226	44.3	0
34	8247	44.4	0
34	8268	44.5	0
34	8289	44.6	0
34	8310	44.7	0
34	8331	44.8	0
34	8352	44.9	0
34	8373	45	0
34	8394	45.1	0
34	8415	45.2	0
34	8436	45.3	0
34	8457	45.4	0
34	8478	45.5	0
34	8499	45.6	0
34	8520	45.7	0
34	8541	45.8	0
34	8562	45.9	0
34	8583	46	0
34	8604	46.1	0
34	8625	46.2	0
34	8646	46.3	0
34	8667	46.4	0
34	8688	46.5	0
34	8710	46.6	0
34	8730	46.7	0
34	8749	46.8	0
34	8768	46.9	0
34	8787	47	0
34	8806	47.1	0
34	8825	47.2	0
34	8844	47.3	0
34	8863	47.4	0
34	8882	47.5	0
34	8901	47.6	0
35	84	5.5	0.973
35	102	5.6	0.973
35	120	5.7	1.1101611326225
35	141	5.8	1.1101406464809
35	162	5.9	0.973
35	183	6	0.973
35	204	6.1	0.973
35	225	6.2	0.973
35	246	6.3	0.973
35	267	6.4	0.973
35	288	6.5	0.973
35	309	6.6	0.973
35	330	6.7	0.973
35	351	6.8	0.973
35	372	6.9	0.973
35	393	7	0.973
35	414	7.1	0.973
35	435	7.2	0.973
35	456	7.3	0.973
35	477	7.4	0.973
35	498	7.5	0.973
35	519	7.6	0.973
35	540	7.7	0.973
35	561	7.8	0.973
35	582	7.9	0.973
35	603	8	0.973
35	624	8.1	0.973
35	645	8.2	0.973
35	666	8.3	0.973
35	687	8.4	0.973
35	708	8.5	0.973
35	729	8.6	0.973
35	750	8.7	0.973
35	771	8.8	0.973
35	792	8.9	0.973
35	813	9	0.973
35	834	9.1	0.973
35	855	9.2	0.973
35	876	9.3	0.973
35	897	9.4	0.973
35	918	9.5	0.973
35	939	9.6	0.973
35	960	9.7	0.973
35	981	9.8	0.973
35	1002	9.9	0.973
35	1023	10	0.973
35	1044	10.1	0.973
35	1065	10.2	0.973
35	1086	10.3	0.973
35	1107	10.4	0.973
35	1128	10.5	0.973
35	1149	10.6	0.973
35	1170	10.7	0.973
35	1191	10.8	0.973
35	1212	10.9	0.973
35	1233	11	0.973
35	1254	11.1	0.973
35	1275	11.2	0.973
35	1296	11.3	0.973
35	1317	11.4	0.973
35	1338	11.5	0.973
35	1359	11.6	0.973
35	1380	11.7	0.973
35	1401	11.8	0.973
35	1422	11.9	0.973
35	1443	12	0.973
35	1464	12.1	0.973
35	1485	12.2	0.973
35	1506	12.3	0.973
35	1527	12.4	0.973
35	1548	12.5	0.973
35	1569	12.6	0.973
35	1590	12.7	0.973
35	1611	12.8	0.973
35	1632	12.9	0.973
35	1653	13	0.973
35	1674	13.1	0.973
35	1695	13.2	0.973
35	1716	13.3	0.973
35	1737	13.4	0.973
35	1758	13.5	0.973
35	1779	13.6	0.973
35	1800	13.7	0.973
35	1821	13.8	0.973
35	1842	13.9	0.973
35	1863	14	0.973
35	1884	14.1	0.973
35	1905	14.2	0.973
35	1926	14.3	0.973
35	1947	14.4	0.973
35	1968	14.5	0.973
35	1989	14.6	0.973
35	2010	14.7	0.973
35	2031	14.8	0.973
35	2052	14.9	0.973
35	2073	15	0.973
35	2094	15.1	0.973
35	2115	15.2	0.973
35	2136	15.3	0.973
35	2157	15.4	0.973
35	2178	15.5	0.973
35	2199	15.6	0.973
35	2220	15.7	0.973
35	2241	15.8	0.973
35	2262	15.9	0.973
35	2283	16	0.973
35	2304	16.1	0.973
35	2325	16.2	0.973
35	2346	16.3	0.973
35	2367	16.4	0.973
35	2388	16.5	0.973
35	2409	16.6	0.973
35	2430	16.7	0.973
35	2451	16.8	0.973
35	2472	16.9	0.973
35	2493	17	0.973
35	2514	17.1	0.973
35	2535	17.2	0.973
35	2556	17.3	0.973
35	2577	17.4	0.973
35	2598	17.5	0.973
35	2619	17.6	0.973
35	2640	17.7	0.973
35	2661	17.8	0.973
35	2682	17.9	0.973
35	2703	18	0.973
35	2724	18.1	0.973
35	2745	18.2	0.973
35	2766	18.3	0.973
35	2787	18.4	0.973
35	2808	18.5	0.973
35	2829	18.6	0.973
35	2850	18.7	0.973
35	2871	18.8	0.973
35	2892	18.9	0.973
35	2913	19	0.973
35	2934	19.1	0.973
35	2955	19.2	0.973
35	2976	19.3	0.973
35	2997	19.4	0.973
35	3018	19.5	0.973
35	3039	19.6	0.973
35	3060	19.7	0.973
35	3081	19.8	0.973
35	3102	19.9	0.973
35	3123	20	0.973
35	3144	20.1	0.973
35	3165	20.2	0.973
35	3186	20.3	0.973
35	3207	20.4	0.973
35	3228	20.5	0.973
35	3249	20.6	0.973
35	3270	20.7	0.973
35	3291	20.8	0.973
35	3312	20.9	0.973
35	3333	21	0.973
35	3354	21.1	0.973
35	3375	21.2	0.973
35	3396	21.3	0.973
35	3417	21.4	0.973
35	3438	21.5	0.973
35	3459	21.6	0.973
35	3480	21.7	0.973
35	3501	21.8	0.973
35	3522	21.9	0.973
35	3543	22	0.973
35	3564	22.1	0.973
35	3585	22.2	0.973
35	3606	22.3	0.973
35	3627	22.4	0.973
35	3648	22.5	0.973
35	3669	22.6	0.973
35	3690	22.7	0.973
35	3711	22.8	0.973
35	3732	22.9	0.973
35	3753	23	0.973
35	3774	23.1	0.973
35	3795	23.2	0.973
35	3816	23.3	0.973
35	3837	23.4	0.973
35	3858	23.5	0.973
35	3879	23.6	0.973
35	3900	23.7	0.973
35	3921	23.8	0.973
35	3942	23.9	0.973
35	3963	24	0.973
35	3984	24.1	0.973
35	4005	24.2	0.973
35	4026	24.3	0.973
35	4047	24.4	0.973
35	4068	24.5	0.973
35	4089	24.6	0.973
35	4110	24.7	0.973
35	4131	24.8	0.973
35	4152	24.9	0.973
35	4173	25	0.973
35	4194	25.1	0.973
35	4215	25.2	0.973
35	4236	25.3	0.973
35	4257	25.4	0.973
35	4278	25.5	0.973
35	4299	25.6	0.973
35	4320	25.7	0.973
35	4341	25.8	0.973
35	4362	25.9	0.973
35	4383	26	0.973
35	4404	26.1	0.973
35	4425	26.2	0.973
35	4446	26.3	0.973
35	4467	26.4	0.973
35	4488	26.5	0.973
35	4509	26.6	0.973
35	4530	26.7	0.973
35	4551	26.8	0.973
35	4572	26.9	0.973
35	4593	27	0.973
35	4614	27.1	0.973
35	4635	27.2	0.973
35	4656	27.3	0.973
35	4677	27.4	0.973
35	4698	27.5	0.973
35	4719	27.6	0.973
35	4740	27.7	0.973
35	4761	27.8	0.973
35	4782	27.9	0.973
35	4803	28	0.973
35	4824	28.1	0.973
35	4845	28.2	0.973
35	4866	28.3	0.973
35	4887	28.4	0.973
35	4908	28.5	0.973
35	4929	28.6	0.973
35	4950	28.7	0.973
35	4971	28.8	0.973
35	4992	28.9	0.973
35	5013	29	0.973
35	5034	29.1	0.973
35	5055	29.2	0.973
35	5076	29.3	0.973
35	5097	29.4	0.973
35	5118	29.5	0.973
35	5139	29.6	0.973
35	5160	29.7	0.973
35	5181	29.8	0.973
35	5202	29.9	0.973
35	5223	30	0.973
35	5244	30.1	0.973
35	5265	30.2	0.973
35	5286	30.3	0.973
35	5307	30.4	0.973
35	5328	30.5	0.973
35	5349	30.6	0.973
35	5370	30.7	0.973
35	5391	30.8	0.973
35	5412	30.9	0.973
35	5433	31	0.973
35	5454	31.1	0.973
35	5475	31.2	0.973
35	5496	31.3	0.973
35	5517	31.4	0.973
35	5538	31.5	0.973
35	5559	31.6	0.973
35	5580	31.7	0.973
35	5601	31.8	0.973
35	5622	31.9	0.973
35	5643	32	0.973
35	5664	32.1	0.973
35	5685	32.2	0.973
35	5706	32.3	0.973
35	5727	32.4	0.973
35	5748	32.5	0.973
35	5769	32.6	0.973
35	5790	32.7	0.973
35	5811	32.8	0.973
35	5832	32.9	0.973
35	5853	33	0.973
35	5874	33.1	0.973
35	5895	33.2	0.973
35	5916	33.3	0.973
35	5937	33.4	0.973
35	5958	33.5	0.973
35	5979	33.6	0.973
35	6000	33.7	0.973
35	6021	33.8	0.973
35	6042	33.9	0.973
35	6063	34	0.973
35	6084	34.1	0.973
35	6105	34.2	0.973
35	6126	34.3	0.973
35	6147	34.4	0.973
35	6168	34.5	0.973
35	6189	34.6	0.973
35	6210	34.7	0.973
35	6231	34.8	0.973
35	6252	34.9	0.973
35	6273	35	0.973
35	6294	35.1	0.973
35	6315	35.2	0.973
35	6336	35.3	0.973
35	6357	35.4	0.973
35	6378	35.5	0.973
35	6399	35.6	0.973
35	6420	35.7	0.973
35	6441	35.8	0.973
35	6462	35.9	0.973
35	6483	36	0.973
35	6504	36.1	0.973
35	6525	36.2	0.973
35	6546	36.3	0.973
35	6567	36.4	0.973
35	6588	36.5	0.973
35	6609	36.6	0.973
35	6630	36.7	0.973
35	6651	36.8	0.973
35	6672	36.9	0.973
35	6693	37	0.973
35	6714	37.1	0.973
35	6735	37.2	0.973
35	6756	37.3	0.973
35	6777	37.4	0.973
35	6798	37.5	0.973
35	6819	37.6	0.973
35	6840	37.7	0.973
35	6861	37.8	0.973
35	6882	37.9	0.973
35	6903	38	0.973
35	6924	38.1	0.973
35	6945	38.2	0.973
35	6966	38.3	0.973
35	6987	38.4	0.973
35	7008	38.5	0.973
35	7029	38.6	0.973
35	7050	38.7	0.973
35	7071	38.8	0.973
35	7092	38.9	0.973
35	7113	39	0.973
35	7134	39.1	0.973
35	7155	39.2	0.973
35	7176	39.3	0.973
35	7197	39.4	0.973
35	7218	39.5	0.973
35	7239	39.6	0.973
35	7260	39.7	0.973
35	7281	39.8	0.973
35	7302	39.9	0.973
35	7323	40	0.973
35	7344	40.1	0.973
35	7365	40.2	0.973
35	7386	40.3	0.973
35	7407	40.4	0.973
35	7428	40.5	0.973
35	7449	40.6	0.973
35	7470	40.7	0.973
35	7491	40.8	0.973
35	7512	40.9	0.973
35	7533	41	0.973
35	7554	41.1	0.973
35	7575	41.2	0.973
35	7596	41.3	0.973
35	7617	41.4	0.973
35	7638	41.5	0.973
35	7659	41.6	0.973
35	7680	41.7	0.973
35	7701	41.8	0.973
35	7722	41.9	0.973
35	7743	42	0.973
35	7764	42.1	0.973
35	7785	42.2	0.973
35	7806	42.3	0.973
35	7827	42.4	0.973
35	7848	42.5	0.973
35	7869	42.6	0.973
35	7890	42.7	0.973
35	7911	42.8	0.973
35	7932	42.9	0.973
35	7953	43	0.973
35	7974	43.1	0.973
35	7995	43.2	0.973
35	8016	43.3	0.973
35	8037	43.4	0.973
35	8058	43.5	0.973
35	8079	43.6	0.973
35	8100	43.7	0.973
35	8121	43.8	0.973
35	8142	43.9	0.973
35	8163	44	0.973
35	8184	44.1	0.973
35	8205	44.2	0.973
35	8226	44.3	0.973
35	8247	44.4	0.973
35	8268	44.5	0.973
35	8289	44.6	0.973
35	8310	44.7	0.973
35	8331	44.8	0.973
35	8352	44.9	0.973
35	8373	45	0.973
35	8394	45.1	0.973
35	8415	45.2	0.973
35	8436	45.3	0.973
35	8457	45.4	0.973
35	8478	45.5	0.973
35	8499	45.6	0.973
35	8520	45.7	0.973
35	8541	45.8	0.973
35	8562	45.9	0.973
35	8583	46	0.973
35	8604	46.1	0.973
35	8625	46.2	0.973
35	8646	46.3	0.973
35	8667	46.4	0.973
35	8688	46.5	0.973
35	8710	46.6	0.973
35	8730	46.7	0.973
35	8749	46.8	0.973
35	8768	46.9	0.973
35	8787	47	0.973
35	8806	47.1	0.973
35	8825	47.2	0.973
35	8844	47.3	0.973
35	8863	47.4	0.973
35	8882	47.5	0.973
35	8901	47.6	0.973

