version 3
run BFTOverV2V-0-20260122-22:47:58-430396
attr configname BFTOverV2V
attr datetime 20260122-22:47:58
attr datetimef 20260122-224758
attr experiment BFTOverV2V
attr inifile omnetpp.ini
attr iterationvars ""
attr iterationvarsd ""
attr iterationvarsf ""
attr measurement ""
attr network fourWay
attr processid 430396
attr repetition 0
attr replication #0
attr resultdir results
attr runnumber 0
attr seedset 0
config extends WithChannelSwitching
config *.node[*].applType "\"org.car2x.veins.modules.bftsmart.V2VProxyModule\""
config *.node[0].appl.replicaId 0
config *.node[1].appl.replicaId 1
config *.node[2].appl.replicaId 2
config *.node[3].appl.replicaId 3
config *.node[*].appl.intersectionX 104m
config *.node[*].appl.intersectionY 82m
config *.node[*].appl.stopDistance 50m
config *.node[*].appl.intersectionWidth 15m
config *.node[*].appl.avgSpeed 14mps
config *.node[*].appl.safetyGap 1.5s
config *.node[*].appl.gatewayHost "\"\""
config *.node[*].appl.gatewayPort 0
config *.node[*].appl.carId "\"\""
config *.node[*].appl.direction "\"\""
config *.connectionManager.pMax 20mW
config *.connectionManager.sat -89dBm
config *.connectionManager.alpha 2.0
config *.connectionManager.carrierFrequency "5.890e9 Hz"
config *.node[*].nic.phy80211p.collectCollisionStatistics true
config *.node[*].nic.phy80211p.ccaThreshold -90dBm
config *.node[*].nic.mac1609_4.cwMin 15
config *.node[*].nic.mac1609_4.cwMax 1023
config *.**.nic.mac1609_4.useServiceChannel false
config *.node[*].appl.dataOnSch false
config *.rsu[*].appl.dataOnSch false
config *.node[*].nic.mac1609_4.useServiceChannel false
config *.node[0].appl.gatewayHost "\"127.0.0.1\""
config *.node[0].appl.gatewayPort 9001
config *.node[0].appl.carId "\"CAR_0\""
config *.node[0].appl.direction "\"straight\""
config *.node[0].appl.stopDistance 50m
config *.node[0].appl.intersectionX 104m
config *.node[0].appl.intersectionY 82m
config *.node[1].appl.gatewayHost "\"127.0.0.1\""
config *.node[1].appl.gatewayPort 9002
config *.node[1].appl.carId "\"CAR_1\""
config *.node[1].appl.direction "\"right\""
config *.node[1].appl.stopDistance 50m
config *.node[1].appl.intersectionX 104m
config *.node[1].appl.intersectionY 82m
config *.node[2].appl.gatewayHost "\"127.0.0.1\""
config *.node[2].appl.gatewayPort 9003
config *.node[2].appl.carId "\"CAR_2\""
config *.node[2].appl.direction "\"left\""
config *.node[2].appl.stopDistance 50m
config *.node[2].appl.intersectionX 104m
config *.node[2].appl.intersectionY 82m
config *.node[3].appl.gatewayHost "\"127.0.0.1\""
config *.node[3].appl.gatewayPort 9004
config *.node[3].appl.carId "\"CAR_3\""
config *.node[3].appl.direction "\"right\""
config *.node[3].appl.stopDistance 50m
config *.node[3].appl.intersectionX 104m
config *.node[3].appl.intersectionY 82m
config scheduler-class omnetpp::cRealTimeScheduler
config realtimescheduler-scaling 1
config cmdenv-express-mode true
config cmdenv-autoflush true
config cmdenv-status-frequency 1s
config **.cmdenv-log-level info
config image-path ../../images
config network fourWay
config debug-on-errors true
config print-undisposed true
config sim-time-limit 200s
config **.scalar-recording true
config **.vector-recording true
config *.playgroundSizeX 2500m
config *.playgroundSizeY 2500m
config *.playgroundSizeZ 50m
config *.annotations.draw true
config *.obstacles.debug false
config *.manager.updateInterval 0.1s
config *.manager.host "\"localhost\""
config *.manager.port 9999
config *.manager.autoShutdown true
config *.manager.launchConfig "xmldoc(\"osm.launchd.xml\")"
config *.manager.trafficLightModuleType "\"org.car2x.veins.nodes.TrafficLight\""
config *.tls[*].mobility.x 0
config *.tls[*].mobility.y 0
config *.tls[*].mobility.z 3
config *.tls[*].applType "\"org.car2x.veins.modules.application.traci.TraCIDemoTrafficLightApp\""
config *.tls[*].logicType "\"org.car2x.veins.modules.world.traci.trafficLight.logics.TraCITrafficLightSimpleLogic\""
config *.rsu[0].mobility.x 2000
config *.rsu[0].mobility.y 2000
config *.rsu[0].mobility.z 3
config *.rsu[*].applType "\"TraCIDemoRSU11p\""
config *.rsu[*].appl.headerLength "80 bit"
config *.rsu[*].appl.sendBeacons false
config *.rsu[*].appl.dataOnSch false
config *.rsu[*].appl.beaconInterval 1s
config *.rsu[*].appl.beaconUserPriority 7
config *.rsu[*].appl.dataUserPriority 5
config *.rsu[*].nic.phy80211p.antennaOffsetZ "0 m"
config *.connectionManager.sendDirect true
config *.connectionManager.maxInterfDist 2600m
config *.connectionManager.drawMaxIntfDist false
config *.connectionManagerName "\"connectionManager\""
config *.**.nic.mac1609_4.useServiceChannel false
config *.**.nic.mac1609_4.txPower 20mW
config *.**.nic.mac1609_4.bitrate 6Mbps
config *.**.nic.phy80211p.minPowerLevel -110dBm
config *.**.nic.phy80211p.useNoiseFloor true
config *.**.nic.phy80211p.noiseFloor -98dBm
config *.**.nic.phy80211p.decider "xmldoc(\"config.xml\")"
config *.**.nic.phy80211p.analogueModels "xmldoc(\"config.xml\")"
config *.**.nic.phy80211p.usePropagationDelay true
config *.**.nic.phy80211p.antenna "xmldoc(\"antenna.xml\", \"/root/Antenna[@id='monopole']\")"
config *.node[*].nic.phy80211p.antennaOffsetY "1.895 m"
config *.node[*].nic.phy80211p.antennaOffsetZ "1.895 m"
config *.node[*].applType "\"src.IntersectionApp\""
config *.node[*].appl.headerLength "80 bit"
config *.node[*].appl.sendBeacons false
config *.node[*].appl.dataOnSch false
config *.node[*].appl.beaconInterval 1s
config *.node[*].nic.phy80211p.connectionManagerName "\"connectionManager\""
config *.node[*].veinsmobility.x 0
config *.node[*].veinsmobility.y 0
config *.node[*].veinsmobility.z 0
config *.node[*].veinsmobility.setHostSpeed false
config *.node[0].veinsmobility.accidentCount 0
config *.node[0].veinsmobility.accidentStart 73s
config *.node[0].veinsmobility.accidentDuration 50s

vector 0 fourWay.node[0].appl bftMsgSent:vector ETV
attr recordingmode vector
attr source bftMsgSent
attr title "BFT messages sent"
vector 1 fourWay.node[0].appl bftMsgReceived:vector ETV
attr recordingmode vector
attr source bftMsgReceived
attr title "BFT messages received"
vector 2 fourWay.node[0].nic.phy80211p RadioState ETV
vector 3 fourWay.node[0].nic.phy80211p RadioChannel ETV
vector 4 fourWay.manager posx ETV
vector 5 fourWay.manager posy ETV
vector 6 fourWay.manager speed ETV
vector 7 fourWay.node[1].appl bftMsgSent:vector ETV
attr recordingmode vector
attr source bftMsgSent
attr title "BFT messages sent"
vector 8 fourWay.node[1].appl bftMsgReceived:vector ETV
attr recordingmode vector
attr source bftMsgReceived
attr title "BFT messages received"
vector 9 fourWay.node[1].nic.phy80211p RadioState ETV
vector 10 fourWay.node[1].nic.phy80211p RadioChannel ETV
vector 11 fourWay.manager posx ETV
vector 12 fourWay.manager posy ETV
vector 13 fourWay.node[2].appl bftMsgSent:vector ETV
attr recordingmode vector
attr source bftMsgSent
attr title "BFT messages sent"
vector 14 fourWay.node[2].appl bftMsgReceived:vector ETV
attr recordingmode vector
attr source bftMsgReceived
attr title "BFT messages received"
vector 15 fourWay.node[2].nic.phy80211p RadioState ETV
vector 16 fourWay.node[2].nic.phy80211p RadioChannel ETV
vector 17 fourWay.manager posx ETV
vector 18 fourWay.manager posy ETV
vector 19 fourWay.node[3].appl bftMsgSent:vector ETV
attr recordingmode vector
attr source bftMsgSent
attr title "BFT messages sent"
vector 20 fourWay.node[3].appl bftMsgReceived:vector ETV
attr recordingmode vector
attr source bftMsgReceived
attr title "BFT messages received"
vector 21 fourWay.node[3].nic.phy80211p RadioState ETV
vector 22 fourWay.node[3].nic.phy80211p RadioChannel ETV
vector 23 fourWay.manager posx ETV
vector 24 fourWay.manager posy ETV
vector 25 fourWay.manager acceleration ETV
vector 26 fourWay.manager co2emission ETV
vector 27 fourWay.manager speed ETV
vector 28 fourWay.manager speed ETV
vector 29 fourWay.manager speed ETV
vector 30 fourWay.manager acceleration ETV
vector 31 fourWay.manager co2emission ETV
vector 32 fourWay.manager acceleration ETV
vector 33 fourWay.manager co2emission ETV
vector 34 fourWay.manager acceleration ETV
vector 35 fourWay.manager co2emission ETV
4	52	5.1	132.73086
4	54	5.2	132.73086
4	56	5.3	132.73086
4	62	5.4	132.73086
4	68	5.5	132.71888221268
4	78	5.6	132.71888221268
4	88	5.7	132.71888221268
4	101	5.8	132.71888221268
4	114	5.9	132.71888221268
4	127	6	132.71888221268
4	140	6.1	132.71888221268
4	153	6.2	132.71888221268
4	166	6.3	132.71888221268
4	179	6.4	132.71888221268
4	192	6.5	132.71888221268
4	205	6.6	132.71888221268
4	218	6.7	132.71888221268
4	231	6.8	132.71888221268
4	244	6.9	132.71888221268
4	257	7	132.71888221268
4	270	7.1	132.71888221268
4	283	7.2	132.71888221268
4	296	7.3	132.71888221268
4	309	7.4	132.71888221268
4	322	7.5	132.71888221268
4	335	7.6	132.71888221268
4	348	7.7	132.71888221268
4	361	7.8	132.71888221268
4	374	7.9	132.71888221268
4	387	8	132.71888221268
4	400	8.1	132.71888221268
4	413	8.2	132.71888221268
4	426	8.3	132.71888221268
4	439	8.4	132.71888221268
4	452	8.5	132.71888221268
4	465	8.6	132.71888221268
4	478	8.7	132.71888221268
4	491	8.8	132.71888221268
4	504	8.9	132.71888221268
4	517	9	132.71888221268
4	530	9.1	132.71888221268
4	543	9.2	132.71888221268
4	556	9.3	132.71888221268
4	569	9.4	132.71888221268
4	582	9.5	132.71888221268
4	595	9.6	132.71888221268
4	608	9.7	132.71888221268
4	621	9.8	132.71888221268
4	634	9.9	132.71888221268
4	647	10	132.71888221268
4	660	10.1	132.71888221268
4	673	10.2	132.71888221268
4	686	10.3	132.71888221268
4	699	10.4	132.71888221268
4	712	10.5	132.71888221268
4	725	10.6	132.71888221268
4	738	10.7	132.71888221268
4	751	10.8	132.71888221268
4	764	10.9	132.71888221268
4	777	11	132.71888221268
4	790	11.1	132.71888221268
4	803	11.2	132.71888221268
4	816	11.3	132.71888221268
4	829	11.4	132.71888221268
4	842	11.5	132.71888221268
4	855	11.6	132.71888221268
4	868	11.7	132.71888221268
4	881	11.8	132.71888221268
4	894	11.9	132.71888221268
4	907	12	132.71888221268
4	920	12.1	132.71888221268
4	933	12.2	132.71888221268
4	946	12.3	132.71888221268
4	959	12.4	132.71888221268
4	972	12.5	132.71888221268
4	985	12.6	132.71888221268
4	998	12.7	132.71888221268
4	1011	12.8	132.71888221268
4	1024	12.9	132.71888221268
4	1037	13	132.71888221268
4	1050	13.1	132.71888221268
4	1063	13.2	132.71888221268
4	1076	13.3	132.71888221268
4	1089	13.4	132.71888221268
4	1102	13.5	132.71888221268
4	1115	13.6	132.71888221268
4	1128	13.7	132.71888221268
4	1141	13.8	132.71888221268
4	1154	13.9	132.71888221268
4	1167	14	132.71888221268
4	1180	14.1	132.71888221268
4	1193	14.2	132.71888221268
4	1206	14.3	132.71888221268
4	1219	14.4	132.71888221268
4	1232	14.5	132.71888221268
4	1245	14.6	132.71888221268
4	1258	14.7	132.71888221268
4	1271	14.8	132.71888221268
4	1284	14.9	132.71888221268
4	1297	15	132.71888221268
4	1310	15.1	132.71888221268
4	1323	15.2	132.71888221268
4	1336	15.3	132.71888221268
4	1349	15.4	132.71888221268
4	1362	15.5	132.71888221268
4	1375	15.6	132.71888221268
4	1388	15.7	132.71888221268
4	1401	15.8	132.71888221268
4	1414	15.9	132.71888221268
4	1427	16	132.71888221268
4	1440	16.1	132.71888221268
4	1453	16.2	132.71888221268
4	1466	16.3	132.71888221268
4	1479	16.4	132.71888221268
4	1492	16.5	132.71888221268
4	1505	16.6	132.71888221268
4	1518	16.7	132.71888221268
4	1531	16.8	132.71888221268
4	1544	16.9	132.71888221268
4	1557	17	132.71888221268
4	1570	17.1	132.71888221268
4	1583	17.2	132.71888221268
4	1596	17.3	132.71888221268
4	1609	17.4	132.71888221268
4	1622	17.5	132.71888221268
4	1635	17.6	132.71888221268
4	1648	17.7	132.71888221268
4	1661	17.8	132.71888221268
4	1674	17.9	132.71888221268
4	1687	18	132.71888221268
4	1700	18.1	132.71888221268
4	1713	18.2	132.71888221268
4	1726	18.3	132.71888221268
4	1739	18.4	132.71888221268
4	1752	18.5	132.71888221268
4	1765	18.6	132.71888221268
4	1778	18.7	132.71888221268
4	1791	18.8	132.71888221268
4	1804	18.9	132.71888221268
4	1817	19	132.71888221268
4	1830	19.1	132.71888221268
4	1843	19.2	132.71888221268
4	1856	19.3	132.71888221268
4	1869	19.4	132.71888221268
4	1882	19.5	132.71888221268
4	1895	19.6	132.71888221268
4	1908	19.7	132.71888221268
4	1921	19.8	132.71888221268
4	1934	19.9	132.71888221268
4	1947	20	132.71888221268
4	1960	20.1	132.71888221268
4	1973	20.2	132.71888221268
4	1986	20.3	132.71888221268
4	1999	20.4	132.71888221268
4	2012	20.5	132.71888221268
4	2025	20.6	132.71888221268
4	2038	20.7	132.71888221268
4	2051	20.8	132.71888221268
4	2064	20.9	132.71888221268
4	2077	21	132.71888221268
4	2090	21.1	132.71888221268
4	2103	21.2	132.71888221268
4	2116	21.3	132.71888221268
4	2129	21.4	132.71888221268
4	2142	21.5	132.71888221268
4	2155	21.6	132.71888221268
4	2168	21.7	132.71888221268
4	2181	21.8	132.71888221268
4	2194	21.9	132.71888221268
4	2207	22	132.71888221268
4	2220	22.1	132.71888221268
4	2233	22.2	132.71888221268
4	2246	22.3	132.71888221268
4	2259	22.4	132.71888221268
4	2272	22.5	132.71888221268
4	2285	22.6	132.71888221268
4	2298	22.7	132.71888221268
4	2311	22.8	132.71888221268
4	2324	22.9	132.71888221268
4	2337	23	132.71888221268
4	2350	23.1	132.71888221268
4	2363	23.2	132.71888221268
4	2376	23.3	132.71888221268
4	2389	23.4	132.71888221268
4	2402	23.5	132.71888221268
4	2415	23.6	132.71888221268
4	2428	23.7	132.71888221268
4	2441	23.8	132.71888221268
4	2454	23.9	132.71888221268
4	2467	24	132.71888221268
4	2480	24.1	132.71888221268
4	2493	24.2	132.71888221268
4	2506	24.3	132.71888221268
4	2519	24.4	132.71888221268
4	2532	24.5	132.71888221268
4	2545	24.6	132.71888221268
4	2558	24.7	132.71888221268
4	2571	24.8	132.71888221268
4	2584	24.9	132.71888221268
4	2597	25	132.71888221268
4	2610	25.1	132.71888221268
4	2623	25.2	132.71888221268
4	2636	25.3	132.71888221268
4	2649	25.4	132.71888221268
4	2662	25.5	132.71888221268
4	2675	25.6	132.71888221268
4	2688	25.7	132.71888221268
4	2701	25.8	132.71888221268
4	2714	25.9	132.71888221268
4	2727	26	132.71888221268
4	2740	26.1	132.71888221268
4	2753	26.2	132.71888221268
4	2766	26.3	132.71888221268
4	2779	26.4	132.71888221268
4	2792	26.5	132.71888221268
4	2805	26.6	132.71888221268
4	2818	26.7	132.71888221268
4	2831	26.8	132.71888221268
4	2844	26.9	132.71888221268
4	2857	27	132.71888221268
4	2870	27.1	132.71888221268
4	2883	27.2	132.71888221268
4	2896	27.3	132.71888221268
4	2909	27.4	132.71888221268
4	2922	27.5	132.71888221268
4	2935	27.6	132.71888221268
4	2948	27.7	132.71888221268
4	2961	27.8	132.71888221268
4	2974	27.9	132.71888221268
4	2987	28	132.71888221268
4	3000	28.1	132.71888221268
4	3013	28.2	132.71888221268
4	3026	28.3	132.71888221268
4	3039	28.4	132.71888221268
4	3052	28.5	132.71888221268
4	3065	28.6	132.71888221268
4	3078	28.7	132.71888221268
4	3091	28.8	132.71888221268
4	3104	28.9	132.71888221268
4	3117	29	132.71888221268
4	3130	29.1	132.71888221268
4	3143	29.2	132.71888221268
4	3156	29.3	132.71888221268
4	3169	29.4	132.71888221268
4	3182	29.5	132.71888221268
4	3195	29.6	132.71888221268
4	3208	29.7	132.71888221268
4	3221	29.8	132.71888221268
4	3234	29.9	132.71888221268
4	3247	30	132.71888221268
4	3260	30.1	132.71888221268
4	3273	30.2	132.71888221268
4	3286	30.3	132.71888221268
4	3299	30.4	132.71888221268
4	3312	30.5	132.71888221268
4	3325	30.6	132.71888221268
4	3338	30.7	132.71888221268
4	3351	30.8	132.71888221268
4	3364	30.9	132.71888221268
4	3377	31	132.71888221268
4	3390	31.1	132.71888221268
4	3403	31.2	132.71888221268
4	3416	31.3	132.71888221268
4	3429	31.4	132.71888221268
4	3442	31.5	132.71888221268
4	3455	31.6	132.71888221268
4	3468	31.7	132.71888221268
4	3481	31.8	132.71888221268
4	3494	31.9	132.71888221268
4	3507	32	132.71888221268
4	3520	32.1	132.71888221268
4	3533	32.2	132.71888221268
4	3546	32.3	132.71888221268
4	3559	32.4	132.71888221268
4	3572	32.5	132.71888221268
4	3585	32.6	132.71888221268
4	3598	32.7	132.71888221268
4	3611	32.8	132.71888221268
4	3624	32.9	132.71888221268
4	3637	33	132.71888221268
4	3650	33.1	132.71888221268
4	3663	33.2	132.71888221268
4	3676	33.3	132.71888221268
4	3689	33.4	132.71888221268
4	3702	33.5	132.71888221268
4	3715	33.6	132.71888221268
4	3728	33.7	132.71888221268
4	3741	33.8	132.71888221268
4	3754	33.9	132.71888221268
4	3767	34	132.71888221268
4	3780	34.1	132.71888221268
4	3793	34.2	132.71888221268
4	3806	34.3	132.71888221268
4	3819	34.4	132.71888221268
4	3832	34.5	132.71888221268
4	3845	34.6	132.71888221268
4	3858	34.7	132.71888221268
4	3871	34.8	132.71888221268
4	3884	34.9	132.71888221268
4	3897	35	132.71888221268
4	3910	35.1	132.71888221268
4	3923	35.2	132.71888221268
4	3936	35.3	132.71888221268
4	3949	35.4	132.71888221268
4	3962	35.5	132.71888221268
4	3975	35.6	132.71888221268
4	3988	35.7	132.71888221268
4	4001	35.8	132.71888221268
4	4014	35.9	132.71888221268
4	4027	36	132.71888221268
4	4040	36.1	132.71888221268
4	4053	36.2	132.71888221268
4	4066	36.3	132.71888221268
4	4079	36.4	132.71888221268
4	4092	36.5	132.71888221268
4	4105	36.6	132.71888221268
4	4118	36.7	132.71888221268
4	4131	36.8	132.71888221268
4	4144	36.9	132.71888221268
4	4157	37	132.71888221268
4	4170	37.1	132.71888221268
4	4183	37.2	132.71888221268
4	4196	37.3	132.71888221268
4	4209	37.4	132.71888221268
4	4222	37.5	132.71888221268
4	4235	37.6	132.71888221268
4	4248	37.7	132.71888221268
4	4261	37.8	132.71888221268
4	4274	37.9	132.71888221268
4	4287	38	132.71888221268
4	4300	38.1	132.71888221268
4	4313	38.2	132.71888221268
4	4326	38.3	132.71888221268
4	4339	38.4	132.71888221268
4	4352	38.5	132.71888221268
4	4365	38.6	132.71888221268
4	4378	38.7	132.71888221268
4	4391	38.8	132.71888221268
4	4404	38.9	132.71888221268
4	4417	39	132.71888221268
4	4430	39.1	132.71888221268
4	4443	39.2	132.71888221268
4	4456	39.3	132.71888221268
4	4469	39.4	132.71888221268
4	4482	39.5	132.71888221268
4	4495	39.6	132.71888221268
4	4508	39.7	132.71888221268
4	4521	39.8	132.71888221268
4	4534	39.9	132.71888221268
4	4547	40	132.71888221268
4	4560	40.1	132.71888221268
4	4573	40.2	132.71888221268
4	4586	40.3	132.71888221268
4	4599	40.4	132.71888221268
4	4612	40.5	132.71888221268
4	4625	40.6	132.71888221268
4	4638	40.7	132.71888221268
4	4651	40.8	132.71888221268
4	4664	40.9	132.71888221268
4	4677	41	132.71888221268
4	4690	41.1	132.71888221268
4	4703	41.2	132.71888221268
4	4716	41.3	132.71888221268
4	4729	41.4	132.71888221268
4	4742	41.5	132.71888221268
4	4755	41.6	132.71888221268
4	4768	41.7	132.71888221268
4	4781	41.8	132.71888221268
4	4794	41.9	132.71888221268
4	4807	42	132.71888221268
4	4820	42.1	132.71888221268
4	4833	42.2	132.71888221268
4	4846	42.3	132.71888221268
4	4859	42.4	132.71888221268
4	4872	42.5	132.71888221268
4	4885	42.6	132.71888221268
4	4898	42.7	132.71888221268
4	4911	42.8	132.71888221268
4	4924	42.9	132.71888221268
4	4937	43	132.71888221268
4	4950	43.1	132.71888221268
4	4963	43.2	132.71888221268
4	4976	43.3	132.71888221268
4	4989	43.4	132.71888221268
4	5002	43.5	132.71888221268
4	5015	43.6	132.71888221268
4	5028	43.7	132.71888221268
4	5041	43.8	132.71888221268
4	5054	43.9	132.71888221268
4	5067	44	132.71888221268
4	5080	44.1	132.71888221268
4	5093	44.2	132.71888221268
4	5106	44.3	132.71888221268
4	5119	44.4	132.71888221268
4	5132	44.5	132.71888221268
4	5145	44.6	132.71888221268
4	5158	44.7	132.71888221268
4	5171	44.8	132.71888221268
4	5184	44.9	132.71888221268
4	5197	45	132.71888221268
4	5210	45.1	132.71888221268
4	5223	45.2	132.71888221268
4	5236	45.3	132.71888221268
4	5249	45.4	132.71888221268
4	5262	45.5	132.71888221268
4	5275	45.6	132.71888221268
4	5288	45.7	132.71888221268
4	5301	45.8	132.71888221268
4	5314	45.9	132.71888221268
4	5327	46	132.71888221268
4	5340	46.1	132.71888221268
4	5353	46.2	132.71888221268
4	5366	46.3	132.71888221268
4	5379	46.4	132.71888221268
4	5392	46.5	132.71888221268
4	5405	46.6	132.71888221268
4	5418	46.7	132.71888221268
4	5431	46.8	132.71888221268
4	5444	46.9	132.71888221268
4	5459	47	132.71888221268
4	5474	47.1	132.69010814603
4	5487	47.2	132.69010814603
4	5500	47.3	132.63332153641
4	5514	47.4	132.63332153641
4	5528	47.5	132.54752105339
5	52	5.1	106.7386
5	54	5.2	106.7386
5	56	5.3	106.7386
5	62	5.4	106.7386
5	68	5.5	106.69615832141
5	78	5.6	106.69615832141
5	88	5.7	106.69615832141
5	101	5.8	106.69615832141
5	114	5.9	106.69615832141
5	127	6	106.69615832141
5	140	6.1	106.69615832141
5	153	6.2	106.69615832141
5	166	6.3	106.69615832141
5	179	6.4	106.69615832141
5	192	6.5	106.69615832141
5	205	6.6	106.69615832141
5	218	6.7	106.69615832141
5	231	6.8	106.69615832141
5	244	6.9	106.69615832141
5	257	7	106.69615832141
5	270	7.1	106.69615832141
5	283	7.2	106.69615832141
5	296	7.3	106.69615832141
5	309	7.4	106.69615832141
5	322	7.5	106.69615832141
5	335	7.6	106.69615832141
5	348	7.7	106.69615832141
5	361	7.8	106.69615832141
5	374	7.9	106.69615832141
5	387	8	106.69615832141
5	400	8.1	106.69615832141
5	413	8.2	106.69615832141
5	426	8.3	106.69615832141
5	439	8.4	106.69615832141
5	452	8.5	106.69615832141
5	465	8.6	106.69615832141
5	478	8.7	106.69615832141
5	491	8.8	106.69615832141
5	504	8.9	106.69615832141
5	517	9	106.69615832141
5	530	9.1	106.69615832141
5	543	9.2	106.69615832141
5	556	9.3	106.69615832141
5	569	9.4	106.69615832141
5	582	9.5	106.69615832141
5	595	9.6	106.69615832141
5	608	9.7	106.69615832141
5	621	9.8	106.69615832141
5	634	9.9	106.69615832141
5	647	10	106.69615832141
5	660	10.1	106.69615832141
5	673	10.2	106.69615832141
5	686	10.3	106.69615832141
5	699	10.4	106.69615832141
5	712	10.5	106.69615832141
5	725	10.6	106.69615832141
5	738	10.7	106.69615832141
5	751	10.8	106.69615832141
5	764	10.9	106.69615832141
5	777	11	106.69615832141
5	790	11.1	106.69615832141
5	803	11.2	106.69615832141
5	816	11.3	106.69615832141
5	829	11.4	106.69615832141
5	842	11.5	106.69615832141
5	855	11.6	106.69615832141
5	868	11.7	106.69615832141
5	881	11.8	106.69615832141
5	894	11.9	106.69615832141
5	907	12	106.69615832141
5	920	12.1	106.69615832141
5	933	12.2	106.69615832141
5	946	12.3	106.69615832141
5	959	12.4	106.69615832141
5	972	12.5	106.69615832141
5	985	12.6	106.69615832141
5	998	12.7	106.69615832141
5	1011	12.8	106.69615832141
5	1024	12.9	106.69615832141
5	1037	13	106.69615832141
5	1050	13.1	106.69615832141
5	1063	13.2	106.69615832141
5	1076	13.3	106.69615832141
5	1089	13.4	106.69615832141
5	1102	13.5	106.69615832141
5	1115	13.6	106.69615832141
5	1128	13.7	106.69615832141
5	1141	13.8	106.69615832141
5	1154	13.9	106.69615832141
5	1167	14	106.69615832141
5	1180	14.1	106.69615832141
5	1193	14.2	106.69615832141
5	1206	14.3	106.69615832141
5	1219	14.4	106.69615832141
5	1232	14.5	106.69615832141
5	1245	14.6	106.69615832141
5	1258	14.7	106.69615832141
5	1271	14.8	106.69615832141
5	1284	14.9	106.69615832141
5	1297	15	106.69615832141
5	1310	15.1	106.69615832141
5	1323	15.2	106.69615832141
5	1336	15.3	106.69615832141
5	1349	15.4	106.69615832141
5	1362	15.5	106.69615832141
5	1375	15.6	106.69615832141
5	1388	15.7	106.69615832141
5	1401	15.8	106.69615832141
5	1414	15.9	106.69615832141
5	1427	16	106.69615832141
5	1440	16.1	106.69615832141
5	1453	16.2	106.69615832141
5	1466	16.3	106.69615832141
5	1479	16.4	106.69615832141
5	1492	16.5	106.69615832141
5	1505	16.6	106.69615832141
5	1518	16.7	106.69615832141
5	1531	16.8	106.69615832141
5	1544	16.9	106.69615832141
5	1557	17	106.69615832141
5	1570	17.1	106.69615832141
5	1583	17.2	106.69615832141
5	1596	17.3	106.69615832141
5	1609	17.4	106.69615832141
5	1622	17.5	106.69615832141
5	1635	17.6	106.69615832141
5	1648	17.7	106.69615832141
5	1661	17.8	106.69615832141
5	1674	17.9	106.69615832141
5	1687	18	106.69615832141
5	1700	18.1	106.69615832141
5	1713	18.2	106.69615832141
5	1726	18.3	106.69615832141
5	1739	18.4	106.69615832141
5	1752	18.5	106.69615832141
5	1765	18.6	106.69615832141
5	1778	18.7	106.69615832141
5	1791	18.8	106.69615832141
5	1804	18.9	106.69615832141
5	1817	19	106.69615832141
5	1830	19.1	106.69615832141
5	1843	19.2	106.69615832141
5	1856	19.3	106.69615832141
5	1869	19.4	106.69615832141
5	1882	19.5	106.69615832141
5	1895	19.6	106.69615832141
5	1908	19.7	106.69615832141
5	1921	19.8	106.69615832141
5	1934	19.9	106.69615832141
5	1947	20	106.69615832141
5	1960	20.1	106.69615832141
5	1973	20.2	106.69615832141
5	1986	20.3	106.69615832141
5	1999	20.4	106.69615832141
5	2012	20.5	106.69615832141
5	2025	20.6	106.69615832141
5	2038	20.7	106.69615832141
5	2051	20.8	106.69615832141
5	2064	20.9	106.69615832141
5	2077	21	106.69615832141
5	2090	21.1	106.69615832141
5	2103	21.2	106.69615832141
5	2116	21.3	106.69615832141
5	2129	21.4	106.69615832141
5	2142	21.5	106.69615832141
5	2155	21.6	106.69615832141
5	2168	21.7	106.69615832141
5	2181	21.8	106.69615832141
5	2194	21.9	106.69615832141
5	2207	22	106.69615832141
5	2220	22.1	106.69615832141
5	2233	22.2	106.69615832141
5	2246	22.3	106.69615832141
5	2259	22.4	106.69615832141
5	2272	22.5	106.69615832141
5	2285	22.6	106.69615832141
5	2298	22.7	106.69615832141
5	2311	22.8	106.69615832141
5	2324	22.9	106.69615832141
5	2337	23	106.69615832141
5	2350	23.1	106.69615832141
5	2363	23.2	106.69615832141
5	2376	23.3	106.69615832141
5	2389	23.4	106.69615832141
5	2402	23.5	106.69615832141
5	2415	23.6	106.69615832141
5	2428	23.7	106.69615832141
5	2441	23.8	106.69615832141
5	2454	23.9	106.69615832141
5	2467	24	106.69615832141
5	2480	24.1	106.69615832141
5	2493	24.2	106.69615832141
5	2506	24.3	106.69615832141
5	2519	24.4	106.69615832141
5	2532	24.5	106.69615832141
5	2545	24.6	106.69615832141
5	2558	24.7	106.69615832141
5	2571	24.8	106.69615832141
5	2584	24.9	106.69615832141
5	2597	25	106.69615832141
5	2610	25.1	106.69615832141
5	2623	25.2	106.69615832141
5	2636	25.3	106.69615832141
5	2649	25.4	106.69615832141
5	2662	25.5	106.69615832141
5	2675	25.6	106.69615832141
5	2688	25.7	106.69615832141
5	2701	25.8	106.69615832141
5	2714	25.9	106.69615832141
5	2727	26	106.69615832141
5	2740	26.1	106.69615832141
5	2753	26.2	106.69615832141
5	2766	26.3	106.69615832141
5	2779	26.4	106.69615832141
5	2792	26.5	106.69615832141
5	2805	26.6	106.69615832141
5	2818	26.7	106.69615832141
5	2831	26.8	106.69615832141
5	2844	26.9	106.69615832141
5	2857	27	106.69615832141
5	2870	27.1	106.69615832141
5	2883	27.2	106.69615832141
5	2896	27.3	106.69615832141
5	2909	27.4	106.69615832141
5	2922	27.5	106.69615832141
5	2935	27.6	106.69615832141
5	2948	27.7	106.69615832141
5	2961	27.8	106.69615832141
5	2974	27.9	106.69615832141
5	2987	28	106.69615832141
5	3000	28.1	106.69615832141
5	3013	28.2	106.69615832141
5	3026	28.3	106.69615832141
5	3039	28.4	106.69615832141
5	3052	28.5	106.69615832141
5	3065	28.6	106.69615832141
5	3078	28.7	106.69615832141
5	3091	28.8	106.69615832141
5	3104	28.9	106.69615832141
5	3117	29	106.69615832141
5	3130	29.1	106.69615832141
5	3143	29.2	106.69615832141
5	3156	29.3	106.69615832141
5	3169	29.4	106.69615832141
5	3182	29.5	106.69615832141
5	3195	29.6	106.69615832141
5	3208	29.7	106.69615832141
5	3221	29.8	106.69615832141
5	3234	29.9	106.69615832141
5	3247	30	106.69615832141
5	3260	30.1	106.69615832141
5	3273	30.2	106.69615832141
5	3286	30.3	106.69615832141
5	3299	30.4	106.69615832141
5	3312	30.5	106.69615832141
5	3325	30.6	106.69615832141
5	3338	30.7	106.69615832141
5	3351	30.8	106.69615832141
5	3364	30.9	106.69615832141
5	3377	31	106.69615832141
5	3390	31.1	106.69615832141
5	3403	31.2	106.69615832141
5	3416	31.3	106.69615832141
5	3429	31.4	106.69615832141
5	3442	31.5	106.69615832141
5	3455	31.6	106.69615832141
5	3468	31.7	106.69615832141
5	3481	31.8	106.69615832141
5	3494	31.9	106.69615832141
5	3507	32	106.69615832141
5	3520	32.1	106.69615832141
5	3533	32.2	106.69615832141
5	3546	32.3	106.69615832141
5	3559	32.4	106.69615832141
5	3572	32.5	106.69615832141
5	3585	32.6	106.69615832141
5	3598	32.7	106.69615832141
5	3611	32.8	106.69615832141
5	3624	32.9	106.69615832141
5	3637	33	106.69615832141
5	3650	33.1	106.69615832141
5	3663	33.2	106.69615832141
5	3676	33.3	106.69615832141
5	3689	33.4	106.69615832141
5	3702	33.5	106.69615832141
5	3715	33.6	106.69615832141
5	3728	33.7	106.69615832141
5	3741	33.8	106.69615832141
5	3754	33.9	106.69615832141
5	3767	34	106.69615832141
5	3780	34.1	106.69615832141
5	3793	34.2	106.69615832141
5	3806	34.3	106.69615832141
5	3819	34.4	106.69615832141
5	3832	34.5	106.69615832141
5	3845	34.6	106.69615832141
5	3858	34.7	106.69615832141
5	3871	34.8	106.69615832141
5	3884	34.9	106.69615832141
5	3897	35	106.69615832141
5	3910	35.1	106.69615832141
5	3923	35.2	106.69615832141
5	3936	35.3	106.69615832141
5	3949	35.4	106.69615832141
5	3962	35.5	106.69615832141
5	3975	35.6	106.69615832141
5	3988	35.7	106.69615832141
5	4001	35.8	106.69615832141
5	4014	35.9	106.69615832141
5	4027	36	106.69615832141
5	4040	36.1	106.69615832141
5	4053	36.2	106.69615832141
5	4066	36.3	106.69615832141
5	4079	36.4	106.69615832141
5	4092	36.5	106.69615832141
5	4105	36.6	106.69615832141
5	4118	36.7	106.69615832141
5	4131	36.8	106.69615832141
5	4144	36.9	106.69615832141
5	4157	37	106.69615832141
5	4170	37.1	106.69615832141
5	4183	37.2	106.69615832141
5	4196	37.3	106.69615832141
5	4209	37.4	106.69615832141
5	4222	37.5	106.69615832141
5	4235	37.6	106.69615832141
5	4248	37.7	106.69615832141
5	4261	37.8	106.69615832141
5	4274	37.9	106.69615832141
5	4287	38	106.69615832141
5	4300	38.1	106.69615832141
5	4313	38.2	106.69615832141
5	4326	38.3	106.69615832141
5	4339	38.4	106.69615832141
5	4352	38.5	106.69615832141
5	4365	38.6	106.69615832141
5	4378	38.7	106.69615832141
5	4391	38.8	106.69615832141
5	4404	38.9	106.69615832141
5	4417	39	106.69615832141
5	4430	39.1	106.69615832141
5	4443	39.2	106.69615832141
5	4456	39.3	106.69615832141
5	4469	39.4	106.69615832141
5	4482	39.5	106.69615832141
5	4495	39.6	106.69615832141
5	4508	39.7	106.69615832141
5	4521	39.8	106.69615832141
5	4534	39.9	106.69615832141
5	4547	40	106.69615832141
5	4560	40.1	106.69615832141
5	4573	40.2	106.69615832141
5	4586	40.3	106.69615832141
5	4599	40.4	106.69615832141
5	4612	40.5	106.69615832141
5	4625	40.6	106.69615832141
5	4638	40.7	106.69615832141
5	4651	40.8	106.69615832141
5	4664	40.9	106.69615832141
5	4677	41	106.69615832141
5	4690	41.1	106.69615832141
5	4703	41.2	106.69615832141
5	4716	41.3	106.69615832141
5	4729	41.4	106.69615832141
5	4742	41.5	106.69615832141
5	4755	41.6	106.69615832141
5	4768	41.7	106.69615832141
5	4781	41.8	106.69615832141
5	4794	41.9	106.69615832141
5	4807	42	106.69615832141
5	4820	42.1	106.69615832141
5	4833	42.2	106.69615832141
5	4846	42.3	106.69615832141
5	4859	42.4	106.69615832141
5	4872	42.5	106.69615832141
5	4885	42.6	106.69615832141
5	4898	42.7	106.69615832141
5	4911	42.8	106.69615832141
5	4924	42.9	106.69615832141
5	4937	43	106.69615832141
5	4950	43.1	106.69615832141
5	4963	43.2	106.69615832141
5	4976	43.3	106.69615832141
5	4989	43.4	106.69615832141
5	5002	43.5	106.69615832141
5	5015	43.6	106.69615832141
5	5028	43.7	106.69615832141
5	5041	43.8	106.69615832141
5	5054	43.9	106.69615832141
5	5067	44	106.69615832141
5	5080	44.1	106.69615832141
5	5093	44.2	106.69615832141
5	5106	44.3	106.69615832141
5	5119	44.4	106.69615832141
5	5132	44.5	106.69615832141
5	5145	44.6	106.69615832141
5	5158	44.7	106.69615832141
5	5171	44.8	106.69615832141
5	5184	44.9	106.69615832141
5	5197	45	106.69615832141
5	5210	45.1	106.69615832141
5	5223	45.2	106.69615832141
5	5236	45.3	106.69615832141
5	5249	45.4	106.69615832141
5	5262	45.5	106.69615832141
5	5275	45.6	106.69615832141
5	5288	45.7	106.69615832141
5	5301	45.8	106.69615832141
5	5314	45.9	106.69615832141
5	5327	46	106.69615832141
5	5340	46.1	106.69615832141
5	5353	46.2	106.69615832141
5	5366	46.3	106.69615832141
5	5379	46.4	106.69615832141
5	5392	46.5	106.69615832141
5	5405	46.6	106.69615832141
5	5418	46.7	106.69615832141
5	5431	46.8	106.69615832141
5	5444	46.9	106.69615832141
5	5459	47	106.69615832141
5	5474	47.1	106.59726588073
5	5487	47.2	106.59726588073
5	5500	47.3	106.40209824972
5	5514	47.4	106.40209824972
5	5528	47.5	106.10721399578
6	54	5.2	0.49500000000001
6	56	5.3	0
6	62	5.4	0
6	68	5.5	0.52
6	78	5.6	0.52
6	88	5.7	0
6	101	5.8	0
6	114	5.9	0
6	127	6	0
6	140	6.1	0
6	153	6.2	0
6	166	6.3	0
6	179	6.4	0
6	192	6.5	0
6	205	6.6	0
6	218	6.7	0
6	231	6.8	0
6	244	6.9	0
6	257	7	0
6	270	7.1	0
6	283	7.2	0
6	296	7.3	0
6	309	7.4	0
6	322	7.5	0
6	335	7.6	0
6	348	7.7	0
6	361	7.8	0
6	374	7.9	0
6	387	8	0
6	400	8.1	0
6	413	8.2	0
6	426	8.3	0
6	439	8.4	0
6	452	8.5	0
6	465	8.6	0
6	478	8.7	0
6	491	8.8	0
6	504	8.9	0
6	517	9	0
6	530	9.1	0
6	543	9.2	0
6	556	9.3	0
6	569	9.4	0
6	582	9.5	0
6	595	9.6	0
6	608	9.7	0
6	621	9.8	0
6	634	9.9	0
6	647	10	0
6	660	10.1	0
6	673	10.2	0
6	686	10.3	0
6	699	10.4	0
6	712	10.5	0
6	725	10.6	0
6	738	10.7	0
6	751	10.8	0
6	764	10.9	0
6	777	11	0
6	790	11.1	0
6	803	11.2	0
6	816	11.3	0
6	829	11.4	0
6	842	11.5	0
6	855	11.6	0
6	868	11.7	0
6	881	11.8	0
6	894	11.9	0
6	907	12	0
6	920	12.1	0
6	933	12.2	0
6	946	12.3	0
6	959	12.4	0
6	972	12.5	0
6	985	12.6	0
6	998	12.7	0
6	1011	12.8	0
6	1024	12.9	0
6	1037	13	0
6	1050	13.1	0
6	1063	13.2	0
6	1076	13.3	0
6	1089	13.4	0
6	1102	13.5	0
6	1115	13.6	0
6	1128	13.7	0
6	1141	13.8	0
6	1154	13.9	0
6	1167	14	0
6	1180	14.1	0
6	1193	14.2	0
6	1206	14.3	0
6	1219	14.4	0
6	1232	14.5	0
6	1245	14.6	0
6	1258	14.7	0
6	1271	14.8	0
6	1284	14.9	0
6	1297	15	0
6	1310	15.1	0
6	1323	15.2	0
6	1336	15.3	0
6	1349	15.4	0
6	1362	15.5	0
6	1375	15.6	0
6	1388	15.7	0
6	1401	15.8	0
6	1414	15.9	0
6	1427	16	0
6	1440	16.1	0
6	1453	16.2	0
6	1466	16.3	0
6	1479	16.4	0
6	1492	16.5	0
6	1505	16.6	0
6	1518	16.7	0
6	1531	16.8	0
6	1544	16.9	0
6	1557	17	0
6	1570	17.1	0
6	1583	17.2	0
6	1596	17.3	0
6	1609	17.4	0
6	1622	17.5	0
6	1635	17.6	0
6	1648	17.7	0
6	1661	17.8	0
6	1674	17.9	0
6	1687	18	0
6	1700	18.1	0
6	1713	18.2	0
6	1726	18.3	0
6	1739	18.4	0
6	1752	18.5	0
6	1765	18.6	0
6	1778	18.7	0
6	1791	18.8	0
6	1804	18.9	0
6	1817	19	0
6	1830	19.1	0
6	1843	19.2	0
6	1856	19.3	0
6	1869	19.4	0
6	1882	19.5	0
6	1895	19.6	0
6	1908	19.7	0
6	1921	19.8	0
6	1934	19.9	0
6	1947	20	0
6	1960	20.1	0
6	1973	20.2	0
6	1986	20.3	0
6	1999	20.4	0
6	2012	20.5	0
6	2025	20.6	0
6	2038	20.7	0
6	2051	20.8	0
6	2064	20.9	0
6	2077	21	0
6	2090	21.1	0
6	2103	21.2	0
6	2116	21.3	0
6	2129	21.4	0
6	2142	21.5	0
6	2155	21.6	0
6	2168	21.7	0
6	2181	21.8	0
6	2194	21.9	0
6	2207	22	0
6	2220	22.1	0
6	2233	22.2	0
6	2246	22.3	0
6	2259	22.4	0
6	2272	22.5	0
6	2285	22.6	0
6	2298	22.7	0
6	2311	22.8	0
6	2324	22.9	0
6	2337	23	0
6	2350	23.1	0
6	2363	23.2	0
6	2376	23.3	0
6	2389	23.4	0
6	2402	23.5	0
6	2415	23.6	0
6	2428	23.7	0
6	2441	23.8	0
6	2454	23.9	0
6	2467	24	0
6	2480	24.1	0
6	2493	24.2	0
6	2506	24.3	0
6	2519	24.4	0
6	2532	24.5	0
6	2545	24.6	0
6	2558	24.7	0
6	2571	24.8	0
6	2584	24.9	0
6	2597	25	0
6	2610	25.1	0
6	2623	25.2	0
6	2636	25.3	0
6	2649	25.4	0
6	2662	25.5	0
6	2675	25.6	0
6	2688	25.7	0
6	2701	25.8	0
6	2714	25.9	0
6	2727	26	0
6	2740	26.1	0
6	2753	26.2	0
6	2766	26.3	0
6	2779	26.4	0
6	2792	26.5	0
6	2805	26.6	0
6	2818	26.7	0
6	2831	26.8	0
6	2844	26.9	0
6	2857	27	0
6	2870	27.1	0
6	2883	27.2	0
6	2896	27.3	0
6	2909	27.4	0
6	2922	27.5	0
6	2935	27.6	0
6	2948	27.7	0
6	2961	27.8	0
6	2974	27.9	0
6	2987	28	0
6	3000	28.1	0
6	3013	28.2	0
6	3026	28.3	0
6	3039	28.4	0
6	3052	28.5	0
6	3065	28.6	0
6	3078	28.7	0
6	3091	28.8	0
6	3104	28.9	0
6	3117	29	0
6	3130	29.1	0
6	3143	29.2	0
6	3156	29.3	0
6	3169	29.4	0
6	3182	29.5	0
6	3195	29.6	0
6	3208	29.7	0
6	3221	29.8	0
6	3234	29.9	0
6	3247	30	0
6	3260	30.1	0
6	3273	30.2	0
6	3286	30.3	0
6	3299	30.4	0
6	3312	30.5	0
6	3325	30.6	0
6	3338	30.7	0
6	3351	30.8	0
6	3364	30.9	0
6	3377	31	0
6	3390	31.1	0
6	3403	31.2	0
6	3416	31.3	0
6	3429	31.4	0
6	3442	31.5	0
6	3455	31.6	0
6	3468	31.7	0
6	3481	31.8	0
6	3494	31.9	0
6	3507	32	0
6	3520	32.1	0
6	3533	32.2	0
6	3546	32.3	0
6	3559	32.4	0
6	3572	32.5	0
6	3585	32.6	0
6	3598	32.7	0
6	3611	32.8	0
6	3624	32.9	0
6	3637	33	0
6	3650	33.1	0
6	3663	33.2	0
6	3676	33.3	0
6	3689	33.4	0
6	3702	33.5	0
6	3715	33.6	0
6	3728	33.7	0
6	3741	33.8	0
6	3754	33.9	0
6	3767	34	0
6	3780	34.1	0
6	3793	34.2	0
6	3806	34.3	0
6	3819	34.4	0
6	3832	34.5	0
6	3845	34.6	0
6	3858	34.7	0
6	3871	34.8	0
6	3884	34.9	0
6	3897	35	0
6	3910	35.1	0
6	3923	35.2	0
6	3936	35.3	0
6	3949	35.4	0
6	3962	35.5	0
6	3975	35.6	0
6	3988	35.7	0
6	4001	35.8	0
6	4014	35.9	0
6	4027	36	0
6	4040	36.1	0
6	4053	36.2	0
6	4066	36.3	0
6	4079	36.4	0
6	4092	36.5	0
6	4105	36.6	0
6	4118	36.7	0
6	4131	36.8	0
6	4144	36.9	0
6	4157	37	0
6	4170	37.1	0
6	4183	37.2	0
6	4196	37.3	0
6	4209	37.4	0
6	4222	37.5	0
6	4235	37.6	0
6	4248	37.7	0
6	4261	37.8	0
6	4274	37.9	0
6	4287	38	0
6	4300	38.1	0
6	4313	38.2	0
6	4326	38.3	0
6	4339	38.4	0
6	4352	38.5	0
6	4365	38.6	0
6	4378	38.7	0
6	4391	38.8	0
6	4404	38.9	0
6	4417	39	0
6	4430	39.1	0
6	4443	39.2	0
6	4456	39.3	0
6	4469	39.4	0
6	4482	39.5	0
6	4495	39.6	0
6	4508	39.7	0
6	4521	39.8	0
6	4534	39.9	0
6	4547	40	0
6	4560	40.1	0
6	4573	40.2	0
6	4586	40.3	0
6	4599	40.4	0
6	4612	40.5	0
6	4625	40.6	0
6	4638	40.7	0
6	4651	40.8	0
6	4664	40.9	0
6	4677	41	0
6	4690	41.1	0
6	4703	41.2	0
6	4716	41.3	0
6	4729	41.4	0
6	4742	41.5	0
6	4755	41.6	0
6	4768	41.7	0
6	4781	41.8	0
6	4794	41.9	0
6	4807	42	0
6	4820	42.1	0
6	4833	42.2	0
6	4846	42.3	0
6	4859	42.4	0
6	4872	42.5	0
6	4885	42.6	0
6	4898	42.7	0
6	4911	42.8	0
6	4924	42.9	0
6	4937	43	0
6	4950	43.1	0
6	4963	43.2	0
6	4976	43.3	0
6	4989	43.4	0
6	5002	43.5	0
6	5015	43.6	0
6	5028	43.7	0
6	5041	43.8	0
6	5054	43.9	0
6	5067	44	0
6	5080	44.1	0
6	5093	44.2	0
6	5106	44.3	0
6	5119	44.4	0
6	5132	44.5	0
6	5145	44.6	0
6	5158	44.7	0
6	5171	44.8	0
6	5184	44.9	0
6	5197	45	0
6	5210	45.1	0
6	5223	45.2	0
6	5236	45.3	0
6	5249	45.4	0
6	5262	45.5	0
6	5275	45.6	0
6	5288	45.7	0
6	5301	45.8	0
6	5314	45.9	0
6	5327	46	0
6	5340	46.1	0
6	5353	46.2	0
6	5366	46.3	0
6	5379	46.4	0
6	5392	46.5	0
6	5405	46.6	0
6	5418	46.7	0
6	5431	46.8	0
6	5444	46.9	0
6	5459	47	0
6	5474	47.1	0.51483974209987
6	5487	47.2	0.51483974209987
6	5500	47.3	1.0160539280592
6	5514	47.4	1.0160539280592
6	5528	47.5	1.5351844104133
11	56	5.3	138.62388
11	62	5.4	138.62388
11	68	5.5	138.62388
11	78	5.6	138.62388
11	88	5.7	138.62347301101
11	101	5.8	138.62347301101
11	114	5.9	138.62347301101
11	127	6	138.62347301101
11	140	6.1	138.62347301101
11	153	6.2	138.62347301101
11	166	6.3	138.62347301101
11	179	6.4	138.62347301101
11	192	6.5	138.62347301101
11	205	6.6	138.62347301101
11	218	6.7	138.62347301101
11	231	6.8	138.62347301101
11	244	6.9	138.62347301101
11	257	7	138.62347301101
11	270	7.1	138.62347301101
11	283	7.2	138.62347301101
11	296	7.3	138.62347301101
11	309	7.4	138.62347301101
11	322	7.5	138.62347301101
11	335	7.6	138.62347301101
11	348	7.7	138.62347301101
11	361	7.8	138.62347301101
11	374	7.9	138.62347301101
11	387	8	138.62347301101
11	400	8.1	138.62347301101
11	413	8.2	138.62347301101
11	426	8.3	138.62347301101
11	439	8.4	138.62347301101
11	452	8.5	138.62347301101
11	465	8.6	138.62347301101
11	478	8.7	138.62347301101
11	491	8.8	138.62347301101
11	504	8.9	138.62347301101
11	517	9	138.62347301101
11	530	9.1	138.62347301101
11	543	9.2	138.62347301101
11	556	9.3	138.62347301101
11	569	9.4	138.62347301101
11	582	9.5	138.62347301101
11	595	9.6	138.62347301101
11	608	9.7	138.62347301101
11	621	9.8	138.62347301101
11	634	9.9	138.62347301101
11	647	10	138.62347301101
11	660	10.1	138.62347301101
11	673	10.2	138.62347301101
11	686	10.3	138.62347301101
11	699	10.4	138.62347301101
11	712	10.5	138.62347301101
11	725	10.6	138.62347301101
11	738	10.7	138.62347301101
11	751	10.8	138.62347301101
11	764	10.9	138.62347301101
11	777	11	138.62347301101
11	790	11.1	138.62347301101
11	803	11.2	138.62347301101
11	816	11.3	138.62347301101
11	829	11.4	138.62347301101
11	842	11.5	138.62347301101
11	855	11.6	138.62347301101
11	868	11.7	138.62347301101
11	881	11.8	138.62347301101
11	894	11.9	138.62347301101
11	907	12	138.62347301101
11	920	12.1	138.62347301101
11	933	12.2	138.62347301101
11	946	12.3	138.62347301101
11	959	12.4	138.62347301101
11	972	12.5	138.62347301101
11	985	12.6	138.62347301101
11	998	12.7	138.62347301101
11	1011	12.8	138.62347301101
11	1024	12.9	138.62347301101
11	1037	13	138.62347301101
11	1050	13.1	138.62347301101
11	1063	13.2	138.62347301101
11	1076	13.3	138.62347301101
11	1089	13.4	138.62347301101
11	1102	13.5	138.62347301101
11	1115	13.6	138.62347301101
11	1128	13.7	138.62347301101
11	1141	13.8	138.62347301101
11	1154	13.9	138.62347301101
11	1167	14	138.62347301101
11	1180	14.1	138.62347301101
11	1193	14.2	138.62347301101
11	1206	14.3	138.62347301101
11	1219	14.4	138.62347301101
11	1232	14.5	138.62347301101
11	1245	14.6	138.62347301101
11	1258	14.7	138.62347301101
11	1271	14.8	138.62347301101
11	1284	14.9	138.62347301101
11	1297	15	138.62347301101
11	1310	15.1	138.62347301101
11	1323	15.2	138.62347301101
11	1336	15.3	138.62347301101
11	1349	15.4	138.62347301101
11	1362	15.5	138.62347301101
11	1375	15.6	138.62347301101
11	1388	15.7	138.62347301101
11	1401	15.8	138.62347301101
11	1414	15.9	138.62347301101
11	1427	16	138.62347301101
11	1440	16.1	138.62347301101
11	1453	16.2	138.62347301101
11	1466	16.3	138.62347301101
11	1479	16.4	138.62347301101
11	1492	16.5	138.62347301101
11	1505	16.6	138.62347301101
11	1518	16.7	138.62347301101
11	1531	16.8	138.62347301101
11	1544	16.9	138.62347301101
11	1557	17	138.62347301101
11	1570	17.1	138.62347301101
11	1583	17.2	138.62347301101
11	1596	17.3	138.62347301101
11	1609	17.4	138.62347301101
11	1622	17.5	138.62347301101
11	1635	17.6	138.62347301101
11	1648	17.7	138.62347301101
11	1661	17.8	138.62347301101
11	1674	17.9	138.62347301101
11	1687	18	138.62347301101
11	1700	18.1	138.62347301101
11	1713	18.2	138.62347301101
11	1726	18.3	138.62347301101
11	1739	18.4	138.62347301101
11	1752	18.5	138.62347301101
11	1765	18.6	138.62347301101
11	1778	18.7	138.62347301101
11	1791	18.8	138.62347301101
11	1804	18.9	138.62347301101
11	1817	19	138.62347301101
11	1830	19.1	138.62347301101
11	1843	19.2	138.62347301101
11	1856	19.3	138.62347301101
11	1869	19.4	138.62347301101
11	1882	19.5	138.62347301101
11	1895	19.6	138.62347301101
11	1908	19.7	138.62347301101
11	1921	19.8	138.62347301101
11	1934	19.9	138.62347301101
11	1947	20	138.62347301101
11	1960	20.1	138.62347301101
11	1973	20.2	138.62347301101
11	1986	20.3	138.62347301101
11	1999	20.4	138.62347301101
11	2012	20.5	138.62347301101
11	2025	20.6	138.62347301101
11	2038	20.7	138.62347301101
11	2051	20.8	138.62347301101
11	2064	20.9	138.62347301101
11	2077	21	138.62347301101
11	2090	21.1	138.62347301101
11	2103	21.2	138.62347301101
11	2116	21.3	138.62347301101
11	2129	21.4	138.62347301101
11	2142	21.5	138.62347301101
11	2155	21.6	138.62347301101
11	2168	21.7	138.62347301101
11	2181	21.8	138.62347301101
11	2194	21.9	138.62347301101
11	2207	22	138.62347301101
11	2220	22.1	138.62347301101
11	2233	22.2	138.62347301101
11	2246	22.3	138.62347301101
11	2259	22.4	138.62347301101
11	2272	22.5	138.62347301101
11	2285	22.6	138.62347301101
11	2298	22.7	138.62347301101
11	2311	22.8	138.62347301101
11	2324	22.9	138.62347301101
11	2337	23	138.62347301101
11	2350	23.1	138.62347301101
11	2363	23.2	138.62347301101
11	2376	23.3	138.62347301101
11	2389	23.4	138.62347301101
11	2402	23.5	138.62347301101
11	2415	23.6	138.62347301101
11	2428	23.7	138.62347301101
11	2441	23.8	138.62347301101
11	2454	23.9	138.62347301101
11	2467	24	138.62347301101
11	2480	24.1	138.62347301101
11	2493	24.2	138.62347301101
11	2506	24.3	138.62347301101
11	2519	24.4	138.62347301101
11	2532	24.5	138.62347301101
11	2545	24.6	138.62347301101
11	2558	24.7	138.62347301101
11	2571	24.8	138.62347301101
11	2584	24.9	138.62347301101
11	2597	25	138.62347301101
11	2610	25.1	138.62347301101
11	2623	25.2	138.62347301101
11	2636	25.3	138.62347301101
11	2649	25.4	138.62347301101
11	2662	25.5	138.62347301101
11	2675	25.6	138.62347301101
11	2688	25.7	138.62347301101
11	2701	25.8	138.62347301101
11	2714	25.9	138.62347301101
11	2727	26	138.62347301101
11	2740	26.1	138.62347301101
11	2753	26.2	138.62347301101
11	2766	26.3	138.62347301101
11	2779	26.4	138.62347301101
11	2792	26.5	138.62347301101
11	2805	26.6	138.62347301101
11	2818	26.7	138.62347301101
11	2831	26.8	138.62347301101
11	2844	26.9	138.62347301101
11	2857	27	138.62347301101
11	2870	27.1	138.62347301101
11	2883	27.2	138.62347301101
11	2896	27.3	138.62347301101
11	2909	27.4	138.62347301101
11	2922	27.5	138.62347301101
11	2935	27.6	138.62347301101
11	2948	27.7	138.62347301101
11	2961	27.8	138.62347301101
11	2974	27.9	138.62347301101
11	2987	28	138.62347301101
11	3000	28.1	138.62347301101
11	3013	28.2	138.62347301101
11	3026	28.3	138.62347301101
11	3039	28.4	138.62347301101
11	3052	28.5	138.62347301101
11	3065	28.6	138.62347301101
11	3078	28.7	138.62347301101
11	3091	28.8	138.62347301101
11	3104	28.9	138.62347301101
11	3117	29	138.62347301101
11	3130	29.1	138.62347301101
11	3143	29.2	138.62347301101
11	3156	29.3	138.62347301101
11	3169	29.4	138.62347301101
11	3182	29.5	138.62347301101
11	3195	29.6	138.62347301101
11	3208	29.7	138.62347301101
11	3221	29.8	138.62347301101
11	3234	29.9	138.62347301101
11	3247	30	138.62347301101
11	3260	30.1	138.62347301101
11	3273	30.2	138.62347301101
11	3286	30.3	138.62347301101
11	3299	30.4	138.62347301101
11	3312	30.5	138.62347301101
11	3325	30.6	138.62347301101
11	3338	30.7	138.62347301101
11	3351	30.8	138.62347301101
11	3364	30.9	138.62347301101
11	3377	31	138.62347301101
11	3390	31.1	138.62347301101
11	3403	31.2	138.62347301101
11	3416	31.3	138.62347301101
11	3429	31.4	138.62347301101
11	3442	31.5	138.62347301101
11	3455	31.6	138.62347301101
11	3468	31.7	138.62347301101
11	3481	31.8	138.62347301101
11	3494	31.9	138.62347301101
11	3507	32	138.62347301101
11	3520	32.1	138.62347301101
11	3533	32.2	138.62347301101
11	3546	32.3	138.62347301101
11	3559	32.4	138.62347301101
11	3572	32.5	138.62347301101
11	3585	32.6	138.62347301101
11	3598	32.7	138.62347301101
11	3611	32.8	138.62347301101
11	3624	32.9	138.62347301101
11	3637	33	138.62347301101
11	3650	33.1	138.62347301101
11	3663	33.2	138.62347301101
11	3676	33.3	138.62347301101
11	3689	33.4	138.62347301101
11	3702	33.5	138.62347301101
11	3715	33.6	138.62347301101
11	3728	33.7	138.62347301101
11	3741	33.8	138.62347301101
11	3754	33.9	138.62347301101
11	3767	34	138.62347301101
11	3780	34.1	138.62347301101
11	3793	34.2	138.62347301101
11	3806	34.3	138.62347301101
11	3819	34.4	138.62347301101
11	3832	34.5	138.62347301101
11	3845	34.6	138.62347301101
11	3858	34.7	138.62347301101
11	3871	34.8	138.62347301101
11	3884	34.9	138.62347301101
11	3897	35	138.62347301101
11	3910	35.1	138.62347301101
11	3923	35.2	138.62347301101
11	3936	35.3	138.62347301101
11	3949	35.4	138.62347301101
11	3962	35.5	138.62347301101
11	3975	35.6	138.62347301101
11	3988	35.7	138.62347301101
11	4001	35.8	138.62347301101
11	4014	35.9	138.62347301101
11	4027	36	138.62347301101
11	4040	36.1	138.62347301101
11	4053	36.2	138.62347301101
11	4066	36.3	138.62347301101
11	4079	36.4	138.62347301101
11	4092	36.5	138.62347301101
11	4105	36.6	138.62347301101
11	4118	36.7	138.62347301101
11	4131	36.8	138.62347301101
11	4144	36.9	138.62347301101
11	4157	37	138.62347301101
11	4170	37.1	138.62347301101
11	4183	37.2	138.62347301101
11	4196	37.3	138.62347301101
11	4209	37.4	138.62347301101
11	4222	37.5	138.62347301101
11	4235	37.6	138.62347301101
11	4248	37.7	138.62347301101
11	4261	37.8	138.62347301101
11	4274	37.9	138.62347301101
11	4287	38	138.62347301101
11	4300	38.1	138.62347301101
11	4313	38.2	138.62347301101
11	4326	38.3	138.62347301101
11	4339	38.4	138.62347301101
11	4352	38.5	138.62347301101
11	4365	38.6	138.62347301101
11	4378	38.7	138.62347301101
11	4391	38.8	138.62347301101
11	4404	38.9	138.62347301101
11	4417	39	138.62347301101
11	4430	39.1	138.62347301101
11	4443	39.2	138.62347301101
11	4456	39.3	138.62347301101
11	4469	39.4	138.62347301101
11	4482	39.5	138.62347301101
11	4495	39.6	138.62347301101
11	4508	39.7	138.62347301101
11	4521	39.8	138.62347301101
11	4534	39.9	138.62347301101
11	4547	40	138.62347301101
11	4560	40.1	138.62347301101
11	4573	40.2	138.62347301101
11	4586	40.3	138.62347301101
11	4599	40.4	138.62347301101
11	4612	40.5	138.62347301101
11	4625	40.6	138.62347301101
11	4638	40.7	138.62347301101
11	4651	40.8	138.62347301101
11	4664	40.9	138.62347301101
11	4677	41	138.62347301101
11	4690	41.1	138.62347301101
11	4703	41.2	138.62347301101
11	4716	41.3	138.62347301101
11	4729	41.4	138.62347301101
11	4742	41.5	138.62347301101
11	4755	41.6	138.62347301101
11	4768	41.7	138.62347301101
11	4781	41.8	138.62347301101
11	4794	41.9	138.62347301101
11	4807	42	138.62347301101
11	4820	42.1	138.62347301101
11	4833	42.2	138.62347301101
11	4846	42.3	138.62347301101
11	4859	42.4	138.62347301101
11	4872	42.5	138.62347301101
11	4885	42.6	138.62347301101
11	4898	42.7	138.62347301101
11	4911	42.8	138.62347301101
11	4924	42.9	138.62347301101
11	4937	43	138.62347301101
11	4950	43.1	138.62347301101
11	4963	43.2	138.62347301101
11	4976	43.3	138.62347301101
11	4989	43.4	138.62347301101
11	5002	43.5	138.62347301101
11	5015	43.6	138.62347301101
11	5028	43.7	138.62347301101
11	5041	43.8	138.62347301101
11	5054	43.9	138.62347301101
11	5067	44	138.62347301101
11	5080	44.1	138.62347301101
11	5093	44.2	138.62347301101
11	5106	44.3	138.62347301101
11	5119	44.4	138.62347301101
11	5132	44.5	138.62347301101
11	5145	44.6	138.62347301101
11	5158	44.7	138.62347301101
11	5171	44.8	138.62347301101
11	5184	44.9	138.62347301101
11	5197	45	138.62347301101
11	5210	45.1	138.62347301101
11	5223	45.2	138.62347301101
11	5236	45.3	138.62347301101
11	5249	45.4	138.62347301101
11	5262	45.5	138.62347301101
11	5275	45.6	138.62347301101
11	5288	45.7	138.62347301101
11	5301	45.8	138.62347301101
11	5314	45.9	138.62347301101
11	5327	46	138.62347301101
11	5340	46.1	138.62347301101
11	5353	46.2	138.62347301101
11	5366	46.3	138.62347301101
11	5379	46.4	138.62347301101
11	5392	46.5	138.62347301101
11	5405	46.6	138.62347301101
11	5418	46.7	138.62347301101
11	5431	46.8	138.62347301101
11	5444	46.9	138.62347301101
11	5459	47	138.62347301101
11	5474	47.1	138.62347301101
11	5487	47.2	138.62347301101
11	5500	47.3	138.62347301101
11	5514	47.4	138.62347301101
11	5528	47.5	138.6218731618
12	56	5.3	92.61012
12	62	5.4	92.61012
12	68	5.5	92.61012
12	78	5.6	92.61012
12	88	5.7	92.610225476481
12	101	5.8	92.610225476481
12	114	5.9	92.610225476481
12	127	6	92.610225476481
12	140	6.1	92.610225476481
12	153	6.2	92.610225476481
12	166	6.3	92.610225476481
12	179	6.4	92.610225476481
12	192	6.5	92.610225476481
12	205	6.6	92.610225476481
12	218	6.7	92.610225476481
12	231	6.8	92.610225476481
12	244	6.9	92.610225476481
12	257	7	92.610225476481
12	270	7.1	92.610225476481
12	283	7.2	92.610225476481
12	296	7.3	92.610225476481
12	309	7.4	92.610225476481
12	322	7.5	92.610225476481
12	335	7.6	92.610225476481
12	348	7.7	92.610225476481
12	361	7.8	92.610225476481
12	374	7.9	92.610225476481
12	387	8	92.610225476481
12	400	8.1	92.610225476481
12	413	8.2	92.610225476481
12	426	8.3	92.610225476481
12	439	8.4	92.610225476481
12	452	8.5	92.610225476481
12	465	8.6	92.610225476481
12	478	8.7	92.610225476481
12	491	8.8	92.610225476481
12	504	8.9	92.610225476481
12	517	9	92.610225476481
12	530	9.1	92.610225476481
12	543	9.2	92.610225476481
12	556	9.3	92.610225476481
12	569	9.4	92.610225476481
12	582	9.5	92.610225476481
12	595	9.6	92.610225476481
12	608	9.7	92.610225476481
12	621	9.8	92.610225476481
12	634	9.9	92.610225476481
12	647	10	92.610225476481
12	660	10.1	92.610225476481
12	673	10.2	92.610225476481
12	686	10.3	92.610225476481
12	699	10.4	92.610225476481
12	712	10.5	92.610225476481
12	725	10.6	92.610225476481
12	738	10.7	92.610225476481
12	751	10.8	92.610225476481
12	764	10.9	92.610225476481
12	777	11	92.610225476481
12	790	11.1	92.610225476481
12	803	11.2	92.610225476481
12	816	11.3	92.610225476481
12	829	11.4	92.610225476481
12	842	11.5	92.610225476481
12	855	11.6	92.610225476481
12	868	11.7	92.610225476481
12	881	11.8	92.610225476481
12	894	11.9	92.610225476481
12	907	12	92.610225476481
12	920	12.1	92.610225476481
12	933	12.2	92.610225476481
12	946	12.3	92.610225476481
12	959	12.4	92.610225476481
12	972	12.5	92.610225476481
12	985	12.6	92.610225476481
12	998	12.7	92.610225476481
12	1011	12.8	92.610225476481
12	1024	12.9	92.610225476481
12	1037	13	92.610225476481
12	1050	13.1	92.610225476481
12	1063	13.2	92.610225476481
12	1076	13.3	92.610225476481
12	1089	13.4	92.610225476481
12	1102	13.5	92.610225476481
12	1115	13.6	92.610225476481
12	1128	13.7	92.610225476481
12	1141	13.8	92.610225476481
12	1154	13.9	92.610225476481
12	1167	14	92.610225476481
12	1180	14.1	92.610225476481
12	1193	14.2	92.610225476481
12	1206	14.3	92.610225476481
12	1219	14.4	92.610225476481
12	1232	14.5	92.610225476481
12	1245	14.6	92.610225476481
12	1258	14.7	92.610225476481
12	1271	14.8	92.610225476481
12	1284	14.9	92.610225476481
12	1297	15	92.610225476481
12	1310	15.1	92.610225476481
12	1323	15.2	92.610225476481
12	1336	15.3	92.610225476481
12	1349	15.4	92.610225476481
12	1362	15.5	92.610225476481
12	1375	15.6	92.610225476481
12	1388	15.7	92.610225476481
12	1401	15.8	92.610225476481
12	1414	15.9	92.610225476481
12	1427	16	92.610225476481
12	1440	16.1	92.610225476481
12	1453	16.2	92.610225476481
12	1466	16.3	92.610225476481
12	1479	16.4	92.610225476481
12	1492	16.5	92.610225476481
12	1505	16.6	92.610225476481
12	1518	16.7	92.610225476481
12	1531	16.8	92.610225476481
12	1544	16.9	92.610225476481
12	1557	17	92.610225476481
12	1570	17.1	92.610225476481
12	1583	17.2	92.610225476481
12	1596	17.3	92.610225476481
12	1609	17.4	92.610225476481
12	1622	17.5	92.610225476481
12	1635	17.6	92.610225476481
12	1648	17.7	92.610225476481
12	1661	17.8	92.610225476481
12	1674	17.9	92.610225476481
12	1687	18	92.610225476481
12	1700	18.1	92.610225476481
12	1713	18.2	92.610225476481
12	1726	18.3	92.610225476481
12	1739	18.4	92.610225476481
12	1752	18.5	92.610225476481
12	1765	18.6	92.610225476481
12	1778	18.7	92.610225476481
12	1791	18.8	92.610225476481
12	1804	18.9	92.610225476481
12	1817	19	92.610225476481
12	1830	19.1	92.610225476481
12	1843	19.2	92.610225476481
12	1856	19.3	92.610225476481
12	1869	19.4	92.610225476481
12	1882	19.5	92.610225476481
12	1895	19.6	92.610225476481
12	1908	19.7	92.610225476481
12	1921	19.8	92.610225476481
12	1934	19.9	92.610225476481
12	1947	20	92.610225476481
12	1960	20.1	92.610225476481
12	1973	20.2	92.610225476481
12	1986	20.3	92.610225476481
12	1999	20.4	92.610225476481
12	2012	20.5	92.610225476481
12	2025	20.6	92.610225476481
12	2038	20.7	92.610225476481
12	2051	20.8	92.610225476481
12	2064	20.9	92.610225476481
12	2077	21	92.610225476481
12	2090	21.1	92.610225476481
12	2103	21.2	92.610225476481
12	2116	21.3	92.610225476481
12	2129	21.4	92.610225476481
12	2142	21.5	92.610225476481
12	2155	21.6	92.610225476481
12	2168	21.7	92.610225476481
12	2181	21.8	92.610225476481
12	2194	21.9	92.610225476481
12	2207	22	92.610225476481
12	2220	22.1	92.610225476481
12	2233	22.2	92.610225476481
12	2246	22.3	92.610225476481
12	2259	22.4	92.610225476481
12	2272	22.5	92.610225476481
12	2285	22.6	92.610225476481
12	2298	22.7	92.610225476481
12	2311	22.8	92.610225476481
12	2324	22.9	92.610225476481
12	2337	23	92.610225476481
12	2350	23.1	92.610225476481
12	2363	23.2	92.610225476481
12	2376	23.3	92.610225476481
12	2389	23.4	92.610225476481
12	2402	23.5	92.610225476481
12	2415	23.6	92.610225476481
12	2428	23.7	92.610225476481
12	2441	23.8	92.610225476481
12	2454	23.9	92.610225476481
12	2467	24	92.610225476481
12	2480	24.1	92.610225476481
12	2493	24.2	92.610225476481
12	2506	24.3	92.610225476481
12	2519	24.4	92.610225476481
12	2532	24.5	92.610225476481
12	2545	24.6	92.610225476481
12	2558	24.7	92.610225476481
12	2571	24.8	92.610225476481
12	2584	24.9	92.610225476481
12	2597	25	92.610225476481
12	2610	25.1	92.610225476481
12	2623	25.2	92.610225476481
12	2636	25.3	92.610225476481
12	2649	25.4	92.610225476481
12	2662	25.5	92.610225476481
12	2675	25.6	92.610225476481
12	2688	25.7	92.610225476481
12	2701	25.8	92.610225476481
12	2714	25.9	92.610225476481
12	2727	26	92.610225476481
12	2740	26.1	92.610225476481
12	2753	26.2	92.610225476481
12	2766	26.3	92.610225476481
12	2779	26.4	92.610225476481
12	2792	26.5	92.610225476481
12	2805	26.6	92.610225476481
12	2818	26.7	92.610225476481
12	2831	26.8	92.610225476481
12	2844	26.9	92.610225476481
12	2857	27	92.610225476481
12	2870	27.1	92.610225476481
12	2883	27.2	92.610225476481
12	2896	27.3	92.610225476481
12	2909	27.4	92.610225476481
12	2922	27.5	92.610225476481
12	2935	27.6	92.610225476481
12	2948	27.7	92.610225476481
12	2961	27.8	92.610225476481
12	2974	27.9	92.610225476481
12	2987	28	92.610225476481
12	3000	28.1	92.610225476481
12	3013	28.2	92.610225476481
12	3026	28.3	92.610225476481
12	3039	28.4	92.610225476481
12	3052	28.5	92.610225476481
12	3065	28.6	92.610225476481
12	3078	28.7	92.610225476481
12	3091	28.8	92.610225476481
12	3104	28.9	92.610225476481
12	3117	29	92.610225476481
12	3130	29.1	92.610225476481
12	3143	29.2	92.610225476481
12	3156	29.3	92.610225476481
12	3169	29.4	92.610225476481
12	3182	29.5	92.610225476481
12	3195	29.6	92.610225476481
12	3208	29.7	92.610225476481
12	3221	29.8	92.610225476481
12	3234	29.9	92.610225476481
12	3247	30	92.610225476481
12	3260	30.1	92.610225476481
12	3273	30.2	92.610225476481
12	3286	30.3	92.610225476481
12	3299	30.4	92.610225476481
12	3312	30.5	92.610225476481
12	3325	30.6	92.610225476481
12	3338	30.7	92.610225476481
12	3351	30.8	92.610225476481
12	3364	30.9	92.610225476481
12	3377	31	92.610225476481
12	3390	31.1	92.610225476481
12	3403	31.2	92.610225476481
12	3416	31.3	92.610225476481
12	3429	31.4	92.610225476481
12	3442	31.5	92.610225476481
12	3455	31.6	92.610225476481
12	3468	31.7	92.610225476481
12	3481	31.8	92.610225476481
12	3494	31.9	92.610225476481
12	3507	32	92.610225476481
12	3520	32.1	92.610225476481
12	3533	32.2	92.610225476481
12	3546	32.3	92.610225476481
12	3559	32.4	92.610225476481
12	3572	32.5	92.610225476481
12	3585	32.6	92.610225476481
12	3598	32.7	92.610225476481
12	3611	32.8	92.610225476481
12	3624	32.9	92.610225476481
12	3637	33	92.610225476481
12	3650	33.1	92.610225476481
12	3663	33.2	92.610225476481
12	3676	33.3	92.610225476481
12	3689	33.4	92.610225476481
12	3702	33.5	92.610225476481
12	3715	33.6	92.610225476481
12	3728	33.7	92.610225476481
12	3741	33.8	92.610225476481
12	3754	33.9	92.610225476481
12	3767	34	92.610225476481
12	3780	34.1	92.610225476481
12	3793	34.2	92.610225476481
12	3806	34.3	92.610225476481
12	3819	34.4	92.610225476481
12	3832	34.5	92.610225476481
12	3845	34.6	92.610225476481
12	3858	34.7	92.610225476481
12	3871	34.8	92.610225476481
12	3884	34.9	92.610225476481
12	3897	35	92.610225476481
12	3910	35.1	92.610225476481
12	3923	35.2	92.610225476481
12	3936	35.3	92.610225476481
12	3949	35.4	92.610225476481
12	3962	35.5	92.610225476481
12	3975	35.6	92.610225476481
12	3988	35.7	92.610225476481
12	4001	35.8	92.610225476481
12	4014	35.9	92.610225476481
12	4027	36	92.610225476481
12	4040	36.1	92.610225476481
12	4053	36.2	92.610225476481
12	4066	36.3	92.610225476481
12	4079	36.4	92.610225476481
12	4092	36.5	92.610225476481
12	4105	36.6	92.610225476481
12	4118	36.7	92.610225476481
12	4131	36.8	92.610225476481
12	4144	36.9	92.610225476481
12	4157	37	92.610225476481
12	4170	37.1	92.610225476481
12	4183	37.2	92.610225476481
12	4196	37.3	92.610225476481
12	4209	37.4	92.610225476481
12	4222	37.5	92.610225476481
12	4235	37.6	92.610225476481
12	4248	37.7	92.610225476481
12	4261	37.8	92.610225476481
12	4274	37.9	92.610225476481
12	4287	38	92.610225476481
12	4300	38.1	92.610225476481
12	4313	38.2	92.610225476481
12	4326	38.3	92.610225476481
12	4339	38.4	92.610225476481
12	4352	38.5	92.610225476481
12	4365	38.6	92.610225476481
12	4378	38.7	92.610225476481
12	4391	38.8	92.610225476481
12	4404	38.9	92.610225476481
12	4417	39	92.610225476481
12	4430	39.1	92.610225476481
12	4443	39.2	92.610225476481
12	4456	39.3	92.610225476481
12	4469	39.4	92.610225476481
12	4482	39.5	92.610225476481
12	4495	39.6	92.610225476481
12	4508	39.7	92.610225476481
12	4521	39.8	92.610225476481
12	4534	39.9	92.610225476481
12	4547	40	92.610225476481
12	4560	40.1	92.610225476481
12	4573	40.2	92.610225476481
12	4586	40.3	92.610225476481
12	4599	40.4	92.610225476481
12	4612	40.5	92.610225476481
12	4625	40.6	92.610225476481
12	4638	40.7	92.610225476481
12	4651	40.8	92.610225476481
12	4664	40.9	92.610225476481
12	4677	41	92.610225476481
12	4690	41.1	92.610225476481
12	4703	41.2	92.610225476481
12	4716	41.3	92.610225476481
12	4729	41.4	92.610225476481
12	4742	41.5	92.610225476481
12	4755	41.6	92.610225476481
12	4768	41.7	92.610225476481
12	4781	41.8	92.610225476481
12	4794	41.9	92.610225476481
12	4807	42	92.610225476481
12	4820	42.1	92.610225476481
12	4833	42.2	92.610225476481
12	4846	42.3	92.610225476481
12	4859	42.4	92.610225476481
12	4872	42.5	92.610225476481
12	4885	42.6	92.610225476481
12	4898	42.7	92.610225476481
12	4911	42.8	92.610225476481
12	4924	42.9	92.610225476481
12	4937	43	92.610225476481
12	4950	43.1	92.610225476481
12	4963	43.2	92.610225476481
12	4976	43.3	92.610225476481
12	4989	43.4	92.610225476481
12	5002	43.5	92.610225476481
12	5015	43.6	92.610225476481
12	5028	43.7	92.610225476481
12	5041	43.8	92.610225476481
12	5054	43.9	92.610225476481
12	5067	44	92.610225476481
12	5080	44.1	92.610225476481
12	5093	44.2	92.610225476481
12	5106	44.3	92.610225476481
12	5119	44.4	92.610225476481
12	5132	44.5	92.610225476481
12	5145	44.6	92.610225476481
12	5158	44.7	92.610225476481
12	5171	44.8	92.610225476481
12	5184	44.9	92.610225476481
12	5197	45	92.610225476481
12	5210	45.1	92.610225476481
12	5223	45.2	92.610225476481
12	5236	45.3	92.610225476481
12	5249	45.4	92.610225476481
12	5262	45.5	92.610225476481
12	5275	45.6	92.610225476481
12	5288	45.7	92.610225476481
12	5301	45.8	92.610225476481
12	5314	45.9	92.610225476481
12	5327	46	92.610225476481
12	5340	46.1	92.610225476481
12	5353	46.2	92.610225476481
12	5366	46.3	92.610225476481
12	5379	46.4	92.610225476481
12	5392	46.5	92.610225476481
12	5405	46.6	92.610225476481
12	5418	46.7	92.610225476481
12	5431	46.8	92.610225476481
12	5444	46.9	92.610225476481
12	5459	47	92.610225476481
12	5474	47.1	92.610225476481
12	5487	47.2	92.610225476481
12	5500	47.3	92.610225476481
12	5514	47.4	92.610225476481
12	5528	47.5	92.610640098176
17	56	5.3	121.656
17	62	5.4	121.656
17	68	5.5	122.02920475676
17	78	5.6	122.02920475676
17	88	5.7	122.37256770077
17	101	5.8	122.37256770077
17	114	5.9	122.67769864477
17	127	6	122.67769864477
17	140	6.1	122.94459758877
17	153	6.2	122.94459758877
17	166	6.3	123.17326453277
17	179	6.4	123.17326453277
17	192	6.5	123.36369947677
17	205	6.6	123.36369947677
17	218	6.7	123.51590242078
17	231	6.8	123.51590242078
17	244	6.9	123.62987336478
17	257	7	123.62987336478
17	270	7.1	123.70561230878
17	283	7.2	123.70561230878
17	296	7.3	123.74311925278
17	309	7.4	123.74311925278
17	322	7.5	123.74311925278
17	335	7.6	123.74311925278
17	348	7.7	123.74311925278
17	361	7.8	123.74311925278
17	374	7.9	123.74311925278
17	387	8	123.74311925278
17	400	8.1	123.74311925278
17	413	8.2	123.74311925278
17	426	8.3	123.74311925278
17	439	8.4	123.74311925278
17	452	8.5	123.74311925278
17	465	8.6	123.74311925278
17	478	8.7	123.74311925278
17	491	8.8	123.74311925278
17	504	8.9	123.74311925278
17	517	9	123.74311925278
17	530	9.1	123.74311925278
17	543	9.2	123.74311925278
17	556	9.3	123.74311925278
17	569	9.4	123.74311925278
17	582	9.5	123.74311925278
17	595	9.6	123.74311925278
17	608	9.7	123.74311925278
17	621	9.8	123.74311925278
17	634	9.9	123.74311925278
17	647	10	123.74311925278
17	660	10.1	123.74311925278
17	673	10.2	123.74311925278
17	686	10.3	123.74311925278
17	699	10.4	123.74311925278
17	712	10.5	123.74311925278
17	725	10.6	123.74311925278
17	738	10.7	123.74311925278
17	751	10.8	123.74311925278
17	764	10.9	123.74311925278
17	777	11	123.74311925278
17	790	11.1	123.74311925278
17	803	11.2	123.74311925278
17	816	11.3	123.74311925278
17	829	11.4	123.74311925278
17	842	11.5	123.74311925278
17	855	11.6	123.74311925278
17	868	11.7	123.74311925278
17	881	11.8	123.74311925278
17	894	11.9	123.74311925278
17	907	12	123.74311925278
17	920	12.1	123.74311925278
17	933	12.2	123.74311925278
17	946	12.3	123.74311925278
17	959	12.4	123.74311925278
17	972	12.5	123.74311925278
17	985	12.6	123.74311925278
17	998	12.7	123.74311925278
17	1011	12.8	123.74311925278
17	1024	12.9	123.74311925278
17	1037	13	123.74311925278
17	1050	13.1	123.74311925278
17	1063	13.2	123.74311925278
17	1076	13.3	123.74311925278
17	1089	13.4	123.74311925278
17	1102	13.5	123.74311925278
17	1115	13.6	123.74311925278
17	1128	13.7	123.74311925278
17	1141	13.8	123.74311925278
17	1154	13.9	123.74311925278
17	1167	14	123.74311925278
17	1180	14.1	123.74311925278
17	1193	14.2	123.74311925278
17	1206	14.3	123.74311925278
17	1219	14.4	123.74311925278
17	1232	14.5	123.74311925278
17	1245	14.6	123.74311925278
17	1258	14.7	123.74311925278
17	1271	14.8	123.74311925278
17	1284	14.9	123.74311925278
17	1297	15	123.74311925278
17	1310	15.1	123.74311925278
17	1323	15.2	123.74311925278
17	1336	15.3	123.74311925278
17	1349	15.4	123.74311925278
17	1362	15.5	123.74311925278
17	1375	15.6	123.74311925278
17	1388	15.7	123.74311925278
17	1401	15.8	123.74311925278
17	1414	15.9	123.74311925278
17	1427	16	123.74311925278
17	1440	16.1	123.74311925278
17	1453	16.2	123.74311925278
17	1466	16.3	123.74311925278
17	1479	16.4	123.74311925278
17	1492	16.5	123.74311925278
17	1505	16.6	123.74311925278
17	1518	16.7	123.74311925278
17	1531	16.8	123.74311925278
17	1544	16.9	123.74311925278
17	1557	17	123.74311925278
17	1570	17.1	123.74311925278
17	1583	17.2	123.74311925278
17	1596	17.3	123.74311925278
17	1609	17.4	123.74311925278
17	1622	17.5	123.74311925278
17	1635	17.6	123.74311925278
17	1648	17.7	123.74311925278
17	1661	17.8	123.74311925278
17	1674	17.9	123.74311925278
17	1687	18	123.74311925278
17	1700	18.1	123.74311925278
17	1713	18.2	123.74311925278
17	1726	18.3	123.74311925278
17	1739	18.4	123.74311925278
17	1752	18.5	123.74311925278
17	1765	18.6	123.74311925278
17	1778	18.7	123.74311925278
17	1791	18.8	123.74311925278
17	1804	18.9	123.74311925278
17	1817	19	123.74311925278
17	1830	19.1	123.74311925278
17	1843	19.2	123.74311925278
17	1856	19.3	123.74311925278
17	1869	19.4	123.74311925278
17	1882	19.5	123.74311925278
17	1895	19.6	123.74311925278
17	1908	19.7	123.74311925278
17	1921	19.8	123.74311925278
17	1934	19.9	123.74311925278
17	1947	20	123.74311925278
17	1960	20.1	123.74311925278
17	1973	20.2	123.74311925278
17	1986	20.3	123.74311925278
17	1999	20.4	123.74311925278
17	2012	20.5	123.74311925278
17	2025	20.6	123.74311925278
17	2038	20.7	123.74311925278
17	2051	20.8	123.74311925278
17	2064	20.9	123.74311925278
17	2077	21	123.74311925278
17	2090	21.1	123.74311925278
17	2103	21.2	123.74311925278
17	2116	21.3	123.74311925278
17	2129	21.4	123.74311925278
17	2142	21.5	123.74311925278
17	2155	21.6	123.74311925278
17	2168	21.7	123.74311925278
17	2181	21.8	123.74311925278
17	2194	21.9	123.74311925278
17	2207	22	123.74311925278
17	2220	22.1	123.74311925278
17	2233	22.2	123.74311925278
17	2246	22.3	123.74311925278
17	2259	22.4	123.74311925278
17	2272	22.5	123.74311925278
17	2285	22.6	123.74311925278
17	2298	22.7	123.74311925278
17	2311	22.8	123.74311925278
17	2324	22.9	123.74311925278
17	2337	23	123.74311925278
17	2350	23.1	123.74311925278
17	2363	23.2	123.74311925278
17	2376	23.3	123.74311925278
17	2389	23.4	123.74311925278
17	2402	23.5	123.74311925278
17	2415	23.6	123.74311925278
17	2428	23.7	123.74311925278
17	2441	23.8	123.74311925278
17	2454	23.9	123.74311925278
17	2467	24	123.74311925278
17	2480	24.1	123.74311925278
17	2493	24.2	123.74311925278
17	2506	24.3	123.74311925278
17	2519	24.4	123.74311925278
17	2532	24.5	123.74311925278
17	2545	24.6	123.74311925278
17	2558	24.7	123.74311925278
17	2571	24.8	123.74311925278
17	2584	24.9	123.74311925278
17	2597	25	123.74311925278
17	2610	25.1	123.74311925278
17	2623	25.2	123.74311925278
17	2636	25.3	123.74311925278
17	2649	25.4	123.74311925278
17	2662	25.5	123.74311925278
17	2675	25.6	123.74311925278
17	2688	25.7	123.74311925278
17	2701	25.8	123.74311925278
17	2714	25.9	123.74311925278
17	2727	26	123.74311925278
17	2740	26.1	123.74311925278
17	2753	26.2	123.74311925278
17	2766	26.3	123.74311925278
17	2779	26.4	123.74311925278
17	2792	26.5	123.74311925278
17	2805	26.6	123.74311925278
17	2818	26.7	123.74311925278
17	2831	26.8	123.74311925278
17	2844	26.9	123.74311925278
17	2857	27	123.74311925278
17	2870	27.1	123.74311925278
17	2883	27.2	123.74311925278
17	2896	27.3	123.74311925278
17	2909	27.4	123.74311925278
17	2922	27.5	123.74311925278
17	2935	27.6	123.74311925278
17	2948	27.7	123.74311925278
17	2961	27.8	123.74311925278
17	2974	27.9	123.74311925278
17	2987	28	123.74311925278
17	3000	28.1	123.74311925278
17	3013	28.2	123.74311925278
17	3026	28.3	123.74311925278
17	3039	28.4	123.74311925278
17	3052	28.5	123.74311925278
17	3065	28.6	123.74311925278
17	3078	28.7	123.74311925278
17	3091	28.8	123.74311925278
17	3104	28.9	123.74311925278
17	3117	29	123.74311925278
17	3130	29.1	123.74311925278
17	3143	29.2	123.74311925278
17	3156	29.3	123.74311925278
17	3169	29.4	123.74311925278
17	3182	29.5	123.74311925278
17	3195	29.6	123.74311925278
17	3208	29.7	123.74311925278
17	3221	29.8	123.74311925278
17	3234	29.9	123.74311925278
17	3247	30	123.74311925278
17	3260	30.1	123.74311925278
17	3273	30.2	123.74311925278
17	3286	30.3	123.74311925278
17	3299	30.4	123.74311925278
17	3312	30.5	123.74311925278
17	3325	30.6	123.74311925278
17	3338	30.7	123.74311925278
17	3351	30.8	123.74311925278
17	3364	30.9	123.74311925278
17	3377	31	123.74311925278
17	3390	31.1	123.74311925278
17	3403	31.2	123.74311925278
17	3416	31.3	123.74311925278
17	3429	31.4	123.74311925278
17	3442	31.5	123.74311925278
17	3455	31.6	123.74311925278
17	3468	31.7	123.74311925278
17	3481	31.8	123.74311925278
17	3494	31.9	123.74311925278
17	3507	32	123.74311925278
17	3520	32.1	123.74311925278
17	3533	32.2	123.74311925278
17	3546	32.3	123.74311925278
17	3559	32.4	123.74311925278
17	3572	32.5	123.74311925278
17	3585	32.6	123.74311925278
17	3598	32.7	123.74311925278
17	3611	32.8	123.74311925278
17	3624	32.9	123.74311925278
17	3637	33	123.74311925278
17	3650	33.1	123.74311925278
17	3663	33.2	123.74311925278
17	3676	33.3	123.74311925278
17	3689	33.4	123.74311925278
17	3702	33.5	123.74311925278
17	3715	33.6	123.74311925278
17	3728	33.7	123.74311925278
17	3741	33.8	123.74311925278
17	3754	33.9	123.74311925278
17	3767	34	123.74311925278
17	3780	34.1	123.74311925278
17	3793	34.2	123.74311925278
17	3806	34.3	123.74311925278
17	3819	34.4	123.74311925278
17	3832	34.5	123.74311925278
17	3845	34.6	123.74311925278
17	3858	34.7	123.74311925278
17	3871	34.8	123.74311925278
17	3884	34.9	123.74311925278
17	3897	35	123.74311925278
17	3910	35.1	123.74311925278
17	3923	35.2	123.74311925278
17	3936	35.3	123.74311925278
17	3949	35.4	123.74311925278
17	3962	35.5	123.74311925278
17	3975	35.6	123.74311925278
17	3988	35.7	123.74311925278
17	4001	35.8	123.74311925278
17	4014	35.9	123.74311925278
17	4027	36	123.74311925278
17	4040	36.1	123.74311925278
17	4053	36.2	123.74311925278
17	4066	36.3	123.74311925278
17	4079	36.4	123.74311925278
17	4092	36.5	123.74311925278
17	4105	36.6	123.74311925278
17	4118	36.7	123.74311925278
17	4131	36.8	123.74311925278
17	4144	36.9	123.74311925278
17	4157	37	123.74311925278
17	4170	37.1	123.74311925278
17	4183	37.2	123.74311925278
17	4196	37.3	123.74311925278
17	4209	37.4	123.74311925278
17	4222	37.5	123.74311925278
17	4235	37.6	123.74311925278
17	4248	37.7	123.74311925278
17	4261	37.8	123.74311925278
17	4274	37.9	123.74311925278
17	4287	38	123.74311925278
17	4300	38.1	123.74311925278
17	4313	38.2	123.74311925278
17	4326	38.3	123.74311925278
17	4339	38.4	123.74311925278
17	4352	38.5	123.74311925278
17	4365	38.6	123.74311925278
17	4378	38.7	123.74311925278
17	4391	38.8	123.74311925278
17	4404	38.9	123.74311925278
17	4417	39	123.74311925278
17	4430	39.1	123.74311925278
17	4443	39.2	123.74311925278
17	4456	39.3	123.74311925278
17	4469	39.4	123.74311925278
17	4482	39.5	123.74311925278
17	4495	39.6	123.74311925278
17	4508	39.7	123.74311925278
17	4521	39.8	123.74311925278
17	4534	39.9	123.74311925278
17	4547	40	123.74311925278
17	4560	40.1	123.74311925278
17	4573	40.2	123.74311925278
17	4586	40.3	123.74311925278
17	4599	40.4	123.74311925278
17	4612	40.5	123.74311925278
17	4625	40.6	123.74311925278
17	4638	40.7	123.74311925278
17	4651	40.8	123.74311925278
17	4664	40.9	123.74311925278
17	4677	41	123.74311925278
17	4690	41.1	123.74311925278
17	4703	41.2	123.74311925278
17	4716	41.3	123.74311925278
17	4729	41.4	123.74311925278
17	4742	41.5	123.74311925278
17	4755	41.6	123.74311925278
17	4768	41.7	123.74311925278
17	4781	41.8	123.74311925278
17	4794	41.9	123.74311925278
17	4807	42	123.74311925278
17	4820	42.1	123.74311925278
17	4833	42.2	123.74311925278
17	4846	42.3	123.74311925278
17	4859	42.4	123.74311925278
17	4872	42.5	123.74311925278
17	4885	42.6	123.74311925278
17	4898	42.7	123.74311925278
17	4911	42.8	123.74311925278
17	4924	42.9	123.74311925278
17	4937	43	123.74311925278
17	4950	43.1	123.74311925278
17	4963	43.2	123.74311925278
17	4976	43.3	123.74311925278
17	4989	43.4	123.74311925278
17	5002	43.5	123.74311925278
17	5015	43.6	123.74311925278
17	5028	43.7	123.74311925278
17	5041	43.8	123.74311925278
17	5054	43.9	123.74311925278
17	5067	44	123.74311925278
17	5080	44.1	123.74311925278
17	5093	44.2	123.74311925278
17	5106	44.3	123.74311925278
17	5119	44.4	123.74311925278
17	5132	44.5	123.74311925278
17	5145	44.6	123.74311925278
17	5158	44.7	123.74311925278
17	5171	44.8	123.74311925278
17	5184	44.9	123.74311925278
17	5197	45	123.74311925278
17	5210	45.1	123.74311925278
17	5223	45.2	123.74311925278
17	5236	45.3	123.74311925278
17	5249	45.4	123.74311925278
17	5262	45.5	123.74311925278
17	5275	45.6	123.74311925278
17	5288	45.7	123.74311925278
17	5301	45.8	123.74311925278
17	5314	45.9	123.74311925278
17	5327	46	123.74311925278
17	5340	46.1	123.74311925278
17	5353	46.2	123.74311925278
17	5366	46.3	123.74311925278
17	5379	46.4	123.74311925278
17	5392	46.5	123.74311925278
17	5405	46.6	123.74311925278
17	5418	46.7	123.74311925278
17	5431	46.8	123.74311925278
17	5444	46.9	123.74311925278
17	5459	47	123.74311925278
17	5474	47.1	123.74311925278
17	5487	47.2	123.74311925278
17	5500	47.3	123.74311925278
17	5514	47.4	123.74311925278
17	5528	47.5	123.74311925278
18	56	5.3	79.796
18	62	5.4	79.796
18	68	5.5	81.135601254972
18	78	5.6	81.135601254972
18	88	5.7	82.368086699921
18	101	5.8	82.368086699921
18	114	5.9	83.463340144871
18	127	6	83.463340144871
18	140	6.1	84.421361589821
18	153	6.2	84.421361589821
18	166	6.3	85.242151034771
18	179	6.4	85.242151034771
18	192	6.5	85.925708479721
18	205	6.6	85.925708479721
18	218	6.7	86.472033924671
18	231	6.8	86.472033924671
18	244	6.9	86.881127369621
18	257	7	86.881127369621
18	270	7.1	87.152988814571
18	283	7.2	87.152988814571
18	296	7.3	87.287618259521
18	309	7.4	87.287618259521
18	322	7.5	87.287618259521
18	335	7.6	87.287618259521
18	348	7.7	87.287618259521
18	361	7.8	87.287618259521
18	374	7.9	87.287618259521
18	387	8	87.287618259521
18	400	8.1	87.287618259521
18	413	8.2	87.287618259521
18	426	8.3	87.287618259521
18	439	8.4	87.287618259521
18	452	8.5	87.287618259521
18	465	8.6	87.287618259521
18	478	8.7	87.287618259521
18	491	8.8	87.287618259521
18	504	8.9	87.287618259521
18	517	9	87.287618259521
18	530	9.1	87.287618259521
18	543	9.2	87.287618259521
18	556	9.3	87.287618259521
18	569	9.4	87.287618259521
18	582	9.5	87.287618259521
18	595	9.6	87.287618259521
18	608	9.7	87.287618259521
18	621	9.8	87.287618259521
18	634	9.9	87.287618259521
18	647	10	87.287618259521
18	660	10.1	87.287618259521
18	673	10.2	87.287618259521
18	686	10.3	87.287618259521
18	699	10.4	87.287618259521
18	712	10.5	87.287618259521
18	725	10.6	87.287618259521
18	738	10.7	87.287618259521
18	751	10.8	87.287618259521
18	764	10.9	87.287618259521
18	777	11	87.287618259521
18	790	11.1	87.287618259521
18	803	11.2	87.287618259521
18	816	11.3	87.287618259521
18	829	11.4	87.287618259521
18	842	11.5	87.287618259521
18	855	11.6	87.287618259521
18	868	11.7	87.287618259521
18	881	11.8	87.287618259521
18	894	11.9	87.287618259521
18	907	12	87.287618259521
18	920	12.1	87.287618259521
18	933	12.2	87.287618259521
18	946	12.3	87.287618259521
18	959	12.4	87.287618259521
18	972	12.5	87.287618259521
18	985	12.6	87.287618259521
18	998	12.7	87.287618259521
18	1011	12.8	87.287618259521
18	1024	12.9	87.287618259521
18	1037	13	87.287618259521
18	1050	13.1	87.287618259521
18	1063	13.2	87.287618259521
18	1076	13.3	87.287618259521
18	1089	13.4	87.287618259521
18	1102	13.5	87.287618259521
18	1115	13.6	87.287618259521
18	1128	13.7	87.287618259521
18	1141	13.8	87.287618259521
18	1154	13.9	87.287618259521
18	1167	14	87.287618259521
18	1180	14.1	87.287618259521
18	1193	14.2	87.287618259521
18	1206	14.3	87.287618259521
18	1219	14.4	87.287618259521
18	1232	14.5	87.287618259521
18	1245	14.6	87.287618259521
18	1258	14.7	87.287618259521
18	1271	14.8	87.287618259521
18	1284	14.9	87.287618259521
18	1297	15	87.287618259521
18	1310	15.1	87.287618259521
18	1323	15.2	87.287618259521
18	1336	15.3	87.287618259521
18	1349	15.4	87.287618259521
18	1362	15.5	87.287618259521
18	1375	15.6	87.287618259521
18	1388	15.7	87.287618259521
18	1401	15.8	87.287618259521
18	1414	15.9	87.287618259521
18	1427	16	87.287618259521
18	1440	16.1	87.287618259521
18	1453	16.2	87.287618259521
18	1466	16.3	87.287618259521
18	1479	16.4	87.287618259521
18	1492	16.5	87.287618259521
18	1505	16.6	87.287618259521
18	1518	16.7	87.287618259521
18	1531	16.8	87.287618259521
18	1544	16.9	87.287618259521
18	1557	17	87.287618259521
18	1570	17.1	87.287618259521
18	1583	17.2	87.287618259521
18	1596	17.3	87.287618259521
18	1609	17.4	87.287618259521
18	1622	17.5	87.287618259521
18	1635	17.6	87.287618259521
18	1648	17.7	87.287618259521
18	1661	17.8	87.287618259521
18	1674	17.9	87.287618259521
18	1687	18	87.287618259521
18	1700	18.1	87.287618259521
18	1713	18.2	87.287618259521
18	1726	18.3	87.287618259521
18	1739	18.4	87.287618259521
18	1752	18.5	87.287618259521
18	1765	18.6	87.287618259521
18	1778	18.7	87.287618259521
18	1791	18.8	87.287618259521
18	1804	18.9	87.287618259521
18	1817	19	87.287618259521
18	1830	19.1	87.287618259521
18	1843	19.2	87.287618259521
18	1856	19.3	87.287618259521
18	1869	19.4	87.287618259521
18	1882	19.5	87.287618259521
18	1895	19.6	87.287618259521
18	1908	19.7	87.287618259521
18	1921	19.8	87.287618259521
18	1934	19.9	87.287618259521
18	1947	20	87.287618259521
18	1960	20.1	87.287618259521
18	1973	20.2	87.287618259521
18	1986	20.3	87.287618259521
18	1999	20.4	87.287618259521
18	2012	20.5	87.287618259521
18	2025	20.6	87.287618259521
18	2038	20.7	87.287618259521
18	2051	20.8	87.287618259521
18	2064	20.9	87.287618259521
18	2077	21	87.287618259521
18	2090	21.1	87.287618259521
18	2103	21.2	87.287618259521
18	2116	21.3	87.287618259521
18	2129	21.4	87.287618259521
18	2142	21.5	87.287618259521
18	2155	21.6	87.287618259521
18	2168	21.7	87.287618259521
18	2181	21.8	87.287618259521
18	2194	21.9	87.287618259521
18	2207	22	87.287618259521
18	2220	22.1	87.287618259521
18	2233	22.2	87.287618259521
18	2246	22.3	87.287618259521
18	2259	22.4	87.287618259521
18	2272	22.5	87.287618259521
18	2285	22.6	87.287618259521
18	2298	22.7	87.287618259521
18	2311	22.8	87.287618259521
18	2324	22.9	87.287618259521
18	2337	23	87.287618259521
18	2350	23.1	87.287618259521
18	2363	23.2	87.287618259521
18	2376	23.3	87.287618259521
18	2389	23.4	87.287618259521
18	2402	23.5	87.287618259521
18	2415	23.6	87.287618259521
18	2428	23.7	87.287618259521
18	2441	23.8	87.287618259521
18	2454	23.9	87.287618259521
18	2467	24	87.287618259521
18	2480	24.1	87.287618259521
18	2493	24.2	87.287618259521
18	2506	24.3	87.287618259521
18	2519	24.4	87.287618259521
18	2532	24.5	87.287618259521
18	2545	24.6	87.287618259521
18	2558	24.7	87.287618259521
18	2571	24.8	87.287618259521
18	2584	24.9	87.287618259521
18	2597	25	87.287618259521
18	2610	25.1	87.287618259521
18	2623	25.2	87.287618259521
18	2636	25.3	87.287618259521
18	2649	25.4	87.287618259521
18	2662	25.5	87.287618259521
18	2675	25.6	87.287618259521
18	2688	25.7	87.287618259521
18	2701	25.8	87.287618259521
18	2714	25.9	87.287618259521
18	2727	26	87.287618259521
18	2740	26.1	87.287618259521
18	2753	26.2	87.287618259521
18	2766	26.3	87.287618259521
18	2779	26.4	87.287618259521
18	2792	26.5	87.287618259521
18	2805	26.6	87.287618259521
18	2818	26.7	87.287618259521
18	2831	26.8	87.287618259521
18	2844	26.9	87.287618259521
18	2857	27	87.287618259521
18	2870	27.1	87.287618259521
18	2883	27.2	87.287618259521
18	2896	27.3	87.287618259521
18	2909	27.4	87.287618259521
18	2922	27.5	87.287618259521
18	2935	27.6	87.287618259521
18	2948	27.7	87.287618259521
18	2961	27.8	87.287618259521
18	2974	27.9	87.287618259521
18	2987	28	87.287618259521
18	3000	28.1	87.287618259521
18	3013	28.2	87.287618259521
18	3026	28.3	87.287618259521
18	3039	28.4	87.287618259521
18	3052	28.5	87.287618259521
18	3065	28.6	87.287618259521
18	3078	28.7	87.287618259521
18	3091	28.8	87.287618259521
18	3104	28.9	87.287618259521
18	3117	29	87.287618259521
18	3130	29.1	87.287618259521
18	3143	29.2	87.287618259521
18	3156	29.3	87.287618259521
18	3169	29.4	87.287618259521
18	3182	29.5	87.287618259521
18	3195	29.6	87.287618259521
18	3208	29.7	87.287618259521
18	3221	29.8	87.287618259521
18	3234	29.9	87.287618259521
18	3247	30	87.287618259521
18	3260	30.1	87.287618259521
18	3273	30.2	87.287618259521
18	3286	30.3	87.287618259521
18	3299	30.4	87.287618259521
18	3312	30.5	87.287618259521
18	3325	30.6	87.287618259521
18	3338	30.7	87.287618259521
18	3351	30.8	87.287618259521
18	3364	30.9	87.287618259521
18	3377	31	87.287618259521
18	3390	31.1	87.287618259521
18	3403	31.2	87.287618259521
18	3416	31.3	87.287618259521
18	3429	31.4	87.287618259521
18	3442	31.5	87.287618259521
18	3455	31.6	87.287618259521
18	3468	31.7	87.287618259521
18	3481	31.8	87.287618259521
18	3494	31.9	87.287618259521
18	3507	32	87.287618259521
18	3520	32.1	87.287618259521
18	3533	32.2	87.287618259521
18	3546	32.3	87.287618259521
18	3559	32.4	87.287618259521
18	3572	32.5	87.287618259521
18	3585	32.6	87.287618259521
18	3598	32.7	87.287618259521
18	3611	32.8	87.287618259521
18	3624	32.9	87.287618259521
18	3637	33	87.287618259521
18	3650	33.1	87.287618259521
18	3663	33.2	87.287618259521
18	3676	33.3	87.287618259521
18	3689	33.4	87.287618259521
18	3702	33.5	87.287618259521
18	3715	33.6	87.287618259521
18	3728	33.7	87.287618259521
18	3741	33.8	87.287618259521
18	3754	33.9	87.287618259521
18	3767	34	87.287618259521
18	3780	34.1	87.287618259521
18	3793	34.2	87.287618259521
18	3806	34.3	87.287618259521
18	3819	34.4	87.287618259521
18	3832	34.5	87.287618259521
18	3845	34.6	87.287618259521
18	3858	34.7	87.287618259521
18	3871	34.8	87.287618259521
18	3884	34.9	87.287618259521
18	3897	35	87.287618259521
18	3910	35.1	87.287618259521
18	3923	35.2	87.287618259521
18	3936	35.3	87.287618259521
18	3949	35.4	87.287618259521
18	3962	35.5	87.287618259521
18	3975	35.6	87.287618259521
18	3988	35.7	87.287618259521
18	4001	35.8	87.287618259521
18	4014	35.9	87.287618259521
18	4027	36	87.287618259521
18	4040	36.1	87.287618259521
18	4053	36.2	87.287618259521
18	4066	36.3	87.287618259521
18	4079	36.4	87.287618259521
18	4092	36.5	87.287618259521
18	4105	36.6	87.287618259521
18	4118	36.7	87.287618259521
18	4131	36.8	87.287618259521
18	4144	36.9	87.287618259521
18	4157	37	87.287618259521
18	4170	37.1	87.287618259521
18	4183	37.2	87.287618259521
18	4196	37.3	87.287618259521
18	4209	37.4	87.287618259521
18	4222	37.5	87.287618259521
18	4235	37.6	87.287618259521
18	4248	37.7	87.287618259521
18	4261	37.8	87.287618259521
18	4274	37.9	87.287618259521
18	4287	38	87.287618259521
18	4300	38.1	87.287618259521
18	4313	38.2	87.287618259521
18	4326	38.3	87.287618259521
18	4339	38.4	87.287618259521
18	4352	38.5	87.287618259521
18	4365	38.6	87.287618259521
18	4378	38.7	87.287618259521
18	4391	38.8	87.287618259521
18	4404	38.9	87.287618259521
18	4417	39	87.287618259521
18	4430	39.1	87.287618259521
18	4443	39.2	87.287618259521
18	4456	39.3	87.287618259521
18	4469	39.4	87.287618259521
18	4482	39.5	87.287618259521
18	4495	39.6	87.287618259521
18	4508	39.7	87.287618259521
18	4521	39.8	87.287618259521
18	4534	39.9	87.287618259521
18	4547	40	87.287618259521
18	4560	40.1	87.287618259521
18	4573	40.2	87.287618259521
18	4586	40.3	87.287618259521
18	4599	40.4	87.287618259521
18	4612	40.5	87.287618259521
18	4625	40.6	87.287618259521
18	4638	40.7	87.287618259521
18	4651	40.8	87.287618259521
18	4664	40.9	87.287618259521
18	4677	41	87.287618259521
18	4690	41.1	87.287618259521
18	4703	41.2	87.287618259521
18	4716	41.3	87.287618259521
18	4729	41.4	87.287618259521
18	4742	41.5	87.287618259521
18	4755	41.6	87.287618259521
18	4768	41.7	87.287618259521
18	4781	41.8	87.287618259521
18	4794	41.9	87.287618259521
18	4807	42	87.287618259521
18	4820	42.1	87.287618259521
18	4833	42.2	87.287618259521
18	4846	42.3	87.287618259521
18	4859	42.4	87.287618259521
18	4872	42.5	87.287618259521
18	4885	42.6	87.287618259521
18	4898	42.7	87.287618259521
18	4911	42.8	87.287618259521
18	4924	42.9	87.287618259521
18	4937	43	87.287618259521
18	4950	43.1	87.287618259521
18	4963	43.2	87.287618259521
18	4976	43.3	87.287618259521
18	4989	43.4	87.287618259521
18	5002	43.5	87.287618259521
18	5015	43.6	87.287618259521
18	5028	43.7	87.287618259521
18	5041	43.8	87.287618259521
18	5054	43.9	87.287618259521
18	5067	44	87.287618259521
18	5080	44.1	87.287618259521
18	5093	44.2	87.287618259521
18	5106	44.3	87.287618259521
18	5119	44.4	87.287618259521
18	5132	44.5	87.287618259521
18	5145	44.6	87.287618259521
18	5158	44.7	87.287618259521
18	5171	44.8	87.287618259521
18	5184	44.9	87.287618259521
18	5197	45	87.287618259521
18	5210	45.1	87.287618259521
18	5223	45.2	87.287618259521
18	5236	45.3	87.287618259521
18	5249	45.4	87.287618259521
18	5262	45.5	87.287618259521
18	5275	45.6	87.287618259521
18	5288	45.7	87.287618259521
18	5301	45.8	87.287618259521
18	5314	45.9	87.287618259521
18	5327	46	87.287618259521
18	5340	46.1	87.287618259521
18	5353	46.2	87.287618259521
18	5366	46.3	87.287618259521
18	5379	46.4	87.287618259521
18	5392	46.5	87.287618259521
18	5405	46.6	87.287618259521
18	5418	46.7	87.287618259521
18	5431	46.8	87.287618259521
18	5444	46.9	87.287618259521
18	5459	47	87.287618259521
18	5474	47.1	87.287618259521
18	5487	47.2	87.287618259521
18	5500	47.3	87.287618259521
18	5514	47.4	87.287618259521
18	5528	47.5	87.287618259521
23	56	5.3	117.9175
23	62	5.4	117.9175
23	68	5.5	117.9175
23	78	5.6	117.9175
23	88	5.7	117.9183309338
23	101	5.8	117.9183309338
23	114	5.9	117.9183309338
23	127	6	117.9183309338
23	140	6.1	117.9183309338
23	153	6.2	117.9183309338
23	166	6.3	117.9183309338
23	179	6.4	117.9183309338
23	192	6.5	117.9183309338
23	205	6.6	117.9183309338
23	218	6.7	117.9183309338
23	231	6.8	117.9183309338
23	244	6.9	117.9183309338
23	257	7	117.9183309338
23	270	7.1	117.9183309338
23	283	7.2	117.9183309338
23	296	7.3	117.9183309338
23	309	7.4	117.9183309338
23	322	7.5	117.9183309338
23	335	7.6	117.9183309338
23	348	7.7	117.9183309338
23	361	7.8	117.9183309338
23	374	7.9	117.9183309338
23	387	8	117.9183309338
23	400	8.1	117.9183309338
23	413	8.2	117.9183309338
23	426	8.3	117.9183309338
23	439	8.4	117.9183309338
23	452	8.5	117.9183309338
23	465	8.6	117.9183309338
23	478	8.7	117.9183309338
23	491	8.8	117.9183309338
23	504	8.9	117.9183309338
23	517	9	117.9183309338
23	530	9.1	117.9183309338
23	543	9.2	117.9183309338
23	556	9.3	117.9183309338
23	569	9.4	117.9183309338
23	582	9.5	117.9183309338
23	595	9.6	117.9183309338
23	608	9.7	117.9183309338
23	621	9.8	117.9183309338
23	634	9.9	117.9183309338
23	647	10	117.9183309338
23	660	10.1	117.9183309338
23	673	10.2	117.9183309338
23	686	10.3	117.9183309338
23	699	10.4	117.9183309338
23	712	10.5	117.9183309338
23	725	10.6	117.9183309338
23	738	10.7	117.9183309338
23	751	10.8	117.9183309338
23	764	10.9	117.9183309338
23	777	11	117.9183309338
23	790	11.1	117.9183309338
23	803	11.2	117.9183309338
23	816	11.3	117.9183309338
23	829	11.4	117.9183309338
23	842	11.5	117.9183309338
23	855	11.6	117.9183309338
23	868	11.7	117.9183309338
23	881	11.8	117.9183309338
23	894	11.9	117.9183309338
23	907	12	117.9183309338
23	920	12.1	117.9183309338
23	933	12.2	117.9183309338
23	946	12.3	117.9183309338
23	959	12.4	117.9183309338
23	972	12.5	117.9183309338
23	985	12.6	117.9183309338
23	998	12.7	117.9183309338
23	1011	12.8	117.9183309338
23	1024	12.9	117.9183309338
23	1037	13	117.9183309338
23	1050	13.1	117.9183309338
23	1063	13.2	117.9183309338
23	1076	13.3	117.9183309338
23	1089	13.4	117.9183309338
23	1102	13.5	117.9183309338
23	1115	13.6	117.9183309338
23	1128	13.7	117.9183309338
23	1141	13.8	117.9183309338
23	1154	13.9	117.9183309338
23	1167	14	117.9183309338
23	1180	14.1	117.9183309338
23	1193	14.2	117.9183309338
23	1206	14.3	117.9183309338
23	1219	14.4	117.9183309338
23	1232	14.5	117.9183309338
23	1245	14.6	117.9183309338
23	1258	14.7	117.9183309338
23	1271	14.8	117.9183309338
23	1284	14.9	117.9183309338
23	1297	15	117.9183309338
23	1310	15.1	117.9183309338
23	1323	15.2	117.9183309338
23	1336	15.3	117.9183309338
23	1349	15.4	117.9183309338
23	1362	15.5	117.9183309338
23	1375	15.6	117.9183309338
23	1388	15.7	117.9183309338
23	1401	15.8	117.9183309338
23	1414	15.9	117.9183309338
23	1427	16	117.9183309338
23	1440	16.1	117.9183309338
23	1453	16.2	117.9183309338
23	1466	16.3	117.9183309338
23	1479	16.4	117.9183309338
23	1492	16.5	117.9183309338
23	1505	16.6	117.9183309338
23	1518	16.7	117.9183309338
23	1531	16.8	117.9183309338
23	1544	16.9	117.9183309338
23	1557	17	117.9183309338
23	1570	17.1	117.9183309338
23	1583	17.2	117.9183309338
23	1596	17.3	117.9183309338
23	1609	17.4	117.9183309338
23	1622	17.5	117.9183309338
23	1635	17.6	117.9183309338
23	1648	17.7	117.9183309338
23	1661	17.8	117.9183309338
23	1674	17.9	117.9183309338
23	1687	18	117.9183309338
23	1700	18.1	117.9183309338
23	1713	18.2	117.9183309338
23	1726	18.3	117.9183309338
23	1739	18.4	117.9183309338
23	1752	18.5	117.9183309338
23	1765	18.6	117.9183309338
23	1778	18.7	117.9183309338
23	1791	18.8	117.9183309338
23	1804	18.9	117.9183309338
23	1817	19	117.9183309338
23	1830	19.1	117.9183309338
23	1843	19.2	117.9183309338
23	1856	19.3	117.9183309338
23	1869	19.4	117.9183309338
23	1882	19.5	117.9183309338
23	1895	19.6	117.9183309338
23	1908	19.7	117.9183309338
23	1921	19.8	117.9183309338
23	1934	19.9	117.9183309338
23	1947	20	117.9183309338
23	1960	20.1	117.9183309338
23	1973	20.2	117.9183309338
23	1986	20.3	117.9183309338
23	1999	20.4	117.9183309338
23	2012	20.5	117.9183309338
23	2025	20.6	117.9183309338
23	2038	20.7	117.9183309338
23	2051	20.8	117.9183309338
23	2064	20.9	117.9183309338
23	2077	21	117.9183309338
23	2090	21.1	117.9183309338
23	2103	21.2	117.9183309338
23	2116	21.3	117.9183309338
23	2129	21.4	117.9183309338
23	2142	21.5	117.9183309338
23	2155	21.6	117.9183309338
23	2168	21.7	117.9183309338
23	2181	21.8	117.9183309338
23	2194	21.9	117.9183309338
23	2207	22	117.9183309338
23	2220	22.1	117.9183309338
23	2233	22.2	117.9183309338
23	2246	22.3	117.9183309338
23	2259	22.4	117.9183309338
23	2272	22.5	117.9183309338
23	2285	22.6	117.9183309338
23	2298	22.7	117.9183309338
23	2311	22.8	117.9183309338
23	2324	22.9	117.9183309338
23	2337	23	117.9183309338
23	2350	23.1	117.9183309338
23	2363	23.2	117.9183309338
23	2376	23.3	117.9183309338
23	2389	23.4	117.9183309338
23	2402	23.5	117.9183309338
23	2415	23.6	117.9183309338
23	2428	23.7	117.9183309338
23	2441	23.8	117.9183309338
23	2454	23.9	117.9183309338
23	2467	24	117.9183309338
23	2480	24.1	117.9183309338
23	2493	24.2	117.9183309338
23	2506	24.3	117.9183309338
23	2519	24.4	117.9183309338
23	2532	24.5	117.9183309338
23	2545	24.6	117.9183309338
23	2558	24.7	117.9183309338
23	2571	24.8	117.9183309338
23	2584	24.9	117.9183309338
23	2597	25	117.9183309338
23	2610	25.1	117.9183309338
23	2623	25.2	117.9183309338
23	2636	25.3	117.9183309338
23	2649	25.4	117.9183309338
23	2662	25.5	117.9183309338
23	2675	25.6	117.9183309338
23	2688	25.7	117.9183309338
23	2701	25.8	117.9183309338
23	2714	25.9	117.9183309338
23	2727	26	117.9183309338
23	2740	26.1	117.9183309338
23	2753	26.2	117.9183309338
23	2766	26.3	117.9183309338
23	2779	26.4	117.9183309338
23	2792	26.5	117.9183309338
23	2805	26.6	117.9183309338
23	2818	26.7	117.9183309338
23	2831	26.8	117.9183309338
23	2844	26.9	117.9183309338
23	2857	27	117.9183309338
23	2870	27.1	117.9183309338
23	2883	27.2	117.9183309338
23	2896	27.3	117.9183309338
23	2909	27.4	117.9183309338
23	2922	27.5	117.9183309338
23	2935	27.6	117.9183309338
23	2948	27.7	117.9183309338
23	2961	27.8	117.9183309338
23	2974	27.9	117.9183309338
23	2987	28	117.9183309338
23	3000	28.1	117.9183309338
23	3013	28.2	117.9183309338
23	3026	28.3	117.9183309338
23	3039	28.4	117.9183309338
23	3052	28.5	117.9183309338
23	3065	28.6	117.9183309338
23	3078	28.7	117.9183309338
23	3091	28.8	117.9183309338
23	3104	28.9	117.9183309338
23	3117	29	117.9183309338
23	3130	29.1	117.9183309338
23	3143	29.2	117.9183309338
23	3156	29.3	117.9183309338
23	3169	29.4	117.9183309338
23	3182	29.5	117.9183309338
23	3195	29.6	117.9183309338
23	3208	29.7	117.9183309338
23	3221	29.8	117.9183309338
23	3234	29.9	117.9183309338
23	3247	30	117.9183309338
23	3260	30.1	117.9183309338
23	3273	30.2	117.9183309338
23	3286	30.3	117.9183309338
23	3299	30.4	117.9183309338
23	3312	30.5	117.9183309338
23	3325	30.6	117.9183309338
23	3338	30.7	117.9183309338
23	3351	30.8	117.9183309338
23	3364	30.9	117.9183309338
23	3377	31	117.9183309338
23	3390	31.1	117.9183309338
23	3403	31.2	117.9183309338
23	3416	31.3	117.9183309338
23	3429	31.4	117.9183309338
23	3442	31.5	117.9183309338
23	3455	31.6	117.9183309338
23	3468	31.7	117.9183309338
23	3481	31.8	117.9183309338
23	3494	31.9	117.9183309338
23	3507	32	117.9183309338
23	3520	32.1	117.9183309338
23	3533	32.2	117.9183309338
23	3546	32.3	117.9183309338
23	3559	32.4	117.9183309338
23	3572	32.5	117.9183309338
23	3585	32.6	117.9183309338
23	3598	32.7	117.9183309338
23	3611	32.8	117.9183309338
23	3624	32.9	117.9183309338
23	3637	33	117.9183309338
23	3650	33.1	117.9183309338
23	3663	33.2	117.9183309338
23	3676	33.3	117.9183309338
23	3689	33.4	117.9183309338
23	3702	33.5	117.9183309338
23	3715	33.6	117.9183309338
23	3728	33.7	117.9183309338
23	3741	33.8	117.9183309338
23	3754	33.9	117.9183309338
23	3767	34	117.9183309338
23	3780	34.1	117.9183309338
23	3793	34.2	117.9183309338
23	3806	34.3	117.9183309338
23	3819	34.4	117.9183309338
23	3832	34.5	117.9183309338
23	3845	34.6	117.9183309338
23	3858	34.7	117.9183309338
23	3871	34.8	117.9183309338
23	3884	34.9	117.9183309338
23	3897	35	117.9183309338
23	3910	35.1	117.9183309338
23	3923	35.2	117.9183309338
23	3936	35.3	117.9183309338
23	3949	35.4	117.9183309338
23	3962	35.5	117.9183309338
23	3975	35.6	117.9183309338
23	3988	35.7	117.9183309338
23	4001	35.8	117.9183309338
23	4014	35.9	117.9183309338
23	4027	36	117.9183309338
23	4040	36.1	117.9183309338
23	4053	36.2	117.9183309338
23	4066	36.3	117.9183309338
23	4079	36.4	117.9183309338
23	4092	36.5	117.9183309338
23	4105	36.6	117.9183309338
23	4118	36.7	117.9183309338
23	4131	36.8	117.9183309338
23	4144	36.9	117.9183309338
23	4157	37	117.9183309338
23	4170	37.1	117.9183309338
23	4183	37.2	117.9183309338
23	4196	37.3	117.9183309338
23	4209	37.4	117.9183309338
23	4222	37.5	117.9183309338
23	4235	37.6	117.9183309338
23	4248	37.7	117.9183309338
23	4261	37.8	117.9183309338
23	4274	37.9	117.9183309338
23	4287	38	117.9183309338
23	4300	38.1	117.9183309338
23	4313	38.2	117.9183309338
23	4326	38.3	117.9183309338
23	4339	38.4	117.9183309338
23	4352	38.5	117.9183309338
23	4365	38.6	117.9183309338
23	4378	38.7	117.9183309338
23	4391	38.8	117.9183309338
23	4404	38.9	117.9183309338
23	4417	39	117.9183309338
23	4430	39.1	117.9183309338
23	4443	39.2	117.9183309338
23	4456	39.3	117.9183309338
23	4469	39.4	117.9183309338
23	4482	39.5	117.9183309338
23	4495	39.6	117.9183309338
23	4508	39.7	117.9183309338
23	4521	39.8	117.9183309338
23	4534	39.9	117.9183309338
23	4547	40	117.9183309338
23	4560	40.1	117.9183309338
23	4573	40.2	117.9183309338
23	4586	40.3	117.9183309338
23	4599	40.4	117.9183309338
23	4612	40.5	117.9183309338
23	4625	40.6	117.9183309338
23	4638	40.7	117.9183309338
23	4651	40.8	117.9183309338
23	4664	40.9	117.9183309338
23	4677	41	117.9183309338
23	4690	41.1	117.9183309338
23	4703	41.2	117.9183309338
23	4716	41.3	117.9183309338
23	4729	41.4	117.9183309338
23	4742	41.5	117.9183309338
23	4755	41.6	117.9183309338
23	4768	41.7	117.9183309338
23	4781	41.8	117.9183309338
23	4794	41.9	117.9183309338
23	4807	42	117.9183309338
23	4820	42.1	117.9183309338
23	4833	42.2	117.9183309338
23	4846	42.3	117.9183309338
23	4859	42.4	117.9183309338
23	4872	42.5	117.9183309338
23	4885	42.6	117.9183309338
23	4898	42.7	117.9183309338
23	4911	42.8	117.9183309338
23	4924	42.9	117.9183309338
23	4937	43	117.9183309338
23	4950	43.1	117.9183309338
23	4963	43.2	117.9183309338
23	4976	43.3	117.9183309338
23	4989	43.4	117.9183309338
23	5002	43.5	117.9183309338
23	5015	43.6	117.9183309338
23	5028	43.7	117.9183309338
23	5041	43.8	117.9183309338
23	5054	43.9	117.9183309338
23	5067	44	117.9183309338
23	5080	44.1	117.9183309338
23	5093	44.2	117.9183309338
23	5106	44.3	117.9183309338
23	5119	44.4	117.9183309338
23	5132	44.5	117.9183309338
23	5145	44.6	117.9183309338
23	5158	44.7	117.9183309338
23	5171	44.8	117.9183309338
23	5184	44.9	117.9183309338
23	5197	45	117.9183309338
23	5210	45.1	117.9183309338
23	5223	45.2	117.9183309338
23	5236	45.3	117.9183309338
23	5249	45.4	117.9183309338
23	5262	45.5	117.9183309338
23	5275	45.6	117.9183309338
23	5288	45.7	117.9183309338
23	5301	45.8	117.9183309338
23	5314	45.9	117.9183309338
23	5327	46	117.9183309338
23	5340	46.1	117.9183309338
23	5353	46.2	117.9183309338
23	5366	46.3	117.9183309338
23	5379	46.4	117.9183309338
23	5392	46.5	117.9183309338
23	5405	46.6	117.9183309338
23	5418	46.7	117.9183309338
23	5431	46.8	117.9183309338
23	5444	46.9	117.9183309338
23	5459	47	117.9183309338
23	5474	47.1	117.91835955658
23	5487	47.2	117.91835955658
23	5500	47.3	117.91921176004
23	5514	47.4	117.91921176004
23	5528	47.5	117.92332756649
24	56	5.3	101.642
24	62	5.4	101.642
24	68	5.5	101.642
24	78	5.6	101.642
24	88	5.7	101.6417550932
24	101	5.8	101.6417550932
24	114	5.9	101.6417550932
24	127	6	101.6417550932
24	140	6.1	101.6417550932
24	153	6.2	101.6417550932
24	166	6.3	101.6417550932
24	179	6.4	101.6417550932
24	192	6.5	101.6417550932
24	205	6.6	101.6417550932
24	218	6.7	101.6417550932
24	231	6.8	101.6417550932
24	244	6.9	101.6417550932
24	257	7	101.6417550932
24	270	7.1	101.6417550932
24	283	7.2	101.6417550932
24	296	7.3	101.6417550932
24	309	7.4	101.6417550932
24	322	7.5	101.6417550932
24	335	7.6	101.6417550932
24	348	7.7	101.6417550932
24	361	7.8	101.6417550932
24	374	7.9	101.6417550932
24	387	8	101.6417550932
24	400	8.1	101.6417550932
24	413	8.2	101.6417550932
24	426	8.3	101.6417550932
24	439	8.4	101.6417550932
24	452	8.5	101.6417550932
24	465	8.6	101.6417550932
24	478	8.7	101.6417550932
24	491	8.8	101.6417550932
24	504	8.9	101.6417550932
24	517	9	101.6417550932
24	530	9.1	101.6417550932
24	543	9.2	101.6417550932
24	556	9.3	101.6417550932
24	569	9.4	101.6417550932
24	582	9.5	101.6417550932
24	595	9.6	101.6417550932
24	608	9.7	101.6417550932
24	621	9.8	101.6417550932
24	634	9.9	101.6417550932
24	647	10	101.6417550932
24	660	10.1	101.6417550932
24	673	10.2	101.6417550932
24	686	10.3	101.6417550932
24	699	10.4	101.6417550932
24	712	10.5	101.6417550932
24	725	10.6	101.6417550932
24	738	10.7	101.6417550932
24	751	10.8	101.6417550932
24	764	10.9	101.6417550932
24	777	11	101.6417550932
24	790	11.1	101.6417550932
24	803	11.2	101.6417550932
24	816	11.3	101.6417550932
24	829	11.4	101.6417550932
24	842	11.5	101.6417550932
24	855	11.6	101.6417550932
24	868	11.7	101.6417550932
24	881	11.8	101.6417550932
24	894	11.9	101.6417550932
24	907	12	101.6417550932
24	920	12.1	101.6417550932
24	933	12.2	101.6417550932
24	946	12.3	101.6417550932
24	959	12.4	101.6417550932
24	972	12.5	101.6417550932
24	985	12.6	101.6417550932
24	998	12.7	101.6417550932
24	1011	12.8	101.6417550932
24	1024	12.9	101.6417550932
24	1037	13	101.6417550932
24	1050	13.1	101.6417550932
24	1063	13.2	101.6417550932
24	1076	13.3	101.6417550932
24	1089	13.4	101.6417550932
24	1102	13.5	101.6417550932
24	1115	13.6	101.6417550932
24	1128	13.7	101.6417550932
24	1141	13.8	101.6417550932
24	1154	13.9	101.6417550932
24	1167	14	101.6417550932
24	1180	14.1	101.6417550932
24	1193	14.2	101.6417550932
24	1206	14.3	101.6417550932
24	1219	14.4	101.6417550932
24	1232	14.5	101.6417550932
24	1245	14.6	101.6417550932
24	1258	14.7	101.6417550932
24	1271	14.8	101.6417550932
24	1284	14.9	101.6417550932
24	1297	15	101.6417550932
24	1310	15.1	101.6417550932
24	1323	15.2	101.6417550932
24	1336	15.3	101.6417550932
24	1349	15.4	101.6417550932
24	1362	15.5	101.6417550932
24	1375	15.6	101.6417550932
24	1388	15.7	101.6417550932
24	1401	15.8	101.6417550932
24	1414	15.9	101.6417550932
24	1427	16	101.6417550932
24	1440	16.1	101.6417550932
24	1453	16.2	101.6417550932
24	1466	16.3	101.6417550932
24	1479	16.4	101.6417550932
24	1492	16.5	101.6417550932
24	1505	16.6	101.6417550932
24	1518	16.7	101.6417550932
24	1531	16.8	101.6417550932
24	1544	16.9	101.6417550932
24	1557	17	101.6417550932
24	1570	17.1	101.6417550932
24	1583	17.2	101.6417550932
24	1596	17.3	101.6417550932
24	1609	17.4	101.6417550932
24	1622	17.5	101.6417550932
24	1635	17.6	101.6417550932
24	1648	17.7	101.6417550932
24	1661	17.8	101.6417550932
24	1674	17.9	101.6417550932
24	1687	18	101.6417550932
24	1700	18.1	101.6417550932
24	1713	18.2	101.6417550932
24	1726	18.3	101.6417550932
24	1739	18.4	101.6417550932
24	1752	18.5	101.6417550932
24	1765	18.6	101.6417550932
24	1778	18.7	101.6417550932
24	1791	18.8	101.6417550932
24	1804	18.9	101.6417550932
24	1817	19	101.6417550932
24	1830	19.1	101.6417550932
24	1843	19.2	101.6417550932
24	1856	19.3	101.6417550932
24	1869	19.4	101.6417550932
24	1882	19.5	101.6417550932
24	1895	19.6	101.6417550932
24	1908	19.7	101.6417550932
24	1921	19.8	101.6417550932
24	1934	19.9	101.6417550932
24	1947	20	101.6417550932
24	1960	20.1	101.6417550932
24	1973	20.2	101.6417550932
24	1986	20.3	101.6417550932
24	1999	20.4	101.6417550932
24	2012	20.5	101.6417550932
24	2025	20.6	101.6417550932
24	2038	20.7	101.6417550932
24	2051	20.8	101.6417550932
24	2064	20.9	101.6417550932
24	2077	21	101.6417550932
24	2090	21.1	101.6417550932
24	2103	21.2	101.6417550932
24	2116	21.3	101.6417550932
24	2129	21.4	101.6417550932
24	2142	21.5	101.6417550932
24	2155	21.6	101.6417550932
24	2168	21.7	101.6417550932
24	2181	21.8	101.6417550932
24	2194	21.9	101.6417550932
24	2207	22	101.6417550932
24	2220	22.1	101.6417550932
24	2233	22.2	101.6417550932
24	2246	22.3	101.6417550932
24	2259	22.4	101.6417550932
24	2272	22.5	101.6417550932
24	2285	22.6	101.6417550932
24	2298	22.7	101.6417550932
24	2311	22.8	101.6417550932
24	2324	22.9	101.6417550932
24	2337	23	101.6417550932
24	2350	23.1	101.6417550932
24	2363	23.2	101.6417550932
24	2376	23.3	101.6417550932
24	2389	23.4	101.6417550932
24	2402	23.5	101.6417550932
24	2415	23.6	101.6417550932
24	2428	23.7	101.6417550932
24	2441	23.8	101.6417550932
24	2454	23.9	101.6417550932
24	2467	24	101.6417550932
24	2480	24.1	101.6417550932
24	2493	24.2	101.6417550932
24	2506	24.3	101.6417550932
24	2519	24.4	101.6417550932
24	2532	24.5	101.6417550932
24	2545	24.6	101.6417550932
24	2558	24.7	101.6417550932
24	2571	24.8	101.6417550932
24	2584	24.9	101.6417550932
24	2597	25	101.6417550932
24	2610	25.1	101.6417550932
24	2623	25.2	101.6417550932
24	2636	25.3	101.6417550932
24	2649	25.4	101.6417550932
24	2662	25.5	101.6417550932
24	2675	25.6	101.6417550932
24	2688	25.7	101.6417550932
24	2701	25.8	101.6417550932
24	2714	25.9	101.6417550932
24	2727	26	101.6417550932
24	2740	26.1	101.6417550932
24	2753	26.2	101.6417550932
24	2766	26.3	101.6417550932
24	2779	26.4	101.6417550932
24	2792	26.5	101.6417550932
24	2805	26.6	101.6417550932
24	2818	26.7	101.6417550932
24	2831	26.8	101.6417550932
24	2844	26.9	101.6417550932
24	2857	27	101.6417550932
24	2870	27.1	101.6417550932
24	2883	27.2	101.6417550932
24	2896	27.3	101.6417550932
24	2909	27.4	101.6417550932
24	2922	27.5	101.6417550932
24	2935	27.6	101.6417550932
24	2948	27.7	101.6417550932
24	2961	27.8	101.6417550932
24	2974	27.9	101.6417550932
24	2987	28	101.6417550932
24	3000	28.1	101.6417550932
24	3013	28.2	101.6417550932
24	3026	28.3	101.6417550932
24	3039	28.4	101.6417550932
24	3052	28.5	101.6417550932
24	3065	28.6	101.6417550932
24	3078	28.7	101.6417550932
24	3091	28.8	101.6417550932
24	3104	28.9	101.6417550932
24	3117	29	101.6417550932
24	3130	29.1	101.6417550932
24	3143	29.2	101.6417550932
24	3156	29.3	101.6417550932
24	3169	29.4	101.6417550932
24	3182	29.5	101.6417550932
24	3195	29.6	101.6417550932
24	3208	29.7	101.6417550932
24	3221	29.8	101.6417550932
24	3234	29.9	101.6417550932
24	3247	30	101.6417550932
24	3260	30.1	101.6417550932
24	3273	30.2	101.6417550932
24	3286	30.3	101.6417550932
24	3299	30.4	101.6417550932
24	3312	30.5	101.6417550932
24	3325	30.6	101.6417550932
24	3338	30.7	101.6417550932
24	3351	30.8	101.6417550932
24	3364	30.9	101.6417550932
24	3377	31	101.6417550932
24	3390	31.1	101.6417550932
24	3403	31.2	101.6417550932
24	3416	31.3	101.6417550932
24	3429	31.4	101.6417550932
24	3442	31.5	101.6417550932
24	3455	31.6	101.6417550932
24	3468	31.7	101.6417550932
24	3481	31.8	101.6417550932
24	3494	31.9	101.6417550932
24	3507	32	101.6417550932
24	3520	32.1	101.6417550932
24	3533	32.2	101.6417550932
24	3546	32.3	101.6417550932
24	3559	32.4	101.6417550932
24	3572	32.5	101.6417550932
24	3585	32.6	101.6417550932
24	3598	32.7	101.6417550932
24	3611	32.8	101.6417550932
24	3624	32.9	101.6417550932
24	3637	33	101.6417550932
24	3650	33.1	101.6417550932
24	3663	33.2	101.6417550932
24	3676	33.3	101.6417550932
24	3689	33.4	101.6417550932
24	3702	33.5	101.6417550932
24	3715	33.6	101.6417550932
24	3728	33.7	101.6417550932
24	3741	33.8	101.6417550932
24	3754	33.9	101.6417550932
24	3767	34	101.6417550932
24	3780	34.1	101.6417550932
24	3793	34.2	101.6417550932
24	3806	34.3	101.6417550932
24	3819	34.4	101.6417550932
24	3832	34.5	101.6417550932
24	3845	34.6	101.6417550932
24	3858	34.7	101.6417550932
24	3871	34.8	101.6417550932
24	3884	34.9	101.6417550932
24	3897	35	101.6417550932
24	3910	35.1	101.6417550932
24	3923	35.2	101.6417550932
24	3936	35.3	101.6417550932
24	3949	35.4	101.6417550932
24	3962	35.5	101.6417550932
24	3975	35.6	101.6417550932
24	3988	35.7	101.6417550932
24	4001	35.8	101.6417550932
24	4014	35.9	101.6417550932
24	4027	36	101.6417550932
24	4040	36.1	101.6417550932
24	4053	36.2	101.6417550932
24	4066	36.3	101.6417550932
24	4079	36.4	101.6417550932
24	4092	36.5	101.6417550932
24	4105	36.6	101.6417550932
24	4118	36.7	101.6417550932
24	4131	36.8	101.6417550932
24	4144	36.9	101.6417550932
24	4157	37	101.6417550932
24	4170	37.1	101.6417550932
24	4183	37.2	101.6417550932
24	4196	37.3	101.6417550932
24	4209	37.4	101.6417550932
24	4222	37.5	101.6417550932
24	4235	37.6	101.6417550932
24	4248	37.7	101.6417550932
24	4261	37.8	101.6417550932
24	4274	37.9	101.6417550932
24	4287	38	101.6417550932
24	4300	38.1	101.6417550932
24	4313	38.2	101.6417550932
24	4326	38.3	101.6417550932
24	4339	38.4	101.6417550932
24	4352	38.5	101.6417550932
24	4365	38.6	101.6417550932
24	4378	38.7	101.6417550932
24	4391	38.8	101.6417550932
24	4404	38.9	101.6417550932
24	4417	39	101.6417550932
24	4430	39.1	101.6417550932
24	4443	39.2	101.6417550932
24	4456	39.3	101.6417550932
24	4469	39.4	101.6417550932
24	4482	39.5	101.6417550932
24	4495	39.6	101.6417550932
24	4508	39.7	101.6417550932
24	4521	39.8	101.6417550932
24	4534	39.9	101.6417550932
24	4547	40	101.6417550932
24	4560	40.1	101.6417550932
24	4573	40.2	101.6417550932
24	4586	40.3	101.6417550932
24	4599	40.4	101.6417550932
24	4612	40.5	101.6417550932
24	4625	40.6	101.6417550932
24	4638	40.7	101.6417550932
24	4651	40.8	101.6417550932
24	4664	40.9	101.6417550932
24	4677	41	101.6417550932
24	4690	41.1	101.6417550932
24	4703	41.2	101.6417550932
24	4716	41.3	101.6417550932
24	4729	41.4	101.6417550932
24	4742	41.5	101.6417550932
24	4755	41.6	101.6417550932
24	4768	41.7	101.6417550932
24	4781	41.8	101.6417550932
24	4794	41.9	101.6417550932
24	4807	42	101.6417550932
24	4820	42.1	101.6417550932
24	4833	42.2	101.6417550932
24	4846	42.3	101.6417550932
24	4859	42.4	101.6417550932
24	4872	42.5	101.6417550932
24	4885	42.6	101.6417550932
24	4898	42.7	101.6417550932
24	4911	42.8	101.6417550932
24	4924	42.9	101.6417550932
24	4937	43	101.6417550932
24	4950	43.1	101.6417550932
24	4963	43.2	101.6417550932
24	4976	43.3	101.6417550932
24	4989	43.4	101.6417550932
24	5002	43.5	101.6417550932
24	5015	43.6	101.6417550932
24	5028	43.7	101.6417550932
24	5041	43.8	101.6417550932
24	5054	43.9	101.6417550932
24	5067	44	101.6417550932
24	5080	44.1	101.6417550932
24	5093	44.2	101.6417550932
24	5106	44.3	101.6417550932
24	5119	44.4	101.6417550932
24	5132	44.5	101.6417550932
24	5145	44.6	101.6417550932
24	5158	44.7	101.6417550932
24	5171	44.8	101.6417550932
24	5184	44.9	101.6417550932
24	5197	45	101.6417550932
24	5210	45.1	101.6417550932
24	5223	45.2	101.6417550932
24	5236	45.3	101.6417550932
24	5249	45.4	101.6417550932
24	5262	45.5	101.6417550932
24	5275	45.6	101.6417550932
24	5288	45.7	101.6417550932
24	5301	45.8	101.6417550932
24	5314	45.9	101.6417550932
24	5327	46	101.6417550932
24	5340	46.1	101.6417550932
24	5353	46.2	101.6417550932
24	5366	46.3	101.6417550932
24	5379	46.4	101.6417550932
24	5392	46.5	101.6417550932
24	5405	46.6	101.6417550932
24	5418	46.7	101.6417550932
24	5431	46.8	101.6417550932
24	5444	46.9	101.6417550932
24	5459	47	101.6417550932
24	5474	47.1	101.64174665701
24	5487	47.2	101.64174665701
24	5500	47.3	101.64149548125
24	5514	47.4	101.64149548125
24	5528	47.5	101.64028240146
25	56	5.3	-4.9500000000001
25	62	5.4	0
25	68	5.5	5.2
25	78	5.6	0
25	88	5.7	-5.2
25	101	5.8	0
25	114	5.9	0
25	127	6	0
25	140	6.1	0
25	153	6.2	0
25	166	6.3	0
25	179	6.4	0
25	192	6.5	0
25	205	6.6	0
25	218	6.7	0
25	231	6.8	0
25	244	6.9	0
25	257	7	0
25	270	7.1	0
25	283	7.2	0
25	296	7.3	0
25	309	7.4	0
25	322	7.5	0
25	335	7.6	0
25	348	7.7	0
25	361	7.8	0
25	374	7.9	0
25	387	8	0
25	400	8.1	0
25	413	8.2	0
25	426	8.3	0
25	439	8.4	0
25	452	8.5	0
25	465	8.6	0
25	478	8.7	0
25	491	8.8	0
25	504	8.9	0
25	517	9	0
25	530	9.1	0
25	543	9.2	0
25	556	9.3	0
25	569	9.4	0
25	582	9.5	0
25	595	9.6	0
25	608	9.7	0
25	621	9.8	0
25	634	9.9	0
25	647	10	0
25	660	10.1	0
25	673	10.2	0
25	686	10.3	0
25	699	10.4	0
25	712	10.5	0
25	725	10.6	0
25	738	10.7	0
25	751	10.8	0
25	764	10.9	0
25	777	11	0
25	790	11.1	0
25	803	11.2	0
25	816	11.3	0
25	829	11.4	0
25	842	11.5	0
25	855	11.6	0
25	868	11.7	0
25	881	11.8	0
25	894	11.9	0
25	907	12	0
25	920	12.1	0
25	933	12.2	0
25	946	12.3	0
25	959	12.4	0
25	972	12.5	0
25	985	12.6	0
25	998	12.7	0
25	1011	12.8	0
25	1024	12.9	0
25	1037	13	0
25	1050	13.1	0
25	1063	13.2	0
25	1076	13.3	0
25	1089	13.4	0
25	1102	13.5	0
25	1115	13.6	0
25	1128	13.7	0
25	1141	13.8	0
25	1154	13.9	0
25	1167	14	0
25	1180	14.1	0
25	1193	14.2	0
25	1206	14.3	0
25	1219	14.4	0
25	1232	14.5	0
25	1245	14.6	0
25	1258	14.7	0
25	1271	14.8	0
25	1284	14.9	0
25	1297	15	0
25	1310	15.1	0
25	1323	15.2	0
25	1336	15.3	0
25	1349	15.4	0
25	1362	15.5	0
25	1375	15.6	0
25	1388	15.7	0
25	1401	15.8	0
25	1414	15.9	0
25	1427	16	0
25	1440	16.1	0
25	1453	16.2	0
25	1466	16.3	0
25	1479	16.4	0
25	1492	16.5	0
25	1505	16.6	0
25	1518	16.7	0
25	1531	16.8	0
25	1544	16.9	0
25	1557	17	0
25	1570	17.1	0
25	1583	17.2	0
25	1596	17.3	0
25	1609	17.4	0
25	1622	17.5	0
25	1635	17.6	0
25	1648	17.7	0
25	1661	17.8	0
25	1674	17.9	0
25	1687	18	0
25	1700	18.1	0
25	1713	18.2	0
25	1726	18.3	0
25	1739	18.4	0
25	1752	18.5	0
25	1765	18.6	0
25	1778	18.7	0
25	1791	18.8	0
25	1804	18.9	0
25	1817	19	0
25	1830	19.1	0
25	1843	19.2	0
25	1856	19.3	0
25	1869	19.4	0
25	1882	19.5	0
25	1895	19.6	0
25	1908	19.7	0
25	1921	19.8	0
25	1934	19.9	0
25	1947	20	0
25	1960	20.1	0
25	1973	20.2	0
25	1986	20.3	0
25	1999	20.4	0
25	2012	20.5	0
25	2025	20.6	0
25	2038	20.7	0
25	2051	20.8	0
25	2064	20.9	0
25	2077	21	0
25	2090	21.1	0
25	2103	21.2	0
25	2116	21.3	0
25	2129	21.4	0
25	2142	21.5	0
25	2155	21.6	0
25	2168	21.7	0
25	2181	21.8	0
25	2194	21.9	0
25	2207	22	0
25	2220	22.1	0
25	2233	22.2	0
25	2246	22.3	0
25	2259	22.4	0
25	2272	22.5	0
25	2285	22.6	0
25	2298	22.7	0
25	2311	22.8	0
25	2324	22.9	0
25	2337	23	0
25	2350	23.1	0
25	2363	23.2	0
25	2376	23.3	0
25	2389	23.4	0
25	2402	23.5	0
25	2415	23.6	0
25	2428	23.7	0
25	2441	23.8	0
25	2454	23.9	0
25	2467	24	0
25	2480	24.1	0
25	2493	24.2	0
25	2506	24.3	0
25	2519	24.4	0
25	2532	24.5	0
25	2545	24.6	0
25	2558	24.7	0
25	2571	24.8	0
25	2584	24.9	0
25	2597	25	0
25	2610	25.1	0
25	2623	25.2	0
25	2636	25.3	0
25	2649	25.4	0
25	2662	25.5	0
25	2675	25.6	0
25	2688	25.7	0
25	2701	25.8	0
25	2714	25.9	0
25	2727	26	0
25	2740	26.1	0
25	2753	26.2	0
25	2766	26.3	0
25	2779	26.4	0
25	2792	26.5	0
25	2805	26.6	0
25	2818	26.7	0
25	2831	26.8	0
25	2844	26.9	0
25	2857	27	0
25	2870	27.1	0
25	2883	27.2	0
25	2896	27.3	0
25	2909	27.4	0
25	2922	27.5	0
25	2935	27.6	0
25	2948	27.7	0
25	2961	27.8	0
25	2974	27.9	0
25	2987	28	0
25	3000	28.1	0
25	3013	28.2	0
25	3026	28.3	0
25	3039	28.4	0
25	3052	28.5	0
25	3065	28.6	0
25	3078	28.7	0
25	3091	28.8	0
25	3104	28.9	0
25	3117	29	0
25	3130	29.1	0
25	3143	29.2	0
25	3156	29.3	0
25	3169	29.4	0
25	3182	29.5	0
25	3195	29.6	0
25	3208	29.7	0
25	3221	29.8	0
25	3234	29.9	0
25	3247	30	0
25	3260	30.1	0
25	3273	30.2	0
25	3286	30.3	0
25	3299	30.4	0
25	3312	30.5	0
25	3325	30.6	0
25	3338	30.7	0
25	3351	30.8	0
25	3364	30.9	0
25	3377	31	0
25	3390	31.1	0
25	3403	31.2	0
25	3416	31.3	0
25	3429	31.4	0
25	3442	31.5	0
25	3455	31.6	0
25	3468	31.7	0
25	3481	31.8	0
25	3494	31.9	0
25	3507	32	0
25	3520	32.1	0
25	3533	32.2	0
25	3546	32.3	0
25	3559	32.4	0
25	3572	32.5	0
25	3585	32.6	0
25	3598	32.7	0
25	3611	32.8	0
25	3624	32.9	0
25	3637	33	0
25	3650	33.1	0
25	3663	33.2	0
25	3676	33.3	0
25	3689	33.4	0
25	3702	33.5	0
25	3715	33.6	0
25	3728	33.7	0
25	3741	33.8	0
25	3754	33.9	0
25	3767	34	0
25	3780	34.1	0
25	3793	34.2	0
25	3806	34.3	0
25	3819	34.4	0
25	3832	34.5	0
25	3845	34.6	0
25	3858	34.7	0
25	3871	34.8	0
25	3884	34.9	0
25	3897	35	0
25	3910	35.1	0
25	3923	35.2	0
25	3936	35.3	0
25	3949	35.4	0
25	3962	35.5	0
25	3975	35.6	0
25	3988	35.7	0
25	4001	35.8	0
25	4014	35.9	0
25	4027	36	0
25	4040	36.1	0
25	4053	36.2	0
25	4066	36.3	0
25	4079	36.4	0
25	4092	36.5	0
25	4105	36.6	0
25	4118	36.7	0
25	4131	36.8	0
25	4144	36.9	0
25	4157	37	0
25	4170	37.1	0
25	4183	37.2	0
25	4196	37.3	0
25	4209	37.4	0
25	4222	37.5	0
25	4235	37.6	0
25	4248	37.7	0
25	4261	37.8	0
25	4274	37.9	0
25	4287	38	0
25	4300	38.1	0
25	4313	38.2	0
25	4326	38.3	0
25	4339	38.4	0
25	4352	38.5	0
25	4365	38.6	0
25	4378	38.7	0
25	4391	38.8	0
25	4404	38.9	0
25	4417	39	0
25	4430	39.1	0
25	4443	39.2	0
25	4456	39.3	0
25	4469	39.4	0
25	4482	39.5	0
25	4495	39.6	0
25	4508	39.7	0
25	4521	39.8	0
25	4534	39.9	0
25	4547	40	0
25	4560	40.1	0
25	4573	40.2	0
25	4586	40.3	0
25	4599	40.4	0
25	4612	40.5	0
25	4625	40.6	0
25	4638	40.7	0
25	4651	40.8	0
25	4664	40.9	0
25	4677	41	0
25	4690	41.1	0
25	4703	41.2	0
25	4716	41.3	0
25	4729	41.4	0
25	4742	41.5	0
25	4755	41.6	0
25	4768	41.7	0
25	4781	41.8	0
25	4794	41.9	0
25	4807	42	0
25	4820	42.1	0
25	4833	42.2	0
25	4846	42.3	0
25	4859	42.4	0
25	4872	42.5	0
25	4885	42.6	0
25	4898	42.7	0
25	4911	42.8	0
25	4924	42.9	0
25	4937	43	0
25	4950	43.1	0
25	4963	43.2	0
25	4976	43.3	0
25	4989	43.4	0
25	5002	43.5	0
25	5015	43.6	0
25	5028	43.7	0
25	5041	43.8	0
25	5054	43.9	0
25	5067	44	0
25	5080	44.1	0
25	5093	44.2	0
25	5106	44.3	0
25	5119	44.4	0
25	5132	44.5	0
25	5145	44.6	0
25	5158	44.7	0
25	5171	44.8	0
25	5184	44.9	0
25	5197	45	0
25	5210	45.1	0
25	5223	45.2	0
25	5236	45.3	0
25	5249	45.4	0
25	5262	45.5	0
25	5275	45.6	0
25	5288	45.7	0
25	5301	45.8	0
25	5314	45.9	0
25	5327	46	0
25	5340	46.1	0
25	5353	46.2	0
25	5366	46.3	0
25	5379	46.4	0
25	5392	46.5	0
25	5405	46.6	0
25	5418	46.7	0
25	5431	46.8	0
25	5444	46.9	0
25	5459	47	0
25	5474	47.1	5.1483974209987
25	5487	47.2	0
25	5500	47.3	5.0121418595933
25	5514	47.4	0
25	5528	47.5	5.191304823541
26	56	5.3	0.973
26	62	5.4	0.973
26	68	5.5	1.7867617892096
26	78	5.6	1.1350977892096
26	88	5.7	0.973
26	101	5.8	0.973
26	114	5.9	0.973
26	127	6	0.973
26	140	6.1	0.973
26	153	6.2	0.973
26	166	6.3	0.973
26	179	6.4	0.973
26	192	6.5	0.973
26	205	6.6	0.973
26	218	6.7	0.973
26	231	6.8	0.973
26	244	6.9	0.973
26	257	7	0.973
26	270	7.1	0.973
26	283	7.2	0.973
26	296	7.3	0.973
26	309	7.4	0.973
26	322	7.5	0.973
26	335	7.6	0.973
26	348	7.7	0.973
26	361	7.8	0.973
26	374	7.9	0.973
26	387	8	0.973
26	400	8.1	0.973
26	413	8.2	0.973
26	426	8.3	0.973
26	439	8.4	0.973
26	452	8.5	0.973
26	465	8.6	0.973
26	478	8.7	0.973
26	491	8.8	0.973
26	504	8.9	0.973
26	517	9	0.973
26	530	9.1	0.973
26	543	9.2	0.973
26	556	9.3	0.973
26	569	9.4	0.973
26	582	9.5	0.973
26	595	9.6	0.973
26	608	9.7	0.973
26	621	9.8	0.973
26	634	9.9	0.973
26	647	10	0.973
26	660	10.1	0.973
26	673	10.2	0.973
26	686	10.3	0.973
26	699	10.4	0.973
26	712	10.5	0.973
26	725	10.6	0.973
26	738	10.7	0.973
26	751	10.8	0.973
26	764	10.9	0.973
26	777	11	0.973
26	790	11.1	0.973
26	803	11.2	0.973
26	816	11.3	0.973
26	829	11.4	0.973
26	842	11.5	0.973
26	855	11.6	0.973
26	868	11.7	0.973
26	881	11.8	0.973
26	894	11.9	0.973
26	907	12	0.973
26	920	12.1	0.973
26	933	12.2	0.973
26	946	12.3	0.973
26	959	12.4	0.973
26	972	12.5	0.973
26	985	12.6	0.973
26	998	12.7	0.973
26	1011	12.8	0.973
26	1024	12.9	0.973
26	1037	13	0.973
26	1050	13.1	0.973
26	1063	13.2	0.973
26	1076	13.3	0.973
26	1089	13.4	0.973
26	1102	13.5	0.973
26	1115	13.6	0.973
26	1128	13.7	0.973
26	1141	13.8	0.973
26	1154	13.9	0.973
26	1167	14	0.973
26	1180	14.1	0.973
26	1193	14.2	0.973
26	1206	14.3	0.973
26	1219	14.4	0.973
26	1232	14.5	0.973
26	1245	14.6	0.973
26	1258	14.7	0.973
26	1271	14.8	0.973
26	1284	14.9	0.973
26	1297	15	0.973
26	1310	15.1	0.973
26	1323	15.2	0.973
26	1336	15.3	0.973
26	1349	15.4	0.973
26	1362	15.5	0.973
26	1375	15.6	0.973
26	1388	15.7	0.973
26	1401	15.8	0.973
26	1414	15.9	0.973
26	1427	16	0.973
26	1440	16.1	0.973
26	1453	16.2	0.973
26	1466	16.3	0.973
26	1479	16.4	0.973
26	1492	16.5	0.973
26	1505	16.6	0.973
26	1518	16.7	0.973
26	1531	16.8	0.973
26	1544	16.9	0.973
26	1557	17	0.973
26	1570	17.1	0.973
26	1583	17.2	0.973
26	1596	17.3	0.973
26	1609	17.4	0.973
26	1622	17.5	0.973
26	1635	17.6	0.973
26	1648	17.7	0.973
26	1661	17.8	0.973
26	1674	17.9	0.973
26	1687	18	0.973
26	1700	18.1	0.973
26	1713	18.2	0.973
26	1726	18.3	0.973
26	1739	18.4	0.973
26	1752	18.5	0.973
26	1765	18.6	0.973
26	1778	18.7	0.973
26	1791	18.8	0.973
26	1804	18.9	0.973
26	1817	19	0.973
26	1830	19.1	0.973
26	1843	19.2	0.973
26	1856	19.3	0.973
26	1869	19.4	0.973
26	1882	19.5	0.973
26	1895	19.6	0.973
26	1908	19.7	0.973
26	1921	19.8	0.973
26	1934	19.9	0.973
26	1947	20	0.973
26	1960	20.1	0.973
26	1973	20.2	0.973
26	1986	20.3	0.973
26	1999	20.4	0.973
26	2012	20.5	0.973
26	2025	20.6	0.973
26	2038	20.7	0.973
26	2051	20.8	0.973
26	2064	20.9	0.973
26	2077	21	0.973
26	2090	21.1	0.973
26	2103	21.2	0.973
26	2116	21.3	0.973
26	2129	21.4	0.973
26	2142	21.5	0.973
26	2155	21.6	0.973
26	2168	21.7	0.973
26	2181	21.8	0.973
26	2194	21.9	0.973
26	2207	22	0.973
26	2220	22.1	0.973
26	2233	22.2	0.973
26	2246	22.3	0.973
26	2259	22.4	0.973
26	2272	22.5	0.973
26	2285	22.6	0.973
26	2298	22.7	0.973
26	2311	22.8	0.973
26	2324	22.9	0.973
26	2337	23	0.973
26	2350	23.1	0.973
26	2363	23.2	0.973
26	2376	23.3	0.973
26	2389	23.4	0.973
26	2402	23.5	0.973
26	2415	23.6	0.973
26	2428	23.7	0.973
26	2441	23.8	0.973
26	2454	23.9	0.973
26	2467	24	0.973
26	2480	24.1	0.973
26	2493	24.2	0.973
26	2506	24.3	0.973
26	2519	24.4	0.973
26	2532	24.5	0.973
26	2545	24.6	0.973
26	2558	24.7	0.973
26	2571	24.8	0.973
26	2584	24.9	0.973
26	2597	25	0.973
26	2610	25.1	0.973
26	2623	25.2	0.973
26	2636	25.3	0.973
26	2649	25.4	0.973
26	2662	25.5	0.973
26	2675	25.6	0.973
26	2688	25.7	0.973
26	2701	25.8	0.973
26	2714	25.9	0.973
26	2727	26	0.973
26	2740	26.1	0.973
26	2753	26.2	0.973
26	2766	26.3	0.973
26	2779	26.4	0.973
26	2792	26.5	0.973
26	2805	26.6	0.973
26	2818	26.7	0.973
26	2831	26.8	0.973
26	2844	26.9	0.973
26	2857	27	0.973
26	2870	27.1	0.973
26	2883	27.2	0.973
26	2896	27.3	0.973
26	2909	27.4	0.973
26	2922	27.5	0.973
26	2935	27.6	0.973
26	2948	27.7	0.973
26	2961	27.8	0.973
26	2974	27.9	0.973
26	2987	28	0.973
26	3000	28.1	0.973
26	3013	28.2	0.973
26	3026	28.3	0.973
26	3039	28.4	0.973
26	3052	28.5	0.973
26	3065	28.6	0.973
26	3078	28.7	0.973
26	3091	28.8	0.973
26	3104	28.9	0.973
26	3117	29	0.973
26	3130	29.1	0.973
26	3143	29.2	0.973
26	3156	29.3	0.973
26	3169	29.4	0.973
26	3182	29.5	0.973
26	3195	29.6	0.973
26	3208	29.7	0.973
26	3221	29.8	0.973
26	3234	29.9	0.973
26	3247	30	0.973
26	3260	30.1	0.973
26	3273	30.2	0.973
26	3286	30.3	0.973
26	3299	30.4	0.973
26	3312	30.5	0.973
26	3325	30.6	0.973
26	3338	30.7	0.973
26	3351	30.8	0.973
26	3364	30.9	0.973
26	3377	31	0.973
26	3390	31.1	0.973
26	3403	31.2	0.973
26	3416	31.3	0.973
26	3429	31.4	0.973
26	3442	31.5	0.973
26	3455	31.6	0.973
26	3468	31.7	0.973
26	3481	31.8	0.973
26	3494	31.9	0.973
26	3507	32	0.973
26	3520	32.1	0.973
26	3533	32.2	0.973
26	3546	32.3	0.973
26	3559	32.4	0.973
26	3572	32.5	0.973
26	3585	32.6	0.973
26	3598	32.7	0.973
26	3611	32.8	0.973
26	3624	32.9	0.973
26	3637	33	0.973
26	3650	33.1	0.973
26	3663	33.2	0.973
26	3676	33.3	0.973
26	3689	33.4	0.973
26	3702	33.5	0.973
26	3715	33.6	0.973
26	3728	33.7	0.973
26	3741	33.8	0.973
26	3754	33.9	0.973
26	3767	34	0.973
26	3780	34.1	0.973
26	3793	34.2	0.973
26	3806	34.3	0.973
26	3819	34.4	0.973
26	3832	34.5	0.973
26	3845	34.6	0.973
26	3858	34.7	0.973
26	3871	34.8	0.973
26	3884	34.9	0.973
26	3897	35	0.973
26	3910	35.1	0.973
26	3923	35.2	0.973
26	3936	35.3	0.973
26	3949	35.4	0.973
26	3962	35.5	0.973
26	3975	35.6	0.973
26	3988	35.7	0.973
26	4001	35.8	0.973
26	4014	35.9	0.973
26	4027	36	0.973
26	4040	36.1	0.973
26	4053	36.2	0.973
26	4066	36.3	0.973
26	4079	36.4	0.973
26	4092	36.5	0.973
26	4105	36.6	0.973
26	4118	36.7	0.973
26	4131	36.8	0.973
26	4144	36.9	0.973
26	4157	37	0.973
26	4170	37.1	0.973
26	4183	37.2	0.973
26	4196	37.3	0.973
26	4209	37.4	0.973
26	4222	37.5	0.973
26	4235	37.6	0.973
26	4248	37.7	0.973
26	4261	37.8	0.973
26	4274	37.9	0.973
26	4287	38	0.973
26	4300	38.1	0.973
26	4313	38.2	0.973
26	4326	38.3	0.973
26	4339	38.4	0.973
26	4352	38.5	0.973
26	4365	38.6	0.973
26	4378	38.7	0.973
26	4391	38.8	0.973
26	4404	38.9	0.973
26	4417	39	0.973
26	4430	39.1	0.973
26	4443	39.2	0.973
26	4456	39.3	0.973
26	4469	39.4	0.973
26	4482	39.5	0.973
26	4495	39.6	0.973
26	4508	39.7	0.973
26	4521	39.8	0.973
26	4534	39.9	0.973
26	4547	40	0.973
26	4560	40.1	0.973
26	4573	40.2	0.973
26	4586	40.3	0.973
26	4599	40.4	0.973
26	4612	40.5	0.973
26	4625	40.6	0.973
26	4638	40.7	0.973
26	4651	40.8	0.973
26	4664	40.9	0.973
26	4677	41	0.973
26	4690	41.1	0.973
26	4703	41.2	0.973
26	4716	41.3	0.973
26	4729	41.4	0.973
26	4742	41.5	0.973
26	4755	41.6	0.973
26	4768	41.7	0.973
26	4781	41.8	0.973
26	4794	41.9	0.973
26	4807	42	0.973
26	4820	42.1	0.973
26	4833	42.2	0.973
26	4846	42.3	0.973
26	4859	42.4	0.973
26	4872	42.5	0.973
26	4885	42.6	0.973
26	4898	42.7	0.973
26	4911	42.8	0.973
26	4924	42.9	0.973
26	4937	43	0.973
26	4950	43.1	0.973
26	4963	43.2	0.973
26	4976	43.3	0.973
26	4989	43.4	0.973
26	5002	43.5	0.973
26	5015	43.6	0.973
26	5028	43.7	0.973
26	5041	43.8	0.973
26	5054	43.9	0.973
26	5067	44	0.973
26	5080	44.1	0.973
26	5093	44.2	0.973
26	5106	44.3	0.973
26	5119	44.4	0.973
26	5132	44.5	0.973
26	5145	44.6	0.973
26	5158	44.7	0.973
26	5171	44.8	0.973
26	5184	44.9	0.973
26	5197	45	0.973
26	5210	45.1	0.973
26	5223	45.2	0.973
26	5236	45.3	0.973
26	5249	45.4	0.973
26	5262	45.5	0.973
26	5275	45.6	0.973
26	5288	45.7	0.973
26	5301	45.8	0.973
26	5314	45.9	0.973
26	5327	46	0.973
26	5340	46.1	0.973
26	5353	46.2	0.973
26	5366	46.3	0.973
26	5379	46.4	0.973
26	5392	46.5	0.973
26	5405	46.6	0.973
26	5418	46.7	0.973
26	5431	46.8	0.973
26	5444	46.9	0.973
26	5459	47	0.973
26	5474	47.1	1.7736429792046
26	5487	47.2	1.1348484754951
26	5500	47.3	2.3864294895971
26	5514	47.4	1.1591113413095
26	5528	47.5	3.1050675994095
27	62	5.4	0.49500000000001
27	68	5.5	0
27	78	5.6	0
27	88	5.7	0.0013224232864281
27	101	5.8	0.0013224232864281
27	114	5.9	0
27	127	6	0
27	140	6.1	0
27	153	6.2	0
27	166	6.3	0
27	179	6.4	0
27	192	6.5	0
27	205	6.6	0
27	218	6.7	0
27	231	6.8	0
27	244	6.9	0
27	257	7	0
27	270	7.1	0
27	283	7.2	0
27	296	7.3	0
27	309	7.4	0
27	322	7.5	0
27	335	7.6	0
27	348	7.7	0
27	361	7.8	0
27	374	7.9	0
27	387	8	0
27	400	8.1	0
27	413	8.2	0
27	426	8.3	0
27	439	8.4	0
27	452	8.5	0
27	465	8.6	0
27	478	8.7	0
27	491	8.8	0
27	504	8.9	0
27	517	9	0
27	530	9.1	0
27	543	9.2	0
27	556	9.3	0
27	569	9.4	0
27	582	9.5	0
27	595	9.6	0
27	608	9.7	0
27	621	9.8	0
27	634	9.9	0
27	647	10	0
27	660	10.1	0
27	673	10.2	0
27	686	10.3	0
27	699	10.4	0
27	712	10.5	0
27	725	10.6	0
27	738	10.7	0
27	751	10.8	0
27	764	10.9	0
27	777	11	0
27	790	11.1	0
27	803	11.2	0
27	816	11.3	0
27	829	11.4	0
27	842	11.5	0
27	855	11.6	0
27	868	11.7	0
27	881	11.8	0
27	894	11.9	0
27	907	12	0
27	920	12.1	0
27	933	12.2	0
27	946	12.3	0
27	959	12.4	0
27	972	12.5	0
27	985	12.6	0
27	998	12.7	0
27	1011	12.8	0
27	1024	12.9	0
27	1037	13	0
27	1050	13.1	0
27	1063	13.2	0
27	1076	13.3	0
27	1089	13.4	0
27	1102	13.5	0
27	1115	13.6	0
27	1128	13.7	0
27	1141	13.8	0
27	1154	13.9	0
27	1167	14	0
27	1180	14.1	0
27	1193	14.2	0
27	1206	14.3	0
27	1219	14.4	0
27	1232	14.5	0
27	1245	14.6	0
27	1258	14.7	0
27	1271	14.8	0
27	1284	14.9	0
27	1297	15	0
27	1310	15.1	0
27	1323	15.2	0
27	1336	15.3	0
27	1349	15.4	0
27	1362	15.5	0
27	1375	15.6	0
27	1388	15.7	0
27	1401	15.8	0
27	1414	15.9	0
27	1427	16	0
27	1440	16.1	0
27	1453	16.2	0
27	1466	16.3	0
27	1479	16.4	0
27	1492	16.5	0
27	1505	16.6	0
27	1518	16.7	0
27	1531	16.8	0
27	1544	16.9	0
27	1557	17	0
27	1570	17.1	0
27	1583	17.2	0
27	1596	17.3	0
27	1609	17.4	0
27	1622	17.5	0
27	1635	17.6	0
27	1648	17.7	0
27	1661	17.8	0
27	1674	17.9	0
27	1687	18	0
27	1700	18.1	0
27	1713	18.2	0
27	1726	18.3	0
27	1739	18.4	0
27	1752	18.5	0
27	1765	18.6	0
27	1778	18.7	0
27	1791	18.8	0
27	1804	18.9	0
27	1817	19	0
27	1830	19.1	0
27	1843	19.2	0
27	1856	19.3	0
27	1869	19.4	0
27	1882	19.5	0
27	1895	19.6	0
27	1908	19.7	0
27	1921	19.8	0
27	1934	19.9	0
27	1947	20	0
27	1960	20.1	0
27	1973	20.2	0
27	1986	20.3	0
27	1999	20.4	0
27	2012	20.5	0
27	2025	20.6	0
27	2038	20.7	0
27	2051	20.8	0
27	2064	20.9	0
27	2077	21	0
27	2090	21.1	0
27	2103	21.2	0
27	2116	21.3	0
27	2129	21.4	0
27	2142	21.5	0
27	2155	21.6	0
27	2168	21.7	0
27	2181	21.8	0
27	2194	21.9	0
27	2207	22	0
27	2220	22.1	0
27	2233	22.2	0
27	2246	22.3	0
27	2259	22.4	0
27	2272	22.5	0
27	2285	22.6	0
27	2298	22.7	0
27	2311	22.8	0
27	2324	22.9	0
27	2337	23	0
27	2350	23.1	0
27	2363	23.2	0
27	2376	23.3	0
27	2389	23.4	0
27	2402	23.5	0
27	2415	23.6	0
27	2428	23.7	0
27	2441	23.8	0
27	2454	23.9	0
27	2467	24	0
27	2480	24.1	0
27	2493	24.2	0
27	2506	24.3	0
27	2519	24.4	0
27	2532	24.5	0
27	2545	24.6	0
27	2558	24.7	0
27	2571	24.8	0
27	2584	24.9	0
27	2597	25	0
27	2610	25.1	0
27	2623	25.2	0
27	2636	25.3	0
27	2649	25.4	0
27	2662	25.5	0
27	2675	25.6	0
27	2688	25.7	0
27	2701	25.8	0
27	2714	25.9	0
27	2727	26	0
27	2740	26.1	0
27	2753	26.2	0
27	2766	26.3	0
27	2779	26.4	0
27	2792	26.5	0
27	2805	26.6	0
27	2818	26.7	0
27	2831	26.8	0
27	2844	26.9	0
27	2857	27	0
27	2870	27.1	0
27	2883	27.2	0
27	2896	27.3	0
27	2909	27.4	0
27	2922	27.5	0
27	2935	27.6	0
27	2948	27.7	0
27	2961	27.8	0
27	2974	27.9	0
27	2987	28	0
27	3000	28.1	0
27	3013	28.2	0
27	3026	28.3	0
27	3039	28.4	0
27	3052	28.5	0
27	3065	28.6	0
27	3078	28.7	0
27	3091	28.8	0
27	3104	28.9	0
27	3117	29	0
27	3130	29.1	0
27	3143	29.2	0
27	3156	29.3	0
27	3169	29.4	0
27	3182	29.5	0
27	3195	29.6	0
27	3208	29.7	0
27	3221	29.8	0
27	3234	29.9	0
27	3247	30	0
27	3260	30.1	0
27	3273	30.2	0
27	3286	30.3	0
27	3299	30.4	0
27	3312	30.5	0
27	3325	30.6	0
27	3338	30.7	0
27	3351	30.8	0
27	3364	30.9	0
27	3377	31	0
27	3390	31.1	0
27	3403	31.2	0
27	3416	31.3	0
27	3429	31.4	0
27	3442	31.5	0
27	3455	31.6	0
27	3468	31.7	0
27	3481	31.8	0
27	3494	31.9	0
27	3507	32	0
27	3520	32.1	0
27	3533	32.2	0
27	3546	32.3	0
27	3559	32.4	0
27	3572	32.5	0
27	3585	32.6	0
27	3598	32.7	0
27	3611	32.8	0
27	3624	32.9	0
27	3637	33	0
27	3650	33.1	0
27	3663	33.2	0
27	3676	33.3	0
27	3689	33.4	0
27	3702	33.5	0
27	3715	33.6	0
27	3728	33.7	0
27	3741	33.8	0
27	3754	33.9	0
27	3767	34	0
27	3780	34.1	0
27	3793	34.2	0
27	3806	34.3	0
27	3819	34.4	0
27	3832	34.5	0
27	3845	34.6	0
27	3858	34.7	0
27	3871	34.8	0
27	3884	34.9	0
27	3897	35	0
27	3910	35.1	0
27	3923	35.2	0
27	3936	35.3	0
27	3949	35.4	0
27	3962	35.5	0
27	3975	35.6	0
27	3988	35.7	0
27	4001	35.8	0
27	4014	35.9	0
27	4027	36	0
27	4040	36.1	0
27	4053	36.2	0
27	4066	36.3	0
27	4079	36.4	0
27	4092	36.5	0
27	4105	36.6	0
27	4118	36.7	0
27	4131	36.8	0
27	4144	36.9	0
27	4157	37	0
27	4170	37.1	0
27	4183	37.2	0
27	4196	37.3	0
27	4209	37.4	0
27	4222	37.5	0
27	4235	37.6	0
27	4248	37.7	0
27	4261	37.8	0
27	4274	37.9	0
27	4287	38	0
27	4300	38.1	0
27	4313	38.2	0
27	4326	38.3	0
27	4339	38.4	0
27	4352	38.5	0
27	4365	38.6	0
27	4378	38.7	0
27	4391	38.8	0
27	4404	38.9	0
27	4417	39	0
27	4430	39.1	0
27	4443	39.2	0
27	4456	39.3	0
27	4469	39.4	0
27	4482	39.5	0
27	4495	39.6	0
27	4508	39.7	0
27	4521	39.8	0
27	4534	39.9	0
27	4547	40	0
27	4560	40.1	0
27	4573	40.2	0
27	4586	40.3	0
27	4599	40.4	0
27	4612	40.5	0
27	4625	40.6	0
27	4638	40.7	0
27	4651	40.8	0
27	4664	40.9	0
27	4677	41	0
27	4690	41.1	0
27	4703	41.2	0
27	4716	41.3	0
27	4729	41.4	0
27	4742	41.5	0
27	4755	41.6	0
27	4768	41.7	0
27	4781	41.8	0
27	4794	41.9	0
27	4807	42	0
27	4820	42.1	0
27	4833	42.2	0
27	4846	42.3	0
27	4859	42.4	0
27	4872	42.5	0
27	4885	42.6	0
27	4898	42.7	0
27	4911	42.8	0
27	4924	42.9	0
27	4937	43	0
27	4950	43.1	0
27	4963	43.2	0
27	4976	43.3	0
27	4989	43.4	0
27	5002	43.5	0
27	5015	43.6	0
27	5028	43.7	0
27	5041	43.8	0
27	5054	43.9	0
27	5067	44	0
27	5080	44.1	0
27	5093	44.2	0
27	5106	44.3	0
27	5119	44.4	0
27	5132	44.5	0
27	5145	44.6	0
27	5158	44.7	0
27	5171	44.8	0
27	5184	44.9	0
27	5197	45	0
27	5210	45.1	0
27	5223	45.2	0
27	5236	45.3	0
27	5249	45.4	0
27	5262	45.5	0
27	5275	45.6	0
27	5288	45.7	0
27	5301	45.8	0
27	5314	45.9	0
27	5327	46	0
27	5340	46.1	0
27	5353	46.2	0
27	5366	46.3	0
27	5379	46.4	0
27	5392	46.5	0
27	5405	46.6	0
27	5418	46.7	0
27	5431	46.8	0
27	5444	46.9	0
27	5459	47	0
27	5474	47.1	0
27	5487	47.2	0
27	5500	47.3	0
27	5514	47.4	0
27	5528	47.5	0.0051983662767142
28	62	5.4	9.045
28	68	5.5	8.7854227109887
28	78	5.6	8.7854227109887
28	88	5.7	8.0829318267966
28	101	5.8	8.0829318267966
28	114	5.9	7.1829318267966
28	127	6	7.1829318267966
28	140	6.1	6.2829318267966
28	153	6.2	6.2829318267966
28	166	6.3	5.3829318267966
28	179	6.4	5.3829318267966
28	192	6.5	4.4829318267966
28	205	6.6	4.4829318267966
28	218	6.7	3.5829318267966
28	231	6.8	3.5829318267966
28	244	6.9	2.6829318267966
28	257	7	2.6829318267966
28	270	7.1	1.7829318267966
28	283	7.2	1.7829318267966
28	296	7.3	0.88293182679657
28	309	7.4	0.88293182679657
28	322	7.5	0
28	335	7.6	0
28	348	7.7	0
28	361	7.8	0
28	374	7.9	0
28	387	8	0
28	400	8.1	0
28	413	8.2	0
28	426	8.3	0
28	439	8.4	0
28	452	8.5	0
28	465	8.6	0
28	478	8.7	0
28	491	8.8	0
28	504	8.9	0
28	517	9	0
28	530	9.1	0
28	543	9.2	0
28	556	9.3	0
28	569	9.4	0
28	582	9.5	0
28	595	9.6	0
28	608	9.7	0
28	621	9.8	0
28	634	9.9	0
28	647	10	0
28	660	10.1	0
28	673	10.2	0
28	686	10.3	0
28	699	10.4	0
28	712	10.5	0
28	725	10.6	0
28	738	10.7	0
28	751	10.8	0
28	764	10.9	0
28	777	11	0
28	790	11.1	0
28	803	11.2	0
28	816	11.3	0
28	829	11.4	0
28	842	11.5	0
28	855	11.6	0
28	868	11.7	0
28	881	11.8	0
28	894	11.9	0
28	907	12	0
28	920	12.1	0
28	933	12.2	0
28	946	12.3	0
28	959	12.4	0
28	972	12.5	0
28	985	12.6	0
28	998	12.7	0
28	1011	12.8	0
28	1024	12.9	0
28	1037	13	0
28	1050	13.1	0
28	1063	13.2	0
28	1076	13.3	0
28	1089	13.4	0
28	1102	13.5	0
28	1115	13.6	0
28	1128	13.7	0
28	1141	13.8	0
28	1154	13.9	0
28	1167	14	0
28	1180	14.1	0
28	1193	14.2	0
28	1206	14.3	0
28	1219	14.4	0
28	1232	14.5	0
28	1245	14.6	0
28	1258	14.7	0
28	1271	14.8	0
28	1284	14.9	0
28	1297	15	0
28	1310	15.1	0
28	1323	15.2	0
28	1336	15.3	0
28	1349	15.4	0
28	1362	15.5	0
28	1375	15.6	0
28	1388	15.7	0
28	1401	15.8	0
28	1414	15.9	0
28	1427	16	0
28	1440	16.1	0
28	1453	16.2	0
28	1466	16.3	0
28	1479	16.4	0
28	1492	16.5	0
28	1505	16.6	0
28	1518	16.7	0
28	1531	16.8	0
28	1544	16.9	0
28	1557	17	0
28	1570	17.1	0
28	1583	17.2	0
28	1596	17.3	0
28	1609	17.4	0
28	1622	17.5	0
28	1635	17.6	0
28	1648	17.7	0
28	1661	17.8	0
28	1674	17.9	0
28	1687	18	0
28	1700	18.1	0
28	1713	18.2	0
28	1726	18.3	0
28	1739	18.4	0
28	1752	18.5	0
28	1765	18.6	0
28	1778	18.7	0
28	1791	18.8	0
28	1804	18.9	0
28	1817	19	0
28	1830	19.1	0
28	1843	19.2	0
28	1856	19.3	0
28	1869	19.4	0
28	1882	19.5	0
28	1895	19.6	0
28	1908	19.7	0
28	1921	19.8	0
28	1934	19.9	0
28	1947	20	0
28	1960	20.1	0
28	1973	20.2	0
28	1986	20.3	0
28	1999	20.4	0
28	2012	20.5	0
28	2025	20.6	0
28	2038	20.7	0
28	2051	20.8	0
28	2064	20.9	0
28	2077	21	0
28	2090	21.1	0
28	2103	21.2	0
28	2116	21.3	0
28	2129	21.4	0
28	2142	21.5	0
28	2155	21.6	0
28	2168	21.7	0
28	2181	21.8	0
28	2194	21.9	0
28	2207	22	0
28	2220	22.1	0
28	2233	22.2	0
28	2246	22.3	0
28	2259	22.4	0
28	2272	22.5	0
28	2285	22.6	0
28	2298	22.7	0
28	2311	22.8	0
28	2324	22.9	0
28	2337	23	0
28	2350	23.1	0
28	2363	23.2	0
28	2376	23.3	0
28	2389	23.4	0
28	2402	23.5	0
28	2415	23.6	0
28	2428	23.7	0
28	2441	23.8	0
28	2454	23.9	0
28	2467	24	0
28	2480	24.1	0
28	2493	24.2	0
28	2506	24.3	0
28	2519	24.4	0
28	2532	24.5	0
28	2545	24.6	0
28	2558	24.7	0
28	2571	24.8	0
28	2584	24.9	0
28	2597	25	0
28	2610	25.1	0
28	2623	25.2	0
28	2636	25.3	0
28	2649	25.4	0
28	2662	25.5	0
28	2675	25.6	0
28	2688	25.7	0
28	2701	25.8	0
28	2714	25.9	0
28	2727	26	0
28	2740	26.1	0
28	2753	26.2	0
28	2766	26.3	0
28	2779	26.4	0
28	2792	26.5	0
28	2805	26.6	0
28	2818	26.7	0
28	2831	26.8	0
28	2844	26.9	0
28	2857	27	0
28	2870	27.1	0
28	2883	27.2	0
28	2896	27.3	0
28	2909	27.4	0
28	2922	27.5	0
28	2935	27.6	0
28	2948	27.7	0
28	2961	27.8	0
28	2974	27.9	0
28	2987	28	0
28	3000	28.1	0
28	3013	28.2	0
28	3026	28.3	0
28	3039	28.4	0
28	3052	28.5	0
28	3065	28.6	0
28	3078	28.7	0
28	3091	28.8	0
28	3104	28.9	0
28	3117	29	0
28	3130	29.1	0
28	3143	29.2	0
28	3156	29.3	0
28	3169	29.4	0
28	3182	29.5	0
28	3195	29.6	0
28	3208	29.7	0
28	3221	29.8	0
28	3234	29.9	0
28	3247	30	0
28	3260	30.1	0
28	3273	30.2	0
28	3286	30.3	0
28	3299	30.4	0
28	3312	30.5	0
28	3325	30.6	0
28	3338	30.7	0
28	3351	30.8	0
28	3364	30.9	0
28	3377	31	0
28	3390	31.1	0
28	3403	31.2	0
28	3416	31.3	0
28	3429	31.4	0
28	3442	31.5	0
28	3455	31.6	0
28	3468	31.7	0
28	3481	31.8	0
28	3494	31.9	0
28	3507	32	0
28	3520	32.1	0
28	3533	32.2	0
28	3546	32.3	0
28	3559	32.4	0
28	3572	32.5	0
28	3585	32.6	0
28	3598	32.7	0
28	3611	32.8	0
28	3624	32.9	0
28	3637	33	0
28	3650	33.1	0
28	3663	33.2	0
28	3676	33.3	0
28	3689	33.4	0
28	3702	33.5	0
28	3715	33.6	0
28	3728	33.7	0
28	3741	33.8	0
28	3754	33.9	0
28	3767	34	0
28	3780	34.1	0
28	3793	34.2	0
28	3806	34.3	0
28	3819	34.4	0
28	3832	34.5	0
28	3845	34.6	0
28	3858	34.7	0
28	3871	34.8	0
28	3884	34.9	0
28	3897	35	0
28	3910	35.1	0
28	3923	35.2	0
28	3936	35.3	0
28	3949	35.4	0
28	3962	35.5	0
28	3975	35.6	0
28	3988	35.7	0
28	4001	35.8	0
28	4014	35.9	0
28	4027	36	0
28	4040	36.1	0
28	4053	36.2	0
28	4066	36.3	0
28	4079	36.4	0
28	4092	36.5	0
28	4105	36.6	0
28	4118	36.7	0
28	4131	36.8	0
28	4144	36.9	0
28	4157	37	0
28	4170	37.1	0
28	4183	37.2	0
28	4196	37.3	0
28	4209	37.4	0
28	4222	37.5	0
28	4235	37.6	0
28	4248	37.7	0
28	4261	37.8	0
28	4274	37.9	0
28	4287	38	0
28	4300	38.1	0
28	4313	38.2	0
28	4326	38.3	0
28	4339	38.4	0
28	4352	38.5	0
28	4365	38.6	0
28	4378	38.7	0
28	4391	38.8	0
28	4404	38.9	0
28	4417	39	0
28	4430	39.1	0
28	4443	39.2	0
28	4456	39.3	0
28	4469	39.4	0
28	4482	39.5	0
28	4495	39.6	0
28	4508	39.7	0
28	4521	39.8	0
28	4534	39.9	0
28	4547	40	0
28	4560	40.1	0
28	4573	40.2	0
28	4586	40.3	0
28	4599	40.4	0
28	4612	40.5	0
28	4625	40.6	0
28	4638	40.7	0
28	4651	40.8	0
28	4664	40.9	0
28	4677	41	0
28	4690	41.1	0
28	4703	41.2	0
28	4716	41.3	0
28	4729	41.4	0
28	4742	41.5	0
28	4755	41.6	0
28	4768	41.7	0
28	4781	41.8	0
28	4794	41.9	0
28	4807	42	0
28	4820	42.1	0
28	4833	42.2	0
28	4846	42.3	0
28	4859	42.4	0
28	4872	42.5	0
28	4885	42.6	0
28	4898	42.7	0
28	4911	42.8	0
28	4924	42.9	0
28	4937	43	0
28	4950	43.1	0
28	4963	43.2	0
28	4976	43.3	0
28	4989	43.4	0
28	5002	43.5	0
28	5015	43.6	0
28	5028	43.7	0
28	5041	43.8	0
28	5054	43.9	0
28	5067	44	0
28	5080	44.1	0
28	5093	44.2	0
28	5106	44.3	0
28	5119	44.4	0
28	5132	44.5	0
28	5145	44.6	0
28	5158	44.7	0
28	5171	44.8	0
28	5184	44.9	0
28	5197	45	0
28	5210	45.1	0
28	5223	45.2	0
28	5236	45.3	0
28	5249	45.4	0
28	5262	45.5	0
28	5275	45.6	0
28	5288	45.7	0
28	5301	45.8	0
28	5314	45.9	0
28	5327	46	0
28	5340	46.1	0
28	5353	46.2	0
28	5366	46.3	0
28	5379	46.4	0
28	5392	46.5	0
28	5405	46.6	0
28	5418	46.7	0
28	5431	46.8	0
28	5444	46.9	0
28	5459	47	0
28	5474	47.1	0
28	5487	47.2	0
28	5500	47.3	0
28	5514	47.4	0
28	5528	47.5	0
29	62	5.4	0.49500000000001
29	68	5.5	0
29	78	5.6	0
29	88	5.7	0.0029155571850067
29	101	5.8	0.0029155571850067
29	114	5.9	0
29	127	6	0
29	140	6.1	0
29	153	6.2	0
29	166	6.3	0
29	179	6.4	0
29	192	6.5	0
29	205	6.6	0
29	218	6.7	0
29	231	6.8	0
29	244	6.9	0
29	257	7	0
29	270	7.1	0
29	283	7.2	0
29	296	7.3	0
29	309	7.4	0
29	322	7.5	0
29	335	7.6	0
29	348	7.7	0
29	361	7.8	0
29	374	7.9	0
29	387	8	0
29	400	8.1	0
29	413	8.2	0
29	426	8.3	0
29	439	8.4	0
29	452	8.5	0
29	465	8.6	0
29	478	8.7	0
29	491	8.8	0
29	504	8.9	0
29	517	9	0
29	530	9.1	0
29	543	9.2	0
29	556	9.3	0
29	569	9.4	0
29	582	9.5	0
29	595	9.6	0
29	608	9.7	0
29	621	9.8	0
29	634	9.9	0
29	647	10	0
29	660	10.1	0
29	673	10.2	0
29	686	10.3	0
29	699	10.4	0
29	712	10.5	0
29	725	10.6	0
29	738	10.7	0
29	751	10.8	0
29	764	10.9	0
29	777	11	0
29	790	11.1	0
29	803	11.2	0
29	816	11.3	0
29	829	11.4	0
29	842	11.5	0
29	855	11.6	0
29	868	11.7	0
29	881	11.8	0
29	894	11.9	0
29	907	12	0
29	920	12.1	0
29	933	12.2	0
29	946	12.3	0
29	959	12.4	0
29	972	12.5	0
29	985	12.6	0
29	998	12.7	0
29	1011	12.8	0
29	1024	12.9	0
29	1037	13	0
29	1050	13.1	0
29	1063	13.2	0
29	1076	13.3	0
29	1089	13.4	0
29	1102	13.5	0
29	1115	13.6	0
29	1128	13.7	0
29	1141	13.8	0
29	1154	13.9	0
29	1167	14	0
29	1180	14.1	0
29	1193	14.2	0
29	1206	14.3	0
29	1219	14.4	0
29	1232	14.5	0
29	1245	14.6	0
29	1258	14.7	0
29	1271	14.8	0
29	1284	14.9	0
29	1297	15	0
29	1310	15.1	0
29	1323	15.2	0
29	1336	15.3	0
29	1349	15.4	0
29	1362	15.5	0
29	1375	15.6	0
29	1388	15.7	0
29	1401	15.8	0
29	1414	15.9	0
29	1427	16	0
29	1440	16.1	0
29	1453	16.2	0
29	1466	16.3	0
29	1479	16.4	0
29	1492	16.5	0
29	1505	16.6	0
29	1518	16.7	0
29	1531	16.8	0
29	1544	16.9	0
29	1557	17	0
29	1570	17.1	0
29	1583	17.2	0
29	1596	17.3	0
29	1609	17.4	0
29	1622	17.5	0
29	1635	17.6	0
29	1648	17.7	0
29	1661	17.8	0
29	1674	17.9	0
29	1687	18	0
29	1700	18.1	0
29	1713	18.2	0
29	1726	18.3	0
29	1739	18.4	0
29	1752	18.5	0
29	1765	18.6	0
29	1778	18.7	0
29	1791	18.8	0
29	1804	18.9	0
29	1817	19	0
29	1830	19.1	0
29	1843	19.2	0
29	1856	19.3	0
29	1869	19.4	0
29	1882	19.5	0
29	1895	19.6	0
29	1908	19.7	0
29	1921	19.8	0
29	1934	19.9	0
29	1947	20	0
29	1960	20.1	0
29	1973	20.2	0
29	1986	20.3	0
29	1999	20.4	0
29	2012	20.5	0
29	2025	20.6	0
29	2038	20.7	0
29	2051	20.8	0
29	2064	20.9	0
29	2077	21	0
29	2090	21.1	0
29	2103	21.2	0
29	2116	21.3	0
29	2129	21.4	0
29	2142	21.5	0
29	2155	21.6	0
29	2168	21.7	0
29	2181	21.8	0
29	2194	21.9	0
29	2207	22	0
29	2220	22.1	0
29	2233	22.2	0
29	2246	22.3	0
29	2259	22.4	0
29	2272	22.5	0
29	2285	22.6	0
29	2298	22.7	0
29	2311	22.8	0
29	2324	22.9	0
29	2337	23	0
29	2350	23.1	0
29	2363	23.2	0
29	2376	23.3	0
29	2389	23.4	0
29	2402	23.5	0
29	2415	23.6	0
29	2428	23.7	0
29	2441	23.8	0
29	2454	23.9	0
29	2467	24	0
29	2480	24.1	0
29	2493	24.2	0
29	2506	24.3	0
29	2519	24.4	0
29	2532	24.5	0
29	2545	24.6	0
29	2558	24.7	0
29	2571	24.8	0
29	2584	24.9	0
29	2597	25	0
29	2610	25.1	0
29	2623	25.2	0
29	2636	25.3	0
29	2649	25.4	0
29	2662	25.5	0
29	2675	25.6	0
29	2688	25.7	0
29	2701	25.8	0
29	2714	25.9	0
29	2727	26	0
29	2740	26.1	0
29	2753	26.2	0
29	2766	26.3	0
29	2779	26.4	0
29	2792	26.5	0
29	2805	26.6	0
29	2818	26.7	0
29	2831	26.8	0
29	2844	26.9	0
29	2857	27	0
29	2870	27.1	0
29	2883	27.2	0
29	2896	27.3	0
29	2909	27.4	0
29	2922	27.5	0
29	2935	27.6	0
29	2948	27.7	0
29	2961	27.8	0
29	2974	27.9	0
29	2987	28	0
29	3000	28.1	0
29	3013	28.2	0
29	3026	28.3	0
29	3039	28.4	0
29	3052	28.5	0
29	3065	28.6	0
29	3078	28.7	0
29	3091	28.8	0
29	3104	28.9	0
29	3117	29	0
29	3130	29.1	0
29	3143	29.2	0
29	3156	29.3	0
29	3169	29.4	0
29	3182	29.5	0
29	3195	29.6	0
29	3208	29.7	0
29	3221	29.8	0
29	3234	29.9	0
29	3247	30	0
29	3260	30.1	0
29	3273	30.2	0
29	3286	30.3	0
29	3299	30.4	0
29	3312	30.5	0
29	3325	30.6	0
29	3338	30.7	0
29	3351	30.8	0
29	3364	30.9	0
29	3377	31	0
29	3390	31.1	0
29	3403	31.2	0
29	3416	31.3	0
29	3429	31.4	0
29	3442	31.5	0
29	3455	31.6	0
29	3468	31.7	0
29	3481	31.8	0
29	3494	31.9	0
29	3507	32	0
29	3520	32.1	0
29	3533	32.2	0
29	3546	32.3	0
29	3559	32.4	0
29	3572	32.5	0
29	3585	32.6	0
29	3598	32.7	0
29	3611	32.8	0
29	3624	32.9	0
29	3637	33	0
29	3650	33.1	0
29	3663	33.2	0
29	3676	33.3	0
29	3689	33.4	0
29	3702	33.5	0
29	3715	33.6	0
29	3728	33.7	0
29	3741	33.8	0
29	3754	33.9	0
29	3767	34	0
29	3780	34.1	0
29	3793	34.2	0
29	3806	34.3	0
29	3819	34.4	0
29	3832	34.5	0
29	3845	34.6	0
29	3858	34.7	0
29	3871	34.8	0
29	3884	34.9	0
29	3897	35	0
29	3910	35.1	0
29	3923	35.2	0
29	3936	35.3	0
29	3949	35.4	0
29	3962	35.5	0
29	3975	35.6	0
29	3988	35.7	0
29	4001	35.8	0
29	4014	35.9	0
29	4027	36	0
29	4040	36.1	0
29	4053	36.2	0
29	4066	36.3	0
29	4079	36.4	0
29	4092	36.5	0
29	4105	36.6	0
29	4118	36.7	0
29	4131	36.8	0
29	4144	36.9	0
29	4157	37	0
29	4170	37.1	0
29	4183	37.2	0
29	4196	37.3	0
29	4209	37.4	0
29	4222	37.5	0
29	4235	37.6	0
29	4248	37.7	0
29	4261	37.8	0
29	4274	37.9	0
29	4287	38	0
29	4300	38.1	0
29	4313	38.2	0
29	4326	38.3	0
29	4339	38.4	0
29	4352	38.5	0
29	4365	38.6	0
29	4378	38.7	0
29	4391	38.8	0
29	4404	38.9	0
29	4417	39	0
29	4430	39.1	0
29	4443	39.2	0
29	4456	39.3	0
29	4469	39.4	0
29	4482	39.5	0
29	4495	39.6	0
29	4508	39.7	0
29	4521	39.8	0
29	4534	39.9	0
29	4547	40	0
29	4560	40.1	0
29	4573	40.2	0
29	4586	40.3	0
29	4599	40.4	0
29	4612	40.5	0
29	4625	40.6	0
29	4638	40.7	0
29	4651	40.8	0
29	4664	40.9	0
29	4677	41	0
29	4690	41.1	0
29	4703	41.2	0
29	4716	41.3	0
29	4729	41.4	0
29	4742	41.5	0
29	4755	41.6	0
29	4768	41.7	0
29	4781	41.8	0
29	4794	41.9	0
29	4807	42	0
29	4820	42.1	0
29	4833	42.2	0
29	4846	42.3	0
29	4859	42.4	0
29	4872	42.5	0
29	4885	42.6	0
29	4898	42.7	0
29	4911	42.8	0
29	4924	42.9	0
29	4937	43	0
29	4950	43.1	0
29	4963	43.2	0
29	4976	43.3	0
29	4989	43.4	0
29	5002	43.5	0
29	5015	43.6	0
29	5028	43.7	0
29	5041	43.8	0
29	5054	43.9	0
29	5067	44	0
29	5080	44.1	0
29	5093	44.2	0
29	5106	44.3	0
29	5119	44.4	0
29	5132	44.5	0
29	5145	44.6	0
29	5158	44.7	0
29	5171	44.8	0
29	5184	44.9	0
29	5197	45	0
29	5210	45.1	0
29	5223	45.2	0
29	5236	45.3	0
29	5249	45.4	0
29	5262	45.5	0
29	5275	45.6	0
29	5288	45.7	0
29	5301	45.8	0
29	5314	45.9	0
29	5327	46	0
29	5340	46.1	0
29	5353	46.2	0
29	5366	46.3	0
29	5379	46.4	0
29	5392	46.5	0
29	5405	46.6	0
29	5418	46.7	0
29	5431	46.8	0
29	5444	46.9	0
29	5459	47	0
29	5474	47.1	0.00010043080832622
29	5487	47.2	0.00010043080832622
29	5500	47.3	0.0029901875945761
29	5514	47.4	0.0029901875945761
29	5528	47.5	0.014441426129381
30	68	5.5	-4.9500000000001
30	78	5.6	0
30	88	5.7	0.013224232864281
30	101	5.8	0
30	114	5.9	-0.013224232864281
30	127	6	0
30	140	6.1	0
30	153	6.2	0
30	166	6.3	0
30	179	6.4	0
30	192	6.5	0
30	205	6.6	0
30	218	6.7	0
30	231	6.8	0
30	244	6.9	0
30	257	7	0
30	270	7.1	0
30	283	7.2	0
30	296	7.3	0
30	309	7.4	0
30	322	7.5	0
30	335	7.6	0
30	348	7.7	0
30	361	7.8	0
30	374	7.9	0
30	387	8	0
30	400	8.1	0
30	413	8.2	0
30	426	8.3	0
30	439	8.4	0
30	452	8.5	0
30	465	8.6	0
30	478	8.7	0
30	491	8.8	0
30	504	8.9	0
30	517	9	0
30	530	9.1	0
30	543	9.2	0
30	556	9.3	0
30	569	9.4	0
30	582	9.5	0
30	595	9.6	0
30	608	9.7	0
30	621	9.8	0
30	634	9.9	0
30	647	10	0
30	660	10.1	0
30	673	10.2	0
30	686	10.3	0
30	699	10.4	0
30	712	10.5	0
30	725	10.6	0
30	738	10.7	0
30	751	10.8	0
30	764	10.9	0
30	777	11	0
30	790	11.1	0
30	803	11.2	0
30	816	11.3	0
30	829	11.4	0
30	842	11.5	0
30	855	11.6	0
30	868	11.7	0
30	881	11.8	0
30	894	11.9	0
30	907	12	0
30	920	12.1	0
30	933	12.2	0
30	946	12.3	0
30	959	12.4	0
30	972	12.5	0
30	985	12.6	0
30	998	12.7	0
30	1011	12.8	0
30	1024	12.9	0
30	1037	13	0
30	1050	13.1	0
30	1063	13.2	0
30	1076	13.3	0
30	1089	13.4	0
30	1102	13.5	0
30	1115	13.6	0
30	1128	13.7	0
30	1141	13.8	0
30	1154	13.9	0
30	1167	14	0
30	1180	14.1	0
30	1193	14.2	0
30	1206	14.3	0
30	1219	14.4	0
30	1232	14.5	0
30	1245	14.6	0
30	1258	14.7	0
30	1271	14.8	0
30	1284	14.9	0
30	1297	15	0
30	1310	15.1	0
30	1323	15.2	0
30	1336	15.3	0
30	1349	15.4	0
30	1362	15.5	0
30	1375	15.6	0
30	1388	15.7	0
30	1401	15.8	0
30	1414	15.9	0
30	1427	16	0
30	1440	16.1	0
30	1453	16.2	0
30	1466	16.3	0
30	1479	16.4	0
30	1492	16.5	0
30	1505	16.6	0
30	1518	16.7	0
30	1531	16.8	0
30	1544	16.9	0
30	1557	17	0
30	1570	17.1	0
30	1583	17.2	0
30	1596	17.3	0
30	1609	17.4	0
30	1622	17.5	0
30	1635	17.6	0
30	1648	17.7	0
30	1661	17.8	0
30	1674	17.9	0
30	1687	18	0
30	1700	18.1	0
30	1713	18.2	0
30	1726	18.3	0
30	1739	18.4	0
30	1752	18.5	0
30	1765	18.6	0
30	1778	18.7	0
30	1791	18.8	0
30	1804	18.9	0
30	1817	19	0
30	1830	19.1	0
30	1843	19.2	0
30	1856	19.3	0
30	1869	19.4	0
30	1882	19.5	0
30	1895	19.6	0
30	1908	19.7	0
30	1921	19.8	0
30	1934	19.9	0
30	1947	20	0
30	1960	20.1	0
30	1973	20.2	0
30	1986	20.3	0
30	1999	20.4	0
30	2012	20.5	0
30	2025	20.6	0
30	2038	20.7	0
30	2051	20.8	0
30	2064	20.9	0
30	2077	21	0
30	2090	21.1	0
30	2103	21.2	0
30	2116	21.3	0
30	2129	21.4	0
30	2142	21.5	0
30	2155	21.6	0
30	2168	21.7	0
30	2181	21.8	0
30	2194	21.9	0
30	2207	22	0
30	2220	22.1	0
30	2233	22.2	0
30	2246	22.3	0
30	2259	22.4	0
30	2272	22.5	0
30	2285	22.6	0
30	2298	22.7	0
30	2311	22.8	0
30	2324	22.9	0
30	2337	23	0
30	2350	23.1	0
30	2363	23.2	0
30	2376	23.3	0
30	2389	23.4	0
30	2402	23.5	0
30	2415	23.6	0
30	2428	23.7	0
30	2441	23.8	0
30	2454	23.9	0
30	2467	24	0
30	2480	24.1	0
30	2493	24.2	0
30	2506	24.3	0
30	2519	24.4	0
30	2532	24.5	0
30	2545	24.6	0
30	2558	24.7	0
30	2571	24.8	0
30	2584	24.9	0
30	2597	25	0
30	2610	25.1	0
30	2623	25.2	0
30	2636	25.3	0
30	2649	25.4	0
30	2662	25.5	0
30	2675	25.6	0
30	2688	25.7	0
30	2701	25.8	0
30	2714	25.9	0
30	2727	26	0
30	2740	26.1	0
30	2753	26.2	0
30	2766	26.3	0
30	2779	26.4	0
30	2792	26.5	0
30	2805	26.6	0
30	2818	26.7	0
30	2831	26.8	0
30	2844	26.9	0
30	2857	27	0
30	2870	27.1	0
30	2883	27.2	0
30	2896	27.3	0
30	2909	27.4	0
30	2922	27.5	0
30	2935	27.6	0
30	2948	27.7	0
30	2961	27.8	0
30	2974	27.9	0
30	2987	28	0
30	3000	28.1	0
30	3013	28.2	0
30	3026	28.3	0
30	3039	28.4	0
30	3052	28.5	0
30	3065	28.6	0
30	3078	28.7	0
30	3091	28.8	0
30	3104	28.9	0
30	3117	29	0
30	3130	29.1	0
30	3143	29.2	0
30	3156	29.3	0
30	3169	29.4	0
30	3182	29.5	0
30	3195	29.6	0
30	3208	29.7	0
30	3221	29.8	0
30	3234	29.9	0
30	3247	30	0
30	3260	30.1	0
30	3273	30.2	0
30	3286	30.3	0
30	3299	30.4	0
30	3312	30.5	0
30	3325	30.6	0
30	3338	30.7	0
30	3351	30.8	0
30	3364	30.9	0
30	3377	31	0
30	3390	31.1	0
30	3403	31.2	0
30	3416	31.3	0
30	3429	31.4	0
30	3442	31.5	0
30	3455	31.6	0
30	3468	31.7	0
30	3481	31.8	0
30	3494	31.9	0
30	3507	32	0
30	3520	32.1	0
30	3533	32.2	0
30	3546	32.3	0
30	3559	32.4	0
30	3572	32.5	0
30	3585	32.6	0
30	3598	32.7	0
30	3611	32.8	0
30	3624	32.9	0
30	3637	33	0
30	3650	33.1	0
30	3663	33.2	0
30	3676	33.3	0
30	3689	33.4	0
30	3702	33.5	0
30	3715	33.6	0
30	3728	33.7	0
30	3741	33.8	0
30	3754	33.9	0
30	3767	34	0
30	3780	34.1	0
30	3793	34.2	0
30	3806	34.3	0
30	3819	34.4	0
30	3832	34.5	0
30	3845	34.6	0
30	3858	34.7	0
30	3871	34.8	0
30	3884	34.9	0
30	3897	35	0
30	3910	35.1	0
30	3923	35.2	0
30	3936	35.3	0
30	3949	35.4	0
30	3962	35.5	0
30	3975	35.6	0
30	3988	35.7	0
30	4001	35.8	0
30	4014	35.9	0
30	4027	36	0
30	4040	36.1	0
30	4053	36.2	0
30	4066	36.3	0
30	4079	36.4	0
30	4092	36.5	0
30	4105	36.6	0
30	4118	36.7	0
30	4131	36.8	0
30	4144	36.9	0
30	4157	37	0
30	4170	37.1	0
30	4183	37.2	0
30	4196	37.3	0
30	4209	37.4	0
30	4222	37.5	0
30	4235	37.6	0
30	4248	37.7	0
30	4261	37.8	0
30	4274	37.9	0
30	4287	38	0
30	4300	38.1	0
30	4313	38.2	0
30	4326	38.3	0
30	4339	38.4	0
30	4352	38.5	0
30	4365	38.6	0
30	4378	38.7	0
30	4391	38.8	0
30	4404	38.9	0
30	4417	39	0
30	4430	39.1	0
30	4443	39.2	0
30	4456	39.3	0
30	4469	39.4	0
30	4482	39.5	0
30	4495	39.6	0
30	4508	39.7	0
30	4521	39.8	0
30	4534	39.9	0
30	4547	40	0
30	4560	40.1	0
30	4573	40.2	0
30	4586	40.3	0
30	4599	40.4	0
30	4612	40.5	0
30	4625	40.6	0
30	4638	40.7	0
30	4651	40.8	0
30	4664	40.9	0
30	4677	41	0
30	4690	41.1	0
30	4703	41.2	0
30	4716	41.3	0
30	4729	41.4	0
30	4742	41.5	0
30	4755	41.6	0
30	4768	41.7	0
30	4781	41.8	0
30	4794	41.9	0
30	4807	42	0
30	4820	42.1	0
30	4833	42.2	0
30	4846	42.3	0
30	4859	42.4	0
30	4872	42.5	0
30	4885	42.6	0
30	4898	42.7	0
30	4911	42.8	0
30	4924	42.9	0
30	4937	43	0
30	4950	43.1	0
30	4963	43.2	0
30	4976	43.3	0
30	4989	43.4	0
30	5002	43.5	0
30	5015	43.6	0
30	5028	43.7	0
30	5041	43.8	0
30	5054	43.9	0
30	5067	44	0
30	5080	44.1	0
30	5093	44.2	0
30	5106	44.3	0
30	5119	44.4	0
30	5132	44.5	0
30	5145	44.6	0
30	5158	44.7	0
30	5171	44.8	0
30	5184	44.9	0
30	5197	45	0
30	5210	45.1	0
30	5223	45.2	0
30	5236	45.3	0
30	5249	45.4	0
30	5262	45.5	0
30	5275	45.6	0
30	5288	45.7	0
30	5301	45.8	0
30	5314	45.9	0
30	5327	46	0
30	5340	46.1	0
30	5353	46.2	0
30	5366	46.3	0
30	5379	46.4	0
30	5392	46.5	0
30	5405	46.6	0
30	5418	46.7	0
30	5431	46.8	0
30	5444	46.9	0
30	5459	47	0
30	5474	47.1	0
30	5487	47.2	0
30	5500	47.3	0
30	5514	47.4	0
30	5528	47.5	0.051983662767142
31	68	5.5	0.973
31	78	5.6	0.973
31	88	5.7	1.1100680083156
31	101	5.8	1.1100637936996
31	114	5.9	0.973
31	127	6	0.973
31	140	6.1	0.973
31	153	6.2	0.973
31	166	6.3	0.973
31	179	6.4	0.973
31	192	6.5	0.973
31	205	6.6	0.973
31	218	6.7	0.973
31	231	6.8	0.973
31	244	6.9	0.973
31	257	7	0.973
31	270	7.1	0.973
31	283	7.2	0.973
31	296	7.3	0.973
31	309	7.4	0.973
31	322	7.5	0.973
31	335	7.6	0.973
31	348	7.7	0.973
31	361	7.8	0.973
31	374	7.9	0.973
31	387	8	0.973
31	400	8.1	0.973
31	413	8.2	0.973
31	426	8.3	0.973
31	439	8.4	0.973
31	452	8.5	0.973
31	465	8.6	0.973
31	478	8.7	0.973
31	491	8.8	0.973
31	504	8.9	0.973
31	517	9	0.973
31	530	9.1	0.973
31	543	9.2	0.973
31	556	9.3	0.973
31	569	9.4	0.973
31	582	9.5	0.973
31	595	9.6	0.973
31	608	9.7	0.973
31	621	9.8	0.973
31	634	9.9	0.973
31	647	10	0.973
31	660	10.1	0.973
31	673	10.2	0.973
31	686	10.3	0.973
31	699	10.4	0.973
31	712	10.5	0.973
31	725	10.6	0.973
31	738	10.7	0.973
31	751	10.8	0.973
31	764	10.9	0.973
31	777	11	0.973
31	790	11.1	0.973
31	803	11.2	0.973
31	816	11.3	0.973
31	829	11.4	0.973
31	842	11.5	0.973
31	855	11.6	0.973
31	868	11.7	0.973
31	881	11.8	0.973
31	894	11.9	0.973
31	907	12	0.973
31	920	12.1	0.973
31	933	12.2	0.973
31	946	12.3	0.973
31	959	12.4	0.973
31	972	12.5	0.973
31	985	12.6	0.973
31	998	12.7	0.973
31	1011	12.8	0.973
31	1024	12.9	0.973
31	1037	13	0.973
31	1050	13.1	0.973
31	1063	13.2	0.973
31	1076	13.3	0.973
31	1089	13.4	0.973
31	1102	13.5	0.973
31	1115	13.6	0.973
31	1128	13.7	0.973
31	1141	13.8	0.973
31	1154	13.9	0.973
31	1167	14	0.973
31	1180	14.1	0.973
31	1193	14.2	0.973
31	1206	14.3	0.973
31	1219	14.4	0.973
31	1232	14.5	0.973
31	1245	14.6	0.973
31	1258	14.7	0.973
31	1271	14.8	0.973
31	1284	14.9	0.973
31	1297	15	0.973
31	1310	15.1	0.973
31	1323	15.2	0.973
31	1336	15.3	0.973
31	1349	15.4	0.973
31	1362	15.5	0.973
31	1375	15.6	0.973
31	1388	15.7	0.973
31	1401	15.8	0.973
31	1414	15.9	0.973
31	1427	16	0.973
31	1440	16.1	0.973
31	1453	16.2	0.973
31	1466	16.3	0.973
31	1479	16.4	0.973
31	1492	16.5	0.973
31	1505	16.6	0.973
31	1518	16.7	0.973
31	1531	16.8	0.973
31	1544	16.9	0.973
31	1557	17	0.973
31	1570	17.1	0.973
31	1583	17.2	0.973
31	1596	17.3	0.973
31	1609	17.4	0.973
31	1622	17.5	0.973
31	1635	17.6	0.973
31	1648	17.7	0.973
31	1661	17.8	0.973
31	1674	17.9	0.973
31	1687	18	0.973
31	1700	18.1	0.973
31	1713	18.2	0.973
31	1726	18.3	0.973
31	1739	18.4	0.973
31	1752	18.5	0.973
31	1765	18.6	0.973
31	1778	18.7	0.973
31	1791	18.8	0.973
31	1804	18.9	0.973
31	1817	19	0.973
31	1830	19.1	0.973
31	1843	19.2	0.973
31	1856	19.3	0.973
31	1869	19.4	0.973
31	1882	19.5	0.973
31	1895	19.6	0.973
31	1908	19.7	0.973
31	1921	19.8	0.973
31	1934	19.9	0.973
31	1947	20	0.973
31	1960	20.1	0.973
31	1973	20.2	0.973
31	1986	20.3	0.973
31	1999	20.4	0.973
31	2012	20.5	0.973
31	2025	20.6	0.973
31	2038	20.7	0.973
31	2051	20.8	0.973
31	2064	20.9	0.973
31	2077	21	0.973
31	2090	21.1	0.973
31	2103	21.2	0.973
31	2116	21.3	0.973
31	2129	21.4	0.973
31	2142	21.5	0.973
31	2155	21.6	0.973
31	2168	21.7	0.973
31	2181	21.8	0.973
31	2194	21.9	0.973
31	2207	22	0.973
31	2220	22.1	0.973
31	2233	22.2	0.973
31	2246	22.3	0.973
31	2259	22.4	0.973
31	2272	22.5	0.973
31	2285	22.6	0.973
31	2298	22.7	0.973
31	2311	22.8	0.973
31	2324	22.9	0.973
31	2337	23	0.973
31	2350	23.1	0.973
31	2363	23.2	0.973
31	2376	23.3	0.973
31	2389	23.4	0.973
31	2402	23.5	0.973
31	2415	23.6	0.973
31	2428	23.7	0.973
31	2441	23.8	0.973
31	2454	23.9	0.973
31	2467	24	0.973
31	2480	24.1	0.973
31	2493	24.2	0.973
31	2506	24.3	0.973
31	2519	24.4	0.973
31	2532	24.5	0.973
31	2545	24.6	0.973
31	2558	24.7	0.973
31	2571	24.8	0.973
31	2584	24.9	0.973
31	2597	25	0.973
31	2610	25.1	0.973
31	2623	25.2	0.973
31	2636	25.3	0.973
31	2649	25.4	0.973
31	2662	25.5	0.973
31	2675	25.6	0.973
31	2688	25.7	0.973
31	2701	25.8	0.973
31	2714	25.9	0.973
31	2727	26	0.973
31	2740	26.1	0.973
31	2753	26.2	0.973
31	2766	26.3	0.973
31	2779	26.4	0.973
31	2792	26.5	0.973
31	2805	26.6	0.973
31	2818	26.7	0.973
31	2831	26.8	0.973
31	2844	26.9	0.973
31	2857	27	0.973
31	2870	27.1	0.973
31	2883	27.2	0.973
31	2896	27.3	0.973
31	2909	27.4	0.973
31	2922	27.5	0.973
31	2935	27.6	0.973
31	2948	27.7	0.973
31	2961	27.8	0.973
31	2974	27.9	0.973
31	2987	28	0.973
31	3000	28.1	0.973
31	3013	28.2	0.973
31	3026	28.3	0.973
31	3039	28.4	0.973
31	3052	28.5	0.973
31	3065	28.6	0.973
31	3078	28.7	0.973
31	3091	28.8	0.973
31	3104	28.9	0.973
31	3117	29	0.973
31	3130	29.1	0.973
31	3143	29.2	0.973
31	3156	29.3	0.973
31	3169	29.4	0.973
31	3182	29.5	0.973
31	3195	29.6	0.973
31	3208	29.7	0.973
31	3221	29.8	0.973
31	3234	29.9	0.973
31	3247	30	0.973
31	3260	30.1	0.973
31	3273	30.2	0.973
31	3286	30.3	0.973
31	3299	30.4	0.973
31	3312	30.5	0.973
31	3325	30.6	0.973
31	3338	30.7	0.973
31	3351	30.8	0.973
31	3364	30.9	0.973
31	3377	31	0.973
31	3390	31.1	0.973
31	3403	31.2	0.973
31	3416	31.3	0.973
31	3429	31.4	0.973
31	3442	31.5	0.973
31	3455	31.6	0.973
31	3468	31.7	0.973
31	3481	31.8	0.973
31	3494	31.9	0.973
31	3507	32	0.973
31	3520	32.1	0.973
31	3533	32.2	0.973
31	3546	32.3	0.973
31	3559	32.4	0.973
31	3572	32.5	0.973
31	3585	32.6	0.973
31	3598	32.7	0.973
31	3611	32.8	0.973
31	3624	32.9	0.973
31	3637	33	0.973
31	3650	33.1	0.973
31	3663	33.2	0.973
31	3676	33.3	0.973
31	3689	33.4	0.973
31	3702	33.5	0.973
31	3715	33.6	0.973
31	3728	33.7	0.973
31	3741	33.8	0.973
31	3754	33.9	0.973
31	3767	34	0.973
31	3780	34.1	0.973
31	3793	34.2	0.973
31	3806	34.3	0.973
31	3819	34.4	0.973
31	3832	34.5	0.973
31	3845	34.6	0.973
31	3858	34.7	0.973
31	3871	34.8	0.973
31	3884	34.9	0.973
31	3897	35	0.973
31	3910	35.1	0.973
31	3923	35.2	0.973
31	3936	35.3	0.973
31	3949	35.4	0.973
31	3962	35.5	0.973
31	3975	35.6	0.973
31	3988	35.7	0.973
31	4001	35.8	0.973
31	4014	35.9	0.973
31	4027	36	0.973
31	4040	36.1	0.973
31	4053	36.2	0.973
31	4066	36.3	0.973
31	4079	36.4	0.973
31	4092	36.5	0.973
31	4105	36.6	0.973
31	4118	36.7	0.973
31	4131	36.8	0.973
31	4144	36.9	0.973
31	4157	37	0.973
31	4170	37.1	0.973
31	4183	37.2	0.973
31	4196	37.3	0.973
31	4209	37.4	0.973
31	4222	37.5	0.973
31	4235	37.6	0.973
31	4248	37.7	0.973
31	4261	37.8	0.973
31	4274	37.9	0.973
31	4287	38	0.973
31	4300	38.1	0.973
31	4313	38.2	0.973
31	4326	38.3	0.973
31	4339	38.4	0.973
31	4352	38.5	0.973
31	4365	38.6	0.973
31	4378	38.7	0.973
31	4391	38.8	0.973
31	4404	38.9	0.973
31	4417	39	0.973
31	4430	39.1	0.973
31	4443	39.2	0.973
31	4456	39.3	0.973
31	4469	39.4	0.973
31	4482	39.5	0.973
31	4495	39.6	0.973
31	4508	39.7	0.973
31	4521	39.8	0.973
31	4534	39.9	0.973
31	4547	40	0.973
31	4560	40.1	0.973
31	4573	40.2	0.973
31	4586	40.3	0.973
31	4599	40.4	0.973
31	4612	40.5	0.973
31	4625	40.6	0.973
31	4638	40.7	0.973
31	4651	40.8	0.973
31	4664	40.9	0.973
31	4677	41	0.973
31	4690	41.1	0.973
31	4703	41.2	0.973
31	4716	41.3	0.973
31	4729	41.4	0.973
31	4742	41.5	0.973
31	4755	41.6	0.973
31	4768	41.7	0.973
31	4781	41.8	0.973
31	4794	41.9	0.973
31	4807	42	0.973
31	4820	42.1	0.973
31	4833	42.2	0.973
31	4846	42.3	0.973
31	4859	42.4	0.973
31	4872	42.5	0.973
31	4885	42.6	0.973
31	4898	42.7	0.973
31	4911	42.8	0.973
31	4924	42.9	0.973
31	4937	43	0.973
31	4950	43.1	0.973
31	4963	43.2	0.973
31	4976	43.3	0.973
31	4989	43.4	0.973
31	5002	43.5	0.973
31	5015	43.6	0.973
31	5028	43.7	0.973
31	5041	43.8	0.973
31	5054	43.9	0.973
31	5067	44	0.973
31	5080	44.1	0.973
31	5093	44.2	0.973
31	5106	44.3	0.973
31	5119	44.4	0.973
31	5132	44.5	0.973
31	5145	44.6	0.973
31	5158	44.7	0.973
31	5171	44.8	0.973
31	5184	44.9	0.973
31	5197	45	0.973
31	5210	45.1	0.973
31	5223	45.2	0.973
31	5236	45.3	0.973
31	5249	45.4	0.973
31	5262	45.5	0.973
31	5275	45.6	0.973
31	5288	45.7	0.973
31	5301	45.8	0.973
31	5314	45.9	0.973
31	5327	46	0.973
31	5340	46.1	0.973
31	5353	46.2	0.973
31	5366	46.3	0.973
31	5379	46.4	0.973
31	5392	46.5	0.973
31	5405	46.6	0.973
31	5418	46.7	0.973
31	5431	46.8	0.973
31	5444	46.9	0.973
31	5459	47	0.973
31	5474	47.1	0.973
31	5487	47.2	0.973
31	5500	47.3	0.973
31	5514	47.4	0.973
31	5528	47.5	1.110315894661
32	68	5.5	-2.5957728901133
32	78	5.6	0
32	88	5.7	-7.024908841921
32	101	5.8	0
32	114	5.9	-9
32	127	6	0
32	140	6.1	-9
32	153	6.2	0
32	166	6.3	-9
32	179	6.4	0
32	192	6.5	-9
32	205	6.6	0
32	218	6.7	-9
32	231	6.8	0
32	244	6.9	-9
32	257	7	0
32	270	7.1	-9
32	283	7.2	0
32	296	7.3	-9
32	309	7.4	0
32	322	7.5	-8.8293182679657
32	335	7.6	0
32	348	7.7	0
32	361	7.8	0
32	374	7.9	0
32	387	8	0
32	400	8.1	0
32	413	8.2	0
32	426	8.3	0
32	439	8.4	0
32	452	8.5	0
32	465	8.6	0
32	478	8.7	0
32	491	8.8	0
32	504	8.9	0
32	517	9	0
32	530	9.1	0
32	543	9.2	0
32	556	9.3	0
32	569	9.4	0
32	582	9.5	0
32	595	9.6	0
32	608	9.7	0
32	621	9.8	0
32	634	9.9	0
32	647	10	0
32	660	10.1	0
32	673	10.2	0
32	686	10.3	0
32	699	10.4	0
32	712	10.5	0
32	725	10.6	0
32	738	10.7	0
32	751	10.8	0
32	764	10.9	0
32	777	11	0
32	790	11.1	0
32	803	11.2	0
32	816	11.3	0
32	829	11.4	0
32	842	11.5	0
32	855	11.6	0
32	868	11.7	0
32	881	11.8	0
32	894	11.9	0
32	907	12	0
32	920	12.1	0
32	933	12.2	0
32	946	12.3	0
32	959	12.4	0
32	972	12.5	0
32	985	12.6	0
32	998	12.7	0
32	1011	12.8	0
32	1024	12.9	0
32	1037	13	0
32	1050	13.1	0
32	1063	13.2	0
32	1076	13.3	0
32	1089	13.4	0
32	1102	13.5	0
32	1115	13.6	0
32	1128	13.7	0
32	1141	13.8	0
32	1154	13.9	0
32	1167	14	0
32	1180	14.1	0
32	1193	14.2	0
32	1206	14.3	0
32	1219	14.4	0
32	1232	14.5	0
32	1245	14.6	0
32	1258	14.7	0
32	1271	14.8	0
32	1284	14.9	0
32	1297	15	0
32	1310	15.1	0
32	1323	15.2	0
32	1336	15.3	0
32	1349	15.4	0
32	1362	15.5	0
32	1375	15.6	0
32	1388	15.7	0
32	1401	15.8	0
32	1414	15.9	0
32	1427	16	0
32	1440	16.1	0
32	1453	16.2	0
32	1466	16.3	0
32	1479	16.4	0
32	1492	16.5	0
32	1505	16.6	0
32	1518	16.7	0
32	1531	16.8	0
32	1544	16.9	0
32	1557	17	0
32	1570	17.1	0
32	1583	17.2	0
32	1596	17.3	0
32	1609	17.4	0
32	1622	17.5	0
32	1635	17.6	0
32	1648	17.7	0
32	1661	17.8	0
32	1674	17.9	0
32	1687	18	0
32	1700	18.1	0
32	1713	18.2	0
32	1726	18.3	0
32	1739	18.4	0
32	1752	18.5	0
32	1765	18.6	0
32	1778	18.7	0
32	1791	18.8	0
32	1804	18.9	0
32	1817	19	0
32	1830	19.1	0
32	1843	19.2	0
32	1856	19.3	0
32	1869	19.4	0
32	1882	19.5	0
32	1895	19.6	0
32	1908	19.7	0
32	1921	19.8	0
32	1934	19.9	0
32	1947	20	0
32	1960	20.1	0
32	1973	20.2	0
32	1986	20.3	0
32	1999	20.4	0
32	2012	20.5	0
32	2025	20.6	0
32	2038	20.7	0
32	2051	20.8	0
32	2064	20.9	0
32	2077	21	0
32	2090	21.1	0
32	2103	21.2	0
32	2116	21.3	0
32	2129	21.4	0
32	2142	21.5	0
32	2155	21.6	0
32	2168	21.7	0
32	2181	21.8	0
32	2194	21.9	0
32	2207	22	0
32	2220	22.1	0
32	2233	22.2	0
32	2246	22.3	0
32	2259	22.4	0
32	2272	22.5	0
32	2285	22.6	0
32	2298	22.7	0
32	2311	22.8	0
32	2324	22.9	0
32	2337	23	0
32	2350	23.1	0
32	2363	23.2	0
32	2376	23.3	0
32	2389	23.4	0
32	2402	23.5	0
32	2415	23.6	0
32	2428	23.7	0
32	2441	23.8	0
32	2454	23.9	0
32	2467	24	0
32	2480	24.1	0
32	2493	24.2	0
32	2506	24.3	0
32	2519	24.4	0
32	2532	24.5	0
32	2545	24.6	0
32	2558	24.7	0
32	2571	24.8	0
32	2584	24.9	0
32	2597	25	0
32	2610	25.1	0
32	2623	25.2	0
32	2636	25.3	0
32	2649	25.4	0
32	2662	25.5	0
32	2675	25.6	0
32	2688	25.7	0
32	2701	25.8	0
32	2714	25.9	0
32	2727	26	0
32	2740	26.1	0
32	2753	26.2	0
32	2766	26.3	0
32	2779	26.4	0
32	2792	26.5	0
32	2805	26.6	0
32	2818	26.7	0
32	2831	26.8	0
32	2844	26.9	0
32	2857	27	0
32	2870	27.1	0
32	2883	27.2	0
32	2896	27.3	0
32	2909	27.4	0
32	2922	27.5	0
32	2935	27.6	0
32	2948	27.7	0
32	2961	27.8	0
32	2974	27.9	0
32	2987	28	0
32	3000	28.1	0
32	3013	28.2	0
32	3026	28.3	0
32	3039	28.4	0
32	3052	28.5	0
32	3065	28.6	0
32	3078	28.7	0
32	3091	28.8	0
32	3104	28.9	0
32	3117	29	0
32	3130	29.1	0
32	3143	29.2	0
32	3156	29.3	0
32	3169	29.4	0
32	3182	29.5	0
32	3195	29.6	0
32	3208	29.7	0
32	3221	29.8	0
32	3234	29.9	0
32	3247	30	0
32	3260	30.1	0
32	3273	30.2	0
32	3286	30.3	0
32	3299	30.4	0
32	3312	30.5	0
32	3325	30.6	0
32	3338	30.7	0
32	3351	30.8	0
32	3364	30.9	0
32	3377	31	0
32	3390	31.1	0
32	3403	31.2	0
32	3416	31.3	0
32	3429	31.4	0
32	3442	31.5	0
32	3455	31.6	0
32	3468	31.7	0
32	3481	31.8	0
32	3494	31.9	0
32	3507	32	0
32	3520	32.1	0
32	3533	32.2	0
32	3546	32.3	0
32	3559	32.4	0
32	3572	32.5	0
32	3585	32.6	0
32	3598	32.7	0
32	3611	32.8	0
32	3624	32.9	0
32	3637	33	0
32	3650	33.1	0
32	3663	33.2	0
32	3676	33.3	0
32	3689	33.4	0
32	3702	33.5	0
32	3715	33.6	0
32	3728	33.7	0
32	3741	33.8	0
32	3754	33.9	0
32	3767	34	0
32	3780	34.1	0
32	3793	34.2	0
32	3806	34.3	0
32	3819	34.4	0
32	3832	34.5	0
32	3845	34.6	0
32	3858	34.7	0
32	3871	34.8	0
32	3884	34.9	0
32	3897	35	0
32	3910	35.1	0
32	3923	35.2	0
32	3936	35.3	0
32	3949	35.4	0
32	3962	35.5	0
32	3975	35.6	0
32	3988	35.7	0
32	4001	35.8	0
32	4014	35.9	0
32	4027	36	0
32	4040	36.1	0
32	4053	36.2	0
32	4066	36.3	0
32	4079	36.4	0
32	4092	36.5	0
32	4105	36.6	0
32	4118	36.7	0
32	4131	36.8	0
32	4144	36.9	0
32	4157	37	0
32	4170	37.1	0
32	4183	37.2	0
32	4196	37.3	0
32	4209	37.4	0
32	4222	37.5	0
32	4235	37.6	0
32	4248	37.7	0
32	4261	37.8	0
32	4274	37.9	0
32	4287	38	0
32	4300	38.1	0
32	4313	38.2	0
32	4326	38.3	0
32	4339	38.4	0
32	4352	38.5	0
32	4365	38.6	0
32	4378	38.7	0
32	4391	38.8	0
32	4404	38.9	0
32	4417	39	0
32	4430	39.1	0
32	4443	39.2	0
32	4456	39.3	0
32	4469	39.4	0
32	4482	39.5	0
32	4495	39.6	0
32	4508	39.7	0
32	4521	39.8	0
32	4534	39.9	0
32	4547	40	0
32	4560	40.1	0
32	4573	40.2	0
32	4586	40.3	0
32	4599	40.4	0
32	4612	40.5	0
32	4625	40.6	0
32	4638	40.7	0
32	4651	40.8	0
32	4664	40.9	0
32	4677	41	0
32	4690	41.1	0
32	4703	41.2	0
32	4716	41.3	0
32	4729	41.4	0
32	4742	41.5	0
32	4755	41.6	0
32	4768	41.7	0
32	4781	41.8	0
32	4794	41.9	0
32	4807	42	0
32	4820	42.1	0
32	4833	42.2	0
32	4846	42.3	0
32	4859	42.4	0
32	4872	42.5	0
32	4885	42.6	0
32	4898	42.7	0
32	4911	42.8	0
32	4924	42.9	0
32	4937	43	0
32	4950	43.1	0
32	4963	43.2	0
32	4976	43.3	0
32	4989	43.4	0
32	5002	43.5	0
32	5015	43.6	0
32	5028	43.7	0
32	5041	43.8	0
32	5054	43.9	0
32	5067	44	0
32	5080	44.1	0
32	5093	44.2	0
32	5106	44.3	0
32	5119	44.4	0
32	5132	44.5	0
32	5145	44.6	0
32	5158	44.7	0
32	5171	44.8	0
32	5184	44.9	0
32	5197	45	0
32	5210	45.1	0
32	5223	45.2	0
32	5236	45.3	0
32	5249	45.4	0
32	5262	45.5	0
32	5275	45.6	0
32	5288	45.7	0
32	5301	45.8	0
32	5314	45.9	0
32	5327	46	0
32	5340	46.1	0
32	5353	46.2	0
32	5366	46.3	0
32	5379	46.4	0
32	5392	46.5	0
32	5405	46.6	0
32	5418	46.7	0
32	5431	46.8	0
32	5444	46.9	0
32	5459	47	0
32	5474	47.1	0
32	5487	47.2	0
32	5500	47.3	0
32	5514	47.4	0
32	5528	47.5	0
33	68	5.5	0.973
33	78	5.6	1.5964500797169
33	88	5.7	0.973
33	101	5.8	1.5487048597111
33	114	5.9	0.973
33	127	6	1.4907402299615
33	140	6.1	0.973
33	153	6.2	1.4360004590305
33	166	6.3	0.973
33	179	6.4	1.3840814816973
33	192	6.5	0.973
33	205	6.6	1.3345792327405
33	218	6.7	0.973
33	231	6.8	1.2870896469391
33	244	6.9	0.973
33	257	7	1.2412086590721
33	270	7.1	0.973
33	283	7.2	1.1965322039182
33	296	7.3	0.973
33	309	7.4	1.1526562162563
33	322	7.5	0.973
33	335	7.6	0.973
33	348	7.7	0.973
33	361	7.8	0.973
33	374	7.9	0.973
33	387	8	0.973
33	400	8.1	0.973
33	413	8.2	0.973
33	426	8.3	0.973
33	439	8.4	0.973
33	452	8.5	0.973
33	465	8.6	0.973
33	478	8.7	0.973
33	491	8.8	0.973
33	504	8.9	0.973
33	517	9	0.973
33	530	9.1	0.973
33	543	9.2	0.973
33	556	9.3	0.973
33	569	9.4	0.973
33	582	9.5	0.973
33	595	9.6	0.973
33	608	9.7	0.973
33	621	9.8	0.973
33	634	9.9	0.973
33	647	10	0.973
33	660	10.1	0.973
33	673	10.2	0.973
33	686	10.3	0.973
33	699	10.4	0.973
33	712	10.5	0.973
33	725	10.6	0.973
33	738	10.7	0.973
33	751	10.8	0.973
33	764	10.9	0.973
33	777	11	0.973
33	790	11.1	0.973
33	803	11.2	0.973
33	816	11.3	0.973
33	829	11.4	0.973
33	842	11.5	0.973
33	855	11.6	0.973
33	868	11.7	0.973
33	881	11.8	0.973
33	894	11.9	0.973
33	907	12	0.973
33	920	12.1	0.973
33	933	12.2	0.973
33	946	12.3	0.973
33	959	12.4	0.973
33	972	12.5	0.973
33	985	12.6	0.973
33	998	12.7	0.973
33	1011	12.8	0.973
33	1024	12.9	0.973
33	1037	13	0.973
33	1050	13.1	0.973
33	1063	13.2	0.973
33	1076	13.3	0.973
33	1089	13.4	0.973
33	1102	13.5	0.973
33	1115	13.6	0.973
33	1128	13.7	0.973
33	1141	13.8	0.973
33	1154	13.9	0.973
33	1167	14	0.973
33	1180	14.1	0.973
33	1193	14.2	0.973
33	1206	14.3	0.973
33	1219	14.4	0.973
33	1232	14.5	0.973
33	1245	14.6	0.973
33	1258	14.7	0.973
33	1271	14.8	0.973
33	1284	14.9	0.973
33	1297	15	0.973
33	1310	15.1	0.973
33	1323	15.2	0.973
33	1336	15.3	0.973
33	1349	15.4	0.973
33	1362	15.5	0.973
33	1375	15.6	0.973
33	1388	15.7	0.973
33	1401	15.8	0.973
33	1414	15.9	0.973
33	1427	16	0.973
33	1440	16.1	0.973
33	1453	16.2	0.973
33	1466	16.3	0.973
33	1479	16.4	0.973
33	1492	16.5	0.973
33	1505	16.6	0.973
33	1518	16.7	0.973
33	1531	16.8	0.973
33	1544	16.9	0.973
33	1557	17	0.973
33	1570	17.1	0.973
33	1583	17.2	0.973
33	1596	17.3	0.973
33	1609	17.4	0.973
33	1622	17.5	0.973
33	1635	17.6	0.973
33	1648	17.7	0.973
33	1661	17.8	0.973
33	1674	17.9	0.973
33	1687	18	0.973
33	1700	18.1	0.973
33	1713	18.2	0.973
33	1726	18.3	0.973
33	1739	18.4	0.973
33	1752	18.5	0.973
33	1765	18.6	0.973
33	1778	18.7	0.973
33	1791	18.8	0.973
33	1804	18.9	0.973
33	1817	19	0.973
33	1830	19.1	0.973
33	1843	19.2	0.973
33	1856	19.3	0.973
33	1869	19.4	0.973
33	1882	19.5	0.973
33	1895	19.6	0.973
33	1908	19.7	0.973
33	1921	19.8	0.973
33	1934	19.9	0.973
33	1947	20	0.973
33	1960	20.1	0.973
33	1973	20.2	0.973
33	1986	20.3	0.973
33	1999	20.4	0.973
33	2012	20.5	0.973
33	2025	20.6	0.973
33	2038	20.7	0.973
33	2051	20.8	0.973
33	2064	20.9	0.973
33	2077	21	0.973
33	2090	21.1	0.973
33	2103	21.2	0.973
33	2116	21.3	0.973
33	2129	21.4	0.973
33	2142	21.5	0.973
33	2155	21.6	0.973
33	2168	21.7	0.973
33	2181	21.8	0.973
33	2194	21.9	0.973
33	2207	22	0.973
33	2220	22.1	0.973
33	2233	22.2	0.973
33	2246	22.3	0.973
33	2259	22.4	0.973
33	2272	22.5	0.973
33	2285	22.6	0.973
33	2298	22.7	0.973
33	2311	22.8	0.973
33	2324	22.9	0.973
33	2337	23	0.973
33	2350	23.1	0.973
33	2363	23.2	0.973
33	2376	23.3	0.973
33	2389	23.4	0.973
33	2402	23.5	0.973
33	2415	23.6	0.973
33	2428	23.7	0.973
33	2441	23.8	0.973
33	2454	23.9	0.973
33	2467	24	0.973
33	2480	24.1	0.973
33	2493	24.2	0.973
33	2506	24.3	0.973
33	2519	24.4	0.973
33	2532	24.5	0.973
33	2545	24.6	0.973
33	2558	24.7	0.973
33	2571	24.8	0.973
33	2584	24.9	0.973
33	2597	25	0.973
33	2610	25.1	0.973
33	2623	25.2	0.973
33	2636	25.3	0.973
33	2649	25.4	0.973
33	2662	25.5	0.973
33	2675	25.6	0.973
33	2688	25.7	0.973
33	2701	25.8	0.973
33	2714	25.9	0.973
33	2727	26	0.973
33	2740	26.1	0.973
33	2753	26.2	0.973
33	2766	26.3	0.973
33	2779	26.4	0.973
33	2792	26.5	0.973
33	2805	26.6	0.973
33	2818	26.7	0.973
33	2831	26.8	0.973
33	2844	26.9	0.973
33	2857	27	0.973
33	2870	27.1	0.973
33	2883	27.2	0.973
33	2896	27.3	0.973
33	2909	27.4	0.973
33	2922	27.5	0.973
33	2935	27.6	0.973
33	2948	27.7	0.973
33	2961	27.8	0.973
33	2974	27.9	0.973
33	2987	28	0.973
33	3000	28.1	0.973
33	3013	28.2	0.973
33	3026	28.3	0.973
33	3039	28.4	0.973
33	3052	28.5	0.973
33	3065	28.6	0.973
33	3078	28.7	0.973
33	3091	28.8	0.973
33	3104	28.9	0.973
33	3117	29	0.973
33	3130	29.1	0.973
33	3143	29.2	0.973
33	3156	29.3	0.973
33	3169	29.4	0.973
33	3182	29.5	0.973
33	3195	29.6	0.973
33	3208	29.7	0.973
33	3221	29.8	0.973
33	3234	29.9	0.973
33	3247	30	0.973
33	3260	30.1	0.973
33	3273	30.2	0.973
33	3286	30.3	0.973
33	3299	30.4	0.973
33	3312	30.5	0.973
33	3325	30.6	0.973
33	3338	30.7	0.973
33	3351	30.8	0.973
33	3364	30.9	0.973
33	3377	31	0.973
33	3390	31.1	0.973
33	3403	31.2	0.973
33	3416	31.3	0.973
33	3429	31.4	0.973
33	3442	31.5	0.973
33	3455	31.6	0.973
33	3468	31.7	0.973
33	3481	31.8	0.973
33	3494	31.9	0.973
33	3507	32	0.973
33	3520	32.1	0.973
33	3533	32.2	0.973
33	3546	32.3	0.973
33	3559	32.4	0.973
33	3572	32.5	0.973
33	3585	32.6	0.973
33	3598	32.7	0.973
33	3611	32.8	0.973
33	3624	32.9	0.973
33	3637	33	0.973
33	3650	33.1	0.973
33	3663	33.2	0.973
33	3676	33.3	0.973
33	3689	33.4	0.973
33	3702	33.5	0.973
33	3715	33.6	0.973
33	3728	33.7	0.973
33	3741	33.8	0.973
33	3754	33.9	0.973
33	3767	34	0.973
33	3780	34.1	0.973
33	3793	34.2	0.973
33	3806	34.3	0.973
33	3819	34.4	0.973
33	3832	34.5	0.973
33	3845	34.6	0.973
33	3858	34.7	0.973
33	3871	34.8	0.973
33	3884	34.9	0.973
33	3897	35	0.973
33	3910	35.1	0.973
33	3923	35.2	0.973
33	3936	35.3	0.973
33	3949	35.4	0.973
33	3962	35.5	0.973
33	3975	35.6	0.973
33	3988	35.7	0.973
33	4001	35.8	0.973
33	4014	35.9	0.973
33	4027	36	0.973
33	4040	36.1	0.973
33	4053	36.2	0.973
33	4066	36.3	0.973
33	4079	36.4	0.973
33	4092	36.5	0.973
33	4105	36.6	0.973
33	4118	36.7	0.973
33	4131	36.8	0.973
33	4144	36.9	0.973
33	4157	37	0.973
33	4170	37.1	0.973
33	4183	37.2	0.973
33	4196	37.3	0.973
33	4209	37.4	0.973
33	4222	37.5	0.973
33	4235	37.6	0.973
33	4248	37.7	0.973
33	4261	37.8	0.973
33	4274	37.9	0.973
33	4287	38	0.973
33	4300	38.1	0.973
33	4313	38.2	0.973
33	4326	38.3	0.973
33	4339	38.4	0.973
33	4352	38.5	0.973
33	4365	38.6	0.973
33	4378	38.7	0.973
33	4391	38.8	0.973
33	4404	38.9	0.973
33	4417	39	0.973
33	4430	39.1	0.973
33	4443	39.2	0.973
33	4456	39.3	0.973
33	4469	39.4	0.973
33	4482	39.5	0.973
33	4495	39.6	0.973
33	4508	39.7	0.973
33	4521	39.8	0.973
33	4534	39.9	0.973
33	4547	40	0.973
33	4560	40.1	0.973
33	4573	40.2	0.973
33	4586	40.3	0.973
33	4599	40.4	0.973
33	4612	40.5	0.973
33	4625	40.6	0.973
33	4638	40.7	0.973
33	4651	40.8	0.973
33	4664	40.9	0.973
33	4677	41	0.973
33	4690	41.1	0.973
33	4703	41.2	0.973
33	4716	41.3	0.973
33	4729	41.4	0.973
33	4742	41.5	0.973
33	4755	41.6	0.973
33	4768	41.7	0.973
33	4781	41.8	0.973
33	4794	41.9	0.973
33	4807	42	0.973
33	4820	42.1	0.973
33	4833	42.2	0.973
33	4846	42.3	0.973
33	4859	42.4	0.973
33	4872	42.5	0.973
33	4885	42.6	0.973
33	4898	42.7	0.973
33	4911	42.8	0.973
33	4924	42.9	0.973
33	4937	43	0.973
33	4950	43.1	0.973
33	4963	43.2	0.973
33	4976	43.3	0.973
33	4989	43.4	0.973
33	5002	43.5	0.973
33	5015	43.6	0.973
33	5028	43.7	0.973
33	5041	43.8	0.973
33	5054	43.9	0.973
33	5067	44	0.973
33	5080	44.1	0.973
33	5093	44.2	0.973
33	5106	44.3	0.973
33	5119	44.4	0.973
33	5132	44.5	0.973
33	5145	44.6	0.973
33	5158	44.7	0.973
33	5171	44.8	0.973
33	5184	44.9	0.973
33	5197	45	0.973
33	5210	45.1	0.973
33	5223	45.2	0.973
33	5236	45.3	0.973
33	5249	45.4	0.973
33	5262	45.5	0.973
33	5275	45.6	0.973
33	5288	45.7	0.973
33	5301	45.8	0.973
33	5314	45.9	0.973
33	5327	46	0.973
33	5340	46.1	0.973
33	5353	46.2	0.973
33	5366	46.3	0.973
33	5379	46.4	0.973
33	5392	46.5	0.973
33	5405	46.6	0.973
33	5418	46.7	0.973
33	5431	46.8	0.973
33	5444	46.9	0.973
33	5459	47	0.973
33	5474	47.1	0.973
33	5487	47.2	0.973
33	5500	47.3	0.973
33	5514	47.4	0.973
33	5528	47.5	0.973
34	68	5.5	-4.9500000000001
34	78	5.6	0
34	88	5.7	0.029155571850067
34	101	5.8	0
34	114	5.9	-0.029155571850067
34	127	6	0
34	140	6.1	0
34	153	6.2	0
34	166	6.3	0
34	179	6.4	0
34	192	6.5	0
34	205	6.6	0
34	218	6.7	0
34	231	6.8	0
34	244	6.9	0
34	257	7	0
34	270	7.1	0
34	283	7.2	0
34	296	7.3	0
34	309	7.4	0
34	322	7.5	0
34	335	7.6	0
34	348	7.7	0
34	361	7.8	0
34	374	7.9	0
34	387	8	0
34	400	8.1	0
34	413	8.2	0
34	426	8.3	0
34	439	8.4	0
34	452	8.5	0
34	465	8.6	0
34	478	8.7	0
34	491	8.8	0
34	504	8.9	0
34	517	9	0
34	530	9.1	0
34	543	9.2	0
34	556	9.3	0
34	569	9.4	0
34	582	9.5	0
34	595	9.6	0
34	608	9.7	0
34	621	9.8	0
34	634	9.9	0
34	647	10	0
34	660	10.1	0
34	673	10.2	0
34	686	10.3	0
34	699	10.4	0
34	712	10.5	0
34	725	10.6	0
34	738	10.7	0
34	751	10.8	0
34	764	10.9	0
34	777	11	0
34	790	11.1	0
34	803	11.2	0
34	816	11.3	0
34	829	11.4	0
34	842	11.5	0
34	855	11.6	0
34	868	11.7	0
34	881	11.8	0
34	894	11.9	0
34	907	12	0
34	920	12.1	0
34	933	12.2	0
34	946	12.3	0
34	959	12.4	0
34	972	12.5	0
34	985	12.6	0
34	998	12.7	0
34	1011	12.8	0
34	1024	12.9	0
34	1037	13	0
34	1050	13.1	0
34	1063	13.2	0
34	1076	13.3	0
34	1089	13.4	0
34	1102	13.5	0
34	1115	13.6	0
34	1128	13.7	0
34	1141	13.8	0
34	1154	13.9	0
34	1167	14	0
34	1180	14.1	0
34	1193	14.2	0
34	1206	14.3	0
34	1219	14.4	0
34	1232	14.5	0
34	1245	14.6	0
34	1258	14.7	0
34	1271	14.8	0
34	1284	14.9	0
34	1297	15	0
34	1310	15.1	0
34	1323	15.2	0
34	1336	15.3	0
34	1349	15.4	0
34	1362	15.5	0
34	1375	15.6	0
34	1388	15.7	0
34	1401	15.8	0
34	1414	15.9	0
34	1427	16	0
34	1440	16.1	0
34	1453	16.2	0
34	1466	16.3	0
34	1479	16.4	0
34	1492	16.5	0
34	1505	16.6	0
34	1518	16.7	0
34	1531	16.8	0
34	1544	16.9	0
34	1557	17	0
34	1570	17.1	0
34	1583	17.2	0
34	1596	17.3	0
34	1609	17.4	0
34	1622	17.5	0
34	1635	17.6	0
34	1648	17.7	0
34	1661	17.8	0
34	1674	17.9	0
34	1687	18	0
34	1700	18.1	0
34	1713	18.2	0
34	1726	18.3	0
34	1739	18.4	0
34	1752	18.5	0
34	1765	18.6	0
34	1778	18.7	0
34	1791	18.8	0
34	1804	18.9	0
34	1817	19	0
34	1830	19.1	0
34	1843	19.2	0
34	1856	19.3	0
34	1869	19.4	0
34	1882	19.5	0
34	1895	19.6	0
34	1908	19.7	0
34	1921	19.8	0
34	1934	19.9	0
34	1947	20	0
34	1960	20.1	0
34	1973	20.2	0
34	1986	20.3	0
34	1999	20.4	0
34	2012	20.5	0
34	2025	20.6	0
34	2038	20.7	0
34	2051	20.8	0
34	2064	20.9	0
34	2077	21	0
34	2090	21.1	0
34	2103	21.2	0
34	2116	21.3	0
34	2129	21.4	0
34	2142	21.5	0
34	2155	21.6	0
34	2168	21.7	0
34	2181	21.8	0
34	2194	21.9	0
34	2207	22	0
34	2220	22.1	0
34	2233	22.2	0
34	2246	22.3	0
34	2259	22.4	0
34	2272	22.5	0
34	2285	22.6	0
34	2298	22.7	0
34	2311	22.8	0
34	2324	22.9	0
34	2337	23	0
34	2350	23.1	0
34	2363	23.2	0
34	2376	23.3	0
34	2389	23.4	0
34	2402	23.5	0
34	2415	23.6	0
34	2428	23.7	0
34	2441	23.8	0
34	2454	23.9	0
34	2467	24	0
34	2480	24.1	0
34	2493	24.2	0
34	2506	24.3	0
34	2519	24.4	0
34	2532	24.5	0
34	2545	24.6	0
34	2558	24.7	0
34	2571	24.8	0
34	2584	24.9	0
34	2597	25	0
34	2610	25.1	0
34	2623	25.2	0
34	2636	25.3	0
34	2649	25.4	0
34	2662	25.5	0
34	2675	25.6	0
34	2688	25.7	0
34	2701	25.8	0
34	2714	25.9	0
34	2727	26	0
34	2740	26.1	0
34	2753	26.2	0
34	2766	26.3	0
34	2779	26.4	0
34	2792	26.5	0
34	2805	26.6	0
34	2818	26.7	0
34	2831	26.8	0
34	2844	26.9	0
34	2857	27	0
34	2870	27.1	0
34	2883	27.2	0
34	2896	27.3	0
34	2909	27.4	0
34	2922	27.5	0
34	2935	27.6	0
34	2948	27.7	0
34	2961	27.8	0
34	2974	27.9	0
34	2987	28	0
34	3000	28.1	0
34	3013	28.2	0
34	3026	28.3	0
34	3039	28.4	0
34	3052	28.5	0
34	3065	28.6	0
34	3078	28.7	0
34	3091	28.8	0
34	3104	28.9	0
34	3117	29	0
34	3130	29.1	0
34	3143	29.2	0
34	3156	29.3	0
34	3169	29.4	0
34	3182	29.5	0
34	3195	29.6	0
34	3208	29.7	0
34	3221	29.8	0
34	3234	29.9	0
34	3247	30	0
34	3260	30.1	0
34	3273	30.2	0
34	3286	30.3	0
34	3299	30.4	0
34	3312	30.5	0
34	3325	30.6	0
34	3338	30.7	0
34	3351	30.8	0
34	3364	30.9	0
34	3377	31	0
34	3390	31.1	0
34	3403	31.2	0
34	3416	31.3	0
34	3429	31.4	0
34	3442	31.5	0
34	3455	31.6	0
34	3468	31.7	0
34	3481	31.8	0
34	3494	31.9	0
34	3507	32	0
34	3520	32.1	0
34	3533	32.2	0
34	3546	32.3	0
34	3559	32.4	0
34	3572	32.5	0
34	3585	32.6	0
34	3598	32.7	0
34	3611	32.8	0
34	3624	32.9	0
34	3637	33	0
34	3650	33.1	0
34	3663	33.2	0
34	3676	33.3	0
34	3689	33.4	0
34	3702	33.5	0
34	3715	33.6	0
34	3728	33.7	0
34	3741	33.8	0
34	3754	33.9	0
34	3767	34	0
34	3780	34.1	0
34	3793	34.2	0
34	3806	34.3	0
34	3819	34.4	0
34	3832	34.5	0
34	3845	34.6	0
34	3858	34.7	0
34	3871	34.8	0
34	3884	34.9	0
34	3897	35	0
34	3910	35.1	0
34	3923	35.2	0
34	3936	35.3	0
34	3949	35.4	0
34	3962	35.5	0
34	3975	35.6	0
34	3988	35.7	0
34	4001	35.8	0
34	4014	35.9	0
34	4027	36	0
34	4040	36.1	0
34	4053	36.2	0
34	4066	36.3	0
34	4079	36.4	0
34	4092	36.5	0
34	4105	36.6	0
34	4118	36.7	0
34	4131	36.8	0
34	4144	36.9	0
34	4157	37	0
34	4170	37.1	0
34	4183	37.2	0
34	4196	37.3	0
34	4209	37.4	0
34	4222	37.5	0
34	4235	37.6	0
34	4248	37.7	0
34	4261	37.8	0
34	4274	37.9	0
34	4287	38	0
34	4300	38.1	0
34	4313	38.2	0
34	4326	38.3	0
34	4339	38.4	0
34	4352	38.5	0
34	4365	38.6	0
34	4378	38.7	0
34	4391	38.8	0
34	4404	38.9	0
34	4417	39	0
34	4430	39.1	0
34	4443	39.2	0
34	4456	39.3	0
34	4469	39.4	0
34	4482	39.5	0
34	4495	39.6	0
34	4508	39.7	0
34	4521	39.8	0
34	4534	39.9	0
34	4547	40	0
34	4560	40.1	0
34	4573	40.2	0
34	4586	40.3	0
34	4599	40.4	0
34	4612	40.5	0
34	4625	40.6	0
34	4638	40.7	0
34	4651	40.8	0
34	4664	40.9	0
34	4677	41	0
34	4690	41.1	0
34	4703	41.2	0
34	4716	41.3	0
34	4729	41.4	0
34	4742	41.5	0
34	4755	41.6	0
34	4768	41.7	0
34	4781	41.8	0
34	4794	41.9	0
34	4807	42	0
34	4820	42.1	0
34	4833	42.2	0
34	4846	42.3	0
34	4859	42.4	0
34	4872	42.5	0
34	4885	42.6	0
34	4898	42.7	0
34	4911	42.8	0
34	4924	42.9	0
34	4937	43	0
34	4950	43.1	0
34	4963	43.2	0
34	4976	43.3	0
34	4989	43.4	0
34	5002	43.5	0
34	5015	43.6	0
34	5028	43.7	0
34	5041	43.8	0
34	5054	43.9	0
34	5067	44	0
34	5080	44.1	0
34	5093	44.2	0
34	5106	44.3	0
34	5119	44.4	0
34	5132	44.5	0
34	5145	44.6	0
34	5158	44.7	0
34	5171	44.8	0
34	5184	44.9	0
34	5197	45	0
34	5210	45.1	0
34	5223	45.2	0
34	5236	45.3	0
34	5249	45.4	0
34	5262	45.5	0
34	5275	45.6	0
34	5288	45.7	0
34	5301	45.8	0
34	5314	45.9	0
34	5327	46	0
34	5340	46.1	0
34	5353	46.2	0
34	5366	46.3	0
34	5379	46.4	0
34	5392	46.5	0
34	5405	46.6	0
34	5418	46.7	0
34	5431	46.8	0
34	5444	46.9	0
34	5459	47	0
34	5474	47.1	0.0010043080832622
34	5487	47.2	0
34	5500	47.3	0.028897567862499
34	5514	47.4	0
34	5528	47.5	0.11451238534805
35	68	5.5	0.973
35	78	5.6	0.973
35	88	5.7	1.1101611326225
35	101	5.8	1.1101406464809
35	114	5.9	0.973
35	127	6	0.973
35	140	6.1	0.973
35	153	6.2	0.973
35	166	6.3	0.973
35	179	6.4	0.973
35	192	6.5	0.973
35	205	6.6	0.973
35	218	6.7	0.973
35	231	6.8	0.973
35	244	6.9	0.973
35	257	7	0.973
35	270	7.1	0.973
35	283	7.2	0.973
35	296	7.3	0.973
35	309	7.4	0.973
35	322	7.5	0.973
35	335	7.6	0.973
35	348	7.7	0.973
35	361	7.8	0.973
35	374	7.9	0.973
35	387	8	0.973
35	400	8.1	0.973
35	413	8.2	0.973
35	426	8.3	0.973
35	439	8.4	0.973
35	452	8.5	0.973
35	465	8.6	0.973
35	478	8.7	0.973
35	491	8.8	0.973
35	504	8.9	0.973
35	517	9	0.973
35	530	9.1	0.973
35	543	9.2	0.973
35	556	9.3	0.973
35	569	9.4	0.973
35	582	9.5	0.973
35	595	9.6	0.973
35	608	9.7	0.973
35	621	9.8	0.973
35	634	9.9	0.973
35	647	10	0.973
35	660	10.1	0.973
35	673	10.2	0.973
35	686	10.3	0.973
35	699	10.4	0.973
35	712	10.5	0.973
35	725	10.6	0.973
35	738	10.7	0.973
35	751	10.8	0.973
35	764	10.9	0.973
35	777	11	0.973
35	790	11.1	0.973
35	803	11.2	0.973
35	816	11.3	0.973
35	829	11.4	0.973
35	842	11.5	0.973
35	855	11.6	0.973
35	868	11.7	0.973
35	881	11.8	0.973
35	894	11.9	0.973
35	907	12	0.973
35	920	12.1	0.973
35	933	12.2	0.973
35	946	12.3	0.973
35	959	12.4	0.973
35	972	12.5	0.973
35	985	12.6	0.973
35	998	12.7	0.973
35	1011	12.8	0.973
35	1024	12.9	0.973
35	1037	13	0.973
35	1050	13.1	0.973
35	1063	13.2	0.973
35	1076	13.3	0.973
35	1089	13.4	0.973
35	1102	13.5	0.973
35	1115	13.6	0.973
35	1128	13.7	0.973
35	1141	13.8	0.973
35	1154	13.9	0.973
35	1167	14	0.973
35	1180	14.1	0.973
35	1193	14.2	0.973
35	1206	14.3	0.973
35	1219	14.4	0.973
35	1232	14.5	0.973
35	1245	14.6	0.973
35	1258	14.7	0.973
35	1271	14.8	0.973
35	1284	14.9	0.973
35	1297	15	0.973
35	1310	15.1	0.973
35	1323	15.2	0.973
35	1336	15.3	0.973
35	1349	15.4	0.973
35	1362	15.5	0.973
35	1375	15.6	0.973
35	1388	15.7	0.973
35	1401	15.8	0.973
35	1414	15.9	0.973
35	1427	16	0.973
35	1440	16.1	0.973
35	1453	16.2	0.973
35	1466	16.3	0.973
35	1479	16.4	0.973
35	1492	16.5	0.973
35	1505	16.6	0.973
35	1518	16.7	0.973
35	1531	16.8	0.973
35	1544	16.9	0.973
35	1557	17	0.973
35	1570	17.1	0.973
35	1583	17.2	0.973
35	1596	17.3	0.973
35	1609	17.4	0.973
35	1622	17.5	0.973
35	1635	17.6	0.973
35	1648	17.7	0.973
35	1661	17.8	0.973
35	1674	17.9	0.973
35	1687	18	0.973
35	1700	18.1	0.973
35	1713	18.2	0.973
35	1726	18.3	0.973
35	1739	18.4	0.973
35	1752	18.5	0.973
35	1765	18.6	0.973
35	1778	18.7	0.973
35	1791	18.8	0.973
35	1804	18.9	0.973
35	1817	19	0.973
35	1830	19.1	0.973
35	1843	19.2	0.973
35	1856	19.3	0.973
35	1869	19.4	0.973
35	1882	19.5	0.973
35	1895	19.6	0.973
35	1908	19.7	0.973
35	1921	19.8	0.973
35	1934	19.9	0.973
35	1947	20	0.973
35	1960	20.1	0.973
35	1973	20.2	0.973
35	1986	20.3	0.973
35	1999	20.4	0.973
35	2012	20.5	0.973
35	2025	20.6	0.973
35	2038	20.7	0.973
35	2051	20.8	0.973
35	2064	20.9	0.973
35	2077	21	0.973
35	2090	21.1	0.973
35	2103	21.2	0.973
35	2116	21.3	0.973
35	2129	21.4	0.973
35	2142	21.5	0.973
35	2155	21.6	0.973
35	2168	21.7	0.973
35	2181	21.8	0.973
35	2194	21.9	0.973
35	2207	22	0.973
35	2220	22.1	0.973
35	2233	22.2	0.973
35	2246	22.3	0.973
35	2259	22.4	0.973
35	2272	22.5	0.973
35	2285	22.6	0.973
35	2298	22.7	0.973
35	2311	22.8	0.973
35	2324	22.9	0.973
35	2337	23	0.973
35	2350	23.1	0.973
35	2363	23.2	0.973
35	2376	23.3	0.973
35	2389	23.4	0.973
35	2402	23.5	0.973
35	2415	23.6	0.973
35	2428	23.7	0.973
35	2441	23.8	0.973
35	2454	23.9	0.973
35	2467	24	0.973
35	2480	24.1	0.973
35	2493	24.2	0.973
35	2506	24.3	0.973
35	2519	24.4	0.973
35	2532	24.5	0.973
35	2545	24.6	0.973
35	2558	24.7	0.973
35	2571	24.8	0.973
35	2584	24.9	0.973
35	2597	25	0.973
35	2610	25.1	0.973
35	2623	25.2	0.973
35	2636	25.3	0.973
35	2649	25.4	0.973
35	2662	25.5	0.973
35	2675	25.6	0.973
35	2688	25.7	0.973
35	2701	25.8	0.973
35	2714	25.9	0.973
35	2727	26	0.973
35	2740	26.1	0.973
35	2753	26.2	0.973
35	2766	26.3	0.973
35	2779	26.4	0.973
35	2792	26.5	0.973
35	2805	26.6	0.973
35	2818	26.7	0.973
35	2831	26.8	0.973
35	2844	26.9	0.973
35	2857	27	0.973
35	2870	27.1	0.973
35	2883	27.2	0.973
35	2896	27.3	0.973
35	2909	27.4	0.973
35	2922	27.5	0.973
35	2935	27.6	0.973
35	2948	27.7	0.973
35	2961	27.8	0.973
35	2974	27.9	0.973
35	2987	28	0.973
35	3000	28.1	0.973
35	3013	28.2	0.973
35	3026	28.3	0.973
35	3039	28.4	0.973
35	3052	28.5	0.973
35	3065	28.6	0.973
35	3078	28.7	0.973
35	3091	28.8	0.973
35	3104	28.9	0.973
35	3117	29	0.973
35	3130	29.1	0.973
35	3143	29.2	0.973
35	3156	29.3	0.973
35	3169	29.4	0.973
35	3182	29.5	0.973
35	3195	29.6	0.973
35	3208	29.7	0.973
35	3221	29.8	0.973
35	3234	29.9	0.973
35	3247	30	0.973
35	3260	30.1	0.973
35	3273	30.2	0.973
35	3286	30.3	0.973
35	3299	30.4	0.973
35	3312	30.5	0.973
35	3325	30.6	0.973
35	3338	30.7	0.973
35	3351	30.8	0.973
35	3364	30.9	0.973
35	3377	31	0.973
35	3390	31.1	0.973
35	3403	31.2	0.973
35	3416	31.3	0.973
35	3429	31.4	0.973
35	3442	31.5	0.973
35	3455	31.6	0.973
35	3468	31.7	0.973
35	3481	31.8	0.973
35	3494	31.9	0.973
35	3507	32	0.973
35	3520	32.1	0.973
35	3533	32.2	0.973
35	3546	32.3	0.973
35	3559	32.4	0.973
35	3572	32.5	0.973
35	3585	32.6	0.973
35	3598	32.7	0.973
35	3611	32.8	0.973
35	3624	32.9	0.973
35	3637	33	0.973
35	3650	33.1	0.973
35	3663	33.2	0.973
35	3676	33.3	0.973
35	3689	33.4	0.973
35	3702	33.5	0.973
35	3715	33.6	0.973
35	3728	33.7	0.973
35	3741	33.8	0.973
35	3754	33.9	0.973
35	3767	34	0.973
35	3780	34.1	0.973
35	3793	34.2	0.973
35	3806	34.3	0.973
35	3819	34.4	0.973
35	3832	34.5	0.973
35	3845	34.6	0.973
35	3858	34.7	0.973
35	3871	34.8	0.973
35	3884	34.9	0.973
35	3897	35	0.973
35	3910	35.1	0.973
35	3923	35.2	0.973
35	3936	35.3	0.973
35	3949	35.4	0.973
35	3962	35.5	0.973
35	3975	35.6	0.973
35	3988	35.7	0.973
35	4001	35.8	0.973
35	4014	35.9	0.973
35	4027	36	0.973
35	4040	36.1	0.973
35	4053	36.2	0.973
35	4066	36.3	0.973
35	4079	36.4	0.973
35	4092	36.5	0.973
35	4105	36.6	0.973
35	4118	36.7	0.973
35	4131	36.8	0.973
35	4144	36.9	0.973
35	4157	37	0.973
35	4170	37.1	0.973
35	4183	37.2	0.973
35	4196	37.3	0.973
35	4209	37.4	0.973
35	4222	37.5	0.973
35	4235	37.6	0.973
35	4248	37.7	0.973
35	4261	37.8	0.973
35	4274	37.9	0.973
35	4287	38	0.973
35	4300	38.1	0.973
35	4313	38.2	0.973
35	4326	38.3	0.973
35	4339	38.4	0.973
35	4352	38.5	0.973
35	4365	38.6	0.973
35	4378	38.7	0.973
35	4391	38.8	0.973
35	4404	38.9	0.973
35	4417	39	0.973
35	4430	39.1	0.973
35	4443	39.2	0.973
35	4456	39.3	0.973
35	4469	39.4	0.973
35	4482	39.5	0.973
35	4495	39.6	0.973
35	4508	39.7	0.973
35	4521	39.8	0.973
35	4534	39.9	0.973
35	4547	40	0.973
35	4560	40.1	0.973
35	4573	40.2	0.973
35	4586	40.3	0.973
35	4599	40.4	0.973
35	4612	40.5	0.973
35	4625	40.6	0.973
35	4638	40.7	0.973
35	4651	40.8	0.973
35	4664	40.9	0.973
35	4677	41	0.973
35	4690	41.1	0.973
35	4703	41.2	0.973
35	4716	41.3	0.973
35	4729	41.4	0.973
35	4742	41.5	0.973
35	4755	41.6	0.973
35	4768	41.7	0.973
35	4781	41.8	0.973
35	4794	41.9	0.973
35	4807	42	0.973
35	4820	42.1	0.973
35	4833	42.2	0.973
35	4846	42.3	0.973
35	4859	42.4	0.973
35	4872	42.5	0.973
35	4885	42.6	0.973
35	4898	42.7	0.973
35	4911	42.8	0.973
35	4924	42.9	0.973
35	4937	43	0.973
35	4950	43.1	0.973
35	4963	43.2	0.973
35	4976	43.3	0.973
35	4989	43.4	0.973
35	5002	43.5	0.973
35	5015	43.6	0.973
35	5028	43.7	0.973
35	5041	43.8	0.973
35	5054	43.9	0.973
35	5067	44	0.973
35	5080	44.1	0.973
35	5093	44.2	0.973
35	5106	44.3	0.973
35	5119	44.4	0.973
35	5132	44.5	0.973
35	5145	44.6	0.973
35	5158	44.7	0.973
35	5171	44.8	0.973
35	5184	44.9	0.973
35	5197	45	0.973
35	5210	45.1	0.973
35	5223	45.2	0.973
35	5236	45.3	0.973
35	5249	45.4	0.973
35	5262	45.5	0.973
35	5275	45.6	0.973
35	5288	45.7	0.973
35	5301	45.8	0.973
35	5314	45.9	0.973
35	5327	46	0.973
35	5340	46.1	0.973
35	5353	46.2	0.973
35	5366	46.3	0.973
35	5379	46.4	0.973
35	5392	46.5	0.973
35	5405	46.6	0.973
35	5418	46.7	0.973
35	5431	46.8	0.973
35	5444	46.9	0.973
35	5459	47	0.973
35	5474	47.1	1.1100048690903
35	5487	47.2	1.1100048447822
35	5500	47.3	1.1101650712569
35	5514	47.4	1.110144246652
35	5528	47.5	1.1110952017138

