version 3
run EightVehiclesBFTOverV2V-0-20260505-12:47:56-779561
attr configname EightVehiclesBFTOverV2V
attr datetime 20260505-12:47:56
attr datetimef 20260505-124756
attr experiment EightVehiclesBFTOverV2V
attr inifile /home/yash/DistributedSystemsforAVs/fourway/random_scenario.ini
attr iterationvars ""
attr iterationvarsd ""
attr iterationvarsf ""
attr measurement ""
attr network fourWay
attr processid 779561
attr repetition 0
attr replication #0
attr resultdir results
attr runnumber 0
attr seedset 0
config extends BFTOverV2V
config description "BFT test on 8-vehicle routes"
config *.manager.launchConfig "xmldoc(\"bft_8veh.launchd.xml\")"
config *.node[*].appl.intersectionX 300m
config *.node[*].appl.intersectionY 300m
config *.node[*].appl.totalVehicles 8
config *.node[0].appl.replicaId 0
config *.node[1].appl.replicaId 1
config *.node[2].appl.replicaId 2
config *.node[3].appl.replicaId 3
config *.node[4].appl.replicaId 4
config *.node[5].appl.replicaId 5
config *.node[6].appl.replicaId 6
config *.node[7].appl.replicaId 7
config *.node[*].appl.consensusTimeoutSec 400s
config *.manager.intersectionBatchSize 8
config extends WithChannelSwitching
config *.node[*].applType "\"org.car2x.veins.modules.bftsmart.V2VProxyModule\""
config *.node[0].appl.replicaId 0
config *.node[1].appl.replicaId 1
config *.node[2].appl.replicaId 2
config *.node[3].appl.replicaId 3
config *.node[*].appl.intersectionX 104m
config *.node[*].appl.intersectionY 82m
config *.node[*].appl.stopDistance 5m
config *.node[*].appl.totalVehicles 4
config *.node[*].appl.intersectionWidth 15m
config *.node[*].appl.avgSpeed 14mps
config *.node[*].appl.safetyGap 1.5s
config *.node[*].appl.stopSignTimeoutSec 10.0s
config *.node[*].appl.gatewayHost "\"\""
config *.node[*].appl.gatewayPort 0
config *.node[*].appl.carId "\"\""
config *.node[*].appl.direction "\"\""
config *.connectionManager.pMax 20mW
config *.connectionManager.sat -89dBm
config *.connectionManager.alpha 2.0
config *.connectionManager.carrierFrequency "5.890e9 Hz"
config *.node[*].nic.phy80211p.collectCollisionStatistics true
config *.node[*].nic.phy80211p.ccaThreshold -90dBm
config *.node[*].nic.mac1609_4.cwMin 3
config *.node[*].nic.mac1609_4.cwMax 7
config *.**.nic.mac1609_4.useServiceChannel false
config *.node[*].appl.dataOnSch false
config *.rsu[*].appl.dataOnSch false
config *.node[*].nic.mac1609_4.useServiceChannel false
config *.node[0].appl.gatewayHost "\"127.0.0.1\""
config *.node[0].appl.gatewayPort 9001
config *.node[0].appl.carId "\"CAR_0\""
config *.node[0].appl.direction "\"straight\""
config *.node[0].appl.stopDistance 50m
config *.node[0].appl.intersectionX 104m
config *.node[0].appl.intersectionY 82m
config *.node[1].appl.gatewayHost "\"127.0.0.1\""
config *.node[1].appl.gatewayPort 9002
config *.node[1].appl.carId "\"CAR_1\""
config *.node[1].appl.direction "\"right\""
config *.node[1].appl.stopDistance 50m
config *.node[1].appl.intersectionX 104m
config *.node[1].appl.intersectionY 82m
config *.node[2].appl.gatewayHost "\"127.0.0.1\""
config *.node[2].appl.gatewayPort 9003
config *.node[2].appl.carId "\"CAR_2\""
config *.node[2].appl.direction "\"left\""
config *.node[2].appl.stopDistance 50m
config *.node[2].appl.intersectionX 104m
config *.node[2].appl.intersectionY 82m
config *.node[3].appl.gatewayHost "\"127.0.0.1\""
config *.node[3].appl.gatewayPort 9004
config *.node[3].appl.carId "\"CAR_3\""
config *.node[3].appl.direction "\"right\""
config *.node[3].appl.stopDistance 50m
config *.node[3].appl.intersectionX 104m
config *.node[3].appl.intersectionY 82m
config scheduler-class omnetpp::cRealTimeScheduler
config realtimescheduler-scaling 1
config cmdenv-express-mode true
config cmdenv-autoflush false
config cmdenv-status-frequency 1s
config **.cmdenv-log-level info
config image-path ../../images
config network fourWay
config debug-on-errors true
config print-undisposed true
config sim-time-limit 50000s
config *.node[*].appl.leaderReplicaId 0
config **.scalar-recording true
config **.vector-recording true
config *.playgroundSizeX 2500m
config *.playgroundSizeY 2500m
config *.playgroundSizeZ 50m
config *.annotations.draw true
config *.obstacles.debug false
config *.manager.updateInterval 0.1s
config *.manager.host "\"localhost\""
config *.manager.port 9999
config *.manager.autoShutdown true
config *.manager.shutdownOnIntersectionBatchCleared true
config *.manager.intersectionDepartureMinMeters 20m
config *.manager.launchConfig "xmldoc(\"osm.launchd.xml\")"
config *.manager.trafficLightModuleType "\"org.car2x.veins.nodes.TrafficLight\""
config *.tls[*].mobility.x 0
config *.tls[*].mobility.y 0
config *.tls[*].mobility.z 5
config *.tls[*].applType "\"org.car2x.veins.modules.application.traci.TraCIDemoTrafficLightApp\""
config *.tls[*].logicType "\"org.car2x.veins.modules.world.traci.trafficLight.logics.TraCITrafficLightSimpleLogic\""
config *.rsu[0].mobility.x 2000
config *.rsu[0].mobility.y 2000
config *.rsu[0].mobility.z 3
config *.rsu[*].applType "\"TraCIDemoRSU11p\""
config *.rsu[*].appl.headerLength "80 bit"
config *.rsu[*].appl.sendBeacons false
config *.rsu[*].appl.dataOnSch false
config *.rsu[*].appl.beaconInterval 1s
config *.rsu[*].appl.beaconUserPriority 7
config *.rsu[*].appl.dataUserPriority 5
config *.rsu[*].nic.phy80211p.antennaOffsetZ "1.5 m"
config *.connectionManager.sendDirect true
config *.connectionManager.maxInterfDist 2600m
config *.connectionManager.drawMaxIntfDist false
config *.connectionManagerName "\"connectionManager\""
config *.**.nic.mac1609_4.useServiceChannel false
config *.**.nic.phy80211p.txPower 20mW
config *.**.nic.mac1609_4.txPower 20mW
config *.**.nic.mac1609_4.bitrate 6Mbps
config *.**.nic.phy80211p.minPowerLevel -110dBm
config *.**.nic.mac1609_4.queueSize 1024
config *.**.nic.phy80211p.useNoiseFloor true
config *.**.nic.phy80211p.noiseFloor -98dBm
config *.**.nic.phy80211p.decider "xmldoc(\"config.xml\")"
config *.**.nic.phy80211p.analogueModels "xmldoc(\"config.xml\")"
config *.**.nic.phy80211p.usePropagationDelay true
config *.**.nic.phy80211p.antenna "xmldoc(\"antenna.xml\", \"/root/Antenna[@id='monopole']\")"
config *.node[*].nic.phy80211p.antennaOffsetY "1.895 m"
config *.node[*].nic.phy80211p.antennaOffsetZ "1.895 m"
config *.node[*].applType "\"src.IntersectionApp\""
config *.node[*].appl.headerLength "80 bit"
config *.node[*].appl.sendBeacons false
config *.node[*].appl.dataOnSch false
config *.node[*].appl.beaconInterval 1s
config *.node[*].nic.phy80211p.connectionManagerName "\"connectionManager\""
config *.node[*].veinsmobility.x 0
config *.node[*].veinsmobility.y 0
config *.node[*].veinsmobility.z 0
config *.node[*].veinsmobility.setHostSpeed false
config *.node[0].veinsmobility.accidentCount 0
config *.node[0].veinsmobility.accidentStart 73s
config *.node[0].veinsmobility.accidentDuration 50s
config *.node[*].appl.ambulanceReplicaId -1
config *.node[4].appl.isByzantine true
config *.node[4].appl.byzantineType 1
config *.node[1].appl.isByzantine true
config *.node[1].appl.byzantineType 1

vector 0 fourWay.node[0].appl bftMsgSent:vector ETV
attr recordingmode vector
attr source bftMsgSent
attr title "BFT messages sent"
vector 1 fourWay.node[0].appl bftMsgReceived:vector ETV
attr recordingmode vector
attr source bftMsgReceived
attr title "BFT messages received"
vector 2 fourWay.node[0].nic.phy80211p RadioState ETV
vector 3 fourWay.node[0].nic.phy80211p RadioChannel ETV
vector 4 fourWay.manager posx ETV
vector 5 fourWay.manager posy ETV
vector 6 fourWay.node[1].appl bftMsgSent:vector ETV
attr recordingmode vector
attr source bftMsgSent
attr title "BFT messages sent"
vector 7 fourWay.node[1].appl bftMsgReceived:vector ETV
attr recordingmode vector
attr source bftMsgReceived
attr title "BFT messages received"
vector 8 fourWay.node[1].nic.phy80211p RadioState ETV
vector 9 fourWay.node[1].nic.phy80211p RadioChannel ETV
vector 10 fourWay.manager posx ETV
vector 11 fourWay.manager posy ETV
vector 12 fourWay.node[2].appl bftMsgSent:vector ETV
attr recordingmode vector
attr source bftMsgSent
attr title "BFT messages sent"
vector 13 fourWay.node[2].appl bftMsgReceived:vector ETV
attr recordingmode vector
attr source bftMsgReceived
attr title "BFT messages received"
vector 14 fourWay.node[2].nic.phy80211p RadioState ETV
vector 15 fourWay.node[2].nic.phy80211p RadioChannel ETV
vector 16 fourWay.manager posx ETV
vector 17 fourWay.manager posy ETV
vector 18 fourWay.node[3].appl bftMsgSent:vector ETV
attr recordingmode vector
attr source bftMsgSent
attr title "BFT messages sent"
vector 19 fourWay.node[3].appl bftMsgReceived:vector ETV
attr recordingmode vector
attr source bftMsgReceived
attr title "BFT messages received"
vector 20 fourWay.node[3].nic.phy80211p RadioState ETV
vector 21 fourWay.node[3].nic.phy80211p RadioChannel ETV
vector 22 fourWay.manager posx ETV
vector 23 fourWay.manager posy ETV
vector 24 fourWay.node[4].appl bftMsgSent:vector ETV
attr recordingmode vector
attr source bftMsgSent
attr title "BFT messages sent"
vector 25 fourWay.node[4].appl bftMsgReceived:vector ETV
attr recordingmode vector
attr source bftMsgReceived
attr title "BFT messages received"
vector 26 fourWay.node[4].nic.phy80211p RadioState ETV
vector 27 fourWay.node[4].nic.phy80211p RadioChannel ETV
vector 28 fourWay.manager posx ETV
vector 29 fourWay.manager posy ETV
vector 30 fourWay.manager speed ETV
vector 31 fourWay.manager speed ETV
vector 32 fourWay.manager speed ETV
vector 33 fourWay.manager speed ETV
vector 34 fourWay.manager speed ETV
vector 35 fourWay.manager acceleration ETV
vector 36 fourWay.manager co2emission ETV
vector 37 fourWay.manager acceleration ETV
vector 38 fourWay.manager co2emission ETV
vector 39 fourWay.manager acceleration ETV
vector 40 fourWay.manager co2emission ETV
vector 41 fourWay.manager acceleration ETV
vector 42 fourWay.manager co2emission ETV
vector 43 fourWay.manager acceleration ETV
vector 44 fourWay.manager co2emission ETV
vector 45 fourWay.node[5].appl bftMsgSent:vector ETV
attr recordingmode vector
attr source bftMsgSent
attr title "BFT messages sent"
vector 46 fourWay.node[5].appl bftMsgReceived:vector ETV
attr recordingmode vector
attr source bftMsgReceived
attr title "BFT messages received"
vector 47 fourWay.node[5].nic.phy80211p RadioState ETV
vector 48 fourWay.node[5].nic.phy80211p RadioChannel ETV
vector 49 fourWay.manager posx ETV
vector 50 fourWay.manager posy ETV
vector 51 fourWay.node[6].appl bftMsgSent:vector ETV
attr recordingmode vector
attr source bftMsgSent
attr title "BFT messages sent"
vector 52 fourWay.node[6].appl bftMsgReceived:vector ETV
attr recordingmode vector
attr source bftMsgReceived
attr title "BFT messages received"
vector 53 fourWay.node[6].nic.phy80211p RadioState ETV
vector 54 fourWay.node[6].nic.phy80211p RadioChannel ETV
vector 55 fourWay.manager posx ETV
vector 56 fourWay.manager posy ETV
vector 57 fourWay.manager speed ETV
vector 58 fourWay.manager acceleration ETV
vector 59 fourWay.manager co2emission ETV
vector 60 fourWay.manager speed ETV
vector 61 fourWay.node[7].appl bftMsgSent:vector ETV
attr recordingmode vector
attr source bftMsgSent
attr title "BFT messages sent"
vector 62 fourWay.node[7].appl bftMsgReceived:vector ETV
attr recordingmode vector
attr source bftMsgReceived
attr title "BFT messages received"
vector 63 fourWay.node[7].nic.phy80211p RadioState ETV
vector 64 fourWay.node[7].nic.phy80211p RadioChannel ETV
vector 65 fourWay.manager posx ETV
vector 66 fourWay.manager posy ETV
vector 67 fourWay.manager acceleration ETV
vector 68 fourWay.manager co2emission ETV
vector 69 fourWay.manager speed ETV
vector 70 fourWay.manager acceleration ETV
vector 71 fourWay.manager co2emission ETV
0	3884	2.5	1
0	3940	2.500648113257	2
0	4143	2.525606145685	3
0	4172	2.525896211703	4
0	4848	2.576035236698	5
0	5003	2.57800729606	6
0	7117	2.876157710241	7
0	32472	13.55	8
0	32472	13.55	9
0	32647	13.585029515276	10
0	32674	13.589073154158	12
0	32838	13.6	14
0	33658	13.65	15
0	33683	13.651155797762	16
0	34017	13.668074002238	18
0	34982	13.7	20
1	32801	13.598764240864	1
1	32937	13.606675325054	2
1	32984	13.608133439149	3
1	33048	13.612204521934	4
1	33101	13.613623641125	5
1	33163	13.616303849808	6
1	33209	13.617735944185	7
1	33275	13.621495152868	8
1	33319	13.622927155991	9
1	33374	13.625529266808	10
1	33428	13.627091308401	11
1	33485	13.631461419218	12
1	33545	13.634076664256	13
1	33604	13.637211664256	14
1	33802	13.657041779756	15
1	33860	13.660504779756	16
1	33917	13.662694862541	17
1	33976	13.667237981732	18
1	34031	13.668868000797	19
1	34148	13.672604299419	20
1	34191	13.674447414408	21
1	34245	13.675700576923	22
1	34301	13.677591649345	23
1	34354	13.679508673572	24
1	34415	13.680774894878	25
1	34461	13.682691984825	26
1	34514	13.683958026418	27
1	34577	13.685819213499	28
1	34623	13.687710307876	29
1	34680	13.689601727268	30
1	34728	13.69086772811	31
1	34789	13.694695769703	32
1	34845	13.695949119894	33
1	34898	13.697840119894	34
1	34949	13.699731120736	35
4	2	0.1	25
4	110	0.2	26.546822000267
4	239	0.3	28.096985809463
4	376	0.4	29.635071137081
4	511	0.5	31.181421507208
4	655	0.6	32.721948139142
4	805	0.7	34.264540173662
4	957	0.8	35.802251563606
4	1107	0.9	37.344388760103
4	1255	1	38.892223309047
4	1407	1.1	40.438280019974
4	1562	1.2	41.987040798342
4	1720	1.3	43.534717810906
4	1867	1.4	45.073449651487
4	2020	1.5	46.612055420588
4	2169	1.6	48.161703819902
4	2318	1.7	49.700074228758
4	2474	1.8	51.249635603395
4	2625	1.9	52.789302016182
4	2794	2	54.332776765139
4	2991	2.1	55.882155268853
4	3192	2.2	57.427724856397
4	3418	2.3	58.969574270654
4	3647	2.4	60.514535773322
4	3879	2.5	62.064505041316
4	5262	2.6	63.612520023465
4	6415	2.7	65.157254150119
4	6898	2.8	66.706981397516
4	7228	2.9	68.253653722827
4	7715	3	69.791927221127
4	8047	3.1	71.338791377053
4	8280	3.2	72.885852060977
4	8513	3.3	74.431098913914
4	8749	3.4	75.970901738653
4	8983	3.5	77.514855330048
4	9213	3.6	79.061892850081
4	9444	3.7	80.608011102344
4	9680	3.8	82.145883668336
4	9914	3.9	83.694028408849
4	10148	4	85.241419570623
4	10382	4.1	86.782984299508
4	10622	4.2	88.328533840944
4	10857	4.3	89.873075789118
4	11088	4.4	91.414838564271
4	11322	4.5	92.964264766465
4	11555	4.6	94.511763250117
4	11792	4.7	96.05551198471
4	12023	4.8	97.605154167919
4	12263	4.9	99.154521790872
4	12501	5	100.70397090865
4	12733	5.1	102.25031520147
4	12968	5.2	103.78901415727
4	13197	5.3	105.32873898707
4	13427	5.4	106.8695286436
4	13657	5.5	108.41396904407
4	13884	5.6	109.95323452721
4	14114	5.7	111.50014448444
4	14346	5.8	113.04962391515
4	14573	5.9	114.59822486597
4	14805	6	116.1423335879
4	15043	6.1	117.68892603278
4	15275	6.2	119.23554376339
4	15508	6.3	120.78598843348
4	15741	6.4	122.32899610976
4	15976	6.5	123.87019867495
4	16212	6.6	125.41544494962
4	16447	6.7	126.96386711503
4	16685	6.8	128.51167382817
4	16928	6.9	130.0523329288
4	17163	7	131.59822238289
4	17390	7.1	133.14373141808
4	17631	7.2	134.68447111178
4	17865	7.3	136.22373513668
4	18094	7.4	137.76453071413
4	18326	7.5	139.30990474841
4	18556	7.6	140.85498441019
4	18788	7.7	142.39832862464
4	19024	7.8	143.94281804591
4	19258	7.9	145.48215834704
4	19493	8	147.02199050958
4	19724	8.1	148.57156863114
4	19960	8.2	150.11794076436
4	20189	8.3	151.66301644605
4	20425	8.4	153.20495969864
4	20658	8.5	154.74729072667
4	20889	8.6	156.29113422841
4	21122	8.7	157.83707881645
4	21358	8.8	159.38707048138
4	21588	8.9	160.93713119478
4	21830	9	162.47752856042
4	22068	9.1	164.02572623721
4	22304	9.2	165.5710292229
4	22543	9.3	167.11083774436
4	22778	9.4	168.65567094772
4	23001	9.5	170.19915894233
4	23244	9.6	171.74950077897
4	23477	9.7	173.29442314563
4	23711	9.8	174.83893020785
4	23947	9.9	176.38532722907
4	24175	10	177.92782311353
4	24403	10.1	179.47536077789
4	24639	10.2	181.02392919245
4	24881	10.3	182.56959613745
4	25111	10.4	184.11190021987
4	25345	10.5	185.65776016686
4	25579	10.6	187.20112486397
4	25810	10.7	188.74149623008
4	26042	10.8	190.28316709422
4	26279	10.9	191.81971927627
4	26514	11	193.31334519426
4	26750	11.1	194.76768818665
4	26985	11.2	196.17703117905
4	27220	11.3	197.54137417144
4	27449	11.4	198.86071716384
4	27678	11.5	200.13506015623
4	27915	11.6	201.36440314862
4	28143	11.7	202.55005272596
4	28377	11.8	203.69417200696
4	28614	11.9	204.79329128796
4	28846	12	205.84773105846
4	29075	12.1	206.85717082895
4	29302	12.2	207.82161059944
4	29539	12.3	208.74105036993
4	29773	12.4	209.61549014042
4	30002	12.5	210.44492991092
4	30246	12.6	211.22936968141
4	30476	12.7	211.9688094519
4	30709	12.8	212.66324922239
4	30941	12.9	213.31268899288
4	31175	13	213.91712876338
4	31401	13.1	214.47656853387
4	31641	13.2	214.99100830436
4	31875	13.3	215.46044807485
4	32113	13.4	215.88488784535
4	32345	13.5	216.26432761584
4	32826	13.6	216.59876738633
4	34970	13.7	216.88820715682
4	35056	13.8	219.88820715682
4	35135	13.9	222.88820715682
4	35164	14	225.88820715682
4	35193	14.1	228.88820715682
4	35222	14.2	231.88820715682
4	35251	14.3	234.88820715682
4	35280	14.4	237.88820715682
4	35359	14.5	240.88820715682
4	35386	14.6	243.88820715682
4	35413	14.7	246.88820715682
4	35440	14.8	249.88820715682
4	35515	14.9	252.88820715682
4	35540	15	255.88820715682
4	35565	15.1	258.88820715682
4	35590	15.2	261.88820715682
4	35615	15.3	264.88820715682
4	35640	15.4	267.88820715682
4	35715	15.5	270.88820715682
4	35786	15.6	273.88820715682
4	35807	15.7	276.88820715682
4	35828	15.8	279.88820715682
4	35849	15.9	282.88820715682
4	35870	16	285.88820715682
4	35891	16.1	288.88820715682
4	35912	16.2	291.88820715682
4	35933	16.3	294.88820715682
4	36004	16.4	297.88820715682
4	36071	16.5	300.88820715682
4	36088	16.6	303.88820715682
4	36105	16.7	306.88820715682
4	36122	16.8	309.88820715682
4	36139	16.9	312.88820715682
4	36156	17	315.88820715682
4	36173	17.1	318.88820715682
4	36190	17.2	321.88820715682
4	36207	17.3	324.88820715682
4	36224	17.4	327.88820715682
4	36241	17.5	330.88820715682
4	36258	17.6	333.88820715682
4	36275	17.7	336.88820715682
4	36292	17.8	339.88820715682
4	36309	17.9	342.88820715682
4	36326	18	345.88820715682
4	36343	18.1	348.88820715682
4	36360	18.2	351.88820715682
4	36377	18.3	354.88820715682
5	2	0.1	226.6
5	110	0.2	226.6
5	239	0.3	226.6
5	376	0.4	226.6
5	511	0.5	226.6
5	655	0.6	226.6
5	805	0.7	226.6
5	957	0.8	226.6
5	1107	0.9	226.6
5	1255	1	226.6
5	1407	1.1	226.6
5	1562	1.2	226.6
5	1720	1.3	226.6
5	1867	1.4	226.6
5	2020	1.5	226.6
5	2169	1.6	226.6
5	2318	1.7	226.6
5	2474	1.8	226.6
5	2625	1.9	226.6
5	2794	2	226.6
5	2991	2.1	226.6
5	3192	2.2	226.6
5	3418	2.3	226.6
5	3647	2.4	226.6
5	3879	2.5	226.6
5	5262	2.6	226.6
5	6415	2.7	226.6
5	6898	2.8	226.6
5	7228	2.9	226.6
5	7715	3	226.6
5	8047	3.1	226.6
5	8280	3.2	226.6
5	8513	3.3	226.6
5	8749	3.4	226.6
5	8983	3.5	226.6
5	9213	3.6	226.6
5	9444	3.7	226.6
5	9680	3.8	226.6
5	9914	3.9	226.6
5	10148	4	226.6
5	10382	4.1	226.6
5	10622	4.2	226.6
5	10857	4.3	226.6
5	11088	4.4	226.6
5	11322	4.5	226.6
5	11555	4.6	226.6
5	11792	4.7	226.6
5	12023	4.8	226.6
5	12263	4.9	226.6
5	12501	5	226.6
5	12733	5.1	226.6
5	12968	5.2	226.6
5	13197	5.3	226.6
5	13427	5.4	226.6
5	13657	5.5	226.6
5	13884	5.6	226.6
5	14114	5.7	226.6
5	14346	5.8	226.6
5	14573	5.9	226.6
5	14805	6	226.6
5	15043	6.1	226.6
5	15275	6.2	226.6
5	15508	6.3	226.6
5	15741	6.4	226.6
5	15976	6.5	226.6
5	16212	6.6	226.6
5	16447	6.7	226.6
5	16685	6.8	226.6
5	16928	6.9	226.6
5	17163	7	226.6
5	17390	7.1	226.6
5	17631	7.2	226.6
5	17865	7.3	226.6
5	18094	7.4	226.6
5	18326	7.5	226.6
5	18556	7.6	226.6
5	18788	7.7	226.6
5	19024	7.8	226.6
5	19258	7.9	226.6
5	19493	8	226.6
5	19724	8.1	226.6
5	19960	8.2	226.6
5	20189	8.3	226.6
5	20425	8.4	226.6
5	20658	8.5	226.6
5	20889	8.6	226.6
5	21122	8.7	226.6
5	21358	8.8	226.6
5	21588	8.9	226.6
5	21830	9	226.6
5	22068	9.1	226.6
5	22304	9.2	226.6
5	22543	9.3	226.6
5	22778	9.4	226.6
5	23001	9.5	226.6
5	23244	9.6	226.6
5	23477	9.7	226.6
5	23711	9.8	226.6
5	23947	9.9	226.6
5	24175	10	226.6
5	24403	10.1	226.6
5	24639	10.2	226.6
5	24881	10.3	226.6
5	25111	10.4	226.6
5	25345	10.5	226.6
5	25579	10.6	226.6
5	25810	10.7	226.6
5	26042	10.8	226.6
5	26279	10.9	226.6
5	26514	11	226.6
5	26750	11.1	226.6
5	26985	11.2	226.6
5	27220	11.3	226.6
5	27449	11.4	226.6
5	27678	11.5	226.6
5	27915	11.6	226.6
5	28143	11.7	226.6
5	28377	11.8	226.6
5	28614	11.9	226.6
5	28846	12	226.6
5	29075	12.1	226.6
5	29302	12.2	226.6
5	29539	12.3	226.6
5	29773	12.4	226.6
5	30002	12.5	226.6
5	30246	12.6	226.6
5	30476	12.7	226.6
5	30709	12.8	226.6
5	30941	12.9	226.6
5	31175	13	226.6
5	31401	13.1	226.6
5	31641	13.2	226.6
5	31875	13.3	226.6
5	32113	13.4	226.6
5	32345	13.5	226.6
5	32826	13.6	226.6
5	34970	13.7	226.6
5	35056	13.8	226.6
5	35135	13.9	226.6
5	35164	14	226.6
5	35193	14.1	226.6
5	35222	14.2	226.6
5	35251	14.3	226.6
5	35280	14.4	226.6
5	35359	14.5	226.6
5	35386	14.6	226.6
5	35413	14.7	226.6
5	35440	14.8	226.6
5	35515	14.9	226.6
5	35540	15	226.6
5	35565	15.1	226.6
5	35590	15.2	226.6
5	35615	15.3	226.6
5	35640	15.4	226.6
5	35715	15.5	226.6
5	35786	15.6	226.6
5	35807	15.7	226.6
5	35828	15.8	226.6
5	35849	15.9	226.6
5	35870	16	226.6
5	35891	16.1	226.6
5	35912	16.2	226.6
5	35933	16.3	226.6
5	36004	16.4	226.6
5	36071	16.5	226.6
5	36088	16.6	226.6
5	36105	16.7	226.6
5	36122	16.8	226.6
5	36139	16.9	226.6
5	36156	17	226.6
5	36173	17.1	226.6
5	36190	17.2	226.6
5	36207	17.3	226.6
5	36224	17.4	226.6
5	36241	17.5	226.6
5	36258	17.6	226.6
5	36275	17.7	226.6
5	36292	17.8	226.6
5	36309	17.9	226.6
5	36326	18	226.6
5	36343	18.1	226.6
5	36360	18.2	226.6
5	36377	18.3	226.6
6	3885	2.5	1
6	3924	2.500647793851	2
6	3974	2.501185888751	3
6	4127	2.525605858389	4
6	4176	2.525896978149	5
6	4840	2.576034469877	6
6	7129	2.876158044325	7
6	32768	13.595064486247	8
6	32839	13.6	10
6	33659	13.65	11
6	33827	13.657462408902	12
6	33964	13.666944222605	14
6	35288	14.4	16
7	32518	13.556219167868	1
7	32686	13.591204167868	2
7	32738	13.592431167868	3
7	32805	13.59876428342	4
7	32874	13.601642282959	5
7	32988	13.608133479839	6
7	33097	13.613623618095	7
7	33155	13.616303814587	8
7	33205	13.617735921155	9
7	33267	13.621495117647	10
7	33315	13.622927138123	11
7	33378	13.625529281959	12
7	33424	13.627091290533	13
7	33489	13.631461434369	14
7	33553	13.634076678872	15
7	33612	13.637211678872	16
7	33694	13.652801706351	17
7	33747	13.654028706351	18
7	33806	13.657041820446	19
7	33864	13.660504820446	20
7	33972	13.667237958702	21
7	34084	13.670743042892	22
7	34140	13.672604264198	23
7	34195	13.674447455098	24
7	34241	13.675700553893	25
7	34297	13.677591631477	26
7	34407	13.680774859657	27
7	34465	13.682691999976	28
7	34510	13.68395800855	29
7	34569	13.685819178278	30
7	34619	13.687710284846	31
7	34688	13.689601741884	32
7	34732	13.690867743261	33
7	34785	13.694695751835	34
7	34853	13.69594913451	35
7	34906	13.69784013451	36
7	34953	13.699731135887	37
10	2	0.1	226.6
10	110	0.2	226.6
10	239	0.3	226.6
10	376	0.4	226.6
10	511	0.5	226.6
10	655	0.6	226.6
10	805	0.7	226.6
10	957	0.8	226.6
10	1107	0.9	226.6
10	1255	1	226.6
10	1407	1.1	226.6
10	1562	1.2	226.6
10	1720	1.3	226.6
10	1867	1.4	226.6
10	2020	1.5	226.6
10	2169	1.6	226.6
10	2318	1.7	226.6
10	2474	1.8	226.6
10	2625	1.9	226.6
10	2794	2	226.6
10	2991	2.1	226.6
10	3192	2.2	226.6
10	3418	2.3	226.6
10	3647	2.4	226.6
10	3879	2.5	226.6
10	5262	2.6	226.6
10	6415	2.7	226.6
10	6898	2.8	226.6
10	7228	2.9	226.6
10	7715	3	226.6
10	8047	3.1	226.6
10	8280	3.2	226.6
10	8513	3.3	226.6
10	8749	3.4	226.6
10	8983	3.5	226.6
10	9213	3.6	226.6
10	9444	3.7	226.6
10	9680	3.8	226.6
10	9914	3.9	226.6
10	10148	4	226.6
10	10382	4.1	226.6
10	10622	4.2	226.6
10	10857	4.3	226.6
10	11088	4.4	226.6
10	11322	4.5	226.6
10	11555	4.6	226.6
10	11792	4.7	226.6
10	12023	4.8	226.6
10	12263	4.9	226.6
10	12501	5	226.6
10	12733	5.1	226.6
10	12968	5.2	226.6
10	13197	5.3	226.6
10	13427	5.4	226.6
10	13657	5.5	226.6
10	13884	5.6	226.6
10	14114	5.7	226.6
10	14346	5.8	226.6
10	14573	5.9	226.6
10	14805	6	226.6
10	15043	6.1	226.6
10	15275	6.2	226.6
10	15508	6.3	226.6
10	15741	6.4	226.6
10	15976	6.5	226.6
10	16212	6.6	226.6
10	16447	6.7	226.6
10	16685	6.8	226.6
10	16928	6.9	226.6
10	17163	7	226.6
10	17390	7.1	226.6
10	17631	7.2	226.6
10	17865	7.3	226.6
10	18094	7.4	226.6
10	18326	7.5	226.6
10	18556	7.6	226.6
10	18788	7.7	226.6
10	19024	7.8	226.6
10	19258	7.9	226.6
10	19493	8	226.6
10	19724	8.1	226.6
10	19960	8.2	226.6
10	20189	8.3	226.6
10	20425	8.4	226.6
10	20658	8.5	226.6
10	20889	8.6	226.6
10	21122	8.7	226.6
10	21358	8.8	226.6
10	21588	8.9	226.6
10	21830	9	226.6
10	22068	9.1	226.6
10	22304	9.2	226.6
10	22543	9.3	226.6
10	22778	9.4	226.6
10	23001	9.5	226.6
10	23244	9.6	226.6
10	23477	9.7	226.6
10	23711	9.8	226.6
10	23947	9.9	226.6
10	24175	10	226.6
10	24403	10.1	226.6
10	24639	10.2	226.6
10	24881	10.3	226.6
10	25111	10.4	226.6
10	25345	10.5	226.6
10	25579	10.6	226.6
10	25810	10.7	226.6
10	26042	10.8	226.6
10	26279	10.9	226.6
10	26514	11	226.6
10	26750	11.1	226.6
10	26985	11.2	226.6
10	27220	11.3	226.6
10	27449	11.4	226.6
10	27678	11.5	226.6
10	27915	11.6	226.6
10	28143	11.7	226.6
10	28377	11.8	226.6
10	28614	11.9	226.6
10	28846	12	226.6
10	29075	12.1	226.6
10	29302	12.2	226.6
10	29539	12.3	226.6
10	29773	12.4	226.6
10	30002	12.5	226.6
10	30246	12.6	226.6
10	30476	12.7	226.6
10	30709	12.8	226.6
10	30941	12.9	226.6
10	31175	13	226.6
10	31401	13.1	226.6
10	31641	13.2	226.6
10	31875	13.3	226.6
10	32113	13.4	226.6
10	32345	13.5	226.6
10	32826	13.6	226.6
10	34970	13.7	226.6
10	35056	13.8	226.6
10	35135	13.9	226.6
10	35164	14	226.6
10	35193	14.1	226.6
10	35222	14.2	226.6
10	35251	14.3	226.6
10	35280	14.4	226.6
10	35359	14.5	226.6
10	35386	14.6	226.6
10	35413	14.7	226.6
10	35440	14.8	226.6
10	35515	14.9	226.6
10	35540	15	226.6
10	35565	15.1	226.6
10	35590	15.2	226.6
10	35615	15.3	226.6
10	35640	15.4	226.6
10	35715	15.5	226.6
10	35786	15.6	226.6
10	35807	15.7	226.6
10	35828	15.8	226.6
10	35849	15.9	226.6
10	35870	16	226.6
10	35891	16.1	226.6
10	35912	16.2	226.6
10	35933	16.3	226.6
10	36004	16.4	226.6
10	36071	16.5	226.6
10	36088	16.6	226.6
10	36105	16.7	226.6
10	36122	16.8	226.6
10	36139	16.9	226.6
10	36156	17	226.6
10	36173	17.1	226.6
10	36190	17.2	226.6
10	36207	17.3	226.6
10	36224	17.4	226.6
10	36241	17.5	226.6
10	36258	17.6	226.6
10	36275	17.7	226.6
10	36292	17.8	226.6
10	36309	17.9	226.6
10	36326	18	226.6
10	36343	18.1	226.6
10	36360	18.2	226.6
10	36377	18.3	226.6
11	2	0.1	425
11	110	0.2	423.5777038659
11	239	0.3	422.15895457964
11	376	0.4	420.73323431002
11	511	0.5	419.30540164974
11	655	0.6	417.88335127253
11	805	0.7	416.45800233528
11	957	0.8	415.02945979473
11	1107	0.9	413.60714959874
11	1255	1	412.18899350031
11	1407	1.1	410.76750688752
11	1562	1.2	409.34134349143
11	1720	1.3	407.91847441203
11	1867	1.4	406.50069717485
11	2020	1.5	405.08208329081
11	2169	1.6	403.65446904341
11	2318	1.7	402.23285550576
11	2474	1.8	400.80979953125
11	2625	1.9	399.37943631605
11	2794	2	397.95405328737
11	2991	2.1	396.52910619364
11	3192	2.2	395.1007374128
11	3418	2.3	393.67330637565
11	3647	2.4	392.25530234062
11	3879	2.5	390.82557593116
11	5262	2.6	389.40177895534
11	6415	2.7	387.97411769495
11	6898	2.8	386.5472356009
11	7228	2.9	385.12304403579
11	7715	3	383.69315483748
11	8047	3.1	382.27373120993
11	8280	3.2	380.85578575839
11	8513	3.3	379.42543800315
11	8749	3.4	377.99706694628
11	8983	3.5	376.57060314205
11	9213	3.6	375.14681490678
11	9444	3.7	373.72825221212
11	9680	3.8	372.31009225602
11	9914	3.9	370.89234373228
11	10148	4	369.47141451079
11	10382	4.1	368.04577891245
11	10622	4.2	366.61999683068
11	10857	4.3	365.19763074101
11	11088	4.4	363.76899934495
11	11322	4.5	362.3509290503
11	11555	4.6	360.93293578046
11	11792	4.7	359.50300291166
11	12023	4.8	358.07574922118
11	12263	4.9	356.64776438776
11	12501	5	355.22053525572
11	12733	5.1	353.79270799829
11	12968	5.2	352.36299012982
11	13197	5.3	350.93753455131
11	13427	5.4	349.51130673895
11	13657	5.5	348.09055182536
11	13884	5.6	346.66973738211
11	14114	5.7	345.24327051668
11	14346	5.8	343.81374559146
11	14573	5.9	342.38980850606
11	14805	6	340.96726998238
11	15043	6.1	339.54089367206
11	15275	6.2	338.11158549043
11	15508	6.3	336.68933520318
11	15741	6.4	335.26206503042
11	15976	6.5	333.83745110405
11	16212	6.6	332.4123141868
11	16447	6.7	330.98839267312
11	16685	6.8	329.56640901893
11	16928	6.9	328.14865041707
11	17163	7	326.72594034514
11	17390	7.1	325.29931347803
11	17631	7.2	323.8728674701
11	17865	7.3	322.45237649173
11	18094	7.4	321.03357756601
11	18326	7.5	319.61423593419
11	18556	7.6	318.18893682678
11	18788	7.7	316.7611953335
11	19024	7.8	315.33866786255
11	19258	7.9	313.90811480583
11	19493	8	312.48321310402
11	19724	8.1	311.06372144553
11	19960	8.2	309.64107878067
11	20189	8.3	308.21456776034
11	20425	8.4	306.79335786568
11	20658	8.5	305.36400136235
11	20889	8.6	303.93616286532
11	21122	8.7	302.50576854194
11	21358	8.8	301.0829645029
11	21588	8.9	299.66017319926
11	21830	9	298.22968425855
11	22068	9.1	296.80067619577
11	22304	9.2	295.37789323445
11	22543	9.3	293.9548040041
11	22778	9.4	292.52988269766
11	23001	9.5	291.10291966992
11	23244	9.6	289.67454946925
11	23477	9.7	288.2455258012
11	23711	9.8	286.817512678
11	23947	9.9	285.39812129879
11	24175	10	283.97268390893
11	24403	10.1	282.54241664549
11	24639	10.2	281.115966351
11	24881	10.3	279.69340076167
11	25111	10.4	278.26513946658
11	25345	10.5	276.84028871219
11	25579	10.6	275.41333274551
11	25810	10.7	273.99185706921
11	26042	10.8	272.56937594751
11	26279	10.9	271.14493582769
11	26514	11	269.72485133167
11	26750	11.1	268.29572250491
11	26985	11.2	266.87176868695
11	27220	11.3	265.44522125588
11	27449	11.4	264.02339145343
11	27678	11.5	262.59305880983
11	27915	11.6	261.17371077637
11	28143	11.7	259.75015693309
11	28377	11.8	258.33130944355
11	28614	11.9	256.90821483852
11	28846	12	255.47844592902
11	29075	12.1	254.04984354695
11	29302	12.2	252.62825443375
11	29539	12.3	251.20101716655
11	29773	12.4	249.78253756742
11	30002	12.5	248.35194725486
11	30246	12.6	246.92980324728
11	30476	12.7	245.5101809458
11	30709	12.8	244.09209854291
11	30941	12.9	242.66838671498
11	31175	13	241.24987942507
11	31401	13.1	239.82793589817
11	31641	13.2	238.40667931232
11	31875	13.3	236.9857189615
11	32113	13.4	235.55747466132
11	32345	13.5	234.13486033703
11	32826	13.6	232.70710215547
11	34970	13.7	231.27742359186
11	35056	13.8	229.85778822187
11	35135	13.9	228.43769476773
11	35164	14	227.10760131359
11	35193	14.1	225.86750785945
11	35222	14.2	224.60212112715
11	35251	14.3	223.31217721705
11	35280	14.4	222.00093330675
11	35359	14.5	219.00093330675
11	35386	14.6	216.00093330675
11	35413	14.7	213.00093330675
11	35440	14.8	210.00093330675
11	35515	14.9	207.00093330675
11	35540	15	204.00093330675
11	35565	15.1	201.00093330675
11	35590	15.2	198.00093330675
11	35615	15.3	195.00093330675
11	35640	15.4	192.00093330675
11	35715	15.5	189.00093330675
11	35786	15.6	186.00093330675
11	35807	15.7	183.00093330675
11	35828	15.8	180.00093330675
11	35849	15.9	177.00093330675
11	35870	16	174.00093330675
11	35891	16.1	171.00093330675
11	35912	16.2	168.00093330675
11	35933	16.3	165.00093330675
11	36004	16.4	162.00093330675
11	36071	16.5	159.00093330675
11	36088	16.6	156.00093330675
11	36105	16.7	153.00093330675
11	36122	16.8	150.00093330675
11	36139	16.9	147.00093330675
11	36156	17	144.00093330675
11	36173	17.1	141.00093330675
11	36190	17.2	138.00093330675
11	36207	17.3	135.00093330675
11	36224	17.4	132.00093330675
11	36241	17.5	129.00093330675
11	36258	17.6	126.00093330675
11	36275	17.7	123.00093330675
11	36292	17.8	120.00093330675
11	36309	17.9	117.00093330675
11	36326	18	114.00093330675
11	36343	18.1	111.00093330675
11	36360	18.2	108.00093330675
11	36377	18.3	105.00093330675
12	3653	2.4	1
12	3994	2.501186226514	2
12	4123	2.525605226538	3
12	4196	2.525897324953	4
12	4656	2.553836624961	5
12	4852	2.576035255431	6
12	7121	2.876157729094	7
12	32767	13.594613722653	8
12	32840	13.6	10
12	33660	13.65	11
12	33831	13.658488540799	12
12	33938	13.663073939955	14
12	35649	15.4	16
13	32538	13.556219276844	1
13	32706	13.591204276844	2
13	32758	13.592431276844	3
13	32821	13.598764394273	4
13	32894	13.601642390175	5
13	32953	13.606675397049	6
13	33004	13.608133587949	7
13	33064	13.612204593929	8
13	33113	13.613623700497	9
13	33221	13.617736003557	10
13	33327	13.622927193761	11
13	33390	13.625529322178	12
13	33436	13.627091346171	13
13	33501	13.631461474588	14
13	33557	13.634076681144	15
13	33616	13.637211681144	16
13	33714	13.652801813567	17
13	33767	13.654028813567	18
13	33822	13.657041928556	19
13	33880	13.660504928556	20
13	33933	13.662694934536	21
13	33988	13.667238041104	22
13	34047	13.668868072792	23
13	34104	13.670743150108	24
13	34211	13.674447563208	25
13	34257	13.675700636295	26
13	34309	13.677591687115	27
13	34370	13.679508745567	28
13	34477	13.682692040195	29
13	34522	13.683958064188	30
13	34635	13.687710367248	31
13	34692	13.689601744156	32
13	34744	13.69086778348	33
13	34797	13.694695807473	34
13	34857	13.695949136782	35
13	34910	13.697840136782	36
13	34965	13.699731176106	37
16	2	0.1	425
16	110	0.2	423.77559480024
16	239	0.3	422.55271341388
16	376	0.4	421.32822272854
16	511	0.5	420.10675871312
16	655	0.6	418.8842119701
16	805	0.7	417.65786461504
16	957	0.8	416.43757311734
16	1107	0.9	415.22309764727
16	1255	1	414.00719029978
16	1407	1.1	412.78804920058
16	1562	1.2	411.57299975951
16	1720	1.3	410.3575465826
16	1867	1.4	409.14223099478
16	2020	1.5	407.92432875829
16	2169	1.6	406.70812071874
16	2318	1.7	405.48772685884
16	2474	1.8	404.26945709321
16	2625	1.9	403.04979011455
16	2794	2	401.82526522454
16	2991	2.1	400.60588287403
16	3192	2.2	399.39157372772
16	3418	2.3	398.17618398711
16	3647	2.4	396.95877248719
16	3879	2.5	395.73741005953
16	5262	2.6	394.51362504237
16	6415	2.7	393.29253753267
16	6898	2.8	392.07389437707
16	7228	2.9	390.85966010238
16	7715	3	389.64146463433
16	8047	3.1	388.42664175696
16	8280	3.2	387.20130608612
16	8513	3.3	385.97885848671
16	8749	3.4	384.7628339165
16	8983	3.5	383.54239472238
16	9213	3.6	382.31624776306
16	9444	3.7	381.09646255756
16	9680	3.8	379.88110745103
16	9914	3.9	378.6608162298
16	10148	4	377.44158492016
16	10382	4.1	376.21724186939
16	10622	4.2	375.00119697694
16	10857	4.3	373.78639105021
16	11088	4.4	372.5695698331
16	11322	4.5	371.35357996063
16	11555	4.6	370.13214767727
16	11792	4.7	368.9151803858
16	12023	4.8	367.69744629363
16	12263	4.9	366.47361386125
16	12501	5	365.25040284606
16	12733	5.1	364.02934900336
16	12968	5.2	362.81139027966
16	13197	5.3	361.59298251284
16	13427	5.4	360.36734505193
16	13657	5.5	359.15264368586
16	13884	5.6	357.93426773614
16	14114	5.7	356.72008514653
16	14346	5.8	355.49740276132
16	14573	5.9	354.27146160123
16	14805	6	353.04537714081
16	15043	6.1	351.82492115293
16	15275	6.2	350.6067626797
16	15508	6.3	349.38046722081
16	15741	6.4	348.16017399022
16	15976	6.5	346.94266061768
16	16212	6.6	345.72761778253
16	16447	6.7	344.51084599461
16	16685	6.8	343.29097940776
16	16928	6.9	342.07685776731
16	17163	7	340.86050737155
16	17390	7.1	339.63601746381
16	17631	7.2	338.4096606141
16	17865	7.3	337.19252288694
16	18094	7.4	335.97123014099
16	18326	7.5	334.75179590276
16	18556	7.6	333.53198690376
16	18788	7.7	332.30997700105
16	19024	7.8	331.08578725233
16	19258	7.9	329.86892831
16	19493	8	328.65327373214
16	19724	8.1	327.43405218511
16	19960	8.2	326.21763245964
16	20189	8.3	324.99319923988
16	20425	8.4	323.76812598841
16	20658	8.5	322.54929648051
16	20889	8.6	321.32283626105
16	21122	8.7	320.09809958435
16	21358	8.8	318.87286576181
16	21588	8.9	317.65236835512
16	21830	9	316.43034523125
16	22068	9.1	315.21393425983
16	22304	9.2	313.9997070318
16	22543	9.3	312.78049241456
16	22778	9.4	311.55582987434
16	23001	9.5	310.33477490187
16	23244	9.6	309.12002571841
16	23477	9.7	307.90578188383
16	23711	9.8	306.68347790742
16	23947	9.9	305.46347066955
16	24175	10	304.24571372009
16	24403	10.1	303.02468992491
16	24639	10.2	301.80229430313
16	24881	10.3	300.58726870686
16	25111	10.4	299.36304392598
16	25345	10.5	298.141304473
16	25579	10.6	296.91937634826
16	25810	10.7	295.69583720156
16	26042	10.8	294.4705861997
16	26279	10.9	293.24715388404
16	26514	11	292.03256366384
16	26750	11.1	290.81060427271
16	26985	11.2	289.5944866034
16	27220	11.3	288.37732325211
16	27449	11.4	287.16264756925
16	27678	11.5	285.94543905261
16	27915	11.6	284.72762148046
16	28143	11.7	283.50796014461
16	28377	11.8	282.29299019803
16	28614	11.9	281.07124128273
16	28846	12	279.84562804927
16	29075	12.1	278.62003491155
16	29302	12.2	277.39904748542
16	29539	12.3	276.18038268017
16	29773	12.4	274.96236679663
16	30002	12.5	273.74419781898
16	30246	12.6	272.52005111558
16	30476	12.7	271.29814562611
16	30709	12.8	270.07629372608
16	30941	12.9	268.86231570747
16	31175	13	267.64308054233
16	31401	13.1	266.42660782148
16	31641	13.2	265.23587497808
16	31875	13.3	264.07772056261
16	32113	13.4	262.96258288741
16	32345	13.5	261.87029104599
16	32826	13.6	260.81198443983
16	34970	13.7	259.78451035268
16	35056	13.8	258.79447287408
16	35135	13.9	257.78490446054
16	35164	14	256.75587115961
16	35193	14.1	255.70329645095
16	35222	14.2	254.6313524134
16	35251	14.3	253.54328598449
16	35280	14.4	252.43765027311
16	35359	14.5	251.31084005289
16	35386	14.6	250.16291837629
16	35413	14.7	248.99171725836
16	35440	14.8	247.80299847941
16	35515	14.9	246.64846106284
16	35540	15	245.53892364628
16	35565	15.1	244.47252374045
16	35590	15.2	243.45061664008
16	35615	15.3	242.47370953971
16	35640	15.4	241.54151681149
16	35715	15.5	238.54151681149
16	35786	15.6	235.54151681149
16	35807	15.7	232.54151681149
16	35828	15.8	229.54151681149
16	35849	15.9	226.54151681149
16	35870	16	223.54151681149
16	35891	16.1	220.54151681149
16	35912	16.2	217.54151681149
16	35933	16.3	214.54151681149
16	36004	16.4	211.54151681149
16	36071	16.5	208.54151681149
16	36088	16.6	205.54151681149
16	36105	16.7	202.54151681149
16	36122	16.8	199.54151681149
16	36139	16.9	196.54151681149
16	36156	17	193.54151681149
16	36173	17.1	190.54151681149
16	36190	17.2	187.54151681149
16	36207	17.3	184.54151681149
16	36224	17.4	181.54151681149
16	36241	17.5	178.54151681149
16	36258	17.6	175.54151681149
16	36275	17.7	172.54151681149
16	36292	17.8	169.54151681149
16	36309	17.9	166.54151681149
16	36326	18	163.54151681149
16	36343	18.1	160.54151681149
16	36360	18.2	157.54151681149
16	36377	18.3	154.54151681149
17	2	0.1	223.4
17	110	0.2	223.4
17	239	0.3	223.4
17	376	0.4	223.4
17	511	0.5	223.4
17	655	0.6	223.4
17	805	0.7	223.4
17	957	0.8	223.4
17	1107	0.9	223.4
17	1255	1	223.4
17	1407	1.1	223.4
17	1562	1.2	223.4
17	1720	1.3	223.4
17	1867	1.4	223.4
17	2020	1.5	223.4
17	2169	1.6	223.4
17	2318	1.7	223.4
17	2474	1.8	223.4
17	2625	1.9	223.4
17	2794	2	223.4
17	2991	2.1	223.4
17	3192	2.2	223.4
17	3418	2.3	223.4
17	3647	2.4	223.4
17	3879	2.5	223.4
17	5262	2.6	223.4
17	6415	2.7	223.4
17	6898	2.8	223.4
17	7228	2.9	223.4
17	7715	3	223.4
17	8047	3.1	223.4
17	8280	3.2	223.4
17	8513	3.3	223.4
17	8749	3.4	223.4
17	8983	3.5	223.4
17	9213	3.6	223.4
17	9444	3.7	223.4
17	9680	3.8	223.4
17	9914	3.9	223.4
17	10148	4	223.4
17	10382	4.1	223.4
17	10622	4.2	223.4
17	10857	4.3	223.4
17	11088	4.4	223.4
17	11322	4.5	223.4
17	11555	4.6	223.4
17	11792	4.7	223.4
17	12023	4.8	223.4
17	12263	4.9	223.4
17	12501	5	223.4
17	12733	5.1	223.4
17	12968	5.2	223.4
17	13197	5.3	223.4
17	13427	5.4	223.4
17	13657	5.5	223.4
17	13884	5.6	223.4
17	14114	5.7	223.4
17	14346	5.8	223.4
17	14573	5.9	223.4
17	14805	6	223.4
17	15043	6.1	223.4
17	15275	6.2	223.4
17	15508	6.3	223.4
17	15741	6.4	223.4
17	15976	6.5	223.4
17	16212	6.6	223.4
17	16447	6.7	223.4
17	16685	6.8	223.4
17	16928	6.9	223.4
17	17163	7	223.4
17	17390	7.1	223.4
17	17631	7.2	223.4
17	17865	7.3	223.4
17	18094	7.4	223.4
17	18326	7.5	223.4
17	18556	7.6	223.4
17	18788	7.7	223.4
17	19024	7.8	223.4
17	19258	7.9	223.4
17	19493	8	223.4
17	19724	8.1	223.4
17	19960	8.2	223.4
17	20189	8.3	223.4
17	20425	8.4	223.4
17	20658	8.5	223.4
17	20889	8.6	223.4
17	21122	8.7	223.4
17	21358	8.8	223.4
17	21588	8.9	223.4
17	21830	9	223.4
17	22068	9.1	223.4
17	22304	9.2	223.4
17	22543	9.3	223.4
17	22778	9.4	223.4
17	23001	9.5	223.4
17	23244	9.6	223.4
17	23477	9.7	223.4
17	23711	9.8	223.4
17	23947	9.9	223.4
17	24175	10	223.4
17	24403	10.1	223.4
17	24639	10.2	223.4
17	24881	10.3	223.4
17	25111	10.4	223.4
17	25345	10.5	223.4
17	25579	10.6	223.4
17	25810	10.7	223.4
17	26042	10.8	223.4
17	26279	10.9	223.4
17	26514	11	223.4
17	26750	11.1	223.4
17	26985	11.2	223.4
17	27220	11.3	223.4
17	27449	11.4	223.4
17	27678	11.5	223.4
17	27915	11.6	223.4
17	28143	11.7	223.4
17	28377	11.8	223.4
17	28614	11.9	223.4
17	28846	12	223.4
17	29075	12.1	223.4
17	29302	12.2	223.4
17	29539	12.3	223.4
17	29773	12.4	223.4
17	30002	12.5	223.4
17	30246	12.6	223.4
17	30476	12.7	223.4
17	30709	12.8	223.4
17	30941	12.9	223.4
17	31175	13	223.4
17	31401	13.1	223.4
17	31641	13.2	223.4
17	31875	13.3	223.4
17	32113	13.4	223.4
17	32345	13.5	223.4
17	32826	13.6	223.4
17	34970	13.7	223.4
17	35056	13.8	223.4
17	35135	13.9	223.4
17	35164	14	223.4
17	35193	14.1	223.4
17	35222	14.2	223.4
17	35251	14.3	223.4
17	35280	14.4	223.4
17	35359	14.5	223.4
17	35386	14.6	223.4
17	35413	14.7	223.4
17	35440	14.8	223.4
17	35515	14.9	223.4
17	35540	15	223.4
17	35565	15.1	223.4
17	35590	15.2	223.4
17	35615	15.3	223.4
17	35640	15.4	223.4
17	35715	15.5	223.4
17	35786	15.6	223.4
17	35807	15.7	223.4
17	35828	15.8	223.4
17	35849	15.9	223.4
17	35870	16	223.4
17	35891	16.1	223.4
17	35912	16.2	223.4
17	35933	16.3	223.4
17	36004	16.4	223.4
17	36071	16.5	223.4
17	36088	16.6	223.4
17	36105	16.7	223.4
17	36122	16.8	223.4
17	36139	16.9	223.4
17	36156	17	223.4
17	36173	17.1	223.4
17	36190	17.2	223.4
17	36207	17.3	223.4
17	36224	17.4	223.4
17	36241	17.5	223.4
17	36258	17.6	223.4
17	36275	17.7	223.4
17	36292	17.8	223.4
17	36309	17.9	223.4
17	36326	18	223.4
17	36343	18.1	223.4
17	36360	18.2	223.4
17	36377	18.3	223.4
18	3654	2.4	1
18	3920	2.500647097067	2
18	3990	2.501186129471	3
18	4192	2.525897227909	4
18	4844	2.576035192347	5
18	4948	2.577562198795	6
18	7113	2.876157661292	7
18	32766	13.594551241084	8
18	32841	13.6	10
18	33661	13.65	11
18	33794	13.656068002778	12
18	33997	13.667297482166	14
18	34985	13.7	16
19	32522	13.556219181295	1
19	32690	13.591204181295	2
19	32742	13.592431181295	3
19	32809	13.598764296749	4
19	32878	13.601642298196	5
19	32933	13.606675322423	6
19	32992	13.608133493967	7
19	33044	13.612204519303	8
19	33105	13.613623656215	9
19	33151	13.616303795599	10
19	33213	13.617735959275	11
19	33263	13.621495098659	12
19	33370	13.625529251069	13
19	33481	13.631461403479	14
19	33541	13.634076643695	15
19	33600	13.637211643695	16
19	33698	13.652801721588	17
19	33751	13.654028721588	18
19	33810	13.657041834574	19
19	33868	13.660504834574	20
19	33913	13.66269485991	21
19	33980	13.667237996822	22
19	34027	13.668867998166	23
19	34088	13.670743058129	24
19	34136	13.67260424521	25
19	34199	13.674447469226	26
19	34249	13.675700592013	27
19	34350	13.679508670941	28
19	34403	13.680774840669	29
19	34457	13.682691969086	30
19	34565	13.68581915929	31
19	34627	13.687710322966	32
19	34676	13.689601706707	33
19	34724	13.690867712371	34
19	34841	13.695949099333	35
19	34894	13.697840099333	36
19	34945	13.699731104997	37
22	2	0.1	405
22	110	0.2	403.40407097864
22	239	0.3	401.80596089345
22	376	0.4	400.20217926569
22	511	0.5	398.60194176646
22	655	0.6	397.00669257315
22	805	0.7	395.40792928196
22	957	0.8	393.80489809561
22	1107	0.9	392.21058756291
22	1255	1	390.61760119751
22	1407	1.1	389.0249897726
22	1562	1.2	387.42208868526
22	1720	1.3	385.82930282151
22	1867	1.4	384.2269491301
22	2020	1.5	382.62188553011
22	2169	1.6	381.0287781145
22	2318	1.7	379.43535433753
22	2474	1.8	377.83376982245
22	2625	1.9	376.23052518054
22	2794	2	374.63025947747
22	2991	2.1	373.031491984
22	3192	2.2	371.43009026796
22	3418	2.3	369.83026846274
22	3647	2.4	368.23565316498
22	3879	2.5	366.63755808137
22	5262	2.6	365.04295342938
22	6415	2.7	363.45050731016
22	6898	2.8	361.84942463463
22	7228	2.9	360.24520154026
22	7715	3	358.64985515053
22	8047	3.1	357.04639093894
22	8280	3.2	355.45041435476
22	8513	3.3	353.85742505843
22	8749	3.4	352.25296910343
22	8983	3.5	350.65337601922
22	9213	3.6	349.05890435411
22	9444	3.7	347.45539016983
22	9680	3.8	345.85993249976
22	9914	3.9	344.26468950366
22	10148	4	342.6680593247
22	10382	4.1	341.06436525312
22	10622	4.2	339.45946999444
22	10857	4.3	337.86259209438
22	11088	4.4	336.26045126837
22	11322	4.5	334.66789450732
22	11555	4.6	333.06942228689
22	11792	4.7	331.46478536506
22	12023	4.8	329.86846298416
22	12263	4.9	328.27121005616
22	12501	5	326.67744897715
22	12733	5.1	325.07414779786
22	12968	5.2	323.47667655834
22	13197	5.3	321.87539116458
22	13427	5.4	320.27990741837
22	13657	5.5	318.67653288543
22	13884	5.6	317.08321522387
22	14114	5.7	315.48428056054
22	14346	5.8	313.8897064022
22	14573	5.9	312.28728980484
22	14805	6	310.68327213502
22	15043	6.1	309.08662404001
22	15275	6.2	307.48874462226
22	15508	6.3	305.89472446412
22	15741	6.4	304.30228092349
22	15976	6.5	302.70045370589
22	16212	6.6	301.10470177724
22	16447	6.7	299.50299709257
22	16685	6.8	297.90703212529
22	16928	6.9	296.3080098397
22	17163	7	294.71388784887
22	17390	7.1	293.11059105107
22	17631	7.2	291.51781207742
22	17865	7.3	289.91304139139
22	18094	7.4	288.31674228819
22	18326	7.5	286.71981137201
22	18556	7.6	285.11500914013
22	18788	7.7	283.51216785151
22	19024	7.8	281.91105954261
22	19258	7.9	280.31543772688
22	19493	8	278.71477671637
22	19724	8.1	277.11627053946
22	19960	8.2	275.51546869655
22	20189	8.3	273.91675325941
22	20425	8.4	272.31474915127
22	20658	8.5	270.72041556458
22	20889	8.6	269.123111501
22	21122	8.7	267.5216634078
22	21358	8.8	265.92633842912
22	21588	8.9	264.33257440486
22	21830	9	262.73675450502
22	22068	9.1	261.14247048631
22	22304	9.2	259.56448015761
22	22543	9.3	258.03148982891
22	22778	9.4	256.53717840134
22	23001	9.5	255.08786697378
22	23244	9.6	253.68355554622
22	23477	9.7	252.32194344225
22	23711	9.8	251.00287492455
22	23947	9.9	249.72880640685
22	24175	10	248.49973788915
22	24403	10.1	247.31566937145
22	24639	10.2	246.17660085375
22	24881	10.3	245.08253233605
22	25111	10.4	244.03346381835
22	25345	10.5	243.02868848478
22	25579	10.6	242.06891315121
22	25810	10.7	241.15413781765
22	26042	10.8	240.28436248408
22	26279	10.9	239.45958715051
22	26514	11	238.67981181694
22	26750	11.1	237.94503648337
22	26985	11.2	237.2552611498
22	27220	11.3	236.61048581623
22	27449	11.4	236.01058519872
22	27678	11.5	235.45568458122
22	27915	11.6	234.94578396371
22	28143	11.7	234.4808833462
22	28377	11.8	234.06098272869
22	28614	11.9	233.68608211119
22	28846	12	233.35618149368
22	29075	12.1	233.07128087617
22	29302	12.2	232.83138025866
22	29539	12.3	232.63647964115
22	29773	12.4	232.48535990586
22	30002	12.5	232.37924017057
22	30246	12.6	232.31787679804
22	30476	12.7	232.30140771505
22	30709	12.8	232.30101746116
22	30941	12.9	232.30100074014
22	31175	13	232.30100074014
22	31401	13.1	232.30100074014
22	31641	13.2	232.30100074014
22	31875	13.3	232.30100074014
22	32113	13.4	232.30100074014
22	32345	13.5	232.30100074014
22	32826	13.6	232.30100074014
22	34970	13.7	232.30100074014
22	35056	13.8	229.30100074014
22	35135	13.9	226.30100074014
22	35164	14	223.30100074014
22	35193	14.1	220.30100074014
22	35222	14.2	217.30100074014
22	35251	14.3	214.30100074014
22	35280	14.4	211.30100074014
22	35359	14.5	208.30100074014
22	35386	14.6	205.30100074014
22	35413	14.7	202.30100074014
22	35440	14.8	199.30100074014
22	35515	14.9	196.30100074014
22	35540	15	193.30100074014
22	35565	15.1	190.30100074014
22	35590	15.2	187.30100074014
22	35615	15.3	184.30100074014
22	35640	15.4	181.30100074014
22	35715	15.5	178.30100074014
22	35786	15.6	175.30100074014
22	35807	15.7	172.30100074014
22	35828	15.8	169.30100074014
22	35849	15.9	166.30100074014
22	35870	16	163.30100074014
22	35891	16.1	160.30100074014
22	35912	16.2	157.30100074014
22	35933	16.3	154.30100074014
22	36004	16.4	151.30100074014
22	36071	16.5	148.30100074014
22	36088	16.6	145.30100074014
22	36105	16.7	142.30100074014
22	36122	16.8	139.30100074014
22	36139	16.9	136.30100074014
22	36156	17	133.30100074014
22	36173	17.1	130.30100074014
22	36190	17.2	127.30100074014
22	36207	17.3	124.30100074014
22	36224	17.4	121.30100074014
22	36241	17.5	118.30100074014
22	36258	17.6	115.30100074014
22	36275	17.7	112.30100074014
22	36292	17.8	109.30100074014
22	36309	17.9	106.30100074014
22	36326	18	103.30100074014
22	36343	18.1	100.30100074014
22	36360	18.2	97.301000740141
22	36377	18.3	94.301000740141
23	2	0.1	223.4
23	110	0.2	223.4
23	239	0.3	223.4
23	376	0.4	223.4
23	511	0.5	223.4
23	655	0.6	223.4
23	805	0.7	223.4
23	957	0.8	223.4
23	1107	0.9	223.4
23	1255	1	223.4
23	1407	1.1	223.4
23	1562	1.2	223.4
23	1720	1.3	223.4
23	1867	1.4	223.4
23	2020	1.5	223.4
23	2169	1.6	223.4
23	2318	1.7	223.4
23	2474	1.8	223.4
23	2625	1.9	223.4
23	2794	2	223.4
23	2991	2.1	223.4
23	3192	2.2	223.4
23	3418	2.3	223.4
23	3647	2.4	223.4
23	3879	2.5	223.4
23	5262	2.6	223.4
23	6415	2.7	223.4
23	6898	2.8	223.4
23	7228	2.9	223.4
23	7715	3	223.4
23	8047	3.1	223.4
23	8280	3.2	223.4
23	8513	3.3	223.4
23	8749	3.4	223.4
23	8983	3.5	223.4
23	9213	3.6	223.4
23	9444	3.7	223.4
23	9680	3.8	223.4
23	9914	3.9	223.4
23	10148	4	223.4
23	10382	4.1	223.4
23	10622	4.2	223.4
23	10857	4.3	223.4
23	11088	4.4	223.4
23	11322	4.5	223.4
23	11555	4.6	223.4
23	11792	4.7	223.4
23	12023	4.8	223.4
23	12263	4.9	223.4
23	12501	5	223.4
23	12733	5.1	223.4
23	12968	5.2	223.4
23	13197	5.3	223.4
23	13427	5.4	223.4
23	13657	5.5	223.4
23	13884	5.6	223.4
23	14114	5.7	223.4
23	14346	5.8	223.4
23	14573	5.9	223.4
23	14805	6	223.4
23	15043	6.1	223.4
23	15275	6.2	223.4
23	15508	6.3	223.4
23	15741	6.4	223.4
23	15976	6.5	223.4
23	16212	6.6	223.4
23	16447	6.7	223.4
23	16685	6.8	223.4
23	16928	6.9	223.4
23	17163	7	223.4
23	17390	7.1	223.4
23	17631	7.2	223.4
23	17865	7.3	223.4
23	18094	7.4	223.4
23	18326	7.5	223.4
23	18556	7.6	223.4
23	18788	7.7	223.4
23	19024	7.8	223.4
23	19258	7.9	223.4
23	19493	8	223.4
23	19724	8.1	223.4
23	19960	8.2	223.4
23	20189	8.3	223.4
23	20425	8.4	223.4
23	20658	8.5	223.4
23	20889	8.6	223.4
23	21122	8.7	223.4
23	21358	8.8	223.4
23	21588	8.9	223.4
23	21830	9	223.4
23	22068	9.1	223.4
23	22304	9.2	223.4
23	22543	9.3	223.4
23	22778	9.4	223.4
23	23001	9.5	223.4
23	23244	9.6	223.4
23	23477	9.7	223.4
23	23711	9.8	223.4
23	23947	9.9	223.4
23	24175	10	223.4
23	24403	10.1	223.4
23	24639	10.2	223.4
23	24881	10.3	223.4
23	25111	10.4	223.4
23	25345	10.5	223.4
23	25579	10.6	223.4
23	25810	10.7	223.4
23	26042	10.8	223.4
23	26279	10.9	223.4
23	26514	11	223.4
23	26750	11.1	223.4
23	26985	11.2	223.4
23	27220	11.3	223.4
23	27449	11.4	223.4
23	27678	11.5	223.4
23	27915	11.6	223.4
23	28143	11.7	223.4
23	28377	11.8	223.4
23	28614	11.9	223.4
23	28846	12	223.4
23	29075	12.1	223.4
23	29302	12.2	223.4
23	29539	12.3	223.4
23	29773	12.4	223.4
23	30002	12.5	223.4
23	30246	12.6	223.4
23	30476	12.7	223.4
23	30709	12.8	223.4
23	30941	12.9	223.4
23	31175	13	223.4
23	31401	13.1	223.4
23	31641	13.2	223.4
23	31875	13.3	223.4
23	32113	13.4	223.4
23	32345	13.5	223.4
23	32826	13.6	223.4
23	34970	13.7	223.4
23	35056	13.8	223.4
23	35135	13.9	223.4
23	35164	14	223.4
23	35193	14.1	223.4
23	35222	14.2	223.4
23	35251	14.3	223.4
23	35280	14.4	223.4
23	35359	14.5	223.4
23	35386	14.6	223.4
23	35413	14.7	223.4
23	35440	14.8	223.4
23	35515	14.9	223.4
23	35540	15	223.4
23	35565	15.1	223.4
23	35590	15.2	223.4
23	35615	15.3	223.4
23	35640	15.4	223.4
23	35715	15.5	223.4
23	35786	15.6	223.4
23	35807	15.7	223.4
23	35828	15.8	223.4
23	35849	15.9	223.4
23	35870	16	223.4
23	35891	16.1	223.4
23	35912	16.2	223.4
23	35933	16.3	223.4
23	36004	16.4	223.4
23	36071	16.5	223.4
23	36088	16.6	223.4
23	36105	16.7	223.4
23	36122	16.8	223.4
23	36139	16.9	223.4
23	36156	17	223.4
23	36173	17.1	223.4
23	36190	17.2	223.4
23	36207	17.3	223.4
23	36224	17.4	223.4
23	36241	17.5	223.4
23	36258	17.6	223.4
23	36275	17.7	223.4
23	36292	17.8	223.4
23	36309	17.9	223.4
23	36326	18	223.4
23	36343	18.1	223.4
23	36360	18.2	223.4
23	36377	18.3	223.4
24	3655	2.4	1
24	3928	2.500647800804	2
24	3978	2.501185895948	3
24	4131	2.525605862876	4
24	4180	2.525896984177	5
24	4860	2.576035585834	6
24	7109	2.876156955745	7
24	32764	13.594061129097	8
24	32842	13.6	10
24	33662	13.65	11
24	33828	13.657508117649	12
24	33944	13.66509485313	14
24	35424	14.7	16
25	32530	13.556219219363	1
25	32698	13.591204219363	2
25	32750	13.592431219363	3
25	32813	13.598764303701	4
25	32886	13.601642332808	5
25	32949	13.606675390054	6
25	32996	13.608133498356	7
25	33060	13.612204586934	8
25	33117	13.613623724179	9
25	33159	13.616303847811	10
25	33225	13.617736027239	11
25	33271	13.621495150871	12
25	33323	13.622927174864	13
25	33432	13.627091327274	14
25	33537	13.634076573154	15
25	33596	13.637211573154	16
25	33706	13.6528017562	17
25	33759	13.6540287562	18
25	33814	13.657041838963	19
25	33872	13.660504838963	20
25	33929	13.662694927541	21
25	33992	13.667238064786	22
25	34043	13.668868065797	23
25	34096	13.670743092741	24
25	34144	13.672604297422	25
25	34203	13.674447473615	26
25	34261	13.675700659977	27
25	34305	13.677591668218	28
25	34366	13.679508738572	29
25	34411	13.680774892881	30
25	34518	13.683958045291	31
25	34573	13.685819211502	32
25	34639	13.68771039093	33
25	34672	13.689601636166	34
25	34793	13.694695788576	35
25	34837	13.695949028792	36
25	34890	13.697840028792	37
28	2	0.1	223.4
28	110	0.2	223.4
28	239	0.3	223.4
28	376	0.4	223.4
28	511	0.5	223.4
28	655	0.6	223.4
28	805	0.7	223.4
28	957	0.8	223.4
28	1107	0.9	223.4
28	1255	1	223.4
28	1407	1.1	223.4
28	1562	1.2	223.4
28	1720	1.3	223.4
28	1867	1.4	223.4
28	2020	1.5	223.4
28	2169	1.6	223.4
28	2318	1.7	223.4
28	2474	1.8	223.4
28	2625	1.9	223.4
28	2794	2	223.4
28	2991	2.1	223.4
28	3192	2.2	223.4
28	3418	2.3	223.4
28	3647	2.4	223.4
28	3879	2.5	223.4
28	5262	2.6	223.4
28	6415	2.7	223.4
28	6898	2.8	223.4
28	7228	2.9	223.4
28	7715	3	223.4
28	8047	3.1	223.4
28	8280	3.2	223.4
28	8513	3.3	223.4
28	8749	3.4	223.4
28	8983	3.5	223.4
28	9213	3.6	223.4
28	9444	3.7	223.4
28	9680	3.8	223.4
28	9914	3.9	223.4
28	10148	4	223.4
28	10382	4.1	223.4
28	10622	4.2	223.4
28	10857	4.3	223.4
28	11088	4.4	223.4
28	11322	4.5	223.4
28	11555	4.6	223.4
28	11792	4.7	223.4
28	12023	4.8	223.4
28	12263	4.9	223.4
28	12501	5	223.4
28	12733	5.1	223.4
28	12968	5.2	223.4
28	13197	5.3	223.4
28	13427	5.4	223.4
28	13657	5.5	223.4
28	13884	5.6	223.4
28	14114	5.7	223.4
28	14346	5.8	223.4
28	14573	5.9	223.4
28	14805	6	223.4
28	15043	6.1	223.4
28	15275	6.2	223.4
28	15508	6.3	223.4
28	15741	6.4	223.4
28	15976	6.5	223.4
28	16212	6.6	223.4
28	16447	6.7	223.4
28	16685	6.8	223.4
28	16928	6.9	223.4
28	17163	7	223.4
28	17390	7.1	223.4
28	17631	7.2	223.4
28	17865	7.3	223.4
28	18094	7.4	223.4
28	18326	7.5	223.4
28	18556	7.6	223.4
28	18788	7.7	223.4
28	19024	7.8	223.4
28	19258	7.9	223.4
28	19493	8	223.4
28	19724	8.1	223.4
28	19960	8.2	223.4
28	20189	8.3	223.4
28	20425	8.4	223.4
28	20658	8.5	223.4
28	20889	8.6	223.4
28	21122	8.7	223.4
28	21358	8.8	223.4
28	21588	8.9	223.4
28	21830	9	223.4
28	22068	9.1	223.4
28	22304	9.2	223.4
28	22543	9.3	223.4
28	22778	9.4	223.4
28	23001	9.5	223.4
28	23244	9.6	223.4
28	23477	9.7	223.4
28	23711	9.8	223.4
28	23947	9.9	223.4
28	24175	10	223.4
28	24403	10.1	223.4
28	24639	10.2	223.4
28	24881	10.3	223.4
28	25111	10.4	223.4
28	25345	10.5	223.4
28	25579	10.6	223.4
28	25810	10.7	223.4
28	26042	10.8	223.4
28	26279	10.9	223.4
28	26514	11	223.4
28	26750	11.1	223.4
28	26985	11.2	223.4
28	27220	11.3	223.4
28	27449	11.4	223.4
28	27678	11.5	223.4
28	27915	11.6	223.4
28	28143	11.7	223.4
28	28377	11.8	223.4
28	28614	11.9	223.4
28	28846	12	223.4
28	29075	12.1	223.4
28	29302	12.2	223.4
28	29539	12.3	223.4
28	29773	12.4	223.4
28	30002	12.5	223.4
28	30246	12.6	223.4
28	30476	12.7	223.4
28	30709	12.8	223.4
28	30941	12.9	223.4
28	31175	13	223.4
28	31401	13.1	223.4
28	31641	13.2	223.4
28	31875	13.3	223.4
28	32113	13.4	223.4
28	32345	13.5	223.4
28	32826	13.6	223.4
28	34970	13.7	223.4
28	35056	13.8	223.4
28	35135	13.9	223.4
28	35164	14	223.4
28	35193	14.1	223.4
28	35222	14.2	223.4
28	35251	14.3	223.4
28	35280	14.4	223.4
28	35359	14.5	223.4
28	35386	14.6	223.4
28	35413	14.7	223.4
28	35440	14.8	223.4
28	35515	14.9	223.4
28	35540	15	223.4
28	35565	15.1	223.4
28	35590	15.2	223.4
28	35615	15.3	223.4
28	35640	15.4	223.4
28	35715	15.5	223.4
28	35786	15.6	223.4
28	35807	15.7	223.4
28	35828	15.8	223.4
28	35849	15.9	223.4
28	35870	16	223.4
28	35891	16.1	223.4
28	35912	16.2	223.4
28	35933	16.3	223.4
28	36004	16.4	223.4
28	36071	16.5	223.4
28	36088	16.6	223.4
28	36105	16.7	223.4
28	36122	16.8	223.4
28	36139	16.9	223.4
28	36156	17	223.4
28	36173	17.1	223.4
28	36190	17.2	223.4
28	36207	17.3	223.4
28	36224	17.4	223.4
28	36241	17.5	223.4
28	36258	17.6	223.4
28	36275	17.7	223.4
28	36292	17.8	223.4
28	36309	17.9	223.4
28	36326	18	223.4
28	36343	18.1	223.4
28	36360	18.2	223.4
28	36377	18.3	223.4
29	2	0.1	25
29	110	0.2	26.301931720202
29	239	0.3	27.604685438938
29	376	0.4	28.914142261388
29	511	0.5	30.222798373286
29	655	0.6	31.535006640329
29	805	0.7	32.835556131011
29	957	0.8	34.138794647402
29	1107	0.9	35.445581573347
29	1255	1	36.752856825579
29	1407	1.1	38.061684601902
29	1562	1.2	39.367795342508
29	1720	1.3	40.67665346296
29	1867	1.4	41.980367797863
29	2020	1.5	43.282418474991
29	2169	1.6	44.584543308582
29	2318	1.7	45.886892368479
29	2474	1.8	47.190066368781
29	2625	1.9	48.494501732645
29	2794	2	49.798131464242
29	2991	2.1	51.1003529106
29	3192	2.2	52.410367687031
29	3418	2.3	53.721830506096
29	3647	2.4	55.032737587977
29	3879	2.5	56.341311652606
29	5262	2.6	57.647957984018
29	6415	2.7	58.959171587787
29	6898	2.8	60.27200586637
29	7228	2.9	61.584274025592
29	7715	3	62.884496749176
29	8047	3.1	64.193572572342
29	8280	3.2	65.49829146924
29	8513	3.3	66.808125059662
29	8749	3.4	68.115156871571
29	8983	3.5	69.418274207768
29	9213	3.6	70.726288079088
29	9444	3.7	72.030070811222
29	9680	3.8	73.338143630536
29	9914	3.9	74.646455159707
29	10148	4	75.950814157621
29	10382	4.1	77.2608484757
29	10622	4.2	78.573792182397
29	10857	4.3	79.876648023074
29	11088	4.4	81.178884081779
29	11322	4.5	82.487558063868
29	11555	4.6	83.790661617127
29	11792	4.7	85.103049110166
29	12023	4.8	86.407850223101
29	12263	4.9	87.710570916238
29	12501	5	89.014777747475
29	12733	5.1	90.327846641832
29	12968	5.2	91.632512558644
29	13197	5.3	92.944678536997
29	13427	5.4	94.24608439241
29	13657	5.5	95.555329598092
29	13884	5.6	96.861800273889
29	14114	5.7	98.163204863676
29	14346	5.8	99.474573124625
29	14573	5.9	100.77481692347
29	14805	6	102.08074118611
29	15043	6.1	103.3817588545
29	15275	6.2	104.68618894155
29	15508	6.3	105.99807038822
29	15741	6.4	107.31033297942
29	15976	6.5	108.61081288287
29	16212	6.6	109.9168378846
29	16447	6.7	111.22943939211
29	16685	6.8	112.53626895659
29	16928	6.9	113.83729206091
29	17163	7	115.13996379716
29	17390	7.1	116.442823178
29	17631	7.2	117.7520916428
29	17865	7.3	119.0556565883
29	18094	7.4	120.3581958942
29	18326	7.5	121.67072330651
29	18556	7.6	122.9782612241
29	18788	7.7	124.27950349194
29	19024	7.8	125.58153372958
29	19258	7.9	126.88561162623
29	19493	8	128.19100273333
29	19724	8.1	129.50031872448
29	19960	8.2	130.80615630368
29	20189	8.3	132.11394364769
29	20425	8.4	133.42656860347
29	20658	8.5	134.73222827582
29	20889	8.6	136.03611089569
29	21122	8.7	137.34051087794
29	21358	8.8	138.64777529418
29	21588	8.9	139.95622613471
29	21830	9	141.25688071523
29	22068	9.1	142.55712055229
29	22304	9.2	143.86155569886
29	22543	9.3	145.16276404283
29	22778	9.4	146.46555168914
29	23001	9.5	147.76621096093
29	23244	9.6	149.07440997804
29	23477	9.7	150.38619484998
29	23711	9.8	151.69932298833
29	23947	9.9	153.00686968094
29	24175	10	154.31396418023
29	24403	10.1	155.61894148834
29	24639	10.2	156.92956944952
29	24881	10.3	158.23489423567
29	25111	10.4	159.54116965501
29	25345	10.5	160.85407819761
29	25579	10.6	162.16460610805
29	25810	10.7	163.47088222439
29	26042	10.8	164.77113204676
29	26279	10.9	166.07655291621
29	26514	11	167.37876786371
29	26750	11.1	168.68587669599
29	26985	11.2	169.99676479542
29	27220	11.3	171.30360183396
29	27449	11.4	172.61561139548
29	27678	11.5	173.91634595494
29	27915	11.6	175.22416042936
29	28143	11.7	176.53183782834
29	28377	11.8	177.84493742478
29	28614	11.9	179.15478773116
29	28846	12	180.45892568234
29	29075	12.1	181.77092579484
29	29302	12.2	183.07582719291
29	29539	12.3	184.38270260364
29	29773	12.4	185.69467654001
29	30002	12.5	187.00060102587
29	30246	12.6	188.30219101887
29	30476	12.7	189.60903126488
29	30709	12.8	190.91723770521
29	30941	12.9	192.22961425315
29	31175	13	193.5303900181
29	31401	13.1	194.83740620495
29	31641	13.2	196.14453997914
29	31875	13.3	197.45278178876
29	32113	13.4	198.76400367548
29	32345	13.5	200.06784567418
29	32826	13.6	201.37110596058
29	34970	13.7	202.67545134107
29	35056	13.8	203.97603121033
29	35135	13.9	205.27739754201
29	35164	14	206.58144362164
29	35193	14.1	207.88291123623
29	35222	14.2	209.18624090893
29	35251	14.3	210.48785303957
29	35280	14.4	211.79939514326
29	35359	14.5	213.10318379408
29	35386	14.6	214.40635698146
29	35413	14.7	215.71423873075
29	35440	14.8	218.71423873075
29	35515	14.9	221.71423873075
29	35540	15	224.71423873075
29	35565	15.1	227.71423873075
29	35590	15.2	230.71423873075
29	35615	15.3	233.71423873075
29	35640	15.4	236.71423873075
29	35715	15.5	239.71423873075
29	35786	15.6	242.71423873075
29	35807	15.7	245.71423873075
29	35828	15.8	248.71423873075
29	35849	15.9	251.71423873075
29	35870	16	254.71423873075
29	35891	16.1	257.71423873075
29	35912	16.2	260.71423873075
29	35933	16.3	263.71423873075
29	36004	16.4	266.71423873075
29	36071	16.5	269.71423873075
29	36088	16.6	272.71423873075
29	36105	16.7	275.71423873075
29	36122	16.8	278.71423873075
29	36139	16.9	281.71423873075
29	36156	17	284.71423873075
29	36173	17.1	287.71423873075
29	36190	17.2	290.71423873075
29	36207	17.3	293.71423873075
29	36224	17.4	296.71423873075
29	36241	17.5	299.71423873075
29	36258	17.6	302.71423873075
29	36275	17.7	305.71423873075
29	36292	17.8	308.71423873075
29	36309	17.9	311.71423873075
29	36326	18	314.71423873075
29	36343	18.1	317.71423873075
29	36360	18.2	320.71423873075
29	36377	18.3	323.71423873075
30	110	0.2	15.468220002667
30	239	0.3	15.501638091965
30	376	0.4	15.38085327618
30	511	0.5	15.463503701265
30	655	0.6	15.405266319343
30	805	0.7	15.425920345201
30	957	0.8	15.377113899437
30	1107	0.9	15.421371964973
30	1255	1	15.478345489439
30	1407	1.1	15.460567109268
30	1562	1.2	15.487607783682
30	1720	1.3	15.476770125639
30	1867	1.4	15.387318405805
30	2020	1.5	15.386057691013
30	2169	1.6	15.496483993146
30	2318	1.7	15.383704088561
30	2474	1.8	15.495613746361
30	2625	1.9	15.396664127873
30	2794	2	15.434747489567
30	2991	2.1	15.493785037147
30	3192	2.2	15.455695875441
30	3418	2.3	15.418494142564
30	3647	2.4	15.449615026684
30	3879	2.5	15.499692679939
30	5262	2.6	15.480149821485
30	6415	2.7	15.447341266542
30	6898	2.8	15.497272473969
30	7228	2.9	15.466723253114
30	7715	3	15.382734983
30	8047	3.1	15.468641559253
30	8280	3.2	15.470606839245
30	8513	3.3	15.452468529374
30	8749	3.4	15.398028247389
30	8983	3.5	15.439535913945
30	9213	3.6	15.470375200333
30	9444	3.7	15.461182522634
30	9680	3.8	15.378725659912
30	9914	3.9	15.481447405133
30	10148	4	15.473911617745
30	10382	4.1	15.415647288842
30	10622	4.2	15.455495414368
30	10857	4.3	15.445419481734
30	11088	4.4	15.417627751527
30	11322	4.5	15.494262021948
30	11555	4.6	15.474984836513
30	11792	4.7	15.437487345936
30	12023	4.8	15.496421832091
30	12263	4.9	15.493676229527
30	12501	5	15.494491177825
30	12733	5.1	15.463442928118
30	12968	5.2	15.386989558025
30	13197	5.3	15.39724829799
30	13427	5.4	15.407896565294
30	13657	5.5	15.444404004775
30	13884	5.6	15.392654831391
30	14114	5.7	15.469099572294
30	14346	5.8	15.494794307111
30	14573	5.9	15.486009508108
30	14805	6	15.441087219359
30	15043	6.1	15.46592444876
30	15275	6.2	15.466177306103
30	15508	6.3	15.504446700909
30	15741	6.4	15.43007676282
30	15976	6.5	15.412025651862
30	16212	6.6	15.452462746736
30	16447	6.7	15.484221654103
30	16685	6.8	15.478067131441
30	16928	6.9	15.406591006305
30	17163	7	15.458894540898
30	17390	7.1	15.455090351805
30	17631	7.2	15.407396937045
30	17865	7.3	15.392640248972
30	18094	7.4	15.407955774495
30	18326	7.5	15.45374034283
30	18556	7.6	15.450796617758
30	18788	7.7	15.433442144513
30	19024	7.8	15.44489421275
30	19258	7.9	15.393403011332
30	19493	8	15.398321625329
30	19724	8.1	15.495781215634
30	19960	8.2	15.463721332184
30	20189	8.3	15.450756816934
30	20425	8.4	15.419432525879
30	20658	8.5	15.423310280307
30	20889	8.6	15.438435017345
30	21122	8.7	15.459445880393
30	21358	8.8	15.499916649337
30	21588	8.9	15.500607133962
30	21830	9	15.403973656422
30	22068	9.1	15.481976767892
30	22304	9.2	15.45302985691
30	22543	9.3	15.39808521464
30	22778	9.4	15.448332033567
30	23001	9.5	15.434879946108
30	23244	9.6	15.503418366413
30	23477	9.7	15.449223666589
30	23711	9.8	15.445070622247
30	23947	9.9	15.463970212163
30	24175	10	15.424958844562
30	24403	10.1	15.475376643606
30	24639	10.2	15.485684145626
30	24881	10.3	15.456669450009
30	25111	10.4	15.423040824183
30	25345	10.5	15.458599469948
30	25579	10.6	15.433646971106
30	25810	10.7	15.403713661041
30	26042	10.8	15.416708641441
30	26279	10.9	15.365521820482
30	26514	11	14.936259179907
30	26750	11.1	14.543429923935
30	26985	11.2	14.093429923935
30	27220	11.3	13.643429923935
30	27449	11.4	13.193429923935
30	27678	11.5	12.743429923935
30	27915	11.6	12.293429923935
30	28143	11.7	11.856495773358
30	28377	11.8	11.441192810026
30	28614	11.9	10.991192810026
30	28846	12	10.544397704921
30	29075	12.1	10.094397704921
30	29302	12.2	9.6443977049215
30	29539	12.3	9.1943977049215
30	29773	12.4	8.7443977049215
30	30002	12.5	8.2943977049215
30	30246	12.6	7.8443977049215
30	30476	12.7	7.3943977049215
30	30709	12.8	6.9443977049215
30	30941	12.9	6.4943977049215
30	31175	13	6.0443977049215
30	31401	13.1	5.5943977049215
30	31641	13.2	5.1443977049215
30	31875	13.3	4.6943977049215
30	32113	13.4	4.2443977049215
30	32345	13.5	3.7943977049215
30	32826	13.6	3.3443977049215
30	34970	13.7	2.8943977049215
30	35056	13.8	30
30	35135	13.9	30
30	35164	14	30
30	35193	14.1	30
30	35222	14.2	30
30	35251	14.3	30
30	35280	14.4	30
30	35359	14.5	30
30	35386	14.6	30
30	35413	14.7	30
30	35440	14.8	30
30	35515	14.9	30
30	35540	15	30
30	35565	15.1	30
30	35590	15.2	30
30	35615	15.3	30
30	35640	15.4	30
30	35715	15.5	30
30	35786	15.6	30
30	35807	15.7	30
30	35828	15.8	30
30	35849	15.9	30
30	35870	16	30
30	35891	16.1	30
30	35912	16.2	30
30	35933	16.3	30
30	36004	16.4	30
30	36071	16.5	30
30	36088	16.6	30
30	36105	16.7	30
30	36122	16.8	30
30	36139	16.9	30
30	36156	17	30
30	36173	17.1	30
30	36190	17.2	30
30	36207	17.3	30
30	36224	17.4	30
30	36241	17.5	30
30	36258	17.6	30
30	36275	17.7	30
30	36292	17.8	30
30	36309	17.9	30
30	36326	18	30
30	36343	18.1	30
30	36360	18.2	30
30	36377	18.3	30
31	110	0.2	14.222961341048
31	239	0.3	14.187492862547
31	376	0.4	14.257202696165
31	511	0.5	14.278326602837
31	655	0.6	14.220503772097
31	805	0.7	14.253489372498
31	957	0.8	14.285425405533
31	1107	0.9	14.223101959895
31	1255	1	14.181560984271
31	1407	1.1	14.214866127952
31	1562	1.2	14.261633960817
31	1720	1.3	14.228690794041
31	1867	1.4	14.177772371809
31	2020	1.5	14.1861388404
31	2169	1.6	14.276142474034
31	2318	1.7	14.216135376499
31	2474	1.8	14.230559745085
31	2625	1.9	14.303632151921
31	2794	2	14.253830286822
31	2991	2.1	14.249470937325
31	3192	2.2	14.283687808398
31	3418	2.3	14.274310371476
31	3647	2.4	14.180040350282
31	3879	2.5	14.297264094596
31	5262	2.6	14.237969758255
31	6415	2.7	14.276612603893
31	6898	2.8	14.268820940536
31	7228	2.9	14.24191565106
31	7715	3	14.298891983063
31	8047	3.1	14.194236275589
31	8280	3.2	14.179454515305
31	8513	3.3	14.303477552413
31	8749	3.4	14.283710568711
31	8983	3.5	14.264638042306
31	9213	3.6	14.237882352733
31	9444	3.7	14.185626946626
31	9680	3.8	14.181599560967
31	9914	3.9	14.177485237367
31	10148	4	14.209292214954
31	10382	4.1	14.256355983343
31	10622	4.2	14.257820817729
31	10857	4.3	14.223660896654
31	11088	4.4	14.286313960665
31	11322	4.5	14.180702946471
31	11555	4.6	14.179932698415
31	11792	4.7	14.299328688018
31	12023	4.8	14.272536904752
31	12263	4.9	14.279848334252
31	12501	5	14.272291320382
31	12733	5.1	14.278272574244
31	12968	5.2	14.297178684762
31	13197	5.3	14.254555785056
31	13427	5.4	14.262278123622
31	13657	5.5	14.207549135863
31	13884	5.6	14.208144432521
31	14114	5.7	14.264668654286
31	14346	5.8	14.295249252264
31	14573	5.9	14.239370853927
31	14805	6	14.225385236836
31	15043	6.1	14.263763103197
31	15275	6.2	14.293081816315
31	15508	6.3	14.222502872474
31	15741	6.4	14.272701727574
31	15976	6.5	14.246139263723
31	16212	6.6	14.251369172491
31	16447	6.7	14.239215136835
31	16685	6.8	14.219836541881
31	16928	6.9	14.177586018584
31	17163	7	14.227100719366
31	17390	7.1	14.266268671116
31	17631	7.2	14.264460079214
31	17865	7.3	14.204909783698
31	18094	7.4	14.187989257267
31	18326	7.5	14.193416318151
31	18556	7.6	14.252991074103
31	18788	7.7	14.277414932804
31	19024	7.8	14.22527470951
31	19258	7.9	14.305530567242
31	19493	8	14.249017018029
31	19724	8.1	14.194916584935
31	19960	8.2	14.226426648615
31	20189	8.3	14.265110203329
31	20425	8.4	14.212098946586
31	20658	8.5	14.293565033233
31	20889	8.6	14.278384970346
31	21122	8.7	14.303943233786
31	21358	8.8	14.228040390402
31	21588	8.9	14.227913036408
31	21830	9	14.304889407112
31	22068	9.1	14.290080627809
31	22304	9.2	14.227829613123
31	22543	9.3	14.230892303508
31	22778	9.4	14.249213064395
31	23001	9.5	14.269630277453
31	23244	9.6	14.283702006716
31	23477	9.7	14.290236680513
31	23711	9.8	14.280131231964
31	23947	9.9	14.193913792137
31	24175	10	14.254373898537
31	24403	10.1	14.30267263444
31	24639	10.2	14.264502944914
31	24881	10.3	14.225655893298
31	25111	10.4	14.282612950861
31	25345	10.5	14.248507543908
31	25579	10.6	14.269559666757
31	25810	10.7	14.214756763068
31	26042	10.8	14.224811216936
31	26279	10.9	14.244401198282
31	26514	11	14.200844960116
31	26750	11.1	14.291288267601
31	26985	11.2	14.239538179669
31	27220	11.3	14.265474310646
31	27449	11.4	14.218298024508
31	27678	11.5	14.303326436054
31	27915	11.6	14.193480334604
31	28143	11.7	14.235538432736
31	28377	11.8	14.188474895473
31	28614	11.9	14.230946050215
31	28846	12	14.297689095042
31	29075	12.1	14.286023820702
31	29302	12.2	14.215891131971
31	29539	12.3	14.272372672035
31	29773	12.4	14.184795991255
31	30002	12.5	14.305903125683
31	30246	12.6	14.22144007576
31	30476	12.7	14.196223014764
31	30709	12.8	14.180824028969
31	30941	12.9	14.237118279285
31	31175	13	14.185072899115
31	31401	13.1	14.21943526896
31	31641	13.2	14.212565858535
31	31875	13.3	14.20960350812
31	32113	13.4	14.282443001823
31	32345	13.5	14.226143242915
31	32826	13.6	14.277581815574
31	34970	13.7	14.296785636168
31	35056	13.8	14.196353699901
31	35135	13.9	14.200934541391
31	35164	14	13.300934541391
31	35193	14.1	12.400934541391
31	35222	14.2	12.653867322943
31	35251	14.3	12.899439101062
31	35280	14.4	13.112439103016
31	35359	14.5	30
31	35386	14.6	30
31	35413	14.7	30
31	35440	14.8	30
31	35515	14.9	30
31	35540	15	30
31	35565	15.1	30
31	35590	15.2	30
31	35615	15.3	30
31	35640	15.4	30
31	35715	15.5	30
31	35786	15.6	30
31	35807	15.7	30
31	35828	15.8	30
31	35849	15.9	30
31	35870	16	30
31	35891	16.1	30
31	35912	16.2	30
31	35933	16.3	30
31	36004	16.4	30
31	36071	16.5	30
31	36088	16.6	30
31	36105	16.7	30
31	36122	16.8	30
31	36139	16.9	30
31	36156	17	30
31	36173	17.1	30
31	36190	17.2	30
31	36207	17.3	30
31	36224	17.4	30
31	36241	17.5	30
31	36258	17.6	30
31	36275	17.7	30
31	36292	17.8	30
31	36309	17.9	30
31	36326	18	30
31	36343	18.1	30
31	36360	18.2	30
31	36377	18.3	30
32	110	0.2	12.244051997572
32	239	0.3	12.228813863621
32	376	0.4	12.24490685336
32	511	0.5	12.214640154288
32	655	0.6	12.225467430201
32	805	0.7	12.263473550574
32	957	0.8	12.202914977005
32	1107	0.9	12.144754700713
32	1255	1	12.159073474837
32	1407	1.1	12.191410992033
32	1562	1.2	12.150494410709
32	1720	1.3	12.154531769123
32	1867	1.4	12.153155878206
32	2020	1.5	12.179022364883
32	2169	1.6	12.162080395463
32	2318	1.7	12.203938599049
32	2474	1.8	12.182697656223
32	2625	1.9	12.196669786597
32	2794	2	12.245248900099
32	2991	2.1	12.193823505183
32	3192	2.2	12.143091463024
32	3418	2.3	12.153897406092
32	3647	2.4	12.174114999256
32	3879	2.5	12.21362427655
32	5262	2.6	12.23785017168
32	6415	2.7	12.210875096977
32	6898	2.8	12.186431556005
32	7228	2.9	12.142342746916
32	7715	3	12.181954680499
32	8047	3.1	12.148228773616
32	8280	3.2	12.253356708429
32	8513	3.3	12.224475994102
32	8749	3.4	12.160245702147
32	8983	3.5	12.204391941194
32	9213	3.6	12.261469593124
32	9444	3.7	12.197852055069
32	9680	3.8	12.153551065294
32	9914	3.9	12.202912212237
32	10148	4	12.192313096476
32	10382	4.1	12.243430507666
32	10622	4.2	12.160448924477
32	10857	4.3	12.148059267338
32	11088	4.4	12.1682121711
32	11322	4.5	12.159898724723
32	11555	4.6	12.214322833585
32	11792	4.7	12.169672914677
32	12023	4.8	12.177340921728
32	12263	4.9	12.238324323731
32	12501	5	12.232110151953
32	12733	5.1	12.210538426981
32	12968	5.2	12.179587237042
32	13197	5.3	12.184077668156
32	13427	5.4	12.25637460916
32	13657	5.5	12.147013660629
32	13884	5.6	12.183759497226
32	14114	5.7	12.141825896063
32	14346	5.8	12.226823852175
32	14573	5.9	12.259411600816
32	14805	6	12.26084460427
32	15043	6.1	12.204559878743
32	15275	6.2	12.181584732369
32	15508	6.3	12.262954588892
32	15741	6.4	12.20293230585
32	15976	6.5	12.175133725422
32	16212	6.6	12.15042835147
32	16447	6.7	12.167717879279
32	16685	6.8	12.198665868439
32	16928	6.9	12.141216404507
32	17163	7	12.163503957576
32	17390	7.1	12.244899077454
32	17631	7.2	12.263568497062
32	17865	7.3	12.171377271604
32	18094	7.4	12.212927459531
32	18326	7.5	12.194342382235
32	18556	7.6	12.198089990054
32	18788	7.7	12.220099027065
32	19024	7.8	12.241897487262
32	19258	7.9	12.168589423228
32	19493	8	12.156545778661
32	19724	8.1	12.192215470273
32	19960	8.2	12.164197254671
32	20189	8.3	12.24433219765
32	20425	8.4	12.250732514652
32	20658	8.5	12.188295079001
32	20889	8.6	12.264602194621
32	21122	8.7	12.247366767019
32	21358	8.8	12.252338225345
32	21588	8.9	12.204974066982
32	21830	9	12.220231238677
32	22068	9.1	12.164109714184
32	22304	9.2	12.142272280265
32	22543	9.3	12.19214617242
32	22778	9.4	12.246625402247
32	23001	9.5	12.210549724627
32	23244	9.6	12.147491834628
32	23477	9.7	12.142438345769
32	23711	9.8	12.223039764142
32	23947	9.9	12.20007237875
32	24175	10	12.177569494523
32	24403	10.1	12.210237951804
32	24639	10.2	12.223956217788
32	24881	10.3	12.150255962742
32	25111	10.4	12.242247808814
32	25345	10.5	12.217394529755
32	25579	10.6	12.219281247469
32	25810	10.7	12.235391466924
32	26042	10.8	12.252510018611
32	26279	10.9	12.234323156624
32	26514	11	12.145902202047
32	26750	11.1	12.219593911291
32	26985	11.2	12.161176693022
32	27220	11.3	12.171633512938
32	27449	11.4	12.146756828645
32	27678	11.5	12.172085166312
32	27915	11.6	12.178175721556
32	28143	11.7	12.196613358449
32	28377	11.8	12.149699465855
32	28614	11.9	12.21748915295
32	28846	12	12.256132334684
32	29075	12.1	12.255931377156
32	29302	12.2	12.209874261337
32	29539	12.3	12.18664805248
32	29773	12.4	12.180158835353
32	30002	12.5	12.181689776528
32	30246	12.6	12.241467033947
32	30476	12.7	12.21905489474
32	30709	12.8	12.218519000331
32	30941	12.9	12.139780186048
32	31175	13	12.19235165141
32	31401	13.1	12.164727208561
32	31641	13.2	11.907328433991
32	31875	13.3	11.581544154686
32	32113	13.4	11.151376752009
32	32345	13.5	10.922918414218
32	32826	13.6	10.583066061555
32	34970	13.7	10.274740871453
32	35056	13.8	9.9003747860594
32	35135	13.9	10.095684135416
32	35164	14	10.29033300925
32	35193	14.1	10.525747086654
32	35222	14.2	10.719440375485
32	35251	14.3	10.880664289037
32	35280	14.4	11.056357113812
32	35359	14.5	11.268102202226
32	35386	14.6	11.479216765984
32	35413	14.7	11.712011179337
32	35440	14.8	11.887187789492
32	35515	14.9	11.54537416566
32	35540	15	11.09537416566
32	35565	15.1	10.663999058289
32	35590	15.2	10.219071003714
32	35615	15.3	9.769071003714
32	35640	15.4	9.3219272821634
32	35715	15.5	30
32	35786	15.6	30
32	35807	15.7	30
32	35828	15.8	30
32	35849	15.9	30
32	35870	16	30
32	35891	16.1	30
32	35912	16.2	30
32	35933	16.3	30
32	36004	16.4	30
32	36071	16.5	30
32	36088	16.6	30
32	36105	16.7	30
32	36122	16.8	30
32	36139	16.9	30
32	36156	17	30
32	36173	17.1	30
32	36190	17.2	30
32	36207	17.3	30
32	36224	17.4	30
32	36241	17.5	30
32	36258	17.6	30
32	36275	17.7	30
32	36292	17.8	30
32	36309	17.9	30
32	36326	18	30
32	36343	18.1	30
32	36360	18.2	30
32	36377	18.3	30
33	110	0.2	15.959290213638
33	239	0.3	15.981100851825
33	376	0.4	16.037816277593
33	511	0.5	16.002374992363
33	655	0.6	15.952491933125
33	805	0.7	15.987632911831
33	957	0.8	16.030311863515
33	1107	0.9	15.943105326972
33	1255	1	15.92986365403
33	1407	1.1	15.92611424914
33	1562	1.2	16.029010873417
33	1720	1.3	15.927858637442
33	1867	1.4	16.023536914079
33	2020	1.5	16.05063599995
33	2169	1.6	15.931074156113
33	2318	1.7	15.934237769702
33	2474	1.8	16.015845150807
33	2625	1.9	16.032446419051
33	2794	2	16.002657030736
33	2991	2.1	15.987674934628
33	3192	2.2	16.014017160427
33	3418	2.3	15.998218052258
33	3647	2.4	15.946152977589
33	3879	2.5	15.98095083607
33	5262	2.6	15.946046519884
33	6415	2.7	15.924461192208
33	6898	2.8	16.010826755314
33	7228	2.9	16.042230943736
33	7715	3	15.953463897225
33	8047	3.1	16.034642115884
33	8280	3.2	15.959765841827
33	8513	3.3	15.929892963335
33	8749	3.4	16.04455955001
33	8983	3.5	15.995930842083
33	9213	3.6	15.944716651104
33	9444	3.7	16.035141842837
33	9680	3.8	15.954576700674
33	9914	3.9	15.952429960942
33	10148	4	15.966301789604
33	10382	4.1	16.036940715841
33	10622	4.2	16.048952586834
33	10857	4.3	15.968779000569
33	11088	4.4	16.021408260103
33	11322	4.5	15.925567610505
33	11555	4.6	15.984722204256
33	11792	4.7	16.046369218302
33	12023	4.8	15.963223809015
33	12263	4.9	15.972529280052
33	12501	5	15.937610790065
33	12733	5.1	16.033011792932
33	12968	5.2	15.97471239512
33	13197	5.3	16.0128539376
33	13427	5.4	15.954837462107
33	13657	5.5	16.033745329435
33	13884	5.6	15.933176615631
33	14114	5.7	15.989346633217
33	14346	5.8	15.945741583418
33	14573	5.9	16.024165973644
33	14805	6	16.040176698211
33	15043	6.1	15.966480950037
33	15275	6.2	15.978794177551
33	15508	6.3	15.940201581366
33	15741	6.4	15.924435406308
33	15976	6.5	16.018272176002
33	16212	6.6	15.957519286488
33	16447	6.7	16.017046846754
33	16685	6.8	15.959649672791
33	16928	6.9	15.990222855871
33	17163	7	15.941219908329
33	17390	7.1	16.032967977968
33	17631	7.2	15.927789736555
33	17865	7.3	16.047706860233
33	18094	7.4	15.962991031997
33	18326	7.5	15.969309161798
33	18556	7.6	16.048022318789
33	18788	7.7	16.028412886268
33	19024	7.8	16.011083088996
33	19258	7.9	15.956218157249
33	19493	8	16.006610105135
33	19724	8.1	15.985061769112
33	19960	8.2	16.008018429104
33	20189	8.3	15.987154371407
33	20425	8.4	16.020041081371
33	20658	8.5	15.943335866944
33	20889	8.6	15.973040635722
33	21122	8.7	16.014480931982
33	21358	8.8	15.953249786805
33	21588	8.9	15.937640242599
33	21830	9	15.958198998465
33	22068	9.1	15.942840187062
33	22304	9.2	15.779903287024
33	22543	9.3	15.329903287024
33	22778	9.4	14.943114275632
33	23001	9.5	14.493114275632
33	23244	9.6	14.043114275632
33	23477	9.7	13.616121039696
33	23711	9.8	13.190685176995
33	23947	9.9	12.740685176995
33	24175	10	12.290685176995
33	24403	10.1	11.840685176995
33	24639	10.2	11.390685176995
33	24881	10.3	10.940685176995
33	25111	10.4	10.490685176995
33	25345	10.5	10.047753335687
33	25579	10.6	9.5977533356871
33	25810	10.7	9.1477533356871
33	26042	10.8	8.6977533356871
33	26279	10.9	8.2477533356872
33	26514	11	7.7977533356872
33	26750	11.1	7.3477533356872
33	26985	11.2	6.8977533356871
33	27220	11.3	6.4477533356871
33	27449	11.4	5.9990061750781
33	27678	11.5	5.5490061750781
33	27915	11.6	5.0990061750781
33	28143	11.7	4.6490061750781
33	28377	11.8	4.1990061750781
33	28614	11.9	3.7490061750781
33	28846	12	3.2990061750781
33	29075	12.1	2.8490061750781
33	29302	12.2	2.3990061750781
33	29539	12.3	1.9490061750781
33	29773	12.4	1.5111973529411
33	30002	12.5	1.0611973529411
33	30246	12.6	0.61363372527406
33	30476	12.7	0.16469082990816
33	30709	12.8	0.0039025388376513
33	30941	12.9	0.00016721023602991
33	31175	13	0
33	31401	13.1	0
33	31641	13.2	0
33	31875	13.3	0
33	32113	13.4	0
33	32345	13.5	0
33	32826	13.6	0
33	34970	13.7	0
33	35056	13.8	30
33	35135	13.9	30
33	35164	14	30
33	35193	14.1	30
33	35222	14.2	30
33	35251	14.3	30
33	35280	14.4	30
33	35359	14.5	30
33	35386	14.6	30
33	35413	14.7	30
33	35440	14.8	30
33	35515	14.9	30
33	35540	15	30
33	35565	15.1	30
33	35590	15.2	30
33	35615	15.3	30
33	35640	15.4	30
33	35715	15.5	30
33	35786	15.6	30
33	35807	15.7	30
33	35828	15.8	30
33	35849	15.9	30
33	35870	16	30
33	35891	16.1	30
33	35912	16.2	30
33	35933	16.3	30
33	36004	16.4	30
33	36071	16.5	30
33	36088	16.6	30
33	36105	16.7	30
33	36122	16.8	30
33	36139	16.9	30
33	36156	17	30
33	36173	17.1	30
33	36190	17.2	30
33	36207	17.3	30
33	36224	17.4	30
33	36241	17.5	30
33	36258	17.6	30
33	36275	17.7	30
33	36292	17.8	30
33	36309	17.9	30
33	36326	18	30
33	36343	18.1	30
33	36360	18.2	30
33	36377	18.3	30
34	110	0.2	13.019317202016
34	239	0.3	13.027537187368
34	376	0.4	13.094568224493
34	511	0.5	13.086561118985
34	655	0.6	13.122082670428
34	805	0.7	13.005494906818
34	957	0.8	13.032385163912
34	1107	0.9	13.067869259451
34	1255	1	13.07275252232
34	1407	1.1	13.08827776323
34	1562	1.2	13.061107406064
34	1720	1.3	13.088581204519
34	1867	1.4	13.03714334903
34	2020	1.5	13.020506771276
34	2169	1.6	13.021248335908
34	2318	1.7	13.023490598974
34	2474	1.8	13.03174000302
34	2625	1.9	13.044353638638
34	2794	2	13.036297315966
34	2991	2.1	13.022214463583
34	3192	2.2	13.10014776431
34	3418	2.3	13.114628190654
34	3647	2.4	13.109070818805
34	3879	2.5	13.085740646296
34	5262	2.6	13.066463314122
34	6415	2.7	13.112136037687
34	6898	2.8	13.128342785828
34	7228	2.9	13.122681592223
34	7715	3	13.002227235836
34	8047	3.1	13.090758231666
34	8280	3.2	13.047188968974
34	8513	3.3	13.098335904222
34	8749	3.4	13.070318119092
34	8983	3.5	13.03117336197
34	9213	3.6	13.080138713195
34	9444	3.7	13.037827321346
34	9680	3.8	13.080728193134
34	9914	3.9	13.083115291711
34	10148	4	13.043589979135
34	10382	4.1	13.100343180799
34	10622	4.2	13.129437066966
34	10857	4.3	13.028558406769
34	11088	4.4	13.022360587057
34	11322	4.5	13.086739820889
34	11555	4.6	13.03103553259
34	11792	4.7	13.123874930392
34	12023	4.8	13.048011129347
34	12263	4.9	13.02720693137
34	12501	5	13.042068312372
34	12733	5.1	13.130688943567
34	12968	5.2	13.046659168116
34	13197	5.3	13.121659783534
34	13427	5.4	13.01405855413
34	13657	5.5	13.092452056817
34	13884	5.6	13.064706757969
34	14114	5.7	13.014045897875
34	14346	5.8	13.113682609491
34	14573	5.9	13.002437988477
34	14805	6	13.059242626372
34	15043	6.1	13.010176683862
34	15275	6.2	13.044300870555
34	15508	6.3	13.118814466639
34	15741	6.4	13.122625911997
34	15976	6.5	13.004799034553
34	16212	6.6	13.06025001727
34	16447	6.7	13.126015075123
34	16685	6.8	13.06829564478
34	16928	6.9	13.010231043223
34	17163	7	13.026717362534
34	17390	7.1	13.028593808354
34	17631	7.2	13.09268464799
34	17865	7.3	13.035649454989
34	18094	7.4	13.025393059006
34	18326	7.5	13.125274123116
34	18556	7.6	13.075379175885
34	18788	7.7	13.012422678456
34	19024	7.8	13.020302376334
34	19258	7.9	13.04077896655
34	19493	8	13.053911070965
34	19724	8.1	13.093159911511
34	19960	8.2	13.05837579203
34	20189	8.3	13.077873440075
34	20425	8.4	13.126249557773
34	20658	8.5	13.05659672355
34	20889	8.6	13.038826198708
34	21122	8.7	13.043999822435
34	21358	8.8	13.072644162454
34	21588	8.9	13.084508405262
34	21830	9	13.006545805218
34	22068	9.1	13.002398370653
34	22304	9.2	13.044351465639
34	22543	9.3	13.012083439708
34	22778	9.4	13.027876463073
34	23001	9.5	13.006592717959
34	23244	9.6	13.08199017107
34	23477	9.7	13.117848719402
34	23711	9.8	13.131281383503
34	23947	9.9	13.07546692613
34	24175	10	13.070944992855
34	24403	10.1	13.0497730811
34	24639	10.2	13.106279611773
34	24881	10.3	13.053247861517
34	25111	10.4	13.062754193467
34	25345	10.5	13.129085425971
34	25579	10.6	13.10527910442
34	25810	10.7	13.062761163397
34	26042	10.8	13.002498223702
34	26279	10.9	13.054208694444
34	26514	11	13.022149474983
34	26750	11.1	13.071088322866
34	26985	11.2	13.108880994266
34	27220	11.3	13.068370385421
34	27449	11.4	13.120095615165
34	27678	11.5	13.007345594644
34	27915	11.6	13.07814474418
34	28143	11.7	13.076773989801
34	28377	11.8	13.130995964347
34	28614	11.9	13.098503063884
34	28846	12	13.041379511798
34	29075	12.1	13.120001124967
34	29302	12.2	13.049013980652
34	29539	12.3	13.06875410736
34	29773	12.4	13.119739363661
34	30002	12.5	13.059244858575
34	30246	12.6	13.015899930042
34	30476	12.7	13.06840246007
34	30709	12.8	13.0820644033
34	30941	12.9	13.123765479456
34	31175	13	13.007757649475
34	31401	13.1	13.070161868466
34	31641	13.2	13.071337741948
34	31875	13.3	13.08241809616
34	32113	13.4	13.112218867265
34	32345	13.5	13.03841998696
34	32826	13.6	13.032602864054
34	34970	13.7	13.043453804869
34	35056	13.8	13.005798692586
34	35135	13.9	13.013663316797
34	35164	14	13.040460796255
34	35193	14.1	13.014676145913
34	35222	14.2	13.033296727009
34	35251	14.3	13.016121306412
34	35280	14.4	13.115421036907
34	35359	14.5	13.037886508179
34	35386	14.6	13.031731873857
34	35413	14.7	13.078817492856
34	35440	14.8	30
34	35515	14.9	30
34	35540	15	30
34	35565	15.1	30
34	35590	15.2	30
34	35615	15.3	30
34	35640	15.4	30
34	35715	15.5	30
34	35786	15.6	30
34	35807	15.7	30
34	35828	15.8	30
34	35849	15.9	30
34	35870	16	30
34	35891	16.1	30
34	35912	16.2	30
34	35933	16.3	30
34	36004	16.4	30
34	36071	16.5	30
34	36088	16.6	30
34	36105	16.7	30
34	36122	16.8	30
34	36139	16.9	30
34	36156	17	30
34	36173	17.1	30
34	36190	17.2	30
34	36207	17.3	30
34	36224	17.4	30
34	36241	17.5	30
34	36258	17.6	30
34	36275	17.7	30
34	36292	17.8	30
34	36309	17.9	30
34	36326	18	30
34	36343	18.1	30
34	36360	18.2	30
34	36377	18.3	30
35	239	0.3	0.33418089298065
35	376	0.4	-1.2078481578501
35	511	0.5	0.82650425084866
35	655	0.6	-0.5823738192208
35	805	0.7	0.20654025857802
35	957	0.8	-0.48806445763912
35	1107	0.9	0.44258065535686
35	1255	1	0.56973524466159
35	1407	1.1	-0.17778380170931
35	1562	1.2	0.27040674414019
35	1720	1.3	-0.10837658043018
35	1867	1.4	-0.8945171983447
35	2020	1.5	-0.012607147917159
35	2169	1.6	1.1042630213313
35	2318	1.7	-1.1277990458533
35	2474	1.8	1.1190965780057
35	2625	1.9	-0.9894961848855
35	2794	2	0.38083361694589
35	2991	2.1	0.590375475795
35	3192	2.2	-0.38089161706157
35	3418	2.3	-0.3720173287671
35	3647	2.4	0.31120884120465
35	3879	2.5	0.50077653254847
35	5262	2.6	-0.19542858453933
35	6415	2.7	-0.32808554943186
35	6898	2.8	0.4993120742729
35	7228	2.9	-0.30549220854883
35	7715	3	-0.83988270114642
35	8047	3.1	0.85906576253475
35	8280	3.2	0.019652799912731
35	8513	3.3	-0.18138309870848
35	8749	3.4	-0.54440281984862
35	8983	3.5	0.41507666555699
35	9213	3.6	0.30839286388364
35	9444	3.7	-0.091926776990299
35	9680	3.8	-0.82456862721592
35	9914	3.9	1.0272174522048
35	10148	4	-0.075357873877522
35	10382	4.1	-0.58264328902586
35	10622	4.2	0.39848125525749
35	10857	4.3	-0.10075932634063
35	11088	4.4	-0.2779173020739
35	11322	4.5	0.76634270420763
35	11555	4.6	-0.19277185434476
35	11792	4.7	-0.37497490576934
35	12023	4.8	0.58934486154467
35	12263	4.9	-0.027456025639552
35	12501	5	0.0081494829850293
35	12733	5.1	-0.31048249707091
35	12968	5.2	-0.76453370093368
35	13197	5.3	0.10258739965501
35	13427	5.4	0.1064826730406
35	13657	5.5	0.3650743948063
35	13884	5.6	-0.51749173384161
35	14114	5.7	0.76444740903099
35	14346	5.8	0.25694734817371
35	14573	5.9	-0.087847990030436
35	14805	6	-0.44922288749365
35	15043	6.1	0.24837229400873
35	15275	6.2	0.0025285734329294
35	15508	6.3	0.3826939480612
35	15741	6.4	-0.74369938089511
35	15976	6.5	-0.18051110957749
35	16212	6.6	0.40437094874214
35	16447	6.7	0.31758907367475
35	16685	6.8	-0.061545226629818
35	16928	6.9	-0.71476125135087
35	17163	7	0.52303534592502
35	17390	7.1	-0.038041890924809
35	17631	7.2	-0.47693414760287
35	17865	7.3	-0.14756688072811
35	18094	7.4	0.15315525522455
35	18326	7.5	0.45784568334931
35	18556	7.6	-0.029437250713826
35	18788	7.7	-0.17354473245796
35	19024	7.8	0.11452068237121
35	19258	7.9	-0.5149120141752
35	19493	8	0.049186139972885
35	19724	8.1	0.97459590304641
35	19960	8.2	-0.32059883449692
35	20189	8.3	-0.12964515250641
35	20425	8.4	-0.31324291054625
35	20658	8.5	0.038777544279576
35	20889	8.6	0.15124737038278
35	21122	8.7	0.21010863047559
35	21358	8.8	0.4047076894436
35	21588	8.9	0.0069048462435539
35	21830	9	-0.96633477539289
35	22068	9.1	0.78003111470025
35	22304	9.2	-0.28946910982485
35	22543	9.3	-0.54944642269984
35	22778	9.4	0.50246818927116
35	23001	9.5	-0.13452087459154
35	23244	9.6	0.68538420305121
35	23477	9.7	-0.54194699823856
35	23711	9.8	-0.041530443425284
35	23947	9.9	0.18899589916691
35	24175	10	-0.39011367601342
35	24403	10.1	0.50417799043935
35	24639	10.2	0.10307502020151
35	24881	10.3	-0.29014695617372
35	25111	10.4	-0.33628625825513
35	25345	10.5	0.35558645764832
35	25579	10.6	-0.24952498842032
35	25810	10.7	-0.29933310064953
35	26042	10.8	0.12994980399963
35	26279	10.9	-0.51186820958977
35	26514	11	-4.2926264057525
35	26750	11.1	-3.9282925597173
35	26985	11.2	-4.5
35	27220	11.3	-4.5
35	27449	11.4	-4.5
35	27678	11.5	-4.5
35	27915	11.6	-4.5
35	28143	11.7	-4.3693415057689
35	28377	11.8	-4.1530296333251
35	28614	11.9	-4.5
35	28846	12	-4.4679510510411
35	29075	12.1	-4.5
35	29302	12.2	-4.5
35	29539	12.3	-4.5
35	29773	12.4	-4.5
35	30002	12.5	-4.5
35	30246	12.6	-4.5
35	30476	12.7	-4.5
35	30709	12.8	-4.5
35	30941	12.9	-4.5
35	31175	13	-4.5
35	31401	13.1	-4.5
35	31641	13.2	-4.5
35	31875	13.3	-4.5
35	32113	13.4	-4.5
35	32345	13.5	-4.5
35	32826	13.6	-4.5
35	34970	13.7	-4.5
35	35056	13.8	271.05602295079
35	35135	13.9	0
35	35164	14	0
35	35193	14.1	0
35	35222	14.2	0
35	35251	14.3	0
35	35280	14.4	0
35	35359	14.5	0
35	35386	14.6	0
35	35413	14.7	0
35	35440	14.8	0
35	35515	14.9	0
35	35540	15	0
35	35565	15.1	0
35	35590	15.2	0
35	35615	15.3	0
35	35640	15.4	0
35	35715	15.5	0
35	35786	15.6	0
35	35807	15.7	0
35	35828	15.8	0
35	35849	15.9	0
35	35870	16	0
35	35891	16.1	0
35	35912	16.2	0
35	35933	16.3	0
35	36004	16.4	0
35	36071	16.5	0
35	36088	16.6	0
35	36105	16.7	0
35	36122	16.8	0
35	36139	16.9	0
35	36156	17	0
35	36173	17.1	0
35	36190	17.2	0
35	36207	17.3	0
35	36224	17.4	0
35	36241	17.5	0
35	36258	17.6	0
35	36275	17.7	0
35	36292	17.8	0
35	36309	17.9	0
35	36326	18	0
35	36343	18.1	0
35	36360	18.2	0
35	36377	18.3	0
36	239	0.3	3.4503801561269
36	376	0.4	0.973
36	511	0.5	5.2776795597428
36	655	0.6	0.973
36	805	0.7	2.961088689826
36	957	0.8	0.973
36	1107	0.9	3.8375990990853
36	1255	1	4.3245157072244
36	1407	1.1	1.5347844553917
36	1562	1.2	3.2096019776925
36	1720	1.3	1.7948284354142
36	1867	1.4	0.973
36	2020	1.5	2.1419521342572
36	2169	1.6	6.3253625501096
36	2318	1.7	0.973
36	2474	1.8	6.380426130194
36	2625	1.9	0.973
36	2794	2	3.6108682793925
36	2991	2.1	4.4054772745855
36	3192	2.2	0.973
36	3418	2.3	0.973
36	3647	2.4	3.3546946739436
36	3879	2.5	4.0723057627921
36	5262	2.6	1.4703612867923
36	6415	2.7	0.973
36	6898	2.8	4.0662662922655
36	7228	2.9	1.0591950594637
36	7715	3	0.973
36	8047	3.1	5.400678847604
36	8280	3.2	2.2716299453756
36	8513	3.3	1.5208006279412
36	8749	3.4	0.973
36	8983	3.5	3.7392709251856
36	9213	3.6	3.3481293367908
36	9444	3.7	1.8547442662332
36	9680	3.8	0.973
36	9914	3.9	6.0321765555723
36	10148	4	1.9177092611775
36	10382	4.1	0.973
36	10622	4.2	3.6808785691913
36	10857	4.3	1.8204120500656
36	11088	4.4	1.1596553962919
36	11322	4.5	5.0626821290929
36	11555	4.6	1.479920688269
36	11792	4.7	0.973
36	12023	4.8	4.402306119636
36	12263	4.9	2.0984813250478
36	12501	5	2.23152657192
36	12733	5.1	1.0404636409979
36	12968	5.2	0.973
36	13197	5.3	2.5706493335831
36	13427	5.4	2.5865906986927
36	13657	5.5	3.5542009188771
36	13884	5.6	0.973
36	14114	5.7	5.0480839035618
36	14346	5.8	3.1606342498392
36	14573	5.9	1.872261856017
36	14805	6	0.973
36	15043	6.1	3.1235747797055
36	15275	6.2	2.2072735952507
36	15508	6.3	3.6322014249781
36	15741	6.4	0.973
36	15976	6.5	1.5211871011408
36	16212	6.6	3.7021737849752
36	16447	6.7	3.3850630947784
36	16685	6.8	1.9696342126518
36	16928	6.9	0.973
36	17163	7	4.1456319684209
36	17390	7.1	2.0548856904097
36	17631	7.2	0.973
36	17865	7.3	1.6420315477985
36	18094	7.4	2.7599090787683
36	18326	7.5	3.9016031772185
36	18556	7.6	2.0864743730708
36	18788	7.7	1.5486114789507
36	19024	7.8	2.6216841872708
36	19258	7.9	0.973
36	19493	8	2.3726263372967
36	19724	8.1	5.8408551664504
36	19960	8.2	1.0027735592781
36	20189	8.3	1.7133327130866
36	20425	8.4	1.0284675824981
36	20658	8.5	2.3370837724668
36	20889	8.6	2.7574151129383
36	21122	8.7	2.9798852354978
36	21358	8.8	3.7134952756405
36	21588	8.9	2.2275911791813
36	21830	9	0.973
36	22068	9.1	5.1100774182772
36	22304	9.2	1.1183085337097
36	22543	9.3	0.973
36	22778	9.4	4.0665194304729
36	23001	9.5	1.6938768070019
36	23244	9.6	4.7629372839267
36	23477	9.7	0.973
36	23711	9.8	2.0408460498271
36	23947	9.9	2.9019490548162
36	24175	10	0.973
36	24403	10.1	4.0792676756021
36	24639	10.2	2.5847656223855
36	24881	10.3	1.1159461076095
36	25111	10.4	0.973
36	25345	10.5	3.5217264018288
36	25579	10.6	1.2660170743503
36	25810	10.7	1.0794985761497
36	26042	10.8	2.67501244434
36	26279	10.9	0.973
36	26514	11	0.973
36	26750	11.1	0.973
36	26985	11.2	0.973
36	27220	11.3	0.973
36	27449	11.4	0.973
36	27678	11.5	0.973
36	27915	11.6	0.973
36	28143	11.7	0.973
36	28377	11.8	0.973
36	28614	11.9	0.973
36	28846	12	0.973
36	29075	12.1	0.973
36	29302	12.2	0.973
36	29539	12.3	0.973
36	29773	12.4	0.973
36	30002	12.5	0.973
36	30246	12.6	0.973
36	30476	12.7	0.973
36	30709	12.8	0.973
36	30941	12.9	0.973
36	31175	13	0.973
36	31401	13.1	0.973
36	31641	13.2	0.973
36	31875	13.3	0.973
36	32113	13.4	0.973
36	32345	13.5	0.973
36	32826	13.6	0.973
36	34970	13.7	0.973
36	35056	13.8	1964.7864756942
36	35135	13.9	5.05142976
36	35164	14	5.05142976
36	35193	14.1	5.05142976
36	35222	14.2	5.05142976
36	35251	14.3	5.05142976
36	35280	14.4	5.05142976
36	35359	14.5	5.05142976
36	35386	14.6	5.05142976
36	35413	14.7	5.05142976
36	35440	14.8	5.05142976
36	35515	14.9	5.05142976
36	35540	15	5.05142976
36	35565	15.1	5.05142976
36	35590	15.2	5.05142976
36	35615	15.3	5.05142976
36	35640	15.4	5.05142976
36	35715	15.5	5.05142976
36	35786	15.6	5.05142976
36	35807	15.7	5.05142976
36	35828	15.8	5.05142976
36	35849	15.9	5.05142976
36	35870	16	5.05142976
36	35891	16.1	5.05142976
36	35912	16.2	5.05142976
36	35933	16.3	5.05142976
36	36004	16.4	5.05142976
36	36071	16.5	5.05142976
36	36088	16.6	5.05142976
36	36105	16.7	5.05142976
36	36122	16.8	5.05142976
36	36139	16.9	5.05142976
36	36156	17	5.05142976
36	36173	17.1	5.05142976
36	36190	17.2	5.05142976
36	36207	17.3	5.05142976
36	36224	17.4	5.05142976
36	36241	17.5	5.05142976
36	36258	17.6	5.05142976
36	36275	17.7	5.05142976
36	36292	17.8	5.05142976
36	36309	17.9	5.05142976
36	36326	18	5.05142976
36	36343	18.1	5.05142976
36	36360	18.2	5.05142976
36	36377	18.3	5.05142976
37	239	0.3	-0.35468478500842
37	376	0.4	0.69709833618253
37	511	0.5	0.21123906672001
37	655	0.6	-0.57822830739896
37	805	0.7	0.32985600400716
37	957	0.8	0.31936033035162
37	1107	0.9	-0.62323445638176
37	1255	1	-0.4154097562423
37	1407	1.1	0.33305143681355
37	1562	1.2	0.46767832865008
37	1720	1.3	-0.32943166776095
37	1867	1.4	-0.50918422231916
37	2020	1.5	0.083664685906832
37	2169	1.6	0.90003633634188
37	2318	1.7	-0.60007097534836
37	2474	1.8	0.14424368585461
37	2625	1.9	0.73072406835854
37	2794	2	-0.49801865098999
37	2991	2.1	-0.043593494966618
37	3192	2.2	0.34216871073005
37	3418	2.3	-0.093774369219322
37	3647	2.4	-0.94270021193662
37	3879	2.5	1.1722374431323
37	5262	2.6	-0.5929433634039
37	6415	2.7	0.38642845638096
37	6898	2.8	-0.077916633570556
37	7228	2.9	-0.26905289476272
37	7715	3	0.5697633200325
37	8047	3.1	-1.0465570747387
37	8280	3.2	-0.14781760284677
37	8513	3.3	1.2402303710813
37	8749	3.4	-0.19766983701848
37	8983	3.5	-0.19072526404633
37	9213	3.6	-0.26755689573475
37	9444	3.7	-0.52255406107287
37	9680	3.8	-0.040273856581194
37	9914	3.9	-0.041143236006604
37	10148	4	0.3180697758682
37	10382	4.1	0.47063768389636
37	10622	4.2	0.014648343855512
37	10857	4.3	-0.34159921074753
37	11088	4.4	0.62653064010666
37	11322	4.5	-1.0561101419386
37	11555	4.6	-0.0077024805592352
37	11792	4.7	1.1939598960336
37	12023	4.8	-0.26791783266235
37	12263	4.9	0.073114295001133
37	12501	5	-0.075570138706826
37	12733	5.1	0.059812538628474
37	12968	5.2	0.18906110518147
37	13197	5.3	-0.42622899706476
37	13427	5.4	0.077223385660918
37	13657	5.5	-0.54728987759445
37	13884	5.6	0.0059529665857383
37	14114	5.7	0.56524221764413
37	14346	5.8	0.30580597978551
37	14573	5.9	-0.55878398336935
37	14805	6	-0.13985617090949
37	15043	6.1	0.38377866360825
37	15275	6.2	0.29318713117391
37	15508	6.3	-0.70578943840228
37	15741	6.4	0.50198855099733
37	15976	6.5	-0.26562463850714
37	16212	6.6	0.052299087680883
37	16447	6.7	-0.12154035656712
37	16685	6.8	-0.19378594954032
37	16928	6.9	-0.42250523297117
37	17163	7	0.49514700782019
37	17390	7.1	0.39167951750569
37	17631	7.2	-0.018085919017903
37	17865	7.3	-0.59550295516383
37	18094	7.4	-0.16920526430477
37	18326	7.5	0.054270608839584
37	18556	7.6	0.59574755951761
37	18788	7.7	0.2442385870032
37	19024	7.8	-0.52140223293099
37	19258	7.9	0.80255857731682
37	19493	8	-0.56513549212832
37	19724	8.1	-0.54100433094428
37	19960	8.2	0.31510063679889
37	20189	8.3	0.3868355471408
37	20425	8.4	-0.53011256742757
37	20658	8.5	0.81466086646543
37	20889	8.6	-0.15180062886794
37	21122	8.7	0.25558263440615
37	21358	8.8	-0.75902843384537
37	21588	8.9	-0.0012735399417707
37	21830	9	0.76976370704362
37	22068	9.1	-0.14808779302985
37	22304	9.2	-0.6225101468619
37	22543	9.3	0.030626903846862
37	22778	9.4	0.18320760887582
37	23001	9.5	0.20417213058099
37	23244	9.6	0.1407172926236
37	23477	9.7	0.065346737974323
37	23711	9.8	-0.10105448549147
37	23947	9.9	-0.86217439826578
37	24175	10	0.60460106399841
37	24403	10.1	0.48298735902645
37	24639	10.2	-0.38169689525384
37	24881	10.3	-0.38847051616758
37	25111	10.4	0.56957057563123
37	25345	10.5	-0.34105406953023
37	25579	10.6	0.21052122849506
37	25810	10.7	-0.54802903688978
37	26042	10.8	0.10054453867488
37	26279	10.9	0.19589981345925
37	26514	11	-0.43556238166056
37	26750	11.1	0.90443307484966
37	26985	11.2	-0.51750087931287
37	27220	11.3	0.2593613097677
37	27449	11.4	-0.47176286138129
37	27678	11.5	0.85028411545791
37	27915	11.6	-1.098461014498
37	28143	11.7	0.42058098132257
37	28377	11.8	-0.47063537263313
37	28614	11.9	0.42471154741943
37	28846	12	0.667430448276
37	29075	12.1	-0.11665274340194
37	29302	12.2	-0.70132688730956
37	29539	12.3	0.56481540063396
37	29773	12.4	-0.87576680779456
37	30002	12.5	1.2110713442788
37	30246	12.6	-0.8446304992307
37	30476	12.7	-0.25217060996221
37	30709	12.8	-0.15398985794745
37	30941	12.9	0.56294250315986
37	31175	13	-0.52045380170457
37	31401	13.1	0.34362369845621
37	31641	13.2	-0.068694104254234
37	31875	13.3	-0.029623504146006
37	32113	13.4	0.72839493702631
37	32345	13.5	-0.56299758907407
37	32826	13.6	0.51438572658226
37	34970	13.7	0.19203820594122
37	35056	13.8	-1.0043193626683
37	35135	13.9	0.045808414905348
37	35164	14	-9
37	35193	14.1	-9
37	35222	14.2	2.529327815515
37	35251	14.3	2.4557177811861
37	35280	14.4	2.1300000195392
37	35359	14.5	168.87560896984
37	35386	14.6	0
37	35413	14.7	0
37	35440	14.8	0
37	35515	14.9	0
37	35540	15	0
37	35565	15.1	0
37	35590	15.2	0
37	35615	15.3	0
37	35640	15.4	0
37	35715	15.5	0
37	35786	15.6	0
37	35807	15.7	0
37	35828	15.8	0
37	35849	15.9	0
37	35870	16	0
37	35891	16.1	0
37	35912	16.2	0
37	35933	16.3	0
37	36004	16.4	0
37	36071	16.5	0
37	36088	16.6	0
37	36105	16.7	0
37	36122	16.8	0
37	36139	16.9	0
37	36156	17	0
37	36173	17.1	0
37	36190	17.2	0
37	36207	17.3	0
37	36224	17.4	0
37	36241	17.5	0
37	36258	17.6	0
37	36275	17.7	0
37	36292	17.8	0
37	36309	17.9	0
37	36326	18	0
37	36343	18.1	0
37	36360	18.2	0
37	36377	18.3	0
38	239	0.3	0.973
38	376	0.4	4.4607043014168
38	511	0.5	2.7945848688772
38	655	0.6	0.973
38	805	0.7	3.1981813940745
38	957	0.8	3.1679285246128
38	1107	0.9	0.973
38	1255	1	0.973
38	1407	1.1	3.202025959771
38	1562	1.2	3.6733833199023
38	1720	1.3	0.973
38	1867	1.4	0.973
38	2020	1.5	2.3441106480082
38	2169	1.6	5.1640866086949
38	2318	1.7	0.973
38	2474	1.8	2.5573940348935
38	2625	1.9	4.5892820700481
38	2794	2	0.973
38	2991	2.1	1.9149705838801
38	3192	2.2	3.2461275634703
38	3418	2.3	1.7446804068368
38	3647	2.4	0.973
38	3879	2.5	6.1087889505561
38	5262	2.6	0.973
38	6415	2.7	3.3970858616013
38	6898	2.8	1.7987611533795
38	7228	2.9	1.1404158933021
38	7715	3	4.0332739132471
38	8047	3.1	0.973
38	8280	3.2	1.5522482781758
38	8513	3.3	6.3455772040073
38	8749	3.4	1.3878055108903
38	8983	3.5	1.4105909644742
38	9213	3.6	1.1453894624529
38	9444	3.7	0.973
38	9680	3.8	1.9199541856297
38	9914	3.9	1.9165959173645
38	10148	4	3.1496938808782
38	10382	4.1	3.6824041269088
38	10622	4.2	2.1158826070388
38	10857	4.3	0.973
38	11088	4.4	4.2256779211188
38	11322	4.5	0.973
38	11555	4.6	2.0311053002712
38	11792	4.7	6.184447364353
38	12023	4.8	1.1455367712866
38	12263	4.9	2.3194731427373
38	12501	5	1.8071303170326
38	12733	5.1	2.2735081318342
38	12968	5.2	2.7211037473453
38	13197	5.3	0.973
38	13427	5.4	2.3314480550245
38	13657	5.5	0.973
38	13884	5.6	2.0807475396625
38	14114	5.7	4.009446539564
38	14346	5.8	3.1230176697288
38	14573	5.9	0.973
38	14805	6	1.582689627356
38	15043	6.1	3.3854353276414
38	15275	6.2	3.0791633434396
38	15508	6.3	0.973
38	15741	6.4	3.7938066305591
38	15976	6.5	1.1523535622945
38	16212	6.6	2.2444997870042
38	16447	6.7	1.6465204802167
38	16685	6.8	1.3974816139672
38	16928	6.9	0.973
38	17163	7	3.7600660378814
38	17390	7.1	3.4130937234399
38	17631	7.2	2.0040688219558
38	17865	7.3	0.973
38	18094	7.4	1.4797008497562
38	18326	7.5	2.244468772261
38	18556	7.6	4.1114194308932
38	18788	7.7	2.9079896022969
38	19024	7.8	0.973
38	19258	7.9	4.83747463845
38	19493	8	0.973
38	19724	8.1	0.973
38	19960	8.2	3.1426138988675
38	20189	8.3	3.3962101031918
38	20425	8.4	0.973
38	20658	8.5	4.8755943745488
38	20889	8.6	1.5453414052311
38	21122	8.7	2.9514380384984
38	21358	8.8	0.973
38	21588	8.9	2.0580578876829
38	21830	9	4.7242237306008
38	22068	9.1	1.5589257524054
38	22304	9.2	0.973
38	22543	9.3	2.1677750691768
38	22778	9.4	2.693795020285
38	23001	9.5	2.7689285385494
38	23244	9.6	2.5526594639966
38	23477	9.7	2.2939937638837
38	23711	9.8	1.720103878875
38	23947	9.9	0.973
38	24175	10	4.1421770180477
38	24403	10.1	3.7350778163418
38	24639	10.2	0.973
38	24881	10.3	0.973
38	25111	10.4	4.028668476009
38	25345	10.5	0.973
38	25579	10.6	2.7907519916235
38	25810	10.7	0.973
38	26042	10.8	2.4067858785659
38	26279	10.9	2.7366508437044
38	26514	11	0.973
38	26750	11.1	5.1841021295868
38	26985	11.2	0.973
38	27220	11.3	2.95802835652
38	27449	11.4	0.973
38	27678	11.5	5.0013317886654
38	27915	11.6	0.973
38	28143	11.7	3.5061350500973
38	28377	11.8	0.973
38	28614	11.9	3.5193566249429
38	28846	12	4.3695183909347
38	29075	12.1	1.6668740441733
38	29302	12.2	0.973
38	29539	12.3	4.0098342305104
38	29773	12.4	0.973
38	30002	12.5	6.2460245208696
38	30246	12.6	0.973
38	30476	12.7	1.1963734058229
38	30709	12.8	1.5312477060157
38	30941	12.9	3.9949232279692
38	31175	13	0.973
38	31401	13.1	3.2390989813777
38	31641	13.2	1.8255313454722
38	31875	13.3	1.9590695185723
38	32113	13.4	4.5753117148125
38	32345	13.5	0.973
38	32826	13.6	3.8375654443847
38	34970	13.7	2.7313022887047
38	35056	13.8	0.973
38	35135	13.9	2.2163885228217
38	35164	14	0.973
38	35193	14.1	0.973
38	35222	14.2	9.6209879080678
38	35251	14.3	9.5648008554189
38	35280	14.4	8.681820775982
38	35359	14.5	1226.022082612
38	35386	14.6	5.05142976
38	35413	14.7	5.05142976
38	35440	14.8	5.05142976
38	35515	14.9	5.05142976
38	35540	15	5.05142976
38	35565	15.1	5.05142976
38	35590	15.2	5.05142976
38	35615	15.3	5.05142976
38	35640	15.4	5.05142976
38	35715	15.5	5.05142976
38	35786	15.6	5.05142976
38	35807	15.7	5.05142976
38	35828	15.8	5.05142976
38	35849	15.9	5.05142976
38	35870	16	5.05142976
38	35891	16.1	5.05142976
38	35912	16.2	5.05142976
38	35933	16.3	5.05142976
38	36004	16.4	5.05142976
38	36071	16.5	5.05142976
38	36088	16.6	5.05142976
38	36105	16.7	5.05142976
38	36122	16.8	5.05142976
38	36139	16.9	5.05142976
38	36156	17	5.05142976
38	36173	17.1	5.05142976
38	36190	17.2	5.05142976
38	36207	17.3	5.05142976
38	36224	17.4	5.05142976
38	36241	17.5	5.05142976
38	36258	17.6	5.05142976
38	36275	17.7	5.05142976
38	36292	17.8	5.05142976
38	36309	17.9	5.05142976
38	36326	18	5.05142976
38	36343	18.1	5.05142976
38	36360	18.2	5.05142976
38	36377	18.3	5.05142976
39	239	0.3	-0.15238133950625
39	376	0.4	0.160929897381
39	511	0.5	-0.30266699071509
39	655	0.6	0.10827275912744
39	805	0.7	0.38006120373028
39	957	0.8	-0.60558573568706
39	1107	0.9	-0.58160276291892
39	1255	1	0.14318774123677
39	1407	1.1	0.32337517195847
39	1562	1.2	-0.40916581323836
39	1720	1.3	0.040373584139157
39	1867	1.4	-0.013758909166786
39	2020	1.5	0.2586648667697
39	2169	1.6	-0.16941969420296
39	2318	1.7	0.41858203585726
39	2474	1.8	-0.21240942825099
39	2625	1.9	0.13972130373586
39	2794	2	0.48579113502056
39	2991	2.1	-0.51425394916441
39	3192	2.2	-0.50732042158488
39	3418	2.3	0.10805943068116
39	3647	2.4	0.20217593163252
39	3879	2.5	0.39509277294856
39	5262	2.6	0.24225895130074
39	6415	2.7	-0.26975074703804
39	6898	2.8	-0.2444354097126
39	7228	2.9	-0.44088809089736
39	7715	3	0.39611933582929
39	8047	3.1	-0.33725906882902
39	8280	3.2	1.051279348135
39	8513	3.3	-0.28880714327098
39	8749	3.4	-0.64230291955173
39	8983	3.5	0.44146239047405
39	9213	3.6	0.57077651929575
39	9444	3.7	-0.63617538055405
39	9680	3.8	-0.44300989774055
39	9914	3.9	0.49361146942246
39	10148	4	-0.10599115760996
39	10382	4.1	0.51117411190644
39	10622	4.2	-0.82981583189685
39	10857	4.3	-0.12389657138847
39	11088	4.4	0.20152903762646
39	11322	4.5	-0.083134463778709
39	11555	4.6	0.54424108862877
39	11792	4.7	-0.44649918908252
39	12023	4.8	0.07668007051107
39	12263	4.9	0.60983402002602
39	12501	5	-0.062141717784101
39	12733	5.1	-0.21571724971292
39	12968	5.2	-0.30951189938932
39	13197	5.3	0.044904311140996
39	13427	5.4	0.72296941003296
39	13657	5.5	-1.0936094853096
39	13884	5.6	0.36745836597403
39	14114	5.7	-0.41933601163327
39	14346	5.8	0.84997956112492
39	14573	5.9	0.32587748640218
39	14805	6	0.014330034540038
39	15043	6.1	-0.56284725526348
39	15275	6.2	-0.22975146374666
39	15508	6.3	0.81369856523816
39	15741	6.4	-0.6002228304278
39	15976	6.5	-0.2779858042719
39	16212	6.6	-0.24705373952164
39	16447	6.7	0.17289527808316
39	16685	6.8	0.30947989160195
39	16928	6.9	-0.57449463931844
39	17163	7	0.22287553069182
39	17390	7.1	0.81395119877998
39	17631	7.2	0.18669419607614
39	17865	7.3	-0.92191225457936
39	18094	7.4	0.41550187927204
39	18326	7.5	-0.18585077296009
39	18556	7.6	0.037476078188039
39	18788	7.7	0.22009037011303
39	19024	7.8	0.2179846019717
39	19258	7.9	-0.7330806403421
39	19493	8	-0.12043644567019
39	19724	8.1	0.35669691611545
39	19960	8.2	-0.28018215601332
39	20189	8.3	0.80134942978621
39	20425	8.4	0.064003170025533
39	20658	8.5	-0.62437435651663
39	20889	8.6	0.76307115620002
39	21122	8.7	-0.17235427601264
39	21358	8.8	0.049714583251639
39	21588	8.9	-0.47364158362617
39	21830	9	0.15257171695122
39	22068	9.1	-0.56121524493211
39	22304	9.2	-0.21837433918845
39	22543	9.3	0.49873892155011
39	22778	9.4	0.54479229827411
39	23001	9.5	-0.36075677620246
39	23244	9.6	-0.63057889998891
39	23477	9.7	-0.050534888589748
39	23711	9.8	0.80601418372243
39	23947	9.9	-0.22967385391238
39	24175	10	-0.22502884226851
39	24403	10.1	0.32668457280378
39	24639	10.2	0.13718265984208
39	24881	10.3	-0.73700255046134
39	25111	10.4	0.91991846072489
39	25345	10.5	-0.24853279059753
39	25579	10.6	0.018867177143687
39	25810	10.7	0.16110219454859
39	26042	10.8	0.17118551686872
39	26279	10.9	-0.18186861986761
39	26514	11	-0.88420954577158
39	26750	11.1	0.73691709244157
39	26985	11.2	-0.58417218269314
39	27220	11.3	0.10456819916143
39	27449	11.4	-0.24876684292684
39	27678	11.5	0.25328337666577
39	27915	11.6	0.06090555244592
39	28143	11.7	0.18437636892777
39	28377	11.8	-0.46913892594167
39	28614	11.9	0.6778968709521
39	28846	12	0.38643181733788
39	29075	12.1	-0.0020095752785032
39	29302	12.2	-0.4605711581884
39	29539	12.3	-0.23226208856794
39	29773	12.4	-0.064892171276725
39	30002	12.5	0.015309411752966
39	30246	12.6	0.5977725741919
39	30476	12.7	-0.2241213920759
39	30709	12.8	-0.0053589440882185
39	30941	12.9	-0.78738814282696
39	31175	13	0.52571465361398
39	31401	13.1	-0.27624442848714
39	31641	13.2	-2.573987745698
39	31875	13.3	-3.2578427930469
39	32113	13.4	-4.3016740267769
39	32345	13.5	-2.2845833779045
39	32826	13.6	-3.3985235266275
39	34970	13.7	-3.0832519010292
39	35056	13.8	-3.7436608539315
39	35135	13.9	1.9530934935668
39	35164	14	1.9464887383394
39	35193	14.1	2.3541407740442
39	35222	14.2	1.9369328883011
39	35251	14.3	1.6122391355224
39	35280	14.4	1.7569282477489
39	35359	14.5	2.1174508841476
39	35386	14.6	2.1111456375802
39	35413	14.7	2.3279441335239
39	35440	14.8	1.7517661015503
39	35515	14.9	-3.4181362383224
39	35540	15	-4.5
39	35565	15.1	-4.3137510737094
39	35590	15.2	-4.4492805457471
39	35615	15.3	-4.5
39	35640	15.4	-4.4714372155057
39	35715	15.5	206.78072717837
39	35786	15.6	0
39	35807	15.7	0
39	35828	15.8	0
39	35849	15.9	0
39	35870	16	0
39	35891	16.1	0
39	35912	16.2	0
39	35933	16.3	0
39	36004	16.4	0
39	36071	16.5	0
39	36088	16.6	0
39	36105	16.7	0
39	36122	16.8	0
39	36139	16.9	0
39	36156	17	0
39	36173	17.1	0
39	36190	17.2	0
39	36207	17.3	0
39	36224	17.4	0
39	36241	17.5	0
39	36258	17.6	0
39	36275	17.7	0
39	36292	17.8	0
39	36309	17.9	0
39	36326	18	0
39	36343	18.1	0
39	36360	18.2	0
39	36377	18.3	0
40	239	0.3	1.419765566195
40	376	0.4	2.3452072577956
40	511	0.5	0.973
40	655	0.6	2.1875633610093
40	805	0.7	2.9952376309551
40	957	0.8	0.973
40	1107	0.9	0.973
40	1255	1	2.2822054810532
40	1407	1.1	2.8156239418299
40	1562	1.2	0.973
40	1720	1.3	1.9804760830446
40	1867	1.4	1.8217907654332
40	2020	1.5	2.6236169561306
40	2169	1.6	1.366305951029
40	2318	1.7	3.0977387391923
40	2474	1.8	1.2410861641257
40	2625	1.9	2.2766724639789
40	2794	2	3.3039508554619
40	2991	2.1	0.973
40	3192	2.2	0.973
40	3418	2.3	2.1786712253479
40	3647	2.4	2.4571362880989
40	3879	2.5	3.0304428940882
40	5262	2.6	2.5841656564648
40	6415	2.7	0.973
40	6898	2.8	1.1471707109321
40	7228	2.9	0.973
40	7715	3	3.0276076261348
40	8047	3.1	0.973
40	8280	3.2	4.9755483891761
40	8513	3.3	0.973
40	8749	3.4	0.973
40	8983	3.5	3.1651220900131
40	9213	3.6	3.5584403583707
40	9444	3.7	0.973
40	9680	3.8	0.973
40	9914	3.9	3.3181975244031
40	10148	4	1.5541474624381
40	10382	4.1	3.3784713995805
40	10622	4.2	0.973
40	10857	4.3	1.4989051909566
40	11088	4.4	2.4544245457227
40	11322	4.5	1.6190623068633
40	11555	4.6	3.4696126964223
40	11792	4.7	0.973
40	12023	4.8	2.089284006602
40	12263	4.9	3.6683750932163
40	12501	5	1.6859610343789
40	12733	5.1	1.2324177257282
40	12968	5.2	0.973
40	13197	5.3	1.9967053325677
40	13427	5.4	4.006826799583
40	13657	5.5	0.973
40	13884	5.6	2.9437844190887
40	14114	5.7	0.973
40	14346	5.8	4.3732815188015
40	14573	5.9	2.8344136071051
40	14805	6	1.9140747628148
40	15043	6.1	0.973
40	15275	6.2	1.1901315878538
40	15508	6.3	4.276703173612
40	15741	6.4	0.973
40	15976	6.5	0.973
40	16212	6.6	0.973
40	16447	6.7	2.3703902025421
40	16685	6.8	2.7759878919327
40	16928	6.9	0.973
40	17163	7	2.5163508317779
40	17390	7.1	4.2722856213756
40	17631	7.2	2.4237548051434
40	17865	7.3	0.973
40	18094	7.4	3.0903845642976
40	18326	7.5	1.3195827802894
40	18556	7.6	1.9762730062958
40	18788	7.7	2.5162498076396
40	19024	7.8	2.5131486928028
40	19258	7.9	0.973
40	19493	8	1.5095457348864
40	19724	8.1	2.9136686632042
40	19960	8.2	0.973
40	20189	8.3	4.2349371608617
40	20425	8.4	2.0597873791673
40	20658	8.5	0.973
40	20889	8.6	4.1275314936667
40	21122	8.7	1.36179687179
40	21358	8.8	2.0177648690049
40	21588	8.9	0.973
40	21830	9	2.31742112326
40	22068	9.1	0.973
40	22304	9.2	1.2220931319747
40	22543	9.3	3.3310195595376
40	22778	9.4	3.4783738204452
40	23001	9.5	0.973
40	23244	9.6	0.973
40	23477	9.7	1.7132524122954
40	23711	9.8	4.2426559700132
40	23947	9.9	1.1909894100729
40	24175	10	1.2038550686944
40	24403	10.1	2.8285145681836
40	24639	10.2	2.2725562380363
40	24881	10.3	0.973
40	25111	10.4	4.5841713733318
40	25345	10.5	0.973
40	25579	10.6	1.9235616678834
40	25810	10.7	2.344492159536
40	26042	10.8	2.3764684052372
40	26279	10.9	1.3331150252838
40	26514	11	0.973
40	26750	11.1	4.0381921985574
40	26985	11.2	0.973
40	27220	11.3	2.1704747910753
40	27449	11.4	0.973
40	27678	11.5	2.6067783926049
40	27915	11.6	2.043076744039
40	28143	11.7	2.4079238915437
40	28377	11.8	0.973
40	28614	11.9	3.8638497641773
40	28846	12	3.012722338989
40	29075	12.1	1.8653542004716
40	29302	12.2	0.973
40	29539	12.3	1.1829301389991
40	29773	12.4	1.6740141027187
40	30002	12.5	1.9095817491827
40	30246	12.6	3.6335354648438
40	30476	12.7	1.2079895026869
40	30709	12.8	1.8521521269705
40	30941	12.9	0.973
40	31175	13	3.4103269589948
40	31401	13.1	0.973
40	31641	13.2	0.973
40	31875	13.3	0.973
40	32113	13.4	0.973
40	32345	13.5	0.973
40	32826	13.6	0.973
40	34970	13.7	0.973
40	35056	13.8	0.973
40	35135	13.9	6.4440653092302
40	35164	14	6.5343007773502
40	35193	14.1	7.6972515405604
40	35222	14.2	6.7447354787181
40	35251	14.3	5.9815591450339
40	35280	14.4	6.4496940060106
40	35359	14.5	7.5359172225676
40	35386	14.6	7.6439597027418
40	35413	14.7	8.3942415330293
40	35440	14.8	6.8570897614674
40	35515	14.9	0.973
40	35540	15	0.973
40	35565	15.1	0.973
40	35590	15.2	0.973
40	35615	15.3	0.973
40	35640	15.4	0.973
40	35715	15.5	1500.0760872596
40	35786	15.6	5.05142976
40	35807	15.7	5.05142976
40	35828	15.8	5.05142976
40	35849	15.9	5.05142976
40	35870	16	5.05142976
40	35891	16.1	5.05142976
40	35912	16.2	5.05142976
40	35933	16.3	5.05142976
40	36004	16.4	5.05142976
40	36071	16.5	5.05142976
40	36088	16.6	5.05142976
40	36105	16.7	5.05142976
40	36122	16.8	5.05142976
40	36139	16.9	5.05142976
40	36156	17	5.05142976
40	36173	17.1	5.05142976
40	36190	17.2	5.05142976
40	36207	17.3	5.05142976
40	36224	17.4	5.05142976
40	36241	17.5	5.05142976
40	36258	17.6	5.05142976
40	36275	17.7	5.05142976
40	36292	17.8	5.05142976
40	36309	17.9	5.05142976
40	36326	18	5.05142976
40	36343	18.1	5.05142976
40	36360	18.2	5.05142976
40	36377	18.3	5.05142976
41	239	0.3	0.21810638187453
41	376	0.4	0.5671542576747
41	511	0.5	-0.35441285229751
41	655	0.6	-0.4988305923762
41	805	0.7	0.35140978705604
41	957	0.8	0.42678951683921
41	1107	0.9	-0.87206536543091
41	1255	1	-0.1324167294195
41	1407	1.1	-0.037494048895308
41	1562	1.2	1.0289662427735
41	1720	1.3	-1.0115223597503
41	1867	1.4	0.95678276636171
41	2020	1.5	0.27099085871598
41	2169	1.6	-1.1956184383715
41	2318	1.7	0.031636135885496
41	2474	1.8	0.81607381105423
41	2625	1.9	0.16601268243978
41	2794	2	-0.29789388314821
41	2991	2.1	-0.14982096108143
41	3192	2.2	0.26342225798873
41	3418	2.3	-0.15799108168578
41	3647	2.4	-0.52065074669661
41	3879	2.5	0.3479785848176
41	5262	2.6	-0.34904316186438
41	6415	2.7	-0.21585327675567
41	6898	2.8	0.8636556310579
41	7228	2.9	0.31404188422023
41	7715	3	-0.8876704651164
41	8047	3.1	0.81178218659479
41	8280	3.2	-0.74876274056733
41	8513	3.3	-0.29872878491879
41	8749	3.4	1.1466658667428
41	8983	3.5	-0.48628707926254
41	9213	3.6	-0.51214190979955
41	9444	3.7	0.90425191733521
41	9680	3.8	-0.80565142163541
41	9914	3.9	-0.021467397315433
41	10148	4	0.13871828662232
41	10382	4.1	0.70638926236425
41	10622	4.2	0.12011870993302
41	10857	4.3	-0.80173586264719
41	11088	4.4	0.52629259533715
41	11322	4.5	-0.95840649597813
41	11555	4.6	0.591545937513
41	11792	4.7	0.61647014045157
41	12023	4.8	-0.83145409286955
41	12263	4.9	0.093054710375142
41	12501	5	-0.3491848998703
41	12733	5.1	0.95401002867149
41	12968	5.2	-0.58299397812227
41	13197	5.3	0.38141542479863
41	13427	5.4	-0.58016475492623
41	13657	5.5	0.78907867327798
41	13884	5.6	-1.0056871380424
41	14114	5.7	0.56170017586556
41	14346	5.8	-0.43605049799663
41	14573	5.9	0.78424390226138
41	14805	6	0.16010724566875
41	15043	6.1	-0.7369574817363
41	15275	6.2	0.12313227513804
41	15508	6.3	-0.38592596184461
41	15741	6.4	-0.15766175058671
41	15976	6.5	0.93836769694461
41	16212	6.6	-0.60752889513967
41	16447	6.7	0.5952756026527
41	16685	6.8	-0.57397173962091
41	16928	6.9	0.3057318307925
41	17163	7	-0.49002947541885
41	17390	7.1	0.9174806963885
41	17631	7.2	-1.0517824141309
41	17865	7.3	1.199171236786
41	18094	7.4	-0.84715828236657
41	18326	7.5	0.063181298016577
41	18556	7.6	0.78713156990707
41	18788	7.7	-0.19609432520809
41	19024	7.8	-0.17329797272104
41	19258	7.9	-0.54864931746854
41	19493	8	0.5039194788551
41	19724	8.1	-0.21548336022533
41	19960	8.2	0.2295665999176
41	20189	8.3	-0.2086405769689
41	20425	8.4	0.32886709964369
41	20658	8.5	-0.76705214427784
41	20889	8.6	0.29704768778757
41	21122	8.7	0.41440296259244
41	21358	8.8	-0.61231145176572
41	21588	8.9	-0.15609544205946
41	21830	9	0.20558755865787
41	22068	9.1	-0.15358811402693
41	22304	9.2	-1.6293690003844
41	22543	9.3	-4.5
41	22778	9.4	-3.8678901139181
41	23001	9.5	-4.5
41	23244	9.6	-4.5
41	23477	9.7	-4.2699323593564
41	23711	9.8	-4.2543586270092
41	23947	9.9	-4.5
41	24175	10	-4.5
41	24403	10.1	-4.5
41	24639	10.2	-4.5
41	24881	10.3	-4.5
41	25111	10.4	-4.5
41	25345	10.5	-4.4293184130818
41	25579	10.6	-4.5
41	25810	10.7	-4.5
41	26042	10.8	-4.5
41	26279	10.9	-4.5
41	26514	11	-4.5
41	26750	11.1	-4.5
41	26985	11.2	-4.5
41	27220	11.3	-4.5
41	27449	11.4	-4.4874716060902
41	27678	11.5	-4.5
41	27915	11.6	-4.5
41	28143	11.7	-4.5
41	28377	11.8	-4.5
41	28614	11.9	-4.5
41	28846	12	-4.5
41	29075	12.1	-4.5
41	29302	12.2	-4.5
41	29539	12.3	-4.5
41	29773	12.4	-4.3780882213707
41	30002	12.5	-4.5
41	30246	12.6	-4.47563627667
41	30476	12.7	-4.489428953659
41	30709	12.8	-1.6078829107051
41	30941	12.9	-0.037353286016213
41	31175	13	-0.0016721023602991
41	31401	13.1	0
41	31641	13.2	0
41	31875	13.3	0
41	32113	13.4	0
41	32345	13.5	0
41	32826	13.6	0
41	34970	13.7	0
41	35056	13.8	300
41	35135	13.9	0
41	35164	14	0
41	35193	14.1	0
41	35222	14.2	0
41	35251	14.3	0
41	35280	14.4	0
41	35359	14.5	0
41	35386	14.6	0
41	35413	14.7	0
41	35440	14.8	0
41	35515	14.9	0
41	35540	15	0
41	35565	15.1	0
41	35590	15.2	0
41	35615	15.3	0
41	35640	15.4	0
41	35715	15.5	0
41	35786	15.6	0
41	35807	15.7	0
41	35828	15.8	0
41	35849	15.9	0
41	35870	16	0
41	35891	16.1	0
41	35912	16.2	0
41	35933	16.3	0
41	36004	16.4	0
41	36071	16.5	0
41	36088	16.6	0
41	36105	16.7	0
41	36122	16.8	0
41	36139	16.9	0
41	36156	17	0
41	36173	17.1	0
41	36190	17.2	0
41	36207	17.3	0
41	36224	17.4	0
41	36241	17.5	0
41	36258	17.6	0
41	36275	17.7	0
41	36292	17.8	0
41	36309	17.9	0
41	36326	18	0
41	36343	18.1	0
41	36360	18.2	0
41	36377	18.3	0
42	239	0.3	3.0979977437812
42	376	0.4	4.4568531509309
42	511	0.5	0.973
42	655	0.6	0.973
42	805	0.7	3.6127393477784
42	957	0.8	3.9126588909467
42	1107	0.9	0.973
42	1255	1	1.7435256463072
42	1407	1.1	2.1075324263704
42	1562	1.2	6.238573318673
42	1720	1.3	0.973
42	1867	1.4	5.9578132419747
42	2020	1.5	3.3145181531003
42	2169	1.6	0.973
42	2318	1.7	2.3738925894137
42	2474	1.8	5.4120104830662
42	2625	1.9	2.9055388086074
42	2794	2	1.1116710391535
42	2991	2.1	1.6814909719506
42	3192	2.2	3.2785415299127
42	3418	2.3	1.6508657597857
42	3647	2.4	0.973
42	3879	2.5	3.5981629946503
42	5262	2.6	0.973
42	6415	2.7	1.4228452541948
42	6898	2.8	5.5940244257477
42	7228	2.9	3.4794069025112
42	7715	3	0.973
42	8047	3.1	5.4013675848308
42	8280	3.2	0.973
42	8513	3.3	1.1050388746066
42	8749	3.4	6.6994010798394
42	8983	3.5	0.973
42	9213	3.6	0.973
42	9444	3.7	5.758871491824
42	9680	3.8	0.973
42	9914	3.9	2.1720320137473
42	10148	4	2.7899836810837
42	10382	4.1	4.9947585766595
42	10622	4.2	2.7306638949867
42	10857	4.3	0.973
42	11088	4.4	4.2948771082335
42	11322	4.5	0.973
42	11555	4.6	4.5372271060159
42	11792	4.7	4.6497579468047
42	12023	4.8	0.973
42	12263	4.9	2.6151559843901
42	12501	5	0.973
42	12733	5.1	5.9504159276868
42	12968	5.2	0.973
42	13197	5.3	3.7336760736409
42	13427	5.4	0.973
42	13657	5.5	5.3133555939732
42	13884	5.6	0.973
42	14114	5.7	4.4234283876316
42	14346	5.8	0.973
42	14573	5.9	5.2917186760674
42	14805	6	2.883943386505
42	15043	6.1	0.973
42	15275	6.2	2.7318672003935
42	15508	6.3	0.973
42	15741	6.4	1.6461703346075
42	15976	6.5	5.8848812091382
42	16212	6.6	0.973
42	16447	6.7	4.5600852323449
42	16685	6.8	0.973
42	16928	6.9	3.4372405541384
42	17163	7	0.973
42	17390	7.1	5.8092532777472
42	17631	7.2	0.973
42	17865	7.3	6.9037116155039
42	18094	7.4	0.973
42	18326	7.5	2.4997298833638
42	18556	7.6	5.3102468691278
42	18788	7.7	1.5061314453948
42	19024	7.8	1.5928455312489
42	19258	7.9	0.973
42	19493	8	4.2049281967215
42	19724	8.1	1.4283163665966
42	19960	8.2	3.1468323032597
42	20189	8.3	1.4548214362678
42	20425	8.4	3.5323142417849
42	20658	8.5	0.973
42	20889	8.6	3.4004998121168
42	21122	8.7	3.861334811711
42	21358	8.8	0.973
42	21588	8.9	1.6532505295526
42	21830	9	3.0459240271779
42	22068	9.1	1.663305644993
42	22304	9.2	0.973
42	22543	9.3	0.973
42	22778	9.4	0.973
42	23001	9.5	0.973
42	23244	9.6	0.973
42	23477	9.7	0.973
42	23711	9.8	0.973
42	23947	9.9	0.973
42	24175	10	0.973
42	24403	10.1	0.973
42	24639	10.2	0.973
42	24881	10.3	0.973
42	25111	10.4	0.973
42	25345	10.5	0.973
42	25579	10.6	0.973
42	25810	10.7	0.973
42	26042	10.8	0.973
42	26279	10.9	0.973
42	26514	11	0.973
42	26750	11.1	0.973
42	26985	11.2	0.973
42	27220	11.3	0.973
42	27449	11.4	0.973
42	27678	11.5	0.973
42	27915	11.6	0.973
42	28143	11.7	0.973
42	28377	11.8	0.973
42	28614	11.9	0.973
42	28846	12	0.973
42	29075	12.1	0.973
42	29302	12.2	0.973
42	29539	12.3	0.973
42	29773	12.4	0.973
42	30002	12.5	0.973
42	30246	12.6	0.973
42	30476	12.7	0.973
42	30709	12.8	0.973
42	30941	12.9	1.1100065609715
42	31175	13	0.973
42	31401	13.1	0.973
42	31641	13.2	0.973
42	31875	13.3	0.973
42	32113	13.4	0.973
42	32345	13.5	0.973
42	32826	13.6	0.973
42	34970	13.7	0.973
42	35056	13.8	2174.05142976
42	35135	13.9	5.05142976
42	35164	14	5.05142976
42	35193	14.1	5.05142976
42	35222	14.2	5.05142976
42	35251	14.3	5.05142976
42	35280	14.4	5.05142976
42	35359	14.5	5.05142976
42	35386	14.6	5.05142976
42	35413	14.7	5.05142976
42	35440	14.8	5.05142976
42	35515	14.9	5.05142976
42	35540	15	5.05142976
42	35565	15.1	5.05142976
42	35590	15.2	5.05142976
42	35615	15.3	5.05142976
42	35640	15.4	5.05142976
42	35715	15.5	5.05142976
42	35786	15.6	5.05142976
42	35807	15.7	5.05142976
42	35828	15.8	5.05142976
42	35849	15.9	5.05142976
42	35870	16	5.05142976
42	35891	16.1	5.05142976
42	35912	16.2	5.05142976
42	35933	16.3	5.05142976
42	36004	16.4	5.05142976
42	36071	16.5	5.05142976
42	36088	16.6	5.05142976
42	36105	16.7	5.05142976
42	36122	16.8	5.05142976
42	36139	16.9	5.05142976
42	36156	17	5.05142976
42	36173	17.1	5.05142976
42	36190	17.2	5.05142976
42	36207	17.3	5.05142976
42	36224	17.4	5.05142976
42	36241	17.5	5.05142976
42	36258	17.6	5.05142976
42	36275	17.7	5.05142976
42	36292	17.8	5.05142976
42	36309	17.9	5.05142976
42	36326	18	5.05142976
42	36343	18.1	5.05142976
42	36360	18.2	5.05142976
42	36377	18.3	5.05142976
43	239	0.3	0.082199853518983
43	376	0.4	0.67031037125272
43	511	0.5	-0.080071055074225
43	655	0.6	0.35521551442798
43	805	0.7	-1.165877636103
43	957	0.8	0.26890257094054
43	1107	0.9	0.35484095539433
43	1255	1	0.048832628689706
43	1407	1.1	0.15525240909774
43	1562	1.2	-0.27170357166325
43	1720	1.3	0.27473798454739
43	1867	1.4	-0.5143785548862
43	2020	1.5	-0.16636577753816
43	2169	1.6	0.0074156463146302
43	2318	1.7	0.022422630665826
43	2474	1.8	0.08249404046218
43	2625	1.9	0.12613635617308
43	2794	2	-0.080563226714716
43	2991	2.1	-0.14082852383146
43	3192	2.2	0.77933300726581
43	3418	2.3	0.1448042634409
43	3647	2.4	-0.05557371848262
43	3879	2.5	-0.23330172509887
43	5262	2.6	-0.1927733217366
43	6415	2.7	0.45672723564785
43	6898	2.8	0.16206748140975
43	7228	2.9	-0.056611936050466
43	7715	3	-1.2045435638633
43	8047	3.1	0.88530995829496
43	8280	3.2	-0.43569262691308
43	8513	3.3	0.51146935247816
43	8749	3.4	-0.28017785130068
43	8983	3.5	-0.39144757122267
43	9213	3.6	0.48965351225343
43	9444	3.7	-0.4231139184907
43	9680	3.8	0.42900871788151
43	9914	3.9	0.023870985768735
43	10148	4	-0.39525312576442
43	10382	4.1	0.56753201663959
43	10622	4.2	0.29093886166812
43	10857	4.3	-1.008786601969
43	11088	4.4	-0.061978197121064
43	11322	4.5	0.64379233832005
43	11555	4.6	-0.55704288298729
43	11792	4.7	0.92839397802019
43	12023	4.8	-0.75863801045344
43	12263	4.9	-0.20804197976831
43	12501	5	0.14861381002701
43	12733	5.1	0.88620631194209
43	12968	5.2	-0.84029775450471
43	13197	5.3	0.75000615417956
43	13427	5.4	-1.076012294041
43	13657	5.5	0.78393502687103
43	13884	5.6	-0.27745298848021
43	14114	5.7	-0.50660860093776
43	14346	5.8	0.99636711615604
43	14573	5.9	-1.1124462101376
43	14805	6	0.56804637894965
43	15043	6.1	-0.49065942510495
43	15275	6.2	0.34124186693225
43	15508	6.3	0.74513596084435
43	15741	6.4	0.038114453572771
43	15976	6.5	-1.1782687744359
43	16212	6.6	0.55450982716867
43	16447	6.7	0.65765057853422
43	16685	6.8	-0.57719430343713
43	16928	6.9	-0.58064601556399
43	17163	7	0.16486319310498
43	17390	7.1	0.018764458200895
43	17631	7.2	0.64090839636046
43	17865	7.3	-0.57035193000921
43	18094	7.4	-0.10256395982578
43	18326	7.5	0.99881064109505
43	18556	7.6	-0.49894947230351
43	18788	7.7	-0.62956497429404
43	19024	7.8	0.078796978783799
43	19258	7.9	0.20476590215694
43	19493	8	0.13132104414982
43	19724	8.1	0.39248840545769
43	19960	8.2	-0.34784119480754
43	20189	8.3	0.19497648044489
43	20425	8.4	0.48376117697917
43	20658	8.5	-0.69652834222651
43	20889	8.6	-0.17770524842199
43	21122	8.7	0.051736237271687
43	21358	8.8	0.28644340019673
43	21588	8.9	0.11864242807496
43	21830	9	-0.77962600043975
43	22068	9.1	-0.041474345652386
43	22304	9.2	0.41953094985802
43	22543	9.3	-0.3226802593097
43	22778	9.4	0.15793023365548
43	23001	9.5	-0.2128374511376
43	23244	9.6	0.75397453110199
43	23477	9.7	0.35858548332472
43	23711	9.8	0.13432664100547
43	23947	9.9	-0.55814457372763
43	24175	10	-0.04521933274809
43	24403	10.1	-0.21171911754646
43	24639	10.2	0.56506530672777
43	24881	10.3	-0.53031750256196
43	25111	10.4	0.095063319499609
43	25345	10.5	0.66331232504455
43	25579	10.6	-0.23806321551092
43	25810	10.7	-0.42517941023689
43	26042	10.8	-0.60262939694804
43	26279	10.9	0.51710470742545
43	26514	11	-0.32059219460933
43	26750	11.1	0.48938847882672
43	26985	11.2	0.37792671399657
43	27220	11.3	-0.40510608844924
43	27449	11.4	0.51725229744333
43	27678	11.5	-1.1275002052076
43	27915	11.6	0.70799149535597
43	28143	11.7	-0.013707543793142
43	28377	11.8	0.5422197454609
43	28614	11.9	-0.3249290046282
43	28846	12	-0.57123552085832
43	29075	12.1	0.78621613169089
43	29302	12.2	-0.70987144315151
43	29539	12.3	0.19740126708058
43	29773	12.4	0.50985256300773
43	30002	12.5	-0.60494505085517
43	30246	12.6	-0.4334492853377
43	30476	12.7	0.52502530028578
43	30709	12.8	0.1366194322938
43	30941	12.9	0.4170107615646
43	31175	13	-1.1600782998139
43	31401	13.1	0.62404218991286
43	31641	13.2	0.011758734821345
43	31875	13.3	0.11080354212318
43	32113	13.4	0.29800771104638
43	32345	13.5	-0.73798880304675
43	32826	13.6	-0.058171229064463
43	34970	13.7	0.10850940814706
43	35056	13.8	-0.37655112282373
43	35135	13.9	0.078646242106331
43	35164	14	0.26797479458621
43	35193	14.1	-0.25784650342541
43	35222	14.2	0.18620581096039
43	35251	14.3	-0.17175420597196
43	35280	14.4	0.99299730495551
43	35359	14.5	-0.77534528728576
43	35386	14.6	-0.061546343215735
43	35413	14.7	0.47085618998389
43	35440	14.8	169.21182507144
43	35515	14.9	0
43	35540	15	0
43	35565	15.1	0
43	35590	15.2	0
43	35615	15.3	0
43	35640	15.4	0
43	35715	15.5	0
43	35786	15.6	0
43	35807	15.7	0
43	35828	15.8	0
43	35849	15.9	0
43	35870	16	0
43	35891	16.1	0
43	35912	16.2	0
43	35933	16.3	0
43	36004	16.4	0
43	36071	16.5	0
43	36088	16.6	0
43	36105	16.7	0
43	36122	16.8	0
43	36139	16.9	0
43	36156	17	0
43	36173	17.1	0
43	36190	17.2	0
43	36207	17.3	0
43	36224	17.4	0
43	36241	17.5	0
43	36258	17.6	0
43	36275	17.7	0
43	36292	17.8	0
43	36309	17.9	0
43	36326	18	0
43	36343	18.1	0
43	36360	18.2	0
43	36377	18.3	0
44	239	0.3	2.2007749187184
44	376	0.4	4.0644592728782
44	511	0.5	1.6958003509649
44	655	0.6	3.0750787375135
44	805	0.7	0.973
44	957	0.8	2.7877297280453
44	1107	0.9	3.0640664337765
44	1255	1	2.1008613553306
44	1407	1.1	2.4382064275058
44	1562	1.2	0.973
44	1720	1.3	2.8151459193778
44	1867	1.4	0.973
44	2020	1.5	1.4199814362599
44	2169	1.6	1.9653694299215
44	2318	1.7	2.0126888245951
44	2474	1.8	2.2021826010947
44	2625	1.9	2.3408339696231
44	2794	2	1.690422828915
44	2991	2.1	1.5002205258448
44	3192	2.2	4.4100942747537
44	3418	2.3	2.4086943102196
44	3647	2.4	1.7749161321604
44	3879	2.5	1.212499694896
44	5262	2.6	1.3393648191888
44	6415	2.7	3.3940526736204
44	6898	2.8	2.4651085351945
44	7228	2.9	1.7727558817932
44	7715	3	0.973
44	8047	3.1	4.7417753311055
44	8280	3.2	0.973
44	8513	3.3	3.5640154887802
44	8749	3.4	0.973
44	8983	3.5	0.973
44	9213	3.6	3.4912602030484
44	9444	3.7	0.973
44	9680	3.8	3.3002061384267
44	9914	3.9	2.0232695710659
44	10148	4	0.973
44	10382	4.1	3.7414552740275
44	10622	4.2	2.8730304283289
44	10857	4.3	0.973
44	11088	4.4	1.7476924730233
44	11322	4.5	3.9788098715049
44	11555	4.6	0.973
44	11792	4.7	4.8882838791879
44	12023	4.8	0.973
44	12263	4.9	1.2895061698457
44	12501	5	2.4111962554403
44	12733	5.1	4.7569598942682
44	12968	5.2	0.973
44	13197	5.3	4.3234562949201
44	13427	5.4	0.973
44	13657	5.5	4.4224324998901
44	13884	5.6	0.973
44	14114	5.7	0.973
44	14346	5.8	5.0998477465061
44	14573	5.9	0.973
44	14805	6	3.7335211926584
44	15043	6.1	0.973
44	15275	6.2	3.0170494729702
44	15508	6.3	4.307271231318
44	15741	6.4	2.0723285111448
44	15976	6.5	0.973
44	16212	6.6	3.6911487462149
44	16447	6.7	4.0325066858081
44	16685	6.8	0.973
44	16928	6.9	0.973
44	17163	7	2.4601970743042
44	17390	7.1	2.0017162901769
44	17631	7.2	3.9712014932474
44	17865	7.3	0.973
44	18094	7.4	1.6205324471969
44	18326	7.5	5.1114725898148
44	18556	7.6	0.973
44	18788	7.7	0.973
44	19024	7.8	2.1892646338679
44	19258	7.9	2.5875034571994
44	19493	8	2.3583475678389
44	19724	8.1	3.187443164959
44	19960	8.2	0.973
44	20189	8.3	2.5620227277158
44	20425	8.4	3.4824800787463
44	20658	8.5	0.973
44	20889	8.6	1.3853599275499
44	21122	8.7	2.1069049535389
44	21358	8.8	2.8494441774099
44	21588	8.9	2.3222599750977
44	21830	9	0.973
44	22068	9.1	1.8103413503897
44	22304	9.2	3.2631749660233
44	22543	9.3	0.973
44	22778	9.4	2.4385860195381
44	23001	9.5	1.2735454656974
44	23244	9.6	4.3249964392304
44	23477	9.7	3.0849638824759
44	23711	9.8	2.3777157242321
44	23947	9.9	0.973
44	24175	10	1.8043944204483
44	24403	10.1	1.2789619339093
44	24639	10.2	3.7350446971037
44	24881	10.3	0.973
44	25111	10.4	2.245328128605
44	25345	10.5	4.0512024564369
44	25579	10.6	1.1982337080571
44	25810	10.7	0.973
44	26042	10.8	0.973
44	26279	10.9	3.5720856089545
44	26514	11	0.973
44	26750	11.1	3.4884918867481
44	26985	11.2	3.1444325219347
44	27220	11.3	0.973
44	27449	11.4	3.5870690473437
44	27678	11.5	0.973
44	27915	11.6	4.1789990172534
44	28143	11.7	1.9041976887763
44	28377	11.8	3.668485369585
44	28614	11.9	0.973
44	28846	12	0.973
44	29075	12.1	4.4374904022363
44	29302	12.2	0.973
44	29539	12.3	2.5683593894237
44	29773	12.4	3.5635935540617
44	30002	12.5	0.973
44	30246	12.6	0.973
44	30476	12.7	3.6001560286717
44	30709	12.8	2.3786337514163
44	30941	12.9	3.2708319959319
44	31175	13	0.973
44	31401	13.1	3.9124409996957
44	31641	13.2	1.9839195584372
44	31875	13.3	2.2972852760826
44	32113	13.4	2.8925089331645
44	32345	13.5	0.973
44	32826	13.6	1.7604724561391
44	34970	13.7	2.2853109538448
44	35056	13.8	0.973
44	35135	13.9	2.188033774484
44	35164	14	2.7861072254592
44	35193	14.1	1.1327274405302
44	35222	14.2	2.5281231361094
44	35251	14.3	1.4028368541742
44	35280	14.4	5.089780554855
44	35359	14.5	0.973
44	35386	14.6	1.7498016108854
44	35413	14.7	3.4317288489405
44	35440	14.8	1228.4529250265
44	35515	14.9	5.05142976
44	35540	15	5.05142976
44	35565	15.1	5.05142976
44	35590	15.2	5.05142976
44	35615	15.3	5.05142976
44	35640	15.4	5.05142976
44	35715	15.5	5.05142976
44	35786	15.6	5.05142976
44	35807	15.7	5.05142976
44	35828	15.8	5.05142976
44	35849	15.9	5.05142976
44	35870	16	5.05142976
44	35891	16.1	5.05142976
44	35912	16.2	5.05142976
44	35933	16.3	5.05142976
44	36004	16.4	5.05142976
44	36071	16.5	5.05142976
44	36088	16.6	5.05142976
44	36105	16.7	5.05142976
44	36122	16.8	5.05142976
44	36139	16.9	5.05142976
44	36156	17	5.05142976
44	36173	17.1	5.05142976
44	36190	17.2	5.05142976
44	36207	17.3	5.05142976
44	36224	17.4	5.05142976
44	36241	17.5	5.05142976
44	36258	17.6	5.05142976
44	36275	17.7	5.05142976
44	36292	17.8	5.05142976
44	36309	17.9	5.05142976
44	36326	18	5.05142976
44	36343	18.1	5.05142976
44	36360	18.2	5.05142976
44	36377	18.3	5.05142976
45	3880	2.5	1
45	3944	2.500648146263	2
45	3970	2.50118514627	3
45	4147	2.52560617869	4
45	4856	2.57603526005	5
45	5327	2.602607885258	6
45	7125	2.876157734409	7
45	32730	13.592299853391	8
45	32832	13.6	10
45	33652	13.65	11
45	33738	13.653955230411	12
45	33942	13.664305009958	14
45	35643	15.4	16
46	32526	13.556219181903	1
46	32694	13.591204181903	2
46	32746	13.592431181903	3
46	32882	13.601642298614	4
46	32945	13.606675381399	5
46	33056	13.612204578279	6
46	33109	13.613623677074	7
46	33171	13.616303907047	8
46	33217	13.617735980134	9
46	33283	13.621495210107	10
46	33335	13.622927211227	11
46	33382	13.625529291821	12
46	33444	13.627091363637	13
46	33493	13.631461444231	14
46	33549	13.634076676133	15
46	33608	13.637211676133	16
46	33702	13.652801722006	17
46	33755	13.654028722006	18
46	33925	13.662694918886	19
46	33984	13.667238017681	20
46	34039	13.668868057142	21
46	34092	13.670743058547	22
46	34156	13.672604356658	23
46	34253	13.675700612872	24
46	34317	13.677591704581	25
46	34362	13.679508729917	26
46	34423	13.680774952117	27
46	34469	13.682692009838	28
46	34530	13.683958081654	29
46	34585	13.685819270738	30
46	34631	13.687710343825	31
46	34684	13.689601739145	32
46	34736	13.690867753123	33
46	34805	13.694695824939	34
46	34849	13.695949131771	35
46	34902	13.697840131771	36
46	34957	13.699731145749	37
49	2625	1.9	45
49	2794	2	46.169568424159
49	2991	2.1	47.343724451865
49	3192	2.2	48.536472066105
49	3418	2.3	49.740502848188
49	3647	2.4	50.951813826915
49	3879	2.5	52.167437762145
49	5262	2.6	53.393189363548
49	6415	2.7	54.63708239792
49	6898	2.8	55.884896910631
49	7228	2.9	57.141484293974
49	7715	3	58.403774070318
49	8047	3.1	59.671215076928
49	8280	3.2	60.946198673174
49	8513	3.3	62.229626214676
49	8749	3.4	63.522210291787
49	8983	3.5	64.809206491381
49	9213	3.6	66.111728057746
49	9444	3.7	67.427969739662
49	9680	3.8	68.737898913658
49	9914	3.9	70.046970700684
49	10148	4	71.374666015412
49	10382	4.1	72.710406932445
49	10622	4.2	74.044550525083
49	10857	4.3	75.385884547763
49	11088	4.4	76.73120064226
49	11322	4.5	78.076215945139
49	11555	4.6	79.434886994995
49	11792	4.7	80.797995556159
49	12023	4.8	82.168301895451
49	12263	4.9	83.541999706929
49	12501	5	84.926394089262
49	12733	5.1	86.306443613552
49	12968	5.2	87.688319207835
49	13197	5.3	89.074044537611
49	13427	5.4	90.459901698151
49	13657	5.5	91.847130901087
49	13884	5.6	93.246854542719
49	14114	5.7	94.651053819633
49	14346	5.8	96.058884356166
49	14573	5.9	97.473285812614
49	14805	6	98.886065028563
49	15043	6.1	100.30346142185
49	15275	6.2	101.7294363963
49	15508	6.3	103.14724029721
49	15741	6.4	104.57664867949
49	15976	6.5	106.00290483579
49	16212	6.6	107.43418318427
49	16447	6.7	108.86554075486
49	16685	6.8	110.30378185252
49	16928	6.9	111.74452311276
49	17163	7	113.18255012857
49	17390	7.1	114.63197918907
49	17631	7.2	116.08448175945
49	17865	7.3	117.53011568988
49	18094	7.4	118.97905525081
49	18326	7.5	120.43338718869
49	18556	7.6	121.88102966952
49	18788	7.7	123.33142101624
49	19024	7.8	124.7793545172
49	19258	7.9	126.23522407942
49	19493	8	127.68637671341
49	19724	8.1	129.14234306225
49	19960	8.2	130.59537716853
49	20189	8.3	132.05060394403
49	20425	8.4	133.49972081211
49	20658	8.5	134.95387586592
49	20889	8.6	136.39845668785
49	21122	8.7	137.84235377601
49	21358	8.8	139.29581153384
49	21588	8.9	140.74897923071
49	21830	9	142.19297911784
49	22068	9.1	143.64737350066
49	22304	9.2	145.09508490011
49	22543	9.3	146.54053820069
49	22778	9.4	147.98831672554
49	23001	9.5	149.43703901519
49	23244	9.6	150.88755837762
49	23477	9.7	152.33162662499
49	23711	9.8	153.78438344848
49	23947	9.9	155.23044783457
49	24175	10	156.68093439941
49	24403	10.1	158.12551857696
49	24639	10.2	159.57433581288
49	24881	10.3	161.02473151101
49	25111	10.4	162.47045431835
49	25345	10.5	163.9209929569
49	25579	10.6	165.37615191796
49	25810	10.7	166.83089737953
49	26042	10.8	168.28014202884
49	26279	10.9	169.72732645646
49	26514	11	171.17228999762
49	26750	11.1	172.62384166943
49	26985	11.2	174.07469161158
49	27220	11.3	175.50537187536
49	27449	11.4	176.89395028744
49	27678	11.5	178.25737337635
49	27915	11.6	179.58592845522
49	28143	11.7	180.87824207619
49	28377	11.8	182.13723660529
49	28614	11.9	183.36551754289
49	28846	12	184.55164679829
49	29075	12.1	185.71167005112
49	29302	12.2	186.83503153493
49	29539	12.3	187.93248933035
49	29773	12.4	188.99772170455
49	30002	12.5	190.02789650993
49	30246	12.6	191.02216370995
49	30476	12.7	191.98231601226
49	30709	12.8	192.91231837703
49	30941	12.9	193.81575438177
49	31175	13	194.69177119879
49	31401	13.1	195.53657411466
49	31641	13.2	196.34152249361
49	31875	13.3	197.11620188541
49	32113	13.4	197.8639084189
49	32345	13.5	198.5881469928
49	32826	13.6	199.28566275774
49	34970	13.7	199.94899206487
49	35056	13.8	200.58292766076
49	35135	13.9	201.23937188297
49	35164	14	201.90898385594
49	35193	14.1	202.59865264099
49	35222	14.2	203.30536580859
49	35251	14.3	204.03753182183
49	35280	14.4	204.78645904213
49	35359	14.5	205.55935957611
49	35386	14.6	206.34941644554
49	35413	14.7	207.16266005952
49	35440	14.8	207.99033544996
49	35515	14.9	208.83333123111
49	35540	15	209.69129829954
49	35565	15.1	210.51730403057
49	35590	15.2	211.29830976161
49	35615	15.3	212.03431549264
49	35640	15.4	212.72532122368
49	35715	15.5	215.72532122368
49	35786	15.6	218.72532122368
49	35807	15.7	221.72532122368
49	35828	15.8	224.72532122368
49	35849	15.9	227.72532122368
49	35870	16	230.72532122368
49	35891	16.1	233.72532122368
49	35912	16.2	236.72532122368
49	35933	16.3	239.72532122368
49	36004	16.4	242.72532122368
49	36071	16.5	245.72532122368
49	36088	16.6	248.72532122368
49	36105	16.7	251.72532122368
49	36122	16.8	254.72532122368
49	36139	16.9	257.72532122368
49	36156	17	260.72532122368
49	36173	17.1	263.72532122368
49	36190	17.2	266.72532122368
49	36207	17.3	269.72532122368
49	36224	17.4	272.72532122368
49	36241	17.5	275.72532122368
49	36258	17.6	278.72532122368
49	36275	17.7	281.72532122368
49	36292	17.8	284.72532122368
49	36309	17.9	287.72532122368
49	36326	18	290.72532122368
49	36343	18.1	293.72532122368
49	36360	18.2	296.72532122368
49	36377	18.3	299.72532122368
50	2625	1.9	226.6
50	2794	2	226.6
50	2991	2.1	226.6
50	3192	2.2	226.6
50	3418	2.3	226.6
50	3647	2.4	226.6
50	3879	2.5	226.6
50	5262	2.6	226.6
50	6415	2.7	226.6
50	6898	2.8	226.6
50	7228	2.9	226.6
50	7715	3	226.6
50	8047	3.1	226.6
50	8280	3.2	226.6
50	8513	3.3	226.6
50	8749	3.4	226.6
50	8983	3.5	226.6
50	9213	3.6	226.6
50	9444	3.7	226.6
50	9680	3.8	226.6
50	9914	3.9	226.6
50	10148	4	226.6
50	10382	4.1	226.6
50	10622	4.2	226.6
50	10857	4.3	226.6
50	11088	4.4	226.6
50	11322	4.5	226.6
50	11555	4.6	226.6
50	11792	4.7	226.6
50	12023	4.8	226.6
50	12263	4.9	226.6
50	12501	5	226.6
50	12733	5.1	226.6
50	12968	5.2	226.6
50	13197	5.3	226.6
50	13427	5.4	226.6
50	13657	5.5	226.6
50	13884	5.6	226.6
50	14114	5.7	226.6
50	14346	5.8	226.6
50	14573	5.9	226.6
50	14805	6	226.6
50	15043	6.1	226.6
50	15275	6.2	226.6
50	15508	6.3	226.6
50	15741	6.4	226.6
50	15976	6.5	226.6
50	16212	6.6	226.6
50	16447	6.7	226.6
50	16685	6.8	226.6
50	16928	6.9	226.6
50	17163	7	226.6
50	17390	7.1	226.6
50	17631	7.2	226.6
50	17865	7.3	226.6
50	18094	7.4	226.6
50	18326	7.5	226.6
50	18556	7.6	226.6
50	18788	7.7	226.6
50	19024	7.8	226.6
50	19258	7.9	226.6
50	19493	8	226.6
50	19724	8.1	226.6
50	19960	8.2	226.6
50	20189	8.3	226.6
50	20425	8.4	226.6
50	20658	8.5	226.6
50	20889	8.6	226.6
50	21122	8.7	226.6
50	21358	8.8	226.6
50	21588	8.9	226.6
50	21830	9	226.6
50	22068	9.1	226.6
50	22304	9.2	226.6
50	22543	9.3	226.6
50	22778	9.4	226.6
50	23001	9.5	226.6
50	23244	9.6	226.6
50	23477	9.7	226.6
50	23711	9.8	226.6
50	23947	9.9	226.6
50	24175	10	226.6
50	24403	10.1	226.6
50	24639	10.2	226.6
50	24881	10.3	226.6
50	25111	10.4	226.6
50	25345	10.5	226.6
50	25579	10.6	226.6
50	25810	10.7	226.6
50	26042	10.8	226.6
50	26279	10.9	226.6
50	26514	11	226.6
50	26750	11.1	226.6
50	26985	11.2	226.6
50	27220	11.3	226.6
50	27449	11.4	226.6
50	27678	11.5	226.6
50	27915	11.6	226.6
50	28143	11.7	226.6
50	28377	11.8	226.6
50	28614	11.9	226.6
50	28846	12	226.6
50	29075	12.1	226.6
50	29302	12.2	226.6
50	29539	12.3	226.6
50	29773	12.4	226.6
50	30002	12.5	226.6
50	30246	12.6	226.6
50	30476	12.7	226.6
50	30709	12.8	226.6
50	30941	12.9	226.6
50	31175	13	226.6
50	31401	13.1	226.6
50	31641	13.2	226.6
50	31875	13.3	226.6
50	32113	13.4	226.6
50	32345	13.5	226.6
50	32826	13.6	226.6
50	34970	13.7	226.6
50	35056	13.8	226.6
50	35135	13.9	226.6
50	35164	14	226.6
50	35193	14.1	226.6
50	35222	14.2	226.6
50	35251	14.3	226.6
50	35280	14.4	226.6
50	35359	14.5	226.6
50	35386	14.6	226.6
50	35413	14.7	226.6
50	35440	14.8	226.6
50	35515	14.9	226.6
50	35540	15	226.6
50	35565	15.1	226.6
50	35590	15.2	226.6
50	35615	15.3	226.6
50	35640	15.4	226.6
50	35715	15.5	226.6
50	35786	15.6	226.6
50	35807	15.7	226.6
50	35828	15.8	226.6
50	35849	15.9	226.6
50	35870	16	226.6
50	35891	16.1	226.6
50	35912	16.2	226.6
50	35933	16.3	226.6
50	36004	16.4	226.6
50	36071	16.5	226.6
50	36088	16.6	226.6
50	36105	16.7	226.6
50	36122	16.8	226.6
50	36139	16.9	226.6
50	36156	17	226.6
50	36173	17.1	226.6
50	36190	17.2	226.6
50	36207	17.3	226.6
50	36224	17.4	226.6
50	36241	17.5	226.6
50	36258	17.6	226.6
50	36275	17.7	226.6
50	36292	17.8	226.6
50	36309	17.9	226.6
50	36326	18	226.6
50	36343	18.1	226.6
50	36360	18.2	226.6
50	36377	18.3	226.6
51	3875	2.5	1
51	3932	2.500647815235	2
51	3982	2.501185909759	3
51	4135	2.525605881622	4
51	4184	2.525896998544	5
51	5708	2.628801604035	6
51	7133	2.876158077271	7
51	32770	13.595559147354	8
51	32831	13.6	10
51	33651	13.65	11
51	33829	13.658178823388	12
51	34071	13.669393563061	14
51	35935	16.3	16
52	32534	13.556219219814	1
52	32702	13.591204219814	2
52	32754	13.592431219814	3
52	32817	13.598764314838	4
52	32890	13.601642333022	5
52	32941	13.606675352087	6
52	33000	13.608133509506	7
52	33052	13.612204548967	8
52	33167	13.616303852027	9
52	33279	13.621495155087	10
52	33331	13.622927205907	11
52	33394	13.625529350076	12
52	33440	13.627091358317	13
52	33505	13.631461502486	14
52	33561	13.634076747722	15
52	33620	13.637211747722	16
52	33710	13.652801756414	17
52	33763	13.654028756414	18
52	33818	13.657041850113	19
52	33876	13.660504850113	20
52	33921	13.662694889574	21
52	34035	13.66886802783	22
52	34100	13.670743092955	23
52	34152	13.672604301638	24
52	34207	13.674447484765	25
52	34313	13.677591699261	26
52	34358	13.679508700605	27
52	34419	13.680774897097	28
52	34481	13.682692068093	29
52	34526	13.683958076334	30
52	34581	13.685819215718	31
52	34696	13.689601810734	32
52	34748	13.690867811378	33
52	34801	13.694695819619	34
52	34861	13.69594920336	35
52	34914	13.69784020336	36
52	34969	13.699731204004	37
55	2794	2	226.6
55	2991	2.1	226.6
55	3192	2.2	226.6
55	3418	2.3	226.6
55	3647	2.4	226.6
55	3879	2.5	226.6
55	5262	2.6	226.6
55	6415	2.7	226.6
55	6898	2.8	226.6
55	7228	2.9	226.6
55	7715	3	226.6
55	8047	3.1	226.6
55	8280	3.2	226.6
55	8513	3.3	226.6
55	8749	3.4	226.6
55	8983	3.5	226.6
55	9213	3.6	226.6
55	9444	3.7	226.6
55	9680	3.8	226.6
55	9914	3.9	226.6
55	10148	4	226.6
55	10382	4.1	226.6
55	10622	4.2	226.6
55	10857	4.3	226.6
55	11088	4.4	226.6
55	11322	4.5	226.6
55	11555	4.6	226.6
55	11792	4.7	226.6
55	12023	4.8	226.6
55	12263	4.9	226.6
55	12501	5	226.6
55	12733	5.1	226.6
55	12968	5.2	226.6
55	13197	5.3	226.6
55	13427	5.4	226.6
55	13657	5.5	226.6
55	13884	5.6	226.6
55	14114	5.7	226.6
55	14346	5.8	226.6
55	14573	5.9	226.6
55	14805	6	226.6
55	15043	6.1	226.6
55	15275	6.2	226.6
55	15508	6.3	226.6
55	15741	6.4	226.6
55	15976	6.5	226.6
55	16212	6.6	226.6
55	16447	6.7	226.6
55	16685	6.8	226.6
55	16928	6.9	226.6
55	17163	7	226.6
55	17390	7.1	226.6
55	17631	7.2	226.6
55	17865	7.3	226.6
55	18094	7.4	226.6
55	18326	7.5	226.6
55	18556	7.6	226.6
55	18788	7.7	226.6
55	19024	7.8	226.6
55	19258	7.9	226.6
55	19493	8	226.6
55	19724	8.1	226.6
55	19960	8.2	226.6
55	20189	8.3	226.6
55	20425	8.4	226.6
55	20658	8.5	226.6
55	20889	8.6	226.6
55	21122	8.7	226.6
55	21358	8.8	226.6
55	21588	8.9	226.6
55	21830	9	226.6
55	22068	9.1	226.6
55	22304	9.2	226.6
55	22543	9.3	226.6
55	22778	9.4	226.6
55	23001	9.5	226.6
55	23244	9.6	226.6
55	23477	9.7	226.6
55	23711	9.8	226.6
55	23947	9.9	226.6
55	24175	10	226.6
55	24403	10.1	226.6
55	24639	10.2	226.6
55	24881	10.3	226.6
55	25111	10.4	226.6
55	25345	10.5	226.6
55	25579	10.6	226.6
55	25810	10.7	226.6
55	26042	10.8	226.6
55	26279	10.9	226.6
55	26514	11	226.6
55	26750	11.1	226.6
55	26985	11.2	226.6
55	27220	11.3	226.6
55	27449	11.4	226.6
55	27678	11.5	226.6
55	27915	11.6	226.6
55	28143	11.7	226.6
55	28377	11.8	226.6
55	28614	11.9	226.6
55	28846	12	226.6
55	29075	12.1	226.6
55	29302	12.2	226.6
55	29539	12.3	226.6
55	29773	12.4	226.6
55	30002	12.5	226.6
55	30246	12.6	226.6
55	30476	12.7	226.6
55	30709	12.8	226.6
55	30941	12.9	226.6
55	31175	13	226.6
55	31401	13.1	226.6
55	31641	13.2	226.6
55	31875	13.3	226.6
55	32113	13.4	226.6
55	32345	13.5	226.6
55	32826	13.6	226.6
55	34970	13.7	226.6
55	35056	13.8	226.6
55	35135	13.9	226.6
55	35164	14	226.6
55	35193	14.1	226.6
55	35222	14.2	226.6
55	35251	14.3	226.6
55	35280	14.4	226.6
55	35359	14.5	226.6
55	35386	14.6	226.6
55	35413	14.7	226.6
55	35440	14.8	226.6
55	35515	14.9	226.6
55	35540	15	226.6
55	35565	15.1	226.6
55	35590	15.2	226.6
55	35615	15.3	226.6
55	35640	15.4	226.6
55	35715	15.5	226.6
55	35786	15.6	226.6
55	35807	15.7	226.6
55	35828	15.8	226.6
55	35849	15.9	226.6
55	35870	16	226.6
55	35891	16.1	226.6
55	35912	16.2	226.6
55	35933	16.3	226.6
55	36004	16.4	226.6
55	36071	16.5	226.6
55	36088	16.6	226.6
55	36105	16.7	226.6
55	36122	16.8	226.6
55	36139	16.9	226.6
55	36156	17	226.6
55	36173	17.1	226.6
55	36190	17.2	226.6
55	36207	17.3	226.6
55	36224	17.4	226.6
55	36241	17.5	226.6
55	36258	17.6	226.6
55	36275	17.7	226.6
55	36292	17.8	226.6
55	36309	17.9	226.6
55	36326	18	226.6
55	36343	18.1	226.6
55	36360	18.2	226.6
55	36377	18.3	226.6
56	2794	2	405
56	2991	2.1	403.96141284612
56	3192	2.2	402.91683005552
56	3418	2.3	401.85706559501
56	3647	2.4	400.79027345775
56	3879	2.5	399.7238651398
56	5262	2.6	398.63262296587
56	6415	2.7	397.53082827866
56	6898	2.8	396.42630545378
56	7228	2.9	395.30317952119
56	7715	3	394.17388422956
56	8047	3.1	393.03602554048
56	8280	3.2	391.90076773019
56	8513	3.3	390.75813646522
56	8749	3.4	389.58990990004
56	8983	3.5	388.425355199
56	9213	3.6	387.24715858076
56	9444	3.7	386.06794323939
56	9680	3.8	384.88424963132
56	9914	3.9	383.68984252545
56	10148	4	382.4956636021
56	10382	4.1	381.29687448286
56	10622	4.2	380.08178588247
56	10857	4.3	378.86280926655
56	11088	4.4	377.64063864638
56	11322	4.5	376.40651774296
56	11555	4.6	375.18092752871
56	11792	4.7	373.94488613219
56	12023	4.8	372.69698352852
56	12263	4.9	371.44284735138
56	12501	5	370.18388511219
56	12733	5.1	368.91979284813
56	12968	5.2	367.65679436269
56	13197	5.3	366.38154988309
56	13427	5.4	365.10654737146
56	13657	5.5	363.82832107829
56	13884	5.6	362.55339829274
56	14114	5.7	361.27906319385
56	14346	5.8	359.99483447296
56	14573	5.9	358.69576209917
56	14805	6	357.39615497333
56	15043	6.1	356.10434022771
56	15275	6.2	354.79919075378
56	15508	6.3	353.48949588728
56	15741	6.4	352.18870013831
56	15976	6.5	350.88058139675
56	16212	6.6	349.56750636442
56	16447	6.7	348.25571500019
56	16685	6.8	346.93577300198
56	16928	6.9	345.61062923281
56	17163	7	344.28928119286
56	17390	7.1	342.96399472042
56	17631	7.2	341.63597976893
56	17865	7.3	340.3006457661
56	18094	7.4	338.96980003656
56	18326	7.5	337.64268702302
56	18556	7.6	336.31102023523
56	18788	7.7	334.96753124578
56	19024	7.8	333.62327174674
56	19258	7.9	332.28183067132
56	19493	8	330.93146315734
56	19724	8.1	329.57764983651
56	19960	8.2	328.23262960472
56	20189	8.3	326.88160779679
56	20425	8.4	325.52115271278
56	20658	8.5	324.16182085785
56	20889	8.6	322.80623310489
56	21122	8.7	321.44114540402
56	21358	8.8	320.06984813168
56	21588	8.9	318.70744311763
56	21830	9	317.34314036708
56	22068	9.1	315.97939802915
56	22304	9.2	314.61456341295
56	22543	9.3	313.24846594142
56	22778	9.4	311.88604058021
56	23001	9.5	310.52059150917
56	23244	9.6	309.15039909954
56	23477	9.7	307.76851829029
56	23711	9.8	306.38764050842
56	23947	9.9	305.00556458878
56	24175	10	303.62968140982
56	24403	10.1	302.24721870586
56	24639	10.2	300.86433375808
56	24881	10.3	299.47568409676
56	25111	10.4	298.10069607767
56	25345	10.5	296.70814064164
56	25579	10.6	295.32399631636
56	25810	10.7	293.93116970219
56	26042	10.8	292.54993266495
56	26279	10.9	291.15941801533
56	26514	11	289.76753053039
56	26750	11.1	288.38765902551
56	26985	11.2	286.99184633201
56	27220	11.3	285.59932417226
56	27449	11.4	284.21039914229
56	27678	11.5	282.81907664031
56	27915	11.6	281.42169947029
56	28143	11.7	280.0274074806
56	28377	11.8	278.62899745637
56	28614	11.9	277.23210179512
56	28846	12	275.83608214499
56	29075	12.1	274.43052218813
56	29302	12.2	273.02977421183
56	29539	12.3	271.63088889284
56	29773	12.4	270.23497455013
56	30002	12.5	268.84321897058
56	30246	12.6	267.43646985911
56	30476	12.7	266.04422360692
56	30709	12.8	264.65356053533
56	30941	12.9	263.25446702299
56	31175	13	261.85471188401
56	31401	13.1	260.45260277605
56	31641	13.2	259.04651152599
56	31875	13.3	257.65098804574
56	32113	13.4	256.24396630379
56	32345	13.5	254.83560964693
56	32826	13.6	253.43102476742
56	34970	13.7	252.02845972725
56	35056	13.8	250.62237516415
56	35135	13.9	249.22210060523
56	35164	14	247.81620333091
56	35193	14.1	246.4553060566
56	35222	14.2	245.13940878228
56	35251	14.3	243.85530822334
56	35280	14.4	242.56021184409
56	35359	14.5	241.24283861058
56	35386	14.6	239.90797579151
56	35413	14.7	238.55628020601
56	35440	14.8	237.17898014954
56	35515	14.9	235.78125459984
56	35540	15	234.37828698663
56	35565	15.1	232.9786964869
56	35590	15.2	231.5711588289
56	35615	15.3	230.17295348559
56	35640	15.4	228.76959178858
56	35715	15.5	227.35966447804
56	35786	15.6	225.95338972391
56	35807	15.7	224.55382789922
56	35828	15.8	223.14753436588
56	35849	15.9	221.74664169219
56	35870	16	220.33784262885
56	35891	16.1	218.93034834398
56	35912	16.2	217.52334533108
56	35933	16.3	216.1166238469
56	36004	16.4	213.1166238469
56	36071	16.5	210.1166238469
56	36088	16.6	207.1166238469
56	36105	16.7	204.1166238469
56	36122	16.8	201.1166238469
56	36139	16.9	198.1166238469
56	36156	17	195.1166238469
56	36173	17.1	192.1166238469
56	36190	17.2	189.1166238469
56	36207	17.3	186.1166238469
56	36224	17.4	183.1166238469
56	36241	17.5	180.1166238469
56	36258	17.6	177.1166238469
56	36275	17.7	174.1166238469
56	36292	17.8	171.1166238469
56	36309	17.9	168.1166238469
56	36326	18	165.1166238469
56	36343	18.1	162.1166238469
56	36360	18.2	159.1166238469
56	36377	18.3	156.1166238469
57	2794	2	11.695684241594
57	2991	2.1	11.741560277053
57	3192	2.2	11.927476142402
57	3418	2.3	12.040307820834
57	3647	2.4	12.113109787272
57	3879	2.5	12.156239352291
57	5262	2.6	12.257516014038
57	6415	2.7	12.438930343713
57	6898	2.8	12.478145127114
57	7228	2.9	12.565873833432
57	7715	3	12.62289776344
57	8047	3.1	12.674410066097
57	8280	3.2	12.749835962458
57	8513	3.3	12.834275415027
57	8749	3.4	12.925840771106
57	8983	3.5	12.869961995943
57	9213	3.6	13.025215663645
57	9444	3.7	13.162416819165
57	9680	3.8	13.099291739957
57	9914	3.9	13.090717870259
57	10148	4	13.276953147283
57	10382	4.1	13.357409170326
57	10622	4.2	13.341435926377
57	10857	4.3	13.413340226809
57	11088	4.4	13.453160944969
57	11322	4.5	13.450153028784
57	11555	4.6	13.586710498561
57	11792	4.7	13.631085611643
57	12023	4.8	13.703063392913
57	12263	4.9	13.736978114789
57	12501	5	13.84394382333
57	12733	5.1	13.800495242891
57	12968	5.2	13.81875594283
57	13197	5.3	13.857253297765
57	13427	5.4	13.8585716054
57	13657	5.5	13.872292029354
57	13884	5.6	13.997236416327
57	14114	5.7	14.041992769135
57	14346	5.8	14.078305365333
57	14573	5.9	14.144014564483
57	14805	6	14.12779215949
57	15043	6.1	14.173963932866
57	15275	6.2	14.259749744457
57	15508	6.3	14.178039009136
57	15741	6.4	14.294083822813
57	15976	6.5	14.262561562965
57	16212	6.6	14.312783484797
57	16447	6.7	14.313575705945
57	16685	6.8	14.382410976543
57	16928	6.9	14.407412602434
57	17163	7	14.380270158102
57	17390	7.1	14.494290605009
57	17631	7.2	14.525025703822
57	17865	7.3	14.456339304276
57	18094	7.4	14.489395609317
57	18326	7.5	14.543319378818
57	18556	7.6	14.476424808285
57	18788	7.7	14.503913467169
57	19024	7.8	14.479335009657
57	19258	7.9	14.558695622186
57	19493	8	14.511526339877
57	19724	8.1	14.559663488363
57	19960	8.2	14.530341062847
57	20189	8.3	14.552267754931
57	20425	8.4	14.491168680863
57	20658	8.5	14.541550538069
57	20889	8.6	14.445808219282
57	21122	8.7	14.43897088166
57	21358	8.8	14.534577578268
57	21588	8.9	14.531676968668
57	21830	9	14.439998871313
57	22068	9.1	14.543943828264
57	22304	9.2	14.477113994473
57	22543	9.3	14.454533005742
57	22778	9.4	14.477785248576
57	23001	9.5	14.487222896448
57	23244	9.6	14.505193624298
57	23477	9.7	14.440682473754
57	23711	9.8	14.527568234838
57	23947	9.9	14.460643860937
57	24175	10	14.504865648387
57	24403	10.1	14.445841775519
57	24639	10.2	14.488172359177
57	24881	10.3	14.503956981331
57	25111	10.4	14.457228073395
57	25345	10.5	14.505386385437
57	25579	10.6	14.551589610655
57	25810	10.7	14.547454615656
57	26042	10.8	14.492446493131
57	26279	10.9	14.471844276254
57	26514	11	14.449635411528
57	26750	11.1	14.515516718113
57	26985	11.2	14.508499421528
57	27220	11.3	14.306802637818
57	27449	11.4	13.88578412081
57	27678	11.5	13.63423088903
57	27915	11.6	13.285550788682
57	28143	11.7	12.923136209754
57	28377	11.8	12.58994529104
57	28614	11.9	12.282809375971
57	28846	12	11.861292554027
57	29075	12.1	11.600232528274
57	29302	12.2	11.233614838037
57	29539	12.3	10.974577954271
57	29773	12.4	10.652323741931
57	30002	12.5	10.301748053863
57	30246	12.6	9.9426720001747
57	30476	12.7	9.6015230231503
57	30709	12.8	9.3000236476054
57	30941	12.9	9.0343600474552
57	31175	13	8.7601681701663
57	31401	13.1	8.4480291587039
57	31641	13.2	8.0494837895143
57	31875	13.3	7.7467939180412
57	32113	13.4	7.4770653349034
57	32345	13.5	7.242385738968
57	32826	13.6	6.9751576494208
57	34970	13.7	6.6332930713235
57	35056	13.8	6.3393559588118
57	35135	13.9	6.5644422221695
57	35164	14	6.6961197296389
57	35193	14.1	6.896687850526
57	35222	14.2	7.0671316760009
57	35251	14.3	7.3216601324104
57	35280	14.4	7.4892722029541
57	35359	14.5	7.7290053398091
57	35386	14.6	7.9005686943092
57	35413	14.7	8.1324361398559
57	35440	14.8	8.2767539043304
57	35515	14.9	8.4299578114947
57	35540	15	8.5796706843352
57	35565	15.1	8.2600573103419
57	35590	15.2	7.8100573103419
57	35615	15.3	7.3600573103419
57	35640	15.4	6.9100573103419
57	35715	15.5	30
57	35786	15.6	30
57	35807	15.7	30
57	35828	15.8	30
57	35849	15.9	30
57	35870	16	30
57	35891	16.1	30
57	35912	16.2	30
57	35933	16.3	30
57	36004	16.4	30
57	36071	16.5	30
57	36088	16.6	30
57	36105	16.7	30
57	36122	16.8	30
57	36139	16.9	30
57	36156	17	30
57	36173	17.1	30
57	36190	17.2	30
57	36207	17.3	30
57	36224	17.4	30
57	36241	17.5	30
57	36258	17.6	30
57	36275	17.7	30
57	36292	17.8	30
57	36309	17.9	30
57	36326	18	30
57	36343	18.1	30
57	36360	18.2	30
57	36377	18.3	30
58	2991	2.1	0.45876035459822
58	3192	2.2	1.8591586534865
58	3418	2.3	1.1283167843167
58	3647	2.4	0.72801966437876
58	3879	2.5	0.43129565019701
58	5262	2.6	1.0127666174724
58	6415	2.7	1.8141432967407
58	6898	2.8	0.39214783401704
58	7228	2.9	0.87728706318179
58	7715	3	0.57023930007464
58	8047	3.1	0.51512302656885
58	8280	3.2	0.75425896361034
58	8513	3.3	0.84439452569248
58	8749	3.4	0.91565356079045
58	8983	3.5	-0.5587877516319
58	9213	3.6	1.5525366770249
58	9444	3.7	1.3720115551985
58	9680	3.8	-0.63125079208007
58	9914	3.9	-0.085738696984752
58	10148	4	1.862352770241
58	10382	4.1	0.80456023042881
58	10622	4.2	-0.15973243949135
58	10857	4.3	0.71904300432426
58	11088	4.4	0.39820718160055
58	11322	4.5	-0.030079161848207
58	11555	4.6	1.365574697768
58	11792	4.7	0.44375113082236
58	12023	4.8	0.7197778126973
58	12263	4.9	0.33914721876108
58	12501	5	1.0696570854088
58	12733	5.1	-0.43448580438763
58	12968	5.2	0.18260699938685
58	13197	5.3	0.38497354934625
58	13427	5.4	0.013183076357972
58	13657	5.5	0.13720423953741
58	13884	5.6	1.2494438697239
58	14114	5.7	0.44756352808879
58	14346	5.8	0.36312596197886
58	14573	5.9	0.65709199149273
58	14805	6	-0.16222404992192
58	15043	6.1	0.46171773376084
58	15275	6.2	0.85785811590513
58	15508	6.3	-0.81710735321282
58	15741	6.4	1.1604481367735
58	15976	6.5	-0.31522259848311
58	16212	6.6	0.50221921832566
58	16447	6.7	0.007922211480853
58	16685	6.8	0.68835270598026
58	16928	6.9	0.25001625890782
58	17163	7	-0.27142444331709
58	17390	7.1	1.1402044690654
58	17631	7.2	0.30735098813482
58	17865	7.3	-0.68686399546195
58	18094	7.4	0.33056305040779
58	18326	7.5	0.53923769501028
58	18556	7.6	-0.66894570533444
58	18788	7.7	0.2748865888454
58	19024	7.8	-0.24578457511961
58	19258	7.9	0.79360612528397
58	19493	8	-0.47169282308314
58	19724	8.1	0.48137148485985
58	19960	8.2	-0.29322425515856
58	20189	8.3	0.21926692083943
58	20425	8.4	-0.61099074068478
58	20658	8.5	0.50381857205647
58	20889	8.6	-0.95742318786215
58	21122	8.7	-0.06837337622418
58	21358	8.8	0.9560669660801
58	21588	8.9	-0.029006095998927
58	21830	9	-0.9167809735518
58	22068	9.1	1.0394495695131
58	22304	9.2	-0.66829833791125
58	22543	9.3	-0.2258098873077
58	22778	9.4	0.23252242833841
58	23001	9.5	0.094376478716729
58	23244	9.6	0.17970727849752
58	23477	9.7	-0.64511150543112
58	23711	9.8	0.86885761083103
58	23947	9.9	-0.66924373900983
58	24175	10	0.4422178745037
58	24403	10.1	-0.59023872867693
58	24639	10.2	0.42330583657604
58	24881	10.3	0.15784622153733
58	25111	10.4	-0.46728907935321
58	25345	10.5	0.48158312041778
58	25579	10.6	0.46203225217759
58	25810	10.7	-0.041349949990401
58	26042	10.8	-0.55008122525178
58	26279	10.9	-0.20602216876577
58	26514	11	-0.22208864726126
58	26750	11.1	0.65881306584926
58	26985	11.2	-0.070172965852553
58	27220	11.3	-2.0169678370927
58	27449	11.4	-4.2101851700798
58	27678	11.5	-2.5155323178024
58	27915	11.6	-3.4868010034833
58	28143	11.7	-3.6241457892815
58	28377	11.8	-3.331909187131
58	28614	11.9	-3.0713591506906
58	28846	12	-4.2151682194483
58	29075	12.1	-2.6106002575299
58	29302	12.2	-3.6661769023618
58	29539	12.3	-2.5903688376619
58	29773	12.4	-3.2225421234062
58	30002	12.5	-3.5057568806762
58	30246	12.6	-3.5907605368829
58	30476	12.7	-3.4114897702445
58	30709	12.8	-3.0149937554481
58	30941	12.9	-2.6566360015028
58	31175	13	-2.7419187728886
58	31401	13.1	-3.121390114624
58	31641	13.2	-3.9854536918963
58	31875	13.3	-3.026898714731
58	32113	13.4	-2.6972858313775
58	32345	13.5	-2.3467959593539
58	32826	13.6	-2.6722808954725
58	34970	13.7	-3.418645780973
58	35056	13.8	-2.9393711251166
58	35135	13.9	2.2508626335766
58	35164	14	1.3167750746943
58	35193	14.1	2.0056812088704
58	35222	14.2	1.7044382547494
58	35251	14.3	2.5452845640946
58	35280	14.4	1.6761207054369
58	35359	14.5	2.3973313685507
58	35386	14.6	1.715633545001
58	35413	14.7	2.3186744554667
58	35440	14.8	1.4431776447455
58	35515	14.9	1.5320390716428
58	35540	15	1.4971287284046
58	35565	15.1	-3.1961337399332
58	35590	15.2	-4.5
58	35615	15.3	-4.5
58	35640	15.4	-4.5
58	35715	15.5	230.89942689658
58	35786	15.6	0
58	35807	15.7	0
58	35828	15.8	0
58	35849	15.9	0
58	35870	16	0
58	35891	16.1	0
58	35912	16.2	0
58	35933	16.3	0
58	36004	16.4	0
58	36071	16.5	0
58	36088	16.6	0
58	36105	16.7	0
58	36122	16.8	0
58	36139	16.9	0
58	36156	17	0
58	36173	17.1	0
58	36190	17.2	0
58	36207	17.3	0
58	36224	17.4	0
58	36241	17.5	0
58	36258	17.6	0
58	36275	17.7	0
58	36292	17.8	0
58	36309	17.9	0
58	36326	18	0
58	36343	18.1	0
58	36360	18.2	0
58	36377	18.3	0
59	2991	2.1	3.1241118999932
59	3192	2.2	7.1863273385288
59	3418	2.3	5.1261219726853
59	3647	2.4	3.9838020422506
59	3879	2.5	3.1259112645549
59	5262	2.6	4.8632069892824
59	6415	2.7	7.3262564301187
59	6898	2.8	3.0707083995574
59	7228	2.9	4.5562275517896
59	7715	3	3.6394658201041
59	8047	3.1	3.4829595123631
59	8280	3.2	4.2341352153987
59	8513	3.3	4.5361817302295
59	8749	3.4	4.7854231087139
59	8983	3.5	0.973
59	9213	3.6	6.8160082339505
59	9444	3.7	6.307829890885
59	9680	3.8	0.973
59	9914	3.9	1.6782373754427
59	10148	4	7.9257416129332
59	10382	4.1	4.5645103958063
59	10622	4.2	1.4593769905016
59	10857	4.3	4.304386429018
59	11088	4.4	3.2749816335035
59	11322	4.5	1.8861124668215
59	11555	4.6	6.4685513866804
59	11792	4.7	3.4592987728484
59	12023	4.8	4.3857556687762
59	12263	4.9	3.134923935278
59	12501	5	5.5917305506456
59	12733	5.1	0.973
59	12968	5.2	2.6285261553896
59	13197	5.3	3.3099434223796
59	13427	5.4	2.0684506320187
59	13657	5.5	2.4845174433505
59	13884	5.6	6.2533557038392
59	14114	5.7	3.557770024464
59	14346	5.8	3.2789421455992
59	14573	5.9	4.2935327572276
59	14805	6	1.4996773036908
59	15043	6.1	3.6340003734159
59	15275	6.2	5.0138655942361
59	15508	6.3	0.973
59	15741	6.4	6.0669442785181
59	15976	6.5	0.973
59	16212	6.6	3.8036540911769
59	16447	6.7	2.0987201850553
59	16685	6.8	4.4645811428354
59	16928	6.9	2.9493847045542
59	17163	7	1.1377530327235
59	17390	7.1	6.073376234522
59	17631	7.2	3.1696682399956
59	17865	7.3	0.973
59	18094	7.4	3.2442873360997
59	18326	7.5	3.9857257217071
59	18556	7.6	0.973
59	18788	7.7	3.0523758828605
59	19024	7.8	1.2312391659255
59	19258	7.9	4.8818566534461
59	19493	8	0.973
59	19724	8.1	3.7865517715364
59	19960	8.2	1.0675275573053
59	20189	8.3	2.8656767443017
59	20425	8.4	0.973
59	20658	8.5	3.8611800490263
59	20889	8.6	0.973
59	21122	8.7	1.8466982946617
59	21358	8.8	5.443739266087
59	21588	8.9	1.9929032088021
59	21830	9	0.973
59	22068	9.1	5.7391614715925
59	22304	9.2	0.973
59	22543	9.3	1.2996559348472
59	22778	9.4	2.9000492545536
59	23001	9.5	2.4192563484984
59	23244	9.6	2.7198738516145
59	23477	9.7	0.973
59	23711	9.8	5.1360434188938
59	23947	9.9	0.973
59	24175	10	3.6374758050953
59	24403	10.1	0.973
59	24639	10.2	3.5678850158809
59	24881	10.3	2.6432742244978
59	25111	10.4	0.973
59	25345	10.5	3.7751997391137
59	25579	10.6	3.7169301726676
59	25810	10.7	1.9512016159562
59	26042	10.8	0.973
59	26279	10.9	1.369566438123
59	26514	11	1.3123614183221
59	26750	11.1	4.3974480944076
59	26985	11.2	1.846650940889
59	27220	11.3	0.973
59	27449	11.4	0.973
59	27678	11.5	0.973
59	27915	11.6	0.973
59	28143	11.7	0.973
59	28377	11.8	0.973
59	28614	11.9	0.973
59	28846	12	0.973
59	29075	12.1	0.973
59	29302	12.2	0.973
59	29539	12.3	0.973
59	29773	12.4	0.973
59	30002	12.5	0.973
59	30246	12.6	0.973
59	30476	12.7	0.973
59	30709	12.8	0.973
59	30941	12.9	0.973
59	31175	13	0.973
59	31401	13.1	0.973
59	31641	13.2	0.973
59	31875	13.3	0.973
59	32113	13.4	0.973
59	32345	13.5	0.973
59	32826	13.6	0.973
59	34970	13.7	0.973
59	35056	13.8	0.973
59	35135	13.9	5.0137338113735
59	35164	14	3.585722056931
59	35193	14.1	4.806646125583
59	35222	14.2	4.3864877750381
59	35251	14.3	5.9906604327035
59	35280	14.4	4.5353425693571
59	35359	14.5	5.9909854763009
59	35386	14.6	4.8033095043768
59	35413	14.7	6.0964045300003
59	35440	14.8	4.4403521953045
59	35515	14.9	4.6845233683415
59	35540	15	4.6778397707141
59	35565	15.1	0.973
59	35590	15.2	0.973
59	35615	15.3	0.973
59	35640	15.4	0.973
59	35715	15.5	1674.4542862223
59	35786	15.6	5.05142976
59	35807	15.7	5.05142976
59	35828	15.8	5.05142976
59	35849	15.9	5.05142976
59	35870	16	5.05142976
59	35891	16.1	5.05142976
59	35912	16.2	5.05142976
59	35933	16.3	5.05142976
59	36004	16.4	5.05142976
59	36071	16.5	5.05142976
59	36088	16.6	5.05142976
59	36105	16.7	5.05142976
59	36122	16.8	5.05142976
59	36139	16.9	5.05142976
59	36156	17	5.05142976
59	36173	17.1	5.05142976
59	36190	17.2	5.05142976
59	36207	17.3	5.05142976
59	36224	17.4	5.05142976
59	36241	17.5	5.05142976
59	36258	17.6	5.05142976
59	36275	17.7	5.05142976
59	36292	17.8	5.05142976
59	36309	17.9	5.05142976
59	36326	18	5.05142976
59	36343	18.1	5.05142976
59	36360	18.2	5.05142976
59	36377	18.3	5.05142976
60	2991	2.1	10.385871538756
60	3192	2.2	10.445827905998
60	3418	2.3	10.597644605178
60	3647	2.4	10.667921372534
60	3879	2.5	10.664083179579
60	5262	2.6	10.912421739224
60	6415	2.7	11.017946872134
60	6898	2.8	11.045228248786
60	7228	2.9	11.231259325927
60	7715	3	11.292952916274
60	8047	3.1	11.378586890845
60	8280	3.2	11.352578102901
60	8513	3.3	11.42631264964
60	8749	3.4	11.682265651842
60	8983	3.5	11.645547010345
60	9213	3.6	11.781966182413
60	9444	3.7	11.792153413759
60	9680	3.8	11.836936080636
60	9914	3.9	11.944071058744
60	10148	4	11.941789233469
60	10382	4.1	11.987891192392
60	10622	4.2	12.150886003931
60	10857	4.3	12.189766159151
60	11088	4.4	12.22170620176
60	11322	4.5	12.341209034229
60	11555	4.6	12.255902142492
60	11792	4.7	12.360413965147
60	12023	4.8	12.47902603674
60	12263	4.9	12.541361771403
60	12501	5	12.589622391903
60	12733	5.1	12.64092264059
60	12968	5.2	12.629984854376
60	13197	5.3	12.752444796032
60	13427	5.4	12.750025116273
60	13657	5.5	12.78226293169
60	13884	5.6	12.749227855462
60	14114	5.7	12.74335098898
60	14346	5.8	12.842287208893
60	14573	5.9	12.990723737884
60	14805	6	12.996071258412
60	15043	6.1	12.918147456178
60	15275	6.2	13.051494739286
60	15508	6.3	13.096948665047
60	15741	6.4	13.007957489635
60	15976	6.5	13.081187415632
60	16212	6.6	13.130750323284
60	16447	6.7	13.117913642335
60	16685	6.8	13.199419982104
60	16928	6.9	13.251437691649
60	17163	7	13.213480399544
60	17390	7.1	13.252864724395
60	17631	7.2	13.280149514854
60	17865	7.3	13.353340028319
60	18094	7.4	13.308457295364
60	18326	7.5	13.271130135466
60	18556	7.6	13.316667877883
60	18788	7.7	13.434889894502
60	19024	7.8	13.442594990415
60	19258	7.9	13.414410754185
60	19493	8	13.503675139823
60	19724	8.1	13.538133208268
60	19960	8.2	13.450202317919
60	20189	8.3	13.510218079241
60	20425	8.4	13.604550840117
60	20658	8.5	13.593318549334
60	20889	8.6	13.555877529584
60	21122	8.7	13.650877008758
60	21358	8.8	13.712972723324
60	21588	8.9	13.6240501405
60	21830	9	13.643027505574
60	22068	9.1	13.63742337928
60	22304	9.2	13.648346161952
60	22543	9.3	13.660974715342
60	22778	9.4	13.624253612069
60	23001	9.5	13.654490710371
60	23244	9.6	13.701924096327
60	23477	9.7	13.818808092546
60	23711	9.8	13.808777818703
60	23947	9.9	13.820759196349
60	24175	10	13.758831789576
60	24403	10.1	13.824627039678
60	24639	10.2	13.828849477802
60	24881	10.3	13.886496613153
60	25111	10.4	13.749880190936
60	25345	10.5	13.925554360294
60	25579	10.6	13.841443252785
60	25810	10.7	13.928266141697
60	26042	10.8	13.812370372398
60	26279	10.9	13.905146496221
60	26514	11	13.918874849394
60	26750	11.1	13.798715048798
60	26985	11.2	13.958126935016
60	27220	11.3	13.925221597469
60	27449	11.4	13.889250299709
60	27678	11.5	13.913225019816
60	27915	11.6	13.97377170014
60	28143	11.7	13.942919896937
60	28377	11.8	13.984100242335
60	28614	11.9	13.968956612456
60	28846	12	13.960196501259
60	29075	12.1	14.055599568606
60	29302	12.2	14.007479763024
60	29539	12.3	13.988853189884
60	29773	12.4	13.959143427104
60	30002	12.5	13.91755579557
60	30246	12.6	14.067491114697
60	30476	12.7	13.922462521875
60	30709	12.8	13.906630715918
60	30941	12.9	13.990935123399
60	31175	13	13.997551389801
60	31401	13.1	14.021091079529
60	31641	13.2	14.06091250064
60	31875	13.3	13.955234802456
60	32113	13.4	14.07021741952
60	32345	13.5	14.083566568648
60	32826	13.6	14.045848795115
60	34970	13.7	14.025650401647
60	35056	13.8	14.060845631052
60	35135	13.9	14.002745589132
60	35164	14	14.058972743188
60	35193	14.1	13.608972743188
60	35222	14.2	13.158972743188
60	35251	14.3	12.841005589381
60	35280	14.4	12.95096379244
60	35359	14.5	13.173732335132
60	35386	14.6	13.34862819076
60	35413	14.7	13.516955854976
60	35440	14.8	13.773000564689
60	35515	14.9	13.977255496941
60	35540	15	14.029676132131
60	35565	15.1	13.995904997344
60	35590	15.2	14.075376579988
60	35615	15.3	13.982053433036
60	35640	15.4	14.033616970152
60	35715	15.5	14.099273105428
60	35786	15.6	14.062747541297
60	35807	15.7	13.99561824682
60	35828	15.8	14.062935333493
60	35849	15.9	14.008926736851
60	35870	16	14.087990633364
60	35891	16.1	14.074942848742
60	35912	16.2	14.070030129041
60	35933	16.3	14.067214841769
60	36004	16.4	30
60	36071	16.5	30
60	36088	16.6	30
60	36105	16.7	30
60	36122	16.8	30
60	36139	16.9	30
60	36156	17	30
60	36173	17.1	30
60	36190	17.2	30
60	36207	17.3	30
60	36224	17.4	30
60	36241	17.5	30
60	36258	17.6	30
60	36275	17.7	30
60	36292	17.8	30
60	36309	17.9	30
60	36326	18	30
60	36343	18.1	30
60	36360	18.2	30
60	36377	18.3	30
61	3936	2.500647820547	1
61	3986	2.501185916958	2
61	4139	2.525605884384	3
61	4188	2.525897004608	4
61	4864	2.576035614152	5
61	6414	2.7	6
61	7403	2.928826632809	7
61	32771	13.596836394825	8
61	32830	13.6	10
61	33650	13.65	11
61	33830	13.658194952384	12
61	33830	13.658194952384	14
61	35934	16.3	16
62	32542	13.556219340574	1
62	32710	13.591204340574	2
62	32762	13.592431340574	3
62	32825	13.598764411907	4
62	32898	13.601642454906	5
62	32957	13.606675511617	6
62	33008	13.608133607318	7
62	33068	13.612204708497	8
62	33121	13.613623846475	9
62	33175	13.616303931427	10
62	33229	13.617736149535	11
62	33287	13.621495234487	12
62	33339	13.62292729214	13
62	33386	13.625529297804	14
62	33448	13.62709144455	15
62	33497	13.631461450214	16
62	33718	13.652801878298	17
62	33771	13.654028878298	18
62	33826	13.657041947925	19
62	33884	13.660504947925	20
62	33937	13.662695049104	21
62	33996	13.667238187082	22
62	34051	13.66886818736	23
62	34108	13.670743214839	24
62	34160	13.672604381038	25
62	34215	13.674447582577	26
62	34265	13.675700782273	27
62	34321	13.677591785494	28
62	34374	13.679508860135	29
62	34427	13.680774976497	30
62	34473	13.682692015821	31
62	34534	13.683958162567	32
62	34589	13.685819295118	33
62	34643	13.687710513226	34
62	34740	13.690867759106	35
62	34809	13.694695905852	36
62	34961	13.699731151732	37
65	3192	2.2	223.4
65	3418	2.3	223.4
65	3647	2.4	223.4
65	3879	2.5	223.4
65	5262	2.6	223.4
65	6415	2.7	223.4
65	6898	2.8	223.4
65	7228	2.9	223.4
65	7715	3	223.4
65	8047	3.1	223.4
65	8280	3.2	223.4
65	8513	3.3	223.4
65	8749	3.4	223.4
65	8983	3.5	223.4
65	9213	3.6	223.4
65	9444	3.7	223.4
65	9680	3.8	223.4
65	9914	3.9	223.4
65	10148	4	223.4
65	10382	4.1	223.4
65	10622	4.2	223.4
65	10857	4.3	223.4
65	11088	4.4	223.4
65	11322	4.5	223.4
65	11555	4.6	223.4
65	11792	4.7	223.4
65	12023	4.8	223.4
65	12263	4.9	223.4
65	12501	5	223.4
65	12733	5.1	223.4
65	12968	5.2	223.4
65	13197	5.3	223.4
65	13427	5.4	223.4
65	13657	5.5	223.4
65	13884	5.6	223.4
65	14114	5.7	223.4
65	14346	5.8	223.4
65	14573	5.9	223.4
65	14805	6	223.4
65	15043	6.1	223.4
65	15275	6.2	223.4
65	15508	6.3	223.4
65	15741	6.4	223.4
65	15976	6.5	223.4
65	16212	6.6	223.4
65	16447	6.7	223.4
65	16685	6.8	223.4
65	16928	6.9	223.4
65	17163	7	223.4
65	17390	7.1	223.4
65	17631	7.2	223.4
65	17865	7.3	223.4
65	18094	7.4	223.4
65	18326	7.5	223.4
65	18556	7.6	223.4
65	18788	7.7	223.4
65	19024	7.8	223.4
65	19258	7.9	223.4
65	19493	8	223.4
65	19724	8.1	223.4
65	19960	8.2	223.4
65	20189	8.3	223.4
65	20425	8.4	223.4
65	20658	8.5	223.4
65	20889	8.6	223.4
65	21122	8.7	223.4
65	21358	8.8	223.4
65	21588	8.9	223.4
65	21830	9	223.4
65	22068	9.1	223.4
65	22304	9.2	223.4
65	22543	9.3	223.4
65	22778	9.4	223.4
65	23001	9.5	223.4
65	23244	9.6	223.4
65	23477	9.7	223.4
65	23711	9.8	223.4
65	23947	9.9	223.4
65	24175	10	223.4
65	24403	10.1	223.4
65	24639	10.2	223.4
65	24881	10.3	223.4
65	25111	10.4	223.4
65	25345	10.5	223.4
65	25579	10.6	223.4
65	25810	10.7	223.4
65	26042	10.8	223.4
65	26279	10.9	223.4
65	26514	11	223.4
65	26750	11.1	223.4
65	26985	11.2	223.4
65	27220	11.3	223.4
65	27449	11.4	223.4
65	27678	11.5	223.4
65	27915	11.6	223.4
65	28143	11.7	223.4
65	28377	11.8	223.4
65	28614	11.9	223.4
65	28846	12	223.4
65	29075	12.1	223.4
65	29302	12.2	223.4
65	29539	12.3	223.4
65	29773	12.4	223.4
65	30002	12.5	223.4
65	30246	12.6	223.4
65	30476	12.7	223.4
65	30709	12.8	223.4
65	30941	12.9	223.4
65	31175	13	223.4
65	31401	13.1	223.4
65	31641	13.2	223.4
65	31875	13.3	223.4
65	32113	13.4	223.4
65	32345	13.5	223.4
65	32826	13.6	223.4
65	34970	13.7	223.4
65	35056	13.8	223.4
65	35135	13.9	223.4
65	35164	14	223.4
65	35193	14.1	223.4
65	35222	14.2	223.4
65	35251	14.3	223.4
65	35280	14.4	223.4
65	35359	14.5	223.4
65	35386	14.6	223.4
65	35413	14.7	223.4
65	35440	14.8	223.4
65	35515	14.9	223.4
65	35540	15	223.4
65	35565	15.1	223.4
65	35590	15.2	223.4
65	35615	15.3	223.4
65	35640	15.4	223.4
65	35715	15.5	223.4
65	35786	15.6	223.4
65	35807	15.7	223.4
65	35828	15.8	223.4
65	35849	15.9	223.4
65	35870	16	223.4
65	35891	16.1	223.4
65	35912	16.2	223.4
65	35933	16.3	223.4
65	36004	16.4	223.4
65	36071	16.5	223.4
65	36088	16.6	223.4
65	36105	16.7	223.4
65	36122	16.8	223.4
65	36139	16.9	223.4
65	36156	17	223.4
65	36173	17.1	223.4
65	36190	17.2	223.4
65	36207	17.3	223.4
65	36224	17.4	223.4
65	36241	17.5	223.4
65	36258	17.6	223.4
65	36275	17.7	223.4
65	36292	17.8	223.4
65	36309	17.9	223.4
65	36326	18	223.4
65	36343	18.1	223.4
65	36360	18.2	223.4
66	3192	2.2	45
66	3418	2.3	45.933129193728
66	3647	2.4	46.88850329088
66	3879	2.5	47.850259519734
66	5262	2.6	48.818407877172
66	6415	2.7	49.800284006881
66	6898	2.8	50.796354087148
66	7228	2.9	51.798607491569
66	7715	3	52.808001883514
66	8047	3.1	53.816130736761
66	8280	3.2	54.850258764545
66	8513	3.3	55.878529464163
66	8749	3.4	56.921334969131
66	8983	3.5	57.967747548705
66	9213	3.6	59.023197671816
66	9444	3.7	60.076335809807
66	9680	3.8	61.128547923246
66	9914	3.9	62.1842400656
66	10148	4	63.235520839017
66	10382	4.1	64.291578601062
66	10622	4.2	65.351652684064
66	10857	4.3	66.405056326655
66	11088	4.4	67.460585558464
66	11322	4.5	68.513781588442
66	11555	4.6	69.574449600305
66	11792	4.7	70.627572799536
66	12023	4.8	71.682942178507
66	12263	4.9	72.734874689453
66	12501	5	73.791063940392
66	12733	5.1	74.848528002621
66	12968	5.2	75.904069502338
66	13197	5.3	76.953867123004
66	13427	5.4	78.011620736281
66	13657	5.5	79.060568385405
66	13884	5.6	80.12084134979
66	14114	5.7	81.169976252373
66	14346	5.8	82.220374150821
66	14573	5.9	83.269811344299
66	14805	6	84.32848753854
66	15043	6.1	85.379091170393
66	15275	6.2	86.430396867566
66	15508	6.3	87.490029405272
66	15741	6.4	88.547932666509
66	15976	6.5	89.602312055102
66	16212	6.6	90.652644939543
66	16447	6.7	91.713903792611
66	16685	6.8	92.770980309048
66	16928	6.9	93.82423512235
66	17163	7	94.876321368216
66	17390	7.1	95.925573069983
66	17631	7.2	96.985714496634
66	17865	7.3	98.042267186231
66	18094	7.4	99.096825006365
66	18326	7.5	100.15239031333
66	18556	7.6	101.20760048641
66	18788	7.7	102.26426184654
66	19024	7.8	103.31332594746
66	19258	7.9	104.37459502712
66	19493	8	105.43407915868
66	19724	8.1	106.49083738259
66	19960	8.2	107.54602787844
66	20189	8.3	108.6029611354
66	20425	8.4	109.65455094974
66	20658	8.5	110.70665829457
66	20889	8.6	111.76834697794
66	21122	8.7	112.82177798042
66	21358	8.8	113.8780112551
66	21588	8.9	114.93634132941
66	21830	9	115.99459307652
66	22068	9.1	117.05630307174
66	22304	9.2	118.11190067921
66	22543	9.3	119.16662871262
66	22778	9.4	120.21786297311
66	23001	9.5	121.27474410166
66	23244	9.6	122.32490250851
66	23477	9.7	123.38019006724
66	23711	9.8	124.43716612788
66	23947	9.9	125.4862386569
66	24175	10	126.5428321826
66	24403	10.1	127.60274965925
66	24639	10.2	128.65320480916
66	24881	10.3	129.70633825873
66	25111	10.4	130.75711057847
66	25345	10.5	131.81842933488
66	25579	10.6	132.8753079939
66	25810	10.7	133.93487792989
66	26042	10.8	134.98796442255
66	26279	10.9	136.04609272091
66	26514	11	137.10678084459
66	26750	11.1	138.16007159557
66	26985	11.2	139.20883476043
66	27220	11.3	140.26105067394
66	27449	11.4	141.31298636201
66	27678	11.5	142.36754150764
66	27915	11.6	143.42176899612
66	28143	11.7	144.47367662304
66	28377	11.8	145.52891306377
66	28614	11.9	146.58446304735
66	28846	12	147.63425333945
66	29075	12.1	148.68975348632
66	29302	12.2	149.74881351908
66	29539	12.3	150.80566683853
66	29773	12.4	151.86559352382
66	30002	12.5	152.91983538817
66	30246	12.6	153.98118903843
66	30476	12.7	155.03160062084
66	30709	12.8	156.08147136648
66	30941	12.9	157.13476186703
66	31175	13	158.18798615958
66	31401	13.1	159.24058353583
66	31641	13.2	160.29626456013
66	31875	13.3	161.34895919552
66	32113	13.4	162.40590472378
66	32345	13.5	163.46128040134
66	32826	13.6	164.51455399863
66	34970	13.7	165.57541995255
66	35056	13.8	166.63022012866
66	35135	13.9	167.68242949182
66	35164	14	168.73863110543
66	35193	14.1	169.79191964582
66	35222	14.2	170.84617939029
66	35251	14.3	171.90444452458
66	35280	14.4	172.9546135376
66	35359	14.5	174.01424810636
66	35386	14.6	175.07101574366
66	35413	14.7	176.13225244841
66	35440	14.8	177.1879567604
66	35515	14.9	178.24816018874
66	35540	15	179.30168284107
66	35565	15.1	180.35522577689
66	35590	15.2	181.4059248017
66	35615	15.3	182.45768368321
66	35640	15.4	183.51175241694
66	35715	15.5	184.56093128028
66	35786	15.6	185.61920367398
66	35807	15.7	186.67256839903
66	35828	15.8	187.73006958129
66	35849	15.9	188.78665653427
66	35870	16	189.84725878201
66	35891	16.1	190.89987854514
66	35912	16.2	191.95332561184
66	35933	16.3	193.0071769819
66	36004	16.4	196.0071769819
66	36071	16.5	199.0071769819
66	36088	16.6	202.0071769819
66	36105	16.7	205.0071769819
66	36122	16.8	208.0071769819
66	36139	16.9	211.0071769819
66	36156	17	214.0071769819
66	36173	17.1	217.0071769819
66	36190	17.2	220.0071769819
66	36207	17.3	223.0071769819
66	36224	17.4	226.0071769819
66	36241	17.5	229.0071769819
66	36258	17.6	232.0071769819
66	36275	17.7	235.0071769819
66	36292	17.8	238.0071769819
66	36309	17.9	241.0071769819
66	36326	18	244.0071769819
66	36343	18.1	247.0071769819
66	36360	18.2	250.0071769819
67	3192	2.2	0.59956367242107
67	3418	2.3	1.5181669917965
67	3647	2.4	0.70276767356058
67	3879	2.5	-0.038381929545235
67	5262	2.6	2.4833855964476
67	6415	2.7	1.0552513290969
67	6898	2.8	0.27281376652665
67	7228	2.9	1.8603107714113
67	7715	3	0.61693590346591
67	8047	3.1	0.85633974571104
67	8280	3.2	-0.26008787944189
67	8513	3.3	0.73734546738864
67	8749	3.4	2.5595300220186
67	8983	3.5	-0.36718641496815
67	9213	3.6	1.364191720684
67	9444	3.7	0.10187231346112
67	9680	3.8	0.44782666877092
67	9914	3.9	1.0713497810737
67	10148	4	-0.022818252747037
67	10382	4.1	0.46101958923058
67	10622	4.2	1.6299481153867
67	10857	4.3	0.38880155220276
67	11088	4.4	0.31940042608728
67	11322	4.5	1.1950283246879
67	11555	4.6	-0.85306891736289
67	11792	4.7	1.0451182265459
67	12023	4.8	1.1861207159315
67	12263	4.9	0.62335734662451
67	12501	5	0.48260620500329
67	12733	5.1	0.5130024868714
67	12968	5.2	-0.10937786213542
67	13197	5.3	1.2245994165534
67	13427	5.4	-0.024196797589635
67	13657	5.5	0.32237815416963
67	13884	5.6	-0.33035076228016
67	14114	5.7	-0.058768664814952
67	14346	5.8	0.98936219912559
67	14573	5.9	1.4843652899156
67	14805	6	0.053475205276712
67	15043	6.1	-0.77923802234015
67	15275	6.2	1.3334728310806
67	15508	6.3	0.45453925761356
67	15741	6.4	-0.88991175412881
67	15976	6.5	0.73229925997568
67	16212	6.6	0.49562907652215
67	16447	6.7	-0.12836680948904
67	16685	6.8	0.81506339768788
67	16928	6.9	0.52017709544527
67	17163	7	-0.37957292104513
67	17390	7.1	0.39384324851241
67	17631	7.2	0.27284790458626
67	17865	7.3	0.73190513465295
67	18094	7.4	-0.44882732955239
67	18326	7.5	-0.37327159897728
67	18556	7.6	0.45537742416117
67	18788	7.7	1.1822201661983
67	19024	7.8	0.077050959130034
67	19258	7.9	-0.28184236230501
67	19493	8	0.8926438563843
67	19724	8.1	0.34458068444414
67	19960	8.2	-0.8793089034908
67	20189	8.3	0.60015761321988
67	20425	8.4	0.94332760876604
67	20658	8.5	-0.11232290783084
67	20889	8.6	-0.3744101975018
67	21122	8.7	0.94999479174374
67	21358	8.8	0.62095714565588
67	21588	8.9	-0.88922582823921
67	21830	9	0.18977365074401
67	22068	9.1	-0.056041262944166
67	22304	9.2	0.10922782672157
67	22543	9.3	0.1262855338941
67	22778	9.4	-0.36721103272702
67	23001	9.5	0.30237098302564
67	23244	9.6	0.47433385955241
67	23477	9.7	1.1688399621888
67	23711	9.8	-0.1003027384245
67	23947	9.9	0.11981377646347
67	24175	10	-0.61927406773549
67	24403	10.1	0.65795250102409
67	24639	10.2	0.042224381237634
67	24881	10.3	0.57647135350427
67	25111	10.4	-1.3661642221665
67	25345	10.5	1.7567416935807
67	25579	10.6	-0.84111107509347
67	25810	10.7	0.86822888912538
67	26042	10.8	-1.1589576929906
67	26279	10.9	0.92776123822926
67	26514	11	0.13728353173208
67	26750	11.1	-1.2015980059666
67	26985	11.2	1.5941188621884
67	27220	11.3	-0.32905337547009
67	27449	11.4	-0.35971297760575
67	27678	11.5	0.23974720107011
67	27915	11.6	0.60546680324077
67	28143	11.7	-0.30851803203268
67	28377	11.8	0.41180345398139
67	28614	11.9	-0.15143629879033
67	28846	12	-0.087601111964855
67	29075	12.1	0.95403067346995
67	29302	12.2	-0.48119805582651
67	29539	12.3	-0.18626573140045
67	29773	12.4	-0.29709762779996
67	30002	12.5	-0.41587631533243
67	30246	12.6	1.4993531912667
67	30476	12.7	-1.450285928221
67	30709	12.8	-0.15831805957202
67	30941	12.9	0.84304407481376
67	31175	13	0.066162664022826
67	31401	13.1	0.23539689727874
67	31641	13.2	0.39821421111093
67	31875	13.3	-1.056776981847
67	32113	13.4	1.1498261706406
67	32345	13.5	0.13349149128802
67	32826	13.6	-0.37717773533048
67	34970	13.7	-0.20198393468192
67	35056	13.8	0.35195229405073
67	35135	13.9	-0.58100041920502
67	35164	14	0.56227154056513
67	35193	14.1	-4.5
67	35222	14.2	-4.5
67	35251	14.3	-3.1796715380735
67	35280	14.4	1.0995820305898
67	35359	14.5	2.2276854269207
67	35386	14.6	1.7489585562842
67	35413	14.7	1.6832766421605
67	35440	14.8	2.5604470971273
67	35515	14.9	2.0425493225222
67	35540	15	0.52420635189494
67	35565	15.1	-0.33771134787239
67	35590	15.2	0.79471582644619
67	35615	15.3	-0.93323146952317
67	35640	15.4	0.51563537116163
67	35715	15.5	0.65656135275495
67	35786	15.6	-0.36525564130862
67	35807	15.7	-0.67129294476471
67	35828	15.8	0.67317086672411
67	35849	15.9	-0.54008596641943
67	35870	16	0.79063896513544
67	35891	16.1	-0.1304778462276
67	35912	16.2	-0.049127197009504
67	35933	16.3	-0.02815287271515
67	36004	16.4	159.32785158231
67	36071	16.5	0
67	36088	16.6	0
67	36105	16.7	0
67	36122	16.8	0
67	36139	16.9	0
67	36156	17	0
67	36173	17.1	0
67	36190	17.2	0
67	36207	17.3	0
67	36224	17.4	0
67	36241	17.5	0
67	36258	17.6	0
67	36275	17.7	0
67	36292	17.8	0
67	36309	17.9	0
67	36326	18	0
67	36343	18.1	0
67	36360	18.2	0
67	36377	18.3	0
68	3192	2.2	3.2285684575317
68	3418	2.3	5.6086293809007
68	3647	2.4	3.5435677795725
68	3879	2.5	1.6378244262276
68	5262	2.6	8.2874980089239
68	6415	2.7	4.5671002933134
68	6898	2.8	2.4935039748305
68	7228	2.9	6.8180368414814
68	7715	3	3.466869808322
68	8047	3.1	4.1432852510014
68	8280	3.2	0.973
68	8513	3.3	3.8294772826372
68	8749	3.4	9.027003365646
68	8983	3.5	0.973
68	9213	3.6	5.7030081029039
68	9444	3.7	2.1198441916009
68	9680	3.8	3.1117408792555
68	9914	3.9	4.9274940622852
68	10148	4	1.7777205371688
68	10382	4.1	3.1793671230954
68	10622	4.2	6.634967597965
68	10857	4.3	3.0075539430163
68	11088	4.4	2.8089900436986
68	11322	4.5	5.4332690807721
68	11555	4.6	0.973
68	11792	4.7	4.9939773130867
68	12023	4.8	5.4587021544833
68	12263	4.9	3.7812975464333
68	12501	5	3.3659346606719
68	12733	5.1	3.4692397448021
68	12968	5.2	1.5724581670261
68	13197	5.3	5.6803685936147
68	13427	5.4	1.8421825933129
68	13657	5.5	2.9126387432909
68	13884	5.6	0.973
68	14114	5.7	1.735423719687
68	14346	5.8	4.9872382511997
68	14573	5.9	6.5863927957328
68	14805	6	2.1071901119446
68	15043	6.1	0.973
68	15275	6.2	6.1393009712626
68	15508	6.3	3.3840194812971
68	15741	6.4	0.973
68	15976	6.5	4.2564410495744
68	16212	6.6	3.5209930067119
68	16447	6.7	1.5455163729303
68	16685	6.8	4.5519462286196
68	16928	6.9	3.6254470946857
68	17163	7	0.973
68	17390	7.1	3.2222615085102
68	17631	7.2	2.8402508042234
68	17865	7.3	4.3295085970212
68	18094	7.4	0.973
68	18326	7.5	0.973
68	18556	7.6	3.4319986482696
68	18788	7.7	5.8099154806324
68	19024	7.8	2.2324896855076
68	19258	7.9	0.973
68	19493	8	4.8938970598595
68	19724	8.1	3.1165577052052
68	19960	8.2	0.973
68	20189	8.3	3.9436268110583
68	20425	8.4	5.0917770583294
68	20658	8.5	1.6298056802161
68	20889	8.6	0.973
68	21122	8.7	5.128862154254
68	21358	8.8	4.0618835244106
68	21588	8.9	0.973
68	21830	9	2.6266971953151
68	22068	9.1	1.8179816059431
68	22304	9.2	2.3625360168145
68	22543	9.3	2.4202891969104
68	22778	9.4	0.973
68	23001	9.5	2.9988939445426
68	23244	9.6	3.5749476821688
68	23477	9.7	5.9130176614095
68	23711	9.8	1.6855783261737
68	23947	9.9	2.419665129393
68	24175	10	0.973
68	24403	10.1	4.2131038933816
68	24639	10.2	2.1621312685363
68	24881	10.3	3.9565020946068
68	25111	10.4	0.973
68	25345	10.5	7.9269621277658
68	25579	10.6	0.973
68	25810	10.7	4.9459050931287
68	26042	10.8	0.973
68	26279	10.9	5.1382124958162
68	26514	11	2.4910636192324
68	26750	11.1	0.973
68	26985	11.2	7.3970301284079
68	27220	11.3	0.973
68	27449	11.4	0.973
68	27678	11.5	2.8338705437602
68	27915	11.6	4.0751781978649
68	28143	11.7	0.973
68	28377	11.8	3.4250648555566
68	28614	11.9	1.5258545029467
68	28846	12	1.7400457640258
68	29075	12.1	5.2762449031373
68	29302	12.2	0.973
68	29539	12.3	1.4097447284351
68	29773	12.4	0.973
68	30002	12.5	0.973
68	30246	12.6	7.1289923395215
68	30476	12.7	0.973
68	30709	12.8	1.4987028955006
68	30941	12.9	4.8805072473826
68	31175	13	2.2617903283319
68	31401	13.1	2.836438091035
68	31641	13.2	3.3945296733314
68	31875	13.3	0.973
68	32113	13.4	5.9450395374922
68	32345	13.5	2.5005340301936
68	32826	13.6	0.973
68	34970	13.7	1.3587384658193
68	35056	13.8	3.2377502826345
68	35135	13.9	0.973
68	35164	14	3.9500047552481
68	35193	14.1	0.973
68	35222	14.2	0.973
68	35251	14.3	0.973
68	35280	14.4	5.3674188231946
68	35359	14.5	9.0293139190144
68	35386	14.6	7.6000980017848
68	35413	14.7	7.473621153701
68	35440	14.8	10.514640182548
68	35515	14.9	8.9168823370276
68	35540	15	3.8143159417989
68	35565	15.1	0.973
68	35590	15.2	4.7424080727452
68	35615	15.3	0.973
68	35640	15.4	3.7862310105461
68	35715	15.5	4.2800134182771
68	35786	15.6	0.973
68	35807	15.7	0.973
68	35828	15.8	4.3268063751167
68	35849	15.9	0.973
68	35870	16	4.7322839162231
68	35891	16.1	1.6039666809977
68	35912	16.2	1.8794646158471
68	35933	16.3	1.950314841201
68	36004	16.4	1156.9917967001
68	36071	16.5	5.05142976
68	36088	16.6	5.05142976
68	36105	16.7	5.05142976
68	36122	16.8	5.05142976
68	36139	16.9	5.05142976
68	36156	17	5.05142976
68	36173	17.1	5.05142976
68	36190	17.2	5.05142976
68	36207	17.3	5.05142976
68	36224	17.4	5.05142976
68	36241	17.5	5.05142976
68	36258	17.6	5.05142976
68	36275	17.7	5.05142976
68	36292	17.8	5.05142976
68	36309	17.9	5.05142976
68	36326	18	5.05142976
68	36343	18.1	5.05142976
68	36360	18.2	5.05142976
68	36377	18.3	5.05142976
69	3418	2.3	9.3312919372825
69	3647	2.4	9.5537409715179
69	3879	2.5	9.6175622885445
69	5262	2.6	9.6814835743733
69	6415	2.7	9.8187612970928
69	6898	2.8	9.9607008026722
69	7228	2.9	10.022534044209
69	7715	3	10.093943919447
69	8047	3.1	10.081288532468
69	8280	3.2	10.341280277844
69	8513	3.3	10.282706996181
69	8749	3.4	10.428055049674
69	8983	3.5	10.464125795748
69	9213	3.6	10.554501231102
69	9444	3.7	10.531381379915
69	9680	3.8	10.52212113439
69	9914	3.9	10.556921423542
69	10148	4	10.51280773417
69	10382	4.1	10.560577620446
69	10622	4.2	10.600740830022
69	10857	4.3	10.534036425908
69	11088	4.4	10.55529231809
69	11322	4.5	10.531960299778
69	11555	4.6	10.606680118627
69	11792	4.7	10.531231992311
69	12023	4.8	10.553693789718
69	12263	4.9	10.519325109452
69	12501	5	10.56189250939
69	12733	5.1	10.574640622299
69	12968	5.2	10.555414997164
69	13197	5.3	10.497976206661
69	13427	5.4	10.577536132773
69	13657	5.5	10.489476491233
69	13884	5.6	10.602729643855
69	14114	5.7	10.491349025824
69	14346	5.8	10.503978984481
69	14573	5.9	10.494371934786
69	14805	6	10.586761942412
69	15043	6.1	10.506036318521
69	15275	6.2	10.513056971735
69	15508	6.3	10.596325377062
69	15741	6.4	10.579032612365
69	15976	6.5	10.543793885931
69	16212	6.6	10.503328844415
69	16447	6.7	10.61258853068
69	16685	6.8	10.570765164363
69	16928	6.9	10.532548133018
69	17163	7	10.520862458662
69	17390	7.1	10.492517017675
69	17631	7.2	10.601414266507
69	17865	7.3	10.565526895972
69	18094	7.4	10.545578201336
69	18326	7.5	10.555653069626
69	18556	7.6	10.552101730794
69	18788	7.7	10.566613601366
69	19024	7.8	10.490641009136
69	19258	7.9	10.612690796632
69	19493	8	10.594841315576
69	19724	8.1	10.567582239135
69	19960	8.2	10.551904958451
69	20189	8.3	10.569332569588
69	20425	8.4	10.51589814346
69	20658	8.5	10.52107344824
69	20889	8.6	10.61688683377
69	21122	8.7	10.53431002475
69	21358	8.8	10.56233274683
69	21588	8.9	10.583300743058
69	21830	9	10.582517471112
69	22068	9.1	10.617099952248
69	22304	9.2	10.555976074717
69	22543	9.3	10.54728033411
69	22778	9.4	10.512342604854
69	23001	9.5	10.568811285474
69	23244	9.6	10.501584068562
69	23477	9.7	10.552875587248
69	23711	9.8	10.569760606367
69	23947	9.9	10.490725290246
69	24175	10	10.565935256958
69	24403	10.1	10.599174766575
69	24639	10.2	10.504551499034
69	24881	10.3	10.531334495777
69	25111	10.4	10.507723197352
69	25345	10.5	10.613187564133
69	25579	10.6	10.568786590159
69	25810	10.7	10.595699359883
69	26042	10.8	10.530864926632
69	26279	10.9	10.581282983619
69	26514	11	10.606881236757
69	26750	11.1	10.532907509873
69	26985	11.2	10.487631648578
69	27220	11.3	10.522159135027
69	27449	11.4	10.519356880786
69	27678	11.5	10.545551456243
69	27915	11.6	10.542274884779
69	28143	11.7	10.519076269215
69	28377	11.8	10.552364407344
69	28614	11.9	10.55549983581
69	28846	12	10.497902921002
69	29075	12.1	10.555001468707
69	29302	12.2	10.590600327546
69	29539	12.3	10.568533194469
69	29773	12.4	10.59926685295
69	30002	12.5	10.542418643536
69	30246	12.6	10.61353650253
69	30476	12.7	10.504115824098
69	30709	12.8	10.498707456479
69	30941	12.9	10.532905005409
69	31175	13	10.532242925562
69	31401	13.1	10.525973762518
69	31641	13.2	10.556810243003
69	31875	13.3	10.52694635386
69	32113	13.4	10.569455282652
69	32345	13.5	10.553756775546
69	32826	13.6	10.532735972855
69	34970	13.7	10.608659539215
69	35056	13.8	10.548001761089
69	35135	13.9	10.522093631599
69	35164	14	10.562016136185
69	35193	14.1	10.532885403893
69	35222	14.2	10.542597444718
69	35251	14.3	10.582651342863
69	35280	14.4	10.501690130179
69	35359	14.5	10.596345687606
69	35386	14.6	10.567676373019
69	35413	14.7	10.612367047525
69	35440	14.8	10.557043119906
69	35515	14.9	10.602034283331
69	35540	15	10.535226523284
69	35565	15.1	10.535429358214
69	35590	15.2	10.506990248078
69	35615	15.3	10.517588815171
69	35640	15.4	10.540687337298
69	35715	15.5	10.491788633328
69	35786	15.6	10.58272393708
69	35807	15.7	10.533647250465
69	35828	15.8	10.575011822615
69	35849	15.9	10.565869529759
69	35870	16	10.606022477459
69	35891	16.1	10.526197631244
69	35912	16.2	10.534470667049
69	35933	16.3	10.538513700528
69	36004	16.4	30
69	36071	16.5	30
69	36088	16.6	30
69	36105	16.7	30
69	36122	16.8	30
69	36139	16.9	30
69	36156	17	30
69	36173	17.1	30
69	36190	17.2	30
69	36207	17.3	30
69	36224	17.4	30
69	36241	17.5	30
69	36258	17.6	30
69	36275	17.7	30
69	36292	17.8	30
69	36309	17.9	30
69	36326	18	30
69	36343	18.1	30
69	36360	18.2	30
70	3647	2.4	2.2244903423541
70	3879	2.5	0.63821317026592
70	5262	2.6	0.63921285828753
70	6415	2.7	1.3727772271946
70	6898	2.8	1.4193950557943
70	7228	2.9	0.61833241536585
70	7715	3	0.71409875238198
70	8047	3.1	-0.12655386978748
70	8280	3.2	2.5999174537603
70	8513	3.3	-0.58573281663651
70	8749	3.4	1.4534805349363
70	8983	3.5	0.36070746073605
70	9213	3.6	0.90375435354623
70	9444	3.7	-0.23119851187802
70	9680	3.8	-0.092602455243469
70	9914	3.9	0.34800289152191
70	10148	4	-0.44113689372317
70	10382	4.1	0.47769886276219
70	10622	4.2	0.40163209575693
70	10857	4.3	-0.66704404114279
70	11088	4.4	0.21255892182236
70	11322	4.5	-0.23332018312068
70	11555	4.6	0.74719818849117
70	11792	4.7	-0.75448126315605
70	12023	4.8	0.22461797406432
70	12263	4.9	-0.34368680266198
70	12501	5	0.42567399938125
70	12733	5.1	0.1274811290903
70	12968	5.2	-0.19225625135006
70	13197	5.3	-0.57438790502491
70	13427	5.4	0.79559926111251
70	13657	5.5	-0.88059641539585
70	13884	5.6	1.1325315262191
70	14114	5.7	-1.1138061803067
70	14346	5.8	0.12629958656616
70	14573	5.9	-0.096070496947505
70	14805	6	0.923900076258
70	15043	6.1	-0.80725623890759
70	15275	6.2	0.07020653213841
70	15508	6.3	0.83268405327107
70	15741	6.4	-0.17292764696759
70	15976	6.5	-0.35238726434763
70	16212	6.6	-0.40465041515418
70	16447	6.7	1.0925968626514
70	16685	6.8	-0.41823366316967
70	16928	6.9	-0.38217031345702
70	17163	7	-0.1168567435583
70	17390	7.1	-0.28345440987033
70	17631	7.2	1.0889724883251
70	17865	7.3	-0.35887370535638
70	18094	7.4	-0.19948694636113
70	18326	7.5	0.10074868290685
70	18556	7.6	-0.03551338831894
70	18788	7.7	0.14511870571878
70	19024	7.8	-0.75972592229956
70	19258	7.9	1.2204978749622
70	19493	8	-0.1784948105691
70	19724	8.1	-0.2725907644024
70	19960	8.2	-0.15677280684468
70	20189	8.3	0.17427611136808
70	20425	8.4	-0.53434426127932
70	20658	8.5	0.051753047807139
70	20889	8.6	0.9581338552991
70	21122	8.7	-0.82576809020248
70	21358	8.8	0.28022722080349
70	21588	8.9	0.20967996227556
70	21830	9	-0.0078327194554895
70	22068	9.1	0.3458248113515
70	22304	9.2	-0.61123877530918
70	22543	9.3	-0.086957406066368
70	22778	9.4	-0.34937729255761
70	23001	9.5	0.56468680619727
70	23244	9.6	-0.67227216912432
70	23477	9.7	0.51291518686339
70	23711	9.8	0.16885019119362
70	23947	9.9	-0.79035316121299
70	24175	10	0.752099667117
70	24403	10.1	0.33239509616978
70	24639	10.2	-0.94623267541174
70	24881	10.3	0.26782996742986
70	25111	10.4	-0.23611298424656
70	25345	10.5	1.0546436678153
70	25579	10.6	-0.44400973974263
70	25810	10.7	0.2691276972415
70	26042	10.8	-0.64834433251526
70	26279	10.9	0.50418056987692
70	26514	11	0.25598253137431
70	26750	11.1	-0.73973726883995
70	26985	11.2	-0.45275861294941
70	27220	11.3	0.34527486448642
70	27449	11.4	-0.028022542409598
70	27678	11.5	0.26194575456902
70	27915	11.6	-0.032765714637932
70	28143	11.7	-0.23198615564032
70	28377	11.8	0.33288138129283
70	28614	11.9	0.031354284659031
70	28846	12	-0.57596914807801
70	29075	12.1	0.57098547704518
70	29302	12.2	0.35598858839366
70	29539	12.3	-0.22067133076488
70	29773	12.4	0.30733658480457
70	30002	12.5	-0.56848209414165
70	30246	12.6	0.71117858993821
70	30476	12.7	-1.0942067843163
70	30709	12.8	-0.054083676193848
70	30941	12.9	0.34197548930534
70	31175	13	-0.0066207984695232
70	31401	13.1	-0.062691630446352
70	31641	13.2	0.30836480485741
70	31875	13.3	-0.2986388914287
70	32113	13.4	0.42508928792085
70	32345	13.5	-0.15698507106862
70	32826	13.6	-0.21020802690183
70	34970	13.7	0.75923566359561
70	35056	13.8	-0.60657778126188
70	35135	13.9	-0.25908129489979
70	35164	14	0.39922504585702
70	35193	14.1	-0.29130732291378
70	35222	14.2	0.097120408248141
70	35251	14.3	0.40053898144979
70	35280	14.4	-0.80961212683469
70	35359	14.5	0.9465555742616
70	35386	14.6	-0.28669314587024
70	35413	14.7	0.44690674506128
70	35440	14.8	-0.5532392761903
70	35515	14.9	0.44991163425149
70	35540	15	-0.66807760046796
70	35565	15.1	0.0020283492980511
70	35590	15.2	-0.28439110135659
70	35615	15.3	0.10598567093258
70	35640	15.4	0.23098522126675
70	35715	15.5	-0.48898703970481
70	35786	15.6	0.90935303752776
70	35807	15.7	-0.49076686615591
70	35828	15.8	0.41364572150634
70	35849	15.9	-0.091422928567049
70	35870	16	0.40152947700117
70	35891	16.1	-0.79824846214615
70	35912	16.2	0.082730358047414
70	35933	16.3	0.040430334792472
70	36004	16.4	194.61486299472
70	36071	16.5	0
70	36088	16.6	0
70	36105	16.7	0
70	36122	16.8	0
70	36139	16.9	0
70	36156	17	0
70	36173	17.1	0
70	36190	17.2	0
70	36207	17.3	0
70	36224	17.4	0
70	36241	17.5	0
70	36258	17.6	0
70	36275	17.7	0
70	36292	17.8	0
70	36309	17.9	0
70	36326	18	0
70	36343	18.1	0
70	36360	18.2	0
71	3647	2.4	6.7732088619132
71	3879	2.5	3.1354027388818
71	5262	2.6	3.152300005824
71	6415	2.7	4.9195358486762
71	6898	2.8	5.0890970791823
71	7228	2.9	3.1800309332903
71	7715	3	3.4290843351043
71	8047	3.1	1.3834973198372
71	8280	3.2	8.1906673231542
71	8513	3.3	0.973
71	8749	3.4	5.3706372582536
71	8983	3.5	2.6302888252761
71	9213	3.6	4.0265841680321
71	9444	3.7	0.973
71	9680	3.8	1.4903803509517
71	9914	3.9	2.6133498734905
71	10148	4	0.973
71	10382	4.1	2.944034968588
71	10622	4.2	2.7575085913839
71	10857	4.3	0.973
71	11088	4.4	2.2685385279217
71	11322	4.5	0.973
71	11555	4.6	3.6418945299834
71	11792	4.7	0.973
71	12023	4.8	2.2990016556501
71	12263	4.9	0.973
71	12501	5	2.8118654968997
71	12733	5.1	2.0542417853683
71	12968	5.2	1.2387634102587
71	13197	5.3	0.973
71	13427	5.4	3.7577177080747
71	13657	5.5	0.973
71	13884	5.6	4.6254954887708
71	14114	5.7	0.973
71	14346	5.8	2.0434958853242
71	14573	5.9	1.4800406475859
71	14805	6	4.0875659639881
71	15043	6.1	0.973
71	15275	6.2	1.9023679629929
71	15508	6.3	3.8575143463472
71	15741	6.4	1.2888185037211
71	15976	6.5	0.973
71	16212	6.6	0.973
71	16447	6.7	4.5268311606618
71	16685	6.8	0.973
71	16928	6.9	0.973
71	17163	7	1.4288116834066
71	17390	7.1	0.973
71	17631	7.2	4.513741275311
71	17865	7.3	0.973
71	18094	7.4	1.2200645063457
71	18326	7.5	1.9841500978952
71	18556	7.6	1.6372607798621
71	18788	7.7	2.098274416597
71	19024	7.8	0.973
71	19258	7.9	4.8539933232742
71	19493	8	1.2751983800537
71	19724	8.1	0.973
71	19960	8.2	1.328883095576
71	20189	8.3	2.172854837493
71	20425	8.4	0.973
71	20658	8.5	1.8563457877406
71	20889	8.6	4.1842581134191
71	21122	8.7	0.973
71	21358	8.8	2.4417075049248
71	21588	8.9	2.2648485416199
71	21830	9	1.7100054109667
71	22068	9.1	2.6175961996812
71	22304	9.2	0.973
71	22543	9.3	1.5061554797203
71	22778	9.4	0.973
71	23001	9.5	3.1672003055656
71	23244	9.6	0.973
71	23477	9.7	3.0321025130076
71	23711	9.8	2.1590852027248
71	23947	9.9	0.973
71	24175	10	3.6438074715157
71	24403	10.1	2.5803736253997
71	24639	10.2	0.973
71	24881	10.3	2.4056982220143
71	25111	10.4	0.973
71	25345	10.5	4.4299606372837
71	25579	10.6	0.973
71	25810	10.7	2.4182620744655
71	26042	10.8	0.973
71	26279	10.9	3.015589438881
71	26514	11	2.3862725799302
71	26750	11.1	0.973
71	26985	11.2	0.973
71	27220	11.3	2.6007694784158
71	27449	11.4	1.653944635144
71	27678	11.5	2.392784689875
71	27915	11.6	1.643548862952
71	28143	11.7	0.973
71	28377	11.8	2.574151350137
71	28614	11.9	1.8076035468701
71	28846	12	0.973
71	29075	12.1	3.1802500866461
71	29302	12.2	2.6392248657967
71	29539	12.3	0.973
71	29773	12.4	2.5163782659083
71	30002	12.5	0.973
71	30246	12.6	3.551540679392
71	30476	12.7	0.973
71	30709	12.8	1.5865163653588
71	30941	12.9	2.5941368599695
71	31175	13	1.709198310722
71	31401	13.1	1.5664750503535
71	31641	13.2	2.5124848776398
71	31875	13.3	0.973
71	32113	13.4	2.811750745907
71	32345	13.5	1.3284197286502
71	32826	13.6	1.1924528102948
71	34970	13.7	3.6731842429766
71	35056	13.8	0.973
71	35135	13.9	0.973
71	35164	14	2.7445635852392
71	35193	14.1	0.973
71	35222	14.2	1.9735820544049
71	35251	14.3	2.75153470547
71	35280	14.4	0.973
71	35359	14.5	4.1483159360919
71	35386	14.6	0.973
71	35413	14.7	2.8753508162985
71	35440	14.8	0.973
71	35515	14.9	2.8810950513882
71	35540	15	0.973
71	35565	15.1	1.731405446638
71	35590	15.2	0.973
71	35615	15.3	1.9934929037618
71	35640	15.4	2.31344391757
71	35715	15.5	0.973
71	35786	15.6	4.0492453925437
71	35807	15.7	0.973
71	35828	15.8	2.7835953419095
71	35849	15.9	1.4958658782196
71	35870	16	2.7581768780718
71	35891	16.1	0.973
71	35912	16.2	1.9362161027491
71	35933	16.3	1.8291833117405
71	36004	16.4	1412.1168892118
71	36071	16.5	5.05142976
71	36088	16.6	5.05142976
71	36105	16.7	5.05142976
71	36122	16.8	5.05142976
71	36139	16.9	5.05142976
71	36156	17	5.05142976
71	36173	17.1	5.05142976
71	36190	17.2	5.05142976
71	36207	17.3	5.05142976
71	36224	17.4	5.05142976
71	36241	17.5	5.05142976
71	36258	17.6	5.05142976
71	36275	17.7	5.05142976
71	36292	17.8	5.05142976
71	36309	17.9	5.05142976
71	36326	18	5.05142976
71	36343	18.1	5.05142976
71	36360	18.2	5.05142976

