version 3
run FourVehiclesAmbulanceBFT-0-20260427-21:56:27-611146
attr configname FourVehiclesAmbulanceBFT
attr datetime 20260427-21:56:27
attr datetimef 20260427-215627
attr experiment FourVehiclesAmbulanceBFT
attr inifile /home/yash/DistributedSystemsforAVs/fourway/random_scenario.ini
attr iterationvars ""
attr iterationvarsd ""
attr iterationvarsf ""
attr measurement ""
attr network fourWay
attr processid 611146
attr repetition 0
attr replication #0
attr resultdir results
attr runnumber 0
attr seedset 0
config extends FourVehiclesBFTOverV2V
config description "4 vehicles; veh3 auto-issues Emergency_CA cert (ambulanceReplicaId matches SUMO veh id, not node index)"
config *.manager.intersectionBatchSize 4
config extends BFTOverV2V
config description "BFT test on benchmarking 4-vehicle routes"
config *.manager.launchConfig "xmldoc(\"bft_4veh.launchd.xml\")"
config *.node[*].appl.intersectionX 300m
config *.node[*].appl.intersectionY 300m
config *.node[*].appl.totalVehicles 4
config *.manager.intersectionBatchSize 4
config extends WithChannelSwitching
config *.node[*].applType "\"org.car2x.veins.modules.bftsmart.V2VProxyModule\""
config *.node[0].appl.replicaId 0
config *.node[1].appl.replicaId 1
config *.node[2].appl.replicaId 2
config *.node[3].appl.replicaId 3
config *.node[*].appl.intersectionX 104m
config *.node[*].appl.intersectionY 82m
config *.node[*].appl.stopDistance 5m
config *.node[*].appl.totalVehicles 4
config *.node[*].appl.intersectionWidth 15m
config *.node[*].appl.avgSpeed 14mps
config *.node[*].appl.safetyGap 1.5s
config *.node[*].appl.stopSignTimeoutSec 10.0s
config *.node[*].appl.gatewayHost "\"\""
config *.node[*].appl.gatewayPort 0
config *.node[*].appl.carId "\"\""
config *.node[*].appl.direction "\"\""
config *.connectionManager.pMax 20mW
config *.connectionManager.sat -89dBm
config *.connectionManager.alpha 2.0
config *.connectionManager.carrierFrequency "5.890e9 Hz"
config *.node[*].nic.phy80211p.collectCollisionStatistics true
config *.node[*].nic.phy80211p.ccaThreshold -90dBm
config *.node[*].nic.mac1609_4.cwMin 3
config *.node[*].nic.mac1609_4.cwMax 7
config *.**.nic.mac1609_4.useServiceChannel false
config *.node[*].appl.dataOnSch false
config *.rsu[*].appl.dataOnSch false
config *.node[*].nic.mac1609_4.useServiceChannel false
config *.node[0].appl.gatewayHost "\"127.0.0.1\""
config *.node[0].appl.gatewayPort 9001
config *.node[0].appl.carId "\"CAR_0\""
config *.node[0].appl.direction "\"straight\""
config *.node[0].appl.stopDistance 50m
config *.node[0].appl.intersectionX 104m
config *.node[0].appl.intersectionY 82m
config *.node[1].appl.gatewayHost "\"127.0.0.1\""
config *.node[1].appl.gatewayPort 9002
config *.node[1].appl.carId "\"CAR_1\""
config *.node[1].appl.direction "\"right\""
config *.node[1].appl.stopDistance 50m
config *.node[1].appl.intersectionX 104m
config *.node[1].appl.intersectionY 82m
config *.node[2].appl.gatewayHost "\"127.0.0.1\""
config *.node[2].appl.gatewayPort 9003
config *.node[2].appl.carId "\"CAR_2\""
config *.node[2].appl.direction "\"left\""
config *.node[2].appl.stopDistance 50m
config *.node[2].appl.intersectionX 104m
config *.node[2].appl.intersectionY 82m
config *.node[3].appl.gatewayHost "\"127.0.0.1\""
config *.node[3].appl.gatewayPort 9004
config *.node[3].appl.carId "\"CAR_3\""
config *.node[3].appl.direction "\"right\""
config *.node[3].appl.stopDistance 50m
config *.node[3].appl.intersectionX 104m
config *.node[3].appl.intersectionY 82m
config scheduler-class omnetpp::cRealTimeScheduler
config realtimescheduler-scaling 0.1
config cmdenv-express-mode false
config cmdenv-autoflush false
config cmdenv-status-frequency 1s
config **.cmdenv-log-level info
config image-path ../../images
config network fourWay
config debug-on-errors true
config print-undisposed true
config sim-time-limit 50000s
config **.scalar-recording true
config **.vector-recording true
config *.playgroundSizeX 2500m
config *.playgroundSizeY 2500m
config *.playgroundSizeZ 50m
config *.annotations.draw true
config *.obstacles.debug false
config *.manager.updateInterval 0.1s
config *.manager.host "\"localhost\""
config *.manager.port 9999
config *.manager.autoShutdown true
config *.manager.shutdownOnIntersectionBatchCleared true
config *.manager.intersectionDepartureMinMeters 20m
config *.manager.launchConfig "xmldoc(\"osm.launchd.xml\")"
config *.manager.trafficLightModuleType "\"org.car2x.veins.nodes.TrafficLight\""
config *.tls[*].mobility.x 0
config *.tls[*].mobility.y 0
config *.tls[*].mobility.z 5
config *.tls[*].applType "\"org.car2x.veins.modules.application.traci.TraCIDemoTrafficLightApp\""
config *.tls[*].logicType "\"org.car2x.veins.modules.world.traci.trafficLight.logics.TraCITrafficLightSimpleLogic\""
config *.rsu[0].mobility.x 2000
config *.rsu[0].mobility.y 2000
config *.rsu[0].mobility.z 3
config *.rsu[*].applType "\"TraCIDemoRSU11p\""
config *.rsu[*].appl.headerLength "80 bit"
config *.rsu[*].appl.sendBeacons false
config *.rsu[*].appl.dataOnSch false
config *.rsu[*].appl.beaconInterval 1s
config *.rsu[*].appl.beaconUserPriority 7
config *.rsu[*].appl.dataUserPriority 5
config *.rsu[*].nic.phy80211p.antennaOffsetZ "1.5 m"
config *.connectionManager.sendDirect true
config *.connectionManager.maxInterfDist 2600m
config *.connectionManager.drawMaxIntfDist false
config *.connectionManagerName "\"connectionManager\""
config *.**.nic.mac1609_4.useServiceChannel false
config *.**.nic.phy80211p.txPower 20mW
config *.**.nic.mac1609_4.txPower 20mW
config *.**.nic.mac1609_4.bitrate 6Mbps
config *.**.nic.phy80211p.minPowerLevel -110dBm
config *.**.nic.mac1609_4.queueSize 1024
config *.**.nic.phy80211p.useNoiseFloor true
config *.**.nic.phy80211p.noiseFloor -98dBm
config *.**.nic.phy80211p.decider "xmldoc(\"config.xml\")"
config *.**.nic.phy80211p.analogueModels "xmldoc(\"config.xml\")"
config *.**.nic.phy80211p.usePropagationDelay true
config *.**.nic.phy80211p.antenna "xmldoc(\"antenna.xml\", \"/root/Antenna[@id='monopole']\")"
config *.node[*].nic.phy80211p.antennaOffsetY "1.895 m"
config *.node[*].nic.phy80211p.antennaOffsetZ "1.895 m"
config *.node[*].applType "\"src.IntersectionApp\""
config *.node[*].appl.headerLength "80 bit"
config *.node[*].appl.sendBeacons false
config *.node[*].appl.dataOnSch false
config *.node[*].appl.beaconInterval 1s
config *.node[*].nic.phy80211p.connectionManagerName "\"connectionManager\""
config *.node[*].veinsmobility.x 0
config *.node[*].veinsmobility.y 0
config *.node[*].veinsmobility.z 0
config *.node[*].veinsmobility.setHostSpeed false
config *.node[0].veinsmobility.accidentCount 0
config *.node[0].veinsmobility.accidentStart 73s
config *.node[0].veinsmobility.accidentDuration 50s
config *.node[*].appl.ambulanceReplicaId 3
config *.node[1].appl.isByzantine true
config *.node[1].appl.byzantineType 1

vector 0 fourWay.tls[0].nic.phy80211p RadioState ETV
vector 1 fourWay.tls[0].nic.phy80211p RadioChannel ETV
vector 2 fourWay.node[0].appl bftMsgSent:vector ETV
attr recordingmode vector
attr source bftMsgSent
attr title "BFT messages sent"
vector 3 fourWay.node[0].appl bftMsgReceived:vector ETV
attr recordingmode vector
attr source bftMsgReceived
attr title "BFT messages received"
vector 4 fourWay.node[0].nic.phy80211p RadioState ETV
vector 5 fourWay.node[0].nic.phy80211p RadioChannel ETV
vector 6 fourWay.manager posx ETV
vector 7 fourWay.manager posy ETV
vector 8 fourWay.node[1].appl bftMsgSent:vector ETV
attr recordingmode vector
attr source bftMsgSent
attr title "BFT messages sent"
vector 9 fourWay.node[1].appl bftMsgReceived:vector ETV
attr recordingmode vector
attr source bftMsgReceived
attr title "BFT messages received"
vector 10 fourWay.node[1].nic.phy80211p RadioState ETV
vector 11 fourWay.node[1].nic.phy80211p RadioChannel ETV
vector 12 fourWay.manager posx ETV
vector 13 fourWay.manager posy ETV
vector 14 fourWay.node[2].appl bftMsgSent:vector ETV
attr recordingmode vector
attr source bftMsgSent
attr title "BFT messages sent"
vector 15 fourWay.node[2].appl bftMsgReceived:vector ETV
attr recordingmode vector
attr source bftMsgReceived
attr title "BFT messages received"
vector 16 fourWay.node[2].nic.phy80211p RadioState ETV
vector 17 fourWay.node[2].nic.phy80211p RadioChannel ETV
vector 18 fourWay.manager posx ETV
vector 19 fourWay.manager posy ETV
vector 20 fourWay.node[3].appl bftMsgSent:vector ETV
attr recordingmode vector
attr source bftMsgSent
attr title "BFT messages sent"
vector 21 fourWay.node[3].appl bftMsgReceived:vector ETV
attr recordingmode vector
attr source bftMsgReceived
attr title "BFT messages received"
vector 22 fourWay.node[3].nic.phy80211p RadioState ETV
vector 23 fourWay.node[3].nic.phy80211p RadioChannel ETV
vector 24 fourWay.manager posx ETV
vector 25 fourWay.manager posy ETV
vector 26 fourWay.manager speed ETV
vector 27 fourWay.manager speed ETV
vector 28 fourWay.manager speed ETV
vector 29 fourWay.manager speed ETV
vector 30 fourWay.manager acceleration ETV
vector 31 fourWay.manager co2emission ETV
vector 32 fourWay.manager acceleration ETV
vector 33 fourWay.manager co2emission ETV
vector 34 fourWay.manager acceleration ETV
vector 35 fourWay.manager co2emission ETV
vector 36 fourWay.manager acceleration ETV
vector 37 fourWay.manager co2emission ETV
2	526	0.6	1
2	717	0.651003742482	2
2	838	0.676010520682	3
2	941	0.681232263164	4
2	27152	22.7	5
2	27152	22.7	6
2	27152	22.7	7
2	27287	22.732527302069	8
2	27287	22.732527302069	10
2	27607	22.789503139079	12
2	27720	22.8	14
2	28108	23.5	15
3	27401	22.749192008873	1
3	27432	22.750648033508	2
3	27479	22.756771093013	3
3	27508	22.758214117657	4
3	27538	22.761724177143	5
3	27579	22.766534236643	6
3	27674	22.793217355649	7
3	27707	22.798441380293	8
3	27780	22.803977464429	9
3	27820	22.806831523934	10
3	27844	22.811938548569	11
3	27880	22.816876608069	12
6	2	0.1	323.4
6	90	0.2	323.4
6	198	0.3	323.4
6	304	0.4	323.4
6	415	0.5	323.4
6	533	0.6	323.4
6	1025	0.7	323.4
6	1268	0.8	323.4
6	1387	0.9	323.4
6	1505	1	323.4
6	1623	1.1	323.4
6	1740	1.2	323.4
6	1862	1.3	323.4
6	1980	1.4	323.4
6	2096	1.5	323.4
6	2217	1.6	323.4
6	2333	1.7	323.4
6	2449	1.8	323.4
6	2567	1.9	323.4
6	2689	2	323.4
6	2805	2.1	323.4
6	2925	2.2	323.4
6	3037	2.3	323.4
6	3157	2.4	323.4
6	3273	2.5	323.4
6	3391	2.6	323.4
6	3504	2.7	323.4
6	3624	2.8	323.4
6	3743	2.9	323.4
6	3854	3	323.4
6	3974	3.1	323.4
6	4091	3.2	323.4
6	4208	3.3	323.4
6	4334	3.4	323.4
6	4446	3.5	323.4
6	4561	3.6	323.4
6	4678	3.7	323.4
6	4799	3.8	323.4
6	4915	3.9	323.4
6	5036	4	323.4
6	5155	4.1	323.4
6	5273	4.2	323.4
6	5389	4.3	323.4
6	5502	4.4	323.4
6	5617	4.5	323.4
6	5732	4.6	323.4
6	5852	4.7	323.4
6	5969	4.8	323.4
6	6089	4.9	323.4
6	6204	5	323.4
6	6324	5.1	323.4
6	6437	5.2	323.4
6	6554	5.3	323.4
6	6673	5.4	323.4
6	6794	5.5	323.4
6	6907	5.6	323.4
6	7025	5.7	323.4
6	7142	5.8	323.4
6	7261	5.9	323.4
6	7382	6	323.4
6	7497	6.1	323.4
6	7617	6.2	323.4
6	7736	6.3	323.4
6	7856	6.4	323.4
6	7974	6.5	323.4
6	8089	6.6	323.4
6	8206	6.7	323.4
6	8325	6.8	323.4
6	8441	6.9	323.4
6	8561	7	323.4
6	8680	7.1	323.4
6	8797	7.2	323.4
6	8917	7.3	323.4
6	9038	7.4	323.4
6	9152	7.5	323.4
6	9269	7.6	323.4
6	9390	7.7	323.4
6	9512	7.8	323.4
6	9630	7.9	323.4
6	9752	8	323.4
6	9870	8.1	323.4
6	9986	8.2	323.4
6	10104	8.3	323.4
6	10223	8.4	323.4
6	10339	8.5	323.4
6	10456	8.6	323.4
6	10579	8.7	323.4
6	10700	8.8	323.4
6	10817	8.9	323.4
6	10935	9	323.4
6	11051	9.1	323.4
6	11170	9.2	323.4
6	11293	9.3	323.4
6	11411	9.4	323.4
6	11536	9.5	323.4
6	11656	9.6	323.4
6	11771	9.7	323.4
6	11891	9.8	323.4
6	12009	9.9	323.4
6	12126	10	323.4
6	12238	10.1	323.4
6	12354	10.2	323.4
6	12472	10.3	323.4
6	12592	10.4	323.4
6	12705	10.5	323.4
6	12819	10.6	323.4
6	12937	10.7	323.4
6	13051	10.8	323.4
6	13166	10.9	323.4
6	13287	11	323.4
6	13402	11.1	323.4
6	13519	11.2	323.4
6	13634	11.3	323.4
6	13756	11.4	323.4
6	13870	11.5	323.4
6	13987	11.6	323.4
6	14109	11.7	323.4
6	14227	11.8	323.4
6	14346	11.9	323.4
6	14458	12	323.4
6	14580	12.1	323.4
6	14699	12.2	323.4
6	14817	12.3	323.4
6	14936	12.4	323.4
6	15056	12.5	323.4
6	15172	12.6	323.4
6	15294	12.7	323.4
6	15414	12.8	323.4
6	15531	12.9	323.4
6	15655	13	323.4
6	15774	13.1	323.4
6	15899	13.2	323.4
6	16019	13.3	323.4
6	16141	13.4	323.4
6	16256	13.5	323.4
6	16373	13.6	323.4
6	16485	13.7	323.4
6	16611	13.8	323.4
6	16731	13.9	323.4
6	16848	14	323.4
6	16969	14.1	323.4
6	17088	14.2	323.4
6	17201	14.3	323.4
6	17317	14.4	323.4
6	17436	14.5	323.4
6	17549	14.6	323.4
6	17669	14.7	323.4
6	17782	14.8	323.4
6	17904	14.9	323.4
6	18022	15	323.4
6	18140	15.1	323.4
6	18259	15.2	323.4
6	18378	15.3	323.4
6	18500	15.4	323.4
6	18617	15.5	323.4
6	18733	15.6	323.4
6	18852	15.7	323.4
6	18969	15.8	323.4
6	19088	15.9	323.4
6	19207	16	323.4
6	19324	16.1	323.4
6	19442	16.2	323.4
6	19559	16.3	323.4
6	19678	16.4	323.4
6	19796	16.5	323.4
6	19914	16.6	323.4
6	20030	16.7	323.4
6	20150	16.8	323.4
6	20267	16.9	323.4
6	20393	17	323.4
6	20505	17.1	323.4
6	20625	17.2	323.4
6	20740	17.3	323.4
6	20862	17.4	323.4
6	20985	17.5	323.4
6	21103	17.6	323.4
6	21225	17.7	323.4
6	21345	17.8	323.4
6	21462	17.9	323.4
6	21581	18	323.4
6	21707	18.1	323.4
6	21825	18.2	323.4
6	21944	18.3	323.4
6	22061	18.4	323.4
6	22172	18.5	323.4
6	22294	18.6	323.4
6	22414	18.7	323.4
6	22531	18.8	323.4
6	22652	18.9	323.4
6	22770	19	323.4
6	22891	19.1	323.4
6	23011	19.2	323.4
6	23128	19.3	323.4
6	23241	19.4	323.4
6	23358	19.5	323.4
6	23474	19.6	323.4
6	23592	19.7	323.4
6	23712	19.8	323.4
6	23828	19.9	323.4
6	23946	20	323.4
6	24073	20.1	323.4
6	24189	20.2	323.4
6	24307	20.3	323.4
6	24424	20.4	323.4
6	24545	20.5	323.4
6	24662	20.6	323.4
6	24781	20.7	323.4
6	24898	20.8	323.4
6	25014	20.9	323.4
6	25137	21	323.4
6	25249	21.1	323.4
6	25370	21.2	323.4
6	25490	21.3	323.4
6	25611	21.4	323.4
6	25731	21.5	323.4
6	25846	21.6	323.4
6	25968	21.7	323.4
6	26083	21.8	323.4
6	26206	21.9	323.4
6	26325	22	323.4
6	26443	22.1	323.4
6	26560	22.2	323.4
6	26675	22.3	323.4
6	26790	22.4	323.4
6	26908	22.5	323.4
6	27027	22.6	323.4
6	27147	22.7	323.4
6	27715	22.8	323.4
6	27959	22.9	323.4
6	28037	23	323.4
6	28051	23.1	323.4
6	28065	23.2	323.4
6	28079	23.3	323.4
6	28093	23.4	323.4
6	28107	23.5	323.4
6	28153	23.6	323.4
6	28165	23.7	323.4
6	28177	23.8	323.4
6	28189	23.9	323.4
6	28201	24	323.4
6	28213	24.1	323.4
6	28225	24.2	323.4
6	28237	24.3	323.4
6	28281	24.4	323.4
6	28291	24.5	323.4
6	28301	24.6	323.4
6	28311	24.7	323.4
6	28321	24.8	323.4
6	28331	24.9	323.4
6	28341	25	323.4
6	28351	25.1	323.4
6	28361	25.2	323.4
6	28371	25.3	323.4
6	28381	25.4	323.4
6	28391	25.5	323.4
7	2	0.1	25
7	90	0.2	25
7	198	0.3	27.787077473398
7	304	0.4	27.787077473398
7	415	0.5	30.551213979513
7	533	0.6	30.551213979513
7	1025	0.7	33.327815257587
7	1268	0.8	33.327815257587
7	1387	0.9	36.093012638285
7	1505	1	36.093012638285
7	1623	1.1	38.871643716668
7	1740	1.2	38.871643716668
7	1862	1.3	41.623767769143
7	1980	1.4	41.623767769143
7	2096	1.5	44.410232184957
7	2217	1.6	44.410232184957
7	2333	1.7	47.204515200708
7	2449	1.8	47.204515200708
7	2567	1.9	49.959254625132
7	2689	2	49.959254625132
7	2805	2.1	52.720206595448
7	2925	2.2	52.720206595448
7	3037	2.3	55.510584519243
7	3157	2.4	55.510584519243
7	3273	2.5	58.278710787579
7	3391	2.6	58.278710787579
7	3504	2.7	61.077688393448
7	3624	2.8	61.077688393448
7	3743	2.9	63.833464372577
7	3854	3	63.833464372577
7	3974	3.1	66.583895267122
7	4091	3.2	66.583895267122
7	4208	3.3	69.338145008491
7	4334	3.4	69.338145008491
7	4446	3.5	72.102761566644
7	4561	3.6	72.102761566644
7	4678	3.7	74.901369436052
7	4799	3.8	74.901369436052
7	4915	3.9	77.676066853412
7	5036	4	77.676066853412
7	5155	4.1	80.433562659931
7	5273	4.2	80.433562659931
7	5389	4.3	83.183381265069
7	5502	4.4	83.183381265069
7	5617	4.5	85.971864636391
7	5732	4.6	85.971864636391
7	5852	4.7	88.751407902185
7	5969	4.8	88.751407902185
7	6089	4.9	91.501333444049
7	6204	5	91.501333444049
7	6324	5.1	94.297196450255
7	6437	5.2	94.297196450255
7	6554	5.3	97.073103551156
7	6673	5.4	97.073103551156
7	6794	5.5	99.854830364934
7	6907	5.6	99.854830364934
7	7025	5.7	102.64925848832
7	7142	5.8	102.64925848832
7	7261	5.9	105.44074946008
7	7382	6	105.44074946008
7	7497	6.1	108.20196960423
7	7617	6.2	108.20196960423
7	7736	6.3	110.95084492972
7	7856	6.4	110.95084492972
7	7974	6.5	113.70070900722
7	8089	6.6	113.70070900722
7	8206	6.7	116.45491634139
7	8325	6.8	116.45491634139
7	8441	6.9	119.24981331267
7	8561	7	119.24981331267
7	8680	7.1	122.02412201217
7	8797	7.2	122.02412201217
7	8917	7.3	124.81487981819
7	9038	7.4	124.81487981819
7	9152	7.5	127.59402993768
7	9269	7.6	127.59402993768
7	9390	7.7	130.37512656658
7	9512	7.8	130.37512656658
7	9630	7.9	133.1516594106
7	9752	8	133.1516594106
7	9870	8.1	135.90845613388
7	9986	8.2	135.90845613388
7	10104	8.3	138.67097053793
7	10223	8.4	138.67097053793
7	10339	8.5	141.43072289413
7	10456	8.6	141.43072289413
7	10579	8.7	144.21783894333
7	10700	8.8	144.21783894333
7	10817	8.9	147.00704621427
7	10935	9	147.00704621427
7	11051	9.1	149.77466165664
7	11170	9.2	149.77466165664
7	11293	9.3	152.56136872537
7	11411	9.4	152.56136872537
7	11536	9.5	155.35396138707
7	11656	9.6	155.35396138707
7	11771	9.7	158.13203047984
7	11891	9.8	158.13203047984
7	12009	9.9	160.92156931324
7	12126	10	160.92156931324
7	12238	10.1	163.69240424852
7	12354	10.2	163.69240424852
7	12472	10.3	166.48818092633
7	12592	10.4	166.48818092633
7	12705	10.5	169.28194497984
7	12819	10.6	169.28194497984
7	12937	10.7	172.03236442055
7	13051	10.8	172.03236442055
7	13166	10.9	174.8261126124
7	13287	11	174.8261126124
7	13402	11.1	177.62321422259
7	13519	11.2	177.62321422259
7	13634	11.3	180.37568500054
7	13756	11.4	180.37568500054
7	13870	11.5	183.14450910336
7	13987	11.6	183.14450910336
7	14109	11.7	185.91005920345
7	14227	11.8	185.91005920345
7	14346	11.9	188.67246332657
7	14458	12	188.67246332657
7	14580	12.1	191.45612395226
7	14699	12.2	191.45612395226
7	14817	12.3	194.20566888685
7	14936	12.4	194.20566888685
7	15056	12.5	196.9726538779
7	15172	12.6	196.9726538779
7	15294	12.7	199.72993226622
7	15414	12.8	199.72993226622
7	15531	12.9	202.47959345284
7	15655	13	202.47959345284
7	15774	13.1	205.25216079725
7	15899	13.2	205.25216079725
7	16019	13.3	208.01702513445
7	16141	13.4	208.01702513445
7	16256	13.5	210.79978834435
7	16373	13.6	210.79978834435
7	16485	13.7	213.5725288237
7	16611	13.8	213.5725288237
7	16731	13.9	216.35412174937
7	16848	14	216.35412174937
7	16969	14.1	219.15180001927
7	17088	14.2	219.15180001927
7	17201	14.3	221.94769044378
7	17317	14.4	221.94769044378
7	17436	14.5	224.72283511157
7	17549	14.6	224.72283511157
7	17669	14.7	227.49392756382
7	17782	14.8	227.49392756382
7	17904	14.9	230.28855996746
7	18022	15	230.28855996746
7	18140	15.1	233.07993865525
7	18259	15.2	233.07993865525
7	18378	15.3	235.87348852045
7	18500	15.4	235.87348852045
7	18617	15.5	238.65813615341
7	18733	15.6	238.65813615341
7	18852	15.7	241.41123442599
7	18969	15.8	241.41123442599
7	19088	15.9	244.16752278467
7	19207	16	244.16752278467
7	19324	16.1	246.96671604332
7	19442	16.2	246.96671604332
7	19559	16.3	249.74786281865
7	19678	16.4	249.74786281865
7	19796	16.5	252.53940669804
7	19914	16.6	252.53940669804
7	20030	16.7	255.32168437135
7	20150	16.8	255.32168437135
7	20267	16.9	258.0835300952
7	20393	17	258.0835300952
7	20505	17.1	260.84658920419
7	20625	17.2	260.84658920419
7	20740	17.3	263.6426382423
7	20862	17.4	263.6426382423
7	20985	17.5	266.44098943911
7	21103	17.6	266.44098943911
7	21225	17.7	269.22174022527
7	21345	17.8	269.22174022527
7	21462	17.9	271.99717605618
7	21581	18	271.99717605618
7	21707	18.1	274.79118372301
7	21825	18.2	274.79118372301
7	21944	18.3	277.55314173838
7	22061	18.4	277.55314173838
7	22172	18.5	280.34565217333
7	22294	18.6	280.34565217333
7	22414	18.7	283.10544495297
7	22531	18.8	283.10544495297
7	22652	18.9	285.88072245219
7	22770	19	285.88072245219
7	22891	19.1	288.66817772316
7	23011	19.2	288.66817772316
7	23128	19.3	291.42153584263
7	23241	19.4	291.42153584263
7	23358	19.5	294.20561359647
7	23474	19.6	294.20561359647
7	23592	19.7	296.92772668779
7	23712	19.8	296.92772668779
7	23828	19.9	299.50537246078
7	23946	20	299.50537246078
7	24073	20.1	301.90301823378
7	24189	20.2	301.90301823378
7	24307	20.3	304.12066400678
7	24424	20.4	304.12066400678
7	24545	20.5	306.15830977978
7	24662	20.6	306.15830977978
7	24781	20.7	308.01719167331
7	24898	20.8	308.01719167331
7	25014	20.9	309.69607356684
7	25137	21	309.69607356684
7	25249	21.1	311.19495546037
7	25370	21.2	311.19495546037
7	25490	21.3	312.5138373539
7	25611	21.4	312.5138373539
7	25731	21.5	313.65271924744
7	25846	21.6	313.65271924744
7	25968	21.7	314.61160114097
7	26083	21.8	314.61160114097
7	26206	21.9	315.4059872076
7	26325	22	315.4059872076
7	26443	22.1	316.02037327423
7	26560	22.2	316.02037327423
7	26675	22.3	316.45475934086
7	26790	22.4	316.45475934086
7	26908	22.5	316.71340803572
7	27027	22.6	316.71340803572
7	27147	22.7	316.79369521978
7	27715	22.8	316.79369521978
7	27959	22.9	316.79860253236
7	28037	23	316.79860253236
7	28051	23.1	316.79899251998
7	28065	23.2	316.79899251998
7	28079	23.3	316.79899952519
7	28093	23.4	316.79899952519
7	28107	23.5	316.79899952519
7	28153	23.6	316.79899952519
7	28165	23.7	322.79899952519
7	28177	23.8	322.79899952519
7	28189	23.9	328.79899952519
7	28201	24	328.79899952519
7	28213	24.1	334.79899952519
7	28225	24.2	334.79899952519
7	28237	24.3	340.79899952519
7	28281	24.4	340.79899952519
7	28291	24.5	346.79899952519
7	28301	24.6	346.79899952519
7	28311	24.7	352.79899952519
7	28321	24.8	352.79899952519
7	28331	24.9	358.79899952519
7	28341	25	358.79899952519
7	28351	25.1	364.79899952519
7	28361	25.2	364.79899952519
7	28371	25.3	370.79899952519
7	28381	25.4	370.79899952519
7	28391	25.5	376.79899952519
8	528	0.6	1
8	571	0.601010964367	2
8	713	0.651003742395	3
8	834	0.676010520597	4
8	27362	22.742515919532	5
8	27418	22.75	7
8	27603	22.785175594873	8
8	27721	22.8	10
8	28239	24.3	11
9	27192	22.70135094937	1
9	27225	22.70437794937	2
9	27323	22.73584894937	3
9	27355	22.73710194937	4
9	27436	22.75064803351	5
9	27504	22.758214117654	6
9	27542	22.761724177145	7
9	27575	22.76653423664	8
9	27643	22.791598296146	9
9	27703	22.79844138029	10
9	27757	22.802302439796	11
9	27784	22.803977464431	12
9	27848	22.811938548571	13
9	27876	22.816876608066	14
12	2	0.1	326.6
12	90	0.2	326.6
12	198	0.3	326.6
12	304	0.4	326.6
12	415	0.5	326.6
12	533	0.6	326.6
12	1025	0.7	326.6
12	1268	0.8	326.6
12	1387	0.9	326.6
12	1505	1	326.6
12	1623	1.1	326.6
12	1740	1.2	326.6
12	1862	1.3	326.6
12	1980	1.4	326.6
12	2096	1.5	326.6
12	2217	1.6	326.6
12	2333	1.7	326.6
12	2449	1.8	326.6
12	2567	1.9	326.6
12	2689	2	326.6
12	2805	2.1	326.6
12	2925	2.2	326.6
12	3037	2.3	326.6
12	3157	2.4	326.6
12	3273	2.5	326.6
12	3391	2.6	326.6
12	3504	2.7	326.6
12	3624	2.8	326.6
12	3743	2.9	326.6
12	3854	3	326.6
12	3974	3.1	326.6
12	4091	3.2	326.6
12	4208	3.3	326.6
12	4334	3.4	326.6
12	4446	3.5	326.6
12	4561	3.6	326.6
12	4678	3.7	326.6
12	4799	3.8	326.6
12	4915	3.9	326.6
12	5036	4	326.6
12	5155	4.1	326.6
12	5273	4.2	326.6
12	5389	4.3	326.6
12	5502	4.4	326.6
12	5617	4.5	326.6
12	5732	4.6	326.6
12	5852	4.7	326.6
12	5969	4.8	326.6
12	6089	4.9	326.6
12	6204	5	326.6
12	6324	5.1	326.6
12	6437	5.2	326.6
12	6554	5.3	326.6
12	6673	5.4	326.6
12	6794	5.5	326.6
12	6907	5.6	326.6
12	7025	5.7	326.6
12	7142	5.8	326.6
12	7261	5.9	326.6
12	7382	6	326.6
12	7497	6.1	326.6
12	7617	6.2	326.6
12	7736	6.3	326.6
12	7856	6.4	326.6
12	7974	6.5	326.6
12	8089	6.6	326.6
12	8206	6.7	326.6
12	8325	6.8	326.6
12	8441	6.9	326.6
12	8561	7	326.6
12	8680	7.1	326.6
12	8797	7.2	326.6
12	8917	7.3	326.6
12	9038	7.4	326.6
12	9152	7.5	326.6
12	9269	7.6	326.6
12	9390	7.7	326.6
12	9512	7.8	326.6
12	9630	7.9	326.6
12	9752	8	326.6
12	9870	8.1	326.6
12	9986	8.2	326.6
12	10104	8.3	326.6
12	10223	8.4	326.6
12	10339	8.5	326.6
12	10456	8.6	326.6
12	10579	8.7	326.6
12	10700	8.8	326.6
12	10817	8.9	326.6
12	10935	9	326.6
12	11051	9.1	326.6
12	11170	9.2	326.6
12	11293	9.3	326.6
12	11411	9.4	326.6
12	11536	9.5	326.6
12	11656	9.6	326.6
12	11771	9.7	326.6
12	11891	9.8	326.6
12	12009	9.9	326.6
12	12126	10	326.6
12	12238	10.1	326.6
12	12354	10.2	326.6
12	12472	10.3	326.6
12	12592	10.4	326.6
12	12705	10.5	326.6
12	12819	10.6	326.6
12	12937	10.7	326.6
12	13051	10.8	326.6
12	13166	10.9	326.6
12	13287	11	326.6
12	13402	11.1	326.6
12	13519	11.2	326.6
12	13634	11.3	326.6
12	13756	11.4	326.6
12	13870	11.5	326.6
12	13987	11.6	326.6
12	14109	11.7	326.6
12	14227	11.8	326.6
12	14346	11.9	326.6
12	14458	12	326.6
12	14580	12.1	326.6
12	14699	12.2	326.6
12	14817	12.3	326.6
12	14936	12.4	326.6
12	15056	12.5	326.6
12	15172	12.6	326.6
12	15294	12.7	326.6
12	15414	12.8	326.6
12	15531	12.9	326.6
12	15655	13	326.6
12	15774	13.1	326.6
12	15899	13.2	326.6
12	16019	13.3	326.6
12	16141	13.4	326.6
12	16256	13.5	326.6
12	16373	13.6	326.6
12	16485	13.7	326.6
12	16611	13.8	326.6
12	16731	13.9	326.6
12	16848	14	326.6
12	16969	14.1	326.6
12	17088	14.2	326.6
12	17201	14.3	326.6
12	17317	14.4	326.6
12	17436	14.5	326.6
12	17549	14.6	326.6
12	17669	14.7	326.6
12	17782	14.8	326.6
12	17904	14.9	326.6
12	18022	15	326.6
12	18140	15.1	326.6
12	18259	15.2	326.6
12	18378	15.3	326.6
12	18500	15.4	326.6
12	18617	15.5	326.6
12	18733	15.6	326.6
12	18852	15.7	326.6
12	18969	15.8	326.6
12	19088	15.9	326.6
12	19207	16	326.6
12	19324	16.1	326.6
12	19442	16.2	326.6
12	19559	16.3	326.6
12	19678	16.4	326.6
12	19796	16.5	326.6
12	19914	16.6	326.6
12	20030	16.7	326.6
12	20150	16.8	326.6
12	20267	16.9	326.6
12	20393	17	326.6
12	20505	17.1	326.6
12	20625	17.2	326.6
12	20740	17.3	326.6
12	20862	17.4	326.6
12	20985	17.5	326.6
12	21103	17.6	326.6
12	21225	17.7	326.6
12	21345	17.8	326.6
12	21462	17.9	326.6
12	21581	18	326.6
12	21707	18.1	326.6
12	21825	18.2	326.6
12	21944	18.3	326.6
12	22061	18.4	326.6
12	22172	18.5	326.6
12	22294	18.6	326.6
12	22414	18.7	326.6
12	22531	18.8	326.6
12	22652	18.9	326.6
12	22770	19	326.6
12	22891	19.1	326.6
12	23011	19.2	326.6
12	23128	19.3	326.6
12	23241	19.4	326.6
12	23358	19.5	326.6
12	23474	19.6	326.6
12	23592	19.7	326.6
12	23712	19.8	326.6
12	23828	19.9	326.6
12	23946	20	326.6
12	24073	20.1	326.6
12	24189	20.2	326.6
12	24307	20.3	326.6
12	24424	20.4	326.6
12	24545	20.5	326.6
12	24662	20.6	326.6
12	24781	20.7	326.6
12	24898	20.8	326.6
12	25014	20.9	326.6
12	25137	21	326.6
12	25249	21.1	326.6
12	25370	21.2	326.6
12	25490	21.3	326.6
12	25611	21.4	326.6
12	25731	21.5	326.6
12	25846	21.6	326.6
12	25968	21.7	326.6
12	26083	21.8	326.6
12	26206	21.9	326.6
12	26325	22	326.6
12	26443	22.1	326.6
12	26560	22.2	326.6
12	26675	22.3	326.6
12	26790	22.4	326.6
12	26908	22.5	326.6
12	27027	22.6	326.6
12	27147	22.7	326.6
12	27715	22.8	326.6
12	27959	22.9	326.6
12	28037	23	326.6
12	28051	23.1	326.6
12	28065	23.2	326.6
12	28079	23.3	326.6
12	28093	23.4	326.6
12	28107	23.5	326.6
12	28153	23.6	326.6
12	28165	23.7	326.6
12	28177	23.8	326.6
12	28189	23.9	326.6
12	28201	24	326.6
12	28213	24.1	326.6
12	28225	24.2	326.6
12	28237	24.3	326.6
12	28281	24.4	326.6
12	28291	24.5	326.6
12	28301	24.6	326.6
12	28311	24.7	326.6
12	28321	24.8	326.6
12	28331	24.9	326.6
12	28341	25	326.6
12	28351	25.1	326.6
12	28361	25.2	326.6
12	28371	25.3	326.6
12	28381	25.4	326.6
13	2	0.1	625
13	90	0.2	625
13	198	0.3	622.20200520734
13	304	0.4	622.20200520734
13	415	0.5	619.41218492779
13	533	0.6	619.41218492779
13	1025	0.7	616.65275015169
13	1268	0.8	616.65275015169
13	1387	0.9	613.87476568141
13	1505	1	613.87476568141
13	1623	1.1	611.07958627679
13	1740	1.2	611.07958627679
13	1862	1.3	608.30132307038
13	1980	1.4	608.30132307038
13	2096	1.5	605.53423348995
13	2217	1.6	605.53423348995
13	2333	1.7	602.75751715842
13	2449	1.8	602.75751715842
13	2567	1.9	599.95823948255
13	2689	2	599.95823948255
13	2805	2.1	597.16351916592
13	2925	2.2	597.16351916592
13	3037	2.3	594.41219940962
13	3157	2.4	594.41219940962
13	3273	2.5	591.65177787948
13	3391	2.6	591.65177787948
13	3504	2.7	588.87395974755
13	3624	2.8	588.87395974755
13	3743	2.9	586.09161624334
13	3854	3	586.09161624334
13	3974	3.1	583.30477673898
13	4091	3.2	583.30477673898
13	4208	3.3	580.52601042507
13	4334	3.4	580.52601042507
13	4446	3.5	577.73588862097
13	4561	3.6	577.73588862097
13	4678	3.7	574.97798576617
13	4799	3.8	574.97798576617
13	4915	3.9	572.19955664686
13	5036	4	572.19955664686
13	5155	4.1	569.43861943366
13	5273	4.2	569.43861943366
13	5389	4.3	566.63931730535
13	5502	4.4	566.63931730535
13	5617	4.5	563.878192364
13	5732	4.6	563.878192364
13	5852	4.7	561.11191294855
13	5969	4.8	561.11191294855
13	6089	4.9	558.35605062738
13	6204	5	558.35605062738
13	6324	5.1	555.60125780219
13	6437	5.2	555.60125780219
13	6554	5.3	552.84678320837
13	6673	5.4	552.84678320837
13	6794	5.5	550.07845306504
13	6907	5.6	550.07845306504
13	7025	5.7	547.29861007133
13	7142	5.8	547.29861007133
13	7261	5.9	544.54062569799
13	7382	6	544.54062569799
13	7497	6.1	541.76093741641
13	7617	6.2	541.76093741641
13	7736	6.3	539.00391600548
13	7856	6.4	539.00391600548
13	7974	6.5	536.25254329471
13	8089	6.6	536.25254329471
13	8206	6.7	533.46667082785
13	8325	6.8	533.46667082785
13	8441	6.9	530.70774149742
13	8561	7	530.70774149742
13	8680	7.1	527.95123827237
13	8797	7.2	527.95123827237
13	8917	7.3	525.17320195076
13	9038	7.4	525.17320195076
13	9152	7.5	522.38789410148
13	9269	7.6	522.38789410148
13	9390	7.7	519.60846942739
13	9512	7.8	519.60846942739
13	9630	7.9	516.81566147466
13	9752	8	516.81566147466
13	9870	8.1	514.03686974888
13	9986	8.2	514.03686974888
13	10104	8.3	511.27403520313
13	10223	8.4	511.27403520313
13	10339	8.5	508.49058097756
13	10456	8.6	508.49058097756
13	10579	8.7	505.71515288087
13	10700	8.8	505.71515288087
13	10817	8.9	502.95994927822
13	10935	9	502.95994927822
13	11051	9.1	500.18889187916
13	11170	9.2	500.18889187916
13	11293	9.3	497.40624218364
13	11411	9.4	497.40624218364
13	11536	9.5	494.6262921136
13	11656	9.6	494.6262921136
13	11771	9.7	491.84788285944
13	11891	9.8	491.84788285944
13	12009	9.9	489.09682248573
13	12126	10	489.09682248573
13	12238	10.1	486.31905816172
13	12354	10.2	486.31905816172
13	12472	10.3	483.52328007656
13	12592	10.4	483.52328007656
13	12705	10.5	480.7751805604
13	12819	10.6	480.7751805604
13	12937	10.7	478.02287846967
13	13051	10.8	478.02287846967
13	13166	10.9	475.25947484238
13	13287	11	475.25947484238
13	13402	11.1	472.46763543278
13	13519	11.2	472.46763543278
13	13634	11.3	469.66821720185
13	13756	11.4	469.66821720185
13	13870	11.5	466.89131287101
13	13987	11.6	466.89131287101
13	14109	11.7	464.11952541871
13	14227	11.8	464.11952541871
13	14346	11.9	461.33055493287
13	14458	12	461.33055493287
13	14580	12.1	458.54121414526
13	14699	12.2	458.54121414526
13	14817	12.3	455.75029818944
13	14936	12.4	455.75029818944
13	15056	12.5	452.99503736783
13	15172	12.6	452.99503736783
13	15294	12.7	450.22180686656
13	15414	12.8	450.22180686656
13	15531	12.9	447.4674159605
13	15655	13	447.4674159605
13	15774	13.1	444.71384663238
13	15899	13.2	444.71384663238
13	16019	13.3	441.96017759851
13	16141	13.4	441.96017759851
13	16256	13.5	439.20820901422
13	16373	13.6	439.20820901422
13	16485	13.7	436.42183402579
13	16611	13.8	436.42183402579
13	16731	13.9	433.66530491051
13	16848	14	433.66530491051
13	16969	14.1	430.91433271757
13	17088	14.2	430.91433271757
13	17201	14.3	428.14031489687
13	17317	14.4	428.14031489687
13	17436	14.5	425.37226026954
13	17549	14.6	425.37226026954
13	17669	14.7	422.61495039272
13	17782	14.8	422.61495039272
13	17904	14.9	419.85778924221
13	18022	15	419.85778924221
13	18140	15.1	417.10637742645
13	18259	15.2	417.10637742645
13	18378	15.3	414.35758043319
13	18500	15.4	414.35758043319
13	18617	15.5	411.5989106504
13	18733	15.6	411.5989106504
13	18852	15.7	408.84446313902
13	18969	15.8	408.84446313902
13	19088	15.9	406.06846556424
13	19207	16	406.06846556424
13	19324	16.1	403.3045374541
13	19442	16.2	403.3045374541
13	19559	16.3	400.52287732411
13	19678	16.4	400.52287732411
13	19796	16.5	397.74432147836
13	19914	16.6	397.74432147836
13	20030	16.7	394.9499682844
13	20150	16.8	394.9499682844
13	20267	16.9	392.18230143302
13	20393	17	392.18230143302
13	20505	17.1	389.4335098125
13	20625	17.2	389.4335098125
13	20740	17.3	386.67754033463
13	20862	17.4	386.67754033463
13	20985	17.5	383.88539536511
13	21103	17.6	383.88539536511
13	21225	17.7	381.09249007192
13	21345	17.8	381.09249007192
13	21462	17.9	378.30696750252
13	21581	18	378.30696750252
13	21707	18.1	375.53095897187
13	21825	18.2	375.53095897187
13	21944	18.3	372.76731370828
13	22061	18.4	372.76731370828
13	22172	18.5	369.96905109051
13	22294	18.6	369.96905109051
13	22414	18.7	367.20273163273
13	22531	18.8	367.20273163273
13	22652	18.9	364.45018429964
13	22770	19	364.45018429964
13	22891	19.1	361.66180820011
13	23011	19.2	361.66180820011
13	23128	19.3	358.86615718771
13	23241	19.4	358.86615718771
13	23358	19.5	356.10785331137
13	23474	19.6	356.10785331137
13	23592	19.7	353.35845362923
13	23712	19.8	353.35845362923
13	23828	19.9	350.78125322723
13	23946	20	350.78125322723
13	24073	20.1	348.38405282523
13	24189	20.2	348.38405282523
13	24307	20.3	346.14021612829
13	24424	20.4	346.14021612829
13	24545	20.5	344.07637943135
13	24662	20.6	344.07637943135
13	24781	20.7	342.18948488152
13	24898	20.8	342.18948488152
13	25014	20.9	340.48259033169
13	25137	21	340.48259033169
13	25249	21.1	338.95569578187
13	25370	21.2	338.95569578187
13	25490	21.3	337.60880123204
13	25611	21.4	337.60880123204
13	25731	21.5	336.44190668221
13	25846	21.6	336.44190668221
13	25968	21.7	335.45501213238
13	26083	21.8	335.45501213238
13	26206	21.9	334.64811758256
13	26325	22	334.64811758256
13	26443	22.1	334.01776343382
13	26560	22.2	334.01776343382
13	26675	22.3	333.56702336287
13	26790	22.4	333.56702336287
13	26908	22.5	333.29628329193
13	27027	22.6	333.29628329193
13	27147	22.7	333.20554322098
13	27715	22.8	333.20554322098
13	27959	22.9	333.20124915284
13	28037	23	333.20124915284
13	28051	23.1	333.20102128832
13	28065	23.2	333.20102128832
13	28079	23.3	333.20100108144
13	28093	23.4	333.20100108144
13	28107	23.5	333.20100108144
13	28153	23.6	333.20100108144
13	28165	23.7	333.20100108144
13	28177	23.8	333.20100108144
13	28189	23.9	333.20100108144
13	28201	24	333.20100108144
13	28213	24.1	333.20100108144
13	28225	24.2	333.20100108144
13	28237	24.3	333.20100108144
13	28281	24.4	333.20100108144
13	28291	24.5	327.20100108144
13	28301	24.6	327.20100108144
13	28311	24.7	321.20100108144
13	28321	24.8	321.20100108144
13	28331	24.9	315.20100108144
13	28341	25	315.20100108144
13	28351	25.1	309.20100108144
13	28361	25.2	309.20100108144
13	28371	25.3	303.20100108144
13	28381	25.4	303.20100108144
14	530	0.6	1
14	567	0.601010389101	2
14	842	0.676011096063	3
14	902	0.678710874063	4
14	27356	22.738078755676	5
14	27419	22.75	7
14	27623	22.791454448974	8
14	27722	22.8	10
14	27722	22.8	11
14	27891	22.85	12
15	27184	22.701350931935	1
15	27217	22.704377931935	2
15	27315	22.735848931935	3
15	27347	22.737101931935	4
15	27393	22.74919199144	5
15	27471	22.75677107558	6
15	27512	22.758214135075	7
15	27583	22.766534254061	8
15	27635	22.791598278711	9
15	27666	22.793217338216	10
15	27711	22.798441397711	11
15	27749	22.802302422361	12
15	27812	22.806831506501	13
15	27884	22.816876625487	14
18	2	0.1	625
18	90	0.2	625
18	198	0.3	622.24466224215
18	304	0.4	622.24466224215
18	415	0.5	619.44776438072
18	533	0.6	619.44776438072
18	1025	0.7	616.66714536067
18	1268	0.8	616.66714536067
18	1387	0.9	613.88903933587
18	1505	1	613.88903933587
18	1623	1.1	611.11790603254
18	1740	1.2	611.11790603254
18	1862	1.3	608.33508621133
18	1980	1.4	608.33508621133
18	2096	1.5	605.58478035188
18	2217	1.6	605.58478035188
18	2333	1.7	602.82398813092
18	2449	1.8	602.82398813092
18	2567	1.9	600.06229495007
18	2689	2	600.06229495007
18	2805	2.1	597.30034541842
18	2925	2.2	597.30034541842
18	3037	2.3	594.54278808588
18	3157	2.4	594.54278808588
18	3273	2.5	591.76117534406
18	3391	2.6	591.76117534406
18	3504	2.7	588.96643184506
18	3624	2.8	588.96643184506
18	3743	2.9	586.19014169218
18	3854	3	586.19014169218
18	3974	3.1	583.43842307185
18	4091	3.2	583.43842307185
18	4208	3.3	580.65325645361
18	4334	3.4	580.65325645361
18	4446	3.5	577.88493013015
18	4561	3.6	577.88493013015
18	4678	3.7	575.1247611727
18	4799	3.8	575.1247611727
18	4915	3.9	572.35578195126
18	5036	4	572.35578195126
18	5155	4.1	569.59878902398
18	5273	4.2	569.59878902398
18	5389	4.3	566.80356179899
18	5502	4.4	566.80356179899
18	5617	4.5	564.00557898259
18	5732	4.6	564.00557898259
18	5852	4.7	561.22352866715
18	5969	4.8	561.22352866715
18	6089	4.9	558.43982028364
18	6204	5	558.43982028364
18	6324	5.1	555.67428341463
18	6437	5.2	555.67428341463
18	6554	5.3	552.9204717334
18	6673	5.4	552.9204717334
18	6794	5.5	550.14344083459
18	6907	5.6	550.14344083459
18	7025	5.7	547.38754834176
18	7142	5.8	547.38754834176
18	7261	5.9	544.6162257066
18	7382	6	544.6162257066
18	7497	6.1	541.85312213544
18	7617	6.2	541.85312213544
18	7736	6.3	539.08971518474
18	7856	6.4	539.08971518474
18	7974	6.5	536.32947244254
18	8089	6.6	536.32947244254
18	8206	6.7	533.56012130657
18	8325	6.8	533.56012130657
18	8441	6.9	530.76769728691
18	8561	7	530.76769728691
18	8680	7.1	527.97029379027
18	8797	7.2	527.97029379027
18	8917	7.3	525.19741310492
18	9038	7.4	525.19741310492
18	9152	7.5	522.42662628059
18	9269	7.6	522.42662628059
18	9390	7.7	519.64560566195
18	9512	7.8	519.64560566195
18	9630	7.9	516.88545630226
18	9752	8	516.88545630226
18	9870	8.1	514.13722840797
18	9986	8.2	514.13722840797
18	10104	8.3	511.38459564127
18	10223	8.4	511.38459564127
18	10339	8.5	508.60665829242
18	10456	8.6	508.60665829242
18	10579	8.7	505.81148960952
18	10700	8.8	505.81148960952
18	10817	8.9	503.06209578094
18	10935	9	503.06209578094
18	11051	9.1	500.30902689337
18	11170	9.2	500.30902689337
18	11293	9.3	497.53254458453
18	11411	9.4	497.53254458453
18	11536	9.5	494.75651452549
18	11656	9.6	494.75651452549
18	11771	9.7	491.97604028354
18	11891	9.8	491.97604028354
18	12009	9.9	489.19954524403
18	12126	10	489.19954524403
18	12238	10.1	486.39961275739
18	12354	10.2	486.39961275739
18	12472	10.3	483.65158288302
18	12592	10.4	483.65158288302
18	12705	10.5	480.86100625074
18	12819	10.6	480.86100625074
18	12937	10.7	478.06945228545
18	13051	10.8	478.06945228545
18	13166	10.9	475.31276336658
18	13287	11	475.31276336658
18	13402	11.1	472.54965063727
18	13519	11.2	472.54965063727
18	13634	11.3	469.75595526959
18	13756	11.4	469.75595526959
18	13870	11.5	466.96430772157
18	13987	11.6	466.96430772157
18	14109	11.7	464.20089375623
18	14227	11.8	464.20089375623
18	14346	11.9	461.44305414795
18	14458	12	461.44305414795
18	14580	12.1	458.6809189164
18	14699	12.2	458.6809189164
18	14817	12.3	455.88274656916
18	14936	12.4	455.88274656916
18	15056	12.5	453.13078943231
18	15172	12.6	453.13078943231
18	15294	12.7	450.35860354224
18	15414	12.8	450.35860354224
18	15531	12.9	447.58301974211
18	15655	13	447.58301974211
18	15774	13.1	444.79167774871
18	15899	13.2	444.79167774871
18	16019	13.3	442.0033400032
18	16141	13.4	442.0033400032
18	16256	13.5	439.2193773429
18	16373	13.6	439.2193773429
18	16485	13.7	436.44490341954
18	16611	13.8	436.44490341954
18	16731	13.9	433.6472466651
18	16848	14	433.6472466651
18	16969	14.1	430.88242392451
18	17088	14.2	430.88242392451
18	17201	14.3	428.09482988297
18	17317	14.4	428.09482988297
18	17436	14.5	425.32760217757
18	17549	14.6	425.32760217757
18	17669	14.7	422.56269357319
18	17782	14.8	422.56269357319
18	17904	14.9	419.78122458978
18	18022	15	419.78122458978
18	18140	15.1	417.02190849283
18	18259	15.2	417.02190849283
18	18378	15.3	414.22537430359
18	18500	15.4	414.22537430359
18	18617	15.5	411.46152478845
18	18733	15.6	411.46152478845
18	18852	15.7	408.70782750124
18	18969	15.8	408.70782750124
18	19088	15.9	405.92493313263
18	19207	16	405.92493313263
18	19324	16.1	403.16728796717
18	19442	16.2	403.16728796717
18	19559	16.3	400.39297762421
18	19678	16.4	400.39297762421
18	19796	16.5	397.62701906891
18	19914	16.6	397.62701906891
18	20030	16.7	394.85427337978
18	20150	16.8	394.85427337978
18	20267	16.9	392.08031157956
18	20393	17	392.08031157956
18	20505	17.1	389.29583572438
18	20625	17.2	389.29583572438
18	20740	17.3	386.52998420383
18	20862	17.4	386.52998420383
18	20985	17.5	383.75406582716
18	21103	17.6	383.75406582716
18	21225	17.7	380.97442796649
18	21345	17.8	380.97442796649
18	21462	17.9	378.22563674975
18	21581	18	378.22563674975
18	21707	18.1	375.44259267575
18	21825	18.2	375.44259267575
18	21944	18.3	372.66865169152
18	22061	18.4	372.66865169152
18	22172	18.5	369.89581085337
18	22294	18.6	369.89581085337
18	22414	18.7	367.11651062081
18	22531	18.8	367.11651062081
18	22652	18.9	364.33727094659
18	22770	19	364.33727094659
18	22891	19.1	361.5751220231
18	23011	19.2	361.5751220231
18	23128	19.3	358.81826815138
18	23241	19.4	358.81826815138
18	23358	19.5	356.06316136194
18	23474	19.6	356.06316136194
18	23592	19.7	353.30276370359
18	23712	19.8	353.30276370359
18	23828	19.9	350.70400693923
18	23946	20	350.70400693923
18	24073	20.1	348.28525017487
18	24189	20.2	348.28525017487
18	24307	20.3	346.04649341052
18	24424	20.4	346.04649341052
18	24545	20.5	343.98773664616
18	24662	20.6	343.98773664616
18	24781	20.7	342.1089798818
18	24898	20.8	342.1089798818
18	25014	20.9	340.41022311744
18	25137	21	340.41022311744
18	25249	21.1	338.89146635308
18	25370	21.2	338.89146635308
18	25490	21.3	337.55270958872
18	25611	21.4	337.55270958872
18	25731	21.5	336.39139707098
18	25846	21.6	336.39139707098
18	25968	21.7	335.41008455323
18	26083	21.8	335.41008455323
18	26206	21.9	334.60877203549
18	26325	22	334.60877203549
18	26443	22.1	333.98745951775
18	26560	22.2	333.98745951775
18	26675	22.3	333.546147
18	26790	22.4	333.546147
18	26908	22.5	333.28483448226
18	27027	22.6	333.28483448226
18	27147	22.7	333.20352196452
18	27715	22.8	333.20352196452
18	27959	22.9	327.20352196452
18	28037	23	327.20352196452
18	28051	23.1	321.20352196452
18	28065	23.2	321.20352196452
18	28079	23.3	315.20352196452
18	28093	23.4	315.20352196452
18	28107	23.5	309.20352196452
18	28153	23.6	309.20352196452
18	28165	23.7	303.20352196452
18	28177	23.8	303.20352196452
18	28189	23.9	297.20352196452
18	28201	24	297.20352196452
18	28213	24.1	291.20352196452
18	28225	24.2	291.20352196452
18	28237	24.3	285.20352196452
18	28281	24.4	285.20352196452
18	28291	24.5	279.20352196452
18	28301	24.6	279.20352196452
18	28311	24.7	273.20352196452
18	28321	24.8	273.20352196452
18	28331	24.9	267.20352196452
18	28341	25	267.20352196452
18	28351	25.1	261.20352196452
18	28361	25.2	261.20352196452
18	28371	25.3	255.20352196452
18	28381	25.4	255.20352196452
19	2	0.1	323.4
19	90	0.2	323.4
19	198	0.3	323.4
19	304	0.4	323.4
19	415	0.5	323.4
19	533	0.6	323.4
19	1025	0.7	323.4
19	1268	0.8	323.4
19	1387	0.9	323.4
19	1505	1	323.4
19	1623	1.1	323.4
19	1740	1.2	323.4
19	1862	1.3	323.4
19	1980	1.4	323.4
19	2096	1.5	323.4
19	2217	1.6	323.4
19	2333	1.7	323.4
19	2449	1.8	323.4
19	2567	1.9	323.4
19	2689	2	323.4
19	2805	2.1	323.4
19	2925	2.2	323.4
19	3037	2.3	323.4
19	3157	2.4	323.4
19	3273	2.5	323.4
19	3391	2.6	323.4
19	3504	2.7	323.4
19	3624	2.8	323.4
19	3743	2.9	323.4
19	3854	3	323.4
19	3974	3.1	323.4
19	4091	3.2	323.4
19	4208	3.3	323.4
19	4334	3.4	323.4
19	4446	3.5	323.4
19	4561	3.6	323.4
19	4678	3.7	323.4
19	4799	3.8	323.4
19	4915	3.9	323.4
19	5036	4	323.4
19	5155	4.1	323.4
19	5273	4.2	323.4
19	5389	4.3	323.4
19	5502	4.4	323.4
19	5617	4.5	323.4
19	5732	4.6	323.4
19	5852	4.7	323.4
19	5969	4.8	323.4
19	6089	4.9	323.4
19	6204	5	323.4
19	6324	5.1	323.4
19	6437	5.2	323.4
19	6554	5.3	323.4
19	6673	5.4	323.4
19	6794	5.5	323.4
19	6907	5.6	323.4
19	7025	5.7	323.4
19	7142	5.8	323.4
19	7261	5.9	323.4
19	7382	6	323.4
19	7497	6.1	323.4
19	7617	6.2	323.4
19	7736	6.3	323.4
19	7856	6.4	323.4
19	7974	6.5	323.4
19	8089	6.6	323.4
19	8206	6.7	323.4
19	8325	6.8	323.4
19	8441	6.9	323.4
19	8561	7	323.4
19	8680	7.1	323.4
19	8797	7.2	323.4
19	8917	7.3	323.4
19	9038	7.4	323.4
19	9152	7.5	323.4
19	9269	7.6	323.4
19	9390	7.7	323.4
19	9512	7.8	323.4
19	9630	7.9	323.4
19	9752	8	323.4
19	9870	8.1	323.4
19	9986	8.2	323.4
19	10104	8.3	323.4
19	10223	8.4	323.4
19	10339	8.5	323.4
19	10456	8.6	323.4
19	10579	8.7	323.4
19	10700	8.8	323.4
19	10817	8.9	323.4
19	10935	9	323.4
19	11051	9.1	323.4
19	11170	9.2	323.4
19	11293	9.3	323.4
19	11411	9.4	323.4
19	11536	9.5	323.4
19	11656	9.6	323.4
19	11771	9.7	323.4
19	11891	9.8	323.4
19	12009	9.9	323.4
19	12126	10	323.4
19	12238	10.1	323.4
19	12354	10.2	323.4
19	12472	10.3	323.4
19	12592	10.4	323.4
19	12705	10.5	323.4
19	12819	10.6	323.4
19	12937	10.7	323.4
19	13051	10.8	323.4
19	13166	10.9	323.4
19	13287	11	323.4
19	13402	11.1	323.4
19	13519	11.2	323.4
19	13634	11.3	323.4
19	13756	11.4	323.4
19	13870	11.5	323.4
19	13987	11.6	323.4
19	14109	11.7	323.4
19	14227	11.8	323.4
19	14346	11.9	323.4
19	14458	12	323.4
19	14580	12.1	323.4
19	14699	12.2	323.4
19	14817	12.3	323.4
19	14936	12.4	323.4
19	15056	12.5	323.4
19	15172	12.6	323.4
19	15294	12.7	323.4
19	15414	12.8	323.4
19	15531	12.9	323.4
19	15655	13	323.4
19	15774	13.1	323.4
19	15899	13.2	323.4
19	16019	13.3	323.4
19	16141	13.4	323.4
19	16256	13.5	323.4
19	16373	13.6	323.4
19	16485	13.7	323.4
19	16611	13.8	323.4
19	16731	13.9	323.4
19	16848	14	323.4
19	16969	14.1	323.4
19	17088	14.2	323.4
19	17201	14.3	323.4
19	17317	14.4	323.4
19	17436	14.5	323.4
19	17549	14.6	323.4
19	17669	14.7	323.4
19	17782	14.8	323.4
19	17904	14.9	323.4
19	18022	15	323.4
19	18140	15.1	323.4
19	18259	15.2	323.4
19	18378	15.3	323.4
19	18500	15.4	323.4
19	18617	15.5	323.4
19	18733	15.6	323.4
19	18852	15.7	323.4
19	18969	15.8	323.4
19	19088	15.9	323.4
19	19207	16	323.4
19	19324	16.1	323.4
19	19442	16.2	323.4
19	19559	16.3	323.4
19	19678	16.4	323.4
19	19796	16.5	323.4
19	19914	16.6	323.4
19	20030	16.7	323.4
19	20150	16.8	323.4
19	20267	16.9	323.4
19	20393	17	323.4
19	20505	17.1	323.4
19	20625	17.2	323.4
19	20740	17.3	323.4
19	20862	17.4	323.4
19	20985	17.5	323.4
19	21103	17.6	323.4
19	21225	17.7	323.4
19	21345	17.8	323.4
19	21462	17.9	323.4
19	21581	18	323.4
19	21707	18.1	323.4
19	21825	18.2	323.4
19	21944	18.3	323.4
19	22061	18.4	323.4
19	22172	18.5	323.4
19	22294	18.6	323.4
19	22414	18.7	323.4
19	22531	18.8	323.4
19	22652	18.9	323.4
19	22770	19	323.4
19	22891	19.1	323.4
19	23011	19.2	323.4
19	23128	19.3	323.4
19	23241	19.4	323.4
19	23358	19.5	323.4
19	23474	19.6	323.4
19	23592	19.7	323.4
19	23712	19.8	323.4
19	23828	19.9	323.4
19	23946	20	323.4
19	24073	20.1	323.4
19	24189	20.2	323.4
19	24307	20.3	323.4
19	24424	20.4	323.4
19	24545	20.5	323.4
19	24662	20.6	323.4
19	24781	20.7	323.4
19	24898	20.8	323.4
19	25014	20.9	323.4
19	25137	21	323.4
19	25249	21.1	323.4
19	25370	21.2	323.4
19	25490	21.3	323.4
19	25611	21.4	323.4
19	25731	21.5	323.4
19	25846	21.6	323.4
19	25968	21.7	323.4
19	26083	21.8	323.4
19	26206	21.9	323.4
19	26325	22	323.4
19	26443	22.1	323.4
19	26560	22.2	323.4
19	26675	22.3	323.4
19	26790	22.4	323.4
19	26908	22.5	323.4
19	27027	22.6	323.4
19	27147	22.7	323.4
19	27715	22.8	323.4
19	27959	22.9	323.4
19	28037	23	323.4
19	28051	23.1	323.4
19	28065	23.2	323.4
19	28079	23.3	323.4
19	28093	23.4	323.4
19	28107	23.5	323.4
19	28153	23.6	323.4
19	28165	23.7	323.4
19	28177	23.8	323.4
19	28189	23.9	323.4
19	28201	24	323.4
19	28213	24.1	323.4
19	28225	24.2	323.4
19	28237	24.3	323.4
19	28281	24.4	323.4
19	28291	24.5	323.4
19	28301	24.6	323.4
19	28311	24.7	323.4
19	28321	24.8	323.4
19	28331	24.9	323.4
19	28341	25	323.4
19	28351	25.1	323.4
19	28361	25.2	323.4
19	28371	25.3	323.4
19	28381	25.4	323.4
20	532	0.6	1
20	563	0.6010103891	2
20	721	0.651004317862	3
20	1063	0.705105567953	4
20	27360	22.741623150667	5
20	27420	22.75	7
20	27599	22.781574536185	8
20	27723	22.8	10
20	27723	22.8	11
20	27892	22.85	12
21	27188	22.701350931942	1
21	27221	22.704377931942	2
21	27319	22.735848931942	3
21	27351	22.737101931942	4
21	27397	22.749191991442	5
21	27440	22.750648050933	6
21	27475	22.756771075582	7
21	27546	22.761724194568	8
21	27639	22.791598278718	9
21	27670	22.793217338218	10
21	27753	22.802302422368	11
21	27788	22.803977481854	12
21	27816	22.806831506503	13
21	27852	22.811938565994	14
24	2	0.1	25
24	90	0.2	25
24	198	0.3	27.776181142758
24	304	0.4	27.776181142758
24	415	0.5	30.552791799076
24	533	0.6	30.552791799076
24	1025	0.7	33.336757619631
24	1268	0.8	33.336757619631
24	1387	0.9	36.101578401268
24	1505	1	36.101578401268
24	1623	1.1	38.88954107501
24	1740	1.2	38.88954107501
24	1862	1.3	41.676743518375
24	1980	1.4	41.676743518375
24	2096	1.5	44.462317441319
24	2217	1.6	44.462317441319
24	2333	1.7	47.26085490862
24	2449	1.8	47.26085490862
24	2567	1.9	50.018358698368
24	2689	2	50.018358698368
24	2805	2.1	52.782162344985
24	2925	2.2	52.782162344985
24	3037	2.3	55.576372319975
24	3157	2.4	55.576372319975
24	3273	2.5	58.349499868894
24	3391	2.6	58.349499868894
24	3504	2.7	61.116925132932
24	3624	2.8	61.116925132932
24	3743	2.9	63.885472642565
24	3854	3	63.885472642565
24	3974	3.1	66.671079672267
24	4091	3.2	66.671079672267
24	4208	3.3	69.45640139685
24	4334	3.4	69.45640139685
24	4446	3.5	72.220928313766
24	4561	3.6	72.220928313766
24	4678	3.7	74.975754868843
24	4799	3.8	74.975754868843
24	4915	3.9	77.740448388102
24	5036	4	77.740448388102
24	5155	4.1	80.488714686367
24	5273	4.2	80.488714686367
24	5389	4.3	83.247285380624
24	5502	4.4	83.247285380624
24	5617	4.5	86.006680045903
24	5732	4.6	86.006680045903
24	5852	4.7	88.804298333526
24	5969	4.8	88.804298333526
24	6089	4.9	91.594351358096
24	6204	5	91.594351358096
24	6324	5.1	94.346896248057
24	6437	5.2	94.346896248057
24	6554	5.3	97.096556077292
24	6673	5.4	97.096556077292
24	6794	5.5	99.885437646132
24	6907	5.6	99.885437646132
24	7025	5.7	102.6388331588
24	7142	5.8	102.6388331588
24	7261	5.9	105.42304401916
24	7382	6	105.42304401916
24	7497	6.1	108.18597589018
24	7617	6.2	108.18597589018
24	7736	6.3	110.93454458168
24	7856	6.4	110.93454458168
24	7974	6.5	113.71442307833
24	8089	6.6	113.71442307833
24	8206	6.7	116.50475724046
24	8325	6.8	116.50475724046
24	8441	6.9	119.25279367695
24	8561	7	119.25279367695
24	8680	7.1	122.00137998519
24	8797	7.2	122.00137998519
24	8917	7.3	124.80002486335
24	9038	7.4	124.80002486335
24	9152	7.5	127.56102048336
24	9269	7.6	127.56102048336
24	9390	7.7	130.34316516553
24	9512	7.8	130.34316516553
24	9630	7.9	133.13160109117
24	9752	8	133.13160109117
24	9870	8.1	135.89446516187
24	9986	8.2	135.89446516187
24	10104	8.3	138.68677415865
24	10223	8.4	138.68677415865
24	10339	8.5	141.45878064284
24	10456	8.6	141.45878064284
24	10579	8.7	144.2319595485
24	10700	8.8	144.2319595485
24	10817	8.9	146.98776188119
24	10935	9	146.98776188119
24	11051	9.1	149.76726044877
24	11170	9.2	149.76726044877
24	11293	9.3	152.52753082473
24	11411	9.4	152.52753082473
24	11536	9.5	155.32389705816
24	11656	9.6	155.32389705816
24	11771	9.7	158.08958677745
24	11891	9.8	158.08958677745
24	12009	9.9	160.87199903744
24	12126	10	160.87199903744
24	12238	10.1	163.64982182594
24	12354	10.2	163.64982182594
24	12472	10.3	166.44924789037
24	12592	10.4	166.44924789037
24	12705	10.5	169.20946809994
24	12819	10.6	169.20946809994
24	12937	10.7	171.96955665131
24	13051	10.8	171.96955665131
24	13166	10.9	174.75470252003
24	13287	11	174.75470252003
24	13402	11.1	177.50921696941
24	13519	11.2	177.50921696941
24	13634	11.3	180.25819742092
24	13756	11.4	180.25819742092
24	13870	11.5	183.03045051611
24	13987	11.6	183.03045051611
24	14109	11.7	185.80964286014
24	14227	11.8	185.80964286014
24	14346	11.9	188.60525339696
24	14458	12	188.60525339696
24	14580	12.1	191.38154346353
24	14699	12.2	191.38154346353
24	14817	12.3	194.13867824124
24	14936	12.4	194.13867824124
24	15056	12.5	196.92778629741
24	15172	12.6	196.92778629741
24	15294	12.7	199.70154807534
24	15414	12.8	199.70154807534
24	15531	12.9	202.47108569871
24	15655	13	202.47108569871
24	15774	13.1	205.22524153012
24	15899	13.2	205.22524153012
24	16019	13.3	208.02190587005
24	16141	13.4	208.02190587005
24	16256	13.5	210.81285546324
24	16373	13.6	210.81285546324
24	16485	13.7	213.56530683169
24	16611	13.8	213.56530683169
24	16731	13.9	216.34435302167
24	16848	14	216.34435302167
24	16969	14.1	219.09313671183
24	17088	14.2	219.09313671183
24	17201	14.3	221.84986613155
24	17317	14.4	221.84986613155
24	17436	14.5	224.64176579246
24	17549	14.6	224.64176579246
24	17669	14.7	227.39087534374
24	17782	14.8	227.39087534374
24	17904	14.9	230.16800582285
24	18022	15	230.16800582285
24	18140	15.1	232.93580925485
24	18259	15.2	232.93580925485
24	18378	15.3	235.73355025846
24	18500	15.4	235.73355025846
24	18617	15.5	238.48831438457
24	18733	15.6	238.48831438457
24	18852	15.7	241.2416136662
24	18969	15.8	241.2416136662
24	19088	15.9	244.0286720672
24	19207	16	244.0286720672
24	19324	16.1	246.82448782428
24	19442	16.2	246.82448782428
24	19559	16.3	249.59105005856
24	19678	16.4	249.59105005856
24	19796	16.5	252.34033116523
24	19914	16.6	252.34033116523
24	20030	16.7	255.12470773101
24	20150	16.8	255.12470773101
24	20267	16.9	257.88190391037
24	20393	17	257.88190391037
24	20505	17.1	260.66914516186
24	20625	17.2	260.66914516186
24	20740	17.3	263.42078536106
24	20862	17.4	263.42078536106
24	20985	17.5	266.19239212926
24	21103	17.6	266.19239212926
24	21225	17.7	268.98137796813
24	21345	17.8	268.98137796813
24	21462	17.9	271.77515040407
24	21581	18	271.77515040407
24	21707	18.1	274.56792461602
24	21825	18.2	274.56792461602
24	21944	18.3	277.35008358717
24	22061	18.4	277.35008358717
24	22172	18.5	280.13456249093
24	22294	18.6	280.13456249093
24	22414	18.7	282.90170956848
24	22531	18.8	282.90170956848
24	22652	18.9	285.70002657525
24	22770	19	285.70002657525
24	22891	19.1	288.45678587546
24	23011	19.2	288.45678587546
24	23128	19.3	291.22426548128
24	23241	19.4	291.22426548128
24	23358	19.5	294.00578531078
24	23474	19.6	294.00578531078
24	23592	19.7	296.75216290388
24	23712	19.8	296.75216290388
24	23828	19.9	299.33637729836
24	23946	20	299.33637729836
24	24073	20.1	301.74145690688
24	24189	20.2	301.74145690688
24	24307	20.3	303.96653651541
24	24424	20.4	303.96653651541
24	24545	20.5	306.0168013738
24	24662	20.6	306.0168013738
24	24781	20.7	307.8870662322
24	24898	20.8	307.8870662322
24	25014	20.9	309.57733109059
24	25137	21	309.57733109059
24	25249	21.1	311.08759594898
24	25370	21.2	311.08759594898
24	25490	21.3	312.41786080738
24	25611	21.4	312.41786080738
24	25731	21.5	313.56812566577
24	25846	21.6	313.56812566577
24	25968	21.7	314.53894813847
24	26083	21.8	314.53894813847
24	26206	21.9	315.32977061116
24	26325	22	315.32977061116
24	26443	22.1	315.94059308386
24	26560	22.2	315.94059308386
24	26675	22.3	316.37508513147
24	26790	22.4	316.37508513147
24	26908	22.5	316.66276594533
24	27027	22.6	316.66276594533
24	27147	22.7	316.79475414484
24	27715	22.8	316.79475414484
24	27959	22.9	322.79475414484
24	28037	23	322.79475414484
24	28051	23.1	328.79475414484
24	28065	23.2	328.79475414484
24	28079	23.3	334.79475414484
24	28093	23.4	334.79475414484
24	28107	23.5	340.79475414484
24	28153	23.6	340.79475414484
24	28165	23.7	346.79475414484
24	28177	23.8	346.79475414484
24	28189	23.9	352.79475414484
24	28201	24	352.79475414484
24	28213	24.1	358.79475414484
24	28225	24.2	358.79475414484
24	28237	24.3	364.79475414484
24	28281	24.4	364.79475414484
24	28291	24.5	370.79475414484
24	28301	24.6	370.79475414484
24	28311	24.7	376.79475414484
24	28321	24.8	376.79475414484
24	28331	24.9	382.79475414484
24	28341	25	382.79475414484
24	28351	25.1	388.79475414484
24	28361	25.2	388.79475414484
24	28371	25.3	394.79475414484
24	28381	25.4	394.79475414484
25	2	0.1	326.6
25	90	0.2	326.6
25	198	0.3	326.6
25	304	0.4	326.6
25	415	0.5	326.6
25	533	0.6	326.6
25	1025	0.7	326.6
25	1268	0.8	326.6
25	1387	0.9	326.6
25	1505	1	326.6
25	1623	1.1	326.6
25	1740	1.2	326.6
25	1862	1.3	326.6
25	1980	1.4	326.6
25	2096	1.5	326.6
25	2217	1.6	326.6
25	2333	1.7	326.6
25	2449	1.8	326.6
25	2567	1.9	326.6
25	2689	2	326.6
25	2805	2.1	326.6
25	2925	2.2	326.6
25	3037	2.3	326.6
25	3157	2.4	326.6
25	3273	2.5	326.6
25	3391	2.6	326.6
25	3504	2.7	326.6
25	3624	2.8	326.6
25	3743	2.9	326.6
25	3854	3	326.6
25	3974	3.1	326.6
25	4091	3.2	326.6
25	4208	3.3	326.6
25	4334	3.4	326.6
25	4446	3.5	326.6
25	4561	3.6	326.6
25	4678	3.7	326.6
25	4799	3.8	326.6
25	4915	3.9	326.6
25	5036	4	326.6
25	5155	4.1	326.6
25	5273	4.2	326.6
25	5389	4.3	326.6
25	5502	4.4	326.6
25	5617	4.5	326.6
25	5732	4.6	326.6
25	5852	4.7	326.6
25	5969	4.8	326.6
25	6089	4.9	326.6
25	6204	5	326.6
25	6324	5.1	326.6
25	6437	5.2	326.6
25	6554	5.3	326.6
25	6673	5.4	326.6
25	6794	5.5	326.6
25	6907	5.6	326.6
25	7025	5.7	326.6
25	7142	5.8	326.6
25	7261	5.9	326.6
25	7382	6	326.6
25	7497	6.1	326.6
25	7617	6.2	326.6
25	7736	6.3	326.6
25	7856	6.4	326.6
25	7974	6.5	326.6
25	8089	6.6	326.6
25	8206	6.7	326.6
25	8325	6.8	326.6
25	8441	6.9	326.6
25	8561	7	326.6
25	8680	7.1	326.6
25	8797	7.2	326.6
25	8917	7.3	326.6
25	9038	7.4	326.6
25	9152	7.5	326.6
25	9269	7.6	326.6
25	9390	7.7	326.6
25	9512	7.8	326.6
25	9630	7.9	326.6
25	9752	8	326.6
25	9870	8.1	326.6
25	9986	8.2	326.6
25	10104	8.3	326.6
25	10223	8.4	326.6
25	10339	8.5	326.6
25	10456	8.6	326.6
25	10579	8.7	326.6
25	10700	8.8	326.6
25	10817	8.9	326.6
25	10935	9	326.6
25	11051	9.1	326.6
25	11170	9.2	326.6
25	11293	9.3	326.6
25	11411	9.4	326.6
25	11536	9.5	326.6
25	11656	9.6	326.6
25	11771	9.7	326.6
25	11891	9.8	326.6
25	12009	9.9	326.6
25	12126	10	326.6
25	12238	10.1	326.6
25	12354	10.2	326.6
25	12472	10.3	326.6
25	12592	10.4	326.6
25	12705	10.5	326.6
25	12819	10.6	326.6
25	12937	10.7	326.6
25	13051	10.8	326.6
25	13166	10.9	326.6
25	13287	11	326.6
25	13402	11.1	326.6
25	13519	11.2	326.6
25	13634	11.3	326.6
25	13756	11.4	326.6
25	13870	11.5	326.6
25	13987	11.6	326.6
25	14109	11.7	326.6
25	14227	11.8	326.6
25	14346	11.9	326.6
25	14458	12	326.6
25	14580	12.1	326.6
25	14699	12.2	326.6
25	14817	12.3	326.6
25	14936	12.4	326.6
25	15056	12.5	326.6
25	15172	12.6	326.6
25	15294	12.7	326.6
25	15414	12.8	326.6
25	15531	12.9	326.6
25	15655	13	326.6
25	15774	13.1	326.6
25	15899	13.2	326.6
25	16019	13.3	326.6
25	16141	13.4	326.6
25	16256	13.5	326.6
25	16373	13.6	326.6
25	16485	13.7	326.6
25	16611	13.8	326.6
25	16731	13.9	326.6
25	16848	14	326.6
25	16969	14.1	326.6
25	17088	14.2	326.6
25	17201	14.3	326.6
25	17317	14.4	326.6
25	17436	14.5	326.6
25	17549	14.6	326.6
25	17669	14.7	326.6
25	17782	14.8	326.6
25	17904	14.9	326.6
25	18022	15	326.6
25	18140	15.1	326.6
25	18259	15.2	326.6
25	18378	15.3	326.6
25	18500	15.4	326.6
25	18617	15.5	326.6
25	18733	15.6	326.6
25	18852	15.7	326.6
25	18969	15.8	326.6
25	19088	15.9	326.6
25	19207	16	326.6
25	19324	16.1	326.6
25	19442	16.2	326.6
25	19559	16.3	326.6
25	19678	16.4	326.6
25	19796	16.5	326.6
25	19914	16.6	326.6
25	20030	16.7	326.6
25	20150	16.8	326.6
25	20267	16.9	326.6
25	20393	17	326.6
25	20505	17.1	326.6
25	20625	17.2	326.6
25	20740	17.3	326.6
25	20862	17.4	326.6
25	20985	17.5	326.6
25	21103	17.6	326.6
25	21225	17.7	326.6
25	21345	17.8	326.6
25	21462	17.9	326.6
25	21581	18	326.6
25	21707	18.1	326.6
25	21825	18.2	326.6
25	21944	18.3	326.6
25	22061	18.4	326.6
25	22172	18.5	326.6
25	22294	18.6	326.6
25	22414	18.7	326.6
25	22531	18.8	326.6
25	22652	18.9	326.6
25	22770	19	326.6
25	22891	19.1	326.6
25	23011	19.2	326.6
25	23128	19.3	326.6
25	23241	19.4	326.6
25	23358	19.5	326.6
25	23474	19.6	326.6
25	23592	19.7	326.6
25	23712	19.8	326.6
25	23828	19.9	326.6
25	23946	20	326.6
25	24073	20.1	326.6
25	24189	20.2	326.6
25	24307	20.3	326.6
25	24424	20.4	326.6
25	24545	20.5	326.6
25	24662	20.6	326.6
25	24781	20.7	326.6
25	24898	20.8	326.6
25	25014	20.9	326.6
25	25137	21	326.6
25	25249	21.1	326.6
25	25370	21.2	326.6
25	25490	21.3	326.6
25	25611	21.4	326.6
25	25731	21.5	326.6
25	25846	21.6	326.6
25	25968	21.7	326.6
25	26083	21.8	326.6
25	26206	21.9	326.6
25	26325	22	326.6
25	26443	22.1	326.6
25	26560	22.2	326.6
25	26675	22.3	326.6
25	26790	22.4	326.6
25	26908	22.5	326.6
25	27027	22.6	326.6
25	27147	22.7	326.6
25	27715	22.8	326.6
25	27959	22.9	326.6
25	28037	23	326.6
25	28051	23.1	326.6
25	28065	23.2	326.6
25	28079	23.3	326.6
25	28093	23.4	326.6
25	28107	23.5	326.6
25	28153	23.6	326.6
25	28165	23.7	326.6
25	28177	23.8	326.6
25	28189	23.9	326.6
25	28201	24	326.6
25	28213	24.1	326.6
25	28225	24.2	326.6
25	28237	24.3	326.6
25	28281	24.4	326.6
25	28291	24.5	326.6
25	28301	24.6	326.6
25	28311	24.7	326.6
25	28321	24.8	326.6
25	28331	24.9	326.6
25	28341	25	326.6
25	28351	25.1	326.6
25	28361	25.2	326.6
25	28371	25.3	326.6
25	28381	25.4	326.6
26	90	0.2	14
26	198	0.3	13.935387366991
26	304	0.4	13.935387366991
26	415	0.5	13.820682530575
26	533	0.6	13.820682530575
26	1025	0.7	13.88300639037
26	1268	0.8	13.88300639037
26	1387	0.9	13.825986903487
26	1505	1	13.825986903487
26	1623	1.1	13.893155391915
26	1740	1.2	13.893155391915
26	1862	1.3	13.760620262376
26	1980	1.4	13.760620262376
26	2096	1.5	13.932322079069
26	2217	1.6	13.932322079069
26	2333	1.7	13.971415078756
26	2449	1.8	13.971415078756
26	2567	1.9	13.773697122121
26	2689	2	13.773697122121
26	2805	2.1	13.804759851578
26	2925	2.2	13.804759851578
26	3037	2.3	13.951889618975
26	3157	2.4	13.951889618975
26	3273	2.5	13.840631341683
26	3391	2.6	13.840631341683
26	3504	2.7	13.994888029341
26	3624	2.8	13.994888029341
26	3743	2.9	13.778879895648
26	3854	3	13.778879895648
26	3974	3.1	13.752154472726
26	4091	3.2	13.752154472726
26	4208	3.3	13.771248706845
26	4334	3.4	13.771248706845
26	4446	3.5	13.823082790761
26	4561	3.6	13.823082790761
26	4678	3.7	13.99303934704
26	4799	3.8	13.99303934704
26	4915	3.9	13.873487086804
26	5036	4	13.873487086804
26	5155	4.1	13.787479032595
26	5273	4.2	13.787479032595
26	5389	4.3	13.74909302569
26	5502	4.4	13.74909302569
26	5617	4.5	13.94241685661
26	5732	4.6	13.94241685661
26	5852	4.7	13.897716328967
26	5969	4.8	13.897716328967
26	6089	4.9	13.749627709319
26	6204	5	13.749627709319
26	6324	5.1	13.979315031031
26	6437	5.2	13.979315031031
26	6554	5.3	13.879535504505
26	6673	5.4	13.879535504505
26	6794	5.5	13.908634068891
26	6907	5.6	13.908634068891
26	7025	5.7	13.972140616914
26	7142	5.8	13.972140616914
26	7261	5.9	13.957454858804
26	7382	6	13.957454858804
26	7497	6.1	13.806100720773
26	7617	6.2	13.806100720773
26	7736	6.3	13.74437662743
26	7856	6.4	13.74437662743
26	7974	6.5	13.749320387524
26	8089	6.6	13.749320387524
26	8206	6.7	13.771036670841
26	8325	6.8	13.771036670841
26	8441	6.9	13.974484856389
26	8561	7	13.974484856389
26	8680	7.1	13.871543497485
26	8797	7.2	13.871543497485
26	8917	7.3	13.953789030113
26	9038	7.4	13.953789030113
26	9152	7.5	13.895750597469
26	9269	7.6	13.895750597469
26	9390	7.7	13.905483144489
26	9512	7.8	13.905483144489
26	9630	7.9	13.882664220077
26	9752	8	13.882664220077
26	9870	8.1	13.783983616405
26	9986	8.2	13.783983616405
26	10104	8.3	13.812572020283
26	10223	8.4	13.812572020283
26	10339	8.5	13.798761780974
26	10456	8.6	13.798761780974
26	10579	8.7	13.935580246025
26	10700	8.8	13.935580246025
26	10817	8.9	13.946036354704
26	10935	9	13.946036354704
26	11051	9.1	13.838077211841
26	11170	9.2	13.838077211841
26	11293	9.3	13.933535343651
26	11411	9.4	13.933535343651
26	11536	9.5	13.96296330851
26	11656	9.6	13.96296330851
26	11771	9.7	13.890345463832
26	11891	9.8	13.890345463832
26	12009	9.9	13.947694166978
26	12126	10	13.947694166978
26	12238	10.1	13.854174676398
26	12354	10.2	13.854174676398
26	12472	10.3	13.978883389062
26	12592	10.4	13.978883389062
26	12705	10.5	13.968820267534
26	12819	10.6	13.968820267534
26	12937	10.7	13.752097203583
26	13051	10.8	13.752097203583
26	13166	10.9	13.968740959242
26	13287	11	13.968740959242
26	13402	11.1	13.985508050937
26	13519	11.2	13.985508050937
26	13634	11.3	13.762353889775
26	13756	11.4	13.762353889775
26	13870	11.5	13.844120514072
26	13987	11.6	13.844120514072
26	14109	11.7	13.827750500487
26	14227	11.8	13.827750500487
26	14346	11.9	13.812020615591
26	14458	12	13.812020615591
26	14580	12.1	13.918303128453
26	14699	12.2	13.918303128453
26	14817	12.3	13.747724672924
26	14936	12.4	13.747724672924
26	15056	12.5	13.834924955284
26	15172	12.6	13.834924955284
26	15294	12.7	13.786391941556
26	15414	12.8	13.786391941556
26	15531	12.9	13.748305933108
26	15655	13	13.748305933108
26	15774	13.1	13.86283672208
26	15899	13.2	13.86283672208
26	16019	13.3	13.824321685969
26	16141	13.4	13.824321685969
26	16256	13.5	13.913816049518
26	16373	13.6	13.913816049518
26	16485	13.7	13.863702396764
26	16611	13.8	13.863702396764
26	16731	13.9	13.907964628325
26	16848	14	13.907964628325
26	16969	14.1	13.988391349521
26	17088	14.2	13.988391349521
26	17201	14.3	13.979452122538
26	17317	14.4	13.979452122538
26	17436	14.5	13.875723338951
26	17549	14.6	13.875723338951
26	17669	14.7	13.855462261229
26	17782	14.8	13.855462261229
26	17904	14.9	13.973162018196
26	18022	15	13.973162018196
26	18140	15.1	13.956893438981
26	18259	15.2	13.956893438981
26	18378	15.3	13.967749325978
26	18500	15.4	13.967749325978
26	18617	15.5	13.923238164829
26	18733	15.6	13.923238164829
26	18852	15.7	13.765491362903
26	18969	15.8	13.765491362903
26	19088	15.9	13.781441793405
26	19207	16	13.781441793405
26	19324	16.1	13.995966293206
26	19442	16.2	13.995966293206
26	19559	16.3	13.905733876657
26	19678	16.4	13.905733876657
26	19796	16.5	13.957719396986
26	19914	16.6	13.957719396986
26	20030	16.7	13.911388366539
26	20150	16.8	13.911388366539
26	20267	16.9	13.80922861923
26	20393	17	13.80922861923
26	20505	17.1	13.815295544956
26	20625	17.2	13.815295544956
26	20740	17.3	13.980245190565
26	20862	17.4	13.980245190565
26	20985	17.5	13.991755984048
26	21103	17.6	13.991755984048
26	21225	17.7	13.903753930768
26	21345	17.8	13.903753930768
26	21462	17.9	13.877179154567
26	21581	18	13.877179154567
26	21707	18.1	13.970038334131
26	21825	18.2	13.970038334131
26	21944	18.3	13.809790076888
26	22061	18.4	13.809790076888
26	22172	18.5	13.962552174735
26	22294	18.6	13.962552174735
26	22414	18.7	13.79896389822
26	22531	18.8	13.79896389822
26	22652	18.9	13.87638749606
26	22770	19	13.87638749606
26	22891	19.1	13.937276354865
26	23011	19.2	13.937276354865
26	23128	19.3	13.766790597336
26	23241	19.4	13.766790597336
26	23358	19.5	13.920388769233
26	23474	19.6	13.920388769233
26	23592	19.7	13.610565456565
26	23712	19.8	13.610565456565
26	23828	19.9	12.888228864992
26	23946	20	12.888228864992
26	24073	20.1	11.988228864992
26	24189	20.2	11.988228864992
26	24307	20.3	11.088228864992
26	24424	20.4	11.088228864992
26	24545	20.5	10.188228864992
26	24662	20.6	10.188228864992
26	24781	20.7	9.2944094676563
26	24898	20.8	9.2944094676563
26	25014	20.9	8.3944094676563
26	25137	21	8.3944094676563
26	25249	21.1	7.4944094676563
26	25370	21.2	7.4944094676563
26	25490	21.3	6.5944094676563
26	25611	21.4	6.5944094676563
26	25731	21.5	5.6944094676563
26	25846	21.6	5.6944094676563
26	25968	21.7	4.7944094676563
26	26083	21.8	4.7944094676563
26	26206	21.9	3.9719303331507
26	26325	22	3.9719303331507
26	26443	22.1	3.0719303331507
26	26560	22.2	3.0719303331507
26	26675	22.3	2.1719303331507
26	26790	22.4	2.1719303331507
26	26908	22.5	1.2932434743039
26	27027	22.6	1.2932434743039
26	27147	22.7	0.40143592033088
26	27715	22.8	0.40143592033088
26	27959	22.9	0.024536562851391
26	28037	23	0.024536562851391
26	28051	23.1	0.0019499381410803
26	28065	23.2	0.0019499381410803
26	28079	23.3	3.5026029190094e-05
26	28093	23.4	3.5026029190094e-05
26	28107	23.5	0
26	28153	23.6	0
26	28165	23.7	30
26	28177	23.8	30
26	28189	23.9	30
26	28201	24	30
26	28213	24.1	30
26	28225	24.2	30
26	28237	24.3	30
26	28281	24.4	30
26	28291	24.5	30
26	28301	24.6	30
26	28311	24.7	30
26	28321	24.8	30
26	28331	24.9	30
26	28341	25	30
26	28351	25.1	30
26	28361	25.2	30
26	28371	25.3	30
26	28381	25.4	30
26	28391	25.5	30
27	90	0.2	14
27	198	0.3	13.98997396329
27	304	0.4	13.98997396329
27	415	0.5	13.949101397758
27	533	0.6	13.949101397758
27	1025	0.7	13.797173880478
27	1268	0.8	13.797173880478
27	1387	0.9	13.889922351441
27	1505	1	13.889922351441
27	1623	1.1	13.975897023091
27	1740	1.2	13.975897023091
27	1862	1.3	13.891316032032
27	1980	1.4	13.891316032032
27	2096	1.5	13.835447902139
27	2217	1.6	13.835447902139
27	2333	1.7	13.883581657675
27	2449	1.8	13.883581657675
27	2567	1.9	13.996388379331
27	2689	2	13.996388379331
27	2805	2.1	13.973601583173
27	2925	2.2	13.973601583173
27	3037	2.3	13.756598781487
27	3157	2.4	13.756598781487
27	3273	2.5	13.802107650684
27	3391	2.6	13.802107650684
27	3504	2.7	13.889090659651
27	3624	2.8	13.889090659651
27	3743	2.9	13.911717521055
27	3854	3	13.911717521055
27	3974	3.1	13.934197521838
27	4091	3.2	13.934197521838
27	4208	3.3	13.893831569529
27	4334	3.4	13.893831569529
27	4446	3.5	13.950609020479
27	4561	3.6	13.950609020479
27	4678	3.7	13.789514274034
27	4799	3.8	13.789514274034
27	4915	3.9	13.892145596528
27	5036	4	13.892145596528
27	5155	4.1	13.804686065982
27	5273	4.2	13.804686065982
27	5389	4.3	13.996510641584
27	5502	4.4	13.996510641584
27	5617	4.5	13.805624706727
27	5732	4.6	13.805624706727
27	5852	4.7	13.831397077288
27	5969	4.8	13.831397077288
27	6089	4.9	13.779311605841
27	6204	5	13.779311605841
27	6324	5.1	13.773964125933
27	6437	5.2	13.773964125933
27	6554	5.3	13.772372969086
27	6673	5.4	13.772372969086
27	6794	5.5	13.841650716644
27	6907	5.6	13.841650716644
27	7025	5.7	13.899214968574
27	7142	5.8	13.899214968574
27	7261	5.9	13.789921866697
27	7382	6	13.789921866697
27	7497	6.1	13.898441407899
27	7617	6.2	13.898441407899
27	7736	6.3	13.785107054631
27	7856	6.4	13.785107054631
27	7974	6.5	13.756863553883
27	8089	6.6	13.756863553883
27	8206	6.7	13.929362334274
27	8325	6.8	13.929362334274
27	8441	6.9	13.794646652155
27	8561	7	13.794646652155
27	8680	7.1	13.782516125278
27	8797	7.2	13.782516125278
27	8917	7.3	13.890181608042
27	9038	7.4	13.890181608042
27	9152	7.5	13.926539246398
27	9269	7.6	13.926539246398
27	9390	7.7	13.89712337045
27	9512	7.8	13.89712337045
27	9630	7.9	13.964039763622
27	9752	8	13.964039763622
27	9870	8.1	13.893958628895
27	9986	8.2	13.893958628895
27	10104	8.3	13.814172728797
27	10223	8.4	13.814172728797
27	10339	8.5	13.917271127808
27	10456	8.6	13.917271127808
27	10579	8.7	13.877140483465
27	10700	8.8	13.877140483465
27	10817	8.9	13.776018013237
27	10935	9	13.776018013237
27	11051	9.1	13.855286995317
27	11170	9.2	13.855286995317
27	11293	9.3	13.913248477606
27	11411	9.4	13.913248477606
27	11536	9.5	13.899750350183
27	11656	9.6	13.899750350183
27	11771	9.7	13.892046270808
27	11891	9.8	13.892046270808
27	12009	9.9	13.755301868548
27	12126	10	13.755301868548
27	12238	10.1	13.888821620075
27	12354	10.2	13.888821620075
27	12472	10.3	13.978890425763
27	12592	10.4	13.978890425763
27	12705	10.5	13.740497580832
27	12819	10.6	13.740497580832
27	12937	10.7	13.761510453643
27	13051	10.8	13.761510453643
27	13166	10.9	13.817018136466
27	13287	11	13.817018136466
27	13402	11.1	13.959197047986
27	13519	11.2	13.959197047986
27	13634	11.3	13.997091154633
27	13756	11.4	13.997091154633
27	13870	11.5	13.884521654183
27	13987	11.6	13.884521654183
27	14109	11.7	13.858937261542
27	14227	11.8	13.858937261542
27	14346	11.9	13.944852429181
27	14458	12	13.944852429181
27	14580	12.1	13.946703938027
27	14699	12.2	13.946703938027
27	14817	12.3	13.954579779129
27	14936	12.4	13.954579779129
27	15056	12.5	13.776304108035
27	15172	12.6	13.776304108035
27	15294	12.7	13.866152506382
27	15414	12.8	13.866152506382
27	15531	12.9	13.771954530254
27	15655	13	13.771954530254
27	15774	13.1	13.767846640628
27	15899	13.2	13.767846640628
27	16019	13.3	13.768345169332
27	16141	13.4	13.768345169332
27	16256	13.5	13.759842921472
27	16373	13.6	13.759842921472
27	16485	13.7	13.931874942132
27	16611	13.8	13.931874942132
27	16731	13.9	13.782645576419
27	16848	14	13.782645576419
27	16969	14.1	13.754860964697
27	17088	14.2	13.754860964697
27	17201	14.3	13.870089103496
27	17317	14.4	13.870089103496
27	17436	14.5	13.840273136622
27	17549	14.6	13.840273136622
27	17669	14.7	13.786549384105
27	17782	14.8	13.786549384105
27	17904	14.9	13.785805752594
27	18022	15	13.785805752594
27	18140	15.1	13.757059078761
27	18259	15.2	13.757059078761
27	18378	15.3	13.74398496632
27	18500	15.4	13.74398496632
27	18617	15.5	13.793348913928
27	18733	15.6	13.793348913928
27	18852	15.7	13.772237556907
27	18969	15.8	13.772237556907
27	19088	15.9	13.879987873929
27	19207	16	13.879987873929
27	19324	16.1	13.819640550697
27	19442	16.2	13.819640550697
27	19559	16.3	13.90830064992
27	19678	16.4	13.90830064992
27	19796	16.5	13.892779228739
27	19914	16.6	13.892779228739
27	20030	16.7	13.971765969801
27	20150	16.8	13.971765969801
27	20267	16.9	13.838334256941
27	20393	17	13.838334256941
27	20505	17.1	13.743958102576
27	20625	17.2	13.743958102576
27	20740	17.3	13.779847389348
27	20862	17.4	13.779847389348
27	20985	17.5	13.960724847587
27	21103	17.6	13.960724847587
27	21225	17.7	13.964526465959
27	21345	17.8	13.964526465959
27	21462	17.9	13.927612846997
27	21581	18	13.927612846997
27	21707	18.1	13.880042653289
27	21825	18.2	13.880042653289
27	21944	18.3	13.818226317903
27	22061	18.4	13.818226317903
27	22172	18.5	13.991313088867
27	22294	18.6	13.991313088867
27	22414	18.7	13.831597288921
27	22531	18.8	13.831597288921
27	22652	18.9	13.762736665416
27	22770	19	13.762736665416
27	22891	19.1	13.941880497648
27	23011	19.2	13.941880497648
27	23128	19.3	13.978255062043
27	23241	19.4	13.978255062043
27	23358	19.5	13.791519381697
27	23474	19.6	13.791519381697
27	23592	19.7	13.746998410683
27	23712	19.8	13.746998410683
27	23828	19.9	12.886002010011
27	23946	20	12.886002010011
27	24073	20.1	11.986002010011
27	24189	20.2	11.986002010011
27	24307	20.3	11.219183484694
27	24424	20.4	11.219183484694
27	24545	20.5	10.319183484694
27	24662	20.6	10.319183484694
27	24781	20.7	9.4344727491365
27	24898	20.8	9.4344727491365
27	25014	20.9	8.5344727491365
27	25137	21	8.5344727491365
27	25249	21.1	7.6344727491365
27	25370	21.2	7.6344727491365
27	25490	21.3	6.7344727491365
27	25611	21.4	6.7344727491365
27	25731	21.5	5.8344727491365
27	25846	21.6	5.8344727491365
27	25968	21.7	4.9344727491365
27	26083	21.8	4.9344727491365
27	26206	21.9	4.0344727491365
27	26325	22	4.0344727491365
27	26443	22.1	3.1517707436868
27	26560	22.2	3.1517707436868
27	26675	22.3	2.2537003547258
27	26790	22.4	2.2537003547258
27	26908	22.5	1.3537003547258
27	27027	22.6	1.3537003547258
27	27147	22.7	0.45370035472577
27	27715	22.8	0.45370035472577
27	27959	22.9	0.021470340743099
27	28037	23	0.021470340743099
27	28051	23.1	0.0011393225927484
27	28065	23.2	0.0011393225927484
27	28079	23.3	0.00010103437706177
27	28093	23.4	0.00010103437706177
27	28107	23.5	0
27	28153	23.6	0
27	28165	23.7	0
27	28177	23.8	0
27	28189	23.9	0
27	28201	24	0
27	28213	24.1	0
27	28225	24.2	0
27	28237	24.3	0
27	28281	24.4	0
27	28291	24.5	30
27	28301	24.6	30
27	28311	24.7	30
27	28321	24.8	30
27	28331	24.9	30
27	28341	25	30
27	28351	25.1	30
27	28361	25.2	30
27	28371	25.3	30
27	28381	25.4	30
28	90	0.2	14
28	198	0.3	13.776688789227
28	304	0.4	13.776688789227
28	415	0.5	13.984489307185
28	533	0.6	13.984489307185
28	1025	0.7	13.903095100219
28	1268	0.8	13.903095100219
28	1387	0.9	13.890530124018
28	1505	1	13.890530124018
28	1623	1.1	13.855666516665
28	1740	1.2	13.855666516665
28	1862	1.3	13.914099106016
28	1980	1.4	13.914099106016
28	2096	1.5	13.75152929727
28	2217	1.6	13.75152929727
28	2333	1.7	13.803961104793
28	2449	1.8	13.803961104793
28	2567	1.9	13.80846590424
28	2689	2	13.80846590424
28	2805	2.1	13.809747658246
28	2925	2.2	13.809747658246
28	3037	2.3	13.7877866627
28	3157	2.4	13.7877866627
28	3273	2.5	13.908063709117
28	3391	2.6	13.908063709117
28	3504	2.7	13.973717495021
28	3624	2.8	13.973717495021
28	3743	2.9	13.881450764383
28	3854	3	13.881450764383
28	3974	3.1	13.758593101641
28	4091	3.2	13.758593101641
28	4208	3.3	13.925833091191
28	4334	3.4	13.925833091191
28	4446	3.5	13.841631617304
28	4561	3.6	13.841631617304
28	4678	3.7	13.800844787289
28	4799	3.8	13.800844787289
28	4915	3.9	13.844896107181
28	5036	4	13.844896107181
28	5155	4.1	13.784964636383
28	5273	4.2	13.784964636383
28	5389	4.3	13.976136124968
28	5502	4.4	13.976136124968
28	5617	4.5	13.989914082019
28	5732	4.6	13.989914082019
28	5852	4.7	13.910251577166
28	5969	4.8	13.910251577166
28	6089	4.9	13.91854191754
28	6204	5	13.91854191754
28	6324	5.1	13.827684345087
28	6437	5.2	13.827684345087
28	6554	5.3	13.769058406157
28	6673	5.4	13.769058406157
28	6794	5.5	13.885154494038
28	6907	5.6	13.885154494038
28	7025	5.7	13.779462464135
28	7142	5.8	13.779462464135
28	7261	5.9	13.856613175822
28	7382	6	13.856613175822
28	7497	6.1	13.81551785579
28	7617	6.2	13.81551785579
28	7736	6.3	13.817034753468
28	7856	6.4	13.817034753468
28	7974	6.5	13.80121371103
28	8089	6.6	13.80121371103
28	8206	6.7	13.846755679841
28	8325	6.8	13.846755679841
28	8441	6.9	13.962120098299
28	8561	7	13.962120098299
28	8680	7.1	13.987017483199
28	8797	7.2	13.987017483199
28	8917	7.3	13.864403426754
28	9038	7.4	13.864403426754
28	9152	7.5	13.853934121658
28	9269	7.6	13.853934121658
28	9390	7.7	13.905103093209
28	9512	7.8	13.905103093209
28	9630	7.9	13.800746798445
28	9752	8	13.800746798445
28	9870	8.1	13.741139471419
28	9986	8.2	13.741139471419
28	10104	8.3	13.763163833534
28	10223	8.4	13.763163833534
28	10339	8.5	13.889686744246
28	10456	8.6	13.889686744246
28	10579	8.7	13.975843414497
28	10700	8.8	13.975843414497
28	10817	8.9	13.746969142887
28	10935	9	13.746969142887
28	11051	9.1	13.765344437873
28	11170	9.2	13.765344437873
28	11293	9.3	13.88241154416
28	11411	9.4	13.88241154416
28	11536	9.5	13.880150295198
28	11656	9.6	13.880150295198
28	11771	9.7	13.90237120979
28	11891	9.8	13.90237120979
28	12009	9.9	13.882475197548
28	12126	10	13.882475197548
28	12238	10.1	13.999662433164
28	12354	10.2	13.999662433164
28	12472	10.3	13.740149371894
28	12592	10.4	13.740149371894
28	12705	10.5	13.952883161362
28	12819	10.6	13.952883161362
28	12937	10.7	13.957769826474
28	13051	10.8	13.957769826474
28	13166	10.9	13.783444594345
28	13287	11	13.783444594345
28	13402	11.1	13.815563646527
28	13519	11.2	13.815563646527
28	13634	11.3	13.968476838395
28	13756	11.4	13.968476838395
28	13870	11.5	13.958237740141
28	13987	11.6	13.958237740141
28	14109	11.7	13.817069826676
28	14227	11.8	13.817069826676
28	14346	11.9	13.789198041405
28	14458	12	13.789198041405
28	14580	12.1	13.810676157763
28	14699	12.2	13.810676157763
28	14817	12.3	13.990861736205
28	14936	12.4	13.990861736205
28	15056	12.5	13.759785684231
28	15172	12.6	13.759785684231
28	15294	12.7	13.860929450346
28	15414	12.8	13.860929450346
28	15531	12.9	13.877919000643
28	15655	13	13.877919000643
28	15774	13.1	13.956709966995
28	15899	13.2	13.956709966995
28	16019	13.3	13.941688727573
28	16141	13.4	13.941688727573
28	16256	13.5	13.919813301493
28	16373	13.6	13.919813301493
28	16485	13.7	13.872369616819
28	16611	13.8	13.872369616819
28	16731	13.9	13.988283772203
28	16848	14	13.988283772203
28	16969	14.1	13.824113702909
28	17088	14.2	13.824113702909
28	17201	14.3	13.937970207711
28	17317	14.4	13.937970207711
28	17436	14.5	13.836138527025
28	17549	14.6	13.836138527025
28	17669	14.7	13.824543021871
28	17782	14.8	13.824543021871
28	17904	14.9	13.907344917087
28	18022	15	13.907344917087
28	18140	15.1	13.79658048471
28	18259	15.2	13.79658048471
28	18378	15.3	13.9826709462
28	18500	15.4	13.9826709462
28	18617	15.5	13.819247575714
28	18733	15.6	13.819247575714
28	18852	15.7	13.768486436065
28	18969	15.8	13.768486436065
28	19088	15.9	13.914471843038
28	19207	16	13.914471843038
28	19324	16.1	13.788225827292
28	19442	16.2	13.788225827292
28	19559	16.3	13.871551714819
28	19678	16.4	13.871551714819
28	19796	16.5	13.829792776508
28	19914	16.6	13.829792776508
28	20030	16.7	13.863728445633
28	20150	16.8	13.863728445633
28	20267	16.9	13.869809001093
28	20393	17	13.869809001093
28	20505	17.1	13.922379275924
28	20625	17.2	13.922379275924
28	20740	17.3	13.82925760272
28	20862	17.4	13.82925760272
28	20985	17.5	13.879591883346
28	21103	17.6	13.879591883346
28	21225	17.7	13.898189303381
28	21345	17.8	13.898189303381
28	21462	17.9	13.743956083702
28	21581	18	13.743956083702
28	21707	18.1	13.915220369971
28	21825	18.2	13.915220369971
28	21944	18.3	13.86970492118
28	22061	18.4	13.86970492118
28	22172	18.5	13.864204190718
28	22294	18.6	13.864204190718
28	22414	18.7	13.89650116283
28	22531	18.8	13.89650116283
28	22652	18.9	13.896198371062
28	22770	19	13.896198371062
28	22891	19.1	13.810744617465
28	23011	19.2	13.810744617465
28	23128	19.3	13.784269358581
28	23241	19.4	13.784269358581
28	23358	19.5	13.775533947241
28	23474	19.6	13.775533947241
28	23592	19.7	13.801988291728
28	23712	19.8	13.801988291728
28	23828	19.9	12.993783821793
28	23946	20	12.993783821793
28	24073	20.1	12.093783821793
28	24189	20.2	12.093783821793
28	24307	20.3	11.193783821793
28	24424	20.4	11.193783821793
28	24545	20.5	10.293783821793
28	24662	20.6	10.293783821793
28	24781	20.7	9.3937838217929
28	24898	20.8	9.3937838217929
28	25014	20.9	8.4937838217929
28	25137	21	8.4937838217929
28	25249	21.1	7.5937838217929
28	25370	21.2	7.5937838217929
28	25490	21.3	6.6937838217929
28	25611	21.4	6.6937838217929
28	25731	21.5	5.8065625887191
28	25846	21.6	5.8065625887191
28	25968	21.7	4.9065625887191
28	26083	21.8	4.9065625887191
28	26206	21.9	4.0065625887191
28	26325	22	4.0065625887191
28	26443	22.1	3.1065625887191
28	26560	22.2	3.1065625887191
28	26675	22.3	2.2065625887191
28	26790	22.4	2.2065625887191
28	26908	22.5	1.3065625887191
28	27027	22.6	1.3065625887191
28	27147	22.7	0.40656258871913
28	27715	22.8	0.40656258871913
28	27959	22.9	30
28	28037	23	30
28	28051	23.1	30
28	28065	23.2	30
28	28079	23.3	30
28	28093	23.4	30
28	28107	23.5	30
28	28153	23.6	30
28	28165	23.7	30
28	28177	23.8	30
28	28189	23.9	30
28	28201	24	30
28	28213	24.1	30
28	28225	24.2	30
28	28237	24.3	30
28	28281	24.4	30
28	28291	24.5	30
28	28301	24.6	30
28	28311	24.7	30
28	28321	24.8	30
28	28331	24.9	30
28	28341	25	30
28	28351	25.1	30
28	28361	25.2	30
28	28371	25.3	30
28	28381	25.4	30
29	90	0.2	14
29	198	0.3	13.880905713788
29	304	0.4	13.880905713788
29	415	0.5	13.883053281591
29	533	0.6	13.883053281591
29	1025	0.7	13.919829102773
29	1268	0.8	13.919829102773
29	1387	0.9	13.82410390819
29	1505	1	13.82410390819
29	1623	1.1	13.939813368707
29	1740	1.2	13.939813368707
29	1862	1.3	13.936012216825
29	1980	1.4	13.936012216825
29	2096	1.5	13.927869614721
29	2217	1.6	13.927869614721
29	2333	1.7	13.992687336504
29	2449	1.8	13.992687336504
29	2567	1.9	13.78751894874
29	2689	2	13.78751894874
29	2805	2.1	13.819018233083
29	2925	2.2	13.819018233083
29	3037	2.3	13.971049874951
29	3157	2.4	13.971049874951
29	3273	2.5	13.865637744595
29	3391	2.6	13.865637744595
29	3504	2.7	13.837126320191
29	3624	2.8	13.837126320191
29	3743	2.9	13.842737548165
29	3854	3	13.842737548165
29	3974	3.1	13.928035148508
29	4091	3.2	13.928035148508
29	4208	3.3	13.926608622917
29	4334	3.4	13.926608622917
29	4446	3.5	13.822634584578
29	4561	3.6	13.822634584578
29	4678	3.7	13.774132775385
29	4799	3.8	13.774132775385
29	4915	3.9	13.823467596294
29	5036	4	13.823467596294
29	5155	4.1	13.741331491326
29	5273	4.2	13.741331491326
29	5389	4.3	13.792853471288
29	5502	4.4	13.792853471288
29	5617	4.5	13.796973326392
29	5732	4.6	13.796973326392
29	5852	4.7	13.988091438115
29	5969	4.8	13.988091438115
29	6089	4.9	13.950265122852
29	6204	5	13.950265122852
29	6324	5.1	13.762724449802
29	6437	5.2	13.762724449802
29	6554	5.3	13.748299146178
29	6673	5.4	13.748299146178
29	6794	5.5	13.944407844199
29	6907	5.6	13.944407844199
29	7025	5.7	13.766977563337
29	7142	5.8	13.766977563337
29	7261	5.9	13.921054301779
29	7382	6	13.921054301779
29	7497	6.1	13.814659355101
29	7617	6.2	13.814659355101
29	7736	6.3	13.742843457502
29	7856	6.4	13.742843457502
29	7974	6.5	13.899392483276
29	8089	6.6	13.899392483276
29	8206	6.7	13.951670810631
29	8325	6.8	13.951670810631
29	8441	6.9	13.740182182449
29	8561	7	13.740182182449
29	8680	7.1	13.742931541209
29	8797	7.2	13.742931541209
29	8917	7.3	13.993224390782
29	9038	7.4	13.993224390782
29	9152	7.5	13.804978100085
29	9269	7.6	13.804978100085
29	9390	7.7	13.91072341084
29	9512	7.8	13.91072341084
29	9630	7.9	13.942179628201
29	9752	8	13.942179628201
29	9870	8.1	13.814320353502
29	9986	8.2	13.814320353502
29	10104	8.3	13.961544983909
29	10223	8.4	13.961544983909
29	10339	8.5	13.860032420936
29	10456	8.6	13.860032420936
29	10579	8.7	13.865894528301
29	10700	8.8	13.865894528301
29	10817	8.9	13.779011663441
29	10935	9	13.779011663441
29	11051	9.1	13.897492837925
29	11170	9.2	13.897492837925
29	11293	9.3	13.801351879775
29	11411	9.4	13.801351879775
29	11536	9.5	13.981831167168
29	11656	9.6	13.981831167168
29	11771	9.7	13.82844859642
29	11891	9.8	13.82844859642
29	12009	9.9	13.91206129997
29	12126	10	13.91206129997
29	12238	10.1	13.88911394251
29	12354	10.2	13.88911394251
29	12472	10.3	13.99713032213
29	12592	10.4	13.99713032213
29	12705	10.5	13.801101047844
29	12819	10.6	13.801101047844
29	12937	10.7	13.800442756852
29	13051	10.8	13.800442756852
29	13166	10.9	13.925729343621
29	13287	11	13.925729343621
29	13402	11.1	13.772572246892
29	13519	11.2	13.772572246892
29	13634	11.3	13.744902257542
29	13756	11.4	13.744902257542
29	13870	11.5	13.861265475936
29	13987	11.6	13.861265475936
29	14109	11.7	13.895961720166
29	14227	11.8	13.895961720166
29	14346	11.9	13.978052684129
29	14458	12	13.978052684129
29	14580	12.1	13.881450332822
29	14699	12.2	13.881450332822
29	14817	12.3	13.785673888549
29	14936	12.4	13.785673888549
29	15056	12.5	13.945540280854
29	15172	12.6	13.945540280854
29	15294	12.7	13.868808889645
29	15414	12.8	13.868808889645
29	15531	12.9	13.84768811686
29	15655	13	13.84768811686
29	15774	13.1	13.770779157071
29	15899	13.2	13.770779157071
29	16019	13.3	13.983321699616
29	16141	13.4	13.983321699616
29	16256	13.5	13.954747965964
29	16373	13.6	13.954747965964
29	16485	13.7	13.762256842265
29	16611	13.8	13.762256842265
29	16731	13.9	13.895230949884
29	16848	14	13.895230949884
29	16969	14.1	13.743918450791
29	17088	14.2	13.743918450791
29	17201	14.3	13.783647098597
29	17317	14.4	13.783647098597
29	17436	14.5	13.959498304562
29	17549	14.6	13.959498304562
29	17669	14.7	13.745547756376
29	17782	14.8	13.745547756376
29	17904	14.9	13.885652395589
29	18022	15	13.885652395589
29	18140	15.1	13.839017159981
29	18259	15.2	13.839017159981
29	18378	15.3	13.988705018028
29	18500	15.4	13.988705018028
29	18617	15.5	13.773820630568
29	18733	15.6	13.773820630568
29	18852	15.7	13.766496408153
29	18969	15.8	13.766496408153
29	19088	15.9	13.935292004985
29	19207	16	13.935292004985
29	19324	16.1	13.979078785423
29	19442	16.2	13.979078785423
29	19559	16.3	13.832811171394
29	19678	16.4	13.832811171394
29	19796	16.5	13.746405533357
29	19914	16.6	13.746405533357
29	20030	16.7	13.92188282887
29	20150	16.8	13.92188282887
29	20267	16.9	13.785980896829
29	20393	17	13.785980896829
29	20505	17.1	13.936206257422
29	20625	17.2	13.936206257422
29	20740	17.3	13.758200996015
29	20862	17.4	13.758200996015
29	20985	17.5	13.858033840987
29	21103	17.6	13.858033840987
29	21225	17.7	13.944929194357
29	21345	17.8	13.944929194357
29	21462	17.9	13.968862179732
29	21581	18	13.968862179732
29	21707	18.1	13.963871059748
29	21825	18.2	13.963871059748
29	21944	18.3	13.910794855752
29	22061	18.4	13.910794855752
29	22172	18.5	13.922394518759
29	22294	18.6	13.922394518759
29	22414	18.7	13.835735387751
29	22531	18.8	13.835735387751
29	22652	18.9	13.991585033867
29	22770	19	13.991585033867
29	22891	19.1	13.783796501062
29	23011	19.2	13.783796501062
29	23128	19.3	13.8373980291
29	23241	19.4	13.8373980291
29	23358	19.5	13.907599147507
29	23474	19.6	13.907599147507
29	23592	19.7	13.73188796546
29	23712	19.8	13.73188796546
29	23828	19.9	12.921071972401
29	23946	20	12.921071972401
29	24073	20.1	12.025398042639
29	24189	20.2	12.025398042639
29	24307	20.3	11.125398042639
29	24424	20.4	11.125398042639
29	24545	20.5	10.251324291966
29	24662	20.6	10.251324291966
29	24781	20.7	9.3513242919664
29	24898	20.8	9.3513242919664
29	25014	20.9	8.4513242919664
29	25137	21	8.4513242919664
29	25249	21.1	7.5513242919664
29	25370	21.2	7.5513242919664
29	25490	21.3	6.6513242919664
29	25611	21.4	6.6513242919664
29	25731	21.5	5.7513242919664
29	25846	21.6	5.7513242919664
29	25968	21.7	4.8541123634778
29	26083	21.8	4.8541123634778
29	26206	21.9	3.9541123634778
29	26325	22	3.9541123634778
29	26443	22.1	3.0541123634778
29	26560	22.2	3.0541123634778
29	26675	22.3	2.1724602380497
29	26790	22.4	2.1724602380497
29	26908	22.5	1.4384040693238
29	27027	22.6	1.4384040693238
29	27147	22.7	0.65994099754301
29	27715	22.8	0.65994099754301
29	27959	22.9	30
29	28037	23	30
29	28051	23.1	30
29	28065	23.2	30
29	28079	23.3	30
29	28093	23.4	30
29	28107	23.5	30
29	28153	23.6	30
29	28165	23.7	30
29	28177	23.8	30
29	28189	23.9	30
29	28201	24	30
29	28213	24.1	30
29	28225	24.2	30
29	28237	24.3	30
29	28281	24.4	30
29	28291	24.5	30
29	28301	24.6	30
29	28311	24.7	30
29	28321	24.8	30
29	28331	24.9	30
29	28341	25	30
29	28351	25.1	30
29	28361	25.2	30
29	28371	25.3	30
29	28381	25.4	30
30	198	0.3	-0.6461263300851
30	304	0.4	0
30	415	0.5	-1.1470483641606
30	533	0.6	0
30	1025	0.7	0.62323859794997
30	1268	0.8	0
30	1387	0.9	-0.57019486883656
30	1505	1	0
30	1623	1.1	0.67168488427996
30	1740	1.2	0
30	1862	1.3	-1.3253512953874
30	1980	1.4	0
30	2096	1.5	1.7170181669295
30	2217	1.6	0
30	2333	1.7	0.39092999687417
30	2449	1.8	0
30	2567	1.9	-1.9771795663517
30	2689	2	0
30	2805	2.1	0.31062729456464
30	2925	2.2	0
30	3037	2.3	1.4712976739742
30	3157	2.4	0
30	3273	2.5	-1.1125827729236
30	3391	2.6	0
30	3504	2.7	1.5425668765791
30	3624	2.8	0
30	3743	2.9	-2.1600813369267
30	3854	3	0
30	3974	3.1	-0.2672542292159
30	4091	3.2	0
30	4208	3.3	0.19094234118239
30	4334	3.4	0
30	4446	3.5	0.51834083916619
30	4561	3.6	0
30	4678	3.7	1.6995655627921
30	4799	3.8	0
30	4915	3.9	-1.1955226023681
30	5036	4	0
30	5155	4.1	-0.86008054208943
30	5273	4.2	0
30	5389	4.3	-0.38386006904766
30	5502	4.4	0
30	5617	4.5	1.9332383092027
30	5732	4.6	0
30	5852	4.7	-0.44700527642853
30	5969	4.8	0
30	6089	4.9	-1.4808861964848
30	6204	5	0
30	6324	5.1	2.2968732171226
30	6437	5.2	0
30	6554	5.3	-0.9977952652611
30	6673	5.4	0
30	6794	5.5	0.29098564386368
30	6907	5.6	0
30	7025	5.7	0.63506548022852
30	7142	5.8	0
30	7261	5.9	-0.14685758110137
30	7382	6	0
30	7497	6.1	-1.513541380316
30	7617	6.2	0
30	7736	6.3	-0.617240933422
30	7856	6.4	0
30	7974	6.5	0.049437600933011
30	8089	6.6	0
30	8206	6.7	0.21716283317655
30	8325	6.8	0
30	8441	6.9	2.0344818554819
30	8561	7	0
30	8680	7.1	-1.0294135890435
30	8797	7.2	0
30	8917	7.3	0.8224553262815
30	9038	7.4	0
30	9152	7.5	-0.58038432644681
30	9269	7.6	0
30	9390	7.7	0.097325470205405
30	9512	7.8	0
30	9630	7.9	-0.22818924412132
30	9752	8	0
30	9870	8.1	-0.9868060367182
30	9986	8.2	0
30	10104	8.3	0.28588403877803
30	10223	8.4	0
30	10339	8.5	-0.13810239308514
30	10456	8.6	0
30	10579	8.7	1.3681846505031
30	10700	8.8	0
30	10817	8.9	0.10456108679064
30	10935	9	0
30	11051	9.1	-1.0795914286282
30	11170	9.2	0
30	11293	9.3	0.95458131809719
30	11411	9.4	0
30	11536	9.5	0.29427964859643
30	11656	9.6	0
30	11771	9.7	-0.72617844678462
30	11891	9.8	0
30	12009	9.9	0.5734870314598
30	12126	10	0
30	12238	10.1	-0.93519490580075
30	12354	10.2	0
30	12472	10.3	1.2470871266443
30	12592	10.4	0
30	12705	10.5	-0.10063121528365
30	12819	10.6	0
30	12937	10.7	-2.1672306395136
30	13051	10.8	0
30	13166	10.9	2.1664375565946
30	13287	11	0
30	13402	11.1	0.1676709169522
30	13519	11.2	0
30	13634	11.3	-2.2315416116268
30	13756	11.4	0
30	13870	11.5	0.81766624297016
30	13987	11.6	0
30	14109	11.7	-0.16370013584384
30	14227	11.8	0
30	14346	11.9	-0.15729884896427
30	14458	12	0
30	14580	12.1	1.0628251286223
30	14699	12.2	0
30	14817	12.3	-1.7057845552917
30	14936	12.4	0
30	15056	12.5	0.87200282360426
30	15172	12.6	0
30	15294	12.7	-0.48533013728447
30	15414	12.8	0
30	15531	12.9	-0.38086008448154
30	15655	13	0
30	15774	13.1	1.1453078897204
30	15899	13.2	0
30	16019	13.3	-0.38515036110766
30	16141	13.4	0
30	16256	13.5	0.89494363549164
30	16373	13.6	0
30	16485	13.7	-0.50113652753643
30	16611	13.8	0
30	16731	13.9	0.44262231560424
30	16848	14	0
30	16969	14.1	0.80426721195689
30	17088	14.2	0
30	17201	14.3	-0.089392269821822
30	17317	14.4	0
30	17436	14.5	-1.0372878358699
30	17549	14.6	0
30	17669	14.7	-0.20261077722534
30	17782	14.8	0
30	17904	14.9	1.176997569669
30	18022	15	0
30	18140	15.1	-0.16268579214811
30	18259	15.2	0
30	18378	15.3	0.10855886996724
30	18500	15.4	0
30	18617	15.5	-0.44511161148549
30	18733	15.6	0
30	18852	15.7	-1.5774680192582
30	18969	15.8	0
30	19088	15.9	0.15950430501253
30	19207	16	0
30	19324	16.1	2.1452449980192
30	19442	16.2	0
30	19559	16.3	-0.90232416549696
30	19678	16.4	0
30	19796	16.5	0.51985520329326
30	19914	16.6	0
30	20030	16.7	-0.46331030447037
30	20150	16.8	0
30	20267	16.9	-1.0215974730905
30	20393	17	0
30	20505	17.1	0.060669257259001
30	20625	17.2	0
30	20740	17.3	1.6494964560959
30	20862	17.4	0
30	20985	17.5	0.11510793482884
30	21103	17.6	0
30	21225	17.7	-0.88002053280361
30	21345	17.8	0
30	21462	17.9	-0.26574776200578
30	21581	18	0
30	21707	18.1	0.92859179563821
30	21825	18.2	0
30	21944	18.3	-1.6024825724307
30	22061	18.4	0
30	22172	18.5	1.5276209784672
30	22294	18.6	0
30	22414	18.7	-1.6358827651478
30	22531	18.8	0
30	22652	18.9	0.7742359783966
30	22770	19	0
30	22891	19.1	0.60888858805411
30	23011	19.2	0
30	23128	19.3	-1.704857575288
30	23241	19.4	0
30	23358	19.5	1.535981718963
30	23474	19.6	0
30	23592	19.7	-3.0982331266747
30	23712	19.8	0
30	23828	19.9	-7.2233659157281
30	23946	20	0
30	24073	20.1	-9
30	24189	20.2	0
30	24307	20.3	-9
30	24424	20.4	0
30	24545	20.5	-9
30	24662	20.6	0
30	24781	20.7	-8.9381939733613
30	24898	20.8	0
30	25014	20.9	-9
30	25137	21	0
30	25249	21.1	-9
30	25370	21.2	0
30	25490	21.3	-9
30	25611	21.4	0
30	25731	21.5	-9
30	25846	21.6	0
30	25968	21.7	-9
30	26083	21.8	0
30	26206	21.9	-8.224791345056
30	26325	22	0
30	26443	22.1	-9
30	26560	22.2	0
30	26675	22.3	-9
30	26790	22.4	0
30	26908	22.5	-8.786868588467
30	27027	22.6	0
30	27147	22.7	-8.9180755397307
30	27715	22.8	0
30	27959	22.9	-3.7689935747949
30	28037	23	0
30	28051	23.1	-0.22586624710311
30	28065	23.2	0
30	28079	23.3	-0.019149121118902
30	28093	23.4	0
30	28107	23.5	-0.00035026029190094
30	28153	23.6	0
30	28165	23.7	300
30	28177	23.8	0
30	28189	23.9	0
30	28201	24	0
30	28213	24.1	0
30	28225	24.2	0
30	28237	24.3	0
30	28281	24.4	0
30	28291	24.5	0
30	28301	24.6	0
30	28311	24.7	0
30	28321	24.8	0
30	28331	24.9	0
30	28341	25	0
30	28351	25.1	0
30	28361	25.2	0
30	28371	25.3	0
30	28381	25.4	0
30	28391	25.5	0
31	198	0.3	0.973
31	304	0.4	2.0322372267253
31	415	0.5	0.973
31	533	0.6	2.0205812905667
31	1025	0.7	4.1121364136497
31	1268	0.8	2.026901883076
31	1387	0.9	0.973
31	1505	1	2.0211180747514
31	1623	1.1	4.2769031891107
31	1740	1.2	2.0279339734306
31	1862	1.3	0.973
31	1980	1.4	2.0145182146864
31	2096	1.5	7.7971385024151
31	2217	1.6	2.031924424152
31	2333	1.7	3.352223886129
31	2449	1.8	2.0359191801401
31	2567	1.9	0.973
31	2689	2	2.0158359306432
31	2805	2.1	3.0524118491557
31	2925	2.2	2.0189712647965
31	3037	2.3	6.9810217161512
31	3157	2.4	2.033922474861
31	3273	2.5	0.973
31	3391	2.6	2.0226011608629
31	3504	2.7	7.2410436930509
31	3624	2.8	2.0383234706169
31	3743	2.9	0.973
31	3854	3	2.0163585443688
31	3974	3.1	1.1279133700971
31	4091	3.2	2.0136658380208
31	4208	3.3	2.6493020989289
31	4334	3.4	2.0155891118783
31	4446	3.5	3.7476056302924
31	4561	3.6	2.0208241618883
31	4678	3.7	7.7696171167068
31	4799	3.8	2.0381339585877
31	4915	3.9	0.973
31	5036	4	2.0259345494614
31	5155	4.1	0.973
31	5273	4.2	2.0172261054655
31	5389	4.3	0.973
31	5502	4.4	2.0133577312355
31	5617	4.5	8.5288723051583
31	5732	4.6	2.0329548371509
31	5852	4.7	0.973
31	5969	4.8	2.0283980506572
31	6089	4.9	0.973
31	6204	5	2.0134115371288
31	6324	5.1	9.7749280243086
31	6437	5.2	2.0367278807812
31	6554	5.3	0.973
31	6673	5.4	2.0265490974759
31	6794	5.5	3.004887880574
31	6907	5.6	2.029509586182
31	7025	5.7	4.1744404616764
31	7142	5.8	2.0359934317175
31	7261	5.9	1.5404995925627
31	7382	6	2.0344912847565
31	7497	6.1	0.973
31	7617	6.2	2.0191067722945
31	7736	6.3	0.973
31	7856	6.4	2.0128832084416
31	7974	6.5	2.1771963635545
31	8089	6.6	2.0133806106796
31	8206	6.7	2.7362920579512
31	8325	6.8	2.0155677391996
31	8441	6.9	8.8880648161467
31	8561	7	2.0362333690594
31	8680	7.1	0.973
31	8797	7.2	2.0257371312684
31	8917	7.3	4.7999212966374
31	9038	7.4	2.0341165822178
31	9152	7.5	0.973
31	9269	7.6	2.0281980170207
31	9390	7.7	2.3553478983447
31	9512	7.8	2.0291886961462
31	9630	7.9	1.2634093085001
31	9752	8	2.0268671002995
31	9870	8.1	0.973
31	9986	8.2	2.0168733871503
31	10104	8.3	2.9714202755861
31	10223	8.4	2.019760951694
31	10339	8.5	1.559105543816
31	10456	8.6	2.018365271495
31	10579	8.7	6.6272706360446
31	10700	8.8	2.0322569118245
31	10817	8.9	2.3847537500553
31	10935	9	2.033324485097
31	11051	9.1	0.973
31	11170	9.2	2.0223423780854
31	11293	9.3	5.2375151258613
31	11411	9.4	2.0320482251441
31	11536	9.5	3.0253273667459
31	11656	9.6	2.0350545262197
31	11771	9.7	0.973
31	11891	9.8	2.0276481418383
31	12009	9.9	3.9612098614284
31	12126	10	2.0334938260578
31	12238	10.1	0.973
31	12354	10.2	2.0239741992094
31	12472	10.3	6.2380090922273
31	12592	10.4	2.0366836820611
31	12705	10.5	1.6968801148458
31	12819	10.6	2.0356536605096
31	12937	10.7	0.973
31	13051	10.8	2.0136600737469
31	13166	10.9	9.3288851587582
31	13287	11	2.0356455459394
31	13402	11.1	2.6024982577536
31	13519	11.2	2.0373621846483
31	13634	11.3	0.973
31	13756	11.4	2.014692832102
31	13870	11.5	4.7510434343471
31	13987	11.6	2.0229547624271
31	14109	11.7	1.4757678753057
31	14227	11.8	2.0212965924237
31	14346	11.9	1.4961049963905
31	14458	12	2.019705198064
31	14580	12.1	5.595540838125
31	14699	12.2	2.0304947607636
31	14817	12.3	0.973
31	14936	12.4	2.0132200420791
31	15056	12.5	4.9294696261931
31	15172	12.6	2.0220230624811
31	15294	12.7	0.973
31	15414	12.8	2.0171163983914
31	15531	12.9	0.973
31	15655	13	2.0132785290724
31	15774	13.1	5.8512622269397
31	15899	13.2	2.0248531054591
31	16019	13.3	0.973
31	16141	13.4	2.0209495372844
31	16256	13.5	5.030989035028
31	16373	13.6	2.0300374853689
31	16485	13.7	0.973
31	16611	13.8	2.0249409740004
31	16731	13.9	3.513031501675
31	16848	14	2.0294414039744
31	16969	14.1	4.7490050874044
31	17088	14.2	2.0376576003882
31	17201	14.3	1.7355750743835
31	17317	14.4	2.0367419188034
31	17436	14.5	0.973
31	17549	14.6	2.0261617305351
31	17669	14.7	1.3475537086974
31	17782	14.8	2.0241048092903
31	17904	14.9	5.9996750032151
31	18022	15	2.0360979688372
31	18140	15.1	1.4872221206335
31	18259	15.2	2.0344338925099
31	18378	15.3	2.4009779522717
31	18500	15.4	2.0355440893135
31	18617	15.5	0.973
31	18733	15.6	2.0309978665789
31	18852	15.7	0.973
31	18969	15.8	2.0150089083859
31	19088	15.9	2.5463829835926
31	19207	16	2.0166169534187
31	19324	16.1	9.2744051983798
31	19442	16.2	2.0384340177898
31	19559	16.3	0.973
31	19678	16.4	2.0292142278993
31	19796	16.5	3.7832126547041
31	19914	16.6	2.0345183285381
31	20030	16.7	0.973
31	20150	16.8	2.0297901464557
31	20267	16.9	0.973
31	20393	17	2.0194229294639
31	20505	17.1	2.2220338232654
31	20625	17.2	2.0200363668596
31	20740	17.3	7.5943710711932
31	20862	17.4	2.0368231309703
31	20985	17.5	2.4261478888963
31	21103	17.6	2.0380024141317
31	21225	17.7	0.973
31	21345	17.8	2.0290126256006
31	21462	17.9	1.137542785564
31	21581	18	2.0263096476543
31	21707	18.1	5.1621418739172
31	21825	18.2	2.0357782952973
31	21944	18.3	0.973
31	22061	18.4	2.0194796875911
31	22172	18.5	7.1754189947289
31	22294	18.6	2.0350124794976
31	22414	18.7	0.973
31	22531	18.8	2.0183856871971
31	22652	18.9	4.6154364360868
31	22770	19	2.0262292097278
31	22891	19.1	4.0776159214497
31	23011	19.2	2.0324300278806
31	23128	19.3	0.973
31	23241	19.4	2.0151398182506
31	23358	19.5	7.1836398635448
31	23474	19.6	2.0307073599786
31	23592	19.7	0.973
31	23712	19.8	1.9994906832152
31	23828	19.9	0.973
31	23946	20	1.9294945163513
31	24073	20.1	0.973
31	24189	20.2	1.847473567092
31	24307	20.3	0.973
31	24424	20.4	1.7708348693296
31	24545	20.5	0.973
31	24662	20.6	1.6991743578428
31	24781	20.7	0.973
31	24898	20.8	1.6325339895037
31	25014	20.9	0.973
31	25137	21	1.5695903956273
31	25249	21.1	0.973
31	25370	21.2	1.510415567215
31	25490	21.3	0.973
31	25611	21.4	1.4546054390457
31	25731	21.5	0.973
31	25846	21.6	1.4017559458984
31	25968	21.7	0.973
31	26083	21.8	1.3514630225517
31	26206	21.9	0.973
31	26325	22	1.3073945728483
31	26443	22.1	0.973
31	26560	22.2	1.2608678958814
31	26675	22.3	0.973
31	26790	22.4	1.2157203969248
31	26908	22.5	0.973
31	27027	22.6	1.1725858735256
31	27147	22.7	0.973
31	27715	22.8	1.1293712449453
31	27959	22.9	0.973
31	28037	23	1.1111836451566
31	28051	23.1	0.973
31	28065	23.2	1.1100940650166
31	28079	23.3	1.1100015280127
31	28093	23.4	1.1100016896556
31	28107	23.5	0.973
31	28153	23.6	0.973
31	28165	23.7	2174.05142976
31	28177	23.8	5.05142976
31	28189	23.9	5.05142976
31	28201	24	5.05142976
31	28213	24.1	5.05142976
31	28225	24.2	5.05142976
31	28237	24.3	5.05142976
31	28281	24.4	5.05142976
31	28291	24.5	5.05142976
31	28301	24.6	5.05142976
31	28311	24.7	5.05142976
31	28321	24.8	5.05142976
31	28331	24.9	5.05142976
31	28341	25	5.05142976
31	28351	25.1	5.05142976
31	28361	25.2	5.05142976
31	28371	25.3	5.05142976
31	28381	25.4	5.05142976
31	28391	25.5	5.05142976
32	198	0.3	-0.10026036710478
32	304	0.4	0
32	415	0.5	-0.40872565531172
32	533	0.6	0
32	1025	0.7	-1.5192751727998
32	1268	0.8	0
32	1387	0.9	0.92748470962979
32	1505	1	0
32	1623	1.1	0.85974671649748
32	1740	1.2	0
32	1862	1.3	-0.8458099105861
32	1980	1.4	0
32	2096	1.5	-0.55868129893208
32	2217	1.6	0
32	2333	1.7	0.48133755535819
32	2449	1.8	0
32	2567	1.9	1.1280672165565
32	2689	2	0
32	2805	2.1	-0.22786796158179
32	2925	2.2	0
32	3037	2.3	-2.1700280168559
32	3157	2.4	0
32	3273	2.5	0.45508869197219
32	3391	2.6	0
32	3504	2.7	0.86983008966781
32	3624	2.8	0
32	3743	2.9	0.22626861403698
32	3854	3	0
32	3974	3.1	0.22480000783689
32	4091	3.2	0
32	4208	3.3	-0.40365952309221
32	4334	3.4	0
32	4446	3.5	0.56777450949884
32	4561	3.6	0
32	4678	3.7	-1.6109474644531
32	4799	3.8	0
32	4915	3.9	1.0263132249471
32	5036	4	0
32	5155	4.1	-0.8745953054633
32	5273	4.2	0
32	5389	4.3	1.9182457560208
32	5502	4.4	0
32	5617	4.5	-1.9088593485765
32	5732	4.6	0
32	5852	4.7	0.25772370561027
32	5969	4.8	0
32	6089	4.9	-0.52085471446626
32	6204	5	0
32	6324	5.1	-0.053474799077957
32	6437	5.2	0
32	6554	5.3	-0.015911568468443
32	6673	5.4	0
32	6794	5.5	0.69277747557498
32	6907	5.6	0
32	7025	5.7	0.57564251930453
32	7142	5.8	0
32	7261	5.9	-1.0929310187697
32	7382	6	0
32	7497	6.1	1.0851954120211
32	7617	6.2	0
32	7736	6.3	-1.1333435326815
32	7856	6.4	0
32	7974	6.5	-0.28243500748649
32	8089	6.6	0
32	8206	6.7	1.7249878039118
32	8325	6.8	0
32	8441	6.9	-1.3471568211913
32	8561	7	0
32	8680	7.1	-0.12130526877007
32	8797	7.2	0
32	8917	7.3	1.0766548276413
32	9038	7.4	0
32	9152	7.5	0.36357638356275
32	9269	7.6	0
32	9390	7.7	-0.29415875948034
32	9512	7.8	0
32	9630	7.9	0.66916393171997
32	9752	8	0
32	9870	8.1	-0.70081134727225
32	9986	8.2	0
32	10104	8.3	-0.7978590009734
32	10223	8.4	0
32	10339	8.5	1.0309839901049
32	10456	8.6	0
32	10579	8.7	-0.40130644342861
32	10700	8.8	0
32	10817	8.9	-1.01122470228
32	10935	9	0
32	11051	9.1	0.79268982079812
32	11170	9.2	0
32	11293	9.3	0.57961482289247
32	11411	9.4	0
32	11536	9.5	-0.13498127423228
32	11656	9.6	0
32	11771	9.7	-0.077040793746708
32	11891	9.8	0
32	12009	9.9	-1.3674440226052
32	12126	10	0
32	12238	10.1	1.3351975152735
32	12354	10.2	0
32	12472	10.3	0.90068805688061
32	12592	10.4	0
32	12705	10.5	-2.3839284493122
32	12819	10.6	0
32	12937	10.7	0.21012872811406
32	13051	10.8	0
32	13166	10.9	0.55507682822645
32	13287	11	0
32	13402	11.1	1.4217891152017
32	13519	11.2	0
32	13634	11.3	0.37894106647
32	13756	11.4	0
32	13870	11.5	-1.1256950045004
32	13987	11.6	0
32	14109	11.7	-0.2558439264074
32	14227	11.8	0
32	14346	11.9	0.85915167639032
32	14458	12	0
32	14580	12.1	0.018515088455757
32	14699	12.2	0
32	14817	12.3	0.078758411016313
32	14936	12.4	0
32	15056	12.5	-1.7827567109372
32	15172	12.6	0
32	15294	12.7	0.89848398347385
32	15414	12.8	0
32	15531	12.9	-0.94197976128198
32	15655	13	0
32	15774	13.1	-0.041078896261766
32	15899	13.2	0
32	16019	13.3	0.0049852870404798
32	16141	13.4	0
32	16256	13.5	-0.085022478597239
32	16373	13.6	0
32	16485	13.7	1.7203202066012
32	16611	13.8	0
32	16731	13.9	-1.4922936571296
32	16848	14	0
32	16969	14.1	-0.27784611722454
32	17088	14.2	0
32	17201	14.3	1.1522813879885
32	17317	14.4	0
32	17436	14.5	-0.2981596687343
32	17549	14.6	0
32	17669	14.7	-0.53723752517254
32	17782	14.8	0
32	17904	14.9	-0.0074363151099455
32	18022	15	0
32	18140	15.1	-0.28746673832648
32	18259	15.2	0
32	18378	15.3	-0.13074112441391
32	18500	15.4	0
32	18617	15.5	0.49363947608509
32	18733	15.6	0
32	18852	15.7	-0.21111357021145
32	18969	15.8	0
32	19088	15.9	1.0775031702127
32	19207	16	0
32	19324	16.1	-0.60347323231399
32	19442	16.2	0
32	19559	16.3	0.88660099222324
32	19678	16.4	0
32	19796	16.5	-0.15521421181036
32	19914	16.6	0
32	20030	16.7	0.78986741062254
32	20150	16.8	0
32	20267	16.9	-1.3343171285931
32	20393	17	0
32	20505	17.1	-0.94376154365017
32	20625	17.2	0
32	20740	17.3	0.35889286771416
32	20862	17.4	0
32	20985	17.5	1.8087745823897
32	21103	17.6	0
32	21225	17.7	0.038016183720906
32	21345	17.8	0
32	21462	17.9	-0.36913618962281
32	21581	18	0
32	21707	18.1	-0.47570193707942
32	21825	18.2	0
32	21944	18.3	-0.61816335385664
32	22061	18.4	0
32	22172	18.5	1.7308677096385
32	22294	18.6	0
32	22414	18.7	-1.5971579994541
32	22531	18.8	0
32	22652	18.9	-0.68860623505898
32	22770	19	0
32	22891	19.1	1.791438322328
32	23011	19.2	0
32	23128	19.3	0.36374564394356
32	23241	19.4	0
32	23358	19.5	-1.8673568034545
32	23474	19.6	0
32	23592	19.7	-0.4452097101399
32	23712	19.8	0
32	23828	19.9	-8.6099640067262
32	23946	20	0
32	24073	20.1	-9
32	24189	20.2	0
32	24307	20.3	-7.6681852531618
32	24424	20.4	0
32	24545	20.5	-9
32	24662	20.6	0
32	24781	20.7	-8.8471073555802
32	24898	20.8	0
32	25014	20.9	-9
32	25137	21	0
32	25249	21.1	-9
32	25370	21.2	0
32	25490	21.3	-9
32	25611	21.4	0
32	25731	21.5	-9
32	25846	21.6	0
32	25968	21.7	-9
32	26083	21.8	0
32	26206	21.9	-9
32	26325	22	0
32	26443	22.1	-8.8270200544968
32	26560	22.2	0
32	26675	22.3	-8.9807038896102
32	26790	22.4	0
32	26908	22.5	-9
32	27027	22.6	0
32	27147	22.7	-9
32	27715	22.8	0
32	27959	22.9	-4.3223001398267
32	28037	23	0
32	28051	23.1	-0.20331018150351
32	28065	23.2	0
32	28079	23.3	-0.010382882156867
32	28093	23.4	0
32	28107	23.5	-0.0010103437706177
32	28153	23.6	0
32	28165	23.7	0
32	28177	23.8	0
32	28189	23.9	0
32	28201	24	0
32	28213	24.1	0
32	28225	24.2	0
32	28237	24.3	0
32	28281	24.4	0
32	28291	24.5	300
32	28301	24.6	0
32	28311	24.7	0
32	28321	24.8	0
32	28331	24.9	0
32	28341	25	0
32	28351	25.1	0
32	28361	25.2	0
32	28371	25.3	0
32	28381	25.4	0
33	198	0.3	1.6997835565252
33	304	0.4	2.0378197785335
33	415	0.5	0.973
33	533	0.6	2.0336375874811
33	1025	0.7	0.973
33	1268	0.8	2.0182048897992
33	1387	0.9	5.1323335415893
33	1505	1	2.0276051072527
33	1623	1.1	4.9321692372806
33	1740	1.2	2.0363779275346
33	1862	1.3	0.973
33	1980	1.4	2.0277468631343
33	2096	1.5	0.973
33	2217	1.6	2.0220760304005
33	2333	1.7	3.6374884733766
33	2449	1.8	2.0269603629888
33	2567	1.9	5.8435942122103
33	2689	2	2.0384772939096
33	2805	2.1	1.2687661571786
33	2925	2.2	2.0361429593786
33	3037	2.3	0.973
33	3157	2.4	2.0141132443934
33	3273	2.5	3.5324684066064
33	3391	2.6	2.018703275359
33	3504	2.7	4.9390774229504
33	3624	2.8	2.0275205202432
33	3743	2.9	2.788439874155
33	3854	3	2.0298236789455
33	3974	3.1	2.7870260569334
33	4091	3.2	2.0321157983149
33	4208	3.3	0.973
33	4334	3.4	2.0280027646666
33	4446	3.5	3.9427044685513
33	4561	3.6	2.0337916218425
33	4678	3.7	0.973
33	4799	3.8	2.0174315222816
33	4915	3.9	5.4639352004089
33	5036	4	2.0278312479945
33	5155	4.1	0.973
33	5273	4.2	2.0189638084644
33	5389	4.3	8.509037889703
33	5502	4.4	2.0384898296093
33	5617	4.5	0.973
33	5732	4.6	2.0190586650036
33	5852	4.7	2.8807534046889
33	5969	4.8	2.0216657877342
33	6089	4.9	0.973
33	6204	5	2.0164020858502
33	6324	5.1	1.8383518980548
33	6437	5.2	2.0158628494129
33	6554	5.3	1.9628896869588
33	6673	5.4	2.0157024403272
33	6794	5.5	4.3336977629897
33	6907	5.6	2.0227044572443
33	7025	5.7	3.9567865409579
33	7142	5.8	2.0285505728294
33	7261	5.9	0.973
33	7382	6	2.0174726643936
33	7497	6.1	5.6633603313718
33	7617	6.2	2.0284718424985
33	7736	6.3	0.973
33	7856	6.4	2.0169867417928
33	7974	6.5	1.0777537171926
33	8089	6.6	2.014139903653
33	8206	6.7	7.8223656751995
33	8325	6.8	2.0316224607629
33	8441	6.9	0.973
33	8561	7	2.017949673542
33	8680	7.1	1.6137994028584
33	8797	7.2	2.0167253321785
33	8917	7.3	5.6317698674826
33	9038	7.4	2.0276314759704
33	9152	7.5	3.2516044493217
33	9269	7.6	2.0313345026069
33	9390	7.7	0.973
33	9512	7.8	2.0283377078224
33	9630	7.9	4.2871244736378
33	9752	8	2.0351646216662
33	9870	8.1	0.973
33	9986	8.2	2.0280156915017
33	10104	8.3	0.973
33	10223	8.4	2.0199228157172
33	10339	8.5	5.4883741526857
33	10456	8.6	2.0303895764745
33	10579	8.7	0.973
33	10700	8.8	2.0263057182935
33	10817	8.9	0.973
33	10935	9	2.0160699362615
33	11051	9.1	4.6709767665785
33	11170	9.2	2.0240870299112
33	11293	9.3	3.9734819931173
33	11411	9.4	2.0299796555355
33	11536	9.5	1.5764394154973
33	11656	9.6	2.0286050648178
33	11771	9.7	1.7698898646922
33	11891	9.8	2.0278211441162
33	12009	9.9	0.973
33	12126	10	2.0139826692471
33	12238	10.1	6.4966743070244
33	12354	10.2	2.027493158779
33	12472	10.3	5.0710237394221
33	12592	10.4	2.0366844025846
33	12705	10.5	0.973
33	12819	10.6	2.0124930596624
33	12937	10.7	2.7115048491477
33	13051	10.8	2.0146078752065
33	13166	10.9	3.8685616837072
33	13287	11	2.0202105924476
33	13402	11.1	6.8178046941672
33	13519	11.2	2.0346693989998
33	13634	11.3	3.316830860468
33	13756	11.4	2.0385493519109
33	13870	11.5	0.973
33	13987	11.6	2.027055925636
33	14109	11.7	1.1699376631789
33	14227	11.8	2.0244573700621
33	14346	11.9	4.9205627086796
33	14458	12	2.0332035633669
33	14580	12.1	2.0956247684969
33	14699	12.2	2.0333926743409
33	14817	12.3	2.2990661674882
33	14936	12.4	2.0341973998053
33	15056	12.5	0.973
33	15172	12.6	2.0160987848352
33	15294	12.7	5.0276920399823
33	15414	12.8	2.0251896985893
33	15531	12.9	0.973
33	15655	13	2.015660259518
33	15774	13.1	1.8789443593726
33	15899	13.2	2.015246233852
33	16019	13.3	2.0318385084693
33	16141	13.4	2.0152964726586
33	16256	13.5	1.7324950014355
33	16373	13.6	2.014439925456
33	16485	13.7	7.8079947222479
33	16611	13.8	2.0318788013594
33	16731	13.9	0.973
33	16848	14	2.0167383918242
33	16969	14.1	1.0929002157117
33	17088	14.2	2.0139382813048
33	17201	14.3	5.8773105928253
33	17317	14.4	2.0255894216136
33	17436	14.5	0.973
33	17549	14.6	2.0225648647418
33	17669	14.7	0.973
33	17782	14.8	2.0171322866224
33	17904	14.9	1.9923509865657
33	18022	15	2.0170572451103
33	18140	15.1	0.973
33	18259	15.2	2.0141595908992
33	18378	15.3	1.5797899348729
33	18500	15.4	2.0128438105432
33	18617	15.5	3.6587735473673
33	18733	15.6	2.0178186383166
33	18852	15.7	1.3149797859837
33	18969	15.8	2.0156887899295
33	19088	15.9	5.6309262274098
33	19207	16	2.0265950716717
33	19324	16.1	0.973
33	19442	16.2	2.0204758711394
33	19559	16.3	5.0012738978666
33	19678	16.4	2.0294756271843
33	19796	16.5	1.5082137223632
33	19914	16.6	2.0278957058236
33	20030	16.7	4.6955931584438
33	20150	16.8	2.0359550898217
33	20267	16.9	0.973
33	20393	17	2.0223684194636
33	20505	17.1	0.973
33	20625	17.2	2.0128411083136
33	20740	17.3	3.2083189619912
33	20862	17.4	2.0164561259506
33	20985	17.5	8.1205104399711
33	21103	17.6	2.0348256142626
33	21225	17.7	2.163156001437
33	21345	17.8	2.035214402544
33	21462	17.9	0.973
33	21581	18	2.0314440038322
33	21707	18.1	0.973
33	21825	18.2	2.0266006389918
33	21944	18.3	0.973
33	22061	18.4	2.0203328033584
33	22172	18.5	7.8742810222988
33	22294	18.6	2.0379570204268
33	22414	18.7	0.973
33	22531	18.8	2.0216860609836
33	22652	18.9	0.973
33	22770	19	2.0147313897815
33	22891	19.1	8.0521206502341
33	23011	19.2	2.0329000691121
33	23128	19.3	3.2619909287066
33	23241	19.4	2.0366193460179
33	23358	19.5	0.973
33	23474	19.6	2.0176339286572
33	23592	19.7	0.973
33	23712	19.8	2.0131469684488
33	23828	19.9	0.973
33	23946	20	1.9292845991316
33	24073	20.1	0.973
33	24189	20.2	1.8472774657364
33	24307	20.3	0.973
33	24424	20.4	1.7816671243876
33	24545	20.5	0.973
33	24662	20.6	1.709307380644
33	24781	20.7	0.973
33	24898	20.8	1.6426946462366
33	25014	20.9	0.973
33	25137	21	1.5791282003511
33	25249	21.1	0.973
33	25370	21.2	1.5193934029306
33	25490	21.3	0.973
33	25611	21.4	1.4630861887541
33	25731	21.5	0.973
33	25846	21.6	1.4098024926003
33	25968	21.7	0.973
33	26083	21.8	1.3591382492482
33	26206	21.9	0.973
33	26325	22	1.3106893934766
33	26443	22.1	0.973
33	26560	22.2	1.2649336754865
33	26675	22.3	0.973
33	26790	22.4	1.2197759584482
33	26908	22.5	0.973
33	27027	22.6	1.1755316659072
33	27147	22.7	0.973
33	27715	22.8	1.1318951325143
33	27959	22.9	0.973
33	28037	23	1.1110357301517
33	28051	23.1	0.973
33	28065	23.2	1.110054960922
33	28079	23.3	1.1100046210826
33	28093	23.4	1.1100048738983
33	28107	23.5	0.973
33	28153	23.6	0.973
33	28165	23.7	0.973
33	28177	23.8	0.973
33	28189	23.9	0.973
33	28201	24	0.973
33	28213	24.1	0.973
33	28225	24.2	0.973
33	28237	24.3	0.973
33	28281	24.4	0.973
33	28291	24.5	2174.05142976
33	28301	24.6	5.05142976
33	28311	24.7	5.05142976
33	28321	24.8	5.05142976
33	28331	24.9	5.05142976
33	28341	25	5.05142976
33	28351	25.1	5.05142976
33	28361	25.2	5.05142976
33	28371	25.3	5.05142976
33	28381	25.4	5.05142976
34	198	0.3	-2.2331121077295
34	304	0.4	0
34	415	0.5	2.0780051795766
34	533	0.6	0
34	1025	0.7	-0.81394206965342
34	1268	0.8	0
34	1387	0.9	-0.12564976201393
34	1505	1	0
34	1623	1.1	-0.348636073526
34	1740	1.2	0
34	1862	1.3	0.58432589350268
34	1980	1.4	0
34	2096	1.5	-1.6256980874576
34	2217	1.6	0
34	2333	1.7	0.52431807522661
34	2449	1.8	0
34	2567	1.9	0.045047994470231
34	2689	2	0
34	2805	2.1	0.012817540066319
34	2925	2.2	0
34	3037	2.3	-0.21960995546543
34	3157	2.4	0
34	3273	2.5	1.2027704641689
34	3391	2.6	0
34	3504	2.7	0.65653785904871
34	3624	2.8	0
34	3743	2.9	-0.92266730638222
34	3854	3	0
34	3974	3.1	-1.2285766274203
34	4091	3.2	0
34	4208	3.3	1.6723998954985
34	4334	3.4	0
34	4446	3.5	-0.84201473887079
34	4561	3.6	0
34	4678	3.7	-0.40786830014548
34	4799	3.8	0
34	4915	3.9	0.44051319891587
34	5036	4	0
34	5155	4.1	-0.59931470798329
34	5273	4.2	0
34	5389	4.3	1.9117148858495
34	5502	4.4	0
34	5617	4.5	0.13777957051062
34	5732	4.6	0
34	5852	4.7	-0.79662504852751
34	5969	4.8	0
34	6089	4.9	0.082903403742236
34	6204	5	0
34	6324	5.1	-0.90857572453096
34	6437	5.2	0
34	6554	5.3	-0.58625938929616
34	6673	5.4	0
34	6794	5.5	1.1609608788043
34	6907	5.6	0
34	7025	5.7	-1.0569202990271
34	7142	5.8	0
34	7261	5.9	0.77150711687283
34	7382	6	0
34	7497	6.1	-0.41095320032911
34	7617	6.2	0
34	7736	6.3	0.015168976783748
34	7856	6.4	0
34	7974	6.5	-0.15821042438036
34	8089	6.6	0
34	8206	6.7	0.45541968811303
34	8325	6.8	0
34	8441	6.9	1.1536441845819
34	8561	7	0
34	8680	7.1	0.24897384899669
34	8797	7.2	0
34	8917	7.3	-1.2261405644473
34	9038	7.4	0
34	9152	7.5	-0.10469305096194
34	9269	7.6	0
34	9390	7.7	0.5116897155065
34	9512	7.8	0
34	9630	7.9	-1.0435629476327
34	9752	8	0
34	9870	8.1	-0.59607327026315
34	9986	8.2	0
34	10104	8.3	0.22024362115189
34	10223	8.4	0
34	10339	8.5	1.2652291071136
34	10456	8.6	0
34	10579	8.7	0.86156670250929
34	10700	8.8	0
34	10817	8.9	-2.2887427160982
34	10935	9	0
34	11051	9.1	0.1837529498618
34	11170	9.2	0
34	11293	9.3	1.17067106287
34	11411	9.4	0
34	11536	9.5	-0.022612489620215
34	11656	9.6	0
34	11771	9.7	0.22220914592035
34	11891	9.8	0
34	12009	9.9	-0.19896012241952
34	12126	10	0
34	12238	10.1	1.1718723561615
34	12354	10.2	0
34	12472	10.3	-2.5951306127012
34	12592	10.4	0
34	12705	10.5	2.1273378946818
34	12819	10.6	0
34	12937	10.7	0.048866651114086
34	13051	10.8	0
34	13166	10.9	-1.7432523212861
34	13287	11	0
34	13402	11.1	0.32119052181951
34	13519	11.2	0
34	13634	11.3	1.5291319186799
34	13756	11.4	0
34	13870	11.5	-0.1023909825366
34	13987	11.6	0
34	14109	11.7	-1.4116791346576
34	14227	11.8	0
34	14346	11.9	-0.27871785270982
34	14458	12	0
34	14580	12.1	0.2147811635863
34	14699	12.2	0
34	14817	12.3	1.8018557844218
34	14936	12.4	0
34	15056	12.5	-2.3107605197467
34	15172	12.6	0
34	15294	12.7	1.0114376611542
34	15414	12.8	0
34	15531	12.9	0.16989550297149
34	15655	13	0
34	15774	13.1	0.78790966351516
34	15899	13.2	0
34	16019	13.3	-0.1502123942133
34	16141	13.4	0
34	16256	13.5	-0.21875426080079
34	16373	13.6	0
34	16485	13.7	-0.47443684674798
34	16611	13.8	0
34	16731	13.9	1.1591415538452
34	16848	14	0
34	16969	14.1	-1.6417006929405
34	17088	14.2	0
34	17201	14.3	1.1385650480166
34	17317	14.4	0
34	17436	14.5	-1.0183168068528
34	17549	14.6	0
34	17669	14.7	-0.11595505154691
34	17782	14.8	0
34	17904	14.9	0.82801895216107
34	18022	15	0
34	18140	15.1	-1.1076443237718
34	18259	15.2	0
34	18378	15.3	1.8609046149068
34	18500	15.4	0
34	18617	15.5	-1.6342337048613
34	18733	15.6	0
34	18852	15.7	-0.50761139648966
34	18969	15.8	0
34	19088	15.9	1.4598540697247
34	19207	16	0
34	19324	16.1	-1.2624601574615
34	19442	16.2	0
34	19559	16.3	0.83325887527316
34	19678	16.4	0
34	19796	16.5	-0.41758938310668
34	19914	16.6	0
34	20030	16.7	0.33935669125059
34	20150	16.8	0
34	20267	16.9	0.060805554594836
34	20393	17	0
34	20505	17.1	0.52570274830796
34	20625	17.2	0
34	20740	17.3	-0.93121673204005
34	20862	17.4	0
34	20985	17.5	0.50334280626849
34	21103	17.6	0
34	21225	17.7	0.18597420034929
34	21345	17.8	0
34	21462	17.9	-1.5423321967944
34	21581	18	0
34	21707	18.1	1.7126428626943
34	21825	18.2	0
34	21944	18.3	-0.45515448790976
34	22061	18.4	0
34	22172	18.5	-0.055007304623729
34	22294	18.6	0
34	22414	18.7	0.322969721118
34	22531	18.8	0
34	22652	18.9	-0.0030279176775316
34	22770	19	0
34	22891	19.1	-0.85453753597104
34	23011	19.2	0
34	23128	19.3	-0.2647525888402
34	23241	19.4	0
34	23358	19.5	-0.087354113394404
34	23474	19.6	0
34	23592	19.7	0.26454344486135
34	23712	19.8	0
34	23828	19.9	-8.0820446993473
34	23946	20	0
34	24073	20.1	-9
34	24189	20.2	0
34	24307	20.3	-9
34	24424	20.4	0
34	24545	20.5	-9
34	24662	20.6	0
34	24781	20.7	-9
34	24898	20.8	0
34	25014	20.9	-9
34	25137	21	0
34	25249	21.1	-9
34	25370	21.2	0
34	25490	21.3	-9
34	25611	21.4	0
34	25731	21.5	-8.8722123307376
34	25846	21.6	0
34	25968	21.7	-9
34	26083	21.8	0
34	26206	21.9	-9
34	26325	22	0
34	26443	22.1	-9
34	26560	22.2	0
34	26675	22.3	-9
34	26790	22.4	0
34	26908	22.5	-9
34	27027	22.6	0
34	27147	22.7	-9
34	27715	22.8	0
34	27959	22.9	295.93437411281
34	28037	23	0
34	28051	23.1	0
34	28065	23.2	0
34	28079	23.3	0
34	28093	23.4	0
34	28107	23.5	0
34	28153	23.6	0
34	28165	23.7	0
34	28177	23.8	0
34	28189	23.9	0
34	28201	24	0
34	28213	24.1	0
34	28225	24.2	0
34	28237	24.3	0
34	28281	24.4	0
34	28291	24.5	0
34	28301	24.6	0
34	28311	24.7	0
34	28321	24.8	0
34	28331	24.9	0
34	28341	25	0
34	28351	25.1	0
34	28361	25.2	0
34	28371	25.3	0
34	28381	25.4	0
35	198	0.3	0.973
35	304	0.4	2.0161375754237
35	415	0.5	9.0406795546457
35	533	0.6	2.0372578220565
35	1025	0.7	0.973
35	1268	0.8	2.0289455487729
35	1387	0.9	1.6070395491377
35	1505	1	2.0276669239812
35	1623	1.1	0.973
35	1740	1.2	2.0241255297314
35	1862	1.3	3.9894851094598
35	1980	1.4	2.0300663268896
35	2096	1.5	0.973
35	2217	1.6	2.0136029139958
35	2333	1.7	3.7631681328165
35	2449	1.8	2.0188905504273
35	2567	1.9	2.1692583606275
35	2689	2	2.0193458299646
35	2805	2.1	2.0621340849118
35	2925	2.2	2.0194753993782
35	3037	2.3	1.2875247657198
35	3157	2.4	2.0172571525257
35	3273	2.5	6.0609496816769
35	3391	2.6	2.0294514950887
35	3504	2.7	4.2471549941658
35	3624	2.8	2.0361548234868
35	3743	2.9	0.973
35	3854	3	2.026743755655
35	3974	3.1	0.973
35	4091	3.2	2.0143140605721
35	4208	3.3	7.6440468789479
35	4334	3.4	2.0312624835964
35	4446	3.5	0.973
35	4561	3.6	2.0227025217765
35	4678	3.7	0.973
35	4799	3.8	2.0185756892882
35	4915	3.9	3.492858508639
35	5036	4	2.0230333756865
35	5155	4.1	0.973
35	5273	4.2	2.0169723712926
35	5389	4.3	8.4755337869703
35	5502	4.4	2.0364024050712
35	5617	4.5	2.5023470110963
35	5732	4.6	2.0378136418544
35	5852	4.7	0.973
35	5969	4.8	2.0296743428999
35	6089	4.9	2.3086076744843
35	6204	5	2.0305190999618
35	6324	5.1	0.973
35	6437	5.2	2.0212898955043
35	6554	5.3	0.973
35	6673	5.4	2.0153683517915
35	6794	5.5	5.9120694661769
35	6907	5.6	2.0271202657175
35	7025	5.7	0.973
35	7142	5.8	2.0164173014708
35	7261	5.9	4.6006262056839
35	7382	6	2.0242215665868
35	7497	6.1	0.973
35	7617	6.2	2.0200588504465
35	7736	6.3	2.0707235305621
35	7856	6.4	2.0202122732277
35	7974	6.5	1.492390453452
35	8089	6.6	2.0186129600949
35	8206	6.7	3.5429884006111
35	8325	6.8	2.0232218787163
35	8441	6.9	5.9168320884327
35	8561	7	2.0349682923759
35	8680	7.1	2.8767756098426
35	8797	7.2	2.0375168293575
35	8917	7.3	0.973
35	9038	7.4	2.0250121348379
35	9152	7.5	1.6744008371433
35	9269	7.6	2.0239497992197
35	9390	7.7	3.7438886741589
35	9512	7.8	2.0291499969084
35	9630	7.9	0.973
35	9752	8	2.0185657900643
35	9870	8.1	0.973
35	9986	8.2	2.0125576121564
35	10104	8.3	2.745305439445
35	10223	8.4	2.0147744205148
35	10339	8.5	6.2628274100998
35	10456	8.6	2.0275811443401
35	10579	8.7	4.9382826789564
35	10700	8.8	2.0363724395316
35	10817	8.9	0.973
35	10935	9	2.0131440237233
35	11051	9.1	2.624584962907
35	11170	9.2	2.0149941051431
35	11293	9.3	5.9435101476112
35	11411	9.4	2.0268414155096
35	11536	9.5	1.9509701730614
35	11656	9.6	2.0266115788904
35	11771	9.7	2.7733772538317
35	11891	9.8	2.028871851928
35	12009	9.9	1.3611916753871
35	12126	10	2.0268478859015
35	12238	10.1	5.992615020364
35	12354	10.2	2.0388130267188
35	12472	10.3	0.973
35	12592	10.4	2.0124580429273
35	12705	10.5	9.1875058033998
35	12819	10.6	2.0340240048944
35	12937	10.7	2.1989022259086
35	13051	10.8	2.0345234840143
35	13166	10.9	0.973
35	13287	11	2.0168190033794
35	13402	11.1	3.0894836529199
35	13519	11.2	2.020063481577
35	13634	11.3	7.1832926754245
35	13756	11.4	2.0356185222921
35	13870	11.5	1.6901346803305
35	13987	11.6	2.0345713204133
35	14109	11.7	0.973
35	14227	11.8	2.0202158208271
35	14346	11.9	1.0911653467065
35	14458	12	2.017399602861
35	14580	12.1	2.7344410829174
35	14699	12.2	2.0195692670037
35	14817	12.3	8.1134039122245
35	14936	12.4	2.0379107614535
35	15056	12.5	0.973
35	15172	12.6	2.0144341610379
35	15294	12.7	5.4033508536427
35	15414	12.8	2.0246595320545
35	15531	12.9	2.5946136683843
35	15655	13	2.0263848254406
35	15774	13.1	4.6846021608371
35	15899	13.2	2.0344151372536
35	16019	13.3	1.5281748070592
35	16141	13.4	2.0328804878572
35	16256	13.5	1.2967992453916
35	16373	13.6	2.0306486964816
35	16485	13.7	0.973
35	16611	13.8	2.0258210399863
35	16731	13.9	5.94531721507
35	16848	14	2.0376465771211
35	16969	14.1	0.973
35	17088	14.2	2.0209284887115
35	17201	14.3	5.8569987117137
35	17317	14.4	2.0325008534838
35	17436	14.5	0.973
35	17549	14.6	2.0221459852027
35	17669	14.7	1.6346427682833
35	17782	14.8	2.0209719375732
35	17904	14.9	4.8046246746618
35	18022	15	2.0293782897549
35	18140	15.1	0.973
35	18259	15.2	2.0181449603762
35	18378	15.3	8.307992035815
35	18500	15.4	2.0370715647208
35	18617	15.5	0.973
35	18733	15.6	2.020436115144
35	18852	15.7	0.973
35	18969	15.8	2.0153107090385
35	19088	15.9	6.9255610090837
35	19207	16	2.0301043071848
35	19324	16.1	0.973
35	19442	16.2	2.0173014757399
35	19559	16.3	4.8113590186992
35	19678	16.4	2.025737965875
35	19796	16.5	0.973
35	19914	16.6	2.0215033487815
35	20030	16.7	3.1587881304302
35	20150	16.8	2.0249436181269
35	20267	16.9	2.2288110802643
35	20393	17	2.0255609760113
35	20505	17.1	3.7947972576773
35	20625	17.2	2.0309102930276
35	20740	17.3	0.973
35	20862	17.4	2.0214491656568
35	20985	17.5	3.7102272747086
35	21103	17.6	2.0265548271581
35	21225	17.7	2.6513600038901
35	21345	17.8	2.0284461851683
35	21462	17.9	0.973
35	21581	18	2.0128409052348
35	21707	18.1	7.7736450688056
35	21825	18.2	2.030180582088
35	21944	18.3	0.973
35	22061	18.4	2.0255504064027
35	22172	18.5	1.8411974769159
35	22294	18.6	2.0249919102075
35	22414	18.7	3.1099183256675
35	22531	18.8	2.0282743913444
35	22652	18.9	2.0181031327536
35	22770	19	2.0282435800259
35	22891	19.1	0.973
35	23011	19.2	2.0195761882697
35	23128	19.3	1.1373917570445
35	23241	19.4	2.0169022175516
35	23358	19.5	1.7260138839101
35	23474	19.6	2.0160211265436
35	23592	19.7	2.8986365684975
35	23712	19.8	2.0186912160978
35	23828	19.9	0.973
35	23946	20	1.9394855286201
35	24073	20.1	0.973
35	24189	20.2	1.8568068571413
35	24307	20.3	0.973
35	24424	20.4	1.779557827256
35	24545	20.5	0.973
35	24662	20.6	1.7073343737431
35	24781	20.7	0.973
35	24898	20.8	1.6397324313814
35	25014	20.9	0.973
35	25137	21	1.5763479349498
35	25249	21.1	0.973
35	25370	21.2	1.5167768192272
35	25490	21.3	0.973
35	25611	21.4	1.4606150189925
35	25731	21.5	0.973
35	25846	21.6	1.4081940587716
35	25968	21.7	0.973
35	26083	21.8	1.3576045884417
35	26206	21.9	0.973
35	26325	22	1.3092179751089
35	26443	22.1	0.973
35	26560	22.2	1.2626301535521
35	26675	22.3	0.973
35	26790	22.4	1.21743705855
35	26908	22.5	0.973
35	27027	22.6	1.1732346248817
35	27147	22.7	0.973
35	27715	22.8	1.1296187873259
35	27959	22.9	2144.6569545956
35	28037	23	5.05142976
35	28051	23.1	5.05142976
35	28065	23.2	5.05142976
35	28079	23.3	5.05142976
35	28093	23.4	5.05142976
35	28107	23.5	5.05142976
35	28153	23.6	5.05142976
35	28165	23.7	5.05142976
35	28177	23.8	5.05142976
35	28189	23.9	5.05142976
35	28201	24	5.05142976
35	28213	24.1	5.05142976
35	28225	24.2	5.05142976
35	28237	24.3	5.05142976
35	28281	24.4	5.05142976
35	28291	24.5	5.05142976
35	28301	24.6	5.05142976
35	28311	24.7	5.05142976
35	28321	24.8	5.05142976
35	28331	24.9	5.05142976
35	28341	25	5.05142976
35	28351	25.1	5.05142976
35	28361	25.2	5.05142976
35	28371	25.3	5.05142976
35	28381	25.4	5.05142976
36	198	0.3	-1.1909428621177
36	304	0.4	0
36	415	0.5	0.021475678030392
36	533	0.6	0
36	1025	0.7	0.36775821181946
36	1268	0.8	0
36	1387	0.9	-0.95725194583647
36	1505	1	0
36	1623	1.1	1.1570946051739
36	1740	1.2	0
36	1862	1.3	-0.038011518819268
36	1980	1.4	0
36	2096	1.5	-0.081426021037618
36	2217	1.6	0
36	2333	1.7	0.64817721783184
36	2449	1.8	0
36	2567	1.9	-2.0516838776413
36	2689	2	0
36	2805	2.1	0.31499284342862
36	2925	2.2	0
36	3037	2.3	1.5203164186794
36	3157	2.4	0
36	3273	2.5	-1.0541213035583
36	3391	2.6	0
36	3504	2.7	-0.2851142440457
36	3624	2.8	0
36	3743	2.9	0.056112279742973
36	3854	3	0
36	3974	3.1	0.85297600342891
36	4091	3.2	0
36	4208	3.3	-0.0142652559094
36	4334	3.4	0
36	4446	3.5	-1.0397403833922
36	4561	3.6	0
36	4678	3.7	-0.48501809192821
36	4799	3.8	0
36	4915	3.9	0.49334820909426
36	5036	4	0
36	5155	4.1	-0.82136104968377
36	5273	4.2	0
36	5389	4.3	0.51521979961544
36	5502	4.4	0
36	5617	4.5	0.041198551049462
36	5732	4.6	0
36	5852	4.7	1.9111811172217
36	5969	4.8	0
36	6089	4.9	-0.37826315262356
36	6204	5	0
36	6324	5.1	-1.875406730501
36	6437	5.2	0
36	6554	5.3	-0.14425303624012
36	6673	5.4	0
36	6794	5.5	1.9610869802069
36	6907	5.6	0
36	7025	5.7	-1.7743028086144
36	7142	5.8	0
36	7261	5.9	1.5407673844136
36	7382	6	0
36	7497	6.1	-1.0639494667761
36	7617	6.2	0
36	7736	6.3	-0.71815897598864
36	7856	6.4	0
36	7974	6.5	1.56549025774
36	8089	6.6	0
36	8206	6.7	0.52278327355161
36	8325	6.8	0
36	8441	6.9	-2.1148862818256
36	8561	7	0
36	8680	7.1	0.027493587601946
36	8797	7.2	0
36	8917	7.3	2.5029284957331
36	9038	7.4	0
36	9152	7.5	-1.8824629069772
36	9269	7.6	0
36	9390	7.7	1.0574531075545
36	9512	7.8	0
36	9630	7.9	0.31456217360683
36	9752	8	0
36	9870	8.1	-1.2785927469842
36	9986	8.2	0
36	10104	8.3	1.4722463040613
36	10223	8.4	0
36	10339	8.5	-1.0151256297249
36	10456	8.6	0
36	10579	8.7	0.058621073653917
36	10700	8.8	0
36	10817	8.9	-0.86882864860817
36	10935	9	0
36	11051	9.1	1.1848117448389
36	11170	9.2	0
36	11293	9.3	-0.96140958149917
36	11411	9.4	0
36	11536	9.5	1.8047928739339
36	11656	9.6	0
36	11771	9.7	-1.5338257074822
36	11891	9.8	0
36	12009	9.9	0.83612703550607
36	12126	10	0
36	12238	10.1	-0.22947357459925
36	12354	10.2	0
36	12472	10.3	1.0801637961995
36	12592	10.4	0
36	12705	10.5	-1.960292742867
36	12819	10.6	0
36	12937	10.7	-0.0065829099155934
36	13051	10.8	0
36	13166	10.9	1.2528658676893
36	13287	11	0
36	13402	11.1	-1.5315709672868
36	13519	11.2	0
36	13634	11.3	-0.27669989350251
36	13756	11.4	0
36	13870	11.5	1.1636321839411
36	13987	11.6	0
36	14109	11.7	0.34696244229563
36	14227	11.8	0
36	14346	11.9	0.82090963963418
36	14458	12	0
36	14580	12.1	-0.96602351306938
36	14699	12.2	0
36	14817	12.3	-0.95776444273069
36	14936	12.4	0
36	15056	12.5	1.5986639230512
36	15172	12.6	0
36	15294	12.7	-0.76731391209178
36	15414	12.8	0
36	15531	12.9	-0.21120772785507
36	15655	13	0
36	15774	13.1	-0.76908959788272
36	15899	13.2	0
36	16019	13.3	2.1254254254513
36	16141	13.4	0
36	16256	13.5	-0.28573733652012
36	16373	13.6	0
36	16485	13.7	-1.9249112369958
36	16611	13.8	0
36	16731	13.9	1.3297410761938
36	16848	14	0
36	16969	14.1	-1.5131249909289
36	17088	14.2	0
36	17201	14.3	0.39728647805751
36	17317	14.4	0
36	17436	14.5	1.7585120596457
36	17549	14.6	0
36	17669	14.7	-2.1395054818597
36	17782	14.8	0
36	17904	14.9	1.4010463921353
36	18022	15	0
36	18140	15.1	-0.46635235608555
36	18259	15.2	0
36	18378	15.3	1.4968785804696
36	18500	15.4	0
36	18617	15.5	-2.1488438745961
36	18733	15.6	0
36	18852	15.7	-0.073242224147556
36	18969	15.8	0
36	19088	15.9	1.6879559683148
36	19207	16	0
36	19324	16.1	0.43786780438385
36	19442	16.2	0
36	19559	16.3	-1.4626761402935
36	19678	16.4	0
36	19796	16.5	-0.86405638037249
36	19914	16.6	0
36	20030	16.7	1.7547729551326
36	20150	16.8	0
36	20267	16.9	-1.3590193204116
36	20393	17	0
36	20505	17.1	1.5022536059376
36	20625	17.2	0
36	20740	17.3	-1.7800526140723
36	20862	17.4	0
36	20985	17.5	0.99832844971679
36	21103	17.6	0
36	21225	17.7	0.86895353370346
36	21345	17.8	0
36	21462	17.9	0.23932985374703
36	21581	18	0
36	21707	18.1	-0.049911199836057
36	21825	18.2	0
36	21944	18.3	-0.53076203996316
36	22061	18.4	0
36	22172	18.5	0.11599663007074
36	22294	18.6	0
36	22414	18.7	-0.86659131008201
36	22531	18.8	0
36	22652	18.9	1.5584964611568
36	22770	19	0
36	22891	19.1	-2.077885328047
36	23011	19.2	0
36	23128	19.3	0.53601528038271
36	23241	19.4	0
36	23358	19.5	0.70201118406839
36	23474	19.6	0
36	23592	19.7	-1.7571118204649
36	23712	19.8	0
36	23828	19.9	-8.1081599305943
36	23946	20	0
36	24073	20.1	-8.9567392976223
36	24189	20.2	0
36	24307	20.3	-9
36	24424	20.4	0
36	24545	20.5	-8.7407375067241
36	24662	20.6	0
36	24781	20.7	-9
36	24898	20.8	0
36	25014	20.9	-9
36	25137	21	0
36	25249	21.1	-9
36	25370	21.2	0
36	25490	21.3	-9
36	25611	21.4	0
36	25731	21.5	-9
36	25846	21.6	0
36	25968	21.7	-8.9721192848863
36	26083	21.8	0
36	26206	21.9	-9
36	26325	22	0
36	26443	22.1	-9
36	26560	22.2	0
36	26675	22.3	-8.8165212542806
36	26790	22.4	0
36	26908	22.5	-7.3405616872593
36	27027	22.6	0
36	27147	22.7	-7.784630717808
36	27715	22.8	0
36	27959	22.9	293.40059002457
36	28037	23	0
36	28051	23.1	0
36	28065	23.2	0
36	28079	23.3	0
36	28093	23.4	0
36	28107	23.5	0
36	28153	23.6	0
36	28165	23.7	0
36	28177	23.8	0
36	28189	23.9	0
36	28201	24	0
36	28213	24.1	0
36	28225	24.2	0
36	28237	24.3	0
36	28281	24.4	0
36	28291	24.5	0
36	28301	24.6	0
36	28311	24.7	0
36	28321	24.8	0
36	28331	24.9	0
36	28341	25	0
36	28351	25.1	0
36	28361	25.2	0
36	28371	25.3	0
36	28381	25.4	0
37	198	0.3	0.973
37	304	0.4	2.0266883563539
37	415	0.5	2.098760313546
37	533	0.6	2.0269066497986
37	1025	0.7	3.2643609890187
37	1268	0.8	2.0306503072386
37	1387	0.9	0.973
37	1505	1	2.0209274974617
37	1623	1.1	5.9199425796313
37	1740	1.2	2.0326890137304
37	1862	1.3	1.9046363127591
37	1980	1.4	2.0323009995047
37	2096	1.5	1.758154261989
37	2217	1.6	2.0314701940151
37	2333	1.7	4.2239054929169
37	2449	1.8	2.0380978763052
37	2567	1.9	0.973
37	2689	2	2.0172301338957
37	2805	2.1	3.0694598488838
37	2925	2.2	2.0204129138457
37	3037	2.3	7.1548221858935
37	3157	2.4	2.0358818067239
37	3273	2.5	0.973
37	3391	2.6	2.0251374383589
37	3504	2.7	1.0714620508014
37	3624	2.8	2.022246047143
37	3743	2.9	2.2100107603587
37	3854	3	2.0228145979863
37	3974	3.1	4.8946344999891
37	4091	3.2	2.0314870786505
37	4208	3.3	1.9834629190875
37	4334	3.4	2.0313415783529
37	4446	3.5	0.973
37	4561	3.6	2.0207788066084
37	4678	3.7	0.973
37	4799	3.8	2.0158798525807
37	4915	3.9	3.6644308013881
37	5036	4	2.020863102701
37	5155	4.1	0.973
37	5273	4.2	2.0125769234775
37	5389	4.3	3.730399255464
37	5502	4.4	2.017768615878
37	5617	4.5	2.1551727244246
37	5732	4.6	2.0181846347349
37	5852	4.7	8.4804669388151
37	5969	4.8	2.0376268691937
37	6089	4.9	0.973
37	6204	5	2.0337564841498
37	6324	5.1	0.973
37	6437	5.2	2.0147301592635
37	6554	5.3	1.5353184774611
37	6673	5.4	2.0132778461498
37	6794	5.5	8.6235915553744
37	6907	5.6	2.0331581579157
37	7025	5.7	0.973
37	7142	5.8	2.0151586578615
37	7261	5.9	7.2000098563022
37	7382	6	2.0307752079178
37	7497	6.1	0.973
37	7617	6.2	2.0199720273726
37	7736	6.3	0.973
37	7856	6.4	2.012728990776
37	7974	6.5	7.2725752488912
37	8089	6.6	2.0285686403123
37	8206	6.7	3.791681849109
37	8325	6.8	2.033900115876
37	8441	6.9	0.973
37	8561	7	2.0124613423969
37	8680	7.1	2.1037978910362
37	8797	7.2	2.0127378504074
37	8917	7.3	10.478946584634
37	9038	7.4	2.0381529265889
37	9152	7.5	0.973
37	9269	7.6	2.0189933199323
37	9390	7.7	5.5748173923868
37	9512	7.8	2.029722406898
37	9630	7.9	3.0898800545037
37	9752	8	2.0329306132957
37	9870	8.1	0.973
37	9986	8.2	2.0199377445503
37	10104	8.3	6.988624232818
37	10223	8.4	2.0349094794459
37	10339	8.5	0.973
37	10456	8.6	2.0245685001353
37	10579	8.7	2.2210564110767
37	10700	8.8	2.0251635075912
37	10817	8.9	0.973
37	10935	9	2.0163718340706
37	11051	9.1	5.9966602765215
37	11170	9.2	2.0283753066182
37	11293	9.3	0.973
37	11411	9.4	2.0186269189673
37	11536	9.5	8.1184540840624
37	11656	9.6	2.0369855535949
37	11771	9.7	0.973
37	11891	9.8	2.0213672628064
37	12009	9.9	4.8332310901604
37	12126	10	2.0298587021823
37	12238	10.1	1.2594113936669
37	12354	10.2	2.0275228881483
37	12472	10.3	5.6822789833446
37	12592	10.4	2.0385533680037
37	12705	10.5	0.973
37	12819	10.6	2.0186015780988
37	12937	10.7	1.9966409308145
37	13051	10.8	2.0185350750373
37	13166	10.9	6.2359960084941
37	13287	11	2.0312519029645
37	13402	11.1	0.973
37	13519	11.2	2.0157225290357
37	13634	11.3	1.0963617535619
37	13756	11.4	2.0129360843602
37	13870	11.5	5.911882556964
37	13987	11.6	2.0246936340379
37	14109	11.7	3.1901713122961
37	14227	11.8	2.0282194995256
37	14346	11.9	4.80200570887
37	14458	12	2.0365986246664
37	14580	12.1	0.973
37	14699	12.2	2.02674371179
37	14817	12.3	0.973
37	14936	12.4	2.0170439388569
37	15056	12.5	7.4061837610531
37	15172	12.6	2.0332738166484
37	15294	12.7	0.973
37	15414	12.8	2.0254594153187
37	15531	12.9	1.3184543718059
37	15655	13	2.0233164089189
37	15774	13.1	0.973
37	15899	13.2	2.0155417829416
37	16019	13.3	9.19978052029
37	16141	13.4	2.0371382193863
37	16256	13.5	1.0732529935093
37	16373	13.6	2.0342145897699
37	16485	13.7	0.973
37	16611	13.8	2.0146830565092
37	16731	13.9	6.4811164475447
37	16848	14	2.0281451424451
37	16969	14.1	0.973
37	17088	14.2	2.0128371197422
37	17201	14.3	3.3365690776146
37	17317	14.4	2.0168394344625
37	17436	14.5	7.9507552143696
37	17549	14.6	2.0347002006122
37	17669	14.7	0.973
37	17782	14.8	2.0130010213885
37	17904	14.9	6.7156916980472
37	18022	15	2.0271708889474
37	18140	15.1	0.973
37	18259	15.2	2.0224376072016
37	18378	15.3	7.0840834332941
37	18500	15.4	2.0376897419856
37	18617	15.5	0.973
37	18733	15.6	2.0158483824406
37	18852	15.7	1.7721125702739
37	18969	15.8	2.0151101748462
37	19088	15.9	7.7010678879674
37	19207	16	2.0322274942517
37	19324	16.1	3.5118619267827
37	19442	16.2	2.0367036898279
37	19559	16.3	0.973
37	19678	16.4	2.0218089842076
37	19796	16.5	0.973
37	19914	16.6	2.0130873184598
37	20030	16.7	7.9184278540693
37	20150	16.8	2.0308596771664
37	20267	16.9	0.973
37	20393	17	2.0170749189247
37	20505	17.1	7.0778283849857
37	20625	17.2	2.0323208040897
37	20740	17.3	0.973
37	20862	17.4	2.0142745754722
37	20985	17.5	5.3585692385912
37	21103	17.6	2.0243657034078
37	21225	17.7	4.9535278192109
37	21345	17.8	2.0332114035467
37	21462	17.9	2.8413608927906
37	21581	18	2.035657948851
37	21707	18.1	1.8671815590217
37	21825	18.2	2.0351473667282
37	21944	18.3	0.973
37	22061	18.4	2.0297296848836
37	22172	18.5	2.4201150012121
37	22294	18.6	2.0309118471595
37	22414	18.7	0.973
37	22531	18.8	2.0221051499596
37	22652	18.9	7.293191311198
37	22770	19	2.0379848927355
37	22891	19.1	0.973
37	23011	19.2	2.0168545081947
37	23128	19.3	3.809784257178
37	23241	19.4	2.0222735721532
37	23358	19.5	4.3823571063492
37	23474	19.6	2.0294041813825
37	23592	19.7	0.973
37	23712	19.8	2.0116275266596
37	23828	19.9	0.973
37	23946	20	1.9325946294882
37	24073	20.1	0.973
37	24189	20.2	1.8507516298301
37	24307	20.3	0.973
37	24424	20.4	1.7738986491712
37	24545	20.5	0.973
37	24662	20.6	1.7040443976163
37	24781	20.7	0.973
37	24898	20.8	1.6366505044596
37	25014	20.9	0.973
37	25137	21	1.573454994545
37	25249	21.1	0.973
37	25370	21.2	1.5140538026512
37	25490	21.3	0.973
37	25611	21.4	1.4580428635571
37	25731	21.5	0.973
37	25846	21.6	1.4050181120417
37	25968	21.7	0.973
37	26083	21.8	1.3547281751229
37	26206	21.9	0.973
37	26325	22	1.3064574797206
37	26443	22.1	0.973
37	26560	22.2	1.2599620279701
37	26675	22.3	0.973
37	26790	22.4	1.2157466524675
37	26908	22.5	0.973
37	27027	22.6	1.1796635380435
37	27147	22.7	0.973
37	27715	22.8	1.1418621051578
37	27959	22.9	2126.3376956376
37	28037	23	5.05142976
37	28051	23.1	5.05142976
37	28065	23.2	5.05142976
37	28079	23.3	5.05142976
37	28093	23.4	5.05142976
37	28107	23.5	5.05142976
37	28153	23.6	5.05142976
37	28165	23.7	5.05142976
37	28177	23.8	5.05142976
37	28189	23.9	5.05142976
37	28201	24	5.05142976
37	28213	24.1	5.05142976
37	28225	24.2	5.05142976
37	28237	24.3	5.05142976
37	28281	24.4	5.05142976
37	28291	24.5	5.05142976
37	28301	24.6	5.05142976
37	28311	24.7	5.05142976
37	28321	24.8	5.05142976
37	28331	24.9	5.05142976
37	28341	25	5.05142976
37	28351	25.1	5.05142976
37	28361	25.2	5.05142976
37	28371	25.3	5.05142976
37	28381	25.4	5.05142976

