version 3
run FourVehiclesBFTOverV2V-0-20260427-16:14:17-386148
attr configname FourVehiclesBFTOverV2V
attr datetime 20260427-16:14:17
attr datetimef 20260427-161417
attr experiment FourVehiclesBFTOverV2V
attr inifile omnetpp.ini
attr iterationvars ""
attr iterationvarsd ""
attr iterationvarsf ""
attr measurement ""
attr network fourWay
attr processid 386148
attr repetition 0
attr replication #0
attr resultdir results
attr runnumber 0
attr seedset 0
config extends BFTOverV2V
config description "BFT test on benchmarking 4-vehicle routes"
config *.manager.launchConfig "xmldoc(\"bft_4veh.launchd.xml\")"
config *.node[*].appl.intersectionX 300m
config *.node[*].appl.intersectionY 300m
config *.node[*].appl.totalVehicles 4
config *.manager.intersectionBatchSize 4
config extends WithChannelSwitching
config *.node[*].applType "\"org.car2x.veins.modules.bftsmart.V2VProxyModule\""
config *.node[0].appl.replicaId 0
config *.node[1].appl.replicaId 1
config *.node[2].appl.replicaId 2
config *.node[3].appl.replicaId 3
config *.node[*].appl.intersectionX 104m
config *.node[*].appl.intersectionY 82m
config *.node[*].appl.stopDistance 5m
config *.node[*].appl.totalVehicles 4
config *.node[*].appl.intersectionWidth 15m
config *.node[*].appl.avgSpeed 14mps
config *.node[*].appl.safetyGap 1.5s
config *.node[*].appl.stopSignTimeoutSec 10.0s
config *.node[*].appl.gatewayHost "\"\""
config *.node[*].appl.gatewayPort 0
config *.node[*].appl.carId "\"\""
config *.node[*].appl.direction "\"\""
config *.connectionManager.pMax 20mW
config *.connectionManager.sat -89dBm
config *.connectionManager.alpha 2.0
config *.connectionManager.carrierFrequency "5.890e9 Hz"
config *.node[*].nic.phy80211p.collectCollisionStatistics true
config *.node[*].nic.phy80211p.ccaThreshold -90dBm
config *.node[*].nic.mac1609_4.cwMin 3
config *.node[*].nic.mac1609_4.cwMax 7
config *.**.nic.mac1609_4.useServiceChannel false
config *.node[*].appl.dataOnSch false
config *.rsu[*].appl.dataOnSch false
config *.node[*].nic.mac1609_4.useServiceChannel false
config *.node[0].appl.gatewayHost "\"127.0.0.1\""
config *.node[0].appl.gatewayPort 9001
config *.node[0].appl.carId "\"CAR_0\""
config *.node[0].appl.direction "\"straight\""
config *.node[0].appl.stopDistance 50m
config *.node[0].appl.intersectionX 104m
config *.node[0].appl.intersectionY 82m
config *.node[1].appl.gatewayHost "\"127.0.0.1\""
config *.node[1].appl.gatewayPort 9002
config *.node[1].appl.carId "\"CAR_1\""
config *.node[1].appl.direction "\"right\""
config *.node[1].appl.stopDistance 50m
config *.node[1].appl.intersectionX 104m
config *.node[1].appl.intersectionY 82m
config *.node[2].appl.gatewayHost "\"127.0.0.1\""
config *.node[2].appl.gatewayPort 9003
config *.node[2].appl.carId "\"CAR_2\""
config *.node[2].appl.direction "\"left\""
config *.node[2].appl.stopDistance 50m
config *.node[2].appl.intersectionX 104m
config *.node[2].appl.intersectionY 82m
config *.node[3].appl.gatewayHost "\"127.0.0.1\""
config *.node[3].appl.gatewayPort 9004
config *.node[3].appl.carId "\"CAR_3\""
config *.node[3].appl.direction "\"right\""
config *.node[3].appl.stopDistance 50m
config *.node[3].appl.intersectionX 104m
config *.node[3].appl.intersectionY 82m
config scheduler-class omnetpp::cRealTimeScheduler
config realtimescheduler-scaling 0.1
config cmdenv-express-mode false
config cmdenv-autoflush false
config cmdenv-status-frequency 1s
config **.cmdenv-log-level info
config image-path ../../images
config network fourWay
config debug-on-errors true
config print-undisposed true
config sim-time-limit 50000s
config **.scalar-recording true
config **.vector-recording true
config *.playgroundSizeX 2500m
config *.playgroundSizeY 2500m
config *.playgroundSizeZ 50m
config *.annotations.draw true
config *.obstacles.debug false
config *.manager.updateInterval 0.1s
config *.manager.host "\"localhost\""
config *.manager.port 9999
config *.manager.autoShutdown true
config *.manager.shutdownOnIntersectionBatchCleared true
config *.manager.intersectionDepartureMinMeters 20m
config *.manager.launchConfig "xmldoc(\"osm.launchd.xml\")"
config *.manager.trafficLightModuleType "\"org.car2x.veins.nodes.TrafficLight\""
config *.tls[*].mobility.x 0
config *.tls[*].mobility.y 0
config *.tls[*].mobility.z 5
config *.tls[*].applType "\"org.car2x.veins.modules.application.traci.TraCIDemoTrafficLightApp\""
config *.tls[*].logicType "\"org.car2x.veins.modules.world.traci.trafficLight.logics.TraCITrafficLightSimpleLogic\""
config *.rsu[0].mobility.x 2000
config *.rsu[0].mobility.y 2000
config *.rsu[0].mobility.z 3
config *.rsu[*].applType "\"TraCIDemoRSU11p\""
config *.rsu[*].appl.headerLength "80 bit"
config *.rsu[*].appl.sendBeacons false
config *.rsu[*].appl.dataOnSch false
config *.rsu[*].appl.beaconInterval 1s
config *.rsu[*].appl.beaconUserPriority 7
config *.rsu[*].appl.dataUserPriority 5
config *.rsu[*].nic.phy80211p.antennaOffsetZ "1.5 m"
config *.connectionManager.sendDirect true
config *.connectionManager.maxInterfDist 2600m
config *.connectionManager.drawMaxIntfDist false
config *.connectionManagerName "\"connectionManager\""
config *.**.nic.mac1609_4.useServiceChannel false
config *.**.nic.phy80211p.txPower 20mW
config *.**.nic.mac1609_4.txPower 20mW
config *.**.nic.mac1609_4.bitrate 6Mbps
config *.**.nic.phy80211p.minPowerLevel -110dBm
config *.**.nic.mac1609_4.queueSize 1024
config *.**.nic.phy80211p.useNoiseFloor true
config *.**.nic.phy80211p.noiseFloor -98dBm
config *.**.nic.phy80211p.decider "xmldoc(\"config.xml\")"
config *.**.nic.phy80211p.analogueModels "xmldoc(\"config.xml\")"
config *.**.nic.phy80211p.usePropagationDelay true
config *.**.nic.phy80211p.antenna "xmldoc(\"antenna.xml\", \"/root/Antenna[@id='monopole']\")"
config *.node[*].nic.phy80211p.antennaOffsetY "1.895 m"
config *.node[*].nic.phy80211p.antennaOffsetZ "1.895 m"
config *.node[*].applType "\"src.IntersectionApp\""
config *.node[*].appl.headerLength "80 bit"
config *.node[*].appl.sendBeacons false
config *.node[*].appl.dataOnSch false
config *.node[*].appl.beaconInterval 1s
config *.node[*].nic.phy80211p.connectionManagerName "\"connectionManager\""
config *.node[*].veinsmobility.x 0
config *.node[*].veinsmobility.y 0
config *.node[*].veinsmobility.z 0
config *.node[*].veinsmobility.setHostSpeed false
config *.node[0].veinsmobility.accidentCount 0
config *.node[0].veinsmobility.accidentStart 73s
config *.node[0].veinsmobility.accidentDuration 50s

vector 0 fourWay.tls[0].nic.phy80211p RadioState ETV
vector 1 fourWay.tls[0].nic.phy80211p RadioChannel ETV
vector 2 fourWay.node[0].appl bftMsgSent:vector ETV
attr recordingmode vector
attr source bftMsgSent
attr title "BFT messages sent"
vector 3 fourWay.node[0].appl bftMsgReceived:vector ETV
attr recordingmode vector
attr source bftMsgReceived
attr title "BFT messages received"
vector 4 fourWay.node[0].nic.phy80211p RadioState ETV
vector 5 fourWay.node[0].nic.phy80211p RadioChannel ETV
vector 6 fourWay.manager posx ETV
vector 7 fourWay.manager posy ETV
vector 8 fourWay.node[1].appl bftMsgSent:vector ETV
attr recordingmode vector
attr source bftMsgSent
attr title "BFT messages sent"
vector 9 fourWay.node[1].appl bftMsgReceived:vector ETV
attr recordingmode vector
attr source bftMsgReceived
attr title "BFT messages received"
vector 10 fourWay.node[1].nic.phy80211p RadioState ETV
vector 11 fourWay.node[1].nic.phy80211p RadioChannel ETV
vector 12 fourWay.manager posx ETV
vector 13 fourWay.manager posy ETV
vector 14 fourWay.node[2].appl bftMsgSent:vector ETV
attr recordingmode vector
attr source bftMsgSent
attr title "BFT messages sent"
vector 15 fourWay.node[2].appl bftMsgReceived:vector ETV
attr recordingmode vector
attr source bftMsgReceived
attr title "BFT messages received"
vector 16 fourWay.node[2].nic.phy80211p RadioState ETV
vector 17 fourWay.node[2].nic.phy80211p RadioChannel ETV
vector 18 fourWay.manager posx ETV
vector 19 fourWay.manager posy ETV
vector 20 fourWay.node[3].appl bftMsgSent:vector ETV
attr recordingmode vector
attr source bftMsgSent
attr title "BFT messages sent"
vector 21 fourWay.node[3].appl bftMsgReceived:vector ETV
attr recordingmode vector
attr source bftMsgReceived
attr title "BFT messages received"
vector 22 fourWay.node[3].nic.phy80211p RadioState ETV
vector 23 fourWay.node[3].nic.phy80211p RadioChannel ETV
vector 24 fourWay.manager posx ETV
vector 25 fourWay.manager posy ETV
vector 26 fourWay.manager speed ETV
vector 27 fourWay.manager speed ETV
vector 28 fourWay.manager speed ETV
vector 29 fourWay.manager speed ETV
vector 30 fourWay.manager acceleration ETV
vector 31 fourWay.manager co2emission ETV
vector 32 fourWay.manager acceleration ETV
vector 33 fourWay.manager co2emission ETV
vector 34 fourWay.manager acceleration ETV
vector 35 fourWay.manager co2emission ETV
vector 36 fourWay.manager acceleration ETV
vector 37 fourWay.manager co2emission ETV
2	526	0.6	1
2	719	0.650992742482	2
2	783	0.653336520684	3
2	871	0.675412298884	4
2	24926	20.744641617022	5
2	24941	20.746837352786	7
2	25002	20.75	9
2	25002	20.75	10
2	25002	20.75	11
2	25253	20.8	12
2	25508	20.826037134162	13
2	25665	20.85	15
3	25170	20.787241675114	1
3	25203	20.79508072351	2
3	25236	20.797784839907	3
3	25329	20.806701072601	4
3	25361	20.808183072601	5
3	25390	20.811869120997	6
3	25421	20.813312120997	7
3	25458	20.816725237394	8
3	25490	20.818194237394	9
3	25569	20.832882401682	10
3	25606	20.836503518079	11
3	25647	20.838122634928	12
3	25724	20.856435799216	13
3	25756	20.859425915613	14
6	2	0.1	323.4
6	90	0.2	323.4
6	198	0.3	323.4
6	304	0.4	323.4
6	415	0.5	323.4
6	533	0.6	323.4
6	1057	0.7	323.4
6	1363	0.8	323.4
6	1484	0.9	323.4
6	1599	1	323.4
6	1714	1.1	323.4
6	1835	1.2	323.4
6	1956	1.3	323.4
6	2072	1.4	323.4
6	2194	1.5	323.4
6	2311	1.6	323.4
6	2426	1.7	323.4
6	2542	1.8	323.4
6	2661	1.9	323.4
6	2785	2	323.4
6	2900	2.1	323.4
6	3019	2.2	323.4
6	3132	2.3	323.4
6	3249	2.4	323.4
6	3366	2.5	323.4
6	3483	2.6	323.4
6	3602	2.7	323.4
6	3720	2.8	323.4
6	3834	2.9	323.4
6	3951	3	323.4
6	4069	3.1	323.4
6	4182	3.2	323.4
6	4303	3.3	323.4
6	4429	3.4	323.4
6	4537	3.5	323.4
6	4656	3.6	323.4
6	4774	3.7	323.4
6	4893	3.8	323.4
6	5015	3.9	323.4
6	5133	4	323.4
6	5251	4.1	323.4
6	5366	4.2	323.4
6	5481	4.3	323.4
6	5594	4.4	323.4
6	5709	4.5	323.4
6	5825	4.6	323.4
6	5949	4.7	323.4
6	6063	4.8	323.4
6	6182	4.9	323.4
6	6298	5	323.4
6	6415	5.1	323.4
6	6532	5.2	323.4
6	6648	5.3	323.4
6	6766	5.4	323.4
6	6887	5.5	323.4
6	7002	5.6	323.4
6	7120	5.7	323.4
6	7237	5.8	323.4
6	7357	5.9	323.4
6	7474	6	323.4
6	7592	6.1	323.4
6	7712	6.2	323.4
6	7833	6.3	323.4
6	7950	6.4	323.4
6	8067	6.5	323.4
6	8184	6.6	323.4
6	8302	6.7	323.4
6	8418	6.8	323.4
6	8534	6.9	323.4
6	8656	7	323.4
6	8774	7.1	323.4
6	8892	7.2	323.4
6	9010	7.3	323.4
6	9131	7.4	323.4
6	9246	7.5	323.4
6	9366	7.6	323.4
6	9483	7.7	323.4
6	9606	7.8	323.4
6	9725	7.9	323.4
6	9843	8	323.4
6	9964	8.1	323.4
6	10082	8.2	323.4
6	10199	8.3	323.4
6	10314	8.4	323.4
6	10435	8.5	323.4
6	10554	8.6	323.4
6	10677	8.7	323.4
6	10793	8.8	323.4
6	10910	8.9	323.4
6	11028	9	323.4
6	11145	9.1	323.4
6	11266	9.2	323.4
6	11387	9.3	323.4
6	11510	9.4	323.4
6	11634	9.5	323.4
6	11751	9.6	323.4
6	11865	9.7	323.4
6	11983	9.8	323.4
6	12102	9.9	323.4
6	12217	10	323.4
6	12333	10.1	323.4
6	12451	10.2	323.4
6	12567	10.3	323.4
6	12683	10.4	323.4
6	12797	10.5	323.4
6	12913	10.6	323.4
6	13030	10.7	323.4
6	13148	10.8	323.4
6	13263	10.9	323.4
6	13379	11	323.4
6	13498	11.1	323.4
6	13610	11.2	323.4
6	13732	11.3	323.4
6	13849	11.4	323.4
6	13963	11.5	323.4
6	14083	11.6	323.4
6	14202	11.7	323.4
6	14321	11.8	323.4
6	14439	11.9	323.4
6	14553	12	323.4
6	14676	12.1	323.4
6	14793	12.2	323.4
6	14915	12.3	323.4
6	15031	12.4	323.4
6	15148	12.5	323.4
6	15268	12.6	323.4
6	15390	12.7	323.4
6	15507	12.8	323.4
6	15629	12.9	323.4
6	15751	13	323.4
6	15872	13.1	323.4
6	15994	13.2	323.4
6	16117	13.3	323.4
6	16232	13.4	323.4
6	16351	13.5	323.4
6	16469	13.6	323.4
6	16584	13.7	323.4
6	16708	13.8	323.4
6	16821	13.9	323.4
6	16942	14	323.4
6	17064	14.1	323.4
6	17183	14.2	323.4
6	17298	14.3	323.4
6	17413	14.4	323.4
6	17527	14.5	323.4
6	17643	14.6	323.4
6	17762	14.7	323.4
6	17880	14.8	323.4
6	17996	14.9	323.4
6	18116	15	323.4
6	18233	15.1	323.4
6	18355	15.2	323.4
6	18474	15.3	323.4
6	18594	15.4	323.4
6	18710	15.5	323.4
6	18829	15.6	323.4
6	18946	15.7	323.4
6	19064	15.8	323.4
6	19183	15.9	323.4
6	19303	16	323.4
6	19417	16.1	323.4
6	19537	16.2	323.4
6	19654	16.3	323.4
6	19773	16.4	323.4
6	19889	16.5	323.4
6	20009	16.6	323.4
6	20126	16.7	323.4
6	20243	16.8	323.4
6	20367	16.9	323.4
6	20485	17	323.4
6	20602	17.1	323.4
6	20715	17.2	323.4
6	20834	17.3	323.4
6	20959	17.4	323.4
6	21080	17.5	323.4
6	21199	17.6	323.4
6	21320	17.7	323.4
6	21439	17.8	323.4
6	21559	17.9	323.4
6	21677	18	323.4
6	21802	18.1	323.4
6	21920	18.2	323.4
6	22039	18.3	323.4
6	22153	18.4	323.4
6	22267	18.5	323.4
6	22388	18.6	323.4
6	22509	18.7	323.4
6	22626	18.8	323.4
6	22745	18.9	323.4
6	22863	19	323.4
6	22986	19.1	323.4
6	23105	19.2	323.4
6	23222	19.3	323.4
6	23336	19.4	323.4
6	23452	19.5	323.4
6	23568	19.6	323.4
6	23686	19.7	323.4
6	23804	19.8	323.4
6	23924	19.9	323.4
6	24045	20	323.4
6	24166	20.1	323.4
6	24284	20.2	323.4
6	24400	20.3	323.4
6	24518	20.4	323.4
6	24638	20.5	323.4
6	24759	20.6	323.4
6	24875	20.7	323.4
6	25248	20.8	323.4
6	25797	20.9	323.4
6	25815	21	323.4
6	25829	21.1	323.4
6	25843	21.2	323.4
6	25857	21.3	323.4
6	25871	21.4	323.4
6	25885	21.5	323.4
6	25899	21.6	323.4
6	25913	21.7	323.4
6	25927	21.8	323.4
6	25941	21.9	323.4
6	26019	22	323.4
6	26029	22.1	323.4
6	26039	22.2	323.4
6	26049	22.3	323.4
6	26059	22.4	323.4
6	26069	22.5	323.4
6	26079	22.6	323.4
6	26089	22.7	323.4
6	26099	22.8	323.4
6	26109	22.9	323.4
6	26119	23	323.4
6	26129	23.1	323.4
6	26139	23.2	323.4
6	26149	23.3	323.4
7	2	0.1	25
7	90	0.2	25
7	198	0.3	27.787077473398
7	304	0.4	27.787077473398
7	415	0.5	30.551213979513
7	533	0.6	30.551213979513
7	1057	0.7	33.327815257587
7	1363	0.8	33.327815257587
7	1484	0.9	36.093012638285
7	1599	1	36.093012638285
7	1714	1.1	38.871643716668
7	1835	1.2	38.871643716668
7	1956	1.3	41.623767769143
7	2072	1.4	41.623767769143
7	2194	1.5	44.410232184957
7	2311	1.6	44.410232184957
7	2426	1.7	47.204515200708
7	2542	1.8	47.204515200708
7	2661	1.9	49.959254625132
7	2785	2	49.959254625132
7	2900	2.1	52.720206595448
7	3019	2.2	52.720206595448
7	3132	2.3	55.510584519243
7	3249	2.4	55.510584519243
7	3366	2.5	58.278710787579
7	3483	2.6	58.278710787579
7	3602	2.7	61.077688393448
7	3720	2.8	61.077688393448
7	3834	2.9	63.833464372577
7	3951	3	63.833464372577
7	4069	3.1	66.583895267122
7	4182	3.2	66.583895267122
7	4303	3.3	69.338145008491
7	4429	3.4	69.338145008491
7	4537	3.5	72.102761566644
7	4656	3.6	72.102761566644
7	4774	3.7	74.901369436052
7	4893	3.8	74.901369436052
7	5015	3.9	77.676066853412
7	5133	4	77.676066853412
7	5251	4.1	80.433562659931
7	5366	4.2	80.433562659931
7	5481	4.3	83.183381265069
7	5594	4.4	83.183381265069
7	5709	4.5	85.971864636391
7	5825	4.6	85.971864636391
7	5949	4.7	88.751407902185
7	6063	4.8	88.751407902185
7	6182	4.9	91.501333444049
7	6298	5	91.501333444049
7	6415	5.1	94.297196450255
7	6532	5.2	94.297196450255
7	6648	5.3	97.073103551156
7	6766	5.4	97.073103551156
7	6887	5.5	99.854830364934
7	7002	5.6	99.854830364934
7	7120	5.7	102.64925848832
7	7237	5.8	102.64925848832
7	7357	5.9	105.44074946008
7	7474	6	105.44074946008
7	7592	6.1	108.20196960423
7	7712	6.2	108.20196960423
7	7833	6.3	110.95084492972
7	7950	6.4	110.95084492972
7	8067	6.5	113.70070900722
7	8184	6.6	113.70070900722
7	8302	6.7	116.45491634139
7	8418	6.8	116.45491634139
7	8534	6.9	119.24981331267
7	8656	7	119.24981331267
7	8774	7.1	122.02412201217
7	8892	7.2	122.02412201217
7	9010	7.3	124.81487981819
7	9131	7.4	124.81487981819
7	9246	7.5	127.59402993768
7	9366	7.6	127.59402993768
7	9483	7.7	130.37512656658
7	9606	7.8	130.37512656658
7	9725	7.9	133.1516594106
7	9843	8	133.1516594106
7	9964	8.1	135.90845613388
7	10082	8.2	135.90845613388
7	10199	8.3	138.67097053793
7	10314	8.4	138.67097053793
7	10435	8.5	141.43072289413
7	10554	8.6	141.43072289413
7	10677	8.7	144.21783894333
7	10793	8.8	144.21783894333
7	10910	8.9	147.00704621427
7	11028	9	147.00704621427
7	11145	9.1	149.77466165664
7	11266	9.2	149.77466165664
7	11387	9.3	152.56136872537
7	11510	9.4	152.56136872537
7	11634	9.5	155.35396138707
7	11751	9.6	155.35396138707
7	11865	9.7	158.13203047984
7	11983	9.8	158.13203047984
7	12102	9.9	160.92156931324
7	12217	10	160.92156931324
7	12333	10.1	163.69240424852
7	12451	10.2	163.69240424852
7	12567	10.3	166.48818092633
7	12683	10.4	166.48818092633
7	12797	10.5	169.28194497984
7	12913	10.6	169.28194497984
7	13030	10.7	172.03236442055
7	13148	10.8	172.03236442055
7	13263	10.9	174.8261126124
7	13379	11	174.8261126124
7	13498	11.1	177.62321422259
7	13610	11.2	177.62321422259
7	13732	11.3	180.37568500054
7	13849	11.4	180.37568500054
7	13963	11.5	183.14450910336
7	14083	11.6	183.14450910336
7	14202	11.7	185.91005920345
7	14321	11.8	185.91005920345
7	14439	11.9	188.67246332657
7	14553	12	188.67246332657
7	14676	12.1	191.45612395226
7	14793	12.2	191.45612395226
7	14915	12.3	194.20566888685
7	15031	12.4	194.20566888685
7	15148	12.5	196.9726538779
7	15268	12.6	196.9726538779
7	15390	12.7	199.72993226622
7	15507	12.8	199.72993226622
7	15629	12.9	202.47959345284
7	15751	13	202.47959345284
7	15872	13.1	205.25216079725
7	15994	13.2	205.25216079725
7	16117	13.3	208.01702513445
7	16232	13.4	208.01702513445
7	16351	13.5	210.79978834435
7	16469	13.6	210.79978834435
7	16584	13.7	213.5725288237
7	16708	13.8	213.5725288237
7	16821	13.9	216.35412174937
7	16942	14	216.35412174937
7	17064	14.1	219.15180001927
7	17183	14.2	219.15180001927
7	17298	14.3	221.94769044378
7	17413	14.4	221.94769044378
7	17527	14.5	224.72283511157
7	17643	14.6	224.72283511157
7	17762	14.7	227.49392756382
7	17880	14.8	227.49392756382
7	17996	14.9	230.28855996746
7	18116	15	230.28855996746
7	18233	15.1	233.07993865525
7	18355	15.2	233.07993865525
7	18474	15.3	235.87348852045
7	18594	15.4	235.87348852045
7	18710	15.5	238.65813615341
7	18829	15.6	238.65813615341
7	18946	15.7	241.41123442599
7	19064	15.8	241.41123442599
7	19183	15.9	244.16752278467
7	19303	16	244.16752278467
7	19417	16.1	246.96671604332
7	19537	16.2	246.96671604332
7	19654	16.3	249.74786281865
7	19773	16.4	249.74786281865
7	19889	16.5	252.53940669804
7	20009	16.6	252.53940669804
7	20126	16.7	255.32168437135
7	20243	16.8	255.32168437135
7	20367	16.9	258.0835300952
7	20485	17	258.0835300952
7	20602	17.1	260.84658920419
7	20715	17.2	260.84658920419
7	20834	17.3	263.6426382423
7	20959	17.4	263.6426382423
7	21080	17.5	266.44098943911
7	21199	17.6	266.44098943911
7	21320	17.7	269.22174022527
7	21439	17.8	269.22174022527
7	21559	17.9	271.99717605618
7	21677	18	271.99717605618
7	21802	18.1	274.79118372301
7	21920	18.2	274.79118372301
7	22039	18.3	277.55314173838
7	22153	18.4	277.55314173838
7	22267	18.5	280.34565217333
7	22388	18.6	280.34565217333
7	22509	18.7	283.10544495297
7	22626	18.8	283.10544495297
7	22745	18.9	285.88072245219
7	22863	19	285.88072245219
7	22986	19.1	288.66817772316
7	23105	19.2	288.66817772316
7	23222	19.3	291.42153584263
7	23336	19.4	291.42153584263
7	23452	19.5	294.20561359647
7	23568	19.6	294.20561359647
7	23686	19.7	296.92772668779
7	23804	19.8	296.92772668779
7	23924	19.9	299.50537246078
7	24045	20	299.50537246078
7	24166	20.1	301.90301823378
7	24284	20.2	301.90301823378
7	24400	20.3	304.12066400678
7	24518	20.4	304.12066400678
7	24638	20.5	306.15830977978
7	24759	20.6	306.15830977978
7	24875	20.7	308.01719167331
7	25248	20.8	308.01719167331
7	25797	20.9	309.69607356684
7	25815	21	309.69607356684
7	25829	21.1	315.69607356684
7	25843	21.2	315.69607356684
7	25857	21.3	321.69607356684
7	25871	21.4	321.69607356684
7	25885	21.5	327.69607356684
7	25899	21.6	327.69607356684
7	25913	21.7	333.69607356684
7	25927	21.8	333.69607356684
7	25941	21.9	339.69607356684
7	26019	22	339.69607356684
7	26029	22.1	345.69607356684
7	26039	22.2	345.69607356684
7	26049	22.3	351.69607356684
7	26059	22.4	351.69607356684
7	26069	22.5	357.69607356684
7	26079	22.6	357.69607356684
7	26089	22.7	363.69607356684
7	26099	22.8	363.69607356684
7	26109	22.9	369.69607356684
7	26119	23	369.69607356684
7	26129	23.1	375.69607356684
7	26139	23.2	375.69607356684
7	26149	23.3	381.69607356684
8	528	0.6	1
8	571	0.601010964367	2
8	715	0.650992742395	3
8	867	0.675412298799	4
8	1094	0.703534992686	5
8	25132	20.780348930591	6
8	25254	20.8	8
8	25254	20.8	9
8	25542	20.830449494906	10
8	25666	20.85	12
9	24964	20.748494558767	1
9	24997	20.749734558767	2
9	25039	20.751338558767	3
9	25106	20.757341558767	4
9	25207	20.795080723965	5
9	25240	20.797784840409	6
9	25292	20.802091956254	7
9	25394	20.811869121452	8
9	25425	20.813312121452	9
9	25462	20.816725237896	10
9	25494	20.818194237896	11
9	25541	20.827883353741	12
9	25573	20.832882402137	13
9	25610	20.836503518581	14
9	25728	20.856435799671	15
9	25760	20.859425916115	16
12	2	0.1	326.6
12	90	0.2	326.6
12	198	0.3	326.6
12	304	0.4	326.6
12	415	0.5	326.6
12	533	0.6	326.6
12	1057	0.7	326.6
12	1363	0.8	326.6
12	1484	0.9	326.6
12	1599	1	326.6
12	1714	1.1	326.6
12	1835	1.2	326.6
12	1956	1.3	326.6
12	2072	1.4	326.6
12	2194	1.5	326.6
12	2311	1.6	326.6
12	2426	1.7	326.6
12	2542	1.8	326.6
12	2661	1.9	326.6
12	2785	2	326.6
12	2900	2.1	326.6
12	3019	2.2	326.6
12	3132	2.3	326.6
12	3249	2.4	326.6
12	3366	2.5	326.6
12	3483	2.6	326.6
12	3602	2.7	326.6
12	3720	2.8	326.6
12	3834	2.9	326.6
12	3951	3	326.6
12	4069	3.1	326.6
12	4182	3.2	326.6
12	4303	3.3	326.6
12	4429	3.4	326.6
12	4537	3.5	326.6
12	4656	3.6	326.6
12	4774	3.7	326.6
12	4893	3.8	326.6
12	5015	3.9	326.6
12	5133	4	326.6
12	5251	4.1	326.6
12	5366	4.2	326.6
12	5481	4.3	326.6
12	5594	4.4	326.6
12	5709	4.5	326.6
12	5825	4.6	326.6
12	5949	4.7	326.6
12	6063	4.8	326.6
12	6182	4.9	326.6
12	6298	5	326.6
12	6415	5.1	326.6
12	6532	5.2	326.6
12	6648	5.3	326.6
12	6766	5.4	326.6
12	6887	5.5	326.6
12	7002	5.6	326.6
12	7120	5.7	326.6
12	7237	5.8	326.6
12	7357	5.9	326.6
12	7474	6	326.6
12	7592	6.1	326.6
12	7712	6.2	326.6
12	7833	6.3	326.6
12	7950	6.4	326.6
12	8067	6.5	326.6
12	8184	6.6	326.6
12	8302	6.7	326.6
12	8418	6.8	326.6
12	8534	6.9	326.6
12	8656	7	326.6
12	8774	7.1	326.6
12	8892	7.2	326.6
12	9010	7.3	326.6
12	9131	7.4	326.6
12	9246	7.5	326.6
12	9366	7.6	326.6
12	9483	7.7	326.6
12	9606	7.8	326.6
12	9725	7.9	326.6
12	9843	8	326.6
12	9964	8.1	326.6
12	10082	8.2	326.6
12	10199	8.3	326.6
12	10314	8.4	326.6
12	10435	8.5	326.6
12	10554	8.6	326.6
12	10677	8.7	326.6
12	10793	8.8	326.6
12	10910	8.9	326.6
12	11028	9	326.6
12	11145	9.1	326.6
12	11266	9.2	326.6
12	11387	9.3	326.6
12	11510	9.4	326.6
12	11634	9.5	326.6
12	11751	9.6	326.6
12	11865	9.7	326.6
12	11983	9.8	326.6
12	12102	9.9	326.6
12	12217	10	326.6
12	12333	10.1	326.6
12	12451	10.2	326.6
12	12567	10.3	326.6
12	12683	10.4	326.6
12	12797	10.5	326.6
12	12913	10.6	326.6
12	13030	10.7	326.6
12	13148	10.8	326.6
12	13263	10.9	326.6
12	13379	11	326.6
12	13498	11.1	326.6
12	13610	11.2	326.6
12	13732	11.3	326.6
12	13849	11.4	326.6
12	13963	11.5	326.6
12	14083	11.6	326.6
12	14202	11.7	326.6
12	14321	11.8	326.6
12	14439	11.9	326.6
12	14553	12	326.6
12	14676	12.1	326.6
12	14793	12.2	326.6
12	14915	12.3	326.6
12	15031	12.4	326.6
12	15148	12.5	326.6
12	15268	12.6	326.6
12	15390	12.7	326.6
12	15507	12.8	326.6
12	15629	12.9	326.6
12	15751	13	326.6
12	15872	13.1	326.6
12	15994	13.2	326.6
12	16117	13.3	326.6
12	16232	13.4	326.6
12	16351	13.5	326.6
12	16469	13.6	326.6
12	16584	13.7	326.6
12	16708	13.8	326.6
12	16821	13.9	326.6
12	16942	14	326.6
12	17064	14.1	326.6
12	17183	14.2	326.6
12	17298	14.3	326.6
12	17413	14.4	326.6
12	17527	14.5	326.6
12	17643	14.6	326.6
12	17762	14.7	326.6
12	17880	14.8	326.6
12	17996	14.9	326.6
12	18116	15	326.6
12	18233	15.1	326.6
12	18355	15.2	326.6
12	18474	15.3	326.6
12	18594	15.4	326.6
12	18710	15.5	326.6
12	18829	15.6	326.6
12	18946	15.7	326.6
12	19064	15.8	326.6
12	19183	15.9	326.6
12	19303	16	326.6
12	19417	16.1	326.6
12	19537	16.2	326.6
12	19654	16.3	326.6
12	19773	16.4	326.6
12	19889	16.5	326.6
12	20009	16.6	326.6
12	20126	16.7	326.6
12	20243	16.8	326.6
12	20367	16.9	326.6
12	20485	17	326.6
12	20602	17.1	326.6
12	20715	17.2	326.6
12	20834	17.3	326.6
12	20959	17.4	326.6
12	21080	17.5	326.6
12	21199	17.6	326.6
12	21320	17.7	326.6
12	21439	17.8	326.6
12	21559	17.9	326.6
12	21677	18	326.6
12	21802	18.1	326.6
12	21920	18.2	326.6
12	22039	18.3	326.6
12	22153	18.4	326.6
12	22267	18.5	326.6
12	22388	18.6	326.6
12	22509	18.7	326.6
12	22626	18.8	326.6
12	22745	18.9	326.6
12	22863	19	326.6
12	22986	19.1	326.6
12	23105	19.2	326.6
12	23222	19.3	326.6
12	23336	19.4	326.6
12	23452	19.5	326.6
12	23568	19.6	326.6
12	23686	19.7	326.6
12	23804	19.8	326.6
12	23924	19.9	326.6
12	24045	20	326.6
12	24166	20.1	326.6
12	24284	20.2	326.6
12	24400	20.3	326.6
12	24518	20.4	326.6
12	24638	20.5	326.6
12	24759	20.6	326.6
12	24875	20.7	326.6
12	25248	20.8	326.6
12	25797	20.9	326.6
12	25815	21	326.6
12	25829	21.1	326.6
12	25843	21.2	326.6
12	25857	21.3	326.6
12	25871	21.4	326.6
12	25885	21.5	326.6
12	25899	21.6	326.6
12	25913	21.7	326.6
12	25927	21.8	326.6
12	25941	21.9	326.6
12	26019	22	326.6
12	26029	22.1	326.6
12	26039	22.2	326.6
12	26049	22.3	326.6
12	26059	22.4	326.6
12	26069	22.5	326.6
12	26079	22.6	326.6
12	26089	22.7	326.6
12	26099	22.8	326.6
12	26109	22.9	326.6
12	26119	23	326.6
12	26129	23.1	326.6
12	26139	23.2	326.6
12	26149	23.3	326.6
13	2	0.1	625
13	90	0.2	625
13	198	0.3	622.20200520734
13	304	0.4	622.20200520734
13	415	0.5	619.41218492779
13	533	0.6	619.41218492779
13	1057	0.7	616.65275015169
13	1363	0.8	616.65275015169
13	1484	0.9	613.87476568141
13	1599	1	613.87476568141
13	1714	1.1	611.07958627679
13	1835	1.2	611.07958627679
13	1956	1.3	608.30132307038
13	2072	1.4	608.30132307038
13	2194	1.5	605.53423348995
13	2311	1.6	605.53423348995
13	2426	1.7	602.75751715842
13	2542	1.8	602.75751715842
13	2661	1.9	599.95823948255
13	2785	2	599.95823948255
13	2900	2.1	597.16351916592
13	3019	2.2	597.16351916592
13	3132	2.3	594.41219940962
13	3249	2.4	594.41219940962
13	3366	2.5	591.65177787948
13	3483	2.6	591.65177787948
13	3602	2.7	588.87395974755
13	3720	2.8	588.87395974755
13	3834	2.9	586.09161624334
13	3951	3	586.09161624334
13	4069	3.1	583.30477673898
13	4182	3.2	583.30477673898
13	4303	3.3	580.52601042507
13	4429	3.4	580.52601042507
13	4537	3.5	577.73588862097
13	4656	3.6	577.73588862097
13	4774	3.7	574.97798576617
13	4893	3.8	574.97798576617
13	5015	3.9	572.19955664686
13	5133	4	572.19955664686
13	5251	4.1	569.43861943366
13	5366	4.2	569.43861943366
13	5481	4.3	566.63931730535
13	5594	4.4	566.63931730535
13	5709	4.5	563.878192364
13	5825	4.6	563.878192364
13	5949	4.7	561.11191294855
13	6063	4.8	561.11191294855
13	6182	4.9	558.35605062738
13	6298	5	558.35605062738
13	6415	5.1	555.60125780219
13	6532	5.2	555.60125780219
13	6648	5.3	552.84678320837
13	6766	5.4	552.84678320837
13	6887	5.5	550.07845306504
13	7002	5.6	550.07845306504
13	7120	5.7	547.29861007133
13	7237	5.8	547.29861007133
13	7357	5.9	544.54062569799
13	7474	6	544.54062569799
13	7592	6.1	541.76093741641
13	7712	6.2	541.76093741641
13	7833	6.3	539.00391600548
13	7950	6.4	539.00391600548
13	8067	6.5	536.25254329471
13	8184	6.6	536.25254329471
13	8302	6.7	533.46667082785
13	8418	6.8	533.46667082785
13	8534	6.9	530.70774149742
13	8656	7	530.70774149742
13	8774	7.1	527.95123827237
13	8892	7.2	527.95123827237
13	9010	7.3	525.17320195076
13	9131	7.4	525.17320195076
13	9246	7.5	522.38789410148
13	9366	7.6	522.38789410148
13	9483	7.7	519.60846942739
13	9606	7.8	519.60846942739
13	9725	7.9	516.81566147466
13	9843	8	516.81566147466
13	9964	8.1	514.03686974888
13	10082	8.2	514.03686974888
13	10199	8.3	511.27403520313
13	10314	8.4	511.27403520313
13	10435	8.5	508.49058097756
13	10554	8.6	508.49058097756
13	10677	8.7	505.71515288087
13	10793	8.8	505.71515288087
13	10910	8.9	502.95994927822
13	11028	9	502.95994927822
13	11145	9.1	500.18889187916
13	11266	9.2	500.18889187916
13	11387	9.3	497.40624218364
13	11510	9.4	497.40624218364
13	11634	9.5	494.6262921136
13	11751	9.6	494.6262921136
13	11865	9.7	491.84788285944
13	11983	9.8	491.84788285944
13	12102	9.9	489.09682248573
13	12217	10	489.09682248573
13	12333	10.1	486.31905816172
13	12451	10.2	486.31905816172
13	12567	10.3	483.52328007656
13	12683	10.4	483.52328007656
13	12797	10.5	480.7751805604
13	12913	10.6	480.7751805604
13	13030	10.7	478.02287846967
13	13148	10.8	478.02287846967
13	13263	10.9	475.25947484238
13	13379	11	475.25947484238
13	13498	11.1	472.46763543278
13	13610	11.2	472.46763543278
13	13732	11.3	469.66821720185
13	13849	11.4	469.66821720185
13	13963	11.5	466.89131287101
13	14083	11.6	466.89131287101
13	14202	11.7	464.11952541871
13	14321	11.8	464.11952541871
13	14439	11.9	461.33055493287
13	14553	12	461.33055493287
13	14676	12.1	458.54121414526
13	14793	12.2	458.54121414526
13	14915	12.3	455.75029818944
13	15031	12.4	455.75029818944
13	15148	12.5	452.99503736783
13	15268	12.6	452.99503736783
13	15390	12.7	450.22180686656
13	15507	12.8	450.22180686656
13	15629	12.9	447.4674159605
13	15751	13	447.4674159605
13	15872	13.1	444.71384663238
13	15994	13.2	444.71384663238
13	16117	13.3	441.96017759851
13	16232	13.4	441.96017759851
13	16351	13.5	439.20820901422
13	16469	13.6	439.20820901422
13	16584	13.7	436.42183402579
13	16708	13.8	436.42183402579
13	16821	13.9	433.66530491051
13	16942	14	433.66530491051
13	17064	14.1	430.91433271757
13	17183	14.2	430.91433271757
13	17298	14.3	428.14031489687
13	17413	14.4	428.14031489687
13	17527	14.5	425.37226026954
13	17643	14.6	425.37226026954
13	17762	14.7	422.61495039272
13	17880	14.8	422.61495039272
13	17996	14.9	419.85778924221
13	18116	15	419.85778924221
13	18233	15.1	417.10637742645
13	18355	15.2	417.10637742645
13	18474	15.3	414.35758043319
13	18594	15.4	414.35758043319
13	18710	15.5	411.5989106504
13	18829	15.6	411.5989106504
13	18946	15.7	408.84446313902
13	19064	15.8	408.84446313902
13	19183	15.9	406.06846556424
13	19303	16	406.06846556424
13	19417	16.1	403.3045374541
13	19537	16.2	403.3045374541
13	19654	16.3	400.52287732411
13	19773	16.4	400.52287732411
13	19889	16.5	397.74432147836
13	20009	16.6	397.74432147836
13	20126	16.7	394.9499682844
13	20243	16.8	394.9499682844
13	20367	16.9	392.18230143302
13	20485	17	392.18230143302
13	20602	17.1	389.4335098125
13	20715	17.2	389.4335098125
13	20834	17.3	386.67754033463
13	20959	17.4	386.67754033463
13	21080	17.5	383.88539536511
13	21199	17.6	383.88539536511
13	21320	17.7	381.09249007192
13	21439	17.8	381.09249007192
13	21559	17.9	378.30696750252
13	21677	18	378.30696750252
13	21802	18.1	375.53095897187
13	21920	18.2	375.53095897187
13	22039	18.3	372.76731370828
13	22153	18.4	372.76731370828
13	22267	18.5	369.96905109051
13	22388	18.6	369.96905109051
13	22509	18.7	367.20273163273
13	22626	18.8	367.20273163273
13	22745	18.9	364.45018429964
13	22863	19	364.45018429964
13	22986	19.1	361.66180820011
13	23105	19.2	361.66180820011
13	23222	19.3	358.86615718771
13	23336	19.4	358.86615718771
13	23452	19.5	356.10785331137
13	23568	19.6	356.10785331137
13	23686	19.7	353.35845362923
13	23804	19.8	353.35845362923
13	23924	19.9	350.78125322723
13	24045	20	350.78125322723
13	24166	20.1	348.38405282523
13	24284	20.2	348.38405282523
13	24400	20.3	346.14021612829
13	24518	20.4	346.14021612829
13	24638	20.5	344.07637943135
13	24759	20.6	344.07637943135
13	24875	20.7	342.18948488152
13	25248	20.8	342.18948488152
13	25797	20.9	340.48259033169
13	25815	21	340.48259033169
13	25829	21.1	334.48259033169
13	25843	21.2	334.48259033169
13	25857	21.3	328.48259033169
13	25871	21.4	328.48259033169
13	25885	21.5	322.48259033169
13	25899	21.6	322.48259033169
13	25913	21.7	316.48259033169
13	25927	21.8	316.48259033169
13	25941	21.9	310.48259033169
13	26019	22	310.48259033169
13	26029	22.1	304.48259033169
13	26039	22.2	304.48259033169
13	26049	22.3	298.48259033169
13	26059	22.4	298.48259033169
13	26069	22.5	292.48259033169
13	26079	22.6	292.48259033169
13	26089	22.7	286.48259033169
13	26099	22.8	286.48259033169
13	26109	22.9	280.48259033169
13	26119	23	280.48259033169
13	26129	23.1	274.48259033169
13	26139	23.2	274.48259033169
13	26149	23.3	268.48259033169
14	530	0.6	1
14	567	0.601010389101	2
14	619	0.626000353381	3
14	875	0.675412874265	4
14	934	0.679311652265	5
14	25134	20.783016651762	6
14	25255	20.8	8
14	25255	20.8	9
14	25501	20.820582452298	10
14	25654	20.844941632782	12
14	25944	21.9	14
15	24960	20.748494524564	1
15	24993	20.749734524564	2
15	25035	20.751338524564	3
15	25102	20.757341524564	4
15	25166	20.787241641366	5
15	25244	20.797784874384	6
15	25288	20.802091922051	7
15	25325	20.806701038853	8
15	25357	20.808183038853	9
15	25466	20.816725271871	10
15	25498	20.818194271871	11
15	25537	20.827883319538	12
15	25614	20.836503552556	13
15	25643	20.83812260118	14
15	25764	20.85942595009	15
18	2	0.1	625
18	90	0.2	625
18	198	0.3	622.24466224215
18	304	0.4	622.24466224215
18	415	0.5	619.44776438072
18	533	0.6	619.44776438072
18	1057	0.7	616.66714536067
18	1363	0.8	616.66714536067
18	1484	0.9	613.88903933587
18	1599	1	613.88903933587
18	1714	1.1	611.11790603254
18	1835	1.2	611.11790603254
18	1956	1.3	608.33508621133
18	2072	1.4	608.33508621133
18	2194	1.5	605.58478035188
18	2311	1.6	605.58478035188
18	2426	1.7	602.82398813092
18	2542	1.8	602.82398813092
18	2661	1.9	600.06229495007
18	2785	2	600.06229495007
18	2900	2.1	597.30034541842
18	3019	2.2	597.30034541842
18	3132	2.3	594.54278808588
18	3249	2.4	594.54278808588
18	3366	2.5	591.76117534406
18	3483	2.6	591.76117534406
18	3602	2.7	588.96643184506
18	3720	2.8	588.96643184506
18	3834	2.9	586.19014169218
18	3951	3	586.19014169218
18	4069	3.1	583.43842307185
18	4182	3.2	583.43842307185
18	4303	3.3	580.65325645361
18	4429	3.4	580.65325645361
18	4537	3.5	577.88493013015
18	4656	3.6	577.88493013015
18	4774	3.7	575.1247611727
18	4893	3.8	575.1247611727
18	5015	3.9	572.35578195126
18	5133	4	572.35578195126
18	5251	4.1	569.59878902398
18	5366	4.2	569.59878902398
18	5481	4.3	566.80356179899
18	5594	4.4	566.80356179899
18	5709	4.5	564.00557898259
18	5825	4.6	564.00557898259
18	5949	4.7	561.22352866715
18	6063	4.8	561.22352866715
18	6182	4.9	558.43982028364
18	6298	5	558.43982028364
18	6415	5.1	555.67428341463
18	6532	5.2	555.67428341463
18	6648	5.3	552.9204717334
18	6766	5.4	552.9204717334
18	6887	5.5	550.14344083459
18	7002	5.6	550.14344083459
18	7120	5.7	547.38754834176
18	7237	5.8	547.38754834176
18	7357	5.9	544.6162257066
18	7474	6	544.6162257066
18	7592	6.1	541.85312213544
18	7712	6.2	541.85312213544
18	7833	6.3	539.08971518474
18	7950	6.4	539.08971518474
18	8067	6.5	536.32947244254
18	8184	6.6	536.32947244254
18	8302	6.7	533.56012130657
18	8418	6.8	533.56012130657
18	8534	6.9	530.76769728691
18	8656	7	530.76769728691
18	8774	7.1	527.97029379027
18	8892	7.2	527.97029379027
18	9010	7.3	525.19741310492
18	9131	7.4	525.19741310492
18	9246	7.5	522.42662628059
18	9366	7.6	522.42662628059
18	9483	7.7	519.64560566195
18	9606	7.8	519.64560566195
18	9725	7.9	516.88545630226
18	9843	8	516.88545630226
18	9964	8.1	514.13722840797
18	10082	8.2	514.13722840797
18	10199	8.3	511.38459564127
18	10314	8.4	511.38459564127
18	10435	8.5	508.60665829242
18	10554	8.6	508.60665829242
18	10677	8.7	505.81148960952
18	10793	8.8	505.81148960952
18	10910	8.9	503.06209578094
18	11028	9	503.06209578094
18	11145	9.1	500.30902689337
18	11266	9.2	500.30902689337
18	11387	9.3	497.53254458453
18	11510	9.4	497.53254458453
18	11634	9.5	494.75651452549
18	11751	9.6	494.75651452549
18	11865	9.7	491.97604028354
18	11983	9.8	491.97604028354
18	12102	9.9	489.19954524403
18	12217	10	489.19954524403
18	12333	10.1	486.39961275739
18	12451	10.2	486.39961275739
18	12567	10.3	483.65158288302
18	12683	10.4	483.65158288302
18	12797	10.5	480.86100625074
18	12913	10.6	480.86100625074
18	13030	10.7	478.06945228545
18	13148	10.8	478.06945228545
18	13263	10.9	475.31276336658
18	13379	11	475.31276336658
18	13498	11.1	472.54965063727
18	13610	11.2	472.54965063727
18	13732	11.3	469.75595526959
18	13849	11.4	469.75595526959
18	13963	11.5	466.96430772157
18	14083	11.6	466.96430772157
18	14202	11.7	464.20089375623
18	14321	11.8	464.20089375623
18	14439	11.9	461.44305414795
18	14553	12	461.44305414795
18	14676	12.1	458.6809189164
18	14793	12.2	458.6809189164
18	14915	12.3	455.88274656916
18	15031	12.4	455.88274656916
18	15148	12.5	453.13078943231
18	15268	12.6	453.13078943231
18	15390	12.7	450.35860354224
18	15507	12.8	450.35860354224
18	15629	12.9	447.58301974211
18	15751	13	447.58301974211
18	15872	13.1	444.79167774871
18	15994	13.2	444.79167774871
18	16117	13.3	442.0033400032
18	16232	13.4	442.0033400032
18	16351	13.5	439.2193773429
18	16469	13.6	439.2193773429
18	16584	13.7	436.44490341954
18	16708	13.8	436.44490341954
18	16821	13.9	433.6472466651
18	16942	14	433.6472466651
18	17064	14.1	430.88242392451
18	17183	14.2	430.88242392451
18	17298	14.3	428.09482988297
18	17413	14.4	428.09482988297
18	17527	14.5	425.32760217757
18	17643	14.6	425.32760217757
18	17762	14.7	422.56269357319
18	17880	14.8	422.56269357319
18	17996	14.9	419.78122458978
18	18116	15	419.78122458978
18	18233	15.1	417.02190849283
18	18355	15.2	417.02190849283
18	18474	15.3	414.22537430359
18	18594	15.4	414.22537430359
18	18710	15.5	411.46152478845
18	18829	15.6	411.46152478845
18	18946	15.7	408.70782750124
18	19064	15.8	408.70782750124
18	19183	15.9	405.92493313263
18	19303	16	405.92493313263
18	19417	16.1	403.16728796717
18	19537	16.2	403.16728796717
18	19654	16.3	400.39297762421
18	19773	16.4	400.39297762421
18	19889	16.5	397.62701906891
18	20009	16.6	397.62701906891
18	20126	16.7	394.85427337978
18	20243	16.8	394.85427337978
18	20367	16.9	392.08031157956
18	20485	17	392.08031157956
18	20602	17.1	389.29583572438
18	20715	17.2	389.29583572438
18	20834	17.3	386.52998420383
18	20959	17.4	386.52998420383
18	21080	17.5	383.75406582716
18	21199	17.6	383.75406582716
18	21320	17.7	380.97442796649
18	21439	17.8	380.97442796649
18	21559	17.9	378.22563674975
18	21677	18	378.22563674975
18	21802	18.1	375.44259267575
18	21920	18.2	375.44259267575
18	22039	18.3	372.66865169152
18	22153	18.4	372.66865169152
18	22267	18.5	369.89581085337
18	22388	18.6	369.89581085337
18	22509	18.7	367.11651062081
18	22626	18.8	367.11651062081
18	22745	18.9	364.33727094659
18	22863	19	364.33727094659
18	22986	19.1	361.5751220231
18	23105	19.2	361.5751220231
18	23222	19.3	358.81826815138
18	23336	19.4	358.81826815138
18	23452	19.5	356.06316136194
18	23568	19.6	356.06316136194
18	23686	19.7	353.30276370359
18	23804	19.8	353.30276370359
18	23924	19.9	350.70400693923
18	24045	20	350.70400693923
18	24166	20.1	348.28525017487
18	24284	20.2	348.28525017487
18	24400	20.3	346.04649341052
18	24518	20.4	346.04649341052
18	24638	20.5	343.98773664616
18	24759	20.6	343.98773664616
18	24875	20.7	342.1089798818
18	25248	20.8	342.1089798818
18	25797	20.9	340.41022311744
18	25815	21	340.41022311744
18	25829	21.1	338.89146635308
18	25843	21.2	338.89146635308
18	25857	21.3	337.55270958872
18	25871	21.4	337.55270958872
18	25885	21.5	336.39139707098
18	25899	21.6	336.39139707098
18	25913	21.7	335.41008455323
18	25927	21.8	335.41008455323
18	25941	21.9	334.60877203549
18	26019	22	334.60877203549
18	26029	22.1	328.60877203549
18	26039	22.2	328.60877203549
18	26049	22.3	322.60877203549
18	26059	22.4	322.60877203549
18	26069	22.5	316.60877203549
18	26079	22.6	316.60877203549
18	26089	22.7	310.60877203549
18	26099	22.8	310.60877203549
18	26109	22.9	304.60877203549
18	26119	23	304.60877203549
18	26129	23.1	298.60877203549
18	26139	23.2	298.60877203549
18	26149	23.3	292.60877203549
19	2	0.1	323.4
19	90	0.2	323.4
19	198	0.3	323.4
19	304	0.4	323.4
19	415	0.5	323.4
19	533	0.6	323.4
19	1057	0.7	323.4
19	1363	0.8	323.4
19	1484	0.9	323.4
19	1599	1	323.4
19	1714	1.1	323.4
19	1835	1.2	323.4
19	1956	1.3	323.4
19	2072	1.4	323.4
19	2194	1.5	323.4
19	2311	1.6	323.4
19	2426	1.7	323.4
19	2542	1.8	323.4
19	2661	1.9	323.4
19	2785	2	323.4
19	2900	2.1	323.4
19	3019	2.2	323.4
19	3132	2.3	323.4
19	3249	2.4	323.4
19	3366	2.5	323.4
19	3483	2.6	323.4
19	3602	2.7	323.4
19	3720	2.8	323.4
19	3834	2.9	323.4
19	3951	3	323.4
19	4069	3.1	323.4
19	4182	3.2	323.4
19	4303	3.3	323.4
19	4429	3.4	323.4
19	4537	3.5	323.4
19	4656	3.6	323.4
19	4774	3.7	323.4
19	4893	3.8	323.4
19	5015	3.9	323.4
19	5133	4	323.4
19	5251	4.1	323.4
19	5366	4.2	323.4
19	5481	4.3	323.4
19	5594	4.4	323.4
19	5709	4.5	323.4
19	5825	4.6	323.4
19	5949	4.7	323.4
19	6063	4.8	323.4
19	6182	4.9	323.4
19	6298	5	323.4
19	6415	5.1	323.4
19	6532	5.2	323.4
19	6648	5.3	323.4
19	6766	5.4	323.4
19	6887	5.5	323.4
19	7002	5.6	323.4
19	7120	5.7	323.4
19	7237	5.8	323.4
19	7357	5.9	323.4
19	7474	6	323.4
19	7592	6.1	323.4
19	7712	6.2	323.4
19	7833	6.3	323.4
19	7950	6.4	323.4
19	8067	6.5	323.4
19	8184	6.6	323.4
19	8302	6.7	323.4
19	8418	6.8	323.4
19	8534	6.9	323.4
19	8656	7	323.4
19	8774	7.1	323.4
19	8892	7.2	323.4
19	9010	7.3	323.4
19	9131	7.4	323.4
19	9246	7.5	323.4
19	9366	7.6	323.4
19	9483	7.7	323.4
19	9606	7.8	323.4
19	9725	7.9	323.4
19	9843	8	323.4
19	9964	8.1	323.4
19	10082	8.2	323.4
19	10199	8.3	323.4
19	10314	8.4	323.4
19	10435	8.5	323.4
19	10554	8.6	323.4
19	10677	8.7	323.4
19	10793	8.8	323.4
19	10910	8.9	323.4
19	11028	9	323.4
19	11145	9.1	323.4
19	11266	9.2	323.4
19	11387	9.3	323.4
19	11510	9.4	323.4
19	11634	9.5	323.4
19	11751	9.6	323.4
19	11865	9.7	323.4
19	11983	9.8	323.4
19	12102	9.9	323.4
19	12217	10	323.4
19	12333	10.1	323.4
19	12451	10.2	323.4
19	12567	10.3	323.4
19	12683	10.4	323.4
19	12797	10.5	323.4
19	12913	10.6	323.4
19	13030	10.7	323.4
19	13148	10.8	323.4
19	13263	10.9	323.4
19	13379	11	323.4
19	13498	11.1	323.4
19	13610	11.2	323.4
19	13732	11.3	323.4
19	13849	11.4	323.4
19	13963	11.5	323.4
19	14083	11.6	323.4
19	14202	11.7	323.4
19	14321	11.8	323.4
19	14439	11.9	323.4
19	14553	12	323.4
19	14676	12.1	323.4
19	14793	12.2	323.4
19	14915	12.3	323.4
19	15031	12.4	323.4
19	15148	12.5	323.4
19	15268	12.6	323.4
19	15390	12.7	323.4
19	15507	12.8	323.4
19	15629	12.9	323.4
19	15751	13	323.4
19	15872	13.1	323.4
19	15994	13.2	323.4
19	16117	13.3	323.4
19	16232	13.4	323.4
19	16351	13.5	323.4
19	16469	13.6	323.4
19	16584	13.7	323.4
19	16708	13.8	323.4
19	16821	13.9	323.4
19	16942	14	323.4
19	17064	14.1	323.4
19	17183	14.2	323.4
19	17298	14.3	323.4
19	17413	14.4	323.4
19	17527	14.5	323.4
19	17643	14.6	323.4
19	17762	14.7	323.4
19	17880	14.8	323.4
19	17996	14.9	323.4
19	18116	15	323.4
19	18233	15.1	323.4
19	18355	15.2	323.4
19	18474	15.3	323.4
19	18594	15.4	323.4
19	18710	15.5	323.4
19	18829	15.6	323.4
19	18946	15.7	323.4
19	19064	15.8	323.4
19	19183	15.9	323.4
19	19303	16	323.4
19	19417	16.1	323.4
19	19537	16.2	323.4
19	19654	16.3	323.4
19	19773	16.4	323.4
19	19889	16.5	323.4
19	20009	16.6	323.4
19	20126	16.7	323.4
19	20243	16.8	323.4
19	20367	16.9	323.4
19	20485	17	323.4
19	20602	17.1	323.4
19	20715	17.2	323.4
19	20834	17.3	323.4
19	20959	17.4	323.4
19	21080	17.5	323.4
19	21199	17.6	323.4
19	21320	17.7	323.4
19	21439	17.8	323.4
19	21559	17.9	323.4
19	21677	18	323.4
19	21802	18.1	323.4
19	21920	18.2	323.4
19	22039	18.3	323.4
19	22153	18.4	323.4
19	22267	18.5	323.4
19	22388	18.6	323.4
19	22509	18.7	323.4
19	22626	18.8	323.4
19	22745	18.9	323.4
19	22863	19	323.4
19	22986	19.1	323.4
19	23105	19.2	323.4
19	23222	19.3	323.4
19	23336	19.4	323.4
19	23452	19.5	323.4
19	23568	19.6	323.4
19	23686	19.7	323.4
19	23804	19.8	323.4
19	23924	19.9	323.4
19	24045	20	323.4
19	24166	20.1	323.4
19	24284	20.2	323.4
19	24400	20.3	323.4
19	24518	20.4	323.4
19	24638	20.5	323.4
19	24759	20.6	323.4
19	24875	20.7	323.4
19	25248	20.8	323.4
19	25797	20.9	323.4
19	25815	21	323.4
19	25829	21.1	323.4
19	25843	21.2	323.4
19	25857	21.3	323.4
19	25871	21.4	323.4
19	25885	21.5	323.4
19	25899	21.6	323.4
19	25913	21.7	323.4
19	25927	21.8	323.4
19	25941	21.9	323.4
19	26019	22	323.4
19	26029	22.1	323.4
19	26039	22.2	323.4
19	26049	22.3	323.4
19	26059	22.4	323.4
19	26069	22.5	323.4
19	26079	22.6	323.4
19	26089	22.7	323.4
19	26099	22.8	323.4
19	26109	22.9	323.4
19	26119	23	323.4
19	26129	23.1	323.4
19	26139	23.2	323.4
19	26149	23.3	323.4
20	532	0.6	1
20	563	0.6010103891	2
20	623	0.626000353382	3
20	723	0.650993317862	4
20	1126	0.704982368626	5
20	25133	20.78111802704	6
20	25256	20.8	8
20	25256	20.8	9
20	25499	20.819288103686	10
20	25651	20.842464113298	12
20	25945	21.9	14
21	24956	20.748494524452	1
21	24989	20.749734524452	2
21	25031	20.751338524452	3
21	25098	20.757341524452	4
21	25162	20.787241641301	5
21	25211	20.795080757875	6
21	25284	20.802091921939	7
21	25321	20.806701038788	8
21	25353	20.808183038788	9
21	25398	20.811869155362	10
21	25429	20.813312155362	11
21	25533	20.827883319426	12
21	25577	20.832882436047	13
21	25639	20.838122601115	14
21	25732	20.856435833581	15
24	2	0.1	25
24	90	0.2	25
24	198	0.3	27.776181142758
24	304	0.4	27.776181142758
24	415	0.5	30.552791799076
24	533	0.6	30.552791799076
24	1057	0.7	33.336757619631
24	1363	0.8	33.336757619631
24	1484	0.9	36.101578401268
24	1599	1	36.101578401268
24	1714	1.1	38.88954107501
24	1835	1.2	38.88954107501
24	1956	1.3	41.676743518375
24	2072	1.4	41.676743518375
24	2194	1.5	44.462317441319
24	2311	1.6	44.462317441319
24	2426	1.7	47.26085490862
24	2542	1.8	47.26085490862
24	2661	1.9	50.018358698368
24	2785	2	50.018358698368
24	2900	2.1	52.782162344985
24	3019	2.2	52.782162344985
24	3132	2.3	55.576372319975
24	3249	2.4	55.576372319975
24	3366	2.5	58.349499868894
24	3483	2.6	58.349499868894
24	3602	2.7	61.116925132932
24	3720	2.8	61.116925132932
24	3834	2.9	63.885472642565
24	3951	3	63.885472642565
24	4069	3.1	66.671079672267
24	4182	3.2	66.671079672267
24	4303	3.3	69.45640139685
24	4429	3.4	69.45640139685
24	4537	3.5	72.220928313766
24	4656	3.6	72.220928313766
24	4774	3.7	74.975754868843
24	4893	3.8	74.975754868843
24	5015	3.9	77.740448388102
24	5133	4	77.740448388102
24	5251	4.1	80.488714686367
24	5366	4.2	80.488714686367
24	5481	4.3	83.247285380624
24	5594	4.4	83.247285380624
24	5709	4.5	86.006680045903
24	5825	4.6	86.006680045903
24	5949	4.7	88.804298333526
24	6063	4.8	88.804298333526
24	6182	4.9	91.594351358096
24	6298	5	91.594351358096
24	6415	5.1	94.346896248057
24	6532	5.2	94.346896248057
24	6648	5.3	97.096556077292
24	6766	5.4	97.096556077292
24	6887	5.5	99.885437646132
24	7002	5.6	99.885437646132
24	7120	5.7	102.6388331588
24	7237	5.8	102.6388331588
24	7357	5.9	105.42304401916
24	7474	6	105.42304401916
24	7592	6.1	108.18597589018
24	7712	6.2	108.18597589018
24	7833	6.3	110.93454458168
24	7950	6.4	110.93454458168
24	8067	6.5	113.71442307833
24	8184	6.6	113.71442307833
24	8302	6.7	116.50475724046
24	8418	6.8	116.50475724046
24	8534	6.9	119.25279367695
24	8656	7	119.25279367695
24	8774	7.1	122.00137998519
24	8892	7.2	122.00137998519
24	9010	7.3	124.80002486335
24	9131	7.4	124.80002486335
24	9246	7.5	127.56102048336
24	9366	7.6	127.56102048336
24	9483	7.7	130.34316516553
24	9606	7.8	130.34316516553
24	9725	7.9	133.13160109117
24	9843	8	133.13160109117
24	9964	8.1	135.89446516187
24	10082	8.2	135.89446516187
24	10199	8.3	138.68677415865
24	10314	8.4	138.68677415865
24	10435	8.5	141.45878064284
24	10554	8.6	141.45878064284
24	10677	8.7	144.2319595485
24	10793	8.8	144.2319595485
24	10910	8.9	146.98776188119
24	11028	9	146.98776188119
24	11145	9.1	149.76726044877
24	11266	9.2	149.76726044877
24	11387	9.3	152.52753082473
24	11510	9.4	152.52753082473
24	11634	9.5	155.32389705816
24	11751	9.6	155.32389705816
24	11865	9.7	158.08958677745
24	11983	9.8	158.08958677745
24	12102	9.9	160.87199903744
24	12217	10	160.87199903744
24	12333	10.1	163.64982182594
24	12451	10.2	163.64982182594
24	12567	10.3	166.44924789037
24	12683	10.4	166.44924789037
24	12797	10.5	169.20946809994
24	12913	10.6	169.20946809994
24	13030	10.7	171.96955665131
24	13148	10.8	171.96955665131
24	13263	10.9	174.75470252003
24	13379	11	174.75470252003
24	13498	11.1	177.50921696941
24	13610	11.2	177.50921696941
24	13732	11.3	180.25819742092
24	13849	11.4	180.25819742092
24	13963	11.5	183.03045051611
24	14083	11.6	183.03045051611
24	14202	11.7	185.80964286014
24	14321	11.8	185.80964286014
24	14439	11.9	188.60525339696
24	14553	12	188.60525339696
24	14676	12.1	191.38154346353
24	14793	12.2	191.38154346353
24	14915	12.3	194.13867824124
24	15031	12.4	194.13867824124
24	15148	12.5	196.92778629741
24	15268	12.6	196.92778629741
24	15390	12.7	199.70154807534
24	15507	12.8	199.70154807534
24	15629	12.9	202.47108569871
24	15751	13	202.47108569871
24	15872	13.1	205.22524153012
24	15994	13.2	205.22524153012
24	16117	13.3	208.02190587005
24	16232	13.4	208.02190587005
24	16351	13.5	210.81285546324
24	16469	13.6	210.81285546324
24	16584	13.7	213.56530683169
24	16708	13.8	213.56530683169
24	16821	13.9	216.34435302167
24	16942	14	216.34435302167
24	17064	14.1	219.09313671183
24	17183	14.2	219.09313671183
24	17298	14.3	221.84986613155
24	17413	14.4	221.84986613155
24	17527	14.5	224.64176579246
24	17643	14.6	224.64176579246
24	17762	14.7	227.39087534374
24	17880	14.8	227.39087534374
24	17996	14.9	230.16800582285
24	18116	15	230.16800582285
24	18233	15.1	232.93580925485
24	18355	15.2	232.93580925485
24	18474	15.3	235.73355025846
24	18594	15.4	235.73355025846
24	18710	15.5	238.48831438457
24	18829	15.6	238.48831438457
24	18946	15.7	241.2416136662
24	19064	15.8	241.2416136662
24	19183	15.9	244.0286720672
24	19303	16	244.0286720672
24	19417	16.1	246.82448782428
24	19537	16.2	246.82448782428
24	19654	16.3	249.59105005856
24	19773	16.4	249.59105005856
24	19889	16.5	252.34033116523
24	20009	16.6	252.34033116523
24	20126	16.7	255.12470773101
24	20243	16.8	255.12470773101
24	20367	16.9	257.88190391037
24	20485	17	257.88190391037
24	20602	17.1	260.66914516186
24	20715	17.2	260.66914516186
24	20834	17.3	263.42078536106
24	20959	17.4	263.42078536106
24	21080	17.5	266.19239212926
24	21199	17.6	266.19239212926
24	21320	17.7	268.98137796813
24	21439	17.8	268.98137796813
24	21559	17.9	271.77515040407
24	21677	18	271.77515040407
24	21802	18.1	274.56792461602
24	21920	18.2	274.56792461602
24	22039	18.3	277.35008358717
24	22153	18.4	277.35008358717
24	22267	18.5	280.13456249093
24	22388	18.6	280.13456249093
24	22509	18.7	282.90170956848
24	22626	18.8	282.90170956848
24	22745	18.9	285.70002657525
24	22863	19	285.70002657525
24	22986	19.1	288.45678587546
24	23105	19.2	288.45678587546
24	23222	19.3	291.22426548128
24	23336	19.4	291.22426548128
24	23452	19.5	294.00578531078
24	23568	19.6	294.00578531078
24	23686	19.7	296.75216290388
24	23804	19.8	296.75216290388
24	23924	19.9	299.33637729836
24	24045	20	299.33637729836
24	24166	20.1	301.74145690688
24	24284	20.2	301.74145690688
24	24400	20.3	303.96653651541
24	24518	20.4	303.96653651541
24	24638	20.5	306.0168013738
24	24759	20.6	306.0168013738
24	24875	20.7	307.8870662322
24	25248	20.8	307.8870662322
24	25797	20.9	309.57733109059
24	25815	21	309.57733109059
24	25829	21.1	311.08759594898
24	25843	21.2	311.08759594898
24	25857	21.3	312.41786080738
24	25871	21.4	312.41786080738
24	25885	21.5	313.56812566577
24	25899	21.6	313.56812566577
24	25913	21.7	314.53894813847
24	25927	21.8	314.53894813847
24	25941	21.9	315.32977061116
24	26019	22	315.32977061116
24	26029	22.1	321.32977061116
24	26039	22.2	321.32977061116
24	26049	22.3	327.32977061116
24	26059	22.4	327.32977061116
24	26069	22.5	333.32977061116
24	26079	22.6	333.32977061116
24	26089	22.7	339.32977061116
24	26099	22.8	339.32977061116
24	26109	22.9	345.32977061116
24	26119	23	345.32977061116
24	26129	23.1	351.32977061116
24	26139	23.2	351.32977061116
25	2	0.1	326.6
25	90	0.2	326.6
25	198	0.3	326.6
25	304	0.4	326.6
25	415	0.5	326.6
25	533	0.6	326.6
25	1057	0.7	326.6
25	1363	0.8	326.6
25	1484	0.9	326.6
25	1599	1	326.6
25	1714	1.1	326.6
25	1835	1.2	326.6
25	1956	1.3	326.6
25	2072	1.4	326.6
25	2194	1.5	326.6
25	2311	1.6	326.6
25	2426	1.7	326.6
25	2542	1.8	326.6
25	2661	1.9	326.6
25	2785	2	326.6
25	2900	2.1	326.6
25	3019	2.2	326.6
25	3132	2.3	326.6
25	3249	2.4	326.6
25	3366	2.5	326.6
25	3483	2.6	326.6
25	3602	2.7	326.6
25	3720	2.8	326.6
25	3834	2.9	326.6
25	3951	3	326.6
25	4069	3.1	326.6
25	4182	3.2	326.6
25	4303	3.3	326.6
25	4429	3.4	326.6
25	4537	3.5	326.6
25	4656	3.6	326.6
25	4774	3.7	326.6
25	4893	3.8	326.6
25	5015	3.9	326.6
25	5133	4	326.6
25	5251	4.1	326.6
25	5366	4.2	326.6
25	5481	4.3	326.6
25	5594	4.4	326.6
25	5709	4.5	326.6
25	5825	4.6	326.6
25	5949	4.7	326.6
25	6063	4.8	326.6
25	6182	4.9	326.6
25	6298	5	326.6
25	6415	5.1	326.6
25	6532	5.2	326.6
25	6648	5.3	326.6
25	6766	5.4	326.6
25	6887	5.5	326.6
25	7002	5.6	326.6
25	7120	5.7	326.6
25	7237	5.8	326.6
25	7357	5.9	326.6
25	7474	6	326.6
25	7592	6.1	326.6
25	7712	6.2	326.6
25	7833	6.3	326.6
25	7950	6.4	326.6
25	8067	6.5	326.6
25	8184	6.6	326.6
25	8302	6.7	326.6
25	8418	6.8	326.6
25	8534	6.9	326.6
25	8656	7	326.6
25	8774	7.1	326.6
25	8892	7.2	326.6
25	9010	7.3	326.6
25	9131	7.4	326.6
25	9246	7.5	326.6
25	9366	7.6	326.6
25	9483	7.7	326.6
25	9606	7.8	326.6
25	9725	7.9	326.6
25	9843	8	326.6
25	9964	8.1	326.6
25	10082	8.2	326.6
25	10199	8.3	326.6
25	10314	8.4	326.6
25	10435	8.5	326.6
25	10554	8.6	326.6
25	10677	8.7	326.6
25	10793	8.8	326.6
25	10910	8.9	326.6
25	11028	9	326.6
25	11145	9.1	326.6
25	11266	9.2	326.6
25	11387	9.3	326.6
25	11510	9.4	326.6
25	11634	9.5	326.6
25	11751	9.6	326.6
25	11865	9.7	326.6
25	11983	9.8	326.6
25	12102	9.9	326.6
25	12217	10	326.6
25	12333	10.1	326.6
25	12451	10.2	326.6
25	12567	10.3	326.6
25	12683	10.4	326.6
25	12797	10.5	326.6
25	12913	10.6	326.6
25	13030	10.7	326.6
25	13148	10.8	326.6
25	13263	10.9	326.6
25	13379	11	326.6
25	13498	11.1	326.6
25	13610	11.2	326.6
25	13732	11.3	326.6
25	13849	11.4	326.6
25	13963	11.5	326.6
25	14083	11.6	326.6
25	14202	11.7	326.6
25	14321	11.8	326.6
25	14439	11.9	326.6
25	14553	12	326.6
25	14676	12.1	326.6
25	14793	12.2	326.6
25	14915	12.3	326.6
25	15031	12.4	326.6
25	15148	12.5	326.6
25	15268	12.6	326.6
25	15390	12.7	326.6
25	15507	12.8	326.6
25	15629	12.9	326.6
25	15751	13	326.6
25	15872	13.1	326.6
25	15994	13.2	326.6
25	16117	13.3	326.6
25	16232	13.4	326.6
25	16351	13.5	326.6
25	16469	13.6	326.6
25	16584	13.7	326.6
25	16708	13.8	326.6
25	16821	13.9	326.6
25	16942	14	326.6
25	17064	14.1	326.6
25	17183	14.2	326.6
25	17298	14.3	326.6
25	17413	14.4	326.6
25	17527	14.5	326.6
25	17643	14.6	326.6
25	17762	14.7	326.6
25	17880	14.8	326.6
25	17996	14.9	326.6
25	18116	15	326.6
25	18233	15.1	326.6
25	18355	15.2	326.6
25	18474	15.3	326.6
25	18594	15.4	326.6
25	18710	15.5	326.6
25	18829	15.6	326.6
25	18946	15.7	326.6
25	19064	15.8	326.6
25	19183	15.9	326.6
25	19303	16	326.6
25	19417	16.1	326.6
25	19537	16.2	326.6
25	19654	16.3	326.6
25	19773	16.4	326.6
25	19889	16.5	326.6
25	20009	16.6	326.6
25	20126	16.7	326.6
25	20243	16.8	326.6
25	20367	16.9	326.6
25	20485	17	326.6
25	20602	17.1	326.6
25	20715	17.2	326.6
25	20834	17.3	326.6
25	20959	17.4	326.6
25	21080	17.5	326.6
25	21199	17.6	326.6
25	21320	17.7	326.6
25	21439	17.8	326.6
25	21559	17.9	326.6
25	21677	18	326.6
25	21802	18.1	326.6
25	21920	18.2	326.6
25	22039	18.3	326.6
25	22153	18.4	326.6
25	22267	18.5	326.6
25	22388	18.6	326.6
25	22509	18.7	326.6
25	22626	18.8	326.6
25	22745	18.9	326.6
25	22863	19	326.6
25	22986	19.1	326.6
25	23105	19.2	326.6
25	23222	19.3	326.6
25	23336	19.4	326.6
25	23452	19.5	326.6
25	23568	19.6	326.6
25	23686	19.7	326.6
25	23804	19.8	326.6
25	23924	19.9	326.6
25	24045	20	326.6
25	24166	20.1	326.6
25	24284	20.2	326.6
25	24400	20.3	326.6
25	24518	20.4	326.6
25	24638	20.5	326.6
25	24759	20.6	326.6
25	24875	20.7	326.6
25	25248	20.8	326.6
25	25797	20.9	326.6
25	25815	21	326.6
25	25829	21.1	326.6
25	25843	21.2	326.6
25	25857	21.3	326.6
25	25871	21.4	326.6
25	25885	21.5	326.6
25	25899	21.6	326.6
25	25913	21.7	326.6
25	25927	21.8	326.6
25	25941	21.9	326.6
25	26019	22	326.6
25	26029	22.1	326.6
25	26039	22.2	326.6
25	26049	22.3	326.6
25	26059	22.4	326.6
25	26069	22.5	326.6
25	26079	22.6	326.6
25	26089	22.7	326.6
25	26099	22.8	326.6
25	26109	22.9	326.6
25	26119	23	326.6
25	26129	23.1	326.6
25	26139	23.2	326.6
26	90	0.2	14
26	198	0.3	13.935387366991
26	304	0.4	13.935387366991
26	415	0.5	13.820682530575
26	533	0.6	13.820682530575
26	1057	0.7	13.88300639037
26	1363	0.8	13.88300639037
26	1484	0.9	13.825986903487
26	1599	1	13.825986903487
26	1714	1.1	13.893155391915
26	1835	1.2	13.893155391915
26	1956	1.3	13.760620262376
26	2072	1.4	13.760620262376
26	2194	1.5	13.932322079069
26	2311	1.6	13.932322079069
26	2426	1.7	13.971415078756
26	2542	1.8	13.971415078756
26	2661	1.9	13.773697122121
26	2785	2	13.773697122121
26	2900	2.1	13.804759851578
26	3019	2.2	13.804759851578
26	3132	2.3	13.951889618975
26	3249	2.4	13.951889618975
26	3366	2.5	13.840631341683
26	3483	2.6	13.840631341683
26	3602	2.7	13.994888029341
26	3720	2.8	13.994888029341
26	3834	2.9	13.778879895648
26	3951	3	13.778879895648
26	4069	3.1	13.752154472726
26	4182	3.2	13.752154472726
26	4303	3.3	13.771248706845
26	4429	3.4	13.771248706845
26	4537	3.5	13.823082790761
26	4656	3.6	13.823082790761
26	4774	3.7	13.99303934704
26	4893	3.8	13.99303934704
26	5015	3.9	13.873487086804
26	5133	4	13.873487086804
26	5251	4.1	13.787479032595
26	5366	4.2	13.787479032595
26	5481	4.3	13.74909302569
26	5594	4.4	13.74909302569
26	5709	4.5	13.94241685661
26	5825	4.6	13.94241685661
26	5949	4.7	13.897716328967
26	6063	4.8	13.897716328967
26	6182	4.9	13.749627709319
26	6298	5	13.749627709319
26	6415	5.1	13.979315031031
26	6532	5.2	13.979315031031
26	6648	5.3	13.879535504505
26	6766	5.4	13.879535504505
26	6887	5.5	13.908634068891
26	7002	5.6	13.908634068891
26	7120	5.7	13.972140616914
26	7237	5.8	13.972140616914
26	7357	5.9	13.957454858804
26	7474	6	13.957454858804
26	7592	6.1	13.806100720773
26	7712	6.2	13.806100720773
26	7833	6.3	13.74437662743
26	7950	6.4	13.74437662743
26	8067	6.5	13.749320387524
26	8184	6.6	13.749320387524
26	8302	6.7	13.771036670841
26	8418	6.8	13.771036670841
26	8534	6.9	13.974484856389
26	8656	7	13.974484856389
26	8774	7.1	13.871543497485
26	8892	7.2	13.871543497485
26	9010	7.3	13.953789030113
26	9131	7.4	13.953789030113
26	9246	7.5	13.895750597469
26	9366	7.6	13.895750597469
26	9483	7.7	13.905483144489
26	9606	7.8	13.905483144489
26	9725	7.9	13.882664220077
26	9843	8	13.882664220077
26	9964	8.1	13.783983616405
26	10082	8.2	13.783983616405
26	10199	8.3	13.812572020283
26	10314	8.4	13.812572020283
26	10435	8.5	13.798761780974
26	10554	8.6	13.798761780974
26	10677	8.7	13.935580246025
26	10793	8.8	13.935580246025
26	10910	8.9	13.946036354704
26	11028	9	13.946036354704
26	11145	9.1	13.838077211841
26	11266	9.2	13.838077211841
26	11387	9.3	13.933535343651
26	11510	9.4	13.933535343651
26	11634	9.5	13.96296330851
26	11751	9.6	13.96296330851
26	11865	9.7	13.890345463832
26	11983	9.8	13.890345463832
26	12102	9.9	13.947694166978
26	12217	10	13.947694166978
26	12333	10.1	13.854174676398
26	12451	10.2	13.854174676398
26	12567	10.3	13.978883389062
26	12683	10.4	13.978883389062
26	12797	10.5	13.968820267534
26	12913	10.6	13.968820267534
26	13030	10.7	13.752097203583
26	13148	10.8	13.752097203583
26	13263	10.9	13.968740959242
26	13379	11	13.968740959242
26	13498	11.1	13.985508050937
26	13610	11.2	13.985508050937
26	13732	11.3	13.762353889775
26	13849	11.4	13.762353889775
26	13963	11.5	13.844120514072
26	14083	11.6	13.844120514072
26	14202	11.7	13.827750500487
26	14321	11.8	13.827750500487
26	14439	11.9	13.812020615591
26	14553	12	13.812020615591
26	14676	12.1	13.918303128453
26	14793	12.2	13.918303128453
26	14915	12.3	13.747724672924
26	15031	12.4	13.747724672924
26	15148	12.5	13.834924955284
26	15268	12.6	13.834924955284
26	15390	12.7	13.786391941556
26	15507	12.8	13.786391941556
26	15629	12.9	13.748305933108
26	15751	13	13.748305933108
26	15872	13.1	13.86283672208
26	15994	13.2	13.86283672208
26	16117	13.3	13.824321685969
26	16232	13.4	13.824321685969
26	16351	13.5	13.913816049518
26	16469	13.6	13.913816049518
26	16584	13.7	13.863702396764
26	16708	13.8	13.863702396764
26	16821	13.9	13.907964628325
26	16942	14	13.907964628325
26	17064	14.1	13.988391349521
26	17183	14.2	13.988391349521
26	17298	14.3	13.979452122538
26	17413	14.4	13.979452122538
26	17527	14.5	13.875723338951
26	17643	14.6	13.875723338951
26	17762	14.7	13.855462261229
26	17880	14.8	13.855462261229
26	17996	14.9	13.973162018196
26	18116	15	13.973162018196
26	18233	15.1	13.956893438981
26	18355	15.2	13.956893438981
26	18474	15.3	13.967749325978
26	18594	15.4	13.967749325978
26	18710	15.5	13.923238164829
26	18829	15.6	13.923238164829
26	18946	15.7	13.765491362903
26	19064	15.8	13.765491362903
26	19183	15.9	13.781441793405
26	19303	16	13.781441793405
26	19417	16.1	13.995966293206
26	19537	16.2	13.995966293206
26	19654	16.3	13.905733876657
26	19773	16.4	13.905733876657
26	19889	16.5	13.957719396986
26	20009	16.6	13.957719396986
26	20126	16.7	13.911388366539
26	20243	16.8	13.911388366539
26	20367	16.9	13.80922861923
26	20485	17	13.80922861923
26	20602	17.1	13.815295544956
26	20715	17.2	13.815295544956
26	20834	17.3	13.980245190565
26	20959	17.4	13.980245190565
26	21080	17.5	13.991755984048
26	21199	17.6	13.991755984048
26	21320	17.7	13.903753930768
26	21439	17.8	13.903753930768
26	21559	17.9	13.877179154567
26	21677	18	13.877179154567
26	21802	18.1	13.970038334131
26	21920	18.2	13.970038334131
26	22039	18.3	13.809790076888
26	22153	18.4	13.809790076888
26	22267	18.5	13.962552174735
26	22388	18.6	13.962552174735
26	22509	18.7	13.79896389822
26	22626	18.8	13.79896389822
26	22745	18.9	13.87638749606
26	22863	19	13.87638749606
26	22986	19.1	13.937276354865
26	23105	19.2	13.937276354865
26	23222	19.3	13.766790597336
26	23336	19.4	13.766790597336
26	23452	19.5	13.920388769233
26	23568	19.6	13.920388769233
26	23686	19.7	13.610565456565
26	23804	19.8	13.610565456565
26	23924	19.9	12.888228864992
26	24045	20	12.888228864992
26	24166	20.1	11.988228864992
26	24284	20.2	11.988228864992
26	24400	20.3	11.088228864992
26	24518	20.4	11.088228864992
26	24638	20.5	10.188228864992
26	24759	20.6	10.188228864992
26	24875	20.7	9.2944094676563
26	25248	20.8	9.2944094676563
26	25797	20.9	8.3944094676563
26	25815	21	8.3944094676563
26	25829	21.1	30
26	25843	21.2	30
26	25857	21.3	30
26	25871	21.4	30
26	25885	21.5	30
26	25899	21.6	30
26	25913	21.7	30
26	25927	21.8	30
26	25941	21.9	30
26	26019	22	30
26	26029	22.1	30
26	26039	22.2	30
26	26049	22.3	30
26	26059	22.4	30
26	26069	22.5	30
26	26079	22.6	30
26	26089	22.7	30
26	26099	22.8	30
26	26109	22.9	30
26	26119	23	30
26	26129	23.1	30
26	26139	23.2	30
26	26149	23.3	30
27	90	0.2	14
27	198	0.3	13.98997396329
27	304	0.4	13.98997396329
27	415	0.5	13.949101397758
27	533	0.6	13.949101397758
27	1057	0.7	13.797173880478
27	1363	0.8	13.797173880478
27	1484	0.9	13.889922351441
27	1599	1	13.889922351441
27	1714	1.1	13.975897023091
27	1835	1.2	13.975897023091
27	1956	1.3	13.891316032032
27	2072	1.4	13.891316032032
27	2194	1.5	13.835447902139
27	2311	1.6	13.835447902139
27	2426	1.7	13.883581657675
27	2542	1.8	13.883581657675
27	2661	1.9	13.996388379331
27	2785	2	13.996388379331
27	2900	2.1	13.973601583173
27	3019	2.2	13.973601583173
27	3132	2.3	13.756598781487
27	3249	2.4	13.756598781487
27	3366	2.5	13.802107650684
27	3483	2.6	13.802107650684
27	3602	2.7	13.889090659651
27	3720	2.8	13.889090659651
27	3834	2.9	13.911717521055
27	3951	3	13.911717521055
27	4069	3.1	13.934197521838
27	4182	3.2	13.934197521838
27	4303	3.3	13.893831569529
27	4429	3.4	13.893831569529
27	4537	3.5	13.950609020479
27	4656	3.6	13.950609020479
27	4774	3.7	13.789514274034
27	4893	3.8	13.789514274034
27	5015	3.9	13.892145596528
27	5133	4	13.892145596528
27	5251	4.1	13.804686065982
27	5366	4.2	13.804686065982
27	5481	4.3	13.996510641584
27	5594	4.4	13.996510641584
27	5709	4.5	13.805624706727
27	5825	4.6	13.805624706727
27	5949	4.7	13.831397077288
27	6063	4.8	13.831397077288
27	6182	4.9	13.779311605841
27	6298	5	13.779311605841
27	6415	5.1	13.773964125933
27	6532	5.2	13.773964125933
27	6648	5.3	13.772372969086
27	6766	5.4	13.772372969086
27	6887	5.5	13.841650716644
27	7002	5.6	13.841650716644
27	7120	5.7	13.899214968574
27	7237	5.8	13.899214968574
27	7357	5.9	13.789921866697
27	7474	6	13.789921866697
27	7592	6.1	13.898441407899
27	7712	6.2	13.898441407899
27	7833	6.3	13.785107054631
27	7950	6.4	13.785107054631
27	8067	6.5	13.756863553883
27	8184	6.6	13.756863553883
27	8302	6.7	13.929362334274
27	8418	6.8	13.929362334274
27	8534	6.9	13.794646652155
27	8656	7	13.794646652155
27	8774	7.1	13.782516125278
27	8892	7.2	13.782516125278
27	9010	7.3	13.890181608042
27	9131	7.4	13.890181608042
27	9246	7.5	13.926539246398
27	9366	7.6	13.926539246398
27	9483	7.7	13.89712337045
27	9606	7.8	13.89712337045
27	9725	7.9	13.964039763622
27	9843	8	13.964039763622
27	9964	8.1	13.893958628895
27	10082	8.2	13.893958628895
27	10199	8.3	13.814172728797
27	10314	8.4	13.814172728797
27	10435	8.5	13.917271127808
27	10554	8.6	13.917271127808
27	10677	8.7	13.877140483465
27	10793	8.8	13.877140483465
27	10910	8.9	13.776018013237
27	11028	9	13.776018013237
27	11145	9.1	13.855286995317
27	11266	9.2	13.855286995317
27	11387	9.3	13.913248477606
27	11510	9.4	13.913248477606
27	11634	9.5	13.899750350183
27	11751	9.6	13.899750350183
27	11865	9.7	13.892046270808
27	11983	9.8	13.892046270808
27	12102	9.9	13.755301868548
27	12217	10	13.755301868548
27	12333	10.1	13.888821620075
27	12451	10.2	13.888821620075
27	12567	10.3	13.978890425763
27	12683	10.4	13.978890425763
27	12797	10.5	13.740497580832
27	12913	10.6	13.740497580832
27	13030	10.7	13.761510453643
27	13148	10.8	13.761510453643
27	13263	10.9	13.817018136466
27	13379	11	13.817018136466
27	13498	11.1	13.959197047986
27	13610	11.2	13.959197047986
27	13732	11.3	13.997091154633
27	13849	11.4	13.997091154633
27	13963	11.5	13.884521654183
27	14083	11.6	13.884521654183
27	14202	11.7	13.858937261542
27	14321	11.8	13.858937261542
27	14439	11.9	13.944852429181
27	14553	12	13.944852429181
27	14676	12.1	13.946703938027
27	14793	12.2	13.946703938027
27	14915	12.3	13.954579779129
27	15031	12.4	13.954579779129
27	15148	12.5	13.776304108035
27	15268	12.6	13.776304108035
27	15390	12.7	13.866152506382
27	15507	12.8	13.866152506382
27	15629	12.9	13.771954530254
27	15751	13	13.771954530254
27	15872	13.1	13.767846640628
27	15994	13.2	13.767846640628
27	16117	13.3	13.768345169332
27	16232	13.4	13.768345169332
27	16351	13.5	13.759842921472
27	16469	13.6	13.759842921472
27	16584	13.7	13.931874942132
27	16708	13.8	13.931874942132
27	16821	13.9	13.782645576419
27	16942	14	13.782645576419
27	17064	14.1	13.754860964697
27	17183	14.2	13.754860964697
27	17298	14.3	13.870089103496
27	17413	14.4	13.870089103496
27	17527	14.5	13.840273136622
27	17643	14.6	13.840273136622
27	17762	14.7	13.786549384105
27	17880	14.8	13.786549384105
27	17996	14.9	13.785805752594
27	18116	15	13.785805752594
27	18233	15.1	13.757059078761
27	18355	15.2	13.757059078761
27	18474	15.3	13.74398496632
27	18594	15.4	13.74398496632
27	18710	15.5	13.793348913928
27	18829	15.6	13.793348913928
27	18946	15.7	13.772237556907
27	19064	15.8	13.772237556907
27	19183	15.9	13.879987873929
27	19303	16	13.879987873929
27	19417	16.1	13.819640550697
27	19537	16.2	13.819640550697
27	19654	16.3	13.90830064992
27	19773	16.4	13.90830064992
27	19889	16.5	13.892779228739
27	20009	16.6	13.892779228739
27	20126	16.7	13.971765969801
27	20243	16.8	13.971765969801
27	20367	16.9	13.838334256941
27	20485	17	13.838334256941
27	20602	17.1	13.743958102576
27	20715	17.2	13.743958102576
27	20834	17.3	13.779847389348
27	20959	17.4	13.779847389348
27	21080	17.5	13.960724847587
27	21199	17.6	13.960724847587
27	21320	17.7	13.964526465959
27	21439	17.8	13.964526465959
27	21559	17.9	13.927612846997
27	21677	18	13.927612846997
27	21802	18.1	13.880042653289
27	21920	18.2	13.880042653289
27	22039	18.3	13.818226317903
27	22153	18.4	13.818226317903
27	22267	18.5	13.991313088867
27	22388	18.6	13.991313088867
27	22509	18.7	13.831597288921
27	22626	18.8	13.831597288921
27	22745	18.9	13.762736665416
27	22863	19	13.762736665416
27	22986	19.1	13.941880497648
27	23105	19.2	13.941880497648
27	23222	19.3	13.978255062043
27	23336	19.4	13.978255062043
27	23452	19.5	13.791519381697
27	23568	19.6	13.791519381697
27	23686	19.7	13.746998410683
27	23804	19.8	13.746998410683
27	23924	19.9	12.886002010011
27	24045	20	12.886002010011
27	24166	20.1	11.986002010011
27	24284	20.2	11.986002010011
27	24400	20.3	11.219183484694
27	24518	20.4	11.219183484694
27	24638	20.5	10.319183484694
27	24759	20.6	10.319183484694
27	24875	20.7	9.4344727491365
27	25248	20.8	9.4344727491365
27	25797	20.9	8.5344727491365
27	25815	21	8.5344727491365
27	25829	21.1	30
27	25843	21.2	30
27	25857	21.3	30
27	25871	21.4	30
27	25885	21.5	30
27	25899	21.6	30
27	25913	21.7	30
27	25927	21.8	30
27	25941	21.9	30
27	26019	22	30
27	26029	22.1	30
27	26039	22.2	30
27	26049	22.3	30
27	26059	22.4	30
27	26069	22.5	30
27	26079	22.6	30
27	26089	22.7	30
27	26099	22.8	30
27	26109	22.9	30
27	26119	23	30
27	26129	23.1	30
27	26139	23.2	30
27	26149	23.3	30
28	90	0.2	14
28	198	0.3	13.776688789227
28	304	0.4	13.776688789227
28	415	0.5	13.984489307185
28	533	0.6	13.984489307185
28	1057	0.7	13.903095100219
28	1363	0.8	13.903095100219
28	1484	0.9	13.890530124018
28	1599	1	13.890530124018
28	1714	1.1	13.855666516665
28	1835	1.2	13.855666516665
28	1956	1.3	13.914099106016
28	2072	1.4	13.914099106016
28	2194	1.5	13.75152929727
28	2311	1.6	13.75152929727
28	2426	1.7	13.803961104793
28	2542	1.8	13.803961104793
28	2661	1.9	13.80846590424
28	2785	2	13.80846590424
28	2900	2.1	13.809747658246
28	3019	2.2	13.809747658246
28	3132	2.3	13.7877866627
28	3249	2.4	13.7877866627
28	3366	2.5	13.908063709117
28	3483	2.6	13.908063709117
28	3602	2.7	13.973717495021
28	3720	2.8	13.973717495021
28	3834	2.9	13.881450764383
28	3951	3	13.881450764383
28	4069	3.1	13.758593101641
28	4182	3.2	13.758593101641
28	4303	3.3	13.925833091191
28	4429	3.4	13.925833091191
28	4537	3.5	13.841631617304
28	4656	3.6	13.841631617304
28	4774	3.7	13.800844787289
28	4893	3.8	13.800844787289
28	5015	3.9	13.844896107181
28	5133	4	13.844896107181
28	5251	4.1	13.784964636383
28	5366	4.2	13.784964636383
28	5481	4.3	13.976136124968
28	5594	4.4	13.976136124968
28	5709	4.5	13.989914082019
28	5825	4.6	13.989914082019
28	5949	4.7	13.910251577166
28	6063	4.8	13.910251577166
28	6182	4.9	13.91854191754
28	6298	5	13.91854191754
28	6415	5.1	13.827684345087
28	6532	5.2	13.827684345087
28	6648	5.3	13.769058406157
28	6766	5.4	13.769058406157
28	6887	5.5	13.885154494038
28	7002	5.6	13.885154494038
28	7120	5.7	13.779462464135
28	7237	5.8	13.779462464135
28	7357	5.9	13.856613175822
28	7474	6	13.856613175822
28	7592	6.1	13.81551785579
28	7712	6.2	13.81551785579
28	7833	6.3	13.817034753468
28	7950	6.4	13.817034753468
28	8067	6.5	13.80121371103
28	8184	6.6	13.80121371103
28	8302	6.7	13.846755679841
28	8418	6.8	13.846755679841
28	8534	6.9	13.962120098299
28	8656	7	13.962120098299
28	8774	7.1	13.987017483199
28	8892	7.2	13.987017483199
28	9010	7.3	13.864403426754
28	9131	7.4	13.864403426754
28	9246	7.5	13.853934121658
28	9366	7.6	13.853934121658
28	9483	7.7	13.905103093209
28	9606	7.8	13.905103093209
28	9725	7.9	13.800746798445
28	9843	8	13.800746798445
28	9964	8.1	13.741139471419
28	10082	8.2	13.741139471419
28	10199	8.3	13.763163833534
28	10314	8.4	13.763163833534
28	10435	8.5	13.889686744246
28	10554	8.6	13.889686744246
28	10677	8.7	13.975843414497
28	10793	8.8	13.975843414497
28	10910	8.9	13.746969142887
28	11028	9	13.746969142887
28	11145	9.1	13.765344437873
28	11266	9.2	13.765344437873
28	11387	9.3	13.88241154416
28	11510	9.4	13.88241154416
28	11634	9.5	13.880150295198
28	11751	9.6	13.880150295198
28	11865	9.7	13.90237120979
28	11983	9.8	13.90237120979
28	12102	9.9	13.882475197548
28	12217	10	13.882475197548
28	12333	10.1	13.999662433164
28	12451	10.2	13.999662433164
28	12567	10.3	13.740149371894
28	12683	10.4	13.740149371894
28	12797	10.5	13.952883161362
28	12913	10.6	13.952883161362
28	13030	10.7	13.957769826474
28	13148	10.8	13.957769826474
28	13263	10.9	13.783444594345
28	13379	11	13.783444594345
28	13498	11.1	13.815563646527
28	13610	11.2	13.815563646527
28	13732	11.3	13.968476838395
28	13849	11.4	13.968476838395
28	13963	11.5	13.958237740141
28	14083	11.6	13.958237740141
28	14202	11.7	13.817069826676
28	14321	11.8	13.817069826676
28	14439	11.9	13.789198041405
28	14553	12	13.789198041405
28	14676	12.1	13.810676157763
28	14793	12.2	13.810676157763
28	14915	12.3	13.990861736205
28	15031	12.4	13.990861736205
28	15148	12.5	13.759785684231
28	15268	12.6	13.759785684231
28	15390	12.7	13.860929450346
28	15507	12.8	13.860929450346
28	15629	12.9	13.877919000643
28	15751	13	13.877919000643
28	15872	13.1	13.956709966995
28	15994	13.2	13.956709966995
28	16117	13.3	13.941688727573
28	16232	13.4	13.941688727573
28	16351	13.5	13.919813301493
28	16469	13.6	13.919813301493
28	16584	13.7	13.872369616819
28	16708	13.8	13.872369616819
28	16821	13.9	13.988283772203
28	16942	14	13.988283772203
28	17064	14.1	13.824113702909
28	17183	14.2	13.824113702909
28	17298	14.3	13.937970207711
28	17413	14.4	13.937970207711
28	17527	14.5	13.836138527025
28	17643	14.6	13.836138527025
28	17762	14.7	13.824543021871
28	17880	14.8	13.824543021871
28	17996	14.9	13.907344917087
28	18116	15	13.907344917087
28	18233	15.1	13.79658048471
28	18355	15.2	13.79658048471
28	18474	15.3	13.9826709462
28	18594	15.4	13.9826709462
28	18710	15.5	13.819247575714
28	18829	15.6	13.819247575714
28	18946	15.7	13.768486436065
28	19064	15.8	13.768486436065
28	19183	15.9	13.914471843038
28	19303	16	13.914471843038
28	19417	16.1	13.788225827292
28	19537	16.2	13.788225827292
28	19654	16.3	13.871551714819
28	19773	16.4	13.871551714819
28	19889	16.5	13.829792776508
28	20009	16.6	13.829792776508
28	20126	16.7	13.863728445633
28	20243	16.8	13.863728445633
28	20367	16.9	13.869809001093
28	20485	17	13.869809001093
28	20602	17.1	13.922379275924
28	20715	17.2	13.922379275924
28	20834	17.3	13.82925760272
28	20959	17.4	13.82925760272
28	21080	17.5	13.879591883346
28	21199	17.6	13.879591883346
28	21320	17.7	13.898189303381
28	21439	17.8	13.898189303381
28	21559	17.9	13.743956083702
28	21677	18	13.743956083702
28	21802	18.1	13.915220369971
28	21920	18.2	13.915220369971
28	22039	18.3	13.86970492118
28	22153	18.4	13.86970492118
28	22267	18.5	13.864204190718
28	22388	18.6	13.864204190718
28	22509	18.7	13.89650116283
28	22626	18.8	13.89650116283
28	22745	18.9	13.896198371062
28	22863	19	13.896198371062
28	22986	19.1	13.810744617465
28	23105	19.2	13.810744617465
28	23222	19.3	13.784269358581
28	23336	19.4	13.784269358581
28	23452	19.5	13.775533947241
28	23568	19.6	13.775533947241
28	23686	19.7	13.801988291728
28	23804	19.8	13.801988291728
28	23924	19.9	12.993783821793
28	24045	20	12.993783821793
28	24166	20.1	12.093783821793
28	24284	20.2	12.093783821793
28	24400	20.3	11.193783821793
28	24518	20.4	11.193783821793
28	24638	20.5	10.293783821793
28	24759	20.6	10.293783821793
28	24875	20.7	9.3937838217929
28	25248	20.8	9.3937838217929
28	25797	20.9	8.4937838217929
28	25815	21	8.4937838217929
28	25829	21.1	7.5937838217929
28	25843	21.2	7.5937838217929
28	25857	21.3	6.6937838217929
28	25871	21.4	6.6937838217929
28	25885	21.5	5.8065625887191
28	25899	21.6	5.8065625887191
28	25913	21.7	4.9065625887191
28	25927	21.8	4.9065625887191
28	25941	21.9	4.0065625887191
28	26019	22	4.0065625887191
28	26029	22.1	30
28	26039	22.2	30
28	26049	22.3	30
28	26059	22.4	30
28	26069	22.5	30
28	26079	22.6	30
28	26089	22.7	30
28	26099	22.8	30
28	26109	22.9	30
28	26119	23	30
28	26129	23.1	30
28	26139	23.2	30
28	26149	23.3	30
29	90	0.2	14
29	198	0.3	13.880905713788
29	304	0.4	13.880905713788
29	415	0.5	13.883053281591
29	533	0.6	13.883053281591
29	1057	0.7	13.919829102773
29	1363	0.8	13.919829102773
29	1484	0.9	13.82410390819
29	1599	1	13.82410390819
29	1714	1.1	13.939813368707
29	1835	1.2	13.939813368707
29	1956	1.3	13.936012216825
29	2072	1.4	13.936012216825
29	2194	1.5	13.927869614721
29	2311	1.6	13.927869614721
29	2426	1.7	13.992687336504
29	2542	1.8	13.992687336504
29	2661	1.9	13.78751894874
29	2785	2	13.78751894874
29	2900	2.1	13.819018233083
29	3019	2.2	13.819018233083
29	3132	2.3	13.971049874951
29	3249	2.4	13.971049874951
29	3366	2.5	13.865637744595
29	3483	2.6	13.865637744595
29	3602	2.7	13.837126320191
29	3720	2.8	13.837126320191
29	3834	2.9	13.842737548165
29	3951	3	13.842737548165
29	4069	3.1	13.928035148508
29	4182	3.2	13.928035148508
29	4303	3.3	13.926608622917
29	4429	3.4	13.926608622917
29	4537	3.5	13.822634584578
29	4656	3.6	13.822634584578
29	4774	3.7	13.774132775385
29	4893	3.8	13.774132775385
29	5015	3.9	13.823467596294
29	5133	4	13.823467596294
29	5251	4.1	13.741331491326
29	5366	4.2	13.741331491326
29	5481	4.3	13.792853471288
29	5594	4.4	13.792853471288
29	5709	4.5	13.796973326392
29	5825	4.6	13.796973326392
29	5949	4.7	13.988091438115
29	6063	4.8	13.988091438115
29	6182	4.9	13.950265122852
29	6298	5	13.950265122852
29	6415	5.1	13.762724449802
29	6532	5.2	13.762724449802
29	6648	5.3	13.748299146178
29	6766	5.4	13.748299146178
29	6887	5.5	13.944407844199
29	7002	5.6	13.944407844199
29	7120	5.7	13.766977563337
29	7237	5.8	13.766977563337
29	7357	5.9	13.921054301779
29	7474	6	13.921054301779
29	7592	6.1	13.814659355101
29	7712	6.2	13.814659355101
29	7833	6.3	13.742843457502
29	7950	6.4	13.742843457502
29	8067	6.5	13.899392483276
29	8184	6.6	13.899392483276
29	8302	6.7	13.951670810631
29	8418	6.8	13.951670810631
29	8534	6.9	13.740182182449
29	8656	7	13.740182182449
29	8774	7.1	13.742931541209
29	8892	7.2	13.742931541209
29	9010	7.3	13.993224390782
29	9131	7.4	13.993224390782
29	9246	7.5	13.804978100085
29	9366	7.6	13.804978100085
29	9483	7.7	13.91072341084
29	9606	7.8	13.91072341084
29	9725	7.9	13.942179628201
29	9843	8	13.942179628201
29	9964	8.1	13.814320353502
29	10082	8.2	13.814320353502
29	10199	8.3	13.961544983909
29	10314	8.4	13.961544983909
29	10435	8.5	13.860032420936
29	10554	8.6	13.860032420936
29	10677	8.7	13.865894528301
29	10793	8.8	13.865894528301
29	10910	8.9	13.779011663441
29	11028	9	13.779011663441
29	11145	9.1	13.897492837925
29	11266	9.2	13.897492837925
29	11387	9.3	13.801351879775
29	11510	9.4	13.801351879775
29	11634	9.5	13.981831167168
29	11751	9.6	13.981831167168
29	11865	9.7	13.82844859642
29	11983	9.8	13.82844859642
29	12102	9.9	13.91206129997
29	12217	10	13.91206129997
29	12333	10.1	13.88911394251
29	12451	10.2	13.88911394251
29	12567	10.3	13.99713032213
29	12683	10.4	13.99713032213
29	12797	10.5	13.801101047844
29	12913	10.6	13.801101047844
29	13030	10.7	13.800442756852
29	13148	10.8	13.800442756852
29	13263	10.9	13.925729343621
29	13379	11	13.925729343621
29	13498	11.1	13.772572246892
29	13610	11.2	13.772572246892
29	13732	11.3	13.744902257542
29	13849	11.4	13.744902257542
29	13963	11.5	13.861265475936
29	14083	11.6	13.861265475936
29	14202	11.7	13.895961720166
29	14321	11.8	13.895961720166
29	14439	11.9	13.978052684129
29	14553	12	13.978052684129
29	14676	12.1	13.881450332822
29	14793	12.2	13.881450332822
29	14915	12.3	13.785673888549
29	15031	12.4	13.785673888549
29	15148	12.5	13.945540280854
29	15268	12.6	13.945540280854
29	15390	12.7	13.868808889645
29	15507	12.8	13.868808889645
29	15629	12.9	13.84768811686
29	15751	13	13.84768811686
29	15872	13.1	13.770779157071
29	15994	13.2	13.770779157071
29	16117	13.3	13.983321699616
29	16232	13.4	13.983321699616
29	16351	13.5	13.954747965964
29	16469	13.6	13.954747965964
29	16584	13.7	13.762256842265
29	16708	13.8	13.762256842265
29	16821	13.9	13.895230949884
29	16942	14	13.895230949884
29	17064	14.1	13.743918450791
29	17183	14.2	13.743918450791
29	17298	14.3	13.783647098597
29	17413	14.4	13.783647098597
29	17527	14.5	13.959498304562
29	17643	14.6	13.959498304562
29	17762	14.7	13.745547756376
29	17880	14.8	13.745547756376
29	17996	14.9	13.885652395589
29	18116	15	13.885652395589
29	18233	15.1	13.839017159981
29	18355	15.2	13.839017159981
29	18474	15.3	13.988705018028
29	18594	15.4	13.988705018028
29	18710	15.5	13.773820630568
29	18829	15.6	13.773820630568
29	18946	15.7	13.766496408153
29	19064	15.8	13.766496408153
29	19183	15.9	13.935292004985
29	19303	16	13.935292004985
29	19417	16.1	13.979078785423
29	19537	16.2	13.979078785423
29	19654	16.3	13.832811171394
29	19773	16.4	13.832811171394
29	19889	16.5	13.746405533357
29	20009	16.6	13.746405533357
29	20126	16.7	13.92188282887
29	20243	16.8	13.92188282887
29	20367	16.9	13.785980896829
29	20485	17	13.785980896829
29	20602	17.1	13.936206257422
29	20715	17.2	13.936206257422
29	20834	17.3	13.758200996015
29	20959	17.4	13.758200996015
29	21080	17.5	13.858033840987
29	21199	17.6	13.858033840987
29	21320	17.7	13.944929194357
29	21439	17.8	13.944929194357
29	21559	17.9	13.968862179732
29	21677	18	13.968862179732
29	21802	18.1	13.963871059748
29	21920	18.2	13.963871059748
29	22039	18.3	13.910794855752
29	22153	18.4	13.910794855752
29	22267	18.5	13.922394518759
29	22388	18.6	13.922394518759
29	22509	18.7	13.835735387751
29	22626	18.8	13.835735387751
29	22745	18.9	13.991585033867
29	22863	19	13.991585033867
29	22986	19.1	13.783796501062
29	23105	19.2	13.783796501062
29	23222	19.3	13.8373980291
29	23336	19.4	13.8373980291
29	23452	19.5	13.907599147507
29	23568	19.6	13.907599147507
29	23686	19.7	13.73188796546
29	23804	19.8	13.73188796546
29	23924	19.9	12.921071972401
29	24045	20	12.921071972401
29	24166	20.1	12.025398042639
29	24284	20.2	12.025398042639
29	24400	20.3	11.125398042639
29	24518	20.4	11.125398042639
29	24638	20.5	10.251324291966
29	24759	20.6	10.251324291966
29	24875	20.7	9.3513242919664
29	25248	20.8	9.3513242919664
29	25797	20.9	8.4513242919664
29	25815	21	8.4513242919664
29	25829	21.1	7.5513242919664
29	25843	21.2	7.5513242919664
29	25857	21.3	6.6513242919664
29	25871	21.4	6.6513242919664
29	25885	21.5	5.7513242919664
29	25899	21.6	5.7513242919664
29	25913	21.7	4.8541123634778
29	25927	21.8	4.8541123634778
29	25941	21.9	3.9541123634778
29	26019	22	3.9541123634778
29	26029	22.1	30
29	26039	22.2	30
29	26049	22.3	30
29	26059	22.4	30
29	26069	22.5	30
29	26079	22.6	30
29	26089	22.7	30
29	26099	22.8	30
29	26109	22.9	30
29	26119	23	30
29	26129	23.1	30
29	26139	23.2	30
30	198	0.3	-0.6461263300851
30	304	0.4	0
30	415	0.5	-1.1470483641606
30	533	0.6	0
30	1057	0.7	0.62323859794997
30	1363	0.8	0
30	1484	0.9	-0.57019486883656
30	1599	1	0
30	1714	1.1	0.67168488427996
30	1835	1.2	0
30	1956	1.3	-1.3253512953874
30	2072	1.4	0
30	2194	1.5	1.7170181669295
30	2311	1.6	0
30	2426	1.7	0.39092999687417
30	2542	1.8	0
30	2661	1.9	-1.9771795663517
30	2785	2	0
30	2900	2.1	0.31062729456464
30	3019	2.2	0
30	3132	2.3	1.4712976739742
30	3249	2.4	0
30	3366	2.5	-1.1125827729236
30	3483	2.6	0
30	3602	2.7	1.5425668765791
30	3720	2.8	0
30	3834	2.9	-2.1600813369267
30	3951	3	0
30	4069	3.1	-0.2672542292159
30	4182	3.2	0
30	4303	3.3	0.19094234118239
30	4429	3.4	0
30	4537	3.5	0.51834083916619
30	4656	3.6	0
30	4774	3.7	1.6995655627921
30	4893	3.8	0
30	5015	3.9	-1.1955226023681
30	5133	4	0
30	5251	4.1	-0.86008054208943
30	5366	4.2	0
30	5481	4.3	-0.38386006904766
30	5594	4.4	0
30	5709	4.5	1.9332383092027
30	5825	4.6	0
30	5949	4.7	-0.44700527642853
30	6063	4.8	0
30	6182	4.9	-1.4808861964848
30	6298	5	0
30	6415	5.1	2.2968732171226
30	6532	5.2	0
30	6648	5.3	-0.9977952652611
30	6766	5.4	0
30	6887	5.5	0.29098564386368
30	7002	5.6	0
30	7120	5.7	0.63506548022852
30	7237	5.8	0
30	7357	5.9	-0.14685758110137
30	7474	6	0
30	7592	6.1	-1.513541380316
30	7712	6.2	0
30	7833	6.3	-0.617240933422
30	7950	6.4	0
30	8067	6.5	0.049437600933011
30	8184	6.6	0
30	8302	6.7	0.21716283317655
30	8418	6.8	0
30	8534	6.9	2.0344818554819
30	8656	7	0
30	8774	7.1	-1.0294135890435
30	8892	7.2	0
30	9010	7.3	0.8224553262815
30	9131	7.4	0
30	9246	7.5	-0.58038432644681
30	9366	7.6	0
30	9483	7.7	0.097325470205405
30	9606	7.8	0
30	9725	7.9	-0.22818924412132
30	9843	8	0
30	9964	8.1	-0.9868060367182
30	10082	8.2	0
30	10199	8.3	0.28588403877803
30	10314	8.4	0
30	10435	8.5	-0.13810239308514
30	10554	8.6	0
30	10677	8.7	1.3681846505031
30	10793	8.8	0
30	10910	8.9	0.10456108679064
30	11028	9	0
30	11145	9.1	-1.0795914286282
30	11266	9.2	0
30	11387	9.3	0.95458131809719
30	11510	9.4	0
30	11634	9.5	0.29427964859643
30	11751	9.6	0
30	11865	9.7	-0.72617844678462
30	11983	9.8	0
30	12102	9.9	0.5734870314598
30	12217	10	0
30	12333	10.1	-0.93519490580075
30	12451	10.2	0
30	12567	10.3	1.2470871266443
30	12683	10.4	0
30	12797	10.5	-0.10063121528365
30	12913	10.6	0
30	13030	10.7	-2.1672306395136
30	13148	10.8	0
30	13263	10.9	2.1664375565946
30	13379	11	0
30	13498	11.1	0.1676709169522
30	13610	11.2	0
30	13732	11.3	-2.2315416116268
30	13849	11.4	0
30	13963	11.5	0.81766624297016
30	14083	11.6	0
30	14202	11.7	-0.16370013584384
30	14321	11.8	0
30	14439	11.9	-0.15729884896427
30	14553	12	0
30	14676	12.1	1.0628251286223
30	14793	12.2	0
30	14915	12.3	-1.7057845552917
30	15031	12.4	0
30	15148	12.5	0.87200282360426
30	15268	12.6	0
30	15390	12.7	-0.48533013728447
30	15507	12.8	0
30	15629	12.9	-0.38086008448154
30	15751	13	0
30	15872	13.1	1.1453078897204
30	15994	13.2	0
30	16117	13.3	-0.38515036110766
30	16232	13.4	0
30	16351	13.5	0.89494363549164
30	16469	13.6	0
30	16584	13.7	-0.50113652753643
30	16708	13.8	0
30	16821	13.9	0.44262231560424
30	16942	14	0
30	17064	14.1	0.80426721195689
30	17183	14.2	0
30	17298	14.3	-0.089392269821822
30	17413	14.4	0
30	17527	14.5	-1.0372878358699
30	17643	14.6	0
30	17762	14.7	-0.20261077722534
30	17880	14.8	0
30	17996	14.9	1.176997569669
30	18116	15	0
30	18233	15.1	-0.16268579214811
30	18355	15.2	0
30	18474	15.3	0.10855886996724
30	18594	15.4	0
30	18710	15.5	-0.44511161148549
30	18829	15.6	0
30	18946	15.7	-1.5774680192582
30	19064	15.8	0
30	19183	15.9	0.15950430501253
30	19303	16	0
30	19417	16.1	2.1452449980192
30	19537	16.2	0
30	19654	16.3	-0.90232416549696
30	19773	16.4	0
30	19889	16.5	0.51985520329326
30	20009	16.6	0
30	20126	16.7	-0.46331030447037
30	20243	16.8	0
30	20367	16.9	-1.0215974730905
30	20485	17	0
30	20602	17.1	0.060669257259001
30	20715	17.2	0
30	20834	17.3	1.6494964560959
30	20959	17.4	0
30	21080	17.5	0.11510793482884
30	21199	17.6	0
30	21320	17.7	-0.88002053280361
30	21439	17.8	0
30	21559	17.9	-0.26574776200578
30	21677	18	0
30	21802	18.1	0.92859179563821
30	21920	18.2	0
30	22039	18.3	-1.6024825724307
30	22153	18.4	0
30	22267	18.5	1.5276209784672
30	22388	18.6	0
30	22509	18.7	-1.6358827651478
30	22626	18.8	0
30	22745	18.9	0.7742359783966
30	22863	19	0
30	22986	19.1	0.60888858805411
30	23105	19.2	0
30	23222	19.3	-1.704857575288
30	23336	19.4	0
30	23452	19.5	1.535981718963
30	23568	19.6	0
30	23686	19.7	-3.0982331266747
30	23804	19.8	0
30	23924	19.9	-7.2233659157281
30	24045	20	0
30	24166	20.1	-9
30	24284	20.2	0
30	24400	20.3	-9
30	24518	20.4	0
30	24638	20.5	-9
30	24759	20.6	0
30	24875	20.7	-8.9381939733613
30	25248	20.8	0
30	25797	20.9	-9
30	25815	21	0
30	25829	21.1	216.05590532344
30	25843	21.2	0
30	25857	21.3	0
30	25871	21.4	0
30	25885	21.5	0
30	25899	21.6	0
30	25913	21.7	0
30	25927	21.8	0
30	25941	21.9	0
30	26019	22	0
30	26029	22.1	0
30	26039	22.2	0
30	26049	22.3	0
30	26059	22.4	0
30	26069	22.5	0
30	26079	22.6	0
30	26089	22.7	0
30	26099	22.8	0
30	26109	22.9	0
30	26119	23	0
30	26129	23.1	0
30	26139	23.2	0
30	26149	23.3	0
31	198	0.3	0.973
31	304	0.4	2.0322372267253
31	415	0.5	0.973
31	533	0.6	2.0205812905667
31	1057	0.7	4.1121364136497
31	1363	0.8	2.026901883076
31	1484	0.9	0.973
31	1599	1	2.0211180747514
31	1714	1.1	4.2769031891107
31	1835	1.2	2.0279339734306
31	1956	1.3	0.973
31	2072	1.4	2.0145182146864
31	2194	1.5	7.7971385024151
31	2311	1.6	2.031924424152
31	2426	1.7	3.352223886129
31	2542	1.8	2.0359191801401
31	2661	1.9	0.973
31	2785	2	2.0158359306432
31	2900	2.1	3.0524118491557
31	3019	2.2	2.0189712647965
31	3132	2.3	6.9810217161512
31	3249	2.4	2.033922474861
31	3366	2.5	0.973
31	3483	2.6	2.0226011608629
31	3602	2.7	7.2410436930509
31	3720	2.8	2.0383234706169
31	3834	2.9	0.973
31	3951	3	2.0163585443688
31	4069	3.1	1.1279133700971
31	4182	3.2	2.0136658380208
31	4303	3.3	2.6493020989289
31	4429	3.4	2.0155891118783
31	4537	3.5	3.7476056302924
31	4656	3.6	2.0208241618883
31	4774	3.7	7.7696171167068
31	4893	3.8	2.0381339585877
31	5015	3.9	0.973
31	5133	4	2.0259345494614
31	5251	4.1	0.973
31	5366	4.2	2.0172261054655
31	5481	4.3	0.973
31	5594	4.4	2.0133577312355
31	5709	4.5	8.5288723051583
31	5825	4.6	2.0329548371509
31	5949	4.7	0.973
31	6063	4.8	2.0283980506572
31	6182	4.9	0.973
31	6298	5	2.0134115371288
31	6415	5.1	9.7749280243086
31	6532	5.2	2.0367278807812
31	6648	5.3	0.973
31	6766	5.4	2.0265490974759
31	6887	5.5	3.004887880574
31	7002	5.6	2.029509586182
31	7120	5.7	4.1744404616764
31	7237	5.8	2.0359934317175
31	7357	5.9	1.5404995925627
31	7474	6	2.0344912847565
31	7592	6.1	0.973
31	7712	6.2	2.0191067722945
31	7833	6.3	0.973
31	7950	6.4	2.0128832084416
31	8067	6.5	2.1771963635545
31	8184	6.6	2.0133806106796
31	8302	6.7	2.7362920579512
31	8418	6.8	2.0155677391996
31	8534	6.9	8.8880648161467
31	8656	7	2.0362333690594
31	8774	7.1	0.973
31	8892	7.2	2.0257371312684
31	9010	7.3	4.7999212966374
31	9131	7.4	2.0341165822178
31	9246	7.5	0.973
31	9366	7.6	2.0281980170207
31	9483	7.7	2.3553478983447
31	9606	7.8	2.0291886961462
31	9725	7.9	1.2634093085001
31	9843	8	2.0268671002995
31	9964	8.1	0.973
31	10082	8.2	2.0168733871503
31	10199	8.3	2.9714202755861
31	10314	8.4	2.019760951694
31	10435	8.5	1.559105543816
31	10554	8.6	2.018365271495
31	10677	8.7	6.6272706360446
31	10793	8.8	2.0322569118245
31	10910	8.9	2.3847537500553
31	11028	9	2.033324485097
31	11145	9.1	0.973
31	11266	9.2	2.0223423780854
31	11387	9.3	5.2375151258613
31	11510	9.4	2.0320482251441
31	11634	9.5	3.0253273667459
31	11751	9.6	2.0350545262197
31	11865	9.7	0.973
31	11983	9.8	2.0276481418383
31	12102	9.9	3.9612098614284
31	12217	10	2.0334938260578
31	12333	10.1	0.973
31	12451	10.2	2.0239741992094
31	12567	10.3	6.2380090922273
31	12683	10.4	2.0366836820611
31	12797	10.5	1.6968801148458
31	12913	10.6	2.0356536605096
31	13030	10.7	0.973
31	13148	10.8	2.0136600737469
31	13263	10.9	9.3288851587582
31	13379	11	2.0356455459394
31	13498	11.1	2.6024982577536
31	13610	11.2	2.0373621846483
31	13732	11.3	0.973
31	13849	11.4	2.014692832102
31	13963	11.5	4.7510434343471
31	14083	11.6	2.0229547624271
31	14202	11.7	1.4757678753057
31	14321	11.8	2.0212965924237
31	14439	11.9	1.4961049963905
31	14553	12	2.019705198064
31	14676	12.1	5.595540838125
31	14793	12.2	2.0304947607636
31	14915	12.3	0.973
31	15031	12.4	2.0132200420791
31	15148	12.5	4.9294696261931
31	15268	12.6	2.0220230624811
31	15390	12.7	0.973
31	15507	12.8	2.0171163983914
31	15629	12.9	0.973
31	15751	13	2.0132785290724
31	15872	13.1	5.8512622269397
31	15994	13.2	2.0248531054591
31	16117	13.3	0.973
31	16232	13.4	2.0209495372844
31	16351	13.5	5.030989035028
31	16469	13.6	2.0300374853689
31	16584	13.7	0.973
31	16708	13.8	2.0249409740004
31	16821	13.9	3.513031501675
31	16942	14	2.0294414039744
31	17064	14.1	4.7490050874044
31	17183	14.2	2.0376576003882
31	17298	14.3	1.7355750743835
31	17413	14.4	2.0367419188034
31	17527	14.5	0.973
31	17643	14.6	2.0261617305351
31	17762	14.7	1.3475537086974
31	17880	14.8	2.0241048092903
31	17996	14.9	5.9996750032151
31	18116	15	2.0360979688372
31	18233	15.1	1.4872221206335
31	18355	15.2	2.0344338925099
31	18474	15.3	2.4009779522717
31	18594	15.4	2.0355440893135
31	18710	15.5	0.973
31	18829	15.6	2.0309978665789
31	18946	15.7	0.973
31	19064	15.8	2.0150089083859
31	19183	15.9	2.5463829835926
31	19303	16	2.0166169534187
31	19417	16.1	9.2744051983798
31	19537	16.2	2.0384340177898
31	19654	16.3	0.973
31	19773	16.4	2.0292142278993
31	19889	16.5	3.7832126547041
31	20009	16.6	2.0345183285381
31	20126	16.7	0.973
31	20243	16.8	2.0297901464557
31	20367	16.9	0.973
31	20485	17	2.0194229294639
31	20602	17.1	2.2220338232654
31	20715	17.2	2.0200363668596
31	20834	17.3	7.5943710711932
31	20959	17.4	2.0368231309703
31	21080	17.5	2.4261478888963
31	21199	17.6	2.0380024141317
31	21320	17.7	0.973
31	21439	17.8	2.0290126256006
31	21559	17.9	1.137542785564
31	21677	18	2.0263096476543
31	21802	18.1	5.1621418739172
31	21920	18.2	2.0357782952973
31	22039	18.3	0.973
31	22153	18.4	2.0194796875911
31	22267	18.5	7.1754189947289
31	22388	18.6	2.0350124794976
31	22509	18.7	0.973
31	22626	18.8	2.0183856871971
31	22745	18.9	4.6154364360868
31	22863	19	2.0262292097278
31	22986	19.1	4.0776159214497
31	23105	19.2	2.0324300278806
31	23222	19.3	0.973
31	23336	19.4	2.0151398182506
31	23452	19.5	7.1836398635448
31	23568	19.6	2.0307073599786
31	23686	19.7	0.973
31	23804	19.8	1.9994906832152
31	23924	19.9	0.973
31	24045	20	1.9294945163513
31	24166	20.1	0.973
31	24284	20.2	1.847473567092
31	24400	20.3	0.973
31	24518	20.4	1.7708348693296
31	24638	20.5	0.973
31	24759	20.6	1.6991743578428
31	24875	20.7	0.973
31	25248	20.8	1.6325339895037
31	25797	20.9	0.973
31	25815	21	1.5695903956273
31	25829	21.1	1567.1356252485
31	25843	21.2	5.05142976
31	25857	21.3	5.05142976
31	25871	21.4	5.05142976
31	25885	21.5	5.05142976
31	25899	21.6	5.05142976
31	25913	21.7	5.05142976
31	25927	21.8	5.05142976
31	25941	21.9	5.05142976
31	26019	22	5.05142976
31	26029	22.1	5.05142976
31	26039	22.2	5.05142976
31	26049	22.3	5.05142976
31	26059	22.4	5.05142976
31	26069	22.5	5.05142976
31	26079	22.6	5.05142976
31	26089	22.7	5.05142976
31	26099	22.8	5.05142976
31	26109	22.9	5.05142976
31	26119	23	5.05142976
31	26129	23.1	5.05142976
31	26139	23.2	5.05142976
31	26149	23.3	5.05142976
32	198	0.3	-0.10026036710478
32	304	0.4	0
32	415	0.5	-0.40872565531172
32	533	0.6	0
32	1057	0.7	-1.5192751727998
32	1363	0.8	0
32	1484	0.9	0.92748470962979
32	1599	1	0
32	1714	1.1	0.85974671649748
32	1835	1.2	0
32	1956	1.3	-0.8458099105861
32	2072	1.4	0
32	2194	1.5	-0.55868129893208
32	2311	1.6	0
32	2426	1.7	0.48133755535819
32	2542	1.8	0
32	2661	1.9	1.1280672165565
32	2785	2	0
32	2900	2.1	-0.22786796158179
32	3019	2.2	0
32	3132	2.3	-2.1700280168559
32	3249	2.4	0
32	3366	2.5	0.45508869197219
32	3483	2.6	0
32	3602	2.7	0.86983008966781
32	3720	2.8	0
32	3834	2.9	0.22626861403698
32	3951	3	0
32	4069	3.1	0.22480000783689
32	4182	3.2	0
32	4303	3.3	-0.40365952309221
32	4429	3.4	0
32	4537	3.5	0.56777450949884
32	4656	3.6	0
32	4774	3.7	-1.6109474644531
32	4893	3.8	0
32	5015	3.9	1.0263132249471
32	5133	4	0
32	5251	4.1	-0.8745953054633
32	5366	4.2	0
32	5481	4.3	1.9182457560208
32	5594	4.4	0
32	5709	4.5	-1.9088593485765
32	5825	4.6	0
32	5949	4.7	0.25772370561027
32	6063	4.8	0
32	6182	4.9	-0.52085471446626
32	6298	5	0
32	6415	5.1	-0.053474799077957
32	6532	5.2	0
32	6648	5.3	-0.015911568468443
32	6766	5.4	0
32	6887	5.5	0.69277747557498
32	7002	5.6	0
32	7120	5.7	0.57564251930453
32	7237	5.8	0
32	7357	5.9	-1.0929310187697
32	7474	6	0
32	7592	6.1	1.0851954120211
32	7712	6.2	0
32	7833	6.3	-1.1333435326815
32	7950	6.4	0
32	8067	6.5	-0.28243500748649
32	8184	6.6	0
32	8302	6.7	1.7249878039118
32	8418	6.8	0
32	8534	6.9	-1.3471568211913
32	8656	7	0
32	8774	7.1	-0.12130526877007
32	8892	7.2	0
32	9010	7.3	1.0766548276413
32	9131	7.4	0
32	9246	7.5	0.36357638356275
32	9366	7.6	0
32	9483	7.7	-0.29415875948034
32	9606	7.8	0
32	9725	7.9	0.66916393171997
32	9843	8	0
32	9964	8.1	-0.70081134727225
32	10082	8.2	0
32	10199	8.3	-0.7978590009734
32	10314	8.4	0
32	10435	8.5	1.0309839901049
32	10554	8.6	0
32	10677	8.7	-0.40130644342861
32	10793	8.8	0
32	10910	8.9	-1.01122470228
32	11028	9	0
32	11145	9.1	0.79268982079812
32	11266	9.2	0
32	11387	9.3	0.57961482289247
32	11510	9.4	0
32	11634	9.5	-0.13498127423228
32	11751	9.6	0
32	11865	9.7	-0.077040793746708
32	11983	9.8	0
32	12102	9.9	-1.3674440226052
32	12217	10	0
32	12333	10.1	1.3351975152735
32	12451	10.2	0
32	12567	10.3	0.90068805688061
32	12683	10.4	0
32	12797	10.5	-2.3839284493122
32	12913	10.6	0
32	13030	10.7	0.21012872811406
32	13148	10.8	0
32	13263	10.9	0.55507682822645
32	13379	11	0
32	13498	11.1	1.4217891152017
32	13610	11.2	0
32	13732	11.3	0.37894106647
32	13849	11.4	0
32	13963	11.5	-1.1256950045004
32	14083	11.6	0
32	14202	11.7	-0.2558439264074
32	14321	11.8	0
32	14439	11.9	0.85915167639032
32	14553	12	0
32	14676	12.1	0.018515088455757
32	14793	12.2	0
32	14915	12.3	0.078758411016313
32	15031	12.4	0
32	15148	12.5	-1.7827567109372
32	15268	12.6	0
32	15390	12.7	0.89848398347385
32	15507	12.8	0
32	15629	12.9	-0.94197976128198
32	15751	13	0
32	15872	13.1	-0.041078896261766
32	15994	13.2	0
32	16117	13.3	0.0049852870404798
32	16232	13.4	0
32	16351	13.5	-0.085022478597239
32	16469	13.6	0
32	16584	13.7	1.7203202066012
32	16708	13.8	0
32	16821	13.9	-1.4922936571296
32	16942	14	0
32	17064	14.1	-0.27784611722454
32	17183	14.2	0
32	17298	14.3	1.1522813879885
32	17413	14.4	0
32	17527	14.5	-0.2981596687343
32	17643	14.6	0
32	17762	14.7	-0.53723752517254
32	17880	14.8	0
32	17996	14.9	-0.0074363151099455
32	18116	15	0
32	18233	15.1	-0.28746673832648
32	18355	15.2	0
32	18474	15.3	-0.13074112441391
32	18594	15.4	0
32	18710	15.5	0.49363947608509
32	18829	15.6	0
32	18946	15.7	-0.21111357021145
32	19064	15.8	0
32	19183	15.9	1.0775031702127
32	19303	16	0
32	19417	16.1	-0.60347323231399
32	19537	16.2	0
32	19654	16.3	0.88660099222324
32	19773	16.4	0
32	19889	16.5	-0.15521421181036
32	20009	16.6	0
32	20126	16.7	0.78986741062254
32	20243	16.8	0
32	20367	16.9	-1.3343171285931
32	20485	17	0
32	20602	17.1	-0.94376154365017
32	20715	17.2	0
32	20834	17.3	0.35889286771416
32	20959	17.4	0
32	21080	17.5	1.8087745823897
32	21199	17.6	0
32	21320	17.7	0.038016183720906
32	21439	17.8	0
32	21559	17.9	-0.36913618962281
32	21677	18	0
32	21802	18.1	-0.47570193707942
32	21920	18.2	0
32	22039	18.3	-0.61816335385664
32	22153	18.4	0
32	22267	18.5	1.7308677096385
32	22388	18.6	0
32	22509	18.7	-1.5971579994541
32	22626	18.8	0
32	22745	18.9	-0.68860623505898
32	22863	19	0
32	22986	19.1	1.791438322328
32	23105	19.2	0
32	23222	19.3	0.36374564394356
32	23336	19.4	0
32	23452	19.5	-1.8673568034545
32	23568	19.6	0
32	23686	19.7	-0.4452097101399
32	23804	19.8	0
32	23924	19.9	-8.6099640067262
32	24045	20	0
32	24166	20.1	-9
32	24284	20.2	0
32	24400	20.3	-7.6681852531618
32	24518	20.4	0
32	24638	20.5	-9
32	24759	20.6	0
32	24875	20.7	-8.8471073555802
32	25248	20.8	0
32	25797	20.9	-9
32	25815	21	0
32	25829	21.1	214.65527250864
32	25843	21.2	0
32	25857	21.3	0
32	25871	21.4	0
32	25885	21.5	0
32	25899	21.6	0
32	25913	21.7	0
32	25927	21.8	0
32	25941	21.9	0
32	26019	22	0
32	26029	22.1	0
32	26039	22.2	0
32	26049	22.3	0
32	26059	22.4	0
32	26069	22.5	0
32	26079	22.6	0
32	26089	22.7	0
32	26099	22.8	0
32	26109	22.9	0
32	26119	23	0
32	26129	23.1	0
32	26139	23.2	0
32	26149	23.3	0
33	198	0.3	1.6997835565252
33	304	0.4	2.0378197785335
33	415	0.5	0.973
33	533	0.6	2.0336375874811
33	1057	0.7	0.973
33	1363	0.8	2.0182048897992
33	1484	0.9	5.1323335415893
33	1599	1	2.0276051072527
33	1714	1.1	4.9321692372806
33	1835	1.2	2.0363779275346
33	1956	1.3	0.973
33	2072	1.4	2.0277468631343
33	2194	1.5	0.973
33	2311	1.6	2.0220760304005
33	2426	1.7	3.6374884733766
33	2542	1.8	2.0269603629888
33	2661	1.9	5.8435942122103
33	2785	2	2.0384772939096
33	2900	2.1	1.2687661571786
33	3019	2.2	2.0361429593786
33	3132	2.3	0.973
33	3249	2.4	2.0141132443934
33	3366	2.5	3.5324684066064
33	3483	2.6	2.018703275359
33	3602	2.7	4.9390774229504
33	3720	2.8	2.0275205202432
33	3834	2.9	2.788439874155
33	3951	3	2.0298236789455
33	4069	3.1	2.7870260569334
33	4182	3.2	2.0321157983149
33	4303	3.3	0.973
33	4429	3.4	2.0280027646666
33	4537	3.5	3.9427044685513
33	4656	3.6	2.0337916218425
33	4774	3.7	0.973
33	4893	3.8	2.0174315222816
33	5015	3.9	5.4639352004089
33	5133	4	2.0278312479945
33	5251	4.1	0.973
33	5366	4.2	2.0189638084644
33	5481	4.3	8.509037889703
33	5594	4.4	2.0384898296093
33	5709	4.5	0.973
33	5825	4.6	2.0190586650036
33	5949	4.7	2.8807534046889
33	6063	4.8	2.0216657877342
33	6182	4.9	0.973
33	6298	5	2.0164020858502
33	6415	5.1	1.8383518980548
33	6532	5.2	2.0158628494129
33	6648	5.3	1.9628896869588
33	6766	5.4	2.0157024403272
33	6887	5.5	4.3336977629897
33	7002	5.6	2.0227044572443
33	7120	5.7	3.9567865409579
33	7237	5.8	2.0285505728294
33	7357	5.9	0.973
33	7474	6	2.0174726643936
33	7592	6.1	5.6633603313718
33	7712	6.2	2.0284718424985
33	7833	6.3	0.973
33	7950	6.4	2.0169867417928
33	8067	6.5	1.0777537171926
33	8184	6.6	2.014139903653
33	8302	6.7	7.8223656751995
33	8418	6.8	2.0316224607629
33	8534	6.9	0.973
33	8656	7	2.017949673542
33	8774	7.1	1.6137994028584
33	8892	7.2	2.0167253321785
33	9010	7.3	5.6317698674826
33	9131	7.4	2.0276314759704
33	9246	7.5	3.2516044493217
33	9366	7.6	2.0313345026069
33	9483	7.7	0.973
33	9606	7.8	2.0283377078224
33	9725	7.9	4.2871244736378
33	9843	8	2.0351646216662
33	9964	8.1	0.973
33	10082	8.2	2.0280156915017
33	10199	8.3	0.973
33	10314	8.4	2.0199228157172
33	10435	8.5	5.4883741526857
33	10554	8.6	2.0303895764745
33	10677	8.7	0.973
33	10793	8.8	2.0263057182935
33	10910	8.9	0.973
33	11028	9	2.0160699362615
33	11145	9.1	4.6709767665785
33	11266	9.2	2.0240870299112
33	11387	9.3	3.9734819931173
33	11510	9.4	2.0299796555355
33	11634	9.5	1.5764394154973
33	11751	9.6	2.0286050648178
33	11865	9.7	1.7698898646922
33	11983	9.8	2.0278211441162
33	12102	9.9	0.973
33	12217	10	2.0139826692471
33	12333	10.1	6.4966743070244
33	12451	10.2	2.027493158779
33	12567	10.3	5.0710237394221
33	12683	10.4	2.0366844025846
33	12797	10.5	0.973
33	12913	10.6	2.0124930596624
33	13030	10.7	2.7115048491477
33	13148	10.8	2.0146078752065
33	13263	10.9	3.8685616837072
33	13379	11	2.0202105924476
33	13498	11.1	6.8178046941672
33	13610	11.2	2.0346693989998
33	13732	11.3	3.316830860468
33	13849	11.4	2.0385493519109
33	13963	11.5	0.973
33	14083	11.6	2.027055925636
33	14202	11.7	1.1699376631789
33	14321	11.8	2.0244573700621
33	14439	11.9	4.9205627086796
33	14553	12	2.0332035633669
33	14676	12.1	2.0956247684969
33	14793	12.2	2.0333926743409
33	14915	12.3	2.2990661674882
33	15031	12.4	2.0341973998053
33	15148	12.5	0.973
33	15268	12.6	2.0160987848352
33	15390	12.7	5.0276920399823
33	15507	12.8	2.0251896985893
33	15629	12.9	0.973
33	15751	13	2.015660259518
33	15872	13.1	1.8789443593726
33	15994	13.2	2.015246233852
33	16117	13.3	2.0318385084693
33	16232	13.4	2.0152964726586
33	16351	13.5	1.7324950014355
33	16469	13.6	2.014439925456
33	16584	13.7	7.8079947222479
33	16708	13.8	2.0318788013594
33	16821	13.9	0.973
33	16942	14	2.0167383918242
33	17064	14.1	1.0929002157117
33	17183	14.2	2.0139382813048
33	17298	14.3	5.8773105928253
33	17413	14.4	2.0255894216136
33	17527	14.5	0.973
33	17643	14.6	2.0225648647418
33	17762	14.7	0.973
33	17880	14.8	2.0171322866224
33	17996	14.9	1.9923509865657
33	18116	15	2.0170572451103
33	18233	15.1	0.973
33	18355	15.2	2.0141595908992
33	18474	15.3	1.5797899348729
33	18594	15.4	2.0128438105432
33	18710	15.5	3.6587735473673
33	18829	15.6	2.0178186383166
33	18946	15.7	1.3149797859837
33	19064	15.8	2.0156887899295
33	19183	15.9	5.6309262274098
33	19303	16	2.0265950716717
33	19417	16.1	0.973
33	19537	16.2	2.0204758711394
33	19654	16.3	5.0012738978666
33	19773	16.4	2.0294756271843
33	19889	16.5	1.5082137223632
33	20009	16.6	2.0278957058236
33	20126	16.7	4.6955931584438
33	20243	16.8	2.0359550898217
33	20367	16.9	0.973
33	20485	17	2.0223684194636
33	20602	17.1	0.973
33	20715	17.2	2.0128411083136
33	20834	17.3	3.2083189619912
33	20959	17.4	2.0164561259506
33	21080	17.5	8.1205104399711
33	21199	17.6	2.0348256142626
33	21320	17.7	2.163156001437
33	21439	17.8	2.035214402544
33	21559	17.9	0.973
33	21677	18	2.0314440038322
33	21802	18.1	0.973
33	21920	18.2	2.0266006389918
33	22039	18.3	0.973
33	22153	18.4	2.0203328033584
33	22267	18.5	7.8742810222988
33	22388	18.6	2.0379570204268
33	22509	18.7	0.973
33	22626	18.8	2.0216860609836
33	22745	18.9	0.973
33	22863	19	2.0147313897815
33	22986	19.1	8.0521206502341
33	23105	19.2	2.0329000691121
33	23222	19.3	3.2619909287066
33	23336	19.4	2.0366193460179
33	23452	19.5	0.973
33	23568	19.6	2.0176339286572
33	23686	19.7	0.973
33	23804	19.8	2.0131469684488
33	23924	19.9	0.973
33	24045	20	1.9292845991316
33	24166	20.1	0.973
33	24284	20.2	1.8472774657364
33	24400	20.3	0.973
33	24518	20.4	1.7816671243876
33	24638	20.5	0.973
33	24759	20.6	1.709307380644
33	24875	20.7	0.973
33	25248	20.8	1.6426946462366
33	25797	20.9	0.973
33	25815	21	1.5791282003511
33	25829	21.1	1557.0090499974
33	25843	21.2	5.05142976
33	25857	21.3	5.05142976
33	25871	21.4	5.05142976
33	25885	21.5	5.05142976
33	25899	21.6	5.05142976
33	25913	21.7	5.05142976
33	25927	21.8	5.05142976
33	25941	21.9	5.05142976
33	26019	22	5.05142976
33	26029	22.1	5.05142976
33	26039	22.2	5.05142976
33	26049	22.3	5.05142976
33	26059	22.4	5.05142976
33	26069	22.5	5.05142976
33	26079	22.6	5.05142976
33	26089	22.7	5.05142976
33	26099	22.8	5.05142976
33	26109	22.9	5.05142976
33	26119	23	5.05142976
33	26129	23.1	5.05142976
33	26139	23.2	5.05142976
33	26149	23.3	5.05142976
34	198	0.3	-2.2331121077295
34	304	0.4	0
34	415	0.5	2.0780051795766
34	533	0.6	0
34	1057	0.7	-0.81394206965342
34	1363	0.8	0
34	1484	0.9	-0.12564976201393
34	1599	1	0
34	1714	1.1	-0.348636073526
34	1835	1.2	0
34	1956	1.3	0.58432589350268
34	2072	1.4	0
34	2194	1.5	-1.6256980874576
34	2311	1.6	0
34	2426	1.7	0.52431807522661
34	2542	1.8	0
34	2661	1.9	0.045047994470231
34	2785	2	0
34	2900	2.1	0.012817540066319
34	3019	2.2	0
34	3132	2.3	-0.21960995546543
34	3249	2.4	0
34	3366	2.5	1.2027704641689
34	3483	2.6	0
34	3602	2.7	0.65653785904871
34	3720	2.8	0
34	3834	2.9	-0.92266730638222
34	3951	3	0
34	4069	3.1	-1.2285766274203
34	4182	3.2	0
34	4303	3.3	1.6723998954985
34	4429	3.4	0
34	4537	3.5	-0.84201473887079
34	4656	3.6	0
34	4774	3.7	-0.40786830014548
34	4893	3.8	0
34	5015	3.9	0.44051319891587
34	5133	4	0
34	5251	4.1	-0.59931470798329
34	5366	4.2	0
34	5481	4.3	1.9117148858495
34	5594	4.4	0
34	5709	4.5	0.13777957051062
34	5825	4.6	0
34	5949	4.7	-0.79662504852751
34	6063	4.8	0
34	6182	4.9	0.082903403742236
34	6298	5	0
34	6415	5.1	-0.90857572453096
34	6532	5.2	0
34	6648	5.3	-0.58625938929616
34	6766	5.4	0
34	6887	5.5	1.1609608788043
34	7002	5.6	0
34	7120	5.7	-1.0569202990271
34	7237	5.8	0
34	7357	5.9	0.77150711687283
34	7474	6	0
34	7592	6.1	-0.41095320032911
34	7712	6.2	0
34	7833	6.3	0.015168976783748
34	7950	6.4	0
34	8067	6.5	-0.15821042438036
34	8184	6.6	0
34	8302	6.7	0.45541968811303
34	8418	6.8	0
34	8534	6.9	1.1536441845819
34	8656	7	0
34	8774	7.1	0.24897384899669
34	8892	7.2	0
34	9010	7.3	-1.2261405644473
34	9131	7.4	0
34	9246	7.5	-0.10469305096194
34	9366	7.6	0
34	9483	7.7	0.5116897155065
34	9606	7.8	0
34	9725	7.9	-1.0435629476327
34	9843	8	0
34	9964	8.1	-0.59607327026315
34	10082	8.2	0
34	10199	8.3	0.22024362115189
34	10314	8.4	0
34	10435	8.5	1.2652291071136
34	10554	8.6	0
34	10677	8.7	0.86156670250929
34	10793	8.8	0
34	10910	8.9	-2.2887427160982
34	11028	9	0
34	11145	9.1	0.1837529498618
34	11266	9.2	0
34	11387	9.3	1.17067106287
34	11510	9.4	0
34	11634	9.5	-0.022612489620215
34	11751	9.6	0
34	11865	9.7	0.22220914592035
34	11983	9.8	0
34	12102	9.9	-0.19896012241952
34	12217	10	0
34	12333	10.1	1.1718723561615
34	12451	10.2	0
34	12567	10.3	-2.5951306127012
34	12683	10.4	0
34	12797	10.5	2.1273378946818
34	12913	10.6	0
34	13030	10.7	0.048866651114086
34	13148	10.8	0
34	13263	10.9	-1.7432523212861
34	13379	11	0
34	13498	11.1	0.32119052181951
34	13610	11.2	0
34	13732	11.3	1.5291319186799
34	13849	11.4	0
34	13963	11.5	-0.1023909825366
34	14083	11.6	0
34	14202	11.7	-1.4116791346576
34	14321	11.8	0
34	14439	11.9	-0.27871785270982
34	14553	12	0
34	14676	12.1	0.2147811635863
34	14793	12.2	0
34	14915	12.3	1.8018557844218
34	15031	12.4	0
34	15148	12.5	-2.3107605197467
34	15268	12.6	0
34	15390	12.7	1.0114376611542
34	15507	12.8	0
34	15629	12.9	0.16989550297149
34	15751	13	0
34	15872	13.1	0.78790966351516
34	15994	13.2	0
34	16117	13.3	-0.1502123942133
34	16232	13.4	0
34	16351	13.5	-0.21875426080079
34	16469	13.6	0
34	16584	13.7	-0.47443684674798
34	16708	13.8	0
34	16821	13.9	1.1591415538452
34	16942	14	0
34	17064	14.1	-1.6417006929405
34	17183	14.2	0
34	17298	14.3	1.1385650480166
34	17413	14.4	0
34	17527	14.5	-1.0183168068528
34	17643	14.6	0
34	17762	14.7	-0.11595505154691
34	17880	14.8	0
34	17996	14.9	0.82801895216107
34	18116	15	0
34	18233	15.1	-1.1076443237718
34	18355	15.2	0
34	18474	15.3	1.8609046149068
34	18594	15.4	0
34	18710	15.5	-1.6342337048613
34	18829	15.6	0
34	18946	15.7	-0.50761139648966
34	19064	15.8	0
34	19183	15.9	1.4598540697247
34	19303	16	0
34	19417	16.1	-1.2624601574615
34	19537	16.2	0
34	19654	16.3	0.83325887527316
34	19773	16.4	0
34	19889	16.5	-0.41758938310668
34	20009	16.6	0
34	20126	16.7	0.33935669125059
34	20243	16.8	0
34	20367	16.9	0.060805554594836
34	20485	17	0
34	20602	17.1	0.52570274830796
34	20715	17.2	0
34	20834	17.3	-0.93121673204005
34	20959	17.4	0
34	21080	17.5	0.50334280626849
34	21199	17.6	0
34	21320	17.7	0.18597420034929
34	21439	17.8	0
34	21559	17.9	-1.5423321967944
34	21677	18	0
34	21802	18.1	1.7126428626943
34	21920	18.2	0
34	22039	18.3	-0.45515448790976
34	22153	18.4	0
34	22267	18.5	-0.055007304623729
34	22388	18.6	0
34	22509	18.7	0.322969721118
34	22626	18.8	0
34	22745	18.9	-0.0030279176775316
34	22863	19	0
34	22986	19.1	-0.85453753597104
34	23105	19.2	0
34	23222	19.3	-0.2647525888402
34	23336	19.4	0
34	23452	19.5	-0.087354113394404
34	23568	19.6	0
34	23686	19.7	0.26454344486135
34	23804	19.8	0
34	23924	19.9	-8.0820446993473
34	24045	20	0
34	24166	20.1	-9
34	24284	20.2	0
34	24400	20.3	-9
34	24518	20.4	0
34	24638	20.5	-9
34	24759	20.6	0
34	24875	20.7	-9
34	25248	20.8	0
34	25797	20.9	-9
34	25815	21	0
34	25829	21.1	-9
34	25843	21.2	0
34	25857	21.3	-9
34	25871	21.4	0
34	25885	21.5	-8.8722123307376
34	25899	21.6	0
34	25913	21.7	-9
34	25927	21.8	0
34	25941	21.9	-9
34	26019	22	0
34	26029	22.1	259.93437411281
34	26039	22.2	0
34	26049	22.3	0
34	26059	22.4	0
34	26069	22.5	0
34	26079	22.6	0
34	26089	22.7	0
34	26099	22.8	0
34	26109	22.9	0
34	26119	23	0
34	26129	23.1	0
34	26139	23.2	0
34	26149	23.3	0
35	198	0.3	0.973
35	304	0.4	2.0161375754237
35	415	0.5	9.0406795546457
35	533	0.6	2.0372578220565
35	1057	0.7	0.973
35	1363	0.8	2.0289455487729
35	1484	0.9	1.6070395491377
35	1599	1	2.0276669239812
35	1714	1.1	0.973
35	1835	1.2	2.0241255297314
35	1956	1.3	3.9894851094598
35	2072	1.4	2.0300663268896
35	2194	1.5	0.973
35	2311	1.6	2.0136029139958
35	2426	1.7	3.7631681328165
35	2542	1.8	2.0188905504273
35	2661	1.9	2.1692583606275
35	2785	2	2.0193458299646
35	2900	2.1	2.0621340849118
35	3019	2.2	2.0194753993782
35	3132	2.3	1.2875247657198
35	3249	2.4	2.0172571525257
35	3366	2.5	6.0609496816769
35	3483	2.6	2.0294514950887
35	3602	2.7	4.2471549941658
35	3720	2.8	2.0361548234868
35	3834	2.9	0.973
35	3951	3	2.026743755655
35	4069	3.1	0.973
35	4182	3.2	2.0143140605721
35	4303	3.3	7.6440468789479
35	4429	3.4	2.0312624835964
35	4537	3.5	0.973
35	4656	3.6	2.0227025217765
35	4774	3.7	0.973
35	4893	3.8	2.0185756892882
35	5015	3.9	3.492858508639
35	5133	4	2.0230333756865
35	5251	4.1	0.973
35	5366	4.2	2.0169723712926
35	5481	4.3	8.4755337869703
35	5594	4.4	2.0364024050712
35	5709	4.5	2.5023470110963
35	5825	4.6	2.0378136418544
35	5949	4.7	0.973
35	6063	4.8	2.0296743428999
35	6182	4.9	2.3086076744843
35	6298	5	2.0305190999618
35	6415	5.1	0.973
35	6532	5.2	2.0212898955043
35	6648	5.3	0.973
35	6766	5.4	2.0153683517915
35	6887	5.5	5.9120694661769
35	7002	5.6	2.0271202657175
35	7120	5.7	0.973
35	7237	5.8	2.0164173014708
35	7357	5.9	4.6006262056839
35	7474	6	2.0242215665868
35	7592	6.1	0.973
35	7712	6.2	2.0200588504465
35	7833	6.3	2.0707235305621
35	7950	6.4	2.0202122732277
35	8067	6.5	1.492390453452
35	8184	6.6	2.0186129600949
35	8302	6.7	3.5429884006111
35	8418	6.8	2.0232218787163
35	8534	6.9	5.9168320884327
35	8656	7	2.0349682923759
35	8774	7.1	2.8767756098426
35	8892	7.2	2.0375168293575
35	9010	7.3	0.973
35	9131	7.4	2.0250121348379
35	9246	7.5	1.6744008371433
35	9366	7.6	2.0239497992197
35	9483	7.7	3.7438886741589
35	9606	7.8	2.0291499969084
35	9725	7.9	0.973
35	9843	8	2.0185657900643
35	9964	8.1	0.973
35	10082	8.2	2.0125576121564
35	10199	8.3	2.745305439445
35	10314	8.4	2.0147744205148
35	10435	8.5	6.2628274100998
35	10554	8.6	2.0275811443401
35	10677	8.7	4.9382826789564
35	10793	8.8	2.0363724395316
35	10910	8.9	0.973
35	11028	9	2.0131440237233
35	11145	9.1	2.624584962907
35	11266	9.2	2.0149941051431
35	11387	9.3	5.9435101476112
35	11510	9.4	2.0268414155096
35	11634	9.5	1.9509701730614
35	11751	9.6	2.0266115788904
35	11865	9.7	2.7733772538317
35	11983	9.8	2.028871851928
35	12102	9.9	1.3611916753871
35	12217	10	2.0268478859015
35	12333	10.1	5.992615020364
35	12451	10.2	2.0388130267188
35	12567	10.3	0.973
35	12683	10.4	2.0124580429273
35	12797	10.5	9.1875058033998
35	12913	10.6	2.0340240048944
35	13030	10.7	2.1989022259086
35	13148	10.8	2.0345234840143
35	13263	10.9	0.973
35	13379	11	2.0168190033794
35	13498	11.1	3.0894836529199
35	13610	11.2	2.020063481577
35	13732	11.3	7.1832926754245
35	13849	11.4	2.0356185222921
35	13963	11.5	1.6901346803305
35	14083	11.6	2.0345713204133
35	14202	11.7	0.973
35	14321	11.8	2.0202158208271
35	14439	11.9	1.0911653467065
35	14553	12	2.017399602861
35	14676	12.1	2.7344410829174
35	14793	12.2	2.0195692670037
35	14915	12.3	8.1134039122245
35	15031	12.4	2.0379107614535
35	15148	12.5	0.973
35	15268	12.6	2.0144341610379
35	15390	12.7	5.4033508536427
35	15507	12.8	2.0246595320545
35	15629	12.9	2.5946136683843
35	15751	13	2.0263848254406
35	15872	13.1	4.6846021608371
35	15994	13.2	2.0344151372536
35	16117	13.3	1.5281748070592
35	16232	13.4	2.0328804878572
35	16351	13.5	1.2967992453916
35	16469	13.6	2.0306486964816
35	16584	13.7	0.973
35	16708	13.8	2.0258210399863
35	16821	13.9	5.94531721507
35	16942	14	2.0376465771211
35	17064	14.1	0.973
35	17183	14.2	2.0209284887115
35	17298	14.3	5.8569987117137
35	17413	14.4	2.0325008534838
35	17527	14.5	0.973
35	17643	14.6	2.0221459852027
35	17762	14.7	1.6346427682833
35	17880	14.8	2.0209719375732
35	17996	14.9	4.8046246746618
35	18116	15	2.0293782897549
35	18233	15.1	0.973
35	18355	15.2	2.0181449603762
35	18474	15.3	8.307992035815
35	18594	15.4	2.0370715647208
35	18710	15.5	0.973
35	18829	15.6	2.020436115144
35	18946	15.7	0.973
35	19064	15.8	2.0153107090385
35	19183	15.9	6.9255610090837
35	19303	16	2.0301043071848
35	19417	16.1	0.973
35	19537	16.2	2.0173014757399
35	19654	16.3	4.8113590186992
35	19773	16.4	2.025737965875
35	19889	16.5	0.973
35	20009	16.6	2.0215033487815
35	20126	16.7	3.1587881304302
35	20243	16.8	2.0249436181269
35	20367	16.9	2.2288110802643
35	20485	17	2.0255609760113
35	20602	17.1	3.7947972576773
35	20715	17.2	2.0309102930276
35	20834	17.3	0.973
35	20959	17.4	2.0214491656568
35	21080	17.5	3.7102272747086
35	21199	17.6	2.0265548271581
35	21320	17.7	2.6513600038901
35	21439	17.8	2.0284461851683
35	21559	17.9	0.973
35	21677	18	2.0128409052348
35	21802	18.1	7.7736450688056
35	21920	18.2	2.030180582088
35	22039	18.3	0.973
35	22153	18.4	2.0255504064027
35	22267	18.5	1.8411974769159
35	22388	18.6	2.0249919102075
35	22509	18.7	3.1099183256675
35	22626	18.8	2.0282743913444
35	22745	18.9	2.0181031327536
35	22863	19	2.0282435800259
35	22986	19.1	0.973
35	23105	19.2	2.0195761882697
35	23222	19.3	1.1373917570445
35	23336	19.4	2.0169022175516
35	23452	19.5	1.7260138839101
35	23568	19.6	2.0160211265436
35	23686	19.7	2.8986365684975
35	23804	19.8	2.0186912160978
35	23924	19.9	0.973
35	24045	20	1.9394855286201
35	24166	20.1	0.973
35	24284	20.2	1.8568068571413
35	24400	20.3	0.973
35	24518	20.4	1.779557827256
35	24638	20.5	0.973
35	24759	20.6	1.7073343737431
35	24875	20.7	0.973
35	25248	20.8	1.6397324313814
35	25797	20.9	0.973
35	25815	21	1.5763479349498
35	25829	21.1	0.973
35	25843	21.2	1.5167768192272
35	25857	21.3	0.973
35	25871	21.4	1.4606150189925
35	25885	21.5	0.973
35	25899	21.6	1.4081940587716
35	25913	21.7	0.973
35	25927	21.8	1.3576045884417
35	25941	21.9	0.973
35	26019	22	1.3092179751089
35	26029	22.1	1884.3769545956
35	26039	22.2	5.05142976
35	26049	22.3	5.05142976
35	26059	22.4	5.05142976
35	26069	22.5	5.05142976
35	26079	22.6	5.05142976
35	26089	22.7	5.05142976
35	26099	22.8	5.05142976
35	26109	22.9	5.05142976
35	26119	23	5.05142976
35	26129	23.1	5.05142976
35	26139	23.2	5.05142976
35	26149	23.3	5.05142976
36	198	0.3	-1.1909428621177
36	304	0.4	0
36	415	0.5	0.021475678030392
36	533	0.6	0
36	1057	0.7	0.36775821181946
36	1363	0.8	0
36	1484	0.9	-0.95725194583647
36	1599	1	0
36	1714	1.1	1.1570946051739
36	1835	1.2	0
36	1956	1.3	-0.038011518819268
36	2072	1.4	0
36	2194	1.5	-0.081426021037618
36	2311	1.6	0
36	2426	1.7	0.64817721783184
36	2542	1.8	0
36	2661	1.9	-2.0516838776413
36	2785	2	0
36	2900	2.1	0.31499284342862
36	3019	2.2	0
36	3132	2.3	1.5203164186794
36	3249	2.4	0
36	3366	2.5	-1.0541213035583
36	3483	2.6	0
36	3602	2.7	-0.2851142440457
36	3720	2.8	0
36	3834	2.9	0.056112279742973
36	3951	3	0
36	4069	3.1	0.85297600342891
36	4182	3.2	0
36	4303	3.3	-0.0142652559094
36	4429	3.4	0
36	4537	3.5	-1.0397403833922
36	4656	3.6	0
36	4774	3.7	-0.48501809192821
36	4893	3.8	0
36	5015	3.9	0.49334820909426
36	5133	4	0
36	5251	4.1	-0.82136104968377
36	5366	4.2	0
36	5481	4.3	0.51521979961544
36	5594	4.4	0
36	5709	4.5	0.041198551049462
36	5825	4.6	0
36	5949	4.7	1.9111811172217
36	6063	4.8	0
36	6182	4.9	-0.37826315262356
36	6298	5	0
36	6415	5.1	-1.875406730501
36	6532	5.2	0
36	6648	5.3	-0.14425303624012
36	6766	5.4	0
36	6887	5.5	1.9610869802069
36	7002	5.6	0
36	7120	5.7	-1.7743028086144
36	7237	5.8	0
36	7357	5.9	1.5407673844136
36	7474	6	0
36	7592	6.1	-1.0639494667761
36	7712	6.2	0
36	7833	6.3	-0.71815897598864
36	7950	6.4	0
36	8067	6.5	1.56549025774
36	8184	6.6	0
36	8302	6.7	0.52278327355161
36	8418	6.8	0
36	8534	6.9	-2.1148862818256
36	8656	7	0
36	8774	7.1	0.027493587601946
36	8892	7.2	0
36	9010	7.3	2.5029284957331
36	9131	7.4	0
36	9246	7.5	-1.8824629069772
36	9366	7.6	0
36	9483	7.7	1.0574531075545
36	9606	7.8	0
36	9725	7.9	0.31456217360683
36	9843	8	0
36	9964	8.1	-1.2785927469842
36	10082	8.2	0
36	10199	8.3	1.4722463040613
36	10314	8.4	0
36	10435	8.5	-1.0151256297249
36	10554	8.6	0
36	10677	8.7	0.058621073653917
36	10793	8.8	0
36	10910	8.9	-0.86882864860817
36	11028	9	0
36	11145	9.1	1.1848117448389
36	11266	9.2	0
36	11387	9.3	-0.96140958149917
36	11510	9.4	0
36	11634	9.5	1.8047928739339
36	11751	9.6	0
36	11865	9.7	-1.5338257074822
36	11983	9.8	0
36	12102	9.9	0.83612703550607
36	12217	10	0
36	12333	10.1	-0.22947357459925
36	12451	10.2	0
36	12567	10.3	1.0801637961995
36	12683	10.4	0
36	12797	10.5	-1.960292742867
36	12913	10.6	0
36	13030	10.7	-0.0065829099155934
36	13148	10.8	0
36	13263	10.9	1.2528658676893
36	13379	11	0
36	13498	11.1	-1.5315709672868
36	13610	11.2	0
36	13732	11.3	-0.27669989350251
36	13849	11.4	0
36	13963	11.5	1.1636321839411
36	14083	11.6	0
36	14202	11.7	0.34696244229563
36	14321	11.8	0
36	14439	11.9	0.82090963963418
36	14553	12	0
36	14676	12.1	-0.96602351306938
36	14793	12.2	0
36	14915	12.3	-0.95776444273069
36	15031	12.4	0
36	15148	12.5	1.5986639230512
36	15268	12.6	0
36	15390	12.7	-0.76731391209178
36	15507	12.8	0
36	15629	12.9	-0.21120772785507
36	15751	13	0
36	15872	13.1	-0.76908959788272
36	15994	13.2	0
36	16117	13.3	2.1254254254513
36	16232	13.4	0
36	16351	13.5	-0.28573733652012
36	16469	13.6	0
36	16584	13.7	-1.9249112369958
36	16708	13.8	0
36	16821	13.9	1.3297410761938
36	16942	14	0
36	17064	14.1	-1.5131249909289
36	17183	14.2	0
36	17298	14.3	0.39728647805751
36	17413	14.4	0
36	17527	14.5	1.7585120596457
36	17643	14.6	0
36	17762	14.7	-2.1395054818597
36	17880	14.8	0
36	17996	14.9	1.4010463921353
36	18116	15	0
36	18233	15.1	-0.46635235608555
36	18355	15.2	0
36	18474	15.3	1.4968785804696
36	18594	15.4	0
36	18710	15.5	-2.1488438745961
36	18829	15.6	0
36	18946	15.7	-0.073242224147556
36	19064	15.8	0
36	19183	15.9	1.6879559683148
36	19303	16	0
36	19417	16.1	0.43786780438385
36	19537	16.2	0
36	19654	16.3	-1.4626761402935
36	19773	16.4	0
36	19889	16.5	-0.86405638037249
36	20009	16.6	0
36	20126	16.7	1.7547729551326
36	20243	16.8	0
36	20367	16.9	-1.3590193204116
36	20485	17	0
36	20602	17.1	1.5022536059376
36	20715	17.2	0
36	20834	17.3	-1.7800526140723
36	20959	17.4	0
36	21080	17.5	0.99832844971679
36	21199	17.6	0
36	21320	17.7	0.86895353370346
36	21439	17.8	0
36	21559	17.9	0.23932985374703
36	21677	18	0
36	21802	18.1	-0.049911199836057
36	21920	18.2	0
36	22039	18.3	-0.53076203996316
36	22153	18.4	0
36	22267	18.5	0.11599663007074
36	22388	18.6	0
36	22509	18.7	-0.86659131008201
36	22626	18.8	0
36	22745	18.9	1.5584964611568
36	22863	19	0
36	22986	19.1	-2.077885328047
36	23105	19.2	0
36	23222	19.3	0.53601528038271
36	23336	19.4	0
36	23452	19.5	0.70201118406839
36	23568	19.6	0
36	23686	19.7	-1.7571118204649
36	23804	19.8	0
36	23924	19.9	-8.1081599305943
36	24045	20	0
36	24166	20.1	-8.9567392976223
36	24284	20.2	0
36	24400	20.3	-9
36	24518	20.4	0
36	24638	20.5	-8.7407375067241
36	24759	20.6	0
36	24875	20.7	-9
36	25248	20.8	0
36	25797	20.9	-9
36	25815	21	0
36	25829	21.1	-9
36	25843	21.2	0
36	25857	21.3	-9
36	25871	21.4	0
36	25885	21.5	-9
36	25899	21.6	0
36	25913	21.7	-8.9721192848863
36	25927	21.8	0
36	25941	21.9	-9
36	26019	22	0
36	26029	22.1	260.45887636522
36	26039	22.2	0
36	26049	22.3	0
36	26059	22.4	0
36	26069	22.5	0
36	26079	22.6	0
36	26089	22.7	0
36	26099	22.8	0
36	26109	22.9	0
36	26119	23	0
36	26129	23.1	0
36	26139	23.2	0
37	198	0.3	0.973
37	304	0.4	2.0266883563539
37	415	0.5	2.098760313546
37	533	0.6	2.0269066497986
37	1057	0.7	3.2643609890187
37	1363	0.8	2.0306503072386
37	1484	0.9	0.973
37	1599	1	2.0209274974617
37	1714	1.1	5.9199425796313
37	1835	1.2	2.0326890137304
37	1956	1.3	1.9046363127591
37	2072	1.4	2.0323009995047
37	2194	1.5	1.758154261989
37	2311	1.6	2.0314701940151
37	2426	1.7	4.2239054929169
37	2542	1.8	2.0380978763052
37	2661	1.9	0.973
37	2785	2	2.0172301338957
37	2900	2.1	3.0694598488838
37	3019	2.2	2.0204129138457
37	3132	2.3	7.1548221858935
37	3249	2.4	2.0358818067239
37	3366	2.5	0.973
37	3483	2.6	2.0251374383589
37	3602	2.7	1.0714620508014
37	3720	2.8	2.022246047143
37	3834	2.9	2.2100107603587
37	3951	3	2.0228145979863
37	4069	3.1	4.8946344999891
37	4182	3.2	2.0314870786505
37	4303	3.3	1.9834629190875
37	4429	3.4	2.0313415783529
37	4537	3.5	0.973
37	4656	3.6	2.0207788066084
37	4774	3.7	0.973
37	4893	3.8	2.0158798525807
37	5015	3.9	3.6644308013881
37	5133	4	2.020863102701
37	5251	4.1	0.973
37	5366	4.2	2.0125769234775
37	5481	4.3	3.730399255464
37	5594	4.4	2.017768615878
37	5709	4.5	2.1551727244246
37	5825	4.6	2.0181846347349
37	5949	4.7	8.4804669388151
37	6063	4.8	2.0376268691937
37	6182	4.9	0.973
37	6298	5	2.0337564841498
37	6415	5.1	0.973
37	6532	5.2	2.0147301592635
37	6648	5.3	1.5353184774611
37	6766	5.4	2.0132778461498
37	6887	5.5	8.6235915553744
37	7002	5.6	2.0331581579157
37	7120	5.7	0.973
37	7237	5.8	2.0151586578615
37	7357	5.9	7.2000098563022
37	7474	6	2.0307752079178
37	7592	6.1	0.973
37	7712	6.2	2.0199720273726
37	7833	6.3	0.973
37	7950	6.4	2.012728990776
37	8067	6.5	7.2725752488912
37	8184	6.6	2.0285686403123
37	8302	6.7	3.791681849109
37	8418	6.8	2.033900115876
37	8534	6.9	0.973
37	8656	7	2.0124613423969
37	8774	7.1	2.1037978910362
37	8892	7.2	2.0127378504074
37	9010	7.3	10.478946584634
37	9131	7.4	2.0381529265889
37	9246	7.5	0.973
37	9366	7.6	2.0189933199323
37	9483	7.7	5.5748173923868
37	9606	7.8	2.029722406898
37	9725	7.9	3.0898800545037
37	9843	8	2.0329306132957
37	9964	8.1	0.973
37	10082	8.2	2.0199377445503
37	10199	8.3	6.988624232818
37	10314	8.4	2.0349094794459
37	10435	8.5	0.973
37	10554	8.6	2.0245685001353
37	10677	8.7	2.2210564110767
37	10793	8.8	2.0251635075912
37	10910	8.9	0.973
37	11028	9	2.0163718340706
37	11145	9.1	5.9966602765215
37	11266	9.2	2.0283753066182
37	11387	9.3	0.973
37	11510	9.4	2.0186269189673
37	11634	9.5	8.1184540840624
37	11751	9.6	2.0369855535949
37	11865	9.7	0.973
37	11983	9.8	2.0213672628064
37	12102	9.9	4.8332310901604
37	12217	10	2.0298587021823
37	12333	10.1	1.2594113936669
37	12451	10.2	2.0275228881483
37	12567	10.3	5.6822789833446
37	12683	10.4	2.0385533680037
37	12797	10.5	0.973
37	12913	10.6	2.0186015780988
37	13030	10.7	1.9966409308145
37	13148	10.8	2.0185350750373
37	13263	10.9	6.2359960084941
37	13379	11	2.0312519029645
37	13498	11.1	0.973
37	13610	11.2	2.0157225290357
37	13732	11.3	1.0963617535619
37	13849	11.4	2.0129360843602
37	13963	11.5	5.911882556964
37	14083	11.6	2.0246936340379
37	14202	11.7	3.1901713122961
37	14321	11.8	2.0282194995256
37	14439	11.9	4.80200570887
37	14553	12	2.0365986246664
37	14676	12.1	0.973
37	14793	12.2	2.02674371179
37	14915	12.3	0.973
37	15031	12.4	2.0170439388569
37	15148	12.5	7.4061837610531
37	15268	12.6	2.0332738166484
37	15390	12.7	0.973
37	15507	12.8	2.0254594153187
37	15629	12.9	1.3184543718059
37	15751	13	2.0233164089189
37	15872	13.1	0.973
37	15994	13.2	2.0155417829416
37	16117	13.3	9.19978052029
37	16232	13.4	2.0371382193863
37	16351	13.5	1.0732529935093
37	16469	13.6	2.0342145897699
37	16584	13.7	0.973
37	16708	13.8	2.0146830565092
37	16821	13.9	6.4811164475447
37	16942	14	2.0281451424451
37	17064	14.1	0.973
37	17183	14.2	2.0128371197422
37	17298	14.3	3.3365690776146
37	17413	14.4	2.0168394344625
37	17527	14.5	7.9507552143696
37	17643	14.6	2.0347002006122
37	17762	14.7	0.973
37	17880	14.8	2.0130010213885
37	17996	14.9	6.7156916980472
37	18116	15	2.0271708889474
37	18233	15.1	0.973
37	18355	15.2	2.0224376072016
37	18474	15.3	7.0840834332941
37	18594	15.4	2.0376897419856
37	18710	15.5	0.973
37	18829	15.6	2.0158483824406
37	18946	15.7	1.7721125702739
37	19064	15.8	2.0151101748462
37	19183	15.9	7.7010678879674
37	19303	16	2.0322274942517
37	19417	16.1	3.5118619267827
37	19537	16.2	2.0367036898279
37	19654	16.3	0.973
37	19773	16.4	2.0218089842076
37	19889	16.5	0.973
37	20009	16.6	2.0130873184598
37	20126	16.7	7.9184278540693
37	20243	16.8	2.0308596771664
37	20367	16.9	0.973
37	20485	17	2.0170749189247
37	20602	17.1	7.0778283849857
37	20715	17.2	2.0323208040897
37	20834	17.3	0.973
37	20959	17.4	2.0142745754722
37	21080	17.5	5.3585692385912
37	21199	17.6	2.0243657034078
37	21320	17.7	4.9535278192109
37	21439	17.8	2.0332114035467
37	21559	17.9	2.8413608927906
37	21677	18	2.035657948851
37	21802	18.1	1.8671815590217
37	21920	18.2	2.0351473667282
37	22039	18.3	0.973
37	22153	18.4	2.0297296848836
37	22267	18.5	2.4201150012121
37	22388	18.6	2.0309118471595
37	22509	18.7	0.973
37	22626	18.8	2.0221051499596
37	22745	18.9	7.293191311198
37	22863	19	2.0379848927355
37	22986	19.1	0.973
37	23105	19.2	2.0168545081947
37	23222	19.3	3.809784257178
37	23336	19.4	2.0222735721532
37	23452	19.5	4.3823571063492
37	23568	19.6	2.0294041813825
37	23686	19.7	0.973
37	23804	19.8	2.0116275266596
37	23924	19.9	0.973
37	24045	20	1.9325946294882
37	24166	20.1	0.973
37	24284	20.2	1.8507516298301
37	24400	20.3	0.973
37	24518	20.4	1.7738986491712
37	24638	20.5	0.973
37	24759	20.6	1.7040443976163
37	24875	20.7	0.973
37	25248	20.8	1.6366505044596
37	25797	20.9	0.973
37	25815	21	1.573454994545
37	25829	21.1	0.973
37	25843	21.2	1.5140538026512
37	25857	21.3	0.973
37	25871	21.4	1.4580428635571
37	25885	21.5	0.973
37	25899	21.6	1.4050181120417
37	25913	21.7	0.973
37	25927	21.8	1.3547281751229
37	25941	21.9	0.973
37	26019	22	1.3064574797206
37	26029	22.1	1888.1691058806
37	26039	22.2	5.05142976
37	26049	22.3	5.05142976
37	26059	22.4	5.05142976
37	26069	22.5	5.05142976
37	26079	22.6	5.05142976
37	26089	22.7	5.05142976
37	26099	22.8	5.05142976
37	26109	22.9	5.05142976
37	26119	23	5.05142976
37	26129	23.1	5.05142976
37	26139	23.2	5.05142976

