version 3
run SixteenVehiclesBFTOverV2V-0-20260424-12:30:59-2474979
attr configname SixteenVehiclesBFTOverV2V
attr datetime 20260424-12:30:59
attr datetimef 20260424-123059
attr experiment SixteenVehiclesBFTOverV2V
attr inifile omnetpp.ini
attr iterationvars ""
attr iterationvarsd ""
attr iterationvarsf ""
attr measurement ""
attr network fourWay
attr processid 2474979
attr repetition 0
attr replication #0
attr resultdir results
attr runnumber 0
attr seedset 0
config extends BFTOverV2V
config description "BFT test on 16-vehicle routes"
config *.manager.launchConfig "xmldoc(\"bft_16veh.launchd.xml\")"
config *.node[*].appl.intersectionX 300m
config *.node[*].appl.intersectionY 300m
config *.node[*].appl.stopDistance 200m
config *.node[*].appl.consensusTimeoutSec 120s
config *.intersection[*].appl.orderDelayGap 0.0s
config *.node[0].appl.replicaId 0
config *.node[1].appl.replicaId 1
config *.node[2].appl.replicaId 2
config *.node[3].appl.replicaId 3
config *.node[4].appl.replicaId 4
config *.node[5].appl.replicaId 5
config *.node[6].appl.replicaId 6
config *.node[7].appl.replicaId 7
config *.node[8].appl.replicaId 8
config *.node[9].appl.replicaId 9
config *.node[10].appl.replicaId 10
config *.node[11].appl.replicaId 11
config *.node[12].appl.replicaId 12
config *.node[13].appl.replicaId 13
config *.node[14].appl.replicaId 14
config *.node[15].appl.replicaId 15
config *.manager.intersectionBatchSize 16
config *.node[*].appl.stopSignTimeoutSec 25s
config extends WithChannelSwitching
config *.node[*].applType "\"org.car2x.veins.modules.bftsmart.V2VProxyModule\""
config *.node[0].appl.replicaId 0
config *.node[1].appl.replicaId 1
config *.node[2].appl.replicaId 2
config *.node[3].appl.replicaId 3
config *.node[*].appl.intersectionX 104m
config *.node[*].appl.intersectionY 82m
config *.node[*].appl.stopDistance 50m
config *.node[*].appl.intersectionWidth 15m
config *.node[*].appl.avgSpeed 14mps
config *.node[*].appl.safetyGap 1.5s
config *.node[*].appl.stopSignTimeoutSec 10.0s
config *.node[*].appl.gatewayHost "\"\""
config *.node[*].appl.gatewayPort 0
config *.node[*].appl.carId "\"\""
config *.node[*].appl.direction "\"\""
config *.connectionManager.pMax 20mW
config *.connectionManager.sat -89dBm
config *.connectionManager.alpha 2.0
config *.connectionManager.carrierFrequency "5.890e9 Hz"
config *.node[*].nic.phy80211p.collectCollisionStatistics true
config *.node[*].nic.phy80211p.ccaThreshold -90dBm
config *.node[*].nic.mac1609_4.cwMin 3
config *.node[*].nic.mac1609_4.cwMax 7
config *.**.nic.mac1609_4.useServiceChannel false
config *.node[*].appl.dataOnSch false
config *.rsu[*].appl.dataOnSch false
config *.node[*].nic.mac1609_4.useServiceChannel false
config *.node[0].appl.gatewayHost "\"127.0.0.1\""
config *.node[0].appl.gatewayPort 9001
config *.node[0].appl.carId "\"CAR_0\""
config *.node[0].appl.direction "\"straight\""
config *.node[0].appl.stopDistance 50m
config *.node[0].appl.intersectionX 104m
config *.node[0].appl.intersectionY 82m
config *.node[1].appl.gatewayHost "\"127.0.0.1\""
config *.node[1].appl.gatewayPort 9002
config *.node[1].appl.carId "\"CAR_1\""
config *.node[1].appl.direction "\"right\""
config *.node[1].appl.stopDistance 50m
config *.node[1].appl.intersectionX 104m
config *.node[1].appl.intersectionY 82m
config *.node[2].appl.gatewayHost "\"127.0.0.1\""
config *.node[2].appl.gatewayPort 9003
config *.node[2].appl.carId "\"CAR_2\""
config *.node[2].appl.direction "\"left\""
config *.node[2].appl.stopDistance 50m
config *.node[2].appl.intersectionX 104m
config *.node[2].appl.intersectionY 82m
config *.node[3].appl.gatewayHost "\"127.0.0.1\""
config *.node[3].appl.gatewayPort 9004
config *.node[3].appl.carId "\"CAR_3\""
config *.node[3].appl.direction "\"right\""
config *.node[3].appl.stopDistance 50m
config *.node[3].appl.intersectionX 104m
config *.node[3].appl.intersectionY 82m
config scheduler-class omnetpp::cRealTimeScheduler
config realtimescheduler-scaling 0.1
config cmdenv-express-mode false
config cmdenv-autoflush false
config cmdenv-status-frequency 1s
config **.cmdenv-log-level info
config image-path ../../images
config network fourWay
config debug-on-errors true
config print-undisposed true
config sim-time-limit 50000s
config **.scalar-recording true
config **.vector-recording true
config *.playgroundSizeX 2500m
config *.playgroundSizeY 2500m
config *.playgroundSizeZ 50m
config *.annotations.draw true
config *.obstacles.debug false
config *.manager.updateInterval 0.1s
config *.manager.host "\"localhost\""
config *.manager.port 9999
config *.manager.autoShutdown true
config *.manager.shutdownOnIntersectionBatchCleared true
config *.manager.intersectionDepartureMinMeters 20m
config *.manager.launchConfig "xmldoc(\"osm.launchd.xml\")"
config *.manager.trafficLightModuleType "\"org.car2x.veins.nodes.TrafficLight\""
config *.tls[*].mobility.x 0
config *.tls[*].mobility.y 0
config *.tls[*].mobility.z 5
config *.tls[*].applType "\"org.car2x.veins.modules.application.traci.TraCIDemoTrafficLightApp\""
config *.tls[*].logicType "\"org.car2x.veins.modules.world.traci.trafficLight.logics.TraCITrafficLightSimpleLogic\""
config *.rsu[0].mobility.x 2000
config *.rsu[0].mobility.y 2000
config *.rsu[0].mobility.z 3
config *.rsu[*].applType "\"TraCIDemoRSU11p\""
config *.rsu[*].appl.headerLength "80 bit"
config *.rsu[*].appl.sendBeacons false
config *.rsu[*].appl.dataOnSch false
config *.rsu[*].appl.beaconInterval 1s
config *.rsu[*].appl.beaconUserPriority 7
config *.rsu[*].appl.dataUserPriority 5
config *.rsu[*].nic.phy80211p.antennaOffsetZ "1.5 m"
config *.connectionManager.sendDirect true
config *.connectionManager.maxInterfDist 2600m
config *.connectionManager.drawMaxIntfDist false
config *.connectionManagerName "\"connectionManager\""
config *.**.nic.mac1609_4.useServiceChannel false
config *.**.nic.phy80211p.txPower 20mW
config *.**.nic.mac1609_4.txPower 20mW
config *.**.nic.mac1609_4.bitrate 6Mbps
config *.**.nic.phy80211p.minPowerLevel -110dBm
config *.**.nic.mac1609_4.queueSize 1024
config *.**.nic.phy80211p.useNoiseFloor true
config *.**.nic.phy80211p.noiseFloor -98dBm
config *.**.nic.phy80211p.decider "xmldoc(\"config.xml\")"
config *.**.nic.phy80211p.analogueModels "xmldoc(\"config.xml\")"
config *.**.nic.phy80211p.usePropagationDelay true
config *.**.nic.phy80211p.antenna "xmldoc(\"antenna.xml\", \"/root/Antenna[@id='monopole']\")"
config *.node[*].nic.phy80211p.antennaOffsetY "1.895 m"
config *.node[*].nic.phy80211p.antennaOffsetZ "1.895 m"
config *.node[*].applType "\"src.IntersectionApp\""
config *.node[*].appl.headerLength "80 bit"
config *.node[*].appl.sendBeacons false
config *.node[*].appl.dataOnSch false
config *.node[*].appl.beaconInterval 1s
config *.node[*].nic.phy80211p.connectionManagerName "\"connectionManager\""
config *.node[*].veinsmobility.x 0
config *.node[*].veinsmobility.y 0
config *.node[*].veinsmobility.z 0
config *.node[*].veinsmobility.setHostSpeed false
config *.node[0].veinsmobility.accidentCount 0
config *.node[0].veinsmobility.accidentStart 73s
config *.node[0].veinsmobility.accidentDuration 50s

vector 0 fourWay.tls[0].nic.phy80211p RadioState ETV
vector 1 fourWay.tls[0].nic.phy80211p RadioChannel ETV
vector 2 fourWay.node[0].appl bftMsgSent:vector ETV
attr recordingmode vector
attr source bftMsgSent
attr title "BFT messages sent"
vector 3 fourWay.node[0].appl bftMsgReceived:vector ETV
attr recordingmode vector
attr source bftMsgReceived
attr title "BFT messages received"
vector 4 fourWay.node[0].nic.phy80211p RadioState ETV
vector 5 fourWay.node[0].nic.phy80211p RadioChannel ETV
vector 6 fourWay.manager posx ETV
vector 7 fourWay.manager posy ETV
vector 8 fourWay.manager speed ETV
vector 9 fourWay.node[1].appl bftMsgSent:vector ETV
attr recordingmode vector
attr source bftMsgSent
attr title "BFT messages sent"
vector 10 fourWay.node[1].appl bftMsgReceived:vector ETV
attr recordingmode vector
attr source bftMsgReceived
attr title "BFT messages received"
vector 11 fourWay.node[1].nic.phy80211p RadioState ETV
vector 12 fourWay.node[1].nic.phy80211p RadioChannel ETV
vector 13 fourWay.manager posx ETV
vector 14 fourWay.manager posy ETV
vector 15 fourWay.node[2].appl bftMsgSent:vector ETV
attr recordingmode vector
attr source bftMsgSent
attr title "BFT messages sent"
vector 16 fourWay.node[2].appl bftMsgReceived:vector ETV
attr recordingmode vector
attr source bftMsgReceived
attr title "BFT messages received"
vector 17 fourWay.node[2].nic.phy80211p RadioState ETV
vector 18 fourWay.node[2].nic.phy80211p RadioChannel ETV
vector 19 fourWay.manager posx ETV
vector 20 fourWay.manager posy ETV
vector 21 fourWay.node[3].appl bftMsgSent:vector ETV
attr recordingmode vector
attr source bftMsgSent
attr title "BFT messages sent"
vector 22 fourWay.node[3].appl bftMsgReceived:vector ETV
attr recordingmode vector
attr source bftMsgReceived
attr title "BFT messages received"
vector 23 fourWay.node[3].nic.phy80211p RadioState ETV
vector 24 fourWay.node[3].nic.phy80211p RadioChannel ETV
vector 25 fourWay.manager posx ETV
vector 26 fourWay.manager posy ETV
vector 27 fourWay.node[4].appl bftMsgSent:vector ETV
attr recordingmode vector
attr source bftMsgSent
attr title "BFT messages sent"
vector 28 fourWay.node[4].appl bftMsgReceived:vector ETV
attr recordingmode vector
attr source bftMsgReceived
attr title "BFT messages received"
vector 29 fourWay.node[4].nic.phy80211p RadioState ETV
vector 30 fourWay.node[4].nic.phy80211p RadioChannel ETV
vector 31 fourWay.manager posx ETV
vector 32 fourWay.manager posy ETV
vector 33 fourWay.node[5].appl bftMsgSent:vector ETV
attr recordingmode vector
attr source bftMsgSent
attr title "BFT messages sent"
vector 34 fourWay.node[5].appl bftMsgReceived:vector ETV
attr recordingmode vector
attr source bftMsgReceived
attr title "BFT messages received"
vector 35 fourWay.node[5].nic.phy80211p RadioState ETV
vector 36 fourWay.node[5].nic.phy80211p RadioChannel ETV
vector 37 fourWay.manager posx ETV
vector 38 fourWay.manager posy ETV
vector 39 fourWay.node[6].appl bftMsgSent:vector ETV
attr recordingmode vector
attr source bftMsgSent
attr title "BFT messages sent"
vector 40 fourWay.node[6].appl bftMsgReceived:vector ETV
attr recordingmode vector
attr source bftMsgReceived
attr title "BFT messages received"
vector 41 fourWay.node[6].nic.phy80211p RadioState ETV
vector 42 fourWay.node[6].nic.phy80211p RadioChannel ETV
vector 43 fourWay.manager posx ETV
vector 44 fourWay.manager posy ETV
vector 45 fourWay.node[7].appl bftMsgSent:vector ETV
attr recordingmode vector
attr source bftMsgSent
attr title "BFT messages sent"
vector 46 fourWay.node[7].appl bftMsgReceived:vector ETV
attr recordingmode vector
attr source bftMsgReceived
attr title "BFT messages received"
vector 47 fourWay.node[7].nic.phy80211p RadioState ETV
vector 48 fourWay.node[7].nic.phy80211p RadioChannel ETV
vector 49 fourWay.manager posx ETV
vector 50 fourWay.manager posy ETV
vector 51 fourWay.node[8].appl bftMsgSent:vector ETV
attr recordingmode vector
attr source bftMsgSent
attr title "BFT messages sent"
vector 52 fourWay.node[8].appl bftMsgReceived:vector ETV
attr recordingmode vector
attr source bftMsgReceived
attr title "BFT messages received"
vector 53 fourWay.node[8].nic.phy80211p RadioState ETV
vector 54 fourWay.node[8].nic.phy80211p RadioChannel ETV
vector 55 fourWay.manager posx ETV
vector 56 fourWay.manager posy ETV
vector 57 fourWay.node[9].appl bftMsgSent:vector ETV
attr recordingmode vector
attr source bftMsgSent
attr title "BFT messages sent"
vector 58 fourWay.node[9].appl bftMsgReceived:vector ETV
attr recordingmode vector
attr source bftMsgReceived
attr title "BFT messages received"
vector 59 fourWay.node[9].nic.phy80211p RadioState ETV
vector 60 fourWay.node[9].nic.phy80211p RadioChannel ETV
vector 61 fourWay.manager posx ETV
vector 62 fourWay.manager posy ETV
vector 63 fourWay.node[10].appl bftMsgSent:vector ETV
attr recordingmode vector
attr source bftMsgSent
attr title "BFT messages sent"
vector 64 fourWay.node[10].appl bftMsgReceived:vector ETV
attr recordingmode vector
attr source bftMsgReceived
attr title "BFT messages received"
vector 65 fourWay.node[10].nic.phy80211p RadioState ETV
vector 66 fourWay.node[10].nic.phy80211p RadioChannel ETV
vector 67 fourWay.manager posx ETV
vector 68 fourWay.manager posy ETV
vector 69 fourWay.node[11].appl bftMsgSent:vector ETV
attr recordingmode vector
attr source bftMsgSent
attr title "BFT messages sent"
vector 70 fourWay.node[11].appl bftMsgReceived:vector ETV
attr recordingmode vector
attr source bftMsgReceived
attr title "BFT messages received"
vector 71 fourWay.node[11].nic.phy80211p RadioState ETV
vector 72 fourWay.node[11].nic.phy80211p RadioChannel ETV
vector 73 fourWay.manager posx ETV
vector 74 fourWay.manager posy ETV
vector 75 fourWay.node[12].appl bftMsgSent:vector ETV
attr recordingmode vector
attr source bftMsgSent
attr title "BFT messages sent"
vector 76 fourWay.node[12].appl bftMsgReceived:vector ETV
attr recordingmode vector
attr source bftMsgReceived
attr title "BFT messages received"
vector 77 fourWay.node[12].nic.phy80211p RadioState ETV
vector 78 fourWay.node[12].nic.phy80211p RadioChannel ETV
vector 79 fourWay.manager posx ETV
vector 80 fourWay.manager posy ETV
vector 81 fourWay.node[13].appl bftMsgSent:vector ETV
attr recordingmode vector
attr source bftMsgSent
attr title "BFT messages sent"
vector 82 fourWay.node[13].appl bftMsgReceived:vector ETV
attr recordingmode vector
attr source bftMsgReceived
attr title "BFT messages received"
vector 83 fourWay.node[13].nic.phy80211p RadioState ETV
vector 84 fourWay.node[13].nic.phy80211p RadioChannel ETV
vector 85 fourWay.manager posx ETV
vector 86 fourWay.manager posy ETV
vector 87 fourWay.node[14].appl bftMsgSent:vector ETV
attr recordingmode vector
attr source bftMsgSent
attr title "BFT messages sent"
vector 88 fourWay.node[14].appl bftMsgReceived:vector ETV
attr recordingmode vector
attr source bftMsgReceived
attr title "BFT messages received"
vector 89 fourWay.node[14].nic.phy80211p RadioState ETV
vector 90 fourWay.node[14].nic.phy80211p RadioChannel ETV
vector 91 fourWay.manager posx ETV
vector 92 fourWay.manager posy ETV
vector 93 fourWay.node[15].appl bftMsgSent:vector ETV
attr recordingmode vector
attr source bftMsgSent
attr title "BFT messages sent"
vector 94 fourWay.node[15].appl bftMsgReceived:vector ETV
attr recordingmode vector
attr source bftMsgReceived
attr title "BFT messages received"
vector 95 fourWay.node[15].nic.phy80211p RadioState ETV
vector 96 fourWay.node[15].nic.phy80211p RadioChannel ETV
vector 97 fourWay.manager posx ETV
vector 98 fourWay.manager posy ETV
vector 99 fourWay.manager acceleration ETV
vector 100 fourWay.manager co2emission ETV
vector 101 fourWay.manager speed ETV
vector 102 fourWay.manager speed ETV
vector 103 fourWay.manager speed ETV
vector 104 fourWay.manager speed ETV
vector 105 fourWay.manager speed ETV
vector 106 fourWay.manager speed ETV
vector 107 fourWay.manager speed ETV
vector 108 fourWay.manager speed ETV
vector 109 fourWay.manager speed ETV
vector 110 fourWay.manager speed ETV
vector 111 fourWay.manager speed ETV
vector 112 fourWay.manager speed ETV
vector 113 fourWay.manager speed ETV
vector 114 fourWay.manager speed ETV
vector 115 fourWay.manager speed ETV
vector 116 fourWay.manager acceleration ETV
vector 117 fourWay.manager co2emission ETV
vector 118 fourWay.manager acceleration ETV
vector 119 fourWay.manager co2emission ETV
vector 120 fourWay.manager acceleration ETV
vector 121 fourWay.manager co2emission ETV
vector 122 fourWay.manager acceleration ETV
vector 123 fourWay.manager co2emission ETV
vector 124 fourWay.manager acceleration ETV
vector 125 fourWay.manager co2emission ETV
vector 126 fourWay.manager acceleration ETV
vector 127 fourWay.manager co2emission ETV
vector 128 fourWay.manager acceleration ETV
vector 129 fourWay.manager co2emission ETV
vector 130 fourWay.manager acceleration ETV
vector 131 fourWay.manager co2emission ETV
vector 132 fourWay.manager acceleration ETV
vector 133 fourWay.manager co2emission ETV
vector 134 fourWay.manager acceleration ETV
vector 135 fourWay.manager co2emission ETV
vector 136 fourWay.manager acceleration ETV
vector 137 fourWay.manager co2emission ETV
vector 138 fourWay.manager acceleration ETV
vector 139 fourWay.manager co2emission ETV
vector 140 fourWay.manager acceleration ETV
vector 141 fourWay.manager co2emission ETV
vector 142 fourWay.manager acceleration ETV
vector 143 fourWay.manager co2emission ETV
vector 144 fourWay.manager acceleration ETV
vector 145 fourWay.manager co2emission ETV
2	1254	0.6	1
2	2642	0.753811582656	2
2	3362	0.826024114894	3
2	3806	0.850493463553	4
2	4217	0.876002920807	5
2	4896	0.901211540263	6
2	5522	0.925734149168	7
2	6384	0.950775156383	8
2	7222	0.975841917864	9
2	8313	1.00121598488	10
2	9360	1.026189183108	11
2	10491	1.050989553505	12
2	11697	1.075945230562	13
2	13036	1.100568418473	14
2	14489	1.126143109068	15
2	16082	1.150458960216	16
2	17485	1.175562115823	17
2	38602	2.85	18
2	38602	2.85	19
2	38602	2.85	20
2	38870	2.88133602838	21
2	38870	2.88133602838	23
2	40554	2.942678910148	25
2	40554	2.942678910148	27
2	42781	3	29
2	43440	3.009329047899	30
2	46801	3.065016980044	32
2	47260	3.07073548747	34
2	48499	3.1	36
3	39494	2.920821157571	1
3	39630	2.922253157571	2
3	39773	2.923672346825	3
3	39909	2.926989406776	4
3	40032	2.931697476355	5
3	40111	2.934052537275	6
3	40264	2.936771855572	7
3	40350	2.938879986927	8
3	40465	2.941950060279	9
3	40575	2.943395124298	10
3	41770	2.974237890057	11
3	41878	2.975669964536	12
3	41996	2.977089024912	13
3	42292	2.982930547404	14
3	42395	2.987027606004	15
3	42534	2.993685656038	16
3	42641	2.997496709737	17
3	42803	3.000176877327	18
3	42912	3.001595985655	19
3	43129	3.005076190865	20
3	43245	3.006768397785	21
3	43342	3.008827441182	22
3	43467	3.010259558491	23
3	43574	3.012318687821	24
3	43819	3.015824865077	25
3	43909	3.017988068605	26
3	44017	3.021061068605	27
3	44308	3.025218315244	28
3	44442	3.027277491163	29
3	44560	3.029125633887	30
3	44648	3.031197838425	31
3	44778	3.033257083353	32
3	44881	3.035342085884	33
3	44990	3.03676115873	34
3	45126	3.038193160028	35
3	45292	3.040905397141	36
3	45407	3.04296446672	37
3	45564	3.045023492013	38
3	45695	3.047082751986	39
3	46157	3.053272945563	40
3	46266	3.055370946141	41
3	46372	3.05682905449	42
3	46497	3.05891432642	43
3	46606	3.060973326718	44
3	46719	3.063045399604	45
3	46817	3.065104458204	46
3	46932	3.066549573086	47
3	47206	3.070680590625	48
3	47667	3.077080886957	49
3	47777	3.079165957717	50
3	47894	3.081263957717	51
3	47992	3.083323001114	52
3	48112	3.085382071606	53
3	48261	3.094669188022	54
3	48364	3.09672839019	55
3	48540	3.100152565764	56
3	48645	3.103095633332	57
3	48857	3.107901946956	58
3	49036	3.110146974608	59
3	49148	3.116028032583	60
3	49261	3.121532173372	61
3	49360	3.123604173677	62
3	49452	3.128705232505	63
3	49560	3.135574280193	64
3	49664	3.139726343741	65
3	49768	3.141850413651	66
6	2	0.1	323.4
6	25	0.2	323.4
6	51	0.3	323.4
6	402	0.4	323.4
6	823	0.5	323.4
6	1255	0.6	323.4
6	2105	0.7	323.4
6	3092	0.8	323.4
6	4790	0.9	323.4
6	8224	1	323.4
6	12950	1.1	323.4
6	19012	1.2	323.4
6	24842	1.3	323.4
6	29280	1.4	323.4
6	31826	1.5	323.4
6	32706	1.6	323.4
6	33175	1.7	323.4
6	33647	1.8	323.4
6	34119	1.9	323.4
6	34595	2	323.4
6	35057	2.1	323.4
6	35533	2.2	323.4
6	35992	2.3	323.4
6	36455	2.4	323.4
6	36924	2.5	323.4
6	37397	2.6	323.4
6	37859	2.7	323.4
6	38332	2.8	323.4
6	39256	2.9	323.4
6	42749	3	323.4
6	48467	3.1	323.4
6	49851	3.2	323.4
6	49913	3.3	323.4
6	49975	3.4	323.4
6	50037	3.5	323.4
6	50099	3.6	323.4
6	50161	3.7	323.4
6	50223	3.8	323.4
6	50285	3.9	323.4
6	50555	4	323.4
6	50613	4.1	323.4
6	50671	4.2	323.4
6	50729	4.3	323.4
6	50787	4.4	323.4
6	50845	4.5	323.4
6	50903	4.6	323.4
6	50961	4.7	323.4
6	51227	4.8	323.4
6	51281	4.9	323.4
6	51335	5	323.4
6	51389	5.1	323.4
6	51443	5.2	323.4
6	51497	5.3	323.4
6	51551	5.4	323.4
6	51605	5.5	323.4
6	51867	5.6	323.4
6	51917	5.7	323.4
6	51967	5.8	323.4
6	52017	5.9	323.4
6	52067	6	323.4
6	52117	6.1	323.4
6	52167	6.2	323.4
6	52217	6.3	323.4
6	52475	6.4	323.4
6	52521	6.5	323.4
6	52567	6.6	323.4
6	52613	6.7	323.4
6	52659	6.8	323.4
6	52705	6.9	323.4
6	52751	7	323.4
6	52797	7.1	323.4
6	52843	7.2	323.4
6	52889	7.3	323.4
6	53143	7.4	323.4
6	53185	7.5	323.4
6	53227	7.6	323.4
6	53269	7.7	323.4
6	53311	7.8	323.4
6	53353	7.9	323.4
6	53395	8	323.4
6	53437	8.1	323.4
6	53479	8.2	323.4
6	53521	8.3	323.4
6	53771	8.4	323.4
6	53809	8.5	323.4
6	53847	8.6	323.4
6	53885	8.7	323.4
6	53923	8.8	323.4
6	53961	8.9	323.4
6	53999	9	323.4
6	54037	9.1	323.4
6	54179	9.2	323.4
6	54215	9.3	323.4
6	54251	9.4	323.4
6	54287	9.5	323.4
6	54323	9.6	323.4
6	54359	9.7	323.4
6	54395	9.8	323.4
6	54431	9.9	323.4
6	54571	10	323.4
6	54605	10.1	323.4
6	54639	10.2	323.4
6	54673	10.3	323.4
6	54707	10.4	323.4
6	54741	10.5	323.4
6	54775	10.6	323.4
6	54809	10.7	323.4
6	54843	10.8	323.4
6	54877	10.9	323.4
6	54911	11	323.4
6	54945	11.1	323.4
6	54979	11.2	323.4
6	55013	11.3	323.4
7	2	0.1	305
7	25	0.2	305
7	51	0.3	306.95971383703
7	402	0.4	306.95971383703
7	823	0.5	308.73942767407
7	1255	0.6	308.73942767407
7	2105	0.7	310.3391415111
7	3092	0.8	310.3391415111
7	4790	0.9	311.75885534814
7	8224	1	311.75885534814
7	12950	1.1	312.99856918517
7	19012	1.2	312.99856918517
7	24842	1.3	314.08009574241
7	29280	1.4	314.08009574241
7	31826	1.5	314.98162229965
7	32706	1.6	314.98162229965
7	33175	1.7	315.70314885689
7	33647	1.8	315.70314885689
7	34119	1.9	316.24467541414
7	34595	2	316.24467541414
7	35057	2.1	316.60620197138
7	35533	2.2	316.60620197138
7	35992	2.3	316.78772852862
7	36455	2.4	316.78772852862
7	36924	2.5	316.79812759584
7	37397	2.6	316.79812759584
7	37859	2.7	316.79897769845
7	38332	2.8	316.79897769845
7	39256	2.9	316.79899874918
7	42749	3	316.79899874918
7	48467	3.1	316.79899874918
7	49851	3.2	316.79899874918
7	49913	3.3	322.79899874918
7	49975	3.4	322.79899874918
7	50037	3.5	328.79899874918
7	50099	3.6	328.79899874918
7	50161	3.7	334.79899874918
7	50223	3.8	334.79899874918
7	50285	3.9	340.79899874918
7	50555	4	340.79899874918
7	50613	4.1	346.79899874918
7	50671	4.2	346.79899874918
7	50729	4.3	352.79899874918
7	50787	4.4	352.79899874918
7	50845	4.5	358.79899874918
7	50903	4.6	358.79899874918
7	50961	4.7	364.79899874918
7	51227	4.8	364.79899874918
7	51281	4.9	370.79899874918
7	51335	5	370.79899874918
7	51389	5.1	376.79899874918
7	51443	5.2	376.79899874918
7	51497	5.3	382.79899874918
7	51551	5.4	382.79899874918
7	51605	5.5	388.79899874918
7	51867	5.6	388.79899874918
7	51917	5.7	394.79899874918
7	51967	5.8	394.79899874918
7	52017	5.9	400.79899874918
7	52067	6	400.79899874918
7	52117	6.1	406.79899874918
7	52167	6.2	406.79899874918
7	52217	6.3	412.79899874918
7	52475	6.4	412.79899874918
7	52521	6.5	418.79899874918
7	52567	6.6	418.79899874918
7	52613	6.7	424.79899874918
7	52659	6.8	424.79899874918
7	52705	6.9	430.79899874918
7	52751	7	430.79899874918
7	52797	7.1	436.79899874918
7	52843	7.2	436.79899874918
7	52889	7.3	442.79899874918
7	53143	7.4	442.79899874918
7	53185	7.5	448.79899874918
7	53227	7.6	448.79899874918
7	53269	7.7	454.79899874918
7	53311	7.8	454.79899874918
7	53353	7.9	460.79899874918
7	53395	8	460.79899874918
7	53437	8.1	466.79899874918
7	53479	8.2	466.79899874918
7	53521	8.3	472.79899874918
7	53771	8.4	472.79899874918
7	53809	8.5	478.79899874918
7	53847	8.6	478.79899874918
7	53885	8.7	484.79899874918
7	53923	8.8	484.79899874918
7	53961	8.9	490.79899874918
7	53999	9	490.79899874918
7	54037	9.1	496.79899874918
7	54179	9.2	496.79899874918
7	54215	9.3	502.79899874918
7	54251	9.4	502.79899874918
7	54287	9.5	508.79899874918
7	54323	9.6	508.79899874918
7	54359	9.7	514.79899874918
7	54395	9.8	514.79899874918
7	54431	9.9	520.79899874918
7	54571	10	520.79899874918
7	54605	10.1	526.79899874918
7	54639	10.2	526.79899874918
7	54673	10.3	532.79899874918
7	54707	10.4	532.79899874918
7	54741	10.5	538.79899874918
7	54775	10.6	538.79899874918
7	54809	10.7	544.79899874918
7	54843	10.8	544.79899874918
7	54877	10.9	550.79899874918
7	54911	11	550.79899874918
7	54945	11.1	556.79899874918
7	54979	11.2	556.79899874918
7	55013	11.3	562.79899874918
8	25	0.2	10.282916666667
8	51	0.3	9.7985691851733
8	402	0.4	9.7985691851733
8	823	0.5	8.8985691851733
8	1255	0.6	8.8985691851733
8	2105	0.7	7.9985691851733
8	3092	0.8	7.9985691851733
8	4790	0.9	7.0985691851733
8	8224	1	7.0985691851733
8	12950	1.1	6.1985691851733
8	19012	1.2	6.1985691851733
8	24842	1.3	5.4076327862024
8	29280	1.4	5.4076327862024
8	31826	1.5	4.5076327862024
8	32706	1.6	4.5076327862024
8	33175	1.7	3.6076327862024
8	33647	1.8	3.6076327862024
8	34119	1.9	2.7076327862024
8	34595	2	2.7076327862024
8	35057	2.1	1.8076327862024
8	35533	2.2	1.8076327862024
8	35992	2.3	0.90763278620243
8	36455	2.4	0.90763278620243
8	36924	2.5	0.051995336097827
8	37397	2.6	0.051995336097827
8	37859	2.7	0.0042505130463473
8	38332	2.8	0.0042505130463473
8	39256	2.9	0.00010525367599522
8	42749	3	0.00010525367599522
8	48467	3.1	0
8	49851	3.2	0
8	49913	3.3	30
8	49975	3.4	30
8	50037	3.5	30
8	50099	3.6	30
8	50161	3.7	30
8	50223	3.8	30
8	50285	3.9	30
8	50555	4	30
8	50613	4.1	30
8	50671	4.2	30
8	50729	4.3	30
8	50787	4.4	30
8	50845	4.5	30
8	50903	4.6	30
8	50961	4.7	30
8	51227	4.8	30
8	51281	4.9	30
8	51335	5	30
8	51389	5.1	30
8	51443	5.2	30
8	51497	5.3	30
8	51551	5.4	30
8	51605	5.5	30
8	51867	5.6	30
8	51917	5.7	30
8	51967	5.8	30
8	52017	5.9	30
8	52067	6	30
8	52117	6.1	30
8	52167	6.2	30
8	52217	6.3	30
8	52475	6.4	30
8	52521	6.5	30
8	52567	6.6	30
8	52613	6.7	30
8	52659	6.8	30
8	52705	6.9	30
8	52751	7	30
8	52797	7.1	30
8	52843	7.2	30
8	52889	7.3	30
8	53143	7.4	30
8	53185	7.5	30
8	53227	7.6	30
8	53269	7.7	30
8	53311	7.8	30
8	53353	7.9	30
8	53395	8	30
8	53437	8.1	30
8	53479	8.2	30
8	53521	8.3	30
8	53771	8.4	30
8	53809	8.5	30
8	53847	8.6	30
8	53885	8.7	30
8	53923	8.8	30
8	53961	8.9	30
8	53999	9	30
8	54037	9.1	30
8	54179	9.2	30
8	54215	9.3	30
8	54251	9.4	30
8	54287	9.5	30
8	54323	9.6	30
8	54359	9.7	30
8	54395	9.8	30
8	54431	9.9	30
8	54571	10	30
8	54605	10.1	30
8	54639	10.2	30
8	54673	10.3	30
8	54707	10.4	30
8	54741	10.5	30
8	54775	10.6	30
8	54809	10.7	30
8	54843	10.8	30
8	54877	10.9	30
8	54911	11	30
8	54945	11.1	30
8	54979	11.2	30
8	55013	11.3	30
9	1316	0.600619040486	1
9	3063	0.8	2
9	3802	0.850493422698	3
9	4213	0.876002879952	4
9	4912	0.901211580404	5
9	5534	0.925734189679	6
9	6404	0.95077519707	7
9	7234	0.975841958646	8
9	8041	0.981464820619	9
9	8325	1.001216011349	10
9	9364	1.026189202487	11
9	10499	1.050989568483	12
9	11705	1.075945242721	13
9	13056	1.100568455705	14
9	14497	1.126143138332	15
9	16094	1.150458983062	16
9	17497	1.175562134219	17
9	39273	2.9	18
9	39939	2.927545598709	19
9	42464	2.990259684428	21
9	42766	3	23
9	43665	3.01329752554	24
9	47641	3.075269868805	26
9	50962	4.7	28
10	38743	2.872790055688	1
10	39044	2.895603055688	2
10	39153	2.896869055688	3
10	39379	2.919402055688	4
10	39486	2.920821126888	5
10	39789	2.923672375873	6
10	39921	2.926989436654	7
10	40044	2.931697506592	8
10	40280	2.936771885978	9
10	40342	2.938879956244	10
10	40461	2.941950029596	11
10	40587	2.943395142851	12
10	40680	2.944635154981	13
10	40915	2.967142154981	14
10	41782	2.97423790688	15
10	41890	2.975669983089	16
10	42004	2.977089037166	17
10	42296	2.982930553927	18
10	42415	2.987027635393	19
10	42546	2.993685679054	20
10	42815	3.00017689415	21
10	42904	3.001595954972	22
10	43016	3.003657016338	23
10	43125	3.005076160182	24
10	43253	3.006768410499	25
10	43483	3.010259587539	26
10	43566	3.012318657138	27
10	43682	3.014379718504	28
10	43831	3.015824894955	29
10	43905	3.017988037922	30
10	44300	3.025218284561	31
10	44454	3.027277521041	32
10	44576	3.029125664293	33
10	44644	3.031197807742	34
10	44790	3.03325711359	35
10	44897	3.035342114932	36
10	44998	3.036761170984	37
10	45135	3.038193178581	38
10	45304	3.040905427019	39
10	45419	3.042964496957	40
10	45711	3.047082782392	41
10	46165	3.053272954162	42
10	46274	3.055370958395	43
10	46384	3.056829077506	44
10	46501	3.058914332943	45
10	46614	3.060973335317	46
10	46723	3.063045406127	47
10	46837	3.065104487593	48
10	46944	3.066549589909	49
10	47226	3.070680620014	50
10	47552	3.07481373619	51
10	47679	3.07708090378	52
10	47785	3.079165970431	53
10	47902	3.081263970431	54
10	48104	3.085382040923	55
10	48277	3.09466921707	56
10	48360	3.096728359507	57
10	48552	3.100152595642	58
10	48657	3.103095662274	59
10	48873	3.107901976067	60
10	49048	3.110146992175	61
10	49156	3.116028044293	62
10	49265	3.121532179597	63
10	49368	3.123604181902	64
10	49472	3.128705260629	65
10	49572	3.135574302407	66
10	49676	3.13972635999	67
10	49776	3.141850425907	68
13	51	0.3	323.4
13	402	0.4	323.4
13	823	0.5	323.4
13	1255	0.6	323.4
13	2105	0.7	323.4
13	3092	0.8	323.4
13	4790	0.9	323.4
13	8224	1	323.4
13	12950	1.1	323.4
13	19012	1.2	323.4
13	24842	1.3	323.4
13	29280	1.4	323.4
13	31826	1.5	323.4
13	32706	1.6	323.4
13	33175	1.7	323.4
13	33647	1.8	323.4
13	34119	1.9	323.4
13	34595	2	323.4
13	35057	2.1	323.4
13	35533	2.2	323.4
13	35992	2.3	323.4
13	36455	2.4	323.4
13	36924	2.5	323.4
13	37397	2.6	323.4
13	37859	2.7	323.4
13	38332	2.8	323.4
13	39256	2.9	323.4
13	42749	3	323.4
13	48467	3.1	323.4
13	49851	3.2	323.4
13	49913	3.3	323.4
13	49975	3.4	323.4
13	50037	3.5	323.4
13	50099	3.6	323.4
13	50161	3.7	323.4
13	50223	3.8	323.4
13	50285	3.9	323.4
13	50555	4	323.4
13	50613	4.1	323.4
13	50671	4.2	323.4
13	50729	4.3	323.4
13	50787	4.4	323.4
13	50845	4.5	323.4
13	50903	4.6	323.4
13	50961	4.7	323.4
13	51227	4.8	323.4
13	51281	4.9	323.4
13	51335	5	323.4
13	51389	5.1	323.4
13	51443	5.2	323.4
13	51497	5.3	323.4
13	51551	5.4	323.4
13	51605	5.5	323.4
13	51867	5.6	323.4
13	51917	5.7	323.4
13	51967	5.8	323.4
13	52017	5.9	323.4
13	52067	6	323.4
13	52117	6.1	323.4
13	52167	6.2	323.4
13	52217	6.3	323.4
13	52475	6.4	323.4
13	52521	6.5	323.4
13	52567	6.6	323.4
13	52613	6.7	323.4
13	52659	6.8	323.4
13	52705	6.9	323.4
13	52751	7	323.4
13	52797	7.1	323.4
13	52843	7.2	323.4
13	52889	7.3	323.4
13	53143	7.4	323.4
13	53185	7.5	323.4
13	53227	7.6	323.4
13	53269	7.7	323.4
13	53311	7.8	323.4
13	53353	7.9	323.4
13	53395	8	323.4
13	53437	8.1	323.4
13	53479	8.2	323.4
13	53521	8.3	323.4
13	53771	8.4	323.4
13	53809	8.5	323.4
13	53847	8.6	323.4
13	53885	8.7	323.4
13	53923	8.8	323.4
13	53961	8.9	323.4
13	53999	9	323.4
13	54037	9.1	323.4
13	54179	9.2	323.4
13	54215	9.3	323.4
13	54251	9.4	323.4
13	54287	9.5	323.4
13	54323	9.6	323.4
13	54359	9.7	323.4
13	54395	9.8	323.4
13	54431	9.9	323.4
13	54571	10	323.4
13	54605	10.1	323.4
13	54639	10.2	323.4
13	54673	10.3	323.4
13	54707	10.4	323.4
13	54741	10.5	323.4
13	54775	10.6	323.4
13	54809	10.7	323.4
13	54843	10.8	323.4
13	54877	10.9	323.4
13	54911	11	323.4
13	54945	11.1	323.4
13	54979	11.2	323.4
13	55013	11.3	323.4
14	51	0.3	295
14	402	0.4	295
14	823	0.5	296.60201929289
14	1255	0.6	296.60201929289
14	2105	0.7	298.09108624058
14	3092	0.8	298.09108624058
14	4790	0.9	299.46519466161
14	8224	1	299.46519466161
14	12950	1.1	300.68484701831
14	19012	1.2	300.68484701831
14	24842	1.3	301.81872672558
14	29280	1.4	301.81872672558
14	31826	1.5	302.8652228274
14	32706	1.6	302.8652228274
14	33175	1.7	303.80925286703
14	33647	1.8	303.80925286703
14	34119	1.9	304.62246177238
14	34595	2	304.62246177238
14	35057	2.1	305.37074750671
14	35533	2.2	305.37074750671
14	35992	2.3	306.03446879812
14	36455	2.4	306.03446879812
14	36924	2.5	306.62580813329
14	37397	2.6	306.62580813329
14	37859	2.7	307.14858928964
14	38332	2.8	307.14858928964
14	39256	2.9	307.60051570661
14	42749	3	307.60051570661
14	48467	3.1	307.98940496187
14	49851	3.2	307.98940496187
14	49913	3.3	308.29687478309
14	49975	3.4	308.29687478309
14	50037	3.5	308.68222022003
14	50099	3.6	308.68222022003
14	50161	3.7	309.14575018613
14	50223	3.8	309.14575018613
14	50285	3.9	309.68602063159
14	50555	4	309.68602063159
14	50613	4.1	310.32618150155
14	50671	4.2	310.32618150155
14	50729	4.3	311.06497477515
14	50787	4.4	311.06497477515
14	50845	4.5	311.89241568172
14	50903	4.6	311.89241568172
14	50961	4.7	312.82304984693
14	51227	4.8	312.82304984693
14	51281	4.9	318.82304984693
14	51335	5	318.82304984693
14	51389	5.1	324.82304984693
14	51443	5.2	324.82304984693
14	51497	5.3	330.82304984693
14	51551	5.4	330.82304984693
14	51605	5.5	336.82304984693
14	51867	5.6	336.82304984693
14	51917	5.7	342.82304984693
14	51967	5.8	342.82304984693
14	52017	5.9	348.82304984693
14	52067	6	348.82304984693
14	52117	6.1	354.82304984693
14	52167	6.2	354.82304984693
14	52217	6.3	360.82304984693
14	52475	6.4	360.82304984693
14	52521	6.5	366.82304984693
14	52567	6.6	366.82304984693
14	52613	6.7	372.82304984693
14	52659	6.8	372.82304984693
14	52705	6.9	378.82304984693
14	52751	7	378.82304984693
14	52797	7.1	384.82304984693
14	52843	7.2	384.82304984693
14	52889	7.3	390.82304984693
14	53143	7.4	390.82304984693
14	53185	7.5	396.82304984693
14	53227	7.6	396.82304984693
14	53269	7.7	402.82304984693
14	53311	7.8	402.82304984693
14	53353	7.9	408.82304984693
14	53395	8	408.82304984693
14	53437	8.1	414.82304984693
14	53479	8.2	414.82304984693
14	53521	8.3	420.82304984693
14	53771	8.4	420.82304984693
14	53809	8.5	426.82304984693
14	53847	8.6	426.82304984693
14	53885	8.7	432.82304984693
14	53923	8.8	432.82304984693
14	53961	8.9	438.82304984693
14	53999	9	438.82304984693
14	54037	9.1	444.82304984693
14	54179	9.2	444.82304984693
14	54215	9.3	450.82304984693
14	54251	9.4	450.82304984693
14	54287	9.5	456.82304984693
14	54323	9.6	456.82304984693
14	54359	9.7	462.82304984693
14	54395	9.8	462.82304984693
14	54431	9.9	468.82304984693
14	54571	10	468.82304984693
14	54605	10.1	474.82304984693
14	54639	10.2	474.82304984693
14	54673	10.3	480.82304984693
14	54707	10.4	480.82304984693
14	54741	10.5	486.82304984693
14	54775	10.6	486.82304984693
14	54809	10.7	492.82304984693
14	54843	10.8	492.82304984693
14	54877	10.9	498.82304984693
14	54911	11	498.82304984693
14	54945	11.1	504.82304984693
14	54979	11.2	504.82304984693
14	55013	11.3	510.82304984693
15	1356	0.600619147561	1
15	3065	0.8	2
15	3398	0.826024232144	3
15	3834	0.850493565473	4
15	4241	0.876003011727	5
15	4908	0.901211570321	6
15	5526	0.925734164579	7
15	6392	0.950775161954	8
15	7218	0.975841916787	9
15	8321	1.00121598899	10
15	9344	1.026189117161	11
15	11677	1.075945093725	12
15	13080	1.100568521831	13
15	14529	1.12614322359	14
15	16126	1.150459079734	15
15	17529	1.17556223801	16
15	28991	1.380811554126	17
15	39274	2.9	18
15	39865	2.926331660809	19
15	42450	2.987234818248	21
15	42767	3	23
15	43332	3.007746827555	24
15	47190	3.07036297748	26
15	52891	7.3	28
16	38783	2.872790131971	1
16	39084	2.895603131971	2
16	39193	2.896869131971	3
16	39419	2.919402131971	4
16	39526	2.920821224861	5
16	39793	2.923672378131	6
16	39913	2.926989425813	7
16	40040	2.931697486623	8
16	40151	2.934052621638	9
16	40268	2.936771860135	10
16	40382	2.938880054217	11
16	40489	2.941950116041	12
16	40591	2.943395148513	13
16	40720	2.944635230745	14
16	40955	2.967142230745	15
16	41632	2.972818660666	16
16	41814	2.974237987969	17
16	41894	2.975669988751	18
16	41984	2.977088988751	19
16	42268	2.982930441255	20
16	42435	2.987027687158	21
16	42578	2.993685748976	22
16	42681	2.9974967941	23
16	42847	3.000176975239	24
16	42944	3.001596052945	25
16	43056	3.003657092102	26
16	43153	3.005076246627	27
16	43289	3.006768498025	28
16	43382	3.008827525545	29
16	43487	3.010259589797	30
16	43606	3.012318755111	31
16	43722	3.014379794268	32
16	43823	3.015824884114	33
16	43933	3.017988124367	34
16	44057	3.021061152968	35
16	44340	3.025218382534	36
16	44446	3.0272775102	37
16	44564	3.02912563845	38
16	44672	3.031197894187	39
16	44786	3.033257093621	40
16	44901	3.03534211719	41
16	44978	3.036761122569	42
16	45138	3.038193184243	43
16	45296	3.040905416178	44
16	45415	3.042964476988	45
16	45699	3.047082756549	46
16	46254	3.05537090998	47
16	46416	3.056829147428	48
16	46473	3.058914220271	49
16	46695	3.063045293455	50
16	46857	3.065104539358	51
16	46976	3.066549670998	52
16	47246	3.070680671779	53
16	47711	3.077080984869	54
16	47821	3.079166057957	55
16	47938	3.081264057957	56
16	48032	3.083323085477	57
16	48144	3.085382138896	58
16	48281	3.094669219328	59
16	48388	3.096728445952	60
16	48544	3.100152584801	61
16	48649	3.103095642766	62
16	48861	3.107901950828	63
16	49052	3.110146996826	64
16	49136	3.116027996825	65
16	49237	3.121532069207	66
16	49492	3.128705311697	67
16	49604	3.135574370858	68
16	49708	3.139726439495	69
16	49812	3.141850511798	70
19	51	0.3	365
19	402	0.4	365
19	823	0.5	363.86093109651
19	1255	0.6	363.86093109651
19	2105	0.7	362.71685667731
19	3092	0.8	362.71685667731
19	4790	0.9	361.60205417193
19	8224	1	361.60205417193
19	12950	1.1	360.55265700644
19	19012	1.2	360.55265700644
19	24842	1.3	359.53128938185
19	29280	1.4	359.53128938185
19	31826	1.5	358.54924415809
19	32706	1.6	358.54924415809
19	33175	1.7	357.60214469541
19	33647	1.8	357.60214469541
19	34119	1.9	356.74718240535
19	34595	2	356.74718240535
19	35057	2.1	355.90076164305
19	35533	2.2	355.90076164305
19	35992	2.3	355.12814831336
19	36455	2.4	355.12814831336
19	36924	2.5	354.37100887641
19	37397	2.6	354.37100887641
19	37859	2.7	353.68203692341
19	38332	2.8	353.68203692341
19	39256	2.9	353.06797893289
19	42749	3	353.06797893289
19	48467	3.1	352.46887363611
19	49851	3.2	352.46887363611
19	49913	3.3	351.92907182458
19	49975	3.4	351.92907182458
19	50037	3.5	351.40876958866
19	50099	3.6	351.40876958866
19	50161	3.7	350.91975412121
19	50223	3.8	350.91975412121
19	50285	3.9	350.46500184433
19	50555	4	350.46500184433
19	50613	4.1	350.07655768025
19	50671	4.2	350.07655768025
19	50729	4.3	349.72310297613
19	50787	4.4	349.72310297613
19	50845	4.5	349.3583043165
19	50903	4.6	349.3583043165
19	50961	4.7	348.98872902339
19	51227	4.8	348.98872902339
19	51281	4.9	348.5947423755
19	51335	5	348.5947423755
19	51389	5.1	348.16394719886
19	51443	5.2	348.16394719886
19	51497	5.3	347.70806930335
19	51551	5.4	347.70806930335
19	51605	5.5	347.2229559585
19	51867	5.6	347.2229559585
19	51917	5.7	346.64611880561
19	51967	5.8	346.64611880561
19	52017	5.9	345.98036254624
19	52067	6	345.98036254624
19	52117	6.1	345.25163788494
19	52167	6.2	345.25163788494
19	52217	6.3	344.44268344639
19	52475	6.4	344.44268344639
19	52521	6.5	343.53008928848
19	52567	6.6	343.53008928848
19	52613	6.7	342.53530057439
19	52659	6.8	342.53530057439
19	52705	6.9	341.45370694783
19	52751	7	341.45370694783
19	52797	7.1	340.29952923187
19	52843	7.2	340.29952923187
19	52889	7.3	339.05823179945
19	53143	7.4	339.05823179945
19	53185	7.5	333.05823179945
19	53227	7.6	333.05823179945
19	53269	7.7	327.05823179945
19	53311	7.8	327.05823179945
19	53353	7.9	321.05823179945
19	53395	8	321.05823179945
19	53437	8.1	315.05823179945
19	53479	8.2	315.05823179945
19	53521	8.3	309.05823179945
19	53771	8.4	309.05823179945
19	53809	8.5	303.05823179945
19	53847	8.6	303.05823179945
19	53885	8.7	297.05823179945
19	53923	8.8	297.05823179945
19	53961	8.9	291.05823179945
19	53999	9	291.05823179945
19	54037	9.1	285.05823179945
19	54179	9.2	285.05823179945
19	54215	9.3	279.05823179945
19	54251	9.4	279.05823179945
19	54287	9.5	273.05823179945
19	54323	9.6	273.05823179945
19	54359	9.7	267.05823179945
19	54395	9.8	267.05823179945
19	54431	9.9	261.05823179945
19	54571	10	261.05823179945
19	54605	10.1	255.05823179945
19	54639	10.2	255.05823179945
19	54673	10.3	249.05823179945
19	54707	10.4	249.05823179945
19	54741	10.5	243.05823179945
19	54775	10.6	243.05823179945
19	54809	10.7	237.05823179945
19	54843	10.8	237.05823179945
19	54877	10.9	231.05823179945
19	54911	11	231.05823179945
19	54945	11.1	225.05823179945
19	54979	11.2	225.05823179945
19	55013	11.3	219.05823179945
20	51	0.3	323.4
20	402	0.4	323.4
20	823	0.5	323.4
20	1255	0.6	323.4
20	2105	0.7	323.4
20	3092	0.8	323.4
20	4790	0.9	323.4
20	8224	1	323.4
20	12950	1.1	323.4
20	19012	1.2	323.4
20	24842	1.3	323.4
20	29280	1.4	323.4
20	31826	1.5	323.4
20	32706	1.6	323.4
20	33175	1.7	323.4
20	33647	1.8	323.4
20	34119	1.9	323.4
20	34595	2	323.4
20	35057	2.1	323.4
20	35533	2.2	323.4
20	35992	2.3	323.4
20	36455	2.4	323.4
20	36924	2.5	323.4
20	37397	2.6	323.4
20	37859	2.7	323.4
20	38332	2.8	323.4
20	39256	2.9	323.4
20	42749	3	323.4
20	48467	3.1	323.4
20	49851	3.2	323.4
20	49913	3.3	323.4
20	49975	3.4	323.4
20	50037	3.5	323.4
20	50099	3.6	323.4
20	50161	3.7	323.4
20	50223	3.8	323.4
20	50285	3.9	323.4
20	50555	4	323.4
20	50613	4.1	323.4
20	50671	4.2	323.4
20	50729	4.3	323.4
20	50787	4.4	323.4
20	50845	4.5	323.4
20	50903	4.6	323.4
20	50961	4.7	323.4
20	51227	4.8	323.4
20	51281	4.9	323.4
20	51335	5	323.4
20	51389	5.1	323.4
20	51443	5.2	323.4
20	51497	5.3	323.4
20	51551	5.4	323.4
20	51605	5.5	323.4
20	51867	5.6	323.4
20	51917	5.7	323.4
20	51967	5.8	323.4
20	52017	5.9	323.4
20	52067	6	323.4
20	52117	6.1	323.4
20	52167	6.2	323.4
20	52217	6.3	323.4
20	52475	6.4	323.4
20	52521	6.5	323.4
20	52567	6.6	323.4
20	52613	6.7	323.4
20	52659	6.8	323.4
20	52705	6.9	323.4
20	52751	7	323.4
20	52797	7.1	323.4
20	52843	7.2	323.4
20	52889	7.3	323.4
20	53143	7.4	323.4
20	53185	7.5	323.4
20	53227	7.6	323.4
20	53269	7.7	323.4
20	53311	7.8	323.4
20	53353	7.9	323.4
20	53395	8	323.4
20	53437	8.1	323.4
20	53479	8.2	323.4
20	53521	8.3	323.4
20	53771	8.4	323.4
20	53809	8.5	323.4
20	53847	8.6	323.4
20	53885	8.7	323.4
20	53923	8.8	323.4
20	53961	8.9	323.4
20	53999	9	323.4
20	54037	9.1	323.4
20	54179	9.2	323.4
20	54215	9.3	323.4
20	54251	9.4	323.4
20	54287	9.5	323.4
20	54323	9.6	323.4
20	54359	9.7	323.4
20	54395	9.8	323.4
20	54431	9.9	323.4
20	54571	10	323.4
20	54605	10.1	323.4
20	54639	10.2	323.4
20	54673	10.3	323.4
20	54707	10.4	323.4
20	54741	10.5	323.4
20	54775	10.6	323.4
20	54809	10.7	323.4
20	54843	10.8	323.4
20	54877	10.9	323.4
20	54911	11	323.4
20	54945	11.1	323.4
20	54979	11.2	323.4
20	55013	11.3	323.4
21	1368	0.60061918065	1
21	3067	0.8	2
21	3410	0.826024263558	3
21	3846	0.850493593821	4
21	4257	0.876003037059	5
21	4920	0.90121160273	6
21	5538	0.925734193143	7
21	6396	0.950775186739	8
21	7230	0.975841938384	9
21	8337	1.001216024865	10
21	9348	1.026189153037	11
21	10471	1.050989451736	12
21	13088	1.100568557832	13
21	14533	1.126143259684	14
21	16130	1.150459115884	15
21	17533	1.175562274196	16
21	23322	1.256726557667	17
21	39275	2.9	18
21	39863	2.925687550446	19
21	42459	2.989500384131	21
21	42768	3	23
21	43003	3.003299670651	24
21	46795	3.064126120788	26
21	54040	9.1	28
22	38795	2.872790168749	1
22	39096	2.895603168749	2
22	39205	2.896869168749	3
22	39431	2.919402168749	4
22	39538	2.920821255323	5
22	39809	2.923672412166	6
22	39925	2.926989455733	7
22	40048	2.931697511783	8
22	40163	2.934052655856	9
22	40272	2.936771881175	10
22	40394	2.938880084679	11
22	40505	2.941950142401	12
22	40607	2.943395185105	13
22	40732	2.944635267039	14
22	40967	2.967142267039	15
22	41646	2.972818697258	16
22	41818	2.974238024327	17
22	41910	2.975670025343	18
22	42000	2.977089025343	19
22	42122	2.978534025343	20
22	42447	2.987027723239	21
22	42582	2.993685785227	22
22	42693	2.997496828318	23
22	42851	3.000177011597	24
22	42956	3.001596083407	25
22	43068	3.003657128396	26
22	43169	3.005076272987	27
22	43293	3.006768534448	28
22	43394	3.008827559763	29
22	43503	3.010259623832	30
22	43618	3.012318785573	31
22	43734	3.014379830562	32
22	43835	3.015824914034	33
22	43949	3.017988150727	34
22	44069	3.021061187186	35
22	44352	3.025218412996	36
22	44458	3.02727754012	37
22	44568	3.02912565949	38
22	44688	3.031197920547	39
22	44794	3.033257118781	40
22	44917	3.035342151225	41
22	44994	3.036761159161	42
22	45147	3.038193220835	43
22	45308	3.040905446098	44
22	45423	3.042964502148	45
22	45519	3.04438351358	46
22	45703	3.047082777589	47
22	46141	3.053272875708	48
22	46270	3.055370946572	49
22	46420	3.056829183679	50
22	46590	3.060973256863	51
22	46869	3.065104575439	52
22	46980	3.066549707356	53
22	47258	3.07068070786	54
22	47715	3.077081021227	55
22	47825	3.07916609438	56
22	47942	3.08126409438	57
22	48044	3.083323119695	58
22	48156	3.085382169358	59
22	48297	3.094669253363	60
22	48404	3.096728472312	61
22	48556	3.100152614721	62
22	48661	3.103095667616	63
22	48865	3.107901971576	64
22	49068	3.110147033017	65
22	49152	3.116028033016	66
22	49344	3.123604105398	67
22	49504	3.128705347367	68
22	49608	3.135574406697	69
22	49712	3.139726475444	70
22	49816	3.141850547816	71
25	51	0.3	375
25	402	0.4	375
25	823	0.5	374.13637183067
25	1255	0.6	374.13637183067
25	2105	0.7	373.2726941942
25	3092	0.8	373.2726941942
25	4790	0.9	372.35715304917
25	8224	1	372.35715304917
25	12950	1.1	371.43569503998
25	19012	1.2	371.43569503998
25	24842	1.3	370.56579972661
25	29280	1.4	370.56579972661
25	31826	1.5	369.66805649633
25	32706	1.6	369.66805649633
25	33175	1.7	368.8093601578
25	33647	1.8	368.8093601578
25	34119	1.9	367.95559377384
25	34595	2	367.95559377384
25	35057	2.1	367.13523969641
25	35533	2.2	367.13523969641
25	35992	2.3	366.34043834628
25	36455	2.4	366.34043834628
25	36924	2.5	365.57973970085
25	37397	2.6	365.57973970085
25	37859	2.7	364.79523339531
25	38332	2.8	364.79523339531
25	39256	2.9	364.03808872627
25	42749	3	364.03808872627
25	48467	3.1	363.31869516249
25	49851	3.2	363.31869516249
25	49913	3.3	362.65079275384
25	49975	3.4	362.65079275384
25	50037	3.5	362.00766838467
25	50099	3.6	362.00766838467
25	50161	3.7	361.38588155283
25	50223	3.8	361.38588155283
25	50285	3.9	360.79575905161
25	50555	4	360.79575905161
25	50613	4.1	360.20181714224
25	50671	4.2	360.20181714224
25	50729	4.3	359.66377929986
25	50787	4.4	359.66377929986
25	50845	4.5	359.17594488344
25	50903	4.6	359.17594488344
25	50961	4.7	358.68446373225
25	51227	4.8	358.68446373225
25	51281	4.9	358.21311782493
25	51335	5	358.21311782493
25	51389	5.1	357.7510185637
25	51443	5.2	357.7510185637
25	51497	5.3	357.2781588074
25	51551	5.4	357.2781588074
25	51605	5.5	356.82382550171
25	51867	5.6	356.82382550171
25	51917	5.7	356.35614041377
25	51967	5.8	356.35614041377
25	52017	5.9	355.80769426916
25	52067	6	355.80769426916
25	52117	6.1	355.2293105264
25	52167	6.2	355.2293105264
25	52217	6.3	354.60687462685
25	52475	6.4	354.60687462685
25	52521	6.5	353.94399624055
25	52567	6.6	353.94399624055
25	52613	6.7	353.19157197763
25	52659	6.8	353.19157197763
25	52705	6.9	352.36153427797
25	52751	7	352.36153427797
25	52797	7.1	351.47904948049
25	52843	7.2	351.47904948049
25	52889	7.3	350.50070760337
25	53143	7.4	350.50070760337
25	53185	7.5	349.45306638633
25	53227	7.6	349.45306638633
25	53269	7.7	348.35271630029
25	53311	7.8	348.35271630029
25	53353	7.9	347.15518299569
25	53395	8	347.15518299569
25	53437	8.1	345.87765433156
25	53479	8.2	345.87765433156
25	53521	8.3	344.52321650808
25	53771	8.4	344.52321650808
25	53809	8.5	343.10226356466
25	53847	8.6	343.10226356466
25	53885	8.7	341.59592549788
25	53923	8.8	341.59592549788
25	53961	8.9	340.01466750974
25	53999	9	340.01466750974
25	54037	9.1	338.53837334077
25	54179	9.2	338.53837334077
25	54215	9.3	332.53837334077
25	54251	9.4	332.53837334077
25	54287	9.5	326.53837334077
25	54323	9.6	326.53837334077
25	54359	9.7	320.53837334077
25	54395	9.8	320.53837334077
25	54431	9.9	314.53837334077
25	54571	10	314.53837334077
25	54605	10.1	308.53837334077
25	54639	10.2	308.53837334077
25	54673	10.3	302.53837334077
25	54707	10.4	302.53837334077
25	54741	10.5	296.53837334077
25	54775	10.6	296.53837334077
25	54809	10.7	290.53837334077
25	54843	10.8	290.53837334077
25	54877	10.9	284.53837334077
25	54911	11	284.53837334077
25	54945	11.1	278.53837334077
25	54979	11.2	278.53837334077
25	55013	11.3	272.53837334077
26	51	0.3	323.4
26	402	0.4	323.4
26	823	0.5	323.4
26	1255	0.6	323.4
26	2105	0.7	323.4
26	3092	0.8	323.4
26	4790	0.9	323.4
26	8224	1	323.4
26	12950	1.1	323.4
26	19012	1.2	323.4
26	24842	1.3	323.4
26	29280	1.4	323.4
26	31826	1.5	323.4
26	32706	1.6	323.4
26	33175	1.7	323.4
26	33647	1.8	323.4
26	34119	1.9	323.4
26	34595	2	323.4
26	35057	2.1	323.4
26	35533	2.2	323.4
26	35992	2.3	323.4
26	36455	2.4	323.4
26	36924	2.5	323.4
26	37397	2.6	323.4
26	37859	2.7	323.4
26	38332	2.8	323.4
26	39256	2.9	323.4
26	42749	3	323.4
26	48467	3.1	323.4
26	49851	3.2	323.4
26	49913	3.3	323.4
26	49975	3.4	323.4
26	50037	3.5	323.4
26	50099	3.6	323.4
26	50161	3.7	323.4
26	50223	3.8	323.4
26	50285	3.9	323.4
26	50555	4	323.4
26	50613	4.1	323.4
26	50671	4.2	323.4
26	50729	4.3	323.4
26	50787	4.4	323.4
26	50845	4.5	323.4
26	50903	4.6	323.4
26	50961	4.7	323.4
26	51227	4.8	323.4
26	51281	4.9	323.4
26	51335	5	323.4
26	51389	5.1	323.4
26	51443	5.2	323.4
26	51497	5.3	323.4
26	51551	5.4	323.4
26	51605	5.5	323.4
26	51867	5.6	323.4
26	51917	5.7	323.4
26	51967	5.8	323.4
26	52017	5.9	323.4
26	52067	6	323.4
26	52117	6.1	323.4
26	52167	6.2	323.4
26	52217	6.3	323.4
26	52475	6.4	323.4
26	52521	6.5	323.4
26	52567	6.6	323.4
26	52613	6.7	323.4
26	52659	6.8	323.4
26	52705	6.9	323.4
26	52751	7	323.4
26	52797	7.1	323.4
26	52843	7.2	323.4
26	52889	7.3	323.4
26	53143	7.4	323.4
26	53185	7.5	323.4
26	53227	7.6	323.4
26	53269	7.7	323.4
26	53311	7.8	323.4
26	53353	7.9	323.4
26	53395	8	323.4
26	53437	8.1	323.4
26	53479	8.2	323.4
26	53521	8.3	323.4
26	53771	8.4	323.4
26	53809	8.5	323.4
26	53847	8.6	323.4
26	53885	8.7	323.4
26	53923	8.8	323.4
26	53961	8.9	323.4
26	53999	9	323.4
26	54037	9.1	323.4
26	54179	9.2	323.4
26	54215	9.3	323.4
26	54251	9.4	323.4
26	54287	9.5	323.4
26	54323	9.6	323.4
26	54359	9.7	323.4
26	54395	9.8	323.4
26	54431	9.9	323.4
26	54571	10	323.4
26	54605	10.1	323.4
26	54639	10.2	323.4
26	54673	10.3	323.4
26	54707	10.4	323.4
26	54741	10.5	323.4
26	54775	10.6	323.4
26	54809	10.7	323.4
26	54843	10.8	323.4
26	54877	10.9	323.4
26	54911	11	323.4
26	54945	11.1	323.4
26	54979	11.2	323.4
26	55013	11.3	323.4
27	1328	0.600619081853	1
27	3069	0.8	2
27	3378	0.826024184042	3
27	3818	0.850493530584	4
27	4229	0.876002986552	5
27	4880	0.901211515477	6
27	5506	0.925734112976	7
27	6368	0.950775114457	8
27	7194	0.975841872739	9
27	8329	1.001216016723	10
27	9372	1.026189217082	11
27	10503	1.050989588452	12
27	11717	1.075945266044	13
27	14477	1.126143059472	14
27	16078	1.150458915827	15
27	17481	1.175562074255	16
27	22433	1.253459025752	17
27	39276	2.9	18
27	39825	2.925058317906	19
27	42453	2.988149039669	21
27	42769	3	23
27	43112	3.004564842699	24
27	46909	3.065745521657	26
27	50289	3.9	28
28	38747	2.872790065553	1
28	39048	2.895603065553	2
28	39157	2.896869065553	3
28	39383	2.919402065553	4
28	39506	2.920821197752	5
28	39765	2.923672329406	6
28	39889	2.926989378841	7
28	40012	2.931697443946	8
28	40127	2.934052578034	9
28	40240	2.936771821097	10
28	40362	2.938880027108	11
28	40481	2.94195010016	12
28	40583	2.943395141717	13
28	40684	2.944635166351	14
28	40919	2.967142166351	15
28	41295	2.969980488315	16
28	41766	2.974237865542	17
28	41886	2.975669981955	18
28	42012	2.977089041988	19
28	42304	2.982930563951	20
28	42522	2.993685626219	21
28	42657	2.997496750496	22
28	42799	3.000176852812	23
28	42924	3.001596025836	24
28	43020	3.003657027708	25
28	43145	3.005076230746	26
28	43241	3.006768375834	27
28	43358	3.008827481941	28
28	43459	3.010259541072	29
28	43586	3.012318728002	30
28	43686	3.014379729874	31
28	43799	3.015824837142	32
28	43925	3.017988108486	33
28	44033	3.021061109364	34
28	44206	3.023133168495	35
28	44320	3.025218355425	36
28	44422	3.027277463228	37
28	44536	3.029125599412	38
28	44664	3.031197878306	39
28	44758	3.033257050944	40
28	44873	3.035342068465	41
28	45006	3.036761175806	42
28	45132	3.038193177447	43
28	45272	3.040905369206	44
28	45387	3.042964434311	45
28	45671	3.047082717511	46
28	46169	3.053272962323	47
28	46282	3.055370963217	48
28	46360	3.056829024671	49
28	46509	3.058914342967	50
28	46618	3.060973343478	51
28	46731	3.063045416151	52
28	46928	3.066549548571	53
28	47348	3.07275261084	54
28	47663	3.077080862442	55
28	47773	3.079165935766	56
28	47890	3.081263935766	57
28	48008	3.083323041873	58
28	48124	3.085382111787	59
28	48253	3.094669170603	60
28	48380	3.096728430071	61
28	48520	3.100152537829	62
28	48625	3.103095601088	63
28	48833	3.107901912582	64
28	49044	3.110146992027	65
28	49164	3.116028049672	66
28	49273	3.121532189931	67
28	49372	3.123604190452	68
28	49548	3.13557425006	69
28	49660	3.139726319036	70
28	49764	3.141850391582	71
31	51	0.3	305
31	402	0.4	305
31	823	0.5	306.94881750639
31	1255	0.6	306.94881750639
31	2105	0.7	308.7317984295
31	3092	0.8	308.7317984295
31	4790	0.9	310.3347793526
31	8224	1	310.3347793526
31	12950	1.1	311.7577602757
31	19012	1.2	311.7577602757
31	24842	1.3	313.0007411988
31	29280	1.4	313.0007411988
31	31826	1.5	314.0637221219
31	32706	1.6	314.0637221219
31	33175	1.7	314.94670304501
31	33647	1.8	314.94670304501
31	34119	1.9	315.66137329636
31	34595	2	315.66137329636
31	35057	2.1	316.2061141344
31	35533	2.2	316.2061141344
31	35992	2.3	316.57085497243
31	36455	2.4	316.57085497243
31	36924	2.5	316.77190917399
31	37397	2.6	316.77190917399
31	37859	2.7	316.79793192166
31	38332	2.8	316.79793192166
31	39256	2.9	316.79896387484
31	42749	3	316.79896387484
31	48467	3.1	316.79899722729
31	49851	3.2	316.79899722729
31	49913	3.3	316.79899722729
31	49975	3.4	316.79899722729
31	50037	3.5	316.79899722729
31	50099	3.6	316.79899722729
31	50161	3.7	316.79899722729
31	50223	3.8	316.79899722729
31	50285	3.9	316.79899722729
31	50555	4	316.79899722729
31	50613	4.1	322.79899722729
31	50671	4.2	322.79899722729
31	50729	4.3	328.79899722729
31	50787	4.4	328.79899722729
31	50845	4.5	334.79899722729
31	50903	4.6	334.79899722729
31	50961	4.7	340.79899722729
31	51227	4.8	340.79899722729
31	51281	4.9	346.79899722729
31	51335	5	346.79899722729
31	51389	5.1	352.79899722729
31	51443	5.2	352.79899722729
31	51497	5.3	358.79899722729
31	51551	5.4	358.79899722729
31	51605	5.5	364.79899722729
31	51867	5.6	364.79899722729
31	51917	5.7	370.79899722729
31	51967	5.8	370.79899722729
31	52017	5.9	376.79899722729
31	52067	6	376.79899722729
31	52117	6.1	382.79899722729
31	52167	6.2	382.79899722729
31	52217	6.3	388.79899722729
31	52475	6.4	388.79899722729
31	52521	6.5	394.79899722729
31	52567	6.6	394.79899722729
31	52613	6.7	400.79899722729
31	52659	6.8	400.79899722729
31	52705	6.9	406.79899722729
31	52751	7	406.79899722729
31	52797	7.1	412.79899722729
31	52843	7.2	412.79899722729
31	52889	7.3	418.79899722729
31	53143	7.4	418.79899722729
31	53185	7.5	424.79899722729
31	53227	7.6	424.79899722729
31	53269	7.7	430.79899722729
31	53311	7.8	430.79899722729
31	53353	7.9	436.79899722729
31	53395	8	436.79899722729
31	53437	8.1	442.79899722729
31	53479	8.2	442.79899722729
31	53521	8.3	448.79899722729
31	53771	8.4	448.79899722729
31	53809	8.5	454.79899722729
31	53847	8.6	454.79899722729
31	53885	8.7	460.79899722729
31	53923	8.8	460.79899722729
31	53961	8.9	466.79899722729
31	53999	9	466.79899722729
31	54037	9.1	472.79899722729
31	54179	9.2	472.79899722729
31	54215	9.3	478.79899722729
31	54251	9.4	478.79899722729
31	54287	9.5	484.79899722729
31	54323	9.6	484.79899722729
31	54359	9.7	490.79899722729
31	54395	9.8	490.79899722729
31	54431	9.9	496.79899722729
31	54571	10	496.79899722729
31	54605	10.1	502.79899722729
31	54639	10.2	502.79899722729
31	54673	10.3	508.79899722729
31	54707	10.4	508.79899722729
31	54741	10.5	514.79899722729
31	54775	10.6	514.79899722729
31	54809	10.7	520.79899722729
31	54843	10.8	520.79899722729
31	54877	10.9	526.79899722729
31	54911	11	526.79899722729
31	54945	11.1	532.79899722729
31	54979	11.2	532.79899722729
31	55013	11.3	538.79899722729
32	51	0.3	326.6
32	402	0.4	326.6
32	823	0.5	326.6
32	1255	0.6	326.6
32	2105	0.7	326.6
32	3092	0.8	326.6
32	4790	0.9	326.6
32	8224	1	326.6
32	12950	1.1	326.6
32	19012	1.2	326.6
32	24842	1.3	326.6
32	29280	1.4	326.6
32	31826	1.5	326.6
32	32706	1.6	326.6
32	33175	1.7	326.6
32	33647	1.8	326.6
32	34119	1.9	326.6
32	34595	2	326.6
32	35057	2.1	326.6
32	35533	2.2	326.6
32	35992	2.3	326.6
32	36455	2.4	326.6
32	36924	2.5	326.6
32	37397	2.6	326.6
32	37859	2.7	326.6
32	38332	2.8	326.6
32	39256	2.9	326.6
32	42749	3	326.6
32	48467	3.1	326.6
32	49851	3.2	326.6
32	49913	3.3	326.6
32	49975	3.4	326.6
32	50037	3.5	326.6
32	50099	3.6	326.6
32	50161	3.7	326.6
32	50223	3.8	326.6
32	50285	3.9	326.6
32	50555	4	326.6
32	50613	4.1	326.6
32	50671	4.2	326.6
32	50729	4.3	326.6
32	50787	4.4	326.6
32	50845	4.5	326.6
32	50903	4.6	326.6
32	50961	4.7	326.6
32	51227	4.8	326.6
32	51281	4.9	326.6
32	51335	5	326.6
32	51389	5.1	326.6
32	51443	5.2	326.6
32	51497	5.3	326.6
32	51551	5.4	326.6
32	51605	5.5	326.6
32	51867	5.6	326.6
32	51917	5.7	326.6
32	51967	5.8	326.6
32	52017	5.9	326.6
32	52067	6	326.6
32	52117	6.1	326.6
32	52167	6.2	326.6
32	52217	6.3	326.6
32	52475	6.4	326.6
32	52521	6.5	326.6
32	52567	6.6	326.6
32	52613	6.7	326.6
32	52659	6.8	326.6
32	52705	6.9	326.6
32	52751	7	326.6
32	52797	7.1	326.6
32	52843	7.2	326.6
32	52889	7.3	326.6
32	53143	7.4	326.6
32	53185	7.5	326.6
32	53227	7.6	326.6
32	53269	7.7	326.6
32	53311	7.8	326.6
32	53353	7.9	326.6
32	53395	8	326.6
32	53437	8.1	326.6
32	53479	8.2	326.6
32	53521	8.3	326.6
32	53771	8.4	326.6
32	53809	8.5	326.6
32	53847	8.6	326.6
32	53885	8.7	326.6
32	53923	8.8	326.6
32	53961	8.9	326.6
32	53999	9	326.6
32	54037	9.1	326.6
32	54179	9.2	326.6
32	54215	9.3	326.6
32	54251	9.4	326.6
32	54287	9.5	326.6
32	54323	9.6	326.6
32	54359	9.7	326.6
32	54395	9.8	326.6
32	54431	9.9	326.6
32	54571	10	326.6
32	54605	10.1	326.6
32	54639	10.2	326.6
32	54673	10.3	326.6
32	54707	10.4	326.6
32	54741	10.5	326.6
32	54775	10.6	326.6
32	54809	10.7	326.6
32	54843	10.8	326.6
32	54877	10.9	326.6
32	54911	11	326.6
32	54945	11.1	326.6
32	54979	11.2	326.6
32	55013	11.3	326.6
33	1336	0.600619106214	1
33	3071	0.8	2
33	3382	0.826024202192	3
33	3826	0.850493544924	4
33	4237	0.876002998324	5
33	4900	0.90121154842	6
33	5514	0.925734139521	7
33	6376	0.950775135583	8
33	7206	0.975841890001	9
33	8345	1.001216052556	10
33	9384	1.026189253221	11
33	10523	1.050989624739	12
33	11729	1.075945302411	13
33	13028	1.100568394556	14
33	16074	1.150458878678	15
33	17477	1.175562037106	16
33	26341	1.328773681577	17
33	39277	2.9	18
33	39867	2.926741724309	19
33	42454	2.98816266725	21
33	42770	3	23
33	43111	3.004516962842	24
33	47089	3.067781595932	26
33	51610	5.5	28
34	38759	2.872790085624	1
34	39060	2.895603085624	2
34	39169	2.896869085624	3
34	39395	2.919402085624	4
34	39514	2.92082120656	5
34	39785	2.923672359236	6
34	39905	2.926989402304	7
34	40024	2.931697461087	8
34	40139	2.934052590561	9
34	40248	2.936771834041	10
34	40370	2.938880035916	11
34	40485	2.941950106835	12
34	40599	2.9433951712	13
34	40696	2.944635185251	14
34	40931	2.967142185251	15
34	41461	2.971399547136	16
34	41758	2.974237834409	17
34	41902	2.975670011438	18
34	42024	2.977089072308	19
34	42320	2.982930594805	20
34	42391	2.987027595085	21
34	42669	2.997496763023	22
34	42791	3.000176821679	23
34	42932	3.001596034644	24
34	43032	3.003657046608	25
34	43149	3.005076237421	26
34	43237	3.0067683447	27
34	43370	3.008827494468	28
34	43479	3.010259570902	29
34	43594	3.01231873681	30
34	43698	3.014379748774	31
34	43815	3.015824860605	32
34	43929	3.017988115161	33
34	44045	3.021061121891	34
34	44328	3.025218364233	35
34	44438	3.027277486691	36
34	44544	3.029125612356	37
34	44668	3.031197884981	38
34	44770	3.033257068085	39
34	44893	3.035342098295	40
34	45018	3.036761206126	41
34	45288	3.040905392669	42
34	45399	3.042964451452	43
34	45679	3.047082730455	44
34	46181	3.053272993007	45
34	46294	3.055370993537	46
34	46525	3.058914373821	47
34	46630	3.060973374162	48
34	46747	3.063045447005	49
34	46813	3.065104447285	50
34	46920	3.066549517438	51
34	47202	3.070680579706	52
34	47655	3.077080831309	53
34	47769	3.079165904632	54
34	47886	3.081263904632	55
34	48020	3.0833230544	56
34	48132	3.085382120595	57
34	48273	3.094669200433	58
34	48384	3.096728436746	59
34	48536	3.100152561292	60
34	48637	3.103095617654	61
34	48841	3.107901925069	62
34	49060	3.110147020228	63
34	49176	3.11602807867	64
34	49289	3.121532219457	65
34	49384	3.123604219809	66
34	49448	3.128705220256	67
34	49652	3.139726289232	68
34	49760	3.141850361778	69
37	51	0.3	295
37	402	0.4	295
37	823	0.5	296.53210424606
37	1255	0.6	296.53210424606
37	2105	0.7	298.01806732976
37	3092	0.8	298.01806732976
37	4790	0.9	299.37350092701
37	8224	1	299.37350092701
37	12950	1.1	300.62072558751
37	19012	1.2	300.62072558751
37	24842	1.3	301.74254315621
37	29280	1.4	301.74254315621
37	31826	1.5	302.76544617961
37	32706	1.6	302.76544617961
37	33175	1.7	303.67632406463
37	33647	1.8	303.67632406463
37	34119	1.9	304.50606734374
37	34595	2	304.50606734374
37	35057	2.1	305.23391674764
37	35533	2.2	305.23391674764
37	35992	2.3	305.91673891741
37	36455	2.4	305.91673891741
37	36924	2.5	306.50407011799
37	37397	2.6	306.50407011799
37	37859	2.7	307.01032715114
37	38332	2.8	307.01032715114
37	39256	2.9	307.46528859704
37	42749	3	307.46528859704
37	48467	3.1	307.8639479511
37	49851	3.2	307.8639479511
37	49913	3.3	308.20219064776
37	49975	3.4	308.20219064776
37	50037	3.5	308.49195905668
37	50099	3.6	308.49195905668
37	50161	3.7	308.73804332929
37	50223	3.8	308.73804332929
37	50285	3.9	308.92434786901
37	50555	4	308.92434786901
37	50613	4.1	309.0913931475
37	50671	4.2	309.0913931475
37	50729	4.3	309.33885963745
37	50787	4.4	309.33885963745
37	50845	4.5	309.68749800977
37	50903	4.6	309.68749800977
37	50961	4.7	310.12653683241
37	51227	4.8	310.12653683241
37	51281	4.9	310.62121585424
37	51335	5	310.62121585424
37	51389	5.1	311.21366731203
37	51443	5.2	311.21366731203
37	51497	5.3	311.89459767356
37	51551	5.4	311.89459767356
37	51605	5.5	312.63628733531
37	51867	5.6	312.63628733531
37	51917	5.7	318.63628733531
37	51967	5.8	318.63628733531
37	52017	5.9	324.63628733531
37	52067	6	324.63628733531
37	52117	6.1	330.63628733531
37	52167	6.2	330.63628733531
37	52217	6.3	336.63628733531
37	52475	6.4	336.63628733531
37	52521	6.5	342.63628733531
37	52567	6.6	342.63628733531
37	52613	6.7	348.63628733531
37	52659	6.8	348.63628733531
37	52705	6.9	354.63628733531
37	52751	7	354.63628733531
37	52797	7.1	360.63628733531
37	52843	7.2	360.63628733531
37	52889	7.3	366.63628733531
37	53143	7.4	366.63628733531
37	53185	7.5	372.63628733531
37	53227	7.6	372.63628733531
37	53269	7.7	378.63628733531
37	53311	7.8	378.63628733531
37	53353	7.9	384.63628733531
37	53395	8	384.63628733531
37	53437	8.1	390.63628733531
37	53479	8.2	390.63628733531
37	53521	8.3	396.63628733531
37	53771	8.4	396.63628733531
37	53809	8.5	402.63628733531
37	53847	8.6	402.63628733531
37	53885	8.7	408.63628733531
37	53923	8.8	408.63628733531
37	53961	8.9	414.63628733531
37	53999	9	414.63628733531
37	54037	9.1	420.63628733531
37	54179	9.2	420.63628733531
37	54215	9.3	426.63628733531
37	54251	9.4	426.63628733531
37	54287	9.5	432.63628733531
37	54323	9.6	432.63628733531
37	54359	9.7	438.63628733531
37	54395	9.8	438.63628733531
37	54431	9.9	444.63628733531
37	54571	10	444.63628733531
37	54605	10.1	450.63628733531
37	54639	10.2	450.63628733531
37	54673	10.3	456.63628733531
37	54707	10.4	456.63628733531
37	54741	10.5	462.63628733531
37	54775	10.6	462.63628733531
37	54809	10.7	468.63628733531
37	54843	10.8	468.63628733531
37	54877	10.9	474.63628733531
37	54911	11	474.63628733531
37	54945	11.1	480.63628733531
37	54979	11.2	480.63628733531
37	55013	11.3	486.63628733531
38	51	0.3	326.6
38	402	0.4	326.6
38	823	0.5	326.6
38	1255	0.6	326.6
38	2105	0.7	326.6
38	3092	0.8	326.6
38	4790	0.9	326.6
38	8224	1	326.6
38	12950	1.1	326.6
38	19012	1.2	326.6
38	24842	1.3	326.6
38	29280	1.4	326.6
38	31826	1.5	326.6
38	32706	1.6	326.6
38	33175	1.7	326.6
38	33647	1.8	326.6
38	34119	1.9	326.6
38	34595	2	326.6
38	35057	2.1	326.6
38	35533	2.2	326.6
38	35992	2.3	326.6
38	36455	2.4	326.6
38	36924	2.5	326.6
38	37397	2.6	326.6
38	37859	2.7	326.6
38	38332	2.8	326.6
38	39256	2.9	326.6
38	42749	3	326.6
38	48467	3.1	326.6
38	49851	3.2	326.6
38	49913	3.3	326.6
38	49975	3.4	326.6
38	50037	3.5	326.6
38	50099	3.6	326.6
38	50161	3.7	326.6
38	50223	3.8	326.6
38	50285	3.9	326.6
38	50555	4	326.6
38	50613	4.1	326.6
38	50671	4.2	326.6
38	50729	4.3	326.6
38	50787	4.4	326.6
38	50845	4.5	326.6
38	50903	4.6	326.6
38	50961	4.7	326.6
38	51227	4.8	326.6
38	51281	4.9	326.6
38	51335	5	326.6
38	51389	5.1	326.6
38	51443	5.2	326.6
38	51497	5.3	326.6
38	51551	5.4	326.6
38	51605	5.5	326.6
38	51867	5.6	326.6
38	51917	5.7	326.6
38	51967	5.8	326.6
38	52017	5.9	326.6
38	52067	6	326.6
38	52117	6.1	326.6
38	52167	6.2	326.6
38	52217	6.3	326.6
38	52475	6.4	326.6
38	52521	6.5	326.6
38	52567	6.6	326.6
38	52613	6.7	326.6
38	52659	6.8	326.6
38	52705	6.9	326.6
38	52751	7	326.6
38	52797	7.1	326.6
38	52843	7.2	326.6
38	52889	7.3	326.6
38	53143	7.4	326.6
38	53185	7.5	326.6
38	53227	7.6	326.6
38	53269	7.7	326.6
38	53311	7.8	326.6
38	53353	7.9	326.6
38	53395	8	326.6
38	53437	8.1	326.6
38	53479	8.2	326.6
38	53521	8.3	326.6
38	53771	8.4	326.6
38	53809	8.5	326.6
38	53847	8.6	326.6
38	53885	8.7	326.6
38	53923	8.8	326.6
38	53961	8.9	326.6
38	53999	9	326.6
38	54037	9.1	326.6
38	54179	9.2	326.6
38	54215	9.3	326.6
38	54251	9.4	326.6
38	54287	9.5	326.6
38	54323	9.6	326.6
38	54359	9.7	326.6
38	54395	9.8	326.6
38	54431	9.9	326.6
38	54571	10	326.6
38	54605	10.1	326.6
38	54639	10.2	326.6
38	54673	10.3	326.6
38	54707	10.4	326.6
38	54741	10.5	326.6
38	54775	10.6	326.6
38	54809	10.7	326.6
38	54843	10.8	326.6
38	54877	10.9	326.6
38	54911	11	326.6
38	54945	11.1	326.6
38	54979	11.2	326.6
38	55013	11.3	326.6
39	1352	0.600619135116	1
39	3073	0.8	2
39	3394	0.82602422668	3
39	3830	0.850493565375	4
39	4245	0.876003015676	5
39	4916	0.901211582997	6
39	5530	0.925734170092	7
39	6388	0.950775161769	8
39	7214	0.975841912441	9
39	8357	1.001216088498	10
39	9396	1.026189289309	11
39	10527	1.050989660909	12
39	11733	1.075945338631	13
39	13044	1.100568431451	14
39	14473	1.126143059218	15
39	17473	1.175562000211	16
39	25179	1.303647608892	17
39	39278	2.9	18
39	39942	2.928268953029	19
39	42508	2.992589221931	21
39	42771	3	23
39	43113	3.004641662928	24
39	47051	3.067023888968	26
39	52895	7.3	28
40	38775	2.87279011621	1
40	39076	2.89560311621	2
40	39185	2.89686911621	3
40	39411	2.91940211621	4
40	39522	2.920821224766	5
40	39801	2.923672393742	6
40	39917	2.926989433186	7
40	40036	2.931697486618	8
40	40147	2.93405261414	9
40	40260	2.936771854803	10
40	40378	2.938880054122	11
40	40497	2.941950121274	12
40	40615	2.943395205394	13
40	40712	2.944635215023	14
40	40947	2.967142215023	15
40	41300	2.969980492258	16
40	41479	2.971399582212	17
40	41918	2.975670045632	18
40	42036	2.977089106859	19
40	42324	2.982930629658	20
40	42411	2.987027630161	21
40	42526	2.993685630162	22
40	42677	2.997496786602	23
40	42940	3.00159605285	24
40	43048	3.00365707638	25
40	43161	3.00507625186	26
40	43233	3.006768309624	27
40	43378	3.008827518047	28
40	43495	3.010259605408	29
40	43602	3.012318755016	30
40	43714	3.014379778546	31
40	43827	3.015824891487	32
40	43941	3.0179881296	33
40	44053	3.02106114547	34
40	44336	3.025218382439	35
40	44450	3.027277517573	36
40	44556	3.029125633118	37
40	44680	3.03119789942	38
40	44782	3.033257093616	39
40	44909	3.035342132801	40
40	45030	3.036761240677	41
40	45300	3.040905423551	42
40	45411	3.042964476983	43
40	45691	3.047082751217	44
40	46193	3.053273027753	45
40	46306	3.055371028088	46
40	46364	3.056829028614	47
40	46529	3.058914408674	48
40	46642	3.060973408908	49
40	46751	3.063045481858	50
40	46833	3.065104482361	51
40	47105	3.068608552515	52
40	47222	3.070680614782	53
40	47509	3.074197688106	54
40	47765	3.079165869556	55
40	47882	3.081263869556	56
40	48028	3.083323077979	57
40	48140	3.085382138801	58
40	48289	3.094669234939	59
40	48396	3.096728451185	60
40	48548	3.100152592174	61
40	48653	3.103095642835	62
40	48853	3.107901945518	63
40	49076	3.110147053821	64
40	49188	3.116028112619	65
40	49293	3.121532253716	66
40	49396	3.123604253958	67
40	49468	3.128705254744	68
40	49552	3.135574254744	69
40	49756	3.14185032729	70
43	51	0.3	285
43	402	0.4	285
43	823	0.5	286.142415704
43	1255	0.6	286.142415704
43	2105	0.7	287.30485530973
43	3092	0.8	287.30485530973
43	4790	0.9	288.47178498377
43	8224	1	288.47178498377
43	12950	1.1	289.56000575202
43	19012	1.2	289.56000575202
43	24842	1.3	290.57100605113
43	29280	1.4	290.57100605113
43	31826	1.5	291.55076859048
43	32706	1.6	291.55076859048
43	33175	1.7	292.47246942993
43	33647	1.8	292.47246942993
43	34119	1.9	293.29406523919
43	34595	2	293.29406523919
43	35057	2.1	294.07931546087
43	35533	2.2	294.07931546087
43	35992	2.3	294.85275126455
43	36455	2.4	294.85275126455
43	36924	2.5	295.58498063268
43	37397	2.6	295.58498063268
43	37859	2.7	296.29135725199
43	38332	2.8	296.29135725199
43	39256	2.9	296.9495938121
43	42749	3	296.9495938121
43	48467	3.1	297.52468547107
43	49851	3.2	297.52468547107
43	49913	3.3	298.10474365641
43	49975	3.4	298.10474365641
43	50037	3.5	298.62034164534
43	50099	3.6	298.62034164534
43	50161	3.7	299.11450090434
43	50223	3.8	299.11450090434
43	50285	3.9	299.53735291863
43	50555	4	299.53735291863
43	50613	4.1	299.93031603811
43	50671	4.2	299.93031603811
43	50729	4.3	300.2813997074
43	50787	4.4	300.2813997074
43	50845	4.5	300.63748926533
43	50903	4.6	300.63748926533
43	50961	4.7	300.99901087747
43	51227	4.8	300.99901087747
43	51281	4.9	301.40480303835
43	51335	5	301.40480303835
43	51389	5.1	301.85626563505
43	51443	5.2	301.85626563505
43	51497	5.3	302.33722381014
43	51551	5.4	302.33722381014
43	51605	5.5	302.87959903447
43	51867	5.6	302.87959903447
43	51917	5.7	303.49266349102
43	51967	5.8	303.49266349102
43	52017	5.9	304.16802211012
43	52067	6	304.16802211012
43	52117	6.1	304.91598766058
43	52167	6.2	304.91598766058
43	52217	6.3	305.74228444392
43	52475	6.4	305.74228444392
43	52521	6.5	306.62406256717
43	52567	6.6	306.62406256717
43	52613	6.7	307.57587887947
43	52659	6.8	307.57587887947
43	52705	6.9	308.59639502158
43	52751	7	308.59639502158
43	52797	7.1	309.70470490244
43	52843	7.2	309.70470490244
43	52889	7.3	310.91076737851
43	53143	7.4	310.91076737851
43	53185	7.5	316.91076737851
43	53227	7.6	316.91076737851
43	53269	7.7	322.91076737851
43	53311	7.8	322.91076737851
43	53353	7.9	328.91076737851
43	53395	8	328.91076737851
43	53437	8.1	334.91076737851
43	53479	8.2	334.91076737851
43	53521	8.3	340.91076737851
43	53771	8.4	340.91076737851
43	53809	8.5	346.91076737851
43	53847	8.6	346.91076737851
43	53885	8.7	352.91076737851
43	53923	8.8	352.91076737851
43	53961	8.9	358.91076737851
43	53999	9	358.91076737851
43	54037	9.1	364.91076737851
43	54179	9.2	364.91076737851
43	54215	9.3	370.91076737851
43	54251	9.4	370.91076737851
43	54287	9.5	376.91076737851
43	54323	9.6	376.91076737851
43	54359	9.7	382.91076737851
43	54395	9.8	382.91076737851
43	54431	9.9	388.91076737851
43	54571	10	388.91076737851
43	54605	10.1	394.91076737851
43	54639	10.2	394.91076737851
43	54673	10.3	400.91076737851
43	54707	10.4	400.91076737851
43	54741	10.5	406.91076737851
43	54775	10.6	406.91076737851
43	54809	10.7	412.91076737851
43	54843	10.8	412.91076737851
43	54877	10.9	418.91076737851
43	54911	11	418.91076737851
43	54945	11.1	424.91076737851
43	54979	11.2	424.91076737851
43	55013	11.3	430.91076737851
44	51	0.3	326.6
44	402	0.4	326.6
44	823	0.5	326.6
44	1255	0.6	326.6
44	2105	0.7	326.6
44	3092	0.8	326.6
44	4790	0.9	326.6
44	8224	1	326.6
44	12950	1.1	326.6
44	19012	1.2	326.6
44	24842	1.3	326.6
44	29280	1.4	326.6
44	31826	1.5	326.6
44	32706	1.6	326.6
44	33175	1.7	326.6
44	33647	1.8	326.6
44	34119	1.9	326.6
44	34595	2	326.6
44	35057	2.1	326.6
44	35533	2.2	326.6
44	35992	2.3	326.6
44	36455	2.4	326.6
44	36924	2.5	326.6
44	37397	2.6	326.6
44	37859	2.7	326.6
44	38332	2.8	326.6
44	39256	2.9	326.6
44	42749	3	326.6
44	48467	3.1	326.6
44	49851	3.2	326.6
44	49913	3.3	326.6
44	49975	3.4	326.6
44	50037	3.5	326.6
44	50099	3.6	326.6
44	50161	3.7	326.6
44	50223	3.8	326.6
44	50285	3.9	326.6
44	50555	4	326.6
44	50613	4.1	326.6
44	50671	4.2	326.6
44	50729	4.3	326.6
44	50787	4.4	326.6
44	50845	4.5	326.6
44	50903	4.6	326.6
44	50961	4.7	326.6
44	51227	4.8	326.6
44	51281	4.9	326.6
44	51335	5	326.6
44	51389	5.1	326.6
44	51443	5.2	326.6
44	51497	5.3	326.6
44	51551	5.4	326.6
44	51605	5.5	326.6
44	51867	5.6	326.6
44	51917	5.7	326.6
44	51967	5.8	326.6
44	52017	5.9	326.6
44	52067	6	326.6
44	52117	6.1	326.6
44	52167	6.2	326.6
44	52217	6.3	326.6
44	52475	6.4	326.6
44	52521	6.5	326.6
44	52567	6.6	326.6
44	52613	6.7	326.6
44	52659	6.8	326.6
44	52705	6.9	326.6
44	52751	7	326.6
44	52797	7.1	326.6
44	52843	7.2	326.6
44	52889	7.3	326.6
44	53143	7.4	326.6
44	53185	7.5	326.6
44	53227	7.6	326.6
44	53269	7.7	326.6
44	53311	7.8	326.6
44	53353	7.9	326.6
44	53395	8	326.6
44	53437	8.1	326.6
44	53479	8.2	326.6
44	53521	8.3	326.6
44	53771	8.4	326.6
44	53809	8.5	326.6
44	53847	8.6	326.6
44	53885	8.7	326.6
44	53923	8.8	326.6
44	53961	8.9	326.6
44	53999	9	326.6
44	54037	9.1	326.6
44	54179	9.2	326.6
44	54215	9.3	326.6
44	54251	9.4	326.6
44	54287	9.5	326.6
44	54323	9.6	326.6
44	54359	9.7	326.6
44	54395	9.8	326.6
44	54431	9.9	326.6
44	54571	10	326.6
44	54605	10.1	326.6
44	54639	10.2	326.6
44	54673	10.3	326.6
44	54707	10.4	326.6
44	54741	10.5	326.6
44	54775	10.6	326.6
44	54809	10.7	326.6
44	54843	10.8	326.6
44	54877	10.9	326.6
44	54911	11	326.6
44	54945	11.1	326.6
44	54979	11.2	326.6
44	55013	11.3	326.6
45	1364	0.600619165934	1
45	3075	0.8	2
45	3402	0.826024254501	3
45	3842	0.850493589698	4
45	4253	0.876003036981	5
45	4928	0.90121161797	6
45	5542	0.925734202455	7
45	6400	0.950775190836	8
45	7226	0.975841938303	9
45	8365	1.001216124245	10
45	9400	1.026189325138	11
45	10531	1.050989696788	12
45	11737	1.075945374542	13
45	13060	1.100568467909	14
45	14481	1.126143095676	15
45	16070	1.150458878241	16
45	27361	1.353594874155	17
45	39279	2.9	18
45	39950	2.930211636737	19
45	42590	2.995738047132	21
45	42772	3	23
45	43004	3.003474600263	24
45	46797	3.064552128155	26
45	54438	9.9	28
46	38791	2.872790150626	1
46	39092	2.895603150626	2
46	39201	2.896869150626	3
46	39427	2.919402150626	4
46	39534	2.920821249983	5
46	39813	2.923672430105	6
46	39929	2.926989467457	7
46	40052	2.931697517124	8
46	40159	2.934052644129	9
46	40276	2.936771881184	10
46	40390	2.938880079339	11
46	40501	2.941950142376	12
46	40627	2.943395241543	13
46	40728	2.944635249121	14
46	40963	2.967142249121	15
46	41313	2.969980528919	16
46	41762	2.974237835994	17
46	41930	2.975670081781	18
46	42040	2.977089143177	19
46	42328	2.982930666149	20
46	42427	2.987027666823	21
46	42538	2.993685666823	22
46	42689	2.997496816591	23
46	42795	3.000176823264	24
46	42952	3.001596078067	25
46	43064	3.003657110478	26
46	43165	3.005076272962	27
46	43390	3.008827548036	28
46	43507	3.010259641771	29
46	43614	3.012318780233	30
46	43730	3.014379812644	31
46	43839	3.015824925758	32
46	43945	3.017988150702	33
46	44065	3.021061175459	34
46	44348	3.025218407656	35
46	44462	3.027277551844	36
46	44572	3.029125659499	37
46	44684	3.031197920522	38
46	44798	3.033257124122	39
46	44921	3.035342169164	40
46	45034	3.036761276995	41
46	45312	3.040905457822	42
46	45427	3.042964507489	43
46	45707	3.047082777598	44
46	46197	3.053273064179	45
46	46310	3.055371064406	46
46	46376	3.056829065275	47
46	46533	3.058914445165	48
46	46646	3.060973445334	49
46	46755	3.063045518349	50
46	46849	3.065104519023	51
46	46924	3.066549519023	52
46	47238	3.070680651444	53
46	47659	3.077080832894	54
46	48040	3.083323107968	55
46	48152	3.085382164018	56
46	48301	3.094669271302	57
46	48400	3.096728472287	58
46	48560	3.100152626445	59
46	48665	3.103095673091	60
46	48869	3.107901971668	61
46	49088	3.110147089572	62
46	49192	3.116028148538	63
46	49297	3.121532289815	64
46	49400	3.123604289988	65
46	49484	3.128705291017	66
46	49568	3.135574291017	67
46	49656	3.139726291017	68
49	51	0.3	275
49	402	0.4	275
49	823	0.5	275.85034292616
49	1255	0.6	275.85034292616
49	2105	0.7	276.75543709365
49	3092	0.8	276.75543709365
49	4790	0.9	277.67287022761
49	8224	1	277.67287022761
49	12950	1.1	278.63014123223
49	19012	1.2	278.63014123223
49	24842	1.3	279.51622644343
49	29280	1.4	279.51622644343
49	31826	1.5	280.41715757832
49	32706	1.6	280.41715757832
49	33175	1.7	281.27369546188
49	33647	1.8	281.27369546188
49	34119	1.9	282.13204931024
49	34595	2	282.13204931024
49	35057	2.1	282.95818298461
49	35533	2.2	282.95818298461
49	35992	2.3	283.7278396512
49	36455	2.4	283.7278396512
49	36924	2.5	284.48560363145
49	37397	2.6	284.48560363145
49	37859	2.7	285.23210384782
49	38332	2.8	285.23210384782
49	39256	2.9	285.9586999754
49	42749	3	285.9586999754
49	48467	3.1	286.65041415102
49	49851	3.2	286.65041415102
49	49913	3.3	287.32652250471
49	49975	3.4	287.32652250471
49	50037	3.5	287.98573459155
49	50099	3.6	287.98573459155
49	50161	3.7	288.58878633896
49	50223	3.8	288.58878633896
49	50285	3.9	289.21231513529
49	50555	4	289.21231513529
49	50613	4.1	289.79877386539
49	50671	4.2	289.79877386539
49	50729	4.3	290.34289081784
49	50787	4.4	290.34289081784
49	50845	4.5	290.81339943292
49	50903	4.6	290.81339943292
49	50961	4.7	291.3065911316
49	51227	4.8	291.3065911316
49	51281	4.9	291.78403984016
49	51335	5	291.78403984016
49	51389	5.1	292.25741399957
49	51443	5.2	292.25741399957
49	51497	5.3	292.75590635323
49	51551	5.4	292.75590635323
49	51605	5.5	293.24395593977
49	51867	5.6	293.24395593977
49	51917	5.7	293.76338660785
49	51967	5.8	293.76338660785
49	52017	5.9	294.32521329079
49	52067	6	294.32521329079
49	52117	6.1	294.8974322535
49	52167	6.2	294.8974322535
49	52217	6.3	295.52052479023
49	52475	6.4	295.52052479023
49	52521	6.5	296.22797340579
49	52567	6.6	296.22797340579
49	52613	6.7	296.96949247155
49	52659	6.8	296.96949247155
49	52705	6.9	297.77429207593
49	52751	7	297.77429207593
49	52797	7.1	298.64394611925
49	52843	7.2	298.64394611925
49	52889	7.3	299.59925130432
49	53143	7.4	299.59925130432
49	53185	7.5	300.62897012431
49	53227	7.6	300.62897012431
49	53269	7.7	301.73130518338
49	53311	7.8	301.73130518338
49	53353	7.9	302.91099009231
49	53395	8	302.91099009231
49	53437	8.1	304.170197801
49	53479	8.2	304.170197801
49	53521	8.3	305.50940210329
49	53771	8.4	305.50940210329
49	53809	8.5	306.92220424075
49	53847	8.6	306.92220424075
49	53885	8.7	308.39986792165
49	53923	8.8	308.39986792165
49	53961	8.9	309.93657837856
49	53999	9	309.93657837856
49	54037	9.1	311.36961214083
49	54179	9.2	311.36961214083
49	54215	9.3	312.62794534892
49	54251	9.4	312.62794534892
49	54287	9.5	313.756689379
49	54323	9.6	313.756689379
49	54359	9.7	314.70854053828
49	54395	9.8	314.70854053828
49	54431	9.9	315.48039169756
49	54571	10	315.48039169756
49	54605	10.1	321.48039169756
49	54639	10.2	321.48039169756
49	54673	10.3	327.48039169756
49	54707	10.4	327.48039169756
49	54741	10.5	333.48039169756
49	54775	10.6	333.48039169756
49	54809	10.7	339.48039169756
49	54843	10.8	339.48039169756
49	54877	10.9	345.48039169756
49	54911	11	345.48039169756
49	54945	11.1	351.48039169756
49	54979	11.2	351.48039169756
50	51	0.3	326.6
50	402	0.4	326.6
50	823	0.5	326.6
50	1255	0.6	326.6
50	2105	0.7	326.6
50	3092	0.8	326.6
50	4790	0.9	326.6
50	8224	1	326.6
50	12950	1.1	326.6
50	19012	1.2	326.6
50	24842	1.3	326.6
50	29280	1.4	326.6
50	31826	1.5	326.6
50	32706	1.6	326.6
50	33175	1.7	326.6
50	33647	1.8	326.6
50	34119	1.9	326.6
50	34595	2	326.6
50	35057	2.1	326.6
50	35533	2.2	326.6
50	35992	2.3	326.6
50	36455	2.4	326.6
50	36924	2.5	326.6
50	37397	2.6	326.6
50	37859	2.7	326.6
50	38332	2.8	326.6
50	39256	2.9	326.6
50	42749	3	326.6
50	48467	3.1	326.6
50	49851	3.2	326.6
50	49913	3.3	326.6
50	49975	3.4	326.6
50	50037	3.5	326.6
50	50099	3.6	326.6
50	50161	3.7	326.6
50	50223	3.8	326.6
50	50285	3.9	326.6
50	50555	4	326.6
50	50613	4.1	326.6
50	50671	4.2	326.6
50	50729	4.3	326.6
50	50787	4.4	326.6
50	50845	4.5	326.6
50	50903	4.6	326.6
50	50961	4.7	326.6
50	51227	4.8	326.6
50	51281	4.9	326.6
50	51335	5	326.6
50	51389	5.1	326.6
50	51443	5.2	326.6
50	51497	5.3	326.6
50	51551	5.4	326.6
50	51605	5.5	326.6
50	51867	5.6	326.6
50	51917	5.7	326.6
50	51967	5.8	326.6
50	52017	5.9	326.6
50	52067	6	326.6
50	52117	6.1	326.6
50	52167	6.2	326.6
50	52217	6.3	326.6
50	52475	6.4	326.6
50	52521	6.5	326.6
50	52567	6.6	326.6
50	52613	6.7	326.6
50	52659	6.8	326.6
50	52705	6.9	326.6
50	52751	7	326.6
50	52797	7.1	326.6
50	52843	7.2	326.6
50	52889	7.3	326.6
50	53143	7.4	326.6
50	53185	7.5	326.6
50	53227	7.6	326.6
50	53269	7.7	326.6
50	53311	7.8	326.6
50	53353	7.9	326.6
50	53395	8	326.6
50	53437	8.1	326.6
50	53479	8.2	326.6
50	53521	8.3	326.6
50	53771	8.4	326.6
50	53809	8.5	326.6
50	53847	8.6	326.6
50	53885	8.7	326.6
50	53923	8.8	326.6
50	53961	8.9	326.6
50	53999	9	326.6
50	54037	9.1	326.6
50	54179	9.2	326.6
50	54215	9.3	326.6
50	54251	9.4	326.6
50	54287	9.5	326.6
50	54323	9.6	326.6
50	54359	9.7	326.6
50	54395	9.8	326.6
50	54431	9.9	326.6
50	54571	10	326.6
50	54605	10.1	326.6
50	54639	10.2	326.6
50	54673	10.3	326.6
50	54707	10.4	326.6
50	54741	10.5	326.6
50	54775	10.6	326.6
50	54809	10.7	326.6
50	54843	10.8	326.6
50	54877	10.9	326.6
50	54911	11	326.6
50	54945	11.1	326.6
50	54979	11.2	326.6
51	1324	0.600619075267	1
51	3077	0.8	2
51	3358	0.826024109699	3
51	4209	0.876002844291	4
51	4924	0.901211616416	5
51	5546	0.925734225839	6
51	6408	0.950775233313	7
51	7238	0.975841994939	8
51	8341	1.001216041602	9
51	8471	1.00231129961	10
51	9376	1.026189227373	11
51	10507	1.050989589005	12
51	11713	1.075945259995	13
51	13072	1.100568491119	14
51	14513	1.126143169546	15
51	16106	1.150459009641	16
51	17505	1.175562156821	17
51	39280	2.9	18
51	39869	2.926953678378	19
51	42458	2.989463842328	21
51	42773	3	23
51	43551	3.010560450564	24
51	47337	3.071890767794	26
51	52225	6.3	28
52	38763	2.872790091642	1
52	39064	2.895603091642	2
52	39173	2.896869091642	3
52	39399	2.919402091642	4
52	39805	2.923672410226	5
52	39933	2.926989471368	6
52	40056	2.931697541504	7
52	40115	2.934052541838	8
52	40284	2.936771920998	9
52	40457	2.94194999435	10
52	40603	2.943395172715	11
52	40700	2.944635190227	12
52	40935	2.967142190227	13
52	41794	2.974237932456	14
52	41906	2.975670012953	15
52	42016	2.977089060753	16
52	42308	2.982930568344	17
52	42431	2.987027670061	18
52	42562	2.993685710003	19
52	42645	2.9974967143	20
52	42827	3.000176919726	21
52	43036	3.003657051584	22
52	43121	3.005076124936	23
52	43265	3.006768431303	24
52	43346	3.008827445745	25
52	43499	3.010259621892	26
52	43702	3.01437975375	27
52	43843	3.015824929669	28
52	43901	3.017988002676	29
52	44021	3.021061073168	30
52	44466	3.027277555755	31
52	44580	3.029125699313	32
52	44640	3.031197772496	33
52	44802	3.033257148502	34
52	44913	3.035342149285	35
52	45010	3.036761194571	36
52	45316	3.040905461733	37
52	45431	3.042964531869	38
52	45715	3.047082817412	39
52	46173	3.053272972335	40
52	46286	3.055370981982	41
52	46400	3.056829108455	42
52	46513	3.05891434736	43
52	46622	3.06097335349	44
52	46735	3.063045420544	45
52	46853	3.065104522261	46
52	46956	3.066549615485	47
52	47242	3.070680654682	48
52	47570	3.074813771436	49
52	47691	3.077080929356	50
52	47797	3.079165991235	51
52	47914	3.081263991235	52
52	47996	3.083323005677	53
52	48293	3.094669251423	54
52	48356	3.096728324261	55
52	48564	3.100152630356	56
52	48669	3.103095696544	57
52	48877	3.107902010449	58
52	49064	3.110147021288	59
52	49168	3.116028067353	60
52	49277	3.121532193655	61
52	49380	3.123604199665	62
52	49488	3.128705294654	63
52	49588	3.13557433287	64
52	49688	3.139726385166	65
52	49788	3.141850446351	66
55	51	0.3	323.4
55	402	0.4	323.4
55	823	0.5	323.4
55	1255	0.6	323.4
55	2105	0.7	323.4
55	3092	0.8	323.4
55	4790	0.9	323.4
55	8224	1	323.4
55	12950	1.1	323.4
55	19012	1.2	323.4
55	24842	1.3	323.4
55	29280	1.4	323.4
55	31826	1.5	323.4
55	32706	1.6	323.4
55	33175	1.7	323.4
55	33647	1.8	323.4
55	34119	1.9	323.4
55	34595	2	323.4
55	35057	2.1	323.4
55	35533	2.2	323.4
55	35992	2.3	323.4
55	36455	2.4	323.4
55	36924	2.5	323.4
55	37397	2.6	323.4
55	37859	2.7	323.4
55	38332	2.8	323.4
55	39256	2.9	323.4
55	42749	3	323.4
55	48467	3.1	323.4
55	49851	3.2	323.4
55	49913	3.3	323.4
55	49975	3.4	323.4
55	50037	3.5	323.4
55	50099	3.6	323.4
55	50161	3.7	323.4
55	50223	3.8	323.4
55	50285	3.9	323.4
55	50555	4	323.4
55	50613	4.1	323.4
55	50671	4.2	323.4
55	50729	4.3	323.4
55	50787	4.4	323.4
55	50845	4.5	323.4
55	50903	4.6	323.4
55	50961	4.7	323.4
55	51227	4.8	323.4
55	51281	4.9	323.4
55	51335	5	323.4
55	51389	5.1	323.4
55	51443	5.2	323.4
55	51497	5.3	323.4
55	51551	5.4	323.4
55	51605	5.5	323.4
55	51867	5.6	323.4
55	51917	5.7	323.4
55	51967	5.8	323.4
55	52017	5.9	323.4
55	52067	6	323.4
55	52117	6.1	323.4
55	52167	6.2	323.4
55	52217	6.3	323.4
55	52475	6.4	323.4
55	52521	6.5	323.4
55	52567	6.6	323.4
55	52613	6.7	323.4
55	52659	6.8	323.4
55	52705	6.9	323.4
55	52751	7	323.4
55	52797	7.1	323.4
55	52843	7.2	323.4
55	52889	7.3	323.4
55	53143	7.4	323.4
55	53185	7.5	323.4
55	53227	7.6	323.4
55	53269	7.7	323.4
55	53311	7.8	323.4
55	53353	7.9	323.4
55	53395	8	323.4
55	53437	8.1	323.4
55	53479	8.2	323.4
55	53521	8.3	323.4
55	53771	8.4	323.4
55	53809	8.5	323.4
55	53847	8.6	323.4
55	53885	8.7	323.4
55	53923	8.8	323.4
55	53961	8.9	323.4
55	53999	9	323.4
55	54037	9.1	323.4
55	54179	9.2	323.4
55	54215	9.3	323.4
55	54251	9.4	323.4
55	54287	9.5	323.4
55	54323	9.6	323.4
55	54359	9.7	323.4
55	54395	9.8	323.4
55	54431	9.9	323.4
55	54571	10	323.4
55	54605	10.1	323.4
55	54639	10.2	323.4
55	54673	10.3	323.4
55	54707	10.4	323.4
55	54741	10.5	323.4
55	54775	10.6	323.4
55	54809	10.7	323.4
55	54843	10.8	323.4
55	54877	10.9	323.4
55	54911	11	323.4
55	54945	11.1	323.4
55	54979	11.2	323.4
56	51	0.3	285
56	402	0.4	285
56	823	0.5	286.17499393827
56	1255	0.6	286.17499393827
56	2105	0.7	287.40038419927
56	3092	0.8	287.40038419927
56	4790	0.9	288.5414411606
56	8224	1	288.5414411606
56	12950	1.1	289.61219203362
56	19012	1.2	289.61219203362
56	24842	1.3	290.60064475262
56	29280	1.4	290.60064475262
56	31826	1.5	291.54460631615
56	32706	1.6	291.54460631615
56	33175	1.7	292.49424414157
56	33647	1.8	292.49424414157
56	34119	1.9	293.34752411143
56	34595	2	293.34752411143
56	35057	2.1	294.17459005994
56	35533	2.2	294.17459005994
56	35992	2.3	294.9300868259
56	36455	2.4	294.9300868259
56	36924	2.5	295.67646585755
56	37397	2.6	295.67646585755
56	37859	2.7	296.36982998548
56	38332	2.8	296.36982998548
56	39256	2.9	297.03400924109
56	42749	3	297.03400924109
56	48467	3.1	297.61264993148
56	49851	3.2	297.61264993148
56	49913	3.3	298.18300224978
56	49975	3.4	298.18300224978
56	50037	3.5	298.68032343241
56	50099	3.6	298.68032343241
56	50161	3.7	299.18398600696
56	50223	3.8	299.18398600696
56	50285	3.9	299.71905694655
56	50555	4	299.71905694655
56	50613	4.1	300.26754849201
56	50671	4.2	300.26754849201
56	50729	4.3	300.88119163224
56	50787	4.4	300.88119163224
56	50845	4.5	301.51153443448
56	50903	4.6	301.51153443448
56	50961	4.7	302.22702401206
56	51227	4.8	302.22702401206
56	51281	4.9	303.00533603157
56	51335	5	303.00533603157
56	51389	5.1	303.88369708918
56	51443	5.2	303.88369708918
56	51497	5.3	304.84680893295
56	51551	5.4	304.84680893295
56	51605	5.5	305.90792844355
56	51867	5.6	305.90792844355
56	51917	5.7	307.06555838909
56	51967	5.8	307.06555838909
56	52017	5.9	308.30246583385
56	52067	6	308.30246583385
56	52117	6.1	309.59673139807
56	52167	6.2	309.59673139807
56	52217	6.3	310.95502340339
56	52475	6.4	310.95502340339
56	52521	6.5	316.95502340339
56	52567	6.6	316.95502340339
56	52613	6.7	322.95502340339
56	52659	6.8	322.95502340339
56	52705	6.9	328.95502340339
56	52751	7	328.95502340339
56	52797	7.1	334.95502340339
56	52843	7.2	334.95502340339
56	52889	7.3	340.95502340339
56	53143	7.4	340.95502340339
56	53185	7.5	346.95502340339
56	53227	7.6	346.95502340339
56	53269	7.7	352.95502340339
56	53311	7.8	352.95502340339
56	53353	7.9	358.95502340339
56	53395	8	358.95502340339
56	53437	8.1	364.95502340339
56	53479	8.2	364.95502340339
56	53521	8.3	370.95502340339
56	53771	8.4	370.95502340339
56	53809	8.5	376.95502340339
56	53847	8.6	376.95502340339
56	53885	8.7	382.95502340339
56	53923	8.8	382.95502340339
56	53961	8.9	388.95502340339
56	53999	9	388.95502340339
56	54037	9.1	394.95502340339
56	54179	9.2	394.95502340339
56	54215	9.3	400.95502340339
56	54251	9.4	400.95502340339
56	54287	9.5	406.95502340339
56	54323	9.6	406.95502340339
56	54359	9.7	412.95502340339
56	54395	9.8	412.95502340339
56	54431	9.9	418.95502340339
56	54571	10	418.95502340339
56	54605	10.1	424.95502340339
56	54639	10.2	424.95502340339
56	54673	10.3	430.95502340339
56	54707	10.4	430.95502340339
56	54741	10.5	436.95502340339
56	54775	10.6	436.95502340339
56	54809	10.7	442.95502340339
56	54843	10.8	442.95502340339
56	54877	10.9	448.95502340339
56	54911	11	448.95502340339
56	54945	11.1	454.95502340339
56	54979	11.2	454.95502340339
57	1340	0.600619109553	1
57	3079	0.8	2
57	3366	0.826024145139	3
57	3798	0.850493422477	4
57	4932	0.901211652109	5
57	5550	0.925734261615	6
57	6412	0.950775269139	7
57	7242	0.975842030797	8
57	8353	1.001216074045	9
57	9388	1.026189255947	10
57	10515	1.050989613807	11
57	11721	1.075945281604	12
57	13084	1.10056852673	13
57	13297	1.10332568166	14
57	14525	1.126143202506	15
57	16118	1.150459039185	16
57	17517	1.175562182994	17
57	39281	2.9	18
57	39826	2.925179535	19
57	42377	2.986315567166	21
57	42774	3	23
57	43557	3.012103580364	24
57	47756	3.077659217827	26
57	53530	8.3	28
58	38779	2.872790128473	1
58	39080	2.895603128473	2
58	39189	2.896869128473	3
58	39415	2.919402128473	4
58	39490	2.920821128318	5
58	39817	2.923672446388	6
58	39937	2.926989507699	7
58	40060	2.931697577944	8
58	40131	2.934052578514	9
58	40288	2.936771957505	10
58	40346	2.938879957674	11
58	40619	2.943395206814	12
58	40716	2.944635226903	13
58	40951	2.967142226903	14
58	41810	2.974237962932	15
58	41922	2.975670047052	16
58	42028	2.977089090704	17
58	42312	2.98293058939	18
58	42443	2.987027706437	19
58	42574	2.993685744246	20
58	42661	2.997496750976	21
58	42843	3.000176950202	22
58	42908	3.001595956402	23
58	43052	3.00365708826	24
58	43277	3.006768457664	25
58	43362	3.008827482421	26
58	43511	3.010259658054	27
58	43570	3.012318658568	28
58	43718	3.014379790426	29
58	43847	3.015824966	30
58	44037	3.021061109844	31
58	44304	3.025218285991	32
58	44470	3.027277592086	33
58	44584	3.02912573582	34
58	44806	3.033257184942	35
58	44925	3.035342185447	36
58	45022	3.036761224522	37
58	45320	3.040905498064	38
58	45435	3.042964568309	39
58	45719	3.047082853919	40
58	46185	3.053272997483	41
58	46298	3.055371011933	42
58	46412	3.056829142698	43
58	46517	3.058914368406	44
58	46634	3.060973378638	45
58	46739	3.06304544159	46
58	46865	3.065104558637	47
58	46972	3.066549645961	48
58	47254	3.070680691058	49
58	47584	3.074813808112	50
58	47707	3.077080959832	51
58	47809	3.079166017596	52
58	47926	3.081264017596	53
58	48012	3.083323042353	54
58	48108	3.085382042353	55
58	48305	3.094669287585	56
58	48568	3.100152666687	57
58	48673	3.103095732525	58
58	48881	3.107902046499	59
58	49080	3.110147054865	60
58	49180	3.116028096892	61
58	49281	3.121532214375	62
58	49388	3.123604224466	63
58	49500	3.128705330571	64
58	49600	3.135574366739	65
58	49704	3.139726415322	66
58	49800	3.141850472411	67
61	51	0.3	323.4
61	402	0.4	323.4
61	823	0.5	323.4
61	1255	0.6	323.4
61	2105	0.7	323.4
61	3092	0.8	323.4
61	4790	0.9	323.4
61	8224	1	323.4
61	12950	1.1	323.4
61	19012	1.2	323.4
61	24842	1.3	323.4
61	29280	1.4	323.4
61	31826	1.5	323.4
61	32706	1.6	323.4
61	33175	1.7	323.4
61	33647	1.8	323.4
61	34119	1.9	323.4
61	34595	2	323.4
61	35057	2.1	323.4
61	35533	2.2	323.4
61	35992	2.3	323.4
61	36455	2.4	323.4
61	36924	2.5	323.4
61	37397	2.6	323.4
61	37859	2.7	323.4
61	38332	2.8	323.4
61	39256	2.9	323.4
61	42749	3	323.4
61	48467	3.1	323.4
61	49851	3.2	323.4
61	49913	3.3	323.4
61	49975	3.4	323.4
61	50037	3.5	323.4
61	50099	3.6	323.4
61	50161	3.7	323.4
61	50223	3.8	323.4
61	50285	3.9	323.4
61	50555	4	323.4
61	50613	4.1	323.4
61	50671	4.2	323.4
61	50729	4.3	323.4
61	50787	4.4	323.4
61	50845	4.5	323.4
61	50903	4.6	323.4
61	50961	4.7	323.4
61	51227	4.8	323.4
61	51281	4.9	323.4
61	51335	5	323.4
61	51389	5.1	323.4
61	51443	5.2	323.4
61	51497	5.3	323.4
61	51551	5.4	323.4
61	51605	5.5	323.4
61	51867	5.6	323.4
61	51917	5.7	323.4
61	51967	5.8	323.4
61	52017	5.9	323.4
61	52067	6	323.4
61	52117	6.1	323.4
61	52167	6.2	323.4
61	52217	6.3	323.4
61	52475	6.4	323.4
61	52521	6.5	323.4
61	52567	6.6	323.4
61	52613	6.7	323.4
61	52659	6.8	323.4
61	52705	6.9	323.4
61	52751	7	323.4
61	52797	7.1	323.4
61	52843	7.2	323.4
61	52889	7.3	323.4
61	53143	7.4	323.4
61	53185	7.5	323.4
61	53227	7.6	323.4
61	53269	7.7	323.4
61	53311	7.8	323.4
61	53353	7.9	323.4
61	53395	8	323.4
61	53437	8.1	323.4
61	53479	8.2	323.4
61	53521	8.3	323.4
61	53771	8.4	323.4
61	53809	8.5	323.4
61	53847	8.6	323.4
61	53885	8.7	323.4
61	53923	8.8	323.4
61	53961	8.9	323.4
61	53999	9	323.4
61	54037	9.1	323.4
61	54179	9.2	323.4
61	54215	9.3	323.4
61	54251	9.4	323.4
61	54287	9.5	323.4
61	54323	9.6	323.4
61	54359	9.7	323.4
61	54395	9.8	323.4
61	54431	9.9	323.4
61	54571	10	323.4
61	54605	10.1	323.4
61	54639	10.2	323.4
61	54673	10.3	323.4
61	54707	10.4	323.4
61	54741	10.5	323.4
61	54775	10.6	323.4
61	54809	10.7	323.4
61	54843	10.8	323.4
61	54877	10.9	323.4
61	54911	11	323.4
61	54945	11.1	323.4
61	54979	11.2	323.4
62	51	0.3	275
62	402	0.4	275
62	823	0.5	275.89640901293
62	1255	0.6	275.89640901293
62	2105	0.7	276.77590329285
62	3092	0.8	276.77590329285
62	4790	0.9	277.75837517864
62	8224	1	277.75837517864
62	12950	1.1	278.67783251178
62	19012	1.2	278.67783251178
62	24842	1.3	279.55636250562
62	29280	1.4	279.55636250562
62	31826	1.5	280.45061949427
62	32706	1.6	280.45061949427
62	33175	1.7	281.32130987042
62	33647	1.8	281.32130987042
62	34119	1.9	282.16664202662
62	34595	2	282.16664202662
62	35057	2.1	282.98945903103
62	35533	2.2	282.98945903103
62	35992	2.3	283.78446174875
62	36455	2.4	283.78446174875
62	36924	2.5	284.548367429
62	37397	2.6	284.548367429
62	37859	2.7	285.32819676853
62	38332	2.8	285.32819676853
62	39256	2.9	286.03869683155
62	42749	3	286.03869683155
62	48467	3.1	286.75272650951
62	49851	3.2	286.75272650951
62	49913	3.3	287.40162713074
62	49975	3.4	287.40162713074
62	50037	3.5	288.03771732661
62	50099	3.6	288.03771732661
62	50161	3.7	288.66751159539
62	50223	3.8	288.66751159539
62	50285	3.9	289.29803981038
62	50555	4	289.29803981038
62	50613	4.1	289.89790213954
62	50671	4.2	289.89790213954
62	50729	4.3	290.51821712835
62	50787	4.4	290.51821712835
62	50845	4.5	291.1248684776
62	50903	4.6	291.1248684776
62	50961	4.7	291.77599915245
62	51227	4.8	291.77599915245
62	51281	4.9	292.43861996048
62	51335	5	292.43861996048
62	51389	5.1	293.17907828497
62	51443	5.2	293.17907828497
62	51497	5.3	293.95641000863
62	51551	5.4	293.95641000863
62	51605	5.5	294.78558559547
62	51867	5.6	294.78558559547
62	51917	5.7	295.67855396195
62	51967	5.8	295.67855396195
62	52017	5.9	296.66297759941
62	52067	6	296.66297759941
62	52117	6.1	297.73547899072
62	52167	6.2	297.73547899072
62	52217	6.3	298.87929242383
62	52475	6.4	298.87929242383
62	52521	6.5	300.05947553176
62	52567	6.6	300.05947553176
62	52613	6.7	301.33520505866
62	52659	6.8	301.33520505866
62	52705	6.9	302.66800832665
62	52751	7	302.66800832665
62	52797	7.1	304.06309057944
62	52843	7.2	304.06309057944
62	52889	7.3	305.51944462566
62	53143	7.4	305.51944462566
62	53185	7.5	307.05379208627
62	53227	7.6	307.05379208627
62	53269	7.7	308.64177504724
62	53311	7.8	308.64177504724
62	53353	7.9	310.26440383734
62	53395	8	310.26440383734
62	53437	8.1	311.70703262744
62	53479	8.2	311.70703262744
62	53521	8.3	312.96966141754
62	53771	8.4	312.96966141754
62	53809	8.5	318.96966141754
62	53847	8.6	318.96966141754
62	53885	8.7	324.96966141754
62	53923	8.8	324.96966141754
62	53961	8.9	330.96966141754
62	53999	9	330.96966141754
62	54037	9.1	336.96966141754
62	54179	9.2	336.96966141754
62	54215	9.3	342.96966141754
62	54251	9.4	342.96966141754
62	54287	9.5	348.96966141754
62	54323	9.6	348.96966141754
62	54359	9.7	354.96966141754
62	54395	9.8	354.96966141754
62	54431	9.9	360.96966141754
62	54571	10	360.96966141754
62	54605	10.1	366.96966141754
62	54639	10.2	366.96966141754
62	54673	10.3	372.96966141754
62	54707	10.4	372.96966141754
62	54741	10.5	378.96966141754
62	54775	10.6	378.96966141754
62	54809	10.7	384.96966141754
62	54843	10.8	384.96966141754
62	54877	10.9	390.96966141754
62	54911	11	390.96966141754
62	54945	11.1	396.96966141754
62	54979	11.2	396.96966141754
63	1348	0.600619116731	1
63	3081	0.8	2
63	3390	0.82602421984	3
63	3838	0.850493568131	4
63	4249	0.876003025137	5
63	5490	0.925734054129	6
63	6360	0.950775061799	7
63	7190	0.975841823568	8
63	8317	1.00121598708	9
63	9356	1.026189176075	10
63	10487	1.050989541755	11
63	11289	1.055821556044	12
63	11689	1.075945216153	13
63	13040	1.100568421933	14
63	14493	1.126143120769	15
63	16090	1.150458975625	16
63	17493	1.175562133201	17
63	39282	2.9	18
63	39868	2.926782580969	19
63	42455	2.98816841261	21
63	42775	3	23
63	43550	3.010528322611	24
63	47338	3.07224039167	26
63	48493	3.1	28
64	38755	2.872790082971	1
64	39056	2.895603082971	2
64	39165	2.896869082971	3
64	39391	2.919402082971	4
64	39518	2.920821214515	5
64	39877	2.926989348943	6
64	40008	2.931697419414	7
64	40143	2.934052595112	8
64	40236	2.936771799145	9
64	40374	2.938880043871	10
64	40493	2.941950116709	11
64	40579	2.943395124298	12
64	40692	2.94463518377	13
64	40927	2.96714218377	14
64	41778	2.974237905721	15
64	41882	2.975669964536	16
64	41992	2.977089014044	17
64	42280	2.982930529476	18
64	42399	2.987027606004	19
64	42542	2.993685666968	20
64	42673	2.997496767574	21
64	42811	3.000176892991	22
64	42936	3.001596042599	23
64	43028	3.003657045127	24
64	43157	3.005076247295	25
64	43257	3.006768415714	26
64	43374	3.008827499019	27
64	43598	3.012318744765	28
64	43694	3.014379747293	29
64	43787	3.015824807244	30
64	43937	3.017988125035	31
64	44049	3.021061126442	32
64	44332	3.025218372188	33
64	44410	3.02727743333	34
64	44532	3.02912557746	35
64	44676	3.031197894855	36
64	44754	3.033257026412	37
64	44986	3.036761147862	38
64	45129	3.038193160028	39
64	45260	3.040905339308	40
64	45383	3.042964409779	41
64	45568	3.045023492013	42
64	45667	3.047082695559	43
64	46149	3.053272929894	44
64	46262	3.055370935273	45
64	46380	3.05682906542	46
64	46485	3.058914308492	47
64	46598	3.060973311049	48
64	46707	3.063045381676	49
64	46821	3.065104458204	50
64	46940	3.06654958875	51
64	47210	3.070680590625	52
64	47563	3.074813764979	53
64	47675	3.077080902621	54
64	47789	3.079165975646	55
64	47906	3.081263975646	56
64	48024	3.083323058951	57
64	48136	3.08538212855	58
64	48392	3.09672844662	59
64	48508	3.100152507931	60
64	48621	3.103095576352	61
64	48829	3.107901890502	62
64	49040	3.110146974608	63
64	49144	3.116028021975	64
64	49249	3.121532155552	65
64	49352	3.123604158184	66
64	49456	3.128705232505	67
64	49564	3.135574290841	68
64	49672	3.139726359236	69
64	49780	3.141850431475	70
67	51	0.3	326.6
67	402	0.4	326.6
67	823	0.5	326.6
67	1255	0.6	326.6
67	2105	0.7	326.6
67	3092	0.8	326.6
67	4790	0.9	326.6
67	8224	1	326.6
67	12950	1.1	326.6
67	19012	1.2	326.6
67	24842	1.3	326.6
67	29280	1.4	326.6
67	31826	1.5	326.6
67	32706	1.6	326.6
67	33175	1.7	326.6
67	33647	1.8	326.6
67	34119	1.9	326.6
67	34595	2	326.6
67	35057	2.1	326.6
67	35533	2.2	326.6
67	35992	2.3	326.6
67	36455	2.4	326.6
67	36924	2.5	326.6
67	37397	2.6	326.6
67	37859	2.7	326.6
67	38332	2.8	326.6
67	39256	2.9	326.6
67	42749	3	326.6
67	48467	3.1	326.6
67	49851	3.2	326.6
67	49913	3.3	326.6
67	49975	3.4	326.6
67	50037	3.5	326.6
67	50099	3.6	326.6
67	50161	3.7	326.6
67	50223	3.8	326.6
67	50285	3.9	326.6
67	50555	4	326.6
67	50613	4.1	326.6
67	50671	4.2	326.6
67	50729	4.3	326.6
67	50787	4.4	326.6
67	50845	4.5	326.6
67	50903	4.6	326.6
67	50961	4.7	326.6
67	51227	4.8	326.6
67	51281	4.9	326.6
67	51335	5	326.6
67	51389	5.1	326.6
67	51443	5.2	326.6
67	51497	5.3	326.6
67	51551	5.4	326.6
67	51605	5.5	326.6
67	51867	5.6	326.6
67	51917	5.7	326.6
67	51967	5.8	326.6
67	52017	5.9	326.6
67	52067	6	326.6
67	52117	6.1	326.6
67	52167	6.2	326.6
67	52217	6.3	326.6
67	52475	6.4	326.6
67	52521	6.5	326.6
67	52567	6.6	326.6
67	52613	6.7	326.6
67	52659	6.8	326.6
67	52705	6.9	326.6
67	52751	7	326.6
67	52797	7.1	326.6
67	52843	7.2	326.6
67	52889	7.3	326.6
67	53143	7.4	326.6
67	53185	7.5	326.6
67	53227	7.6	326.6
67	53269	7.7	326.6
67	53311	7.8	326.6
67	53353	7.9	326.6
67	53395	8	326.6
67	53437	8.1	326.6
67	53479	8.2	326.6
67	53521	8.3	326.6
67	53771	8.4	326.6
67	53809	8.5	326.6
67	53847	8.6	326.6
67	53885	8.7	326.6
67	53923	8.8	326.6
67	53961	8.9	326.6
67	53999	9	326.6
67	54037	9.1	326.6
67	54179	9.2	326.6
67	54215	9.3	326.6
67	54251	9.4	326.6
67	54287	9.5	326.6
67	54323	9.6	326.6
67	54359	9.7	326.6
67	54395	9.8	326.6
67	54431	9.9	326.6
67	54571	10	326.6
67	54605	10.1	326.6
67	54639	10.2	326.6
67	54673	10.3	326.6
67	54707	10.4	326.6
67	54741	10.5	326.6
67	54775	10.6	326.6
67	54809	10.7	326.6
67	54843	10.8	326.6
67	54877	10.9	326.6
67	54911	11	326.6
67	54945	11.1	326.6
67	54979	11.2	326.6
68	51	0.3	345
68	402	0.4	345
68	823	0.5	343.02936884371
68	1255	0.6	343.02936884371
68	2105	0.7	341.23873768741
68	3092	0.8	341.23873768741
68	4790	0.9	339.62637804628
68	8224	1	339.62637804628
68	12950	1.1	338.19401840514
68	19012	1.2	338.19401840514
68	24842	1.3	336.94165876401
68	29280	1.4	336.94165876401
68	31826	1.5	335.86891350836
68	32706	1.6	335.86891350836
68	33175	1.7	334.97616825271
68	33647	1.8	334.97616825271
68	34119	1.9	334.26342299705
68	34595	2	334.26342299705
68	35057	2.1	333.7306777414
68	35533	2.2	333.7306777414
68	35992	2.3	333.37793248575
68	36455	2.4	333.37793248575
68	36924	2.5	333.2051872301
68	37397	2.6	333.2051872301
68	37859	2.7	333.2012330564
68	38332	2.8	333.2012330564
68	39256	2.9	333.20102193403
68	42749	3	333.20102193403
68	48467	3.1	333.20100201194
68	49851	3.2	333.20100201194
68	49913	3.3	327.20100201194
68	49975	3.4	327.20100201194
68	50037	3.5	321.20100201194
68	50099	3.6	321.20100201194
68	50161	3.7	315.20100201194
68	50223	3.8	315.20100201194
68	50285	3.9	309.20100201194
68	50555	4	309.20100201194
68	50613	4.1	303.20100201194
68	50671	4.2	303.20100201194
68	50729	4.3	297.20100201194
68	50787	4.4	297.20100201194
68	50845	4.5	291.20100201194
68	50903	4.6	291.20100201194
68	50961	4.7	285.20100201194
68	51227	4.8	285.20100201194
68	51281	4.9	279.20100201194
68	51335	5	279.20100201194
68	51389	5.1	273.20100201194
68	51443	5.2	273.20100201194
68	51497	5.3	267.20100201194
68	51551	5.4	267.20100201194
68	51605	5.5	261.20100201194
68	51867	5.6	261.20100201194
68	51917	5.7	255.20100201194
68	51967	5.8	255.20100201194
68	52017	5.9	249.20100201194
68	52067	6	249.20100201194
68	52117	6.1	243.20100201194
68	52167	6.2	243.20100201194
68	52217	6.3	237.20100201194
68	52475	6.4	237.20100201194
68	52521	6.5	231.20100201194
68	52567	6.6	231.20100201194
68	52613	6.7	225.20100201194
68	52659	6.8	225.20100201194
68	52705	6.9	219.20100201194
68	52751	7	219.20100201194
68	52797	7.1	213.20100201194
68	52843	7.2	213.20100201194
68	52889	7.3	207.20100201194
68	53143	7.4	207.20100201194
68	53185	7.5	201.20100201194
68	53227	7.6	201.20100201194
68	53269	7.7	195.20100201194
68	53311	7.8	195.20100201194
68	53353	7.9	189.20100201194
68	53395	8	189.20100201194
68	53437	8.1	183.20100201194
68	53479	8.2	183.20100201194
68	53521	8.3	177.20100201194
68	53771	8.4	177.20100201194
68	53809	8.5	171.20100201194
68	53847	8.6	171.20100201194
68	53885	8.7	165.20100201194
68	53923	8.8	165.20100201194
68	53961	8.9	159.20100201194
68	53999	9	159.20100201194
68	54037	9.1	153.20100201194
68	54179	9.2	153.20100201194
68	54215	9.3	147.20100201194
68	54251	9.4	147.20100201194
68	54287	9.5	141.20100201194
68	54323	9.6	141.20100201194
68	54359	9.7	135.20100201194
68	54395	9.8	135.20100201194
68	54431	9.9	129.20100201194
68	54571	10	129.20100201194
68	54605	10.1	123.20100201194
68	54639	10.2	123.20100201194
68	54673	10.3	117.20100201194
68	54707	10.4	117.20100201194
68	54741	10.5	111.20100201194
68	54775	10.6	111.20100201194
68	54809	10.7	105.20100201194
68	54843	10.8	105.20100201194
68	54877	10.9	99.201002011937
68	54911	11	99.201002011937
68	54945	11.1	93.201002011937
68	54979	11.2	93.201002011937
69	1360	0.600619150965	1
69	3083	0.8	2
69	3406	0.826024255234	3
69	3850	0.850493603645	4
69	4261	0.876003060721	5
69	4872	0.901211480923	6
69	6356	0.950775025304	7
69	7186	0.975841787072	8
69	8333	1.0012160199	9
69	9368	1.026189202503	10
69	10495	1.050989562807	11
69	11701	1.07594523336	12
69	13048	1.100568446479	13
69	13471	1.105165065816	14
69	14501	1.126143138349	15
69	16098	1.150458989038	16
69	17501	1.175562143984	17
69	39283	2.9	18
69	39864	2.92618978102	19
69	42451	2.987378553737	21
69	42776	3	23
69	43442	3.009979094803	24
69	47342	3.072631754044	26
69	50972	4.7	28
70	38771	2.87279011354	1
70	39072	2.89560311354	2
70	39181	2.89686911354	3
70	39407	2.91940211354	4
70	39530	2.920821244862	5
70	39761	2.923672318148	6
70	40000	2.931697388618	7
70	40155	2.934052625098	8
70	40232	2.93677176835	9
70	40386	2.938880074218	10
70	40509	2.941950147225	11
70	40595	2.943395153796	12
70	40708	2.944635212926	13
70	40943	2.967142212926	14
70	41091	2.968561214565	15
70	41289	2.969980460674	16
70	41786	2.97423791437	17
70	41898	2.975669994034	18
70	42008	2.977089037216	19
70	42288	2.982930542248	20
70	42407	2.987027624644	21
70	42550	2.993685679241	22
70	42685	2.99749679756	23
70	42819	3.00017690164	24
70	42948	3.001596072946	25
70	43044	3.003657074283	26
70	43173	3.005076277811	27
70	43261	3.006768422271	28
70	43386	3.008827529005	29
70	43455	3.010259529814	30
70	43610	3.012318775112	31
70	43710	3.014379776449	32
70	43953	3.017988155551	33
70	44061	3.021061156428	34
70	44344	3.025218402535	35
70	44528	3.029125546665	36
70	44692	3.031197925371	37
70	44746	3.033256995616	38
70	44869	3.035342057207	39
70	45002	3.036761171034	40
70	45375	3.042964378983	41
70	45663	3.047082664764	42
70	46161	3.053272946781	43
70	46278	3.055370958445	44
70	46388	3.056829077693	45
70	46493	3.058914321264	46
70	46610	3.060973327936	47
70	46715	3.063045394448	48
70	46829	3.065104476844	49
70	46948	3.066549597399	50
70	47218	3.070680609265	51
70	47683	3.07708091127	52
70	47793	3.079165982203	53
70	47910	3.081263982203	54
70	48036	3.083323088937	55
70	48148	3.085382158897	56
70	48249	3.094669159345	57
70	48408	3.096728477136	58
70	48613	3.103095546785	59
70	48825	3.107901860935	60
70	49056	3.11014700291	61
70	49160	3.116028044378	62
70	49257	3.12153216791	63
70	49364	3.123604174556	64
70	49464	3.12870525021	65
70	49576	3.135574302626	66
70	49680	3.139726367532	67
70	49784	3.141850437752	68
73	51	0.3	326.6
73	402	0.4	326.6
73	823	0.5	326.6
73	1255	0.6	326.6
73	2105	0.7	326.6
73	3092	0.8	326.6
73	4790	0.9	326.6
73	8224	1	326.6
73	12950	1.1	326.6
73	19012	1.2	326.6
73	24842	1.3	326.6
73	29280	1.4	326.6
73	31826	1.5	326.6
73	32706	1.6	326.6
73	33175	1.7	326.6
73	33647	1.8	326.6
73	34119	1.9	326.6
73	34595	2	326.6
73	35057	2.1	326.6
73	35533	2.2	326.6
73	35992	2.3	326.6
73	36455	2.4	326.6
73	36924	2.5	326.6
73	37397	2.6	326.6
73	37859	2.7	326.6
73	38332	2.8	326.6
73	39256	2.9	326.6
73	42749	3	326.6
73	48467	3.1	326.6
73	49851	3.2	326.6
73	49913	3.3	326.6
73	49975	3.4	326.6
73	50037	3.5	326.6
73	50099	3.6	326.6
73	50161	3.7	326.6
73	50223	3.8	326.6
73	50285	3.9	326.6
73	50555	4	326.6
73	50613	4.1	326.6
73	50671	4.2	326.6
73	50729	4.3	326.6
73	50787	4.4	326.6
73	50845	4.5	326.6
73	50903	4.6	326.6
73	50961	4.7	326.6
73	51227	4.8	326.6
73	51281	4.9	326.6
73	51335	5	326.6
73	51389	5.1	326.6
73	51443	5.2	326.6
73	51497	5.3	326.6
73	51551	5.4	326.6
73	51605	5.5	326.6
73	51867	5.6	326.6
73	51917	5.7	326.6
73	51967	5.8	326.6
73	52017	5.9	326.6
73	52067	6	326.6
73	52117	6.1	326.6
73	52167	6.2	326.6
73	52217	6.3	326.6
73	52475	6.4	326.6
73	52521	6.5	326.6
73	52567	6.6	326.6
73	52613	6.7	326.6
73	52659	6.8	326.6
73	52705	6.9	326.6
73	52751	7	326.6
73	52797	7.1	326.6
73	52843	7.2	326.6
73	52889	7.3	326.6
73	53143	7.4	326.6
73	53185	7.5	326.6
73	53227	7.6	326.6
73	53269	7.7	326.6
73	53311	7.8	326.6
73	53353	7.9	326.6
73	53395	8	326.6
73	53437	8.1	326.6
73	53479	8.2	326.6
73	53521	8.3	326.6
73	53771	8.4	326.6
73	53809	8.5	326.6
73	53847	8.6	326.6
73	53885	8.7	326.6
73	53923	8.8	326.6
73	53961	8.9	326.6
73	53999	9	326.6
73	54037	9.1	326.6
73	54179	9.2	326.6
73	54215	9.3	326.6
73	54251	9.4	326.6
73	54287	9.5	326.6
73	54323	9.6	326.6
73	54359	9.7	326.6
73	54395	9.8	326.6
73	54431	9.9	326.6
73	54571	10	326.6
73	54605	10.1	326.6
73	54639	10.2	326.6
73	54673	10.3	326.6
73	54707	10.4	326.6
73	54741	10.5	326.6
73	54775	10.6	326.6
73	54809	10.7	326.6
73	54843	10.8	326.6
73	54877	10.9	326.6
73	54911	11	326.6
73	54945	11.1	326.6
73	54979	11.2	326.6
74	51	0.3	355
74	402	0.4	355
74	823	0.5	353.4546861307
74	1255	0.6	353.4546861307
74	2105	0.7	351.96022070507
74	3092	0.8	351.96022070507
74	4790	0.9	350.56748676975
74	8224	1	350.56748676975
74	12950	1.1	349.30189444449
74	19012	1.2	349.30189444449
74	24842	1.3	348.1736830872
74	29280	1.4	348.1736830872
74	31826	1.5	347.14603992886
74	32706	1.6	347.14603992886
74	33175	1.7	346.22758006516
74	33647	1.8	346.22758006516
74	34119	1.9	345.37884813524
74	34595	2	345.37884813524
74	35057	2.1	344.64517870424
74	35533	2.2	344.64517870424
74	35992	2.3	343.97588009588
74	36455	2.4	343.97588009588
74	36924	2.5	343.3862142621
74	37397	2.6	343.3862142621
74	37859	2.7	342.87213213343
74	38332	2.8	342.87213213343
74	39256	2.9	342.43318343996
74	42749	3	342.43318343996
74	48467	3.1	342.06516434002
74	49851	3.2	342.06516434002
74	49913	3.3	341.74311254644
74	49975	3.4	341.74311254644
74	50037	3.5	341.32450358615
74	50099	3.6	341.32450358615
74	50161	3.7	340.84750371981
74	50223	3.8	340.84750371981
74	50285	3.9	340.31453526918
74	50555	4	340.31453526918
74	50613	4.1	339.7265946256
74	50671	4.2	339.7265946256
74	50729	4.3	339.07734410521
74	50787	4.4	339.07734410521
74	50845	4.5	338.37529659155
74	50903	4.6	338.37529659155
74	50961	4.7	337.59325150311
74	51227	4.8	337.59325150311
74	51281	4.9	331.59325150311
74	51335	5	331.59325150311
74	51389	5.1	325.59325150311
74	51443	5.2	325.59325150311
74	51497	5.3	319.59325150311
74	51551	5.4	319.59325150311
74	51605	5.5	313.59325150311
74	51867	5.6	313.59325150311
74	51917	5.7	307.59325150311
74	51967	5.8	307.59325150311
74	52017	5.9	301.59325150311
74	52067	6	301.59325150311
74	52117	6.1	295.59325150311
74	52167	6.2	295.59325150311
74	52217	6.3	289.59325150311
74	52475	6.4	289.59325150311
74	52521	6.5	283.59325150311
74	52567	6.6	283.59325150311
74	52613	6.7	277.59325150311
74	52659	6.8	277.59325150311
74	52705	6.9	271.59325150311
74	52751	7	271.59325150311
74	52797	7.1	265.59325150311
74	52843	7.2	265.59325150311
74	52889	7.3	259.59325150311
74	53143	7.4	259.59325150311
74	53185	7.5	253.59325150311
74	53227	7.6	253.59325150311
74	53269	7.7	247.59325150311
74	53311	7.8	247.59325150311
74	53353	7.9	241.59325150311
74	53395	8	241.59325150311
74	53437	8.1	235.59325150311
74	53479	8.2	235.59325150311
74	53521	8.3	229.59325150311
74	53771	8.4	229.59325150311
74	53809	8.5	223.59325150311
74	53847	8.6	223.59325150311
74	53885	8.7	217.59325150311
74	53923	8.8	217.59325150311
74	53961	8.9	211.59325150311
74	53999	9	211.59325150311
74	54037	9.1	205.59325150311
74	54179	9.2	205.59325150311
74	54215	9.3	199.59325150311
74	54251	9.4	199.59325150311
74	54287	9.5	193.59325150311
74	54323	9.6	193.59325150311
74	54359	9.7	187.59325150311
74	54395	9.8	187.59325150311
74	54431	9.9	181.59325150311
74	54571	10	181.59325150311
74	54605	10.1	175.59325150311
74	54639	10.2	175.59325150311
74	54673	10.3	169.59325150311
74	54707	10.4	169.59325150311
74	54741	10.5	163.59325150311
74	54775	10.6	163.59325150311
74	54809	10.7	157.59325150311
74	54843	10.8	157.59325150311
74	54877	10.9	151.59325150311
74	54911	11	151.59325150311
74	54945	11.1	145.59325150311
74	54979	11.2	145.59325150311
75	1372	0.600619185408	1
75	3085	0.8	2
75	3414	0.826024290892	3
75	3854	0.850493639374	4
75	4265	0.876003096494	5
75	4888	0.90121151769	6
75	5494	0.925734054401	7
75	7182	0.975841750304	8
75	8349	1.001216054833	9
75	9380	1.02618923338	10
75	10511	1.050989589279	11
75	11709	1.075945256053	12
75	11791	1.077269270128	13
75	13064	1.100568477781	14
75	14509	1.126143163808	15
75	16110	1.15045900983	16
75	17509	1.175562161336	17
75	39284	2.9	18
75	39938	2.927416485367	19
75	42461	2.989612544254	21
75	42777	3	23
75	43439	3.009105191325	24
75	47259	3.070686596304	26
75	52229	6.3	28
76	38787	2.872790148651	1
76	39088	2.895603148651	2
76	39197	2.896869148651	3
76	39423	2.919402148651	4
76	39542	2.920821279763	5
76	39781	2.923672353384	6
76	39881	2.926989353383	7
76	40167	2.934052659801	8
76	40228	2.936771733115	9
76	40398	2.938880109119	10
76	40513	2.941950182235	11
76	40611	2.943395188455	12
76	40724	2.94463524727	13
76	40959	2.96714224727	14
76	41473	2.971399576572	15
76	41635	2.972818677644	16
76	41798	2.974237932567	17
76	41914	2.975670028693	18
76	42020	2.977089068209	19
76	42300	2.982930563063	20
76	42423	2.987027654514	21
76	42558	2.993685702789	22
76	42697	2.997496832263	23
76	42831	3.000176919837	24
76	42960	3.001596107847	25
76	43060	3.003657108627	26
76	43177	3.005076312821	27
76	43273	3.006768436703	28
76	43398	3.008827563708	29
76	43475	3.01025956505	30
76	43622	3.012318810013	31
76	43726	3.014379810793	32
76	43791	3.015824811684	33
76	43957	3.017988190561	34
76	44073	3.021061191131	35
76	44356	3.025218437436	36
76	44414	3.02727743777	37
76	44524	3.02912551143	38
76	44696	3.031197960381	39
76	44889	3.035342092443	40
76	45014	3.036761202027	41
76	45264	3.040905343748	42
76	45659	3.047082629529	43
76	46177	3.053272972356	44
76	46290	3.055370989438	45
76	46396	3.056829101241	46
76	46505	3.058914342079	47
76	46626	3.060973353511	48
76	46727	3.063045415263	49
76	46845	3.065104506714	50
76	46960	3.066549615596	51
76	47234	3.070680639135	52
76	47695	3.077080929467	53
76	47805	3.079165996635	54
76	47922	3.081263996635	55
76	48048	3.08332312364	56
76	48160	3.085382193798	57
76	48269	3.094669194581	58
76	48412	3.096728512146	59
76	48512	3.100152512371	60
76	48821	3.107901826521	61
76	49072	3.110147036739	62
76	49172	3.116028074701	63
76	49269	3.121532188261	64
76	49376	3.123604199602	65
76	49480	3.128705279169	66
76	49584	3.135574325539	67
76	49692	3.139726385208	68
76	49796	3.141850451737	69
79	51	0.3	326.6
79	402	0.4	326.6
79	823	0.5	326.6
79	1255	0.6	326.6
79	2105	0.7	326.6
79	3092	0.8	326.6
79	4790	0.9	326.6
79	8224	1	326.6
79	12950	1.1	326.6
79	19012	1.2	326.6
79	24842	1.3	326.6
79	29280	1.4	326.6
79	31826	1.5	326.6
79	32706	1.6	326.6
79	33175	1.7	326.6
79	33647	1.8	326.6
79	34119	1.9	326.6
79	34595	2	326.6
79	35057	2.1	326.6
79	35533	2.2	326.6
79	35992	2.3	326.6
79	36455	2.4	326.6
79	36924	2.5	326.6
79	37397	2.6	326.6
79	37859	2.7	326.6
79	38332	2.8	326.6
79	39256	2.9	326.6
79	42749	3	326.6
79	48467	3.1	326.6
79	49851	3.2	326.6
79	49913	3.3	326.6
79	49975	3.4	326.6
79	50037	3.5	326.6
79	50099	3.6	326.6
79	50161	3.7	326.6
79	50223	3.8	326.6
79	50285	3.9	326.6
79	50555	4	326.6
79	50613	4.1	326.6
79	50671	4.2	326.6
79	50729	4.3	326.6
79	50787	4.4	326.6
79	50845	4.5	326.6
79	50903	4.6	326.6
79	50961	4.7	326.6
79	51227	4.8	326.6
79	51281	4.9	326.6
79	51335	5	326.6
79	51389	5.1	326.6
79	51443	5.2	326.6
79	51497	5.3	326.6
79	51551	5.4	326.6
79	51605	5.5	326.6
79	51867	5.6	326.6
79	51917	5.7	326.6
79	51967	5.8	326.6
79	52017	5.9	326.6
79	52067	6	326.6
79	52117	6.1	326.6
79	52167	6.2	326.6
79	52217	6.3	326.6
79	52475	6.4	326.6
79	52521	6.5	326.6
79	52567	6.6	326.6
79	52613	6.7	326.6
79	52659	6.8	326.6
79	52705	6.9	326.6
79	52751	7	326.6
79	52797	7.1	326.6
79	52843	7.2	326.6
79	52889	7.3	326.6
79	53143	7.4	326.6
79	53185	7.5	326.6
79	53227	7.6	326.6
79	53269	7.7	326.6
79	53311	7.8	326.6
79	53353	7.9	326.6
79	53395	8	326.6
79	53437	8.1	326.6
79	53479	8.2	326.6
79	53521	8.3	326.6
79	53771	8.4	326.6
79	53809	8.5	326.6
79	53847	8.6	326.6
79	53885	8.7	326.6
79	53923	8.8	326.6
79	53961	8.9	326.6
79	53999	9	326.6
79	54037	9.1	326.6
79	54179	9.2	326.6
79	54215	9.3	326.6
79	54251	9.4	326.6
79	54287	9.5	326.6
79	54323	9.6	326.6
79	54359	9.7	326.6
79	54395	9.8	326.6
79	54431	9.9	326.6
79	54571	10	326.6
79	54605	10.1	326.6
79	54639	10.2	326.6
79	54673	10.3	326.6
79	54707	10.4	326.6
79	54741	10.5	326.6
79	54775	10.6	326.6
79	54809	10.7	326.6
79	54843	10.8	326.6
79	54877	10.9	326.6
79	54911	11	326.6
79	54945	11.1	326.6
79	54979	11.2	326.6
80	51	0.3	365
80	402	0.4	365
80	823	0.5	363.88211534045
80	1255	0.6	363.88211534045
80	2105	0.7	362.72512210874
80	3092	0.8	362.72512210874
80	4790	0.9	361.59020009711
80	8224	1	361.59020009711
80	12950	1.1	360.46601051323
80	19012	1.2	360.46601051323
80	24842	1.3	359.41935515937
80	29280	1.4	359.41935515937
80	31826	1.5	358.45968172232
80	32706	1.6	358.45968172232
80	33175	1.7	357.54626582047
80	33647	1.8	357.54626582047
80	34119	1.9	356.69924606802
80	34595	2	356.69924606802
80	35057	2.1	355.88559554824
80	35533	2.2	355.88559554824
80	35992	2.3	355.09566597685
80	36455	2.4	355.09566597685
80	36924	2.5	354.35949546838
80	37397	2.6	354.35949546838
80	37859	2.7	353.66188555989
80	38332	2.8	353.66188555989
80	39256	2.9	352.99649276426
80	42749	3	352.99649276426
80	48467	3.1	352.38212751576
80	49851	3.2	352.38212751576
80	49913	3.3	351.81915685797
80	49975	3.4	351.81915685797
80	50037	3.5	351.32716802135
80	50099	3.6	351.32716802135
80	50161	3.7	350.82623839875
80	50223	3.8	350.82623839875
80	50285	3.9	350.28089660887
80	50555	4	350.28089660887
80	50613	4.1	349.73546650805
80	50671	4.2	349.73546650805
80	50729	4.3	349.18184363089
80	50787	4.4	349.18184363089
80	50845	4.5	348.59176746224
80	50903	4.6	348.59176746224
80	50961	4.7	347.96263767564
80	51227	4.8	347.96263767564
80	51281	4.9	347.24644375654
80	51335	5	347.24644375654
80	51389	5.1	346.47745821692
80	51443	5.2	346.47745821692
80	51497	5.3	345.61232770778
80	51551	5.4	345.61232770778
80	51605	5.5	344.65767462924
80	51867	5.6	344.65767462924
80	51917	5.7	343.63537628712
80	51967	5.8	343.63537628712
80	52017	5.9	342.54275848722
80	52067	6	342.54275848722
80	52117	6.1	341.35776458778
80	52167	6.2	341.35776458778
80	52217	6.3	340.11046681201
80	52475	6.4	340.11046681201
80	52521	6.5	334.11046681201
80	52567	6.6	334.11046681201
80	52613	6.7	328.11046681201
80	52659	6.8	328.11046681201
80	52705	6.9	322.11046681201
80	52751	7	322.11046681201
80	52797	7.1	316.11046681201
80	52843	7.2	316.11046681201
80	52889	7.3	310.11046681201
80	53143	7.4	310.11046681201
80	53185	7.5	304.11046681201
80	53227	7.6	304.11046681201
80	53269	7.7	298.11046681201
80	53311	7.8	298.11046681201
80	53353	7.9	292.11046681201
80	53395	8	292.11046681201
80	53437	8.1	286.11046681201
80	53479	8.2	286.11046681201
80	53521	8.3	280.11046681201
80	53771	8.4	280.11046681201
80	53809	8.5	274.11046681201
80	53847	8.6	274.11046681201
80	53885	8.7	268.11046681201
80	53923	8.8	268.11046681201
80	53961	8.9	262.11046681201
80	53999	9	262.11046681201
80	54037	9.1	256.11046681201
80	54179	9.2	256.11046681201
80	54215	9.3	250.11046681201
80	54251	9.4	250.11046681201
80	54287	9.5	244.11046681201
80	54323	9.6	244.11046681201
80	54359	9.7	238.11046681201
80	54395	9.8	238.11046681201
80	54431	9.9	232.11046681201
80	54571	10	232.11046681201
80	54605	10.1	226.11046681201
80	54639	10.2	226.11046681201
80	54673	10.3	220.11046681201
80	54707	10.4	220.11046681201
80	54741	10.5	214.11046681201
80	54775	10.6	214.11046681201
80	54809	10.7	208.11046681201
80	54843	10.8	208.11046681201
80	54877	10.9	202.11046681201
80	54911	11	202.11046681201
80	54945	11.1	196.11046681201
80	54979	11.2	196.11046681201
81	1376	0.600619219384	1
81	3087	0.8	2
81	3418	0.826024325901	3
81	3858	0.850493674426	4
81	4269	0.876003131575	5
81	4904	0.901211553654	6
81	5498	0.925734090364	7
81	6352	0.950775024499	8
81	8361	1.001216089736	9
81	9392	1.026189265676	10
81	10519	1.050989618307	11
81	11725	1.075945281893	12
81	13076	1.100568511157	13
81	14521	1.126143193107	14
81	16114	1.150459035146	15
81	17521	1.175562183271	16
81	21722	1.231061289457	17
81	39285	2.9	18
81	39943	2.928330004839	19
81	42507	2.992496128349	21
81	42778	3	23
81	43441	3.009743479952	24
81	47187	3.070113185624	26
81	53534	8.3	28
82	38799	2.872790185145	1
82	39100	2.895603185145	2
82	39209	2.896869185145	3
82	39435	2.919402185145	4
82	39546	2.920821316355	5
82	39797	2.923672390213	6
82	39897	2.926989390213	7
82	40004	2.931697390213	8
82	40171	2.934052696285	9
82	40402	2.938880145711	10
82	40517	2.941950218894	11
82	40623	2.943395224984	12
82	40736	2.944635283585	13
82	40971	2.967142283585	14
82	41292	2.969980462269	15
82	41498	2.971399613402	16
82	41806	2.97423795785	17
82	41926	2.975670065222	18
82	42032	2.97708910263	19
82	42316	2.982930589553	20
82	42439	2.987027688763	21
82	42570	2.993685732841	22
82	42701	2.997496868747	23
82	42839	3.00017694512	24
82	42964	3.001596144439	25
82	43072	3.003657144942	26
82	43181	3.00507634948	27
82	43281	3.006768457861	28
82	43402	3.008827600192	29
82	43491	3.010259601879	30
82	43626	3.012318846605	31
82	43738	3.014379847108	32
82	43807	3.015824848514	33
82	43961	3.01798822722	34
82	44077	3.021061227615	35
82	44161	3.022493227961	36
82	44360	3.025218474028	37
82	44430	3.0272774746	38
82	44700	3.03119799704	39
82	44750	3.033256997211	40
82	44905	3.035342129272	41
82	45026	3.036761236448	42
82	45280	3.040905380578	43
82	45379	3.042964380578	44
82	46189	3.053273002966	45
82	46302	3.055371023859	46
82	46408	3.056829131293	47
82	46521	3.058914368569	48
82	46638	3.060973384121	49
82	46743	3.063045441753	50
82	46861	3.065104540963	51
82	46968	3.066549640879	52
82	47250	3.070680673384	53
82	47703	3.07708095475	54
82	47813	3.079166017793	55
82	47930	3.081264017793	56
82	48052	3.083323160124	57
82	48164	3.08538223039	58
82	48285	3.09466923141	59
82	48416	3.096728548805	60
82	48528	3.100152549201	61
82	48617	3.103095548748	62
82	49084	3.110147072808	63
82	49184	3.116028108731	64
82	49285	3.121532214448	65
82	49392	3.123604229891	66
82	49496	3.12870531289	67
82	49596	3.135574355181	68
82	49700	3.139726410118	69
82	49804	3.141850472541	70
85	51	0.3	326.6
85	402	0.4	326.6
85	823	0.5	326.6
85	1255	0.6	326.6
85	2105	0.7	326.6
85	3092	0.8	326.6
85	4790	0.9	326.6
85	8224	1	326.6
85	12950	1.1	326.6
85	19012	1.2	326.6
85	24842	1.3	326.6
85	29280	1.4	326.6
85	31826	1.5	326.6
85	32706	1.6	326.6
85	33175	1.7	326.6
85	33647	1.8	326.6
85	34119	1.9	326.6
85	34595	2	326.6
85	35057	2.1	326.6
85	35533	2.2	326.6
85	35992	2.3	326.6
85	36455	2.4	326.6
85	36924	2.5	326.6
85	37397	2.6	326.6
85	37859	2.7	326.6
85	38332	2.8	326.6
85	39256	2.9	326.6
85	42749	3	326.6
85	48467	3.1	326.6
85	49851	3.2	326.6
85	49913	3.3	326.6
85	49975	3.4	326.6
85	50037	3.5	326.6
85	50099	3.6	326.6
85	50161	3.7	326.6
85	50223	3.8	326.6
85	50285	3.9	326.6
85	50555	4	326.6
85	50613	4.1	326.6
85	50671	4.2	326.6
85	50729	4.3	326.6
85	50787	4.4	326.6
85	50845	4.5	326.6
85	50903	4.6	326.6
85	50961	4.7	326.6
85	51227	4.8	326.6
85	51281	4.9	326.6
85	51335	5	326.6
85	51389	5.1	326.6
85	51443	5.2	326.6
85	51497	5.3	326.6
85	51551	5.4	326.6
85	51605	5.5	326.6
85	51867	5.6	326.6
85	51917	5.7	326.6
85	51967	5.8	326.6
85	52017	5.9	326.6
85	52067	6	326.6
85	52117	6.1	326.6
85	52167	6.2	326.6
85	52217	6.3	326.6
85	52475	6.4	326.6
85	52521	6.5	326.6
85	52567	6.6	326.6
85	52613	6.7	326.6
85	52659	6.8	326.6
85	52705	6.9	326.6
85	52751	7	326.6
85	52797	7.1	326.6
85	52843	7.2	326.6
85	52889	7.3	326.6
85	53143	7.4	326.6
85	53185	7.5	326.6
85	53227	7.6	326.6
85	53269	7.7	326.6
85	53311	7.8	326.6
85	53353	7.9	326.6
85	53395	8	326.6
85	53437	8.1	326.6
85	53479	8.2	326.6
85	53521	8.3	326.6
85	53771	8.4	326.6
85	53809	8.5	326.6
85	53847	8.6	326.6
85	53885	8.7	326.6
85	53923	8.8	326.6
85	53961	8.9	326.6
85	53999	9	326.6
85	54037	9.1	326.6
85	54179	9.2	326.6
85	54215	9.3	326.6
85	54251	9.4	326.6
85	54287	9.5	326.6
85	54323	9.6	326.6
85	54359	9.7	326.6
85	54395	9.8	326.6
85	54431	9.9	326.6
85	54571	10	326.6
85	54605	10.1	326.6
85	54639	10.2	326.6
85	54673	10.3	326.6
85	54707	10.4	326.6
85	54741	10.5	326.6
85	54775	10.6	326.6
85	54809	10.7	326.6
85	54843	10.8	326.6
85	54877	10.9	326.6
85	54911	11	326.6
85	54945	11.1	326.6
85	54979	11.2	326.6
86	51	0.3	375
86	402	0.4	375
86	823	0.5	374.13649338519
86	1255	0.6	374.13649338519
86	2105	0.7	373.27303416454
86	3092	0.8	373.27303416454
86	4790	0.9	372.3717254898
86	8224	1	372.3717254898
86	12950	1.1	371.44195342964
86	19012	1.2	371.44195342964
86	24842	1.3	370.51700817448
86	29280	1.4	370.51700817448
86	31826	1.5	369.62815287487
86	32706	1.6	369.62815287487
86	33175	1.7	368.7521056214
86	33647	1.8	368.7521056214
86	34119	1.9	367.92607520949
86	34595	2	367.92607520949
86	35057	2.1	367.1020490933
86	35533	2.2	367.1020490933
86	35992	2.3	366.29325118706
86	36455	2.4	366.29325118706
86	36924	2.5	365.52068052932
86	37397	2.6	365.52068052932
86	37859	2.7	364.75284159796
86	38332	2.8	364.75284159796
86	39256	2.9	364.03776588584
86	42749	3	364.03776588584
86	48467	3.1	363.28763082064
86	49851	3.2	363.28763082064
86	49913	3.3	362.57984015174
86	49975	3.4	362.57984015174
86	50037	3.5	361.92553524207
86	50099	3.6	361.92553524207
86	50161	3.7	361.33169809646
86	50223	3.8	361.33169809646
86	50285	3.9	360.74437911331
86	50555	4	360.74437911331
86	50613	4.1	360.13901100173
86	50671	4.2	360.13901100173
86	50729	4.3	359.55774483646
86	50787	4.4	359.55774483646
86	50845	4.5	358.97382609544
86	50903	4.6	358.97382609544
86	50961	4.7	358.34825507307
86	51227	4.8	358.34825507307
86	51281	4.9	357.72158737703
86	51335	5	357.72158737703
86	51389	5.1	357.06277722693
86	51443	5.2	357.06277722693
86	51497	5.3	356.32984291502
86	51551	5.4	356.32984291502
86	51605	5.5	355.55638580172
86	51867	5.6	355.55638580172
86	51917	5.7	354.69468134337
86	51967	5.8	354.69468134337
86	52017	5.9	353.8251543336
86	52067	6	353.8251543336
86	52117	6.1	352.85597631142
86	52167	6.2	352.85597631142
86	52217	6.3	351.83553744922
86	52475	6.4	351.83553744922
86	52521	6.5	350.76771611163
86	52567	6.6	350.76771611163
86	52613	6.7	349.63527671201
86	52659	6.8	349.63527671201
86	52705	6.9	348.40061361996
86	52751	7	348.40061361996
86	52797	7.1	347.08861457759
86	52843	7.2	347.08861457759
86	52889	7.3	345.70205540346
86	53143	7.4	345.70205540346
86	53185	7.5	344.21951414172
86	53227	7.6	344.21951414172
86	53269	7.7	342.64075590506
86	53311	7.8	342.64075590506
86	53353	7.9	340.96588705066
86	53395	8	340.96588705066
86	53437	8.1	339.3956659401
86	53479	8.2	339.3956659401
86	53521	8.3	337.99275794449
86	53771	8.4	337.99275794449
86	53809	8.5	331.99275794449
86	53847	8.6	331.99275794449
86	53885	8.7	325.99275794449
86	53923	8.8	325.99275794449
86	53961	8.9	319.99275794449
86	53999	9	319.99275794449
86	54037	9.1	313.99275794449
86	54179	9.2	313.99275794449
86	54215	9.3	307.99275794449
86	54251	9.4	307.99275794449
86	54287	9.5	301.99275794449
86	54323	9.6	301.99275794449
86	54359	9.7	295.99275794449
86	54395	9.8	295.99275794449
86	54431	9.9	289.99275794449
86	54571	10	289.99275794449
86	54605	10.1	283.99275794449
86	54639	10.2	283.99275794449
86	54673	10.3	277.99275794449
86	54707	10.4	277.99275794449
86	54741	10.5	271.99275794449
86	54775	10.6	271.99275794449
86	54809	10.7	265.99275794449
86	54843	10.8	265.99275794449
86	54877	10.9	259.99275794449
86	54911	11	259.99275794449
86	54945	11.1	253.99275794449
86	54979	11.2	253.99275794449
87	1332	0.600619083597	1
87	3089	0.8	2
87	3374	0.826024176319	3
87	3814	0.850493518579	4
87	4225	0.876002972015	5
87	4884	0.901211515523	6
87	5510	0.925734121549	7
87	6372	0.950775127385	8
87	7202	0.975841888093	9
87	9340	1.026189117072	10
87	10479	1.050989488867	11
87	11685	1.075945166731	12
87	13052	1.100568448887	13
87	14505	1.126143150076	14
87	15295	1.130370150164	15
87	16102	1.15045900595	16
87	17513	1.175562164075	17
87	39286	2.9	18
87	39947	2.929555494493	19
87	42584	2.994033457612	21
87	42779	3	23
87	43182	3.00514518052	24
87	47052	3.067457167497	26
87	50299	3.9	28
88	38751	2.872790065561	1
88	39052	2.895603065561	2
88	39161	2.896869065561	3
88	39387	2.919402065561	4
88	39498	2.920821182113	5
88	39769	2.923672329407	6
88	39893	2.9269893897	7
88	40020	2.931697459594	8
88	40123	2.934052567199	9
88	40252	2.936771839025	10
88	40354	2.938880011469	11
88	40469	2.941950082244	12
88	40688	2.944635166352	13
88	40923	2.967142166352	14
88	41629	2.972818656071	15
88	41790	2.974237922482	16
88	41980	2.977088984156	17
88	42125	2.97853405502	18
88	42276	2.982930507524	19
88	42403	2.987027623424	20
88	42554	2.993685684041	21
88	42653	2.997496739661	22
88	42823	3.000176909752	23
88	42916	3.001596010197	24
88	43024	3.003657027709	25
88	43133	3.00507621283	26
88	43269	3.006768432261	27
88	43354	3.008827471106	28
88	43463	3.010259541073	29
88	43578	3.012318712363	30
88	43690	3.014379729875	31
88	43803	3.015824848001	32
88	43913	3.01798809057	33
88	44029	3.021061098529	34
88	44210	3.023133168496	35
88	44312	3.025218339786	36
88	44426	3.027277474087	37
88	44548	3.02912561734	38
88	44652	3.03119786039	39
88	44766	3.033257066592	40
88	44877	3.035342068466	41
88	44974	3.036761117974	42
88	45276	3.040905380065	43
88	45395	3.042964449959	44
88	45683	3.047082735439	45
88	45840	3.049154772847	46
88	46145	3.053272905385	47
88	46250	3.055370905385	48
88	46392	3.056829082493	49
88	46481	3.05891428654	50
88	46594	3.06097328654	51
88	46703	3.063045359724	52
88	46825	3.065104475624	53
88	46952	3.066549605511	54
88	47214	3.070680608045	55
88	47559	3.074813747561	56
88	47687	3.077080919382	57
88	47801	3.079165992193	58
88	47918	3.081263992193	59
88	48004	3.083323031038	60
88	48116	3.085382096148	61
88	48257	3.094669170604	62
88	48368	3.096728412155	63
88	48524	3.100152548688	64
88	48633	3.103095616555	65
88	48845	3.107901930397	66
88	49132	3.116027991797	67
88	49245	3.121532133478	68
88	49348	3.123604133478	69
88	49460	3.128705249924	70
88	49580	3.135574307929	71
88	49684	3.13972637601	72
88	49792	3.141850448034	73
91	51	0.3	345
91	402	0.4	345
91	823	0.5	343.07202587852
91	1255	0.6	343.07202587852
91	2105	0.7	341.30378998733
91	3092	0.8	341.30378998733
91	4790	0.9	339.71555409615
91	8224	1	339.71555409615
91	12950	1.1	338.27697125313
91	19012	1.2	338.27697125313
91	24842	1.3	337.01838841011
91	29280	1.4	337.01838841011
91	31826	1.5	335.93781998367
91	32706	1.6	335.93781998367
91	33175	1.7	335.03725155723
91	33647	1.8	335.03725155723
91	34119	1.9	334.31668313079
91	34595	2	334.31668313079
91	35057	2.1	333.77611470436
91	35533	2.2	333.77611470436
91	35992	2.3	333.41554627792
91	36455	2.4	333.41554627792
91	36924	2.5	333.23497785148
91	37397	2.6	333.23497785148
91	37859	2.7	333.20406657378
91	38332	2.8	333.20406657378
91	39256	2.9	333.2011386148
91	42749	3	333.2011386148
91	48467	3.1	333.20100225143
91	49851	3.2	333.20100225143
91	49913	3.3	333.20100225143
91	49975	3.4	333.20100225143
91	50037	3.5	333.20100225143
91	50099	3.6	333.20100225143
91	50161	3.7	333.20100225143
91	50223	3.8	333.20100225143
91	50285	3.9	333.20100225143
91	50555	4	333.20100225143
91	50613	4.1	327.20100225143
91	50671	4.2	327.20100225143
91	50729	4.3	321.20100225143
91	50787	4.4	321.20100225143
91	50845	4.5	315.20100225143
91	50903	4.6	315.20100225143
91	50961	4.7	309.20100225143
91	51227	4.8	309.20100225143
91	51281	4.9	303.20100225143
91	51335	5	303.20100225143
91	51389	5.1	297.20100225143
91	51443	5.2	297.20100225143
91	51497	5.3	291.20100225143
91	51551	5.4	291.20100225143
91	51605	5.5	285.20100225143
91	51867	5.6	285.20100225143
91	51917	5.7	279.20100225143
91	51967	5.8	279.20100225143
91	52017	5.9	273.20100225143
91	52067	6	273.20100225143
91	52117	6.1	267.20100225143
91	52167	6.2	267.20100225143
91	52217	6.3	261.20100225143
91	52475	6.4	261.20100225143
91	52521	6.5	255.20100225143
91	52567	6.6	255.20100225143
91	52613	6.7	249.20100225143
91	52659	6.8	249.20100225143
91	52705	6.9	243.20100225143
91	52751	7	243.20100225143
91	52797	7.1	237.20100225143
91	52843	7.2	237.20100225143
91	52889	7.3	231.20100225143
91	53143	7.4	231.20100225143
91	53185	7.5	225.20100225143
91	53227	7.6	225.20100225143
91	53269	7.7	219.20100225143
91	53311	7.8	219.20100225143
91	53353	7.9	213.20100225143
91	53395	8	213.20100225143
91	53437	8.1	207.20100225143
91	53479	8.2	207.20100225143
91	53521	8.3	201.20100225143
91	53771	8.4	201.20100225143
91	53809	8.5	195.20100225143
91	53847	8.6	195.20100225143
91	53885	8.7	189.20100225143
91	53923	8.8	189.20100225143
91	53961	8.9	183.20100225143
91	53999	9	183.20100225143
91	54037	9.1	177.20100225143
91	54179	9.2	177.20100225143
91	54215	9.3	171.20100225143
91	54251	9.4	171.20100225143
91	54287	9.5	165.20100225143
91	54323	9.6	165.20100225143
91	54359	9.7	159.20100225143
91	54395	9.8	159.20100225143
91	54431	9.9	153.20100225143
91	54571	10	153.20100225143
91	54605	10.1	147.20100225143
91	54639	10.2	147.20100225143
91	54673	10.3	141.20100225143
91	54707	10.4	141.20100225143
91	54741	10.5	135.20100225143
91	54775	10.6	135.20100225143
91	54809	10.7	129.20100225143
91	54843	10.8	129.20100225143
91	54877	10.9	123.20100225143
91	54911	11	123.20100225143
91	54945	11.1	117.20100225143
91	54979	11.2	117.20100225143
92	51	0.3	323.4
92	402	0.4	323.4
92	823	0.5	323.4
92	1255	0.6	323.4
92	2105	0.7	323.4
92	3092	0.8	323.4
92	4790	0.9	323.4
92	8224	1	323.4
92	12950	1.1	323.4
92	19012	1.2	323.4
92	24842	1.3	323.4
92	29280	1.4	323.4
92	31826	1.5	323.4
92	32706	1.6	323.4
92	33175	1.7	323.4
92	33647	1.8	323.4
92	34119	1.9	323.4
92	34595	2	323.4
92	35057	2.1	323.4
92	35533	2.2	323.4
92	35992	2.3	323.4
92	36455	2.4	323.4
92	36924	2.5	323.4
92	37397	2.6	323.4
92	37859	2.7	323.4
92	38332	2.8	323.4
92	39256	2.9	323.4
92	42749	3	323.4
92	48467	3.1	323.4
92	49851	3.2	323.4
92	49913	3.3	323.4
92	49975	3.4	323.4
92	50037	3.5	323.4
92	50099	3.6	323.4
92	50161	3.7	323.4
92	50223	3.8	323.4
92	50285	3.9	323.4
92	50555	4	323.4
92	50613	4.1	323.4
92	50671	4.2	323.4
92	50729	4.3	323.4
92	50787	4.4	323.4
92	50845	4.5	323.4
92	50903	4.6	323.4
92	50961	4.7	323.4
92	51227	4.8	323.4
92	51281	4.9	323.4
92	51335	5	323.4
92	51389	5.1	323.4
92	51443	5.2	323.4
92	51497	5.3	323.4
92	51551	5.4	323.4
92	51605	5.5	323.4
92	51867	5.6	323.4
92	51917	5.7	323.4
92	51967	5.8	323.4
92	52017	5.9	323.4
92	52067	6	323.4
92	52117	6.1	323.4
92	52167	6.2	323.4
92	52217	6.3	323.4
92	52475	6.4	323.4
92	52521	6.5	323.4
92	52567	6.6	323.4
92	52613	6.7	323.4
92	52659	6.8	323.4
92	52705	6.9	323.4
92	52751	7	323.4
92	52797	7.1	323.4
92	52843	7.2	323.4
92	52889	7.3	323.4
92	53143	7.4	323.4
92	53185	7.5	323.4
92	53227	7.6	323.4
92	53269	7.7	323.4
92	53311	7.8	323.4
92	53353	7.9	323.4
92	53395	8	323.4
92	53437	8.1	323.4
92	53479	8.2	323.4
92	53521	8.3	323.4
92	53771	8.4	323.4
92	53809	8.5	323.4
92	53847	8.6	323.4
92	53885	8.7	323.4
92	53923	8.8	323.4
92	53961	8.9	323.4
92	53999	9	323.4
92	54037	9.1	323.4
92	54179	9.2	323.4
92	54215	9.3	323.4
92	54251	9.4	323.4
92	54287	9.5	323.4
92	54323	9.6	323.4
92	54359	9.7	323.4
92	54395	9.8	323.4
92	54431	9.9	323.4
92	54571	10	323.4
92	54605	10.1	323.4
92	54639	10.2	323.4
92	54673	10.3	323.4
92	54707	10.4	323.4
92	54741	10.5	323.4
92	54775	10.6	323.4
92	54809	10.7	323.4
92	54843	10.8	323.4
92	54877	10.9	323.4
92	54911	11	323.4
92	54945	11.1	323.4
92	54979	11.2	323.4
93	1344	0.600619114743	1
93	3091	0.8	2
93	3386	0.826024202245	3
93	3822	0.850493539611	4
93	4233	0.8760029894	5
93	4892	0.901211539888	6
93	5518	0.925734139522	7
93	6380	0.950775141302	8
93	7210	0.975841899403	9
93	8305	1.001215952442	10
93	10475	1.050989452408	11
93	11681	1.075945130273	12
93	13068	1.100568485124	13
93	14517	1.126143186705	14
93	16122	1.150459042754	15
93	17525	1.175562200974	16
93	21334	1.23020176095	17
93	39287	2.9	18
93	39866	2.926477876147	19
93	42460	2.989527967661	21
93	42780	3	23
93	43224	3.006338907816	24
93	47090	3.068017470134	26
93	51620	5.5	28
94	38767	2.8727900966	1
94	39068	2.8956030966	2
94	39177	2.8968690966	3
94	39403	2.9194020966	4
94	39510	2.920821199076	5
94	39777	2.923672348078	6
94	39901	2.926989402045	7
94	40028	2.931697468273	8
94	40135	2.934052590439	9
94	40256	2.936771845596	10
94	40366	2.938880028432	11
94	40477	2.941950095059	12
94	40571	2.943395113081	13
94	40704	2.944635195891	14
94	40939	2.967142195891	15
94	41802	2.974237952872	16
94	41874	2.975669953319	17
94	42119	2.978534024183	18
94	42272	2.982930476687	19
94	42419	2.98702765262	20
94	42566	2.993685714074	21
94	42665	2.997496762901	22
94	42835	3.000176940142	23
94	42928	3.00159602716	24
94	43040	3.003657057248	25
94	43141	3.005076225645	26
94	43285	3.00676846282	27
94	43366	3.008827494346	28
94	43471	3.010259559744	29
94	43590	3.012318729326	30
94	43706	3.014379759414	31
94	43811	3.015824860346	32
94	43921	3.017988103385	33
94	44041	3.021061121769	34
94	44324	3.025218356749	35
94	44434	3.027277486432	36
94	44552	3.029125623911	37
94	44660	3.031197873205	38
94	44774	3.033257075271	39
94	44885	3.035342087137	40
94	45123	3.038193148811	41
94	45284	3.04090539241	42
94	45403	3.042964458638	43
94	45687	3.04708274201	44
94	46045	3.051213803684	45
94	46137	3.053272874548	46
94	46404	3.056829112526	47
94	46477	3.058914255703	48
94	46586	3.060973255703	49
94	46699	3.063045328887	50
94	46841	3.06510450482	51
94	46964	3.066549635901	52
94	47230	3.070680637241	53
94	47574	3.0748137771	54
94	47699	3.077080949772	55
94	47817	3.079166022752	56
94	47934	3.081264022752	57
94	48016	3.083323054278	58
94	48128	3.085382113111	59
94	48265	3.094669189275	60
94	48376	3.09672842497	61
94	48532	3.100152561033	62
94	48641	3.103095624896	63
94	48849	3.107901936699	64
94	49028	3.110146962176	65
94	49241	3.121532103856	66
94	49340	3.123604103856	67
94	49476	3.128705277948	68
94	49592	3.13557433675	69
94	49696	3.139726405187	70
94	49808	3.141850477379	71
97	51	0.3	355
97	402	0.4	355
97	823	0.5	353.44760854882
97	1255	0.6	353.44760854882
97	2105	0.7	351.98522535184
97	3092	0.8	351.98522535184
97	4790	0.9	350.64539595476
97	8224	1	350.64539595476
97	12950	1.1	349.40287838621
97	19012	1.2	349.40287838621
97	24842	1.3	348.26680151655
97	29280	1.4	348.26680151655
97	31826	1.5	347.19692768369
97	32706	1.6	347.19692768369
97	33175	1.7	346.27696417659
97	33647	1.8	346.27696417659
97	34119	1.9	345.44257674415
97	34595	2	345.44257674415
97	35057	2.1	344.67157857792
97	35533	2.2	344.67157857792
97	35992	2.3	344.00103681517
97	36455	2.4	344.00103681517
97	36924	2.5	343.41739604256
97	37397	2.6	343.41739604256
97	37859	2.7	342.90920135979
97	38332	2.8	342.90920135979
97	39256	2.9	342.44581370423
97	42749	3	342.44581370423
97	48467	3.1	342.08126780619
97	49851	3.2	342.08126780619
97	49913	3.3	341.76220443199
97	49975	3.4	341.76220443199
97	50037	3.5	341.4989669837
97	50099	3.6	341.4989669837
97	50161	3.7	341.25832694453
97	50223	3.8	341.25832694453
97	50285	3.9	341.06621209647
97	50555	4	341.06621209647
97	50613	4.1	340.89952962245
97	50671	4.2	340.89952962245
97	50729	4.3	340.6476650382
97	50787	4.4	340.6476650382
97	50845	4.5	340.32078619545
97	50903	4.6	340.32078619545
97	50961	4.7	339.91249063334
97	51227	4.8	339.91249063334
97	51281	4.9	339.43383759907
97	51335	5	339.43383759907
97	51389	5.1	338.90239334807
97	51443	5.2	338.90239334807
97	51497	5.3	338.29410825891
97	51551	5.4	338.29410825891
97	51605	5.5	337.61967424627
97	51867	5.6	337.61967424627
97	51917	5.7	331.61967424627
97	51967	5.8	331.61967424627
97	52017	5.9	325.61967424627
97	52067	6	325.61967424627
97	52117	6.1	319.61967424627
97	52167	6.2	319.61967424627
97	52217	6.3	313.61967424627
97	52475	6.4	313.61967424627
97	52521	6.5	307.61967424627
97	52567	6.6	307.61967424627
97	52613	6.7	301.61967424627
97	52659	6.8	301.61967424627
97	52705	6.9	295.61967424627
97	52751	7	295.61967424627
97	52797	7.1	289.61967424627
97	52843	7.2	289.61967424627
97	52889	7.3	283.61967424627
97	53143	7.4	283.61967424627
97	53185	7.5	277.61967424627
97	53227	7.6	277.61967424627
97	53269	7.7	271.61967424627
97	53311	7.8	271.61967424627
97	53353	7.9	265.61967424627
97	53395	8	265.61967424627
97	53437	8.1	259.61967424627
97	53479	8.2	259.61967424627
97	53521	8.3	253.61967424627
97	53771	8.4	253.61967424627
97	53809	8.5	247.61967424627
97	53847	8.6	247.61967424627
97	53885	8.7	241.61967424627
97	53923	8.8	241.61967424627
97	53961	8.9	235.61967424627
97	53999	9	235.61967424627
97	54037	9.1	229.61967424627
97	54179	9.2	229.61967424627
97	54215	9.3	223.61967424627
97	54251	9.4	223.61967424627
97	54287	9.5	217.61967424627
97	54323	9.6	217.61967424627
97	54359	9.7	211.61967424627
97	54395	9.8	211.61967424627
97	54431	9.9	205.61967424627
97	54571	10	205.61967424627
97	54605	10.1	199.61967424627
97	54639	10.2	199.61967424627
97	54673	10.3	193.61967424627
97	54707	10.4	193.61967424627
97	54741	10.5	187.61967424627
97	54775	10.6	187.61967424627
97	54809	10.7	181.61967424627
97	54843	10.8	181.61967424627
97	54877	10.9	175.61967424627
97	54911	11	175.61967424627
97	54945	11.1	169.61967424627
97	54979	11.2	169.61967424627
98	51	0.3	323.4
98	402	0.4	323.4
98	823	0.5	323.4
98	1255	0.6	323.4
98	2105	0.7	323.4
98	3092	0.8	323.4
98	4790	0.9	323.4
98	8224	1	323.4
98	12950	1.1	323.4
98	19012	1.2	323.4
98	24842	1.3	323.4
98	29280	1.4	323.4
98	31826	1.5	323.4
98	32706	1.6	323.4
98	33175	1.7	323.4
98	33647	1.8	323.4
98	34119	1.9	323.4
98	34595	2	323.4
98	35057	2.1	323.4
98	35533	2.2	323.4
98	35992	2.3	323.4
98	36455	2.4	323.4
98	36924	2.5	323.4
98	37397	2.6	323.4
98	37859	2.7	323.4
98	38332	2.8	323.4
98	39256	2.9	323.4
98	42749	3	323.4
98	48467	3.1	323.4
98	49851	3.2	323.4
98	49913	3.3	323.4
98	49975	3.4	323.4
98	50037	3.5	323.4
98	50099	3.6	323.4
98	50161	3.7	323.4
98	50223	3.8	323.4
98	50285	3.9	323.4
98	50555	4	323.4
98	50613	4.1	323.4
98	50671	4.2	323.4
98	50729	4.3	323.4
98	50787	4.4	323.4
98	50845	4.5	323.4
98	50903	4.6	323.4
98	50961	4.7	323.4
98	51227	4.8	323.4
98	51281	4.9	323.4
98	51335	5	323.4
98	51389	5.1	323.4
98	51443	5.2	323.4
98	51497	5.3	323.4
98	51551	5.4	323.4
98	51605	5.5	323.4
98	51867	5.6	323.4
98	51917	5.7	323.4
98	51967	5.8	323.4
98	52017	5.9	323.4
98	52067	6	323.4
98	52117	6.1	323.4
98	52167	6.2	323.4
98	52217	6.3	323.4
98	52475	6.4	323.4
98	52521	6.5	323.4
98	52567	6.6	323.4
98	52613	6.7	323.4
98	52659	6.8	323.4
98	52705	6.9	323.4
98	52751	7	323.4
98	52797	7.1	323.4
98	52843	7.2	323.4
98	52889	7.3	323.4
98	53143	7.4	323.4
98	53185	7.5	323.4
98	53227	7.6	323.4
98	53269	7.7	323.4
98	53311	7.8	323.4
98	53353	7.9	323.4
98	53395	8	323.4
98	53437	8.1	323.4
98	53479	8.2	323.4
98	53521	8.3	323.4
98	53771	8.4	323.4
98	53809	8.5	323.4
98	53847	8.6	323.4
98	53885	8.7	323.4
98	53923	8.8	323.4
98	53961	8.9	323.4
98	53999	9	323.4
98	54037	9.1	323.4
98	54179	9.2	323.4
98	54215	9.3	323.4
98	54251	9.4	323.4
98	54287	9.5	323.4
98	54323	9.6	323.4
98	54359	9.7	323.4
98	54395	9.8	323.4
98	54431	9.9	323.4
98	54571	10	323.4
98	54605	10.1	323.4
98	54639	10.2	323.4
98	54673	10.3	323.4
98	54707	10.4	323.4
98	54741	10.5	323.4
98	54775	10.6	323.4
98	54809	10.7	323.4
98	54843	10.8	323.4
98	54877	10.9	323.4
98	54911	11	323.4
98	54945	11.1	323.4
98	54979	11.2	323.4
99	51	0.3	-4.8434748149336
99	402	0.4	0
99	823	0.5	-9
99	1255	0.6	0
99	2105	0.7	-9
99	3092	0.8	0
99	4790	0.9	-9
99	8224	1	0
99	12950	1.1	-9
99	19012	1.2	0
99	24842	1.3	-7.9093639897088
99	29280	1.4	0
99	31826	1.5	-9
99	32706	1.6	0
99	33175	1.7	-9
99	33647	1.8	0
99	34119	1.9	-9
99	34595	2	0
99	35057	2.1	-9
99	35533	2.2	0
99	35992	2.3	-9
99	36455	2.4	0
99	36924	2.5	-8.556374501046
99	37397	2.6	0
99	37859	2.7	-0.47744823051479
99	38332	2.8	0
99	39256	2.9	-0.041452593703521
99	42749	3	0
99	48467	3.1	-0.0010525367599522
99	49851	3.2	0
99	49913	3.3	300
99	49975	3.4	0
99	50037	3.5	0
99	50099	3.6	0
99	50161	3.7	0
99	50223	3.8	0
99	50285	3.9	0
99	50555	4	0
99	50613	4.1	0
99	50671	4.2	0
99	50729	4.3	0
99	50787	4.4	0
99	50845	4.5	0
99	50903	4.6	0
99	50961	4.7	0
99	51227	4.8	0
99	51281	4.9	0
99	51335	5	0
99	51389	5.1	0
99	51443	5.2	0
99	51497	5.3	0
99	51551	5.4	0
99	51605	5.5	0
99	51867	5.6	0
99	51917	5.7	0
99	51967	5.8	0
99	52017	5.9	0
99	52067	6	0
99	52117	6.1	0
99	52167	6.2	0
99	52217	6.3	0
99	52475	6.4	0
99	52521	6.5	0
99	52567	6.6	0
99	52613	6.7	0
99	52659	6.8	0
99	52705	6.9	0
99	52751	7	0
99	52797	7.1	0
99	52843	7.2	0
99	52889	7.3	0
99	53143	7.4	0
99	53185	7.5	0
99	53227	7.6	0
99	53269	7.7	0
99	53311	7.8	0
99	53353	7.9	0
99	53395	8	0
99	53437	8.1	0
99	53479	8.2	0
99	53521	8.3	0
99	53771	8.4	0
99	53809	8.5	0
99	53847	8.6	0
99	53885	8.7	0
99	53923	8.8	0
99	53961	8.9	0
99	53999	9	0
99	54037	9.1	0
99	54179	9.2	0
99	54215	9.3	0
99	54251	9.4	0
99	54287	9.5	0
99	54323	9.6	0
99	54359	9.7	0
99	54395	9.8	0
99	54431	9.9	0
99	54571	10	0
99	54605	10.1	0
99	54639	10.2	0
99	54673	10.3	0
99	54707	10.4	0
99	54741	10.5	0
99	54775	10.6	0
99	54809	10.7	0
99	54843	10.8	0
99	54877	10.9	0
99	54911	11	0
99	54945	11.1	0
99	54979	11.2	0
99	55013	11.3	0
100	51	0.3	0.973
100	402	0.4	1.6695911630199
100	823	0.5	0.973
100	1255	0.6	1.6043598199593
100	2105	0.7	0.973
100	3092	0.8	1.5431235905937
100	4790	0.9	0.973
100	8224	1	1.485478409702
100	12950	1.1	0.973
100	19012	1.2	1.4310202120629
100	24842	1.3	0.973
100	29280	1.4	1.3854723236641
100	31826	1.5	0.973
100	32706	1.6	1.3359091390693
100	33175	1.7	0.973
100	33647	1.8	1.2883697074061
100	34119	1.9	0.973
100	34595	2	1.2424499634535
100	35057	2.1	0.973
100	35533	2.2	1.1977458419902
100	35992	2.3	0.973
100	36455	2.4	1.1538532777953
100	36924	2.5	0.973
100	37397	2.6	1.1125082679991
100	37859	2.7	0.973
100	38332	2.8	1.1102050447564
100	39256	2.9	1.1100040259452
100	42749	3	1.1100050774373
100	48467	3.1	0.973
100	49851	3.2	0.973
100	49913	3.3	2174.05142976
100	49975	3.4	5.05142976
100	50037	3.5	5.05142976
100	50099	3.6	5.05142976
100	50161	3.7	5.05142976
100	50223	3.8	5.05142976
100	50285	3.9	5.05142976
100	50555	4	5.05142976
100	50613	4.1	5.05142976
100	50671	4.2	5.05142976
100	50729	4.3	5.05142976
100	50787	4.4	5.05142976
100	50845	4.5	5.05142976
100	50903	4.6	5.05142976
100	50961	4.7	5.05142976
100	51227	4.8	5.05142976
100	51281	4.9	5.05142976
100	51335	5	5.05142976
100	51389	5.1	5.05142976
100	51443	5.2	5.05142976
100	51497	5.3	5.05142976
100	51551	5.4	5.05142976
100	51605	5.5	5.05142976
100	51867	5.6	5.05142976
100	51917	5.7	5.05142976
100	51967	5.8	5.05142976
100	52017	5.9	5.05142976
100	52067	6	5.05142976
100	52117	6.1	5.05142976
100	52167	6.2	5.05142976
100	52217	6.3	5.05142976
100	52475	6.4	5.05142976
100	52521	6.5	5.05142976
100	52567	6.6	5.05142976
100	52613	6.7	5.05142976
100	52659	6.8	5.05142976
100	52705	6.9	5.05142976
100	52751	7	5.05142976
100	52797	7.1	5.05142976
100	52843	7.2	5.05142976
100	52889	7.3	5.05142976
100	53143	7.4	5.05142976
100	53185	7.5	5.05142976
100	53227	7.6	5.05142976
100	53269	7.7	5.05142976
100	53311	7.8	5.05142976
100	53353	7.9	5.05142976
100	53395	8	5.05142976
100	53437	8.1	5.05142976
100	53479	8.2	5.05142976
100	53521	8.3	5.05142976
100	53771	8.4	5.05142976
100	53809	8.5	5.05142976
100	53847	8.6	5.05142976
100	53885	8.7	5.05142976
100	53923	8.8	5.05142976
100	53961	8.9	5.05142976
100	53999	9	5.05142976
100	54037	9.1	5.05142976
100	54179	9.2	5.05142976
100	54215	9.3	5.05142976
100	54251	9.4	5.05142976
100	54287	9.5	5.05142976
100	54323	9.6	5.05142976
100	54359	9.7	5.05142976
100	54395	9.8	5.05142976
100	54431	9.9	5.05142976
100	54571	10	5.05142976
100	54605	10.1	5.05142976
100	54639	10.2	5.05142976
100	54673	10.3	5.05142976
100	54707	10.4	5.05142976
100	54741	10.5	5.05142976
100	54775	10.6	5.05142976
100	54809	10.7	5.05142976
100	54843	10.8	5.05142976
100	54877	10.9	5.05142976
100	54911	11	5.05142976
100	54945	11.1	5.05142976
100	54979	11.2	5.05142976
100	55013	11.3	5.05142976
101	402	0.4	8.1270900740647
101	823	0.5	8.0100964644352
101	1255	0.6	8.0100964644352
101	2105	0.7	7.4453347384899
101	3092	0.8	7.4453347384899
101	4790	0.9	6.8705421051402
101	8224	1	6.8705421051402
101	12950	1.1	6.0982617834632
101	19012	1.2	6.0982617834632
101	24842	1.3	5.6693985363835
101	29280	1.4	5.6693985363835
101	31826	1.5	5.2324805091045
101	32706	1.6	5.2324805091045
101	33175	1.7	4.7201501981181
101	33647	1.8	4.7201501981181
101	34119	1.9	4.0660445267802
101	34595	2	4.0660445267802
101	35057	2.1	3.7414286716372
101	35533	2.2	3.7414286716372
101	35992	2.3	3.3186064570435
101	36455	2.4	3.3186064570435
101	36924	2.5	2.9566966758608
101	37397	2.6	2.9566966758608
101	37859	2.7	2.6139057817565
101	38332	2.8	2.6139057817565
101	39256	2.9	2.2596320848155
101	42749	3	2.2596320848155
101	48467	3.1	1.9444462763409
101	49851	3.2	1.9444462763409
101	49913	3.3	1.5373491060958
101	49975	3.4	1.5373491060958
101	50037	3.5	1.9267271846786
101	50099	3.6	1.9267271846786
101	50161	3.7	2.3176498305142
101	50223	3.8	2.3176498305142
101	50285	3.9	2.7013522272787
101	50555	4	2.7013522272787
101	50613	4.1	3.200804349817
101	50671	4.2	3.200804349817
101	50729	4.3	3.6939663680127
101	50787	4.4	3.6939663680127
101	50845	4.5	4.1372045328418
101	50903	4.6	4.1372045328418
101	50961	4.7	4.6531708260483
101	51227	4.8	4.6531708260483
101	51281	4.9	30
101	51335	5	30
101	51389	5.1	30
101	51443	5.2	30
101	51497	5.3	30
101	51551	5.4	30
101	51605	5.5	30
101	51867	5.6	30
101	51917	5.7	30
101	51967	5.8	30
101	52017	5.9	30
101	52067	6	30
101	52117	6.1	30
101	52167	6.2	30
101	52217	6.3	30
101	52475	6.4	30
101	52521	6.5	30
101	52567	6.6	30
101	52613	6.7	30
101	52659	6.8	30
101	52705	6.9	30
101	52751	7	30
101	52797	7.1	30
101	52843	7.2	30
101	52889	7.3	30
101	53143	7.4	30
101	53185	7.5	30
101	53227	7.6	30
101	53269	7.7	30
101	53311	7.8	30
101	53353	7.9	30
101	53395	8	30
101	53437	8.1	30
101	53479	8.2	30
101	53521	8.3	30
101	53771	8.4	30
101	53809	8.5	30
101	53847	8.6	30
101	53885	8.7	30
101	53923	8.8	30
101	53961	8.9	30
101	53999	9	30
101	54037	9.1	30
101	54179	9.2	30
101	54215	9.3	30
101	54251	9.4	30
101	54287	9.5	30
101	54323	9.6	30
101	54359	9.7	30
101	54395	9.8	30
101	54431	9.9	30
101	54571	10	30
101	54605	10.1	30
101	54639	10.2	30
101	54673	10.3	30
101	54707	10.4	30
101	54741	10.5	30
101	54775	10.6	30
101	54809	10.7	30
101	54843	10.8	30
101	54877	10.9	30
101	54911	11	30
101	54945	11.1	30
101	54979	11.2	30
101	55013	11.3	30
102	402	0.4	5.7922494172494
102	823	0.5	5.6953445174688
102	1255	0.6	5.6953445174688
102	2105	0.7	5.7203720959658
102	3092	0.8	5.7203720959658
102	4790	0.9	5.5740125269393
102	8224	1	5.5740125269393
102	12950	1.1	5.2469858274262
102	19012	1.2	5.2469858274262
102	24842	1.3	5.1068381229494
102	29280	1.4	5.1068381229494
102	31826	1.5	4.9102261187979
102	32706	1.6	4.9102261187979
102	33175	1.7	4.7354973133902
102	33647	1.8	4.7354973133902
102	34119	1.9	4.2748114503009
102	34595	2	4.2748114503009
102	35057	2.1	4.2321038115129
102	35533	2.2	4.2321038115129
102	35992	2.3	3.8630666484648
102	36455	2.4	3.8630666484648
102	36924	2.5	3.7856971847407
102	37397	2.6	3.7856971847407
102	37859	2.7	3.4448597650083
102	38332	2.8	3.4448597650083
102	39256	2.9	3.0702899526045
102	42749	3	3.0702899526045
102	48467	3.1	2.9955264838965
102	49851	3.2	2.9955264838965
102	49913	3.3	2.6990090576521
102	49975	3.4	2.6990090576521
102	50037	3.5	2.6015111795876
102	50099	3.6	2.6015111795876
102	50161	3.7	2.4450773372504
102	50223	3.8	2.4450773372504
102	50285	3.9	2.2737613843848
102	50555	4	2.2737613843848
102	50613	4.1	1.9422208204272
102	50671	4.2	1.9422208204272
102	50729	4.3	1.7672735205677
102	50787	4.4	1.7672735205677
102	50845	4.5	1.8239932981433
102	50903	4.6	1.8239932981433
102	50961	4.7	1.8478764655846
102	51227	4.8	1.8478764655846
102	51281	4.9	1.9699332394493
102	51335	5	1.9699332394493
102	51389	5.1	2.1539758831691
102	51443	5.2	2.1539758831691
102	51497	5.3	2.2793894775817
102	51551	5.4	2.2793894775817
102	51605	5.5	2.4255667242154
102	51867	5.6	2.4255667242154
102	51917	5.7	2.8841857644515
102	51967	5.8	2.8841857644515
102	52017	5.9	3.3287812968874
102	52067	6	3.3287812968874
102	52117	6.1	3.6436233064784
102	52167	6.2	3.6436233064784
102	52217	6.3	4.0447721927632
102	52475	6.4	4.0447721927632
102	52521	6.5	4.5629707895378
102	52567	6.6	4.5629707895378
102	52613	6.7	4.9739435704676
102	52659	6.8	4.9739435704676
102	52705	6.9	5.4079681327958
102	52751	7	5.4079681327958
102	52797	7.1	5.7708885797923
102	52843	7.2	5.7708885797923
102	52889	7.3	6.2064871620825
102	53143	7.4	6.2064871620825
102	53185	7.5	30
102	53227	7.6	30
102	53269	7.7	30
102	53311	7.8	30
102	53353	7.9	30
102	53395	8	30
102	53437	8.1	30
102	53479	8.2	30
102	53521	8.3	30
102	53771	8.4	30
102	53809	8.5	30
102	53847	8.6	30
102	53885	8.7	30
102	53923	8.8	30
102	53961	8.9	30
102	53999	9	30
102	54037	9.1	30
102	54179	9.2	30
102	54215	9.3	30
102	54251	9.4	30
102	54287	9.5	30
102	54323	9.6	30
102	54359	9.7	30
102	54395	9.8	30
102	54431	9.9	30
102	54571	10	30
102	54605	10.1	30
102	54639	10.2	30
102	54673	10.3	30
102	54707	10.4	30
102	54741	10.5	30
102	54775	10.6	30
102	54809	10.7	30
102	54843	10.8	30
102	54877	10.9	30
102	54911	11	30
102	54945	11.1	30
102	54979	11.2	30
102	55013	11.3	30
103	402	0.4	4.4276107226107
103	823	0.5	4.3181408466287
103	1255	0.6	4.3181408466287
103	2105	0.7	4.3183881823578
103	3092	0.8	4.3183881823578
103	4790	0.9	4.5777057251408
103	8224	1	4.5777057251408
103	12950	1.1	4.6072900459792
103	19012	1.2	4.6072900459792
103	24842	1.3	4.3494765668651
103	29280	1.4	4.3494765668651
103	31826	1.5	4.4887161513926
103	32706	1.6	4.4887161513926
103	33175	1.7	4.2934816926524
103	33647	1.8	4.2934816926524
103	34119	1.9	4.2688319197934
103	34595	2	4.2688319197934
103	35057	2.1	4.1017703871579
103	35533	2.2	4.1017703871579
103	35992	2.3	3.9740067506231
103	36455	2.4	3.9740067506231
103	36924	2.5	3.8034932271629
103	37397	2.6	3.8034932271629
103	37859	2.7	3.9225315276973
103	38332	2.8	3.9225315276973
103	39256	2.9	3.7857233451999
103	42749	3	3.7857233451999
103	48467	3.1	3.5969678189208
103	49851	3.2	3.5969678189208
103	49913	3.3	3.3395120432112
103	49975	3.4	3.3395120432112
103	50037	3.5	3.2156218458483
103	50099	3.6	3.2156218458483
103	50161	3.7	3.1089341592249
103	50223	3.8	3.1089341592249
103	50285	3.9	2.9506125061006
103	50555	4	2.9506125061006
103	50613	4.1	2.9697095468447
103	50671	4.2	2.9697095468447
103	50729	4.3	2.6901892118904
103	50787	4.4	2.6901892118904
103	50845	4.5	2.43917208211
103	50903	4.6	2.43917208211
103	50961	4.7	2.4574057559417
103	51227	4.8	2.4574057559417
103	51281	4.9	2.3567295366077
103	51335	5	2.3567295366077
103	51389	5.1	2.3104963061499
103	51443	5.2	2.3104963061499
103	51497	5.3	2.364298781512
103	51551	5.4	2.364298781512
103	51605	5.5	2.2716665284519
103	51867	5.6	2.2716665284519
103	51917	5.7	2.3384254396669
103	51967	5.8	2.3384254396669
103	52017	5.9	2.7422307230759
103	52067	6	2.7422307230759
103	52117	6.1	2.8919187138145
103	52167	6.2	2.8919187138145
103	52217	6.3	3.1121794977389
103	52475	6.4	3.1121794977389
103	52521	6.5	3.3143919314776
103	52567	6.6	3.3143919314776
103	52613	6.7	3.7621213146305
103	52659	6.8	3.7621213146305
103	52705	6.9	4.1501884982927
103	52751	7	4.1501884982927
103	52797	7.1	4.4124239873968
103	52843	7.2	4.4124239873968
103	52889	7.3	4.891709385569
103	53143	7.4	4.891709385569
103	53185	7.5	5.2382060852414
103	53227	7.6	5.2382060852414
103	53269	7.7	5.5017504301713
103	53311	7.8	5.5017504301713
103	53353	7.9	5.9876665229909
103	53395	8	5.9876665229909
103	53437	8.1	6.3876433206535
103	53479	8.2	6.3876433206535
103	53521	8.3	6.7721891174092
103	53771	8.4	6.7721891174092
103	53809	8.5	7.1047647171234
103	53847	8.6	7.1047647171234
103	53885	8.7	7.5316903338907
103	53923	8.8	7.5316903338907
103	53961	8.9	7.9062899406952
103	53999	9	7.9062899406952
103	54037	9.1	7.3814708448243
103	54179	9.2	7.3814708448243
103	54215	9.3	30
103	54251	9.4	30
103	54287	9.5	30
103	54323	9.6	30
103	54359	9.7	30
103	54395	9.8	30
103	54431	9.9	30
103	54571	10	30
103	54605	10.1	30
103	54639	10.2	30
103	54673	10.3	30
103	54707	10.4	30
103	54741	10.5	30
103	54775	10.6	30
103	54809	10.7	30
103	54843	10.8	30
103	54877	10.9	30
103	54911	11	30
103	54945	11.1	30
103	54979	11.2	30
103	55013	11.3	30
104	402	0.4	10.282916666667
104	823	0.5	9.7440875319701
104	1255	0.6	9.7440875319701
104	2105	0.7	8.91490461551
104	3092	0.8	8.91490461551
104	4790	0.9	8.01490461551
104	8224	1	8.01490461551
104	12950	1.1	7.11490461551
104	19012	1.2	7.11490461551
104	24842	1.3	6.21490461551
104	29280	1.4	6.21490461551
104	31826	1.5	5.31490461551
104	32706	1.6	5.31490461551
104	33175	1.7	4.41490461551
104	33647	1.8	4.41490461551
104	34119	1.9	3.5733512567729
104	34595	2	3.5733512567729
104	35057	2.1	2.7237041901809
104	35533	2.2	2.7237041901809
104	35992	2.3	1.8237041901809
104	36455	2.4	1.8237041901809
104	36924	2.5	1.0052710077614
104	37397	2.6	1.0052710077614
104	37859	2.7	0.13011373835694
104	38332	2.8	0.13011373835694
104	39256	2.9	0.0051597659076978
104	42749	3	0.0051597659076978
104	48467	3.1	0.0001667622755743
104	49851	3.2	0.0001667622755743
104	49913	3.3	0
104	49975	3.4	0
104	50037	3.5	0
104	50099	3.6	0
104	50161	3.7	0
104	50223	3.8	0
104	50285	3.9	0
104	50555	4	0
104	50613	4.1	30
104	50671	4.2	30
104	50729	4.3	30
104	50787	4.4	30
104	50845	4.5	30
104	50903	4.6	30
104	50961	4.7	30
104	51227	4.8	30
104	51281	4.9	30
104	51335	5	30
104	51389	5.1	30
104	51443	5.2	30
104	51497	5.3	30
104	51551	5.4	30
104	51605	5.5	30
104	51867	5.6	30
104	51917	5.7	30
104	51967	5.8	30
104	52017	5.9	30
104	52067	6	30
104	52117	6.1	30
104	52167	6.2	30
104	52217	6.3	30
104	52475	6.4	30
104	52521	6.5	30
104	52567	6.6	30
104	52613	6.7	30
104	52659	6.8	30
104	52705	6.9	30
104	52751	7	30
104	52797	7.1	30
104	52843	7.2	30
104	52889	7.3	30
104	53143	7.4	30
104	53185	7.5	30
104	53227	7.6	30
104	53269	7.7	30
104	53311	7.8	30
104	53353	7.9	30
104	53395	8	30
104	53437	8.1	30
104	53479	8.2	30
104	53521	8.3	30
104	53771	8.4	30
104	53809	8.5	30
104	53847	8.6	30
104	53885	8.7	30
104	53923	8.8	30
104	53961	8.9	30
104	53999	9	30
104	54037	9.1	30
104	54179	9.2	30
104	54215	9.3	30
104	54251	9.4	30
104	54287	9.5	30
104	54323	9.6	30
104	54359	9.7	30
104	54395	9.8	30
104	54431	9.9	30
104	54571	10	30
104	54605	10.1	30
104	54639	10.2	30
104	54673	10.3	30
104	54707	10.4	30
104	54741	10.5	30
104	54775	10.6	30
104	54809	10.7	30
104	54843	10.8	30
104	54877	10.9	30
104	54911	11	30
104	54945	11.1	30
104	54979	11.2	30
104	55013	11.3	30
105	402	0.4	7.777467948718
105	823	0.5	7.6605212303092
105	1255	0.6	7.6605212303092
105	2105	0.7	7.4298154184682
105	3092	0.8	7.4298154184682
105	4790	0.9	6.7771679862742
105	8224	1	6.7771679862742
105	12950	1.1	6.2361233024999
105	19012	1.2	6.2361233024999
105	24842	1.3	5.6090878435229
105	29280	1.4	5.6090878435229
105	31826	1.5	5.114515116992
105	32706	1.6	5.114515116992
105	33175	1.7	4.5543894250785
105	33647	1.8	4.5543894250785
105	34119	1.9	4.1487163955372
105	34595	2	4.1487163955372
105	35057	2.1	3.6392470194977
105	35533	2.2	3.6392470194977
105	35992	2.3	3.4141108488834
105	36455	2.4	3.4141108488834
105	36924	2.5	2.9366560028689
105	37397	2.6	2.9366560028689
105	37859	2.7	2.531285165744
105	38332	2.8	2.531285165744
105	39256	2.9	2.2748072295402
105	42749	3	2.2748072295402
105	48467	3.1	1.9932967702805
105	49851	3.2	1.9932967702805
105	49913	3.3	1.6912134833089
105	49975	3.4	1.6912134833089
105	50037	3.5	1.4488420446169
105	50099	3.6	1.4488420446169
105	50161	3.7	1.2304213630101
105	50223	3.8	1.2304213630101
105	50285	3.9	0.9315226986116
105	50555	4	0.9315226986116
105	50613	4.1	0.83522639243238
105	50671	4.2	0.83522639243238
105	50729	4.3	1.2373324497871
105	50787	4.4	1.2373324497871
105	50845	4.5	1.7431918616083
105	50903	4.6	1.7431918616083
105	50961	4.7	2.1951941131646
105	51227	4.8	2.1951941131646
105	51281	4.9	2.4733951091798
105	51335	5	2.4733951091798
105	51389	5.1	2.9622572889118
105	51443	5.2	2.9622572889118
105	51497	5.3	3.4046518076709
105	51551	5.4	3.4046518076709
105	51605	5.5	3.7084483087328
105	51867	5.6	3.7084483087328
105	51917	5.7	30
105	51967	5.8	30
105	52017	5.9	30
105	52067	6	30
105	52117	6.1	30
105	52167	6.2	30
105	52217	6.3	30
105	52475	6.4	30
105	52521	6.5	30
105	52567	6.6	30
105	52613	6.7	30
105	52659	6.8	30
105	52705	6.9	30
105	52751	7	30
105	52797	7.1	30
105	52843	7.2	30
105	52889	7.3	30
105	53143	7.4	30
105	53185	7.5	30
105	53227	7.6	30
105	53269	7.7	30
105	53311	7.8	30
105	53353	7.9	30
105	53395	8	30
105	53437	8.1	30
105	53479	8.2	30
105	53521	8.3	30
105	53771	8.4	30
105	53809	8.5	30
105	53847	8.6	30
105	53885	8.7	30
105	53923	8.8	30
105	53961	8.9	30
105	53999	9	30
105	54037	9.1	30
105	54179	9.2	30
105	54215	9.3	30
105	54251	9.4	30
105	54287	9.5	30
105	54323	9.6	30
105	54359	9.7	30
105	54395	9.8	30
105	54431	9.9	30
105	54571	10	30
105	54605	10.1	30
105	54639	10.2	30
105	54673	10.3	30
105	54707	10.4	30
105	54741	10.5	30
105	54775	10.6	30
105	54809	10.7	30
105	54843	10.8	30
105	54877	10.9	30
105	54911	11	30
105	54945	11.1	30
105	54979	11.2	30
105	55013	11.3	30
106	402	0.4	5.7922494172494
106	823	0.5	5.7120785200226
106	1255	0.6	5.7120785200226
106	2105	0.7	5.8121980286086
106	3092	0.8	5.8121980286086
106	4790	0.9	5.8346483702141
106	8224	1	5.8346483702141
106	12950	1.1	5.4411038412466
106	19012	1.2	5.4411038412466
106	24842	1.3	5.0550014955403
106	29280	1.4	5.0550014955403
106	31826	1.5	4.8988126967727
106	32706	1.6	4.8988126967727
106	33175	1.7	4.6085041972611
106	33647	1.8	4.6085041972611
106	34119	1.9	4.1079790462658
106	34595	2	4.1079790462658
106	35057	2.1	3.9262511084202
106	35533	2.2	3.9262511084202
106	35992	2.3	3.8671790184029
106	36455	2.4	3.8671790184029
106	36924	2.5	3.6611468406302
106	37397	2.6	3.6611468406302
106	37859	2.7	3.5318830965622
106	38332	2.8	3.5318830965622
106	39256	2.9	3.2911828005325
106	42749	3	3.2911828005325
106	48467	3.1	2.8754582948696
106	49851	3.2	2.8754582948696
106	49913	3.3	2.9002909267179
106	49975	3.4	2.9002909267179
106	50037	3.5	2.5779899446512
106	50099	3.6	2.5779899446512
106	50161	3.7	2.470796294981
106	50223	3.8	2.470796294981
106	50285	3.9	2.1142600714466
106	50555	4	2.1142600714466
106	50613	4.1	1.9648155974071
106	50671	4.2	1.9648155974071
106	50729	4.3	1.7554183464551
106	50787	4.4	1.7554183464551
106	50845	4.5	1.7804477896616
106	50903	4.6	1.7804477896616
106	50961	4.7	1.8076080606565
106	51227	4.8	1.8076080606565
106	51281	4.9	2.0289608044128
106	51335	5	2.0289608044128
106	51389	5.1	2.2573129835083
106	51443	5.2	2.2573129835083
106	51497	5.3	2.4047908754716
106	51551	5.4	2.4047908754716
106	51605	5.5	2.7118761216119
106	51867	5.6	2.7118761216119
106	51917	5.7	3.0653222827512
106	51967	5.8	3.0653222827512
106	52017	5.9	3.3767930955338
106	52067	6	3.3767930955338
106	52117	6.1	3.7398277522894
106	52167	6.2	3.7398277522894
106	52217	6.3	4.1314839167139
106	52475	6.4	4.1314839167139
106	52521	6.5	4.4088906162457
106	52567	6.6	4.4088906162457
106	52613	6.7	4.7590815614807
106	52659	6.8	4.7590815614807
106	52705	6.9	5.1025807105741
106	52751	7	5.1025807105741
106	52797	7.1	5.5415494042626
106	52843	7.2	5.5415494042626
106	52889	7.3	6.0303123803754
106	53143	7.4	6.0303123803754
106	53185	7.5	30
106	53227	7.6	30
106	53269	7.7	30
106	53311	7.8	30
106	53353	7.9	30
106	53395	8	30
106	53437	8.1	30
106	53479	8.2	30
106	53521	8.3	30
106	53771	8.4	30
106	53809	8.5	30
106	53847	8.6	30
106	53885	8.7	30
106	53923	8.8	30
106	53961	8.9	30
106	53999	9	30
106	54037	9.1	30
106	54179	9.2	30
106	54215	9.3	30
106	54251	9.4	30
106	54287	9.5	30
106	54323	9.6	30
106	54359	9.7	30
106	54395	9.8	30
106	54431	9.9	30
106	54571	10	30
106	54605	10.1	30
106	54639	10.2	30
106	54673	10.3	30
106	54707	10.4	30
106	54741	10.5	30
106	54775	10.6	30
106	54809	10.7	30
106	54843	10.8	30
106	54877	10.9	30
106	54911	11	30
106	54945	11.1	30
106	54979	11.2	30
106	55013	11.3	30
107	402	0.4	4.4276107226107
107	823	0.5	4.2517146308003
107	1255	0.6	4.2517146308003
107	2105	0.7	4.5254708374403
107	3092	0.8	4.5254708374403
107	4790	0.9	4.5871656697995
107	8224	1	4.5871656697995
107	12950	1.1	4.7863550231259
107	19012	1.2	4.7863550231259
107	24842	1.3	4.4304260559665
107	29280	1.4	4.4304260559665
107	31826	1.5	4.5046556744724
107	32706	1.6	4.5046556744724
107	33175	1.7	4.2826894178037
107	33647	1.8	4.2826894178037
107	34119	1.9	4.2917692417832
107	34595	2	4.2917692417832
107	35057	2.1	4.1306683718716
107	35533	2.2	4.1306683718716
107	35992	2.3	3.8482833329434
107	36455	2.4	3.8482833329434
107	36924	2.5	3.7888199012583
107	37397	2.6	3.7888199012583
107	37859	2.7	3.7325010818243
107	38332	2.8	3.7325010818243
107	39256	2.9	3.6329806379042
107	42749	3	3.6329806379042
107	48467	3.1	3.458570878107
107	49851	3.2	3.458570878107
107	49913	3.3	3.3805417684294
107	49975	3.4	3.3805417684294
107	50037	3.5	3.296060434196
107	50099	3.6	3.296060434196
107	50161	3.7	3.0152587370517
107	50223	3.8	3.0152587370517
107	50285	3.9	3.1176439816721
107	50555	4	3.1176439816721
107	50613	4.1	2.9322936504763
107	50671	4.2	2.9322936504763
107	50729	4.3	2.7205847622899
107	50787	4.4	2.7205847622899
107	50845	4.5	2.3525430753919
107	50903	4.6	2.3525430753919
107	50961	4.7	2.4659584933881
107	51227	4.8	2.4659584933881
107	51281	4.9	2.3872435427835
107	51335	5	2.3872435427835
107	51389	5.1	2.3668707970894
107	51443	5.2	2.3668707970894
107	51497	5.3	2.4924617683049
107	51551	5.4	2.4924617683049
107	51605	5.5	2.4402479326782
107	51867	5.6	2.4402479326782
107	51917	5.7	2.5971533403822
107	51967	5.8	2.5971533403822
107	52017	5.9	2.8091334147338
107	52067	6	2.8091334147338
107	52117	6.1	2.8610948135283
107	52167	6.2	2.8610948135283
107	52217	6.3	3.1154626836699
107	52475	6.4	3.1154626836699
107	52521	6.5	3.5372430777656
107	52567	6.6	3.5372430777656
107	52613	6.7	3.7075953288196
107	52659	6.8	3.7075953288196
107	52705	6.9	4.0239980218812
107	52751	7	4.0239980218812
107	52797	7.1	4.3482702166117
107	52843	7.2	4.3482702166117
107	52889	7.3	4.7765259253759
107	53143	7.4	4.7765259253759
107	53185	7.5	5.1485940999269
107	53227	7.6	5.1485940999269
107	53269	7.7	5.5116752953419
107	53311	7.8	5.5116752953419
107	53353	7.9	5.8984245446475
107	53395	8	5.8984245446475
107	53437	8.1	6.296038543476
107	53479	8.2	6.296038543476
107	53521	8.3	6.6960215114487
107	53771	8.4	6.6960215114487
107	53809	8.5	7.0640106872946
107	53847	8.6	7.0640106872946
107	53885	8.7	7.3883184045099
107	53923	8.8	7.3883184045099
107	53961	8.9	7.6835522845259
107	53999	9	7.6835522845259
107	54037	9.1	7.1651688113658
107	54179	9.2	7.1651688113658
107	54215	9.3	6.291666040455
107	54251	9.4	6.291666040455
107	54287	9.5	5.6437201503662
107	54323	9.6	5.6437201503662
107	54359	9.7	4.75925579641
107	54395	9.8	4.75925579641
107	54431	9.9	3.85925579641
107	54571	10	3.85925579641
107	54605	10.1	30
107	54639	10.2	30
107	54673	10.3	30
107	54707	10.4	30
107	54741	10.5	30
107	54775	10.6	30
107	54809	10.7	30
107	54843	10.8	30
107	54877	10.9	30
107	54911	11	30
107	54945	11.1	30
107	54979	11.2	30
108	402	0.4	6.0489827878712
108	823	0.5	5.8749696913579
108	1255	0.6	5.8749696913579
108	2105	0.7	6.126951304989
108	3092	0.8	6.126951304989
108	4790	0.9	5.705284806637
108	8224	1	5.705284806637
108	12950	1.1	5.353754365123
108	19012	1.2	5.353754365123
108	24842	1.3	4.9422635950147
108	29280	1.4	4.9422635950147
108	31826	1.5	4.7198078176279
108	32706	1.6	4.7198078176279
108	33175	1.7	4.7481891270931
108	33647	1.8	4.7481891270931
108	34119	1.9	4.2663998493118
108	34595	2	4.2663998493118
108	35057	2.1	4.1353297425444
108	35533	2.2	4.1353297425444
108	35992	2.3	3.7774838297831
108	36455	2.4	3.7774838297831
108	36924	2.5	3.7318951582864
108	37397	2.6	3.7318951582864
108	37859	2.7	3.4668206396156
108	38332	2.8	3.4668206396156
108	39256	2.9	3.3208962780765
108	42749	3	3.3208962780765
108	48467	3.1	2.8932034519243
108	49851	3.2	2.8932034519243
108	49913	3.3	2.8517615915361
108	49975	3.4	2.8517615915361
108	50037	3.5	2.4866059131356
108	50099	3.6	2.4866059131356
108	50161	3.7	2.5183128727465
108	50223	3.8	2.5183128727465
108	50285	3.9	2.6753546979351
108	50555	4	2.6753546979351
108	50613	4.1	2.7424577273305
108	50671	4.2	2.7424577273305
108	50729	4.3	3.0682157011228
108	50787	4.4	3.0682157011228
108	50845	4.5	3.1517140112314
108	50903	4.6	3.1517140112314
108	50961	4.7	3.5774478878881
108	51227	4.8	3.5774478878881
108	51281	4.9	3.8915600975173
108	51335	5	3.8915600975173
108	51389	5.1	4.3918052880828
108	51443	5.2	4.3918052880828
108	51497	5.3	4.8155592188508
108	51551	5.4	4.8155592188508
108	51605	5.5	5.305597552982
108	51867	5.6	5.305597552982
108	51917	5.7	5.7881497277169
108	51967	5.8	5.7881497277169
108	52017	5.9	6.1845372237767
108	52067	6	6.1845372237767
108	52117	6.1	6.471327821113
108	52167	6.2	6.471327821113
108	52217	6.3	6.791460026576
108	52475	6.4	6.791460026576
108	52521	6.5	30
108	52567	6.6	30
108	52613	6.7	30
108	52659	6.8	30
108	52705	6.9	30
108	52751	7	30
108	52797	7.1	30
108	52843	7.2	30
108	52889	7.3	30
108	53143	7.4	30
108	53185	7.5	30
108	53227	7.6	30
108	53269	7.7	30
108	53311	7.8	30
108	53353	7.9	30
108	53395	8	30
108	53437	8.1	30
108	53479	8.2	30
108	53521	8.3	30
108	53771	8.4	30
108	53809	8.5	30
108	53847	8.6	30
108	53885	8.7	30
108	53923	8.8	30
108	53961	8.9	30
108	53999	9	30
108	54037	9.1	30
108	54179	9.2	30
108	54215	9.3	30
108	54251	9.4	30
108	54287	9.5	30
108	54323	9.6	30
108	54359	9.7	30
108	54395	9.8	30
108	54431	9.9	30
108	54571	10	30
108	54605	10.1	30
108	54639	10.2	30
108	54673	10.3	30
108	54707	10.4	30
108	54741	10.5	30
108	54775	10.6	30
108	54809	10.7	30
108	54843	10.8	30
108	54877	10.9	30
108	54911	11	30
108	54945	11.1	30
108	54979	11.2	30
109	402	0.4	4.5888896727227
109	823	0.5	4.4820450646375
109	1255	0.6	4.4820450646375
109	2105	0.7	4.397471399608
109	3092	0.8	4.397471399608
109	4790	0.9	4.9123594289487
109	8224	1	4.9123594289487
109	12950	1.1	4.5972866657224
109	19012	1.2	4.5972866657224
109	24842	1.3	4.3926499691705
109	29280	1.4	4.3926499691705
109	31826	1.5	4.4712849432654
109	32706	1.6	4.4712849432654
109	33175	1.7	4.3534518807527
109	33647	1.8	4.3534518807527
109	34119	1.9	4.226660780975
109	34595	2	4.226660780975
109	35057	2.1	4.1140850220599
109	35533	2.2	4.1140850220599
109	35992	2.3	3.975013588587
109	36455	2.4	3.975013588587
109	36924	2.5	3.8195284012729
109	37397	2.6	3.8195284012729
109	37859	2.7	3.899146697635
109	38332	2.8	3.899146697635
109	39256	2.9	3.5525003150932
109	42749	3	3.5525003150932
109	48467	3.1	3.5701483898451
109	49851	3.2	3.5701483898451
109	49913	3.3	3.2445031061219
109	49975	3.4	3.2445031061219
109	50037	3.5	3.180450979337
109	50099	3.6	3.180450979337
109	50161	3.7	3.1489713439301
109	50223	3.8	3.1489713439301
109	50285	3.9	3.1526410749373
109	50555	4	3.1526410749373
109	50613	4.1	2.9993116458175
109	50671	4.2	2.9993116458175
109	50729	4.3	3.1015749440206
109	50787	4.4	3.1015749440206
109	50845	4.5	3.0332567462573
109	50903	4.6	3.0332567462573
109	50961	4.7	3.2556533742513
109	51227	4.8	3.2556533742513
109	51281	4.9	3.313104040172
109	51335	5	3.313104040172
109	51389	5.1	3.7022916224349
109	51443	5.2	3.7022916224349
109	51497	5.3	3.8866586182773
109	51551	5.4	3.8866586182773
109	51605	5.5	4.1458779342087
109	51867	5.6	4.1458779342087
109	51917	5.7	4.4648418324288
109	51967	5.8	4.4648418324288
109	52017	5.9	4.922118187294
109	52067	6	4.922118187294
109	52117	6.1	5.3625069565267
109	52167	6.2	5.3625069565267
109	52217	6.3	5.7190671655774
109	52475	6.4	5.7190671655774
109	52521	6.5	5.9009155396562
109	52567	6.6	5.9009155396562
109	52613	6.7	6.3786476344852
109	52659	6.8	6.3786476344852
109	52705	6.9	6.6640163399562
109	52751	7	6.6640163399562
109	52797	7.1	6.9754112639422
109	52843	7.2	6.9754112639422
109	52889	7.3	7.2817702310722
109	53143	7.4	7.2817702310722
109	53185	7.5	7.6717373030776
109	53227	7.6	7.6717373030776
109	53269	7.7	7.9399148048324
109	53311	7.8	7.9399148048324
109	53353	7.9	8.1131439504993
109	53395	8	8.1131439504993
109	53437	8.1	7.2131439504993
109	53479	8.2	7.2131439504993
109	53521	8.3	6.3131439504993
109	53771	8.4	6.3131439504993
109	53809	8.5	30
109	53847	8.6	30
109	53885	8.7	30
109	53923	8.8	30
109	53961	8.9	30
109	53999	9	30
109	54037	9.1	30
109	54179	9.2	30
109	54215	9.3	30
109	54251	9.4	30
109	54287	9.5	30
109	54323	9.6	30
109	54359	9.7	30
109	54395	9.8	30
109	54431	9.9	30
109	54571	10	30
109	54605	10.1	30
109	54639	10.2	30
109	54673	10.3	30
109	54707	10.4	30
109	54741	10.5	30
109	54775	10.6	30
109	54809	10.7	30
109	54843	10.8	30
109	54877	10.9	30
109	54911	11	30
109	54945	11.1	30
109	54979	11.2	30
110	402	0.4	10.282916666667
110	823	0.5	9.8531557814713
110	1255	0.6	9.8531557814713
110	2105	0.7	8.9531557814713
110	3092	0.8	8.9531557814713
110	4790	0.9	8.0617982056705
110	8224	1	8.0617982056705
110	12950	1.1	7.1617982056705
110	19012	1.2	7.1617982056705
110	24842	1.3	6.2617982056705
110	29280	1.4	6.2617982056705
110	31826	1.5	5.3637262782585
110	32706	1.6	5.3637262782585
110	33175	1.7	4.4637262782585
110	33647	1.8	4.4637262782585
110	34119	1.9	3.5637262782585
110	34595	2	3.5637262782585
110	35057	2.1	2.6637262782585
110	35533	2.2	2.6637262782585
110	35992	2.3	1.7637262782585
110	36455	2.4	1.7637262782585
110	36924	2.5	0.86372627825848
110	37397	2.6	0.86372627825848
110	37859	2.7	0.019770868477888
110	38332	2.8	0.019770868477888
110	39256	2.9	0.0010556118892736
110	42749	3	0.0010556118892736
110	48467	3.1	9.9610443617743e-05
110	49851	3.2	9.9610443617743e-05
110	49913	3.3	30
110	49975	3.4	30
110	50037	3.5	30
110	50099	3.6	30
110	50161	3.7	30
110	50223	3.8	30
110	50285	3.9	30
110	50555	4	30
110	50613	4.1	30
110	50671	4.2	30
110	50729	4.3	30
110	50787	4.4	30
110	50845	4.5	30
110	50903	4.6	30
110	50961	4.7	30
110	51227	4.8	30
110	51281	4.9	30
110	51335	5	30
110	51389	5.1	30
110	51443	5.2	30
110	51497	5.3	30
110	51551	5.4	30
110	51605	5.5	30
110	51867	5.6	30
110	51917	5.7	30
110	51967	5.8	30
110	52017	5.9	30
110	52067	6	30
110	52117	6.1	30
110	52167	6.2	30
110	52217	6.3	30
110	52475	6.4	30
110	52521	6.5	30
110	52567	6.6	30
110	52613	6.7	30
110	52659	6.8	30
110	52705	6.9	30
110	52751	7	30
110	52797	7.1	30
110	52843	7.2	30
110	52889	7.3	30
110	53143	7.4	30
110	53185	7.5	30
110	53227	7.6	30
110	53269	7.7	30
110	53311	7.8	30
110	53353	7.9	30
110	53395	8	30
110	53437	8.1	30
110	53479	8.2	30
110	53521	8.3	30
110	53771	8.4	30
110	53809	8.5	30
110	53847	8.6	30
110	53885	8.7	30
110	53923	8.8	30
110	53961	8.9	30
110	53999	9	30
110	54037	9.1	30
110	54179	9.2	30
110	54215	9.3	30
110	54251	9.4	30
110	54287	9.5	30
110	54323	9.6	30
110	54359	9.7	30
110	54395	9.8	30
110	54431	9.9	30
110	54571	10	30
110	54605	10.1	30
110	54639	10.2	30
110	54673	10.3	30
110	54707	10.4	30
110	54741	10.5	30
110	54775	10.6	30
110	54809	10.7	30
110	54843	10.8	30
110	54877	10.9	30
110	54911	11	30
110	54945	11.1	30
110	54979	11.2	30
111	402	0.4	7.777467948718
111	823	0.5	7.7265693464763
111	1255	0.6	7.7265693464763
111	2105	0.7	7.4723271281639
111	3092	0.8	7.4723271281639
111	4790	0.9	6.9636696766346
111	8224	1	6.9636696766346
111	12950	1.1	6.3279616262798
111	19012	1.2	6.3279616262798
111	24842	1.3	5.6410567864357
111	29280	1.4	5.6410567864357
111	31826	1.5	5.1382157917252
111	32706	1.6	5.1382157917252
111	33175	1.7	4.5922993184652
111	33647	1.8	4.5922993184652
111	34119	1.9	4.243659649602
111	34595	2	4.243659649602
111	35057	2.1	3.6683471550126
111	35533	2.2	3.6683471550126
111	35992	2.3	3.3464930417887
111	36455	2.4	3.3464930417887
111	36924	2.5	2.948329168923
111	37397	2.6	2.948329168923
111	37859	2.7	2.5704106433201
111	38332	2.8	2.5704106433201
111	39256	2.9	2.1947434673555
111	42749	3	2.1947434673555
111	48467	3.1	1.8400954997055
111	49851	3.2	1.8400954997055
111	49913	3.3	1.6102589679195
111	49975	3.4	1.6102589679195
111	50037	3.5	2.093044801444
111	50099	3.6	2.093044801444
111	50161	3.7	2.3849993316981
111	50223	3.8	2.3849993316981
111	50285	3.9	2.6648422531702
111	50555	4	2.6648422531702
111	50613	4.1	2.9397032178671
111	50671	4.2	2.9397032178671
111	50729	4.3	3.2462526019721
111	50787	4.4	3.2462526019721
111	50845	4.5	3.5102375682921
111	50903	4.6	3.5102375682921
111	50961	4.7	3.9102254422207
111	51227	4.8	3.9102254422207
111	51281	4.9	30
111	51335	5	30
111	51389	5.1	30
111	51443	5.2	30
111	51497	5.3	30
111	51551	5.4	30
111	51605	5.5	30
111	51867	5.6	30
111	51917	5.7	30
111	51967	5.8	30
111	52017	5.9	30
111	52067	6	30
111	52117	6.1	30
111	52167	6.2	30
111	52217	6.3	30
111	52475	6.4	30
111	52521	6.5	30
111	52567	6.6	30
111	52613	6.7	30
111	52659	6.8	30
111	52705	6.9	30
111	52751	7	30
111	52797	7.1	30
111	52843	7.2	30
111	52889	7.3	30
111	53143	7.4	30
111	53185	7.5	30
111	53227	7.6	30
111	53269	7.7	30
111	53311	7.8	30
111	53353	7.9	30
111	53395	8	30
111	53437	8.1	30
111	53479	8.2	30
111	53521	8.3	30
111	53771	8.4	30
111	53809	8.5	30
111	53847	8.6	30
111	53885	8.7	30
111	53923	8.8	30
111	53961	8.9	30
111	53999	9	30
111	54037	9.1	30
111	54179	9.2	30
111	54215	9.3	30
111	54251	9.4	30
111	54287	9.5	30
111	54323	9.6	30
111	54359	9.7	30
111	54395	9.8	30
111	54431	9.9	30
111	54571	10	30
111	54605	10.1	30
111	54639	10.2	30
111	54673	10.3	30
111	54707	10.4	30
111	54741	10.5	30
111	54775	10.6	30
111	54809	10.7	30
111	54843	10.8	30
111	54877	10.9	30
111	54911	11	30
111	54945	11.1	30
111	54979	11.2	30
112	402	0.4	5.7922494172494
112	823	0.5	5.5894232977278
112	1255	0.6	5.5894232977278
112	2105	0.7	5.7849661585537
112	3092	0.8	5.7849661585537
112	4790	0.9	5.6746100581842
112	8224	1	5.6746100581842
112	12950	1.1	5.6209479194067
112	19012	1.2	5.6209479194067
112	24842	1.3	5.2332767692925
112	29280	1.4	5.2332767692925
112	31826	1.5	4.7983671852315
112	32706	1.6	4.7983671852315
112	33175	1.7	4.5670795092383
112	33647	1.8	4.5670795092383
112	34119	1.9	4.2350987622837
112	34595	2	4.2350987622837
112	35057	2.1	4.0682525988635
112	35533	2.2	4.0682525988635
112	35992	2.3	3.9496478569624
112	36455	2.4	3.9496478569624
112	36924	2.5	3.6808525423768
112	37397	2.6	3.6808525423768
112	37859	2.7	3.4880495424522
112	38332	2.8	3.4880495424522
112	39256	2.9	3.3269639781248
112	42749	3	3.3269639781248
112	48467	3.1	3.0718262425105
112	49851	3.2	3.0718262425105
112	49913	3.3	2.8148532889426
112	49975	3.4	2.8148532889426
112	50037	3.5	2.4599441831171
112	50099	3.6	2.4599441831171
112	50161	3.7	2.5046481129867
112	50223	3.8	2.5046481129867
112	50285	3.9	2.7267089493936
112	50555	4	2.7267089493936
112	50613	4.1	2.7271505040971
112	50671	4.2	2.7271505040971
112	50729	4.3	2.7681143858243
112	50787	4.4	2.7681143858243
112	50845	4.5	2.9503808432166
112	50903	4.6	2.9503808432166
112	50961	4.7	3.1456489329897
112	51227	4.8	3.1456489329897
112	51281	4.9	3.5809695955316
112	51335	5	3.5809695955316
112	51389	5.1	3.844927698108
112	51443	5.2	3.844927698108
112	51497	5.3	4.3256525456949
112	51551	5.4	4.3256525456949
112	51605	5.5	4.7732653926915
112	51867	5.6	4.7732653926915
112	51917	5.7	5.1114917105945
112	51967	5.8	5.1114917105945
112	52017	5.9	5.463088999516
112	52067	6	5.463088999516
112	52117	6.1	5.9249694971644
112	52167	6.2	5.9249694971644
112	52217	6.3	6.2364888788617
112	52475	6.4	6.2364888788617
112	52521	6.5	30
112	52567	6.6	30
112	52613	6.7	30
112	52659	6.8	30
112	52705	6.9	30
112	52751	7	30
112	52797	7.1	30
112	52843	7.2	30
112	52889	7.3	30
112	53143	7.4	30
112	53185	7.5	30
112	53227	7.6	30
112	53269	7.7	30
112	53311	7.8	30
112	53353	7.9	30
112	53395	8	30
112	53437	8.1	30
112	53479	8.2	30
112	53521	8.3	30
112	53771	8.4	30
112	53809	8.5	30
112	53847	8.6	30
112	53885	8.7	30
112	53923	8.8	30
112	53961	8.9	30
112	53999	9	30
112	54037	9.1	30
112	54179	9.2	30
112	54215	9.3	30
112	54251	9.4	30
112	54287	9.5	30
112	54323	9.6	30
112	54359	9.7	30
112	54395	9.8	30
112	54431	9.9	30
112	54571	10	30
112	54605	10.1	30
112	54639	10.2	30
112	54673	10.3	30
112	54707	10.4	30
112	54741	10.5	30
112	54775	10.6	30
112	54809	10.7	30
112	54843	10.8	30
112	54877	10.9	30
112	54911	11	30
112	54945	11.1	30
112	54979	11.2	30
113	402	0.4	4.4276107226107
113	823	0.5	4.3175330740521
113	1255	0.6	4.3175330740521
113	2105	0.7	4.3172961032354
113	3092	0.8	4.3172961032354
113	4790	0.9	4.5065433737159
113	8224	1	4.5065433737159
113	12950	1.1	4.6488603007859
113	19012	1.2	4.6488603007859
113	24842	1.3	4.6247262758344
113	29280	1.4	4.6247262758344
113	31826	1.5	4.4442764980413
113	32706	1.6	4.4442764980413
113	33175	1.7	4.3802362673397
113	33647	1.8	4.3802362673397
113	34119	1.9	4.1301520595294
113	34595	2	4.1301520595294
113	35057	2.1	4.1201305809883
113	35533	2.2	4.1201305809883
113	35992	2.3	4.0439895311963
113	36455	2.4	4.0439895311963
113	36924	2.5	3.8628532886676
113	37397	2.6	3.8628532886676
113	37859	2.7	3.8391946568351
113	38332	2.8	3.8391946568351
113	39256	2.9	3.5753785605773
113	42749	3	3.5753785605773
113	48467	3.1	3.7506753259969
113	49851	3.2	3.7506753259969
113	49913	3.3	3.53895334452
113	49975	3.4	3.53895334452
113	50037	3.5	3.2715245483402
113	50099	3.6	3.2715245483402
113	50161	3.7	2.9691857280628
113	50223	3.8	2.9691857280628
113	50285	3.9	2.9365949157331
113	50555	4	2.9365949157331
113	50613	4.1	3.0268405579195
113	50671	4.2	3.0268405579195
113	50729	4.3	2.9063308263447
113	50787	4.4	2.9063308263447
113	50845	4.5	2.9195937050733
113	50903	4.6	2.9195937050733
113	50961	4.7	3.1278551118755
113	51227	4.8	3.1278551118755
113	51281	4.9	3.1333384802016
113	51335	5	3.1333384802016
113	51389	5.1	3.2940507504775
113	51443	5.2	3.2940507504775
113	51497	5.3	3.6646715595706
113	51551	5.4	3.6646715595706
113	51605	5.5	3.8672855665083
113	51867	5.6	3.8672855665083
113	51917	5.7	4.3085222917377
113	51967	5.8	4.3085222917377
113	52017	5.9	4.3476350488365
113	52067	6	4.3476350488365
113	52117	6.1	4.8458901108793
113	52167	6.2	4.8458901108793
113	52217	6.3	5.1021943110001
113	52475	6.4	5.1021943110001
113	52521	6.5	5.3391066879923
113	52567	6.6	5.3391066879923
113	52613	6.7	5.6621969980891
113	52659	6.8	5.6621969980891
113	52705	6.9	6.1733154602493
113	52751	7	6.1733154602493
113	52797	7.1	6.5599952118429
113	52843	7.2	6.5599952118429
113	52889	7.3	6.9327958706398
113	53143	7.4	6.9327958706398
113	53185	7.5	7.4127063087285
113	53227	7.6	7.4127063087285
113	53269	7.7	7.8937911832663
113	53311	7.8	7.8937911832663
113	53353	7.9	8.3743442720319
113	53395	8	8.3743442720319
113	53437	8.1	7.8511055527592
113	53479	8.2	7.8511055527592
113	53521	8.3	7.0145399780565
113	53771	8.4	7.0145399780565
113	53809	8.5	30
113	53847	8.6	30
113	53885	8.7	30
113	53923	8.8	30
113	53961	8.9	30
113	53999	9	30
113	54037	9.1	30
113	54179	9.2	30
113	54215	9.3	30
113	54251	9.4	30
113	54287	9.5	30
113	54323	9.6	30
113	54359	9.7	30
113	54395	9.8	30
113	54431	9.9	30
113	54571	10	30
113	54605	10.1	30
113	54639	10.2	30
113	54673	10.3	30
113	54707	10.4	30
113	54741	10.5	30
113	54775	10.6	30
113	54809	10.7	30
113	54843	10.8	30
113	54877	10.9	30
113	54911	11	30
113	54945	11.1	30
113	54979	11.2	30
114	402	0.4	10.282916666667
114	823	0.5	9.6398706074089
114	1255	0.6	9.6398706074089
114	2105	0.7	8.8411794559245
114	3092	0.8	8.8411794559245
114	4790	0.9	7.9411794559245
114	8224	1	7.9411794559245
114	12950	1.1	7.1929142151039
114	19012	1.2	7.1929142151039
114	24842	1.3	6.2929142151039
114	29280	1.4	6.2929142151039
114	31826	1.5	5.4028421321868
114	32706	1.6	5.4028421321868
114	33175	1.7	4.5028421321868
114	33647	1.8	4.5028421321868
114	34119	1.9	3.6028421321868
114	34595	2	3.6028421321868
114	35057	2.1	2.7028421321868
114	35533	2.2	2.7028421321868
114	35992	2.3	1.8028421321868
114	36455	2.4	1.8028421321868
114	36924	2.5	0.90284213218684
114	37397	2.6	0.90284213218684
114	37859	2.7	0.15455638849167
114	38332	2.8	0.15455638849167
114	39256	2.9	0.014639794925564
114	42749	3	0.014639794925564
114	48467	3.1	0.00068181682907994
114	49851	3.2	0.00068181682907994
114	49913	3.3	0
114	49975	3.4	0
114	50037	3.5	0
114	50099	3.6	0
114	50161	3.7	0
114	50223	3.8	0
114	50285	3.9	0
114	50555	4	0
114	50613	4.1	30
114	50671	4.2	30
114	50729	4.3	30
114	50787	4.4	30
114	50845	4.5	30
114	50903	4.6	30
114	50961	4.7	30
114	51227	4.8	30
114	51281	4.9	30
114	51335	5	30
114	51389	5.1	30
114	51443	5.2	30
114	51497	5.3	30
114	51551	5.4	30
114	51605	5.5	30
114	51867	5.6	30
114	51917	5.7	30
114	51967	5.8	30
114	52017	5.9	30
114	52067	6	30
114	52117	6.1	30
114	52167	6.2	30
114	52217	6.3	30
114	52475	6.4	30
114	52521	6.5	30
114	52567	6.6	30
114	52613	6.7	30
114	52659	6.8	30
114	52705	6.9	30
114	52751	7	30
114	52797	7.1	30
114	52843	7.2	30
114	52889	7.3	30
114	53143	7.4	30
114	53185	7.5	30
114	53227	7.6	30
114	53269	7.7	30
114	53311	7.8	30
114	53353	7.9	30
114	53395	8	30
114	53437	8.1	30
114	53479	8.2	30
114	53521	8.3	30
114	53771	8.4	30
114	53809	8.5	30
114	53847	8.6	30
114	53885	8.7	30
114	53923	8.8	30
114	53961	8.9	30
114	53999	9	30
114	54037	9.1	30
114	54179	9.2	30
114	54215	9.3	30
114	54251	9.4	30
114	54287	9.5	30
114	54323	9.6	30
114	54359	9.7	30
114	54395	9.8	30
114	54431	9.9	30
114	54571	10	30
114	54605	10.1	30
114	54639	10.2	30
114	54673	10.3	30
114	54707	10.4	30
114	54741	10.5	30
114	54775	10.6	30
114	54809	10.7	30
114	54843	10.8	30
114	54877	10.9	30
114	54911	11	30
114	54945	11.1	30
114	54979	11.2	30
115	402	0.4	7.777467948718
115	823	0.5	7.7619572559027
115	1255	0.6	7.7619572559027
115	2105	0.7	7.3119159849076
115	3092	0.8	7.3119159849076
115	4790	0.9	6.6991469853998
115	8224	1	6.6991469853998
115	12950	1.1	6.2125878427535
115	19012	1.2	6.2125878427535
115	24842	1.3	5.6803843483008
115	29280	1.4	5.6803843483008
115	31826	1.5	5.3493691643011
115	32706	1.6	5.3493691643011
115	33175	1.7	4.5998175354782
115	33647	1.8	4.5998175354782
115	34119	1.9	4.1719371622039
115	34595	2	4.1719371622039
115	35057	2.1	3.8549908311355
115	35533	2.2	3.8549908311355
115	35992	2.3	3.3527088137575
115	36455	2.4	3.3527088137575
115	36924	2.5	2.9182038630748
115	37397	2.6	2.9182038630748
115	37859	2.7	2.5409734138111
115	38332	2.8	2.5409734138111
115	39256	2.9	2.316938277833
115	42749	3	2.316938277833
115	48467	3.1	1.8227294901957
115	49851	3.2	1.8227294901957
115	49913	3.3	1.5953168709974
115	49975	3.4	1.5953168709974
115	50037	3.5	1.3161872414562
115	50099	3.6	1.3161872414562
115	50161	3.7	1.2032001958401
115	50223	3.8	1.2032001958401
115	50285	3.9	0.96057424031437
115	50555	4	0.96057424031437
115	50613	4.1	0.83341237009317
115	50671	4.2	0.83341237009317
115	50729	4.3	1.2593229212652
115	50787	4.4	1.2593229212652
115	50845	4.5	1.6343942137144
115	50903	4.6	1.6343942137144
115	50961	4.7	2.0414778105523
115	51227	4.8	2.0414778105523
115	51281	4.9	2.3932651713392
115	51335	5	2.3932651713392
115	51389	5.1	2.6572212550411
115	51443	5.2	2.6572212550411
115	51497	5.3	3.0414254457591
115	51551	5.4	3.0414254457591
115	51605	5.5	3.372170063224
115	51867	5.6	3.372170063224
115	51917	5.7	30
115	51967	5.8	30
115	52017	5.9	30
115	52067	6	30
115	52117	6.1	30
115	52167	6.2	30
115	52217	6.3	30
115	52475	6.4	30
115	52521	6.5	30
115	52567	6.6	30
115	52613	6.7	30
115	52659	6.8	30
115	52705	6.9	30
115	52751	7	30
115	52797	7.1	30
115	52843	7.2	30
115	52889	7.3	30
115	53143	7.4	30
115	53185	7.5	30
115	53227	7.6	30
115	53269	7.7	30
115	53311	7.8	30
115	53353	7.9	30
115	53395	8	30
115	53437	8.1	30
115	53479	8.2	30
115	53521	8.3	30
115	53771	8.4	30
115	53809	8.5	30
115	53847	8.6	30
115	53885	8.7	30
115	53923	8.8	30
115	53961	8.9	30
115	53999	9	30
115	54037	9.1	30
115	54179	9.2	30
115	54215	9.3	30
115	54251	9.4	30
115	54287	9.5	30
115	54323	9.6	30
115	54359	9.7	30
115	54395	9.8	30
115	54431	9.9	30
115	54571	10	30
115	54605	10.1	30
115	54639	10.2	30
115	54673	10.3	30
115	54707	10.4	30
115	54741	10.5	30
115	54775	10.6	30
115	54809	10.7	30
115	54843	10.8	30
115	54877	10.9	30
115	54911	11	30
115	54945	11.1	30
115	54979	11.2	30
116	823	0.5	-1.1699360962957
116	1255	0.6	0
116	2105	0.7	-5.6476172594532
116	3092	0.8	0
116	4790	0.9	-5.7479263334962
116	8224	1	0
116	12950	1.1	-7.7228032167707
116	19012	1.2	0
116	24842	1.3	-4.2886324707968
116	29280	1.4	0
116	31826	1.5	-4.3691802727896
116	32706	1.6	0
116	33175	1.7	-5.1233031098641
116	33647	1.8	0
116	34119	1.9	-6.5410567133789
116	34595	2	0
116	35057	2.1	-3.2461585514299
116	35533	2.2	0
116	35992	2.3	-4.2282221459376
116	36455	2.4	0
116	36924	2.5	-3.6190978118266
116	37397	2.6	0
116	37859	2.7	-3.4279089410431
116	38332	2.8	0
116	39256	2.9	-3.5427369694096
116	42749	3	0
116	48467	3.1	-3.1518580847465
116	49851	3.2	0
116	49913	3.3	-4.0709717024509
116	49975	3.4	0
116	50037	3.5	3.893780785828
116	50099	3.6	0
116	50161	3.7	3.9092264583565
116	50223	3.8	0
116	50285	3.9	3.8370239676442
116	50555	4	0
116	50613	4.1	4.9945212253835
116	50671	4.2	0
116	50729	4.3	4.9316201819573
116	50787	4.4	0
116	50845	4.5	4.4323816482909
116	50903	4.6	0
116	50961	4.7	5.1596629320644
116	51227	4.8	0
116	51281	4.9	253.46829173952
116	51335	5	0
116	51389	5.1	0
116	51443	5.2	0
116	51497	5.3	0
116	51551	5.4	0
116	51605	5.5	0
116	51867	5.6	0
116	51917	5.7	0
116	51967	5.8	0
116	52017	5.9	0
116	52067	6	0
116	52117	6.1	0
116	52167	6.2	0
116	52217	6.3	0
116	52475	6.4	0
116	52521	6.5	0
116	52567	6.6	0
116	52613	6.7	0
116	52659	6.8	0
116	52705	6.9	0
116	52751	7	0
116	52797	7.1	0
116	52843	7.2	0
116	52889	7.3	0
116	53143	7.4	0
116	53185	7.5	0
116	53227	7.6	0
116	53269	7.7	0
116	53311	7.8	0
116	53353	7.9	0
116	53395	8	0
116	53437	8.1	0
116	53479	8.2	0
116	53521	8.3	0
116	53771	8.4	0
116	53809	8.5	0
116	53847	8.6	0
116	53885	8.7	0
116	53923	8.8	0
116	53961	8.9	0
116	53999	9	0
116	54037	9.1	0
116	54179	9.2	0
116	54215	9.3	0
116	54251	9.4	0
116	54287	9.5	0
116	54323	9.6	0
116	54359	9.7	0
116	54395	9.8	0
116	54431	9.9	0
116	54571	10	0
116	54605	10.1	0
116	54639	10.2	0
116	54673	10.3	0
116	54707	10.4	0
116	54741	10.5	0
116	54775	10.6	0
116	54809	10.7	0
116	54843	10.8	0
116	54877	10.9	0
116	54911	11	0
116	54945	11.1	0
116	54979	11.2	0
116	55013	11.3	0
117	823	0.5	0.973
117	1255	0.6	1.5438843445215
117	2105	0.7	0.973
117	3092	0.8	1.5072893106676
117	4790	0.9	0.973
117	8224	1	1.4713952201928
117	12950	1.1	0.973
117	19012	1.2	1.4251304791717
117	24842	1.3	0.973
117	29280	1.4	1.400325643198
117	31826	1.5	0.973
117	32706	1.6	1.3756489944504
117	33175	1.7	0.973
117	33647	1.8	1.3474149861158
117	34119	1.9	0.973
117	34595	2	1.3123559519826
117	35057	2.1	0.973
117	35533	2.2	1.2953247334415
117	35992	2.3	0.973
117	36455	2.4	1.2734658671336
117	36924	2.5	0.973
117	37397	2.6	1.2550188205039
117	37859	2.7	0.973
117	38332	2.8	1.2377446573886
117	39256	2.9	0.973
117	42749	3	1.2200704767417
117	48467	3.1	0.973
117	49851	3.2	1.2044792302902
117	49913	3.3	0.973
117	49975	3.4	1.184497373614
117	50037	3.5	3.0116491067884
117	50099	3.6	1.203606063601
117	50161	3.7	3.4064660236289
117	50223	3.8	1.2229534763139
117	50285	3.9	3.7401361893568
117	50555	4	1.2421342582475
117	50613	4.1	5.1201791046905
117	50671	4.2	1.2674361561964
117	50729	4.3	5.6832079718706
117	50787	4.4	1.2928533507075
117	50845	4.5	5.7354988291512
117	50903	4.6	1.316120492522
117	50961	4.7	7.1298952939541
117	51227	4.8	1.3437761742724
117	51281	4.9	1837.6271790367
117	51335	5	5.05142976
117	51389	5.1	5.05142976
117	51443	5.2	5.05142976
117	51497	5.3	5.05142976
117	51551	5.4	5.05142976
117	51605	5.5	5.05142976
117	51867	5.6	5.05142976
117	51917	5.7	5.05142976
117	51967	5.8	5.05142976
117	52017	5.9	5.05142976
117	52067	6	5.05142976
117	52117	6.1	5.05142976
117	52167	6.2	5.05142976
117	52217	6.3	5.05142976
117	52475	6.4	5.05142976
117	52521	6.5	5.05142976
117	52567	6.6	5.05142976
117	52613	6.7	5.05142976
117	52659	6.8	5.05142976
117	52705	6.9	5.05142976
117	52751	7	5.05142976
117	52797	7.1	5.05142976
117	52843	7.2	5.05142976
117	52889	7.3	5.05142976
117	53143	7.4	5.05142976
117	53185	7.5	5.05142976
117	53227	7.6	5.05142976
117	53269	7.7	5.05142976
117	53311	7.8	5.05142976
117	53353	7.9	5.05142976
117	53395	8	5.05142976
117	53437	8.1	5.05142976
117	53479	8.2	5.05142976
117	53521	8.3	5.05142976
117	53771	8.4	5.05142976
117	53809	8.5	5.05142976
117	53847	8.6	5.05142976
117	53885	8.7	5.05142976
117	53923	8.8	5.05142976
117	53961	8.9	5.05142976
117	53999	9	5.05142976
117	54037	9.1	5.05142976
117	54179	9.2	5.05142976
117	54215	9.3	5.05142976
117	54251	9.4	5.05142976
117	54287	9.5	5.05142976
117	54323	9.6	5.05142976
117	54359	9.7	5.05142976
117	54395	9.8	5.05142976
117	54431	9.9	5.05142976
117	54571	10	5.05142976
117	54605	10.1	5.05142976
117	54639	10.2	5.05142976
117	54673	10.3	5.05142976
117	54707	10.4	5.05142976
117	54741	10.5	5.05142976
117	54775	10.6	5.05142976
117	54809	10.7	5.05142976
117	54843	10.8	5.05142976
117	54877	10.9	5.05142976
117	54911	11	5.05142976
117	54945	11.1	5.05142976
117	54979	11.2	5.05142976
117	55013	11.3	5.05142976
118	823	0.5	-0.96904899780639
118	1255	0.6	0
118	2105	0.7	0.25027578497027
118	3092	0.8	0
118	4790	0.9	-1.4635956902649
118	8224	1	0
118	12950	1.1	-3.2702669951316
118	19012	1.2	0
118	24842	1.3	-1.4014770447673
118	29280	1.4	0
118	31826	1.5	-1.9661200415158
118	32706	1.6	0
118	33175	1.7	-1.7472880540768
118	33647	1.8	0
118	34119	1.9	-4.6068586308928
118	34595	2	0
118	35057	2.1	-0.42707638788031
118	35533	2.2	0
118	35992	2.3	-3.6903716304807
118	36455	2.4	0
118	36924	2.5	-0.77369463724051
118	37397	2.6	0
118	37859	2.7	-3.4083741973242
118	38332	2.8	0
118	39256	2.9	-3.745698124038
118	42749	3	0
118	48467	3.1	-0.74763468708045
118	49851	3.2	0
118	49913	3.3	-2.9651742624434
118	49975	3.4	0
118	50037	3.5	-0.97497878064496
118	50099	3.6	0
118	50161	3.7	-1.5643384233724
118	50223	3.8	0
118	50285	3.9	-1.7131595286559
118	50555	4	0
118	50613	4.1	-3.3154056395765
118	50671	4.2	0
118	50729	4.3	-1.7494729985948
118	50787	4.4	0
118	50845	4.5	0.56719777575592
118	50903	4.6	0
118	50961	4.7	0.2388316744128
118	51227	4.8	0
118	51281	4.9	1.220567738647
118	51335	5	0
118	51389	5.1	1.8404264371982
118	51443	5.2	0
118	51497	5.3	1.2541359441263
118	51551	5.4	0
118	51605	5.5	1.4617724663372
118	51867	5.6	0
118	51917	5.7	4.5861904023609
118	51967	5.8	0
118	52017	5.9	4.4459553243592
118	52067	6	0
118	52117	6.1	3.1484200959094
118	52167	6.2	0
118	52217	6.3	4.0114888628479
118	52475	6.4	0
118	52521	6.5	5.181985967746
118	52567	6.6	0
118	52613	6.7	4.1097278092988
118	52659	6.8	0
118	52705	6.9	4.3402456232812
118	52751	7	0
118	52797	7.1	3.6292044699658
118	52843	7.2	0
118	52889	7.3	4.3559858229011
118	53143	7.4	0
118	53185	7.5	237.93512837918
118	53227	7.6	0
118	53269	7.7	0
118	53311	7.8	0
118	53353	7.9	0
118	53395	8	0
118	53437	8.1	0
118	53479	8.2	0
118	53521	8.3	0
118	53771	8.4	0
118	53809	8.5	0
118	53847	8.6	0
118	53885	8.7	0
118	53923	8.8	0
118	53961	8.9	0
118	53999	9	0
118	54037	9.1	0
118	54179	9.2	0
118	54215	9.3	0
118	54251	9.4	0
118	54287	9.5	0
118	54323	9.6	0
118	54359	9.7	0
118	54395	9.8	0
118	54431	9.9	0
118	54571	10	0
118	54605	10.1	0
118	54639	10.2	0
118	54673	10.3	0
118	54707	10.4	0
118	54741	10.5	0
118	54775	10.6	0
118	54809	10.7	0
118	54843	10.8	0
118	54877	10.9	0
118	54911	11	0
118	54945	11.1	0
118	54979	11.2	0
118	55013	11.3	0
119	823	0.5	0.973
119	1255	0.6	1.4018094569209
119	2105	0.7	1.7482753806302
119	3092	0.8	1.40324276202
119	4790	0.9	0.973
119	8224	1	1.394888762927
119	12950	1.1	0.973
119	19012	1.2	1.376459098157
119	24842	1.3	0.973
119	29280	1.4	1.3686573793876
119	31826	1.5	0.973
119	32706	1.6	1.3578057780436
119	33175	1.7	0.973
119	33647	1.8	1.3482504009887
119	34119	1.9	0.973
119	34595	2	1.3234333539912
119	35057	2.1	0.973
119	35533	2.2	1.3211590026335
119	35992	2.3	0.973
119	36455	2.4	1.301679944338
119	36924	2.5	0.973
119	37397	2.6	1.2976340234968
119	37859	2.7	0.973
119	38332	2.8	1.2799565163243
119	39256	2.9	0.973
119	42749	3	1.2607844761748
119	48467	3.1	0.973
119	49851	3.2	1.2569872859964
119	49913	3.3	0.973
119	49975	3.4	1.2420164891442
119	50037	3.5	0.973
119	50099	3.6	1.2371233832539
119	50161	3.7	0.973
119	50223	3.8	1.2293008936362
119	50285	3.9	0.973
119	50555	4	1.2207721929877
119	50613	4.1	0.973
119	50671	4.2	1.204369545092
119	50729	4.3	0.973
119	50787	4.4	1.1957631734484
119	50845	4.5	1.4478801738586
119	50903	4.6	1.1985500229088
119	50961	4.7	1.3060853319867
119	51227	4.8	1.1997244572643
119	51281	4.9	1.7852050858706
119	51335	5	1.2057357786648
119	51389	5.1	2.1702114280152
119	51443	5.2	1.2148309953416
119	51497	5.3	1.9099898662317
119	51551	5.4	1.2210517760776
119	51605	5.5	2.0828236563708
119	51867	5.6	1.2283276330649
119	51917	5.7	4.4391589341154
119	51967	5.8	1.251349491871
119	52017	5.9	4.8406945680837
119	52067	6	1.2739878518274
119	52117	6.1	4.0549063034798
119	52167	6.2	1.2902370050301
119	52217	6.3	5.2215924411373
119	52475	6.4	1.311232817567
119	52521	6.5	7.0373994929744
119	52567	6.6	1.3388940977431
119	52613	6.7	6.2877253726517
119	52659	6.8	1.3613108072142
119	52705	6.9	7.0422215332867
119	52751	7	1.3854912186568
119	52797	7.1	6.453581896591
119	52843	7.2	1.4061418508919
119	52889	7.3	7.9470107865628
119	53143	7.4	1.431486595343
119	53185	7.5	1725.3224079414
119	53227	7.6	5.05142976
119	53269	7.7	5.05142976
119	53311	7.8	5.05142976
119	53353	7.9	5.05142976
119	53395	8	5.05142976
119	53437	8.1	5.05142976
119	53479	8.2	5.05142976
119	53521	8.3	5.05142976
119	53771	8.4	5.05142976
119	53809	8.5	5.05142976
119	53847	8.6	5.05142976
119	53885	8.7	5.05142976
119	53923	8.8	5.05142976
119	53961	8.9	5.05142976
119	53999	9	5.05142976
119	54037	9.1	5.05142976
119	54179	9.2	5.05142976
119	54215	9.3	5.05142976
119	54251	9.4	5.05142976
119	54287	9.5	5.05142976
119	54323	9.6	5.05142976
119	54359	9.7	5.05142976
119	54395	9.8	5.05142976
119	54431	9.9	5.05142976
119	54571	10	5.05142976
119	54605	10.1	5.05142976
119	54639	10.2	5.05142976
119	54673	10.3	5.05142976
119	54707	10.4	5.05142976
119	54741	10.5	5.05142976
119	54775	10.6	5.05142976
119	54809	10.7	5.05142976
119	54843	10.8	5.05142976
119	54877	10.9	5.05142976
119	54911	11	5.05142976
119	54945	11.1	5.05142976
119	54979	11.2	5.05142976
119	55013	11.3	5.05142976
120	823	0.5	-1.0946987598203
120	1255	0.6	0
120	2105	0.7	0.0024733572911906
120	3092	0.8	0
120	4790	0.9	2.5931754278301
120	8224	1	0
120	12950	1.1	0.29584320838425
120	19012	1.2	0
120	24842	1.3	-2.5781347911419
120	29280	1.4	0
120	31826	1.5	1.3923958452758
120	32706	1.6	0
120	33175	1.7	-1.9523445874025
120	33647	1.8	0
120	34119	1.9	-0.24649772859009
120	34595	2	0
120	35057	2.1	-1.6706153263552
120	35533	2.2	0
120	35992	2.3	-1.2776363653481
120	36455	2.4	0
120	36924	2.5	-1.7051352346019
120	37397	2.6	0
120	37859	2.7	1.1903830053448
120	38332	2.8	0
120	39256	2.9	-1.3680818249741
120	42749	3	0
120	48467	3.1	-1.8875552627912
120	49851	3.2	0
120	49913	3.3	-2.574557757096
120	49975	3.4	0
120	50037	3.5	-1.2389019736296
120	50099	3.6	0
120	50161	3.7	-1.0668768662338
120	50223	3.8	0
120	50285	3.9	-1.5832165312427
120	50555	4	0
120	50613	4.1	0.19097040744044
120	50671	4.2	0
120	50729	4.3	-2.7952033495421
120	50787	4.4	0
120	50845	4.5	-2.5101712978049
120	50903	4.6	0
120	50961	4.7	0.18233673831758
120	51227	4.8	0
120	51281	4.9	-1.00676219334
120	51335	5	0
120	51389	5.1	-0.46233230457822
120	51443	5.2	0
120	51497	5.3	0.53802475362111
120	51551	5.4	0
120	51605	5.5	-0.92632253060096
120	51867	5.6	0
120	51917	5.7	0.66758911215025
120	51967	5.8	0
120	52017	5.9	4.0380528340896
120	52067	6	0
120	52117	6.1	1.4968799073861
120	52167	6.2	0
120	52217	6.3	2.2026078392438
120	52475	6.4	0
120	52521	6.5	2.0221243373868
120	52567	6.6	0
120	52613	6.7	4.4772938315291
120	52659	6.8	0
120	52705	6.9	3.8806718366221
120	52751	7	0
120	52797	7.1	2.6223548910415
120	52843	7.2	0
120	52889	7.3	4.7928539817222
120	53143	7.4	0
120	53185	7.5	3.4649669967232
120	53227	7.6	0
120	53269	7.7	2.6354434492998
120	53311	7.8	0
120	53353	7.9	4.8591609281953
120	53395	8	0
120	53437	8.1	3.9997679766268
120	53479	8.2	0
120	53521	8.3	3.845457967557
120	53771	8.4	0
120	53809	8.5	3.3257559971418
120	53847	8.6	0
120	53885	8.7	4.2692561676726
120	53923	8.8	0
120	53961	8.9	3.7459960680455
120	53999	9	0
120	54037	9.1	-5.2481909587098
120	54179	9.2	0
120	54215	9.3	226.18529155176
120	54251	9.4	0
120	54287	9.5	0
120	54323	9.6	0
120	54359	9.7	0
120	54395	9.8	0
120	54431	9.9	0
120	54571	10	0
120	54605	10.1	0
120	54639	10.2	0
120	54673	10.3	0
120	54707	10.4	0
120	54741	10.5	0
120	54775	10.6	0
120	54809	10.7	0
120	54843	10.8	0
120	54877	10.9	0
120	54911	11	0
120	54945	11.1	0
120	54979	11.2	0
120	55013	11.3	0
121	823	0.5	0.973
121	1255	0.6	1.3257452331286
121	2105	0.7	1.3283325437778
121	3092	0.8	1.3257584428056
121	4790	0.9	4.2005515636639
121	8224	1	1.3396902091162
121	12950	1.1	1.6697818287054
121	19012	1.2	1.341290280638
121	24842	1.3	0.973
121	29280	1.4	1.3274199761728
121	31826	1.5	2.8411573285669
121	32706	1.6	1.3348905260899
121	33175	1.7	0.973
121	33647	1.8	1.3244289735943
121	34119	1.9	0.973
121	34595	2	1.3231146610531
121	35057	2.1	0.973
121	35533	2.2	1.3142444994709
121	35992	2.3	0.973
121	36455	2.4	1.3075038224273
121	36924	2.5	0.973
121	37397	2.6	1.2985635194184
121	37859	2.7	2.4301031527339
121	38332	2.8	1.3047982694254
121	39256	2.9	0.973
121	42749	3	1.2976353893818
121	48467	3.1	0.973
121	49851	3.2	1.2878168751233
121	49913	3.3	0.973
121	49975	3.4	1.2745385623299
121	50037	3.5	0.973
121	50099	3.6	1.2681932186726
121	50161	3.7	0.973
121	50223	3.8	1.2627509058909
121	50285	3.9	0.973
121	50555	4	1.2547106100814
121	50613	4.1	1.3923557479668
121	50671	4.2	1.2556782272109
121	50729	4.3	0.973
121	50787	4.4	1.2415732720201
121	50845	4.5	0.973
121	50903	4.6	1.2290062637084
121	50961	4.7	1.3379023052817
121	51227	4.8	1.2299161458688
121	51281	4.9	0.973
121	51335	5	1.2248978433942
121	51389	5.1	0.973
121	51443	5.2	1.2225977741132
121	51497	5.3	1.5318390282315
121	51551	5.4	1.2252746723038
121	51605	5.5	0.973
121	51867	5.6	1.2206681384052
121	51917	5.7	1.6002137716658
121	51967	5.8	1.2239868971594
121	52017	5.9	3.9128488477279
121	52067	6	1.2441901648543
121	52117	6.1	2.2949944634659
121	52167	6.2	1.2517404044887
121	52217	6.3	2.9149497043288
121	52475	6.4	1.2629161632451
121	52521	6.5	2.8884588451729
121	52567	6.6	1.2732497113976
121	52613	6.7	5.3558372030424
121	52659	6.8	1.2964036671767
121	52705	6.9	5.1982388521318
121	52751	7	1.3168086232305
121	52797	7.1	4.1193883148482
121	52843	7.2	1.3307913832958
121	52889	7.3	7.007094232989
121	53143	7.4	1.3567892707304
121	53185	7.5	5.7501695886383
121	53227	7.6	1.3759686876559
121	53269	7.7	4.8851807196509
121	53311	7.8	1.3907886561094
121	53353	7.9	8.4305795617323
121	53395	8	1.4186760738134
121	53437	8.1	7.5995474657132
121	53479	8.2	1.4422164864978
121	53521	8.3	7.7415449762058
121	53771	8.4	1.4653823437638
121	53809	8.5	7.1803839190028
121	53847	8.6	1.4858638772354
121	53885	8.7	9.262083604691
121	53923	8.8	1.512797190649
121	53961	8.9	8.6747350738184
121	53999	9	1.5370546954264
121	54037	9.1	0.973
121	54179	9.2	1.5032357978364
121	54215	9.3	1640.3710876792
121	54251	9.4	5.05142976
121	54287	9.5	5.05142976
121	54323	9.6	5.05142976
121	54359	9.7	5.05142976
121	54395	9.8	5.05142976
121	54431	9.9	5.05142976
121	54571	10	5.05142976
121	54605	10.1	5.05142976
121	54639	10.2	5.05142976
121	54673	10.3	5.05142976
121	54707	10.4	5.05142976
121	54741	10.5	5.05142976
121	54775	10.6	5.05142976
121	54809	10.7	5.05142976
121	54843	10.8	5.05142976
121	54877	10.9	5.05142976
121	54911	11	5.05142976
121	54945	11.1	5.05142976
121	54979	11.2	5.05142976
121	55013	11.3	5.05142976
122	823	0.5	-5.3882913469661
122	1255	0.6	0
122	2105	0.7	-8.2918291646009
122	3092	0.8	0
122	4790	0.9	-9
122	8224	1	0
122	12950	1.1	-9
122	19012	1.2	0
122	24842	1.3	-9
122	29280	1.4	0
122	31826	1.5	-9
122	32706	1.6	0
122	33175	1.7	-9
122	33647	1.8	0
122	34119	1.9	-8.4155335873708
122	34595	2	0
122	35057	2.1	-8.4964706659198
122	35533	2.2	0
122	35992	2.3	-9
122	36455	2.4	0
122	36924	2.5	-8.1843318241954
122	37397	2.6	0
122	37859	2.7	-8.7515726940443
122	38332	2.8	0
122	39256	2.9	-1.2495397244924
122	42749	3	0
122	48467	3.1	-0.049930036321235
122	49851	3.2	0
122	49913	3.3	-0.001667622755743
122	49975	3.4	0
122	50037	3.5	0
122	50099	3.6	0
122	50161	3.7	0
122	50223	3.8	0
122	50285	3.9	0
122	50555	4	0
122	50613	4.1	300
122	50671	4.2	0
122	50729	4.3	0
122	50787	4.4	0
122	50845	4.5	0
122	50903	4.6	0
122	50961	4.7	0
122	51227	4.8	0
122	51281	4.9	0
122	51335	5	0
122	51389	5.1	0
122	51443	5.2	0
122	51497	5.3	0
122	51551	5.4	0
122	51605	5.5	0
122	51867	5.6	0
122	51917	5.7	0
122	51967	5.8	0
122	52017	5.9	0
122	52067	6	0
122	52117	6.1	0
122	52167	6.2	0
122	52217	6.3	0
122	52475	6.4	0
122	52521	6.5	0
122	52567	6.6	0
122	52613	6.7	0
122	52659	6.8	0
122	52705	6.9	0
122	52751	7	0
122	52797	7.1	0
122	52843	7.2	0
122	52889	7.3	0
122	53143	7.4	0
122	53185	7.5	0
122	53227	7.6	0
122	53269	7.7	0
122	53311	7.8	0
122	53353	7.9	0
122	53395	8	0
122	53437	8.1	0
122	53479	8.2	0
122	53521	8.3	0
122	53771	8.4	0
122	53809	8.5	0
122	53847	8.6	0
122	53885	8.7	0
122	53923	8.8	0
122	53961	8.9	0
122	53999	9	0
122	54037	9.1	0
122	54179	9.2	0
122	54215	9.3	0
122	54251	9.4	0
122	54287	9.5	0
122	54323	9.6	0
122	54359	9.7	0
122	54395	9.8	0
122	54431	9.9	0
122	54571	10	0
122	54605	10.1	0
122	54639	10.2	0
122	54673	10.3	0
122	54707	10.4	0
122	54741	10.5	0
122	54775	10.6	0
122	54809	10.7	0
122	54843	10.8	0
122	54877	10.9	0
122	54911	11	0
122	54945	11.1	0
122	54979	11.2	0
122	55013	11.3	0
123	823	0.5	0.973
123	1255	0.6	1.6655213422057
123	2105	0.7	0.973
123	3092	0.8	1.6055069795625
123	4790	0.9	0.973
123	8224	1	1.5442018374039
123	12950	1.1	0.973
123	19012	1.2	1.4864950776962
123	24842	1.3	0.973
123	29280	1.4	1.4319826352182
123	31826	1.5	0.973
123	32706	1.6	1.3802604447487
123	33175	1.7	0.973
123	33647	1.8	1.3309244410666
123	34119	1.9	0.973
123	34595	2	1.2865934863728
123	35057	2.1	0.973
123	35533	2.2	1.2432580954978
123	35992	2.3	0.973
123	36455	2.4	1.1985358098195
123	36924	2.5	0.973
123	37397	2.6	1.1585881207971
123	37859	2.7	0.973
123	38332	2.8	1.1162768902279
123	39256	2.9	0.973
123	42749	3	1.1102489071201
123	48467	3.1	1.1100060379386
123	49851	3.2	1.1100080446122
123	49913	3.3	0.973
123	49975	3.4	0.973
123	50037	3.5	0.973
123	50099	3.6	0.973
123	50161	3.7	0.973
123	50223	3.8	0.973
123	50285	3.9	0.973
123	50555	4	0.973
123	50613	4.1	2174.05142976
123	50671	4.2	5.05142976
123	50729	4.3	5.05142976
123	50787	4.4	5.05142976
123	50845	4.5	5.05142976
123	50903	4.6	5.05142976
123	50961	4.7	5.05142976
123	51227	4.8	5.05142976
123	51281	4.9	5.05142976
123	51335	5	5.05142976
123	51389	5.1	5.05142976
123	51443	5.2	5.05142976
123	51497	5.3	5.05142976
123	51551	5.4	5.05142976
123	51605	5.5	5.05142976
123	51867	5.6	5.05142976
123	51917	5.7	5.05142976
123	51967	5.8	5.05142976
123	52017	5.9	5.05142976
123	52067	6	5.05142976
123	52117	6.1	5.05142976
123	52167	6.2	5.05142976
123	52217	6.3	5.05142976
123	52475	6.4	5.05142976
123	52521	6.5	5.05142976
123	52567	6.6	5.05142976
123	52613	6.7	5.05142976
123	52659	6.8	5.05142976
123	52705	6.9	5.05142976
123	52751	7	5.05142976
123	52797	7.1	5.05142976
123	52843	7.2	5.05142976
123	52889	7.3	5.05142976
123	53143	7.4	5.05142976
123	53185	7.5	5.05142976
123	53227	7.6	5.05142976
123	53269	7.7	5.05142976
123	53311	7.8	5.05142976
123	53353	7.9	5.05142976
123	53395	8	5.05142976
123	53437	8.1	5.05142976
123	53479	8.2	5.05142976
123	53521	8.3	5.05142976
123	53771	8.4	5.05142976
123	53809	8.5	5.05142976
123	53847	8.6	5.05142976
123	53885	8.7	5.05142976
123	53923	8.8	5.05142976
123	53961	8.9	5.05142976
123	53999	9	5.05142976
123	54037	9.1	5.05142976
123	54179	9.2	5.05142976
123	54215	9.3	5.05142976
123	54251	9.4	5.05142976
123	54287	9.5	5.05142976
123	54323	9.6	5.05142976
123	54359	9.7	5.05142976
123	54395	9.8	5.05142976
123	54431	9.9	5.05142976
123	54571	10	5.05142976
123	54605	10.1	5.05142976
123	54639	10.2	5.05142976
123	54673	10.3	5.05142976
123	54707	10.4	5.05142976
123	54741	10.5	5.05142976
123	54775	10.6	5.05142976
123	54809	10.7	5.05142976
123	54843	10.8	5.05142976
123	54877	10.9	5.05142976
123	54911	11	5.05142976
123	54945	11.1	5.05142976
123	54979	11.2	5.05142976
123	55013	11.3	5.05142976
124	823	0.5	-1.1694671840873
124	1255	0.6	0
124	2105	0.7	-2.3070581184102
124	3092	0.8	0
124	4790	0.9	-6.5264743219401
124	8224	1	0
124	12950	1.1	-5.4104468377434
124	19012	1.2	0
124	24842	1.3	-6.2703545897691
124	29280	1.4	0
124	31826	1.5	-4.9457272653097
124	32706	1.6	0
124	33175	1.7	-5.6012569191349
124	33647	1.8	0
124	34119	1.9	-4.0567302954125
124	34595	2	0
124	35057	2.1	-5.0946937603955
124	35533	2.2	0
124	35992	2.3	-2.2513617061425
124	36455	2.4	0
124	36924	2.5	-4.7745484601451
124	37397	2.6	0
124	37859	2.7	-4.0537083712494
124	38332	2.8	0
124	39256	2.9	-2.5647793620376
124	42749	3	0
124	48467	3.1	-2.8151045925968
124	49851	3.2	0
124	49913	3.3	-3.020832869716
124	49975	3.4	0
124	50037	3.5	-2.42371438692
124	50099	3.6	0
124	50161	3.7	-2.1842068160682
124	50223	3.8	0
124	50285	3.9	-2.988986643985
124	50555	4	0
124	50613	4.1	-0.96296306179212
124	50671	4.2	0
124	50729	4.3	4.0210605735467
124	50787	4.4	0
124	50845	4.5	5.0585941182124
124	50903	4.6	0
124	50961	4.7	4.5200225155631
124	51227	4.8	0
124	51281	4.9	2.7820099601522
124	51335	5	0
124	51389	5.1	4.8886217973195
124	51443	5.2	0
124	51497	5.3	4.423945187591
124	51551	5.4	0
124	51605	5.5	3.0379650106188
124	51867	5.6	0
124	51917	5.7	262.91551691267
124	51967	5.8	0
124	52017	5.9	0
124	52067	6	0
124	52117	6.1	0
124	52167	6.2	0
124	52217	6.3	0
124	52475	6.4	0
124	52521	6.5	0
124	52567	6.6	0
124	52613	6.7	0
124	52659	6.8	0
124	52705	6.9	0
124	52751	7	0
124	52797	7.1	0
124	52843	7.2	0
124	52889	7.3	0
124	53143	7.4	0
124	53185	7.5	0
124	53227	7.6	0
124	53269	7.7	0
124	53311	7.8	0
124	53353	7.9	0
124	53395	8	0
124	53437	8.1	0
124	53479	8.2	0
124	53521	8.3	0
124	53771	8.4	0
124	53809	8.5	0
124	53847	8.6	0
124	53885	8.7	0
124	53923	8.8	0
124	53961	8.9	0
124	53999	9	0
124	54037	9.1	0
124	54179	9.2	0
124	54215	9.3	0
124	54251	9.4	0
124	54287	9.5	0
124	54323	9.6	0
124	54359	9.7	0
124	54395	9.8	0
124	54431	9.9	0
124	54571	10	0
124	54605	10.1	0
124	54639	10.2	0
124	54673	10.3	0
124	54707	10.4	0
124	54741	10.5	0
124	54775	10.6	0
124	54809	10.7	0
124	54843	10.8	0
124	54877	10.9	0
124	54911	11	0
124	54945	11.1	0
124	54979	11.2	0
124	55013	11.3	0
125	823	0.5	0.973
125	1255	0.6	1.5210721789144
125	2105	0.7	0.973
125	3092	0.8	1.5063027394543
125	4790	0.9	0.973
125	8224	1	1.465685853312
125	12950	1.1	0.973
125	19012	1.2	1.4332341346341
125	24842	1.3	0.973
125	29280	1.4	1.3968847176998
125	31826	1.5	0.973
125	32706	1.6	1.36908328779
125	33175	1.7	0.973
125	33647	1.8	1.3384307097723
125	34119	1.9	0.973
125	34595	2	1.316730584522
125	35057	2.1	0.973
125	35533	2.2	1.2900098107648
125	35992	2.3	0.973
125	36455	2.4	1.2783729616496
125	36924	2.5	0.973
125	37397	2.6	1.2540038333768
125	37859	2.7	0.973
125	38332	2.8	1.2336074865117
125	39256	2.9	0.973
125	42749	3	1.2208241437279
125	48467	3.1	0.973
125	49851	3.2	1.2068882612736
125	49913	3.3	0.973
125	49975	3.4	1.1920309948425
125	50037	3.5	0.973
125	50099	3.6	1.1801730946168
125	50161	3.7	0.973
125	50223	3.8	1.1695276080905
125	50285	3.9	0.973
125	50555	4	1.1550113261617
125	50613	4.1	0.973
125	50671	4.2	1.1503451463298
125	50729	4.3	2.3689325988807
125	50787	4.4	1.1698639149004
125	50845	4.5	3.319743036266
125	50903	4.6	1.1945809126366
125	50961	4.7	3.6081541450964
125	51227	4.8	1.2168733820703
125	51281	4.9	2.889037775117
125	51335	5	1.2307144062967
125	51389	5.1	4.7453072497648
125	51443	5.2	1.2553005617707
125	51497	5.3	4.9078264942674
125	51551	5.4	1.277886186095
125	51605	5.5	4.0087457655073
125	51867	5.6	1.2936069399532
125	51917	5.7	1905.9306170386
125	51967	5.8	5.05142976
125	52017	5.9	5.05142976
125	52067	6	5.05142976
125	52117	6.1	5.05142976
125	52167	6.2	5.05142976
125	52217	6.3	5.05142976
125	52475	6.4	5.05142976
125	52521	6.5	5.05142976
125	52567	6.6	5.05142976
125	52613	6.7	5.05142976
125	52659	6.8	5.05142976
125	52705	6.9	5.05142976
125	52751	7	5.05142976
125	52797	7.1	5.05142976
125	52843	7.2	5.05142976
125	52889	7.3	5.05142976
125	53143	7.4	5.05142976
125	53185	7.5	5.05142976
125	53227	7.6	5.05142976
125	53269	7.7	5.05142976
125	53311	7.8	5.05142976
125	53353	7.9	5.05142976
125	53395	8	5.05142976
125	53437	8.1	5.05142976
125	53479	8.2	5.05142976
125	53521	8.3	5.05142976
125	53771	8.4	5.05142976
125	53809	8.5	5.05142976
125	53847	8.6	5.05142976
125	53885	8.7	5.05142976
125	53923	8.8	5.05142976
125	53961	8.9	5.05142976
125	53999	9	5.05142976
125	54037	9.1	5.05142976
125	54179	9.2	5.05142976
125	54215	9.3	5.05142976
125	54251	9.4	5.05142976
125	54287	9.5	5.05142976
125	54323	9.6	5.05142976
125	54359	9.7	5.05142976
125	54395	9.8	5.05142976
125	54431	9.9	5.05142976
125	54571	10	5.05142976
125	54605	10.1	5.05142976
125	54639	10.2	5.05142976
125	54673	10.3	5.05142976
125	54707	10.4	5.05142976
125	54741	10.5	5.05142976
125	54775	10.6	5.05142976
125	54809	10.7	5.05142976
125	54843	10.8	5.05142976
125	54877	10.9	5.05142976
125	54911	11	5.05142976
125	54945	11.1	5.05142976
125	54979	11.2	5.05142976
125	55013	11.3	5.05142976
126	823	0.5	-0.80170897226781
126	1255	0.6	0
126	2105	0.7	1.0011950858596
126	3092	0.8	0
126	4790	0.9	0.22450341605455
126	8224	1	0
126	12950	1.1	-3.9354452896742
126	19012	1.2	0
126	24842	1.3	-3.8610234570638
126	29280	1.4	0
126	31826	1.5	-1.5618879876758
126	32706	1.6	0
126	33175	1.7	-2.9030849951162
126	33647	1.8	0
126	34119	1.9	-5.0052515099522
126	34595	2	0
126	35057	2.1	-1.8172793784565
126	35533	2.2	0
126	35992	2.3	-0.59072090017231
126	36455	2.4	0
126	36924	2.5	-2.0603217777272
126	37397	2.6	0
126	37859	2.7	-1.2926374406798
126	38332	2.8	0
126	39256	2.9	-2.407002960297
126	42749	3	0
126	48467	3.1	-4.1572450566299
126	49851	3.2	0
126	49913	3.3	0.24832631848295
126	49975	3.4	0
126	50037	3.5	-3.2230098206668
126	50099	3.6	0
126	50161	3.7	-1.0719364967019
126	50223	3.8	0
126	50285	3.9	-3.5653622353436
126	50555	4	0
126	50613	4.1	-1.494444740395
126	50671	4.2	0
126	50729	4.3	-2.0939725095207
126	50787	4.4	0
126	50845	4.5	0.25029443206572
126	50903	4.6	0
126	50961	4.7	0.27160270994838
126	51227	4.8	0
126	51281	4.9	2.2135274375633
126	51335	5	0
126	51389	5.1	2.2835217909548
126	51443	5.2	0
126	51497	5.3	1.4747789196333
126	51551	5.4	0
126	51605	5.5	3.0708524614027
126	51867	5.6	0
126	51917	5.7	3.5344616113931
126	51967	5.8	0
126	52017	5.9	3.1147081278265
126	52067	6	0
126	52117	6.1	3.6303465675563
126	52167	6.2	0
126	52217	6.3	3.9165616442449
126	52475	6.4	0
126	52521	6.5	2.7740669953171
126	52567	6.6	0
126	52613	6.7	3.5019094523508
126	52659	6.8	0
126	52705	6.9	3.434991490934
126	52751	7	0
126	52797	7.1	4.3896869368851
126	52843	7.2	0
126	52889	7.3	4.8876297611278
126	53143	7.4	0
126	53185	7.5	239.69687619625
126	53227	7.6	0
126	53269	7.7	0
126	53311	7.8	0
126	53353	7.9	0
126	53395	8	0
126	53437	8.1	0
126	53479	8.2	0
126	53521	8.3	0
126	53771	8.4	0
126	53809	8.5	0
126	53847	8.6	0
126	53885	8.7	0
126	53923	8.8	0
126	53961	8.9	0
126	53999	9	0
126	54037	9.1	0
126	54179	9.2	0
126	54215	9.3	0
126	54251	9.4	0
126	54287	9.5	0
126	54323	9.6	0
126	54359	9.7	0
126	54395	9.8	0
126	54431	9.9	0
126	54571	10	0
126	54605	10.1	0
126	54639	10.2	0
126	54673	10.3	0
126	54707	10.4	0
126	54741	10.5	0
126	54775	10.6	0
126	54809	10.7	0
126	54843	10.8	0
126	54877	10.9	0
126	54911	11	0
126	54945	11.1	0
126	54979	11.2	0
126	55013	11.3	0
127	823	0.5	0.973
127	1255	0.6	1.4027675773937
127	2105	0.7	2.8109323501172
127	3092	0.8	1.4085186209844
127	4790	0.9	1.7254981576574
127	8224	1	1.4098126214252
127	12950	1.1	0.973
127	19012	1.2	1.3873599047707
127	24842	1.3	0.973
127	29280	1.4	1.365785912677
127	31826	1.5	0.973
127	32706	1.6	1.3571791088837
127	33175	1.7	0.973
127	33647	1.8	1.3413559958034
127	34119	1.9	0.973
127	34595	2	1.3145729980864
127	35057	2.1	0.973
127	35533	2.2	1.3049935776884
127	35992	2.3	0.973
127	36455	2.4	1.3018953510691
127	36924	2.5	0.973
127	37397	2.6	1.2911471245919
127	37859	2.7	0.973
127	38332	2.8	1.2844480147506
127	39256	2.9	0.973
127	42749	3	1.2720599386781
127	48467	3.1	0.973
127	49851	3.2	1.2509084195239
127	49913	3.3	1.4257364159208
127	49975	3.4	1.2521637409457
127	50037	3.5	0.973
127	50099	3.6	1.2359449996082
127	50161	3.7	0.973
127	50223	3.8	1.2305846380091
127	50285	3.9	0.973
127	50555	4	1.2128649735373
127	50613	4.1	0.973
127	50671	4.2	1.2054834140451
127	50729	4.3	0.973
127	50787	4.4	1.1951810870646
127	50845	4.5	1.3038085052094
127	50903	4.6	1.1964101886405
127	50961	4.7	1.3160638775594
127	51227	4.8	1.1977446268399
127	51281	4.9	2.2910183306578
127	51335	5	1.2086486717735
127	51389	5.1	2.4622195612651
127	51443	5.2	1.2199553250351
127	51497	5.3	2.0820067287692
127	51551	5.4	1.2272918204546
127	51605	5.5	3.2496562195325
127	51867	5.6	1.2426632969324
127	51917	5.7	3.8715894871556
127	51967	5.8	1.260531878837
127	52017	5.9	3.8112252178463
127	52067	6	1.2764535167903
127	52117	6.1	4.5672671704308
127	52167	6.2	1.2952412970809
127	52217	6.3	5.2154893887242
127	52475	6.4	1.3158174311982
127	52521	6.5	4.2781663483183
127	52567	6.6	1.3306018836961
127	52613	6.7	5.3660107288216
127	52659	6.8	1.3495354069991
127	52705	6.9	5.5925056950548
127	52751	7	1.3684212563019
127	52797	7.1	7.2555305962572
127	52843	7.2	1.3930448420284
127	52889	7.3	8.5243782183853
127	53143	7.4	1.4211600619132
127	53185	7.5	1738.0598446589
127	53227	7.6	5.05142976
127	53269	7.7	5.05142976
127	53311	7.8	5.05142976
127	53353	7.9	5.05142976
127	53395	8	5.05142976
127	53437	8.1	5.05142976
127	53479	8.2	5.05142976
127	53521	8.3	5.05142976
127	53771	8.4	5.05142976
127	53809	8.5	5.05142976
127	53847	8.6	5.05142976
127	53885	8.7	5.05142976
127	53923	8.8	5.05142976
127	53961	8.9	5.05142976
127	53999	9	5.05142976
127	54037	9.1	5.05142976
127	54179	9.2	5.05142976
127	54215	9.3	5.05142976
127	54251	9.4	5.05142976
127	54287	9.5	5.05142976
127	54323	9.6	5.05142976
127	54359	9.7	5.05142976
127	54395	9.8	5.05142976
127	54431	9.9	5.05142976
127	54571	10	5.05142976
127	54605	10.1	5.05142976
127	54639	10.2	5.05142976
127	54673	10.3	5.05142976
127	54707	10.4	5.05142976
127	54741	10.5	5.05142976
127	54775	10.6	5.05142976
127	54809	10.7	5.05142976
127	54843	10.8	5.05142976
127	54877	10.9	5.05142976
127	54911	11	5.05142976
127	54945	11.1	5.05142976
127	54979	11.2	5.05142976
127	55013	11.3	5.05142976
128	823	0.5	-1.7589609181043
128	1255	0.6	0
128	2105	0.7	2.7375620663997
128	3092	0.8	0
128	4790	0.9	0.61694832359247
128	8224	1	0
128	12950	1.1	1.9918935332641
128	19012	1.2	0
128	24842	1.3	-3.5592896715939
128	29280	1.4	0
128	31826	1.5	0.74229618505818
128	32706	1.6	0
128	33175	1.7	-2.2196625666864
128	33647	1.8	0
128	34119	1.9	0.090798239795147
128	34595	2	0
128	35057	2.1	-1.6110086991163
128	35533	2.2	0
128	35992	2.3	-2.8238503892825
128	36455	2.4	0
128	36924	2.5	-0.59463431685064
128	37397	2.6	0
128	37859	2.7	-0.56318819434041
128	38332	2.8	0
128	39256	2.9	-0.9952044392009
128	42749	3	0
128	48467	3.1	-1.744097597972
128	49851	3.2	0
128	49913	3.3	-0.78029109677523
128	49975	3.4	0
128	50037	3.5	-0.84481334233488
128	50099	3.6	0
128	50161	3.7	-2.8080169714426
128	50223	3.8	0
128	50285	3.9	1.0238524462042
128	50555	4	0
128	50613	4.1	-1.853503311958
128	50671	4.2	0
128	50729	4.3	-2.1170888818642
128	50787	4.4	0
128	50845	4.5	-3.6804168689803
128	50903	4.6	0
128	50961	4.7	1.1341541799623
128	51227	4.8	0
128	51281	4.9	-0.78714950604576
128	51335	5	0
128	51389	5.1	-0.203727456941
128	51443	5.2	0
128	51497	5.3	1.2559097121544
128	51551	5.4	0
128	51605	5.5	-0.52213835626703
128	51867	5.6	0
128	51917	5.7	1.5690540770405
128	51967	5.8	0
128	52017	5.9	2.1198007435159
128	52067	6	0
128	52117	6.1	0.51961398794468
128	52167	6.2	0
128	52217	6.3	2.5436787014166
128	52475	6.4	0
128	52521	6.5	4.2178039409571
128	52567	6.6	0
128	52613	6.7	1.7035225105397
128	52659	6.8	0
128	52705	6.9	3.1640269306155
128	52751	7	0
128	52797	7.1	3.2427219473054
128	52843	7.2	0
128	52889	7.3	4.2825570876423
128	53143	7.4	0
128	53185	7.5	3.7206817455102
128	53227	7.6	0
128	53269	7.7	3.63081195415
128	53311	7.8	0
128	53353	7.9	3.8674924930558
128	53395	8	0
128	53437	8.1	3.9761399882846
128	53479	8.2	0
128	53521	8.3	3.9998296797276
128	53771	8.4	0
128	53809	8.5	3.6798917584587
128	53847	8.6	0
128	53885	8.7	3.2430771721527
128	53923	8.8	0
128	53961	8.9	2.9523388001602
128	53999	9	0
128	54037	9.1	-5.1838347316007
128	54179	9.2	0
128	54215	9.3	-8.7350277091086
128	54251	9.4	0
128	54287	9.5	-6.4794589008871
128	54323	9.6	0
128	54359	9.7	-8.8446435395626
128	54395	9.8	0
128	54431	9.9	-9
128	54571	10	0
128	54605	10.1	261.4074420359
128	54639	10.2	0
128	54673	10.3	0
128	54707	10.4	0
128	54741	10.5	0
128	54775	10.6	0
128	54809	10.7	0
128	54843	10.8	0
128	54877	10.9	0
128	54911	11	0
128	54945	11.1	0
128	54979	11.2	0
129	823	0.5	0.973
129	1255	0.6	1.3222028227786
129	2105	0.7	4.3225610006381
129	3092	0.8	1.336870492019
129	4790	0.9	2.0222422541208
129	8224	1	1.3402016091451
129	12950	1.1	3.6486954706126
129	19012	1.2	1.3510232525612
129	24842	1.3	0.973
129	29280	1.4	1.3317573338166
129	31826	1.5	2.1416018519825
129	32706	1.6	1.3357487699416
129	33175	1.7	0.973
129	33647	1.8	1.3238533578816
129	34119	1.9	1.4182517273549
129	34595	2	1.3243376199995
129	35057	2.1	0.973
129	35533	2.2	1.3157742321502
129	35992	2.3	0.973
129	36455	2.4	1.3009058902037
129	36924	2.5	0.973
129	37397	2.6	1.2977970763326
129	37859	2.7	0.973
129	38332	2.8	1.2948595150481
129	39256	2.9	0.973
129	42749	3	1.2896845597792
129	48467	3.1	0.973
129	49851	3.2	1.2806632132011
129	49913	3.3	0.973
129	49975	3.4	1.2766462121629
129	50037	3.5	0.973
129	50099	3.6	1.272309899664
129	50161	3.7	0.973
129	50223	3.8	1.257988563936
129	50285	3.9	2.0324682512735
129	50555	4	1.2631944637696
129	50613	4.1	0.973
129	50671	4.2	1.2537829829025
129	50729	4.3	0.973
129	50787	4.4	1.2431012082321
129	50845	4.5	0.973
129	50903	4.6	1.2246894558717
129	50961	4.7	1.9043663825551
129	51227	4.8	1.2303430935287
129	51281	4.9	0.973
129	51335	5	1.2264174189611
129	51389	5.1	0.973
129	51443	5.2	1.2254027351569
129	51497	5.3	1.9860707310519
129	51551	5.4	1.2316667580329
129	51605	5.5	0.973
129	51867	5.6	1.2290599374291
129	51917	5.7	2.218997844135
129	51967	5.8	1.2369050011153
129	52017	5.9	2.6826679539275
129	52067	6	1.2475604065411
129	52117	6.1	1.6084690138045
129	52167	6.2	1.2501827762917
129	52217	6.3	3.1729447600477
129	52475	6.4	1.2630833663319
129	52521	6.5	4.8803000063804
129	52567	6.6	1.2847251381413
129	52613	6.7	2.8157118186786
129	52659	6.8	1.2935625419481
129	52705	6.9	4.3785581487923
129	52751	7	1.3101369642883
129	52797	7.1	4.7255111935471
129	52843	7.2	1.3273554588698
129	52889	7.3	6.2803213546352
129	53143	7.4	1.350486820233
129	53185	7.5	5.9876394603014
129	53227	7.6	1.3709759603852
129	53269	7.7	6.2142082672883
129	53311	7.8	1.3913508388056
129	53353	7.9	6.9112166354649
129	53395	8	1.4134974874704
129	53437	8.1	7.469953693826
129	53479	8.2	1.4367764142866
129	53521	8.3	7.9154406453423
129	53771	8.4	1.4607507611439
129	53809	8.5	7.7480765750441
129	53847	8.6	1.4833310499728
129	53885	8.7	7.2782433276282
129	53923	8.8	1.5036696188872
129	53961	8.9	6.989511224174
129	53999	9	1.5225588868017
129	54037	9.1	0.973
129	54179	9.2	1.4896299811351
129	54215	9.3	0.973
129	54251	9.4	1.4365174829792
129	54287	9.5	0.973
129	54323	9.6	1.3988592157168
129	54359	9.7	0.973
129	54395	9.8	1.3495449057748
129	54431	9.9	0.973
129	54571	10	1.3014803634984
129	54605	10.1	1895.0272356796
129	54639	10.2	5.05142976
129	54673	10.3	5.05142976
129	54707	10.4	5.05142976
129	54741	10.5	5.05142976
129	54775	10.6	5.05142976
129	54809	10.7	5.05142976
129	54843	10.8	5.05142976
129	54877	10.9	5.05142976
129	54911	11	5.05142976
129	54945	11.1	5.05142976
129	54979	11.2	5.05142976
130	823	0.5	-1.7401309651323
130	1255	0.6	0
130	2105	0.7	2.5198161363106
130	3092	0.8	0
130	4790	0.9	-4.2166649835201
130	8224	1	0
130	12950	1.1	-3.5153044151394
130	19012	1.2	0
130	24842	1.3	-4.1149077010835
130	29280	1.4	0
130	31826	1.5	-2.2245577738676
130	32706	1.6	0
130	33175	1.7	0.28381309465188
130	33647	1.8	0
130	34119	1.9	-4.8178927778134
130	34595	2	0
130	35057	2.1	-1.3107010676738
130	35533	2.2	0
130	35992	2.3	-3.5784591276134
130	36455	2.4	0
130	36924	2.5	-0.45588671496664
130	37397	2.6	0
130	37859	2.7	-2.650745186708
130	38332	2.8	0
130	39256	2.9	-1.459243615391
130	42749	3	0
130	48467	3.1	-4.2769282615222
130	49851	3.2	0
130	49913	3.3	-0.41441860388161
130	49975	3.4	0
130	50037	3.5	-3.6515567840049
130	50099	3.6	0
130	50161	3.7	0.31706959610886
130	50223	3.8	0
130	50285	3.9	1.5704182518861
130	50555	4	0
130	50613	4.1	0.67103029395417
130	50671	4.2	0
130	50729	4.3	3.2575797379224
130	50787	4.4	0
130	50845	4.5	0.83498310108583
130	50903	4.6	0
130	50961	4.7	4.2573387665674
130	51227	4.8	0
130	51281	4.9	3.1411220962919
130	51335	5	0
130	51389	5.1	5.0024519056547
130	51443	5.2	0
130	51497	5.3	4.23753930768
130	51551	5.4	0
130	51605	5.5	4.9003833413124
130	51867	5.6	0
130	51917	5.7	4.8255217473488
130	51967	5.8	0
130	52017	5.9	3.9638749605976
130	52067	6	0
130	52117	6.1	2.8679059733637
130	52167	6.2	0
130	52217	6.3	3.2013220546301
130	52475	6.4	0
130	52521	6.5	232.08539973424
130	52567	6.6	0
130	52613	6.7	0
130	52659	6.8	0
130	52705	6.9	0
130	52751	7	0
130	52797	7.1	0
130	52843	7.2	0
130	52889	7.3	0
130	53143	7.4	0
130	53185	7.5	0
130	53227	7.6	0
130	53269	7.7	0
130	53311	7.8	0
130	53353	7.9	0
130	53395	8	0
130	53437	8.1	0
130	53479	8.2	0
130	53521	8.3	0
130	53771	8.4	0
130	53809	8.5	0
130	53847	8.6	0
130	53885	8.7	0
130	53923	8.8	0
130	53961	8.9	0
130	53999	9	0
130	54037	9.1	0
130	54179	9.2	0
130	54215	9.3	0
130	54251	9.4	0
130	54287	9.5	0
130	54323	9.6	0
130	54359	9.7	0
130	54395	9.8	0
130	54431	9.9	0
130	54571	10	0
130	54605	10.1	0
130	54639	10.2	0
130	54673	10.3	0
130	54707	10.4	0
130	54741	10.5	0
130	54775	10.6	0
130	54809	10.7	0
130	54843	10.8	0
130	54877	10.9	0
130	54911	11	0
130	54945	11.1	0
130	54979	11.2	0
131	823	0.5	0.973
131	1255	0.6	1.4121407723264
131	2105	0.7	5.1475601142856
131	3092	0.8	1.4268115399928
131	4790	0.9	0.973
131	8224	1	1.4023784904232
131	12950	1.1	0.973
131	19012	1.2	1.3824409249274
131	24842	1.3	0.973
131	29280	1.4	1.3595667353763
131	31826	1.5	0.973
131	32706	1.6	1.3473963557875
131	33175	1.7	1.6737129206751
131	33647	1.8	1.3489417423883
131	34119	1.9	0.973
131	34595	2	1.3229850624287
131	35057	2.1	0.973
131	35533	2.2	1.3160211634149
131	35992	2.3	0.973
131	36455	2.4	1.2972052603006
131	36924	2.5	0.973
131	37397	2.6	1.2948279462378
131	37859	2.7	0.973
131	38332	2.8	1.2810885951791
131	39256	2.9	0.973
131	42749	3	1.2735833217942
131	48467	3.1	0.973
131	49851	3.2	1.2518053592766
131	49913	3.3	0.973
131	49975	3.4	1.2497114372849
131	50037	3.5	0.973
131	50099	3.6	1.2313742133731
131	50161	3.7	1.4253925730515
131	50223	3.8	1.232958785701
131	50285	3.9	2.2533716950307
131	50555	4	1.2408280656852
131	50613	4.1	1.6877071924577
131	50671	4.2	1.2442015886602
131	50729	4.3	3.6694637081983
131	50787	4.4	1.260678999006
131	50845	4.5	1.8991531157912
131	50903	4.6	1.2649307825323
131	50961	4.7	4.9573338477003
131	51227	4.8	1.2868056212865
131	51281	4.9	4.2491247466743
131	51335	5	1.3031731825367
131	51389	5.1	6.6244065343885
131	51443	5.2	1.3296860038236
131	51497	5.3	6.2704938896459
131	51551	5.4	1.3526186133657
131	51605	5.5	7.6456090474706
131	51867	5.6	1.3797387381644
131	51917	5.7	8.1384673333547
131	51967	5.8	1.4071343178445
131	52017	5.9	7.3382447037267
131	52067	6	1.4301942328716
131	52117	6.1	5.9199696505572
131	52167	6.2	1.4472121595399
131	52217	6.3	6.7062954416834
131	52475	6.4	1.4665576070252
131	52521	6.5	1683.0288698386
131	52567	6.6	5.05142976
131	52613	6.7	5.05142976
131	52659	6.8	5.05142976
131	52705	6.9	5.05142976
131	52751	7	5.05142976
131	52797	7.1	5.05142976
131	52843	7.2	5.05142976
131	52889	7.3	5.05142976
131	53143	7.4	5.05142976
131	53185	7.5	5.05142976
131	53227	7.6	5.05142976
131	53269	7.7	5.05142976
131	53311	7.8	5.05142976
131	53353	7.9	5.05142976
131	53395	8	5.05142976
131	53437	8.1	5.05142976
131	53479	8.2	5.05142976
131	53521	8.3	5.05142976
131	53771	8.4	5.05142976
131	53809	8.5	5.05142976
131	53847	8.6	5.05142976
131	53885	8.7	5.05142976
131	53923	8.8	5.05142976
131	53961	8.9	5.05142976
131	53999	9	5.05142976
131	54037	9.1	5.05142976
131	54179	9.2	5.05142976
131	54215	9.3	5.05142976
131	54251	9.4	5.05142976
131	54287	9.5	5.05142976
131	54323	9.6	5.05142976
131	54359	9.7	5.05142976
131	54395	9.8	5.05142976
131	54431	9.9	5.05142976
131	54571	10	5.05142976
131	54605	10.1	5.05142976
131	54639	10.2	5.05142976
131	54673	10.3	5.05142976
131	54707	10.4	5.05142976
131	54741	10.5	5.05142976
131	54775	10.6	5.05142976
131	54809	10.7	5.05142976
131	54843	10.8	5.05142976
131	54877	10.9	5.05142976
131	54911	11	5.05142976
131	54945	11.1	5.05142976
131	54979	11.2	5.05142976
132	823	0.5	-1.0684460808523
132	1255	0.6	0
132	2105	0.7	-0.8457366502943
132	3092	0.8	0
132	4790	0.9	5.1488802934066
132	8224	1	0
132	12950	1.1	-3.1507276322626
132	19012	1.2	0
132	24842	1.3	-2.0463669655191
132	29280	1.4	0
132	31826	1.5	0.78634974094886
132	32706	1.6	0
132	33175	1.7	-1.1783306251271
132	33647	1.8	0
132	34119	1.9	-1.2679109977769
132	34595	2	0
132	35057	2.1	-1.1257575891513
132	35533	2.2	0
132	35992	2.3	-1.3907143347283
132	36455	2.4	0
132	36924	2.5	-1.5548518731412
132	37397	2.6	0
132	37859	2.7	0.79618296362079
132	38332	2.8	0
132	39256	2.9	-3.4664638254182
132	42749	3	0
132	48467	3.1	0.17648074751915
132	49851	3.2	0
132	49913	3.3	-3.2564528372322
132	49975	3.4	0
132	50037	3.5	-0.6405212678493
132	50099	3.6	0
132	50161	3.7	-0.31479635406869
132	50223	3.8	0
132	50285	3.9	0.036697310072342
132	50555	4	0
132	50613	4.1	-1.5332942911985
132	50671	4.2	0
132	50729	4.3	1.0226329820312
132	50787	4.4	0
132	50845	4.5	-0.68318197763262
132	50903	4.6	0
132	50961	4.7	2.2239662799401
132	51227	4.8	0
132	51281	4.9	0.57450665920684
132	51335	5	0
132	51389	5.1	3.8918758226291
132	51443	5.2	0
132	51497	5.3	1.8436699584234
132	51551	5.4	0
132	51605	5.5	2.5921931593145
132	51867	5.6	0
132	51917	5.7	3.189638982201
132	51967	5.8	0
132	52017	5.9	4.5727635486517
132	52067	6	0
132	52117	6.1	4.4038876923267
132	52167	6.2	0
132	52217	6.3	3.5656020905071
132	52475	6.4	0
132	52521	6.5	1.8184837407883
132	52567	6.6	0
132	52613	6.7	4.7773209482897
132	52659	6.8	0
132	52705	6.9	2.8536870547105
132	52751	7	0
132	52797	7.1	3.1139492398594
132	52843	7.2	0
132	52889	7.3	3.0635896713007
132	53143	7.4	0
132	53185	7.5	3.8996707200538
132	53227	7.6	0
132	53269	7.7	2.6817750175483
132	53311	7.8	0
132	53353	7.9	1.7322914566681
132	53395	8	0
132	53437	8.1	-9
132	53479	8.2	0
132	53521	8.3	-9
132	53771	8.4	0
132	53809	8.5	236.86856049501
132	53847	8.6	0
132	53885	8.7	0
132	53923	8.8	0
132	53961	8.9	0
132	53999	9	0
132	54037	9.1	0
132	54179	9.2	0
132	54215	9.3	0
132	54251	9.4	0
132	54287	9.5	0
132	54323	9.6	0
132	54359	9.7	0
132	54395	9.8	0
132	54431	9.9	0
132	54571	10	0
132	54605	10.1	0
132	54639	10.2	0
132	54673	10.3	0
132	54707	10.4	0
132	54741	10.5	0
132	54775	10.6	0
132	54809	10.7	0
132	54843	10.8	0
132	54877	10.9	0
132	54911	11	0
132	54945	11.1	0
132	54979	11.2	0
133	823	0.5	0.973
133	1255	0.6	1.3345315174661
133	2105	0.7	0.973
133	3092	0.8	1.3299896637612
133	4790	0.9	7.4535722581248
133	8224	1	1.3579229495845
133	12950	1.1	0.973
133	19012	1.2	1.3407489972363
133	24842	1.3	0.973
133	29280	1.4	1.3297312672649
133	31826	1.5	2.1813071832443
133	32706	1.6	1.3339526878446
133	33175	1.7	0.973
133	33647	1.8	1.3276326063683
133	34119	1.9	0.973
133	34595	2	1.3208694479379
133	35057	2.1	0.973
133	35533	2.2	1.3148961493573
133	35992	2.3	0.973
133	36455	2.4	1.3075568000793
133	36924	2.5	0.973
133	37397	2.6	1.2994016160775
133	37859	2.7	2.0517396991512
133	38332	2.8	1.3035710633822
133	39256	2.9	0.973
133	42749	3	1.2855142811538
133	48467	3.1	1.4382727082399
133	49851	3.2	1.2864276562007
133	49913	3.3	0.973
133	49975	3.4	1.2696699599649
133	50037	3.5	0.973
133	50099	3.6	1.2663968868514
133	50161	3.7	0.973
133	50223	3.8	1.2647909325914
133	50285	3.9	1.2928601776778
133	50555	4	1.264978056933
133	50613	4.1	0.973
133	50671	4.2	1.2571793070347
133	50729	4.3	2.0267734841601
133	50787	4.4	1.2623762311668
133	50845	4.5	0.973
133	50903	4.6	1.2589024081123
133	50961	4.7	3.0151921511552
133	51227	4.8	1.2702404901897
133	51281	4.9	1.7319031446159
133	51335	5	1.2731836641885
133	51389	5.1	4.7658215952139
133	51443	5.2	1.2932865150779
133	51497	5.3	3.0298536811454
133	51551	5.4	1.3029161894526
133	51605	5.5	3.9065869841713
133	51867	5.6	1.3165801268528
133	51917	5.7	4.7657435122401
133	51967	5.8	1.3336062247436
133	52017	5.9	6.7828106186783
133	52067	6	1.358459105086
133	52117	6.1	7.0743594806951
133	52167	6.2	1.3829327897019
133	52217	6.3	6.3176201806855
133	52475	6.4	1.4031679809241
133	52521	6.5	3.9997449518017
133	52567	6.6	1.413641681326
133	52613	6.7	8.7856370758338
133	52659	6.8	1.4416809570316
133	52705	6.9	6.0419121726264
133	52751	7	1.4588110366538
133	52797	7.1	6.7126265205407
133	52843	7.2	1.4778470592035
133	52889	7.3	6.8732548066534
133	53143	7.4	1.4969409940972
133	53185	7.5	8.7318530098254
133	53227	7.6	1.5217959206311
133	53269	7.7	6.6708904499211
133	53311	7.8	1.5392617451412
133	53353	7.9	4.9378048906381
133	53395	8	1.5507113721654
133	53437	8.1	0.973
133	53479	8.2	1.4926314773407
133	53521	8.3	0.973
133	53771	8.4	1.4377900054107
133	53809	8.5	1717.6111221389
133	53847	8.6	5.05142976
133	53885	8.7	5.05142976
133	53923	8.8	5.05142976
133	53961	8.9	5.05142976
133	53999	9	5.05142976
133	54037	9.1	5.05142976
133	54179	9.2	5.05142976
133	54215	9.3	5.05142976
133	54251	9.4	5.05142976
133	54287	9.5	5.05142976
133	54323	9.6	5.05142976
133	54359	9.7	5.05142976
133	54395	9.8	5.05142976
133	54431	9.9	5.05142976
133	54571	10	5.05142976
133	54605	10.1	5.05142976
133	54639	10.2	5.05142976
133	54673	10.3	5.05142976
133	54707	10.4	5.05142976
133	54741	10.5	5.05142976
133	54775	10.6	5.05142976
133	54809	10.7	5.05142976
133	54843	10.8	5.05142976
133	54877	10.9	5.05142976
133	54911	11	5.05142976
133	54945	11.1	5.05142976
133	54979	11.2	5.05142976
134	823	0.5	-4.2976088519533
134	1255	0.6	0
134	2105	0.7	-9
134	3092	0.8	0
134	4790	0.9	-8.9135757580089
134	8224	1	0
134	12950	1.1	-9
134	19012	1.2	0
134	24842	1.3	-9
134	29280	1.4	0
134	31826	1.5	-8.9807192741197
134	32706	1.6	0
134	33175	1.7	-9
134	33647	1.8	0
134	34119	1.9	-9
134	34595	2	0
134	35057	2.1	-9
134	35533	2.2	0
134	35992	2.3	-9
134	36455	2.4	0
134	36924	2.5	-9
134	37397	2.6	0
134	37859	2.7	-8.439554097806
134	38332	2.8	0
134	39256	2.9	-0.18715256588614
134	42749	3	0
134	48467	3.1	-0.0095600144565583
134	49851	3.2	0
134	49913	3.3	299.99900389556
134	49975	3.4	0
134	50037	3.5	0
134	50099	3.6	0
134	50161	3.7	0
134	50223	3.8	0
134	50285	3.9	0
134	50555	4	0
134	50613	4.1	0
134	50671	4.2	0
134	50729	4.3	0
134	50787	4.4	0
134	50845	4.5	0
134	50903	4.6	0
134	50961	4.7	0
134	51227	4.8	0
134	51281	4.9	0
134	51335	5	0
134	51389	5.1	0
134	51443	5.2	0
134	51497	5.3	0
134	51551	5.4	0
134	51605	5.5	0
134	51867	5.6	0
134	51917	5.7	0
134	51967	5.8	0
134	52017	5.9	0
134	52067	6	0
134	52117	6.1	0
134	52167	6.2	0
134	52217	6.3	0
134	52475	6.4	0
134	52521	6.5	0
134	52567	6.6	0
134	52613	6.7	0
134	52659	6.8	0
134	52705	6.9	0
134	52751	7	0
134	52797	7.1	0
134	52843	7.2	0
134	52889	7.3	0
134	53143	7.4	0
134	53185	7.5	0
134	53227	7.6	0
134	53269	7.7	0
134	53311	7.8	0
134	53353	7.9	0
134	53395	8	0
134	53437	8.1	0
134	53479	8.2	0
134	53521	8.3	0
134	53771	8.4	0
134	53809	8.5	0
134	53847	8.6	0
134	53885	8.7	0
134	53923	8.8	0
134	53961	8.9	0
134	53999	9	0
134	54037	9.1	0
134	54179	9.2	0
134	54215	9.3	0
134	54251	9.4	0
134	54287	9.5	0
134	54323	9.6	0
134	54359	9.7	0
134	54395	9.8	0
134	54431	9.9	0
134	54571	10	0
134	54605	10.1	0
134	54639	10.2	0
134	54673	10.3	0
134	54707	10.4	0
134	54741	10.5	0
134	54775	10.6	0
134	54809	10.7	0
134	54843	10.8	0
134	54877	10.9	0
134	54911	11	0
134	54945	11.1	0
134	54979	11.2	0
135	823	0.5	0.973
135	1255	0.6	1.6736849906497
135	2105	0.7	0.973
135	3092	0.8	1.6081983400167
135	4790	0.9	0.973
135	8224	1	1.5473037199357
135	12950	1.1	0.973
135	19012	1.2	1.4894194483697
135	24842	1.3	0.973
135	29280	1.4	1.4347505474433
135	31826	1.5	0.973
135	32706	1.6	1.3830013293454
135	33175	1.7	0.973
135	33647	1.8	1.3335462488849
135	34119	1.9	0.973
135	34595	2	1.2860952090307
135	35057	2.1	0.973
135	35533	2.2	1.2402441445616
135	35992	2.3	0.973
135	36455	2.4	1.1955889902566
135	36924	2.5	0.973
135	37397	2.6	1.1517256808944
135	37859	2.7	0.973
135	38332	2.8	1.1109537474093
135	39256	2.9	0.973
135	42749	3	1.1100509227176
135	48467	3.1	1.110004575709
135	49851	3.2	1.1100048052078
135	49913	3.3	2174.0442279249
135	49975	3.4	5.05142976
135	50037	3.5	5.05142976
135	50099	3.6	5.05142976
135	50161	3.7	5.05142976
135	50223	3.8	5.05142976
135	50285	3.9	5.05142976
135	50555	4	5.05142976
135	50613	4.1	5.05142976
135	50671	4.2	5.05142976
135	50729	4.3	5.05142976
135	50787	4.4	5.05142976
135	50845	4.5	5.05142976
135	50903	4.6	5.05142976
135	50961	4.7	5.05142976
135	51227	4.8	5.05142976
135	51281	4.9	5.05142976
135	51335	5	5.05142976
135	51389	5.1	5.05142976
135	51443	5.2	5.05142976
135	51497	5.3	5.05142976
135	51551	5.4	5.05142976
135	51605	5.5	5.05142976
135	51867	5.6	5.05142976
135	51917	5.7	5.05142976
135	51967	5.8	5.05142976
135	52017	5.9	5.05142976
135	52067	6	5.05142976
135	52117	6.1	5.05142976
135	52167	6.2	5.05142976
135	52217	6.3	5.05142976
135	52475	6.4	5.05142976
135	52521	6.5	5.05142976
135	52567	6.6	5.05142976
135	52613	6.7	5.05142976
135	52659	6.8	5.05142976
135	52705	6.9	5.05142976
135	52751	7	5.05142976
135	52797	7.1	5.05142976
135	52843	7.2	5.05142976
135	52889	7.3	5.05142976
135	53143	7.4	5.05142976
135	53185	7.5	5.05142976
135	53227	7.6	5.05142976
135	53269	7.7	5.05142976
135	53311	7.8	5.05142976
135	53353	7.9	5.05142976
135	53395	8	5.05142976
135	53437	8.1	5.05142976
135	53479	8.2	5.05142976
135	53521	8.3	5.05142976
135	53771	8.4	5.05142976
135	53809	8.5	5.05142976
135	53847	8.6	5.05142976
135	53885	8.7	5.05142976
135	53923	8.8	5.05142976
135	53961	8.9	5.05142976
135	53999	9	5.05142976
135	54037	9.1	5.05142976
135	54179	9.2	5.05142976
135	54215	9.3	5.05142976
135	54251	9.4	5.05142976
135	54287	9.5	5.05142976
135	54323	9.6	5.05142976
135	54359	9.7	5.05142976
135	54395	9.8	5.05142976
135	54431	9.9	5.05142976
135	54571	10	5.05142976
135	54605	10.1	5.05142976
135	54639	10.2	5.05142976
135	54673	10.3	5.05142976
135	54707	10.4	5.05142976
135	54741	10.5	5.05142976
135	54775	10.6	5.05142976
135	54809	10.7	5.05142976
135	54843	10.8	5.05142976
135	54877	10.9	5.05142976
135	54911	11	5.05142976
135	54945	11.1	5.05142976
135	54979	11.2	5.05142976
136	823	0.5	-0.5089860224165
136	1255	0.6	0
136	2105	0.7	-2.5424221831242
136	3092	0.8	0
136	4790	0.9	-5.0865745152927
136	8224	1	0
136	12950	1.1	-6.3570805035478
136	19012	1.2	0
136	24842	1.3	-6.869048398441
136	29280	1.4	0
136	31826	1.5	-5.0284099471058
136	32706	1.6	0
136	33175	1.7	-5.4591647325994
136	33647	1.8	0
136	34119	1.9	-3.4863966886318
136	34595	2	0
136	35057	2.1	-5.7531249458943
136	35533	2.2	0
136	35992	2.3	-3.2185411322394
136	36455	2.4	0
136	36924	2.5	-3.9816387286566
136	37397	2.6	0
136	37859	2.7	-3.7791852560291
136	38332	2.8	0
136	39256	2.9	-3.7566717596459
136	42749	3	0
136	48467	3.1	-3.5464796764999
136	49851	3.2	0
136	49913	3.3	-2.2983653178597
136	49975	3.4	0
136	50037	3.5	4.827858335245
136	50099	3.6	0
136	50161	3.7	2.9195453025401
136	50223	3.8	0
136	50285	3.9	2.7984292147215
136	50555	4	0
136	50613	4.1	2.7486096469685
136	50671	4.2	0
136	50729	4.3	3.0654938410502
136	50787	4.4	0
136	50845	4.5	2.6398496631999
136	50903	4.6	0
136	50961	4.7	3.9998787392862
136	51227	4.8	0
136	51281	4.9	260.89774557779
136	51335	5	0
136	51389	5.1	0
136	51443	5.2	0
136	51497	5.3	0
136	51551	5.4	0
136	51605	5.5	0
136	51867	5.6	0
136	51917	5.7	0
136	51967	5.8	0
136	52017	5.9	0
136	52067	6	0
136	52117	6.1	0
136	52167	6.2	0
136	52217	6.3	0
136	52475	6.4	0
136	52521	6.5	0
136	52567	6.6	0
136	52613	6.7	0
136	52659	6.8	0
136	52705	6.9	0
136	52751	7	0
136	52797	7.1	0
136	52843	7.2	0
136	52889	7.3	0
136	53143	7.4	0
136	53185	7.5	0
136	53227	7.6	0
136	53269	7.7	0
136	53311	7.8	0
136	53353	7.9	0
136	53395	8	0
136	53437	8.1	0
136	53479	8.2	0
136	53521	8.3	0
136	53771	8.4	0
136	53809	8.5	0
136	53847	8.6	0
136	53885	8.7	0
136	53923	8.8	0
136	53961	8.9	0
136	53999	9	0
136	54037	9.1	0
136	54179	9.2	0
136	54215	9.3	0
136	54251	9.4	0
136	54287	9.5	0
136	54323	9.6	0
136	54359	9.7	0
136	54395	9.8	0
136	54431	9.9	0
136	54571	10	0
136	54605	10.1	0
136	54639	10.2	0
136	54673	10.3	0
136	54707	10.4	0
136	54741	10.5	0
136	54775	10.6	0
136	54809	10.7	0
136	54843	10.8	0
136	54877	10.9	0
136	54911	11	0
136	54945	11.1	0
136	54979	11.2	0
137	823	0.5	0.973
137	1255	0.6	1.5253417930445
137	2105	0.7	0.973
137	3092	0.8	1.509007599786
137	4790	0.9	0.973
137	8224	1	1.4771225824213
137	12950	1.1	0.973
137	19012	1.2	1.4386688631596
137	24842	1.3	0.973
137	29280	1.4	1.3987072359837
137	31826	1.5	0.973
137	32706	1.6	1.3703992217593
137	33175	1.7	0.973
137	33647	1.8	1.3404792269185
137	34119	1.9	0.973
137	34595	2	1.3217739728793
137	35057	2.1	0.973
137	35533	2.2	1.2915212676804
137	35992	2.3	0.973
137	36455	2.4	1.2748969471639
137	36924	2.5	0.973
137	37397	2.6	1.2545949569605
137	37859	2.7	0.973
137	38332	2.8	1.2355654551098
137	39256	2.9	0.973
137	42749	3	1.2168510412082
137	48467	3.1	0.973
137	49851	3.2	1.1993417711178
137	49913	3.3	0.973
137	49975	3.4	1.1880646017008
137	50037	3.5	3.6471021632557
137	50099	3.6	1.2118155296988
137	50161	3.7	2.9044159935773
137	50223	3.8	1.226305617081
137	50285	3.9	3.0375269263193
137	50555	4	1.2403001745703
137	50613	4.1	3.2014614078175
137	50671	4.2	1.2541581214687
137	50729	4.3	3.6680389955493
137	50787	4.4	1.2697594623102
137	50845	4.5	3.5165558327396
137	50903	4.6	1.2833294622995
137	50961	4.7	5.0734953685329
137	51227	4.8	1.3041523140036
137	51281	4.9	1891.3421302874
137	51335	5	5.05142976
137	51389	5.1	5.05142976
137	51443	5.2	5.05142976
137	51497	5.3	5.05142976
137	51551	5.4	5.05142976
137	51605	5.5	5.05142976
137	51867	5.6	5.05142976
137	51917	5.7	5.05142976
137	51967	5.8	5.05142976
137	52017	5.9	5.05142976
137	52067	6	5.05142976
137	52117	6.1	5.05142976
137	52167	6.2	5.05142976
137	52217	6.3	5.05142976
137	52475	6.4	5.05142976
137	52521	6.5	5.05142976
137	52567	6.6	5.05142976
137	52613	6.7	5.05142976
137	52659	6.8	5.05142976
137	52705	6.9	5.05142976
137	52751	7	5.05142976
137	52797	7.1	5.05142976
137	52843	7.2	5.05142976
137	52889	7.3	5.05142976
137	53143	7.4	5.05142976
137	53185	7.5	5.05142976
137	53227	7.6	5.05142976
137	53269	7.7	5.05142976
137	53311	7.8	5.05142976
137	53353	7.9	5.05142976
137	53395	8	5.05142976
137	53437	8.1	5.05142976
137	53479	8.2	5.05142976
137	53521	8.3	5.05142976
137	53771	8.4	5.05142976
137	53809	8.5	5.05142976
137	53847	8.6	5.05142976
137	53885	8.7	5.05142976
137	53923	8.8	5.05142976
137	53961	8.9	5.05142976
137	53999	9	5.05142976
137	54037	9.1	5.05142976
137	54179	9.2	5.05142976
137	54215	9.3	5.05142976
137	54251	9.4	5.05142976
137	54287	9.5	5.05142976
137	54323	9.6	5.05142976
137	54359	9.7	5.05142976
137	54395	9.8	5.05142976
137	54431	9.9	5.05142976
137	54571	10	5.05142976
137	54605	10.1	5.05142976
137	54639	10.2	5.05142976
137	54673	10.3	5.05142976
137	54707	10.4	5.05142976
137	54741	10.5	5.05142976
137	54775	10.6	5.05142976
137	54809	10.7	5.05142976
137	54843	10.8	5.05142976
137	54877	10.9	5.05142976
137	54911	11	5.05142976
137	54945	11.1	5.05142976
137	54979	11.2	5.05142976
138	823	0.5	-2.0282611952163
138	1255	0.6	0
138	2105	0.7	1.9554286082595
138	3092	0.8	0
138	4790	0.9	-1.1035610036952
138	8224	1	0
138	12950	1.1	-0.53662138777551
138	19012	1.2	0
138	24842	1.3	-3.8767115011413
138	29280	1.4	0
138	31826	1.5	-4.3490958406099
138	32706	1.6	0
138	33175	1.7	-2.3128767599327
138	33647	1.8	0
138	34119	1.9	-3.3198074695459
138	34595	2	0
138	35057	2.1	-1.6684616342023
138	35533	2.2	0
138	35992	2.3	-1.1860474190104
138	36455	2.4	0
138	36924	2.5	-2.6879531458561
138	37397	2.6	0
138	37859	2.7	-1.9280299992456
138	38332	2.8	0
138	39256	2.9	-1.610855643274
138	42749	3	0
138	48467	3.1	-2.5513773561433
138	49851	3.2	0
138	49913	3.3	-2.5697295356789
138	49975	3.4	0
138	50037	3.5	-3.5490910582556
138	50099	3.6	0
138	50161	3.7	0.44703929869657
138	50223	3.8	0
138	50285	3.9	2.2206083640684
138	50555	4	0
138	50613	4.1	0.0044155470354701
138	50671	4.2	0
138	50729	4.3	0.40963881727151
138	50787	4.4	0
138	50845	4.5	1.8226645739231
138	50903	4.6	0
138	50961	4.7	1.9526808977316
138	51227	4.8	0
138	51281	4.9	4.3532066254187
138	51335	5	0
138	51389	5.1	2.6395810257644
138	51443	5.2	0
138	51497	5.3	4.8072484758683
138	51551	5.4	0
138	51605	5.5	4.4761284699664
138	51867	5.6	0
138	51917	5.7	3.3822631790303
138	51967	5.8	0
138	52017	5.9	3.5159728892148
138	52067	6	0
138	52117	6.1	4.6188049764838
138	52167	6.2	0
138	52217	6.3	3.1151938169729
138	52475	6.4	0
138	52521	6.5	237.63511121138
138	52567	6.6	0
138	52613	6.7	0
138	52659	6.8	0
138	52705	6.9	0
138	52751	7	0
138	52797	7.1	0
138	52843	7.2	0
138	52889	7.3	0
138	53143	7.4	0
138	53185	7.5	0
138	53227	7.6	0
138	53269	7.7	0
138	53311	7.8	0
138	53353	7.9	0
138	53395	8	0
138	53437	8.1	0
138	53479	8.2	0
138	53521	8.3	0
138	53771	8.4	0
138	53809	8.5	0
138	53847	8.6	0
138	53885	8.7	0
138	53923	8.8	0
138	53961	8.9	0
138	53999	9	0
138	54037	9.1	0
138	54179	9.2	0
138	54215	9.3	0
138	54251	9.4	0
138	54287	9.5	0
138	54323	9.6	0
138	54359	9.7	0
138	54395	9.8	0
138	54431	9.9	0
138	54571	10	0
138	54605	10.1	0
138	54639	10.2	0
138	54673	10.3	0
138	54707	10.4	0
138	54741	10.5	0
138	54775	10.6	0
138	54809	10.7	0
138	54843	10.8	0
138	54877	10.9	0
138	54911	11	0
138	54945	11.1	0
138	54979	11.2	0
139	823	0.5	0.973
139	1255	0.6	1.3957652406036
139	2105	0.7	4.1331644860022
139	3092	0.8	1.4069511998582
139	4790	0.9	0.973
139	8224	1	1.4006235126192
139	12950	1.1	0.973
139	19012	1.2	1.3975604773705
139	24842	1.3	0.973
139	29280	1.4	1.3756934487313
139	31826	1.5	0.973
139	32706	1.6	1.3516791757638
139	33175	1.7	0.973
139	33647	1.8	1.339116031786
139	34119	1.9	0.973
139	34595	2	1.3213183556545
139	35057	2.1	0.973
139	35533	2.2	1.3124725918681
139	35992	2.3	0.973
139	36455	2.4	1.3062227889076
139	36924	2.5	0.973
139	37397	2.6	1.2921713238781
139	37859	2.7	0.973
139	38332	2.8	1.2821838218829
139	39256	2.9	0.973
139	42749	3	1.2738946066278
139	48467	3.1	0.973
139	49851	3.2	1.2608626023329
139	49913	3.3	0.973
139	49975	3.4	1.2478488678347
139	50037	3.5	0.973
139	50099	3.6	1.2300428522584
139	50161	3.7	1.5021176597183
139	50223	3.8	1.2322757109637
139	50285	3.9	2.702652830109
139	50555	4	1.2434092295527
139	50613	4.1	1.2463335286991
139	50671	4.2	1.2434314401201
139	50729	4.3	1.5187696774211
139	50787	4.4	1.2454932455785
139	50845	4.5	2.5506895446009
139	50903	4.6	1.2546988757555
139	50961	4.7	2.7449516471874
139	51227	4.8	1.2646215388245
139	51281	4.9	5.0438648487223
139	51335	5	1.2869880116678
139	51389	5.1	3.746638819768
139	51443	5.2	1.3007302542039
139	51497	5.3	6.3376177547829
139	51551	5.4	1.3261464823929
139	51605	5.5	6.4994544677556
139	51867	5.6	1.3503089300931
139	51917	5.7	5.5354223925375
139	51967	5.8	1.3689155336959
139	52017	5.9	6.017747130551
139	52067	6	1.3886015824575
139	52117	6.1	8.0103082576855
139	52167	6.2	1.4150351153222
139	52217	6.3	6.1153727647232
139	52475	6.4	1.4332557103162
139	52521	6.5	1723.1532838183
139	52567	6.6	5.05142976
139	52613	6.7	5.05142976
139	52659	6.8	5.05142976
139	52705	6.9	5.05142976
139	52751	7	5.05142976
139	52797	7.1	5.05142976
139	52843	7.2	5.05142976
139	52889	7.3	5.05142976
139	53143	7.4	5.05142976
139	53185	7.5	5.05142976
139	53227	7.6	5.05142976
139	53269	7.7	5.05142976
139	53311	7.8	5.05142976
139	53353	7.9	5.05142976
139	53395	8	5.05142976
139	53437	8.1	5.05142976
139	53479	8.2	5.05142976
139	53521	8.3	5.05142976
139	53771	8.4	5.05142976
139	53809	8.5	5.05142976
139	53847	8.6	5.05142976
139	53885	8.7	5.05142976
139	53923	8.8	5.05142976
139	53961	8.9	5.05142976
139	53999	9	5.05142976
139	54037	9.1	5.05142976
139	54179	9.2	5.05142976
139	54215	9.3	5.05142976
139	54251	9.4	5.05142976
139	54287	9.5	5.05142976
139	54323	9.6	5.05142976
139	54359	9.7	5.05142976
139	54395	9.8	5.05142976
139	54431	9.9	5.05142976
139	54571	10	5.05142976
139	54605	10.1	5.05142976
139	54639	10.2	5.05142976
139	54673	10.3	5.05142976
139	54707	10.4	5.05142976
139	54741	10.5	5.05142976
139	54775	10.6	5.05142976
139	54809	10.7	5.05142976
139	54843	10.8	5.05142976
139	54877	10.9	5.05142976
139	54911	11	5.05142976
139	54945	11.1	5.05142976
139	54979	11.2	5.05142976
140	823	0.5	-1.1007764855865
140	1255	0.6	0
140	2105	0.7	-0.0023697081670093
140	3092	0.8	0
140	4790	0.9	1.8924727048048
140	8224	1	0
140	12950	1.1	1.4231692707006
140	19012	1.2	0
140	24842	1.3	-0.24134024951495
140	29280	1.4	0
140	31826	1.5	-1.8044977779309
140	32706	1.6	0
140	33175	1.7	-0.64040230701602
140	33647	1.8	0
140	34119	1.9	-2.500842078103
140	34595	2	0
140	35057	2.1	-0.10021478541095
140	35533	2.2	0
140	35992	2.3	-0.76141049792076
140	36455	2.4	0
140	36924	2.5	-1.8113624252861
140	37397	2.6	0
140	37859	2.7	-0.23658631832532
140	38332	2.8	0
140	39256	2.9	-2.6381609625781
140	42749	3	0
140	48467	3.1	1.7529676541962
140	49851	3.2	0
140	49913	3.3	-2.1172198147688
140	49975	3.4	0
140	50037	3.5	-2.6742879617985
140	50099	3.6	0
140	50161	3.7	-3.0233882027743
140	50223	3.8	0
140	50285	3.9	-0.32590812329645
140	50555	4	0
140	50613	4.1	0.90245642186408
140	50671	4.2	0
140	50729	4.3	-1.2050973157487
140	50787	4.4	0
140	50845	4.5	0.13262878728617
140	50903	4.6	0
140	50961	4.7	2.0826140680221
140	51227	4.8	0
140	51281	4.9	0.054833683261344
140	51335	5	0
140	51389	5.1	1.6071227027585
140	51443	5.2	0
140	51497	5.3	3.7062080909308
140	51551	5.4	0
140	51605	5.5	2.0261400693773
140	51867	5.6	0
140	51917	5.7	4.4123672522942
140	51967	5.8	0
140	52017	5.9	0.39112757098803
140	52067	6	0
140	52117	6.1	4.9825506204274
140	52167	6.2	0
140	52217	6.3	2.5630420012082
140	52475	6.4	0
140	52521	6.5	2.3691237699226
140	52567	6.6	0
140	52613	6.7	3.2309031009674
140	52659	6.8	0
140	52705	6.9	5.1111846216023
140	52751	7	0
140	52797	7.1	3.8667975159362
140	52843	7.2	0
140	52889	7.3	3.7280065879691
140	53143	7.4	0
140	53185	7.5	4.799104380887
140	53227	7.6	0
140	53269	7.7	4.8108487453777
140	53311	7.8	0
140	53353	7.9	4.8055308876559
140	53395	8	0
140	53437	8.1	-5.232387192727
140	53479	8.2	0
140	53521	8.3	-8.3656557470268
140	53771	8.4	0
140	53809	8.5	229.85460021943
140	53847	8.6	0
140	53885	8.7	0
140	53923	8.8	0
140	53961	8.9	0
140	53999	9	0
140	54037	9.1	0
140	54179	9.2	0
140	54215	9.3	0
140	54251	9.4	0
140	54287	9.5	0
140	54323	9.6	0
140	54359	9.7	0
140	54395	9.8	0
140	54431	9.9	0
140	54571	10	0
140	54605	10.1	0
140	54639	10.2	0
140	54673	10.3	0
140	54707	10.4	0
140	54741	10.5	0
140	54775	10.6	0
140	54809	10.7	0
140	54843	10.8	0
140	54877	10.9	0
140	54911	11	0
140	54945	11.1	0
140	54979	11.2	0
141	823	0.5	0.973
141	1255	0.6	1.3257127739057
141	2105	0.7	1.3232345119064
141	3092	0.8	1.3257001182787
141	4790	0.9	3.3912214417284
141	8224	1	1.3358504527343
141	12950	1.1	2.9380261377624
141	19012	1.2	1.3435423929124
141	24842	1.3	0.973
141	29280	1.4	1.3422343671285
141	31826	1.5	0.973
141	32706	1.6	1.3325010589106
141	33175	1.7	0.973
141	33647	1.8	1.3290662359952
141	34119	1.9	0.973
141	34595	2	1.315746884102
141	35057	2.1	1.2157077684077
141	35533	2.2	1.3152161868991
141	35992	2.3	0.973
141	36455	2.4	1.3111915140674
141	36924	2.5	0.973
141	37397	2.6	1.301668769499
141	37859	2.7	0.973
141	38332	2.8	1.3004302387936
141	39256	2.9	0.973
141	42749	3	1.286698461626
141	48467	3.1	2.8803365718188
141	49851	3.2	1.2958067526035
141	49913	3.3	0.973
141	49975	3.4	1.2848135747269
141	50037	3.5	0.973
141	50099	3.6	1.2710529640284
141	50161	3.7	0.973
141	50223	3.8	1.2556516781446
141	50285	3.9	0.973
141	50555	4	1.2540007405374
141	50613	4.1	1.9168901651075
141	50671	4.2	1.2585765655393
141	50729	4.3	0.973
141	50787	4.4	1.2524692151804
141	50845	4.5	1.3464607490709
141	50903	4.6	1.2531402055051
141	50961	4.7	2.8336163736099
141	51227	4.8	1.2637146444568
141	51281	4.9	1.3054008656454
141	51335	5	1.2639940556098
141	51389	5.1	2.5480473479977
141	51443	5.2	1.2722069054212
141	51497	5.3	4.5646007907611
141	51551	5.4	1.2913302630521
141	51605	5.5	3.1902955338535
141	51867	5.6	1.301900932561
141	51917	5.7	5.9068302624512
141	51967	5.8	1.325231639983
141	52017	5.9	1.7371371552389
141	52067	6	1.3273214906162
141	52117	6.1	7.1731970928063
141	52167	6.2	1.3542779331916
141	52217	6.3	4.5199901629825
141	52475	6.4	1.3683998284847
141	52521	6.5	4.4300283855813
141	52567	6.6	1.3816182854946
141	52613	6.7	5.8087705442525
141	52659	6.8	1.3999141729536
141	52705	6.9	9.0337963251057
141	52751	7	1.4295341593267
141	52797	7.1	7.565780446888
141	52843	7.2	1.4525327081685
141	52889	7.3	7.7039877421954
141	53143	7.4	1.4752201506069
141	53185	7.5	10.078634922095
141	53227	7.6	1.5052162538676
141	53269	7.7	10.688411907253
141	53311	7.8	1.5362355733734
141	53353	7.9	11.266835523681
141	53395	8	1.5682315384708
141	53437	8.1	0.973
141	53479	8.2	1.5334432626238
141	53521	8.3	0.973
141	53771	8.4	1.480265223266
141	53809	8.5	1666.9001893465
141	53847	8.6	5.05142976
141	53885	8.7	5.05142976
141	53923	8.8	5.05142976
141	53961	8.9	5.05142976
141	53999	9	5.05142976
141	54037	9.1	5.05142976
141	54179	9.2	5.05142976
141	54215	9.3	5.05142976
141	54251	9.4	5.05142976
141	54287	9.5	5.05142976
141	54323	9.6	5.05142976
141	54359	9.7	5.05142976
141	54395	9.8	5.05142976
141	54431	9.9	5.05142976
141	54571	10	5.05142976
141	54605	10.1	5.05142976
141	54639	10.2	5.05142976
141	54673	10.3	5.05142976
141	54707	10.4	5.05142976
141	54741	10.5	5.05142976
141	54775	10.6	5.05142976
141	54809	10.7	5.05142976
141	54843	10.8	5.05142976
141	54877	10.9	5.05142976
141	54911	11	5.05142976
141	54945	11.1	5.05142976
141	54979	11.2	5.05142976
142	823	0.5	-6.430460592578
142	1255	0.6	0
142	2105	0.7	-7.9869115148439
142	3092	0.8	0
142	4790	0.9	-9
142	8224	1	0
142	12950	1.1	-7.4826524082061
142	19012	1.2	0
142	24842	1.3	-9
142	29280	1.4	0
142	31826	1.5	-8.9007208291704
142	32706	1.6	0
142	33175	1.7	-9
142	33647	1.8	0
142	34119	1.9	-9
142	34595	2	0
142	35057	2.1	-9
142	35533	2.2	0
142	35992	2.3	-9
142	36455	2.4	0
142	36924	2.5	-9
142	37397	2.6	0
142	37859	2.7	-7.4828574369517
142	38332	2.8	0
142	39256	2.9	-1.399165935661
142	42749	3	0
142	48467	3.1	-0.13957978096484
142	49851	3.2	0
142	49913	3.3	-0.0068181682907994
142	49975	3.4	0
142	50037	3.5	0
142	50099	3.6	0
142	50161	3.7	0
142	50223	3.8	0
142	50285	3.9	0
142	50555	4	0
142	50613	4.1	300
142	50671	4.2	0
142	50729	4.3	0
142	50787	4.4	0
142	50845	4.5	0
142	50903	4.6	0
142	50961	4.7	0
142	51227	4.8	0
142	51281	4.9	0
142	51335	5	0
142	51389	5.1	0
142	51443	5.2	0
142	51497	5.3	0
142	51551	5.4	0
142	51605	5.5	0
142	51867	5.6	0
142	51917	5.7	0
142	51967	5.8	0
142	52017	5.9	0
142	52067	6	0
142	52117	6.1	0
142	52167	6.2	0
142	52217	6.3	0
142	52475	6.4	0
142	52521	6.5	0
142	52567	6.6	0
142	52613	6.7	0
142	52659	6.8	0
142	52705	6.9	0
142	52751	7	0
142	52797	7.1	0
142	52843	7.2	0
142	52889	7.3	0
142	53143	7.4	0
142	53185	7.5	0
142	53227	7.6	0
142	53269	7.7	0
142	53311	7.8	0
142	53353	7.9	0
142	53395	8	0
142	53437	8.1	0
142	53479	8.2	0
142	53521	8.3	0
142	53771	8.4	0
142	53809	8.5	0
142	53847	8.6	0
142	53885	8.7	0
142	53923	8.8	0
142	53961	8.9	0
142	53999	9	0
142	54037	9.1	0
142	54179	9.2	0
142	54215	9.3	0
142	54251	9.4	0
142	54287	9.5	0
142	54323	9.6	0
142	54359	9.7	0
142	54395	9.8	0
142	54431	9.9	0
142	54571	10	0
142	54605	10.1	0
142	54639	10.2	0
142	54673	10.3	0
142	54707	10.4	0
142	54741	10.5	0
142	54775	10.6	0
142	54809	10.7	0
142	54843	10.8	0
142	54877	10.9	0
142	54911	11	0
142	54945	11.1	0
142	54979	11.2	0
143	823	0.5	0.973
143	1255	0.6	1.6577808457603
143	2105	0.7	0.973
143	3092	0.8	1.6003400304132
143	4790	0.9	0.973
143	8224	1	1.5393448505489
143	12950	1.1	0.973
143	19012	1.2	1.4913647142957
143	24842	1.3	0.973
143	29280	1.4	1.4365913907047
143	31826	1.5	0.973
143	32706	1.6	1.3852024326432
143	33175	1.7	0.973
143	33647	1.8	1.3356510900667
143	34119	1.9	0.973
143	34595	2	1.2881213496033
143	35057	2.1	0.973
143	35533	2.2	1.242209146032
143	35992	2.3	0.973
143	36455	2.4	1.1975104141316
143	36924	2.5	0.973
143	37397	2.6	1.1536210886809
143	37859	2.7	0.973
143	38332	2.8	1.117456141243
143	39256	2.9	0.973
143	42749	3	1.1107062239971
143	48467	3.1	0.973
143	49851	3.2	1.1100328908439
143	49913	3.3	0.973
143	49975	3.4	0.973
143	50037	3.5	0.973
143	50099	3.6	0.973
143	50161	3.7	0.973
143	50223	3.8	0.973
143	50285	3.9	0.973
143	50555	4	0.973
143	50613	4.1	2174.05142976
143	50671	4.2	5.05142976
143	50729	4.3	5.05142976
143	50787	4.4	5.05142976
143	50845	4.5	5.05142976
143	50903	4.6	5.05142976
143	50961	4.7	5.05142976
143	51227	4.8	5.05142976
143	51281	4.9	5.05142976
143	51335	5	5.05142976
143	51389	5.1	5.05142976
143	51443	5.2	5.05142976
143	51497	5.3	5.05142976
143	51551	5.4	5.05142976
143	51605	5.5	5.05142976
143	51867	5.6	5.05142976
143	51917	5.7	5.05142976
143	51967	5.8	5.05142976
143	52017	5.9	5.05142976
143	52067	6	5.05142976
143	52117	6.1	5.05142976
143	52167	6.2	5.05142976
143	52217	6.3	5.05142976
143	52475	6.4	5.05142976
143	52521	6.5	5.05142976
143	52567	6.6	5.05142976
143	52613	6.7	5.05142976
143	52659	6.8	5.05142976
143	52705	6.9	5.05142976
143	52751	7	5.05142976
143	52797	7.1	5.05142976
143	52843	7.2	5.05142976
143	52889	7.3	5.05142976
143	53143	7.4	5.05142976
143	53185	7.5	5.05142976
143	53227	7.6	5.05142976
143	53269	7.7	5.05142976
143	53311	7.8	5.05142976
143	53353	7.9	5.05142976
143	53395	8	5.05142976
143	53437	8.1	5.05142976
143	53479	8.2	5.05142976
143	53521	8.3	5.05142976
143	53771	8.4	5.05142976
143	53809	8.5	5.05142976
143	53847	8.6	5.05142976
143	53885	8.7	5.05142976
143	53923	8.8	5.05142976
143	53961	8.9	5.05142976
143	53999	9	5.05142976
143	54037	9.1	5.05142976
143	54179	9.2	5.05142976
143	54215	9.3	5.05142976
143	54251	9.4	5.05142976
143	54287	9.5	5.05142976
143	54323	9.6	5.05142976
143	54359	9.7	5.05142976
143	54395	9.8	5.05142976
143	54431	9.9	5.05142976
143	54571	10	5.05142976
143	54605	10.1	5.05142976
143	54639	10.2	5.05142976
143	54673	10.3	5.05142976
143	54707	10.4	5.05142976
143	54741	10.5	5.05142976
143	54775	10.6	5.05142976
143	54809	10.7	5.05142976
143	54843	10.8	5.05142976
143	54877	10.9	5.05142976
143	54911	11	5.05142976
143	54945	11.1	5.05142976
143	54979	11.2	5.05142976
144	823	0.5	-0.15510692815297
144	1255	0.6	0
144	2105	0.7	-4.500412709951
144	3092	0.8	0
144	4790	0.9	-6.1276899950775
144	8224	1	0
144	12950	1.1	-4.865591426463
144	19012	1.2	0
144	24842	1.3	-5.3220349445272
144	29280	1.4	0
144	31826	1.5	-3.3101518399968
144	32706	1.6	0
144	33175	1.7	-7.4955162882288
144	33647	1.8	0
144	34119	1.9	-4.2788037327429
144	34595	2	0
144	35057	2.1	-3.1694633106839
144	35533	2.2	0
144	35992	2.3	-5.0228201737804
144	36455	2.4	0
144	36924	2.5	-4.3450495068275
144	37397	2.6	0
144	37859	2.7	-3.7723044926366
144	38332	2.8	0
144	39256	2.9	-2.2403513597808
144	42749	3	0
144	48467	3.1	-4.9420878763734
144	49851	3.2	0
144	49913	3.3	-2.2741261919823
144	49975	3.4	0
144	50037	3.5	-2.7912962954126
144	50099	3.6	0
144	50161	3.7	-1.129870456161
144	50223	3.8	0
144	50285	3.9	-2.4262595552571
144	50555	4	0
144	50613	4.1	-1.271618702212
144	50671	4.2	0
144	50729	4.3	4.2591055117205
144	50787	4.4	0
144	50845	4.5	3.7507129244922
144	50903	4.6	0
144	50961	4.7	4.070835968379
144	51227	4.8	0
144	51281	4.9	3.5178736078681
144	51335	5	0
144	51389	5.1	2.6395608370192
144	51443	5.2	0
144	51497	5.3	3.8420419071801
144	51551	5.4	0
144	51605	5.5	3.3074461746495
144	51867	5.6	0
144	51917	5.7	266.27829936776
144	51967	5.8	0
144	52017	5.9	0
144	52067	6	0
144	52117	6.1	0
144	52167	6.2	0
144	52217	6.3	0
144	52475	6.4	0
144	52521	6.5	0
144	52567	6.6	0
144	52613	6.7	0
144	52659	6.8	0
144	52705	6.9	0
144	52751	7	0
144	52797	7.1	0
144	52843	7.2	0
144	52889	7.3	0
144	53143	7.4	0
144	53185	7.5	0
144	53227	7.6	0
144	53269	7.7	0
144	53311	7.8	0
144	53353	7.9	0
144	53395	8	0
144	53437	8.1	0
144	53479	8.2	0
144	53521	8.3	0
144	53771	8.4	0
144	53809	8.5	0
144	53847	8.6	0
144	53885	8.7	0
144	53923	8.8	0
144	53961	8.9	0
144	53999	9	0
144	54037	9.1	0
144	54179	9.2	0
144	54215	9.3	0
144	54251	9.4	0
144	54287	9.5	0
144	54323	9.6	0
144	54359	9.7	0
144	54395	9.8	0
144	54431	9.9	0
144	54571	10	0
144	54605	10.1	0
144	54639	10.2	0
144	54673	10.3	0
144	54707	10.4	0
144	54741	10.5	0
144	54775	10.6	0
144	54809	10.7	0
144	54843	10.8	0
144	54877	10.9	0
144	54911	11	0
144	54945	11.1	0
144	54979	11.2	0
145	823	0.5	1.2374891487367
145	1255	0.6	1.5276370852233
145	2105	0.7	0.973
145	3092	0.8	1.4988400518425
145	4790	0.9	0.973
145	8224	1	1.4609403889443
145	12950	1.1	0.973
145	19012	1.2	1.4318460836501
145	24842	1.3	0.973
145	29280	1.4	1.4009536473562
145	31826	1.5	0.973
145	32706	1.6	1.3821945776069
145	33175	1.7	0.973
145	33647	1.8	1.3408859186071
145	34119	1.9	0.973
145	34595	2	1.3179621392569
145	35057	2.1	0.973
145	35533	2.2	1.3012570368098
145	35992	2.3	0.973
145	36455	2.4	1.2752161234858
145	36924	2.5	0.973
145	37397	2.6	1.2530698778378
145	37859	2.7	0.973
145	38332	2.8	1.2340921172074
145	39256	2.9	0.973
145	42749	3	1.2229180920921
145	48467	3.1	0.973
145	49851	3.2	1.1984878923641
145	49913	3.3	0.973
145	49975	3.4	1.1873331569262
145	50037	3.5	0.973
145	50099	3.6	1.1737035051927
145	50161	3.7	0.973
145	50223	3.8	1.1682032886847
145	50285	3.9	0.973
145	50555	4	1.1564199790275
145	50613	4.1	0.973
145	50671	4.2	1.1502572879458
145	50729	4.3	2.463559228468
145	50787	4.4	1.1709342324738
145	50845	4.5	2.6666110744876
145	50903	4.6	1.1892464907239
145	50961	4.7	3.2121024941363
145	51227	4.8	1.2092668608739
145	51281	4.9	3.2557456930637
145	51335	5	1.2267174367887
145	51389	5.1	2.9302667975234
145	51443	5.2	1.2399175819389
145	51497	5.3	4.0754708000268
145	51551	5.4	1.2593173511658
145	51605	5.5	3.9641542175777
145	51867	5.6	1.2762159123911
145	51917	5.7	1930.2435341889
145	51967	5.8	5.05142976
145	52017	5.9	5.05142976
145	52067	6	5.05142976
145	52117	6.1	5.05142976
145	52167	6.2	5.05142976
145	52217	6.3	5.05142976
145	52475	6.4	5.05142976
145	52521	6.5	5.05142976
145	52567	6.6	5.05142976
145	52613	6.7	5.05142976
145	52659	6.8	5.05142976
145	52705	6.9	5.05142976
145	52751	7	5.05142976
145	52797	7.1	5.05142976
145	52843	7.2	5.05142976
145	52889	7.3	5.05142976
145	53143	7.4	5.05142976
145	53185	7.5	5.05142976
145	53227	7.6	5.05142976
145	53269	7.7	5.05142976
145	53311	7.8	5.05142976
145	53353	7.9	5.05142976
145	53395	8	5.05142976
145	53437	8.1	5.05142976
145	53479	8.2	5.05142976
145	53521	8.3	5.05142976
145	53771	8.4	5.05142976
145	53809	8.5	5.05142976
145	53847	8.6	5.05142976
145	53885	8.7	5.05142976
145	53923	8.8	5.05142976
145	53961	8.9	5.05142976
145	53999	9	5.05142976
145	54037	9.1	5.05142976
145	54179	9.2	5.05142976
145	54215	9.3	5.05142976
145	54251	9.4	5.05142976
145	54287	9.5	5.05142976
145	54323	9.6	5.05142976
145	54359	9.7	5.05142976
145	54395	9.8	5.05142976
145	54431	9.9	5.05142976
145	54571	10	5.05142976
145	54605	10.1	5.05142976
145	54639	10.2	5.05142976
145	54673	10.3	5.05142976
145	54707	10.4	5.05142976
145	54741	10.5	5.05142976
145	54775	10.6	5.05142976
145	54809	10.7	5.05142976
145	54843	10.8	5.05142976
145	54877	10.9	5.05142976
145	54911	11	5.05142976
145	54945	11.1	5.05142976
145	54979	11.2	5.05142976

