version 3
run TwelveVehiclesAmbulanceBFT-0-20260424-12:20:12-2463963
attr configname TwelveVehiclesAmbulanceBFT
attr datetime 20260424-12:20:12
attr datetimef 20260424-122012
attr experiment TwelveVehiclesAmbulanceBFT
attr inifile /home/yash/DistributedSystemsforAVs/fourway/random_scenario.ini
attr iterationvars ""
attr iterationvarsd ""
attr iterationvarsf ""
attr measurement ""
attr network fourWay
attr processid 2463963
attr repetition 0
attr replication #0
attr resultdir results
attr runnumber 0
attr seedset 0
config extends TwelveVehiclesBFTOverV2V
config description "12 vehicles; veh11 auto-issues Emergency_CA cert (ambulanceReplicaId matches SUMO veh id, not node index)"
config *.manager.intersectionBatchSize 12
config *.node[*].appl.stopSignTimeoutSec 25s
config extends BFTOverV2V
config description "BFT test on 12-vehicle routes"
config *.manager.launchConfig "xmldoc(\"bft_12veh.launchd.xml\")"
config *.node[*].appl.intersectionX 300m
config *.node[*].appl.intersectionY 300m
config *.node[*].appl.stopDistance 200m
config *.node[*].appl.consensusTimeoutSec 100s
config *.manager.intersectionBatchSize 12
config extends WithChannelSwitching
config *.node[*].applType "\"org.car2x.veins.modules.bftsmart.V2VProxyModule\""
config *.node[0].appl.replicaId 0
config *.node[1].appl.replicaId 1
config *.node[2].appl.replicaId 2
config *.node[3].appl.replicaId 3
config *.node[*].appl.intersectionX 104m
config *.node[*].appl.intersectionY 82m
config *.node[*].appl.stopDistance 50m
config *.node[*].appl.intersectionWidth 15m
config *.node[*].appl.avgSpeed 14mps
config *.node[*].appl.safetyGap 1.5s
config *.node[*].appl.stopSignTimeoutSec 10.0s
config *.node[*].appl.gatewayHost "\"\""
config *.node[*].appl.gatewayPort 0
config *.node[*].appl.carId "\"\""
config *.node[*].appl.direction "\"\""
config *.connectionManager.pMax 20mW
config *.connectionManager.sat -89dBm
config *.connectionManager.alpha 2.0
config *.connectionManager.carrierFrequency "5.890e9 Hz"
config *.node[*].nic.phy80211p.collectCollisionStatistics true
config *.node[*].nic.phy80211p.ccaThreshold -90dBm
config *.node[*].nic.mac1609_4.cwMin 3
config *.node[*].nic.mac1609_4.cwMax 7
config *.**.nic.mac1609_4.useServiceChannel false
config *.node[*].appl.dataOnSch false
config *.rsu[*].appl.dataOnSch false
config *.node[*].nic.mac1609_4.useServiceChannel false
config *.node[0].appl.gatewayHost "\"127.0.0.1\""
config *.node[0].appl.gatewayPort 9001
config *.node[0].appl.carId "\"CAR_0\""
config *.node[0].appl.direction "\"straight\""
config *.node[0].appl.stopDistance 50m
config *.node[0].appl.intersectionX 104m
config *.node[0].appl.intersectionY 82m
config *.node[1].appl.gatewayHost "\"127.0.0.1\""
config *.node[1].appl.gatewayPort 9002
config *.node[1].appl.carId "\"CAR_1\""
config *.node[1].appl.direction "\"right\""
config *.node[1].appl.stopDistance 50m
config *.node[1].appl.intersectionX 104m
config *.node[1].appl.intersectionY 82m
config *.node[2].appl.gatewayHost "\"127.0.0.1\""
config *.node[2].appl.gatewayPort 9003
config *.node[2].appl.carId "\"CAR_2\""
config *.node[2].appl.direction "\"left\""
config *.node[2].appl.stopDistance 50m
config *.node[2].appl.intersectionX 104m
config *.node[2].appl.intersectionY 82m
config *.node[3].appl.gatewayHost "\"127.0.0.1\""
config *.node[3].appl.gatewayPort 9004
config *.node[3].appl.carId "\"CAR_3\""
config *.node[3].appl.direction "\"right\""
config *.node[3].appl.stopDistance 50m
config *.node[3].appl.intersectionX 104m
config *.node[3].appl.intersectionY 82m
config scheduler-class omnetpp::cRealTimeScheduler
config realtimescheduler-scaling 0.1
config cmdenv-express-mode false
config cmdenv-autoflush false
config cmdenv-status-frequency 1s
config **.cmdenv-log-level info
config image-path ../../images
config network fourWay
config debug-on-errors true
config print-undisposed true
config sim-time-limit 50000s
config **.scalar-recording true
config **.vector-recording true
config *.playgroundSizeX 2500m
config *.playgroundSizeY 2500m
config *.playgroundSizeZ 50m
config *.annotations.draw true
config *.obstacles.debug false
config *.manager.updateInterval 0.1s
config *.manager.host "\"localhost\""
config *.manager.port 9999
config *.manager.autoShutdown true
config *.manager.shutdownOnIntersectionBatchCleared true
config *.manager.intersectionDepartureMinMeters 20m
config *.manager.launchConfig "xmldoc(\"osm.launchd.xml\")"
config *.manager.trafficLightModuleType "\"org.car2x.veins.nodes.TrafficLight\""
config *.tls[*].mobility.x 0
config *.tls[*].mobility.y 0
config *.tls[*].mobility.z 5
config *.tls[*].applType "\"org.car2x.veins.modules.application.traci.TraCIDemoTrafficLightApp\""
config *.tls[*].logicType "\"org.car2x.veins.modules.world.traci.trafficLight.logics.TraCITrafficLightSimpleLogic\""
config *.rsu[0].mobility.x 2000
config *.rsu[0].mobility.y 2000
config *.rsu[0].mobility.z 3
config *.rsu[*].applType "\"TraCIDemoRSU11p\""
config *.rsu[*].appl.headerLength "80 bit"
config *.rsu[*].appl.sendBeacons false
config *.rsu[*].appl.dataOnSch false
config *.rsu[*].appl.beaconInterval 1s
config *.rsu[*].appl.beaconUserPriority 7
config *.rsu[*].appl.dataUserPriority 5
config *.rsu[*].nic.phy80211p.antennaOffsetZ "1.5 m"
config *.connectionManager.sendDirect true
config *.connectionManager.maxInterfDist 2600m
config *.connectionManager.drawMaxIntfDist false
config *.connectionManagerName "\"connectionManager\""
config *.**.nic.mac1609_4.useServiceChannel false
config *.**.nic.phy80211p.txPower 20mW
config *.**.nic.mac1609_4.txPower 20mW
config *.**.nic.mac1609_4.bitrate 6Mbps
config *.**.nic.phy80211p.minPowerLevel -110dBm
config *.**.nic.mac1609_4.queueSize 1024
config *.**.nic.phy80211p.useNoiseFloor true
config *.**.nic.phy80211p.noiseFloor -98dBm
config *.**.nic.phy80211p.decider "xmldoc(\"config.xml\")"
config *.**.nic.phy80211p.analogueModels "xmldoc(\"config.xml\")"
config *.**.nic.phy80211p.usePropagationDelay true
config *.**.nic.phy80211p.antenna "xmldoc(\"antenna.xml\", \"/root/Antenna[@id='monopole']\")"
config *.node[*].nic.phy80211p.antennaOffsetY "1.895 m"
config *.node[*].nic.phy80211p.antennaOffsetZ "1.895 m"
config *.node[*].applType "\"src.IntersectionApp\""
config *.node[*].appl.headerLength "80 bit"
config *.node[*].appl.sendBeacons false
config *.node[*].appl.dataOnSch false
config *.node[*].appl.beaconInterval 1s
config *.node[*].nic.phy80211p.connectionManagerName "\"connectionManager\""
config *.node[*].veinsmobility.x 0
config *.node[*].veinsmobility.y 0
config *.node[*].veinsmobility.z 0
config *.node[*].veinsmobility.setHostSpeed false
config *.node[0].veinsmobility.accidentCount 0
config *.node[0].veinsmobility.accidentStart 73s
config *.node[0].veinsmobility.accidentDuration 50s
config *.node[*].appl.ambulanceReplicaId 6

vector 0 fourWay.tls[0].nic.phy80211p RadioState ETV
vector 1 fourWay.tls[0].nic.phy80211p RadioChannel ETV
vector 2 fourWay.node[0].appl bftMsgSent:vector ETV
attr recordingmode vector
attr source bftMsgSent
attr title "BFT messages sent"
vector 3 fourWay.node[0].appl bftMsgReceived:vector ETV
attr recordingmode vector
attr source bftMsgReceived
attr title "BFT messages received"
vector 4 fourWay.node[0].nic.phy80211p RadioState ETV
vector 5 fourWay.node[0].nic.phy80211p RadioChannel ETV
vector 6 fourWay.manager posx ETV
vector 7 fourWay.manager posy ETV
vector 8 fourWay.manager speed ETV
vector 9 fourWay.node[1].appl bftMsgSent:vector ETV
attr recordingmode vector
attr source bftMsgSent
attr title "BFT messages sent"
vector 10 fourWay.node[1].appl bftMsgReceived:vector ETV
attr recordingmode vector
attr source bftMsgReceived
attr title "BFT messages received"
vector 11 fourWay.node[1].nic.phy80211p RadioState ETV
vector 12 fourWay.node[1].nic.phy80211p RadioChannel ETV
vector 13 fourWay.manager posx ETV
vector 14 fourWay.manager posy ETV
vector 15 fourWay.node[2].appl bftMsgSent:vector ETV
attr recordingmode vector
attr source bftMsgSent
attr title "BFT messages sent"
vector 16 fourWay.node[2].appl bftMsgReceived:vector ETV
attr recordingmode vector
attr source bftMsgReceived
attr title "BFT messages received"
vector 17 fourWay.node[2].nic.phy80211p RadioState ETV
vector 18 fourWay.node[2].nic.phy80211p RadioChannel ETV
vector 19 fourWay.manager posx ETV
vector 20 fourWay.manager posy ETV
vector 21 fourWay.node[3].appl bftMsgSent:vector ETV
attr recordingmode vector
attr source bftMsgSent
attr title "BFT messages sent"
vector 22 fourWay.node[3].appl bftMsgReceived:vector ETV
attr recordingmode vector
attr source bftMsgReceived
attr title "BFT messages received"
vector 23 fourWay.node[3].nic.phy80211p RadioState ETV
vector 24 fourWay.node[3].nic.phy80211p RadioChannel ETV
vector 25 fourWay.manager posx ETV
vector 26 fourWay.manager posy ETV
vector 27 fourWay.node[4].appl bftMsgSent:vector ETV
attr recordingmode vector
attr source bftMsgSent
attr title "BFT messages sent"
vector 28 fourWay.node[4].appl bftMsgReceived:vector ETV
attr recordingmode vector
attr source bftMsgReceived
attr title "BFT messages received"
vector 29 fourWay.node[4].nic.phy80211p RadioState ETV
vector 30 fourWay.node[4].nic.phy80211p RadioChannel ETV
vector 31 fourWay.manager posx ETV
vector 32 fourWay.manager posy ETV
vector 33 fourWay.node[5].appl bftMsgSent:vector ETV
attr recordingmode vector
attr source bftMsgSent
attr title "BFT messages sent"
vector 34 fourWay.node[5].appl bftMsgReceived:vector ETV
attr recordingmode vector
attr source bftMsgReceived
attr title "BFT messages received"
vector 35 fourWay.node[5].nic.phy80211p RadioState ETV
vector 36 fourWay.node[5].nic.phy80211p RadioChannel ETV
vector 37 fourWay.manager posx ETV
vector 38 fourWay.manager posy ETV
vector 39 fourWay.node[6].appl bftMsgSent:vector ETV
attr recordingmode vector
attr source bftMsgSent
attr title "BFT messages sent"
vector 40 fourWay.node[6].appl bftMsgReceived:vector ETV
attr recordingmode vector
attr source bftMsgReceived
attr title "BFT messages received"
vector 41 fourWay.node[6].nic.phy80211p RadioState ETV
vector 42 fourWay.node[6].nic.phy80211p RadioChannel ETV
vector 43 fourWay.manager posx ETV
vector 44 fourWay.manager posy ETV
vector 45 fourWay.node[7].appl bftMsgSent:vector ETV
attr recordingmode vector
attr source bftMsgSent
attr title "BFT messages sent"
vector 46 fourWay.node[7].appl bftMsgReceived:vector ETV
attr recordingmode vector
attr source bftMsgReceived
attr title "BFT messages received"
vector 47 fourWay.node[7].nic.phy80211p RadioState ETV
vector 48 fourWay.node[7].nic.phy80211p RadioChannel ETV
vector 49 fourWay.manager posx ETV
vector 50 fourWay.manager posy ETV
vector 51 fourWay.node[8].appl bftMsgSent:vector ETV
attr recordingmode vector
attr source bftMsgSent
attr title "BFT messages sent"
vector 52 fourWay.node[8].appl bftMsgReceived:vector ETV
attr recordingmode vector
attr source bftMsgReceived
attr title "BFT messages received"
vector 53 fourWay.node[8].nic.phy80211p RadioState ETV
vector 54 fourWay.node[8].nic.phy80211p RadioChannel ETV
vector 55 fourWay.manager posx ETV
vector 56 fourWay.manager posy ETV
vector 57 fourWay.node[9].appl bftMsgSent:vector ETV
attr recordingmode vector
attr source bftMsgSent
attr title "BFT messages sent"
vector 58 fourWay.node[9].appl bftMsgReceived:vector ETV
attr recordingmode vector
attr source bftMsgReceived
attr title "BFT messages received"
vector 59 fourWay.node[9].nic.phy80211p RadioState ETV
vector 60 fourWay.node[9].nic.phy80211p RadioChannel ETV
vector 61 fourWay.manager posx ETV
vector 62 fourWay.manager posy ETV
vector 63 fourWay.node[10].appl bftMsgSent:vector ETV
attr recordingmode vector
attr source bftMsgSent
attr title "BFT messages sent"
vector 64 fourWay.node[10].appl bftMsgReceived:vector ETV
attr recordingmode vector
attr source bftMsgReceived
attr title "BFT messages received"
vector 65 fourWay.node[10].nic.phy80211p RadioState ETV
vector 66 fourWay.node[10].nic.phy80211p RadioChannel ETV
vector 67 fourWay.manager posx ETV
vector 68 fourWay.manager posy ETV
vector 69 fourWay.node[11].appl bftMsgSent:vector ETV
attr recordingmode vector
attr source bftMsgSent
attr title "BFT messages sent"
vector 70 fourWay.node[11].appl bftMsgReceived:vector ETV
attr recordingmode vector
attr source bftMsgReceived
attr title "BFT messages received"
vector 71 fourWay.node[11].nic.phy80211p RadioState ETV
vector 72 fourWay.node[11].nic.phy80211p RadioChannel ETV
vector 73 fourWay.manager posx ETV
vector 74 fourWay.manager posy ETV
vector 75 fourWay.manager acceleration ETV
vector 76 fourWay.manager co2emission ETV
vector 77 fourWay.manager speed ETV
vector 78 fourWay.manager speed ETV
vector 79 fourWay.manager speed ETV
vector 80 fourWay.manager speed ETV
vector 81 fourWay.manager speed ETV
vector 82 fourWay.manager speed ETV
vector 83 fourWay.manager speed ETV
vector 84 fourWay.manager speed ETV
vector 85 fourWay.manager speed ETV
vector 86 fourWay.manager speed ETV
vector 87 fourWay.manager speed ETV
vector 88 fourWay.manager acceleration ETV
vector 89 fourWay.manager co2emission ETV
vector 90 fourWay.manager acceleration ETV
vector 91 fourWay.manager co2emission ETV
vector 92 fourWay.manager acceleration ETV
vector 93 fourWay.manager co2emission ETV
vector 94 fourWay.manager acceleration ETV
vector 95 fourWay.manager co2emission ETV
vector 96 fourWay.manager acceleration ETV
vector 97 fourWay.manager co2emission ETV
vector 98 fourWay.manager acceleration ETV
vector 99 fourWay.manager co2emission ETV
vector 100 fourWay.manager acceleration ETV
vector 101 fourWay.manager co2emission ETV
vector 102 fourWay.manager acceleration ETV
vector 103 fourWay.manager co2emission ETV
vector 104 fourWay.manager acceleration ETV
vector 105 fourWay.manager co2emission ETV
vector 106 fourWay.manager acceleration ETV
vector 107 fourWay.manager co2emission ETV
vector 108 fourWay.manager acceleration ETV
vector 109 fourWay.manager co2emission ETV
2	959	0.6	1
2	1701	0.704423441838	2
2	2572	0.825586032407	3
2	2912	0.850726326609	4
2	3247	0.875637641491	5
2	3752	0.900508233655	6
2	4148	0.92575065181	7
2	4786	0.951519547076	8
2	5423	0.975788528665	9
2	6325	1.000995724462	10
2	7080	1.026097673111	11
2	7953	1.050950080316	12
2	8791	1.075488119682	13
2	20977	2.85	14
2	20977	2.85	15
2	20977	2.85	16
2	21220	2.868124501549	17
2	21220	2.868124501549	19
2	22362	2.930364755562	21
2	22362	2.930364755562	23
2	23051	2.95	25
2	24197	2.980040955721	26
2	26870	3.7	28
3	21605	2.906653448663	1
3	21702	2.911853518983	2
3	21787	2.914544518983	3
3	21892	2.917287636283	4
3	21977	2.921005765985	5
3	22082	2.922474942329	6
3	22162	2.926348943975	7
3	22259	2.9278310736	8
3	22340	2.929417074485	9
3	22495	2.933179158591	10
3	22896	2.947945521489	11
3	22963	2.94938853113	12
3	23079	2.950831649594	13
3	23242	2.954175771356	14
3	23335	2.95591797091	15
3	23414	2.957361029725	16
3	23542	2.959252090338	17
3	23632	2.961163204407	18
3	23707	2.963080324695	19
3	23804	2.966408482397	20
3	23896	2.968325557523	21
3	24000	2.972803617903	22
3	24094	2.977255687148	23
3	24150	2.978521748614	24
3	24244	2.981815818934	25
3	24475	2.987157946146	26
3	24549	2.98937398949	27
3	24661	2.990601166361	28
3	24732	2.991828168007	29
3	24817	2.993732305942	30
3	24893	2.996130398927	31
3	24985	2.99803448116	32
3	25079	2.999951540633	33
3	25198	3.001191670258	34
3	25263	3.003095715799	35
3	25360	3.004986827956	36
3	25553	3.007656913571	37
3	25899	3.011716347714	38
3	25960	3.013607373006	39
3	26039	3.015524432481	40
3	26127	3.017747620272	41
3	26204	3.021172728504	42
3	26280	3.022425740716	43
3	26360	3.024342855373	44
3	26443	3.025811860688	45
3	26519	3.031635925479	46
6	2	0.1	323.4
6	25	0.2	323.4
6	51	0.3	323.4
6	319	0.4	323.4
6	631	0.5	323.4
6	960	0.6	323.4
6	1608	0.7	323.4
6	2360	0.8	323.4
6	3663	0.9	323.4
6	6245	1	323.4
6	9707	1.1	323.4
6	13173	1.2	323.4
6	15201	1.3	323.4
6	15873	1.4	323.4
6	16225	1.5	323.4
6	16578	1.6	323.4
6	16937	1.7	323.4
6	17285	1.8	323.4
6	17630	1.9	323.4
6	17975	2	323.4
6	18317	2.1	323.4
6	18665	2.2	323.4
6	19015	2.3	323.4
6	19362	2.4	323.4
6	19709	2.5	323.4
6	20066	2.6	323.4
6	20416	2.7	323.4
6	20770	2.8	323.4
6	21526	2.9	323.4
6	25108	3	323.4
6	26582	3.1	323.4
6	26628	3.2	323.4
6	26674	3.3	323.4
6	26720	3.4	323.4
6	26766	3.5	323.4
6	26812	3.6	323.4
6	26858	3.7	323.4
6	27064	3.8	323.4
6	27106	3.9	323.4
6	27148	4	323.4
6	27190	4.1	323.4
6	27232	4.2	323.4
6	27274	4.3	323.4
6	27316	4.4	323.4
6	27358	4.5	323.4
6	27560	4.6	323.4
6	27598	4.7	323.4
6	27636	4.8	323.4
6	27674	4.9	323.4
6	27712	5	323.4
6	27750	5.1	323.4
6	27788	5.2	323.4
6	27826	5.3	323.4
6	27864	5.4	323.4
6	27902	5.5	323.4
6	28100	5.6	323.4
6	28134	5.7	323.4
6	28168	5.8	323.4
6	28202	5.9	323.4
6	28236	6	323.4
6	28270	6.1	323.4
6	28304	6.2	323.4
6	28338	6.3	323.4
6	28452	6.4	323.4
6	28484	6.5	323.4
6	28516	6.6	323.4
6	28548	6.7	323.4
6	28580	6.8	323.4
6	28612	6.9	323.4
6	28644	7	323.4
6	28676	7.1	323.4
6	28708	7.2	323.4
6	28740	7.3	323.4
6	28852	7.4	323.4
6	28882	7.5	323.4
6	28912	7.6	323.4
6	28942	7.7	323.4
6	28972	7.8	323.4
6	29002	7.9	323.4
6	29032	8	323.4
6	29062	8.1	323.4
6	29252	8.2	323.4
6	29278	8.3	323.4
6	29304	8.4	323.4
6	29330	8.5	323.4
6	29356	8.6	323.4
6	29382	8.7	323.4
6	29408	8.8	323.4
6	29434	8.9	323.4
6	29460	9	323.4
6	29486	9.1	323.4
6	29512	9.2	323.4
6	29538	9.3	323.4
7	2	0.1	305
7	25	0.2	305
7	51	0.3	306.95971383703
7	319	0.4	306.95971383703
7	631	0.5	308.73942767407
7	960	0.6	308.73942767407
7	1608	0.7	310.3391415111
7	2360	0.8	310.3391415111
7	3663	0.9	311.77090683797
7	6245	1	311.77090683797
7	9707	1.1	313.02267216483
7	13173	1.2	313.02267216483
7	15201	1.3	314.09443749169
7	15873	1.4	314.09443749169
7	16225	1.5	314.98620281856
7	16578	1.6	314.98620281856
7	16937	1.7	315.69796814542
7	17285	1.8	315.69796814542
7	17630	1.9	316.22973347228
7	17975	2	316.22973347228
7	18317	2.1	316.58235728503
7	18665	2.2	316.58235728503
7	19015	2.3	316.77743340784
7	19362	2.4	316.77743340784
7	19709	2.5	316.79692065194
7	20066	2.6	316.79692065194
7	20416	2.7	316.79889726701
7	20770	2.8	316.79889726701
7	21526	2.9	316.79899626538
7	25108	3	316.79899626538
7	26582	3.1	316.79899626538
7	26628	3.2	316.79899626538
7	26674	3.3	316.79899626538
7	26720	3.4	316.79899626538
7	26766	3.5	316.79899626538
7	26812	3.6	316.79899626538
7	26858	3.7	316.79899626538
7	27064	3.8	316.79899626538
7	27106	3.9	322.79899626538
7	27148	4	322.79899626538
7	27190	4.1	328.79899626538
7	27232	4.2	328.79899626538
7	27274	4.3	334.79899626538
7	27316	4.4	334.79899626538
7	27358	4.5	340.79899626538
7	27560	4.6	340.79899626538
7	27598	4.7	346.79899626538
7	27636	4.8	346.79899626538
7	27674	4.9	352.79899626538
7	27712	5	352.79899626538
7	27750	5.1	358.79899626538
7	27788	5.2	358.79899626538
7	27826	5.3	364.79899626538
7	27864	5.4	364.79899626538
7	27902	5.5	370.79899626538
7	28100	5.6	370.79899626538
7	28134	5.7	376.79899626538
7	28168	5.8	376.79899626538
7	28202	5.9	382.79899626538
7	28236	6	382.79899626538
7	28270	6.1	388.79899626538
7	28304	6.2	388.79899626538
7	28338	6.3	394.79899626538
7	28452	6.4	394.79899626538
7	28484	6.5	400.79899626538
7	28516	6.6	400.79899626538
7	28548	6.7	406.79899626538
7	28580	6.8	406.79899626538
7	28612	6.9	412.79899626538
7	28644	7	412.79899626538
7	28676	7.1	418.79899626538
7	28708	7.2	418.79899626538
7	28740	7.3	424.79899626538
7	28852	7.4	424.79899626538
7	28882	7.5	430.79899626538
7	28912	7.6	430.79899626538
7	28942	7.7	436.79899626538
7	28972	7.8	436.79899626538
7	29002	7.9	442.79899626538
7	29032	8	442.79899626538
7	29062	8.1	448.79899626538
7	29252	8.2	448.79899626538
7	29278	8.3	454.79899626538
7	29304	8.4	454.79899626538
7	29330	8.5	460.79899626538
7	29356	8.6	460.79899626538
7	29382	8.7	466.79899626538
7	29408	8.8	466.79899626538
7	29434	8.9	472.79899626538
7	29460	9	472.79899626538
7	29486	9.1	478.79899626538
7	29512	9.2	478.79899626538
7	29538	9.3	484.79899626538
8	25	0.2	10.282916666667
8	51	0.3	9.7985691851733
8	319	0.4	9.7985691851733
8	631	0.5	8.8985691851733
8	960	0.6	8.8985691851733
8	1608	0.7	7.9985691851733
8	2360	0.8	7.9985691851733
8	3663	0.9	7.1588266343164
8	6245	1	7.1588266343164
8	9707	1.1	6.2588266343164
8	13173	1.2	6.2588266343164
8	15201	1.3	5.3588266343164
8	15873	1.4	5.3588266343164
8	16225	1.5	4.4588266343164
8	16578	1.6	4.4588266343164
8	16937	1.7	3.5588266343164
8	17285	1.8	3.5588266343164
8	17630	1.9	2.6588266343164
8	17975	2	2.6588266343164
8	18317	2.1	1.7631190637383
8	18665	2.2	1.7631190637383
8	19015	2.3	0.97538061404417
8	19362	2.4	0.97538061404417
8	19709	2.5	0.097436220481931
8	20066	2.6	0.097436220481931
8	20416	2.7	0.0098830753562823
8	20770	2.8	0.0098830753562823
8	21526	2.9	0.00049499188524247
8	25108	3	0.00049499188524247
8	26582	3.1	0
8	26628	3.2	0
8	26674	3.3	0
8	26720	3.4	0
8	26766	3.5	0
8	26812	3.6	0
8	26858	3.7	0
8	27064	3.8	0
8	27106	3.9	30
8	27148	4	30
8	27190	4.1	30
8	27232	4.2	30
8	27274	4.3	30
8	27316	4.4	30
8	27358	4.5	30
8	27560	4.6	30
8	27598	4.7	30
8	27636	4.8	30
8	27674	4.9	30
8	27712	5	30
8	27750	5.1	30
8	27788	5.2	30
8	27826	5.3	30
8	27864	5.4	30
8	27902	5.5	30
8	28100	5.6	30
8	28134	5.7	30
8	28168	5.8	30
8	28202	5.9	30
8	28236	6	30
8	28270	6.1	30
8	28304	6.2	30
8	28338	6.3	30
8	28452	6.4	30
8	28484	6.5	30
8	28516	6.6	30
8	28548	6.7	30
8	28580	6.8	30
8	28612	6.9	30
8	28644	7	30
8	28676	7.1	30
8	28708	7.2	30
8	28740	7.3	30
8	28852	7.4	30
8	28882	7.5	30
8	28912	7.6	30
8	28942	7.7	30
8	28972	7.8	30
8	29002	7.9	30
8	29032	8	30
8	29062	8.1	30
8	29252	8.2	30
8	29278	8.3	30
8	29304	8.4	30
8	29330	8.5	30
8	29356	8.6	30
8	29382	8.7	30
8	29408	8.8	30
8	29434	8.9	30
8	29460	9	30
8	29486	9.1	30
8	29512	9.2	30
8	29538	9.3	30
9	1012	0.600957040486	1
9	2339	0.8	2
9	2908	0.850726285639	3
9	3263	0.875637681732	4
9	3764	0.900508274428	5
9	4160	0.925750692759	6
9	4409	0.929434110326	7
9	4798	0.951519573748	8
9	5431	0.975788548188	9
9	6333	1.000995739566	10
9	7100	1.02609770998	11
9	7965	1.050950109743	12
9	8799	1.075488142999	13
9	21539	2.9	14
9	21651	2.907633054393	15
9	23040	2.95	17
9	23961	2.971265487217	18
9	24339	2.98221631906	20
9	27359	4.5	22
10	21135	2.862517417706	1
10	21252	2.874397417706	2
10	21366	2.886277417706	3
10	21449	2.887543417706	4
10	21698	2.911853488026	5
10	21908	2.917287665596	6
10	21973	2.921005735028	7
10	22094	2.922474972479	8
10	22178	2.926348973288	9
10	22271	2.927831104109	10
10	22352	2.929417104635	11
10	22406	2.931723105442	12
10	22507	2.933179177355	13
10	22610	2.945046189548	14
10	22908	2.947945551998	15
10	22983	2.949388560786	16
10	23083	2.950831661981	17
10	23152	2.952732680551	18
10	23250	2.95417579462	19
10	23343	2.955917979613	20
10	23434	2.957361059381	21
10	23640	2.961163227671	22
10	23703	2.963080293738	23
10	23816	2.966408499415	24
10	23912	2.968325586836	25
10	24012	2.972803648053	26
10	24106	2.977255717657	27
10	24240	2.981815787977	28
10	24350	2.983729849891	29
10	24479	2.987157958533	30
10	24673	2.990601196511	31
10	24748	2.99182819732	32
10	24825	2.993732314645	33
10	24889	2.99613036797	34
10	25005	2.998034510816	35
10	25095	2.999951569946	36
10	25210	3.001191700767	37
10	25271	3.003095739063	38
10	25372	3.004986858106	39
10	25557	3.007656925958	40
10	25911	3.011716378223	41
10	25972	3.01360739177	42
10	26059	3.015524462137	43
10	26135	3.017747628975	44
10	26212	3.021172751768	45
10	26300	3.022425770372	46
10	26372	3.024342872391	47
10	26451	3.025811883952	48
10	26531	3.031635942497	49
13	51	0.3	323.4
13	319	0.4	323.4
13	631	0.5	323.4
13	960	0.6	323.4
13	1608	0.7	323.4
13	2360	0.8	323.4
13	3663	0.9	323.4
13	6245	1	323.4
13	9707	1.1	323.4
13	13173	1.2	323.4
13	15201	1.3	323.4
13	15873	1.4	323.4
13	16225	1.5	323.4
13	16578	1.6	323.4
13	16937	1.7	323.4
13	17285	1.8	323.4
13	17630	1.9	323.4
13	17975	2	323.4
13	18317	2.1	323.4
13	18665	2.2	323.4
13	19015	2.3	323.4
13	19362	2.4	323.4
13	19709	2.5	323.4
13	20066	2.6	323.4
13	20416	2.7	323.4
13	20770	2.8	323.4
13	21526	2.9	323.4
13	25108	3	323.4
13	26582	3.1	323.4
13	26628	3.2	323.4
13	26674	3.3	323.4
13	26720	3.4	323.4
13	26766	3.5	323.4
13	26812	3.6	323.4
13	26858	3.7	323.4
13	27064	3.8	323.4
13	27106	3.9	323.4
13	27148	4	323.4
13	27190	4.1	323.4
13	27232	4.2	323.4
13	27274	4.3	323.4
13	27316	4.4	323.4
13	27358	4.5	323.4
13	27560	4.6	323.4
13	27598	4.7	323.4
13	27636	4.8	323.4
13	27674	4.9	323.4
13	27712	5	323.4
13	27750	5.1	323.4
13	27788	5.2	323.4
13	27826	5.3	323.4
13	27864	5.4	323.4
13	27902	5.5	323.4
13	28100	5.6	323.4
13	28134	5.7	323.4
13	28168	5.8	323.4
13	28202	5.9	323.4
13	28236	6	323.4
13	28270	6.1	323.4
13	28304	6.2	323.4
13	28338	6.3	323.4
13	28452	6.4	323.4
13	28484	6.5	323.4
13	28516	6.6	323.4
13	28548	6.7	323.4
13	28580	6.8	323.4
13	28612	6.9	323.4
13	28644	7	323.4
13	28676	7.1	323.4
13	28708	7.2	323.4
13	28740	7.3	323.4
13	28852	7.4	323.4
13	28882	7.5	323.4
13	28912	7.6	323.4
13	28942	7.7	323.4
13	28972	7.8	323.4
13	29002	7.9	323.4
13	29032	8	323.4
13	29062	8.1	323.4
13	29252	8.2	323.4
13	29278	8.3	323.4
13	29304	8.4	323.4
13	29330	8.5	323.4
13	29356	8.6	323.4
13	29382	8.7	323.4
13	29408	8.8	323.4
13	29434	8.9	323.4
13	29460	9	323.4
13	29486	9.1	323.4
13	29512	9.2	323.4
13	29538	9.3	323.4
14	51	0.3	295
14	319	0.4	295
14	631	0.5	296.60201929289
14	960	0.6	296.60201929289
14	1608	0.7	298.05674587725
14	2360	0.8	298.05674587725
14	3663	0.9	299.39807749585
14	6245	1	299.39807749585
14	9707	1.1	300.64905265003
14	13173	1.2	300.64905265003
14	15201	1.3	301.77068458785
14	15873	1.4	301.77068458785
14	16225	1.5	302.83745041107
14	16578	1.6	302.83745041107
14	16937	1.7	303.7487503877
14	17285	1.8	303.7487503877
14	17630	1.9	304.5657330116
14	17975	2	304.5657330116
14	18317	2.1	305.32374106031
14	18665	2.2	305.32374106031
14	19015	2.3	305.97374120915
14	19362	2.4	305.97374120915
14	19709	2.5	306.54016958351
14	20066	2.6	306.54016958351
14	20416	2.7	307.07289627308
14	20770	2.8	307.07289627308
14	21526	2.9	307.51827545694
14	25108	3	307.51827545694
14	26582	3.1	307.88991493542
14	26628	3.2	307.88991493542
14	26674	3.3	308.21625490382
14	26720	3.4	308.21625490382
14	26766	3.5	308.49749494281
14	26812	3.6	308.49749494281
14	26858	3.7	308.74224111385
14	27064	3.8	308.74224111385
14	27106	3.9	308.94572411855
14	27148	4	308.94572411855
14	27190	4.1	309.22510245401
14	27232	4.2	309.22510245401
14	27274	4.3	309.58308204855
14	27316	4.4	309.58308204855
14	27358	4.5	310.03054537862
14	27560	4.6	310.03054537862
14	27598	4.7	316.03054537862
14	27636	4.8	316.03054537862
14	27674	4.9	322.03054537862
14	27712	5	322.03054537862
14	27750	5.1	328.03054537862
14	27788	5.2	328.03054537862
14	27826	5.3	334.03054537862
14	27864	5.4	334.03054537862
14	27902	5.5	340.03054537862
14	28100	5.6	340.03054537862
14	28134	5.7	346.03054537862
14	28168	5.8	346.03054537862
14	28202	5.9	352.03054537862
14	28236	6	352.03054537862
14	28270	6.1	358.03054537862
14	28304	6.2	358.03054537862
14	28338	6.3	364.03054537862
14	28452	6.4	364.03054537862
14	28484	6.5	370.03054537862
14	28516	6.6	370.03054537862
14	28548	6.7	376.03054537862
14	28580	6.8	376.03054537862
14	28612	6.9	382.03054537862
14	28644	7	382.03054537862
14	28676	7.1	388.03054537862
14	28708	7.2	388.03054537862
14	28740	7.3	394.03054537862
14	28852	7.4	394.03054537862
14	28882	7.5	400.03054537862
14	28912	7.6	400.03054537862
14	28942	7.7	406.03054537862
14	28972	7.8	406.03054537862
14	29002	7.9	412.03054537862
14	29032	8	412.03054537862
14	29062	8.1	418.03054537862
14	29252	8.2	418.03054537862
14	29278	8.3	424.03054537862
14	29304	8.4	424.03054537862
14	29330	8.5	430.03054537862
14	29356	8.6	430.03054537862
14	29382	8.7	436.03054537862
14	29408	8.8	436.03054537862
14	29434	8.9	442.03054537862
14	29460	9	442.03054537862
14	29486	9.1	448.03054537862
14	29512	9.2	448.03054537862
14	29538	9.3	454.03054537862
15	1032	0.600957106214	1
15	2341	0.8	2
15	2588	0.825586119679	3
15	2932	0.850726407974	4
15	3251	0.875637646004	5
15	3744	0.900508223982	6
15	4140	0.925750631055	7
15	4814	0.951519614688	8
15	5447	0.975788598713	9
15	6349	1.000995795625	10
15	7072	1.02609764244	11
15	8779	1.075488032633	12
15	12847	1.179498626441	13
15	21540	2.9	14
15	21656	2.909609796799	15
15	23041	2.95	17
15	23925	2.968500031147	18
15	23963	2.972239791376	20
15	27904	5.5	22
16	21151	2.862517447316	1
16	21268	2.874397447316	2
16	21382	2.886277447316	3
16	21465	2.887543447316	4
16	21629	2.906653501851	5
16	21722	2.911853567918	6
16	21811	2.914544572171	7
16	21904	2.917287648602	8
16	21997	2.92100581492	9
16	22078	2.922474937689	10
16	22174	2.926348956294	11
16	22251	2.92783105826	12
16	22336	2.929417069845	13
16	22422	2.931723135366	14
16	22519	2.933179205403	15
16	22626	2.945046219472	16
16	22888	2.947945506149	17
16	22959	2.949388520115	18
16	23103	2.950831696899	19
16	23168	2.952732710475	20
16	23359	2.955918018261	21
16	23410	2.95736101871	22
16	23512	2.958804088816	23
16	23727	2.96308037363	24
16	23796	2.966408426831	25
16	23908	2.968325569842	26
16	23996	2.972803613263	27
16	24086	2.977255671808	28
16	24174	2.978521801802	29
16	24264	2.981815867869	30
16	24499	2.987157993451	31
16	24573	2.989374042678	32
16	24657	2.990601161721	33
16	24744	2.991828180326	34
16	24841	2.993732353293	35
16	24913	2.996130447862	36
16	24981	2.998034470145	37
16	25091	2.999951552952	38
16	25190	3.001191654918	39
16	25356	3.004986823316	40
16	25577	3.007656960876	41
16	25891	3.011716332374	42
16	25984	3.013607419818	43
16	26035	3.015524421466	44
16	26151	3.017747667623	45
16	26276	3.022425729701	46
16	26352	3.024342799807	47
16	26511	3.031635869913	48
19	51	0.3	295
19	319	0.4	295
19	631	0.5	296.53210424606
19	960	0.6	296.53210424606
19	1608	0.7	298.01882756013
19	2360	0.8	298.01882756013
19	3663	0.9	299.39712877828
19	6245	1	299.39712877828
19	9707	1.1	300.66725846396
19	13173	1.2	300.66725846396
19	15201	1.3	301.79770659564
19	15873	1.4	301.79770659564
19	16225	1.5	302.81927938364
19	16578	1.6	302.81927938364
19	16937	1.7	303.72616999416
19	17285	1.8	303.72616999416
19	17630	1.9	304.58816078312
19	17975	2	304.58816078312
19	18317	2.1	305.30641635936
19	18665	2.2	305.30641635936
19	19015	2.3	305.97551548807
19	19362	2.4	305.97551548807
19	19709	2.5	306.55664486198
19	20066	2.6	306.55664486198
19	20416	2.7	307.03917660541
19	20770	2.8	307.03917660541
19	21526	2.9	307.4933872459
19	25108	3	307.4933872459
19	26582	3.1	307.89368364424
19	26628	3.2	307.89368364424
19	26674	3.3	308.37196892475
19	26720	3.4	308.37196892475
19	26766	3.5	308.93375277284
19	26812	3.6	308.93375277284
19	26858	3.7	309.59590285436
19	27064	3.8	309.59590285436
19	27106	3.9	310.34446519588
19	27148	4	310.34446519588
19	27190	4.1	311.19645360182
19	27232	4.2	311.19645360182
19	27274	4.3	312.11253055914
19	27316	4.4	312.11253055914
19	27358	4.5	313.08712196583
19	27560	4.6	313.08712196583
19	27598	4.7	314.12802140004
19	27636	4.8	314.12802140004
19	27674	4.9	315.01782765686
19	27712	5	315.01782765686
19	27750	5.1	315.72763391368
19	27788	5.2	315.72763391368
19	27826	5.3	316.2574401705
19	27864	5.4	316.2574401705
19	27902	5.5	316.60724642731
19	28100	5.6	316.60724642731
19	28134	5.7	322.60724642731
19	28168	5.8	322.60724642731
19	28202	5.9	328.60724642731
19	28236	6	328.60724642731
19	28270	6.1	334.60724642731
19	28304	6.2	334.60724642731
19	28338	6.3	340.60724642731
19	28452	6.4	340.60724642731
19	28484	6.5	346.60724642731
19	28516	6.6	346.60724642731
19	28548	6.7	352.60724642731
19	28580	6.8	352.60724642731
19	28612	6.9	358.60724642731
19	28644	7	358.60724642731
19	28676	7.1	364.60724642731
19	28708	7.2	364.60724642731
19	28740	7.3	370.60724642731
19	28852	7.4	370.60724642731
19	28882	7.5	376.60724642731
19	28912	7.6	376.60724642731
19	28942	7.7	382.60724642731
19	28972	7.8	382.60724642731
19	29002	7.9	388.60724642731
19	29032	8	388.60724642731
19	29062	8.1	394.60724642731
19	29252	8.2	394.60724642731
19	29278	8.3	400.60724642731
19	29304	8.4	400.60724642731
19	29330	8.5	406.60724642731
19	29356	8.6	406.60724642731
19	29382	8.7	412.60724642731
19	29408	8.8	412.60724642731
19	29434	8.9	418.60724642731
19	29460	9	418.60724642731
19	29486	9.1	424.60724642731
19	29512	9.2	424.60724642731
19	29538	9.3	430.60724642731
20	51	0.3	326.6
20	319	0.4	326.6
20	631	0.5	326.6
20	960	0.6	326.6
20	1608	0.7	326.6
20	2360	0.8	326.6
20	3663	0.9	326.6
20	6245	1	326.6
20	9707	1.1	326.6
20	13173	1.2	326.6
20	15201	1.3	326.6
20	15873	1.4	326.6
20	16225	1.5	326.6
20	16578	1.6	326.6
20	16937	1.7	326.6
20	17285	1.8	326.6
20	17630	1.9	326.6
20	17975	2	326.6
20	18317	2.1	326.6
20	18665	2.2	326.6
20	19015	2.3	326.6
20	19362	2.4	326.6
20	19709	2.5	326.6
20	20066	2.6	326.6
20	20416	2.7	326.6
20	20770	2.8	326.6
20	21526	2.9	326.6
20	25108	3	326.6
20	26582	3.1	326.6
20	26628	3.2	326.6
20	26674	3.3	326.6
20	26720	3.4	326.6
20	26766	3.5	326.6
20	26812	3.6	326.6
20	26858	3.7	326.6
20	27064	3.8	326.6
20	27106	3.9	326.6
20	27148	4	326.6
20	27190	4.1	326.6
20	27232	4.2	326.6
20	27274	4.3	326.6
20	27316	4.4	326.6
20	27358	4.5	326.6
20	27560	4.6	326.6
20	27598	4.7	326.6
20	27636	4.8	326.6
20	27674	4.9	326.6
20	27712	5	326.6
20	27750	5.1	326.6
20	27788	5.2	326.6
20	27826	5.3	326.6
20	27864	5.4	326.6
20	27902	5.5	326.6
20	28100	5.6	326.6
20	28134	5.7	326.6
20	28168	5.8	326.6
20	28202	5.9	326.6
20	28236	6	326.6
20	28270	6.1	326.6
20	28304	6.2	326.6
20	28338	6.3	326.6
20	28452	6.4	326.6
20	28484	6.5	326.6
20	28516	6.6	326.6
20	28548	6.7	326.6
20	28580	6.8	326.6
20	28612	6.9	326.6
20	28644	7	326.6
20	28676	7.1	326.6
20	28708	7.2	326.6
20	28740	7.3	326.6
20	28852	7.4	326.6
20	28882	7.5	326.6
20	28912	7.6	326.6
20	28942	7.7	326.6
20	28972	7.8	326.6
20	29002	7.9	326.6
20	29032	8	326.6
20	29062	8.1	326.6
20	29252	8.2	326.6
20	29278	8.3	326.6
20	29304	8.4	326.6
20	29330	8.5	326.6
20	29356	8.6	326.6
20	29382	8.7	326.6
20	29408	8.8	326.6
20	29434	8.9	326.6
20	29460	9	326.6
20	29486	9.1	326.6
20	29512	9.2	326.6
20	29538	9.3	326.6
21	1044	0.600957135116	1
21	2343	0.8	2
21	2600	0.825586144151	3
21	2936	0.850726428421	4
21	3259	0.875637679633	5
21	3760	0.900508254716	6
21	4152	0.925750657411	7
21	4822	0.951519650822	8
21	5451	0.975788634994	9
21	6353	1.000995831989	10
21	7088	1.026097678998	11
21	7945	1.050950024407	12
21	13523	1.205568719645	13
21	21541	2.9	14
21	21655	2.909124172938	15
21	23042	2.95	17
21	23788	2.966292106524	18
21	24022	2.974771071481	20
21	29065	8.1	22
22	21167	2.862517477809	1
22	21284	2.874397477809	2
22	21398	2.886277477809	3
22	21481	2.887543477809	4
22	21637	2.906653525343	5
22	21730	2.911853586066	6
22	21819	2.914544595663	7
22	21916	2.917287683084	8
22	22005	2.921005833068	9
22	22090	2.922474968509	10
22	22186	2.926348990776	11
22	22263	2.927831083753	12
22	22348	2.929417100665	13
22	22438	2.931723165104	14
22	22531	2.933179239572	15
22	22642	2.94504624921	16
22	22900	2.947945531642	17
22	22979	2.949388555168	18
22	23107	2.950831731426	19
22	23184	2.952732740213	20
22	23234	2.954175745528	21
22	23363	2.955918052984	22
22	23430	2.957361053763	23
22	23624	2.961163178579	24
22	23735	2.963080391778	25
22	23920	2.968325604324	26
22	24008	2.972803644083	27
22	24098	2.977255697301	28
22	24182	2.978521825294	29
22	24272	2.981815886017	30
22	24503	2.987158027978	31
22	24581	2.98937406617	32
22	24669	2.990601192541	33
22	24756	2.991828214808	34
22	24845	2.993732388016	35
22	24921	2.99613046601	36
22	25001	2.998034505198	37
22	25103	2.999951587434	38
22	25202	3.001191680411	39
22	25255	3.003095689971	40
22	25368	3.004986854136	41
22	25581	3.007656995403	42
22	25903	3.011716357867	43
22	25996	3.013607453987	44
22	26055	3.015524456519	45
22	26155	3.017747702346	46
22	26196	3.021172702676	47
22	26296	3.022425764754	48
22	26435	3.02581183486	49
25	51	0.3	285
25	319	0.4	285
25	631	0.5	286.142415704
25	960	0.6	286.142415704
25	1608	0.7	287.30648383015
25	2360	0.8	287.30648383015
25	3663	0.9	288.43718127831
25	6245	1	288.43718127831
25	9707	1.1	289.53276846605
25	13173	1.2	289.53276846605
25	15201	1.3	290.58681527551
25	15873	1.4	290.58681527551
25	16225	1.5	291.53289984161
25	16578	1.6	291.53289984161
25	16937	1.7	292.43079488407
25	17285	1.8	292.43079488407
25	17630	1.9	293.30182881561
25	17975	2	293.30182881561
25	18317	2.1	294.14996539815
25	18665	2.2	294.14996539815
25	19015	2.3	294.89403256805
25	19362	2.4	294.89403256805
25	19709	2.5	295.64078676419
25	20066	2.6	295.64078676419
25	20416	2.7	296.34671241979
25	20770	2.8	296.34671241979
25	21526	2.9	296.98471430449
25	25108	3	296.98471430449
25	26582	3.1	297.57623256648
25	26628	3.2	297.57623256648
25	26674	3.3	298.11416538347
25	26720	3.4	298.11416538347
25	26766	3.5	298.66860752221
25	26812	3.6	298.66860752221
25	26858	3.7	299.25298434086
25	27064	3.8	299.25298434086
25	27106	3.9	299.89685322412
25	27148	4	299.89685322412
25	27190	4.1	300.57218110092
25	27232	4.2	300.57218110092
25	27274	4.3	301.33665484644
25	27316	4.4	301.33665484644
25	27358	4.5	302.11399757564
25	27560	4.6	302.11399757564
25	27598	4.7	302.97453264888
25	27636	4.8	302.97453264888
25	27674	4.9	303.88652130767
25	27712	5	303.88652130767
25	27750	5.1	304.730021739
25	27788	5.2	304.730021739
25	27826	5.3	305.46022946739
25	27864	5.4	305.46022946739
25	27902	5.5	306.13137170941
25	28100	5.6	306.13137170941
25	28134	5.7	306.6744081997
25	28168	5.8	306.6744081997
25	28202	5.9	307.30049087997
25	28236	6	307.30049087997
25	28270	6.1	307.9793572504
25	28304	6.2	307.9793572504
25	28338	6.3	308.71895304055
25	28452	6.4	308.71895304055
25	28484	6.5	309.55444849161
25	28516	6.6	309.55444849161
25	28548	6.7	310.44305349394
25	28580	6.8	310.44305349394
25	28612	6.9	311.41278897539
25	28644	7	311.41278897539
25	28676	7.1	312.45432788884
25	28708	7.2	312.45432788884
25	28740	7.3	313.5976078059
25	28852	7.4	313.5976078059
25	28882	7.5	314.56088772295
25	28912	7.6	314.56088772295
25	28942	7.7	315.34416764001
25	28972	7.8	315.34416764001
25	29002	7.9	315.964934131
25	29032	8	315.964934131
25	29062	8.1	316.41927055825
25	29252	8.2	316.41927055825
25	29278	8.3	322.41927055825
25	29304	8.4	322.41927055825
25	29330	8.5	328.41927055825
25	29356	8.6	328.41927055825
25	29382	8.7	334.41927055825
25	29408	8.8	334.41927055825
25	29434	8.9	340.41927055825
25	29460	9	340.41927055825
25	29486	9.1	346.41927055825
25	29512	9.2	346.41927055825
25	29538	9.3	352.41927055825
26	51	0.3	326.6
26	319	0.4	326.6
26	631	0.5	326.6
26	960	0.6	326.6
26	1608	0.7	326.6
26	2360	0.8	326.6
26	3663	0.9	326.6
26	6245	1	326.6
26	9707	1.1	326.6
26	13173	1.2	326.6
26	15201	1.3	326.6
26	15873	1.4	326.6
26	16225	1.5	326.6
26	16578	1.6	326.6
26	16937	1.7	326.6
26	17285	1.8	326.6
26	17630	1.9	326.6
26	17975	2	326.6
26	18317	2.1	326.6
26	18665	2.2	326.6
26	19015	2.3	326.6
26	19362	2.4	326.6
26	19709	2.5	326.6
26	20066	2.6	326.6
26	20416	2.7	326.6
26	20770	2.8	326.6
26	21526	2.9	326.6
26	25108	3	326.6
26	26582	3.1	326.6
26	26628	3.2	326.6
26	26674	3.3	326.6
26	26720	3.4	326.6
26	26766	3.5	326.6
26	26812	3.6	326.6
26	26858	3.7	326.6
26	27064	3.8	326.6
26	27106	3.9	326.6
26	27148	4	326.6
26	27190	4.1	326.6
26	27232	4.2	326.6
26	27274	4.3	326.6
26	27316	4.4	326.6
26	27358	4.5	326.6
26	27560	4.6	326.6
26	27598	4.7	326.6
26	27636	4.8	326.6
26	27674	4.9	326.6
26	27712	5	326.6
26	27750	5.1	326.6
26	27788	5.2	326.6
26	27826	5.3	326.6
26	27864	5.4	326.6
26	27902	5.5	326.6
26	28100	5.6	326.6
26	28134	5.7	326.6
26	28168	5.8	326.6
26	28202	5.9	326.6
26	28236	6	326.6
26	28270	6.1	326.6
26	28304	6.2	326.6
26	28338	6.3	326.6
26	28452	6.4	326.6
26	28484	6.5	326.6
26	28516	6.6	326.6
26	28548	6.7	326.6
26	28580	6.8	326.6
26	28612	6.9	326.6
26	28644	7	326.6
26	28676	7.1	326.6
26	28708	7.2	326.6
26	28740	7.3	326.6
26	28852	7.4	326.6
26	28882	7.5	326.6
26	28912	7.6	326.6
26	28942	7.7	326.6
26	28972	7.8	326.6
26	29002	7.9	326.6
26	29032	8	326.6
26	29062	8.1	326.6
26	29252	8.2	326.6
26	29278	8.3	326.6
26	29304	8.4	326.6
26	29330	8.5	326.6
26	29356	8.6	326.6
26	29382	8.7	326.6
26	29408	8.8	326.6
26	29434	8.9	326.6
26	29460	9	326.6
26	29486	9.1	326.6
26	29512	9.2	326.6
26	29538	9.3	326.6
27	1020	0.600957075267	1
27	2345	0.8	2
27	2568	0.825586027009	3
27	3267	0.875637716936	4
27	3768	0.900508310507	5
27	4164	0.92575072892	6
27	4810	0.951519603959	7
27	5161	0.956511278511	8
27	5439	0.975788573042	9
27	6341	1.000995760078	10
27	7112	1.026097744531	11
27	7977	1.050950140286	12
27	8811	1.07548816918	13
27	21542	2.9	14
27	21654	2.908621063234	15
27	23043	2.95	17
27	23928	2.969687679695	18
27	24413	2.983841533562	20
27	28342	6.3	22
28	21155	2.862517453455	1
28	21272	2.874397453455	2
28	21386	2.886277453455	3
28	21469	2.887543453455	4
28	21609	2.906653452866	5
28	21791	2.914544523186	6
28	21920	2.917287699868	7
28	22098	2.922475007112	8
28	22190	2.92634900756	9
28	22275	2.927831138936	10
28	22356	2.929417139268	11
28	22426	2.931723140602	12
28	22523	2.933179207178	13
28	22630	2.945046224708	14
28	22912	2.947945586825	15
28	22995	2.949388595372	16
28	23095	2.950831685535	17
28	23172	2.952732715711	18
28	23266	2.954175825527	19
28	23355	2.955917997778	20
28	23446	2.957361093967	21
28	23546	2.959252094541	22
28	23656	2.961163258578	23
28	23832	2.966408524978	24
28	23924	2.968325621108	25
28	24016	2.972803682686	26
28	24110	2.977255752484	27
28	24154	2.978521752817	28
28	24491	2.987157982087	29
28	24553	2.989373993693	30
28	24677	2.990601231144	31
28	24760	2.991828231592	32
28	24837	2.99373233281	33
28	25017	2.998034545402	34
28	25107	2.999951604218	35
28	25214	3.001191735594	36
28	25287	3.00309576997	37
28	25376	3.004986892739	38
28	25569	3.007656949512	39
28	25915	3.01171641305	40
28	25988	3.013607421593	41
28	26071	3.015524496723	42
28	26147	3.01774764714	43
28	26228	3.021172782675	44
28	26312	3.022425804958	45
28	26388	3.024342897954	46
28	26467	3.025811914859	47
28	26547	3.03163596806	48
31	51	0.3	323.4
31	319	0.4	323.4
31	631	0.5	323.4
31	960	0.6	323.4
31	1608	0.7	323.4
31	2360	0.8	323.4
31	3663	0.9	323.4
31	6245	1	323.4
31	9707	1.1	323.4
31	13173	1.2	323.4
31	15201	1.3	323.4
31	15873	1.4	323.4
31	16225	1.5	323.4
31	16578	1.6	323.4
31	16937	1.7	323.4
31	17285	1.8	323.4
31	17630	1.9	323.4
31	17975	2	323.4
31	18317	2.1	323.4
31	18665	2.2	323.4
31	19015	2.3	323.4
31	19362	2.4	323.4
31	19709	2.5	323.4
31	20066	2.6	323.4
31	20416	2.7	323.4
31	20770	2.8	323.4
31	21526	2.9	323.4
31	25108	3	323.4
31	26582	3.1	323.4
31	26628	3.2	323.4
31	26674	3.3	323.4
31	26720	3.4	323.4
31	26766	3.5	323.4
31	26812	3.6	323.4
31	26858	3.7	323.4
31	27064	3.8	323.4
31	27106	3.9	323.4
31	27148	4	323.4
31	27190	4.1	323.4
31	27232	4.2	323.4
31	27274	4.3	323.4
31	27316	4.4	323.4
31	27358	4.5	323.4
31	27560	4.6	323.4
31	27598	4.7	323.4
31	27636	4.8	323.4
31	27674	4.9	323.4
31	27712	5	323.4
31	27750	5.1	323.4
31	27788	5.2	323.4
31	27826	5.3	323.4
31	27864	5.4	323.4
31	27902	5.5	323.4
31	28100	5.6	323.4
31	28134	5.7	323.4
31	28168	5.8	323.4
31	28202	5.9	323.4
31	28236	6	323.4
31	28270	6.1	323.4
31	28304	6.2	323.4
31	28338	6.3	323.4
31	28452	6.4	323.4
31	28484	6.5	323.4
31	28516	6.6	323.4
31	28548	6.7	323.4
31	28580	6.8	323.4
31	28612	6.9	323.4
31	28644	7	323.4
31	28676	7.1	323.4
31	28708	7.2	323.4
31	28740	7.3	323.4
31	28852	7.4	323.4
31	28882	7.5	323.4
31	28912	7.6	323.4
31	28942	7.7	323.4
31	28972	7.8	323.4
31	29002	7.9	323.4
31	29032	8	323.4
31	29062	8.1	323.4
31	29252	8.2	323.4
31	29278	8.3	323.4
31	29304	8.4	323.4
31	29330	8.5	323.4
31	29356	8.6	323.4
31	29382	8.7	323.4
31	29408	8.8	323.4
31	29434	8.9	323.4
31	29460	9	323.4
31	29486	9.1	323.4
31	29512	9.2	323.4
31	29538	9.3	323.4
32	51	0.3	285
32	319	0.4	285
32	631	0.5	286.17499393827
32	960	0.6	286.17499393827
32	1608	0.7	287.39256559933
32	2360	0.8	287.39256559933
32	3663	0.9	288.49906238354
32	6245	1	288.49906238354
32	9707	1.1	289.59143421145
32	13173	1.2	289.59143421145
32	15201	1.3	290.59393088919
32	15873	1.4	290.59393088919
32	16225	1.5	291.55118283911
32	16578	1.6	291.55118283911
32	16937	1.7	292.50157587924
32	17285	1.8	292.50157587924
32	17630	1.9	293.37551381785
32	17975	2	293.37551381785
32	18317	2.1	294.19851412893
32	18665	2.2	294.19851412893
32	19015	2.3	294.94252935733
32	19362	2.4	294.94252935733
32	19709	2.5	295.68189436176
32	20066	2.6	295.68189436176
32	20416	2.7	296.35561452436
32	20770	2.8	296.35561452436
32	21526	2.9	296.97762813862
32	25108	3	296.97762813862
32	26582	3.1	297.58604489858
32	26628	3.2	297.58604489858
32	26674	3.3	298.14602059153
32	26720	3.4	298.14602059153
32	26766	3.5	298.67207003646
32	26812	3.6	298.67207003646
32	26858	3.7	299.16122774811
32	27064	3.8	299.16122774811
32	27106	3.9	299.61365749661
32	27148	4	299.61365749661
32	27190	4.1	300.00237332746
32	27232	4.2	300.00237332746
32	27274	4.3	300.38155190887
32	27316	4.4	300.38155190887
32	27358	4.5	300.75802758531
32	27560	4.6	300.75802758531
32	27598	4.7	301.17321316373
32	27636	4.8	301.17321316373
32	27674	4.9	301.66500905145
32	27712	5	301.66500905145
32	27750	5.1	302.22566927637
32	27788	5.2	302.22566927637
32	27826	5.3	302.8730927112
32	27864	5.4	302.8730927112
32	27902	5.5	303.59725662538
32	28100	5.6	303.59725662538
32	28134	5.7	304.40701346522
32	28168	5.8	304.40701346522
32	28202	5.9	305.31844857496
32	28236	6	305.31844857496
32	28270	6.1	306.32977410922
32	28304	6.2	306.32977410922
32	28338	6.3	307.42024431126
32	28452	6.4	307.42024431126
32	28484	6.5	313.42024431126
32	28516	6.6	313.42024431126
32	28548	6.7	319.42024431126
32	28580	6.8	319.42024431126
32	28612	6.9	325.42024431126
32	28644	7	325.42024431126
32	28676	7.1	331.42024431126
32	28708	7.2	331.42024431126
32	28740	7.3	337.42024431126
32	28852	7.4	337.42024431126
32	28882	7.5	343.42024431126
32	28912	7.6	343.42024431126
32	28942	7.7	349.42024431126
32	28972	7.8	349.42024431126
32	29002	7.9	355.42024431126
32	29032	8	355.42024431126
32	29062	8.1	361.42024431126
32	29252	8.2	361.42024431126
32	29278	8.3	367.42024431126
32	29304	8.4	367.42024431126
32	29330	8.5	373.42024431126
32	29356	8.6	373.42024431126
32	29382	8.7	379.42024431126
32	29408	8.8	379.42024431126
32	29434	8.9	385.42024431126
32	29460	9	385.42024431126
32	29486	9.1	391.42024431126
32	29512	9.2	391.42024431126
32	29538	9.3	397.42024431126
33	1040	0.600957116731	1
33	2347	0.8	2
33	2596	0.825586137352	3
33	2944	0.850726431186	4
33	3724	0.90050813865	5
33	4124	0.925750557259	6
33	4790	0.951519549316	7
33	5419	0.975788521645	8
33	5736	0.979019772111	9
33	6321	1.000995712732	10
33	7084	1.026097677093	11
33	7957	1.050950091771	12
33	8795	1.075488134758	13
33	21543	2.9	14
33	21657	2.909646298863	15
33	23044	2.95	17
33	24023	2.975252822586	18
33	24340	2.982287007519	20
33	26863	3.7	22
34	21147	2.862517444742	1
34	21264	2.874397444742	2
34	21378	2.886277444742	3
34	21461	2.887543444742	4
34	21633	2.906653506491	5
34	21726	2.911853575923	6
34	21815	2.914544576811	7
34	22001	2.921005822925	8
34	22054	2.922474884503	9
34	22235	2.927831016659	10
34	22312	2.929417016659	11
34	22418	2.931723133957	12
34	22499	2.933179158591	13
34	22622	2.945046218063	14
34	22872	2.947945464548	15
34	22967	2.949388531131	16
34	23075	2.950831638699	17
34	23164	2.952732709066	18
34	23246	2.954175782266	19
34	23327	2.955917955233	20
34	23418	2.957361029726	21
34	23636	2.961163215317	22
34	23731	2.963080381635	23
34	23812	2.966408498051	24
34	23972	2.972803560077	25
34	24070	2.977255630207	26
34	24178	2.978521806442	27
34	24268	2.981815875874	28
34	24471	2.987157935251	29
34	24577	2.989374047318	30
34	24633	2.990601108535	31
34	24809	2.993732290265	32
34	24917	2.996130455867	33
34	24989	2.998034481161	34
34	25174	3.001191613317	35
34	25267	3.003095726709	36
34	25332	3.00498677013	37
34	25549	3.007656902676	38
34	25875	3.011716290773	39
34	25964	3.013607373006	40
34	26043	3.015524432482	41
34	26119	3.017747604595	42
34	26208	3.021172739414	43
34	26284	3.022425740717	44
34	26368	3.024342871027	45
34	26447	3.025811871598	46
34	26527	3.031635941133	47
37	51	0.3	326.6
37	319	0.4	326.6
37	631	0.5	326.6
37	960	0.6	326.6
37	1608	0.7	326.6
37	2360	0.8	326.6
37	3663	0.9	326.6
37	6245	1	326.6
37	9707	1.1	326.6
37	13173	1.2	326.6
37	15201	1.3	326.6
37	15873	1.4	326.6
37	16225	1.5	326.6
37	16578	1.6	326.6
37	16937	1.7	326.6
37	17285	1.8	326.6
37	17630	1.9	326.6
37	17975	2	326.6
37	18317	2.1	326.6
37	18665	2.2	326.6
37	19015	2.3	326.6
37	19362	2.4	326.6
37	19709	2.5	326.6
37	20066	2.6	326.6
37	20416	2.7	326.6
37	20770	2.8	326.6
37	21526	2.9	326.6
37	25108	3	326.6
37	26582	3.1	326.6
37	26628	3.2	326.6
37	26674	3.3	326.6
37	26720	3.4	326.6
37	26766	3.5	326.6
37	26812	3.6	326.6
37	26858	3.7	326.6
37	27064	3.8	326.6
37	27106	3.9	326.6
37	27148	4	326.6
37	27190	4.1	326.6
37	27232	4.2	326.6
37	27274	4.3	326.6
37	27316	4.4	326.6
37	27358	4.5	326.6
37	27560	4.6	326.6
37	27598	4.7	326.6
37	27636	4.8	326.6
37	27674	4.9	326.6
37	27712	5	326.6
37	27750	5.1	326.6
37	27788	5.2	326.6
37	27826	5.3	326.6
37	27864	5.4	326.6
37	27902	5.5	326.6
37	28100	5.6	326.6
37	28134	5.7	326.6
37	28168	5.8	326.6
37	28202	5.9	326.6
37	28236	6	326.6
37	28270	6.1	326.6
37	28304	6.2	326.6
37	28338	6.3	326.6
37	28452	6.4	326.6
37	28484	6.5	326.6
37	28516	6.6	326.6
37	28548	6.7	326.6
37	28580	6.8	326.6
37	28612	6.9	326.6
37	28644	7	326.6
37	28676	7.1	326.6
37	28708	7.2	326.6
37	28740	7.3	326.6
37	28852	7.4	326.6
37	28882	7.5	326.6
37	28912	7.6	326.6
37	28942	7.7	326.6
37	28972	7.8	326.6
37	29002	7.9	326.6
37	29032	8	326.6
37	29062	8.1	326.6
37	29252	8.2	326.6
37	29278	8.3	326.6
37	29304	8.4	326.6
37	29330	8.5	326.6
37	29356	8.6	326.6
37	29382	8.7	326.6
37	29408	8.8	326.6
37	29434	8.9	326.6
37	29460	9	326.6
37	29486	9.1	326.6
37	29512	9.2	326.6
37	29538	9.3	326.6
38	51	0.3	345
38	319	0.4	345
38	631	0.5	343.02936884371
38	960	0.6	343.02936884371
38	1608	0.7	341.23873768741
38	2360	0.8	341.23873768741
38	3663	0.9	339.62810653112
38	6245	1	339.62810653112
38	9707	1.1	338.19747537482
38	13173	1.2	338.19747537482
38	15201	1.3	336.94684421853
38	15873	1.4	336.94684421853
38	16225	1.5	335.87621306223
38	16578	1.6	335.87621306223
38	16937	1.7	334.98558190594
38	17285	1.8	334.98558190594
38	17630	1.9	334.27495074965
38	17975	2	334.27495074965
38	18317	2.1	333.74431959335
38	18665	2.2	333.74431959335
38	19015	2.3	333.39368843706
38	19362	2.4	333.39368843706
38	19709	2.5	333.22274577929
38	20066	2.6	333.22274577929
38	20416	2.7	333.20271752638
38	20770	2.8	333.20271752638
38	21526	2.9	333.20104852722
38	25108	3	333.20104852722
38	26582	3.1	333.20100197919
38	26628	3.2	333.20100197919
38	26674	3.3	333.20100197919
38	26720	3.4	333.20100197919
38	26766	3.5	333.20100197919
38	26812	3.6	333.20100197919
38	26858	3.7	333.20100197919
38	27064	3.8	333.20100197919
38	27106	3.9	327.20100197919
38	27148	4	327.20100197919
38	27190	4.1	321.20100197919
38	27232	4.2	321.20100197919
38	27274	4.3	315.20100197919
38	27316	4.4	315.20100197919
38	27358	4.5	309.20100197919
38	27560	4.6	309.20100197919
38	27598	4.7	303.20100197919
38	27636	4.8	303.20100197919
38	27674	4.9	297.20100197919
38	27712	5	297.20100197919
38	27750	5.1	291.20100197919
38	27788	5.2	291.20100197919
38	27826	5.3	285.20100197919
38	27864	5.4	285.20100197919
38	27902	5.5	279.20100197919
38	28100	5.6	279.20100197919
38	28134	5.7	273.20100197919
38	28168	5.8	273.20100197919
38	28202	5.9	267.20100197919
38	28236	6	267.20100197919
38	28270	6.1	261.20100197919
38	28304	6.2	261.20100197919
38	28338	6.3	255.20100197919
38	28452	6.4	255.20100197919
38	28484	6.5	249.20100197919
38	28516	6.6	249.20100197919
38	28548	6.7	243.20100197919
38	28580	6.8	243.20100197919
38	28612	6.9	237.20100197919
38	28644	7	237.20100197919
38	28676	7.1	231.20100197919
38	28708	7.2	231.20100197919
38	28740	7.3	225.20100197919
38	28852	7.4	225.20100197919
38	28882	7.5	219.20100197919
38	28912	7.6	219.20100197919
38	28942	7.7	213.20100197919
38	28972	7.8	213.20100197919
38	29002	7.9	207.20100197919
38	29032	8	207.20100197919
38	29062	8.1	201.20100197919
38	29252	8.2	201.20100197919
38	29278	8.3	195.20100197919
38	29304	8.4	195.20100197919
38	29330	8.5	189.20100197919
38	29356	8.6	189.20100197919
38	29382	8.7	183.20100197919
38	29408	8.8	183.20100197919
38	29434	8.9	177.20100197919
38	29460	9	177.20100197919
38	29486	9.1	171.20100197919
38	29512	9.2	171.20100197919
38	29538	9.3	165.20100197919
39	1052	0.600957150965	1
39	2349	0.8	2
39	2608	0.825586172689	3
39	2948	0.850726466644	4
39	3223	0.875637571524	5
39	4120	0.92575052076	6
39	4806	0.951519582147	7
39	5427	0.975788548072	8
39	5900	0.980274152601	9
39	6329	1.000995733797	10
39	7092	1.026097701379	11
39	7961	1.050950109679	12
39	8803	1.075488148639	13
39	21544	2.9	14
39	21650	2.907433467426	15
39	23045	2.95	17
39	23871	2.968040714657	18
39	24341	2.982552812744	20
39	27364	4.5	22
40	21163	2.862517475555	1
40	21280	2.874397475555	2
40	21394	2.886277475555	3
40	21477	2.887543475555	4
40	21645	2.906653536695	5
40	21738	2.911853606488	6
40	21827	2.914544607015	7
40	21880	2.917287607824	8
40	22013	2.92100585349	9
40	22150	2.926348915516	10
40	22231	2.927830985646	11
40	22434	2.931723163324	12
40	22515	2.933179188303	13
40	22638	2.94504624743	14
40	22868	2.947945433535	15
40	22975	2.949388549937	16
40	23087	2.950831662025	17
40	23180	2.952732738433	18
40	23254	2.954175794674	19
40	23339	2.955917972248	20
40	23426	2.957361048532	21
40	23644	2.961163227725	22
40	23743	2.9630804122	23
40	23820	2.966408506797	24
40	23884	2.968325529064	25
40	24066	2.977255599194	26
40	24190	2.978521836646	27
40	24280	2.981815906439	28
40	24483	2.987157958577	29
40	24589	2.989374077522	30
40	24720	2.991828139548	31
40	24821	2.99373230728	32
40	24929	2.996130486432	33
40	24997	2.998034499967	34
40	25067	2.999951512174	35
40	25170	3.001191582304	36
40	25275	3.003095739117	37
40	25561	3.007656926002	38
40	25871	3.01171625976	39
40	25980	3.013607402718	40
40	26051	3.015524451288	41
40	26131	3.01774762161	42
40	26216	3.021172751822	43
40	26292	3.022425759523	44
40	26376	3.024342879773	45
40	26455	3.025811884006	46
40	26535	3.031635949879	47
43	51	0.3	326.6
43	319	0.4	326.6
43	631	0.5	326.6
43	960	0.6	326.6
43	1608	0.7	326.6
43	2360	0.8	326.6
43	3663	0.9	326.6
43	6245	1	326.6
43	9707	1.1	326.6
43	13173	1.2	326.6
43	15201	1.3	326.6
43	15873	1.4	326.6
43	16225	1.5	326.6
43	16578	1.6	326.6
43	16937	1.7	326.6
43	17285	1.8	326.6
43	17630	1.9	326.6
43	17975	2	326.6
43	18317	2.1	326.6
43	18665	2.2	326.6
43	19015	2.3	326.6
43	19362	2.4	326.6
43	19709	2.5	326.6
43	20066	2.6	326.6
43	20416	2.7	326.6
43	20770	2.8	326.6
43	21526	2.9	326.6
43	25108	3	326.6
43	26582	3.1	326.6
43	26628	3.2	326.6
43	26674	3.3	326.6
43	26720	3.4	326.6
43	26766	3.5	326.6
43	26812	3.6	326.6
43	26858	3.7	326.6
43	27064	3.8	326.6
43	27106	3.9	326.6
43	27148	4	326.6
43	27190	4.1	326.6
43	27232	4.2	326.6
43	27274	4.3	326.6
43	27316	4.4	326.6
43	27358	4.5	326.6
43	27560	4.6	326.6
43	27598	4.7	326.6
43	27636	4.8	326.6
43	27674	4.9	326.6
43	27712	5	326.6
43	27750	5.1	326.6
43	27788	5.2	326.6
43	27826	5.3	326.6
43	27864	5.4	326.6
43	27902	5.5	326.6
43	28100	5.6	326.6
43	28134	5.7	326.6
43	28168	5.8	326.6
43	28202	5.9	326.6
43	28236	6	326.6
43	28270	6.1	326.6
43	28304	6.2	326.6
43	28338	6.3	326.6
43	28452	6.4	326.6
43	28484	6.5	326.6
43	28516	6.6	326.6
43	28548	6.7	326.6
43	28580	6.8	326.6
43	28612	6.9	326.6
43	28644	7	326.6
43	28676	7.1	326.6
43	28708	7.2	326.6
43	28740	7.3	326.6
43	28852	7.4	326.6
43	28882	7.5	326.6
43	28912	7.6	326.6
43	28942	7.7	326.6
43	28972	7.8	326.6
43	29002	7.9	326.6
43	29032	8	326.6
43	29062	8.1	326.6
43	29252	8.2	326.6
43	29278	8.3	326.6
43	29304	8.4	326.6
43	29330	8.5	326.6
43	29356	8.6	326.6
43	29382	8.7	326.6
43	29408	8.8	326.6
43	29434	8.9	326.6
43	29460	9	326.6
43	29486	9.1	326.6
43	29512	9.2	326.6
43	29538	9.3	326.6
44	51	0.3	355
44	319	0.4	355
44	631	0.5	353.4546861307
44	960	0.6	353.4546861307
44	1608	0.7	351.94330450686
44	2360	0.8	351.94330450686
44	3663	0.9	350.56998423982
44	6245	1	350.56998423982
44	9707	1.1	349.3365039036
44	13173	1.2	349.3365039036
44	15201	1.3	348.18211979731
44	15873	1.4	348.18211979731
44	16225	1.5	347.12619174156
44	16578	1.6	347.12619174156
44	16937	1.7	346.20504108228
44	17285	1.8	346.20504108228
44	17630	1.9	345.3742079111
44	17975	2	345.3742079111
44	18317	2.1	344.64749435836
44	18665	2.2	344.64749435836
44	19015	2.3	344.00158035032
44	19362	2.4	344.00158035032
44	19709	2.5	343.44301725585
44	20066	2.6	343.44301725585
44	20416	2.7	342.94947524843
44	20770	2.8	342.94947524843
44	21526	2.9	342.49865423758
44	25108	3	342.49865423758
44	26582	3.1	342.12238741625
44	26628	3.2	342.12238741625
44	26674	3.3	341.80248013207
44	26720	3.4	341.80248013207
44	26766	3.5	341.51717558808
44	26812	3.6	341.51717558808
44	26858	3.7	341.27863581862
44	27064	3.8	341.27863581862
44	27106	3.9	341.08840800143
44	27148	4	341.08840800143
44	27190	4.1	340.79879763174
44	27232	4.2	340.79879763174
44	27274	4.3	340.42266936758
44	27316	4.4	340.42266936758
44	27358	4.5	339.95272491398
44	27560	4.6	339.95272491398
44	27598	4.7	333.95272491398
44	27636	4.8	333.95272491398
44	27674	4.9	327.95272491398
44	27712	5	327.95272491398
44	27750	5.1	321.95272491398
44	27788	5.2	321.95272491398
44	27826	5.3	315.95272491398
44	27864	5.4	315.95272491398
44	27902	5.5	309.95272491398
44	28100	5.6	309.95272491398
44	28134	5.7	303.95272491398
44	28168	5.8	303.95272491398
44	28202	5.9	297.95272491398
44	28236	6	297.95272491398
44	28270	6.1	291.95272491398
44	28304	6.2	291.95272491398
44	28338	6.3	285.95272491398
44	28452	6.4	285.95272491398
44	28484	6.5	279.95272491398
44	28516	6.6	279.95272491398
44	28548	6.7	273.95272491398
44	28580	6.8	273.95272491398
44	28612	6.9	267.95272491398
44	28644	7	267.95272491398
44	28676	7.1	261.95272491398
44	28708	7.2	261.95272491398
44	28740	7.3	255.95272491398
44	28852	7.4	255.95272491398
44	28882	7.5	249.95272491398
44	28912	7.6	249.95272491398
44	28942	7.7	243.95272491398
44	28972	7.8	243.95272491398
44	29002	7.9	237.95272491398
44	29032	8	237.95272491398
44	29062	8.1	231.95272491398
44	29252	8.2	231.95272491398
44	29278	8.3	225.95272491398
44	29304	8.4	225.95272491398
44	29330	8.5	219.95272491398
44	29356	8.6	219.95272491398
44	29382	8.7	213.95272491398
44	29408	8.8	213.95272491398
44	29434	8.9	207.95272491398
44	29460	9	207.95272491398
44	29486	9.1	201.95272491398
44	29512	9.2	201.95272491398
44	29538	9.3	195.95272491398
45	1056	0.600957185408	1
45	2351	0.8	2
45	2612	0.825586208367	3
45	2952	0.850726502392	4
45	3231	0.875637607451	5
45	3728	0.900508138671	6
45	4818	0.951519616846	7
45	5443	0.97578857873	8
45	6345	1.000995760088	9
45	6412	1.00218178575	10
45	7104	1.026097731734	11
45	7973	1.050950134663	12
45	8815	1.075488169245	13
45	21545	2.9	14
45	21687	2.910577144974	15
45	23046	2.95	17
45	24018	2.973175105503	18
45	24416	2.984338292999	20
45	28747	7.3	22
46	21175	2.862517510404	1
46	21292	2.874397510404	2
46	21406	2.886277510404	3
46	21489	2.887543510404	4
46	21649	2.906653571234	5
46	21742	2.911853641221	6
46	21831	2.914544641554	7
46	21900	2.917287642889	8
46	22017	2.921005888223	9
46	22058	2.922474888555	10
46	22170	2.926348950581	11
46	22316	2.929417020711	12
46	22446	2.931723197504	13
46	22527	2.933179222796	14
46	22650	2.94504628161	15
46	22991	2.949388579682	16
46	23099	2.95083169286	17
46	23192	2.952732772613	18
46	23262	2.954175818154	19
46	23351	2.955917997705	20
46	23442	2.957361078277	21
46	23652	2.961163251205	22
46	23747	2.963080446933	23
46	23828	2.96640852495	24
46	23904	2.968325564129	25
46	23976	2.972803564129	26
46	24194	2.978521871185	27
46	24284	2.981815941172	28
46	24495	2.987157989412	29
46	24593	2.989374112061	30
46	24637	2.990601112587	31
46	24740	2.991828174613	32
46	24833	2.993732332737	33
46	24933	2.996130521165	34
46	25013	2.998034529712	35
46	25087	2.999951547239	36
46	25283	3.003095762597	37
46	25336	3.004986774182	38
46	25573	3.007656956837	39
46	25992	3.013607437211	40
46	26067	3.015524481033	41
46	26143	3.017747647067	42
46	26224	3.021172775302	43
46	26308	3.022425789268	44
46	26384	3.024342897926	45
46	26463	3.025811907486	46
46	26543	3.031635968032	47
49	51	0.3	326.6
49	319	0.4	326.6
49	631	0.5	326.6
49	960	0.6	326.6
49	1608	0.7	326.6
49	2360	0.8	326.6
49	3663	0.9	326.6
49	6245	1	326.6
49	9707	1.1	326.6
49	13173	1.2	326.6
49	15201	1.3	326.6
49	15873	1.4	326.6
49	16225	1.5	326.6
49	16578	1.6	326.6
49	16937	1.7	326.6
49	17285	1.8	326.6
49	17630	1.9	326.6
49	17975	2	326.6
49	18317	2.1	326.6
49	18665	2.2	326.6
49	19015	2.3	326.6
49	19362	2.4	326.6
49	19709	2.5	326.6
49	20066	2.6	326.6
49	20416	2.7	326.6
49	20770	2.8	326.6
49	21526	2.9	326.6
49	25108	3	326.6
49	26582	3.1	326.6
49	26628	3.2	326.6
49	26674	3.3	326.6
49	26720	3.4	326.6
49	26766	3.5	326.6
49	26812	3.6	326.6
49	26858	3.7	326.6
49	27064	3.8	326.6
49	27106	3.9	326.6
49	27148	4	326.6
49	27190	4.1	326.6
49	27232	4.2	326.6
49	27274	4.3	326.6
49	27316	4.4	326.6
49	27358	4.5	326.6
49	27560	4.6	326.6
49	27598	4.7	326.6
49	27636	4.8	326.6
49	27674	4.9	326.6
49	27712	5	326.6
49	27750	5.1	326.6
49	27788	5.2	326.6
49	27826	5.3	326.6
49	27864	5.4	326.6
49	27902	5.5	326.6
49	28100	5.6	326.6
49	28134	5.7	326.6
49	28168	5.8	326.6
49	28202	5.9	326.6
49	28236	6	326.6
49	28270	6.1	326.6
49	28304	6.2	326.6
49	28338	6.3	326.6
49	28452	6.4	326.6
49	28484	6.5	326.6
49	28516	6.6	326.6
49	28548	6.7	326.6
49	28580	6.8	326.6
49	28612	6.9	326.6
49	28644	7	326.6
49	28676	7.1	326.6
49	28708	7.2	326.6
49	28740	7.3	326.6
49	28852	7.4	326.6
49	28882	7.5	326.6
49	28912	7.6	326.6
49	28942	7.7	326.6
49	28972	7.8	326.6
49	29002	7.9	326.6
49	29032	8	326.6
49	29062	8.1	326.6
49	29252	8.2	326.6
49	29278	8.3	326.6
49	29304	8.4	326.6
49	29330	8.5	326.6
49	29356	8.6	326.6
49	29382	8.7	326.6
49	29408	8.8	326.6
49	29434	8.9	326.6
49	29460	9	326.6
49	29486	9.1	326.6
49	29512	9.2	326.6
49	29538	9.3	326.6
50	51	0.3	365
50	319	0.4	365
50	631	0.5	363.88211534045
50	960	0.6	363.88211534045
50	1608	0.7	362.71394848277
50	2360	0.8	362.71394848277
50	3663	0.9	361.51824380993
50	6245	1	361.51824380993
50	9707	1.1	360.43959487621
50	13173	1.2	360.43959487621
50	15201	1.3	359.41045807285
50	15873	1.4	359.41045807285
50	16225	1.5	358.44519092672
50	16578	1.6	358.44519092672
50	16937	1.7	357.48612485201
50	17285	1.8	357.48612485201
50	17630	1.9	356.64294730127
50	17975	2	356.64294730127
50	18317	2.1	355.83116470518
50	18665	2.2	355.83116470518
50	19015	2.3	355.06375147273
50	19362	2.4	355.06375147273
50	19709	2.5	354.33133310071
50	20066	2.6	354.33133310071
50	20416	2.7	353.65792113807
50	20770	2.8	353.65792113807
50	21526	2.9	353.01079694728
50	25108	3	353.01079694728
50	26582	3.1	352.4082446303
50	26628	3.2	352.4082446303
50	26674	3.3	351.86501337414
50	26720	3.4	351.86501337414
50	26766	3.5	351.35211261623
50	26812	3.6	351.35211261623
50	26858	3.7	350.85911356242
50	27064	3.8	350.85911356242
50	27106	3.9	350.43706268509
50	27148	4	350.43706268509
50	27190	4.1	350.02354262958
50	27232	4.2	350.02354262958
50	27274	4.3	349.63533380657
50	27316	4.4	349.63533380657
50	27358	4.5	349.22059593847
50	27560	4.6	349.22059593847
50	27598	4.7	348.80190160884
50	27636	4.8	348.80190160884
50	27674	4.9	348.32481637317
50	27712	5	348.32481637317
50	27750	5.1	347.79016180937
50	27788	5.2	347.79016180937
50	27826	5.3	347.1978382117
50	27864	5.4	347.1978382117
50	27902	5.5	346.54954602974
50	28100	5.6	346.54954602974
50	28134	5.7	345.81087885936
50	28168	5.8	345.81087885936
50	28202	5.9	345.01168257368
50	28236	6	345.01168257368
50	28270	6.1	344.15751409507
50	28304	6.2	344.15751409507
50	28338	6.3	343.22532779576
50	28452	6.4	343.22532779576
50	28484	6.5	342.22108686913
50	28516	6.6	342.22108686913
50	28548	6.7	341.15553606568
50	28580	6.8	341.15553606568
50	28612	6.9	340.0288241117
50	28644	7	340.0288241117
50	28676	7.1	338.84670034198
50	28708	7.2	338.84670034198
50	28740	7.3	337.61177957899
50	28852	7.4	337.61177957899
50	28882	7.5	331.61177957899
50	28912	7.6	331.61177957899
50	28942	7.7	325.61177957899
50	28972	7.8	325.61177957899
50	29002	7.9	319.61177957899
50	29032	8	319.61177957899
50	29062	8.1	313.61177957899
50	29252	8.2	313.61177957899
50	29278	8.3	307.61177957899
50	29304	8.4	307.61177957899
50	29330	8.5	301.61177957899
50	29356	8.6	301.61177957899
50	29382	8.7	295.61177957899
50	29408	8.8	295.61177957899
50	29434	8.9	289.61177957899
50	29460	9	289.61177957899
50	29486	9.1	283.61177957899
50	29512	9.2	283.61177957899
50	29538	9.3	277.61177957899
51	1028	0.600957083597	1
51	2353	0.8	2
51	2580	0.825586093789	3
51	2920	0.850726381619	4
51	3235	0.87563761428	5
51	3740	0.900508206059	6
51	4136	0.925750622847	7
51	5411	0.975788462689	8
51	6313	1.000995659878	9
51	7096	1.026097706739	10
51	7969	1.050950124297	11
51	8807	1.075488168657	12
51	11100	1.130008424913	13
51	21546	2.9	14
51	21652	2.90816154525	15
51	23047	2.95	17
51	23960	2.971253800267	18
51	24231	2.98110530188	20
51	25128	3	22
52	21139	2.862517427318	1
52	21256	2.874397427318	2
52	21370	2.886277427318	3
52	21453	2.887543427318	4
52	21617	2.906653478523	5
52	21706	2.911853543506	6
52	21799	2.914544548843	7
52	21884	2.917287618864	8
52	21981	2.921005790508	9
52	22070	2.922474925255	10
52	22154	2.926348926556	11
52	22247	2.927831056839	12
52	22328	2.929417057411	13
52	22410	2.931723116538	14
52	22614	2.945046200644	15
52	22884	2.947945504728	16
52	22971	2.94938854855	17
52	23063	2.950831608841	18
52	23156	2.952732691647	19
52	23258	2.95417579934	20
52	23323	2.955917930733	21
52	23422	2.957361047145	22
52	23648	2.961163232391	23
52	23711	2.963080349218	24
52	23824	2.966408514812	25
52	23888	2.968325540104	26
52	23988	2.972803600829	27
52	24082	2.977255670387	28
52	24162	2.978521778474	29
52	24248	2.981815843457	30
52	24459	2.987157905393	31
52	24561	2.98937401935	32
52	24649	2.990601149287	33
52	24724	2.991828150588	34
52	24805	2.993732265765	35
52	24897	2.99613042345	36
52	24993	2.99803449858	37
52	25071	2.999951523214	38
52	25186	3.001191653497	39
52	25279	3.003095743783	40
52	25348	3.004986810882	41
52	25537	3.007656872818	42
52	25887	3.011716330953	43
52	26047	3.015524449901	44
52	26115	3.017747580095	45
52	26220	3.021172756488	46
52	26288	3.022425758136	47
52	26380	3.024342887788	48
52	26459	3.025811888672	49
52	26539	3.031635957894	50
55	51	0.3	345
55	319	0.4	345
55	631	0.5	343.07202587852
55	960	0.6	343.07202587852
55	1608	0.7	341.29681726586
55	2360	0.8	341.29681726586
55	3663	0.9	339.70160865321
55	6245	1	339.70160865321
55	9707	1.1	338.28640004055
55	13173	1.2	338.28640004055
55	15201	1.3	337.02598153648
55	15873	1.4	337.02598153648
55	16225	1.5	335.94556303241
55	16578	1.6	335.94556303241
55	16937	1.7	335.04514452833
55	17285	1.8	335.04514452833
55	17630	1.9	334.31833280626
55	17975	2	334.31833280626
55	18317	2.1	333.77152108419
55	18665	2.2	333.77152108419
55	19015	2.3	333.40470936212
55	19362	2.4	333.40470936212
55	19709	2.5	333.21789764005
55	20066	2.6	333.21789764005
55	20416	2.7	333.20124618498
55	20770	2.8	333.20124618498
55	21526	2.9	333.20101383047
55	25108	3	333.20101383047
55	26582	3.1	327.20101383047
55	26628	3.2	327.20101383047
55	26674	3.3	321.20101383047
55	26720	3.4	321.20101383047
55	26766	3.5	315.20101383047
55	26812	3.6	315.20101383047
55	26858	3.7	309.20101383047
55	27064	3.8	309.20101383047
55	27106	3.9	303.20101383047
55	27148	4	303.20101383047
55	27190	4.1	297.20101383047
55	27232	4.2	297.20101383047
55	27274	4.3	291.20101383047
55	27316	4.4	291.20101383047
55	27358	4.5	285.20101383047
55	27560	4.6	285.20101383047
55	27598	4.7	279.20101383047
55	27636	4.8	279.20101383047
55	27674	4.9	273.20101383047
55	27712	5	273.20101383047
55	27750	5.1	267.20101383047
55	27788	5.2	267.20101383047
55	27826	5.3	261.20101383047
55	27864	5.4	261.20101383047
55	27902	5.5	255.20101383047
55	28100	5.6	255.20101383047
55	28134	5.7	249.20101383047
55	28168	5.8	249.20101383047
55	28202	5.9	243.20101383047
55	28236	6	243.20101383047
55	28270	6.1	237.20101383047
55	28304	6.2	237.20101383047
55	28338	6.3	231.20101383047
55	28452	6.4	231.20101383047
55	28484	6.5	225.20101383047
55	28516	6.6	225.20101383047
55	28548	6.7	219.20101383047
55	28580	6.8	219.20101383047
55	28612	6.9	213.20101383047
55	28644	7	213.20101383047
55	28676	7.1	207.20101383047
55	28708	7.2	207.20101383047
55	28740	7.3	201.20101383047
55	28852	7.4	201.20101383047
55	28882	7.5	195.20101383047
55	28912	7.6	195.20101383047
55	28942	7.7	189.20101383047
55	28972	7.8	189.20101383047
55	29002	7.9	183.20101383047
55	29032	8	183.20101383047
55	29062	8.1	177.20101383047
55	29252	8.2	177.20101383047
55	29278	8.3	171.20101383047
55	29304	8.4	171.20101383047
55	29330	8.5	165.20101383047
55	29356	8.6	165.20101383047
55	29382	8.7	159.20101383047
55	29408	8.8	159.20101383047
55	29434	8.9	153.20101383047
55	29460	9	153.20101383047
55	29486	9.1	147.20101383047
55	29512	9.2	147.20101383047
55	29538	9.3	141.20101383047
56	51	0.3	323.4
56	319	0.4	323.4
56	631	0.5	323.4
56	960	0.6	323.4
56	1608	0.7	323.4
56	2360	0.8	323.4
56	3663	0.9	323.4
56	6245	1	323.4
56	9707	1.1	323.4
56	13173	1.2	323.4
56	15201	1.3	323.4
56	15873	1.4	323.4
56	16225	1.5	323.4
56	16578	1.6	323.4
56	16937	1.7	323.4
56	17285	1.8	323.4
56	17630	1.9	323.4
56	17975	2	323.4
56	18317	2.1	323.4
56	18665	2.2	323.4
56	19015	2.3	323.4
56	19362	2.4	323.4
56	19709	2.5	323.4
56	20066	2.6	323.4
56	20416	2.7	323.4
56	20770	2.8	323.4
56	21526	2.9	323.4
56	25108	3	323.4
56	26582	3.1	323.4
56	26628	3.2	323.4
56	26674	3.3	323.4
56	26720	3.4	323.4
56	26766	3.5	323.4
56	26812	3.6	323.4
56	26858	3.7	323.4
56	27064	3.8	323.4
56	27106	3.9	323.4
56	27148	4	323.4
56	27190	4.1	323.4
56	27232	4.2	323.4
56	27274	4.3	323.4
56	27316	4.4	323.4
56	27358	4.5	323.4
56	27560	4.6	323.4
56	27598	4.7	323.4
56	27636	4.8	323.4
56	27674	4.9	323.4
56	27712	5	323.4
56	27750	5.1	323.4
56	27788	5.2	323.4
56	27826	5.3	323.4
56	27864	5.4	323.4
56	27902	5.5	323.4
56	28100	5.6	323.4
56	28134	5.7	323.4
56	28168	5.8	323.4
56	28202	5.9	323.4
56	28236	6	323.4
56	28270	6.1	323.4
56	28304	6.2	323.4
56	28338	6.3	323.4
56	28452	6.4	323.4
56	28484	6.5	323.4
56	28516	6.6	323.4
56	28548	6.7	323.4
56	28580	6.8	323.4
56	28612	6.9	323.4
56	28644	7	323.4
56	28676	7.1	323.4
56	28708	7.2	323.4
56	28740	7.3	323.4
56	28852	7.4	323.4
56	28882	7.5	323.4
56	28912	7.6	323.4
56	28942	7.7	323.4
56	28972	7.8	323.4
56	29002	7.9	323.4
56	29032	8	323.4
56	29062	8.1	323.4
56	29252	8.2	323.4
56	29278	8.3	323.4
56	29304	8.4	323.4
56	29330	8.5	323.4
56	29356	8.6	323.4
56	29382	8.7	323.4
56	29408	8.8	323.4
56	29434	8.9	323.4
56	29460	9	323.4
56	29486	9.1	323.4
56	29512	9.2	323.4
56	29538	9.3	323.4
57	1036	0.600957114743	1
57	2355	0.8	2
57	2592	0.825586119743	3
57	2928	0.850726402685	4
57	3243	0.875637638182	5
57	3748	0.90050822406	6
57	4144	0.925750636807	7
57	4778	0.951519514765	8
57	6309	1.000995623353	9
57	7108	1.026097742534	10
57	7981	1.050950160398	11
57	8819	1.075488204905	12
57	10138	1.103893175457	13
57	21547	2.9	14
57	21596	2.906626102997	15
57	23048	2.95	17
57	23872	2.968282622084	18
57	23872	2.968282622084	20
57	27911	5.5	22
58	21159	2.862517458452	1
58	21276	2.874397458452	2
58	21390	2.886277458452	3
58	21473	2.887543458452	4
58	21625	2.906653501814	5
58	21718	2.911853560528	6
58	21807	2.914544572134	7
58	21896	2.917287637637	8
58	21993	2.92100580753	9
58	22074	2.922474937642	10
58	22166	2.926348945329	11
58	22255	2.927831065568	12
58	22332	2.929417069798	13
58	22430	2.931723146206	14
58	22491	2.933179147506	15
58	22634	2.945046230312	16
58	22892	2.947945513457	17
58	22987	2.949388577873	18
58	23176	2.952732721315	19
58	23270	2.954175829501	20
58	23319	2.955917899765	21
58	23438	2.957361076468	22
58	23660	2.961163262552	23
58	23723	2.96308036624	24
58	23836	2.966408545331	25
58	23900	2.968325558877	26
58	23992	2.972803613216	27
58	24090	2.977255679116	28
58	24170	2.978521801765	29
58	24260	2.981815860479	30
58	24381	2.983745874425	31
58	24569	2.989374042641	32
58	24653	2.990601161674	33
58	24736	2.991828169361	34
58	24801	2.993732234797	35
58	24909	2.996130440472	36
58	25009	2.998034527903	37
58	25083	2.999951541987	38
58	25194	3.001191662226	39
58	25291	3.003095773944	40
58	25352	3.004986823269	41
58	25471	3.00621384185	42
58	25895	3.011716339682	43
58	25956	3.013607361921	44
58	26063	3.015524479224	45
58	26111	3.017747549127	46
58	26232	3.021172786649	47
58	26304	3.022425787459	48
58	26392	3.024342918307	49
58	26471	3.025811918833	50
58	26551	3.031635988413	51
61	51	0.3	355
61	319	0.4	355
61	631	0.5	353.44760854882
61	960	0.6	353.44760854882
61	1608	0.7	351.99691186971
61	2360	0.8	351.99691186971
61	3663	0.9	350.6514553056
61	6245	1	350.6514553056
61	9707	1.1	349.42135501026
61	13173	1.2	349.42135501026
61	15201	1.3	348.28320892481
61	15873	1.4	348.28320892481
61	16225	1.5	347.24096690967
61	16578	1.6	347.24096690967
61	16937	1.7	346.31428249222
61	17285	1.8	346.31428249222
61	17630	1.9	345.45776212298
61	17975	2	345.45776212298
61	18317	2.1	344.72109753008
61	18665	2.2	344.72109753008
61	19015	2.3	344.05114844341
61	19362	2.4	344.05114844341
61	19709	2.5	343.47602288552
61	20066	2.6	343.47602288552
61	20416	2.7	342.93562726794
61	20770	2.8	342.93562726794
61	21526	2.9	342.48506918683
61	25108	3	342.48506918683
61	26582	3.1	342.1185119166
61	26628	3.2	342.1185119166
61	26674	3.3	341.65232659134
61	26720	3.4	341.65232659134
61	26766	3.5	341.12907237851
61	26812	3.6	341.12907237851
61	26858	3.7	340.52578810664
61	27064	3.8	340.52578810664
61	27106	3.9	339.84200879526
61	27148	4	339.84200879526
61	27190	4.1	339.1061996095
61	27232	4.2	339.1061996095
61	27274	4.3	338.27483645844
61	27316	4.4	338.27483645844
61	27358	4.5	337.37636057808
61	27560	4.6	337.37636057808
61	27598	4.7	336.38223714969
61	27636	4.8	336.38223714969
61	27674	4.9	335.4441913498
61	27712	5	335.4441913498
61	27750	5.1	334.6373807326
61	27788	5.2	334.6373807326
61	27826	5.3	334.0105701154
61	27864	5.4	334.0105701154
61	27902	5.5	333.5637594982
61	28100	5.6	333.5637594982
61	28134	5.7	327.5637594982
61	28168	5.8	327.5637594982
61	28202	5.9	321.5637594982
61	28236	6	321.5637594982
61	28270	6.1	315.5637594982
61	28304	6.2	315.5637594982
61	28338	6.3	309.5637594982
61	28452	6.4	309.5637594982
61	28484	6.5	303.5637594982
61	28516	6.6	303.5637594982
61	28548	6.7	297.5637594982
61	28580	6.8	297.5637594982
61	28612	6.9	291.5637594982
61	28644	7	291.5637594982
61	28676	7.1	285.5637594982
61	28708	7.2	285.5637594982
61	28740	7.3	279.5637594982
61	28852	7.4	279.5637594982
61	28882	7.5	273.5637594982
61	28912	7.6	273.5637594982
61	28942	7.7	267.5637594982
61	28972	7.8	267.5637594982
61	29002	7.9	261.5637594982
61	29032	8	261.5637594982
61	29062	8.1	255.5637594982
61	29252	8.2	255.5637594982
61	29278	8.3	249.5637594982
61	29304	8.4	249.5637594982
61	29330	8.5	243.5637594982
61	29356	8.6	243.5637594982
61	29382	8.7	237.5637594982
61	29408	8.8	237.5637594982
61	29434	8.9	231.5637594982
61	29460	9	231.5637594982
61	29486	9.1	225.5637594982
61	29512	9.2	225.5637594982
61	29538	9.3	219.5637594982
62	51	0.3	323.4
62	319	0.4	323.4
62	631	0.5	323.4
62	960	0.6	323.4
62	1608	0.7	323.4
62	2360	0.8	323.4
62	3663	0.9	323.4
62	6245	1	323.4
62	9707	1.1	323.4
62	13173	1.2	323.4
62	15201	1.3	323.4
62	15873	1.4	323.4
62	16225	1.5	323.4
62	16578	1.6	323.4
62	16937	1.7	323.4
62	17285	1.8	323.4
62	17630	1.9	323.4
62	17975	2	323.4
62	18317	2.1	323.4
62	18665	2.2	323.4
62	19015	2.3	323.4
62	19362	2.4	323.4
62	19709	2.5	323.4
62	20066	2.6	323.4
62	20416	2.7	323.4
62	20770	2.8	323.4
62	21526	2.9	323.4
62	25108	3	323.4
62	26582	3.1	323.4
62	26628	3.2	323.4
62	26674	3.3	323.4
62	26720	3.4	323.4
62	26766	3.5	323.4
62	26812	3.6	323.4
62	26858	3.7	323.4
62	27064	3.8	323.4
62	27106	3.9	323.4
62	27148	4	323.4
62	27190	4.1	323.4
62	27232	4.2	323.4
62	27274	4.3	323.4
62	27316	4.4	323.4
62	27358	4.5	323.4
62	27560	4.6	323.4
62	27598	4.7	323.4
62	27636	4.8	323.4
62	27674	4.9	323.4
62	27712	5	323.4
62	27750	5.1	323.4
62	27788	5.2	323.4
62	27826	5.3	323.4
62	27864	5.4	323.4
62	27902	5.5	323.4
62	28100	5.6	323.4
62	28134	5.7	323.4
62	28168	5.8	323.4
62	28202	5.9	323.4
62	28236	6	323.4
62	28270	6.1	323.4
62	28304	6.2	323.4
62	28338	6.3	323.4
62	28452	6.4	323.4
62	28484	6.5	323.4
62	28516	6.6	323.4
62	28548	6.7	323.4
62	28580	6.8	323.4
62	28612	6.9	323.4
62	28644	7	323.4
62	28676	7.1	323.4
62	28708	7.2	323.4
62	28740	7.3	323.4
62	28852	7.4	323.4
62	28882	7.5	323.4
62	28912	7.6	323.4
62	28942	7.7	323.4
62	28972	7.8	323.4
62	29002	7.9	323.4
62	29032	8	323.4
62	29062	8.1	323.4
62	29252	8.2	323.4
62	29278	8.3	323.4
62	29304	8.4	323.4
62	29330	8.5	323.4
62	29356	8.6	323.4
62	29382	8.7	323.4
62	29408	8.8	323.4
62	29434	8.9	323.4
62	29460	9	323.4
62	29486	9.1	323.4
62	29512	9.2	323.4
62	29538	9.3	323.4
63	1048	0.600957147561	1
63	2357	0.8	2
63	2604	0.825586149504	3
63	2940	0.850726428435	4
63	3255	0.875637667494	5
63	3756	0.900508249043	6
63	4156	0.925750657423	7
63	4794	0.951519551212	8
63	5407	0.975788462611	9
63	7116	1.026097778558	10
63	7985	1.050950196568	11
63	8823	1.075488241158	12
63	10911	1.128551384827	13
63	21548	2.9	14
63	21777	2.913555015649	15
63	23049	2.95	17
63	23785	2.965658146508	18
63	24052	2.975515824048	20
63	29072	8.1	22
64	21171	2.862517493909	1
64	21288	2.874397493909	2
64	21402	2.886277493909	3
64	21485	2.887543493909	4
64	21641	2.906653532951	5
64	21734	2.911853586276	6
64	21823	2.914544603271	7
64	21912	2.917287667676	8
64	22009	2.921005833278	9
64	22086	2.92247496137	10
64	22182	2.926348975368	11
64	22267	2.927831083918	12
64	22344	2.929417093526	13
64	22442	2.931723181027	14
64	22511	2.933179182903	15
64	22646	2.945046265133	16
64	22904	2.947945531807	17
64	22999	2.949388612379	18
64	23067	2.95083161327	19
64	23188	2.952732756136	20
64	23274	2.954175864368	21
64	23450	2.957361110974	22
64	23664	2.961163297419	23
64	23739	2.963080391988	24
64	23840	2.966408580394	25
64	23916	2.968325588916	26
64	24004	2.972803636944	27
64	24102	2.977255697466	28
64	24186	2.978521832902	29
64	24276	2.981815886227	30
64	24463	2.987157909822	31
64	24585	2.989374073778	32
64	24665	2.990601185402	33
64	24752	2.9918281994	34
64	24925	2.99613046622	35
64	25021	2.998034562409	36
64	25099	2.999951572026	37
64	25206	3.001191680576	38
64	25295	3.003095808811	39
64	25364	3.004986846997	40
64	25541	3.007656877247	41
64	25907	3.011716358032	42
64	25976	3.013607397318	43
64	26075	3.01552451373	44
64	26236	3.021172821516	45
64	26316	3.022425821965	46
64	26396	3.02434295337	47
64	26475	3.0258119537	48
64	26555	3.031636023476	49
67	51	0.3	365
67	319	0.4	365
67	631	0.5	363.86093109651
67	960	0.6	363.86093109651
67	1608	0.7	362.68434271556
67	2360	0.8	362.68434271556
67	3663	0.9	361.57792187301
67	6245	1	361.57792187301
67	9707	1.1	360.49779435699
67	13173	1.2	360.49779435699
67	15201	1.3	359.50847162479
67	15873	1.4	359.50847162479
67	16225	1.5	358.55098874606
67	16578	1.6	358.55098874606
67	16937	1.7	357.60373832986
67	17285	1.8	357.60373832986
67	17630	1.9	356.72871017692
67	17975	2	356.72871017692
67	18317	2.1	355.89656488579
67	18665	2.2	355.89656488579
67	19015	2.3	355.14222512271
67	19362	2.4	355.14222512271
67	19709	2.5	354.41510466015
67	20066	2.6	354.41510466015
67	20416	2.7	353.73429166876
67	20770	2.8	353.73429166876
67	21526	2.9	353.09678590238
67	25108	3	353.09678590238
67	26582	3.1	352.48736944381
67	26628	3.2	352.48736944381
67	26674	3.3	351.95785410677
67	26720	3.4	351.95785410677
67	26766	3.5	351.3842595272
67	26812	3.6	351.3842595272
67	26858	3.7	350.79869833844
67	27064	3.8	350.79869833844
67	27106	3.9	350.16354547088
67	27148	4	350.16354547088
67	27190	4.1	349.50148451239
67	27232	4.2	349.50148451239
67	27274	4.3	348.84260538778
67	27316	4.4	348.84260538778
67	27358	4.5	348.08603089549
67	27560	4.6	348.08603089549
67	27598	4.7	347.31121983695
67	27636	4.8	347.31121983695
67	27674	4.9	346.47027354686
67	27712	5	346.47027354686
67	27750	5.1	345.64994849928
67	27788	5.2	345.64994849928
67	27826	5.3	344.87005245077
67	27864	5.4	344.87005245077
67	27902	5.5	344.16435043188
67	28100	5.6	344.16435043188
67	28134	5.7	343.56072498751
67	28168	5.8	343.56072498751
67	28202	5.9	342.85544278869
67	28236	6	342.85544278869
67	28270	6.1	342.08133784929
67	28304	6.2	342.08133784929
67	28338	6.3	341.21563886835
67	28452	6.4	341.21563886835
67	28484	6.5	340.27871218201
67	28516	6.6	340.27871218201
67	28548	6.7	339.27287689129
67	28580	6.8	339.27287689129
67	28612	6.9	338.18157261716
67	28644	7	338.18157261716
67	28676	7.1	337.02695224608
67	28708	7.2	337.02695224608
67	28740	7.3	335.94385345026
67	28852	7.4	335.94385345026
67	28882	7.5	335.04075465443
67	28912	7.6	335.04075465443
67	28942	7.7	334.31765585861
67	28972	7.8	334.31765585861
67	29002	7.9	333.77455706279
67	29032	8	333.77455706279
67	29062	8.1	333.41145826697
67	29252	8.2	333.41145826697
67	29278	8.3	327.41145826697
67	29304	8.4	327.41145826697
67	29330	8.5	321.41145826697
67	29356	8.6	321.41145826697
67	29382	8.7	315.41145826697
67	29408	8.8	315.41145826697
67	29434	8.9	309.41145826697
67	29460	9	309.41145826697
67	29486	9.1	303.41145826697
67	29512	9.2	303.41145826697
68	51	0.3	323.4
68	319	0.4	323.4
68	631	0.5	323.4
68	960	0.6	323.4
68	1608	0.7	323.4
68	2360	0.8	323.4
68	3663	0.9	323.4
68	6245	1	323.4
68	9707	1.1	323.4
68	13173	1.2	323.4
68	15201	1.3	323.4
68	15873	1.4	323.4
68	16225	1.5	323.4
68	16578	1.6	323.4
68	16937	1.7	323.4
68	17285	1.8	323.4
68	17630	1.9	323.4
68	17975	2	323.4
68	18317	2.1	323.4
68	18665	2.2	323.4
68	19015	2.3	323.4
68	19362	2.4	323.4
68	19709	2.5	323.4
68	20066	2.6	323.4
68	20416	2.7	323.4
68	20770	2.8	323.4
68	21526	2.9	323.4
68	25108	3	323.4
68	26582	3.1	323.4
68	26628	3.2	323.4
68	26674	3.3	323.4
68	26720	3.4	323.4
68	26766	3.5	323.4
68	26812	3.6	323.4
68	26858	3.7	323.4
68	27064	3.8	323.4
68	27106	3.9	323.4
68	27148	4	323.4
68	27190	4.1	323.4
68	27232	4.2	323.4
68	27274	4.3	323.4
68	27316	4.4	323.4
68	27358	4.5	323.4
68	27560	4.6	323.4
68	27598	4.7	323.4
68	27636	4.8	323.4
68	27674	4.9	323.4
68	27712	5	323.4
68	27750	5.1	323.4
68	27788	5.2	323.4
68	27826	5.3	323.4
68	27864	5.4	323.4
68	27902	5.5	323.4
68	28100	5.6	323.4
68	28134	5.7	323.4
68	28168	5.8	323.4
68	28202	5.9	323.4
68	28236	6	323.4
68	28270	6.1	323.4
68	28304	6.2	323.4
68	28338	6.3	323.4
68	28452	6.4	323.4
68	28484	6.5	323.4
68	28516	6.6	323.4
68	28548	6.7	323.4
68	28580	6.8	323.4
68	28612	6.9	323.4
68	28644	7	323.4
68	28676	7.1	323.4
68	28708	7.2	323.4
68	28740	7.3	323.4
68	28852	7.4	323.4
68	28882	7.5	323.4
68	28912	7.6	323.4
68	28942	7.7	323.4
68	28972	7.8	323.4
68	29002	7.9	323.4
68	29032	8	323.4
68	29062	8.1	323.4
68	29252	8.2	323.4
68	29278	8.3	323.4
68	29304	8.4	323.4
68	29330	8.5	323.4
68	29356	8.6	323.4
68	29382	8.7	323.4
68	29408	8.8	323.4
68	29434	8.9	323.4
68	29460	9	323.4
68	29486	9.1	323.4
68	29512	9.2	323.4
69	1024	0.600957081853	1
69	2359	0.8	2
69	2584	0.825586101564	3
69	2924	0.850726393652	4
69	3239	0.875637614297	5
69	3736	0.90050819753	6
69	4132	0.925750609974	7
69	4802	0.951519578978	8
69	5435	0.975788562697	9
69	6337	1.000995759463	10
69	7941	1.050950024288	11
69	8783	1.075488069072	12
69	11344	1.13135683081	13
69	21549	2.9	14
69	21658	2.910016688091	15
69	23050	2.95	17
69	23868	2.966984369984	18
69	24021	2.974374981885	20
69	25131	3	22
70	21143	2.862517427325	1
70	21260	2.874397427325	2
70	21374	2.886277427325	3
70	21457	2.887543427325	4
70	21621	2.906653489416	5
70	21714	2.911853559162	6
70	21803	2.914544559736	7
70	21888	2.917287618866	8
70	21989	2.921005806164	9
70	22066	2.922474914351	10
70	22158	2.926348926558	11
70	22239	2.927831041187	12
70	22324	2.929417046507	13
70	22414	2.931723116539	14
70	22503	2.933179176012	15
70	22618	2.945046200645	16
70	22876	2.947945489076	17
70	23091	2.95083166667	18
70	23160	2.952732691648	19
70	23230	2.954175741514	20
70	23347	2.955917987671	21
70	23620	2.961163174565	22
70	23719	2.963080364874	23
70	23800	2.96640845787	24
70	23892	2.968325540106	25
70	23984	2.972803589925	26
70	24074	2.977255654735	27
70	24166	2.978521789367	28
70	24256	2.981815859113	29
70	24487	2.987157963222	30
70	24565	2.989374030243	31
70	24645	2.990601138383	32
70	24728	2.99182815059	33
70	24829	2.993732322703	34
70	24905	2.996130439106	35
70	25075	2.999951523216	36
70	25178	3.001191637845	37
70	25251	3.003095685957	38
70	25344	3.004986799978	39
70	25565	3.007656930647	40
70	25879	3.011716315301	41
70	25968	3.013607390427	42
70	26139	3.017747637033	43
70	26192	3.021172698662	44
70	26356	3.024342830846	45
70	26431	3.025811830846	46
70	26515	3.031635900952	47
73	51	0.3	305
73	319	0.4	305
73	631	0.5	306.94881750639
73	960	0.6	306.94881750639
73	1608	0.7	308.71763501279
73	2360	0.8	308.71763501279
73	3663	0.9	310.32113837876
73	6245	1	310.32113837876
73	9707	1.1	311.74464174472
73	13173	1.2	311.74464174472
73	15201	1.3	312.98814511069
73	15873	1.4	312.98814511069
73	16225	1.5	314.0578746766
73	16578	1.6	314.0578746766
73	16937	1.7	314.94760424252
73	17285	1.8	314.94760424252
73	17630	1.9	315.65733380843
73	17975	2	315.65733380843
73	18317	2.1	316.18706337434
73	18665	2.2	316.18706337434
73	19015	2.3	316.53679294026
73	19362	2.4	316.53679294026
73	19709	2.5	316.73602792425
73	20066	2.6	316.73602792425
73	20416	2.7	316.79270720489
73	20770	2.8	316.79270720489
73	21526	2.9	316.79852798736
73	25108	3	316.79852798736
73	26582	3.1	322.79852798736
73	26628	3.2	322.79852798736
73	26674	3.3	328.79852798736
73	26720	3.4	328.79852798736
73	26766	3.5	334.79852798736
73	26812	3.6	334.79852798736
73	26858	3.7	340.79852798736
73	27064	3.8	340.79852798736
73	27106	3.9	346.79852798736
73	27148	4	346.79852798736
73	27190	4.1	352.79852798736
73	27232	4.2	352.79852798736
73	27274	4.3	358.79852798736
73	27316	4.4	358.79852798736
73	27358	4.5	364.79852798736
73	27560	4.6	364.79852798736
73	27598	4.7	370.79852798736
73	27636	4.8	370.79852798736
73	27674	4.9	376.79852798736
73	27712	5	376.79852798736
73	27750	5.1	382.79852798736
73	27788	5.2	382.79852798736
73	27826	5.3	388.79852798736
73	27864	5.4	388.79852798736
73	27902	5.5	394.79852798736
73	28100	5.6	394.79852798736
73	28134	5.7	400.79852798736
73	28168	5.8	400.79852798736
73	28202	5.9	406.79852798736
73	28236	6	406.79852798736
73	28270	6.1	412.79852798736
73	28304	6.2	412.79852798736
73	28338	6.3	418.79852798736
73	28452	6.4	418.79852798736
73	28484	6.5	424.79852798736
73	28516	6.6	424.79852798736
73	28548	6.7	430.79852798736
73	28580	6.8	430.79852798736
73	28612	6.9	436.79852798736
73	28644	7	436.79852798736
73	28676	7.1	442.79852798736
73	28708	7.2	442.79852798736
73	28740	7.3	448.79852798736
73	28852	7.4	448.79852798736
73	28882	7.5	454.79852798736
73	28912	7.6	454.79852798736
73	28942	7.7	460.79852798736
73	28972	7.8	460.79852798736
73	29002	7.9	466.79852798736
73	29032	8	466.79852798736
73	29062	8.1	472.79852798736
73	29252	8.2	472.79852798736
73	29278	8.3	478.79852798736
73	29304	8.4	478.79852798736
73	29330	8.5	484.79852798736
73	29356	8.6	484.79852798736
73	29382	8.7	490.79852798736
73	29408	8.8	490.79852798736
73	29434	8.9	496.79852798736
73	29460	9	496.79852798736
73	29486	9.1	502.79852798736
73	29512	9.2	502.79852798736
74	51	0.3	326.6
74	319	0.4	326.6
74	631	0.5	326.6
74	960	0.6	326.6
74	1608	0.7	326.6
74	2360	0.8	326.6
74	3663	0.9	326.6
74	6245	1	326.6
74	9707	1.1	326.6
74	13173	1.2	326.6
74	15201	1.3	326.6
74	15873	1.4	326.6
74	16225	1.5	326.6
74	16578	1.6	326.6
74	16937	1.7	326.6
74	17285	1.8	326.6
74	17630	1.9	326.6
74	17975	2	326.6
74	18317	2.1	326.6
74	18665	2.2	326.6
74	19015	2.3	326.6
74	19362	2.4	326.6
74	19709	2.5	326.6
74	20066	2.6	326.6
74	20416	2.7	326.6
74	20770	2.8	326.6
74	21526	2.9	326.6
74	25108	3	326.6
74	26582	3.1	326.6
74	26628	3.2	326.6
74	26674	3.3	326.6
74	26720	3.4	326.6
74	26766	3.5	326.6
74	26812	3.6	326.6
74	26858	3.7	326.6
74	27064	3.8	326.6
74	27106	3.9	326.6
74	27148	4	326.6
74	27190	4.1	326.6
74	27232	4.2	326.6
74	27274	4.3	326.6
74	27316	4.4	326.6
74	27358	4.5	326.6
74	27560	4.6	326.6
74	27598	4.7	326.6
74	27636	4.8	326.6
74	27674	4.9	326.6
74	27712	5	326.6
74	27750	5.1	326.6
74	27788	5.2	326.6
74	27826	5.3	326.6
74	27864	5.4	326.6
74	27902	5.5	326.6
74	28100	5.6	326.6
74	28134	5.7	326.6
74	28168	5.8	326.6
74	28202	5.9	326.6
74	28236	6	326.6
74	28270	6.1	326.6
74	28304	6.2	326.6
74	28338	6.3	326.6
74	28452	6.4	326.6
74	28484	6.5	326.6
74	28516	6.6	326.6
74	28548	6.7	326.6
74	28580	6.8	326.6
74	28612	6.9	326.6
74	28644	7	326.6
74	28676	7.1	326.6
74	28708	7.2	326.6
74	28740	7.3	326.6
74	28852	7.4	326.6
74	28882	7.5	326.6
74	28912	7.6	326.6
74	28942	7.7	326.6
74	28972	7.8	326.6
74	29002	7.9	326.6
74	29032	8	326.6
74	29062	8.1	326.6
74	29252	8.2	326.6
74	29278	8.3	326.6
74	29304	8.4	326.6
74	29330	8.5	326.6
74	29356	8.6	326.6
74	29382	8.7	326.6
74	29408	8.8	326.6
74	29434	8.9	326.6
74	29460	9	326.6
74	29486	9.1	326.6
74	29512	9.2	326.6
75	51	0.3	-4.8434748149336
75	319	0.4	0
75	631	0.5	-9
75	960	0.6	0
75	1608	0.7	-9
75	2360	0.8	0
75	3663	0.9	-8.3974255085687
75	6245	1	0
75	9707	1.1	-9
75	13173	1.2	0
75	15201	1.3	-9
75	15873	1.4	0
75	16225	1.5	-9
75	16578	1.6	0
75	16937	1.7	-9
75	17285	1.8	0
75	17630	1.9	-9
75	17975	2	0
75	18317	2.1	-8.9570757057817
75	18665	2.2	0
75	19015	2.3	-7.877384496941
75	19362	2.4	0
75	19709	2.5	-8.7794439356224
75	20066	2.6	0
75	20416	2.7	-0.87553145125649
75	20770	2.8	0
75	21526	2.9	-0.093880834710398
75	25108	3	0
75	26582	3.1	-0.0049499188524247
75	26628	3.2	0
75	26674	3.3	0
75	26720	3.4	0
75	26766	3.5	0
75	26812	3.6	0
75	26858	3.7	0
75	27064	3.8	0
75	27106	3.9	300
75	27148	4	0
75	27190	4.1	0
75	27232	4.2	0
75	27274	4.3	0
75	27316	4.4	0
75	27358	4.5	0
75	27560	4.6	0
75	27598	4.7	0
75	27636	4.8	0
75	27674	4.9	0
75	27712	5	0
75	27750	5.1	0
75	27788	5.2	0
75	27826	5.3	0
75	27864	5.4	0
75	27902	5.5	0
75	28100	5.6	0
75	28134	5.7	0
75	28168	5.8	0
75	28202	5.9	0
75	28236	6	0
75	28270	6.1	0
75	28304	6.2	0
75	28338	6.3	0
75	28452	6.4	0
75	28484	6.5	0
75	28516	6.6	0
75	28548	6.7	0
75	28580	6.8	0
75	28612	6.9	0
75	28644	7	0
75	28676	7.1	0
75	28708	7.2	0
75	28740	7.3	0
75	28852	7.4	0
75	28882	7.5	0
75	28912	7.6	0
75	28942	7.7	0
75	28972	7.8	0
75	29002	7.9	0
75	29032	8	0
75	29062	8.1	0
75	29252	8.2	0
75	29278	8.3	0
75	29304	8.4	0
75	29330	8.5	0
75	29356	8.6	0
75	29382	8.7	0
75	29408	8.8	0
75	29434	8.9	0
75	29460	9	0
75	29486	9.1	0
75	29512	9.2	0
75	29538	9.3	0
76	51	0.3	0.973
76	319	0.4	1.6695911630199
76	631	0.5	0.973
76	960	0.6	1.6043598199593
76	1608	0.7	0.973
76	2360	0.8	1.5431235905937
76	3663	0.9	0.973
76	6245	1	1.4892338772563
76	9707	1.1	0.973
76	13173	1.2	1.4345749234041
76	15201	1.3	0.973
76	15873	1.4	1.3827259408495
76	16225	1.5	0.973
76	16578	1.6	1.3332828643715
76	16937	1.7	0.973
76	17285	1.8	1.285841628749
76	17630	1.9	0.973
76	17975	2	1.2399981687609
76	18317	2.1	0.973
76	18665	2.2	1.1955591749303
76	19015	2.3	0.973
76	19362	2.4	1.1571380833655
76	19709	2.5	0.973
76	20066	2.6	1.1147004087304
76	20416	2.7	0.973
76	20770	2.8	1.1104767596444
76	21526	2.9	1.110012679078
76	25108	3	1.1100238784086
76	26582	3.1	0.973
76	26628	3.2	0.973
76	26674	3.3	0.973
76	26720	3.4	0.973
76	26766	3.5	0.973
76	26812	3.6	0.973
76	26858	3.7	0.973
76	27064	3.8	0.973
76	27106	3.9	2174.05142976
76	27148	4	5.05142976
76	27190	4.1	5.05142976
76	27232	4.2	5.05142976
76	27274	4.3	5.05142976
76	27316	4.4	5.05142976
76	27358	4.5	5.05142976
76	27560	4.6	5.05142976
76	27598	4.7	5.05142976
76	27636	4.8	5.05142976
76	27674	4.9	5.05142976
76	27712	5	5.05142976
76	27750	5.1	5.05142976
76	27788	5.2	5.05142976
76	27826	5.3	5.05142976
76	27864	5.4	5.05142976
76	27902	5.5	5.05142976
76	28100	5.6	5.05142976
76	28134	5.7	5.05142976
76	28168	5.8	5.05142976
76	28202	5.9	5.05142976
76	28236	6	5.05142976
76	28270	6.1	5.05142976
76	28304	6.2	5.05142976
76	28338	6.3	5.05142976
76	28452	6.4	5.05142976
76	28484	6.5	5.05142976
76	28516	6.6	5.05142976
76	28548	6.7	5.05142976
76	28580	6.8	5.05142976
76	28612	6.9	5.05142976
76	28644	7	5.05142976
76	28676	7.1	5.05142976
76	28708	7.2	5.05142976
76	28740	7.3	5.05142976
76	28852	7.4	5.05142976
76	28882	7.5	5.05142976
76	28912	7.6	5.05142976
76	28942	7.7	5.05142976
76	28972	7.8	5.05142976
76	29002	7.9	5.05142976
76	29032	8	5.05142976
76	29062	8.1	5.05142976
76	29252	8.2	5.05142976
76	29278	8.3	5.05142976
76	29304	8.4	5.05142976
76	29330	8.5	5.05142976
76	29356	8.6	5.05142976
76	29382	8.7	5.05142976
76	29408	8.8	5.05142976
76	29434	8.9	5.05142976
76	29460	9	5.05142976
76	29486	9.1	5.05142976
76	29512	9.2	5.05142976
76	29538	9.3	5.05142976
77	319	0.4	8.1270900740647
77	631	0.5	8.0100964644352
77	960	0.6	8.0100964644352
77	1608	0.7	7.2736329217969
77	2360	0.8	7.2736329217969
77	3663	0.9	6.7066580930108
77	6245	1	6.7066580930108
77	9707	1.1	6.2548757709168
77	13173	1.2	6.2548757709168
77	15201	1.3	5.6081596890802
77	15873	1.4	5.6081596890802
77	16225	1.5	5.3338291161216
77	16578	1.6	5.3338291161216
77	16937	1.7	4.5564998831589
77	17285	1.8	4.5564998831589
77	17630	1.9	4.084913119489
77	17975	2	4.084913119489
77	18317	2.1	3.7900402435627
77	18665	2.2	3.7900402435627
77	19015	2.3	3.2500007441879
77	19362	2.4	3.2500007441879
77	19709	2.5	2.8321418717769
77	20066	2.6	2.8321418717769
77	20416	2.7	2.6636334478815
77	20770	2.8	2.6636334478815
77	21526	2.9	2.2268959192668
77	25108	3	2.2268959192668
77	26582	3.1	1.8581973923964
77	26628	3.2	1.8581973923964
77	26674	3.3	1.6316998420086
77	26720	3.4	1.6316998420086
77	26766	3.5	1.4062001949432
77	26812	3.6	1.4062001949432
77	26858	3.7	1.2237308552184
77	27064	3.8	1.2237308552184
77	27106	3.9	1.0174150235067
77	27148	4	1.0174150235067
77	27190	4.1	1.3968916772995
77	27232	4.2	1.3968916772995
77	27274	4.3	1.7898979726706
77	27316	4.4	1.7898979726706
77	27358	4.5	2.2373166503783
77	27560	4.6	2.2373166503783
77	27598	4.7	30
77	27636	4.8	30
77	27674	4.9	30
77	27712	5	30
77	27750	5.1	30
77	27788	5.2	30
77	27826	5.3	30
77	27864	5.4	30
77	27902	5.5	30
77	28100	5.6	30
77	28134	5.7	30
77	28168	5.8	30
77	28202	5.9	30
77	28236	6	30
77	28270	6.1	30
77	28304	6.2	30
77	28338	6.3	30
77	28452	6.4	30
77	28484	6.5	30
77	28516	6.6	30
77	28548	6.7	30
77	28580	6.8	30
77	28612	6.9	30
77	28644	7	30
77	28676	7.1	30
77	28708	7.2	30
77	28740	7.3	30
77	28852	7.4	30
77	28882	7.5	30
77	28912	7.6	30
77	28942	7.7	30
77	28972	7.8	30
77	29002	7.9	30
77	29032	8	30
77	29062	8.1	30
77	29252	8.2	30
77	29278	8.3	30
77	29304	8.4	30
77	29330	8.5	30
77	29356	8.6	30
77	29382	8.7	30
77	29408	8.8	30
77	29434	8.9	30
77	29460	9	30
77	29486	9.1	30
77	29512	9.2	30
77	29538	9.3	30
78	319	0.4	7.777467948718
78	631	0.5	7.6605212303092
78	960	0.6	7.6605212303092
78	1608	0.7	7.4336165703501
78	2360	0.8	7.4336165703501
78	3663	0.9	6.8915060907554
78	6245	1	6.8915060907554
78	9707	1.1	6.3506484283742
78	13173	1.2	6.3506484283742
78	15201	1.3	5.6522406584107
78	15873	1.4	5.6522406584107
78	16225	1.5	5.1078639400069
78	16578	1.6	5.1078639400069
78	16937	1.7	4.5344530525906
78	17285	1.8	4.5344530525906
78	17630	1.9	4.3099539447875
78	17975	2	4.3099539447875
78	18317	2.1	3.591277881208
78	18665	2.2	3.591277881208
78	19015	2.3	3.3454956435363
78	19362	2.4	3.3454956435363
78	19709	2.5	2.9056468695918
78	20066	2.6	2.9056468695918
78	20416	2.7	2.4126587171129
78	20770	2.8	2.4126587171129
78	21526	2.9	2.2710532024805
78	25108	3	2.2710532024805
78	26582	3.1	2.0014819917075
78	26628	3.2	2.0014819917075
78	26674	3.3	2.3914264025239
78	26720	3.4	2.3914264025239
78	26766	3.5	2.8089192404484
78	26812	3.6	2.8089192404484
78	26858	3.7	3.3107504076164
78	27064	3.8	3.3107504076164
78	27106	3.9	3.7428117075867
78	27148	4	3.7428117075867
78	27190	4.1	4.2599420297171
78	27232	4.2	4.2599420297171
78	27274	4.3	4.5803847865693
78	27316	4.4	4.5803847865693
78	27358	4.5	4.8729570334617
78	27560	4.6	4.8729570334617
78	27598	4.7	5.2044971710786
78	27636	4.8	5.2044971710786
78	27674	4.9	4.4490312840844
78	27712	5	4.4490312840844
78	27750	5.1	3.5490312840844
78	27788	5.2	3.5490312840844
78	27826	5.3	2.6490312840844
78	27864	5.4	2.6490312840844
78	27902	5.5	1.7490312840844
78	28100	5.6	1.7490312840844
78	28134	5.7	30
78	28168	5.8	30
78	28202	5.9	30
78	28236	6	30
78	28270	6.1	30
78	28304	6.2	30
78	28338	6.3	30
78	28452	6.4	30
78	28484	6.5	30
78	28516	6.6	30
78	28548	6.7	30
78	28580	6.8	30
78	28612	6.9	30
78	28644	7	30
78	28676	7.1	30
78	28708	7.2	30
78	28740	7.3	30
78	28852	7.4	30
78	28882	7.5	30
78	28912	7.6	30
78	28942	7.7	30
78	28972	7.8	30
78	29002	7.9	30
78	29032	8	30
78	29062	8.1	30
78	29252	8.2	30
78	29278	8.3	30
78	29304	8.4	30
78	29330	8.5	30
78	29356	8.6	30
78	29382	8.7	30
78	29408	8.8	30
78	29434	8.9	30
78	29460	9	30
78	29486	9.1	30
78	29512	9.2	30
78	29538	9.3	30
79	319	0.4	5.7922494172494
79	631	0.5	5.7120785200226
79	960	0.6	5.7120785200226
79	1608	0.7	5.8203406307124
79	2360	0.8	5.8203406307124
79	3663	0.9	5.6534872408063
79	6245	1	5.6534872408063
79	9707	1.1	5.4779359387009
79	13173	1.2	5.4779359387009
79	15201	1.3	5.2702340473245
79	15873	1.4	5.2702340473245
79	16225	1.5	4.7304228304947
79	16578	1.6	4.7304228304947
79	16937	1.7	4.4894752123055
79	17285	1.8	4.4894752123055
79	17630	1.9	4.3551696576727
79	17975	2	4.3551696576727
79	18317	2.1	4.2406829127205
79	18665	2.2	4.2406829127205
79	19015	2.3	3.7203358495074
79	19362	2.4	3.7203358495074
79	19709	2.5	3.7337709807059
79	20066	2.6	3.7337709807059
79	20416	2.7	3.5296282779977
79	20770	2.8	3.5296282779977
79	21526	2.9	3.1900094234868
79	25108	3	3.1900094234868
79	26582	3.1	2.9575913099382
79	26628	3.2	2.9575913099382
79	26674	3.3	2.6896640849706
79	26720	3.4	2.6896640849706
79	26766	3.5	2.7722106937029
79	26812	3.6	2.7722106937029
79	26858	3.7	2.9218840932285
79	27064	3.8	2.9218840932285
79	27106	3.9	3.2193444163056
79	27148	4	3.2193444163056
79	27190	4.1	3.3766393839863
79	27232	4.2	3.3766393839863
79	27274	4.3	3.8223687276073
79	27316	4.4	3.8223687276073
79	27358	4.5	3.8867136460235
79	27560	4.6	3.8867136460235
79	27598	4.7	4.3026753661893
79	27636	4.8	4.3026753661893
79	27674	4.9	4.559943293943
79	27712	5	4.559943293943
79	27750	5.1	4.2175021566647
79	27788	5.2	4.2175021566647
79	27826	5.3	3.6510386419294
79	27864	5.4	3.6510386419294
79	27902	5.5	3.3557112100788
79	28100	5.6	3.3557112100788
79	28134	5.7	2.7151824514674
79	28168	5.8	2.7151824514674
79	28202	5.9	3.1304134013517
79	28236	6	3.1304134013517
79	28270	6.1	3.394331852143
79	28304	6.2	3.394331852143
79	28338	6.3	3.6979789507402
79	28452	6.4	3.6979789507402
79	28484	6.5	4.1774772553019
79	28516	6.6	4.1774772553019
79	28548	6.7	4.4430250116776
79	28580	6.8	4.4430250116776
79	28612	6.9	4.8486774072669
79	28644	7	4.8486774072669
79	28676	7.1	5.2076945672476
79	28708	7.2	5.2076945672476
79	28740	7.3	5.7163995852753
79	28852	7.4	5.7163995852753
79	28882	7.5	4.8163995852753
79	28912	7.6	4.8163995852753
79	28942	7.7	3.9163995852753
79	28972	7.8	3.9163995852753
79	29002	7.9	3.1038324549728
79	29032	8	3.1038324549728
79	29062	8.1	2.2716821362187
79	29252	8.2	2.2716821362187
79	29278	8.3	30
79	29304	8.4	30
79	29330	8.5	30
79	29356	8.6	30
79	29382	8.7	30
79	29408	8.8	30
79	29434	8.9	30
79	29460	9	30
79	29486	9.1	30
79	29512	9.2	30
79	29538	9.3	30
80	319	0.4	6.0489827878712
80	631	0.5	5.8749696913579
80	960	0.6	5.8749696913579
80	1608	0.7	6.0878583053016
80	2360	0.8	6.0878583053016
80	3663	0.9	5.5324839210275
80	6245	1	5.5324839210275
80	9707	1.1	5.4618591395798
80	13173	1.2	5.4618591395798
80	15201	1.3	5.012483388684
80	15873	1.4	5.012483388684
80	16225	1.5	4.7862597495807
80	16578	1.6	4.7862597495807
80	16937	1.7	4.751965200654
80	17285	1.8	4.751965200654
80	17630	1.9	4.3696896930455
80	17975	2	4.3696896930455
80	18317	2.1	4.1150015554403
80	18665	2.2	4.1150015554403
80	19015	2.3	3.7200761420027
80	19362	2.4	3.7200761420027
80	19709	2.5	3.6968250221283
80	20066	2.6	3.6968250221283
80	20416	2.7	3.3686008129767
80	20770	2.8	3.3686008129767
80	21526	2.9	3.1100680713305
80	25108	3	3.1100680713305
80	26582	3.1	3.0420837997884
80	26628	3.2	3.0420837997884
80	26674	3.3	2.7998784647728
80	26720	3.4	2.7998784647728
80	26766	3.5	2.6302472246105
80	26812	3.6	2.6302472246105
80	26858	3.7	2.4457885582607
80	27064	3.8	2.4457885582607
80	27106	3.9	2.2621487424886
80	27148	4	2.2621487424886
80	27190	4.1	1.9435791542545
80	27232	4.2	1.9435791542545
80	27274	4.3	1.8958929070879
80	27316	4.4	1.8958929070879
80	27358	4.5	1.8823783821874
80	27560	4.6	1.8823783821874
80	27598	4.7	2.0759278920667
80	27636	4.8	2.0759278920667
80	27674	4.9	2.4589794386356
80	27712	5	2.4589794386356
80	27750	5.1	2.8033011246045
80	27788	5.2	2.8033011246045
80	27826	5.3	3.2371171741226
80	27864	5.4	3.2371171741226
80	27902	5.5	3.620819570887
80	28100	5.6	3.620819570887
80	28134	5.7	4.0487841992119
80	28168	5.8	4.0487841992119
80	28202	5.9	4.5571755487324
80	28236	6	4.5571755487324
80	28270	6.1	5.0566276712708
80	28304	6.2	5.0566276712708
80	28338	6.3	5.4523510102221
80	28452	6.4	5.4523510102221
80	28484	6.5	30
80	28516	6.6	30
80	28548	6.7	30
80	28580	6.8	30
80	28612	6.9	30
80	28644	7	30
80	28676	7.1	30
80	28708	7.2	30
80	28740	7.3	30
80	28852	7.4	30
80	28882	7.5	30
80	28912	7.6	30
80	28942	7.7	30
80	28972	7.8	30
80	29002	7.9	30
80	29032	8	30
80	29062	8.1	30
80	29252	8.2	30
80	29278	8.3	30
80	29304	8.4	30
80	29330	8.5	30
80	29356	8.6	30
80	29382	8.7	30
80	29408	8.8	30
80	29434	8.9	30
80	29460	9	30
80	29486	9.1	30
80	29512	9.2	30
80	29538	9.3	30
81	319	0.4	10.282916666667
81	631	0.5	9.8531557814713
81	960	0.6	9.8531557814713
81	1608	0.7	8.9531557814713
81	2360	0.8	8.9531557814713
81	3663	0.9	8.0531557814713
81	6245	1	8.0531557814713
81	9707	1.1	7.1531557814713
81	13173	1.2	7.1531557814713
81	15201	1.3	6.2531557814713
81	15873	1.4	6.2531557814713
81	16225	1.5	5.3531557814713
81	16578	1.6	5.3531557814713
81	16937	1.7	4.4531557814713
81	17285	1.8	4.4531557814713
81	17630	1.9	3.5531557814713
81	17975	2	3.5531557814713
81	18317	2.1	2.6531557814713
81	18665	2.2	2.6531557814713
81	19015	2.3	1.7531557814713
81	19362	2.4	1.7531557814713
81	19709	2.5	0.85471328885093
81	20066	2.6	0.85471328885093
81	20416	2.7	0.10014126455481
81	20770	2.8	0.10014126455481
81	21526	2.9	0.0083449957619876
81	25108	3	0.0083449957619876
81	26582	3.1	0.00023274017032953
81	26628	3.2	0.00023274017032953
81	26674	3.3	0
81	26720	3.4	0
81	26766	3.5	0
81	26812	3.6	0
81	26858	3.7	0
81	27064	3.8	0
81	27106	3.9	30
81	27148	4	30
81	27190	4.1	30
81	27232	4.2	30
81	27274	4.3	30
81	27316	4.4	30
81	27358	4.5	30
81	27560	4.6	30
81	27598	4.7	30
81	27636	4.8	30
81	27674	4.9	30
81	27712	5	30
81	27750	5.1	30
81	27788	5.2	30
81	27826	5.3	30
81	27864	5.4	30
81	27902	5.5	30
81	28100	5.6	30
81	28134	5.7	30
81	28168	5.8	30
81	28202	5.9	30
81	28236	6	30
81	28270	6.1	30
81	28304	6.2	30
81	28338	6.3	30
81	28452	6.4	30
81	28484	6.5	30
81	28516	6.6	30
81	28548	6.7	30
81	28580	6.8	30
81	28612	6.9	30
81	28644	7	30
81	28676	7.1	30
81	28708	7.2	30
81	28740	7.3	30
81	28852	7.4	30
81	28882	7.5	30
81	28912	7.6	30
81	28942	7.7	30
81	28972	7.8	30
81	29002	7.9	30
81	29032	8	30
81	29062	8.1	30
81	29252	8.2	30
81	29278	8.3	30
81	29304	8.4	30
81	29330	8.5	30
81	29356	8.6	30
81	29382	8.7	30
81	29408	8.8	30
81	29434	8.9	30
81	29460	9	30
81	29486	9.1	30
81	29512	9.2	30
81	29538	9.3	30
82	319	0.4	7.777467948718
82	631	0.5	7.7265693464763
82	960	0.6	7.7265693464763
82	1608	0.7	7.5569081192225
82	2360	0.8	7.5569081192225
82	3663	0.9	6.8666013352156
82	6245	1	6.8666013352156
82	9707	1.1	6.1674016810928
82	13173	1.2	6.1674016810928
82	15201	1.3	5.7719205314344
82	15873	1.4	5.7719205314344
82	16225	1.5	5.2796402787533
82	16578	1.6	5.2796402787533
82	16937	1.7	4.6057532963811
82	17285	1.8	4.6057532963811
82	17630	1.9	4.1541658559107
82	17975	2	4.1541658559107
82	18317	2.1	3.6335677637194
82	18665	2.2	3.6335677637194
82	19015	2.3	3.2295700401945
82	19362	2.4	3.2295700401945
82	19709	2.5	2.7928154723555
82	20066	2.6	2.7928154723555
82	20416	2.7	2.4677100371073
82	20770	2.8	2.4677100371073
82	21526	2.9	2.2541050542226
82	25108	3	2.2541050542226
82	26582	3.1	1.8813341066757
82	26628	3.2	1.8813341066757
82	26674	3.3	1.5995364208943
82	26720	3.4	1.5995364208943
82	26766	3.5	1.4265227199206
82	26812	3.6	1.4265227199206
82	26858	3.7	1.1926988473023
82	27064	3.8	1.1926988473023
82	27106	3.9	0.95113908596993
82	27148	4	0.95113908596993
82	27190	4.1	1.4480518484582
82	27232	4.2	1.4480518484582
82	27274	4.3	1.8806413207882
82	27316	4.4	1.8806413207882
82	27358	4.5	2.3497222680003
82	27560	4.6	2.3497222680003
82	27598	4.7	30
82	27636	4.8	30
82	27674	4.9	30
82	27712	5	30
82	27750	5.1	30
82	27788	5.2	30
82	27826	5.3	30
82	27864	5.4	30
82	27902	5.5	30
82	28100	5.6	30
82	28134	5.7	30
82	28168	5.8	30
82	28202	5.9	30
82	28236	6	30
82	28270	6.1	30
82	28304	6.2	30
82	28338	6.3	30
82	28452	6.4	30
82	28484	6.5	30
82	28516	6.6	30
82	28548	6.7	30
82	28580	6.8	30
82	28612	6.9	30
82	28644	7	30
82	28676	7.1	30
82	28708	7.2	30
82	28740	7.3	30
82	28852	7.4	30
82	28882	7.5	30
82	28912	7.6	30
82	28942	7.7	30
82	28972	7.8	30
82	29002	7.9	30
82	29032	8	30
82	29062	8.1	30
82	29252	8.2	30
82	29278	8.3	30
82	29304	8.4	30
82	29330	8.5	30
82	29356	8.6	30
82	29382	8.7	30
82	29408	8.8	30
82	29434	8.9	30
82	29460	9	30
82	29486	9.1	30
82	29512	9.2	30
82	29538	9.3	30
83	319	0.4	5.7922494172494
83	631	0.5	5.5894232977278
83	960	0.6	5.5894232977278
83	1608	0.7	5.8408342884469
83	2360	0.8	5.8408342884469
83	3663	0.9	5.9785233641766
83	6245	1	5.9785233641766
83	9707	1.1	5.3932446685999
83	13173	1.2	5.3932446685999
83	15201	1.3	5.1456840167997
83	15873	1.4	5.1456840167997
83	16225	1.5	4.8263357306635
83	16578	1.6	4.8263357306635
83	16937	1.7	4.7953303735389
83	17285	1.8	4.7953303735389
83	17630	1.9	4.2158877536774
83	17975	2	4.2158877536774
83	18317	2.1	4.058912980477
83	18665	2.2	4.058912980477
83	19015	2.3	3.8370661622301
83	19362	2.4	3.8370661622301
83	19709	2.5	3.6620918601234
83	20066	2.6	3.6620918601234
83	20416	2.7	3.367059813212
83	20770	2.8	3.367059813212
83	21526	2.9	3.2356209539226
83	25108	3	3.2356209539226
83	26582	3.1	3.0127615849249
83	26628	3.2	3.0127615849249
83	26674	3.3	2.7161562807659
83	26720	3.4	2.7161562807659
83	26766	3.5	2.5645037895602
83	26812	3.6	2.5645037895602
83	26858	3.7	2.4649952690339
83	27064	3.8	2.4649952690339
83	27106	3.9	2.1102543866912
83	27148	4	2.1102543866912
83	27190	4.1	2.0676002775061
83	27232	4.2	2.0676002775061
83	27274	4.3	1.9410441150798
83	27316	4.4	1.9410441150798
83	27358	4.5	2.0736893405029
83	27560	4.6	2.0736893405029
83	27598	4.7	2.093471648118
83	27636	4.8	2.093471648118
83	27674	4.9	2.385426178372
83	27712	5	2.385426178372
83	27750	5.1	2.6732728189998
83	27788	5.2	2.6732728189998
83	27826	5.3	2.9616179883317
83	27864	5.4	2.9616179883317
83	27902	5.5	3.2414609098039
83	28100	5.6	3.2414609098039
83	28134	5.7	3.6933358519361
83	28168	5.8	3.6933358519361
83	28202	5.9	3.9959814283554
83	28236	6	3.9959814283554
83	28270	6.1	4.2708423930523
83	28304	6.2	4.2708423930523
83	28338	6.3	4.660931496548
83	28452	6.4	4.660931496548
83	28484	6.5	5.0212046331703
83	28516	6.6	5.0212046331703
83	28548	6.7	5.3277540172753
83	28580	6.8	5.3277540172753
83	28612	6.9	5.6335597698693
83	28644	7	5.6335597698693
83	28676	7.1	5.9106188486307
83	28708	7.2	5.9106188486307
83	28740	7.3	6.1746038149507
83	28852	7.4	6.1746038149507
83	28882	7.5	30
83	28912	7.6	30
83	28942	7.7	30
83	28972	7.8	30
83	29002	7.9	30
83	29032	8	30
83	29062	8.1	30
83	29252	8.2	30
83	29278	8.3	30
83	29304	8.4	30
83	29330	8.5	30
83	29356	8.6	30
83	29382	8.7	30
83	29408	8.8	30
83	29434	8.9	30
83	29460	9	30
83	29486	9.1	30
83	29512	9.2	30
83	29538	9.3	30
84	319	0.4	10.282916666667
84	631	0.5	9.6398706074089
84	960	0.6	9.6398706074089
84	1608	0.7	8.8760430632771
84	2360	0.8	8.8760430632771
84	3663	0.9	7.9760430632771
84	6245	1	7.9760430632771
84	9707	1.1	7.0760430632771
84	13173	1.2	7.0760430632771
84	15201	1.3	6.3020925203664
84	15873	1.4	6.3020925203664
84	16225	1.5	5.4020925203664
84	16578	1.6	5.4020925203664
84	16937	1.7	4.5020925203664
84	17285	1.8	4.5020925203664
84	17630	1.9	3.6340586103507
84	17975	2	3.6340586103507
84	18317	2.1	2.7340586103507
84	18665	2.2	2.7340586103507
84	19015	2.3	1.8340586103507
84	19362	2.4	1.8340586103507
84	19709	2.5	0.93405861035073
84	20066	2.6	0.93405861035073
84	20416	2.7	0.08325727536468
84	20770	2.8	0.08325727536468
84	21526	2.9	0.001161772536628
84	25108	3	0.001161772536628
84	26582	3.1	30
84	26628	3.2	30
84	26674	3.3	30
84	26720	3.4	30
84	26766	3.5	30
84	26812	3.6	30
84	26858	3.7	30
84	27064	3.8	30
84	27106	3.9	30
84	27148	4	30
84	27190	4.1	30
84	27232	4.2	30
84	27274	4.3	30
84	27316	4.4	30
84	27358	4.5	30
84	27560	4.6	30
84	27598	4.7	30
84	27636	4.8	30
84	27674	4.9	30
84	27712	5	30
84	27750	5.1	30
84	27788	5.2	30
84	27826	5.3	30
84	27864	5.4	30
84	27902	5.5	30
84	28100	5.6	30
84	28134	5.7	30
84	28168	5.8	30
84	28202	5.9	30
84	28236	6	30
84	28270	6.1	30
84	28304	6.2	30
84	28338	6.3	30
84	28452	6.4	30
84	28484	6.5	30
84	28516	6.6	30
84	28548	6.7	30
84	28580	6.8	30
84	28612	6.9	30
84	28644	7	30
84	28676	7.1	30
84	28708	7.2	30
84	28740	7.3	30
84	28852	7.4	30
84	28882	7.5	30
84	28912	7.6	30
84	28942	7.7	30
84	28972	7.8	30
84	29002	7.9	30
84	29032	8	30
84	29062	8.1	30
84	29252	8.2	30
84	29278	8.3	30
84	29304	8.4	30
84	29330	8.5	30
84	29356	8.6	30
84	29382	8.7	30
84	29408	8.8	30
84	29434	8.9	30
84	29460	9	30
84	29486	9.1	30
84	29512	9.2	30
84	29538	9.3	30
85	319	0.4	7.777467948718
85	631	0.5	7.7619572559027
85	960	0.6	7.7619572559027
85	1608	0.7	7.2534833955573
85	2360	0.8	7.2534833955573
85	3663	0.9	6.7272828205192
85	6245	1	6.7272828205192
85	9707	1.1	6.1505014767164
85	13173	1.2	6.1505014767164
85	15201	1.3	5.6907304272454
85	15873	1.4	5.6907304272454
85	16225	1.5	5.211210075727
85	16578	1.6	5.211210075727
85	16937	1.7	4.633422087233
85	17285	1.8	4.633422087233
85	17630	1.9	4.282601846196
85	17975	2	4.282601846196
85	18317	2.1	3.6833229644903
85	18665	2.2	3.6833229644903
85	19015	2.3	3.3497454333857
85	19362	2.4	3.3497454333857
85	19709	2.5	2.8756277894199
85	20066	2.6	2.8756277894199
85	20416	2.7	2.7019780879116
85	20770	2.8	2.7019780879116
85	21526	2.9	2.2527904055427
85	25108	3	2.2527904055427
85	26582	3.1	1.8327863511576
85	26628	3.2	1.8327863511576
85	26674	3.3	2.3309266262873
85	26720	3.4	2.3309266262873
85	26766	3.5	2.6162710641603
85	26812	3.6	2.6162710641603
85	26858	3.7	3.0164213593582
85	27064	3.8	3.0164213593582
85	27106	3.9	3.4188965569063
85	27148	4	3.4188965569063
85	27190	4.1	3.6790459288004
85	27232	4.2	3.6790459288004
85	27274	4.3	4.156815755274
85	27316	4.4	4.156815755274
85	27358	4.5	4.492379401801
85	27560	4.6	4.492379401801
85	27598	4.7	4.9706171419424
85	27636	4.8	4.9706171419424
85	27674	4.9	4.6902289994821
85	27712	5	4.6902289994821
85	27750	5.1	4.034053086002
85	27788	5.2	4.034053086002
85	27826	5.3	3.134053086002
85	27864	5.4	3.134053086002
85	27902	5.5	2.234053086002
85	28100	5.6	2.234053086002
85	28134	5.7	30
85	28168	5.8	30
85	28202	5.9	30
85	28236	6	30
85	28270	6.1	30
85	28304	6.2	30
85	28338	6.3	30
85	28452	6.4	30
85	28484	6.5	30
85	28516	6.6	30
85	28548	6.7	30
85	28580	6.8	30
85	28612	6.9	30
85	28644	7	30
85	28676	7.1	30
85	28708	7.2	30
85	28740	7.3	30
85	28852	7.4	30
85	28882	7.5	30
85	28912	7.6	30
85	28942	7.7	30
85	28972	7.8	30
85	29002	7.9	30
85	29032	8	30
85	29062	8.1	30
85	29252	8.2	30
85	29278	8.3	30
85	29304	8.4	30
85	29330	8.5	30
85	29356	8.6	30
85	29382	8.7	30
85	29408	8.8	30
85	29434	8.9	30
85	29460	9	30
85	29486	9.1	30
85	29512	9.2	30
85	29538	9.3	30
86	319	0.4	5.7922494172494
86	631	0.5	5.6953445174688
86	960	0.6	5.6953445174688
86	1608	0.7	5.8829419047116
86	2360	0.8	5.8829419047116
86	3663	0.9	5.5321042127612
86	6245	1	5.5321042127612
86	9707	1.1	5.4006375800867
86	13173	1.2	5.4006375800867
86	15201	1.3	4.9466136610377
86	15873	1.4	4.9466136610377
86	16225	1.5	4.7874143936241
86	16578	1.6	4.7874143936241
86	16937	1.7	4.7362520810289
86	17285	1.8	4.7362520810289
86	17630	1.9	4.3751407646898
86	17975	2	4.3751407646898
86	18317	2.1	4.1607264556459
86	18665	2.2	4.1607264556459
86	19015	2.3	3.7716988154
86	19362	2.4	3.7716988154
86	19709	2.5	3.6356023128051
86	20066	2.6	3.6356023128051
86	20416	2.7	3.4040649569285
86	20770	2.8	3.4040649569285
86	21526	2.9	3.1875288319269
86	25108	3	3.1875288319269
86	26582	3.1	3.0470822928479
86	26628	3.2	3.0470822928479
86	26674	3.3	2.6475766851815
86	26720	3.4	2.6475766851815
86	26766	3.5	2.8679728978753
86	26812	3.6	2.8679728978753
86	26858	3.7	2.9278059437592
86	27064	3.8	2.9278059437592
86	27106	3.9	3.1757643378025
86	27148	4	3.1757643378025
86	27190	4.1	3.3103047924691
86	27232	4.2	3.3103047924691
86	27274	4.3	3.2943956230536
86	27316	4.4	3.2943956230536
86	27358	4.5	3.7828724614486
86	27560	4.6	3.7828724614486
86	27598	4.7	3.8740552927027
86	27636	4.8	3.8740552927027
86	27674	4.9	4.2047314504659
86	27712	5	4.2047314504659
86	27750	5.1	4.1016252378648
86	27788	5.2	4.1016252378648
86	27826	5.3	3.8994802425812
86	27864	5.4	3.8994802425812
86	27902	5.5	3.528510094431
86	28100	5.6	3.528510094431
86	28134	5.7	3.0181272218722
86	28168	5.8	3.0181272218722
86	28202	5.9	3.5264109940753
86	28236	6	3.5264109940753
86	28270	6.1	3.8705246969844
86	28304	6.2	3.8705246969844
86	28338	6.3	4.3284949046952
86	28452	6.4	4.3284949046952
86	28484	6.5	4.6846334317207
86	28516	6.6	4.6846334317207
86	28548	6.7	5.0291764535914
86	28580	6.8	5.0291764535914
86	28612	6.9	5.4565213706783
86	28644	7	5.4565213706783
86	28676	7.1	5.773101855388
86	28708	7.2	5.773101855388
86	28740	7.3	5.4154939791141
86	28852	7.4	5.4154939791141
86	28882	7.5	4.5154939791141
86	28912	7.6	4.5154939791141
86	28942	7.7	3.6154939791141
86	28972	7.8	3.6154939791141
86	29002	7.9	2.7154939791141
86	29032	8	2.7154939791141
86	29062	8.1	1.8154939791141
86	29252	8.2	1.8154939791141
86	29278	8.3	30
86	29304	8.4	30
86	29330	8.5	30
86	29356	8.6	30
86	29382	8.7	30
86	29408	8.8	30
86	29434	8.9	30
86	29460	9	30
86	29486	9.1	30
86	29512	9.2	30
87	319	0.4	10.282916666667
87	631	0.5	9.7440875319701
87	960	0.6	9.7440875319701
87	1608	0.7	8.8440875319701
87	2360	0.8	8.8440875319701
87	3663	0.9	8.0175168298391
87	6245	1	8.0175168298391
87	9707	1.1	7.1175168298391
87	13173	1.2	7.1175168298391
87	15201	1.3	6.2175168298391
87	15873	1.4	6.2175168298391
87	16225	1.5	5.348647829566
87	16578	1.6	5.348647829566
87	16937	1.7	4.448647829566
87	17285	1.8	4.448647829566
87	17630	1.9	3.548647829566
87	17975	2	3.548647829566
87	18317	2.1	2.648647829566
87	18665	2.2	2.648647829566
87	19015	2.3	1.748647829566
87	19362	2.4	1.748647829566
87	19709	2.5	0.99617491998014
87	20066	2.6	0.99617491998014
87	20416	2.7	0.28339640318089
87	20770	2.8	0.28339640318089
87	21526	2.9	0.029103912363411
87	25108	3	0.029103912363411
87	26582	3.1	30
87	26628	3.2	30
87	26674	3.3	30
87	26720	3.4	30
87	26766	3.5	30
87	26812	3.6	30
87	26858	3.7	30
87	27064	3.8	30
87	27106	3.9	30
87	27148	4	30
87	27190	4.1	30
87	27232	4.2	30
87	27274	4.3	30
87	27316	4.4	30
87	27358	4.5	30
87	27560	4.6	30
87	27598	4.7	30
87	27636	4.8	30
87	27674	4.9	30
87	27712	5	30
87	27750	5.1	30
87	27788	5.2	30
87	27826	5.3	30
87	27864	5.4	30
87	27902	5.5	30
87	28100	5.6	30
87	28134	5.7	30
87	28168	5.8	30
87	28202	5.9	30
87	28236	6	30
87	28270	6.1	30
87	28304	6.2	30
87	28338	6.3	30
87	28452	6.4	30
87	28484	6.5	30
87	28516	6.6	30
87	28548	6.7	30
87	28580	6.8	30
87	28612	6.9	30
87	28644	7	30
87	28676	7.1	30
87	28708	7.2	30
87	28740	7.3	30
87	28852	7.4	30
87	28882	7.5	30
87	28912	7.6	30
87	28942	7.7	30
87	28972	7.8	30
87	29002	7.9	30
87	29032	8	30
87	29062	8.1	30
87	29252	8.2	30
87	29278	8.3	30
87	29304	8.4	30
87	29330	8.5	30
87	29356	8.6	30
87	29382	8.7	30
87	29408	8.8	30
87	29434	8.9	30
87	29460	9	30
87	29486	9.1	30
87	29512	9.2	30
88	631	0.5	-1.1699360962957
88	960	0.6	0
88	1608	0.7	-7.3646354263827
88	2360	0.8	0
88	3663	0.9	-5.6697482878615
88	6245	1	0
88	9707	1.1	-4.5178232209397
88	13173	1.2	0
88	15201	1.3	-6.4671608183661
88	15873	1.4	0
88	16225	1.5	-2.7433057295859
88	16578	1.6	0
88	16937	1.7	-7.773292329627
88	17285	1.8	0
88	17630	1.9	-4.7158676366992
88	17975	2	0
88	18317	2.1	-2.9487287592624
88	18665	2.2	0
88	19015	2.3	-5.4003949937486
88	19362	2.4	0
88	19709	2.5	-4.1785887241099
88	20066	2.6	0
88	20416	2.7	-1.685084238954
88	20770	2.8	0
88	21526	2.9	-4.3673752861466
88	25108	3	0
88	26582	3.1	-3.6869852687041
88	26628	3.2	0
88	26674	3.3	-2.2649755038779
88	26720	3.4	0
88	26766	3.5	-2.2549964706538
88	26812	3.6	0
88	26858	3.7	-1.8246933972482
88	27064	3.8	0
88	27106	3.9	-2.0631583171174
88	27148	4	0
88	27190	4.1	3.7947665379286
88	27232	4.2	0
88	27274	4.3	3.9300629537109
88	27316	4.4	0
88	27358	4.5	4.4741867770769
88	27560	4.6	0
88	27598	4.7	277.62683349622
88	27636	4.8	0
88	27674	4.9	0
88	27712	5	0
88	27750	5.1	0
88	27788	5.2	0
88	27826	5.3	0
88	27864	5.4	0
88	27902	5.5	0
88	28100	5.6	0
88	28134	5.7	0
88	28168	5.8	0
88	28202	5.9	0
88	28236	6	0
88	28270	6.1	0
88	28304	6.2	0
88	28338	6.3	0
88	28452	6.4	0
88	28484	6.5	0
88	28516	6.6	0
88	28548	6.7	0
88	28580	6.8	0
88	28612	6.9	0
88	28644	7	0
88	28676	7.1	0
88	28708	7.2	0
88	28740	7.3	0
88	28852	7.4	0
88	28882	7.5	0
88	28912	7.6	0
88	28942	7.7	0
88	28972	7.8	0
88	29002	7.9	0
88	29032	8	0
88	29062	8.1	0
88	29252	8.2	0
88	29278	8.3	0
88	29304	8.4	0
88	29330	8.5	0
88	29356	8.6	0
88	29382	8.7	0
88	29408	8.8	0
88	29434	8.9	0
88	29460	9	0
88	29486	9.1	0
88	29512	9.2	0
88	29538	9.3	0
89	631	0.5	0.973
89	960	0.6	1.5438843445215
89	1608	0.7	0.973
89	2360	0.8	1.496429006583
89	3663	0.9	0.973
89	6245	1	1.461396248929
89	9707	1.1	0.973
89	13173	1.2	1.4343414692667
89	15201	1.3	0.973
89	15873	1.4	1.396831852071
89	16225	1.5	0.973
89	16578	1.6	1.3813220434196
89	16937	1.7	0.973
89	17285	1.8	1.3385446558537
89	17630	1.9	0.973
89	17975	2	1.313353027233
89	18317	2.1	0.973
89	18665	2.2	1.2978608021456
89	19015	2.3	0.973
89	19362	2.4	1.2699512318181
89	19709	2.5	0.973
89	20066	2.6	1.2487210660957
89	20416	2.7	0.973
89	20770	2.8	1.2402394838884
89	21526	2.9	0.973
89	25108	3	1.218445628917
89	26582	3.1	0.973
89	26628	3.2	1.2002321603663
89	26674	3.3	0.973
89	26720	3.4	1.1891145228767
89	26766	3.5	0.973
89	26812	3.6	1.1780919678585
89	26858	3.7	0.973
89	27064	3.8	1.1692020661123
89	27106	3.9	0.973
89	27148	4	1.1591773904938
89	27190	4.1	2.4551494058872
89	27232	4.2	1.1776378575025
89	27274	4.3	2.8921676347114
89	27316	4.4	1.1968744118025
89	27358	4.5	3.6314143038773
89	27560	4.6	1.2189627137225
89	27598	4.7	2012.2934359376
89	27636	4.8	5.05142976
89	27674	4.9	5.05142976
89	27712	5	5.05142976
89	27750	5.1	5.05142976
89	27788	5.2	5.05142976
89	27826	5.3	5.05142976
89	27864	5.4	5.05142976
89	27902	5.5	5.05142976
89	28100	5.6	5.05142976
89	28134	5.7	5.05142976
89	28168	5.8	5.05142976
89	28202	5.9	5.05142976
89	28236	6	5.05142976
89	28270	6.1	5.05142976
89	28304	6.2	5.05142976
89	28338	6.3	5.05142976
89	28452	6.4	5.05142976
89	28484	6.5	5.05142976
89	28516	6.6	5.05142976
89	28548	6.7	5.05142976
89	28580	6.8	5.05142976
89	28612	6.9	5.05142976
89	28644	7	5.05142976
89	28676	7.1	5.05142976
89	28708	7.2	5.05142976
89	28740	7.3	5.05142976
89	28852	7.4	5.05142976
89	28882	7.5	5.05142976
89	28912	7.6	5.05142976
89	28942	7.7	5.05142976
89	28972	7.8	5.05142976
89	29002	7.9	5.05142976
89	29032	8	5.05142976
89	29062	8.1	5.05142976
89	29252	8.2	5.05142976
89	29278	8.3	5.05142976
89	29304	8.4	5.05142976
89	29330	8.5	5.05142976
89	29356	8.6	5.05142976
89	29382	8.7	5.05142976
89	29408	8.8	5.05142976
89	29434	8.9	5.05142976
89	29460	9	5.05142976
89	29486	9.1	5.05142976
89	29512	9.2	5.05142976
89	29538	9.3	5.05142976
90	631	0.5	-1.1694671840873
90	960	0.6	0
90	1608	0.7	-2.2690465995909
90	2360	0.8	0
90	3663	0.9	-5.4211047959477
90	6245	1	0
90	9707	1.1	-5.4085766238119
90	13173	1.2	0
90	15201	1.3	-6.9840776996348
90	15873	1.4	0
90	16225	1.5	-5.4437671840379
90	16578	1.6	0
90	16937	1.7	-5.7341088741632
90	17285	1.8	0
90	17630	1.9	-2.2449910780314
90	17975	2	0
90	18317	2.1	-7.186760635795
90	18665	2.2	0
90	19015	2.3	-2.4578223767164
90	19362	2.4	0
90	19709	2.5	-4.3984877394451
90	20066	2.6	0
90	20416	2.7	-4.9298815247895
90	20770	2.8	0
90	21526	2.9	-1.4160551463234
90	25108	3	0
90	26582	3.1	-2.6957121077302
90	26628	3.2	0
90	26674	3.3	3.8994441081639
90	26720	3.4	0
90	26766	3.5	4.1749283792451
90	26812	3.6	0
90	26858	3.7	5.0183116716798
90	27064	3.8	0
90	27106	3.9	4.3206129997037
90	27148	4	0
90	27190	4.1	5.171303221304
90	27232	4.2	0
90	27274	4.3	3.2044275685213
90	27316	4.4	0
90	27358	4.5	2.9257224689238
90	27560	4.6	0
90	27598	4.7	3.3154013761699
90	27636	4.8	0
90	27674	4.9	-7.5546588699424
90	27712	5	0
90	27750	5.1	-9
90	27788	5.2	0
90	27826	5.3	-9
90	27864	5.4	0
90	27902	5.5	-9
90	28100	5.6	0
90	28134	5.7	282.50968715916
90	28168	5.8	0
90	28202	5.9	0
90	28236	6	0
90	28270	6.1	0
90	28304	6.2	0
90	28338	6.3	0
90	28452	6.4	0
90	28484	6.5	0
90	28516	6.6	0
90	28548	6.7	0
90	28580	6.8	0
90	28612	6.9	0
90	28644	7	0
90	28676	7.1	0
90	28708	7.2	0
90	28740	7.3	0
90	28852	7.4	0
90	28882	7.5	0
90	28912	7.6	0
90	28942	7.7	0
90	28972	7.8	0
90	29002	7.9	0
90	29032	8	0
90	29062	8.1	0
90	29252	8.2	0
90	29278	8.3	0
90	29304	8.4	0
90	29330	8.5	0
90	29356	8.6	0
90	29382	8.7	0
90	29408	8.8	0
90	29434	8.9	0
90	29460	9	0
90	29486	9.1	0
90	29512	9.2	0
90	29538	9.3	0
91	631	0.5	0.973
91	960	0.6	1.5210721789144
91	1608	0.7	0.973
91	2360	0.8	1.5065442888527
91	3663	0.9	0.973
91	6245	1	1.4726816125361
91	9707	1.1	0.973
91	13173	1.2	1.4400159429283
91	15201	1.3	0.973
91	15873	1.4	1.3993455711943
91	16225	1.5	0.973
91	16578	1.6	1.3687142805559
91	16937	1.7	0.973
91	17285	1.8	1.3373548759317
91	17630	1.9	0.973
91	17975	2	1.3253080706394
91	18317	2.1	0.973
91	18665	2.2	1.2875220226989
91	19015	2.3	0.973
91	19362	2.4	1.274845738012
91	19709	2.5	0.973
91	20066	2.6	1.2524346204047
91	20416	2.7	0.973
91	20770	2.8	1.2276840161195
91	21526	2.9	0.973
91	25108	3	1.220637674646
91	26582	3.1	0.973
91	26628	3.2	1.2072921663944
91	26674	3.3	3.4740071145324
91	26720	3.4	1.2266258180339
91	26766	3.5	4.0737654395424
91	26812	3.6	1.2475496064211
91	26858	3.7	5.2771279266353
91	27064	3.8	1.2730629702084
91	27106	3.9	5.1926658800199
91	27148	4	1.2953968184824
91	27190	4.1	6.6317389278484
91	27232	4.2	1.3226410101049
91	27274	4.3	4.8771152343819
91	27316	4.4	1.339835014813
91	27358	4.5	4.7916784679409
91	27560	4.6	1.3557607761622
91	27598	4.7	5.5325421801004
91	27636	4.8	1.3740878830331
91	27674	4.9	0.973
91	27712	5	1.332756484822
91	27750	5.1	0.973
91	27788	5.2	1.2853348138811
91	27826	5.3	0.973
91	27864	5.4	1.2395065208408
91	27902	5.5	0.973
91	28100	5.6	1.1948675404801
91	28134	5.7	2047.5964679207
91	28168	5.8	5.05142976
91	28202	5.9	5.05142976
91	28236	6	5.05142976
91	28270	6.1	5.05142976
91	28304	6.2	5.05142976
91	28338	6.3	5.05142976
91	28452	6.4	5.05142976
91	28484	6.5	5.05142976
91	28516	6.6	5.05142976
91	28548	6.7	5.05142976
91	28580	6.8	5.05142976
91	28612	6.9	5.05142976
91	28644	7	5.05142976
91	28676	7.1	5.05142976
91	28708	7.2	5.05142976
91	28740	7.3	5.05142976
91	28852	7.4	5.05142976
91	28882	7.5	5.05142976
91	28912	7.6	5.05142976
91	28942	7.7	5.05142976
91	28972	7.8	5.05142976
91	29002	7.9	5.05142976
91	29032	8	5.05142976
91	29062	8.1	5.05142976
91	29252	8.2	5.05142976
91	29278	8.3	5.05142976
91	29304	8.4	5.05142976
91	29330	8.5	5.05142976
91	29356	8.6	5.05142976
91	29382	8.7	5.05142976
91	29408	8.8	5.05142976
91	29434	8.9	5.05142976
91	29460	9	5.05142976
91	29486	9.1	5.05142976
91	29512	9.2	5.05142976
91	29538	9.3	5.05142976
92	631	0.5	-0.80170897226781
92	960	0.6	0
92	1608	0.7	1.0826211068972
92	2360	0.8	0
92	3663	0.9	-1.6685338990606
92	6245	1	0
92	9707	1.1	-1.7555130210542
92	13173	1.2	0
92	15201	1.3	-2.0770189137634
92	15873	1.4	0
92	16225	1.5	-5.3981121682987
92	16578	1.6	0
92	16937	1.7	-2.4094761818915
92	17285	1.8	0
92	17630	1.9	-1.3430555463286
92	17975	2	0
92	18317	2.1	-1.1448674495214
92	18665	2.2	0
92	19015	2.3	-5.2034706321309
92	19362	2.4	0
92	19709	2.5	0.13435131198524
92	20066	2.6	0
92	20416	2.7	-2.041427027082
92	20770	2.8	0
92	21526	2.9	-3.3961885451093
92	25108	3	0
92	26582	3.1	-2.3241811354865
92	26628	3.2	0
92	26674	3.3	-2.6792722496752
92	26720	3.4	0
92	26766	3.5	0.82546608732259
92	26812	3.6	0
92	26858	3.7	1.4967339952556
92	27064	3.8	0
92	27106	3.9	2.9746032307718
92	27148	4	0
92	27190	4.1	1.5729496768063
92	27232	4.2	0
92	27274	4.3	4.4572934362106
92	27316	4.4	0
92	27358	4.5	0.64344918416217
92	27560	4.6	0
92	27598	4.7	4.159617201658
92	27636	4.8	0
92	27674	4.9	2.5726792775364
92	27712	5	0
92	27750	5.1	-3.4244113727832
92	27788	5.2	0
92	27826	5.3	-5.664635147352
92	27864	5.4	0
92	27902	5.5	-2.9532743185061
92	28100	5.6	0
92	28134	5.7	-6.4052875861147
92	28168	5.8	0
92	28202	5.9	4.1523094988428
92	28236	6	0
92	28270	6.1	2.6391845079139
92	28304	6.2	0
92	28338	6.3	3.0364709859714
92	28452	6.4	0
92	28484	6.5	4.7949830456171
92	28516	6.6	0
92	28548	6.7	2.6554775637575
92	28580	6.8	0
92	28612	6.9	4.0565239558928
92	28644	7	0
92	28676	7.1	3.5901715998072
92	28708	7.2	0
92	28740	7.3	5.0870501802769
92	28852	7.4	0
92	28882	7.5	-9
92	28912	7.6	0
92	28942	7.7	-9
92	28972	7.8	0
92	29002	7.9	-8.1256713030254
92	29032	8	0
92	29062	8.1	-8.321503187541
92	29252	8.2	0
92	29278	8.3	277.28317863781
92	29304	8.4	0
92	29330	8.5	0
92	29356	8.6	0
92	29382	8.7	0
92	29408	8.8	0
92	29434	8.9	0
92	29460	9	0
92	29486	9.1	0
92	29512	9.2	0
92	29538	9.3	0
93	631	0.5	0.973
93	960	0.6	1.4027675773937
93	1608	0.7	2.9275826505615
93	2360	0.8	1.4089877590716
93	3663	0.9	0.973
93	6245	1	1.3994167458952
93	9707	1.1	0.973
93	13173	1.2	1.3894409354067
93	15201	1.3	0.973
93	15873	1.4	1.3777587588778
93	16225	1.5	0.973
93	16578	1.6	1.3479741049664
93	16937	1.7	0.973
93	17285	1.8	1.3349313824312
93	17630	1.9	0.973
93	17975	2	1.3277244980148
93	18317	2.1	0.973
93	18665	2.2	1.3216155290458
93	19015	2.3	0.973
93	19362	2.4	1.2942258478442
93	19709	2.5	1.415820203859
93	20066	2.6	1.2949256796506
93	20416	2.7	0.973
93	20770	2.8	1.2843314522413
93	21526	2.9	0.973
93	25108	3	1.2668848621042
93	26582	3.1	0.973
93	26628	3.2	1.2550641457769
93	26674	3.3	0.973
93	26720	3.4	1.2415468868715
93	26766	3.5	1.7971957484645
93	26812	3.6	1.2456995630544
93	26858	3.7	2.307217372566
93	27064	3.8	1.2532561087059
93	27106	3.9	3.5762651001399
93	27148	4	1.2683834754279
93	27190	4.1	2.5564650185048
93	27232	4.2	1.2764456160212
93	27274	4.3	5.4055681143794
93	27316	4.4	1.2995501256573
93	27358	4.5	1.9056366309957
93	27560	4.6	1.3029190743657
93	27598	4.7	5.6382128194617
93	27636	4.8	1.324919545071
93	27674	4.9	4.1659670539461
93	27712	5	1.3387305937507
93	27750	5.1	0.973
93	27788	5.2	1.3203823901731
93	27826	5.3	0.973
93	27864	5.4	1.2906220593479
93	27902	5.5	0.973
93	28100	5.6	1.2753703205209
93	28134	5.7	0.973
93	28168	5.8	1.2428295412613
93	28202	5.9	4.3964703161787
93	28236	6	1.26384499846
93	28270	6.1	3.4362978966339
93	28304	6.2	1.2773552992603
93	28338	6.3	3.9992043038659
93	28452	6.4	1.2930621083179
93	28484	6.5	6.1457109115736
93	28516	6.6	1.3182561519313
93	28548	6.7	4.1758369679655
93	28580	6.8	1.3324338386382
93	28612	6.9	6.0946055719902
93	28644	7	1.3544305422594
93	28676	7.1	5.8801267719303
93	28708	7.2	1.3742661422018
93	28740	7.3	8.4112015091534
93	28852	7.4	1.4030151278184
93	28882	7.5	0.973
93	28912	7.6	1.3526645543597
93	28942	7.7	0.973
93	28972	7.8	1.3044763581938
93	29002	7.9	0.973
93	29032	8	1.2624911563783
93	29062	8.1	0.973
93	29252	8.2	1.2206689136456
93	29278	8.3	2009.8088113114
93	29304	8.4	5.05142976
93	29330	8.5	5.05142976
93	29356	8.6	5.05142976
93	29382	8.7	5.05142976
93	29408	8.8	5.05142976
93	29434	8.9	5.05142976
93	29460	9	5.05142976
93	29486	9.1	5.05142976
93	29512	9.2	5.05142976
93	29538	9.3	5.05142976
94	631	0.5	-1.7401309651323
94	960	0.6	0
94	1608	0.7	2.1288861394364
94	2360	0.8	0
94	3663	0.9	-5.553743842741
94	6245	1	0
94	9707	1.1	-0.70624781447632
94	13173	1.2	0
94	15201	1.3	-4.4937575089584
94	15873	1.4	0
94	16225	1.5	-2.2622363910333
94	16578	1.6	0
94	16937	1.7	-0.34294548926662
94	17285	1.8	0
94	17630	1.9	-3.822755076085
94	17975	2	0
94	18317	2.1	-2.5468813760525
94	18665	2.2	0
94	19015	2.3	-3.9492541343753
94	19362	2.4	0
94	19709	2.5	-0.23251119874419
94	20066	2.6	0
94	20416	2.7	-3.2822420915159
94	20770	2.8	0
94	21526	2.9	-2.5853274164626
94	25108	3	0
94	26582	3.1	-0.67984271542015
94	26628	3.2	0
94	26674	3.3	-2.4220533501564
94	26720	3.4	0
94	26766	3.5	-1.6963124016229
94	26812	3.6	0
94	26858	3.7	-1.8445866634982
94	27064	3.8	0
94	27106	3.9	-1.8363981577207
94	27148	4	0
94	27190	4.1	-3.1856958823418
94	27232	4.2	0
94	27274	4.3	-0.47686247166604
94	27316	4.4	0
94	27358	4.5	-0.13514524900418
94	27560	4.6	0
94	27598	4.7	1.9354950987924
94	27636	4.8	0
94	27674	4.9	3.8305154656896
94	27712	5	0
94	27750	5.1	3.443216859689
94	27788	5.2	0
94	27826	5.3	4.3381604951806
94	27864	5.4	0
94	27902	5.5	3.8370239676442
94	28100	5.6	0
94	28134	5.7	4.2796462832484
94	28168	5.8	0
94	28202	5.9	5.0839134952053
94	28236	6	0
94	28270	6.1	4.9945212253835
94	28304	6.2	0
94	28338	6.3	3.9572333895136
94	28452	6.4	0
94	28484	6.5	245.47648989778
94	28516	6.6	0
94	28548	6.7	0
94	28580	6.8	0
94	28612	6.9	0
94	28644	7	0
94	28676	7.1	0
94	28708	7.2	0
94	28740	7.3	0
94	28852	7.4	0
94	28882	7.5	0
94	28912	7.6	0
94	28942	7.7	0
94	28972	7.8	0
94	29002	7.9	0
94	29032	8	0
94	29062	8.1	0
94	29252	8.2	0
94	29278	8.3	0
94	29304	8.4	0
94	29330	8.5	0
94	29356	8.6	0
94	29382	8.7	0
94	29408	8.8	0
94	29434	8.9	0
94	29460	9	0
94	29486	9.1	0
94	29512	9.2	0
94	29538	9.3	0
95	631	0.5	0.973
95	960	0.6	1.4121407723264
95	1608	0.7	4.5479676527863
95	2360	0.8	1.4245215760191
95	3663	0.9	0.973
95	6245	1	1.3925304972379
95	9707	1.1	0.973
95	13173	1.2	1.3885320838403
95	15201	1.3	0.973
95	15873	1.4	1.3634362648976
95	16225	1.5	0.973
95	16578	1.6	1.3510180516878
95	16937	1.7	0.973
95	17285	1.8	1.3491475123384
95	17630	1.9	0.973
95	17975	2	1.3285015251451
95	18317	2.1	0.973
95	18665	2.2	1.3149446630964
95	19015	2.3	0.973
95	19362	2.4	1.2942123234324
95	19709	2.5	0.973
95	20066	2.6	1.2930020709418
95	20416	2.7	0.973
95	20770	2.8	1.2760324952832
95	21526	2.9	0.973
95	25108	3	1.2628086442796
95	26582	3.1	0.973
95	26628	3.2	1.2593507982782
95	26674	3.3	0.973
95	26720	3.4	1.24709377426
95	26766	3.5	0.973
95	26812	3.6	1.2385641055706
95	26858	3.7	0.973
95	27064	3.8	1.2293363816561
95	27106	3.9	0.973
95	27148	4	1.2201954454526
95	27190	4.1	0.973
95	27232	4.2	1.2044364921397
95	27274	4.3	0.973
95	27316	4.4	1.202087400456
95	27358	4.5	0.973
95	27560	4.6	1.2014220931158
95	27598	4.7	2.1792947287944
95	27636	4.8	1.2109691980039
95	27674	4.9	3.5000119591512
95	27712	5	1.2299946957001
95	27750	5.1	3.5734883889075
95	27788	5.2	1.2472663284069
95	27826	5.3	4.6536874203565
95	27864	5.4	1.2692921641816
95	27902	5.5	4.637307901593
95	28100	5.6	1.289053575875
95	28134	5.7	5.4873393494776
95	28168	5.8	1.311444565268
95	28202	5.9	6.9221381298043
95	28236	6	1.3385811381991
95	28270	6.1	7.4524355293201
95	28304	6.2	1.3658758791615
95	28338	6.3	6.5878652778806
95	28452	6.4	1.3879949398518
95	28484	6.5	1779.8464517209
95	28516	6.6	5.05142976
95	28548	6.7	5.05142976
95	28580	6.8	5.05142976
95	28612	6.9	5.05142976
95	28644	7	5.05142976
95	28676	7.1	5.05142976
95	28708	7.2	5.05142976
95	28740	7.3	5.05142976
95	28852	7.4	5.05142976
95	28882	7.5	5.05142976
95	28912	7.6	5.05142976
95	28942	7.7	5.05142976
95	28972	7.8	5.05142976
95	29002	7.9	5.05142976
95	29032	8	5.05142976
95	29062	8.1	5.05142976
95	29252	8.2	5.05142976
95	29278	8.3	5.05142976
95	29304	8.4	5.05142976
95	29330	8.5	5.05142976
95	29356	8.6	5.05142976
95	29382	8.7	5.05142976
95	29408	8.8	5.05142976
95	29434	8.9	5.05142976
95	29460	9	5.05142976
95	29486	9.1	5.05142976
95	29512	9.2	5.05142976
95	29538	9.3	5.05142976
96	631	0.5	-4.2976088519533
96	960	0.6	0
96	1608	0.7	-9
96	2360	0.8	0
96	3663	0.9	-9
96	6245	1	0
96	9707	1.1	-9
96	13173	1.2	0
96	15201	1.3	-9
96	15873	1.4	0
96	16225	1.5	-9
96	16578	1.6	0
96	16937	1.7	-9
96	17285	1.8	0
96	17630	1.9	-9
96	17975	2	0
96	18317	2.1	-9
96	18665	2.2	0
96	19015	2.3	-9
96	19362	2.4	0
96	19709	2.5	-8.9844249262042
96	20066	2.6	0
96	20416	2.7	-7.5457202429612
96	20770	2.8	0
96	21526	2.9	-0.91796268792818
96	25108	3	0
96	26582	3.1	-0.081122555916581
96	26628	3.2	0
96	26674	3.3	-0.0023274017032953
96	26720	3.4	0
96	26766	3.5	0
96	26812	3.6	0
96	26858	3.7	0
96	27064	3.8	0
96	27106	3.9	300
96	27148	4	0
96	27190	4.1	0
96	27232	4.2	0
96	27274	4.3	0
96	27316	4.4	0
96	27358	4.5	0
96	27560	4.6	0
96	27598	4.7	0
96	27636	4.8	0
96	27674	4.9	0
96	27712	5	0
96	27750	5.1	0
96	27788	5.2	0
96	27826	5.3	0
96	27864	5.4	0
96	27902	5.5	0
96	28100	5.6	0
96	28134	5.7	0
96	28168	5.8	0
96	28202	5.9	0
96	28236	6	0
96	28270	6.1	0
96	28304	6.2	0
96	28338	6.3	0
96	28452	6.4	0
96	28484	6.5	0
96	28516	6.6	0
96	28548	6.7	0
96	28580	6.8	0
96	28612	6.9	0
96	28644	7	0
96	28676	7.1	0
96	28708	7.2	0
96	28740	7.3	0
96	28852	7.4	0
96	28882	7.5	0
96	28912	7.6	0
96	28942	7.7	0
96	28972	7.8	0
96	29002	7.9	0
96	29032	8	0
96	29062	8.1	0
96	29252	8.2	0
96	29278	8.3	0
96	29304	8.4	0
96	29330	8.5	0
96	29356	8.6	0
96	29382	8.7	0
96	29408	8.8	0
96	29434	8.9	0
96	29460	9	0
96	29486	9.1	0
96	29512	9.2	0
96	29538	9.3	0
97	631	0.5	0.973
97	960	0.6	1.6736849906497
97	1608	0.7	0.973
97	2360	0.8	1.6081983400167
97	3663	0.9	0.973
97	6245	1	1.5467313103509
97	9707	1.1	0.973
97	13173	1.2	1.4888798364313
97	15201	1.3	0.973
97	15873	1.4	1.4342398530367
97	16225	1.5	0.973
97	16578	1.6	1.3824072949461
97	16937	1.7	0.973
97	17285	1.8	1.3329780969383
97	17630	1.9	0.973
97	17975	2	1.2855481937922
97	18317	2.1	0.973
97	18665	2.2	1.2397135202866
97	19015	2.3	0.973
97	19362	2.4	1.1950700112005
97	19709	2.5	0.973
97	20066	2.6	1.1512890502242
97	20416	2.7	0.973
97	20770	2.8	1.1148309073731
97	21526	2.9	0.973
97	25108	3	1.1104025626492
97	26582	3.1	1.1100066771907
97	26628	3.2	1.1100112273858
97	26674	3.3	0.973
97	26720	3.4	0.973
97	26766	3.5	0.973
97	26812	3.6	0.973
97	26858	3.7	0.973
97	27064	3.8	0.973
97	27106	3.9	2174.05142976
97	27148	4	5.05142976
97	27190	4.1	5.05142976
97	27232	4.2	5.05142976
97	27274	4.3	5.05142976
97	27316	4.4	5.05142976
97	27358	4.5	5.05142976
97	27560	4.6	5.05142976
97	27598	4.7	5.05142976
97	27636	4.8	5.05142976
97	27674	4.9	5.05142976
97	27712	5	5.05142976
97	27750	5.1	5.05142976
97	27788	5.2	5.05142976
97	27826	5.3	5.05142976
97	27864	5.4	5.05142976
97	27902	5.5	5.05142976
97	28100	5.6	5.05142976
97	28134	5.7	5.05142976
97	28168	5.8	5.05142976
97	28202	5.9	5.05142976
97	28236	6	5.05142976
97	28270	6.1	5.05142976
97	28304	6.2	5.05142976
97	28338	6.3	5.05142976
97	28452	6.4	5.05142976
97	28484	6.5	5.05142976
97	28516	6.6	5.05142976
97	28548	6.7	5.05142976
97	28580	6.8	5.05142976
97	28612	6.9	5.05142976
97	28644	7	5.05142976
97	28676	7.1	5.05142976
97	28708	7.2	5.05142976
97	28740	7.3	5.05142976
97	28852	7.4	5.05142976
97	28882	7.5	5.05142976
97	28912	7.6	5.05142976
97	28942	7.7	5.05142976
97	28972	7.8	5.05142976
97	29002	7.9	5.05142976
97	29032	8	5.05142976
97	29062	8.1	5.05142976
97	29252	8.2	5.05142976
97	29278	8.3	5.05142976
97	29304	8.4	5.05142976
97	29330	8.5	5.05142976
97	29356	8.6	5.05142976
97	29382	8.7	5.05142976
97	29408	8.8	5.05142976
97	29434	8.9	5.05142976
97	29460	9	5.05142976
97	29486	9.1	5.05142976
97	29512	9.2	5.05142976
97	29538	9.3	5.05142976
98	631	0.5	-0.5089860224165
98	960	0.6	0
98	1608	0.7	-1.6966122725381
98	2360	0.8	0
98	3663	0.9	-6.9030678400691
98	6245	1	0
98	9707	1.1	-6.9919965412275
98	13173	1.2	0
98	15201	1.3	-3.9548114965839
98	15873	1.4	0
98	16225	1.5	-4.9228025268112
98	16578	1.6	0
98	16937	1.7	-6.7388698237226
98	17285	1.8	0
98	17630	1.9	-4.5158744047035
98	17975	2	0
98	18317	2.1	-5.2059809219134
98	18665	2.2	0
98	19015	2.3	-4.0399772352483
98	19362	2.4	0
98	19709	2.5	-4.3675456783902
98	20066	2.6	0
98	20416	2.7	-3.2510543524823
98	20770	2.8	0
98	21526	2.9	-2.1360498288473
98	25108	3	0
98	26582	3.1	-3.7277094754686
98	26628	3.2	0
98	26674	3.3	-2.8179768578142
98	26720	3.4	0
98	26766	3.5	-1.730137009737
98	26812	3.6	0
98	26858	3.7	-2.3382387261829
98	27064	3.8	0
98	27106	3.9	-2.4155976133237
98	27148	4	0
98	27190	4.1	4.9691276248822
98	27232	4.2	0
98	27274	4.3	4.3258947233002
98	27316	4.4	0
98	27358	4.5	4.6908094721216
98	27560	4.6	0
98	27598	4.7	276.50277732
98	27636	4.8	0
98	27674	4.9	0
98	27712	5	0
98	27750	5.1	0
98	27788	5.2	0
98	27826	5.3	0
98	27864	5.4	0
98	27902	5.5	0
98	28100	5.6	0
98	28134	5.7	0
98	28168	5.8	0
98	28202	5.9	0
98	28236	6	0
98	28270	6.1	0
98	28304	6.2	0
98	28338	6.3	0
98	28452	6.4	0
98	28484	6.5	0
98	28516	6.6	0
98	28548	6.7	0
98	28580	6.8	0
98	28612	6.9	0
98	28644	7	0
98	28676	7.1	0
98	28708	7.2	0
98	28740	7.3	0
98	28852	7.4	0
98	28882	7.5	0
98	28912	7.6	0
98	28942	7.7	0
98	28972	7.8	0
98	29002	7.9	0
98	29032	8	0
98	29062	8.1	0
98	29252	8.2	0
98	29278	8.3	0
98	29304	8.4	0
98	29330	8.5	0
98	29356	8.6	0
98	29382	8.7	0
98	29408	8.8	0
98	29434	8.9	0
98	29460	9	0
98	29486	9.1	0
98	29512	9.2	0
98	29538	9.3	0
99	631	0.5	0.973
99	960	0.6	1.5253417930445
99	1608	0.7	0.973
99	2360	0.8	1.5144114730984
99	3663	0.9	0.973
99	6245	1	1.4711535936483
99	9707	1.1	0.973
99	13173	1.2	1.4291864792958
99	15201	1.3	0.973
99	15873	1.4	1.4062011583653
99	16225	1.5	0.973
99	16578	1.6	1.3782850499287
99	16937	1.7	0.973
99	17285	1.8	1.3412071104417
99	17630	1.9	0.973
99	17975	2	1.3170194947587
99	18317	2.1	0.973
99	18665	2.2	1.2897150306652
99	19015	2.3	0.973
99	19362	2.4	1.2689062239084
99	19709	2.5	0.973
99	20066	2.6	1.2467377493887
99	20416	2.7	0.973
99	20770	2.8	1.2304305418916
99	21526	2.9	0.973
99	25108	3	1.2197960509184
99	26582	3.1	0.973
99	26628	3.2	1.2013706923641
99	26674	3.3	0.973
99	26720	3.4	1.1875396920363
99	26766	3.5	0.973
99	26812	3.6	1.1790836251318
99	26858	3.7	0.973
99	27064	3.8	1.1676925270701
99	27106	3.9	0.973
99	27148	4	1.1559624380946
99	27190	4.1	2.9142631367355
99	27232	4.2	1.1801345161086
99	27274	4.3	3.161981577278
99	27316	4.4	1.2013365930677
99	27358	4.5	3.8808750314041
99	27560	4.6	1.2245490587506
99	27598	4.7	2004.1665097836
99	27636	4.8	5.05142976
99	27674	4.9	5.05142976
99	27712	5	5.05142976
99	27750	5.1	5.05142976
99	27788	5.2	5.05142976
99	27826	5.3	5.05142976
99	27864	5.4	5.05142976
99	27902	5.5	5.05142976
99	28100	5.6	5.05142976
99	28134	5.7	5.05142976
99	28168	5.8	5.05142976
99	28202	5.9	5.05142976
99	28236	6	5.05142976
99	28270	6.1	5.05142976
99	28304	6.2	5.05142976
99	28338	6.3	5.05142976
99	28452	6.4	5.05142976
99	28484	6.5	5.05142976
99	28516	6.6	5.05142976
99	28548	6.7	5.05142976
99	28580	6.8	5.05142976
99	28612	6.9	5.05142976
99	28644	7	5.05142976
99	28676	7.1	5.05142976
99	28708	7.2	5.05142976
99	28740	7.3	5.05142976
99	28852	7.4	5.05142976
99	28882	7.5	5.05142976
99	28912	7.6	5.05142976
99	28942	7.7	5.05142976
99	28972	7.8	5.05142976
99	29002	7.9	5.05142976
99	29032	8	5.05142976
99	29062	8.1	5.05142976
99	29252	8.2	5.05142976
99	29278	8.3	5.05142976
99	29304	8.4	5.05142976
99	29330	8.5	5.05142976
99	29356	8.6	5.05142976
99	29382	8.7	5.05142976
99	29408	8.8	5.05142976
99	29434	8.9	5.05142976
99	29460	9	5.05142976
99	29486	9.1	5.05142976
99	29512	9.2	5.05142976
99	29538	9.3	5.05142976
100	631	0.5	-2.0282611952163
100	960	0.6	0
100	1608	0.7	2.5141099071916
100	2360	0.8	0
100	3663	0.9	1.3768907572963
100	6245	1	0
100	9707	1.1	-5.852786955767
100	13173	1.2	0
100	15201	1.3	-2.4756065180018
100	15873	1.4	0
100	16225	1.5	-3.1934828613621
100	16578	1.6	0
100	16937	1.7	-0.3100535712457
100	17285	1.8	0
100	17630	1.9	-5.794426198615
100	17975	2	0
100	18317	2.1	-1.5697477320041
100	18665	2.2	0
100	19015	2.3	-2.2184681824695
100	19362	2.4	0
100	19709	2.5	-1.7497430210666
100	20066	2.6	0
100	20416	2.7	-2.9503204691142
100	20770	2.8	0
100	21526	2.9	-1.3143885928933
100	25108	3	0
100	26582	3.1	-2.228593689978
100	26628	3.2	0
100	26674	3.3	-2.9660530415892
100	26720	3.4	0
100	26766	3.5	-1.5165249120578
100	26812	3.6	0
100	26858	3.7	-0.9950852052629
100	27064	3.8	0
100	27106	3.9	-3.5474088234262
100	27148	4	0
100	27190	4.1	-0.42654109185158
100	27232	4.2	0
100	27274	4.3	-1.2655616242628
100	27316	4.4	0
100	27358	4.5	1.3264522542306
100	27560	4.6	0
100	27598	4.7	0.19782307615132
100	27636	4.8	0
100	27674	4.9	2.9195453025401
100	27712	5	0
100	27750	5.1	2.8784664062783
100	27788	5.2	0
100	27826	5.3	2.8834516933188
100	27864	5.4	0
100	27902	5.5	2.7984292147215
100	28100	5.6	0
100	28134	5.7	4.5187494213227
100	28168	5.8	0
100	28202	5.9	3.0264557641931
100	28236	6	0
100	28270	6.1	2.7486096469685
100	28304	6.2	0
100	28338	6.3	3.900891034957
100	28452	6.4	0
100	28484	6.5	3.6027313662227
100	28516	6.6	0
100	28548	6.7	3.0654938410502
100	28580	6.8	0
100	28612	6.9	3.0580575259402
100	28644	7	0
100	28676	7.1	2.7705907876138
100	28708	7.2	0
100	28740	7.3	2.6398496631999
100	28852	7.4	0
100	28882	7.5	238.25396185049
100	28912	7.6	0
100	28942	7.7	0
100	28972	7.8	0
100	29002	7.9	0
100	29032	8	0
100	29062	8.1	0
100	29252	8.2	0
100	29278	8.3	0
100	29304	8.4	0
100	29330	8.5	0
100	29356	8.6	0
100	29382	8.7	0
100	29408	8.8	0
100	29434	8.9	0
100	29460	9	0
100	29486	9.1	0
100	29512	9.2	0
100	29538	9.3	0
101	631	0.5	0.973
101	960	0.6	1.3957652406036
101	1608	0.7	4.9491337972139
101	2360	0.8	1.4101694536593
101	3663	0.9	3.4020017291066
101	6245	1	1.4181443005647
101	9707	1.1	0.973
101	13173	1.2	1.3846619471493
101	15201	1.3	0.973
101	15873	1.4	1.3708142115849
101	16225	1.5	0.973
101	16578	1.6	1.3532078847078
101	16937	1.7	0.973
101	17285	1.8	1.3515133146834
101	17630	1.9	0.973
101	17975	2	1.3202965561882
101	18317	2.1	0.973
101	18665	2.2	1.3119793079905
101	19015	2.3	0.973
101	19362	2.4	1.3003188704902
101	19709	2.5	0.973
101	20066	2.6	1.2911962237387
101	20416	2.7	0.973
101	20770	2.8	1.2759533135349
101	21526	2.9	0.973
101	25108	3	1.2692156433619
101	26582	3.1	0.973
101	26628	3.2	1.2578618145355
101	26674	3.3	0.973
101	26720	3.4	1.2428785091418
101	26766	3.5	0.973
101	26812	3.6	1.2352697176062
101	26858	3.7	0.973
101	27064	3.8	1.2302950049417
101	27106	3.9	0.973
101	27148	4	1.2126667863489
101	27190	4.1	0.973
101	27232	4.2	1.2105575679363
101	27274	4.3	0.973
101	27316	4.4	1.2043115514189
101	27358	4.5	1.8737651655937
101	27560	4.6	1.2108585396253
101	27598	4.7	1.3116436564236
101	27636	4.8	1.2118366391184
101	27674	4.9	2.9047375914353
101	27712	5	1.2263268811724
101	27750	5.1	3.0952006764567
101	27788	5.2	1.2407235094184
101	27826	5.3	3.3133316267773
101	27864	5.4	1.2552681675534
101	27902	5.5	3.4556250744634
101	28100	5.6	1.2695143375455
101	28134	5.7	5.3149320283646
101	28168	5.8	1.2928205506361
101	28202	5.9	4.2232328988412
101	28236	6	1.3086605912246
101	28270	6.1	4.1522915475756
101	28304	6.2	1.3232218044392
101	28338	6.3	5.7260075944676
101	28452	6.4	1.3441971951143
101	28484	6.5	5.7236202041414
101	28516	6.6	1.3639178099583
101	28548	6.7	5.3170406437992
101	28580	6.8	1.3809811362916
101	28612	6.9	5.5501672665744
101	28644	7	1.3982795522224
101	28676	7.1	5.360796938712
101	28708	7.2	1.4142035611139
101	28740	7.3	5.3579161376322
101	28852	7.4	1.4296099195213
101	28882	7.5	1727.6275739391
101	28912	7.6	5.05142976
101	28942	7.7	5.05142976
101	28972	7.8	5.05142976
101	29002	7.9	5.05142976
101	29032	8	5.05142976
101	29062	8.1	5.05142976
101	29252	8.2	5.05142976
101	29278	8.3	5.05142976
101	29304	8.4	5.05142976
101	29330	8.5	5.05142976
101	29356	8.6	5.05142976
101	29382	8.7	5.05142976
101	29408	8.8	5.05142976
101	29434	8.9	5.05142976
101	29460	9	5.05142976
101	29486	9.1	5.05142976
101	29512	9.2	5.05142976
101	29538	9.3	5.05142976
102	631	0.5	-6.430460592578
102	960	0.6	0
102	1608	0.7	-7.6382754413179
102	2360	0.8	0
102	3663	0.9	-9
102	6245	1	0
102	9707	1.1	-9
102	13173	1.2	0
102	15201	1.3	-7.739505429107
102	15873	1.4	0
102	16225	1.5	-9
102	16578	1.6	0
102	16937	1.7	-9
102	17285	1.8	0
102	17630	1.9	-8.6803391001565
102	17975	2	0
102	18317	2.1	-9
102	18665	2.2	0
102	19015	2.3	-9
102	19362	2.4	0
102	19709	2.5	-9
102	20066	2.6	0
102	20416	2.7	-8.5080133498605
102	20770	2.8	0
102	21526	2.9	-0.82095502828052
102	25108	3	0
102	26582	3.1	299.98838227463
102	26628	3.2	0
102	26674	3.3	0
102	26720	3.4	0
102	26766	3.5	0
102	26812	3.6	0
102	26858	3.7	0
102	27064	3.8	0
102	27106	3.9	0
102	27148	4	0
102	27190	4.1	0
102	27232	4.2	0
102	27274	4.3	0
102	27316	4.4	0
102	27358	4.5	0
102	27560	4.6	0
102	27598	4.7	0
102	27636	4.8	0
102	27674	4.9	0
102	27712	5	0
102	27750	5.1	0
102	27788	5.2	0
102	27826	5.3	0
102	27864	5.4	0
102	27902	5.5	0
102	28100	5.6	0
102	28134	5.7	0
102	28168	5.8	0
102	28202	5.9	0
102	28236	6	0
102	28270	6.1	0
102	28304	6.2	0
102	28338	6.3	0
102	28452	6.4	0
102	28484	6.5	0
102	28516	6.6	0
102	28548	6.7	0
102	28580	6.8	0
102	28612	6.9	0
102	28644	7	0
102	28676	7.1	0
102	28708	7.2	0
102	28740	7.3	0
102	28852	7.4	0
102	28882	7.5	0
102	28912	7.6	0
102	28942	7.7	0
102	28972	7.8	0
102	29002	7.9	0
102	29032	8	0
102	29062	8.1	0
102	29252	8.2	0
102	29278	8.3	0
102	29304	8.4	0
102	29330	8.5	0
102	29356	8.6	0
102	29382	8.7	0
102	29408	8.8	0
102	29434	8.9	0
102	29460	9	0
102	29486	9.1	0
102	29512	9.2	0
102	29538	9.3	0
103	631	0.5	0.973
103	960	0.6	1.6577808457603
103	1608	0.7	0.973
103	2360	0.8	1.6027800758631
103	3663	0.9	0.973
103	6245	1	1.5416386570526
103	9707	1.1	0.973
103	13173	1.2	1.4840781733576
103	15201	1.3	0.973
103	15873	1.4	1.4371350294248
103	16225	1.5	0.973
103	16578	1.6	1.3851602079905
103	16937	1.7	0.973
103	17285	1.8	1.3356107173438
103	17630	1.9	0.973
103	17975	2	1.2897405053492
103	18317	2.1	0.973
103	18665	2.2	1.2437789619913
103	19015	2.3	0.973
103	19362	2.4	1.1990449052968
103	19709	2.5	0.973
103	20066	2.6	1.1551342700444
103	20416	2.7	0.973
103	20770	2.8	1.1140163842773
103	21526	2.9	0.973
103	25108	3	1.1100560439073
103	26582	3.1	2173.9674336056
103	26628	3.2	5.05142976
103	26674	3.3	5.05142976
103	26720	3.4	5.05142976
103	26766	3.5	5.05142976
103	26812	3.6	5.05142976
103	26858	3.7	5.05142976
103	27064	3.8	5.05142976
103	27106	3.9	5.05142976
103	27148	4	5.05142976
103	27190	4.1	5.05142976
103	27232	4.2	5.05142976
103	27274	4.3	5.05142976
103	27316	4.4	5.05142976
103	27358	4.5	5.05142976
103	27560	4.6	5.05142976
103	27598	4.7	5.05142976
103	27636	4.8	5.05142976
103	27674	4.9	5.05142976
103	27712	5	5.05142976
103	27750	5.1	5.05142976
103	27788	5.2	5.05142976
103	27826	5.3	5.05142976
103	27864	5.4	5.05142976
103	27902	5.5	5.05142976
103	28100	5.6	5.05142976
103	28134	5.7	5.05142976
103	28168	5.8	5.05142976
103	28202	5.9	5.05142976
103	28236	6	5.05142976
103	28270	6.1	5.05142976
103	28304	6.2	5.05142976
103	28338	6.3	5.05142976
103	28452	6.4	5.05142976
103	28484	6.5	5.05142976
103	28516	6.6	5.05142976
103	28548	6.7	5.05142976
103	28580	6.8	5.05142976
103	28612	6.9	5.05142976
103	28644	7	5.05142976
103	28676	7.1	5.05142976
103	28708	7.2	5.05142976
103	28740	7.3	5.05142976
103	28852	7.4	5.05142976
103	28882	7.5	5.05142976
103	28912	7.6	5.05142976
103	28942	7.7	5.05142976
103	28972	7.8	5.05142976
103	29002	7.9	5.05142976
103	29032	8	5.05142976
103	29062	8.1	5.05142976
103	29252	8.2	5.05142976
103	29278	8.3	5.05142976
103	29304	8.4	5.05142976
103	29330	8.5	5.05142976
103	29356	8.6	5.05142976
103	29382	8.7	5.05142976
103	29408	8.8	5.05142976
103	29434	8.9	5.05142976
103	29460	9	5.05142976
103	29486	9.1	5.05142976
103	29512	9.2	5.05142976
103	29538	9.3	5.05142976
104	631	0.5	-0.15510692815297
104	960	0.6	0
104	1608	0.7	-5.0847386034537
104	2360	0.8	0
104	3663	0.9	-5.2620057503809
104	6245	1	0
104	9707	1.1	-5.7678134380281
104	13173	1.2	0
104	15201	1.3	-4.5977104947098
104	15873	1.4	0
104	16225	1.5	-4.7952035151841
104	16578	1.6	0
104	16937	1.7	-5.7778798849399
104	17285	1.8	0
104	17630	1.9	-3.5082024103703
104	17975	2	0
104	18317	2.1	-5.9927888170564
104	18665	2.2	0
104	19015	2.3	-3.3357753110466
104	19362	2.4	0
104	19709	2.5	-4.7411764396578
104	20066	2.6	0
104	20416	2.7	-1.7364970150833
104	20770	2.8	0
104	21526	2.9	-4.4918768236886
104	25108	3	0
104	26582	3.1	-4.200040543851
104	26628	3.2	0
104	26674	3.3	4.9814027512965
104	26720	3.4	0
104	26766	3.5	2.8534443787299
104	26812	3.6	0
104	26858	3.7	4.0015029519796
104	27064	3.8	0
104	27106	3.9	4.0247519754805
104	27148	4	0
104	27190	4.1	2.6014937189408
104	27232	4.2	0
104	27274	4.3	4.7776982647367
104	27316	4.4	0
104	27358	4.5	3.3556364652701
104	27560	4.6	0
104	27598	4.7	4.7823774014134
104	27636	4.8	0
104	27674	4.9	-2.8038814246024
104	27712	5	0
104	27750	5.1	-6.5617591348011
104	27788	5.2	0
104	27826	5.3	-9
104	27864	5.4	0
104	27902	5.5	-9
104	28100	5.6	0
104	28134	5.7	277.65946913998
104	28168	5.8	0
104	28202	5.9	0
104	28236	6	0
104	28270	6.1	0
104	28304	6.2	0
104	28338	6.3	0
104	28452	6.4	0
104	28484	6.5	0
104	28516	6.6	0
104	28548	6.7	0
104	28580	6.8	0
104	28612	6.9	0
104	28644	7	0
104	28676	7.1	0
104	28708	7.2	0
104	28740	7.3	0
104	28852	7.4	0
104	28882	7.5	0
104	28912	7.6	0
104	28942	7.7	0
104	28972	7.8	0
104	29002	7.9	0
104	29032	8	0
104	29062	8.1	0
104	29252	8.2	0
104	29278	8.3	0
104	29304	8.4	0
104	29330	8.5	0
104	29356	8.6	0
104	29382	8.7	0
104	29408	8.8	0
104	29434	8.9	0
104	29460	9	0
104	29486	9.1	0
104	29512	9.2	0
104	29538	9.3	0
105	631	0.5	1.2374891487367
105	960	0.6	1.5276370852233
105	1608	0.7	0.973
105	2360	0.8	1.4951623763702
105	3663	0.9	0.973
105	6245	1	1.462649072745
105	9707	1.1	0.973
105	13173	1.2	1.4281935493058
105	15201	1.3	0.973
105	15873	1.4	1.4015454285908
105	16225	1.5	0.973
105	16578	1.6	1.3744621706229
105	16937	1.7	0.973
105	17285	1.8	1.3427054938116
105	17630	1.9	0.973
105	17975	2	1.3238486883027
105	18317	2.1	0.973
105	18665	2.2	1.2922997792938
105	19015	2.3	0.973
105	19362	2.4	1.275063946658
105	19709	2.5	0.973
105	20066	2.6	1.2509169843501
105	20416	2.7	0.973
105	20770	2.8	1.2421657157671
105	21526	2.9	0.973
105	25108	3	1.2197307821514
105	26582	3.1	0.973
105	26628	3.2	1.198982346305
105	26674	3.3	4.0219333452754
105	26720	3.4	1.2236138267443
105	26766	3.5	3.0370207760797
105	26812	3.6	1.2378632414156
105	26858	3.7	4.1669703520932
105	27064	3.8	1.2580475793866
105	27106	3.9	4.5948300771834
105	27148	4	1.2786193053827
105	27190	4.1	3.5986919776213
105	27232	4.2	1.2920773926333
105	27274	4.3	6.1034227597406
105	27316	4.4	1.3171600073271
105	27358	4.5	4.9681126181393
105	27560	4.6	1.33508771324
105	27598	4.7	7.0900270171123
105	27636	4.8	1.3611275482528
105	27674	4.9	0.973
105	27712	5	1.3457880061032
105	27750	5.1	0.973
105	27788	5.2	1.3106672560466
105	27826	5.3	0.973
105	27864	5.4	1.2640304729901
105	27902	5.5	0.973
105	28100	5.6	1.2188007586593
105	28134	5.7	2012.5293916421
105	28168	5.8	5.05142976
105	28202	5.9	5.05142976
105	28236	6	5.05142976
105	28270	6.1	5.05142976
105	28304	6.2	5.05142976
105	28338	6.3	5.05142976
105	28452	6.4	5.05142976
105	28484	6.5	5.05142976
105	28516	6.6	5.05142976
105	28548	6.7	5.05142976
105	28580	6.8	5.05142976
105	28612	6.9	5.05142976
105	28644	7	5.05142976
105	28676	7.1	5.05142976
105	28708	7.2	5.05142976
105	28740	7.3	5.05142976
105	28852	7.4	5.05142976
105	28882	7.5	5.05142976
105	28912	7.6	5.05142976
105	28942	7.7	5.05142976
105	28972	7.8	5.05142976
105	29002	7.9	5.05142976
105	29032	8	5.05142976
105	29062	8.1	5.05142976
105	29252	8.2	5.05142976
105	29278	8.3	5.05142976
105	29304	8.4	5.05142976
105	29330	8.5	5.05142976
105	29356	8.6	5.05142976
105	29382	8.7	5.05142976
105	29408	8.8	5.05142976
105	29434	8.9	5.05142976
105	29460	9	5.05142976
105	29486	9.1	5.05142976
105	29512	9.2	5.05142976
105	29538	9.3	5.05142976
106	631	0.5	-0.96904899780639
106	960	0.6	0
106	1608	0.7	1.8759738724278
106	2360	0.8	0
106	3663	0.9	-3.5083769195036
106	6245	1	0
106	9707	1.1	-1.3146663267449
106	13173	1.2	0
106	15201	1.3	-4.54023919049
106	15873	1.4	0
106	16225	1.5	-1.5919926741359
106	16578	1.6	0
106	16937	1.7	-0.51162312595245
106	17285	1.8	0
106	17630	1.9	-3.6111131633906
106	17975	2	0
106	18317	2.1	-2.1441430904393
106	18665	2.2	0
106	19015	2.3	-3.890276402459
106	19362	2.4	0
106	19709	2.5	-1.3609650259487
106	20066	2.6	0
106	20416	2.7	-2.3153735587666
106	20770	2.8	0
106	21526	2.9	-2.1653612500158
106	25108	3	0
106	26582	3.1	-1.4044653907895
106	26628	3.2	0
106	26674	3.3	-3.9950560766645
106	26720	3.4	0
106	26766	3.5	2.2039621269383
106	26812	3.6	0
106	26858	3.7	0.59833045883885
106	27064	3.8	0
106	27106	3.9	2.4795839404333
106	27148	4	0
106	27190	4.1	1.3454045466655
106	27232	4.2	0
106	27274	4.3	-0.15909169415502
106	27316	4.4	0
106	27358	4.5	4.88476838395
106	27560	4.6	0
106	27598	4.7	0.91182831254077
106	27636	4.8	0
106	27674	4.9	3.3067615776323
106	27712	5	0
106	27750	5.1	-1.0310621260113
106	27788	5.2	0
106	27826	5.3	-2.0214499528358
106	27864	5.4	0
106	27902	5.5	-3.7097014815023
106	28100	5.6	0
106	28134	5.7	-5.1038287255875
106	28168	5.8	0
106	28202	5.9	5.0828377220314
106	28236	6	0
106	28270	6.1	3.4411370290909
106	28304	6.2	0
106	28338	6.3	4.5797020771075
106	28452	6.4	0
106	28484	6.5	3.5613852702547
106	28516	6.6	0
106	28548	6.7	3.4454302187078
106	28580	6.8	0
106	28612	6.9	4.2734491708688
106	28644	7	0
106	28676	7.1	3.165804847097
106	28708	7.2	0
106	28740	7.3	-3.5760787627388
106	28852	7.4	0
106	28882	7.5	-9
106	28912	7.6	0
106	28942	7.7	-9
106	28972	7.8	0
106	29002	7.9	-9
106	29032	8	0
106	29062	8.1	-9
106	29252	8.2	0
106	29278	8.3	281.84506020886
106	29304	8.4	0
106	29330	8.5	0
106	29356	8.6	0
106	29382	8.7	0
106	29408	8.8	0
106	29434	8.9	0
106	29460	9	0
106	29486	9.1	0
106	29512	9.2	0
107	631	0.5	0.973
107	960	0.6	1.4018094569209
107	1608	0.7	4.0723368320054
107	2360	0.8	1.4126017131992
107	3663	0.9	0.973
107	6245	1	1.3925089593797
107	9707	1.1	0.973
107	13173	1.2	1.3850782579109
107	15201	1.3	0.973
107	15873	1.4	1.3598060555247
107	16225	1.5	0.973
107	16578	1.6	1.3510810840019
107	16937	1.7	0.973
107	17285	1.8	1.3482915024353
107	17630	1.9	0.973
107	17975	2	1.3287933662711
107	18317	2.1	0.973
107	18665	2.2	1.3173674042158
107	19015	2.3	0.973
107	19362	2.4	1.2969033489847
107	19709	2.5	0.973
107	20066	2.6	1.2898206258642
107	20416	2.7	0.973
107	20770	2.8	1.2778559914985
107	21526	2.9	0.973
107	25108	3	1.2667582080742
107	26582	3.1	0.973
107	26628	3.2	1.259604766286
107	26674	3.3	0.973
107	26720	3.4	1.2394335236833
107	26766	3.5	2.7738679954313
107	26812	3.6	1.2505302162627
107	26858	3.7	1.6757385276236
107	27064	3.8	1.2535558184569
107	27106	3.9	3.1639300788966
107	27148	4	1.2661576844981
107	27190	4.1	2.3463816078561
107	27232	4.2	1.2730401202646
107	27274	4.3	0.973
107	27316	4.4	1.272224579265
107	27358	4.5	5.7507943958698
107	27560	4.6	1.2974865480218
107	27598	4.7	2.1535816780015
107	27636	4.8	1.3022556126449
107	27674	4.9	4.670578269819
107	27712	5	1.3197035682953
107	27750	5.1	0.973
107	27788	5.2	1.3142368207067
107	27826	5.3	0.973
107	27864	5.4	1.3035885590702
107	27902	5.5	0.973
107	28100	5.6	1.2842736515984
107	28134	5.7	0.973
107	28168	5.8	1.2581341741478
107	28202	5.9	5.6038912850502
107	28236	6	1.2841651524487
107	28270	6.1	4.5119510365892
107	28304	6.2	1.3020706250994
107	28338	6.3	6.1036936692474
107	28452	6.4	1.326298346754
107	28484	6.5	5.3662760676683
107	28516	6.6	1.3454840031026
107	28548	6.7	5.5403282039564
107	28580	6.8	1.3643581606078
107	28612	6.9	7.007908684195
107	28644	7	1.3882305029029
107	28676	7.1	5.8109088892373
107	28708	7.2	1.4062690546234
107	28740	7.3	0.973
107	28852	7.4	1.3859153486823
107	28882	7.5	0.973
107	28912	7.6	1.3363327071963
107	28942	7.7	0.973
107	28972	7.8	1.2887773480137
107	29002	7.9	0.973
107	29032	8	1.2428452059136
107	29062	8.1	0.973
107	29252	8.2	1.1981322156747
107	29278	8.3	2042.79121507
107	29304	8.4	5.05142976
107	29330	8.5	5.05142976
107	29356	8.6	5.05142976
107	29382	8.7	5.05142976
107	29408	8.8	5.05142976
107	29434	8.9	5.05142976
107	29460	9	5.05142976
107	29486	9.1	5.05142976
107	29512	9.2	5.05142976
108	631	0.5	-5.3882913469661
108	960	0.6	0
108	1608	0.7	-9
108	2360	0.8	0
108	3663	0.9	-8.2657070213099
108	6245	1	0
108	9707	1.1	-9
108	13173	1.2	0
108	15201	1.3	-9
108	15873	1.4	0
108	16225	1.5	-8.6886900027308
108	16578	1.6	0
108	16937	1.7	-9
108	17285	1.8	0
108	17630	1.9	-9
108	17975	2	0
108	18317	2.1	-9
108	18665	2.2	0
108	19015	2.3	-9
108	19362	2.4	0
108	19709	2.5	-7.5247290958585
108	20066	2.6	0
108	20416	2.7	-7.1277851679925
108	20770	2.8	0
108	21526	2.9	-2.5429249081748
108	25108	3	0
108	26582	3.1	299.70896087637
108	26628	3.2	0
108	26674	3.3	0
108	26720	3.4	0
108	26766	3.5	0
108	26812	3.6	0
108	26858	3.7	0
108	27064	3.8	0
108	27106	3.9	0
108	27148	4	0
108	27190	4.1	0
108	27232	4.2	0
108	27274	4.3	0
108	27316	4.4	0
108	27358	4.5	0
108	27560	4.6	0
108	27598	4.7	0
108	27636	4.8	0
108	27674	4.9	0
108	27712	5	0
108	27750	5.1	0
108	27788	5.2	0
108	27826	5.3	0
108	27864	5.4	0
108	27902	5.5	0
108	28100	5.6	0
108	28134	5.7	0
108	28168	5.8	0
108	28202	5.9	0
108	28236	6	0
108	28270	6.1	0
108	28304	6.2	0
108	28338	6.3	0
108	28452	6.4	0
108	28484	6.5	0
108	28516	6.6	0
108	28548	6.7	0
108	28580	6.8	0
108	28612	6.9	0
108	28644	7	0
108	28676	7.1	0
108	28708	7.2	0
108	28740	7.3	0
108	28852	7.4	0
108	28882	7.5	0
108	28912	7.6	0
108	28942	7.7	0
108	28972	7.8	0
108	29002	7.9	0
108	29032	8	0
108	29062	8.1	0
108	29252	8.2	0
108	29278	8.3	0
108	29304	8.4	0
108	29330	8.5	0
108	29356	8.6	0
108	29382	8.7	0
108	29408	8.8	0
108	29434	8.9	0
108	29460	9	0
108	29486	9.1	0
108	29512	9.2	0
109	631	0.5	0.973
109	960	0.6	1.6655213422057
109	1608	0.7	0.973
109	2360	0.8	1.6005433337614
109	3663	0.9	0.973
109	6245	1	1.5443743707627
109	9707	1.1	0.973
109	13173	1.2	1.4866577515822
109	15201	1.3	0.973
109	15873	1.4	1.4321366224146
109	16225	1.5	0.973
109	16578	1.6	1.3821540606651
109	16937	1.7	0.973
109	17285	1.8	1.3327358836757
109	17630	1.9	0.973
109	17975	2	1.2853149776517
109	18317	2.1	0.973
109	18665	2.2	1.2394872773722
109	19015	2.3	0.973
109	19362	2.4	1.1948487176159
109	19709	2.5	0.973
109	20066	2.6	1.1581468009997
109	20416	2.7	0.973
109	20770	2.8	1.1236731450848
109	21526	2.9	0.973
109	25108	3	1.1114039750097
109	26582	3.1	2171.9472168961
109	26628	3.2	5.05142976
109	26674	3.3	5.05142976
109	26720	3.4	5.05142976
109	26766	3.5	5.05142976
109	26812	3.6	5.05142976
109	26858	3.7	5.05142976
109	27064	3.8	5.05142976
109	27106	3.9	5.05142976
109	27148	4	5.05142976
109	27190	4.1	5.05142976
109	27232	4.2	5.05142976
109	27274	4.3	5.05142976
109	27316	4.4	5.05142976
109	27358	4.5	5.05142976
109	27560	4.6	5.05142976
109	27598	4.7	5.05142976
109	27636	4.8	5.05142976
109	27674	4.9	5.05142976
109	27712	5	5.05142976
109	27750	5.1	5.05142976
109	27788	5.2	5.05142976
109	27826	5.3	5.05142976
109	27864	5.4	5.05142976
109	27902	5.5	5.05142976
109	28100	5.6	5.05142976
109	28134	5.7	5.05142976
109	28168	5.8	5.05142976
109	28202	5.9	5.05142976
109	28236	6	5.05142976
109	28270	6.1	5.05142976
109	28304	6.2	5.05142976
109	28338	6.3	5.05142976
109	28452	6.4	5.05142976
109	28484	6.5	5.05142976
109	28516	6.6	5.05142976
109	28548	6.7	5.05142976
109	28580	6.8	5.05142976
109	28612	6.9	5.05142976
109	28644	7	5.05142976
109	28676	7.1	5.05142976
109	28708	7.2	5.05142976
109	28740	7.3	5.05142976
109	28852	7.4	5.05142976
109	28882	7.5	5.05142976
109	28912	7.6	5.05142976
109	28942	7.7	5.05142976
109	28972	7.8	5.05142976
109	29002	7.9	5.05142976
109	29032	8	5.05142976
109	29062	8.1	5.05142976
109	29252	8.2	5.05142976
109	29278	8.3	5.05142976
109	29304	8.4	5.05142976
109	29330	8.5	5.05142976
109	29356	8.6	5.05142976
109	29382	8.7	5.05142976
109	29408	8.8	5.05142976
109	29434	8.9	5.05142976
109	29460	9	5.05142976
109	29486	9.1	5.05142976
109	29512	9.2	5.05142976

