version 3
run TwelveVehiclesBFTOverV2V-0-20260422-15:53:27-1661128
attr configname TwelveVehiclesBFTOverV2V
attr datetime 20260422-15:53:27
attr datetimef 20260422-155327
attr experiment TwelveVehiclesBFTOverV2V
attr inifile omnetpp.ini
attr iterationvars ""
attr iterationvarsd ""
attr iterationvarsf ""
attr measurement ""
attr network fourWay
attr processid 1661128
attr repetition 0
attr replication #0
attr resultdir results
attr runnumber 0
attr seedset 0
config extends BFTOverV2V
config description "BFT test on 12-vehicle routes"
config *.manager.launchConfig "xmldoc(\"bft_12veh.launchd.xml\")"
config *.node[*].appl.intersectionX 300m
config *.node[*].appl.intersectionY 300m
config *.node[*].appl.stopDistance 200m
config *.node[*].appl.consensusTimeoutSec 100s
config *.manager.intersectionBatchSize 12
config extends WithChannelSwitching
config *.node[*].applType "\"org.car2x.veins.modules.bftsmart.V2VProxyModule\""
config *.node[0].appl.replicaId 0
config *.node[1].appl.replicaId 1
config *.node[2].appl.replicaId 2
config *.node[3].appl.replicaId 3
config *.node[*].appl.intersectionX 104m
config *.node[*].appl.intersectionY 82m
config *.node[*].appl.stopDistance 50m
config *.node[*].appl.intersectionWidth 15m
config *.node[*].appl.avgSpeed 14mps
config *.node[*].appl.safetyGap 1.5s
config *.node[*].appl.stopSignTimeoutSec 10.0s
config *.node[*].appl.gatewayHost "\"\""
config *.node[*].appl.gatewayPort 0
config *.node[*].appl.carId "\"\""
config *.node[*].appl.direction "\"\""
config *.connectionManager.pMax 20mW
config *.connectionManager.sat -89dBm
config *.connectionManager.alpha 2.0
config *.connectionManager.carrierFrequency "5.890e9 Hz"
config *.node[*].nic.phy80211p.collectCollisionStatistics true
config *.node[*].nic.phy80211p.ccaThreshold -90dBm
config *.node[*].nic.mac1609_4.cwMin 3
config *.node[*].nic.mac1609_4.cwMax 7
config *.**.nic.mac1609_4.useServiceChannel false
config *.node[*].appl.dataOnSch false
config *.rsu[*].appl.dataOnSch false
config *.node[*].nic.mac1609_4.useServiceChannel false
config *.node[0].appl.gatewayHost "\"127.0.0.1\""
config *.node[0].appl.gatewayPort 9001
config *.node[0].appl.carId "\"CAR_0\""
config *.node[0].appl.direction "\"straight\""
config *.node[0].appl.stopDistance 50m
config *.node[0].appl.intersectionX 104m
config *.node[0].appl.intersectionY 82m
config *.node[1].appl.gatewayHost "\"127.0.0.1\""
config *.node[1].appl.gatewayPort 9002
config *.node[1].appl.carId "\"CAR_1\""
config *.node[1].appl.direction "\"right\""
config *.node[1].appl.stopDistance 50m
config *.node[1].appl.intersectionX 104m
config *.node[1].appl.intersectionY 82m
config *.node[2].appl.gatewayHost "\"127.0.0.1\""
config *.node[2].appl.gatewayPort 9003
config *.node[2].appl.carId "\"CAR_2\""
config *.node[2].appl.direction "\"left\""
config *.node[2].appl.stopDistance 50m
config *.node[2].appl.intersectionX 104m
config *.node[2].appl.intersectionY 82m
config *.node[3].appl.gatewayHost "\"127.0.0.1\""
config *.node[3].appl.gatewayPort 9004
config *.node[3].appl.carId "\"CAR_3\""
config *.node[3].appl.direction "\"right\""
config *.node[3].appl.stopDistance 50m
config *.node[3].appl.intersectionX 104m
config *.node[3].appl.intersectionY 82m
config scheduler-class omnetpp::cRealTimeScheduler
config realtimescheduler-scaling 0.1
config cmdenv-express-mode false
config cmdenv-autoflush false
config cmdenv-status-frequency 1s
config **.cmdenv-log-level info
config image-path ../../images
config network fourWay
config debug-on-errors true
config print-undisposed true
config sim-time-limit 50000s
config **.scalar-recording true
config **.vector-recording true
config *.playgroundSizeX 2500m
config *.playgroundSizeY 2500m
config *.playgroundSizeZ 50m
config *.annotations.draw true
config *.obstacles.debug false
config *.manager.updateInterval 0.1s
config *.manager.host "\"localhost\""
config *.manager.port 9999
config *.manager.autoShutdown true
config *.manager.shutdownOnIntersectionBatchCleared true
config *.manager.intersectionDepartureMinMeters 20m
config *.manager.launchConfig "xmldoc(\"osm.launchd.xml\")"
config *.manager.trafficLightModuleType "\"org.car2x.veins.nodes.TrafficLight\""
config *.tls[*].mobility.x 0
config *.tls[*].mobility.y 0
config *.tls[*].mobility.z 5
config *.tls[*].applType "\"org.car2x.veins.modules.application.traci.TraCIDemoTrafficLightApp\""
config *.tls[*].logicType "\"org.car2x.veins.modules.world.traci.trafficLight.logics.TraCITrafficLightSimpleLogic\""
config *.rsu[0].mobility.x 2000
config *.rsu[0].mobility.y 2000
config *.rsu[0].mobility.z 3
config *.rsu[*].applType "\"TraCIDemoRSU11p\""
config *.rsu[*].appl.headerLength "80 bit"
config *.rsu[*].appl.sendBeacons false
config *.rsu[*].appl.dataOnSch false
config *.rsu[*].appl.beaconInterval 1s
config *.rsu[*].appl.beaconUserPriority 7
config *.rsu[*].appl.dataUserPriority 5
config *.rsu[*].nic.phy80211p.antennaOffsetZ "1.5 m"
config *.connectionManager.sendDirect true
config *.connectionManager.maxInterfDist 2600m
config *.connectionManager.drawMaxIntfDist false
config *.connectionManagerName "\"connectionManager\""
config *.**.nic.mac1609_4.useServiceChannel false
config *.**.nic.phy80211p.txPower 20mW
config *.**.nic.mac1609_4.txPower 20mW
config *.**.nic.mac1609_4.bitrate 6Mbps
config *.**.nic.phy80211p.minPowerLevel -110dBm
config *.**.nic.mac1609_4.queueSize 1024
config *.**.nic.phy80211p.useNoiseFloor true
config *.**.nic.phy80211p.noiseFloor -98dBm
config *.**.nic.phy80211p.decider "xmldoc(\"config.xml\")"
config *.**.nic.phy80211p.analogueModels "xmldoc(\"config.xml\")"
config *.**.nic.phy80211p.usePropagationDelay true
config *.**.nic.phy80211p.antenna "xmldoc(\"antenna.xml\", \"/root/Antenna[@id='monopole']\")"
config *.node[*].nic.phy80211p.antennaOffsetY "1.895 m"
config *.node[*].nic.phy80211p.antennaOffsetZ "1.895 m"
config *.node[*].applType "\"src.IntersectionApp\""
config *.node[*].appl.headerLength "80 bit"
config *.node[*].appl.sendBeacons false
config *.node[*].appl.dataOnSch false
config *.node[*].appl.beaconInterval 1s
config *.node[*].nic.phy80211p.connectionManagerName "\"connectionManager\""
config *.node[*].veinsmobility.x 0
config *.node[*].veinsmobility.y 0
config *.node[*].veinsmobility.z 0
config *.node[*].veinsmobility.setHostSpeed false
config *.node[0].veinsmobility.accidentCount 0
config *.node[0].veinsmobility.accidentStart 73s
config *.node[0].veinsmobility.accidentDuration 50s

vector 0 fourWay.tls[0].nic.phy80211p RadioState ETV
vector 1 fourWay.tls[0].nic.phy80211p RadioChannel ETV
vector 2 fourWay.node[0].appl bftMsgSent:vector ETV
attr recordingmode vector
attr source bftMsgSent
attr title "BFT messages sent"
vector 3 fourWay.node[0].appl bftMsgReceived:vector ETV
attr recordingmode vector
attr source bftMsgReceived
attr title "BFT messages received"
vector 4 fourWay.node[0].nic.phy80211p RadioState ETV
vector 5 fourWay.node[0].nic.phy80211p RadioChannel ETV
vector 6 fourWay.manager posx ETV
vector 7 fourWay.manager posy ETV
vector 8 fourWay.manager speed ETV
vector 9 fourWay.node[1].appl bftMsgSent:vector ETV
attr recordingmode vector
attr source bftMsgSent
attr title "BFT messages sent"
vector 10 fourWay.node[1].appl bftMsgReceived:vector ETV
attr recordingmode vector
attr source bftMsgReceived
attr title "BFT messages received"
vector 11 fourWay.node[1].nic.phy80211p RadioState ETV
vector 12 fourWay.node[1].nic.phy80211p RadioChannel ETV
vector 13 fourWay.manager posx ETV
vector 14 fourWay.manager posy ETV
vector 15 fourWay.node[2].appl bftMsgSent:vector ETV
attr recordingmode vector
attr source bftMsgSent
attr title "BFT messages sent"
vector 16 fourWay.node[2].appl bftMsgReceived:vector ETV
attr recordingmode vector
attr source bftMsgReceived
attr title "BFT messages received"
vector 17 fourWay.node[2].nic.phy80211p RadioState ETV
vector 18 fourWay.node[2].nic.phy80211p RadioChannel ETV
vector 19 fourWay.manager posx ETV
vector 20 fourWay.manager posy ETV
vector 21 fourWay.node[3].appl bftMsgSent:vector ETV
attr recordingmode vector
attr source bftMsgSent
attr title "BFT messages sent"
vector 22 fourWay.node[3].appl bftMsgReceived:vector ETV
attr recordingmode vector
attr source bftMsgReceived
attr title "BFT messages received"
vector 23 fourWay.node[3].nic.phy80211p RadioState ETV
vector 24 fourWay.node[3].nic.phy80211p RadioChannel ETV
vector 25 fourWay.manager posx ETV
vector 26 fourWay.manager posy ETV
vector 27 fourWay.node[4].appl bftMsgSent:vector ETV
attr recordingmode vector
attr source bftMsgSent
attr title "BFT messages sent"
vector 28 fourWay.node[4].appl bftMsgReceived:vector ETV
attr recordingmode vector
attr source bftMsgReceived
attr title "BFT messages received"
vector 29 fourWay.node[4].nic.phy80211p RadioState ETV
vector 30 fourWay.node[4].nic.phy80211p RadioChannel ETV
vector 31 fourWay.manager posx ETV
vector 32 fourWay.manager posy ETV
vector 33 fourWay.node[5].appl bftMsgSent:vector ETV
attr recordingmode vector
attr source bftMsgSent
attr title "BFT messages sent"
vector 34 fourWay.node[5].appl bftMsgReceived:vector ETV
attr recordingmode vector
attr source bftMsgReceived
attr title "BFT messages received"
vector 35 fourWay.node[5].nic.phy80211p RadioState ETV
vector 36 fourWay.node[5].nic.phy80211p RadioChannel ETV
vector 37 fourWay.manager posx ETV
vector 38 fourWay.manager posy ETV
vector 39 fourWay.node[6].appl bftMsgSent:vector ETV
attr recordingmode vector
attr source bftMsgSent
attr title "BFT messages sent"
vector 40 fourWay.node[6].appl bftMsgReceived:vector ETV
attr recordingmode vector
attr source bftMsgReceived
attr title "BFT messages received"
vector 41 fourWay.node[6].nic.phy80211p RadioState ETV
vector 42 fourWay.node[6].nic.phy80211p RadioChannel ETV
vector 43 fourWay.manager posx ETV
vector 44 fourWay.manager posy ETV
vector 45 fourWay.node[7].appl bftMsgSent:vector ETV
attr recordingmode vector
attr source bftMsgSent
attr title "BFT messages sent"
vector 46 fourWay.node[7].appl bftMsgReceived:vector ETV
attr recordingmode vector
attr source bftMsgReceived
attr title "BFT messages received"
vector 47 fourWay.node[7].nic.phy80211p RadioState ETV
vector 48 fourWay.node[7].nic.phy80211p RadioChannel ETV
vector 49 fourWay.manager posx ETV
vector 50 fourWay.manager posy ETV
vector 51 fourWay.node[8].appl bftMsgSent:vector ETV
attr recordingmode vector
attr source bftMsgSent
attr title "BFT messages sent"
vector 52 fourWay.node[8].appl bftMsgReceived:vector ETV
attr recordingmode vector
attr source bftMsgReceived
attr title "BFT messages received"
vector 53 fourWay.node[8].nic.phy80211p RadioState ETV
vector 54 fourWay.node[8].nic.phy80211p RadioChannel ETV
vector 55 fourWay.manager posx ETV
vector 56 fourWay.manager posy ETV
vector 57 fourWay.node[9].appl bftMsgSent:vector ETV
attr recordingmode vector
attr source bftMsgSent
attr title "BFT messages sent"
vector 58 fourWay.node[9].appl bftMsgReceived:vector ETV
attr recordingmode vector
attr source bftMsgReceived
attr title "BFT messages received"
vector 59 fourWay.node[9].nic.phy80211p RadioState ETV
vector 60 fourWay.node[9].nic.phy80211p RadioChannel ETV
vector 61 fourWay.manager posx ETV
vector 62 fourWay.manager posy ETV
vector 63 fourWay.node[10].appl bftMsgSent:vector ETV
attr recordingmode vector
attr source bftMsgSent
attr title "BFT messages sent"
vector 64 fourWay.node[10].appl bftMsgReceived:vector ETV
attr recordingmode vector
attr source bftMsgReceived
attr title "BFT messages received"
vector 65 fourWay.node[10].nic.phy80211p RadioState ETV
vector 66 fourWay.node[10].nic.phy80211p RadioChannel ETV
vector 67 fourWay.manager posx ETV
vector 68 fourWay.manager posy ETV
vector 69 fourWay.node[11].appl bftMsgSent:vector ETV
attr recordingmode vector
attr source bftMsgSent
attr title "BFT messages sent"
vector 70 fourWay.node[11].appl bftMsgReceived:vector ETV
attr recordingmode vector
attr source bftMsgReceived
attr title "BFT messages received"
vector 71 fourWay.node[11].nic.phy80211p RadioState ETV
vector 72 fourWay.node[11].nic.phy80211p RadioChannel ETV
vector 73 fourWay.manager posx ETV
vector 74 fourWay.manager posy ETV
vector 75 fourWay.manager acceleration ETV
vector 76 fourWay.manager co2emission ETV
vector 77 fourWay.manager speed ETV
vector 78 fourWay.manager speed ETV
vector 79 fourWay.manager speed ETV
vector 80 fourWay.manager speed ETV
vector 81 fourWay.manager speed ETV
vector 82 fourWay.manager speed ETV
vector 83 fourWay.manager speed ETV
vector 84 fourWay.manager speed ETV
vector 85 fourWay.manager speed ETV
vector 86 fourWay.manager speed ETV
vector 87 fourWay.manager speed ETV
vector 88 fourWay.manager acceleration ETV
vector 89 fourWay.manager co2emission ETV
vector 90 fourWay.manager acceleration ETV
vector 91 fourWay.manager co2emission ETV
vector 92 fourWay.manager acceleration ETV
vector 93 fourWay.manager co2emission ETV
vector 94 fourWay.manager acceleration ETV
vector 95 fourWay.manager co2emission ETV
vector 96 fourWay.manager acceleration ETV
vector 97 fourWay.manager co2emission ETV
vector 98 fourWay.manager acceleration ETV
vector 99 fourWay.manager co2emission ETV
vector 100 fourWay.manager acceleration ETV
vector 101 fourWay.manager co2emission ETV
vector 102 fourWay.manager acceleration ETV
vector 103 fourWay.manager co2emission ETV
vector 104 fourWay.manager acceleration ETV
vector 105 fourWay.manager co2emission ETV
vector 106 fourWay.manager acceleration ETV
vector 107 fourWay.manager co2emission ETV
vector 108 fourWay.manager acceleration ETV
vector 109 fourWay.manager co2emission ETV
2	959	0.6	1
2	1701	0.704515441838	2
2	2575	0.825955032407	3
2	2911	0.850631326609	4
2	3246	0.875515641491	5
2	3754	0.900751233655	6
2	4152	0.925921652088	7
2	4790	0.950787547449	8
2	5429	0.975996113613	9
2	6296	1.001090291395	10
2	6999	1.025871082122	11
2	8021	1.050486606969	12
2	8911	1.075721769323	13
2	15182	1.3	14
2	15182	1.3	15
2	15228	1.30443496525	16
2	15245	1.310201801555	18
2	16454	1.3695855715	20
2	16621	1.37269160087	22
2	18292	1.433072001055	24
2	19036	1.45	26
2	20881	1.495404485289	27
2	21003	1.5	29
3	16023	1.356510750033	1
3	16116	1.360009750033	2
3	16199	1.361558824596	3
3	16292	1.365252824596	4
3	16390	1.366788982286	5
3	16482	1.369702982286	6
3	16576	1.371512056119	7
3	16963	1.393947396038	8
3	17419	1.399049869708	9
3	17523	1.400481953278	10
3	17608	1.401953016215	11
3	17700	1.405530016215	12
3	17779	1.407027085964	13
3	17873	1.411956085964	14
3	17978	1.42116214962	15
3	18074	1.426364224183	16
3	18183	1.428255529468	17
3	18262	1.430935531167	18
3	18438	1.437639716527	19
3	18539	1.439747850711	20
3	18600	1.441911932307	21
3	18689	1.44388100687	22
3	18795	1.445339312155	23
3	18862	1.447672330384	24
3	18947	1.449117415451	25
3	19068	1.45102149664	26
3	19230	1.454787659474	27
3	19321	1.456206827539	28
3	19401	1.458111042491	29
3	19509	1.460002106147	30
3	19626	1.461421337031	31
3	19720	1.46331252419	32
3	19919	1.467107774719	33
3	20136	1.470417993117	34
3	20237	1.472374138417	35
3	20300	1.473793278601	36
3	20394	1.475684525062	37
3	20476	1.479148608632	38
3	20568	1.482729693699	39
3	20658	1.484659837545	40
3	20755	1.490905907294	41
3	20847	1.492836153755	42
3	21045	1.503479235387	43
3	21204	1.506050535359	44
3	21376	1.512183682317	45
3	21468	1.519326756078	46
3	21548	1.523427830947	47
3	21608	1.52829586267	48
3	21696	1.530459936055	49
3	21776	1.535263010695	50
3	21848	1.540287086911	51
3	21932	1.545857149856	52
3	22034	1.555522220254	53
6	2	0.1	323.4
6	25	0.2	323.4
6	51	0.3	323.4
6	319	0.4	323.4
6	631	0.5	323.4
6	960	0.6	323.4
6	1608	0.7	323.4
6	2361	0.8	323.4
6	3663	0.9	323.4
6	6217	1	323.4
6	9870	1.1	323.4
6	13042	1.2	323.4
6	15158	1.3	323.4
6	17481	1.4	323.4
6	20979	1.5	323.4
6	22071	1.6	323.4
6	22117	1.7	323.4
6	22163	1.8	323.4
6	22209	1.9	323.4
6	22255	2	323.4
6	22301	2.1	323.4
6	22347	2.2	323.4
6	22393	2.3	323.4
6	22599	2.4	323.4
6	22641	2.5	323.4
6	22683	2.6	323.4
6	22725	2.7	323.4
6	22767	2.8	323.4
6	22809	2.9	323.4
6	22851	3	323.4
6	22893	3.1	323.4
6	23095	3.2	323.4
6	23133	3.3	323.4
6	23171	3.4	323.4
6	23209	3.5	323.4
6	23247	3.6	323.4
6	23285	3.7	323.4
6	23323	3.8	323.4
6	23361	3.9	323.4
6	23559	4	323.4
6	23593	4.1	323.4
6	23627	4.2	323.4
6	23661	4.3	323.4
6	23695	4.4	323.4
6	23729	4.5	323.4
6	23763	4.6	323.4
6	23797	4.7	323.4
6	23991	4.8	323.4
6	24021	4.9	323.4
6	24051	5	323.4
6	24081	5.1	323.4
6	24111	5.2	323.4
6	24141	5.3	323.4
6	24171	5.4	323.4
6	24201	5.5	323.4
6	24391	5.6	323.4
6	24417	5.7	323.4
6	24443	5.8	323.4
6	24469	5.9	323.4
6	24495	6	323.4
6	24521	6.1	323.4
6	24547	6.2	323.4
6	24573	6.3	323.4
6	24599	6.4	323.4
6	24625	6.5	323.4
6	24651	6.6	323.4
6	24677	6.7	323.4
6	24703	6.8	323.4
6	24729	6.9	323.4
7	2	0.1	305
7	25	0.2	305
7	51	0.3	306.95971383703
7	319	0.4	306.95971383703
7	631	0.5	308.73942767407
7	960	0.6	308.73942767407
7	1608	0.7	310.3391415111
7	2361	0.8	310.3391415111
7	3663	0.9	311.77090683797
7	6217	1	311.77090683797
7	9870	1.1	313.02267216483
7	13042	1.2	313.02267216483
7	15158	1.3	314.09443749169
7	17481	1.4	314.09443749169
7	20979	1.5	314.98620281856
7	22071	1.6	314.98620281856
7	22117	1.7	320.98620281856
7	22163	1.8	320.98620281856
7	22209	1.9	326.98620281856
7	22255	2	326.98620281856
7	22301	2.1	332.98620281856
7	22347	2.2	332.98620281856
7	22393	2.3	338.98620281856
7	22599	2.4	338.98620281856
7	22641	2.5	344.98620281856
7	22683	2.6	344.98620281856
7	22725	2.7	350.98620281856
7	22767	2.8	350.98620281856
7	22809	2.9	356.98620281856
7	22851	3	356.98620281856
7	22893	3.1	362.98620281856
7	23095	3.2	362.98620281856
7	23133	3.3	368.98620281856
7	23171	3.4	368.98620281856
7	23209	3.5	374.98620281856
7	23247	3.6	374.98620281856
7	23285	3.7	380.98620281856
7	23323	3.8	380.98620281856
7	23361	3.9	386.98620281856
7	23559	4	386.98620281856
7	23593	4.1	392.98620281856
7	23627	4.2	392.98620281856
7	23661	4.3	398.98620281856
7	23695	4.4	398.98620281856
7	23729	4.5	404.98620281856
7	23763	4.6	404.98620281856
7	23797	4.7	410.98620281856
7	23991	4.8	410.98620281856
7	24021	4.9	416.98620281856
7	24051	5	416.98620281856
7	24081	5.1	422.98620281856
7	24111	5.2	422.98620281856
7	24141	5.3	428.98620281856
7	24171	5.4	428.98620281856
7	24201	5.5	434.98620281856
7	24391	5.6	434.98620281856
7	24417	5.7	440.98620281856
7	24443	5.8	440.98620281856
7	24469	5.9	446.98620281856
7	24495	6	446.98620281856
7	24521	6.1	452.98620281856
7	24547	6.2	452.98620281856
7	24573	6.3	458.98620281856
7	24599	6.4	458.98620281856
7	24625	6.5	464.98620281856
7	24651	6.6	464.98620281856
7	24677	6.7	470.98620281856
7	24703	6.8	470.98620281856
7	24729	6.9	476.98620281856
8	25	0.2	10.282916666667
8	51	0.3	9.7985691851733
8	319	0.4	9.7985691851733
8	631	0.5	8.8985691851733
8	960	0.6	8.8985691851733
8	1608	0.7	7.9985691851733
8	2361	0.8	7.9985691851733
8	3663	0.9	7.1588266343164
8	6217	1	7.1588266343164
8	9870	1.1	6.2588266343164
8	13042	1.2	6.2588266343164
8	15158	1.3	5.3588266343164
8	17481	1.4	5.3588266343164
8	20979	1.5	4.4588266343164
8	22071	1.6	4.4588266343164
8	22117	1.7	30
8	22163	1.8	30
8	22209	1.9	30
8	22255	2	30
8	22301	2.1	30
8	22347	2.2	30
8	22393	2.3	30
8	22599	2.4	30
8	22641	2.5	30
8	22683	2.6	30
8	22725	2.7	30
8	22767	2.8	30
8	22809	2.9	30
8	22851	3	30
8	22893	3.1	30
8	23095	3.2	30
8	23133	3.3	30
8	23171	3.4	30
8	23209	3.5	30
8	23247	3.6	30
8	23285	3.7	30
8	23323	3.8	30
8	23361	3.9	30
8	23559	4	30
8	23593	4.1	30
8	23627	4.2	30
8	23661	4.3	30
8	23695	4.4	30
8	23729	4.5	30
8	23763	4.6	30
8	23797	4.7	30
8	23991	4.8	30
8	24021	4.9	30
8	24051	5	30
8	24081	5.1	30
8	24111	5.2	30
8	24141	5.3	30
8	24171	5.4	30
8	24201	5.5	30
8	24391	5.6	30
8	24417	5.7	30
8	24443	5.8	30
8	24469	5.9	30
8	24495	6	30
8	24521	6.1	30
8	24547	6.2	30
8	24573	6.3	30
8	24599	6.4	30
8	24625	6.5	30
8	24651	6.6	30
8	24677	6.7	30
8	24703	6.8	30
8	24729	6.9	30
9	1012	0.600957040486	1
9	2340	0.8	2
9	2907	0.850631285639	3
9	3262	0.875515681732	4
9	3766	0.900751274428	5
9	4164	0.925921693037	6
9	4333	0.929510109829	7
9	4802	0.950787574121	8
9	5437	0.975996133136	9
9	6304	1.001090306499	10
9	7019	1.025871118991	11
9	8033	1.050486636396	12
9	8919	1.07572179264	13
9	15953	1.35	14
9	15971	1.352841257549	15
9	17920	1.414391494488	17
9	18327	1.434652305909	19
9	19025	1.45	21
9	20913	1.496215712016	22
9	22894	3.1	24
10	15285	1.319988376493	1
10	15506	1.321735488107	2
10	15637	1.341306488107	3
10	15718	1.342546488107	4
10	16195	1.361558783489	5
10	16288	1.365252783489	6
10	16406	1.366789022201	7
10	16498	1.369703022201	8
10	16588	1.371512096607	9
10	16697	1.391109097227	10
10	16830	1.392336097227	11
10	16979	1.393947422414	12
10	17427	1.399049883392	13
10	17543	1.400481991031	14
10	17620	1.401953045558	15
10	17712	1.405530045558	16
10	17791	1.407027108512	17
10	17885	1.411956108512	18
10	18070	1.426364183076	19
10	18195	1.428255570196	20
10	18278	1.430935571082	21
10	18341	1.435267572275	22
10	18446	1.437639734805	23
10	18551	1.439747891199	24
10	18685	1.443880965763	25
10	18807	1.445339352883	26
10	18882	1.447672368137	27
10	18963	1.449117441827	28
10	19084	1.451021536555	29
10	19137	1.452896537748	30
10	19242	1.454787688817	31
10	19329	1.456206845817	32
10	19413	1.458111065039	33
10	19634	1.461421350715	34
10	19732	1.463312564918	35
10	19935	1.467107801095	36
10	20148	1.47041802246	37
10	20249	1.472374178905	38
10	20312	1.473793301149	39
10	20402	1.475684538746	40
10	20496	1.479148646385	41
10	20584	1.482729720075	42
10	20670	1.484659866888	43
10	20767	1.490905929842	44
10	20855	1.492836167439	45
10	20930	1.497571194863	46
10	21200	1.506050494835	47
10	21396	1.512183721483	48
10	21480	1.519326795924	49
10	21560	1.523427871067	50
10	21624	1.528295888545	51
10	21704	1.530459953549	52
10	21784	1.535263023598	53
10	21868	1.540287124574	54
10	21944	1.54585717882	55
10	22046	1.555522242197	56
13	51	0.3	323.4
13	319	0.4	323.4
13	631	0.5	323.4
13	960	0.6	323.4
13	1608	0.7	323.4
13	2361	0.8	323.4
13	3663	0.9	323.4
13	6217	1	323.4
13	9870	1.1	323.4
13	13042	1.2	323.4
13	15158	1.3	323.4
13	17481	1.4	323.4
13	20979	1.5	323.4
13	22071	1.6	323.4
13	22117	1.7	323.4
13	22163	1.8	323.4
13	22209	1.9	323.4
13	22255	2	323.4
13	22301	2.1	323.4
13	22347	2.2	323.4
13	22393	2.3	323.4
13	22599	2.4	323.4
13	22641	2.5	323.4
13	22683	2.6	323.4
13	22725	2.7	323.4
13	22767	2.8	323.4
13	22809	2.9	323.4
13	22851	3	323.4
13	22893	3.1	323.4
13	23095	3.2	323.4
13	23133	3.3	323.4
13	23171	3.4	323.4
13	23209	3.5	323.4
13	23247	3.6	323.4
13	23285	3.7	323.4
13	23323	3.8	323.4
13	23361	3.9	323.4
13	23559	4	323.4
13	23593	4.1	323.4
13	23627	4.2	323.4
13	23661	4.3	323.4
13	23695	4.4	323.4
13	23729	4.5	323.4
13	23763	4.6	323.4
13	23797	4.7	323.4
13	23991	4.8	323.4
13	24021	4.9	323.4
13	24051	5	323.4
13	24081	5.1	323.4
13	24111	5.2	323.4
13	24141	5.3	323.4
13	24171	5.4	323.4
13	24201	5.5	323.4
13	24391	5.6	323.4
13	24417	5.7	323.4
13	24443	5.8	323.4
13	24469	5.9	323.4
13	24495	6	323.4
13	24521	6.1	323.4
13	24547	6.2	323.4
13	24573	6.3	323.4
13	24599	6.4	323.4
13	24625	6.5	323.4
13	24651	6.6	323.4
13	24677	6.7	323.4
13	24703	6.8	323.4
13	24729	6.9	323.4
14	51	0.3	295
14	319	0.4	295
14	631	0.5	296.60201929289
14	960	0.6	296.60201929289
14	1608	0.7	298.05674587725
14	2361	0.8	298.05674587725
14	3663	0.9	299.39807749585
14	6217	1	299.39807749585
14	9870	1.1	300.64905265003
14	13042	1.2	300.64905265003
14	15158	1.3	301.77068458785
14	17481	1.4	301.77068458785
14	20979	1.5	302.83745041107
14	22071	1.6	302.83745041107
14	22117	1.7	303.7487503877
14	22163	1.8	303.7487503877
14	22209	1.9	304.74359363013
14	22255	2	304.74359363013
14	22301	2.1	305.83829987876
14	22347	2.2	305.83829987876
14	22393	2.3	307.01873294117
14	22599	2.4	307.01873294117
14	22641	2.5	308.29465697534
14	22683	2.6	308.29465697534
14	22725	2.7	309.623456335
14	22767	2.8	309.623456335
14	22809	2.9	311.01046302882
14	22851	3	311.01046302882
14	22893	3.1	312.33833884972
14	23095	3.2	312.33833884972
14	23133	3.3	318.33833884972
14	23171	3.4	318.33833884972
14	23209	3.5	324.33833884972
14	23247	3.6	324.33833884972
14	23285	3.7	330.33833884972
14	23323	3.8	330.33833884972
14	23361	3.9	336.33833884972
14	23559	4	336.33833884972
14	23593	4.1	342.33833884972
14	23627	4.2	342.33833884972
14	23661	4.3	348.33833884972
14	23695	4.4	348.33833884972
14	23729	4.5	354.33833884972
14	23763	4.6	354.33833884972
14	23797	4.7	360.33833884972
14	23991	4.8	360.33833884972
14	24021	4.9	366.33833884972
14	24051	5	366.33833884972
14	24081	5.1	372.33833884972
14	24111	5.2	372.33833884972
14	24141	5.3	378.33833884972
14	24171	5.4	378.33833884972
14	24201	5.5	384.33833884972
14	24391	5.6	384.33833884972
14	24417	5.7	390.33833884972
14	24443	5.8	390.33833884972
14	24469	5.9	396.33833884972
14	24495	6	396.33833884972
14	24521	6.1	402.33833884972
14	24547	6.2	402.33833884972
14	24573	6.3	408.33833884972
14	24599	6.4	408.33833884972
14	24625	6.5	414.33833884972
14	24651	6.6	414.33833884972
14	24677	6.7	420.33833884972
14	24703	6.8	420.33833884972
14	24729	6.9	426.33833884972
15	1032	0.600957106214	1
15	2342	0.8	2
15	2591	0.825955119679	3
15	2931	0.850631407974	4
15	3250	0.875515646004	5
15	3746	0.900751223982	6
15	4144	0.925921631333	7
15	4818	0.950787615061	8
15	5453	0.975996183661	9
15	6320	1.001090362558	10
15	6991	1.025871051451	11
15	8899	1.075721682274	12
15	13311	1.204698209918	13
15	15954	1.35	14
15	15973	1.353210892915	15
15	17495	1.4	17
15	17921	1.414498904246	18
15	18233	1.430842462987	20
15	20877	1.493115883909	22
15	23363	3.9	24
16	15305	1.319988416802	1
16	15657	1.341306528416	2
16	15738	1.342546528416	3
16	16039	1.356510819685	4
16	16132	1.360009819685	5
16	16219	1.361558888701	6
16	16312	1.365252888701	7
16	16398	1.366788995981	8
16	16490	1.369702995981	9
16	16568	1.371512050696	10
16	16717	1.391109137536	11
16	16991	1.393947458467	12
16	17276	1.396811620964	13
16	17443	1.399049934463	14
16	17515	1.400481934798	15
16	17771	1.40702700959	16
16	17865	1.41195600959	17
16	17994	1.421162219272	18
16	18094	1.426364288288	19
16	18175	1.428255512774	20
16	18270	1.430935544862	21
16	18361	1.435267612584	22
16	18462	1.437639780649	23
16	18531	1.439747845288	24
16	18616	1.441912001959	25
16	18709	1.443881070975	26
16	18787	1.445339295461	27
16	18854	1.447672311904	28
16	18975	1.44911747788	29
16	19076	1.451021510335	30
16	19157	1.452896578057	31
16	19345	1.456206891661	32
16	19393	1.458110966117	33
16	19650	1.461421401786	34
16	19712	1.463312507496	35
16	19801	1.464731523939	36
16	19947	1.467107837148	37
16	20229	1.472374132994	38
16	20292	1.473793202227	39
16	20418	1.475684589817	40
16	20468	1.479148590152	41
16	20596	1.482729756128	42
16	20747	1.49090583092	43
16	20871	1.49283621851	44
16	20950	1.497571235172	45
16	21061	1.503479300738	46
16	21224	1.506050595285	47
16	21388	1.512183697952	48
16	21460	1.519326752181	49
16	21540	1.523427815709	50
16	21636	1.528295922752	51
16	21720	1.530459997496	52
16	21800	1.535263072581	53
16	21840	1.540287072945	54
16	22026	1.555522148239	55
19	51	0.3	295
19	319	0.4	295
19	631	0.5	296.53210424606
19	960	0.6	296.53210424606
19	1608	0.7	298.01882756013
19	2361	0.8	298.01882756013
19	3663	0.9	299.39712877828
19	6217	1	299.39712877828
19	9870	1.1	300.66725846396
19	13042	1.2	300.66725846396
19	15158	1.3	301.79770659564
19	17481	1.4	301.79770659564
19	20979	1.5	302.81927938364
19	22071	1.6	302.81927938364
19	22117	1.7	303.72616999416
19	22163	1.8	303.72616999416
19	22209	1.9	304.58816078312
19	22255	2	304.58816078312
19	22301	2.1	305.30641635936
19	22347	2.2	305.30641635936
19	22393	2.3	305.97551548807
19	22599	2.4	305.97551548807
19	22641	2.5	306.55664486198
19	22683	2.6	306.55664486198
19	22725	2.7	307.18981067239
19	22767	2.8	307.18981067239
19	22809	2.9	307.92562136096
19	22851	3	307.92562136096
19	22893	3.1	308.74757673169
19	23095	3.2	308.74757673169
19	23133	3.3	309.63639617312
19	23171	3.4	309.63639617312
19	23209	3.5	310.60122209874
19	23247	3.6	310.60122209874
19	23285	3.7	311.62585035705
19	23323	3.8	311.62585035705
19	23361	3.9	312.71474899131
19	23559	4	312.71474899131
19	23593	4.1	318.71474899131
19	23627	4.2	318.71474899131
19	23661	4.3	324.71474899131
19	23695	4.4	324.71474899131
19	23729	4.5	330.71474899131
19	23763	4.6	330.71474899131
19	23797	4.7	336.71474899131
19	23991	4.8	336.71474899131
19	24021	4.9	342.71474899131
19	24051	5	342.71474899131
19	24081	5.1	348.71474899131
19	24111	5.2	348.71474899131
19	24141	5.3	354.71474899131
19	24171	5.4	354.71474899131
19	24201	5.5	360.71474899131
19	24391	5.6	360.71474899131
19	24417	5.7	366.71474899131
19	24443	5.8	366.71474899131
19	24469	5.9	372.71474899131
19	24495	6	372.71474899131
19	24521	6.1	378.71474899131
19	24547	6.2	378.71474899131
19	24573	6.3	384.71474899131
19	24599	6.4	384.71474899131
19	24625	6.5	390.71474899131
19	24651	6.6	390.71474899131
19	24677	6.7	396.71474899131
19	24703	6.8	396.71474899131
19	24729	6.9	402.71474899131
20	51	0.3	326.6
20	319	0.4	326.6
20	631	0.5	326.6
20	960	0.6	326.6
20	1608	0.7	326.6
20	2361	0.8	326.6
20	3663	0.9	326.6
20	6217	1	326.6
20	9870	1.1	326.6
20	13042	1.2	326.6
20	15158	1.3	326.6
20	17481	1.4	326.6
20	20979	1.5	326.6
20	22071	1.6	326.6
20	22117	1.7	326.6
20	22163	1.8	326.6
20	22209	1.9	326.6
20	22255	2	326.6
20	22301	2.1	326.6
20	22347	2.2	326.6
20	22393	2.3	326.6
20	22599	2.4	326.6
20	22641	2.5	326.6
20	22683	2.6	326.6
20	22725	2.7	326.6
20	22767	2.8	326.6
20	22809	2.9	326.6
20	22851	3	326.6
20	22893	3.1	326.6
20	23095	3.2	326.6
20	23133	3.3	326.6
20	23171	3.4	326.6
20	23209	3.5	326.6
20	23247	3.6	326.6
20	23285	3.7	326.6
20	23323	3.8	326.6
20	23361	3.9	326.6
20	23559	4	326.6
20	23593	4.1	326.6
20	23627	4.2	326.6
20	23661	4.3	326.6
20	23695	4.4	326.6
20	23729	4.5	326.6
20	23763	4.6	326.6
20	23797	4.7	326.6
20	23991	4.8	326.6
20	24021	4.9	326.6
20	24051	5	326.6
20	24081	5.1	326.6
20	24111	5.2	326.6
20	24141	5.3	326.6
20	24171	5.4	326.6
20	24201	5.5	326.6
20	24391	5.6	326.6
20	24417	5.7	326.6
20	24443	5.8	326.6
20	24469	5.9	326.6
20	24495	6	326.6
20	24521	6.1	326.6
20	24547	6.2	326.6
20	24573	6.3	326.6
20	24599	6.4	326.6
20	24625	6.5	326.6
20	24651	6.6	326.6
20	24677	6.7	326.6
20	24703	6.8	326.6
20	24729	6.9	326.6
21	1044	0.600957135116	1
21	2344	0.8	2
21	2603	0.825955144151	3
21	2935	0.850631428421	4
21	3258	0.875515679633	5
21	3762	0.900751254716	6
21	4156	0.925921657689	7
21	4826	0.950787651195	8
21	5457	0.975996219942	9
21	6324	1.001090398922	10
21	7007	1.025871088009	11
21	8013	1.05048655106	12
21	13389	1.205322384264	13
21	15955	1.35	14
21	15978	1.354730731199	15
21	17496	1.4	17
21	17923	1.415472782918	18
21	18324	1.433899424802	20
21	20971	1.497977792844	22
21	24204	5.5	24
22	15313	1.319988449155	1
22	15665	1.341306560769	2
22	15746	1.342546560769	3
22	16051	1.356510845243	4
22	16144	1.360009845243	5
22	16227	1.361558909361	6
22	16320	1.365252909361	7
22	16410	1.366789032125	8
22	16502	1.369703032125	9
22	16584	1.371512082533	10
22	16725	1.391109169889	11
22	16999	1.393947495316	12
22	17447	1.399049971631	13
22	17531	1.400481972194	14
22	17600	1.401952972194	15
22	17692	1.405529972194	16
22	18006	1.42116224483	17
22	18102	1.426364308948	18
22	18187	1.428255539689	19
22	18282	1.430935581006	20
22	18369	1.435267644937	21
22	18466	1.437639817709	22
22	18547	1.439747877125	23
22	18628	1.441912027517	24
22	18717	1.443881091635	25
22	18799	1.445339322376	26
22	18870	1.4476723493	27
22	18983	1.449117514729	28
22	19088	1.451021546479	29
22	19165	1.45289661041	30
22	19222	1.454787615453	31
22	19349	1.456206928721	32
22	19654	1.461421438954	33
22	19724	1.463312534411	34
22	19813	1.464731561335	35
22	19955	1.467107873997	36
22	20128	1.470417949096	37
22	20245	1.472374164831	38
22	20422	1.475684626985	39
22	20484	1.479148627548	40
22	20604	1.482729792977	41
22	20650	1.484659793524	42
22	20875	1.492836255678	43
22	20958	1.497571267525	44
22	21073	1.503479326468	45
22	21232	1.506050615874	46
22	21400	1.512183734565	47
22	21476	1.519326784434	48
22	21552	1.523427842807	49
22	21644	1.528295959789	50
22	21724	1.530460034777	51
22	21804	1.535263109985	52
22	21856	1.540287110592	53
22	21924	1.545857110592	54
25	51	0.3	285
25	319	0.4	285
25	631	0.5	286.142415704
25	960	0.6	286.142415704
25	1608	0.7	287.30648383015
25	2361	0.8	287.30648383015
25	3663	0.9	288.43718127831
25	6217	1	288.43718127831
25	9870	1.1	289.53276846605
25	13042	1.2	289.53276846605
25	15158	1.3	290.58681527551
25	17481	1.4	290.58681527551
25	20979	1.5	291.53289984161
25	22071	1.6	291.53289984161
25	22117	1.7	292.43079488407
25	22163	1.8	292.43079488407
25	22209	1.9	293.30182881561
25	22255	2	293.30182881561
25	22301	2.1	294.14996539815
25	22347	2.2	294.14996539815
25	22393	2.3	294.89403256805
25	22599	2.4	294.89403256805
25	22641	2.5	295.64078676419
25	22683	2.6	295.64078676419
25	22725	2.7	296.29665384988
25	22767	2.8	296.29665384988
25	22809	2.9	296.9811666092
25	22851	3	296.9811666092
25	22893	3.1	297.73479114662
25	23095	3.2	297.73479114662
25	23133	3.3	298.5381675954
25	23171	3.4	298.5381675954
25	23209	3.5	299.36162498367
25	23247	3.6	299.36162498367
25	23285	3.7	300.24739622557
25	23323	3.8	300.24739622557
25	23361	3.9	301.19382200131
25	23559	4	301.19382200131
25	23593	4.1	302.17356614086
25	23627	4.2	302.17356614086
25	23661	4.3	303.23513306891
25	23695	4.4	303.23513306891
25	23729	4.5	304.4001260614
25	23763	4.6	304.4001260614
25	23797	4.7	305.62933926345
25	23991	4.8	305.62933926345
25	24021	4.9	306.92264101687
25	24051	5	306.92264101687
25	24081	5.1	308.30508863901
25	24111	5.2	308.30508863901
25	24141	5.3	309.74605071053
25	24171	5.4	309.74605071053
25	24201	5.5	311.1986921942
25	24391	5.6	311.1986921942
25	24417	5.7	317.1986921942
25	24443	5.8	317.1986921942
25	24469	5.9	323.1986921942
25	24495	6	323.1986921942
25	24521	6.1	329.1986921942
25	24547	6.2	329.1986921942
25	24573	6.3	335.1986921942
25	24599	6.4	335.1986921942
25	24625	6.5	341.1986921942
25	24651	6.6	341.1986921942
25	24677	6.7	347.1986921942
25	24703	6.8	347.1986921942
25	24729	6.9	353.1986921942
26	51	0.3	326.6
26	319	0.4	326.6
26	631	0.5	326.6
26	960	0.6	326.6
26	1608	0.7	326.6
26	2361	0.8	326.6
26	3663	0.9	326.6
26	6217	1	326.6
26	9870	1.1	326.6
26	13042	1.2	326.6
26	15158	1.3	326.6
26	17481	1.4	326.6
26	20979	1.5	326.6
26	22071	1.6	326.6
26	22117	1.7	326.6
26	22163	1.8	326.6
26	22209	1.9	326.6
26	22255	2	326.6
26	22301	2.1	326.6
26	22347	2.2	326.6
26	22393	2.3	326.6
26	22599	2.4	326.6
26	22641	2.5	326.6
26	22683	2.6	326.6
26	22725	2.7	326.6
26	22767	2.8	326.6
26	22809	2.9	326.6
26	22851	3	326.6
26	22893	3.1	326.6
26	23095	3.2	326.6
26	23133	3.3	326.6
26	23171	3.4	326.6
26	23209	3.5	326.6
26	23247	3.6	326.6
26	23285	3.7	326.6
26	23323	3.8	326.6
26	23361	3.9	326.6
26	23559	4	326.6
26	23593	4.1	326.6
26	23627	4.2	326.6
26	23661	4.3	326.6
26	23695	4.4	326.6
26	23729	4.5	326.6
26	23763	4.6	326.6
26	23797	4.7	326.6
26	23991	4.8	326.6
26	24021	4.9	326.6
26	24051	5	326.6
26	24081	5.1	326.6
26	24111	5.2	326.6
26	24141	5.3	326.6
26	24171	5.4	326.6
26	24201	5.5	326.6
26	24391	5.6	326.6
26	24417	5.7	326.6
26	24443	5.8	326.6
26	24469	5.9	326.6
26	24495	6	326.6
26	24521	6.1	326.6
26	24547	6.2	326.6
26	24573	6.3	326.6
26	24599	6.4	326.6
26	24625	6.5	326.6
26	24651	6.6	326.6
26	24677	6.7	326.6
26	24703	6.8	326.6
26	24729	6.9	326.6
27	1020	0.600957075267	1
27	2346	0.8	2
27	2571	0.825955027009	3
27	3266	0.875515716936	4
27	3770	0.900751310507	5
27	4168	0.925921729198	6
27	4814	0.950787604332	7
27	4911	0.953114790875	8
27	5445	0.97599615799	9
27	6312	1.001090327011	10
27	7031	1.025871153542	11
27	8045	1.050486666939	12
27	8931	1.075721818821	13
27	15956	1.35	14
27	15976	1.35369567891	15
27	17918	1.414338927216	17
27	18290	1.431707332876	19
27	19028	1.45	21
27	20879	1.493563706097	22
27	23801	4.7	24
28	15297	1.319988413774	1
28	15517	1.321735525388	2
28	15649	1.341306525388	3
28	15730	1.342546525388	4
28	16019	1.356510746207	5
28	16112	1.360009746207	6
28	16414	1.366789058937	7
28	16506	1.369703058937	8
28	16592	1.371512133552	9
28	16709	1.391109134508	10
28	16987	1.393947454043	11
28	17439	1.399049903958	12
28	17555	1.400482027048	13
28	17632	1.401953077292	14
28	17724	1.405530077292	15
28	17803	1.407027135348	16
28	17897	1.411956135348	17
28	17974	1.421162145794	18
28	18199	1.42825560725	19
28	18286	1.430935607818	20
28	18353	1.435267609556	21
28	18454	1.437639760265	22
28	18555	1.439747928144	23
28	18596	1.441911928481	24
28	18811	1.445339389937	25
28	18894	1.447672404154	26
28	18971	1.449117473456	27
28	19092	1.451021573291	28
28	19149	1.452896575029	29
28	19254	1.454787720551	30
28	19337	1.456206871277	31
28	19425	1.458111091875	32
28	19506	1.460002102321	33
28	19646	1.461421371281	34
28	19736	1.463312601972	35
28	19943	1.467107832724	36
28	20160	1.470418054194	37
28	20253	1.47237421585	38
28	20324	1.473793327985	39
28	20414	1.475684559312	40
28	20508	1.479148682402	41
28	20592	1.482729751704	42
28	20682	1.484659898622	43
28	20779	1.490905956678	44
28	20867	1.492836188005	45
28	20942	1.497571232144	46
28	21041	1.50347923251	47
28	21404	1.512183758518	48
28	21484	1.519326833203	49
28	21564	1.523427908469	50
28	21632	1.528295920741	51
28	21712	1.530459979227	52
28	21796	1.535263044136	53
28	21880	1.540287161167	54
28	21956	1.545857211042	55
28	22058	1.555522269278	56
31	51	0.3	323.4
31	319	0.4	323.4
31	631	0.5	323.4
31	960	0.6	323.4
31	1608	0.7	323.4
31	2361	0.8	323.4
31	3663	0.9	323.4
31	6217	1	323.4
31	9870	1.1	323.4
31	13042	1.2	323.4
31	15158	1.3	323.4
31	17481	1.4	323.4
31	20979	1.5	323.4
31	22071	1.6	323.4
31	22117	1.7	323.4
31	22163	1.8	323.4
31	22209	1.9	323.4
31	22255	2	323.4
31	22301	2.1	323.4
31	22347	2.2	323.4
31	22393	2.3	323.4
31	22599	2.4	323.4
31	22641	2.5	323.4
31	22683	2.6	323.4
31	22725	2.7	323.4
31	22767	2.8	323.4
31	22809	2.9	323.4
31	22851	3	323.4
31	22893	3.1	323.4
31	23095	3.2	323.4
31	23133	3.3	323.4
31	23171	3.4	323.4
31	23209	3.5	323.4
31	23247	3.6	323.4
31	23285	3.7	323.4
31	23323	3.8	323.4
31	23361	3.9	323.4
31	23559	4	323.4
31	23593	4.1	323.4
31	23627	4.2	323.4
31	23661	4.3	323.4
31	23695	4.4	323.4
31	23729	4.5	323.4
31	23763	4.6	323.4
31	23797	4.7	323.4
31	23991	4.8	323.4
31	24021	4.9	323.4
31	24051	5	323.4
31	24081	5.1	323.4
31	24111	5.2	323.4
31	24141	5.3	323.4
31	24171	5.4	323.4
31	24201	5.5	323.4
31	24391	5.6	323.4
31	24417	5.7	323.4
31	24443	5.8	323.4
31	24469	5.9	323.4
31	24495	6	323.4
31	24521	6.1	323.4
31	24547	6.2	323.4
31	24573	6.3	323.4
31	24599	6.4	323.4
31	24625	6.5	323.4
31	24651	6.6	323.4
31	24677	6.7	323.4
31	24703	6.8	323.4
31	24729	6.9	323.4
32	51	0.3	285
32	319	0.4	285
32	631	0.5	286.17499393827
32	960	0.6	286.17499393827
32	1608	0.7	287.39256559933
32	2361	0.8	287.39256559933
32	3663	0.9	288.49906238354
32	6217	1	288.49906238354
32	9870	1.1	289.59143421145
32	13042	1.2	289.59143421145
32	15158	1.3	290.59393088919
32	17481	1.4	290.59393088919
32	20979	1.5	291.55118283911
32	22071	1.6	291.55118283911
32	22117	1.7	292.50157587924
32	22163	1.8	292.50157587924
32	22209	1.9	293.3295763535
32	22255	2	293.3295763535
32	22301	2.1	294.23748392867
32	22347	2.2	294.23748392867
32	22393	2.3	295.24071739624
32	22599	2.4	295.24071739624
32	22641	2.5	296.27989893234
32	22683	2.6	296.27989893234
32	22725	2.7	297.37294454593
32	22767	2.8	297.37294454593
32	22809	2.9	298.56488713081
32	22851	3	298.56488713081
32	22893	3.1	299.81844683306
32	23095	3.2	299.81844683306
32	23133	3.3	301.0317273495
32	23171	3.4	301.0317273495
32	23209	3.5	302.32554070995
32	23247	3.6	302.32554070995
32	23285	3.7	303.68015079368
32	23323	3.8	303.68015079368
32	23361	3.9	305.10127528147
32	23559	4	305.10127528147
32	23593	4.1	306.58615212545
32	23627	4.2	306.58615212545
32	23661	4.3	308.16214501864
32	23695	4.4	308.16214501864
32	23729	4.5	309.82503778772
32	23763	4.6	309.82503778772
32	23797	4.7	311.30793055679
32	23991	4.8	311.30793055679
32	24021	4.9	317.30793055679
32	24051	5	317.30793055679
32	24081	5.1	323.30793055679
32	24111	5.2	323.30793055679
32	24141	5.3	329.30793055679
32	24171	5.4	329.30793055679
32	24201	5.5	335.30793055679
32	24391	5.6	335.30793055679
32	24417	5.7	341.30793055679
32	24443	5.8	341.30793055679
32	24469	5.9	347.30793055679
32	24495	6	347.30793055679
32	24521	6.1	353.30793055679
32	24547	6.2	353.30793055679
32	24573	6.3	359.30793055679
32	24599	6.4	359.30793055679
32	24625	6.5	365.30793055679
32	24651	6.6	365.30793055679
32	24677	6.7	371.30793055679
32	24703	6.8	371.30793055679
32	24729	6.9	377.30793055679
33	1040	0.600957116731	1
33	2348	0.8	2
33	2599	0.825955137352	3
33	2943	0.850631431186	4
33	3726	0.90075113865	5
33	4128	0.925921557537	6
33	4794	0.950787549689	7
33	5425	0.975996106593	8
33	5661	0.979428354199	9
33	6292	1.001090279665	10
33	7003	1.025871086104	11
33	8025	1.050486618424	12
33	8915	1.075721784399	13
33	15957	1.35	14
33	15972	1.352845076243	15
33	17919	1.414364039598	17
33	18294	1.4332759665	19
33	19029	1.45	21
33	20880	1.494639600782	22
33	20996	1.5	24
34	15301	1.319988415099	1
34	15653	1.341306526713	2
34	15734	1.342546526713	3
34	16047	1.356510828554	4
34	16140	1.360009828554	5
34	16223	1.361558902572	6
34	16316	1.365252902572	7
34	16552	1.371511977526	8
34	16713	1.391109135833	9
34	16967	1.393947397513	10
34	17411	1.399049856118	11
34	17527	1.40048195638	12
34	17612	1.401953028207	13
34	17704	1.405530028207	14
34	17787	1.407027101747	15
34	17881	1.411956101747	16
34	18002	1.421162228141	17
34	18098	1.426364302159	18
34	18159	1.428255451453	19
34	18357	1.435267610881	20
34	18434	1.437639707573	21
34	18515	1.439747772118	22
34	18624	1.441912010828	23
34	18713	1.443881084846	24
34	18771	1.44533923414	25
34	18866	1.447672333486	26
34	18951	1.449117416926	27
34	19153	1.452896576354	28
34	19234	1.454787671466	29
34	19317	1.456206818585	30
34	19409	1.458111058274	31
34	19515	1.460002108682	32
34	19618	1.461421323441	33
34	19696	1.463312446175	34
34	19810	1.464731545521	35
34	19923	1.467107776194	36
34	20140	1.470418005109	37
34	20213	1.472374059824	38
34	20308	1.473793294384	39
34	20386	1.475684511472	40
34	20480	1.479148611734	41
34	20572	1.482729695174	42
34	20662	1.484659849537	43
34	20763	1.490905923077	44
34	20839	1.492836140165	45
34	20946	1.497571233469	46
34	21069	1.503479307508	47
34	21228	1.506050606868	48
34	21440	1.51932668389	49
34	21524	1.523427759402	50
34	21612	1.528295863817	51
34	21692	1.530459926289	52
34	21768	1.535262996351	53
34	21852	1.540287089543	54
34	21936	1.545857162059	55
34	22042	1.555522236319	56
37	51	0.3	326.6
37	319	0.4	326.6
37	631	0.5	326.6
37	960	0.6	326.6
37	1608	0.7	326.6
37	2361	0.8	326.6
37	3663	0.9	326.6
37	6217	1	326.6
37	9870	1.1	326.6
37	13042	1.2	326.6
37	15158	1.3	326.6
37	17481	1.4	326.6
37	20979	1.5	326.6
37	22071	1.6	326.6
37	22117	1.7	326.6
37	22163	1.8	326.6
37	22209	1.9	326.6
37	22255	2	326.6
37	22301	2.1	326.6
37	22347	2.2	326.6
37	22393	2.3	326.6
37	22599	2.4	326.6
37	22641	2.5	326.6
37	22683	2.6	326.6
37	22725	2.7	326.6
37	22767	2.8	326.6
37	22809	2.9	326.6
37	22851	3	326.6
37	22893	3.1	326.6
37	23095	3.2	326.6
37	23133	3.3	326.6
37	23171	3.4	326.6
37	23209	3.5	326.6
37	23247	3.6	326.6
37	23285	3.7	326.6
37	23323	3.8	326.6
37	23361	3.9	326.6
37	23559	4	326.6
37	23593	4.1	326.6
37	23627	4.2	326.6
37	23661	4.3	326.6
37	23695	4.4	326.6
37	23729	4.5	326.6
37	23763	4.6	326.6
37	23797	4.7	326.6
37	23991	4.8	326.6
37	24021	4.9	326.6
37	24051	5	326.6
37	24081	5.1	326.6
37	24111	5.2	326.6
37	24141	5.3	326.6
37	24171	5.4	326.6
37	24201	5.5	326.6
37	24391	5.6	326.6
37	24417	5.7	326.6
37	24443	5.8	326.6
37	24469	5.9	326.6
37	24495	6	326.6
37	24521	6.1	326.6
37	24547	6.2	326.6
37	24573	6.3	326.6
37	24599	6.4	326.6
37	24625	6.5	326.6
37	24651	6.6	326.6
37	24677	6.7	326.6
37	24703	6.8	326.6
37	24729	6.9	326.6
38	51	0.3	345
38	319	0.4	345
38	631	0.5	343.02936884371
38	960	0.6	343.02936884371
38	1608	0.7	341.23873768741
38	2361	0.8	341.23873768741
38	3663	0.9	339.62810653112
38	6217	1	339.62810653112
38	9870	1.1	338.19747537482
38	13042	1.2	338.19747537482
38	15158	1.3	336.94684421853
38	17481	1.4	336.94684421853
38	20979	1.5	335.87621306223
38	22071	1.6	335.87621306223
38	22117	1.7	329.87621306223
38	22163	1.8	329.87621306223
38	22209	1.9	323.87621306223
38	22255	2	323.87621306223
38	22301	2.1	317.87621306223
38	22347	2.2	317.87621306223
38	22393	2.3	311.87621306223
38	22599	2.4	311.87621306223
38	22641	2.5	305.87621306223
38	22683	2.6	305.87621306223
38	22725	2.7	299.87621306223
38	22767	2.8	299.87621306223
38	22809	2.9	293.87621306223
38	22851	3	293.87621306223
38	22893	3.1	287.87621306223
38	23095	3.2	287.87621306223
38	23133	3.3	281.87621306223
38	23171	3.4	281.87621306223
38	23209	3.5	275.87621306223
38	23247	3.6	275.87621306223
38	23285	3.7	269.87621306223
38	23323	3.8	269.87621306223
38	23361	3.9	263.87621306223
38	23559	4	263.87621306223
38	23593	4.1	257.87621306223
38	23627	4.2	257.87621306223
38	23661	4.3	251.87621306223
38	23695	4.4	251.87621306223
38	23729	4.5	245.87621306223
38	23763	4.6	245.87621306223
38	23797	4.7	239.87621306223
38	23991	4.8	239.87621306223
38	24021	4.9	233.87621306223
38	24051	5	233.87621306223
38	24081	5.1	227.87621306223
38	24111	5.2	227.87621306223
38	24141	5.3	221.87621306223
38	24171	5.4	221.87621306223
38	24201	5.5	215.87621306223
38	24391	5.6	215.87621306223
38	24417	5.7	209.87621306223
38	24443	5.8	209.87621306223
38	24469	5.9	203.87621306223
38	24495	6	203.87621306223
38	24521	6.1	197.87621306223
38	24547	6.2	197.87621306223
38	24573	6.3	191.87621306223
38	24599	6.4	191.87621306223
38	24625	6.5	185.87621306223
38	24651	6.6	185.87621306223
38	24677	6.7	179.87621306223
38	24703	6.8	179.87621306223
38	24729	6.9	173.87621306223
39	1052	0.600957150965	1
39	2350	0.8	2
39	2611	0.825955172689	3
39	2947	0.850631466644	4
39	3222	0.875515571524	5
39	4124	0.925921521038	6
39	4810	0.95078758252	7
39	5433	0.97599613302	8
39	5827	0.980455662678	9
39	6300	1.00109030073	10
39	7011	1.02587111039	11
39	8029	1.050486636332	12
39	8923	1.07572179828	13
39	15958	1.35	14
39	15977	1.354474487658	15
39	17927	1.417683580928	17
39	18325	1.434093467251	19
39	19030	1.45	21
39	20917	1.497156059985	22
39	22899	3.1	24
40	15317	1.319988451455	1
40	15669	1.341306563069	2
40	15750	1.342546563069	3
40	16059	1.356510865483	4
40	16152	1.360009865483	5
40	16235	1.36155893971	6
40	16328	1.36525293971	7
40	16370	1.366788940049	8
40	16462	1.369702940049	9
40	16729	1.391109172189	10
40	16983	1.393947432092	11
40	17423	1.39904987701	12
40	17539	1.400481981065	13
40	17616	1.401953045445	14
40	17708	1.405530045445	15
40	17795	1.407027114678	16
40	17889	1.411956114678	17
40	18014	1.42116226507	18
40	18110	1.426364339297	19
40	18155	1.428255413976	20
40	18242	1.43093548893	21
40	18373	1.435267647237	22
40	18442	1.437639734641	23
40	18636	1.441912047757	24
40	18725	1.443881121984	25
40	18767	1.445339196663	26
40	18878	1.447672358171	27
40	18967	1.449117451505	28
40	19048	1.451021454403	29
40	19169	1.45289661271	30
40	19238	1.454787688704	31
40	19325	1.456206845653	32
40	19417	1.458111071205	33
40	19630	1.461421344333	34
40	19692	1.463312408698	35
40	19939	1.467107810773	36
40	20027	1.468998813671	37
40	20144	1.470418022347	38
40	20316	1.473793307315	39
40	20398	1.475684532364	40
40	20492	1.479148636419	41
40	20588	1.482729729753	42
40	20666	1.484659866775	43
40	20771	1.490905936008	44
40	20851	1.492836161057	45
40	20962	1.497571269825	46
40	21081	1.503479344423	47
40	21240	1.506050644027	48
40	21360	1.512183646364	49
40	21520	1.523427721876	50
40	21628	1.528295898824	51
40	21700	1.530459953394	52
40	21780	1.535263016963	53
40	21864	1.540287114079	54
40	21940	1.545857178762	55
40	22050	1.555522248662	56
43	51	0.3	326.6
43	319	0.4	326.6
43	631	0.5	326.6
43	960	0.6	326.6
43	1608	0.7	326.6
43	2361	0.8	326.6
43	3663	0.9	326.6
43	6217	1	326.6
43	9870	1.1	326.6
43	13042	1.2	326.6
43	15158	1.3	326.6
43	17481	1.4	326.6
43	20979	1.5	326.6
43	22071	1.6	326.6
43	22117	1.7	326.6
43	22163	1.8	326.6
43	22209	1.9	326.6
43	22255	2	326.6
43	22301	2.1	326.6
43	22347	2.2	326.6
43	22393	2.3	326.6
43	22599	2.4	326.6
43	22641	2.5	326.6
43	22683	2.6	326.6
43	22725	2.7	326.6
43	22767	2.8	326.6
43	22809	2.9	326.6
43	22851	3	326.6
43	22893	3.1	326.6
43	23095	3.2	326.6
43	23133	3.3	326.6
43	23171	3.4	326.6
43	23209	3.5	326.6
43	23247	3.6	326.6
43	23285	3.7	326.6
43	23323	3.8	326.6
43	23361	3.9	326.6
43	23559	4	326.6
43	23593	4.1	326.6
43	23627	4.2	326.6
43	23661	4.3	326.6
43	23695	4.4	326.6
43	23729	4.5	326.6
43	23763	4.6	326.6
43	23797	4.7	326.6
43	23991	4.8	326.6
43	24021	4.9	326.6
43	24051	5	326.6
43	24081	5.1	326.6
43	24111	5.2	326.6
43	24141	5.3	326.6
43	24171	5.4	326.6
43	24201	5.5	326.6
43	24391	5.6	326.6
43	24417	5.7	326.6
43	24443	5.8	326.6
43	24469	5.9	326.6
43	24495	6	326.6
43	24521	6.1	326.6
43	24547	6.2	326.6
43	24573	6.3	326.6
43	24599	6.4	326.6
43	24625	6.5	326.6
43	24651	6.6	326.6
43	24677	6.7	326.6
43	24703	6.8	326.6
43	24729	6.9	326.6
44	51	0.3	355
44	319	0.4	355
44	631	0.5	353.4546861307
44	960	0.6	353.4546861307
44	1608	0.7	351.94330450686
44	2361	0.8	351.94330450686
44	3663	0.9	350.56998423982
44	6217	1	350.56998423982
44	9870	1.1	349.3365039036
44	13042	1.2	349.3365039036
44	15158	1.3	348.18211979731
44	17481	1.4	348.18211979731
44	20979	1.5	347.12619174156
44	22071	1.6	347.12619174156
44	22117	1.7	346.20504108228
44	22163	1.8	346.20504108228
44	22209	1.9	345.21876548166
44	22255	2	345.21876548166
44	22301	2.1	344.17262755987
44	22347	2.2	344.17262755987
44	22393	2.3	343.06801504427
44	22599	2.4	343.06801504427
44	22641	2.5	341.87955953494
44	22683	2.6	341.87955953494
44	22725	2.7	340.60741574404
44	22767	2.8	340.60741574404
44	22809	2.9	339.27989924236
44	22851	3	339.27989924236
44	22893	3.1	337.93110750664
44	23095	3.2	337.93110750664
44	23133	3.3	331.93110750664
44	23171	3.4	331.93110750664
44	23209	3.5	325.93110750664
44	23247	3.6	325.93110750664
44	23285	3.7	319.93110750664
44	23323	3.8	319.93110750664
44	23361	3.9	313.93110750664
44	23559	4	313.93110750664
44	23593	4.1	307.93110750664
44	23627	4.2	307.93110750664
44	23661	4.3	301.93110750664
44	23695	4.4	301.93110750664
44	23729	4.5	295.93110750664
44	23763	4.6	295.93110750664
44	23797	4.7	289.93110750664
44	23991	4.8	289.93110750664
44	24021	4.9	283.93110750664
44	24051	5	283.93110750664
44	24081	5.1	277.93110750664
44	24111	5.2	277.93110750664
44	24141	5.3	271.93110750664
44	24171	5.4	271.93110750664
44	24201	5.5	265.93110750664
44	24391	5.6	265.93110750664
44	24417	5.7	259.93110750664
44	24443	5.8	259.93110750664
44	24469	5.9	253.93110750664
44	24495	6	253.93110750664
44	24521	6.1	247.93110750664
44	24547	6.2	247.93110750664
44	24573	6.3	241.93110750664
44	24599	6.4	241.93110750664
44	24625	6.5	235.93110750664
44	24651	6.6	235.93110750664
44	24677	6.7	229.93110750664
44	24703	6.8	229.93110750664
44	24729	6.9	223.93110750664
45	1056	0.600957185408	1
45	2352	0.8	2
45	2615	0.825955208367	3
45	2951	0.850631502392	4
45	3230	0.875515607451	5
45	3730	0.900751138671	6
45	4822	0.950787617219	7
45	5449	0.975996163678	8
45	6316	1.001090327021	9
45	7023	1.025871140745	10
45	7453	1.029927659268	11
45	8041	1.050486661316	12
45	8935	1.075721818886	13
45	15959	1.35	14
45	15975	1.353380618979	15
45	17500	1.4	17
45	17928	1.417706905615	18
45	18291	1.432173148934	20
45	20912	1.496016914355	22
45	23804	4.7	24
46	15325	1.319988488331	1
46	15677	1.341306599945	2
46	15758	1.342546599945	3
46	16063	1.356510902599	4
46	16156	1.360009902599	5
46	16239	1.361558976935	6
46	16332	1.365252976935	7
46	16386	1.366788977503	8
46	16478	1.369702977503	9
46	16548	1.371511977503	10
46	16737	1.391109209065	11
46	16995	1.393947468269	12
46	17435	1.399049903921	13
46	17547	1.400482012839	14
46	17628	1.40195307105	15
46	17720	1.40553007105	16
46	17807	1.407027135361	17
46	17901	1.411956135361	18
46	18018	1.421162302186	19
46	18114	1.426364376522	20
46	18258	1.430935526384	21
46	18381	1.435267684113	22
46	18458	1.437639766478	23
46	18511	1.439747772095	24
46	18640	1.441912084873	25
46	18729	1.443881159209	26
46	18886	1.447672389945	27
46	18979	1.449117487682	28
46	19064	1.451021491857	29
46	19177	1.452896649586	30
46	19250	1.454787714309	31
46	19341	1.45620687749	32
46	19429	1.458111091888	33
46	19512	1.460002108659	34
46	19642	1.461421371244	35
46	19951	1.46710784695	36
46	20045	1.468998851125	37
46	20156	1.470418047952	38
46	20209	1.472374059801	39
46	20328	1.473793327998	40
46	20410	1.475684559275	41
46	20500	1.479148668193	42
46	20600	1.48272976593	43
46	20678	1.48465989238	44
46	20783	1.490905956691	45
46	20863	1.492836187968	46
46	20970	1.497571306701	47
46	21085	1.50347938181	48
46	21244	1.506050681537	49
46	21380	1.51218368412	50
46	21444	1.51932668412	51
46	21640	1.528295935522	52
46	21716	1.530459985675	53
46	21792	1.535263044077	54
46	21872	1.540287146361	55
46	21952	1.545857204534	56
46	22062	1.555522269279	57
49	51	0.3	326.6
49	319	0.4	326.6
49	631	0.5	326.6
49	960	0.6	326.6
49	1608	0.7	326.6
49	2361	0.8	326.6
49	3663	0.9	326.6
49	6217	1	326.6
49	9870	1.1	326.6
49	13042	1.2	326.6
49	15158	1.3	326.6
49	17481	1.4	326.6
49	20979	1.5	326.6
49	22071	1.6	326.6
49	22117	1.7	326.6
49	22163	1.8	326.6
49	22209	1.9	326.6
49	22255	2	326.6
49	22301	2.1	326.6
49	22347	2.2	326.6
49	22393	2.3	326.6
49	22599	2.4	326.6
49	22641	2.5	326.6
49	22683	2.6	326.6
49	22725	2.7	326.6
49	22767	2.8	326.6
49	22809	2.9	326.6
49	22851	3	326.6
49	22893	3.1	326.6
49	23095	3.2	326.6
49	23133	3.3	326.6
49	23171	3.4	326.6
49	23209	3.5	326.6
49	23247	3.6	326.6
49	23285	3.7	326.6
49	23323	3.8	326.6
49	23361	3.9	326.6
49	23559	4	326.6
49	23593	4.1	326.6
49	23627	4.2	326.6
49	23661	4.3	326.6
49	23695	4.4	326.6
49	23729	4.5	326.6
49	23763	4.6	326.6
49	23797	4.7	326.6
49	23991	4.8	326.6
49	24021	4.9	326.6
49	24051	5	326.6
49	24081	5.1	326.6
49	24111	5.2	326.6
49	24141	5.3	326.6
49	24171	5.4	326.6
49	24201	5.5	326.6
49	24391	5.6	326.6
49	24417	5.7	326.6
49	24443	5.8	326.6
49	24469	5.9	326.6
49	24495	6	326.6
49	24521	6.1	326.6
49	24547	6.2	326.6
49	24573	6.3	326.6
49	24599	6.4	326.6
49	24625	6.5	326.6
49	24651	6.6	326.6
49	24677	6.7	326.6
49	24703	6.8	326.6
49	24729	6.9	326.6
50	51	0.3	365
50	319	0.4	365
50	631	0.5	363.88211534045
50	960	0.6	363.88211534045
50	1608	0.7	362.71394848277
50	2361	0.8	362.71394848277
50	3663	0.9	361.51824380993
50	6217	1	361.51824380993
50	9870	1.1	360.43959487621
50	13042	1.2	360.43959487621
50	15158	1.3	359.41045807285
50	17481	1.4	359.41045807285
50	20979	1.5	358.44519092672
50	22071	1.6	358.44519092672
50	22117	1.7	357.48612485201
50	22163	1.8	357.48612485201
50	22209	1.9	356.63253020698
50	22255	2	356.63253020698
50	22301	2.1	355.74332310895
50	22347	2.2	355.74332310895
50	22393	2.3	354.79495444982
50	22599	2.4	354.79495444982
50	22641	2.5	353.80960862656
50	22683	2.6	353.80960862656
50	22725	2.7	352.76324139238
50	22767	2.8	352.76324139238
50	22809	2.9	351.62700169134
50	22851	3	351.62700169134
50	22893	3.1	350.45425137894
50	23095	3.2	350.45425137894
50	23133	3.3	349.22315389127
50	23171	3.4	349.22315389127
50	23209	3.5	347.9086317295
50	23247	3.6	347.9086317295
50	23285	3.7	346.497301615
50	23323	3.8	346.497301615
50	23361	3.9	345.00317977473
50	23559	4	345.00317977473
50	23593	4.1	343.4422233887
50	23627	4.2	343.4422233887
50	23661	4.3	341.79381277711
50	23695	4.4	341.79381277711
50	23729	4.5	340.1491034027
50	23763	4.6	340.1491034027
50	23797	4.7	338.6843940283
50	23991	4.8	338.6843940283
50	24021	4.9	332.6843940283
50	24051	5	332.6843940283
50	24081	5.1	326.6843940283
50	24111	5.2	326.6843940283
50	24141	5.3	320.6843940283
50	24171	5.4	320.6843940283
50	24201	5.5	314.6843940283
50	24391	5.6	314.6843940283
50	24417	5.7	308.6843940283
50	24443	5.8	308.6843940283
50	24469	5.9	302.6843940283
50	24495	6	302.6843940283
50	24521	6.1	296.6843940283
50	24547	6.2	296.6843940283
50	24573	6.3	290.6843940283
50	24599	6.4	290.6843940283
50	24625	6.5	284.6843940283
50	24651	6.6	284.6843940283
50	24677	6.7	278.6843940283
50	24703	6.8	278.6843940283
50	24729	6.9	272.6843940283
51	1028	0.600957083597	1
51	2354	0.8	2
51	2583	0.825955093789	3
51	2919	0.850631381619	4
51	3234	0.87551561428	5
51	3742	0.900751206059	6
51	4140	0.925921623125	7
51	5417	0.975996047637	8
51	6284	1.001090226811	9
51	7015	1.02587111575	10
51	7620	1.031280002304	11
51	8037	1.05048665095	12
51	8927	1.075721818298	13
51	15960	1.35	14
51	15967	1.351458964161	15
51	17924	1.415565546283	17
51	18293	1.433160908294	19
51	19032	1.45	21
51	20882	1.495671797006	22
51	22401	2.3	24
52	15293	1.319988392756	1
52	15513	1.32173550437	2
52	15645	1.34130650437	3
52	15726	1.34254650437	4
52	16031	1.356510792672	5
52	16124	1.360009792672	6
52	16207	1.361558861583	7
52	16300	1.365252861583	8
52	16378	1.366788961418	9
52	16470	1.369702961418	10
52	16564	1.371512033474	11
52	16705	1.39110911349	12
52	17407	1.399049815548	13
52	17535	1.400481980974	14
52	17624	1.401953054598	15
52	17716	1.405530054598	16
52	17799	1.407027128843	17
52	17893	1.411956128843	18
52	17986	1.421162192259	19
52	18082	1.42636426117	20
52	18171	1.428255506124	21
52	18250	1.430935510299	22
52	18349	1.435267588538	23
52	18426	1.437639661397	24
52	18527	1.439747828066	25
52	18608	1.441911974946	26
52	18697	1.443881043857	27
52	18783	1.445339288811	28
52	18874	1.44767235808	29
52	19056	1.451021475772	30
52	19145	1.452896554011	31
52	19246	1.454787697857	32
52	19309	1.456206772409	33
52	19421	1.45811108537	34
52	19614	1.461421282871	35
52	19708	1.463312500846	36
52	20152	1.4704180315	37
52	20225	1.472374115772	38
52	20320	1.47379332148	39
52	20382	1.475684470902	40
52	20488	1.479148636328	41
52	20674	1.484659875928	42
52	20775	1.490905950173	43
52	20835	1.492836099595	44
52	20938	1.497571211126	45
52	21053	1.503479273587	46
52	21208	1.506050568108	47
52	21368	1.512183662834	48
52	21456	1.519326735367	49
52	21536	1.523427809821	50
52	21680	1.530459885175	51
52	21764	1.535262960628	52
52	21860	1.540287112099	53
52	21948	1.545857185876	54
52	22054	1.55552226056	55
55	51	0.3	345
55	319	0.4	345
55	631	0.5	343.07202587852
55	960	0.6	343.07202587852
55	1608	0.7	341.29681726586
55	2361	0.8	341.29681726586
55	3663	0.9	339.70160865321
55	6217	1	339.70160865321
55	9870	1.1	338.28640004055
55	13042	1.2	338.28640004055
55	15158	1.3	337.02598153648
55	17481	1.4	337.02598153648
55	20979	1.5	335.94556303241
55	22071	1.6	335.94556303241
55	22117	1.7	335.04514452833
55	22163	1.8	335.04514452833
55	22209	1.9	334.31833280626
55	22255	2	334.31833280626
55	22301	2.1	333.77152108419
55	22347	2.2	333.77152108419
55	22393	2.3	333.40470936212
55	22599	2.4	333.40470936212
55	22641	2.5	327.40470936212
55	22683	2.6	327.40470936212
55	22725	2.7	321.40470936212
55	22767	2.8	321.40470936212
55	22809	2.9	315.40470936212
55	22851	3	315.40470936212
55	22893	3.1	309.40470936212
55	23095	3.2	309.40470936212
55	23133	3.3	303.40470936212
55	23171	3.4	303.40470936212
55	23209	3.5	297.40470936212
55	23247	3.6	297.40470936212
55	23285	3.7	291.40470936212
55	23323	3.8	291.40470936212
55	23361	3.9	285.40470936212
55	23559	4	285.40470936212
55	23593	4.1	279.40470936212
55	23627	4.2	279.40470936212
55	23661	4.3	273.40470936212
55	23695	4.4	273.40470936212
55	23729	4.5	267.40470936212
55	23763	4.6	267.40470936212
55	23797	4.7	261.40470936212
55	23991	4.8	261.40470936212
55	24021	4.9	255.40470936212
55	24051	5	255.40470936212
55	24081	5.1	249.40470936212
55	24111	5.2	249.40470936212
55	24141	5.3	243.40470936212
55	24171	5.4	243.40470936212
55	24201	5.5	237.40470936212
55	24391	5.6	237.40470936212
55	24417	5.7	231.40470936212
55	24443	5.8	231.40470936212
55	24469	5.9	225.40470936212
55	24495	6	225.40470936212
55	24521	6.1	219.40470936212
55	24547	6.2	219.40470936212
55	24573	6.3	213.40470936212
55	24599	6.4	213.40470936212
55	24625	6.5	207.40470936212
55	24651	6.6	207.40470936212
55	24677	6.7	201.40470936212
55	24703	6.8	201.40470936212
55	24729	6.9	195.40470936212
56	51	0.3	323.4
56	319	0.4	323.4
56	631	0.5	323.4
56	960	0.6	323.4
56	1608	0.7	323.4
56	2361	0.8	323.4
56	3663	0.9	323.4
56	6217	1	323.4
56	9870	1.1	323.4
56	13042	1.2	323.4
56	15158	1.3	323.4
56	17481	1.4	323.4
56	20979	1.5	323.4
56	22071	1.6	323.4
56	22117	1.7	323.4
56	22163	1.8	323.4
56	22209	1.9	323.4
56	22255	2	323.4
56	22301	2.1	323.4
56	22347	2.2	323.4
56	22393	2.3	323.4
56	22599	2.4	323.4
56	22641	2.5	323.4
56	22683	2.6	323.4
56	22725	2.7	323.4
56	22767	2.8	323.4
56	22809	2.9	323.4
56	22851	3	323.4
56	22893	3.1	323.4
56	23095	3.2	323.4
56	23133	3.3	323.4
56	23171	3.4	323.4
56	23209	3.5	323.4
56	23247	3.6	323.4
56	23285	3.7	323.4
56	23323	3.8	323.4
56	23361	3.9	323.4
56	23559	4	323.4
56	23593	4.1	323.4
56	23627	4.2	323.4
56	23661	4.3	323.4
56	23695	4.4	323.4
56	23729	4.5	323.4
56	23763	4.6	323.4
56	23797	4.7	323.4
56	23991	4.8	323.4
56	24021	4.9	323.4
56	24051	5	323.4
56	24081	5.1	323.4
56	24111	5.2	323.4
56	24141	5.3	323.4
56	24171	5.4	323.4
56	24201	5.5	323.4
56	24391	5.6	323.4
56	24417	5.7	323.4
56	24443	5.8	323.4
56	24469	5.9	323.4
56	24495	6	323.4
56	24521	6.1	323.4
56	24547	6.2	323.4
56	24573	6.3	323.4
56	24599	6.4	323.4
56	24625	6.5	323.4
56	24651	6.6	323.4
56	24677	6.7	323.4
56	24703	6.8	323.4
56	24729	6.9	323.4
57	1036	0.600957114743	1
57	2356	0.8	2
57	2595	0.825955119743	3
57	2927	0.850631402685	4
57	3242	0.875515638182	5
57	3750	0.90075122406	6
57	4148	0.925921637085	7
57	4782	0.950787515138	8
57	6280	1.001090190286	9
57	7027	1.025871151545	10
57	8049	1.050486687051	11
57	8281	1.053658918261	12
57	8939	1.075721854546	13
57	15961	1.35	14
57	15974	1.353228777774	15
57	17502	1.4	17
57	17926	1.416742896252	18
57	18287	1.431029629004	20
57	20876	1.492902796959	22
57	23370	3.9	24
58	15309	1.319988428065	1
58	15661	1.341306539679	2
58	15742	1.342546539679	3
58	16043	1.356510819883	4
58	16136	1.360009819883	5
58	16215	1.361558882625	6
58	16308	1.365252882625	7
58	16394	1.366788986298	8
58	16486	1.369702986298	9
58	16572	1.371512050843	10
58	16721	1.391109148799	11
58	16955	1.393947376217	12
58	17403	1.399049777997	13
58	17551	1.400482017489	14
58	17636	1.4019530916	15
58	17728	1.4055300916	16
58	17811	1.407027166056	17
58	17905	1.411956166056	18
58	17998	1.42116221947	19
58	18090	1.426364282212	20
58	18179	1.428255519153	21
58	18266	1.430935535179	22
58	18365	1.435267623847	23
58	18535	1.439747845435	24
58	18620	1.441912002157	25
58	18705	1.443881064899	26
58	18791	1.44533930184	27
58	18890	1.447672394595	28
58	18939	1.44911739563	29
58	19072	1.451021500652	30
58	19161	1.45289658932	31
58	19258	1.454787734859	32
58	19433	1.458111122583	33
58	19610	1.46142124532	34
58	19716	1.463312513875	35
58	19911	1.467107754898	36
58	20164	1.470418068502	37
58	20233	1.472374133141	38
58	20332	1.473793358693	39
58	20378	1.475684433351	40
58	20504	1.479148672843	41
58	20560	1.482729673878	42
58	20686	1.48465991293	43
58	20787	1.490905987386	44
58	20831	1.492836062044	45
58	20954	1.497571246435	46
58	21065	1.503479300914	47
58	21220	1.506050588917	48
58	21384	1.512183687629	49
58	21464	1.51932675226	50
58	21544	1.523427822297	51
58	21600	1.528295847498	52
58	21760	1.53526292295	53
58	21876	1.540287148573	54
58	21960	1.545857222943	55
58	22066	1.555522297871	56
61	51	0.3	355
61	319	0.4	355
61	631	0.5	353.44760854882
61	960	0.6	353.44760854882
61	1608	0.7	351.99691186971
61	2361	0.8	351.99691186971
61	3663	0.9	350.6514553056
61	6217	1	350.6514553056
61	9870	1.1	349.42135501026
61	13042	1.2	349.42135501026
61	15158	1.3	348.28320892481
61	17481	1.4	348.28320892481
61	20979	1.5	347.24096690967
61	22071	1.6	347.24096690967
61	22117	1.7	346.31428249222
61	22163	1.8	346.31428249222
61	22209	1.9	345.45776212298
61	22255	2	345.45776212298
61	22301	2.1	344.72109753008
61	22347	2.2	344.72109753008
61	22393	2.3	344.05114844341
61	22599	2.4	344.05114844341
61	22641	2.5	343.47602288552
61	22683	2.6	343.47602288552
61	22725	2.7	342.80447330798
61	22767	2.8	342.80447330798
61	22809	2.9	342.05604304508
61	22851	3	342.05604304508
61	22893	3.1	341.22259216355
61	23095	3.2	341.22259216355
61	23133	3.3	340.33691338773
61	23171	3.4	340.33691338773
61	23209	3.5	339.36929726306
61	23247	3.6	339.36929726306
61	23285	3.7	338.34828730981
61	23323	3.8	338.34828730981
61	23361	3.9	337.24679504773
61	23559	4	337.24679504773
61	23593	4.1	331.24679504773
61	23627	4.2	331.24679504773
61	23661	4.3	325.24679504773
61	23695	4.4	325.24679504773
61	23729	4.5	319.24679504773
61	23763	4.6	319.24679504773
61	23797	4.7	313.24679504773
61	23991	4.8	313.24679504773
61	24021	4.9	307.24679504773
61	24051	5	307.24679504773
61	24081	5.1	301.24679504773
61	24111	5.2	301.24679504773
61	24141	5.3	295.24679504773
61	24171	5.4	295.24679504773
61	24201	5.5	289.24679504773
61	24391	5.6	289.24679504773
61	24417	5.7	283.24679504773
61	24443	5.8	283.24679504773
61	24469	5.9	277.24679504773
61	24495	6	277.24679504773
61	24521	6.1	271.24679504773
61	24547	6.2	271.24679504773
61	24573	6.3	265.24679504773
61	24599	6.4	265.24679504773
61	24625	6.5	259.24679504773
61	24651	6.6	259.24679504773
61	24677	6.7	253.24679504773
61	24703	6.8	253.24679504773
61	24729	6.9	247.24679504773
62	51	0.3	323.4
62	319	0.4	323.4
62	631	0.5	323.4
62	960	0.6	323.4
62	1608	0.7	323.4
62	2361	0.8	323.4
62	3663	0.9	323.4
62	6217	1	323.4
62	9870	1.1	323.4
62	13042	1.2	323.4
62	15158	1.3	323.4
62	17481	1.4	323.4
62	20979	1.5	323.4
62	22071	1.6	323.4
62	22117	1.7	323.4
62	22163	1.8	323.4
62	22209	1.9	323.4
62	22255	2	323.4
62	22301	2.1	323.4
62	22347	2.2	323.4
62	22393	2.3	323.4
62	22599	2.4	323.4
62	22641	2.5	323.4
62	22683	2.6	323.4
62	22725	2.7	323.4
62	22767	2.8	323.4
62	22809	2.9	323.4
62	22851	3	323.4
62	22893	3.1	323.4
62	23095	3.2	323.4
62	23133	3.3	323.4
62	23171	3.4	323.4
62	23209	3.5	323.4
62	23247	3.6	323.4
62	23285	3.7	323.4
62	23323	3.8	323.4
62	23361	3.9	323.4
62	23559	4	323.4
62	23593	4.1	323.4
62	23627	4.2	323.4
62	23661	4.3	323.4
62	23695	4.4	323.4
62	23729	4.5	323.4
62	23763	4.6	323.4
62	23797	4.7	323.4
62	23991	4.8	323.4
62	24021	4.9	323.4
62	24051	5	323.4
62	24081	5.1	323.4
62	24111	5.2	323.4
62	24141	5.3	323.4
62	24171	5.4	323.4
62	24201	5.5	323.4
62	24391	5.6	323.4
62	24417	5.7	323.4
62	24443	5.8	323.4
62	24469	5.9	323.4
62	24495	6	323.4
62	24521	6.1	323.4
62	24547	6.2	323.4
62	24573	6.3	323.4
62	24599	6.4	323.4
62	24625	6.5	323.4
62	24651	6.6	323.4
62	24677	6.7	323.4
62	24703	6.8	323.4
62	24729	6.9	323.4
63	1048	0.600957147561	1
63	2358	0.8	2
63	2607	0.825955149504	3
63	2939	0.850631428435	4
63	3254	0.875515667494	5
63	3758	0.900751249043	6
63	4160	0.925921657701	7
63	4798	0.950787551585	8
63	5413	0.975996047559	9
63	7035	1.025871187569	10
63	8053	1.050486723221	11
63	8943	1.075721890799	12
63	9308	1.079063198688	13
63	15962	1.35	14
63	16064	1.357488311111	15
63	17933	1.41958538479	17
63	18288	1.43125506205	19
63	19034	1.45	21
63	20878	1.493222249551	22
63	24211	5.5	24
64	15321	1.319988464539	1
64	15673	1.341306576153	2
64	15754	1.342546576153	3
64	16055	1.356510851763	4
64	16148	1.360009851763	5
64	16231	1.361558909611	6
64	16324	1.365252909611	7
64	16402	1.366789018136	8
64	16494	1.369703018136	9
64	16580	1.371512076505	10
64	16733	1.391109185273	11
64	16971	1.393947413661	12
64	17559	1.400482054388	13
64	17640	1.401953128707	14
64	17732	1.405530128707	15
64	17815	1.407027203271	16
64	17909	1.411956203271	17
64	18010	1.42116225135	18
64	18106	1.426364309198	19
64	18191	1.428255539889	20
64	18274	1.430935567017	21
64	18377	1.435267660321	22
64	18422	1.43763966129	23
64	18543	1.439747871097	24
64	18632	1.441912034037	25
64	18721	1.443881091885	26
64	18803	1.445339322576	27
64	18898	1.447672431494	28
64	18955	1.449117433074	29
64	19080	1.45102153249	30
64	19173	1.452896625794	31
64	19262	1.454787771966	32
64	19305	1.456206772302	33
64	19437	1.458111159798	34
64	19728	1.463312534611	35
64	19927	1.467107792342	36
64	20022	1.468998792341	37
64	20168	1.470418105609	38
64	20241	1.472374158803	39
64	20336	1.473793395908	40
64	20512	1.479148709742	41
64	20576	1.482729711322	42
64	20690	1.484659950037	43
64	20791	1.490906024601	44
64	20966	1.497571282909	45
64	21077	1.503479333237	46
64	21236	1.5060506161	47
64	21392	1.512183719965	48
64	21472	1.519326778103	49
64	21556	1.523427842973	50
64	21616	1.528295885225	51
64	21684	1.530459885224	52
64	21884	1.54028718569	53
64	21964	1.545857260302	54
64	22070	1.555522335353	55
67	51	0.3	365
67	319	0.4	365
67	631	0.5	363.86093109651
67	960	0.6	363.86093109651
67	1608	0.7	362.68434271556
67	2361	0.8	362.68434271556
67	3663	0.9	361.57792187301
67	6217	1	361.57792187301
67	9870	1.1	360.49779435699
67	13042	1.2	360.49779435699
67	15158	1.3	359.50847162479
67	17481	1.4	359.50847162479
67	20979	1.5	358.55098874606
67	22071	1.6	358.55098874606
67	22117	1.7	357.60373832986
67	22163	1.8	357.60373832986
67	22209	1.9	356.72871017692
67	22255	2	356.72871017692
67	22301	2.1	355.89656488579
67	22347	2.2	355.89656488579
67	22393	2.3	355.14222512271
67	22599	2.4	355.14222512271
67	22641	2.5	354.41510466015
67	22683	2.6	354.41510466015
67	22725	2.7	353.70976885747
67	22767	2.8	353.70976885747
67	22809	2.9	353.00132155735
67	22851	3	353.00132155735
67	22893	3.1	352.27028335723
67	23095	3.2	352.27028335723
67	23133	3.3	351.49759562166
67	23171	3.4	351.49759562166
67	23209	3.5	350.6466050124
67	23247	3.6	350.6466050124
67	23285	3.7	349.78209728756
67	23323	3.8	349.78209728756
67	23361	3.9	348.85228125412
67	23559	4	348.85228125412
67	23593	4.1	347.86244223672
67	23627	4.2	347.86244223672
67	23661	4.3	346.76867073269
67	23695	4.4	346.76867073269
67	23729	4.5	345.62286935429
67	23763	4.6	345.62286935429
67	23797	4.7	344.38249134361
67	23991	4.8	344.38249134361
67	24021	4.9	343.04655936763
67	24051	5	343.04655936763
67	24081	5.1	341.64993847279
67	24111	5.2	341.64993847279
67	24141	5.3	340.18620484864
67	24171	5.4	340.18620484864
67	24201	5.5	338.69637560889
67	24391	5.6	338.69637560889
67	24417	5.7	332.69637560889
67	24443	5.8	332.69637560889
67	24469	5.9	326.69637560889
67	24495	6	326.69637560889
67	24521	6.1	320.69637560889
67	24547	6.2	320.69637560889
67	24573	6.3	314.69637560889
67	24599	6.4	314.69637560889
67	24625	6.5	308.69637560889
67	24651	6.6	308.69637560889
67	24677	6.7	302.69637560889
67	24703	6.8	302.69637560889
68	51	0.3	323.4
68	319	0.4	323.4
68	631	0.5	323.4
68	960	0.6	323.4
68	1608	0.7	323.4
68	2361	0.8	323.4
68	3663	0.9	323.4
68	6217	1	323.4
68	9870	1.1	323.4
68	13042	1.2	323.4
68	15158	1.3	323.4
68	17481	1.4	323.4
68	20979	1.5	323.4
68	22071	1.6	323.4
68	22117	1.7	323.4
68	22163	1.8	323.4
68	22209	1.9	323.4
68	22255	2	323.4
68	22301	2.1	323.4
68	22347	2.2	323.4
68	22393	2.3	323.4
68	22599	2.4	323.4
68	22641	2.5	323.4
68	22683	2.6	323.4
68	22725	2.7	323.4
68	22767	2.8	323.4
68	22809	2.9	323.4
68	22851	3	323.4
68	22893	3.1	323.4
68	23095	3.2	323.4
68	23133	3.3	323.4
68	23171	3.4	323.4
68	23209	3.5	323.4
68	23247	3.6	323.4
68	23285	3.7	323.4
68	23323	3.8	323.4
68	23361	3.9	323.4
68	23559	4	323.4
68	23593	4.1	323.4
68	23627	4.2	323.4
68	23661	4.3	323.4
68	23695	4.4	323.4
68	23729	4.5	323.4
68	23763	4.6	323.4
68	23797	4.7	323.4
68	23991	4.8	323.4
68	24021	4.9	323.4
68	24051	5	323.4
68	24081	5.1	323.4
68	24111	5.2	323.4
68	24141	5.3	323.4
68	24171	5.4	323.4
68	24201	5.5	323.4
68	24391	5.6	323.4
68	24417	5.7	323.4
68	24443	5.8	323.4
68	24469	5.9	323.4
68	24495	6	323.4
68	24521	6.1	323.4
68	24547	6.2	323.4
68	24573	6.3	323.4
68	24599	6.4	323.4
68	24625	6.5	323.4
68	24651	6.6	323.4
68	24677	6.7	323.4
68	24703	6.8	323.4
69	1024	0.600957081853	1
69	2360	0.8	2
69	2587	0.825955101564	3
69	2923	0.850631393652	4
69	3238	0.875515614297	5
69	3738	0.90075119753	6
69	4136	0.925921610252	7
69	4806	0.950787579351	8
69	5441	0.975996147645	9
69	6308	1.001090326396	10
69	8009	1.050486550941	11
69	8903	1.075721718713	12
69	12396	1.178190956602	13
69	15963	1.35	14
69	15970	1.352607460911	15
69	17504	1.4	17
69	17922	1.414619921067	18
69	18289	1.431327077474	20
69	20823	1.492808498104	22
69	22404	2.3	24
70	15289	1.319988391192	1
70	15641	1.341306502806	2
70	15722	1.342546502806	3
70	16035	1.356510802485	4
70	16128	1.360009802485	5
70	16211	1.361558875784	6
70	16304	1.365252875784	7
70	16382	1.366788961481	8
70	16474	1.369702961481	9
70	16560	1.371512023643	10
70	16701	1.391109111926	11
70	16975	1.39394742217	12
70	17431	1.399049897471	13
70	17596	1.401952972125	14
70	17688	1.405529972125	15
70	17775	1.407027046917	16
70	17869	1.411956046917	17
70	17990	1.421162202072	18
70	18086	1.426364275371	19
70	18163	1.42825549189	20
70	18254	1.430935510362	21
70	18345	1.435267586974	22
70	18450	1.437639743865	23
70	18523	1.439747818235	24
70	18612	1.441911984759	25
70	18701	1.443881058058	26
70	18775	1.445339274577	27
70	18959	1.449117441583	28
70	19060	1.451021475835	29
70	19141	1.452896552447	30
70	19218	1.454787615384	31
70	19333	1.456206854877	32
70	19397	1.458111003444	33
70	19638	1.461421364794	34
70	19700	1.463312486612	35
70	19931	1.467107800851	36
70	20124	1.470417949027	37
70	20221	1.472374105941	38
70	20296	1.473793239554	39
70	20406	1.475684552825	40
70	20580	1.482729719831	41
70	20646	1.484659793455	42
70	20751	1.490905868247	43
70	20859	1.492836181518	44
70	20934	1.497571209562	45
70	21057	1.50347928398	46
70	21216	1.506050582898	47
70	21372	1.512183662924	48
70	21452	1.519326724986	49
70	21528	1.523427795024	50
70	21620	1.528295886463	51
70	21708	1.530459960614	52
70	21788	1.535263035457	53
70	21920	1.545857110433	54
70	22030	1.555522185727	55
73	51	0.3	305
73	319	0.4	305
73	631	0.5	306.94881750639
73	960	0.6	306.94881750639
73	1608	0.7	308.71763501279
73	2361	0.8	308.71763501279
73	3663	0.9	310.32113837876
73	6217	1	310.32113837876
73	9870	1.1	311.74464174472
73	13042	1.2	311.74464174472
73	15158	1.3	312.98814511069
73	17481	1.4	312.98814511069
73	20979	1.5	314.0578746766
73	22071	1.6	314.0578746766
73	22117	1.7	314.94760424252
73	22163	1.8	314.94760424252
73	22209	1.9	315.65733380843
73	22255	2	315.65733380843
73	22301	2.1	316.18706337434
73	22347	2.2	316.18706337434
73	22393	2.3	316.53679294026
73	22599	2.4	316.53679294026
73	22641	2.5	322.53679294026
73	22683	2.6	322.53679294026
73	22725	2.7	328.53679294026
73	22767	2.8	328.53679294026
73	22809	2.9	334.53679294026
73	22851	3	334.53679294026
73	22893	3.1	340.53679294026
73	23095	3.2	340.53679294026
73	23133	3.3	346.53679294026
73	23171	3.4	346.53679294026
73	23209	3.5	352.53679294026
73	23247	3.6	352.53679294026
73	23285	3.7	358.53679294026
73	23323	3.8	358.53679294026
73	23361	3.9	364.53679294026
73	23559	4	364.53679294026
73	23593	4.1	370.53679294026
73	23627	4.2	370.53679294026
73	23661	4.3	376.53679294026
73	23695	4.4	376.53679294026
73	23729	4.5	382.53679294026
73	23763	4.6	382.53679294026
73	23797	4.7	388.53679294026
73	23991	4.8	388.53679294026
73	24021	4.9	394.53679294026
73	24051	5	394.53679294026
73	24081	5.1	400.53679294026
73	24111	5.2	400.53679294026
73	24141	5.3	406.53679294026
73	24171	5.4	406.53679294026
73	24201	5.5	412.53679294026
73	24391	5.6	412.53679294026
73	24417	5.7	418.53679294026
73	24443	5.8	418.53679294026
73	24469	5.9	424.53679294026
73	24495	6	424.53679294026
73	24521	6.1	430.53679294026
73	24547	6.2	430.53679294026
73	24573	6.3	436.53679294026
73	24599	6.4	436.53679294026
73	24625	6.5	442.53679294026
73	24651	6.6	442.53679294026
73	24677	6.7	448.53679294026
73	24703	6.8	448.53679294026
74	51	0.3	326.6
74	319	0.4	326.6
74	631	0.5	326.6
74	960	0.6	326.6
74	1608	0.7	326.6
74	2361	0.8	326.6
74	3663	0.9	326.6
74	6217	1	326.6
74	9870	1.1	326.6
74	13042	1.2	326.6
74	15158	1.3	326.6
74	17481	1.4	326.6
74	20979	1.5	326.6
74	22071	1.6	326.6
74	22117	1.7	326.6
74	22163	1.8	326.6
74	22209	1.9	326.6
74	22255	2	326.6
74	22301	2.1	326.6
74	22347	2.2	326.6
74	22393	2.3	326.6
74	22599	2.4	326.6
74	22641	2.5	326.6
74	22683	2.6	326.6
74	22725	2.7	326.6
74	22767	2.8	326.6
74	22809	2.9	326.6
74	22851	3	326.6
74	22893	3.1	326.6
74	23095	3.2	326.6
74	23133	3.3	326.6
74	23171	3.4	326.6
74	23209	3.5	326.6
74	23247	3.6	326.6
74	23285	3.7	326.6
74	23323	3.8	326.6
74	23361	3.9	326.6
74	23559	4	326.6
74	23593	4.1	326.6
74	23627	4.2	326.6
74	23661	4.3	326.6
74	23695	4.4	326.6
74	23729	4.5	326.6
74	23763	4.6	326.6
74	23797	4.7	326.6
74	23991	4.8	326.6
74	24021	4.9	326.6
74	24051	5	326.6
74	24081	5.1	326.6
74	24111	5.2	326.6
74	24141	5.3	326.6
74	24171	5.4	326.6
74	24201	5.5	326.6
74	24391	5.6	326.6
74	24417	5.7	326.6
74	24443	5.8	326.6
74	24469	5.9	326.6
74	24495	6	326.6
74	24521	6.1	326.6
74	24547	6.2	326.6
74	24573	6.3	326.6
74	24599	6.4	326.6
74	24625	6.5	326.6
74	24651	6.6	326.6
74	24677	6.7	326.6
74	24703	6.8	326.6
75	51	0.3	-4.8434748149336
75	319	0.4	0
75	631	0.5	-9
75	960	0.6	0
75	1608	0.7	-9
75	2361	0.8	0
75	3663	0.9	-8.3974255085687
75	6217	1	0
75	9870	1.1	-9
75	13042	1.2	0
75	15158	1.3	-9
75	17481	1.4	0
75	20979	1.5	-9
75	22071	1.6	0
75	22117	1.7	255.41173365684
75	22163	1.8	0
75	22209	1.9	0
75	22255	2	0
75	22301	2.1	0
75	22347	2.2	0
75	22393	2.3	0
75	22599	2.4	0
75	22641	2.5	0
75	22683	2.6	0
75	22725	2.7	0
75	22767	2.8	0
75	22809	2.9	0
75	22851	3	0
75	22893	3.1	0
75	23095	3.2	0
75	23133	3.3	0
75	23171	3.4	0
75	23209	3.5	0
75	23247	3.6	0
75	23285	3.7	0
75	23323	3.8	0
75	23361	3.9	0
75	23559	4	0
75	23593	4.1	0
75	23627	4.2	0
75	23661	4.3	0
75	23695	4.4	0
75	23729	4.5	0
75	23763	4.6	0
75	23797	4.7	0
75	23991	4.8	0
75	24021	4.9	0
75	24051	5	0
75	24081	5.1	0
75	24111	5.2	0
75	24141	5.3	0
75	24171	5.4	0
75	24201	5.5	0
75	24391	5.6	0
75	24417	5.7	0
75	24443	5.8	0
75	24469	5.9	0
75	24495	6	0
75	24521	6.1	0
75	24547	6.2	0
75	24573	6.3	0
75	24599	6.4	0
75	24625	6.5	0
75	24651	6.6	0
75	24677	6.7	0
75	24703	6.8	0
75	24729	6.9	0
76	51	0.3	0.973
76	319	0.4	1.6695911630199
76	631	0.5	0.973
76	960	0.6	1.6043598199593
76	1608	0.7	0.973
76	2361	0.8	1.5431235905937
76	3663	0.9	0.973
76	6217	1	1.4892338772563
76	9870	1.1	0.973
76	13042	1.2	1.4345749234041
76	15158	1.3	0.973
76	17481	1.4	1.3827259408495
76	20979	1.5	0.973
76	22071	1.6	1.3332828643715
76	22117	1.7	1851.6782640989
76	22163	1.8	5.05142976
76	22209	1.9	5.05142976
76	22255	2	5.05142976
76	22301	2.1	5.05142976
76	22347	2.2	5.05142976
76	22393	2.3	5.05142976
76	22599	2.4	5.05142976
76	22641	2.5	5.05142976
76	22683	2.6	5.05142976
76	22725	2.7	5.05142976
76	22767	2.8	5.05142976
76	22809	2.9	5.05142976
76	22851	3	5.05142976
76	22893	3.1	5.05142976
76	23095	3.2	5.05142976
76	23133	3.3	5.05142976
76	23171	3.4	5.05142976
76	23209	3.5	5.05142976
76	23247	3.6	5.05142976
76	23285	3.7	5.05142976
76	23323	3.8	5.05142976
76	23361	3.9	5.05142976
76	23559	4	5.05142976
76	23593	4.1	5.05142976
76	23627	4.2	5.05142976
76	23661	4.3	5.05142976
76	23695	4.4	5.05142976
76	23729	4.5	5.05142976
76	23763	4.6	5.05142976
76	23797	4.7	5.05142976
76	23991	4.8	5.05142976
76	24021	4.9	5.05142976
76	24051	5	5.05142976
76	24081	5.1	5.05142976
76	24111	5.2	5.05142976
76	24141	5.3	5.05142976
76	24171	5.4	5.05142976
76	24201	5.5	5.05142976
76	24391	5.6	5.05142976
76	24417	5.7	5.05142976
76	24443	5.8	5.05142976
76	24469	5.9	5.05142976
76	24495	6	5.05142976
76	24521	6.1	5.05142976
76	24547	6.2	5.05142976
76	24573	6.3	5.05142976
76	24599	6.4	5.05142976
76	24625	6.5	5.05142976
76	24651	6.6	5.05142976
76	24677	6.7	5.05142976
76	24703	6.8	5.05142976
76	24729	6.9	5.05142976
77	319	0.4	8.1270900740647
77	631	0.5	8.0100964644352
77	960	0.6	8.0100964644352
77	1608	0.7	7.2736329217969
77	2361	0.8	7.2736329217969
77	3663	0.9	6.7066580930108
77	6217	1	6.7066580930108
77	9870	1.1	6.2548757709168
77	13042	1.2	6.2548757709168
77	15158	1.3	5.6081596890802
77	17481	1.4	5.6081596890802
77	20979	1.5	5.3338291161216
77	22071	1.6	5.3338291161216
77	22117	1.7	4.5564998831589
77	22163	1.8	4.5564998831589
77	22209	1.9	4.9742162121262
77	22255	2	4.9742162121262
77	22301	2.1	5.4735312431574
77	22347	2.2	5.4735312431574
77	22393	2.3	5.9021653120488
77	22599	2.4	5.9021653120488
77	22641	2.5	6.3796201708529
77	22683	2.6	6.3796201708529
77	22725	2.7	6.6439967982832
77	22767	2.8	6.6439967982832
77	22809	2.9	6.9350334691245
77	22851	3	6.9350334691245
77	22893	3.1	6.6393791044709
77	23095	3.2	6.6393791044709
77	23133	3.3	30
77	23171	3.4	30
77	23209	3.5	30
77	23247	3.6	30
77	23285	3.7	30
77	23323	3.8	30
77	23361	3.9	30
77	23559	4	30
77	23593	4.1	30
77	23627	4.2	30
77	23661	4.3	30
77	23695	4.4	30
77	23729	4.5	30
77	23763	4.6	30
77	23797	4.7	30
77	23991	4.8	30
77	24021	4.9	30
77	24051	5	30
77	24081	5.1	30
77	24111	5.2	30
77	24141	5.3	30
77	24171	5.4	30
77	24201	5.5	30
77	24391	5.6	30
77	24417	5.7	30
77	24443	5.8	30
77	24469	5.9	30
77	24495	6	30
77	24521	6.1	30
77	24547	6.2	30
77	24573	6.3	30
77	24599	6.4	30
77	24625	6.5	30
77	24651	6.6	30
77	24677	6.7	30
77	24703	6.8	30
77	24729	6.9	30
78	319	0.4	7.777467948718
78	631	0.5	7.6605212303092
78	960	0.6	7.6605212303092
78	1608	0.7	7.4336165703501
78	2361	0.8	7.4336165703501
78	3663	0.9	6.8915060907554
78	6217	1	6.8915060907554
78	9870	1.1	6.3506484283742
78	13042	1.2	6.3506484283742
78	15158	1.3	5.6522406584107
78	17481	1.4	5.6522406584107
78	20979	1.5	5.1078639400069
78	22071	1.6	5.1078639400069
78	22117	1.7	4.5344530525906
78	22163	1.8	4.5344530525906
78	22209	1.9	4.3099539447875
78	22255	2	4.3099539447875
78	22301	2.1	3.591277881208
78	22347	2.2	3.591277881208
78	22393	2.3	3.3454956435363
78	22599	2.4	3.3454956435363
78	22641	2.5	2.9056468695918
78	22683	2.6	2.9056468695918
78	22725	2.7	3.1658290520407
78	22767	2.8	3.1658290520407
78	22809	2.9	3.6790534428231
78	22851	3	3.6790534428231
78	22893	3.1	4.1097768536633
78	23095	3.2	4.1097768536633
78	23133	3.3	4.4440972071657
78	23171	3.4	4.4440972071657
78	23209	3.5	4.8241296281017
78	23247	3.6	4.8241296281017
78	23285	3.7	5.1231412915423
78	23323	3.8	5.1231412915423
78	23361	3.9	5.4444931713169
78	23559	4	5.4444931713169
78	23593	4.1	30
78	23627	4.2	30
78	23661	4.3	30
78	23695	4.4	30
78	23729	4.5	30
78	23763	4.6	30
78	23797	4.7	30
78	23991	4.8	30
78	24021	4.9	30
78	24051	5	30
78	24081	5.1	30
78	24111	5.2	30
78	24141	5.3	30
78	24171	5.4	30
78	24201	5.5	30
78	24391	5.6	30
78	24417	5.7	30
78	24443	5.8	30
78	24469	5.9	30
78	24495	6	30
78	24521	6.1	30
78	24547	6.2	30
78	24573	6.3	30
78	24599	6.4	30
78	24625	6.5	30
78	24651	6.6	30
78	24677	6.7	30
78	24703	6.8	30
78	24729	6.9	30
79	319	0.4	5.7922494172494
79	631	0.5	5.7120785200226
79	960	0.6	5.7120785200226
79	1608	0.7	5.8203406307124
79	2361	0.8	5.8203406307124
79	3663	0.9	5.6534872408063
79	6217	1	5.6534872408063
79	9870	1.1	5.4779359387009
79	13042	1.2	5.4779359387009
79	15158	1.3	5.2702340473245
79	17481	1.4	5.2702340473245
79	20979	1.5	4.7304228304947
79	22071	1.6	4.7304228304947
79	22117	1.7	4.4894752123055
79	22163	1.8	4.4894752123055
79	22209	1.9	4.3551696576727
79	22255	2	4.3551696576727
79	22301	2.1	4.2406829127205
79	22347	2.2	4.2406829127205
79	22393	2.3	3.7203358495074
79	22599	2.4	3.7203358495074
79	22641	2.5	3.7337709807059
79	22683	2.6	3.7337709807059
79	22725	2.7	3.2793354284244
79	22767	2.8	3.2793354284244
79	22809	2.9	3.4225637966053
79	22851	3	3.4225637966053
79	22893	3.1	3.7681226870979
79	23095	3.2	3.7681226870979
79	23133	3.3	4.0168822439085
79	23171	3.4	4.0168822439085
79	23209	3.5	4.1172869413311
79	23247	3.6	4.1172869413311
79	23285	3.7	4.4288562095129
79	23323	3.8	4.4288562095129
79	23361	3.9	4.7321288786796
79	23559	4	4.7321288786796
79	23593	4.1	4.8987206977647
79	23627	4.2	4.8987206977647
79	23661	4.3	5.3078346402752
79	23695	4.4	5.3078346402752
79	23729	4.5	5.8249649624056
79	23763	4.6	5.8249649624056
79	23797	4.7	6.1460660102493
79	23991	4.8	6.1460660102493
79	24021	4.9	6.4665087671014
79	24051	5	6.4665087671014
79	24081	5.1	6.9122381107225
79	24111	5.2	6.9122381107225
79	24141	5.3	7.2048103576148
79	24171	5.4	7.2048103576148
79	24201	5.5	7.263207418357
79	24391	5.6	7.263207418357
79	24417	5.7	30
79	24443	5.8	30
79	24469	5.9	30
79	24495	6	30
79	24521	6.1	30
79	24547	6.2	30
79	24573	6.3	30
79	24599	6.4	30
79	24625	6.5	30
79	24651	6.6	30
79	24677	6.7	30
79	24703	6.8	30
79	24729	6.9	30
80	319	0.4	6.0489827878712
80	631	0.5	5.8749696913579
80	960	0.6	5.8749696913579
80	1608	0.7	6.0878583053016
80	2361	0.8	6.0878583053016
80	3663	0.9	5.5324839210275
80	6217	1	5.5324839210275
80	9870	1.1	5.4618591395798
80	13042	1.2	5.4618591395798
80	15158	1.3	5.012483388684
80	17481	1.4	5.012483388684
80	20979	1.5	4.7862597495807
80	22071	1.6	4.7862597495807
80	22117	1.7	4.751965200654
80	22163	1.8	4.751965200654
80	22209	1.9	4.1400023713332
80	22255	2	4.1400023713332
80	22301	2.1	4.5395378758383
80	22347	2.2	4.5395378758383
80	22393	2.3	5.0161673378534
80	22599	2.4	5.0161673378534
80	22641	2.5	5.195907680466
80	22683	2.6	5.195907680466
80	22725	2.7	5.4652280679896
80	22767	2.8	5.4652280679896
80	22809	2.9	5.9597129243791
80	22851	3	5.9597129243791
80	22893	3.1	6.2677985112749
80	23095	3.2	6.2677985112749
80	23133	3.3	6.0664025821764
80	23171	3.4	6.0664025821764
80	23209	3.5	6.4690668022534
80	23247	3.6	6.4690668022534
80	23285	3.7	6.7730504186586
80	23323	3.8	6.7730504186586
80	23361	3.9	7.1056224389415
80	23559	4	7.1056224389415
80	23593	4.1	7.424384219916
80	23627	4.2	7.424384219916
80	23661	4.3	7.8799644659408
80	23695	4.4	7.8799644659408
80	23729	4.5	8.3144638453831
80	23763	4.6	8.3144638453831
80	23797	4.7	7.4144638453831
80	23991	4.8	7.4144638453831
80	24021	4.9	30
80	24051	5	30
80	24081	5.1	30
80	24111	5.2	30
80	24141	5.3	30
80	24171	5.4	30
80	24201	5.5	30
80	24391	5.6	30
80	24417	5.7	30
80	24443	5.8	30
80	24469	5.9	30
80	24495	6	30
80	24521	6.1	30
80	24547	6.2	30
80	24573	6.3	30
80	24599	6.4	30
80	24625	6.5	30
80	24651	6.6	30
80	24677	6.7	30
80	24703	6.8	30
80	24729	6.9	30
81	319	0.4	10.282916666667
81	631	0.5	9.8531557814713
81	960	0.6	9.8531557814713
81	1608	0.7	8.9531557814713
81	2361	0.8	8.9531557814713
81	3663	0.9	8.0531557814713
81	6217	1	8.0531557814713
81	9870	1.1	7.1531557814713
81	13042	1.2	7.1531557814713
81	15158	1.3	6.2531557814713
81	17481	1.4	6.2531557814713
81	20979	1.5	5.3531557814713
81	22071	1.6	5.3531557814713
81	22117	1.7	30
81	22163	1.8	30
81	22209	1.9	30
81	22255	2	30
81	22301	2.1	30
81	22347	2.2	30
81	22393	2.3	30
81	22599	2.4	30
81	22641	2.5	30
81	22683	2.6	30
81	22725	2.7	30
81	22767	2.8	30
81	22809	2.9	30
81	22851	3	30
81	22893	3.1	30
81	23095	3.2	30
81	23133	3.3	30
81	23171	3.4	30
81	23209	3.5	30
81	23247	3.6	30
81	23285	3.7	30
81	23323	3.8	30
81	23361	3.9	30
81	23559	4	30
81	23593	4.1	30
81	23627	4.2	30
81	23661	4.3	30
81	23695	4.4	30
81	23729	4.5	30
81	23763	4.6	30
81	23797	4.7	30
81	23991	4.8	30
81	24021	4.9	30
81	24051	5	30
81	24081	5.1	30
81	24111	5.2	30
81	24141	5.3	30
81	24171	5.4	30
81	24201	5.5	30
81	24391	5.6	30
81	24417	5.7	30
81	24443	5.8	30
81	24469	5.9	30
81	24495	6	30
81	24521	6.1	30
81	24547	6.2	30
81	24573	6.3	30
81	24599	6.4	30
81	24625	6.5	30
81	24651	6.6	30
81	24677	6.7	30
81	24703	6.8	30
81	24729	6.9	30
82	319	0.4	7.777467948718
82	631	0.5	7.7265693464763
82	960	0.6	7.7265693464763
82	1608	0.7	7.5569081192225
82	2361	0.8	7.5569081192225
82	3663	0.9	6.8666013352156
82	6217	1	6.8666013352156
82	9870	1.1	6.1674016810928
82	13042	1.2	6.1674016810928
82	15158	1.3	5.7719205314344
82	17481	1.4	5.7719205314344
82	20979	1.5	5.2796402787533
82	22071	1.6	5.2796402787533
82	22117	1.7	4.6057532963811
82	22163	1.8	4.6057532963811
82	22209	1.9	4.9313780031076
82	22255	2	4.9313780031076
82	22301	2.1	5.2306896089485
82	22347	2.2	5.2306896089485
82	22393	2.3	5.5230625780348
82	22599	2.4	5.5230625780348
82	22641	2.5	5.942277546609
82	22683	2.6	5.942277546609
82	22725	2.7	6.3607189545084
82	22767	2.8	6.3607189545084
82	22809	2.9	6.637582508391
82	22851	3	6.637582508391
82	22893	3.1	6.7439586786327
82	23095	3.2	6.7439586786327
82	23133	3.3	30
82	23171	3.4	30
82	23209	3.5	30
82	23247	3.6	30
82	23285	3.7	30
82	23323	3.8	30
82	23361	3.9	30
82	23559	4	30
82	23593	4.1	30
82	23627	4.2	30
82	23661	4.3	30
82	23695	4.4	30
82	23729	4.5	30
82	23763	4.6	30
82	23797	4.7	30
82	23991	4.8	30
82	24021	4.9	30
82	24051	5	30
82	24081	5.1	30
82	24111	5.2	30
82	24141	5.3	30
82	24171	5.4	30
82	24201	5.5	30
82	24391	5.6	30
82	24417	5.7	30
82	24443	5.8	30
82	24469	5.9	30
82	24495	6	30
82	24521	6.1	30
82	24547	6.2	30
82	24573	6.3	30
82	24599	6.4	30
82	24625	6.5	30
82	24651	6.6	30
82	24677	6.7	30
82	24703	6.8	30
82	24729	6.9	30
83	319	0.4	5.7922494172494
83	631	0.5	5.5894232977278
83	960	0.6	5.5894232977278
83	1608	0.7	5.8408342884469
83	2361	0.8	5.8408342884469
83	3663	0.9	5.9785233641766
83	6217	1	5.9785233641766
83	9870	1.1	5.3932446685999
83	13042	1.2	5.3932446685999
83	15158	1.3	5.1456840167997
83	17481	1.4	5.1456840167997
83	20979	1.5	4.8263357306635
83	22071	1.6	4.8263357306635
83	22117	1.7	4.7953303735389
83	22163	1.8	4.7953303735389
83	22209	1.9	4.267973225124
83	22255	2	4.267973225124
83	22301	2.1	4.4460354901476
83	22347	2.2	4.4460354901476
83	22393	2.3	4.7418432956588
83	22599	2.4	4.7418432956588
83	22641	2.5	4.9267291162965
83	22683	2.6	4.9267291162965
83	22725	2.7	5.2318361709277
83	22767	2.8	5.2318361709277
83	22809	2.9	5.6811985052015
83	22851	3	5.6811985052015
83	22893	3.1	5.8637515619688
83	23095	3.2	5.8637515619688
83	23133	3.3	6.1554874383943
83	23171	3.4	6.1554874383943
83	23209	3.5	6.5726108088443
83	23247	3.6	6.5726108088443
83	23285	3.7	7.0566505724663
83	23323	3.8	7.0566505724663
83	23361	3.9	7.470609201361
83	23559	4	7.470609201361
83	23593	4.1	7.8047819301585
83	23627	4.2	7.8047819301585
83	23661	4.3	8.2420530579664
83	23695	4.4	8.2420530579664
83	23729	4.5	8.2235468720182
83	23763	4.6	8.2235468720182
83	23797	4.7	7.3235468720182
83	23991	4.8	7.3235468720182
83	24021	4.9	30
83	24051	5	30
83	24081	5.1	30
83	24111	5.2	30
83	24141	5.3	30
83	24171	5.4	30
83	24201	5.5	30
83	24391	5.6	30
83	24417	5.7	30
83	24443	5.8	30
83	24469	5.9	30
83	24495	6	30
83	24521	6.1	30
83	24547	6.2	30
83	24573	6.3	30
83	24599	6.4	30
83	24625	6.5	30
83	24651	6.6	30
83	24677	6.7	30
83	24703	6.8	30
83	24729	6.9	30
84	319	0.4	10.282916666667
84	631	0.5	9.6398706074089
84	960	0.6	9.6398706074089
84	1608	0.7	8.8760430632771
84	2361	0.8	8.8760430632771
84	3663	0.9	7.9760430632771
84	6217	1	7.9760430632771
84	9870	1.1	7.0760430632771
84	13042	1.2	7.0760430632771
84	15158	1.3	6.3020925203664
84	17481	1.4	6.3020925203664
84	20979	1.5	5.4020925203664
84	22071	1.6	5.4020925203664
84	22117	1.7	4.5020925203664
84	22163	1.8	4.5020925203664
84	22209	1.9	3.6340586103507
84	22255	2	3.6340586103507
84	22301	2.1	2.7340586103507
84	22347	2.2	2.7340586103507
84	22393	2.3	1.8340586103507
84	22599	2.4	1.8340586103507
84	22641	2.5	30
84	22683	2.6	30
84	22725	2.7	30
84	22767	2.8	30
84	22809	2.9	30
84	22851	3	30
84	22893	3.1	30
84	23095	3.2	30
84	23133	3.3	30
84	23171	3.4	30
84	23209	3.5	30
84	23247	3.6	30
84	23285	3.7	30
84	23323	3.8	30
84	23361	3.9	30
84	23559	4	30
84	23593	4.1	30
84	23627	4.2	30
84	23661	4.3	30
84	23695	4.4	30
84	23729	4.5	30
84	23763	4.6	30
84	23797	4.7	30
84	23991	4.8	30
84	24021	4.9	30
84	24051	5	30
84	24081	5.1	30
84	24111	5.2	30
84	24141	5.3	30
84	24171	5.4	30
84	24201	5.5	30
84	24391	5.6	30
84	24417	5.7	30
84	24443	5.8	30
84	24469	5.9	30
84	24495	6	30
84	24521	6.1	30
84	24547	6.2	30
84	24573	6.3	30
84	24599	6.4	30
84	24625	6.5	30
84	24651	6.6	30
84	24677	6.7	30
84	24703	6.8	30
84	24729	6.9	30
85	319	0.4	7.777467948718
85	631	0.5	7.7619572559027
85	960	0.6	7.7619572559027
85	1608	0.7	7.2534833955573
85	2361	0.8	7.2534833955573
85	3663	0.9	6.7272828205192
85	6217	1	6.7272828205192
85	9870	1.1	6.1505014767164
85	13042	1.2	6.1505014767164
85	15158	1.3	5.6907304272454
85	17481	1.4	5.6907304272454
85	20979	1.5	5.211210075727
85	22071	1.6	5.211210075727
85	22117	1.7	4.633422087233
85	22163	1.8	4.633422087233
85	22209	1.9	4.282601846196
85	22255	2	4.282601846196
85	22301	2.1	3.6833229644903
85	22347	2.2	3.6833229644903
85	22393	2.3	3.3497454333857
85	22599	2.4	3.3497454333857
85	22641	2.5	2.8756277894199
85	22683	2.6	2.8756277894199
85	22725	2.7	3.3577478877193
85	22767	2.8	3.3577478877193
85	22809	2.9	3.7421513144735
85	22851	3	3.7421513144735
85	22893	3.1	4.1672544076823
85	23095	3.2	4.1672544076823
85	23133	3.3	4.4283938791014
85	23171	3.4	4.4283938791014
85	23209	3.5	4.8380806233471
85	23247	3.6	4.8380806233471
85	23285	3.7	5.105049766234
85	23323	3.8	5.105049766234
85	23361	3.9	5.5074613103939
85	23559	4	5.5074613103939
85	23593	4.1	30
85	23627	4.2	30
85	23661	4.3	30
85	23695	4.4	30
85	23729	4.5	30
85	23763	4.6	30
85	23797	4.7	30
85	23991	4.8	30
85	24021	4.9	30
85	24051	5	30
85	24081	5.1	30
85	24111	5.2	30
85	24141	5.3	30
85	24171	5.4	30
85	24201	5.5	30
85	24391	5.6	30
85	24417	5.7	30
85	24443	5.8	30
85	24469	5.9	30
85	24495	6	30
85	24521	6.1	30
85	24547	6.2	30
85	24573	6.3	30
85	24599	6.4	30
85	24625	6.5	30
85	24651	6.6	30
85	24677	6.7	30
85	24703	6.8	30
85	24729	6.9	30
86	319	0.4	5.7922494172494
86	631	0.5	5.6953445174688
86	960	0.6	5.6953445174688
86	1608	0.7	5.8829419047116
86	2361	0.8	5.8829419047116
86	3663	0.9	5.5321042127612
86	6217	1	5.5321042127612
86	9870	1.1	5.4006375800867
86	13042	1.2	5.4006375800867
86	15158	1.3	4.9466136610377
86	17481	1.4	4.9466136610377
86	20979	1.5	4.7874143936241
86	22071	1.6	4.7874143936241
86	22117	1.7	4.7362520810289
86	22163	1.8	4.7362520810289
86	22209	1.9	4.3751407646898
86	22255	2	4.3751407646898
86	22301	2.1	4.1607264556459
86	22347	2.2	4.1607264556459
86	22393	2.3	3.7716988154
86	22599	2.4	3.7716988154
86	22641	2.5	3.6356023128051
86	22683	2.6	3.6356023128051
86	22725	2.7	3.5266790133732
86	22767	2.8	3.5266790133732
86	22809	2.9	3.5422365006178
86	22851	3	3.5422365006178
86	22893	3.1	3.6551910005821
86	23095	3.2	3.6551910005821
86	23133	3.3	3.863438677886
86	23171	3.4	3.863438677886
86	23209	3.5	4.2549530462807
86	23247	3.6	4.2549530462807
86	23285	3.7	4.3225386242183
86	23323	3.8	4.3225386242183
86	23361	3.9	4.6490801671882
86	23559	4	4.6490801671882
86	23593	4.1	4.9491950869783
86	23627	4.2	4.9491950869783
86	23661	4.3	5.4688575201425
86	23695	4.4	5.4688575201425
86	23729	4.5	5.7290068920366
86	23763	4.6	5.7290068920366
86	23797	4.7	6.2018900533988
86	23991	4.8	6.2018900533988
86	24021	4.9	6.6796598798725
86	24051	5	6.6796598798725
86	24081	5.1	6.9831044742175
86	24111	5.2	6.9831044742175
86	24141	5.3	7.3186681207445
86	24171	5.4	7.3186681207445
86	24201	5.5	7.4491461987509
86	24391	5.6	7.4491461987509
86	24417	5.7	30
86	24443	5.8	30
86	24469	5.9	30
86	24495	6	30
86	24521	6.1	30
86	24547	6.2	30
86	24573	6.3	30
86	24599	6.4	30
86	24625	6.5	30
86	24651	6.6	30
86	24677	6.7	30
86	24703	6.8	30
87	319	0.4	10.282916666667
87	631	0.5	9.7440875319701
87	960	0.6	9.7440875319701
87	1608	0.7	8.8440875319701
87	2361	0.8	8.8440875319701
87	3663	0.9	8.0175168298391
87	6217	1	8.0175168298391
87	9870	1.1	7.1175168298391
87	13042	1.2	7.1175168298391
87	15158	1.3	6.2175168298391
87	17481	1.4	6.2175168298391
87	20979	1.5	5.348647829566
87	22071	1.6	5.348647829566
87	22117	1.7	4.448647829566
87	22163	1.8	4.448647829566
87	22209	1.9	3.548647829566
87	22255	2	3.548647829566
87	22301	2.1	2.648647829566
87	22347	2.2	2.648647829566
87	22393	2.3	1.748647829566
87	22599	2.4	1.748647829566
87	22641	2.5	30
87	22683	2.6	30
87	22725	2.7	30
87	22767	2.8	30
87	22809	2.9	30
87	22851	3	30
87	22893	3.1	30
87	23095	3.2	30
87	23133	3.3	30
87	23171	3.4	30
87	23209	3.5	30
87	23247	3.6	30
87	23285	3.7	30
87	23323	3.8	30
87	23361	3.9	30
87	23559	4	30
87	23593	4.1	30
87	23627	4.2	30
87	23661	4.3	30
87	23695	4.4	30
87	23729	4.5	30
87	23763	4.6	30
87	23797	4.7	30
87	23991	4.8	30
87	24021	4.9	30
87	24051	5	30
87	24081	5.1	30
87	24111	5.2	30
87	24141	5.3	30
87	24171	5.4	30
87	24201	5.5	30
87	24391	5.6	30
87	24417	5.7	30
87	24443	5.8	30
87	24469	5.9	30
87	24495	6	30
87	24521	6.1	30
87	24547	6.2	30
87	24573	6.3	30
87	24599	6.4	30
87	24625	6.5	30
87	24651	6.6	30
87	24677	6.7	30
87	24703	6.8	30
88	631	0.5	-1.1699360962957
88	960	0.6	0
88	1608	0.7	-7.3646354263827
88	2361	0.8	0
88	3663	0.9	-5.6697482878615
88	6217	1	0
88	9870	1.1	-4.5178232209397
88	13042	1.2	0
88	15158	1.3	-6.4671608183661
88	17481	1.4	0
88	20979	1.5	-2.7433057295859
88	22071	1.6	0
88	22117	1.7	-7.773292329627
88	22163	1.8	0
88	22209	1.9	4.1771632896736
88	22255	2	0
88	22301	2.1	4.9931503103115
88	22347	2.2	0
88	22393	2.3	4.2863406889141
88	22599	2.4	0
88	22641	2.5	4.7745485880412
88	22683	2.6	0
88	22725	2.7	2.6437662743032
88	22767	2.8	0
88	22809	2.9	2.9103667084128
88	22851	3	0
88	22893	3.1	-2.9565436465362
88	23095	3.2	0
88	23133	3.3	233.60620895529
88	23171	3.4	0
88	23209	3.5	0
88	23247	3.6	0
88	23285	3.7	0
88	23323	3.8	0
88	23361	3.9	0
88	23559	4	0
88	23593	4.1	0
88	23627	4.2	0
88	23661	4.3	0
88	23695	4.4	0
88	23729	4.5	0
88	23763	4.6	0
88	23797	4.7	0
88	23991	4.8	0
88	24021	4.9	0
88	24051	5	0
88	24081	5.1	0
88	24111	5.2	0
88	24141	5.3	0
88	24171	5.4	0
88	24201	5.5	0
88	24391	5.6	0
88	24417	5.7	0
88	24443	5.8	0
88	24469	5.9	0
88	24495	6	0
88	24521	6.1	0
88	24547	6.2	0
88	24573	6.3	0
88	24599	6.4	0
88	24625	6.5	0
88	24651	6.6	0
88	24677	6.7	0
88	24703	6.8	0
88	24729	6.9	0
89	631	0.5	0.973
89	960	0.6	1.5438843445215
89	1608	0.7	0.973
89	2361	0.8	1.496429006583
89	3663	0.9	0.973
89	6217	1	1.461396248929
89	9870	1.1	0.973
89	13042	1.2	1.4343414692667
89	15158	1.3	0.973
89	17481	1.4	1.396831852071
89	20979	1.5	0.973
89	22071	1.6	1.3813220434196
89	22117	1.7	0.973
89	22163	1.8	1.3385446558537
89	22209	1.9	6.3688511477309
89	22255	2	1.3613258288884
89	22301	2.1	7.9757614300546
89	22347	2.2	1.3891918517643
89	22393	2.3	7.5106986438205
89	22599	2.4	1.4137140333551
89	22641	2.5	8.7825522015151
89	22683	2.6	1.4417388400797
89	22725	2.7	5.6908067385583
89	22767	2.8	1.4575996450453
89	22809	2.9	6.3395791250345
89	22851	3	1.4753579072399
89	22893	3.1	0.973
89	23095	3.2	1.4573204359249
89	23133	3.3	1694.0243205068
89	23171	3.4	5.05142976
89	23209	3.5	5.05142976
89	23247	3.6	5.05142976
89	23285	3.7	5.05142976
89	23323	3.8	5.05142976
89	23361	3.9	5.05142976
89	23559	4	5.05142976
89	23593	4.1	5.05142976
89	23627	4.2	5.05142976
89	23661	4.3	5.05142976
89	23695	4.4	5.05142976
89	23729	4.5	5.05142976
89	23763	4.6	5.05142976
89	23797	4.7	5.05142976
89	23991	4.8	5.05142976
89	24021	4.9	5.05142976
89	24051	5	5.05142976
89	24081	5.1	5.05142976
89	24111	5.2	5.05142976
89	24141	5.3	5.05142976
89	24171	5.4	5.05142976
89	24201	5.5	5.05142976
89	24391	5.6	5.05142976
89	24417	5.7	5.05142976
89	24443	5.8	5.05142976
89	24469	5.9	5.05142976
89	24495	6	5.05142976
89	24521	6.1	5.05142976
89	24547	6.2	5.05142976
89	24573	6.3	5.05142976
89	24599	6.4	5.05142976
89	24625	6.5	5.05142976
89	24651	6.6	5.05142976
89	24677	6.7	5.05142976
89	24703	6.8	5.05142976
89	24729	6.9	5.05142976
90	631	0.5	-1.1694671840873
90	960	0.6	0
90	1608	0.7	-2.2690465995909
90	2361	0.8	0
90	3663	0.9	-5.4211047959477
90	6217	1	0
90	9870	1.1	-5.4085766238119
90	13042	1.2	0
90	15158	1.3	-6.9840776996348
90	17481	1.4	0
90	20979	1.5	-5.4437671840379
90	22071	1.6	0
90	22117	1.7	-5.7341088741632
90	22163	1.8	0
90	22209	1.9	-2.2449910780314
90	22255	2	0
90	22301	2.1	-7.186760635795
90	22347	2.2	0
90	22393	2.3	-2.4578223767164
90	22599	2.4	0
90	22641	2.5	-4.3984877394451
90	22683	2.6	0
90	22725	2.7	2.6018218244892
90	22767	2.8	0
90	22809	2.9	5.1322439078242
90	22851	3	0
90	22893	3.1	4.3072341084015
90	23095	3.2	0
90	23133	3.3	3.3432035350241
90	23171	3.4	0
90	23209	3.5	3.8003242093604
90	23247	3.6	0
90	23285	3.7	2.9901166344061
90	23323	3.8	0
90	23361	3.9	3.2135187977459
90	23559	4	0
90	23593	4.1	245.55506828683
90	23627	4.2	0
90	23661	4.3	0
90	23695	4.4	0
90	23729	4.5	0
90	23763	4.6	0
90	23797	4.7	0
90	23991	4.8	0
90	24021	4.9	0
90	24051	5	0
90	24081	5.1	0
90	24111	5.2	0
90	24141	5.3	0
90	24171	5.4	0
90	24201	5.5	0
90	24391	5.6	0
90	24417	5.7	0
90	24443	5.8	0
90	24469	5.9	0
90	24495	6	0
90	24521	6.1	0
90	24547	6.2	0
90	24573	6.3	0
90	24599	6.4	0
90	24625	6.5	0
90	24651	6.6	0
90	24677	6.7	0
90	24703	6.8	0
90	24729	6.9	0
91	631	0.5	0.973
91	960	0.6	1.5210721789144
91	1608	0.7	0.973
91	2361	0.8	1.5065442888527
91	3663	0.9	0.973
91	6217	1	1.4726816125361
91	9870	1.1	0.973
91	13042	1.2	1.4400159429283
91	15158	1.3	0.973
91	17481	1.4	1.3993455711943
91	20979	1.5	0.973
91	22071	1.6	1.3687142805559
91	22117	1.7	0.973
91	22163	1.8	1.3373548759317
91	22209	1.9	0.973
91	22255	2	1.3253080706394
91	22301	2.1	0.973
91	22347	2.2	1.2875220226989
91	22393	2.3	0.973
91	22599	2.4	1.274845738012
91	22641	2.5	0.973
91	22683	2.6	1.2524346204047
91	22725	2.7	3.2507491953895
91	22767	2.8	1.2656507234209
91	22809	2.9	5.8425914913518
91	22851	3	1.2920777832961
91	22893	3.1	5.580794957138
91	23095	3.2	1.3146681360118
91	23133	3.3	4.9131541083496
91	23171	3.4	1.3324914285398
91	23209	3.5	5.7714020715217
91	23247	3.6	1.3530872273627
91	23285	3.7	5.0613904437856
91	23323	3.8	1.3695620546885
91	23361	3.9	5.6040826893577
91	23559	4	1.3875512321532
91	23593	4.1	1780.4145734738
91	23627	4.2	5.05142976
91	23661	4.3	5.05142976
91	23695	4.4	5.05142976
91	23729	4.5	5.05142976
91	23763	4.6	5.05142976
91	23797	4.7	5.05142976
91	23991	4.8	5.05142976
91	24021	4.9	5.05142976
91	24051	5	5.05142976
91	24081	5.1	5.05142976
91	24111	5.2	5.05142976
91	24141	5.3	5.05142976
91	24171	5.4	5.05142976
91	24201	5.5	5.05142976
91	24391	5.6	5.05142976
91	24417	5.7	5.05142976
91	24443	5.8	5.05142976
91	24469	5.9	5.05142976
91	24495	6	5.05142976
91	24521	6.1	5.05142976
91	24547	6.2	5.05142976
91	24573	6.3	5.05142976
91	24599	6.4	5.05142976
91	24625	6.5	5.05142976
91	24651	6.6	5.05142976
91	24677	6.7	5.05142976
91	24703	6.8	5.05142976
91	24729	6.9	5.05142976
92	631	0.5	-0.80170897226781
92	960	0.6	0
92	1608	0.7	1.0826211068972
92	2361	0.8	0
92	3663	0.9	-1.6685338990606
92	6217	1	0
92	9870	1.1	-1.7555130210542
92	13042	1.2	0
92	15158	1.3	-2.0770189137634
92	17481	1.4	0
92	20979	1.5	-5.3981121682987
92	22071	1.6	0
92	22117	1.7	-2.4094761818915
92	22163	1.8	0
92	22209	1.9	-1.3430555463286
92	22255	2	0
92	22301	2.1	-1.1448674495214
92	22347	2.2	0
92	22393	2.3	-5.2034706321309
92	22599	2.4	0
92	22641	2.5	0.13435131198524
92	22683	2.6	0
92	22725	2.7	-4.5443555228151
92	22767	2.8	0
92	22809	2.9	1.4322836818089
92	22851	3	0
92	22893	3.1	3.4555889049259
92	23095	3.2	0
92	23133	3.3	2.487595568106
92	23171	3.4	0
92	23209	3.5	1.0040469742255
92	23247	3.6	0
92	23285	3.7	3.1156926818177
92	23323	3.8	0
92	23361	3.9	3.0327266916676
92	23559	4	0
92	23593	4.1	1.6659181908511
92	23627	4.2	0
92	23661	4.3	4.0911394251045
92	23695	4.4	0
92	23729	4.5	5.171303221304
92	23763	4.6	0
92	23797	4.7	3.2110104784369
92	23991	4.8	0
92	24021	4.9	3.2044275685213
92	24051	5	0
92	24081	5.1	4.4572934362106
92	24111	5.2	0
92	24141	5.3	2.9257224689238
92	24171	5.4	0
92	24201	5.5	0.5839706074215
92	24391	5.6	0
92	24417	5.7	227.36792581643
92	24443	5.8	0
92	24469	5.9	0
92	24495	6	0
92	24521	6.1	0
92	24547	6.2	0
92	24573	6.3	0
92	24599	6.4	0
92	24625	6.5	0
92	24651	6.6	0
92	24677	6.7	0
92	24703	6.8	0
92	24729	6.9	0
93	631	0.5	0.973
93	960	0.6	1.4027675773937
93	1608	0.7	2.9275826505615
93	2361	0.8	1.4089877590716
93	3663	0.9	0.973
93	6217	1	1.3994167458952
93	9870	1.1	0.973
93	13042	1.2	1.3894409354067
93	15158	1.3	0.973
93	17481	1.4	1.3777587588778
93	20979	1.5	0.973
93	22071	1.6	1.3479741049664
93	22117	1.7	0.973
93	22163	1.8	1.3349313824312
93	22209	1.9	0.973
93	22255	2	1.3277244980148
93	22301	2.1	0.973
93	22347	2.2	1.3216155290458
93	22393	2.3	0.973
93	22599	2.4	1.2942258478442
93	22641	2.5	1.415820203859
93	22683	2.6	1.2949256796506
93	22725	2.7	0.973
93	22767	2.8	1.2714529845491
93	22809	2.9	2.4602099339391
93	22851	3	1.2788081054646
93	22893	3.1	4.434797742089
93	23095	3.2	1.2967167511546
93	23133	3.3	3.717925033851
93	23171	3.4	1.3097618231713
93	23209	3.5	2.3113474693816
93	23247	3.6	1.3150656409753
93	23285	3.7	4.6572211940325
93	23323	3.8	1.3316730677592
93	23361	3.9	4.8067190962014
93	23559	4	1.3480669885348
93	23593	4.1	3.3239432282692
93	23627	4.2	1.3571740589936
93	23661	4.3	6.6132011802888
93	23695	4.4	1.3798641146264
93	23729	4.5	8.6688153641788
93	23763	4.6	1.4092542863278
93	23797	4.7	6.1840879645629
93	23991	4.8	1.4279331157847
93	24021	4.9	6.4407954109646
93	24051	5	1.4469238003069
93	24081	5.1	8.8991349500389
93	24111	5.2	1.4739554219709
93	24141	5.3	6.5722148462796
93	24171	5.4	1.4921094393059
93	24201	5.5	2.5179748544807
93	24391	5.6	1.4957734393305
93	24417	5.7	1648.9215334128
93	24443	5.8	5.05142976
93	24469	5.9	5.05142976
93	24495	6	5.05142976
93	24521	6.1	5.05142976
93	24547	6.2	5.05142976
93	24573	6.3	5.05142976
93	24599	6.4	5.05142976
93	24625	6.5	5.05142976
93	24651	6.6	5.05142976
93	24677	6.7	5.05142976
93	24703	6.8	5.05142976
93	24729	6.9	5.05142976
94	631	0.5	-1.7401309651323
94	960	0.6	0
94	1608	0.7	2.1288861394364
94	2361	0.8	0
94	3663	0.9	-5.553743842741
94	6217	1	0
94	9870	1.1	-0.70624781447632
94	13042	1.2	0
94	15158	1.3	-4.4937575089584
94	17481	1.4	0
94	20979	1.5	-2.2622363910333
94	22071	1.6	0
94	22117	1.7	-0.34294548926662
94	22163	1.8	0
94	22209	1.9	-6.1196282932076
94	22255	2	0
94	22301	2.1	3.9953550450504
94	22347	2.2	0
94	22393	2.3	4.766294620151
94	22599	2.4	0
94	22641	2.5	1.7974034261264
94	22683	2.6	0
94	22725	2.7	2.6932038752362
94	22767	2.8	0
94	22809	2.9	4.9448485638946
94	22851	3	0
94	22893	3.1	3.0808558689578
94	23095	3.2	0
94	23133	3.3	-2.0139592909847
94	23171	3.4	0
94	23209	3.5	4.0266422007699
94	23247	3.6	0
94	23285	3.7	3.0398361640517
94	23323	3.8	0
94	23361	3.9	3.3257202028297
94	23559	4	0
94	23593	4.1	3.1876178097446
94	23627	4.2	0
94	23661	4.3	4.5558024602476
94	23695	4.4	0
94	23729	4.5	4.3449937944236
94	23763	4.6	0
94	23797	4.7	-9
94	23991	4.8	0
94	24021	4.9	225.85536154617
94	24051	5	0
94	24081	5.1	0
94	24111	5.2	0
94	24141	5.3	0
94	24171	5.4	0
94	24201	5.5	0
94	24391	5.6	0
94	24417	5.7	0
94	24443	5.8	0
94	24469	5.9	0
94	24495	6	0
94	24521	6.1	0
94	24547	6.2	0
94	24573	6.3	0
94	24599	6.4	0
94	24625	6.5	0
94	24651	6.6	0
94	24677	6.7	0
94	24703	6.8	0
94	24729	6.9	0
95	631	0.5	0.973
95	960	0.6	1.4121407723264
95	1608	0.7	4.5479676527863
95	2361	0.8	1.4245215760191
95	3663	0.9	0.973
95	6217	1	1.3925304972379
95	9870	1.1	0.973
95	13042	1.2	1.3885320838403
95	15158	1.3	0.973
95	17481	1.4	1.3634362648976
95	20979	1.5	0.973
95	22071	1.6	1.3510180516878
95	22117	1.7	0.973
95	22163	1.8	1.3491475123384
95	22209	1.9	0.973
95	22255	2	1.3162687410508
95	22301	2.1	5.7086619736714
95	22347	2.2	1.3376291750543
95	22393	2.3	7.1255957154857
95	22599	2.4	1.3636396490045
95	22641	2.5	3.6243424395482
95	22683	2.6	1.373609153272
95	22725	2.7	4.9359950630269
95	22767	2.8	1.3887224707929
95	22809	2.9	8.5192917142339
95	22851	3	1.4170511414569
95	22893	3.1	6.0888595701328
95	23095	3.2	1.4351052673664
95	23133	3.3	0.973
95	23171	3.4	1.4232669507545
95	23209	3.5	7.7247936458007
95	23247	3.6	1.4470768558825
95	23285	3.7	6.4273750700961
95	23323	3.8	1.4654348416325
95	23361	3.9	7.1810634698666
95	23559	4	1.4859172540395
95	23593	4.1	7.2094876569051
95	23627	4.2	1.5059577097495
95	23661	4.3	10.187124539666
95	23695	4.4	1.5353302180222
95	23729	4.5	10.270624211696
95	23763	4.6	1.5641874029683
95	23797	4.7	0.973
95	23991	4.8	1.5053278078377
95	24021	4.9	1637.9856937388
95	24051	5	5.05142976
95	24081	5.1	5.05142976
95	24111	5.2	5.05142976
95	24141	5.3	5.05142976
95	24171	5.4	5.05142976
95	24201	5.5	5.05142976
95	24391	5.6	5.05142976
95	24417	5.7	5.05142976
95	24443	5.8	5.05142976
95	24469	5.9	5.05142976
95	24495	6	5.05142976
95	24521	6.1	5.05142976
95	24547	6.2	5.05142976
95	24573	6.3	5.05142976
95	24599	6.4	5.05142976
95	24625	6.5	5.05142976
95	24651	6.6	5.05142976
95	24677	6.7	5.05142976
95	24703	6.8	5.05142976
95	24729	6.9	5.05142976
96	631	0.5	-4.2976088519533
96	960	0.6	0
96	1608	0.7	-9
96	2361	0.8	0
96	3663	0.9	-9
96	6217	1	0
96	9870	1.1	-9
96	13042	1.2	0
96	15158	1.3	-9
96	17481	1.4	0
96	20979	1.5	-9
96	22071	1.6	0
96	22117	1.7	246.46844218529
96	22163	1.8	0
96	22209	1.9	0
96	22255	2	0
96	22301	2.1	0
96	22347	2.2	0
96	22393	2.3	0
96	22599	2.4	0
96	22641	2.5	0
96	22683	2.6	0
96	22725	2.7	0
96	22767	2.8	0
96	22809	2.9	0
96	22851	3	0
96	22893	3.1	0
96	23095	3.2	0
96	23133	3.3	0
96	23171	3.4	0
96	23209	3.5	0
96	23247	3.6	0
96	23285	3.7	0
96	23323	3.8	0
96	23361	3.9	0
96	23559	4	0
96	23593	4.1	0
96	23627	4.2	0
96	23661	4.3	0
96	23695	4.4	0
96	23729	4.5	0
96	23763	4.6	0
96	23797	4.7	0
96	23991	4.8	0
96	24021	4.9	0
96	24051	5	0
96	24081	5.1	0
96	24111	5.2	0
96	24141	5.3	0
96	24171	5.4	0
96	24201	5.5	0
96	24391	5.6	0
96	24417	5.7	0
96	24443	5.8	0
96	24469	5.9	0
96	24495	6	0
96	24521	6.1	0
96	24547	6.2	0
96	24573	6.3	0
96	24599	6.4	0
96	24625	6.5	0
96	24651	6.6	0
96	24677	6.7	0
96	24703	6.8	0
96	24729	6.9	0
97	631	0.5	0.973
97	960	0.6	1.6736849906497
97	1608	0.7	0.973
97	2361	0.8	1.6081983400167
97	3663	0.9	0.973
97	6217	1	1.5467313103509
97	9870	1.1	0.973
97	13042	1.2	1.4888798364313
97	15158	1.3	0.973
97	17481	1.4	1.4342398530367
97	20979	1.5	0.973
97	22071	1.6	1.3824072949461
97	22117	1.7	1787.0182667596
97	22163	1.8	5.05142976
97	22209	1.9	5.05142976
97	22255	2	5.05142976
97	22301	2.1	5.05142976
97	22347	2.2	5.05142976
97	22393	2.3	5.05142976
97	22599	2.4	5.05142976
97	22641	2.5	5.05142976
97	22683	2.6	5.05142976
97	22725	2.7	5.05142976
97	22767	2.8	5.05142976
97	22809	2.9	5.05142976
97	22851	3	5.05142976
97	22893	3.1	5.05142976
97	23095	3.2	5.05142976
97	23133	3.3	5.05142976
97	23171	3.4	5.05142976
97	23209	3.5	5.05142976
97	23247	3.6	5.05142976
97	23285	3.7	5.05142976
97	23323	3.8	5.05142976
97	23361	3.9	5.05142976
97	23559	4	5.05142976
97	23593	4.1	5.05142976
97	23627	4.2	5.05142976
97	23661	4.3	5.05142976
97	23695	4.4	5.05142976
97	23729	4.5	5.05142976
97	23763	4.6	5.05142976
97	23797	4.7	5.05142976
97	23991	4.8	5.05142976
97	24021	4.9	5.05142976
97	24051	5	5.05142976
97	24081	5.1	5.05142976
97	24111	5.2	5.05142976
97	24141	5.3	5.05142976
97	24171	5.4	5.05142976
97	24201	5.5	5.05142976
97	24391	5.6	5.05142976
97	24417	5.7	5.05142976
97	24443	5.8	5.05142976
97	24469	5.9	5.05142976
97	24495	6	5.05142976
97	24521	6.1	5.05142976
97	24547	6.2	5.05142976
97	24573	6.3	5.05142976
97	24599	6.4	5.05142976
97	24625	6.5	5.05142976
97	24651	6.6	5.05142976
97	24677	6.7	5.05142976
97	24703	6.8	5.05142976
97	24729	6.9	5.05142976
98	631	0.5	-0.5089860224165
98	960	0.6	0
98	1608	0.7	-1.6966122725381
98	2361	0.8	0
98	3663	0.9	-6.9030678400691
98	6217	1	0
98	9870	1.1	-6.9919965412275
98	13042	1.2	0
98	15158	1.3	-3.9548114965839
98	17481	1.4	0
98	20979	1.5	-4.9228025268112
98	22071	1.6	0
98	22117	1.7	-6.7388698237226
98	22163	1.8	0
98	22209	1.9	3.2562470672652
98	22255	2	0
98	22301	2.1	2.9931160584092
98	22347	2.2	0
98	22393	2.3	2.9237296908628
98	22599	2.4	0
98	22641	2.5	4.1921496857423
98	22683	2.6	0
98	22725	2.7	4.1844140789937
98	22767	2.8	0
98	22809	2.9	2.7686355388258
98	22851	3	0
98	22893	3.1	1.063761702417
98	23095	3.2	0
98	23133	3.3	232.56041321367
98	23171	3.4	0
98	23209	3.5	0
98	23247	3.6	0
98	23285	3.7	0
98	23323	3.8	0
98	23361	3.9	0
98	23559	4	0
98	23593	4.1	0
98	23627	4.2	0
98	23661	4.3	0
98	23695	4.4	0
98	23729	4.5	0
98	23763	4.6	0
98	23797	4.7	0
98	23991	4.8	0
98	24021	4.9	0
98	24051	5	0
98	24081	5.1	0
98	24111	5.2	0
98	24141	5.3	0
98	24171	5.4	0
98	24201	5.5	0
98	24391	5.6	0
98	24417	5.7	0
98	24443	5.8	0
98	24469	5.9	0
98	24495	6	0
98	24521	6.1	0
98	24547	6.2	0
98	24573	6.3	0
98	24599	6.4	0
98	24625	6.5	0
98	24651	6.6	0
98	24677	6.7	0
98	24703	6.8	0
98	24729	6.9	0
99	631	0.5	0.973
99	960	0.6	1.5253417930445
99	1608	0.7	0.973
99	2361	0.8	1.5144114730984
99	3663	0.9	0.973
99	6217	1	1.4711535936483
99	9870	1.1	0.973
99	13042	1.2	1.4291864792958
99	15158	1.3	0.973
99	17481	1.4	1.4062011583653
99	20979	1.5	0.973
99	22071	1.6	1.3782850499287
99	22117	1.7	0.973
99	22163	1.8	1.3412071104417
99	22209	1.9	5.2288943120368
99	22255	2	1.3589680884298
99	22301	2.1	5.148659733983
99	22347	2.2	1.3755490172944
99	22393	2.3	5.2836502617916
99	22599	2.4	1.3919962292132
99	22641	2.5	7.4195699220925
99	22683	2.6	1.4160389372363
99	22725	2.7	7.8550420321488
99	22767	2.8	1.4406144832189
99	22809	2.9	5.8860801105806
99	22851	3	1.4572118258473
99	22893	3.1	3.1925887433444
99	23095	3.2	1.4636631867764
99	23133	3.3	1686.4632172949
99	23171	3.4	5.05142976
99	23209	3.5	5.05142976
99	23247	3.6	5.05142976
99	23285	3.7	5.05142976
99	23323	3.8	5.05142976
99	23361	3.9	5.05142976
99	23559	4	5.05142976
99	23593	4.1	5.05142976
99	23627	4.2	5.05142976
99	23661	4.3	5.05142976
99	23695	4.4	5.05142976
99	23729	4.5	5.05142976
99	23763	4.6	5.05142976
99	23797	4.7	5.05142976
99	23991	4.8	5.05142976
99	24021	4.9	5.05142976
99	24051	5	5.05142976
99	24081	5.1	5.05142976
99	24111	5.2	5.05142976
99	24141	5.3	5.05142976
99	24171	5.4	5.05142976
99	24201	5.5	5.05142976
99	24391	5.6	5.05142976
99	24417	5.7	5.05142976
99	24443	5.8	5.05142976
99	24469	5.9	5.05142976
99	24495	6	5.05142976
99	24521	6.1	5.05142976
99	24547	6.2	5.05142976
99	24573	6.3	5.05142976
99	24599	6.4	5.05142976
99	24625	6.5	5.05142976
99	24651	6.6	5.05142976
99	24677	6.7	5.05142976
99	24703	6.8	5.05142976
99	24729	6.9	5.05142976
100	631	0.5	-2.0282611952163
100	960	0.6	0
100	1608	0.7	2.5141099071916
100	2361	0.8	0
100	3663	0.9	1.3768907572963
100	6217	1	0
100	9870	1.1	-5.852786955767
100	13042	1.2	0
100	15158	1.3	-2.4756065180018
100	17481	1.4	0
100	20979	1.5	-3.1934828613621
100	22071	1.6	0
100	22117	1.7	-0.3100535712457
100	22163	1.8	0
100	22209	1.9	-5.2735714841488
100	22255	2	0
100	22301	2.1	1.7806226502354
100	22347	2.2	0
100	22393	2.3	2.9580780551122
100	22599	2.4	0
100	22641	2.5	1.8488582063771
100	22683	2.6	0
100	22725	2.7	3.0510705463123
100	22767	2.8	0
100	22809	2.9	4.4936233427376
100	22851	3	0
100	22893	3.1	1.8255305676733
100	23095	3.2	0
100	23133	3.3	2.9173587642548
100	23171	3.4	0
100	23209	3.5	4.1712337044999
100	23247	3.6	0
100	23285	3.7	4.8403976362199
100	23323	3.8	0
100	23361	3.9	4.1395862889476
100	23559	4	0
100	23593	4.1	3.3417272879742
100	23627	4.2	0
100	23661	4.3	4.3727112780791
100	23695	4.4	0
100	23729	4.5	-0.18506185948203
100	23763	4.6	0
100	23797	4.7	-9
100	23991	4.8	0
100	24021	4.9	226.76453127982
100	24051	5	0
100	24081	5.1	0
100	24111	5.2	0
100	24141	5.3	0
100	24171	5.4	0
100	24201	5.5	0
100	24391	5.6	0
100	24417	5.7	0
100	24443	5.8	0
100	24469	5.9	0
100	24495	6	0
100	24521	6.1	0
100	24547	6.2	0
100	24573	6.3	0
100	24599	6.4	0
100	24625	6.5	0
100	24651	6.6	0
100	24677	6.7	0
100	24703	6.8	0
100	24729	6.9	0
101	631	0.5	0.973
101	960	0.6	1.3957652406036
101	1608	0.7	4.9491337972139
101	2361	0.8	1.4101694536593
101	3663	0.9	3.4020017291066
101	6217	1	1.4181443005647
101	9870	1.1	0.973
101	13042	1.2	1.3846619471493
101	15158	1.3	0.973
101	17481	1.4	1.3708142115849
101	20979	1.5	0.973
101	22071	1.6	1.3532078847078
101	22117	1.7	0.973
101	22163	1.8	1.3515133146834
101	22209	1.9	0.973
101	22255	2	1.32306890188
101	22301	2.1	3.2405230159302
101	22347	2.2	1.332595545031
101	22393	2.3	4.7290409879498
101	22599	2.4	1.3485960228755
101	22641	2.5	3.5539390015786
101	22683	2.6	1.3587125242785
101	22725	2.7	5.2226240230088
101	22767	2.8	1.3756130231448
101	22809	2.9	7.553529262232
101	22851	3	1.4010002037665
101	22893	3.1	3.9912668180722
101	23095	3.2	1.4114925081267
101	23133	3.3	5.7563078054845
101	23171	3.4	1.4284863858595
101	23209	3.5	8.0605229013608
101	23247	3.6	1.4532920298496
101	23285	3.7	9.7147100545383
101	23323	3.8	1.4828743196449
101	23361	3.9	8.9618789219483
101	23559	4	1.5088981497186
101	23593	4.1	7.8160520535053
101	23627	4.2	1.530421940105
101	23661	4.3	10.244987593339
101	23695	4.4	1.5593190683149
101	23729	4.5	0.973
101	23763	4.6	1.5580787087656
101	23797	4.7	0.973
101	23991	4.8	1.499573733396
101	24021	4.9	1644.5589909131
101	24051	5	5.05142976
101	24081	5.1	5.05142976
101	24111	5.2	5.05142976
101	24141	5.3	5.05142976
101	24171	5.4	5.05142976
101	24201	5.5	5.05142976
101	24391	5.6	5.05142976
101	24417	5.7	5.05142976
101	24443	5.8	5.05142976
101	24469	5.9	5.05142976
101	24495	6	5.05142976
101	24521	6.1	5.05142976
101	24547	6.2	5.05142976
101	24573	6.3	5.05142976
101	24599	6.4	5.05142976
101	24625	6.5	5.05142976
101	24651	6.6	5.05142976
101	24677	6.7	5.05142976
101	24703	6.8	5.05142976
101	24729	6.9	5.05142976
102	631	0.5	-6.430460592578
102	960	0.6	0
102	1608	0.7	-7.6382754413179
102	2361	0.8	0
102	3663	0.9	-9
102	6217	1	0
102	9870	1.1	-9
102	13042	1.2	0
102	15158	1.3	-7.739505429107
102	17481	1.4	0
102	20979	1.5	-9
102	22071	1.6	0
102	22117	1.7	-9
102	22163	1.8	0
102	22209	1.9	-8.6803391001565
102	22255	2	0
102	22301	2.1	-9
102	22347	2.2	0
102	22393	2.3	-9
102	22599	2.4	0
102	22641	2.5	281.65941389649
102	22683	2.6	0
102	22725	2.7	0
102	22767	2.8	0
102	22809	2.9	0
102	22851	3	0
102	22893	3.1	0
102	23095	3.2	0
102	23133	3.3	0
102	23171	3.4	0
102	23209	3.5	0
102	23247	3.6	0
102	23285	3.7	0
102	23323	3.8	0
102	23361	3.9	0
102	23559	4	0
102	23593	4.1	0
102	23627	4.2	0
102	23661	4.3	0
102	23695	4.4	0
102	23729	4.5	0
102	23763	4.6	0
102	23797	4.7	0
102	23991	4.8	0
102	24021	4.9	0
102	24051	5	0
102	24081	5.1	0
102	24111	5.2	0
102	24141	5.3	0
102	24171	5.4	0
102	24201	5.5	0
102	24391	5.6	0
102	24417	5.7	0
102	24443	5.8	0
102	24469	5.9	0
102	24495	6	0
102	24521	6.1	0
102	24547	6.2	0
102	24573	6.3	0
102	24599	6.4	0
102	24625	6.5	0
102	24651	6.6	0
102	24677	6.7	0
102	24703	6.8	0
102	24729	6.9	0
103	631	0.5	0.973
103	960	0.6	1.6577808457603
103	1608	0.7	0.973
103	2361	0.8	1.6027800758631
103	3663	0.9	0.973
103	6217	1	1.5416386570526
103	9870	1.1	0.973
103	13042	1.2	1.4840781733576
103	15158	1.3	0.973
103	17481	1.4	1.4371350294248
103	20979	1.5	0.973
103	22071	1.6	1.3851602079905
103	22117	1.7	0.973
103	22163	1.8	1.3356107173438
103	22209	1.9	0.973
103	22255	2	1.2897405053492
103	22301	2.1	0.973
103	22347	2.2	1.2437789619913
103	22393	2.3	0.973
103	22599	2.4	1.1990449052968
103	22641	2.5	2041.4489922316
103	22683	2.6	5.05142976
103	22725	2.7	5.05142976
103	22767	2.8	5.05142976
103	22809	2.9	5.05142976
103	22851	3	5.05142976
103	22893	3.1	5.05142976
103	23095	3.2	5.05142976
103	23133	3.3	5.05142976
103	23171	3.4	5.05142976
103	23209	3.5	5.05142976
103	23247	3.6	5.05142976
103	23285	3.7	5.05142976
103	23323	3.8	5.05142976
103	23361	3.9	5.05142976
103	23559	4	5.05142976
103	23593	4.1	5.05142976
103	23627	4.2	5.05142976
103	23661	4.3	5.05142976
103	23695	4.4	5.05142976
103	23729	4.5	5.05142976
103	23763	4.6	5.05142976
103	23797	4.7	5.05142976
103	23991	4.8	5.05142976
103	24021	4.9	5.05142976
103	24051	5	5.05142976
103	24081	5.1	5.05142976
103	24111	5.2	5.05142976
103	24141	5.3	5.05142976
103	24171	5.4	5.05142976
103	24201	5.5	5.05142976
103	24391	5.6	5.05142976
103	24417	5.7	5.05142976
103	24443	5.8	5.05142976
103	24469	5.9	5.05142976
103	24495	6	5.05142976
103	24521	6.1	5.05142976
103	24547	6.2	5.05142976
103	24573	6.3	5.05142976
103	24599	6.4	5.05142976
103	24625	6.5	5.05142976
103	24651	6.6	5.05142976
103	24677	6.7	5.05142976
103	24703	6.8	5.05142976
103	24729	6.9	5.05142976
104	631	0.5	-0.15510692815297
104	960	0.6	0
104	1608	0.7	-5.0847386034537
104	2361	0.8	0
104	3663	0.9	-5.2620057503809
104	6217	1	0
104	9870	1.1	-5.7678134380281
104	13042	1.2	0
104	15158	1.3	-4.5977104947098
104	17481	1.4	0
104	20979	1.5	-4.7952035151841
104	22071	1.6	0
104	22117	1.7	-5.7778798849399
104	22163	1.8	0
104	22209	1.9	-3.5082024103703
104	22255	2	0
104	22301	2.1	-5.9927888170564
104	22347	2.2	0
104	22393	2.3	-3.3357753110466
104	22599	2.4	0
104	22641	2.5	-4.7411764396578
104	22683	2.6	0
104	22725	2.7	4.8212009829935
104	22767	2.8	0
104	22809	2.9	3.8440342675429
104	22851	3	0
104	22893	3.1	4.2510309320874
104	23095	3.2	0
104	23133	3.3	2.6113947141916
104	23171	3.4	0
104	23209	3.5	4.096867442457
104	23247	3.6	0
104	23285	3.7	2.6696914288681
104	23323	3.8	0
104	23361	3.9	4.0241154415999
104	23559	4	0
104	23593	4.1	244.92538689606
104	23627	4.2	0
104	23661	4.3	0
104	23695	4.4	0
104	23729	4.5	0
104	23763	4.6	0
104	23797	4.7	0
104	23991	4.8	0
104	24021	4.9	0
104	24051	5	0
104	24081	5.1	0
104	24111	5.2	0
104	24141	5.3	0
104	24171	5.4	0
104	24201	5.5	0
104	24391	5.6	0
104	24417	5.7	0
104	24443	5.8	0
104	24469	5.9	0
104	24495	6	0
104	24521	6.1	0
104	24547	6.2	0
104	24573	6.3	0
104	24599	6.4	0
104	24625	6.5	0
104	24651	6.6	0
104	24677	6.7	0
104	24703	6.8	0
104	24729	6.9	0
105	631	0.5	1.2374891487367
105	960	0.6	1.5276370852233
105	1608	0.7	0.973
105	2361	0.8	1.4951623763702
105	3663	0.9	0.973
105	6217	1	1.462649072745
105	9870	1.1	0.973
105	13042	1.2	1.4281935493058
105	15158	1.3	0.973
105	17481	1.4	1.4015454285908
105	20979	1.5	0.973
105	22071	1.6	1.3744621706229
105	22117	1.7	0.973
105	22163	1.8	1.3427054938116
105	22209	1.9	0.973
105	22255	2	1.3238486883027
105	22301	2.1	0.973
105	22347	2.2	1.2922997792938
105	22393	2.3	0.973
105	22599	2.4	1.275063946658
105	22641	2.5	0.973
105	22683	2.6	1.2509169843501
105	22725	2.7	5.1768738872077
105	22767	2.8	1.2754749297308
105	22809	2.9	4.7621372485292
105	22851	3	1.295362397722
105	22893	3.1	5.587059381616
105	23095	3.2	1.3177136808826
105	23133	3.3	4.1186407847347
105	23171	3.4	1.3316482519879
105	23209	3.5	6.1307054345225
105	23247	3.6	1.3538504619872
105	23285	3.7	4.6531249207101
105	23323	3.8	1.3685581879389
105	23361	3.9	6.732313190558
105	23559	4	1.391112105694
105	23593	4.1	1775.8619770185
105	23627	4.2	5.05142976
105	23661	4.3	5.05142976
105	23695	4.4	5.05142976
105	23729	4.5	5.05142976
105	23763	4.6	5.05142976
105	23797	4.7	5.05142976
105	23991	4.8	5.05142976
105	24021	4.9	5.05142976
105	24051	5	5.05142976
105	24081	5.1	5.05142976
105	24111	5.2	5.05142976
105	24141	5.3	5.05142976
105	24171	5.4	5.05142976
105	24201	5.5	5.05142976
105	24391	5.6	5.05142976
105	24417	5.7	5.05142976
105	24443	5.8	5.05142976
105	24469	5.9	5.05142976
105	24495	6	5.05142976
105	24521	6.1	5.05142976
105	24547	6.2	5.05142976
105	24573	6.3	5.05142976
105	24599	6.4	5.05142976
105	24625	6.5	5.05142976
105	24651	6.6	5.05142976
105	24677	6.7	5.05142976
105	24703	6.8	5.05142976
105	24729	6.9	5.05142976
106	631	0.5	-0.96904899780639
106	960	0.6	0
106	1608	0.7	1.8759738724278
106	2361	0.8	0
106	3663	0.9	-3.5083769195036
106	6217	1	0
106	9870	1.1	-1.3146663267449
106	13042	1.2	0
106	15158	1.3	-4.54023919049
106	17481	1.4	0
106	20979	1.5	-1.5919926741359
106	22071	1.6	0
106	22117	1.7	-0.51162312595245
106	22163	1.8	0
106	22209	1.9	-3.6111131633906
106	22255	2	0
106	22301	2.1	-2.1441430904393
106	22347	2.2	0
106	22393	2.3	-3.890276402459
106	22599	2.4	0
106	22641	2.5	-1.3609650259487
106	22683	2.6	0
106	22725	2.7	-1.0892329943193
106	22767	2.8	0
106	22809	2.9	0.15557487244604
106	22851	3	0
106	22893	3.1	1.1295449996428
106	23095	3.2	0
106	23133	3.3	2.082476773039
106	23171	3.4	0
106	23209	3.5	3.9151436839472
106	23247	3.6	0
106	23285	3.7	0.6758557793758
106	23323	3.8	0
106	23361	3.9	3.2654154296996
106	23559	4	0
106	23593	4.1	3.0011491979005
106	23627	4.2	0
106	23661	4.3	5.1966243316419
106	23695	4.4	0
106	23729	4.5	2.6014937189408
106	23763	4.6	0
106	23797	4.7	4.7288316136226
106	23991	4.8	0
106	24021	4.9	4.7776982647367
106	24051	5	0
106	24081	5.1	3.0344459434506
106	24111	5.2	0
106	24141	5.3	3.3556364652701
106	24171	5.4	0
106	24201	5.5	1.3047807800638
106	24391	5.6	0
106	24417	5.7	225.50853801249
106	24443	5.8	0
106	24469	5.9	0
106	24495	6	0
106	24521	6.1	0
106	24547	6.2	0
106	24573	6.3	0
106	24599	6.4	0
106	24625	6.5	0
106	24651	6.6	0
106	24677	6.7	0
106	24703	6.8	0
107	631	0.5	0.973
107	960	0.6	1.4018094569209
107	1608	0.7	4.0723368320054
107	2361	0.8	1.4126017131992
107	3663	0.9	0.973
107	6217	1	1.3925089593797
107	9870	1.1	0.973
107	13042	1.2	1.3850782579109
107	15158	1.3	0.973
107	17481	1.4	1.3598060555247
107	20979	1.5	0.973
107	22071	1.6	1.3510810840019
107	22117	1.7	0.973
107	22163	1.8	1.3482915024353
107	22209	1.9	0.973
107	22255	2	1.3287933662711
107	22301	2.1	0.973
107	22347	2.2	1.3173674042158
107	22393	2.3	0.973
107	22599	2.4	1.2969033489847
107	22641	2.5	0.973
107	22683	2.6	1.2898206258642
107	22725	2.7	0.973
107	22767	2.8	1.284179005459
107	22809	2.9	1.4177943613121
107	22851	3	1.2849833602986
107	22893	3.1	2.2858550813563
107	23095	3.2	1.2908377264516
107	23133	3.3	3.2406700657132
107	23171	3.4	1.3016994298205
107	23209	3.5	5.3371346434396
107	23247	3.6	1.3223752801819
107	23285	3.7	2.0300405942495
107	23323	3.8	1.325980130958
107	23361	3.9	5.0022182411638
107	23559	4	1.3435543162088
107	23593	4.1	4.9395868585454
107	23627	4.2	1.3599480979507
107	23661	4.3	8.2380507504603
107	23695	4.4	1.3889276190956
107	23729	4.5	4.9955958111042
107	23763	4.6	1.4037377287624
107	23797	4.7	8.499189984459
107	23991	4.8	1.4312157910165
107	24021	4.9	9.1508879240408
107	24051	5	1.4597586645202
107	24081	5.1	6.5850766166352
107	24111	5.2	1.4783220329153
107	24141	5.3	7.4179342119635
107	24171	5.4	1.4992659127771
107	24201	5.5	3.8499319310294
107	24391	5.6	1.5075317591176
107	24417	5.7	1635.4781595903
107	24443	5.8	5.05142976
107	24469	5.9	5.05142976
107	24495	6	5.05142976
107	24521	6.1	5.05142976
107	24547	6.2	5.05142976
107	24573	6.3	5.05142976
107	24599	6.4	5.05142976
107	24625	6.5	5.05142976
107	24651	6.6	5.05142976
107	24677	6.7	5.05142976
107	24703	6.8	5.05142976
108	631	0.5	-5.3882913469661
108	960	0.6	0
108	1608	0.7	-9
108	2361	0.8	0
108	3663	0.9	-8.2657070213099
108	6217	1	0
108	9870	1.1	-9
108	13042	1.2	0
108	15158	1.3	-9
108	17481	1.4	0
108	20979	1.5	-8.6886900027308
108	22071	1.6	0
108	22117	1.7	-9
108	22163	1.8	0
108	22209	1.9	-9
108	22255	2	0
108	22301	2.1	-9
108	22347	2.2	0
108	22393	2.3	-9
108	22599	2.4	0
108	22641	2.5	282.51352170434
108	22683	2.6	0
108	22725	2.7	0
108	22767	2.8	0
108	22809	2.9	0
108	22851	3	0
108	22893	3.1	0
108	23095	3.2	0
108	23133	3.3	0
108	23171	3.4	0
108	23209	3.5	0
108	23247	3.6	0
108	23285	3.7	0
108	23323	3.8	0
108	23361	3.9	0
108	23559	4	0
108	23593	4.1	0
108	23627	4.2	0
108	23661	4.3	0
108	23695	4.4	0
108	23729	4.5	0
108	23763	4.6	0
108	23797	4.7	0
108	23991	4.8	0
108	24021	4.9	0
108	24051	5	0
108	24081	5.1	0
108	24111	5.2	0
108	24141	5.3	0
108	24171	5.4	0
108	24201	5.5	0
108	24391	5.6	0
108	24417	5.7	0
108	24443	5.8	0
108	24469	5.9	0
108	24495	6	0
108	24521	6.1	0
108	24547	6.2	0
108	24573	6.3	0
108	24599	6.4	0
108	24625	6.5	0
108	24651	6.6	0
108	24677	6.7	0
108	24703	6.8	0
109	631	0.5	0.973
109	960	0.6	1.6655213422057
109	1608	0.7	0.973
109	2361	0.8	1.6005433337614
109	3663	0.9	0.973
109	6217	1	1.5443743707627
109	9870	1.1	0.973
109	13042	1.2	1.4866577515822
109	15158	1.3	0.973
109	17481	1.4	1.4321366224146
109	20979	1.5	0.973
109	22071	1.6	1.3821540606651
109	22117	1.7	0.973
109	22163	1.8	1.3327358836757
109	22209	1.9	0.973
109	22255	2	1.2853149776517
109	22301	2.1	0.973
109	22347	2.2	1.2394872773722
109	22393	2.3	0.973
109	22599	2.4	1.1948487176159
109	22641	2.5	2047.6241916824
109	22683	2.6	5.05142976
109	22725	2.7	5.05142976
109	22767	2.8	5.05142976
109	22809	2.9	5.05142976
109	22851	3	5.05142976
109	22893	3.1	5.05142976
109	23095	3.2	5.05142976
109	23133	3.3	5.05142976
109	23171	3.4	5.05142976
109	23209	3.5	5.05142976
109	23247	3.6	5.05142976
109	23285	3.7	5.05142976
109	23323	3.8	5.05142976
109	23361	3.9	5.05142976
109	23559	4	5.05142976
109	23593	4.1	5.05142976
109	23627	4.2	5.05142976
109	23661	4.3	5.05142976
109	23695	4.4	5.05142976
109	23729	4.5	5.05142976
109	23763	4.6	5.05142976
109	23797	4.7	5.05142976
109	23991	4.8	5.05142976
109	24021	4.9	5.05142976
109	24051	5	5.05142976
109	24081	5.1	5.05142976
109	24111	5.2	5.05142976
109	24141	5.3	5.05142976
109	24171	5.4	5.05142976
109	24201	5.5	5.05142976
109	24391	5.6	5.05142976
109	24417	5.7	5.05142976
109	24443	5.8	5.05142976
109	24469	5.9	5.05142976
109	24495	6	5.05142976
109	24521	6.1	5.05142976
109	24547	6.2	5.05142976
109	24573	6.3	5.05142976
109	24599	6.4	5.05142976
109	24625	6.5	5.05142976
109	24651	6.6	5.05142976
109	24677	6.7	5.05142976
109	24703	6.8	5.05142976

