OMNeT++ Discrete Event Simulation  (C) 1992-2025 Andras Varga, OpenSim Ltd.
Version: 6.2.0, build: 250714-83e173e93a, edition: Academic Public License -- NOT FOR COMMERCIAL USE
See the license for distribution terms and warranty disclaimer

Setting up Qtenv...

Loading NED files from /home/yash/veins-veins-5.3.1/src/veins:  46
Loading NED files from .:  2

Loading images from '/home/yash/images': *: 0 
Loading images from '/home/yash/omnetpp/omnetpp-6.2.0/images': *: 0  abstract/*: 90  background/*: 4  block/*: 325  device/*: 195  logo/*: 3  maps/*: 9  misc/*: 70  msg/*: 55  old/*: 111  status/*: 28 

[V2VProxy 0] Intersection at (300, 300), stop distance=50m
[DEBUG V2VProxy 0] Replica registered in proxy map
[DEBUG V2VProxy 0] Periodic queue timer started
[V2VProxy] JVM created successfully
[V2VProxy] Registering JNI native methods...
V2VNativeBridge: Running in EMBEDDED mode - library already loaded by OMNeT++
[V2VProxy] Successfully registered 4 JNI native methods
[V2VProxy] Successfully registered 1 IntersectionServer JNI native method
[V2VProxy] JNI native methods registered successfully
[V2VProxy] Warming up JVM (crypto + JNI) before starting replicas...
[JNI] nativeWarmupPing called
[V2VProxy] JVM warmed up successfully
[DEBUG V2VProxy 0] JVM ready
[V2VProxyModule] Starting BFTSmart replica 0 in background Java thread
[ServerRunner 0] Created, ready to start in thread
[V2VProxyModule] Starting Java thread for replica 0
[V2VProxyModule] BFTSmart replica 0 thread started (non-blocking)
[DEBUG V2VProxy 0] Position checking will start at t=0.5s
[ServerRunner 0] Thread started, waiting for all peers...
[ServerRunner 0] Signaled ready (1/8 ready)
[V2VProxy 1] Intersection at (300, 300), stop distance=50m
[DEBUG V2VProxy 1] Replica registered in proxy map
[DEBUG V2VProxy 1] Periodic queue timer started
[DEBUG V2VProxy 1] JVM ready
[V2VProxyModule] Starting BFTSmart replica 1 in background Java thread
[ServerRunner 1] Created, ready to start in thread
[V2VProxyModule] Starting Java thread for replica 1
[V2VProxyModule] BFTSmart replica 1 thread started (non-blocking)
[DEBUG V2VProxy 1] Position checking will start at t=0.5s
[ServerRunner 1] Thread started, waiting for all peers...
[ServerRunner 1] Signaled ready (2/8 ready)
[V2VProxy 2] Intersection at (300, 300), stop distance=50m
[DEBUG V2VProxy 2] Replica registered in proxy map
[DEBUG V2VProxy 2] Periodic queue timer started
[DEBUG V2VProxy 2] JVM ready
[V2VProxyModule] Starting BFTSmart replica 2 in background Java thread
[ServerRunner 2] Created, ready to start in thread
[V2VProxyModule] Starting Java thread for replica 2
[V2VProxyModule] BFTSmart replica 2 thread started (non-blocking)
[DEBUG V2VProxy 2] Position checking will start at t=0.5s
[ServerRunner 2] Thread started, waiting for all peers...
[ServerRunner 2] Signaled ready (3/8 ready)
[V2VProxy 3] Intersection at (300, 300), stop distance=50m
[DEBUG V2VProxy 3] Replica registered in proxy map
[DEBUG V2VProxy 3] Periodic queue timer started
[DEBUG V2VProxy 3] JVM ready
[V2VProxyModule] Starting BFTSmart replica 3 in background Java thread
[ServerRunner 3] Created, ready to start in thread
[V2VProxyModule] Starting Java thread for replica 3
[V2VProxyModule] BFTSmart replica 3 thread started (non-blocking)
[DEBUG V2VProxy 3] Position checking will start at t=0.5s
[ServerRunner 3] Thread started, waiting for all peers...
[ServerRunner 3] Signaled ready (4/8 ready)
[V2VProxy 4] Intersection at (300, 300), stop distance=50m
[DEBUG V2VProxy 4] Replica registered in proxy map
[DEBUG V2VProxy 4] Periodic queue timer started
[DEBUG V2VProxy 4] JVM ready
[V2VProxyModule] Starting BFTSmart replica 4 in background Java thread
[ServerRunner 4] Created, ready to start in thread
[V2VProxyModule] Starting Java thread for replica 4
[V2VProxyModule] BFTSmart replica 4 thread started (non-blocking)
[DEBUG V2VProxy 4] Position checking will start at t=0.5s
[ServerRunner 4] Thread started, waiting for all peers...
[ServerRunner 4] Signaled ready (5/8 ready)
[V2VProxy 5] Intersection at (300, 300), stop distance=50m
[DEBUG V2VProxy 5] Replica registered in proxy map
[DEBUG V2VProxy 5] Periodic queue timer started
[DEBUG V2VProxy 5] JVM ready
[V2VProxyModule] Starting BFTSmart replica 5 in background Java thread
[ServerRunner 5] Created, ready to start in thread
[V2VProxyModule] Starting Java thread for replica 5
[V2VProxyModule] BFTSmart replica 5 thread started (non-blocking)
[DEBUG V2VProxy 5] Position checking will start at t=0.5s
[ServerRunner 5] Thread started, waiting for all peers...
[ServerRunner 5] Signaled ready (6/8 ready)
[V2VProxy 6] Intersection at (300, 300), stop distance=50m
[DEBUG V2VProxy 6] Replica registered in proxy map
[DEBUG V2VProxy 6] Periodic queue timer started
[DEBUG V2VProxy 6] JVM ready
[V2VProxyModule] Starting BFTSmart replica 6 in background Java thread
[ServerRunner 6] Created, ready to start in thread
[V2VProxyModule] Starting Java thread for replica 6
[V2VProxyModule] BFTSmart replica 6 thread started (non-blocking)
[DEBUG V2VProxy 6] Position checking will start at t=0.5s
[ServerRunner 6] Thread started, waiting for all peers...
[ServerRunner 6] Signaled ready (7/8 ready)
[V2VProxy 7] Intersection at (300, 300), stop distance=50m
[DEBUG V2VProxy 7] Replica registered in proxy map
[DEBUG V2VProxy 7] Periodic queue timer started
[DEBUG V2VProxy 7] JVM ready
[V2VProxyModule] Starting BFTSmart replica 7 in background Java thread
[ServerRunner 7] Created, ready to start in thread
[V2VProxyModule] Starting Java thread for replica 7
[V2VProxyModule] BFTSmart replica 7 thread started (non-blocking)
[DEBUG V2VProxy 7] Position checking will start at t=0.5s
[ServerRunner 7] Thread started, waiting for all peers...
[ServerRunner 7] Signaled ready (8/8 ready)
[ServerRunner 7] Creating IntersectionServer after stagger delay...
[ServerRunner 1] Creating IntersectionServer after stagger delay...
[ServerRunner 2] Creating IntersectionServer after stagger delay...
[ServerRunner 5] Creating IntersectionServer after stagger delay...
[ServerRunner 6] Creating IntersectionServer after stagger delay...
[ServerRunner 4] Creating IntersectionServer after stagger delay...
[ServerRunner 3] Creating IntersectionServer after stagger delay...
[ServerRunner 0] Creating IntersectionServer after stagger delay...
[V2VProxy 0] *** STOPPING at intersection! ***
[V2VProxy 0] Distance=25.6739m, t=0.6
[V2VProxy 0] Vehicle STOPPED at intersection (distance=25.6739m)
[V2VProxy 0] triggerJoinViaJNI() called at t=0.6
[V2VProxy 0] Barrier: 8/8 runners ready
[V2VProxy 0] FAILED: Server Status = 'Initializing' (expected 'READY') at t=0.6
[V2VProxy 0] Failed to trigger JOIN, will retry...
[V2VProxy 1] *** STOPPING at intersection! ***
[V2VProxy 1] Distance=23.4088m, t=0.6
[V2VProxy 1] Vehicle STOPPED at intersection (distance=23.4088m)
[V2VProxy 1] triggerJoinViaJNI() called at t=0.6
[V2VProxy 1] FAILED: Server Status = 'Initializing' (expected 'READY') at t=0.6
[V2VProxy 1] Failed to trigger JOIN, will retry...
[V2VProxy 2] *** STOPPING at intersection! ***
[V2VProxy 2] Distance=47.5739m, t=0.6
[V2VProxy 2] Vehicle STOPPED at intersection (distance=47.5739m)
[V2VProxy 2] triggerJoinViaJNI() called at t=0.6
[V2VProxy 2] FAILED: Server Status = 'Initializing' (expected 'READY') at t=0.6
[V2VProxy 2] Failed to trigger JOIN, will retry...
[V2VProxy 3] Approaching! Distance=57.1602m at t=0.6
[V2VProxy 4] *** STOPPING at intersection! ***
[V2VProxy 4] Distance=47.4635m, t=0.6
[V2VProxy 4] Vehicle STOPPED at intersection (distance=47.4635m)
[V2VProxy 4] triggerJoinViaJNI() called at t=0.6
[V2VProxy 4] FAILED: Server Status = 'Initializing' (expected 'READY') at t=0.6
[V2VProxy 4] Failed to trigger JOIN, will retry...
[V2VProxy 6] *** STOPPING at intersection! ***
[V2VProxy 6] Distance=27.9953m, t=0.6
[V2VProxy 6] Vehicle STOPPED at intersection (distance=27.9953m)
[V2VProxy 6] triggerJoinViaJNI() called at t=0.6
[V2VProxy 6] FAILED: Server Status = 'Initializing' (expected 'READY') at t=0.6
[V2VProxy 6] Failed to trigger JOIN, will retry...
[V2VProxy 7] *** STOPPING at intersection! ***
[V2VProxy 7] Distance=26.6754m, t=0.6
[V2VProxy 7] Vehicle STOPPED at intersection (distance=26.6754m)
[V2VProxy 7] triggerJoinViaJNI() called at t=0.6
[V2VProxy 7] FAILED: Server Status = 'Initializing' (expected 'READY') at t=0.6
[V2VProxy 7] Failed to trigger JOIN, will retry...
[V2VProxy 0] *** STOPPING at intersection! ***
[V2VProxy 0] Distance=25.6739m, t=0.7
[V2VProxy 0] triggerJoinViaJNI() called at t=0.7
[V2VProxy 0] FAILED: Server Status = 'Initializing' (expected 'READY') at t=0.7
[V2VProxy 0] Failed to trigger JOIN, will retry...
[V2VProxy 1] *** STOPPING at intersection! ***
[V2VProxy 1] Distance=23.4088m, t=0.7
[V2VProxy 1] triggerJoinViaJNI() called at t=0.7
[V2VProxy 1] FAILED: Server Status = 'Initializing' (expected 'READY') at t=0.7
[V2VProxy 1] Failed to trigger JOIN, will retry...
[V2VProxy 2] *** STOPPING at intersection! ***
[V2VProxy 2] Distance=47.5739m, t=0.7
[V2VProxy 2] triggerJoinViaJNI() called at t=0.7
[V2VProxy 2] FAILED: Server Status = 'Initializing' (expected 'READY') at t=0.7
[V2VProxy 2] Failed to trigger JOIN, will retry...
[V2VProxy 4] *** STOPPING at intersection! ***
[V2VProxy 4] Distance=47.4635m, t=0.7
[V2VProxy 4] triggerJoinViaJNI() called at t=0.7
[V2VProxy 4] FAILED: Server Status = 'Initializing' (expected 'READY') at t=0.7
[V2VProxy 4] Failed to trigger JOIN, will retry...
[V2VProxy 6] *** STOPPING at intersection! ***
[V2VProxy 6] Distance=27.9953m, t=0.7
[V2VProxy 6] triggerJoinViaJNI() called at t=0.7
[V2VProxy 6] Barrier: 8/8 runners ready
[V2VProxy 6] FAILED: Server Status = 'Initializing' (expected 'READY') at t=0.7
[V2VProxy 6] Failed to trigger JOIN, will retry...
[V2VProxy 7] *** STOPPING at intersection! ***
[V2VProxy 7] Distance=26.6754m, t=0.7
[V2VProxy 7] triggerJoinViaJNI() called at t=0.7
[V2VProxy 7] FAILED: Server Status = 'Initializing' (expected 'READY') at t=0.7
[V2VProxy 7] Failed to trigger JOIN, will retry...
[V2VProxy 0] *** STOPPING at intersection! ***
[V2VProxy 0] Distance=26.8468m, t=0.8
[V2VProxy 0] triggerJoinViaJNI() called at t=0.8
[V2VProxy 0] FAILED: Server Status = 'Initializing' (expected 'READY') at t=0.8
[V2VProxy 0] Failed to trigger JOIN, will retry...
[V2VProxy 1] *** STOPPING at intersection! ***
[V2VProxy 1] Distance=23.4402m, t=0.8
[V2VProxy 1] triggerJoinViaJNI() called at t=0.8
[V2VProxy 1] FAILED: Server Status = 'Initializing' (expected 'READY') at t=0.8
[V2VProxy 1] Failed to trigger JOIN, will retry...
[V2VProxy 2] *** STOPPING at intersection! ***
[V2VProxy 2] Distance=45.4582m, t=0.8
[V2VProxy 2] triggerJoinViaJNI() called at t=0.8
[V2VProxy 2] FAILED: Server Status = 'Initializing' (expected 'READY') at t=0.8
[V2VProxy 2] Failed to trigger JOIN, will retry...
[V2VProxy 4] *** STOPPING at intersection! ***
[V2VProxy 4] Distance=46.0801m, t=0.8
[V2VProxy 4] triggerJoinViaJNI() called at t=0.8
[V2VProxy 4] FAILED: Server Status = 'Initializing' (expected 'READY') at t=0.8
[V2VProxy 4] Failed to trigger JOIN, will retry...
[V2VProxy 6] *** STOPPING at intersection! ***
[V2VProxy 6] Distance=28.5342m, t=0.8
[V2VProxy 6] triggerJoinViaJNI() called at t=0.8
[V2VProxy 6] FAILED: Server Status = 'Initializing' (expected 'READY') at t=0.8
[V2VProxy 6] Failed to trigger JOIN, will retry...
[V2VProxy 7] *** STOPPING at intersection! ***
[V2VProxy 7] Distance=26.6098m, t=0.8
[V2VProxy 7] triggerJoinViaJNI() called at t=0.8
[V2VProxy 7] FAILED: Server Status = 'Initializing' (expected 'READY') at t=0.8
[V2VProxy 7] Failed to trigger JOIN, will retry...
[V2VProxy 0] *** STOPPING at intersection! ***
[V2VProxy 0] Distance=26.8468m, t=0.9
[V2VProxy 0] triggerJoinViaJNI() called at t=0.9
[V2VProxy 0] FAILED: Server Status = 'Initializing' (expected 'READY') at t=0.9
[V2VProxy 0] Failed to trigger JOIN, will retry...
[V2VProxy 1] *** STOPPING at intersection! ***
[V2VProxy 1] Distance=23.4402m, t=0.9
[V2VProxy 1] triggerJoinViaJNI() called at t=0.9
[V2VProxy 1] FAILED: Server Status = 'Initializing' (expected 'READY') at t=0.9
[V2VProxy 1] Failed to trigger JOIN, will retry...
[V2VProxy 2] *** STOPPING at intersection! ***
[V2VProxy 2] Distance=45.4582m, t=0.9
[V2VProxy 2] triggerJoinViaJNI() called at t=0.9
[V2VProxy 2] Barrier: 8/8 runners ready
[V2VProxy 2] FAILED: Server Status = 'Initializing' (expected 'READY') at t=0.9
[V2VProxy 2] Failed to trigger JOIN, will retry...
[V2VProxy 4] *** STOPPING at intersection! ***
[V2VProxy 4] Distance=46.0801m, t=0.9
[V2VProxy 4] triggerJoinViaJNI() called at t=0.9
[V2VProxy 4] FAILED: Server Status = 'Initializing' (expected 'READY') at t=0.9
[V2VProxy 4] Failed to trigger JOIN, will retry...
[V2VProxy 6] *** STOPPING at intersection! ***
[V2VProxy 6] Distance=28.5342m, t=0.9
[V2VProxy 6] triggerJoinViaJNI() called at t=0.9
[V2VProxy 6] FAILED: Server Status = 'Initializing' (expected 'READY') at t=0.9
[V2VProxy 6] Failed to trigger JOIN, will retry...
[V2VProxy 7] *** STOPPING at intersection! ***
[V2VProxy 7] Distance=26.6098m, t=0.9
[V2VProxy 7] triggerJoinViaJNI() called at t=0.9
[V2VProxy 7] FAILED: Server Status = 'Initializing' (expected 'READY') at t=0.9
[V2VProxy 7] Failed to trigger JOIN, will retry...
[V2VProxy 0] *** STOPPING at intersection! ***
[V2VProxy 0] Distance=28.1105m, t=1
[V2VProxy 0] triggerJoinViaJNI() called at t=1
[V2VProxy 0] FAILED: Server Status = 'Initializing' (expected 'READY') at t=1
[V2VProxy 0] Failed to trigger JOIN, will retry...
[V2VProxy 1] *** STOPPING at intersection! ***
[V2VProxy 1] Distance=23.6184m, t=1
[V2VProxy 1] triggerJoinViaJNI() called at t=1
[V2VProxy 1] FAILED: Server Status = 'Initializing' (expected 'READY') at t=1
[V2VProxy 1] Failed to trigger JOIN, will retry...
[V2VProxy 2] *** STOPPING at intersection! ***
[V2VProxy 2] Distance=43.5351m, t=1
[V2VProxy 2] triggerJoinViaJNI() called at t=1
[V2VProxy 2] FAILED: Server Status = 'Initializing' (expected 'READY') at t=1
[V2VProxy 2] Failed to trigger JOIN, will retry...
[V2VProxy 4] *** STOPPING at intersection! ***
[V2VProxy 4] Distance=44.8646m, t=1
[V2VProxy 4] triggerJoinViaJNI() called at t=1
[V2VProxy 4] FAILED: Server Status = 'Initializing' (expected 'READY') at t=1
[V2VProxy 4] Failed to trigger JOIN, will retry...
[V2VProxy 6] *** STOPPING at intersection! ***
[V2VProxy 6] Distance=29.0779m, t=1
[V2VProxy 6] triggerJoinViaJNI() called at t=1
[V2VProxy 6] FAILED: Server Status = 'Initializing' (expected 'READY') at t=1
[V2VProxy 6] Failed to trigger JOIN, will retry...
[V2VProxy 7] *** STOPPING at intersection! ***
[V2VProxy 7] Distance=26.6028m, t=1
[V2VProxy 7] triggerJoinViaJNI() called at t=1
[V2VProxy 7] FAILED: Server Status = 'Initializing' (expected 'READY') at t=1
[V2VProxy 7] Failed to trigger JOIN, will retry...
[V2VProxy 0] *** STOPPING at intersection! ***
[V2VProxy 0] Distance=28.1105m, t=1.1
[V2VProxy 0] triggerJoinViaJNI() called at t=1.1
[V2VProxy 0] Barrier: 8/8 runners ready
[V2VProxy 0] FAILED: Server Status = 'Initializing' (expected 'READY') at t=1.1
[V2VProxy 0] Failed to trigger JOIN, will retry...
[V2VProxy 1] *** STOPPING at intersection! ***
[V2VProxy 1] Distance=23.6184m, t=1.1
[V2VProxy 1] triggerJoinViaJNI() called at t=1.1
[V2VProxy 1] FAILED: Server Status = 'Initializing' (expected 'READY') at t=1.1
[V2VProxy 1] Failed to trigger JOIN, will retry...
[V2VProxy 2] *** STOPPING at intersection! ***
[V2VProxy 2] Distance=43.5351m, t=1.1
[V2VProxy 2] triggerJoinViaJNI() called at t=1.1
[V2VProxy 2] FAILED: Server Status = 'Initializing' (expected 'READY') at t=1.1
[V2VProxy 2] Failed to trigger JOIN, will retry...
[V2VProxy 4] *** STOPPING at intersection! ***
[V2VProxy 4] Distance=44.8646m, t=1.1
[V2VProxy 4] triggerJoinViaJNI() called at t=1.1
[V2VProxy 4] FAILED: Server Status = 'Initializing' (expected 'READY') at t=1.1
[V2VProxy 4] Failed to trigger JOIN, will retry...
[V2VProxy 6] *** STOPPING at intersection! ***
[V2VProxy 6] Distance=29.0779m, t=1.1
[V2VProxy 6] triggerJoinViaJNI() called at t=1.1
[V2VProxy 6] FAILED: Server Status = 'Initializing' (expected 'READY') at t=1.1
[V2VProxy 6] Failed to trigger JOIN, will retry...
[V2VProxy 7] *** STOPPING at intersection! ***
[V2VProxy 7] Distance=26.6028m, t=1.1
[V2VProxy 7] triggerJoinViaJNI() called at t=1.1
[V2VProxy 7] FAILED: Server Status = 'Initializing' (expected 'READY') at t=1.1
[V2VProxy 7] Failed to trigger JOIN, will retry...
[V2VProxy 0] *** STOPPING at intersection! ***
[V2VProxy 0] Distance=29.4088m, t=1.2
[V2VProxy 0] triggerJoinViaJNI() called at t=1.2
[V2VProxy 0] FAILED: Server Status = 'Initializing' (expected 'READY') at t=1.2
[V2VProxy 0] Failed to trigger JOIN, will retry...
[V2VProxy 1] *** STOPPING at intersection! ***
[V2VProxy 1] Distance=23.8987m, t=1.2
[V2VProxy 1] triggerJoinViaJNI() called at t=1.2
[V2VProxy 1] FAILED: Server Status = 'Initializing' (expected 'READY') at t=1.2
[V2VProxy 1] Failed to trigger JOIN, will retry...
[V2VProxy 2] *** STOPPING at intersection! ***
[V2VProxy 2] Distance=41.8002m, t=1.2
[V2VProxy 2] triggerJoinViaJNI() called at t=1.2
[V2VProxy 2] FAILED: Server Status = 'Initializing' (expected 'READY') at t=1.2
[V2VProxy 2] Failed to trigger JOIN, will retry...
[V2VProxy 4] *** STOPPING at intersection! ***
[V2VProxy 4] Distance=43.8133m, t=1.2
[V2VProxy 4] triggerJoinViaJNI() called at t=1.2
[V2VProxy 4] FAILED: Server Status = 'Initializing' (expected 'READY') at t=1.2
[V2VProxy 4] Failed to trigger JOIN, will retry...
[V2VProxy 6] *** STOPPING at intersection! ***
[V2VProxy 6] Distance=29.6001m, t=1.2
[V2VProxy 6] triggerJoinViaJNI() called at t=1.2
[V2VProxy 6] Barrier: 8/8 runners ready
[V2VProxy 6] FAILED: Server Status = 'Initializing' (expected 'READY') at t=1.2
[V2VProxy 6] Failed to trigger JOIN, will retry...
[V2VProxy 7] *** STOPPING at intersection! ***
[V2VProxy 7] Distance=26.6321m, t=1.2
[V2VProxy 7] triggerJoinViaJNI() called at t=1.2
[V2VProxy 7] FAILED: Server Status = 'Initializing' (expected 'READY') at t=1.2
[V2VProxy 7] Failed to trigger JOIN, will retry...
[V2VProxy 0] *** STOPPING at intersection! ***
[V2VProxy 0] Distance=29.4088m, t=1.3
[V2VProxy 0] triggerJoinViaJNI() called at t=1.3
[V2VProxy 0] FAILED: Server Status = 'Initializing' (expected 'READY') at t=1.3
[V2VProxy 0] Failed to trigger JOIN, will retry...
[V2VProxy 1] *** STOPPING at intersection! ***
[V2VProxy 1] Distance=23.8987m, t=1.3
[V2VProxy 1] triggerJoinViaJNI() called at t=1.3
[V2VProxy 1] FAILED: Server Status = 'Initializing' (expected 'READY') at t=1.3
[V2VProxy 1] Failed to trigger JOIN, will retry...
[V2VProxy 2] *** STOPPING at intersection! ***
[V2VProxy 2] Distance=41.8002m, t=1.3
[V2VProxy 2] triggerJoinViaJNI() called at t=1.3
[V2VProxy 2] FAILED: Server Status = 'Initializing' (expected 'READY') at t=1.3
[V2VProxy 2] Failed to trigger JOIN, will retry...
[V2VProxy 4] *** STOPPING at intersection! ***
[V2VProxy 4] Distance=43.8133m, t=1.3
[V2VProxy 4] triggerJoinViaJNI() called at t=1.3
[V2VProxy 4] FAILED: Server Status = 'Initializing' (expected 'READY') at t=1.3
[V2VProxy 4] Failed to trigger JOIN, will retry...
[V2VProxy 6] *** STOPPING at intersection! ***
[V2VProxy 6] Distance=29.6001m, t=1.3
[V2VProxy 6] triggerJoinViaJNI() called at t=1.3
[V2VProxy 6] FAILED: Server Status = 'Initializing' (expected 'READY') at t=1.3
[V2VProxy 6] Failed to trigger JOIN, will retry...
[V2VProxy 7] *** STOPPING at intersection! ***
[V2VProxy 7] Distance=26.6321m, t=1.3
[V2VProxy 7] triggerJoinViaJNI() called at t=1.3
[V2VProxy 7] FAILED: Server Status = 'Initializing' (expected 'READY') at t=1.3
[V2VProxy 7] Failed to trigger JOIN, will retry...
[V2VProxy 0] *** STOPPING at intersection! ***
[V2VProxy 0] Distance=30.6982m, t=1.4
[V2VProxy 0] triggerJoinViaJNI() called at t=1.4
[V2VProxy 0] FAILED: Server Status = 'Initializing' (expected 'READY') at t=1.4
[V2VProxy 0] Failed to trigger JOIN, will retry...
[V2VProxy 1] *** STOPPING at intersection! ***
[V2VProxy 1] Distance=24.2409m, t=1.4
[V2VProxy 1] triggerJoinViaJNI() called at t=1.4
[V2VProxy 1] FAILED: Server Status = 'Initializing' (expected 'READY') at t=1.4
[V2VProxy 1] Failed to trigger JOIN, will retry...
[V2VProxy 2] *** STOPPING at intersection! ***
[V2VProxy 2] Distance=40.2479m, t=1.4
[V2VProxy 2] triggerJoinViaJNI() called at t=1.4
[V2VProxy 2] Barrier: 8/8 runners ready
[V2VProxy 2] FAILED: Server Status = 'Initializing' (expected 'READY') at t=1.4
[V2VProxy 2] Failed to trigger JOIN, will retry...
[V2VProxy 4] *** STOPPING at intersection! ***
[V2VProxy 4] Distance=42.9228m, t=1.4
[V2VProxy 4] triggerJoinViaJNI() called at t=1.4
[V2VProxy 4] FAILED: Server Status = 'Initializing' (expected 'READY') at t=1.4
[V2VProxy 4] Failed to trigger JOIN, will retry...
[V2VProxy 6] *** STOPPING at intersection! ***
[V2VProxy 6] Distance=30.0797m, t=1.4
[V2VProxy 6] triggerJoinViaJNI() called at t=1.4
[V2VProxy 6] FAILED: Server Status = 'Initializing' (expected 'READY') at t=1.4
[V2VProxy 6] Failed to trigger JOIN, will retry...
[V2VProxy 7] *** STOPPING at intersection! ***
[V2VProxy 7] Distance=26.6789m, t=1.4
[V2VProxy 7] triggerJoinViaJNI() called at t=1.4
[V2VProxy 7] FAILED: Server Status = 'Initializing' (expected 'READY') at t=1.4
[V2VProxy 7] Failed to trigger JOIN, will retry...
[Server 5] DEBUG: Constructor started.
[Server 6] DEBUG: Constructor started.
[Server 7] DEBUG: Constructor started.
[Server 3] DEBUG: Constructor started.
[Server 2] DEBUG: Constructor started.
[Server 4] DEBUG: Constructor started.
[Server 0] DEBUG: Constructor started.
[V2VProxy 0] *** STOPPING at intersection! ***
[V2VProxy 0] Distance=30.6982m, t=1.5
[V2VProxy 0] triggerJoinViaJNI() called at t=1.5
[V2VProxy 0] FAILED: Server Status = 'Initializing' (expected 'READY') at t=1.5
[V2VProxy 0] Failed to trigger JOIN, will retry...
[V2VProxy 1] *** STOPPING at intersection! ***
[V2VProxy 1] Distance=24.2409m, t=1.5
[V2VProxy 1] triggerJoinViaJNI() called at t=1.5
[V2VProxy 1] FAILED: Server Status = 'Initializing' (expected 'READY') at t=1.5
[V2VProxy 1] Failed to trigger JOIN, will retry...
[V2VProxy 2] *** STOPPING at intersection! ***
[V2VProxy 2] Distance=40.2479m, t=1.5
[V2VProxy 2] triggerJoinViaJNI() called at t=1.5
[V2VProxy 2] FAILED: Server Status = 'Initializing' (expected 'READY') at t=1.5
[V2VProxy 2] Failed to trigger JOIN, will retry...
[V2VProxy 4] *** STOPPING at intersection! ***
[V2VProxy 4] Distance=42.9228m, t=1.5
[V2VProxy 4] triggerJoinViaJNI() called at t=1.5
[V2VProxy 4] FAILED: Server Status = 'Initializing' (expected 'READY') at t=1.5
[V2VProxy 4] Failed to trigger JOIN, will retry...
[V2VProxy 6] *** STOPPING at intersection! ***
[V2VProxy 6] Distance=30.0797m, t=1.5
[V2VProxy 6] triggerJoinViaJNI() called at t=1.5
[V2VProxy 6] FAILED: Server Status = 'Initializing' (expected 'READY') at t=1.5
[V2VProxy 6] Failed to trigger JOIN, will retry...
[V2VProxy 7] *** STOPPING at intersection! ***
[V2VProxy 7] Distance=26.6789m, t=1.5
[V2VProxy 7] triggerJoinViaJNI() called at t=1.5
[V2VProxy 7] FAILED: Server Status = 'Initializing' (expected 'READY') at t=1.5
[V2VProxy 7] Failed to trigger JOIN, will retry...
[V2VProxy 0] *** STOPPING at intersection! ***
[V2VProxy 0] Distance=31.9449m, t=1.6
[V2VProxy 0] triggerJoinViaJNI() called at t=1.6
[V2VProxy 0] Barrier: 8/8 runners ready
[V2VProxy 0] FAILED: Server Status = 'Initializing' (expected 'READY') at t=1.6
[V2VProxy 0] Failed to trigger JOIN, will retry...
[V2VProxy 1] *** STOPPING at intersection! ***
[V2VProxy 1] Distance=24.6101m, t=1.6
[V2VProxy 1] triggerJoinViaJNI() called at t=1.6
[V2VProxy 1] FAILED: Server Status = 'Initializing' (expected 'READY') at t=1.6
[V2VProxy 1] Failed to trigger JOIN, will retry...
[V2VProxy 2] *** STOPPING at intersection! ***
[V2VProxy 2] Distance=38.8719m, t=1.6
[V2VProxy 2] triggerJoinViaJNI() called at t=1.6
[V2VProxy 2] FAILED: Server Status = 'Initializing' (expected 'READY') at t=1.6
[V2VProxy 2] Failed to trigger JOIN, will retry...
[V2VProxy 3] *** STOPPING at intersection! ***
[V2VProxy 3] Distance=48.7457m, t=1.6
[V2VProxy 3] Vehicle STOPPED at intersection (distance=48.7457m)
[V2VProxy 3] triggerJoinViaJNI() called at t=1.6
[V2VProxy 3] FAILED: Server Status = 'Initializing' (expected 'READY') at t=1.6
[V2VProxy 3] Failed to trigger JOIN, will retry...
[V2VProxy 4] *** STOPPING at intersection! ***
[V2VProxy 4] Distance=42.1897m, t=1.6
[V2VProxy 4] triggerJoinViaJNI() called at t=1.6
[V2VProxy 4] FAILED: Server Status = 'Initializing' (expected 'READY') at t=1.6
[V2VProxy 4] Failed to trigger JOIN, will retry...
[V2VProxy 6] *** STOPPING at intersection! ***
[V2VProxy 6] Distance=30.5m, t=1.6
[V2VProxy 6] triggerJoinViaJNI() called at t=1.6
[V2VProxy 6] FAILED: Server Status = 'Initializing' (expected 'READY') at t=1.6
[V2VProxy 6] Failed to trigger JOIN, will retry...
[V2VProxy 7] *** STOPPING at intersection! ***
[V2VProxy 7] Distance=26.7281m, t=1.6
[V2VProxy 7] triggerJoinViaJNI() called at t=1.6
[V2VProxy 7] FAILED: Server Status = 'Initializing' (expected 'READY') at t=1.6
[V2VProxy 7] Failed to trigger JOIN, will retry...
[Server 1] DEBUG: Constructor started.
[V2VProxy 0] *** STOPPING at intersection! ***
[V2VProxy 0] Distance=31.9449m, t=1.7
[V2VProxy 0] triggerJoinViaJNI() called at t=1.7
[V2VProxy 0] FAILED: Server Status = 'Initializing' (expected 'READY') at t=1.7
[V2VProxy 0] Failed to trigger JOIN, will retry...
[V2VProxy 1] *** STOPPING at intersection! ***
[V2VProxy 1] Distance=24.6101m, t=1.7
[V2VProxy 1] triggerJoinViaJNI() called at t=1.7
[V2VProxy 1] FAILED: Server Status = 'Initializing' (expected 'READY') at t=1.7
[V2VProxy 1] Failed to trigger JOIN, will retry...
[V2VProxy 2] *** STOPPING at intersection! ***
[V2VProxy 2] Distance=38.8719m, t=1.7
[V2VProxy 2] triggerJoinViaJNI() called at t=1.7
[V2VProxy 2] FAILED: Server Status = 'Initializing' (expected 'READY') at t=1.7
[V2VProxy 2] Failed to trigger JOIN, will retry...
[V2VProxy 3] *** STOPPING at intersection! ***
[V2VProxy 3] Distance=48.7457m, t=1.7
[V2VProxy 3] triggerJoinViaJNI() called at t=1.7
[V2VProxy 3] Barrier: 8/8 runners ready
[V2VProxy 3] FAILED: Server Status = 'Initializing' (expected 'READY') at t=1.7
[V2VProxy 3] Failed to trigger JOIN, will retry...
[V2VProxy 4] *** STOPPING at intersection! ***
[V2VProxy 4] Distance=42.1897m, t=1.7
[V2VProxy 4] triggerJoinViaJNI() called at t=1.7
[V2VProxy 4] FAILED: Server Status = 'Initializing' (expected 'READY') at t=1.7
[V2VProxy 4] Failed to trigger JOIN, will retry...
[V2VProxy 6] *** STOPPING at intersection! ***
[V2VProxy 6] Distance=30.5m, t=1.7
[V2VProxy 6] triggerJoinViaJNI() called at t=1.7
[V2VProxy 6] FAILED: Server Status = 'Initializing' (expected 'READY') at t=1.7
[V2VProxy 6] Failed to trigger JOIN, will retry...
[V2VProxy 7] *** STOPPING at intersection! ***
[V2VProxy 7] Distance=26.7281m, t=1.7
[V2VProxy 7] triggerJoinViaJNI() called at t=1.7
[V2VProxy 7] FAILED: Server Status = 'Initializing' (expected 'READY') at t=1.7
[V2VProxy 7] Failed to trigger JOIN, will retry...
[Server 3] DEBUG: Bouncy Castle Provider registered.
[Server 4] DEBUG: Bouncy Castle Provider registered.
==================================================
[Server 2] DEBUG: Bouncy Castle Provider registered.
==================================================
[DEBUG] JVM Working Directory: /home/yash/omnetpp/fourway
[DEBUG] LOOK HERE FOR CONFIG: /home/yash/omnetpp/fourway/config
==================================================
[Server 0] DEBUG: Bouncy Castle Provider registered.
==================================================
[DEBUG] JVM Working Directory: /home/yash/omnetpp/fourway
[DEBUG] LOOK HERE FOR CONFIG: /home/yash/omnetpp/fourway/config
==================================================
[Server 6] DEBUG: Bouncy Castle Provider registered.
[Server 0] Intersection Physics: width=15.0m, avgSpeed=14.0m/s, safetyGap=1.5s
[Server 2] Intersection Physics: width=15.0m, avgSpeed=14.0m/s, safetyGap=1.5s
[Server 2] DEBUG: About to create ServiceReplica (This might block)...
[Server 2] DEBUG: Thread = Thread-2
[Server 5] DEBUG: Bouncy Castle Provider registered.
==================================================
[DEBUG] JVM Working Directory: /home/yash/omnetpp/fourway
[DEBUG] LOOK HERE FOR CONFIG: /home/yash/omnetpp/fourway/config
==================================================
[Server 1] DEBUG: Bouncy Castle Provider registered.
==================================================
[DEBUG] JVM Working Directory: /home/yash/omnetpp/fourway
[DEBUG] LOOK HERE FOR CONFIG: /home/yash/omnetpp/fourway/config
==================================================
[DEBUG] JVM Working Directory: /home/yash/omnetpp/fourway
[DEBUG] LOOK HERE FOR CONFIG: /home/yash/omnetpp/fourway/config
==================================================
[Server 7] DEBUG: Bouncy Castle Provider registered.
==================================================
[DEBUG] JVM Working Directory: /home/yash/omnetpp/fourway
[DEBUG] LOOK HERE FOR CONFIG: /home/yash/omnetpp/fourway/config
==================================================
==================================================
[DEBUG] JVM Working Directory: /home/yash/omnetpp/fourway
[DEBUG] LOOK HERE FOR CONFIG: /home/yash/omnetpp/fourway/config
==================================================
[Server 7] Intersection Physics: width=15.0m, avgSpeed=14.0m/s, safetyGap=1.5s
[Server 7] DEBUG: About to create ServiceReplica (This might block)...
[Server 7] DEBUG: Thread = Thread-7
[Server 7] DEBUG: Current time = 1769572877939
[Server 7] DEBUG: Calling new ServiceReplica(7, ...)
[Server 4] Intersection Physics: width=15.0m, avgSpeed=14.0m/s, safetyGap=1.5s
[Server 4] DEBUG: About to create ServiceReplica (This might block)...
[Server 4] DEBUG: Thread = Thread-4
[Server 4] DEBUG: Current time = 1769572877940
[Server 4] DEBUG: Calling new ServiceReplica(4, ...)
[Server 1] Intersection Physics: width=15.0m, avgSpeed=14.0m/s, safetyGap=1.5s
[Server 1] DEBUG: About to create ServiceReplica (This might block)...
[Server 1] DEBUG: Thread = Thread-1
[Server 1] DEBUG: Current time = 1769572877940
[Server 1] DEBUG: Calling new ServiceReplica(1, ...)
[Server 5] Intersection Physics: width=15.0m, avgSpeed=14.0m/s, safetyGap=1.5s
[Server 5] DEBUG: About to create ServiceReplica (This might block)...
[Server 2] DEBUG: Current time = 1769572877938
[Server 2] DEBUG: Calling new ServiceReplica(2, ...)
[Server 0] DEBUG: About to create ServiceReplica (This might block)...
[Server 0] DEBUG: Thread = Thread-0
==================================================
[DEBUG] JVM Working Directory: /home/yash/omnetpp/fourway
[DEBUG] LOOK HERE FOR CONFIG: /home/yash/omnetpp/fourway/config
==================================================
[Server 0] DEBUG: Current time = 1769572877940
[Server 0] DEBUG: Calling new ServiceReplica(0, ...)
[Server 5] DEBUG: Thread = Thread-5
[Server 5] DEBUG: Current time = 1769572877941
[Server 5] DEBUG: Calling new ServiceReplica(5, ...)
[Server 3] Intersection Physics: width=15.0m, avgSpeed=14.0m/s, safetyGap=1.5s
[Server 3] DEBUG: About to create ServiceReplica (This might block)...
[Server 6] Intersection Physics: width=15.0m, avgSpeed=14.0m/s, safetyGap=1.5s
[Server 6] DEBUG: About to create ServiceReplica (This might block)...
[Server 6] DEBUG: Thread = Thread-6
[Server 6] DEBUG: Current time = 1769572877944
[Server 6] DEBUG: Calling new ServiceReplica(6, ...)
[Server 3] DEBUG: Thread = Thread-3
[Server 3] DEBUG: Current time = 1769572877944
[Server 3] DEBUG: Calling new ServiceReplica(3, ...)
[V2VProxy 0] *** STOPPING at intersection! ***
[V2VProxy 0] Distance=33.1232m, t=1.8
[V2VProxy 0] triggerJoinViaJNI() called at t=1.8
[V2VProxy 0] FAILED: Server Status = 'Initializing' (expected 'READY') at t=1.8
[V2VProxy 0] Failed to trigger JOIN, will retry...
[V2VProxy 1] *** STOPPING at intersection! ***
[V2VProxy 1] Distance=24.9771m, t=1.8
[V2VProxy 1] triggerJoinViaJNI() called at t=1.8
[V2VProxy 1] FAILED: Server Status = 'Initializing' (expected 'READY') at t=1.8
[V2VProxy 1] Failed to trigger JOIN, will retry...
[V2VProxy 2] *** STOPPING at intersection! ***
[V2VProxy 2] Distance=37.6648m, t=1.8
[V2VProxy 2] triggerJoinViaJNI() called at t=1.8
[V2VProxy 2] FAILED: Server Status = 'Initializing' (expected 'READY') at t=1.8
[V2VProxy 2] Failed to trigger JOIN, will retry...
[V2VProxy 3] *** STOPPING at intersection! ***
[V2VProxy 3] Distance=47.4865m, t=1.8
[V2VProxy 3] triggerJoinViaJNI() called at t=1.8
[V2VProxy 3] FAILED: Server Status = 'Initializing' (expected 'READY') at t=1.8
[V2VProxy 3] Failed to trigger JOIN, will retry...
[V2VProxy 4] *** STOPPING at intersection! ***
[V2VProxy 4] Distance=41.6109m, t=1.8
[V2VProxy 4] triggerJoinViaJNI() called at t=1.8
[V2VProxy 4] FAILED: Server Status = 'Initializing' (expected 'READY') at t=1.8
[V2VProxy 4] Failed to trigger JOIN, will retry...
[V2VProxy 6] *** STOPPING at intersection! ***
[V2VProxy 6] Distance=30.848m, t=1.8
[V2VProxy 6] triggerJoinViaJNI() called at t=1.8
[V2VProxy 6] FAILED: Server Status = 'Initializing' (expected 'READY') at t=1.8
[V2VProxy 6] Failed to trigger JOIN, will retry...
[V2VProxy 7] *** STOPPING at intersection! ***
[V2VProxy 7] Distance=26.7683m, t=1.8
[V2VProxy 7] triggerJoinViaJNI() called at t=1.8
[V2VProxy 7] Barrier: 8/8 runners ready
[V2VProxy 7] FAILED: Server Status = 'Initializing' (expected 'READY') at t=1.8
[V2VProxy 7] Failed to trigger JOIN, will retry...
20:01:17.975 [Thread-5] INFO bftsmart.reconfiguration.ServerViewController - Creating current view from configuration file
20:01:17.975 [Thread-0] INFO bftsmart.reconfiguration.ServerViewController - Creating current view from configuration file
20:01:17.975 [Thread-6] INFO bftsmart.reconfiguration.ServerViewController - Creating current view from configuration file
20:01:17.975 [Thread-2] INFO bftsmart.reconfiguration.ServerViewController - Creating current view from configuration file
20:01:17.975 [Thread-1] INFO bftsmart.reconfiguration.ServerViewController - Creating current view from configuration file
20:01:17.975 [Thread-4] INFO bftsmart.reconfiguration.ServerViewController - Creating current view from configuration file
20:01:17.975 [Thread-7] INFO bftsmart.reconfiguration.ServerViewController - Creating current view from configuration file
20:01:17.975 [Thread-3] INFO bftsmart.reconfiguration.ServerViewController - Creating current view from configuration file
20:01:18.013 [Thread-1] INFO bftsmart.communication.ServerCommunicationSystem - Using V2V communication layer on port 12001
20:01:18.013 [Thread-0] INFO bftsmart.communication.ServerCommunicationSystem - Using V2V communication layer on port 12000
20:01:18.013 [Thread-6] INFO bftsmart.communication.ServerCommunicationSystem - Using V2V communication layer on port 12006
20:01:18.013 [Thread-3] INFO bftsmart.communication.ServerCommunicationSystem - Using V2V communication layer on port 12003
20:01:18.013 [Thread-7] INFO bftsmart.communication.ServerCommunicationSystem - Using V2V communication layer on port 12007
20:01:18.013 [Thread-5] INFO bftsmart.communication.ServerCommunicationSystem - Using V2V communication layer on port 12005
20:01:18.013 [Thread-2] INFO bftsmart.communication.ServerCommunicationSystem - Using V2V communication layer on port 12002
20:01:18.013 [Thread-4] INFO bftsmart.communication.ServerCommunicationSystem - Using V2V communication layer on port 12004
[Reliability 0] Automatic retransmissions DISABLED - using piggybacked ACKs only
==============================================
[V2V Layer 0] INITIALIZING CONNECTIONS
    My ID: 0
    All replicas: [0, 1, 2, 3, 4, 5, 6, 7]
[V2V Layer 0] DEBUG: About to create V2VNativeBridge callback...
[Reliability 1] Automatic retransmissions DISABLED - using piggybacked ACKs only
==============================================
[V2V Layer 1] INITIALIZING CONNECTIONS
    My ID: 1
    All replicas: [0, 1, 2, 3, 4, 5, 6, 7]
[V2V Layer 1] DEBUG: About to create V2VNativeBridge callback...
[Reliability 5] Automatic retransmissions DISABLED - using piggybacked ACKs only
==============================================
[V2V Layer 5] INITIALIZING CONNECTIONS
    My ID: 5
[V2V Layer 1] DEBUG: Callback created, creating V2VNativeBridge...
    All replicas: [0, 1, 2, 3, 4, 5, 6, 7]
[V2V Layer 0] DEBUG: Callback created, creating V2VNativeBridge...
V2VNativeBridge0: Created, initializing immediately...
[JNI] nativeInit called for replica 0
[DEBUG V2VProxy 0] registerJavaCallback called
[DEBUG V2VProxy 0] Java callback registered successfully
[JNI] Successfully initialized V2V bridge for replica 0
[V2V Layer 5] DEBUG: About to create V2VNativeBridge callback...
[Reliability 4] Automatic retransmissions DISABLED - using piggybacked ACKs only
==============================================
[V2V Layer 4] INITIALIZING CONNECTIONS
    My ID: 4
V2VNativeBridge1: Created, initializing immediately...
[JNI] nativeInit called for replica 1
[DEBUG V2VProxy 1] registerJavaCallback called
[DEBUG V2VProxy 1] Java callback registered successfully
[JNI] Successfully initialized V2V bridge for replica 1
    All replicas: [0, 1, 2, 3, 4, 5, 6, 7]
[V2V Layer 4] DEBUG: About to create V2VNativeBridge callback...
[V2V Layer 5] DEBUG: Callback created, creating V2VNativeBridge...
V2VNativeBridge5: Created, initializing immediately...
[JNI] nativeInit called for replica 5
[DEBUG V2VProxy 5] registerJavaCallback called
[DEBUG V2VProxy 5] Java callback registered successfully
[JNI] Successfully initialized V2V bridge for replica 5
V2VNativeBridge0: Initialized successfully, callback registered
[Reliability 7] Automatic retransmissions DISABLED - using piggybacked ACKs only
==============================================
[V2V Layer 7] INITIALIZING CONNECTIONS
V2VNativeBridge5: Initialized successfully, callback registered
[V2V Layer 5] DEBUG: Bridge created and callback registered!
[V2V Layer 5] DEBUG: Waiting 500ms for all peers to register callbacks...
[V2V Layer 4] DEBUG: Callback created, creating V2VNativeBridge...
[Reliability 3] Automatic retransmissions DISABLED - using piggybacked ACKs only
==============================================
V2VNativeBridge1: Initialized successfully, callback registered
[V2V Layer 1] DEBUG: Bridge created and callback registered!
[V2V Layer 3] INITIALIZING CONNECTIONS
    My ID: 3
V2VNativeBridge4: Created, initializing immediately...
[JNI] nativeInit called for replica 4
[DEBUG V2VProxy 4] registerJavaCallback called
[DEBUG V2VProxy 4] Java callback registered successfully
[JNI] Successfully initialized V2V bridge for replica 4
    My ID: 7
    All replicas: [0, 1, 2, 3, 4, 5, 6, 7]
[V2V Layer 7] DEBUG: About to create V2VNativeBridge callback...
[V2V Layer 7] DEBUG: Callback created, creating V2VNativeBridge...
[V2V Layer 0] DEBUG: Bridge created and callback registered!
[V2V Layer 0] DEBUG: Waiting 500ms for all peers to register callbacks...
V2VNativeBridge7: Created, initializing immediately...
[JNI] nativeInit called for replica 7
[DEBUG V2VProxy 7] registerJavaCallback called
[DEBUG V2VProxy 7] Java callback registered successfully
[JNI] Successfully initialized V2V bridge for replica 7
V2VNativeBridge7: Initialized successfully, callback registered
[V2V Layer 7] DEBUG: Bridge created and callback registered!
[V2V Layer 7] DEBUG: Waiting 500ms for all peers to register callbacks...
V2VNativeBridge4: Initialized successfully, callback registered
[Reliability 6] Automatic retransmissions DISABLED - using piggybacked ACKs only
==============================================
[V2V Layer 6] INITIALIZING CONNECTIONS
    My ID: 6
[Reliability 2] Automatic retransmissions DISABLED - using piggybacked ACKs only
==============================================
    All replicas: [0, 1, 2, 3, 4, 5, 6, 7]
[V2V Layer 3] DEBUG: About to create V2VNativeBridge callback...
[V2V Layer 1] DEBUG: Waiting 500ms for all peers to register callbacks...
[V2V Layer 3] DEBUG: Callback created, creating V2VNativeBridge...
V2VNativeBridge3: Created, initializing immediately...
[JNI] nativeInit called for replica 3
[DEBUG V2VProxy 3] registerJavaCallback called
[V2V Layer 2] INITIALIZING CONNECTIONS[DEBUG V2VProxy 3] Java callback registered successfully
[JNI] Successfully initialized V2V bridge for replica 3

    My ID: 2
    All replicas: [0, 1, 2, 3, 4, 5, 6, 7]
[V2V Layer 2] DEBUG: About to create V2VNativeBridge callback...
[V2V Layer 2] DEBUG: Callback created, creating V2VNativeBridge...
    All replicas: [0, 1, 2, 3, 4, 5, 6, 7]
[V2V Layer 6] DEBUG: About to create V2VNativeBridge callback...
[V2V Layer 6] DEBUG: Callback created, creating V2VNativeBridge...
V2VNativeBridge6: Created, initializing immediately...
[JNI] nativeInit called for replica 6
[DEBUG V2VProxy 6] registerJavaCallback called
[V2V Layer 4] DEBUG: Bridge created and callback registered![DEBUG V2VProxy 6] Java callback registered successfully
[JNI] Successfully initialized V2V bridge for replica 6

V2VNativeBridge6: Initialized successfully, callback registered
[V2V Layer 6] DEBUG: Bridge created and callback registered!
[V2V Layer 6] DEBUG: Waiting 500ms for all peers to register callbacks...
[V2V Layer 4] DEBUG: Waiting 500ms for all peers to register callbacks...
V2VNativeBridge2: Created, initializing immediately...
[JNI] nativeInit called for replica 2
[DEBUG V2VProxy 2] registerJavaCallback called
[DEBUG V2VProxy 2] Java callback registered successfully
[JNI] Successfully initialized V2V bridge for replica 2
V2VNativeBridge2: Initialized successfully, callback registered
[V2V Layer 2] DEBUG: Bridge created and callback registered!
[V2V Layer 2] DEBUG: Waiting 500ms for all peers to register callbacks...
V2VNativeBridge3: Initialized successfully, callback registered
[V2V Layer 3] DEBUG: Bridge created and callback registered!
[V2V Layer 3] DEBUG: Waiting 500ms for all peers to register callbacks...
[V2VProxy 0] *** STOPPING at intersection! ***
[V2VProxy 0] Distance=33.1232m, t=1.9
[V2VProxy 0] triggerJoinViaJNI() called at t=1.9
[V2VProxy 0] FAILED: Server Status = 'Initializing' (expected 'READY') at t=1.9
[V2VProxy 0] Failed to trigger JOIN, will retry...
[V2VProxy 1] *** STOPPING at intersection! ***
[V2VProxy 1] Distance=24.9771m, t=1.9
[V2VProxy 1] triggerJoinViaJNI() called at t=1.9
[V2VProxy 1] FAILED: Server Status = 'Initializing' (expected 'READY') at t=1.9
[V2VProxy 1] Failed to trigger JOIN, will retry...
[V2VProxy 2] *** STOPPING at intersection! ***
[V2VProxy 2] Distance=37.6648m, t=1.9
[V2VProxy 2] triggerJoinViaJNI() called at t=1.9
[V2VProxy 2] FAILED: Server Status = 'Initializing' (expected 'READY') at t=1.9
[V2VProxy 2] Failed to trigger JOIN, will retry...
[V2VProxy 3] *** STOPPING at intersection! ***
[V2VProxy 3] Distance=47.4865m, t=1.9
[V2VProxy 3] triggerJoinViaJNI() called at t=1.9
[V2VProxy 3] FAILED: Server Status = 'Initializing' (expected 'READY') at t=1.9
[V2VProxy 3] Failed to trigger JOIN, will retry...
[V2VProxy 4] *** STOPPING at intersection! ***
[V2VProxy 4] Distance=41.6109m, t=1.9
[V2VProxy 4] triggerJoinViaJNI() called at t=1.9
[V2VProxy 4] FAILED: Server Status = 'Initializing' (expected 'READY') at t=1.9
[V2VProxy 4] Failed to trigger JOIN, will retry...
[V2VProxy 6] *** STOPPING at intersection! ***
[V2VProxy 6] Distance=30.848m, t=1.9
[V2VProxy 6] triggerJoinViaJNI() called at t=1.9
[V2VProxy 6] FAILED: Server Status = 'Initializing' (expected 'READY') at t=1.9
[V2VProxy 6] Failed to trigger JOIN, will retry...
[V2VProxy 7] *** STOPPING at intersection! ***
[V2VProxy 7] Distance=26.7683m, t=1.9
[V2VProxy 7] triggerJoinViaJNI() called at t=1.9
[V2VProxy 7] FAILED: Server Status = 'Initializing' (expected 'READY') at t=1.9
[V2VProxy 7] Failed to trigger JOIN, will retry...
[V2VProxy 0] *** STOPPING at intersection! ***
[V2VProxy 0] Distance=34.2134m, t=2
[V2VProxy 0] triggerJoinViaJNI() called at t=2
[V2VProxy 0] FAILED: Server Status = 'Initializing' (expected 'READY') at t=2
[V2VProxy 0] Failed to trigger JOIN, will retry...
[V2VProxy 1] *** STOPPING at intersection! ***
[V2VProxy 1] Distance=25.3183m, t=2
[V2VProxy 1] triggerJoinViaJNI() called at t=2
[V2VProxy 1] FAILED: Server Status = 'Initializing' (expected 'READY') at t=2
[V2VProxy 1] Failed to trigger JOIN, will retry...
[V2VProxy 2] *** STOPPING at intersection! ***
[V2VProxy 2] Distance=36.6185m, t=2
[V2VProxy 2] triggerJoinViaJNI() called at t=2
[V2VProxy 2] Barrier: 8/8 runners ready
[V2VProxy 2] FAILED: Server Status = 'Initializing' (expected 'READY') at t=2
[V2VProxy 2] Failed to trigger JOIN, will retry...
[V2VProxy 3] *** STOPPING at intersection! ***
[V2VProxy 3] Distance=46.3898m, t=2
[V2VProxy 3] triggerJoinViaJNI() called at t=2
[V2VProxy 3] FAILED: Server Status = 'Initializing' (expected 'READY') at t=2
[V2VProxy 3] Failed to trigger JOIN, will retry...
[V2VProxy 4] *** STOPPING at intersection! ***
[V2VProxy 4] Distance=41.1838m, t=2
[V2VProxy 4] triggerJoinViaJNI() called at t=2
[V2VProxy 4] FAILED: Server Status = 'Initializing' (expected 'READY') at t=2
[V2VProxy 4] Failed to trigger JOIN, will retry...
[V2VProxy 6] *** STOPPING at intersection! ***
[V2VProxy 6] Distance=31.114m, t=2
[V2VProxy 6] triggerJoinViaJNI() called at t=2
[V2VProxy 6] FAILED: Server Status = 'Initializing' (expected 'READY') at t=2
[V2VProxy 6] Failed to trigger JOIN, will retry...
[V2VProxy 7] *** STOPPING at intersection! ***
[V2VProxy 7] Distance=26.7919m, t=2
[V2VProxy 7] triggerJoinViaJNI() called at t=2
[V2VProxy 7] FAILED: Server Status = 'Initializing' (expected 'READY') at t=2
[V2VProxy 7] Failed to trigger JOIN, will retry...
[V2VProxy 0] *** STOPPING at intersection! ***
[V2VProxy 0] Distance=34.2134m, t=2.1
[V2VProxy 0] triggerJoinViaJNI() called at t=2.1
[V2VProxy 0] FAILED: Server Status = 'Initializing' (expected 'READY') at t=2.1
[V2VProxy 0] Failed to trigger JOIN, will retry...
[V2VProxy 1] *** STOPPING at intersection! ***
[V2VProxy 1] Distance=25.3183m, t=2.1
[V2VProxy 1] triggerJoinViaJNI() called at t=2.1
[V2VProxy 1] FAILED: Server Status = 'Initializing' (expected 'READY') at t=2.1
[V2VProxy 1] Failed to trigger JOIN, will retry...
[V2VProxy 2] *** STOPPING at intersection! ***
[V2VProxy 2] Distance=36.6185m, t=2.1
[V2VProxy 2] triggerJoinViaJNI() called at t=2.1
[V2VProxy 2] FAILED: Server Status = 'Initializing' (expected 'READY') at t=2.1
[V2VProxy 2] Failed to trigger JOIN, will retry...
[V2VProxy 3] *** STOPPING at intersection! ***
[V2VProxy 3] Distance=46.3898m, t=2.1
[V2VProxy 3] triggerJoinViaJNI() called at t=2.1
[V2VProxy 3] FAILED: Server Status = 'Initializing' (expected 'READY') at t=2.1
[V2VProxy 3] Failed to trigger JOIN, will retry...
[V2VProxy 4] *** STOPPING at intersection! ***
[V2VProxy 4] Distance=41.1838m, t=2.1
[V2VProxy 4] triggerJoinViaJNI() called at t=2.1
[V2VProxy 4] FAILED: Server Status = 'Initializing' (expected 'READY') at t=2.1
[V2VProxy 4] Failed to trigger JOIN, will retry...
[V2VProxy 6] *** STOPPING at intersection! ***
[V2VProxy 6] Distance=31.114m, t=2.1
[V2VProxy 6] triggerJoinViaJNI() called at t=2.1
[V2VProxy 6] Barrier: 8/8 runners ready
[V2VProxy 6] FAILED: Server Status = 'Initializing' (expected 'READY') at t=2.1
[V2VProxy 6] Failed to trigger JOIN, will retry...
[V2VProxy 7] *** STOPPING at intersection! ***
[V2VProxy 7] Distance=26.7919m, t=2.1
[V2VProxy 7] triggerJoinViaJNI() called at t=2.1
[V2VProxy 7] FAILED: Server Status = 'Initializing' (expected 'READY') at t=2.1
[V2VProxy 7] Failed to trigger JOIN, will retry...
[V2VProxy 0] *** STOPPING at intersection! ***
[V2VProxy 0] Distance=35.2004m, t=2.2
[V2VProxy 0] triggerJoinViaJNI() called at t=2.2
[V2VProxy 0] FAILED: Server Status = 'Initializing' (expected 'READY') at t=2.2
[V2VProxy 0] Failed to trigger JOIN, will retry...
[V2VProxy 1] *** STOPPING at intersection! ***
[V2VProxy 1] Distance=25.6151m, t=2.2
[V2VProxy 1] triggerJoinViaJNI() called at t=2.2
[V2VProxy 1] FAILED: Server Status = 'Initializing' (expected 'READY') at t=2.2
[V2VProxy 1] Failed to trigger JOIN, will retry...
[V2VProxy 2] *** STOPPING at intersection! ***
[V2VProxy 2] Distance=35.7246m, t=2.2
[V2VProxy 2] triggerJoinViaJNI() called at t=2.2
[V2VProxy 2] FAILED: Server Status = 'Initializing' (expected 'READY') at t=2.2
[V2VProxy 2] Failed to trigger JOIN, will retry...
[V2VProxy 3] *** STOPPING at intersection! ***
[V2VProxy 3] Distance=45.4514m, t=2.2
[V2VProxy 3] triggerJoinViaJNI() called at t=2.2
[V2VProxy 3] FAILED: Server Status = 'Initializing' (expected 'READY') at t=2.2
[V2VProxy 3] Failed to trigger JOIN, will retry...
[V2VProxy 4] *** STOPPING at intersection! ***
[V2VProxy 4] Distance=40.9064m, t=2.2
[V2VProxy 4] triggerJoinViaJNI() called at t=2.2
[V2VProxy 4] FAILED: Server Status = 'Initializing' (expected 'READY') at t=2.2
[V2VProxy 4] Failed to trigger JOIN, will retry...
[V2VProxy 5] *** STOPPING at intersection! ***
[V2VProxy 5] Distance=49.9233m, t=2.2
[V2VProxy 5] Vehicle STOPPED at intersection (distance=49.9233m)
[V2VProxy 5] triggerJoinViaJNI() called at t=2.2
[V2VProxy 5] FAILED: Server Status = 'Initializing' (expected 'READY') at t=2.2
[V2VProxy 5] Failed to trigger JOIN, will retry...
[V2VProxy 6] *** STOPPING at intersection! ***
[V2VProxy 6] Distance=31.2912m, t=2.2
[V2VProxy 6] triggerJoinViaJNI() called at t=2.2
[V2VProxy 6] FAILED: Server Status = 'Initializing' (expected 'READY') at t=2.2
[V2VProxy 6] Failed to trigger JOIN, will retry...
[V2VProxy 7] *** STOPPING at intersection! ***
[V2VProxy 7] Distance=26.7947m, t=2.2
[V2VProxy 7] triggerJoinViaJNI() called at t=2.2
[V2VProxy 7] FAILED: Server Status = 'Initializing' (expected 'READY') at t=2.2
[V2VProxy 7] Failed to trigger JOIN, will retry...
[V2VProxy 0] *** STOPPING at intersection! ***
[V2VProxy 0] Distance=35.2004m, t=2.3
[V2VProxy 0] triggerJoinViaJNI() called at t=2.3
[V2VProxy 0] Barrier: 8/8 runners ready
[V2VProxy 0] FAILED: Server Status = 'Initializing' (expected 'READY') at t=2.3
[V2VProxy 0] Failed to trigger JOIN, will retry...
[V2VProxy 1] *** STOPPING at intersection! ***
[V2VProxy 1] Distance=25.6151m, t=2.3
[V2VProxy 1] triggerJoinViaJNI() called at t=2.3
[V2VProxy 1] FAILED: Server Status = 'Initializing' (expected 'READY') at t=2.3
[V2VProxy 1] Failed to trigger JOIN, will retry...
[V2VProxy 2] *** STOPPING at intersection! ***
[V2VProxy 2] Distance=35.7246m, t=2.3
[V2VProxy 2] triggerJoinViaJNI() called at t=2.3
[V2VProxy 2] FAILED: Server Status = 'Initializing' (expected 'READY') at t=2.3
[V2VProxy 2] Failed to trigger JOIN, will retry...
[V2VProxy 3] *** STOPPING at intersection! ***
[V2VProxy 3] Distance=45.4514m, t=2.3
[V2VProxy 3] triggerJoinViaJNI() called at t=2.3
[V2VProxy 3] FAILED: Server Status = 'Initializing' (expected 'READY') at t=2.3
[V2VProxy 3] Failed to trigger JOIN, will retry...
[V2VProxy 4] *** STOPPING at intersection! ***
[V2VProxy 4] Distance=40.9064m, t=2.3
[V2VProxy 4] triggerJoinViaJNI() called at t=2.3
[V2VProxy 4] FAILED: Server Status = 'Initializing' (expected 'READY') at t=2.3
[V2VProxy 4] Failed to trigger JOIN, will retry...
[V2VProxy 5] *** STOPPING at intersection! ***
[V2VProxy 5] Distance=49.9233m, t=2.3
[V2VProxy 5] triggerJoinViaJNI() called at t=2.3
[V2VProxy 5] FAILED: Server Status = 'Initializing' (expected 'READY') at t=2.3
[V2VProxy 5] Failed to trigger JOIN, will retry...
[V2VProxy 6] *** STOPPING at intersection! ***
[V2VProxy 6] Distance=31.2912m, t=2.3
[V2VProxy 6] triggerJoinViaJNI() called at t=2.3
[V2VProxy 6] FAILED: Server Status = 'Initializing' (expected 'READY') at t=2.3
[V2VProxy 6] Failed to trigger JOIN, will retry...
[V2VProxy 7] *** STOPPING at intersection! ***
[V2VProxy 7] Distance=26.7947m, t=2.3
[V2VProxy 7] triggerJoinViaJNI() called at t=2.3
[V2VProxy 7] FAILED: Server Status = 'Initializing' (expected 'READY') at t=2.3
[V2VProxy 7] Failed to trigger JOIN, will retry...
[V2V Layer 5] DEBUG: Creating connections...
[V2V Layer 0] DEBUG: Creating connections...
[V2VNativeReplicaConnection] Created JNI connection from 0 to 1
[V2VNativeReplicaConnection] Created JNI connection from 5 to 0
    -> Native JNI connection to replica 0
[V2V Layer 7] DEBUG: Creating connections...
[V2VNativeReplicaConnection] Created JNI connection from 7 to 0
[V2V Layer 1] DEBUG: Creating connections...
[V2VNativeReplicaConnection] Created JNI connection from 1 to 0
    -> Native JNI connection to replica 0
[V2VNativeReplicaConnection] Created JNI connection from 1 to 2
    -> Native JNI connection to replica 2
[V2VNativeReplicaConnection] Created JNI connection from 1 to 3
    -> Native JNI connection to replica 3
[V2VNativeReplicaConnection] Created JNI connection from 5 to 1
    -> Native JNI connection to replica 1
[V2VNativeReplicaConnection] Created JNI connection from 5 to 2
    -> Native JNI connection to replica 2
[V2VNativeReplicaConnection] Created JNI connection from 5 to 3
    -> Native JNI connection to replica 3
    -> Native JNI connection to replica 1
[V2VNativeReplicaConnection] Created JNI connection from 0 to 2
    -> Native JNI connection to replica 2
[V2VNativeReplicaConnection] Created JNI connection from 0 to 3
    -> Native JNI connection to replica 3
[V2VNativeReplicaConnection] Created JNI connection from 0 to 4
    -> Native JNI connection to replica 4
[V2VNativeReplicaConnection] Created JNI connection from 0 to 5
    -> Native JNI connection to replica 5
[V2VNativeReplicaConnection] Created JNI connection from 0 to 6
    -> Native JNI connection to replica 6
[V2VNativeReplicaConnection] Created JNI connection from 0 to 7
    -> Native JNI connection to replica 7
==============================================
[V2V Layer 0] DEBUG: About to start communication thread...
[V2VNativeReplicaConnection] Created JNI connection from 5 to 4
[V2V Layer 4] DEBUG: Creating connections...
[V2VNativeReplicaConnection] Created JNI connection from 4 to 0
[V2VNativeReplicaConnection] Created JNI connection from 1 to 4
    -> Native JNI connection to replica 4
[V2VNativeReplicaConnection] Created JNI connection from 1 to 5
    -> Native JNI connection to replica 5
    -> Native JNI connection to replica 0
[V2VNativeReplicaConnection] Created JNI connection from 1 to 6
    -> Native JNI connection to replica 6
[V2VNativeReplicaConnection] Created JNI connection from 1 to 7
    -> Native JNI connection to replica 7
[V2V Layer 0] DEBUG: start() called, thread should be running now
[V2V Layer 2] DEBUG: Creating connections...
[V2VNativeReplicaConnection] Created JNI connection from 2 to 0
    -> Native JNI connection to replica 0
    -> Native JNI connection to replica 0
[V2VNativeReplicaConnection] Created JNI connection from 4 to 1
==============================================
[V2V Layer 0] Communication thread STARTED
    Using JNI callbacks for message delivery
    -> Native JNI connection to replica 4
[V2VNativeReplicaConnection] Created JNI connection from 5 to 6
    -> Native JNI connection to replica 6
[V2V Layer 6] DEBUG: Creating connections...
[V2VNativeReplicaConnection] Created JNI connection from 6 to 0
    -> Native JNI connection to replica 0
[V2VNativeReplicaConnection] Created JNI connection from 6 to 1
    -> Native JNI connection to replica 1
[V2VNativeReplicaConnection] Created JNI connection from 6 to 2
    -> Native JNI connection to replica 2
[V2VNativeReplicaConnection] Created JNI connection from 6 to 3
    -> Native JNI connection to replica 3
[V2VNativeReplicaConnection] Created JNI connection from 6 to 4
    -> Native JNI connection to replica 4
[V2VNativeReplicaConnection] Created JNI connection from 5 to 7
    -> Native JNI connection to replica 7
==============================================
[V2V Layer 5] DEBUG: About to start communication thread...
==============================================
[V2V Layer 3] DEBUG: Creating connections...
[V2VNativeReplicaConnection] Created JNI connection from 3 to 0
    -> Native JNI connection to replica 0
[V2V Layer 5] DEBUG: start() called, thread should be running now
    -> Native JNI connection to replica 1
[V2VNativeReplicaConnection] Created JNI connection from 4 to 2
[V2VNativeReplicaConnection] Created JNI connection from 2 to 1
    -> Native JNI connection to replica 1
[V2VNativeReplicaConnection] Created JNI connection from 2 to 3
    -> Native JNI connection to replica 3
[V2VNativeReplicaConnection] Created JNI connection from 2 to 4
    -> Native JNI connection to replica 4
[V2VNativeReplicaConnection] Created JNI connection from 2 to 5
    -> Native JNI connection to replica 5
[V2VNativeReplicaConnection] Created JNI connection from 2 to 6
    -> Native JNI connection to replica 6
[V2VNativeReplicaConnection] Created JNI connection from 2 to 7
    -> Native JNI connection to replica 7
==============================================
[V2V Layer 2] DEBUG: About to start communication thread...
==============================================
[V2V Layer 1] DEBUG: About to start communication thread...
[V2VNativeReplicaConnection] Created JNI connection from 7 to 1
    -> Native JNI connection to replica 1
[V2VNativeReplicaConnection] Created JNI connection from 7 to 2
==============================================
[V2V Layer 2] DEBUG: start() called, thread should be running now
[V2V Layer 5] Communication thread STARTED
    Using JNI callbacks for message delivery
==============================================
    -> Native JNI connection to replica 2
[V2VNativeReplicaConnection] Created JNI connection from 4 to 3
    -> Native JNI connection to replica 3
==============================================
[V2V Layer 2] Communication thread STARTED
    Using JNI callbacks for message delivery
==============================================
[V2VNativeReplicaConnection] Created JNI connection from 3 to 1
[V2V Layer 1] DEBUG: start() called, thread should be running now
    -> Native JNI connection to replica 1
[V2VNativeReplicaConnection] Created JNI connection from 3 to 2
    -> Native JNI connection to replica 2
[V2VNativeReplicaConnection] Created JNI connection from 3 to 4
    -> Native JNI connection to replica 4
[V2VNativeReplicaConnection] Created JNI connection from 3 to 5
    -> Native JNI connection to replica 5
[V2VNativeReplicaConnection] Created JNI connection from 3 to 6
    -> Native JNI connection to replica 6
[V2VNativeReplicaConnection] Created JNI connection from 3 to 7
    -> Native JNI connection to replica 7
==============================================
[V2V Layer 3] DEBUG: About to start communication thread...
[V2VNativeReplicaConnection] Created JNI connection from 6 to 5
    -> Native JNI connection to replica 5
[V2VNativeReplicaConnection] Created JNI connection from 6 to 7
    -> Native JNI connection to replica 7
==============================================
[V2V Layer 6] DEBUG: About to start communication thread...
==============================================
[V2V Layer 1] Communication thread STARTED
    Using JNI callbacks for message delivery
==============================================
[V2VNativeReplicaConnection] Created JNI connection from 4 to 5
    -> Native JNI connection to replica 5
[V2VNativeReplicaConnection] Created JNI connection from 4 to 6
    -> Native JNI connection to replica 6
[V2VNativeReplicaConnection] Created JNI connection from 4 to 7
    -> Native JNI connection to replica 7
==============================================
[V2V Layer 4] DEBUG: About to start communication thread...
    -> Native JNI connection to replica 2
[V2V Layer 3] DEBUG: start() called, thread should be running now
[V2VNativeReplicaConnection] Created JNI connection from 7 to 3
    -> Native JNI connection to replica 3
[V2VNativeReplicaConnection] Created JNI connection from 7 to 4
    -> Native JNI connection to replica 4
[V2VNativeReplicaConnection] Created JNI connection from 7 to 5
    -> Native JNI connection to replica 5
[V2V Layer 4] DEBUG: start() called, thread should be running now
==============================================
[V2V Layer 3] Communication thread STARTED
    Using JNI callbacks for message delivery
==============================================
[V2VNativeReplicaConnection] Created JNI connection from 7 to 6
    -> Native JNI connection to replica 6
==============================================
[V2V Layer 7] DEBUG: About to start communication thread...
==============================================
[V2V Layer 4] Communication thread STARTED
    Using JNI callbacks for message delivery
==============================================
[V2V Layer 7] DEBUG: start() called, thread should be running now
[V2V Layer 6] DEBUG: start() called, thread should be running now
==============================================
[V2V Layer 6] Communication thread STARTED
    Using JNI callbacks for message delivery
==============================================
==============================================
[V2V Layer 7] Communication thread STARTED
    Using JNI callbacks for message delivery
==============================================
20:01:18.530 [Thread-1] DEBUG io.netty.util.internal.logging.InternalLoggerFactory - Using SLF4J as the default logging framework
20:01:18.531 [Thread-1] DEBUG io.netty.util.internal.InternalThreadLocalMap - -Dio.netty.threadLocalMap.stringBuilder.initialSize: 1024
20:01:18.532 [Thread-1] DEBUG io.netty.util.internal.InternalThreadLocalMap - -Dio.netty.threadLocalMap.stringBuilder.maxSize: 4096
[V2VProxy 0] *** STOPPING at intersection! ***
[V2VProxy 0] Distance=36.0726m, t=2.4
[V2VProxy 0] triggerJoinViaJNI() called at t=2.4
[V2VProxy 0] FAILED: Server Status = 'Initializing' (expected 'READY') at t=2.4
[V2VProxy 0] Failed to trigger JOIN, will retry...
[V2VProxy 1] *** STOPPING at intersection! ***
[V2VProxy 1] Distance=25.8533m, t=2.4
[V2VProxy 1] triggerJoinViaJNI() called at t=2.4
[V2VProxy 1] FAILED: Server Status = 'Initializing' (expected 'READY') at t=2.4
[V2VProxy 1] Failed to trigger JOIN, will retry...
[V2VProxy 2] *** STOPPING at intersection! ***
[V2VProxy 2] Distance=34.9742m, t=2.4
[V2VProxy 2] triggerJoinViaJNI() called at t=2.4
[V2VProxy 2] Barrier: 8/8 runners ready
[V2VProxy 2] FAILED: Server Status = 'Initializing' (expected 'READY') at t=2.4
[V2VProxy 2] Failed to trigger JOIN, will retry...
[V2VProxy 3] *** STOPPING at intersection! ***
[V2VProxy 3] Distance=44.6675m, t=2.4
[V2VProxy 3] triggerJoinViaJNI() called at t=2.4
[V2VProxy 3] FAILED: Server Status = 'Initializing' (expected 'READY') at t=2.4
[V2VProxy 3] Failed to trigger JOIN, will retry...
[V2VProxy 4] *** STOPPING at intersection! ***
[V2VProxy 4] Distance=40.7771m, t=2.4
[V2VProxy 4] triggerJoinViaJNI() called at t=2.4
[V2VProxy 4] FAILED: Server Status = 'Initializing' (expected 'READY') at t=2.4
[V2VProxy 4] Failed to trigger JOIN, will retry...
[V2VProxy 5] *** STOPPING at intersection! ***
[V2VProxy 5] Distance=49.5225m, t=2.4
[V2VProxy 5] triggerJoinViaJNI() called at t=2.4
[V2VProxy 5] FAILED: Server Status = 'Initializing' (expected 'READY') at t=2.4
[V2VProxy 5] Failed to trigger JOIN, will retry...
[V2VProxy 6] *** STOPPING at intersection! ***
[V2VProxy 6] Distance=31.3752m, t=2.4
[V2VProxy 6] triggerJoinViaJNI() called at t=2.4
[V2VProxy 6] FAILED: Server Status = 'Initializing' (expected 'READY') at t=2.4
[V2VProxy 6] Failed to trigger JOIN, will retry...
[V2VProxy 7] *** STOPPING at intersection! ***
[V2VProxy 7] Distance=26.7947m, t=2.4
[V2VProxy 7] triggerJoinViaJNI() called at t=2.4
[V2VProxy 7] FAILED: Server Status = 'Initializing' (expected 'READY') at t=2.4
[V2VProxy 7] Failed to trigger JOIN, will retry...
[V2VProxy 0] *** STOPPING at intersection! ***
[V2VProxy 0] Distance=36.0726m, t=2.5
[V2VProxy 0] triggerJoinViaJNI() called at t=2.5
[V2VProxy 0] FAILED: Server Status = 'Initializing' (expected 'READY') at t=2.5
[V2VProxy 0] Failed to trigger JOIN, will retry...
[V2VProxy 1] *** STOPPING at intersection! ***
[V2VProxy 1] Distance=25.8533m, t=2.5
[V2VProxy 1] triggerJoinViaJNI() called at t=2.5
[V2VProxy 1] FAILED: Server Status = 'Initializing' (expected 'READY') at t=2.5
[V2VProxy 1] Failed to trigger JOIN, will retry...
[V2VProxy 2] *** STOPPING at intersection! ***
[V2VProxy 2] Distance=34.9742m, t=2.5
[V2VProxy 2] triggerJoinViaJNI() called at t=2.5
[V2VProxy 2] FAILED: Server Status = 'Initializing' (expected 'READY') at t=2.5
[V2VProxy 2] Failed to trigger JOIN, will retry...
[V2VProxy 3] *** STOPPING at intersection! ***
[V2VProxy 3] Distance=44.6675m, t=2.5
[V2VProxy 3] triggerJoinViaJNI() called at t=2.5
[V2VProxy 3] FAILED: Server Status = 'Initializing' (expected 'READY') at t=2.5
[V2VProxy 3] Failed to trigger JOIN, will retry...
[V2VProxy 4] *** STOPPING at intersection! ***
[V2VProxy 4] Distance=40.7771m, t=2.5
[V2VProxy 4] triggerJoinViaJNI() called at t=2.5
[V2VProxy 4] Barrier: 8/8 runners ready
[V2VProxy 4] FAILED: Server Status = 'Initializing' (expected 'READY') at t=2.5
[V2VProxy 4] Failed to trigger JOIN, will retry...
[V2VProxy 5] *** STOPPING at intersection! ***
[V2VProxy 5] Distance=49.5225m, t=2.5
[V2VProxy 5] triggerJoinViaJNI() called at t=2.5
[V2VProxy 5] FAILED: Server Status = 'Initializing' (expected 'READY') at t=2.5
[V2VProxy 5] Failed to trigger JOIN, will retry...
[V2VProxy 6] *** STOPPING at intersection! ***
[V2VProxy 6] Distance=31.3752m, t=2.5
[V2VProxy 6] triggerJoinViaJNI() called at t=2.5
[V2VProxy 6] FAILED: Server Status = 'Initializing' (expected 'READY') at t=2.5
[V2VProxy 6] Failed to trigger JOIN, will retry...
[V2VProxy 7] *** STOPPING at intersection! ***
[V2VProxy 7] Distance=26.7947m, t=2.5
[V2VProxy 7] triggerJoinViaJNI() called at t=2.5
[V2VProxy 7] FAILED: Server Status = 'Initializing' (expected 'READY') at t=2.5
[V2VProxy 7] Failed to trigger JOIN, will retry...
20:01:18.688 [Thread-6] DEBUG io.netty.channel.MultithreadEventLoopGroup - -Dio.netty.eventLoopThreads: 48
20:01:18.707 [Thread-0] DEBUG io.netty.channel.nio.NioEventLoop - -Dio.netty.noKeySetOptimization: false
20:01:18.707 [Thread-0] DEBUG io.netty.channel.nio.NioEventLoop - -Dio.netty.selectorAutoRebuildThreshold: 512
20:01:18.717 [Thread-3] DEBUG io.netty.util.internal.PlatformDependent0 - -Dio.netty.noUnsafe: false
20:01:18.717 [Thread-3] DEBUG io.netty.util.internal.PlatformDependent0 - Java version: 11
20:01:18.718 [Thread-3] DEBUG io.netty.util.internal.PlatformDependent0 - sun.misc.Unsafe.theUnsafe: available
20:01:18.719 [Thread-3] DEBUG io.netty.util.internal.PlatformDependent0 - sun.misc.Unsafe.copyMemory: available
20:01:18.719 [Thread-3] DEBUG io.netty.util.internal.PlatformDependent0 - java.nio.Buffer.address: available
20:01:18.719 [Thread-3] DEBUG io.netty.util.internal.PlatformDependent0 - direct buffer constructor: unavailable: Reflective setAccessible(true) disabled
20:01:18.720 [Thread-3] DEBUG io.netty.util.internal.PlatformDependent0 - java.nio.Bits.unaligned: available, true
20:01:18.721 [Thread-3] DEBUG io.netty.util.internal.PlatformDependent0 - jdk.internal.misc.Unsafe.allocateUninitializedArray(int): unavailable: class io.netty.util.internal.PlatformDependent0$6 cannot access class jdk.internal.misc.Unsafe (in module java.base) because module java.base does not export jdk.internal.misc to unnamed module @56573a0
20:01:18.722 [Thread-3] DEBUG io.netty.util.internal.PlatformDependent0 - java.nio.DirectByteBuffer.<init>(long, int): unavailable
20:01:18.722 [Thread-3] DEBUG io.netty.util.internal.PlatformDependent - sun.misc.Unsafe: available
20:01:18.734 [Thread-3] DEBUG io.netty.util.internal.PlatformDependent - maxDirectMemory: 1073741824 bytes (maybe)
20:01:18.734 [Thread-3] DEBUG io.netty.util.internal.PlatformDependent - -Dio.netty.tmpdir: /tmp (java.io.tmpdir)
20:01:18.734 [Thread-3] DEBUG io.netty.util.internal.PlatformDependent - -Dio.netty.bitMode: 64 (sun.arch.data.model)
20:01:18.735 [Thread-3] DEBUG io.netty.util.internal.PlatformDependent - -Dio.netty.maxDirectMemory: -1 bytes
20:01:18.735 [Thread-3] DEBUG io.netty.util.internal.PlatformDependent - -Dio.netty.uninitializedArrayAllocationThreshold: -1
20:01:18.736 [Thread-3] DEBUG io.netty.util.internal.CleanerJava9 - java.nio.ByteBuffer.cleaner(): available
20:01:18.736 [Thread-3] DEBUG io.netty.util.internal.PlatformDependent - -Dio.netty.noPreferDirect: false
20:01:18.740 [Thread-6] DEBUG io.netty.util.internal.PlatformDependent - org.jctools-core.MpscChunkedArrayQueue: available
[V2VProxy 0] *** STOPPING at intersection! ***
[V2VProxy 0] Distance=36.8213m, t=2.6
[V2VProxy 0] triggerJoinViaJNI() called at t=2.6
[V2VProxy 0] FAILED: Server Status = 'Initializing' (expected 'READY') at t=2.6
[V2VProxy 0] Failed to trigger JOIN, will retry...
[V2VProxy 1] *** STOPPING at intersection! ***
[V2VProxy 1] Distance=26.0227m, t=2.6
[V2VProxy 1] triggerJoinViaJNI() called at t=2.6
[V2VProxy 1] FAILED: Server Status = 'Initializing' (expected 'READY') at t=2.6
[V2VProxy 1] Failed to trigger JOIN, will retry...
[V2VProxy 2] *** STOPPING at intersection! ***
[V2VProxy 2] Distance=34.3591m, t=2.6
[V2VProxy 2] triggerJoinViaJNI() called at t=2.6
[V2VProxy 2] FAILED: Server Status = 'Initializing' (expected 'READY') at t=2.6
[V2VProxy 2] Failed to trigger JOIN, will retry...
[V2VProxy 3] *** STOPPING at intersection! ***
[V2VProxy 3] Distance=44.0344m, t=2.6
[V2VProxy 3] triggerJoinViaJNI() called at t=2.6
[V2VProxy 3] FAILED: Server Status = 'Initializing' (expected 'READY') at t=2.6
[V2VProxy 3] Failed to trigger JOIN, will retry...
[V2VProxy 4] *** STOPPING at intersection! ***
[V2VProxy 4] Distance=40.7771m, t=2.6
[V2VProxy 4] triggerJoinViaJNI() called at t=2.6
[V2VProxy 4] FAILED: Server Status = 'Initializing' (expected 'READY') at t=2.6
[V2VProxy 4] Failed to trigger JOIN, will retry...
[V2VProxy 5] *** STOPPING at intersection! ***
[V2VProxy 5] Distance=49.2809m, t=2.6
[V2VProxy 5] triggerJoinViaJNI() called at t=2.6
[V2VProxy 5] FAILED: Server Status = 'Initializing' (expected 'READY') at t=2.6
[V2VProxy 5] Failed to trigger JOIN, will retry...
[V2VProxy 6] *** STOPPING at intersection! ***
[V2VProxy 6] Distance=31.3752m, t=2.6
[V2VProxy 6] triggerJoinViaJNI() called at t=2.6
[V2VProxy 6] Barrier: 8/8 runners ready
[V2VProxy 6] FAILED: Server Status = 'Initializing' (expected 'READY') at t=2.6
[V2VProxy 6] Failed to trigger JOIN, will retry...
[V2VProxy 7] *** STOPPING at intersection! ***
[V2VProxy 7] Distance=26.7947m, t=2.6
[V2VProxy 7] triggerJoinViaJNI() called at t=2.6
[V2VProxy 7] FAILED: Server Status = 'Initializing' (expected 'READY') at t=2.6
[V2VProxy 7] Failed to trigger JOIN, will retry...
[V2VProxy 0] *** STOPPING at intersection! ***
[V2VProxy 0] Distance=36.8213m, t=2.7
[V2VProxy 0] triggerJoinViaJNI() called at t=2.7
[V2VProxy 0] FAILED: Server Status = 'Initializing' (expected 'READY') at t=2.7
[V2VProxy 0] Failed to trigger JOIN, will retry...
[V2VProxy 1] *** STOPPING at intersection! ***
[V2VProxy 1] Distance=26.0227m, t=2.7
[V2VProxy 1] triggerJoinViaJNI() called at t=2.7
[V2VProxy 1] FAILED: Server Status = 'Initializing' (expected 'READY') at t=2.7
[V2VProxy 1] Failed to trigger JOIN, will retry...
[V2VProxy 2] *** STOPPING at intersection! ***
[V2VProxy 2] Distance=34.3591m, t=2.7
[V2VProxy 2] triggerJoinViaJNI() called at t=2.7
[V2VProxy 2] FAILED: Server Status = 'Initializing' (expected 'READY') at t=2.7
[V2VProxy 2] Failed to trigger JOIN, will retry...
[V2VProxy 3] *** STOPPING at intersection! ***
[V2VProxy 3] Distance=44.0344m, t=2.7
[V2VProxy 3] triggerJoinViaJNI() called at t=2.7
[V2VProxy 3] FAILED: Server Status = 'Initializing' (expected 'READY') at t=2.7
[V2VProxy 3] Failed to trigger JOIN, will retry...
[V2VProxy 4] *** STOPPING at intersection! ***
[V2VProxy 4] Distance=40.7771m, t=2.7
[V2VProxy 4] triggerJoinViaJNI() called at t=2.7
[V2VProxy 4] FAILED: Server Status = 'Initializing' (expected 'READY') at t=2.7
[V2VProxy 4] Failed to trigger JOIN, will retry...
[V2VProxy 5] *** STOPPING at intersection! ***
[V2VProxy 5] Distance=49.2809m, t=2.7
[V2VProxy 5] triggerJoinViaJNI() called at t=2.7
[V2VProxy 5] FAILED: Server Status = 'Initializing' (expected 'READY') at t=2.7
[V2VProxy 5] Failed to trigger JOIN, will retry...
[V2VProxy 6] *** STOPPING at intersection! ***
[V2VProxy 6] Distance=31.3752m, t=2.7
[V2VProxy 6] triggerJoinViaJNI() called at t=2.7
[V2VProxy 6] FAILED: Server Status = 'Initializing' (expected 'READY') at t=2.7
[V2VProxy 6] Failed to trigger JOIN, will retry...
[V2VProxy 7] *** STOPPING at intersection! ***
[V2VProxy 7] Distance=26.7947m, t=2.7
[V2VProxy 7] triggerJoinViaJNI() called at t=2.7
[V2VProxy 7] FAILED: Server Status = 'Initializing' (expected 'READY') at t=2.7
[V2VProxy 7] Failed to trigger JOIN, will retry...
20:01:18.892 [Thread-6] DEBUG io.netty.channel.DefaultChannelId - -Dio.netty.processId: 688900 (auto-detected)
20:01:18.894 [Thread-6] DEBUG io.netty.util.NetUtil - -Djava.net.preferIPv4Stack: false
20:01:18.894 [Thread-6] DEBUG io.netty.util.NetUtil - -Djava.net.preferIPv6Addresses: false
20:01:18.896 [Thread-6] DEBUG io.netty.util.NetUtilInitializations - Loopback interface: lo (lo, 0:0:0:0:0:0:0:1%lo)
20:01:18.896 [Thread-6] DEBUG io.netty.util.NetUtil - /proc/sys/net/core/somaxconn: 4096
20:01:18.898 [Thread-6] DEBUG io.netty.channel.DefaultChannelId - -Dio.netty.machineId: 00:15:5d:ff:fe:5d:d7:1d (auto-detected)
20:01:18.905 [Thread-3] DEBUG io.netty.util.ResourceLeakDetector - -Dio.netty.leakDetection.level: simple
20:01:18.906 [Thread-3] DEBUG io.netty.util.ResourceLeakDetector - -Dio.netty.leakDetection.targetRecords: 4
20:01:18.925 [Thread-3] DEBUG io.netty.buffer.PooledByteBufAllocator - -Dio.netty.allocator.numHeapArenas: 10
20:01:18.925 [Thread-3] DEBUG io.netty.buffer.PooledByteBufAllocator - -Dio.netty.allocator.numDirectArenas: 10
20:01:18.925 [Thread-3] DEBUG io.netty.buffer.PooledByteBufAllocator - -Dio.netty.allocator.pageSize: 8192
20:01:18.925 [Thread-3] DEBUG io.netty.buffer.PooledByteBufAllocator - -Dio.netty.allocator.maxOrder: 11
20:01:18.925 [Thread-3] DEBUG io.netty.buffer.PooledByteBufAllocator - -Dio.netty.allocator.chunkSize: 16777216
20:01:18.925 [Thread-3] DEBUG io.netty.buffer.PooledByteBufAllocator - -Dio.netty.allocator.smallCacheSize: 256
20:01:18.925 [Thread-3] DEBUG io.netty.buffer.PooledByteBufAllocator - -Dio.netty.allocator.normalCacheSize: 64
20:01:18.925 [Thread-3] DEBUG io.netty.buffer.PooledByteBufAllocator - -Dio.netty.allocator.maxCachedBufferCapacity: 32768
20:01:18.925 [Thread-3] DEBUG io.netty.buffer.PooledByteBufAllocator - -Dio.netty.allocator.cacheTrimInterval: 8192
20:01:18.925 [Thread-3] DEBUG io.netty.buffer.PooledByteBufAllocator - -Dio.netty.allocator.cacheTrimIntervalMillis: 0
20:01:18.925 [Thread-3] DEBUG io.netty.buffer.PooledByteBufAllocator - -Dio.netty.allocator.useCacheForAllThreads: true
20:01:18.926 [Thread-3] DEBUG io.netty.buffer.PooledByteBufAllocator - -Dio.netty.allocator.maxCachedByteBuffersPerChunk: 1023
20:01:18.931 [Thread-3] DEBUG io.netty.buffer.ByteBufUtil - -Dio.netty.allocator.type: pooled
20:01:18.931 [Thread-3] DEBUG io.netty.buffer.ByteBufUtil - -Dio.netty.threadLocalDirectBufferSize: 0
20:01:18.931 [Thread-3] DEBUG io.netty.buffer.ByteBufUtil - -Dio.netty.maxThreadLocalCharBufferSize: 16384
20:01:18.938 [Thread-1] WARN io.netty.bootstrap.ServerBootstrap - Unknown channel option 'SO_KEEPALIVE' for channel '[id: 0x6c2fb65c]'
20:01:18.938 [Thread-6] WARN io.netty.bootstrap.ServerBootstrap - Unknown channel option 'SO_KEEPALIVE' for channel '[id: 0x1b6ef033]'
20:01:18.938 [Thread-3] WARN io.netty.bootstrap.ServerBootstrap - Unknown channel option 'SO_KEEPALIVE' for channel '[id: 0x9a510c71]'
20:01:18.938 [Thread-5] WARN io.netty.bootstrap.ServerBootstrap - Unknown channel option 'SO_KEEPALIVE' for channel '[id: 0x2b2a4bf5]'
20:01:18.938 [Thread-3] WARN io.netty.bootstrap.ServerBootstrap - Unknown channel option 'TCP_NODELAY' for channel '[id: 0x9a510c71]'
20:01:18.938 [Thread-3] WARN io.netty.bootstrap.ServerBootstrap - Unknown channel option 'SO_SNDBUF' for channel '[id: 0x9a510c71]'
20:01:18.938 [Thread-4] WARN io.netty.bootstrap.ServerBootstrap - Unknown channel option 'SO_KEEPALIVE' for channel '[id: 0x4f87e1f8]'
20:01:18.938 [Thread-6] WARN io.netty.bootstrap.ServerBootstrap - Unknown channel option 'TCP_NODELAY' for channel '[id: 0x1b6ef033]'
20:01:18.938 [Thread-4] WARN io.netty.bootstrap.ServerBootstrap - Unknown channel option 'TCP_NODELAY' for channel '[id: 0x4f87e1f8]'
20:01:18.938 [Thread-4] WARN io.netty.bootstrap.ServerBootstrap - Unknown channel option 'SO_SNDBUF' for channel '[id: 0x4f87e1f8]'
20:01:18.938 [Thread-1] WARN io.netty.bootstrap.ServerBootstrap - Unknown channel option 'TCP_NODELAY' for channel '[id: 0x6c2fb65c]'
20:01:18.938 [Thread-6] WARN io.netty.bootstrap.ServerBootstrap - Unknown channel option 'SO_SNDBUF' for channel '[id: 0x1b6ef033]'
20:01:18.938 [Thread-1] WARN io.netty.bootstrap.ServerBootstrap - Unknown channel option 'SO_SNDBUF' for channel '[id: 0x6c2fb65c]'
20:01:18.938 [Thread-0] WARN io.netty.bootstrap.ServerBootstrap - Unknown channel option 'SO_KEEPALIVE' for channel '[id: 0xef3446c9]'
20:01:18.938 [Thread-2] WARN io.netty.bootstrap.ServerBootstrap - Unknown channel option 'SO_KEEPALIVE' for channel '[id: 0x477c6d75]'
20:01:18.938 [Thread-7] WARN io.netty.bootstrap.ServerBootstrap - Unknown channel option 'SO_KEEPALIVE' for channel '[id: 0xf426feb3]'
20:01:18.938 [Thread-5] WARN io.netty.bootstrap.ServerBootstrap - Unknown channel option 'TCP_NODELAY' for channel '[id: 0x2b2a4bf5]'
20:01:18.939 [Thread-7] WARN io.netty.bootstrap.ServerBootstrap - Unknown channel option 'TCP_NODELAY' for channel '[id: 0xf426feb3]'
20:01:18.938 [Thread-0] WARN io.netty.bootstrap.ServerBootstrap - Unknown channel option 'TCP_NODELAY' for channel '[id: 0xef3446c9]'
20:01:18.939 [Thread-5] WARN io.netty.bootstrap.ServerBootstrap - Unknown channel option 'SO_SNDBUF' for channel '[id: 0x2b2a4bf5]'
20:01:18.939 [Thread-7] WARN io.netty.bootstrap.ServerBootstrap - Unknown channel option 'SO_SNDBUF' for channel '[id: 0xf426feb3]'
20:01:18.939 [Thread-2] WARN io.netty.bootstrap.ServerBootstrap - Unknown channel option 'TCP_NODELAY' for channel '[id: 0x477c6d75]'
20:01:18.939 [Thread-0] WARN io.netty.bootstrap.ServerBootstrap - Unknown channel option 'SO_SNDBUF' for channel '[id: 0xef3446c9]'
20:01:18.939 [Thread-2] WARN io.netty.bootstrap.ServerBootstrap - Unknown channel option 'SO_SNDBUF' for channel '[id: 0x477c6d75]'
[V2VProxy 0] *** STOPPING at intersection! ***
[V2VProxy 0] Distance=37.4398m, t=2.8
[V2VProxy 0] triggerJoinViaJNI() called at t=2.8
[V2VProxy 0] Barrier: 8/8 runners ready
[V2VProxy 0] FAILED: Server Status = 'Initializing' (expected 'READY') at t=2.8
[V2VProxy 0] Failed to trigger JOIN, will retry...
[V2VProxy 1] *** STOPPING at intersection! ***
[V2VProxy 1] Distance=26.1164m, t=2.8
[V2VProxy 1] triggerJoinViaJNI() called at t=2.8
[V2VProxy 1] FAILED: Server Status = 'Initializing' (expected 'READY') at t=2.8
[V2VProxy 1] Failed to trigger JOIN, will retry...
[V2VProxy 2] *** STOPPING at intersection! ***
[V2VProxy 2] Distance=33.8711m, t=2.8
[V2VProxy 2] triggerJoinViaJNI() called at t=2.8
[V2VProxy 2] FAILED: Server Status = 'Initializing' (expected 'READY') at t=2.8
[V2VProxy 2] Failed to trigger JOIN, will retry...
[V2VProxy 3] *** STOPPING at intersection! ***
[V2VProxy 3] Distance=43.5489m, t=2.8
[V2VProxy 3] triggerJoinViaJNI() called at t=2.8
[V2VProxy 3] FAILED: Server Status = 'Initializing' (expected 'READY') at t=2.8
[V2VProxy 3] Failed to trigger JOIN, will retry...
[V2VProxy 4] *** STOPPING at intersection! ***
[V2VProxy 4] Distance=40.7771m, t=2.8
[V2VProxy 4] triggerJoinViaJNI() called at t=2.8
[V2VProxy 4] FAILED: Server Status = 'Initializing' (expected 'READY') at t=2.8
[V2VProxy 4] Failed to trigger JOIN, will retry...
[V2VProxy 5] *** STOPPING at intersection! ***
[V2VProxy 5] Distance=49.198m, t=2.8
[V2VProxy 5] triggerJoinViaJNI() called at t=2.8
[V2VProxy 5] FAILED: Server Status = 'Initializing' (expected 'READY') at t=2.8
[V2VProxy 5] Failed to trigger JOIN, will retry...
[V2VProxy 6] *** STOPPING at intersection! ***
[V2VProxy 6] Distance=31.3752m, t=2.8
[V2VProxy 6] triggerJoinViaJNI() called at t=2.8
[V2VProxy 6] FAILED: Server Status = 'Initializing' (expected 'READY') at t=2.8
[V2VProxy 6] Failed to trigger JOIN, will retry...
[V2VProxy 7] *** STOPPING at intersection! ***
[V2VProxy 7] Distance=26.7947m, t=2.8
[V2VProxy 7] triggerJoinViaJNI() called at t=2.8
[V2VProxy 7] FAILED: Server Status = 'Initializing' (expected 'READY') at t=2.8
[V2VProxy 7] Failed to trigger JOIN, will retry...
20:01:18.976 [Thread-5] INFO bftsmart.communication.client.netty.NettyClientServerCommunicationSystemServerSide - ID = 5
20:01:18.976 [Thread-0] INFO bftsmart.communication.client.netty.NettyClientServerCommunicationSystemServerSide - ID = 0
20:01:18.976 [Thread-7] INFO bftsmart.communication.client.netty.NettyClientServerCommunicationSystemServerSide - ID = 7
20:01:18.976 [Thread-6] INFO bftsmart.communication.client.netty.NettyClientServerCommunicationSystemServerSide - ID = 6
20:01:18.976 [Thread-6] INFO bftsmart.communication.client.netty.NettyClientServerCommunicationSystemServerSide - N = 8
20:01:18.976 [Thread-4] INFO bftsmart.communication.client.netty.NettyClientServerCommunicationSystemServerSide - ID = 4
20:01:18.976 [Thread-6] INFO bftsmart.communication.client.netty.NettyClientServerCommunicationSystemServerSide - F = 2
20:01:18.976 [Thread-6] INFO bftsmart.communication.client.netty.NettyClientServerCommunicationSystemServerSide - Port (client <-> server) = 11060
20:01:18.976 [Thread-4] INFO bftsmart.communication.client.netty.NettyClientServerCommunicationSystemServerSide - N = 8
20:01:18.976 [Thread-6] INFO bftsmart.communication.client.netty.NettyClientServerCommunicationSystemServerSide - Port (server <-> server) = 11061
20:01:18.976 [Thread-6] INFO bftsmart.communication.client.netty.NettyClientServerCommunicationSystemServerSide - requestTimeout = 100000
20:01:18.976 [Thread-2] INFO bftsmart.communication.client.netty.NettyClientServerCommunicationSystemServerSide - ID = 2
20:01:18.976 [Thread-2] INFO bftsmart.communication.client.netty.NettyClientServerCommunicationSystemServerSide - N = 8
20:01:18.976 [Thread-3] INFO bftsmart.communication.client.netty.NettyClientServerCommunicationSystemServerSide - ID = 3
20:01:18.976 [Thread-3] INFO bftsmart.communication.client.netty.NettyClientServerCommunicationSystemServerSide - N = 8
20:01:18.976 [Thread-0] INFO bftsmart.communication.client.netty.NettyClientServerCommunicationSystemServerSide - N = 8
20:01:18.976 [Thread-0] INFO bftsmart.communication.client.netty.NettyClientServerCommunicationSystemServerSide - F = 2
20:01:18.976 [Thread-5] INFO bftsmart.communication.client.netty.NettyClientServerCommunicationSystemServerSide - N = 8
20:01:18.976 [Thread-0] INFO bftsmart.communication.client.netty.NettyClientServerCommunicationSystemServerSide - Port (client <-> server) = 11000
20:01:18.976 [Thread-0] INFO bftsmart.communication.client.netty.NettyClientServerCommunicationSystemServerSide - Port (server <-> server) = 11001
20:01:18.976 [Thread-7] INFO bftsmart.communication.client.netty.NettyClientServerCommunicationSystemServerSide - N = 8
20:01:18.976 [Thread-7] INFO bftsmart.communication.client.netty.NettyClientServerCommunicationSystemServerSide - F = 2
20:01:18.976 [Thread-1] INFO bftsmart.communication.client.netty.NettyClientServerCommunicationSystemServerSide - ID = 1
20:01:18.976 [Thread-1] INFO bftsmart.communication.client.netty.NettyClientServerCommunicationSystemServerSide - N = 8
20:01:18.976 [Thread-4] INFO bftsmart.communication.client.netty.NettyClientServerCommunicationSystemServerSide - F = 2
20:01:18.976 [Thread-5] INFO bftsmart.communication.client.netty.NettyClientServerCommunicationSystemServerSide - F = 2
20:01:18.976 [Thread-4] INFO bftsmart.communication.client.netty.NettyClientServerCommunicationSystemServerSide - Port (client <-> server) = 11040
20:01:18.976 [Thread-4] INFO bftsmart.communication.client.netty.NettyClientServerCommunicationSystemServerSide - Port (server <-> server) = 11041
20:01:18.976 [Thread-4] INFO bftsmart.communication.client.netty.NettyClientServerCommunicationSystemServerSide - requestTimeout = 100000
20:01:18.976 [Thread-4] INFO bftsmart.communication.client.netty.NettyClientServerCommunicationSystemServerSide - maxBatch = 8
20:01:18.976 [Thread-6] INFO bftsmart.communication.client.netty.NettyClientServerCommunicationSystemServerSide - maxBatch = 8
20:01:18.976 [Thread-4] INFO bftsmart.communication.client.netty.NettyClientServerCommunicationSystemServerSide - Binded replica to IP address 127.0.0.1
20:01:18.976 [Thread-4] INFO bftsmart.communication.client.netty.NettyClientServerCommunicationSystemServerSide - Optimizations:  Read-only Requests: disabled
20:01:18.976 [Thread-2] INFO bftsmart.communication.client.netty.NettyClientServerCommunicationSystemServerSide - F = 2
20:01:18.976 [Thread-4] INFO bftsmart.communication.client.netty.NettyClientServerCommunicationSystemServerSide - SSL/TLS enabled, protocol version: TLSv1.2
20:01:18.976 [Thread-3] INFO bftsmart.communication.client.netty.NettyClientServerCommunicationSystemServerSide - F = 2
20:01:18.977 [Thread-2] INFO bftsmart.communication.client.netty.NettyClientServerCommunicationSystemServerSide - Port (client <-> server) = 11020
20:01:18.977 [Thread-2] INFO bftsmart.communication.client.netty.NettyClientServerCommunicationSystemServerSide - Port (server <-> server) = 11021
20:01:18.976 [Thread-0] INFO bftsmart.communication.client.netty.NettyClientServerCommunicationSystemServerSide - requestTimeout = 100000
20:01:18.977 [Thread-0] INFO bftsmart.communication.client.netty.NettyClientServerCommunicationSystemServerSide - maxBatch = 8
20:01:18.976 [Thread-7] INFO bftsmart.communication.client.netty.NettyClientServerCommunicationSystemServerSide - Port (client <-> server) = 11070
20:01:18.977 [Thread-7] INFO bftsmart.communication.client.netty.NettyClientServerCommunicationSystemServerSide - Port (server <-> server) = 11071
20:01:18.977 [Thread-7] INFO bftsmart.communication.client.netty.NettyClientServerCommunicationSystemServerSide - requestTimeout = 100000
20:01:18.977 [Thread-7] INFO bftsmart.communication.client.netty.NettyClientServerCommunicationSystemServerSide - maxBatch = 8
20:01:18.976 [Thread-1] INFO bftsmart.communication.client.netty.NettyClientServerCommunicationSystemServerSide - F = 2
20:01:18.976 [Thread-5] INFO bftsmart.communication.client.netty.NettyClientServerCommunicationSystemServerSide - Port (client <-> server) = 11050
20:01:18.977 [Thread-5] INFO bftsmart.communication.client.netty.NettyClientServerCommunicationSystemServerSide - Port (server <-> server) = 11051
20:01:18.976 [Thread-6] INFO bftsmart.communication.client.netty.NettyClientServerCommunicationSystemServerSide - Binded replica to IP address 127.0.0.1
20:01:18.977 [Thread-6] INFO bftsmart.communication.client.netty.NettyClientServerCommunicationSystemServerSide - Optimizations:  Read-only Requests: disabled
20:01:18.977 [Thread-4] INFO bftsmart.tom.ServiceReplica - In current view: ID:0; F:2; Processes:0(/127.0.0.1:11000),1(/127.0.0.1:11010),2(/127.0.0.1:11020),3(/127.0.0.1:11030),4(/127.0.0.1:11040),5(/127.0.0.1:11050),6(/127.0.0.1:11060),7(/127.0.0.1:11070),
20:01:18.977 [Thread-2] INFO bftsmart.communication.client.netty.NettyClientServerCommunicationSystemServerSide - requestTimeout = 100000
20:01:18.977 [Thread-2] INFO bftsmart.communication.client.netty.NettyClientServerCommunicationSystemServerSide - maxBatch = 8
20:01:18.977 [Thread-2] INFO bftsmart.communication.client.netty.NettyClientServerCommunicationSystemServerSide - Binded replica to IP address 127.0.0.1
20:01:18.977 [Thread-2] INFO bftsmart.communication.client.netty.NettyClientServerCommunicationSystemServerSide - Optimizations:  Read-only Requests: disabled
20:01:18.977 [Thread-3] INFO bftsmart.communication.client.netty.NettyClientServerCommunicationSystemServerSide - Port (client <-> server) = 11030
20:01:18.977 [Thread-2] INFO bftsmart.communication.client.netty.NettyClientServerCommunicationSystemServerSide - SSL/TLS enabled, protocol version: TLSv1.2
20:01:18.977 [Thread-2] INFO bftsmart.tom.ServiceReplica - In current view: ID:0; F:2; Processes:0(/127.0.0.1:11000),1(/127.0.0.1:11010),2(/127.0.0.1:11020),3(/127.0.0.1:11030),4(/127.0.0.1:11040),5(/127.0.0.1:11050),6(/127.0.0.1:11060),7(/127.0.0.1:11070),
20:01:18.977 [Thread-3] INFO bftsmart.communication.client.netty.NettyClientServerCommunicationSystemServerSide - Port (server <-> server) = 11031
20:01:18.977 [Thread-0] INFO bftsmart.communication.client.netty.NettyClientServerCommunicationSystemServerSide - Binded replica to IP address 127.0.0.1
20:01:18.977 [Thread-7] INFO bftsmart.communication.client.netty.NettyClientServerCommunicationSystemServerSide - Binded replica to IP address 127.0.0.1
20:01:18.977 [Thread-7] INFO bftsmart.communication.client.netty.NettyClientServerCommunicationSystemServerSide - Optimizations:  Read-only Requests: disabled
20:01:18.977 [Thread-1] INFO bftsmart.communication.client.netty.NettyClientServerCommunicationSystemServerSide - Port (client <-> server) = 11010
20:01:18.977 [Thread-7] INFO bftsmart.communication.client.netty.NettyClientServerCommunicationSystemServerSide - SSL/TLS enabled, protocol version: TLSv1.2
20:01:18.977 [Thread-5] INFO bftsmart.communication.client.netty.NettyClientServerCommunicationSystemServerSide - requestTimeout = 100000
20:01:18.977 [Thread-1] INFO bftsmart.communication.client.netty.NettyClientServerCommunicationSystemServerSide - Port (server <-> server) = 11011
20:01:18.977 [Thread-6] INFO bftsmart.communication.client.netty.NettyClientServerCommunicationSystemServerSide - SSL/TLS enabled, protocol version: TLSv1.2
20:01:18.977 [Thread-3] INFO bftsmart.communication.client.netty.NettyClientServerCommunicationSystemServerSide - requestTimeout = 100000
20:01:18.978 [Thread-6] INFO bftsmart.tom.ServiceReplica - In current view: ID:0; F:2; Processes:0(/127.0.0.1:11000),1(/127.0.0.1:11010),2(/127.0.0.1:11020),3(/127.0.0.1:11030),4(/127.0.0.1:11040),5(/127.0.0.1:11050),6(/127.0.0.1:11060),7(/127.0.0.1:11070),
20:01:18.978 [Thread-3] INFO bftsmart.communication.client.netty.NettyClientServerCommunicationSystemServerSide - maxBatch = 8
20:01:18.977 [Thread-0] INFO bftsmart.communication.client.netty.NettyClientServerCommunicationSystemServerSide - Optimizations:  Read-only Requests: disabled
20:01:18.978 [Thread-1] INFO bftsmart.communication.client.netty.NettyClientServerCommunicationSystemServerSide - requestTimeout = 100000
20:01:18.978 [Thread-7] INFO bftsmart.tom.ServiceReplica - In current view: ID:0; F:2; Processes:0(/127.0.0.1:11000),1(/127.0.0.1:11010),2(/127.0.0.1:11020),3(/127.0.0.1:11030),4(/127.0.0.1:11040),5(/127.0.0.1:11050),6(/127.0.0.1:11060),7(/127.0.0.1:11070),
20:01:18.978 [Thread-5] INFO bftsmart.communication.client.netty.NettyClientServerCommunicationSystemServerSide - maxBatch = 8
20:01:18.978 [Thread-3] INFO bftsmart.communication.client.netty.NettyClientServerCommunicationSystemServerSide - Binded replica to IP address 127.0.0.1
20:01:18.978 [Thread-3] INFO bftsmart.communication.client.netty.NettyClientServerCommunicationSystemServerSide - Optimizations:  Read-only Requests: disabled
20:01:18.978 [Thread-0] INFO bftsmart.communication.client.netty.NettyClientServerCommunicationSystemServerSide - SSL/TLS enabled, protocol version: TLSv1.2
20:01:18.978 [Thread-1] INFO bftsmart.communication.client.netty.NettyClientServerCommunicationSystemServerSide - maxBatch = 8
20:01:18.978 [Thread-1] INFO bftsmart.communication.client.netty.NettyClientServerCommunicationSystemServerSide - Binded replica to IP address 127.0.0.1
20:01:18.978 [Thread-5] INFO bftsmart.communication.client.netty.NettyClientServerCommunicationSystemServerSide - Binded replica to IP address 127.0.0.1
20:01:18.978 [Thread-5] INFO bftsmart.communication.client.netty.NettyClientServerCommunicationSystemServerSide - Optimizations:  Read-only Requests: disabled
20:01:18.978 [Thread-3] INFO bftsmart.communication.client.netty.NettyClientServerCommunicationSystemServerSide - SSL/TLS enabled, protocol version: TLSv1.2
20:01:18.978 [Thread-0] INFO bftsmart.tom.ServiceReplica - In current view: ID:0; F:2; Processes:0(/127.0.0.1:11000),1(/127.0.0.1:11010),2(/127.0.0.1:11020),3(/127.0.0.1:11030),4(/127.0.0.1:11040),5(/127.0.0.1:11050),6(/127.0.0.1:11060),7(/127.0.0.1:11070),
20:01:18.978 [Thread-1] INFO bftsmart.communication.client.netty.NettyClientServerCommunicationSystemServerSide - Optimizations:  Read-only Requests: disabled
20:01:18.978 [Thread-5] INFO bftsmart.communication.client.netty.NettyClientServerCommunicationSystemServerSide - SSL/TLS enabled, protocol version: TLSv1.2
20:01:18.978 [Thread-3] INFO bftsmart.tom.ServiceReplica - In current view: ID:0; F:2; Processes:0(/127.0.0.1:11000),1(/127.0.0.1:11010),2(/127.0.0.1:11020),3(/127.0.0.1:11030),4(/127.0.0.1:11040),5(/127.0.0.1:11050),6(/127.0.0.1:11060),7(/127.0.0.1:11070),
20:01:18.979 [Thread-5] INFO bftsmart.tom.ServiceReplica - In current view: ID:0; F:2; Processes:0(/127.0.0.1:11000),1(/127.0.0.1:11010),2(/127.0.0.1:11020),3(/127.0.0.1:11030),4(/127.0.0.1:11040),5(/127.0.0.1:11050),6(/127.0.0.1:11060),7(/127.0.0.1:11070),
20:01:18.979 [Thread-1] INFO bftsmart.communication.client.netty.NettyClientServerCommunicationSystemServerSide - SSL/TLS enabled, protocol version: TLSv1.2
20:01:18.979 [Thread-1] INFO bftsmart.tom.ServiceReplica - In current view: ID:0; F:2; Processes:0(/127.0.0.1:11000),1(/127.0.0.1:11010),2(/127.0.0.1:11020),3(/127.0.0.1:11030),4(/127.0.0.1:11040),5(/127.0.0.1:11050),6(/127.0.0.1:11060),7(/127.0.0.1:11070),
20:01:19.007 [Delivery Thread] WARN bftsmart.tom.core.DeliveryThread - ***********************************************************
20:01:19.007 [Delivery Thread] WARN bftsmart.tom.core.DeliveryThread - V2V MODE: Skipping state retrieval (fresh start assumed)
20:01:19.007 [Delivery Thread] WARN bftsmart.tom.core.DeliveryThread - State sync would fail due to V2V collisions during init
20:01:19.007 [Delivery Thread] WARN bftsmart.tom.core.DeliveryThread - ***********************************************************
20:01:19.007 [Delivery Thread] INFO bftsmart.tom.core.DeliveryThread - 
		###################################
		    Ready to process operations    
		###################################
20:01:19.007 [Delivery Thread] WARN bftsmart.tom.core.DeliveryThread - ***********************************************************
20:01:19.007 [Delivery Thread] WARN bftsmart.tom.core.DeliveryThread - V2V MODE: Skipping state retrieval (fresh start assumed)
20:01:19.007 [Delivery Thread] WARN bftsmart.tom.core.DeliveryThread - State sync would fail due to V2V collisions during init
20:01:19.007 [Delivery Thread] WARN bftsmart.tom.core.DeliveryThread - ***********************************************************
20:01:19.007 [Delivery Thread] INFO bftsmart.tom.core.DeliveryThread - 
		###################################
		    Ready to process operations    
		###################################
20:01:19.008 [Delivery Thread] WARN bftsmart.tom.core.DeliveryThread - ***********************************************************
20:01:19.008 [Delivery Thread] WARN bftsmart.tom.core.DeliveryThread - V2V MODE: Skipping state retrieval (fresh start assumed)
20:01:19.008 [Delivery Thread] WARN bftsmart.tom.core.DeliveryThread - State sync would fail due to V2V collisions during init
20:01:19.008 [Delivery Thread] WARN bftsmart.tom.core.DeliveryThread - ***********************************************************
20:01:19.008 [Delivery Thread] INFO bftsmart.tom.core.DeliveryThread - 
		###################################
		    Ready to process operations    
		###################################
20:01:19.009 [Delivery Thread] WARN bftsmart.tom.core.DeliveryThread - ***********************************************************
20:01:19.009 [Delivery Thread] WARN bftsmart.tom.core.DeliveryThread - V2V MODE: Skipping state retrieval (fresh start assumed)
20:01:19.009 [Delivery Thread] WARN bftsmart.tom.core.DeliveryThread - State sync would fail due to V2V collisions during init
20:01:19.009 [Delivery Thread] WARN bftsmart.tom.core.DeliveryThread - ***********************************************************
20:01:19.009 [Delivery Thread] INFO bftsmart.tom.core.DeliveryThread - 
		###################################
		    Ready to process operations    
		###################################
20:01:19.009 [Delivery Thread] WARN bftsmart.tom.core.DeliveryThread - ***********************************************************
20:01:19.009 [Delivery Thread] WARN bftsmart.tom.core.DeliveryThread - V2V MODE: Skipping state retrieval (fresh start assumed)
20:01:19.009 [Delivery Thread] WARN bftsmart.tom.core.DeliveryThread - State sync would fail due to V2V collisions during init
20:01:19.009 [Delivery Thread] WARN bftsmart.tom.core.DeliveryThread - ***********************************************************
20:01:19.009 [Delivery Thread] INFO bftsmart.tom.core.DeliveryThread - 
		###################################
		    Ready to process operations    
		###################################
20:01:19.009 [Delivery Thread] WARN bftsmart.tom.core.DeliveryThread - ***********************************************************
20:01:19.009 [Delivery Thread] WARN bftsmart.tom.core.DeliveryThread - V2V MODE: Skipping state retrieval (fresh start assumed)
20:01:19.010 [Delivery Thread] WARN bftsmart.tom.core.DeliveryThread - State sync would fail due to V2V collisions during init
20:01:19.010 [Delivery Thread] WARN bftsmart.tom.core.DeliveryThread - ***********************************************************
20:01:19.010 [Delivery Thread] INFO bftsmart.tom.core.DeliveryThread - 
		###################################
		    Ready to process operations    
		###################################
20:01:19.010 [Delivery Thread] WARN bftsmart.tom.core.DeliveryThread - ***********************************************************
20:01:19.010 [Delivery Thread] WARN bftsmart.tom.core.DeliveryThread - V2V MODE: Skipping state retrieval (fresh start assumed)
20:01:19.010 [Delivery Thread] WARN bftsmart.tom.core.DeliveryThread - State sync would fail due to V2V collisions during init
20:01:19.010 [Delivery Thread] WARN bftsmart.tom.core.DeliveryThread - ***********************************************************
20:01:19.010 [Delivery Thread] INFO bftsmart.tom.core.DeliveryThread - 
		###################################
		    Ready to process operations    
		###################################
20:01:19.013 [Delivery Thread] WARN bftsmart.tom.core.DeliveryThread - ***********************************************************
20:01:19.013 [Delivery Thread] WARN bftsmart.tom.core.DeliveryThread - V2V MODE: Skipping state retrieval (fresh start assumed)
20:01:19.013 [Delivery Thread] WARN bftsmart.tom.core.DeliveryThread - State sync would fail due to V2V collisions during init
20:01:19.013 [Delivery Thread] WARN bftsmart.tom.core.DeliveryThread - ***********************************************************
20:01:19.013 [Delivery Thread] INFO bftsmart.tom.core.DeliveryThread - 
		###################################
		    Ready to process operations    
		###################################
20:01:19.015 [TOM Layer] DEBUG bftsmart.tom.core.TOMLayer - Running.
20:01:19.015 [TOM Layer] DEBUG bftsmart.tom.core.TOMLayer - Next leader for CID=0: 0
20:01:19.015 [TOM Layer] DEBUG bftsmart.tom.core.TOMLayer - I'm the leader.
20:01:19.015 [TOM Layer] DEBUG bftsmart.tom.core.TOMLayer - Waiting for enough requests
20:01:19.016 [TOM Layer] DEBUG bftsmart.tom.core.TOMLayer - Running.
20:01:19.016 [TOM Layer] DEBUG bftsmart.tom.core.TOMLayer - Next leader for CID=0: 0
20:01:19.016 [TOM Layer] DEBUG bftsmart.tom.core.TOMLayer - Running.
20:01:19.016 [TOM Layer] DEBUG bftsmart.tom.core.TOMLayer - Next leader for CID=0: 0
20:01:19.016 [TOM Layer] DEBUG bftsmart.tom.core.TOMLayer - Running.
20:01:19.016 [TOM Layer] DEBUG bftsmart.tom.core.TOMLayer - Next leader for CID=0: 0
20:01:19.017 [TOM Layer] DEBUG bftsmart.tom.core.TOMLayer - Running.
20:01:19.017 [TOM Layer] DEBUG bftsmart.tom.core.TOMLayer - Next leader for CID=0: 0
20:01:19.017 [TOM Layer] DEBUG bftsmart.tom.core.TOMLayer - Running.
20:01:19.017 [TOM Layer] DEBUG bftsmart.tom.core.TOMLayer - Next leader for CID=0: 0
20:01:19.017 [TOM Layer] DEBUG bftsmart.tom.core.TOMLayer - Running.
20:01:19.017 [TOM Layer] DEBUG bftsmart.tom.core.TOMLayer - Next leader for CID=0: 0
20:01:19.021 [TOM Layer] DEBUG bftsmart.tom.core.TOMLayer - Running.
20:01:19.021 [TOM Layer] DEBUG bftsmart.tom.core.TOMLayer - Next leader for CID=0: 0
[STATE] Snapshot taken. Buffer size: 0, Batch processed: false
20:01:19.036 [Thread-3] WARN bftsmart.statemanagement.standard.StandardStateManager - ***********************************************************
20:01:19.036 [Thread-3] WARN bftsmart.statemanagement.standard.StandardStateManager - V2V MODE: Skipping initial CID sync (fresh start assumed)
20:01:19.036 [Thread-3] WARN bftsmart.statemanagement.standard.StandardStateManager - V2V collisions prevent reliable quorum during init
20:01:19.036 [Thread-3] WARN bftsmart.statemanagement.standard.StandardStateManager - ***********************************************************
20:01:19.036 [Delivery Thread] DEBUG bftsmart.tom.core.DeliveryThread - Current size of the decided queue: 0
20:01:19.036 [Thread-3] DEBUG bftsmart.tom.core.TOMLayer - Setting last exec to -1
[Server 3] DEBUG: *** ServiceReplica constructor returned! ***
[Server 3] DEBUG: Replica object = bftsmart.tom.ServiceReplica@f2a8ab1
[Server 3] DEBUG: *** ServiceReplica constructor RETURNED! ***
[Server 3] DEBUG: About to register in readyServers map...
[IntersectionServer 3] ========================================
[IntersectionServer 3] *** REGISTERED as Ready! ***
[IntersectionServer 3] *** Waiting for OMNeT++ trigger. ***
[IntersectionServer 3] ========================================
[ServerRunner 3] TCP server ready (1/8 TCP servers ready)
[STATE] Snapshot taken. Buffer size: 0, Batch processed: false
20:01:19.037 [Thread-7] WARN bftsmart.statemanagement.standard.StandardStateManager - ***********************************************************
20:01:19.037 [Thread-7] WARN bftsmart.statemanagement.standard.StandardStateManager - V2V MODE: Skipping initial CID sync (fresh start assumed)
20:01:19.037 [Thread-7] WARN bftsmart.statemanagement.standard.StandardStateManager - V2V collisions prevent reliable quorum during init
20:01:19.037 [Thread-7] WARN bftsmart.statemanagement.standard.StandardStateManager - ***********************************************************
20:01:19.037 [Delivery Thread] DEBUG bftsmart.tom.core.DeliveryThread - Current size of the decided queue: 0
[STATE] Snapshot taken. Buffer size: 0, Batch processed: false
20:01:19.037 [Thread-6] WARN bftsmart.statemanagement.standard.StandardStateManager - ***********************************************************
20:01:19.037 [Thread-6] WARN bftsmart.statemanagement.standard.StandardStateManager - V2V MODE: Skipping initial CID sync (fresh start assumed)
20:01:19.037 [Thread-7] DEBUG bftsmart.tom.core.TOMLayer - Setting last exec to -1
20:01:19.037 [Thread-6] WARN bftsmart.statemanagement.standard.StandardStateManager - V2V collisions prevent reliable quorum during init
20:01:19.037 [Thread-6] WARN bftsmart.statemanagement.standard.StandardStateManager - ***********************************************************
[STATE] Snapshot taken. Buffer size: 0, Batch processed: false
[Server 7] DEBUG: *** ServiceReplica constructor returned! ***
[Server 7] DEBUG: Replica object = bftsmart.tom.ServiceReplica@30773acc
[Server 7] DEBUG: *** ServiceReplica constructor RETURNED! ***
[Server 7] DEBUG: About to register in readyServers map...
[IntersectionServer 7] ========================================
[IntersectionServer 7] *** REGISTERED as Ready! ***
[IntersectionServer 7] *** Waiting for OMNeT++ trigger. ***
[IntersectionServer 7] ========================================
[ServerRunner 7] TCP server ready (2/8 TCP servers ready)
20:01:19.037 [Thread-2] WARN bftsmart.statemanagement.standard.StandardStateManager - ***********************************************************
20:01:19.037 [Thread-2] WARN bftsmart.statemanagement.standard.StandardStateManager - V2V MODE: Skipping initial CID sync (fresh start assumed)
20:01:19.037 [Thread-2] WARN bftsmart.statemanagement.standard.StandardStateManager - V2V collisions prevent reliable quorum during init
20:01:19.037 [Thread-2] WARN bftsmart.statemanagement.standard.StandardStateManager - ***********************************************************
20:01:19.037 [Delivery Thread] DEBUG bftsmart.tom.core.DeliveryThread - Current size of the decided queue: 0
20:01:19.038 [Thread-6] DEBUG bftsmart.tom.core.TOMLayer - Setting last exec to -1
[STATE] Snapshot taken. Buffer size: 0, Batch processed: false
20:01:19.038 [Thread-5] WARN bftsmart.statemanagement.standard.StandardStateManager - ***********************************************************
20:01:19.038 [Thread-5] WARN bftsmart.statemanagement.standard.StandardStateManager - V2V MODE: Skipping initial CID sync (fresh start assumed)
[Server 6] DEBUG: *** ServiceReplica constructor returned! ***
[Server 6] DEBUG: Replica object = bftsmart.tom.ServiceReplica@c9d686
[Server 6] DEBUG: *** ServiceReplica constructor RETURNED! ***
[Server 6] DEBUG: About to register in readyServers map...
[IntersectionServer 6] ========================================
[IntersectionServer 6] *** REGISTERED as Ready! ***
[IntersectionServer 6] *** Waiting for OMNeT++ trigger. ***
[IntersectionServer 6] ========================================
[ServerRunner 6] TCP server ready (3/8 TCP servers ready)
20:01:19.038 [Thread-5] WARN bftsmart.statemanagement.standard.StandardStateManager - V2V collisions prevent reliable quorum during init
20:01:19.038 [Delivery Thread] DEBUG bftsmart.tom.core.DeliveryThread - Current size of the decided queue: 0
20:01:19.038 [Thread-5] WARN bftsmart.statemanagement.standard.StandardStateManager - ***********************************************************
20:01:19.038 [Thread-2] DEBUG bftsmart.tom.core.TOMLayer - Setting last exec to -1
20:01:19.038 [Delivery Thread] DEBUG bftsmart.tom.core.DeliveryThread - Current size of the decided queue: 0
[Server 2] DEBUG: *** ServiceReplica constructor returned! ***
20:01:19.038 [Thread-5] DEBUG bftsmart.tom.core.TOMLayer - Setting last exec to -1
[Server 5] DEBUG: *** ServiceReplica constructor returned! ***
[Server 5] DEBUG: Replica object = bftsmart.tom.ServiceReplica@7993b867
[Server 5] DEBUG: *** ServiceReplica constructor RETURNED! ***
[Server 5] DEBUG: About to register in readyServers map...
[IntersectionServer 5] ========================================
[IntersectionServer 5] *** REGISTERED as Ready! ***
[IntersectionServer 5] *** Waiting for OMNeT++ trigger. ***
[IntersectionServer 5] ========================================
[ServerRunner 5] TCP server ready (4/8 TCP servers ready)
[STATE] Snapshot taken. Buffer size: 0, Batch processed: false
20:01:19.038 [Thread-0] WARN bftsmart.statemanagement.standard.StandardStateManager - ***********************************************************
[Server 2] DEBUG: Replica object = bftsmart.tom.ServiceReplica@2bcb1275
[Server 2] DEBUG: *** ServiceReplica constructor RETURNED! ***
[Server 2] DEBUG: About to register in readyServers map...
20:01:19.038 [Thread-0] WARN bftsmart.statemanagement.standard.StandardStateManager - V2V MODE: Skipping initial CID sync (fresh start assumed)
[IntersectionServer 2] ========================================
[IntersectionServer 2] *** REGISTERED as Ready! ***
[IntersectionServer 2] *** Waiting for OMNeT++ trigger. ***
[IntersectionServer 2] ========================================
20:01:19.038 [Thread-0] WARN bftsmart.statemanagement.standard.StandardStateManager - V2V collisions prevent reliable quorum during init
[ServerRunner 2] TCP server ready (5/8 TCP servers ready)
20:01:19.038 [Thread-0] WARN bftsmart.statemanagement.standard.StandardStateManager - ***********************************************************
20:01:19.038 [Delivery Thread] DEBUG bftsmart.tom.core.DeliveryThread - Current size of the decided queue: 0
20:01:19.038 [Thread-0] DEBUG bftsmart.tom.core.TOMLayer - Setting last exec to -1
[Server 0] DEBUG: *** ServiceReplica constructor returned! ***
[Server 0] DEBUG: Replica object = bftsmart.tom.ServiceReplica@3690fa5a
[Server 0] DEBUG: *** ServiceReplica constructor RETURNED! ***
[Server 0] DEBUG: About to register in readyServers map...
[IntersectionServer 0] ========================================
[IntersectionServer 0] *** REGISTERED as Ready! ***
[IntersectionServer 0] *** Waiting for OMNeT++ trigger. ***
[IntersectionServer 0] ========================================
[ServerRunner 0] TCP server ready (6/8 TCP servers ready)
[STATE] Snapshot taken. Buffer size: 0, Batch processed: false
20:01:19.041 [Thread-1] WARN bftsmart.statemanagement.standard.StandardStateManager - ***********************************************************
20:01:19.041 [Thread-1] WARN bftsmart.statemanagement.standard.StandardStateManager - V2V MODE: Skipping initial CID sync (fresh start assumed)
20:01:19.041 [Thread-1] WARN bftsmart.statemanagement.standard.StandardStateManager - V2V collisions prevent reliable quorum during init
20:01:19.041 [Thread-1] WARN bftsmart.statemanagement.standard.StandardStateManager - ***********************************************************
20:01:19.041 [Delivery Thread] DEBUG bftsmart.tom.core.DeliveryThread - Current size of the decided queue: 0
20:01:19.042 [Thread-1] DEBUG bftsmart.tom.core.TOMLayer - Setting last exec to -1
[STATE] Snapshot taken. Buffer size: 0, Batch processed: false
[Server 1] DEBUG: *** ServiceReplica constructor returned! ***
[Server 1] DEBUG: Replica object = bftsmart.tom.ServiceReplica@19273103
[Server 1] DEBUG: *** ServiceReplica constructor RETURNED! ***
[Server 1] DEBUG: About to register in readyServers map...
[IntersectionServer 1] ========================================
[IntersectionServer 1] *** REGISTERED as Ready! ***
[IntersectionServer 1] *** Waiting for OMNeT++ trigger. ***
[IntersectionServer 1] ========================================
[ServerRunner 1] TCP server ready (7/8 TCP servers ready)
20:01:19.042 [Thread-4] WARN bftsmart.statemanagement.standard.StandardStateManager - ***********************************************************
20:01:19.042 [Thread-4] WARN bftsmart.statemanagement.standard.StandardStateManager - V2V MODE: Skipping initial CID sync (fresh start assumed)
20:01:19.042 [Thread-4] WARN bftsmart.statemanagement.standard.StandardStateManager - V2V collisions prevent reliable quorum during init
20:01:19.042 [Thread-4] WARN bftsmart.statemanagement.standard.StandardStateManager - ***********************************************************
20:01:19.042 [Delivery Thread] DEBUG bftsmart.tom.core.DeliveryThread - Current size of the decided queue: 0
20:01:19.042 [Thread-4] DEBUG bftsmart.tom.core.TOMLayer - Setting last exec to -1
[Server 4] DEBUG: *** ServiceReplica constructor returned! ***
[Server 4] DEBUG: Replica object = bftsmart.tom.ServiceReplica@71c11f84
[Server 4] DEBUG: *** ServiceReplica constructor RETURNED! ***
[Server 4] DEBUG: About to register in readyServers map...
[IntersectionServer 4] ========================================
[IntersectionServer 4] *** REGISTERED as Ready! ***
[IntersectionServer 4] *** Waiting for OMNeT++ trigger. ***
[IntersectionServer 4] ========================================
[ServerRunner 4] TCP server ready (8/8 TCP servers ready)
[ServerRunner 4] All 8 TCP servers confirmed ready!
[ServerRunner 4] ========================================
[ServerRunner 4] *** REPLICA IS NOW READY ***
[ServerRunner 4] *** Time: 1769572879042 ms
[ServerRunner 4] ========================================
[ServerRunner 3] All 8 TCP servers confirmed ready!
[ServerRunner 3] ========================================
[ServerRunner 3] *** REPLICA IS NOW READY ***
[ServerRunner 3] *** Time: 1769572879042 ms
[ServerRunner 3] ========================================
[ServerRunner 7] All 8 TCP servers confirmed ready!
[ServerRunner 7] ========================================
[ServerRunner 7] *** REPLICA IS NOW READY ***
[ServerRunner 7] *** Time: 1769572879042 ms
[ServerRunner 7] ========================================
[ServerRunner 6] All 8 TCP servers confirmed ready!
[ServerRunner 6] ========================================
[ServerRunner 6] *** REPLICA IS NOW READY ***
[ServerRunner 6] *** Time: 1769572879042 ms
[ServerRunner 6] ========================================
[ServerRunner 5] All 8 TCP servers confirmed ready!
[ServerRunner 5] ========================================
[ServerRunner 5] *** REPLICA IS NOW READY ***
[ServerRunner 5] *** Time: 1769572879043 ms
[ServerRunner 5] ========================================
[ServerRunner 2] All 8 TCP servers confirmed ready!
[ServerRunner 2] ========================================
[ServerRunner 2] *** REPLICA IS NOW READY ***
[ServerRunner 2] *** Time: 1769572879043 ms
[ServerRunner 2] ========================================
[ServerRunner 0] All 8 TCP servers confirmed ready!
[ServerRunner 0] ========================================
[ServerRunner 0] *** REPLICA IS NOW READY ***
[ServerRunner 0] *** Time: 1769572879044 ms
[ServerRunner 0] ========================================
[ServerRunner 1] All 8 TCP servers confirmed ready!
[ServerRunner 1] ========================================
[ServerRunner 1] *** REPLICA IS NOW READY ***
[ServerRunner 1] *** Time: 1769572879044 ms
[ServerRunner 1] ========================================
[V2VProxy 0] *** STOPPING at intersection! ***
[V2VProxy 0] Distance=37.4398m, t=2.9
[V2VProxy 0] triggerJoinViaJNI() called at t=2.9
[V2VProxy 0] PASSED: Server Status = 'READY'
[V2VProxy 0] PASSED: isReplicaReady() = true
[IntersectionServer 0] triggerJoin() called by OMNeT++
[V2VProxy 0] SUCCESS: Triggered Join at t=2.9
[V2VProxy 0] Consensus Timer STARTED at 2.9
[V2VProxy 0] Consensus timeout set for 40s
[V2VProxy 1] *** STOPPING at intersection! ***
[V2VProxy 1] Distance=26.1164m, t=2.9
[V2VProxy 1] triggerJoinViaJNI() called at t=2.9
[V2VProxy 1] PASSED: Server Status = 'READY'
[V2VProxy 1] PASSED: isReplicaReady() = true
[IntersectionServer 1] triggerJoin() called by OMNeT++
[V2VProxy 1] SUCCESS: Triggered Join at t=2.9
[V2VProxy 1] Consensus Timer STARTED at 2.9
[V2VProxy 1] Consensus timeout set for 40s
[V2VProxy 2] *** STOPPING at intersection! ***
[V2VProxy 2] Distance=33.8711m, t=2.9
[V2VProxy 2] triggerJoinViaJNI() called at t=2.9
[V2VProxy 2] Barrier: 8/8 runners ready
[V2VProxy 2] PASSED: Server Status = 'READY'
[V2VProxy 2] PASSED: isReplicaReady() = true
[IntersectionServer 2] triggerJoin() called by OMNeT++
[V2VProxy 2] SUCCESS: Triggered Join at t=2.9
[V2VProxy 2] Consensus Timer STARTED at 2.9
[V2VProxy 2] Consensus timeout set for 40s
[V2VProxy 3] *** STOPPING at intersection! ***
[V2VProxy 3] Distance=43.5489m, t=2.9
[V2VProxy 3] triggerJoinViaJNI() called at t=2.9
[V2VProxy 3] PASSED: Server Status = 'READY'
[V2VProxy 3] PASSED: isReplicaReady() = true
[IntersectionServer 3] triggerJoin() called by OMNeT++
[V2VProxy 3] SUCCESS: Triggered Join at t=2.9
[V2VProxy 3] Consensus Timer STARTED at 2.9
[V2VProxy 3] Consensus timeout set for 40s
[V2VProxy 4] *** STOPPING at intersection! ***
[V2VProxy 4] Distance=40.7771m, t=2.9
[V2VProxy 4] triggerJoinViaJNI() called at t=2.9
[V2VProxy 4] PASSED: Server Status = 'READY'
[V2VProxy 4] PASSED: isReplicaReady() = true
[IntersectionServer 4] triggerJoin() called by OMNeT++
[V2VProxy 4] SUCCESS: Triggered Join at t=2.9
[V2VProxy 4] Consensus Timer STARTED at 2.9
[V2VProxy 4] Consensus timeout set for 40s
[V2VProxy 5] *** STOPPING at intersection! ***
[V2VProxy 5] Distance=49.198m, t=2.9
[V2VProxy 5] triggerJoinViaJNI() called at t=2.9
[V2VProxy 5] PASSED: Server Status = 'READY'
[V2VProxy 5] PASSED: isReplicaReady() = true
[IntersectionServer 5] triggerJoin() called by OMNeT++
[V2VProxy 5] SUCCESS: Triggered Join at t=2.9
[V2VProxy 5] Consensus Timer STARTED at 2.9
[V2VProxy 5] Consensus timeout set for 40s
[V2VProxy 6] *** STOPPING at intersection! ***
[V2VProxy 6] Distance=31.3752m, t=2.9
[V2VProxy 6] triggerJoinViaJNI() called at t=2.9
[V2VProxy 6] PASSED: Server Status = 'READY'
[V2VProxy 6] PASSED: isReplicaReady() = true
[IntersectionServer 6] triggerJoin() called by OMNeT++
[V2VProxy 6] SUCCESS: Triggered Join at t=2.9
[V2VProxy 6] Consensus Timer STARTED at 2.9
[V2VProxy 6] Consensus timeout set for 40s
[V2VProxy 7] *** STOPPING at intersection! ***
[V2VProxy 7] Distance=26.7947m, t=2.9
[V2VProxy 7] triggerJoinViaJNI() called at t=2.9
[V2VProxy 7] PASSED: Server Status = 'READY'
[V2VProxy 7] PASSED: isReplicaReady() = true
[IntersectionServer 7] triggerJoin() called by OMNeT++
[V2VProxy 7] SUCCESS: Triggered Join at t=2.9
[V2VProxy 7] Consensus Timer STARTED at 2.9
[V2VProxy 7] Consensus timeout set for 40s
20:01:19.218 [Thread-107] DEBUG bftsmart.communication.client.netty.NettyClientServerCommunicationSystemClientSide - ClientID 1003, connecting to replica 0, at address: /127.0.0.1:11000
20:01:19.218 [Thread-106] DEBUG bftsmart.communication.client.netty.NettyClientServerCommunicationSystemClientSide - ClientID 1002, connecting to replica 0, at address: /127.0.0.1:11000
20:01:19.218 [Thread-110] DEBUG bftsmart.communication.client.netty.NettyClientServerCommunicationSystemClientSide - ClientID 1006, connecting to replica 0, at address: /127.0.0.1:11000
20:01:19.218 [Thread-108] DEBUG bftsmart.communication.client.netty.NettyClientServerCommunicationSystemClientSide - ClientID 1004, connecting to replica 0, at address: /127.0.0.1:11000
20:01:19.219 [Thread-111] DEBUG bftsmart.communication.client.netty.NettyClientServerCommunicationSystemClientSide - ClientID 1007, connecting to replica 0, at address: /127.0.0.1:11000
20:01:19.219 [Thread-105] DEBUG bftsmart.communication.client.netty.NettyClientServerCommunicationSystemClientSide - ClientID 1001, connecting to replica 0, at address: /127.0.0.1:11000
20:01:19.219 [Thread-109] DEBUG bftsmart.communication.client.netty.NettyClientServerCommunicationSystemClientSide - ClientID 1005, connecting to replica 0, at address: /127.0.0.1:11000
20:01:19.220 [Thread-104] DEBUG bftsmart.communication.client.netty.NettyClientServerCommunicationSystemClientSide - ClientID 1000, connecting to replica 0, at address: /127.0.0.1:11000
20:01:19.221 [nioEventLoopGroup-22-1] DEBUG bftsmart.communication.client.netty.NettyTOMMessageDecoder - new NettyTOMMessageDecoder!!, isClient=true
20:01:19.221 [nioEventLoopGroup-21-1] DEBUG bftsmart.communication.client.netty.NettyTOMMessageDecoder - new NettyTOMMessageDecoder!!, isClient=true
20:01:19.221 [nioEventLoopGroup-19-1] DEBUG bftsmart.communication.client.netty.NettyTOMMessageDecoder - new NettyTOMMessageDecoder!!, isClient=true
20:01:19.221 [nioEventLoopGroup-25-1] DEBUG bftsmart.communication.client.netty.NettyTOMMessageDecoder - new NettyTOMMessageDecoder!!, isClient=true
20:01:19.221 [nioEventLoopGroup-18-1] DEBUG bftsmart.communication.client.netty.NettyTOMMessageDecoder - new NettyTOMMessageDecoder!!, isClient=true
20:01:19.221 [nioEventLoopGroup-24-1] DEBUG bftsmart.communication.client.netty.NettyTOMMessageDecoder - new NettyTOMMessageDecoder!!, isClient=true
20:01:19.221 [nioEventLoopGroup-20-1] DEBUG bftsmart.communication.client.netty.NettyTOMMessageDecoder - new NettyTOMMessageDecoder!!, isClient=true
20:01:19.221 [nioEventLoopGroup-23-1] DEBUG bftsmart.communication.client.netty.NettyTOMMessageDecoder - new NettyTOMMessageDecoder!!, isClient=true
20:01:19.242 [nioEventLoopGroup-23-1] DEBUG bftsmart.communication.client.netty.NettyClientServerCommunicationSystemClientSide - Channel active
20:01:19.242 [nioEventLoopGroup-21-1] DEBUG bftsmart.communication.client.netty.NettyClientServerCommunicationSystemClientSide - Channel active
20:01:19.242 [nioEventLoopGroup-25-1] DEBUG bftsmart.communication.client.netty.NettyClientServerCommunicationSystemClientSide - Channel active
20:01:19.242 [nioEventLoopGroup-18-1] DEBUG bftsmart.communication.client.netty.NettyClientServerCommunicationSystemClientSide - Channel active
20:01:19.242 [nioEventLoopGroup-22-1] DEBUG bftsmart.communication.client.netty.NettyClientServerCommunicationSystemClientSide - Channel active
20:01:19.242 [nioEventLoopGroup-19-1] DEBUG bftsmart.communication.client.netty.NettyClientServerCommunicationSystemClientSide - Channel active
20:01:19.242 [nioEventLoopGroup-20-1] DEBUG bftsmart.communication.client.netty.NettyClientServerCommunicationSystemClientSide - Channel active
20:01:19.242 [nioEventLoopGroup-24-1] DEBUG bftsmart.communication.client.netty.NettyClientServerCommunicationSystemClientSide - Channel active
20:01:19.244 [nioEventLoopGroup-14-1] DEBUG bftsmart.communication.client.netty.NettyTOMMessageDecoder - new NettyTOMMessageDecoder!!, isClient=false
20:01:19.246 [nioEventLoopGroup-14-1] INFO bftsmart.communication.client.netty.NettyClientServerCommunicationSystemServerSide - Session Created, active clients=0
20:01:19.247 [nioEventLoopGroup-14-3] DEBUG bftsmart.communication.client.netty.NettyTOMMessageDecoder - new NettyTOMMessageDecoder!!, isClient=false
20:01:19.248 [nioEventLoopGroup-14-3] INFO bftsmart.communication.client.netty.NettyClientServerCommunicationSystemServerSide - Session Created, active clients=0
20:01:19.249 [nioEventLoopGroup-14-4] DEBUG bftsmart.communication.client.netty.NettyTOMMessageDecoder - new NettyTOMMessageDecoder!!, isClient=false
20:01:19.255 [nioEventLoopGroup-14-5] DEBUG bftsmart.communication.client.netty.NettyTOMMessageDecoder - new NettyTOMMessageDecoder!!, isClient=false
20:01:19.255 [Thread-106] DEBUG bftsmart.communication.client.netty.NettyClientServerCommunicationSystemClientSide - ClientID 1002, connecting to replica 1, at address: /127.0.0.1:11010
20:01:19.255 [nioEventLoopGroup-24-2] DEBUG bftsmart.communication.client.netty.NettyTOMMessageDecoder - new NettyTOMMessageDecoder!!, isClient=true
20:01:19.254 [Thread-108] DEBUG bftsmart.communication.client.netty.NettyClientServerCommunicationSystemClientSide - ClientID 1004, connecting to replica 1, at address: /127.0.0.1:11010
20:01:19.254 [nioEventLoopGroup-20-2] DEBUG bftsmart.communication.client.netty.NettyTOMMessageDecoder - new NettyTOMMessageDecoder!!, isClient=true
20:01:19.253 [nioEventLoopGroup-14-8] DEBUG bftsmart.communication.client.netty.NettyTOMMessageDecoder - new NettyTOMMessageDecoder!!, isClient=false
20:01:19.253 [nioEventLoopGroup-21-2] DEBUG bftsmart.communication.client.netty.NettyTOMMessageDecoder - new NettyTOMMessageDecoder!!, isClient=true
20:01:19.253 [Thread-109] DEBUG bftsmart.communication.client.netty.NettyClientServerCommunicationSystemClientSide - ClientID 1005, connecting to replica 1, at address: /127.0.0.1:11010
20:01:19.252 [Thread-110] DEBUG bftsmart.communication.client.netty.NettyClientServerCommunicationSystemClientSide - ClientID 1006, connecting to replica 1, at address: /127.0.0.1:11010
20:01:19.251 [nioEventLoopGroup-14-2] DEBUG bftsmart.communication.client.netty.NettyTOMMessageDecoder - new NettyTOMMessageDecoder!!, isClient=false
20:01:19.252 [nioEventLoopGroup-14-7] DEBUG bftsmart.communication.client.netty.NettyTOMMessageDecoder - new NettyTOMMessageDecoder!!, isClient=false
20:01:19.262 [nioEventLoopGroup-20-2] DEBUG bftsmart.communication.client.netty.NettyClientServerCommunicationSystemClientSide - Channel active
20:01:19.262 [Thread-105] DEBUG bftsmart.communication.client.netty.NettyClientServerCommunicationSystemClientSide - ClientID 1001, connecting to replica 1, at address: /127.0.0.1:11010
20:01:19.262 [nioEventLoopGroup-14-8] INFO bftsmart.communication.client.netty.NettyClientServerCommunicationSystemServerSide - Session Created, active clients=0
20:01:19.262 [nioEventLoopGroup-14-5] INFO bftsmart.communication.client.netty.NettyClientServerCommunicationSystemServerSide - Session Created, active clients=0
20:01:19.261 [nioEventLoopGroup-18-2] DEBUG bftsmart.communication.client.netty.NettyTOMMessageDecoder - new NettyTOMMessageDecoder!!, isClient=true
20:01:19.261 [nioEventLoopGroup-23-2] DEBUG bftsmart.communication.client.netty.NettyTOMMessageDecoder - new NettyTOMMessageDecoder!!, isClient=true
20:01:19.258 [nioEventLoopGroup-14-6] DEBUG bftsmart.communication.client.netty.NettyTOMMessageDecoder - new NettyTOMMessageDecoder!!, isClient=false
20:01:19.266 [nioEventLoopGroup-11-3] DEBUG bftsmart.communication.client.netty.NettyTOMMessageDecoder - new NettyTOMMessageDecoder!!, isClient=false
20:01:19.260 [Thread-111] DEBUG bftsmart.communication.client.netty.NettyClientServerCommunicationSystemClientSide - ClientID 1007, connecting to replica 1, at address: /127.0.0.1:11010
20:01:19.260 [nioEventLoopGroup-25-2] DEBUG bftsmart.communication.client.netty.NettyTOMMessageDecoder - new NettyTOMMessageDecoder!!, isClient=true
20:01:19.267 [nioEventLoopGroup-14-6] INFO bftsmart.communication.client.netty.NettyClientServerCommunicationSystemServerSide - Session Created, active clients=0
20:01:19.260 [nioEventLoopGroup-11-1] DEBUG bftsmart.communication.client.netty.NettyTOMMessageDecoder - new NettyTOMMessageDecoder!!, isClient=false
20:01:19.259 [nioEventLoopGroup-14-2] INFO bftsmart.communication.client.netty.NettyClientServerCommunicationSystemServerSide - Session Created, active clients=0
20:01:19.256 [Thread-107] DEBUG bftsmart.communication.client.netty.NettyClientServerCommunicationSystemClientSide - ClientID 1003, connecting to replica 1, at address: /127.0.0.1:11010
20:01:19.259 [nioEventLoopGroup-24-2] DEBUG bftsmart.communication.client.netty.NettyClientServerCommunicationSystemClientSide - Channel active
20:01:19.258 [nioEventLoopGroup-14-4] INFO bftsmart.communication.client.netty.NettyClientServerCommunicationSystemServerSide - Session Created, active clients=0
20:01:19.273 [Thread-106] DEBUG bftsmart.communication.client.netty.NettyClientServerCommunicationSystemClientSide - ClientID 1002, connecting to replica 2, at address: /127.0.0.1:11020
20:01:19.273 [Thread-111] DEBUG bftsmart.communication.client.netty.NettyClientServerCommunicationSystemClientSide - ClientID 1007, connecting to replica 2, at address: /127.0.0.1:11020
20:01:19.271 [nioEventLoopGroup-18-2] DEBUG bftsmart.communication.client.netty.NettyClientServerCommunicationSystemClientSide - Channel active
20:01:19.271 [nioEventLoopGroup-11-2] DEBUG bftsmart.communication.client.netty.NettyTOMMessageDecoder - new NettyTOMMessageDecoder!!, isClient=false
20:01:19.271 [nioEventLoopGroup-20-3] DEBUG bftsmart.communication.client.netty.NettyTOMMessageDecoder - new NettyTOMMessageDecoder!!, isClient=true
20:01:19.270 [nioEventLoopGroup-11-3] INFO bftsmart.communication.client.netty.NettyClientServerCommunicationSystemServerSide - Session Created, active clients=0
20:01:19.274 [nioEventLoopGroup-25-2] DEBUG bftsmart.communication.client.netty.NettyClientServerCommunicationSystemClientSide - Channel active
20:01:19.269 [nioEventLoopGroup-23-2] DEBUG bftsmart.communication.client.netty.NettyClientServerCommunicationSystemClientSide - Channel active
20:01:19.269 [nioEventLoopGroup-24-3] DEBUG bftsmart.communication.client.netty.NettyTOMMessageDecoder - new NettyTOMMessageDecoder!!, isClient=true
20:01:19.268 [nioEventLoopGroup-21-2] DEBUG bftsmart.communication.client.netty.NettyClientServerCommunicationSystemClientSide - Channel active
20:01:19.268 [Thread-109] DEBUG bftsmart.communication.client.netty.NettyClientServerCommunicationSystemClientSide - ClientID 1005, connecting to replica 2, at address: /127.0.0.1:11020
20:01:19.267 [Thread-108] DEBUG bftsmart.communication.client.netty.NettyClientServerCommunicationSystemClientSide - ClientID 1004, connecting to replica 2, at address: /127.0.0.1:11020
20:01:19.265 [nioEventLoopGroup-19-2] DEBUG bftsmart.communication.client.netty.NettyTOMMessageDecoder - new NettyTOMMessageDecoder!!, isClient=true
20:01:19.264 [nioEventLoopGroup-14-7] INFO bftsmart.communication.client.netty.NettyClientServerCommunicationSystemServerSide - Session Created, active clients=0
20:01:19.264 [Thread-104] DEBUG bftsmart.communication.client.netty.NettyClientServerCommunicationSystemClientSide - ClientID 1000, connecting to replica 1, at address: /127.0.0.1:11010
20:01:19.264 [nioEventLoopGroup-22-2] DEBUG bftsmart.communication.client.netty.NettyTOMMessageDecoder - new NettyTOMMessageDecoder!!, isClient=true
20:01:19.274 [nioEventLoopGroup-18-3] DEBUG bftsmart.communication.client.netty.NettyTOMMessageDecoder - new NettyTOMMessageDecoder!!, isClient=true
20:01:19.275 [Thread-110] DEBUG bftsmart.communication.client.netty.NettyClientServerCommunicationSystemClientSide - ClientID 1006, connecting to replica 2, at address: /127.0.0.1:11020
20:01:19.278 [nioEventLoopGroup-21-3] DEBUG bftsmart.communication.client.netty.NettyTOMMessageDecoder - new NettyTOMMessageDecoder!!, isClient=true
20:01:19.274 [nioEventLoopGroup-23-3] DEBUG bftsmart.communication.client.netty.NettyTOMMessageDecoder - new NettyTOMMessageDecoder!!, isClient=true
20:01:19.278 [nioEventLoopGroup-11-6] DEBUG bftsmart.communication.client.netty.NettyTOMMessageDecoder - new NettyTOMMessageDecoder!!, isClient=false
20:01:19.274 [nioEventLoopGroup-11-4] DEBUG bftsmart.communication.client.netty.NettyTOMMessageDecoder - new NettyTOMMessageDecoder!!, isClient=false
20:01:19.274 [nioEventLoopGroup-11-1] INFO bftsmart.communication.client.netty.NettyClientServerCommunicationSystemServerSide - Session Created, active clients=0
20:01:19.281 [nioEventLoopGroup-19-2] DEBUG bftsmart.communication.client.netty.NettyClientServerCommunicationSystemClientSide - Channel active
20:01:19.277 [nioEventLoopGroup-11-2] INFO bftsmart.communication.client.netty.NettyClientServerCommunicationSystemServerSide - Session Created, active clients=0
20:01:19.277 [nioEventLoopGroup-11-5] DEBUG bftsmart.communication.client.netty.NettyTOMMessageDecoder - new NettyTOMMessageDecoder!!, isClient=false
20:01:19.284 [nioEventLoopGroup-25-3] DEBUG bftsmart.communication.client.netty.NettyTOMMessageDecoder - new NettyTOMMessageDecoder!!, isClient=true
20:01:19.283 [Thread-107] DEBUG bftsmart.communication.client.netty.NettyClientServerCommunicationSystemClientSide - ClientID 1003, connecting to replica 2, at address: /127.0.0.1:11020
20:01:19.283 [nioEventLoopGroup-11-7] DEBUG bftsmart.communication.client.netty.NettyTOMMessageDecoder - new NettyTOMMessageDecoder!!, isClient=false
20:01:19.284 [nioEventLoopGroup-22-2] DEBUG bftsmart.communication.client.netty.NettyClientServerCommunicationSystemClientSide - Channel active
20:01:19.284 [nioEventLoopGroup-11-8] DEBUG bftsmart.communication.client.netty.NettyTOMMessageDecoder - new NettyTOMMessageDecoder!!, isClient=false
20:01:19.282 [nioEventLoopGroup-11-4] INFO bftsmart.communication.client.netty.NettyClientServerCommunicationSystemServerSide - Session Created, active clients=0
20:01:19.281 [nioEventLoopGroup-21-3] DEBUG bftsmart.communication.client.netty.NettyClientServerCommunicationSystemClientSide - Channel active
20:01:19.284 [nioEventLoopGroup-20-3] DEBUG bftsmart.communication.client.netty.NettyClientServerCommunicationSystemClientSide - Channel active
20:01:19.285 [nioEventLoopGroup-11-5] INFO bftsmart.communication.client.netty.NettyClientServerCommunicationSystemServerSide - Session Created, active clients=0
20:01:19.290 [nioEventLoopGroup-11-8] INFO bftsmart.communication.client.netty.NettyClientServerCommunicationSystemServerSide - Session Created, active clients=0
20:01:19.287 [Thread-104] DEBUG bftsmart.communication.client.netty.NettyClientServerCommunicationSystemClientSide - ClientID 1000, connecting to replica 2, at address: /127.0.0.1:11020
20:01:19.287 [nioEventLoopGroup-18-3] DEBUG bftsmart.communication.client.netty.NettyClientServerCommunicationSystemClientSide - Channel active
20:01:19.287 [nioEventLoopGroup-23-3] DEBUG bftsmart.communication.client.netty.NettyClientServerCommunicationSystemClientSide - Channel active
20:01:19.287 [nioEventLoopGroup-25-3] DEBUG bftsmart.communication.client.netty.NettyClientServerCommunicationSystemClientSide - Channel active
20:01:19.288 [Thread-108] DEBUG bftsmart.communication.client.netty.NettyClientServerCommunicationSystemClientSide - ClientID 1004, connecting to replica 3, at address: /127.0.0.1:11030
20:01:19.288 [nioEventLoopGroup-15-1] DEBUG bftsmart.communication.client.netty.NettyTOMMessageDecoder - new NettyTOMMessageDecoder!!, isClient=false
20:01:19.288 [nioEventLoopGroup-24-4] DEBUG bftsmart.communication.client.netty.NettyTOMMessageDecoder - new NettyTOMMessageDecoder!!, isClient=true
20:01:19.291 [nioEventLoopGroup-21-4] DEBUG bftsmart.communication.client.netty.NettyTOMMessageDecoder - new NettyTOMMessageDecoder!!, isClient=true
20:01:19.288 [nioEventLoopGroup-24-3] DEBUG bftsmart.communication.client.netty.NettyClientServerCommunicationSystemClientSide - Channel active
20:01:19.291 [nioEventLoopGroup-22-3] DEBUG bftsmart.communication.client.netty.NettyTOMMessageDecoder - new NettyTOMMessageDecoder!!, isClient=true
20:01:19.288 [nioEventLoopGroup-19-3] DEBUG bftsmart.communication.client.netty.NettyTOMMessageDecoder - new NettyTOMMessageDecoder!!, isClient=true
20:01:19.288 [nioEventLoopGroup-15-2] DEBUG bftsmart.communication.client.netty.NettyTOMMessageDecoder - new NettyTOMMessageDecoder!!, isClient=false
20:01:19.291 [nioEventLoopGroup-15-4] DEBUG bftsmart.communication.client.netty.NettyTOMMessageDecoder - new NettyTOMMessageDecoder!!, isClient=false
20:01:19.289 [nioEventLoopGroup-15-3] DEBUG bftsmart.communication.client.netty.NettyTOMMessageDecoder - new NettyTOMMessageDecoder!!, isClient=false
20:01:19.297 [nioEventLoopGroup-15-1] INFO bftsmart.communication.client.netty.NettyClientServerCommunicationSystemServerSide - Session Created, active clients=0
20:01:19.289 [Thread-109] DEBUG bftsmart.communication.client.netty.NettyClientServerCommunicationSystemClientSide - ClientID 1005, connecting to replica 3, at address: /127.0.0.1:11030
20:01:19.289 [nioEventLoopGroup-20-4] DEBUG bftsmart.communication.client.netty.NettyTOMMessageDecoder - new NettyTOMMessageDecoder!!, isClient=true
20:01:19.289 [Thread-111] DEBUG bftsmart.communication.client.netty.NettyClientServerCommunicationSystemClientSide - ClientID 1007, connecting to replica 3, at address: /127.0.0.1:11030
20:01:19.297 [nioEventLoopGroup-15-3] INFO bftsmart.communication.client.netty.NettyClientServerCommunicationSystemServerSide - Session Created, active clients=0
20:01:19.289 [nioEventLoopGroup-23-4] DEBUG bftsmart.communication.client.netty.NettyTOMMessageDecoder - new NettyTOMMessageDecoder!!, isClient=true
20:01:19.297 [nioEventLoopGroup-19-3] DEBUG bftsmart.communication.client.netty.NettyClientServerCommunicationSystemClientSide - Channel active
20:01:19.289 [Thread-106] DEBUG bftsmart.communication.client.netty.NettyClientServerCommunicationSystemClientSide - ClientID 1002, connecting to replica 3, at address: /127.0.0.1:11030
20:01:19.289 [nioEventLoopGroup-18-4] DEBUG bftsmart.communication.client.netty.NettyTOMMessageDecoder - new NettyTOMMessageDecoder!!, isClient=true
20:01:19.289 [Thread-107] DEBUG bftsmart.communication.client.netty.NettyClientServerCommunicationSystemClientSide - ClientID 1003, connecting to replica 3, at address: /127.0.0.1:11030
20:01:19.290 [Thread-110] DEBUG bftsmart.communication.client.netty.NettyClientServerCommunicationSystemClientSide - ClientID 1006, connecting to replica 3, at address: /127.0.0.1:11030
20:01:19.297 [nioEventLoopGroup-20-4] DEBUG bftsmart.communication.client.netty.NettyClientServerCommunicationSystemClientSide - Channel active
20:01:19.290 [nioEventLoopGroup-11-6] INFO bftsmart.communication.client.netty.NettyClientServerCommunicationSystemServerSide - Session Created, active clients=0
20:01:19.290 [nioEventLoopGroup-25-4] DEBUG bftsmart.communication.client.netty.NettyTOMMessageDecoder - new NettyTOMMessageDecoder!!, isClient=true
20:01:19.290 [nioEventLoopGroup-11-7] INFO bftsmart.communication.client.netty.NettyClientServerCommunicationSystemServerSide - Session Created, active clients=0
20:01:19.291 [Thread-105] DEBUG bftsmart.communication.client.netty.NettyClientServerCommunicationSystemClientSide - ClientID 1001, connecting to replica 2, at address: /127.0.0.1:11020
20:01:19.295 [nioEventLoopGroup-15-2] INFO bftsmart.communication.client.netty.NettyClientServerCommunicationSystemServerSide - Session Created, active clients=0
20:01:19.295 [nioEventLoopGroup-24-4] DEBUG bftsmart.communication.client.netty.NettyClientServerCommunicationSystemClientSide - Channel active
20:01:19.296 [nioEventLoopGroup-21-4] DEBUG bftsmart.communication.client.netty.NettyClientServerCommunicationSystemClientSide - Channel active
20:01:19.293 [nioEventLoopGroup-22-3] DEBUG bftsmart.communication.client.netty.NettyClientServerCommunicationSystemClientSide - Channel active
20:01:19.297 [nioEventLoopGroup-15-4] INFO bftsmart.communication.client.netty.NettyClientServerCommunicationSystemServerSide - Session Created, active clients=0
20:01:19.298 [nioEventLoopGroup-23-4] DEBUG bftsmart.communication.client.netty.NettyClientServerCommunicationSystemClientSide - Channel active
20:01:19.298 [nioEventLoopGroup-24-5] DEBUG bftsmart.communication.client.netty.NettyTOMMessageDecoder - new NettyTOMMessageDecoder!!, isClient=true
20:01:19.298 [nioEventLoopGroup-18-4] DEBUG bftsmart.communication.client.netty.NettyClientServerCommunicationSystemClientSide - Channel active
20:01:19.298 [nioEventLoopGroup-15-5] DEBUG bftsmart.communication.client.netty.NettyTOMMessageDecoder - new NettyTOMMessageDecoder!!, isClient=false
20:01:19.298 [Thread-108] DEBUG bftsmart.communication.client.netty.NettyClientServerCommunicationSystemClientSide - ClientID 1004, connecting to replica 4, at address: /127.0.0.1:11040
20:01:19.299 [nioEventLoopGroup-15-5] INFO bftsmart.communication.client.netty.NettyClientServerCommunicationSystemServerSide - Session Created, active clients=0
20:01:19.299 [nioEventLoopGroup-15-6] DEBUG bftsmart.communication.client.netty.NettyTOMMessageDecoder - new NettyTOMMessageDecoder!!, isClient=false
20:01:19.299 [nioEventLoopGroup-25-4] DEBUG bftsmart.communication.client.netty.NettyClientServerCommunicationSystemClientSide - Channel active
20:01:19.299 [nioEventLoopGroup-17-1] DEBUG bftsmart.communication.client.netty.NettyTOMMessageDecoder - new NettyTOMMessageDecoder!!, isClient=false
20:01:19.299 [nioEventLoopGroup-15-6] INFO bftsmart.communication.client.netty.NettyClientServerCommunicationSystemServerSide - Session Created, active clients=0
20:01:19.299 [nioEventLoopGroup-17-1] INFO bftsmart.communication.client.netty.NettyClientServerCommunicationSystemServerSide - Session Created, active clients=0
20:01:19.299 [nioEventLoopGroup-24-5] DEBUG bftsmart.communication.client.netty.NettyClientServerCommunicationSystemClientSide - Channel active
20:01:19.299 [nioEventLoopGroup-17-2] DEBUG bftsmart.communication.client.netty.NettyTOMMessageDecoder - new NettyTOMMessageDecoder!!, isClient=false
20:01:19.300 [nioEventLoopGroup-17-2] INFO bftsmart.communication.client.netty.NettyClientServerCommunicationSystemServerSide - Session Created, active clients=0
20:01:19.300 [nioEventLoopGroup-16-1] DEBUG bftsmart.communication.client.netty.NettyTOMMessageDecoder - new NettyTOMMessageDecoder!!, isClient=false
20:01:19.300 [Thread-104] DEBUG bftsmart.communication.client.netty.NettyClientServerCommunicationSystemClientSide - ClientID 1000, connecting to replica 3, at address: /127.0.0.1:11030
20:01:19.300 [nioEventLoopGroup-15-7] DEBUG bftsmart.communication.client.netty.NettyTOMMessageDecoder - new NettyTOMMessageDecoder!!, isClient=false
20:01:19.301 [nioEventLoopGroup-15-7] INFO bftsmart.communication.client.netty.NettyClientServerCommunicationSystemServerSide - Session Created, active clients=0
20:01:19.301 [nioEventLoopGroup-19-4] DEBUG bftsmart.communication.client.netty.NettyTOMMessageDecoder - new NettyTOMMessageDecoder!!, isClient=true
20:01:19.301 [nioEventLoopGroup-15-8] DEBUG bftsmart.communication.client.netty.NettyTOMMessageDecoder - new NettyTOMMessageDecoder!!, isClient=false
20:01:19.301 [Thread-106] DEBUG bftsmart.communication.client.netty.NettyClientServerCommunicationSystemClientSide - ClientID 1002, connecting to replica 4, at address: /127.0.0.1:11040
20:01:19.301 [Thread-111] DEBUG bftsmart.communication.client.netty.NettyClientServerCommunicationSystemClientSide - ClientID 1007, connecting to replica 4, at address: /127.0.0.1:11040
20:01:19.302 [nioEventLoopGroup-23-5] DEBUG bftsmart.communication.client.netty.NettyTOMMessageDecoder - new NettyTOMMessageDecoder!!, isClient=true
20:01:19.302 [Thread-108] DEBUG bftsmart.communication.client.netty.NettyClientServerCommunicationSystemClientSide - ClientID 1004, connecting to replica 5, at address: /127.0.0.1:11050
20:01:19.302 [nioEventLoopGroup-16-1] INFO bftsmart.communication.client.netty.NettyClientServerCommunicationSystemServerSide - Session Created, active clients=0
20:01:19.302 [nioEventLoopGroup-15-8] INFO bftsmart.communication.client.netty.NettyClientServerCommunicationSystemServerSide - Session Created, active clients=0
20:01:19.302 [Thread-110] DEBUG bftsmart.communication.client.netty.NettyClientServerCommunicationSystemClientSide - ClientID 1006, connecting to replica 4, at address: /127.0.0.1:11040
20:01:19.302 [nioEventLoopGroup-24-6] DEBUG bftsmart.communication.client.netty.NettyTOMMessageDecoder - new NettyTOMMessageDecoder!!, isClient=true
20:01:19.302 [nioEventLoopGroup-19-4] DEBUG bftsmart.communication.client.netty.NettyClientServerCommunicationSystemClientSide - Channel active
20:01:19.302 [nioEventLoopGroup-18-5] DEBUG bftsmart.communication.client.netty.NettyTOMMessageDecoder - new NettyTOMMessageDecoder!!, isClient=true
20:01:19.302 [nioEventLoopGroup-21-5] DEBUG bftsmart.communication.client.netty.NettyTOMMessageDecoder - new NettyTOMMessageDecoder!!, isClient=true
20:01:19.302 [nioEventLoopGroup-17-3] DEBUG bftsmart.communication.client.netty.NettyTOMMessageDecoder - new NettyTOMMessageDecoder!!, isClient=false
20:01:19.303 [nioEventLoopGroup-17-3] INFO bftsmart.communication.client.netty.NettyClientServerCommunicationSystemServerSide - Session Created, active clients=0
20:01:19.303 [nioEventLoopGroup-24-6] DEBUG bftsmart.communication.client.netty.NettyClientServerCommunicationSystemClientSide - Channel active
20:01:19.303 [Thread-109] DEBUG bftsmart.communication.client.netty.NettyClientServerCommunicationSystemClientSide - ClientID 1005, connecting to replica 4, at address: /127.0.0.1:11040
20:01:19.303 [nioEventLoopGroup-21-5] DEBUG bftsmart.communication.client.netty.NettyClientServerCommunicationSystemClientSide - Channel active
20:01:19.303 [nioEventLoopGroup-20-5] DEBUG bftsmart.communication.client.netty.NettyTOMMessageDecoder - new NettyTOMMessageDecoder!!, isClient=true
20:01:19.303 [nioEventLoopGroup-18-5] DEBUG bftsmart.communication.client.netty.NettyClientServerCommunicationSystemClientSide - Channel active
20:01:19.303 [nioEventLoopGroup-20-5] DEBUG bftsmart.communication.client.netty.NettyClientServerCommunicationSystemClientSide - Channel active
20:01:19.304 [nioEventLoopGroup-16-2] DEBUG bftsmart.communication.client.netty.NettyTOMMessageDecoder - new NettyTOMMessageDecoder!!, isClient=false
20:01:19.304 [nioEventLoopGroup-10-1] DEBUG bftsmart.communication.client.netty.NettyTOMMessageDecoder - new NettyTOMMessageDecoder!!, isClient=false
20:01:19.304 [nioEventLoopGroup-17-4] DEBUG bftsmart.communication.client.netty.NettyTOMMessageDecoder - new NettyTOMMessageDecoder!!, isClient=false
20:01:19.306 [nioEventLoopGroup-23-5] DEBUG bftsmart.communication.client.netty.NettyClientServerCommunicationSystemClientSide - Channel active
20:01:19.307 [nioEventLoopGroup-17-5] DEBUG bftsmart.communication.client.netty.NettyTOMMessageDecoder - new NettyTOMMessageDecoder!!, isClient=false
20:01:19.306 [Thread-105] DEBUG bftsmart.communication.client.netty.NettyClientServerCommunicationSystemClientSide - ClientID 1001, connecting to replica 3, at address: /127.0.0.1:11030
20:01:19.307 [nioEventLoopGroup-17-6] DEBUG bftsmart.communication.client.netty.NettyTOMMessageDecoder - new NettyTOMMessageDecoder!!, isClient=false
20:01:19.307 [nioEventLoopGroup-17-4] INFO bftsmart.communication.client.netty.NettyClientServerCommunicationSystemServerSide - Session Created, active clients=0
20:01:19.307 [nioEventLoopGroup-17-5] INFO bftsmart.communication.client.netty.NettyClientServerCommunicationSystemServerSide - Session Created, active clients=0
20:01:19.307 [nioEventLoopGroup-24-7] DEBUG bftsmart.communication.client.netty.NettyTOMMessageDecoder - new NettyTOMMessageDecoder!!, isClient=true
20:01:19.307 [nioEventLoopGroup-10-1] INFO bftsmart.communication.client.netty.NettyClientServerCommunicationSystemServerSide - Session Created, active clients=0
20:01:19.306 [Thread-108] DEBUG bftsmart.communication.client.netty.NettyClientServerCommunicationSystemClientSide - ClientID 1004, connecting to replica 6, at address: /127.0.0.1:11060
20:01:19.306 [nioEventLoopGroup-16-2] INFO bftsmart.communication.client.netty.NettyClientServerCommunicationSystemServerSide - Session Created, active clients=0
20:01:19.307 [nioEventLoopGroup-17-6] INFO bftsmart.communication.client.netty.NettyClientServerCommunicationSystemServerSide - Session Created, active clients=0
20:01:19.307 [Thread-109] DEBUG bftsmart.communication.client.netty.NettyClientServerCommunicationSystemClientSide - ClientID 1005, connecting to replica 5, at address: /127.0.0.1:11050
20:01:19.306 [nioEventLoopGroup-25-5] DEBUG bftsmart.communication.client.netty.NettyTOMMessageDecoder - new NettyTOMMessageDecoder!!, isClient=true
20:01:19.306 [nioEventLoopGroup-22-4] DEBUG bftsmart.communication.client.netty.NettyTOMMessageDecoder - new NettyTOMMessageDecoder!!, isClient=true
20:01:19.306 [Thread-107] DEBUG bftsmart.communication.client.netty.NettyClientServerCommunicationSystemClientSide - ClientID 1003, connecting to replica 4, at address: /127.0.0.1:11040
20:01:19.308 [nioEventLoopGroup-24-7] DEBUG bftsmart.communication.client.netty.NettyClientServerCommunicationSystemClientSide - Channel active
20:01:19.308 [nioEventLoopGroup-20-6] DEBUG bftsmart.communication.client.netty.NettyTOMMessageDecoder - new NettyTOMMessageDecoder!!, isClient=true
20:01:19.308 [nioEventLoopGroup-25-5] DEBUG bftsmart.communication.client.netty.NettyClientServerCommunicationSystemClientSide - Channel active
20:01:19.308 [nioEventLoopGroup-22-4] DEBUG bftsmart.communication.client.netty.NettyClientServerCommunicationSystemClientSide - Channel active
20:01:19.309 [nioEventLoopGroup-20-6] DEBUG bftsmart.communication.client.netty.NettyClientServerCommunicationSystemClientSide - Channel active
20:01:19.309 [nioEventLoopGroup-17-7] DEBUG bftsmart.communication.client.netty.NettyTOMMessageDecoder - new NettyTOMMessageDecoder!!, isClient=false
20:01:19.309 [Thread-108] DEBUG bftsmart.communication.client.netty.NettyClientServerCommunicationSystemClientSide - ClientID 1004, connecting to replica 7, at address: /127.0.0.1:11070
20:01:19.309 [nioEventLoopGroup-17-7] INFO bftsmart.communication.client.netty.NettyClientServerCommunicationSystemServerSide - Session Created, active clients=0
20:01:19.309 [nioEventLoopGroup-24-8] DEBUG bftsmart.communication.client.netty.NettyTOMMessageDecoder - new NettyTOMMessageDecoder!!, isClient=true
20:01:19.309 [nioEventLoopGroup-17-8] DEBUG bftsmart.communication.client.netty.NettyTOMMessageDecoder - new NettyTOMMessageDecoder!!, isClient=false
20:01:19.309 [nioEventLoopGroup-17-8] INFO bftsmart.communication.client.netty.NettyClientServerCommunicationSystemServerSide - Session Created, active clients=0
20:01:19.309 [nioEventLoopGroup-16-3] DEBUG bftsmart.communication.client.netty.NettyTOMMessageDecoder - new NettyTOMMessageDecoder!!, isClient=false
20:01:19.309 [nioEventLoopGroup-24-8] DEBUG bftsmart.communication.client.netty.NettyClientServerCommunicationSystemClientSide - Channel active
20:01:19.309 [Thread-104] DEBUG bftsmart.communication.client.netty.NettyClientServerCommunicationSystemClientSide - ClientID 1000, connecting to replica 4, at address: /127.0.0.1:11040
20:01:19.310 [nioEventLoopGroup-16-3] INFO bftsmart.communication.client.netty.NettyClientServerCommunicationSystemServerSide - Session Created, active clients=0
20:01:19.310 [nioEventLoopGroup-19-5] DEBUG bftsmart.communication.client.netty.NettyTOMMessageDecoder - new NettyTOMMessageDecoder!!, isClient=true
20:01:19.310 [Thread-109] DEBUG bftsmart.communication.client.netty.NettyClientServerCommunicationSystemClientSide - ClientID 1005, connecting to replica 6, at address: /127.0.0.1:11060
20:01:19.310 [nioEventLoopGroup-16-4] DEBUG bftsmart.communication.client.netty.NettyTOMMessageDecoder - new NettyTOMMessageDecoder!!, isClient=false
20:01:19.310 [nioEventLoopGroup-20-7] DEBUG bftsmart.communication.client.netty.NettyTOMMessageDecoder - new NettyTOMMessageDecoder!!, isClient=true
20:01:19.310 [nioEventLoopGroup-16-4] INFO bftsmart.communication.client.netty.NettyClientServerCommunicationSystemServerSide - Session Created, active clients=0
20:01:19.310 [Thread-107] DEBUG bftsmart.communication.client.netty.NettyClientServerCommunicationSystemClientSide - ClientID 1003, connecting to replica 5, at address: /127.0.0.1:11050
20:01:19.310 [nioEventLoopGroup-19-5] DEBUG bftsmart.communication.client.netty.NettyClientServerCommunicationSystemClientSide - Channel active
20:01:19.310 [nioEventLoopGroup-20-7] DEBUG bftsmart.communication.client.netty.NettyClientServerCommunicationSystemClientSide - Channel active
20:01:19.310 [nioEventLoopGroup-25-6] DEBUG bftsmart.communication.client.netty.NettyTOMMessageDecoder - new NettyTOMMessageDecoder!!, isClient=true
20:01:19.311 [nioEventLoopGroup-10-2] DEBUG bftsmart.communication.client.netty.NettyTOMMessageDecoder - new NettyTOMMessageDecoder!!, isClient=false
20:01:19.311 [nioEventLoopGroup-22-5] DEBUG bftsmart.communication.client.netty.NettyTOMMessageDecoder - new NettyTOMMessageDecoder!!, isClient=true
20:01:19.311 [nioEventLoopGroup-12-1] DEBUG bftsmart.communication.client.netty.NettyTOMMessageDecoder - new NettyTOMMessageDecoder!!, isClient=false
20:01:19.311 [nioEventLoopGroup-25-6] DEBUG bftsmart.communication.client.netty.NettyClientServerCommunicationSystemClientSide - Channel active
20:01:19.311 [Thread-106] DEBUG bftsmart.communication.client.netty.NettyClientServerCommunicationSystemClientSide - ClientID 1002, connecting to replica 5, at address: /127.0.0.1:11050
20:01:19.311 [Thread-105] DEBUG bftsmart.communication.client.netty.NettyClientServerCommunicationSystemClientSide - ClientID 1001, connecting to replica 4, at address: /127.0.0.1:11040
20:01:19.311 [nioEventLoopGroup-10-2] INFO bftsmart.communication.client.netty.NettyClientServerCommunicationSystemServerSide - Session Created, active clients=0
20:01:19.311 [nioEventLoopGroup-18-6] DEBUG bftsmart.communication.client.netty.NettyTOMMessageDecoder - new NettyTOMMessageDecoder!!, isClient=true
20:01:19.311 [nioEventLoopGroup-12-1] INFO bftsmart.communication.client.netty.NettyClientServerCommunicationSystemServerSide - Session Created, active clients=0
20:01:19.311 [Thread-110] DEBUG bftsmart.communication.client.netty.NettyClientServerCommunicationSystemClientSide - ClientID 1006, connecting to replica 5, at address: /127.0.0.1:11050
20:01:19.312 [nioEventLoopGroup-22-5] DEBUG bftsmart.communication.client.netty.NettyClientServerCommunicationSystemClientSide - Channel active
20:01:19.312 [Thread-107] DEBUG bftsmart.communication.client.netty.NettyClientServerCommunicationSystemClientSide - ClientID 1003, connecting to replica 6, at address: /127.0.0.1:11060
20:01:19.312 [nioEventLoopGroup-18-6] DEBUG bftsmart.communication.client.netty.NettyClientServerCommunicationSystemClientSide - Channel active
20:01:19.312 [nioEventLoopGroup-21-6] DEBUG bftsmart.communication.client.netty.NettyTOMMessageDecoder - new NettyTOMMessageDecoder!!, isClient=true
20:01:19.312 [nioEventLoopGroup-25-7] DEBUG bftsmart.communication.client.netty.NettyTOMMessageDecoder - new NettyTOMMessageDecoder!!, isClient=true
20:01:19.312 [Thread-111] DEBUG bftsmart.communication.client.netty.NettyClientServerCommunicationSystemClientSide - ClientID 1007, connecting to replica 5, at address: /127.0.0.1:11050
20:01:19.312 [nioEventLoopGroup-21-6] DEBUG bftsmart.communication.client.netty.NettyClientServerCommunicationSystemClientSide - Channel active
20:01:19.313 [nioEventLoopGroup-25-7] DEBUG bftsmart.communication.client.netty.NettyClientServerCommunicationSystemClientSide - Channel active
20:01:19.313 [Thread-108] DEBUG bftsmart.proxy - Sending request (ORDERED_REQUEST) with seqId = 0
20:01:19.313 [Thread-105] DEBUG bftsmart.communication.client.netty.NettyClientServerCommunicationSystemClientSide - ClientID 1001, connecting to replica 5, at address: /127.0.0.1:11050
20:01:19.313 [nioEventLoopGroup-23-6] DEBUG bftsmart.communication.client.netty.NettyTOMMessageDecoder - new NettyTOMMessageDecoder!!, isClient=true
20:01:19.313 [nioEventLoopGroup-22-6] DEBUG bftsmart.communication.client.netty.NettyTOMMessageDecoder - new NettyTOMMessageDecoder!!, isClient=true
20:01:19.313 [nioEventLoopGroup-23-6] DEBUG bftsmart.communication.client.netty.NettyClientServerCommunicationSystemClientSide - Channel active
20:01:19.313 [nioEventLoopGroup-22-6] DEBUG bftsmart.communication.client.netty.NettyClientServerCommunicationSystemClientSide - Channel active
20:01:19.313 [nioEventLoopGroup-12-2] DEBUG bftsmart.communication.client.netty.NettyTOMMessageDecoder - new NettyTOMMessageDecoder!!, isClient=false
20:01:19.313 [nioEventLoopGroup-12-2] INFO bftsmart.communication.client.netty.NettyClientServerCommunicationSystemServerSide - Session Created, active clients=0
20:01:19.314 [nioEventLoopGroup-10-3] DEBUG bftsmart.communication.client.netty.NettyTOMMessageDecoder - new NettyTOMMessageDecoder!!, isClient=false
20:01:19.314 [Thread-109] DEBUG bftsmart.communication.client.netty.NettyClientServerCommunicationSystemClientSide - ClientID 1005, connecting to replica 7, at address: /127.0.0.1:11070
20:01:19.314 [nioEventLoopGroup-12-3] DEBUG bftsmart.communication.client.netty.NettyTOMMessageDecoder - new NettyTOMMessageDecoder!!, isClient=false
20:01:19.314 [nioEventLoopGroup-12-3] INFO bftsmart.communication.client.netty.NettyClientServerCommunicationSystemServerSide - Session Created, active clients=0
20:01:19.314 [nioEventLoopGroup-10-3] INFO bftsmart.communication.client.netty.NettyClientServerCommunicationSystemServerSide - Session Created, active clients=0
20:01:19.314 [Thread-104] DEBUG bftsmart.communication.client.netty.NettyClientServerCommunicationSystemClientSide - ClientID 1000, connecting to replica 5, at address: /127.0.0.1:11050
20:01:19.314 [nioEventLoopGroup-20-8] DEBUG bftsmart.communication.client.netty.NettyTOMMessageDecoder - new NettyTOMMessageDecoder!!, isClient=true
20:01:19.315 [nioEventLoopGroup-19-6] DEBUG bftsmart.communication.client.netty.NettyTOMMessageDecoder - new NettyTOMMessageDecoder!!, isClient=true
20:01:19.315 [nioEventLoopGroup-20-8] DEBUG bftsmart.communication.client.netty.NettyClientServerCommunicationSystemClientSide - Channel active
20:01:19.315 [Thread-109] DEBUG bftsmart.proxy - Sending request (ORDERED_REQUEST) with seqId = 0
20:01:19.315 [nioEventLoopGroup-16-5] DEBUG bftsmart.communication.client.netty.NettyTOMMessageDecoder - new NettyTOMMessageDecoder!!, isClient=false
20:01:19.315 [nioEventLoopGroup-19-6] DEBUG bftsmart.communication.client.netty.NettyClientServerCommunicationSystemClientSide - Channel active
20:01:19.315 [nioEventLoopGroup-13-1] DEBUG bftsmart.communication.client.netty.NettyTOMMessageDecoder - new NettyTOMMessageDecoder!!, isClient=false
20:01:19.315 [nioEventLoopGroup-16-5] INFO bftsmart.communication.client.netty.NettyClientServerCommunicationSystemServerSide - Session Created, active clients=0
20:01:19.315 [nioEventLoopGroup-13-1] INFO bftsmart.communication.client.netty.NettyClientServerCommunicationSystemServerSide - Session Created, active clients=0
20:01:19.316 [nioEventLoopGroup-16-6] DEBUG bftsmart.communication.client.netty.NettyTOMMessageDecoder - new NettyTOMMessageDecoder!!, isClient=false
20:01:19.316 [nioEventLoopGroup-13-2] DEBUG bftsmart.communication.client.netty.NettyTOMMessageDecoder - new NettyTOMMessageDecoder!!, isClient=false
20:01:19.316 [Thread-105] DEBUG bftsmart.communication.client.netty.NettyClientServerCommunicationSystemClientSide - ClientID 1001, connecting to replica 6, at address: /127.0.0.1:11060
20:01:19.316 [nioEventLoopGroup-16-6] INFO bftsmart.communication.client.netty.NettyClientServerCommunicationSystemServerSide - Session Created, active clients=0
20:01:19.316 [nioEventLoopGroup-13-2] INFO bftsmart.communication.client.netty.NettyClientServerCommunicationSystemServerSide - Session Created, active clients=0
20:01:19.316 [nioEventLoopGroup-22-7] DEBUG bftsmart.communication.client.netty.NettyTOMMessageDecoder - new NettyTOMMessageDecoder!!, isClient=true
20:01:19.316 [Thread-111] DEBUG bftsmart.communication.client.netty.NettyClientServerCommunicationSystemClientSide - ClientID 1007, connecting to replica 6, at address: /127.0.0.1:11060
20:01:19.316 [nioEventLoopGroup-22-7] DEBUG bftsmart.communication.client.netty.NettyClientServerCommunicationSystemClientSide - Channel active
20:01:19.317 [nioEventLoopGroup-23-7] DEBUG bftsmart.communication.client.netty.NettyTOMMessageDecoder - new NettyTOMMessageDecoder!!, isClient=true
20:01:19.317 [nioEventLoopGroup-10-4] DEBUG bftsmart.communication.client.netty.NettyTOMMessageDecoder - new NettyTOMMessageDecoder!!, isClient=false
20:01:19.317 [Thread-107] DEBUG bftsmart.communication.client.netty.NettyClientServerCommunicationSystemClientSide - ClientID 1003, connecting to replica 7, at address: /127.0.0.1:11070
20:01:19.317 [nioEventLoopGroup-10-4] INFO bftsmart.communication.client.netty.NettyClientServerCommunicationSystemServerSide - Session Created, active clients=0
20:01:19.317 [nioEventLoopGroup-23-7] DEBUG bftsmart.communication.client.netty.NettyClientServerCommunicationSystemClientSide - Channel active
20:01:19.317 [Thread-110] DEBUG bftsmart.communication.client.netty.NettyClientServerCommunicationSystemClientSide - ClientID 1006, connecting to replica 6, at address: /127.0.0.1:11060
20:01:19.317 [nioEventLoopGroup-25-8] DEBUG bftsmart.communication.client.netty.NettyTOMMessageDecoder - new NettyTOMMessageDecoder!!, isClient=true
20:01:19.317 [nioEventLoopGroup-21-7] DEBUG bftsmart.communication.client.netty.NettyTOMMessageDecoder - new NettyTOMMessageDecoder!!, isClient=true
20:01:19.317 [Thread-106] DEBUG bftsmart.communication.client.netty.NettyClientServerCommunicationSystemClientSide - ClientID 1002, connecting to replica 6, at address: /127.0.0.1:11060
20:01:19.317 [Thread-109] DEBUG bftsmart.communication.client.netty.NettyClientServerCommunicationSystemClientSide - All channel operations completed or timed out
20:01:19.317 [Thread-108] DEBUG bftsmart.communication.client.netty.NettyClientServerCommunicationSystemClientSide - All channel operations completed or timed out
20:01:19.318 [Thread-108] DEBUG bftsmart.communication.client.netty.NettyClientServerCommunicationSystemClientSide - Sending request from 1004 with sequence number 0 to [1, 3, 6, 7, 4, 2, 5, 0]
20:01:19.318 [nioEventLoopGroup-25-8] DEBUG bftsmart.communication.client.netty.NettyClientServerCommunicationSystemClientSide - Channel active
20:01:19.318 [Thread-109] DEBUG bftsmart.communication.client.netty.NettyClientServerCommunicationSystemClientSide - Sending request from 1005 with sequence number 0 to [1, 7, 2, 3, 5, 6, 4, 0]
20:01:19.318 [nioEventLoopGroup-21-7] DEBUG bftsmart.communication.client.netty.NettyClientServerCommunicationSystemClientSide - Channel active
20:01:19.318 [Thread-105] DEBUG bftsmart.communication.client.netty.NettyClientServerCommunicationSystemClientSide - ClientID 1001, connecting to replica 7, at address: /127.0.0.1:11070
20:01:19.318 [Thread-107] DEBUG bftsmart.proxy - Sending request (ORDERED_REQUEST) with seqId = 0
20:01:19.318 [Thread-107] DEBUG bftsmart.communication.client.netty.NettyClientServerCommunicationSystemClientSide - All channel operations completed or timed out
20:01:19.318 [Thread-107] DEBUG bftsmart.communication.client.netty.NettyClientServerCommunicationSystemClientSide - Sending request from 1003 with sequence number 0 to [7, 1, 5, 3, 4, 0, 2, 6]
20:01:19.318 [nioEventLoopGroup-18-7] DEBUG bftsmart.communication.client.netty.NettyTOMMessageDecoder - new NettyTOMMessageDecoder!!, isClient=true
20:01:19.318 [nioEventLoopGroup-22-8] DEBUG bftsmart.communication.client.netty.NettyTOMMessageDecoder - new NettyTOMMessageDecoder!!, isClient=true
20:01:19.318 [nioEventLoopGroup-18-7] DEBUG bftsmart.communication.client.netty.NettyClientServerCommunicationSystemClientSide - Channel active
20:01:19.319 [nioEventLoopGroup-10-5] DEBUG bftsmart.communication.client.netty.NettyTOMMessageDecoder - new NettyTOMMessageDecoder!!, isClient=false
20:01:19.319 [nioEventLoopGroup-22-8] DEBUG bftsmart.communication.client.netty.NettyClientServerCommunicationSystemClientSide - Channel active
20:01:19.319 [Thread-105] DEBUG bftsmart.proxy - Sending request (ORDERED_REQUEST) with seqId = 0
20:01:19.319 [nioEventLoopGroup-12-4] DEBUG bftsmart.communication.client.netty.NettyTOMMessageDecoder - new NettyTOMMessageDecoder!!, isClient=false
20:01:19.319 [Thread-105] DEBUG bftsmart.communication.client.netty.NettyClientServerCommunicationSystemClientSide - All channel operations completed or timed out
20:01:19.319 [Thread-105] DEBUG bftsmart.communication.client.netty.NettyClientServerCommunicationSystemClientSide - Sending request from 1001 with sequence number 0 to [0, 1, 6, 3, 4, 7, 2, 5]
20:01:19.319 [nioEventLoopGroup-10-5] INFO bftsmart.communication.client.netty.NettyClientServerCommunicationSystemServerSide - Session Created, active clients=0
20:01:19.319 [Thread-104] DEBUG bftsmart.communication.client.netty.NettyClientServerCommunicationSystemClientSide - ClientID 1000, connecting to replica 6, at address: /127.0.0.1:11060
20:01:19.319 [nioEventLoopGroup-19-7] DEBUG bftsmart.communication.client.netty.NettyTOMMessageDecoder - new NettyTOMMessageDecoder!!, isClient=true
20:01:19.320 [nioEventLoopGroup-12-4] INFO bftsmart.communication.client.netty.NettyClientServerCommunicationSystemServerSide - Session Created, active clients=0
20:01:19.320 [Thread-106] DEBUG bftsmart.communication.client.netty.NettyClientServerCommunicationSystemClientSide - ClientID 1002, connecting to replica 7, at address: /127.0.0.1:11070
20:01:19.320 [nioEventLoopGroup-16-7] DEBUG bftsmart.communication.client.netty.NettyTOMMessageDecoder - new NettyTOMMessageDecoder!!, isClient=false
20:01:19.320 [nioEventLoopGroup-19-7] DEBUG bftsmart.communication.client.netty.NettyClientServerCommunicationSystemClientSide - Channel active
20:01:19.320 [nioEventLoopGroup-16-7] INFO bftsmart.communication.client.netty.NettyClientServerCommunicationSystemServerSide - Session Created, active clients=0
20:01:19.320 [nioEventLoopGroup-18-8] DEBUG bftsmart.communication.client.netty.NettyTOMMessageDecoder - new NettyTOMMessageDecoder!!, isClient=true
20:01:19.320 [nioEventLoopGroup-16-8] DEBUG bftsmart.communication.client.netty.NettyTOMMessageDecoder - new NettyTOMMessageDecoder!!, isClient=false
20:01:19.321 [nioEventLoopGroup-18-8] DEBUG bftsmart.communication.client.netty.NettyClientServerCommunicationSystemClientSide - Channel active
20:01:19.321 [Thread-106] DEBUG bftsmart.proxy - Sending request (ORDERED_REQUEST) with seqId = 0
20:01:19.321 [nioEventLoopGroup-16-8] INFO bftsmart.communication.client.netty.NettyClientServerCommunicationSystemServerSide - Session Created, active clients=0
20:01:19.321 [nioEventLoopGroup-12-5] DEBUG bftsmart.communication.client.netty.NettyTOMMessageDecoder - new NettyTOMMessageDecoder!!, isClient=false
20:01:19.321 [Thread-106] DEBUG bftsmart.communication.client.netty.NettyClientServerCommunicationSystemClientSide - All channel operations completed or timed out
20:01:19.321 [Thread-106] DEBUG bftsmart.communication.client.netty.NettyClientServerCommunicationSystemClientSide - Sending request from 1002 with sequence number 0 to [5, 4, 6, 1, 7, 2, 0, 3]
20:01:19.321 [nioEventLoopGroup-12-5] INFO bftsmart.communication.client.netty.NettyClientServerCommunicationSystemServerSide - Session Created, active clients=0
20:01:19.321 [nioEventLoopGroup-10-6] DEBUG bftsmart.communication.client.netty.NettyTOMMessageDecoder - new NettyTOMMessageDecoder!!, isClient=false
20:01:19.321 [nioEventLoopGroup-10-6] INFO bftsmart.communication.client.netty.NettyClientServerCommunicationSystemServerSide - Session Created, active clients=0
20:01:19.321 [nioEventLoopGroup-21-8] DEBUG bftsmart.communication.client.netty.NettyTOMMessageDecoder - new NettyTOMMessageDecoder!!, isClient=true
20:01:19.321 [Thread-110] DEBUG bftsmart.communication.client.netty.NettyClientServerCommunicationSystemClientSide - ClientID 1006, connecting to replica 7, at address: /127.0.0.1:11070
20:01:19.321 [Thread-111] DEBUG bftsmart.communication.client.netty.NettyClientServerCommunicationSystemClientSide - ClientID 1007, connecting to replica 7, at address: /127.0.0.1:11070
20:01:19.322 [nioEventLoopGroup-21-8] DEBUG bftsmart.communication.client.netty.NettyClientServerCommunicationSystemClientSide - Channel active
20:01:19.322 [Thread-110] DEBUG bftsmart.proxy - Sending request (ORDERED_REQUEST) with seqId = 0
20:01:19.322 [Thread-110] DEBUG bftsmart.communication.client.netty.NettyClientServerCommunicationSystemClientSide - All channel operations completed or timed out
20:01:19.322 [Thread-110] DEBUG bftsmart.communication.client.netty.NettyClientServerCommunicationSystemClientSide - Sending request from 1006 with sequence number 0 to [6, 0, 5, 7, 3, 1, 2, 4]
20:01:19.322 [nioEventLoopGroup-23-8] DEBUG bftsmart.communication.client.netty.NettyTOMMessageDecoder - new NettyTOMMessageDecoder!!, isClient=true
20:01:19.322 [nioEventLoopGroup-10-7] DEBUG bftsmart.communication.client.netty.NettyTOMMessageDecoder - new NettyTOMMessageDecoder!!, isClient=false
20:01:19.322 [nioEventLoopGroup-10-7] INFO bftsmart.communication.client.netty.NettyClientServerCommunicationSystemServerSide - Session Created, active clients=0
20:01:19.322 [nioEventLoopGroup-23-8] DEBUG bftsmart.communication.client.netty.NettyClientServerCommunicationSystemClientSide - Channel active
20:01:19.322 [nioEventLoopGroup-12-6] DEBUG bftsmart.communication.client.netty.NettyTOMMessageDecoder - new NettyTOMMessageDecoder!!, isClient=false
20:01:19.322 [Thread-111] DEBUG bftsmart.proxy - Sending request (ORDERED_REQUEST) with seqId = 0
20:01:19.322 [Thread-104] DEBUG bftsmart.communication.client.netty.NettyClientServerCommunicationSystemClientSide - ClientID 1000, connecting to replica 7, at address: /127.0.0.1:11070
20:01:19.323 [Thread-109] DEBUG io.netty.util.Recycler - -Dio.netty.recycler.maxCapacityPerThread: 4096
20:01:19.322 [Thread-111] DEBUG bftsmart.communication.client.netty.NettyClientServerCommunicationSystemClientSide - All channel operations completed or timed out
20:01:19.323 [Thread-111] DEBUG bftsmart.communication.client.netty.NettyClientServerCommunicationSystemClientSide - Sending request from 1007 with sequence number 0 to [2, 5, 6, 1, 4, 0, 7, 3]
20:01:19.323 [nioEventLoopGroup-12-6] INFO bftsmart.communication.client.netty.NettyClientServerCommunicationSystemServerSide - Session Created, active clients=0
20:01:19.323 [Thread-109] DEBUG io.netty.util.Recycler - -Dio.netty.recycler.maxSharedCapacityFactor: 2
20:01:19.323 [nioEventLoopGroup-19-8] DEBUG bftsmart.communication.client.netty.NettyTOMMessageDecoder - new NettyTOMMessageDecoder!!, isClient=true
20:01:19.323 [nioEventLoopGroup-13-4] DEBUG bftsmart.communication.client.netty.NettyTOMMessageDecoder - new NettyTOMMessageDecoder!!, isClient=false
20:01:19.323 [nioEventLoopGroup-13-3] DEBUG bftsmart.communication.client.netty.NettyTOMMessageDecoder - new NettyTOMMessageDecoder!!, isClient=false
20:01:19.323 [Thread-109] DEBUG io.netty.util.Recycler - -Dio.netty.recycler.linkCapacity: 16
20:01:19.323 [Thread-109] DEBUG io.netty.util.Recycler - -Dio.netty.recycler.ratio: 8
20:01:19.323 [Thread-109] DEBUG io.netty.util.Recycler - -Dio.netty.recycler.delayedQueue.ratio: 8
20:01:19.323 [nioEventLoopGroup-13-3] INFO bftsmart.communication.client.netty.NettyClientServerCommunicationSystemServerSide - Session Created, active clients=0
20:01:19.323 [nioEventLoopGroup-10-8] DEBUG bftsmart.communication.client.netty.NettyTOMMessageDecoder - new NettyTOMMessageDecoder!!, isClient=false
20:01:19.323 [nioEventLoopGroup-13-5] DEBUG bftsmart.communication.client.netty.NettyTOMMessageDecoder - new NettyTOMMessageDecoder!!, isClient=false
20:01:19.324 [nioEventLoopGroup-10-8] INFO bftsmart.communication.client.netty.NettyClientServerCommunicationSystemServerSide - Session Created, active clients=0
20:01:19.324 [nioEventLoopGroup-13-5] INFO bftsmart.communication.client.netty.NettyClientServerCommunicationSystemServerSide - Session Created, active clients=0
20:01:19.324 [nioEventLoopGroup-13-4] INFO bftsmart.communication.client.netty.NettyClientServerCommunicationSystemServerSide - Session Created, active clients=0
20:01:19.324 [nioEventLoopGroup-19-8] DEBUG bftsmart.communication.client.netty.NettyClientServerCommunicationSystemClientSide - Channel active
20:01:19.324 [Thread-104] DEBUG bftsmart.proxy - Sending request (ORDERED_REQUEST) with seqId = 0
20:01:19.324 [nioEventLoopGroup-12-7] DEBUG bftsmart.communication.client.netty.NettyTOMMessageDecoder - new NettyTOMMessageDecoder!!, isClient=false
20:01:19.324 [Thread-104] DEBUG bftsmart.communication.client.netty.NettyClientServerCommunicationSystemClientSide - All channel operations completed or timed out
20:01:19.324 [Thread-104] DEBUG bftsmart.communication.client.netty.NettyClientServerCommunicationSystemClientSide - Sending request from 1000 with sequence number 0 to [7, 4, 5, 3, 6, 1, 0, 2]
20:01:19.324 [nioEventLoopGroup-13-6] DEBUG bftsmart.communication.client.netty.NettyTOMMessageDecoder - new NettyTOMMessageDecoder!!, isClient=false
20:01:19.324 [nioEventLoopGroup-12-8] DEBUG bftsmart.communication.client.netty.NettyTOMMessageDecoder - new NettyTOMMessageDecoder!!, isClient=false
20:01:19.325 [nioEventLoopGroup-12-7] INFO bftsmart.communication.client.netty.NettyClientServerCommunicationSystemServerSide - Session Created, active clients=0
20:01:19.325 [nioEventLoopGroup-12-8] INFO bftsmart.communication.client.netty.NettyClientServerCommunicationSystemServerSide - Session Created, active clients=0
20:01:19.326 [nioEventLoopGroup-13-6] INFO bftsmart.communication.client.netty.NettyClientServerCommunicationSystemServerSide - Session Created, active clients=0
20:01:19.326 [Thread-106] DEBUG bftsmart.proxy - Expected number of matching replies: 3
20:01:19.326 [nioEventLoopGroup-13-8] DEBUG bftsmart.communication.client.netty.NettyTOMMessageDecoder - new NettyTOMMessageDecoder!!, isClient=false
20:01:19.326 [nioEventLoopGroup-13-7] DEBUG bftsmart.communication.client.netty.NettyTOMMessageDecoder - new NettyTOMMessageDecoder!!, isClient=false
20:01:19.328 [Thread-105] DEBUG bftsmart.proxy - Expected number of matching replies: 3
20:01:19.326 [Thread-111] DEBUG bftsmart.proxy - Expected number of matching replies: 3
20:01:19.328 [nioEventLoopGroup-13-8] INFO bftsmart.communication.client.netty.NettyClientServerCommunicationSystemServerSide - Session Created, active clients=0
20:01:19.327 [Thread-108] DEBUG bftsmart.proxy - Expected number of matching replies: 3
20:01:19.327 [Thread-109] DEBUG bftsmart.proxy - Expected number of matching replies: 3
20:01:19.327 [Thread-104] DEBUG bftsmart.proxy - Expected number of matching replies: 3
20:01:19.328 [nioEventLoopGroup-13-7] INFO bftsmart.communication.client.netty.NettyClientServerCommunicationSystemServerSide - Session Created, active clients=0
20:01:19.328 [Thread-110] DEBUG bftsmart.proxy - Expected number of matching replies: 3
20:01:19.328 [Thread-107] DEBUG bftsmart.proxy - Expected number of matching replies: 3
20:01:19.334 [nioEventLoopGroup-20-8] DEBUG io.netty.buffer.AbstractByteBuf - -Dio.netty.buffer.checkAccessible: true
20:01:19.334 [nioEventLoopGroup-20-8] DEBUG io.netty.buffer.AbstractByteBuf - -Dio.netty.buffer.checkBounds: true
20:01:19.335 [nioEventLoopGroup-20-8] DEBUG io.netty.util.ResourceLeakDetectorFactory - Loaded default ResourceLeakDetector: io.netty.util.ResourceLeakDetector@17d2d835
20:01:19.412 [nioEventLoopGroup-18-1] DEBUG bftsmart.communication.client.netty.NettyClientServerCommunicationSystemClientSide - 2 channel operations remaining to complete
20:01:19.412 [nioEventLoopGroup-22-2] DEBUG bftsmart.communication.client.netty.NettyClientServerCommunicationSystemClientSide - 2 channel operations remaining to complete
20:01:19.412 [nioEventLoopGroup-25-2] DEBUG bftsmart.communication.client.netty.NettyClientServerCommunicationSystemClientSide - 2 channel operations remaining to complete
20:01:19.412 [nioEventLoopGroup-20-7] DEBUG bftsmart.communication.client.netty.NettyClientServerCommunicationSystemClientSide - 2 channel operations remaining to complete
20:01:19.412 [nioEventLoopGroup-18-6] DEBUG bftsmart.communication.client.netty.NettyClientServerCommunicationSystemClientSide - 1 channel operations remaining to complete
20:01:19.412 [nioEventLoopGroup-23-1] DEBUG bftsmart.communication.client.netty.NettyClientServerCommunicationSystemClientSide - 2 channel operations remaining to complete
20:01:19.412 [nioEventLoopGroup-19-7] DEBUG bftsmart.communication.client.netty.NettyClientServerCommunicationSystemClientSide - 2 channel operations remaining to complete
20:01:19.412 [nioEventLoopGroup-24-5] DEBUG bftsmart.communication.client.netty.NettyClientServerCommunicationSystemClientSide - 2 channel operations remaining to complete
20:01:19.412 [nioEventLoopGroup-24-6] DEBUG bftsmart.communication.client.netty.NettyClientServerCommunicationSystemClientSide - 1 channel operations remaining to complete
20:01:19.412 [nioEventLoopGroup-18-8] DEBUG bftsmart.communication.client.netty.NettyClientServerCommunicationSystemClientSide - 0 channel operations remaining to complete
20:01:19.412 [nioEventLoopGroup-21-2] DEBUG bftsmart.communication.client.netty.NettyClientServerCommunicationSystemClientSide - 2 channel operations remaining to complete
20:01:19.412 [nioEventLoopGroup-20-2] DEBUG bftsmart.communication.client.netty.NettyClientServerCommunicationSystemClientSide - 1 channel operations remaining to complete
20:01:19.413 [nioEventLoopGroup-19-6] DEBUG bftsmart.communication.client.netty.NettyClientServerCommunicationSystemClientSide - 1 channel operations remaining to complete
20:01:19.413 [nioEventLoopGroup-23-6] DEBUG bftsmart.communication.client.netty.NettyClientServerCommunicationSystemClientSide - 1 channel operations remaining to complete
20:01:19.414 [nioEventLoopGroup-24-3] DEBUG bftsmart.communication.client.netty.NettyClientServerCommunicationSystemClientSide - 0 channel operations remaining to complete
20:01:19.414 [nioEventLoopGroup-18-7] DEBUG bftsmart.communication.client.netty.NettyClientServerCommunicationSystemClientSide - -1 channel operations remaining to complete
20:01:19.415 [nioEventLoopGroup-23-8] DEBUG bftsmart.communication.client.netty.NettyClientServerCommunicationSystemClientSide - 0 channel operations remaining to complete
20:01:19.415 [nioEventLoopGroup-24-4] DEBUG bftsmart.communication.client.netty.NettyClientServerCommunicationSystemClientSide - -1 channel operations remaining to complete
20:01:19.415 [nioEventLoopGroup-23-5] DEBUG bftsmart.communication.client.netty.NettyClientServerCommunicationSystemClientSide - -1 channel operations remaining to complete
20:01:19.415 [nioEventLoopGroup-22-3] DEBUG bftsmart.communication.client.netty.NettyClientServerCommunicationSystemClientSide - 1 channel operations remaining to complete
20:01:19.415 [nioEventLoopGroup-18-5] DEBUG bftsmart.communication.client.netty.NettyClientServerCommunicationSystemClientSide - -2 channel operations remaining to complete
20:01:19.415 [nioEventLoopGroup-21-6] DEBUG bftsmart.communication.client.netty.NettyClientServerCommunicationSystemClientSide - 1 channel operations remaining to complete
20:01:19.415 [nioEventLoopGroup-24-1] DEBUG bftsmart.communication.client.netty.NettyClientServerCommunicationSystemClientSide - -2 channel operations remaining to complete
20:01:19.415 [nioEventLoopGroup-18-4] DEBUG bftsmart.communication.client.netty.NettyClientServerCommunicationSystemClientSide - -3 channel operations remaining to complete
20:01:19.415 [nioEventLoopGroup-23-3] DEBUG bftsmart.communication.client.netty.NettyClientServerCommunicationSystemClientSide - -2 channel operations remaining to complete
20:01:19.415 [nioEventLoopGroup-21-1] DEBUG bftsmart.communication.client.netty.NettyClientServerCommunicationSystemClientSide - 0 channel operations remaining to complete
20:01:19.415 [nioEventLoopGroup-24-8] DEBUG bftsmart.communication.client.netty.NettyClientServerCommunicationSystemClientSide - -3 channel operations remaining to complete
20:01:19.415 [nioEventLoopGroup-21-8] DEBUG bftsmart.communication.client.netty.NettyClientServerCommunicationSystemClientSide - -1 channel operations remaining to complete
20:01:19.415 [nioEventLoopGroup-24-7] DEBUG bftsmart.communication.client.netty.NettyClientServerCommunicationSystemClientSide - -4 channel operations remaining to complete
20:01:19.415 [nioEventLoopGroup-21-7] DEBUG bftsmart.communication.client.netty.NettyClientServerCommunicationSystemClientSide - -2 channel operations remaining to complete
20:01:19.415 [nioEventLoopGroup-19-1] DEBUG bftsmart.communication.client.netty.NettyClientServerCommunicationSystemClientSide - 0 channel operations remaining to complete
20:01:19.415 [nioEventLoopGroup-22-5] DEBUG bftsmart.communication.client.netty.NettyClientServerCommunicationSystemClientSide - 0 channel operations remaining to complete
20:01:19.415 [nioEventLoopGroup-22-4] DEBUG bftsmart.communication.client.netty.NettyClientServerCommunicationSystemClientSide - -1 channel operations remaining to complete
20:01:19.415 [nioEventLoopGroup-23-7] DEBUG bftsmart.communication.client.netty.NettyClientServerCommunicationSystemClientSide - -3 channel operations remaining to complete
20:01:19.415 [nioEventLoopGroup-21-4] DEBUG bftsmart.communication.client.netty.NettyClientServerCommunicationSystemClientSide - -3 channel operations remaining to complete
20:01:19.415 [nioEventLoopGroup-20-3] DEBUG bftsmart.communication.client.netty.NettyClientServerCommunicationSystemClientSide - 0 channel operations remaining to complete
20:01:19.416 [nioEventLoopGroup-20-1] DEBUG bftsmart.communication.client.netty.NettyClientServerCommunicationSystemClientSide - -1 channel operations remaining to complete
20:01:19.415 [nioEventLoopGroup-23-2] DEBUG bftsmart.communication.client.netty.NettyClientServerCommunicationSystemClientSide - -4 channel operations remaining to complete
20:01:19.415 [nioEventLoopGroup-18-2] DEBUG bftsmart.communication.client.netty.NettyClientServerCommunicationSystemClientSide - -4 channel operations remaining to complete
20:01:19.415 [nioEventLoopGroup-19-8] DEBUG bftsmart.communication.client.netty.NettyClientServerCommunicationSystemClientSide - -1 channel operations remaining to complete
20:01:19.415 [nioEventLoopGroup-22-7] DEBUG bftsmart.communication.client.netty.NettyClientServerCommunicationSystemClientSide - -2 channel operations remaining to complete
20:01:19.416 [nioEventLoopGroup-23-4] DEBUG bftsmart.communication.client.netty.NettyClientServerCommunicationSystemClientSide - -5 channel operations remaining to complete
20:01:19.417 [nioEventLoopGroup-18-3] DEBUG bftsmart.communication.client.netty.NettyClientServerCommunicationSystemClientSide - -5 channel operations remaining to complete
20:01:19.417 [nioEventLoopGroup-22-6] DEBUG bftsmart.communication.client.netty.NettyClientServerCommunicationSystemClientSide - -3 channel operations remaining to complete
20:01:19.417 [nioEventLoopGroup-25-8] DEBUG bftsmart.communication.client.netty.NettyClientServerCommunicationSystemClientSide - 1 channel operations remaining to complete
20:01:19.417 [nioEventLoopGroup-20-4] DEBUG bftsmart.communication.client.netty.NettyClientServerCommunicationSystemClientSide - -2 channel operations remaining to complete
20:01:19.419 [nioEventLoopGroup-24-2] DEBUG bftsmart.communication.client.netty.NettyClientServerCommunicationSystemClientSide - -5 channel operations remaining to complete
20:01:19.419 [nioEventLoopGroup-22-8] DEBUG bftsmart.communication.client.netty.NettyClientServerCommunicationSystemClientSide - -4 channel operations remaining to complete
20:01:19.417 [nioEventLoopGroup-19-3] DEBUG bftsmart.communication.client.netty.NettyClientServerCommunicationSystemClientSide - -2 channel operations remaining to complete
20:01:19.419 [nioEventLoopGroup-20-8] DEBUG bftsmart.communication.client.netty.NettyClientServerCommunicationSystemClientSide - -3 channel operations remaining to complete
20:01:19.419 [nioEventLoopGroup-22-1] DEBUG bftsmart.communication.client.netty.NettyClientServerCommunicationSystemClientSide - -5 channel operations remaining to complete
20:01:19.419 [nioEventLoopGroup-19-5] DEBUG bftsmart.communication.client.netty.NettyClientServerCommunicationSystemClientSide - -3 channel operations remaining to complete
20:01:19.419 [nioEventLoopGroup-25-7] DEBUG bftsmart.communication.client.netty.NettyClientServerCommunicationSystemClientSide - 0 channel operations remaining to complete
20:01:19.419 [nioEventLoopGroup-20-6] DEBUG bftsmart.communication.client.netty.NettyClientServerCommunicationSystemClientSide - -4 channel operations remaining to complete
20:01:19.419 [nioEventLoopGroup-19-4] DEBUG bftsmart.communication.client.netty.NettyClientServerCommunicationSystemClientSide - -4 channel operations remaining to complete
20:01:19.421 [nioEventLoopGroup-20-5] DEBUG bftsmart.communication.client.netty.NettyClientServerCommunicationSystemClientSide - -5 channel operations remaining to complete
20:01:19.421 [nioEventLoopGroup-19-2] DEBUG bftsmart.communication.client.netty.NettyClientServerCommunicationSystemClientSide - -5 channel operations remaining to complete
20:01:19.435 [nioEventLoopGroup-25-3] DEBUG bftsmart.communication.client.netty.NettyClientServerCommunicationSystemClientSide - -1 channel operations remaining to complete
20:01:19.435 [nioEventLoopGroup-25-1] DEBUG bftsmart.communication.client.netty.NettyClientServerCommunicationSystemClientSide - -2 channel operations remaining to complete
20:01:19.435 [nioEventLoopGroup-25-5] DEBUG bftsmart.communication.client.netty.NettyClientServerCommunicationSystemClientSide - -3 channel operations remaining to complete
20:01:19.436 [nioEventLoopGroup-25-4] DEBUG bftsmart.communication.client.netty.NettyClientServerCommunicationSystemClientSide - -4 channel operations remaining to complete
20:01:19.436 [nioEventLoopGroup-12-7] DEBUG bftsmart.communication.client.netty.NettyTOMMessageDecoder - Active clients: 1
20:01:19.436 [nioEventLoopGroup-11-8] DEBUG bftsmart.communication.client.netty.NettyTOMMessageDecoder - Active clients: 1
20:01:19.436 [nioEventLoopGroup-15-6] DEBUG bftsmart.communication.client.netty.NettyTOMMessageDecoder - Active clients: 1
20:01:19.436 [nioEventLoopGroup-11-8] DEBUG bftsmart.communication.client.netty.NettyTOMMessageDecoder - Decoded reply from 1000 with sequence number 0
20:01:19.436 [nioEventLoopGroup-12-7] DEBUG bftsmart.communication.client.netty.NettyTOMMessageDecoder - Decoded reply from 1002 with sequence number 0
20:01:19.436 [nioEventLoopGroup-10-5] DEBUG bftsmart.communication.client.netty.NettyTOMMessageDecoder - Active clients: 1
20:01:19.436 [nioEventLoopGroup-17-1] DEBUG bftsmart.communication.client.netty.NettyTOMMessageDecoder - Active clients: 1
20:01:19.436 [nioEventLoopGroup-10-5] DEBUG bftsmart.communication.client.netty.NettyTOMMessageDecoder - Decoded reply from 1006 with sequence number 0
20:01:19.436 [nioEventLoopGroup-15-6] DEBUG bftsmart.communication.client.netty.NettyTOMMessageDecoder - Decoded reply from 1003 with sequence number 0
20:01:19.436 [nioEventLoopGroup-11-7] DEBUG bftsmart.communication.client.netty.NettyTOMMessageDecoder - Active clients: 2
20:01:19.436 [nioEventLoopGroup-11-7] DEBUG bftsmart.communication.client.netty.NettyTOMMessageDecoder - Decoded reply from 1001 with sequence number 0
20:01:19.436 [nioEventLoopGroup-17-1] DEBUG bftsmart.communication.client.netty.NettyTOMMessageDecoder - Decoded reply from 1006 with sequence number 0
20:01:19.436 [nioEventLoopGroup-15-7] DEBUG bftsmart.communication.client.netty.NettyTOMMessageDecoder - Active clients: 2
20:01:19.436 [nioEventLoopGroup-16-2] DEBUG bftsmart.communication.client.netty.NettyTOMMessageDecoder - Active clients: 1
20:01:19.436 [nioEventLoopGroup-11-6] DEBUG bftsmart.communication.client.netty.NettyTOMMessageDecoder - Active clients: 3
20:01:19.436 [nioEventLoopGroup-11-6] DEBUG bftsmart.communication.client.netty.NettyTOMMessageDecoder - Decoded reply from 1003 with sequence number 0
20:01:19.436 [nioEventLoopGroup-17-4] DEBUG bftsmart.communication.client.netty.NettyTOMMessageDecoder - Active clients: 2
20:01:19.436 [nioEventLoopGroup-12-5] DEBUG bftsmart.communication.client.netty.NettyTOMMessageDecoder - Active clients: 2
20:01:19.436 [nioEventLoopGroup-16-2] DEBUG bftsmart.communication.client.netty.NettyTOMMessageDecoder - Decoded reply from 1007 with sequence number 0
20:01:19.436 [nioEventLoopGroup-16-6] DEBUG bftsmart.communication.client.netty.NettyTOMMessageDecoder - Active clients: 2
20:01:19.436 [nioEventLoopGroup-10-8] DEBUG bftsmart.communication.client.netty.NettyTOMMessageDecoder - Active clients: 2
20:01:19.436 [nioEventLoopGroup-13-6] DEBUG bftsmart.communication.client.netty.NettyTOMMessageDecoder - Active clients: 1
20:01:19.436 [nioEventLoopGroup-16-6] DEBUG bftsmart.communication.client.netty.NettyTOMMessageDecoder - Decoded reply from 1003 with sequence number 0
20:01:19.436 [nioEventLoopGroup-16-1] DEBUG bftsmart.communication.client.netty.NettyTOMMessageDecoder - Active clients: 3
20:01:19.436 [nioEventLoopGroup-11-1] DEBUG bftsmart.communication.client.netty.NettyTOMMessageDecoder - Active clients: 4
20:01:19.436 [nioEventLoopGroup-11-1] DEBUG bftsmart.communication.client.netty.NettyTOMMessageDecoder - Decoded reply from 1004 with sequence number 0
20:01:19.436 [nioEventLoopGroup-25-6] DEBUG bftsmart.communication.client.netty.NettyClientServerCommunicationSystemClientSide - -5 channel operations remaining to complete
20:01:19.436 [nioEventLoopGroup-12-3] DEBUG bftsmart.communication.client.netty.NettyTOMMessageDecoder - Active clients: 3
20:01:19.436 [nioEventLoopGroup-12-3] DEBUG bftsmart.communication.client.netty.NettyTOMMessageDecoder - Decoded reply from 1003 with sequence number 0
20:01:19.436 [nioEventLoopGroup-14-5] DEBUG bftsmart.communication.client.netty.NettyTOMMessageDecoder - Active clients: 1
20:01:19.436 [nioEventLoopGroup-14-5] DEBUG bftsmart.communication.client.netty.NettyTOMMessageDecoder - Decoded reply from 1003 with sequence number 0
20:01:19.436 [nioEventLoopGroup-13-5] DEBUG bftsmart.communication.client.netty.NettyTOMMessageDecoder - Active clients: 2
20:01:19.436 [nioEventLoopGroup-13-5] DEBUG bftsmart.communication.client.netty.NettyTOMMessageDecoder - Decoded reply from 1002 with sequence number 0
20:01:19.436 [nioEventLoopGroup-16-7] DEBUG bftsmart.communication.client.netty.NettyTOMMessageDecoder - Active clients: 4
20:01:19.436 [nioEventLoopGroup-16-7] DEBUG bftsmart.communication.client.netty.NettyTOMMessageDecoder - Decoded reply from 1000 with sequence number 0
20:01:19.436 [nioEventLoopGroup-21-5] DEBUG bftsmart.communication.client.netty.NettyClientServerCommunicationSystemClientSide - -4 channel operations remaining to complete
20:01:19.436 [nioEventLoopGroup-14-3] DEBUG bftsmart.communication.client.netty.NettyTOMMessageDecoder - Active clients: 2
20:01:19.436 [nioEventLoopGroup-14-3] DEBUG bftsmart.communication.client.netty.NettyTOMMessageDecoder - Decoded reply from 1004 with sequence number 0
20:01:19.436 [nioEventLoopGroup-11-4] DEBUG bftsmart.communication.client.netty.NettyTOMMessageDecoder - Active clients: 5
20:01:19.436 [nioEventLoopGroup-11-4] DEBUG bftsmart.communication.client.netty.NettyTOMMessageDecoder - Decoded reply from 1007 with sequence number 0
20:01:19.436 [nioEventLoopGroup-15-5] DEBUG bftsmart.communication.client.netty.NettyTOMMessageDecoder - Active clients: 3
20:01:19.436 [nioEventLoopGroup-14-3] DEBUG bftsmart.tom.core.TOMLayer - Received TOMMessage from client 1004 with sequence number 0 for session 906829679
20:01:19.436 [nioEventLoopGroup-12-7] DEBUG bftsmart.tom.core.TOMLayer - Received TOMMessage from client 1002 with sequence number 0 for session -9836715
20:01:19.436 [nioEventLoopGroup-13-5] DEBUG bftsmart.tom.core.TOMLayer - Received TOMMessage from client 1002 with sequence number 0 for session -9836715
20:01:19.436 [nioEventLoopGroup-12-7] DEBUG bftsmart.clientsmanagement.ClientsManager - Creating new client data, client id=1002
20:01:19.436 [nioEventLoopGroup-13-5] DEBUG bftsmart.clientsmanagement.ClientsManager - Creating new client data, client id=1002
20:01:19.436 [nioEventLoopGroup-17-2] DEBUG bftsmart.communication.client.netty.NettyTOMMessageDecoder - Active clients: 3
20:01:19.437 [nioEventLoopGroup-14-1] DEBUG bftsmart.communication.client.netty.NettyTOMMessageDecoder - Active clients: 3
20:01:19.437 [nioEventLoopGroup-14-5] DEBUG bftsmart.tom.core.TOMLayer - Received TOMMessage from client 1003 with sequence number 0 for session -1174399241
20:01:19.437 [nioEventLoopGroup-14-1] DEBUG bftsmart.communication.client.netty.NettyTOMMessageDecoder - Decoded reply from 1006 with sequence number 0
20:01:19.437 [nioEventLoopGroup-17-2] DEBUG bftsmart.communication.client.netty.NettyTOMMessageDecoder - Decoded reply from 1004 with sequence number 0
20:01:19.437 [nioEventLoopGroup-17-6] DEBUG bftsmart.communication.client.netty.NettyTOMMessageDecoder - Active clients: 4
20:01:19.437 [nioEventLoopGroup-11-1] DEBUG bftsmart.tom.core.TOMLayer - Received TOMMessage from client 1004 with sequence number 0 for session 906829679
20:01:19.436 [nioEventLoopGroup-17-4] DEBUG bftsmart.communication.client.netty.NettyTOMMessageDecoder - Decoded reply from 1007 with sequence number 0
20:01:19.437 [nioEventLoopGroup-11-1] DEBUG bftsmart.clientsmanagement.ClientsManager - Creating new client data, client id=1004
20:01:19.437 [nioEventLoopGroup-17-6] DEBUG bftsmart.communication.client.netty.NettyTOMMessageDecoder - Decoded reply from 1003 with sequence number 0
20:01:19.437 [nioEventLoopGroup-21-3] DEBUG bftsmart.communication.client.netty.NettyClientServerCommunicationSystemClientSide - -5 channel operations remaining to complete
20:01:19.436 [nioEventLoopGroup-12-5] DEBUG bftsmart.communication.client.netty.NettyTOMMessageDecoder - Decoded reply from 1007 with sequence number 0
20:01:19.437 [nioEventLoopGroup-10-2] DEBUG bftsmart.communication.client.netty.NettyTOMMessageDecoder - Active clients: 3
20:01:19.437 [nioEventLoopGroup-17-4] DEBUG bftsmart.tom.core.TOMLayer - Received TOMMessage from client 1007 with sequence number 0 for session -797304548
20:01:19.437 [nioEventLoopGroup-10-6] DEBUG bftsmart.communication.client.netty.NettyTOMMessageDecoder - Active clients: 4
20:01:19.437 [nioEventLoopGroup-16-5] DEBUG bftsmart.communication.client.netty.NettyTOMMessageDecoder - Active clients: 5
20:01:19.437 [nioEventLoopGroup-10-6] DEBUG bftsmart.communication.client.netty.NettyTOMMessageDecoder - Decoded reply from 1007 with sequence number 0
20:01:19.437 [nioEventLoopGroup-16-5] DEBUG bftsmart.communication.client.netty.NettyTOMMessageDecoder - Decoded reply from 1005 with sequence number 0
20:01:19.436 [nioEventLoopGroup-13-6] DEBUG bftsmart.communication.client.netty.NettyTOMMessageDecoder - Decoded reply from 1006 with sequence number 0
20:01:19.437 [nioEventLoopGroup-12-5] DEBUG bftsmart.tom.core.TOMLayer - Received TOMMessage from client 1007 with sequence number 0 for session -797304548
20:01:19.437 [nioEventLoopGroup-10-6] DEBUG bftsmart.tom.core.TOMLayer - Received TOMMessage from client 1007 with sequence number 0 for session -797304548
20:01:19.436 [nioEventLoopGroup-16-1] DEBUG bftsmart.communication.client.netty.NettyTOMMessageDecoder - Decoded reply from 1004 with sequence number 0
20:01:19.437 [nioEventLoopGroup-10-6] DEBUG bftsmart.clientsmanagement.ClientsManager - Creating new client data, client id=1007
20:01:19.437 [nioEventLoopGroup-14-4] DEBUG bftsmart.communication.client.netty.NettyTOMMessageDecoder - Active clients: 4
20:01:19.437 [nioEventLoopGroup-14-4] DEBUG bftsmart.communication.client.netty.NettyTOMMessageDecoder - Decoded reply from 1001 with sequence number 0
20:01:19.437 [nioEventLoopGroup-13-6] DEBUG bftsmart.tom.core.TOMLayer - Received TOMMessage from client 1006 with sequence number 0 for session -357618377
20:01:19.437 [nioEventLoopGroup-11-8] DEBUG bftsmart.tom.core.TOMLayer - Received TOMMessage from client 1000 with sequence number 0 for session 927359099
20:01:19.436 [nioEventLoopGroup-15-7] DEBUG bftsmart.communication.client.netty.NettyTOMMessageDecoder - Decoded reply from 1001 with sequence number 0
20:01:19.437 [nioEventLoopGroup-16-2] DEBUG bftsmart.tom.core.TOMLayer - Received TOMMessage from client 1007 with sequence number 0 for session -797304548
20:01:19.437 [nioEventLoopGroup-16-1] DEBUG bftsmart.tom.core.TOMLayer - Received TOMMessage from client 1004 with sequence number 0 for session 906829679
20:01:19.437 [nioEventLoopGroup-15-3] DEBUG bftsmart.communication.client.netty.NettyTOMMessageDecoder - Active clients: 4
20:01:19.437 [nioEventLoopGroup-15-3] DEBUG bftsmart.communication.client.netty.NettyTOMMessageDecoder - Decoded reply from 1005 with sequence number 0
20:01:19.437 [nioEventLoopGroup-11-6] DEBUG bftsmart.tom.core.TOMLayer - Received TOMMessage from client 1003 with sequence number 0 for session -1174399241
20:01:19.437 [nioEventLoopGroup-10-1] DEBUG bftsmart.communication.client.netty.NettyTOMMessageDecoder - Active clients: 5
20:01:19.437 [nioEventLoopGroup-15-3] DEBUG bftsmart.tom.core.TOMLayer - Received TOMMessage from client 1005 with sequence number 0 for session 984428796
20:01:19.437 [nioEventLoopGroup-10-1] DEBUG bftsmart.communication.client.netty.NettyTOMMessageDecoder - Decoded reply from 1004 with sequence number 0
20:01:19.437 [nioEventLoopGroup-15-4] DEBUG bftsmart.communication.client.netty.NettyTOMMessageDecoder - Active clients: 5
20:01:19.436 [nioEventLoopGroup-12-1] DEBUG bftsmart.communication.client.netty.NettyTOMMessageDecoder - Active clients: 4
20:01:19.437 [nioEventLoopGroup-10-3] DEBUG bftsmart.communication.client.netty.NettyTOMMessageDecoder - Active clients: 6
20:01:19.437 [nioEventLoopGroup-10-1] DEBUG bftsmart.tom.core.TOMLayer - Received TOMMessage from client 1004 with sequence number 0 for session 906829679
20:01:19.437 [nioEventLoopGroup-14-6] DEBUG bftsmart.communication.client.netty.NettyTOMMessageDecoder - Active clients: 5
20:01:19.437 [nioEventLoopGroup-17-1] DEBUG bftsmart.tom.core.TOMLayer - Received TOMMessage from client 1006 with sequence number 0 for session -357618377
20:01:19.437 [nioEventLoopGroup-10-3] DEBUG bftsmart.communication.client.netty.NettyTOMMessageDecoder - Decoded reply from 1003 with sequence number 0
20:01:19.437 [nioEventLoopGroup-10-3] DEBUG bftsmart.tom.core.TOMLayer - Received TOMMessage from client 1003 with sequence number 0 for session -1174399241
20:01:19.437 [nioEventLoopGroup-10-7] DEBUG bftsmart.communication.client.netty.NettyTOMMessageDecoder - Active clients: 7
20:01:19.437 [nioEventLoopGroup-10-7] DEBUG bftsmart.communication.client.netty.NettyTOMMessageDecoder - Decoded reply from 1001 with sequence number 0
20:01:19.437 [nioEventLoopGroup-15-6] DEBUG bftsmart.tom.core.TOMLayer - Received TOMMessage from client 1003 with sequence number 0 for session -1174399241
20:01:19.436 [nioEventLoopGroup-13-4] DEBUG bftsmart.communication.client.netty.NettyTOMMessageDecoder - Active clients: 3
20:01:19.437 [nioEventLoopGroup-10-7] DEBUG bftsmart.tom.core.TOMLayer - Received TOMMessage from client 1001 with sequence number 0 for session -1616661523
20:01:19.437 [nioEventLoopGroup-15-2] DEBUG bftsmart.communication.client.netty.NettyTOMMessageDecoder - Active clients: 6
20:01:19.437 [nioEventLoopGroup-13-4] DEBUG bftsmart.communication.client.netty.NettyTOMMessageDecoder - Decoded reply from 1001 with sequence number 0
20:01:19.437 [nioEventLoopGroup-15-2] DEBUG bftsmart.communication.client.netty.NettyTOMMessageDecoder - Decoded reply from 1006 with sequence number 0
20:01:19.436 [nioEventLoopGroup-11-4] DEBUG bftsmart.tom.core.TOMLayer - Received TOMMessage from client 1007 with sequence number 0 for session -797304548
20:01:19.437 [nioEventLoopGroup-13-2] DEBUG bftsmart.communication.client.netty.NettyTOMMessageDecoder - Active clients: 4
20:01:19.437 [nioEventLoopGroup-13-2] DEBUG bftsmart.communication.client.netty.NettyTOMMessageDecoder - Decoded reply from 1005 with sequence number 0
20:01:19.437 [nioEventLoopGroup-10-4] DEBUG bftsmart.communication.client.netty.NettyTOMMessageDecoder - Active clients: 8
20:01:19.437 [nioEventLoopGroup-13-2] DEBUG bftsmart.tom.core.TOMLayer - Received TOMMessage from client 1005 with sequence number 0 for session 984428796
20:01:19.439 [nioEventLoopGroup-14-8] DEBUG bftsmart.communication.client.netty.NettyTOMMessageDecoder - Active clients: 6
20:01:19.439 [nioEventLoopGroup-14-8] DEBUG bftsmart.communication.client.netty.NettyTOMMessageDecoder - Decoded reply from 1005 with sequence number 0
20:01:19.439 [nioEventLoopGroup-14-8] DEBUG bftsmart.tom.core.TOMLayer - Received TOMMessage from client 1005 with sequence number 0 for session 984428796
20:01:19.436 [nioEventLoopGroup-15-5] DEBUG bftsmart.communication.client.netty.NettyTOMMessageDecoder - Decoded reply from 1002 with sequence number 0
20:01:19.439 [nioEventLoopGroup-13-6] DEBUG bftsmart.clientsmanagement.ClientsManager - Creating new client data, client id=1006
20:01:19.439 [nioEventLoopGroup-14-7] DEBUG bftsmart.communication.client.netty.NettyTOMMessageDecoder - Active clients: 7
20:01:19.439 [nioEventLoopGroup-11-8] DEBUG bftsmart.clientsmanagement.ClientsManager - Creating new client data, client id=1000
20:01:19.436 [nioEventLoopGroup-16-7] DEBUG bftsmart.tom.core.TOMLayer - Received TOMMessage from client 1000 with sequence number 0 for session 927359099
20:01:19.439 [nioEventLoopGroup-13-2] DEBUG bftsmart.clientsmanagement.ClientsManager - Creating new client data, client id=1005
20:01:19.439 [nioEventLoopGroup-11-6] DEBUG bftsmart.clientsmanagement.ClientsManager - Creating new client data, client id=1003
20:01:19.439 [nioEventLoopGroup-15-5] DEBUG bftsmart.tom.core.TOMLayer - Received TOMMessage from client 1002 with sequence number 0 for session -9836715
20:01:19.436 [nioEventLoopGroup-14-3] DEBUG bftsmart.clientsmanagement.ClientsManager - Creating new client data, client id=1004
20:01:19.439 [nioEventLoopGroup-11-4] DEBUG bftsmart.clientsmanagement.ClientsManager - Creating new client data, client id=1007
20:01:19.437 [nioEventLoopGroup-12-3] DEBUG bftsmart.tom.core.TOMLayer - Received TOMMessage from client 1003 with sequence number 0 for session -1174399241
20:01:19.439 [nioEventLoopGroup-14-5] DEBUG bftsmart.clientsmanagement.ClientsManager - Creating new client data, client id=1003
20:01:19.437 [nioEventLoopGroup-14-1] DEBUG bftsmart.tom.core.TOMLayer - Received TOMMessage from client 1006 with sequence number 0 for session -357618377
20:01:19.439 [nioEventLoopGroup-14-1] DEBUG bftsmart.clientsmanagement.ClientsManager - Creating new client data, client id=1006
20:01:19.437 [nioEventLoopGroup-10-8] DEBUG bftsmart.communication.client.netty.NettyTOMMessageDecoder - Decoded reply from 1000 with sequence number 0
20:01:19.439 [nioEventLoopGroup-14-2] DEBUG bftsmart.communication.client.netty.NettyTOMMessageDecoder - Active clients: 8
20:01:19.439 [nioEventLoopGroup-14-2] DEBUG bftsmart.communication.client.netty.NettyTOMMessageDecoder - Decoded reply from 1000 with sequence number 0
20:01:19.439 [nioEventLoopGroup-10-8] DEBUG bftsmart.tom.core.TOMLayer - Received TOMMessage from client 1000 with sequence number 0 for session 927359099
20:01:19.437 [nioEventLoopGroup-17-2] DEBUG bftsmart.tom.core.TOMLayer - Received TOMMessage from client 1004 with sequence number 0 for session 906829679
20:01:19.437 [nioEventLoopGroup-17-8] DEBUG bftsmart.communication.client.netty.NettyTOMMessageDecoder - Active clients: 5
20:01:19.437 [nioEventLoopGroup-17-6] DEBUG bftsmart.tom.core.TOMLayer - Received TOMMessage from client 1003 with sequence number 0 for session -1174399241
20:01:19.439 [nioEventLoopGroup-17-8] DEBUG bftsmart.communication.client.netty.NettyTOMMessageDecoder - Decoded reply from 1001 with sequence number 0
20:01:19.437 [nioEventLoopGroup-17-4] DEBUG bftsmart.clientsmanagement.ClientsManager - Creating new client data, client id=1007
20:01:19.440 [nioEventLoopGroup-17-8] DEBUG bftsmart.tom.core.TOMLayer - Received TOMMessage from client 1001 with sequence number 0 for session -1616661523
20:01:19.440 [nioEventLoopGroup-17-7] DEBUG bftsmart.communication.client.netty.NettyTOMMessageDecoder - Active clients: 6
20:01:19.440 [nioEventLoopGroup-14-2] DEBUG bftsmart.tom.core.TOMLayer - Received TOMMessage from client 1000 with sequence number 0 for session 927359099
20:01:19.437 [nioEventLoopGroup-10-2] DEBUG bftsmart.communication.client.netty.NettyTOMMessageDecoder - Decoded reply from 1005 with sequence number 0
20:01:19.440 [nioEventLoopGroup-17-7] DEBUG bftsmart.communication.client.netty.NettyTOMMessageDecoder - Decoded reply from 1000 with sequence number 0
20:01:19.440 [nioEventLoopGroup-17-7] DEBUG bftsmart.tom.core.TOMLayer - Received TOMMessage from client 1000 with sequence number 0 for session 927359099
20:01:19.440 [nioEventLoopGroup-17-1] DEBUG bftsmart.clientsmanagement.ClientsManager - Creating new client data, client id=1006
20:01:19.437 [nioEventLoopGroup-16-4] DEBUG bftsmart.communication.client.netty.NettyTOMMessageDecoder - Active clients: 6
20:01:19.440 [nioEventLoopGroup-10-2] DEBUG bftsmart.tom.core.TOMLayer - Received TOMMessage from client 1005 with sequence number 0 for session 984428796
20:01:19.440 [nioEventLoopGroup-17-2] DEBUG bftsmart.clientsmanagement.ClientsManager - Creating new client data, client id=1004
20:01:19.437 [nioEventLoopGroup-16-5] DEBUG bftsmart.tom.core.TOMLayer - Received TOMMessage from client 1005 with sequence number 0 for session 984428796
20:01:19.440 [nioEventLoopGroup-16-4] DEBUG bftsmart.communication.client.netty.NettyTOMMessageDecoder - Decoded reply from 1002 with sequence number 0
20:01:19.440 [nioEventLoopGroup-17-6] DEBUG bftsmart.clientsmanagement.ClientsManager - Creating new client data, client id=1003
20:01:19.440 [nioEventLoopGroup-16-4] DEBUG bftsmart.tom.core.TOMLayer - Received TOMMessage from client 1002 with sequence number 0 for session -9836715
20:01:19.440 [nioEventLoopGroup-16-8] DEBUG bftsmart.communication.client.netty.NettyTOMMessageDecoder - Active clients: 7
20:01:19.440 [nioEventLoopGroup-16-8] DEBUG bftsmart.communication.client.netty.NettyTOMMessageDecoder - Decoded reply from 1001 with sequence number 0
20:01:19.440 [nioEventLoopGroup-16-3] DEBUG bftsmart.communication.client.netty.NettyTOMMessageDecoder - Active clients: 8
20:01:19.440 [nioEventLoopGroup-16-3] DEBUG bftsmart.communication.client.netty.NettyTOMMessageDecoder - Decoded reply from 1006 with sequence number 0
20:01:19.440 [nioEventLoopGroup-16-8] DEBUG bftsmart.tom.core.TOMLayer - Received TOMMessage from client 1001 with sequence number 0 for session -1616661523
20:01:19.440 [nioEventLoopGroup-17-8] DEBUG bftsmart.clientsmanagement.ClientsManager - Creating new client data, client id=1001
20:01:19.440 [nioEventLoopGroup-16-3] DEBUG bftsmart.tom.core.TOMLayer - Received TOMMessage from client 1006 with sequence number 0 for session -357618377
20:01:19.437 [nioEventLoopGroup-16-6] DEBUG bftsmart.tom.core.TOMLayer - Received TOMMessage from client 1003 with sequence number 0 for session -1174399241
20:01:19.440 [nioEventLoopGroup-17-7] DEBUG bftsmart.clientsmanagement.ClientsManager - Creating new client data, client id=1000
20:01:19.437 [nioEventLoopGroup-14-4] DEBUG bftsmart.tom.core.TOMLayer - Received TOMMessage from client 1001 with sequence number 0 for session -1616661523
20:01:19.437 [nioEventLoopGroup-11-2] DEBUG bftsmart.communication.client.netty.NettyTOMMessageDecoder - Active clients: 6
20:01:19.437 [nioEventLoopGroup-16-2] DEBUG bftsmart.clientsmanagement.ClientsManager - Creating new client data, client id=1007
20:01:19.437 [nioEventLoopGroup-15-7] DEBUG bftsmart.tom.core.TOMLayer - Received TOMMessage from client 1001 with sequence number 0 for session -1616661523
20:01:19.440 [nioEventLoopGroup-11-5] DEBUG bftsmart.communication.client.netty.NettyTOMMessageDecoder - Active clients: 7
20:01:19.440 [nioEventLoopGroup-11-5] DEBUG bftsmart.communication.client.netty.NettyTOMMessageDecoder - Decoded reply from 1002 with sequence number 0
20:01:19.437 [nioEventLoopGroup-15-3] DEBUG bftsmart.clientsmanagement.ClientsManager - Creating new client data, client id=1005
20:01:19.440 [nioEventLoopGroup-16-1] DEBUG bftsmart.clientsmanagement.ClientsManager - Creating new client data, client id=1004
20:01:19.440 [nioEventLoopGroup-11-5] DEBUG bftsmart.tom.core.TOMLayer - Received TOMMessage from client 1002 with sequence number 0 for session -9836715
20:01:19.440 [nioEventLoopGroup-11-5] DEBUG bftsmart.clientsmanagement.ClientsManager - Creating new client data, client id=1002
20:01:19.437 [nioEventLoopGroup-11-7] DEBUG bftsmart.tom.core.TOMLayer - Received TOMMessage from client 1001 with sequence number 0 for session -1616661523
20:01:19.440 [nioEventLoopGroup-16-7] DEBUG bftsmart.clientsmanagement.ClientsManager - Creating new client data, client id=1000
20:01:19.440 [nioEventLoopGroup-15-6] DEBUG bftsmart.clientsmanagement.ClientsManager - Creating new client data, client id=1003
20:01:19.440 [nioEventLoopGroup-16-5] DEBUG bftsmart.clientsmanagement.ClientsManager - Creating new client data, client id=1005
20:01:19.440 [nioEventLoopGroup-16-4] DEBUG bftsmart.clientsmanagement.ClientsManager - Creating new client data, client id=1002
20:01:19.440 [nioEventLoopGroup-15-5] DEBUG bftsmart.clientsmanagement.ClientsManager - Creating new client data, client id=1002
20:01:19.440 [nioEventLoopGroup-15-7] DEBUG bftsmart.clientsmanagement.ClientsManager - Creating new client data, client id=1001
20:01:19.440 [nioEventLoopGroup-17-7] DEBUG bftsmart.clientsmanagement.ClientsManager - Message from client 1000 is valid
20:01:19.440 [nioEventLoopGroup-11-6] DEBUG bftsmart.clientsmanagement.ClientsManager - Message from client 1003 is valid
20:01:19.440 [nioEventLoopGroup-16-7] DEBUG bftsmart.clientsmanagement.ClientsManager - Message from client 1000 is valid
20:01:19.437 [nioEventLoopGroup-15-4] DEBUG bftsmart.communication.client.netty.NettyTOMMessageDecoder - Decoded reply from 1007 with sequence number 0
20:01:19.441 [nioEventLoopGroup-17-1] DEBUG bftsmart.clientsmanagement.ClientsManager - Message from client 1006 is valid
20:01:19.441 [nioEventLoopGroup-11-8] DEBUG bftsmart.clientsmanagement.ClientsManager - Message from client 1000 is valid
20:01:19.441 [nioEventLoopGroup-16-4] DEBUG bftsmart.clientsmanagement.ClientsManager - Message from client 1002 is valid
20:01:19.441 [nioEventLoopGroup-16-5] DEBUG bftsmart.clientsmanagement.ClientsManager - Message from client 1005 is valid
20:01:19.441 [nioEventLoopGroup-13-2] DEBUG bftsmart.clientsmanagement.ClientsManager - Message from client 1005 is valid
20:01:19.437 [nioEventLoopGroup-14-6] DEBUG bftsmart.communication.client.netty.NettyTOMMessageDecoder - Decoded reply from 1007 with sequence number 0
20:01:19.441 [nioEventLoopGroup-10-6] DEBUG bftsmart.clientsmanagement.ClientsManager - Message from client 1007 is valid
20:01:19.441 [nioEventLoopGroup-11-1] DEBUG bftsmart.clientsmanagement.ClientsManager - Message from client 1004 is valid
20:01:19.437 [nioEventLoopGroup-12-1] DEBUG bftsmart.communication.client.netty.NettyTOMMessageDecoder - Decoded reply from 1004 with sequence number 0
20:01:19.441 [nioEventLoopGroup-17-8] DEBUG bftsmart.clientsmanagement.ClientsManager - Message from client 1001 is valid
20:01:19.437 [nioEventLoopGroup-12-8] DEBUG bftsmart.communication.client.netty.NettyTOMMessageDecoder - Active clients: 5
20:01:19.441 [nioEventLoopGroup-12-1] DEBUG bftsmart.tom.core.TOMLayer - Received TOMMessage from client 1004 with sequence number 0 for session 906829679
20:01:19.437 [nioEventLoopGroup-10-5] DEBUG bftsmart.tom.core.TOMLayer - Received TOMMessage from client 1006 with sequence number 0 for session -357618377
20:01:19.441 [nioEventLoopGroup-12-8] DEBUG bftsmart.communication.client.netty.NettyTOMMessageDecoder - Decoded reply from 1000 with sequence number 0
20:01:19.437 [nioEventLoopGroup-13-4] DEBUG bftsmart.tom.core.TOMLayer - Received TOMMessage from client 1001 with sequence number 0 for session -1616661523
20:01:19.441 [nioEventLoopGroup-12-8] DEBUG bftsmart.tom.core.TOMLayer - Received TOMMessage from client 1000 with sequence number 0 for session 927359099
20:01:19.441 [nioEventLoopGroup-15-7] DEBUG bftsmart.clientsmanagement.ClientsManager - Message from client 1001 is valid
20:01:19.441 [nioEventLoopGroup-12-4] DEBUG bftsmart.communication.client.netty.NettyTOMMessageDecoder - Active clients: 6
20:01:19.437 [nioEventLoopGroup-15-8] DEBUG bftsmart.communication.client.netty.NettyTOMMessageDecoder - Active clients: 7
20:01:19.441 [nioEventLoopGroup-12-4] DEBUG bftsmart.communication.client.netty.NettyTOMMessageDecoder - Decoded reply from 1001 with sequence number 0
20:01:19.437 [nioEventLoopGroup-15-2] DEBUG bftsmart.tom.core.TOMLayer - Received TOMMessage from client 1006 with sequence number 0 for session -357618377
20:01:19.441 [nioEventLoopGroup-15-8] DEBUG bftsmart.communication.client.netty.NettyTOMMessageDecoder - Decoded reply from 1000 with sequence number 0
20:01:19.441 [nioEventLoopGroup-12-6] DEBUG bftsmart.communication.client.netty.NettyTOMMessageDecoder - Active clients: 7
20:01:19.437 [nioEventLoopGroup-13-7] DEBUG bftsmart.communication.client.netty.NettyTOMMessageDecoder - Active clients: 5
20:01:19.441 [nioEventLoopGroup-15-1] DEBUG bftsmart.communication.client.netty.NettyTOMMessageDecoder - Active clients: 8
20:01:19.441 [nioEventLoopGroup-15-1] DEBUG bftsmart.communication.client.netty.NettyTOMMessageDecoder - Decoded reply from 1004 with sequence number 0
20:01:19.441 [nioEventLoopGroup-12-6] DEBUG bftsmart.communication.client.netty.NettyTOMMessageDecoder - Decoded reply from 1006 with sequence number 0
20:01:19.437 [nioEventLoopGroup-10-4] DEBUG bftsmart.communication.client.netty.NettyTOMMessageDecoder - Decoded reply from 1002 with sequence number 0
20:01:19.441 [nioEventLoopGroup-12-6] DEBUG bftsmart.tom.core.TOMLayer - Received TOMMessage from client 1006 with sequence number 0 for session -357618377
20:01:19.441 [nioEventLoopGroup-13-7] DEBUG bftsmart.communication.client.netty.NettyTOMMessageDecoder - Decoded reply from 1007 with sequence number 0
20:01:19.441 [nioEventLoopGroup-13-7] DEBUG bftsmart.tom.core.TOMLayer - Received TOMMessage from client 1007 with sequence number 0 for session -797304548
20:01:19.439 [nioEventLoopGroup-12-5] DEBUG bftsmart.clientsmanagement.ClientsManager - Creating new client data, client id=1007
20:01:19.441 [nioEventLoopGroup-10-4] DEBUG bftsmart.tom.core.TOMLayer - Received TOMMessage from client 1002 with sequence number 0 for session -9836715
20:01:19.441 [nioEventLoopGroup-13-1] DEBUG bftsmart.communication.client.netty.NettyTOMMessageDecoder - Active clients: 6
20:01:19.441 [nioEventLoopGroup-13-1] DEBUG bftsmart.communication.client.netty.NettyTOMMessageDecoder - Decoded reply from 1004 with sequence number 0
20:01:19.439 [nioEventLoopGroup-10-1] DEBUG bftsmart.clientsmanagement.ClientsManager - Creating new client data, client id=1004
20:01:19.441 [nioEventLoopGroup-13-1] DEBUG bftsmart.tom.core.TOMLayer - Received TOMMessage from client 1004 with sequence number 0 for session 906829679
20:01:19.441 [nioEventLoopGroup-13-8] DEBUG bftsmart.communication.client.netty.NettyTOMMessageDecoder - Active clients: 7
20:01:19.441 [nioEventLoopGroup-13-8] DEBUG bftsmart.communication.client.netty.NettyTOMMessageDecoder - Decoded reply from 1000 with sequence number 0
20:01:19.441 [nioEventLoopGroup-12-3] DEBUG bftsmart.clientsmanagement.ClientsManager - Creating new client data, client id=1003
20:01:19.439 [nioEventLoopGroup-14-7] DEBUG bftsmart.communication.client.netty.NettyTOMMessageDecoder - Decoded reply from 1002 with sequence number 0
20:01:19.441 [nioEventLoopGroup-13-8] DEBUG bftsmart.tom.core.TOMLayer - Received TOMMessage from client 1000 with sequence number 0 for session 927359099
20:01:19.441 [nioEventLoopGroup-10-3] DEBUG bftsmart.clientsmanagement.ClientsManager - Creating new client data, client id=1003
20:01:19.439 [nioEventLoopGroup-14-8] DEBUG bftsmart.clientsmanagement.ClientsManager - Creating new client data, client id=1005
20:01:19.441 [nioEventLoopGroup-14-7] DEBUG bftsmart.tom.core.TOMLayer - Received TOMMessage from client 1002 with sequence number 0 for session -9836715
20:01:19.441 [nioEventLoopGroup-10-7] DEBUG bftsmart.clientsmanagement.ClientsManager - Creating new client data, client id=1001
20:01:19.440 [nioEventLoopGroup-17-3] DEBUG bftsmart.communication.client.netty.NettyTOMMessageDecoder - Active clients: 7
20:01:19.442 [nioEventLoopGroup-10-8] DEBUG bftsmart.clientsmanagement.ClientsManager - Creating new client data, client id=1000
20:01:19.442 [nioEventLoopGroup-12-5] DEBUG bftsmart.clientsmanagement.ClientsManager - Message from client 1007 is valid
20:01:19.442 [nioEventLoopGroup-17-5] DEBUG bftsmart.communication.client.netty.NettyTOMMessageDecoder - Active clients: 8
20:01:19.442 [nioEventLoopGroup-10-3] DEBUG bftsmart.clientsmanagement.ClientsManager - Message from client 1003 is valid
20:01:19.440 [nioEventLoopGroup-11-2] DEBUG bftsmart.communication.client.netty.NettyTOMMessageDecoder - Decoded reply from 1005 with sequence number 0
20:01:19.442 [nioEventLoopGroup-14-8] DEBUG bftsmart.clientsmanagement.ClientsManager - Message from client 1005 is valid
20:01:19.442 [nioEventLoopGroup-10-7] DEBUG bftsmart.clientsmanagement.ClientsManager - Message from client 1001 is valid
20:01:19.440 [nioEventLoopGroup-11-3] DEBUG bftsmart.communication.client.netty.NettyTOMMessageDecoder - Active clients: 8
20:01:19.440 [nioEventLoopGroup-11-7] DEBUG bftsmart.clientsmanagement.ClientsManager - Creating new client data, client id=1001
20:01:19.440 [nioEventLoopGroup-14-5] DEBUG bftsmart.clientsmanagement.ClientsManager - Message from client 1003 is valid
20:01:19.440 [nioEventLoopGroup-13-6] DEBUG bftsmart.clientsmanagement.ClientsManager - Message from client 1006 is valid
20:01:19.440 [nioEventLoopGroup-13-5] DEBUG bftsmart.clientsmanagement.ClientsManager - Message from client 1002 is valid
20:01:19.440 [nioEventLoopGroup-17-4] DEBUG bftsmart.clientsmanagement.ClientsManager - Message from client 1007 is valid
20:01:19.440 [nioEventLoopGroup-16-2] DEBUG bftsmart.clientsmanagement.ClientsManager - Message from client 1007 is valid
20:01:19.442 [nioEventLoopGroup-13-4] DEBUG bftsmart.clientsmanagement.ClientsManager - Creating new client data, client id=1001
20:01:19.440 [nioEventLoopGroup-11-4] DEBUG bftsmart.clientsmanagement.ClientsManager - Message from client 1007 is valid
20:01:19.440 [nioEventLoopGroup-15-3] DEBUG bftsmart.clientsmanagement.ClientsManager - Message from client 1005 is valid
20:01:19.442 [nioEventLoopGroup-13-7] DEBUG bftsmart.clientsmanagement.ClientsManager - Creating new client data, client id=1007
20:01:19.440 [nioEventLoopGroup-16-1] DEBUG bftsmart.clientsmanagement.ClientsManager - Message from client 1004 is valid
20:01:19.442 [nioEventLoopGroup-11-7] DEBUG bftsmart.clientsmanagement.ClientsManager - Message from client 1001 is valid
20:01:19.442 [nioEventLoopGroup-13-1] DEBUG bftsmart.clientsmanagement.ClientsManager - Creating new client data, client id=1004
20:01:19.440 [nioEventLoopGroup-11-5] DEBUG bftsmart.clientsmanagement.ClientsManager - Message from client 1002 is valid
20:01:19.441 [nioEventLoopGroup-14-1] DEBUG bftsmart.clientsmanagement.ClientsManager - Message from client 1006 is valid
20:01:19.441 [nioEventLoopGroup-12-7] DEBUG bftsmart.clientsmanagement.ClientsManager - Message from client 1002 is valid
20:01:19.441 [nioEventLoopGroup-15-6] DEBUG bftsmart.clientsmanagement.ClientsManager - Message from client 1003 is valid
20:01:19.442 [nioEventLoopGroup-13-7] DEBUG bftsmart.clientsmanagement.ClientsManager - Message from client 1007 is valid
20:01:19.442 [nioEventLoopGroup-13-1] DEBUG bftsmart.clientsmanagement.ClientsManager - Message from client 1004 is valid
20:01:19.441 [nioEventLoopGroup-15-5] DEBUG bftsmart.clientsmanagement.ClientsManager - Message from client 1002 is valid
20:01:19.441 [nioEventLoopGroup-15-4] DEBUG bftsmart.tom.core.TOMLayer - Received TOMMessage from client 1007 with sequence number 0 for session -797304548
20:01:19.441 [nioEventLoopGroup-16-3] DEBUG bftsmart.clientsmanagement.ClientsManager - Creating new client data, client id=1006
20:01:19.441 [nioEventLoopGroup-14-3] DEBUG bftsmart.clientsmanagement.ClientsManager - Message from client 1004 is valid
20:01:19.443 [nioEventLoopGroup-16-8] DEBUG bftsmart.clientsmanagement.ClientsManager - Creating new client data, client id=1001
20:01:19.443 [nioEventLoopGroup-15-2] DEBUG bftsmart.clientsmanagement.ClientsManager - Creating new client data, client id=1006
20:01:19.441 [nioEventLoopGroup-17-2] DEBUG bftsmart.clientsmanagement.ClientsManager - Message from client 1004 is valid
20:01:19.441 [nioEventLoopGroup-17-6] DEBUG bftsmart.clientsmanagement.ClientsManager - Message from client 1003 is valid
20:01:19.441 [nioEventLoopGroup-14-6] DEBUG bftsmart.tom.core.TOMLayer - Received TOMMessage from client 1007 with sequence number 0 for session -797304548
20:01:19.441 [nioEventLoopGroup-12-4] DEBUG bftsmart.tom.core.TOMLayer - Received TOMMessage from client 1001 with sequence number 0 for session -1616661523
20:01:19.443 [nioEventLoopGroup-16-6] DEBUG bftsmart.clientsmanagement.ClientsManager - Creating new client data, client id=1003
20:01:19.441 [nioEventLoopGroup-15-8] DEBUG bftsmart.tom.core.TOMLayer - Received TOMMessage from client 1000 with sequence number 0 for session 927359099
20:01:19.443 [nioEventLoopGroup-15-2] DEBUG bftsmart.clientsmanagement.ClientsManager - Message from client 1006 is valid
20:01:19.441 [nioEventLoopGroup-15-1] DEBUG bftsmart.tom.core.TOMLayer - Received TOMMessage from client 1004 with sequence number 0 for session 906829679
20:01:19.441 [nioEventLoopGroup-12-2] DEBUG bftsmart.communication.client.netty.NettyTOMMessageDecoder - Active clients: 8
20:01:19.443 [nioEventLoopGroup-12-2] DEBUG bftsmart.communication.client.netty.NettyTOMMessageDecoder - Decoded reply from 1005 with sequence number 0
20:01:19.441 [nioEventLoopGroup-13-3] DEBUG bftsmart.communication.client.netty.NettyTOMMessageDecoder - Active clients: 8
20:01:19.443 [nioEventLoopGroup-12-2] DEBUG bftsmart.tom.core.TOMLayer - Received TOMMessage from client 1005 with sequence number 0 for session 984428796
20:01:19.443 [nioEventLoopGroup-13-3] DEBUG bftsmart.communication.client.netty.NettyTOMMessageDecoder - Decoded reply from 1003 with sequence number 0
20:01:19.443 [nioEventLoopGroup-16-6] DEBUG bftsmart.clientsmanagement.ClientsManager - Message from client 1003 is valid
20:01:19.441 [nioEventLoopGroup-12-1] DEBUG bftsmart.clientsmanagement.ClientsManager - Creating new client data, client id=1004
20:01:19.443 [nioEventLoopGroup-13-3] DEBUG bftsmart.tom.core.TOMLayer - Received TOMMessage from client 1003 with sequence number 0 for session -1174399241
20:01:19.441 [nioEventLoopGroup-14-7] DEBUG bftsmart.clientsmanagement.ClientsManager - Creating new client data, client id=1002
20:01:19.443 [nioEventLoopGroup-12-8] DEBUG bftsmart.clientsmanagement.ClientsManager - Creating new client data, client id=1000
20:01:19.443 [nioEventLoopGroup-14-2] DEBUG bftsmart.clientsmanagement.ClientsManager - Creating new client data, client id=1000
20:01:19.442 [nioEventLoopGroup-10-1] DEBUG bftsmart.clientsmanagement.ClientsManager - Message from client 1004 is valid
20:01:19.442 [nioEventLoopGroup-17-3] DEBUG bftsmart.communication.client.netty.NettyTOMMessageDecoder - Decoded reply from 1005 with sequence number 0
20:01:19.442 [nioEventLoopGroup-12-3] DEBUG bftsmart.clientsmanagement.ClientsManager - Message from client 1003 is valid
20:01:19.444 [nioEventLoopGroup-14-2] DEBUG bftsmart.clientsmanagement.ClientsManager - Message from client 1000 is valid
20:01:19.444 [nioEventLoopGroup-17-3] DEBUG bftsmart.tom.core.TOMLayer - Received TOMMessage from client 1005 with sequence number 0 for session 984428796
20:01:19.444 [nioEventLoopGroup-17-3] DEBUG bftsmart.clientsmanagement.ClientsManager - Creating new client data, client id=1005
20:01:19.442 [nioEventLoopGroup-17-5] DEBUG bftsmart.communication.client.netty.NettyTOMMessageDecoder - Decoded reply from 1002 with sequence number 0
20:01:19.442 [nioEventLoopGroup-11-2] DEBUG bftsmart.tom.core.TOMLayer - Received TOMMessage from client 1005 with sequence number 0 for session 984428796
20:01:19.444 [nioEventLoopGroup-17-5] DEBUG bftsmart.tom.core.TOMLayer - Received TOMMessage from client 1002 with sequence number 0 for session -9836715
20:01:19.444 [nioEventLoopGroup-17-5] DEBUG bftsmart.clientsmanagement.ClientsManager - Creating new client data, client id=1002
20:01:19.442 [nioEventLoopGroup-11-3] DEBUG bftsmart.communication.client.netty.NettyTOMMessageDecoder - Decoded reply from 1006 with sequence number 0
20:01:19.442 [nioEventLoopGroup-10-8] DEBUG bftsmart.clientsmanagement.ClientsManager - Message from client 1000 is valid
20:01:19.444 [nioEventLoopGroup-12-8] DEBUG bftsmart.clientsmanagement.ClientsManager - Message from client 1000 is valid
20:01:19.444 [nioEventLoopGroup-17-5] DEBUG bftsmart.clientsmanagement.ClientsManager - Message from client 1002 is valid
20:01:19.442 [nioEventLoopGroup-13-4] DEBUG bftsmart.clientsmanagement.ClientsManager - Message from client 1001 is valid
20:01:19.442 [nioEventLoopGroup-13-8] DEBUG bftsmart.clientsmanagement.ClientsManager - Creating new client data, client id=1000
20:01:19.443 [nioEventLoopGroup-16-3] DEBUG bftsmart.clientsmanagement.ClientsManager - Message from client 1006 is valid
20:01:19.444 [nioEventLoopGroup-14-4] DEBUG bftsmart.clientsmanagement.ClientsManager - Creating new client data, client id=1001
20:01:19.444 [nioEventLoopGroup-12-1] DEBUG bftsmart.clientsmanagement.ClientsManager - Message from client 1004 is valid
20:01:19.444 [nioEventLoopGroup-12-6] DEBUG bftsmart.clientsmanagement.ClientsManager - Creating new client data, client id=1006
20:01:19.444 [nioEventLoopGroup-16-8] DEBUG bftsmart.clientsmanagement.ClientsManager - Message from client 1001 is valid
20:01:19.444 [nioEventLoopGroup-14-7] DEBUG bftsmart.clientsmanagement.ClientsManager - Message from client 1002 is valid
20:01:19.444 [nioEventLoopGroup-13-8] DEBUG bftsmart.clientsmanagement.ClientsManager - Message from client 1000 is valid
20:01:19.444 [nioEventLoopGroup-11-3] DEBUG bftsmart.tom.core.TOMLayer - Received TOMMessage from client 1006 with sequence number 0 for session -357618377
20:01:19.444 [nioEventLoopGroup-14-4] DEBUG bftsmart.clientsmanagement.ClientsManager - Message from client 1001 is valid
20:01:19.444 [nioEventLoopGroup-10-2] DEBUG bftsmart.clientsmanagement.ClientsManager - Creating new client data, client id=1005
20:01:19.444 [nioEventLoopGroup-15-4] DEBUG bftsmart.clientsmanagement.ClientsManager - Creating new client data, client id=1007
20:01:19.445 [nioEventLoopGroup-12-6] DEBUG bftsmart.clientsmanagement.ClientsManager - Message from client 1006 is valid
20:01:19.444 [nioEventLoopGroup-11-2] DEBUG bftsmart.clientsmanagement.ClientsManager - Creating new client data, client id=1005
20:01:19.445 [nioEventLoopGroup-17-3] DEBUG bftsmart.clientsmanagement.ClientsManager - Message from client 1005 is valid
20:01:19.445 [nioEventLoopGroup-10-2] DEBUG bftsmart.clientsmanagement.ClientsManager - Message from client 1005 is valid
20:01:19.445 [nioEventLoopGroup-15-8] DEBUG bftsmart.clientsmanagement.ClientsManager - Creating new client data, client id=1000
20:01:19.445 [nioEventLoopGroup-15-4] DEBUG bftsmart.clientsmanagement.ClientsManager - Message from client 1007 is valid
20:01:19.445 [nioEventLoopGroup-11-3] DEBUG bftsmart.clientsmanagement.ClientsManager - Creating new client data, client id=1006
20:01:19.445 [nioEventLoopGroup-11-2] DEBUG bftsmart.clientsmanagement.ClientsManager - Message from client 1005 is valid
20:01:19.445 [nioEventLoopGroup-13-3] DEBUG bftsmart.clientsmanagement.ClientsManager - Creating new client data, client id=1003
20:01:19.445 [nioEventLoopGroup-14-6] DEBUG bftsmart.clientsmanagement.ClientsManager - Creating new client data, client id=1007
20:01:19.445 [nioEventLoopGroup-12-4] DEBUG bftsmart.clientsmanagement.ClientsManager - Creating new client data, client id=1001
20:01:19.445 [nioEventLoopGroup-12-2] DEBUG bftsmart.clientsmanagement.ClientsManager - Creating new client data, client id=1005
20:01:19.445 [nioEventLoopGroup-15-8] DEBUG bftsmart.clientsmanagement.ClientsManager - Message from client 1000 is valid
20:01:19.445 [nioEventLoopGroup-10-5] DEBUG bftsmart.clientsmanagement.ClientsManager - Creating new client data, client id=1006
20:01:19.445 [nioEventLoopGroup-11-3] DEBUG bftsmart.clientsmanagement.ClientsManager - Message from client 1006 is valid
20:01:19.445 [nioEventLoopGroup-13-3] DEBUG bftsmart.clientsmanagement.ClientsManager - Message from client 1003 is valid
20:01:19.445 [nioEventLoopGroup-12-4] DEBUG bftsmart.clientsmanagement.ClientsManager - Message from client 1001 is valid
20:01:19.445 [nioEventLoopGroup-14-6] DEBUG bftsmart.clientsmanagement.ClientsManager - Message from client 1007 is valid
20:01:19.445 [nioEventLoopGroup-10-4] DEBUG bftsmart.clientsmanagement.ClientsManager - Creating new client data, client id=1002
20:01:19.445 [nioEventLoopGroup-12-2] DEBUG bftsmart.clientsmanagement.ClientsManager - Message from client 1005 is valid
20:01:19.445 [nioEventLoopGroup-15-1] DEBUG bftsmart.clientsmanagement.ClientsManager - Creating new client data, client id=1004
20:01:19.445 [nioEventLoopGroup-10-5] DEBUG bftsmart.clientsmanagement.ClientsManager - Message from client 1006 is valid
20:01:19.445 [TOM Layer] DEBUG bftsmart.tom.core.TOMLayer - Got enough requests
20:01:19.445 [nioEventLoopGroup-10-4] DEBUG bftsmart.clientsmanagement.ClientsManager - Message from client 1002 is valid
20:01:19.445 [TOM Layer] DEBUG bftsmart.tom.core.TOMLayer - There are requests to be ordered. I will propose.
20:01:19.445 [nioEventLoopGroup-15-1] DEBUG bftsmart.clientsmanagement.ClientsManager - Message from client 1004 is valid
20:01:19.445 [TOM Layer] DEBUG bftsmart.tom.core.TOMLayer - Modifying inExec from -1 to 0
20:01:19.446 [TOM Layer] DEBUG bftsmart.clientsmanagement.ClientsManager - Number of active clients: 8
20:01:19.446 [TOM Layer] DEBUG bftsmart.clientsmanagement.ClientsManager - Fetching requests with internal index 0
20:01:19.446 [TOM Layer] DEBUG bftsmart.clientsmanagement.ClientsManager - Number of pending requests for client 1000: 1.
20:01:19.446 [TOM Layer] DEBUG bftsmart.clientsmanagement.ClientsManager - Selected request with sequence number 0 from client 1000
20:01:19.446 [TOM Layer] DEBUG bftsmart.clientsmanagement.ClientsManager - Number of pending requests for client 1001: 1.
20:01:19.446 [TOM Layer] DEBUG bftsmart.clientsmanagement.ClientsManager - Selected request with sequence number 0 from client 1001
20:01:19.446 [TOM Layer] DEBUG bftsmart.clientsmanagement.ClientsManager - Number of pending requests for client 1002: 1.
20:01:19.446 [TOM Layer] DEBUG bftsmart.clientsmanagement.ClientsManager - Selected request with sequence number 0 from client 1002
20:01:19.446 [TOM Layer] DEBUG bftsmart.clientsmanagement.ClientsManager - Number of pending requests for client 1003: 1.
20:01:19.446 [TOM Layer] DEBUG bftsmart.clientsmanagement.ClientsManager - Selected request with sequence number 0 from client 1003
20:01:19.446 [TOM Layer] DEBUG bftsmart.clientsmanagement.ClientsManager - Number of pending requests for client 1004: 1.
20:01:19.446 [TOM Layer] DEBUG bftsmart.clientsmanagement.ClientsManager - Selected request with sequence number 0 from client 1004
20:01:19.446 [TOM Layer] DEBUG bftsmart.clientsmanagement.ClientsManager - Number of pending requests for client 1005: 1.
20:01:19.446 [TOM Layer] DEBUG bftsmart.clientsmanagement.ClientsManager - Selected request with sequence number 0 from client 1005
20:01:19.446 [TOM Layer] DEBUG bftsmart.clientsmanagement.ClientsManager - Number of pending requests for client 1006: 1.
20:01:19.446 [TOM Layer] DEBUG bftsmart.clientsmanagement.ClientsManager - Selected request with sequence number 0 from client 1006
20:01:19.446 [TOM Layer] DEBUG bftsmart.clientsmanagement.ClientsManager - Number of pending requests for client 1007: 1.
20:01:19.446 [TOM Layer] DEBUG bftsmart.clientsmanagement.ClientsManager - Selected request with sequence number 0 from client 1007
20:01:19.446 [TOM Layer] DEBUG bftsmart.tom.core.TOMLayer - Number of pending requets to propose in consensus 0: 8
20:01:19.446 [TOM Layer] DEBUG bftsmart.tom.core.TOMLayer - Creating a PROPOSE with 8 msgs
20:01:19.446 [TOM Layer] DEBUG bftsmart.tom.util.BatchBuilder - Adding request from client 1000 with sequence number 0 for session 927359099 to PROPOSE
20:01:19.447 [TOM Layer] DEBUG bftsmart.tom.util.BatchBuilder - Adding request from client 1001 with sequence number 0 for session -1616661523 to PROPOSE
20:01:19.447 [TOM Layer] DEBUG bftsmart.tom.util.BatchBuilder - Adding request from client 1002 with sequence number 0 for session -9836715 to PROPOSE
20:01:19.447 [TOM Layer] DEBUG bftsmart.tom.util.BatchBuilder - Adding request from client 1003 with sequence number 0 for session -1174399241 to PROPOSE
20:01:19.447 [TOM Layer] DEBUG bftsmart.tom.util.BatchBuilder - Adding request from client 1004 with sequence number 0 for session 906829679 to PROPOSE
20:01:19.447 [TOM Layer] DEBUG bftsmart.tom.util.BatchBuilder - Adding request from client 1005 with sequence number 0 for session 984428796 to PROPOSE
20:01:19.447 [TOM Layer] DEBUG bftsmart.tom.util.BatchBuilder - Adding request from client 1006 with sequence number 0 for session -357618377 to PROPOSE
20:01:19.447 [TOM Layer] DEBUG bftsmart.tom.util.BatchBuilder - Adding request from client 1007 with sequence number 0 for session -797304548 to PROPOSE
20:01:19.447 [TOM Layer] INFO bftsmart.communication.ServerCommunicationSystem - === ServerCommunicationSystem.send() ===
20:01:19.447 [TOM Layer] INFO bftsmart.communication.ServerCommunicationSystem -     Message type: ConsensusMessage
20:01:19.447 [TOM Layer] INFO bftsmart.communication.ServerCommunicationSystem -     Is TOMMessage: false
20:01:19.447 [TOM Layer] INFO bftsmart.communication.ServerCommunicationSystem -     Targets: [0, 1, 2, 3, 4, 5, 6, 7]
20:01:19.447 [TOM Layer] INFO bftsmart.communication.ServerCommunicationSystem -     -> Routing to SERVER connection (SystemMessage)
20:01:19.447 [TOM Layer] DEBUG bftsmart.communication.ServerCommunicationSystem - --> sending message from: [0, 1, 2, 3, 4, 5, 6, 7] -> {}0
=== [V2V Layer 0] SEND called ===
    Targets: [0, 1, 2, 3, 4, 5, 6, 7]
    Message type: ConsensusMessage
    Sender: 0
    -> Self-delivery to replica 0
=== [V2V Layer 0] DELIVER to BFT-SMaRt ===
    Message type: ConsensusMessage
    From replica: 0
    InQueue size before: 0
    InQueue size after: 1
=== [V2V Layer 0] DELIVER successful ===
    -> Sending to replica 1 via V2V
    [Reliability 0] sendReliable() called
        Target: 1
20:01:19.447 [Server Comm. System] INFO bftsmart.communication.ServerCommunicationSystem - === ServerCommunicationSystem RECEIVED message ===
        Message type: ConsensusMessage
20:01:19.447 [Server Comm. System] INFO bftsmart.communication.ServerCommunicationSystem -     Message type: ConsensusMessage
20:01:19.447 [Server Comm. System] INFO bftsmart.communication.ServerCommunicationSystem -     From: 0
20:01:19.447 [Server Comm. System] INFO bftsmart.communication.ServerCommunicationSystem -     Message count: 0
20:01:19.447 [Server Comm. System] DEBUG bftsmart.communication.ServerCommunicationSystem - <-- receiving, msg:type=PROPOSE, number=0, epoch=0, from=0
20:01:19.447 [Server Comm. System] DEBUG bftsmart.tom.core.ExecutionManager - Received message  type=PROPOSE, number=0, epoch=0, from=0
20:01:19.447 [Server Comm. System] DEBUG bftsmart.tom.core.ExecutionManager - I'm at consensus 0 and my last consensus is -1
        Sequence number: 0
20:01:19.448 [Server Comm. System] DEBUG bftsmart.tom.core.ExecutionManager - Message for consensus 0 can be processed
20:01:19.448 [Server Comm. System] DEBUG bftsmart.consensus.roles.Acceptor - Processing paxos msg with id 0
20:01:19.448 [Server Comm. System] DEBUG bftsmart.consensus.roles.Acceptor - PROPOSE received from:0, for consensus cId:0, I am:0
20:01:19.448 [Server Comm. System] DEBUG bftsmart.consensus.roles.Acceptor - Executing propose for cId:0, Epoch Timestamp:0
        Payload size: 515 bytes
20:01:19.448 [Server Comm. System] DEBUG bftsmart.tom.core.TOMLayer - Modifying inExec from 0 to 0
20:01:19.448 [Server Comm. System] DEBUG bftsmart.tom.core.TOMLayer - Checking proposed value
V2VNativeBridge0: Sending message to -1 with length 1028
[JNI] nativeSendMessage: 0 -> -1
[JNI] Sending 1028 bytes (0->-1)
[DEBUG V2VProxy 0] Queue has space - adding message
[JNI] Message queued successfully
        [Reliability 0] Sent seq=0 to replica 1
    -> Sending to replica 2 via V2V
    [Reliability 0] sendReliable() called
        Target: 2
        Message type: ConsensusMessage
        Sequence number: 0
        Payload size: 515 bytes
V2VNativeBridge0: Sending message to -1 with length 1028
[JNI] nativeSendMessage: 0 -> -1
[JNI] Sending 1028 bytes (0->-1)
[DEBUG V2VProxy 0] Queue has space - adding message
[JNI] Message queued successfully
        [Reliability 0] Sent seq=0 to replica 2
    -> Sending to replica 3 via V2V
    [Reliability 0] sendReliable() called
        Target: 3
        Message type: ConsensusMessage
        Sequence number: 0
        Payload size: 515 bytes
V2VNativeBridge0: Sending message to -1 with length 1028
[JNI] nativeSendMessage: 0 -> -1
[JNI] Sending 1028 bytes (0->-1)
[DEBUG V2VProxy 0] Queue has space - adding message
[JNI] Message queued successfully
        [Reliability 0] Sent seq=0 to replica 3
    -> Sending to replica 4 via V2V
    [Reliability 0] sendReliable() called
        Target: 4
        Message type: ConsensusMessage
        Sequence number: 0
        Payload size: 515 bytes
V2VNativeBridge0: Sending message to -1 with length 1028
[JNI] nativeSendMessage: 0 -> -1
[JNI] Sending 1028 bytes (0->-1)
[DEBUG V2VProxy 0] Queue has space - adding message
[JNI] Message queued successfully
        [Reliability 0] Sent seq=0 to replica 4
20:01:19.452 [Server Comm. System] DEBUG bftsmart.tom.core.TOMLayer - Successfully deserialized batch
    -> Sending to replica 5 via V2V
    [Reliability 0] sendReliable() called
        Target: 5
        Message type: ConsensusMessage
20:01:19.452 [Server Comm. System] DEBUG bftsmart.consensus.roles.Acceptor - Sending WRITE for 0
        Sequence number: 0
        Payload size: 515 bytes
20:01:19.452 [Server Comm. System] DEBUG bftsmart.consensus.roles.Acceptor - Sending WRITE for cId:0, I am:0
[MessageFactory] Creating WRITE message: from=0, id=0, epoch=0
V2VNativeBridge0: Sending message to -1 with length 1028
20:01:19.452 [Server Comm. System] INFO bftsmart.communication.ServerCommunicationSystem - === ServerCommunicationSystem.send() ===
[JNI] nativeSendMessage: 0 -> -1
[JNI] Sending 1028 bytes (0->-1)
[DEBUG V2VProxy 0] Queue has space - adding message
[JNI] Message queued successfully
        [Reliability 0] Sent seq=0 to replica 5
    -> Sending to replica 6 via V2V
    [Reliability 0] sendReliable() called
        Target: 6
        Message type: ConsensusMessage
        Sequence number: 0
20:01:19.452 [Server Comm. System] INFO bftsmart.communication.ServerCommunicationSystem -     Message type: ConsensusMessage
        Payload size: 515 bytes
20:01:19.452 [Server Comm. System] INFO bftsmart.communication.ServerCommunicationSystem -     Is TOMMessage: false
20:01:19.452 [Server Comm. System] INFO bftsmart.communication.ServerCommunicationSystem -     Targets: [1, 2, 3, 4, 5, 6, 7]
20:01:19.452 [Server Comm. System] INFO bftsmart.communication.ServerCommunicationSystem -     -> Routing to SERVER connection (SystemMessage)
20:01:19.452 [Server Comm. System] DEBUG bftsmart.communication.ServerCommunicationSystem - --> sending message from: [1, 2, 3, 4, 5, 6, 7] -> {}0
=== [V2V Layer 0] SEND called ===
    Targets: [1, 2, 3, 4, 5, 6, 7]
    Message type: ConsensusMessage
    Sender: 0
    -> Sending to replica 1 via V2V
    [Reliability 0] sendReliable() called
        Target: 1
        Message type: ConsensusMessage
        Sequence number: 1
V2VNativeBridge0: Sending message to -1 with length 1028
[JNI] nativeSendMessage: 0 -> -1
[JNI] Sending 1028 bytes (0->-1)
[DEBUG V2VProxy 0] Queue has space - adding message
[JNI] Message queued successfully
        [Reliability 0] Sent seq=0 to replica 6
    -> Sending to replica 7 via V2V
    [Reliability 0] sendReliable() called
        Target: 7
        Message type: ConsensusMessage
        Sequence number: 0
        Payload size: 172 bytes
        Payload size: 515 bytes
V2VNativeBridge0: Sending message to -1 with length 1028
[JNI] nativeSendMessage: 0 -> -1
[JNI] Sending 1028 bytes (0->-1)
[DEBUG V2VProxy 0] Queue has space - adding message
[JNI] Message queued successfully
        [Reliability 0] Sent seq=0 to replica 7
=== [V2V Layer 0] SEND complete ===
20:01:19.453 [TOM Layer] INFO bftsmart.communication.ServerCommunicationSystem - === ServerCommunicationSystem.send() complete ===
V2VNativeBridge0: Sending message to -1 with length 685
20:01:19.454 [TOM Layer] DEBUG bftsmart.tom.core.TOMLayer - Next leader for CID=0: 0
[JNI] nativeSendMessage: 0 -> -1
20:01:19.454 [TOM Layer] DEBUG bftsmart.tom.core.TOMLayer - Waiting for consensus 0 termination.
[JNI] Sending 685 bytes (0->-1)
[DEBUG V2VProxy 0] Queue has space - adding message
[JNI] Message queued successfully
        [Reliability 0] Sent seq=1 to replica 1
    -> Sending to replica 2 via V2V
    [Reliability 0] sendReliable() called
        Target: 2
        Message type: ConsensusMessage
        Sequence number: 1
        Payload size: 172 bytes
V2VNativeBridge0: Sending message to -1 with length 685
[JNI] nativeSendMessage: 0 -> -1
[JNI] Sending 685 bytes (0->-1)
[DEBUG V2VProxy 0] Queue has space - adding message
[JNI] Message queued successfully
        [Reliability 0] Sent seq=1 to replica 2
    -> Sending to replica 3 via V2V
    [Reliability 0] sendReliable() called
        Target: 3
        Message type: ConsensusMessage
        Sequence number: 1
        Payload size: 172 bytes
V2VNativeBridge0: Sending message to -1 with length 685
[JNI] nativeSendMessage: 0 -> -1
[JNI] Sending 685 bytes (0->-1)
[DEBUG V2VProxy 0] Queue has space - adding message
[JNI] Message queued successfully
        [Reliability 0] Sent seq=1 to replica 3
    -> Sending to replica 4 via V2V
    [Reliability 0] sendReliable() called
        Target: 4
        Message type: ConsensusMessage
        Sequence number: 1
        Payload size: 172 bytes
V2VNativeBridge0: Sending message to -1 with length 685
[JNI] nativeSendMessage: 0 -> -1
[JNI] Sending 685 bytes (0->-1)
[DEBUG V2VProxy 0] Queue has space - adding message
[JNI] Message queued successfully
        [Reliability 0] Sent seq=1 to replica 4
    -> Sending to replica 5 via V2V
    [Reliability 0] sendReliable() called
        Target: 5
        Message type: ConsensusMessage
        Sequence number: 1
        Payload size: 172 bytes
V2VNativeBridge0: Sending message to -1 with length 685
[JNI] nativeSendMessage: 0 -> -1
[JNI] Sending 685 bytes (0->-1)
[DEBUG V2VProxy 0] Queue has space - adding message
[JNI] Message queued successfully
        [Reliability 0] Sent seq=1 to replica 5
    -> Sending to replica 6 via V2V
    [Reliability 0] sendReliable() called
        Target: 6
        Message type: ConsensusMessage
        Sequence number: 1
        Payload size: 172 bytes
V2VNativeBridge0: Sending message to -1 with length 685
[JNI] nativeSendMessage: 0 -> -1
[JNI] Sending 685 bytes (0->-1)
[DEBUG V2VProxy 0] Queue has space - adding message
[JNI] Message queued successfully
        [Reliability 0] Sent seq=1 to replica 6
    -> Sending to replica 7 via V2V
    [Reliability 0] sendReliable() called
        Target: 7
        Message type: ConsensusMessage
        Sequence number: 1
        Payload size: 172 bytes
V2VNativeBridge0: Sending message to -1 with length 685
[JNI] nativeSendMessage: 0 -> -1
[JNI] Sending 685 bytes (0->-1)
[DEBUG V2VProxy 0] Queue has space - adding message
[JNI] Message queued successfully
        [Reliability 0] Sent seq=1 to replica 7
=== [V2V Layer 0] SEND complete ===
20:01:19.459 [Server Comm. System] INFO bftsmart.communication.ServerCommunicationSystem - === ServerCommunicationSystem.send() complete ===
20:01:19.459 [Server Comm. System] DEBUG bftsmart.consensus.roles.Acceptor - I have 1, WRITE's for cId:0, Epoch timestamp:0,
[Acceptor 0] computeWrite: cId=0, writeAccepted=1, quorum=5
[MessageFactory] Creating ACCEPT message: from=0, id=0, epoch=0
20:01:19.460 [Server Comm. System] DEBUG bftsmart.consensus.roles.Acceptor - WRITE computed for cId:0, I am:0
20:01:19.461 [Server Comm. System] INFO bftsmart.communication.ServerCommunicationSystem - === Message processed ===
20:01:19.461 [pool-14-thread-1] DEBUG bftsmart.consensus.roles.Acceptor - Creating cryptographic proof for speculative ACCEPT message from consensus 0
[V2VProxy 0] Timer #1 at t=3.3, sending 7 messages
[V2VProxy 0] *** SENDING V2V message #1 from=0 to=-1 size=1028 bytes at t=3.3
[V2VProxy 0] *** SENDING V2V message #2 from=0 to=-1 size=1028 bytes at t=3.3
[V2VProxy 0] *** SENDING V2V message #3 from=0 to=-1 size=1028 bytes at t=3.3
[V2VProxy 0] *** SENDING V2V message #4 from=0 to=-1 size=1028 bytes at t=3.3
[V2VProxy 0] *** SENDING V2V message #5 from=0 to=-1 size=1028 bytes at t=3.3
[V2VProxy 0] *** SENDING V2V message #6 from=0 to=-1 size=1028 bytes at t=3.3
[V2VProxy 0] *** SENDING V2V message #7 from=0 to=-1 size=1028 bytes at t=3.3
[V2VProxy 6] *** RECEIVED V2V message #1 from=0 to=-1 (broadcast=YES) at t=3.303964017602
[V2VProxy 6] Delivering message #1 from replica 0 to Java (1028 bytes)
V2VNativeBridge6: Received message from 0 with length 1028
[V2V Layer 6] Received message from replica 0 via JNI
    [Reliability 6] handleIncomingMessage() called
        Type: DATA
        From: 0
        SeqNum: 0
        Expected seq: 0
        -> IN ORDER, delivering immediately
    [Reliability 6] deliverMessage() - deserializing payload
        Deserialized: ConsensusMessage
        DEBUG: envelope.fromReplicaId=0, message.getSender()=0
=== [V2V Layer 6] DELIVER to BFT-SMaRt ===
    Message type: ConsensusMessage
    From replica: 0
    InQueue size before: 0
    InQueue size after: 1
=== [V2V Layer 6] DELIVER successful ===
20:01:19.489 [Server Comm. System] INFO bftsmart.communication.ServerCommunicationSystem - === ServerCommunicationSystem RECEIVED message ===
[V2VProxy 3] *** RECEIVED V2V message #1 from=0 to=-1 (broadcast=YES) at t=3.303964025631
[V2VProxy 3] Delivering message #2 from replica 0 to Java (1028 bytes)
20:01:19.489 [Server Comm. System] INFO bftsmart.communication.ServerCommunicationSystem -     Message type: ConsensusMessage
V2VNativeBridge3: Received message from 0 with length 1028
20:01:19.489 [Server Comm. System] INFO bftsmart.communication.ServerCommunicationSystem -     From: 0
[V2V Layer 3] Received message from replica 0 via JNI
20:01:19.489 [Server Comm. System] INFO bftsmart.communication.ServerCommunicationSystem -     Message count: 0
20:01:19.489 [Server Comm. System] DEBUG bftsmart.communication.ServerCommunicationSystem - <-- receiving, msg:type=PROPOSE, number=0, epoch=0, from=0
20:01:19.489 [Server Comm. System] DEBUG bftsmart.tom.core.ExecutionManager - Received message  type=PROPOSE, number=0, epoch=0, from=0
20:01:19.489 [Server Comm. System] DEBUG bftsmart.tom.core.ExecutionManager - I'm at consensus -1 and my last consensus is -1
20:01:19.489 [Server Comm. System] DEBUG bftsmart.tom.core.ExecutionManager - Message for consensus 0 can be processed
20:01:19.489 [Server Comm. System] DEBUG bftsmart.consensus.roles.Acceptor - Processing paxos msg with id 0
20:01:19.489 [Server Comm. System] DEBUG bftsmart.consensus.roles.Acceptor - PROPOSE received from:0, for consensus cId:0, I am:6
20:01:19.489 [Server Comm. System] DEBUG bftsmart.consensus.roles.Acceptor - Executing propose for cId:0, Epoch Timestamp:0
20:01:19.489 [Server Comm. System] DEBUG bftsmart.tom.core.TOMLayer - Modifying inExec from -1 to 0
20:01:19.489 [Server Comm. System] DEBUG bftsmart.tom.core.TOMLayer - Checking proposed value
    [Reliability 3] handleIncomingMessage() called
        Type: DATA
        From: 0
        SeqNum: 0
        Expected seq: 0
        -> IN ORDER, delivering immediately
    [Reliability 3] deliverMessage() - deserializing payload
        Deserialized: ConsensusMessage
        DEBUG: envelope.fromReplicaId=0, message.getSender()=0
=== [V2V Layer 3] DELIVER to BFT-SMaRt ===
    Message type: ConsensusMessage
    From replica: 0
    InQueue size before: 0
    InQueue size after: 1
=== [V2V Layer 3] DELIVER successful ===
20:01:19.489 [Server Comm. System] INFO bftsmart.communication.ServerCommunicationSystem - === ServerCommunicationSystem RECEIVED message ===
20:01:19.489 [Server Comm. System] INFO bftsmart.communication.ServerCommunicationSystem -     Message type: ConsensusMessage
20:01:19.489 [Server Comm. System] INFO bftsmart.communication.ServerCommunicationSystem -     From: 0
20:01:19.489 [Server Comm. System] INFO bftsmart.communication.ServerCommunicationSystem -     Message count: 0
20:01:19.489 [Server Comm. System] DEBUG bftsmart.communication.ServerCommunicationSystem - <-- receiving, msg:type=PROPOSE, number=0, epoch=0, from=0
20:01:19.489 [Server Comm. System] DEBUG bftsmart.tom.core.ExecutionManager - Received message  type=PROPOSE, number=0, epoch=0, from=0
20:01:19.489 [Server Comm. System] DEBUG bftsmart.tom.core.ExecutionManager - I'm at consensus -1 and my last consensus is -1
[V2VProxy 2] *** RECEIVED V2V message #1 from=0 to=-1 (broadcast=YES) at t=3.303964042984
[V2VProxy 2] Delivering message #3 from replica 0 to Java (1028 bytes)
20:01:19.489 [Server Comm. System] DEBUG bftsmart.tom.core.ExecutionManager - Message for consensus 0 can be processed
20:01:19.489 [Server Comm. System] DEBUG bftsmart.consensus.roles.Acceptor - Processing paxos msg with id 0
V2VNativeBridge2: Received message from 0 with length 1028
[V2V Layer 2] Received message from replica 0 via JNI
20:01:19.489 [Server Comm. System] DEBUG bftsmart.consensus.roles.Acceptor - PROPOSE received from:0, for consensus cId:0, I am:3
20:01:19.489 [Server Comm. System] DEBUG bftsmart.consensus.roles.Acceptor - Executing propose for cId:0, Epoch Timestamp:0
20:01:19.489 [Server Comm. System] DEBUG bftsmart.tom.core.TOMLayer - Modifying inExec from -1 to 0
20:01:19.489 [Server Comm. System] DEBUG bftsmart.tom.core.TOMLayer - Checking proposed value
    [Reliability 2] handleIncomingMessage() called
        Type: DATA
        From: 0
        SeqNum: 0
        Expected seq: 0
        -> IN ORDER, delivering immediately
    [Reliability 2] deliverMessage() - deserializing payload
        Deserialized: ConsensusMessage
        DEBUG: envelope.fromReplicaId=0, message.getSender()=0
=== [V2V Layer 2] DELIVER to BFT-SMaRt ===
    Message type: ConsensusMessage
    From replica: 0
    InQueue size before: 0
    InQueue size after: 1
=== [V2V Layer 2] DELIVER successful ===
20:01:19.491 [Server Comm. System] INFO bftsmart.communication.ServerCommunicationSystem - === ServerCommunicationSystem RECEIVED message ===
20:01:19.491 [Server Comm. System] INFO bftsmart.communication.ServerCommunicationSystem -     Message type: ConsensusMessage
20:01:19.491 [Server Comm. System] INFO bftsmart.communication.ServerCommunicationSystem -     From: 0
20:01:19.491 [Server Comm. System] INFO bftsmart.communication.ServerCommunicationSystem -     Message count: 0
20:01:19.491 [Server Comm. System] DEBUG bftsmart.communication.ServerCommunicationSystem - <-- receiving, msg:type=PROPOSE, number=0, epoch=0, from=0
20:01:19.491 [Server Comm. System] DEBUG bftsmart.tom.core.ExecutionManager - Received message  type=PROPOSE, number=0, epoch=0, from=0
20:01:19.491 [Server Comm. System] DEBUG bftsmart.tom.core.ExecutionManager - I'm at consensus -1 and my last consensus is -1
20:01:19.491 [Server Comm. System] DEBUG bftsmart.tom.core.ExecutionManager - Message for consensus 0 can be processed
20:01:19.491 [Server Comm. System] DEBUG bftsmart.consensus.roles.Acceptor - Processing paxos msg with id 0
20:01:19.491 [Server Comm. System] DEBUG bftsmart.consensus.roles.Acceptor - PROPOSE received from:0, for consensus cId:0, I am:2
20:01:19.491 [Server Comm. System] DEBUG bftsmart.consensus.roles.Acceptor - Executing propose for cId:0, Epoch Timestamp:0
20:01:19.491 [Server Comm. System] DEBUG bftsmart.tom.core.TOMLayer - Modifying inExec from -1 to 0
20:01:19.491 [Server Comm. System] DEBUG bftsmart.tom.core.TOMLayer - Checking proposed value
[V2VProxy 4] *** RECEIVED V2V message #1 from=0 to=-1 (broadcast=YES) at t=3.303964049804
[V2VProxy 4] Delivering message #4 from replica 0 to Java (1028 bytes)
V2VNativeBridge4: Received message from 0 with length 1028
[V2V Layer 4] Received message from replica 0 via JNI
    [Reliability 4] handleIncomingMessage() called
        Type: DATA
        From: 0
        SeqNum: 0
        Expected seq: 0
        -> IN ORDER, delivering immediately
    [Reliability 4] deliverMessage() - deserializing payload
        Deserialized: ConsensusMessage
        DEBUG: envelope.fromReplicaId=0, message.getSender()=0
=== [V2V Layer 4] DELIVER to BFT-SMaRt ===
    Message type: ConsensusMessage
    From replica: 0
    InQueue size before: 0
    InQueue size after: 1
=== [V2V Layer 4] DELIVER successful ===
20:01:19.494 [Server Comm. System] INFO bftsmart.communication.ServerCommunicationSystem - === ServerCommunicationSystem RECEIVED message ===
20:01:19.494 [Server Comm. System] INFO bftsmart.communication.ServerCommunicationSystem -     Message type: ConsensusMessage
20:01:19.494 [Server Comm. System] INFO bftsmart.communication.ServerCommunicationSystem -     From: 0
20:01:19.494 [Server Comm. System] INFO bftsmart.communication.ServerCommunicationSystem -     Message count: 0
20:01:19.494 [Server Comm. System] DEBUG bftsmart.communication.ServerCommunicationSystem - <-- receiving, msg:type=PROPOSE, number=0, epoch=0, from=0
20:01:19.494 [Server Comm. System] DEBUG bftsmart.tom.core.ExecutionManager - Received message  type=PROPOSE, number=0, epoch=0, from=0
20:01:19.494 [Server Comm. System] DEBUG bftsmart.tom.core.ExecutionManager - I'm at consensus -1 and my last consensus is -1
[V2VProxy 7] *** RECEIVED V2V message #1 from=0 to=-1 (broadcast=YES) at t=3.303964061357
20:01:19.494 [Server Comm. System] DEBUG bftsmart.tom.core.ExecutionManager - Message for consensus 0 can be processed
20:01:19.494 [Server Comm. System] DEBUG bftsmart.consensus.roles.Acceptor - Processing paxos msg with id 0
[V2VProxy 7] Delivering message #5 from replica 0 to Java (1028 bytes)
V2VNativeBridge7: Received message from 0 with length 1028
[V2V Layer 7] Received message from replica 0 via JNI
20:01:19.494 [Server Comm. System] DEBUG bftsmart.consensus.roles.Acceptor - PROPOSE received from:0, for consensus cId:0, I am:4
20:01:19.496 [Server Comm. System] DEBUG bftsmart.tom.core.TOMLayer - Successfully deserialized batch
20:01:19.497 [Server Comm. System] DEBUG bftsmart.consensus.roles.Acceptor - Sending WRITE for 0
20:01:19.497 [Server Comm. System] DEBUG bftsmart.tom.core.TOMLayer - Successfully deserialized batch
20:01:19.497 [Server Comm. System] DEBUG bftsmart.consensus.roles.Acceptor - Sending WRITE for 0
    [Reliability 7] handleIncomingMessage() called
        Type: DATA
        From: 0
        SeqNum: 0
20:01:19.496 [Server Comm. System] DEBUG bftsmart.consensus.roles.Acceptor - Executing propose for cId:0, Epoch Timestamp:0
        Expected seq: 0
20:01:19.496 [Server Comm. System] DEBUG bftsmart.tom.core.TOMLayer - Successfully deserialized batch
        -> IN ORDER, delivering immediately
    [Reliability 7] deliverMessage() - deserializing payload
20:01:19.497 [Server Comm. System] DEBUG bftsmart.consensus.roles.Acceptor - Sending WRITE for cId:0, I am:6
[MessageFactory] Creating WRITE message: from=6, id=0, epoch=0
20:01:19.498 [Server Comm. System] DEBUG bftsmart.tom.core.TOMLayer - Modifying inExec from -1 to 0
20:01:19.498 [Server Comm. System] DEBUG bftsmart.tom.core.TOMLayer - Checking proposed value
        Deserialized: ConsensusMessage
        DEBUG: envelope.fromReplicaId=0, message.getSender()=0
20:01:19.497 [Server Comm. System] DEBUG bftsmart.consensus.roles.Acceptor - Sending WRITE for cId:0, I am:3
=== [V2V Layer 7] DELIVER to BFT-SMaRt ===
[MessageFactory] Creating WRITE message: from=3, id=0, epoch=0
20:01:19.498 [Server Comm. System] INFO bftsmart.communication.ServerCommunicationSystem - === ServerCommunicationSystem.send() ===
20:01:19.498 [Server Comm. System] DEBUG bftsmart.consensus.roles.Acceptor - Sending WRITE for 0
20:01:19.498 [Server Comm. System] INFO bftsmart.communication.ServerCommunicationSystem -     Message type: ConsensusMessage
20:01:19.498 [Server Comm. System] INFO bftsmart.communication.ServerCommunicationSystem - === ServerCommunicationSystem.send() ===
    Message type: ConsensusMessage
    From replica: 0
    InQueue size before: 0
    InQueue size after: 1
=== [V2V Layer 7] DELIVER successful ===
20:01:19.498 [Server Comm. System] DEBUG bftsmart.consensus.roles.Acceptor - Sending WRITE for cId:0, I am:2
[MessageFactory] Creating WRITE message: from=2, id=0, epoch=0
20:01:19.498 [Server Comm. System] INFO bftsmart.communication.ServerCommunicationSystem - === ServerCommunicationSystem RECEIVED message ===
20:01:19.498 [Server Comm. System] INFO bftsmart.communication.ServerCommunicationSystem -     Is TOMMessage: false
20:01:19.498 [Server Comm. System] INFO bftsmart.communication.ServerCommunicationSystem -     Message type: ConsensusMessage
20:01:19.498 [Server Comm. System] INFO bftsmart.communication.ServerCommunicationSystem -     Targets: [0, 1, 2, 3, 4, 5, 7]
20:01:19.498 [Server Comm. System] INFO bftsmart.communication.ServerCommunicationSystem -     -> Routing to SERVER connection (SystemMessage)
20:01:19.498 [Server Comm. System] DEBUG bftsmart.communication.ServerCommunicationSystem - --> sending message from: [0, 1, 2, 3, 4, 5, 7] -> {}6
=== [V2V Layer 6] SEND called ===
    Targets: [0, 1, 2, 3, 4, 5, 7]
    Message type: ConsensusMessage
    Sender: 6
20:01:19.498 [Server Comm. System] INFO bftsmart.communication.ServerCommunicationSystem -     Is TOMMessage: false
[V2VProxy 1] *** RECEIVED V2V message #1 from=0 to=-1 (broadcast=YES) at t=3.303964063063
[V2VProxy 1] Delivering message #6 from replica 0 to Java (1028 bytes)
20:01:19.498 [Server Comm. System] INFO bftsmart.communication.ServerCommunicationSystem - === ServerCommunicationSystem.send() ===
V2VNativeBridge1: Received message from 0 with length 1028
[V2V Layer 1] Received message from replica 0 via JNI
    -> Sending to replica 0 via V2V
    [Reliability 6] sendReliable() called
        Target: 0
        Message type: ConsensusMessage
20:01:19.498 [Server Comm. System] INFO bftsmart.communication.ServerCommunicationSystem -     Message type: ConsensusMessage
20:01:19.498 [Server Comm. System] INFO bftsmart.communication.ServerCommunicationSystem -     Message type: ConsensusMessage
        Sequence number: 0
20:01:19.498 [Server Comm. System] INFO bftsmart.communication.ServerCommunicationSystem -     Is TOMMessage: false
20:01:19.498 [Server Comm. System] INFO bftsmart.communication.ServerCommunicationSystem -     From: 0
20:01:19.498 [Server Comm. System] INFO bftsmart.communication.ServerCommunicationSystem -     Targets: [0, 1, 3, 4, 5, 6, 7]
20:01:19.498 [Server Comm. System] INFO bftsmart.communication.ServerCommunicationSystem -     Targets: [0, 1, 2, 4, 5, 6, 7]
20:01:19.498 [Server Comm. System] INFO bftsmart.communication.ServerCommunicationSystem -     -> Routing to SERVER connection (SystemMessage)
20:01:19.498 [Server Comm. System] INFO bftsmart.communication.ServerCommunicationSystem -     Message count: 0
20:01:19.498 [Server Comm. System] DEBUG bftsmart.communication.ServerCommunicationSystem - --> sending message from: [0, 1, 3, 4, 5, 6, 7] -> {}2
=== [V2V Layer 2] SEND called ===
    Targets: [0, 1, 3, 4, 5, 6, 7]
    [Reliability 1] handleIncomingMessage() called
        Type: DATA
        From: 0
        SeqNum: 0
        Expected seq: 0
        Payload size: 172 bytes
    Message type: ConsensusMessage
    Sender: 2
    -> Sending to replica 0 via V2V
    [Reliability 2] sendReliable() called
        Target: 0
        -> IN ORDER, delivering immediately
    [Reliability 1] deliverMessage() - deserializing payload
        [Reliability 6] Piggybacked 1 ACKs to replica 0
        Message type: ConsensusMessage
        Sequence number: 0
20:01:19.500 [Server Comm. System] DEBUG bftsmart.communication.ServerCommunicationSystem - <-- receiving, msg:type=PROPOSE, number=0, epoch=0, from=0
        Deserialized: ConsensusMessage
        DEBUG: envelope.fromReplicaId=0, message.getSender()=0
=== [V2V Layer 1] DELIVER to BFT-SMaRt ===
    Message type: ConsensusMessage
    From replica: 0
    InQueue size before: 0
20:01:19.500 [Server Comm. System] DEBUG bftsmart.tom.core.ExecutionManager - Received message  type=PROPOSE, number=0, epoch=0, from=0
20:01:19.500 [Server Comm. System] DEBUG bftsmart.tom.core.ExecutionManager - I'm at consensus -1 and my last consensus is -1
20:01:19.498 [Server Comm. System] INFO bftsmart.communication.ServerCommunicationSystem -     -> Routing to SERVER connection (SystemMessage)
        Payload size: 172 bytes
    InQueue size after: 1
=== [V2V Layer 1] DELIVER successful ===
20:01:19.500 [Server Comm. System] DEBUG bftsmart.communication.ServerCommunicationSystem - --> sending message from: [0, 1, 2, 4, 5, 6, 7] -> {}3
        [Reliability 2] Piggybacked 1 ACKs to replica 0
20:01:19.500 [Server Comm. System] DEBUG bftsmart.tom.core.ExecutionManager - Message for consensus 0 can be processed
=== [V2V Layer 3] SEND called ===
    Targets: [0, 1, 2, 4, 5, 6, 7]
    Message type: ConsensusMessage
20:01:19.500 [Server Comm. System] DEBUG bftsmart.consensus.roles.Acceptor - Processing paxos msg with id 0
[V2VProxy 5] *** RECEIVED V2V message #1 from=0 to=-1 (broadcast=YES) at t=3.303964078623
[V2VProxy 5] Delivering message #7 from replica 0 to Java (1028 bytes)
    Sender: 3
    -> Sending to replica 0 via V2V
V2VNativeBridge5: Received message from 0 with length 1028
[V2V Layer 5] Received message from replica 0 via JNI
    [Reliability 3] sendReliable() called
        Target: 0
        Message type: ConsensusMessage
20:01:19.500 [Server Comm. System] INFO bftsmart.communication.ServerCommunicationSystem - === ServerCommunicationSystem RECEIVED message ===
        Sequence number: 0
20:01:19.500 [Server Comm. System] DEBUG bftsmart.consensus.roles.Acceptor - PROPOSE received from:0, for consensus cId:0, I am:7
        Payload size: 172 bytes
        [Reliability 3] Piggybacked 1 ACKs to replica 0
V2VNativeBridge2: Sending message to -1 with length 763
[JNI] nativeSendMessage: 2 -> -1
[JNI] Sending 763 bytes (2->-1)
[DEBUG V2VProxy 2] Queue has space - adding message
[JNI] Message queued successfully
        [Reliability 2] Sent seq=0 to replica 0
    -> Sending to replica 1 via V2V
    [Reliability 2] sendReliable() called
        Target: 1
        Message type: ConsensusMessage
        Sequence number: 0
V2VNativeBridge6: Sending message to -1 with length 763
[JNI] nativeSendMessage: 6 -> -1
[JNI] Sending 763 bytes (6->-1)
[DEBUG V2VProxy 6] Queue has space - adding message
[JNI] Message queued successfully
        Payload size: 172 bytes
        [Reliability 6] Sent seq=0 to replica 0
    -> Sending to replica 1 via V2V
    [Reliability 6] sendReliable() called
        Target: 1
        Message type: ConsensusMessage
        Sequence number: 0
V2VNativeBridge2: Sending message to -1 with length 685
[JNI] nativeSendMessage: 2 -> -1
[JNI] Sending 685 bytes (2->-1)
[DEBUG V2VProxy 2] Queue has space - adding message
[JNI] Message queued successfully
        Payload size: 172 bytes
V2VNativeBridge3: Sending message to -1 with length 763
[JNI] nativeSendMessage: 3 -> -1
[JNI] Sending 763 bytes (3->-1)
[DEBUG V2VProxy 3] Queue has space - adding message
[JNI] Message queued successfully
        [Reliability 2] Sent seq=0 to replica 1
V2VNativeBridge6: Sending message to -1 with length 685
[JNI] nativeSendMessage: 6 -> -1
[JNI] Sending 685 bytes (6->-1)
[DEBUG V2VProxy 6] Queue has space - adding message
[JNI] Message queued successfully
        [Reliability 6] Sent seq=0 to replica 1
    -> Sending to replica 2 via V2V
    -> Sending to replica 3 via V2V
    [Reliability 2] sendReliable() called
        Target: 3
        [Reliability 3] Sent seq=0 to replica 0
        Message type: ConsensusMessage
    [Reliability 5] handleIncomingMessage() called
    [Reliability 6] sendReliable() called
        Target: 2
        Message type: ConsensusMessage
        Sequence number: 0
20:01:19.501 [Server Comm. System] INFO bftsmart.communication.ServerCommunicationSystem -     Message type: ConsensusMessage
        Payload size: 172 bytes
        Type: DATA
        From: 0
        Sequence number: 0
        SeqNum: 0
        Expected seq: 0
    -> Sending to replica 1 via V2V
        -> IN ORDER, delivering immediately
    [Reliability 5] deliverMessage() - deserializing payload
        Payload size: 172 bytes
    [Reliability 3] sendReliable() called
        Target: 1
        Message type: ConsensusMessage
20:01:19.502 [Server Comm. System] DEBUG bftsmart.tom.core.TOMLayer - Successfully deserialized batch
V2VNativeBridge2: Sending message to -1 with length 685
[JNI] nativeSendMessage: 2 -> -1
[JNI] Sending 685 bytes (2->-1)
[DEBUG V2VProxy 2] Queue has space - adding message
[JNI] Message queued successfully
V2VNativeBridge6: Sending message to -1 with length 685
        [Reliability 2] Sent seq=0 to replica 3
    -> Sending to replica 4 via V2V
20:01:19.503 [Server Comm. System] DEBUG bftsmart.consensus.roles.Acceptor - Sending WRITE for 0
20:01:19.502 [Server Comm. System] DEBUG bftsmart.consensus.roles.Acceptor - Executing propose for cId:0, Epoch Timestamp:0
20:01:19.503 [Server Comm. System] DEBUG bftsmart.consensus.roles.Acceptor - Sending WRITE for cId:0, I am:4
[JNI] nativeSendMessage: 6 -> -1
[MessageFactory] Creating WRITE message: from=4, id=0, epoch=0
[JNI] Sending 685 bytes (6->-1)
[DEBUG V2VProxy 6] Queue has space - adding message
[JNI] Message queued successfully
20:01:19.503 [Server Comm. System] INFO bftsmart.communication.ServerCommunicationSystem - === ServerCommunicationSystem.send() ===
        Sequence number: 0
20:01:19.503 [Server Comm. System] INFO bftsmart.communication.ServerCommunicationSystem -     From: 0
20:01:19.503 [Server Comm. System] INFO bftsmart.communication.ServerCommunicationSystem -     Message type: ConsensusMessage
        [Reliability 6] Sent seq=0 to replica 2
        Payload size: 172 bytes
    -> Sending to replica 3 via V2V
    [Reliability 6] sendReliable() called
        Target: 3
        Message type: ConsensusMessage
        Sequence number: 0
V2VNativeBridge3: Sending message to -1 with length 685
[JNI] nativeSendMessage: 3 -> -1
[JNI] Sending 685 bytes (3->-1)
[DEBUG V2VProxy 3] Queue has space - adding message
[JNI] Message queued successfully
        Payload size: 172 bytes
        Deserialized: ConsensusMessage
V2VNativeBridge6: Sending message to -1 with length 685
[JNI] nativeSendMessage: 6 -> -1
[JNI] Sending 685 bytes (6->-1)
[DEBUG V2VProxy 6] Queue has space - adding message
        DEBUG: envelope.fromReplicaId=0, message.getSender()=0[JNI] Message queued successfully

=== [V2V Layer 5] DELIVER to BFT-SMaRt ===
        [Reliability 6] Sent seq=0 to replica 3
    -> Sending to replica 4 via V2V
    [Reliability 6] sendReliable() called
        Target: 4
        Message type: ConsensusMessage
        Sequence number: 0
    [Reliability 2] sendReliable() called
        Target: 4
        Message type: ConsensusMessage
        Payload size: 172 bytes
    Message type: ConsensusMessage
    From replica: 0
    InQueue size before: 0
V2VNativeBridge6: Sending message to -1 with length 685
    InQueue size after: 1[JNI] nativeSendMessage: 6 -> -1
[JNI] Sending 685 bytes (6->-1)
[DEBUG V2VProxy 6] Queue has space - adding message
[JNI] Message queued successfully

=== [V2V Layer 5] DELIVER successful ===
        [Reliability 3] Sent seq=0 to replica 1
    -> Sending to replica 2 via V2V
    [Reliability 3] sendReliable() called
20:01:19.503 [Server Comm. System] DEBUG bftsmart.tom.core.TOMLayer - Modifying inExec from -1 to 0
        Target: 2
20:01:19.504 [Server Comm. System] DEBUG bftsmart.tom.core.TOMLayer - Checking proposed value
        [Reliability 6] Sent seq=0 to replica 4
    -> Sending to replica 5 via V2V
    [Reliability 6] sendReliable() called
        Target: 5
        Message type: ConsensusMessage
        Sequence number: 0
        Sequence number: 0
        Payload size: 172 bytes
        Payload size: 172 bytes
20:01:19.503 [Server Comm. System] INFO bftsmart.communication.ServerCommunicationSystem -     Message count: 0
        Message type: ConsensusMessage
        Sequence number: 0
20:01:19.504 [Server Comm. System] DEBUG bftsmart.communication.ServerCommunicationSystem - <-- receiving, msg:type=PROPOSE, number=0, epoch=0, from=0
20:01:19.503 [Server Comm. System] INFO bftsmart.communication.ServerCommunicationSystem -     Is TOMMessage: false
        Payload size: 172 bytes
20:01:19.504 [Server Comm. System] INFO bftsmart.communication.ServerCommunicationSystem - === ServerCommunicationSystem RECEIVED message ===
V2VNativeBridge2: Sending message to -1 with length 685
[JNI] nativeSendMessage: 2 -> -1
[JNI] Sending 685 bytes (2->-1)
[DEBUG V2VProxy 2] Queue has space - adding message
[JNI] Message queued successfully
V2VNativeBridge3: Sending message to -1 with length 685
[JNI] nativeSendMessage: 3 -> -1
[JNI] Sending 685 bytes (3->-1)
[DEBUG V2VProxy 3] Queue has space - adding message
[JNI] Message queued successfully
        [Reliability 2] Sent seq=0 to replica 4
        [Reliability 3] Sent seq=0 to replica 2
    -> Sending to replica 4 via V2V
    [Reliability 3] sendReliable() called
        Target: 4
        Message type: ConsensusMessage
        Sequence number: 0
    -> Sending to replica 5 via V2V
20:01:19.504 [Server Comm. System] DEBUG bftsmart.tom.core.ExecutionManager - Received message  type=PROPOSE, number=0, epoch=0, from=0
        Payload size: 172 bytes
V2VNativeBridge6: Sending message to -1 with length 685
[JNI] nativeSendMessage: 6 -> -1
[JNI] Sending 685 bytes (6->-1)
[DEBUG V2VProxy 6] Queue has space - adding message
[JNI] Message queued successfully
20:01:19.504 [Server Comm. System] DEBUG bftsmart.tom.core.ExecutionManager - I'm at consensus -1 and my last consensus is -1
        [Reliability 6] Sent seq=0 to replica 5
    -> Sending to replica 7 via V2V
    [Reliability 6] sendReliable() called
        Target: 7
        Message type: ConsensusMessage
        Sequence number: 0
V2VNativeBridge3: Sending message to -1 with length 685
        Payload size: 172 bytes
20:01:19.504 [Server Comm. System] INFO bftsmart.communication.ServerCommunicationSystem -     Targets: [0, 1, 2, 3, 5, 6, 7]
20:01:19.504 [Server Comm. System] DEBUG bftsmart.tom.core.ExecutionManager - Message for consensus 0 can be processed
[JNI] nativeSendMessage: 3 -> -1
[JNI] Sending 685 bytes (3->-1)
[DEBUG V2VProxy 3] Queue has space - adding message
20:01:19.504 [Server Comm. System] INFO bftsmart.communication.ServerCommunicationSystem -     -> Routing to SERVER connection (SystemMessage)
[JNI] Message queued successfully
20:01:19.504 [Server Comm. System] DEBUG bftsmart.consensus.roles.Acceptor - Processing paxos msg with id 0
        [Reliability 3] Sent seq=0 to replica 4
20:01:19.504 [Server Comm. System] DEBUG bftsmart.communication.ServerCommunicationSystem - --> sending message from: [0, 1, 2, 3, 5, 6, 7] -> {}4
=== [V2V Layer 4] SEND called ===
    -> Sending to replica 5 via V2V
    [Reliability 2] sendReliable() called
        Target: 5
        Message type: ConsensusMessage
    [Reliability 3] sendReliable() called
        Target: 5
        Message type: ConsensusMessage
    Targets: [0, 1, 2, 3, 5, 6, 7]
    Message type: ConsensusMessage
    Sender: 4
    -> Sending to replica 0 via V2V
    [Reliability 4] sendReliable() called
        Target: 0
        Message type: ConsensusMessage
        Sequence number: 0
20:01:19.504 [Server Comm. System] DEBUG bftsmart.consensus.roles.Acceptor - PROPOSE received from:0, for consensus cId:0, I am:1
        Payload size: 172 bytes
20:01:19.504 [Server Comm. System] INFO bftsmart.communication.ServerCommunicationSystem -     Message type: ConsensusMessage
V2VNativeBridge6: Sending message to -1 with length 685
[JNI] nativeSendMessage: 6 -> -1
[JNI] Sending 685 bytes (6->-1)
[DEBUG V2VProxy 6] Queue has space - adding message
[JNI] Message queued successfully
        [Reliability 6] Sent seq=0 to replica 7
=== [V2V Layer 6] SEND complete ===
20:01:19.505 [Server Comm. System] DEBUG bftsmart.consensus.roles.Acceptor - Executing propose for cId:0, Epoch Timestamp:0
        [Reliability 4] Piggybacked 1 ACKs to replica 0
        Sequence number: 0
V2VNativeBridge4: Sending message to -1 with length 763
        Payload size: 172 bytes
[JNI] nativeSendMessage: 4 -> -1
[JNI] Sending 763 bytes (4->-1)
[DEBUG V2VProxy 4] Queue has space - adding message
[JNI] Message queued successfully
        [Reliability 4] Sent seq=0 to replica 0
    -> Sending to replica 1 via V2V
    [Reliability 4] sendReliable() called
        Target: 1
        Message type: ConsensusMessage
V2VNativeBridge3: Sending message to -1 with length 685
[JNI] nativeSendMessage: 3 -> -1
[JNI] Sending 685 bytes (3->-1)
[DEBUG V2VProxy 3] Queue has space - adding message
        Sequence number: 0[JNI] Message queued successfully

        Sequence number: 0
        Payload size: 172 bytes
        [Reliability 3] Sent seq=0 to replica 5
    -> Sending to replica 6 via V2V
    [Reliability 3] sendReliable() called
        Target: 6
        Message type: ConsensusMessage
        Sequence number: 0
20:01:19.506 [Server Comm. System] INFO bftsmart.communication.ServerCommunicationSystem -     From: 0
        Payload size: 172 bytes
        Payload size: 172 bytes
20:01:19.507 [Server Comm. System] INFO bftsmart.communication.ServerCommunicationSystem - === ServerCommunicationSystem.send() complete ===
20:01:19.507 [Server Comm. System] INFO bftsmart.communication.ServerCommunicationSystem -     Message count: 0
20:01:19.507 [Server Comm. System] DEBUG bftsmart.communication.ServerCommunicationSystem - <-- receiving, msg:type=PROPOSE, number=0, epoch=0, from=0
V2VNativeBridge3: Sending message to -1 with length 685
[JNI] nativeSendMessage: 3 -> -1
[JNI] Sending 685 bytes (3->-1)
[DEBUG V2VProxy 3] Queue has space - adding message
[JNI] Message queued successfully
        [Reliability 3] Sent seq=0 to replica 6
    -> Sending to replica 7 via V2V
    [Reliability 3] sendReliable() called
        Target: 7
V2VNativeBridge4: Sending message to -1 with length 685
[JNI] nativeSendMessage: 4 -> -1
[JNI] Sending 685 bytes (4->-1)
[DEBUG V2VProxy 4] Queue has space - adding message
[JNI] Message queued successfully
V2VNativeBridge2: Sending message to -1 with length 685
[JNI] nativeSendMessage: 2 -> -1
        [Reliability 4] Sent seq=0 to replica 1
[JNI] Sending 685 bytes (2->-1)
[DEBUG V2VProxy 2] Queue has space - adding message
[JNI] Message queued successfully
        [Reliability 2] Sent seq=0 to replica 5
    -> Sending to replica 6 via V2V
    [Reliability 2] sendReliable() called
        Target: 6
        Message type: ConsensusMessage
    -> Sending to replica 2 via V2V
    [Reliability 4] sendReliable() called
        Target: 2
        Message type: ConsensusMessage
        Message type: ConsensusMessage
        Sequence number: 0
        Payload size: 172 bytes
20:01:19.507 [Server Comm. System] DEBUG bftsmart.tom.core.TOMLayer - Modifying inExec from -1 to 0
        Sequence number: 0
V2VNativeBridge3: Sending message to -1 with length 685
[JNI] nativeSendMessage: 3 -> -1
[JNI] Sending 685 bytes (3->-1)
[DEBUG V2VProxy 3] Queue has space - adding message
[JNI] Message queued successfully
        Sequence number: 0
        [Reliability 3] Sent seq=0 to replica 7
=== [V2V Layer 3] SEND complete ===
        Payload size: 172 bytes
        Payload size: 172 bytes
20:01:19.507 [Server Comm. System] DEBUG bftsmart.tom.core.ExecutionManager - Received message  type=PROPOSE, number=0, epoch=0, from=0
V2VNativeBridge2: Sending message to -1 with length 685
[JNI] nativeSendMessage: 2 -> -1
[JNI] Sending 685 bytes (2->-1)
[DEBUG V2VProxy 2] Queue has space - adding message
[JNI] Message queued successfully
        [Reliability 2] Sent seq=0 to replica 6
    -> Sending to replica 7 via V2V
V2VNativeBridge4: Sending message to -1 with length 685
20:01:19.508 [Server Comm. System] DEBUG bftsmart.tom.core.ExecutionManager - I'm at consensus -1 and my last consensus is -1
[JNI] nativeSendMessage: 4 -> -1
[JNI] Sending 685 bytes (4->-1)
[DEBUG V2VProxy 4] Queue has space - adding message
    [Reliability 2] sendReliable() called[JNI] Message queued successfully

20:01:19.507 [Server Comm. System] DEBUG bftsmart.consensus.roles.Acceptor - I have 1, WRITE's for cId:0, Epoch timestamp:0,
        [Reliability 4] Sent seq=0 to replica 2
20:01:19.508 [Server Comm. System] DEBUG bftsmart.tom.core.ExecutionManager - Message for consensus 0 can be processed
    -> Sending to replica 3 via V2V
    [Reliability 4] sendReliable() called
        Target: 3
        Message type: ConsensusMessage
        Sequence number: 0
        Target: 7
        Payload size: 172 bytes
        Message type: ConsensusMessage
        Sequence number: 0
[Acceptor 6] computeWrite: cId=0, writeAccepted=1, quorum=5
        Payload size: 172 bytes
[MessageFactory] Creating ACCEPT message: from=6, id=0, epoch=0
V2VNativeBridge4: Sending message to -1 with length 685
[JNI] nativeSendMessage: 4 -> -1
[JNI] Sending 685 bytes (4->-1)
[DEBUG V2VProxy 4] Queue has space - adding message
[JNI] Message queued successfully
        [Reliability 4] Sent seq=0 to replica 3
20:01:19.508 [Server Comm. System] DEBUG bftsmart.consensus.roles.Acceptor - Processing paxos msg with id 0
V2VNativeBridge2: Sending message to -1 with length 685
20:01:19.507 [Server Comm. System] DEBUG bftsmart.tom.core.TOMLayer - Checking proposed value
[JNI] nativeSendMessage: 2 -> -1
[JNI] Sending 685 bytes (2->-1)
[DEBUG V2VProxy 2] Queue has space - adding message
[JNI] Message queued successfully
20:01:19.508 [Server Comm. System] DEBUG bftsmart.consensus.roles.Acceptor - PROPOSE received from:0, for consensus cId:0, I am:5
    -> Sending to replica 5 via V2V
    [Reliability 4] sendReliable() called
        Target: 5
20:01:19.508 [Server Comm. System] DEBUG bftsmart.consensus.roles.Acceptor - Executing propose for cId:0, Epoch Timestamp:0
        [Reliability 2] Sent seq=0 to replica 7
20:01:19.508 [Server Comm. System] INFO bftsmart.communication.ServerCommunicationSystem - === ServerCommunicationSystem.send() complete ===
20:01:19.508 [Server Comm. System] DEBUG bftsmart.tom.core.TOMLayer - Modifying inExec from -1 to 0
20:01:19.508 [Server Comm. System] DEBUG bftsmart.tom.core.TOMLayer - Checking proposed value
=== [V2V Layer 2] SEND complete ===
        Message type: ConsensusMessage
        Sequence number: 0
        Payload size: 172 bytes
20:01:19.508 [Server Comm. System] DEBUG bftsmart.tom.core.TOMLayer - Successfully deserialized batch
V2VNativeBridge4: Sending message to -1 with length 685
[JNI] nativeSendMessage: 4 -> -1
[JNI] Sending 685 bytes (4->-1)
[DEBUG V2VProxy 4] Queue has space - adding message
[JNI] Message queued successfully
20:01:19.508 [Server Comm. System] DEBUG bftsmart.consensus.roles.Acceptor - Sending WRITE for 0
        [Reliability 4] Sent seq=0 to replica 5
    -> Sending to replica 6 via V2V
    [Reliability 4] sendReliable() called
20:01:19.508 [Server Comm. System] DEBUG bftsmart.consensus.roles.Acceptor - WRITE computed for cId:0, I am:6
        Target: 6
20:01:19.508 [pool-10-thread-1] DEBUG bftsmart.consensus.roles.Acceptor - Creating cryptographic proof for speculative ACCEPT message from consensus 0
20:01:19.508 [Server Comm. System] INFO bftsmart.communication.ServerCommunicationSystem - === ServerCommunicationSystem.send() complete ===
        Message type: ConsensusMessage
        Sequence number: 0
20:01:19.508 [Server Comm. System] INFO bftsmart.communication.ServerCommunicationSystem - === Message processed ===
        Payload size: 172 bytes
20:01:19.508 [Server Comm. System] DEBUG bftsmart.consensus.roles.Acceptor - I have 1, WRITE's for cId:0, Epoch timestamp:0,
[Acceptor 3] computeWrite: cId=0, writeAccepted=1, quorum=5
[MessageFactory] Creating ACCEPT message: from=3, id=0, epoch=0
V2VNativeBridge4: Sending message to -1 with length 685
[JNI] nativeSendMessage: 4 -> -1
[JNI] Sending 685 bytes (4->-1)
[DEBUG V2VProxy 4] Queue has space - adding message
[JNI] Message queued successfully
20:01:19.508 [Server Comm. System] DEBUG bftsmart.consensus.roles.Acceptor - Sending WRITE for cId:0, I am:7
        [Reliability 4] Sent seq=0 to replica 6
    -> Sending to replica 7 via V2V
    [Reliability 4] sendReliable() called
        Target: 7
        Message type: ConsensusMessage
[MessageFactory] Creating WRITE message: from=7, id=0, epoch=0
        Sequence number: 0
        Payload size: 172 bytes
20:01:19.509 [Server Comm. System] DEBUG bftsmart.consensus.roles.Acceptor - I have 1, WRITE's for cId:0, Epoch timestamp:0,
[Acceptor 2] computeWrite: cId=0, writeAccepted=1, quorum=5
20:01:19.509 [Server Comm. System] INFO bftsmart.communication.ServerCommunicationSystem - === ServerCommunicationSystem.send() ===
[MessageFactory] Creating ACCEPT message: from=2, id=0, epoch=0
20:01:19.509 [Server Comm. System] INFO bftsmart.communication.ServerCommunicationSystem -     Message type: ConsensusMessage
V2VNativeBridge4: Sending message to -1 with length 685
[JNI] nativeSendMessage: 4 -> -1
[JNI] Sending 685 bytes (4->-1)
[DEBUG V2VProxy 4] Queue has space - adding message
[JNI] Message queued successfully
20:01:19.509 [Server Comm. System] INFO bftsmart.communication.ServerCommunicationSystem -     Is TOMMessage: false
        [Reliability 4] Sent seq=0 to replica 7
=== [V2V Layer 4] SEND complete ===
20:01:19.509 [Server Comm. System] INFO bftsmart.communication.ServerCommunicationSystem -     Targets: [0, 1, 2, 3, 4, 5, 6]
20:01:19.509 [Server Comm. System] INFO bftsmart.communication.ServerCommunicationSystem -     -> Routing to SERVER connection (SystemMessage)
20:01:19.509 [Server Comm. System] INFO bftsmart.communication.ServerCommunicationSystem - === ServerCommunicationSystem.send() complete ===
20:01:19.509 [Server Comm. System] DEBUG bftsmart.communication.ServerCommunicationSystem - --> sending message from: [0, 1, 2, 3, 4, 5, 6] -> {}7
=== [V2V Layer 7] SEND called ===
20:01:19.509 [Server Comm. System] DEBUG bftsmart.consensus.roles.Acceptor - I have 1, WRITE's for cId:0, Epoch timestamp:0,
    Targets: [0, 1, 2, 3, 4, 5, 6]
    Message type: ConsensusMessage
    Sender: 7
    -> Sending to replica 0 via V2V
    [Reliability 7] sendReliable() called
        Target: 0
        Message type: ConsensusMessage
        Sequence number: 0
[Acceptor 4] computeWrite: cId=0, writeAccepted=1, quorum=5
[MessageFactory] Creating ACCEPT message: from=4, id=0, epoch=0
        Payload size: 172 bytes
        [Reliability 7] Piggybacked 1 ACKs to replica 0
V2VNativeBridge7: Sending message to -1 with length 763
[JNI] nativeSendMessage: 7 -> -1
[JNI] Sending 763 bytes (7->-1)
[DEBUG V2VProxy 7] Queue has space - adding message
[JNI] Message queued successfully
        [Reliability 7] Sent seq=0 to replica 0
    -> Sending to replica 1 via V2V
    [Reliability 7] sendReliable() called
        Target: 1
        Message type: ConsensusMessage
        Sequence number: 0
        Payload size: 172 bytes
V2VNativeBridge7: Sending message to -1 with length 685
[JNI] nativeSendMessage: 7 -> -1
[JNI] Sending 685 bytes (7->-1)
[DEBUG V2VProxy 7] Queue has space - adding message
[JNI] Message queued successfully
        [Reliability 7] Sent seq=0 to replica 1
    -> Sending to replica 2 via V2V
    [Reliability 7] sendReliable() called
        Target: 2
        Message type: ConsensusMessage
        Sequence number: 0
        Payload size: 172 bytes
V2VNativeBridge7: Sending message to -1 with length 685
[JNI] nativeSendMessage: 7 -> -1
[JNI] Sending 685 bytes (7->-1)
[DEBUG V2VProxy 7] Queue has space - adding message
[JNI] Message queued successfully
        [Reliability 7] Sent seq=0 to replica 2
    -> Sending to replica 3 via V2V
    [Reliability 7] sendReliable() called
        Target: 3
        Message type: ConsensusMessage
        Sequence number: 0
        Payload size: 172 bytes
V2VNativeBridge7: Sending message to -1 with length 685
[JNI] nativeSendMessage: 7 -> -1
[JNI] Sending 685 bytes (7->-1)
[DEBUG V2VProxy 7] Queue has space - adding message
[JNI] Message queued successfully
        [Reliability 7] Sent seq=0 to replica 3
    -> Sending to replica 4 via V2V
    [Reliability 7] sendReliable() called
        Target: 4
        Message type: ConsensusMessage
        Sequence number: 0
        Payload size: 172 bytes
V2VNativeBridge7: Sending message to -1 with length 685
[JNI] nativeSendMessage: 7 -> -1
[JNI] Sending 685 bytes (7->-1)
[DEBUG V2VProxy 7] Queue has space - adding message
[JNI] Message queued successfully
        [Reliability 7] Sent seq=0 to replica 4
    -> Sending to replica 5 via V2V
    [Reliability 7] sendReliable() called
        Target: 5
        Message type: ConsensusMessage
        Sequence number: 0
20:01:19.510 [Server Comm. System] DEBUG bftsmart.consensus.roles.Acceptor - WRITE computed for cId:0, I am:3
        Payload size: 172 bytes
20:01:19.510 [Server Comm. System] INFO bftsmart.communication.ServerCommunicationSystem - === Message processed ===
V2VNativeBridge7: Sending message to -1 with length 685
[JNI] nativeSendMessage: 7 -> -1
[JNI] Sending 685 bytes (7->-1)
[DEBUG V2VProxy 7] Queue has space - adding message
[JNI] Message queued successfully
        [Reliability 7] Sent seq=0 to replica 5
    -> Sending to replica 6 via V2V
    [Reliability 7] sendReliable() called
        Target: 6
        Message type: ConsensusMessage
        Sequence number: 0
20:01:19.510 [pool-15-thread-1] DEBUG bftsmart.consensus.roles.Acceptor - Creating cryptographic proof for speculative ACCEPT message from consensus 0
        Payload size: 172 bytes
V2VNativeBridge7: Sending message to -1 with length 685
[JNI] nativeSendMessage: 7 -> -1
[JNI] Sending 685 bytes (7->-1)
[DEBUG V2VProxy 7] Queue has space - adding message
[JNI] Message queued successfully
        [Reliability 7] Sent seq=0 to replica 6
=== [V2V Layer 7] SEND complete ===
20:01:19.512 [Server Comm. System] INFO bftsmart.communication.ServerCommunicationSystem - === ServerCommunicationSystem.send() complete ===
20:01:19.512 [Server Comm. System] DEBUG bftsmart.consensus.roles.Acceptor - I have 1, WRITE's for cId:0, Epoch timestamp:0,
[Acceptor 7] computeWrite: cId=0, writeAccepted=1, quorum=5
[MessageFactory] Creating ACCEPT message: from=7, id=0, epoch=0
20:01:19.511 [Server Comm. System] DEBUG bftsmart.consensus.roles.Acceptor - WRITE computed for cId:0, I am:4
20:01:19.512 [Server Comm. System] INFO bftsmart.communication.ServerCommunicationSystem - === Message processed ===
20:01:19.511 [pool-9-thread-1] DEBUG bftsmart.consensus.roles.Acceptor - Creating cryptographic proof for speculative ACCEPT message from consensus 0
20:01:19.511 [Server Comm. System] DEBUG bftsmart.consensus.roles.Acceptor - WRITE computed for cId:0, I am:2
20:01:19.512 [Server Comm. System] INFO bftsmart.communication.ServerCommunicationSystem - === Message processed ===
20:01:19.511 [pool-13-thread-1] DEBUG bftsmart.consensus.roles.Acceptor - Creating cryptographic proof for speculative ACCEPT message from consensus 0
20:01:19.514 [Server Comm. System] DEBUG bftsmart.consensus.roles.Acceptor - WRITE computed for cId:0, I am:7
20:01:19.514 [Server Comm. System] INFO bftsmart.communication.ServerCommunicationSystem - === Message processed ===
20:01:19.514 [pool-11-thread-1] DEBUG bftsmart.consensus.roles.Acceptor - Creating cryptographic proof for speculative ACCEPT message from consensus 0
20:01:19.515 [Server Comm. System] DEBUG bftsmart.tom.core.TOMLayer - Successfully deserialized batch
20:01:19.515 [Server Comm. System] DEBUG bftsmart.consensus.roles.Acceptor - Sending WRITE for 0
20:01:19.515 [Server Comm. System] DEBUG bftsmart.consensus.roles.Acceptor - Sending WRITE for cId:0, I am:1
[MessageFactory] Creating WRITE message: from=1, id=0, epoch=0
20:01:19.515 [Server Comm. System] INFO bftsmart.communication.ServerCommunicationSystem - === ServerCommunicationSystem.send() ===
20:01:19.515 [Server Comm. System] INFO bftsmart.communication.ServerCommunicationSystem -     Message type: ConsensusMessage
20:01:19.515 [Server Comm. System] INFO bftsmart.communication.ServerCommunicationSystem -     Is TOMMessage: false
20:01:19.515 [Server Comm. System] INFO bftsmart.communication.ServerCommunicationSystem -     Targets: [0, 2, 3, 4, 5, 6, 7]
20:01:19.515 [Server Comm. System] INFO bftsmart.communication.ServerCommunicationSystem -     -> Routing to SERVER connection (SystemMessage)
20:01:19.515 [Server Comm. System] DEBUG bftsmart.communication.ServerCommunicationSystem - --> sending message from: [0, 2, 3, 4, 5, 6, 7] -> {}1
=== [V2V Layer 1] SEND called ===
    Targets: [0, 2, 3, 4, 5, 6, 7]
    Message type: ConsensusMessage
    Sender: 1
    -> Sending to replica 0 via V2V
    [Reliability 1] sendReliable() called
        Target: 0
        Message type: ConsensusMessage
        Sequence number: 0
        Payload size: 172 bytes
        [Reliability 1] Piggybacked 1 ACKs to replica 0
V2VNativeBridge1: Sending message to -1 with length 763
[JNI] nativeSendMessage: 1 -> -1
[JNI] Sending 763 bytes (1->-1)
[DEBUG V2VProxy 1] Queue has space - adding message
[JNI] Message queued successfully
        [Reliability 1] Sent seq=0 to replica 0
    -> Sending to replica 2 via V2V
    [Reliability 1] sendReliable() called
        Target: 2
        Message type: ConsensusMessage
        Sequence number: 0
        Payload size: 172 bytes
V2VNativeBridge1: Sending message to -1 with length 685
[JNI] nativeSendMessage: 1 -> -1
[JNI] Sending 685 bytes (1->-1)
[DEBUG V2VProxy 1] Queue has space - adding message
[JNI] Message queued successfully
        [Reliability 1] Sent seq=0 to replica 2
    -> Sending to replica 3 via V2V
    [Reliability 1] sendReliable() called
        Target: 3
        Message type: ConsensusMessage
        Sequence number: 0
        Payload size: 172 bytes
V2VNativeBridge1: Sending message to -1 with length 685
[JNI] nativeSendMessage: 1 -> -1
[JNI] Sending 685 bytes (1->-1)
[DEBUG V2VProxy 1] Queue has space - adding message
[JNI] Message queued successfully
        [Reliability 1] Sent seq=0 to replica 3
    -> Sending to replica 4 via V2V
    [Reliability 1] sendReliable() called
        Target: 4
        Message type: ConsensusMessage
        Sequence number: 0
        Payload size: 172 bytes
V2VNativeBridge1: Sending message to -1 with length 685
[JNI] nativeSendMessage: 1 -> -1
[JNI] Sending 685 bytes (1->-1)
[DEBUG V2VProxy 1] Queue has space - adding message
[JNI] Message queued successfully
        [Reliability 1] Sent seq=0 to replica 4
    -> Sending to replica 5 via V2V
    [Reliability 1] sendReliable() called
        Target: 5
        Message type: ConsensusMessage
        Sequence number: 0
        Payload size: 172 bytes
V2VNativeBridge1: Sending message to -1 with length 685
[JNI] nativeSendMessage: 1 -> -1
[JNI] Sending 685 bytes (1->-1)
[DEBUG V2VProxy 1] Queue has space - adding message
[JNI] Message queued successfully
        [Reliability 1] Sent seq=0 to replica 5
    -> Sending to replica 6 via V2V
    [Reliability 1] sendReliable() called
        Target: 6
        Message type: ConsensusMessage
        Sequence number: 0
        Payload size: 172 bytes
V2VNativeBridge1: Sending message to -1 with length 685
[JNI] nativeSendMessage: 1 -> -1
[JNI] Sending 685 bytes (1->-1)
[DEBUG V2VProxy 1] Queue has space - adding message
[JNI] Message queued successfully
        [Reliability 1] Sent seq=0 to replica 6
    -> Sending to replica 7 via V2V
    [Reliability 1] sendReliable() called
        Target: 7
        Message type: ConsensusMessage
        Sequence number: 0
        Payload size: 172 bytes
V2VNativeBridge1: Sending message to -1 with length 685
[JNI] nativeSendMessage: 1 -> -1
[JNI] Sending 685 bytes (1->-1)
[DEBUG V2VProxy 1] Queue has space - adding message
[JNI] Message queued successfully
        [Reliability 1] Sent seq=0 to replica 7
=== [V2V Layer 1] SEND complete ===
20:01:19.516 [Server Comm. System] INFO bftsmart.communication.ServerCommunicationSystem - === ServerCommunicationSystem.send() complete ===
20:01:19.517 [Server Comm. System] DEBUG bftsmart.consensus.roles.Acceptor - I have 1, WRITE's for cId:0, Epoch timestamp:0,
[Acceptor 1] computeWrite: cId=0, writeAccepted=1, quorum=5
[MessageFactory] Creating ACCEPT message: from=1, id=0, epoch=0
20:01:19.517 [Server Comm. System] DEBUG bftsmart.tom.core.TOMLayer - Successfully deserialized batch
20:01:19.517 [Server Comm. System] DEBUG bftsmart.consensus.roles.Acceptor - Sending WRITE for 0
20:01:19.517 [Server Comm. System] DEBUG bftsmart.consensus.roles.Acceptor - Sending WRITE for cId:0, I am:5
[MessageFactory] Creating WRITE message: from=5, id=0, epoch=0
20:01:19.517 [Server Comm. System] INFO bftsmart.communication.ServerCommunicationSystem - === ServerCommunicationSystem.send() ===
20:01:19.517 [Server Comm. System] INFO bftsmart.communication.ServerCommunicationSystem -     Message type: ConsensusMessage
20:01:19.517 [Server Comm. System] INFO bftsmart.communication.ServerCommunicationSystem -     Is TOMMessage: false
20:01:19.517 [Server Comm. System] INFO bftsmart.communication.ServerCommunicationSystem -     Targets: [0, 1, 2, 3, 4, 6, 7]
20:01:19.517 [Server Comm. System] INFO bftsmart.communication.ServerCommunicationSystem -     -> Routing to SERVER connection (SystemMessage)
20:01:19.517 [Server Comm. System] DEBUG bftsmart.communication.ServerCommunicationSystem - --> sending message from: [0, 1, 2, 3, 4, 6, 7] -> {}5
=== [V2V Layer 5] SEND called ===
    Targets: [0, 1, 2, 3, 4, 6, 7]
    Message type: ConsensusMessage
    Sender: 5
    -> Sending to replica 0 via V2V
    [Reliability 5] sendReliable() called
        Target: 0
        Message type: ConsensusMessage
        Sequence number: 0
20:01:19.517 [Server Comm. System] DEBUG bftsmart.consensus.roles.Acceptor - WRITE computed for cId:0, I am:1
20:01:19.517 [Server Comm. System] INFO bftsmart.communication.ServerCommunicationSystem - === Message processed ===
        Payload size: 172 bytes
        [Reliability 5] Piggybacked 1 ACKs to replica 0
20:01:19.517 [pool-16-thread-1] DEBUG bftsmart.consensus.roles.Acceptor - Creating cryptographic proof for speculative ACCEPT message from consensus 0
V2VNativeBridge5: Sending message to -1 with length 763
[JNI] nativeSendMessage: 5 -> -1
[JNI] Sending 763 bytes (5->-1)
[DEBUG V2VProxy 5] Queue has space - adding message
[JNI] Message queued successfully
        [Reliability 5] Sent seq=0 to replica 0
    -> Sending to replica 1 via V2V
    [Reliability 5] sendReliable() called
        Target: 1
        Message type: ConsensusMessage
        Sequence number: 0
        Payload size: 172 bytes
V2VNativeBridge5: Sending message to -1 with length 685
[JNI] nativeSendMessage: 5 -> -1
[JNI] Sending 685 bytes (5->-1)
[DEBUG V2VProxy 5] Queue has space - adding message
[JNI] Message queued successfully
        [Reliability 5] Sent seq=0 to replica 1
    -> Sending to replica 2 via V2V
    [Reliability 5] sendReliable() called
        Target: 2
        Message type: ConsensusMessage
        Sequence number: 0
        Payload size: 172 bytes
V2VNativeBridge5: Sending message to -1 with length 685
[JNI] nativeSendMessage: 5 -> -1
[JNI] Sending 685 bytes (5->-1)
[DEBUG V2VProxy 5] Queue has space - adding message
[JNI] Message queued successfully
        [Reliability 5] Sent seq=0 to replica 2
    -> Sending to replica 3 via V2V
    [Reliability 5] sendReliable() called
        Target: 3
        Message type: ConsensusMessage
        Sequence number: 0
        Payload size: 172 bytes
V2VNativeBridge5: Sending message to -1 with length 685
[JNI] nativeSendMessage: 5 -> -1
[JNI] Sending 685 bytes (5->-1)
[DEBUG V2VProxy 5] Queue has space - adding message
[JNI] Message queued successfully
        [Reliability 5] Sent seq=0 to replica 3
    -> Sending to replica 4 via V2V
    [Reliability 5] sendReliable() called
        Target: 4
        Message type: ConsensusMessage
        Sequence number: 0
        Payload size: 172 bytes
V2VNativeBridge5: Sending message to -1 with length 685
[JNI] nativeSendMessage: 5 -> -1
[JNI] Sending 685 bytes (5->-1)
[DEBUG V2VProxy 5] Queue has space - adding message
[JNI] Message queued successfully
        [Reliability 5] Sent seq=0 to replica 4
    -> Sending to replica 6 via V2V
    [Reliability 5] sendReliable() called
        Target: 6
        Message type: ConsensusMessage
        Sequence number: 0
        Payload size: 172 bytes
V2VNativeBridge5: Sending message to -1 with length 685
[JNI] nativeSendMessage: 5 -> -1
[JNI] Sending 685 bytes (5->-1)
[DEBUG V2VProxy 5] Queue has space - adding message
[JNI] Message queued successfully
        [Reliability 5] Sent seq=0 to replica 6
    -> Sending to replica 7 via V2V
    [Reliability 5] sendReliable() called
        Target: 7
        Message type: ConsensusMessage
        Sequence number: 0
        Payload size: 172 bytes
V2VNativeBridge5: Sending message to -1 with length 685
[JNI] nativeSendMessage: 5 -> -1
[JNI] Sending 685 bytes (5->-1)
[DEBUG V2VProxy 5] Queue has space - adding message
[JNI] Message queued successfully
        [Reliability 5] Sent seq=0 to replica 7
=== [V2V Layer 5] SEND complete ===
20:01:19.518 [Server Comm. System] INFO bftsmart.communication.ServerCommunicationSystem - === ServerCommunicationSystem.send() complete ===
20:01:19.518 [Server Comm. System] DEBUG bftsmart.consensus.roles.Acceptor - I have 1, WRITE's for cId:0, Epoch timestamp:0,
[Acceptor 5] computeWrite: cId=0, writeAccepted=1, quorum=5
[MessageFactory] Creating ACCEPT message: from=5, id=0, epoch=0
20:01:19.518 [Server Comm. System] DEBUG bftsmart.consensus.roles.Acceptor - WRITE computed for cId:0, I am:5
20:01:19.518 [Server Comm. System] INFO bftsmart.communication.ServerCommunicationSystem - === Message processed ===
20:01:19.518 [pool-12-thread-1] DEBUG bftsmart.consensus.roles.Acceptor - Creating cryptographic proof for speculative ACCEPT message from consensus 0
[V2VProxy 6] *** RECEIVED V2V message #2 from=0 to=-1 (broadcast=YES) at t=3.307055017602
[V2VProxy 6] Delivering message #8 from replica 0 to Java (1028 bytes)
V2VNativeBridge6: Received message from 0 with length 1028
[V2V Layer 6] Received message from replica 0 via JNI
    [Reliability 6] handleIncomingMessage() called
        Type: DATA
        From: 0
        SeqNum: 0
        Expected seq: 1
        -> DUPLICATE (seq < expected), ignoring
[V2VProxy 3] *** RECEIVED V2V message #2 from=0 to=-1 (broadcast=YES) at t=3.307055025631
[V2VProxy 3] Delivering message #9 from replica 0 to Java (1028 bytes)
V2VNativeBridge3: Received message from 0 with length 1028
[V2V Layer 3] Received message from replica 0 via JNI
    [Reliability 3] handleIncomingMessage() called
        Type: DATA
        From: 0
        SeqNum: 0
        Expected seq: 1
        -> DUPLICATE (seq < expected), ignoring
[V2VProxy 2] *** RECEIVED V2V message #2 from=0 to=-1 (broadcast=YES) at t=3.307055042984
[V2VProxy 2] Delivering message #10 from replica 0 to Java (1028 bytes)
V2VNativeBridge2: Received message from 0 with length 1028
[V2V Layer 2] Received message from replica 0 via JNI
    [Reliability 2] handleIncomingMessage() called
        Type: DATA
        From: 0
        SeqNum: 0
        Expected seq: 1
        -> DUPLICATE (seq < expected), ignoring
[V2VProxy 4] *** RECEIVED V2V message #2 from=0 to=-1 (broadcast=YES) at t=3.307055049804
V2VNativeBridge4: Received message from 0 with length 1028
[V2V Layer 4] Received message from replica 0 via JNI
    [Reliability 4] handleIncomingMessage() called
        Type: DATA
        From: 0
        SeqNum: 0
        Expected seq: 1
        -> DUPLICATE (seq < expected), ignoring
[V2VProxy 7] *** RECEIVED V2V message #2 from=0 to=-1 (broadcast=YES) at t=3.307055061357
V2VNativeBridge7: Received message from 0 with length 1028
[V2V Layer 7] Received message from replica 0 via JNI
    [Reliability 7] handleIncomingMessage() called
        Type: DATA
        From: 0
        SeqNum: 0
        Expected seq: 1
        -> DUPLICATE (seq < expected), ignoring
[V2VProxy 1] *** RECEIVED V2V message #2 from=0 to=-1 (broadcast=YES) at t=3.307055063063
V2VNativeBridge1: Received message from 0 with length 1028
[V2V Layer 1] Received message from replica 0 via JNI
    [Reliability 1] handleIncomingMessage() called
        Type: DATA
        From: 0
        SeqNum: 0
        Expected seq: 1
        -> DUPLICATE (seq < expected), ignoring
[V2VProxy 5] *** RECEIVED V2V message #2 from=0 to=-1 (broadcast=YES) at t=3.307055078623
V2VNativeBridge5: Received message from 0 with length 1028
[V2V Layer 5] Received message from replica 0 via JNI
    [Reliability 5] handleIncomingMessage() called
        Type: DATA
        From: 0
        SeqNum: 0
        Expected seq: 1
        -> DUPLICATE (seq < expected), ignoring
[V2VProxy 6] *** RECEIVED V2V message #3 from=0 to=-1 (broadcast=YES) at t=3.309002017602
V2VNativeBridge6: Received message from 0 with length 1028
[V2V Layer 6] Received message from replica 0 via JNI
    [Reliability 6] handleIncomingMessage() called
        Type: DATA
        From: 0
        SeqNum: 0
        Expected seq: 1
        -> DUPLICATE (seq < expected), ignoring
[V2VProxy 3] *** RECEIVED V2V message #3 from=0 to=-1 (broadcast=YES) at t=3.309002025631
V2VNativeBridge3: Received message from 0 with length 1028
[V2V Layer 3] Received message from replica 0 via JNI
    [Reliability 3] handleIncomingMessage() called
        Type: DATA
        From: 0
        SeqNum: 0
        Expected seq: 1
        -> DUPLICATE (seq < expected), ignoring
[V2VProxy 2] *** RECEIVED V2V message #3 from=0 to=-1 (broadcast=YES) at t=3.309002042984
V2VNativeBridge2: Received message from 0 with length 1028
[V2V Layer 2] Received message from replica 0 via JNI
    [Reliability 2] handleIncomingMessage() called
        Type: DATA
        From: 0
        SeqNum: 0
        Expected seq: 1
        -> DUPLICATE (seq < expected), ignoring
[V2VProxy 4] *** RECEIVED V2V message #3 from=0 to=-1 (broadcast=YES) at t=3.309002049804
V2VNativeBridge4: Received message from 0 with length 1028
[V2V Layer 4] Received message from replica 0 via JNI
    [Reliability 4] handleIncomingMessage() called
        Type: DATA
        From: 0
        SeqNum: 0
        Expected seq: 1
        -> DUPLICATE (seq < expected), ignoring
[V2VProxy 7] *** RECEIVED V2V message #3 from=0 to=-1 (broadcast=YES) at t=3.309002061357
V2VNativeBridge7: Received message from 0 with length 1028
[V2V Layer 7] Received message from replica 0 via JNI
    [Reliability 7] handleIncomingMessage() called
        Type: DATA
        From: 0
        SeqNum: 0
        Expected seq: 1
        -> DUPLICATE (seq < expected), ignoring
[V2VProxy 1] *** RECEIVED V2V message #3 from=0 to=-1 (broadcast=YES) at t=3.309002063063
V2VNativeBridge1: Received message from 0 with length 1028
[V2V Layer 1] Received message from replica 0 via JNI
    [Reliability 1] handleIncomingMessage() called
        Type: DATA
        From: 0
        SeqNum: 0
        Expected seq: 1
        -> DUPLICATE (seq < expected), ignoring
[V2VProxy 5] *** RECEIVED V2V message #3 from=0 to=-1 (broadcast=YES) at t=3.309002078623
V2VNativeBridge5: Received message from 0 with length 1028
[V2V Layer 5] Received message from replica 0 via JNI
    [Reliability 5] handleIncomingMessage() called
        Type: DATA
        From: 0
        SeqNum: 0
        Expected seq: 1
        -> DUPLICATE (seq < expected), ignoring
[V2VProxy 6] *** RECEIVED V2V message #4 from=0 to=-1 (broadcast=YES) at t=3.310949017602
V2VNativeBridge6: Received message from 0 with length 1028
[V2V Layer 6] Received message from replica 0 via JNI
    [Reliability 6] handleIncomingMessage() called
        Type: DATA
        From: 0
        SeqNum: 0
        Expected seq: 1
        -> DUPLICATE (seq < expected), ignoring
[V2VProxy 3] *** RECEIVED V2V message #4 from=0 to=-1 (broadcast=YES) at t=3.310949025631
V2VNativeBridge3: Received message from 0 with length 1028
[V2V Layer 3] Received message from replica 0 via JNI
    [Reliability 3] handleIncomingMessage() called
        Type: DATA
        From: 0
        SeqNum: 0
        Expected seq: 1
        -> DUPLICATE (seq < expected), ignoring
[V2VProxy 2] *** RECEIVED V2V message #4 from=0 to=-1 (broadcast=YES) at t=3.310949042984
V2VNativeBridge2: Received message from 0 with length 1028
[V2V Layer 2] Received message from replica 0 via JNI
    [Reliability 2] handleIncomingMessage() called
        Type: DATA
        From: 0
        SeqNum: 0
        Expected seq: 1
        -> DUPLICATE (seq < expected), ignoring
[V2VProxy 4] *** RECEIVED V2V message #4 from=0 to=-1 (broadcast=YES) at t=3.310949049804
V2VNativeBridge4: Received message from 0 with length 1028
[V2V Layer 4] Received message from replica 0 via JNI
    [Reliability 4] handleIncomingMessage() called
        Type: DATA
        From: 0
        SeqNum: 0
        Expected seq: 1
        -> DUPLICATE (seq < expected), ignoring
[V2VProxy 7] *** RECEIVED V2V message #4 from=0 to=-1 (broadcast=YES) at t=3.310949061357
V2VNativeBridge7: Received message from 0 with length 1028
[V2V Layer 7] Received message from replica 0 via JNI
    [Reliability 7] handleIncomingMessage() called
        Type: DATA
        From: 0
        SeqNum: 0
        Expected seq: 1
        -> DUPLICATE (seq < expected), ignoring
[V2VProxy 1] *** RECEIVED V2V message #4 from=0 to=-1 (broadcast=YES) at t=3.310949063063
V2VNativeBridge1: Received message from 0 with length 1028
[V2V Layer 1] Received message from replica 0 via JNI
    [Reliability 1] handleIncomingMessage() called
        Type: DATA
        From: 0
        SeqNum: 0
        Expected seq: 1
        -> DUPLICATE (seq < expected), ignoring
[V2VProxy 5] *** RECEIVED V2V message #4 from=0 to=-1 (broadcast=YES) at t=3.310949078623
V2VNativeBridge5: Received message from 0 with length 1028
[V2V Layer 5] Received message from replica 0 via JNI
    [Reliability 5] handleIncomingMessage() called
        Type: DATA
        From: 0
        SeqNum: 0
        Expected seq: 1
        -> DUPLICATE (seq < expected), ignoring
[V2VProxy 6] *** RECEIVED V2V message #5 from=0 to=-1 (broadcast=YES) at t=3.312909017602
V2VNativeBridge6: Received message from 0 with length 1028
[V2V Layer 6] Received message from replica 0 via JNI
    [Reliability 6] handleIncomingMessage() called
        Type: DATA
        From: 0
        SeqNum: 0
        Expected seq: 1
        -> DUPLICATE (seq < expected), ignoring
[V2VProxy 3] *** RECEIVED V2V message #5 from=0 to=-1 (broadcast=YES) at t=3.312909025631
V2VNativeBridge3: Received message from 0 with length 1028
[V2V Layer 3] Received message from replica 0 via JNI
    [Reliability 3] handleIncomingMessage() called
        Type: DATA
        From: 0
        SeqNum: 0
        Expected seq: 1
        -> DUPLICATE (seq < expected), ignoring
[V2VProxy 2] *** RECEIVED V2V message #5 from=0 to=-1 (broadcast=YES) at t=3.312909042984
V2VNativeBridge2: Received message from 0 with length 1028
[V2V Layer 2] Received message from replica 0 via JNI
    [Reliability 2] handleIncomingMessage() called
        Type: DATA
        From: 0
        SeqNum: 0
        Expected seq: 1
        -> DUPLICATE (seq < expected), ignoring
[V2VProxy 4] *** RECEIVED V2V message #5 from=0 to=-1 (broadcast=YES) at t=3.312909049804
V2VNativeBridge4: Received message from 0 with length 1028
[V2V Layer 4] Received message from replica 0 via JNI
    [Reliability 4] handleIncomingMessage() called
        Type: DATA
        From: 0
        SeqNum: 0
        Expected seq: 1
        -> DUPLICATE (seq < expected), ignoring
[V2VProxy 7] *** RECEIVED V2V message #5 from=0 to=-1 (broadcast=YES) at t=3.312909061357
V2VNativeBridge7: Received message from 0 with length 1028
[V2V Layer 7] Received message from replica 0 via JNI
    [Reliability 7] handleIncomingMessage() called
        Type: DATA
        From: 0
        SeqNum: 0
        Expected seq: 1
        -> DUPLICATE (seq < expected), ignoring
[V2VProxy 1] *** RECEIVED V2V message #5 from=0 to=-1 (broadcast=YES) at t=3.312909063063
V2VNativeBridge1: Received message from 0 with length 1028
[V2V Layer 1] Received message from replica 0 via JNI
    [Reliability 1] handleIncomingMessage() called
        Type: DATA
        From: 0
        SeqNum: 0
        Expected seq: 1
        -> DUPLICATE (seq < expected), ignoring
[V2VProxy 5] *** RECEIVED V2V message #5 from=0 to=-1 (broadcast=YES) at t=3.312909078623
V2VNativeBridge5: Received message from 0 with length 1028
[V2V Layer 5] Received message from replica 0 via JNI
    [Reliability 5] handleIncomingMessage() called
        Type: DATA
        From: 0
        SeqNum: 0
        Expected seq: 1
        -> DUPLICATE (seq < expected), ignoring
[V2VProxy 6] *** RECEIVED V2V message #6 from=0 to=-1 (broadcast=YES) at t=3.314895017602
V2VNativeBridge6: Received message from 0 with length 1028
[V2V Layer 6] Received message from replica 0 via JNI
    [Reliability 6] handleIncomingMessage() called
        Type: DATA
        From: 0
        SeqNum: 0
        Expected seq: 1
        -> DUPLICATE (seq < expected), ignoring
[V2VProxy 3] *** RECEIVED V2V message #6 from=0 to=-1 (broadcast=YES) at t=3.314895025631
V2VNativeBridge3: Received message from 0 with length 1028
[V2V Layer 3] Received message from replica 0 via JNI
    [Reliability 3] handleIncomingMessage() called
        Type: DATA
        From: 0
        SeqNum: 0
        Expected seq: 1
        -> DUPLICATE (seq < expected), ignoring
[V2VProxy 2] *** RECEIVED V2V message #6 from=0 to=-1 (broadcast=YES) at t=3.314895042984
V2VNativeBridge2: Received message from 0 with length 1028
[V2V Layer 2] Received message from replica 0 via JNI
    [Reliability 2] handleIncomingMessage() called
        Type: DATA
        From: 0
        SeqNum: 0
        Expected seq: 1
        -> DUPLICATE (seq < expected), ignoring
[V2VProxy 4] *** RECEIVED V2V message #6 from=0 to=-1 (broadcast=YES) at t=3.314895049804
V2VNativeBridge4: Received message from 0 with length 1028
[V2V Layer 4] Received message from replica 0 via JNI
    [Reliability 4] handleIncomingMessage() called
        Type: DATA
        From: 0
        SeqNum: 0
        Expected seq: 1
        -> DUPLICATE (seq < expected), ignoring
[V2VProxy 7] *** RECEIVED V2V message #6 from=0 to=-1 (broadcast=YES) at t=3.314895061357
V2VNativeBridge7: Received message from 0 with length 1028
[V2V Layer 7] Received message from replica 0 via JNI
    [Reliability 7] handleIncomingMessage() called
        Type: DATA
        From: 0
        SeqNum: 0
        Expected seq: 1
        -> DUPLICATE (seq < expected), ignoring
[V2VProxy 1] *** RECEIVED V2V message #6 from=0 to=-1 (broadcast=YES) at t=3.314895063063
V2VNativeBridge1: Received message from 0 with length 1028
[V2V Layer 1] Received message from replica 0 via JNI
    [Reliability 1] handleIncomingMessage() called
        Type: DATA
        From: 0
        SeqNum: 0
        Expected seq: 1
        -> DUPLICATE (seq < expected), ignoring
[V2VProxy 5] *** RECEIVED V2V message #6 from=0 to=-1 (broadcast=YES) at t=3.314895078623
V2VNativeBridge5: Received message from 0 with length 1028
[V2V Layer 5] Received message from replica 0 via JNI
    [Reliability 5] handleIncomingMessage() called
        Type: DATA
        From: 0
        SeqNum: 0
        Expected seq: 1
        -> DUPLICATE (seq < expected), ignoring
[V2VProxy 6] *** RECEIVED V2V message #7 from=0 to=-1 (broadcast=YES) at t=3.316855017602
V2VNativeBridge6: Received message from 0 with length 1028
[V2V Layer 6] Received message from replica 0 via JNI
    [Reliability 6] handleIncomingMessage() called
        Type: DATA
        From: 0
        SeqNum: 0
        Expected seq: 1
        -> DUPLICATE (seq < expected), ignoring
[V2VProxy 3] *** RECEIVED V2V message #7 from=0 to=-1 (broadcast=YES) at t=3.316855025631
V2VNativeBridge3: Received message from 0 with length 1028
[V2V Layer 3] Received message from replica 0 via JNI
    [Reliability 3] handleIncomingMessage() called
        Type: DATA
        From: 0
        SeqNum: 0
        Expected seq: 1
        -> DUPLICATE (seq < expected), ignoring
[V2VProxy 2] *** RECEIVED V2V message #7 from=0 to=-1 (broadcast=YES) at t=3.316855042984
V2VNativeBridge2: Received message from 0 with length 1028
[V2V Layer 2] Received message from replica 0 via JNI
    [Reliability 2] handleIncomingMessage() called
        Type: DATA
        From: 0
        SeqNum: 0
        Expected seq: 1
        -> DUPLICATE (seq < expected), ignoring
[V2VProxy 4] *** RECEIVED V2V message #7 from=0 to=-1 (broadcast=YES) at t=3.316855049804
V2VNativeBridge4: Received message from 0 with length 1028
[V2V Layer 4] Received message from replica 0 via JNI
    [Reliability 4] handleIncomingMessage() called
        Type: DATA
        From: 0
        SeqNum: 0
        Expected seq: 1
        -> DUPLICATE (seq < expected), ignoring
[V2VProxy 7] *** RECEIVED V2V message #7 from=0 to=-1 (broadcast=YES) at t=3.316855061357
V2VNativeBridge7: Received message from 0 with length 1028
[V2V Layer 7] Received message from replica 0 via JNI
    [Reliability 7] handleIncomingMessage() called
        Type: DATA
        From: 0
        SeqNum: 0
        Expected seq: 1
        -> DUPLICATE (seq < expected), ignoring
[V2VProxy 1] *** RECEIVED V2V message #7 from=0 to=-1 (broadcast=YES) at t=3.316855063063
V2VNativeBridge1: Received message from 0 with length 1028
[V2V Layer 1] Received message from replica 0 via JNI
    [Reliability 1] handleIncomingMessage() called
        Type: DATA
        From: 0
        SeqNum: 0
        Expected seq: 1
        -> DUPLICATE (seq < expected), ignoring
[V2VProxy 5] *** RECEIVED V2V message #7 from=0 to=-1 (broadcast=YES) at t=3.316855078623
V2VNativeBridge5: Received message from 0 with length 1028
[V2V Layer 5] Received message from replica 0 via JNI
    [Reliability 5] handleIncomingMessage() called
        Type: DATA
        From: 0
        SeqNum: 0
        Expected seq: 1
        -> DUPLICATE (seq < expected), ignoring
[V2VProxy 0] *** SENDING V2V message #8 from=0 to=-1 size=685 bytes at t=3.35
[V2VProxy 0] *** SENDING V2V message #9 from=0 to=-1 size=685 bytes at t=3.35
[V2VProxy 0] *** SENDING V2V message #10 from=0 to=-1 size=685 bytes at t=3.35
[V2VProxy 0] *** SENDING V2V message #11 from=0 to=-1 size=685 bytes at t=3.35
[V2VProxy 0] *** SENDING V2V message #12 from=0 to=-1 size=685 bytes at t=3.35
[V2VProxy 0] *** SENDING V2V message #13 from=0 to=-1 size=685 bytes at t=3.35
[V2VProxy 0] *** SENDING V2V message #14 from=0 to=-1 size=685 bytes at t=3.35
[V2VProxy 1] *** SENDING V2V message #1 from=1 to=-1 size=763 bytes at t=3.35
[V2VProxy 1] *** SENDING V2V message #2 from=1 to=-1 size=685 bytes at t=3.35
[V2VProxy 1] *** SENDING V2V message #3 from=1 to=-1 size=685 bytes at t=3.35
[V2VProxy 1] *** SENDING V2V message #4 from=1 to=-1 size=685 bytes at t=3.35
[V2VProxy 1] *** SENDING V2V message #5 from=1 to=-1 size=685 bytes at t=3.35
[V2VProxy 1] *** SENDING V2V message #6 from=1 to=-1 size=685 bytes at t=3.35
[V2VProxy 1] *** SENDING V2V message #7 from=1 to=-1 size=685 bytes at t=3.35
[V2VProxy 2] *** SENDING V2V message #1 from=2 to=-1 size=763 bytes at t=3.35
[V2VProxy 2] *** SENDING V2V message #2 from=2 to=-1 size=685 bytes at t=3.35
[V2VProxy 2] *** SENDING V2V message #3 from=2 to=-1 size=685 bytes at t=3.35
[V2VProxy 2] *** SENDING V2V message #4 from=2 to=-1 size=685 bytes at t=3.35
[V2VProxy 2] *** SENDING V2V message #5 from=2 to=-1 size=685 bytes at t=3.35
[V2VProxy 2] *** SENDING V2V message #6 from=2 to=-1 size=685 bytes at t=3.35
[V2VProxy 2] *** SENDING V2V message #7 from=2 to=-1 size=685 bytes at t=3.35
[V2VProxy 3] *** SENDING V2V message #1 from=3 to=-1 size=763 bytes at t=3.35
[V2VProxy 3] *** SENDING V2V message #2 from=3 to=-1 size=685 bytes at t=3.35
[V2VProxy 3] *** SENDING V2V message #3 from=3 to=-1 size=685 bytes at t=3.35
[V2VProxy 3] *** SENDING V2V message #4 from=3 to=-1 size=685 bytes at t=3.35
[V2VProxy 3] *** SENDING V2V message #5 from=3 to=-1 size=685 bytes at t=3.35
[V2VProxy 3] *** SENDING V2V message #6 from=3 to=-1 size=685 bytes at t=3.35
[V2VProxy 3] *** SENDING V2V message #7 from=3 to=-1 size=685 bytes at t=3.35
[V2VProxy 4] *** SENDING V2V message #1 from=4 to=-1 size=763 bytes at t=3.35
[V2VProxy 4] *** SENDING V2V message #2 from=4 to=-1 size=685 bytes at t=3.35
[V2VProxy 4] *** SENDING V2V message #3 from=4 to=-1 size=685 bytes at t=3.35
[V2VProxy 4] *** SENDING V2V message #4 from=4 to=-1 size=685 bytes at t=3.35
[V2VProxy 4] *** SENDING V2V message #5 from=4 to=-1 size=685 bytes at t=3.35
[V2VProxy 4] *** SENDING V2V message #6 from=4 to=-1 size=685 bytes at t=3.35
[V2VProxy 4] *** SENDING V2V message #7 from=4 to=-1 size=685 bytes at t=3.35
[V2VProxy 5] *** SENDING V2V message #1 from=5 to=-1 size=763 bytes at t=3.35
[V2VProxy 5] *** SENDING V2V message #2 from=5 to=-1 size=685 bytes at t=3.35
[V2VProxy 5] *** SENDING V2V message #3 from=5 to=-1 size=685 bytes at t=3.35
[V2VProxy 5] *** SENDING V2V message #4 from=5 to=-1 size=685 bytes at t=3.35
[V2VProxy 5] *** SENDING V2V message #5 from=5 to=-1 size=685 bytes at t=3.35
[V2VProxy 5] *** SENDING V2V message #6 from=5 to=-1 size=685 bytes at t=3.35
[V2VProxy 5] *** SENDING V2V message #7 from=5 to=-1 size=685 bytes at t=3.35
[V2VProxy 6] *** SENDING V2V message #1 from=6 to=-1 size=763 bytes at t=3.35
[V2VProxy 6] *** SENDING V2V message #2 from=6 to=-1 size=685 bytes at t=3.35
[V2VProxy 6] *** SENDING V2V message #3 from=6 to=-1 size=685 bytes at t=3.35
[V2VProxy 6] *** SENDING V2V message #4 from=6 to=-1 size=685 bytes at t=3.35
[V2VProxy 6] *** SENDING V2V message #5 from=6 to=-1 size=685 bytes at t=3.35
[V2VProxy 6] *** SENDING V2V message #6 from=6 to=-1 size=685 bytes at t=3.35
[V2VProxy 6] *** SENDING V2V message #7 from=6 to=-1 size=685 bytes at t=3.35
[V2VProxy 7] *** SENDING V2V message #1 from=7 to=-1 size=763 bytes at t=3.35
[V2VProxy 7] *** SENDING V2V message #2 from=7 to=-1 size=685 bytes at t=3.35
[V2VProxy 7] *** SENDING V2V message #3 from=7 to=-1 size=685 bytes at t=3.35
[V2VProxy 7] *** SENDING V2V message #4 from=7 to=-1 size=685 bytes at t=3.35
[V2VProxy 7] *** SENDING V2V message #5 from=7 to=-1 size=685 bytes at t=3.35
[V2VProxy 7] *** SENDING V2V message #6 from=7 to=-1 size=685 bytes at t=3.35
[V2VProxy 7] *** SENDING V2V message #7 from=7 to=-1 size=685 bytes at t=3.35
[V2VProxy 2] *** RECEIVED V2V message #8 from=4 to=-1 (broadcast=YES) at t=3.35260606721
V2VNativeBridge2: Received message from 4 with length 763
[V2V Layer 2] Received message from replica 4 via JNI
    [Reliability 2] handleIncomingMessage() called
        Type: DATA
        From: 4
        SeqNum: 0
        Expected seq: 0
        -> IN ORDER, delivering immediately
    [Reliability 2] deliverMessage() - deserializing payload
        Deserialized: ConsensusMessage
        DEBUG: envelope.fromReplicaId=4, message.getSender()=4
=== [V2V Layer 2] DELIVER to BFT-SMaRt ===
    Message type: ConsensusMessage
    From replica: 4
    InQueue size before: 0
    InQueue size after: 1
=== [V2V Layer 2] DELIVER successful ===
20:01:19.660 [Server Comm. System] INFO bftsmart.communication.ServerCommunicationSystem - === ServerCommunicationSystem RECEIVED message ===
20:01:19.660 [Server Comm. System] INFO bftsmart.communication.ServerCommunicationSystem -     Message type: ConsensusMessage
20:01:19.660 [Server Comm. System] INFO bftsmart.communication.ServerCommunicationSystem -     From: 4
[V2VProxy 5] *** RECEIVED V2V message #8 from=4 to=-1 (broadcast=YES) at t=3.352606082767
20:01:19.660 [Server Comm. System] INFO bftsmart.communication.ServerCommunicationSystem -     Message count: 1
V2VNativeBridge5: Received message from 4 with length 763
[V2V Layer 5] Received message from replica 4 via JNI
20:01:19.660 [Server Comm. System] DEBUG bftsmart.communication.ServerCommunicationSystem - <-- receiving, msg:type=WRITE, number=0, epoch=0, from=4
20:01:19.660 [Server Comm. System] DEBUG bftsmart.tom.core.ExecutionManager - Received message  type=WRITE, number=0, epoch=0, from=4
20:01:19.660 [Server Comm. System] DEBUG bftsmart.tom.core.ExecutionManager - I'm at consensus 0 and my last consensus is -1
20:01:19.660 [Server Comm. System] DEBUG bftsmart.tom.core.ExecutionManager - Message for consensus 0 can be processed
20:01:19.660 [Server Comm. System] DEBUG bftsmart.consensus.roles.Acceptor - Processing paxos msg with id 0
20:01:19.660 [Server Comm. System] DEBUG bftsmart.consensus.roles.Acceptor - WRITE received from:4, for consensus cId:0
20:01:19.660 [Server Comm. System] DEBUG bftsmart.consensus.roles.Acceptor - I have 2, WRITE's for cId:0, Epoch timestamp:0,
[Acceptor 2] computeWrite: cId=0, writeAccepted=2, quorum=5
20:01:19.661 [Server Comm. System] INFO bftsmart.communication.ServerCommunicationSystem - === Message processed ===
    [Reliability 5] handleIncomingMessage() called
        Type: DATA
        From: 4
        SeqNum: 0
        Expected seq: 0
        -> IN ORDER, delivering immediately
    [Reliability 5] deliverMessage() - deserializing payload
        Deserialized: ConsensusMessage
        DEBUG: envelope.fromReplicaId=4, message.getSender()=4
=== [V2V Layer 5] DELIVER to BFT-SMaRt ===
    Message type: ConsensusMessage
    From replica: 4
    InQueue size before: 0
    InQueue size after: 1
=== [V2V Layer 5] DELIVER successful ===
20:01:19.661 [Server Comm. System] INFO bftsmart.communication.ServerCommunicationSystem - === ServerCommunicationSystem RECEIVED message ===
[V2VProxy 3] *** RECEIVED V2V message #8 from=4 to=-1 (broadcast=YES) at t=3.352606093728
20:01:19.661 [Server Comm. System] INFO bftsmart.communication.ServerCommunicationSystem -     Message type: ConsensusMessage
V2VNativeBridge3: Received message from 4 with length 763
20:01:19.661 [Server Comm. System] INFO bftsmart.communication.ServerCommunicationSystem -     From: 4
[V2V Layer 3] Received message from replica 4 via JNI
20:01:19.661 [Server Comm. System] INFO bftsmart.communication.ServerCommunicationSystem -     Message count: 1
20:01:19.661 [Server Comm. System] DEBUG bftsmart.communication.ServerCommunicationSystem - <-- receiving, msg:type=WRITE, number=0, epoch=0, from=4
20:01:19.661 [Server Comm. System] DEBUG bftsmart.tom.core.ExecutionManager - Received message  type=WRITE, number=0, epoch=0, from=4
20:01:19.661 [Server Comm. System] DEBUG bftsmart.tom.core.ExecutionManager - I'm at consensus 0 and my last consensus is -1
20:01:19.661 [Server Comm. System] DEBUG bftsmart.tom.core.ExecutionManager - Message for consensus 0 can be processed
20:01:19.661 [Server Comm. System] DEBUG bftsmart.consensus.roles.Acceptor - Processing paxos msg with id 0
20:01:19.661 [Server Comm. System] DEBUG bftsmart.consensus.roles.Acceptor - WRITE received from:4, for consensus cId:0
20:01:19.661 [Server Comm. System] DEBUG bftsmart.consensus.roles.Acceptor - I have 2, WRITE's for cId:0, Epoch timestamp:0,
[Acceptor 5] computeWrite: cId=0, writeAccepted=2, quorum=5
20:01:19.661 [Server Comm. System] INFO bftsmart.communication.ServerCommunicationSystem - === Message processed ===
    [Reliability 3] handleIncomingMessage() called
        Type: DATA
        From: 4
        SeqNum: 0
        Expected seq: 0
        -> IN ORDER, delivering immediately
    [Reliability 3] deliverMessage() - deserializing payload
        Deserialized: ConsensusMessage
        DEBUG: envelope.fromReplicaId=4, message.getSender()=4
=== [V2V Layer 3] DELIVER to BFT-SMaRt ===
    Message type: ConsensusMessage
    From replica: 4
    InQueue size before: 0
    InQueue size after: 1
=== [V2V Layer 3] DELIVER successful ===
20:01:19.661 [Server Comm. System] INFO bftsmart.communication.ServerCommunicationSystem - === ServerCommunicationSystem RECEIVED message ===
20:01:19.661 [Server Comm. System] INFO bftsmart.communication.ServerCommunicationSystem -     Message type: ConsensusMessage
20:01:19.661 [Server Comm. System] INFO bftsmart.communication.ServerCommunicationSystem -     From: 4
20:01:19.661 [Server Comm. System] INFO bftsmart.communication.ServerCommunicationSystem -     Message count: 1
20:01:19.661 [Server Comm. System] DEBUG bftsmart.communication.ServerCommunicationSystem - <-- receiving, msg:type=WRITE, number=0, epoch=0, from=4
20:01:19.661 [Server Comm. System] DEBUG bftsmart.tom.core.ExecutionManager - Received message  type=WRITE, number=0, epoch=0, from=4
20:01:19.661 [Server Comm. System] DEBUG bftsmart.tom.core.ExecutionManager - I'm at consensus 0 and my last consensus is -1
20:01:19.661 [Server Comm. System] DEBUG bftsmart.tom.core.ExecutionManager - Message for consensus 0 can be processed
20:01:19.661 [Server Comm. System] DEBUG bftsmart.consensus.roles.Acceptor - Processing paxos msg with id 0
20:01:19.661 [Server Comm. System] DEBUG bftsmart.consensus.roles.Acceptor - WRITE received from:4, for consensus cId:0
[V2VProxy 0] *** RECEIVED V2V message #1 from=4 to=-1 (broadcast=YES) at t=3.352606099608
20:01:19.661 [Server Comm. System] DEBUG bftsmart.consensus.roles.Acceptor - I have 2, WRITE's for cId:0, Epoch timestamp:0,
V2VNativeBridge0: Received message from 4 with length 763
[V2V Layer 0] Received message from replica 4 via JNI
[Acceptor 3] computeWrite: cId=0, writeAccepted=2, quorum=5
20:01:19.661 [Server Comm. System] INFO bftsmart.communication.ServerCommunicationSystem - === Message processed ===
    [Reliability 0] handleIncomingMessage() called
        Type: DATA
        From: 4
        SeqNum: 0
        Expected seq: 0
        -> IN ORDER, delivering immediately
    [Reliability 0] deliverMessage() - deserializing payload
        Deserialized: ConsensusMessage
        DEBUG: envelope.fromReplicaId=4, message.getSender()=4
=== [V2V Layer 0] DELIVER to BFT-SMaRt ===
    Message type: ConsensusMessage
    From replica: 4
    InQueue size before: 0
    InQueue size after: 1
=== [V2V Layer 0] DELIVER successful ===
20:01:19.661 [Server Comm. System] INFO bftsmart.communication.ServerCommunicationSystem - === ServerCommunicationSystem RECEIVED message ===
20:01:19.662 [Server Comm. System] INFO bftsmart.communication.ServerCommunicationSystem -     Message type: ConsensusMessage
20:01:19.662 [Server Comm. System] INFO bftsmart.communication.ServerCommunicationSystem -     From: 4
20:01:19.662 [Server Comm. System] INFO bftsmart.communication.ServerCommunicationSystem -     Message count: 1
20:01:19.662 [Server Comm. System] DEBUG bftsmart.communication.ServerCommunicationSystem - <-- receiving, msg:type=WRITE, number=0, epoch=0, from=4
[V2VProxy 1] *** RECEIVED V2V message #8 from=4 to=-1 (broadcast=YES) at t=3.352606101359
20:01:19.662 [Server Comm. System] DEBUG bftsmart.tom.core.ExecutionManager - Received message  type=WRITE, number=0, epoch=0, from=4
20:01:19.662 [Server Comm. System] DEBUG bftsmart.tom.core.ExecutionManager - I'm at consensus 0 and my last consensus is -1
V2VNativeBridge1: Received message from 4 with length 763
[V2V Layer 1] Received message from replica 4 via JNI
20:01:19.662 [Server Comm. System] DEBUG bftsmart.tom.core.ExecutionManager - Message for consensus 0 can be processed
20:01:19.662 [Server Comm. System] DEBUG bftsmart.consensus.roles.Acceptor - Processing paxos msg with id 0
20:01:19.662 [Server Comm. System] DEBUG bftsmart.consensus.roles.Acceptor - WRITE received from:4, for consensus cId:0
20:01:19.662 [Server Comm. System] DEBUG bftsmart.consensus.roles.Acceptor - I have 2, WRITE's for cId:0, Epoch timestamp:0,
[Acceptor 0] computeWrite: cId=0, writeAccepted=2, quorum=5
20:01:19.662 [Server Comm. System] INFO bftsmart.communication.ServerCommunicationSystem - === Message processed ===
    [Reliability 1] handleIncomingMessage() called
        Type: DATA
        From: 4
        SeqNum: 0
        Expected seq: 0
        -> IN ORDER, delivering immediately
    [Reliability 1] deliverMessage() - deserializing payload
        Deserialized: ConsensusMessage
        DEBUG: envelope.fromReplicaId=4, message.getSender()=4
=== [V2V Layer 1] DELIVER to BFT-SMaRt ===
    Message type: ConsensusMessage
    From replica: 4
    InQueue size before: 0
    InQueue size after: 1
=== [V2V Layer 1] DELIVER successful ===
[V2VProxy 6] *** RECEIVED V2V message #8 from=4 to=-1 (broadcast=YES) at t=3.352606110365
20:01:19.662 [Server Comm. System] INFO bftsmart.communication.ServerCommunicationSystem - === ServerCommunicationSystem RECEIVED message ===
V2VNativeBridge6: Received message from 4 with length 763
[V2V Layer 6] Received message from replica 4 via JNI
20:01:19.662 [Server Comm. System] INFO bftsmart.communication.ServerCommunicationSystem -     Message type: ConsensusMessage
20:01:19.662 [Server Comm. System] INFO bftsmart.communication.ServerCommunicationSystem -     From: 4
20:01:19.662 [Server Comm. System] INFO bftsmart.communication.ServerCommunicationSystem -     Message count: 1
20:01:19.662 [Server Comm. System] DEBUG bftsmart.communication.ServerCommunicationSystem - <-- receiving, msg:type=WRITE, number=0, epoch=0, from=4
20:01:19.662 [Server Comm. System] DEBUG bftsmart.tom.core.ExecutionManager - Received message  type=WRITE, number=0, epoch=0, from=4
20:01:19.662 [Server Comm. System] DEBUG bftsmart.tom.core.ExecutionManager - I'm at consensus 0 and my last consensus is -1
20:01:19.662 [Server Comm. System] DEBUG bftsmart.tom.core.ExecutionManager - Message for consensus 0 can be processed
20:01:19.662 [Server Comm. System] DEBUG bftsmart.consensus.roles.Acceptor - Processing paxos msg with id 0
20:01:19.662 [Server Comm. System] DEBUG bftsmart.consensus.roles.Acceptor - WRITE received from:4, for consensus cId:0
    [Reliability 6] handleIncomingMessage() called
        Type: DATA
        From: 4
        SeqNum: 0
20:01:19.662 [Server Comm. System] DEBUG bftsmart.consensus.roles.Acceptor - I have 2, WRITE's for cId:0, Epoch timestamp:0,
[Acceptor 1] computeWrite: cId=0, writeAccepted=2, quorum=5
20:01:19.662 [Server Comm. System] INFO bftsmart.communication.ServerCommunicationSystem - === Message processed ===
        Expected seq: 0
        -> IN ORDER, delivering immediately
    [Reliability 6] deliverMessage() - deserializing payload
        Deserialized: ConsensusMessage
        DEBUG: envelope.fromReplicaId=4, message.getSender()=4
=== [V2V Layer 6] DELIVER to BFT-SMaRt ===
    Message type: ConsensusMessage
    From replica: 4
    InQueue size before: 0
    InQueue size after: 1
=== [V2V Layer 6] DELIVER successful ===
20:01:19.662 [Server Comm. System] INFO bftsmart.communication.ServerCommunicationSystem - === ServerCommunicationSystem RECEIVED message ===
20:01:19.662 [Server Comm. System] INFO bftsmart.communication.ServerCommunicationSystem -     Message type: ConsensusMessage
20:01:19.662 [Server Comm. System] INFO bftsmart.communication.ServerCommunicationSystem -     From: 4
20:01:19.662 [Server Comm. System] INFO bftsmart.communication.ServerCommunicationSystem -     Message count: 1
20:01:19.662 [Server Comm. System] DEBUG bftsmart.communication.ServerCommunicationSystem - <-- receiving, msg:type=WRITE, number=0, epoch=0, from=4
20:01:19.662 [Server Comm. System] DEBUG bftsmart.tom.core.ExecutionManager - Received message  type=WRITE, number=0, epoch=0, from=4
20:01:19.662 [Server Comm. System] DEBUG bftsmart.tom.core.ExecutionManager - I'm at consensus 0 and my last consensus is -1
20:01:19.662 [Server Comm. System] DEBUG bftsmart.tom.core.ExecutionManager - Message for consensus 0 can be processed
20:01:19.662 [Server Comm. System] DEBUG bftsmart.consensus.roles.Acceptor - Processing paxos msg with id 0
20:01:19.662 [Server Comm. System] DEBUG bftsmart.consensus.roles.Acceptor - WRITE received from:4, for consensus cId:0
20:01:19.662 [Server Comm. System] DEBUG bftsmart.consensus.roles.Acceptor - I have 2, WRITE's for cId:0, Epoch timestamp:0,
[Acceptor 6] computeWrite: cId=0, writeAccepted=2, quorum=5
20:01:19.662 [Server Comm. System] INFO bftsmart.communication.ServerCommunicationSystem - === Message processed ===
[V2VProxy 7] *** RECEIVED V2V message #8 from=4 to=-1 (broadcast=YES) at t=3.352606153108
V2VNativeBridge7: Received message from 4 with length 763
[V2V Layer 7] Received message from replica 4 via JNI
    [Reliability 7] handleIncomingMessage() called
        Type: DATA
        From: 4
        SeqNum: 0
        Expected seq: 0
        -> IN ORDER, delivering immediately
    [Reliability 7] deliverMessage() - deserializing payload
        Deserialized: ConsensusMessage
        DEBUG: envelope.fromReplicaId=4, message.getSender()=4
=== [V2V Layer 7] DELIVER to BFT-SMaRt ===
    Message type: ConsensusMessage
    From replica: 4
    InQueue size before: 0
    InQueue size after: 1
=== [V2V Layer 7] DELIVER successful ===
20:01:19.663 [Server Comm. System] INFO bftsmart.communication.ServerCommunicationSystem - === ServerCommunicationSystem RECEIVED message ===
20:01:19.663 [Server Comm. System] INFO bftsmart.communication.ServerCommunicationSystem -     Message type: ConsensusMessage
20:01:19.663 [Server Comm. System] INFO bftsmart.communication.ServerCommunicationSystem -     From: 4
20:01:19.663 [Server Comm. System] INFO bftsmart.communication.ServerCommunicationSystem -     Message count: 1
20:01:19.663 [Server Comm. System] DEBUG bftsmart.communication.ServerCommunicationSystem - <-- receiving, msg:type=WRITE, number=0, epoch=0, from=4
20:01:19.663 [Server Comm. System] DEBUG bftsmart.tom.core.ExecutionManager - Received message  type=WRITE, number=0, epoch=0, from=4
20:01:19.663 [Server Comm. System] DEBUG bftsmart.tom.core.ExecutionManager - I'm at consensus 0 and my last consensus is -1
20:01:19.663 [Server Comm. System] DEBUG bftsmart.tom.core.ExecutionManager - Message for consensus 0 can be processed
20:01:19.663 [Server Comm. System] DEBUG bftsmart.consensus.roles.Acceptor - Processing paxos msg with id 0
20:01:19.663 [Server Comm. System] DEBUG bftsmart.consensus.roles.Acceptor - WRITE received from:4, for consensus cId:0
20:01:19.663 [Server Comm. System] DEBUG bftsmart.consensus.roles.Acceptor - I have 2, WRITE's for cId:0, Epoch timestamp:0,
[Acceptor 7] computeWrite: cId=0, writeAccepted=2, quorum=5
20:01:19.663 [Server Comm. System] INFO bftsmart.communication.ServerCommunicationSystem - === Message processed ===
[V2VProxy 6] *** RECEIVED V2V message #9 from=0 to=-1 (broadcast=YES) at t=3.35394511721
V2VNativeBridge6: Received message from 0 with length 685
[V2V Layer 6] Received message from replica 0 via JNI
    [Reliability 6] handleIncomingMessage() called
        Type: DATA
        From: 0
        SeqNum: 1
        Expected seq: 1
        -> IN ORDER, delivering immediately
    [Reliability 6] deliverMessage() - deserializing payload
        Deserialized: ConsensusMessage
        DEBUG: envelope.fromReplicaId=0, message.getSender()=0
=== [V2V Layer 6] DELIVER to BFT-SMaRt ===
    Message type: ConsensusMessage
    From replica: 0
    InQueue size before: 0
    InQueue size after: 1
=== [V2V Layer 6] DELIVER successful ===
[V2VProxy 3] *** RECEIVED V2V message #9 from=0 to=-1 (broadcast=YES) at t=3.353945125239
20:01:19.682 [Server Comm. System] INFO bftsmart.communication.ServerCommunicationSystem - === ServerCommunicationSystem RECEIVED message ===
V2VNativeBridge3: Received message from 0 with length 685
20:01:19.682 [Server Comm. System] INFO bftsmart.communication.ServerCommunicationSystem -     Message type: ConsensusMessage
[V2V Layer 3] Received message from replica 0 via JNI
20:01:19.682 [Server Comm. System] INFO bftsmart.communication.ServerCommunicationSystem -     From: 0
20:01:19.682 [Server Comm. System] INFO bftsmart.communication.ServerCommunicationSystem -     Message count: 2
20:01:19.682 [Server Comm. System] DEBUG bftsmart.communication.ServerCommunicationSystem - <-- receiving, msg:type=WRITE, number=0, epoch=0, from=0
20:01:19.682 [Server Comm. System] DEBUG bftsmart.tom.core.ExecutionManager - Received message  type=WRITE, number=0, epoch=0, from=0
20:01:19.682 [Server Comm. System] DEBUG bftsmart.tom.core.ExecutionManager - I'm at consensus 0 and my last consensus is -1
20:01:19.682 [Server Comm. System] DEBUG bftsmart.tom.core.ExecutionManager - Message for consensus 0 can be processed
20:01:19.682 [Server Comm. System] DEBUG bftsmart.consensus.roles.Acceptor - Processing paxos msg with id 0
20:01:19.682 [Server Comm. System] DEBUG bftsmart.consensus.roles.Acceptor - WRITE received from:0, for consensus cId:0
20:01:19.682 [Server Comm. System] DEBUG bftsmart.consensus.roles.Acceptor - I have 3, WRITE's for cId:0, Epoch timestamp:0,
[Acceptor 6] computeWrite: cId=0, writeAccepted=3, quorum=5
20:01:19.682 [Server Comm. System] INFO bftsmart.communication.ServerCommunicationSystem - === Message processed ===
    [Reliability 3] handleIncomingMessage() called
        Type: DATA
        From: 0
        SeqNum: 1
        Expected seq: 1
        -> IN ORDER, delivering immediately
    [Reliability 3] deliverMessage() - deserializing payload
        Deserialized: ConsensusMessage
        DEBUG: envelope.fromReplicaId=0, message.getSender()=0
=== [V2V Layer 3] DELIVER to BFT-SMaRt ===
    Message type: ConsensusMessage
    From replica: 0
    InQueue size before: 0
    InQueue size after: 1
=== [V2V Layer 3] DELIVER successful ===
20:01:19.682 [Server Comm. System] INFO bftsmart.communication.ServerCommunicationSystem - === ServerCommunicationSystem RECEIVED message ===
20:01:19.682 [Server Comm. System] INFO bftsmart.communication.ServerCommunicationSystem -     Message type: ConsensusMessage
20:01:19.682 [Server Comm. System] INFO bftsmart.communication.ServerCommunicationSystem -     From: 0
20:01:19.682 [Server Comm. System] INFO bftsmart.communication.ServerCommunicationSystem -     Message count: 2
20:01:19.682 [Server Comm. System] DEBUG bftsmart.communication.ServerCommunicationSystem - <-- receiving, msg:type=WRITE, number=0, epoch=0, from=0
20:01:19.682 [Server Comm. System] DEBUG bftsmart.tom.core.ExecutionManager - Received message  type=WRITE, number=0, epoch=0, from=0
20:01:19.682 [Server Comm. System] DEBUG bftsmart.tom.core.ExecutionManager - I'm at consensus 0 and my last consensus is -1
[V2VProxy 2] *** RECEIVED V2V message #9 from=0 to=-1 (broadcast=YES) at t=3.353945142592
V2VNativeBridge2: Received message from 0 with length 685
[V2V Layer 2] Received message from replica 0 via JNI
20:01:19.682 [Server Comm. System] DEBUG bftsmart.tom.core.ExecutionManager - Message for consensus 0 can be processed
20:01:19.682 [Server Comm. System] DEBUG bftsmart.consensus.roles.Acceptor - Processing paxos msg with id 0
20:01:19.682 [Server Comm. System] DEBUG bftsmart.consensus.roles.Acceptor - WRITE received from:0, for consensus cId:0
20:01:19.682 [Server Comm. System] DEBUG bftsmart.consensus.roles.Acceptor - I have 3, WRITE's for cId:0, Epoch timestamp:0,
[Acceptor 3] computeWrite: cId=0, writeAccepted=3, quorum=5
20:01:19.682 [Server Comm. System] INFO bftsmart.communication.ServerCommunicationSystem - === Message processed ===
    [Reliability 2] handleIncomingMessage() called
        Type: DATA
        From: 0
        SeqNum: 1
        Expected seq: 1
        -> IN ORDER, delivering immediately
    [Reliability 2] deliverMessage() - deserializing payload
        Deserialized: ConsensusMessage
        DEBUG: envelope.fromReplicaId=0, message.getSender()=0
=== [V2V Layer 2] DELIVER to BFT-SMaRt ===
    Message type: ConsensusMessage
    From replica: 0
    InQueue size before: 0
    InQueue size after: 1
=== [V2V Layer 2] DELIVER successful ===
[V2VProxy 4] *** RECEIVED V2V message #8 from=0 to=-1 (broadcast=YES) at t=3.353945149412
V2VNativeBridge4: Received message from 0 with length 685
[V2V Layer 4] Received message from replica 0 via JNI
20:01:19.683 [Server Comm. System] INFO bftsmart.communication.ServerCommunicationSystem - === ServerCommunicationSystem RECEIVED message ===
20:01:19.683 [Server Comm. System] INFO bftsmart.communication.ServerCommunicationSystem -     Message type: ConsensusMessage
20:01:19.683 [Server Comm. System] INFO bftsmart.communication.ServerCommunicationSystem -     From: 0
20:01:19.683 [Server Comm. System] INFO bftsmart.communication.ServerCommunicationSystem -     Message count: 2
20:01:19.683 [Server Comm. System] DEBUG bftsmart.communication.ServerCommunicationSystem - <-- receiving, msg:type=WRITE, number=0, epoch=0, from=0
20:01:19.683 [Server Comm. System] DEBUG bftsmart.tom.core.ExecutionManager - Received message  type=WRITE, number=0, epoch=0, from=0
20:01:19.683 [Server Comm. System] DEBUG bftsmart.tom.core.ExecutionManager - I'm at consensus 0 and my last consensus is -1
20:01:19.683 [Server Comm. System] DEBUG bftsmart.tom.core.ExecutionManager - Message for consensus 0 can be processed
20:01:19.683 [Server Comm. System] DEBUG bftsmart.consensus.roles.Acceptor - Processing paxos msg with id 0
20:01:19.683 [Server Comm. System] DEBUG bftsmart.consensus.roles.Acceptor - WRITE received from:0, for consensus cId:0
20:01:19.683 [Server Comm. System] DEBUG bftsmart.consensus.roles.Acceptor - I have 3, WRITE's for cId:0, Epoch timestamp:0,
    [Reliability 4] handleIncomingMessage() called
        Type: DATA
        From: 0
        SeqNum: 1
        Expected seq: 1
        -> IN ORDER, delivering immediately
    [Reliability 4] deliverMessage() - deserializing payload
[Acceptor 2] computeWrite: cId=0, writeAccepted=3, quorum=5
        Deserialized: ConsensusMessage
20:01:19.683 [Server Comm. System] INFO bftsmart.communication.ServerCommunicationSystem - === Message processed ===
        DEBUG: envelope.fromReplicaId=0, message.getSender()=0
=== [V2V Layer 4] DELIVER to BFT-SMaRt ===
    Message type: ConsensusMessage
    From replica: 0
    InQueue size before: 0
    InQueue size after: 1
=== [V2V Layer 4] DELIVER successful ===
20:01:19.683 [Server Comm. System] INFO bftsmart.communication.ServerCommunicationSystem - === ServerCommunicationSystem RECEIVED message ===
20:01:19.683 [Server Comm. System] INFO bftsmart.communication.ServerCommunicationSystem -     Message type: ConsensusMessage
20:01:19.683 [Server Comm. System] INFO bftsmart.communication.ServerCommunicationSystem -     From: 0
20:01:19.683 [Server Comm. System] INFO bftsmart.communication.ServerCommunicationSystem -     Message count: 1
20:01:19.683 [Server Comm. System] DEBUG bftsmart.communication.ServerCommunicationSystem - <-- receiving, msg:type=WRITE, number=0, epoch=0, from=0
20:01:19.683 [Server Comm. System] DEBUG bftsmart.tom.core.ExecutionManager - Received message  type=WRITE, number=0, epoch=0, from=0
20:01:19.683 [Server Comm. System] DEBUG bftsmart.tom.core.ExecutionManager - I'm at consensus 0 and my last consensus is -1
20:01:19.683 [Server Comm. System] DEBUG bftsmart.tom.core.ExecutionManager - Message for consensus 0 can be processed
20:01:19.683 [Server Comm. System] DEBUG bftsmart.consensus.roles.Acceptor - Processing paxos msg with id 0
20:01:19.683 [Server Comm. System] DEBUG bftsmart.consensus.roles.Acceptor - WRITE received from:0, for consensus cId:0
20:01:19.683 [Server Comm. System] DEBUG bftsmart.consensus.roles.Acceptor - I have 2, WRITE's for cId:0, Epoch timestamp:0,
[V2VProxy 7] *** RECEIVED V2V message #9 from=0 to=-1 (broadcast=YES) at t=3.353945160965
V2VNativeBridge7: Received message from 0 with length 685
[V2V Layer 7] Received message from replica 0 via JNI
[Acceptor 4] computeWrite: cId=0, writeAccepted=2, quorum=5
20:01:19.683 [Server Comm. System] INFO bftsmart.communication.ServerCommunicationSystem - === Message processed ===
    [Reliability 7] handleIncomingMessage() called
        Type: DATA
        From: 0
        SeqNum: 1
        Expected seq: 1
        -> IN ORDER, delivering immediately
    [Reliability 7] deliverMessage() - deserializing payload
        Deserialized: ConsensusMessage
        DEBUG: envelope.fromReplicaId=0, message.getSender()=0
=== [V2V Layer 7] DELIVER to BFT-SMaRt ===
    Message type: ConsensusMessage
    From replica: 0
    InQueue size before: 0
    InQueue size after: 1
=== [V2V Layer 7] DELIVER successful ===
20:01:19.683 [Server Comm. System] INFO bftsmart.communication.ServerCommunicationSystem - === ServerCommunicationSystem RECEIVED message ===
20:01:19.683 [Server Comm. System] INFO bftsmart.communication.ServerCommunicationSystem -     Message type: ConsensusMessage
20:01:19.683 [Server Comm. System] INFO bftsmart.communication.ServerCommunicationSystem -     From: 0
20:01:19.683 [Server Comm. System] INFO bftsmart.communication.ServerCommunicationSystem -     Message count: 2
20:01:19.683 [Server Comm. System] DEBUG bftsmart.communication.ServerCommunicationSystem - <-- receiving, msg:type=WRITE, number=0, epoch=0, from=0
20:01:19.683 [Server Comm. System] DEBUG bftsmart.tom.core.ExecutionManager - Received message  type=WRITE, number=0, epoch=0, from=0
20:01:19.683 [Server Comm. System] DEBUG bftsmart.tom.core.ExecutionManager - I'm at consensus 0 and my last consensus is -1
20:01:19.683 [Server Comm. System] DEBUG bftsmart.tom.core.ExecutionManager - Message for consensus 0 can be processed
20:01:19.683 [Server Comm. System] DEBUG bftsmart.consensus.roles.Acceptor - Processing paxos msg with id 0
[V2VProxy 1] *** RECEIVED V2V message #9 from=0 to=-1 (broadcast=YES) at t=3.353945162671
20:01:19.683 [Server Comm. System] DEBUG bftsmart.consensus.roles.Acceptor - WRITE received from:0, for consensus cId:0
V2VNativeBridge1: Received message from 0 with length 685
20:01:19.683 [Server Comm. System] DEBUG bftsmart.consensus.roles.Acceptor - I have 3, WRITE's for cId:0, Epoch timestamp:0,
[V2V Layer 1] Received message from replica 0 via JNI
[Acceptor 7] computeWrite: cId=0, writeAccepted=3, quorum=5
    [Reliability 1] handleIncomingMessage() called
        Type: DATA
        From: 0
20:01:19.684 [Server Comm. System] INFO bftsmart.communication.ServerCommunicationSystem - === Message processed ===
        SeqNum: 1
        Expected seq: 1
        -> IN ORDER, delivering immediately
    [Reliability 1] deliverMessage() - deserializing payload
        Deserialized: ConsensusMessage
        DEBUG: envelope.fromReplicaId=0, message.getSender()=0
=== [V2V Layer 1] DELIVER to BFT-SMaRt ===
    Message type: ConsensusMessage
    From replica: 0
    InQueue size before: 0
    InQueue size after: 1
=== [V2V Layer 1] DELIVER successful ===
20:01:19.684 [Server Comm. System] INFO bftsmart.communication.ServerCommunicationSystem - === ServerCommunicationSystem RECEIVED message ===
20:01:19.684 [Server Comm. System] INFO bftsmart.communication.ServerCommunicationSystem -     Message type: ConsensusMessage
20:01:19.684 [Server Comm. System] INFO bftsmart.communication.ServerCommunicationSystem -     From: 0
20:01:19.684 [Server Comm. System] INFO bftsmart.communication.ServerCommunicationSystem -     Message count: 2
20:01:19.684 [Server Comm. System] DEBUG bftsmart.communication.ServerCommunicationSystem - <-- receiving, msg:type=WRITE, number=0, epoch=0, from=0
20:01:19.684 [Server Comm. System] DEBUG bftsmart.tom.core.ExecutionManager - Received message  type=WRITE, number=0, epoch=0, from=0
20:01:19.684 [Server Comm. System] DEBUG bftsmart.tom.core.ExecutionManager - I'm at consensus 0 and my last consensus is -1
20:01:19.684 [Server Comm. System] DEBUG bftsmart.tom.core.ExecutionManager - Message for consensus 0 can be processed
20:01:19.684 [Server Comm. System] DEBUG bftsmart.consensus.roles.Acceptor - Processing paxos msg with id 0
20:01:19.684 [Server Comm. System] DEBUG bftsmart.consensus.roles.Acceptor - WRITE received from:0, for consensus cId:0
[V2VProxy 5] *** RECEIVED V2V message #9 from=0 to=-1 (broadcast=YES) at t=3.353945178231
20:01:19.684 [Server Comm. System] DEBUG bftsmart.consensus.roles.Acceptor - I have 3, WRITE's for cId:0, Epoch timestamp:0,
[Acceptor 1] computeWrite: cId=0, writeAccepted=3, quorum=5
V2VNativeBridge5: Received message from 0 with length 685
[V2V Layer 5] Received message from replica 0 via JNI
20:01:19.684 [Server Comm. System] INFO bftsmart.communication.ServerCommunicationSystem - === Message processed ===
    [Reliability 5] handleIncomingMessage() called
        Type: DATA
        From: 0
        SeqNum: 1
        Expected seq: 1
        -> IN ORDER, delivering immediately
    [Reliability 5] deliverMessage() - deserializing payload
        Deserialized: ConsensusMessage
        DEBUG: envelope.fromReplicaId=0, message.getSender()=0
=== [V2V Layer 5] DELIVER to BFT-SMaRt ===
    Message type: ConsensusMessage
    From replica: 0
    InQueue size before: 0
    InQueue size after: 1
=== [V2V Layer 5] DELIVER successful ===
20:01:19.684 [Server Comm. System] INFO bftsmart.communication.ServerCommunicationSystem - === ServerCommunicationSystem RECEIVED message ===
20:01:19.684 [Server Comm. System] INFO bftsmart.communication.ServerCommunicationSystem -     Message type: ConsensusMessage
20:01:19.684 [Server Comm. System] INFO bftsmart.communication.ServerCommunicationSystem -     From: 0
20:01:19.684 [Server Comm. System] INFO bftsmart.communication.ServerCommunicationSystem -     Message count: 2
20:01:19.684 [Server Comm. System] DEBUG bftsmart.communication.ServerCommunicationSystem - <-- receiving, msg:type=WRITE, number=0, epoch=0, from=0
20:01:19.684 [Server Comm. System] DEBUG bftsmart.tom.core.ExecutionManager - Received message  type=WRITE, number=0, epoch=0, from=0
20:01:19.684 [Server Comm. System] DEBUG bftsmart.tom.core.ExecutionManager - I'm at consensus 0 and my last consensus is -1
20:01:19.684 [Server Comm. System] DEBUG bftsmart.tom.core.ExecutionManager - Message for consensus 0 can be processed
20:01:19.684 [Server Comm. System] DEBUG bftsmart.consensus.roles.Acceptor - Processing paxos msg with id 0
20:01:19.684 [Server Comm. System] DEBUG bftsmart.consensus.roles.Acceptor - WRITE received from:0, for consensus cId:0
20:01:19.684 [Server Comm. System] DEBUG bftsmart.consensus.roles.Acceptor - I have 3, WRITE's for cId:0, Epoch timestamp:0,
[Acceptor 5] computeWrite: cId=0, writeAccepted=3, quorum=5
20:01:19.684 [Server Comm. System] INFO bftsmart.communication.ServerCommunicationSystem - === Message processed ===
[V2VProxy 2] *** RECEIVED V2V message #10 from=4 to=-1 (broadcast=YES) at t=3.359602363245
V2VNativeBridge2: Received message from 4 with length 685
[V2V Layer 2] Received message from replica 4 via JNI
    [Reliability 2] handleIncomingMessage() called
        Type: DATA
        From: 4
        SeqNum: 0
        Expected seq: 1
        -> DUPLICATE (seq < expected), ignoring
[V2VProxy 0] *** RECEIVED V2V message #2 from=3 to=-1 (broadcast=YES) at t=3.362424534752
V2VNativeBridge0: Received message from 3 with length 685
[V2V Layer 0] Received message from replica 3 via JNI
    [Reliability 0] handleIncomingMessage() called
        Type: DATA
        From: 3
        SeqNum: 0
        Expected seq: 0
        -> IN ORDER, delivering immediately
    [Reliability 0] deliverMessage() - deserializing payload
        Deserialized: ConsensusMessage
        DEBUG: envelope.fromReplicaId=3, message.getSender()=3
=== [V2V Layer 0] DELIVER to BFT-SMaRt ===
    Message type: ConsensusMessage
    From replica: 3
    InQueue size before: 0
    InQueue size after: 1
=== [V2V Layer 0] DELIVER successful ===
[V2VProxy 6] *** RECEIVED V2V message #10 from=3 to=-1 (broadcast=YES) at t=3.36242455235
20:01:19.815 [Server Comm. System] INFO bftsmart.communication.ServerCommunicationSystem - === ServerCommunicationSystem RECEIVED message ===
V2VNativeBridge6: Received message from 3 with length 685
20:01:19.815 [Server Comm. System] INFO bftsmart.communication.ServerCommunicationSystem -     Message type: ConsensusMessage
[V2V Layer 6] Received message from replica 3 via JNI
20:01:19.815 [Server Comm. System] INFO bftsmart.communication.ServerCommunicationSystem -     From: 3
20:01:19.815 [Server Comm. System] INFO bftsmart.communication.ServerCommunicationSystem -     Message count: 2
20:01:19.815 [Server Comm. System] DEBUG bftsmart.communication.ServerCommunicationSystem - <-- receiving, msg:type=WRITE, number=0, epoch=0, from=3
20:01:19.815 [Server Comm. System] DEBUG bftsmart.tom.core.ExecutionManager - Received message  type=WRITE, number=0, epoch=0, from=3
20:01:19.815 [Server Comm. System] DEBUG bftsmart.tom.core.ExecutionManager - I'm at consensus 0 and my last consensus is -1
20:01:19.815 [Server Comm. System] DEBUG bftsmart.tom.core.ExecutionManager - Message for consensus 0 can be processed
20:01:19.815 [Server Comm. System] DEBUG bftsmart.consensus.roles.Acceptor - Processing paxos msg with id 0
20:01:19.815 [Server Comm. System] DEBUG bftsmart.consensus.roles.Acceptor - WRITE received from:3, for consensus cId:0
    [Reliability 6] handleIncomingMessage() called
        Type: DATA
        From: 3
20:01:19.815 [Server Comm. System] DEBUG bftsmart.consensus.roles.Acceptor - I have 3, WRITE's for cId:0, Epoch timestamp:0,
        SeqNum: 0
[Acceptor 0] computeWrite: cId=0, writeAccepted=3, quorum=5
        Expected seq: 0
20:01:19.815 [Server Comm. System] INFO bftsmart.communication.ServerCommunicationSystem - === Message processed ===
        -> IN ORDER, delivering immediately
    [Reliability 6] deliverMessage() - deserializing payload
        Deserialized: ConsensusMessage
        DEBUG: envelope.fromReplicaId=3, message.getSender()=3
=== [V2V Layer 6] DELIVER to BFT-SMaRt ===
    Message type: ConsensusMessage
    From replica: 3
    InQueue size before: 0
    InQueue size after: 1
=== [V2V Layer 6] DELIVER successful ===
20:01:19.816 [Server Comm. System] INFO bftsmart.communication.ServerCommunicationSystem - === ServerCommunicationSystem RECEIVED message ===
20:01:19.816 [Server Comm. System] INFO bftsmart.communication.ServerCommunicationSystem -     Message type: ConsensusMessage
20:01:19.816 [Server Comm. System] INFO bftsmart.communication.ServerCommunicationSystem -     From: 3
20:01:19.816 [Server Comm. System] INFO bftsmart.communication.ServerCommunicationSystem -     Message count: 3
[V2VProxy 4] *** RECEIVED V2V message #9 from=3 to=-1 (broadcast=YES) at t=3.362424553045
20:01:19.816 [Server Comm. System] DEBUG bftsmart.communication.ServerCommunicationSystem - <-- receiving, msg:type=WRITE, number=0, epoch=0, from=3
V2VNativeBridge4: Received message from 3 with length 685
[V2V Layer 4] Received message from replica 3 via JNI
20:01:19.816 [Server Comm. System] DEBUG bftsmart.tom.core.ExecutionManager - Received message  type=WRITE, number=0, epoch=0, from=3
20:01:19.816 [Server Comm. System] DEBUG bftsmart.tom.core.ExecutionManager - I'm at consensus 0 and my last consensus is -1
20:01:19.816 [Server Comm. System] DEBUG bftsmart.tom.core.ExecutionManager - Message for consensus 0 can be processed
20:01:19.816 [Server Comm. System] DEBUG bftsmart.consensus.roles.Acceptor - Processing paxos msg with id 0
20:01:19.816 [Server Comm. System] DEBUG bftsmart.consensus.roles.Acceptor - WRITE received from:3, for consensus cId:0
20:01:19.816 [Server Comm. System] DEBUG bftsmart.consensus.roles.Acceptor - I have 4, WRITE's for cId:0, Epoch timestamp:0,
[Acceptor 6] computeWrite: cId=0, writeAccepted=4, quorum=5
20:01:19.816 [Server Comm. System] INFO bftsmart.communication.ServerCommunicationSystem - === Message processed ===
    [Reliability 4] handleIncomingMessage() called
        Type: DATA
        From: 3
        SeqNum: 0
        Expected seq: 0
        -> IN ORDER, delivering immediately
    [Reliability 4] deliverMessage() - deserializing payload
        Deserialized: ConsensusMessage
        DEBUG: envelope.fromReplicaId=3, message.getSender()=3
=== [V2V Layer 4] DELIVER to BFT-SMaRt ===
    Message type: ConsensusMessage
    From replica: 3
    InQueue size before: 0
    InQueue size after: 1
=== [V2V Layer 4] DELIVER successful ===
20:01:19.816 [Server Comm. System] INFO bftsmart.communication.ServerCommunicationSystem - === ServerCommunicationSystem RECEIVED message ===
20:01:19.816 [Server Comm. System] INFO bftsmart.communication.ServerCommunicationSystem -     Message type: ConsensusMessage
20:01:19.816 [Server Comm. System] INFO bftsmart.communication.ServerCommunicationSystem -     From: 3
20:01:19.816 [Server Comm. System] INFO bftsmart.communication.ServerCommunicationSystem -     Message count: 2
20:01:19.816 [Server Comm. System] DEBUG bftsmart.communication.ServerCommunicationSystem - <-- receiving, msg:type=WRITE, number=0, epoch=0, from=3
[V2VProxy 2] *** RECEIVED V2V message #11 from=3 to=-1 (broadcast=YES) at t=3.362424555877
V2VNativeBridge2: Received message from 3 with length 685
[V2V Layer 2] Received message from replica 3 via JNI
20:01:19.816 [Server Comm. System] DEBUG bftsmart.tom.core.ExecutionManager - Received message  type=WRITE, number=0, epoch=0, from=3
20:01:19.816 [Server Comm. System] DEBUG bftsmart.tom.core.ExecutionManager - I'm at consensus 0 and my last consensus is -1
20:01:19.816 [Server Comm. System] DEBUG bftsmart.tom.core.ExecutionManager - Message for consensus 0 can be processed
20:01:19.816 [Server Comm. System] DEBUG bftsmart.consensus.roles.Acceptor - Processing paxos msg with id 0
20:01:19.816 [Server Comm. System] DEBUG bftsmart.consensus.roles.Acceptor - WRITE received from:3, for consensus cId:0
20:01:19.816 [Server Comm. System] DEBUG bftsmart.consensus.roles.Acceptor - I have 3, WRITE's for cId:0, Epoch timestamp:0,
[Acceptor 4] computeWrite: cId=0, writeAccepted=3, quorum=5
20:01:19.816 [Server Comm. System] INFO bftsmart.communication.ServerCommunicationSystem - === Message processed ===
    [Reliability 2] handleIncomingMessage() called
        Type: DATA
        From: 3
        SeqNum: 0
        Expected seq: 0
        -> IN ORDER, delivering immediately
    [Reliability 2] deliverMessage() - deserializing payload
        Deserialized: ConsensusMessage
        DEBUG: envelope.fromReplicaId=3, message.getSender()=3
=== [V2V Layer 2] DELIVER to BFT-SMaRt ===
    Message type: ConsensusMessage
    From replica: 3
    InQueue size before: 0
    InQueue size after: 1
=== [V2V Layer 2] DELIVER successful ===
20:01:19.816 [Server Comm. System] INFO bftsmart.communication.ServerCommunicationSystem - === ServerCommunicationSystem RECEIVED message ===
[V2VProxy 5] *** RECEIVED V2V message #10 from=3 to=-1 (broadcast=YES) at t=3.3624245731
V2VNativeBridge5: Received message from 3 with length 685
20:01:19.816 [Server Comm. System] INFO bftsmart.communication.ServerCommunicationSystem -     Message type: ConsensusMessage
[V2V Layer 5] Received message from replica 3 via JNI
20:01:19.816 [Server Comm. System] INFO bftsmart.communication.ServerCommunicationSystem -     From: 3
20:01:19.816 [Server Comm. System] INFO bftsmart.communication.ServerCommunicationSystem -     Message count: 3
20:01:19.816 [Server Comm. System] DEBUG bftsmart.communication.ServerCommunicationSystem - <-- receiving, msg:type=WRITE, number=0, epoch=0, from=3
20:01:19.816 [Server Comm. System] DEBUG bftsmart.tom.core.ExecutionManager - Received message  type=WRITE, number=0, epoch=0, from=3
20:01:19.816 [Server Comm. System] DEBUG bftsmart.tom.core.ExecutionManager - I'm at consensus 0 and my last consensus is -1
20:01:19.816 [Server Comm. System] DEBUG bftsmart.tom.core.ExecutionManager - Message for consensus 0 can be processed
20:01:19.816 [Server Comm. System] DEBUG bftsmart.consensus.roles.Acceptor - Processing paxos msg with id 0
20:01:19.816 [Server Comm. System] DEBUG bftsmart.consensus.roles.Acceptor - WRITE received from:3, for consensus cId:0
    [Reliability 5] handleIncomingMessage() called
20:01:19.816 [Server Comm. System] DEBUG bftsmart.consensus.roles.Acceptor - I have 4, WRITE's for cId:0, Epoch timestamp:0,
        Type: DATA
[Acceptor 2] computeWrite: cId=0, writeAccepted=4, quorum=5
        From: 3
        SeqNum: 0
        Expected seq: 0
        -> IN ORDER, delivering immediately
    [Reliability 5] deliverMessage() - deserializing payload
20:01:19.816 [Server Comm. System] INFO bftsmart.communication.ServerCommunicationSystem - === Message processed ===
        Deserialized: ConsensusMessage
        DEBUG: envelope.fromReplicaId=3, message.getSender()=3
=== [V2V Layer 5] DELIVER to BFT-SMaRt ===
    Message type: ConsensusMessage
    From replica: 3
    InQueue size before: 0
    InQueue size after: 1
=== [V2V Layer 5] DELIVER successful ===
20:01:19.817 [Server Comm. System] INFO bftsmart.communication.ServerCommunicationSystem - === ServerCommunicationSystem RECEIVED message ===
[V2VProxy 1] *** RECEIVED V2V message #10 from=3 to=-1 (broadcast=YES) at t=3.362424586429
V2VNativeBridge1: Received message from 3 with length 685
20:01:19.817 [Server Comm. System] INFO bftsmart.communication.ServerCommunicationSystem -     Message type: ConsensusMessage
[V2V Layer 1] Received message from replica 3 via JNI
20:01:19.817 [Server Comm. System] INFO bftsmart.communication.ServerCommunicationSystem -     From: 3
20:01:19.817 [Server Comm. System] INFO bftsmart.communication.ServerCommunicationSystem -     Message count: 3
20:01:19.817 [Server Comm. System] DEBUG bftsmart.communication.ServerCommunicationSystem - <-- receiving, msg:type=WRITE, number=0, epoch=0, from=3
20:01:19.817 [Server Comm. System] DEBUG bftsmart.tom.core.ExecutionManager - Received message  type=WRITE, number=0, epoch=0, from=3
20:01:19.817 [Server Comm. System] DEBUG bftsmart.tom.core.ExecutionManager - I'm at consensus 0 and my last consensus is -1
20:01:19.817 [Server Comm. System] DEBUG bftsmart.tom.core.ExecutionManager - Message for consensus 0 can be processed
20:01:19.817 [Server Comm. System] DEBUG bftsmart.consensus.roles.Acceptor - Processing paxos msg with id 0
20:01:19.817 [Server Comm. System] DEBUG bftsmart.consensus.roles.Acceptor - WRITE received from:3, for consensus cId:0
20:01:19.817 [Server Comm. System] DEBUG bftsmart.consensus.roles.Acceptor - I have 4, WRITE's for cId:0, Epoch timestamp:0,
[Acceptor 5] computeWrite: cId=0, writeAccepted=4, quorum=5
20:01:19.817 [Server Comm. System] INFO bftsmart.communication.ServerCommunicationSystem - === Message processed ===
    [Reliability 1] handleIncomingMessage() called
        Type: DATA
        From: 3
        SeqNum: 0
        Expected seq: 0
        -> IN ORDER, delivering immediately
    [Reliability 1] deliverMessage() - deserializing payload
        Deserialized: ConsensusMessage
        DEBUG: envelope.fromReplicaId=3, message.getSender()=3
=== [V2V Layer 1] DELIVER to BFT-SMaRt ===
    Message type: ConsensusMessage
    From replica: 3
    InQueue size before: 0
    InQueue size after: 1
=== [V2V Layer 1] DELIVER successful ===
20:01:19.817 [Server Comm. System] INFO bftsmart.communication.ServerCommunicationSystem - === ServerCommunicationSystem RECEIVED message ===
20:01:19.817 [Server Comm. System] INFO bftsmart.communication.ServerCommunicationSystem -     Message type: ConsensusMessage
20:01:19.817 [Server Comm. System] INFO bftsmart.communication.ServerCommunicationSystem -     From: 3
20:01:19.817 [Server Comm. System] INFO bftsmart.communication.ServerCommunicationSystem -     Message count: 3
20:01:19.817 [Server Comm. System] DEBUG bftsmart.communication.ServerCommunicationSystem - <-- receiving, msg:type=WRITE, number=0, epoch=0, from=3
20:01:19.817 [Server Comm. System] DEBUG bftsmart.tom.core.ExecutionManager - Received message  type=WRITE, number=0, epoch=0, from=3
20:01:19.817 [Server Comm. System] DEBUG bftsmart.tom.core.ExecutionManager - I'm at consensus 0 and my last consensus is -1
20:01:19.817 [Server Comm. System] DEBUG bftsmart.tom.core.ExecutionManager - Message for consensus 0 can be processed
20:01:19.817 [Server Comm. System] DEBUG bftsmart.consensus.roles.Acceptor - Processing paxos msg with id 0
[V2VProxy 7] *** RECEIVED V2V message #10 from=3 to=-1 (broadcast=YES) at t=3.362424595203
20:01:19.817 [Server Comm. System] DEBUG bftsmart.consensus.roles.Acceptor - WRITE received from:3, for consensus cId:0
V2VNativeBridge7: Received message from 3 with length 685
20:01:19.817 [Server Comm. System] DEBUG bftsmart.consensus.roles.Acceptor - I have 4, WRITE's for cId:0, Epoch timestamp:0,
[V2V Layer 7] Received message from replica 3 via JNI
[Acceptor 1] computeWrite: cId=0, writeAccepted=4, quorum=5
20:01:19.817 [Server Comm. System] INFO bftsmart.communication.ServerCommunicationSystem - === Message processed ===
    [Reliability 7] handleIncomingMessage() called
        Type: DATA
        From: 3
        SeqNum: 0
        Expected seq: 0
        -> IN ORDER, delivering immediately
    [Reliability 7] deliverMessage() - deserializing payload
        Deserialized: ConsensusMessage
        DEBUG: envelope.fromReplicaId=3, message.getSender()=3
=== [V2V Layer 7] DELIVER to BFT-SMaRt ===
    Message type: ConsensusMessage
    From replica: 3
    InQueue size before: 0
    InQueue size after: 1
=== [V2V Layer 7] DELIVER successful ===
20:01:19.817 [Server Comm. System] INFO bftsmart.communication.ServerCommunicationSystem - === ServerCommunicationSystem RECEIVED message ===
20:01:19.817 [Server Comm. System] INFO bftsmart.communication.ServerCommunicationSystem -     Message type: ConsensusMessage
20:01:19.817 [Server Comm. System] INFO bftsmart.communication.ServerCommunicationSystem -     From: 3
20:01:19.817 [Server Comm. System] INFO bftsmart.communication.ServerCommunicationSystem -     Message count: 3
20:01:19.817 [Server Comm. System] DEBUG bftsmart.communication.ServerCommunicationSystem - <-- receiving, msg:type=WRITE, number=0, epoch=0, from=3
20:01:19.817 [Server Comm. System] DEBUG bftsmart.tom.core.ExecutionManager - Received message  type=WRITE, number=0, epoch=0, from=3
20:01:19.817 [Server Comm. System] DEBUG bftsmart.tom.core.ExecutionManager - I'm at consensus 0 and my last consensus is -1
20:01:19.817 [Server Comm. System] DEBUG bftsmart.tom.core.ExecutionManager - Message for consensus 0 can be processed
20:01:19.817 [Server Comm. System] DEBUG bftsmart.consensus.roles.Acceptor - Processing paxos msg with id 0
20:01:19.817 [Server Comm. System] DEBUG bftsmart.consensus.roles.Acceptor - WRITE received from:3, for consensus cId:0
20:01:19.817 [Server Comm. System] DEBUG bftsmart.consensus.roles.Acceptor - I have 4, WRITE's for cId:0, Epoch timestamp:0,
[Acceptor 7] computeWrite: cId=0, writeAccepted=4, quorum=5
20:01:19.817 [Server Comm. System] INFO bftsmart.communication.ServerCommunicationSystem - === Message processed ===
[V2VProxy 4] *** RECEIVED V2V message #10 from=2 to=-1 (broadcast=YES) at t=3.363763573283
V2VNativeBridge4: Received message from 2 with length 685
[V2V Layer 4] Received message from replica 2 via JNI
    [Reliability 4] handleIncomingMessage() called
        Type: DATA
        From: 2
        SeqNum: 0
        Expected seq: 0
        -> IN ORDER, delivering immediately
    [Reliability 4] deliverMessage() - deserializing payload
        Deserialized: ConsensusMessage
        DEBUG: envelope.fromReplicaId=2, message.getSender()=2
=== [V2V Layer 4] DELIVER to BFT-SMaRt ===
    Message type: ConsensusMessage
    From replica: 2
    InQueue size before: 0
    InQueue size after: 1
=== [V2V Layer 4] DELIVER successful ===
20:01:19.848 [Server Comm. System] INFO bftsmart.communication.ServerCommunicationSystem - === ServerCommunicationSystem RECEIVED message ===
20:01:19.848 [Server Comm. System] INFO bftsmart.communication.ServerCommunicationSystem -     Message type: ConsensusMessage
20:01:19.848 [Server Comm. System] INFO bftsmart.communication.ServerCommunicationSystem -     From: 2
20:01:19.848 [Server Comm. System] INFO bftsmart.communication.ServerCommunicationSystem -     Message count: 3
20:01:19.848 [Server Comm. System] DEBUG bftsmart.communication.ServerCommunicationSystem - <-- receiving, msg:type=WRITE, number=0, epoch=0, from=2
20:01:19.848 [Server Comm. System] DEBUG bftsmart.tom.core.ExecutionManager - Received message  type=WRITE, number=0, epoch=0, from=2
20:01:19.848 [Server Comm. System] DEBUG bftsmart.tom.core.ExecutionManager - I'm at consensus 0 and my last consensus is -1
20:01:19.848 [Server Comm. System] DEBUG bftsmart.tom.core.ExecutionManager - Message for consensus 0 can be processed
20:01:19.848 [Server Comm. System] DEBUG bftsmart.consensus.roles.Acceptor - Processing paxos msg with id 0
20:01:19.848 [Server Comm. System] DEBUG bftsmart.consensus.roles.Acceptor - WRITE received from:2, for consensus cId:0
20:01:19.848 [Server Comm. System] DEBUG bftsmart.consensus.roles.Acceptor - I have 4, WRITE's for cId:0, Epoch timestamp:0,
[Acceptor 4] computeWrite: cId=0, writeAccepted=4, quorum=5
20:01:19.848 [Server Comm. System] INFO bftsmart.communication.ServerCommunicationSystem - === Message processed ===
[V2VProxy 0] *** RECEIVED V2V message #3 from=6 to=-1 (broadcast=YES) at t=3.369263948706
V2VNativeBridge0: Received message from 6 with length 685
[V2V Layer 0] Received message from replica 6 via JNI
    [Reliability 0] handleIncomingMessage() called
        Type: DATA
        From: 6
        SeqNum: 0
        Expected seq: 0
        -> IN ORDER, delivering immediately
    [Reliability 0] deliverMessage() - deserializing payload
        Deserialized: ConsensusMessage
        DEBUG: envelope.fromReplicaId=6, message.getSender()=6
=== [V2V Layer 0] DELIVER to BFT-SMaRt ===
    Message type: ConsensusMessage
    From replica: 6
    InQueue size before: 0
    InQueue size after: 1
=== [V2V Layer 0] DELIVER successful ===
[V2VProxy 3] *** RECEIVED V2V message #10 from=6 to=-1 (broadcast=YES) at t=3.369263974333
20:01:19.941 [Server Comm. System] INFO bftsmart.communication.ServerCommunicationSystem - === ServerCommunicationSystem RECEIVED message ===
V2VNativeBridge3: Received message from 6 with length 685
[V2V Layer 3] Received message from replica 6 via JNI
20:01:19.941 [Server Comm. System] INFO bftsmart.communication.ServerCommunicationSystem -     Message type: ConsensusMessage
20:01:19.941 [Server Comm. System] INFO bftsmart.communication.ServerCommunicationSystem -     From: 6
20:01:19.941 [Server Comm. System] INFO bftsmart.communication.ServerCommunicationSystem -     Message count: 3
    [Reliability 3] handleIncomingMessage() called
        Type: DATA
        From: 6
20:01:19.941 [Server Comm. System] DEBUG bftsmart.communication.ServerCommunicationSystem - <-- receiving, msg:type=WRITE, number=0, epoch=0, from=6
        SeqNum: 0
        Expected seq: 0
        -> IN ORDER, delivering immediately
    [Reliability 3] deliverMessage() - deserializing payload
20:01:19.941 [Server Comm. System] DEBUG bftsmart.tom.core.ExecutionManager - Received message  type=WRITE, number=0, epoch=0, from=6
20:01:19.941 [Server Comm. System] DEBUG bftsmart.tom.core.ExecutionManager - I'm at consensus 0 and my last consensus is -1
        Deserialized: ConsensusMessage
        DEBUG: envelope.fromReplicaId=6, message.getSender()=6
20:01:19.941 [Server Comm. System] DEBUG bftsmart.tom.core.ExecutionManager - Message for consensus 0 can be processed
=== [V2V Layer 3] DELIVER to BFT-SMaRt ===
    Message type: ConsensusMessage
    From replica: 6
    InQueue size before: 0
20:01:19.941 [Server Comm. System] DEBUG bftsmart.consensus.roles.Acceptor - Processing paxos msg with id 0
20:01:19.941 [Server Comm. System] DEBUG bftsmart.consensus.roles.Acceptor - WRITE received from:6, for consensus cId:0
    InQueue size after: 1
=== [V2V Layer 3] DELIVER successful ===
20:01:19.941 [Server Comm. System] DEBUG bftsmart.consensus.roles.Acceptor - I have 4, WRITE's for cId:0, Epoch timestamp:0,
[Acceptor 0] computeWrite: cId=0, writeAccepted=4, quorum=5
[V2VProxy 7] *** RECEIVED V2V message #11 from=6 to=-1 (broadcast=YES) at t=3.369263975849
20:01:19.942 [Server Comm. System] INFO bftsmart.communication.ServerCommunicationSystem - === Message processed ===
20:01:19.942 [Server Comm. System] INFO bftsmart.communication.ServerCommunicationSystem - === ServerCommunicationSystem RECEIVED message ===
V2VNativeBridge7: Received message from 6 with length 685
20:01:19.942 [Server Comm. System] INFO bftsmart.communication.ServerCommunicationSystem -     Message type: ConsensusMessage
[V2V Layer 7] Received message from replica 6 via JNI
20:01:19.942 [Server Comm. System] INFO bftsmart.communication.ServerCommunicationSystem -     From: 6
20:01:19.942 [Server Comm. System] INFO bftsmart.communication.ServerCommunicationSystem -     Message count: 3
20:01:19.942 [Server Comm. System] DEBUG bftsmart.communication.ServerCommunicationSystem - <-- receiving, msg:type=WRITE, number=0, epoch=0, from=6
20:01:19.942 [Server Comm. System] DEBUG bftsmart.tom.core.ExecutionManager - Received message  type=WRITE, number=0, epoch=0, from=6
20:01:19.942 [Server Comm. System] DEBUG bftsmart.tom.core.ExecutionManager - I'm at consensus 0 and my last consensus is -1
20:01:19.942 [Server Comm. System] DEBUG bftsmart.tom.core.ExecutionManager - Message for consensus 0 can be processed
20:01:19.942 [Server Comm. System] DEBUG bftsmart.consensus.roles.Acceptor - Processing paxos msg with id 0
20:01:19.942 [Server Comm. System] DEBUG bftsmart.consensus.roles.Acceptor - WRITE received from:6, for consensus cId:0
20:01:19.942 [Server Comm. System] DEBUG bftsmart.consensus.roles.Acceptor - I have 4, WRITE's for cId:0, Epoch timestamp:0,
[Acceptor 3] computeWrite: cId=0, writeAccepted=4, quorum=5
20:01:19.942 [Server Comm. System] INFO bftsmart.communication.ServerCommunicationSystem - === Message processed ===
    [Reliability 7] handleIncomingMessage() called
        Type: DATA
        From: 6
        SeqNum: 0
        Expected seq: 0
        -> IN ORDER, delivering immediately
    [Reliability 7] deliverMessage() - deserializing payload
        Deserialized: ConsensusMessage
        DEBUG: envelope.fromReplicaId=6, message.getSender()=6
=== [V2V Layer 7] DELIVER to BFT-SMaRt ===
    Message type: ConsensusMessage
    From replica: 6
    InQueue size before: 0
    InQueue size after: 1
=== [V2V Layer 7] DELIVER successful ===
20:01:19.942 [Server Comm. System] INFO bftsmart.communication.ServerCommunicationSystem - === ServerCommunicationSystem RECEIVED message ===
20:01:19.942 [Server Comm. System] INFO bftsmart.communication.ServerCommunicationSystem -     Message type: ConsensusMessage
20:01:19.942 [Server Comm. System] INFO bftsmart.communication.ServerCommunicationSystem -     From: 6
20:01:19.942 [Server Comm. System] INFO bftsmart.communication.ServerCommunicationSystem -     Message count: 4
20:01:19.942 [Server Comm. System] DEBUG bftsmart.communication.ServerCommunicationSystem - <-- receiving, msg:type=WRITE, number=0, epoch=0, from=6
20:01:19.942 [Server Comm. System] DEBUG bftsmart.tom.core.ExecutionManager - Received message  type=WRITE, number=0, epoch=0, from=6
20:01:19.942 [Server Comm. System] DEBUG bftsmart.tom.core.ExecutionManager - I'm at consensus 0 and my last consensus is -1
20:01:19.942 [Server Comm. System] DEBUG bftsmart.tom.core.ExecutionManager - Message for consensus 0 can be processed
20:01:19.942 [Server Comm. System] DEBUG bftsmart.consensus.roles.Acceptor - Processing paxos msg with id 0
20:01:19.942 [Server Comm. System] DEBUG bftsmart.consensus.roles.Acceptor - WRITE received from:6, for consensus cId:0
[V2VProxy 2] *** RECEIVED V2V message #12 from=6 to=-1 (broadcast=YES) at t=3.369263980325
20:01:19.942 [Server Comm. System] DEBUG bftsmart.consensus.roles.Acceptor - I have 5, WRITE's for cId:0, Epoch timestamp:0,
[Acceptor 7] computeWrite: cId=0, writeAccepted=5, quorum=5
20:01:19.942 [Server Comm. System] INFO bftsmart.communication.ServerCommunicationSystem - === Message processed ===
V2VNativeBridge2: Received message from 6 with length 685
[V2V Layer 2] Received message from replica 6 via JNI
    [Reliability 2] handleIncomingMessage() called
        Type: DATA
        From: 6
        SeqNum: 0
        Expected seq: 0
        -> IN ORDER, delivering immediately
    [Reliability 2] deliverMessage() - deserializing payload
        Deserialized: ConsensusMessage
        DEBUG: envelope.fromReplicaId=6, message.getSender()=6
=== [V2V Layer 2] DELIVER to BFT-SMaRt ===
    Message type: ConsensusMessage
    From replica: 6
    InQueue size before: 0
    InQueue size after: 1
=== [V2V Layer 2] DELIVER successful ===
20:01:19.943 [Server Comm. System] INFO bftsmart.communication.ServerCommunicationSystem - === ServerCommunicationSystem RECEIVED message ===
20:01:19.943 [Server Comm. System] INFO bftsmart.communication.ServerCommunicationSystem -     Message type: ConsensusMessage
20:01:19.943 [Server Comm. System] INFO bftsmart.communication.ServerCommunicationSystem -     From: 6
20:01:19.943 [Server Comm. System] INFO bftsmart.communication.ServerCommunicationSystem -     Message count: 4
[V2VProxy 1] *** RECEIVED V2V message #11 from=6 to=-1 (broadcast=YES) at t=3.369263989654
20:01:19.943 [Server Comm. System] DEBUG bftsmart.communication.ServerCommunicationSystem - <-- receiving, msg:type=WRITE, number=0, epoch=0, from=6
V2VNativeBridge1: Received message from 6 with length 685
20:01:19.943 [Server Comm. System] DEBUG bftsmart.tom.core.ExecutionManager - Received message  type=WRITE, number=0, epoch=0, from=6
[V2V Layer 1] Received message from replica 6 via JNI
20:01:19.943 [Server Comm. System] DEBUG bftsmart.tom.core.ExecutionManager - I'm at consensus 0 and my last consensus is -1
20:01:19.943 [Server Comm. System] DEBUG bftsmart.tom.core.ExecutionManager - Message for consensus 0 can be processed
20:01:19.943 [Server Comm. System] DEBUG bftsmart.consensus.roles.Acceptor - Processing paxos msg with id 0
20:01:19.943 [Server Comm. System] DEBUG bftsmart.consensus.roles.Acceptor - WRITE received from:6, for consensus cId:0
20:01:19.943 [Server Comm. System] DEBUG bftsmart.consensus.roles.Acceptor - I have 5, WRITE's for cId:0, Epoch timestamp:0,
[Acceptor 2] computeWrite: cId=0, writeAccepted=5, quorum=5
20:01:19.943 [Server Comm. System] INFO bftsmart.communication.ServerCommunicationSystem - === Message processed ===
    [Reliability 1] handleIncomingMessage() called
        Type: DATA
        From: 6
        SeqNum: 0
        Expected seq: 0
        -> IN ORDER, delivering immediately
    [Reliability 1] deliverMessage() - deserializing payload
        Deserialized: ConsensusMessage
        DEBUG: envelope.fromReplicaId=6, message.getSender()=6
=== [V2V Layer 1] DELIVER to BFT-SMaRt ===
    Message type: ConsensusMessage
    From replica: 6
    InQueue size before: 0
    InQueue size after: 1
=== [V2V Layer 1] DELIVER successful ===
20:01:19.943 [Server Comm. System] INFO bftsmart.communication.ServerCommunicationSystem - === ServerCommunicationSystem RECEIVED message ===
20:01:19.943 [Server Comm. System] INFO bftsmart.communication.ServerCommunicationSystem -     Message type: ConsensusMessage
20:01:19.943 [Server Comm. System] INFO bftsmart.communication.ServerCommunicationSystem -     From: 6
20:01:19.943 [Server Comm. System] INFO bftsmart.communication.ServerCommunicationSystem -     Message count: 4
20:01:19.943 [Server Comm. System] DEBUG bftsmart.communication.ServerCommunicationSystem - <-- receiving, msg:type=WRITE, number=0, epoch=0, from=6
20:01:19.943 [Server Comm. System] DEBUG bftsmart.tom.core.ExecutionManager - Received message  type=WRITE, number=0, epoch=0, from=6
20:01:19.943 [Server Comm. System] DEBUG bftsmart.tom.core.ExecutionManager - I'm at consensus 0 and my last consensus is -1
20:01:19.943 [Server Comm. System] DEBUG bftsmart.tom.core.ExecutionManager - Message for consensus 0 can be processed
20:01:19.943 [Server Comm. System] DEBUG bftsmart.consensus.roles.Acceptor - Processing paxos msg with id 0
[V2VProxy 4] *** RECEIVED V2V message #11 from=6 to=-1 (broadcast=YES) at t=3.369263991665
20:01:19.943 [Server Comm. System] DEBUG bftsmart.consensus.roles.Acceptor - WRITE received from:6, for consensus cId:0
V2VNativeBridge4: Received message from 6 with length 685
[V2V Layer 4] Received message from replica 6 via JNI
20:01:19.943 [Server Comm. System] DEBUG bftsmart.consensus.roles.Acceptor - I have 5, WRITE's for cId:0, Epoch timestamp:0,
[Acceptor 1] computeWrite: cId=0, writeAccepted=5, quorum=5
20:01:19.943 [Server Comm. System] INFO bftsmart.communication.ServerCommunicationSystem - === Message processed ===
    [Reliability 4] handleIncomingMessage() called
        Type: DATA
        From: 6
        SeqNum: 0
        Expected seq: 0
        -> IN ORDER, delivering immediately
    [Reliability 4] deliverMessage() - deserializing payload
        Deserialized: ConsensusMessage
        DEBUG: envelope.fromReplicaId=6, message.getSender()=6
=== [V2V Layer 4] DELIVER to BFT-SMaRt ===
    Message type: ConsensusMessage
    From replica: 6
    InQueue size before: 0
    InQueue size after: 1
=== [V2V Layer 4] DELIVER successful ===
20:01:19.943 [Server Comm. System] INFO bftsmart.communication.ServerCommunicationSystem - === ServerCommunicationSystem RECEIVED message ===
20:01:19.943 [Server Comm. System] INFO bftsmart.communication.ServerCommunicationSystem -     Message type: ConsensusMessage
20:01:19.943 [Server Comm. System] INFO bftsmart.communication.ServerCommunicationSystem -     From: 6
20:01:19.943 [Server Comm. System] INFO bftsmart.communication.ServerCommunicationSystem -     Message count: 4
20:01:19.943 [Server Comm. System] DEBUG bftsmart.communication.ServerCommunicationSystem - <-- receiving, msg:type=WRITE, number=0, epoch=0, from=6
20:01:19.943 [Server Comm. System] DEBUG bftsmart.tom.core.ExecutionManager - Received message  type=WRITE, number=0, epoch=0, from=6
20:01:19.943 [Server Comm. System] DEBUG bftsmart.tom.core.ExecutionManager - I'm at consensus 0 and my last consensus is -1
20:01:19.943 [Server Comm. System] DEBUG bftsmart.tom.core.ExecutionManager - Message for consensus 0 can be processed
20:01:19.943 [Server Comm. System] DEBUG bftsmart.consensus.roles.Acceptor - Processing paxos msg with id 0
[V2VProxy 5] *** RECEIVED V2V message #11 from=6 to=-1 (broadcast=YES) at t=3.369264022968
20:01:19.943 [Server Comm. System] DEBUG bftsmart.consensus.roles.Acceptor - WRITE received from:6, for consensus cId:0
V2VNativeBridge5: Received message from 6 with length 685
[V2V Layer 5] Received message from replica 6 via JNI
20:01:19.943 [Server Comm. System] DEBUG bftsmart.consensus.roles.Acceptor - I have 5, WRITE's for cId:0, Epoch timestamp:0,
[Acceptor 4] computeWrite: cId=0, writeAccepted=5, quorum=5
20:01:19.943 [Server Comm. System] INFO bftsmart.communication.ServerCommunicationSystem - === Message processed ===
    [Reliability 5] handleIncomingMessage() called
        Type: DATA
        From: 6
        SeqNum: 0
        Expected seq: 0
        -> IN ORDER, delivering immediately
    [Reliability 5] deliverMessage() - deserializing payload
        Deserialized: ConsensusMessage
        DEBUG: envelope.fromReplicaId=6, message.getSender()=6
=== [V2V Layer 5] DELIVER to BFT-SMaRt ===
    Message type: ConsensusMessage
    From replica: 6
    InQueue size before: 0
    InQueue size after: 1
=== [V2V Layer 5] DELIVER successful ===
20:01:19.944 [Server Comm. System] INFO bftsmart.communication.ServerCommunicationSystem - === ServerCommunicationSystem RECEIVED message ===
20:01:19.944 [Server Comm. System] INFO bftsmart.communication.ServerCommunicationSystem -     Message type: ConsensusMessage
20:01:19.944 [Server Comm. System] INFO bftsmart.communication.ServerCommunicationSystem -     From: 6
20:01:19.944 [Server Comm. System] INFO bftsmart.communication.ServerCommunicationSystem -     Message count: 4
20:01:19.944 [Server Comm. System] DEBUG bftsmart.communication.ServerCommunicationSystem - <-- receiving, msg:type=WRITE, number=0, epoch=0, from=6
20:01:19.944 [Server Comm. System] DEBUG bftsmart.tom.core.ExecutionManager - Received message  type=WRITE, number=0, epoch=0, from=6
20:01:19.944 [Server Comm. System] DEBUG bftsmart.tom.core.ExecutionManager - I'm at consensus 0 and my last consensus is -1
20:01:19.944 [Server Comm. System] DEBUG bftsmart.tom.core.ExecutionManager - Message for consensus 0 can be processed
20:01:19.944 [Server Comm. System] DEBUG bftsmart.consensus.roles.Acceptor - Processing paxos msg with id 0
20:01:19.944 [Server Comm. System] DEBUG bftsmart.consensus.roles.Acceptor - WRITE received from:6, for consensus cId:0
20:01:19.944 [Server Comm. System] DEBUG bftsmart.consensus.roles.Acceptor - I have 5, WRITE's for cId:0, Epoch timestamp:0,
[Acceptor 5] computeWrite: cId=0, writeAccepted=5, quorum=5
20:01:19.944 [Server Comm. System] INFO bftsmart.communication.ServerCommunicationSystem - === Message processed ===
[V2VProxy 2] *** RECEIVED V2V message #13 from=1 to=-1 (broadcast=YES) at t=3.37342518478
V2VNativeBridge2: Received message from 1 with length 685
[V2V Layer 2] Received message from replica 1 via JNI
    [Reliability 2] handleIncomingMessage() called
        Type: DATA
        From: 1
        SeqNum: 0
        Expected seq: 0
        -> IN ORDER, delivering immediately
    [Reliability 2] deliverMessage() - deserializing payload
        Deserialized: ConsensusMessage
        DEBUG: envelope.fromReplicaId=1, message.getSender()=1
=== [V2V Layer 2] DELIVER to BFT-SMaRt ===
    Message type: ConsensusMessage
    From replica: 1
    InQueue size before: 0
    InQueue size after: 1
=== [V2V Layer 2] DELIVER successful ===
20:01:20.005 [Server Comm. System] INFO bftsmart.communication.ServerCommunicationSystem - === ServerCommunicationSystem RECEIVED message ===
20:01:20.005 [Server Comm. System] INFO bftsmart.communication.ServerCommunicationSystem -     Message type: ConsensusMessage
20:01:20.005 [Server Comm. System] INFO bftsmart.communication.ServerCommunicationSystem -     From: 1
20:01:20.005 [Server Comm. System] INFO bftsmart.communication.ServerCommunicationSystem -     Message count: 5
20:01:20.005 [Server Comm. System] DEBUG bftsmart.communication.ServerCommunicationSystem - <-- receiving, msg:type=WRITE, number=0, epoch=0, from=1
20:01:20.005 [Server Comm. System] DEBUG bftsmart.tom.core.ExecutionManager - Received message  type=WRITE, number=0, epoch=0, from=1
20:01:20.005 [Server Comm. System] DEBUG bftsmart.tom.core.ExecutionManager - I'm at consensus 0 and my last consensus is -1
20:01:20.005 [Server Comm. System] DEBUG bftsmart.tom.core.ExecutionManager - Message for consensus 0 can be processed
20:01:20.005 [Server Comm. System] DEBUG bftsmart.consensus.roles.Acceptor - Processing paxos msg with id 0
20:01:20.005 [Server Comm. System] DEBUG bftsmart.consensus.roles.Acceptor - WRITE received from:1, for consensus cId:0
20:01:20.005 [Server Comm. System] DEBUG bftsmart.consensus.roles.Acceptor - I have 6, WRITE's for cId:0, Epoch timestamp:0,
[Acceptor 2] computeWrite: cId=0, writeAccepted=6, quorum=5
20:01:20.005 [Server Comm. System] DEBUG bftsmart.consensus.roles.Acceptor - Sending ACCEPT message, cId:0, I am:2
20:01:20.005 [Server Comm. System] DEBUG bftsmart.consensus.roles.Acceptor - Setting consensus 0 QuorumWrite tiemstamp to 0 and value [-21, 9, -51, -7, -127, 107, 124, -1, 109, 78, 34, 43, -92, -13, 35, 62, 23, 92, -26, 14, 25, -95, -86, -10, -116, -103, -32, -125, -94, 16, -128, -111]
20:01:20.005 [Server Comm. System] DEBUG bftsmart.consensus.roles.Acceptor - Speculative ACCEPT message for consensus 0 matches the written value, sending it to the other replicas
[Acceptor 2] ABOUT TO SEND speculative ACCEPT for cId=0 to targets=[0, 1, 2, 3, 4, 5, 6, 7]
=== [V2V Layer 2] SEND called ===
    Targets: [0, 1, 2, 3, 4, 5, 6, 7]
    Message type: ConsensusMessage
    Sender: 2
    -> Sending to replica 0 via V2V
    [Reliability 2] sendReliable() called
        Target: 0
        Message type: ConsensusMessage
        Sequence number: 1
        Payload size: 267 bytes
        [Reliability 2] Piggybacked 2 ACKs to replica 0
V2VNativeBridge2: Sending message to -1 with length 872
[JNI] nativeSendMessage: 2 -> -1
[JNI] Sending 872 bytes (2->-1)
[DEBUG V2VProxy 2] Queue has space - adding message
[JNI] Message queued successfully
        [Reliability 2] Sent seq=1 to replica 0
    -> Sending to replica 1 via V2V
    [Reliability 2] sendReliable() called
        Target: 1
        Message type: ConsensusMessage
        Sequence number: 1
        Payload size: 267 bytes
        [Reliability 2] Piggybacked 1 ACKs to replica 1
V2VNativeBridge2: Sending message to -1 with length 858
[JNI] nativeSendMessage: 2 -> -1
[JNI] Sending 858 bytes (2->-1)
[DEBUG V2VProxy 2] Queue has space - adding message
[JNI] Message queued successfully
        [Reliability 2] Sent seq=1 to replica 1
    -> Self-delivery to replica 2
=== [V2V Layer 2] DELIVER to BFT-SMaRt ===
    Message type: ConsensusMessage
    From replica: 2
    InQueue size before: 0
    InQueue size after: 1
=== [V2V Layer 2] DELIVER successful ===
    -> Sending to replica 3 via V2V
    [Reliability 2] sendReliable() called
        Target: 3
        Message type: ConsensusMessage
        Sequence number: 1
        Payload size: 267 bytes
        [Reliability 2] Piggybacked 1 ACKs to replica 3
V2VNativeBridge2: Sending message to -1 with length 858
[JNI] nativeSendMessage: 2 -> -1
[JNI] Sending 858 bytes (2->-1)
[DEBUG V2VProxy 2] Queue has space - adding message
[JNI] Message queued successfully
        [Reliability 2] Sent seq=1 to replica 3
    -> Sending to replica 4 via V2V
    [Reliability 2] sendReliable() called
        Target: 4
        Message type: ConsensusMessage
        Sequence number: 1
        Payload size: 267 bytes
        [Reliability 2] Piggybacked 1 ACKs to replica 4
V2VNativeBridge2: Sending message to -1 with length 858
[JNI] nativeSendMessage: 2 -> -1
[JNI] Sending 858 bytes (2->-1)
[DEBUG V2VProxy 2] Queue has space - adding message
[JNI] Message queued successfully
        [Reliability 2] Sent seq=1 to replica 4
    -> Sending to replica 5 via V2V
    [Reliability 2] sendReliable() called
        Target: 5
        Message type: ConsensusMessage
        Sequence number: 1
        Payload size: 267 bytes
V2VNativeBridge2: Sending message to -1 with length 780
[JNI] nativeSendMessage: 2 -> -1
[JNI] Sending 780 bytes (2->-1)
[DEBUG V2VProxy 2] Queue has space - adding message
[JNI] Message queued successfully
        [Reliability 2] Sent seq=1 to replica 5
    -> Sending to replica 6 via V2V
    [Reliability 2] sendReliable() called
        Target: 6
        Message type: ConsensusMessage
        Sequence number: 1
        Payload size: 267 bytes
        [Reliability 2] Piggybacked 1 ACKs to replica 6
V2VNativeBridge2: Sending message to -1 with length 858
[JNI] nativeSendMessage: 2 -> -1
[JNI] Sending 858 bytes (2->-1)
[DEBUG V2VProxy 2] Queue has space - adding message
[JNI] Message queued successfully
        [Reliability 2] Sent seq=1 to replica 6
    -> Sending to replica 7 via V2V
    [Reliability 2] sendReliable() called
        Target: 7
        Message type: ConsensusMessage
        Sequence number: 1
        Payload size: 267 bytes
V2VNativeBridge2: Sending message to -1 with length 780
[JNI] nativeSendMessage: 2 -> -1
[JNI] Sending 780 bytes (2->-1)
[DEBUG V2VProxy 2] Queue has space - adding message
[JNI] Message queued successfully
        [Reliability 2] Sent seq=1 to replica 7
=== [V2V Layer 2] SEND complete ===
[Acceptor 2] SENT speculative ACCEPT for cId=0
20:01:20.006 [Server Comm. System] INFO bftsmart.communication.ServerCommunicationSystem - === Message processed ===
20:01:20.006 [Server Comm. System] INFO bftsmart.communication.ServerCommunicationSystem - === ServerCommunicationSystem RECEIVED message ===
20:01:20.006 [Server Comm. System] INFO bftsmart.communication.ServerCommunicationSystem -     Message type: ConsensusMessage
20:01:20.006 [Server Comm. System] INFO bftsmart.communication.ServerCommunicationSystem -     From: 2
20:01:20.006 [Server Comm. System] INFO bftsmart.communication.ServerCommunicationSystem -     Message count: 6
20:01:20.006 [Server Comm. System] DEBUG bftsmart.communication.ServerCommunicationSystem - <-- receiving, msg:type=ACCEPT, number=0, epoch=0, from=2
20:01:20.006 [Server Comm. System] DEBUG bftsmart.tom.core.ExecutionManager - Received message  type=ACCEPT, number=0, epoch=0, from=2
20:01:20.006 [Server Comm. System] DEBUG bftsmart.tom.core.ExecutionManager - I'm at consensus 0 and my last consensus is -1
20:01:20.006 [Server Comm. System] DEBUG bftsmart.tom.core.ExecutionManager - Message for consensus 0 can be processed
20:01:20.006 [Server Comm. System] DEBUG bftsmart.consensus.roles.Acceptor - Processing paxos msg with id 0
20:01:20.006 [Server Comm. System] DEBUG bftsmart.consensus.roles.Acceptor - ACCEPT from 2 for consensus 0
20:01:20.006 [Server Comm. System] DEBUG bftsmart.consensus.roles.Acceptor - I have 1 ACCEPTs for cId:0, Timestamp:0 
20:01:20.006 [Server Comm. System] INFO bftsmart.communication.ServerCommunicationSystem - === Message processed ===
[V2VProxy 6] *** RECEIVED V2V message #11 from=0 to=-1 (broadcast=YES) at t=3.374764283977
V2VNativeBridge6: Received message from 0 with length 685
[V2V Layer 6] Received message from replica 0 via JNI
    [Reliability 6] handleIncomingMessage() called
        Type: DATA
        From: 0
        SeqNum: 1
        Expected seq: 2
        -> DUPLICATE (seq < expected), ignoring
[V2VProxy 3] *** RECEIVED V2V message #11 from=0 to=-1 (broadcast=YES) at t=3.374764292006
V2VNativeBridge3: Received message from 0 with length 685
[V2V Layer 3] Received message from replica 0 via JNI
    [Reliability 3] handleIncomingMessage() called
        Type: DATA
        From: 0
        SeqNum: 1
        Expected seq: 2
        -> DUPLICATE (seq < expected), ignoring
[V2VProxy 4] *** RECEIVED V2V message #12 from=2 to=-1 (broadcast=YES) at t=3.376247407713
V2VNativeBridge4: Received message from 2 with length 763
[V2V Layer 4] Received message from replica 2 via JNI
    [Reliability 4] handleIncomingMessage() called
        Type: DATA
        From: 2
        SeqNum: 0
        Expected seq: 1
        -> DUPLICATE (seq < expected), ignoring
[V2VProxy 4] *** RECEIVED V2V message #13 from=2 to=-1 (broadcast=YES) at t=3.378938586197
V2VNativeBridge4: Received message from 2 with length 685
[V2V Layer 4] Received message from replica 2 via JNI
    [Reliability 4] handleIncomingMessage() called
        Type: DATA
        From: 2
        SeqNum: 0
        Expected seq: 1
        -> DUPLICATE (seq < expected), ignoring
[V2VProxy 1] *** RECEIVED V2V message #12 from=2 to=-1 (broadcast=YES) at t=3.378938604429
V2VNativeBridge1: Received message from 2 with length 685
[V2V Layer 1] Received message from replica 2 via JNI
    [Reliability 1] handleIncomingMessage() called
        Type: DATA
        From: 2
        SeqNum: 0
        Expected seq: 0
        -> IN ORDER, delivering immediately
    [Reliability 1] deliverMessage() - deserializing payload
        Deserialized: ConsensusMessage
        DEBUG: envelope.fromReplicaId=2, message.getSender()=2
=== [V2V Layer 1] DELIVER to BFT-SMaRt ===
    Message type: ConsensusMessage
    From replica: 2
    InQueue size before: 0
    InQueue size after: 1
=== [V2V Layer 1] DELIVER successful ===
[V2VProxy 0] *** RECEIVED V2V message #4 from=2 to=-1 (broadcast=YES) at t=3.378938611775
20:01:20.083 [Server Comm. System] INFO bftsmart.communication.ServerCommunicationSystem - === ServerCommunicationSystem RECEIVED message ===
V2VNativeBridge0: Received message from 2 with length 685
[V2V Layer 0] Received message from replica 2 via JNI
20:01:20.084 [Server Comm. System] INFO bftsmart.communication.ServerCommunicationSystem -     Message type: ConsensusMessage
20:01:20.084 [Server Comm. System] INFO bftsmart.communication.ServerCommunicationSystem -     From: 2
    [Reliability 0] handleIncomingMessage() called
20:01:20.084 [Server Comm. System] INFO bftsmart.communication.ServerCommunicationSystem -     Message count: 5
        Type: DATA
        From: 2
        SeqNum: 0
        Expected seq: 0
        -> IN ORDER, delivering immediately
    [Reliability 0] deliverMessage() - deserializing payload
20:01:20.084 [Server Comm. System] DEBUG bftsmart.communication.ServerCommunicationSystem - <-- receiving, msg:type=WRITE, number=0, epoch=0, from=2
        Deserialized: ConsensusMessage
        DEBUG: envelope.fromReplicaId=2, message.getSender()=2
20:01:20.084 [Server Comm. System] DEBUG bftsmart.tom.core.ExecutionManager - Received message  type=WRITE, number=0, epoch=0, from=2
=== [V2V Layer 0] DELIVER to BFT-SMaRt ===
    Message type: ConsensusMessage
    From replica: 2
    InQueue size before: 0
20:01:20.084 [Server Comm. System] DEBUG bftsmart.tom.core.ExecutionManager - I'm at consensus 0 and my last consensus is -1
20:01:20.084 [Server Comm. System] DEBUG bftsmart.tom.core.ExecutionManager - Message for consensus 0 can be processed
20:01:20.084 [Server Comm. System] DEBUG bftsmart.consensus.roles.Acceptor - Processing paxos msg with id 0
    InQueue size after: 1
=== [V2V Layer 0] DELIVER successful ===
20:01:20.084 [Server Comm. System] DEBUG bftsmart.consensus.roles.Acceptor - WRITE received from:2, for consensus cId:0
20:01:20.084 [Server Comm. System] DEBUG bftsmart.consensus.roles.Acceptor - I have 6, WRITE's for cId:0, Epoch timestamp:0,
[Acceptor 1] computeWrite: cId=0, writeAccepted=6, quorum=5
20:01:20.084 [Server Comm. System] DEBUG bftsmart.consensus.roles.Acceptor - Sending ACCEPT message, cId:0, I am:1
20:01:20.084 [Server Comm. System] DEBUG bftsmart.consensus.roles.Acceptor - Setting consensus 0 QuorumWrite tiemstamp to 0 and value [-21, 9, -51, -7, -127, 107, 124, -1, 109, 78, 34, 43, -92, -13, 35, 62, 23, 92, -26, 14, 25, -95, -86, -10, -116, -103, -32, -125, -94, 16, -128, -111]
[V2VProxy 3] *** RECEIVED V2V message #12 from=2 to=-1 (broadcast=YES) at t=3.378938615547
20:01:20.084 [Server Comm. System] INFO bftsmart.communication.ServerCommunicationSystem - === ServerCommunicationSystem RECEIVED message ===
V2VNativeBridge3: Received message from 2 with length 685
20:01:20.084 [Server Comm. System] DEBUG bftsmart.consensus.roles.Acceptor - Speculative ACCEPT message for consensus 0 matches the written value, sending it to the other replicas
[V2V Layer 3] Received message from replica 2 via JNI
20:01:20.084 [Server Comm. System] INFO bftsmart.communication.ServerCommunicationSystem -     Message type: ConsensusMessage
[Acceptor 1] ABOUT TO SEND speculative ACCEPT for cId=0 to targets=[0, 1, 2, 3, 4, 5, 6, 7]
20:01:20.084 [Server Comm. System] INFO bftsmart.communication.ServerCommunicationSystem -     From: 2
=== [V2V Layer 1] SEND called ===
    Targets: [0, 1, 2, 3, 4, 5, 6, 7]
    Message type: ConsensusMessage
    Sender: 1
20:01:20.084 [Server Comm. System] INFO bftsmart.communication.ServerCommunicationSystem -     Message count: 4
    -> Sending to replica 0 via V2V
    [Reliability 1] sendReliable() called
        Target: 0
20:01:20.084 [Server Comm. System] DEBUG bftsmart.communication.ServerCommunicationSystem - <-- receiving, msg:type=WRITE, number=0, epoch=0, from=2
        Message type: ConsensusMessage
20:01:20.084 [Server Comm. System] DEBUG bftsmart.tom.core.ExecutionManager - Received message  type=WRITE, number=0, epoch=0, from=2
20:01:20.084 [Server Comm. System] DEBUG bftsmart.tom.core.ExecutionManager - I'm at consensus 0 and my last consensus is -1
        Sequence number: 1
20:01:20.084 [Server Comm. System] DEBUG bftsmart.tom.core.ExecutionManager - Message for consensus 0 can be processed
    [Reliability 3] handleIncomingMessage() called
        Type: DATA
        From: 2
        SeqNum: 0
        Expected seq: 0
        -> IN ORDER, delivering immediately
    [Reliability 3] deliverMessage() - deserializing payload
        Payload size: 267 bytes
20:01:20.084 [Server Comm. System] DEBUG bftsmart.consensus.roles.Acceptor - Processing paxos msg with id 0
        Deserialized: ConsensusMessage
        DEBUG: envelope.fromReplicaId=2, message.getSender()=2
        [Reliability 1] Piggybacked 2 ACKs to replica 0
20:01:20.084 [Server Comm. System] DEBUG bftsmart.consensus.roles.Acceptor - WRITE received from:2, for consensus cId:0
=== [V2V Layer 3] DELIVER to BFT-SMaRt ===
    Message type: ConsensusMessage
    From replica: 2
V2VNativeBridge1: Sending message to -1 with length 872
[JNI] nativeSendMessage: 1 -> -1
[JNI] Sending 872 bytes (1->-1)
[DEBUG V2VProxy 1] Queue has space - adding message
[JNI] Message queued successfully
20:01:20.084 [Server Comm. System] DEBUG bftsmart.consensus.roles.Acceptor - I have 5, WRITE's for cId:0, Epoch timestamp:0,
        [Reliability 1] Sent seq=1 to replica 0
    -> Self-delivery to replica 1
=== [V2V Layer 1] DELIVER to BFT-SMaRt ===
    Message type: ConsensusMessage
    From replica: 1
    InQueue size before: 0
    InQueue size after: 1
=== [V2V Layer 1] DELIVER successful ===
    -> Sending to replica 2 via V2V
    [Reliability 1] sendReliable() called
        Target: 2
        Message type: ConsensusMessage
        Sequence number: 1
[Acceptor 0] computeWrite: cId=0, writeAccepted=5, quorum=5
    InQueue size before: 0
        Payload size: 267 bytes
20:01:20.084 [Server Comm. System] INFO bftsmart.communication.ServerCommunicationSystem - === Message processed ===
        [Reliability 1] Piggybacked 1 ACKs to replica 2
    InQueue size after: 1
=== [V2V Layer 3] DELIVER successful ===
V2VNativeBridge1: Sending message to -1 with length 858
[JNI] nativeSendMessage: 1 -> -1
[JNI] Sending 858 bytes (1->-1)
[DEBUG V2VProxy 1] Queue has space - adding message
[JNI] Message queued successfully
        [Reliability 1] Sent seq=1 to replica 2
    -> Sending to replica 3 via V2V
20:01:20.084 [Server Comm. System] INFO bftsmart.communication.ServerCommunicationSystem - === ServerCommunicationSystem RECEIVED message ===
    [Reliability 1] sendReliable() called
        Target: 3
        Message type: ConsensusMessage
        Sequence number: 1
        Payload size: 267 bytes
        [Reliability 1] Piggybacked 1 ACKs to replica 3
[V2VProxy 6] *** RECEIVED V2V message #12 from=2 to=-1 (broadcast=YES) at t=3.378938618012
20:01:20.085 [Server Comm. System] INFO bftsmart.communication.ServerCommunicationSystem -     Message type: ConsensusMessage
V2VNativeBridge6: Received message from 2 with length 685
[V2V Layer 6] Received message from replica 2 via JNI
20:01:20.085 [Server Comm. System] INFO bftsmart.communication.ServerCommunicationSystem -     From: 2
V2VNativeBridge1: Sending message to -1 with length 858
[JNI] nativeSendMessage: 1 -> -1
[JNI] Sending 858 bytes (1->-1)
[DEBUG V2VProxy 1] Queue has space - adding message
[JNI] Message queued successfully
20:01:20.085 [Server Comm. System] INFO bftsmart.communication.ServerCommunicationSystem -     Message count: 4
        [Reliability 1] Sent seq=1 to replica 3
    -> Sending to replica 4 via V2V
    [Reliability 1] sendReliable() called
        Target: 4
        Message type: ConsensusMessage
        Sequence number: 1
20:01:20.085 [Server Comm. System] DEBUG bftsmart.communication.ServerCommunicationSystem - <-- receiving, msg:type=WRITE, number=0, epoch=0, from=2
        Payload size: 267 bytes
20:01:20.085 [Server Comm. System] DEBUG bftsmart.tom.core.ExecutionManager - Received message  type=WRITE, number=0, epoch=0, from=2
20:01:20.085 [Server Comm. System] DEBUG bftsmart.tom.core.ExecutionManager - I'm at consensus 0 and my last consensus is -1
        [Reliability 1] Piggybacked 1 ACKs to replica 4
    [Reliability 6] handleIncomingMessage() called
        Type: DATA
        From: 2
V2VNativeBridge1: Sending message to -1 with length 858
[JNI] nativeSendMessage: 1 -> -1
        SeqNum: 0[JNI] Sending 858 bytes (1->-1)

[DEBUG V2VProxy 1] Queue has space - adding message
[JNI] Message queued successfully
        [Reliability 1] Sent seq=1 to replica 4
        Expected seq: 0
        -> IN ORDER, delivering immediately
    [Reliability 6] deliverMessage() - deserializing payload
20:01:20.085 [Server Comm. System] DEBUG bftsmart.tom.core.ExecutionManager - Message for consensus 0 can be processed
        Deserialized: ConsensusMessage
        DEBUG: envelope.fromReplicaId=2, message.getSender()=2
=== [V2V Layer 6] DELIVER to BFT-SMaRt ===
20:01:20.085 [Server Comm. System] DEBUG bftsmart.consensus.roles.Acceptor - Processing paxos msg with id 0
    -> Sending to replica 5 via V2V
    [Reliability 1] sendReliable() called
        Target: 5
20:01:20.085 [Server Comm. System] DEBUG bftsmart.consensus.roles.Acceptor - WRITE received from:2, for consensus cId:0
    Message type: ConsensusMessage
    From replica: 2
    InQueue size before: 0
20:01:20.085 [Server Comm. System] DEBUG bftsmart.consensus.roles.Acceptor - I have 5, WRITE's for cId:0, Epoch timestamp:0,
    InQueue size after: 1
=== [V2V Layer 6] DELIVER successful ===
        Message type: ConsensusMessage
        Sequence number: 1
[Acceptor 3] computeWrite: cId=0, writeAccepted=5, quorum=5
20:01:20.085 [Server Comm. System] INFO bftsmart.communication.ServerCommunicationSystem - === ServerCommunicationSystem RECEIVED message ===
        Payload size: 267 bytes
20:01:20.085 [Server Comm. System] INFO bftsmart.communication.ServerCommunicationSystem - === Message processed ===
20:01:20.085 [Server Comm. System] INFO bftsmart.communication.ServerCommunicationSystem -     Message type: ConsensusMessage
20:01:20.085 [Server Comm. System] INFO bftsmart.communication.ServerCommunicationSystem -     From: 2
20:01:20.085 [Server Comm. System] INFO bftsmart.communication.ServerCommunicationSystem -     Message count: 4
20:01:20.085 [Server Comm. System] DEBUG bftsmart.communication.ServerCommunicationSystem - <-- receiving, msg:type=WRITE, number=0, epoch=0, from=2
20:01:20.085 [Server Comm. System] DEBUG bftsmart.tom.core.ExecutionManager - Received message  type=WRITE, number=0, epoch=0, from=2
[V2VProxy 5] *** RECEIVED V2V message #12 from=2 to=-1 (broadcast=YES) at t=3.37893861846
V2VNativeBridge5: Received message from 2 with length 685
[V2V Layer 5] Received message from replica 2 via JNI
V2VNativeBridge1: Sending message to -1 with length 780
[JNI] nativeSendMessage: 1 -> -1
[JNI] Sending 780 bytes (1->-1)
[DEBUG V2VProxy 1] Queue has space - adding message
[JNI] Message queued successfully
        [Reliability 1] Sent seq=1 to replica 5
20:01:20.085 [Server Comm. System] DEBUG bftsmart.tom.core.ExecutionManager - I'm at consensus 0 and my last consensus is -1
    -> Sending to replica 6 via V2V
    [Reliability 1] sendReliable() called
        Target: 6
        Message type: ConsensusMessage
        Sequence number: 1
20:01:20.085 [Server Comm. System] DEBUG bftsmart.tom.core.ExecutionManager - Message for consensus 0 can be processed
20:01:20.085 [Server Comm. System] DEBUG bftsmart.consensus.roles.Acceptor - Processing paxos msg with id 0
        Payload size: 267 bytes
20:01:20.085 [Server Comm. System] DEBUG bftsmart.consensus.roles.Acceptor - WRITE received from:2, for consensus cId:0
        [Reliability 1] Piggybacked 1 ACKs to replica 6
20:01:20.085 [Server Comm. System] DEBUG bftsmart.consensus.roles.Acceptor - I have 5, WRITE's for cId:0, Epoch timestamp:0,
[Acceptor 6] computeWrite: cId=0, writeAccepted=5, quorum=5
20:01:20.085 [Server Comm. System] INFO bftsmart.communication.ServerCommunicationSystem - === Message processed ===
    [Reliability 5] handleIncomingMessage() called
        Type: DATA
        From: 2
        SeqNum: 0
V2VNativeBridge1: Sending message to -1 with length 858
[JNI] nativeSendMessage: 1 -> -1
        Expected seq: 0
[JNI] Sending 858 bytes (1->-1)
[DEBUG V2VProxy 1] Queue has space - adding message
[JNI] Message queued successfully
        -> IN ORDER, delivering immediately
        [Reliability 1] Sent seq=1 to replica 6
    -> Sending to replica 7 via V2V
    [Reliability 1] sendReliable() called
        Target: 7
        Message type: ConsensusMessage
        Sequence number: 1
    [Reliability 5] deliverMessage() - deserializing payload
        Payload size: 267 bytes
        Deserialized: ConsensusMessage
        DEBUG: envelope.fromReplicaId=2, message.getSender()=2
=== [V2V Layer 5] DELIVER to BFT-SMaRt ===
    Message type: ConsensusMessage
    From replica: 2
    InQueue size before: 0
V2VNativeBridge1: Sending message to -1 with length 780
[JNI] nativeSendMessage: 1 -> -1
[JNI] Sending 780 bytes (1->-1)
[DEBUG V2VProxy 1] Queue has space - adding message
[JNI] Message queued successfully
        [Reliability 1] Sent seq=1 to replica 7
=== [V2V Layer 1] SEND complete ===
[Acceptor 1] SENT speculative ACCEPT for cId=0
    InQueue size after: 1
=== [V2V Layer 5] DELIVER successful ===
20:01:20.086 [Server Comm. System] INFO bftsmart.communication.ServerCommunicationSystem - === Message processed ===
20:01:20.086 [Server Comm. System] INFO bftsmart.communication.ServerCommunicationSystem - === ServerCommunicationSystem RECEIVED message ===
20:01:20.086 [Server Comm. System] INFO bftsmart.communication.ServerCommunicationSystem - === ServerCommunicationSystem RECEIVED message ===
20:01:20.086 [Server Comm. System] INFO bftsmart.communication.ServerCommunicationSystem -     Message type: ConsensusMessage
20:01:20.086 [Server Comm. System] INFO bftsmart.communication.ServerCommunicationSystem -     From: 1
20:01:20.086 [Server Comm. System] INFO bftsmart.communication.ServerCommunicationSystem -     Message type: ConsensusMessage
20:01:20.086 [Server Comm. System] INFO bftsmart.communication.ServerCommunicationSystem -     Message count: 6
20:01:20.086 [Server Comm. System] INFO bftsmart.communication.ServerCommunicationSystem -     From: 2
20:01:20.086 [Server Comm. System] DEBUG bftsmart.communication.ServerCommunicationSystem - <-- receiving, msg:type=ACCEPT, number=0, epoch=0, from=1
20:01:20.086 [Server Comm. System] INFO bftsmart.communication.ServerCommunicationSystem -     Message count: 5
20:01:20.086 [Server Comm. System] DEBUG bftsmart.tom.core.ExecutionManager - Received message  type=ACCEPT, number=0, epoch=0, from=1
20:01:20.086 [Server Comm. System] DEBUG bftsmart.communication.ServerCommunicationSystem - <-- receiving, msg:type=WRITE, number=0, epoch=0, from=2
20:01:20.086 [Server Comm. System] DEBUG bftsmart.tom.core.ExecutionManager - I'm at consensus 0 and my last consensus is -1
20:01:20.086 [Server Comm. System] DEBUG bftsmart.tom.core.ExecutionManager - Received message  type=WRITE, number=0, epoch=0, from=2
20:01:20.086 [Server Comm. System] DEBUG bftsmart.tom.core.ExecutionManager - Message for consensus 0 can be processed
20:01:20.086 [Server Comm. System] DEBUG bftsmart.tom.core.ExecutionManager - I'm at consensus 0 and my last consensus is -1
[V2VProxy 7] *** RECEIVED V2V message #12 from=2 to=-1 (broadcast=YES) at t=3.378938658033
20:01:20.086 [Server Comm. System] DEBUG bftsmart.consensus.roles.Acceptor - Processing paxos msg with id 0
20:01:20.086 [Server Comm. System] DEBUG bftsmart.tom.core.ExecutionManager - Message for consensus 0 can be processed
20:01:20.086 [Server Comm. System] DEBUG bftsmart.consensus.roles.Acceptor - Processing paxos msg with id 0
V2VNativeBridge7: Received message from 2 with length 685
20:01:20.086 [Server Comm. System] DEBUG bftsmart.consensus.roles.Acceptor - ACCEPT from 1 for consensus 0
[V2V Layer 7] Received message from replica 2 via JNI
20:01:20.086 [Server Comm. System] DEBUG bftsmart.consensus.roles.Acceptor - I have 1 ACCEPTs for cId:0, Timestamp:0 
20:01:20.086 [Server Comm. System] INFO bftsmart.communication.ServerCommunicationSystem - === Message processed ===
20:01:20.086 [Server Comm. System] DEBUG bftsmart.consensus.roles.Acceptor - WRITE received from:2, for consensus cId:0
    [Reliability 7] handleIncomingMessage() called
        Type: DATA
        From: 2
        SeqNum: 0
20:01:20.086 [Server Comm. System] DEBUG bftsmart.consensus.roles.Acceptor - I have 6, WRITE's for cId:0, Epoch timestamp:0,
        Expected seq: 0
[Acceptor 5] computeWrite: cId=0, writeAccepted=6, quorum=5
        -> IN ORDER, delivering immediately
20:01:20.086 [Server Comm. System] DEBUG bftsmart.consensus.roles.Acceptor - Sending ACCEPT message, cId:0, I am:5
    [Reliability 7] deliverMessage() - deserializing payload
20:01:20.086 [Server Comm. System] DEBUG bftsmart.consensus.roles.Acceptor - Setting consensus 0 QuorumWrite tiemstamp to 0 and value [-21, 9, -51, -7, -127, 107, 124, -1, 109, 78, 34, 43, -92, -13, 35, 62, 23, 92, -26, 14, 25, -95, -86, -10, -116, -103, -32, -125, -94, 16, -128, -111]
        Deserialized: ConsensusMessage
        DEBUG: envelope.fromReplicaId=2, message.getSender()=2
=== [V2V Layer 7] DELIVER to BFT-SMaRt ===
    Message type: ConsensusMessage
    From replica: 2
    InQueue size before: 0
20:01:20.086 [Server Comm. System] DEBUG bftsmart.consensus.roles.Acceptor - Speculative ACCEPT message for consensus 0 matches the written value, sending it to the other replicas
[Acceptor 5] ABOUT TO SEND speculative ACCEPT for cId=0 to targets=[0, 1, 2, 3, 4, 5, 6, 7]
=== [V2V Layer 5] SEND called ===
    Targets: [0, 1, 2, 3, 4, 5, 6, 7]
    Message type: ConsensusMessage
    InQueue size after: 1
=== [V2V Layer 7] DELIVER successful ===
    Sender: 5
    -> Sending to replica 0 via V2V
    [Reliability 5] sendReliable() called
        Target: 0
20:01:20.086 [Server Comm. System] INFO bftsmart.communication.ServerCommunicationSystem - === ServerCommunicationSystem RECEIVED message ===
        Message type: ConsensusMessage
20:01:20.086 [Server Comm. System] INFO bftsmart.communication.ServerCommunicationSystem -     Message type: ConsensusMessage
        Sequence number: 1
20:01:20.086 [Server Comm. System] INFO bftsmart.communication.ServerCommunicationSystem -     From: 2
20:01:20.086 [Server Comm. System] INFO bftsmart.communication.ServerCommunicationSystem -     Message count: 5
        Payload size: 265 bytes
        [Reliability 5] Piggybacked 2 ACKs to replica 0
20:01:20.086 [Server Comm. System] DEBUG bftsmart.communication.ServerCommunicationSystem - <-- receiving, msg:type=WRITE, number=0, epoch=0, from=2
20:01:20.086 [Server Comm. System] DEBUG bftsmart.tom.core.ExecutionManager - Received message  type=WRITE, number=0, epoch=0, from=2
20:01:20.086 [Server Comm. System] DEBUG bftsmart.tom.core.ExecutionManager - I'm at consensus 0 and my last consensus is -1
20:01:20.086 [Server Comm. System] DEBUG bftsmart.tom.core.ExecutionManager - Message for consensus 0 can be processed
20:01:20.086 [Server Comm. System] DEBUG bftsmart.consensus.roles.Acceptor - Processing paxos msg with id 0
20:01:20.086 [Server Comm. System] DEBUG bftsmart.consensus.roles.Acceptor - WRITE received from:2, for consensus cId:0
V2VNativeBridge5: Sending message to -1 with length 870
[JNI] nativeSendMessage: 5 -> -1
20:01:20.086 [Server Comm. System] DEBUG bftsmart.consensus.roles.Acceptor - I have 6, WRITE's for cId:0, Epoch timestamp:0,
[Acceptor 7] computeWrite: cId=0, writeAccepted=6, quorum=5
20:01:20.086 [Server Comm. System] DEBUG bftsmart.consensus.roles.Acceptor - Sending ACCEPT message, cId:0, I am:7
20:01:20.086 [Server Comm. System] DEBUG bftsmart.consensus.roles.Acceptor - Setting consensus 0 QuorumWrite tiemstamp to 0 and value [-21, 9, -51, -7, -127, 107, 124, -1, 109, 78, 34, 43, -92, -13, 35, 62, 23, 92, -26, 14, 25, -95, -86, -10, -116, -103, -32, -125, -94, 16, -128, -111]
20:01:20.086 [Server Comm. System] DEBUG bftsmart.consensus.roles.Acceptor - Speculative ACCEPT message for consensus 0 matches the written value, sending it to the other replicas
[Acceptor 7] ABOUT TO SEND speculative ACCEPT for cId=0 to targets=[0, 1, 2, 3, 4, 5, 6, 7]
=== [V2V Layer 7] SEND called ===
    Targets: [0, 1, 2, 3, 4, 5, 6, 7]
    Message type: ConsensusMessage
    Sender: 7
    -> Sending to replica 0 via V2V
    [Reliability 7] sendReliable() called
        Target: 0
        Message type: ConsensusMessage
        Sequence number: 1
        Payload size: 267 bytes
        [Reliability 7] Piggybacked 2 ACKs to replica 0
[JNI] Sending 870 bytes (5->-1)
[DEBUG V2VProxy 5] Queue has space - adding message
[JNI] Message queued successfully
V2VNativeBridge7: Sending message to -1 with length 872
[JNI] nativeSendMessage: 7 -> -1
        [Reliability 5] Sent seq=1 to replica 0[JNI] Sending 872 bytes (7->-1)
[DEBUG V2VProxy 7] Queue has space - adding message
[JNI] Message queued successfully

    -> Sending to replica 1 via V2V
    [Reliability 5] sendReliable() called
        [Reliability 7] Sent seq=1 to replica 0
    -> Sending to replica 1 via V2V
        Target: 1
        Message type: ConsensusMessage
        Sequence number: 1
    [Reliability 7] sendReliable() called
        Target: 1
        Message type: ConsensusMessage
        Sequence number: 1
        Payload size: 265 bytes
        Payload size: 267 bytes
V2VNativeBridge5: Sending message to -1 with length 778
[JNI] nativeSendMessage: 5 -> -1
[JNI] Sending 778 bytes (5->-1)
[DEBUG V2VProxy 5] Queue has space - adding message
[JNI] Message queued successfully
V2VNativeBridge7: Sending message to -1 with length 780
[JNI] nativeSendMessage: 7 -> -1
        [Reliability 5] Sent seq=1 to replica 1[JNI] Sending 780 bytes (7->-1)

[DEBUG V2VProxy 7] Queue has space - adding message
[JNI] Message queued successfully
    -> Sending to replica 2 via V2V
    [Reliability 5] sendReliable() called
        [Reliability 7] Sent seq=1 to replica 1
    -> Sending to replica 2 via V2V
    [Reliability 7] sendReliable() called
        Target: 2
        Message type: ConsensusMessage
        Sequence number: 1
        Payload size: 265 bytes
        Target: 2
        Message type: ConsensusMessage
        [Reliability 5] Piggybacked 1 ACKs to replica 2
        Sequence number: 1
V2VNativeBridge5: Sending message to -1 with length 856
[JNI] nativeSendMessage: 5 -> -1
[JNI] Sending 856 bytes (5->-1)
[DEBUG V2VProxy 5] Queue has space - adding message
[JNI] Message queued successfully
        [Reliability 5] Sent seq=1 to replica 2
        Payload size: 267 bytes
    -> Sending to replica 3 via V2V
    [Reliability 5] sendReliable() called
        [Reliability 7] Piggybacked 1 ACKs to replica 2
        Target: 3
        Message type: ConsensusMessage
        Sequence number: 1
        Payload size: 265 bytes
        [Reliability 5] Piggybacked 1 ACKs to replica 3
V2VNativeBridge7: Sending message to -1 with length 858
[JNI] nativeSendMessage: 7 -> -1
[JNI] Sending 858 bytes (7->-1)
[DEBUG V2VProxy 7] Queue has space - adding message
[JNI] Message queued successfully
        [Reliability 7] Sent seq=1 to replica 2
V2VNativeBridge5: Sending message to -1 with length 856
[JNI] nativeSendMessage: 5 -> -1
[JNI] Sending 856 bytes (5->-1)
[DEBUG V2VProxy 5] Queue has space - adding message
[JNI] Message queued successfully
    -> Sending to replica 3 via V2V
    [Reliability 7] sendReliable() called
        Target: 3
        Message type: ConsensusMessage
        Sequence number: 1
        [Reliability 5] Sent seq=1 to replica 3
    -> Sending to replica 4 via V2V
    [Reliability 5] sendReliable() called
        Target: 4
        Message type: ConsensusMessage
        Sequence number: 1
        Payload size: 267 bytes
        [Reliability 7] Piggybacked 1 ACKs to replica 3
        Payload size: 265 bytes
        [Reliability 5] Piggybacked 1 ACKs to replica 4
V2VNativeBridge7: Sending message to -1 with length 858
[JNI] nativeSendMessage: 7 -> -1
[JNI] Sending 858 bytes (7->-1)
[DEBUG V2VProxy 7] Queue has space - adding message
[JNI] Message queued successfully
        [Reliability 7] Sent seq=1 to replica 3
    -> Sending to replica 4 via V2V
    [Reliability 7] sendReliable() called
        Target: 4
        Message type: ConsensusMessage
        Sequence number: 1
V2VNativeBridge5: Sending message to -1 with length 856
[JNI] nativeSendMessage: 5 -> -1
[JNI] Sending 856 bytes (5->-1)
[DEBUG V2VProxy 5] Queue has space - adding message
[JNI] Message queued successfully
        Payload size: 267 bytes
        [Reliability 5] Sent seq=1 to replica 4
        [Reliability 7] Piggybacked 1 ACKs to replica 4
    -> Self-delivery to replica 5
=== [V2V Layer 5] DELIVER to BFT-SMaRt ===
    Message type: ConsensusMessage
    From replica: 5
V2VNativeBridge7: Sending message to -1 with length 858
[JNI] nativeSendMessage: 7 -> -1
[JNI] Sending 858 bytes (7->-1)
[DEBUG V2VProxy 7] Queue has space - adding message
[JNI] Message queued successfully
    InQueue size before: 0
        [Reliability 7] Sent seq=1 to replica 4
    -> Sending to replica 5 via V2V
    [Reliability 7] sendReliable() called
        Target: 5
        Message type: ConsensusMessage
        Sequence number: 1
    InQueue size after: 1
=== [V2V Layer 5] DELIVER successful ===
        Payload size: 267 bytes
    -> Sending to replica 6 via V2V
    [Reliability 5] sendReliable() called
        Target: 6
        Message type: ConsensusMessage
V2VNativeBridge7: Sending message to -1 with length 780
[JNI] nativeSendMessage: 7 -> -1
[JNI] Sending 780 bytes (7->-1)
[DEBUG V2VProxy 7] Queue has space - adding message
[JNI] Message queued successfully
        [Reliability 7] Sent seq=1 to replica 5
    -> Sending to replica 6 via V2V
        Sequence number: 1
    [Reliability 7] sendReliable() called
        Target: 6
        Message type: ConsensusMessage
        Sequence number: 1
        Payload size: 265 bytes
        [Reliability 5] Piggybacked 1 ACKs to replica 6
        Payload size: 267 bytes
        [Reliability 7] Piggybacked 1 ACKs to replica 6
V2VNativeBridge5: Sending message to -1 with length 856
[JNI] nativeSendMessage: 5 -> -1
[JNI] Sending 856 bytes (5->-1)
[DEBUG V2VProxy 5] Queue has space - adding message
[JNI] Message queued successfully
        [Reliability 5] Sent seq=1 to replica 6
    -> Sending to replica 7 via V2V
    [Reliability 5] sendReliable() called
        Target: 7
        Message type: ConsensusMessage
        Sequence number: 1
V2VNativeBridge7: Sending message to -1 with length 858
[JNI] nativeSendMessage: 7 -> -1
[JNI] Sending 858 bytes (7->-1)
[DEBUG V2VProxy 7] Queue has space - adding message
[JNI] Message queued successfully
        Payload size: 265 bytes
        [Reliability 7] Sent seq=1 to replica 6
    -> Self-delivery to replica 7
=== [V2V Layer 7] DELIVER to BFT-SMaRt ===
    Message type: ConsensusMessage
    From replica: 7
    InQueue size before: 0
V2VNativeBridge5: Sending message to -1 with length 778
[JNI] nativeSendMessage: 5 -> -1
[JNI] Sending 778 bytes (5->-1)
[DEBUG V2VProxy 5] Queue has space - adding message
    InQueue size after: 1[JNI] Message queued successfully

        [Reliability 5] Sent seq=1 to replica 7
=== [V2V Layer 5] SEND complete ===
[Acceptor 5] SENT speculative ACCEPT for cId=0
=== [V2V Layer 7] DELIVER successful ===
=== [V2V Layer 7] SEND complete ===
[Acceptor 7] SENT speculative ACCEPT for cId=0
20:01:20.088 [Server Comm. System] INFO bftsmart.communication.ServerCommunicationSystem - === Message processed ===
20:01:20.088 [Server Comm. System] INFO bftsmart.communication.ServerCommunicationSystem - === Message processed ===
20:01:20.088 [Server Comm. System] INFO bftsmart.communication.ServerCommunicationSystem - === ServerCommunicationSystem RECEIVED message ===
20:01:20.088 [Server Comm. System] INFO bftsmart.communication.ServerCommunicationSystem - === ServerCommunicationSystem RECEIVED message ===
20:01:20.088 [Server Comm. System] INFO bftsmart.communication.ServerCommunicationSystem -     Message type: ConsensusMessage
20:01:20.088 [Server Comm. System] INFO bftsmart.communication.ServerCommunicationSystem -     Message type: ConsensusMessage
20:01:20.088 [Server Comm. System] INFO bftsmart.communication.ServerCommunicationSystem -     From: 7
20:01:20.088 [Server Comm. System] INFO bftsmart.communication.ServerCommunicationSystem -     From: 5
20:01:20.088 [Server Comm. System] INFO bftsmart.communication.ServerCommunicationSystem -     Message count: 6
20:01:20.088 [Server Comm. System] INFO bftsmart.communication.ServerCommunicationSystem -     Message count: 6
20:01:20.088 [Server Comm. System] DEBUG bftsmart.communication.ServerCommunicationSystem - <-- receiving, msg:type=ACCEPT, number=0, epoch=0, from=5
20:01:20.088 [Server Comm. System] DEBUG bftsmart.communication.ServerCommunicationSystem - <-- receiving, msg:type=ACCEPT, number=0, epoch=0, from=7
20:01:20.088 [Server Comm. System] DEBUG bftsmart.tom.core.ExecutionManager - Received message  type=ACCEPT, number=0, epoch=0, from=7
20:01:20.089 [Server Comm. System] DEBUG bftsmart.tom.core.ExecutionManager - I'm at consensus 0 and my last consensus is -1
20:01:20.089 [Server Comm. System] DEBUG bftsmart.tom.core.ExecutionManager - Received message  type=ACCEPT, number=0, epoch=0, from=5
20:01:20.089 [Server Comm. System] DEBUG bftsmart.tom.core.ExecutionManager - I'm at consensus 0 and my last consensus is -1
20:01:20.089 [Server Comm. System] DEBUG bftsmart.tom.core.ExecutionManager - Message for consensus 0 can be processed
20:01:20.089 [Server Comm. System] DEBUG bftsmart.consensus.roles.Acceptor - Processing paxos msg with id 0
20:01:20.089 [Server Comm. System] DEBUG bftsmart.tom.core.ExecutionManager - Message for consensus 0 can be processed
20:01:20.089 [Server Comm. System] DEBUG bftsmart.consensus.roles.Acceptor - Processing paxos msg with id 0
20:01:20.089 [Server Comm. System] DEBUG bftsmart.consensus.roles.Acceptor - ACCEPT from 7 for consensus 0
20:01:20.089 [Server Comm. System] DEBUG bftsmart.consensus.roles.Acceptor - ACCEPT from 5 for consensus 0
20:01:20.089 [Server Comm. System] DEBUG bftsmart.consensus.roles.Acceptor - I have 1 ACCEPTs for cId:0, Timestamp:0 
20:01:20.089 [Server Comm. System] DEBUG bftsmart.consensus.roles.Acceptor - I have 1 ACCEPTs for cId:0, Timestamp:0 
20:01:20.089 [Server Comm. System] INFO bftsmart.communication.ServerCommunicationSystem - === Message processed ===
20:01:20.089 [Server Comm. System] INFO bftsmart.communication.ServerCommunicationSystem - === Message processed ===
[V2VProxy 0] *** RECEIVED V2V message #5 from=3 to=-1 (broadcast=YES) at t=3.380277641178
V2VNativeBridge0: Received message from 3 with length 685
[V2V Layer 0] Received message from replica 3 via JNI
    [Reliability 0] handleIncomingMessage() called
        Type: DATA
        From: 3
        SeqNum: 0
        Expected seq: 1
        -> DUPLICATE (seq < expected), ignoring
[V2VProxy 6] *** RECEIVED V2V message #13 from=3 to=-1 (broadcast=YES) at t=3.380277658776
V2VNativeBridge6: Received message from 3 with length 685
[V2V Layer 6] Received message from replica 3 via JNI
    [Reliability 6] handleIncomingMessage() called
        Type: DATA
        From: 3
        SeqNum: 0
        Expected seq: 1
        -> DUPLICATE (seq < expected), ignoring
[V2VProxy 4] *** RECEIVED V2V message #14 from=3 to=-1 (broadcast=YES) at t=3.380277659471
V2VNativeBridge4: Received message from 3 with length 685
[V2V Layer 4] Received message from replica 3 via JNI
    [Reliability 4] handleIncomingMessage() called
        Type: DATA
        From: 3
        SeqNum: 0
        Expected seq: 1
        -> DUPLICATE (seq < expected), ignoring
[V2VProxy 2] *** RECEIVED V2V message #14 from=3 to=-1 (broadcast=YES) at t=3.380277662303
V2VNativeBridge2: Received message from 3 with length 685
[V2V Layer 2] Received message from replica 3 via JNI
    [Reliability 2] handleIncomingMessage() called
        Type: DATA
        From: 3
        SeqNum: 0
        Expected seq: 1
        -> DUPLICATE (seq < expected), ignoring
[V2VProxy 5] *** RECEIVED V2V message #13 from=3 to=-1 (broadcast=YES) at t=3.380277679526
V2VNativeBridge5: Received message from 3 with length 685
[V2V Layer 5] Received message from replica 3 via JNI
    [Reliability 5] handleIncomingMessage() called
        Type: DATA
        From: 3
        SeqNum: 0
        Expected seq: 1
        -> DUPLICATE (seq < expected), ignoring
[V2VProxy 1] *** RECEIVED V2V message #13 from=3 to=-1 (broadcast=YES) at t=3.380277692855
V2VNativeBridge1: Received message from 3 with length 685
[V2V Layer 1] Received message from replica 3 via JNI
    [Reliability 1] handleIncomingMessage() called
        Type: DATA
        From: 3
        SeqNum: 0
        Expected seq: 1
        -> DUPLICATE (seq < expected), ignoring
[V2VProxy 7] *** RECEIVED V2V message #13 from=3 to=-1 (broadcast=YES) at t=3.380277701629
V2VNativeBridge7: Received message from 3 with length 685
[V2V Layer 7] Received message from replica 3 via JNI
    [Reliability 7] handleIncomingMessage() called
        Type: DATA
        From: 3
        SeqNum: 0
        Expected seq: 1
        -> DUPLICATE (seq < expected), ignoring
[V2VProxy 4] *** RECEIVED V2V message #15 from=2 to=-1 (broadcast=YES) at t=3.381616679709
V2VNativeBridge4: Received message from 2 with length 685
[V2V Layer 4] Received message from replica 2 via JNI
    [Reliability 4] handleIncomingMessage() called
        Type: DATA
        From: 2
        SeqNum: 0
        Expected seq: 1
        -> DUPLICATE (seq < expected), ignoring
[V2VProxy 1] *** SENDING V2V message #8 from=1 to=-1 size=872 bytes at t=3.4
[V2VProxy 1] *** SENDING V2V message #9 from=1 to=-1 size=858 bytes at t=3.4
[V2VProxy 1] *** SENDING V2V message #10 from=1 to=-1 size=858 bytes at t=3.4
[V2VProxy 1] *** SENDING V2V message #11 from=1 to=-1 size=858 bytes at t=3.4
[V2VProxy 1] *** SENDING V2V message #12 from=1 to=-1 size=780 bytes at t=3.4
[V2VProxy 1] *** SENDING V2V message #13 from=1 to=-1 size=858 bytes at t=3.4
[V2VProxy 1] *** SENDING V2V message #14 from=1 to=-1 size=780 bytes at t=3.4
[V2VProxy 2] *** SENDING V2V message #8 from=2 to=-1 size=872 bytes at t=3.4
[V2VProxy 2] *** SENDING V2V message #9 from=2 to=-1 size=858 bytes at t=3.4
[V2VProxy 2] *** SENDING V2V message #10 from=2 to=-1 size=858 bytes at t=3.4
[V2VProxy 2] *** SENDING V2V message #11 from=2 to=-1 size=858 bytes at t=3.4
[V2VProxy 2] *** SENDING V2V message #12 from=2 to=-1 size=780 bytes at t=3.4
[V2VProxy 2] *** SENDING V2V message #13 from=2 to=-1 size=858 bytes at t=3.4
[V2VProxy 2] *** SENDING V2V message #14 from=2 to=-1 size=780 bytes at t=3.4
[V2VProxy 5] *** SENDING V2V message #8 from=5 to=-1 size=870 bytes at t=3.4
[V2VProxy 5] *** SENDING V2V message #9 from=5 to=-1 size=778 bytes at t=3.4
[V2VProxy 5] *** SENDING V2V message #10 from=5 to=-1 size=856 bytes at t=3.4
[V2VProxy 5] *** SENDING V2V message #11 from=5 to=-1 size=856 bytes at t=3.4
[V2VProxy 5] *** SENDING V2V message #12 from=5 to=-1 size=856 bytes at t=3.4
[V2VProxy 5] *** SENDING V2V message #13 from=5 to=-1 size=856 bytes at t=3.4
[V2VProxy 5] *** SENDING V2V message #14 from=5 to=-1 size=778 bytes at t=3.4
[V2VProxy 7] *** SENDING V2V message #8 from=7 to=-1 size=872 bytes at t=3.4
[V2VProxy 7] *** SENDING V2V message #9 from=7 to=-1 size=780 bytes at t=3.4
[V2VProxy 7] *** SENDING V2V message #10 from=7 to=-1 size=858 bytes at t=3.4
[V2VProxy 7] *** SENDING V2V message #11 from=7 to=-1 size=858 bytes at t=3.4
[V2VProxy 7] *** SENDING V2V message #12 from=7 to=-1 size=858 bytes at t=3.4
[V2VProxy 7] *** SENDING V2V message #13 from=7 to=-1 size=780 bytes at t=3.4
[V2VProxy 7] *** SENDING V2V message #14 from=7 to=-1 size=858 bytes at t=3.4
[V2VProxy 4] *** RECEIVED V2V message #16 from=2 to=-1 (broadcast=YES) at t=3.402948745899
V2VNativeBridge4: Received message from 2 with length 780
[V2V Layer 4] Received message from replica 2 via JNI
    [Reliability 4] handleIncomingMessage() called
        Type: DATA
        From: 2
        SeqNum: 1
        Expected seq: 1
        -> IN ORDER, delivering immediately
    [Reliability 4] deliverMessage() - deserializing payload
        Deserialized: ConsensusMessage
        DEBUG: envelope.fromReplicaId=2, message.getSender()=2
=== [V2V Layer 4] DELIVER to BFT-SMaRt ===
    Message type: ConsensusMessage
    From replica: 2
    InQueue size before: 0
    InQueue size after: 1
=== [V2V Layer 4] DELIVER successful ===
20:01:20.154 [Server Comm. System] INFO bftsmart.communication.ServerCommunicationSystem - === ServerCommunicationSystem RECEIVED message ===
[V2VProxy 1] *** RECEIVED V2V message #14 from=2 to=-1 (broadcast=YES) at t=3.402948764131
V2VNativeBridge1: Received message from 2 with length 780
[V2V Layer 1] Received message from replica 2 via JNI
20:01:20.154 [Server Comm. System] INFO bftsmart.communication.ServerCommunicationSystem -     Message type: ConsensusMessage
20:01:20.154 [Server Comm. System] INFO bftsmart.communication.ServerCommunicationSystem -     From: 2
20:01:20.154 [Server Comm. System] INFO bftsmart.communication.ServerCommunicationSystem -     Message count: 5
20:01:20.154 [Server Comm. System] DEBUG bftsmart.communication.ServerCommunicationSystem - <-- receiving, msg:type=ACCEPT, number=0, epoch=0, from=2
20:01:20.154 [Server Comm. System] DEBUG bftsmart.tom.core.ExecutionManager - Received message  type=ACCEPT, number=0, epoch=0, from=2
20:01:20.154 [Server Comm. System] DEBUG bftsmart.tom.core.ExecutionManager - I'm at consensus 0 and my last consensus is -1
    [Reliability 1] handleIncomingMessage() called
        Type: DATA
20:01:20.154 [Server Comm. System] DEBUG bftsmart.tom.core.ExecutionManager - Message for consensus 0 can be processed
        From: 2
20:01:20.154 [Server Comm. System] DEBUG bftsmart.consensus.roles.Acceptor - Processing paxos msg with id 0
        SeqNum: 1
        Expected seq: 1
20:01:20.154 [Server Comm. System] DEBUG bftsmart.consensus.roles.Acceptor - ACCEPT from 2 for consensus 0
        -> IN ORDER, delivering immediately
    [Reliability 1] deliverMessage() - deserializing payload
20:01:20.154 [Server Comm. System] DEBUG bftsmart.consensus.roles.Acceptor - I have 1 ACCEPTs for cId:0, Timestamp:0 
20:01:20.154 [Server Comm. System] INFO bftsmart.communication.ServerCommunicationSystem - === Message processed ===
        Deserialized: ConsensusMessage
        DEBUG: envelope.fromReplicaId=2, message.getSender()=2
=== [V2V Layer 1] DELIVER to BFT-SMaRt ===
    Message type: ConsensusMessage
    From replica: 2
    InQueue size before: 0
    InQueue size after: 1
=== [V2V Layer 1] DELIVER successful ===
20:01:20.154 [Server Comm. System] INFO bftsmart.communication.ServerCommunicationSystem - === ServerCommunicationSystem RECEIVED message ===
[V2VProxy 0] *** RECEIVED V2V message #6 from=2 to=-1 (broadcast=YES) at t=3.402948771477
[V2VProxy 0] Delivering message #101 from replica 2 to Java (780 bytes)
V2VNativeBridge0: Received message from 2 with length 780
[V2V Layer 0] Received message from replica 2 via JNI
20:01:20.154 [Server Comm. System] INFO bftsmart.communication.ServerCommunicationSystem -     Message type: ConsensusMessage
20:01:20.155 [Server Comm. System] INFO bftsmart.communication.ServerCommunicationSystem -     From: 2
    [Reliability 0] handleIncomingMessage() called
        Type: DATA
        From: 2
        SeqNum: 1
        Expected seq: 1
        -> IN ORDER, delivering immediately
    [Reliability 0] deliverMessage() - deserializing payload
20:01:20.155 [Server Comm. System] INFO bftsmart.communication.ServerCommunicationSystem -     Message count: 7
20:01:20.155 [Server Comm. System] DEBUG bftsmart.communication.ServerCommunicationSystem - <-- receiving, msg:type=ACCEPT, number=0, epoch=0, from=2
        Deserialized: ConsensusMessage
        DEBUG: envelope.fromReplicaId=2, message.getSender()=2
20:01:20.155 [Server Comm. System] DEBUG bftsmart.tom.core.ExecutionManager - Received message  type=ACCEPT, number=0, epoch=0, from=2
=== [V2V Layer 0] DELIVER to BFT-SMaRt ===
    Message type: ConsensusMessage
    From replica: 2
    InQueue size before: 0
20:01:20.155 [Server Comm. System] DEBUG bftsmart.tom.core.ExecutionManager - I'm at consensus 0 and my last consensus is -1
    InQueue size after: 1
=== [V2V Layer 0] DELIVER successful ===
20:01:20.155 [Server Comm. System] DEBUG bftsmart.tom.core.ExecutionManager - Message for consensus 0 can be processed
20:01:20.155 [Server Comm. System] INFO bftsmart.communication.ServerCommunicationSystem - === ServerCommunicationSystem RECEIVED message ===
20:01:20.155 [Server Comm. System] DEBUG bftsmart.consensus.roles.Acceptor - Processing paxos msg with id 0
20:01:20.155 [Server Comm. System] INFO bftsmart.communication.ServerCommunicationSystem -     Message type: ConsensusMessage
20:01:20.155 [Server Comm. System] INFO bftsmart.communication.ServerCommunicationSystem -     From: 2
20:01:20.155 [Server Comm. System] DEBUG bftsmart.consensus.roles.Acceptor - ACCEPT from 2 for consensus 0
20:01:20.155 [Server Comm. System] INFO bftsmart.communication.ServerCommunicationSystem -     Message count: 5
20:01:20.155 [Server Comm. System] DEBUG bftsmart.communication.ServerCommunicationSystem - <-- receiving, msg:type=ACCEPT, number=0, epoch=0, from=2
20:01:20.155 [Server Comm. System] DEBUG bftsmart.tom.core.ExecutionManager - Received message  type=ACCEPT, number=0, epoch=0, from=2
20:01:20.155 [Server Comm. System] DEBUG bftsmart.tom.core.ExecutionManager - I'm at consensus 0 and my last consensus is -1
20:01:20.155 [Server Comm. System] DEBUG bftsmart.tom.core.ExecutionManager - Message for consensus 0 can be processed
20:01:20.155 [Server Comm. System] DEBUG bftsmart.consensus.roles.Acceptor - Processing paxos msg with id 0
20:01:20.155 [Server Comm. System] DEBUG bftsmart.consensus.roles.Acceptor - I have 2 ACCEPTs for cId:0, Timestamp:0 
20:01:20.155 [Server Comm. System] DEBUG bftsmart.consensus.roles.Acceptor - ACCEPT from 2 for consensus 0
20:01:20.155 [Server Comm. System] INFO bftsmart.communication.ServerCommunicationSystem - === Message processed ===
20:01:20.155 [Server Comm. System] DEBUG bftsmart.consensus.roles.Acceptor - I have 1 ACCEPTs for cId:0, Timestamp:0 
20:01:20.155 [Server Comm. System] INFO bftsmart.communication.ServerCommunicationSystem - === Message processed ===
[V2VProxy 3] *** RECEIVED V2V message #13 from=2 to=-1 (broadcast=YES) at t=3.402948775249
V2VNativeBridge3: Received message from 2 with length 780
[V2V Layer 3] Received message from replica 2 via JNI
    [Reliability 3] handleIncomingMessage() called
        Type: DATA
        From: 2
        SeqNum: 1
        Expected seq: 1
        -> IN ORDER, delivering immediately
    [Reliability 3] deliverMessage() - deserializing payload
        Deserialized: ConsensusMessage
        DEBUG: envelope.fromReplicaId=2, message.getSender()=2
=== [V2V Layer 3] DELIVER to BFT-SMaRt ===
    Message type: ConsensusMessage
    From replica: 2
    InQueue size before: 0
    InQueue size after: 1
=== [V2V Layer 3] DELIVER successful ===
20:01:20.155 [Server Comm. System] INFO bftsmart.communication.ServerCommunicationSystem - === ServerCommunicationSystem RECEIVED message ===
[V2VProxy 6] *** RECEIVED V2V message #14 from=2 to=-1 (broadcast=YES) at t=3.402948777714
V2VNativeBridge6: Received message from 2 with length 780
[V2V Layer 6] Received message from replica 2 via JNI
20:01:20.156 [Server Comm. System] INFO bftsmart.communication.ServerCommunicationSystem -     Message type: ConsensusMessage
20:01:20.156 [Server Comm. System] INFO bftsmart.communication.ServerCommunicationSystem -     From: 2
20:01:20.156 [Server Comm. System] INFO bftsmart.communication.ServerCommunicationSystem -     Message count: 5
    [Reliability 6] handleIncomingMessage() called
        Type: DATA
        From: 2
        SeqNum: 1
20:01:20.156 [Server Comm. System] DEBUG bftsmart.communication.ServerCommunicationSystem - <-- receiving, msg:type=ACCEPT, number=0, epoch=0, from=2
        Expected seq: 1
        -> IN ORDER, delivering immediately
    [Reliability 6] deliverMessage() - deserializing payload
20:01:20.156 [Server Comm. System] DEBUG bftsmart.tom.core.ExecutionManager - Received message  type=ACCEPT, number=0, epoch=0, from=2
20:01:20.156 [Server Comm. System] DEBUG bftsmart.tom.core.ExecutionManager - I'm at consensus 0 and my last consensus is -1
20:01:20.156 [Server Comm. System] DEBUG bftsmart.tom.core.ExecutionManager - Message for consensus 0 can be processed
20:01:20.156 [Server Comm. System] DEBUG bftsmart.consensus.roles.Acceptor - Processing paxos msg with id 0
        Deserialized: ConsensusMessage
        DEBUG: envelope.fromReplicaId=2, message.getSender()=2
=== [V2V Layer 6] DELIVER to BFT-SMaRt ===
    Message type: ConsensusMessage
    From replica: 2
    InQueue size before: 0
20:01:20.156 [Server Comm. System] DEBUG bftsmart.consensus.roles.Acceptor - ACCEPT from 2 for consensus 0
    InQueue size after: 1
=== [V2V Layer 6] DELIVER successful ===
20:01:20.156 [Server Comm. System] DEBUG bftsmart.consensus.roles.Acceptor - I have 1 ACCEPTs for cId:0, Timestamp:0 
20:01:20.156 [Server Comm. System] INFO bftsmart.communication.ServerCommunicationSystem - === ServerCommunicationSystem RECEIVED message ===
20:01:20.156 [Server Comm. System] INFO bftsmart.communication.ServerCommunicationSystem - === Message processed ===
[V2VProxy 5] *** RECEIVED V2V message #14 from=2 to=-1 (broadcast=YES) at t=3.402948778162
V2VNativeBridge5: Received message from 2 with length 780
[V2V Layer 5] Received message from replica 2 via JNI
20:01:20.156 [Server Comm. System] INFO bftsmart.communication.ServerCommunicationSystem -     Message type: ConsensusMessage
20:01:20.156 [Server Comm. System] INFO bftsmart.communication.ServerCommunicationSystem -     From: 2
20:01:20.156 [Server Comm. System] INFO bftsmart.communication.ServerCommunicationSystem -     Message count: 5
20:01:20.156 [Server Comm. System] DEBUG bftsmart.communication.ServerCommunicationSystem - <-- receiving, msg:type=ACCEPT, number=0, epoch=0, from=2
20:01:20.156 [Server Comm. System] DEBUG bftsmart.tom.core.ExecutionManager - Received message  type=ACCEPT, number=0, epoch=0, from=2
    [Reliability 5] handleIncomingMessage() called
        Type: DATA
        From: 2
20:01:20.156 [Server Comm. System] DEBUG bftsmart.tom.core.ExecutionManager - I'm at consensus 0 and my last consensus is -1
        SeqNum: 1
        Expected seq: 1
        -> IN ORDER, delivering immediately
    [Reliability 5] deliverMessage() - deserializing payload
20:01:20.156 [Server Comm. System] DEBUG bftsmart.tom.core.ExecutionManager - Message for consensus 0 can be processed
20:01:20.156 [Server Comm. System] DEBUG bftsmart.consensus.roles.Acceptor - Processing paxos msg with id 0
20:01:20.156 [Server Comm. System] DEBUG bftsmart.consensus.roles.Acceptor - ACCEPT from 2 for consensus 0
        Deserialized: ConsensusMessage
20:01:20.156 [Server Comm. System] DEBUG bftsmart.consensus.roles.Acceptor - I have 1 ACCEPTs for cId:0, Timestamp:0 
        DEBUG: envelope.fromReplicaId=2, message.getSender()=2
=== [V2V Layer 5] DELIVER to BFT-SMaRt ===
    Message type: ConsensusMessage
    From replica: 2
    InQueue size before: 0
20:01:20.156 [Server Comm. System] INFO bftsmart.communication.ServerCommunicationSystem - === Message processed ===
    InQueue size after: 1
=== [V2V Layer 5] DELIVER successful ===
20:01:20.156 [Server Comm. System] INFO bftsmart.communication.ServerCommunicationSystem - === ServerCommunicationSystem RECEIVED message ===
20:01:20.156 [Server Comm. System] INFO bftsmart.communication.ServerCommunicationSystem -     Message type: ConsensusMessage
20:01:20.156 [Server Comm. System] INFO bftsmart.communication.ServerCommunicationSystem -     From: 2
20:01:20.156 [Server Comm. System] INFO bftsmart.communication.ServerCommunicationSystem -     Message count: 7
20:01:20.156 [Server Comm. System] DEBUG bftsmart.communication.ServerCommunicationSystem - <-- receiving, msg:type=ACCEPT, number=0, epoch=0, from=2
20:01:20.156 [Server Comm. System] DEBUG bftsmart.tom.core.ExecutionManager - Received message  type=ACCEPT, number=0, epoch=0, from=2
20:01:20.156 [Server Comm. System] DEBUG bftsmart.tom.core.ExecutionManager - I'm at consensus 0 and my last consensus is -1
20:01:20.156 [Server Comm. System] DEBUG bftsmart.tom.core.ExecutionManager - Message for consensus 0 can be processed
20:01:20.156 [Server Comm. System] DEBUG bftsmart.consensus.roles.Acceptor - Processing paxos msg with id 0
20:01:20.156 [Server Comm. System] DEBUG bftsmart.consensus.roles.Acceptor - ACCEPT from 2 for consensus 0
[V2VProxy 7] *** RECEIVED V2V message #14 from=2 to=-1 (broadcast=YES) at t=3.402948817735
20:01:20.156 [Server Comm. System] DEBUG bftsmart.consensus.roles.Acceptor - I have 2 ACCEPTs for cId:0, Timestamp:0 
20:01:20.156 [Server Comm. System] INFO bftsmart.communication.ServerCommunicationSystem - === Message processed ===
V2VNativeBridge7: Received message from 2 with length 780
[V2V Layer 7] Received message from replica 2 via JNI
    [Reliability 7] handleIncomingMessage() called
        Type: DATA
        From: 2
        SeqNum: 1
        Expected seq: 1
        -> IN ORDER, delivering immediately
    [Reliability 7] deliverMessage() - deserializing payload
        Deserialized: ConsensusMessage
        DEBUG: envelope.fromReplicaId=2, message.getSender()=2
=== [V2V Layer 7] DELIVER to BFT-SMaRt ===
    Message type: ConsensusMessage
    From replica: 2
    InQueue size before: 0
    InQueue size after: 1
=== [V2V Layer 7] DELIVER successful ===
20:01:20.157 [Server Comm. System] INFO bftsmart.communication.ServerCommunicationSystem - === ServerCommunicationSystem RECEIVED message ===
20:01:20.157 [Server Comm. System] INFO bftsmart.communication.ServerCommunicationSystem -     Message type: ConsensusMessage
20:01:20.157 [Server Comm. System] INFO bftsmart.communication.ServerCommunicationSystem -     From: 2
20:01:20.157 [Server Comm. System] INFO bftsmart.communication.ServerCommunicationSystem -     Message count: 7
20:01:20.157 [Server Comm. System] DEBUG bftsmart.communication.ServerCommunicationSystem - <-- receiving, msg:type=ACCEPT, number=0, epoch=0, from=2
20:01:20.157 [Server Comm. System] DEBUG bftsmart.tom.core.ExecutionManager - Received message  type=ACCEPT, number=0, epoch=0, from=2
20:01:20.157 [Server Comm. System] DEBUG bftsmart.tom.core.ExecutionManager - I'm at consensus 0 and my last consensus is -1
20:01:20.157 [Server Comm. System] DEBUG bftsmart.tom.core.ExecutionManager - Message for consensus 0 can be processed
20:01:20.157 [Server Comm. System] DEBUG bftsmart.consensus.roles.Acceptor - Processing paxos msg with id 0
20:01:20.157 [Server Comm. System] DEBUG bftsmart.consensus.roles.Acceptor - ACCEPT from 2 for consensus 0
20:01:20.157 [Server Comm. System] DEBUG bftsmart.consensus.roles.Acceptor - I have 2 ACCEPTs for cId:0, Timestamp:0 
20:01:20.157 [Server Comm. System] INFO bftsmart.communication.ServerCommunicationSystem - === Message processed ===
[V2VProxy 4] *** RECEIVED V2V message #17 from=2 to=-1 (broadcast=YES) at t=3.404630745899
V2VNativeBridge4: Received message from 2 with length 858
[V2V Layer 4] Received message from replica 2 via JNI
    [Reliability 4] handleIncomingMessage() called
        Type: DATA
        From: 2
        SeqNum: 1
        Expected seq: 2
        -> DUPLICATE (seq < expected), ignoring
[V2VProxy 1] *** RECEIVED V2V message #15 from=2 to=-1 (broadcast=YES) at t=3.404630764131
V2VNativeBridge1: Received message from 2 with length 858
[V2V Layer 1] Received message from replica 2 via JNI
    [Reliability 1] handleIncomingMessage() called
        Type: DATA
        From: 2
        SeqNum: 1
        Expected seq: 2
        -> DUPLICATE (seq < expected), ignoring
[V2VProxy 0] *** RECEIVED V2V message #7 from=2 to=-1 (broadcast=YES) at t=3.404630771477
V2VNativeBridge0: Received message from 2 with length 858
[V2V Layer 0] Received message from replica 2 via JNI
    [Reliability 0] handleIncomingMessage() called
        Type: DATA
        From: 2
        SeqNum: 1
        Expected seq: 2
        -> DUPLICATE (seq < expected), ignoring
[V2VProxy 3] *** RECEIVED V2V message #14 from=2 to=-1 (broadcast=YES) at t=3.404630775249
V2VNativeBridge3: Received message from 2 with length 858
[V2V Layer 3] Received message from replica 2 via JNI
    [Reliability 3] handleIncomingMessage() called
        Type: DATA
        From: 2
        SeqNum: 1
        Expected seq: 2
        -> DUPLICATE (seq < expected), ignoring
[V2VProxy 6] *** RECEIVED V2V message #15 from=2 to=-1 (broadcast=YES) at t=3.404630777714
V2VNativeBridge6: Received message from 2 with length 858
[V2V Layer 6] Received message from replica 2 via JNI
    [Reliability 6] handleIncomingMessage() called
        Type: DATA
        From: 2
        SeqNum: 1
        Expected seq: 2
        -> DUPLICATE (seq < expected), ignoring
[V2VProxy 5] *** RECEIVED V2V message #15 from=2 to=-1 (broadcast=YES) at t=3.404630778162
V2VNativeBridge5: Received message from 2 with length 858
[V2V Layer 5] Received message from replica 2 via JNI
    [Reliability 5] handleIncomingMessage() called
        Type: DATA
        From: 2
        SeqNum: 1
        Expected seq: 2
        -> DUPLICATE (seq < expected), ignoring
[V2VProxy 7] *** RECEIVED V2V message #15 from=2 to=-1 (broadcast=YES) at t=3.404630817735
V2VNativeBridge7: Received message from 2 with length 858
[V2V Layer 7] Received message from replica 2 via JNI
    [Reliability 7] handleIncomingMessage() called
        Type: DATA
        From: 2
        SeqNum: 1
        Expected seq: 2
        -> DUPLICATE (seq < expected), ignoring
[V2VProxy 4] *** RECEIVED V2V message #18 from=5 to=-1 (broadcast=YES) at t=3.406273811125
V2VNativeBridge4: Received message from 5 with length 856
[V2V Layer 4] Received message from replica 5 via JNI
    [Reliability 4] handleIncomingMessage() called
        Type: DATA
        From: 5
        SeqNum: 1
        Expected seq: 0
        -> OUT OF ORDER (seq=1, expected=0), buffering
[V2VProxy 2] *** RECEIVED V2V message #15 from=5 to=-1 (broadcast=YES) at t=3.406273827831
V2VNativeBridge2: Received message from 5 with length 856
[V2V Layer 2] Received message from replica 5 via JNI
    [Reliability 2] handleIncomingMessage() called
        Type: DATA
        From: 5
        SeqNum: 1
        Expected seq: 0
        -> OUT OF ORDER (seq=1, expected=0), buffering
[V2VProxy 3] *** RECEIVED V2V message #15 from=5 to=-1 (broadcast=YES) at t=3.406273842141
V2VNativeBridge3: Received message from 5 with length 856
[V2V Layer 3] Received message from replica 5 via JNI
    [Reliability 3] handleIncomingMessage() called
        Type: DATA
        From: 5
        SeqNum: 1
        Expected seq: 0
        -> OUT OF ORDER (seq=1, expected=0), buffering
[V2VProxy 0] *** RECEIVED V2V message #8 from=5 to=-1 (broadcast=YES) at t=3.406273856785
V2VNativeBridge0: Received message from 5 with length 856
[V2V Layer 0] Received message from replica 5 via JNI
    [Reliability 0] handleIncomingMessage() called
        Type: DATA
        From: 5
        SeqNum: 1
        Expected seq: 0
        -> OUT OF ORDER (seq=1, expected=0), buffering
[V2VProxy 1] *** RECEIVED V2V message #16 from=5 to=-1 (broadcast=YES) at t=3.406273857906
V2VNativeBridge1: Received message from 5 with length 856
[V2V Layer 1] Received message from replica 5 via JNI
    [Reliability 1] handleIncomingMessage() called
        Type: DATA
        From: 5
        SeqNum: 1
        Expected seq: 0
        -> OUT OF ORDER (seq=1, expected=0), buffering
[V2VProxy 6] *** RECEIVED V2V message #16 from=5 to=-1 (broadcast=YES) at t=3.406273870026
V2VNativeBridge6: Received message from 5 with length 856
[V2V Layer 6] Received message from replica 5 via JNI
    [Reliability 6] handleIncomingMessage() called
        Type: DATA
        From: 5
        SeqNum: 1
        Expected seq: 0
        -> OUT OF ORDER (seq=1, expected=0), buffering
[V2VProxy 7] *** RECEIVED V2V message #16 from=5 to=-1 (broadcast=YES) at t=3.406273913782
V2VNativeBridge7: Received message from 5 with length 856
[V2V Layer 7] Received message from replica 5 via JNI
    [Reliability 7] handleIncomingMessage() called
        Type: DATA
        From: 5
        SeqNum: 1
        Expected seq: 0
        -> OUT OF ORDER (seq=1, expected=0), buffering
[V2VProxy 4] *** RECEIVED V2V message #19 from=2 to=-1 (broadcast=YES) at t=3.407780845237
V2VNativeBridge4: Received message from 2 with length 780
[V2V Layer 4] Received message from replica 2 via JNI
    [Reliability 4] handleIncomingMessage() called
        Type: DATA
        From: 2
        SeqNum: 1
        Expected seq: 2
        -> DUPLICATE (seq < expected), ignoring
[V2VProxy 1] *** RECEIVED V2V message #17 from=2 to=-1 (broadcast=YES) at t=3.407780863469
V2VNativeBridge1: Received message from 2 with length 780
[V2V Layer 1] Received message from replica 2 via JNI
    [Reliability 1] handleIncomingMessage() called
        Type: DATA
        From: 2
        SeqNum: 1
        Expected seq: 2
        -> DUPLICATE (seq < expected), ignoring
[V2VProxy 0] *** RECEIVED V2V message #9 from=2 to=-1 (broadcast=YES) at t=3.407780870815
V2VNativeBridge0: Received message from 2 with length 780
[V2V Layer 0] Received message from replica 2 via JNI
    [Reliability 0] handleIncomingMessage() called
        Type: DATA
        From: 2
        SeqNum: 1
        Expected seq: 2
        -> DUPLICATE (seq < expected), ignoring
[V2VProxy 3] *** RECEIVED V2V message #16 from=2 to=-1 (broadcast=YES) at t=3.407780874587
V2VNativeBridge3: Received message from 2 with length 780
[V2V Layer 3] Received message from replica 2 via JNI
    [Reliability 3] handleIncomingMessage() called
        Type: DATA
        From: 2
        SeqNum: 1
        Expected seq: 2
        -> DUPLICATE (seq < expected), ignoring
[V2VProxy 6] *** RECEIVED V2V message #17 from=2 to=-1 (broadcast=YES) at t=3.407780877052
V2VNativeBridge6: Received message from 2 with length 780
[V2V Layer 6] Received message from replica 2 via JNI
    [Reliability 6] handleIncomingMessage() called
        Type: DATA
        From: 2
        SeqNum: 1
        Expected seq: 2
        -> DUPLICATE (seq < expected), ignoring
[V2VProxy 5] *** RECEIVED V2V message #16 from=2 to=-1 (broadcast=YES) at t=3.4077808775
V2VNativeBridge5: Received message from 2 with length 780
[V2V Layer 5] Received message from replica 2 via JNI
    [Reliability 5] handleIncomingMessage() called
        Type: DATA
        From: 2
        SeqNum: 1
        Expected seq: 2
        -> DUPLICATE (seq < expected), ignoring
[V2VProxy 7] *** RECEIVED V2V message #17 from=2 to=-1 (broadcast=YES) at t=3.407780917073
V2VNativeBridge7: Received message from 2 with length 780
[V2V Layer 7] Received message from replica 2 via JNI
    [Reliability 7] handleIncomingMessage() called
        Type: DATA
        From: 2
        SeqNum: 1
        Expected seq: 2
        -> DUPLICATE (seq < expected), ignoring
[V2VProxy 4] *** RECEIVED V2V message #20 from=2 to=-1 (broadcast=YES) at t=3.409423845237
V2VNativeBridge4: Received message from 2 with length 858
[V2V Layer 4] Received message from replica 2 via JNI
    [Reliability 4] handleIncomingMessage() called
        Type: DATA
        From: 2
        SeqNum: 1
        Expected seq: 2
        -> DUPLICATE (seq < expected), ignoring
[V2VProxy 6] *** RECEIVED V2V message #18 from=7 to=-1 (broadcast=YES) at t=3.411066961818
V2VNativeBridge6: Received message from 7 with length 858
[V2V Layer 6] Received message from replica 7 via JNI
    [Reliability 6] handleIncomingMessage() called
        Type: DATA
        From: 7
        SeqNum: 1
        Expected seq: 0
        -> OUT OF ORDER (seq=1, expected=0), buffering
[V2VProxy 0] *** RECEIVED V2V message #10 from=7 to=-1 (broadcast=YES) at t=3.41106697843
V2VNativeBridge0: Received message from 7 with length 858
[V2V Layer 0] Received message from replica 7 via JNI
    [Reliability 0] handleIncomingMessage() called
        Type: DATA
        From: 7
        SeqNum: 1
        Expected seq: 0
        -> OUT OF ORDER (seq=1, expected=0), buffering
[V2VProxy 1] *** RECEIVED V2V message #18 from=7 to=-1 (broadcast=YES) at t=3.411067000036
V2VNativeBridge1: Received message from 7 with length 858
[V2V Layer 1] Received message from replica 7 via JNI
    [Reliability 1] handleIncomingMessage() called
        Type: DATA
        From: 7
        SeqNum: 1
        Expected seq: 0
        -> OUT OF ORDER (seq=1, expected=0), buffering
[V2VProxy 3] *** RECEIVED V2V message #17 from=7 to=-1 (broadcast=YES) at t=3.411067003155
V2VNativeBridge3: Received message from 7 with length 858
[V2V Layer 3] Received message from replica 7 via JNI
    [Reliability 3] handleIncomingMessage() called
        Type: DATA
        From: 7
        SeqNum: 1
        Expected seq: 0
        -> OUT OF ORDER (seq=1, expected=0), buffering
[V2VProxy 2] *** RECEIVED V2V message #16 from=7 to=-1 (broadcast=YES) at t=3.411067006315
V2VNativeBridge2: Received message from 7 with length 858
[V2V Layer 2] Received message from replica 7 via JNI
    [Reliability 2] handleIncomingMessage() called
        Type: DATA
        From: 7
        SeqNum: 1
        Expected seq: 0
        -> OUT OF ORDER (seq=1, expected=0), buffering
V2VNativeBridge4: Received message from 7 with length 858
[V2V Layer 4] Received message from replica 7 via JNI
    [Reliability 4] handleIncomingMessage() called
        Type: DATA
        From: 7
        SeqNum: 1
        Expected seq: 0
        -> OUT OF ORDER (seq=1, expected=0), buffering
[V2VProxy 5] *** RECEIVED V2V message #17 from=7 to=-1 (broadcast=YES) at t=3.411067052693
V2VNativeBridge5: Received message from 7 with length 858
[V2V Layer 5] Received message from replica 7 via JNI
    [Reliability 5] handleIncomingMessage() called
        Type: DATA
        From: 7
        SeqNum: 1
        Expected seq: 0
        -> OUT OF ORDER (seq=1, expected=0), buffering
[V2VProxy 1] *** RECEIVED V2V message #19 from=2 to=-1 (broadcast=YES) at t=3.412710041953
V2VNativeBridge1: Received message from 2 with length 858
[V2V Layer 1] Received message from replica 2 via JNI
    [Reliability 1] handleIncomingMessage() called
        Type: DATA
        From: 2
        SeqNum: 1
        Expected seq: 2
        -> DUPLICATE (seq < expected), ignoring
[V2VProxy 6] *** RECEIVED V2V message #19 from=7 to=-1 (broadcast=YES) at t=3.417503302062
V2VNativeBridge6: Received message from 7 with length 780
[V2V Layer 6] Received message from replica 7 via JNI
    [Reliability 6] handleIncomingMessage() called
        Type: DATA
        From: 7
        SeqNum: 1
        Expected seq: 0
        -> OUT OF ORDER (seq=1, expected=0), buffering
[V2VProxy 0] *** RECEIVED V2V message #11 from=7 to=-1 (broadcast=YES) at t=3.417503318674
V2VNativeBridge0: Received message from 7 with length 780
[V2V Layer 0] Received message from replica 7 via JNI
    [Reliability 0] handleIncomingMessage() called
        Type: DATA
        From: 7
        SeqNum: 1
        Expected seq: 0
        -> OUT OF ORDER (seq=1, expected=0), buffering
[V2VProxy 1] *** RECEIVED V2V message #20 from=7 to=-1 (broadcast=YES) at t=3.41750334028
V2VNativeBridge1: Received message from 7 with length 780
[V2V Layer 1] Received message from replica 7 via JNI
    [Reliability 1] handleIncomingMessage() called
        Type: DATA
        From: 7
        SeqNum: 1
        Expected seq: 0
        -> OUT OF ORDER (seq=1, expected=0), buffering
[V2VProxy 3] *** RECEIVED V2V message #18 from=7 to=-1 (broadcast=YES) at t=3.417503343399
V2VNativeBridge3: Received message from 7 with length 780
[V2V Layer 3] Received message from replica 7 via JNI
    [Reliability 3] handleIncomingMessage() called
        Type: DATA
        From: 7
        SeqNum: 1
        Expected seq: 0
        -> OUT OF ORDER (seq=1, expected=0), buffering
[V2VProxy 2] *** RECEIVED V2V message #17 from=7 to=-1 (broadcast=YES) at t=3.417503346559
V2VNativeBridge2: Received message from 7 with length 780
[V2V Layer 2] Received message from replica 7 via JNI
    [Reliability 2] handleIncomingMessage() called
        Type: DATA
        From: 7
        SeqNum: 1
        Expected seq: 0
        -> OUT OF ORDER (seq=1, expected=0), buffering
V2VNativeBridge4: Received message from 7 with length 780
[V2V Layer 4] Received message from replica 7 via JNI
    [Reliability 4] handleIncomingMessage() called
        Type: DATA
        From: 7
        SeqNum: 1
        Expected seq: 0
        -> OUT OF ORDER (seq=1, expected=0), buffering
[V2VProxy 5] *** RECEIVED V2V message #18 from=7 to=-1 (broadcast=YES) at t=3.417503392937
V2VNativeBridge5: Received message from 7 with length 780
[V2V Layer 5] Received message from replica 7 via JNI
    [Reliability 5] handleIncomingMessage() called
        Type: DATA
        From: 7
        SeqNum: 1
        Expected seq: 0
        -> OUT OF ORDER (seq=1, expected=0), buffering
V2VNativeBridge4: Received message from 2 with length 872
[V2V Layer 4] Received message from replica 2 via JNI
    [Reliability 4] handleIncomingMessage() called
        Type: DATA
        From: 2
        SeqNum: 1
        Expected seq: 2
        -> DUPLICATE (seq < expected), ignoring
[V2VProxy 6] *** RECEIVED V2V message #20 from=7 to=-1 (broadcast=YES) at t=3.420685480546
V2VNativeBridge6: Received message from 7 with length 780
[V2V Layer 6] Received message from replica 7 via JNI
    [Reliability 6] handleIncomingMessage() called
        Type: DATA
        From: 7
        SeqNum: 1
        Expected seq: 0
        -> OUT OF ORDER (seq=1, expected=0), buffering
[V2VProxy 0] *** RECEIVED V2V message #12 from=7 to=-1 (broadcast=YES) at t=3.420685497158
V2VNativeBridge0: Received message from 7 with length 780
[V2V Layer 0] Received message from replica 7 via JNI
    [Reliability 0] handleIncomingMessage() called
        Type: DATA
        From: 7
        SeqNum: 1
        Expected seq: 0
        -> OUT OF ORDER (seq=1, expected=0), buffering
V2VNativeBridge1: Received message from 7 with length 780
[V2V Layer 1] Received message from replica 7 via JNI
    [Reliability 1] handleIncomingMessage() called
        Type: DATA
        From: 7
        SeqNum: 1
        Expected seq: 0
        -> OUT OF ORDER (seq=1, expected=0), buffering
[V2VProxy 3] *** RECEIVED V2V message #19 from=7 to=-1 (broadcast=YES) at t=3.420685521883
V2VNativeBridge3: Received message from 7 with length 780
[V2V Layer 3] Received message from replica 7 via JNI
    [Reliability 3] handleIncomingMessage() called
        Type: DATA
        From: 7
        SeqNum: 1
        Expected seq: 0
        -> OUT OF ORDER (seq=1, expected=0), buffering
[V2VProxy 2] *** RECEIVED V2V message #18 from=7 to=-1 (broadcast=YES) at t=3.420685525043
V2VNativeBridge2: Received message from 7 with length 780
[V2V Layer 2] Received message from replica 7 via JNI
    [Reliability 2] handleIncomingMessage() called
        Type: DATA
        From: 7
        SeqNum: 1
        Expected seq: 0
        -> OUT OF ORDER (seq=1, expected=0), buffering
V2VNativeBridge4: Received message from 7 with length 780
[V2V Layer 4] Received message from replica 7 via JNI
    [Reliability 4] handleIncomingMessage() called
        Type: DATA
        From: 7
        SeqNum: 1
        Expected seq: 0
        -> OUT OF ORDER (seq=1, expected=0), buffering
[V2VProxy 5] *** RECEIVED V2V message #19 from=7 to=-1 (broadcast=YES) at t=3.420685571421
V2VNativeBridge5: Received message from 7 with length 780
[V2V Layer 5] Received message from replica 7 via JNI
    [Reliability 5] handleIncomingMessage() called
        Type: DATA
        From: 7
        SeqNum: 1
        Expected seq: 0
        -> OUT OF ORDER (seq=1, expected=0), buffering
[V2VProxy 2] *** RECEIVED V2V message #19 from=1 to=-1 (broadcast=YES) at t=3.425536686803
V2VNativeBridge2: Received message from 1 with length 780
[V2V Layer 2] Received message from replica 1 via JNI
    [Reliability 2] handleIncomingMessage() called
        Type: DATA
        From: 1
        SeqNum: 1
        Expected seq: 1
        -> IN ORDER, delivering immediately
    [Reliability 2] deliverMessage() - deserializing payload
        Deserialized: ConsensusMessage
        DEBUG: envelope.fromReplicaId=1, message.getSender()=1
=== [V2V Layer 2] DELIVER to BFT-SMaRt ===
    Message type: ConsensusMessage
    From replica: 1
    InQueue size before: 0
    InQueue size after: 1
=== [V2V Layer 2] DELIVER successful ===
20:01:20.481 [Server Comm. System] INFO bftsmart.communication.ServerCommunicationSystem - === ServerCommunicationSystem RECEIVED message ===
V2VNativeBridge4: Received message from 1 with length 780
20:01:20.481 [Server Comm. System] INFO bftsmart.communication.ServerCommunicationSystem -     Message type: ConsensusMessage
[V2V Layer 4] Received message from replica 1 via JNI
20:01:20.481 [Server Comm. System] INFO bftsmart.communication.ServerCommunicationSystem -     From: 1
20:01:20.481 [Server Comm. System] INFO bftsmart.communication.ServerCommunicationSystem -     Message count: 7
20:01:20.481 [Server Comm. System] DEBUG bftsmart.communication.ServerCommunicationSystem - <-- receiving, msg:type=ACCEPT, number=0, epoch=0, from=1
20:01:20.481 [Server Comm. System] DEBUG bftsmart.tom.core.ExecutionManager - Received message  type=ACCEPT, number=0, epoch=0, from=1
20:01:20.481 [Server Comm. System] DEBUG bftsmart.tom.core.ExecutionManager - I'm at consensus 0 and my last consensus is -1
20:01:20.481 [Server Comm. System] DEBUG bftsmart.tom.core.ExecutionManager - Message for consensus 0 can be processed
    [Reliability 4] handleIncomingMessage() called
20:01:20.481 [Server Comm. System] DEBUG bftsmart.consensus.roles.Acceptor - Processing paxos msg with id 0
        Type: DATA
        From: 1
        SeqNum: 1
        Expected seq: 0
20:01:20.481 [Server Comm. System] DEBUG bftsmart.consensus.roles.Acceptor - ACCEPT from 1 for consensus 0
        -> OUT OF ORDER (seq=1, expected=0), buffering
20:01:20.481 [Server Comm. System] DEBUG bftsmart.consensus.roles.Acceptor - I have 2 ACCEPTs for cId:0, Timestamp:0 
20:01:20.481 [Server Comm. System] INFO bftsmart.communication.ServerCommunicationSystem - === Message processed ===
V2VNativeBridge6: Received message from 1 with length 780
[V2V Layer 6] Received message from replica 1 via JNI
    [Reliability 6] handleIncomingMessage() called
        Type: DATA
        From: 1
        SeqNum: 1
        Expected seq: 0
        -> OUT OF ORDER (seq=1, expected=0), buffering
[V2VProxy 0] *** RECEIVED V2V message #13 from=1 to=-1 (broadcast=YES) at t=3.425536714228
V2VNativeBridge0: Received message from 1 with length 780
[V2V Layer 0] Received message from replica 1 via JNI
    [Reliability 0] handleIncomingMessage() called
        Type: DATA
        From: 1
        SeqNum: 1
        Expected seq: 0
        -> OUT OF ORDER (seq=1, expected=0), buffering
[V2VProxy 3] *** RECEIVED V2V message #20 from=1 to=-1 (broadcast=YES) at t=3.425536728473
V2VNativeBridge3: Received message from 1 with length 780
[V2V Layer 3] Received message from replica 1 via JNI
    [Reliability 3] handleIncomingMessage() called
        Type: DATA
        From: 1
        SeqNum: 1
        Expected seq: 0
        -> OUT OF ORDER (seq=1, expected=0), buffering
[V2VProxy 5] *** RECEIVED V2V message #20 from=1 to=-1 (broadcast=YES) at t=3.425536730909
V2VNativeBridge5: Received message from 1 with length 780
[V2V Layer 5] Received message from replica 1 via JNI
    [Reliability 5] handleIncomingMessage() called
        Type: DATA
        From: 1
        SeqNum: 1
        Expected seq: 0
        -> OUT OF ORDER (seq=1, expected=0), buffering
[V2VProxy 7] *** RECEIVED V2V message #18 from=1 to=-1 (broadcast=YES) at t=3.425536734128
V2VNativeBridge7: Received message from 1 with length 780
[V2V Layer 7] Received message from replica 1 via JNI
    [Reliability 7] handleIncomingMessage() called
        Type: DATA
        From: 1
        SeqNum: 1
        Expected seq: 0
        -> OUT OF ORDER (seq=1, expected=0), buffering
[V2VProxy 2] *** RECEIVED V2V message #20 from=1 to=-1 (broadcast=YES) at t=3.427179686803
V2VNativeBridge2: Received message from 1 with length 858
[V2V Layer 2] Received message from replica 1 via JNI
    [Reliability 2] handleIncomingMessage() called
        Type: DATA
        From: 1
        SeqNum: 1
        Expected seq: 2
        -> DUPLICATE (seq < expected), ignoring
V2VNativeBridge4: Received message from 1 with length 858
[V2V Layer 4] Received message from replica 1 via JNI
    [Reliability 4] handleIncomingMessage() called
        Type: DATA
        From: 1
        SeqNum: 1
        Expected seq: 0
        -> OUT OF ORDER (seq=1, expected=0), buffering
V2VNativeBridge6: Received message from 1 with length 858
[V2V Layer 6] Received message from replica 1 via JNI
    [Reliability 6] handleIncomingMessage() called
        Type: DATA
        From: 1
        SeqNum: 1
        Expected seq: 0
        -> OUT OF ORDER (seq=1, expected=0), buffering
[V2VProxy 0] *** RECEIVED V2V message #14 from=1 to=-1 (broadcast=YES) at t=3.427179714228
V2VNativeBridge0: Received message from 1 with length 858
[V2V Layer 0] Received message from replica 1 via JNI
    [Reliability 0] handleIncomingMessage() called
        Type: DATA
        From: 1
        SeqNum: 1
        Expected seq: 0
        -> OUT OF ORDER (seq=1, expected=0), buffering
V2VNativeBridge3: Received message from 1 with length 858
[V2V Layer 3] Received message from replica 1 via JNI
    [Reliability 3] handleIncomingMessage() called
        Type: DATA
        From: 1
        SeqNum: 1
        Expected seq: 0
        -> OUT OF ORDER (seq=1, expected=0), buffering
V2VNativeBridge5: Received message from 1 with length 858
[V2V Layer 5] Received message from replica 1 via JNI
    [Reliability 5] handleIncomingMessage() called
        Type: DATA
        From: 1
        SeqNum: 1
        Expected seq: 0
        -> OUT OF ORDER (seq=1, expected=0), buffering
[V2VProxy 7] *** RECEIVED V2V message #19 from=1 to=-1 (broadcast=YES) at t=3.427179734128
V2VNativeBridge7: Received message from 1 with length 858
[V2V Layer 7] Received message from replica 1 via JNI
    [Reliability 7] handleIncomingMessage() called
        Type: DATA
        From: 1
        SeqNum: 1
        Expected seq: 0
        -> OUT OF ORDER (seq=1, expected=0), buffering
V2VNativeBridge4: Received message from 5 with length 778
[V2V Layer 4] Received message from replica 5 via JNI
    [Reliability 4] handleIncomingMessage() called
        Type: DATA
        From: 5
        SeqNum: 1
        Expected seq: 0
        -> OUT OF ORDER (seq=1, expected=0), buffering
[Reliability] Resending seq=1 because 1600ms (sim time) passed.
[Reliability] Resending seq=0 because 1550ms (sim time) passed.
[Reliability] Resending seq=0 because 1550ms (sim time) passed.
[Reliability] Resending seq=0 because 1550ms (sim time) passed.
[Reliability] Resending seq=0 because 1550ms (sim time) passed.
[Reliability] Resending seq=0 because 1550ms (sim time) passed.
[Reliability] Resending seq=0 because 1550ms (sim time) passed.
[Reliability] Resending seq=0 because 1550ms (sim time) passed.
[Reliability 5] Retransmitting seq=0 to replica 0 (attempt 1/20 with jitter=138ms)
[Reliability 0] Retransmitting seq=1 to replica 1 (attempt 1/20 with jitter=37ms)
[Reliability 6] Retransmitting seq=0 to replica 0 (attempt 1/20 with jitter=119ms)
[Reliability 3] Retransmitting seq=0 to replica 0 (attempt 1/20 with jitter=24ms)
[Reliability 2] Retransmitting seq=0 to replica 0 (attempt 1/20 with jitter=82ms)
[Reliability 1] Retransmitting seq=0 to replica 0 (attempt 1/20 with jitter=116ms)
[Reliability 4] Retransmitting seq=0 to replica 0 (attempt 1/20 with jitter=184ms)
V2VNativeBridge5: Sending message to -1 with length 763
V2VNativeBridge4: Sending message to -1 with length 763
[JNI] nativeSendMessage: 4 -> -1
[JNI] Sending 763 bytes (4->-1)
[DEBUG V2VProxy 4[JNI] nativeSendMessage: ] Queue has space - adding message
5 -> -1
[JNI] Sending 763 bytes (5->-1)
[DEBUG V2VProxy 5] Queue has space - adding message[JNI] Message queued successfully

[JNI] Message queued successfully
V2VNativeBridge6: Sending message to -1 with length 763
[Reliability] Resending seq=1 because 1472ms (sim time) passed.
[Reliability 5] Retransmitting seq=1 to replica 0 (attempt 1/20 with jitter=94ms)
[JNI] nativeSendMessage: 6 -> -1
[JNI] Sending 763 bytes (6->-1)
[DEBUG V2VProxy 6] Queue has space - adding message
[Reliability] Resending seq=0 because 1550ms (sim time) passed.[JNI] Message queued successfully

V2VNativeBridge3: Sending message to -1 with length 763
[Reliability] Resending seq=0 because 1550ms (sim time) passed.
[JNI] nativeSendMessage: 3 -> -1
[JNI] Sending 763 bytes (3->-1)
[DEBUG V2VProxy 3] Queue has space - adding message
[JNI] Message queued successfully
[Reliability 6] Retransmitting seq=0 to replica 3 (attempt 1/20 with jitter=155ms)
[Reliability] Resending seq=0 because 1550ms (sim time) passed.
[Reliability 7] Retransmitting seq=0 to replica 0 (attempt 1/20 with jitter=176ms)
V2VNativeBridge2: Sending message to -1 with length 763
[JNI] nativeSendMessage: 2 -> -1
[JNI] Sending 763 bytes (2->-1)
[DEBUG V2VProxy 2] Queue has space - adding message
[JNI] Message queued successfully
V2VNativeBridge0: Sending message to -1 with length 685
[Reliability] Resending seq=1 because 1481ms (sim time) passed.[JNI] nativeSendMessage: 0 -> -1

V2VNativeBridge6: Sending message to -1 with length 685[JNI] Sending 685 bytes (0->-1)

[DEBUG V2VProxy 0] Queue has space - adding message
[JNI] Message queued successfully
[JNI] nativeSendMessage: 6 -> -1
[JNI] Sending 685 bytes (6->-1)
[DEBUG V2VProxy 6] Queue has space - adding message
[JNI] Message queued successfully
V2VNativeBridge7: Sending message to -1 with length 763
[JNI] nativeSendMessage: 7 -> -1
[Reliability 2] Retransmitting seq=1 to replica 0 (attempt 1/20 with jitter=63ms)
[JNI] Sending 763 bytes (7->-1)
[DEBUG V2VProxy 7] Queue has space - adding message
[JNI] Message queued successfully
[Reliability 3] Retransmitting seq=0 to replica 6 (attempt 1/20 with jitter=168ms)
[Reliability] Resending seq=1 because 1472ms (sim time) passed.
[Reliability 7] Retransmitting seq=1 to replica 0 (attempt 1/20 with jitter=153ms)
V2VNativeBridge5: Sending message to -1 with length 870
V2VNativeBridge3: Sending message to -1 with length 685
[JNI] nativeSendMessage: 3 -> -1
[JNI] Sending 685 bytes (3->-1)
[DEBUG V2VProxy 3] Queue has space - adding message
V2VNativeBridge2: Sending message to -1 with length 872[JNI] Message queued successfully

[JNI] nativeSendMessage: 5 -> -1
[JNI] nativeSendMessage: 2 -> -1[JNI] Sending 
870[Reliability 4] Retransmitting seq=0 to replica 3 (attempt 1/20 with jitter=288ms)
[JNI] Sending 872 bytes (2->-1)
[DEBUG V2VProxy 2] Queue has space - adding message
 bytes (5->-1)
[DEBUG V2VProxy 5] Queue has space - adding message
[JNI] Message queued successfully
[JNI] Message queued successfully
[Reliability] Resending seq=1 because 1481ms (sim time) passed.
[Reliability] Resending seq=1 because 1472ms (sim time) passed.
V2VNativeBridge1: Sending message to -1 with length 763
[JNI] nativeSendMessage: 1 -> -1
[JNI] Sending 763 bytes (1->-1)
[DEBUG V2VProxy 1] Queue has space - adding message
[JNI] Message queued successfully
[Reliability 5] Retransmitting seq=1 to replica 1 (attempt 1/20 with jitter=45ms)
[Reliability 2] Retransmitting seq=1 to replica 1 (attempt 1/20 with jitter=111ms)
V2VNativeBridge7: Sending message to -1 with length 872
V2VNativeBridge2: Sending message to -1 with length 858
[JNI] nativeSendMessage: 2 -> -1
[JNI] Sending 858 bytes (2->-1)
[DEBUG V2VProxy 2] Queue has space - adding message
[JNI] Message queued successfully
[JNI] nativeSendMessage: 7 -> -1
[JNI] Sending 872 bytes (7->-1)
[DEBUG V2VProxy 7] Queue has space - adding message
[Reliability] Resending seq=0 because 1550ms (sim time) passed.
[JNI] Message queued successfully
[Reliability] Resending seq=1 because 1600ms (sim time) passed.
[Reliability] Resending seq=1 because 1472ms (sim time) passed.
[Reliability 7] Retransmitting seq=1 to replica 1 (attempt 1/20 with jitter=108ms)
[Reliability 0] Retransmitting seq=1 to replica 2 (attempt 1/20 with jitter=98ms)
[Reliability 2] Retransmitting seq=0 to replica 3 (attempt 1/20 with jitter=296ms)
V2VNativeBridge0: Sending message to -1 with length 685
V2VNativeBridge2: Sending message to -1 with length 685
[JNI] nativeSendMessage: [JNI] nativeSendMessage: 02 -> -1 -> 
[JNI] Sending 685 bytes (2->-1)
[DEBUG V2VProxy 2] Queue has space - adding message
[JNI] Message queued successfully
-1
[JNI] Sending 685 bytes (0->-1)
[Reliability] Resending seq=1 because 1481ms (sim time) passed.[DEBUG V2VProxy 0] Queue has space - adding message

[JNI] Message queued successfully
[Reliability] Resending seq=1 because 1472ms (sim time) passed.
[Reliability] Resending seq=0 because 1600ms (sim time) passed.
[Reliability 0] Retransmitting seq=0 to replica 3 (attempt 1/20 with jitter=103ms)
[Reliability 2] Retransmitting seq=1 to replica 3 (attempt 1/20 with jitter=87ms)
V2VNativeBridge4: Sending message to -1 with length 685
[JNI] nativeSendMessage: 4 -> -1
[JNI] Sending 685 bytes (4->-1)
[DEBUG V2VProxy 4] Queue has space - adding message
[JNI] Message queued successfully
V2VNativeBridge2: Sending message to -1 with length 858
V2VNativeBridge7: Sending message to -1 with length 780[JNI] nativeSendMessage: 2 -> -1

[JNI] Sending 858 bytes (2->-1)
[DEBUG V2VProxy 2] Queue has space - adding message
[JNI] Message queued successfully
[JNI] nativeSendMessage: 7 -> -1
[Reliability] Resending seq=1 because 1481ms (sim time) passed.
[JNI] Sending 780 bytes (7->-1)
[DEBUG V2VProxy 7] Queue has space - adding message
[Reliability 2] Retransmitting seq=1 to replica 4 (attempt 1/20 with jitter=67ms)[JNI] Message queued successfully

V2VNativeBridge5: Sending message to -1 with length 778
[Reliability] Resending seq=1 because 1472ms (sim time) passed.
[JNI] nativeSendMessage: 5 -> -1
[Reliability 7] Retransmitting seq=1 to replica 2 (attempt 1/20 with jitter=76ms)
[JNI] Sending 778 bytes (5->-1)
[DEBUG V2VProxy 5] Queue has space - adding message
[JNI] Message queued successfully
[Reliability] Resending seq=0 because 1550ms (sim time) passed.
[Reliability] Resending seq=1 because 1472ms (sim time) passed.
[Reliability 4] Retransmitting seq=0 to replica 6 (attempt 1/20 with jitter=82ms)
[Reliability 5] Retransmitting seq=1 to replica 2 (attempt 1/20 with jitter=15ms)
V2VNativeBridge4: Sending message to -1 with length 685
[JNI] nativeSendMessage: 4 -> -1
[JNI] Sending 685 bytes (4->-1)
[DEBUG V2VProxy 4] Queue has space - adding message
[JNI] Message queued successfully
V2VNativeBridge0: Sending message to -1 with length 1028
V2VNativeBridge5: Sending message to -1 with length 856
[JNI] nativeSendMessage: 5 -> -1
[JNI] Sending 856 bytes (5->-1)
[DEBUG V2VProxy 5] Queue has space - adding message
[JNI] Message queued successfully
[Reliability] Resending seq=0 because 1550ms (sim time) passed.
[JNI] nativeSendMessage: 0 -> -1
[Reliability 5] Retransmitting seq=0 to replica 3 (attempt 1/20 with jitter=121ms)
[JNI] Sending 1028 bytes (0->-1)
[DEBUG V2VProxy 0] Queue has space - adding message
[JNI] Message queued successfully
[Reliability 1] Retransmitting seq=1 to replica 0 (attempt 1/20 with jitter=43ms)
[Reliability] Resending seq=1 because 1600ms (sim time) passed.
[Reliability 0] Retransmitting seq=1 to replica 3 (attempt 1/20 with jitter=95ms)
V2VNativeBridge5: Sending message to -1 with length 685
V2VNativeBridge0: Sending message to -1 with length 685
[JNI] nativeSendMessage: 0 -> -1[JNI] nativeSendMessage: 
5 -> -1[JNI] Sending 
685 bytes (0->-1)
[DEBUG V2VProxy 0] Queue has space - adding message
[JNI] Message queued successfully
V2VNativeBridge7: Sending message to -1 with length 858
[JNI] Sending 685 bytes (5->-1)
[Reliability] Resending seq=1 because 1600ms (sim time) passed.
[DEBUG V2VProxy 5] Queue has space - adding message
[JNI] Message queued successfully
[JNI] nativeSendMessage: 7 -> -1
[JNI] Sending 858 bytes (7->-1)
[DEBUG V2VProxy 7] Queue has space - adding message
[Reliability] Resending seq=1 because 1472ms (sim time) passed.
[JNI] Message queued successfully
[Reliability 5] Retransmitting seq=1 to replica 3 (attempt 1/20 with jitter=276ms)
[Reliability] Resending seq=0 because 1550ms (sim time) passed.
[Reliability 7] Retransmitting seq=0 to replica 3 (attempt 1/20 with jitter=219ms)
V2VNativeBridge2: Sending message to -1 with length 858
V2VNativeBridge7: Sending message to -1 with length 685
[JNI] nativeSendMessage: 7 -> -1
[JNI] Sending 685 bytes (7->-1)
[DEBUG V2VProxy 7] Queue has space - adding message
[JNI] Message queued successfully
[JNI] nativeSendMessage: 2 -> -1
V2VNativeBridge5: Sending message to -1 with length 856[JNI] Sending 858 bytes (2->-1)
[DEBUG V2VProxy 2] Queue has space - adding message

[JNI] Message queued successfully
[JNI] nativeSendMessage: 5 -> -1
[JNI] Sending 856 bytes (5->-1)
[DEBUG V2VProxy 5] Queue has space - adding message
[Reliability 0] Retransmitting seq=1 to replica 4 (attempt 1/20 with jitter=282ms)[JNI] Message queued successfully

[Reliability] Resending seq=1 because 1481ms (sim time) passed.
[Reliability 2] Retransmitting seq=1 to replica 5 (attempt 1/20 with jitter=5ms)
V2VNativeBridge1: Sending message to -1 with length 872
[JNI] nativeSendMessage: 1 -> -1
V2VNativeBridge0: Sending message to -1 with length 685[JNI] Sending 872 bytes (1->-1)

[DEBUG V2VProxy 1] Queue has space - adding message
[JNI] nativeSendMessage: [JNI] Message queued successfully
0 -> -1
[JNI] Sending 685 bytes (0->-1)
[DEBUG V2VProxy 0] Queue has space - adding message
[JNI] Message queued successfully
[Reliability] Resending seq=1 because 1472ms (sim time) passed.
[Reliability 5] Retransmitting seq=1 to replica 4 (attempt 1/20 with jitter=81ms)
[Reliability] Resending seq=1 because 1472ms (sim time) passed.
V2VNativeBridge5: Sending message to -1 with length 856
[JNI] nativeSendMessage: 5 -> -1
[JNI] Sending 856 bytes (5->-1)
[DEBUG V2VProxy 5] Queue has space - adding message
[JNI] Message queued successfully
[Reliability] Resending seq=1 because 1600ms (sim time) passed.
[Reliability 0] Retransmitting seq=1 to replica 5 (attempt 1/20 with jitter=71ms)
[Reliability] Resending seq=1 because 1472ms (sim time) passed.
[Reliability 1] Retransmitting seq=1 to replica 2 (attempt 1/20 with jitter=64ms)
V2VNativeBridge2: Sending message to -1 with length 780
V2VNativeBridge1: Sending message to -1 with length 858
[JNI] nativeSendMessage: 1 -> -1
[JNI] Sending 858 bytes (1->-1)
[DEBUG V2VProxy 1] Queue has space - adding message
[JNI] Message queued successfully
[Reliability] Resending seq=0 because 1550ms (sim time) passed.
[JNI] nativeSendMessage: 2 -> -1
[Reliability 1] Retransmitting seq=0 to replica 3 (attempt 1/20 with jitter=40ms)[JNI] Sending 780 bytes (2->-1)

[DEBUG V2VProxy 2] Queue has space - adding message
[JNI] Message queued successfully
V2VNativeBridge0: Sending message to -1 with length 685
V2VNativeBridge1: Sending message to -1 with length 685
[JNI] nativeSendMessage: 1 -> -1
[JNI] Sending 685 bytes (1->-1)
[Reliability] Resending seq=0 because 1550ms (sim time) passed.[DEBUG V2VProxy 1] Queue has space - adding message

[JNI] nativeSendMessage: [JNI] Message queued successfully
[Reliability 2] Retransmitting seq=0 to replica 6 (attempt 1/20 with jitter=114ms)
[Reliability] Resending seq=1 because 1472ms (sim time) passed.
0 -> -1
[Reliability] Resending seq=0 because 1550ms (sim time) passed.[JNI] Sending 685 bytes (0->-1)
[DEBUG V2VProxy 0] Queue has space - adding message

[JNI] Message queued successfully
V2VNativeBridge2: Sending message to -1 with length 685
[JNI] nativeSendMessage: 2 -> -1
[JNI] Sending 685 bytes (2->-1)
[DEBUG V2VProxy 2] Queue has space - adding message
[JNI] Message queued successfully
[Reliability 5] Retransmitting seq=0 to replica 6 (attempt 1/20 with jitter=151ms)
[Reliability 7] Retransmitting seq=1 to replica 3 (attempt 1/20 with jitter=215ms)
V2VNativeBridge5: Sending message to -1 with length 685
[JNI] nativeSendMessage: 5 -> -1
[JNI] Sending 685 bytes (5->-1)
[DEBUG V2VProxy 5] Queue has space - adding message
[JNI] Message queued successfully
[Reliability] Resending seq=1 because 1472ms (sim time) passed.
[Reliability] Resending seq=1 because 1481ms (sim time) passed.
V2VNativeBridge7: Sending message to -1 with length 858
[JNI] nativeSendMessage: 7 -> -1
[JNI] Sending 858 bytes (7->-1)
[DEBUG V2VProxy 7] Queue has space - adding message
[JNI] Message queued successfully
[Reliability] Resending seq=0 because 1600ms (sim time) passed.
[Reliability] Resending seq=1 because 1472ms (sim time) passed.
[Reliability 7] Retransmitting seq=1 to replica 4 (attempt 1/20 with jitter=295ms)
[Reliability 0] Retransmitting seq=0 to replica 6 (attempt 1/20 with jitter=260ms)
[Reliability 1] Retransmitting seq=1 to replica 3 (attempt 1/20 with jitter=287ms)
V2VNativeBridge7: Sending message to -1 with length 858
V2VNativeBridge0: Sending message to -1 with length 1028[JNI] nativeSendMessage: 7 -> -1

[JNI] Sending 858 bytes (7->-1)
V2VNativeBridge1: Sending message to -1 with length 858
[DEBUG V2VProxy 7[JNI] nativeSendMessage: ] Queue has space - adding message
[JNI] Message queued successfully
1[JNI] nativeSendMessage:  -> -1
0[JNI] Sending 858 bytes (1->-1)
[Reliability 2] Retransmitting seq=1 to replica 6 (attempt 1/20 with jitter=27ms)[DEBUG V2VProxy 1] Queue has space - adding message

 -> [JNI] Message queued successfully-1

[Reliability] Resending seq=1 because 1472ms (sim time) passed.
[JNI] Sending 1028 bytes (0->-1)
[DEBUG V2VProxy 0] Queue has space - adding message
[JNI] Message queued successfully
[Reliability] Resending seq=1 because 1600ms (sim time) passed.
[Reliability] Resending seq=1 because 1472ms (sim time) passed.
[Reliability 0] Retransmitting seq=1 to replica 6 (attempt 1/20 with jitter=150ms)
[Reliability 1] Retransmitting seq=1 to replica 4 (attempt 1/20 with jitter=42ms)
V2VNativeBridge2: Sending message to -1 with length 858
[JNI] nativeSendMessage: 2 -> -1
[JNI] Sending 858 bytes (2->-1)
[DEBUG V2VProxy 2] Queue has space - adding message
[JNI] Message queued successfully
[Reliability 5] Retransmitting seq=1 to replica 6 (attempt 1/20 with jitter=258ms)
[Reliability] Resending seq=1 because 1481ms (sim time) passed.
[Reliability 2] Retransmitting seq=1 to replica 7 (attempt 1/20 with jitter=118ms)
V2VNativeBridge0: Sending message to -1 with length 685
[JNI] nativeSendMessage: 0 -> -1
[JNI] Sending 685 bytes (0->-1)
[DEBUG V2VProxy 0] Queue has space - adding message
V2VNativeBridge1: Sending message to -1 with length 858
[JNI] nativeSendMessage: 1 -> -1
V2VNativeBridge2: Sending message to -1 with length 780
[JNI] nativeSendMessage: 2 -> -1
[JNI] Sending 780 bytes (2->-1)
[JNI] Sending [DEBUG V2VProxy 2] Queue has space - adding message
[Reliability 7] Retransmitting seq=1 to replica 5 (attempt 1/20 with jitter=52ms)[JNI] Message queued successfully

[JNI] Message queued successfully858
 bytes (1->-1)
[DEBUG V2VProxy 1] Queue has space - adding message
[JNI] Message queued successfully
[Reliability] Resending seq=1 because 1600ms (sim time) passed.
[Reliability 0] Retransmitting seq=1 to replica 7 (attempt 1/20 with jitter=201ms)
[Reliability] Resending seq=1 because 1472ms (sim time) passed.
V2VNativeBridge5: Sending message to -1 with length 856
V2VNativeBridge7: Sending message to -1 with length 780[JNI] nativeSendMessage: 5 -> -1

[JNI] Sending 856 bytes (5->-1)
[DEBUG V2VProxy 5] Queue has space - adding message
V2VNativeBridge0: Sending message to -1 with length 685[JNI] Message queued successfully

[JNI] nativeSendMessage: 0 -> -1
[JNI] Sending 685 bytes (0->-1)
[DEBUG V2VProxy 0] Queue has space - adding message
[JNI] Message queued successfully
[JNI] nativeSendMessage: 7 -> -1
[Reliability] Resending seq=1 because 1472ms (sim time) passed.
[JNI] Sending 780 bytes (7->-1)
[DEBUG V2VProxy 7] Queue has space - adding message
[Reliability 5] Retransmitting seq=1 to replica 7 (attempt 1/20 with jitter=153ms)
[JNI] Message queued successfully
[Reliability 1] Retransmitting seq=1 to replica 5 (attempt 1/20 with jitter=124ms)
[Reliability] Resending seq=0 because 1550ms (sim time) passed.
[Reliability 7] Retransmitting seq=0 to replica 6 (attempt 1/20 with jitter=116ms)
V2VNativeBridge7: Sending message to -1 with length 685
[JNI] nativeSendMessage: 7 -> -1
[JNI] Sending 685 bytes (7->-1)
[DEBUG V2VProxy 7] Queue has space - adding message
[JNI] Message queued successfully
[Reliability] Resending seq=1 because 1472ms (sim time) passed.
[Reliability 7] Retransmitting seq=1 to replica 6 (attempt 1/20 with jitter=113ms)
V2VNativeBridge1: Sending message to -1 with length 780
[JNI] nativeSendMessage: 1 -> -1
[JNI] Sending 780 bytes (1->-1)
[DEBUG V2VProxy 1] Queue has space - adding message
V2VNativeBridge5: Sending message to -1 with length 778
[JNI] Message queued successfully
[JNI] nativeSendMessage: 5 -> -1
[JNI] Sending 778 bytes (5->-1)
[DEBUG V2VProxy 5] Queue has space - adding message
[JNI] Message queued successfully
[Reliability] Resending seq=0 because 1550ms (sim time) passed.
V2VNativeBridge7: Sending message to -1 with length 858
[JNI] nativeSendMessage: 7 -> -1
[JNI] Sending 858 bytes (7->-1)
[Reliability 1] Retransmitting seq=0 to replica 6 (attempt 1/20 with jitter=176ms)[DEBUG V2VProxy 7] Queue has space - adding message

[JNI] Message queued successfully
V2VNativeBridge1: Sending message to -1 with length 685
[JNI] nativeSendMessage: 1 -> -1
[JNI] Sending 685 bytes (1->-1)
[DEBUG V2VProxy 1] Queue has space - adding message
[JNI] Message queued successfully
[Reliability] Resending seq=1 because 1472ms (sim time) passed.
[Reliability 1] Retransmitting seq=1 to replica 6 (attempt 1/20 with jitter=83ms)
V2VNativeBridge1: Sending message to -1 with length 858
[JNI] nativeSendMessage: 1 -> -1
[JNI] Sending 858 bytes (1->-1)
[DEBUG V2VProxy 1] Queue has space - adding message
[JNI] Message queued successfully
[Reliability] Resending seq=1 because 1472ms (sim time) passed.
[Reliability 1] Retransmitting seq=1 to replica 7 (attempt 1/20 with jitter=154ms)
V2VNativeBridge1: Sending message to -1 with length 780
[JNI] nativeSendMessage: 1 -> -1
[JNI] Sending 780 bytes (1->-1)
[DEBUG V2VProxy 1] Queue has space - adding message
[JNI] Message queued successfully
[V2VProxy 0] *** SENDING V2V message #15 from=0 to=-1 size=685 bytes at t=4.9
[V2VProxy 0] *** SENDING V2V message #16 from=0 to=-1 size=685 bytes at t=4.9
[V2VProxy 0] *** SENDING V2V message #17 from=0 to=-1 size=1028 bytes at t=4.9
[V2VProxy 0] *** SENDING V2V message #18 from=0 to=-1 size=685 bytes at t=4.9
[V2VProxy 0] *** SENDING V2V message #19 from=0 to=-1 size=685 bytes at t=4.9
[V2VProxy 0] *** SENDING V2V message #20 from=0 to=-1 size=685 bytes at t=4.9
[V2VProxy 1] *** SENDING V2V message #15 from=1 to=-1 size=763 bytes at t=4.9
[V2VProxy 1] *** SENDING V2V message #16 from=1 to=-1 size=872 bytes at t=4.9
[V2VProxy 1] *** SENDING V2V message #17 from=1 to=-1 size=858 bytes at t=4.9
[V2VProxy 1] *** SENDING V2V message #18 from=1 to=-1 size=685 bytes at t=4.9
[V2VProxy 1] *** SENDING V2V message #19 from=1 to=-1 size=858 bytes at t=4.9
[V2VProxy 1] *** SENDING V2V message #20 from=1 to=-1 size=858 bytes at t=4.9
[V2VProxy 2] *** SENDING V2V message #15 from=2 to=-1 size=763 bytes at t=4.9
[V2VProxy 2] *** SENDING V2V message #16 from=2 to=-1 size=872 bytes at t=4.9
[V2VProxy 2] *** SENDING V2V message #17 from=2 to=-1 size=858 bytes at t=4.9
[V2VProxy 2] *** SENDING V2V message #18 from=2 to=-1 size=685 bytes at t=4.9
[V2VProxy 2] *** SENDING V2V message #19 from=2 to=-1 size=858 bytes at t=4.9
[V2VProxy 2] *** SENDING V2V message #20 from=2 to=-1 size=858 bytes at t=4.9
[V2VProxy 3] *** SENDING V2V message #8 from=3 to=-1 size=763 bytes at t=4.9
[V2VProxy 3] *** SENDING V2V message #9 from=3 to=-1 size=685 bytes at t=4.9
[V2VProxy 4] *** SENDING V2V message #8 from=4 to=-1 size=763 bytes at t=4.9
[V2VProxy 4] *** SENDING V2V message #9 from=4 to=-1 size=685 bytes at t=4.9
[V2VProxy 4] *** SENDING V2V message #10 from=4 to=-1 size=685 bytes at t=4.9
[V2VProxy 5] *** SENDING V2V message #15 from=5 to=-1 size=763 bytes at t=4.9
[V2VProxy 5] *** SENDING V2V message #16 from=5 to=-1 size=870 bytes at t=4.9
[V2VProxy 5] *** SENDING V2V message #17 from=5 to=-1 size=778 bytes at t=4.9
[V2VProxy 5] *** SENDING V2V message #18 from=5 to=-1 size=856 bytes at t=4.9
[V2VProxy 5] *** SENDING V2V message #19 from=5 to=-1 size=685 bytes at t=4.9
[V2VProxy 5] *** SENDING V2V message #20 from=5 to=-1 size=856 bytes at t=4.9
[V2VProxy 6] *** SENDING V2V message #8 from=6 to=-1 size=763 bytes at t=4.9
[V2VProxy 6] *** SENDING V2V message #9 from=6 to=-1 size=685 bytes at t=4.9
[V2VProxy 7] *** SENDING V2V message #15 from=7 to=-1 size=763 bytes at t=4.9
[V2VProxy 7] *** SENDING V2V message #16 from=7 to=-1 size=872 bytes at t=4.9
[V2VProxy 7] *** SENDING V2V message #17 from=7 to=-1 size=780 bytes at t=4.9
[V2VProxy 7] *** SENDING V2V message #18 from=7 to=-1 size=858 bytes at t=4.9
[V2VProxy 7] *** SENDING V2V message #19 from=7 to=-1 size=685 bytes at t=4.9
[V2VProxy 7] *** SENDING V2V message #20 from=7 to=-1 size=858 bytes at t=4.9
V2VNativeBridge2: Received message from 1 with length 858
[V2V Layer 2] Received message from replica 1 via JNI
    [Reliability 2] handleIncomingMessage() called
        Type: DATA
        From: 1
        SeqNum: 1
        Expected seq: 2
        -> DUPLICATE (seq < expected), ignoring
V2VNativeBridge4: Received message from 1 with length 858
[V2V Layer 4] Received message from replica 1 via JNI
    [Reliability 4] handleIncomingMessage() called
        Type: DATA
        From: 1
        SeqNum: 1
        Expected seq: 0
        -> OUT OF ORDER (seq=1, expected=0), buffering
V2VNativeBridge6: Received message from 1 with length 858
[V2V Layer 6] Received message from replica 1 via JNI
    [Reliability 6] handleIncomingMessage() called
        Type: DATA
        From: 1
        SeqNum: 1
        Expected seq: 0
        -> OUT OF ORDER (seq=1, expected=0), buffering
[V2VProxy 0] *** RECEIVED V2V message #15 from=1 to=-1 (broadcast=YES) at t=4.90283288041
V2VNativeBridge0: Received message from 1 with length 858
[V2V Layer 0] Received message from replica 1 via JNI
    [Reliability 0] handleIncomingMessage() called
        Type: DATA
        From: 1
        SeqNum: 1
        Expected seq: 0
        -> OUT OF ORDER (seq=1, expected=0), buffering
V2VNativeBridge3: Received message from 1 with length 858
[V2V Layer 3] Received message from replica 1 via JNI
    [Reliability 3] handleIncomingMessage() called
        Type: DATA
        From: 1
        SeqNum: 1
        Expected seq: 0
        -> OUT OF ORDER (seq=1, expected=0), buffering
V2VNativeBridge5: Received message from 1 with length 858
[V2V Layer 5] Received message from replica 1 via JNI
    [Reliability 5] handleIncomingMessage() called
        Type: DATA
        From: 1
        SeqNum: 1
        Expected seq: 0
        -> OUT OF ORDER (seq=1, expected=0), buffering
[V2VProxy 7] *** RECEIVED V2V message #20 from=1 to=-1 (broadcast=YES) at t=4.902832900054
V2VNativeBridge7: Received message from 1 with length 858
[V2V Layer 7] Received message from replica 1 via JNI
    [Reliability 7] handleIncomingMessage() called
        Type: DATA
        From: 1
        SeqNum: 1
        Expected seq: 0
        -> OUT OF ORDER (seq=1, expected=0), buffering
V2VNativeBridge4: Received message from 2 with length 858
[V2V Layer 4] Received message from replica 2 via JNI
    [Reliability 4] handleIncomingMessage() called
        Type: DATA
        From: 2
        SeqNum: 1
        Expected seq: 2
        -> DUPLICATE (seq < expected), ignoring
V2VNativeBridge1: Received message from 2 with length 858
[V2V Layer 1] Received message from replica 2 via JNI
    [Reliability 1] handleIncomingMessage() called
        Type: DATA
        From: 2
        SeqNum: 1
        Expected seq: 2
        -> DUPLICATE (seq < expected), ignoring
V2VNativeBridge3: Received message from 2 with length 858
[V2V Layer 3] Received message from replica 2 via JNI
    [Reliability 3] handleIncomingMessage() called
        Type: DATA
        From: 2
        SeqNum: 1
        Expected seq: 2
        -> DUPLICATE (seq < expected), ignoring
V2VNativeBridge5: Received message from 2 with length 858
[V2V Layer 5] Received message from replica 2 via JNI
    [Reliability 5] handleIncomingMessage() called
        Type: DATA
        From: 2
        SeqNum: 1
        Expected seq: 2
        -> DUPLICATE (seq < expected), ignoring
V2VNativeBridge2: Received message from 4 with length 685
[V2V Layer 2] Received message from replica 4 via JNI
    [Reliability 2] handleIncomingMessage() called
        Type: DATA
        From: 4
        SeqNum: 0
        Expected seq: 1
        -> DUPLICATE (seq < expected), ignoring
V2VNativeBridge5: Received message from 4 with length 685
[V2V Layer 5] Received message from replica 4 via JNI
    [Reliability 5] handleIncomingMessage() called
        Type: DATA
        From: 4
        SeqNum: 0
        Expected seq: 1
        -> DUPLICATE (seq < expected), ignoring
V2VNativeBridge3: Received message from 4 with length 685
[V2V Layer 3] Received message from replica 4 via JNI
    [Reliability 3] handleIncomingMessage() called
        Type: DATA
        From: 4
        SeqNum: 0
        Expected seq: 1
        -> DUPLICATE (seq < expected), ignoring
[V2VProxy 0] *** RECEIVED V2V message #16 from=4 to=-1 (broadcast=YES) at t=4.905847053317
V2VNativeBridge0: Received message from 4 with length 685
[V2V Layer 0] Received message from replica 4 via JNI
    [Reliability 0] handleIncomingMessage() called
        Type: DATA
        From: 4
        SeqNum: 0
        Expected seq: 1
        -> DUPLICATE (seq < expected), ignoring
V2VNativeBridge1: Received message from 4 with length 685
[V2V Layer 1] Received message from replica 4 via JNI
    [Reliability 1] handleIncomingMessage() called
        Type: DATA
        From: 4
        SeqNum: 0
        Expected seq: 1
        -> DUPLICATE (seq < expected), ignoring
V2VNativeBridge6: Received message from 4 with length 685
[V2V Layer 6] Received message from replica 4 via JNI
    [Reliability 6] handleIncomingMessage() called
        Type: DATA
        From: 4
        SeqNum: 0
        Expected seq: 1
        -> DUPLICATE (seq < expected), ignoring
V2VNativeBridge7: Received message from 4 with length 685
[V2V Layer 7] Received message from replica 4 via JNI
    [Reliability 7] handleIncomingMessage() called
        Type: DATA
        From: 4
        SeqNum: 0
        Expected seq: 1
        -> DUPLICATE (seq < expected), ignoring
V2VNativeBridge6: Received message from 0 with length 685
[V2V Layer 6] Received message from replica 0 via JNI
    [Reliability 6] handleIncomingMessage() called
        Type: DATA
        From: 0
        SeqNum: 1
        Expected seq: 2
        -> DUPLICATE (seq < expected), ignoring
V2VNativeBridge3: Received message from 0 with length 685
[V2V Layer 3] Received message from replica 0 via JNI
    [Reliability 3] handleIncomingMessage() called
        Type: DATA
        From: 0
        SeqNum: 1
        Expected seq: 2
        -> DUPLICATE (seq < expected), ignoring
[V2VProxy 0] *** RECEIVED V2V message #17 from=3 to=-1 (broadcast=YES) at t=4.911979249484
V2VNativeBridge0: Received message from 3 with length 685
[V2V Layer 0] Received message from replica 3 via JNI
    [Reliability 0] handleIncomingMessage() called
        Type: DATA
        From: 3
        SeqNum: 0
        Expected seq: 1
        -> DUPLICATE (seq < expected), ignoring
V2VNativeBridge6: Received message from 0 with length 685
[V2V Layer 6] Received message from replica 0 via JNI
    [Reliability 6] handleIncomingMessage() called
        Type: DATA
        From: 0
        SeqNum: 1
        Expected seq: 2
        -> DUPLICATE (seq < expected), ignoring
V2VNativeBridge3: Received message from 0 with length 685
[V2V Layer 3] Received message from replica 0 via JNI
    [Reliability 3] handleIncomingMessage() called
        Type: DATA
        From: 0
        SeqNum: 1
        Expected seq: 2
        -> DUPLICATE (seq < expected), ignoring
V2VNativeBridge7: Received message from 0 with length 685
[V2V Layer 7] Received message from replica 0 via JNI
    [Reliability 7] handleIncomingMessage() called
        Type: DATA
        From: 0
        SeqNum: 1
        Expected seq: 2
        -> DUPLICATE (seq < expected), ignoring
V2VNativeBridge4: Received message from 5 with length 856
[V2V Layer 4] Received message from replica 5 via JNI
    [Reliability 4] handleIncomingMessage() called
        Type: DATA
        From: 5
        SeqNum: 1
        Expected seq: 0
        -> OUT OF ORDER (seq=1, expected=0), buffering
V2VNativeBridge4: Received message from 2 with length 858
[V2V Layer 4] Received message from replica 2 via JNI
    [Reliability 4] handleIncomingMessage() called
        Type: DATA
        From: 2
        SeqNum: 1
        Expected seq: 2
        -> DUPLICATE (seq < expected), ignoring
V2VNativeBridge4: Received message from 2 with length 763
[V2V Layer 4] Received message from replica 2 via JNI
    [Reliability 4] handleIncomingMessage() called
        Type: DATA
        From: 2
        SeqNum: 0
        Expected seq: 2
        -> DUPLICATE (seq < expected), ignoring
V2VNativeBridge1: Received message from 2 with length 763
[V2V Layer 1] Received message from replica 2 via JNI
    [Reliability 1] handleIncomingMessage() called
        Type: DATA
        From: 2
        SeqNum: 0
        Expected seq: 2
        -> DUPLICATE (seq < expected), ignoring
V2VNativeBridge5: Received message from 2 with length 763
[V2V Layer 5] Received message from replica 2 via JNI
    [Reliability 5] handleIncomingMessage() called
        Type: DATA
        From: 2
        SeqNum: 0
        Expected seq: 2
        -> DUPLICATE (seq < expected), ignoring
V2VNativeBridge4: Received message from 5 with length 685
[V2V Layer 4] Received message from replica 5 via JNI
    [Reliability 4] handleIncomingMessage() called
        Type: DATA
        From: 5
        SeqNum: 0
        Expected seq: 0
        -> IN ORDER, delivering immediately
    [Reliability 4] deliverMessage() - deserializing payload
        Deserialized: ConsensusMessage
        DEBUG: envelope.fromReplicaId=5, message.getSender()=5
=== [V2V Layer 4] DELIVER to BFT-SMaRt ===
    Message type: ConsensusMessage
    From replica: 5
    InQueue size before: 0
    InQueue size after: 1
=== [V2V Layer 4] DELIVER successful ===
    [Reliability 4] deliverMessage() - deserializing payload
        Deserialized: ConsensusMessage
        DEBUG: envelope.fromReplicaId=5, message.getSender()=5
=== [V2V Layer 4] DELIVER to BFT-SMaRt ===
    Message type: ConsensusMessage
    From replica: 5
    InQueue size before: 0
20:01:21.402 [Server Comm. System] INFO bftsmart.communication.ServerCommunicationSystem - === ServerCommunicationSystem RECEIVED message ===
    InQueue size after: 1
=== [V2V Layer 4] DELIVER successful ===
20:01:21.402 [Server Comm. System] INFO bftsmart.communication.ServerCommunicationSystem -     Message type: ConsensusMessage
20:01:21.402 [Server Comm. System] INFO bftsmart.communication.ServerCommunicationSystem -     From: 5
20:01:21.402 [Server Comm. System] INFO bftsmart.communication.ServerCommunicationSystem -     Message count: 6
20:01:21.402 [Server Comm. System] DEBUG bftsmart.communication.ServerCommunicationSystem - <-- receiving, msg:type=WRITE, number=0, epoch=0, from=5
20:01:21.402 [Server Comm. System] DEBUG bftsmart.tom.core.ExecutionManager - Received message  type=WRITE, number=0, epoch=0, from=5
20:01:21.402 [Server Comm. System] DEBUG bftsmart.tom.core.ExecutionManager - I'm at consensus 0 and my last consensus is -1
20:01:21.402 [Server Comm. System] DEBUG bftsmart.tom.core.ExecutionManager - Message for consensus 0 can be processed
20:01:21.402 [Server Comm. System] DEBUG bftsmart.consensus.roles.Acceptor - Processing paxos msg with id 0
20:01:21.402 [Server Comm. System] DEBUG bftsmart.consensus.roles.Acceptor - WRITE received from:5, for consensus cId:0
V2VNativeBridge2: Received message from 5 with length 685
[V2V Layer 2] Received message from replica 5 via JNI
20:01:21.402 [Server Comm. System] DEBUG bftsmart.consensus.roles.Acceptor - I have 6, WRITE's for cId:0, Epoch timestamp:0,
[Acceptor 4] computeWrite: cId=0, writeAccepted=6, quorum=5
20:01:21.402 [Server Comm. System] DEBUG bftsmart.consensus.roles.Acceptor - Sending ACCEPT message, cId:0, I am:4
20:01:21.402 [Server Comm. System] DEBUG bftsmart.consensus.roles.Acceptor - Setting consensus 0 QuorumWrite tiemstamp to 0 and value [-21, 9, -51, -7, -127, 107, 124, -1, 109, 78, 34, 43, -92, -13, 35, 62, 23, 92, -26, 14, 25, -95, -86, -10, -116, -103, -32, -125, -94, 16, -128, -111]
    [Reliability 2] handleIncomingMessage() called
20:01:21.402 [Server Comm. System] DEBUG bftsmart.consensus.roles.Acceptor - Speculative ACCEPT message for consensus 0 matches the written value, sending it to the other replicas
[Acceptor 4] ABOUT TO SEND speculative ACCEPT for cId=0 to targets=[0, 1, 2, 3, 4, 5, 6, 7]
        Type: DATA
=== [V2V Layer 4] SEND called ===
    Targets: [0, 1, 2, 3, 4, 5, 6, 7]
    Message type: ConsensusMessage
    Sender: 4
        From: 5
        SeqNum: 0
        Expected seq: 0
    -> Sending to replica 0 via V2V
        -> IN ORDER, delivering immediately
    [Reliability 4] sendReliable() called
        Target: 0
        Message type: ConsensusMessage
    [Reliability 2] deliverMessage() - deserializing payload
        Sequence number: 1
        Deserialized: ConsensusMessage
        DEBUG: envelope.fromReplicaId=5, message.getSender()=5
=== [V2V Layer 2] DELIVER to BFT-SMaRt ===
    Message type: ConsensusMessage
    From replica: 5
    InQueue size before: 0
    InQueue size after: 1
=== [V2V Layer 2] DELIVER successful ===
    [Reliability 2] deliverMessage() - deserializing payload
        Payload size: 267 bytes
        Deserialized: ConsensusMessage
20:01:21.402 [Server Comm. System] INFO bftsmart.communication.ServerCommunicationSystem - === ServerCommunicationSystem RECEIVED message ===
        [Reliability 4] Piggybacked 2 ACKs to replica 0
        DEBUG: envelope.fromReplicaId=5, message.getSender()=5
20:01:21.402 [Server Comm. System] INFO bftsmart.communication.ServerCommunicationSystem -     Message type: ConsensusMessage
=== [V2V Layer 2] DELIVER to BFT-SMaRt ===
    Message type: ConsensusMessage
20:01:21.402 [Server Comm. System] INFO bftsmart.communication.ServerCommunicationSystem -     From: 5
    From replica: 5
    InQueue size before: 0
    InQueue size after: 1
=== [V2V Layer 2] DELIVER successful ===
V2VNativeBridge4: Sending message to -1 with length 872
[JNI] nativeSendMessage: 4 -> -1
20:01:21.403 [Server Comm. System] INFO bftsmart.communication.ServerCommunicationSystem -     Message count: 8
[JNI] Sending 872 bytes (4->-1)
[DEBUG V2VProxy 4] Queue has space - adding message
[JNI] Message queued successfully
20:01:21.403 [Server Comm. System] DEBUG bftsmart.communication.ServerCommunicationSystem - <-- receiving, msg:type=WRITE, number=0, epoch=0, from=5
        [Reliability 4] Sent seq=1 to replica 0
    -> Sending to replica 1 via V2V
    [Reliability 4] sendReliable() called
        Target: 1
        Message type: ConsensusMessage
20:01:21.403 [Server Comm. System] DEBUG bftsmart.tom.core.ExecutionManager - Received message  type=WRITE, number=0, epoch=0, from=5
        Sequence number: 1
20:01:21.403 [Server Comm. System] DEBUG bftsmart.tom.core.ExecutionManager - I'm at consensus 0 and my last consensus is -1
20:01:21.403 [Server Comm. System] DEBUG bftsmart.tom.core.ExecutionManager - Message for consensus 0 can be processed
20:01:21.403 [Server Comm. System] DEBUG bftsmart.consensus.roles.Acceptor - Processing paxos msg with id 0
20:01:21.403 [Server Comm. System] DEBUG bftsmart.consensus.roles.Acceptor - WRITE received from:5, for consensus cId:0
        Payload size: 267 bytes
        [Reliability 4] Piggybacked 1 ACKs to replica 1
V2VNativeBridge3: Received message from 5 with length 685
[V2V Layer 3] Received message from replica 5 via JNI
V2VNativeBridge4: Sending message to -1 with length 858
[JNI] nativeSendMessage: 4 -> -1
[JNI] Sending 858 bytes (4->-1)
[DEBUG V2VProxy 4] Queue has space - adding message
[JNI] Message queued successfully
        [Reliability 4] Sent seq=1 to replica 1
    -> Sending to replica 2 via V2V
    [Reliability 4] sendReliable() called
        Target: 2
        Message type: ConsensusMessage
        Sequence number: 1
        Payload size: 267 bytes
        [Reliability 4] Piggybacked 2 ACKs to replica 2
    [Reliability 3] handleIncomingMessage() called
        Type: DATA
        From: 5
        SeqNum: 0
        Expected seq: 0
        -> IN ORDER, delivering immediately
    [Reliability 3] deliverMessage() - deserializing payload
        Deserialized: ConsensusMessage
        DEBUG: envelope.fromReplicaId=5, message.getSender()=5
=== [V2V Layer 3] DELIVER to BFT-SMaRt ===
    Message type: ConsensusMessage
    From replica: 5
    InQueue size before: 0
    InQueue size after: 1
=== [V2V Layer 3] DELIVER successful ===
    [Reliability 3] deliverMessage() - deserializing payload
20:01:21.403 [Server Comm. System] DEBUG bftsmart.consensus.roles.Acceptor - I have 7, WRITE's for cId:0, Epoch timestamp:0,
20:01:21.403 [Server Comm. System] INFO bftsmart.communication.ServerCommunicationSystem - === ServerCommunicationSystem RECEIVED message ===
[Acceptor 2] computeWrite: cId=0, writeAccepted=7, quorum=5
        Deserialized: ConsensusMessage
        DEBUG: envelope.fromReplicaId=5, message.getSender()=5
=== [V2V Layer 3] DELIVER to BFT-SMaRt ===
    Message type: ConsensusMessage
    From replica: 5
    InQueue size before: 0
    InQueue size after: 1
=== [V2V Layer 3] DELIVER successful ===
20:01:21.403 [Server Comm. System] INFO bftsmart.communication.ServerCommunicationSystem -     Message type: ConsensusMessage
20:01:21.403 [Server Comm. System] INFO bftsmart.communication.ServerCommunicationSystem - === Message processed ===
20:01:21.403 [Server Comm. System] INFO bftsmart.communication.ServerCommunicationSystem -     From: 5
20:01:21.403 [Server Comm. System] INFO bftsmart.communication.ServerCommunicationSystem - === ServerCommunicationSystem RECEIVED message ===
20:01:21.403 [Server Comm. System] INFO bftsmart.communication.ServerCommunicationSystem -     Message count: 6
20:01:21.403 [Server Comm. System] INFO bftsmart.communication.ServerCommunicationSystem -     Message type: ConsensusMessage
20:01:21.403 [Server Comm. System] INFO bftsmart.communication.ServerCommunicationSystem -     From: 5
20:01:21.403 [Server Comm. System] DEBUG bftsmart.communication.ServerCommunicationSystem - <-- receiving, msg:type=WRITE, number=0, epoch=0, from=5
20:01:21.403 [Server Comm. System] INFO bftsmart.communication.ServerCommunicationSystem -     Message count: 9
20:01:21.403 [Server Comm. System] DEBUG bftsmart.communication.ServerCommunicationSystem - <-- receiving, msg:type=ACCEPT, number=0, epoch=0, from=5
20:01:21.403 [Server Comm. System] DEBUG bftsmart.tom.core.ExecutionManager - Received message  type=WRITE, number=0, epoch=0, from=5
[V2VProxy 0] *** RECEIVED V2V message #18 from=5 to=-1 (broadcast=YES) at t=4.925360977004
20:01:21.403 [Server Comm. System] DEBUG bftsmart.tom.core.ExecutionManager - Received message  type=ACCEPT, number=0, epoch=0, from=5
20:01:21.403 [Server Comm. System] DEBUG bftsmart.tom.core.ExecutionManager - I'm at consensus 0 and my last consensus is -1
20:01:21.403 [Server Comm. System] DEBUG bftsmart.tom.core.ExecutionManager - I'm at consensus 0 and my last consensus is -1
V2VNativeBridge0: Received message from 5 with length 685
20:01:21.403 [Server Comm. System] DEBUG bftsmart.tom.core.ExecutionManager - Message for consensus 0 can be processed
[V2V Layer 0] Received message from replica 5 via JNI
20:01:21.403 [Server Comm. System] DEBUG bftsmart.tom.core.ExecutionManager - Message for consensus 0 can be processed
20:01:21.403 [Server Comm. System] DEBUG bftsmart.consensus.roles.Acceptor - Processing paxos msg with id 0
20:01:21.403 [Server Comm. System] DEBUG bftsmart.consensus.roles.Acceptor - Processing paxos msg with id 0
V2VNativeBridge4: Sending message to -1 with length 872
    [Reliability 0] handleIncomingMessage() called[JNI] nativeSendMessage: 4 -> -1

[JNI] Sending 872 bytes (4->-1)
[DEBUG V2VProxy 4] Queue has space - adding message
[JNI] Message queued successfully
        [Reliability 4] Sent seq=1 to replica 2
    -> Sending to replica 3 via V2V
    [Reliability 4] sendReliable() called
        Target: 3
20:01:21.403 [Server Comm. System] DEBUG bftsmart.consensus.roles.Acceptor - ACCEPT from 5 for consensus 0
        Message type: ConsensusMessage
        Sequence number: 1
20:01:21.403 [Server Comm. System] DEBUG bftsmart.consensus.roles.Acceptor - WRITE received from:5, for consensus cId:0
        Type: DATA
        Payload size: 267 bytes
        From: 5
        SeqNum: 0
        Expected seq: 0
        [Reliability 4] Piggybacked 1 ACKs to replica 3
20:01:21.404 [Server Comm. System] DEBUG bftsmart.consensus.roles.Acceptor - I have 3 ACCEPTs for cId:0, Timestamp:0 
        -> IN ORDER, delivering immediately
20:01:21.404 [Server Comm. System] INFO bftsmart.communication.ServerCommunicationSystem - === Message processed ===
    [Reliability 0] deliverMessage() - deserializing payload
20:01:21.404 [Server Comm. System] DEBUG bftsmart.consensus.roles.Acceptor - I have 6, WRITE's for cId:0, Epoch timestamp:0,
V2VNativeBridge4: Sending message to -1 with length 858
[JNI] nativeSendMessage: 4 -> -1
[JNI] Sending 858 bytes (4->-1)
[Acceptor 3] computeWrite: cId=0, writeAccepted=6, quorum=5[DEBUG V2VProxy 4] Queue has space - adding message
[JNI] Message queued successfully

        [Reliability 4] Sent seq=1 to replica 3
    -> Self-delivery to replica 4
20:01:21.404 [Server Comm. System] DEBUG bftsmart.consensus.roles.Acceptor - Sending ACCEPT message, cId:0, I am:3
=== [V2V Layer 4] DELIVER to BFT-SMaRt ===
        Deserialized: ConsensusMessage
        DEBUG: envelope.fromReplicaId=5, message.getSender()=5
=== [V2V Layer 0] DELIVER to BFT-SMaRt ===
    Message type: ConsensusMessage
    From replica: 5
    Message type: ConsensusMessage
    From replica: 4
    InQueue size before: 1
20:01:21.404 [Server Comm. System] DEBUG bftsmart.consensus.roles.Acceptor - Setting consensus 0 QuorumWrite tiemstamp to 0 and value [-21, 9, -51, -7, -127, 107, 124, -1, 109, 78, 34, 43, -92, -13, 35, 62, 23, 92, -26, 14, 25, -95, -86, -10, -116, -103, -32, -125, -94, 16, -128, -111]
    InQueue size after: 2
    InQueue size before: 0
=== [V2V Layer 4] DELIVER successful ===
    InQueue size after: 1
=== [V2V Layer 0] DELIVER successful ===
    -> Sending to replica 5 via V2V
    [Reliability 4] sendReliable() called
20:01:21.404 [Server Comm. System] DEBUG bftsmart.consensus.roles.Acceptor - Speculative ACCEPT message for consensus 0 matches the written value, sending it to the other replicas
20:01:21.404 [Server Comm. System] INFO bftsmart.communication.ServerCommunicationSystem - === ServerCommunicationSystem RECEIVED message ===
20:01:21.404 [Server Comm. System] INFO bftsmart.communication.ServerCommunicationSystem -     Message type: ConsensusMessage
20:01:21.404 [Server Comm. System] INFO bftsmart.communication.ServerCommunicationSystem -     From: 5
        Target: 5
        Message type: ConsensusMessage
        Sequence number: 1
    [Reliability 0] deliverMessage() - deserializing payload
        Payload size: 267 bytes
        [Reliability 4] Piggybacked 2 ACKs to replica 5
20:01:21.404 [Server Comm. System] INFO bftsmart.communication.ServerCommunicationSystem -     Message count: 6
V2VNativeBridge4: Sending message to -1 with length 872
[JNI] nativeSendMessage: 4 -> -1
20:01:21.404 [Server Comm. System] DEBUG bftsmart.communication.ServerCommunicationSystem - <-- receiving, msg:type=WRITE, number=0, epoch=0, from=5
[JNI] Sending 872 bytes (4->-1)
[DEBUG V2VProxy 4] Queue has space - adding message
[JNI] Message queued successfully
[Acceptor 3] ABOUT TO SEND speculative ACCEPT for cId=0 to targets=[0, 1, 2, 3, 4, 5, 6, 7]
=== [V2V Layer 3] SEND called ===
    Targets: [0, 1, 2, 3, 4, 5, 6, 7]
    Message type: ConsensusMessage
    Sender: 3
20:01:21.404 [Server Comm. System] DEBUG bftsmart.tom.core.ExecutionManager - Received message  type=WRITE, number=0, epoch=0, from=5
20:01:21.404 [Server Comm. System] DEBUG bftsmart.tom.core.ExecutionManager - I'm at consensus 0 and my last consensus is -1
20:01:21.404 [Server Comm. System] DEBUG bftsmart.tom.core.ExecutionManager - Message for consensus 0 can be processed
        [Reliability 4] Sent seq=1 to replica 5
    -> Sending to replica 6 via V2V
    [Reliability 4] sendReliable() called
        Target: 6
        Message type: ConsensusMessage
        Deserialized: ConsensusMessage
        DEBUG: envelope.fromReplicaId=5, message.getSender()=5
=== [V2V Layer 0] DELIVER to BFT-SMaRt ===
        Sequence number: 1
20:01:21.404 [Server Comm. System] DEBUG bftsmart.consensus.roles.Acceptor - Processing paxos msg with id 0
        Payload size: 267 bytes
        [Reliability 4] Piggybacked 1 ACKs to replica 6
    -> Sending to replica 0 via V2V
20:01:21.404 [Server Comm. System] DEBUG bftsmart.consensus.roles.Acceptor - WRITE received from:5, for consensus cId:0
20:01:21.404 [Server Comm. System] DEBUG bftsmart.consensus.roles.Acceptor - I have 6, WRITE's for cId:0, Epoch timestamp:0,
[Acceptor 0] computeWrite: cId=0, writeAccepted=6, quorum=5
    [Reliability 3] sendReliable() called
        Target: 0
        Message type: ConsensusMessage
    Message type: ConsensusMessage
    From replica: 5
    InQueue size before: 0
    InQueue size after: 1
=== [V2V Layer 0] DELIVER successful ===
V2VNativeBridge4: Sending message to -1 with length 858
[JNI] nativeSendMessage: 4 -> -1
[JNI] Sending 858 bytes (4->-1)
[DEBUG V2VProxy 4] Queue has space - adding message
[JNI] Message queued successfully
        Sequence number: 1
20:01:21.404 [Server Comm. System] DEBUG bftsmart.consensus.roles.Acceptor - Sending ACCEPT message, cId:0, I am:0
        Payload size: 266 bytes
        [Reliability 3] Piggybacked 2 ACKs to replica 0
        [Reliability 4] Sent seq=1 to replica 6
V2VNativeBridge3: Sending message to -1 with length 871
[JNI] nativeSendMessage: 3 -> -1
    -> Sending to replica 7 via V2V[JNI] Sending 871 bytes (3->-1)
[DEBUG V2VProxy 3] Queue has space - adding message

[JNI] Message queued successfully
    [Reliability 4] sendReliable() called
        Target: 7
        [Reliability 3] Sent seq=1 to replica 0
    -> Sending to replica 1 via V2V
20:01:21.405 [Server Comm. System] DEBUG bftsmart.consensus.roles.Acceptor - Setting consensus 0 QuorumWrite tiemstamp to 0 and value [-21, 9, -51, -7, -127, 107, 124, -1, 109, 78, 34, 43, -92, -13, 35, 62, 23, 92, -26, 14, 25, -95, -86, -10, -116, -103, -32, -125, -94, 16, -128, -111]
    [Reliability 3] sendReliable() called
        Target: 1
        Message type: ConsensusMessage
        Sequence number: 1
        Message type: ConsensusMessage
        Payload size: 266 bytes
        [Reliability 3] Piggybacked 1 ACKs to replica 1
        Sequence number: 1
V2VNativeBridge1: Received message from 5 with length 685
        Payload size: 267 bytes
        [Reliability 4] Piggybacked 1 ACKs to replica 7
[V2V Layer 1] Received message from replica 5 via JNI
20:01:21.406 [Server Comm. System] DEBUG bftsmart.consensus.roles.Acceptor - Speculative ACCEPT message for consensus 0 matches the written value, sending it to the other replicas
[Acceptor 0] ABOUT TO SEND speculative ACCEPT for cId=0 to targets=[0, 1, 2, 3, 4, 5, 6, 7]
V2VNativeBridge4: Sending message to -1 with length 858
[JNI] nativeSendMessage: 4 -> -1
[JNI] Sending 858 bytes (4->-1)
[DEBUG V2VProxy 4] Queue has space - adding message
[JNI] Message queued successfully
        [Reliability 4] Sent seq=1 to replica 7
V2VNativeBridge3: Sending message to -1 with length 857
    [Reliability 1] handleIncomingMessage() called
        Type: DATA
        From: 5
        SeqNum: 0
        Expected seq: 0
        -> IN ORDER, delivering immediately
[JNI] nativeSendMessage: 3 -> -1
    [Reliability 1] deliverMessage() - deserializing payload
[JNI] Sending 857 bytes (3->-1)
[DEBUG V2VProxy 3] Queue has space - adding message
[JNI] Message queued successfully
=== [V2V Layer 4] SEND complete ===
        Deserialized: ConsensusMessage
[Acceptor 4] SENT speculative ACCEPT for cId=0
20:01:21.406 [Server Comm. System] INFO bftsmart.communication.ServerCommunicationSystem - === Message processed ===
=== [V2V Layer 0] SEND called ===
    Targets: [0, 1, 2, 3, 4, 5, 6, 7]
    Message type: ConsensusMessage
    Sender: 0
    -> Self-delivery to replica 0
=== [V2V Layer 0] DELIVER to BFT-SMaRt ===
    Message type: ConsensusMessage
    From replica: 0
    InQueue size before: 1
    InQueue size after: 2
=== [V2V Layer 0] DELIVER successful ===
    -> Sending to replica 1 via V2V
    [Reliability 0] sendReliable() called
        Target: 1
        Message type: ConsensusMessage
20:01:21.406 [Server Comm. System] INFO bftsmart.communication.ServerCommunicationSystem - === ServerCommunicationSystem RECEIVED message ===
        Sequence number: 2
        Payload size: 265 bytes
        [Reliability 0] Piggybacked 1 ACKs to replica 1
20:01:21.406 [Server Comm. System] INFO bftsmart.communication.ServerCommunicationSystem -     Message type: ConsensusMessage
20:01:21.406 [Server Comm. System] INFO bftsmart.communication.ServerCommunicationSystem -     From: 5
        DEBUG: envelope.fromReplicaId=5, message.getSender()=5
V2VNativeBridge0: Sending message to -1 with length 856
[JNI] nativeSendMessage: 0 -> -1
[JNI] Sending 856 bytes (0->-1)
[DEBUG V2VProxy 0] Queue has space - adding message
[JNI] Message queued successfully
        [Reliability 0] Sent seq=2 to replica 1
    -> Sending to replica 2 via V2V
=== [V2V Layer 1] DELIVER to BFT-SMaRt ===
    Message type: ConsensusMessage
    From replica: 5
    InQueue size before: 0
        [Reliability 3] Sent seq=1 to replica 1
    InQueue size after: 1
=== [V2V Layer 1] DELIVER successful ===
    [Reliability 1] deliverMessage() - deserializing payload
    [Reliability 0] sendReliable() called
        Target: 2
        Message type: ConsensusMessage
20:01:21.406 [Server Comm. System] INFO bftsmart.communication.ServerCommunicationSystem -     Message count: 7
        Deserialized: ConsensusMessage
        DEBUG: envelope.fromReplicaId=5, message.getSender()=5
=== [V2V Layer 1] DELIVER to BFT-SMaRt ===
    Message type: ConsensusMessage
    From replica: 5
20:01:21.406 [Server Comm. System] DEBUG bftsmart.communication.ServerCommunicationSystem - <-- receiving, msg:type=ACCEPT, number=0, epoch=0, from=5
    InQueue size before: 0
20:01:21.406 [Server Comm. System] INFO bftsmart.communication.ServerCommunicationSystem - === ServerCommunicationSystem RECEIVED message ===
    InQueue size after: 1
        Sequence number: 2
        Payload size: 265 bytes
        [Reliability 0] Piggybacked 2 ACKs to replica 2
    -> Sending to replica 2 via V2V
V2VNativeBridge0: Sending message to -1 with length 870
[JNI] nativeSendMessage: 0 -> -1
    [Reliability 3] sendReliable() called
        Target: 2
        Message type: ConsensusMessage
        Sequence number: 1
=== [V2V Layer 1] DELIVER successful ===
        Payload size: 266 bytes
        [Reliability 3] Piggybacked 2 ACKs to replica 2
[JNI] Sending 870 bytes (0->-1)
[DEBUG V2VProxy 0] Queue has space - adding message
[JNI] Message queued successfully
        [Reliability 0] Sent seq=2 to replica 2
    -> Sending to replica 3 via V2V
    [Reliability 0] sendReliable() called
        Target: 3
        Message type: ConsensusMessage
        Sequence number: 2
V2VNativeBridge3: Sending message to -1 with length 871
        Payload size: 265 bytes
        [Reliability 0] Piggybacked 1 ACKs to replica 3
[JNI] nativeSendMessage: 3 -> -1
V2VNativeBridge0: Sending message to -1 with length 856
[JNI] Sending 871 bytes (3->-1)
[JNI] nativeSendMessage: [DEBUG V2VProxy 3] Queue has space - adding message0
 -> [JNI] Message queued successfully
20:01:21.406 [Server Comm. System] INFO bftsmart.communication.ServerCommunicationSystem -     Message type: ConsensusMessage
        [Reliability 3] Sent seq=1 to replica 2
-1
[JNI] Sending 856 bytes (0->-1)
    -> Self-delivery to replica 3[DEBUG V2VProxy 0] Queue has space - adding message
[JNI] Message queued successfully

        [Reliability 0] Sent seq=2 to replica 3
20:01:21.406 [Server Comm. System] INFO bftsmart.communication.ServerCommunicationSystem -     From: 5
    -> Sending to replica 4 via V2V
    [Reliability 0] sendReliable() called
        Target: 4
        Message type: ConsensusMessage
        Sequence number: 2
=== [V2V Layer 3] DELIVER to BFT-SMaRt ===
    Message type: ConsensusMessage
    From replica: 3
    InQueue size before: 1
        Payload size: 265 bytes
        [Reliability 0] Piggybacked 1 ACKs to replica 4
20:01:21.406 [Server Comm. System] DEBUG bftsmart.tom.core.ExecutionManager - Received message  type=ACCEPT, number=0, epoch=0, from=5
V2VNativeBridge0: Sending message to -1 with length 856
20:01:21.407 [Server Comm. System] DEBUG bftsmart.tom.core.ExecutionManager - I'm at consensus 0 and my last consensus is -1
[JNI] nativeSendMessage: 0 -> -1
[JNI] Sending 856 bytes (0->-1)
[DEBUG V2VProxy 0] Queue has space - adding message
[JNI] Message queued successfully
20:01:21.407 [Server Comm. System] INFO bftsmart.communication.ServerCommunicationSystem -     Message count: 8
    InQueue size after: 2
20:01:21.407 [Server Comm. System] DEBUG bftsmart.tom.core.ExecutionManager - Message for consensus 0 can be processed
20:01:21.407 [Server Comm. System] DEBUG bftsmart.communication.ServerCommunicationSystem - <-- receiving, msg:type=WRITE, number=0, epoch=0, from=5
20:01:21.407 [Server Comm. System] DEBUG bftsmart.consensus.roles.Acceptor - Processing paxos msg with id 0
20:01:21.407 [Server Comm. System] DEBUG bftsmart.consensus.roles.Acceptor - ACCEPT from 5 for consensus 0
=== [V2V Layer 3] DELIVER successful ===
    -> Sending to replica 4 via V2V
    [Reliability 3] sendReliable() called
        Target: 4
V2VNativeBridge6: Received message from 5 with length 685
[V2V Layer 6] Received message from replica 5 via JNI
        Message type: ConsensusMessage
        Sequence number: 1
20:01:21.407 [Server Comm. System] DEBUG bftsmart.tom.core.ExecutionManager - Received message  type=WRITE, number=0, epoch=0, from=5
        Payload size: 266 bytes
        [Reliability 3] Piggybacked 1 ACKs to replica 4
        [Reliability 0] Sent seq=2 to replica 4
    -> Sending to replica 5 via V2V
    [Reliability 0] sendReliable() called
        Target: 5
        Message type: ConsensusMessage
V2VNativeBridge3: Sending message to -1 with length 857
[JNI] nativeSendMessage: 3 -> -1
[JNI] Sending 857 bytes (3->-1)
[DEBUG V2VProxy 3] Queue has space - adding message
[JNI] Message queued successfully
    [Reliability 6] handleIncomingMessage() called
        [Reliability 3] Sent seq=1 to replica 4
    -> Sending to replica 5 via V2V
    [Reliability 3] sendReliable() called
        Target: 5
        Message type: ConsensusMessage
        Sequence number: 1
20:01:21.407 [Server Comm. System] DEBUG bftsmart.tom.core.ExecutionManager - I'm at consensus 0 and my last consensus is -1
        Payload size: 266 bytes
        Type: DATA
20:01:21.407 [Server Comm. System] DEBUG bftsmart.consensus.roles.Acceptor - I have 2 ACCEPTs for cId:0, Timestamp:0 
20:01:21.407 [Server Comm. System] DEBUG bftsmart.tom.core.ExecutionManager - Message for consensus 0 can be processed
        From: 5
        SeqNum: 0
        Sequence number: 2
        Expected seq: 0
        Payload size: 265 bytes
        [Reliability 0] Piggybacked 2 ACKs to replica 5
        -> IN ORDER, delivering immediately
    [Reliability 6] deliverMessage() - deserializing payload
20:01:21.407 [Server Comm. System] INFO bftsmart.communication.ServerCommunicationSystem - === Message processed ===
V2VNativeBridge0: Sending message to -1 with length 870
[JNI] nativeSendMessage: 0 -> -1
[JNI] Sending 870 bytes (0->-1)
[DEBUG V2VProxy 0] Queue has space - adding message
[JNI] Message queued successfully
        [Reliability 0] Sent seq=2 to replica 5
    -> Sending to replica 6 via V2V
    [Reliability 0] sendReliable() called
        Target: 6
20:01:21.407 [Server Comm. System] INFO bftsmart.communication.ServerCommunicationSystem - === ServerCommunicationSystem RECEIVED message ===
20:01:21.407 [Server Comm. System] DEBUG bftsmart.consensus.roles.Acceptor - Processing paxos msg with id 0
        Deserialized: ConsensusMessage
        DEBUG: envelope.fromReplicaId=5, message.getSender()=5
=== [V2V Layer 6] DELIVER to BFT-SMaRt ===
    Message type: ConsensusMessage
    From replica: 5
    InQueue size before: 0
        Message type: ConsensusMessage
        Sequence number: 2
    InQueue size after: 1
        Payload size: 265 bytes
        [Reliability 3] Piggybacked 2 ACKs to replica 5
20:01:21.407 [Server Comm. System] INFO bftsmart.communication.ServerCommunicationSystem -     Message type: ConsensusMessage
V2VNativeBridge3: Sending message to -1 with length 871
[JNI] nativeSendMessage: 3 -> -1
[JNI] Sending 871 bytes (3->-1)
[DEBUG V2VProxy 3] Queue has space - adding message
[JNI] Message queued successfully
        [Reliability 0] Piggybacked 1 ACKs to replica 6
20:01:21.407 [Server Comm. System] DEBUG bftsmart.consensus.roles.Acceptor - WRITE received from:5, for consensus cId:0
=== [V2V Layer 6] DELIVER successful ===
20:01:21.407 [Server Comm. System] INFO bftsmart.communication.ServerCommunicationSystem - === ServerCommunicationSystem RECEIVED message ===
20:01:21.408 [Server Comm. System] INFO bftsmart.communication.ServerCommunicationSystem -     From: 4
20:01:21.408 [Server Comm. System] INFO bftsmart.communication.ServerCommunicationSystem -     Message type: ConsensusMessage
    [Reliability 6] deliverMessage() - deserializing payload
        [Reliability 3] Sent seq=1 to replica 5
        Deserialized: ConsensusMessage
    -> Sending to replica 6 via V2V
V2VNativeBridge0: Sending message to -1 with length 856
[JNI] nativeSendMessage: 0 -> -1
[JNI] Sending 856 bytes (0->-1)
[DEBUG V2VProxy 0] Queue has space - adding message
[JNI] Message queued successfully
20:01:21.408 [Server Comm. System] DEBUG bftsmart.consensus.roles.Acceptor - I have 7, WRITE's for cId:0, Epoch timestamp:0,
[Acceptor 1] computeWrite: cId=0, writeAccepted=7, quorum=5
20:01:21.408 [Server Comm. System] INFO bftsmart.communication.ServerCommunicationSystem -     Message count: 8
        [Reliability 0] Sent seq=2 to replica 6
20:01:21.408 [Server Comm. System] DEBUG bftsmart.communication.ServerCommunicationSystem - <-- receiving, msg:type=ACCEPT, number=0, epoch=0, from=4
    -> Sending to replica 7 via V2V
20:01:21.408 [Server Comm. System] DEBUG bftsmart.tom.core.ExecutionManager - Received message  type=ACCEPT, number=0, epoch=0, from=4
    [Reliability 0] sendReliable() called
        Target: 7
        Message type: ConsensusMessage
    [Reliability 3] sendReliable() called
        Target: 6
        Message type: ConsensusMessage
        Sequence number: 1
        DEBUG: envelope.fromReplicaId=5, message.getSender()=5
        Payload size: 266 bytes
        [Reliability 3] Piggybacked 1 ACKs to replica 6
=== [V2V Layer 6] DELIVER to BFT-SMaRt ===
    Message type: ConsensusMessage
    From replica: 5
    InQueue size before: 0
    InQueue size after: 1
=== [V2V Layer 6] DELIVER successful ===
V2VNativeBridge3: Sending message to -1 with length 857
[JNI] nativeSendMessage: 3 -> -1
[JNI] Sending 857 bytes (3->-1)
[DEBUG V2VProxy 3] Queue has space - adding message
[JNI] Message queued successfully
        [Reliability 3] Sent seq=1 to replica 6
    -> Sending to replica 7 via V2V
    [Reliability 3] sendReliable() called
        Target: 7
        Message type: ConsensusMessage
        Sequence number: 1
        Sequence number: 2
        Payload size: 266 bytes
        [Reliability 3] Piggybacked 1 ACKs to replica 7
V2VNativeBridge3: Sending message to -1 with length 857
[JNI] nativeSendMessage: 3 -> -1
[JNI] Sending 857 bytes (3->-1)
        Payload size: 265 bytes[DEBUG V2VProxy 3] Queue has space - adding message

[JNI] Message queued successfully
        [Reliability 3] Sent seq=1 to replica 7
        [Reliability 0] Piggybacked 1 ACKs to replica 7
=== [V2V Layer 3] SEND complete ===
[Acceptor 3] SENT speculative ACCEPT for cId=0
V2VNativeBridge0: Sending message to -1 with length 856
[JNI] nativeSendMessage: 0 -> -1
20:01:21.408 [Server Comm. System] INFO bftsmart.communication.ServerCommunicationSystem -     From: 5
[JNI] Sending 856 bytes (0->-1)
[DEBUG V2VProxy 0] Queue has space - adding message
[JNI] Message queued successfully
        [Reliability 0] Sent seq=2 to replica 7
=== [V2V Layer 0] SEND complete ===
[V2VProxy 7] Delivering message #201 from replica 5 to Java (685 bytes)
20:01:21.408 [Server Comm. System] DEBUG bftsmart.tom.core.ExecutionManager - I'm at consensus 0 and my last consensus is -1
[Acceptor 0] SENT speculative ACCEPT for cId=0
V2VNativeBridge7: Received message from 5 with length 685
20:01:21.408 [Server Comm. System] DEBUG bftsmart.tom.core.ExecutionManager - Message for consensus 0 can be processed
[V2V Layer 7] Received message from replica 5 via JNI
20:01:21.408 [Server Comm. System] INFO bftsmart.communication.ServerCommunicationSystem -     Message count: 6
20:01:21.408 [Server Comm. System] INFO bftsmart.communication.ServerCommunicationSystem - === Message processed ===
20:01:21.408 [Server Comm. System] INFO bftsmart.communication.ServerCommunicationSystem - === ServerCommunicationSystem RECEIVED message ===
    [Reliability 7] handleIncomingMessage() called
20:01:21.408 [Server Comm. System] INFO bftsmart.communication.ServerCommunicationSystem - === Message processed ===
        Type: DATA
        From: 5
        SeqNum: 0
        Expected seq: 0
        -> IN ORDER, delivering immediately
    [Reliability 7] deliverMessage() - deserializing payload
20:01:21.408 [Server Comm. System] INFO bftsmart.communication.ServerCommunicationSystem - === ServerCommunicationSystem RECEIVED message ===
20:01:21.408 [Server Comm. System] INFO bftsmart.communication.ServerCommunicationSystem -     Message type: ConsensusMessage
20:01:21.408 [Server Comm. System] DEBUG bftsmart.consensus.roles.Acceptor - Processing paxos msg with id 0
        Deserialized: ConsensusMessage
        DEBUG: envelope.fromReplicaId=5, message.getSender()=5
=== [V2V Layer 7] DELIVER to BFT-SMaRt ===
    Message type: ConsensusMessage
    From replica: 5
    InQueue size before: 0
20:01:21.408 [Server Comm. System] DEBUG bftsmart.consensus.roles.Acceptor - ACCEPT from 4 for consensus 0
    InQueue size after: 1
20:01:21.408 [Server Comm. System] DEBUG bftsmart.consensus.roles.Acceptor - I have 3 ACCEPTs for cId:0, Timestamp:0 
=== [V2V Layer 7] DELIVER successful ===
20:01:21.408 [Server Comm. System] INFO bftsmart.communication.ServerCommunicationSystem - === Message processed ===
    [Reliability 7] deliverMessage() - deserializing payload
20:01:21.408 [Server Comm. System] INFO bftsmart.communication.ServerCommunicationSystem - === Message processed ===
        Deserialized: ConsensusMessage
        DEBUG: envelope.fromReplicaId=5, message.getSender()=5
=== [V2V Layer 7] DELIVER to BFT-SMaRt ===
    Message type: ConsensusMessage
    From replica: 5
    InQueue size before: 0
    InQueue size after: 1
=== [V2V Layer 7] DELIVER successful ===
20:01:21.408 [Server Comm. System] DEBUG bftsmart.communication.ServerCommunicationSystem - <-- receiving, msg:type=WRITE, number=0, epoch=0, from=5
20:01:21.409 [Server Comm. System] INFO bftsmart.communication.ServerCommunicationSystem - === ServerCommunicationSystem RECEIVED message ===
20:01:21.409 [Server Comm. System] INFO bftsmart.communication.ServerCommunicationSystem -     Message type: ConsensusMessage
20:01:21.409 [Server Comm. System] INFO bftsmart.communication.ServerCommunicationSystem -     From: 5
20:01:21.409 [Server Comm. System] INFO bftsmart.communication.ServerCommunicationSystem -     Message count: 7
20:01:21.408 [Server Comm. System] INFO bftsmart.communication.ServerCommunicationSystem -     Message type: ConsensusMessage
20:01:21.409 [Server Comm. System] DEBUG bftsmart.communication.ServerCommunicationSystem - <-- receiving, msg:type=ACCEPT, number=0, epoch=0, from=5
20:01:21.409 [Server Comm. System] DEBUG bftsmart.tom.core.ExecutionManager - Received message  type=ACCEPT, number=0, epoch=0, from=5
20:01:21.409 [Server Comm. System] DEBUG bftsmart.tom.core.ExecutionManager - I'm at consensus 0 and my last consensus is -1
20:01:21.409 [Server Comm. System] INFO bftsmart.communication.ServerCommunicationSystem -     From: 5
20:01:21.409 [Server Comm. System] INFO bftsmart.communication.ServerCommunicationSystem -     Message count: 9
20:01:21.409 [Server Comm. System] DEBUG bftsmart.tom.core.ExecutionManager - Message for consensus 0 can be processed
20:01:21.409 [Server Comm. System] DEBUG bftsmart.communication.ServerCommunicationSystem - <-- receiving, msg:type=ACCEPT, number=0, epoch=0, from=5
20:01:21.408 [Server Comm. System] INFO bftsmart.communication.ServerCommunicationSystem -     From: 5
20:01:21.409 [Server Comm. System] INFO bftsmart.communication.ServerCommunicationSystem -     Message count: 7
20:01:21.408 [Server Comm. System] INFO bftsmart.communication.ServerCommunicationSystem - === ServerCommunicationSystem RECEIVED message ===
20:01:21.409 [Server Comm. System] INFO bftsmart.communication.ServerCommunicationSystem -     Message type: ConsensusMessage
20:01:21.409 [Server Comm. System] INFO bftsmart.communication.ServerCommunicationSystem -     From: 5
20:01:21.409 [Server Comm. System] DEBUG bftsmart.tom.core.ExecutionManager - Received message  type=WRITE, number=0, epoch=0, from=5
20:01:21.409 [Server Comm. System] DEBUG bftsmart.tom.core.ExecutionManager - I'm at consensus 0 and my last consensus is -1
20:01:21.409 [Server Comm. System] DEBUG bftsmart.tom.core.ExecutionManager - Message for consensus 0 can be processed
20:01:21.409 [Server Comm. System] DEBUG bftsmart.consensus.roles.Acceptor - Processing paxos msg with id 0
20:01:21.409 [Server Comm. System] DEBUG bftsmart.consensus.roles.Acceptor - Processing paxos msg with id 0
20:01:21.409 [Server Comm. System] DEBUG bftsmart.consensus.roles.Acceptor - WRITE received from:5, for consensus cId:0
20:01:21.409 [Server Comm. System] DEBUG bftsmart.consensus.roles.Acceptor - I have 6, WRITE's for cId:0, Epoch timestamp:0,
[Acceptor 6] computeWrite: cId=0, writeAccepted=6, quorum=5
20:01:21.409 [Server Comm. System] DEBUG bftsmart.consensus.roles.Acceptor - Sending ACCEPT message, cId:0, I am:6
20:01:21.409 [Server Comm. System] DEBUG bftsmart.consensus.roles.Acceptor - Setting consensus 0 QuorumWrite tiemstamp to 0 and value [-21, 9, -51, -7, -127, 107, 124, -1, 109, 78, 34, 43, -92, -13, 35, 62, 23, 92, -26, 14, 25, -95, -86, -10, -116, -103, -32, -125, -94, 16, -128, -111]
20:01:21.409 [Server Comm. System] DEBUG bftsmart.consensus.roles.Acceptor - ACCEPT from 5 for consensus 0
20:01:21.409 [Server Comm. System] DEBUG bftsmart.tom.core.ExecutionManager - Received message  type=ACCEPT, number=0, epoch=0, from=5
20:01:21.409 [Server Comm. System] DEBUG bftsmart.consensus.roles.Acceptor - I have 2 ACCEPTs for cId:0, Timestamp:0 
20:01:21.409 [Server Comm. System] INFO bftsmart.communication.ServerCommunicationSystem - === Message processed ===
20:01:21.409 [Server Comm. System] INFO bftsmart.communication.ServerCommunicationSystem - === ServerCommunicationSystem RECEIVED message ===
20:01:21.409 [Server Comm. System] DEBUG bftsmart.tom.core.ExecutionManager - I'm at consensus 0 and my last consensus is -1
20:01:21.409 [Server Comm. System] DEBUG bftsmart.communication.ServerCommunicationSystem - <-- receiving, msg:type=ACCEPT, number=0, epoch=0, from=5
20:01:21.409 [Server Comm. System] DEBUG bftsmart.tom.core.ExecutionManager - Received message  type=ACCEPT, number=0, epoch=0, from=5
20:01:21.409 [Server Comm. System] INFO bftsmart.communication.ServerCommunicationSystem -     Message count: 8
20:01:21.409 [Server Comm. System] DEBUG bftsmart.communication.ServerCommunicationSystem - <-- receiving, msg:type=WRITE, number=0, epoch=0, from=5
20:01:21.409 [Server Comm. System] DEBUG bftsmart.consensus.roles.Acceptor - Speculative ACCEPT message for consensus 0 matches the written value, sending it to the other replicas
[Acceptor 6] ABOUT TO SEND speculative ACCEPT for cId=0 to targets=[0, 1, 2, 3, 4, 5, 6, 7]
=== [V2V Layer 6] SEND called ===
    Targets: [0, 1, 2, 3, 4, 5, 6, 7]
    Message type: ConsensusMessage
    Sender: 6
    -> Sending to replica 0 via V2V
    [Reliability 6] sendReliable() called
        Target: 0
        Message type: ConsensusMessage
        Sequence number: 1
        Payload size: 267 bytes
        [Reliability 6] Piggybacked 2 ACKs to replica 0
20:01:21.409 [Server Comm. System] INFO bftsmart.communication.ServerCommunicationSystem -     Message type: ConsensusMessage
V2VNativeBridge6: Sending message to -1 with length 872
[JNI] nativeSendMessage: 6 -> -1
[JNI] Sending 872 bytes (6->-1)
[DEBUG V2VProxy 6] Queue has space - adding message
[JNI] Message queued successfully
        [Reliability 6] Sent seq=1 to replica 0
    -> Sending to replica 1 via V2V
    [Reliability 6] sendReliable() called
        Target: 1
        Message type: ConsensusMessage
        Sequence number: 1
20:01:21.409 [Server Comm. System] INFO bftsmart.communication.ServerCommunicationSystem -     From: 0
        Payload size: 267 bytes
20:01:21.409 [Server Comm. System] DEBUG bftsmart.tom.core.ExecutionManager - Message for consensus 0 can be processed
        [Reliability 6] Piggybacked 1 ACKs to replica 1
V2VNativeBridge6: Sending message to -1 with length 858
[JNI] nativeSendMessage: 6 -> -1
[JNI] Sending 858 bytes (6->-1)
[DEBUG V2VProxy 6] Queue has space - adding message
[JNI] Message queued successfully
20:01:21.409 [Server Comm. System] DEBUG bftsmart.consensus.roles.Acceptor - Processing paxos msg with id 0
        [Reliability 6] Sent seq=1 to replica 1
    -> Sending to replica 2 via V2V
    [Reliability 6] sendReliable() called
        Target: 2
        Message type: ConsensusMessage
20:01:21.409 [Server Comm. System] DEBUG bftsmart.consensus.roles.Acceptor - ACCEPT from 5 for consensus 0
        Sequence number: 1
        Payload size: 267 bytes
        [Reliability 6] Piggybacked 2 ACKs to replica 2
20:01:21.409 [Server Comm. System] DEBUG bftsmart.consensus.roles.Acceptor - I have 3 ACCEPTs for cId:0, Timestamp:0 
V2VNativeBridge6: Sending message to -1 with length 872
[JNI] nativeSendMessage: 6 -> -1
20:01:21.409 [Server Comm. System] DEBUG bftsmart.tom.core.ExecutionManager - I'm at consensus 0 and my last consensus is -1
[JNI] Sending 872 bytes (6->-1)
[DEBUG V2VProxy 6] Queue has space - adding message
[JNI] Message queued successfully
        [Reliability 6] Sent seq=1 to replica 2
    -> Sending to replica 3 via V2V
    [Reliability 6] sendReliable() called
        Target: 3
20:01:21.409 [Server Comm. System] DEBUG bftsmart.tom.core.ExecutionManager - Message for consensus 0 can be processed
        Message type: ConsensusMessage
        Sequence number: 1
20:01:21.409 [Server Comm. System] DEBUG bftsmart.consensus.roles.Acceptor - Processing paxos msg with id 0
20:01:21.409 [Server Comm. System] DEBUG bftsmart.tom.core.ExecutionManager - Received message  type=WRITE, number=0, epoch=0, from=5
        Payload size: 267 bytes
        [Reliability 6] Piggybacked 1 ACKs to replica 3
20:01:21.409 [Server Comm. System] INFO bftsmart.communication.ServerCommunicationSystem -     Message count: 8
20:01:21.410 [Server Comm. System] DEBUG bftsmart.tom.core.ExecutionManager - I'm at consensus 0 and my last consensus is -1
20:01:21.410 [Server Comm. System] DEBUG bftsmart.tom.core.ExecutionManager - Message for consensus 0 can be processed
20:01:21.410 [Server Comm. System] DEBUG bftsmart.consensus.roles.Acceptor - Processing paxos msg with id 0
20:01:21.410 [Server Comm. System] DEBUG bftsmart.consensus.roles.Acceptor - WRITE received from:5, for consensus cId:0
V2VNativeBridge6: Sending message to -1 with length 858
[JNI] nativeSendMessage: 6 -> -1
[JNI] Sending 858 bytes (6->-1)
[DEBUG V2VProxy 6] Queue has space - adding message
[JNI] Message queued successfully
20:01:21.409 [Server Comm. System] INFO bftsmart.communication.ServerCommunicationSystem - === Message processed ===
        [Reliability 6] Sent seq=1 to replica 3
    -> Sending to replica 4 via V2V
    [Reliability 6] sendReliable() called
        Target: 4
        Message type: ConsensusMessage
        Sequence number: 1
20:01:21.409 [Server Comm. System] DEBUG bftsmart.consensus.roles.Acceptor - ACCEPT from 5 for consensus 0
        Payload size: 267 bytes
        [Reliability 6] Piggybacked 1 ACKs to replica 4
V2VNativeBridge6: Sending message to -1 with length 858
[JNI] nativeSendMessage: 6 -> -1
[JNI] Sending 858 bytes (6->-1)
[DEBUG V2VProxy 6] Queue has space - adding message
[JNI] Message queued successfully
20:01:21.410 [Server Comm. System] DEBUG bftsmart.communication.ServerCommunicationSystem - <-- receiving, msg:type=ACCEPT, number=0, epoch=0, from=0
        [Reliability 6] Sent seq=1 to replica 4
    -> Sending to replica 5 via V2V
    [Reliability 6] sendReliable() called
        Target: 5
        Message type: ConsensusMessage
20:01:21.410 [Server Comm. System] DEBUG bftsmart.tom.core.ExecutionManager - Received message  type=ACCEPT, number=0, epoch=0, from=0
        Sequence number: 1
20:01:21.410 [Server Comm. System] DEBUG bftsmart.tom.core.ExecutionManager - I'm at consensus 0 and my last consensus is -1
        Payload size: 267 bytes
20:01:21.410 [Server Comm. System] DEBUG bftsmart.consensus.roles.Acceptor - I have 7, WRITE's for cId:0, Epoch timestamp:0,
20:01:21.410 [Server Comm. System] DEBUG bftsmart.tom.core.ExecutionManager - Message for consensus 0 can be processed
        [Reliability 6] Piggybacked 2 ACKs to replica 5
20:01:21.410 [Server Comm. System] DEBUG bftsmart.consensus.roles.Acceptor - Processing paxos msg with id 0
20:01:21.410 [Server Comm. System] DEBUG bftsmart.consensus.roles.Acceptor - ACCEPT from 0 for consensus 0
V2VNativeBridge6: Sending message to -1 with length 872
20:01:21.410 [Server Comm. System] DEBUG bftsmart.consensus.roles.Acceptor - I have 3 ACCEPTs for cId:0, Timestamp:0 
[JNI] nativeSendMessage: 6 -> -1
[JNI] Sending 872 bytes (6->-1)
[DEBUG V2VProxy 6] Queue has space - adding message
[JNI] Message queued successfully
[Acceptor 7] computeWrite: cId=0, writeAccepted=7, quorum=5
        [Reliability 6] Sent seq=1 to replica 5
    -> Self-delivery to replica 6
=== [V2V Layer 6] DELIVER to BFT-SMaRt ===
    Message type: ConsensusMessage
20:01:21.410 [Server Comm. System] INFO bftsmart.communication.ServerCommunicationSystem - === Message processed ===
    From replica: 6
    InQueue size before: 1
    InQueue size after: 2
=== [V2V Layer 6] DELIVER successful ===
    -> Sending to replica 7 via V2V
    [Reliability 6] sendReliable() called
20:01:21.410 [Server Comm. System] DEBUG bftsmart.consensus.roles.Acceptor - I have 2 ACCEPTs for cId:0, Timestamp:0 
        Target: 7
        Message type: ConsensusMessage
        Sequence number: 1
        Payload size: 267 bytes
20:01:21.410 [Server Comm. System] INFO bftsmart.communication.ServerCommunicationSystem - === Message processed ===
        [Reliability 6] Piggybacked 1 ACKs to replica 7
V2VNativeBridge6: Sending message to -1 with length 858
[JNI] nativeSendMessage: 6 -> -1
[JNI] Sending 858 bytes (6->-1)
[DEBUG V2VProxy 6] Queue has space - adding message
[JNI] Message queued successfully
        [Reliability 6] Sent seq=1 to replica 7
=== [V2V Layer 6] SEND complete ===
[Acceptor 6] SENT speculative ACCEPT for cId=0
20:01:21.411 [Server Comm. System] INFO bftsmart.communication.ServerCommunicationSystem - === Message processed ===
20:01:21.411 [Server Comm. System] INFO bftsmart.communication.ServerCommunicationSystem - === Message processed ===
20:01:21.411 [Server Comm. System] INFO bftsmart.communication.ServerCommunicationSystem - === ServerCommunicationSystem RECEIVED message ===
20:01:21.411 [Server Comm. System] INFO bftsmart.communication.ServerCommunicationSystem - === ServerCommunicationSystem RECEIVED message ===
20:01:21.411 [Server Comm. System] INFO bftsmart.communication.ServerCommunicationSystem - === ServerCommunicationSystem RECEIVED message ===
20:01:21.411 [Server Comm. System] INFO bftsmart.communication.ServerCommunicationSystem -     Message type: ConsensusMessage
20:01:21.411 [Server Comm. System] INFO bftsmart.communication.ServerCommunicationSystem -     Message type: ConsensusMessage
20:01:21.411 [Server Comm. System] INFO bftsmart.communication.ServerCommunicationSystem -     From: 3
20:01:21.411 [Server Comm. System] INFO bftsmart.communication.ServerCommunicationSystem -     Message count: 8
20:01:21.411 [Server Comm. System] DEBUG bftsmart.communication.ServerCommunicationSystem - <-- receiving, msg:type=ACCEPT, number=0, epoch=0, from=3
20:01:21.411 [Server Comm. System] INFO bftsmart.communication.ServerCommunicationSystem -     From: 5
20:01:21.411 [Server Comm. System] INFO bftsmart.communication.ServerCommunicationSystem -     Message count: 7
20:01:21.411 [Server Comm. System] DEBUG bftsmart.communication.ServerCommunicationSystem - <-- receiving, msg:type=ACCEPT, number=0, epoch=0, from=5
20:01:21.411 [Server Comm. System] DEBUG bftsmart.tom.core.ExecutionManager - Received message  type=ACCEPT, number=0, epoch=0, from=5
20:01:21.411 [Server Comm. System] DEBUG bftsmart.tom.core.ExecutionManager - I'm at consensus 0 and my last consensus is -1
20:01:21.411 [Server Comm. System] INFO bftsmart.communication.ServerCommunicationSystem -     Message type: ConsensusMessage
20:01:21.411 [Server Comm. System] INFO bftsmart.communication.ServerCommunicationSystem -     From: 5
20:01:21.411 [Server Comm. System] INFO bftsmart.communication.ServerCommunicationSystem -     Message count: 9
20:01:21.411 [Server Comm. System] DEBUG bftsmart.communication.ServerCommunicationSystem - <-- receiving, msg:type=ACCEPT, number=0, epoch=0, from=5
20:01:21.411 [Server Comm. System] DEBUG bftsmart.tom.core.ExecutionManager - Received message  type=ACCEPT, number=0, epoch=0, from=3
20:01:21.411 [Server Comm. System] DEBUG bftsmart.tom.core.ExecutionManager - I'm at consensus 0 and my last consensus is -1
20:01:21.411 [Server Comm. System] DEBUG bftsmart.tom.core.ExecutionManager - Message for consensus 0 can be processed
20:01:21.411 [Server Comm. System] DEBUG bftsmart.tom.core.ExecutionManager - Message for consensus 0 can be processed
20:01:21.411 [Server Comm. System] DEBUG bftsmart.consensus.roles.Acceptor - Processing paxos msg with id 0
20:01:21.411 [Server Comm. System] DEBUG bftsmart.consensus.roles.Acceptor - ACCEPT from 3 for consensus 0
20:01:21.411 [Server Comm. System] DEBUG bftsmart.consensus.roles.Acceptor - Processing paxos msg with id 0
20:01:21.411 [Server Comm. System] DEBUG bftsmart.tom.core.ExecutionManager - Received message  type=ACCEPT, number=0, epoch=0, from=5
20:01:21.411 [Server Comm. System] DEBUG bftsmart.consensus.roles.Acceptor - I have 3 ACCEPTs for cId:0, Timestamp:0 
20:01:21.411 [Server Comm. System] INFO bftsmart.communication.ServerCommunicationSystem - === Message processed ===
20:01:21.411 [Server Comm. System] DEBUG bftsmart.consensus.roles.Acceptor - ACCEPT from 5 for consensus 0
20:01:21.411 [Server Comm. System] DEBUG bftsmart.tom.core.ExecutionManager - I'm at consensus 0 and my last consensus is -1
20:01:21.412 [Server Comm. System] DEBUG bftsmart.consensus.roles.Acceptor - I have 2 ACCEPTs for cId:0, Timestamp:0 
20:01:21.412 [Server Comm. System] DEBUG bftsmart.tom.core.ExecutionManager - Message for consensus 0 can be processed
20:01:21.412 [Server Comm. System] DEBUG bftsmart.consensus.roles.Acceptor - Processing paxos msg with id 0
20:01:21.412 [Server Comm. System] DEBUG bftsmart.consensus.roles.Acceptor - ACCEPT from 5 for consensus 0
20:01:21.412 [Server Comm. System] INFO bftsmart.communication.ServerCommunicationSystem - === Message processed ===
20:01:21.412 [Server Comm. System] DEBUG bftsmart.consensus.roles.Acceptor - I have 3 ACCEPTs for cId:0, Timestamp:0 
20:01:21.412 [Server Comm. System] INFO bftsmart.communication.ServerCommunicationSystem - === ServerCommunicationSystem RECEIVED message ===
20:01:21.412 [Server Comm. System] INFO bftsmart.communication.ServerCommunicationSystem - === Message processed ===
20:01:21.412 [Server Comm. System] INFO bftsmart.communication.ServerCommunicationSystem -     Message type: ConsensusMessage
20:01:21.412 [Server Comm. System] INFO bftsmart.communication.ServerCommunicationSystem -     From: 6
20:01:21.412 [Server Comm. System] INFO bftsmart.communication.ServerCommunicationSystem -     Message count: 8
20:01:21.412 [Server Comm. System] DEBUG bftsmart.communication.ServerCommunicationSystem - <-- receiving, msg:type=ACCEPT, number=0, epoch=0, from=6
20:01:21.412 [Server Comm. System] DEBUG bftsmart.tom.core.ExecutionManager - Received message  type=ACCEPT, number=0, epoch=0, from=6
20:01:21.412 [Server Comm. System] DEBUG bftsmart.tom.core.ExecutionManager - I'm at consensus 0 and my last consensus is -1
20:01:21.412 [Server Comm. System] DEBUG bftsmart.tom.core.ExecutionManager - Message for consensus 0 can be processed
20:01:21.412 [Server Comm. System] DEBUG bftsmart.consensus.roles.Acceptor - Processing paxos msg with id 0
20:01:21.412 [Server Comm. System] DEBUG bftsmart.consensus.roles.Acceptor - ACCEPT from 6 for consensus 0
20:01:21.412 [Server Comm. System] DEBUG bftsmart.consensus.roles.Acceptor - I have 3 ACCEPTs for cId:0, Timestamp:0 
20:01:21.412 [Server Comm. System] INFO bftsmart.communication.ServerCommunicationSystem - === Message processed ===
V2VNativeBridge6: Received message from 0 with length 1028
[V2V Layer 6] Received message from replica 0 via JNI
    [Reliability 6] handleIncomingMessage() called
        Type: DATA
        From: 0
        SeqNum: 0
        Expected seq: 2
        -> DUPLICATE (seq < expected), ignoring
V2VNativeBridge3: Received message from 0 with length 1028
[V2V Layer 3] Received message from replica 0 via JNI
    [Reliability 3] handleIncomingMessage() called
        Type: DATA
        From: 0
        SeqNum: 0
        Expected seq: 2
        -> DUPLICATE (seq < expected), ignoring
V2VNativeBridge6: Received message from 0 with length 685
[V2V Layer 6] Received message from replica 0 via JNI
    [Reliability 6] handleIncomingMessage() called
        Type: DATA
        From: 0
        SeqNum: 1
        Expected seq: 2
        -> DUPLICATE (seq < expected), ignoring
V2VNativeBridge3: Received message from 0 with length 685
[V2V Layer 3] Received message from replica 0 via JNI
    [Reliability 3] handleIncomingMessage() called
        Type: DATA
        From: 0
        SeqNum: 1
        Expected seq: 2
        -> DUPLICATE (seq < expected), ignoring
V2VNativeBridge2: Received message from 0 with length 685
[V2V Layer 2] Received message from replica 0 via JNI
    [Reliability 2] handleIncomingMessage() called
        Type: DATA
        From: 0
        SeqNum: 1
        Expected seq: 2
        -> DUPLICATE (seq < expected), ignoring
V2VNativeBridge4: Received message from 0 with length 685
[V2V Layer 4] Received message from replica 0 via JNI
    [Reliability 4] handleIncomingMessage() called
        Type: DATA
        From: 0
        SeqNum: 1
        Expected seq: 2
        -> DUPLICATE (seq < expected), ignoring
V2VNativeBridge7: Received message from 0 with length 685
[V2V Layer 7] Received message from replica 0 via JNI
    [Reliability 7] handleIncomingMessage() called
        Type: DATA
        From: 0
        SeqNum: 1
        Expected seq: 2
        -> DUPLICATE (seq < expected), ignoring
V2VNativeBridge1: Received message from 0 with length 685
[V2V Layer 1] Received message from replica 0 via JNI
    [Reliability 1] handleIncomingMessage() called
        Type: DATA
        From: 0
        SeqNum: 1
        Expected seq: 2
        -> DUPLICATE (seq < expected), ignoring
V2VNativeBridge5: Received message from 0 with length 685
[V2V Layer 5] Received message from replica 0 via JNI
    [Reliability 5] handleIncomingMessage() called
        Type: DATA
        From: 0
        SeqNum: 1
        Expected seq: 2
        -> DUPLICATE (seq < expected), ignoring
V2VNativeBridge6: Received message from 0 with length 685
[V2V Layer 6] Received message from replica 0 via JNI
    [Reliability 6] handleIncomingMessage() called
        Type: DATA
        From: 0
        SeqNum: 1
        Expected seq: 2
        -> DUPLICATE (seq < expected), ignoring
V2VNativeBridge3: Received message from 0 with length 685
[V2V Layer 3] Received message from replica 0 via JNI
    [Reliability 3] handleIncomingMessage() called
        Type: DATA
        From: 0
        SeqNum: 1
        Expected seq: 2
        -> DUPLICATE (seq < expected), ignoring
V2VNativeBridge2: Received message from 0 with length 685
[V2V Layer 2] Received message from replica 0 via JNI
    [Reliability 2] handleIncomingMessage() called
        Type: DATA
        From: 0
        SeqNum: 1
        Expected seq: 2
        -> DUPLICATE (seq < expected), ignoring
V2VNativeBridge4: Received message from 0 with length 685
[V2V Layer 4] Received message from replica 0 via JNI
    [Reliability 4] handleIncomingMessage() called
        Type: DATA
        From: 0
        SeqNum: 1
        Expected seq: 2
        -> DUPLICATE (seq < expected), ignoring
V2VNativeBridge7: Received message from 0 with length 685
[V2V Layer 7] Received message from replica 0 via JNI
    [Reliability 7] handleIncomingMessage() called
        Type: DATA
        From: 0
        SeqNum: 1
        Expected seq: 2
        -> DUPLICATE (seq < expected), ignoring
V2VNativeBridge1: Received message from 0 with length 685
[V2V Layer 1] Received message from replica 0 via JNI
    [Reliability 1] handleIncomingMessage() called
        Type: DATA
        From: 0
        SeqNum: 1
        Expected seq: 2
        -> DUPLICATE (seq < expected), ignoring
V2VNativeBridge5: Received message from 0 with length 685
[V2V Layer 5] Received message from replica 0 via JNI
    [Reliability 5] handleIncomingMessage() called
        Type: DATA
        From: 0
        SeqNum: 1
        Expected seq: 2
        -> DUPLICATE (seq < expected), ignoring
[V2VProxy 3] *** SENDING V2V message #10 from=3 to=-1 size=871 bytes at t=4.95
[V2VProxy 3] *** SENDING V2V message #11 from=3 to=-1 size=857 bytes at t=4.95
[V2VProxy 3] *** SENDING V2V message #12 from=3 to=-1 size=871 bytes at t=4.95
[V2VProxy 3] *** SENDING V2V message #13 from=3 to=-1 size=857 bytes at t=4.95
[V2VProxy 3] *** SENDING V2V message #14 from=3 to=-1 size=871 bytes at t=4.95
[V2VProxy 3] *** SENDING V2V message #15 from=3 to=-1 size=857 bytes at t=4.95
[V2VProxy 3] *** SENDING V2V message #16 from=3 to=-1 size=857 bytes at t=4.95
[V2VProxy 4] *** SENDING V2V message #11 from=4 to=-1 size=872 bytes at t=4.95
[V2VProxy 4] *** SENDING V2V message #12 from=4 to=-1 size=858 bytes at t=4.95
[V2VProxy 4] *** SENDING V2V message #13 from=4 to=-1 size=872 bytes at t=4.95
[V2VProxy 4] *** SENDING V2V message #14 from=4 to=-1 size=858 bytes at t=4.95
[V2VProxy 4] *** SENDING V2V message #15 from=4 to=-1 size=872 bytes at t=4.95
[V2VProxy 4] *** SENDING V2V message #16 from=4 to=-1 size=858 bytes at t=4.95
[V2VProxy 4] *** SENDING V2V message #17 from=4 to=-1 size=858 bytes at t=4.95
[V2VProxy 6] *** SENDING V2V message #10 from=6 to=-1 size=872 bytes at t=4.95
[V2VProxy 6] *** SENDING V2V message #11 from=6 to=-1 size=858 bytes at t=4.95
[V2VProxy 6] *** SENDING V2V message #12 from=6 to=-1 size=872 bytes at t=4.95
[V2VProxy 6] *** SENDING V2V message #13 from=6 to=-1 size=858 bytes at t=4.95
[V2VProxy 6] *** SENDING V2V message #14 from=6 to=-1 size=858 bytes at t=4.95
[V2VProxy 6] *** SENDING V2V message #15 from=6 to=-1 size=872 bytes at t=4.95
[V2VProxy 6] *** SENDING V2V message #16 from=6 to=-1 size=858 bytes at t=4.95
V2VNativeBridge2: Received message from 4 with length 872
[V2V Layer 2] Received message from replica 4 via JNI
    [Reliability 2] handleIncomingMessage() called
        Type: DATA
        From: 4
        SeqNum: 1
        Expected seq: 1
        -> IN ORDER, delivering immediately
    [Reliability 2] deliverMessage() - deserializing payload
        Deserialized: ConsensusMessage
        DEBUG: envelope.fromReplicaId=4, message.getSender()=4
=== [V2V Layer 2] DELIVER to BFT-SMaRt ===
    Message type: ConsensusMessage
    From replica: 4
    InQueue size before: 0
    InQueue size after: 1
=== [V2V Layer 2] DELIVER successful ===
V2VNativeBridge5: Received message from 4 with length 872
[V2V Layer 5] Received message from replica 4 via JNI
20:01:21.517 [Server Comm. System] INFO bftsmart.communication.ServerCommunicationSystem - === ServerCommunicationSystem RECEIVED message ===
20:01:21.517 [Server Comm. System] INFO bftsmart.communication.ServerCommunicationSystem -     Message type: ConsensusMessage
20:01:21.517 [Server Comm. System] INFO bftsmart.communication.ServerCommunicationSystem -     From: 4
    [Reliability 5] handleIncomingMessage() called
20:01:21.517 [Server Comm. System] INFO bftsmart.communication.ServerCommunicationSystem -     Message count: 10
        Type: DATA
        From: 4
        SeqNum: 1
20:01:21.517 [Server Comm. System] DEBUG bftsmart.communication.ServerCommunicationSystem - <-- receiving, msg:type=ACCEPT, number=0, epoch=0, from=4
20:01:21.517 [Server Comm. System] DEBUG bftsmart.tom.core.ExecutionManager - Received message  type=ACCEPT, number=0, epoch=0, from=4
20:01:21.517 [Server Comm. System] DEBUG bftsmart.tom.core.ExecutionManager - I'm at consensus 0 and my last consensus is -1
20:01:21.517 [Server Comm. System] DEBUG bftsmart.tom.core.ExecutionManager - Message for consensus 0 can be processed
20:01:21.517 [Server Comm. System] DEBUG bftsmart.consensus.roles.Acceptor - Processing paxos msg with id 0
        Expected seq: 1
20:01:21.517 [Server Comm. System] DEBUG bftsmart.consensus.roles.Acceptor - ACCEPT from 4 for consensus 0
        -> IN ORDER, delivering immediately
    [Reliability 5] deliverMessage() - deserializing payload
20:01:21.517 [Server Comm. System] DEBUG bftsmart.consensus.roles.Acceptor - I have 4 ACCEPTs for cId:0, Timestamp:0 
20:01:21.517 [Server Comm. System] INFO bftsmart.communication.ServerCommunicationSystem - === Message processed ===
        Deserialized: ConsensusMessage
        DEBUG: envelope.fromReplicaId=4, message.getSender()=4
=== [V2V Layer 5] DELIVER to BFT-SMaRt ===
    Message type: ConsensusMessage
    From replica: 4
    InQueue size before: 0
    InQueue size after: 1
=== [V2V Layer 5] DELIVER successful ===
20:01:21.517 [Server Comm. System] INFO bftsmart.communication.ServerCommunicationSystem - === ServerCommunicationSystem RECEIVED message ===
V2VNativeBridge3: Received message from 4 with length 872
[V2V Layer 3] Received message from replica 4 via JNI
20:01:21.517 [Server Comm. System] INFO bftsmart.communication.ServerCommunicationSystem -     Message type: ConsensusMessage
20:01:21.517 [Server Comm. System] INFO bftsmart.communication.ServerCommunicationSystem -     From: 4
20:01:21.517 [Server Comm. System] INFO bftsmart.communication.ServerCommunicationSystem -     Message count: 8
20:01:21.517 [Server Comm. System] DEBUG bftsmart.communication.ServerCommunicationSystem - <-- receiving, msg:type=ACCEPT, number=0, epoch=0, from=4
20:01:21.517 [Server Comm. System] DEBUG bftsmart.tom.core.ExecutionManager - Received message  type=ACCEPT, number=0, epoch=0, from=4
20:01:21.517 [Server Comm. System] DEBUG bftsmart.tom.core.ExecutionManager - I'm at consensus 0 and my last consensus is -1
    [Reliability 3] handleIncomingMessage() called
        Type: DATA
        From: 4
        SeqNum: 1
20:01:21.517 [Server Comm. System] DEBUG bftsmart.tom.core.ExecutionManager - Message for consensus 0 can be processed
20:01:21.517 [Server Comm. System] DEBUG bftsmart.consensus.roles.Acceptor - Processing paxos msg with id 0
20:01:21.517 [Server Comm. System] DEBUG bftsmart.consensus.roles.Acceptor - ACCEPT from 4 for consensus 0
        Expected seq: 1
        -> IN ORDER, delivering immediately
    [Reliability 3] deliverMessage() - deserializing payload
20:01:21.517 [Server Comm. System] DEBUG bftsmart.consensus.roles.Acceptor - I have 3 ACCEPTs for cId:0, Timestamp:0 
20:01:21.517 [Server Comm. System] INFO bftsmart.communication.ServerCommunicationSystem - === Message processed ===
        Deserialized: ConsensusMessage
        DEBUG: envelope.fromReplicaId=4, message.getSender()=4
=== [V2V Layer 3] DELIVER to BFT-SMaRt ===
    Message type: ConsensusMessage
    From replica: 4
    InQueue size before: 0
    InQueue size after: 1
=== [V2V Layer 3] DELIVER successful ===
20:01:21.517 [Server Comm. System] INFO bftsmart.communication.ServerCommunicationSystem - === ServerCommunicationSystem RECEIVED message ===
20:01:21.517 [Server Comm. System] INFO bftsmart.communication.ServerCommunicationSystem -     Message type: ConsensusMessage
20:01:21.517 [Server Comm. System] INFO bftsmart.communication.ServerCommunicationSystem -     From: 4
20:01:21.517 [Server Comm. System] INFO bftsmart.communication.ServerCommunicationSystem -     Message count: 9
20:01:21.517 [Server Comm. System] DEBUG bftsmart.communication.ServerCommunicationSystem - <-- receiving, msg:type=ACCEPT, number=0, epoch=0, from=4
20:01:21.517 [Server Comm. System] DEBUG bftsmart.tom.core.ExecutionManager - Received message  type=ACCEPT, number=0, epoch=0, from=4
20:01:21.517 [Server Comm. System] DEBUG bftsmart.tom.core.ExecutionManager - I'm at consensus 0 and my last consensus is -1
20:01:21.518 [Server Comm. System] DEBUG bftsmart.tom.core.ExecutionManager - Message for consensus 0 can be processed
20:01:21.518 [Server Comm. System] DEBUG bftsmart.consensus.roles.Acceptor - Processing paxos msg with id 0
20:01:21.518 [Server Comm. System] DEBUG bftsmart.consensus.roles.Acceptor - ACCEPT from 4 for consensus 0
20:01:21.518 [Server Comm. System] DEBUG bftsmart.consensus.roles.Acceptor - I have 4 ACCEPTs for cId:0, Timestamp:0 
[V2VProxy 0] *** RECEIVED V2V message #19 from=4 to=-1 (broadcast=YES) at t=4.952628163654
20:01:21.518 [Server Comm. System] INFO bftsmart.communication.ServerCommunicationSystem - === Message processed ===
V2VNativeBridge0: Received message from 4 with length 872
[V2V Layer 0] Received message from replica 4 via JNI
    [Reliability 0] handleIncomingMessage() called
        Type: DATA
        From: 4
        SeqNum: 1
        Expected seq: 1
        -> IN ORDER, delivering immediately
    [Reliability 0] deliverMessage() - deserializing payload
        Deserialized: ConsensusMessage
        DEBUG: envelope.fromReplicaId=4, message.getSender()=4
=== [V2V Layer 0] DELIVER to BFT-SMaRt ===
    Message type: ConsensusMessage
    From replica: 4
    InQueue size before: 0
    InQueue size after: 1
=== [V2V Layer 0] DELIVER successful ===
20:01:21.518 [Server Comm. System] INFO bftsmart.communication.ServerCommunicationSystem - === ServerCommunicationSystem RECEIVED message ===
V2VNativeBridge1: Received message from 4 with length 872
[V2V Layer 1] Received message from replica 4 via JNI
20:01:21.518 [Server Comm. System] INFO bftsmart.communication.ServerCommunicationSystem -     Message type: ConsensusMessage
20:01:21.518 [Server Comm. System] INFO bftsmart.communication.ServerCommunicationSystem -     From: 4
20:01:21.518 [Server Comm. System] INFO bftsmart.communication.ServerCommunicationSystem -     Message count: 9
20:01:21.518 [Server Comm. System] DEBUG bftsmart.communication.ServerCommunicationSystem - <-- receiving, msg:type=ACCEPT, number=0, epoch=0, from=4
20:01:21.518 [Server Comm. System] DEBUG bftsmart.tom.core.ExecutionManager - Received message  type=ACCEPT, number=0, epoch=0, from=4
20:01:21.518 [Server Comm. System] DEBUG bftsmart.tom.core.ExecutionManager - I'm at consensus 0 and my last consensus is -1
    [Reliability 1] handleIncomingMessage() called
        Type: DATA
        From: 4
20:01:21.518 [Server Comm. System] DEBUG bftsmart.tom.core.ExecutionManager - Message for consensus 0 can be processed
        SeqNum: 1
20:01:21.518 [Server Comm. System] DEBUG bftsmart.consensus.roles.Acceptor - Processing paxos msg with id 0
20:01:21.518 [Server Comm. System] DEBUG bftsmart.consensus.roles.Acceptor - ACCEPT from 4 for consensus 0
20:01:21.518 [Server Comm. System] DEBUG bftsmart.consensus.roles.Acceptor - I have 4 ACCEPTs for cId:0, Timestamp:0 
20:01:21.518 [Server Comm. System] INFO bftsmart.communication.ServerCommunicationSystem - === Message processed ===
        Expected seq: 1
        -> IN ORDER, delivering immediately
    [Reliability 1] deliverMessage() - deserializing payload
        Deserialized: ConsensusMessage
        DEBUG: envelope.fromReplicaId=4, message.getSender()=4
=== [V2V Layer 1] DELIVER to BFT-SMaRt ===
    Message type: ConsensusMessage
    From replica: 4
    InQueue size before: 0
    InQueue size after: 1
=== [V2V Layer 1] DELIVER successful ===
20:01:21.518 [Server Comm. System] INFO bftsmart.communication.ServerCommunicationSystem - === ServerCommunicationSystem RECEIVED message ===
20:01:21.518 [Server Comm. System] INFO bftsmart.communication.ServerCommunicationSystem -     Message type: ConsensusMessage
20:01:21.518 [Server Comm. System] INFO bftsmart.communication.ServerCommunicationSystem -     From: 4
20:01:21.518 [Server Comm. System] INFO bftsmart.communication.ServerCommunicationSystem -     Message count: 10
V2VNativeBridge6: Received message from 4 with length 872
20:01:21.518 [Server Comm. System] DEBUG bftsmart.communication.ServerCommunicationSystem - <-- receiving, msg:type=ACCEPT, number=0, epoch=0, from=4
[V2V Layer 6] Received message from replica 4 via JNI
20:01:21.518 [Server Comm. System] DEBUG bftsmart.tom.core.ExecutionManager - Received message  type=ACCEPT, number=0, epoch=0, from=4
20:01:21.518 [Server Comm. System] DEBUG bftsmart.tom.core.ExecutionManager - I'm at consensus 0 and my last consensus is -1
20:01:21.518 [Server Comm. System] DEBUG bftsmart.tom.core.ExecutionManager - Message for consensus 0 can be processed
20:01:21.518 [Server Comm. System] DEBUG bftsmart.consensus.roles.Acceptor - Processing paxos msg with id 0
20:01:21.518 [Server Comm. System] DEBUG bftsmart.consensus.roles.Acceptor - ACCEPT from 4 for consensus 0
20:01:21.518 [Server Comm. System] DEBUG bftsmart.consensus.roles.Acceptor - I have 4 ACCEPTs for cId:0, Timestamp:0 
20:01:21.518 [Server Comm. System] INFO bftsmart.communication.ServerCommunicationSystem - === Message processed ===
    [Reliability 6] handleIncomingMessage() called
        Type: DATA
        From: 4
        SeqNum: 1
        Expected seq: 1
        -> IN ORDER, delivering immediately
    [Reliability 6] deliverMessage() - deserializing payload
        Deserialized: ConsensusMessage
        DEBUG: envelope.fromReplicaId=4, message.getSender()=4
=== [V2V Layer 6] DELIVER to BFT-SMaRt ===
    Message type: ConsensusMessage
    From replica: 4
    InQueue size before: 0
    InQueue size after: 1
=== [V2V Layer 6] DELIVER successful ===
20:01:21.518 [Server Comm. System] INFO bftsmart.communication.ServerCommunicationSystem - === ServerCommunicationSystem RECEIVED message ===
20:01:21.518 [Server Comm. System] INFO bftsmart.communication.ServerCommunicationSystem -     Message type: ConsensusMessage
20:01:21.518 [Server Comm. System] INFO bftsmart.communication.ServerCommunicationSystem -     From: 4
20:01:21.518 [Server Comm. System] INFO bftsmart.communication.ServerCommunicationSystem -     Message count: 9
20:01:21.518 [Server Comm. System] DEBUG bftsmart.communication.ServerCommunicationSystem - <-- receiving, msg:type=ACCEPT, number=0, epoch=0, from=4
20:01:21.518 [Server Comm. System] DEBUG bftsmart.tom.core.ExecutionManager - Received message  type=ACCEPT, number=0, epoch=0, from=4
20:01:21.518 [Server Comm. System] DEBUG bftsmart.tom.core.ExecutionManager - I'm at consensus 0 and my last consensus is -1
20:01:21.518 [Server Comm. System] DEBUG bftsmart.tom.core.ExecutionManager - Message for consensus 0 can be processed
20:01:21.518 [Server Comm. System] DEBUG bftsmart.consensus.roles.Acceptor - Processing paxos msg with id 0
20:01:21.518 [Server Comm. System] DEBUG bftsmart.consensus.roles.Acceptor - ACCEPT from 4 for consensus 0
20:01:21.518 [Server Comm. System] DEBUG bftsmart.consensus.roles.Acceptor - I have 4 ACCEPTs for cId:0, Timestamp:0 
V2VNativeBridge7: Received message from 4 with length 872
20:01:21.518 [Server Comm. System] INFO bftsmart.communication.ServerCommunicationSystem - === Message processed ===
[V2V Layer 7] Received message from replica 4 via JNI
    [Reliability 7] handleIncomingMessage() called
        Type: DATA
        From: 4
        SeqNum: 1
        Expected seq: 1
        -> IN ORDER, delivering immediately
    [Reliability 7] deliverMessage() - deserializing payload
        Deserialized: ConsensusMessage
        DEBUG: envelope.fromReplicaId=4, message.getSender()=4
=== [V2V Layer 7] DELIVER to BFT-SMaRt ===
    Message type: ConsensusMessage
    From replica: 4
    InQueue size before: 0
    InQueue size after: 1
=== [V2V Layer 7] DELIVER successful ===
20:01:21.519 [Server Comm. System] INFO bftsmart.communication.ServerCommunicationSystem - === ServerCommunicationSystem RECEIVED message ===
20:01:21.519 [Server Comm. System] INFO bftsmart.communication.ServerCommunicationSystem -     Message type: ConsensusMessage
20:01:21.519 [Server Comm. System] INFO bftsmart.communication.ServerCommunicationSystem -     From: 4
20:01:21.519 [Server Comm. System] INFO bftsmart.communication.ServerCommunicationSystem -     Message count: 10
20:01:21.519 [Server Comm. System] DEBUG bftsmart.communication.ServerCommunicationSystem - <-- receiving, msg:type=ACCEPT, number=0, epoch=0, from=4
20:01:21.519 [Server Comm. System] DEBUG bftsmart.tom.core.ExecutionManager - Received message  type=ACCEPT, number=0, epoch=0, from=4
20:01:21.519 [Server Comm. System] DEBUG bftsmart.tom.core.ExecutionManager - I'm at consensus 0 and my last consensus is -1
20:01:21.519 [Server Comm. System] DEBUG bftsmart.tom.core.ExecutionManager - Message for consensus 0 can be processed
20:01:21.519 [Server Comm. System] DEBUG bftsmart.consensus.roles.Acceptor - Processing paxos msg with id 0
20:01:21.519 [Server Comm. System] DEBUG bftsmart.consensus.roles.Acceptor - ACCEPT from 4 for consensus 0
20:01:21.519 [Server Comm. System] DEBUG bftsmart.consensus.roles.Acceptor - I have 4 ACCEPTs for cId:0, Timestamp:0 
20:01:21.519 [Server Comm. System] INFO bftsmart.communication.ServerCommunicationSystem - === Message processed ===
V2VNativeBridge6: Received message from 0 with length 856
[V2V Layer 6] Received message from replica 0 via JNI
    [Reliability 6] handleIncomingMessage() called
        Type: DATA
        From: 0
        SeqNum: 2
        Expected seq: 2
        -> IN ORDER, delivering immediately
    [Reliability 6] deliverMessage() - deserializing payload
        Deserialized: ConsensusMessage
        DEBUG: envelope.fromReplicaId=0, message.getSender()=0
=== [V2V Layer 6] DELIVER to BFT-SMaRt ===
    Message type: ConsensusMessage
    From replica: 0
    InQueue size before: 0
    InQueue size after: 1
=== [V2V Layer 6] DELIVER successful ===
20:01:21.547 [Server Comm. System] INFO bftsmart.communication.ServerCommunicationSystem - === ServerCommunicationSystem RECEIVED message ===
20:01:21.547 [Server Comm. System] INFO bftsmart.communication.ServerCommunicationSystem -     Message type: ConsensusMessage
20:01:21.547 [Server Comm. System] INFO bftsmart.communication.ServerCommunicationSystem -     From: 0
20:01:21.547 [Server Comm. System] INFO bftsmart.communication.ServerCommunicationSystem -     Message count: 10
20:01:21.547 [Server Comm. System] DEBUG bftsmart.communication.ServerCommunicationSystem - <-- receiving, msg:type=ACCEPT, number=0, epoch=0, from=0
20:01:21.547 [Server Comm. System] DEBUG bftsmart.tom.core.ExecutionManager - Received message  type=ACCEPT, number=0, epoch=0, from=0
20:01:21.547 [Server Comm. System] DEBUG bftsmart.tom.core.ExecutionManager - I'm at consensus 0 and my last consensus is -1
20:01:21.547 [Server Comm. System] DEBUG bftsmart.tom.core.ExecutionManager - Message for consensus 0 can be processed
20:01:21.547 [Server Comm. System] DEBUG bftsmart.consensus.roles.Acceptor - Processing paxos msg with id 0
20:01:21.547 [Server Comm. System] DEBUG bftsmart.consensus.roles.Acceptor - ACCEPT from 0 for consensus 0
20:01:21.547 [Server Comm. System] DEBUG bftsmart.consensus.roles.Acceptor - I have 5 ACCEPTs for cId:0, Timestamp:0 
20:01:21.547 [Server Comm. System] INFO bftsmart.communication.ServerCommunicationSystem - === Message processed ===
V2VNativeBridge4: Received message from 2 with length 685
[V2V Layer 4] Received message from replica 2 via JNI
    [Reliability 4] handleIncomingMessage() called
        Type: DATA
        From: 2
        SeqNum: 0
        Expected seq: 2
        -> DUPLICATE (seq < expected), ignoring
V2VNativeBridge1: Received message from 2 with length 685
[V2V Layer 1] Received message from replica 2 via JNI
    [Reliability 1] handleIncomingMessage() called
        Type: DATA
        From: 2
        SeqNum: 0
        Expected seq: 2
        -> DUPLICATE (seq < expected), ignoring
[V2VProxy 0] *** RECEIVED V2V message #20 from=2 to=-1 (broadcast=YES) at t=4.958941334397
V2VNativeBridge0: Received message from 2 with length 685
[V2V Layer 0] Received message from replica 2 via JNI
    [Reliability 0] handleIncomingMessage() called
        Type: DATA
        From: 2
        SeqNum: 0
        Expected seq: 2
        -> DUPLICATE (seq < expected), ignoring
V2VNativeBridge3: Received message from 2 with length 685
[V2V Layer 3] Received message from replica 2 via JNI
    [Reliability 3] handleIncomingMessage() called
        Type: DATA
        From: 2
        SeqNum: 0
        Expected seq: 2
        -> DUPLICATE (seq < expected), ignoring
V2VNativeBridge6: Received message from 2 with length 685
[V2V Layer 6] Received message from replica 2 via JNI
    [Reliability 6] handleIncomingMessage() called
        Type: DATA
        From: 2
        SeqNum: 0
        Expected seq: 2
        -> DUPLICATE (seq < expected), ignoring
V2VNativeBridge5: Received message from 2 with length 685
[V2V Layer 5] Received message from replica 2 via JNI
    [Reliability 5] handleIncomingMessage() called
        Type: DATA
        From: 2
        SeqNum: 0
        Expected seq: 2
        -> DUPLICATE (seq < expected), ignoring
V2VNativeBridge7: Received message from 2 with length 685
[V2V Layer 7] Received message from replica 2 via JNI
    [Reliability 7] handleIncomingMessage() called
        Type: DATA
        From: 2
        SeqNum: 0
        Expected seq: 2
        -> DUPLICATE (seq < expected), ignoring
V2VNativeBridge4: Received message from 2 with length 858
[V2V Layer 4] Received message from replica 2 via JNI
    [Reliability 4] handleIncomingMessage() called
        Type: DATA
        From: 2
        SeqNum: 1
        Expected seq: 2
        -> DUPLICATE (seq < expected), ignoring
V2VNativeBridge6: Received message from 7 with length 858
[V2V Layer 6] Received message from replica 7 via JNI
    [Reliability 6] handleIncomingMessage() called
        Type: DATA
        From: 7
        SeqNum: 1
        Expected seq: 0
        -> OUT OF ORDER (seq=1, expected=0), buffering
V2VNativeBridge0: Received message from 7 with length 858
[V2V Layer 0] Received message from replica 7 via JNI
    [Reliability 0] handleIncomingMessage() called
        Type: DATA
        From: 7
        SeqNum: 1
        Expected seq: 0
        -> OUT OF ORDER (seq=1, expected=0), buffering
V2VNativeBridge1: Received message from 7 with length 858
[V2V Layer 1] Received message from replica 7 via JNI
    [Reliability 1] handleIncomingMessage() called
        Type: DATA
        From: 7
        SeqNum: 1
        Expected seq: 0
        -> OUT OF ORDER (seq=1, expected=0), buffering
V2VNativeBridge3: Received message from 7 with length 858
[V2V Layer 3] Received message from replica 7 via JNI
    [Reliability 3] handleIncomingMessage() called
        Type: DATA
        From: 7
        SeqNum: 1
        Expected seq: 0
        -> OUT OF ORDER (seq=1, expected=0), buffering
V2VNativeBridge2: Received message from 7 with length 858
[V2V Layer 2] Received message from replica 7 via JNI
    [Reliability 2] handleIncomingMessage() called
        Type: DATA
        From: 7
        SeqNum: 1
        Expected seq: 0
        -> OUT OF ORDER (seq=1, expected=0), buffering
V2VNativeBridge4: Received message from 7 with length 858
[V2V Layer 4] Received message from replica 7 via JNI
    [Reliability 4] handleIncomingMessage() called
        Type: DATA
        From: 7
        SeqNum: 1
        Expected seq: 0
        -> OUT OF ORDER (seq=1, expected=0), buffering
V2VNativeBridge5: Received message from 7 with length 858
[V2V Layer 5] Received message from replica 7 via JNI
    [Reliability 5] handleIncomingMessage() called
        Type: DATA
        From: 7
        SeqNum: 1
        Expected seq: 0
        -> OUT OF ORDER (seq=1, expected=0), buffering
V2VNativeBridge0: Received message from 6 with length 858
[V2V Layer 0] Received message from replica 6 via JNI
    [Reliability 0] handleIncomingMessage() called
        Type: DATA
        From: 6
        SeqNum: 1
        Expected seq: 1
        -> IN ORDER, delivering immediately
    [Reliability 0] deliverMessage() - deserializing payload
        Deserialized: ConsensusMessage
        DEBUG: envelope.fromReplicaId=6, message.getSender()=6
=== [V2V Layer 0] DELIVER to BFT-SMaRt ===
    Message type: ConsensusMessage
    From replica: 6
    InQueue size before: 0
    InQueue size after: 1
=== [V2V Layer 0] DELIVER successful ===
V2VNativeBridge2: Received message from 4 with length 858
[V2V Layer 2] Received message from replica 4 via JNI
20:01:21.746 [Server Comm. System] INFO bftsmart.communication.ServerCommunicationSystem - === ServerCommunicationSystem RECEIVED message ===
20:01:21.746 [Server Comm. System] INFO bftsmart.communication.ServerCommunicationSystem -     Message type: ConsensusMessage
    [Reliability 2] handleIncomingMessage() called
20:01:21.746 [Server Comm. System] INFO bftsmart.communication.ServerCommunicationSystem -     From: 6
        Type: DATA
        From: 4
        SeqNum: 1
20:01:21.746 [Server Comm. System] INFO bftsmart.communication.ServerCommunicationSystem -     Message count: 10
20:01:21.746 [Server Comm. System] DEBUG bftsmart.communication.ServerCommunicationSystem - <-- receiving, msg:type=ACCEPT, number=0, epoch=0, from=6
20:01:21.746 [Server Comm. System] DEBUG bftsmart.tom.core.ExecutionManager - Received message  type=ACCEPT, number=0, epoch=0, from=6
20:01:21.746 [Server Comm. System] DEBUG bftsmart.tom.core.ExecutionManager - I'm at consensus 0 and my last consensus is -1
        Expected seq: 2
20:01:21.746 [Server Comm. System] DEBUG bftsmart.tom.core.ExecutionManager - Message for consensus 0 can be processed
        -> DUPLICATE (seq < expected), ignoring
20:01:21.746 [Server Comm. System] DEBUG bftsmart.consensus.roles.Acceptor - Processing paxos msg with id 0
20:01:21.746 [Server Comm. System] DEBUG bftsmart.consensus.roles.Acceptor - ACCEPT from 6 for consensus 0
20:01:21.746 [Server Comm. System] DEBUG bftsmart.consensus.roles.Acceptor - I have 5 ACCEPTs for cId:0, Timestamp:0 
20:01:21.746 [Server Comm. System] INFO bftsmart.communication.ServerCommunicationSystem - === Message processed ===
V2VNativeBridge5: Received message from 4 with length 858
[V2V Layer 5] Received message from replica 4 via JNI
    [Reliability 5] handleIncomingMessage() called
        Type: DATA
        From: 4
        SeqNum: 1
        Expected seq: 2
        -> DUPLICATE (seq < expected), ignoring
V2VNativeBridge7: Received message from 6 with length 858
[V2V Layer 7] Received message from replica 6 via JNI
    [Reliability 7] handleIncomingMessage() called
        Type: DATA
        From: 6
        SeqNum: 1
        Expected seq: 1
        -> IN ORDER, delivering immediately
    [Reliability 7] deliverMessage() - deserializing payload
        Deserialized: ConsensusMessage
        DEBUG: envelope.fromReplicaId=6, message.getSender()=6
=== [V2V Layer 7] DELIVER to BFT-SMaRt ===
    Message type: ConsensusMessage
    From replica: 6
    InQueue size before: 0
    InQueue size after: 1
=== [V2V Layer 7] DELIVER successful ===
20:01:21.747 [Server Comm. System] INFO bftsmart.communication.ServerCommunicationSystem - === ServerCommunicationSystem RECEIVED message ===
20:01:21.747 [Server Comm. System] INFO bftsmart.communication.ServerCommunicationSystem -     Message type: ConsensusMessage
20:01:21.747 [Server Comm. System] INFO bftsmart.communication.ServerCommunicationSystem -     From: 6
20:01:21.747 [Server Comm. System] INFO bftsmart.communication.ServerCommunicationSystem -     Message count: 11
20:01:21.747 [Server Comm. System] DEBUG bftsmart.communication.ServerCommunicationSystem - <-- receiving, msg:type=ACCEPT, number=0, epoch=0, from=6
20:01:21.747 [Server Comm. System] DEBUG bftsmart.tom.core.ExecutionManager - Received message  type=ACCEPT, number=0, epoch=0, from=6
20:01:21.747 [Server Comm. System] DEBUG bftsmart.tom.core.ExecutionManager - I'm at consensus 0 and my last consensus is -1
20:01:21.747 [Server Comm. System] DEBUG bftsmart.tom.core.ExecutionManager - Message for consensus 0 can be processed
20:01:21.747 [Server Comm. System] DEBUG bftsmart.consensus.roles.Acceptor - Processing paxos msg with id 0
20:01:21.747 [Server Comm. System] DEBUG bftsmart.consensus.roles.Acceptor - ACCEPT from 6 for consensus 0
20:01:21.747 [Server Comm. System] DEBUG bftsmart.consensus.roles.Acceptor - I have 5 ACCEPTs for cId:0, Timestamp:0 
20:01:21.747 [Server Comm. System] INFO bftsmart.communication.ServerCommunicationSystem - === Message processed ===
V2VNativeBridge0: Received message from 6 with length 872
[V2V Layer 0] Received message from replica 6 via JNI
    [Reliability 0] handleIncomingMessage() called
        Type: DATA
        From: 6
        SeqNum: 1
        Expected seq: 2
        -> DUPLICATE (seq < expected), ignoring
V2VNativeBridge3: Received message from 6 with length 872
[V2V Layer 3] Received message from replica 6 via JNI
    [Reliability 3] handleIncomingMessage() called
        Type: DATA
        From: 6
        SeqNum: 1
        Expected seq: 1
        -> IN ORDER, delivering immediately
    [Reliability 3] deliverMessage() - deserializing payload
        Deserialized: ConsensusMessage
        DEBUG: envelope.fromReplicaId=6, message.getSender()=6
=== [V2V Layer 3] DELIVER to BFT-SMaRt ===
    Message type: ConsensusMessage
    From replica: 6
    InQueue size before: 0
    InQueue size after: 1
=== [V2V Layer 3] DELIVER successful ===
V2VNativeBridge7: Received message from 6 with length 872
[V2V Layer 7] Received message from replica 6 via JNI
20:01:21.766 [Server Comm. System] INFO bftsmart.communication.ServerCommunicationSystem - === ServerCommunicationSystem RECEIVED message ===
20:01:21.766 [Server Comm. System] INFO bftsmart.communication.ServerCommunicationSystem -     Message type: ConsensusMessage
20:01:21.766 [Server Comm. System] INFO bftsmart.communication.ServerCommunicationSystem -     From: 6
20:01:21.766 [Server Comm. System] INFO bftsmart.communication.ServerCommunicationSystem -     Message count: 10
20:01:21.766 [Server Comm. System] DEBUG bftsmart.communication.ServerCommunicationSystem - <-- receiving, msg:type=ACCEPT, number=0, epoch=0, from=6
20:01:21.766 [Server Comm. System] DEBUG bftsmart.tom.core.ExecutionManager - Received message  type=ACCEPT, number=0, epoch=0, from=6
20:01:21.766 [Server Comm. System] DEBUG bftsmart.tom.core.ExecutionManager - I'm at consensus 0 and my last consensus is -1
    [Reliability 7] handleIncomingMessage() called
        Type: DATA
        From: 6
        SeqNum: 1
20:01:21.766 [Server Comm. System] DEBUG bftsmart.tom.core.ExecutionManager - Message for consensus 0 can be processed
20:01:21.766 [Server Comm. System] DEBUG bftsmart.consensus.roles.Acceptor - Processing paxos msg with id 0
20:01:21.766 [Server Comm. System] DEBUG bftsmart.consensus.roles.Acceptor - ACCEPT from 6 for consensus 0
        Expected seq: 2
20:01:21.766 [Server Comm. System] DEBUG bftsmart.consensus.roles.Acceptor - I have 5 ACCEPTs for cId:0, Timestamp:0 
        -> DUPLICATE (seq < expected), ignoring
20:01:21.766 [Server Comm. System] INFO bftsmart.communication.ServerCommunicationSystem - === Message processed ===
V2VNativeBridge2: Received message from 6 with length 872
[V2V Layer 2] Received message from replica 6 via JNI
    [Reliability 2] handleIncomingMessage() called
        Type: DATA
        From: 6
        SeqNum: 1
        Expected seq: 1
        -> IN ORDER, delivering immediately
    [Reliability 2] deliverMessage() - deserializing payload
        Deserialized: ConsensusMessage
        DEBUG: envelope.fromReplicaId=6, message.getSender()=6
=== [V2V Layer 2] DELIVER to BFT-SMaRt ===
    Message type: ConsensusMessage
    From replica: 6
    InQueue size before: 0
    InQueue size after: 1
=== [V2V Layer 2] DELIVER successful ===
V2VNativeBridge1: Received message from 6 with length 872
[V2V Layer 1] Received message from replica 6 via JNI
20:01:21.767 [Server Comm. System] INFO bftsmart.communication.ServerCommunicationSystem - === ServerCommunicationSystem RECEIVED message ===
20:01:21.767 [Server Comm. System] INFO bftsmart.communication.ServerCommunicationSystem -     Message type: ConsensusMessage
20:01:21.767 [Server Comm. System] INFO bftsmart.communication.ServerCommunicationSystem -     From: 6
20:01:21.767 [Server Comm. System] INFO bftsmart.communication.ServerCommunicationSystem -     Message count: 11
    [Reliability 1] handleIncomingMessage() called
        Type: DATA
        From: 6
20:01:21.767 [Server Comm. System] DEBUG bftsmart.communication.ServerCommunicationSystem - <-- receiving, msg:type=ACCEPT, number=0, epoch=0, from=6
        SeqNum: 1
20:01:21.767 [Server Comm. System] DEBUG bftsmart.tom.core.ExecutionManager - Received message  type=ACCEPT, number=0, epoch=0, from=6
20:01:21.767 [Server Comm. System] DEBUG bftsmart.tom.core.ExecutionManager - I'm at consensus 0 and my last consensus is -1
20:01:21.767 [Server Comm. System] DEBUG bftsmart.tom.core.ExecutionManager - Message for consensus 0 can be processed
20:01:21.767 [Server Comm. System] DEBUG bftsmart.consensus.roles.Acceptor - Processing paxos msg with id 0
20:01:21.767 [Server Comm. System] DEBUG bftsmart.consensus.roles.Acceptor - ACCEPT from 6 for consensus 0
        Expected seq: 1
        -> IN ORDER, delivering immediately
20:01:21.767 [Server Comm. System] DEBUG bftsmart.consensus.roles.Acceptor - I have 5 ACCEPTs for cId:0, Timestamp:0 
    [Reliability 1] deliverMessage() - deserializing payload
20:01:21.767 [Server Comm. System] INFO bftsmart.communication.ServerCommunicationSystem - === Message processed ===
        Deserialized: ConsensusMessage
        DEBUG: envelope.fromReplicaId=6, message.getSender()=6
=== [V2V Layer 1] DELIVER to BFT-SMaRt ===
    Message type: ConsensusMessage
    From replica: 6
    InQueue size before: 0
    InQueue size after: 1
=== [V2V Layer 1] DELIVER successful ===
20:01:21.767 [Server Comm. System] INFO bftsmart.communication.ServerCommunicationSystem - === ServerCommunicationSystem RECEIVED message ===
20:01:21.767 [Server Comm. System] INFO bftsmart.communication.ServerCommunicationSystem -     Message type: ConsensusMessage
20:01:21.767 [Server Comm. System] INFO bftsmart.communication.ServerCommunicationSystem -     From: 6
V2VNativeBridge4: Received message from 6 with length 872
[V2V Layer 4] Received message from replica 6 via JNI
20:01:21.767 [Server Comm. System] INFO bftsmart.communication.ServerCommunicationSystem -     Message count: 11
20:01:21.767 [Server Comm. System] DEBUG bftsmart.communication.ServerCommunicationSystem - <-- receiving, msg:type=ACCEPT, number=0, epoch=0, from=6
20:01:21.767 [Server Comm. System] DEBUG bftsmart.tom.core.ExecutionManager - Received message  type=ACCEPT, number=0, epoch=0, from=6
20:01:21.767 [Server Comm. System] DEBUG bftsmart.tom.core.ExecutionManager - I'm at consensus 0 and my last consensus is -1
20:01:21.767 [Server Comm. System] DEBUG bftsmart.tom.core.ExecutionManager - Message for consensus 0 can be processed
20:01:21.767 [Server Comm. System] DEBUG bftsmart.consensus.roles.Acceptor - Processing paxos msg with id 0
20:01:21.767 [Server Comm. System] DEBUG bftsmart.consensus.roles.Acceptor - ACCEPT from 6 for consensus 0
    [Reliability 4] handleIncomingMessage() called
        Type: DATA
20:01:21.767 [Server Comm. System] DEBUG bftsmart.consensus.roles.Acceptor - I have 5 ACCEPTs for cId:0, Timestamp:0 
        From: 6
        SeqNum: 1
20:01:21.767 [Server Comm. System] INFO bftsmart.communication.ServerCommunicationSystem - === Message processed ===
        Expected seq: 1
        -> IN ORDER, delivering immediately
    [Reliability 4] deliverMessage() - deserializing payload
        Deserialized: ConsensusMessage
        DEBUG: envelope.fromReplicaId=6, message.getSender()=6
=== [V2V Layer 4] DELIVER to BFT-SMaRt ===
    Message type: ConsensusMessage
    From replica: 6
    InQueue size before: 0
    InQueue size after: 1
=== [V2V Layer 4] DELIVER successful ===
20:01:21.767 [Server Comm. System] INFO bftsmart.communication.ServerCommunicationSystem - === ServerCommunicationSystem RECEIVED message ===
20:01:21.767 [Server Comm. System] INFO bftsmart.communication.ServerCommunicationSystem -     Message type: ConsensusMessage
20:01:21.767 [Server Comm. System] INFO bftsmart.communication.ServerCommunicationSystem -     From: 6
20:01:21.767 [Server Comm. System] INFO bftsmart.communication.ServerCommunicationSystem -     Message count: 9
20:01:21.767 [Server Comm. System] DEBUG bftsmart.communication.ServerCommunicationSystem - <-- receiving, msg:type=ACCEPT, number=0, epoch=0, from=6
20:01:21.767 [Server Comm. System] DEBUG bftsmart.tom.core.ExecutionManager - Received message  type=ACCEPT, number=0, epoch=0, from=6
20:01:21.767 [Server Comm. System] DEBUG bftsmart.tom.core.ExecutionManager - I'm at consensus 0 and my last consensus is -1
20:01:21.767 [Server Comm. System] DEBUG bftsmart.tom.core.ExecutionManager - Message for consensus 0 can be processed
20:01:21.767 [Server Comm. System] DEBUG bftsmart.consensus.roles.Acceptor - Processing paxos msg with id 0
20:01:21.767 [Server Comm. System] DEBUG bftsmart.consensus.roles.Acceptor - ACCEPT from 6 for consensus 0
20:01:21.767 [Server Comm. System] DEBUG bftsmart.consensus.roles.Acceptor - I have 4 ACCEPTs for cId:0, Timestamp:0 
V2VNativeBridge5: Received message from 6 with length 872
20:01:21.767 [Server Comm. System] INFO bftsmart.communication.ServerCommunicationSystem - === Message processed ===
[V2V Layer 5] Received message from replica 6 via JNI
    [Reliability 5] handleIncomingMessage() called
        Type: DATA
        From: 6
        SeqNum: 1
        Expected seq: 1
        -> IN ORDER, delivering immediately
    [Reliability 5] deliverMessage() - deserializing payload
        Deserialized: ConsensusMessage
        DEBUG: envelope.fromReplicaId=6, message.getSender()=6
=== [V2V Layer 5] DELIVER to BFT-SMaRt ===
    Message type: ConsensusMessage
    From replica: 6
    InQueue size before: 0
    InQueue size after: 1
=== [V2V Layer 5] DELIVER successful ===
20:01:21.767 [Server Comm. System] INFO bftsmart.communication.ServerCommunicationSystem - === ServerCommunicationSystem RECEIVED message ===
20:01:21.767 [Server Comm. System] INFO bftsmart.communication.ServerCommunicationSystem -     Message type: ConsensusMessage
20:01:21.767 [Server Comm. System] INFO bftsmart.communication.ServerCommunicationSystem -     From: 6
20:01:21.767 [Server Comm. System] INFO bftsmart.communication.ServerCommunicationSystem -     Message count: 9
20:01:21.768 [Server Comm. System] DEBUG bftsmart.communication.ServerCommunicationSystem - <-- receiving, msg:type=ACCEPT, number=0, epoch=0, from=6
20:01:21.768 [Server Comm. System] DEBUG bftsmart.tom.core.ExecutionManager - Received message  type=ACCEPT, number=0, epoch=0, from=6
20:01:21.768 [Server Comm. System] DEBUG bftsmart.tom.core.ExecutionManager - I'm at consensus 0 and my last consensus is -1
20:01:21.768 [Server Comm. System] DEBUG bftsmart.tom.core.ExecutionManager - Message for consensus 0 can be processed
20:01:21.768 [Server Comm. System] DEBUG bftsmart.consensus.roles.Acceptor - Processing paxos msg with id 0
20:01:21.768 [Server Comm. System] DEBUG bftsmart.consensus.roles.Acceptor - ACCEPT from 6 for consensus 0
20:01:21.768 [Server Comm. System] DEBUG bftsmart.consensus.roles.Acceptor - I have 4 ACCEPTs for cId:0, Timestamp:0 
20:01:21.768 [Server Comm. System] INFO bftsmart.communication.ServerCommunicationSystem - === Message processed ===
V2VNativeBridge6: Received message from 0 with length 870
[V2V Layer 6] Received message from replica 0 via JNI
    [Reliability 6] handleIncomingMessage() called
        Type: DATA
        From: 0
        SeqNum: 2
        Expected seq: 3
        -> DUPLICATE (seq < expected), ignoring
V2VNativeBridge2: Received message from 4 with length 858
[V2V Layer 2] Received message from replica 4 via JNI
    [Reliability 2] handleIncomingMessage() called
        Type: DATA
        From: 4
        SeqNum: 1
        Expected seq: 2
        -> DUPLICATE (seq < expected), ignoring
V2VNativeBridge5: Received message from 4 with length 858
[V2V Layer 5] Received message from replica 4 via JNI
    [Reliability 5] handleIncomingMessage() called
        Type: DATA
        From: 4
        SeqNum: 1
        Expected seq: 2
        -> DUPLICATE (seq < expected), ignoring
V2VNativeBridge3: Received message from 4 with length 858
[V2V Layer 3] Received message from replica 4 via JNI
    [Reliability 3] handleIncomingMessage() called
        Type: DATA
        From: 4
        SeqNum: 1
        Expected seq: 2
        -> DUPLICATE (seq < expected), ignoring
V2VNativeBridge0: Received message from 4 with length 858
[V2V Layer 0] Received message from replica 4 via JNI
    [Reliability 0] handleIncomingMessage() called
        Type: DATA
        From: 4
        SeqNum: 1
        Expected seq: 2
        -> DUPLICATE (seq < expected), ignoring
V2VNativeBridge1: Received message from 4 with length 858
[V2V Layer 1] Received message from replica 4 via JNI
    [Reliability 1] handleIncomingMessage() called
        Type: DATA
        From: 4
        SeqNum: 1
        Expected seq: 2
        -> DUPLICATE (seq < expected), ignoring
V2VNativeBridge6: Received message from 4 with length 858
[V2V Layer 6] Received message from replica 4 via JNI
    [Reliability 6] handleIncomingMessage() called
        Type: DATA
        From: 4
        SeqNum: 1
        Expected seq: 2
        -> DUPLICATE (seq < expected), ignoring
V2VNativeBridge7: Received message from 4 with length 858
[V2V Layer 7] Received message from replica 4 via JNI
    [Reliability 7] handleIncomingMessage() called
        Type: DATA
        From: 4
        SeqNum: 1
        Expected seq: 2
        -> DUPLICATE (seq < expected), ignoring
V2VNativeBridge0: Received message from 3 with length 871
[V2V Layer 0] Received message from replica 3 via JNI
    [Reliability 0] handleIncomingMessage() called
        Type: DATA
        From: 3
        SeqNum: 1
        Expected seq: 1
        -> IN ORDER, delivering immediately
    [Reliability 0] deliverMessage() - deserializing payload
        Deserialized: ConsensusMessage
        DEBUG: envelope.fromReplicaId=3, message.getSender()=3
=== [V2V Layer 0] DELIVER to BFT-SMaRt ===
    Message type: ConsensusMessage
    From replica: 3
    InQueue size before: 0
    InQueue size after: 1
=== [V2V Layer 0] DELIVER successful ===
20:01:21.848 [Server Comm. System] INFO bftsmart.communication.ServerCommunicationSystem - === ServerCommunicationSystem RECEIVED message ===
20:01:21.848 [Server Comm. System] INFO bftsmart.communication.ServerCommunicationSystem -     Message type: ConsensusMessage
20:01:21.848 [Server Comm. System] INFO bftsmart.communication.ServerCommunicationSystem -     From: 3
20:01:21.848 [Server Comm. System] INFO bftsmart.communication.ServerCommunicationSystem -     Message count: 11
20:01:21.848 [Server Comm. System] DEBUG bftsmart.communication.ServerCommunicationSystem - <-- receiving, msg:type=ACCEPT, number=0, epoch=0, from=3
20:01:21.848 [Server Comm. System] DEBUG bftsmart.tom.core.ExecutionManager - Received message  type=ACCEPT, number=0, epoch=0, from=3
20:01:21.848 [Server Comm. System] DEBUG bftsmart.tom.core.ExecutionManager - I'm at consensus 0 and my last consensus is -1
20:01:21.848 [Server Comm. System] DEBUG bftsmart.tom.core.ExecutionManager - Message for consensus 0 can be processed
20:01:21.848 [Server Comm. System] DEBUG bftsmart.consensus.roles.Acceptor - Processing paxos msg with id 0
V2VNativeBridge6: Received message from 3 with length 871
20:01:21.848 [Server Comm. System] DEBUG bftsmart.consensus.roles.Acceptor - ACCEPT from 3 for consensus 0
[V2V Layer 6] Received message from replica 3 via JNI
20:01:21.848 [Server Comm. System] DEBUG bftsmart.consensus.roles.Acceptor - I have 6 ACCEPTs for cId:0, Timestamp:0 
20:01:21.848 [Server Comm. System] DEBUG bftsmart.consensus.roles.Acceptor - Deciding consensus 0
20:01:21.848 [Server Comm. System] DEBUG bftsmart.consensus.Consensus - Delivering decision from consensus 0 to the TOMLayer/DeliveryThread
20:01:21.848 [Server Comm. System] DEBUG bftsmart.tom.core.DeliveryThread - Using cached requests from the propose.
20:01:21.848 [Server Comm. System] DEBUG bftsmart.clientsmanagement.ClientsManager - Updating client manager
    [Reliability 6] handleIncomingMessage() called
        Type: DATA
        From: 3
        SeqNum: 1
        Expected seq: 1
        -> IN ORDER, delivering immediately
    [Reliability 6] deliverMessage() - deserializing payload
        Deserialized: ConsensusMessage
        DEBUG: envelope.fromReplicaId=3, message.getSender()=3
=== [V2V Layer 6] DELIVER to BFT-SMaRt ===
    Message type: ConsensusMessage
    From replica: 3
    InQueue size before: 0
20:01:21.848 [Server Comm. System] DEBUG bftsmart.clientsmanagement.ClientsManager - Finished updating client manager
20:01:21.848 [Server Comm. System] DEBUG bftsmart.tom.core.DeliveryThread - Consensus 0 finished. Decided size=1
20:01:21.848 [Server Comm. System] DEBUG bftsmart.tom.core.DeliveryThread - Decision from consensus 0 does not contain reconfiguration
20:01:21.848 [Server Comm. System] DEBUG bftsmart.tom.core.TOMLayer - Setting last exec to 0
20:01:21.848 [Server Comm. System] DEBUG bftsmart.tom.core.TOMLayer - Modifying inExec from 0 to -1
    InQueue size after: 1
=== [V2V Layer 6] DELIVER successful ===
20:01:21.848 [Server Comm. System] INFO bftsmart.communication.ServerCommunicationSystem - === ServerCommunicationSystem RECEIVED message ===
20:01:21.848 [Server Comm. System] INFO bftsmart.communication.ServerCommunicationSystem -     Message type: ConsensusMessage
20:01:21.848 [Server Comm. System] INFO bftsmart.communication.ServerCommunicationSystem - === Message processed ===
20:01:21.848 [Server Comm. System] INFO bftsmart.communication.ServerCommunicationSystem -     From: 3
20:01:21.848 [Server Comm. System] INFO bftsmart.communication.ServerCommunicationSystem -     Message count: 11
20:01:21.848 [Server Comm. System] DEBUG bftsmart.communication.ServerCommunicationSystem - <-- receiving, msg:type=ACCEPT, number=0, epoch=0, from=3
20:01:21.848 [Server Comm. System] DEBUG bftsmart.tom.core.ExecutionManager - Received message  type=ACCEPT, number=0, epoch=0, from=3
20:01:21.848 [Server Comm. System] DEBUG bftsmart.tom.core.ExecutionManager - I'm at consensus 0 and my last consensus is -1
20:01:21.848 [Delivery Thread] DEBUG bftsmart.tom.core.DeliveryThread - Current size of the decided queue: 1
20:01:21.848 [TOM Layer] DEBUG bftsmart.tom.core.TOMLayer - I'm the leader.
20:01:21.848 [Server Comm. System] DEBUG bftsmart.tom.core.ExecutionManager - Message for consensus 0 can be processed
20:01:21.848 [Server Comm. System] DEBUG bftsmart.consensus.roles.Acceptor - Processing paxos msg with id 0
20:01:21.848 [TOM Layer] DEBUG bftsmart.tom.core.TOMLayer - Waiting for enough requests
20:01:21.848 [Server Comm. System] DEBUG bftsmart.consensus.roles.Acceptor - ACCEPT from 3 for consensus 0
20:01:21.848 [Server Comm. System] DEBUG bftsmart.consensus.roles.Acceptor - I have 6 ACCEPTs for cId:0, Timestamp:0 
20:01:21.848 [Server Comm. System] DEBUG bftsmart.consensus.roles.Acceptor - Deciding consensus 0
20:01:21.848 [Server Comm. System] DEBUG bftsmart.consensus.Consensus - Delivering decision from consensus 0 to the TOMLayer/DeliveryThread
20:01:21.849 [Server Comm. System] DEBUG bftsmart.tom.core.DeliveryThread - Using cached requests from the propose.
V2VNativeBridge4: Received message from 3 with length 871
20:01:21.849 [Server Comm. System] DEBUG bftsmart.clientsmanagement.ClientsManager - Updating client manager
[V2V Layer 4] Received message from replica 3 via JNI
20:01:21.849 [Server Comm. System] DEBUG bftsmart.clientsmanagement.ClientsManager - Finished updating client manager
20:01:21.849 [Server Comm. System] DEBUG bftsmart.tom.core.DeliveryThread - Consensus 0 finished. Decided size=1
20:01:21.849 [Server Comm. System] DEBUG bftsmart.tom.core.DeliveryThread - Decision from consensus 0 does not contain reconfiguration
    [Reliability 4] handleIncomingMessage() called
20:01:21.849 [Server Comm. System] DEBUG bftsmart.tom.core.TOMLayer - Setting last exec to 0
        Type: DATA
        From: 3
        SeqNum: 1
        Expected seq: 1
20:01:21.849 [Delivery Thread] DEBUG bftsmart.tom.core.DeliveryThread - Using cached requests from the propose.
        -> IN ORDER, delivering immediately
    [Reliability 4] deliverMessage() - deserializing payload
        Deserialized: ConsensusMessage
        DEBUG: envelope.fromReplicaId=3, message.getSender()=3
=== [V2V Layer 4] DELIVER to BFT-SMaRt ===
20:01:21.849 [Server Comm. System] DEBUG bftsmart.tom.core.TOMLayer - Modifying inExec from 0 to -1
    Message type: ConsensusMessage
    From replica: 3
    InQueue size before: 0
20:01:21.849 [Delivery Thread] DEBUG bftsmart.tom.ServiceReplica - Processing TOMMessage from client 1000 with sequence number 0 for session 927359099 decided in consensus 0
20:01:21.849 [Server Comm. System] INFO bftsmart.communication.ServerCommunicationSystem - === Message processed ===
    InQueue size after: 1
=== [V2V Layer 4] DELIVER successful ===
20:01:21.849 [Delivery Thread] DEBUG bftsmart.tom.core.DeliveryThread - Current size of the decided queue: 1
20:01:21.849 [Server Comm. System] INFO bftsmart.communication.ServerCommunicationSystem - === ServerCommunicationSystem RECEIVED message ===
20:01:21.849 [Delivery Thread] DEBUG bftsmart.tom.core.DeliveryThread - Using cached requests from the propose.
20:01:21.849 [Server Comm. System] INFO bftsmart.communication.ServerCommunicationSystem -     Message type: ConsensusMessage
20:01:21.849 [Delivery Thread] DEBUG bftsmart.tom.ServiceReplica - Processing TOMMessage from client 1000 with sequence number 0 for session 927359099 decided in consensus 0
20:01:21.849 [Server Comm. System] INFO bftsmart.communication.ServerCommunicationSystem -     From: 3
20:01:21.849 [Server Comm. System] INFO bftsmart.communication.ServerCommunicationSystem -     Message count: 10
20:01:21.849 [Server Comm. System] DEBUG bftsmart.communication.ServerCommunicationSystem - <-- receiving, msg:type=ACCEPT, number=0, epoch=0, from=3
20:01:21.849 [Server Comm. System] DEBUG bftsmart.tom.core.ExecutionManager - Received message  type=ACCEPT, number=0, epoch=0, from=3
20:01:21.849 [Server Comm. System] DEBUG bftsmart.tom.core.ExecutionManager - I'm at consensus 0 and my last consensus is -1
20:01:21.849 [Server Comm. System] DEBUG bftsmart.tom.core.ExecutionManager - Message for consensus 0 can be processed
20:01:21.849 [Server Comm. System] DEBUG bftsmart.consensus.roles.Acceptor - Processing paxos msg with id 0
20:01:21.849 [Server Comm. System] DEBUG bftsmart.consensus.roles.Acceptor - ACCEPT from 3 for consensus 0
20:01:21.849 [Server Comm. System] DEBUG bftsmart.consensus.roles.Acceptor - I have 5 ACCEPTs for cId:0, Timestamp:0 
20:01:21.849 [Server Comm. System] INFO bftsmart.communication.ServerCommunicationSystem - === Message processed ===
V2VNativeBridge2: Received message from 3 with length 871
[V2V Layer 2] Received message from replica 3 via JNI
    [Reliability 2] handleIncomingMessage() called
        Type: DATA
        From: 3
        SeqNum: 1
        Expected seq: 1
        -> IN ORDER, delivering immediately
    [Reliability 2] deliverMessage() - deserializing payload
        Deserialized: ConsensusMessage
        DEBUG: envelope.fromReplicaId=3, message.getSender()=3
=== [V2V Layer 2] DELIVER to BFT-SMaRt ===
    Message type: ConsensusMessage
    From replica: 3
    InQueue size before: 0
20:01:21.850 [Delivery Thread] DEBUG bftsmart.tom.ServiceReplica - Batching request from 1000
    InQueue size after: 1
=== [V2V Layer 2] DELIVER successful ===
20:01:21.850 [Delivery Thread] DEBUG bftsmart.tom.ServiceReplica - Batching request from 1000
20:01:21.850 [Server Comm. System] INFO bftsmart.communication.ServerCommunicationSystem - === ServerCommunicationSystem RECEIVED message ===
20:01:21.850 [Server Comm. System] INFO bftsmart.communication.ServerCommunicationSystem -     Message type: ConsensusMessage
20:01:21.850 [Server Comm. System] INFO bftsmart.communication.ServerCommunicationSystem -     From: 3
20:01:21.850 [Server Comm. System] INFO bftsmart.communication.ServerCommunicationSystem -     Message count: 12
20:01:21.850 [Delivery Thread] DEBUG bftsmart.tom.ServiceReplica - Processing TOMMessage from client 1001 with sequence number 0 for session -1616661523 decided in consensus 0
20:01:21.850 [Delivery Thread] DEBUG bftsmart.tom.ServiceReplica - Batching request from 1001
V2VNativeBridge5: Received message from 3 with length 871
[V2V Layer 5] Received message from replica 3 via JNI
20:01:21.850 [Delivery Thread] DEBUG bftsmart.tom.ServiceReplica - Processing TOMMessage from client 1002 with sequence number 0 for session -9836715 decided in consensus 0
20:01:21.850 [Delivery Thread] DEBUG bftsmart.tom.ServiceReplica - Processing TOMMessage from client 1001 with sequence number 0 for session -1616661523 decided in consensus 0
    [Reliability 5] handleIncomingMessage() called
        Type: DATA
        From: 3
        SeqNum: 1
20:01:21.850 [Delivery Thread] DEBUG bftsmart.tom.ServiceReplica - Batching request from 1001
20:01:21.850 [Server Comm. System] DEBUG bftsmart.communication.ServerCommunicationSystem - <-- receiving, msg:type=ACCEPT, number=0, epoch=0, from=3
        Expected seq: 1
        -> IN ORDER, delivering immediately
    [Reliability 5] deliverMessage() - deserializing payload
        Deserialized: ConsensusMessage
        DEBUG: envelope.fromReplicaId=3, message.getSender()=3
=== [V2V Layer 5] DELIVER to BFT-SMaRt ===
20:01:21.850 [Delivery Thread] DEBUG bftsmart.tom.ServiceReplica - Batching request from 1002
    Message type: ConsensusMessage
    From replica: 3
    InQueue size before: 0
20:01:21.850 [Delivery Thread] DEBUG bftsmart.tom.ServiceReplica - Processing TOMMessage from client 1003 with sequence number 0 for session -1174399241 decided in consensus 0
    InQueue size after: 1
20:01:21.850 [Delivery Thread] DEBUG bftsmart.tom.ServiceReplica - Processing TOMMessage from client 1002 with sequence number 0 for session -9836715 decided in consensus 0
=== [V2V Layer 5] DELIVER successful ===
20:01:21.850 [Delivery Thread] DEBUG bftsmart.tom.ServiceReplica - Batching request from 1002
20:01:21.850 [Server Comm. System] DEBUG bftsmart.tom.core.ExecutionManager - Received message  type=ACCEPT, number=0, epoch=0, from=3
20:01:21.850 [Server Comm. System] DEBUG bftsmart.tom.core.ExecutionManager - I'm at consensus 0 and my last consensus is -1
20:01:21.850 [Delivery Thread] DEBUG bftsmart.tom.ServiceReplica - Batching request from 1003
V2VNativeBridge1: Received message from 3 with length 871
[V2V Layer 1] Received message from replica 3 via JNI
20:01:21.850 [Delivery Thread] DEBUG bftsmart.tom.ServiceReplica - Processing TOMMessage from client 1004 with sequence number 0 for session 906829679 decided in consensus 0
20:01:21.850 [Server Comm. System] INFO bftsmart.communication.ServerCommunicationSystem - === ServerCommunicationSystem RECEIVED message ===
    [Reliability 1] handleIncomingMessage() called
20:01:21.850 [Server Comm. System] INFO bftsmart.communication.ServerCommunicationSystem -     Message type: ConsensusMessage
        Type: DATA
20:01:21.850 [Server Comm. System] INFO bftsmart.communication.ServerCommunicationSystem -     From: 3
        From: 3
        SeqNum: 1
20:01:21.850 [Server Comm. System] INFO bftsmart.communication.ServerCommunicationSystem -     Message count: 10
        Expected seq: 1
20:01:21.850 [Server Comm. System] DEBUG bftsmart.communication.ServerCommunicationSystem - <-- receiving, msg:type=ACCEPT, number=0, epoch=0, from=3
        -> IN ORDER, delivering immediately
20:01:21.850 [Delivery Thread] DEBUG bftsmart.tom.ServiceReplica - Processing TOMMessage from client 1003 with sequence number 0 for session -1174399241 decided in consensus 0
    [Reliability 1] deliverMessage() - deserializing payload
20:01:21.850 [Delivery Thread] DEBUG bftsmart.tom.ServiceReplica - Batching request from 1003
20:01:21.850 [Server Comm. System] DEBUG bftsmart.tom.core.ExecutionManager - Message for consensus 0 can be processed
        Deserialized: ConsensusMessage
        DEBUG: envelope.fromReplicaId=3, message.getSender()=3
=== [V2V Layer 1] DELIVER to BFT-SMaRt ===
    Message type: ConsensusMessage
    From replica: 3
    InQueue size before: 0
20:01:21.850 [Delivery Thread] DEBUG bftsmart.tom.ServiceReplica - Batching request from 1004
    InQueue size after: 1
=== [V2V Layer 1] DELIVER successful ===
20:01:21.851 [Server Comm. System] INFO bftsmart.communication.ServerCommunicationSystem - === ServerCommunicationSystem RECEIVED message ===
20:01:21.850 [Server Comm. System] DEBUG bftsmart.tom.core.ExecutionManager - Received message  type=ACCEPT, number=0, epoch=0, from=3
20:01:21.851 [Server Comm. System] INFO bftsmart.communication.ServerCommunicationSystem -     Message type: ConsensusMessage
20:01:21.851 [Server Comm. System] INFO bftsmart.communication.ServerCommunicationSystem -     From: 3
20:01:21.851 [Server Comm. System] INFO bftsmart.communication.ServerCommunicationSystem -     Message count: 12
20:01:21.851 [Server Comm. System] DEBUG bftsmart.tom.core.ExecutionManager - I'm at consensus 0 and my last consensus is -1
20:01:21.850 [Delivery Thread] DEBUG bftsmart.tom.ServiceReplica - Processing TOMMessage from client 1004 with sequence number 0 for session 906829679 decided in consensus 0
V2VNativeBridge7: Received message from 3 with length 871
[V2V Layer 7] Received message from replica 3 via JNI
20:01:21.851 [Delivery Thread] DEBUG bftsmart.tom.ServiceReplica - Batching request from 1004
20:01:21.851 [Server Comm. System] DEBUG bftsmart.consensus.roles.Acceptor - Processing paxos msg with id 0
    [Reliability 7] handleIncomingMessage() called
        Type: DATA
        From: 3
        SeqNum: 1
20:01:21.851 [Server Comm. System] DEBUG bftsmart.consensus.roles.Acceptor - ACCEPT from 3 for consensus 0
        Expected seq: 1
20:01:21.851 [Delivery Thread] DEBUG bftsmart.tom.ServiceReplica - Processing TOMMessage from client 1005 with sequence number 0 for session 984428796 decided in consensus 0
        -> IN ORDER, delivering immediately
    [Reliability 7] deliverMessage() - deserializing payload
20:01:21.851 [Delivery Thread] DEBUG bftsmart.tom.ServiceReplica - Batching request from 1005
20:01:21.851 [Server Comm. System] DEBUG bftsmart.communication.ServerCommunicationSystem - <-- receiving, msg:type=ACCEPT, number=0, epoch=0, from=3
        Deserialized: ConsensusMessage
        DEBUG: envelope.fromReplicaId=3, message.getSender()=3
=== [V2V Layer 7] DELIVER to BFT-SMaRt ===
    Message type: ConsensusMessage
    From replica: 3
    InQueue size before: 0
20:01:21.851 [Server Comm. System] DEBUG bftsmart.tom.core.ExecutionManager - Message for consensus 0 can be processed
    InQueue size after: 1
=== [V2V Layer 7] DELIVER successful ===
20:01:21.851 [Server Comm. System] DEBUG bftsmart.consensus.roles.Acceptor - Processing paxos msg with id 0
20:01:21.851 [Delivery Thread] DEBUG bftsmart.tom.ServiceReplica - Processing TOMMessage from client 1005 with sequence number 0 for session 984428796 decided in consensus 0
20:01:21.851 [Server Comm. System] DEBUG bftsmart.consensus.roles.Acceptor - ACCEPT from 3 for consensus 0
20:01:21.851 [Server Comm. System] DEBUG bftsmart.consensus.roles.Acceptor - I have 5 ACCEPTs for cId:0, Timestamp:0 
20:01:21.851 [Server Comm. System] INFO bftsmart.communication.ServerCommunicationSystem - === Message processed ===
20:01:21.851 [Delivery Thread] DEBUG bftsmart.tom.ServiceReplica - Batching request from 1005
20:01:21.851 [Delivery Thread] DEBUG bftsmart.tom.ServiceReplica - Processing TOMMessage from client 1006 with sequence number 0 for session -357618377 decided in consensus 0
20:01:21.851 [Delivery Thread] DEBUG bftsmart.tom.ServiceReplica - Batching request from 1006
20:01:21.851 [Server Comm. System] DEBUG bftsmart.consensus.roles.Acceptor - I have 6 ACCEPTs for cId:0, Timestamp:0 
20:01:21.851 [Server Comm. System] DEBUG bftsmart.consensus.roles.Acceptor - Deciding consensus 0
20:01:21.851 [Delivery Thread] DEBUG bftsmart.tom.ServiceReplica - Processing TOMMessage from client 1006 with sequence number 0 for session -357618377 decided in consensus 0
20:01:21.851 [Server Comm. System] DEBUG bftsmart.consensus.Consensus - Delivering decision from consensus 0 to the TOMLayer/DeliveryThread
20:01:21.851 [Delivery Thread] DEBUG bftsmart.tom.ServiceReplica - Batching request from 1006
20:01:21.851 [Server Comm. System] DEBUG bftsmart.tom.core.ExecutionManager - Received message  type=ACCEPT, number=0, epoch=0, from=3
20:01:21.851 [Server Comm. System] DEBUG bftsmart.tom.core.ExecutionManager - I'm at consensus 0 and my last consensus is -1
20:01:21.851 [Server Comm. System] INFO bftsmart.communication.ServerCommunicationSystem - === ServerCommunicationSystem RECEIVED message ===
20:01:21.851 [Server Comm. System] DEBUG bftsmart.tom.core.ExecutionManager - Message for consensus 0 can be processed
20:01:21.851 [Server Comm. System] DEBUG bftsmart.consensus.roles.Acceptor - Processing paxos msg with id 0
20:01:21.851 [Server Comm. System] DEBUG bftsmart.consensus.roles.Acceptor - ACCEPT from 3 for consensus 0
20:01:21.851 [Server Comm. System] INFO bftsmart.communication.ServerCommunicationSystem -     Message type: ConsensusMessage
20:01:21.851 [Server Comm. System] INFO bftsmart.communication.ServerCommunicationSystem -     From: 3
20:01:21.851 [Server Comm. System] INFO bftsmart.communication.ServerCommunicationSystem -     Message count: 12
20:01:21.851 [Delivery Thread] DEBUG bftsmart.tom.ServiceReplica - Processing TOMMessage from client 1007 with sequence number 0 for session -797304548 decided in consensus 0
20:01:21.851 [Server Comm. System] DEBUG bftsmart.tom.core.DeliveryThread - Using cached requests from the propose.
20:01:21.851 [Delivery Thread] DEBUG bftsmart.tom.ServiceReplica - Batching request from 1007
20:01:21.851 [Server Comm. System] DEBUG bftsmart.clientsmanagement.ClientsManager - Updating client manager
20:01:21.851 [Delivery Thread] DEBUG bftsmart.tom.ServiceReplica - Processing TOMMessage from client 1007 with sequence number 0 for session -797304548 decided in consensus 0
20:01:21.851 [Server Comm. System] DEBUG bftsmart.consensus.roles.Acceptor - I have 6 ACCEPTs for cId:0, Timestamp:0 
20:01:21.851 [Server Comm. System] DEBUG bftsmart.clientsmanagement.ClientsManager - Finished updating client manager
20:01:21.851 [Server Comm. System] DEBUG bftsmart.tom.core.DeliveryThread - Consensus 0 finished. Decided size=1
20:01:21.851 [Server Comm. System] DEBUG bftsmart.consensus.roles.Acceptor - Deciding consensus 0
20:01:21.851 [Server Comm. System] DEBUG bftsmart.consensus.Consensus - Delivering decision from consensus 0 to the TOMLayer/DeliveryThread
20:01:21.851 [Server Comm. System] DEBUG bftsmart.communication.ServerCommunicationSystem - <-- receiving, msg:type=ACCEPT, number=0, epoch=0, from=3
20:01:21.851 [Server Comm. System] DEBUG bftsmart.tom.core.DeliveryThread - Using cached requests from the propose.
20:01:21.851 [Server Comm. System] DEBUG bftsmart.tom.core.DeliveryThread - Decision from consensus 0 does not contain reconfiguration
20:01:21.851 [Server Comm. System] DEBUG bftsmart.tom.core.TOMLayer - Setting last exec to 0
20:01:21.851 [Server Comm. System] DEBUG bftsmart.tom.core.TOMLayer - Modifying inExec from 0 to -1
20:01:21.851 [Server Comm. System] DEBUG bftsmart.tom.core.ExecutionManager - Received message  type=ACCEPT, number=0, epoch=0, from=3
20:01:21.851 [Server Comm. System] INFO bftsmart.communication.ServerCommunicationSystem - === Message processed ===
20:01:21.852 [Server Comm. System] DEBUG bftsmart.tom.core.ExecutionManager - I'm at consensus 0 and my last consensus is -1
20:01:21.851 [Delivery Thread] DEBUG bftsmart.tom.ServiceReplica - Batching request from 1007
20:01:21.852 [Delivery Thread] DEBUG bftsmart.tom.core.DeliveryThread - Current size of the decided queue: 1
20:01:21.852 [Delivery Thread] DEBUG bftsmart.tom.core.DeliveryThread - Using cached requests from the propose.
20:01:21.852 [Delivery Thread] DEBUG bftsmart.tom.ServiceReplica - Processing TOMMessage from client 1000 with sequence number 0 for session 927359099 decided in consensus 0
20:01:21.852 [Delivery Thread] DEBUG bftsmart.tom.ServiceReplica - Batching request from 1000
20:01:21.851 [Server Comm. System] DEBUG bftsmart.clientsmanagement.ClientsManager - Updating client manager
20:01:21.852 [Server Comm. System] DEBUG bftsmart.tom.core.ExecutionManager - Message for consensus 0 can be processed
20:01:21.852 [Server Comm. System] DEBUG bftsmart.consensus.roles.Acceptor - Processing paxos msg with id 0
20:01:21.852 [Delivery Thread] DEBUG bftsmart.tom.ServiceReplica - Processing TOMMessage from client 1001 with sequence number 0 for session -1616661523 decided in consensus 0
20:01:21.852 [Delivery Thread] DEBUG bftsmart.tom.ServiceReplica - Batching request from 1001
20:01:21.852 [Server Comm. System] DEBUG bftsmart.clientsmanagement.ClientsManager - Finished updating client manager
20:01:21.852 [Server Comm. System] DEBUG bftsmart.tom.core.DeliveryThread - Consensus 0 finished. Decided size=1
20:01:21.852 [Server Comm. System] DEBUG bftsmart.tom.core.DeliveryThread - Decision from consensus 0 does not contain reconfiguration
20:01:21.852 [Server Comm. System] DEBUG bftsmart.tom.core.TOMLayer - Setting last exec to 0
20:01:21.852 [Server Comm. System] DEBUG bftsmart.tom.core.TOMLayer - Modifying inExec from 0 to -1
20:01:21.852 [Server Comm. System] DEBUG bftsmart.consensus.roles.Acceptor - ACCEPT from 3 for consensus 0
20:01:21.852 [Delivery Thread] DEBUG bftsmart.tom.core.DeliveryThread - Current size of the decided queue: 1
20:01:21.852 [Delivery Thread] DEBUG bftsmart.tom.ServiceReplica - Processing TOMMessage from client 1002 with sequence number 0 for session -9836715 decided in consensus 0
20:01:21.852 [Server Comm. System] DEBUG bftsmart.consensus.roles.Acceptor - I have 6 ACCEPTs for cId:0, Timestamp:0 
20:01:21.852 [Server Comm. System] DEBUG bftsmart.consensus.roles.Acceptor - Deciding consensus 0
20:01:21.852 [Server Comm. System] DEBUG bftsmart.consensus.Consensus - Delivering decision from consensus 0 to the TOMLayer/DeliveryThread
20:01:21.852 [Server Comm. System] DEBUG bftsmart.tom.core.DeliveryThread - Using cached requests from the propose.
20:01:21.852 [Server Comm. System] DEBUG bftsmart.clientsmanagement.ClientsManager - Updating client manager
20:01:21.852 [Server Comm. System] INFO bftsmart.communication.ServerCommunicationSystem - === Message processed ===
20:01:21.852 [Delivery Thread] DEBUG bftsmart.tom.core.DeliveryThread - Using cached requests from the propose.
20:01:21.852 [Server Comm. System] DEBUG bftsmart.clientsmanagement.ClientsManager - Finished updating client manager
20:01:21.852 [Delivery Thread] DEBUG bftsmart.tom.ServiceReplica - Processing TOMMessage from client 1000 with sequence number 0 for session 927359099 decided in consensus 0
20:01:21.852 [Delivery Thread] DEBUG bftsmart.tom.ServiceReplica - Batching request from 1000
20:01:21.852 [Delivery Thread] DEBUG bftsmart.tom.ServiceReplica - Processing TOMMessage from client 1001 with sequence number 0 for session -1616661523 decided in consensus 0
20:01:21.852 [Delivery Thread] DEBUG bftsmart.tom.ServiceReplica - Batching request from 1001
20:01:21.852 [Delivery Thread] DEBUG bftsmart.tom.ServiceReplica - Processing TOMMessage from client 1002 with sequence number 0 for session -9836715 decided in consensus 0
20:01:21.852 [Delivery Thread] DEBUG bftsmart.tom.ServiceReplica - Batching request from 1002
20:01:21.852 [Delivery Thread] DEBUG bftsmart.tom.ServiceReplica - Processing TOMMessage from client 1003 with sequence number 0 for session -1174399241 decided in consensus 0
20:01:21.852 [Delivery Thread] DEBUG bftsmart.tom.ServiceReplica - Batching request from 1003
20:01:21.852 [Delivery Thread] DEBUG bftsmart.tom.ServiceReplica - Processing TOMMessage from client 1004 with sequence number 0 for session 906829679 decided in consensus 0
20:01:21.852 [Delivery Thread] DEBUG bftsmart.tom.ServiceReplica - Batching request from 1004
20:01:21.852 [Server Comm. System] DEBUG bftsmart.tom.core.DeliveryThread - Consensus 0 finished. Decided size=1
20:01:21.852 [Server Comm. System] DEBUG bftsmart.tom.core.DeliveryThread - Decision from consensus 0 does not contain reconfiguration
[BATCH] Buffered JOIN from CAR_0 (buffer size: 1/8)
[BATCH] Buffered JOIN from CAR_1 (buffer size: 2/8)
[BATCH] Buffered JOIN from CAR_2 (buffer size: 3/8)
[BATCH] Buffered JOIN from CAR_3 (buffer size: 4/8)
[BATCH] Buffered JOIN from CAR_4 (buffer size: 5/8)
[BATCH] Buffered JOIN from CAR_5 (buffer size: 6/8)
[BATCH] Buffered JOIN from CAR_6 (buffer size: 7/8)
[BATCH] Buffered JOIN from CAR_7 (buffer size: 8/8)

[BATCH] ===== TRIGGERING CONSENSUS: We have 8 cars! =====
[BYZANTINE] Generating MALICIOUS decision...20:01:21.852 [Server Comm. System] DEBUG bftsmart.tom.core.TOMLayer - Setting last exec to 0
20:01:21.852 [Delivery Thread] DEBUG bftsmart.tom.ServiceReplica - Batching request from 1002
[BATCH] Buffered JOIN from CAR_0 (buffer size: 1/8)

[BATCH] Buffered JOIN from CAR_1 (buffer size: 2/8)
[BATCH] Buffered JOIN from CAR_2 (buffer size: 3/8)
[BATCH] Buffered JOIN from CAR_3 (buffer size: 4/8)
[BATCH] Buffered JOIN from CAR_4 (buffer size: 5/8)
[BATCH] Buffered JOIN from CAR_5 (buffer size: 6/8)
[BATCH] Buffered JOIN from CAR_6 (buffer size: 7/8)
[BATCH] Buffered JOIN from CAR_7 (buffer size: 8/8)
20:01:21.852 [Delivery Thread] DEBUG bftsmart.tom.ServiceReplica - Processing TOMMessage from client 1003 with sequence number 0 for session -1174399241 decided in consensus 0

[BATCH] ===== TRIGGERING CONSENSUS: We have 8 cars! =====
20:01:21.852 [Delivery Thread] DEBUG bftsmart.tom.ServiceReplica - Batching request from 1003
20:01:21.852 [Delivery Thread] DEBUG bftsmart.tom.ServiceReplica - Processing TOMMessage from client 1005 with sequence number 0 for session 984428796 decided in consensus 0
20:01:21.852 [Server Comm. System] DEBUG bftsmart.tom.core.TOMLayer - Modifying inExec from 0 to -1
20:01:21.852 [Delivery Thread] DEBUG bftsmart.tom.ServiceReplica - Processing TOMMessage from client 1004 with sequence number 0 for session 906829679 decided in consensus 0
20:01:21.852 [Delivery Thread] DEBUG bftsmart.tom.ServiceReplica - Batching request from 1005
20:01:21.853 [Delivery Thread] DEBUG bftsmart.tom.core.DeliveryThread - Current size of the decided queue: 1
20:01:21.853 [Delivery Thread] DEBUG bftsmart.tom.core.DeliveryThread - Using cached requests from the propose.
20:01:21.853 [Delivery Thread] DEBUG bftsmart.tom.ServiceReplica - Processing TOMMessage from client 1000 with sequence number 0 for session 927359099 decided in consensus 0
20:01:21.853 [Delivery Thread] DEBUG bftsmart.tom.ServiceReplica - Batching request from 1004
20:01:21.853 [Delivery Thread] DEBUG bftsmart.tom.ServiceReplica - Batching request from 1000
20:01:21.853 [Delivery Thread] DEBUG bftsmart.tom.ServiceReplica - Processing TOMMessage from client 1001 with sequence number 0 for session -1616661523 decided in consensus 0
20:01:21.853 [Delivery Thread] DEBUG bftsmart.tom.ServiceReplica - Batching request from 1001
20:01:21.853 [Delivery Thread] DEBUG bftsmart.tom.ServiceReplica - Processing TOMMessage from client 1002 with sequence number 0 for session -9836715 decided in consensus 0
20:01:21.853 [Delivery Thread] DEBUG bftsmart.tom.ServiceReplica - Batching request from 1002
20:01:21.853 [Delivery Thread] DEBUG bftsmart.tom.ServiceReplica - Processing TOMMessage from client 1003 with sequence number 0 for session -1174399241 decided in consensus 0
20:01:21.853 [Delivery Thread] DEBUG bftsmart.tom.ServiceReplica - Batching request from 1003
20:01:21.853 [Delivery Thread] DEBUG bftsmart.tom.ServiceReplica - Processing TOMMessage from client 1004 with sequence number 0 for session 906829679 decided in consensus 0
20:01:21.853 [Delivery Thread] DEBUG bftsmart.tom.ServiceReplica - Batching request from 1004
20:01:21.853 [Server Comm. System] INFO bftsmart.communication.ServerCommunicationSystem - === Message processed ===
20:01:21.853 [Delivery Thread] DEBUG bftsmart.tom.ServiceReplica - Processing TOMMessage from client 1006 with sequence number 0 for session -357618377 decided in consensus 0
20:01:21.853 [Delivery Thread] DEBUG bftsmart.tom.ServiceReplica - Batching request from 1006
20:01:21.853 [Delivery Thread] DEBUG bftsmart.tom.ServiceReplica - Processing TOMMessage from client 1007 with sequence number 0 for session -797304548 decided in consensus 0
20:01:21.853 [Delivery Thread] DEBUG bftsmart.tom.ServiceReplica - Processing TOMMessage from client 1005 with sequence number 0 for session 984428796 decided in consensus 0
[BYZANTINE] The Lie is: CAR_7:POS:0;CAR_6:POS:1;CAR_5:POS:2;CAR_4:POS:3;CAR_3:POS:4;CAR_2:POS:5;CAR_1:POS:6;CAR_0:POS:7
[BATCH] ===== CONSENSUS COMPLETE =====
[BATCH] Final Decision: CAR_7:POS:0;CAR_6:POS:1;CAR_5:POS:2;CAR_4:POS:3;CAR_3:POS:4;CAR_2:POS:5;CAR_1:POS:6;CAR_0:POS:7
[BATCH] All subsequent requests will receive this decision

[BATCH] ===== CONSENSUS COMPLETE =====
[BATCH] Final Decision: CAR_0:POS:0;CAR_1:POS:1;CAR_2:POS:2;CAR_3:POS:3;CAR_4:POS:4;CAR_5:POS:5;CAR_6:POS:6;CAR_7:POS:7
[BATCH] All subsequent requests will receive this decision

20:01:21.853 [Delivery Thread] DEBUG bftsmart.tom.ServiceReplica - Batching request from 1005
20:01:21.853 [Delivery Thread] DEBUG bftsmart.tom.ServiceReplica - Processing TOMMessage from client 1006 with sequence number 0 for session -357618377 decided in consensus 0
20:01:21.853 [Delivery Thread] DEBUG bftsmart.tom.ServiceReplica - Processing TOMMessage from client 1005 with sequence number 0 for session 984428796 decided in consensus 0
20:01:21.853 [Delivery Thread] DEBUG bftsmart.tom.ServiceReplica - Batching request from 1006
20:01:21.853 [Delivery Thread] DEBUG bftsmart.tom.ServiceReplica - Processing TOMMessage from client 1007 with sequence number 0 for session -797304548 decided in consensus 0
20:01:21.853 [Delivery Thread] DEBUG bftsmart.tom.ServiceReplica - Batching request from 1007
20:01:21.853 [Delivery Thread] DEBUG bftsmart.tom.ServiceReplica - Batching request from 1005
20:01:21.853 [Delivery Thread] DEBUG bftsmart.tom.ServiceReplica - Batching request from 1007
20:01:21.853 [Delivery Thread] DEBUG bftsmart.tom.ServiceReplica - Processing TOMMessage from client 1006 with sequence number 0 for session -357618377 decided in consensus 0
20:01:21.853 [Delivery Thread] DEBUG bftsmart.tom.ServiceReplica - Batching request from 1006
20:01:21.853 [Delivery Thread] DEBUG bftsmart.tom.ServiceReplica - Processing TOMMessage from client 1007 with sequence number 0 for session -797304548 decided in consensus 0
20:01:21.853 [Delivery Thread] DEBUG bftsmart.tom.ServiceReplica - Batching request from 1007
[BATCH] Buffered JOIN from CAR_0 (buffer size: 1/8)
[BATCH] Buffered JOIN from CAR_1 (buffer size: 2/8)
[BATCH] Buffered JOIN from CAR_2 (buffer size: 3/8)
[BATCH] Buffered JOIN from CAR_3 (buffer size: 4/8)
[BATCH] Buffered JOIN from CAR_0 (buffer size: 1/8)
[BATCH] JOIN request after consensus complete - returning decision: CAR_7:POS:0;CAR_6:POS:1;CAR_5:POS:2;CAR_4:POS:3;CAR_3:POS:4;CAR_2:POS:5;CAR_1:POS:6;CAR_0:POS:7
[BATCH] JOIN request after consensus complete - returning decision: CAR_7:POS:0;CAR_6:POS:1;CAR_5:POS:2;CAR_4:POS:3;CAR_3:POS:4;CAR_2:POS:5;CAR_1:POS:6;CAR_0:POS:7
[BATCH] JOIN request after consensus complete - returning decision: CAR_7:POS:0;CAR_6:POS:1;CAR_5:POS:2;CAR_4:POS:3;CAR_3:POS:4;CAR_2:POS:5;CAR_1:POS:6;CAR_0:POS:7
[BATCH] Buffered JOIN from CAR_1 (buffer size: 2/8)
[BATCH] Buffered JOIN from CAR_2 (buffer size: 3/8)
[BATCH] Buffered JOIN from CAR_3 (buffer size: 4/8)
[BATCH] Buffered JOIN from CAR_4 (buffer size: 5/8)
[BATCH] Buffered JOIN from CAR_5 (buffer size: 6/8)
[BATCH] Buffered JOIN from CAR_6 (buffer size: 7/8)
[BATCH] Buffered JOIN from CAR_7 (buffer size: 8/8)
[BATCH] Buffered JOIN from CAR_0 (buffer size: 1/8)
[BATCH] Buffered JOIN from CAR_1 (buffer size: 2/8)
[BATCH] Buffered JOIN from CAR_2 (buffer size: 3/8)
[BATCH] Buffered JOIN from CAR_3 (buffer size: 4/8)
[BATCH] Buffered JOIN from CAR_4 (buffer size: 5/8)
[BATCH] Buffered JOIN from CAR_5 (buffer size: 6/8)
[BATCH] Buffered JOIN from CAR_6 (buffer size: 7/8)
[BATCH] Buffered JOIN from CAR_7 (buffer size: 8/8)

[BATCH] ===== TRIGGERING CONSENSUS: We have 8 cars! =====

[BATCH] ===== TRIGGERING CONSENSUS: We have 8 cars! =====
[BATCH] ===== CONSENSUS COMPLETE =====
[BATCH] Final Decision: CAR_0:POS:0;CAR_1:POS:1;CAR_2:POS:2;CAR_3:POS:3;CAR_4:POS:4;CAR_5:POS:5;CAR_6:POS:6;CAR_7:POS:7
[BATCH] All subsequent requests will receive this decision

[BATCH] JOIN request after consensus complete - returning decision: CAR_0:POS:0;CAR_1:POS:1;CAR_2:POS:2;CAR_3:POS:3;CAR_4:POS:4;CAR_5:POS:5;CAR_6:POS:6;CAR_7:POS:7
[BATCH] JOIN request after consensus complete - returning decision: CAR_0:POS:0;CAR_1:POS:1;CAR_2:POS:2;CAR_3:POS:3;CAR_4:POS:4;CAR_5:POS:5;CAR_6:POS:6;CAR_7:POS:7
[BATCH] JOIN request after consensus complete - returning decision: CAR_0:POS:0;CAR_1:POS:1;CAR_2:POS:2;CAR_3:POS:3;CAR_4:POS:4;CAR_5:POS:5;CAR_6:POS:6;CAR_7:POS:7
[BATCH] JOIN request after consensus complete - returning decision: CAR_0:POS:0;CAR_1:POS:1;CAR_2:POS:2;CAR_3:POS:3;CAR_4:POS:4;CAR_5:POS:5;CAR_6:POS:6;CAR_7:POS:7
[BATCH] JOIN request after consensus complete - returning decision: CAR_0:POS:0;CAR_1:POS:1;CAR_2:POS:2;CAR_3:POS:3;CAR_4:POS:4;CAR_5:POS:5;CAR_6:POS:6;CAR_7:POS:7
[BATCH] JOIN request after consensus complete - returning decision: CAR_0:POS:0;CAR_1:POS:1;CAR_2:POS:2;CAR_3:POS:3;CAR_4:POS:4;CAR_5:POS:5;CAR_6:POS:6;CAR_7:POS:7
[BATCH] JOIN request after consensus complete - returning decision: CAR_7:POS:0;CAR_6:POS:1;CAR_5:POS:2;CAR_4:POS:3;CAR_3:POS:4;CAR_2:POS:5;CAR_1:POS:6;CAR_0:POS:7
[BATCH] ===== CONSENSUS COMPLETE =====
[BATCH] Final Decision: CAR_0:POS:0;CAR_1:POS:1;CAR_2:POS:2;CAR_3:POS:3;CAR_4:POS:4;CAR_5:POS:5;CAR_6:POS:6;CAR_7:POS:7
[BATCH] JOIN request after consensus complete - returning decision: CAR_7:POS:0;CAR_6:POS:1;CAR_5:POS:2;CAR_4:POS:3;CAR_3:POS:4;CAR_2:POS:5;CAR_1:POS:6;CAR_0:POS:7
[BATCH] JOIN request after consensus complete - returning decision: CAR_7:POS:0;CAR_6:POS:1;CAR_5:POS:2;CAR_4:POS:3;CAR_3:POS:4;CAR_2:POS:5;CAR_1:POS:6;CAR_0:POS:7
[BATCH] JOIN request after consensus complete - returning decision: CAR_7:POS:0;CAR_6:POS:1;CAR_5:POS:2;CAR_4:POS:3;CAR_3:POS:4;CAR_2:POS:5;CAR_1:POS:6;CAR_0:POS:7
[BATCH] JOIN request after consensus complete - returning decision: CAR_7:POS:0;CAR_6:POS:1;CAR_5:POS:2;CAR_4:POS:3;CAR_3:POS:4;CAR_2:POS:5;CAR_1:POS:6;CAR_0:POS:7
[BATCH] Buffered JOIN from CAR_4 (buffer size: 5/8)
[BATCH] Buffered JOIN from CAR_5 (buffer size: 6/8)
[BATCH] Buffered JOIN from CAR_6 (buffer size: 7/8)
[BATCH] Buffered JOIN from CAR_7 (buffer size: 8/8)
[BATCH] All subsequent requests will receive this decision

[BATCH] JOIN request after consensus complete - returning decision: CAR_0:POS:0;CAR_1:POS:1;CAR_2:POS:2;CAR_3:POS:3;CAR_4:POS:4;CAR_5:POS:5;CAR_6:POS:6;CAR_7:POS:7
[BATCH] JOIN request after consensus complete - returning decision: CAR_0:POS:0;CAR_1:POS:1;CAR_2:POS:2;CAR_3:POS:3;CAR_4:POS:4;CAR_5:POS:5;CAR_6:POS:6;CAR_7:POS:7
[BATCH] JOIN request after consensus complete - returning decision: CAR_0:POS:0;CAR_1:POS:1;CAR_2:POS:2;CAR_3:POS:3;CAR_4:POS:4;CAR_5:POS:5;CAR_6:POS:6;CAR_7:POS:7
[BATCH] JOIN request after consensus complete - returning decision: CAR_0:POS:0;CAR_1:POS:1;CAR_2:POS:2;CAR_3:POS:3;CAR_4:POS:4;CAR_5:POS:5;CAR_6:POS:6;CAR_7:POS:7
[BATCH] JOIN request after consensus complete - returning decision: CAR_0:POS:0;CAR_1:POS:1;CAR_2:POS:2;CAR_3:POS:3;CAR_4:POS:4;CAR_5:POS:5;CAR_6:POS:6;CAR_7:POS:7
[BATCH] JOIN request after consensus complete - returning decision: CAR_0:POS:0;CAR_1:POS:1;CAR_2:POS:2;CAR_3:POS:3;CAR_4:POS:4;CAR_5:POS:5;CAR_6:POS:6;CAR_7:POS:7
[BATCH] JOIN request after consensus complete - returning decision: CAR_0:POS:0;CAR_1:POS:1;CAR_2:POS:2;CAR_3:POS:3;CAR_4:POS:4;CAR_5:POS:5;CAR_6:POS:6;CAR_7:POS:7
[BATCH] JOIN request after consensus complete - returning decision: CAR_0:POS:0;CAR_1:POS:1;CAR_2:POS:2;CAR_3:POS:3;CAR_4:POS:4;CAR_5:POS:5;CAR_6:POS:6;CAR_7:POS:7
[BATCH] JOIN request after consensus complete - returning decision: CAR_0:POS:0;CAR_1:POS:1;CAR_2:POS:2;CAR_3:POS:3;CAR_4:POS:4;CAR_5:POS:5;CAR_6:POS:6;CAR_7:POS:7
[BATCH] JOIN request after consensus complete - returning decision: CAR_0:POS:0;CAR_1:POS:1;CAR_2:POS:2;CAR_3:POS:3;CAR_4:POS:4;CAR_5:POS:5;CAR_6:POS:6;CAR_7:POS:7
[BATCH] JOIN request after consensus complete - returning decision: CAR_0:POS:0;CAR_1:POS:1;CAR_2:POS:2;CAR_3:POS:3;CAR_4:POS:4;CAR_5:POS:5;CAR_6:POS:6;CAR_7:POS:7
[BATCH] JOIN request after consensus complete - returning decision: CAR_0:POS:0;CAR_1:POS:1;CAR_2:POS:2;CAR_3:POS:3;CAR_4:POS:4;CAR_5:POS:5;CAR_6:POS:6;CAR_7:POS:7
[BATCH] JOIN request after consensus complete - returning decision: CAR_0:POS:0;CAR_1:POS:1;CAR_2:POS:2;CAR_3:POS:3;CAR_4:POS:4;CAR_5:POS:5;CAR_6:POS:6;CAR_7:POS:7
[BATCH] JOIN request after consensus complete - returning decision: CAR_0:POS:0;CAR_1:POS:1;CAR_2:POS:2;CAR_3:POS:3;CAR_4:POS:4;CAR_5:POS:5;CAR_6:POS:6;CAR_7:POS:7

[BATCH] ===== TRIGGERING CONSENSUS: We have 8 cars! =====
[BATCH] JOIN request after consensus complete - returning decision: CAR_0:POS:0;CAR_1:POS:1;CAR_2:POS:2;CAR_3:POS:3;CAR_4:POS:4;CAR_5:POS:5;CAR_6:POS:6;CAR_7:POS:7
[BATCH] JOIN request after consensus complete - returning decision: CAR_0:POS:0;CAR_1:POS:1;CAR_2:POS:2;CAR_3:POS:3;CAR_4:POS:4;CAR_5:POS:5;CAR_6:POS:6;CAR_7:POS:7
[BATCH] JOIN request after consensus complete - returning decision: CAR_0:POS:0;CAR_1:POS:1;CAR_2:POS:2;CAR_3:POS:3;CAR_4:POS:4;CAR_5:POS:5;CAR_6:POS:6;CAR_7:POS:7
[BATCH] JOIN request after consensus complete - returning decision: CAR_0:POS:0;CAR_1:POS:1;CAR_2:POS:2;CAR_3:POS:3;CAR_4:POS:4;CAR_5:POS:5;CAR_6:POS:6;CAR_7:POS:7
[BATCH] ===== CONSENSUS COMPLETE =====
[BATCH] Final Decision: CAR_0:POS:0;CAR_1:POS:1;CAR_2:POS:2;CAR_3:POS:3;CAR_4:POS:4;CAR_5:POS:5;CAR_6:POS:6;CAR_7:POS:7
[BATCH] All subsequent requests will receive this decision

[BATCH] JOIN request after consensus complete - returning decision: CAR_0:POS:0;CAR_1:POS:1;CAR_2:POS:2;CAR_3:POS:3;CAR_4:POS:4;CAR_5:POS:5;CAR_6:POS:6;CAR_7:POS:7
[BATCH] JOIN request after consensus complete - returning decision: CAR_0:POS:0;CAR_1:POS:1;CAR_2:POS:2;CAR_3:POS:3;CAR_4:POS:4;CAR_5:POS:5;CAR_6:POS:6;CAR_7:POS:7
[BATCH] JOIN request after consensus complete - returning decision: CAR_0:POS:0;CAR_1:POS:1;CAR_2:POS:2;CAR_3:POS:3;CAR_4:POS:4;CAR_5:POS:5;CAR_6:POS:6;CAR_7:POS:7
[BATCH] JOIN request after consensus complete - returning decision: CAR_0:POS:0;CAR_1:POS:1;CAR_2:POS:2;CAR_3:POS:3;CAR_4:POS:4;CAR_5:POS:5;CAR_6:POS:6;CAR_7:POS:7
[BATCH] JOIN request after consensus complete - returning decision: CAR_0:POS:0;CAR_1:POS:1;CAR_2:POS:2;CAR_3:POS:3;CAR_4:POS:4;CAR_5:POS:5;CAR_6:POS:6;CAR_7:POS:7
[BATCH] JOIN request after consensus complete - returning decision: CAR_0:POS:0;CAR_1:POS:1;CAR_2:POS:2;CAR_3:POS:3;CAR_4:POS:4;CAR_5:POS:5;CAR_6:POS:6;CAR_7:POS:7
[BATCH] JOIN request after consensus complete - returning decision: CAR_0:POS:0;CAR_1:POS:1;CAR_2:POS:2;CAR_3:POS:3;CAR_4:POS:4;CAR_5:POS:5;CAR_6:POS:6;CAR_7:POS:7
[BATCH] JOIN request after consensus complete - returning decision: CAR_0:POS:0;CAR_1:POS:1;CAR_2:POS:2;CAR_3:POS:3;CAR_4:POS:4;CAR_5:POS:5;CAR_6:POS:6;CAR_7:POS:7
(1) Round 1 processed 8 cmd(s). App time: 0.941 ms
(1) Round 1 processed 8 cmd(s). App time: 1.084 ms
(1) Round 1 processed 8 cmd(s). App time: 0.777 ms
(1) Round 1 processed 8 cmd(s). App time: 2.494 ms
   joinBuffer = {CAR_7=1.769572881853E9, CAR_5=1.769572881853E9, CAR_6=1.769572881853E9, CAR_3=1.769572881853E9, CAR_4=1.769572881853E9, CAR_1=1.769572881853E9, CAR_2=1.769572881853E9, CAR_0=1.769572881853E9}
   joinBuffer = {CAR_7=1.769572881852E9, CAR_5=1.769572881852E9, CAR_6=1.769572881852E9, CAR_3=1.769572881852E9, CAR_4=1.769572881852E9, CAR_1=1.769572881852E9, CAR_2=1.769572881852E9, CAR_0=1.769572881852E9}
(1) Round 1 processed 8 cmd(s). App time: 2.023 ms
   batchProcessed = true
   joinBuffer = {CAR_7=1.769572881852E9, CAR_5=1.769572881852E9, CAR_6=1.769572881852E9, CAR_3=1.769572881852E9, CAR_4=1.769572881852E9, CAR_1=1.769572881852E9, CAR_2=1.769572881852E9, CAR_0=1.769572881852E9}
   batchProcessed = true
   finalDecision = CAR_7:POS:0;CAR_6:POS:1;CAR_5:POS:2;CAR_4:POS:3;CAR_3:POS:4;CAR_2:POS:5;CAR_1:POS:6;CAR_0:POS:7
   finalDecision = CAR_0:POS:0;CAR_1:POS:1;CAR_2:POS:2;CAR_3:POS:3;CAR_4:POS:4;CAR_5:POS:5;CAR_6:POS:6;CAR_7:POS:7
   batchProcessed = true
   finalDecision = CAR_0:POS:0;CAR_1:POS:1;CAR_2:POS:2;CAR_3:POS:3;CAR_4:POS:4;CAR_5:POS:5;CAR_6:POS:6;CAR_7:POS:7
   joinBuffer = {CAR_7=1.769572881854E9, CAR_5=1.769572881854E9, CAR_6=1.769572881854E9, CAR_3=1.769572881853E9, CAR_4=1.769572881853E9, CAR_1=1.769572881853E9, CAR_2=1.769572881853E9, CAR_0=1.769572881853E9}
   batchProcessed = true
   finalDecision = CAR_0:POS:0;CAR_1:POS:1;CAR_2:POS:2;CAR_3:POS:3;CAR_4:POS:4;CAR_5:POS:5;CAR_6:POS:6;CAR_7:POS:7
   joinBuffer = {CAR_7=1.769572881853E9, CAR_5=1.769572881853E9, CAR_6=1.769572881853E9, CAR_3=1.769572881853E9, CAR_4=1.769572881853E9, CAR_1=1.769572881853E9, CAR_2=1.769572881853E9, CAR_0=1.769572881853E9}
   batchProcessed = true
   finalDecision = CAR_0:POS:0;CAR_1:POS:1;CAR_2:POS:2;CAR_3:POS:3;CAR_4:POS:4;CAR_5:POS:5;CAR_6:POS:6;CAR_7:POS:7
20:01:21.855 [Delivery Thread] DEBUG bftsmart.tom.ServiceReplica - Sending reply to 1000 with sequence number 0 and operation ID 0 via ReplyManager
20:01:21.855 [Delivery Thread] DEBUG bftsmart.tom.ServiceReplica - Sending reply to 1000 with sequence number 0 and operation ID 0 via ReplyManager
20:01:21.855 [Delivery Thread] DEBUG bftsmart.tom.ServiceReplica - Sending reply to 1001 with sequence number 0 and operation ID 0 via ReplyManager
20:01:21.855 [Delivery Thread] DEBUG bftsmart.tom.ServiceReplica - Sending reply to 1000 with sequence number 0 and operation ID 0 via ReplyManager
20:01:21.855 [Delivery Thread] DEBUG bftsmart.tom.ServiceReplica - Sending reply to 1001 with sequence number 0 and operation ID 0 via ReplyManager
20:01:21.855 [Delivery Thread] DEBUG bftsmart.tom.ServiceReplica - Sending reply to 1002 with sequence number 0 and operation ID 0 via ReplyManager
20:01:21.855 [Delivery Thread] DEBUG bftsmart.tom.ServiceReplica - Sending reply to 1000 with sequence number 0 and operation ID 0 via ReplyManager
20:01:21.855 [Delivery Thread] DEBUG bftsmart.tom.ServiceReplica - Sending reply to 1003 with sequence number 0 and operation ID 0 via ReplyManager
20:01:21.855 [Delivery Thread] DEBUG bftsmart.tom.ServiceReplica - Sending reply to 1000 with sequence number 0 and operation ID 0 via ReplyManager
20:01:21.855 [Delivery Thread] DEBUG bftsmart.tom.ServiceReplica - Sending reply to 1004 with sequence number 0 and operation ID 0 via ReplyManager
20:01:21.855 [Delivery Thread] DEBUG bftsmart.tom.ServiceReplica - Sending reply to 1001 with sequence number 0 and operation ID 0 via ReplyManager
20:01:21.855 [Delivery Thread] DEBUG bftsmart.tom.ServiceReplica - Sending reply to 1005 with sequence number 0 and operation ID 0 via ReplyManager
20:01:21.855 [Delivery Thread] DEBUG bftsmart.tom.ServiceReplica - Sending reply to 1002 with sequence number 0 and operation ID 0 via ReplyManager
20:01:21.855 [Delivery Thread] DEBUG bftsmart.tom.ServiceReplica - Sending reply to 1002 with sequence number 0 and operation ID 0 via ReplyManager
20:01:21.855 [Delivery Thread] DEBUG bftsmart.tom.ServiceReplica - Sending reply to 1003 with sequence number 0 and operation ID 0 via ReplyManager
20:01:21.855 [Delivery Thread] DEBUG bftsmart.tom.ServiceReplica - Sending reply to 1001 with sequence number 0 and operation ID 0 via ReplyManager
20:01:21.855 [Delivery Thread] DEBUG bftsmart.tom.ServiceReplica - Sending reply to 1004 with sequence number 0 and operation ID 0 via ReplyManager
20:01:21.855 [Delivery Thread] DEBUG bftsmart.tom.ServiceReplica - Sending reply to 1002 with sequence number 0 and operation ID 0 via ReplyManager
20:01:21.855 [Delivery Thread] DEBUG bftsmart.tom.ServiceReplica - Sending reply to 1003 with sequence number 0 and operation ID 0 via ReplyManager
20:01:21.855 [Delivery Thread] DEBUG bftsmart.tom.ServiceReplica - Sending reply to 1004 with sequence number 0 and operation ID 0 via ReplyManager
20:01:21.855 [Delivery Thread] DEBUG bftsmart.tom.ServiceReplica - Sending reply to 1005 with sequence number 0 and operation ID 0 via ReplyManager
20:01:21.855 [Delivery Thread] DEBUG bftsmart.tom.ServiceReplica - Sending reply to 1006 with sequence number 0 and operation ID 0 via ReplyManager
20:01:21.855 [Delivery Thread] DEBUG bftsmart.tom.ServiceReplica - Sending reply to 1001 with sequence number 0 and operation ID 0 via ReplyManager
20:01:21.855 [Delivery Thread] DEBUG bftsmart.tom.ServiceReplica - Sending reply to 1007 with sequence number 0 and operation ID 0 via ReplyManager
20:01:21.855 [Delivery Thread] DEBUG bftsmart.tom.ServiceReplica - Sending reply to 1006 with sequence number 0 and operation ID 0 via ReplyManager
20:01:21.855 [Delivery Thread] DEBUG bftsmart.tom.ServiceReplica - Sending reply to 1002 with sequence number 0 and operation ID 0 via ReplyManager
20:01:21.855 [Delivery Thread] DEBUG bftsmart.tom.ServiceReplica - Sending reply to 1003 with sequence number 0 and operation ID 0 via ReplyManager
20:01:21.856 [Delivery Thread] DEBUG bftsmart.tom.ServiceReplica - Sending reply to 1004 with sequence number 0 and operation ID 0 via ReplyManager
20:01:21.856 [Delivery Thread] DEBUG bftsmart.tom.ServiceReplica - Sending reply to 1005 with sequence number 0 and operation ID 0 via ReplyManager
20:01:21.856 [Delivery Thread] DEBUG bftsmart.tom.ServiceReplica - Sending reply to 1006 with sequence number 0 and operation ID 0 via ReplyManager
20:01:21.856 [Delivery Thread] DEBUG bftsmart.tom.ServiceReplica - Sending reply to 1007 with sequence number 0 and operation ID 0 via ReplyManager
20:01:21.856 [Delivery Thread] DEBUG bftsmart.tom.ServiceReplica - BATCHEXECUTOR END
20:01:21.856 [nioEventLoopGroup-18-2] DEBUG bftsmart.communication.client.netty.NettyTOMMessageDecoder - Decoded reply from 1 with sequence number 0
20:01:21.856 [nioEventLoopGroup-25-2] DEBUG bftsmart.communication.client.netty.NettyTOMMessageDecoder - Decoded reply from 1 with sequence number 0
20:01:21.856 [nioEventLoopGroup-19-1] DEBUG bftsmart.communication.client.netty.NettyTOMMessageDecoder - Decoded reply from 0 with sequence number 0
20:01:21.856 [nioEventLoopGroup-25-3] DEBUG bftsmart.communication.client.netty.NettyTOMMessageDecoder - Decoded reply from 2 with sequence number 0
20:01:21.856 [nioEventLoopGroup-18-2] DEBUG bftsmart.communication.client.netty.NettyClientServerCommunicationSystemClientSide - channelRead0(ChannelHandlerContext ctx, TOMMessage sm).
20:01:21.856 [nioEventLoopGroup-25-3] DEBUG bftsmart.communication.client.netty.NettyClientServerCommunicationSystemClientSide - channelRead0(ChannelHandlerContext ctx, TOMMessage sm).
20:01:21.855 [Delivery Thread] DEBUG bftsmart.tom.ServiceReplica - Sending reply to 1003 with sequence number 0 and operation ID 0 via ReplyManager
20:01:21.856 [nioEventLoopGroup-18-2] DEBUG bftsmart.proxy - Synchronously received reply from 1 with sequence number 0
20:01:21.856 [nioEventLoopGroup-25-3] DEBUG bftsmart.proxy - Synchronously received reply from 2 with sequence number 0
20:01:21.856 [Delivery Thread] DEBUG bftsmart.tom.ServiceReplica - Sending reply to 1004 with sequence number 0 and operation ID 0 via ReplyManager
20:01:21.856 [nioEventLoopGroup-18-2] DEBUG bftsmart.proxy - (current reqId: 0) Received reply from 1 with reqId: 0
20:01:21.856 [Delivery Thread] DEBUG bftsmart.tom.ServiceReplica - Sending reply to 1005 with sequence number 0 and operation ID 0 via ReplyManager
20:01:21.856 [nioEventLoopGroup-18-3] DEBUG bftsmart.communication.client.netty.NettyTOMMessageDecoder - Decoded reply from 2 with sequence number 0
20:01:21.855 [Delivery Thread] DEBUG bftsmart.tom.ServiceReplica - Sending reply to 1005 with sequence number 0 and operation ID 0 via ReplyManager
20:01:21.856 [nioEventLoopGroup-19-8] DEBUG bftsmart.communication.client.netty.NettyTOMMessageDecoder - Decoded reply from 7 with sequence number 0
20:01:21.856 [nioEventLoopGroup-18-8] DEBUG bftsmart.communication.client.netty.NettyTOMMessageDecoder - Decoded reply from 7 with sequence number 0
20:01:21.856 [nioEventLoopGroup-22-3] DEBUG bftsmart.communication.client.netty.NettyTOMMessageDecoder - Decoded reply from 2 with sequence number 0
20:01:21.856 [Delivery Thread] DEBUG bftsmart.tom.ServiceReplica - Sending reply to 1006 with sequence number 0 and operation ID 0 via ReplyManager
20:01:21.856 [nioEventLoopGroup-18-8] DEBUG bftsmart.communication.client.netty.NettyClientServerCommunicationSystemClientSide - channelRead0(ChannelHandlerContext ctx, TOMMessage sm).
20:01:21.856 [Delivery Thread] DEBUG bftsmart.tom.ServiceReplica - Sending reply to 1007 with sequence number 0 and operation ID 0 via ReplyManager
20:01:21.856 [nioEventLoopGroup-18-8] DEBUG bftsmart.proxy - Synchronously received reply from 7 with sequence number 0
20:01:21.855 [Delivery Thread] DEBUG bftsmart.tom.ServiceReplica - BATCHEXECUTOR END
20:01:21.856 [nioEventLoopGroup-18-8] DEBUG bftsmart.proxy - (current reqId: 0) Received reply from 7 with reqId: 0
20:01:21.856 [nioEventLoopGroup-22-2] DEBUG bftsmart.communication.client.netty.NettyTOMMessageDecoder - Decoded reply from 1 with sequence number 0
20:01:21.856 [nioEventLoopGroup-21-2] DEBUG bftsmart.communication.client.netty.NettyTOMMessageDecoder - Decoded reply from 1 with sequence number 0
20:01:21.856 [nioEventLoopGroup-22-2] DEBUG bftsmart.communication.client.netty.NettyClientServerCommunicationSystemClientSide - channelRead0(ChannelHandlerContext ctx, TOMMessage sm).
20:01:21.856 [Delivery Thread] DEBUG bftsmart.tom.ServiceReplica - Sending reply to 1007 with sequence number 0 and operation ID 0 via ReplyManager
20:01:21.856 [nioEventLoopGroup-22-2] DEBUG bftsmart.proxy - Synchronously received reply from 1 with sequence number 0
20:01:21.856 [nioEventLoopGroup-22-2] DEBUG bftsmart.proxy - (current reqId: 0) Received reply from 1 with reqId: 0
20:01:21.856 [nioEventLoopGroup-24-3] DEBUG bftsmart.communication.client.netty.NettyTOMMessageDecoder - Decoded reply from 2 with sequence number 0
20:01:21.856 [nioEventLoopGroup-21-7] DEBUG bftsmart.communication.client.netty.NettyTOMMessageDecoder - Decoded reply from 6 with sequence number 0
20:01:21.856 [Delivery Thread] DEBUG bftsmart.tom.ServiceReplica - BATCHEXECUTOR END
20:01:21.856 [nioEventLoopGroup-21-7] DEBUG bftsmart.communication.client.netty.NettyClientServerCommunicationSystemClientSide - channelRead0(ChannelHandlerContext ctx, TOMMessage sm).
20:01:21.856 [nioEventLoopGroup-19-2] DEBUG bftsmart.communication.client.netty.NettyTOMMessageDecoder - Decoded reply from 1 with sequence number 0
20:01:21.857 [nioEventLoopGroup-21-7] DEBUG bftsmart.proxy - Synchronously received reply from 6 with sequence number 0
20:01:21.857 [nioEventLoopGroup-21-7] DEBUG bftsmart.proxy - (current reqId: 0) Received reply from 6 with reqId: 0
20:01:21.857 [nioEventLoopGroup-19-2] DEBUG bftsmart.communication.client.netty.NettyClientServerCommunicationSystemClientSide - channelRead0(ChannelHandlerContext ctx, TOMMessage sm).
20:01:21.857 [nioEventLoopGroup-19-2] DEBUG bftsmart.proxy - Synchronously received reply from 1 with sequence number 0
20:01:21.857 [nioEventLoopGroup-19-2] DEBUG bftsmart.proxy - (current reqId: 0) Received reply from 1 with reqId: 0
20:01:21.856 [nioEventLoopGroup-25-8] DEBUG bftsmart.communication.client.netty.NettyTOMMessageDecoder - Decoded reply from 7 with sequence number 0
20:01:21.857 [nioEventLoopGroup-25-7] DEBUG bftsmart.communication.client.netty.NettyTOMMessageDecoder - Decoded reply from 6 with sequence number 0
20:01:21.856 [nioEventLoopGroup-25-2] DEBUG bftsmart.communication.client.netty.NettyClientServerCommunicationSystemClientSide - channelRead0(ChannelHandlerContext ctx, TOMMessage sm).
20:01:21.857 [nioEventLoopGroup-25-1] DEBUG bftsmart.communication.client.netty.NettyTOMMessageDecoder - Decoded reply from 0 with sequence number 0
20:01:21.857 [nioEventLoopGroup-25-8] DEBUG bftsmart.communication.client.netty.NettyClientServerCommunicationSystemClientSide - channelRead0(ChannelHandlerContext ctx, TOMMessage sm).
20:01:21.857 [nioEventLoopGroup-25-2] DEBUG bftsmart.proxy - Synchronously received reply from 1 with sequence number 0
20:01:21.857 [nioEventLoopGroup-25-8] DEBUG bftsmart.proxy - Synchronously received reply from 7 with sequence number 0
20:01:21.857 [nioEventLoopGroup-25-1] DEBUG bftsmart.communication.client.netty.NettyClientServerCommunicationSystemClientSide - channelRead0(ChannelHandlerContext ctx, TOMMessage sm).
20:01:21.857 [nioEventLoopGroup-25-1] DEBUG bftsmart.proxy - Synchronously received reply from 0 with sequence number 0
20:01:21.857 [nioEventLoopGroup-21-8] DEBUG bftsmart.communication.client.netty.NettyTOMMessageDecoder - Decoded reply from 7 with sequence number 0
20:01:21.857 [nioEventLoopGroup-21-8] DEBUG bftsmart.communication.client.netty.NettyClientServerCommunicationSystemClientSide - channelRead0(ChannelHandlerContext ctx, TOMMessage sm).
20:01:21.857 [nioEventLoopGroup-22-1] DEBUG bftsmart.communication.client.netty.NettyTOMMessageDecoder - Decoded reply from 0 with sequence number 0
20:01:21.857 [nioEventLoopGroup-21-8] DEBUG bftsmart.proxy - Synchronously received reply from 7 with sequence number 0
20:01:21.857 [nioEventLoopGroup-23-8] DEBUG bftsmart.communication.client.netty.NettyTOMMessageDecoder - Decoded reply from 7 with sequence number 0
20:01:21.857 [nioEventLoopGroup-21-8] DEBUG bftsmart.proxy - (current reqId: 0) Received reply from 7 with reqId: 0
20:01:21.857 [nioEventLoopGroup-22-1] DEBUG bftsmart.communication.client.netty.NettyClientServerCommunicationSystemClientSide - channelRead0(ChannelHandlerContext ctx, TOMMessage sm).
20:01:21.857 [nioEventLoopGroup-22-1] DEBUG bftsmart.proxy - Synchronously received reply from 0 with sequence number 0
20:01:21.857 [nioEventLoopGroup-22-1] DEBUG bftsmart.proxy - (current reqId: 0) Received reply from 0 with reqId: 0
20:01:21.857 [nioEventLoopGroup-23-8] DEBUG bftsmart.communication.client.netty.NettyClientServerCommunicationSystemClientSide - channelRead0(ChannelHandlerContext ctx, TOMMessage sm).
20:01:21.857 [nioEventLoopGroup-23-8] DEBUG bftsmart.proxy - Synchronously received reply from 7 with sequence number 0
20:01:21.856 [nioEventLoopGroup-19-1] DEBUG bftsmart.communication.client.netty.NettyClientServerCommunicationSystemClientSide - channelRead0(ChannelHandlerContext ctx, TOMMessage sm).
20:01:21.857 [nioEventLoopGroup-23-8] DEBUG bftsmart.proxy - (current reqId: 0) Received reply from 7 with reqId: 0
20:01:21.857 [nioEventLoopGroup-19-1] DEBUG bftsmart.proxy - Synchronously received reply from 0 with sequence number 0
20:01:21.857 [nioEventLoopGroup-19-7] DEBUG bftsmart.communication.client.netty.NettyTOMMessageDecoder - Decoded reply from 6 with sequence number 0
20:01:21.856 [nioEventLoopGroup-25-3] DEBUG bftsmart.proxy - (current reqId: 0) Received reply from 2 with reqId: 0
20:01:21.857 [nioEventLoopGroup-19-1] DEBUG bftsmart.proxy - (current reqId: 0) Received reply from 0 with reqId: 0
20:01:21.857 [nioEventLoopGroup-19-7] DEBUG bftsmart.communication.client.netty.NettyClientServerCommunicationSystemClientSide - channelRead0(ChannelHandlerContext ctx, TOMMessage sm).
20:01:21.857 [nioEventLoopGroup-19-7] DEBUG bftsmart.proxy - Synchronously received reply from 6 with sequence number 0
20:01:21.857 [nioEventLoopGroup-19-7] DEBUG bftsmart.proxy - (current reqId: 0) Received reply from 6 with reqId: 0
20:01:21.856 [Delivery Thread] DEBUG bftsmart.tom.ServiceReplica - Sending reply to 1006 with sequence number 0 and operation ID 0 via ReplyManager
20:01:21.857 [nioEventLoopGroup-19-7] DEBUG bftsmart.proxy - Comparing 3 responses with response from 6
20:01:21.856 [nioEventLoopGroup-18-3] DEBUG bftsmart.communication.client.netty.NettyClientServerCommunicationSystemClientSide - channelRead0(ChannelHandlerContext ctx, TOMMessage sm).
20:01:21.857 [Delivery Thread] DEBUG bftsmart.tom.ServiceReplica - Sending reply to 1007 with sequence number 0 and operation ID 0 via ReplyManager
20:01:21.856 [nioEventLoopGroup-24-8] DEBUG bftsmart.communication.client.netty.NettyTOMMessageDecoder - Decoded reply from 7 with sequence number 0
20:01:21.857 [Delivery Thread] DEBUG bftsmart.tom.ServiceReplica - BATCHEXECUTOR END
20:01:21.857 [nioEventLoopGroup-20-7] DEBUG bftsmart.communication.client.netty.NettyTOMMessageDecoder - Decoded reply from 6 with sequence number 0
20:01:21.857 [nioEventLoopGroup-22-8] DEBUG bftsmart.communication.client.netty.NettyTOMMessageDecoder - Decoded reply from 7 with sequence number 0
20:01:21.857 [nioEventLoopGroup-22-8] DEBUG bftsmart.communication.client.netty.NettyClientServerCommunicationSystemClientSide - channelRead0(ChannelHandlerContext ctx, TOMMessage sm).
20:01:21.857 [nioEventLoopGroup-20-7] DEBUG bftsmart.communication.client.netty.NettyClientServerCommunicationSystemClientSide - channelRead0(ChannelHandlerContext ctx, TOMMessage sm).
20:01:21.857 [nioEventLoopGroup-22-8] DEBUG bftsmart.proxy - Synchronously received reply from 7 with sequence number 0
20:01:21.857 [nioEventLoopGroup-22-8] DEBUG bftsmart.proxy - (current reqId: 0) Received reply from 7 with reqId: 0
20:01:21.857 [nioEventLoopGroup-24-8] DEBUG bftsmart.communication.client.netty.NettyClientServerCommunicationSystemClientSide - channelRead0(ChannelHandlerContext ctx, TOMMessage sm).
20:01:21.857 [nioEventLoopGroup-22-8] DEBUG bftsmart.proxy - Comparing 3 responses with response from 7
20:01:21.857 [nioEventLoopGroup-24-8] DEBUG bftsmart.proxy - Synchronously received reply from 7 with sequence number 0
20:01:21.856 [nioEventLoopGroup-22-7] DEBUG bftsmart.communication.client.netty.NettyTOMMessageDecoder - Decoded reply from 6 with sequence number 0
20:01:21.856 [nioEventLoopGroup-19-8] DEBUG bftsmart.communication.client.netty.NettyClientServerCommunicationSystemClientSide - channelRead0(ChannelHandlerContext ctx, TOMMessage sm).
20:01:21.856 [nioEventLoopGroup-22-3] DEBUG bftsmart.communication.client.netty.NettyClientServerCommunicationSystemClientSide - channelRead0(ChannelHandlerContext ctx, TOMMessage sm).
20:01:21.857 [nioEventLoopGroup-19-8] DEBUG bftsmart.proxy - Synchronously received reply from 7 with sequence number 0
20:01:21.857 [nioEventLoopGroup-19-8] DEBUG bftsmart.proxy - (current reqId: 0) Received reply from 7 with reqId: 0
20:01:21.857 [nioEventLoopGroup-19-8] DEBUG bftsmart.proxy - Comparing 4 responses with response from 7
20:01:21.856 [nioEventLoopGroup-19-3] DEBUG bftsmart.communication.client.netty.NettyTOMMessageDecoder - Decoded reply from 2 with sequence number 0
20:01:21.858 [nioEventLoopGroup-22-3] DEBUG bftsmart.proxy - Synchronously received reply from 2 with sequence number 0
20:01:21.856 [Delivery Thread] DEBUG bftsmart.tom.ServiceReplica - BATCHEXECUTOR END
20:01:21.858 [Thread-104] DEBUG bftsmart.proxy - Response extracted: [7:927359099:0]
20:01:21.856 [nioEventLoopGroup-18-1] DEBUG bftsmart.communication.client.netty.NettyTOMMessageDecoder - Decoded reply from 0 with sequence number 0
[SERVER 0] JOIN reply: CAR_0:POS:0;CAR_1:POS:1;CAR_2:POS:2;CAR_3:POS:3;CAR_4:POS:4;CAR_5:POS:5;CAR_6:POS:6;CAR_7:POS:7
20:01:21.856 [nioEventLoopGroup-21-2] DEBUG bftsmart.communication.client.netty.NettyClientServerCommunicationSystemClientSide - channelRead0(ChannelHandlerContext ctx, TOMMessage sm).
[SERVER 0] Consensus reached! Position: 0 - Calculated delay: 0.0s
20:01:21.858 [nioEventLoopGroup-21-2] DEBUG bftsmart.proxy - Synchronously received reply from 1 with sequence number 0
[JNI] notifyVehicleCanGo: replica 0 can go after 0s delay
20:01:21.857 [nioEventLoopGroup-24-3] DEBUG bftsmart.communication.client.netty.NettyClientServerCommunicationSystemClientSide - channelRead0(ChannelHandlerContext ctx, TOMMessage sm).
[V2VProxy 0] JNI received GO signal. Queued for main thread.
20:01:21.858 [nioEventLoopGroup-24-3] DEBUG bftsmart.proxy - Synchronously received reply from 2 with sequence number 0
20:01:21.857 [nioEventLoopGroup-23-7] DEBUG bftsmart.communication.client.netty.NettyTOMMessageDecoder - Decoded reply from 6 with sequence number 0
20:01:21.857 [nioEventLoopGroup-25-7] DEBUG bftsmart.communication.client.netty.NettyClientServerCommunicationSystemClientSide - channelRead0(ChannelHandlerContext ctx, TOMMessage sm).
20:01:21.858 [nioEventLoopGroup-25-7] DEBUG bftsmart.proxy - Synchronously received reply from 6 with sequence number 0
20:01:21.857 [nioEventLoopGroup-20-1] DEBUG bftsmart.communication.client.netty.NettyTOMMessageDecoder - Decoded reply from 0 with sequence number 0
20:01:21.857 [nioEventLoopGroup-23-3] DEBUG bftsmart.communication.client.netty.NettyTOMMessageDecoder - Decoded reply from 2 with sequence number 0
20:01:21.857 [nioEventLoopGroup-20-8] DEBUG bftsmart.communication.client.netty.NettyTOMMessageDecoder - Decoded reply from 7 with sequence number 0
20:01:21.858 [nioEventLoopGroup-23-3] DEBUG bftsmart.communication.client.netty.NettyClientServerCommunicationSystemClientSide - channelRead0(ChannelHandlerContext ctx, TOMMessage sm).
20:01:21.858 [nioEventLoopGroup-23-3] DEBUG bftsmart.proxy - Synchronously received reply from 2 with sequence number 0
20:01:21.857 [nioEventLoopGroup-23-2] DEBUG bftsmart.communication.client.netty.NettyTOMMessageDecoder - Decoded reply from 1 with sequence number 0
20:01:21.858 [nioEventLoopGroup-20-8] DEBUG bftsmart.communication.client.netty.NettyClientServerCommunicationSystemClientSide - channelRead0(ChannelHandlerContext ctx, TOMMessage sm).
20:01:21.858 [nioEventLoopGroup-20-8] DEBUG bftsmart.proxy - Synchronously received reply from 7 with sequence number 0
20:01:21.858 [nioEventLoopGroup-20-8] DEBUG bftsmart.proxy - (current reqId: 0) Received reply from 7 with reqId: 0
20:01:21.857 [nioEventLoopGroup-21-3] DEBUG bftsmart.communication.client.netty.NettyTOMMessageDecoder - Decoded reply from 2 with sequence number 0
20:01:21.858 [nioEventLoopGroup-23-2] DEBUG bftsmart.communication.client.netty.NettyClientServerCommunicationSystemClientSide - channelRead0(ChannelHandlerContext ctx, TOMMessage sm).
20:01:21.858 [nioEventLoopGroup-23-2] DEBUG bftsmart.proxy - Synchronously received reply from 1 with sequence number 0
20:01:21.858 [nioEventLoopGroup-21-3] DEBUG bftsmart.communication.client.netty.NettyClientServerCommunicationSystemClientSide - channelRead0(ChannelHandlerContext ctx, TOMMessage sm).
20:01:21.858 [nioEventLoopGroup-21-3] DEBUG bftsmart.proxy - Synchronously received reply from 2 with sequence number 0
20:01:21.857 [nioEventLoopGroup-24-1] DEBUG bftsmart.communication.client.netty.NettyTOMMessageDecoder - Decoded reply from 0 with sequence number 0
20:01:21.858 [nioEventLoopGroup-24-2] DEBUG bftsmart.communication.client.netty.NettyTOMMessageDecoder - Decoded reply from 1 with sequence number 0
20:01:21.858 [nioEventLoopGroup-24-1] DEBUG bftsmart.communication.client.netty.NettyClientServerCommunicationSystemClientSide - channelRead0(ChannelHandlerContext ctx, TOMMessage sm).
20:01:21.858 [nioEventLoopGroup-24-1] DEBUG bftsmart.proxy - Synchronously received reply from 0 with sequence number 0
20:01:21.858 [nioEventLoopGroup-24-2] DEBUG bftsmart.communication.client.netty.NettyClientServerCommunicationSystemClientSide - channelRead0(ChannelHandlerContext ctx, TOMMessage sm).
20:01:21.857 [nioEventLoopGroup-25-8] DEBUG bftsmart.proxy - (current reqId: 0) Received reply from 7 with reqId: 0
20:01:21.857 [nioEventLoopGroup-18-3] DEBUG bftsmart.proxy - Synchronously received reply from 2 with sequence number 0
20:01:21.857 [nioEventLoopGroup-24-7] DEBUG bftsmart.communication.client.netty.NettyTOMMessageDecoder - Decoded reply from 6 with sequence number 0
20:01:21.857 [nioEventLoopGroup-20-2] DEBUG bftsmart.communication.client.netty.NettyTOMMessageDecoder - Decoded reply from 1 with sequence number 0
20:01:21.859 [nioEventLoopGroup-18-3] DEBUG bftsmart.proxy - (current reqId: 0) Received reply from 2 with reqId: 0
20:01:21.859 [nioEventLoopGroup-20-3] DEBUG bftsmart.communication.client.netty.NettyTOMMessageDecoder - Decoded reply from 2 with sequence number 0
20:01:21.859 [nioEventLoopGroup-24-7] DEBUG bftsmart.communication.client.netty.NettyClientServerCommunicationSystemClientSide - channelRead0(ChannelHandlerContext ctx, TOMMessage sm).
20:01:21.859 [nioEventLoopGroup-23-1] DEBUG bftsmart.communication.client.netty.NettyTOMMessageDecoder - Decoded reply from 0 with sequence number 0
20:01:21.857 [nioEventLoopGroup-20-7] DEBUG bftsmart.proxy - Synchronously received reply from 6 with sequence number 0
20:01:21.859 [nioEventLoopGroup-20-2] DEBUG bftsmart.communication.client.netty.NettyClientServerCommunicationSystemClientSide - channelRead0(ChannelHandlerContext ctx, TOMMessage sm).
20:01:21.859 [nioEventLoopGroup-20-2] DEBUG bftsmart.proxy - Synchronously received reply from 1 with sequence number 0
20:01:21.859 [nioEventLoopGroup-22-7] DEBUG bftsmart.communication.client.netty.NettyClientServerCommunicationSystemClientSide - channelRead0(ChannelHandlerContext ctx, TOMMessage sm).
20:01:21.857 [nioEventLoopGroup-24-8] DEBUG bftsmart.proxy - (current reqId: 0) Received reply from 7 with reqId: 0
20:01:21.859 [nioEventLoopGroup-22-7] DEBUG bftsmart.proxy - Synchronously received reply from 6 with sequence number 0
20:01:21.858 [Thread-105] DEBUG bftsmart.proxy - Response extracted: [7:-1616661523:0]
20:01:21.858 [nioEventLoopGroup-22-3] DEBUG bftsmart.proxy - throwing out request: sender = 2 reqId = 0
[SERVER 1] JOIN reply: CAR_0:POS:0;CAR_1:POS:1;CAR_2:POS:2;CAR_3:POS:3;CAR_4:POS:4;CAR_5:POS:5;CAR_6:POS:6;CAR_7:POS:7
20:01:21.859 [nioEventLoopGroup-24-3] DEBUG bftsmart.proxy - (current reqId: 0) Received reply from 2 with reqId: 0
20:01:21.858 [nioEventLoopGroup-21-1] DEBUG bftsmart.communication.client.netty.NettyTOMMessageDecoder - Decoded reply from 0 with sequence number 0
20:01:21.859 [nioEventLoopGroup-24-1] DEBUG bftsmart.proxy - (current reqId: 0) Received reply from 0 with reqId: 0
20:01:21.859 [nioEventLoopGroup-22-7] DEBUG bftsmart.proxy - throwing out request: sender = 6 reqId = 0
20:01:21.858 [nioEventLoopGroup-18-1] DEBUG bftsmart.communication.client.netty.NettyClientServerCommunicationSystemClientSide - channelRead0(ChannelHandlerContext ctx, TOMMessage sm).
20:01:21.859 [nioEventLoopGroup-18-1] DEBUG bftsmart.proxy - Synchronously received reply from 0 with sequence number 0
20:01:21.858 [nioEventLoopGroup-21-2] DEBUG bftsmart.proxy - (current reqId: 0) Received reply from 1 with reqId: 0
[SERVER 1] Position 1 -> delay=2.57s (slot=2.57s)
20:01:21.858 [nioEventLoopGroup-20-1] DEBUG bftsmart.communication.client.netty.NettyClientServerCommunicationSystemClientSide - channelRead0(ChannelHandlerContext ctx, TOMMessage sm).
[SERVER 1] Consensus reached! Position: 1 - Calculated delay: 2.571428571428571s
[JNI] notifyVehicleCanGo: replica 1 can go after 2.57143s delay
[V2VProxy 1] JNI received GO signal. Queued for main thread.
20:01:21.859 [nioEventLoopGroup-20-1] DEBUG bftsmart.proxy - Synchronously received reply from 0 with sequence number 0
20:01:21.858 [nioEventLoopGroup-18-7] DEBUG bftsmart.communication.client.netty.NettyTOMMessageDecoder - Decoded reply from 6 with sequence number 0
20:01:21.858 [nioEventLoopGroup-23-3] DEBUG bftsmart.proxy - (current reqId: 0) Received reply from 2 with reqId: 0
20:01:21.858 [nioEventLoopGroup-24-2] DEBUG bftsmart.proxy - Synchronously received reply from 1 with sequence number 0
20:01:21.859 [nioEventLoopGroup-23-7] DEBUG bftsmart.communication.client.netty.NettyClientServerCommunicationSystemClientSide - channelRead0(ChannelHandlerContext ctx, TOMMessage sm).
20:01:21.859 [nioEventLoopGroup-25-2] DEBUG bftsmart.proxy - (current reqId: 0) Received reply from 1 with reqId: 0
20:01:21.860 [nioEventLoopGroup-23-7] DEBUG bftsmart.proxy - Synchronously received reply from 6 with sequence number 0
20:01:21.860 [nioEventLoopGroup-25-2] DEBUG bftsmart.proxy - Comparing 3 responses with response from 1
20:01:21.859 [nioEventLoopGroup-18-3] DEBUG bftsmart.proxy - Comparing 3 responses with response from 2
20:01:21.859 [nioEventLoopGroup-19-3] DEBUG bftsmart.communication.client.netty.NettyClientServerCommunicationSystemClientSide - channelRead0(ChannelHandlerContext ctx, TOMMessage sm).
20:01:21.860 [Thread-107] DEBUG bftsmart.proxy - Response extracted: [1:-1174399241:0]
20:01:21.860 [nioEventLoopGroup-19-3] DEBUG bftsmart.proxy - Synchronously received reply from 2 with sequence number 0
20:01:21.860 [nioEventLoopGroup-25-1] DEBUG bftsmart.proxy - throwing out request: sender = 0 reqId = 0
[SERVER 3] JOIN reply: CAR_0:POS:0;CAR_1:POS:1;CAR_2:POS:2;CAR_3:POS:3;CAR_4:POS:4;CAR_5:POS:5;CAR_6:POS:6;CAR_7:POS:7
20:01:21.860 [nioEventLoopGroup-18-1] DEBUG bftsmart.proxy - throwing out request: sender = 0 reqId = 0
20:01:21.859 [nioEventLoopGroup-24-7] DEBUG bftsmart.proxy - Synchronously received reply from 6 with sequence number 0
20:01:21.860 [nioEventLoopGroup-25-7] DEBUG bftsmart.proxy - throwing out request: sender = 6 reqId = 0
20:01:21.859 [nioEventLoopGroup-20-3] DEBUG bftsmart.communication.client.netty.NettyClientServerCommunicationSystemClientSide - channelRead0(ChannelHandlerContext ctx, TOMMessage sm).
20:01:21.860 [nioEventLoopGroup-20-3] DEBUG bftsmart.proxy - Synchronously received reply from 2 with sequence number 0
20:01:21.859 [nioEventLoopGroup-23-1] DEBUG bftsmart.communication.client.netty.NettyClientServerCommunicationSystemClientSide - channelRead0(ChannelHandlerContext ctx, TOMMessage sm).
20:01:21.859 [nioEventLoopGroup-20-7] DEBUG bftsmart.proxy - (current reqId: 0) Received reply from 6 with reqId: 0
20:01:21.859 [nioEventLoopGroup-21-1] DEBUG bftsmart.communication.client.netty.NettyClientServerCommunicationSystemClientSide - channelRead0(ChannelHandlerContext ctx, TOMMessage sm).
[SERVER 3] Position 3 -> delay=7.71s (slot=2.57s)
20:01:21.860 [nioEventLoopGroup-21-1] DEBUG bftsmart.proxy - Synchronously received reply from 0 with sequence number 0
[SERVER 3] Consensus reached! Position: 3 - Calculated delay: 7.7142857142857135s
20:01:21.859 [nioEventLoopGroup-24-1] DEBUG bftsmart.proxy - Comparing 3 responses with response from 0
[JNI] notifyVehicleCanGo: replica 3 can go after 7.71429s delay
[V2VProxy 3] JNI received GO signal. Queued for main thread.
20:01:21.859 [nioEventLoopGroup-21-2] DEBUG bftsmart.proxy - Comparing 3 responses with response from 1
20:01:21.859 [nioEventLoopGroup-18-7] DEBUG bftsmart.communication.client.netty.NettyClientServerCommunicationSystemClientSide - channelRead0(ChannelHandlerContext ctx, TOMMessage sm).
20:01:21.860 [nioEventLoopGroup-21-3] DEBUG bftsmart.proxy - (current reqId: 0) Received reply from 2 with reqId: 0
20:01:21.860 [nioEventLoopGroup-21-3] DEBUG bftsmart.proxy - Comparing 4 responses with response from 2
20:01:21.859 [nioEventLoopGroup-23-2] DEBUG bftsmart.proxy - (current reqId: 0) Received reply from 1 with reqId: 0
20:01:21.860 [nioEventLoopGroup-23-2] DEBUG bftsmart.proxy - Comparing 3 responses with response from 1
20:01:21.860 [Thread-106] DEBUG bftsmart.proxy - Response extracted: [2:-9836715:0]
20:01:21.860 [nioEventLoopGroup-21-1] DEBUG bftsmart.proxy - throwing out request: sender = 0 reqId = 0
20:01:21.860 [Thread-111] DEBUG bftsmart.proxy - Response extracted: [1:-797304548:0]
[SERVER 2] JOIN reply: CAR_0:POS:0;CAR_1:POS:1;CAR_2:POS:2;CAR_3:POS:3;CAR_4:POS:4;CAR_5:POS:5;CAR_6:POS:6;CAR_7:POS:7
[SERVER 7] JOIN reply: CAR_0:POS:0;CAR_1:POS:1;CAR_2:POS:2;CAR_3:POS:3;CAR_4:POS:4;CAR_5:POS:5;CAR_6:POS:6;CAR_7:POS:7
20:01:21.860 [nioEventLoopGroup-19-3] DEBUG bftsmart.proxy - throwing out request: sender = 2 reqId = 0
20:01:21.860 [nioEventLoopGroup-23-1] DEBUG bftsmart.proxy - Synchronously received reply from 0 with sequence number 0
20:01:21.860 [nioEventLoopGroup-20-2] DEBUG bftsmart.proxy - (current reqId: 0) Received reply from 1 with reqId: 0
[SERVER 2] Position 2 -> delay=5.14s (slot=2.57s)
20:01:21.860 [Thread-108] DEBUG bftsmart.proxy - Response extracted: [0:906829679:0]
[SERVER 2] Consensus reached! Position: 2 - Calculated delay: 5.142857142857142s
[SERVER 7] Position 7 -> delay=18.00s (slot=2.57s)
20:01:21.861 [nioEventLoopGroup-20-2] DEBUG bftsmart.proxy - Comparing 3 responses with response from 1
[JNI] notifyVehicleCanGo: replica 2 can go after 5.14286s delay
[V2VProxy 2] JNI received GO signal. Queued for main thread.
[SERVER 7] Consensus reached! Position: 7 - Calculated delay: 18.0s
[SERVER 4] JOIN reply: CAR_0:POS:0;CAR_1:POS:1;CAR_2:POS:2;CAR_3:POS:3;CAR_4:POS:4;CAR_5:POS:5;CAR_6:POS:6;CAR_7:POS:7[JNI] notifyVehicleCanGo: replica 7 can go after 18s delay

[V2VProxy 7] JNI received GO signal. Queued for main thread.
20:01:21.860 [nioEventLoopGroup-24-2] DEBUG bftsmart.proxy - throwing out request: sender = 1 reqId = 0
20:01:21.860 [nioEventLoopGroup-18-7] DEBUG bftsmart.proxy - Synchronously received reply from 6 with sequence number 0
20:01:21.861 [nioEventLoopGroup-24-7] DEBUG bftsmart.proxy - throwing out request: sender = 6 reqId = 0
20:01:21.861 [nioEventLoopGroup-18-7] DEBUG bftsmart.proxy - throwing out request: sender = 6 reqId = 0
[SERVER 4] Position 4 -> delay=10.29s (slot=2.57s)
[SERVER 4] Consensus reached! Position: 4 - Calculated delay: 10.285714285714285s
[JNI] notifyVehicleCanGo: replica 4 can go after 10.2857s delay
[V2VProxy 4] JNI received GO signal. Queued for main thread.
20:01:21.860 [Thread-110] DEBUG bftsmart.proxy - Response extracted: [2:-357618377:0]
[SERVER 6] JOIN reply: CAR_0:POS:0;CAR_1:POS:1;CAR_2:POS:2;CAR_3:POS:3;CAR_4:POS:4;CAR_5:POS:5;CAR_6:POS:6;CAR_7:POS:7
20:01:21.860 [nioEventLoopGroup-23-7] DEBUG bftsmart.proxy - throwing out request: sender = 6 reqId = 0
20:01:21.861 [nioEventLoopGroup-20-1] DEBUG bftsmart.proxy - (current reqId: 0) Received reply from 0 with reqId: 0
20:01:21.861 [nioEventLoopGroup-20-1] DEBUG bftsmart.proxy - Comparing 4 responses with response from 0
20:01:21.861 [nioEventLoopGroup-23-1] DEBUG bftsmart.proxy - throwing out request: sender = 0 reqId = 0
20:01:21.861 [Thread-109] DEBUG bftsmart.proxy - Response extracted: [0:984428796:0]
20:01:21.861 [nioEventLoopGroup-20-3] DEBUG bftsmart.proxy - throwing out request: sender = 2 reqId = 0
[SERVER 5] JOIN reply: CAR_0:POS:0;CAR_1:POS:1;CAR_2:POS:2;CAR_3:POS:3;CAR_4:POS:4;CAR_5:POS:5;CAR_6:POS:6;CAR_7:POS:7
[SERVER 6] Position 6 -> delay=15.43s (slot=2.57s)
[SERVER 6] Consensus reached! Position: 6 - Calculated delay: 15.428571428571427s
[JNI] notifyVehicleCanGo: replica 6 can go after 15.4286s delay
[SERVER 5] Position 5 -> delay=12.86s (slot=2.57s)
[V2VProxy 6] JNI received GO signal. Queued for main thread.
[SERVER 5] Consensus reached! Position: 5 - Calculated delay: 12.857142857142856s
[JNI] notifyVehicleCanGo: replica 5 can go after 12.8571s delay
[V2VProxy 5] JNI received GO signal. Queued for main thread.
[METRICS 0] Consensus Duration: 2.1 seconds
[METRICS 0] Consensus Completed!
[METRICS 0] Consensus Start Time: 2.9
[METRICS 0] Consensus End Time:   5
[METRICS 0] Consensus Latency:    2.1 seconds
[METRICS 0] Projected_Total_Wait: 2.1
[METRICS 0] Scheduled_Resume: 5
[METRICS 0] Messages Sent: 28
[METRICS 0] Messages Received: 25
[METRICS 0] (consensus succeeded : TRUE)
[V2VProxy 0] Main thread scheduling resume in 0s
Not flushing reliability queue
[METRICS 1] Consensus Duration: 2.1 seconds
[METRICS 1] Consensus Completed!
[METRICS 1] Consensus Start Time: 2.9
[METRICS 1] Consensus End Time:   5
[METRICS 1] Consensus Latency:    2.1 seconds
[METRICS 1] Projected_Total_Wait: 4.67143
[METRICS 1] Scheduled_Resume: 7.57143
[METRICS 1] Messages Sent: 24
[METRICS 1] Messages Received: 33
[METRICS 1] (consensus succeeded : TRUE)
[V2VProxy 1] Main thread scheduling resume in 2.57143s
Not flushing reliability queue
[METRICS 2] Consensus Duration: 2.1 seconds
[METRICS 2] Consensus Completed!
[METRICS 2] Consensus Start Time: 2.9
[METRICS 2] Consensus End Time:   5
[METRICS 2] Consensus Latency:    2.1 seconds
[METRICS 2] Projected_Total_Wait: 7.24286
[METRICS 2] Scheduled_Resume: 10.1429
[METRICS 2] Messages Sent: 24
[METRICS 2] Messages Received: 31
[METRICS 2] (consensus succeeded : TRUE)
[V2VProxy 2] Main thread scheduling resume in 5.14286s
Not flushing reliability queue
[METRICS 3] Consensus Duration: 2.1 seconds
[METRICS 3] Consensus Completed!
[METRICS 3] Consensus Start Time: 2.9
[METRICS 3] Consensus End Time:   5
[METRICS 3] Consensus Latency:    2.1 seconds
[METRICS 3] Projected_Total_Wait: 9.81429
[METRICS 3] Scheduled_Resume: 12.7143
[METRICS 3] Messages Sent: 16
[METRICS 3] Messages Received: 35
[METRICS 3] (consensus succeeded : TRUE)
[V2VProxy 3] Main thread scheduling resume in 7.71429s
Not flushing reliability queue
[METRICS 4] Consensus Duration: 2.1 seconds
[METRICS 4] Consensus Completed!
[METRICS 4] Consensus Start Time: 2.9
[METRICS 4] Consensus End Time:   5
[METRICS 4] Consensus Latency:    2.1 seconds
[METRICS 4] Projected_Total_Wait: 12.3857
[METRICS 4] Scheduled_Resume: 15.2857
[METRICS 4] Messages Sent: 17
[METRICS 4] Messages Received: 40
[METRICS 4] (consensus succeeded : TRUE)
[V2VProxy 4] Main thread scheduling resume in 10.2857s
Not flushing reliability queue
[METRICS 5] Consensus Duration: 2.1 seconds
[METRICS 5] Consensus Completed!
[METRICS 5] Consensus Start Time: 2.9
[METRICS 5] Consensus End Time:   5
[METRICS 5] Consensus Latency:    2.1 seconds
[METRICS 5] Projected_Total_Wait: 14.9571
[METRICS 5] Scheduled_Resume: 17.8571
[METRICS 5] Messages Sent: 24
[METRICS 5] Messages Received: 34
[METRICS 5] (consensus succeeded : TRUE)
[V2VProxy 5] Main thread scheduling resume in 12.8571s
Not flushing reliability queue
[METRICS 6] Consensus Duration: 2.1 seconds
[METRICS 6] Consensus Completed!
[METRICS 6] Consensus Start Time: 2.9
[METRICS 6] Consensus End Time:   5
[METRICS 6] Consensus Latency:    2.1 seconds
[METRICS 6] Projected_Total_Wait: 17.5286
[METRICS 6] Scheduled_Resume: 20.4286
[METRICS 6] Messages Sent: 16
[METRICS 6] Messages Received: 37
[METRICS 6] (consensus succeeded : TRUE)
[V2VProxy 6] Main thread scheduling resume in 15.4286s
Not flushing reliability queue
[METRICS 7] Consensus Duration: 2.1 seconds
[METRICS 7] Consensus Completed!
[METRICS 7] Consensus Start Time: 2.9
[METRICS 7] Consensus End Time:   5
[METRICS 7] Consensus Latency:    2.1 seconds
[METRICS 7] Projected_Total_Wait: 20.1
[METRICS 7] Scheduled_Resume: 23
[METRICS 7] Messages Sent: 24
[METRICS 7] Messages Received: 31
[METRICS 7] (consensus succeeded : TRUE)
[V2VProxy 7] Main thread scheduling resume in 18s
Not flushing reliability queue
[METRICS 7] All Consensus Completed
[METRICS 0] Messages received: 25
[METRICS 0] Messages sent: 28
[METRICS 1] Messages received: 33
[METRICS 1] Messages sent: 24
[METRICS 2] Messages received: 31
[METRICS 2] Messages sent: 24
[METRICS 3] Messages received: 35
[METRICS 3] Messages sent: 16
[METRICS 4] Messages received: 40
[METRICS 4] Messages sent: 17
[METRICS 5] Messages received: 34
[METRICS 5] Messages sent: 24
[METRICS 6] Messages received: 37
[METRICS 6] Messages sent: 16
[METRICS 7] Messages received: 31
[METRICS 7] Messages sent: 24
20:01:23.858 [Thread-104] DEBUG bftsmart.proxy - Sending request (ORDERED_REQUEST) with seqId = 1
20:01:23.858 [Thread-104] DEBUG bftsmart.communication.client.netty.NettyClientServerCommunicationSystemClientSide - All channel operations completed or timed out
20:01:23.858 [Thread-104] DEBUG bftsmart.communication.client.netty.NettyClientServerCommunicationSystemClientSide - Sending request from 1000 with sequence number 1 to [4, 3, 6, 7, 2, 0, 1, 5]
20:01:23.859 [nioEventLoopGroup-19-4] DEBUG bftsmart.communication.client.netty.NettyClientServerCommunicationSystemClientSide - 2 channel operations remaining to complete
20:01:23.859 [Thread-104] DEBUG bftsmart.proxy - Expected number of matching replies: 3
20:01:23.859 [nioEventLoopGroup-19-8] DEBUG bftsmart.communication.client.netty.NettyClientServerCommunicationSystemClientSide - 1 channel operations remaining to complete
20:01:23.859 [nioEventLoopGroup-19-2] DEBUG bftsmart.communication.client.netty.NettyClientServerCommunicationSystemClientSide - 0 channel operations remaining to complete
20:01:23.859 [nioEventLoopGroup-19-3] DEBUG bftsmart.communication.client.netty.NettyClientServerCommunicationSystemClientSide - -1 channel operations remaining to complete
20:01:23.859 [nioEventLoopGroup-19-5] DEBUG bftsmart.communication.client.netty.NettyClientServerCommunicationSystemClientSide - -2 channel operations remaining to complete
20:01:23.859 [nioEventLoopGroup-13-8] DEBUG bftsmart.communication.client.netty.NettyTOMMessageDecoder - Decoded reply from 1000 with sequence number 1
20:01:23.859 [nioEventLoopGroup-11-8] DEBUG bftsmart.communication.client.netty.NettyTOMMessageDecoder - Decoded reply from 1000 with sequence number 1
20:01:23.859 [nioEventLoopGroup-17-7] DEBUG bftsmart.communication.client.netty.NettyTOMMessageDecoder - Decoded reply from 1000 with sequence number 1
20:01:23.859 [nioEventLoopGroup-19-7] DEBUG bftsmart.communication.client.netty.NettyClientServerCommunicationSystemClientSide - -3 channel operations remaining to complete
20:01:23.859 [nioEventLoopGroup-10-8] DEBUG bftsmart.communication.client.netty.NettyTOMMessageDecoder - Decoded reply from 1000 with sequence number 1
20:01:23.859 [nioEventLoopGroup-14-2] DEBUG bftsmart.communication.client.netty.NettyTOMMessageDecoder - Decoded reply from 1000 with sequence number 1
20:01:23.859 [nioEventLoopGroup-10-8] DEBUG bftsmart.tom.core.TOMLayer - Received TOMMessage from client 1000 with sequence number 1 for session 927359099
20:01:23.859 [nioEventLoopGroup-17-7] DEBUG bftsmart.tom.core.TOMLayer - Received TOMMessage from client 1000 with sequence number 1 for session 927359099
20:01:23.859 [nioEventLoopGroup-15-8] DEBUG bftsmart.communication.client.netty.NettyTOMMessageDecoder - Decoded reply from 1000 with sequence number 1
20:01:23.859 [nioEventLoopGroup-19-1] DEBUG bftsmart.communication.client.netty.NettyClientServerCommunicationSystemClientSide - -4 channel operations remaining to complete
20:01:23.859 [nioEventLoopGroup-16-7] DEBUG bftsmart.communication.client.netty.NettyTOMMessageDecoder - Decoded reply from 1000 with sequence number 1
20:01:23.859 [nioEventLoopGroup-15-8] DEBUG bftsmart.tom.core.TOMLayer - Received TOMMessage from client 1000 with sequence number 1 for session 927359099
20:01:23.859 [nioEventLoopGroup-19-6] DEBUG bftsmart.communication.client.netty.NettyClientServerCommunicationSystemClientSide - -5 channel operations remaining to complete
20:01:23.859 [nioEventLoopGroup-15-8] DEBUG bftsmart.clientsmanagement.ClientsManager - Message from client 1000 is valid
20:01:23.859 [nioEventLoopGroup-16-7] DEBUG bftsmart.tom.core.TOMLayer - Received TOMMessage from client 1000 with sequence number 1 for session 927359099
20:01:23.859 [nioEventLoopGroup-16-7] DEBUG bftsmart.clientsmanagement.ClientsManager - Message from client 1000 is valid
20:01:23.859 [nioEventLoopGroup-12-8] DEBUG bftsmart.communication.client.netty.NettyTOMMessageDecoder - Decoded reply from 1000 with sequence number 1
20:01:23.859 [nioEventLoopGroup-13-8] DEBUG bftsmart.tom.core.TOMLayer - Received TOMMessage from client 1000 with sequence number 1 for session 927359099
20:01:23.859 [nioEventLoopGroup-13-8] DEBUG bftsmart.clientsmanagement.ClientsManager - Message from client 1000 is valid
20:01:23.859 [nioEventLoopGroup-11-8] DEBUG bftsmart.tom.core.TOMLayer - Received TOMMessage from client 1000 with sequence number 1 for session 927359099
20:01:23.859 [nioEventLoopGroup-11-8] DEBUG bftsmart.clientsmanagement.ClientsManager - Message from client 1000 is valid
20:01:23.859 [nioEventLoopGroup-14-2] DEBUG bftsmart.tom.core.TOMLayer - Received TOMMessage from client 1000 with sequence number 1 for session 927359099
20:01:23.859 [nioEventLoopGroup-10-8] DEBUG bftsmart.clientsmanagement.ClientsManager - Message from client 1000 is valid
20:01:23.859 [nioEventLoopGroup-17-7] DEBUG bftsmart.clientsmanagement.ClientsManager - Message from client 1000 is valid
20:01:23.859 [nioEventLoopGroup-12-8] DEBUG bftsmart.tom.core.TOMLayer - Received TOMMessage from client 1000 with sequence number 1 for session 927359099
20:01:23.859 [nioEventLoopGroup-14-2] DEBUG bftsmart.clientsmanagement.ClientsManager - Message from client 1000 is valid
20:01:23.859 [Thread-105] DEBUG bftsmart.proxy - Sending request (ORDERED_REQUEST) with seqId = 1
20:01:23.860 [nioEventLoopGroup-12-8] DEBUG bftsmart.clientsmanagement.ClientsManager - Message from client 1000 is valid
20:01:23.860 [Thread-105] DEBUG bftsmart.communication.client.netty.NettyClientServerCommunicationSystemClientSide - All channel operations completed or timed out
20:01:23.860 [Thread-105] DEBUG bftsmart.communication.client.netty.NettyClientServerCommunicationSystemClientSide - Sending request from 1001 with sequence number 1 to [3, 0, 2, 7, 5, 6, 4, 1]
20:01:23.860 [nioEventLoopGroup-22-4] DEBUG bftsmart.communication.client.netty.NettyClientServerCommunicationSystemClientSide - 2 channel operations remaining to complete
20:01:23.860 [nioEventLoopGroup-22-1] DEBUG bftsmart.communication.client.netty.NettyClientServerCommunicationSystemClientSide - 1 channel operations remaining to complete
20:01:23.860 [nioEventLoopGroup-17-8] DEBUG bftsmart.communication.client.netty.NettyTOMMessageDecoder - Decoded reply from 1001 with sequence number 1
20:01:23.860 [nioEventLoopGroup-17-8] DEBUG bftsmart.tom.core.TOMLayer - Received TOMMessage from client 1001 with sequence number 1 for session -1616661523
20:01:23.860 [nioEventLoopGroup-17-8] DEBUG bftsmart.clientsmanagement.ClientsManager - Message from client 1001 is valid
20:01:23.860 [nioEventLoopGroup-22-3] DEBUG bftsmart.communication.client.netty.NettyClientServerCommunicationSystemClientSide - 0 channel operations remaining to complete
20:01:23.860 [nioEventLoopGroup-14-4] DEBUG bftsmart.communication.client.netty.NettyTOMMessageDecoder - Decoded reply from 1001 with sequence number 1
20:01:23.860 [nioEventLoopGroup-14-4] DEBUG bftsmart.tom.core.TOMLayer - Received TOMMessage from client 1001 with sequence number 1 for session -1616661523
20:01:23.860 [nioEventLoopGroup-22-8] DEBUG bftsmart.communication.client.netty.NettyClientServerCommunicationSystemClientSide - -1 channel operations remaining to complete
20:01:23.860 [nioEventLoopGroup-14-4] DEBUG bftsmart.clientsmanagement.ClientsManager - Message from client 1001 is valid
20:01:23.860 [nioEventLoopGroup-22-6] DEBUG bftsmart.communication.client.netty.NettyClientServerCommunicationSystemClientSide - -2 channel operations remaining to complete
20:01:23.860 [nioEventLoopGroup-15-7] DEBUG bftsmart.communication.client.netty.NettyTOMMessageDecoder - Decoded reply from 1001 with sequence number 1
20:01:23.860 [Thread-105] DEBUG bftsmart.proxy - Expected number of matching replies: 3
20:01:23.860 [nioEventLoopGroup-15-7] DEBUG bftsmart.tom.core.TOMLayer - Received TOMMessage from client 1001 with sequence number 1 for session -1616661523
20:01:23.860 [nioEventLoopGroup-15-7] DEBUG bftsmart.clientsmanagement.ClientsManager - Message from client 1001 is valid
20:01:23.860 [nioEventLoopGroup-22-7] DEBUG bftsmart.communication.client.netty.NettyClientServerCommunicationSystemClientSide - -3 channel operations remaining to complete
20:01:23.860 [nioEventLoopGroup-13-4] DEBUG bftsmart.communication.client.netty.NettyTOMMessageDecoder - Decoded reply from 1001 with sequence number 1
20:01:23.860 [nioEventLoopGroup-10-7] DEBUG bftsmart.communication.client.netty.NettyTOMMessageDecoder - Decoded reply from 1001 with sequence number 1
20:01:23.860 [nioEventLoopGroup-22-5] DEBUG bftsmart.communication.client.netty.NettyClientServerCommunicationSystemClientSide - -4 channel operations remaining to complete
20:01:23.860 [nioEventLoopGroup-13-4] DEBUG bftsmart.tom.core.TOMLayer - Received TOMMessage from client 1001 with sequence number 1 for session -1616661523
20:01:23.860 [nioEventLoopGroup-10-7] DEBUG bftsmart.tom.core.TOMLayer - Received TOMMessage from client 1001 with sequence number 1 for session -1616661523
20:01:23.860 [nioEventLoopGroup-13-4] DEBUG bftsmart.clientsmanagement.ClientsManager - Message from client 1001 is valid
20:01:23.860 [nioEventLoopGroup-10-7] DEBUG bftsmart.clientsmanagement.ClientsManager - Message from client 1001 is valid
20:01:23.860 [nioEventLoopGroup-12-4] DEBUG bftsmart.communication.client.netty.NettyTOMMessageDecoder - Decoded reply from 1001 with sequence number 1
20:01:23.860 [nioEventLoopGroup-12-4] DEBUG bftsmart.tom.core.TOMLayer - Received TOMMessage from client 1001 with sequence number 1 for session -1616661523
20:01:23.860 [nioEventLoopGroup-12-4] DEBUG bftsmart.clientsmanagement.ClientsManager - Message from client 1001 is valid
20:01:23.860 [nioEventLoopGroup-16-8] DEBUG bftsmart.communication.client.netty.NettyTOMMessageDecoder - Decoded reply from 1001 with sequence number 1
20:01:23.860 [nioEventLoopGroup-22-2] DEBUG bftsmart.communication.client.netty.NettyClientServerCommunicationSystemClientSide - -5 channel operations remaining to complete
20:01:23.860 [nioEventLoopGroup-11-7] DEBUG bftsmart.communication.client.netty.NettyTOMMessageDecoder - Decoded reply from 1001 with sequence number 1
20:01:23.860 [nioEventLoopGroup-11-7] DEBUG bftsmart.tom.core.TOMLayer - Received TOMMessage from client 1001 with sequence number 1 for session -1616661523
20:01:23.860 [nioEventLoopGroup-16-8] DEBUG bftsmart.tom.core.TOMLayer - Received TOMMessage from client 1001 with sequence number 1 for session -1616661523
20:01:23.860 [nioEventLoopGroup-11-7] DEBUG bftsmart.clientsmanagement.ClientsManager - Message from client 1001 is valid
20:01:23.860 [nioEventLoopGroup-16-8] DEBUG bftsmart.clientsmanagement.ClientsManager - Message from client 1001 is valid
20:01:23.860 [Thread-107] DEBUG bftsmart.proxy - Sending request (ORDERED_REQUEST) with seqId = 1
20:01:23.860 [Thread-107] DEBUG bftsmart.communication.client.netty.NettyClientServerCommunicationSystemClientSide - All channel operations completed or timed out
20:01:23.861 [Thread-107] DEBUG bftsmart.communication.client.netty.NettyClientServerCommunicationSystemClientSide - Sending request from 1003 with sequence number 1 to [0, 7, 4, 6, 2, 1, 3, 5]
20:01:23.861 [nioEventLoopGroup-25-1] DEBUG bftsmart.communication.client.netty.NettyClientServerCommunicationSystemClientSide - 2 channel operations remaining to complete
20:01:23.861 [nioEventLoopGroup-14-5] DEBUG bftsmart.communication.client.netty.NettyTOMMessageDecoder - Decoded reply from 1003 with sequence number 1
20:01:23.861 [nioEventLoopGroup-13-3] DEBUG bftsmart.communication.client.netty.NettyTOMMessageDecoder - Decoded reply from 1003 with sequence number 1
20:01:23.861 [nioEventLoopGroup-14-5] DEBUG bftsmart.tom.core.TOMLayer - Received TOMMessage from client 1003 with sequence number 1 for session -1174399241
20:01:23.861 [nioEventLoopGroup-25-8] DEBUG bftsmart.communication.client.netty.NettyClientServerCommunicationSystemClientSide - 1 channel operations remaining to complete
20:01:23.861 [nioEventLoopGroup-13-3] DEBUG bftsmart.tom.core.TOMLayer - Received TOMMessage from client 1003 with sequence number 1 for session -1174399241
20:01:23.861 [nioEventLoopGroup-13-3] DEBUG bftsmart.clientsmanagement.ClientsManager - Message from client 1003 is valid
20:01:23.861 [Thread-106] DEBUG bftsmart.proxy - Sending request (ORDERED_REQUEST) with seqId = 1
20:01:23.861 [nioEventLoopGroup-25-5] DEBUG bftsmart.communication.client.netty.NettyClientServerCommunicationSystemClientSide - 0 channel operations remaining to complete
20:01:23.861 [nioEventLoopGroup-16-6] DEBUG bftsmart.communication.client.netty.NettyTOMMessageDecoder - Decoded reply from 1003 with sequence number 1
20:01:23.861 [Thread-111] DEBUG bftsmart.proxy - Sending request (ORDERED_REQUEST) with seqId = 1
20:01:23.861 [Thread-106] DEBUG bftsmart.communication.client.netty.NettyClientServerCommunicationSystemClientSide - All channel operations completed or timed out
20:01:23.861 [nioEventLoopGroup-16-6] DEBUG bftsmart.tom.core.TOMLayer - Received TOMMessage from client 1003 with sequence number 1 for session -1174399241
20:01:23.861 [Thread-106] DEBUG bftsmart.communication.client.netty.NettyClientServerCommunicationSystemClientSide - Sending request from 1002 with sequence number 1 to [7, 2, 4, 5, 3, 0, 6, 1]
20:01:23.861 [Thread-107] DEBUG bftsmart.proxy - Expected number of matching replies: 3
20:01:23.861 [nioEventLoopGroup-16-6] DEBUG bftsmart.clientsmanagement.ClientsManager - Message from client 1003 is valid
20:01:23.861 [nioEventLoopGroup-14-5] DEBUG bftsmart.clientsmanagement.ClientsManager - Message from client 1003 is valid
20:01:23.861 [nioEventLoopGroup-25-3] DEBUG bftsmart.communication.client.netty.NettyClientServerCommunicationSystemClientSide - -1 channel operations remaining to complete
20:01:23.861 [Thread-111] DEBUG bftsmart.communication.client.netty.NettyClientServerCommunicationSystemClientSide - All channel operations completed or timed out
20:01:23.861 [nioEventLoopGroup-12-3] DEBUG bftsmart.communication.client.netty.NettyTOMMessageDecoder - Decoded reply from 1003 with sequence number 1
20:01:23.861 [nioEventLoopGroup-12-3] DEBUG bftsmart.tom.core.TOMLayer - Received TOMMessage from client 1003 with sequence number 1 for session -1174399241
20:01:23.861 [nioEventLoopGroup-25-4] DEBUG bftsmart.communication.client.netty.NettyClientServerCommunicationSystemClientSide - -2 channel operations remaining to complete
20:01:23.861 [nioEventLoopGroup-12-3] DEBUG bftsmart.clientsmanagement.ClientsManager - Message from client 1003 is valid
20:01:23.861 [nioEventLoopGroup-15-6] DEBUG bftsmart.communication.client.netty.NettyTOMMessageDecoder - Decoded reply from 1003 with sequence number 1
20:01:23.861 [nioEventLoopGroup-25-7] DEBUG bftsmart.communication.client.netty.NettyClientServerCommunicationSystemClientSide - -3 channel operations remaining to complete
20:01:23.861 [Thread-111] DEBUG bftsmart.communication.client.netty.NettyClientServerCommunicationSystemClientSide - Sending request from 1007 with sequence number 1 to [1, 7, 6, 3, 0, 4, 5, 2]
20:01:23.861 [Thread-108] DEBUG bftsmart.proxy - Sending request (ORDERED_REQUEST) with seqId = 1
20:01:23.861 [Thread-108] DEBUG bftsmart.communication.client.netty.NettyClientServerCommunicationSystemClientSide - All channel operations completed or timed out
20:01:23.861 [Thread-108] DEBUG bftsmart.communication.client.netty.NettyClientServerCommunicationSystemClientSide - Sending request from 1004 with sequence number 1 to [0, 3, 4, 1, 2, 7, 5, 6]
20:01:23.861 [nioEventLoopGroup-11-6] DEBUG bftsmart.communication.client.netty.NettyTOMMessageDecoder - Decoded reply from 1003 with sequence number 1
20:01:23.861 [nioEventLoopGroup-10-3] DEBUG bftsmart.communication.client.netty.NettyTOMMessageDecoder - Decoded reply from 1003 with sequence number 1
20:01:23.861 [nioEventLoopGroup-15-6] DEBUG bftsmart.tom.core.TOMLayer - Received TOMMessage from client 1003 with sequence number 1 for session -1174399241
20:01:23.861 [nioEventLoopGroup-11-6] DEBUG bftsmart.tom.core.TOMLayer - Received TOMMessage from client 1003 with sequence number 1 for session -1174399241
20:01:23.861 [nioEventLoopGroup-11-6] DEBUG bftsmart.clientsmanagement.ClientsManager - Message from client 1003 is valid
20:01:23.861 [nioEventLoopGroup-15-6] DEBUG bftsmart.clientsmanagement.ClientsManager - Message from client 1003 is valid
20:01:23.861 [nioEventLoopGroup-25-2] DEBUG bftsmart.communication.client.netty.NettyClientServerCommunicationSystemClientSide - -4 channel operations remaining to complete
20:01:23.861 [nioEventLoopGroup-10-3] DEBUG bftsmart.tom.core.TOMLayer - Received TOMMessage from client 1003 with sequence number 1 for session -1174399241
20:01:23.861 [nioEventLoopGroup-10-3] DEBUG bftsmart.clientsmanagement.ClientsManager - Message from client 1003 is valid
20:01:23.861 [nioEventLoopGroup-25-6] DEBUG bftsmart.communication.client.netty.NettyClientServerCommunicationSystemClientSide - -5 channel operations remaining to complete
20:01:23.861 [nioEventLoopGroup-24-1] DEBUG bftsmart.communication.client.netty.NettyClientServerCommunicationSystemClientSide - 2 channel operations remaining to complete
20:01:23.861 [nioEventLoopGroup-17-6] DEBUG bftsmart.communication.client.netty.NettyTOMMessageDecoder - Decoded reply from 1003 with sequence number 1
20:01:23.861 [nioEventLoopGroup-17-6] DEBUG bftsmart.tom.core.TOMLayer - Received TOMMessage from client 1003 with sequence number 1 for session -1174399241
20:01:23.861 [nioEventLoopGroup-17-6] DEBUG bftsmart.clientsmanagement.ClientsManager - Message from client 1003 is valid
20:01:23.861 [nioEventLoopGroup-14-3] DEBUG bftsmart.communication.client.netty.NettyTOMMessageDecoder - Decoded reply from 1004 with sequence number 1
20:01:23.861 [nioEventLoopGroup-23-8] DEBUG bftsmart.communication.client.netty.NettyClientServerCommunicationSystemClientSide - 2 channel operations remaining to complete
20:01:23.861 [nioEventLoopGroup-24-4] DEBUG bftsmart.communication.client.netty.NettyClientServerCommunicationSystemClientSide - 1 channel operations remaining to complete
20:01:23.862 [nioEventLoopGroup-14-3] DEBUG bftsmart.tom.core.TOMLayer - Received TOMMessage from client 1004 with sequence number 1 for session 906829679
20:01:23.862 [nioEventLoopGroup-11-4] DEBUG bftsmart.communication.client.netty.NettyTOMMessageDecoder - Decoded reply from 1007 with sequence number 1
20:01:23.862 [nioEventLoopGroup-24-5] DEBUG bftsmart.communication.client.netty.NettyClientServerCommunicationSystemClientSide - 0 channel operations remaining to complete
20:01:23.862 [nioEventLoopGroup-14-3] DEBUG bftsmart.clientsmanagement.ClientsManager - Message from client 1004 is valid
20:01:23.862 [Thread-108] DEBUG bftsmart.proxy - Expected number of matching replies: 3
20:01:23.862 [nioEventLoopGroup-11-4] DEBUG bftsmart.tom.core.TOMLayer - Received TOMMessage from client 1007 with sequence number 1 for session -797304548
20:01:23.862 [nioEventLoopGroup-12-5] DEBUG bftsmart.communication.client.netty.NettyTOMMessageDecoder - Decoded reply from 1007 with sequence number 1
20:01:23.862 [nioEventLoopGroup-11-4] DEBUG bftsmart.clientsmanagement.ClientsManager - Message from client 1007 is valid
20:01:23.862 [nioEventLoopGroup-17-2] DEBUG bftsmart.communication.client.netty.NettyTOMMessageDecoder - Decoded reply from 1004 with sequence number 1
20:01:23.862 [nioEventLoopGroup-12-5] DEBUG bftsmart.tom.core.TOMLayer - Received TOMMessage from client 1007 with sequence number 1 for session -797304548
20:01:23.862 [nioEventLoopGroup-11-1] DEBUG bftsmart.communication.client.netty.NettyTOMMessageDecoder - Decoded reply from 1004 with sequence number 1
20:01:23.862 [nioEventLoopGroup-15-5] DEBUG bftsmart.communication.client.netty.NettyTOMMessageDecoder - Decoded reply from 1002 with sequence number 1
20:01:23.862 [nioEventLoopGroup-18-3] DEBUG bftsmart.communication.client.netty.NettyClientServerCommunicationSystemClientSide - 2 channel operations remaining to complete
20:01:23.862 [nioEventLoopGroup-17-2] DEBUG bftsmart.tom.core.TOMLayer - Received TOMMessage from client 1004 with sequence number 1 for session 906829679
20:01:23.862 [nioEventLoopGroup-14-6] DEBUG bftsmart.communication.client.netty.NettyTOMMessageDecoder - Decoded reply from 1007 with sequence number 1
20:01:23.862 [nioEventLoopGroup-15-5] DEBUG bftsmart.tom.core.TOMLayer - Received TOMMessage from client 1002 with sequence number 1 for session -9836715
20:01:23.862 [nioEventLoopGroup-15-1] DEBUG bftsmart.communication.client.netty.NettyTOMMessageDecoder - Decoded reply from 1004 with sequence number 1
20:01:23.862 [nioEventLoopGroup-15-5] DEBUG bftsmart.clientsmanagement.ClientsManager - Message from client 1002 is valid
20:01:23.862 [nioEventLoopGroup-15-1] DEBUG bftsmart.tom.core.TOMLayer - Received TOMMessage from client 1004 with sequence number 1 for session 906829679
20:01:23.862 [nioEventLoopGroup-15-1] DEBUG bftsmart.clientsmanagement.ClientsManager - Message from client 1004 is valid
20:01:23.862 [nioEventLoopGroup-23-2] DEBUG bftsmart.communication.client.netty.NettyClientServerCommunicationSystemClientSide - 1 channel operations remaining to complete
20:01:23.862 [Thread-110] DEBUG bftsmart.proxy - Sending request (ORDERED_REQUEST) with seqId = 1
20:01:23.862 [nioEventLoopGroup-17-5] DEBUG bftsmart.communication.client.netty.NettyTOMMessageDecoder - Decoded reply from 1002 with sequence number 1
20:01:23.862 [nioEventLoopGroup-13-1] DEBUG bftsmart.communication.client.netty.NettyTOMMessageDecoder - Decoded reply from 1004 with sequence number 1
20:01:23.862 [Thread-111] DEBUG bftsmart.proxy - Expected number of matching replies: 3
20:01:23.862 [nioEventLoopGroup-15-4] DEBUG bftsmart.communication.client.netty.NettyTOMMessageDecoder - Decoded reply from 1007 with sequence number 1
20:01:23.862 [Thread-110] DEBUG bftsmart.communication.client.netty.NettyClientServerCommunicationSystemClientSide - All channel operations completed or timed out
20:01:23.862 [nioEventLoopGroup-10-1] DEBUG bftsmart.communication.client.netty.NettyTOMMessageDecoder - Decoded reply from 1004 with sequence number 1
20:01:23.862 [nioEventLoopGroup-15-4] DEBUG bftsmart.tom.core.TOMLayer - Received TOMMessage from client 1007 with sequence number 1 for session -797304548
20:01:23.862 [nioEventLoopGroup-15-4] DEBUG bftsmart.clientsmanagement.ClientsManager - Message from client 1007 is valid
20:01:23.862 [nioEventLoopGroup-10-1] DEBUG bftsmart.tom.core.TOMLayer - Received TOMMessage from client 1004 with sequence number 1 for session 906829679
20:01:23.862 [Thread-109] DEBUG bftsmart.proxy - Sending request (ORDERED_REQUEST) with seqId = 1
20:01:23.862 [nioEventLoopGroup-10-4] DEBUG bftsmart.communication.client.netty.NettyTOMMessageDecoder - Decoded reply from 1002 with sequence number 1
20:01:23.862 [nioEventLoopGroup-12-1] DEBUG bftsmart.communication.client.netty.NettyTOMMessageDecoder - Decoded reply from 1004 with sequence number 1
20:01:23.862 [nioEventLoopGroup-14-7] DEBUG bftsmart.communication.client.netty.NettyTOMMessageDecoder - Decoded reply from 1002 with sequence number 1
20:01:23.862 [nioEventLoopGroup-13-7] DEBUG bftsmart.communication.client.netty.NettyTOMMessageDecoder - Decoded reply from 1007 with sequence number 1
20:01:23.862 [nioEventLoopGroup-12-1] DEBUG bftsmart.tom.core.TOMLayer - Received TOMMessage from client 1004 with sequence number 1 for session 906829679
20:01:23.862 [nioEventLoopGroup-11-5] DEBUG bftsmart.communication.client.netty.NettyTOMMessageDecoder - Decoded reply from 1002 with sequence number 1
20:01:23.862 [nioEventLoopGroup-12-1] DEBUG bftsmart.clientsmanagement.ClientsManager - Message from client 1004 is valid
20:01:23.862 [nioEventLoopGroup-24-3] DEBUG bftsmart.communication.client.netty.NettyClientServerCommunicationSystemClientSide - -1 channel operations remaining to complete
20:01:23.862 [nioEventLoopGroup-13-7] DEBUG bftsmart.tom.core.TOMLayer - Received TOMMessage from client 1007 with sequence number 1 for session -797304548
20:01:23.862 [nioEventLoopGroup-13-7] DEBUG bftsmart.clientsmanagement.ClientsManager - Message from client 1007 is valid
20:01:23.862 [nioEventLoopGroup-16-1] DEBUG bftsmart.communication.client.netty.NettyTOMMessageDecoder - Decoded reply from 1004 with sequence number 1
20:01:23.862 [nioEventLoopGroup-24-2] DEBUG bftsmart.communication.client.netty.NettyClientServerCommunicationSystemClientSide - -2 channel operations remaining to complete
20:01:23.862 [Thread-106] DEBUG bftsmart.proxy - Expected number of matching replies: 3
20:01:23.862 [nioEventLoopGroup-12-7] DEBUG bftsmart.communication.client.netty.NettyTOMMessageDecoder - Decoded reply from 1002 with sequence number 1
20:01:23.862 [nioEventLoopGroup-16-1] DEBUG bftsmart.tom.core.TOMLayer - Received TOMMessage from client 1004 with sequence number 1 for session 906829679
20:01:23.862 [nioEventLoopGroup-16-1] DEBUG bftsmart.clientsmanagement.ClientsManager - Message from client 1004 is valid
20:01:23.862 [nioEventLoopGroup-12-7] DEBUG bftsmart.tom.core.TOMLayer - Received TOMMessage from client 1002 with sequence number 1 for session -9836715
20:01:23.862 [nioEventLoopGroup-24-8] DEBUG bftsmart.communication.client.netty.NettyClientServerCommunicationSystemClientSide - -3 channel operations remaining to complete
20:01:23.862 [nioEventLoopGroup-12-5] DEBUG bftsmart.clientsmanagement.ClientsManager - Message from client 1007 is valid
20:01:23.862 [nioEventLoopGroup-17-4] DEBUG bftsmart.communication.client.netty.NettyTOMMessageDecoder - Decoded reply from 1007 with sequence number 1
20:01:23.862 [nioEventLoopGroup-17-4] DEBUG bftsmart.tom.core.TOMLayer - Received TOMMessage from client 1007 with sequence number 1 for session -797304548
20:01:23.862 [nioEventLoopGroup-11-1] DEBUG bftsmart.tom.core.TOMLayer - Received TOMMessage from client 1004 with sequence number 1 for session 906829679
20:01:23.862 [nioEventLoopGroup-17-4] DEBUG bftsmart.clientsmanagement.ClientsManager - Message from client 1007 is valid
20:01:23.862 [nioEventLoopGroup-11-1] DEBUG bftsmart.clientsmanagement.ClientsManager - Message from client 1004 is valid
20:01:23.862 [nioEventLoopGroup-17-2] DEBUG bftsmart.clientsmanagement.ClientsManager - Message from client 1004 is valid
20:01:23.862 [nioEventLoopGroup-12-7] DEBUG bftsmart.clientsmanagement.ClientsManager - Message from client 1002 is valid
20:01:23.862 [nioEventLoopGroup-16-2] DEBUG bftsmart.communication.client.netty.NettyTOMMessageDecoder - Decoded reply from 1007 with sequence number 1
20:01:23.862 [nioEventLoopGroup-16-4] DEBUG bftsmart.communication.client.netty.NettyTOMMessageDecoder - Decoded reply from 1002 with sequence number 1
20:01:23.863 [nioEventLoopGroup-16-2] DEBUG bftsmart.tom.core.TOMLayer - Received TOMMessage from client 1007 with sequence number 1 for session -797304548
20:01:23.863 [nioEventLoopGroup-16-2] DEBUG bftsmart.clientsmanagement.ClientsManager - Message from client 1007 is valid
20:01:23.863 [nioEventLoopGroup-16-4] DEBUG bftsmart.tom.core.TOMLayer - Received TOMMessage from client 1002 with sequence number 1 for session -9836715
20:01:23.862 [nioEventLoopGroup-14-6] DEBUG bftsmart.tom.core.TOMLayer - Received TOMMessage from client 1007 with sequence number 1 for session -797304548
20:01:23.863 [nioEventLoopGroup-14-6] DEBUG bftsmart.clientsmanagement.ClientsManager - Message from client 1007 is valid
20:01:23.862 [nioEventLoopGroup-18-8] DEBUG bftsmart.communication.client.netty.NettyClientServerCommunicationSystemClientSide - 1 channel operations remaining to complete
20:01:23.862 [nioEventLoopGroup-10-6] DEBUG bftsmart.communication.client.netty.NettyTOMMessageDecoder - Decoded reply from 1007 with sequence number 1
20:01:23.863 [nioEventLoopGroup-18-5] DEBUG bftsmart.communication.client.netty.NettyClientServerCommunicationSystemClientSide - 0 channel operations remaining to complete
20:01:23.862 [nioEventLoopGroup-17-5] DEBUG bftsmart.tom.core.TOMLayer - Received TOMMessage from client 1002 with sequence number 1 for session -9836715
20:01:23.863 [nioEventLoopGroup-10-6] DEBUG bftsmart.tom.core.TOMLayer - Received TOMMessage from client 1007 with sequence number 1 for session -797304548
20:01:23.863 [nioEventLoopGroup-10-6] DEBUG bftsmart.clientsmanagement.ClientsManager - Message from client 1007 is valid
20:01:23.863 [nioEventLoopGroup-17-5] DEBUG bftsmart.clientsmanagement.ClientsManager - Message from client 1002 is valid
20:01:23.863 [nioEventLoopGroup-18-4] DEBUG bftsmart.communication.client.netty.NettyClientServerCommunicationSystemClientSide - -1 channel operations remaining to complete
20:01:23.862 [nioEventLoopGroup-13-1] DEBUG bftsmart.tom.core.TOMLayer - Received TOMMessage from client 1004 with sequence number 1 for session 906829679
20:01:23.863 [nioEventLoopGroup-18-6] DEBUG bftsmart.communication.client.netty.NettyClientServerCommunicationSystemClientSide - -2 channel operations remaining to complete
20:01:23.863 [nioEventLoopGroup-13-1] DEBUG bftsmart.clientsmanagement.ClientsManager - Message from client 1004 is valid
20:01:23.863 [nioEventLoopGroup-18-2] DEBUG bftsmart.communication.client.netty.NettyClientServerCommunicationSystemClientSide - -3 channel operations remaining to complete
20:01:23.862 [nioEventLoopGroup-23-7] DEBUG bftsmart.communication.client.netty.NettyClientServerCommunicationSystemClientSide - 0 channel operations remaining to complete
20:01:23.863 [nioEventLoopGroup-18-1] DEBUG bftsmart.communication.client.netty.NettyClientServerCommunicationSystemClientSide - -4 channel operations remaining to complete
20:01:23.862 [Thread-110] DEBUG bftsmart.communication.client.netty.NettyClientServerCommunicationSystemClientSide - Sending request from 1006 with sequence number 1 to [1, 3, 4, 2, 7, 5, 0, 6]
20:01:23.863 [nioEventLoopGroup-23-4] DEBUG bftsmart.communication.client.netty.NettyClientServerCommunicationSystemClientSide - -1 channel operations remaining to complete
20:01:23.863 [nioEventLoopGroup-18-7] DEBUG bftsmart.communication.client.netty.NettyClientServerCommunicationSystemClientSide - -5 channel operations remaining to complete
20:01:23.862 [nioEventLoopGroup-13-5] DEBUG bftsmart.communication.client.netty.NettyTOMMessageDecoder - Decoded reply from 1002 with sequence number 1
20:01:23.863 [nioEventLoopGroup-23-5] DEBUG bftsmart.communication.client.netty.NettyClientServerCommunicationSystemClientSide - -2 channel operations remaining to complete
20:01:23.862 [nioEventLoopGroup-10-1] DEBUG bftsmart.clientsmanagement.ClientsManager - Message from client 1004 is valid
20:01:23.863 [nioEventLoopGroup-23-1] DEBUG bftsmart.communication.client.netty.NettyClientServerCommunicationSystemClientSide - -3 channel operations remaining to complete
20:01:23.862 [nioEventLoopGroup-10-4] DEBUG bftsmart.tom.core.TOMLayer - Received TOMMessage from client 1002 with sequence number 1 for session -9836715
20:01:23.863 [nioEventLoopGroup-23-6] DEBUG bftsmart.communication.client.netty.NettyClientServerCommunicationSystemClientSide - -4 channel operations remaining to complete
20:01:23.863 [nioEventLoopGroup-21-2] DEBUG bftsmart.communication.client.netty.NettyClientServerCommunicationSystemClientSide - 2 channel operations remaining to complete
20:01:23.862 [Thread-109] DEBUG bftsmart.communication.client.netty.NettyClientServerCommunicationSystemClientSide - All channel operations completed or timed out
20:01:23.864 [Thread-109] DEBUG bftsmart.communication.client.netty.NettyClientServerCommunicationSystemClientSide - Sending request from 1005 with sequence number 1 to [5, 1, 6, 3, 4, 0, 2, 7]
20:01:23.864 [nioEventLoopGroup-17-1] DEBUG bftsmart.communication.client.netty.NettyTOMMessageDecoder - Decoded reply from 1006 with sequence number 1
20:01:23.864 [nioEventLoopGroup-17-1] DEBUG bftsmart.tom.core.TOMLayer - Received TOMMessage from client 1006 with sequence number 1 for session -357618377
20:01:23.864 [nioEventLoopGroup-17-1] DEBUG bftsmart.clientsmanagement.ClientsManager - Message from client 1006 is valid
20:01:23.864 [nioEventLoopGroup-16-3] DEBUG bftsmart.communication.client.netty.NettyTOMMessageDecoder - Decoded reply from 1006 with sequence number 1
20:01:23.864 [nioEventLoopGroup-16-3] DEBUG bftsmart.tom.core.TOMLayer - Received TOMMessage from client 1006 with sequence number 1 for session -357618377
20:01:23.864 [nioEventLoopGroup-16-3] DEBUG bftsmart.clientsmanagement.ClientsManager - Message from client 1006 is valid
20:01:23.864 [nioEventLoopGroup-15-2] DEBUG bftsmart.communication.client.netty.NettyTOMMessageDecoder - Decoded reply from 1006 with sequence number 1
20:01:23.862 [nioEventLoopGroup-14-7] DEBUG bftsmart.tom.core.TOMLayer - Received TOMMessage from client 1002 with sequence number 1 for session -9836715
20:01:23.864 [nioEventLoopGroup-15-2] DEBUG bftsmart.tom.core.TOMLayer - Received TOMMessage from client 1006 with sequence number 1 for session -357618377
20:01:23.864 [Thread-110] DEBUG bftsmart.proxy - Expected number of matching replies: 3
20:01:23.864 [nioEventLoopGroup-15-2] DEBUG bftsmart.clientsmanagement.ClientsManager - Message from client 1006 is valid
20:01:23.864 [nioEventLoopGroup-13-6] DEBUG bftsmart.communication.client.netty.NettyTOMMessageDecoder - Decoded reply from 1006 with sequence number 1
20:01:23.864 [nioEventLoopGroup-20-6] DEBUG bftsmart.communication.client.netty.NettyClientServerCommunicationSystemClientSide - 2 channel operations remaining to complete
20:01:23.864 [nioEventLoopGroup-10-5] DEBUG bftsmart.communication.client.netty.NettyTOMMessageDecoder - Decoded reply from 1006 with sequence number 1
20:01:23.864 [nioEventLoopGroup-10-5] DEBUG bftsmart.tom.core.TOMLayer - Received TOMMessage from client 1006 with sequence number 1 for session -357618377
20:01:23.864 [nioEventLoopGroup-10-5] DEBUG bftsmart.clientsmanagement.ClientsManager - Message from client 1006 is valid
20:01:23.864 [nioEventLoopGroup-20-2] DEBUG bftsmart.communication.client.netty.NettyClientServerCommunicationSystemClientSide - 1 channel operations remaining to complete
20:01:23.864 [nioEventLoopGroup-14-1] DEBUG bftsmart.communication.client.netty.NettyTOMMessageDecoder - Decoded reply from 1006 with sequence number 1
20:01:23.864 [nioEventLoopGroup-11-2] DEBUG bftsmart.communication.client.netty.NettyTOMMessageDecoder - Decoded reply from 1005 with sequence number 1
20:01:23.862 [nioEventLoopGroup-11-5] DEBUG bftsmart.tom.core.TOMLayer - Received TOMMessage from client 1002 with sequence number 1 for session -9836715
20:01:23.864 [nioEventLoopGroup-14-1] DEBUG bftsmart.tom.core.TOMLayer - Received TOMMessage from client 1006 with sequence number 1 for session -357618377
20:01:23.862 [nioEventLoopGroup-24-6] DEBUG bftsmart.communication.client.netty.NettyClientServerCommunicationSystemClientSide - -4 channel operations remaining to complete
20:01:23.864 [Thread-109] DEBUG bftsmart.proxy - Expected number of matching replies: 3
20:01:23.863 [nioEventLoopGroup-16-4] DEBUG bftsmart.clientsmanagement.ClientsManager - Message from client 1002 is valid
20:01:23.864 [nioEventLoopGroup-24-7] DEBUG bftsmart.communication.client.netty.NettyClientServerCommunicationSystemClientSide - -5 channel operations remaining to complete
20:01:23.864 [nioEventLoopGroup-14-8] DEBUG bftsmart.communication.client.netty.NettyTOMMessageDecoder - Decoded reply from 1005 with sequence number 1
20:01:23.863 [nioEventLoopGroup-13-5] DEBUG bftsmart.tom.core.TOMLayer - Received TOMMessage from client 1002 with sequence number 1 for session -9836715
20:01:23.864 [nioEventLoopGroup-23-3] DEBUG bftsmart.communication.client.netty.NettyClientServerCommunicationSystemClientSide - -5 channel operations remaining to complete
20:01:23.864 [nioEventLoopGroup-17-3] DEBUG bftsmart.communication.client.netty.NettyTOMMessageDecoder - Decoded reply from 1005 with sequence number 1
20:01:23.864 [nioEventLoopGroup-13-2] DEBUG bftsmart.communication.client.netty.NettyTOMMessageDecoder - Decoded reply from 1005 with sequence number 1
20:01:23.864 [nioEventLoopGroup-11-3] DEBUG bftsmart.communication.client.netty.NettyTOMMessageDecoder - Decoded reply from 1006 with sequence number 1
20:01:23.864 [nioEventLoopGroup-13-2] DEBUG bftsmart.tom.core.TOMLayer - Received TOMMessage from client 1005 with sequence number 1 for session 984428796
20:01:23.864 [nioEventLoopGroup-17-3] DEBUG bftsmart.tom.core.TOMLayer - Received TOMMessage from client 1005 with sequence number 1 for session 984428796
20:01:23.864 [nioEventLoopGroup-13-2] DEBUG bftsmart.clientsmanagement.ClientsManager - Message from client 1005 is valid
20:01:23.864 [nioEventLoopGroup-17-3] DEBUG bftsmart.clientsmanagement.ClientsManager - Message from client 1005 is valid
20:01:23.864 [nioEventLoopGroup-10-4] DEBUG bftsmart.clientsmanagement.ClientsManager - Message from client 1002 is valid
20:01:23.864 [nioEventLoopGroup-11-3] DEBUG bftsmart.tom.core.TOMLayer - Received TOMMessage from client 1006 with sequence number 1 for session -357618377
20:01:23.864 [nioEventLoopGroup-11-3] DEBUG bftsmart.clientsmanagement.ClientsManager - Message from client 1006 is valid
20:01:23.864 [nioEventLoopGroup-21-4] DEBUG bftsmart.communication.client.netty.NettyClientServerCommunicationSystemClientSide - 1 channel operations remaining to complete
20:01:23.864 [nioEventLoopGroup-14-7] DEBUG bftsmart.clientsmanagement.ClientsManager - Message from client 1002 is valid
20:01:23.864 [nioEventLoopGroup-21-5] DEBUG bftsmart.communication.client.netty.NettyClientServerCommunicationSystemClientSide - 0 channel operations remaining to complete
20:01:23.864 [nioEventLoopGroup-13-6] DEBUG bftsmart.tom.core.TOMLayer - Received TOMMessage from client 1006 with sequence number 1 for session -357618377
20:01:23.864 [nioEventLoopGroup-21-3] DEBUG bftsmart.communication.client.netty.NettyClientServerCommunicationSystemClientSide - -1 channel operations remaining to complete
20:01:23.864 [nioEventLoopGroup-10-2] DEBUG bftsmart.communication.client.netty.NettyTOMMessageDecoder - Decoded reply from 1005 with sequence number 1
20:01:23.865 [nioEventLoopGroup-13-5] DEBUG bftsmart.clientsmanagement.ClientsManager - Message from client 1002 is valid
20:01:23.864 [nioEventLoopGroup-20-7] DEBUG bftsmart.communication.client.netty.NettyClientServerCommunicationSystemClientSide - 0 channel operations remaining to complete
20:01:23.864 [nioEventLoopGroup-12-6] DEBUG bftsmart.communication.client.netty.NettyTOMMessageDecoder - Decoded reply from 1006 with sequence number 1
20:01:23.865 [nioEventLoopGroup-20-4] DEBUG bftsmart.communication.client.netty.NettyClientServerCommunicationSystemClientSide - -1 channel operations remaining to complete
20:01:23.864 [nioEventLoopGroup-11-2] DEBUG bftsmart.tom.core.TOMLayer - Received TOMMessage from client 1005 with sequence number 1 for session 984428796
20:01:23.865 [nioEventLoopGroup-12-6] DEBUG bftsmart.tom.core.TOMLayer - Received TOMMessage from client 1006 with sequence number 1 for session -357618377
20:01:23.865 [nioEventLoopGroup-20-5] DEBUG bftsmart.communication.client.netty.NettyClientServerCommunicationSystemClientSide - -2 channel operations remaining to complete
20:01:23.865 [nioEventLoopGroup-12-6] DEBUG bftsmart.clientsmanagement.ClientsManager - Message from client 1006 is valid
20:01:23.864 [nioEventLoopGroup-12-2] DEBUG bftsmart.communication.client.netty.NettyTOMMessageDecoder - Decoded reply from 1005 with sequence number 1
20:01:23.864 [nioEventLoopGroup-11-5] DEBUG bftsmart.clientsmanagement.ClientsManager - Message from client 1002 is valid
20:01:23.865 [nioEventLoopGroup-20-1] DEBUG bftsmart.communication.client.netty.NettyClientServerCommunicationSystemClientSide - -3 channel operations remaining to complete
20:01:23.864 [nioEventLoopGroup-14-1] DEBUG bftsmart.clientsmanagement.ClientsManager - Message from client 1006 is valid
20:01:23.864 [nioEventLoopGroup-16-5] DEBUG bftsmart.communication.client.netty.NettyTOMMessageDecoder - Decoded reply from 1005 with sequence number 1
20:01:23.864 [nioEventLoopGroup-14-8] DEBUG bftsmart.tom.core.TOMLayer - Received TOMMessage from client 1005 with sequence number 1 for session 984428796
20:01:23.865 [nioEventLoopGroup-16-5] DEBUG bftsmart.tom.core.TOMLayer - Received TOMMessage from client 1005 with sequence number 1 for session 984428796
20:01:23.865 [nioEventLoopGroup-11-2] DEBUG bftsmart.clientsmanagement.ClientsManager - Message from client 1005 is valid
20:01:23.865 [nioEventLoopGroup-16-5] DEBUG bftsmart.clientsmanagement.ClientsManager - Message from client 1005 is valid
20:01:23.865 [nioEventLoopGroup-14-8] DEBUG bftsmart.clientsmanagement.ClientsManager - Message from client 1005 is valid
20:01:23.864 [nioEventLoopGroup-15-3] DEBUG bftsmart.communication.client.netty.NettyTOMMessageDecoder - Decoded reply from 1005 with sequence number 1
20:01:23.865 [nioEventLoopGroup-21-8] DEBUG bftsmart.communication.client.netty.NettyClientServerCommunicationSystemClientSide - -2 channel operations remaining to complete
20:01:23.865 [TOM Layer] DEBUG bftsmart.tom.core.TOMLayer - Got enough requests
20:01:23.865 [TOM Layer] DEBUG bftsmart.tom.core.TOMLayer - There are requests to be ordered. I will propose.
20:01:23.865 [nioEventLoopGroup-15-3] DEBUG bftsmart.tom.core.TOMLayer - Received TOMMessage from client 1005 with sequence number 1 for session 984428796
20:01:23.865 [TOM Layer] DEBUG bftsmart.tom.core.TOMLayer - Modifying inExec from -1 to 1
20:01:23.865 [nioEventLoopGroup-10-2] DEBUG bftsmart.tom.core.TOMLayer - Received TOMMessage from client 1005 with sequence number 1 for session 984428796
20:01:23.865 [TOM Layer] DEBUG bftsmart.clientsmanagement.ClientsManager - Number of active clients: 8
20:01:23.865 [TOM Layer] DEBUG bftsmart.clientsmanagement.ClientsManager - Fetching requests with internal index 0
20:01:23.865 [TOM Layer] DEBUG bftsmart.clientsmanagement.ClientsManager - Number of pending requests for client 1000: 1.
20:01:23.865 [TOM Layer] DEBUG bftsmart.clientsmanagement.ClientsManager - Selected request with sequence number 1 from client 1000
20:01:23.865 [nioEventLoopGroup-21-6] DEBUG bftsmart.communication.client.netty.NettyClientServerCommunicationSystemClientSide - -3 channel operations remaining to complete
20:01:23.865 [TOM Layer] DEBUG bftsmart.clientsmanagement.ClientsManager - Number of pending requests for client 1001: 1.
20:01:23.865 [TOM Layer] DEBUG bftsmart.clientsmanagement.ClientsManager - Selected request with sequence number 1 from client 1001
20:01:23.865 [nioEventLoopGroup-13-6] DEBUG bftsmart.clientsmanagement.ClientsManager - Message from client 1006 is valid
20:01:23.865 [nioEventLoopGroup-12-2] DEBUG bftsmart.tom.core.TOMLayer - Received TOMMessage from client 1005 with sequence number 1 for session 984428796
20:01:23.865 [nioEventLoopGroup-21-1] DEBUG bftsmart.communication.client.netty.NettyClientServerCommunicationSystemClientSide - -4 channel operations remaining to complete
20:01:23.865 [nioEventLoopGroup-12-2] DEBUG bftsmart.clientsmanagement.ClientsManager - Message from client 1005 is valid
20:01:23.865 [nioEventLoopGroup-21-7] DEBUG bftsmart.communication.client.netty.NettyClientServerCommunicationSystemClientSide - -5 channel operations remaining to complete
20:01:23.865 [nioEventLoopGroup-20-3] DEBUG bftsmart.communication.client.netty.NettyClientServerCommunicationSystemClientSide - -4 channel operations remaining to complete
20:01:23.865 [nioEventLoopGroup-15-3] DEBUG bftsmart.clientsmanagement.ClientsManager - Message from client 1005 is valid
20:01:23.865 [nioEventLoopGroup-20-8] DEBUG bftsmart.communication.client.netty.NettyClientServerCommunicationSystemClientSide - -5 channel operations remaining to complete
20:01:23.865 [nioEventLoopGroup-10-2] DEBUG bftsmart.clientsmanagement.ClientsManager - Message from client 1005 is valid
20:01:23.865 [TOM Layer] DEBUG bftsmart.clientsmanagement.ClientsManager - Number of pending requests for client 1002: 1.
20:01:23.865 [TOM Layer] DEBUG bftsmart.clientsmanagement.ClientsManager - Selected request with sequence number 1 from client 1002
20:01:23.866 [TOM Layer] DEBUG bftsmart.clientsmanagement.ClientsManager - Number of pending requests for client 1003: 1.
20:01:23.866 [TOM Layer] DEBUG bftsmart.clientsmanagement.ClientsManager - Selected request with sequence number 1 from client 1003
20:01:23.866 [TOM Layer] DEBUG bftsmart.clientsmanagement.ClientsManager - Number of pending requests for client 1004: 1.
20:01:23.866 [TOM Layer] DEBUG bftsmart.clientsmanagement.ClientsManager - Selected request with sequence number 1 from client 1004
20:01:23.866 [TOM Layer] DEBUG bftsmart.clientsmanagement.ClientsManager - Number of pending requests for client 1005: 1.
20:01:23.866 [TOM Layer] DEBUG bftsmart.clientsmanagement.ClientsManager - Selected request with sequence number 1 from client 1005
20:01:23.866 [TOM Layer] DEBUG bftsmart.clientsmanagement.ClientsManager - Number of pending requests for client 1006: 1.
20:01:23.866 [TOM Layer] DEBUG bftsmart.clientsmanagement.ClientsManager - Selected request with sequence number 1 from client 1006
20:01:23.866 [TOM Layer] DEBUG bftsmart.clientsmanagement.ClientsManager - Number of pending requests for client 1007: 1.
20:01:23.866 [TOM Layer] DEBUG bftsmart.clientsmanagement.ClientsManager - Selected request with sequence number 1 from client 1007
20:01:23.866 [TOM Layer] DEBUG bftsmart.tom.core.TOMLayer - Number of pending requets to propose in consensus 1: 8
20:01:23.866 [TOM Layer] DEBUG bftsmart.tom.core.TOMLayer - Creating a PROPOSE with 8 msgs
20:01:23.866 [TOM Layer] DEBUG bftsmart.tom.util.BatchBuilder - Adding request from client 1000 with sequence number 1 for session 927359099 to PROPOSE
20:01:23.866 [TOM Layer] DEBUG bftsmart.tom.util.BatchBuilder - Adding request from client 1001 with sequence number 1 for session -1616661523 to PROPOSE
20:01:23.866 [TOM Layer] DEBUG bftsmart.tom.util.BatchBuilder - Adding request from client 1002 with sequence number 1 for session -9836715 to PROPOSE
20:01:23.866 [TOM Layer] DEBUG bftsmart.tom.util.BatchBuilder - Adding request from client 1003 with sequence number 1 for session -1174399241 to PROPOSE
20:01:23.866 [TOM Layer] DEBUG bftsmart.tom.util.BatchBuilder - Adding request from client 1004 with sequence number 1 for session 906829679 to PROPOSE
20:01:23.866 [TOM Layer] DEBUG bftsmart.tom.util.BatchBuilder - Adding request from client 1005 with sequence number 1 for session 984428796 to PROPOSE
20:01:23.866 [TOM Layer] DEBUG bftsmart.tom.util.BatchBuilder - Adding request from client 1006 with sequence number 1 for session -357618377 to PROPOSE
20:01:23.866 [TOM Layer] DEBUG bftsmart.tom.util.BatchBuilder - Adding request from client 1007 with sequence number 1 for session -797304548 to PROPOSE
20:01:23.866 [TOM Layer] INFO bftsmart.communication.ServerCommunicationSystem - === ServerCommunicationSystem.send() ===
20:01:23.866 [TOM Layer] INFO bftsmart.communication.ServerCommunicationSystem -     Message type: ConsensusMessage
20:01:23.866 [TOM Layer] INFO bftsmart.communication.ServerCommunicationSystem -     Is TOMMessage: false
20:01:23.866 [TOM Layer] INFO bftsmart.communication.ServerCommunicationSystem -     Targets: [0, 1, 2, 3, 4, 5, 6, 7]
20:01:23.866 [TOM Layer] INFO bftsmart.communication.ServerCommunicationSystem -     -> Routing to SERVER connection (SystemMessage)
20:01:23.866 [TOM Layer] DEBUG bftsmart.communication.ServerCommunicationSystem - --> sending message from: [0, 1, 2, 3, 4, 5, 6, 7] -> {}0
=== [V2V Layer 0] SEND called ===
    Targets: [0, 1, 2, 3, 4, 5, 6, 7]
    Message type: ConsensusMessage
    Sender: 0
    -> Self-delivery to replica 0
=== [V2V Layer 0] DELIVER to BFT-SMaRt ===
    Message type: ConsensusMessage
    From replica: 0
    InQueue size before: 0
    InQueue size after: 1
=== [V2V Layer 0] DELIVER successful ===
    -> Sending to replica 1 via V2V
    [Reliability 0] sendReliable() called
        Target: 1
        Message type: ConsensusMessage
20:01:23.866 [Server Comm. System] INFO bftsmart.communication.ServerCommunicationSystem - === ServerCommunicationSystem RECEIVED message ===
        Sequence number: 3
20:01:23.866 [Server Comm. System] INFO bftsmart.communication.ServerCommunicationSystem -     Message type: ConsensusMessage
20:01:23.866 [Server Comm. System] INFO bftsmart.communication.ServerCommunicationSystem -     From: 0
20:01:23.866 [Server Comm. System] INFO bftsmart.communication.ServerCommunicationSystem -     Message count: 12
20:01:23.866 [Server Comm. System] DEBUG bftsmart.communication.ServerCommunicationSystem - <-- receiving, msg:type=PROPOSE, number=1, epoch=0, from=0
20:01:23.866 [Server Comm. System] DEBUG bftsmart.tom.core.ExecutionManager - Received message  type=PROPOSE, number=1, epoch=0, from=0
20:01:23.866 [Server Comm. System] DEBUG bftsmart.tom.core.ExecutionManager - I'm at consensus 1 and my last consensus is 0
        Payload size: 523 bytes
20:01:23.866 [Server Comm. System] DEBUG bftsmart.tom.core.ExecutionManager - Message for consensus 1 can be processed
20:01:23.866 [Server Comm. System] DEBUG bftsmart.consensus.roles.Acceptor - Processing paxos msg with id 1
20:01:23.866 [Server Comm. System] DEBUG bftsmart.consensus.roles.Acceptor - PROPOSE received from:0, for consensus cId:1, I am:0
20:01:23.866 [Server Comm. System] DEBUG bftsmart.consensus.roles.Acceptor - Executing propose for cId:1, Epoch Timestamp:0
V2VNativeBridge0: Sending message to -1 with length 1036
[JNI] nativeSendMessage: 0 -> -1
20:01:23.866 [Server Comm. System] DEBUG bftsmart.tom.core.TOMLayer - Modifying inExec from 1 to 1
[JNI] Sending 1036 bytes (0->-1)
[DEBUG V2VProxy 0] Queue has space - adding message
20:01:23.866 [Server Comm. System] DEBUG bftsmart.tom.core.TOMLayer - Checking proposed value
[JNI] Message queued successfully
        [Reliability 0] Sent seq=3 to replica 1
    -> Sending to replica 2 via V2V
    [Reliability 0] sendReliable() called
        Target: 2
        Message type: ConsensusMessage
        Sequence number: 3
        Payload size: 523 bytes
        [Reliability 0] Piggybacked 1 ACKs to replica 2
V2VNativeBridge0: Sending message to -1 with length 1114
[JNI] nativeSendMessage: 0 -> -1
[JNI] Sending 1114 bytes (0->-1)
[DEBUG V2VProxy 0] Queue has space - adding message
[JNI] Message queued successfully
        [Reliability 0] Sent seq=3 to replica 2
    -> Sending to replica 3 via V2V
    [Reliability 0] sendReliable() called
        Target: 3
        Message type: ConsensusMessage
        Sequence number: 3
        Payload size: 523 bytes
        [Reliability 0] Piggybacked 1 ACKs to replica 3
V2VNativeBridge0: Sending message to -1 with length 1114
[JNI] nativeSendMessage: 0 -> -1
[JNI] Sending 1114 bytes (0->-1)
[DEBUG V2VProxy 0] Queue has space - adding message
[JNI] Message queued successfully
        [Reliability 0] Sent seq=3 to replica 3
    -> Sending to replica 4 via V2V
    [Reliability 0] sendReliable() called
        Target: 4
        Message type: ConsensusMessage
        Sequence number: 3
        Payload size: 523 bytes
        [Reliability 0] Piggybacked 1 ACKs to replica 4
V2VNativeBridge0: Sending message to -1 with length 1114
[JNI] nativeSendMessage: 0 -> -1
[JNI] Sending 1114 bytes (0->-1)
[DEBUG V2VProxy 0] Queue has space - adding message
[JNI] Message queued successfully
        [Reliability 0] Sent seq=3 to replica 4
    -> Sending to replica 5 via V2V
    [Reliability 0] sendReliable() called
        Target: 5
        Message type: ConsensusMessage
        Sequence number: 3
        Payload size: 523 bytes
V2VNativeBridge0: Sending message to -1 with length 1036
[JNI] nativeSendMessage: 0 -> -1
[JNI] Sending 1036 bytes (0->-1)
[DEBUG V2VProxy 0] Queue has space - adding message
[JNI] Message queued successfully
        [Reliability 0] Sent seq=3 to replica 5
    -> Sending to replica 6 via V2V
    [Reliability 0] sendReliable() called
        Target: 6
        Message type: ConsensusMessage
        Sequence number: 3
        Payload size: 523 bytes
        [Reliability 0] Piggybacked 1 ACKs to replica 6
V2VNativeBridge0: Sending message to -1 with length 1114
[JNI] nativeSendMessage: 0 -> -1
[JNI] Sending 1114 bytes (0->-1)
[DEBUG V2VProxy 0] Queue has space - adding message
[JNI] Message queued successfully
        [Reliability 0] Sent seq=3 to replica 6
    -> Sending to replica 7 via V2V
    [Reliability 0] sendReliable() called
        Target: 7
        Message type: ConsensusMessage
        Sequence number: 3
        Payload size: 523 bytes
        [Reliability 0] Piggybacked 1 ACKs to replica 7
V2VNativeBridge0: Sending message to -1 with length 1114
[JNI] nativeSendMessage: 0 -> -1
[JNI] Sending 1114 bytes (0->-1)
[DEBUG V2VProxy 0] Queue has space - adding message
[JNI] Message queued successfully
        [Reliability 0] Sent seq=3 to replica 7
=== [V2V Layer 0] SEND complete ===
20:01:23.866 [TOM Layer] INFO bftsmart.communication.ServerCommunicationSystem - === ServerCommunicationSystem.send() complete ===
20:01:23.866 [TOM Layer] DEBUG bftsmart.tom.core.TOMLayer - Next leader for CID=1: 0
20:01:23.866 [TOM Layer] DEBUG bftsmart.tom.core.TOMLayer - Waiting for consensus 1 termination.
20:01:23.867 [Server Comm. System] DEBUG bftsmart.tom.core.TOMLayer - Successfully deserialized batch
20:01:23.867 [Server Comm. System] DEBUG bftsmart.consensus.roles.Acceptor - Sending WRITE for 1
20:01:23.867 [Server Comm. System] DEBUG bftsmart.consensus.roles.Acceptor - Sending WRITE for cId:1, I am:0
[MessageFactory] Creating WRITE message: from=0, id=1, epoch=0
20:01:23.867 [Server Comm. System] INFO bftsmart.communication.ServerCommunicationSystem - === ServerCommunicationSystem.send() ===
20:01:23.867 [Server Comm. System] INFO bftsmart.communication.ServerCommunicationSystem -     Message type: ConsensusMessage
20:01:23.867 [Server Comm. System] INFO bftsmart.communication.ServerCommunicationSystem -     Is TOMMessage: false
20:01:23.867 [Server Comm. System] INFO bftsmart.communication.ServerCommunicationSystem -     Targets: [1, 2, 3, 4, 5, 6, 7]
20:01:23.867 [Server Comm. System] INFO bftsmart.communication.ServerCommunicationSystem -     -> Routing to SERVER connection (SystemMessage)
20:01:23.867 [Server Comm. System] DEBUG bftsmart.communication.ServerCommunicationSystem - --> sending message from: [1, 2, 3, 4, 5, 6, 7] -> {}0
=== [V2V Layer 0] SEND called ===
    Targets: [1, 2, 3, 4, 5, 6, 7]
    Message type: ConsensusMessage
    Sender: 0
    -> Sending to replica 1 via V2V
    [Reliability 0] sendReliable() called
        Target: 1
        Message type: ConsensusMessage
        Sequence number: 4
        Payload size: 172 bytes
V2VNativeBridge0: Sending message to -1 with length 685
[JNI] nativeSendMessage: 0 -> -1
[JNI] Sending 685 bytes (0->-1)
[DEBUG V2VProxy 0] Queue has space - adding message
[JNI] Message queued successfully
        [Reliability 0] Sent seq=4 to replica 1
    -> Sending to replica 2 via V2V
    [Reliability 0] sendReliable() called
        Target: 2
        Message type: ConsensusMessage
        Sequence number: 4
        Payload size: 172 bytes
V2VNativeBridge0: Sending message to -1 with length 685
[JNI] nativeSendMessage: 0 -> -1
[JNI] Sending 685 bytes (0->-1)
[DEBUG V2VProxy 0] Queue has space - adding message
[JNI] Message queued successfully
        [Reliability 0] Sent seq=4 to replica 2
    -> Sending to replica 3 via V2V
    [Reliability 0] sendReliable() called
        Target: 3
        Message type: ConsensusMessage
        Sequence number: 4
        Payload size: 172 bytes
V2VNativeBridge0: Sending message to -1 with length 685
[JNI] nativeSendMessage: 0 -> -1
[JNI] Sending 685 bytes (0->-1)
[DEBUG V2VProxy 0] Queue has space - adding message
[JNI] Message queued successfully
        [Reliability 0] Sent seq=4 to replica 3
    -> Sending to replica 4 via V2V
    [Reliability 0] sendReliable() called
        Target: 4
        Message type: ConsensusMessage
        Sequence number: 4
        Payload size: 172 bytes
V2VNativeBridge0: Sending message to -1 with length 685
[JNI] nativeSendMessage: 0 -> -1
[JNI] Sending 685 bytes (0->-1)
[DEBUG V2VProxy 0] Queue has space - adding message
[JNI] Message queued successfully
        [Reliability 0] Sent seq=4 to replica 4
    -> Sending to replica 5 via V2V
    [Reliability 0] sendReliable() called
        Target: 5
        Message type: ConsensusMessage
        Sequence number: 4
        Payload size: 172 bytes
V2VNativeBridge0: Sending message to -1 with length 685
[JNI] nativeSendMessage: 0 -> -1
[JNI] Sending 685 bytes (0->-1)
[DEBUG V2VProxy 0] Queue has space - adding message
[JNI] Message queued successfully
        [Reliability 0] Sent seq=4 to replica 5
    -> Sending to replica 6 via V2V
    [Reliability 0] sendReliable() called
        Target: 6
        Message type: ConsensusMessage
        Sequence number: 4
        Payload size: 172 bytes
V2VNativeBridge0: Sending message to -1 with length 685
[JNI] nativeSendMessage: 0 -> -1
[JNI] Sending 685 bytes (0->-1)
[DEBUG V2VProxy 0] Queue has space - adding message
[JNI] Message queued successfully
        [Reliability 0] Sent seq=4 to replica 6
    -> Sending to replica 7 via V2V
    [Reliability 0] sendReliable() called
        Target: 7
        Message type: ConsensusMessage
        Sequence number: 4
        Payload size: 172 bytes
V2VNativeBridge0: Sending message to -1 with length 685
[JNI] nativeSendMessage: 0 -> -1
[JNI] Sending 685 bytes (0->-1)
[DEBUG V2VProxy 0] Queue has space - adding message
[JNI] Message queued successfully
        [Reliability 0] Sent seq=4 to replica 7
=== [V2V Layer 0] SEND complete ===
20:01:23.868 [Server Comm. System] INFO bftsmart.communication.ServerCommunicationSystem - === ServerCommunicationSystem.send() complete ===
20:01:23.868 [Server Comm. System] DEBUG bftsmart.consensus.roles.Acceptor - I have 1, WRITE's for cId:1, Epoch timestamp:0,
[Acceptor 0] computeWrite: cId=1, writeAccepted=1, quorum=5
[MessageFactory] Creating ACCEPT message: from=0, id=1, epoch=0
20:01:23.868 [Server Comm. System] DEBUG bftsmart.consensus.roles.Acceptor - WRITE computed for cId:1, I am:0
20:01:23.868 [Server Comm. System] INFO bftsmart.communication.ServerCommunicationSystem - === Message processed ===
20:01:23.868 [pool-14-thread-1] DEBUG bftsmart.consensus.roles.Acceptor - Creating cryptographic proof for speculative ACCEPT message from consensus 1
