OMNeT++ Discrete Event Simulation  (C) 1992-2025 Andras Varga, OpenSim Ltd.
Version: 6.2.0, build: 250714-83e173e93a, edition: Academic Public License -- NOT FOR COMMERCIAL USE
See the license for distribution terms and warranty disclaimer

Setting up Qtenv...

Loading NED files from /home/yash/veins-veins-5.3.1/src/veins:  46
Loading NED files from .:  2

Loading images from '/home/yash/images': *: 0 
Loading images from '/home/yash/omnetpp/omnetpp-6.2.0/images': *: 0  abstract/*: 90  background/*: 4  block/*: 325  device/*: 195  logo/*: 3  maps/*: 9  misc/*: 70  msg/*: 55  old/*: 111  status/*: 28 

[V2VProxy 0] Intersection at (300, 300), stop distance=50m
[DEBUG V2VProxy 0] Replica registered in proxy map
[DEBUG V2VProxy 0] Periodic queue timer started
[V2VProxy] JVM created successfully
[V2VProxy] Registering JNI native methods...
V2VNativeBridge: Running in EMBEDDED mode - library already loaded by OMNeT++
[V2VProxy] Successfully registered 4 JNI native methods
[V2VProxy] Successfully registered 1 IntersectionServer JNI native method
[V2VProxy] JNI native methods registered successfully
[V2VProxy] Warming up JVM (crypto + JNI) before starting replicas...
[JNI] nativeWarmupPing called
[V2VProxy] JVM warmed up successfully
[DEBUG V2VProxy 0] JVM ready
[V2VProxyModule] Starting BFTSmart replica 0 in background Java thread
[ServerRunner 0] Created, ready to start in thread
[V2VProxyModule] Starting Java thread for replica 0
[V2VProxyModule] BFTSmart replica 0 thread started (non-blocking)
[DEBUG V2VProxy 0] Position checking will start at t=0.5s
[ServerRunner 0] Thread started, waiting for all peers...
[ServerRunner 0] Signaled ready (1/8 ready)
[V2VProxy 1] Intersection at (300, 300), stop distance=50m
[DEBUG V2VProxy 1] Replica registered in proxy map
[DEBUG V2VProxy 1] Periodic queue timer started
[DEBUG V2VProxy 1] JVM ready
[V2VProxyModule] Starting BFTSmart replica 1 in background Java thread
[ServerRunner 1] Created, ready to start in thread
[V2VProxyModule] Starting Java thread for replica 1
[V2VProxyModule] BFTSmart replica 1 thread started (non-blocking)
[DEBUG V2VProxy 1] Position checking will start at t=0.5s
[ServerRunner 1] Thread started, waiting for all peers...
[ServerRunner 1] Signaled ready (2/8 ready)
[V2VProxy 2] Intersection at (300, 300), stop distance=50m
[DEBUG V2VProxy 2] Replica registered in proxy map
[DEBUG V2VProxy 2] Periodic queue timer started
[DEBUG V2VProxy 2] JVM ready
[V2VProxyModule] Starting BFTSmart replica 2 in background Java thread
[ServerRunner 2] Created, ready to start in thread
[V2VProxyModule] Starting Java thread for replica 2
[V2VProxyModule] BFTSmart replica 2 thread started (non-blocking)
[DEBUG V2VProxy 2] Position checking will start at t=0.5s
[ServerRunner 2] Thread started, waiting for all peers...
[ServerRunner 2] Signaled ready (3/8 ready)
[V2VProxy 3] Intersection at (300, 300), stop distance=50m
[DEBUG V2VProxy 3] Replica registered in proxy map
[DEBUG V2VProxy 3] Periodic queue timer started
[DEBUG V2VProxy 3] JVM ready
[V2VProxyModule] Starting BFTSmart replica 3 in background Java thread
[ServerRunner 3] Created, ready to start in thread
[V2VProxyModule] Starting Java thread for replica 3
[V2VProxyModule] BFTSmart replica 3 thread started (non-blocking)
[DEBUG V2VProxy 3] Position checking will start at t=0.5s
[ServerRunner 3] Thread started, waiting for all peers...
[ServerRunner 3] Signaled ready (4/8 ready)
[V2VProxy 4] Intersection at (300, 300), stop distance=50m
[DEBUG V2VProxy 4] Replica registered in proxy map
[DEBUG V2VProxy 4] Periodic queue timer started
[DEBUG V2VProxy 4] JVM ready
[V2VProxyModule] Starting BFTSmart replica 4 in background Java thread
[ServerRunner 4] Created, ready to start in thread
[V2VProxyModule] Starting Java thread for replica 4
[V2VProxyModule] BFTSmart replica 4 thread started (non-blocking)
[DEBUG V2VProxy 4] Position checking will start at t=0.5s
[ServerRunner 4] Thread started, waiting for all peers...
[ServerRunner 4] Signaled ready (5/8 ready)
[V2VProxy 5] Intersection at (300, 300), stop distance=50m
[DEBUG V2VProxy 5] Replica registered in proxy map
[DEBUG V2VProxy 5] Periodic queue timer started
[DEBUG V2VProxy 5] JVM ready
[V2VProxyModule] Starting BFTSmart replica 5 in background Java thread
[ServerRunner 5] Created, ready to start in thread
[V2VProxyModule] Starting Java thread for replica 5
[V2VProxyModule] BFTSmart replica 5 thread started (non-blocking)
[DEBUG V2VProxy 5] Position checking will start at t=0.5s
[ServerRunner 5] Thread started, waiting for all peers...
[ServerRunner 5] Signaled ready (6/8 ready)
[V2VProxy 6] Intersection at (300, 300), stop distance=50m
[DEBUG V2VProxy 6] Replica registered in proxy map
[DEBUG V2VProxy 6] Periodic queue timer started
[DEBUG V2VProxy 6] JVM ready
[V2VProxyModule] Starting BFTSmart replica 6 in background Java thread
[ServerRunner 6] Created, ready to start in thread
[V2VProxyModule] Starting Java thread for replica 6
[V2VProxyModule] BFTSmart replica 6 thread started (non-blocking)
[DEBUG V2VProxy 6] Position checking will start at t=0.5s
[ServerRunner 6] Thread started, waiting for all peers...
[ServerRunner 6] Signaled ready (7/8 ready)
[V2VProxy 7] Intersection at (300, 300), stop distance=50m
[DEBUG V2VProxy 7] Replica registered in proxy map
[DEBUG V2VProxy 7] Periodic queue timer started
[DEBUG V2VProxy 7] JVM ready
[V2VProxyModule] Starting BFTSmart replica 7 in background Java thread
[ServerRunner 7] Created, ready to start in thread
[V2VProxyModule] Starting Java thread for replica 7
[V2VProxyModule] BFTSmart replica 7 thread started (non-blocking)
[DEBUG V2VProxy 7] Position checking will start at t=0.5s
[ServerRunner 7] Thread started, waiting for all peers...
[ServerRunner 7] Signaled ready (8/8 ready)
[ServerRunner 7] Creating IntersectionServer after stagger delay...
[ServerRunner 1] Creating IntersectionServer after stagger delay...
[ServerRunner 2] Creating IntersectionServer after stagger delay...
[ServerRunner 6] Creating IntersectionServer after stagger delay...
[ServerRunner 5] Creating IntersectionServer after stagger delay...
[ServerRunner 4] Creating IntersectionServer after stagger delay...
[ServerRunner 3] Creating IntersectionServer after stagger delay...
[ServerRunner 0] Creating IntersectionServer after stagger delay...
[V2VProxy 0] *** STOPPING at intersection! ***
[V2VProxy 0] Distance=25.6739m, t=0.6
[V2VProxy 0] Vehicle STOPPED at intersection (distance=25.6739m)
[V2VProxy 0] triggerJoinViaJNI() called at t=0.6
[V2VProxy 0] Barrier: 8/8 runners ready
[V2VProxy 0] FAILED: Server Status = 'Initializing' (expected 'READY') at t=0.6
[V2VProxy 0] Failed to trigger JOIN, will retry...
[V2VProxy 1] *** STOPPING at intersection! ***
[V2VProxy 1] Distance=23.4088m, t=0.6
[V2VProxy 1] Vehicle STOPPED at intersection (distance=23.4088m)
[V2VProxy 1] triggerJoinViaJNI() called at t=0.6
[V2VProxy 1] FAILED: Server Status = 'Initializing' (expected 'READY') at t=0.6
[V2VProxy 1] Failed to trigger JOIN, will retry...
[V2VProxy 2] *** STOPPING at intersection! ***
[V2VProxy 2] Distance=47.5739m, t=0.6
[V2VProxy 2] Vehicle STOPPED at intersection (distance=47.5739m)
[V2VProxy 2] triggerJoinViaJNI() called at t=0.6
[V2VProxy 2] FAILED: Server Status = 'Initializing' (expected 'READY') at t=0.6
[V2VProxy 2] Failed to trigger JOIN, will retry...
[V2VProxy 3] Approaching! Distance=57.1602m at t=0.6
[V2VProxy 4] *** STOPPING at intersection! ***
[V2VProxy 4] Distance=47.4635m, t=0.6
[V2VProxy 4] Vehicle STOPPED at intersection (distance=47.4635m)
[V2VProxy 4] triggerJoinViaJNI() called at t=0.6
[V2VProxy 4] FAILED: Server Status = 'Initializing' (expected 'READY') at t=0.6
[V2VProxy 4] Failed to trigger JOIN, will retry...
[V2VProxy 6] *** STOPPING at intersection! ***
[V2VProxy 6] Distance=27.9953m, t=0.6
[V2VProxy 6] Vehicle STOPPED at intersection (distance=27.9953m)
[V2VProxy 6] triggerJoinViaJNI() called at t=0.6
[V2VProxy 6] FAILED: Server Status = 'Initializing' (expected 'READY') at t=0.6
[V2VProxy 6] Failed to trigger JOIN, will retry...
[V2VProxy 7] *** STOPPING at intersection! ***
[V2VProxy 7] Distance=26.6754m, t=0.6
[V2VProxy 7] Vehicle STOPPED at intersection (distance=26.6754m)
[V2VProxy 7] triggerJoinViaJNI() called at t=0.6
[V2VProxy 7] FAILED: Server Status = 'Initializing' (expected 'READY') at t=0.6
[V2VProxy 7] Failed to trigger JOIN, will retry...
[V2VProxy 0] *** STOPPING at intersection! ***
[V2VProxy 0] Distance=25.6739m, t=0.7
[V2VProxy 0] triggerJoinViaJNI() called at t=0.7
[V2VProxy 0] FAILED: Server Status = 'Initializing' (expected 'READY') at t=0.7
[V2VProxy 0] Failed to trigger JOIN, will retry...
[V2VProxy 1] *** STOPPING at intersection! ***
[V2VProxy 1] Distance=23.4088m, t=0.7
[V2VProxy 1] triggerJoinViaJNI() called at t=0.7
[V2VProxy 1] FAILED: Server Status = 'Initializing' (expected 'READY') at t=0.7
[V2VProxy 1] Failed to trigger JOIN, will retry...
[V2VProxy 2] *** STOPPING at intersection! ***
[V2VProxy 2] Distance=47.5739m, t=0.7
[V2VProxy 2] triggerJoinViaJNI() called at t=0.7
[V2VProxy 2] FAILED: Server Status = 'Initializing' (expected 'READY') at t=0.7
[V2VProxy 2] Failed to trigger JOIN, will retry...
[V2VProxy 4] *** STOPPING at intersection! ***
[V2VProxy 4] Distance=47.4635m, t=0.7
[V2VProxy 4] triggerJoinViaJNI() called at t=0.7
[V2VProxy 4] FAILED: Server Status = 'Initializing' (expected 'READY') at t=0.7
[V2VProxy 4] Failed to trigger JOIN, will retry...
[V2VProxy 6] *** STOPPING at intersection! ***
[V2VProxy 6] Distance=27.9953m, t=0.7
[V2VProxy 6] triggerJoinViaJNI() called at t=0.7
[V2VProxy 6] Barrier: 8/8 runners ready
[V2VProxy 6] FAILED: Server Status = 'Initializing' (expected 'READY') at t=0.7
[V2VProxy 6] Failed to trigger JOIN, will retry...
[V2VProxy 7] *** STOPPING at intersection! ***
[V2VProxy 7] Distance=26.6754m, t=0.7
[V2VProxy 7] triggerJoinViaJNI() called at t=0.7
[V2VProxy 7] FAILED: Server Status = 'Initializing' (expected 'READY') at t=0.7
[V2VProxy 7] Failed to trigger JOIN, will retry...
[V2VProxy 0] *** STOPPING at intersection! ***
[V2VProxy 0] Distance=26.8468m, t=0.8
[V2VProxy 0] triggerJoinViaJNI() called at t=0.8
[V2VProxy 0] FAILED: Server Status = 'Initializing' (expected 'READY') at t=0.8
[V2VProxy 0] Failed to trigger JOIN, will retry...
[V2VProxy 1] *** STOPPING at intersection! ***
[V2VProxy 1] Distance=23.4402m, t=0.8
[V2VProxy 1] triggerJoinViaJNI() called at t=0.8
[V2VProxy 1] FAILED: Server Status = 'Initializing' (expected 'READY') at t=0.8
[V2VProxy 1] Failed to trigger JOIN, will retry...
[V2VProxy 2] *** STOPPING at intersection! ***
[V2VProxy 2] Distance=45.4582m, t=0.8
[V2VProxy 2] triggerJoinViaJNI() called at t=0.8
[V2VProxy 2] FAILED: Server Status = 'Initializing' (expected 'READY') at t=0.8
[V2VProxy 2] Failed to trigger JOIN, will retry...
[V2VProxy 4] *** STOPPING at intersection! ***
[V2VProxy 4] Distance=46.0801m, t=0.8
[V2VProxy 4] triggerJoinViaJNI() called at t=0.8
[V2VProxy 4] FAILED: Server Status = 'Initializing' (expected 'READY') at t=0.8
[V2VProxy 4] Failed to trigger JOIN, will retry...
[V2VProxy 6] *** STOPPING at intersection! ***
[V2VProxy 6] Distance=28.5342m, t=0.8
[V2VProxy 6] triggerJoinViaJNI() called at t=0.8
[V2VProxy 6] FAILED: Server Status = 'Initializing' (expected 'READY') at t=0.8
[V2VProxy 6] Failed to trigger JOIN, will retry...
[V2VProxy 7] *** STOPPING at intersection! ***
[V2VProxy 7] Distance=26.6098m, t=0.8
[V2VProxy 7] triggerJoinViaJNI() called at t=0.8
[V2VProxy 7] FAILED: Server Status = 'Initializing' (expected 'READY') at t=0.8
[V2VProxy 7] Failed to trigger JOIN, will retry...
[V2VProxy 0] *** STOPPING at intersection! ***
[V2VProxy 0] Distance=26.8468m, t=0.9
[V2VProxy 0] triggerJoinViaJNI() called at t=0.9
[V2VProxy 0] FAILED: Server Status = 'Initializing' (expected 'READY') at t=0.9
[V2VProxy 0] Failed to trigger JOIN, will retry...
[V2VProxy 1] *** STOPPING at intersection! ***
[V2VProxy 1] Distance=23.4402m, t=0.9
[V2VProxy 1] triggerJoinViaJNI() called at t=0.9
[V2VProxy 1] FAILED: Server Status = 'Initializing' (expected 'READY') at t=0.9
[V2VProxy 1] Failed to trigger JOIN, will retry...
[V2VProxy 2] *** STOPPING at intersection! ***
[V2VProxy 2] Distance=45.4582m, t=0.9
[V2VProxy 2] triggerJoinViaJNI() called at t=0.9
[V2VProxy 2] Barrier: 8/8 runners ready
[V2VProxy 2] FAILED: Server Status = 'Initializing' (expected 'READY') at t=0.9
[V2VProxy 2] Failed to trigger JOIN, will retry...
[V2VProxy 4] *** STOPPING at intersection! ***
[V2VProxy 4] Distance=46.0801m, t=0.9
[V2VProxy 4] triggerJoinViaJNI() called at t=0.9
[V2VProxy 4] FAILED: Server Status = 'Initializing' (expected 'READY') at t=0.9
[V2VProxy 4] Failed to trigger JOIN, will retry...
[V2VProxy 6] *** STOPPING at intersection! ***
[V2VProxy 6] Distance=28.5342m, t=0.9
[V2VProxy 6] triggerJoinViaJNI() called at t=0.9
[V2VProxy 6] FAILED: Server Status = 'Initializing' (expected 'READY') at t=0.9
[V2VProxy 6] Failed to trigger JOIN, will retry...
[V2VProxy 7] *** STOPPING at intersection! ***
[V2VProxy 7] Distance=26.6098m, t=0.9
[V2VProxy 7] triggerJoinViaJNI() called at t=0.9
[V2VProxy 7] FAILED: Server Status = 'Initializing' (expected 'READY') at t=0.9
[V2VProxy 7] Failed to trigger JOIN, will retry...
[V2VProxy 0] *** STOPPING at intersection! ***
[V2VProxy 0] Distance=28.1105m, t=1
[V2VProxy 0] triggerJoinViaJNI() called at t=1
[V2VProxy 0] FAILED: Server Status = 'Initializing' (expected 'READY') at t=1
[V2VProxy 0] Failed to trigger JOIN, will retry...
[V2VProxy 1] *** STOPPING at intersection! ***
[V2VProxy 1] Distance=23.6184m, t=1
[V2VProxy 1] triggerJoinViaJNI() called at t=1
[V2VProxy 1] FAILED: Server Status = 'Initializing' (expected 'READY') at t=1
[V2VProxy 1] Failed to trigger JOIN, will retry...
[V2VProxy 2] *** STOPPING at intersection! ***
[V2VProxy 2] Distance=43.5351m, t=1
[V2VProxy 2] triggerJoinViaJNI() called at t=1
[V2VProxy 2] FAILED: Server Status = 'Initializing' (expected 'READY') at t=1
[V2VProxy 2] Failed to trigger JOIN, will retry...
[V2VProxy 4] *** STOPPING at intersection! ***
[V2VProxy 4] Distance=44.8646m, t=1
[V2VProxy 4] triggerJoinViaJNI() called at t=1
[V2VProxy 4] FAILED: Server Status = 'Initializing' (expected 'READY') at t=1
[V2VProxy 4] Failed to trigger JOIN, will retry...
[V2VProxy 6] *** STOPPING at intersection! ***
[V2VProxy 6] Distance=29.0779m, t=1
[V2VProxy 6] triggerJoinViaJNI() called at t=1
[V2VProxy 6] FAILED: Server Status = 'Initializing' (expected 'READY') at t=1
[V2VProxy 6] Failed to trigger JOIN, will retry...
[V2VProxy 7] *** STOPPING at intersection! ***
[V2VProxy 7] Distance=26.6028m, t=1
[V2VProxy 7] triggerJoinViaJNI() called at t=1
[V2VProxy 7] FAILED: Server Status = 'Initializing' (expected 'READY') at t=1
[V2VProxy 7] Failed to trigger JOIN, will retry...
[V2VProxy 0] *** STOPPING at intersection! ***
[V2VProxy 0] Distance=28.1105m, t=1.1
[V2VProxy 0] triggerJoinViaJNI() called at t=1.1
[V2VProxy 0] Barrier: 8/8 runners ready
[V2VProxy 0] FAILED: Server Status = 'Initializing' (expected 'READY') at t=1.1
[V2VProxy 0] Failed to trigger JOIN, will retry...
[V2VProxy 1] *** STOPPING at intersection! ***
[V2VProxy 1] Distance=23.6184m, t=1.1
[V2VProxy 1] triggerJoinViaJNI() called at t=1.1
[V2VProxy 1] FAILED: Server Status = 'Initializing' (expected 'READY') at t=1.1
[V2VProxy 1] Failed to trigger JOIN, will retry...
[V2VProxy 2] *** STOPPING at intersection! ***
[V2VProxy 2] Distance=43.5351m, t=1.1
[V2VProxy 2] triggerJoinViaJNI() called at t=1.1
[V2VProxy 2] FAILED: Server Status = 'Initializing' (expected 'READY') at t=1.1
[V2VProxy 2] Failed to trigger JOIN, will retry...
[V2VProxy 4] *** STOPPING at intersection! ***
[V2VProxy 4] Distance=44.8646m, t=1.1
[V2VProxy 4] triggerJoinViaJNI() called at t=1.1
[V2VProxy 4] FAILED: Server Status = 'Initializing' (expected 'READY') at t=1.1
[V2VProxy 4] Failed to trigger JOIN, will retry...
[V2VProxy 6] *** STOPPING at intersection! ***
[V2VProxy 6] Distance=29.0779m, t=1.1
[V2VProxy 6] triggerJoinViaJNI() called at t=1.1
[V2VProxy 6] FAILED: Server Status = 'Initializing' (expected 'READY') at t=1.1
[V2VProxy 6] Failed to trigger JOIN, will retry...
[V2VProxy 7] *** STOPPING at intersection! ***
[V2VProxy 7] Distance=26.6028m, t=1.1
[V2VProxy 7] triggerJoinViaJNI() called at t=1.1
[V2VProxy 7] FAILED: Server Status = 'Initializing' (expected 'READY') at t=1.1
[V2VProxy 7] Failed to trigger JOIN, will retry...
[V2VProxy 0] *** STOPPING at intersection! ***
[V2VProxy 0] Distance=29.4088m, t=1.2
[V2VProxy 0] triggerJoinViaJNI() called at t=1.2
[V2VProxy 0] FAILED: Server Status = 'Initializing' (expected 'READY') at t=1.2
[V2VProxy 0] Failed to trigger JOIN, will retry...
[V2VProxy 1] *** STOPPING at intersection! ***
[V2VProxy 1] Distance=23.8987m, t=1.2
[V2VProxy 1] triggerJoinViaJNI() called at t=1.2
[V2VProxy 1] FAILED: Server Status = 'Initializing' (expected 'READY') at t=1.2
[V2VProxy 1] Failed to trigger JOIN, will retry...
[V2VProxy 2] *** STOPPING at intersection! ***
[V2VProxy 2] Distance=41.8002m, t=1.2
[V2VProxy 2] triggerJoinViaJNI() called at t=1.2
[V2VProxy 2] FAILED: Server Status = 'Initializing' (expected 'READY') at t=1.2
[V2VProxy 2] Failed to trigger JOIN, will retry...
[V2VProxy 4] *** STOPPING at intersection! ***
[V2VProxy 4] Distance=43.8133m, t=1.2
[V2VProxy 4] triggerJoinViaJNI() called at t=1.2
[V2VProxy 4] FAILED: Server Status = 'Initializing' (expected 'READY') at t=1.2
[V2VProxy 4] Failed to trigger JOIN, will retry...
[V2VProxy 6] *** STOPPING at intersection! ***
[V2VProxy 6] Distance=29.6001m, t=1.2
[V2VProxy 6] triggerJoinViaJNI() called at t=1.2
[V2VProxy 6] Barrier: 8/8 runners ready
[V2VProxy 6] FAILED: Server Status = 'Initializing' (expected 'READY') at t=1.2
[V2VProxy 6] Failed to trigger JOIN, will retry...
[V2VProxy 7] *** STOPPING at intersection! ***
[V2VProxy 7] Distance=26.6321m, t=1.2
[V2VProxy 7] triggerJoinViaJNI() called at t=1.2
[V2VProxy 7] FAILED: Server Status = 'Initializing' (expected 'READY') at t=1.2
[V2VProxy 7] Failed to trigger JOIN, will retry...
[V2VProxy 0] *** STOPPING at intersection! ***
[V2VProxy 0] Distance=29.4088m, t=1.3
[V2VProxy 0] triggerJoinViaJNI() called at t=1.3
[V2VProxy 0] FAILED: Server Status = 'Initializing' (expected 'READY') at t=1.3
[V2VProxy 0] Failed to trigger JOIN, will retry...
[V2VProxy 1] *** STOPPING at intersection! ***
[V2VProxy 1] Distance=23.8987m, t=1.3
[V2VProxy 1] triggerJoinViaJNI() called at t=1.3
[V2VProxy 1] FAILED: Server Status = 'Initializing' (expected 'READY') at t=1.3
[V2VProxy 1] Failed to trigger JOIN, will retry...
[V2VProxy 2] *** STOPPING at intersection! ***
[V2VProxy 2] Distance=41.8002m, t=1.3
[V2VProxy 2] triggerJoinViaJNI() called at t=1.3
[V2VProxy 2] FAILED: Server Status = 'Initializing' (expected 'READY') at t=1.3
[V2VProxy 2] Failed to trigger JOIN, will retry...
[V2VProxy 4] *** STOPPING at intersection! ***
[V2VProxy 4] Distance=43.8133m, t=1.3
[V2VProxy 4] triggerJoinViaJNI() called at t=1.3
[V2VProxy 4] FAILED: Server Status = 'Initializing' (expected 'READY') at t=1.3
[V2VProxy 4] Failed to trigger JOIN, will retry...
[V2VProxy 6] *** STOPPING at intersection! ***
[V2VProxy 6] Distance=29.6001m, t=1.3
[V2VProxy 6] triggerJoinViaJNI() called at t=1.3
[V2VProxy 6] FAILED: Server Status = 'Initializing' (expected 'READY') at t=1.3
[V2VProxy 6] Failed to trigger JOIN, will retry...
[V2VProxy 7] *** STOPPING at intersection! ***
[V2VProxy 7] Distance=26.6321m, t=1.3
[V2VProxy 7] triggerJoinViaJNI() called at t=1.3
[V2VProxy 7] FAILED: Server Status = 'Initializing' (expected 'READY') at t=1.3
[V2VProxy 7] Failed to trigger JOIN, will retry...
[V2VProxy 0] *** STOPPING at intersection! ***
[V2VProxy 0] Distance=30.6982m, t=1.4
[V2VProxy 0] triggerJoinViaJNI() called at t=1.4
[V2VProxy 0] FAILED: Server Status = 'Initializing' (expected 'READY') at t=1.4
[V2VProxy 0] Failed to trigger JOIN, will retry...
[V2VProxy 1] *** STOPPING at intersection! ***
[V2VProxy 1] Distance=24.2409m, t=1.4
[V2VProxy 1] triggerJoinViaJNI() called at t=1.4
[V2VProxy 1] FAILED: Server Status = 'Initializing' (expected 'READY') at t=1.4
[V2VProxy 1] Failed to trigger JOIN, will retry...
[V2VProxy 2] *** STOPPING at intersection! ***
[V2VProxy 2] Distance=40.2479m, t=1.4
[V2VProxy 2] triggerJoinViaJNI() called at t=1.4
[V2VProxy 2] Barrier: 8/8 runners ready
[V2VProxy 2] FAILED: Server Status = 'Initializing' (expected 'READY') at t=1.4
[V2VProxy 2] Failed to trigger JOIN, will retry...
[V2VProxy 4] *** STOPPING at intersection! ***
[V2VProxy 4] Distance=42.9228m, t=1.4
[V2VProxy 4] triggerJoinViaJNI() called at t=1.4
[V2VProxy 4] FAILED: Server Status = 'Initializing' (expected 'READY') at t=1.4
[V2VProxy 4] Failed to trigger JOIN, will retry...
[V2VProxy 6] *** STOPPING at intersection! ***
[V2VProxy 6] Distance=30.0797m, t=1.4
[V2VProxy 6] triggerJoinViaJNI() called at t=1.4
[V2VProxy 6] FAILED: Server Status = 'Initializing' (expected 'READY') at t=1.4
[V2VProxy 6] Failed to trigger JOIN, will retry...
[V2VProxy 7] *** STOPPING at intersection! ***
[V2VProxy 7] Distance=26.6789m, t=1.4
[V2VProxy 7] triggerJoinViaJNI() called at t=1.4
[V2VProxy 7] FAILED: Server Status = 'Initializing' (expected 'READY') at t=1.4
[V2VProxy 7] Failed to trigger JOIN, will retry...
[Server 0] DEBUG: Constructor started.
[Server 4] DEBUG: Constructor started.
[Server 6] DEBUG: Constructor started.
[Server 5] DEBUG: Constructor started.
[Server 3] DEBUG: Constructor started.
[Server 7] DEBUG: Constructor started.
[Server 2] DEBUG: Constructor started.
[V2VProxy 0] *** STOPPING at intersection! ***
[V2VProxy 0] Distance=30.6982m, t=1.5
[V2VProxy 0] triggerJoinViaJNI() called at t=1.5
[V2VProxy 0] FAILED: Server Status = 'Initializing' (expected 'READY') at t=1.5
[V2VProxy 0] Failed to trigger JOIN, will retry...
[V2VProxy 1] *** STOPPING at intersection! ***
[V2VProxy 1] Distance=24.2409m, t=1.5
[V2VProxy 1] triggerJoinViaJNI() called at t=1.5
[V2VProxy 1] FAILED: Server Status = 'Initializing' (expected 'READY') at t=1.5
[V2VProxy 1] Failed to trigger JOIN, will retry...
[V2VProxy 2] *** STOPPING at intersection! ***
[V2VProxy 2] Distance=40.2479m, t=1.5
[V2VProxy 2] triggerJoinViaJNI() called at t=1.5
[V2VProxy 2] FAILED: Server Status = 'Initializing' (expected 'READY') at t=1.5
[V2VProxy 2] Failed to trigger JOIN, will retry...
[V2VProxy 4] *** STOPPING at intersection! ***
[V2VProxy 4] Distance=42.9228m, t=1.5
[V2VProxy 4] triggerJoinViaJNI() called at t=1.5
[V2VProxy 4] FAILED: Server Status = 'Initializing' (expected 'READY') at t=1.5
[V2VProxy 4] Failed to trigger JOIN, will retry...
[V2VProxy 6] *** STOPPING at intersection! ***
[V2VProxy 6] Distance=30.0797m, t=1.5
[V2VProxy 6] triggerJoinViaJNI() called at t=1.5
[V2VProxy 6] FAILED: Server Status = 'Initializing' (expected 'READY') at t=1.5
[V2VProxy 6] Failed to trigger JOIN, will retry...
[V2VProxy 7] *** STOPPING at intersection! ***
[V2VProxy 7] Distance=26.6789m, t=1.5
[V2VProxy 7] triggerJoinViaJNI() called at t=1.5
[V2VProxy 7] FAILED: Server Status = 'Initializing' (expected 'READY') at t=1.5
[V2VProxy 7] Failed to trigger JOIN, will retry...
[V2VProxy 0] *** STOPPING at intersection! ***
[V2VProxy 0] Distance=31.9449m, t=1.6
[V2VProxy 0] triggerJoinViaJNI() called at t=1.6
[V2VProxy 0] Barrier: 8/8 runners ready
[V2VProxy 0] FAILED: Server Status = 'Initializing' (expected 'READY') at t=1.6
[V2VProxy 0] Failed to trigger JOIN, will retry...
[V2VProxy 1] *** STOPPING at intersection! ***
[V2VProxy 1] Distance=24.6101m, t=1.6
[V2VProxy 1] triggerJoinViaJNI() called at t=1.6
[V2VProxy 1] FAILED: Server Status = 'Initializing' (expected 'READY') at t=1.6
[V2VProxy 1] Failed to trigger JOIN, will retry...
[V2VProxy 2] *** STOPPING at intersection! ***
[V2VProxy 2] Distance=38.8719m, t=1.6
[V2VProxy 2] triggerJoinViaJNI() called at t=1.6
[V2VProxy 2] FAILED: Server Status = 'Initializing' (expected 'READY') at t=1.6
[V2VProxy 2] Failed to trigger JOIN, will retry...
[V2VProxy 3] *** STOPPING at intersection! ***
[V2VProxy 3] Distance=48.7457m, t=1.6
[V2VProxy 3] Vehicle STOPPED at intersection (distance=48.7457m)
[V2VProxy 3] triggerJoinViaJNI() called at t=1.6
[V2VProxy 3] FAILED: Server Status = 'Initializing' (expected 'READY') at t=1.6
[V2VProxy 3] Failed to trigger JOIN, will retry...
[V2VProxy 4] *** STOPPING at intersection! ***
[V2VProxy 4] Distance=42.1897m, t=1.6
[V2VProxy 4] triggerJoinViaJNI() called at t=1.6
[V2VProxy 4] FAILED: Server Status = 'Initializing' (expected 'READY') at t=1.6
[V2VProxy 4] Failed to trigger JOIN, will retry...
[V2VProxy 6] *** STOPPING at intersection! ***
[V2VProxy 6] Distance=30.5m, t=1.6
[V2VProxy 6] triggerJoinViaJNI() called at t=1.6
[V2VProxy 6] FAILED: Server Status = 'Initializing' (expected 'READY') at t=1.6
[V2VProxy 6] Failed to trigger JOIN, will retry...
[V2VProxy 7] *** STOPPING at intersection! ***
[V2VProxy 7] Distance=26.7281m, t=1.6
[V2VProxy 7] triggerJoinViaJNI() called at t=1.6
[V2VProxy 7] FAILED: Server Status = 'Initializing' (expected 'READY') at t=1.6
[V2VProxy 7] Failed to trigger JOIN, will retry...
[Server 1] DEBUG: Constructor started.
[V2VProxy 0] *** STOPPING at intersection! ***
[V2VProxy 0] Distance=31.9449m, t=1.7
[V2VProxy 0] triggerJoinViaJNI() called at t=1.7
[V2VProxy 0] FAILED: Server Status = 'Initializing' (expected 'READY') at t=1.7
[V2VProxy 0] Failed to trigger JOIN, will retry...
[V2VProxy 1] *** STOPPING at intersection! ***
[V2VProxy 1] Distance=24.6101m, t=1.7
[V2VProxy 1] triggerJoinViaJNI() called at t=1.7
[V2VProxy 1] FAILED: Server Status = 'Initializing' (expected 'READY') at t=1.7
[V2VProxy 1] Failed to trigger JOIN, will retry...
[V2VProxy 2] *** STOPPING at intersection! ***
[V2VProxy 2] Distance=38.8719m, t=1.7
[V2VProxy 2] triggerJoinViaJNI() called at t=1.7
[V2VProxy 2] FAILED: Server Status = 'Initializing' (expected 'READY') at t=1.7
[V2VProxy 2] Failed to trigger JOIN, will retry...
[V2VProxy 3] *** STOPPING at intersection! ***
[V2VProxy 3] Distance=48.7457m, t=1.7
[V2VProxy 3] triggerJoinViaJNI() called at t=1.7
[V2VProxy 3] Barrier: 8/8 runners ready
[V2VProxy 3] FAILED: Server Status = 'Initializing' (expected 'READY') at t=1.7
[V2VProxy 3] Failed to trigger JOIN, will retry...
[V2VProxy 4] *** STOPPING at intersection! ***
[V2VProxy 4] Distance=42.1897m, t=1.7
[V2VProxy 4] triggerJoinViaJNI() called at t=1.7
[V2VProxy 4] FAILED: Server Status = 'Initializing' (expected 'READY') at t=1.7
[V2VProxy 4] Failed to trigger JOIN, will retry...
[V2VProxy 6] *** STOPPING at intersection! ***
[V2VProxy 6] Distance=30.5m, t=1.7
[V2VProxy 6] triggerJoinViaJNI() called at t=1.7
[V2VProxy 6] FAILED: Server Status = 'Initializing' (expected 'READY') at t=1.7
[V2VProxy 6] Failed to trigger JOIN, will retry...
[V2VProxy 7] *** STOPPING at intersection! ***
[V2VProxy 7] Distance=26.7281m, t=1.7
[V2VProxy 7] triggerJoinViaJNI() called at t=1.7
[V2VProxy 7] FAILED: Server Status = 'Initializing' (expected 'READY') at t=1.7
[V2VProxy 7] Failed to trigger JOIN, will retry...
[Server 1] DEBUG: Bouncy Castle Provider registered.
[Server 4] DEBUG: Bouncy Castle Provider registered.
[Server 6] DEBUG: Bouncy Castle Provider registered.
==================================================
[DEBUG] JVM Working Directory: /home/yash/omnetpp/fourway
[DEBUG] LOOK HERE FOR CONFIG: /home/yash/omnetpp/fourway/config
==================================================
[Server 2] DEBUG: Bouncy Castle Provider registered.
==================================================
[DEBUG] JVM Working Directory: /home/yash/omnetpp/fourway
[DEBUG] LOOK HERE FOR CONFIG: /home/yash/omnetpp/fourway/config
==================================================
[Server 7] DEBUG: Bouncy Castle Provider registered.
==================================================
[DEBUG] JVM Working Directory: /home/yash/omnetpp/fourway
[DEBUG] LOOK HERE FOR CONFIG: /home/yash/omnetpp/fourway/config
==================================================
[Server 5] DEBUG: Bouncy Castle Provider registered.
==================================================
[DEBUG] JVM Working Directory: /home/yash/omnetpp/fourway
[DEBUG] LOOK HERE FOR CONFIG: /home/yash/omnetpp/fourway/config
==================================================
[Server 7] Intersection Physics: width=15.0m, avgSpeed=14.0m/s, safetyGap=1.5s
[Server 7] DEBUG: About to create ServiceReplica (This might block)...
[Server 2] Intersection Physics: width=15.0m, avgSpeed=14.0m/s, safetyGap=1.5s
[Server 2] DEBUG: About to create ServiceReplica (This might block)...
[Server 2] DEBUG: Thread = Thread-2
[Server 6] Intersection Physics: width=15.0m, avgSpeed=14.0m/s, safetyGap=1.5s
[Server 6] DEBUG: About to create ServiceReplica (This might block)...
[Server 6] DEBUG: Thread = Thread-6
[Server 6] DEBUG: Current time = 1769572678489
[Server 6] DEBUG: Calling new ServiceReplica(6, ...)
[Server 0] DEBUG: Bouncy Castle Provider registered.
==================================================
[DEBUG] JVM Working Directory: /home/yash/omnetpp/fourway
[DEBUG] LOOK HERE FOR CONFIG: /home/yash/omnetpp/fourway/config
==================================================
[Server 3] DEBUG: Bouncy Castle Provider registered.
==================================================
[DEBUG] JVM Working Directory: /home/yash/omnetpp/fourway
[DEBUG] LOOK HERE FOR CONFIG: /home/yash/omnetpp/fourway/config
==================================================
==================================================
[Server 3] Intersection Physics: width=15.0m, avgSpeed=14.0m/s, safetyGap=1.5s
[Server 3] DEBUG: About to create ServiceReplica (This might block)...
[Server 3] DEBUG: Thread = Thread-3
[Server 3] DEBUG: Current time = 1769572678490
[Server 3] DEBUG: Calling new ServiceReplica(3, ...)
==================================================
[DEBUG] JVM Working Directory: /home/yash/omnetpp/fourway
[DEBUG] JVM Working Directory: /home/yash/omnetpp/fourway
[DEBUG] LOOK HERE FOR CONFIG: /home/yash/omnetpp/fourway/config
==================================================
[Server 0] Intersection Physics: width=15.0m, avgSpeed=14.0m/s, safetyGap=1.5s
[Server 0] DEBUG: About to create ServiceReplica (This might block)...
[Server 0] DEBUG: Thread = Thread-0
[Server 0] DEBUG: Current time = 1769572678491
[Server 0] DEBUG: Calling new ServiceReplica(0, ...)
[Server 2] DEBUG: Current time = 1769572678489
[Server 2] DEBUG: Calling new ServiceReplica(2, ...)
[Server 7] DEBUG: Thread = Thread-7
[Server 7] DEBUG: Current time = 1769572678491
[Server 7] DEBUG: Calling new ServiceReplica(7, ...)
[Server 5] Intersection Physics: width=15.0m, avgSpeed=14.0m/s, safetyGap=1.5s
[Server 5] DEBUG: About to create ServiceReplica (This might block)...
[Server 5] DEBUG: Thread = Thread-5
[Server 4] Intersection Physics: width=15.0m, avgSpeed=14.0m/s, safetyGap=1.5s
[Server 4] DEBUG: About to create ServiceReplica (This might block)...
[Server 4] DEBUG: Thread = Thread-4
[Server 4] DEBUG: Current time = 1769572678492
[Server 4] DEBUG: Calling new ServiceReplica(4, ...)
[DEBUG] LOOK HERE FOR CONFIG: /home/yash/omnetpp/fourway/config
==================================================
[Server 5] DEBUG: Current time = 1769572678492
[Server 1] Intersection Physics: width=15.0m, avgSpeed=14.0m/s, safetyGap=1.5s
[Server 1] DEBUG: About to create ServiceReplica (This might block)...
[Server 1] DEBUG: Thread = Thread-1
[Server 1] DEBUG: Current time = 1769572678494
[Server 1] DEBUG: Calling new ServiceReplica(1, ...)
[Server 5] DEBUG: Calling new ServiceReplica(5, ...)
[V2VProxy 0] *** STOPPING at intersection! ***
[V2VProxy 0] Distance=33.1232m, t=1.8
[V2VProxy 0] triggerJoinViaJNI() called at t=1.8
[V2VProxy 0] FAILED: Server Status = 'Initializing' (expected 'READY') at t=1.8
[V2VProxy 0] Failed to trigger JOIN, will retry...
[V2VProxy 1] *** STOPPING at intersection! ***
[V2VProxy 1] Distance=24.9771m, t=1.8
[V2VProxy 1] triggerJoinViaJNI() called at t=1.8
[V2VProxy 1] FAILED: Server Status = 'Initializing' (expected 'READY') at t=1.8
[V2VProxy 1] Failed to trigger JOIN, will retry...
[V2VProxy 2] *** STOPPING at intersection! ***
[V2VProxy 2] Distance=37.6648m, t=1.8
[V2VProxy 2] triggerJoinViaJNI() called at t=1.8
[V2VProxy 2] FAILED: Server Status = 'Initializing' (expected 'READY') at t=1.8
[V2VProxy 2] Failed to trigger JOIN, will retry...
[V2VProxy 3] *** STOPPING at intersection! ***
[V2VProxy 3] Distance=47.4865m, t=1.8
[V2VProxy 3] triggerJoinViaJNI() called at t=1.8
[V2VProxy 3] FAILED: Server Status = 'Initializing' (expected 'READY') at t=1.8
[V2VProxy 3] Failed to trigger JOIN, will retry...
[V2VProxy 4] *** STOPPING at intersection! ***
[V2VProxy 4] Distance=41.6109m, t=1.8
[V2VProxy 4] triggerJoinViaJNI() called at t=1.8
[V2VProxy 4] FAILED: Server Status = 'Initializing' (expected 'READY') at t=1.8
[V2VProxy 4] Failed to trigger JOIN, will retry...
[V2VProxy 6] *** STOPPING at intersection! ***
[V2VProxy 6] Distance=30.848m, t=1.8
[V2VProxy 6] triggerJoinViaJNI() called at t=1.8
[V2VProxy 6] FAILED: Server Status = 'Initializing' (expected 'READY') at t=1.8
[V2VProxy 6] Failed to trigger JOIN, will retry...
[V2VProxy 7] *** STOPPING at intersection! ***
[V2VProxy 7] Distance=26.7683m, t=1.8
[V2VProxy 7] triggerJoinViaJNI() called at t=1.8
[V2VProxy 7] Barrier: 8/8 runners ready
[V2VProxy 7] FAILED: Server Status = 'Initializing' (expected 'READY') at t=1.8
[V2VProxy 7] Failed to trigger JOIN, will retry...
19:57:58.523 [Thread-2] INFO bftsmart.reconfiguration.ServerViewController - Creating current view from configuration file
19:57:58.523 [Thread-3] INFO bftsmart.reconfiguration.ServerViewController - Creating current view from configuration file
19:57:58.523 [Thread-5] INFO bftsmart.reconfiguration.ServerViewController - Creating current view from configuration file
19:57:58.522 [Thread-4] INFO bftsmart.reconfiguration.ServerViewController - Creating current view from configuration file
19:57:58.522 [Thread-6] INFO bftsmart.reconfiguration.ServerViewController - Creating current view from configuration file
19:57:58.522 [Thread-1] INFO bftsmart.reconfiguration.ServerViewController - Creating current view from configuration file
19:57:58.522 [Thread-7] INFO bftsmart.reconfiguration.ServerViewController - Creating current view from configuration file
19:57:58.522 [Thread-0] INFO bftsmart.reconfiguration.ServerViewController - Creating current view from configuration file
19:57:58.559 [Thread-0] INFO bftsmart.communication.ServerCommunicationSystem - Using V2V communication layer on port 12000
19:57:58.559 [Thread-2] INFO bftsmart.communication.ServerCommunicationSystem - Using V2V communication layer on port 12002
19:57:58.559 [Thread-1] INFO bftsmart.communication.ServerCommunicationSystem - Using V2V communication layer on port 12001
19:57:58.559 [Thread-7] INFO bftsmart.communication.ServerCommunicationSystem - Using V2V communication layer on port 12007
19:57:58.559 [Thread-4] INFO bftsmart.communication.ServerCommunicationSystem - Using V2V communication layer on port 12004
19:57:58.559 [Thread-3] INFO bftsmart.communication.ServerCommunicationSystem - Using V2V communication layer on port 12003
19:57:58.559 [Thread-6] INFO bftsmart.communication.ServerCommunicationSystem - Using V2V communication layer on port 12006
19:57:58.559 [Thread-5] INFO bftsmart.communication.ServerCommunicationSystem - Using V2V communication layer on port 12005
[Reliability 0] Automatic retransmissions DISABLED - using piggybacked ACKs only
==============================================
[V2V Layer 0] INITIALIZING CONNECTIONS
    My ID: 0
    All replicas: [0, 1, 2, 3, 4, 5, 6, 7]
[V2V Layer 0] DEBUG: About to create V2VNativeBridge callback...
[Reliability 3] Automatic retransmissions DISABLED - using piggybacked ACKs only
==============================================
[V2V Layer 3] INITIALIZING CONNECTIONS
    My ID: 3
    All replicas: [0, 1, 2, 3, 4, 5, 6, 7]
[Reliability 4] Automatic retransmissions DISABLED - using piggybacked ACKs only
==============================================
[V2V Layer 4] INITIALIZING CONNECTIONS
[Reliability 6] Automatic retransmissions DISABLED - using piggybacked ACKs only
==============================================
[V2V Layer 6] INITIALIZING CONNECTIONS
    My ID: 6
[Reliability 5] Automatic retransmissions DISABLED - using piggybacked ACKs only
==============================================
[V2V Layer 5] INITIALIZING CONNECTIONS
    My ID: 5
    All replicas: [0, 1, 2, 3, 4, 5, 6, 7]
[V2V Layer 5] DEBUG: About to create V2VNativeBridge callback...
[V2V Layer 5] DEBUG: Callback created, creating V2VNativeBridge...
[V2V Layer 0] DEBUG: Callback created, creating V2VNativeBridge...
[Reliability 2] Automatic retransmissions DISABLED - using piggybacked ACKs only
[Reliability 7] Automatic retransmissions DISABLED - using piggybacked ACKs only
==============================================
[V2V Layer 7] INITIALIZING CONNECTIONS
    My ID: 7
V2VNativeBridge5: Created, initializing immediately...
[JNI] nativeInit called for replica 5
V2VNativeBridge0: Created, initializing immediately...[DEBUG V2VProxy 5] registerJavaCallback called

[DEBUG V2VProxy 5] Java callback registered successfully
[JNI] Successfully initialized V2V bridge for replica 5
V2VNativeBridge5: Initialized successfully, callback registered
[JNI] nativeInit called for replica 0
[DEBUG V2VProxy 0] registerJavaCallback called
[V2V Layer 5] DEBUG: Bridge created and callback registered![DEBUG V2VProxy 0] Java callback registered successfully

[JNI] Successfully initialized V2V bridge for replica 0
[V2V Layer 5] DEBUG: Waiting 500ms for all peers to register callbacks...
    All replicas: [0, 1, 2, 3, 4, 5, 6, 7]
[Reliability 1] Automatic retransmissions DISABLED - using piggybacked ACKs only
==============================================
[V2V Layer 1] INITIALIZING CONNECTIONS
    My ID: 1
    My ID: 4
    All replicas: [0, 1, 2, 3, 4, 5, 6, 7]
[V2V Layer 3] DEBUG: About to create V2VNativeBridge callback...
[V2V Layer 3] DEBUG: Callback created, creating V2VNativeBridge...
V2VNativeBridge3: Created, initializing immediately...
[JNI] nativeInit called for replica 3
[DEBUG V2VProxy 3] registerJavaCallback called
[DEBUG V2VProxy 3] Java callback registered successfully
[JNI] Successfully initialized V2V bridge for replica 3
[V2V Layer 4] DEBUG: About to create V2VNativeBridge callback...
[V2V Layer 4] DEBUG: Callback created, creating V2VNativeBridge...
V2VNativeBridge4: Created, initializing immediately...
[JNI] nativeInit called for replica 4
[DEBUG V2VProxy 4] registerJavaCallback called
[DEBUG V2VProxy 4] Java callback registered successfully
[JNI] Successfully initialized V2V bridge for replica 4
    All replicas: [0, 1, 2, 3, 4, 5, 6, 7]
[V2V Layer 1] DEBUG: About to create V2VNativeBridge callback...
[V2V Layer 1] DEBUG: Callback created, creating V2VNativeBridge...
V2VNativeBridge1: Created, initializing immediately...
[JNI] nativeInit called for replica 1
[DEBUG V2VProxy 1] registerJavaCallback called
[V2V Layer 6] DEBUG: About to create V2VNativeBridge callback...[DEBUG V2VProxy 1] Java callback registered successfully
[JNI] Successfully initialized V2V bridge for replica 1

V2VNativeBridge1: Initialized successfully, callback registered
[V2V Layer 1] DEBUG: Bridge created and callback registered!
[V2V Layer 1] DEBUG: Waiting 500ms for all peers to register callbacks...
V2VNativeBridge0: Initialized successfully, callback registered
[V2V Layer 0] DEBUG: Bridge created and callback registered!
    All replicas: [0, 1, 2, 3, 4, 5, 6, 7]
[V2V Layer 7] DEBUG: About to create V2VNativeBridge callback...
==============================================
[V2V Layer 2] INITIALIZING CONNECTIONS
[V2V Layer 7] DEBUG: Callback created, creating V2VNativeBridge...
V2VNativeBridge7: Created, initializing immediately...
[JNI] nativeInit called for replica 7
[DEBUG V2VProxy 7] registerJavaCallback called
[DEBUG V2VProxy 7] Java callback registered successfully
[JNI] Successfully initialized V2V bridge for replica 7
[V2V Layer 0] DEBUG: Waiting 500ms for all peers to register callbacks...
[V2V Layer 6] DEBUG: Callback created, creating V2VNativeBridge...
V2VNativeBridge6: Created, initializing immediately...
[JNI] nativeInit called for replica 6
[DEBUG V2VProxy 6] registerJavaCallback called
[DEBUG V2VProxy 6] Java callback registered successfully
[JNI] Successfully initialized V2V bridge for replica 6
V2VNativeBridge6: Initialized successfully, callback registered
[V2V Layer 6] DEBUG: Bridge created and callback registered!
V2VNativeBridge4: Initialized successfully, callback registered
[V2V Layer 4] DEBUG: Bridge created and callback registered!
[V2V Layer 4] DEBUG: Waiting 500ms for all peers to register callbacks...
V2VNativeBridge3: Initialized successfully, callback registered
[V2V Layer 3] DEBUG: Bridge created and callback registered!
[V2V Layer 3] DEBUG: Waiting 500ms for all peers to register callbacks...
[V2V Layer 6] DEBUG: Waiting 500ms for all peers to register callbacks...
V2VNativeBridge7: Initialized successfully, callback registered
[V2V Layer 7] DEBUG: Bridge created and callback registered!
[V2V Layer 7] DEBUG: Waiting 500ms for all peers to register callbacks...
    My ID: 2
    All replicas: [0, 1, 2, 3, 4, 5, 6, 7]
[V2V Layer 2] DEBUG: About to create V2VNativeBridge callback...
[V2V Layer 2] DEBUG: Callback created, creating V2VNativeBridge...
V2VNativeBridge2: Created, initializing immediately...
[JNI] nativeInit called for replica 2
[DEBUG V2VProxy 2] registerJavaCallback called
[DEBUG V2VProxy 2] Java callback registered successfully
[JNI] Successfully initialized V2V bridge for replica 2
V2VNativeBridge2: Initialized successfully, callback registered
[V2V Layer 2] DEBUG: Bridge created and callback registered!
[V2V Layer 2] DEBUG: Waiting 500ms for all peers to register callbacks...
[V2VProxy 0] *** STOPPING at intersection! ***
[V2VProxy 0] Distance=33.1232m, t=1.9
[V2VProxy 0] triggerJoinViaJNI() called at t=1.9
[V2VProxy 0] FAILED: Server Status = 'Initializing' (expected 'READY') at t=1.9
[V2VProxy 0] Failed to trigger JOIN, will retry...
[V2VProxy 1] *** STOPPING at intersection! ***
[V2VProxy 1] Distance=24.9771m, t=1.9
[V2VProxy 1] triggerJoinViaJNI() called at t=1.9
[V2VProxy 1] FAILED: Server Status = 'Initializing' (expected 'READY') at t=1.9
[V2VProxy 1] Failed to trigger JOIN, will retry...
[V2VProxy 2] *** STOPPING at intersection! ***
[V2VProxy 2] Distance=37.6648m, t=1.9
[V2VProxy 2] triggerJoinViaJNI() called at t=1.9
[V2VProxy 2] FAILED: Server Status = 'Initializing' (expected 'READY') at t=1.9
[V2VProxy 2] Failed to trigger JOIN, will retry...
[V2VProxy 3] *** STOPPING at intersection! ***
[V2VProxy 3] Distance=47.4865m, t=1.9
[V2VProxy 3] triggerJoinViaJNI() called at t=1.9
[V2VProxy 3] FAILED: Server Status = 'Initializing' (expected 'READY') at t=1.9
[V2VProxy 3] Failed to trigger JOIN, will retry...
[V2VProxy 4] *** STOPPING at intersection! ***
[V2VProxy 4] Distance=41.6109m, t=1.9
[V2VProxy 4] triggerJoinViaJNI() called at t=1.9
[V2VProxy 4] FAILED: Server Status = 'Initializing' (expected 'READY') at t=1.9
[V2VProxy 4] Failed to trigger JOIN, will retry...
[V2VProxy 6] *** STOPPING at intersection! ***
[V2VProxy 6] Distance=30.848m, t=1.9
[V2VProxy 6] triggerJoinViaJNI() called at t=1.9
[V2VProxy 6] FAILED: Server Status = 'Initializing' (expected 'READY') at t=1.9
[V2VProxy 6] Failed to trigger JOIN, will retry...
[V2VProxy 7] *** STOPPING at intersection! ***
[V2VProxy 7] Distance=26.7683m, t=1.9
[V2VProxy 7] triggerJoinViaJNI() called at t=1.9
[V2VProxy 7] FAILED: Server Status = 'Initializing' (expected 'READY') at t=1.9
[V2VProxy 7] Failed to trigger JOIN, will retry...
[V2VProxy 0] *** STOPPING at intersection! ***
[V2VProxy 0] Distance=34.2134m, t=2
[V2VProxy 0] triggerJoinViaJNI() called at t=2
[V2VProxy 0] FAILED: Server Status = 'Initializing' (expected 'READY') at t=2
[V2VProxy 0] Failed to trigger JOIN, will retry...
[V2VProxy 1] *** STOPPING at intersection! ***
[V2VProxy 1] Distance=25.3183m, t=2
[V2VProxy 1] triggerJoinViaJNI() called at t=2
[V2VProxy 1] FAILED: Server Status = 'Initializing' (expected 'READY') at t=2
[V2VProxy 1] Failed to trigger JOIN, will retry...
[V2VProxy 2] *** STOPPING at intersection! ***
[V2VProxy 2] Distance=36.6185m, t=2
[V2VProxy 2] triggerJoinViaJNI() called at t=2
[V2VProxy 2] Barrier: 8/8 runners ready
[V2VProxy 2] FAILED: Server Status = 'Initializing' (expected 'READY') at t=2
[V2VProxy 2] Failed to trigger JOIN, will retry...
[V2VProxy 3] *** STOPPING at intersection! ***
[V2VProxy 3] Distance=46.3898m, t=2
[V2VProxy 3] triggerJoinViaJNI() called at t=2
[V2VProxy 3] FAILED: Server Status = 'Initializing' (expected 'READY') at t=2
[V2VProxy 3] Failed to trigger JOIN, will retry...
[V2VProxy 4] *** STOPPING at intersection! ***
[V2VProxy 4] Distance=41.1838m, t=2
[V2VProxy 4] triggerJoinViaJNI() called at t=2
[V2VProxy 4] FAILED: Server Status = 'Initializing' (expected 'READY') at t=2
[V2VProxy 4] Failed to trigger JOIN, will retry...
[V2VProxy 6] *** STOPPING at intersection! ***
[V2VProxy 6] Distance=31.114m, t=2
[V2VProxy 6] triggerJoinViaJNI() called at t=2
[V2VProxy 6] FAILED: Server Status = 'Initializing' (expected 'READY') at t=2
[V2VProxy 6] Failed to trigger JOIN, will retry...
[V2VProxy 7] *** STOPPING at intersection! ***
[V2VProxy 7] Distance=26.7919m, t=2
[V2VProxy 7] triggerJoinViaJNI() called at t=2
[V2VProxy 7] FAILED: Server Status = 'Initializing' (expected 'READY') at t=2
[V2VProxy 7] Failed to trigger JOIN, will retry...
[V2VProxy 0] *** STOPPING at intersection! ***
[V2VProxy 0] Distance=34.2134m, t=2.1
[V2VProxy 0] triggerJoinViaJNI() called at t=2.1
[V2VProxy 0] FAILED: Server Status = 'Initializing' (expected 'READY') at t=2.1
[V2VProxy 0] Failed to trigger JOIN, will retry...
[V2VProxy 1] *** STOPPING at intersection! ***
[V2VProxy 1] Distance=25.3183m, t=2.1
[V2VProxy 1] triggerJoinViaJNI() called at t=2.1
[V2VProxy 1] FAILED: Server Status = 'Initializing' (expected 'READY') at t=2.1
[V2VProxy 1] Failed to trigger JOIN, will retry...
[V2VProxy 2] *** STOPPING at intersection! ***
[V2VProxy 2] Distance=36.6185m, t=2.1
[V2VProxy 2] triggerJoinViaJNI() called at t=2.1
[V2VProxy 2] FAILED: Server Status = 'Initializing' (expected 'READY') at t=2.1
[V2VProxy 2] Failed to trigger JOIN, will retry...
[V2VProxy 3] *** STOPPING at intersection! ***
[V2VProxy 3] Distance=46.3898m, t=2.1
[V2VProxy 3] triggerJoinViaJNI() called at t=2.1
[V2VProxy 3] FAILED: Server Status = 'Initializing' (expected 'READY') at t=2.1
[V2VProxy 3] Failed to trigger JOIN, will retry...
[V2VProxy 4] *** STOPPING at intersection! ***
[V2VProxy 4] Distance=41.1838m, t=2.1
[V2VProxy 4] triggerJoinViaJNI() called at t=2.1
[V2VProxy 4] FAILED: Server Status = 'Initializing' (expected 'READY') at t=2.1
[V2VProxy 4] Failed to trigger JOIN, will retry...
[V2VProxy 6] *** STOPPING at intersection! ***
[V2VProxy 6] Distance=31.114m, t=2.1
[V2VProxy 6] triggerJoinViaJNI() called at t=2.1
[V2VProxy 6] Barrier: 8/8 runners ready
[V2VProxy 6] FAILED: Server Status = 'Initializing' (expected 'READY') at t=2.1
[V2VProxy 6] Failed to trigger JOIN, will retry...
[V2VProxy 7] *** STOPPING at intersection! ***
[V2VProxy 7] Distance=26.7919m, t=2.1
[V2VProxy 7] triggerJoinViaJNI() called at t=2.1
[V2VProxy 7] FAILED: Server Status = 'Initializing' (expected 'READY') at t=2.1
[V2VProxy 7] Failed to trigger JOIN, will retry...
[V2VProxy 0] *** STOPPING at intersection! ***
[V2VProxy 0] Distance=35.2004m, t=2.2
[V2VProxy 0] triggerJoinViaJNI() called at t=2.2
[V2VProxy 0] FAILED: Server Status = 'Initializing' (expected 'READY') at t=2.2
[V2VProxy 0] Failed to trigger JOIN, will retry...
[V2VProxy 1] *** STOPPING at intersection! ***
[V2VProxy 1] Distance=25.6151m, t=2.2
[V2VProxy 1] triggerJoinViaJNI() called at t=2.2
[V2VProxy 1] FAILED: Server Status = 'Initializing' (expected 'READY') at t=2.2
[V2VProxy 1] Failed to trigger JOIN, will retry...
[V2VProxy 2] *** STOPPING at intersection! ***
[V2VProxy 2] Distance=35.7246m, t=2.2
[V2VProxy 2] triggerJoinViaJNI() called at t=2.2
[V2VProxy 2] FAILED: Server Status = 'Initializing' (expected 'READY') at t=2.2
[V2VProxy 2] Failed to trigger JOIN, will retry...
[V2VProxy 3] *** STOPPING at intersection! ***
[V2VProxy 3] Distance=45.4514m, t=2.2
[V2VProxy 3] triggerJoinViaJNI() called at t=2.2
[V2VProxy 3] FAILED: Server Status = 'Initializing' (expected 'READY') at t=2.2
[V2VProxy 3] Failed to trigger JOIN, will retry...
[V2VProxy 4] *** STOPPING at intersection! ***
[V2VProxy 4] Distance=40.9064m, t=2.2
[V2VProxy 4] triggerJoinViaJNI() called at t=2.2
[V2VProxy 4] FAILED: Server Status = 'Initializing' (expected 'READY') at t=2.2
[V2VProxy 4] Failed to trigger JOIN, will retry...
[V2VProxy 5] *** STOPPING at intersection! ***
[V2VProxy 5] Distance=49.9233m, t=2.2
[V2VProxy 5] Vehicle STOPPED at intersection (distance=49.9233m)
[V2VProxy 5] triggerJoinViaJNI() called at t=2.2
[V2VProxy 5] FAILED: Server Status = 'Initializing' (expected 'READY') at t=2.2
[V2VProxy 5] Failed to trigger JOIN, will retry...
[V2VProxy 6] *** STOPPING at intersection! ***
[V2VProxy 6] Distance=31.2912m, t=2.2
[V2VProxy 6] triggerJoinViaJNI() called at t=2.2
[V2VProxy 6] FAILED: Server Status = 'Initializing' (expected 'READY') at t=2.2
[V2VProxy 6] Failed to trigger JOIN, will retry...
[V2VProxy 7] *** STOPPING at intersection! ***
[V2VProxy 7] Distance=26.7947m, t=2.2
[V2VProxy 7] triggerJoinViaJNI() called at t=2.2
[V2VProxy 7] FAILED: Server Status = 'Initializing' (expected 'READY') at t=2.2
[V2VProxy 7] Failed to trigger JOIN, will retry...
[V2VProxy 0] *** STOPPING at intersection! ***
[V2VProxy 0] Distance=35.2004m, t=2.3
[V2VProxy 0] triggerJoinViaJNI() called at t=2.3
[V2VProxy 0] Barrier: 8/8 runners ready
[V2VProxy 0] FAILED: Server Status = 'Initializing' (expected 'READY') at t=2.3
[V2VProxy 0] Failed to trigger JOIN, will retry...
[V2VProxy 1] *** STOPPING at intersection! ***
[V2VProxy 1] Distance=25.6151m, t=2.3
[V2VProxy 1] triggerJoinViaJNI() called at t=2.3
[V2VProxy 1] FAILED: Server Status = 'Initializing' (expected 'READY') at t=2.3
[V2VProxy 1] Failed to trigger JOIN, will retry...
[V2VProxy 2] *** STOPPING at intersection! ***
[V2VProxy 2] Distance=35.7246m, t=2.3
[V2VProxy 2] triggerJoinViaJNI() called at t=2.3
[V2VProxy 2] FAILED: Server Status = 'Initializing' (expected 'READY') at t=2.3
[V2VProxy 2] Failed to trigger JOIN, will retry...
[V2VProxy 3] *** STOPPING at intersection! ***
[V2VProxy 3] Distance=45.4514m, t=2.3
[V2VProxy 3] triggerJoinViaJNI() called at t=2.3
[V2VProxy 3] FAILED: Server Status = 'Initializing' (expected 'READY') at t=2.3
[V2VProxy 3] Failed to trigger JOIN, will retry...
[V2VProxy 4] *** STOPPING at intersection! ***
[V2VProxy 4] Distance=40.9064m, t=2.3
[V2VProxy 4] triggerJoinViaJNI() called at t=2.3
[V2VProxy 4] FAILED: Server Status = 'Initializing' (expected 'READY') at t=2.3
[V2VProxy 4] Failed to trigger JOIN, will retry...
[V2VProxy 5] *** STOPPING at intersection! ***
[V2VProxy 5] Distance=49.9233m, t=2.3
[V2VProxy 5] triggerJoinViaJNI() called at t=2.3
[V2VProxy 5] FAILED: Server Status = 'Initializing' (expected 'READY') at t=2.3
[V2VProxy 5] Failed to trigger JOIN, will retry...
[V2VProxy 6] *** STOPPING at intersection! ***
[V2VProxy 6] Distance=31.2912m, t=2.3
[V2VProxy 6] triggerJoinViaJNI() called at t=2.3
[V2VProxy 6] FAILED: Server Status = 'Initializing' (expected 'READY') at t=2.3
[V2VProxy 6] Failed to trigger JOIN, will retry...
[V2VProxy 7] *** STOPPING at intersection! ***
[V2VProxy 7] Distance=26.7947m, t=2.3
[V2VProxy 7] triggerJoinViaJNI() called at t=2.3
[V2VProxy 7] FAILED: Server Status = 'Initializing' (expected 'READY') at t=2.3
[V2VProxy 7] Failed to trigger JOIN, will retry...
[V2V Layer 5] DEBUG: Creating connections...
[V2VNativeReplicaConnection] Created JNI connection from 5 to 0
    -> Native JNI connection to replica 0
[V2VNativeReplicaConnection] Created JNI connection from 5 to 1
    -> Native JNI connection to replica 1
[V2VNativeReplicaConnection] Created JNI connection from 5 to 2
    -> Native JNI connection to replica 2
[V2VNativeReplicaConnection] Created JNI connection from 5 to 3
    -> Native JNI connection to replica 3
[V2VNativeReplicaConnection] Created JNI connection from 5 to 4
    -> Native JNI connection to replica 4
[V2VNativeReplicaConnection] Created JNI connection from 5 to 6
    -> Native JNI connection to replica 6
[V2VNativeReplicaConnection] Created JNI connection from 5 to 7
    -> Native JNI connection to replica 7
==============================================
[V2V Layer 5] DEBUG: About to start communication thread...
[V2V Layer 1] DEBUG: Creating connections...
[V2VNativeReplicaConnection] Created JNI connection from 1 to 0
    -> Native JNI connection to replica 0
[V2VNativeReplicaConnection] Created JNI connection from 1 to 2
    -> Native JNI connection to replica 2
[V2VNativeReplicaConnection] Created JNI connection from 1 to 3
    -> Native JNI connection to replica 3
[V2VNativeReplicaConnection] Created JNI connection from 1 to 4
    -> Native JNI connection to replica 4
[V2VNativeReplicaConnection] Created JNI connection from 1 to 5
    -> Native JNI connection to replica 5
[V2VNativeReplicaConnection] Created JNI connection from 1 to 6
    -> Native JNI connection to replica 6
[V2VNativeReplicaConnection] Created JNI connection from 1 to 7
    -> Native JNI connection to replica 7
==============================================
[V2V Layer 1] DEBUG: About to start communication thread...
[V2V Layer 5] DEBUG: start() called, thread should be running now
[V2V Layer 0] DEBUG: Creating connections...
[V2VNativeReplicaConnection] Created JNI connection from 0 to 1
    -> Native JNI connection to replica 1
[V2VNativeReplicaConnection] Created JNI connection from 0 to 2
    -> Native JNI connection to replica 2
[V2VNativeReplicaConnection] Created JNI connection from 0 to 3
    -> Native JNI connection to replica 3
[V2VNativeReplicaConnection] Created JNI connection from 0 to 4
    -> Native JNI connection to replica 4
[V2VNativeReplicaConnection] Created JNI connection from 0 to 5
    -> Native JNI connection to replica 5
[V2VNativeReplicaConnection] Created JNI connection from 0 to 6
    -> Native JNI connection to replica 6
[V2VNativeReplicaConnection] Created JNI connection from 0 to 7
    -> Native JNI connection to replica 7
==============================================
[V2V Layer 0] DEBUG: About to start communication thread...
[V2V Layer 4] DEBUG: Creating connections...
==============================================
[V2VNativeReplicaConnection] Created JNI connection from 4 to 0
    -> Native JNI connection to replica 0
[V2VNativeReplicaConnection] Created JNI connection from 4 to 1
    -> Native JNI connection to replica 1
[V2VNativeReplicaConnection] Created JNI connection from 4 to 2
[V2V Layer 1] DEBUG: start() called, thread should be running now
[V2V Layer 3] DEBUG: Creating connections...
[V2VNativeReplicaConnection] Created JNI connection from 3 to 0
    -> Native JNI connection to replica 0
[V2VNativeReplicaConnection] Created JNI connection from 3 to 1
    -> Native JNI connection to replica 1
[V2V Layer 5] Communication thread STARTED
    Using JNI callbacks for message delivery
==============================================
[V2VNativeReplicaConnection] Created JNI connection from 3 to 2
==============================================
[V2V Layer 1] Communication thread STARTED
    Using JNI callbacks for message delivery
==============================================
[V2V Layer 0] DEBUG: start() called, thread should be running now
[V2V Layer 2] DEBUG: Creating connections...
[V2V Layer 6] DEBUG: Creating connections...
[V2VNativeReplicaConnection] Created JNI connection from 6 to 0
    -> Native JNI connection to replica 0
    -> Native JNI connection to replica 2
[V2VNativeReplicaConnection] Created JNI connection from 4 to 3
    -> Native JNI connection to replica 3
[V2VNativeReplicaConnection] Created JNI connection from 4 to 5
    -> Native JNI connection to replica 5
[V2VNativeReplicaConnection] Created JNI connection from 4 to 6
[V2VNativeReplicaConnection] Created JNI connection from 6 to 1
==============================================
[V2V Layer 0] Communication thread STARTED
    Using JNI callbacks for message delivery
==============================================
[V2VNativeReplicaConnection] Created JNI connection from 2 to 0
    -> Native JNI connection to replica 0
[V2VNativeReplicaConnection] Created JNI connection from 2 to 1
    -> Native JNI connection to replica 1
[V2VNativeReplicaConnection] Created JNI connection from 2 to 3
    -> Native JNI connection to replica 3
[V2VNativeReplicaConnection] Created JNI connection from 2 to 4
    -> Native JNI connection to replica 4
[V2VNativeReplicaConnection] Created JNI connection from 2 to 5
    -> Native JNI connection to replica 2
[V2VNativeReplicaConnection] Created JNI connection from 3 to 4
    -> Native JNI connection to replica 4
[V2VNativeReplicaConnection] Created JNI connection from 3 to 5
    -> Native JNI connection to replica 5
[V2V Layer 7] DEBUG: Creating connections...
[V2VNativeReplicaConnection] Created JNI connection from 7 to 0
[V2VNativeReplicaConnection] Created JNI connection from 3 to 6
    -> Native JNI connection to replica 6
[V2VNativeReplicaConnection] Created JNI connection from 3 to 7
    -> Native JNI connection to replica 7
==============================================
    -> Native JNI connection to replica 5
[V2VNativeReplicaConnection] Created JNI connection from 2 to 6
    -> Native JNI connection to replica 6
[V2VNativeReplicaConnection] Created JNI connection from 2 to 7
    -> Native JNI connection to replica 7
==============================================
[V2V Layer 2] DEBUG: About to start communication thread...
    -> Native JNI connection to replica 1
[V2VNativeReplicaConnection] Created JNI connection from 6 to 2
    -> Native JNI connection to replica 2
[V2VNativeReplicaConnection] Created JNI connection from 6 to 3
    -> Native JNI connection to replica 6
[V2VNativeReplicaConnection] Created JNI connection from 4 to 7
    -> Native JNI connection to replica 3
[V2VNativeReplicaConnection] Created JNI connection from 6 to 4
    -> Native JNI connection to replica 4
[V2V Layer 2] DEBUG: start() called, thread should be running now
[V2V Layer 3] DEBUG: About to start communication thread...
    -> Native JNI connection to replica 0
[V2VNativeReplicaConnection] Created JNI connection from 7 to 1
    -> Native JNI connection to replica 1
[V2VNativeReplicaConnection] Created JNI connection from 7 to 2
    -> Native JNI connection to replica 2
[V2VNativeReplicaConnection] Created JNI connection from 7 to 3
    -> Native JNI connection to replica 3
[V2VNativeReplicaConnection] Created JNI connection from 6 to 5
    -> Native JNI connection to replica 5
[V2VNativeReplicaConnection] Created JNI connection from 6 to 7
    -> Native JNI connection to replica 7
==============================================
[V2V Layer 4] DEBUG: About to start communication thread...
    -> Native JNI connection to replica 7
==============================================
[V2V Layer 6] DEBUG: About to start communication thread...
[V2VNativeReplicaConnection] Created JNI connection from 7 to 4
==============================================
[V2V Layer 3] Communication thread STARTED
    Using JNI callbacks for message delivery
==============================================
==============================================
[V2V Layer 2] Communication thread STARTED
    Using JNI callbacks for message delivery
==============================================
    -> Native JNI connection to replica 4
[V2VNativeReplicaConnection] Created JNI connection from 7 to 5
    -> Native JNI connection to replica 5
[V2VNativeReplicaConnection] Created JNI connection from 7 to 6
    -> Native JNI connection to replica 6
==============================================
[V2V Layer 6] Communication thread STARTED
    Using JNI callbacks for message delivery
==============================================
[V2V Layer 3] DEBUG: start() called, thread should be running now
==============================================
[V2V Layer 7] DEBUG: About to start communication thread...
==============================================
[V2V Layer 4] Communication thread STARTED
    Using JNI callbacks for message delivery
==============================================
[V2V Layer 4] DEBUG: start() called, thread should be running now
[V2V Layer 6] DEBUG: start() called, thread should be running now
[V2V Layer 7] DEBUG: start() called, thread should be running now
==============================================
[V2V Layer 7] Communication thread STARTED
    Using JNI callbacks for message delivery
==============================================
19:57:59.076 [Thread-2] DEBUG io.netty.util.internal.logging.InternalLoggerFactory - Using SLF4J as the default logging framework
19:57:59.077 [Thread-2] DEBUG io.netty.util.internal.InternalThreadLocalMap - -Dio.netty.threadLocalMap.stringBuilder.initialSize: 1024
19:57:59.077 [Thread-2] DEBUG io.netty.util.internal.InternalThreadLocalMap - -Dio.netty.threadLocalMap.stringBuilder.maxSize: 4096
[V2VProxy 0] *** STOPPING at intersection! ***
[V2VProxy 0] Distance=36.0726m, t=2.4
[V2VProxy 0] triggerJoinViaJNI() called at t=2.4
[V2VProxy 0] FAILED: Server Status = 'Initializing' (expected 'READY') at t=2.4
[V2VProxy 0] Failed to trigger JOIN, will retry...
[V2VProxy 1] *** STOPPING at intersection! ***
[V2VProxy 1] Distance=25.8533m, t=2.4
[V2VProxy 1] triggerJoinViaJNI() called at t=2.4
[V2VProxy 1] FAILED: Server Status = 'Initializing' (expected 'READY') at t=2.4
[V2VProxy 1] Failed to trigger JOIN, will retry...
[V2VProxy 2] *** STOPPING at intersection! ***
[V2VProxy 2] Distance=34.9742m, t=2.4
[V2VProxy 2] triggerJoinViaJNI() called at t=2.4
[V2VProxy 2] Barrier: 8/8 runners ready
[V2VProxy 2] FAILED: Server Status = 'Initializing' (expected 'READY') at t=2.4
[V2VProxy 2] Failed to trigger JOIN, will retry...
[V2VProxy 3] *** STOPPING at intersection! ***
[V2VProxy 3] Distance=44.6675m, t=2.4
[V2VProxy 3] triggerJoinViaJNI() called at t=2.4
[V2VProxy 3] FAILED: Server Status = 'Initializing' (expected 'READY') at t=2.4
[V2VProxy 3] Failed to trigger JOIN, will retry...
[V2VProxy 4] *** STOPPING at intersection! ***
[V2VProxy 4] Distance=40.7771m, t=2.4
[V2VProxy 4] triggerJoinViaJNI() called at t=2.4
[V2VProxy 4] FAILED: Server Status = 'Initializing' (expected 'READY') at t=2.4
[V2VProxy 4] Failed to trigger JOIN, will retry...
[V2VProxy 5] *** STOPPING at intersection! ***
[V2VProxy 5] Distance=49.5225m, t=2.4
[V2VProxy 5] triggerJoinViaJNI() called at t=2.4
[V2VProxy 5] FAILED: Server Status = 'Initializing' (expected 'READY') at t=2.4
[V2VProxy 5] Failed to trigger JOIN, will retry...
[V2VProxy 6] *** STOPPING at intersection! ***
[V2VProxy 6] Distance=31.3752m, t=2.4
[V2VProxy 6] triggerJoinViaJNI() called at t=2.4
[V2VProxy 6] FAILED: Server Status = 'Initializing' (expected 'READY') at t=2.4
[V2VProxy 6] Failed to trigger JOIN, will retry...
[V2VProxy 7] *** STOPPING at intersection! ***
[V2VProxy 7] Distance=26.7947m, t=2.4
[V2VProxy 7] triggerJoinViaJNI() called at t=2.4
[V2VProxy 7] FAILED: Server Status = 'Initializing' (expected 'READY') at t=2.4
[V2VProxy 7] Failed to trigger JOIN, will retry...
[V2VProxy 0] *** STOPPING at intersection! ***
[V2VProxy 0] Distance=36.0726m, t=2.5
[V2VProxy 0] triggerJoinViaJNI() called at t=2.5
[V2VProxy 0] FAILED: Server Status = 'Initializing' (expected 'READY') at t=2.5
[V2VProxy 0] Failed to trigger JOIN, will retry...
[V2VProxy 1] *** STOPPING at intersection! ***
[V2VProxy 1] Distance=25.8533m, t=2.5
[V2VProxy 1] triggerJoinViaJNI() called at t=2.5
[V2VProxy 1] FAILED: Server Status = 'Initializing' (expected 'READY') at t=2.5
[V2VProxy 1] Failed to trigger JOIN, will retry...
[V2VProxy 2] *** STOPPING at intersection! ***
[V2VProxy 2] Distance=34.9742m, t=2.5
[V2VProxy 2] triggerJoinViaJNI() called at t=2.5
[V2VProxy 2] FAILED: Server Status = 'Initializing' (expected 'READY') at t=2.5
[V2VProxy 2] Failed to trigger JOIN, will retry...
[V2VProxy 3] *** STOPPING at intersection! ***
[V2VProxy 3] Distance=44.6675m, t=2.5
[V2VProxy 3] triggerJoinViaJNI() called at t=2.5
[V2VProxy 3] FAILED: Server Status = 'Initializing' (expected 'READY') at t=2.5
[V2VProxy 3] Failed to trigger JOIN, will retry...
[V2VProxy 4] *** STOPPING at intersection! ***
[V2VProxy 4] Distance=40.7771m, t=2.5
[V2VProxy 4] triggerJoinViaJNI() called at t=2.5
[V2VProxy 4] Barrier: 8/8 runners ready
[V2VProxy 4] FAILED: Server Status = 'Initializing' (expected 'READY') at t=2.5
[V2VProxy 4] Failed to trigger JOIN, will retry...
[V2VProxy 5] *** STOPPING at intersection! ***
[V2VProxy 5] Distance=49.5225m, t=2.5
[V2VProxy 5] triggerJoinViaJNI() called at t=2.5
[V2VProxy 5] FAILED: Server Status = 'Initializing' (expected 'READY') at t=2.5
[V2VProxy 5] Failed to trigger JOIN, will retry...
[V2VProxy 6] *** STOPPING at intersection! ***
[V2VProxy 6] Distance=31.3752m, t=2.5
[V2VProxy 6] triggerJoinViaJNI() called at t=2.5
[V2VProxy 6] FAILED: Server Status = 'Initializing' (expected 'READY') at t=2.5
[V2VProxy 6] Failed to trigger JOIN, will retry...
[V2VProxy 7] *** STOPPING at intersection! ***
[V2VProxy 7] Distance=26.7947m, t=2.5
[V2VProxy 7] triggerJoinViaJNI() called at t=2.5
[V2VProxy 7] FAILED: Server Status = 'Initializing' (expected 'READY') at t=2.5
[V2VProxy 7] Failed to trigger JOIN, will retry...
19:57:59.234 [Thread-4] DEBUG io.netty.channel.MultithreadEventLoopGroup - -Dio.netty.eventLoopThreads: 48
19:57:59.253 [Thread-5] DEBUG io.netty.channel.nio.NioEventLoop - -Dio.netty.noKeySetOptimization: false
19:57:59.253 [Thread-5] DEBUG io.netty.channel.nio.NioEventLoop - -Dio.netty.selectorAutoRebuildThreshold: 512
19:57:59.262 [Thread-4] DEBUG io.netty.util.internal.PlatformDependent0 - -Dio.netty.noUnsafe: false
19:57:59.263 [Thread-4] DEBUG io.netty.util.internal.PlatformDependent0 - Java version: 11
19:57:59.264 [Thread-4] DEBUG io.netty.util.internal.PlatformDependent0 - sun.misc.Unsafe.theUnsafe: available
19:57:59.265 [Thread-4] DEBUG io.netty.util.internal.PlatformDependent0 - sun.misc.Unsafe.copyMemory: available
19:57:59.265 [Thread-4] DEBUG io.netty.util.internal.PlatformDependent0 - java.nio.Buffer.address: available
19:57:59.265 [Thread-4] DEBUG io.netty.util.internal.PlatformDependent0 - direct buffer constructor: unavailable: Reflective setAccessible(true) disabled
19:57:59.266 [Thread-4] DEBUG io.netty.util.internal.PlatformDependent0 - java.nio.Bits.unaligned: available, true
19:57:59.266 [Thread-4] DEBUG io.netty.util.internal.PlatformDependent0 - jdk.internal.misc.Unsafe.allocateUninitializedArray(int): unavailable: class io.netty.util.internal.PlatformDependent0$6 cannot access class jdk.internal.misc.Unsafe (in module java.base) because module java.base does not export jdk.internal.misc to unnamed module @2f033fe0
19:57:59.267 [Thread-4] DEBUG io.netty.util.internal.PlatformDependent0 - java.nio.DirectByteBuffer.<init>(long, int): unavailable
19:57:59.267 [Thread-4] DEBUG io.netty.util.internal.PlatformDependent - sun.misc.Unsafe: available
19:57:59.278 [Thread-4] DEBUG io.netty.util.internal.PlatformDependent - maxDirectMemory: 1073741824 bytes (maybe)
19:57:59.278 [Thread-4] DEBUG io.netty.util.internal.PlatformDependent - -Dio.netty.tmpdir: /tmp (java.io.tmpdir)
19:57:59.278 [Thread-4] DEBUG io.netty.util.internal.PlatformDependent - -Dio.netty.bitMode: 64 (sun.arch.data.model)
19:57:59.281 [Thread-4] DEBUG io.netty.util.internal.PlatformDependent - -Dio.netty.maxDirectMemory: -1 bytes
19:57:59.281 [Thread-4] DEBUG io.netty.util.internal.PlatformDependent - -Dio.netty.uninitializedArrayAllocationThreshold: -1
19:57:59.282 [Thread-4] DEBUG io.netty.util.internal.CleanerJava9 - java.nio.ByteBuffer.cleaner(): available
19:57:59.282 [Thread-4] DEBUG io.netty.util.internal.PlatformDependent - -Dio.netty.noPreferDirect: false
19:57:59.286 [Thread-3] DEBUG io.netty.util.internal.PlatformDependent - org.jctools-core.MpscChunkedArrayQueue: available
[V2VProxy 0] *** STOPPING at intersection! ***
[V2VProxy 0] Distance=36.8213m, t=2.6
[V2VProxy 0] triggerJoinViaJNI() called at t=2.6
[V2VProxy 0] FAILED: Server Status = 'Initializing' (expected 'READY') at t=2.6
[V2VProxy 0] Failed to trigger JOIN, will retry...
[V2VProxy 1] *** STOPPING at intersection! ***
[V2VProxy 1] Distance=26.0227m, t=2.6
[V2VProxy 1] triggerJoinViaJNI() called at t=2.6
[V2VProxy 1] FAILED: Server Status = 'Initializing' (expected 'READY') at t=2.6
[V2VProxy 1] Failed to trigger JOIN, will retry...
[V2VProxy 2] *** STOPPING at intersection! ***
[V2VProxy 2] Distance=34.3591m, t=2.6
[V2VProxy 2] triggerJoinViaJNI() called at t=2.6
[V2VProxy 2] FAILED: Server Status = 'Initializing' (expected 'READY') at t=2.6
[V2VProxy 2] Failed to trigger JOIN, will retry...
[V2VProxy 3] *** STOPPING at intersection! ***
[V2VProxy 3] Distance=44.0344m, t=2.6
[V2VProxy 3] triggerJoinViaJNI() called at t=2.6
[V2VProxy 3] FAILED: Server Status = 'Initializing' (expected 'READY') at t=2.6
[V2VProxy 3] Failed to trigger JOIN, will retry...
[V2VProxy 4] *** STOPPING at intersection! ***
[V2VProxy 4] Distance=40.7771m, t=2.6
[V2VProxy 4] triggerJoinViaJNI() called at t=2.6
[V2VProxy 4] FAILED: Server Status = 'Initializing' (expected 'READY') at t=2.6
[V2VProxy 4] Failed to trigger JOIN, will retry...
[V2VProxy 5] *** STOPPING at intersection! ***
[V2VProxy 5] Distance=49.2809m, t=2.6
[V2VProxy 5] triggerJoinViaJNI() called at t=2.6
[V2VProxy 5] FAILED: Server Status = 'Initializing' (expected 'READY') at t=2.6
[V2VProxy 5] Failed to trigger JOIN, will retry...
[V2VProxy 6] *** STOPPING at intersection! ***
[V2VProxy 6] Distance=31.3752m, t=2.6
[V2VProxy 6] triggerJoinViaJNI() called at t=2.6
[V2VProxy 6] Barrier: 8/8 runners ready
[V2VProxy 6] FAILED: Server Status = 'Initializing' (expected 'READY') at t=2.6
[V2VProxy 6] Failed to trigger JOIN, will retry...
[V2VProxy 7] *** STOPPING at intersection! ***
[V2VProxy 7] Distance=26.7947m, t=2.6
[V2VProxy 7] triggerJoinViaJNI() called at t=2.6
[V2VProxy 7] FAILED: Server Status = 'Initializing' (expected 'READY') at t=2.6
[V2VProxy 7] Failed to trigger JOIN, will retry...
[V2VProxy 0] *** STOPPING at intersection! ***
[V2VProxy 0] Distance=36.8213m, t=2.7
[V2VProxy 0] triggerJoinViaJNI() called at t=2.7
[V2VProxy 0] FAILED: Server Status = 'Initializing' (expected 'READY') at t=2.7
[V2VProxy 0] Failed to trigger JOIN, will retry...
[V2VProxy 1] *** STOPPING at intersection! ***
[V2VProxy 1] Distance=26.0227m, t=2.7
[V2VProxy 1] triggerJoinViaJNI() called at t=2.7
[V2VProxy 1] FAILED: Server Status = 'Initializing' (expected 'READY') at t=2.7
[V2VProxy 1] Failed to trigger JOIN, will retry...
[V2VProxy 2] *** STOPPING at intersection! ***
[V2VProxy 2] Distance=34.3591m, t=2.7
[V2VProxy 2] triggerJoinViaJNI() called at t=2.7
[V2VProxy 2] FAILED: Server Status = 'Initializing' (expected 'READY') at t=2.7
[V2VProxy 2] Failed to trigger JOIN, will retry...
[V2VProxy 3] *** STOPPING at intersection! ***
[V2VProxy 3] Distance=44.0344m, t=2.7
[V2VProxy 3] triggerJoinViaJNI() called at t=2.7
[V2VProxy 3] FAILED: Server Status = 'Initializing' (expected 'READY') at t=2.7
[V2VProxy 3] Failed to trigger JOIN, will retry...
[V2VProxy 4] *** STOPPING at intersection! ***
[V2VProxy 4] Distance=40.7771m, t=2.7
[V2VProxy 4] triggerJoinViaJNI() called at t=2.7
[V2VProxy 4] FAILED: Server Status = 'Initializing' (expected 'READY') at t=2.7
[V2VProxy 4] Failed to trigger JOIN, will retry...
[V2VProxy 5] *** STOPPING at intersection! ***
[V2VProxy 5] Distance=49.2809m, t=2.7
[V2VProxy 5] triggerJoinViaJNI() called at t=2.7
[V2VProxy 5] FAILED: Server Status = 'Initializing' (expected 'READY') at t=2.7
[V2VProxy 5] Failed to trigger JOIN, will retry...
[V2VProxy 6] *** STOPPING at intersection! ***
[V2VProxy 6] Distance=31.3752m, t=2.7
[V2VProxy 6] triggerJoinViaJNI() called at t=2.7
[V2VProxy 6] FAILED: Server Status = 'Initializing' (expected 'READY') at t=2.7
[V2VProxy 6] Failed to trigger JOIN, will retry...
[V2VProxy 7] *** STOPPING at intersection! ***
[V2VProxy 7] Distance=26.7947m, t=2.7
[V2VProxy 7] triggerJoinViaJNI() called at t=2.7
[V2VProxy 7] FAILED: Server Status = 'Initializing' (expected 'READY') at t=2.7
[V2VProxy 7] Failed to trigger JOIN, will retry...
19:57:59.432 [Thread-3] DEBUG io.netty.channel.DefaultChannelId - -Dio.netty.processId: 682661 (auto-detected)
19:57:59.435 [Thread-3] DEBUG io.netty.util.NetUtil - -Djava.net.preferIPv4Stack: false
19:57:59.435 [Thread-3] DEBUG io.netty.util.NetUtil - -Djava.net.preferIPv6Addresses: false
19:57:59.436 [Thread-3] DEBUG io.netty.util.NetUtilInitializations - Loopback interface: lo (lo, 0:0:0:0:0:0:0:1%lo)
19:57:59.437 [Thread-3] DEBUG io.netty.util.NetUtil - /proc/sys/net/core/somaxconn: 4096
19:57:59.438 [Thread-3] DEBUG io.netty.channel.DefaultChannelId - -Dio.netty.machineId: 00:15:5d:ff:fe:5d:d7:1d (auto-detected)
19:57:59.445 [Thread-1] DEBUG io.netty.util.ResourceLeakDetector - -Dio.netty.leakDetection.level: simple
19:57:59.445 [Thread-1] DEBUG io.netty.util.ResourceLeakDetector - -Dio.netty.leakDetection.targetRecords: 4
19:57:59.464 [Thread-7] DEBUG io.netty.buffer.PooledByteBufAllocator - -Dio.netty.allocator.numHeapArenas: 10
19:57:59.464 [Thread-7] DEBUG io.netty.buffer.PooledByteBufAllocator - -Dio.netty.allocator.numDirectArenas: 10
19:57:59.464 [Thread-7] DEBUG io.netty.buffer.PooledByteBufAllocator - -Dio.netty.allocator.pageSize: 8192
19:57:59.464 [Thread-7] DEBUG io.netty.buffer.PooledByteBufAllocator - -Dio.netty.allocator.maxOrder: 11
19:57:59.464 [Thread-7] DEBUG io.netty.buffer.PooledByteBufAllocator - -Dio.netty.allocator.chunkSize: 16777216
19:57:59.465 [Thread-7] DEBUG io.netty.buffer.PooledByteBufAllocator - -Dio.netty.allocator.smallCacheSize: 256
19:57:59.465 [Thread-7] DEBUG io.netty.buffer.PooledByteBufAllocator - -Dio.netty.allocator.normalCacheSize: 64
19:57:59.465 [Thread-7] DEBUG io.netty.buffer.PooledByteBufAllocator - -Dio.netty.allocator.maxCachedBufferCapacity: 32768
19:57:59.465 [Thread-7] DEBUG io.netty.buffer.PooledByteBufAllocator - -Dio.netty.allocator.cacheTrimInterval: 8192
19:57:59.465 [Thread-7] DEBUG io.netty.buffer.PooledByteBufAllocator - -Dio.netty.allocator.cacheTrimIntervalMillis: 0
19:57:59.465 [Thread-7] DEBUG io.netty.buffer.PooledByteBufAllocator - -Dio.netty.allocator.useCacheForAllThreads: true
19:57:59.465 [Thread-7] DEBUG io.netty.buffer.PooledByteBufAllocator - -Dio.netty.allocator.maxCachedByteBuffersPerChunk: 1023
19:57:59.472 [Thread-7] DEBUG io.netty.buffer.ByteBufUtil - -Dio.netty.allocator.type: pooled
19:57:59.472 [Thread-7] DEBUG io.netty.buffer.ByteBufUtil - -Dio.netty.threadLocalDirectBufferSize: 0
19:57:59.472 [Thread-7] DEBUG io.netty.buffer.ByteBufUtil - -Dio.netty.maxThreadLocalCharBufferSize: 16384
19:57:59.481 [Thread-6] WARN io.netty.bootstrap.ServerBootstrap - Unknown channel option 'SO_KEEPALIVE' for channel '[id: 0xd3f7de9d]'
19:57:59.481 [Thread-2] WARN io.netty.bootstrap.ServerBootstrap - Unknown channel option 'SO_KEEPALIVE' for channel '[id: 0x2e761648]'
19:57:59.481 [Thread-0] WARN io.netty.bootstrap.ServerBootstrap - Unknown channel option 'SO_KEEPALIVE' for channel '[id: 0xd03749dc]'
19:57:59.481 [Thread-2] WARN io.netty.bootstrap.ServerBootstrap - Unknown channel option 'TCP_NODELAY' for channel '[id: 0x2e761648]'
19:57:59.481 [Thread-3] WARN io.netty.bootstrap.ServerBootstrap - Unknown channel option 'SO_KEEPALIVE' for channel '[id: 0xc1f741c6]'
19:57:59.481 [Thread-2] WARN io.netty.bootstrap.ServerBootstrap - Unknown channel option 'SO_SNDBUF' for channel '[id: 0x2e761648]'
19:57:59.481 [Thread-1] WARN io.netty.bootstrap.ServerBootstrap - Unknown channel option 'SO_KEEPALIVE' for channel '[id: 0xd991c36b]'
19:57:59.481 [Thread-4] WARN io.netty.bootstrap.ServerBootstrap - Unknown channel option 'SO_KEEPALIVE' for channel '[id: 0x1a0b341c]'
19:57:59.481 [Thread-7] WARN io.netty.bootstrap.ServerBootstrap - Unknown channel option 'SO_KEEPALIVE' for channel '[id: 0xd930d52c]'
19:57:59.481 [Thread-4] WARN io.netty.bootstrap.ServerBootstrap - Unknown channel option 'TCP_NODELAY' for channel '[id: 0x1a0b341c]'
19:57:59.481 [Thread-5] WARN io.netty.bootstrap.ServerBootstrap - Unknown channel option 'SO_KEEPALIVE' for channel '[id: 0x9b4cc567]'
19:57:59.481 [Thread-6] WARN io.netty.bootstrap.ServerBootstrap - Unknown channel option 'TCP_NODELAY' for channel '[id: 0xd3f7de9d]'
19:57:59.481 [Thread-0] WARN io.netty.bootstrap.ServerBootstrap - Unknown channel option 'TCP_NODELAY' for channel '[id: 0xd03749dc]'
19:57:59.482 [Thread-6] WARN io.netty.bootstrap.ServerBootstrap - Unknown channel option 'SO_SNDBUF' for channel '[id: 0xd3f7de9d]'
19:57:59.481 [Thread-3] WARN io.netty.bootstrap.ServerBootstrap - Unknown channel option 'TCP_NODELAY' for channel '[id: 0xc1f741c6]'
19:57:59.481 [Thread-1] WARN io.netty.bootstrap.ServerBootstrap - Unknown channel option 'TCP_NODELAY' for channel '[id: 0xd991c36b]'
19:57:59.482 [Thread-4] WARN io.netty.bootstrap.ServerBootstrap - Unknown channel option 'SO_SNDBUF' for channel '[id: 0x1a0b341c]'
19:57:59.482 [Thread-7] WARN io.netty.bootstrap.ServerBootstrap - Unknown channel option 'TCP_NODELAY' for channel '[id: 0xd930d52c]'
19:57:59.482 [Thread-5] WARN io.netty.bootstrap.ServerBootstrap - Unknown channel option 'TCP_NODELAY' for channel '[id: 0x9b4cc567]'
19:57:59.482 [Thread-7] WARN io.netty.bootstrap.ServerBootstrap - Unknown channel option 'SO_SNDBUF' for channel '[id: 0xd930d52c]'
19:57:59.482 [Thread-5] WARN io.netty.bootstrap.ServerBootstrap - Unknown channel option 'SO_SNDBUF' for channel '[id: 0x9b4cc567]'
19:57:59.482 [Thread-0] WARN io.netty.bootstrap.ServerBootstrap - Unknown channel option 'SO_SNDBUF' for channel '[id: 0xd03749dc]'
19:57:59.482 [Thread-3] WARN io.netty.bootstrap.ServerBootstrap - Unknown channel option 'SO_SNDBUF' for channel '[id: 0xc1f741c6]'
19:57:59.482 [Thread-1] WARN io.netty.bootstrap.ServerBootstrap - Unknown channel option 'SO_SNDBUF' for channel '[id: 0xd991c36b]'
19:57:59.507 [Thread-3] INFO bftsmart.communication.client.netty.NettyClientServerCommunicationSystemServerSide - ID = 3
19:57:59.507 [Thread-0] INFO bftsmart.communication.client.netty.NettyClientServerCommunicationSystemServerSide - ID = 0
19:57:59.507 [Thread-6] INFO bftsmart.communication.client.netty.NettyClientServerCommunicationSystemServerSide - ID = 6
19:57:59.507 [Thread-5] INFO bftsmart.communication.client.netty.NettyClientServerCommunicationSystemServerSide - ID = 5
19:57:59.508 [Thread-3] INFO bftsmart.communication.client.netty.NettyClientServerCommunicationSystemServerSide - N = 8
19:57:59.508 [Thread-1] INFO bftsmart.communication.client.netty.NettyClientServerCommunicationSystemServerSide - ID = 1
19:57:59.508 [Thread-3] INFO bftsmart.communication.client.netty.NettyClientServerCommunicationSystemServerSide - F = 2
19:57:59.508 [Thread-7] INFO bftsmart.communication.client.netty.NettyClientServerCommunicationSystemServerSide - ID = 7
19:57:59.508 [Thread-6] INFO bftsmart.communication.client.netty.NettyClientServerCommunicationSystemServerSide - N = 8
19:57:59.508 [Thread-1] INFO bftsmart.communication.client.netty.NettyClientServerCommunicationSystemServerSide - N = 8
19:57:59.508 [Thread-6] INFO bftsmart.communication.client.netty.NettyClientServerCommunicationSystemServerSide - F = 2
19:57:59.508 [Thread-1] INFO bftsmart.communication.client.netty.NettyClientServerCommunicationSystemServerSide - F = 2
19:57:59.508 [Thread-1] INFO bftsmart.communication.client.netty.NettyClientServerCommunicationSystemServerSide - Port (client <-> server) = 11010
19:57:59.508 [Thread-5] INFO bftsmart.communication.client.netty.NettyClientServerCommunicationSystemServerSide - N = 8
19:57:59.508 [Thread-0] INFO bftsmart.communication.client.netty.NettyClientServerCommunicationSystemServerSide - N = 8
19:57:59.508 [Thread-4] INFO bftsmart.communication.client.netty.NettyClientServerCommunicationSystemServerSide - ID = 4
19:57:59.508 [Thread-4] INFO bftsmart.communication.client.netty.NettyClientServerCommunicationSystemServerSide - N = 8
19:57:59.508 [Thread-2] INFO bftsmart.communication.client.netty.NettyClientServerCommunicationSystemServerSide - ID = 2
19:57:59.508 [Thread-2] INFO bftsmart.communication.client.netty.NettyClientServerCommunicationSystemServerSide - N = 8
19:57:59.508 [Thread-3] INFO bftsmart.communication.client.netty.NettyClientServerCommunicationSystemServerSide - Port (client <-> server) = 11030
19:57:59.508 [Thread-3] INFO bftsmart.communication.client.netty.NettyClientServerCommunicationSystemServerSide - Port (server <-> server) = 11031
19:57:59.508 [Thread-7] INFO bftsmart.communication.client.netty.NettyClientServerCommunicationSystemServerSide - N = 8
19:57:59.508 [Thread-1] INFO bftsmart.communication.client.netty.NettyClientServerCommunicationSystemServerSide - Port (server <-> server) = 11011
19:57:59.508 [Thread-6] INFO bftsmart.communication.client.netty.NettyClientServerCommunicationSystemServerSide - Port (client <-> server) = 11060
19:57:59.508 [Thread-6] INFO bftsmart.communication.client.netty.NettyClientServerCommunicationSystemServerSide - Port (server <-> server) = 11061
19:57:59.508 [Thread-5] INFO bftsmart.communication.client.netty.NettyClientServerCommunicationSystemServerSide - F = 2
19:57:59.508 [Thread-5] INFO bftsmart.communication.client.netty.NettyClientServerCommunicationSystemServerSide - Port (client <-> server) = 11050
19:57:59.508 [Thread-5] INFO bftsmart.communication.client.netty.NettyClientServerCommunicationSystemServerSide - Port (server <-> server) = 11051
19:57:59.508 [Thread-0] INFO bftsmart.communication.client.netty.NettyClientServerCommunicationSystemServerSide - F = 2
19:57:59.509 [Thread-5] INFO bftsmart.communication.client.netty.NettyClientServerCommunicationSystemServerSide - requestTimeout = 100000
19:57:59.509 [Thread-5] INFO bftsmart.communication.client.netty.NettyClientServerCommunicationSystemServerSide - maxBatch = 8
19:57:59.508 [Thread-4] INFO bftsmart.communication.client.netty.NettyClientServerCommunicationSystemServerSide - F = 2
19:57:59.508 [Thread-2] INFO bftsmart.communication.client.netty.NettyClientServerCommunicationSystemServerSide - F = 2
19:57:59.508 [Thread-3] INFO bftsmart.communication.client.netty.NettyClientServerCommunicationSystemServerSide - requestTimeout = 100000
19:57:59.508 [Thread-7] INFO bftsmart.communication.client.netty.NettyClientServerCommunicationSystemServerSide - F = 2
19:57:59.508 [Thread-1] INFO bftsmart.communication.client.netty.NettyClientServerCommunicationSystemServerSide - requestTimeout = 100000
19:57:59.508 [Thread-6] INFO bftsmart.communication.client.netty.NettyClientServerCommunicationSystemServerSide - requestTimeout = 100000
19:57:59.509 [Thread-0] INFO bftsmart.communication.client.netty.NettyClientServerCommunicationSystemServerSide - Port (client <-> server) = 11000
19:57:59.509 [Thread-0] INFO bftsmart.communication.client.netty.NettyClientServerCommunicationSystemServerSide - Port (server <-> server) = 11001
19:57:59.509 [Thread-5] INFO bftsmart.communication.client.netty.NettyClientServerCommunicationSystemServerSide - Binded replica to IP address 127.0.0.1
19:57:59.509 [Thread-4] INFO bftsmart.communication.client.netty.NettyClientServerCommunicationSystemServerSide - Port (client <-> server) = 11040
19:57:59.509 [Thread-4] INFO bftsmart.communication.client.netty.NettyClientServerCommunicationSystemServerSide - Port (server <-> server) = 11041
19:57:59.509 [Thread-2] INFO bftsmart.communication.client.netty.NettyClientServerCommunicationSystemServerSide - Port (client <-> server) = 11020
19:57:59.509 [Thread-2] INFO bftsmart.communication.client.netty.NettyClientServerCommunicationSystemServerSide - Port (server <-> server) = 11021
19:57:59.509 [Thread-2] INFO bftsmart.communication.client.netty.NettyClientServerCommunicationSystemServerSide - requestTimeout = 100000
19:57:59.509 [Thread-3] INFO bftsmart.communication.client.netty.NettyClientServerCommunicationSystemServerSide - maxBatch = 8
19:57:59.509 [Thread-3] INFO bftsmart.communication.client.netty.NettyClientServerCommunicationSystemServerSide - Binded replica to IP address 127.0.0.1
19:57:59.509 [Thread-7] INFO bftsmart.communication.client.netty.NettyClientServerCommunicationSystemServerSide - Port (client <-> server) = 11070
19:57:59.509 [Thread-1] INFO bftsmart.communication.client.netty.NettyClientServerCommunicationSystemServerSide - maxBatch = 8
19:57:59.509 [Thread-7] INFO bftsmart.communication.client.netty.NettyClientServerCommunicationSystemServerSide - Port (server <-> server) = 11071
19:57:59.509 [Thread-7] INFO bftsmart.communication.client.netty.NettyClientServerCommunicationSystemServerSide - requestTimeout = 100000
19:57:59.509 [Thread-6] INFO bftsmart.communication.client.netty.NettyClientServerCommunicationSystemServerSide - maxBatch = 8
19:57:59.510 [Thread-7] INFO bftsmart.communication.client.netty.NettyClientServerCommunicationSystemServerSide - maxBatch = 8
19:57:59.509 [Thread-0] INFO bftsmart.communication.client.netty.NettyClientServerCommunicationSystemServerSide - requestTimeout = 100000
19:57:59.510 [Thread-0] INFO bftsmart.communication.client.netty.NettyClientServerCommunicationSystemServerSide - maxBatch = 8
19:57:59.510 [Thread-0] INFO bftsmart.communication.client.netty.NettyClientServerCommunicationSystemServerSide - Binded replica to IP address 127.0.0.1
19:57:59.510 [Thread-0] INFO bftsmart.communication.client.netty.NettyClientServerCommunicationSystemServerSide - Optimizations:  Read-only Requests: disabled
19:57:59.509 [Thread-5] INFO bftsmart.communication.client.netty.NettyClientServerCommunicationSystemServerSide - Optimizations:  Read-only Requests: disabled
19:57:59.510 [Thread-0] INFO bftsmart.communication.client.netty.NettyClientServerCommunicationSystemServerSide - SSL/TLS enabled, protocol version: TLSv1.2
19:57:59.510 [Thread-5] INFO bftsmart.communication.client.netty.NettyClientServerCommunicationSystemServerSide - SSL/TLS enabled, protocol version: TLSv1.2
19:57:59.510 [Thread-0] INFO bftsmart.tom.ServiceReplica - In current view: ID:0; F:2; Processes:0(/127.0.0.1:11000),1(/127.0.0.1:11010),2(/127.0.0.1:11020),3(/127.0.0.1:11030),4(/127.0.0.1:11040),5(/127.0.0.1:11050),6(/127.0.0.1:11060),7(/127.0.0.1:11070),
19:57:59.509 [Thread-4] INFO bftsmart.communication.client.netty.NettyClientServerCommunicationSystemServerSide - requestTimeout = 100000
19:57:59.510 [Thread-5] INFO bftsmart.tom.ServiceReplica - In current view: ID:0; F:2; Processes:0(/127.0.0.1:11000),1(/127.0.0.1:11010),2(/127.0.0.1:11020),3(/127.0.0.1:11030),4(/127.0.0.1:11040),5(/127.0.0.1:11050),6(/127.0.0.1:11060),7(/127.0.0.1:11070),
19:57:59.510 [Thread-4] INFO bftsmart.communication.client.netty.NettyClientServerCommunicationSystemServerSide - maxBatch = 8
19:57:59.510 [Thread-4] INFO bftsmart.communication.client.netty.NettyClientServerCommunicationSystemServerSide - Binded replica to IP address 127.0.0.1
19:57:59.509 [Thread-2] INFO bftsmart.communication.client.netty.NettyClientServerCommunicationSystemServerSide - maxBatch = 8
19:57:59.510 [Thread-2] INFO bftsmart.communication.client.netty.NettyClientServerCommunicationSystemServerSide - Binded replica to IP address 127.0.0.1
19:57:59.509 [Thread-3] INFO bftsmart.communication.client.netty.NettyClientServerCommunicationSystemServerSide - Optimizations:  Read-only Requests: disabled
19:57:59.510 [Thread-2] INFO bftsmart.communication.client.netty.NettyClientServerCommunicationSystemServerSide - Optimizations:  Read-only Requests: disabled
19:57:59.510 [Thread-2] INFO bftsmart.communication.client.netty.NettyClientServerCommunicationSystemServerSide - SSL/TLS enabled, protocol version: TLSv1.2
19:57:59.510 [Thread-1] INFO bftsmart.communication.client.netty.NettyClientServerCommunicationSystemServerSide - Binded replica to IP address 127.0.0.1
19:57:59.510 [Thread-3] INFO bftsmart.communication.client.netty.NettyClientServerCommunicationSystemServerSide - SSL/TLS enabled, protocol version: TLSv1.2
19:57:59.510 [Thread-2] INFO bftsmart.tom.ServiceReplica - In current view: ID:0; F:2; Processes:0(/127.0.0.1:11000),1(/127.0.0.1:11010),2(/127.0.0.1:11020),3(/127.0.0.1:11030),4(/127.0.0.1:11040),5(/127.0.0.1:11050),6(/127.0.0.1:11060),7(/127.0.0.1:11070),
19:57:59.510 [Thread-1] INFO bftsmart.communication.client.netty.NettyClientServerCommunicationSystemServerSide - Optimizations:  Read-only Requests: disabled
19:57:59.510 [Thread-7] INFO bftsmart.communication.client.netty.NettyClientServerCommunicationSystemServerSide - Binded replica to IP address 127.0.0.1
19:57:59.510 [Thread-1] INFO bftsmart.communication.client.netty.NettyClientServerCommunicationSystemServerSide - SSL/TLS enabled, protocol version: TLSv1.2
19:57:59.510 [Thread-7] INFO bftsmart.communication.client.netty.NettyClientServerCommunicationSystemServerSide - Optimizations:  Read-only Requests: disabled
19:57:59.510 [Thread-6] INFO bftsmart.communication.client.netty.NettyClientServerCommunicationSystemServerSide - Binded replica to IP address 127.0.0.1
19:57:59.510 [Thread-7] INFO bftsmart.communication.client.netty.NettyClientServerCommunicationSystemServerSide - SSL/TLS enabled, protocol version: TLSv1.2
19:57:59.510 [Thread-1] INFO bftsmart.tom.ServiceReplica - In current view: ID:0; F:2; Processes:0(/127.0.0.1:11000),1(/127.0.0.1:11010),2(/127.0.0.1:11020),3(/127.0.0.1:11030),4(/127.0.0.1:11040),5(/127.0.0.1:11050),6(/127.0.0.1:11060),7(/127.0.0.1:11070),
19:57:59.510 [Thread-4] INFO bftsmart.communication.client.netty.NettyClientServerCommunicationSystemServerSide - Optimizations:  Read-only Requests: disabled
19:57:59.510 [Thread-3] INFO bftsmart.tom.ServiceReplica - In current view: ID:0; F:2; Processes:0(/127.0.0.1:11000),1(/127.0.0.1:11010),2(/127.0.0.1:11020),3(/127.0.0.1:11030),4(/127.0.0.1:11040),5(/127.0.0.1:11050),6(/127.0.0.1:11060),7(/127.0.0.1:11070),
19:57:59.510 [Thread-4] INFO bftsmart.communication.client.netty.NettyClientServerCommunicationSystemServerSide - SSL/TLS enabled, protocol version: TLSv1.2
19:57:59.510 [Thread-4] INFO bftsmart.tom.ServiceReplica - In current view: ID:0; F:2; Processes:0(/127.0.0.1:11000),1(/127.0.0.1:11010),2(/127.0.0.1:11020),3(/127.0.0.1:11030),4(/127.0.0.1:11040),5(/127.0.0.1:11050),6(/127.0.0.1:11060),7(/127.0.0.1:11070),
19:57:59.510 [Thread-6] INFO bftsmart.communication.client.netty.NettyClientServerCommunicationSystemServerSide - Optimizations:  Read-only Requests: disabled
19:57:59.510 [Thread-7] INFO bftsmart.tom.ServiceReplica - In current view: ID:0; F:2; Processes:0(/127.0.0.1:11000),1(/127.0.0.1:11010),2(/127.0.0.1:11020),3(/127.0.0.1:11030),4(/127.0.0.1:11040),5(/127.0.0.1:11050),6(/127.0.0.1:11060),7(/127.0.0.1:11070),
19:57:59.510 [Thread-6] INFO bftsmart.communication.client.netty.NettyClientServerCommunicationSystemServerSide - SSL/TLS enabled, protocol version: TLSv1.2
19:57:59.510 [Thread-6] INFO bftsmart.tom.ServiceReplica - In current view: ID:0; F:2; Processes:0(/127.0.0.1:11000),1(/127.0.0.1:11010),2(/127.0.0.1:11020),3(/127.0.0.1:11030),4(/127.0.0.1:11040),5(/127.0.0.1:11050),6(/127.0.0.1:11060),7(/127.0.0.1:11070),
[V2VProxy 0] *** STOPPING at intersection! ***
[V2VProxy 0] Distance=37.4398m, t=2.8
[V2VProxy 0] triggerJoinViaJNI() called at t=2.8
[V2VProxy 0] Barrier: 8/8 runners ready
[V2VProxy 0] FAILED: Server Status = 'Initializing' (expected 'READY') at t=2.8
[V2VProxy 0] Failed to trigger JOIN, will retry...
[V2VProxy 1] *** STOPPING at intersection! ***
[V2VProxy 1] Distance=26.1164m, t=2.8
[V2VProxy 1] triggerJoinViaJNI() called at t=2.8
[V2VProxy 1] FAILED: Server Status = 'Initializing' (expected 'READY') at t=2.8
[V2VProxy 1] Failed to trigger JOIN, will retry...
[V2VProxy 2] *** STOPPING at intersection! ***
[V2VProxy 2] Distance=33.8711m, t=2.8
[V2VProxy 2] triggerJoinViaJNI() called at t=2.8
[V2VProxy 2] FAILED: Server Status = 'Initializing' (expected 'READY') at t=2.8
[V2VProxy 2] Failed to trigger JOIN, will retry...
[V2VProxy 3] *** STOPPING at intersection! ***
[V2VProxy 3] Distance=43.5489m, t=2.8
[V2VProxy 3] triggerJoinViaJNI() called at t=2.8
[V2VProxy 3] FAILED: Server Status = 'Initializing' (expected 'READY') at t=2.8
[V2VProxy 3] Failed to trigger JOIN, will retry...
[V2VProxy 4] *** STOPPING at intersection! ***
[V2VProxy 4] Distance=40.7771m, t=2.8
[V2VProxy 4] triggerJoinViaJNI() called at t=2.8
[V2VProxy 4] FAILED: Server Status = 'Initializing' (expected 'READY') at t=2.8
[V2VProxy 4] Failed to trigger JOIN, will retry...
[V2VProxy 5] *** STOPPING at intersection! ***
[V2VProxy 5] Distance=49.198m, t=2.8
[V2VProxy 5] triggerJoinViaJNI() called at t=2.8
[V2VProxy 5] FAILED: Server Status = 'Initializing' (expected 'READY') at t=2.8
[V2VProxy 5] Failed to trigger JOIN, will retry...
[V2VProxy 6] *** STOPPING at intersection! ***
[V2VProxy 6] Distance=31.3752m, t=2.8
[V2VProxy 6] triggerJoinViaJNI() called at t=2.8
[V2VProxy 6] FAILED: Server Status = 'Initializing' (expected 'READY') at t=2.8
[V2VProxy 6] Failed to trigger JOIN, will retry...
[V2VProxy 7] *** STOPPING at intersection! ***
[V2VProxy 7] Distance=26.7947m, t=2.8
[V2VProxy 7] triggerJoinViaJNI() called at t=2.8
[V2VProxy 7] FAILED: Server Status = 'Initializing' (expected 'READY') at t=2.8
[V2VProxy 7] Failed to trigger JOIN, will retry...
19:57:59.535 [Delivery Thread] WARN bftsmart.tom.core.DeliveryThread - ***********************************************************
19:57:59.536 [Delivery Thread] WARN bftsmart.tom.core.DeliveryThread - V2V MODE: Skipping state retrieval (fresh start assumed)
19:57:59.536 [Delivery Thread] WARN bftsmart.tom.core.DeliveryThread - State sync would fail due to V2V collisions during init
19:57:59.536 [Delivery Thread] WARN bftsmart.tom.core.DeliveryThread - ***********************************************************
19:57:59.536 [Delivery Thread] INFO bftsmart.tom.core.DeliveryThread - 
		###################################
		    Ready to process operations    
		###################################
19:57:59.536 [Delivery Thread] WARN bftsmart.tom.core.DeliveryThread - ***********************************************************
19:57:59.536 [Delivery Thread] WARN bftsmart.tom.core.DeliveryThread - V2V MODE: Skipping state retrieval (fresh start assumed)
19:57:59.536 [Delivery Thread] WARN bftsmart.tom.core.DeliveryThread - State sync would fail due to V2V collisions during init
19:57:59.536 [Delivery Thread] WARN bftsmart.tom.core.DeliveryThread - ***********************************************************
19:57:59.536 [Delivery Thread] INFO bftsmart.tom.core.DeliveryThread - 
		###################################
		    Ready to process operations    
		###################################
19:57:59.536 [Delivery Thread] WARN bftsmart.tom.core.DeliveryThread - ***********************************************************
19:57:59.536 [Delivery Thread] WARN bftsmart.tom.core.DeliveryThread - V2V MODE: Skipping state retrieval (fresh start assumed)
19:57:59.536 [Delivery Thread] WARN bftsmart.tom.core.DeliveryThread - State sync would fail due to V2V collisions during init
19:57:59.537 [Delivery Thread] WARN bftsmart.tom.core.DeliveryThread - ***********************************************************
19:57:59.537 [Delivery Thread] INFO bftsmart.tom.core.DeliveryThread - 
		###################################
		    Ready to process operations    
		###################################
19:57:59.537 [Delivery Thread] WARN bftsmart.tom.core.DeliveryThread - ***********************************************************
19:57:59.537 [Delivery Thread] WARN bftsmart.tom.core.DeliveryThread - V2V MODE: Skipping state retrieval (fresh start assumed)
19:57:59.537 [Delivery Thread] WARN bftsmart.tom.core.DeliveryThread - State sync would fail due to V2V collisions during init
19:57:59.537 [Delivery Thread] WARN bftsmart.tom.core.DeliveryThread - ***********************************************************
19:57:59.537 [Delivery Thread] INFO bftsmart.tom.core.DeliveryThread - 
		###################################
		    Ready to process operations    
		###################################
19:57:59.537 [Delivery Thread] WARN bftsmart.tom.core.DeliveryThread - ***********************************************************
19:57:59.537 [Delivery Thread] WARN bftsmart.tom.core.DeliveryThread - V2V MODE: Skipping state retrieval (fresh start assumed)
19:57:59.537 [Delivery Thread] WARN bftsmart.tom.core.DeliveryThread - State sync would fail due to V2V collisions during init
19:57:59.537 [Delivery Thread] WARN bftsmart.tom.core.DeliveryThread - ***********************************************************
19:57:59.537 [Delivery Thread] INFO bftsmart.tom.core.DeliveryThread - 
		###################################
		    Ready to process operations    
		###################################
19:57:59.537 [Delivery Thread] WARN bftsmart.tom.core.DeliveryThread - ***********************************************************
19:57:59.537 [Delivery Thread] WARN bftsmart.tom.core.DeliveryThread - V2V MODE: Skipping state retrieval (fresh start assumed)
19:57:59.537 [Delivery Thread] WARN bftsmart.tom.core.DeliveryThread - State sync would fail due to V2V collisions during init
19:57:59.537 [Delivery Thread] WARN bftsmart.tom.core.DeliveryThread - ***********************************************************
19:57:59.537 [Delivery Thread] INFO bftsmart.tom.core.DeliveryThread - 
		###################################
		    Ready to process operations    
		###################################
19:57:59.538 [Delivery Thread] WARN bftsmart.tom.core.DeliveryThread - ***********************************************************
19:57:59.538 [Delivery Thread] WARN bftsmart.tom.core.DeliveryThread - V2V MODE: Skipping state retrieval (fresh start assumed)
19:57:59.538 [Delivery Thread] WARN bftsmart.tom.core.DeliveryThread - State sync would fail due to V2V collisions during init
19:57:59.538 [Delivery Thread] WARN bftsmart.tom.core.DeliveryThread - ***********************************************************
19:57:59.538 [Delivery Thread] INFO bftsmart.tom.core.DeliveryThread - 
		###################################
		    Ready to process operations    
		###################################
19:57:59.539 [Delivery Thread] WARN bftsmart.tom.core.DeliveryThread - ***********************************************************
19:57:59.539 [Delivery Thread] WARN bftsmart.tom.core.DeliveryThread - V2V MODE: Skipping state retrieval (fresh start assumed)
19:57:59.539 [Delivery Thread] WARN bftsmart.tom.core.DeliveryThread - State sync would fail due to V2V collisions during init
19:57:59.539 [Delivery Thread] WARN bftsmart.tom.core.DeliveryThread - ***********************************************************
19:57:59.539 [Delivery Thread] INFO bftsmart.tom.core.DeliveryThread - 
		###################################
		    Ready to process operations    
		###################################
19:57:59.543 [TOM Layer] DEBUG bftsmart.tom.core.TOMLayer - Running.
19:57:59.543 [TOM Layer] DEBUG bftsmart.tom.core.TOMLayer - Next leader for CID=0: 0
19:57:59.543 [TOM Layer] DEBUG bftsmart.tom.core.TOMLayer - Running.
19:57:59.543 [TOM Layer] DEBUG bftsmart.tom.core.TOMLayer - Next leader for CID=0: 0
19:57:59.543 [TOM Layer] DEBUG bftsmart.tom.core.TOMLayer - Running.
19:57:59.543 [TOM Layer] DEBUG bftsmart.tom.core.TOMLayer - Next leader for CID=0: 0
19:57:59.543 [TOM Layer] DEBUG bftsmart.tom.core.TOMLayer - Running.
19:57:59.543 [TOM Layer] DEBUG bftsmart.tom.core.TOMLayer - Next leader for CID=0: 0
19:57:59.544 [TOM Layer] DEBUG bftsmart.tom.core.TOMLayer - Running.
19:57:59.544 [TOM Layer] DEBUG bftsmart.tom.core.TOMLayer - Next leader for CID=0: 0
19:57:59.544 [TOM Layer] DEBUG bftsmart.tom.core.TOMLayer - Running.
19:57:59.544 [TOM Layer] DEBUG bftsmart.tom.core.TOMLayer - Next leader for CID=0: 0
19:57:59.544 [TOM Layer] DEBUG bftsmart.tom.core.TOMLayer - I'm the leader.
19:57:59.544 [TOM Layer] DEBUG bftsmart.tom.core.TOMLayer - Waiting for enough requests
19:57:59.544 [TOM Layer] DEBUG bftsmart.tom.core.TOMLayer - Running.
19:57:59.544 [TOM Layer] DEBUG bftsmart.tom.core.TOMLayer - Next leader for CID=0: 0
19:57:59.546 [TOM Layer] DEBUG bftsmart.tom.core.TOMLayer - Running.
19:57:59.546 [TOM Layer] DEBUG bftsmart.tom.core.TOMLayer - Next leader for CID=0: 0
[STATE] Snapshot taken. Buffer size: 0, Batch processed: false
[STATE] Snapshot taken. Buffer size: 0, Batch processed: false
[STATE] Snapshot taken. Buffer size: 0, Batch processed: false
[STATE] Snapshot taken. Buffer size: 0, Batch processed: false
[STATE] Snapshot taken. Buffer size: 0, Batch processed: false
19:57:59.564 [Thread-3] WARN bftsmart.statemanagement.standard.StandardStateManager - ***********************************************************
19:57:59.564 [Thread-5] WARN bftsmart.statemanagement.standard.StandardStateManager - ***********************************************************
19:57:59.564 [Thread-3] WARN bftsmart.statemanagement.standard.StandardStateManager - V2V MODE: Skipping initial CID sync (fresh start assumed)
19:57:59.564 [Thread-4] WARN bftsmart.statemanagement.standard.StandardStateManager - ***********************************************************
19:57:59.564 [Thread-4] WARN bftsmart.statemanagement.standard.StandardStateManager - V2V MODE: Skipping initial CID sync (fresh start assumed)
19:57:59.564 [Thread-0] WARN bftsmart.statemanagement.standard.StandardStateManager - ***********************************************************
19:57:59.564 [Thread-4] WARN bftsmart.statemanagement.standard.StandardStateManager - V2V collisions prevent reliable quorum during init
19:57:59.564 [Thread-4] WARN bftsmart.statemanagement.standard.StandardStateManager - ***********************************************************
19:57:59.564 [Thread-0] WARN bftsmart.statemanagement.standard.StandardStateManager - V2V MODE: Skipping initial CID sync (fresh start assumed)
19:57:59.564 [Thread-2] WARN bftsmart.statemanagement.standard.StandardStateManager - ***********************************************************
19:57:59.564 [Thread-0] WARN bftsmart.statemanagement.standard.StandardStateManager - V2V collisions prevent reliable quorum during init
19:57:59.564 [Thread-0] WARN bftsmart.statemanagement.standard.StandardStateManager - ***********************************************************
19:57:59.564 [Thread-2] WARN bftsmart.statemanagement.standard.StandardStateManager - V2V MODE: Skipping initial CID sync (fresh start assumed)
19:57:59.564 [Thread-3] WARN bftsmart.statemanagement.standard.StandardStateManager - V2V collisions prevent reliable quorum during init
19:57:59.564 [Thread-3] WARN bftsmart.statemanagement.standard.StandardStateManager - ***********************************************************
19:57:59.564 [Thread-5] WARN bftsmart.statemanagement.standard.StandardStateManager - V2V MODE: Skipping initial CID sync (fresh start assumed)
19:57:59.564 [Delivery Thread] DEBUG bftsmart.tom.core.DeliveryThread - Current size of the decided queue: 0
19:57:59.564 [Delivery Thread] DEBUG bftsmart.tom.core.DeliveryThread - Current size of the decided queue: 0
19:57:59.564 [Thread-2] WARN bftsmart.statemanagement.standard.StandardStateManager - V2V collisions prevent reliable quorum during init
19:57:59.564 [Delivery Thread] DEBUG bftsmart.tom.core.DeliveryThread - Current size of the decided queue: 0
19:57:59.564 [Thread-5] WARN bftsmart.statemanagement.standard.StandardStateManager - V2V collisions prevent reliable quorum during init
19:57:59.564 [Thread-2] WARN bftsmart.statemanagement.standard.StandardStateManager - ***********************************************************
19:57:59.564 [Thread-0] DEBUG bftsmart.tom.core.TOMLayer - Setting last exec to -1
19:57:59.564 [Thread-3] DEBUG bftsmart.tom.core.TOMLayer - Setting last exec to -1
19:57:59.564 [Thread-4] DEBUG bftsmart.tom.core.TOMLayer - Setting last exec to -1
[Server 3] DEBUG: *** ServiceReplica constructor returned! ***
[Server 0] DEBUG: *** ServiceReplica constructor returned! ***
[Server 3] DEBUG: Replica object = bftsmart.tom.ServiceReplica@26c46142
19:57:59.564 [Delivery Thread] DEBUG bftsmart.tom.core.DeliveryThread - Current size of the decided queue: 0
[Server 4] DEBUG: *** ServiceReplica constructor returned! ***
[Server 4] DEBUG: Replica object = bftsmart.tom.ServiceReplica@28ea423e
[Server 4] DEBUG: *** ServiceReplica constructor RETURNED! ***
[Server 4] DEBUG: About to register in readyServers map...
[Server 0] DEBUG: Replica object = bftsmart.tom.ServiceReplica@65741510
[IntersectionServer 4] ========================================
19:57:59.565 [Thread-2] DEBUG bftsmart.tom.core.TOMLayer - Setting last exec to -1
[IntersectionServer 4] *** REGISTERED as Ready! ***
[Server 3] DEBUG: *** ServiceReplica constructor RETURNED! ***
[STATE] Snapshot taken. Buffer size: 0, Batch processed: false
[IntersectionServer 4] *** Waiting for OMNeT++ trigger. ***
19:57:59.565 [Thread-6] WARN bftsmart.statemanagement.standard.StandardStateManager - ***********************************************************
[IntersectionServer 4] ========================================
[Server 2] DEBUG: *** ServiceReplica constructor returned! ***
[ServerRunner 4] TCP server ready (1/8 TCP servers ready)
[Server 2] DEBUG: Replica object = bftsmart.tom.ServiceReplica@76e12966
[Server 2] DEBUG: *** ServiceReplica constructor RETURNED! ***
[Server 2] DEBUG: About to register in readyServers map...
19:57:59.564 [Thread-5] WARN bftsmart.statemanagement.standard.StandardStateManager - ***********************************************************
[Server 0] DEBUG: *** ServiceReplica constructor RETURNED! ***
[Server 0] DEBUG: About to register in readyServers map...
[IntersectionServer 0] ========================================
[IntersectionServer 0] *** REGISTERED as Ready! ***
[IntersectionServer 0] *** Waiting for OMNeT++ trigger. ***
[IntersectionServer 0] ========================================
[ServerRunner 0] TCP server ready (2/8 TCP servers ready)
[IntersectionServer 2] ========================================
[IntersectionServer 2] *** REGISTERED as Ready! ***
[IntersectionServer 2] *** Waiting for OMNeT++ trigger. ***
[IntersectionServer 2] ========================================
[Server 3] DEBUG: About to register in readyServers map...
[IntersectionServer 3] ========================================
[ServerRunner 2] TCP server ready (3/8 TCP servers ready)
19:57:59.565 [Thread-6] WARN bftsmart.statemanagement.standard.StandardStateManager - V2V MODE: Skipping initial CID sync (fresh start assumed)
[IntersectionServer 3] *** REGISTERED as Ready! ***
19:57:59.565 [Thread-6] WARN bftsmart.statemanagement.standard.StandardStateManager - V2V collisions prevent reliable quorum during init
[IntersectionServer 3] *** Waiting for OMNeT++ trigger. ***
[IntersectionServer 3] ========================================
[ServerRunner 3] TCP server ready (4/8 TCP servers ready)
19:57:59.565 [Delivery Thread] DEBUG bftsmart.tom.core.DeliveryThread - Current size of the decided queue: 0
19:57:59.566 [Thread-6] WARN bftsmart.statemanagement.standard.StandardStateManager - ***********************************************************
19:57:59.566 [Thread-5] DEBUG bftsmart.tom.core.TOMLayer - Setting last exec to -1
19:57:59.566 [Delivery Thread] DEBUG bftsmart.tom.core.DeliveryThread - Current size of the decided queue: 0
[Server 5] DEBUG: *** ServiceReplica constructor returned! ***
[Server 5] DEBUG: Replica object = bftsmart.tom.ServiceReplica@326c7587
[Server 5] DEBUG: *** ServiceReplica constructor RETURNED! ***
[Server 5] DEBUG: About to register in readyServers map...
[IntersectionServer 5] ========================================
[IntersectionServer 5] *** REGISTERED as Ready! ***
[IntersectionServer 5] *** Waiting for OMNeT++ trigger. ***
[IntersectionServer 5] ========================================
[ServerRunner 5] TCP server ready (5/8 TCP servers ready)
19:57:59.566 [Thread-6] DEBUG bftsmart.tom.core.TOMLayer - Setting last exec to -1
[Server 6] DEBUG: *** ServiceReplica constructor returned! ***
[Server 6] DEBUG: Replica object = bftsmart.tom.ServiceReplica@2d0d1928
[Server 6] DEBUG: *** ServiceReplica constructor RETURNED! ***
[Server 6] DEBUG: About to register in readyServers map...
[IntersectionServer 6] ========================================
[IntersectionServer 6] *** REGISTERED as Ready! ***
[IntersectionServer 6] *** Waiting for OMNeT++ trigger. ***
[IntersectionServer 6] ========================================
[ServerRunner 6] TCP server ready (6/8 TCP servers ready)
[STATE] Snapshot taken. Buffer size: 0, Batch processed: false
19:57:59.566 [Thread-1] WARN bftsmart.statemanagement.standard.StandardStateManager - ***********************************************************
19:57:59.566 [Thread-1] WARN bftsmart.statemanagement.standard.StandardStateManager - V2V MODE: Skipping initial CID sync (fresh start assumed)
19:57:59.566 [Thread-1] WARN bftsmart.statemanagement.standard.StandardStateManager - V2V collisions prevent reliable quorum during init
19:57:59.567 [Thread-1] WARN bftsmart.statemanagement.standard.StandardStateManager - ***********************************************************
19:57:59.567 [Delivery Thread] DEBUG bftsmart.tom.core.DeliveryThread - Current size of the decided queue: 0
19:57:59.567 [Thread-1] DEBUG bftsmart.tom.core.TOMLayer - Setting last exec to -1
[Server 1] DEBUG: *** ServiceReplica constructor returned! ***
[Server 1] DEBUG: Replica object = bftsmart.tom.ServiceReplica@34967939
[Server 1] DEBUG: *** ServiceReplica constructor RETURNED! ***
[Server 1] DEBUG: About to register in readyServers map...
[IntersectionServer 1] ========================================
[IntersectionServer 1] *** REGISTERED as Ready! ***
[IntersectionServer 1] *** Waiting for OMNeT++ trigger. ***
[IntersectionServer 1] ========================================
[ServerRunner 1] TCP server ready (7/8 TCP servers ready)
[STATE] Snapshot taken. Buffer size: 0, Batch processed: false
19:57:59.568 [Thread-7] WARN bftsmart.statemanagement.standard.StandardStateManager - ***********************************************************
19:57:59.568 [Thread-7] WARN bftsmart.statemanagement.standard.StandardStateManager - V2V MODE: Skipping initial CID sync (fresh start assumed)
19:57:59.568 [Thread-7] WARN bftsmart.statemanagement.standard.StandardStateManager - V2V collisions prevent reliable quorum during init
19:57:59.568 [Thread-7] WARN bftsmart.statemanagement.standard.StandardStateManager - ***********************************************************
19:57:59.568 [Delivery Thread] DEBUG bftsmart.tom.core.DeliveryThread - Current size of the decided queue: 0
19:57:59.568 [Thread-7] DEBUG bftsmart.tom.core.TOMLayer - Setting last exec to -1
[Server 7] DEBUG: *** ServiceReplica constructor returned! ***
[Server 7] DEBUG: Replica object = bftsmart.tom.ServiceReplica@74d64eb4
[Server 7] DEBUG: *** ServiceReplica constructor RETURNED! ***
[Server 7] DEBUG: About to register in readyServers map...
[IntersectionServer 7] ========================================
[IntersectionServer 7] *** REGISTERED as Ready! ***
[IntersectionServer 7] *** Waiting for OMNeT++ trigger. ***
[IntersectionServer 7] ========================================
[ServerRunner 7] TCP server ready (8/8 TCP servers ready)
[ServerRunner 7] All 8 TCP servers confirmed ready!
[ServerRunner 7] ========================================
[ServerRunner 7] *** REPLICA IS NOW READY ***
[ServerRunner 7] *** Time: 1769572679568 ms
[ServerRunner 7] ========================================
[ServerRunner 4] All 8 TCP servers confirmed ready!
[ServerRunner 4] ========================================
[ServerRunner 4] *** REPLICA IS NOW READY ***
[ServerRunner 0] All 8 TCP servers confirmed ready!
[ServerRunner 0] ========================================
[ServerRunner 0] *** REPLICA IS NOW READY ***
[ServerRunner 0] *** Time: 1769572679569 ms
[ServerRunner 0] ========================================
[ServerRunner 4] *** Time: 1769572679569 ms
[ServerRunner 4] ========================================
[ServerRunner 2] All 8 TCP servers confirmed ready!
[ServerRunner 2] ========================================
[ServerRunner 2] *** REPLICA IS NOW READY ***
[ServerRunner 2] *** Time: 1769572679570 ms
[ServerRunner 2] ========================================
[ServerRunner 3] All 8 TCP servers confirmed ready!
[ServerRunner 3] ========================================
[ServerRunner 3] *** REPLICA IS NOW READY ***
[ServerRunner 3] *** Time: 1769572679570 ms
[ServerRunner 3] ========================================
[ServerRunner 5] All 8 TCP servers confirmed ready!
[ServerRunner 5] ========================================
[ServerRunner 5] *** REPLICA IS NOW READY ***
[ServerRunner 5] *** Time: 1769572679570 ms
[ServerRunner 5] ========================================
[ServerRunner 6] All 8 TCP servers confirmed ready!
[ServerRunner 6] ========================================
[ServerRunner 1] All 8 TCP servers confirmed ready!
[ServerRunner 1] ========================================
[ServerRunner 1] *** REPLICA IS NOW READY ***
[ServerRunner 1] *** Time: 1769572679571 ms
[ServerRunner 1] ========================================
[ServerRunner 6] *** REPLICA IS NOW READY ***
[ServerRunner 6] *** Time: 1769572679571 ms
[ServerRunner 6] ========================================
[V2VProxy 0] *** STOPPING at intersection! ***
[V2VProxy 0] Distance=37.4398m, t=2.9
[V2VProxy 0] triggerJoinViaJNI() called at t=2.9
[V2VProxy 0] PASSED: Server Status = 'READY'
[V2VProxy 0] PASSED: isReplicaReady() = true
[IntersectionServer 0] triggerJoin() called by OMNeT++
[V2VProxy 0] SUCCESS: Triggered Join at t=2.9
[V2VProxy 0] Consensus Timer STARTED at 2.9
[V2VProxy 0] Consensus timeout set for 40s
[V2VProxy 1] *** STOPPING at intersection! ***
[V2VProxy 1] Distance=26.1164m, t=2.9
[V2VProxy 1] triggerJoinViaJNI() called at t=2.9
[V2VProxy 1] PASSED: Server Status = 'READY'
[V2VProxy 1] PASSED: isReplicaReady() = true
[IntersectionServer 1] triggerJoin() called by OMNeT++
[V2VProxy 1] SUCCESS: Triggered Join at t=2.9
[V2VProxy 1] Consensus Timer STARTED at 2.9
[V2VProxy 1] Consensus timeout set for 40s
[V2VProxy 2] *** STOPPING at intersection! ***
[V2VProxy 2] Distance=33.8711m, t=2.9
[V2VProxy 2] triggerJoinViaJNI() called at t=2.9
[V2VProxy 2] Barrier: 8/8 runners ready
[V2VProxy 2] PASSED: Server Status = 'READY'
[V2VProxy 2] PASSED: isReplicaReady() = true
[IntersectionServer 2] triggerJoin() called by OMNeT++
[V2VProxy 2] SUCCESS: Triggered Join at t=2.9
[V2VProxy 2] Consensus Timer STARTED at 2.9
[V2VProxy 2] Consensus timeout set for 40s
[V2VProxy 3] *** STOPPING at intersection! ***
[V2VProxy 3] Distance=43.5489m, t=2.9
[V2VProxy 3] triggerJoinViaJNI() called at t=2.9
[V2VProxy 3] PASSED: Server Status = 'READY'
[V2VProxy 3] PASSED: isReplicaReady() = true
[IntersectionServer 3] triggerJoin() called by OMNeT++
[V2VProxy 3] SUCCESS: Triggered Join at t=2.9
[V2VProxy 3] Consensus Timer STARTED at 2.9
[V2VProxy 3] Consensus timeout set for 40s
[V2VProxy 4] *** STOPPING at intersection! ***
[V2VProxy 4] Distance=40.7771m, t=2.9
[V2VProxy 4] triggerJoinViaJNI() called at t=2.9
[V2VProxy 4] PASSED: Server Status = 'READY'
[V2VProxy 4] PASSED: isReplicaReady() = true
[IntersectionServer 4] triggerJoin() called by OMNeT++
[V2VProxy 4] SUCCESS: Triggered Join at t=2.9
[V2VProxy 4] Consensus Timer STARTED at 2.9
[V2VProxy 4] Consensus timeout set for 40s
[V2VProxy 5] *** STOPPING at intersection! ***
[V2VProxy 5] Distance=49.198m, t=2.9
[V2VProxy 5] triggerJoinViaJNI() called at t=2.9
[V2VProxy 5] PASSED: Server Status = 'READY'
[V2VProxy 5] PASSED: isReplicaReady() = true
[IntersectionServer 5] triggerJoin() called by OMNeT++
[V2VProxy 5] SUCCESS: Triggered Join at t=2.9
[V2VProxy 5] Consensus Timer STARTED at 2.9
[V2VProxy 5] Consensus timeout set for 40s
[V2VProxy 6] *** STOPPING at intersection! ***
[V2VProxy 6] Distance=31.3752m, t=2.9
[V2VProxy 6] triggerJoinViaJNI() called at t=2.9
[V2VProxy 6] PASSED: Server Status = 'READY'
[V2VProxy 6] PASSED: isReplicaReady() = true
[IntersectionServer 6] triggerJoin() called by OMNeT++
[V2VProxy 6] SUCCESS: Triggered Join at t=2.9
[V2VProxy 6] Consensus Timer STARTED at 2.9
[V2VProxy 6] Consensus timeout set for 40s
[V2VProxy 7] *** STOPPING at intersection! ***
[V2VProxy 7] Distance=26.7947m, t=2.9
[V2VProxy 7] triggerJoinViaJNI() called at t=2.9
[V2VProxy 7] PASSED: Server Status = 'READY'
[V2VProxy 7] PASSED: isReplicaReady() = true
[IntersectionServer 7] triggerJoin() called by OMNeT++
[V2VProxy 7] SUCCESS: Triggered Join at t=2.9
[V2VProxy 7] Consensus Timer STARTED at 2.9
[V2VProxy 7] Consensus timeout set for 40s
19:57:59.766 [Thread-107] DEBUG bftsmart.communication.client.netty.NettyClientServerCommunicationSystemClientSide - ClientID 1003, connecting to replica 0, at address: /127.0.0.1:11000
19:57:59.766 [Thread-106] DEBUG bftsmart.communication.client.netty.NettyClientServerCommunicationSystemClientSide - ClientID 1002, connecting to replica 0, at address: /127.0.0.1:11000
19:57:59.766 [Thread-104] DEBUG bftsmart.communication.client.netty.NettyClientServerCommunicationSystemClientSide - ClientID 1000, connecting to replica 0, at address: /127.0.0.1:11000
19:57:59.767 [Thread-109] DEBUG bftsmart.communication.client.netty.NettyClientServerCommunicationSystemClientSide - ClientID 1005, connecting to replica 0, at address: /127.0.0.1:11000
19:57:59.767 [Thread-105] DEBUG bftsmart.communication.client.netty.NettyClientServerCommunicationSystemClientSide - ClientID 1001, connecting to replica 0, at address: /127.0.0.1:11000
19:57:59.767 [Thread-111] DEBUG bftsmart.communication.client.netty.NettyClientServerCommunicationSystemClientSide - ClientID 1007, connecting to replica 0, at address: /127.0.0.1:11000
19:57:59.768 [Thread-110] DEBUG bftsmart.communication.client.netty.NettyClientServerCommunicationSystemClientSide - ClientID 1006, connecting to replica 0, at address: /127.0.0.1:11000
19:57:59.768 [Thread-108] DEBUG bftsmart.communication.client.netty.NettyClientServerCommunicationSystemClientSide - ClientID 1004, connecting to replica 0, at address: /127.0.0.1:11000
19:57:59.770 [nioEventLoopGroup-24-1] DEBUG bftsmart.communication.client.netty.NettyTOMMessageDecoder - new NettyTOMMessageDecoder!!, isClient=true
19:57:59.770 [nioEventLoopGroup-25-1] DEBUG bftsmart.communication.client.netty.NettyTOMMessageDecoder - new NettyTOMMessageDecoder!!, isClient=true
19:57:59.770 [nioEventLoopGroup-19-1] DEBUG bftsmart.communication.client.netty.NettyTOMMessageDecoder - new NettyTOMMessageDecoder!!, isClient=true
19:57:59.770 [nioEventLoopGroup-22-1] DEBUG bftsmart.communication.client.netty.NettyTOMMessageDecoder - new NettyTOMMessageDecoder!!, isClient=true
19:57:59.770 [nioEventLoopGroup-18-1] DEBUG bftsmart.communication.client.netty.NettyTOMMessageDecoder - new NettyTOMMessageDecoder!!, isClient=true
19:57:59.770 [nioEventLoopGroup-23-1] DEBUG bftsmart.communication.client.netty.NettyTOMMessageDecoder - new NettyTOMMessageDecoder!!, isClient=true
19:57:59.770 [nioEventLoopGroup-21-1] DEBUG bftsmart.communication.client.netty.NettyTOMMessageDecoder - new NettyTOMMessageDecoder!!, isClient=true
19:57:59.770 [nioEventLoopGroup-20-1] DEBUG bftsmart.communication.client.netty.NettyTOMMessageDecoder - new NettyTOMMessageDecoder!!, isClient=true
19:57:59.793 [nioEventLoopGroup-24-1] DEBUG bftsmart.communication.client.netty.NettyClientServerCommunicationSystemClientSide - Channel active
19:57:59.793 [nioEventLoopGroup-20-1] DEBUG bftsmart.communication.client.netty.NettyClientServerCommunicationSystemClientSide - Channel active
19:57:59.793 [nioEventLoopGroup-23-1] DEBUG bftsmart.communication.client.netty.NettyClientServerCommunicationSystemClientSide - Channel active
19:57:59.794 [nioEventLoopGroup-18-1] DEBUG bftsmart.communication.client.netty.NettyClientServerCommunicationSystemClientSide - Channel active
19:57:59.793 [nioEventLoopGroup-22-1] DEBUG bftsmart.communication.client.netty.NettyClientServerCommunicationSystemClientSide - Channel active
19:57:59.793 [nioEventLoopGroup-19-1] DEBUG bftsmart.communication.client.netty.NettyClientServerCommunicationSystemClientSide - Channel active
19:57:59.794 [nioEventLoopGroup-21-1] DEBUG bftsmart.communication.client.netty.NettyClientServerCommunicationSystemClientSide - Channel active
19:57:59.794 [nioEventLoopGroup-25-1] DEBUG bftsmart.communication.client.netty.NettyClientServerCommunicationSystemClientSide - Channel active
19:57:59.796 [nioEventLoopGroup-16-1] DEBUG bftsmart.communication.client.netty.NettyTOMMessageDecoder - new NettyTOMMessageDecoder!!, isClient=false
19:57:59.797 [nioEventLoopGroup-16-1] INFO bftsmart.communication.client.netty.NettyClientServerCommunicationSystemServerSide - Session Created, active clients=0
19:57:59.795 [Thread-110] DEBUG bftsmart.communication.client.netty.NettyClientServerCommunicationSystemClientSide - ClientID 1006, connecting to replica 1, at address: /127.0.0.1:11010
19:57:59.799 [nioEventLoopGroup-19-2] DEBUG bftsmart.communication.client.netty.NettyTOMMessageDecoder - new NettyTOMMessageDecoder!!, isClient=true
19:57:59.801 [nioEventLoopGroup-19-2] DEBUG bftsmart.communication.client.netty.NettyClientServerCommunicationSystemClientSide - Channel active
19:57:59.801 [Thread-106] DEBUG bftsmart.communication.client.netty.NettyClientServerCommunicationSystemClientSide - ClientID 1002, connecting to replica 1, at address: /127.0.0.1:11010
19:57:59.801 [Thread-111] DEBUG bftsmart.communication.client.netty.NettyClientServerCommunicationSystemClientSide - ClientID 1007, connecting to replica 1, at address: /127.0.0.1:11010
19:57:59.802 [nioEventLoopGroup-20-2] DEBUG bftsmart.communication.client.netty.NettyTOMMessageDecoder - new NettyTOMMessageDecoder!!, isClient=true
19:57:59.805 [nioEventLoopGroup-13-1] DEBUG bftsmart.communication.client.netty.NettyTOMMessageDecoder - new NettyTOMMessageDecoder!!, isClient=false
19:57:59.802 [Thread-107] DEBUG bftsmart.communication.client.netty.NettyClientServerCommunicationSystemClientSide - ClientID 1003, connecting to replica 1, at address: /127.0.0.1:11010
19:57:59.804 [nioEventLoopGroup-18-2] DEBUG bftsmart.communication.client.netty.NettyTOMMessageDecoder - new NettyTOMMessageDecoder!!, isClient=true
19:57:59.804 [nioEventLoopGroup-25-2] DEBUG bftsmart.communication.client.netty.NettyTOMMessageDecoder - new NettyTOMMessageDecoder!!, isClient=true
19:57:59.804 [nioEventLoopGroup-21-2] DEBUG bftsmart.communication.client.netty.NettyTOMMessageDecoder - new NettyTOMMessageDecoder!!, isClient=true
19:57:59.805 [Thread-108] DEBUG bftsmart.communication.client.netty.NettyClientServerCommunicationSystemClientSide - ClientID 1004, connecting to replica 1, at address: /127.0.0.1:11010
19:57:59.802 [Thread-104] DEBUG bftsmart.communication.client.netty.NettyClientServerCommunicationSystemClientSide - ClientID 1000, connecting to replica 1, at address: /127.0.0.1:11010
19:57:59.805 [Thread-109] DEBUG bftsmart.communication.client.netty.NettyClientServerCommunicationSystemClientSide - ClientID 1005, connecting to replica 1, at address: /127.0.0.1:11010
19:57:59.814 [nioEventLoopGroup-25-2] DEBUG bftsmart.communication.client.netty.NettyClientServerCommunicationSystemClientSide - Channel active
19:57:59.814 [nioEventLoopGroup-21-2] DEBUG bftsmart.communication.client.netty.NettyClientServerCommunicationSystemClientSide - Channel active
19:57:59.814 [nioEventLoopGroup-19-3] DEBUG bftsmart.communication.client.netty.NettyTOMMessageDecoder - new NettyTOMMessageDecoder!!, isClient=true
19:57:59.813 [nioEventLoopGroup-20-2] DEBUG bftsmart.communication.client.netty.NettyClientServerCommunicationSystemClientSide - Channel active
19:57:59.813 [Thread-105] DEBUG bftsmart.communication.client.netty.NettyClientServerCommunicationSystemClientSide - ClientID 1001, connecting to replica 1, at address: /127.0.0.1:11010
19:57:59.813 [nioEventLoopGroup-16-3] DEBUG bftsmart.communication.client.netty.NettyTOMMessageDecoder - new NettyTOMMessageDecoder!!, isClient=false
19:57:59.812 [nioEventLoopGroup-16-2] DEBUG bftsmart.communication.client.netty.NettyTOMMessageDecoder - new NettyTOMMessageDecoder!!, isClient=false
19:57:59.808 [nioEventLoopGroup-24-2] DEBUG bftsmart.communication.client.netty.NettyTOMMessageDecoder - new NettyTOMMessageDecoder!!, isClient=true
19:57:59.807 [Thread-110] DEBUG bftsmart.communication.client.netty.NettyClientServerCommunicationSystemClientSide - ClientID 1006, connecting to replica 2, at address: /127.0.0.1:11020
19:57:59.807 [nioEventLoopGroup-23-2] DEBUG bftsmart.communication.client.netty.NettyTOMMessageDecoder - new NettyTOMMessageDecoder!!, isClient=true
19:57:59.807 [nioEventLoopGroup-13-1] INFO bftsmart.communication.client.netty.NettyClientServerCommunicationSystemServerSide - Session Created, active clients=0
19:57:59.818 [nioEventLoopGroup-19-3] DEBUG bftsmart.communication.client.netty.NettyClientServerCommunicationSystemClientSide - Channel active
19:57:59.815 [nioEventLoopGroup-22-2] DEBUG bftsmart.communication.client.netty.NettyTOMMessageDecoder - new NettyTOMMessageDecoder!!, isClient=true
19:57:59.819 [nioEventLoopGroup-18-2] DEBUG bftsmart.communication.client.netty.NettyClientServerCommunicationSystemClientSide - Channel active
19:57:59.819 [nioEventLoopGroup-16-2] INFO bftsmart.communication.client.netty.NettyClientServerCommunicationSystemServerSide - Session Created, active clients=0
19:57:59.820 [nioEventLoopGroup-16-4] DEBUG bftsmart.communication.client.netty.NettyTOMMessageDecoder - new NettyTOMMessageDecoder!!, isClient=false
19:57:59.824 [Thread-107] DEBUG bftsmart.communication.client.netty.NettyClientServerCommunicationSystemClientSide - ClientID 1003, connecting to replica 2, at address: /127.0.0.1:11020
19:57:59.820 [nioEventLoopGroup-10-1] DEBUG bftsmart.communication.client.netty.NettyTOMMessageDecoder - new NettyTOMMessageDecoder!!, isClient=false
19:57:59.824 [nioEventLoopGroup-13-2] DEBUG bftsmart.communication.client.netty.NettyTOMMessageDecoder - new NettyTOMMessageDecoder!!, isClient=false
19:57:59.824 [Thread-110] DEBUG bftsmart.communication.client.netty.NettyClientServerCommunicationSystemClientSide - ClientID 1006, connecting to replica 3, at address: /127.0.0.1:11030
19:57:59.824 [nioEventLoopGroup-16-3] INFO bftsmart.communication.client.netty.NettyClientServerCommunicationSystemServerSide - Session Created, active clients=0
19:57:59.824 [Thread-104] DEBUG bftsmart.communication.client.netty.NettyClientServerCommunicationSystemClientSide - ClientID 1000, connecting to replica 2, at address: /127.0.0.1:11020
19:57:59.824 [Thread-111] DEBUG bftsmart.communication.client.netty.NettyClientServerCommunicationSystemClientSide - ClientID 1007, connecting to replica 2, at address: /127.0.0.1:11020
19:57:59.825 [nioEventLoopGroup-24-2] DEBUG bftsmart.communication.client.netty.NettyClientServerCommunicationSystemClientSide - Channel active
19:57:59.822 [Thread-106] DEBUG bftsmart.communication.client.netty.NettyClientServerCommunicationSystemClientSide - ClientID 1002, connecting to replica 2, at address: /127.0.0.1:11020
19:57:59.825 [nioEventLoopGroup-23-2] DEBUG bftsmart.communication.client.netty.NettyClientServerCommunicationSystemClientSide - Channel active
19:57:59.827 [nioEventLoopGroup-16-6] DEBUG bftsmart.communication.client.netty.NettyTOMMessageDecoder - new NettyTOMMessageDecoder!!, isClient=false
19:57:59.828 [nioEventLoopGroup-18-3] DEBUG bftsmart.communication.client.netty.NettyTOMMessageDecoder - new NettyTOMMessageDecoder!!, isClient=true
19:57:59.828 [nioEventLoopGroup-25-3] DEBUG bftsmart.communication.client.netty.NettyTOMMessageDecoder - new NettyTOMMessageDecoder!!, isClient=true
19:57:59.827 [nioEventLoopGroup-19-4] DEBUG bftsmart.communication.client.netty.NettyTOMMessageDecoder - new NettyTOMMessageDecoder!!, isClient=true
19:57:59.828 [nioEventLoopGroup-16-7] DEBUG bftsmart.communication.client.netty.NettyTOMMessageDecoder - new NettyTOMMessageDecoder!!, isClient=false
19:57:59.828 [nioEventLoopGroup-22-2] DEBUG bftsmart.communication.client.netty.NettyClientServerCommunicationSystemClientSide - Channel active
19:57:59.828 [nioEventLoopGroup-16-4] INFO bftsmart.communication.client.netty.NettyClientServerCommunicationSystemServerSide - Session Created, active clients=0
19:57:59.827 [nioEventLoopGroup-16-5] DEBUG bftsmart.communication.client.netty.NettyTOMMessageDecoder - new NettyTOMMessageDecoder!!, isClient=false
19:57:59.828 [Thread-108] DEBUG bftsmart.communication.client.netty.NettyClientServerCommunicationSystemClientSide - ClientID 1004, connecting to replica 2, at address: /127.0.0.1:11020
19:57:59.828 [nioEventLoopGroup-13-2] INFO bftsmart.communication.client.netty.NettyClientServerCommunicationSystemServerSide - Session Created, active clients=0
19:57:59.828 [nioEventLoopGroup-20-3] DEBUG bftsmart.communication.client.netty.NettyTOMMessageDecoder - new NettyTOMMessageDecoder!!, isClient=true
19:57:59.828 [nioEventLoopGroup-13-3] DEBUG bftsmart.communication.client.netty.NettyTOMMessageDecoder - new NettyTOMMessageDecoder!!, isClient=false
19:57:59.828 [nioEventLoopGroup-21-3] DEBUG bftsmart.communication.client.netty.NettyTOMMessageDecoder - new NettyTOMMessageDecoder!!, isClient=true
19:57:59.828 [nioEventLoopGroup-13-4] DEBUG bftsmart.communication.client.netty.NettyTOMMessageDecoder - new NettyTOMMessageDecoder!!, isClient=false
19:57:59.832 [nioEventLoopGroup-13-5] DEBUG bftsmart.communication.client.netty.NettyTOMMessageDecoder - new NettyTOMMessageDecoder!!, isClient=false
19:57:59.832 [nioEventLoopGroup-16-6] INFO bftsmart.communication.client.netty.NettyClientServerCommunicationSystemServerSide - Session Created, active clients=0
19:57:59.832 [nioEventLoopGroup-16-8] DEBUG bftsmart.communication.client.netty.NettyTOMMessageDecoder - new NettyTOMMessageDecoder!!, isClient=false
19:57:59.835 [nioEventLoopGroup-13-6] DEBUG bftsmart.communication.client.netty.NettyTOMMessageDecoder - new NettyTOMMessageDecoder!!, isClient=false
19:57:59.835 [nioEventLoopGroup-13-7] DEBUG bftsmart.communication.client.netty.NettyTOMMessageDecoder - new NettyTOMMessageDecoder!!, isClient=false
19:57:59.836 [nioEventLoopGroup-13-8] DEBUG bftsmart.communication.client.netty.NettyTOMMessageDecoder - new NettyTOMMessageDecoder!!, isClient=false
19:57:59.836 [Thread-105] DEBUG bftsmart.communication.client.netty.NettyClientServerCommunicationSystemClientSide - ClientID 1001, connecting to replica 2, at address: /127.0.0.1:11020
19:57:59.836 [nioEventLoopGroup-22-3] DEBUG bftsmart.communication.client.netty.NettyTOMMessageDecoder - new NettyTOMMessageDecoder!!, isClient=true
19:57:59.836 [Thread-109] DEBUG bftsmart.communication.client.netty.NettyClientServerCommunicationSystemClientSide - ClientID 1005, connecting to replica 2, at address: /127.0.0.1:11020
19:57:59.837 [nioEventLoopGroup-16-7] INFO bftsmart.communication.client.netty.NettyClientServerCommunicationSystemServerSide - Session Created, active clients=0
19:57:59.837 [nioEventLoopGroup-23-3] DEBUG bftsmart.communication.client.netty.NettyTOMMessageDecoder - new NettyTOMMessageDecoder!!, isClient=true
19:57:59.836 [nioEventLoopGroup-10-1] INFO bftsmart.communication.client.netty.NettyClientServerCommunicationSystemServerSide - Session Created, active clients=0
19:57:59.837 [nioEventLoopGroup-24-3] DEBUG bftsmart.communication.client.netty.NettyTOMMessageDecoder - new NettyTOMMessageDecoder!!, isClient=true
19:57:59.837 [nioEventLoopGroup-16-5] INFO bftsmart.communication.client.netty.NettyClientServerCommunicationSystemServerSide - Session Created, active clients=0
19:57:59.840 [nioEventLoopGroup-16-8] INFO bftsmart.communication.client.netty.NettyClientServerCommunicationSystemServerSide - Session Created, active clients=0
19:57:59.840 [nioEventLoopGroup-13-8] INFO bftsmart.communication.client.netty.NettyClientServerCommunicationSystemServerSide - Session Created, active clients=0
19:57:59.840 [nioEventLoopGroup-13-7] INFO bftsmart.communication.client.netty.NettyClientServerCommunicationSystemServerSide - Session Created, active clients=0
19:57:59.840 [nioEventLoopGroup-13-5] INFO bftsmart.communication.client.netty.NettyClientServerCommunicationSystemServerSide - Session Created, active clients=0
19:57:59.840 [nioEventLoopGroup-13-4] INFO bftsmart.communication.client.netty.NettyClientServerCommunicationSystemServerSide - Session Created, active clients=0
19:57:59.841 [nioEventLoopGroup-13-6] INFO bftsmart.communication.client.netty.NettyClientServerCommunicationSystemServerSide - Session Created, active clients=0
19:57:59.841 [nioEventLoopGroup-13-3] INFO bftsmart.communication.client.netty.NettyClientServerCommunicationSystemServerSide - Session Created, active clients=0
19:57:59.841 [nioEventLoopGroup-25-3] DEBUG bftsmart.communication.client.netty.NettyClientServerCommunicationSystemClientSide - Channel active
19:57:59.842 [nioEventLoopGroup-22-3] DEBUG bftsmart.communication.client.netty.NettyClientServerCommunicationSystemClientSide - Channel active
19:57:59.844 [nioEventLoopGroup-23-3] DEBUG bftsmart.communication.client.netty.NettyClientServerCommunicationSystemClientSide - Channel active
19:57:59.844 [nioEventLoopGroup-10-2] DEBUG bftsmart.communication.client.netty.NettyTOMMessageDecoder - new NettyTOMMessageDecoder!!, isClient=false
19:57:59.844 [nioEventLoopGroup-18-3] DEBUG bftsmart.communication.client.netty.NettyClientServerCommunicationSystemClientSide - Channel active
19:57:59.844 [nioEventLoopGroup-19-4] DEBUG bftsmart.communication.client.netty.NettyClientServerCommunicationSystemClientSide - Channel active
19:57:59.845 [nioEventLoopGroup-21-3] DEBUG bftsmart.communication.client.netty.NettyClientServerCommunicationSystemClientSide - Channel active
19:57:59.845 [Thread-105] DEBUG bftsmart.communication.client.netty.NettyClientServerCommunicationSystemClientSide - ClientID 1001, connecting to replica 3, at address: /127.0.0.1:11030
19:57:59.845 [nioEventLoopGroup-24-3] DEBUG bftsmart.communication.client.netty.NettyClientServerCommunicationSystemClientSide - Channel active
19:57:59.844 [nioEventLoopGroup-10-2] INFO bftsmart.communication.client.netty.NettyClientServerCommunicationSystemServerSide - Session Created, active clients=0
19:57:59.845 [nioEventLoopGroup-10-3] DEBUG bftsmart.communication.client.netty.NettyTOMMessageDecoder - new NettyTOMMessageDecoder!!, isClient=false
19:57:59.845 [nioEventLoopGroup-20-3] DEBUG bftsmart.communication.client.netty.NettyClientServerCommunicationSystemClientSide - Channel active
19:57:59.845 [nioEventLoopGroup-23-4] DEBUG bftsmart.communication.client.netty.NettyTOMMessageDecoder - new NettyTOMMessageDecoder!!, isClient=true
19:57:59.845 [Thread-108] DEBUG bftsmart.communication.client.netty.NettyClientServerCommunicationSystemClientSide - ClientID 1004, connecting to replica 3, at address: /127.0.0.1:11030
19:57:59.845 [nioEventLoopGroup-22-4] DEBUG bftsmart.communication.client.netty.NettyTOMMessageDecoder - new NettyTOMMessageDecoder!!, isClient=true
19:57:59.846 [nioEventLoopGroup-18-4] DEBUG bftsmart.communication.client.netty.NettyTOMMessageDecoder - new NettyTOMMessageDecoder!!, isClient=true
19:57:59.846 [nioEventLoopGroup-25-4] DEBUG bftsmart.communication.client.netty.NettyTOMMessageDecoder - new NettyTOMMessageDecoder!!, isClient=true
19:57:59.846 [Thread-104] DEBUG bftsmart.communication.client.netty.NettyClientServerCommunicationSystemClientSide - ClientID 1000, connecting to replica 3, at address: /127.0.0.1:11030
19:57:59.845 [Thread-111] DEBUG bftsmart.communication.client.netty.NettyClientServerCommunicationSystemClientSide - ClientID 1007, connecting to replica 3, at address: /127.0.0.1:11030
19:57:59.847 [nioEventLoopGroup-21-4] DEBUG bftsmart.communication.client.netty.NettyTOMMessageDecoder - new NettyTOMMessageDecoder!!, isClient=true
19:57:59.847 [nioEventLoopGroup-18-4] DEBUG bftsmart.communication.client.netty.NettyClientServerCommunicationSystemClientSide - Channel active
19:57:59.847 [Thread-110] DEBUG bftsmart.communication.client.netty.NettyClientServerCommunicationSystemClientSide - ClientID 1006, connecting to replica 4, at address: /127.0.0.1:11040
19:57:59.846 [nioEventLoopGroup-25-4] DEBUG bftsmart.communication.client.netty.NettyClientServerCommunicationSystemClientSide - Channel active
19:57:59.846 [nioEventLoopGroup-10-4] DEBUG bftsmart.communication.client.netty.NettyTOMMessageDecoder - new NettyTOMMessageDecoder!!, isClient=false
19:57:59.846 [Thread-107] DEBUG bftsmart.communication.client.netty.NettyClientServerCommunicationSystemClientSide - ClientID 1003, connecting to replica 3, at address: /127.0.0.1:11030
19:57:59.846 [nioEventLoopGroup-22-4] DEBUG bftsmart.communication.client.netty.NettyClientServerCommunicationSystemClientSide - Channel active
19:57:59.846 [nioEventLoopGroup-23-4] DEBUG bftsmart.communication.client.netty.NettyClientServerCommunicationSystemClientSide - Channel active
19:57:59.847 [nioEventLoopGroup-19-5] DEBUG bftsmart.communication.client.netty.NettyTOMMessageDecoder - new NettyTOMMessageDecoder!!, isClient=true
19:57:59.847 [Thread-109] DEBUG bftsmart.communication.client.netty.NettyClientServerCommunicationSystemClientSide - ClientID 1005, connecting to replica 3, at address: /127.0.0.1:11030
19:57:59.846 [nioEventLoopGroup-10-3] INFO bftsmart.communication.client.netty.NettyClientServerCommunicationSystemServerSide - Session Created, active clients=0
19:57:59.847 [nioEventLoopGroup-21-4] DEBUG bftsmart.communication.client.netty.NettyClientServerCommunicationSystemClientSide - Channel active
19:57:59.847 [nioEventLoopGroup-10-4] INFO bftsmart.communication.client.netty.NettyClientServerCommunicationSystemServerSide - Session Created, active clients=0
19:57:59.848 [nioEventLoopGroup-24-4] DEBUG bftsmart.communication.client.netty.NettyTOMMessageDecoder - new NettyTOMMessageDecoder!!, isClient=true
19:57:59.848 [nioEventLoopGroup-19-5] DEBUG bftsmart.communication.client.netty.NettyClientServerCommunicationSystemClientSide - Channel active
19:57:59.848 [Thread-111] DEBUG bftsmart.communication.client.netty.NettyClientServerCommunicationSystemClientSide - ClientID 1007, connecting to replica 4, at address: /127.0.0.1:11040
19:57:59.848 [Thread-104] DEBUG bftsmart.communication.client.netty.NettyClientServerCommunicationSystemClientSide - ClientID 1000, connecting to replica 4, at address: /127.0.0.1:11040
19:57:59.848 [nioEventLoopGroup-25-5] DEBUG bftsmart.communication.client.netty.NettyTOMMessageDecoder - new NettyTOMMessageDecoder!!, isClient=true
19:57:59.848 [nioEventLoopGroup-14-1] DEBUG bftsmart.communication.client.netty.NettyTOMMessageDecoder - new NettyTOMMessageDecoder!!, isClient=false
19:57:59.848 [nioEventLoopGroup-18-5] DEBUG bftsmart.communication.client.netty.NettyTOMMessageDecoder - new NettyTOMMessageDecoder!!, isClient=true
19:57:59.848 [nioEventLoopGroup-24-4] DEBUG bftsmart.communication.client.netty.NettyClientServerCommunicationSystemClientSide - Channel active
19:57:59.849 [nioEventLoopGroup-15-1] DEBUG bftsmart.communication.client.netty.NettyTOMMessageDecoder - new NettyTOMMessageDecoder!!, isClient=false
19:57:59.849 [Thread-108] DEBUG bftsmart.communication.client.netty.NettyClientServerCommunicationSystemClientSide - ClientID 1004, connecting to replica 4, at address: /127.0.0.1:11040
19:57:59.849 [nioEventLoopGroup-14-1] INFO bftsmart.communication.client.netty.NettyClientServerCommunicationSystemServerSide - Session Created, active clients=0
19:57:59.849 [Thread-105] DEBUG bftsmart.communication.client.netty.NettyClientServerCommunicationSystemClientSide - ClientID 1001, connecting to replica 4, at address: /127.0.0.1:11040
19:57:59.849 [nioEventLoopGroup-15-1] INFO bftsmart.communication.client.netty.NettyClientServerCommunicationSystemServerSide - Session Created, active clients=0
19:57:59.849 [nioEventLoopGroup-22-5] DEBUG bftsmart.communication.client.netty.NettyTOMMessageDecoder - new NettyTOMMessageDecoder!!, isClient=true
19:57:59.849 [nioEventLoopGroup-23-5] DEBUG bftsmart.communication.client.netty.NettyTOMMessageDecoder - new NettyTOMMessageDecoder!!, isClient=true
19:57:59.850 [nioEventLoopGroup-22-5] DEBUG bftsmart.communication.client.netty.NettyClientServerCommunicationSystemClientSide - Channel active
19:57:59.850 [nioEventLoopGroup-25-5] DEBUG bftsmart.communication.client.netty.NettyClientServerCommunicationSystemClientSide - Channel active
19:57:59.850 [nioEventLoopGroup-18-5] DEBUG bftsmart.communication.client.netty.NettyClientServerCommunicationSystemClientSide - Channel active
19:57:59.850 [Thread-106] DEBUG bftsmart.communication.client.netty.NettyClientServerCommunicationSystemClientSide - ClientID 1002, connecting to replica 3, at address: /127.0.0.1:11030
19:57:59.850 [nioEventLoopGroup-10-5] DEBUG bftsmart.communication.client.netty.NettyTOMMessageDecoder - new NettyTOMMessageDecoder!!, isClient=false
19:57:59.851 [nioEventLoopGroup-20-4] DEBUG bftsmart.communication.client.netty.NettyTOMMessageDecoder - new NettyTOMMessageDecoder!!, isClient=true
19:57:59.851 [nioEventLoopGroup-10-5] INFO bftsmart.communication.client.netty.NettyClientServerCommunicationSystemServerSide - Session Created, active clients=0
19:57:59.851 [nioEventLoopGroup-15-2] DEBUG bftsmart.communication.client.netty.NettyTOMMessageDecoder - new NettyTOMMessageDecoder!!, isClient=false
19:57:59.851 [nioEventLoopGroup-10-6] DEBUG bftsmart.communication.client.netty.NettyTOMMessageDecoder - new NettyTOMMessageDecoder!!, isClient=false
19:57:59.851 [Thread-110] DEBUG bftsmart.communication.client.netty.NettyClientServerCommunicationSystemClientSide - ClientID 1006, connecting to replica 5, at address: /127.0.0.1:11050
19:57:59.851 [nioEventLoopGroup-15-2] INFO bftsmart.communication.client.netty.NettyClientServerCommunicationSystemServerSide - Session Created, active clients=0
19:57:59.851 [nioEventLoopGroup-10-6] INFO bftsmart.communication.client.netty.NettyClientServerCommunicationSystemServerSide - Session Created, active clients=0
19:57:59.851 [nioEventLoopGroup-19-6] DEBUG bftsmart.communication.client.netty.NettyTOMMessageDecoder - new NettyTOMMessageDecoder!!, isClient=true
19:57:59.852 [nioEventLoopGroup-20-4] DEBUG bftsmart.communication.client.netty.NettyClientServerCommunicationSystemClientSide - Channel active
19:57:59.854 [nioEventLoopGroup-23-5] DEBUG bftsmart.communication.client.netty.NettyClientServerCommunicationSystemClientSide - Channel active
19:57:59.854 [Thread-107] DEBUG bftsmart.communication.client.netty.NettyClientServerCommunicationSystemClientSide - ClientID 1003, connecting to replica 4, at address: /127.0.0.1:11040
19:57:59.855 [nioEventLoopGroup-21-5] DEBUG bftsmart.communication.client.netty.NettyTOMMessageDecoder - new NettyTOMMessageDecoder!!, isClient=true
19:57:59.855 [Thread-109] DEBUG bftsmart.communication.client.netty.NettyClientServerCommunicationSystemClientSide - ClientID 1005, connecting to replica 4, at address: /127.0.0.1:11040
19:57:59.856 [nioEventLoopGroup-24-5] DEBUG bftsmart.communication.client.netty.NettyTOMMessageDecoder - new NettyTOMMessageDecoder!!, isClient=true
19:57:59.856 [nioEventLoopGroup-19-6] DEBUG bftsmart.communication.client.netty.NettyClientServerCommunicationSystemClientSide - Channel active
19:57:59.855 [nioEventLoopGroup-14-2] DEBUG bftsmart.communication.client.netty.NettyTOMMessageDecoder - new NettyTOMMessageDecoder!!, isClient=false
19:57:59.857 [Thread-111] DEBUG bftsmart.communication.client.netty.NettyClientServerCommunicationSystemClientSide - ClientID 1007, connecting to replica 5, at address: /127.0.0.1:11050
19:57:59.857 [nioEventLoopGroup-15-3] DEBUG bftsmart.communication.client.netty.NettyTOMMessageDecoder - new NettyTOMMessageDecoder!!, isClient=false
19:57:59.856 [nioEventLoopGroup-24-5] DEBUG bftsmart.communication.client.netty.NettyClientServerCommunicationSystemClientSide - Channel active
19:57:59.857 [nioEventLoopGroup-21-5] DEBUG bftsmart.communication.client.netty.NettyClientServerCommunicationSystemClientSide - Channel active
19:57:59.857 [Thread-104] DEBUG bftsmart.communication.client.netty.NettyClientServerCommunicationSystemClientSide - ClientID 1000, connecting to replica 5, at address: /127.0.0.1:11050
19:57:59.857 [nioEventLoopGroup-14-2] INFO bftsmart.communication.client.netty.NettyClientServerCommunicationSystemServerSide - Session Created, active clients=0
19:57:59.857 [nioEventLoopGroup-15-3] INFO bftsmart.communication.client.netty.NettyClientServerCommunicationSystemServerSide - Session Created, active clients=0
19:57:59.857 [nioEventLoopGroup-18-6] DEBUG bftsmart.communication.client.netty.NettyTOMMessageDecoder - new NettyTOMMessageDecoder!!, isClient=true
19:57:59.858 [nioEventLoopGroup-25-6] DEBUG bftsmart.communication.client.netty.NettyTOMMessageDecoder - new NettyTOMMessageDecoder!!, isClient=true
19:57:59.858 [nioEventLoopGroup-25-6] DEBUG bftsmart.communication.client.netty.NettyClientServerCommunicationSystemClientSide - Channel active
19:57:59.858 [nioEventLoopGroup-18-6] DEBUG bftsmart.communication.client.netty.NettyClientServerCommunicationSystemClientSide - Channel active
19:57:59.858 [nioEventLoopGroup-10-7] DEBUG bftsmart.communication.client.netty.NettyTOMMessageDecoder - new NettyTOMMessageDecoder!!, isClient=false
19:57:59.858 [Thread-105] DEBUG bftsmart.communication.client.netty.NettyClientServerCommunicationSystemClientSide - ClientID 1001, connecting to replica 5, at address: /127.0.0.1:11050
19:57:59.858 [nioEventLoopGroup-10-7] INFO bftsmart.communication.client.netty.NettyClientServerCommunicationSystemServerSide - Session Created, active clients=0
19:57:59.859 [nioEventLoopGroup-22-6] DEBUG bftsmart.communication.client.netty.NettyTOMMessageDecoder - new NettyTOMMessageDecoder!!, isClient=true
19:57:59.859 [nioEventLoopGroup-10-8] DEBUG bftsmart.communication.client.netty.NettyTOMMessageDecoder - new NettyTOMMessageDecoder!!, isClient=false
19:57:59.859 [Thread-107] DEBUG bftsmart.communication.client.netty.NettyClientServerCommunicationSystemClientSide - ClientID 1003, connecting to replica 5, at address: /127.0.0.1:11050
19:57:59.859 [nioEventLoopGroup-21-6] DEBUG bftsmart.communication.client.netty.NettyTOMMessageDecoder - new NettyTOMMessageDecoder!!, isClient=true
19:57:59.859 [Thread-104] DEBUG bftsmart.communication.client.netty.NettyClientServerCommunicationSystemClientSide - ClientID 1000, connecting to replica 6, at address: /127.0.0.1:11060
19:57:59.859 [nioEventLoopGroup-10-8] INFO bftsmart.communication.client.netty.NettyClientServerCommunicationSystemServerSide - Session Created, active clients=0
19:57:59.859 [nioEventLoopGroup-22-6] DEBUG bftsmart.communication.client.netty.NettyClientServerCommunicationSystemClientSide - Channel active
19:57:59.860 [nioEventLoopGroup-21-6] DEBUG bftsmart.communication.client.netty.NettyClientServerCommunicationSystemClientSide - Channel active
19:57:59.860 [nioEventLoopGroup-25-7] DEBUG bftsmart.communication.client.netty.NettyTOMMessageDecoder - new NettyTOMMessageDecoder!!, isClient=true
19:57:59.860 [nioEventLoopGroup-11-1] DEBUG bftsmart.communication.client.netty.NettyTOMMessageDecoder - new NettyTOMMessageDecoder!!, isClient=false
19:57:59.860 [nioEventLoopGroup-11-1] INFO bftsmart.communication.client.netty.NettyClientServerCommunicationSystemServerSide - Session Created, active clients=0
19:57:59.860 [Thread-110] DEBUG bftsmart.communication.client.netty.NettyClientServerCommunicationSystemClientSide - ClientID 1006, connecting to replica 6, at address: /127.0.0.1:11060
19:57:59.860 [nioEventLoopGroup-15-4] DEBUG bftsmart.communication.client.netty.NettyTOMMessageDecoder - new NettyTOMMessageDecoder!!, isClient=false
19:57:59.860 [nioEventLoopGroup-25-7] DEBUG bftsmart.communication.client.netty.NettyClientServerCommunicationSystemClientSide - Channel active
19:57:59.860 [Thread-107] DEBUG bftsmart.communication.client.netty.NettyClientServerCommunicationSystemClientSide - ClientID 1003, connecting to replica 6, at address: /127.0.0.1:11060
19:57:59.860 [nioEventLoopGroup-19-7] DEBUG bftsmart.communication.client.netty.NettyTOMMessageDecoder - new NettyTOMMessageDecoder!!, isClient=true
19:57:59.861 [nioEventLoopGroup-15-4] INFO bftsmart.communication.client.netty.NettyClientServerCommunicationSystemServerSide - Session Created, active clients=0
19:57:59.861 [nioEventLoopGroup-21-7] DEBUG bftsmart.communication.client.netty.NettyTOMMessageDecoder - new NettyTOMMessageDecoder!!, isClient=true
19:57:59.861 [Thread-109] DEBUG bftsmart.communication.client.netty.NettyClientServerCommunicationSystemClientSide - ClientID 1005, connecting to replica 5, at address: /127.0.0.1:11050
19:57:59.861 [nioEventLoopGroup-24-6] DEBUG bftsmart.communication.client.netty.NettyTOMMessageDecoder - new NettyTOMMessageDecoder!!, isClient=true
19:57:59.861 [nioEventLoopGroup-21-7] DEBUG bftsmart.communication.client.netty.NettyClientServerCommunicationSystemClientSide - Channel active
19:57:59.861 [Thread-108] DEBUG bftsmart.communication.client.netty.NettyClientServerCommunicationSystemClientSide - ClientID 1004, connecting to replica 5, at address: /127.0.0.1:11050
19:57:59.861 [nioEventLoopGroup-19-7] DEBUG bftsmart.communication.client.netty.NettyClientServerCommunicationSystemClientSide - Channel active
19:57:59.861 [nioEventLoopGroup-23-6] DEBUG bftsmart.communication.client.netty.NettyTOMMessageDecoder - new NettyTOMMessageDecoder!!, isClient=true
19:57:59.861 [nioEventLoopGroup-14-3] DEBUG bftsmart.communication.client.netty.NettyTOMMessageDecoder - new NettyTOMMessageDecoder!!, isClient=false
19:57:59.861 [Thread-106] DEBUG bftsmart.communication.client.netty.NettyClientServerCommunicationSystemClientSide - ClientID 1002, connecting to replica 4, at address: /127.0.0.1:11040
19:57:59.862 [nioEventLoopGroup-14-3] INFO bftsmart.communication.client.netty.NettyClientServerCommunicationSystemServerSide - Session Created, active clients=0
19:57:59.862 [nioEventLoopGroup-20-5] DEBUG bftsmart.communication.client.netty.NettyTOMMessageDecoder - new NettyTOMMessageDecoder!!, isClient=true
19:57:59.862 [nioEventLoopGroup-24-6] DEBUG bftsmart.communication.client.netty.NettyClientServerCommunicationSystemClientSide - Channel active
19:57:59.862 [nioEventLoopGroup-23-6] DEBUG bftsmart.communication.client.netty.NettyClientServerCommunicationSystemClientSide - Channel active
19:57:59.862 [Thread-104] DEBUG bftsmart.communication.client.netty.NettyClientServerCommunicationSystemClientSide - ClientID 1000, connecting to replica 7, at address: /127.0.0.1:11070
19:57:59.862 [Thread-110] DEBUG bftsmart.communication.client.netty.NettyClientServerCommunicationSystemClientSide - ClientID 1006, connecting to replica 7, at address: /127.0.0.1:11070
19:57:59.862 [nioEventLoopGroup-25-8] DEBUG bftsmart.communication.client.netty.NettyTOMMessageDecoder - new NettyTOMMessageDecoder!!, isClient=true
19:57:59.862 [nioEventLoopGroup-20-5] DEBUG bftsmart.communication.client.netty.NettyClientServerCommunicationSystemClientSide - Channel active
19:57:59.862 [nioEventLoopGroup-19-8] DEBUG bftsmart.communication.client.netty.NettyTOMMessageDecoder - new NettyTOMMessageDecoder!!, isClient=true
19:57:59.862 [Thread-109] DEBUG bftsmart.communication.client.netty.NettyClientServerCommunicationSystemClientSide - ClientID 1005, connecting to replica 6, at address: /127.0.0.1:11060
19:57:59.863 [nioEventLoopGroup-17-1] DEBUG bftsmart.communication.client.netty.NettyTOMMessageDecoder - new NettyTOMMessageDecoder!!, isClient=false
19:57:59.863 [nioEventLoopGroup-25-8] DEBUG bftsmart.communication.client.netty.NettyClientServerCommunicationSystemClientSide - Channel active
19:57:59.863 [nioEventLoopGroup-19-8] DEBUG bftsmart.communication.client.netty.NettyClientServerCommunicationSystemClientSide - Channel active
19:57:59.863 [nioEventLoopGroup-24-7] DEBUG bftsmart.communication.client.netty.NettyTOMMessageDecoder - new NettyTOMMessageDecoder!!, isClient=true
19:57:59.863 [nioEventLoopGroup-17-1] INFO bftsmart.communication.client.netty.NettyClientServerCommunicationSystemServerSide - Session Created, active clients=0
19:57:59.863 [nioEventLoopGroup-24-7] DEBUG bftsmart.communication.client.netty.NettyClientServerCommunicationSystemClientSide - Channel active
19:57:59.863 [nioEventLoopGroup-11-2] DEBUG bftsmart.communication.client.netty.NettyTOMMessageDecoder - new NettyTOMMessageDecoder!!, isClient=false
19:57:59.863 [Thread-105] DEBUG bftsmart.communication.client.netty.NettyClientServerCommunicationSystemClientSide - ClientID 1001, connecting to replica 6, at address: /127.0.0.1:11060
19:57:59.863 [nioEventLoopGroup-15-5] DEBUG bftsmart.communication.client.netty.NettyTOMMessageDecoder - new NettyTOMMessageDecoder!!, isClient=false
19:57:59.864 [nioEventLoopGroup-11-2] INFO bftsmart.communication.client.netty.NettyClientServerCommunicationSystemServerSide - Session Created, active clients=0
19:57:59.864 [nioEventLoopGroup-22-7] DEBUG bftsmart.communication.client.netty.NettyTOMMessageDecoder - new NettyTOMMessageDecoder!!, isClient=true
19:57:59.864 [nioEventLoopGroup-15-5] INFO bftsmart.communication.client.netty.NettyClientServerCommunicationSystemServerSide - Session Created, active clients=0
19:57:59.864 [nioEventLoopGroup-15-6] DEBUG bftsmart.communication.client.netty.NettyTOMMessageDecoder - new NettyTOMMessageDecoder!!, isClient=false
19:57:59.864 [Thread-111] DEBUG bftsmart.communication.client.netty.NettyClientServerCommunicationSystemClientSide - ClientID 1007, connecting to replica 6, at address: /127.0.0.1:11060
19:57:59.864 [nioEventLoopGroup-22-7] DEBUG bftsmart.communication.client.netty.NettyClientServerCommunicationSystemClientSide - Channel active
19:57:59.864 [nioEventLoopGroup-15-6] INFO bftsmart.communication.client.netty.NettyClientServerCommunicationSystemServerSide - Session Created, active clients=0
19:57:59.864 [nioEventLoopGroup-18-7] DEBUG bftsmart.communication.client.netty.NettyTOMMessageDecoder - new NettyTOMMessageDecoder!!, isClient=true
19:57:59.865 [nioEventLoopGroup-15-7] DEBUG bftsmart.communication.client.netty.NettyTOMMessageDecoder - new NettyTOMMessageDecoder!!, isClient=false
19:57:59.866 [Thread-104] DEBUG bftsmart.proxy - Sending request (ORDERED_REQUEST) with seqId = 0
19:57:59.865 [Thread-109] DEBUG bftsmart.communication.client.netty.NettyClientServerCommunicationSystemClientSide - ClientID 1005, connecting to replica 7, at address: /127.0.0.1:11070
19:57:59.866 [Thread-106] DEBUG bftsmart.communication.client.netty.NettyClientServerCommunicationSystemClientSide - ClientID 1002, connecting to replica 5, at address: /127.0.0.1:11050
19:57:59.866 [nioEventLoopGroup-12-2] DEBUG bftsmart.communication.client.netty.NettyTOMMessageDecoder - new NettyTOMMessageDecoder!!, isClient=false
19:57:59.866 [nioEventLoopGroup-11-3] DEBUG bftsmart.communication.client.netty.NettyTOMMessageDecoder - new NettyTOMMessageDecoder!!, isClient=false
19:57:59.866 [Thread-110] DEBUG bftsmart.proxy - Sending request (ORDERED_REQUEST) with seqId = 0
19:57:59.866 [nioEventLoopGroup-18-7] DEBUG bftsmart.communication.client.netty.NettyClientServerCommunicationSystemClientSide - Channel active
19:57:59.866 [nioEventLoopGroup-12-1] DEBUG bftsmart.communication.client.netty.NettyTOMMessageDecoder - new NettyTOMMessageDecoder!!, isClient=false
19:57:59.865 [nioEventLoopGroup-24-8] DEBUG bftsmart.communication.client.netty.NettyTOMMessageDecoder - new NettyTOMMessageDecoder!!, isClient=true
19:57:59.867 [nioEventLoopGroup-12-1] INFO bftsmart.communication.client.netty.NettyClientServerCommunicationSystemServerSide - Session Created, active clients=0
19:57:59.867 [nioEventLoopGroup-11-3] INFO bftsmart.communication.client.netty.NettyClientServerCommunicationSystemServerSide - Session Created, active clients=0
19:57:59.867 [nioEventLoopGroup-20-6] DEBUG bftsmart.communication.client.netty.NettyTOMMessageDecoder - new NettyTOMMessageDecoder!!, isClient=true
19:57:59.867 [nioEventLoopGroup-15-7] INFO bftsmart.communication.client.netty.NettyClientServerCommunicationSystemServerSide - Session Created, active clients=0
19:57:59.867 [nioEventLoopGroup-17-2] DEBUG bftsmart.communication.client.netty.NettyTOMMessageDecoder - new NettyTOMMessageDecoder!!, isClient=false
19:57:59.867 [nioEventLoopGroup-12-2] INFO bftsmart.communication.client.netty.NettyClientServerCommunicationSystemServerSide - Session Created, active clients=0
19:57:59.867 [nioEventLoopGroup-17-2] INFO bftsmart.communication.client.netty.NettyClientServerCommunicationSystemServerSide - Session Created, active clients=0
19:57:59.867 [nioEventLoopGroup-24-8] DEBUG bftsmart.communication.client.netty.NettyClientServerCommunicationSystemClientSide - Channel active
19:57:59.867 [Thread-109] DEBUG bftsmart.proxy - Sending request (ORDERED_REQUEST) with seqId = 0
19:57:59.867 [Thread-108] DEBUG bftsmart.communication.client.netty.NettyClientServerCommunicationSystemClientSide - ClientID 1004, connecting to replica 6, at address: /127.0.0.1:11060
19:57:59.867 [nioEventLoopGroup-20-6] DEBUG bftsmart.communication.client.netty.NettyClientServerCommunicationSystemClientSide - Channel active
19:57:59.867 [Thread-107] DEBUG bftsmart.communication.client.netty.NettyClientServerCommunicationSystemClientSide - ClientID 1003, connecting to replica 7, at address: /127.0.0.1:11070
19:57:59.868 [nioEventLoopGroup-23-7] DEBUG bftsmart.communication.client.netty.NettyTOMMessageDecoder - new NettyTOMMessageDecoder!!, isClient=true
19:57:59.868 [nioEventLoopGroup-21-8] DEBUG bftsmart.communication.client.netty.NettyTOMMessageDecoder - new NettyTOMMessageDecoder!!, isClient=true
19:57:59.868 [nioEventLoopGroup-14-4] DEBUG bftsmart.communication.client.netty.NettyTOMMessageDecoder - new NettyTOMMessageDecoder!!, isClient=false
19:57:59.869 [nioEventLoopGroup-17-3] DEBUG bftsmart.communication.client.netty.NettyTOMMessageDecoder - new NettyTOMMessageDecoder!!, isClient=false
19:57:59.869 [nioEventLoopGroup-17-3] INFO bftsmart.communication.client.netty.NettyClientServerCommunicationSystemServerSide - Session Created, active clients=0
19:57:59.869 [nioEventLoopGroup-12-3] DEBUG bftsmart.communication.client.netty.NettyTOMMessageDecoder - new NettyTOMMessageDecoder!!, isClient=false
19:57:59.869 [nioEventLoopGroup-12-3] INFO bftsmart.communication.client.netty.NettyClientServerCommunicationSystemServerSide - Session Created, active clients=0
19:57:59.869 [nioEventLoopGroup-14-4] INFO bftsmart.communication.client.netty.NettyClientServerCommunicationSystemServerSide - Session Created, active clients=0
19:57:59.869 [Thread-111] DEBUG bftsmart.communication.client.netty.NettyClientServerCommunicationSystemClientSide - ClientID 1007, connecting to replica 7, at address: /127.0.0.1:11070
19:57:59.869 [nioEventLoopGroup-21-8] DEBUG bftsmart.communication.client.netty.NettyClientServerCommunicationSystemClientSide - Channel active
19:57:59.869 [nioEventLoopGroup-18-8] DEBUG bftsmart.communication.client.netty.NettyTOMMessageDecoder - new NettyTOMMessageDecoder!!, isClient=true
19:57:59.869 [Thread-107] DEBUG bftsmart.proxy - Sending request (ORDERED_REQUEST) with seqId = 0
19:57:59.869 [nioEventLoopGroup-23-7] DEBUG bftsmart.communication.client.netty.NettyClientServerCommunicationSystemClientSide - Channel active
19:57:59.870 [nioEventLoopGroup-11-4] DEBUG bftsmart.communication.client.netty.NettyTOMMessageDecoder - new NettyTOMMessageDecoder!!, isClient=false
19:57:59.870 [Thread-105] DEBUG bftsmart.communication.client.netty.NettyClientServerCommunicationSystemClientSide - ClientID 1001, connecting to replica 7, at address: /127.0.0.1:11070
19:57:59.870 [nioEventLoopGroup-11-4] INFO bftsmart.communication.client.netty.NettyClientServerCommunicationSystemServerSide - Session Created, active clients=0
19:57:59.870 [nioEventLoopGroup-22-8] DEBUG bftsmart.communication.client.netty.NettyTOMMessageDecoder - new NettyTOMMessageDecoder!!, isClient=true
19:57:59.870 [nioEventLoopGroup-18-8] DEBUG bftsmart.communication.client.netty.NettyClientServerCommunicationSystemClientSide - Channel active
19:57:59.870 [Thread-111] DEBUG bftsmart.proxy - Sending request (ORDERED_REQUEST) with seqId = 0
19:57:59.870 [nioEventLoopGroup-15-8] DEBUG bftsmart.communication.client.netty.NettyTOMMessageDecoder - new NettyTOMMessageDecoder!!, isClient=false
19:57:59.870 [nioEventLoopGroup-22-8] DEBUG bftsmart.communication.client.netty.NettyClientServerCommunicationSystemClientSide - Channel active
19:57:59.870 [Thread-105] DEBUG bftsmart.proxy - Sending request (ORDERED_REQUEST) with seqId = 0
19:57:59.871 [nioEventLoopGroup-15-8] INFO bftsmart.communication.client.netty.NettyClientServerCommunicationSystemServerSide - Session Created, active clients=0
19:57:59.871 [Thread-108] DEBUG bftsmart.communication.client.netty.NettyClientServerCommunicationSystemClientSide - ClientID 1004, connecting to replica 7, at address: /127.0.0.1:11070
19:57:59.871 [nioEventLoopGroup-23-8] DEBUG bftsmart.communication.client.netty.NettyTOMMessageDecoder - new NettyTOMMessageDecoder!!, isClient=true
19:57:59.871 [nioEventLoopGroup-17-4] DEBUG bftsmart.communication.client.netty.NettyTOMMessageDecoder - new NettyTOMMessageDecoder!!, isClient=false
19:57:59.871 [Thread-106] DEBUG bftsmart.communication.client.netty.NettyClientServerCommunicationSystemClientSide - ClientID 1002, connecting to replica 6, at address: /127.0.0.1:11060
19:57:59.871 [nioEventLoopGroup-17-4] INFO bftsmart.communication.client.netty.NettyClientServerCommunicationSystemServerSide - Session Created, active clients=0
19:57:59.871 [nioEventLoopGroup-20-7] DEBUG bftsmart.communication.client.netty.NettyTOMMessageDecoder - new NettyTOMMessageDecoder!!, isClient=true
19:57:59.871 [nioEventLoopGroup-14-5] DEBUG bftsmart.communication.client.netty.NettyTOMMessageDecoder - new NettyTOMMessageDecoder!!, isClient=false
19:57:59.871 [nioEventLoopGroup-23-8] DEBUG bftsmart.communication.client.netty.NettyClientServerCommunicationSystemClientSide - Channel active
19:57:59.871 [Thread-108] DEBUG bftsmart.proxy - Sending request (ORDERED_REQUEST) with seqId = 0
19:57:59.872 [nioEventLoopGroup-14-5] INFO bftsmart.communication.client.netty.NettyClientServerCommunicationSystemServerSide - Session Created, active clients=0
19:57:59.872 [nioEventLoopGroup-20-7] DEBUG bftsmart.communication.client.netty.NettyClientServerCommunicationSystemClientSide - Channel active
19:57:59.872 [nioEventLoopGroup-17-5] DEBUG bftsmart.communication.client.netty.NettyTOMMessageDecoder - new NettyTOMMessageDecoder!!, isClient=false
19:57:59.872 [nioEventLoopGroup-17-5] INFO bftsmart.communication.client.netty.NettyClientServerCommunicationSystemServerSide - Session Created, active clients=0
19:57:59.873 [Thread-105] DEBUG bftsmart.communication.client.netty.NettyClientServerCommunicationSystemClientSide - All channel operations completed or timed out
19:57:59.873 [Thread-110] DEBUG bftsmart.communication.client.netty.NettyClientServerCommunicationSystemClientSide - All channel operations completed or timed out
19:57:59.873 [Thread-111] DEBUG bftsmart.communication.client.netty.NettyClientServerCommunicationSystemClientSide - All channel operations completed or timed out
19:57:59.873 [nioEventLoopGroup-12-4] DEBUG bftsmart.communication.client.netty.NettyTOMMessageDecoder - new NettyTOMMessageDecoder!!, isClient=false
19:57:59.873 [Thread-105] DEBUG bftsmart.communication.client.netty.NettyClientServerCommunicationSystemClientSide - Sending request from 1001 with sequence number 0 to [2, 5, 4, 7, 0, 6, 1, 3]
19:57:59.873 [Thread-108] DEBUG bftsmart.communication.client.netty.NettyClientServerCommunicationSystemClientSide - All channel operations completed or timed out
19:57:59.873 [Thread-108] DEBUG bftsmart.communication.client.netty.NettyClientServerCommunicationSystemClientSide - Sending request from 1004 with sequence number 0 to [0, 2, 7, 6, 4, 3, 5, 1]
19:57:59.873 [Thread-104] DEBUG bftsmart.communication.client.netty.NettyClientServerCommunicationSystemClientSide - All channel operations completed or timed out
19:57:59.873 [Thread-104] DEBUG bftsmart.communication.client.netty.NettyClientServerCommunicationSystemClientSide - Sending request from 1000 with sequence number 0 to [7, 0, 3, 4, 1, 6, 2, 5]
19:57:59.873 [nioEventLoopGroup-11-6] DEBUG bftsmart.communication.client.netty.NettyTOMMessageDecoder - new NettyTOMMessageDecoder!!, isClient=false
19:57:59.873 [nioEventLoopGroup-12-4] INFO bftsmart.communication.client.netty.NettyClientServerCommunicationSystemServerSide - Session Created, active clients=0
19:57:59.873 [Thread-107] DEBUG bftsmart.communication.client.netty.NettyClientServerCommunicationSystemClientSide - All channel operations completed or timed out
19:57:59.873 [Thread-107] DEBUG bftsmart.communication.client.netty.NettyClientServerCommunicationSystemClientSide - Sending request from 1003 with sequence number 0 to [0, 3, 2, 7, 6, 5, 1, 4]
19:57:59.873 [Thread-109] DEBUG bftsmart.communication.client.netty.NettyClientServerCommunicationSystemClientSide - All channel operations completed or timed out
19:57:59.873 [Thread-109] DEBUG bftsmart.communication.client.netty.NettyClientServerCommunicationSystemClientSide - Sending request from 1005 with sequence number 0 to [1, 5, 2, 6, 3, 0, 4, 7]
19:57:59.873 [nioEventLoopGroup-11-6] INFO bftsmart.communication.client.netty.NettyClientServerCommunicationSystemServerSide - Session Created, active clients=0
19:57:59.873 [Thread-111] DEBUG bftsmart.communication.client.netty.NettyClientServerCommunicationSystemClientSide - Sending request from 1007 with sequence number 0 to [1, 0, 7, 2, 3, 4, 5, 6]
19:57:59.873 [nioEventLoopGroup-17-6] DEBUG bftsmart.communication.client.netty.NettyTOMMessageDecoder - new NettyTOMMessageDecoder!!, isClient=false
19:57:59.873 [Thread-110] DEBUG bftsmart.communication.client.netty.NettyClientServerCommunicationSystemClientSide - Sending request from 1006 with sequence number 0 to [7, 6, 5, 0, 3, 1, 2, 4]
19:57:59.873 [nioEventLoopGroup-11-5] DEBUG bftsmart.communication.client.netty.NettyTOMMessageDecoder - new NettyTOMMessageDecoder!!, isClient=false
19:57:59.873 [nioEventLoopGroup-17-6] INFO bftsmart.communication.client.netty.NettyClientServerCommunicationSystemServerSide - Session Created, active clients=0
19:57:59.873 [nioEventLoopGroup-14-6] DEBUG bftsmart.communication.client.netty.NettyTOMMessageDecoder - new NettyTOMMessageDecoder!!, isClient=false
19:57:59.873 [nioEventLoopGroup-11-5] INFO bftsmart.communication.client.netty.NettyClientServerCommunicationSystemServerSide - Session Created, active clients=0
19:57:59.873 [nioEventLoopGroup-14-6] INFO bftsmart.communication.client.netty.NettyClientServerCommunicationSystemServerSide - Session Created, active clients=0
19:57:59.874 [nioEventLoopGroup-17-7] DEBUG bftsmart.communication.client.netty.NettyTOMMessageDecoder - new NettyTOMMessageDecoder!!, isClient=false
19:57:59.874 [nioEventLoopGroup-12-5] DEBUG bftsmart.communication.client.netty.NettyTOMMessageDecoder - new NettyTOMMessageDecoder!!, isClient=false
19:57:59.874 [nioEventLoopGroup-17-7] INFO bftsmart.communication.client.netty.NettyClientServerCommunicationSystemServerSide - Session Created, active clients=0
19:57:59.874 [nioEventLoopGroup-12-5] INFO bftsmart.communication.client.netty.NettyClientServerCommunicationSystemServerSide - Session Created, active clients=0
19:57:59.874 [Thread-106] DEBUG bftsmart.communication.client.netty.NettyClientServerCommunicationSystemClientSide - ClientID 1002, connecting to replica 7, at address: /127.0.0.1:11070
19:57:59.875 [nioEventLoopGroup-20-8] DEBUG bftsmart.communication.client.netty.NettyTOMMessageDecoder - new NettyTOMMessageDecoder!!, isClient=true
19:57:59.875 [nioEventLoopGroup-14-7] DEBUG bftsmart.communication.client.netty.NettyTOMMessageDecoder - new NettyTOMMessageDecoder!!, isClient=false
19:57:59.875 [nioEventLoopGroup-14-7] INFO bftsmart.communication.client.netty.NettyClientServerCommunicationSystemServerSide - Session Created, active clients=0
19:57:59.875 [nioEventLoopGroup-12-6] DEBUG bftsmart.communication.client.netty.NettyTOMMessageDecoder - new NettyTOMMessageDecoder!!, isClient=false
19:57:59.875 [nioEventLoopGroup-12-6] INFO bftsmart.communication.client.netty.NettyClientServerCommunicationSystemServerSide - Session Created, active clients=0
19:57:59.875 [nioEventLoopGroup-20-8] DEBUG bftsmart.communication.client.netty.NettyClientServerCommunicationSystemClientSide - Channel active
19:57:59.875 [Thread-106] DEBUG bftsmart.proxy - Sending request (ORDERED_REQUEST) with seqId = 0
19:57:59.875 [Thread-106] DEBUG bftsmart.communication.client.netty.NettyClientServerCommunicationSystemClientSide - All channel operations completed or timed out
19:57:59.875 [Thread-106] DEBUG bftsmart.communication.client.netty.NettyClientServerCommunicationSystemClientSide - Sending request from 1002 with sequence number 0 to [6, 5, 0, 3, 4, 1, 7, 2]
19:57:59.876 [nioEventLoopGroup-17-8] DEBUG bftsmart.communication.client.netty.NettyTOMMessageDecoder - new NettyTOMMessageDecoder!!, isClient=false
19:57:59.876 [nioEventLoopGroup-11-7] DEBUG bftsmart.communication.client.netty.NettyTOMMessageDecoder - new NettyTOMMessageDecoder!!, isClient=false
19:57:59.876 [nioEventLoopGroup-17-8] INFO bftsmart.communication.client.netty.NettyClientServerCommunicationSystemServerSide - Session Created, active clients=0
19:57:59.876 [Thread-105] DEBUG io.netty.util.Recycler - -Dio.netty.recycler.maxCapacityPerThread: 4096
19:57:59.876 [Thread-105] DEBUG io.netty.util.Recycler - -Dio.netty.recycler.maxSharedCapacityFactor: 2
19:57:59.876 [Thread-105] DEBUG io.netty.util.Recycler - -Dio.netty.recycler.linkCapacity: 16
19:57:59.876 [Thread-105] DEBUG io.netty.util.Recycler - -Dio.netty.recycler.ratio: 8
19:57:59.876 [Thread-105] DEBUG io.netty.util.Recycler - -Dio.netty.recycler.delayedQueue.ratio: 8
19:57:59.876 [nioEventLoopGroup-12-7] DEBUG bftsmart.communication.client.netty.NettyTOMMessageDecoder - new NettyTOMMessageDecoder!!, isClient=false
19:57:59.876 [nioEventLoopGroup-11-7] INFO bftsmart.communication.client.netty.NettyClientServerCommunicationSystemServerSide - Session Created, active clients=0
19:57:59.876 [nioEventLoopGroup-12-7] INFO bftsmart.communication.client.netty.NettyClientServerCommunicationSystemServerSide - Session Created, active clients=0
19:57:59.876 [nioEventLoopGroup-14-8] DEBUG bftsmart.communication.client.netty.NettyTOMMessageDecoder - new NettyTOMMessageDecoder!!, isClient=false
19:57:59.876 [nioEventLoopGroup-14-8] INFO bftsmart.communication.client.netty.NettyClientServerCommunicationSystemServerSide - Session Created, active clients=0
19:57:59.876 [nioEventLoopGroup-12-8] DEBUG bftsmart.communication.client.netty.NettyTOMMessageDecoder - new NettyTOMMessageDecoder!!, isClient=false
19:57:59.876 [nioEventLoopGroup-12-8] INFO bftsmart.communication.client.netty.NettyClientServerCommunicationSystemServerSide - Session Created, active clients=0
19:57:59.877 [nioEventLoopGroup-11-8] DEBUG bftsmart.communication.client.netty.NettyTOMMessageDecoder - new NettyTOMMessageDecoder!!, isClient=false
19:57:59.877 [nioEventLoopGroup-11-8] INFO bftsmart.communication.client.netty.NettyClientServerCommunicationSystemServerSide - Session Created, active clients=0
19:57:59.879 [Thread-104] DEBUG bftsmart.proxy - Expected number of matching replies: 3
19:57:59.880 [Thread-111] DEBUG bftsmart.proxy - Expected number of matching replies: 3
19:57:59.880 [Thread-109] DEBUG bftsmart.proxy - Expected number of matching replies: 3
19:57:59.880 [Thread-107] DEBUG bftsmart.proxy - Expected number of matching replies: 3
19:57:59.880 [Thread-108] DEBUG bftsmart.proxy - Expected number of matching replies: 3
19:57:59.880 [Thread-110] DEBUG bftsmart.proxy - Expected number of matching replies: 3
19:57:59.880 [Thread-106] DEBUG bftsmart.proxy - Expected number of matching replies: 3
19:57:59.880 [Thread-105] DEBUG bftsmart.proxy - Expected number of matching replies: 3
19:57:59.884 [nioEventLoopGroup-21-1] DEBUG io.netty.buffer.AbstractByteBuf - -Dio.netty.buffer.checkAccessible: true
19:57:59.884 [nioEventLoopGroup-21-1] DEBUG io.netty.buffer.AbstractByteBuf - -Dio.netty.buffer.checkBounds: true
19:57:59.885 [nioEventLoopGroup-21-1] DEBUG io.netty.util.ResourceLeakDetectorFactory - Loaded default ResourceLeakDetector: io.netty.util.ResourceLeakDetector@3179fe7b
19:57:59.921 [nioEventLoopGroup-21-4] DEBUG bftsmart.communication.client.netty.NettyClientServerCommunicationSystemClientSide - 2 channel operations remaining to complete
19:57:59.921 [nioEventLoopGroup-18-3] DEBUG bftsmart.communication.client.netty.NettyClientServerCommunicationSystemClientSide - 2 channel operations remaining to complete
19:57:59.921 [nioEventLoopGroup-21-2] DEBUG bftsmart.communication.client.netty.NettyClientServerCommunicationSystemClientSide - 1 channel operations remaining to complete
19:57:59.924 [nioEventLoopGroup-24-3] DEBUG bftsmart.communication.client.netty.NettyClientServerCommunicationSystemClientSide - 2 channel operations remaining to complete
19:57:59.926 [nioEventLoopGroup-23-7] DEBUG bftsmart.communication.client.netty.NettyClientServerCommunicationSystemClientSide - 2 channel operations remaining to complete
19:57:59.926 [nioEventLoopGroup-25-8] DEBUG bftsmart.communication.client.netty.NettyClientServerCommunicationSystemClientSide - 2 channel operations remaining to complete
19:57:59.925 [nioEventLoopGroup-18-5] DEBUG bftsmart.communication.client.netty.NettyClientServerCommunicationSystemClientSide - 1 channel operations remaining to complete
19:57:59.924 [nioEventLoopGroup-20-7] DEBUG bftsmart.communication.client.netty.NettyClientServerCommunicationSystemClientSide - 2 channel operations remaining to complete
19:57:59.927 [nioEventLoopGroup-23-3] DEBUG bftsmart.communication.client.netty.NettyClientServerCommunicationSystemClientSide - 1 channel operations remaining to complete
19:57:59.927 [nioEventLoopGroup-22-6] DEBUG bftsmart.communication.client.netty.NettyClientServerCommunicationSystemClientSide - 2 channel operations remaining to complete
19:57:59.927 [nioEventLoopGroup-18-6] DEBUG bftsmart.communication.client.netty.NettyClientServerCommunicationSystemClientSide - 0 channel operations remaining to complete
19:57:59.927 [nioEventLoopGroup-23-6] DEBUG bftsmart.communication.client.netty.NettyClientServerCommunicationSystemClientSide - 0 channel operations remaining to complete
19:57:59.924 [nioEventLoopGroup-21-1] DEBUG bftsmart.communication.client.netty.NettyClientServerCommunicationSystemClientSide - 0 channel operations remaining to complete
19:57:59.927 [nioEventLoopGroup-20-2] DEBUG bftsmart.communication.client.netty.NettyClientServerCommunicationSystemClientSide - 1 channel operations remaining to complete
19:57:59.927 [nioEventLoopGroup-20-5] DEBUG bftsmart.communication.client.netty.NettyClientServerCommunicationSystemClientSide - 0 channel operations remaining to complete
19:57:59.927 [nioEventLoopGroup-18-8] DEBUG bftsmart.communication.client.netty.NettyClientServerCommunicationSystemClientSide - -1 channel operations remaining to complete
19:57:59.928 [nioEventLoopGroup-24-6] DEBUG bftsmart.communication.client.netty.NettyClientServerCommunicationSystemClientSide - 1 channel operations remaining to complete
19:57:59.927 [nioEventLoopGroup-22-2] DEBUG bftsmart.communication.client.netty.NettyClientServerCommunicationSystemClientSide - 1 channel operations remaining to complete
19:57:59.928 [nioEventLoopGroup-18-4] DEBUG bftsmart.communication.client.netty.NettyClientServerCommunicationSystemClientSide - -2 channel operations remaining to complete
19:57:59.927 [nioEventLoopGroup-23-4] DEBUG bftsmart.communication.client.netty.NettyClientServerCommunicationSystemClientSide - -1 channel operations remaining to complete
19:57:59.928 [nioEventLoopGroup-23-5] DEBUG bftsmart.communication.client.netty.NettyClientServerCommunicationSystemClientSide - -2 channel operations remaining to complete
19:57:59.928 [nioEventLoopGroup-21-5] DEBUG bftsmart.communication.client.netty.NettyClientServerCommunicationSystemClientSide - -1 channel operations remaining to complete
19:57:59.928 [nioEventLoopGroup-20-3] DEBUG bftsmart.communication.client.netty.NettyClientServerCommunicationSystemClientSide - -1 channel operations remaining to complete
19:57:59.928 [nioEventLoopGroup-21-6] DEBUG bftsmart.communication.client.netty.NettyClientServerCommunicationSystemClientSide - -2 channel operations remaining to complete
19:57:59.928 [nioEventLoopGroup-23-2] DEBUG bftsmart.communication.client.netty.NettyClientServerCommunicationSystemClientSide - -3 channel operations remaining to complete
19:57:59.928 [nioEventLoopGroup-21-7] DEBUG bftsmart.communication.client.netty.NettyClientServerCommunicationSystemClientSide - -3 channel operations remaining to complete
19:57:59.928 [nioEventLoopGroup-25-6] DEBUG bftsmart.communication.client.netty.NettyClientServerCommunicationSystemClientSide - 1 channel operations remaining to complete
19:57:59.928 [nioEventLoopGroup-24-5] DEBUG bftsmart.communication.client.netty.NettyClientServerCommunicationSystemClientSide - 0 channel operations remaining to complete
19:57:59.928 [nioEventLoopGroup-22-8] DEBUG bftsmart.communication.client.netty.NettyClientServerCommunicationSystemClientSide - 0 channel operations remaining to complete
19:57:59.929 [nioEventLoopGroup-21-8] DEBUG bftsmart.communication.client.netty.NettyClientServerCommunicationSystemClientSide - -4 channel operations remaining to complete
19:57:59.929 [nioEventLoopGroup-20-1] DEBUG bftsmart.communication.client.netty.NettyClientServerCommunicationSystemClientSide - -2 channel operations remaining to complete
19:57:59.930 [nioEventLoopGroup-24-4] DEBUG bftsmart.communication.client.netty.NettyClientServerCommunicationSystemClientSide - -1 channel operations remaining to complete
19:57:59.930 [nioEventLoopGroup-22-7] DEBUG bftsmart.communication.client.netty.NettyClientServerCommunicationSystemClientSide - -1 channel operations remaining to complete
19:57:59.930 [nioEventLoopGroup-19-5] DEBUG bftsmart.communication.client.netty.NettyClientServerCommunicationSystemClientSide - 2 channel operations remaining to complete
19:57:59.930 [nioEventLoopGroup-24-8] DEBUG bftsmart.communication.client.netty.NettyClientServerCommunicationSystemClientSide - -2 channel operations remaining to complete
19:57:59.930 [nioEventLoopGroup-22-1] DEBUG bftsmart.communication.client.netty.NettyClientServerCommunicationSystemClientSide - -2 channel operations remaining to complete
19:57:59.930 [nioEventLoopGroup-25-3] DEBUG bftsmart.communication.client.netty.NettyClientServerCommunicationSystemClientSide - 0 channel operations remaining to complete
19:57:59.930 [nioEventLoopGroup-20-6] DEBUG bftsmart.communication.client.netty.NettyClientServerCommunicationSystemClientSide - -3 channel operations remaining to complete
19:57:59.931 [nioEventLoopGroup-18-7] DEBUG bftsmart.communication.client.netty.NettyClientServerCommunicationSystemClientSide - -3 channel operations remaining to complete
19:57:59.932 [nioEventLoopGroup-24-7] DEBUG bftsmart.communication.client.netty.NettyClientServerCommunicationSystemClientSide - -3 channel operations remaining to complete
19:57:59.932 [nioEventLoopGroup-22-3] DEBUG bftsmart.communication.client.netty.NettyClientServerCommunicationSystemClientSide - -3 channel operations remaining to complete
19:57:59.932 [nioEventLoopGroup-25-7] DEBUG bftsmart.communication.client.netty.NettyClientServerCommunicationSystemClientSide - -1 channel operations remaining to complete
19:57:59.932 [nioEventLoopGroup-19-4] DEBUG bftsmart.communication.client.netty.NettyClientServerCommunicationSystemClientSide - 1 channel operations remaining to complete
19:57:59.932 [nioEventLoopGroup-22-4] DEBUG bftsmart.communication.client.netty.NettyClientServerCommunicationSystemClientSide - -4 channel operations remaining to complete
19:57:59.932 [nioEventLoopGroup-19-6] DEBUG bftsmart.communication.client.netty.NettyClientServerCommunicationSystemClientSide - 0 channel operations remaining to complete
19:57:59.932 [nioEventLoopGroup-22-5] DEBUG bftsmart.communication.client.netty.NettyClientServerCommunicationSystemClientSide - -5 channel operations remaining to complete
19:57:59.932 [nioEventLoopGroup-19-2] DEBUG bftsmart.communication.client.netty.NettyClientServerCommunicationSystemClientSide - -1 channel operations remaining to complete
19:57:59.932 [nioEventLoopGroup-23-1] DEBUG bftsmart.communication.client.netty.NettyClientServerCommunicationSystemClientSide - -4 channel operations remaining to complete
19:57:59.932 [nioEventLoopGroup-19-3] DEBUG bftsmart.communication.client.netty.NettyClientServerCommunicationSystemClientSide - -2 channel operations remaining to complete
19:57:59.932 [nioEventLoopGroup-20-8] DEBUG bftsmart.communication.client.netty.NettyClientServerCommunicationSystemClientSide - -4 channel operations remaining to complete
19:57:59.932 [nioEventLoopGroup-23-8] DEBUG bftsmart.communication.client.netty.NettyClientServerCommunicationSystemClientSide - -5 channel operations remaining to complete
19:57:59.932 [nioEventLoopGroup-25-2] DEBUG bftsmart.communication.client.netty.NettyClientServerCommunicationSystemClientSide - -2 channel operations remaining to complete
19:57:59.932 [nioEventLoopGroup-24-1] DEBUG bftsmart.communication.client.netty.NettyClientServerCommunicationSystemClientSide - -4 channel operations remaining to complete
19:57:59.932 [nioEventLoopGroup-20-4] DEBUG bftsmart.communication.client.netty.NettyClientServerCommunicationSystemClientSide - -5 channel operations remaining to complete
19:57:59.933 [nioEventLoopGroup-21-3] DEBUG bftsmart.communication.client.netty.NettyClientServerCommunicationSystemClientSide - -5 channel operations remaining to complete
19:57:59.933 [nioEventLoopGroup-19-8] DEBUG bftsmart.communication.client.netty.NettyClientServerCommunicationSystemClientSide - -3 channel operations remaining to complete
19:57:59.933 [nioEventLoopGroup-19-1] DEBUG bftsmart.communication.client.netty.NettyClientServerCommunicationSystemClientSide - -4 channel operations remaining to complete
19:57:59.934 [nioEventLoopGroup-18-2] DEBUG bftsmart.communication.client.netty.NettyClientServerCommunicationSystemClientSide - -4 channel operations remaining to complete
19:57:59.934 [nioEventLoopGroup-24-2] DEBUG bftsmart.communication.client.netty.NettyClientServerCommunicationSystemClientSide - -5 channel operations remaining to complete
19:57:59.934 [nioEventLoopGroup-25-5] DEBUG bftsmart.communication.client.netty.NettyClientServerCommunicationSystemClientSide - -3 channel operations remaining to complete
19:57:59.935 [nioEventLoopGroup-25-4] DEBUG bftsmart.communication.client.netty.NettyClientServerCommunicationSystemClientSide - -4 channel operations remaining to complete
19:57:59.936 [nioEventLoopGroup-19-7] DEBUG bftsmart.communication.client.netty.NettyClientServerCommunicationSystemClientSide - -5 channel operations remaining to complete
19:57:59.937 [nioEventLoopGroup-25-1] DEBUG bftsmart.communication.client.netty.NettyClientServerCommunicationSystemClientSide - -5 channel operations remaining to complete
19:57:59.939 [nioEventLoopGroup-18-1] DEBUG bftsmart.communication.client.netty.NettyClientServerCommunicationSystemClientSide - -5 channel operations remaining to complete
19:57:59.952 [nioEventLoopGroup-12-8] DEBUG bftsmart.communication.client.netty.NettyTOMMessageDecoder - Active clients: 1
19:57:59.952 [nioEventLoopGroup-15-5] DEBUG bftsmart.communication.client.netty.NettyTOMMessageDecoder - Active clients: 1
19:57:59.952 [nioEventLoopGroup-14-3] DEBUG bftsmart.communication.client.netty.NettyTOMMessageDecoder - Active clients: 1
19:57:59.952 [nioEventLoopGroup-14-3] DEBUG bftsmart.communication.client.netty.NettyTOMMessageDecoder - Decoded reply from 1001 with sequence number 0
19:57:59.952 [nioEventLoopGroup-17-1] DEBUG bftsmart.communication.client.netty.NettyTOMMessageDecoder - Active clients: 1
19:57:59.952 [nioEventLoopGroup-13-4] DEBUG bftsmart.communication.client.netty.NettyTOMMessageDecoder - Active clients: 1
19:57:59.952 [nioEventLoopGroup-17-2] DEBUG bftsmart.communication.client.netty.NettyTOMMessageDecoder - Active clients: 2
19:57:59.952 [nioEventLoopGroup-14-8] DEBUG bftsmart.communication.client.netty.NettyTOMMessageDecoder - Active clients: 2
19:57:59.952 [nioEventLoopGroup-17-1] DEBUG bftsmart.communication.client.netty.NettyTOMMessageDecoder - Decoded reply from 1000 with sequence number 0
19:57:59.952 [nioEventLoopGroup-14-8] DEBUG bftsmart.communication.client.netty.NettyTOMMessageDecoder - Decoded reply from 1002 with sequence number 0
19:57:59.952 [nioEventLoopGroup-14-5] DEBUG bftsmart.communication.client.netty.NettyTOMMessageDecoder - Active clients: 3
19:57:59.952 [nioEventLoopGroup-14-5] DEBUG bftsmart.communication.client.netty.NettyTOMMessageDecoder - Decoded reply from 1007 with sequence number 0
19:57:59.952 [nioEventLoopGroup-15-8] DEBUG bftsmart.communication.client.netty.NettyTOMMessageDecoder - Active clients: 2
19:57:59.952 [nioEventLoopGroup-15-8] DEBUG bftsmart.communication.client.netty.NettyTOMMessageDecoder - Decoded reply from 1002 with sequence number 0
19:57:59.952 [nioEventLoopGroup-13-8] DEBUG bftsmart.communication.client.netty.NettyTOMMessageDecoder - Active clients: 2
19:57:59.952 [nioEventLoopGroup-12-5] DEBUG bftsmart.communication.client.netty.NettyTOMMessageDecoder - Active clients: 2
19:57:59.952 [nioEventLoopGroup-12-5] DEBUG bftsmart.communication.client.netty.NettyTOMMessageDecoder - Decoded reply from 1007 with sequence number 0
19:57:59.952 [nioEventLoopGroup-14-2] DEBUG bftsmart.communication.client.netty.NettyTOMMessageDecoder - Active clients: 4
19:57:59.952 [nioEventLoopGroup-14-2] DEBUG bftsmart.communication.client.netty.NettyTOMMessageDecoder - Decoded reply from 1004 with sequence number 0
19:57:59.952 [nioEventLoopGroup-12-1] DEBUG bftsmart.communication.client.netty.NettyTOMMessageDecoder - Active clients: 3
19:57:59.952 [nioEventLoopGroup-12-1] DEBUG bftsmart.communication.client.netty.NettyTOMMessageDecoder - Decoded reply from 1006 with sequence number 0
19:57:59.952 [nioEventLoopGroup-13-5] DEBUG bftsmart.communication.client.netty.NettyTOMMessageDecoder - Active clients: 3
19:57:59.952 [nioEventLoopGroup-13-5] DEBUG bftsmart.communication.client.netty.NettyTOMMessageDecoder - Decoded reply from 1007 with sequence number 0
19:57:59.952 [nioEventLoopGroup-10-2] DEBUG bftsmart.communication.client.netty.NettyTOMMessageDecoder - Active clients: 1
19:57:59.952 [nioEventLoopGroup-15-5] DEBUG bftsmart.communication.client.netty.NettyTOMMessageDecoder - Decoded reply from 1004 with sequence number 0
19:57:59.952 [nioEventLoopGroup-10-2] DEBUG bftsmart.communication.client.netty.NettyTOMMessageDecoder - Decoded reply from 1000 with sequence number 0
19:57:59.952 [nioEventLoopGroup-16-3] DEBUG bftsmart.communication.client.netty.NettyTOMMessageDecoder - Active clients: 1
19:57:59.952 [nioEventLoopGroup-12-8] DEBUG bftsmart.communication.client.netty.NettyTOMMessageDecoder - Decoded reply from 1002 with sequence number 0
19:57:59.952 [nioEventLoopGroup-13-6] DEBUG bftsmart.communication.client.netty.NettyTOMMessageDecoder - Active clients: 4
19:57:59.952 [nioEventLoopGroup-13-6] DEBUG bftsmart.communication.client.netty.NettyTOMMessageDecoder - Decoded reply from 1005 with sequence number 0
19:57:59.952 [nioEventLoopGroup-13-5] DEBUG bftsmart.tom.core.TOMLayer - Received TOMMessage from client 1007 with sequence number 0 for session -1335612118
19:57:59.952 [nioEventLoopGroup-11-3] DEBUG bftsmart.communication.client.netty.NettyTOMMessageDecoder - Active clients: 1
19:57:59.952 [nioEventLoopGroup-12-8] DEBUG bftsmart.tom.core.TOMLayer - Received TOMMessage from client 1002 with sequence number 0 for session -387272110
19:57:59.952 [nioEventLoopGroup-12-7] DEBUG bftsmart.communication.client.netty.NettyTOMMessageDecoder - Active clients: 4
19:57:59.952 [nioEventLoopGroup-16-3] DEBUG bftsmart.communication.client.netty.NettyTOMMessageDecoder - Decoded reply from 1006 with sequence number 0
19:57:59.952 [nioEventLoopGroup-11-3] DEBUG bftsmart.communication.client.netty.NettyTOMMessageDecoder - Decoded reply from 1007 with sequence number 0
19:57:59.952 [nioEventLoopGroup-17-2] DEBUG bftsmart.communication.client.netty.NettyTOMMessageDecoder - Decoded reply from 1006 with sequence number 0
19:57:59.953 [nioEventLoopGroup-12-5] DEBUG bftsmart.tom.core.TOMLayer - Received TOMMessage from client 1007 with sequence number 0 for session -1335612118
19:57:59.953 [nioEventLoopGroup-14-2] DEBUG bftsmart.tom.core.TOMLayer - Received TOMMessage from client 1004 with sequence number 0 for session 2054053169
19:57:59.953 [nioEventLoopGroup-14-5] DEBUG bftsmart.tom.core.TOMLayer - Received TOMMessage from client 1007 with sequence number 0 for session -1335612118
19:57:59.953 [nioEventLoopGroup-14-2] DEBUG bftsmart.clientsmanagement.ClientsManager - Creating new client data, client id=1004
19:57:59.953 [nioEventLoopGroup-11-3] DEBUG bftsmart.tom.core.TOMLayer - Received TOMMessage from client 1007 with sequence number 0 for session -1335612118
19:57:59.952 [nioEventLoopGroup-13-4] DEBUG bftsmart.communication.client.netty.NettyTOMMessageDecoder - Decoded reply from 1002 with sequence number 0
19:57:59.953 [nioEventLoopGroup-12-6] DEBUG bftsmart.communication.client.netty.NettyTOMMessageDecoder - Active clients: 5
19:57:59.953 [nioEventLoopGroup-17-1] DEBUG bftsmart.tom.core.TOMLayer - Received TOMMessage from client 1000 with sequence number 0 for session -241918573
19:57:59.953 [nioEventLoopGroup-10-7] DEBUG bftsmart.communication.client.netty.NettyTOMMessageDecoder - Active clients: 2
19:57:59.953 [nioEventLoopGroup-10-7] DEBUG bftsmart.communication.client.netty.NettyTOMMessageDecoder - Decoded reply from 1003 with sequence number 0
19:57:59.952 [nioEventLoopGroup-15-2] DEBUG bftsmart.communication.client.netty.NettyTOMMessageDecoder - Active clients: 3
19:57:59.953 [nioEventLoopGroup-12-2] DEBUG bftsmart.communication.client.netty.NettyTOMMessageDecoder - Active clients: 6
19:57:59.953 [nioEventLoopGroup-12-2] DEBUG bftsmart.communication.client.netty.NettyTOMMessageDecoder - Decoded reply from 1000 with sequence number 0
19:57:59.953 [nioEventLoopGroup-14-3] DEBUG bftsmart.tom.core.TOMLayer - Received TOMMessage from client 1001 with sequence number 0 for session 1513111196
19:57:59.952 [nioEventLoopGroup-13-8] DEBUG bftsmart.communication.client.netty.NettyTOMMessageDecoder - Decoded reply from 1001 with sequence number 0
19:57:59.953 [nioEventLoopGroup-15-2] DEBUG bftsmart.communication.client.netty.NettyTOMMessageDecoder - Decoded reply from 1000 with sequence number 0
19:57:59.953 [nioEventLoopGroup-12-2] DEBUG bftsmart.tom.core.TOMLayer - Received TOMMessage from client 1000 with sequence number 0 for session -241918573
19:57:59.952 [nioEventLoopGroup-14-4] DEBUG bftsmart.communication.client.netty.NettyTOMMessageDecoder - Active clients: 5
19:57:59.953 [nioEventLoopGroup-13-8] DEBUG bftsmart.tom.core.TOMLayer - Received TOMMessage from client 1001 with sequence number 0 for session 1513111196
19:57:59.952 [nioEventLoopGroup-17-3] DEBUG bftsmart.communication.client.netty.NettyTOMMessageDecoder - Active clients: 3
19:57:59.952 [nioEventLoopGroup-12-1] DEBUG bftsmart.tom.core.TOMLayer - Received TOMMessage from client 1006 with sequence number 0 for session -243496129
19:57:59.953 [nioEventLoopGroup-17-3] DEBUG bftsmart.communication.client.netty.NettyTOMMessageDecoder - Decoded reply from 1003 with sequence number 0
19:57:59.952 [nioEventLoopGroup-13-6] DEBUG bftsmart.tom.core.TOMLayer - Received TOMMessage from client 1005 with sequence number 0 for session 1465241691
19:57:59.953 [nioEventLoopGroup-17-3] DEBUG bftsmart.tom.core.TOMLayer - Received TOMMessage from client 1003 with sequence number 0 for session -1623191915
19:57:59.953 [nioEventLoopGroup-17-8] DEBUG bftsmart.communication.client.netty.NettyTOMMessageDecoder - Active clients: 4
19:57:59.952 [nioEventLoopGroup-15-8] DEBUG bftsmart.tom.core.TOMLayer - Received TOMMessage from client 1002 with sequence number 0 for session -387272110
19:57:59.953 [nioEventLoopGroup-17-8] DEBUG bftsmart.communication.client.netty.NettyTOMMessageDecoder - Decoded reply from 1002 with sequence number 0
19:57:59.953 [nioEventLoopGroup-14-6] DEBUG bftsmart.communication.client.netty.NettyTOMMessageDecoder - Active clients: 6
19:57:59.953 [nioEventLoopGroup-12-4] DEBUG bftsmart.communication.client.netty.NettyTOMMessageDecoder - Active clients: 7
19:57:59.953 [nioEventLoopGroup-14-6] DEBUG bftsmart.communication.client.netty.NettyTOMMessageDecoder - Decoded reply from 1003 with sequence number 0
19:57:59.953 [nioEventLoopGroup-17-8] DEBUG bftsmart.tom.core.TOMLayer - Received TOMMessage from client 1002 with sequence number 0 for session -387272110
19:57:59.953 [nioEventLoopGroup-17-7] DEBUG bftsmart.communication.client.netty.NettyTOMMessageDecoder - Active clients: 5
19:57:59.953 [nioEventLoopGroup-12-4] DEBUG bftsmart.communication.client.netty.NettyTOMMessageDecoder - Decoded reply from 1003 with sequence number 0
19:57:59.953 [nioEventLoopGroup-14-6] DEBUG bftsmart.tom.core.TOMLayer - Received TOMMessage from client 1003 with sequence number 0 for session -1623191915
19:57:59.952 [nioEventLoopGroup-12-7] DEBUG bftsmart.communication.client.netty.NettyTOMMessageDecoder - Decoded reply from 1004 with sequence number 0
19:57:59.953 [nioEventLoopGroup-17-7] DEBUG bftsmart.communication.client.netty.NettyTOMMessageDecoder - Decoded reply from 1004 with sequence number 0
19:57:59.953 [nioEventLoopGroup-12-4] DEBUG bftsmart.tom.core.TOMLayer - Received TOMMessage from client 1003 with sequence number 0 for session -1623191915
19:57:59.953 [nioEventLoopGroup-17-5] DEBUG bftsmart.communication.client.netty.NettyTOMMessageDecoder - Active clients: 6
19:57:59.953 [nioEventLoopGroup-17-5] DEBUG bftsmart.communication.client.netty.NettyTOMMessageDecoder - Decoded reply from 1001 with sequence number 0
19:57:59.952 [nioEventLoopGroup-12-8] DEBUG bftsmart.clientsmanagement.ClientsManager - Creating new client data, client id=1002
19:57:59.953 [nioEventLoopGroup-12-7] DEBUG bftsmart.tom.core.TOMLayer - Received TOMMessage from client 1004 with sequence number 0 for session 2054053169
19:57:59.953 [nioEventLoopGroup-17-5] DEBUG bftsmart.tom.core.TOMLayer - Received TOMMessage from client 1001 with sequence number 0 for session 1513111196
19:57:59.952 [nioEventLoopGroup-13-5] DEBUG bftsmart.clientsmanagement.ClientsManager - Creating new client data, client id=1007
19:57:59.953 [nioEventLoopGroup-17-4] DEBUG bftsmart.communication.client.netty.NettyTOMMessageDecoder - Active clients: 7
19:57:59.955 [nioEventLoopGroup-12-5] DEBUG bftsmart.clientsmanagement.ClientsManager - Creating new client data, client id=1007
19:57:59.955 [nioEventLoopGroup-12-3] DEBUG bftsmart.communication.client.netty.NettyTOMMessageDecoder - Active clients: 8
19:57:59.955 [nioEventLoopGroup-12-3] DEBUG bftsmart.communication.client.netty.NettyTOMMessageDecoder - Decoded reply from 1005 with sequence number 0
19:57:59.955 [nioEventLoopGroup-17-6] DEBUG bftsmart.communication.client.netty.NettyTOMMessageDecoder - Active clients: 8
19:57:59.955 [nioEventLoopGroup-17-6] DEBUG bftsmart.communication.client.netty.NettyTOMMessageDecoder - Decoded reply from 1007 with sequence number 0
19:57:59.955 [nioEventLoopGroup-13-8] DEBUG bftsmart.clientsmanagement.ClientsManager - Creating new client data, client id=1001
19:57:59.955 [nioEventLoopGroup-12-2] DEBUG bftsmart.clientsmanagement.ClientsManager - Creating new client data, client id=1000
19:57:59.955 [nioEventLoopGroup-13-6] DEBUG bftsmart.clientsmanagement.ClientsManager - Creating new client data, client id=1005
19:57:59.953 [nioEventLoopGroup-15-5] DEBUG bftsmart.tom.core.TOMLayer - Received TOMMessage from client 1004 with sequence number 0 for session 2054053169
19:57:59.953 [nioEventLoopGroup-16-7] DEBUG bftsmart.communication.client.netty.NettyTOMMessageDecoder - Active clients: 2
19:57:59.953 [nioEventLoopGroup-16-3] DEBUG bftsmart.tom.core.TOMLayer - Received TOMMessage from client 1006 with sequence number 0 for session -243496129
19:57:59.955 [nioEventLoopGroup-16-7] DEBUG bftsmart.communication.client.netty.NettyTOMMessageDecoder - Decoded reply from 1005 with sequence number 0
19:57:59.955 [nioEventLoopGroup-16-3] DEBUG bftsmart.clientsmanagement.ClientsManager - Creating new client data, client id=1006
19:57:59.953 [nioEventLoopGroup-17-2] DEBUG bftsmart.tom.core.TOMLayer - Received TOMMessage from client 1006 with sequence number 0 for session -243496129
19:57:59.955 [nioEventLoopGroup-16-7] DEBUG bftsmart.tom.core.TOMLayer - Received TOMMessage from client 1005 with sequence number 0 for session 1465241691
19:57:59.955 [nioEventLoopGroup-16-7] DEBUG bftsmart.clientsmanagement.ClientsManager - Creating new client data, client id=1005
19:57:59.953 [nioEventLoopGroup-10-2] DEBUG bftsmart.tom.core.TOMLayer - Received TOMMessage from client 1000 with sequence number 0 for session -241918573
19:57:59.955 [nioEventLoopGroup-10-2] DEBUG bftsmart.clientsmanagement.ClientsManager - Creating new client data, client id=1000
19:57:59.953 [nioEventLoopGroup-14-8] DEBUG bftsmart.tom.core.TOMLayer - Received TOMMessage from client 1002 with sequence number 0 for session -387272110
19:57:59.953 [nioEventLoopGroup-11-4] DEBUG bftsmart.communication.client.netty.NettyTOMMessageDecoder - Active clients: 2
19:57:59.953 [nioEventLoopGroup-11-3] DEBUG bftsmart.clientsmanagement.ClientsManager - Creating new client data, client id=1007
19:57:59.953 [nioEventLoopGroup-12-6] DEBUG bftsmart.communication.client.netty.NettyTOMMessageDecoder - Decoded reply from 1001 with sequence number 0
19:57:59.956 [nioEventLoopGroup-11-4] DEBUG bftsmart.communication.client.netty.NettyTOMMessageDecoder - Decoded reply from 1001 with sequence number 0
19:57:59.956 [nioEventLoopGroup-11-6] DEBUG bftsmart.communication.client.netty.NettyTOMMessageDecoder - Active clients: 3
19:57:59.956 [nioEventLoopGroup-11-6] DEBUG bftsmart.communication.client.netty.NettyTOMMessageDecoder - Decoded reply from 1005 with sequence number 0
19:57:59.953 [nioEventLoopGroup-17-1] DEBUG bftsmart.clientsmanagement.ClientsManager - Creating new client data, client id=1000
19:57:59.956 [nioEventLoopGroup-11-7] DEBUG bftsmart.communication.client.netty.NettyTOMMessageDecoder - Active clients: 4
19:57:59.956 [nioEventLoopGroup-11-7] DEBUG bftsmart.communication.client.netty.NettyTOMMessageDecoder - Decoded reply from 1004 with sequence number 0
19:57:59.953 [nioEventLoopGroup-10-8] DEBUG bftsmart.communication.client.netty.NettyTOMMessageDecoder - Active clients: 3
19:57:59.956 [nioEventLoopGroup-11-7] DEBUG bftsmart.tom.core.TOMLayer - Received TOMMessage from client 1004 with sequence number 0 for session 2054053169
19:57:59.956 [nioEventLoopGroup-11-7] DEBUG bftsmart.clientsmanagement.ClientsManager - Creating new client data, client id=1004
19:57:59.956 [nioEventLoopGroup-17-3] DEBUG bftsmart.clientsmanagement.ClientsManager - Creating new client data, client id=1003
19:57:59.953 [nioEventLoopGroup-13-4] DEBUG bftsmart.tom.core.TOMLayer - Received TOMMessage from client 1002 with sequence number 0 for session -387272110
19:57:59.956 [nioEventLoopGroup-10-8] DEBUG bftsmart.communication.client.netty.NettyTOMMessageDecoder - Decoded reply from 1002 with sequence number 0
19:57:59.956 [nioEventLoopGroup-13-4] DEBUG bftsmart.clientsmanagement.ClientsManager - Creating new client data, client id=1002
19:57:59.956 [nioEventLoopGroup-11-1] DEBUG bftsmart.communication.client.netty.NettyTOMMessageDecoder - Active clients: 5
19:57:59.953 [nioEventLoopGroup-10-7] DEBUG bftsmart.tom.core.TOMLayer - Received TOMMessage from client 1003 with sequence number 0 for session -1623191915
19:57:59.956 [nioEventLoopGroup-11-1] DEBUG bftsmart.communication.client.netty.NettyTOMMessageDecoder - Decoded reply from 1006 with sequence number 0
19:57:59.956 [nioEventLoopGroup-10-7] DEBUG bftsmart.clientsmanagement.ClientsManager - Creating new client data, client id=1003
19:57:59.953 [nioEventLoopGroup-13-2] DEBUG bftsmart.communication.client.netty.NettyTOMMessageDecoder - Active clients: 5
19:57:59.956 [nioEventLoopGroup-11-1] DEBUG bftsmart.tom.core.TOMLayer - Received TOMMessage from client 1006 with sequence number 0 for session -243496129
19:57:59.956 [nioEventLoopGroup-11-1] DEBUG bftsmart.clientsmanagement.ClientsManager - Creating new client data, client id=1006
19:57:59.956 [nioEventLoopGroup-11-2] DEBUG bftsmart.communication.client.netty.NettyTOMMessageDecoder - Active clients: 6
19:57:59.953 [nioEventLoopGroup-15-2] DEBUG bftsmart.tom.core.TOMLayer - Received TOMMessage from client 1000 with sequence number 0 for session -241918573
19:57:59.956 [nioEventLoopGroup-13-2] DEBUG bftsmart.communication.client.netty.NettyTOMMessageDecoder - Decoded reply from 1000 with sequence number 0
19:57:59.956 [nioEventLoopGroup-11-8] DEBUG bftsmart.communication.client.netty.NettyTOMMessageDecoder - Active clients: 7
19:57:59.953 [nioEventLoopGroup-15-4] DEBUG bftsmart.communication.client.netty.NettyTOMMessageDecoder - Active clients: 4
19:57:59.956 [nioEventLoopGroup-11-5] DEBUG bftsmart.communication.client.netty.NettyTOMMessageDecoder - Active clients: 8
19:57:59.956 [nioEventLoopGroup-11-5] DEBUG bftsmart.communication.client.netty.NettyTOMMessageDecoder - Decoded reply from 1003 with sequence number 0
19:57:59.953 [nioEventLoopGroup-14-4] DEBUG bftsmart.communication.client.netty.NettyTOMMessageDecoder - Decoded reply from 1000 with sequence number 0
19:57:59.956 [nioEventLoopGroup-11-5] DEBUG bftsmart.tom.core.TOMLayer - Received TOMMessage from client 1003 with sequence number 0 for session -1623191915
19:57:59.956 [nioEventLoopGroup-15-4] DEBUG bftsmart.communication.client.netty.NettyTOMMessageDecoder - Decoded reply from 1007 with sequence number 0
19:57:59.956 [nioEventLoopGroup-11-5] DEBUG bftsmart.clientsmanagement.ClientsManager - Creating new client data, client id=1003
19:57:59.956 [nioEventLoopGroup-12-8] DEBUG bftsmart.clientsmanagement.ClientsManager - Message from client 1002 is valid
19:57:59.953 [nioEventLoopGroup-15-8] DEBUG bftsmart.clientsmanagement.ClientsManager - Creating new client data, client id=1002
19:57:59.956 [nioEventLoopGroup-15-4] DEBUG bftsmart.tom.core.TOMLayer - Received TOMMessage from client 1007 with sequence number 0 for session -1335612118
19:57:59.956 [nioEventLoopGroup-12-2] DEBUG bftsmart.clientsmanagement.ClientsManager - Message from client 1000 is valid
19:57:59.956 [nioEventLoopGroup-16-3] DEBUG bftsmart.clientsmanagement.ClientsManager - Message from client 1006 is valid
19:57:59.953 [nioEventLoopGroup-14-1] DEBUG bftsmart.communication.client.netty.NettyTOMMessageDecoder - Active clients: 7
19:57:59.953 [nioEventLoopGroup-17-7] DEBUG bftsmart.tom.core.TOMLayer - Received TOMMessage from client 1004 with sequence number 0 for session 2054053169
19:57:59.956 [nioEventLoopGroup-14-1] DEBUG bftsmart.communication.client.netty.NettyTOMMessageDecoder - Decoded reply from 1006 with sequence number 0
19:57:59.956 [nioEventLoopGroup-11-6] DEBUG bftsmart.tom.core.TOMLayer - Received TOMMessage from client 1005 with sequence number 0 for session 1465241691
19:57:59.955 [nioEventLoopGroup-17-4] DEBUG bftsmart.communication.client.netty.NettyTOMMessageDecoder - Decoded reply from 1005 with sequence number 0
19:57:59.956 [nioEventLoopGroup-11-6] DEBUG bftsmart.clientsmanagement.ClientsManager - Creating new client data, client id=1005
19:57:59.956 [nioEventLoopGroup-14-1] DEBUG bftsmart.tom.core.TOMLayer - Received TOMMessage from client 1006 with sequence number 0 for session -243496129
19:57:59.955 [nioEventLoopGroup-14-5] DEBUG bftsmart.clientsmanagement.ClientsManager - Creating new client data, client id=1007
19:57:59.956 [nioEventLoopGroup-17-4] DEBUG bftsmart.tom.core.TOMLayer - Received TOMMessage from client 1005 with sequence number 0 for session 1465241691
19:57:59.955 [nioEventLoopGroup-12-3] DEBUG bftsmart.tom.core.TOMLayer - Received TOMMessage from client 1005 with sequence number 0 for session 1465241691
19:57:59.956 [nioEventLoopGroup-13-5] DEBUG bftsmart.clientsmanagement.ClientsManager - Message from client 1007 is valid
19:57:59.955 [nioEventLoopGroup-17-6] DEBUG bftsmart.tom.core.TOMLayer - Received TOMMessage from client 1007 with sequence number 0 for session -1335612118
19:57:59.957 [nioEventLoopGroup-14-3] DEBUG bftsmart.clientsmanagement.ClientsManager - Creating new client data, client id=1001
19:57:59.955 [nioEventLoopGroup-12-1] DEBUG bftsmart.clientsmanagement.ClientsManager - Creating new client data, client id=1006
19:57:59.957 [nioEventLoopGroup-10-7] DEBUG bftsmart.clientsmanagement.ClientsManager - Message from client 1003 is valid
19:57:59.957 [nioEventLoopGroup-14-6] DEBUG bftsmart.clientsmanagement.ClientsManager - Creating new client data, client id=1003
19:57:59.957 [nioEventLoopGroup-11-5] DEBUG bftsmart.clientsmanagement.ClientsManager - Message from client 1003 is valid
19:57:59.957 [nioEventLoopGroup-14-5] DEBUG bftsmart.clientsmanagement.ClientsManager - Message from client 1007 is valid
19:57:59.955 [nioEventLoopGroup-16-6] DEBUG bftsmart.communication.client.netty.NettyTOMMessageDecoder - Active clients: 3
19:57:59.956 [nioEventLoopGroup-11-4] DEBUG bftsmart.tom.core.TOMLayer - Received TOMMessage from client 1001 with sequence number 0 for session 1513111196
19:57:59.956 [nioEventLoopGroup-12-6] DEBUG bftsmart.tom.core.TOMLayer - Received TOMMessage from client 1001 with sequence number 0 for session 1513111196
19:57:59.957 [nioEventLoopGroup-13-4] DEBUG bftsmart.clientsmanagement.ClientsManager - Message from client 1002 is valid
19:57:59.957 [nioEventLoopGroup-12-4] DEBUG bftsmart.clientsmanagement.ClientsManager - Creating new client data, client id=1003
19:57:59.957 [nioEventLoopGroup-11-1] DEBUG bftsmart.clientsmanagement.ClientsManager - Message from client 1006 is valid
19:57:59.957 [nioEventLoopGroup-16-8] DEBUG bftsmart.communication.client.netty.NettyTOMMessageDecoder - Active clients: 4
19:57:59.957 [nioEventLoopGroup-17-3] DEBUG bftsmart.clientsmanagement.ClientsManager - Message from client 1003 is valid
19:57:59.956 [nioEventLoopGroup-10-4] DEBUG bftsmart.communication.client.netty.NettyTOMMessageDecoder - Active clients: 4
19:57:59.957 [nioEventLoopGroup-16-8] DEBUG bftsmart.communication.client.netty.NettyTOMMessageDecoder - Decoded reply from 1004 with sequence number 0
19:57:59.957 [nioEventLoopGroup-12-1] DEBUG bftsmart.clientsmanagement.ClientsManager - Message from client 1006 is valid
19:57:59.957 [nioEventLoopGroup-12-7] DEBUG bftsmart.clientsmanagement.ClientsManager - Creating new client data, client id=1004
19:57:59.957 [nioEventLoopGroup-11-7] DEBUG bftsmart.clientsmanagement.ClientsManager - Message from client 1004 is valid
19:57:59.957 [nioEventLoopGroup-16-8] DEBUG bftsmart.tom.core.TOMLayer - Received TOMMessage from client 1004 with sequence number 0 for session 2054053169
19:57:59.957 [nioEventLoopGroup-10-4] DEBUG bftsmart.communication.client.netty.NettyTOMMessageDecoder - Decoded reply from 1004 with sequence number 0
19:57:59.957 [nioEventLoopGroup-16-5] DEBUG bftsmart.communication.client.netty.NettyTOMMessageDecoder - Active clients: 5
19:57:59.956 [nioEventLoopGroup-10-8] DEBUG bftsmart.tom.core.TOMLayer - Received TOMMessage from client 1002 with sequence number 0 for session -387272110
19:57:59.957 [nioEventLoopGroup-10-4] DEBUG bftsmart.tom.core.TOMLayer - Received TOMMessage from client 1004 with sequence number 0 for session 2054053169
19:57:59.957 [nioEventLoopGroup-10-1] DEBUG bftsmart.communication.client.netty.NettyTOMMessageDecoder - Active clients: 5
19:57:59.957 [nioEventLoopGroup-16-1] DEBUG bftsmart.communication.client.netty.NettyTOMMessageDecoder - Active clients: 6
19:57:59.957 [nioEventLoopGroup-10-1] DEBUG bftsmart.communication.client.netty.NettyTOMMessageDecoder - Decoded reply from 1006 with sequence number 0
19:57:59.956 [nioEventLoopGroup-11-2] DEBUG bftsmart.communication.client.netty.NettyTOMMessageDecoder - Decoded reply from 1000 with sequence number 0
19:57:59.957 [nioEventLoopGroup-10-1] DEBUG bftsmart.tom.core.TOMLayer - Received TOMMessage from client 1006 with sequence number 0 for session -243496129
19:57:59.956 [nioEventLoopGroup-13-2] DEBUG bftsmart.tom.core.TOMLayer - Received TOMMessage from client 1000 with sequence number 0 for session -241918573
19:57:59.957 [nioEventLoopGroup-16-1] DEBUG bftsmart.communication.client.netty.NettyTOMMessageDecoder - Decoded reply from 1003 with sequence number 0
19:57:59.957 [nioEventLoopGroup-11-2] DEBUG bftsmart.tom.core.TOMLayer - Received TOMMessage from client 1000 with sequence number 0 for session -241918573
19:57:59.956 [nioEventLoopGroup-11-8] DEBUG bftsmart.communication.client.netty.NettyTOMMessageDecoder - Decoded reply from 1002 with sequence number 0
19:57:59.957 [nioEventLoopGroup-16-1] DEBUG bftsmart.tom.core.TOMLayer - Received TOMMessage from client 1003 with sequence number 0 for session -1623191915
19:57:59.957 [nioEventLoopGroup-12-7] DEBUG bftsmart.clientsmanagement.ClientsManager - Message from client 1004 is valid
19:57:59.957 [nioEventLoopGroup-16-2] DEBUG bftsmart.communication.client.netty.NettyTOMMessageDecoder - Active clients: 7
19:57:59.956 [nioEventLoopGroup-13-1] DEBUG bftsmart.communication.client.netty.NettyTOMMessageDecoder - Active clients: 6
19:57:59.957 [nioEventLoopGroup-11-8] DEBUG bftsmart.tom.core.TOMLayer - Received TOMMessage from client 1002 with sequence number 0 for session -387272110
19:57:59.957 [nioEventLoopGroup-16-2] DEBUG bftsmart.communication.client.netty.NettyTOMMessageDecoder - Decoded reply from 1000 with sequence number 0
19:57:59.957 [nioEventLoopGroup-16-2] DEBUG bftsmart.tom.core.TOMLayer - Received TOMMessage from client 1000 with sequence number 0 for session -241918573
19:57:59.957 [nioEventLoopGroup-13-7] DEBUG bftsmart.communication.client.netty.NettyTOMMessageDecoder - Active clients: 7
19:57:59.956 [nioEventLoopGroup-13-6] DEBUG bftsmart.clientsmanagement.ClientsManager - Message from client 1005 is valid
19:57:59.957 [nioEventLoopGroup-13-7] DEBUG bftsmart.communication.client.netty.NettyTOMMessageDecoder - Decoded reply from 1004 with sequence number 0
19:57:59.957 [nioEventLoopGroup-13-7] DEBUG bftsmart.tom.core.TOMLayer - Received TOMMessage from client 1004 with sequence number 0 for session 2054053169
19:57:59.956 [nioEventLoopGroup-14-2] DEBUG bftsmart.clientsmanagement.ClientsManager - Message from client 1004 is valid
19:57:59.956 [nioEventLoopGroup-13-8] DEBUG bftsmart.clientsmanagement.ClientsManager - Message from client 1001 is valid
19:57:59.956 [nioEventLoopGroup-12-5] DEBUG bftsmart.clientsmanagement.ClientsManager - Message from client 1007 is valid
19:57:59.956 [nioEventLoopGroup-14-4] DEBUG bftsmart.tom.core.TOMLayer - Received TOMMessage from client 1000 with sequence number 0 for session -241918573
19:57:59.956 [nioEventLoopGroup-15-6] DEBUG bftsmart.communication.client.netty.NettyTOMMessageDecoder - Active clients: 5
19:57:59.956 [nioEventLoopGroup-17-8] DEBUG bftsmart.clientsmanagement.ClientsManager - Creating new client data, client id=1002
19:57:59.958 [nioEventLoopGroup-15-6] DEBUG bftsmart.communication.client.netty.NettyTOMMessageDecoder - Decoded reply from 1003 with sequence number 0
19:57:59.956 [nioEventLoopGroup-15-5] DEBUG bftsmart.clientsmanagement.ClientsManager - Creating new client data, client id=1004
19:57:59.958 [nioEventLoopGroup-15-1] DEBUG bftsmart.communication.client.netty.NettyTOMMessageDecoder - Active clients: 6
19:57:59.958 [nioEventLoopGroup-15-6] DEBUG bftsmart.tom.core.TOMLayer - Received TOMMessage from client 1003 with sequence number 0 for session -1623191915
19:57:59.958 [nioEventLoopGroup-17-5] DEBUG bftsmart.clientsmanagement.ClientsManager - Creating new client data, client id=1001
19:57:59.958 [nioEventLoopGroup-15-2] DEBUG bftsmart.clientsmanagement.ClientsManager - Creating new client data, client id=1000
19:57:59.958 [nioEventLoopGroup-17-2] DEBUG bftsmart.clientsmanagement.ClientsManager - Creating new client data, client id=1006
19:57:59.956 [nioEventLoopGroup-14-7] DEBUG bftsmart.communication.client.netty.NettyTOMMessageDecoder - Active clients: 8
19:57:59.958 [nioEventLoopGroup-17-8] DEBUG bftsmart.clientsmanagement.ClientsManager - Message from client 1002 is valid
19:57:59.958 [nioEventLoopGroup-17-7] DEBUG bftsmart.clientsmanagement.ClientsManager - Creating new client data, client id=1004
19:57:59.957 [nioEventLoopGroup-11-6] DEBUG bftsmart.clientsmanagement.ClientsManager - Message from client 1005 is valid
19:57:59.958 [nioEventLoopGroup-15-5] DEBUG bftsmart.clientsmanagement.ClientsManager - Message from client 1004 is valid
19:57:59.957 [nioEventLoopGroup-16-7] DEBUG bftsmart.clientsmanagement.ClientsManager - Message from client 1005 is valid
19:57:59.958 [nioEventLoopGroup-17-4] DEBUG bftsmart.clientsmanagement.ClientsManager - Creating new client data, client id=1005
19:57:59.958 [nioEventLoopGroup-17-5] DEBUG bftsmart.clientsmanagement.ClientsManager - Message from client 1001 is valid
19:57:59.958 [nioEventLoopGroup-15-2] DEBUG bftsmart.clientsmanagement.ClientsManager - Message from client 1000 is valid
19:57:59.957 [nioEventLoopGroup-15-8] DEBUG bftsmart.clientsmanagement.ClientsManager - Message from client 1002 is valid
19:57:59.958 [nioEventLoopGroup-17-2] DEBUG bftsmart.clientsmanagement.ClientsManager - Message from client 1006 is valid
19:57:59.957 [nioEventLoopGroup-10-2] DEBUG bftsmart.clientsmanagement.ClientsManager - Message from client 1000 is valid
19:57:59.957 [nioEventLoopGroup-14-8] DEBUG bftsmart.clientsmanagement.ClientsManager - Creating new client data, client id=1002
19:57:59.958 [nioEventLoopGroup-17-4] DEBUG bftsmart.clientsmanagement.ClientsManager - Message from client 1005 is valid
19:57:59.958 [nioEventLoopGroup-14-1] DEBUG bftsmart.clientsmanagement.ClientsManager - Creating new client data, client id=1006
19:57:59.957 [nioEventLoopGroup-16-6] DEBUG bftsmart.communication.client.netty.NettyTOMMessageDecoder - Decoded reply from 1002 with sequence number 0
19:57:59.957 [nioEventLoopGroup-14-3] DEBUG bftsmart.clientsmanagement.ClientsManager - Message from client 1001 is valid
19:57:59.958 [nioEventLoopGroup-16-6] DEBUG bftsmart.tom.core.TOMLayer - Received TOMMessage from client 1002 with sequence number 0 for session -387272110
19:57:59.958 [nioEventLoopGroup-14-8] DEBUG bftsmart.clientsmanagement.ClientsManager - Message from client 1002 is valid
19:57:59.957 [nioEventLoopGroup-16-5] DEBUG bftsmart.communication.client.netty.NettyTOMMessageDecoder - Decoded reply from 1007 with sequence number 0
19:57:59.957 [nioEventLoopGroup-11-3] DEBUG bftsmart.clientsmanagement.ClientsManager - Message from client 1007 is valid
19:57:59.959 [nioEventLoopGroup-16-5] DEBUG bftsmart.tom.core.TOMLayer - Received TOMMessage from client 1007 with sequence number 0 for session -1335612118
19:57:59.957 [nioEventLoopGroup-12-4] DEBUG bftsmart.clientsmanagement.ClientsManager - Message from client 1003 is valid
19:57:59.957 [nioEventLoopGroup-10-5] DEBUG bftsmart.communication.client.netty.NettyTOMMessageDecoder - Active clients: 6
19:57:59.957 [nioEventLoopGroup-16-4] DEBUG bftsmart.communication.client.netty.NettyTOMMessageDecoder - Active clients: 8
19:57:59.959 [nioEventLoopGroup-10-5] DEBUG bftsmart.communication.client.netty.NettyTOMMessageDecoder - Decoded reply from 1005 with sequence number 0
19:57:59.959 [nioEventLoopGroup-16-4] DEBUG bftsmart.communication.client.netty.NettyTOMMessageDecoder - Decoded reply from 1001 with sequence number 0
19:57:59.957 [nioEventLoopGroup-13-1] DEBUG bftsmart.communication.client.netty.NettyTOMMessageDecoder - Decoded reply from 1006 with sequence number 0
19:57:59.959 [nioEventLoopGroup-17-7] DEBUG bftsmart.clientsmanagement.ClientsManager - Message from client 1004 is valid
19:57:59.957 [nioEventLoopGroup-17-1] DEBUG bftsmart.clientsmanagement.ClientsManager - Message from client 1000 is valid
19:57:59.959 [nioEventLoopGroup-13-1] DEBUG bftsmart.tom.core.TOMLayer - Received TOMMessage from client 1006 with sequence number 0 for session -243496129
19:57:59.959 [nioEventLoopGroup-12-3] DEBUG bftsmart.clientsmanagement.ClientsManager - Creating new client data, client id=1005
19:57:59.957 [nioEventLoopGroup-13-3] DEBUG bftsmart.communication.client.netty.NettyTOMMessageDecoder - Active clients: 8
19:57:59.959 [nioEventLoopGroup-12-6] DEBUG bftsmart.clientsmanagement.ClientsManager - Creating new client data, client id=1001
19:57:59.959 [nioEventLoopGroup-17-6] DEBUG bftsmart.clientsmanagement.ClientsManager - Creating new client data, client id=1007
19:57:59.957 [nioEventLoopGroup-14-6] DEBUG bftsmart.clientsmanagement.ClientsManager - Message from client 1003 is valid
19:57:59.958 [nioEventLoopGroup-13-2] DEBUG bftsmart.clientsmanagement.ClientsManager - Creating new client data, client id=1000
19:57:59.958 [nioEventLoopGroup-15-1] DEBUG bftsmart.communication.client.netty.NettyTOMMessageDecoder - Decoded reply from 1006 with sequence number 0
19:57:59.958 [nioEventLoopGroup-15-7] DEBUG bftsmart.communication.client.netty.NettyTOMMessageDecoder - Active clients: 7
19:57:59.959 [nioEventLoopGroup-17-6] DEBUG bftsmart.clientsmanagement.ClientsManager - Message from client 1007 is valid
19:57:59.959 [nioEventLoopGroup-12-6] DEBUG bftsmart.clientsmanagement.ClientsManager - Message from client 1001 is valid
19:57:59.959 [nioEventLoopGroup-15-1] DEBUG bftsmart.tom.core.TOMLayer - Received TOMMessage from client 1006 with sequence number 0 for session -243496129
19:57:59.958 [nioEventLoopGroup-15-4] DEBUG bftsmart.clientsmanagement.ClientsManager - Creating new client data, client id=1007
19:57:59.959 [nioEventLoopGroup-15-3] DEBUG bftsmart.communication.client.netty.NettyTOMMessageDecoder - Active clients: 8
19:57:59.959 [nioEventLoopGroup-15-3] DEBUG bftsmart.communication.client.netty.NettyTOMMessageDecoder - Decoded reply from 1001 with sequence number 0
19:57:59.958 [nioEventLoopGroup-14-7] DEBUG bftsmart.communication.client.netty.NettyTOMMessageDecoder - Decoded reply from 1005 with sequence number 0
19:57:59.959 [nioEventLoopGroup-13-2] DEBUG bftsmart.clientsmanagement.ClientsManager - Message from client 1000 is valid
19:57:59.959 [nioEventLoopGroup-15-6] DEBUG bftsmart.clientsmanagement.ClientsManager - Creating new client data, client id=1003
19:57:59.958 [nioEventLoopGroup-16-8] DEBUG bftsmart.clientsmanagement.ClientsManager - Creating new client data, client id=1004
19:57:59.959 [nioEventLoopGroup-14-7] DEBUG bftsmart.tom.core.TOMLayer - Received TOMMessage from client 1005 with sequence number 0 for session 1465241691
19:57:59.958 [nioEventLoopGroup-10-4] DEBUG bftsmart.clientsmanagement.ClientsManager - Creating new client data, client id=1004
19:57:59.959 [nioEventLoopGroup-12-3] DEBUG bftsmart.clientsmanagement.ClientsManager - Message from client 1005 is valid
19:57:59.959 [nioEventLoopGroup-14-1] DEBUG bftsmart.clientsmanagement.ClientsManager - Message from client 1006 is valid
19:57:59.959 [nioEventLoopGroup-11-4] DEBUG bftsmart.clientsmanagement.ClientsManager - Creating new client data, client id=1001
19:57:59.959 [nioEventLoopGroup-10-5] DEBUG bftsmart.tom.core.TOMLayer - Received TOMMessage from client 1005 with sequence number 0 for session 1465241691
19:57:59.959 [nioEventLoopGroup-10-3] DEBUG bftsmart.communication.client.netty.NettyTOMMessageDecoder - Active clients: 7
19:57:59.960 [nioEventLoopGroup-14-4] DEBUG bftsmart.clientsmanagement.ClientsManager - Creating new client data, client id=1000
19:57:59.959 [nioEventLoopGroup-16-4] DEBUG bftsmart.tom.core.TOMLayer - Received TOMMessage from client 1001 with sequence number 0 for session 1513111196
19:57:59.960 [nioEventLoopGroup-10-3] DEBUG bftsmart.communication.client.netty.NettyTOMMessageDecoder - Decoded reply from 1001 with sequence number 0
19:57:59.960 [nioEventLoopGroup-10-6] DEBUG bftsmart.communication.client.netty.NettyTOMMessageDecoder - Active clients: 8
19:57:59.959 [nioEventLoopGroup-13-3] DEBUG bftsmart.communication.client.netty.NettyTOMMessageDecoder - Decoded reply from 1003 with sequence number 0
19:57:59.960 [nioEventLoopGroup-11-4] DEBUG bftsmart.clientsmanagement.ClientsManager - Message from client 1001 is valid
19:57:59.959 [nioEventLoopGroup-15-7] DEBUG bftsmart.communication.client.netty.NettyTOMMessageDecoder - Decoded reply from 1005 with sequence number 0
19:57:59.960 [nioEventLoopGroup-13-3] DEBUG bftsmart.tom.core.TOMLayer - Received TOMMessage from client 1003 with sequence number 0 for session -1623191915
19:57:59.960 [nioEventLoopGroup-14-4] DEBUG bftsmart.clientsmanagement.ClientsManager - Message from client 1000 is valid
19:57:59.959 [nioEventLoopGroup-15-3] DEBUG bftsmart.tom.core.TOMLayer - Received TOMMessage from client 1001 with sequence number 0 for session 1513111196
19:57:59.960 [nioEventLoopGroup-15-7] DEBUG bftsmart.tom.core.TOMLayer - Received TOMMessage from client 1005 with sequence number 0 for session 1465241691
19:57:59.959 [nioEventLoopGroup-16-1] DEBUG bftsmart.clientsmanagement.ClientsManager - Creating new client data, client id=1003
19:57:59.960 [nioEventLoopGroup-15-6] DEBUG bftsmart.clientsmanagement.ClientsManager - Message from client 1003 is valid
19:57:59.960 [nioEventLoopGroup-11-2] DEBUG bftsmart.clientsmanagement.ClientsManager - Creating new client data, client id=1000
19:57:59.960 [nioEventLoopGroup-16-2] DEBUG bftsmart.clientsmanagement.ClientsManager - Creating new client data, client id=1000
19:57:59.960 [nioEventLoopGroup-10-3] DEBUG bftsmart.tom.core.TOMLayer - Received TOMMessage from client 1001 with sequence number 0 for session 1513111196
19:57:59.960 [nioEventLoopGroup-11-8] DEBUG bftsmart.clientsmanagement.ClientsManager - Creating new client data, client id=1002
19:57:59.960 [nioEventLoopGroup-10-6] DEBUG bftsmart.communication.client.netty.NettyTOMMessageDecoder - Decoded reply from 1007 with sequence number 0
19:57:59.960 [nioEventLoopGroup-16-8] DEBUG bftsmart.clientsmanagement.ClientsManager - Message from client 1004 is valid
19:57:59.960 [nioEventLoopGroup-14-7] DEBUG bftsmart.clientsmanagement.ClientsManager - Creating new client data, client id=1005
19:57:59.960 [nioEventLoopGroup-16-1] DEBUG bftsmart.clientsmanagement.ClientsManager - Message from client 1003 is valid
19:57:59.960 [nioEventLoopGroup-10-8] DEBUG bftsmart.clientsmanagement.ClientsManager - Creating new client data, client id=1002
19:57:59.960 [nioEventLoopGroup-10-1] DEBUG bftsmart.clientsmanagement.ClientsManager - Creating new client data, client id=1006
19:57:59.960 [nioEventLoopGroup-13-7] DEBUG bftsmart.clientsmanagement.ClientsManager - Creating new client data, client id=1004
19:57:59.960 [nioEventLoopGroup-11-2] DEBUG bftsmart.clientsmanagement.ClientsManager - Message from client 1000 is valid
19:57:59.960 [nioEventLoopGroup-10-4] DEBUG bftsmart.clientsmanagement.ClientsManager - Message from client 1004 is valid
19:57:59.960 [nioEventLoopGroup-10-8] DEBUG bftsmart.clientsmanagement.ClientsManager - Message from client 1002 is valid
19:57:59.960 [nioEventLoopGroup-15-4] DEBUG bftsmart.clientsmanagement.ClientsManager - Message from client 1007 is valid
19:57:59.960 [nioEventLoopGroup-14-7] DEBUG bftsmart.clientsmanagement.ClientsManager - Message from client 1005 is valid
19:57:59.960 [nioEventLoopGroup-11-8] DEBUG bftsmart.clientsmanagement.ClientsManager - Message from client 1002 is valid
19:57:59.960 [nioEventLoopGroup-16-2] DEBUG bftsmart.clientsmanagement.ClientsManager - Message from client 1000 is valid
19:57:59.961 [nioEventLoopGroup-10-1] DEBUG bftsmart.clientsmanagement.ClientsManager - Message from client 1006 is valid
19:57:59.961 [nioEventLoopGroup-15-1] DEBUG bftsmart.clientsmanagement.ClientsManager - Creating new client data, client id=1006
19:57:59.961 [nioEventLoopGroup-13-7] DEBUG bftsmart.clientsmanagement.ClientsManager - Message from client 1004 is valid
19:57:59.961 [nioEventLoopGroup-15-7] DEBUG bftsmart.clientsmanagement.ClientsManager - Creating new client data, client id=1005
19:57:59.961 [nioEventLoopGroup-16-6] DEBUG bftsmart.clientsmanagement.ClientsManager - Creating new client data, client id=1002
19:57:59.961 [nioEventLoopGroup-10-6] DEBUG bftsmart.tom.core.TOMLayer - Received TOMMessage from client 1007 with sequence number 0 for session -1335612118
19:57:59.961 [nioEventLoopGroup-15-3] DEBUG bftsmart.clientsmanagement.ClientsManager - Creating new client data, client id=1001
19:57:59.961 [nioEventLoopGroup-10-6] DEBUG bftsmart.clientsmanagement.ClientsManager - Creating new client data, client id=1007
19:57:59.961 [nioEventLoopGroup-15-1] DEBUG bftsmart.clientsmanagement.ClientsManager - Message from client 1006 is valid
19:57:59.961 [nioEventLoopGroup-13-1] DEBUG bftsmart.clientsmanagement.ClientsManager - Creating new client data, client id=1006
19:57:59.961 [nioEventLoopGroup-10-5] DEBUG bftsmart.clientsmanagement.ClientsManager - Creating new client data, client id=1005
19:57:59.961 [nioEventLoopGroup-15-7] DEBUG bftsmart.clientsmanagement.ClientsManager - Message from client 1005 is valid
19:57:59.961 [nioEventLoopGroup-10-3] DEBUG bftsmart.clientsmanagement.ClientsManager - Creating new client data, client id=1001
19:57:59.961 [nioEventLoopGroup-16-6] DEBUG bftsmart.clientsmanagement.ClientsManager - Message from client 1002 is valid
19:57:59.961 [nioEventLoopGroup-10-6] DEBUG bftsmart.clientsmanagement.ClientsManager - Message from client 1007 is valid
19:57:59.961 [nioEventLoopGroup-16-5] DEBUG bftsmart.clientsmanagement.ClientsManager - Creating new client data, client id=1007
19:57:59.961 [nioEventLoopGroup-13-1] DEBUG bftsmart.clientsmanagement.ClientsManager - Message from client 1006 is valid
19:57:59.961 [nioEventLoopGroup-15-3] DEBUG bftsmart.clientsmanagement.ClientsManager - Message from client 1001 is valid
19:57:59.961 [nioEventLoopGroup-16-4] DEBUG bftsmart.clientsmanagement.ClientsManager - Creating new client data, client id=1001
19:57:59.961 [nioEventLoopGroup-10-5] DEBUG bftsmart.clientsmanagement.ClientsManager - Message from client 1005 is valid
19:57:59.961 [nioEventLoopGroup-13-3] DEBUG bftsmart.clientsmanagement.ClientsManager - Creating new client data, client id=1003
19:57:59.961 [nioEventLoopGroup-10-3] DEBUG bftsmart.clientsmanagement.ClientsManager - Message from client 1001 is valid
19:57:59.961 [nioEventLoopGroup-16-4] DEBUG bftsmart.clientsmanagement.ClientsManager - Message from client 1001 is valid
19:57:59.962 [nioEventLoopGroup-16-5] DEBUG bftsmart.clientsmanagement.ClientsManager - Message from client 1007 is valid
19:57:59.962 [TOM Layer] DEBUG bftsmart.tom.core.TOMLayer - Got enough requests
19:57:59.962 [TOM Layer] DEBUG bftsmart.tom.core.TOMLayer - There are requests to be ordered. I will propose.
19:57:59.962 [TOM Layer] DEBUG bftsmart.tom.core.TOMLayer - Modifying inExec from -1 to 0
19:57:59.963 [nioEventLoopGroup-13-3] DEBUG bftsmart.clientsmanagement.ClientsManager - Message from client 1003 is valid
19:57:59.963 [TOM Layer] DEBUG bftsmart.clientsmanagement.ClientsManager - Number of active clients: 8
19:57:59.963 [TOM Layer] DEBUG bftsmart.clientsmanagement.ClientsManager - Fetching requests with internal index 0
19:57:59.963 [TOM Layer] DEBUG bftsmart.clientsmanagement.ClientsManager - Number of pending requests for client 1000: 1.
19:57:59.963 [TOM Layer] DEBUG bftsmart.clientsmanagement.ClientsManager - Selected request with sequence number 0 from client 1000
19:57:59.963 [TOM Layer] DEBUG bftsmart.clientsmanagement.ClientsManager - Number of pending requests for client 1001: 1.
19:57:59.963 [TOM Layer] DEBUG bftsmart.clientsmanagement.ClientsManager - Selected request with sequence number 0 from client 1001
19:57:59.963 [TOM Layer] DEBUG bftsmart.clientsmanagement.ClientsManager - Number of pending requests for client 1002: 1.
19:57:59.963 [TOM Layer] DEBUG bftsmart.clientsmanagement.ClientsManager - Selected request with sequence number 0 from client 1002
19:57:59.963 [TOM Layer] DEBUG bftsmart.clientsmanagement.ClientsManager - Number of pending requests for client 1003: 1.
19:57:59.963 [TOM Layer] DEBUG bftsmart.clientsmanagement.ClientsManager - Selected request with sequence number 0 from client 1003
19:57:59.963 [TOM Layer] DEBUG bftsmart.clientsmanagement.ClientsManager - Number of pending requests for client 1004: 1.
19:57:59.963 [TOM Layer] DEBUG bftsmart.clientsmanagement.ClientsManager - Selected request with sequence number 0 from client 1004
19:57:59.963 [TOM Layer] DEBUG bftsmart.clientsmanagement.ClientsManager - Number of pending requests for client 1005: 1.
19:57:59.963 [TOM Layer] DEBUG bftsmart.clientsmanagement.ClientsManager - Selected request with sequence number 0 from client 1005
19:57:59.963 [TOM Layer] DEBUG bftsmart.clientsmanagement.ClientsManager - Number of pending requests for client 1006: 1.
19:57:59.963 [TOM Layer] DEBUG bftsmart.clientsmanagement.ClientsManager - Selected request with sequence number 0 from client 1006
19:57:59.963 [TOM Layer] DEBUG bftsmart.clientsmanagement.ClientsManager - Number of pending requests for client 1007: 1.
19:57:59.963 [TOM Layer] DEBUG bftsmart.clientsmanagement.ClientsManager - Selected request with sequence number 0 from client 1007
19:57:59.963 [TOM Layer] DEBUG bftsmart.tom.core.TOMLayer - Number of pending requets to propose in consensus 0: 8
19:57:59.963 [TOM Layer] DEBUG bftsmart.tom.core.TOMLayer - Creating a PROPOSE with 8 msgs
19:57:59.963 [TOM Layer] DEBUG bftsmart.tom.util.BatchBuilder - Adding request from client 1000 with sequence number 0 for session -241918573 to PROPOSE
19:57:59.964 [TOM Layer] DEBUG bftsmart.tom.util.BatchBuilder - Adding request from client 1001 with sequence number 0 for session 1513111196 to PROPOSE
19:57:59.964 [TOM Layer] DEBUG bftsmart.tom.util.BatchBuilder - Adding request from client 1002 with sequence number 0 for session -387272110 to PROPOSE
19:57:59.964 [TOM Layer] DEBUG bftsmart.tom.util.BatchBuilder - Adding request from client 1003 with sequence number 0 for session -1623191915 to PROPOSE
19:57:59.964 [TOM Layer] DEBUG bftsmart.tom.util.BatchBuilder - Adding request from client 1004 with sequence number 0 for session 2054053169 to PROPOSE
19:57:59.964 [TOM Layer] DEBUG bftsmart.tom.util.BatchBuilder - Adding request from client 1005 with sequence number 0 for session 1465241691 to PROPOSE
19:57:59.964 [TOM Layer] DEBUG bftsmart.tom.util.BatchBuilder - Adding request from client 1006 with sequence number 0 for session -243496129 to PROPOSE
19:57:59.964 [TOM Layer] DEBUG bftsmart.tom.util.BatchBuilder - Adding request from client 1007 with sequence number 0 for session -1335612118 to PROPOSE
19:57:59.964 [TOM Layer] INFO bftsmart.communication.ServerCommunicationSystem - === ServerCommunicationSystem.send() ===
19:57:59.964 [TOM Layer] INFO bftsmart.communication.ServerCommunicationSystem -     Message type: ConsensusMessage
19:57:59.964 [TOM Layer] INFO bftsmart.communication.ServerCommunicationSystem -     Is TOMMessage: false
19:57:59.964 [TOM Layer] INFO bftsmart.communication.ServerCommunicationSystem -     Targets: [0, 1, 2, 3, 4, 5, 6, 7]
19:57:59.964 [TOM Layer] INFO bftsmart.communication.ServerCommunicationSystem -     -> Routing to SERVER connection (SystemMessage)
19:57:59.964 [TOM Layer] DEBUG bftsmart.communication.ServerCommunicationSystem - --> sending message from: [0, 1, 2, 3, 4, 5, 6, 7] -> {}0
=== [V2V Layer 0] SEND called ===
    Targets: [0, 1, 2, 3, 4, 5, 6, 7]
    Message type: ConsensusMessage
    Sender: 0
    -> Self-delivery to replica 0
=== [V2V Layer 0] DELIVER to BFT-SMaRt ===
    Message type: ConsensusMessage
    From replica: 0
    InQueue size before: 0
    InQueue size after: 1
=== [V2V Layer 0] DELIVER successful ===
    -> Sending to replica 1 via V2V
    [Reliability 0] sendReliable() called
        Target: 1
        Message type: ConsensusMessage
19:57:59.964 [Server Comm. System] INFO bftsmart.communication.ServerCommunicationSystem - === ServerCommunicationSystem RECEIVED message ===
19:57:59.965 [Server Comm. System] INFO bftsmart.communication.ServerCommunicationSystem -     Message type: ConsensusMessage
19:57:59.965 [Server Comm. System] INFO bftsmart.communication.ServerCommunicationSystem -     From: 0
19:57:59.965 [Server Comm. System] INFO bftsmart.communication.ServerCommunicationSystem -     Message count: 0
        Sequence number: 0
19:57:59.965 [Server Comm. System] DEBUG bftsmart.communication.ServerCommunicationSystem - <-- receiving, msg:type=PROPOSE, number=0, epoch=0, from=0
19:57:59.965 [Server Comm. System] DEBUG bftsmart.tom.core.ExecutionManager - Received message  type=PROPOSE, number=0, epoch=0, from=0
19:57:59.965 [Server Comm. System] DEBUG bftsmart.tom.core.ExecutionManager - I'm at consensus 0 and my last consensus is -1
19:57:59.965 [Server Comm. System] DEBUG bftsmart.tom.core.ExecutionManager - Message for consensus 0 can be processed
19:57:59.965 [Server Comm. System] DEBUG bftsmart.consensus.roles.Acceptor - Processing paxos msg with id 0
19:57:59.965 [Server Comm. System] DEBUG bftsmart.consensus.roles.Acceptor - PROPOSE received from:0, for consensus cId:0, I am:0
19:57:59.965 [Server Comm. System] DEBUG bftsmart.consensus.roles.Acceptor - Executing propose for cId:0, Epoch Timestamp:0
        Payload size: 515 bytes
19:57:59.966 [Server Comm. System] DEBUG bftsmart.tom.core.TOMLayer - Modifying inExec from 0 to 0
19:57:59.966 [Server Comm. System] DEBUG bftsmart.tom.core.TOMLayer - Checking proposed value
V2VNativeBridge0: Sending message to -1 with length 1028
[JNI] nativeSendMessage: 0 -> -1
[JNI] Sending 1028 bytes (0->-1)
[DEBUG V2VProxy 0] Queue has space - adding message
[JNI] Message queued successfully
        [Reliability 0] Sent seq=0 to replica 1
    -> Sending to replica 2 via V2V
    [Reliability 0] sendReliable() called
        Target: 2
        Message type: ConsensusMessage
        Sequence number: 0
        Payload size: 515 bytes
V2VNativeBridge0: Sending message to -1 with length 1028
[JNI] nativeSendMessage: 0 -> -1
[JNI] Sending 1028 bytes (0->-1)
[DEBUG V2VProxy 0] Queue has space - adding message
[JNI] Message queued successfully
        [Reliability 0] Sent seq=0 to replica 2
    -> Sending to replica 3 via V2V
    [Reliability 0] sendReliable() called
        Target: 3
        Message type: ConsensusMessage
        Sequence number: 0
        Payload size: 515 bytes
V2VNativeBridge0: Sending message to -1 with length 1028
[JNI] nativeSendMessage: 0 -> -1
[JNI] Sending 1028 bytes (0->-1)
[DEBUG V2VProxy 0] Queue has space - adding message
[JNI] Message queued successfully
        [Reliability 0] Sent seq=0 to replica 3
    -> Sending to replica 4 via V2V
    [Reliability 0] sendReliable() called
        Target: 4
        Message type: ConsensusMessage
        Sequence number: 0
        Payload size: 515 bytes
V2VNativeBridge0: Sending message to -1 with length 1028
[JNI] nativeSendMessage: 0 -> -1
[JNI] Sending 1028 bytes (0->-1)
[DEBUG V2VProxy 0] Queue has space - adding message
[JNI] Message queued successfully
        [Reliability 0] Sent seq=0 to replica 4
    -> Sending to replica 5 via V2V
    [Reliability 0] sendReliable() called
        Target: 5
        Message type: ConsensusMessage
        Sequence number: 0
19:57:59.969 [Server Comm. System] DEBUG bftsmart.tom.core.TOMLayer - Successfully deserialized batch
        Payload size: 515 bytes
19:57:59.969 [Server Comm. System] DEBUG bftsmart.consensus.roles.Acceptor - Sending WRITE for 0
19:57:59.969 [Server Comm. System] DEBUG bftsmart.consensus.roles.Acceptor - Sending WRITE for cId:0, I am:0
V2VNativeBridge0: Sending message to -1 with length 1028
[JNI] nativeSendMessage: 0 -> -1
[JNI] Sending 1028 bytes (0->-1)
[DEBUG V2VProxy 0] Queue has space - adding message
[JNI] Message queued successfully
        [Reliability 0] Sent seq=0 to replica 5
    -> Sending to replica 6 via V2V
[MessageFactory] Creating WRITE message: from=0, id=0, epoch=0
19:57:59.969 [Server Comm. System] INFO bftsmart.communication.ServerCommunicationSystem - === ServerCommunicationSystem.send() ===
    [Reliability 0] sendReliable() called
19:57:59.969 [Server Comm. System] INFO bftsmart.communication.ServerCommunicationSystem -     Message type: ConsensusMessage
        Target: 6
        Message type: ConsensusMessage
        Sequence number: 0
19:57:59.969 [Server Comm. System] INFO bftsmart.communication.ServerCommunicationSystem -     Is TOMMessage: false
19:57:59.969 [Server Comm. System] INFO bftsmart.communication.ServerCommunicationSystem -     Targets: [1, 2, 3, 4, 5, 6, 7]
19:57:59.969 [Server Comm. System] INFO bftsmart.communication.ServerCommunicationSystem -     -> Routing to SERVER connection (SystemMessage)
        Payload size: 515 bytes
19:57:59.969 [Server Comm. System] DEBUG bftsmart.communication.ServerCommunicationSystem - --> sending message from: [1, 2, 3, 4, 5, 6, 7] -> {}0
=== [V2V Layer 0] SEND called ===
    Targets: [1, 2, 3, 4, 5, 6, 7]
    Message type: ConsensusMessage
    Sender: 0
    -> Sending to replica 1 via V2V
    [Reliability 0] sendReliable() called
        Target: 1
        Message type: ConsensusMessage
        Sequence number: 1
V2VNativeBridge0: Sending message to -1 with length 1028
[JNI] nativeSendMessage: 0 -> -1
[JNI] Sending 1028 bytes (0->-1)
[DEBUG V2VProxy 0] Queue has space - adding message
[JNI] Message queued successfully
        Payload size: 172 bytes
        [Reliability 0] Sent seq=0 to replica 6
    -> Sending to replica 7 via V2V
    [Reliability 0] sendReliable() called
        Target: 7
        Message type: ConsensusMessage
        Sequence number: 0
        Payload size: 515 bytes
V2VNativeBridge0: Sending message to -1 with length 1028
[JNI] nativeSendMessage: 0 -> -1
[JNI] Sending 1028 bytes (0->-1)
[DEBUG V2VProxy 0] Queue has space - adding message
[JNI] Message queued successfully
        [Reliability 0] Sent seq=0 to replica 7
=== [V2V Layer 0] SEND complete ===
V2VNativeBridge0: Sending message to -1 with length 685
[JNI] nativeSendMessage: 0 -> -1
19:57:59.970 [TOM Layer] INFO bftsmart.communication.ServerCommunicationSystem - === ServerCommunicationSystem.send() complete ===
19:57:59.970 [TOM Layer] DEBUG bftsmart.tom.core.TOMLayer - Next leader for CID=0: 0
[JNI] Sending 685 bytes (0->-1)
[DEBUG V2VProxy 0] Queue has space - adding message
[JNI] Message queued successfully
19:57:59.970 [TOM Layer] DEBUG bftsmart.tom.core.TOMLayer - Waiting for consensus 0 termination.
        [Reliability 0] Sent seq=1 to replica 1
    -> Sending to replica 2 via V2V
    [Reliability 0] sendReliable() called
        Target: 2
        Message type: ConsensusMessage
        Sequence number: 1
        Payload size: 172 bytes
[V2VProxy 0] Timer #1 at t=3.25, sending 7 messages
[V2VProxy 0] *** SENDING V2V message #1 from=0 to=-1 size=1028 bytes at t=3.25
V2VNativeBridge0: Sending message to -1 with length 685
[JNI] nativeSendMessage: 0 -> -1
[JNI] Sending 685 bytes (0->-1)
[DEBUG V2VProxy 0] Queue has space - adding message
[JNI] Message queued successfully
        [Reliability 0] Sent seq=1 to replica 2
    -> Sending to replica 3 via V2V
    [Reliability 0] sendReliable() called
        Target: 3
        Message type: ConsensusMessage
        Sequence number: 1
[V2VProxy 0] *** SENDING V2V message #2 from=0 to=-1 size=1028 bytes at t=3.25
[V2VProxy 0] *** SENDING V2V message #3 from=0 to=-1 size=1028 bytes at t=3.25
[V2VProxy 0] *** SENDING V2V message #4 from=0 to=-1 size=1028 bytes at t=3.25
        Payload size: 172 bytes
[V2VProxy 0] *** SENDING V2V message #5 from=0 to=-1 size=1028 bytes at t=3.25
[V2VProxy 0] *** SENDING V2V message #6 from=0 to=-1 size=1028 bytes at t=3.25
[V2VProxy 0] *** SENDING V2V message #7 from=0 to=-1 size=1028 bytes at t=3.25
[V2VProxy 6] *** RECEIVED V2V message #1 from=0 to=-1 (broadcast=YES) at t=3.253966017289
[V2VProxy 6] Delivering message #1 from replica 0 to Java (1028 bytes)
V2VNativeBridge6: Received message from 0 with length 1028
[V2V Layer 6] Received message from replica 0 via JNI
    [Reliability 6] handleIncomingMessage() called
        Type: DATA
        From: 0
        SeqNum: 0
        Expected seq: 0
        -> IN ORDER, delivering immediately
    [Reliability 6] deliverMessage() - deserializing payload
        Deserialized: ConsensusMessage
        DEBUG: envelope.fromReplicaId=0, message.getSender()=0
=== [V2V Layer 6] DELIVER to BFT-SMaRt ===
    Message type: ConsensusMessage
    From replica: 0
    InQueue size before: 0
    InQueue size after: 1
=== [V2V Layer 6] DELIVER successful ===
[V2VProxy 3] *** RECEIVED V2V message #1 from=0 to=-1 (broadcast=YES) at t=3.253966026104
19:57:59.995 [Server Comm. System] INFO bftsmart.communication.ServerCommunicationSystem - === ServerCommunicationSystem RECEIVED message ===
[V2VProxy 3] Delivering message #2 from replica 0 to Java (1028 bytes)
V2VNativeBridge3: Received message from 0 with length 1028
[V2V Layer 3] Received message from replica 0 via JNI
19:57:59.995 [Server Comm. System] INFO bftsmart.communication.ServerCommunicationSystem -     Message type: ConsensusMessage
19:57:59.995 [Server Comm. System] INFO bftsmart.communication.ServerCommunicationSystem -     From: 0
19:57:59.995 [Server Comm. System] INFO bftsmart.communication.ServerCommunicationSystem -     Message count: 0
19:57:59.995 [Server Comm. System] DEBUG bftsmart.communication.ServerCommunicationSystem - <-- receiving, msg:type=PROPOSE, number=0, epoch=0, from=0
19:57:59.995 [Server Comm. System] DEBUG bftsmart.tom.core.ExecutionManager - Received message  type=PROPOSE, number=0, epoch=0, from=0
19:57:59.995 [Server Comm. System] DEBUG bftsmart.tom.core.ExecutionManager - I'm at consensus -1 and my last consensus is -1
19:57:59.995 [Server Comm. System] DEBUG bftsmart.tom.core.ExecutionManager - Message for consensus 0 can be processed
19:57:59.995 [Server Comm. System] DEBUG bftsmart.consensus.roles.Acceptor - Processing paxos msg with id 0
19:57:59.995 [Server Comm. System] DEBUG bftsmart.consensus.roles.Acceptor - PROPOSE received from:0, for consensus cId:0, I am:6
19:57:59.995 [Server Comm. System] DEBUG bftsmart.consensus.roles.Acceptor - Executing propose for cId:0, Epoch Timestamp:0
19:57:59.995 [Server Comm. System] DEBUG bftsmart.tom.core.TOMLayer - Modifying inExec from -1 to 0
19:57:59.995 [Server Comm. System] DEBUG bftsmart.tom.core.TOMLayer - Checking proposed value
    [Reliability 3] handleIncomingMessage() called
        Type: DATA
        From: 0
        SeqNum: 0
        Expected seq: 0
        -> IN ORDER, delivering immediately
    [Reliability 3] deliverMessage() - deserializing payload
        Deserialized: ConsensusMessage
        DEBUG: envelope.fromReplicaId=0, message.getSender()=0
=== [V2V Layer 3] DELIVER to BFT-SMaRt ===
    Message type: ConsensusMessage
    From replica: 0
    InQueue size before: 0
    InQueue size after: 1
=== [V2V Layer 3] DELIVER successful ===
19:57:59.995 [Server Comm. System] INFO bftsmart.communication.ServerCommunicationSystem - === ServerCommunicationSystem RECEIVED message ===
19:57:59.995 [Server Comm. System] INFO bftsmart.communication.ServerCommunicationSystem -     Message type: ConsensusMessage
19:57:59.995 [Server Comm. System] INFO bftsmart.communication.ServerCommunicationSystem -     From: 0
[V2VProxy 2] *** RECEIVED V2V message #1 from=0 to=-1 (broadcast=YES) at t=3.253966041603
[V2VProxy 2] Delivering message #3 from replica 0 to Java (1028 bytes)
19:57:59.995 [Server Comm. System] INFO bftsmart.communication.ServerCommunicationSystem -     Message count: 0
V2VNativeBridge2: Received message from 0 with length 1028
[V2V Layer 2] Received message from replica 0 via JNI
19:57:59.996 [Server Comm. System] DEBUG bftsmart.communication.ServerCommunicationSystem - <-- receiving, msg:type=PROPOSE, number=0, epoch=0, from=0
19:57:59.996 [Server Comm. System] DEBUG bftsmart.tom.core.ExecutionManager - Received message  type=PROPOSE, number=0, epoch=0, from=0
19:57:59.996 [Server Comm. System] DEBUG bftsmart.tom.core.ExecutionManager - I'm at consensus -1 and my last consensus is -1
19:57:59.996 [Server Comm. System] DEBUG bftsmart.tom.core.ExecutionManager - Message for consensus 0 can be processed
19:57:59.996 [Server Comm. System] DEBUG bftsmart.consensus.roles.Acceptor - Processing paxos msg with id 0
19:57:59.996 [Server Comm. System] DEBUG bftsmart.consensus.roles.Acceptor - PROPOSE received from:0, for consensus cId:0, I am:3
19:57:59.996 [Server Comm. System] DEBUG bftsmart.consensus.roles.Acceptor - Executing propose for cId:0, Epoch Timestamp:0
19:57:59.996 [Server Comm. System] DEBUG bftsmart.tom.core.TOMLayer - Modifying inExec from -1 to 0
19:57:59.996 [Server Comm. System] DEBUG bftsmart.tom.core.TOMLayer - Checking proposed value
    [Reliability 2] handleIncomingMessage() called
        Type: DATA
        From: 0
        SeqNum: 0
        Expected seq: 0
        -> IN ORDER, delivering immediately
    [Reliability 2] deliverMessage() - deserializing payload
        Deserialized: ConsensusMessage
        DEBUG: envelope.fromReplicaId=0, message.getSender()=0
=== [V2V Layer 2] DELIVER to BFT-SMaRt ===
    Message type: ConsensusMessage
    From replica: 0
    InQueue size before: 0
    InQueue size after: 1
=== [V2V Layer 2] DELIVER successful ===
19:57:59.996 [Server Comm. System] INFO bftsmart.communication.ServerCommunicationSystem - === ServerCommunicationSystem RECEIVED message ===
19:57:59.996 [Server Comm. System] INFO bftsmart.communication.ServerCommunicationSystem -     Message type: ConsensusMessage
19:57:59.996 [Server Comm. System] INFO bftsmart.communication.ServerCommunicationSystem -     From: 0
19:57:59.996 [Server Comm. System] INFO bftsmart.communication.ServerCommunicationSystem -     Message count: 0
19:57:59.996 [Server Comm. System] DEBUG bftsmart.communication.ServerCommunicationSystem - <-- receiving, msg:type=PROPOSE, number=0, epoch=0, from=0
19:57:59.996 [Server Comm. System] DEBUG bftsmart.tom.core.ExecutionManager - Received message  type=PROPOSE, number=0, epoch=0, from=0
19:57:59.996 [Server Comm. System] DEBUG bftsmart.tom.core.ExecutionManager - I'm at consensus -1 and my last consensus is -1
[V2VProxy 4] *** RECEIVED V2V message #1 from=0 to=-1 (broadcast=YES) at t=3.253966049291
[V2VProxy 4] Delivering message #4 from replica 0 to Java (1028 bytes)
V2VNativeBridge4: Received message from 0 with length 1028
[V2V Layer 4] Received message from replica 0 via JNI
19:57:59.996 [Server Comm. System] DEBUG bftsmart.tom.core.ExecutionManager - Message for consensus 0 can be processed
19:57:59.996 [Server Comm. System] DEBUG bftsmart.consensus.roles.Acceptor - Processing paxos msg with id 0
19:57:59.996 [Server Comm. System] DEBUG bftsmart.consensus.roles.Acceptor - PROPOSE received from:0, for consensus cId:0, I am:2
    [Reliability 4] handleIncomingMessage() called
        Type: DATA
19:57:59.996 [Server Comm. System] DEBUG bftsmart.consensus.roles.Acceptor - Executing propose for cId:0, Epoch Timestamp:0
        From: 0
        SeqNum: 0
        Expected seq: 0
        -> IN ORDER, delivering immediately
    [Reliability 4] deliverMessage() - deserializing payload
19:57:59.996 [Server Comm. System] DEBUG bftsmart.tom.core.TOMLayer - Modifying inExec from -1 to 0
19:57:59.996 [Server Comm. System] DEBUG bftsmart.tom.core.TOMLayer - Checking proposed value
        Deserialized: ConsensusMessage
        DEBUG: envelope.fromReplicaId=0, message.getSender()=0
=== [V2V Layer 4] DELIVER to BFT-SMaRt ===
    Message type: ConsensusMessage
    From replica: 0
    InQueue size before: 0
    InQueue size after: 1
=== [V2V Layer 4] DELIVER successful ===
19:57:59.997 [Server Comm. System] INFO bftsmart.communication.ServerCommunicationSystem - === ServerCommunicationSystem RECEIVED message ===
19:57:59.997 [Server Comm. System] INFO bftsmart.communication.ServerCommunicationSystem -     Message type: ConsensusMessage
19:57:59.997 [Server Comm. System] INFO bftsmart.communication.ServerCommunicationSystem -     From: 0
19:57:59.997 [Server Comm. System] INFO bftsmart.communication.ServerCommunicationSystem -     Message count: 0
19:57:59.997 [Server Comm. System] DEBUG bftsmart.communication.ServerCommunicationSystem - <-- receiving, msg:type=PROPOSE, number=0, epoch=0, from=0
[V2VProxy 7] *** RECEIVED V2V message #1 from=0 to=-1 (broadcast=YES) at t=3.253966061268
[V2VProxy 7] Delivering message #5 from replica 0 to Java (1028 bytes)
V2VNativeBridge7: Received message from 0 with length 1028
[V2V Layer 7] Received message from replica 0 via JNI
    [Reliability 7] handleIncomingMessage() called
        Type: DATA
        From: 0
        SeqNum: 0
        Expected seq: 0
        -> IN ORDER, delivering immediately
    [Reliability 7] deliverMessage() - deserializing payload
        Deserialized: ConsensusMessage
        DEBUG: envelope.fromReplicaId=0, message.getSender()=0
=== [V2V Layer 7] DELIVER to BFT-SMaRt ===
    Message type: ConsensusMessage
    From replica: 0
    InQueue size before: 0
    InQueue size after: 1
=== [V2V Layer 7] DELIVER successful ===
19:58:00.000 [Server Comm. System] DEBUG bftsmart.tom.core.ExecutionManager - Received message  type=PROPOSE, number=0, epoch=0, from=0
[V2VProxy 1] *** RECEIVED V2V message #1 from=0 to=-1 (broadcast=YES) at t=3.253966062207
[V2VProxy 1] Delivering message #6 from replica 0 to Java (1028 bytes)
19:58:00.000 [Server Comm. System] INFO bftsmart.communication.ServerCommunicationSystem - === ServerCommunicationSystem RECEIVED message ===
V2VNativeBridge1: Received message from 0 with length 1028
[V2V Layer 1] Received message from replica 0 via JNI
19:58:00.000 [Server Comm. System] DEBUG bftsmart.tom.core.ExecutionManager - I'm at consensus -1 and my last consensus is -1
19:58:00.000 [Server Comm. System] DEBUG bftsmart.tom.core.ExecutionManager - Message for consensus 0 can be processed
19:58:00.000 [Server Comm. System] DEBUG bftsmart.consensus.roles.Acceptor - Processing paxos msg with id 0
19:58:00.000 [Server Comm. System] DEBUG bftsmart.tom.core.TOMLayer - Successfully deserialized batch
19:58:00.000 [Server Comm. System] DEBUG bftsmart.consensus.roles.Acceptor - Sending WRITE for 0
19:58:00.000 [Server Comm. System] INFO bftsmart.communication.ServerCommunicationSystem -     Message type: ConsensusMessage
19:58:00.000 [Server Comm. System] DEBUG bftsmart.consensus.roles.Acceptor - Sending WRITE for cId:0, I am:3
[MessageFactory] Creating WRITE message: from=3, id=0, epoch=0
    [Reliability 1] handleIncomingMessage() called
19:58:00.000 [Server Comm. System] DEBUG bftsmart.consensus.roles.Acceptor - PROPOSE received from:0, for consensus cId:0, I am:4
        Type: DATA
        From: 0
19:58:00.001 [Server Comm. System] INFO bftsmart.communication.ServerCommunicationSystem -     From: 0
        SeqNum: 0
        Expected seq: 0
        -> IN ORDER, delivering immediately
19:58:00.004 [Server Comm. System] INFO bftsmart.communication.ServerCommunicationSystem -     Message count: 0
    [Reliability 1] deliverMessage() - deserializing payload
19:58:00.001 [Server Comm. System] INFO bftsmart.communication.ServerCommunicationSystem - === ServerCommunicationSystem.send() ===
19:58:00.003 [Server Comm. System] DEBUG bftsmart.tom.core.TOMLayer - Successfully deserialized batch
19:58:00.004 [Server Comm. System] DEBUG bftsmart.consensus.roles.Acceptor - Sending WRITE for 0
19:58:00.004 [Server Comm. System] DEBUG bftsmart.consensus.roles.Acceptor - Executing propose for cId:0, Epoch Timestamp:0
        Deserialized: ConsensusMessage
        DEBUG: envelope.fromReplicaId=0, message.getSender()=0
=== [V2V Layer 1] DELIVER to BFT-SMaRt ===
    Message type: ConsensusMessage
    From replica: 0
    InQueue size before: 0
19:58:00.004 [Server Comm. System] DEBUG bftsmart.communication.ServerCommunicationSystem - <-- receiving, msg:type=PROPOSE, number=0, epoch=0, from=0
    InQueue size after: 1
=== [V2V Layer 1] DELIVER successful ===
19:58:00.004 [Server Comm. System] INFO bftsmart.communication.ServerCommunicationSystem -     Message type: ConsensusMessage
19:58:00.004 [Server Comm. System] DEBUG bftsmart.tom.core.TOMLayer - Modifying inExec from -1 to 0
19:58:00.004 [Server Comm. System] INFO bftsmart.communication.ServerCommunicationSystem - === ServerCommunicationSystem RECEIVED message ===
19:58:00.004 [Server Comm. System] DEBUG bftsmart.consensus.roles.Acceptor - Sending WRITE for cId:0, I am:6
19:58:00.004 [Server Comm. System] INFO bftsmart.communication.ServerCommunicationSystem -     Is TOMMessage: false
19:58:00.004 [Server Comm. System] INFO bftsmart.communication.ServerCommunicationSystem -     Targets: [0, 1, 2, 4, 5, 6, 7]
19:58:00.004 [Server Comm. System] INFO bftsmart.communication.ServerCommunicationSystem -     -> Routing to SERVER connection (SystemMessage)
[MessageFactory] Creating WRITE message: from=6, id=0, epoch=0
19:58:00.004 [Server Comm. System] INFO bftsmart.communication.ServerCommunicationSystem - === ServerCommunicationSystem.send() ===
19:58:00.004 [Server Comm. System] INFO bftsmart.communication.ServerCommunicationSystem -     Message type: ConsensusMessage
19:58:00.004 [Server Comm. System] INFO bftsmart.communication.ServerCommunicationSystem -     Is TOMMessage: false
19:58:00.004 [Server Comm. System] INFO bftsmart.communication.ServerCommunicationSystem -     Targets: [0, 1, 2, 3, 4, 5, 7]
19:58:00.004 [Server Comm. System] INFO bftsmart.communication.ServerCommunicationSystem -     -> Routing to SERVER connection (SystemMessage)
19:58:00.004 [Server Comm. System] DEBUG bftsmart.tom.core.TOMLayer - Successfully deserialized batch
19:58:00.004 [Server Comm. System] DEBUG bftsmart.consensus.roles.Acceptor - Sending WRITE for 0
19:58:00.004 [Server Comm. System] DEBUG bftsmart.tom.core.ExecutionManager - Received message  type=PROPOSE, number=0, epoch=0, from=0
19:58:00.004 [Server Comm. System] DEBUG bftsmart.consensus.roles.Acceptor - Sending WRITE for cId:0, I am:2
[MessageFactory] Creating WRITE message: from=2, id=0, epoch=0
19:58:00.004 [Server Comm. System] INFO bftsmart.communication.ServerCommunicationSystem - === ServerCommunicationSystem.send() ===
19:58:00.004 [Server Comm. System] DEBUG bftsmart.tom.core.ExecutionManager - I'm at consensus -1 and my last consensus is -1
19:58:00.004 [Server Comm. System] INFO bftsmart.communication.ServerCommunicationSystem -     Message type: ConsensusMessage
19:58:00.004 [Server Comm. System] INFO bftsmart.communication.ServerCommunicationSystem -     Is TOMMessage: false
19:58:00.004 [Server Comm. System] DEBUG bftsmart.tom.core.ExecutionManager - Message for consensus 0 can be processed
19:58:00.004 [Server Comm. System] DEBUG bftsmart.consensus.roles.Acceptor - Processing paxos msg with id 0
19:58:00.004 [Server Comm. System] INFO bftsmart.communication.ServerCommunicationSystem -     Targets: [0, 1, 3, 4, 5, 6, 7]
19:58:00.004 [Server Comm. System] INFO bftsmart.communication.ServerCommunicationSystem -     -> Routing to SERVER connection (SystemMessage)
19:58:00.004 [Server Comm. System] DEBUG bftsmart.communication.ServerCommunicationSystem - --> sending message from: [0, 1, 3, 4, 5, 6, 7] -> {}2
=== [V2V Layer 2] SEND called ===
19:58:00.004 [Server Comm. System] DEBUG bftsmart.tom.core.TOMLayer - Checking proposed value
    Targets: [0, 1, 3, 4, 5, 6, 7]
    Message type: ConsensusMessage
    Sender: 2[V2VProxy 5] *** RECEIVED V2V message #1 from=0 to=-1 (broadcast=YES) at t=3.253966078299

    -> Sending to replica 0 via V2V
[V2VProxy 5] Delivering message #7 from replica 0 to Java (1028 bytes)
    [Reliability 2] sendReliable() called
        Target: 0
        Message type: ConsensusMessage
V2VNativeBridge5: Received message from 0 with length 1028
        Sequence number: 0
[V2V Layer 5] Received message from replica 0 via JNI
19:58:00.004 [Server Comm. System] INFO bftsmart.communication.ServerCommunicationSystem -     Message type: ConsensusMessage
        Payload size: 172 bytes
19:58:00.004 [Server Comm. System] DEBUG bftsmart.communication.ServerCommunicationSystem - --> sending message from: [0, 1, 2, 4, 5, 6, 7] -> {}3
19:58:00.005 [Server Comm. System] INFO bftsmart.communication.ServerCommunicationSystem -     From: 0
=== [V2V Layer 3] SEND called ===
    Targets: [0, 1, 2, 4, 5, 6, 7]
19:58:00.005 [Server Comm. System] INFO bftsmart.communication.ServerCommunicationSystem -     Message count: 0
    Message type: ConsensusMessage
    Sender: 3
19:58:00.004 [Server Comm. System] DEBUG bftsmart.communication.ServerCommunicationSystem - --> sending message from: [0, 1, 2, 3, 4, 5, 7] -> {}6
        [Reliability 2] Piggybacked 1 ACKs to replica 0
    -> Sending to replica 0 via V2V
    [Reliability 3] sendReliable() called
=== [V2V Layer 6] SEND called ===
19:58:00.004 [Server Comm. System] DEBUG bftsmart.consensus.roles.Acceptor - PROPOSE received from:0, for consensus cId:0, I am:7
    Targets: [0, 1, 2, 3, 4, 5, 7]
    Message type: ConsensusMessage
    Sender: 6
    -> Sending to replica 0 via V2V
    [Reliability 6] sendReliable() called
        Target: 0
        Message type: ConsensusMessage
        Sequence number: 0
        Target: 0
19:58:00.005 [Server Comm. System] DEBUG bftsmart.communication.ServerCommunicationSystem - <-- receiving, msg:type=PROPOSE, number=0, epoch=0, from=0
        Message type: ConsensusMessage
19:58:00.005 [Server Comm. System] DEBUG bftsmart.consensus.roles.Acceptor - Executing propose for cId:0, Epoch Timestamp:0
        Sequence number: 0
        Payload size: 172 bytes
19:58:00.005 [Server Comm. System] DEBUG bftsmart.tom.core.ExecutionManager - Received message  type=PROPOSE, number=0, epoch=0, from=0
19:58:00.005 [Server Comm. System] DEBUG bftsmart.tom.core.ExecutionManager - I'm at consensus -1 and my last consensus is -1
        [Reliability 6] Piggybacked 1 ACKs to replica 0
19:58:00.005 [Server Comm. System] DEBUG bftsmart.tom.core.TOMLayer - Modifying inExec from -1 to 0
19:58:00.005 [Server Comm. System] DEBUG bftsmart.tom.core.TOMLayer - Checking proposed value
19:58:00.005 [Server Comm. System] DEBUG bftsmart.tom.core.ExecutionManager - Message for consensus 0 can be processed
19:58:00.005 [Server Comm. System] DEBUG bftsmart.consensus.roles.Acceptor - Processing paxos msg with id 0
        Payload size: 172 bytes
19:58:00.005 [Server Comm. System] DEBUG bftsmart.consensus.roles.Acceptor - PROPOSE received from:0, for consensus cId:0, I am:1
        [Reliability 3] Piggybacked 1 ACKs to replica 0
19:58:00.007 [Server Comm. System] DEBUG bftsmart.consensus.roles.Acceptor - Executing propose for cId:0, Epoch Timestamp:0
V2VNativeBridge6: Sending message to -1 with length 763
[JNI] nativeSendMessage: 6 -> -1
[JNI] Sending 763 bytes (6->-1)
[DEBUG V2VProxy 6] Queue has space - adding message
[JNI] Message queued successfully
        [Reliability 6] Sent seq=0 to replica 0
    -> Sending to replica 1 via V2V
    [Reliability 6] sendReliable() called
        Target: 1
19:58:00.008 [Server Comm. System] DEBUG bftsmart.tom.core.TOMLayer - Modifying inExec from -1 to 0
        Message type: ConsensusMessage
    [Reliability 5] handleIncomingMessage() called
        Type: DATA
19:58:00.009 [Server Comm. System] DEBUG bftsmart.tom.core.TOMLayer - Checking proposed value
        Sequence number: 0
19:58:00.009 [Server Comm. System] DEBUG bftsmart.tom.core.TOMLayer - Successfully deserialized batch
        From: 0
        SeqNum: 0
        Expected seq: 0
19:58:00.009 [Server Comm. System] DEBUG bftsmart.consensus.roles.Acceptor - Sending WRITE for 0
        -> IN ORDER, delivering immediately
    [Reliability 5] deliverMessage() - deserializing payload
        Payload size: 172 bytes
19:58:00.009 [Server Comm. System] DEBUG bftsmart.consensus.roles.Acceptor - Sending WRITE for cId:0, I am:4
[MessageFactory] Creating WRITE message: from=4, id=0, epoch=0
19:58:00.009 [Server Comm. System] INFO bftsmart.communication.ServerCommunicationSystem - === ServerCommunicationSystem.send() ===
V2VNativeBridge3: Sending message to -1 with length 763
V2VNativeBridge2: Sending message to -1 with length 763
[JNI] nativeSendMessage: 2 -> -1
[JNI] Sending 763 bytes (2->-1)
[DEBUG V2VProxy 2] Queue has space - adding message
        Deserialized: ConsensusMessage[JNI] Message queued successfully

        DEBUG: envelope.fromReplicaId=0, message.getSender()=0
[JNI] nativeSendMessage: 3 -> -1
=== [V2V Layer 5] DELIVER to BFT-SMaRt ===
[JNI] Sending 763 bytes (3->-1)
[DEBUG V2VProxy 3] Queue has space - adding message
[JNI] Message queued successfully
19:58:00.009 [Server Comm. System] INFO bftsmart.communication.ServerCommunicationSystem -     Message type: ConsensusMessage
        [Reliability 3] Sent seq=0 to replica 0
    -> Sending to replica 1 via V2V
    [Reliability 3] sendReliable() called
        Target: 1
        Message type: ConsensusMessage
        Sequence number: 0
        [Reliability 2] Sent seq=0 to replica 0
19:58:00.009 [Server Comm. System] INFO bftsmart.communication.ServerCommunicationSystem -     Is TOMMessage: false
19:58:00.009 [Server Comm. System] INFO bftsmart.communication.ServerCommunicationSystem -     Targets: [0, 1, 2, 3, 5, 6, 7]
        Payload size: 172 bytes
V2VNativeBridge6: Sending message to -1 with length 685
[JNI] nativeSendMessage: 6 -> -1
[JNI] Sending 685 bytes (6->-1)
[DEBUG V2VProxy 6] Queue has space - adding message
[JNI] Message queued successfully
    Message type: ConsensusMessage
V2VNativeBridge3: Sending message to -1 with length 685
[JNI] nativeSendMessage: 3 -> -1
[JNI] Sending 685 bytes (3->-1)
[DEBUG V2VProxy 3] Queue has space - adding message
[JNI] Message queued successfully
        [Reliability 3] Sent seq=0 to replica 1
    From replica: 0
    InQueue size before: 0
    -> Sending to replica 1 via V2V
    [Reliability 2] sendReliable() called
        Target: 1
        Message type: ConsensusMessage
        Sequence number: 0
19:58:00.009 [Server Comm. System] INFO bftsmart.communication.ServerCommunicationSystem -     -> Routing to SERVER connection (SystemMessage)
    InQueue size after: 1
19:58:00.009 [Server Comm. System] INFO bftsmart.communication.ServerCommunicationSystem - === ServerCommunicationSystem RECEIVED message ===
=== [V2V Layer 5] DELIVER successful ===
    -> Sending to replica 2 via V2V
    [Reliability 3] sendReliable() called
        Target: 2
        Message type: ConsensusMessage
        [Reliability 6] Sent seq=0 to replica 1
    -> Sending to replica 2 via V2V
    [Reliability 6] sendReliable() called
        Target: 2
        Sequence number: 0
19:58:00.009 [Server Comm. System] DEBUG bftsmart.communication.ServerCommunicationSystem - --> sending message from: [0, 1, 2, 3, 5, 6, 7] -> {}4
        Payload size: 172 bytes
=== [V2V Layer 4] SEND called ===
19:58:00.009 [Server Comm. System] INFO bftsmart.communication.ServerCommunicationSystem -     Message type: ConsensusMessage
        Payload size: 172 bytes
        Message type: ConsensusMessage
19:58:00.011 [Server Comm. System] INFO bftsmart.communication.ServerCommunicationSystem -     From: 0
19:58:00.011 [Server Comm. System] INFO bftsmart.communication.ServerCommunicationSystem -     Message count: 0
    Targets: [0, 1, 2, 3, 5, 6, 7]
19:58:00.011 [Server Comm. System] DEBUG bftsmart.communication.ServerCommunicationSystem - <-- receiving, msg:type=PROPOSE, number=0, epoch=0, from=0
19:58:00.011 [Server Comm. System] DEBUG bftsmart.tom.core.ExecutionManager - Received message  type=PROPOSE, number=0, epoch=0, from=0
19:58:00.011 [Server Comm. System] DEBUG bftsmart.tom.core.ExecutionManager - I'm at consensus -1 and my last consensus is -1
    Message type: ConsensusMessage
        Sequence number: 0
    Sender: 4
    -> Sending to replica 0 via V2V
    [Reliability 4] sendReliable() called
        Target: 0
        Message type: ConsensusMessage
        Sequence number: 0
        Payload size: 172 bytes
19:58:00.011 [Server Comm. System] DEBUG bftsmart.tom.core.ExecutionManager - Message for consensus 0 can be processed
19:58:00.011 [Server Comm. System] DEBUG bftsmart.consensus.roles.Acceptor - Processing paxos msg with id 0
        Payload size: 172 bytes
19:58:00.011 [Server Comm. System] DEBUG bftsmart.consensus.roles.Acceptor - PROPOSE received from:0, for consensus cId:0, I am:5
19:58:00.011 [Server Comm. System] DEBUG bftsmart.consensus.roles.Acceptor - Executing propose for cId:0, Epoch Timestamp:0
        [Reliability 4] Piggybacked 1 ACKs to replica 0
19:58:00.011 [Server Comm. System] DEBUG bftsmart.tom.core.TOMLayer - Modifying inExec from -1 to 0
19:58:00.011 [Server Comm. System] DEBUG bftsmart.tom.core.TOMLayer - Checking proposed value
V2VNativeBridge2: Sending message to -1 with length 685
[JNI] nativeSendMessage: 2 -> -1
[JNI] Sending 685 bytes (2->-1)
[DEBUG V2VProxy 2] Queue has space - adding message
[JNI] Message queued successfully
        [Reliability 2] Sent seq=0 to replica 1
    -> Sending to replica 3 via V2V
    [Reliability 2] sendReliable() called
        Target: 3
        Message type: ConsensusMessage
        Sequence number: 0
        Payload size: 172 bytes
V2VNativeBridge6: Sending message to -1 with length 685
[JNI] nativeSendMessage: 6 -> -1
[JNI] Sending 685 bytes (6->-1)
[DEBUG V2VProxy 6] Queue has space - adding message
[JNI] Message queued successfully
V2VNativeBridge2: Sending message to -1 with length 685
[JNI] nativeSendMessage: 2 -> -1
[JNI] Sending 685 bytes (2->-1)
[DEBUG V2VProxy 2] Queue has space - adding message
[JNI] Message queued successfully
        [Reliability 6] Sent seq=0 to replica 2
        [Reliability 2] Sent seq=0 to replica 3
V2VNativeBridge3: Sending message to -1 with length 685
[JNI] nativeSendMessage: 3 -> -1
[JNI] Sending 685 bytes (3->-1)
[DEBUG V2VProxy 3] Queue has space - adding message
[JNI] Message queued successfully
    -> Sending to replica 4 via V2V
V2VNativeBridge4: Sending message to -1 with length 763
[JNI] nativeSendMessage: 4 -> -1
[JNI] Sending 763 bytes (4->-1)
[DEBUG V2VProxy 4] Queue has space - adding message
        [Reliability 3] Sent seq=0 to replica 2[JNI] Message queued successfully

        [Reliability 4] Sent seq=0 to replica 0
    -> Sending to replica 1 via V2V
    [Reliability 4] sendReliable() called
        Target: 1
        Message type: ConsensusMessage
        Sequence number: 0
    [Reliability 2] sendReliable() called
        Payload size: 172 bytes
    -> Sending to replica 3 via V2V
    [Reliability 6] sendReliable() called
        Target: 3
        Message type: ConsensusMessage
        Target: 4
        Message type: ConsensusMessage
V2VNativeBridge4: Sending message to -1 with length 685
[JNI] nativeSendMessage: 4 -> -1
[JNI] Sending 685 bytes (4->-1)
[DEBUG V2VProxy 4] Queue has space - adding message
[JNI] Message queued successfully
        Sequence number: 0
    -> Sending to replica 4 via V2V
        Payload size: 172 bytes
        [Reliability 4] Sent seq=0 to replica 1
V2VNativeBridge2: Sending message to -1 with length 685
[JNI] nativeSendMessage: 2 -> -1
[JNI] Sending 685 bytes (2->-1)
[DEBUG V2VProxy 2] Queue has space - adding message
[JNI] Message queued successfully
        [Reliability 2] Sent seq=0 to replica 4
    -> Sending to replica 5 via V2V
    [Reliability 2] sendReliable() called
        Target: 5
        Message type: ConsensusMessage
        Sequence number: 0
        Sequence number: 0
        Payload size: 172 bytes
    -> Sending to replica 2 via V2V
V2VNativeBridge2: Sending message to -1 with length 685
[JNI] nativeSendMessage: 2 -> -1
[JNI] Sending 685 bytes (2->-1)
[DEBUG V2VProxy 2] Queue has space - adding message
[JNI] Message queued successfully
        [Reliability 2] Sent seq=0 to replica 5
    -> Sending to replica 6 via V2V
    [Reliability 2] sendReliable() called
        Target: 6
        Message type: ConsensusMessage
        Sequence number: 0
    [Reliability 3] sendReliable() called
        Payload size: 172 bytes
        Target: 4
    [Reliability 4] sendReliable() called
        Target: 2
        Message type: ConsensusMessage
        Payload size: 172 bytes
V2VNativeBridge2: Sending message to -1 with length 685
[JNI] nativeSendMessage: 2 -> -1
[JNI] Sending 685 bytes (2->-1)
[DEBUG V2VProxy 2] Queue has space - adding message
[JNI] Message queued successfully
        [Reliability 2] Sent seq=0 to replica 6
    -> Sending to replica 7 via V2V
    [Reliability 2] sendReliable() called
        Target: 7
        Message type: ConsensusMessage
        Sequence number: 0
        Message type: ConsensusMessage
        Payload size: 172 bytes
        Sequence number: 0
        Sequence number: 0
        Payload size: 172 bytes
        Payload size: 172 bytes
V2VNativeBridge2: Sending message to -1 with length 685
[JNI] nativeSendMessage: 2 -> -1
[JNI] Sending 685 bytes (2->-1)
[DEBUG V2VProxy 2] Queue has space - adding message
[JNI] Message queued successfully
V2VNativeBridge4: Sending message to -1 with length 685
        [Reliability 2] Sent seq=0 to replica 7
=== [V2V Layer 2] SEND complete ===
[JNI] nativeSendMessage: 4 -> -1
[JNI] Sending 685 bytes (4->-1)
[DEBUG V2VProxy 4] Queue has space - adding message
[JNI] Message queued successfully
V2VNativeBridge3: Sending message to -1 with length 685
        [Reliability 4] Sent seq=0 to replica 2
[JNI] nativeSendMessage: 3 -> -1
    -> Sending to replica 3 via V2V[JNI] Sending 685 bytes (3->-1)
[DEBUG V2VProxy 3] Queue has space - adding message

[JNI] Message queued successfully
    [Reliability 4] sendReliable() called
V2VNativeBridge6: Sending message to -1 with length 685
19:58:00.016 [Server Comm. System] INFO bftsmart.communication.ServerCommunicationSystem - === ServerCommunicationSystem.send() complete ===
[JNI] nativeSendMessage: 6 -> -1
[JNI] Sending 685 bytes (6->-1)
[DEBUG V2VProxy 6] Queue has space - adding message
[JNI] Message queued successfully
        [Reliability 3] Sent seq=0 to replica 4
19:58:00.016 [Server Comm. System] DEBUG bftsmart.consensus.roles.Acceptor - I have 1, WRITE's for cId:0, Epoch timestamp:0,
        Target: 3
        Message type: ConsensusMessage
[Acceptor 2] computeWrite: cId=0, writeAccepted=1, quorum=5
[MessageFactory] Creating ACCEPT message: from=2, id=0, epoch=0
    -> Sending to replica 5 via V2V
    [Reliability 3] sendReliable() called
        Target: 5
        Message type: ConsensusMessage
        [Reliability 6] Sent seq=0 to replica 3
    -> Sending to replica 4 via V2V
    [Reliability 6] sendReliable() called
        Target: 4
        Message type: ConsensusMessage
        Sequence number: 0
        Sequence number: 0
        Payload size: 172 bytes
        Sequence number: 0
        Payload size: 172 bytes
        Payload size: 172 bytes
V2VNativeBridge4: Sending message to -1 with length 685
[JNI] nativeSendMessage: 4 -> -1
[JNI] Sending 685 bytes (4->-1)
[DEBUG V2VProxy 4] Queue has space - adding message
[JNI] Message queued successfully
        [Reliability 4] Sent seq=0 to replica 3
    -> Sending to replica 5 via V2V
    [Reliability 4] sendReliable() called
        Target: 5
V2VNativeBridge6: Sending message to -1 with length 685
[JNI] nativeSendMessage: 6 -> -1
[JNI] Sending 685 bytes (6->-1)
[DEBUG V2VProxy 6] Queue has space - adding message
[JNI] Message queued successfully
V2VNativeBridge3: Sending message to -1 with length 685
[JNI] nativeSendMessage: 3 -> -1
[JNI] Sending 685 bytes (3->-1)
[DEBUG V2VProxy 3] Queue has space - adding message
        [Reliability 6] Sent seq=0 to replica 4
    -> Sending to replica 5 via V2V[JNI] Message queued successfully

19:58:00.017 [Server Comm. System] DEBUG bftsmart.tom.core.TOMLayer - Successfully deserialized batch
        [Reliability 3] Sent seq=0 to replica 5
    [Reliability 6] sendReliable() called
        Target: 5
        Message type: ConsensusMessage
        Sequence number: 0
        Message type: ConsensusMessage
        Payload size: 172 bytes
    -> Sending to replica 6 via V2V
    [Reliability 3] sendReliable() called
        Target: 6
        Message type: ConsensusMessage
19:58:00.017 [Server Comm. System] DEBUG bftsmart.consensus.roles.Acceptor - Sending WRITE for 0
        Sequence number: 0
19:58:00.017 [Server Comm. System] DEBUG bftsmart.consensus.roles.Acceptor - Sending WRITE for cId:0, I am:7
[MessageFactory] Creating WRITE message: from=7, id=0, epoch=0
V2VNativeBridge6: Sending message to -1 with length 685
        Payload size: 172 bytes[JNI] nativeSendMessage: 6 -> -1

[JNI] Sending 685 bytes (6->-1)
[DEBUG V2VProxy 6] Queue has space - adding message
[JNI] Message queued successfully
        [Reliability 6] Sent seq=0 to replica 5
    -> Sending to replica 7 via V2V
    [Reliability 6] sendReliable() called
        Target: 7
        Message type: ConsensusMessage
        Sequence number: 0
        Sequence number: 0
        Payload size: 172 bytes
V2VNativeBridge3: Sending message to -1 with length 685
[JNI] nativeSendMessage: 3 -> -1
[JNI] Sending 685 bytes (3->-1)
[DEBUG V2VProxy 3] Queue has space - adding message
[JNI] Message queued successfully
19:58:00.017 [Server Comm. System] INFO bftsmart.communication.ServerCommunicationSystem - === ServerCommunicationSystem.send() ===
        Payload size: 172 bytes
        [Reliability 3] Sent seq=0 to replica 6
V2VNativeBridge6: Sending message to -1 with length 685
[JNI] nativeSendMessage: 6 -> -1
[JNI] Sending 685 bytes (6->-1)
[DEBUG V2VProxy 6] Queue has space - adding message
    -> Sending to replica 7 via V2V[JNI] Message queued successfully

    [Reliability 3] sendReliable() called
        Target: 7
        Message type: ConsensusMessage
        [Reliability 6] Sent seq=0 to replica 7
=== [V2V Layer 6] SEND complete ===
        Sequence number: 0
V2VNativeBridge4: Sending message to -1 with length 685
        Payload size: 172 bytes
[JNI] nativeSendMessage: 4 -> -1
[JNI] Sending 685 bytes (4->-1)
[DEBUG V2VProxy 4] Queue has space - adding message
[JNI] Message queued successfully
19:58:00.017 [Server Comm. System] INFO bftsmart.communication.ServerCommunicationSystem -     Message type: ConsensusMessage
        [Reliability 4] Sent seq=0 to replica 5
V2VNativeBridge3: Sending message to -1 with length 685
[JNI] nativeSendMessage: 3 -> -1
[JNI] Sending 685 bytes (3->-1)
[DEBUG V2VProxy 3] Queue has space - adding message
[JNI] Message queued successfully
    -> Sending to replica 6 via V2V
    [Reliability 4] sendReliable() called
        [Reliability 3] Sent seq=0 to replica 7
=== [V2V Layer 3] SEND complete ===
        Target: 6
        Message type: ConsensusMessage
        Sequence number: 0
19:58:00.018 [Server Comm. System] INFO bftsmart.communication.ServerCommunicationSystem - === ServerCommunicationSystem.send() complete ===
19:58:00.017 [Server Comm. System] INFO bftsmart.communication.ServerCommunicationSystem - === ServerCommunicationSystem.send() complete ===
        Payload size: 172 bytes
19:58:00.018 [Server Comm. System] DEBUG bftsmart.tom.core.TOMLayer - Successfully deserialized batch
19:58:00.018 [Server Comm. System] DEBUG bftsmart.consensus.roles.Acceptor - Sending WRITE for 0
19:58:00.018 [Server Comm. System] INFO bftsmart.communication.ServerCommunicationSystem -     Is TOMMessage: false
19:58:00.018 [Server Comm. System] DEBUG bftsmart.consensus.roles.Acceptor - Sending WRITE for cId:0, I am:5
[MessageFactory] Creating WRITE message: from=5, id=0, epoch=0
V2VNativeBridge4: Sending message to -1 with length 685
[JNI] nativeSendMessage: 4 -> -1
[JNI] Sending 685 bytes (4->-1)
[DEBUG V2VProxy 4] Queue has space - adding message
[JNI] Message queued successfully
19:58:00.018 [Server Comm. System] INFO bftsmart.communication.ServerCommunicationSystem - === ServerCommunicationSystem.send() ===
        [Reliability 4] Sent seq=0 to replica 6
    -> Sending to replica 7 via V2V
    [Reliability 4] sendReliable() called
19:58:00.018 [Server Comm. System] INFO bftsmart.communication.ServerCommunicationSystem -     Targets: [0, 1, 2, 3, 4, 5, 6]
        Target: 7
        Message type: ConsensusMessage
19:58:00.018 [Server Comm. System] INFO bftsmart.communication.ServerCommunicationSystem -     -> Routing to SERVER connection (SystemMessage)
        Sequence number: 0
        Payload size: 172 bytes
19:58:00.018 [Server Comm. System] DEBUG bftsmart.communication.ServerCommunicationSystem - --> sending message from: [0, 1, 2, 3, 4, 5, 6] -> {}7
=== [V2V Layer 7] SEND called ===
19:58:00.018 [Server Comm. System] DEBUG bftsmart.consensus.roles.Acceptor - I have 1, WRITE's for cId:0, Epoch timestamp:0,
V2VNativeBridge4: Sending message to -1 with length 685
[JNI] nativeSendMessage: 4 -> -1
[JNI] Sending 685 bytes (4->-1)
[DEBUG V2VProxy 4] Queue has space - adding message
[JNI] Message queued successfully
        [Reliability 4] Sent seq=0 to replica 7
=== [V2V Layer 4] SEND complete ===
    Targets: [0, 1, 2, 3, 4, 5, 6]
    Message type: ConsensusMessage
    Sender: 7
    -> Sending to replica 0 via V2V
    [Reliability 7] sendReliable() called
        Target: 0
        Message type: ConsensusMessage
        Sequence number: 0
[Acceptor 3] computeWrite: cId=0, writeAccepted=1, quorum=5
[MessageFactory] Creating ACCEPT message: from=3, id=0, epoch=0
        Payload size: 172 bytes
19:58:00.018 [Server Comm. System] DEBUG bftsmart.consensus.roles.Acceptor - I have 1, WRITE's for cId:0, Epoch timestamp:0,
        [Reliability 7] Piggybacked 1 ACKs to replica 0
[Acceptor 6] computeWrite: cId=0, writeAccepted=1, quorum=5
[MessageFactory] Creating ACCEPT message: from=6, id=0, epoch=0
19:58:00.018 [Server Comm. System] DEBUG bftsmart.consensus.roles.Acceptor - WRITE computed for cId:0, I am:2
V2VNativeBridge7: Sending message to -1 with length 763
[JNI] nativeSendMessage: 7 -> -1
19:58:00.018 [Server Comm. System] INFO bftsmart.communication.ServerCommunicationSystem -     Message type: ConsensusMessage
[JNI] Sending 763 bytes (7->-1)
[DEBUG V2VProxy 7] Queue has space - adding message
[JNI] Message queued successfully
        [Reliability 7] Sent seq=0 to replica 0
    -> Sending to replica 1 via V2V
    [Reliability 7] sendReliable() called
        Target: 1
        Message type: ConsensusMessage
        Sequence number: 0
19:58:00.018 [Server Comm. System] INFO bftsmart.communication.ServerCommunicationSystem - === ServerCommunicationSystem.send() complete ===
        Payload size: 172 bytes
19:58:00.019 [pool-11-thread-1] DEBUG bftsmart.consensus.roles.Acceptor - Creating cryptographic proof for speculative ACCEPT message from consensus 0
19:58:00.018 [Server Comm. System] DEBUG bftsmart.tom.core.TOMLayer - Successfully deserialized batch
V2VNativeBridge7: Sending message to -1 with length 685
[JNI] nativeSendMessage: 7 -> -1
[JNI] Sending 685 bytes (7->-1)
[DEBUG V2VProxy 7] Queue has space - adding message
[JNI] Message queued successfully
        [Reliability 7] Sent seq=0 to replica 1
19:58:00.019 [Server Comm. System] DEBUG bftsmart.consensus.roles.Acceptor - WRITE computed for cId:0, I am:3
    -> Sending to replica 2 via V2V
19:58:00.019 [Server Comm. System] DEBUG bftsmart.consensus.roles.Acceptor - Sending WRITE for 0
    [Reliability 7] sendReliable() called
        Target: 2
19:58:00.019 [Server Comm. System] INFO bftsmart.communication.ServerCommunicationSystem -     Is TOMMessage: false
        Message type: ConsensusMessage
        Sequence number: 0
19:58:00.019 [pool-14-thread-1] DEBUG bftsmart.consensus.roles.Acceptor - Creating cryptographic proof for speculative ACCEPT message from consensus 0
19:58:00.019 [Server Comm. System] INFO bftsmart.communication.ServerCommunicationSystem -     Targets: [0, 1, 2, 3, 4, 6, 7]
        Payload size: 172 bytes
19:58:00.019 [Server Comm. System] INFO bftsmart.communication.ServerCommunicationSystem -     -> Routing to SERVER connection (SystemMessage)
19:58:00.019 [Server Comm. System] DEBUG bftsmart.consensus.roles.Acceptor - WRITE computed for cId:0, I am:6
V2VNativeBridge7: Sending message to -1 with length 685
[JNI] nativeSendMessage: 7 -> -1
[JNI] Sending 685 bytes (7->-1)
[DEBUG V2VProxy 7] Queue has space - adding message
[JNI] Message queued successfully
        [Reliability 7] Sent seq=0 to replica 2
19:58:00.019 [Server Comm. System] INFO bftsmart.communication.ServerCommunicationSystem - === Message processed ===
    -> Sending to replica 3 via V2V
    [Reliability 7] sendReliable() called
        Target: 3
        Message type: ConsensusMessage
        Sequence number: 0
        Payload size: 172 bytes
19:58:00.019 [Server Comm. System] DEBUG bftsmart.consensus.roles.Acceptor - I have 1, WRITE's for cId:0, Epoch timestamp:0,
19:58:00.019 [pool-15-thread-1] DEBUG bftsmart.consensus.roles.Acceptor - Creating cryptographic proof for speculative ACCEPT message from consensus 0
V2VNativeBridge7: Sending message to -1 with length 685
[JNI] nativeSendMessage: 7 -> -1
[JNI] Sending 685 bytes (7->-1)
[Acceptor 4] computeWrite: cId=0, writeAccepted=1, quorum=5[DEBUG V2VProxy 7] Queue has space - adding message
[JNI] Message queued successfully

[MessageFactory] Creating ACCEPT message: from=4, id=0, epoch=0
19:58:00.019 [Server Comm. System] INFO bftsmart.communication.ServerCommunicationSystem - === Message processed ===
        [Reliability 7] Sent seq=0 to replica 3
19:58:00.019 [Server Comm. System] DEBUG bftsmart.consensus.roles.Acceptor - Sending WRITE for cId:0, I am:1
    -> Sending to replica 4 via V2V
    [Reliability 7] sendReliable() called
        Target: 4
        Message type: ConsensusMessage
        Sequence number: 0
[MessageFactory] Creating WRITE message: from=1, id=0, epoch=0
        Payload size: 172 bytes
19:58:00.019 [Server Comm. System] DEBUG bftsmart.communication.ServerCommunicationSystem - --> sending message from: [0, 1, 2, 3, 4, 6, 7] -> {}5
=== [V2V Layer 5] SEND called ===
19:58:00.019 [Server Comm. System] INFO bftsmart.communication.ServerCommunicationSystem - === Message processed ===
    Targets: [0, 1, 2, 3, 4, 6, 7]
19:58:00.021 [Server Comm. System] DEBUG bftsmart.consensus.roles.Acceptor - WRITE computed for cId:0, I am:4
V2VNativeBridge7: Sending message to -1 with length 685
19:58:00.021 [Server Comm. System] INFO bftsmart.communication.ServerCommunicationSystem - === Message processed ===
19:58:00.019 [Server Comm. System] INFO bftsmart.communication.ServerCommunicationSystem - === ServerCommunicationSystem.send() ===
[JNI] nativeSendMessage: 7 -> -1
[JNI] Sending 685 bytes (7->-1)
    Message type: ConsensusMessage[DEBUG V2VProxy 7] Queue has space - adding message

[JNI] Message queued successfully
    Sender: 5
        [Reliability 7] Sent seq=0 to replica 4
    -> Sending to replica 5 via V2V
    [Reliability 7] sendReliable() called
        Target: 5
        Message type: ConsensusMessage
        Sequence number: 0
19:58:00.021 [pool-13-thread-1] DEBUG bftsmart.consensus.roles.Acceptor - Creating cryptographic proof for speculative ACCEPT message from consensus 0
        Payload size: 172 bytes
    -> Sending to replica 0 via V2V
    [Reliability 5] sendReliable() called
        Target: 0
V2VNativeBridge7: Sending message to -1 with length 685
[JNI] nativeSendMessage: 7 -> -1
        Message type: ConsensusMessage[JNI] Sending 685 bytes (7->-1)

[DEBUG V2VProxy 7] Queue has space - adding message
[JNI] Message queued successfully
        [Reliability 7] Sent seq=0 to replica 5
    -> Sending to replica 6 via V2V
    [Reliability 7] sendReliable() called
        Target: 6
        Message type: ConsensusMessage
19:58:00.021 [Server Comm. System] INFO bftsmart.communication.ServerCommunicationSystem -     Message type: ConsensusMessage
        Sequence number: 0
        Sequence number: 0
19:58:00.022 [Server Comm. System] INFO bftsmart.communication.ServerCommunicationSystem -     Is TOMMessage: false
        Payload size: 172 bytes
        Payload size: 172 bytes
V2VNativeBridge7: Sending message to -1 with length 685
        [Reliability 5] Piggybacked 1 ACKs to replica 0
[JNI] nativeSendMessage: 7 -> -1
[JNI] Sending 685 bytes (7->-1)
[DEBUG V2VProxy 7] Queue has space - adding message
[JNI] Message queued successfully
        [Reliability 7] Sent seq=0 to replica 6
=== [V2V Layer 7] SEND complete ===
19:58:00.022 [Server Comm. System] INFO bftsmart.communication.ServerCommunicationSystem -     Targets: [0, 2, 3, 4, 5, 6, 7]
V2VNativeBridge5: Sending message to -1 with length 763
[JNI] nativeSendMessage: 5 -> -1
[JNI] Sending 763 bytes (5->-1)
[DEBUG V2VProxy 5] Queue has space - adding message
[JNI] Message queued successfully
        [Reliability 5] Sent seq=0 to replica 0
    -> Sending to replica 1 via V2V
    [Reliability 5] sendReliable() called
        Target: 1
19:58:00.022 [Server Comm. System] INFO bftsmart.communication.ServerCommunicationSystem - === ServerCommunicationSystem.send() complete ===
        Message type: ConsensusMessage
        Sequence number: 0
19:58:00.022 [Server Comm. System] INFO bftsmart.communication.ServerCommunicationSystem -     -> Routing to SERVER connection (SystemMessage)
19:58:00.022 [Server Comm. System] DEBUG bftsmart.consensus.roles.Acceptor - I have 1, WRITE's for cId:0, Epoch timestamp:0,
[Acceptor 7] computeWrite: cId=0, writeAccepted=1, quorum=5
[MessageFactory] Creating ACCEPT message: from=7, id=0, epoch=0
19:58:00.022 [Server Comm. System] DEBUG bftsmart.communication.ServerCommunicationSystem - --> sending message from: [0, 2, 3, 4, 5, 6, 7] -> {}1
=== [V2V Layer 1] SEND called ===
    Targets: [0, 2, 3, 4, 5, 6, 7]
    Message type: ConsensusMessage
    Sender: 1
    -> Sending to replica 0 via V2V
    [Reliability 1] sendReliable() called
        Target: 0
        Message type: ConsensusMessage
        Sequence number: 0
        Payload size: 172 bytes
V2VNativeBridge5: Sending message to -1 with length 685
[JNI] nativeSendMessage: 5 -> -1
        Payload size: 172 bytes[JNI] Sending 685 bytes (5->-1)
[DEBUG V2VProxy 5] Queue has space - adding message

[JNI] Message queued successfully
        [Reliability 5] Sent seq=0 to replica 1
    -> Sending to replica 2 via V2V
    [Reliability 5] sendReliable() called
        [Reliability 1] Piggybacked 1 ACKs to replica 0
        Target: 2
        Message type: ConsensusMessage
V2VNativeBridge1: Sending message to -1 with length 763
[JNI] nativeSendMessage: 1 -> -1
[JNI] Sending 763 bytes (1->-1)
[DEBUG V2VProxy 1] Queue has space - adding message
[JNI] Message queued successfully
        [Reliability 1] Sent seq=0 to replica 0
    -> Sending to replica 2 via V2V
    [Reliability 1] sendReliable() called
        Target: 2
        Message type: ConsensusMessage
        Sequence number: 0
19:58:00.022 [Server Comm. System] DEBUG bftsmart.consensus.roles.Acceptor - WRITE computed for cId:0, I am:7
        Payload size: 172 bytes
19:58:00.023 [Server Comm. System] INFO bftsmart.communication.ServerCommunicationSystem - === Message processed ===
V2VNativeBridge1: Sending message to -1 with length 685
[JNI] nativeSendMessage: 1 -> -1
[JNI] Sending 685 bytes (1->-1)
[DEBUG V2VProxy 1] Queue has space - adding message
[JNI] Message queued successfully
        [Reliability 1] Sent seq=0 to replica 2
    -> Sending to replica 3 via V2V
    [Reliability 1] sendReliable() called
        Target: 3
        Message type: ConsensusMessage
        Sequence number: 0
        Payload size: 172 bytes
        Sequence number: 0
V2VNativeBridge1: Sending message to -1 with length 685
[JNI] nativeSendMessage: 1 -> -1
[JNI] Sending 685 bytes (1->-1)
[DEBUG V2VProxy 1] Queue has space - adding message
[JNI] Message queued successfully
        [Reliability 1] Sent seq=0 to replica 3
    -> Sending to replica 4 via V2V
    [Reliability 1] sendReliable() called
        Target: 4
        Message type: ConsensusMessage
        Sequence number: 0
        Payload size: 172 bytes
19:58:00.023 [pool-16-thread-1] DEBUG bftsmart.consensus.roles.Acceptor - Creating cryptographic proof for speculative ACCEPT message from consensus 0
        Payload size: 172 bytes
V2VNativeBridge1: Sending message to -1 with length 685
[JNI] nativeSendMessage: 1 -> -1
[JNI] Sending 685 bytes (1->-1)
[DEBUG V2VProxy 1] Queue has space - adding message
[JNI] Message queued successfully
        [Reliability 1] Sent seq=0 to replica 4
    -> Sending to replica 5 via V2V
    [Reliability 1] sendReliable() called
        Target: 5
        Message type: ConsensusMessage
        Sequence number: 0
        Payload size: 172 bytes
V2VNativeBridge1: Sending message to -1 with length 685
[JNI] nativeSendMessage: 1 -> -1
[JNI] Sending 685 bytes (1->-1)
[DEBUG V2VProxy 1] Queue has space - adding message
[JNI] Message queued successfully
        [Reliability 1] Sent seq=0 to replica 5
    -> Sending to replica 6 via V2V
    [Reliability 1] sendReliable() called
        Target: 6
        Message type: ConsensusMessage
        Sequence number: 0
V2VNativeBridge5: Sending message to -1 with length 685
[JNI] nativeSendMessage: 5 -> -1
        Payload size: 172 bytes
[JNI] Sending 685 bytes (5->-1)
[DEBUG V2VProxy 5] Queue has space - adding message
[JNI] Message queued successfully
        [Reliability 5] Sent seq=0 to replica 2
    -> Sending to replica 3 via V2V
    [Reliability 5] sendReliable() called
        Target: 3
V2VNativeBridge1: Sending message to -1 with length 685
[JNI] nativeSendMessage: 1 -> -1
[JNI] Sending 685 bytes (1->-1)
[DEBUG V2VProxy 1] Queue has space - adding message
[JNI] Message queued successfully
        Message type: ConsensusMessage
        [Reliability 1] Sent seq=0 to replica 6
    -> Sending to replica 7 via V2V
    [Reliability 1] sendReliable() called
        Target: 7
        Message type: ConsensusMessage
        Sequence number: 0
        Sequence number: 0
        Payload size: 172 bytes
        Payload size: 172 bytes
V2VNativeBridge5: Sending message to -1 with length 685
[JNI] nativeSendMessage: 5 -> -1
[JNI] Sending 685 bytes (5->-1)
[DEBUG V2VProxy 5] Queue has space - adding message
[JNI] Message queued successfully
        [Reliability 5] Sent seq=0 to replica 3
V2VNativeBridge1: Sending message to -1 with length 685
[JNI] nativeSendMessage: 1 -> -1
    -> Sending to replica 4 via V2V
    [Reliability 5] sendReliable() called[JNI] Sending 685 bytes (1->-1)

[DEBUG V2VProxy 1] Queue has space - adding message
        Target: 4[JNI] Message queued successfully

        Message type: ConsensusMessage
        [Reliability 1] Sent seq=0 to replica 7
=== [V2V Layer 1] SEND complete ===
        Sequence number: 0
        Payload size: 172 bytes
19:58:00.024 [Server Comm. System] INFO bftsmart.communication.ServerCommunicationSystem - === ServerCommunicationSystem.send() complete ===
19:58:00.024 [Server Comm. System] DEBUG bftsmart.consensus.roles.Acceptor - I have 1, WRITE's for cId:0, Epoch timestamp:0,
V2VNativeBridge5: Sending message to -1 with length 685
[JNI] nativeSendMessage: 5 -> -1
[JNI] Sending 685 bytes (5->-1)
[Acceptor 1] computeWrite: cId=0, writeAccepted=1, quorum=5[DEBUG V2VProxy 5] Queue has space - adding message
[JNI] Message queued successfully

        [Reliability 5] Sent seq=0 to replica 4
    -> Sending to replica 6 via V2V
    [Reliability 5] sendReliable() called
        Target: 6
        Message type: ConsensusMessage
        Sequence number: 0
[MessageFactory] Creating ACCEPT message: from=1, id=0, epoch=0
        Payload size: 172 bytes
V2VNativeBridge5: Sending message to -1 with length 685
[JNI] nativeSendMessage: 5 -> -1
[JNI] Sending 685 bytes (5->-1)
[DEBUG V2VProxy 5] Queue has space - adding message
[JNI] Message queued successfully
        [Reliability 5] Sent seq=0 to replica 6
    -> Sending to replica 7 via V2V
    [Reliability 5] sendReliable() called
        Target: 7
        Message type: ConsensusMessage
        Sequence number: 0
        Payload size: 172 bytes
V2VNativeBridge5: Sending message to -1 with length 685
[JNI] nativeSendMessage: 5 -> -1
[JNI] Sending 685 bytes (5->-1)
[DEBUG V2VProxy 5] Queue has space - adding message
[JNI] Message queued successfully
        [Reliability 5] Sent seq=0 to replica 7
=== [V2V Layer 5] SEND complete ===
19:58:00.024 [Server Comm. System] INFO bftsmart.communication.ServerCommunicationSystem - === ServerCommunicationSystem.send() complete ===
19:58:00.024 [Server Comm. System] DEBUG bftsmart.consensus.roles.Acceptor - I have 1, WRITE's for cId:0, Epoch timestamp:0,
[Acceptor 5] computeWrite: cId=0, writeAccepted=1, quorum=5
[MessageFactory] Creating ACCEPT message: from=5, id=0, epoch=0
19:58:00.025 [Server Comm. System] DEBUG bftsmart.consensus.roles.Acceptor - WRITE computed for cId:0, I am:1
19:58:00.025 [Server Comm. System] INFO bftsmart.communication.ServerCommunicationSystem - === Message processed ===
19:58:00.025 [pool-9-thread-1] DEBUG bftsmart.consensus.roles.Acceptor - Creating cryptographic proof for speculative ACCEPT message from consensus 0
19:58:00.025 [Server Comm. System] DEBUG bftsmart.consensus.roles.Acceptor - WRITE computed for cId:0, I am:5
19:58:00.025 [Server Comm. System] INFO bftsmart.communication.ServerCommunicationSystem - === Message processed ===
19:58:00.025 [pool-10-thread-1] DEBUG bftsmart.consensus.roles.Acceptor - Creating cryptographic proof for speculative ACCEPT message from consensus 0
[V2VProxy 6] *** RECEIVED V2V message #2 from=0 to=-1 (broadcast=YES) at t=3.257044017289
[V2VProxy 6] Delivering message #8 from replica 0 to Java (1028 bytes)
V2VNativeBridge6: Received message from 0 with length 1028
[V2V Layer 6] Received message from replica 0 via JNI
    [Reliability 6] handleIncomingMessage() called
        Type: DATA
        From: 0
        SeqNum: 0
        Expected seq: 1
        -> DUPLICATE (seq < expected), ignoring
[V2VProxy 3] *** RECEIVED V2V message #2 from=0 to=-1 (broadcast=YES) at t=3.257044026104
[V2VProxy 3] Delivering message #9 from replica 0 to Java (1028 bytes)
V2VNativeBridge3: Received message from 0 with length 1028
[V2V Layer 3] Received message from replica 0 via JNI
    [Reliability 3] handleIncomingMessage() called
        Type: DATA
        From: 0
        SeqNum: 0
        Expected seq: 1
        -> DUPLICATE (seq < expected), ignoring
[V2VProxy 2] *** RECEIVED V2V message #2 from=0 to=-1 (broadcast=YES) at t=3.257044041603
[V2VProxy 2] Delivering message #10 from replica 0 to Java (1028 bytes)
V2VNativeBridge2: Received message from 0 with length 1028
[V2V Layer 2] Received message from replica 0 via JNI
    [Reliability 2] handleIncomingMessage() called
        Type: DATA
        From: 0
        SeqNum: 0
        Expected seq: 1
        -> DUPLICATE (seq < expected), ignoring
[V2VProxy 4] *** RECEIVED V2V message #2 from=0 to=-1 (broadcast=YES) at t=3.257044049291
V2VNativeBridge4: Received message from 0 with length 1028
[V2V Layer 4] Received message from replica 0 via JNI
    [Reliability 4] handleIncomingMessage() called
        Type: DATA
        From: 0
        SeqNum: 0
        Expected seq: 1
        -> DUPLICATE (seq < expected), ignoring
[V2VProxy 7] *** RECEIVED V2V message #2 from=0 to=-1 (broadcast=YES) at t=3.257044061268
V2VNativeBridge7: Received message from 0 with length 1028
[V2V Layer 7] Received message from replica 0 via JNI
    [Reliability 7] handleIncomingMessage() called
        Type: DATA
        From: 0
        SeqNum: 0
        Expected seq: 1
        -> DUPLICATE (seq < expected), ignoring
[V2VProxy 1] *** RECEIVED V2V message #2 from=0 to=-1 (broadcast=YES) at t=3.257044062207
V2VNativeBridge1: Received message from 0 with length 1028
[V2V Layer 1] Received message from replica 0 via JNI
    [Reliability 1] handleIncomingMessage() called
        Type: DATA
        From: 0
        SeqNum: 0
        Expected seq: 1
        -> DUPLICATE (seq < expected), ignoring
[V2VProxy 5] *** RECEIVED V2V message #2 from=0 to=-1 (broadcast=YES) at t=3.257044078299
V2VNativeBridge5: Received message from 0 with length 1028
[V2V Layer 5] Received message from replica 0 via JNI
    [Reliability 5] handleIncomingMessage() called
        Type: DATA
        From: 0
        SeqNum: 0
        Expected seq: 1
        -> DUPLICATE (seq < expected), ignoring
[V2VProxy 6] *** RECEIVED V2V message #3 from=0 to=-1 (broadcast=YES) at t=3.258991017289
V2VNativeBridge6: Received message from 0 with length 1028
[V2V Layer 6] Received message from replica 0 via JNI
    [Reliability 6] handleIncomingMessage() called
        Type: DATA
        From: 0
        SeqNum: 0
        Expected seq: 1
        -> DUPLICATE (seq < expected), ignoring
[V2VProxy 3] *** RECEIVED V2V message #3 from=0 to=-1 (broadcast=YES) at t=3.258991026104
V2VNativeBridge3: Received message from 0 with length 1028
[V2V Layer 3] Received message from replica 0 via JNI
    [Reliability 3] handleIncomingMessage() called
        Type: DATA
        From: 0
        SeqNum: 0
        Expected seq: 1
        -> DUPLICATE (seq < expected), ignoring
[V2VProxy 2] *** RECEIVED V2V message #3 from=0 to=-1 (broadcast=YES) at t=3.258991041603
V2VNativeBridge2: Received message from 0 with length 1028
[V2V Layer 2] Received message from replica 0 via JNI
    [Reliability 2] handleIncomingMessage() called
        Type: DATA
        From: 0
        SeqNum: 0
        Expected seq: 1
        -> DUPLICATE (seq < expected), ignoring
[V2VProxy 4] *** RECEIVED V2V message #3 from=0 to=-1 (broadcast=YES) at t=3.258991049291
V2VNativeBridge4: Received message from 0 with length 1028
[V2V Layer 4] Received message from replica 0 via JNI
    [Reliability 4] handleIncomingMessage() called
        Type: DATA
        From: 0
        SeqNum: 0
        Expected seq: 1
        -> DUPLICATE (seq < expected), ignoring
[V2VProxy 7] *** RECEIVED V2V message #3 from=0 to=-1 (broadcast=YES) at t=3.258991061268
V2VNativeBridge7: Received message from 0 with length 1028
[V2V Layer 7] Received message from replica 0 via JNI
    [Reliability 7] handleIncomingMessage() called
        Type: DATA
        From: 0
        SeqNum: 0
        Expected seq: 1
        -> DUPLICATE (seq < expected), ignoring
[V2VProxy 1] *** RECEIVED V2V message #3 from=0 to=-1 (broadcast=YES) at t=3.258991062207
V2VNativeBridge1: Received message from 0 with length 1028
[V2V Layer 1] Received message from replica 0 via JNI
    [Reliability 1] handleIncomingMessage() called
        Type: DATA
        From: 0
        SeqNum: 0
        Expected seq: 1
        -> DUPLICATE (seq < expected), ignoring
[V2VProxy 5] *** RECEIVED V2V message #3 from=0 to=-1 (broadcast=YES) at t=3.258991078299
V2VNativeBridge5: Received message from 0 with length 1028
[V2V Layer 5] Received message from replica 0 via JNI
    [Reliability 5] handleIncomingMessage() called
        Type: DATA
        From: 0
        SeqNum: 0
        Expected seq: 1
        -> DUPLICATE (seq < expected), ignoring
[V2VProxy 6] *** RECEIVED V2V message #4 from=0 to=-1 (broadcast=YES) at t=3.260938017289
V2VNativeBridge6: Received message from 0 with length 1028
[V2V Layer 6] Received message from replica 0 via JNI
    [Reliability 6] handleIncomingMessage() called
        Type: DATA
        From: 0
        SeqNum: 0
        Expected seq: 1
        -> DUPLICATE (seq < expected), ignoring
[V2VProxy 3] *** RECEIVED V2V message #4 from=0 to=-1 (broadcast=YES) at t=3.260938026104
V2VNativeBridge3: Received message from 0 with length 1028
[V2V Layer 3] Received message from replica 0 via JNI
    [Reliability 3] handleIncomingMessage() called
        Type: DATA
        From: 0
        SeqNum: 0
        Expected seq: 1
        -> DUPLICATE (seq < expected), ignoring
[V2VProxy 2] *** RECEIVED V2V message #4 from=0 to=-1 (broadcast=YES) at t=3.260938041603
V2VNativeBridge2: Received message from 0 with length 1028
[V2V Layer 2] Received message from replica 0 via JNI
    [Reliability 2] handleIncomingMessage() called
        Type: DATA
        From: 0
        SeqNum: 0
        Expected seq: 1
        -> DUPLICATE (seq < expected), ignoring
[V2VProxy 4] *** RECEIVED V2V message #4 from=0 to=-1 (broadcast=YES) at t=3.260938049291
V2VNativeBridge4: Received message from 0 with length 1028
[V2V Layer 4] Received message from replica 0 via JNI
    [Reliability 4] handleIncomingMessage() called
        Type: DATA
        From: 0
        SeqNum: 0
        Expected seq: 1
        -> DUPLICATE (seq < expected), ignoring
[V2VProxy 7] *** RECEIVED V2V message #4 from=0 to=-1 (broadcast=YES) at t=3.260938061268
V2VNativeBridge7: Received message from 0 with length 1028
[V2V Layer 7] Received message from replica 0 via JNI
    [Reliability 7] handleIncomingMessage() called
        Type: DATA
        From: 0
        SeqNum: 0
        Expected seq: 1
        -> DUPLICATE (seq < expected), ignoring
[V2VProxy 1] *** RECEIVED V2V message #4 from=0 to=-1 (broadcast=YES) at t=3.260938062207
V2VNativeBridge1: Received message from 0 with length 1028
[V2V Layer 1] Received message from replica 0 via JNI
    [Reliability 1] handleIncomingMessage() called
        Type: DATA
        From: 0
        SeqNum: 0
        Expected seq: 1
        -> DUPLICATE (seq < expected), ignoring
[V2VProxy 5] *** RECEIVED V2V message #4 from=0 to=-1 (broadcast=YES) at t=3.260938078299
V2VNativeBridge5: Received message from 0 with length 1028
[V2V Layer 5] Received message from replica 0 via JNI
    [Reliability 5] handleIncomingMessage() called
        Type: DATA
        From: 0
        SeqNum: 0
        Expected seq: 1
        -> DUPLICATE (seq < expected), ignoring
[V2VProxy 6] *** RECEIVED V2V message #5 from=0 to=-1 (broadcast=YES) at t=3.262898017289
V2VNativeBridge6: Received message from 0 with length 1028
[V2V Layer 6] Received message from replica 0 via JNI
V2VNativeBridge0: Sending message to -1 with length 685
[JNI] nativeSendMessage: 0 -> -1
[JNI] Sending 685 bytes (0->-1)
[DEBUG V2VProxy 0] Queue has space - adding message
[JNI] Message queued successfully
        [Reliability 0] Sent seq=1 to replica 3
    -> Sending to replica 4 via V2V
    [Reliability 0] sendReliable() called
        Target: 4
        Message type: ConsensusMessage
        Sequence number: 1
        Payload size: 172 bytes
V2VNativeBridge0: Sending message to -1 with length 685
[JNI] nativeSendMessage: 0 -> -1
[JNI] Sending 685 bytes (0->-1)
[DEBUG V2VProxy 0] Queue has space - adding message
[JNI] Message queued successfully
    [Reliability 6] handleIncomingMessage() called
        Type: DATA
        From: 0
        [Reliability 0] Sent seq=1 to replica 4
    -> Sending to replica 5 via V2V
    [Reliability 0] sendReliable() called
        Target: 5
        Message type: ConsensusMessage
        Sequence number: 1
        SeqNum: 0
        Payload size: 172 bytes
        Expected seq: 1
        -> DUPLICATE (seq < expected), ignoring
[V2VProxy 3] *** RECEIVED V2V message #5 from=0 to=-1 (broadcast=YES) at t=3.262898026104
V2VNativeBridge3: Received message from 0 with length 1028
[V2V Layer 3] Received message from replica 0 via JNI
V2VNativeBridge0: Sending message to -1 with length 685
[JNI] nativeSendMessage: 0 -> -1
[JNI] Sending 685 bytes (0->-1)
[DEBUG V2VProxy 0] Queue has space - adding message
[JNI] Message queued successfully
        [Reliability 0] Sent seq=1 to replica 5
    -> Sending to replica 6 via V2V
    [Reliability 0] sendReliable() called
        Target: 6
        Message type: ConsensusMessage
        Sequence number: 1
        Payload size: 172 bytes
V2VNativeBridge0: Sending message to -1 with length 685
[JNI] nativeSendMessage: 0 -> -1
[JNI] Sending 685 bytes (0->-1)
[DEBUG V2VProxy 0] Queue has space - adding message
[JNI] Message queued successfully
        [Reliability 0] Sent seq=1 to replica 6
    [Reliability 3] handleIncomingMessage() called
        Type: DATA
        From: 0
        SeqNum: 0
    -> Sending to replica 7 via V2V
        Expected seq: 1
    [Reliability 0] sendReliable() called
        Target: 7
        Message type: ConsensusMessage
        Sequence number: 1
        -> DUPLICATE (seq < expected), ignoring
        Payload size: 172 bytes
[V2VProxy 2] *** RECEIVED V2V message #5 from=0 to=-1 (broadcast=YES) at t=3.262898041603
V2VNativeBridge2: Received message from 0 with length 1028
[V2V Layer 2] Received message from replica 0 via JNI
V2VNativeBridge0: Sending message to -1 with length 685
[JNI] nativeSendMessage: 0 -> -1
[JNI] Sending 685 bytes (0->-1)
[DEBUG V2VProxy 0] Queue has space - adding message
[JNI] Message queued successfully
        [Reliability 0] Sent seq=1 to replica 7
=== [V2V Layer 0] SEND complete ===
    [Reliability 2] handleIncomingMessage() called
        Type: DATA
        From: 0
        SeqNum: 0
        Expected seq: 1
        -> DUPLICATE (seq < expected), ignoring
19:58:00.111 [Server Comm. System] INFO bftsmart.communication.ServerCommunicationSystem - === ServerCommunicationSystem.send() complete ===
19:58:00.111 [Server Comm. System] DEBUG bftsmart.consensus.roles.Acceptor - I have 1, WRITE's for cId:0, Epoch timestamp:0,
[Acceptor 0] computeWrite: cId=0, writeAccepted=1, quorum=5
[MessageFactory] Creating ACCEPT message: from=0, id=0, epoch=0
[V2VProxy 4] *** RECEIVED V2V message #5 from=0 to=-1 (broadcast=YES) at t=3.262898049291
V2VNativeBridge4: Received message from 0 with length 1028
[V2V Layer 4] Received message from replica 0 via JNI
    [Reliability 4] handleIncomingMessage() called
        Type: DATA
        From: 0
        SeqNum: 0
        Expected seq: 1
        -> DUPLICATE (seq < expected), ignoring
[V2VProxy 7] *** RECEIVED V2V message #5 from=0 to=-1 (broadcast=YES) at t=3.262898061268
V2VNativeBridge7: Received message from 0 with length 1028
[V2V Layer 7] Received message from replica 0 via JNI
    [Reliability 7] handleIncomingMessage() called
        Type: DATA
        From: 0
        SeqNum: 0
        Expected seq: 1
        -> DUPLICATE (seq < expected), ignoring
19:58:00.111 [Server Comm. System] DEBUG bftsmart.consensus.roles.Acceptor - WRITE computed for cId:0, I am:0
19:58:00.111 [Server Comm. System] INFO bftsmart.communication.ServerCommunicationSystem - === Message processed ===
[V2VProxy 1] *** RECEIVED V2V message #5 from=0 to=-1 (broadcast=YES) at t=3.262898062207
V2VNativeBridge1: Received message from 0 with length 1028
[V2V Layer 1] Received message from replica 0 via JNI
    [Reliability 1] handleIncomingMessage() called
        Type: DATA
        From: 0
        SeqNum: 0
        Expected seq: 1
        -> DUPLICATE (seq < expected), ignoring
[V2VProxy 5] *** RECEIVED V2V message #5 from=0 to=-1 (broadcast=YES) at t=3.262898078299
V2VNativeBridge5: Received message from 0 with length 1028
[V2V Layer 5] Received message from replica 0 via JNI
19:58:00.112 [pool-12-thread-1] DEBUG bftsmart.consensus.roles.Acceptor - Creating cryptographic proof for speculative ACCEPT message from consensus 0
    [Reliability 5] handleIncomingMessage() called
        Type: DATA
        From: 0
        SeqNum: 0
        Expected seq: 1
        -> DUPLICATE (seq < expected), ignoring
[V2VProxy 6] *** RECEIVED V2V message #6 from=0 to=-1 (broadcast=YES) at t=3.264884017289
V2VNativeBridge6: Received message from 0 with length 1028
[V2V Layer 6] Received message from replica 0 via JNI
    [Reliability 6] handleIncomingMessage() called
        Type: DATA
        From: 0
        SeqNum: 0
        Expected seq: 1
        -> DUPLICATE (seq < expected), ignoring
[V2VProxy 3] *** RECEIVED V2V message #6 from=0 to=-1 (broadcast=YES) at t=3.264884026104
V2VNativeBridge3: Received message from 0 with length 1028
[V2V Layer 3] Received message from replica 0 via JNI
    [Reliability 3] handleIncomingMessage() called
        Type: DATA
        From: 0
        SeqNum: 0
        Expected seq: 1
        -> DUPLICATE (seq < expected), ignoring
[V2VProxy 2] *** RECEIVED V2V message #6 from=0 to=-1 (broadcast=YES) at t=3.264884041603
V2VNativeBridge2: Received message from 0 with length 1028
[V2V Layer 2] Received message from replica 0 via JNI
    [Reliability 2] handleIncomingMessage() called
        Type: DATA
        From: 0
        SeqNum: 0
        Expected seq: 1
        -> DUPLICATE (seq < expected), ignoring
[V2VProxy 4] *** RECEIVED V2V message #6 from=0 to=-1 (broadcast=YES) at t=3.264884049291
V2VNativeBridge4: Received message from 0 with length 1028
[V2V Layer 4] Received message from replica 0 via JNI
    [Reliability 4] handleIncomingMessage() called
        Type: DATA
        From: 0
        SeqNum: 0
        Expected seq: 1
        -> DUPLICATE (seq < expected), ignoring
[V2VProxy 7] *** RECEIVED V2V message #6 from=0 to=-1 (broadcast=YES) at t=3.264884061268
V2VNativeBridge7: Received message from 0 with length 1028
[V2V Layer 7] Received message from replica 0 via JNI
    [Reliability 7] handleIncomingMessage() called
        Type: DATA
        From: 0
        SeqNum: 0
        Expected seq: 1
        -> DUPLICATE (seq < expected), ignoring
[V2VProxy 1] *** RECEIVED V2V message #6 from=0 to=-1 (broadcast=YES) at t=3.264884062207
V2VNativeBridge1: Received message from 0 with length 1028
[V2V Layer 1] Received message from replica 0 via JNI
    [Reliability 1] handleIncomingMessage() called
        Type: DATA
        From: 0
        SeqNum: 0
        Expected seq: 1
        -> DUPLICATE (seq < expected), ignoring
[V2VProxy 5] *** RECEIVED V2V message #6 from=0 to=-1 (broadcast=YES) at t=3.264884078299
V2VNativeBridge5: Received message from 0 with length 1028
[V2V Layer 5] Received message from replica 0 via JNI
    [Reliability 5] handleIncomingMessage() called
        Type: DATA
        From: 0
        SeqNum: 0
        Expected seq: 1
        -> DUPLICATE (seq < expected), ignoring
[V2VProxy 6] *** RECEIVED V2V message #7 from=0 to=-1 (broadcast=YES) at t=3.266844017289
V2VNativeBridge6: Received message from 0 with length 1028
[V2V Layer 6] Received message from replica 0 via JNI
    [Reliability 6] handleIncomingMessage() called
        Type: DATA
        From: 0
        SeqNum: 0
        Expected seq: 1
        -> DUPLICATE (seq < expected), ignoring
[V2VProxy 3] *** RECEIVED V2V message #7 from=0 to=-1 (broadcast=YES) at t=3.266844026104
V2VNativeBridge3: Received message from 0 with length 1028
[V2V Layer 3] Received message from replica 0 via JNI
    [Reliability 3] handleIncomingMessage() called
        Type: DATA
        From: 0
        SeqNum: 0
        Expected seq: 1
        -> DUPLICATE (seq < expected), ignoring
[V2VProxy 2] *** RECEIVED V2V message #7 from=0 to=-1 (broadcast=YES) at t=3.266844041603
V2VNativeBridge2: Received message from 0 with length 1028
[V2V Layer 2] Received message from replica 0 via JNI
    [Reliability 2] handleIncomingMessage() called
        Type: DATA
        From: 0
        SeqNum: 0
        Expected seq: 1
        -> DUPLICATE (seq < expected), ignoring
[V2VProxy 4] *** RECEIVED V2V message #7 from=0 to=-1 (broadcast=YES) at t=3.266844049291
V2VNativeBridge4: Received message from 0 with length 1028
[V2V Layer 4] Received message from replica 0 via JNI
    [Reliability 4] handleIncomingMessage() called
        Type: DATA
        From: 0
        SeqNum: 0
        Expected seq: 1
        -> DUPLICATE (seq < expected), ignoring
[V2VProxy 7] *** RECEIVED V2V message #7 from=0 to=-1 (broadcast=YES) at t=3.266844061268
V2VNativeBridge7: Received message from 0 with length 1028
[V2V Layer 7] Received message from replica 0 via JNI
    [Reliability 7] handleIncomingMessage() called
        Type: DATA
        From: 0
        SeqNum: 0
        Expected seq: 1
        -> DUPLICATE (seq < expected), ignoring
[V2VProxy 1] *** RECEIVED V2V message #7 from=0 to=-1 (broadcast=YES) at t=3.266844062207
V2VNativeBridge1: Received message from 0 with length 1028
[V2V Layer 1] Received message from replica 0 via JNI
    [Reliability 1] handleIncomingMessage() called
        Type: DATA
        From: 0
        SeqNum: 0
        Expected seq: 1
        -> DUPLICATE (seq < expected), ignoring
[V2VProxy 5] *** RECEIVED V2V message #7 from=0 to=-1 (broadcast=YES) at t=3.266844078299
V2VNativeBridge5: Received message from 0 with length 1028
[V2V Layer 5] Received message from replica 0 via JNI
    [Reliability 5] handleIncomingMessage() called
        Type: DATA
        From: 0
        SeqNum: 0
        Expected seq: 1
        -> DUPLICATE (seq < expected), ignoring
[V2VProxy 0] *** SENDING V2V message #8 from=0 to=-1 size=685 bytes at t=3.3
[V2VProxy 0] *** SENDING V2V message #9 from=0 to=-1 size=685 bytes at t=3.3
[V2VProxy 0] *** SENDING V2V message #10 from=0 to=-1 size=685 bytes at t=3.3
[V2VProxy 0] *** SENDING V2V message #11 from=0 to=-1 size=685 bytes at t=3.3
[V2VProxy 0] *** SENDING V2V message #12 from=0 to=-1 size=685 bytes at t=3.3
[V2VProxy 0] *** SENDING V2V message #13 from=0 to=-1 size=685 bytes at t=3.3
[V2VProxy 0] *** SENDING V2V message #14 from=0 to=-1 size=685 bytes at t=3.3
[V2VProxy 1] *** SENDING V2V message #1 from=1 to=-1 size=763 bytes at t=3.3
[V2VProxy 1] *** SENDING V2V message #2 from=1 to=-1 size=685 bytes at t=3.3
[V2VProxy 1] *** SENDING V2V message #3 from=1 to=-1 size=685 bytes at t=3.3
[V2VProxy 1] *** SENDING V2V message #4 from=1 to=-1 size=685 bytes at t=3.3
[V2VProxy 1] *** SENDING V2V message #5 from=1 to=-1 size=685 bytes at t=3.3
[V2VProxy 1] *** SENDING V2V message #6 from=1 to=-1 size=685 bytes at t=3.3
[V2VProxy 1] *** SENDING V2V message #7 from=1 to=-1 size=685 bytes at t=3.3
[V2VProxy 2] *** SENDING V2V message #1 from=2 to=-1 size=763 bytes at t=3.3
[V2VProxy 2] *** SENDING V2V message #2 from=2 to=-1 size=685 bytes at t=3.3
[V2VProxy 2] *** SENDING V2V message #3 from=2 to=-1 size=685 bytes at t=3.3
[V2VProxy 2] *** SENDING V2V message #4 from=2 to=-1 size=685 bytes at t=3.3
[V2VProxy 2] *** SENDING V2V message #5 from=2 to=-1 size=685 bytes at t=3.3
[V2VProxy 2] *** SENDING V2V message #6 from=2 to=-1 size=685 bytes at t=3.3
[V2VProxy 2] *** SENDING V2V message #7 from=2 to=-1 size=685 bytes at t=3.3
[V2VProxy 3] *** SENDING V2V message #1 from=3 to=-1 size=763 bytes at t=3.3
[V2VProxy 3] *** SENDING V2V message #2 from=3 to=-1 size=685 bytes at t=3.3
[V2VProxy 3] *** SENDING V2V message #3 from=3 to=-1 size=685 bytes at t=3.3
[V2VProxy 3] *** SENDING V2V message #4 from=3 to=-1 size=685 bytes at t=3.3
[V2VProxy 3] *** SENDING V2V message #5 from=3 to=-1 size=685 bytes at t=3.3
[V2VProxy 3] *** SENDING V2V message #6 from=3 to=-1 size=685 bytes at t=3.3
[V2VProxy 3] *** SENDING V2V message #7 from=3 to=-1 size=685 bytes at t=3.3
[V2VProxy 4] *** SENDING V2V message #1 from=4 to=-1 size=763 bytes at t=3.3
[V2VProxy 4] *** SENDING V2V message #2 from=4 to=-1 size=685 bytes at t=3.3
[V2VProxy 4] *** SENDING V2V message #3 from=4 to=-1 size=685 bytes at t=3.3
[V2VProxy 4] *** SENDING V2V message #4 from=4 to=-1 size=685 bytes at t=3.3
[V2VProxy 4] *** SENDING V2V message #5 from=4 to=-1 size=685 bytes at t=3.3
[V2VProxy 4] *** SENDING V2V message #6 from=4 to=-1 size=685 bytes at t=3.3
[V2VProxy 4] *** SENDING V2V message #7 from=4 to=-1 size=685 bytes at t=3.3
[V2VProxy 5] *** SENDING V2V message #1 from=5 to=-1 size=763 bytes at t=3.3
[V2VProxy 5] *** SENDING V2V message #2 from=5 to=-1 size=685 bytes at t=3.3
[V2VProxy 5] *** SENDING V2V message #3 from=5 to=-1 size=685 bytes at t=3.3
[V2VProxy 5] *** SENDING V2V message #4 from=5 to=-1 size=685 bytes at t=3.3
[V2VProxy 5] *** SENDING V2V message #5 from=5 to=-1 size=685 bytes at t=3.3
[V2VProxy 5] *** SENDING V2V message #6 from=5 to=-1 size=685 bytes at t=3.3
[V2VProxy 5] *** SENDING V2V message #7 from=5 to=-1 size=685 bytes at t=3.3
[V2VProxy 6] *** SENDING V2V message #1 from=6 to=-1 size=763 bytes at t=3.3
[V2VProxy 6] *** SENDING V2V message #2 from=6 to=-1 size=685 bytes at t=3.3
[V2VProxy 6] *** SENDING V2V message #3 from=6 to=-1 size=685 bytes at t=3.3
[V2VProxy 6] *** SENDING V2V message #4 from=6 to=-1 size=685 bytes at t=3.3
[V2VProxy 6] *** SENDING V2V message #5 from=6 to=-1 size=685 bytes at t=3.3
[V2VProxy 6] *** SENDING V2V message #6 from=6 to=-1 size=685 bytes at t=3.3
[V2VProxy 6] *** SENDING V2V message #7 from=6 to=-1 size=685 bytes at t=3.3
[V2VProxy 7] *** SENDING V2V message #1 from=7 to=-1 size=763 bytes at t=3.3
[V2VProxy 7] *** SENDING V2V message #2 from=7 to=-1 size=685 bytes at t=3.3
[V2VProxy 7] *** SENDING V2V message #3 from=7 to=-1 size=685 bytes at t=3.3
[V2VProxy 7] *** SENDING V2V message #4 from=7 to=-1 size=685 bytes at t=3.3
[V2VProxy 7] *** SENDING V2V message #5 from=7 to=-1 size=685 bytes at t=3.3
[V2VProxy 7] *** SENDING V2V message #6 from=7 to=-1 size=685 bytes at t=3.3
[V2VProxy 7] *** SENDING V2V message #7 from=7 to=-1 size=685 bytes at t=3.3
[V2VProxy 2] *** RECEIVED V2V message #8 from=4 to=-1 (broadcast=YES) at t=3.302608066697
V2VNativeBridge2: Received message from 4 with length 763
[V2V Layer 2] Received message from replica 4 via JNI
    [Reliability 2] handleIncomingMessage() called
        Type: DATA
        From: 4
        SeqNum: 0
        Expected seq: 0
        -> IN ORDER, delivering immediately
    [Reliability 2] deliverMessage() - deserializing payload
        Deserialized: ConsensusMessage
        DEBUG: envelope.fromReplicaId=4, message.getSender()=4
=== [V2V Layer 2] DELIVER to BFT-SMaRt ===
    Message type: ConsensusMessage
    From replica: 4
    InQueue size before: 0
    InQueue size after: 1
=== [V2V Layer 2] DELIVER successful ===
19:58:00.279 [Server Comm. System] INFO bftsmart.communication.ServerCommunicationSystem - === ServerCommunicationSystem RECEIVED message ===
19:58:00.279 [Server Comm. System] INFO bftsmart.communication.ServerCommunicationSystem -     Message type: ConsensusMessage
19:58:00.279 [Server Comm. System] INFO bftsmart.communication.ServerCommunicationSystem -     From: 4
19:58:00.279 [Server Comm. System] INFO bftsmart.communication.ServerCommunicationSystem -     Message count: 1
19:58:00.279 [Server Comm. System] DEBUG bftsmart.communication.ServerCommunicationSystem - <-- receiving, msg:type=WRITE, number=0, epoch=0, from=4
19:58:00.279 [Server Comm. System] DEBUG bftsmart.tom.core.ExecutionManager - Received message  type=WRITE, number=0, epoch=0, from=4
19:58:00.279 [Server Comm. System] DEBUG bftsmart.tom.core.ExecutionManager - I'm at consensus 0 and my last consensus is -1
[V2VProxy 5] *** RECEIVED V2V message #8 from=4 to=-1 (broadcast=YES) at t=3.302608082254
19:58:00.279 [Server Comm. System] DEBUG bftsmart.tom.core.ExecutionManager - Message for consensus 0 can be processed
V2VNativeBridge5: Received message from 4 with length 763
19:58:00.279 [Server Comm. System] DEBUG bftsmart.consensus.roles.Acceptor - Processing paxos msg with id 0
[V2V Layer 5] Received message from replica 4 via JNI
19:58:00.279 [Server Comm. System] DEBUG bftsmart.consensus.roles.Acceptor - WRITE received from:4, for consensus cId:0
19:58:00.279 [Server Comm. System] DEBUG bftsmart.consensus.roles.Acceptor - I have 2, WRITE's for cId:0, Epoch timestamp:0,
[Acceptor 2] computeWrite: cId=0, writeAccepted=2, quorum=5
19:58:00.279 [Server Comm. System] INFO bftsmart.communication.ServerCommunicationSystem - === Message processed ===
    [Reliability 5] handleIncomingMessage() called
        Type: DATA
        From: 4
        SeqNum: 0
        Expected seq: 0
        -> IN ORDER, delivering immediately
    [Reliability 5] deliverMessage() - deserializing payload
        Deserialized: ConsensusMessage
        DEBUG: envelope.fromReplicaId=4, message.getSender()=4
=== [V2V Layer 5] DELIVER to BFT-SMaRt ===
    Message type: ConsensusMessage
    From replica: 4
    InQueue size before: 0
    InQueue size after: 1
=== [V2V Layer 5] DELIVER successful ===
19:58:00.279 [Server Comm. System] INFO bftsmart.communication.ServerCommunicationSystem - === ServerCommunicationSystem RECEIVED message ===
19:58:00.279 [Server Comm. System] INFO bftsmart.communication.ServerCommunicationSystem -     Message type: ConsensusMessage
19:58:00.279 [Server Comm. System] INFO bftsmart.communication.ServerCommunicationSystem -     From: 4
19:58:00.279 [Server Comm. System] INFO bftsmart.communication.ServerCommunicationSystem -     Message count: 1
19:58:00.279 [Server Comm. System] DEBUG bftsmart.communication.ServerCommunicationSystem - <-- receiving, msg:type=WRITE, number=0, epoch=0, from=4
19:58:00.279 [Server Comm. System] DEBUG bftsmart.tom.core.ExecutionManager - Received message  type=WRITE, number=0, epoch=0, from=4
19:58:00.279 [Server Comm. System] DEBUG bftsmart.tom.core.ExecutionManager - I'm at consensus 0 and my last consensus is -1
19:58:00.279 [Server Comm. System] DEBUG bftsmart.tom.core.ExecutionManager - Message for consensus 0 can be processed
19:58:00.279 [Server Comm. System] DEBUG bftsmart.consensus.roles.Acceptor - Processing paxos msg with id 0
[V2VProxy 3] *** RECEIVED V2V message #8 from=4 to=-1 (broadcast=YES) at t=3.302608093215
19:58:00.279 [Server Comm. System] DEBUG bftsmart.consensus.roles.Acceptor - WRITE received from:4, for consensus cId:0
V2VNativeBridge3: Received message from 4 with length 763
19:58:00.279 [Server Comm. System] DEBUG bftsmart.consensus.roles.Acceptor - I have 2, WRITE's for cId:0, Epoch timestamp:0,
[V2V Layer 3] Received message from replica 4 via JNI
[Acceptor 5] computeWrite: cId=0, writeAccepted=2, quorum=5
19:58:00.279 [Server Comm. System] INFO bftsmart.communication.ServerCommunicationSystem - === Message processed ===
    [Reliability 3] handleIncomingMessage() called
        Type: DATA
        From: 4
        SeqNum: 0
        Expected seq: 0
        -> IN ORDER, delivering immediately
    [Reliability 3] deliverMessage() - deserializing payload
        Deserialized: ConsensusMessage
        DEBUG: envelope.fromReplicaId=4, message.getSender()=4
=== [V2V Layer 3] DELIVER to BFT-SMaRt ===
    Message type: ConsensusMessage
    From replica: 4
    InQueue size before: 0
    InQueue size after: 1
=== [V2V Layer 3] DELIVER successful ===
19:58:00.280 [Server Comm. System] INFO bftsmart.communication.ServerCommunicationSystem - === ServerCommunicationSystem RECEIVED message ===
19:58:00.280 [Server Comm. System] INFO bftsmart.communication.ServerCommunicationSystem -     Message type: ConsensusMessage
[V2VProxy 0] *** RECEIVED V2V message #1 from=4 to=-1 (broadcast=YES) at t=3.302608099095
19:58:00.280 [Server Comm. System] INFO bftsmart.communication.ServerCommunicationSystem -     From: 4
V2VNativeBridge0: Received message from 4 with length 763
19:58:00.280 [Server Comm. System] INFO bftsmart.communication.ServerCommunicationSystem -     Message count: 1
[V2V Layer 0] Received message from replica 4 via JNI
19:58:00.280 [Server Comm. System] DEBUG bftsmart.communication.ServerCommunicationSystem - <-- receiving, msg:type=WRITE, number=0, epoch=0, from=4
19:58:00.280 [Server Comm. System] DEBUG bftsmart.tom.core.ExecutionManager - Received message  type=WRITE, number=0, epoch=0, from=4
19:58:00.280 [Server Comm. System] DEBUG bftsmart.tom.core.ExecutionManager - I'm at consensus 0 and my last consensus is -1
19:58:00.280 [Server Comm. System] DEBUG bftsmart.tom.core.ExecutionManager - Message for consensus 0 can be processed
19:58:00.280 [Server Comm. System] DEBUG bftsmart.consensus.roles.Acceptor - Processing paxos msg with id 0
19:58:00.280 [Server Comm. System] DEBUG bftsmart.consensus.roles.Acceptor - WRITE received from:4, for consensus cId:0
19:58:00.280 [Server Comm. System] DEBUG bftsmart.consensus.roles.Acceptor - I have 2, WRITE's for cId:0, Epoch timestamp:0,
[Acceptor 3] computeWrite: cId=0, writeAccepted=2, quorum=5
19:58:00.280 [Server Comm. System] INFO bftsmart.communication.ServerCommunicationSystem - === Message processed ===
    [Reliability 0] handleIncomingMessage() called
        Type: DATA
        From: 4
        SeqNum: 0
        Expected seq: 0
        -> IN ORDER, delivering immediately
    [Reliability 0] deliverMessage() - deserializing payload
        Deserialized: ConsensusMessage
        DEBUG: envelope.fromReplicaId=4, message.getSender()=4
=== [V2V Layer 0] DELIVER to BFT-SMaRt ===
    Message type: ConsensusMessage
    From replica: 4
    InQueue size before: 0
    InQueue size after: 1
=== [V2V Layer 0] DELIVER successful ===
19:58:00.280 [Server Comm. System] INFO bftsmart.communication.ServerCommunicationSystem - === ServerCommunicationSystem RECEIVED message ===
19:58:00.280 [Server Comm. System] INFO bftsmart.communication.ServerCommunicationSystem -     Message type: ConsensusMessage
19:58:00.280 [Server Comm. System] INFO bftsmart.communication.ServerCommunicationSystem -     From: 4
19:58:00.280 [Server Comm. System] INFO bftsmart.communication.ServerCommunicationSystem -     Message count: 1
19:58:00.280 [Server Comm. System] DEBUG bftsmart.communication.ServerCommunicationSystem - <-- receiving, msg:type=WRITE, number=0, epoch=0, from=4
19:58:00.280 [Server Comm. System] DEBUG bftsmart.tom.core.ExecutionManager - Received message  type=WRITE, number=0, epoch=0, from=4
19:58:00.280 [Server Comm. System] DEBUG bftsmart.tom.core.ExecutionManager - I'm at consensus 0 and my last consensus is -1
[V2VProxy 1] *** RECEIVED V2V message #8 from=4 to=-1 (broadcast=YES) at t=3.302608100846
V2VNativeBridge1: Received message from 4 with length 763
[V2V Layer 1] Received message from replica 4 via JNI
19:58:00.280 [Server Comm. System] DEBUG bftsmart.tom.core.ExecutionManager - Message for consensus 0 can be processed
19:58:00.280 [Server Comm. System] DEBUG bftsmart.consensus.roles.Acceptor - Processing paxos msg with id 0
19:58:00.280 [Server Comm. System] DEBUG bftsmart.consensus.roles.Acceptor - WRITE received from:4, for consensus cId:0
19:58:00.280 [Server Comm. System] DEBUG bftsmart.consensus.roles.Acceptor - I have 2, WRITE's for cId:0, Epoch timestamp:0,
[Acceptor 0] computeWrite: cId=0, writeAccepted=2, quorum=5
19:58:00.280 [Server Comm. System] INFO bftsmart.communication.ServerCommunicationSystem - === Message processed ===
    [Reliability 1] handleIncomingMessage() called
        Type: DATA
        From: 4
        SeqNum: 0
        Expected seq: 0
        -> IN ORDER, delivering immediately
    [Reliability 1] deliverMessage() - deserializing payload
        Deserialized: ConsensusMessage
        DEBUG: envelope.fromReplicaId=4, message.getSender()=4
=== [V2V Layer 1] DELIVER to BFT-SMaRt ===
    Message type: ConsensusMessage
    From replica: 4
    InQueue size before: 0
    InQueue size after: 1
=== [V2V Layer 1] DELIVER successful ===
19:58:00.280 [Server Comm. System] INFO bftsmart.communication.ServerCommunicationSystem - === ServerCommunicationSystem RECEIVED message ===
[V2VProxy 6] *** RECEIVED V2V message #8 from=4 to=-1 (broadcast=YES) at t=3.302608109852
V2VNativeBridge6: Received message from 4 with length 763
[V2V Layer 6] Received message from replica 4 via JNI
19:58:00.281 [Server Comm. System] INFO bftsmart.communication.ServerCommunicationSystem -     Message type: ConsensusMessage
19:58:00.281 [Server Comm. System] INFO bftsmart.communication.ServerCommunicationSystem -     From: 4
19:58:00.281 [Server Comm. System] INFO bftsmart.communication.ServerCommunicationSystem -     Message count: 1
19:58:00.281 [Server Comm. System] DEBUG bftsmart.communication.ServerCommunicationSystem - <-- receiving, msg:type=WRITE, number=0, epoch=0, from=4
19:58:00.281 [Server Comm. System] DEBUG bftsmart.tom.core.ExecutionManager - Received message  type=WRITE, number=0, epoch=0, from=4
19:58:00.281 [Server Comm. System] DEBUG bftsmart.tom.core.ExecutionManager - I'm at consensus 0 and my last consensus is -1
    [Reliability 6] handleIncomingMessage() called
19:58:00.281 [Server Comm. System] DEBUG bftsmart.tom.core.ExecutionManager - Message for consensus 0 can be processed
        Type: DATA
        From: 4
19:58:00.281 [Server Comm. System] DEBUG bftsmart.consensus.roles.Acceptor - Processing paxos msg with id 0
        SeqNum: 0
19:58:00.281 [Server Comm. System] DEBUG bftsmart.consensus.roles.Acceptor - WRITE received from:4, for consensus cId:0
19:58:00.281 [Server Comm. System] DEBUG bftsmart.consensus.roles.Acceptor - I have 2, WRITE's for cId:0, Epoch timestamp:0,
[Acceptor 1] computeWrite: cId=0, writeAccepted=2, quorum=5
19:58:00.281 [Server Comm. System] INFO bftsmart.communication.ServerCommunicationSystem - === Message processed ===
        Expected seq: 0
        -> IN ORDER, delivering immediately
    [Reliability 6] deliverMessage() - deserializing payload
        Deserialized: ConsensusMessage
        DEBUG: envelope.fromReplicaId=4, message.getSender()=4
=== [V2V Layer 6] DELIVER to BFT-SMaRt ===
    Message type: ConsensusMessage
    From replica: 4
    InQueue size before: 0
    InQueue size after: 1
=== [V2V Layer 6] DELIVER successful ===
19:58:00.281 [Server Comm. System] INFO bftsmart.communication.ServerCommunicationSystem - === ServerCommunicationSystem RECEIVED message ===
19:58:00.281 [Server Comm. System] INFO bftsmart.communication.ServerCommunicationSystem -     Message type: ConsensusMessage
19:58:00.281 [Server Comm. System] INFO bftsmart.communication.ServerCommunicationSystem -     From: 4
19:58:00.281 [Server Comm. System] INFO bftsmart.communication.ServerCommunicationSystem -     Message count: 1
19:58:00.281 [Server Comm. System] DEBUG bftsmart.communication.ServerCommunicationSystem - <-- receiving, msg:type=WRITE, number=0, epoch=0, from=4
19:58:00.281 [Server Comm. System] DEBUG bftsmart.tom.core.ExecutionManager - Received message  type=WRITE, number=0, epoch=0, from=4
19:58:00.281 [Server Comm. System] DEBUG bftsmart.tom.core.ExecutionManager - I'm at consensus 0 and my last consensus is -1
19:58:00.281 [Server Comm. System] DEBUG bftsmart.tom.core.ExecutionManager - Message for consensus 0 can be processed
19:58:00.281 [Server Comm. System] DEBUG bftsmart.consensus.roles.Acceptor - Processing paxos msg with id 0
19:58:00.281 [Server Comm. System] DEBUG bftsmart.consensus.roles.Acceptor - WRITE received from:4, for consensus cId:0
[V2VProxy 7] *** RECEIVED V2V message #8 from=4 to=-1 (broadcast=YES) at t=3.302608152595
V2VNativeBridge7: Received message from 4 with length 763
[V2V Layer 7] Received message from replica 4 via JNI
19:58:00.281 [Server Comm. System] DEBUG bftsmart.consensus.roles.Acceptor - I have 2, WRITE's for cId:0, Epoch timestamp:0,
[Acceptor 6] computeWrite: cId=0, writeAccepted=2, quorum=5
19:58:00.281 [Server Comm. System] INFO bftsmart.communication.ServerCommunicationSystem - === Message processed ===
    [Reliability 7] handleIncomingMessage() called
        Type: DATA
        From: 4
        SeqNum: 0
        Expected seq: 0
        -> IN ORDER, delivering immediately
    [Reliability 7] deliverMessage() - deserializing payload
        Deserialized: ConsensusMessage
        DEBUG: envelope.fromReplicaId=4, message.getSender()=4
=== [V2V Layer 7] DELIVER to BFT-SMaRt ===
    Message type: ConsensusMessage
    From replica: 4
    InQueue size before: 0
    InQueue size after: 1
=== [V2V Layer 7] DELIVER successful ===
19:58:00.281 [Server Comm. System] INFO bftsmart.communication.ServerCommunicationSystem - === ServerCommunicationSystem RECEIVED message ===
19:58:00.281 [Server Comm. System] INFO bftsmart.communication.ServerCommunicationSystem -     Message type: ConsensusMessage
19:58:00.281 [Server Comm. System] INFO bftsmart.communication.ServerCommunicationSystem -     From: 4
19:58:00.281 [Server Comm. System] INFO bftsmart.communication.ServerCommunicationSystem -     Message count: 1
19:58:00.281 [Server Comm. System] DEBUG bftsmart.communication.ServerCommunicationSystem - <-- receiving, msg:type=WRITE, number=0, epoch=0, from=4
19:58:00.281 [Server Comm. System] DEBUG bftsmart.tom.core.ExecutionManager - Received message  type=WRITE, number=0, epoch=0, from=4
19:58:00.281 [Server Comm. System] DEBUG bftsmart.tom.core.ExecutionManager - I'm at consensus 0 and my last consensus is -1
19:58:00.281 [Server Comm. System] DEBUG bftsmart.tom.core.ExecutionManager - Message for consensus 0 can be processed
19:58:00.281 [Server Comm. System] DEBUG bftsmart.consensus.roles.Acceptor - Processing paxos msg with id 0
19:58:00.281 [Server Comm. System] DEBUG bftsmart.consensus.roles.Acceptor - WRITE received from:4, for consensus cId:0
19:58:00.281 [Server Comm. System] DEBUG bftsmart.consensus.roles.Acceptor - I have 2, WRITE's for cId:0, Epoch timestamp:0,
[Acceptor 7] computeWrite: cId=0, writeAccepted=2, quorum=5
19:58:00.281 [Server Comm. System] INFO bftsmart.communication.ServerCommunicationSystem - === Message processed ===
[V2VProxy 6] *** RECEIVED V2V message #9 from=0 to=-1 (broadcast=YES) at t=3.303947116697
V2VNativeBridge6: Received message from 0 with length 685
[V2V Layer 6] Received message from replica 0 via JNI
    [Reliability 6] handleIncomingMessage() called
        Type: DATA
        From: 0
        SeqNum: 1
        Expected seq: 1
        -> IN ORDER, delivering immediately
    [Reliability 6] deliverMessage() - deserializing payload
        Deserialized: ConsensusMessage
        DEBUG: envelope.fromReplicaId=0, message.getSender()=0
=== [V2V Layer 6] DELIVER to BFT-SMaRt ===
    Message type: ConsensusMessage
    From replica: 0
    InQueue size before: 0
    InQueue size after: 1
=== [V2V Layer 6] DELIVER successful ===
[V2VProxy 3] *** RECEIVED V2V message #9 from=0 to=-1 (broadcast=YES) at t=3.303947124726
19:58:00.302 [Server Comm. System] INFO bftsmart.communication.ServerCommunicationSystem - === ServerCommunicationSystem RECEIVED message ===
V2VNativeBridge3: Received message from 0 with length 685
[V2V Layer 3] Received message from replica 0 via JNI
19:58:00.303 [Server Comm. System] INFO bftsmart.communication.ServerCommunicationSystem -     Message type: ConsensusMessage
19:58:00.303 [Server Comm. System] INFO bftsmart.communication.ServerCommunicationSystem -     From: 0
19:58:00.303 [Server Comm. System] INFO bftsmart.communication.ServerCommunicationSystem -     Message count: 2
19:58:00.303 [Server Comm. System] DEBUG bftsmart.communication.ServerCommunicationSystem - <-- receiving, msg:type=WRITE, number=0, epoch=0, from=0
19:58:00.303 [Server Comm. System] DEBUG bftsmart.tom.core.ExecutionManager - Received message  type=WRITE, number=0, epoch=0, from=0
19:58:00.303 [Server Comm. System] DEBUG bftsmart.tom.core.ExecutionManager - I'm at consensus 0 and my last consensus is -1
19:58:00.303 [Server Comm. System] DEBUG bftsmart.tom.core.ExecutionManager - Message for consensus 0 can be processed
19:58:00.303 [Server Comm. System] DEBUG bftsmart.consensus.roles.Acceptor - Processing paxos msg with id 0
    [Reliability 3] handleIncomingMessage() called
        Type: DATA
        From: 0
19:58:00.303 [Server Comm. System] DEBUG bftsmart.consensus.roles.Acceptor - WRITE received from:0, for consensus cId:0
        SeqNum: 1
        Expected seq: 1
        -> IN ORDER, delivering immediately
    [Reliability 3] deliverMessage() - deserializing payload
19:58:00.303 [Server Comm. System] DEBUG bftsmart.consensus.roles.Acceptor - I have 3, WRITE's for cId:0, Epoch timestamp:0,
[Acceptor 6] computeWrite: cId=0, writeAccepted=3, quorum=5
19:58:00.303 [Server Comm. System] INFO bftsmart.communication.ServerCommunicationSystem - === Message processed ===
        Deserialized: ConsensusMessage
        DEBUG: envelope.fromReplicaId=0, message.getSender()=0
=== [V2V Layer 3] DELIVER to BFT-SMaRt ===
    Message type: ConsensusMessage
    From replica: 0
    InQueue size before: 0
    InQueue size after: 1
=== [V2V Layer 3] DELIVER successful ===
[V2VProxy 2] *** RECEIVED V2V message #9 from=0 to=-1 (broadcast=YES) at t=3.303947142079
V2VNativeBridge2: Received message from 0 with length 685
[V2V Layer 2] Received message from replica 0 via JNI
19:58:00.303 [Server Comm. System] INFO bftsmart.communication.ServerCommunicationSystem - === ServerCommunicationSystem RECEIVED message ===
19:58:00.303 [Server Comm. System] INFO bftsmart.communication.ServerCommunicationSystem -     Message type: ConsensusMessage
19:58:00.303 [Server Comm. System] INFO bftsmart.communication.ServerCommunicationSystem -     From: 0
19:58:00.303 [Server Comm. System] INFO bftsmart.communication.ServerCommunicationSystem -     Message count: 2
19:58:00.303 [Server Comm. System] DEBUG bftsmart.communication.ServerCommunicationSystem - <-- receiving, msg:type=WRITE, number=0, epoch=0, from=0
19:58:00.303 [Server Comm. System] DEBUG bftsmart.tom.core.ExecutionManager - Received message  type=WRITE, number=0, epoch=0, from=0
19:58:00.303 [Server Comm. System] DEBUG bftsmart.tom.core.ExecutionManager - I'm at consensus 0 and my last consensus is -1
    [Reliability 2] handleIncomingMessage() called
        Type: DATA
19:58:00.303 [Server Comm. System] DEBUG bftsmart.tom.core.ExecutionManager - Message for consensus 0 can be processed
        From: 0
        SeqNum: 1
19:58:00.303 [Server Comm. System] DEBUG bftsmart.consensus.roles.Acceptor - Processing paxos msg with id 0
        Expected seq: 1
        -> IN ORDER, delivering immediately
19:58:00.303 [Server Comm. System] DEBUG bftsmart.consensus.roles.Acceptor - WRITE received from:0, for consensus cId:0
    [Reliability 2] deliverMessage() - deserializing payload
19:58:00.303 [Server Comm. System] DEBUG bftsmart.consensus.roles.Acceptor - I have 3, WRITE's for cId:0, Epoch timestamp:0,
[Acceptor 3] computeWrite: cId=0, writeAccepted=3, quorum=5
19:58:00.303 [Server Comm. System] INFO bftsmart.communication.ServerCommunicationSystem - === Message processed ===
        Deserialized: ConsensusMessage
        DEBUG: envelope.fromReplicaId=0, message.getSender()=0
=== [V2V Layer 2] DELIVER to BFT-SMaRt ===
    Message type: ConsensusMessage
    From replica: 0
    InQueue size before: 0
    InQueue size after: 1
=== [V2V Layer 2] DELIVER successful ===
19:58:00.303 [Server Comm. System] INFO bftsmart.communication.ServerCommunicationSystem - === ServerCommunicationSystem RECEIVED message ===
[V2VProxy 4] *** RECEIVED V2V message #8 from=0 to=-1 (broadcast=YES) at t=3.303947148899
19:58:00.303 [Server Comm. System] INFO bftsmart.communication.ServerCommunicationSystem -     Message type: ConsensusMessage
V2VNativeBridge4: Received message from 0 with length 685
[V2V Layer 4] Received message from replica 0 via JNI
19:58:00.304 [Server Comm. System] INFO bftsmart.communication.ServerCommunicationSystem -     From: 0
19:58:00.304 [Server Comm. System] INFO bftsmart.communication.ServerCommunicationSystem -     Message count: 2
19:58:00.304 [Server Comm. System] DEBUG bftsmart.communication.ServerCommunicationSystem - <-- receiving, msg:type=WRITE, number=0, epoch=0, from=0
19:58:00.304 [Server Comm. System] DEBUG bftsmart.tom.core.ExecutionManager - Received message  type=WRITE, number=0, epoch=0, from=0
19:58:00.304 [Server Comm. System] DEBUG bftsmart.tom.core.ExecutionManager - I'm at consensus 0 and my last consensus is -1
    [Reliability 4] handleIncomingMessage() called
19:58:00.304 [Server Comm. System] DEBUG bftsmart.tom.core.ExecutionManager - Message for consensus 0 can be processed
        Type: DATA
19:58:00.304 [Server Comm. System] DEBUG bftsmart.consensus.roles.Acceptor - Processing paxos msg with id 0
        From: 0
        SeqNum: 1
        Expected seq: 1
        -> IN ORDER, delivering immediately
    [Reliability 4] deliverMessage() - deserializing payload
19:58:00.304 [Server Comm. System] DEBUG bftsmart.consensus.roles.Acceptor - WRITE received from:0, for consensus cId:0
19:58:00.304 [Server Comm. System] DEBUG bftsmart.consensus.roles.Acceptor - I have 3, WRITE's for cId:0, Epoch timestamp:0,
        Deserialized: ConsensusMessage
[Acceptor 2] computeWrite: cId=0, writeAccepted=3, quorum=5
19:58:00.304 [Server Comm. System] INFO bftsmart.communication.ServerCommunicationSystem - === Message processed ===
        DEBUG: envelope.fromReplicaId=0, message.getSender()=0
=== [V2V Layer 4] DELIVER to BFT-SMaRt ===
    Message type: ConsensusMessage
    From replica: 0
    InQueue size before: 0
    InQueue size after: 1
=== [V2V Layer 4] DELIVER successful ===
19:58:00.304 [Server Comm. System] INFO bftsmart.communication.ServerCommunicationSystem - === ServerCommunicationSystem RECEIVED message ===
19:58:00.304 [Server Comm. System] INFO bftsmart.communication.ServerCommunicationSystem -     Message type: ConsensusMessage
19:58:00.304 [Server Comm. System] INFO bftsmart.communication.ServerCommunicationSystem -     From: 0
19:58:00.304 [Server Comm. System] INFO bftsmart.communication.ServerCommunicationSystem -     Message count: 1
19:58:00.304 [Server Comm. System] DEBUG bftsmart.communication.ServerCommunicationSystem - <-- receiving, msg:type=WRITE, number=0, epoch=0, from=0
19:58:00.304 [Server Comm. System] DEBUG bftsmart.tom.core.ExecutionManager - Received message  type=WRITE, number=0, epoch=0, from=0
19:58:00.304 [Server Comm. System] DEBUG bftsmart.tom.core.ExecutionManager - I'm at consensus 0 and my last consensus is -1
[V2VProxy 7] *** RECEIVED V2V message #9 from=0 to=-1 (broadcast=YES) at t=3.303947160452
19:58:00.304 [Server Comm. System] DEBUG bftsmart.tom.core.ExecutionManager - Message for consensus 0 can be processed
19:58:00.304 [Server Comm. System] DEBUG bftsmart.consensus.roles.Acceptor - Processing paxos msg with id 0
V2VNativeBridge7: Received message from 0 with length 685
[V2V Layer 7] Received message from replica 0 via JNI
19:58:00.304 [Server Comm. System] DEBUG bftsmart.consensus.roles.Acceptor - WRITE received from:0, for consensus cId:0
19:58:00.304 [Server Comm. System] DEBUG bftsmart.consensus.roles.Acceptor - I have 2, WRITE's for cId:0, Epoch timestamp:0,
[Acceptor 4] computeWrite: cId=0, writeAccepted=2, quorum=5
19:58:00.304 [Server Comm. System] INFO bftsmart.communication.ServerCommunicationSystem - === Message processed ===
    [Reliability 7] handleIncomingMessage() called
        Type: DATA
        From: 0
        SeqNum: 1
        Expected seq: 1
        -> IN ORDER, delivering immediately
    [Reliability 7] deliverMessage() - deserializing payload
        Deserialized: ConsensusMessage
        DEBUG: envelope.fromReplicaId=0, message.getSender()=0
=== [V2V Layer 7] DELIVER to BFT-SMaRt ===
    Message type: ConsensusMessage
    From replica: 0
    InQueue size before: 0
    InQueue size after: 1
=== [V2V Layer 7] DELIVER successful ===
19:58:00.304 [Server Comm. System] INFO bftsmart.communication.ServerCommunicationSystem - === ServerCommunicationSystem RECEIVED message ===
[V2VProxy 1] *** RECEIVED V2V message #9 from=0 to=-1 (broadcast=YES) at t=3.303947162158
19:58:00.304 [Server Comm. System] INFO bftsmart.communication.ServerCommunicationSystem -     Message type: ConsensusMessage
V2VNativeBridge1: Received message from 0 with length 685
19:58:00.304 [Server Comm. System] INFO bftsmart.communication.ServerCommunicationSystem -     From: 0
[V2V Layer 1] Received message from replica 0 via JNI
19:58:00.304 [Server Comm. System] INFO bftsmart.communication.ServerCommunicationSystem -     Message count: 2
19:58:00.304 [Server Comm. System] DEBUG bftsmart.communication.ServerCommunicationSystem - <-- receiving, msg:type=WRITE, number=0, epoch=0, from=0
19:58:00.304 [Server Comm. System] DEBUG bftsmart.tom.core.ExecutionManager - Received message  type=WRITE, number=0, epoch=0, from=0
19:58:00.304 [Server Comm. System] DEBUG bftsmart.tom.core.ExecutionManager - I'm at consensus 0 and my last consensus is -1
19:58:00.304 [Server Comm. System] DEBUG bftsmart.tom.core.ExecutionManager - Message for consensus 0 can be processed
19:58:00.304 [Server Comm. System] DEBUG bftsmart.consensus.roles.Acceptor - Processing paxos msg with id 0
19:58:00.304 [Server Comm. System] DEBUG bftsmart.consensus.roles.Acceptor - WRITE received from:0, for consensus cId:0
19:58:00.304 [Server Comm. System] DEBUG bftsmart.consensus.roles.Acceptor - I have 3, WRITE's for cId:0, Epoch timestamp:0,
[Acceptor 7] computeWrite: cId=0, writeAccepted=3, quorum=5
    [Reliability 1] handleIncomingMessage() called
        Type: DATA
        From: 0
        SeqNum: 1
        Expected seq: 1
19:58:00.304 [Server Comm. System] INFO bftsmart.communication.ServerCommunicationSystem - === Message processed ===
        -> IN ORDER, delivering immediately
    [Reliability 1] deliverMessage() - deserializing payload
        Deserialized: ConsensusMessage
        DEBUG: envelope.fromReplicaId=0, message.getSender()=0
=== [V2V Layer 1] DELIVER to BFT-SMaRt ===
    Message type: ConsensusMessage
    From replica: 0
    InQueue size before: 0
    InQueue size after: 1
=== [V2V Layer 1] DELIVER successful ===
19:58:00.305 [Server Comm. System] INFO bftsmart.communication.ServerCommunicationSystem - === ServerCommunicationSystem RECEIVED message ===
19:58:00.305 [Server Comm. System] INFO bftsmart.communication.ServerCommunicationSystem -     Message type: ConsensusMessage
19:58:00.305 [Server Comm. System] INFO bftsmart.communication.ServerCommunicationSystem -     From: 0
19:58:00.305 [Server Comm. System] INFO bftsmart.communication.ServerCommunicationSystem -     Message count: 2
19:58:00.305 [Server Comm. System] DEBUG bftsmart.communication.ServerCommunicationSystem - <-- receiving, msg:type=WRITE, number=0, epoch=0, from=0
19:58:00.305 [Server Comm. System] DEBUG bftsmart.tom.core.ExecutionManager - Received message  type=WRITE, number=0, epoch=0, from=0
19:58:00.305 [Server Comm. System] DEBUG bftsmart.tom.core.ExecutionManager - I'm at consensus 0 and my last consensus is -1
19:58:00.305 [Server Comm. System] DEBUG bftsmart.tom.core.ExecutionManager - Message for consensus 0 can be processed
19:58:00.305 [Server Comm. System] DEBUG bftsmart.consensus.roles.Acceptor - Processing paxos msg with id 0
19:58:00.305 [Server Comm. System] DEBUG bftsmart.consensus.roles.Acceptor - WRITE received from:0, for consensus cId:0
19:58:00.305 [Server Comm. System] DEBUG bftsmart.consensus.roles.Acceptor - I have 3, WRITE's for cId:0, Epoch timestamp:0,
[Acceptor 1] computeWrite: cId=0, writeAccepted=3, quorum=5
[V2VProxy 5] *** RECEIVED V2V message #9 from=0 to=-1 (broadcast=YES) at t=3.303947177718
19:58:00.305 [Server Comm. System] INFO bftsmart.communication.ServerCommunicationSystem - === Message processed ===
V2VNativeBridge5: Received message from 0 with length 685
[V2V Layer 5] Received message from replica 0 via JNI
    [Reliability 5] handleIncomingMessage() called
        Type: DATA
        From: 0
        SeqNum: 1
        Expected seq: 1
        -> IN ORDER, delivering immediately
    [Reliability 5] deliverMessage() - deserializing payload
        Deserialized: ConsensusMessage
        DEBUG: envelope.fromReplicaId=0, message.getSender()=0
=== [V2V Layer 5] DELIVER to BFT-SMaRt ===
    Message type: ConsensusMessage
    From replica: 0
    InQueue size before: 0
    InQueue size after: 1
=== [V2V Layer 5] DELIVER successful ===
19:58:00.305 [Server Comm. System] INFO bftsmart.communication.ServerCommunicationSystem - === ServerCommunicationSystem RECEIVED message ===
19:58:00.305 [Server Comm. System] INFO bftsmart.communication.ServerCommunicationSystem -     Message type: ConsensusMessage
19:58:00.305 [Server Comm. System] INFO bftsmart.communication.ServerCommunicationSystem -     From: 0
19:58:00.305 [Server Comm. System] INFO bftsmart.communication.ServerCommunicationSystem -     Message count: 2
19:58:00.305 [Server Comm. System] DEBUG bftsmart.communication.ServerCommunicationSystem - <-- receiving, msg:type=WRITE, number=0, epoch=0, from=0
19:58:00.305 [Server Comm. System] DEBUG bftsmart.tom.core.ExecutionManager - Received message  type=WRITE, number=0, epoch=0, from=0
19:58:00.305 [Server Comm. System] DEBUG bftsmart.tom.core.ExecutionManager - I'm at consensus 0 and my last consensus is -1
19:58:00.305 [Server Comm. System] DEBUG bftsmart.tom.core.ExecutionManager - Message for consensus 0 can be processed
19:58:00.305 [Server Comm. System] DEBUG bftsmart.consensus.roles.Acceptor - Processing paxos msg with id 0
19:58:00.305 [Server Comm. System] DEBUG bftsmart.consensus.roles.Acceptor - WRITE received from:0, for consensus cId:0
19:58:00.305 [Server Comm. System] DEBUG bftsmart.consensus.roles.Acceptor - I have 3, WRITE's for cId:0, Epoch timestamp:0,
[Acceptor 5] computeWrite: cId=0, writeAccepted=3, quorum=5
19:58:00.305 [Server Comm. System] INFO bftsmart.communication.ServerCommunicationSystem - === Message processed ===
[V2VProxy 2] *** RECEIVED V2V message #10 from=4 to=-1 (broadcast=YES) at t=3.309604362732
V2VNativeBridge2: Received message from 4 with length 685
[V2V Layer 2] Received message from replica 4 via JNI
    [Reliability 2] handleIncomingMessage() called
        Type: DATA
        From: 4
        SeqNum: 0
        Expected seq: 1
        -> DUPLICATE (seq < expected), ignoring
[V2VProxy 0] *** RECEIVED V2V message #2 from=3 to=-1 (broadcast=YES) at t=3.312426534239
V2VNativeBridge0: Received message from 3 with length 685
[V2V Layer 0] Received message from replica 3 via JNI
    [Reliability 0] handleIncomingMessage() called
        Type: DATA
        From: 3
        SeqNum: 0
        Expected seq: 0
        -> IN ORDER, delivering immediately
    [Reliability 0] deliverMessage() - deserializing payload
        Deserialized: ConsensusMessage
        DEBUG: envelope.fromReplicaId=3, message.getSender()=3
=== [V2V Layer 0] DELIVER to BFT-SMaRt ===
    Message type: ConsensusMessage
    From replica: 3
    InQueue size before: 0
    InQueue size after: 1
=== [V2V Layer 0] DELIVER successful ===
19:58:00.431 [Server Comm. System] INFO bftsmart.communication.ServerCommunicationSystem - === ServerCommunicationSystem RECEIVED message ===
19:58:00.431 [Server Comm. System] INFO bftsmart.communication.ServerCommunicationSystem -     Message type: ConsensusMessage
19:58:00.431 [Server Comm. System] INFO bftsmart.communication.ServerCommunicationSystem -     From: 3
[V2VProxy 6] *** RECEIVED V2V message #10 from=3 to=-1 (broadcast=YES) at t=3.312426551837
19:58:00.431 [Server Comm. System] INFO bftsmart.communication.ServerCommunicationSystem -     Message count: 2
V2VNativeBridge6: Received message from 3 with length 685
[V2V Layer 6] Received message from replica 3 via JNI
19:58:00.431 [Server Comm. System] DEBUG bftsmart.communication.ServerCommunicationSystem - <-- receiving, msg:type=WRITE, number=0, epoch=0, from=3
19:58:00.431 [Server Comm. System] DEBUG bftsmart.tom.core.ExecutionManager - Received message  type=WRITE, number=0, epoch=0, from=3
19:58:00.431 [Server Comm. System] DEBUG bftsmart.tom.core.ExecutionManager - I'm at consensus 0 and my last consensus is -1
19:58:00.431 [Server Comm. System] DEBUG bftsmart.tom.core.ExecutionManager - Message for consensus 0 can be processed
19:58:00.431 [Server Comm. System] DEBUG bftsmart.consensus.roles.Acceptor - Processing paxos msg with id 0
19:58:00.431 [Server Comm. System] DEBUG bftsmart.consensus.roles.Acceptor - WRITE received from:3, for consensus cId:0
19:58:00.431 [Server Comm. System] DEBUG bftsmart.consensus.roles.Acceptor - I have 3, WRITE's for cId:0, Epoch timestamp:0,
[Acceptor 0] computeWrite: cId=0, writeAccepted=3, quorum=5
19:58:00.431 [Server Comm. System] INFO bftsmart.communication.ServerCommunicationSystem - === Message processed ===
    [Reliability 6] handleIncomingMessage() called
        Type: DATA
        From: 3
        SeqNum: 0
        Expected seq: 0
        -> IN ORDER, delivering immediately
    [Reliability 6] deliverMessage() - deserializing payload
        Deserialized: ConsensusMessage
        DEBUG: envelope.fromReplicaId=3, message.getSender()=3
=== [V2V Layer 6] DELIVER to BFT-SMaRt ===
    Message type: ConsensusMessage
    From replica: 3
    InQueue size before: 0
    InQueue size after: 1
=== [V2V Layer 6] DELIVER successful ===
[V2VProxy 4] *** RECEIVED V2V message #9 from=3 to=-1 (broadcast=YES) at t=3.312426552532
19:58:00.432 [Server Comm. System] INFO bftsmart.communication.ServerCommunicationSystem - === ServerCommunicationSystem RECEIVED message ===
V2VNativeBridge4: Received message from 3 with length 685
[V2V Layer 4] Received message from replica 3 via JNI
19:58:00.432 [Server Comm. System] INFO bftsmart.communication.ServerCommunicationSystem -     Message type: ConsensusMessage
19:58:00.432 [Server Comm. System] INFO bftsmart.communication.ServerCommunicationSystem -     From: 3
19:58:00.432 [Server Comm. System] INFO bftsmart.communication.ServerCommunicationSystem -     Message count: 3
19:58:00.432 [Server Comm. System] DEBUG bftsmart.communication.ServerCommunicationSystem - <-- receiving, msg:type=WRITE, number=0, epoch=0, from=3
19:58:00.432 [Server Comm. System] DEBUG bftsmart.tom.core.ExecutionManager - Received message  type=WRITE, number=0, epoch=0, from=3
19:58:00.432 [Server Comm. System] DEBUG bftsmart.tom.core.ExecutionManager - I'm at consensus 0 and my last consensus is -1
19:58:00.432 [Server Comm. System] DEBUG bftsmart.tom.core.ExecutionManager - Message for consensus 0 can be processed
19:58:00.432 [Server Comm. System] DEBUG bftsmart.consensus.roles.Acceptor - Processing paxos msg with id 0
    [Reliability 4] handleIncomingMessage() called
19:58:00.432 [Server Comm. System] DEBUG bftsmart.consensus.roles.Acceptor - WRITE received from:3, for consensus cId:0
        Type: DATA
        From: 3
        SeqNum: 0
        Expected seq: 0
        -> IN ORDER, delivering immediately
19:58:00.432 [Server Comm. System] DEBUG bftsmart.consensus.roles.Acceptor - I have 4, WRITE's for cId:0, Epoch timestamp:0,
    [Reliability 4] deliverMessage() - deserializing payload
[Acceptor 6] computeWrite: cId=0, writeAccepted=4, quorum=5
19:58:00.432 [Server Comm. System] INFO bftsmart.communication.ServerCommunicationSystem - === Message processed ===
        Deserialized: ConsensusMessage
        DEBUG: envelope.fromReplicaId=3, message.getSender()=3
=== [V2V Layer 4] DELIVER to BFT-SMaRt ===
    Message type: ConsensusMessage
    From replica: 3
    InQueue size before: 0
    InQueue size after: 1
=== [V2V Layer 4] DELIVER successful ===
19:58:00.432 [Server Comm. System] INFO bftsmart.communication.ServerCommunicationSystem - === ServerCommunicationSystem RECEIVED message ===
19:58:00.432 [Server Comm. System] INFO bftsmart.communication.ServerCommunicationSystem -     Message type: ConsensusMessage
19:58:00.432 [Server Comm. System] INFO bftsmart.communication.ServerCommunicationSystem -     From: 3
19:58:00.432 [Server Comm. System] INFO bftsmart.communication.ServerCommunicationSystem -     Message count: 2
19:58:00.432 [Server Comm. System] DEBUG bftsmart.communication.ServerCommunicationSystem - <-- receiving, msg:type=WRITE, number=0, epoch=0, from=3
19:58:00.432 [Server Comm. System] DEBUG bftsmart.tom.core.ExecutionManager - Received message  type=WRITE, number=0, epoch=0, from=3
19:58:00.432 [Server Comm. System] DEBUG bftsmart.tom.core.ExecutionManager - I'm at consensus 0 and my last consensus is -1
19:58:00.432 [Server Comm. System] DEBUG bftsmart.tom.core.ExecutionManager - Message for consensus 0 can be processed
[V2VProxy 2] *** RECEIVED V2V message #11 from=3 to=-1 (broadcast=YES) at t=3.312426555364
19:58:00.432 [Server Comm. System] DEBUG bftsmart.consensus.roles.Acceptor - Processing paxos msg with id 0
V2VNativeBridge2: Received message from 3 with length 685
19:58:00.432 [Server Comm. System] DEBUG bftsmart.consensus.roles.Acceptor - WRITE received from:3, for consensus cId:0
[V2V Layer 2] Received message from replica 3 via JNI
19:58:00.432 [Server Comm. System] DEBUG bftsmart.consensus.roles.Acceptor - I have 3, WRITE's for cId:0, Epoch timestamp:0,
[Acceptor 4] computeWrite: cId=0, writeAccepted=3, quorum=5
19:58:00.432 [Server Comm. System] INFO bftsmart.communication.ServerCommunicationSystem - === Message processed ===
    [Reliability 2] handleIncomingMessage() called
        Type: DATA
        From: 3
        SeqNum: 0
        Expected seq: 0
        -> IN ORDER, delivering immediately
    [Reliability 2] deliverMessage() - deserializing payload
        Deserialized: ConsensusMessage
        DEBUG: envelope.fromReplicaId=3, message.getSender()=3
=== [V2V Layer 2] DELIVER to BFT-SMaRt ===
    Message type: ConsensusMessage
    From replica: 3
    InQueue size before: 0
    InQueue size after: 1
=== [V2V Layer 2] DELIVER successful ===
19:58:00.432 [Server Comm. System] INFO bftsmart.communication.ServerCommunicationSystem - === ServerCommunicationSystem RECEIVED message ===
19:58:00.432 [Server Comm. System] INFO bftsmart.communication.ServerCommunicationSystem -     Message type: ConsensusMessage
19:58:00.432 [Server Comm. System] INFO bftsmart.communication.ServerCommunicationSystem -     From: 3
19:58:00.432 [Server Comm. System] INFO bftsmart.communication.ServerCommunicationSystem -     Message count: 3
19:58:00.432 [Server Comm. System] DEBUG bftsmart.communication.ServerCommunicationSystem - <-- receiving, msg:type=WRITE, number=0, epoch=0, from=3
19:58:00.432 [Server Comm. System] DEBUG bftsmart.tom.core.ExecutionManager - Received message  type=WRITE, number=0, epoch=0, from=3
19:58:00.432 [Server Comm. System] DEBUG bftsmart.tom.core.ExecutionManager - I'm at consensus 0 and my last consensus is -1
19:58:00.432 [Server Comm. System] DEBUG bftsmart.tom.core.ExecutionManager - Message for consensus 0 can be processed
19:58:00.432 [Server Comm. System] DEBUG bftsmart.consensus.roles.Acceptor - Processing paxos msg with id 0
[V2VProxy 5] *** RECEIVED V2V message #10 from=3 to=-1 (broadcast=YES) at t=3.312426572587
19:58:00.432 [Server Comm. System] DEBUG bftsmart.consensus.roles.Acceptor - WRITE received from:3, for consensus cId:0
V2VNativeBridge5: Received message from 3 with length 685
[V2V Layer 5] Received message from replica 3 via JNI
19:58:00.432 [Server Comm. System] DEBUG bftsmart.consensus.roles.Acceptor - I have 4, WRITE's for cId:0, Epoch timestamp:0,
[Acceptor 2] computeWrite: cId=0, writeAccepted=4, quorum=5
19:58:00.432 [Server Comm. System] INFO bftsmart.communication.ServerCommunicationSystem - === Message processed ===
    [Reliability 5] handleIncomingMessage() called
        Type: DATA
        From: 3
        SeqNum: 0
        Expected seq: 0
        -> IN ORDER, delivering immediately
    [Reliability 5] deliverMessage() - deserializing payload
        Deserialized: ConsensusMessage
        DEBUG: envelope.fromReplicaId=3, message.getSender()=3
=== [V2V Layer 5] DELIVER to BFT-SMaRt ===
    Message type: ConsensusMessage
    From replica: 3
    InQueue size before: 0
    InQueue size after: 1
=== [V2V Layer 5] DELIVER successful ===
[V2VProxy 1] *** RECEIVED V2V message #10 from=3 to=-1 (broadcast=YES) at t=3.312426585916
19:58:00.433 [Server Comm. System] INFO bftsmart.communication.ServerCommunicationSystem - === ServerCommunicationSystem RECEIVED message ===
19:58:00.433 [Server Comm. System] INFO bftsmart.communication.ServerCommunicationSystem -     Message type: ConsensusMessage
V2VNativeBridge1: Received message from 3 with length 685
[V2V Layer 1] Received message from replica 3 via JNI
19:58:00.433 [Server Comm. System] INFO bftsmart.communication.ServerCommunicationSystem -     From: 3
19:58:00.433 [Server Comm. System] INFO bftsmart.communication.ServerCommunicationSystem -     Message count: 3
19:58:00.433 [Server Comm. System] DEBUG bftsmart.communication.ServerCommunicationSystem - <-- receiving, msg:type=WRITE, number=0, epoch=0, from=3
19:58:00.433 [Server Comm. System] DEBUG bftsmart.tom.core.ExecutionManager - Received message  type=WRITE, number=0, epoch=0, from=3
19:58:00.433 [Server Comm. System] DEBUG bftsmart.tom.core.ExecutionManager - I'm at consensus 0 and my last consensus is -1
19:58:00.433 [Server Comm. System] DEBUG bftsmart.tom.core.ExecutionManager - Message for consensus 0 can be processed
19:58:00.433 [Server Comm. System] DEBUG bftsmart.consensus.roles.Acceptor - Processing paxos msg with id 0
19:58:00.433 [Server Comm. System] DEBUG bftsmart.consensus.roles.Acceptor - WRITE received from:3, for consensus cId:0
19:58:00.433 [Server Comm. System] DEBUG bftsmart.consensus.roles.Acceptor - I have 4, WRITE's for cId:0, Epoch timestamp:0,
[Acceptor 5] computeWrite: cId=0, writeAccepted=4, quorum=5
19:58:00.433 [Server Comm. System] INFO bftsmart.communication.ServerCommunicationSystem - === Message processed ===
    [Reliability 1] handleIncomingMessage() called
        Type: DATA
        From: 3
        SeqNum: 0
        Expected seq: 0
        -> IN ORDER, delivering immediately
    [Reliability 1] deliverMessage() - deserializing payload
        Deserialized: ConsensusMessage
        DEBUG: envelope.fromReplicaId=3, message.getSender()=3
=== [V2V Layer 1] DELIVER to BFT-SMaRt ===
    Message type: ConsensusMessage
    From replica: 3
    InQueue size before: 0
    InQueue size after: 1
=== [V2V Layer 1] DELIVER successful ===
19:58:00.433 [Server Comm. System] INFO bftsmart.communication.ServerCommunicationSystem - === ServerCommunicationSystem RECEIVED message ===
[V2VProxy 7] *** RECEIVED V2V message #10 from=3 to=-1 (broadcast=YES) at t=3.31242659469
V2VNativeBridge7: Received message from 3 with length 685
[V2V Layer 7] Received message from replica 3 via JNI
19:58:00.433 [Server Comm. System] INFO bftsmart.communication.ServerCommunicationSystem -     Message type: ConsensusMessage
19:58:00.433 [Server Comm. System] INFO bftsmart.communication.ServerCommunicationSystem -     From: 3
19:58:00.433 [Server Comm. System] INFO bftsmart.communication.ServerCommunicationSystem -     Message count: 3
19:58:00.433 [Server Comm. System] DEBUG bftsmart.communication.ServerCommunicationSystem - <-- receiving, msg:type=WRITE, number=0, epoch=0, from=3
19:58:00.433 [Server Comm. System] DEBUG bftsmart.tom.core.ExecutionManager - Received message  type=WRITE, number=0, epoch=0, from=3
19:58:00.433 [Server Comm. System] DEBUG bftsmart.tom.core.ExecutionManager - I'm at consensus 0 and my last consensus is -1
19:58:00.433 [Server Comm. System] DEBUG bftsmart.tom.core.ExecutionManager - Message for consensus 0 can be processed
19:58:00.433 [Server Comm. System] DEBUG bftsmart.consensus.roles.Acceptor - Processing paxos msg with id 0
    [Reliability 7] handleIncomingMessage() called
        Type: DATA
19:58:00.433 [Server Comm. System] DEBUG bftsmart.consensus.roles.Acceptor - WRITE received from:3, for consensus cId:0
        From: 3
        SeqNum: 0
        Expected seq: 0
        -> IN ORDER, delivering immediately
    [Reliability 7] deliverMessage() - deserializing payload
19:58:00.433 [Server Comm. System] DEBUG bftsmart.consensus.roles.Acceptor - I have 4, WRITE's for cId:0, Epoch timestamp:0,
[Acceptor 1] computeWrite: cId=0, writeAccepted=4, quorum=5
19:58:00.433 [Server Comm. System] INFO bftsmart.communication.ServerCommunicationSystem - === Message processed ===
        Deserialized: ConsensusMessage
        DEBUG: envelope.fromReplicaId=3, message.getSender()=3
=== [V2V Layer 7] DELIVER to BFT-SMaRt ===
    Message type: ConsensusMessage
    From replica: 3
    InQueue size before: 0
    InQueue size after: 1
=== [V2V Layer 7] DELIVER successful ===
19:58:00.433 [Server Comm. System] INFO bftsmart.communication.ServerCommunicationSystem - === ServerCommunicationSystem RECEIVED message ===
19:58:00.433 [Server Comm. System] INFO bftsmart.communication.ServerCommunicationSystem -     Message type: ConsensusMessage
19:58:00.433 [Server Comm. System] INFO bftsmart.communication.ServerCommunicationSystem -     From: 3
19:58:00.433 [Server Comm. System] INFO bftsmart.communication.ServerCommunicationSystem -     Message count: 3
19:58:00.433 [Server Comm. System] DEBUG bftsmart.communication.ServerCommunicationSystem - <-- receiving, msg:type=WRITE, number=0, epoch=0, from=3
19:58:00.433 [Server Comm. System] DEBUG bftsmart.tom.core.ExecutionManager - Received message  type=WRITE, number=0, epoch=0, from=3
19:58:00.433 [Server Comm. System] DEBUG bftsmart.tom.core.ExecutionManager - I'm at consensus 0 and my last consensus is -1
19:58:00.433 [Server Comm. System] DEBUG bftsmart.tom.core.ExecutionManager - Message for consensus 0 can be processed
19:58:00.433 [Server Comm. System] DEBUG bftsmart.consensus.roles.Acceptor - Processing paxos msg with id 0
19:58:00.433 [Server Comm. System] DEBUG bftsmart.consensus.roles.Acceptor - WRITE received from:3, for consensus cId:0
19:58:00.433 [Server Comm. System] DEBUG bftsmart.consensus.roles.Acceptor - I have 4, WRITE's for cId:0, Epoch timestamp:0,
[Acceptor 7] computeWrite: cId=0, writeAccepted=4, quorum=5
19:58:00.433 [Server Comm. System] INFO bftsmart.communication.ServerCommunicationSystem - === Message processed ===
[V2VProxy 4] *** RECEIVED V2V message #10 from=2 to=-1 (broadcast=YES) at t=3.31376557277
V2VNativeBridge4: Received message from 2 with length 685
[V2V Layer 4] Received message from replica 2 via JNI
    [Reliability 4] handleIncomingMessage() called
        Type: DATA
        From: 2
        SeqNum: 0
        Expected seq: 0
        -> IN ORDER, delivering immediately
    [Reliability 4] deliverMessage() - deserializing payload
        Deserialized: ConsensusMessage
        DEBUG: envelope.fromReplicaId=2, message.getSender()=2
=== [V2V Layer 4] DELIVER to BFT-SMaRt ===
    Message type: ConsensusMessage
    From replica: 2
    InQueue size before: 0
    InQueue size after: 1
=== [V2V Layer 4] DELIVER successful ===
19:58:00.463 [Server Comm. System] INFO bftsmart.communication.ServerCommunicationSystem - === ServerCommunicationSystem RECEIVED message ===
19:58:00.463 [Server Comm. System] INFO bftsmart.communication.ServerCommunicationSystem -     Message type: ConsensusMessage
19:58:00.463 [Server Comm. System] INFO bftsmart.communication.ServerCommunicationSystem -     From: 2
19:58:00.463 [Server Comm. System] INFO bftsmart.communication.ServerCommunicationSystem -     Message count: 3
19:58:00.463 [Server Comm. System] DEBUG bftsmart.communication.ServerCommunicationSystem - <-- receiving, msg:type=WRITE, number=0, epoch=0, from=2
19:58:00.463 [Server Comm. System] DEBUG bftsmart.tom.core.ExecutionManager - Received message  type=WRITE, number=0, epoch=0, from=2
19:58:00.463 [Server Comm. System] DEBUG bftsmart.tom.core.ExecutionManager - I'm at consensus 0 and my last consensus is -1
19:58:00.463 [Server Comm. System] DEBUG bftsmart.tom.core.ExecutionManager - Message for consensus 0 can be processed
19:58:00.463 [Server Comm. System] DEBUG bftsmart.consensus.roles.Acceptor - Processing paxos msg with id 0
19:58:00.463 [Server Comm. System] DEBUG bftsmart.consensus.roles.Acceptor - WRITE received from:2, for consensus cId:0
19:58:00.463 [Server Comm. System] DEBUG bftsmart.consensus.roles.Acceptor - I have 4, WRITE's for cId:0, Epoch timestamp:0,
[Acceptor 4] computeWrite: cId=0, writeAccepted=4, quorum=5
19:58:00.463 [Server Comm. System] INFO bftsmart.communication.ServerCommunicationSystem - === Message processed ===
[V2VProxy 0] *** RECEIVED V2V message #3 from=6 to=-1 (broadcast=YES) at t=3.319265948193
V2VNativeBridge0: Received message from 6 with length 685
[V2V Layer 0] Received message from replica 6 via JNI
    [Reliability 0] handleIncomingMessage() called
        Type: DATA
        From: 6
        SeqNum: 0
        Expected seq: 0
        -> IN ORDER, delivering immediately
    [Reliability 0] deliverMessage() - deserializing payload
        Deserialized: ConsensusMessage
        DEBUG: envelope.fromReplicaId=6, message.getSender()=6
=== [V2V Layer 0] DELIVER to BFT-SMaRt ===
    Message type: ConsensusMessage
    From replica: 6
    InQueue size before: 0
    InQueue size after: 1
=== [V2V Layer 0] DELIVER successful ===
19:58:00.544 [Server Comm. System] INFO bftsmart.communication.ServerCommunicationSystem - === ServerCommunicationSystem RECEIVED message ===
[V2VProxy 3] *** RECEIVED V2V message #10 from=6 to=-1 (broadcast=YES) at t=3.31926597382
V2VNativeBridge3: Received message from 6 with length 685
[V2V Layer 3] Received message from replica 6 via JNI
19:58:00.545 [Server Comm. System] INFO bftsmart.communication.ServerCommunicationSystem -     Message type: ConsensusMessage
19:58:00.545 [Server Comm. System] INFO bftsmart.communication.ServerCommunicationSystem -     From: 6
19:58:00.545 [Server Comm. System] INFO bftsmart.communication.ServerCommunicationSystem -     Message count: 3
19:58:00.545 [Server Comm. System] DEBUG bftsmart.communication.ServerCommunicationSystem - <-- receiving, msg:type=WRITE, number=0, epoch=0, from=6
19:58:00.545 [Server Comm. System] DEBUG bftsmart.tom.core.ExecutionManager - Received message  type=WRITE, number=0, epoch=0, from=6
19:58:00.545 [Server Comm. System] DEBUG bftsmart.tom.core.ExecutionManager - I'm at consensus 0 and my last consensus is -1
    [Reliability 3] handleIncomingMessage() called
19:58:00.545 [Server Comm. System] DEBUG bftsmart.tom.core.ExecutionManager - Message for consensus 0 can be processed
        Type: DATA
        From: 6
19:58:00.545 [Server Comm. System] DEBUG bftsmart.consensus.roles.Acceptor - Processing paxos msg with id 0
        SeqNum: 0
        Expected seq: 0
19:58:00.545 [Server Comm. System] DEBUG bftsmart.consensus.roles.Acceptor - WRITE received from:6, for consensus cId:0
        -> IN ORDER, delivering immediately
    [Reliability 3] deliverMessage() - deserializing payload
19:58:00.545 [Server Comm. System] DEBUG bftsmart.consensus.roles.Acceptor - I have 4, WRITE's for cId:0, Epoch timestamp:0,
[Acceptor 0] computeWrite: cId=0, writeAccepted=4, quorum=5
19:58:00.545 [Server Comm. System] INFO bftsmart.communication.ServerCommunicationSystem - === Message processed ===
        Deserialized: ConsensusMessage
        DEBUG: envelope.fromReplicaId=6, message.getSender()=6
=== [V2V Layer 3] DELIVER to BFT-SMaRt ===
    Message type: ConsensusMessage
    From replica: 6
    InQueue size before: 0
    InQueue size after: 1
=== [V2V Layer 3] DELIVER successful ===
19:58:00.545 [Server Comm. System] INFO bftsmart.communication.ServerCommunicationSystem - === ServerCommunicationSystem RECEIVED message ===
[V2VProxy 7] *** RECEIVED V2V message #11 from=6 to=-1 (broadcast=YES) at t=3.319265975336
V2VNativeBridge7: Received message from 6 with length 685
[V2V Layer 7] Received message from replica 6 via JNI
19:58:00.545 [Server Comm. System] INFO bftsmart.communication.ServerCommunicationSystem -     Message type: ConsensusMessage
19:58:00.545 [Server Comm. System] INFO bftsmart.communication.ServerCommunicationSystem -     From: 6
19:58:00.545 [Server Comm. System] INFO bftsmart.communication.ServerCommunicationSystem -     Message count: 3
19:58:00.545 [Server Comm. System] DEBUG bftsmart.communication.ServerCommunicationSystem - <-- receiving, msg:type=WRITE, number=0, epoch=0, from=6
19:58:00.545 [Server Comm. System] DEBUG bftsmart.tom.core.ExecutionManager - Received message  type=WRITE, number=0, epoch=0, from=6
19:58:00.545 [Server Comm. System] DEBUG bftsmart.tom.core.ExecutionManager - I'm at consensus 0 and my last consensus is -1
19:58:00.545 [Server Comm. System] DEBUG bftsmart.tom.core.ExecutionManager - Message for consensus 0 can be processed
19:58:00.545 [Server Comm. System] DEBUG bftsmart.consensus.roles.Acceptor - Processing paxos msg with id 0
19:58:00.545 [Server Comm. System] DEBUG bftsmart.consensus.roles.Acceptor - WRITE received from:6, for consensus cId:0
    [Reliability 7] handleIncomingMessage() called
        Type: DATA
        From: 6
19:58:00.545 [Server Comm. System] DEBUG bftsmart.consensus.roles.Acceptor - I have 4, WRITE's for cId:0, Epoch timestamp:0,
        SeqNum: 0
[Acceptor 3] computeWrite: cId=0, writeAccepted=4, quorum=5
19:58:00.545 [Server Comm. System] INFO bftsmart.communication.ServerCommunicationSystem - === Message processed ===
        Expected seq: 0
        -> IN ORDER, delivering immediately
    [Reliability 7] deliverMessage() - deserializing payload
        Deserialized: ConsensusMessage
        DEBUG: envelope.fromReplicaId=6, message.getSender()=6
=== [V2V Layer 7] DELIVER to BFT-SMaRt ===
    Message type: ConsensusMessage
    From replica: 6
    InQueue size before: 0
    InQueue size after: 1
=== [V2V Layer 7] DELIVER successful ===
19:58:00.545 [Server Comm. System] INFO bftsmart.communication.ServerCommunicationSystem - === ServerCommunicationSystem RECEIVED message ===
[V2VProxy 2] *** RECEIVED V2V message #12 from=6 to=-1 (broadcast=YES) at t=3.319265979812
V2VNativeBridge2: Received message from 6 with length 685
19:58:00.545 [Server Comm. System] INFO bftsmart.communication.ServerCommunicationSystem -     Message type: ConsensusMessage
[V2V Layer 2] Received message from replica 6 via JNI
19:58:00.545 [Server Comm. System] INFO bftsmart.communication.ServerCommunicationSystem -     From: 6
19:58:00.545 [Server Comm. System] INFO bftsmart.communication.ServerCommunicationSystem -     Message count: 4
19:58:00.545 [Server Comm. System] DEBUG bftsmart.communication.ServerCommunicationSystem - <-- receiving, msg:type=WRITE, number=0, epoch=0, from=6
19:58:00.545 [Server Comm. System] DEBUG bftsmart.tom.core.ExecutionManager - Received message  type=WRITE, number=0, epoch=0, from=6
19:58:00.545 [Server Comm. System] DEBUG bftsmart.tom.core.ExecutionManager - I'm at consensus 0 and my last consensus is -1
19:58:00.545 [Server Comm. System] DEBUG bftsmart.tom.core.ExecutionManager - Message for consensus 0 can be processed
19:58:00.545 [Server Comm. System] DEBUG bftsmart.consensus.roles.Acceptor - Processing paxos msg with id 0
19:58:00.545 [Server Comm. System] DEBUG bftsmart.consensus.roles.Acceptor - WRITE received from:6, for consensus cId:0
19:58:00.545 [Server Comm. System] DEBUG bftsmart.consensus.roles.Acceptor - I have 5, WRITE's for cId:0, Epoch timestamp:0,
[Acceptor 7] computeWrite: cId=0, writeAccepted=5, quorum=5
19:58:00.545 [Server Comm. System] INFO bftsmart.communication.ServerCommunicationSystem - === Message processed ===
    [Reliability 2] handleIncomingMessage() called
        Type: DATA
        From: 6
        SeqNum: 0
        Expected seq: 0
        -> IN ORDER, delivering immediately
    [Reliability 2] deliverMessage() - deserializing payload
        Deserialized: ConsensusMessage
        DEBUG: envelope.fromReplicaId=6, message.getSender()=6
=== [V2V Layer 2] DELIVER to BFT-SMaRt ===
    Message type: ConsensusMessage
    From replica: 6
    InQueue size before: 0
    InQueue size after: 1
=== [V2V Layer 2] DELIVER successful ===
[V2VProxy 1] *** RECEIVED V2V message #11 from=6 to=-1 (broadcast=YES) at t=3.319265989141
19:58:00.546 [Server Comm. System] INFO bftsmart.communication.ServerCommunicationSystem - === ServerCommunicationSystem RECEIVED message ===
V2VNativeBridge1: Received message from 6 with length 685
[V2V Layer 1] Received message from replica 6 via JNI
19:58:00.546 [Server Comm. System] INFO bftsmart.communication.ServerCommunicationSystem -     Message type: ConsensusMessage
19:58:00.546 [Server Comm. System] INFO bftsmart.communication.ServerCommunicationSystem -     From: 6
19:58:00.546 [Server Comm. System] INFO bftsmart.communication.ServerCommunicationSystem -     Message count: 4
19:58:00.546 [Server Comm. System] DEBUG bftsmart.communication.ServerCommunicationSystem - <-- receiving, msg:type=WRITE, number=0, epoch=0, from=6
19:58:00.546 [Server Comm. System] DEBUG bftsmart.tom.core.ExecutionManager - Received message  type=WRITE, number=0, epoch=0, from=6
19:58:00.546 [Server Comm. System] DEBUG bftsmart.tom.core.ExecutionManager - I'm at consensus 0 and my last consensus is -1
19:58:00.546 [Server Comm. System] DEBUG bftsmart.tom.core.ExecutionManager - Message for consensus 0 can be processed
19:58:00.546 [Server Comm. System] DEBUG bftsmart.consensus.roles.Acceptor - Processing paxos msg with id 0
19:58:00.546 [Server Comm. System] DEBUG bftsmart.consensus.roles.Acceptor - WRITE received from:6, for consensus cId:0
19:58:00.546 [Server Comm. System] DEBUG bftsmart.consensus.roles.Acceptor - I have 5, WRITE's for cId:0, Epoch timestamp:0,
[Acceptor 2] computeWrite: cId=0, writeAccepted=5, quorum=5
19:58:00.546 [Server Comm. System] INFO bftsmart.communication.ServerCommunicationSystem - === Message processed ===
    [Reliability 1] handleIncomingMessage() called
        Type: DATA
        From: 6
        SeqNum: 0
        Expected seq: 0
        -> IN ORDER, delivering immediately
    [Reliability 1] deliverMessage() - deserializing payload
        Deserialized: ConsensusMessage
        DEBUG: envelope.fromReplicaId=6, message.getSender()=6
=== [V2V Layer 1] DELIVER to BFT-SMaRt ===
    Message type: ConsensusMessage
    From replica: 6
    InQueue size before: 0
    InQueue size after: 1
=== [V2V Layer 1] DELIVER successful ===
19:58:00.546 [Server Comm. System] INFO bftsmart.communication.ServerCommunicationSystem - === ServerCommunicationSystem RECEIVED message ===
19:58:00.546 [Server Comm. System] INFO bftsmart.communication.ServerCommunicationSystem -     Message type: ConsensusMessage
19:58:00.546 [Server Comm. System] INFO bftsmart.communication.ServerCommunicationSystem -     From: 6
19:58:00.546 [Server Comm. System] INFO bftsmart.communication.ServerCommunicationSystem -     Message count: 4
19:58:00.546 [Server Comm. System] DEBUG bftsmart.communication.ServerCommunicationSystem - <-- receiving, msg:type=WRITE, number=0, epoch=0, from=6
19:58:00.546 [Server Comm. System] DEBUG bftsmart.tom.core.ExecutionManager - Received message  type=WRITE, number=0, epoch=0, from=6
19:58:00.546 [Server Comm. System] DEBUG bftsmart.tom.core.ExecutionManager - I'm at consensus 0 and my last consensus is -1
19:58:00.546 [Server Comm. System] DEBUG bftsmart.tom.core.ExecutionManager - Message for consensus 0 can be processed
19:58:00.546 [Server Comm. System] DEBUG bftsmart.consensus.roles.Acceptor - Processing paxos msg with id 0
19:58:00.546 [Server Comm. System] DEBUG bftsmart.consensus.roles.Acceptor - WRITE received from:6, for consensus cId:0
[V2VProxy 4] *** RECEIVED V2V message #11 from=6 to=-1 (broadcast=YES) at t=3.319265991152
V2VNativeBridge4: Received message from 6 with length 685
[V2V Layer 4] Received message from replica 6 via JNI
19:58:00.546 [Server Comm. System] DEBUG bftsmart.consensus.roles.Acceptor - I have 5, WRITE's for cId:0, Epoch timestamp:0,
[Acceptor 1] computeWrite: cId=0, writeAccepted=5, quorum=5
19:58:00.546 [Server Comm. System] INFO bftsmart.communication.ServerCommunicationSystem - === Message processed ===
    [Reliability 4] handleIncomingMessage() called
        Type: DATA
        From: 6
        SeqNum: 0
        Expected seq: 0
        -> IN ORDER, delivering immediately
    [Reliability 4] deliverMessage() - deserializing payload
        Deserialized: ConsensusMessage
        DEBUG: envelope.fromReplicaId=6, message.getSender()=6
=== [V2V Layer 4] DELIVER to BFT-SMaRt ===
    Message type: ConsensusMessage
    From replica: 6
    InQueue size before: 0
    InQueue size after: 1
=== [V2V Layer 4] DELIVER successful ===
19:58:00.546 [Server Comm. System] INFO bftsmart.communication.ServerCommunicationSystem - === ServerCommunicationSystem RECEIVED message ===
19:58:00.546 [Server Comm. System] INFO bftsmart.communication.ServerCommunicationSystem -     Message type: ConsensusMessage
19:58:00.546 [Server Comm. System] INFO bftsmart.communication.ServerCommunicationSystem -     From: 6
19:58:00.546 [Server Comm. System] INFO bftsmart.communication.ServerCommunicationSystem -     Message count: 4
19:58:00.546 [Server Comm. System] DEBUG bftsmart.communication.ServerCommunicationSystem - <-- receiving, msg:type=WRITE, number=0, epoch=0, from=6
[V2VProxy 5] *** RECEIVED V2V message #11 from=6 to=-1 (broadcast=YES) at t=3.319266022455
V2VNativeBridge5: Received message from 6 with length 685
[V2V Layer 5] Received message from replica 6 via JNI
19:58:00.547 [Server Comm. System] DEBUG bftsmart.tom.core.ExecutionManager - Received message  type=WRITE, number=0, epoch=0, from=6
19:58:00.547 [Server Comm. System] DEBUG bftsmart.tom.core.ExecutionManager - I'm at consensus 0 and my last consensus is -1
19:58:00.547 [Server Comm. System] DEBUG bftsmart.tom.core.ExecutionManager - Message for consensus 0 can be processed
19:58:00.547 [Server Comm. System] DEBUG bftsmart.consensus.roles.Acceptor - Processing paxos msg with id 0
19:58:00.547 [Server Comm. System] DEBUG bftsmart.consensus.roles.Acceptor - WRITE received from:6, for consensus cId:0
    [Reliability 5] handleIncomingMessage() called
        Type: DATA
        From: 6
19:58:00.547 [Server Comm. System] DEBUG bftsmart.consensus.roles.Acceptor - I have 5, WRITE's for cId:0, Epoch timestamp:0,
        SeqNum: 0
        Expected seq: 0
        -> IN ORDER, delivering immediately
    [Reliability 5] deliverMessage() - deserializing payload
[Acceptor 4] computeWrite: cId=0, writeAccepted=5, quorum=5
        Deserialized: ConsensusMessage
        DEBUG: envelope.fromReplicaId=6, message.getSender()=6
=== [V2V Layer 5] DELIVER to BFT-SMaRt ===
    Message type: ConsensusMessage
    From replica: 6
19:58:00.547 [Server Comm. System] INFO bftsmart.communication.ServerCommunicationSystem - === Message processed ===
    InQueue size before: 0
    InQueue size after: 1
=== [V2V Layer 5] DELIVER successful ===
19:58:00.547 [Server Comm. System] INFO bftsmart.communication.ServerCommunicationSystem - === ServerCommunicationSystem RECEIVED message ===
19:58:00.547 [Server Comm. System] INFO bftsmart.communication.ServerCommunicationSystem -     Message type: ConsensusMessage
19:58:00.547 [Server Comm. System] INFO bftsmart.communication.ServerCommunicationSystem -     From: 6
19:58:00.547 [Server Comm. System] INFO bftsmart.communication.ServerCommunicationSystem -     Message count: 4
19:58:00.547 [Server Comm. System] DEBUG bftsmart.communication.ServerCommunicationSystem - <-- receiving, msg:type=WRITE, number=0, epoch=0, from=6
19:58:00.547 [Server Comm. System] DEBUG bftsmart.tom.core.ExecutionManager - Received message  type=WRITE, number=0, epoch=0, from=6
19:58:00.547 [Server Comm. System] DEBUG bftsmart.tom.core.ExecutionManager - I'm at consensus 0 and my last consensus is -1
19:58:00.547 [Server Comm. System] DEBUG bftsmart.tom.core.ExecutionManager - Message for consensus 0 can be processed
19:58:00.547 [Server Comm. System] DEBUG bftsmart.consensus.roles.Acceptor - Processing paxos msg with id 0
19:58:00.547 [Server Comm. System] DEBUG bftsmart.consensus.roles.Acceptor - WRITE received from:6, for consensus cId:0
19:58:00.547 [Server Comm. System] DEBUG bftsmart.consensus.roles.Acceptor - I have 5, WRITE's for cId:0, Epoch timestamp:0,
[Acceptor 5] computeWrite: cId=0, writeAccepted=5, quorum=5
19:58:00.547 [Server Comm. System] INFO bftsmart.communication.ServerCommunicationSystem - === Message processed ===
[V2VProxy 2] *** RECEIVED V2V message #13 from=1 to=-1 (broadcast=YES) at t=3.323427184267
V2VNativeBridge2: Received message from 1 with length 685
[V2V Layer 2] Received message from replica 1 via JNI
    [Reliability 2] handleIncomingMessage() called
        Type: DATA
        From: 1
        SeqNum: 0
        Expected seq: 0
        -> IN ORDER, delivering immediately
    [Reliability 2] deliverMessage() - deserializing payload
        Deserialized: ConsensusMessage
        DEBUG: envelope.fromReplicaId=1, message.getSender()=1
=== [V2V Layer 2] DELIVER to BFT-SMaRt ===
    Message type: ConsensusMessage
    From replica: 1
    InQueue size before: 0
    InQueue size after: 1
=== [V2V Layer 2] DELIVER successful ===
19:58:00.609 [Server Comm. System] INFO bftsmart.communication.ServerCommunicationSystem - === ServerCommunicationSystem RECEIVED message ===
19:58:00.609 [Server Comm. System] INFO bftsmart.communication.ServerCommunicationSystem -     Message type: ConsensusMessage
19:58:00.609 [Server Comm. System] INFO bftsmart.communication.ServerCommunicationSystem -     From: 1
19:58:00.609 [Server Comm. System] INFO bftsmart.communication.ServerCommunicationSystem -     Message count: 5
19:58:00.609 [Server Comm. System] DEBUG bftsmart.communication.ServerCommunicationSystem - <-- receiving, msg:type=WRITE, number=0, epoch=0, from=1
19:58:00.609 [Server Comm. System] DEBUG bftsmart.tom.core.ExecutionManager - Received message  type=WRITE, number=0, epoch=0, from=1
19:58:00.609 [Server Comm. System] DEBUG bftsmart.tom.core.ExecutionManager - I'm at consensus 0 and my last consensus is -1
19:58:00.609 [Server Comm. System] DEBUG bftsmart.tom.core.ExecutionManager - Message for consensus 0 can be processed
19:58:00.609 [Server Comm. System] DEBUG bftsmart.consensus.roles.Acceptor - Processing paxos msg with id 0
19:58:00.609 [Server Comm. System] DEBUG bftsmart.consensus.roles.Acceptor - WRITE received from:1, for consensus cId:0
19:58:00.609 [Server Comm. System] DEBUG bftsmart.consensus.roles.Acceptor - I have 6, WRITE's for cId:0, Epoch timestamp:0,
[Acceptor 2] computeWrite: cId=0, writeAccepted=6, quorum=5
19:58:00.609 [Server Comm. System] DEBUG bftsmart.consensus.roles.Acceptor - Sending ACCEPT message, cId:0, I am:2
19:58:00.609 [Server Comm. System] DEBUG bftsmart.consensus.roles.Acceptor - Setting consensus 0 QuorumWrite tiemstamp to 0 and value [-45, 25, -116, -96, 91, -76, -17, -43, -112, 77, 15, 113, 110, -5, 113, -29, 95, 47, -94, -55, 84, -102, -108, 31, -59, 118, 4, -121, -103, -19, -114, -111]
19:58:00.609 [Server Comm. System] DEBUG bftsmart.consensus.roles.Acceptor - Speculative ACCEPT message for consensus 0 matches the written value, sending it to the other replicas
[Acceptor 2] ABOUT TO SEND speculative ACCEPT for cId=0 to targets=[0, 1, 2, 3, 4, 5, 6, 7]
=== [V2V Layer 2] SEND called ===
    Targets: [0, 1, 2, 3, 4, 5, 6, 7]
    Message type: ConsensusMessage
    Sender: 2
    -> Sending to replica 0 via V2V
    [Reliability 2] sendReliable() called
        Target: 0
        Message type: ConsensusMessage
        Sequence number: 1
        Payload size: 266 bytes
        [Reliability 2] Piggybacked 2 ACKs to replica 0
V2VNativeBridge2: Sending message to -1 with length 871
[JNI] nativeSendMessage: 2 -> -1
[JNI] Sending 871 bytes (2->-1)
[DEBUG V2VProxy 2] Queue has space - adding message
[JNI] Message queued successfully
        [Reliability 2] Sent seq=1 to replica 0
    -> Sending to replica 1 via V2V
    [Reliability 2] sendReliable() called
        Target: 1
        Message type: ConsensusMessage
        Sequence number: 1
        Payload size: 266 bytes
        [Reliability 2] Piggybacked 1 ACKs to replica 1
V2VNativeBridge2: Sending message to -1 with length 857
[JNI] nativeSendMessage: 2 -> -1
[JNI] Sending 857 bytes (2->-1)
[DEBUG V2VProxy 2] Queue has space - adding message
[JNI] Message queued successfully
        [Reliability 2] Sent seq=1 to replica 1
    -> Self-delivery to replica 2
=== [V2V Layer 2] DELIVER to BFT-SMaRt ===
    Message type: ConsensusMessage
    From replica: 2
    InQueue size before: 0
    InQueue size after: 1
=== [V2V Layer 2] DELIVER successful ===
    -> Sending to replica 3 via V2V
    [Reliability 2] sendReliable() called
        Target: 3
        Message type: ConsensusMessage
        Sequence number: 1
        Payload size: 266 bytes
        [Reliability 2] Piggybacked 1 ACKs to replica 3
V2VNativeBridge2: Sending message to -1 with length 857
[JNI] nativeSendMessage: 2 -> -1
[JNI] Sending 857 bytes (2->-1)
[DEBUG V2VProxy 2] Queue has space - adding message
[JNI] Message queued successfully
        [Reliability 2] Sent seq=1 to replica 3
    -> Sending to replica 4 via V2V
    [Reliability 2] sendReliable() called
        Target: 4
        Message type: ConsensusMessage
        Sequence number: 1
        Payload size: 266 bytes
        [Reliability 2] Piggybacked 1 ACKs to replica 4
V2VNativeBridge2: Sending message to -1 with length 857
[JNI] nativeSendMessage: 2 -> -1
[JNI] Sending 857 bytes (2->-1)
[DEBUG V2VProxy 2] Queue has space - adding message
[JNI] Message queued successfully
        [Reliability 2] Sent seq=1 to replica 4
    -> Sending to replica 5 via V2V
    [Reliability 2] sendReliable() called
        Target: 5
        Message type: ConsensusMessage
        Sequence number: 1
        Payload size: 266 bytes
V2VNativeBridge2: Sending message to -1 with length 779
[JNI] nativeSendMessage: 2 -> -1
[JNI] Sending 779 bytes (2->-1)
[DEBUG V2VProxy 2] Queue has space - adding message
[JNI] Message queued successfully
        [Reliability 2] Sent seq=1 to replica 5
    -> Sending to replica 6 via V2V
    [Reliability 2] sendReliable() called
        Target: 6
        Message type: ConsensusMessage
        Sequence number: 1
        Payload size: 266 bytes
        [Reliability 2] Piggybacked 1 ACKs to replica 6
V2VNativeBridge2: Sending message to -1 with length 857
[JNI] nativeSendMessage: 2 -> -1
[JNI] Sending 857 bytes (2->-1)
[DEBUG V2VProxy 2] Queue has space - adding message
[JNI] Message queued successfully
        [Reliability 2] Sent seq=1 to replica 6
    -> Sending to replica 7 via V2V
    [Reliability 2] sendReliable() called
        Target: 7
        Message type: ConsensusMessage
        Sequence number: 1
        Payload size: 266 bytes
V2VNativeBridge2: Sending message to -1 with length 779
[JNI] nativeSendMessage: 2 -> -1
[JNI] Sending 779 bytes (2->-1)
[DEBUG V2VProxy 2] Queue has space - adding message
[JNI] Message queued successfully
        [Reliability 2] Sent seq=1 to replica 7
=== [V2V Layer 2] SEND complete ===
[Acceptor 2] SENT speculative ACCEPT for cId=0
19:58:00.610 [Server Comm. System] INFO bftsmart.communication.ServerCommunicationSystem - === Message processed ===
19:58:00.610 [Server Comm. System] INFO bftsmart.communication.ServerCommunicationSystem - === ServerCommunicationSystem RECEIVED message ===
19:58:00.610 [Server Comm. System] INFO bftsmart.communication.ServerCommunicationSystem -     Message type: ConsensusMessage
19:58:00.610 [Server Comm. System] INFO bftsmart.communication.ServerCommunicationSystem -     From: 2
19:58:00.610 [Server Comm. System] INFO bftsmart.communication.ServerCommunicationSystem -     Message count: 6
19:58:00.610 [Server Comm. System] DEBUG bftsmart.communication.ServerCommunicationSystem - <-- receiving, msg:type=ACCEPT, number=0, epoch=0, from=2
19:58:00.610 [Server Comm. System] DEBUG bftsmart.tom.core.ExecutionManager - Received message  type=ACCEPT, number=0, epoch=0, from=2
19:58:00.610 [Server Comm. System] DEBUG bftsmart.tom.core.ExecutionManager - I'm at consensus 0 and my last consensus is -1
19:58:00.610 [Server Comm. System] DEBUG bftsmart.tom.core.ExecutionManager - Message for consensus 0 can be processed
19:58:00.610 [Server Comm. System] DEBUG bftsmart.consensus.roles.Acceptor - Processing paxos msg with id 0
19:58:00.610 [Server Comm. System] DEBUG bftsmart.consensus.roles.Acceptor - ACCEPT from 2 for consensus 0
19:58:00.610 [Server Comm. System] DEBUG bftsmart.consensus.roles.Acceptor - I have 1 ACCEPTs for cId:0, Timestamp:0 
19:58:00.610 [Server Comm. System] INFO bftsmart.communication.ServerCommunicationSystem - === Message processed ===
[V2VProxy 6] *** RECEIVED V2V message #11 from=0 to=-1 (broadcast=YES) at t=3.324766283464
V2VNativeBridge6: Received message from 0 with length 685
[V2V Layer 6] Received message from replica 0 via JNI
    [Reliability 6] handleIncomingMessage() called
        Type: DATA
        From: 0
        SeqNum: 1
        Expected seq: 2
        -> DUPLICATE (seq < expected), ignoring
[V2VProxy 3] *** RECEIVED V2V message #11 from=0 to=-1 (broadcast=YES) at t=3.324766291493
V2VNativeBridge3: Received message from 0 with length 685
[V2V Layer 3] Received message from replica 0 via JNI
    [Reliability 3] handleIncomingMessage() called
        Type: DATA
        From: 0
        SeqNum: 1
        Expected seq: 2
        -> DUPLICATE (seq < expected), ignoring
[V2VProxy 4] *** RECEIVED V2V message #12 from=2 to=-1 (broadcast=YES) at t=3.3262494072
V2VNativeBridge4: Received message from 2 with length 763
[V2V Layer 4] Received message from replica 2 via JNI
    [Reliability 4] handleIncomingMessage() called
        Type: DATA
        From: 2
        SeqNum: 0
        Expected seq: 1
        -> DUPLICATE (seq < expected), ignoring
[V2VProxy 4] *** RECEIVED V2V message #13 from=2 to=-1 (broadcast=YES) at t=3.328940585684
V2VNativeBridge4: Received message from 2 with length 685
[V2V Layer 4] Received message from replica 2 via JNI
    [Reliability 4] handleIncomingMessage() called
        Type: DATA
        From: 2
        SeqNum: 0
        Expected seq: 1
        -> DUPLICATE (seq < expected), ignoring
[V2VProxy 1] *** RECEIVED V2V message #12 from=2 to=-1 (broadcast=YES) at t=3.328940603916
V2VNativeBridge1: Received message from 2 with length 685
[V2V Layer 1] Received message from replica 2 via JNI
    [Reliability 1] handleIncomingMessage() called
        Type: DATA
        From: 2
        SeqNum: 0
        Expected seq: 0
        -> IN ORDER, delivering immediately
    [Reliability 1] deliverMessage() - deserializing payload
        Deserialized: ConsensusMessage
        DEBUG: envelope.fromReplicaId=2, message.getSender()=2
=== [V2V Layer 1] DELIVER to BFT-SMaRt ===
    Message type: ConsensusMessage
    From replica: 2
    InQueue size before: 0
    InQueue size after: 1
=== [V2V Layer 1] DELIVER successful ===
[V2VProxy 0] *** RECEIVED V2V message #4 from=2 to=-1 (broadcast=YES) at t=3.328940611262
V2VNativeBridge0: Received message from 2 with length 685
[V2V Layer 0] Received message from replica 2 via JNI
19:58:00.687 [Server Comm. System] INFO bftsmart.communication.ServerCommunicationSystem - === ServerCommunicationSystem RECEIVED message ===
    [Reliability 0] handleIncomingMessage() called
        Type: DATA
        From: 2
        SeqNum: 0
        Expected seq: 0
        -> IN ORDER, delivering immediately
    [Reliability 0] deliverMessage() - deserializing payload
19:58:00.688 [Server Comm. System] INFO bftsmart.communication.ServerCommunicationSystem -     Message type: ConsensusMessage
19:58:00.688 [Server Comm. System] INFO bftsmart.communication.ServerCommunicationSystem -     From: 2
        Deserialized: ConsensusMessage
        DEBUG: envelope.fromReplicaId=2, message.getSender()=2
=== [V2V Layer 0] DELIVER to BFT-SMaRt ===
19:58:00.688 [Server Comm. System] INFO bftsmart.communication.ServerCommunicationSystem -     Message count: 5
    Message type: ConsensusMessage
    From replica: 2
    InQueue size before: 0
19:58:00.688 [Server Comm. System] DEBUG bftsmart.communication.ServerCommunicationSystem - <-- receiving, msg:type=WRITE, number=0, epoch=0, from=2
19:58:00.688 [Server Comm. System] DEBUG bftsmart.tom.core.ExecutionManager - Received message  type=WRITE, number=0, epoch=0, from=2
19:58:00.688 [Server Comm. System] DEBUG bftsmart.tom.core.ExecutionManager - I'm at consensus 0 and my last consensus is -1
    InQueue size after: 1
=== [V2V Layer 0] DELIVER successful ===
19:58:00.688 [Server Comm. System] DEBUG bftsmart.tom.core.ExecutionManager - Message for consensus 0 can be processed
19:58:00.688 [Server Comm. System] DEBUG bftsmart.consensus.roles.Acceptor - Processing paxos msg with id 0
19:58:00.688 [Server Comm. System] DEBUG bftsmart.consensus.roles.Acceptor - WRITE received from:2, for consensus cId:0
19:58:00.688 [Server Comm. System] INFO bftsmart.communication.ServerCommunicationSystem - === ServerCommunicationSystem RECEIVED message ===
19:58:00.688 [Server Comm. System] INFO bftsmart.communication.ServerCommunicationSystem -     Message type: ConsensusMessage
19:58:00.688 [Server Comm. System] INFO bftsmart.communication.ServerCommunicationSystem -     From: 2
19:58:00.688 [Server Comm. System] INFO bftsmart.communication.ServerCommunicationSystem -     Message count: 4
19:58:00.688 [Server Comm. System] DEBUG bftsmart.communication.ServerCommunicationSystem - <-- receiving, msg:type=WRITE, number=0, epoch=0, from=2
19:58:00.688 [Server Comm. System] DEBUG bftsmart.consensus.roles.Acceptor - I have 6, WRITE's for cId:0, Epoch timestamp:0,
[V2VProxy 3] *** RECEIVED V2V message #12 from=2 to=-1 (broadcast=YES) at t=3.328940615034
[Acceptor 1] computeWrite: cId=0, writeAccepted=6, quorum=5
V2VNativeBridge3: Received message from 2 with length 685
19:58:00.688 [Server Comm. System] DEBUG bftsmart.consensus.roles.Acceptor - Sending ACCEPT message, cId:0, I am:1
[V2V Layer 3] Received message from replica 2 via JNI
19:58:00.688 [Server Comm. System] DEBUG bftsmart.tom.core.ExecutionManager - Received message  type=WRITE, number=0, epoch=0, from=2
19:58:00.688 [Server Comm. System] DEBUG bftsmart.tom.core.ExecutionManager - I'm at consensus 0 and my last consensus is -1
19:58:00.688 [Server Comm. System] DEBUG bftsmart.consensus.roles.Acceptor - Setting consensus 0 QuorumWrite tiemstamp to 0 and value [-45, 25, -116, -96, 91, -76, -17, -43, -112, 77, 15, 113, 110, -5, 113, -29, 95, 47, -94, -55, 84, -102, -108, 31, -59, 118, 4, -121, -103, -19, -114, -111]
19:58:00.688 [Server Comm. System] DEBUG bftsmart.tom.core.ExecutionManager - Message for consensus 0 can be processed
19:58:00.688 [Server Comm. System] DEBUG bftsmart.consensus.roles.Acceptor - Processing paxos msg with id 0
19:58:00.688 [Server Comm. System] DEBUG bftsmart.consensus.roles.Acceptor - Speculative ACCEPT message for consensus 0 matches the written value, sending it to the other replicas
[Acceptor 1] ABOUT TO SEND speculative ACCEPT for cId=0 to targets=[0, 1, 2, 3, 4, 5, 6, 7]
19:58:00.688 [Server Comm. System] DEBUG bftsmart.consensus.roles.Acceptor - WRITE received from:2, for consensus cId:0
=== [V2V Layer 1] SEND called ===
    Targets: [0, 1, 2, 3, 4, 5, 6, 7]
    Message type: ConsensusMessage
    Sender: 1
19:58:00.688 [Server Comm. System] DEBUG bftsmart.consensus.roles.Acceptor - I have 5, WRITE's for cId:0, Epoch timestamp:0,
    -> Sending to replica 0 via V2V
[Acceptor 0] computeWrite: cId=0, writeAccepted=5, quorum=5
    [Reliability 1] sendReliable() called
19:58:00.688 [Server Comm. System] INFO bftsmart.communication.ServerCommunicationSystem - === Message processed ===
        Target: 0
        Message type: ConsensusMessage
    [Reliability 3] handleIncomingMessage() called
        Type: DATA
        From: 2
        Sequence number: 1
        SeqNum: 0
        Expected seq: 0
        -> IN ORDER, delivering immediately
    [Reliability 3] deliverMessage() - deserializing payload
        Deserialized: ConsensusMessage
        DEBUG: envelope.fromReplicaId=2, message.getSender()=2
=== [V2V Layer 3] DELIVER to BFT-SMaRt ===
    Message type: ConsensusMessage
    From replica: 2
    InQueue size before: 0
    InQueue size after: 1
=== [V2V Layer 3] DELIVER successful ===
        Payload size: 265 bytes
19:58:00.688 [Server Comm. System] INFO bftsmart.communication.ServerCommunicationSystem - === ServerCommunicationSystem RECEIVED message ===
        [Reliability 1] Piggybacked 2 ACKs to replica 0
19:58:00.688 [Server Comm. System] INFO bftsmart.communication.ServerCommunicationSystem -     Message type: ConsensusMessage
19:58:00.688 [Server Comm. System] INFO bftsmart.communication.ServerCommunicationSystem -     From: 2
[V2VProxy 6] *** RECEIVED V2V message #12 from=2 to=-1 (broadcast=YES) at t=3.328940617499
V2VNativeBridge6: Received message from 2 with length 685
[V2V Layer 6] Received message from replica 2 via JNI
19:58:00.688 [Server Comm. System] INFO bftsmart.communication.ServerCommunicationSystem -     Message count: 4
V2VNativeBridge1: Sending message to -1 with length 870
19:58:00.688 [Server Comm. System] DEBUG bftsmart.communication.ServerCommunicationSystem - <-- receiving, msg:type=WRITE, number=0, epoch=0, from=2
19:58:00.688 [Server Comm. System] DEBUG bftsmart.tom.core.ExecutionManager - Received message  type=WRITE, number=0, epoch=0, from=2
19:58:00.688 [Server Comm. System] DEBUG bftsmart.tom.core.ExecutionManager - I'm at consensus 0 and my last consensus is -1
19:58:00.688 [Server Comm. System] DEBUG bftsmart.tom.core.ExecutionManager - Message for consensus 0 can be processed
19:58:00.688 [Server Comm. System] DEBUG bftsmart.consensus.roles.Acceptor - Processing paxos msg with id 0
[JNI] nativeSendMessage: 1 -> -1
[JNI] Sending 870 bytes (1->-1)
[DEBUG V2VProxy 1] Queue has space - adding message
[JNI] Message queued successfully
19:58:00.688 [Server Comm. System] DEBUG bftsmart.consensus.roles.Acceptor - WRITE received from:2, for consensus cId:0
        [Reliability 1] Sent seq=1 to replica 0
    -> Self-delivery to replica 1
=== [V2V Layer 1] DELIVER to BFT-SMaRt ===
    Message type: ConsensusMessage
    From replica: 1
    [Reliability 6] handleIncomingMessage() called
        Type: DATA
        From: 2
        SeqNum: 0
19:58:00.688 [Server Comm. System] DEBUG bftsmart.consensus.roles.Acceptor - I have 5, WRITE's for cId:0, Epoch timestamp:0,
[Acceptor 3] computeWrite: cId=0, writeAccepted=5, quorum=5
19:58:00.688 [Server Comm. System] INFO bftsmart.communication.ServerCommunicationSystem - === Message processed ===
    InQueue size before: 0
        Expected seq: 0
        -> IN ORDER, delivering immediately
    [Reliability 6] deliverMessage() - deserializing payload
    InQueue size after: 1
=== [V2V Layer 1] DELIVER successful ===
    -> Sending to replica 2 via V2V
    [Reliability 1] sendReliable() called
        Target: 2
        Message type: ConsensusMessage
        Deserialized: ConsensusMessage
        Sequence number: 1
        DEBUG: envelope.fromReplicaId=2, message.getSender()=2
=== [V2V Layer 6] DELIVER to BFT-SMaRt ===
    Message type: ConsensusMessage
    From replica: 2
    InQueue size before: 0
    InQueue size after: 1
=== [V2V Layer 6] DELIVER successful ===
        Payload size: 265 bytes
19:58:00.689 [Server Comm. System] INFO bftsmart.communication.ServerCommunicationSystem - === ServerCommunicationSystem RECEIVED message ===
19:58:00.689 [Server Comm. System] INFO bftsmart.communication.ServerCommunicationSystem -     Message type: ConsensusMessage
[V2VProxy 5] *** RECEIVED V2V message #12 from=2 to=-1 (broadcast=YES) at t=3.328940617947
19:58:00.689 [Server Comm. System] INFO bftsmart.communication.ServerCommunicationSystem -     From: 2
V2VNativeBridge5: Received message from 2 with length 685
[V2V Layer 5] Received message from replica 2 via JNI
19:58:00.689 [Server Comm. System] INFO bftsmart.communication.ServerCommunicationSystem -     Message count: 4
19:58:00.689 [Server Comm. System] DEBUG bftsmart.communication.ServerCommunicationSystem - <-- receiving, msg:type=WRITE, number=0, epoch=0, from=2
19:58:00.689 [Server Comm. System] DEBUG bftsmart.tom.core.ExecutionManager - Received message  type=WRITE, number=0, epoch=0, from=2
19:58:00.689 [Server Comm. System] DEBUG bftsmart.tom.core.ExecutionManager - I'm at consensus 0 and my last consensus is -1
        [Reliability 1] Piggybacked 1 ACKs to replica 2
    [Reliability 5] handleIncomingMessage() called
        Type: DATA
        From: 2
19:58:00.689 [Server Comm. System] DEBUG bftsmart.tom.core.ExecutionManager - Message for consensus 0 can be processed
19:58:00.689 [Server Comm. System] DEBUG bftsmart.consensus.roles.Acceptor - Processing paxos msg with id 0
        SeqNum: 0
        Expected seq: 0
19:58:00.689 [Server Comm. System] DEBUG bftsmart.consensus.roles.Acceptor - WRITE received from:2, for consensus cId:0
        -> IN ORDER, delivering immediately
    [Reliability 5] deliverMessage() - deserializing payload
19:58:00.689 [Server Comm. System] DEBUG bftsmart.consensus.roles.Acceptor - I have 5, WRITE's for cId:0, Epoch timestamp:0,
[Acceptor 6] computeWrite: cId=0, writeAccepted=5, quorum=5
19:58:00.689 [Server Comm. System] INFO bftsmart.communication.ServerCommunicationSystem - === Message processed ===
        Deserialized: ConsensusMessage
        DEBUG: envelope.fromReplicaId=2, message.getSender()=2
V2VNativeBridge1: Sending message to -1 with length 856
[JNI] nativeSendMessage: 1 -> -1
[JNI] Sending 856 bytes (1->-1)
[DEBUG V2VProxy 1] Queue has space - adding message
[JNI] Message queued successfully
        [Reliability 1] Sent seq=1 to replica 2
    -> Sending to replica 3 via V2V
    [Reliability 1] sendReliable() called
        Target: 3
        Message type: ConsensusMessage
=== [V2V Layer 5] DELIVER to BFT-SMaRt ===
    Message type: ConsensusMessage
        Sequence number: 1
    From replica: 2
    InQueue size before: 0
    InQueue size after: 1
        Payload size: 265 bytes
=== [V2V Layer 5] DELIVER successful ===
        [Reliability 1] Piggybacked 1 ACKs to replica 3
19:58:00.689 [Server Comm. System] INFO bftsmart.communication.ServerCommunicationSystem - === ServerCommunicationSystem RECEIVED message ===
19:58:00.689 [Server Comm. System] INFO bftsmart.communication.ServerCommunicationSystem -     Message type: ConsensusMessage
19:58:00.689 [Server Comm. System] INFO bftsmart.communication.ServerCommunicationSystem -     From: 2
19:58:00.689 [Server Comm. System] INFO bftsmart.communication.ServerCommunicationSystem -     Message count: 5
V2VNativeBridge1: Sending message to -1 with length 856
19:58:00.689 [Server Comm. System] DEBUG bftsmart.communication.ServerCommunicationSystem - <-- receiving, msg:type=WRITE, number=0, epoch=0, from=2
[JNI] nativeSendMessage: 1 -> -1
[JNI] Sending 856 bytes (1->-1)
[DEBUG V2VProxy 1] Queue has space - adding message
[JNI] Message queued successfully
19:58:00.689 [Server Comm. System] DEBUG bftsmart.tom.core.ExecutionManager - Received message  type=WRITE, number=0, epoch=0, from=2
        [Reliability 1] Sent seq=1 to replica 3
19:58:00.689 [Server Comm. System] DEBUG bftsmart.tom.core.ExecutionManager - I'm at consensus 0 and my last consensus is -1
    -> Sending to replica 4 via V2V
    [Reliability 1] sendReliable() called
        Target: 4
        Message type: ConsensusMessage
        Sequence number: 1
19:58:00.689 [Server Comm. System] DEBUG bftsmart.tom.core.ExecutionManager - Message for consensus 0 can be processed
19:58:00.689 [Server Comm. System] DEBUG bftsmart.consensus.roles.Acceptor - Processing paxos msg with id 0
        Payload size: 265 bytes
        [Reliability 1] Piggybacked 1 ACKs to replica 4
19:58:00.689 [Server Comm. System] DEBUG bftsmart.consensus.roles.Acceptor - WRITE received from:2, for consensus cId:0
[V2VProxy 7] *** RECEIVED V2V message #12 from=2 to=-1 (broadcast=YES) at t=3.32894065752
V2VNativeBridge7: Received message from 2 with length 685
[V2V Layer 7] Received message from replica 2 via JNI
V2VNativeBridge1: Sending message to -1 with length 856
[JNI] nativeSendMessage: 1 -> -1
[JNI] Sending 856 bytes (1->-1)
[DEBUG V2VProxy 1] Queue has space - adding message
[JNI] Message queued successfully
        [Reliability 1] Sent seq=1 to replica 4
    -> Sending to replica 5 via V2V
    [Reliability 1] sendReliable() called
        Target: 5
        Message type: ConsensusMessage
        Sequence number: 1
19:58:00.690 [Server Comm. System] DEBUG bftsmart.consensus.roles.Acceptor - I have 6, WRITE's for cId:0, Epoch timestamp:0,
[Acceptor 5] computeWrite: cId=0, writeAccepted=6, quorum=5
19:58:00.690 [Server Comm. System] DEBUG bftsmart.consensus.roles.Acceptor - Sending ACCEPT message, cId:0, I am:5
19:58:00.690 [Server Comm. System] DEBUG bftsmart.consensus.roles.Acceptor - Setting consensus 0 QuorumWrite tiemstamp to 0 and value [-45, 25, -116, -96, 91, -76, -17, -43, -112, 77, 15, 113, 110, -5, 113, -29, 95, 47, -94, -55, 84, -102, -108, 31, -59, 118, 4, -121, -103, -19, -114, -111]
19:58:00.690 [Server Comm. System] DEBUG bftsmart.consensus.roles.Acceptor - Speculative ACCEPT message for consensus 0 matches the written value, sending it to the other replicas
[Acceptor 5] ABOUT TO SEND speculative ACCEPT for cId=0 to targets=[0, 1, 2, 3, 4, 5, 6, 7]
=== [V2V Layer 5] SEND called ===
    Targets: [0, 1, 2, 3, 4, 5, 6, 7]
    Message type: ConsensusMessage
    Sender: 5
    -> Sending to replica 0 via V2V
    [Reliability 5] sendReliable() called
        Target: 0
        Message type: ConsensusMessage
        Sequence number: 1
    [Reliability 7] handleIncomingMessage() called
        Type: DATA
        From: 2
        SeqNum: 0
        Expected seq: 0
        -> IN ORDER, delivering immediately
    [Reliability 7] deliverMessage() - deserializing payload
        Payload size: 265 bytes
        [Reliability 5] Piggybacked 2 ACKs to replica 0
        Deserialized: ConsensusMessage
        DEBUG: envelope.fromReplicaId=2, message.getSender()=2
=== [V2V Layer 7] DELIVER to BFT-SMaRt ===
    Message type: ConsensusMessage
    From replica: 2
    InQueue size before: 0
    InQueue size after: 1
=== [V2V Layer 7] DELIVER successful ===
19:58:00.690 [Server Comm. System] INFO bftsmart.communication.ServerCommunicationSystem - === ServerCommunicationSystem RECEIVED message ===
19:58:00.690 [Server Comm. System] INFO bftsmart.communication.ServerCommunicationSystem -     Message type: ConsensusMessage
19:58:00.690 [Server Comm. System] INFO bftsmart.communication.ServerCommunicationSystem -     From: 2
19:58:00.690 [Server Comm. System] INFO bftsmart.communication.ServerCommunicationSystem -     Message count: 5
19:58:00.690 [Server Comm. System] DEBUG bftsmart.communication.ServerCommunicationSystem - <-- receiving, msg:type=WRITE, number=0, epoch=0, from=2
19:58:00.690 [Server Comm. System] DEBUG bftsmart.tom.core.ExecutionManager - Received message  type=WRITE, number=0, epoch=0, from=2
19:58:00.690 [Server Comm. System] DEBUG bftsmart.tom.core.ExecutionManager - I'm at consensus 0 and my last consensus is -1
19:58:00.690 [Server Comm. System] DEBUG bftsmart.tom.core.ExecutionManager - Message for consensus 0 can be processed
19:58:00.690 [Server Comm. System] DEBUG bftsmart.consensus.roles.Acceptor - Processing paxos msg with id 0
19:58:00.690 [Server Comm. System] DEBUG bftsmart.consensus.roles.Acceptor - WRITE received from:2, for consensus cId:0
19:58:00.690 [Server Comm. System] DEBUG bftsmart.consensus.roles.Acceptor - I have 6, WRITE's for cId:0, Epoch timestamp:0,
[Acceptor 7] computeWrite: cId=0, writeAccepted=6, quorum=5
        Payload size: 265 bytes
19:58:00.690 [Server Comm. System] DEBUG bftsmart.consensus.roles.Acceptor - Sending ACCEPT message, cId:0, I am:7
19:58:00.690 [Server Comm. System] DEBUG bftsmart.consensus.roles.Acceptor - Setting consensus 0 QuorumWrite tiemstamp to 0 and value [-45, 25, -116, -96, 91, -76, -17, -43, -112, 77, 15, 113, 110, -5, 113, -29, 95, 47, -94, -55, 84, -102, -108, 31, -59, 118, 4, -121, -103, -19, -114, -111]
19:58:00.690 [Server Comm. System] DEBUG bftsmart.consensus.roles.Acceptor - Speculative ACCEPT message for consensus 0 matches the written value, sending it to the other replicas
[Acceptor 7] ABOUT TO SEND speculative ACCEPT for cId=0 to targets=[0, 1, 2, 3, 4, 5, 6, 7]
=== [V2V Layer 7] SEND called ===
V2VNativeBridge1: Sending message to -1 with length 778
[JNI] nativeSendMessage: 1 -> -1
[JNI] Sending 778 bytes (1->-1)
[DEBUG V2VProxy 1] Queue has space - adding message
[JNI] Message queued successfully
    Targets: [0, 1, 2, 3, 4, 5, 6, 7]
        [Reliability 1] Sent seq=1 to replica 5
    -> Sending to replica 6 via V2V
    Message type: ConsensusMessage
    Sender: 7
    -> Sending to replica 0 via V2V
    [Reliability 7] sendReliable() called
        Target: 0
        Message type: ConsensusMessage
    [Reliability 1] sendReliable() called
        Target: 6
        Message type: ConsensusMessage
        Sequence number: 1
        Sequence number: 1
        Payload size: 267 bytes
V2VNativeBridge5: Sending message to -1 with length 870
        [Reliability 7] Piggybacked 2 ACKs to replica 0
[JNI] nativeSendMessage: 5 -> -1
[JNI] Sending 870 bytes (5->-1)
[DEBUG V2VProxy 5] Queue has space - adding message
[JNI] Message queued successfully
        Payload size: 265 bytes
        [Reliability 5] Sent seq=1 to replica 0
    -> Sending to replica 1 via V2V
        [Reliability 1] Piggybacked 1 ACKs to replica 6
    [Reliability 5] sendReliable() called
        Target: 1
        Message type: ConsensusMessage
        Sequence number: 1
V2VNativeBridge7: Sending message to -1 with length 872
[JNI] nativeSendMessage: 7 -> -1
[JNI] Sending 872 bytes (7->-1)
[DEBUG V2VProxy 7] Queue has space - adding message
[JNI] Message queued successfully
        Payload size: 265 bytes
        [Reliability 7] Sent seq=1 to replica 0
    -> Sending to replica 1 via V2V
    [Reliability 7] sendReliable() called
        Target: 1
        Message type: ConsensusMessage
        Sequence number: 1
V2VNativeBridge5: Sending message to -1 with length 778
[JNI] nativeSendMessage: 5 -> -1
[JNI] Sending 778 bytes (5->-1)
[DEBUG V2VProxy 5] Queue has space - adding message
[JNI] Message queued successfully
        Payload size: 267 bytes
V2VNativeBridge7: Sending message to -1 with length 780
[JNI] nativeSendMessage: 7 -> -1
[JNI] Sending 780 bytes (7->-1)
[DEBUG V2VProxy 7] Queue has space - adding message
[JNI] Message queued successfully
        [Reliability 7] Sent seq=1 to replica 1
    -> Sending to replica 2 via V2V
    [Reliability 7] sendReliable() called
        Target: 2
        Message type: ConsensusMessage
        Sequence number: 1
V2VNativeBridge1: Sending message to -1 with length 856
        Payload size: 267 bytes
[JNI] nativeSendMessage: 1 -> -1
[JNI] Sending 856 bytes (1->-1)
[DEBUG V2VProxy 1] Queue has space - adding message
[JNI] Message queued successfully
        [Reliability 1] Sent seq=1 to replica 6
    -> Sending to replica 7 via V2V
    [Reliability 1] sendReliable() called
        Target: 7
        Message type: ConsensusMessage
        Sequence number: 1
        [Reliability 5] Sent seq=1 to replica 1
        Payload size: 265 bytes
    -> Sending to replica 2 via V2V
    [Reliability 5] sendReliable() called
        [Reliability 7] Piggybacked 1 ACKs to replica 2
V2VNativeBridge7: Sending message to -1 with length 858
[JNI] nativeSendMessage: 7 -> -1
[JNI] Sending 858 bytes (7->-1)
[DEBUG V2VProxy 7] Queue has space - adding message
[JNI] Message queued successfully
        [Reliability 7] Sent seq=1 to replica 2
    -> Sending to replica 3 via V2V
    [Reliability 7] sendReliable() called
        Target: 3
        Message type: ConsensusMessage
        Sequence number: 1
V2VNativeBridge1: Sending message to -1 with length 778
        Payload size: 267 bytes
[JNI] nativeSendMessage: 1 -> -1
        [Reliability 7] Piggybacked 1 ACKs to replica 3
[JNI] Sending 778 bytes (1->-1)
[DEBUG V2VProxy 1] Queue has space - adding message
[JNI] Message queued successfully
        Target: 2
        Message type: ConsensusMessage
        [Reliability 1] Sent seq=1 to replica 7
V2VNativeBridge7: Sending message to -1 with length 858
=== [V2V Layer 1] SEND complete ===[JNI] nativeSendMessage: 7 -> -1

[JNI] Sending 858 bytes (7->-1)
[DEBUG V2VProxy 7] Queue has space - adding message
[Acceptor 1] SENT speculative ACCEPT for cId=0[JNI] Message queued successfully

        [Reliability 7] Sent seq=1 to replica 3
    -> Sending to replica 4 via V2V
    [Reliability 7] sendReliable() called
        Target: 4
        Message type: ConsensusMessage
        Sequence number: 1
        Payload size: 267 bytes
        Sequence number: 1
        [Reliability 7] Piggybacked 1 ACKs to replica 4
        Payload size: 265 bytes
        [Reliability 5] Piggybacked 1 ACKs to replica 2
V2VNativeBridge5: Sending message to -1 with length 856
[JNI] nativeSendMessage: 5 -> -1
V2VNativeBridge7: Sending message to -1 with length 858[JNI] Sending 856 bytes (5->-1)

[DEBUG V2VProxy 5] Queue has space - adding message
[JNI] Message queued successfully
        [Reliability 5] Sent seq=1 to replica 2
    -> Sending to replica 3 via V2V
    [Reliability 5] sendReliable() called
        Target: 3
        Message type: ConsensusMessage
[JNI] nativeSendMessage: 7 -> -1
        Sequence number: 1[JNI] Sending 858 bytes (7->-1)

[DEBUG V2VProxy 7] Queue has space - adding message
[JNI] Message queued successfully
        [Reliability 7] Sent seq=1 to replica 4
    -> Sending to replica 5 via V2V
    [Reliability 7] sendReliable() called
        Target: 5
        Payload size: 265 bytes
        [Reliability 5] Piggybacked 1 ACKs to replica 3
V2VNativeBridge5: Sending message to -1 with length 856
[JNI] nativeSendMessage: 5 -> -1
[JNI] Sending 856 bytes (5->-1)
[DEBUG V2VProxy 5] Queue has space - adding message
[JNI] Message queued successfully
19:58:00.691 [Server Comm. System] INFO bftsmart.communication.ServerCommunicationSystem - === Message processed ===
        [Reliability 5] Sent seq=1 to replica 3
    -> Sending to replica 4 via V2V
    [Reliability 5] sendReliable() called
        Target: 4
        Message type: ConsensusMessage
        Sequence number: 1
        Payload size: 265 bytes
        [Reliability 5] Piggybacked 1 ACKs to replica 4
        Message type: ConsensusMessage
        Sequence number: 1
V2VNativeBridge5: Sending message to -1 with length 856
[JNI] nativeSendMessage: 5 -> -1
[JNI] Sending 856 bytes (5->-1)
[DEBUG V2VProxy 5] Queue has space - adding message
[JNI] Message queued successfully
        [Reliability 5] Sent seq=1 to replica 4
    -> Self-delivery to replica 5
        Payload size: 267 bytes
=== [V2V Layer 5] DELIVER to BFT-SMaRt ===
    Message type: ConsensusMessage
    From replica: 5
    InQueue size before: 0
    InQueue size after: 1
=== [V2V Layer 5] DELIVER successful ===
    -> Sending to replica 6 via V2V
V2VNativeBridge7: Sending message to -1 with length 780
[JNI] nativeSendMessage: 7 -> -1
[JNI] Sending 780 bytes (7->-1)
[DEBUG V2VProxy 7] Queue has space - adding message
    [Reliability 5] sendReliable() called[JNI] Message queued successfully

        Target: 6
        [Reliability 7] Sent seq=1 to replica 5
19:58:00.692 [Server Comm. System] INFO bftsmart.communication.ServerCommunicationSystem - === ServerCommunicationSystem RECEIVED message ===
    -> Sending to replica 6 via V2V
    [Reliability 7] sendReliable() called
        Target: 6
        Message type: ConsensusMessage
        Sequence number: 1
        Message type: ConsensusMessage
        Sequence number: 1
        Payload size: 267 bytes
        Payload size: 265 bytes
        [Reliability 5] Piggybacked 1 ACKs to replica 6
        [Reliability 7] Piggybacked 1 ACKs to replica 6
19:58:00.692 [Server Comm. System] INFO bftsmart.communication.ServerCommunicationSystem -     Message type: ConsensusMessage
19:58:00.692 [Server Comm. System] INFO bftsmart.communication.ServerCommunicationSystem -     From: 1
19:58:00.692 [Server Comm. System] INFO bftsmart.communication.ServerCommunicationSystem -     Message count: 6
V2VNativeBridge5: Sending message to -1 with length 856
19:58:00.692 [Server Comm. System] DEBUG bftsmart.communication.ServerCommunicationSystem - <-- receiving, msg:type=ACCEPT, number=0, epoch=0, from=1
[JNI] nativeSendMessage: 5 -> -1
[JNI] Sending 856 bytes (5->-1)
[DEBUG V2VProxy 5] Queue has space - adding message
[JNI] Message queued successfully
V2VNativeBridge7: Sending message to -1 with length 858
[JNI] nativeSendMessage: 7 -> -1
[JNI] Sending 858 bytes (7->-1)
[DEBUG V2VProxy 7] Queue has space - adding message
[JNI] Message queued successfully
        [Reliability 7] Sent seq=1 to replica 6
    -> Self-delivery to replica 7
=== [V2V Layer 7] DELIVER to BFT-SMaRt ===
    Message type: ConsensusMessage
    From replica: 7
    InQueue size before: 0
        [Reliability 5] Sent seq=1 to replica 6
    -> Sending to replica 7 via V2V
    [Reliability 5] sendReliable() called
        Target: 7
19:58:00.692 [Server Comm. System] DEBUG bftsmart.tom.core.ExecutionManager - Received message  type=ACCEPT, number=0, epoch=0, from=1
        Message type: ConsensusMessage
19:58:00.692 [Server Comm. System] DEBUG bftsmart.tom.core.ExecutionManager - I'm at consensus 0 and my last consensus is -1
19:58:00.692 [Server Comm. System] DEBUG bftsmart.tom.core.ExecutionManager - Message for consensus 0 can be processed
19:58:00.692 [Server Comm. System] DEBUG bftsmart.consensus.roles.Acceptor - Processing paxos msg with id 0
        Sequence number: 1
    InQueue size after: 1
        Payload size: 265 bytes
=== [V2V Layer 7] DELIVER successful ===
=== [V2V Layer 7] SEND complete ===
[Acceptor 7] SENT speculative ACCEPT for cId=0
19:58:00.692 [Server Comm. System] DEBUG bftsmart.consensus.roles.Acceptor - ACCEPT from 1 for consensus 0
19:58:00.692 [Server Comm. System] INFO bftsmart.communication.ServerCommunicationSystem - === Message processed ===
19:58:00.692 [Server Comm. System] INFO bftsmart.communication.ServerCommunicationSystem - === ServerCommunicationSystem RECEIVED message ===
19:58:00.692 [Server Comm. System] DEBUG bftsmart.consensus.roles.Acceptor - I have 1 ACCEPTs for cId:0, Timestamp:0 
19:58:00.692 [Server Comm. System] INFO bftsmart.communication.ServerCommunicationSystem -     Message type: ConsensusMessage
19:58:00.692 [Server Comm. System] INFO bftsmart.communication.ServerCommunicationSystem - === Message processed ===
19:58:00.692 [Server Comm. System] INFO bftsmart.communication.ServerCommunicationSystem -     From: 7
19:58:00.692 [Server Comm. System] INFO bftsmart.communication.ServerCommunicationSystem -     Message count: 6
19:58:00.692 [Server Comm. System] DEBUG bftsmart.communication.ServerCommunicationSystem - <-- receiving, msg:type=ACCEPT, number=0, epoch=0, from=7
19:58:00.692 [Server Comm. System] DEBUG bftsmart.tom.core.ExecutionManager - Received message  type=ACCEPT, number=0, epoch=0, from=7
19:58:00.692 [Server Comm. System] DEBUG bftsmart.tom.core.ExecutionManager - I'm at consensus 0 and my last consensus is -1
V2VNativeBridge5: Sending message to -1 with length 778
19:58:00.692 [Server Comm. System] DEBUG bftsmart.tom.core.ExecutionManager - Message for consensus 0 can be processed
19:58:00.692 [Server Comm. System] DEBUG bftsmart.consensus.roles.Acceptor - Processing paxos msg with id 0
[JNI] nativeSendMessage: 5 -> -1
[JNI] Sending 778 bytes (5->-1)
[DEBUG V2VProxy 5] Queue has space - adding message
19:58:00.692 [Server Comm. System] DEBUG bftsmart.consensus.roles.Acceptor - ACCEPT from 7 for consensus 0
[JNI] Message queued successfully
        [Reliability 5] Sent seq=1 to replica 7
=== [V2V Layer 5] SEND complete ===
[Acceptor 5] SENT speculative ACCEPT for cId=0
19:58:00.692 [Server Comm. System] DEBUG bftsmart.consensus.roles.Acceptor - I have 1 ACCEPTs for cId:0, Timestamp:0 
19:58:00.692 [Server Comm. System] INFO bftsmart.communication.ServerCommunicationSystem - === Message processed ===
19:58:00.692 [Server Comm. System] INFO bftsmart.communication.ServerCommunicationSystem - === Message processed ===
19:58:00.692 [Server Comm. System] INFO bftsmart.communication.ServerCommunicationSystem - === ServerCommunicationSystem RECEIVED message ===
19:58:00.692 [Server Comm. System] INFO bftsmart.communication.ServerCommunicationSystem -     Message type: ConsensusMessage
19:58:00.692 [Server Comm. System] INFO bftsmart.communication.ServerCommunicationSystem -     From: 5
19:58:00.692 [Server Comm. System] INFO bftsmart.communication.ServerCommunicationSystem -     Message count: 6
19:58:00.692 [Server Comm. System] DEBUG bftsmart.communication.ServerCommunicationSystem - <-- receiving, msg:type=ACCEPT, number=0, epoch=0, from=5
19:58:00.692 [Server Comm. System] DEBUG bftsmart.tom.core.ExecutionManager - Received message  type=ACCEPT, number=0, epoch=0, from=5
19:58:00.692 [Server Comm. System] DEBUG bftsmart.tom.core.ExecutionManager - I'm at consensus 0 and my last consensus is -1
19:58:00.692 [Server Comm. System] DEBUG bftsmart.tom.core.ExecutionManager - Message for consensus 0 can be processed
19:58:00.692 [Server Comm. System] DEBUG bftsmart.consensus.roles.Acceptor - Processing paxos msg with id 0
19:58:00.692 [Server Comm. System] DEBUG bftsmart.consensus.roles.Acceptor - ACCEPT from 5 for consensus 0
19:58:00.692 [Server Comm. System] DEBUG bftsmart.consensus.roles.Acceptor - I have 1 ACCEPTs for cId:0, Timestamp:0 
19:58:00.692 [Server Comm. System] INFO bftsmart.communication.ServerCommunicationSystem - === Message processed ===
[V2VProxy 0] *** RECEIVED V2V message #5 from=3 to=-1 (broadcast=YES) at t=3.330279640665
V2VNativeBridge0: Received message from 3 with length 685
[V2V Layer 0] Received message from replica 3 via JNI
    [Reliability 0] handleIncomingMessage() called
        Type: DATA
        From: 3
        SeqNum: 0
        Expected seq: 1
        -> DUPLICATE (seq < expected), ignoring
[V2VProxy 6] *** RECEIVED V2V message #13 from=3 to=-1 (broadcast=YES) at t=3.330279658263
V2VNativeBridge6: Received message from 3 with length 685
[V2V Layer 6] Received message from replica 3 via JNI
    [Reliability 6] handleIncomingMessage() called
        Type: DATA
        From: 3
        SeqNum: 0
        Expected seq: 1
        -> DUPLICATE (seq < expected), ignoring
[V2VProxy 4] *** RECEIVED V2V message #14 from=3 to=-1 (broadcast=YES) at t=3.330279658958
V2VNativeBridge4: Received message from 3 with length 685
[V2V Layer 4] Received message from replica 3 via JNI
    [Reliability 4] handleIncomingMessage() called
        Type: DATA
        From: 3
        SeqNum: 0
        Expected seq: 1
        -> DUPLICATE (seq < expected), ignoring
[V2VProxy 2] *** RECEIVED V2V message #14 from=3 to=-1 (broadcast=YES) at t=3.33027966179
V2VNativeBridge2: Received message from 3 with length 685
[V2V Layer 2] Received message from replica 3 via JNI
    [Reliability 2] handleIncomingMessage() called
        Type: DATA
        From: 3
        SeqNum: 0
        Expected seq: 1
        -> DUPLICATE (seq < expected), ignoring
[V2VProxy 5] *** RECEIVED V2V message #13 from=3 to=-1 (broadcast=YES) at t=3.330279679013
V2VNativeBridge5: Received message from 3 with length 685
[V2V Layer 5] Received message from replica 3 via JNI
    [Reliability 5] handleIncomingMessage() called
        Type: DATA
        From: 3
        SeqNum: 0
        Expected seq: 1
        -> DUPLICATE (seq < expected), ignoring
[V2VProxy 1] *** RECEIVED V2V message #13 from=3 to=-1 (broadcast=YES) at t=3.330279692342
V2VNativeBridge1: Received message from 3 with length 685
[V2V Layer 1] Received message from replica 3 via JNI
    [Reliability 1] handleIncomingMessage() called
        Type: DATA
        From: 3
        SeqNum: 0
        Expected seq: 1
        -> DUPLICATE (seq < expected), ignoring
[V2VProxy 7] *** RECEIVED V2V message #13 from=3 to=-1 (broadcast=YES) at t=3.330279701116
V2VNativeBridge7: Received message from 3 with length 685
[V2V Layer 7] Received message from replica 3 via JNI
    [Reliability 7] handleIncomingMessage() called
        Type: DATA
        From: 3
        SeqNum: 0
        Expected seq: 1
        -> DUPLICATE (seq < expected), ignoring
[V2VProxy 4] *** RECEIVED V2V message #15 from=2 to=-1 (broadcast=YES) at t=3.331618679196
V2VNativeBridge4: Received message from 2 with length 685
[V2V Layer 4] Received message from replica 2 via JNI
    [Reliability 4] handleIncomingMessage() called
        Type: DATA
        From: 2
        SeqNum: 0
        Expected seq: 1
        -> DUPLICATE (seq < expected), ignoring
[V2VProxy 1] *** SENDING V2V message #8 from=1 to=-1 size=870 bytes at t=3.35
[V2VProxy 1] *** SENDING V2V message #9 from=1 to=-1 size=856 bytes at t=3.35
[V2VProxy 1] *** SENDING V2V message #10 from=1 to=-1 size=856 bytes at t=3.35
[V2VProxy 1] *** SENDING V2V message #11 from=1 to=-1 size=856 bytes at t=3.35
[V2VProxy 1] *** SENDING V2V message #12 from=1 to=-1 size=778 bytes at t=3.35
[V2VProxy 1] *** SENDING V2V message #13 from=1 to=-1 size=856 bytes at t=3.35
[V2VProxy 1] *** SENDING V2V message #14 from=1 to=-1 size=778 bytes at t=3.35
[V2VProxy 2] *** SENDING V2V message #8 from=2 to=-1 size=871 bytes at t=3.35
[V2VProxy 2] *** SENDING V2V message #9 from=2 to=-1 size=857 bytes at t=3.35
[V2VProxy 2] *** SENDING V2V message #10 from=2 to=-1 size=857 bytes at t=3.35
[V2VProxy 2] *** SENDING V2V message #11 from=2 to=-1 size=857 bytes at t=3.35
[V2VProxy 2] *** SENDING V2V message #12 from=2 to=-1 size=779 bytes at t=3.35
[V2VProxy 2] *** SENDING V2V message #13 from=2 to=-1 size=857 bytes at t=3.35
[V2VProxy 2] *** SENDING V2V message #14 from=2 to=-1 size=779 bytes at t=3.35
[V2VProxy 5] *** SENDING V2V message #8 from=5 to=-1 size=870 bytes at t=3.35
[V2VProxy 5] *** SENDING V2V message #9 from=5 to=-1 size=778 bytes at t=3.35
[V2VProxy 5] *** SENDING V2V message #10 from=5 to=-1 size=856 bytes at t=3.35
[V2VProxy 5] *** SENDING V2V message #11 from=5 to=-1 size=856 bytes at t=3.35
[V2VProxy 5] *** SENDING V2V message #12 from=5 to=-1 size=856 bytes at t=3.35
[V2VProxy 5] *** SENDING V2V message #13 from=5 to=-1 size=856 bytes at t=3.35
[V2VProxy 5] *** SENDING V2V message #14 from=5 to=-1 size=778 bytes at t=3.35
[V2VProxy 7] *** SENDING V2V message #8 from=7 to=-1 size=872 bytes at t=3.35
[V2VProxy 7] *** SENDING V2V message #9 from=7 to=-1 size=780 bytes at t=3.35
[V2VProxy 7] *** SENDING V2V message #10 from=7 to=-1 size=858 bytes at t=3.35
[V2VProxy 7] *** SENDING V2V message #11 from=7 to=-1 size=858 bytes at t=3.35
[V2VProxy 7] *** SENDING V2V message #12 from=7 to=-1 size=858 bytes at t=3.35
[V2VProxy 7] *** SENDING V2V message #13 from=7 to=-1 size=780 bytes at t=3.35
[V2VProxy 7] *** SENDING V2V message #14 from=7 to=-1 size=858 bytes at t=3.35
[V2VProxy 4] *** RECEIVED V2V message #16 from=2 to=-1 (broadcast=YES) at t=3.352950745386
V2VNativeBridge4: Received message from 2 with length 779
[V2V Layer 4] Received message from replica 2 via JNI
    [Reliability 4] handleIncomingMessage() called
        Type: DATA
        From: 2
        SeqNum: 1
        Expected seq: 1
        -> IN ORDER, delivering immediately
    [Reliability 4] deliverMessage() - deserializing payload
        Deserialized: ConsensusMessage
        DEBUG: envelope.fromReplicaId=2, message.getSender()=2
=== [V2V Layer 4] DELIVER to BFT-SMaRt ===
    Message type: ConsensusMessage
    From replica: 2
    InQueue size before: 0
    InQueue size after: 1
=== [V2V Layer 4] DELIVER successful ===
[V2VProxy 1] *** RECEIVED V2V message #14 from=2 to=-1 (broadcast=YES) at t=3.352950763618
19:58:00.751 [Server Comm. System] INFO bftsmart.communication.ServerCommunicationSystem - === ServerCommunicationSystem RECEIVED message ===
V2VNativeBridge1: Received message from 2 with length 779
[V2V Layer 1] Received message from replica 2 via JNI
19:58:00.751 [Server Comm. System] INFO bftsmart.communication.ServerCommunicationSystem -     Message type: ConsensusMessage
19:58:00.751 [Server Comm. System] INFO bftsmart.communication.ServerCommunicationSystem -     From: 2
19:58:00.751 [Server Comm. System] INFO bftsmart.communication.ServerCommunicationSystem -     Message count: 5
19:58:00.751 [Server Comm. System] DEBUG bftsmart.communication.ServerCommunicationSystem - <-- receiving, msg:type=ACCEPT, number=0, epoch=0, from=2
19:58:00.751 [Server Comm. System] DEBUG bftsmart.tom.core.ExecutionManager - Received message  type=ACCEPT, number=0, epoch=0, from=2
19:58:00.751 [Server Comm. System] DEBUG bftsmart.tom.core.ExecutionManager - I'm at consensus 0 and my last consensus is -1
19:58:00.751 [Server Comm. System] DEBUG bftsmart.tom.core.ExecutionManager - Message for consensus 0 can be processed
19:58:00.751 [Server Comm. System] DEBUG bftsmart.consensus.roles.Acceptor - Processing paxos msg with id 0
    [Reliability 1] handleIncomingMessage() called
        Type: DATA
19:58:00.751 [Server Comm. System] DEBUG bftsmart.consensus.roles.Acceptor - ACCEPT from 2 for consensus 0
        From: 2
        SeqNum: 1
        Expected seq: 1
        -> IN ORDER, delivering immediately
    [Reliability 1] deliverMessage() - deserializing payload
19:58:00.751 [Server Comm. System] DEBUG bftsmart.consensus.roles.Acceptor - I have 1 ACCEPTs for cId:0, Timestamp:0 
19:58:00.751 [Server Comm. System] INFO bftsmart.communication.ServerCommunicationSystem - === Message processed ===
        Deserialized: ConsensusMessage
        DEBUG: envelope.fromReplicaId=2, message.getSender()=2
=== [V2V Layer 1] DELIVER to BFT-SMaRt ===
    Message type: ConsensusMessage
    From replica: 2
    InQueue size before: 0
    InQueue size after: 1
=== [V2V Layer 1] DELIVER successful ===
19:58:00.751 [Server Comm. System] INFO bftsmart.communication.ServerCommunicationSystem - === ServerCommunicationSystem RECEIVED message ===
[V2VProxy 0] *** RECEIVED V2V message #6 from=2 to=-1 (broadcast=YES) at t=3.352950770964
[V2VProxy 0] Delivering message #101 from replica 2 to Java (779 bytes)
V2VNativeBridge0: Received message from 2 with length 779
[V2V Layer 0] Received message from replica 2 via JNI
19:58:00.751 [Server Comm. System] INFO bftsmart.communication.ServerCommunicationSystem -     Message type: ConsensusMessage
19:58:00.751 [Server Comm. System] INFO bftsmart.communication.ServerCommunicationSystem -     From: 2
19:58:00.751 [Server Comm. System] INFO bftsmart.communication.ServerCommunicationSystem -     Message count: 7
19:58:00.751 [Server Comm. System] DEBUG bftsmart.communication.ServerCommunicationSystem - <-- receiving, msg:type=ACCEPT, number=0, epoch=0, from=2
19:58:00.751 [Server Comm. System] DEBUG bftsmart.tom.core.ExecutionManager - Received message  type=ACCEPT, number=0, epoch=0, from=2
19:58:00.751 [Server Comm. System] DEBUG bftsmart.tom.core.ExecutionManager - I'm at consensus 0 and my last consensus is -1
    [Reliability 0] handleIncomingMessage() called
        Type: DATA
        From: 2
19:58:00.751 [Server Comm. System] DEBUG bftsmart.tom.core.ExecutionManager - Message for consensus 0 can be processed
        SeqNum: 1
19:58:00.751 [Server Comm. System] DEBUG bftsmart.consensus.roles.Acceptor - Processing paxos msg with id 0
        Expected seq: 1
        -> IN ORDER, delivering immediately
    [Reliability 0] deliverMessage() - deserializing payload
19:58:00.751 [Server Comm. System] DEBUG bftsmart.consensus.roles.Acceptor - ACCEPT from 2 for consensus 0
        Deserialized: ConsensusMessage
        DEBUG: envelope.fromReplicaId=2, message.getSender()=2
=== [V2V Layer 0] DELIVER to BFT-SMaRt ===
19:58:00.751 [Server Comm. System] DEBUG bftsmart.consensus.roles.Acceptor - I have 2 ACCEPTs for cId:0, Timestamp:0 
    Message type: ConsensusMessage
19:58:00.751 [Server Comm. System] INFO bftsmart.communication.ServerCommunicationSystem - === Message processed ===
    From replica: 2
    InQueue size before: 0
    InQueue size after: 1
=== [V2V Layer 0] DELIVER successful ===
[V2VProxy 3] *** RECEIVED V2V message #13 from=2 to=-1 (broadcast=YES) at t=3.352950774736
19:58:00.751 [Server Comm. System] INFO bftsmart.communication.ServerCommunicationSystem - === ServerCommunicationSystem RECEIVED message ===
19:58:00.751 [Server Comm. System] INFO bftsmart.communication.ServerCommunicationSystem -     Message type: ConsensusMessage
V2VNativeBridge3: Received message from 2 with length 779
[V2V Layer 3] Received message from replica 2 via JNI
19:58:00.751 [Server Comm. System] INFO bftsmart.communication.ServerCommunicationSystem -     From: 2
    [Reliability 3] handleIncomingMessage() called
        Type: DATA
19:58:00.752 [Server Comm. System] INFO bftsmart.communication.ServerCommunicationSystem -     Message count: 5
        From: 2
19:58:00.752 [Server Comm. System] DEBUG bftsmart.communication.ServerCommunicationSystem - <-- receiving, msg:type=ACCEPT, number=0, epoch=0, from=2
        SeqNum: 1
        Expected seq: 1
19:58:00.752 [Server Comm. System] DEBUG bftsmart.tom.core.ExecutionManager - Received message  type=ACCEPT, number=0, epoch=0, from=2
        -> IN ORDER, delivering immediately
19:58:00.752 [Server Comm. System] DEBUG bftsmart.tom.core.ExecutionManager - I'm at consensus 0 and my last consensus is -1
    [Reliability 3] deliverMessage() - deserializing payload
19:58:00.752 [Server Comm. System] DEBUG bftsmart.tom.core.ExecutionManager - Message for consensus 0 can be processed
19:58:00.752 [Server Comm. System] DEBUG bftsmart.consensus.roles.Acceptor - Processing paxos msg with id 0
19:58:00.752 [Server Comm. System] DEBUG bftsmart.consensus.roles.Acceptor - ACCEPT from 2 for consensus 0
        Deserialized: ConsensusMessage
        DEBUG: envelope.fromReplicaId=2, message.getSender()=2
=== [V2V Layer 3] DELIVER to BFT-SMaRt ===
    Message type: ConsensusMessage
    From replica: 2
19:58:00.752 [Server Comm. System] DEBUG bftsmart.consensus.roles.Acceptor - I have 1 ACCEPTs for cId:0, Timestamp:0 
    InQueue size before: 0
19:58:00.752 [Server Comm. System] INFO bftsmart.communication.ServerCommunicationSystem - === Message processed ===
    InQueue size after: 1
=== [V2V Layer 3] DELIVER successful ===
19:58:00.752 [Server Comm. System] INFO bftsmart.communication.ServerCommunicationSystem - === ServerCommunicationSystem RECEIVED message ===
19:58:00.752 [Server Comm. System] INFO bftsmart.communication.ServerCommunicationSystem -     Message type: ConsensusMessage
[V2VProxy 6] *** RECEIVED V2V message #14 from=2 to=-1 (broadcast=YES) at t=3.352950777201
V2VNativeBridge6: Received message from 2 with length 779
19:58:00.752 [Server Comm. System] INFO bftsmart.communication.ServerCommunicationSystem -     From: 2
[V2V Layer 6] Received message from replica 2 via JNI
19:58:00.752 [Server Comm. System] INFO bftsmart.communication.ServerCommunicationSystem -     Message count: 5
19:58:00.752 [Server Comm. System] DEBUG bftsmart.communication.ServerCommunicationSystem - <-- receiving, msg:type=ACCEPT, number=0, epoch=0, from=2
19:58:00.752 [Server Comm. System] DEBUG bftsmart.tom.core.ExecutionManager - Received message  type=ACCEPT, number=0, epoch=0, from=2
19:58:00.752 [Server Comm. System] DEBUG bftsmart.tom.core.ExecutionManager - I'm at consensus 0 and my last consensus is -1
19:58:00.752 [Server Comm. System] DEBUG bftsmart.tom.core.ExecutionManager - Message for consensus 0 can be processed
19:58:00.752 [Server Comm. System] DEBUG bftsmart.consensus.roles.Acceptor - Processing paxos msg with id 0
19:58:00.752 [Server Comm. System] DEBUG bftsmart.consensus.roles.Acceptor - ACCEPT from 2 for consensus 0
19:58:00.752 [Server Comm. System] DEBUG bftsmart.consensus.roles.Acceptor - I have 1 ACCEPTs for cId:0, Timestamp:0 
19:58:00.752 [Server Comm. System] INFO bftsmart.communication.ServerCommunicationSystem - === Message processed ===
    [Reliability 6] handleIncomingMessage() called
        Type: DATA
        From: 2
        SeqNum: 1
        Expected seq: 1
        -> IN ORDER, delivering immediately
    [Reliability 6] deliverMessage() - deserializing payload
        Deserialized: ConsensusMessage
        DEBUG: envelope.fromReplicaId=2, message.getSender()=2
=== [V2V Layer 6] DELIVER to BFT-SMaRt ===
    Message type: ConsensusMessage
    From replica: 2
    InQueue size before: 0
    InQueue size after: 1
=== [V2V Layer 6] DELIVER successful ===
19:58:00.752 [Server Comm. System] INFO bftsmart.communication.ServerCommunicationSystem - === ServerCommunicationSystem RECEIVED message ===
19:58:00.752 [Server Comm. System] INFO bftsmart.communication.ServerCommunicationSystem -     Message type: ConsensusMessage
19:58:00.752 [Server Comm. System] INFO bftsmart.communication.ServerCommunicationSystem -     From: 2
19:58:00.752 [Server Comm. System] INFO bftsmart.communication.ServerCommunicationSystem -     Message count: 5
19:58:00.752 [Server Comm. System] DEBUG bftsmart.communication.ServerCommunicationSystem - <-- receiving, msg:type=ACCEPT, number=0, epoch=0, from=2
19:58:00.752 [Server Comm. System] DEBUG bftsmart.tom.core.ExecutionManager - Received message  type=ACCEPT, number=0, epoch=0, from=2
19:58:00.752 [Server Comm. System] DEBUG bftsmart.tom.core.ExecutionManager - I'm at consensus 0 and my last consensus is -1
19:58:00.752 [Server Comm. System] DEBUG bftsmart.tom.core.ExecutionManager - Message for consensus 0 can be processed
19:58:00.752 [Server Comm. System] DEBUG bftsmart.consensus.roles.Acceptor - Processing paxos msg with id 0
19:58:00.752 [Server Comm. System] DEBUG bftsmart.consensus.roles.Acceptor - ACCEPT from 2 for consensus 0
[V2VProxy 5] *** RECEIVED V2V message #14 from=2 to=-1 (broadcast=YES) at t=3.352950777649
V2VNativeBridge5: Received message from 2 with length 779
[V2V Layer 5] Received message from replica 2 via JNI
19:58:00.752 [Server Comm. System] DEBUG bftsmart.consensus.roles.Acceptor - I have 1 ACCEPTs for cId:0, Timestamp:0 
19:58:00.752 [Server Comm. System] INFO bftsmart.communication.ServerCommunicationSystem - === Message processed ===
    [Reliability 5] handleIncomingMessage() called
        Type: DATA
        From: 2
        SeqNum: 1
        Expected seq: 1
        -> IN ORDER, delivering immediately
    [Reliability 5] deliverMessage() - deserializing payload
        Deserialized: ConsensusMessage
        DEBUG: envelope.fromReplicaId=2, message.getSender()=2
=== [V2V Layer 5] DELIVER to BFT-SMaRt ===
    Message type: ConsensusMessage
    From replica: 2
    InQueue size before: 0
    InQueue size after: 1
=== [V2V Layer 5] DELIVER successful ===
19:58:00.752 [Server Comm. System] INFO bftsmart.communication.ServerCommunicationSystem - === ServerCommunicationSystem RECEIVED message ===
19:58:00.752 [Server Comm. System] INFO bftsmart.communication.ServerCommunicationSystem -     Message type: ConsensusMessage
19:58:00.752 [Server Comm. System] INFO bftsmart.communication.ServerCommunicationSystem -     From: 2
19:58:00.752 [Server Comm. System] INFO bftsmart.communication.ServerCommunicationSystem -     Message count: 7
19:58:00.752 [Server Comm. System] DEBUG bftsmart.communication.ServerCommunicationSystem - <-- receiving, msg:type=ACCEPT, number=0, epoch=0, from=2
19:58:00.752 [Server Comm. System] DEBUG bftsmart.tom.core.ExecutionManager - Received message  type=ACCEPT, number=0, epoch=0, from=2
19:58:00.752 [Server Comm. System] DEBUG bftsmart.tom.core.ExecutionManager - I'm at consensus 0 and my last consensus is -1
19:58:00.752 [Server Comm. System] DEBUG bftsmart.tom.core.ExecutionManager - Message for consensus 0 can be processed
19:58:00.752 [Server Comm. System] DEBUG bftsmart.consensus.roles.Acceptor - Processing paxos msg with id 0
19:58:00.752 [Server Comm. System] DEBUG bftsmart.consensus.roles.Acceptor - ACCEPT from 2 for consensus 0
[V2VProxy 7] *** RECEIVED V2V message #14 from=2 to=-1 (broadcast=YES) at t=3.352950817222
V2VNativeBridge7: Received message from 2 with length 779
19:58:00.752 [Server Comm. System] DEBUG bftsmart.consensus.roles.Acceptor - I have 2 ACCEPTs for cId:0, Timestamp:0 
[V2V Layer 7] Received message from replica 2 via JNI
19:58:00.752 [Server Comm. System] INFO bftsmart.communication.ServerCommunicationSystem - === Message processed ===
    [Reliability 7] handleIncomingMessage() called
        Type: DATA
        From: 2
        SeqNum: 1
        Expected seq: 1
        -> IN ORDER, delivering immediately
    [Reliability 7] deliverMessage() - deserializing payload
        Deserialized: ConsensusMessage
        DEBUG: envelope.fromReplicaId=2, message.getSender()=2
=== [V2V Layer 7] DELIVER to BFT-SMaRt ===
    Message type: ConsensusMessage
    From replica: 2
    InQueue size before: 0
    InQueue size after: 1
=== [V2V Layer 7] DELIVER successful ===
19:58:00.753 [Server Comm. System] INFO bftsmart.communication.ServerCommunicationSystem - === ServerCommunicationSystem RECEIVED message ===
19:58:00.753 [Server Comm. System] INFO bftsmart.communication.ServerCommunicationSystem -     Message type: ConsensusMessage
19:58:00.753 [Server Comm. System] INFO bftsmart.communication.ServerCommunicationSystem -     From: 2
19:58:00.753 [Server Comm. System] INFO bftsmart.communication.ServerCommunicationSystem -     Message count: 7
19:58:00.753 [Server Comm. System] DEBUG bftsmart.communication.ServerCommunicationSystem - <-- receiving, msg:type=ACCEPT, number=0, epoch=0, from=2
19:58:00.753 [Server Comm. System] DEBUG bftsmart.tom.core.ExecutionManager - Received message  type=ACCEPT, number=0, epoch=0, from=2
19:58:00.753 [Server Comm. System] DEBUG bftsmart.tom.core.ExecutionManager - I'm at consensus 0 and my last consensus is -1
19:58:00.753 [Server Comm. System] DEBUG bftsmart.tom.core.ExecutionManager - Message for consensus 0 can be processed
19:58:00.753 [Server Comm. System] DEBUG bftsmart.consensus.roles.Acceptor - Processing paxos msg with id 0
19:58:00.753 [Server Comm. System] DEBUG bftsmart.consensus.roles.Acceptor - ACCEPT from 2 for consensus 0
19:58:00.753 [Server Comm. System] DEBUG bftsmart.consensus.roles.Acceptor - I have 2 ACCEPTs for cId:0, Timestamp:0 
19:58:00.753 [Server Comm. System] INFO bftsmart.communication.ServerCommunicationSystem - === Message processed ===
[V2VProxy 4] *** RECEIVED V2V message #17 from=2 to=-1 (broadcast=YES) at t=3.354632745386
V2VNativeBridge4: Received message from 2 with length 857
[V2V Layer 4] Received message from replica 2 via JNI
    [Reliability 4] handleIncomingMessage() called
        Type: DATA
        From: 2
        SeqNum: 1
        Expected seq: 2
        -> DUPLICATE (seq < expected), ignoring
[V2VProxy 1] *** RECEIVED V2V message #15 from=2 to=-1 (broadcast=YES) at t=3.354632763618
V2VNativeBridge1: Received message from 2 with length 857
[V2V Layer 1] Received message from replica 2 via JNI
    [Reliability 1] handleIncomingMessage() called
        Type: DATA
        From: 2
        SeqNum: 1
        Expected seq: 2
        -> DUPLICATE (seq < expected), ignoring
[V2VProxy 0] *** RECEIVED V2V message #7 from=2 to=-1 (broadcast=YES) at t=3.354632770964
V2VNativeBridge0: Received message from 2 with length 857
[V2V Layer 0] Received message from replica 2 via JNI
    [Reliability 0] handleIncomingMessage() called
        Type: DATA
        From: 2
        SeqNum: 1
        Expected seq: 2
        -> DUPLICATE (seq < expected), ignoring
[V2VProxy 3] *** RECEIVED V2V message #14 from=2 to=-1 (broadcast=YES) at t=3.354632774736
V2VNativeBridge3: Received message from 2 with length 857
[V2V Layer 3] Received message from replica 2 via JNI
    [Reliability 3] handleIncomingMessage() called
        Type: DATA
        From: 2
        SeqNum: 1
        Expected seq: 2
        -> DUPLICATE (seq < expected), ignoring
[V2VProxy 6] *** RECEIVED V2V message #15 from=2 to=-1 (broadcast=YES) at t=3.354632777201
V2VNativeBridge6: Received message from 2 with length 857
[V2V Layer 6] Received message from replica 2 via JNI
    [Reliability 6] handleIncomingMessage() called
        Type: DATA
        From: 2
        SeqNum: 1
        Expected seq: 2
        -> DUPLICATE (seq < expected), ignoring
[V2VProxy 5] *** RECEIVED V2V message #15 from=2 to=-1 (broadcast=YES) at t=3.354632777649
V2VNativeBridge5: Received message from 2 with length 857
[V2V Layer 5] Received message from replica 2 via JNI
    [Reliability 5] handleIncomingMessage() called
        Type: DATA
        From: 2
        SeqNum: 1
        Expected seq: 2
        -> DUPLICATE (seq < expected), ignoring
[V2VProxy 7] *** RECEIVED V2V message #15 from=2 to=-1 (broadcast=YES) at t=3.354632817222
V2VNativeBridge7: Received message from 2 with length 857
[V2V Layer 7] Received message from replica 2 via JNI
    [Reliability 7] handleIncomingMessage() called
        Type: DATA
        From: 2
        SeqNum: 1
        Expected seq: 2
        -> DUPLICATE (seq < expected), ignoring
[V2VProxy 4] *** RECEIVED V2V message #18 from=5 to=-1 (broadcast=YES) at t=3.356275810612
V2VNativeBridge4: Received message from 5 with length 856
[V2V Layer 4] Received message from replica 5 via JNI
    [Reliability 4] handleIncomingMessage() called
        Type: DATA
        From: 5
        SeqNum: 1
        Expected seq: 0
        -> OUT OF ORDER (seq=1, expected=0), buffering
[V2VProxy 2] *** RECEIVED V2V message #15 from=5 to=-1 (broadcast=YES) at t=3.356275827318
V2VNativeBridge2: Received message from 5 with length 856
[V2V Layer 2] Received message from replica 5 via JNI
    [Reliability 2] handleIncomingMessage() called
        Type: DATA
        From: 5
        SeqNum: 1
        Expected seq: 0
        -> OUT OF ORDER (seq=1, expected=0), buffering
[V2VProxy 3] *** RECEIVED V2V message #15 from=5 to=-1 (broadcast=YES) at t=3.356275841628
V2VNativeBridge3: Received message from 5 with length 856
[V2V Layer 3] Received message from replica 5 via JNI
    [Reliability 3] handleIncomingMessage() called
        Type: DATA
        From: 5
        SeqNum: 1
        Expected seq: 0
        -> OUT OF ORDER (seq=1, expected=0), buffering
[V2VProxy 0] *** RECEIVED V2V message #8 from=5 to=-1 (broadcast=YES) at t=3.356275856272
V2VNativeBridge0: Received message from 5 with length 856
[V2V Layer 0] Received message from replica 5 via JNI
    [Reliability 0] handleIncomingMessage() called
        Type: DATA
        From: 5
        SeqNum: 1
        Expected seq: 0
        -> OUT OF ORDER (seq=1, expected=0), buffering
[V2VProxy 1] *** RECEIVED V2V message #16 from=5 to=-1 (broadcast=YES) at t=3.356275857393
V2VNativeBridge1: Received message from 5 with length 856
[V2V Layer 1] Received message from replica 5 via JNI
    [Reliability 1] handleIncomingMessage() called
        Type: DATA
        From: 5
        SeqNum: 1
        Expected seq: 0
        -> OUT OF ORDER (seq=1, expected=0), buffering
[V2VProxy 6] *** RECEIVED V2V message #16 from=5 to=-1 (broadcast=YES) at t=3.356275869513
V2VNativeBridge6: Received message from 5 with length 856
[V2V Layer 6] Received message from replica 5 via JNI
    [Reliability 6] handleIncomingMessage() called
        Type: DATA
        From: 5
        SeqNum: 1
        Expected seq: 0
        -> OUT OF ORDER (seq=1, expected=0), buffering
[V2VProxy 7] *** RECEIVED V2V message #16 from=5 to=-1 (broadcast=YES) at t=3.356275913269
V2VNativeBridge7: Received message from 5 with length 856
[V2V Layer 7] Received message from replica 5 via JNI
    [Reliability 7] handleIncomingMessage() called
        Type: DATA
        From: 5
        SeqNum: 1
        Expected seq: 0
        -> OUT OF ORDER (seq=1, expected=0), buffering
[V2VProxy 4] *** RECEIVED V2V message #19 from=2 to=-1 (broadcast=YES) at t=3.357782844724
V2VNativeBridge4: Received message from 2 with length 779
[V2V Layer 4] Received message from replica 2 via JNI
    [Reliability 4] handleIncomingMessage() called
        Type: DATA
        From: 2
        SeqNum: 1
        Expected seq: 2
        -> DUPLICATE (seq < expected), ignoring
[V2VProxy 1] *** RECEIVED V2V message #17 from=2 to=-1 (broadcast=YES) at t=3.357782862956
V2VNativeBridge1: Received message from 2 with length 779
[V2V Layer 1] Received message from replica 2 via JNI
    [Reliability 1] handleIncomingMessage() called
        Type: DATA
        From: 2
        SeqNum: 1
        Expected seq: 2
        -> DUPLICATE (seq < expected), ignoring
[V2VProxy 0] *** RECEIVED V2V message #9 from=2 to=-1 (broadcast=YES) at t=3.357782870302
V2VNativeBridge0: Received message from 2 with length 779
[V2V Layer 0] Received message from replica 2 via JNI
    [Reliability 0] handleIncomingMessage() called
        Type: DATA
        From: 2
        SeqNum: 1
        Expected seq: 2
        -> DUPLICATE (seq < expected), ignoring
[V2VProxy 3] *** RECEIVED V2V message #16 from=2 to=-1 (broadcast=YES) at t=3.357782874074
V2VNativeBridge3: Received message from 2 with length 779
[V2V Layer 3] Received message from replica 2 via JNI
    [Reliability 3] handleIncomingMessage() called
        Type: DATA
        From: 2
        SeqNum: 1
        Expected seq: 2
        -> DUPLICATE (seq < expected), ignoring
[V2VProxy 6] *** RECEIVED V2V message #17 from=2 to=-1 (broadcast=YES) at t=3.357782876539
V2VNativeBridge6: Received message from 2 with length 779
[V2V Layer 6] Received message from replica 2 via JNI
    [Reliability 6] handleIncomingMessage() called
        Type: DATA
        From: 2
        SeqNum: 1
        Expected seq: 2
        -> DUPLICATE (seq < expected), ignoring
[V2VProxy 5] *** RECEIVED V2V message #16 from=2 to=-1 (broadcast=YES) at t=3.357782876987
V2VNativeBridge5: Received message from 2 with length 779
[V2V Layer 5] Received message from replica 2 via JNI
    [Reliability 5] handleIncomingMessage() called
        Type: DATA
        From: 2
        SeqNum: 1
        Expected seq: 2
        -> DUPLICATE (seq < expected), ignoring
[V2VProxy 7] *** RECEIVED V2V message #17 from=2 to=-1 (broadcast=YES) at t=3.35778291656
V2VNativeBridge7: Received message from 2 with length 779
[V2V Layer 7] Received message from replica 2 via JNI
    [Reliability 7] handleIncomingMessage() called
        Type: DATA
        From: 2
        SeqNum: 1
        Expected seq: 2
        -> DUPLICATE (seq < expected), ignoring
[V2VProxy 4] *** RECEIVED V2V message #20 from=2 to=-1 (broadcast=YES) at t=3.359425844724
V2VNativeBridge4: Received message from 2 with length 857
[V2V Layer 4] Received message from replica 2 via JNI
    [Reliability 4] handleIncomingMessage() called
        Type: DATA
        From: 2
        SeqNum: 1
        Expected seq: 2
        -> DUPLICATE (seq < expected), ignoring
[V2VProxy 6] *** RECEIVED V2V message #18 from=7 to=-1 (broadcast=YES) at t=3.361068961305
V2VNativeBridge6: Received message from 7 with length 858
[V2V Layer 6] Received message from replica 7 via JNI
    [Reliability 6] handleIncomingMessage() called
        Type: DATA
        From: 7
        SeqNum: 1
        Expected seq: 0
        -> OUT OF ORDER (seq=1, expected=0), buffering
[V2VProxy 0] *** RECEIVED V2V message #10 from=7 to=-1 (broadcast=YES) at t=3.361068977917
V2VNativeBridge0: Received message from 7 with length 858
[V2V Layer 0] Received message from replica 7 via JNI
    [Reliability 0] handleIncomingMessage() called
        Type: DATA
        From: 7
        SeqNum: 1
        Expected seq: 0
        -> OUT OF ORDER (seq=1, expected=0), buffering
[V2VProxy 1] *** RECEIVED V2V message #18 from=7 to=-1 (broadcast=YES) at t=3.361068999523
V2VNativeBridge1: Received message from 7 with length 858
[V2V Layer 1] Received message from replica 7 via JNI
    [Reliability 1] handleIncomingMessage() called
        Type: DATA
        From: 7
        SeqNum: 1
        Expected seq: 0
        -> OUT OF ORDER (seq=1, expected=0), buffering
[V2VProxy 3] *** RECEIVED V2V message #17 from=7 to=-1 (broadcast=YES) at t=3.361069002642
V2VNativeBridge3: Received message from 7 with length 858
[V2V Layer 3] Received message from replica 7 via JNI
    [Reliability 3] handleIncomingMessage() called
        Type: DATA
        From: 7
        SeqNum: 1
        Expected seq: 0
        -> OUT OF ORDER (seq=1, expected=0), buffering
[V2VProxy 2] *** RECEIVED V2V message #16 from=7 to=-1 (broadcast=YES) at t=3.361069005802
V2VNativeBridge2: Received message from 7 with length 858
[V2V Layer 2] Received message from replica 7 via JNI
    [Reliability 2] handleIncomingMessage() called
        Type: DATA
        From: 7
        SeqNum: 1
        Expected seq: 0
        -> OUT OF ORDER (seq=1, expected=0), buffering
V2VNativeBridge4: Received message from 7 with length 858
[V2V Layer 4] Received message from replica 7 via JNI
    [Reliability 4] handleIncomingMessage() called
        Type: DATA
        From: 7
        SeqNum: 1
        Expected seq: 0
        -> OUT OF ORDER (seq=1, expected=0), buffering
[V2VProxy 5] *** RECEIVED V2V message #17 from=7 to=-1 (broadcast=YES) at t=3.36106905218
V2VNativeBridge5: Received message from 7 with length 858
[V2V Layer 5] Received message from replica 7 via JNI
    [Reliability 5] handleIncomingMessage() called
        Type: DATA
        From: 7
        SeqNum: 1
        Expected seq: 0
        -> OUT OF ORDER (seq=1, expected=0), buffering
[V2VProxy 1] *** RECEIVED V2V message #19 from=2 to=-1 (broadcast=YES) at t=3.36271204144
V2VNativeBridge1: Received message from 2 with length 857
[V2V Layer 1] Received message from replica 2 via JNI
    [Reliability 1] handleIncomingMessage() called
        Type: DATA
        From: 2
        SeqNum: 1
        Expected seq: 2
        -> DUPLICATE (seq < expected), ignoring
[V2VProxy 6] *** RECEIVED V2V message #19 from=7 to=-1 (broadcast=YES) at t=3.367505301549
V2VNativeBridge6: Received message from 7 with length 780
[V2V Layer 6] Received message from replica 7 via JNI
    [Reliability 6] handleIncomingMessage() called
        Type: DATA
        From: 7
        SeqNum: 1
        Expected seq: 0
        -> OUT OF ORDER (seq=1, expected=0), buffering
[V2VProxy 0] *** RECEIVED V2V message #11 from=7 to=-1 (broadcast=YES) at t=3.367505318161
V2VNativeBridge0: Received message from 7 with length 780
[V2V Layer 0] Received message from replica 7 via JNI
    [Reliability 0] handleIncomingMessage() called
        Type: DATA
        From: 7
        SeqNum: 1
        Expected seq: 0
        -> OUT OF ORDER (seq=1, expected=0), buffering
[V2VProxy 1] *** RECEIVED V2V message #20 from=7 to=-1 (broadcast=YES) at t=3.367505339767
V2VNativeBridge1: Received message from 7 with length 780
[V2V Layer 1] Received message from replica 7 via JNI
    [Reliability 1] handleIncomingMessage() called
        Type: DATA
        From: 7
        SeqNum: 1
        Expected seq: 0
        -> OUT OF ORDER (seq=1, expected=0), buffering
[V2VProxy 3] *** RECEIVED V2V message #18 from=7 to=-1 (broadcast=YES) at t=3.367505342886
V2VNativeBridge3: Received message from 7 with length 780
[V2V Layer 3] Received message from replica 7 via JNI
    [Reliability 3] handleIncomingMessage() called
        Type: DATA
        From: 7
        SeqNum: 1
        Expected seq: 0
        -> OUT OF ORDER (seq=1, expected=0), buffering
[V2VProxy 2] *** RECEIVED V2V message #17 from=7 to=-1 (broadcast=YES) at t=3.367505346046
V2VNativeBridge2: Received message from 7 with length 780
[V2V Layer 2] Received message from replica 7 via JNI
    [Reliability 2] handleIncomingMessage() called
        Type: DATA
        From: 7
        SeqNum: 1
        Expected seq: 0
        -> OUT OF ORDER (seq=1, expected=0), buffering
V2VNativeBridge4: Received message from 7 with length 780
[V2V Layer 4] Received message from replica 7 via JNI
    [Reliability 4] handleIncomingMessage() called
        Type: DATA
        From: 7
        SeqNum: 1
        Expected seq: 0
        -> OUT OF ORDER (seq=1, expected=0), buffering
[V2VProxy 5] *** RECEIVED V2V message #18 from=7 to=-1 (broadcast=YES) at t=3.367505392424
V2VNativeBridge5: Received message from 7 with length 780
[V2V Layer 5] Received message from replica 7 via JNI
    [Reliability 5] handleIncomingMessage() called
        Type: DATA
        From: 7
        SeqNum: 1
        Expected seq: 0
        -> OUT OF ORDER (seq=1, expected=0), buffering
V2VNativeBridge4: Received message from 2 with length 871
[V2V Layer 4] Received message from replica 2 via JNI
    [Reliability 4] handleIncomingMessage() called
        Type: DATA
        From: 2
        SeqNum: 1
        Expected seq: 2
        -> DUPLICATE (seq < expected), ignoring
[V2VProxy 6] *** RECEIVED V2V message #20 from=7 to=-1 (broadcast=YES) at t=3.370687480033
V2VNativeBridge6: Received message from 7 with length 780
[V2V Layer 6] Received message from replica 7 via JNI
    [Reliability 6] handleIncomingMessage() called
        Type: DATA
        From: 7
        SeqNum: 1
        Expected seq: 0
        -> OUT OF ORDER (seq=1, expected=0), buffering
[V2VProxy 0] *** RECEIVED V2V message #12 from=7 to=-1 (broadcast=YES) at t=3.370687496645
V2VNativeBridge0: Received message from 7 with length 780
[V2V Layer 0] Received message from replica 7 via JNI
    [Reliability 0] handleIncomingMessage() called
        Type: DATA
        From: 7
        SeqNum: 1
        Expected seq: 0
        -> OUT OF ORDER (seq=1, expected=0), buffering
V2VNativeBridge1: Received message from 7 with length 780
[V2V Layer 1] Received message from replica 7 via JNI
    [Reliability 1] handleIncomingMessage() called
        Type: DATA
        From: 7
        SeqNum: 1
        Expected seq: 0
        -> OUT OF ORDER (seq=1, expected=0), buffering
[V2VProxy 3] *** RECEIVED V2V message #19 from=7 to=-1 (broadcast=YES) at t=3.37068752137
V2VNativeBridge3: Received message from 7 with length 780
[V2V Layer 3] Received message from replica 7 via JNI
    [Reliability 3] handleIncomingMessage() called
        Type: DATA
        From: 7
        SeqNum: 1
        Expected seq: 0
        -> OUT OF ORDER (seq=1, expected=0), buffering
[V2VProxy 2] *** RECEIVED V2V message #18 from=7 to=-1 (broadcast=YES) at t=3.37068752453
V2VNativeBridge2: Received message from 7 with length 780
[V2V Layer 2] Received message from replica 7 via JNI
    [Reliability 2] handleIncomingMessage() called
        Type: DATA
        From: 7
        SeqNum: 1
        Expected seq: 0
        -> OUT OF ORDER (seq=1, expected=0), buffering
V2VNativeBridge4: Received message from 7 with length 780
[V2V Layer 4] Received message from replica 7 via JNI
    [Reliability 4] handleIncomingMessage() called
        Type: DATA
        From: 7
        SeqNum: 1
        Expected seq: 0
        -> OUT OF ORDER (seq=1, expected=0), buffering
[V2VProxy 5] *** RECEIVED V2V message #19 from=7 to=-1 (broadcast=YES) at t=3.370687570908
V2VNativeBridge5: Received message from 7 with length 780
[V2V Layer 5] Received message from replica 7 via JNI
    [Reliability 5] handleIncomingMessage() called
        Type: DATA
        From: 7
        SeqNum: 1
        Expected seq: 0
        -> OUT OF ORDER (seq=1, expected=0), buffering
[V2VProxy 2] *** RECEIVED V2V message #19 from=1 to=-1 (broadcast=YES) at t=3.37553868629
V2VNativeBridge2: Received message from 1 with length 778
[V2V Layer 2] Received message from replica 1 via JNI
    [Reliability 2] handleIncomingMessage() called
        Type: DATA
        From: 1
        SeqNum: 1
        Expected seq: 1
        -> IN ORDER, delivering immediately
    [Reliability 2] deliverMessage() - deserializing payload
        Deserialized: ConsensusMessage
        DEBUG: envelope.fromReplicaId=1, message.getSender()=1
=== [V2V Layer 2] DELIVER to BFT-SMaRt ===
    Message type: ConsensusMessage
    From replica: 1
    InQueue size before: 0
    InQueue size after: 1
=== [V2V Layer 2] DELIVER successful ===
19:58:01.060 [Server Comm. System] INFO bftsmart.communication.ServerCommunicationSystem - === ServerCommunicationSystem RECEIVED message ===
V2VNativeBridge4: Received message from 1 with length 778
[V2V Layer 4] Received message from replica 1 via JNI
19:58:01.060 [Server Comm. System] INFO bftsmart.communication.ServerCommunicationSystem -     Message type: ConsensusMessage
19:58:01.060 [Server Comm. System] INFO bftsmart.communication.ServerCommunicationSystem -     From: 1
19:58:01.060 [Server Comm. System] INFO bftsmart.communication.ServerCommunicationSystem -     Message count: 7
    [Reliability 4] handleIncomingMessage() called
        Type: DATA
        From: 1
        SeqNum: 1
        Expected seq: 0
19:58:01.061 [Server Comm. System] DEBUG bftsmart.communication.ServerCommunicationSystem - <-- receiving, msg:type=ACCEPT, number=0, epoch=0, from=1
        -> OUT OF ORDER (seq=1, expected=0), buffering
19:58:01.061 [Server Comm. System] DEBUG bftsmart.tom.core.ExecutionManager - Received message  type=ACCEPT, number=0, epoch=0, from=1
19:58:01.061 [Server Comm. System] DEBUG bftsmart.tom.core.ExecutionManager - I'm at consensus 0 and my last consensus is -1
19:58:01.061 [Server Comm. System] DEBUG bftsmart.tom.core.ExecutionManager - Message for consensus 0 can be processed
19:58:01.061 [Server Comm. System] DEBUG bftsmart.consensus.roles.Acceptor - Processing paxos msg with id 0
19:58:01.061 [Server Comm. System] DEBUG bftsmart.consensus.roles.Acceptor - ACCEPT from 1 for consensus 0
19:58:01.061 [Server Comm. System] DEBUG bftsmart.consensus.roles.Acceptor - I have 2 ACCEPTs for cId:0, Timestamp:0 
19:58:01.061 [Server Comm. System] INFO bftsmart.communication.ServerCommunicationSystem - === Message processed ===
V2VNativeBridge6: Received message from 1 with length 778
[V2V Layer 6] Received message from replica 1 via JNI
    [Reliability 6] handleIncomingMessage() called
        Type: DATA
        From: 1
        SeqNum: 1
        Expected seq: 0
        -> OUT OF ORDER (seq=1, expected=0), buffering
[V2VProxy 0] *** RECEIVED V2V message #13 from=1 to=-1 (broadcast=YES) at t=3.375538713715
V2VNativeBridge0: Received message from 1 with length 778
[V2V Layer 0] Received message from replica 1 via JNI
    [Reliability 0] handleIncomingMessage() called
        Type: DATA
        From: 1
        SeqNum: 1
        Expected seq: 0
        -> OUT OF ORDER (seq=1, expected=0), buffering
[V2VProxy 3] *** RECEIVED V2V message #20 from=1 to=-1 (broadcast=YES) at t=3.37553872796
V2VNativeBridge3: Received message from 1 with length 778
[V2V Layer 3] Received message from replica 1 via JNI
    [Reliability 3] handleIncomingMessage() called
        Type: DATA
        From: 1
        SeqNum: 1
        Expected seq: 0
        -> OUT OF ORDER (seq=1, expected=0), buffering
[V2VProxy 5] *** RECEIVED V2V message #20 from=1 to=-1 (broadcast=YES) at t=3.375538730396
V2VNativeBridge5: Received message from 1 with length 778
[V2V Layer 5] Received message from replica 1 via JNI
    [Reliability 5] handleIncomingMessage() called
        Type: DATA
        From: 1
        SeqNum: 1
        Expected seq: 0
        -> OUT OF ORDER (seq=1, expected=0), buffering
[V2VProxy 7] *** RECEIVED V2V message #18 from=1 to=-1 (broadcast=YES) at t=3.375538733615
V2VNativeBridge7: Received message from 1 with length 778
[V2V Layer 7] Received message from replica 1 via JNI
    [Reliability 7] handleIncomingMessage() called
        Type: DATA
        From: 1
        SeqNum: 1
        Expected seq: 0
        -> OUT OF ORDER (seq=1, expected=0), buffering
[V2VProxy 2] *** RECEIVED V2V message #20 from=1 to=-1 (broadcast=YES) at t=3.37718168629
V2VNativeBridge2: Received message from 1 with length 856
[V2V Layer 2] Received message from replica 1 via JNI
    [Reliability 2] handleIncomingMessage() called
        Type: DATA
        From: 1
        SeqNum: 1
        Expected seq: 2
        -> DUPLICATE (seq < expected), ignoring
V2VNativeBridge4: Received message from 1 with length 856
[V2V Layer 4] Received message from replica 1 via JNI
    [Reliability 4] handleIncomingMessage() called
        Type: DATA
        From: 1
        SeqNum: 1
        Expected seq: 0
        -> OUT OF ORDER (seq=1, expected=0), buffering
V2VNativeBridge6: Received message from 1 with length 856
[V2V Layer 6] Received message from replica 1 via JNI
    [Reliability 6] handleIncomingMessage() called
        Type: DATA
        From: 1
        SeqNum: 1
        Expected seq: 0
        -> OUT OF ORDER (seq=1, expected=0), buffering
[V2VProxy 0] *** RECEIVED V2V message #14 from=1 to=-1 (broadcast=YES) at t=3.377181713715
V2VNativeBridge0: Received message from 1 with length 856
[V2V Layer 0] Received message from replica 1 via JNI
    [Reliability 0] handleIncomingMessage() called
        Type: DATA
        From: 1
        SeqNum: 1
        Expected seq: 0
        -> OUT OF ORDER (seq=1, expected=0), buffering
V2VNativeBridge3: Received message from 1 with length 856
[V2V Layer 3] Received message from replica 1 via JNI
    [Reliability 3] handleIncomingMessage() called
        Type: DATA
        From: 1
        SeqNum: 1
        Expected seq: 0
        -> OUT OF ORDER (seq=1, expected=0), buffering
V2VNativeBridge5: Received message from 1 with length 856
[V2V Layer 5] Received message from replica 1 via JNI
    [Reliability 5] handleIncomingMessage() called
        Type: DATA
        From: 1
        SeqNum: 1
        Expected seq: 0
        -> OUT OF ORDER (seq=1, expected=0), buffering
[V2VProxy 7] *** RECEIVED V2V message #19 from=1 to=-1 (broadcast=YES) at t=3.377181733615
V2VNativeBridge7: Received message from 1 with length 856
[V2V Layer 7] Received message from replica 1 via JNI
    [Reliability 7] handleIncomingMessage() called
        Type: DATA
        From: 1
        SeqNum: 1
        Expected seq: 0
        -> OUT OF ORDER (seq=1, expected=0), buffering
V2VNativeBridge4: Received message from 5 with length 778
[V2V Layer 4] Received message from replica 5 via JNI
    [Reliability 4] handleIncomingMessage() called
        Type: DATA
        From: 5
        SeqNum: 1
        Expected seq: 0
        -> OUT OF ORDER (seq=1, expected=0), buffering
[Reliability] Resending seq=0 because 1550ms (sim time) passed.
[Reliability] Resending seq=0 because 1550ms (sim time) passed.
[Reliability] Resending seq=0 because 1550ms (sim time) passed.
[Reliability] Resending seq=0 because 1550ms (sim time) passed.
[Reliability] Resending seq=0 because 1550ms (sim time) passed.
[Reliability] Resending seq=0 because 1550ms (sim time) passed.
[Reliability] Resending seq=0 because 1550ms (sim time) passed.
[Reliability] Resending seq=1 because 1601ms (sim time) passed.
[Reliability 3] Retransmitting seq=0 to replica 0 (attempt 1/20 with jitter=229ms)
[Reliability 1] Retransmitting seq=0 to replica 0 (attempt 1/20 with jitter=16ms)
[Reliability 2] Retransmitting seq=0 to replica 0 (attempt 1/20 with jitter=140ms)
[Reliability 6] Retransmitting seq=0 to replica 0 (attempt 1/20 with jitter=221ms)
[Reliability 5] Retransmitting seq=0 to replica 0 (attempt 1/20 with jitter=120ms)
[Reliability 0] Retransmitting seq=1 to replica 1 (attempt 1/20 with jitter=187ms)
[Reliability 4] Retransmitting seq=0 to replica 0 (attempt 1/20 with jitter=223ms)
V2VNativeBridge0: Sending message to -1 with length 685
[JNI] nativeSendMessage: 0 -> -1
[JNI] Sending 685 bytes (0->-1)
[DEBUG V2VProxy 0] Queue has space - adding message
[JNI] Message queued successfully
[Reliability 7] Retransmitting seq=0 to replica 0 (attempt 1/20 with jitter=167ms)
[Reliability] Resending seq=1 because 1601ms (sim time) passed.
V2VNativeBridge4: Sending message to -1 with length 763
[JNI] nativeSendMessage: 4 -> -1
[JNI] Sending 763 bytes (4->-1)
[DEBUG V2VProxy 4] Queue has space - adding message
[JNI] Message queued successfully
V2VNativeBridge7: Sending message to -1 with length 763
[Reliability] Resending seq=0 because 1550ms (sim time) passed.
[JNI] nativeSendMessage: 7 -> -1
[JNI] Sending 763 bytes (7->-1)
[DEBUG V2VProxy 7] Queue has space - adding message
V2VNativeBridge5: Sending message to -1 with length 763
[JNI] Message queued successfully
[Reliability] Resending seq=1 because 1472ms (sim time) passed.
[Reliability 7] Retransmitting seq=1 to replica 0 (attempt 1/20 with jitter=283ms)
[JNI] nativeSendMessage: 5 -> -1
[JNI] Sending 763 bytes (5->-1)
[DEBUG V2VProxy 5] Queue has space - adding message
[JNI] Message queued successfully
V2VNativeBridge6: Sending message to -1 with length 763
[JNI] nativeSendMessage: 6 -> -1
[JNI] Sending 763 bytes (6->-1)
[DEBUG V2VProxy 6] Queue has space - adding message
[JNI] Message queued successfully
V2VNativeBridge2: Sending message to -1 with length 763
[Reliability] Resending seq=0 because 1550ms (sim time) passed.[JNI] nativeSendMessage: 2 -> -1

[JNI] Sending 763 bytes (2->-1)
[DEBUG V2VProxy 2] Queue has space - adding message
[JNI] Message queued successfully
[Reliability] Resending seq=1 because 1481ms (sim time) passed.
[Reliability 2] Retransmitting seq=1 to replica 0 (attempt 1/20 with jitter=107ms)
[Reliability 6] Retransmitting seq=0 to replica 3 (attempt 1/20 with jitter=281ms)
V2VNativeBridge1: Sending message to -1 with length 763
V2VNativeBridge2: Sending message to -1 with length 871
[JNI] nativeSendMessage: [JNI] nativeSendMessage: 2 -> -1
1 -> -1
[JNI] Sending 871 bytes (2->-1)
[DEBUG V2VProxy 2] Queue has space - adding message
[JNI] Message queued successfully
V2VNativeBridge3: Sending message to -1 with length 763
[JNI] nativeSendMessage: [JNI] Sending 3763 bytes ( -> -11
->[JNI] Sending 763 bytes (3->-1)
[DEBUG V2VProxy 3] Queue has space - adding message
-1)
[DEBUG V2VProxy 1] Queue has space - adding message
[Reliability] Resending seq=1 because 1481ms (sim time) passed.[JNI] Message queued successfully

[Reliability 2] Retransmitting seq=1 to replica 1 (attempt 1/20 with jitter=140ms)
[Reliability] Resending seq=0 because 1550ms (sim time) passed.[JNI] Message queued successfully

V2VNativeBridge6: Sending message to -1 with length 685
[JNI] nativeSendMessage: 6 -> -1
V2VNativeBridge7: Sending message to -1 with length 872
[JNI] Sending 685 bytes (6->-1)
[DEBUG V2VProxy 6] Queue has space - adding message
[JNI] Message queued successfully
[JNI] nativeSendMessage: 7 -> -1
[JNI] Sending 872 bytes (7->-1)
[DEBUG V2VProxy 7] Queue has space - adding message
[JNI] Message queued successfully
[Reliability] Resending seq=1 because 1472ms (sim time) passed.
[Reliability 5] Retransmitting seq=1 to replica 0 (attempt 1/20 with jitter=276ms)
[Reliability 4] Retransmitting seq=0 to replica 3 (attempt 1/20 with jitter=273ms)
V2VNativeBridge5: Sending message to -1 with length 870
[JNI] nativeSendMessage: 5 -> -1
[JNI] Sending 870 bytes (5->-1)
[Reliability 0] Retransmitting seq=1 to replica 2 (attempt 1/20 with jitter=241ms)[DEBUG V2VProxy 5] Queue has space - adding message
[JNI] Message queued successfully

[Reliability] Resending seq=1 because 1472ms (sim time) passed.
[Reliability 5] Retransmitting seq=1 to replica 1 (attempt 1/20 with jitter=41ms)
[Reliability] Resending seq=1 because 1472ms (sim time) passed.[V2VProxy 0] *** SENDING V2V message #15 from=0 to=-1 size=685 bytes at t=4.85

[Reliability 7] Retransmitting seq=1 to replica 1 (attempt 1/20 with jitter=79ms)
[V2VProxy 1] *** SENDING V2V message #15 from=1 to=-1 size=763 bytes at t=4.85
[V2VProxy 2] *** SENDING V2V message #15 from=2 to=-1 size=763 bytes at t=4.85
[V2VProxy 2] *** SENDING V2V message #16 from=2 to=-1 size=871 bytes at t=4.85
V2VNativeBridge2: Sending message to -1 with length 857
[V2VProxy 3] *** SENDING V2V message #8 from=3 to=-1 size=763 bytes at t=4.85
[V2VProxy 4] *** SENDING V2V message #8 from=4 to=-1 size=763 bytes at t=4.85
[V2VProxy 5] *** SENDING V2V message #15 from=5 to=-1 size=763 bytes at t=4.85
[V2VProxy 5] *** SENDING V2V message #16 from=5 to=-1 size=870 bytes at t=4.85
[V2VProxy 6] *** SENDING V2V message #8 from=6 to=-1 size=763 bytes at t=4.85
[V2VProxy 6] *** SENDING V2V message #9 from=6 to=-1 size=685 bytes at t=4.85
[V2VProxy 7] *** SENDING V2V message #15 from=7 to=-1 size=763 bytes at t=4.85
[V2VProxy 7] *** SENDING V2V message #16 from=7 to=-1 size=872 bytes at t=4.85
[JNI] nativeSendMessage: 2 -> -1
[Reliability] Resending seq=1 because 1472ms (sim time) passed.
[JNI] Sending 857 bytes (2->-1)
[DEBUG V2VProxy 2] Queue has space - adding message
[JNI] Message queued successfully
[Reliability] Resending seq=0 because 1600ms (sim time) passed.
[Reliability 2] Retransmitting seq=0 to replica 3 (attempt 1/20 with jitter=165ms)
[Reliability 1] Retransmitting seq=1 to replica 0 (attempt 1/20 with jitter=214ms)
[Reliability 3] Retransmitting seq=0 to replica 6 (attempt 1/20 with jitter=287ms)
V2VNativeBridge5: Sending message to -1 with length 778
[JNI] nativeSendMessage: 5 -> -1
[JNI] Sending 778 bytes (5->-1)
[DEBUG V2VProxy 5] Queue has space - adding message
[JNI] Message queued successfully
V2VNativeBridge0: Sending message to -1 with length 685
[Reliability] Resending seq=1 because 1522ms (sim time) passed.
[Reliability 5] Retransmitting seq=1 to replica 2 (attempt 1/20 with jitter=288ms)
[JNI] nativeSendMessage: 0 -> -1
[JNI] Sending 685 bytes (0->-1)
[DEBUG V2VProxy 0] Queue has space - adding message
[JNI] Message queued successfully
V2VNativeBridge4: Sending message to -1 with length 685
[Reliability] Resending seq=0 because 1651ms (sim time) passed.
[Reliability 0] Retransmitting seq=0 to replica 3 (attempt 1/20 with jitter=45ms)[JNI] nativeSendMessage: 4 -> -1

[JNI] Sending 685 bytes (4->-1)
[DEBUG V2VProxy 4] Queue has space - adding message
[JNI] Message queued successfully
[Reliability] Resending seq=0 because 1600ms (sim time) passed.
[Reliability 4] Retransmitting seq=0 to replica 6 (attempt 1/20 with jitter=51ms)
[V2VProxy 0] *** RECEIVED V2V message #15 from=6 to=-1 (broadcast=YES) at t=4.852530796063
V2VNativeBridge0: Received message from 6 with length 685
[V2V Layer 0] Received message from replica 6 via JNI
    [Reliability 0] handleIncomingMessage() called
        Type: DATA
        From: 6
        SeqNum: 0
        Expected seq: 1
        -> DUPLICATE (seq < expected), ignoring
V2VNativeBridge3: Received message from 6 with length 685
[V2V Layer 3] Received message from replica 6 via JNI
    [Reliability 3] handleIncomingMessage() called
        Type: DATA
        From: 6
        SeqNum: 0
        Expected seq: 1
        -> DUPLICATE (seq < expected), ignoring
[V2VProxy 7] *** RECEIVED V2V message #20 from=6 to=-1 (broadcast=YES) at t=4.852530823105
V2VNativeBridge7: Received message from 6 with length 685
[V2V Layer 7] Received message from replica 6 via JNI
    [Reliability 7] handleIncomingMessage() called
        Type: DATA
        From: 6
        SeqNum: 0
        Expected seq: 1
        -> DUPLICATE (seq < expected), ignoring
V2VNativeBridge2: Received message from 6 with length 685
[V2V Layer 2] Received message from replica 6 via JNI
    [Reliability 2] handleIncomingMessage() called
        Type: DATA
        From: 6
        SeqNum: 0
        Expected seq: 1
        -> DUPLICATE (seq < expected), ignoring
V2VNativeBridge1: Received message from 6 with length 685
[V2V Layer 1] Received message from replica 6 via JNI
    [Reliability 1] handleIncomingMessage() called
        Type: DATA
        From: 6
        SeqNum: 0
        Expected seq: 1
        -> DUPLICATE (seq < expected), ignoring
V2VNativeBridge4: Received message from 6 with length 685
[V2V Layer 4] Received message from replica 6 via JNI
    [Reliability 4] handleIncomingMessage() called
        Type: DATA
        From: 6
        SeqNum: 0
        Expected seq: 1
        -> DUPLICATE (seq < expected), ignoring
V2VNativeBridge5: Received message from 6 with length 685
[V2V Layer 5] Received message from replica 6 via JNI
    [Reliability 5] handleIncomingMessage() called
        Type: DATA
        From: 6
        SeqNum: 0
        Expected seq: 1
        -> DUPLICATE (seq < expected), ignoring
V2VNativeBridge6: Received message from 0 with length 685
[V2V Layer 6] Received message from replica 0 via JNI
    [Reliability 6] handleIncomingMessage() called
        Type: DATA
        From: 0
        SeqNum: 1
        Expected seq: 2
        -> DUPLICATE (seq < expected), ignoring
V2VNativeBridge3: Received message from 0 with length 685
[V2V Layer 3] Received message from replica 0 via JNI
    [Reliability 3] handleIncomingMessage() called
        Type: DATA
        From: 0
        SeqNum: 1
        Expected seq: 2
        -> DUPLICATE (seq < expected), ignoring
V2VNativeBridge2: Received message from 0 with length 685
[V2V Layer 2] Received message from replica 0 via JNI
    [Reliability 2] handleIncomingMessage() called
        Type: DATA
        From: 0
        SeqNum: 1
        Expected seq: 2
        -> DUPLICATE (seq < expected), ignoring
V2VNativeBridge4: Received message from 0 with length 685
[V2V Layer 4] Received message from replica 0 via JNI
    [Reliability 4] handleIncomingMessage() called
        Type: DATA
        From: 0
        SeqNum: 1
        Expected seq: 2
        -> DUPLICATE (seq < expected), ignoring
V2VNativeBridge7: Received message from 0 with length 685
[V2V Layer 7] Received message from replica 0 via JNI
    [Reliability 7] handleIncomingMessage() called
        Type: DATA
        From: 0
        SeqNum: 1
        Expected seq: 2
        -> DUPLICATE (seq < expected), ignoring
V2VNativeBridge1: Received message from 0 with length 685
[V2V Layer 1] Received message from replica 0 via JNI
    [Reliability 1] handleIncomingMessage() called
        Type: DATA
        From: 0
        SeqNum: 1
        Expected seq: 2
        -> DUPLICATE (seq < expected), ignoring
V2VNativeBridge5: Received message from 0 with length 685
[V2V Layer 5] Received message from replica 0 via JNI
    [Reliability 5] handleIncomingMessage() called
        Type: DATA
        From: 0
        SeqNum: 1
        Expected seq: 2
        -> DUPLICATE (seq < expected), ignoring
V2VNativeBridge2: Received message from 4 with length 763
[V2V Layer 2] Received message from replica 4 via JNI
    [Reliability 2] handleIncomingMessage() called
        Type: DATA
        From: 4
        SeqNum: 0
        Expected seq: 1
        -> DUPLICATE (seq < expected), ignoring
V2VNativeBridge5: Received message from 4 with length 763
[V2V Layer 5] Received message from replica 4 via JNI
    [Reliability 5] handleIncomingMessage() called
        Type: DATA
        From: 4
        SeqNum: 0
        Expected seq: 1
        -> DUPLICATE (seq < expected), ignoring
V2VNativeBridge3: Received message from 4 with length 763
[V2V Layer 3] Received message from replica 4 via JNI
    [Reliability 3] handleIncomingMessage() called
        Type: DATA
        From: 4
        SeqNum: 0
        Expected seq: 1
        -> DUPLICATE (seq < expected), ignoring
[V2VProxy 0] *** RECEIVED V2V message #16 from=4 to=-1 (broadcast=YES) at t=4.856002895981
V2VNativeBridge0: Received message from 4 with length 763
[V2V Layer 0] Received message from replica 4 via JNI
    [Reliability 0] handleIncomingMessage() called
        Type: DATA
        From: 4
        SeqNum: 0
        Expected seq: 1
        -> DUPLICATE (seq < expected), ignoring
V2VNativeBridge1: Received message from 4 with length 763
[V2V Layer 1] Received message from replica 4 via JNI
    [Reliability 1] handleIncomingMessage() called
        Type: DATA
        From: 4
        SeqNum: 0
        Expected seq: 1
        -> DUPLICATE (seq < expected), ignoring
V2VNativeBridge6: Received message from 4 with length 763
[V2V Layer 6] Received message from replica 4 via JNI
    [Reliability 6] handleIncomingMessage() called
        Type: DATA
        From: 4
        SeqNum: 0
        Expected seq: 1
        -> DUPLICATE (seq < expected), ignoring
V2VNativeBridge7: Received message from 4 with length 763
[V2V Layer 7] Received message from replica 4 via JNI
    [Reliability 7] handleIncomingMessage() called
        Type: DATA
        From: 4
        SeqNum: 0
        Expected seq: 1
        -> DUPLICATE (seq < expected), ignoring
V2VNativeBridge0: Sending message to -1 with length 1028
[JNI] nativeSendMessage: 0 -> -1
[JNI] Sending 1028 bytes (0->-1)
[DEBUG V2VProxy 0] Queue has space - adding message
[JNI] Message queued successfully
[Reliability] Resending seq=1 because 1600ms (sim time) passed.
[V2VProxy 0] *** RECEIVED V2V message #17 from=6 to=-1 (broadcast=YES) at t=4.857485924286
V2VNativeBridge0: Received message from 6 with length 763
[Reliability 0] Retransmitting seq=1 to replica 3 (attempt 1/20 with jitter=134ms)
[V2V Layer 0] Received message from replica 6 via JNI
V2VNativeBridge0: Sending message to -1 with length 685
[JNI] nativeSendMessage: 0 -> -1
[JNI] Sending 685 bytes (0->-1)
    [Reliability 0] handleIncomingMessage() called
        Type: DATA
        From: 6
        SeqNum: 0
        Expected seq: 1
        -> DUPLICATE (seq < expected), ignoring
[DEBUG V2VProxy 0] Queue has space - adding message
[JNI] Message queued successfully
[Reliability] Resending seq=1 because 1595ms (sim time) passed.
V2VNativeBridge3: Received message from 6 with length 763
[V2V Layer 3] Received message from replica 6 via JNI
[Reliability 0] Retransmitting seq=1 to replica 4 (attempt 1/20 with jitter=66ms)
V2VNativeBridge4: Sending message to -1 with length 685
[JNI] nativeSendMessage: 4 -> -1
[JNI] Sending 685 bytes (4->-1)
[DEBUG V2VProxy 4] Queue has space - adding message
[JNI] Message queued successfully
    [Reliability 3] handleIncomingMessage() called
        Type: DATA
        From: 6
        SeqNum: 0
V2VNativeBridge0: Sending message to -1 with length 685
[JNI] nativeSendMessage: 0 -> -1
[JNI] Sending 685 bytes (0->-1)
[DEBUG V2VProxy 0] Queue has space - adding message
[JNI] Message queued successfully
[Reliability] Resending seq=1 because 1595ms (sim time) passed.
V2VNativeBridge3: Sending message to -1 with length 685
[JNI] nativeSendMessage: 3 -> -1
[JNI] Sending 685 bytes (3->-1)
        Expected seq: 1
        -> DUPLICATE (seq < expected), ignoring
[Reliability 0] Retransmitting seq=1 to replica 5 (attempt 1/20 with jitter=14ms)
[DEBUG V2VProxy 3] Queue has space - adding message
[JNI] Message queued successfully
V2VNativeBridge0: Sending message to -1 with length 685
[JNI] nativeSendMessage: 0 -> -1
[JNI] Sending 685 bytes (0->-1)
[DEBUG V2VProxy 0] Queue has space - adding message
[JNI] Message queued successfully
[Reliability] Resending seq=1 because 1595ms (sim time) passed.
[Reliability 0] Retransmitting seq=1 to replica 6 (attempt 1/20 with jitter=127ms)
V2VNativeBridge0: Sending message to -1 with length 685
[JNI] nativeSendMessage: 0 -> -1
[JNI] Sending 685 bytes (0->-1)
[DEBUG V2VProxy 0] Queue has space - adding message
[JNI] Message queued successfully
[Reliability] Resending seq=1 because 1595ms (sim time) passed.
[Reliability 0] Retransmitting seq=1 to replica 7 (attempt 1/20 with jitter=70ms)
V2VNativeBridge7: Received message from 6 with length 763
[V2V Layer 7] Received message from replica 6 via JNI
V2VNativeBridge0: Sending message to -1 with length 685
[JNI] nativeSendMessage: 0 -> -1
[JNI] Sending 685 bytes (0->-1)
[DEBUG V2VProxy 0] Queue has space - adding message
[JNI] Message queued successfully
    [Reliability 7] handleIncomingMessage() called
        Type: DATA
        From: 6
        SeqNum: 0
        Expected seq: 1
        -> DUPLICATE (seq < expected), ignoring
V2VNativeBridge2: Received message from 6 with length 763
[V2V Layer 2] Received message from replica 6 via JNI
    [Reliability 2] handleIncomingMessage() called
        Type: DATA
        From: 6
        SeqNum: 0
        Expected seq: 1
        -> DUPLICATE (seq < expected), ignoring
V2VNativeBridge1: Received message from 6 with length 763
[V2V Layer 1] Received message from replica 6 via JNI
    [Reliability 1] handleIncomingMessage() called
        Type: DATA
        From: 6
        SeqNum: 0
        Expected seq: 1
        -> DUPLICATE (seq < expected), ignoring
V2VNativeBridge4: Received message from 6 with length 763
[V2V Layer 4] Received message from replica 6 via JNI
    [Reliability 4] handleIncomingMessage() called
        Type: DATA
        From: 6
        SeqNum: 0
        Expected seq: 1
        -> DUPLICATE (seq < expected), ignoring
V2VNativeBridge5: Received message from 6 with length 763
[V2V Layer 5] Received message from replica 6 via JNI
    [Reliability 5] handleIncomingMessage() called
        Type: DATA
        From: 6
        SeqNum: 0
        Expected seq: 1
        -> DUPLICATE (seq < expected), ignoring
V2VNativeBridge1: Received message from 2 with length 763
[V2V Layer 1] Received message from replica 2 via JNI
V2VNativeBridge2: Sending message to -1 with length 685
[JNI] nativeSendMessage: 2 -> -1
[JNI] Sending 685 bytes (2->-1)
[DEBUG V2VProxy 2] Queue has space - adding message
[JNI] Message queued successfully
[Reliability] Resending seq=1 because 1531ms (sim time) passed.
[Reliability 2] Retransmitting seq=1 to replica 3 (attempt 1/20 with jitter=90ms)
    [Reliability 1] handleIncomingMessage() called
        Type: DATA
V2VNativeBridge2: Sending message to -1 with length 857
[JNI] nativeSendMessage: 2 -> -1
[JNI] Sending 857 bytes (2->-1)
[DEBUG V2VProxy 2] Queue has space - adding message
[JNI] Message queued successfully
        From: 2
        SeqNum: 0
[Reliability] Resending seq=1 because 1538ms (sim time) passed.
[Reliability 2] Retransmitting seq=1 to replica 4 (attempt 1/20 with jitter=200ms)
V2VNativeBridge2: Sending message to -1 with length 857
[JNI] nativeSendMessage: 2 -> -1
[JNI] Sending 857 bytes (2->-1)
[DEBUG V2VProxy 2] Queue has space - adding message
        Expected seq: 2
        -> DUPLICATE (seq < expected), ignoring
[JNI] Message queued successfully
[Reliability] Resending seq=1 because 1538ms (sim time) passed.
[Reliability 2] Retransmitting seq=1 to replica 5 (attempt 1/20 with jitter=145ms)
V2VNativeBridge5: Sending message to -1 with length 856
[JNI] nativeSendMessage: 5 -> -1
[JNI] Sending 856 bytes (5->-1)
[DEBUG V2VProxy 5] Queue has space - adding message
[JNI] Message queued successfully
V2VNativeBridge2: Sending message to -1 with length 779
[JNI] nativeSendMessage: 2 -> -1
[JNI] Sending 779 bytes (2->-1)
[DEBUG V2VProxy 2] Queue has space - adding message
[JNI] Message queued successfully
[Reliability] Resending seq=0 because 1607ms (sim time) passed.
[Reliability] Resending seq=1 because 1538ms (sim time) passed.
[Reliability 5] Retransmitting seq=0 to replica 3 (attempt 1/20 with jitter=259ms)
[Reliability 2] Retransmitting seq=1 to replica 6 (attempt 1/20 with jitter=189ms)
V2VNativeBridge2: Sending message to -1 with length 857
[JNI] nativeSendMessage: 2 -> -1
[JNI] Sending 857 bytes (2->-1)
[DEBUG V2VProxy 2] Queue has space - adding message
V2VNativeBridge5: Sending message to -1 with length 685[JNI] Message queued successfully

[JNI] nativeSendMessage: 5 -> -1
[JNI] Sending 685 bytes (5->-1)
[DEBUG V2VProxy 5] Queue has space - adding message
[JNI] Message queued successfully
[Reliability] Resending seq=1 because 1538ms (sim time) passed.
[Reliability] Resending seq=1 because 1529ms (sim time) passed.
[Reliability 2] Retransmitting seq=1 to replica 7 (attempt 1/20 with jitter=214ms)
[Reliability 5] Retransmitting seq=1 to replica 3 (attempt 1/20 with jitter=224ms)
V2VNativeBridge5: Sending message to -1 with length 856
[JNI] nativeSendMessage: 5 -> -1
[JNI] Sending 856 bytes (5->-1)
[DEBUG V2VProxy 5] Queue has space - adding message
[JNI] Message queued successfully
[Reliability] Resending seq=1 because 1529ms (sim time) passed.
[Reliability 5] Retransmitting seq=1 to replica 4 (attempt 1/20 with jitter=91ms)
V2VNativeBridge2: Sending message to -1 with length 779
[JNI] nativeSendMessage: 2 -> -1
[JNI] Sending 779 bytes (2->-1)
[DEBUG V2VProxy 2] Queue has space - adding message
V2VNativeBridge5: Sending message to -1 with length 856[JNI] Message queued successfully

[JNI] nativeSendMessage: 5 -> -1
[JNI] Sending 856 bytes (5->-1)
[DEBUG V2VProxy 5] Queue has space - adding message
[JNI] Message queued successfully
[Reliability] Resending seq=1 because 1529ms (sim time) passed.
[Reliability 5] Retransmitting seq=1 to replica 6 (attempt 1/20 with jitter=54ms)
V2VNativeBridge5: Sending message to -1 with length 856
[JNI] nativeSendMessage: 5 -> -1
[JNI] Sending 856 bytes (5->-1)
[DEBUG V2VProxy 5] Queue has space - adding message
[JNI] Message queued successfully
[Reliability] Resending seq=1 because 1529ms (sim time) passed.
[Reliability 5] Retransmitting seq=1 to replica 7 (attempt 1/20 with jitter=277ms)
V2VNativeBridge5: Sending message to -1 with length 778
[JNI] nativeSendMessage: 5 -> -1
[JNI] Sending 778 bytes (5->-1)
[DEBUG V2VProxy 5] Queue has space - adding message
[JNI] Message queued successfully
V2VNativeBridge4: Received message from 5 with length 870
[V2V Layer 4] Received message from replica 5 via JNI
    [Reliability 4] handleIncomingMessage() called
        Type: DATA
        From: 5
        SeqNum: 1
V2VNativeBridge7: Sending message to -1 with length 780
[JNI] nativeSendMessage: 7 -> -1
[JNI] Sending 780 bytes (7->-1)
[DEBUG V2VProxy 7] Queue has space - adding message
[JNI] Message queued successfully
        Expected seq: 0
        -> OUT OF ORDER (seq=1, expected=0), buffering
[Reliability] Resending seq=1 because 1529ms (sim time) passed.
[Reliability 7] Retransmitting seq=1 to replica 2 (attempt 1/20 with jitter=201ms)
V2VNativeBridge2: Received message from 5 with length 870
[V2V Layer 2] Received message from replica 5 via JNI
V2VNativeBridge7: Sending message to -1 with length 858
[JNI] nativeSendMessage: 7 -> -1
[JNI] Sending 858 bytes (7->-1)
[DEBUG V2VProxy 7] Queue has space - adding message
[JNI] Message queued successfully
    [Reliability 2] handleIncomingMessage() called
        Type: DATA
        From: 5
        SeqNum: 1
[Reliability] Resending seq=0 because 1607ms (sim time) passed.
[Reliability 7] Retransmitting seq=0 to replica 3 (attempt 1/20 with jitter=153ms)
V2VNativeBridge7: Sending message to -1 with length 685
[JNI] nativeSendMessage: 7 -> -1
[JNI] Sending 685 bytes (7->-1)
[DEBUG V2VProxy 7] Queue has space - adding message
[JNI] Message queued successfully
        Expected seq: 0
[Reliability] Resending seq=1 because 1529ms (sim time) passed.
        -> OUT OF ORDER (seq=1, expected=0), buffering
[Reliability 7] Retransmitting seq=1 to replica 3 (attempt 1/20 with jitter=30ms)
V2VNativeBridge7: Sending message to -1 with length 858
[JNI] nativeSendMessage: 7 -> -1
[JNI] Sending 858 bytes (7->-1)
[DEBUG V2VProxy 7] Queue has space - adding message
[JNI] Message queued successfully
[Reliability] Resending seq=1 because 1529ms (sim time) passed.
[Reliability 7] Retransmitting seq=1 to replica 4 (attempt 1/20 with jitter=232ms)
V2VNativeBridge7: Sending message to -1 with length 858
[JNI] nativeSendMessage: 7 -> -1
[JNI] Sending 858 bytes (7->-1)
[DEBUG V2VProxy 7] Queue has space - adding message
[JNI] Message queued successfully
[Reliability] Resending seq=1 because 1529ms (sim time) passed.
[Reliability 7] Retransmitting seq=1 to replica 5 (attempt 1/20 with jitter=298ms)
V2VNativeBridge7: Sending message to -1 with length 780
[JNI] nativeSendMessage: 7 -> -1
[JNI] Sending 780 bytes (7->-1)
[DEBUG V2VProxy 7] Queue has space - adding message
[JNI] Message queued successfully
V2VNativeBridge3: Received message from 5 with length 870
[Reliability] Resending seq=1 because 1529ms (sim time) passed.
[Reliability 7] Retransmitting seq=1 to replica 6 (attempt 1/20 with jitter=107ms)
[V2V Layer 3] Received message from replica 5 via JNI
V2VNativeBridge7: Sending message to -1 with length 858
[JNI] nativeSendMessage: 7 -> -1
[JNI] Sending 858 bytes (7->-1)
[DEBUG V2VProxy 7] Queue has space - adding message
[JNI] Message queued successfully
    [Reliability 3] handleIncomingMessage() called
        Type: DATA
        From: 5
        SeqNum: 1
        Expected seq: 0
        -> OUT OF ORDER (seq=1, expected=0), buffering
[V2VProxy 0] *** RECEIVED V2V message #18 from=5 to=-1 (broadcast=YES) at t=4.862337348408
V2VNativeBridge0: Received message from 5 with length 870
[V2V Layer 0] Received message from replica 5 via JNI
    [Reliability 0] handleIncomingMessage() called
        Type: DATA
        From: 5
        SeqNum: 1
        Expected seq: 0
        -> OUT OF ORDER (seq=1, expected=0), buffering
V2VNativeBridge1: Received message from 5 with length 870
[V2V Layer 1] Received message from replica 5 via JNI
    [Reliability 1] handleIncomingMessage() called
        Type: DATA
        From: 5
        SeqNum: 1
        Expected seq: 0
        -> OUT OF ORDER (seq=1, expected=0), buffering
V2VNativeBridge6: Received message from 5 with length 870
[V2V Layer 6] Received message from replica 5 via JNI
    [Reliability 6] handleIncomingMessage() called
        Type: DATA
        From: 5
        SeqNum: 1
        Expected seq: 0
        -> OUT OF ORDER (seq=1, expected=0), buffering
[V2VProxy 7] Delivering message #201 from replica 5 to Java (870 bytes)
V2VNativeBridge7: Received message from 5 with length 870
[V2V Layer 7] Received message from replica 5 via JNI
    [Reliability 7] handleIncomingMessage() called
        Type: DATA
        From: 5
        SeqNum: 1
        Expected seq: 0
        -> OUT OF ORDER (seq=1, expected=0), buffering
V2VNativeBridge1: Sending message to -1 with length 870
[JNI] nativeSendMessage: 1 -> -1
[JNI] Sending 870 bytes (1->-1)
[DEBUG V2VProxy 1] Queue has space - adding message
[JNI] Message queued successfully
[Reliability] Resending seq=1 because 1534ms (sim time) passed.
[Reliability 1] Retransmitting seq=1 to replica 2 (attempt 1/20 with jitter=220ms)
V2VNativeBridge1: Sending message to -1 with length 856
[JNI] nativeSendMessage: 1 -> -1
[JNI] Sending 856 bytes (1->-1)
[DEBUG V2VProxy 1] Queue has space - adding message
[JNI] Message queued successfully
[Reliability] Resending seq=0 because 1612ms (sim time) passed.
[Reliability 1] Retransmitting seq=0 to replica 3 (attempt 1/20 with jitter=85ms)
V2VNativeBridge1: Sending message to -1 with length 685
[JNI] nativeSendMessage: 1 -> -1
[JNI] Sending 685 bytes (1->-1)
[DEBUG V2VProxy 1] Queue has space - adding message
[JNI] Message queued successfully
[Reliability] Resending seq=1 because 1534ms (sim time) passed.
[Reliability 1] Retransmitting seq=1 to replica 3 (attempt 1/20 with jitter=121ms)
V2VNativeBridge1: Sending message to -1 with length 856
[JNI] nativeSendMessage: 1 -> -1
[JNI] Sending 856 bytes (1->-1)
[DEBUG V2VProxy 1] Queue has space - adding message
[JNI] Message queued successfully
[Reliability] Resending seq=1 because 1534ms (sim time) passed.
[Reliability 1] Retransmitting seq=1 to replica 4 (attempt 1/20 with jitter=198ms)
V2VNativeBridge1: Sending message to -1 with length 856
[JNI] nativeSendMessage: 1 -> -1
[JNI] Sending 856 bytes (1->-1)
[DEBUG V2VProxy 1] Queue has space - adding message
[JNI] Message queued successfully
[Reliability] Resending seq=1 because 1534ms (sim time) passed.
[Reliability 1] Retransmitting seq=1 to replica 6 (attempt 1/20 with jitter=18ms)
V2VNativeBridge1: Sending message to -1 with length 856
[JNI] nativeSendMessage: 1 -> -1
[JNI] Sending 856 bytes (1->-1)
[DEBUG V2VProxy 1] Queue has space - adding message
[JNI] Message queued successfully
[Reliability] Resending seq=1 because 1534ms (sim time) passed.
[Reliability 1] Retransmitting seq=1 to replica 7 (attempt 1/20 with jitter=40ms)
V2VNativeBridge1: Sending message to -1 with length 778
[JNI] nativeSendMessage: 1 -> -1
[JNI] Sending 778 bytes (1->-1)
[DEBUG V2VProxy 1] Queue has space - adding message
[JNI] Message queued successfully
V2VNativeBridge6: Received message from 7 with length 763
[V2V Layer 6] Received message from replica 7 via JNI
    [Reliability 6] handleIncomingMessage() called
        Type: DATA
        From: 7
        SeqNum: 0
        Expected seq: 0
        -> IN ORDER, delivering immediately
    [Reliability 6] deliverMessage() - deserializing payload
        Deserialized: ConsensusMessage
        DEBUG: envelope.fromReplicaId=7, message.getSender()=7
=== [V2V Layer 6] DELIVER to BFT-SMaRt ===
    Message type: ConsensusMessage
    From replica: 7
    InQueue size before: 0
    InQueue size after: 1
=== [V2V Layer 6] DELIVER successful ===
    [Reliability 6] deliverMessage() - deserializing payload
        Deserialized: ConsensusMessage
        DEBUG: envelope.fromReplicaId=7, message.getSender()=7
=== [V2V Layer 6] DELIVER to BFT-SMaRt ===
    Message type: ConsensusMessage
    From replica: 7
    InQueue size before: 0
19:58:01.743 [Server Comm. System] INFO bftsmart.communication.ServerCommunicationSystem - === ServerCommunicationSystem RECEIVED message ===
    InQueue size after: 1
=== [V2V Layer 6] DELIVER successful ===
19:58:01.743 [Server Comm. System] INFO bftsmart.communication.ServerCommunicationSystem -     Message type: ConsensusMessage
19:58:01.743 [Server Comm. System] INFO bftsmart.communication.ServerCommunicationSystem -     From: 7
19:58:01.743 [Server Comm. System] INFO bftsmart.communication.ServerCommunicationSystem -     Message count: 6
19:58:01.743 [Server Comm. System] DEBUG bftsmart.communication.ServerCommunicationSystem - <-- receiving, msg:type=WRITE, number=0, epoch=0, from=7
19:58:01.743 [Server Comm. System] DEBUG bftsmart.tom.core.ExecutionManager - Received message  type=WRITE, number=0, epoch=0, from=7
19:58:01.743 [Server Comm. System] DEBUG bftsmart.tom.core.ExecutionManager - I'm at consensus 0 and my last consensus is -1
19:58:01.743 [Server Comm. System] DEBUG bftsmart.tom.core.ExecutionManager - Message for consensus 0 can be processed
19:58:01.743 [Server Comm. System] DEBUG bftsmart.consensus.roles.Acceptor - Processing paxos msg with id 0
[V2VProxy 0] *** RECEIVED V2V message #19 from=7 to=-1 (broadcast=YES) at t=4.863820466693
V2VNativeBridge0: Received message from 7 with length 763
19:58:01.743 [Server Comm. System] DEBUG bftsmart.consensus.roles.Acceptor - WRITE received from:7, for consensus cId:0
[V2V Layer 0] Received message from replica 7 via JNI
    [Reliability 0] handleIncomingMessage() called
        Type: DATA
        From: 7
        SeqNum: 0
        Expected seq: 0
        -> IN ORDER, delivering immediately
    [Reliability 0] deliverMessage() - deserializing payload
        Deserialized: ConsensusMessage
        DEBUG: envelope.fromReplicaId=7, message.getSender()=7
=== [V2V Layer 0] DELIVER to BFT-SMaRt ===
    Message type: ConsensusMessage
    From replica: 7
    InQueue size before: 0
    InQueue size after: 1
=== [V2V Layer 0] DELIVER successful ===
    [Reliability 0] deliverMessage() - deserializing payload
        Deserialized: ConsensusMessage
        DEBUG: envelope.fromReplicaId=7, message.getSender()=7
=== [V2V Layer 0] DELIVER to BFT-SMaRt ===
    Message type: ConsensusMessage
    From replica: 7
    InQueue size before: 0
    InQueue size after: 1
=== [V2V Layer 0] DELIVER successful ===
19:58:01.744 [Server Comm. System] INFO bftsmart.communication.ServerCommunicationSystem - === ServerCommunicationSystem RECEIVED message ===
19:58:01.744 [Server Comm. System] INFO bftsmart.communication.ServerCommunicationSystem -     Message type: ConsensusMessage
19:58:01.744 [Server Comm. System] INFO bftsmart.communication.ServerCommunicationSystem -     From: 7
19:58:01.744 [Server Comm. System] INFO bftsmart.communication.ServerCommunicationSystem -     Message count: 6
19:58:01.744 [Server Comm. System] DEBUG bftsmart.communication.ServerCommunicationSystem - <-- receiving, msg:type=WRITE, number=0, epoch=0, from=7
19:58:01.744 [Server Comm. System] DEBUG bftsmart.tom.core.ExecutionManager - Received message  type=WRITE, number=0, epoch=0, from=7
19:58:01.744 [Server Comm. System] DEBUG bftsmart.tom.core.ExecutionManager - I'm at consensus 0 and my last consensus is -1
19:58:01.744 [Server Comm. System] DEBUG bftsmart.tom.core.ExecutionManager - Message for consensus 0 can be processed
V2VNativeBridge1: Received message from 7 with length 763
[V2V Layer 1] Received message from replica 7 via JNI
19:58:01.744 [Server Comm. System] DEBUG bftsmart.consensus.roles.Acceptor - Processing paxos msg with id 0
19:58:01.744 [Server Comm. System] DEBUG bftsmart.consensus.roles.Acceptor - WRITE received from:7, for consensus cId:0
19:58:01.744 [Server Comm. System] DEBUG bftsmart.consensus.roles.Acceptor - I have 6, WRITE's for cId:0, Epoch timestamp:0,
[Acceptor 0] computeWrite: cId=0, writeAccepted=6, quorum=5
19:58:01.744 [Server Comm. System] DEBUG bftsmart.consensus.roles.Acceptor - Sending ACCEPT message, cId:0, I am:0
19:58:01.744 [Server Comm. System] DEBUG bftsmart.consensus.roles.Acceptor - Setting consensus 0 QuorumWrite tiemstamp to 0 and value [-45, 25, -116, -96, 91, -76, -17, -43, -112, 77, 15, 113, 110, -5, 113, -29, 95, 47, -94, -55, 84, -102, -108, 31, -59, 118, 4, -121, -103, -19, -114, -111]
    [Reliability 1] handleIncomingMessage() called
        Type: DATA
        From: 7
        SeqNum: 0
19:58:01.744 [Server Comm. System] DEBUG bftsmart.consensus.roles.Acceptor - Speculative ACCEPT message for consensus 0 matches the written value, sending it to the other replicas
[Acceptor 0] ABOUT TO SEND speculative ACCEPT for cId=0 to targets=[0, 1, 2, 3, 4, 5, 6, 7]
        Expected seq: 0
        -> IN ORDER, delivering immediately
    [Reliability 1] deliverMessage() - deserializing payload
=== [V2V Layer 0] SEND called ===
    Targets: [0, 1, 2, 3, 4, 5, 6, 7]
    Message type: ConsensusMessage
    Sender: 0
    -> Self-delivery to replica 0
=== [V2V Layer 0] DELIVER to BFT-SMaRt ===
    Message type: ConsensusMessage
    From replica: 0
    InQueue size before: 1
    InQueue size after: 2
=== [V2V Layer 0] DELIVER successful ===
    -> Sending to replica 1 via V2V
        Deserialized: ConsensusMessage
        DEBUG: envelope.fromReplicaId=7, message.getSender()=7
=== [V2V Layer 1] DELIVER to BFT-SMaRt ===
    Message type: ConsensusMessage
    From replica: 7
    InQueue size before: 0
    [Reliability 0] sendReliable() called
        Target: 1
        Message type: ConsensusMessage
    InQueue size after: 1
        Sequence number: 2
=== [V2V Layer 1] DELIVER successful ===
    [Reliability 1] deliverMessage() - deserializing payload
19:58:01.744 [Server Comm. System] INFO bftsmart.communication.ServerCommunicationSystem - === ServerCommunicationSystem RECEIVED message ===
19:58:01.744 [Server Comm. System] INFO bftsmart.communication.ServerCommunicationSystem -     Message type: ConsensusMessage
19:58:01.744 [Server Comm. System] INFO bftsmart.communication.ServerCommunicationSystem -     From: 7
19:58:01.744 [Server Comm. System] INFO bftsmart.communication.ServerCommunicationSystem -     Message count: 8
19:58:01.744 [Server Comm. System] DEBUG bftsmart.communication.ServerCommunicationSystem - <-- receiving, msg:type=WRITE, number=0, epoch=0, from=7
        Deserialized: ConsensusMessage
19:58:01.744 [Server Comm. System] DEBUG bftsmart.tom.core.ExecutionManager - Received message  type=WRITE, number=0, epoch=0, from=7
        DEBUG: envelope.fromReplicaId=7, message.getSender()=7
19:58:01.744 [Server Comm. System] DEBUG bftsmart.tom.core.ExecutionManager - I'm at consensus 0 and my last consensus is -1
=== [V2V Layer 1] DELIVER to BFT-SMaRt ===
    Message type: ConsensusMessage
19:58:01.744 [Server Comm. System] DEBUG bftsmart.tom.core.ExecutionManager - Message for consensus 0 can be processed
    From replica: 7
    InQueue size before: 0
    InQueue size after: 1
=== [V2V Layer 1] DELIVER successful ===
        Payload size: 266 bytes
        [Reliability 0] Piggybacked 1 ACKs to replica 1
V2VNativeBridge3: Received message from 7 with length 763
[V2V Layer 3] Received message from replica 7 via JNI
19:58:01.744 [Server Comm. System] DEBUG bftsmart.consensus.roles.Acceptor - Processing paxos msg with id 0
V2VNativeBridge0: Sending message to -1 with length 857
[JNI] nativeSendMessage: 0 -> -1
[JNI] Sending 857 bytes (0->-1)
[DEBUG V2VProxy 0] Queue has space - adding message
[JNI] Message queued successfully
        [Reliability 0] Sent seq=2 to replica 1
    -> Sending to replica 2 via V2V
    [Reliability 0] sendReliable() called
        Target: 2
    [Reliability 3] handleIncomingMessage() called
19:58:01.745 [Server Comm. System] DEBUG bftsmart.consensus.roles.Acceptor - WRITE received from:7, for consensus cId:0
        Type: DATA
        From: 7
        SeqNum: 0
19:58:01.745 [Server Comm. System] DEBUG bftsmart.consensus.roles.Acceptor - I have 7, WRITE's for cId:0, Epoch timestamp:0,
        Message type: ConsensusMessage
        Sequence number: 2
19:58:01.743 [Server Comm. System] DEBUG bftsmart.consensus.roles.Acceptor - I have 6, WRITE's for cId:0, Epoch timestamp:0,
        Payload size: 266 bytes
        [Reliability 0] Piggybacked 2 ACKs to replica 2
[Acceptor 6] computeWrite: cId=0, writeAccepted=6, quorum=5
        Expected seq: 0
V2VNativeBridge0: Sending message to -1 with length 871
[JNI] nativeSendMessage: 0 -> -1
[JNI] Sending 871 bytes (0->-1)
[DEBUG V2VProxy 0] Queue has space - adding message
[JNI] Message queued successfully
        [Reliability 0] Sent seq=2 to replica 2
    -> Sending to replica 3 via V2V
        -> IN ORDER, delivering immediately
    [Reliability 3] deliverMessage() - deserializing payload
[Acceptor 1] computeWrite: cId=0, writeAccepted=7, quorum=5
19:58:01.746 [Server Comm. System] DEBUG bftsmart.consensus.roles.Acceptor - Sending ACCEPT message, cId:0, I am:6
    [Reliability 0] sendReliable() called
        Target: 3
        Message type: ConsensusMessage
        Sequence number: 2
        Deserialized: ConsensusMessage
19:58:01.746 [Server Comm. System] DEBUG bftsmart.consensus.roles.Acceptor - Setting consensus 0 QuorumWrite tiemstamp to 0 and value [-45, 25, -116, -96, 91, -76, -17, -43, -112, 77, 15, 113, 110, -5, 113, -29, 95, 47, -94, -55, 84, -102, -108, 31, -59, 118, 4, -121, -103, -19, -114, -111]
        DEBUG: envelope.fromReplicaId=7, message.getSender()=7
=== [V2V Layer 3] DELIVER to BFT-SMaRt ===
    Message type: ConsensusMessage
    From replica: 7
    InQueue size before: 0
        Payload size: 266 bytes
19:58:01.746 [Server Comm. System] DEBUG bftsmart.consensus.roles.Acceptor - Speculative ACCEPT message for consensus 0 matches the written value, sending it to the other replicas
19:58:01.746 [Server Comm. System] INFO bftsmart.communication.ServerCommunicationSystem - === Message processed ===
        [Reliability 0] Piggybacked 1 ACKs to replica 3
[Acceptor 6] ABOUT TO SEND speculative ACCEPT for cId=0 to targets=[0, 1, 2, 3, 4, 5, 6, 7]
    InQueue size after: 1
=== [V2V Layer 3] DELIVER successful ===
V2VNativeBridge0: Sending message to -1 with length 857
19:58:01.746 [Server Comm. System] INFO bftsmart.communication.ServerCommunicationSystem - === ServerCommunicationSystem RECEIVED message ===
    [Reliability 3] deliverMessage() - deserializing payload[JNI] nativeSendMessage: 0 -> -1

[JNI] Sending 857 bytes (0->-1)
[DEBUG V2VProxy 0] Queue has space - adding message
[JNI] Message queued successfully
        [Reliability 0] Sent seq=2 to replica 3
    -> Sending to replica 4 via V2V
    [Reliability 0] sendReliable() called
        Target: 4
        Message type: ConsensusMessage
        Sequence number: 2
        Payload size: 266 bytes
=== [V2V Layer 6] SEND called ===
        Deserialized: ConsensusMessage
    Targets: [0, 1, 2, 3, 4, 5, 6, 7]
    Message type: ConsensusMessage
    Sender: 6
        [Reliability 0] Piggybacked 1 ACKs to replica 4
    -> Sending to replica 0 via V2V
V2VNativeBridge0: Sending message to -1 with length 857
[JNI] nativeSendMessage: 0 -> -1
    [Reliability 6] sendReliable() called
        Target: 0[JNI] Sending 857 bytes (0->-1)

[DEBUG V2VProxy 0] Queue has space - adding message
        Message type: ConsensusMessage[JNI] Message queued successfully

        DEBUG: envelope.fromReplicaId=7, message.getSender()=7
=== [V2V Layer 3] DELIVER to BFT-SMaRt ===
    Message type: ConsensusMessage
    From replica: 7
    InQueue size before: 0
        [Reliability 0] Sent seq=2 to replica 4
    -> Sending to replica 5 via V2V
    [Reliability 0] sendReliable() called
        Target: 5
        Sequence number: 1
19:58:01.746 [Server Comm. System] INFO bftsmart.communication.ServerCommunicationSystem -     Message type: ConsensusMessage
        Payload size: 265 bytes
        Message type: ConsensusMessage
        Sequence number: 2
    InQueue size after: 1
        Payload size: 266 bytes
        [Reliability 0] Piggybacked 1 ACKs to replica 5
=== [V2V Layer 3] DELIVER successful ===
        [Reliability 6] Piggybacked 2 ACKs to replica 0
V2VNativeBridge0: Sending message to -1 with length 857
[JNI] nativeSendMessage: 0 -> -1
[JNI] Sending 857 bytes (0->-1)
[DEBUG V2VProxy 0] Queue has space - adding message
[JNI] Message queued successfully
        [Reliability 0] Sent seq=2 to replica 5
    -> Sending to replica 6 via V2V
    [Reliability 0] sendReliable() called
        Target: 6
        Message type: ConsensusMessage
        Sequence number: 2
        Payload size: 266 bytes
        [Reliability 0] Piggybacked 1 ACKs to replica 6
V2VNativeBridge6: Sending message to -1 with length 870
[JNI] nativeSendMessage: 6 -> -1
[JNI] Sending 870 bytes (6->-1)
[DEBUG V2VProxy 6] Queue has space - adding message
[JNI] Message queued successfully
19:58:01.746 [Server Comm. System] INFO bftsmart.communication.ServerCommunicationSystem - === ServerCommunicationSystem RECEIVED message ===
        [Reliability 6] Sent seq=1 to replica 0
    -> Sending to replica 1 via V2V
    [Reliability 6] sendReliable() called
        Target: 1
        Message type: ConsensusMessage
        Sequence number: 1
V2VNativeBridge0: Sending message to -1 with length 857
[JNI] nativeSendMessage: 0 -> -1
[JNI] Sending 857 bytes (0->-1)
[DEBUG V2VProxy 0] Queue has space - adding message
[JNI] Message queued successfully
        Payload size: 265 bytes
        [Reliability 0] Sent seq=2 to replica 6
        [Reliability 6] Piggybacked 1 ACKs to replica 1
    -> Sending to replica 7 via V2V
    [Reliability 0] sendReliable() called
        Target: 7
19:58:01.747 [Server Comm. System] INFO bftsmart.communication.ServerCommunicationSystem -     Message type: ConsensusMessage
V2VNativeBridge6: Sending message to -1 with length 856
[JNI] nativeSendMessage: 6 -> -1
[JNI] Sending 856 bytes (6->-1)
[DEBUG V2VProxy 6] Queue has space - adding message
[JNI] Message queued successfully
        [Reliability 6] Sent seq=1 to replica 1
    -> Sending to replica 2 via V2V
V2VNativeBridge2: Received message from 7 with length 763
[V2V Layer 2] Received message from replica 7 via JNI
    [Reliability 6] sendReliable() called
        Target: 2
        Message type: ConsensusMessage
        Sequence number: 1
19:58:01.747 [Server Comm. System] INFO bftsmart.communication.ServerCommunicationSystem -     From: 7
        Payload size: 265 bytes
        [Reliability 6] Piggybacked 2 ACKs to replica 2
        Message type: ConsensusMessage
        Sequence number: 2
V2VNativeBridge6: Sending message to -1 with length 870
[JNI] nativeSendMessage: 6 -> -1
    [Reliability 2] handleIncomingMessage() called[JNI] Sending 870 bytes (6->-1)
[DEBUG V2VProxy 6] Queue has space - adding message

[JNI] Message queued successfully
        Type: DATA
        Payload size: 266 bytes
        [Reliability 0] Piggybacked 2 ACKs to replica 7
        From: 7
        SeqNum: 0
19:58:01.747 [Server Comm. System] INFO bftsmart.communication.ServerCommunicationSystem -     Message count: 9
V2VNativeBridge0: Sending message to -1 with length 871
19:58:01.747 [Server Comm. System] DEBUG bftsmart.communication.ServerCommunicationSystem - <-- receiving, msg:type=ACCEPT, number=0, epoch=0, from=7
19:58:01.747 [Server Comm. System] DEBUG bftsmart.tom.core.ExecutionManager - Received message  type=ACCEPT, number=0, epoch=0, from=7
19:58:01.747 [Server Comm. System] DEBUG bftsmart.tom.core.ExecutionManager - I'm at consensus 0 and my last consensus is -1
        Expected seq: 0[JNI] nativeSendMessage: 0 -> -1

[JNI] Sending 871 bytes (0->-1)
[DEBUG V2VProxy 0] Queue has space - adding message
        -> IN ORDER, delivering immediately[JNI] Message queued successfully

        [Reliability 0] Sent seq=2 to replica 7
=== [V2V Layer 0] SEND complete ===
[Acceptor 0] SENT speculative ACCEPT for cId=0
    [Reliability 2] deliverMessage() - deserializing payload
        [Reliability 6] Sent seq=1 to replica 2
        Deserialized: ConsensusMessage
    -> Sending to replica 3 via V2V
    [Reliability 6] sendReliable() called
        Target: 3
        Message type: ConsensusMessage
        Sequence number: 1
        DEBUG: envelope.fromReplicaId=7, message.getSender()=7
=== [V2V Layer 2] DELIVER to BFT-SMaRt ===
    Message type: ConsensusMessage
    From replica: 7
    InQueue size before: 0
19:58:01.747 [Server Comm. System] DEBUG bftsmart.tom.core.ExecutionManager - Message for consensus 0 can be processed
        Payload size: 265 bytes
    InQueue size after: 1
        [Reliability 6] Piggybacked 1 ACKs to replica 3
=== [V2V Layer 2] DELIVER successful ===
    [Reliability 2] deliverMessage() - deserializing payload
V2VNativeBridge6: Sending message to -1 with length 856
[JNI] nativeSendMessage: 6 -> -1
[JNI] Sending 856 bytes (6->-1)
[DEBUG V2VProxy 6] Queue has space - adding message
[JNI] Message queued successfully
        [Reliability 6] Sent seq=1 to replica 3
    -> Sending to replica 4 via V2V
    [Reliability 6] sendReliable() called
        Target: 4
        Message type: ConsensusMessage
        Deserialized: ConsensusMessage
        DEBUG: envelope.fromReplicaId=7, message.getSender()=7
=== [V2V Layer 2] DELIVER to BFT-SMaRt ===
    Message type: ConsensusMessage
    From replica: 7
    InQueue size before: 0
    InQueue size after: 1
=== [V2V Layer 2] DELIVER successful ===
        Sequence number: 1
        Payload size: 265 bytes
19:58:01.747 [Server Comm. System] DEBUG bftsmart.consensus.roles.Acceptor - Processing paxos msg with id 0
        [Reliability 6] Piggybacked 1 ACKs to replica 4
V2VNativeBridge6: Sending message to -1 with length 856
[JNI] nativeSendMessage: 6 -> -1
[JNI] Sending 856 bytes (6->-1)
[DEBUG V2VProxy 6] Queue has space - adding message
[JNI] Message queued successfully
        [Reliability 6] Sent seq=1 to replica 4
    -> Sending to replica 5 via V2V
    [Reliability 6] sendReliable() called
        Target: 5
19:58:01.747 [Server Comm. System] INFO bftsmart.communication.ServerCommunicationSystem -     From: 7
        Message type: ConsensusMessage
        Sequence number: 1
19:58:01.748 [Server Comm. System] INFO bftsmart.communication.ServerCommunicationSystem -     Message count: 6
        Payload size: 265 bytes
        [Reliability 6] Piggybacked 1 ACKs to replica 5
V2VNativeBridge4: Received message from 7 with length 763
[V2V Layer 4] Received message from replica 7 via JNI
V2VNativeBridge6: Sending message to -1 with length 856
[JNI] nativeSendMessage: 6 -> -1
19:58:01.748 [Server Comm. System] DEBUG bftsmart.communication.ServerCommunicationSystem - <-- receiving, msg:type=WRITE, number=0, epoch=0, from=7
[JNI] Sending 856 bytes (6->-1)
[DEBUG V2VProxy 6] Queue has space - adding message
[JNI] Message queued successfully
        [Reliability 6] Sent seq=1 to replica 5
    -> Self-delivery to replica 6
=== [V2V Layer 6] DELIVER to BFT-SMaRt ===
    Message type: ConsensusMessage
    From replica: 6
    InQueue size before: 1
    InQueue size after: 2
=== [V2V Layer 6] DELIVER successful ===
    -> Sending to replica 7 via V2V
    [Reliability 6] sendReliable() called
        Target: 7
        Message type: ConsensusMessage
19:58:01.748 [Server Comm. System] DEBUG bftsmart.tom.core.ExecutionManager - Received message  type=WRITE, number=0, epoch=0, from=7
    [Reliability 4] handleIncomingMessage() called
        Type: DATA
        From: 7
        SeqNum: 0
        Sequence number: 1
        Expected seq: 0
        -> IN ORDER, delivering immediately
        Payload size: 265 bytes
    [Reliability 4] deliverMessage() - deserializing payload
        [Reliability 6] Piggybacked 2 ACKs to replica 7
19:58:01.748 [Server Comm. System] DEBUG bftsmart.tom.core.ExecutionManager - I'm at consensus 0 and my last consensus is -1
        Deserialized: ConsensusMessage
        DEBUG: envelope.fromReplicaId=7, message.getSender()=7
V2VNativeBridge6: Sending message to -1 with length 870
[JNI] nativeSendMessage: 6 -> -1
[JNI] Sending 870 bytes (6->-1)
[DEBUG V2VProxy 6] Queue has space - adding message
[JNI] Message queued successfully
        [Reliability 6] Sent seq=1 to replica 7
=== [V2V Layer 6] SEND complete ===
[Acceptor 6] SENT speculative ACCEPT for cId=0
=== [V2V Layer 4] DELIVER to BFT-SMaRt ===
    Message type: ConsensusMessage
    From replica: 7
    InQueue size before: 0
19:58:01.748 [Server Comm. System] DEBUG bftsmart.tom.core.ExecutionManager - Message for consensus 0 can be processed
    InQueue size after: 1
=== [V2V Layer 4] DELIVER successful ===
19:58:01.748 [Server Comm. System] DEBUG bftsmart.consensus.roles.Acceptor - Processing paxos msg with id 0
    [Reliability 4] deliverMessage() - deserializing payload
19:58:01.748 [Server Comm. System] DEBUG bftsmart.consensus.roles.Acceptor - WRITE received from:7, for consensus cId:0
19:58:01.747 [Server Comm. System] INFO bftsmart.communication.ServerCommunicationSystem - === Message processed ===
        Deserialized: ConsensusMessage
        DEBUG: envelope.fromReplicaId=7, message.getSender()=7
=== [V2V Layer 4] DELIVER to BFT-SMaRt ===
    Message type: ConsensusMessage
    From replica: 7
    InQueue size before: 0
    InQueue size after: 1
=== [V2V Layer 4] DELIVER successful ===
19:58:01.748 [Server Comm. System] DEBUG bftsmart.consensus.roles.Acceptor - I have 6, WRITE's for cId:0, Epoch timestamp:0,
19:58:01.748 [Server Comm. System] INFO bftsmart.communication.ServerCommunicationSystem - === ServerCommunicationSystem RECEIVED message ===
[Acceptor 3] computeWrite: cId=0, writeAccepted=6, quorum=5
19:58:01.747 [Server Comm. System] INFO bftsmart.communication.ServerCommunicationSystem - === ServerCommunicationSystem RECEIVED message ===
19:58:01.748 [Server Comm. System] DEBUG bftsmart.consensus.roles.Acceptor - ACCEPT from 7 for consensus 0
V2VNativeBridge5: Received message from 7 with length 763
[V2V Layer 5] Received message from replica 7 via JNI
19:58:01.748 [Server Comm. System] INFO bftsmart.communication.ServerCommunicationSystem - === Message processed ===
19:58:01.748 [Server Comm. System] DEBUG bftsmart.consensus.roles.Acceptor - I have 3 ACCEPTs for cId:0, Timestamp:0 
19:58:01.748 [Server Comm. System] INFO bftsmart.communication.ServerCommunicationSystem - === ServerCommunicationSystem RECEIVED message ===
19:58:01.748 [Server Comm. System] INFO bftsmart.communication.ServerCommunicationSystem -     Message type: ConsensusMessage
19:58:01.748 [Server Comm. System] INFO bftsmart.communication.ServerCommunicationSystem -     From: 7
19:58:01.748 [Server Comm. System] INFO bftsmart.communication.ServerCommunicationSystem -     Message count: 7
19:58:01.748 [Server Comm. System] INFO bftsmart.communication.ServerCommunicationSystem - === ServerCommunicationSystem RECEIVED message ===
    [Reliability 5] handleIncomingMessage() called
        Type: DATA
        From: 7
        SeqNum: 0
19:58:01.748 [Server Comm. System] INFO bftsmart.communication.ServerCommunicationSystem -     Message type: ConsensusMessage
19:58:01.748 [Server Comm. System] INFO bftsmart.communication.ServerCommunicationSystem -     From: 7
19:58:01.748 [Server Comm. System] INFO bftsmart.communication.ServerCommunicationSystem -     Message type: ConsensusMessage
19:58:01.748 [Server Comm. System] INFO bftsmart.communication.ServerCommunicationSystem -     Message count: 6
19:58:01.748 [Server Comm. System] DEBUG bftsmart.communication.ServerCommunicationSystem - <-- receiving, msg:type=WRITE, number=0, epoch=0, from=7
        Expected seq: 0
19:58:01.748 [Server Comm. System] DEBUG bftsmart.tom.core.ExecutionManager - Received message  type=WRITE, number=0, epoch=0, from=7
        -> IN ORDER, delivering immediately
19:58:01.748 [Server Comm. System] DEBUG bftsmart.tom.core.ExecutionManager - I'm at consensus 0 and my last consensus is -1
    [Reliability 5] deliverMessage() - deserializing payload
19:58:01.748 [Server Comm. System] INFO bftsmart.communication.ServerCommunicationSystem -     From: 7
19:58:01.748 [Server Comm. System] DEBUG bftsmart.consensus.roles.Acceptor - Sending ACCEPT message, cId:0, I am:3
        Deserialized: ConsensusMessage
        DEBUG: envelope.fromReplicaId=7, message.getSender()=7
=== [V2V Layer 5] DELIVER to BFT-SMaRt ===
    Message type: ConsensusMessage
    From replica: 7
    InQueue size before: 0
19:58:01.748 [Server Comm. System] DEBUG bftsmart.consensus.roles.Acceptor - Setting consensus 0 QuorumWrite tiemstamp to 0 and value [-45, 25, -116, -96, 91, -76, -17, -43, -112, 77, 15, 113, 110, -5, 113, -29, 95, 47, -94, -55, 84, -102, -108, 31, -59, 118, 4, -121, -103, -19, -114, -111]
    InQueue size after: 1
=== [V2V Layer 5] DELIVER successful ===
    [Reliability 5] deliverMessage() - deserializing payload
19:58:01.748 [Server Comm. System] INFO bftsmart.communication.ServerCommunicationSystem -     Message type: ConsensusMessage
19:58:01.748 [Server Comm. System] INFO bftsmart.communication.ServerCommunicationSystem - === ServerCommunicationSystem RECEIVED message ===
        Deserialized: ConsensusMessage
        DEBUG: envelope.fromReplicaId=7, message.getSender()=7
19:58:01.748 [Server Comm. System] INFO bftsmart.communication.ServerCommunicationSystem -     Message type: ConsensusMessage
=== [V2V Layer 5] DELIVER to BFT-SMaRt ===
    Message type: ConsensusMessage
    From replica: 7
    InQueue size before: 0
19:58:01.748 [Server Comm. System] INFO bftsmart.communication.ServerCommunicationSystem - === Message processed ===
    InQueue size after: 1
=== [V2V Layer 5] DELIVER successful ===
19:58:01.748 [Server Comm. System] DEBUG bftsmart.communication.ServerCommunicationSystem - <-- receiving, msg:type=ACCEPT, number=0, epoch=0, from=7
19:58:01.748 [Server Comm. System] DEBUG bftsmart.tom.core.ExecutionManager - Received message  type=ACCEPT, number=0, epoch=0, from=7
19:58:01.748 [Server Comm. System] DEBUG bftsmart.tom.core.ExecutionManager - I'm at consensus 0 and my last consensus is -1
19:58:01.748 [Server Comm. System] DEBUG bftsmart.tom.core.ExecutionManager - Message for consensus 0 can be processed
19:58:01.748 [Server Comm. System] DEBUG bftsmart.tom.core.ExecutionManager - Message for consensus 0 can be processed
19:58:01.748 [Server Comm. System] DEBUG bftsmart.consensus.roles.Acceptor - Processing paxos msg with id 0
19:58:01.748 [Server Comm. System] DEBUG bftsmart.consensus.roles.Acceptor - ACCEPT from 7 for consensus 0
19:58:01.748 [Server Comm. System] INFO bftsmart.communication.ServerCommunicationSystem -     Message count: 7
19:58:01.749 [Server Comm. System] DEBUG bftsmart.consensus.roles.Acceptor - I have 2 ACCEPTs for cId:0, Timestamp:0 
19:58:01.749 [Server Comm. System] DEBUG bftsmart.communication.ServerCommunicationSystem - <-- receiving, msg:type=ACCEPT, number=0, epoch=0, from=7
19:58:01.748 [Server Comm. System] DEBUG bftsmart.consensus.roles.Acceptor - Speculative ACCEPT message for consensus 0 matches the written value, sending it to the other replicas
19:58:01.749 [Server Comm. System] DEBUG bftsmart.tom.core.ExecutionManager - Received message  type=ACCEPT, number=0, epoch=0, from=7
19:58:01.749 [Server Comm. System] DEBUG bftsmart.tom.core.ExecutionManager - I'm at consensus 0 and my last consensus is -1
19:58:01.749 [Server Comm. System] DEBUG bftsmart.tom.core.ExecutionManager - Message for consensus 0 can be processed
19:58:01.749 [Server Comm. System] DEBUG bftsmart.consensus.roles.Acceptor - Processing paxos msg with id 0
19:58:01.749 [Server Comm. System] DEBUG bftsmart.consensus.roles.Acceptor - ACCEPT from 7 for consensus 0
[Acceptor 3] ABOUT TO SEND speculative ACCEPT for cId=0 to targets=[0, 1, 2, 3, 4, 5, 6, 7]
=== [V2V Layer 3] SEND called ===
19:58:01.749 [Server Comm. System] DEBUG bftsmart.consensus.roles.Acceptor - I have 2 ACCEPTs for cId:0, Timestamp:0 
    Targets: [0, 1, 2, 3, 4, 5, 6, 7]
    Message type: ConsensusMessage
19:58:01.748 [Server Comm. System] INFO bftsmart.communication.ServerCommunicationSystem -     From: 7
    Sender: 3
    -> Sending to replica 0 via V2V
    [Reliability 3] sendReliable() called
        Target: 0
        Message type: ConsensusMessage
        Sequence number: 1
19:58:01.748 [Server Comm. System] INFO bftsmart.communication.ServerCommunicationSystem -     From: 7
        Payload size: 266 bytes
19:58:01.749 [Server Comm. System] INFO bftsmart.communication.ServerCommunicationSystem -     Message count: 8
        [Reliability 3] Piggybacked 2 ACKs to replica 0
19:58:01.749 [Server Comm. System] DEBUG bftsmart.communication.ServerCommunicationSystem - <-- receiving, msg:type=WRITE, number=0, epoch=0, from=7
19:58:01.749 [Server Comm. System] INFO bftsmart.communication.ServerCommunicationSystem -     Message count: 8
V2VNativeBridge3: Sending message to -1 with length 871
[JNI] nativeSendMessage: 3 -> -1
[JNI] Sending 871 bytes (3->-1)
[DEBUG V2VProxy 3] Queue has space - adding message
[JNI] Message queued successfully
        [Reliability 3] Sent seq=1 to replica 0
    -> Sending to replica 1 via V2V
19:58:01.749 [Server Comm. System] DEBUG bftsmart.communication.ServerCommunicationSystem - <-- receiving, msg:type=WRITE, number=0, epoch=0, from=7
19:58:01.749 [Server Comm. System] INFO bftsmart.communication.ServerCommunicationSystem - === Message processed ===
    [Reliability 3] sendReliable() called
        Target: 1
        Message type: ConsensusMessage
        Sequence number: 1
        Payload size: 266 bytes
        [Reliability 3] Piggybacked 1 ACKs to replica 1
19:58:01.749 [Server Comm. System] INFO bftsmart.communication.ServerCommunicationSystem - === ServerCommunicationSystem RECEIVED message ===
V2VNativeBridge3: Sending message to -1 with length 857
[JNI] nativeSendMessage: 3 -> -1
[JNI] Sending 857 bytes (3->-1)
[DEBUG V2VProxy 3] Queue has space - adding message
[JNI] Message queued successfully
19:58:01.749 [Server Comm. System] INFO bftsmart.communication.ServerCommunicationSystem -     Message type: ConsensusMessage
        [Reliability 3] Sent seq=1 to replica 1
19:58:01.749 [Server Comm. System] INFO bftsmart.communication.ServerCommunicationSystem -     From: 6
    -> Sending to replica 2 via V2V
    [Reliability 3] sendReliable() called
        Target: 2
        Message type: ConsensusMessage
        Sequence number: 1
        Payload size: 266 bytes
        [Reliability 3] Piggybacked 2 ACKs to replica 2
19:58:01.749 [Server Comm. System] INFO bftsmart.communication.ServerCommunicationSystem -     Message count: 8
19:58:01.749 [Server Comm. System] DEBUG bftsmart.consensus.roles.Acceptor - Processing paxos msg with id 0
V2VNativeBridge3: Sending message to -1 with length 871
[JNI] nativeSendMessage: 3 -> -1
[JNI] Sending 871 bytes (3->-1)
[DEBUG V2VProxy 3] Queue has space - adding message
[JNI] Message queued successfully
        [Reliability 3] Sent seq=1 to replica 2
    -> Self-delivery to replica 3
=== [V2V Layer 3] DELIVER to BFT-SMaRt ===
    Message type: ConsensusMessage
    From replica: 3
    InQueue size before: 1
19:58:01.749 [Server Comm. System] INFO bftsmart.communication.ServerCommunicationSystem - === Message processed ===
    InQueue size after: 2
=== [V2V Layer 3] DELIVER successful ===
    -> Sending to replica 4 via V2V
    [Reliability 3] sendReliable() called
        Target: 4
        Message type: ConsensusMessage
        Sequence number: 1
        Payload size: 266 bytes
        [Reliability 3] Piggybacked 1 ACKs to replica 4
19:58:01.749 [Server Comm. System] INFO bftsmart.communication.ServerCommunicationSystem - === ServerCommunicationSystem RECEIVED message ===
19:58:01.749 [Server Comm. System] DEBUG bftsmart.tom.core.ExecutionManager - Received message  type=WRITE, number=0, epoch=0, from=7
V2VNativeBridge3: Sending message to -1 with length 857
[JNI] nativeSendMessage: 3 -> -1
[JNI] Sending 857 bytes (3->-1)
[DEBUG V2VProxy 3] Queue has space - adding message
[JNI] Message queued successfully
        [Reliability 3] Sent seq=1 to replica 4
    -> Sending to replica 5 via V2V
    [Reliability 3] sendReliable() called
        Target: 5
        Message type: ConsensusMessage
        Sequence number: 1
19:58:01.749 [Server Comm. System] DEBUG bftsmart.tom.core.ExecutionManager - I'm at consensus 0 and my last consensus is -1
        Payload size: 266 bytes
        [Reliability 3] Piggybacked 1 ACKs to replica 5
V2VNativeBridge3: Sending message to -1 with length 857
[JNI] nativeSendMessage: 3 -> -1
[JNI] Sending 857 bytes (3->-1)
[DEBUG V2VProxy 3] Queue has space - adding message
[JNI] Message queued successfully
        [Reliability 3] Sent seq=1 to replica 5
    -> Sending to replica 6 via V2V
    [Reliability 3] sendReliable() called
        Target: 6
        Message type: ConsensusMessage
        Sequence number: 1
19:58:01.749 [Server Comm. System] DEBUG bftsmart.tom.core.ExecutionManager - Message for consensus 0 can be processed
19:58:01.749 [Server Comm. System] DEBUG bftsmart.consensus.roles.Acceptor - Processing paxos msg with id 0
        Payload size: 266 bytes
        [Reliability 3] Piggybacked 1 ACKs to replica 6
[V2VProxy 0] *** SENDING V2V message #16 from=0 to=-1 size=685 bytes at t=4.9
19:58:01.749 [Server Comm. System] DEBUG bftsmart.tom.core.ExecutionManager - Received message  type=WRITE, number=0, epoch=0, from=7
V2VNativeBridge3: Sending message to -1 with length 857[V2VProxy 0] *** SENDING V2V message #17 from=0 to=-1 size=1028 bytes at t=4.9

[JNI] nativeSendMessage: 3 -> -1
[JNI] Sending 857 bytes (3->-1)
[DEBUG V2VProxy 3] Queue has space - adding message
[JNI] Message queued successfully
        [Reliability 3] Sent seq=1 to replica 6[V2VProxy 0] *** SENDING V2V message #18 from=0 to=-1 size=685 bytes at t=4.9

    -> Sending to replica 7 via V2V
    [Reliability 3] sendReliable() called
[V2VProxy 0] *** SENDING V2V message #19 from=0 to=-1 size=685 bytes at t=4.9
19:58:01.749 [Server Comm. System] DEBUG bftsmart.tom.core.ExecutionManager - I'm at consensus 0 and my last consensus is -1
[V2VProxy 0] *** SENDING V2V message #20 from=0 to=-1 size=685 bytes at t=4.9
        Target: 7
        Message type: ConsensusMessage
        Sequence number: 1
        Payload size: 266 bytes
        [Reliability 3] Piggybacked 2 ACKs to replica 7
19:58:01.749 [Server Comm. System] DEBUG bftsmart.tom.core.ExecutionManager - Message for consensus 0 can be processed
V2VNativeBridge3: Sending message to -1 with length 871
[JNI] nativeSendMessage: 3 -> -1
[V2VProxy [JNI] Sending 871 bytes (31->] *** SENDING V2V message #-1)
[DEBUG V2VProxy 3] Queue has space - adding message
[JNI] Message queued successfully
        [Reliability 3] Sent seq=1 to replica 7
=== [V2V Layer 3] SEND complete ===
16 from=1 to=-1 size=870 bytes at t=4.9
19:58:01.749 [Server Comm. System] DEBUG bftsmart.consensus.roles.Acceptor - Processing paxos msg with id 0
[Acceptor 3] SENT speculative ACCEPT for cId=0
[V2VProxy 1] *** SENDING V2V message #17 from=1 to=-1 size=856 bytes at t=4.9
19:58:01.749 [Server Comm. System] DEBUG bftsmart.communication.ServerCommunicationSystem - <-- receiving, msg:type=ACCEPT, number=0, epoch=0, from=6
[V2VProxy 1] *** SENDING V2V message #18 from=1 to=-1 size=685 bytes at t=4.9
19:58:01.749 [Server Comm. System] DEBUG bftsmart.consensus.roles.Acceptor - WRITE received from:7, for consensus cId:0
[V2VProxy 1] *** SENDING V2V message #19 from=1 to=-1 size=856 bytes at t=4.9
[V2VProxy 1] *** SENDING V2V message #20 from=1 to=-1 size=856 bytes at t=4.9
19:58:01.749 [Server Comm. System] DEBUG bftsmart.consensus.roles.Acceptor - I have 7, WRITE's for cId:0, Epoch timestamp:0,
[Acceptor 5] computeWrite: cId=0, writeAccepted=7, quorum=5
19:58:01.749 [Server Comm. System] DEBUG bftsmart.tom.core.ExecutionManager - Received message  type=ACCEPT, number=0, epoch=0, from=6
19:58:01.749 [Server Comm. System] INFO bftsmart.communication.ServerCommunicationSystem - === Message processed ===
19:58:01.749 [Server Comm. System] DEBUG bftsmart.consensus.roles.Acceptor - WRITE received from:7, for consensus cId:0
[V2VProxy 2] *** SENDING V2V message #17 from=2 to=-1 size=857 bytes at t=4.9
19:58:01.749 [Server Comm. System] INFO bftsmart.communication.ServerCommunicationSystem -     Message type: ConsensusMessage
[V2VProxy 2] *** SENDING V2V message #18 from=2 to=-1 size=685 bytes at t=4.9
[V2VProxy 2] *** SENDING V2V message #19 from=2 to=-1 size=857 bytes at t=4.9
[V2VProxy 2] *** SENDING V2V message #20 from=2 to=-1 size=857 bytes at t=4.9
19:58:01.750 [Server Comm. System] DEBUG bftsmart.consensus.roles.Acceptor - I have 6, WRITE's for cId:0, Epoch timestamp:0,
[Acceptor 4] computeWrite: cId=0, writeAccepted=6, quorum=5
19:58:01.750 [Server Comm. System] DEBUG bftsmart.consensus.roles.Acceptor - Sending ACCEPT message, cId:0, I am:4
19:58:01.749 [Server Comm. System] DEBUG bftsmart.consensus.roles.Acceptor - WRITE received from:7, for consensus cId:0
19:58:01.750 [Server Comm. System] DEBUG bftsmart.consensus.roles.Acceptor - Setting consensus 0 QuorumWrite tiemstamp to 0 and value [-45, 25, -116, -96, 91, -76, -17, -43, -112, 77, 15, 113, 110, -5, 113, -29, 95, 47, -94, -55, 84, -102, -108, 31, -59, 118, 4, -121, -103, -19, -114, -111]
19:58:01.750 [Server Comm. System] DEBUG bftsmart.consensus.roles.Acceptor - Speculative ACCEPT message for consensus 0 matches the written value, sending it to the other replicas
[Acceptor 4] ABOUT TO SEND speculative ACCEPT for cId=0 to targets=[0, 1, 2, 3, 4, 5, 6, 7]
=== [V2V Layer 4] SEND called ===
    Targets: [0, 1, 2, 3, 4, 5, 6, 7]
    Message type: ConsensusMessage
    Sender: 4
    -> Sending to replica 0 via V2V
    [Reliability 4] sendReliable() called
        Target: 0[V2VProxy 3] *** SENDING V2V message #9 from=3 to=-1 size=685 bytes at t=4.9

        Message type: ConsensusMessage
        Sequence number: 1
19:58:01.750 [Server Comm. System] DEBUG bftsmart.consensus.roles.Acceptor - I have 7, WRITE's for cId:0, Epoch timestamp:0,
[Acceptor 2] computeWrite: cId=0, writeAccepted=7, quorum=5
[V2VProxy 3] *** SENDING V2V message #10 from=3 to=-1 size=871 bytes at t=4.9
        Payload size: 267 bytes
[V2VProxy 3] *** SENDING V2V message #11 from=3 to=-1 size=857 bytes at t=4.9
[V2VProxy 3] *** SENDING V2V message #12 from=3 to=-1 size=871 bytes at t=4.9
[V2VProxy 3] *** SENDING V2V message #13 from=3 to=-1 size=857 bytes at t=4.9
[V2VProxy 3] *** SENDING V2V message #14 from=3 to=-1 size=857 bytes at t=4.9
        [Reliability 4] Piggybacked 2 ACKs to replica 0
[V2VProxy 3] *** SENDING V2V message #15 from=3 to=-1 size=857 bytes at t=4.9
19:58:01.749 [Server Comm. System] INFO bftsmart.communication.ServerCommunicationSystem - === Message processed ===
V2VNativeBridge4: Sending message to -1 with length 872
19:58:01.750 [Server Comm. System] INFO bftsmart.communication.ServerCommunicationSystem - === ServerCommunicationSystem RECEIVED message ===
[JNI] nativeSendMessage: 4 -> -1
[JNI] Sending 872 bytes (4->-1)
19:58:01.750 [Server Comm. System] INFO bftsmart.communication.ServerCommunicationSystem -     Message type: ConsensusMessage
[V2VProxy [DEBUG V2VProxy 4] Queue has space - adding message
19:58:01.750 [Server Comm. System] INFO bftsmart.communication.ServerCommunicationSystem -     From: 7
[JNI] Message queued successfully
19:58:01.750 [Server Comm. System] INFO bftsmart.communication.ServerCommunicationSystem -     Message count: 7
4] *** SENDING V2V message #9 from=4 to=-1 size=685 bytes at t=4.9
        [Reliability 4] Sent seq=1 to replica 0
    -> Sending to replica 1 via V2V
19:58:01.750 [Server Comm. System] DEBUG bftsmart.communication.ServerCommunicationSystem - <-- receiving, msg:type=ACCEPT, number=0, epoch=0, from=7
    [Reliability 4] sendReliable() called[V2VProxy 4] *** SENDING V2V message #10 from=4 to=-1 size=685 bytes at t=4.9

        Target: 1
        Message type: ConsensusMessage
        Sequence number: 1
19:58:01.750 [Server Comm. System] DEBUG bftsmart.tom.core.ExecutionManager - Received message  type=ACCEPT, number=0, epoch=0, from=7
        Payload size: 267 bytes
        [Reliability 4] Piggybacked 1 ACKs to replica 1
[V2VProxy 5] *** SENDING V2V message #17 from=5 to=-1 size=778 bytes at t=4.9
[V2VProxy 5] *** SENDING V2V message #18 from=5 to=-1 size=856 bytes at t=4.9
19:58:01.750 [Server Comm. System] DEBUG bftsmart.tom.core.ExecutionManager - I'm at consensus 0 and my last consensus is -1
[V2VProxy 5] *** SENDING V2V message #19 from=5 to=-1 size=685 bytes at t=4.9
19:58:01.750 [Server Comm. System] DEBUG bftsmart.tom.core.ExecutionManager - Message for consensus 0 can be processed
19:58:01.750 [Server Comm. System] DEBUG bftsmart.consensus.roles.Acceptor - Processing paxos msg with id 0
[V2VProxy 5] *** SENDING V2V message #20 from=5 to=-1 size=856 bytes at t=4.9
19:58:01.749 [Server Comm. System] DEBUG bftsmart.tom.core.ExecutionManager - I'm at consensus 0 and my last consensus is -1
19:58:01.750 [Server Comm. System] DEBUG bftsmart.tom.core.ExecutionManager - Message for consensus 0 can be processed
[V2VProxy 6] *** SENDING V2V message #10 from=6 to=-1 size=870 bytes at t=4.9
19:58:01.749 [Server Comm. System] INFO bftsmart.communication.ServerCommunicationSystem - === ServerCommunicationSystem RECEIVED message ===
[V2VProxy 6] *** SENDING V2V message #11 from=6 to=-1 size=856 bytes at t=4.9
[V2VProxy 6] *** SENDING V2V message #12 from=6 to=-1 size=870 bytes at t=4.9
[V2VProxy 6] *** SENDING V2V message #13 from=6 to=-1 size=856 bytes at t=4.9
[V2VProxy 6] *** SENDING V2V message #14 from=6 to=-1 size=856 bytes at t=4.9
19:58:01.750 [Server Comm. System] INFO bftsmart.communication.ServerCommunicationSystem -     Message type: ConsensusMessage
19:58:01.750 [Server Comm. System] INFO bftsmart.communication.ServerCommunicationSystem -     From: 7
[V2VProxy 6] *** SENDING V2V message #15 from=6 to=-1 size=856 bytes at t=4.9
19:58:01.750 [Server Comm. System] INFO bftsmart.communication.ServerCommunicationSystem -     From: 0
[V2VProxy 6] *** SENDING V2V message #16 from=6 to=-1 size=870 bytes at t=4.9
19:58:01.750 [Server Comm. System] INFO bftsmart.communication.ServerCommunicationSystem -     Message count: 8
[V2VProxy 7] *** SENDING V2V message #17 from=7 to=-1 size=780 bytes at t=4.9
19:58:01.750 [Server Comm. System] INFO bftsmart.communication.ServerCommunicationSystem - === Message processed ===
[V2VProxy 7] *** SENDING V2V message #18 from=7 to=-1 size=858 bytes at t=4.9
[V2VProxy 7] *** SENDING V2V message #19 from=7 to=-1 size=685 bytes at t=4.9
[V2VProxy 7] *** SENDING V2V message #20 from=7 to=-1 size=858 bytes at t=4.9
19:58:01.750 [Server Comm. System] INFO bftsmart.communication.ServerCommunicationSystem - === ServerCommunicationSystem RECEIVED message ===
19:58:01.750 [Server Comm. System] INFO bftsmart.communication.ServerCommunicationSystem -     Message type: ConsensusMessage
19:58:01.750 [Server Comm. System] INFO bftsmart.communication.ServerCommunicationSystem -     From: 7
19:58:01.750 [Server Comm. System] INFO bftsmart.communication.ServerCommunicationSystem -     Message count: 9
19:58:01.750 [Server Comm. System] DEBUG bftsmart.consensus.roles.Acceptor - ACCEPT from 7 for consensus 0
19:58:01.750 [Server Comm. System] DEBUG bftsmart.consensus.roles.Acceptor - Processing paxos msg with id 0
19:58:01.750 [Server Comm. System] DEBUG bftsmart.consensus.roles.Acceptor - ACCEPT from 6 for consensus 0
19:58:01.750 [Server Comm. System] INFO bftsmart.communication.ServerCommunicationSystem -     Message count: 9
19:58:01.750 [Server Comm. System] DEBUG bftsmart.consensus.roles.Acceptor - I have 3 ACCEPTs for cId:0, Timestamp:0 
19:58:01.750 [Server Comm. System] INFO bftsmart.communication.ServerCommunicationSystem - === Message processed ===
19:58:01.750 [Server Comm. System] DEBUG bftsmart.communication.ServerCommunicationSystem - <-- receiving, msg:type=ACCEPT, number=0, epoch=0, from=7
19:58:01.750 [Server Comm. System] DEBUG bftsmart.communication.ServerCommunicationSystem - <-- receiving, msg:type=ACCEPT, number=0, epoch=0, from=0
19:58:01.750 [Server Comm. System] DEBUG bftsmart.tom.core.ExecutionManager - Received message  type=ACCEPT, number=0, epoch=0, from=0
19:58:01.750 [Server Comm. System] DEBUG bftsmart.tom.core.ExecutionManager - I'm at consensus 0 and my last consensus is -1
19:58:01.750 [Server Comm. System] DEBUG bftsmart.communication.ServerCommunicationSystem - <-- receiving, msg:type=ACCEPT, number=0, epoch=0, from=7
19:58:01.750 [Server Comm. System] DEBUG bftsmart.tom.core.ExecutionManager - Received message  type=ACCEPT, number=0, epoch=0, from=7
19:58:01.750 [Server Comm. System] DEBUG bftsmart.tom.core.ExecutionManager - I'm at consensus 0 and my last consensus is -1
19:58:01.750 [Server Comm. System] DEBUG bftsmart.consensus.roles.Acceptor - I have 2 ACCEPTs for cId:0, Timestamp:0 
19:58:01.750 [Server Comm. System] DEBUG bftsmart.tom.core.ExecutionManager - Message for consensus 0 can be processed
19:58:01.750 [Server Comm. System] DEBUG bftsmart.consensus.roles.Acceptor - Processing paxos msg with id 0
19:58:01.750 [Server Comm. System] DEBUG bftsmart.consensus.roles.Acceptor - ACCEPT from 7 for consensus 0
19:58:01.750 [Server Comm. System] DEBUG bftsmart.consensus.roles.Acceptor - I have 3 ACCEPTs for cId:0, Timestamp:0 
19:58:01.750 [Server Comm. System] INFO bftsmart.communication.ServerCommunicationSystem - === Message processed ===
19:58:01.750 [Server Comm. System] INFO bftsmart.communication.ServerCommunicationSystem - === Message processed ===
19:58:01.750 [Server Comm. System] DEBUG bftsmart.tom.core.ExecutionManager - Received message  type=ACCEPT, number=0, epoch=0, from=7
19:58:01.750 [Server Comm. System] DEBUG bftsmart.tom.core.ExecutionManager - I'm at consensus 0 and my last consensus is -1
19:58:01.750 [Server Comm. System] DEBUG bftsmart.tom.core.ExecutionManager - Message for consensus 0 can be processed
19:58:01.750 [Server Comm. System] DEBUG bftsmart.consensus.roles.Acceptor - Processing paxos msg with id 0
19:58:01.750 [Server Comm. System] INFO bftsmart.communication.ServerCommunicationSystem - === ServerCommunicationSystem RECEIVED message ===
19:58:01.750 [Server Comm. System] DEBUG bftsmart.consensus.roles.Acceptor - ACCEPT from 0 for consensus 0
19:58:01.750 [Server Comm. System] DEBUG bftsmart.consensus.roles.Acceptor - I have 3 ACCEPTs for cId:0, Timestamp:0 
19:58:01.750 [Server Comm. System] INFO bftsmart.communication.ServerCommunicationSystem - === Message processed ===
19:58:01.750 [Server Comm. System] INFO bftsmart.communication.ServerCommunicationSystem -     Message type: ConsensusMessage
19:58:01.750 [Server Comm. System] INFO bftsmart.communication.ServerCommunicationSystem -     From: 3
19:58:01.750 [Server Comm. System] INFO bftsmart.communication.ServerCommunicationSystem -     Message count: 8
19:58:01.750 [Server Comm. System] DEBUG bftsmart.tom.core.ExecutionManager - Message for consensus 0 can be processed
19:58:01.751 [Server Comm. System] DEBUG bftsmart.communication.ServerCommunicationSystem - <-- receiving, msg:type=ACCEPT, number=0, epoch=0, from=3
19:58:01.751 [Server Comm. System] DEBUG bftsmart.consensus.roles.Acceptor - Processing paxos msg with id 0
19:58:01.751 [Server Comm. System] DEBUG bftsmart.tom.core.ExecutionManager - Received message  type=ACCEPT, number=0, epoch=0, from=3
19:58:01.751 [Server Comm. System] DEBUG bftsmart.tom.core.ExecutionManager - I'm at consensus 0 and my last consensus is -1
19:58:01.751 [Server Comm. System] DEBUG bftsmart.consensus.roles.Acceptor - ACCEPT from 7 for consensus 0
19:58:01.751 [Server Comm. System] DEBUG bftsmart.tom.core.ExecutionManager - Message for consensus 0 can be processed
19:58:01.751 [Server Comm. System] DEBUG bftsmart.consensus.roles.Acceptor - Processing paxos msg with id 0
19:58:01.751 [Server Comm. System] DEBUG bftsmart.consensus.roles.Acceptor - ACCEPT from 3 for consensus 0
19:58:01.751 [Server Comm. System] DEBUG bftsmart.consensus.roles.Acceptor - I have 3 ACCEPTs for cId:0, Timestamp:0 
19:58:01.751 [Server Comm. System] DEBUG bftsmart.consensus.roles.Acceptor - I have 3 ACCEPTs for cId:0, Timestamp:0 
19:58:01.751 [Server Comm. System] INFO bftsmart.communication.ServerCommunicationSystem - === Message processed ===
19:58:01.751 [Server Comm. System] INFO bftsmart.communication.ServerCommunicationSystem - === Message processed ===
V2VNativeBridge6: Received message from 0 with length 685
[V2V Layer 6] Received message from replica 0 via JNI
    [Reliability 6] handleIncomingMessage() called
        Type: DATA
        From: 0
        SeqNum: 1
        Expected seq: 2
        -> DUPLICATE (seq < expected), ignoring
V2VNativeBridge3: Received message from 0 with length 685
[V2V Layer 3] Received message from replica 0 via JNI
    [Reliability 3] handleIncomingMessage() called
        Type: DATA
        From: 0
        SeqNum: 1
        Expected seq: 2
        -> DUPLICATE (seq < expected), ignoring
V2VNativeBridge2: Received message from 0 with length 685
[V2V Layer 2] Received message from replica 0 via JNI
    [Reliability 2] handleIncomingMessage() called
        Type: DATA
        From: 0
        SeqNum: 1
        Expected seq: 2
        -> DUPLICATE (seq < expected), ignoring
V2VNativeBridge4: Received message from 0 with length 685
[V2V Layer 4] Received message from replica 0 via JNI
    [Reliability 4] handleIncomingMessage() called
        Type: DATA
        From: 0
        SeqNum: 1
        Expected seq: 2
        -> DUPLICATE (seq < expected), ignoring
V2VNativeBridge7: Received message from 0 with length 685
[V2V Layer 7] Received message from replica 0 via JNI
    [Reliability 7] handleIncomingMessage() called
        Type: DATA
        From: 0
        SeqNum: 1
        Expected seq: 2
        -> DUPLICATE (seq < expected), ignoring
V2VNativeBridge1: Received message from 0 with length 685
[V2V Layer 1] Received message from replica 0 via JNI
    [Reliability 1] handleIncomingMessage() called
        Type: DATA
        From: 0
        SeqNum: 1
        Expected seq: 2
        -> DUPLICATE (seq < expected), ignoring
V2VNativeBridge5: Received message from 0 with length 685
[V2V Layer 5] Received message from replica 0 via JNI
    [Reliability 5] handleIncomingMessage() called
        Type: DATA
        From: 0
        SeqNum: 1
        Expected seq: 2
        -> DUPLICATE (seq < expected), ignoring
V2VNativeBridge4: Received message from 5 with length 778
[V2V Layer 4] Received message from replica 5 via JNI
    [Reliability 4] handleIncomingMessage() called
        Type: DATA
        From: 5
        SeqNum: 1
        Expected seq: 0
        -> OUT OF ORDER (seq=1, expected=0), buffering
V2VNativeBridge2: Received message from 5 with length 778
[V2V Layer 2] Received message from replica 5 via JNI
    [Reliability 2] handleIncomingMessage() called
        Type: DATA
        From: 5
        SeqNum: 1
        Expected seq: 0
        -> OUT OF ORDER (seq=1, expected=0), buffering
V2VNativeBridge3: Received message from 5 with length 778
[V2V Layer 3] Received message from replica 5 via JNI
    [Reliability 3] handleIncomingMessage() called
        Type: DATA
        From: 5
        SeqNum: 1
        Expected seq: 0
        -> OUT OF ORDER (seq=1, expected=0), buffering
[V2VProxy 0] *** RECEIVED V2V message #20 from=5 to=-1 (broadcast=YES) at t=4.903846624135
V2VNativeBridge0: Received message from 5 with length 778
[V2V Layer 0] Received message from replica 5 via JNI
    [Reliability 0] handleIncomingMessage() called
        Type: DATA
        From: 5
        SeqNum: 1
        Expected seq: 0
        -> OUT OF ORDER (seq=1, expected=0), buffering
V2VNativeBridge1: Received message from 5 with length 778
[V2V Layer 1] Received message from replica 5 via JNI
    [Reliability 1] handleIncomingMessage() called
        Type: DATA
        From: 5
        SeqNum: 1
        Expected seq: 0
        -> OUT OF ORDER (seq=1, expected=0), buffering
V2VNativeBridge6: Received message from 5 with length 778
[V2V Layer 6] Received message from replica 5 via JNI
    [Reliability 6] handleIncomingMessage() called
        Type: DATA
        From: 5
        SeqNum: 1
        Expected seq: 0
        -> OUT OF ORDER (seq=1, expected=0), buffering
V2VNativeBridge7: Received message from 5 with length 778
[V2V Layer 7] Received message from replica 5 via JNI
    [Reliability 7] handleIncomingMessage() called
        Type: DATA
        From: 5
        SeqNum: 1
        Expected seq: 0
        -> OUT OF ORDER (seq=1, expected=0), buffering
V2VNativeBridge4: Received message from 2 with length 857
[V2V Layer 4] Received message from replica 2 via JNI
    [Reliability 4] handleIncomingMessage() called
        Type: DATA
        From: 2
        SeqNum: 1
        Expected seq: 2
        -> DUPLICATE (seq < expected), ignoring
V2VNativeBridge1: Received message from 2 with length 857
[V2V Layer 1] Received message from replica 2 via JNI
    [Reliability 1] handleIncomingMessage() called
        Type: DATA
        From: 2
        SeqNum: 1
        Expected seq: 2
        -> DUPLICATE (seq < expected), ignoring
V2VNativeBridge0: Received message from 2 with length 857
[V2V Layer 0] Received message from replica 2 via JNI
    [Reliability 0] handleIncomingMessage() called
        Type: DATA
        From: 2
        SeqNum: 1
        Expected seq: 2
        -> DUPLICATE (seq < expected), ignoring
V2VNativeBridge3: Received message from 2 with length 857
[V2V Layer 3] Received message from replica 2 via JNI
    [Reliability 3] handleIncomingMessage() called
        Type: DATA
        From: 2
        SeqNum: 1
        Expected seq: 2
        -> DUPLICATE (seq < expected), ignoring
V2VNativeBridge6: Received message from 2 with length 857
[V2V Layer 6] Received message from replica 2 via JNI
    [Reliability 6] handleIncomingMessage() called
        Type: DATA
        From: 2
        SeqNum: 1
        Expected seq: 2
        -> DUPLICATE (seq < expected), ignoring
V2VNativeBridge5: Received message from 2 with length 857
[V2V Layer 5] Received message from replica 2 via JNI
    [Reliability 5] handleIncomingMessage() called
        Type: DATA
        From: 2
        SeqNum: 1
        Expected seq: 2
        -> DUPLICATE (seq < expected), ignoring
V2VNativeBridge7: Received message from 2 with length 857
[V2V Layer 7] Received message from replica 2 via JNI
    [Reliability 7] handleIncomingMessage() called
        Type: DATA
        From: 2
        SeqNum: 1
        Expected seq: 2
        -> DUPLICATE (seq < expected), ignoring
V2VNativeBridge2: Received message from 4 with length 685
[V2V Layer 2] Received message from replica 4 via JNI
    [Reliability 2] handleIncomingMessage() called
        Type: DATA
        From: 4
        SeqNum: 0
        Expected seq: 1
        -> DUPLICATE (seq < expected), ignoring
V2VNativeBridge4: Sending message to -1 with length 858
[JNI] nativeSendMessage: 4 -> -1
[JNI] Sending 858 bytes (4->-1)
[DEBUG V2VProxy 4] Queue has space - adding message
[JNI] Message queued successfully
        [Reliability 4] Sent seq=1 to replica 1
    -> Sending to replica 2 via V2V
    [Reliability 4] sendReliable() called
        Target: 2
        Message type: ConsensusMessage
        Sequence number: 1
        Payload size: 267 bytes
        [Reliability 4] Piggybacked 2 ACKs to replica 2
V2VNativeBridge4: Sending message to -1 with length 872
[JNI] nativeSendMessage: 4 -> -1
[JNI] Sending 872 bytes (4->-1)
[DEBUG V2VProxy 4] Queue has space - adding message
[JNI] Message queued successfully
        [Reliability 4] Sent seq=1 to replica 2
    -> Sending to replica 3 via V2V
    [Reliability 4] sendReliable() called
        Target: 3
        Message type: ConsensusMessage
        Sequence number: 1
        Payload size: 267 bytes
        [Reliability 4] Piggybacked 1 ACKs to replica 3
V2VNativeBridge4: Sending message to -1 with length 858
[JNI] nativeSendMessage: 4 -> -1
[JNI] Sending 858 bytes (4->-1)
[DEBUG V2VProxy 4] Queue has space - adding message
[JNI] Message queued successfully
        [Reliability 4] Sent seq=1 to replica 3
    -> Self-delivery to replica 4
=== [V2V Layer 4] DELIVER to BFT-SMaRt ===
    Message type: ConsensusMessage
    From replica: 4
    InQueue size before: 1
    InQueue size after: 2
=== [V2V Layer 4] DELIVER successful ===
    -> Sending to replica 5 via V2V
    [Reliability 4] sendReliable() called
        Target: 5
        Message type: ConsensusMessage
        Sequence number: 1
        Payload size: 267 bytes
        [Reliability 4] Piggybacked 1 ACKs to replica 5
V2VNativeBridge4: Sending message to -1 with length 858
[JNI] nativeSendMessage: 4 -> -1
[JNI] Sending 858 bytes (4->-1)
[DEBUG V2VProxy 4] Queue has space - adding message
[JNI] Message queued successfully
        [Reliability 4] Sent seq=1 to replica 5
    -> Sending to replica 6 via V2V
    [Reliability 4] sendReliable() called
        Target: 6
        Message type: ConsensusMessage
        Sequence number: 1
        Payload size: 267 bytes
        [Reliability 4] Piggybacked 1 ACKs to replica 6
V2VNativeBridge4: Sending message to -1 with length 858
[JNI] nativeSendMessage: 4 -> -1
[JNI] Sending 858 bytes (4->-1)
[DEBUG V2VProxy 4] Queue has space - adding message
[JNI] Message queued successfully
        [Reliability 4] Sent seq=1 to replica 6
    -> Sending to replica 7 via V2V
    [Reliability 4] sendReliable() called
        Target: 7
        Message type: ConsensusMessage
        Sequence number: 1
        Payload size: 267 bytes
        [Reliability 4] Piggybacked 2 ACKs to replica 7
V2VNativeBridge4: Sending message to -1 with length 872
[JNI] nativeSendMessage: 4 -> -1
[JNI] Sending 872 bytes (4->-1)
[DEBUG V2VProxy 4] Queue has space - adding message
[JNI] Message queued successfully
        [Reliability 4] Sent seq=1 to replica 7
=== [V2V Layer 4] SEND complete ===
[Acceptor 4] SENT speculative ACCEPT for cId=0
19:58:01.862 [Server Comm. System] INFO bftsmart.communication.ServerCommunicationSystem - === Message processed ===
19:58:01.862 [Server Comm. System] INFO bftsmart.communication.ServerCommunicationSystem - === ServerCommunicationSystem RECEIVED message ===
19:58:01.862 [Server Comm. System] INFO bftsmart.communication.ServerCommunicationSystem -     Message type: ConsensusMessage
19:58:01.862 [Server Comm. System] INFO bftsmart.communication.ServerCommunicationSystem -     From: 7
19:58:01.862 [Server Comm. System] INFO bftsmart.communication.ServerCommunicationSystem -     Message count: 7
19:58:01.862 [Server Comm. System] DEBUG bftsmart.communication.ServerCommunicationSystem - <-- receiving, msg:type=ACCEPT, number=0, epoch=0, from=7
19:58:01.862 [Server Comm. System] DEBUG bftsmart.tom.core.ExecutionManager - Received message  type=ACCEPT, number=0, epoch=0, from=7
19:58:01.862 [Server Comm. System] DEBUG bftsmart.tom.core.ExecutionManager - I'm at consensus 0 and my last consensus is -1
19:58:01.862 [Server Comm. System] DEBUG bftsmart.tom.core.ExecutionManager - Message for consensus 0 can be processed
19:58:01.862 [Server Comm. System] DEBUG bftsmart.consensus.roles.Acceptor - Processing paxos msg with id 0
19:58:01.862 [Server Comm. System] DEBUG bftsmart.consensus.roles.Acceptor - ACCEPT from 7 for consensus 0
19:58:01.862 [Server Comm. System] DEBUG bftsmart.consensus.roles.Acceptor - I have 2 ACCEPTs for cId:0, Timestamp:0 
19:58:01.862 [Server Comm. System] INFO bftsmart.communication.ServerCommunicationSystem - === Message processed ===
19:58:01.862 [Server Comm. System] INFO bftsmart.communication.ServerCommunicationSystem - === ServerCommunicationSystem RECEIVED message ===
19:58:01.862 [Server Comm. System] INFO bftsmart.communication.ServerCommunicationSystem -     Message type: ConsensusMessage
19:58:01.862 [Server Comm. System] INFO bftsmart.communication.ServerCommunicationSystem -     From: 4
19:58:01.862 [Server Comm. System] INFO bftsmart.communication.ServerCommunicationSystem -     Message count: 8
19:58:01.862 [Server Comm. System] DEBUG bftsmart.communication.ServerCommunicationSystem - <-- receiving, msg:type=ACCEPT, number=0, epoch=0, from=4
19:58:01.862 [Server Comm. System] DEBUG bftsmart.tom.core.ExecutionManager - Received message  type=ACCEPT, number=0, epoch=0, from=4
19:58:01.862 [Server Comm. System] DEBUG bftsmart.tom.core.ExecutionManager - I'm at consensus 0 and my last consensus is -1
19:58:01.862 [Server Comm. System] DEBUG bftsmart.tom.core.ExecutionManager - Message for consensus 0 can be processed
19:58:01.862 [Server Comm. System] DEBUG bftsmart.consensus.roles.Acceptor - Processing paxos msg with id 0
19:58:01.862 [Server Comm. System] DEBUG bftsmart.consensus.roles.Acceptor - ACCEPT from 4 for consensus 0
19:58:01.862 [Server Comm. System] DEBUG bftsmart.consensus.roles.Acceptor - I have 3 ACCEPTs for cId:0, Timestamp:0 
19:58:01.862 [Server Comm. System] INFO bftsmart.communication.ServerCommunicationSystem - === Message processed ===
V2VNativeBridge2: Received message from 1 with length 856
[V2V Layer 2] Received message from replica 1 via JNI
    [Reliability 2] handleIncomingMessage() called
        Type: DATA
        From: 1
        SeqNum: 1
        Expected seq: 2
        -> DUPLICATE (seq < expected), ignoring
V2VNativeBridge4: Received message from 1 with length 856
[V2V Layer 4] Received message from replica 1 via JNI
    [Reliability 4] handleIncomingMessage() called
        Type: DATA
        From: 1
        SeqNum: 1
        Expected seq: 0
        -> OUT OF ORDER (seq=1, expected=0), buffering
V2VNativeBridge6: Received message from 1 with length 856
[V2V Layer 6] Received message from replica 1 via JNI
    [Reliability 6] handleIncomingMessage() called
        Type: DATA
        From: 1
        SeqNum: 1
        Expected seq: 0
        -> OUT OF ORDER (seq=1, expected=0), buffering
V2VNativeBridge0: Received message from 1 with length 856
[V2V Layer 0] Received message from replica 1 via JNI
    [Reliability 0] handleIncomingMessage() called
        Type: DATA
        From: 1
        SeqNum: 1
        Expected seq: 0
        -> OUT OF ORDER (seq=1, expected=0), buffering
V2VNativeBridge3: Received message from 1 with length 856
[V2V Layer 3] Received message from replica 1 via JNI
    [Reliability 3] handleIncomingMessage() called
        Type: DATA
        From: 1
        SeqNum: 1
        Expected seq: 0
        -> OUT OF ORDER (seq=1, expected=0), buffering
V2VNativeBridge5: Received message from 1 with length 856
[V2V Layer 5] Received message from replica 1 via JNI
    [Reliability 5] handleIncomingMessage() called
        Type: DATA
        From: 1
        SeqNum: 1
        Expected seq: 0
        -> OUT OF ORDER (seq=1, expected=0), buffering
V2VNativeBridge7: Received message from 1 with length 856
[V2V Layer 7] Received message from replica 1 via JNI
    [Reliability 7] handleIncomingMessage() called
        Type: DATA
        From: 1
        SeqNum: 1
        Expected seq: 0
        -> OUT OF ORDER (seq=1, expected=0), buffering
V2VNativeBridge2: Received message from 4 with length 685
[V2V Layer 2] Received message from replica 4 via JNI
    [Reliability 2] handleIncomingMessage() called
        Type: DATA
        From: 4
        SeqNum: 0
        Expected seq: 1
        -> DUPLICATE (seq < expected), ignoring
V2VNativeBridge5: Received message from 4 with length 685
[V2V Layer 5] Received message from replica 4 via JNI
    [Reliability 5] handleIncomingMessage() called
        Type: DATA
        From: 4
        SeqNum: 0
        Expected seq: 1
        -> DUPLICATE (seq < expected), ignoring
V2VNativeBridge3: Received message from 4 with length 685
[V2V Layer 3] Received message from replica 4 via JNI
    [Reliability 3] handleIncomingMessage() called
        Type: DATA
        From: 4
        SeqNum: 0
        Expected seq: 1
        -> DUPLICATE (seq < expected), ignoring
V2VNativeBridge0: Received message from 4 with length 685
[V2V Layer 0] Received message from replica 4 via JNI
    [Reliability 0] handleIncomingMessage() called
        Type: DATA
        From: 4
        SeqNum: 0
        Expected seq: 1
        -> DUPLICATE (seq < expected), ignoring
V2VNativeBridge1: Received message from 4 with length 685
[V2V Layer 1] Received message from replica 4 via JNI
    [Reliability 1] handleIncomingMessage() called
        Type: DATA
        From: 4
        SeqNum: 0
        Expected seq: 1
        -> DUPLICATE (seq < expected), ignoring
V2VNativeBridge6: Received message from 4 with length 685
[V2V Layer 6] Received message from replica 4 via JNI
    [Reliability 6] handleIncomingMessage() called
        Type: DATA
        From: 4
        SeqNum: 0
        Expected seq: 1
        -> DUPLICATE (seq < expected), ignoring
V2VNativeBridge7: Received message from 4 with length 685
[V2V Layer 7] Received message from replica 4 via JNI
    [Reliability 7] handleIncomingMessage() called
        Type: DATA
        From: 4
        SeqNum: 0
        Expected seq: 1
        -> DUPLICATE (seq < expected), ignoring
V2VNativeBridge6: Received message from 0 with length 685
[V2V Layer 6] Received message from replica 0 via JNI
    [Reliability 6] handleIncomingMessage() called
        Type: DATA
        From: 0
        SeqNum: 1
        Expected seq: 2
        -> DUPLICATE (seq < expected), ignoring
V2VNativeBridge3: Received message from 0 with length 685
[V2V Layer 3] Received message from replica 0 via JNI
    [Reliability 3] handleIncomingMessage() called
        Type: DATA
        From: 0
        SeqNum: 1
        Expected seq: 2
        -> DUPLICATE (seq < expected), ignoring
V2VNativeBridge6: Received message from 7 with length 780
[V2V Layer 6] Received message from replica 7 via JNI
    [Reliability 6] handleIncomingMessage() called
        Type: DATA
        From: 7
        SeqNum: 1
        Expected seq: 2
        -> DUPLICATE (seq < expected), ignoring
V2VNativeBridge4: Received message from 5 with length 856
[V2V Layer 4] Received message from replica 5 via JNI
    [Reliability 4] handleIncomingMessage() called
        Type: DATA
        From: 5
        SeqNum: 1
        Expected seq: 0
        -> OUT OF ORDER (seq=1, expected=0), buffering
V2VNativeBridge6: Received message from 0 with length 685
[V2V Layer 6] Received message from replica 0 via JNI
    [Reliability 6] handleIncomingMessage() called
        Type: DATA
        From: 0
        SeqNum: 1
        Expected seq: 2
        -> DUPLICATE (seq < expected), ignoring
V2VNativeBridge3: Received message from 0 with length 685
[V2V Layer 3] Received message from replica 0 via JNI
    [Reliability 3] handleIncomingMessage() called
        Type: DATA
        From: 0
        SeqNum: 1
        Expected seq: 2
        -> DUPLICATE (seq < expected), ignoring
V2VNativeBridge2: Received message from 0 with length 685
[V2V Layer 2] Received message from replica 0 via JNI
    [Reliability 2] handleIncomingMessage() called
        Type: DATA
        From: 0
        SeqNum: 1
        Expected seq: 2
        -> DUPLICATE (seq < expected), ignoring
V2VNativeBridge4: Received message from 0 with length 685
[V2V Layer 4] Received message from replica 0 via JNI
    [Reliability 4] handleIncomingMessage() called
        Type: DATA
        From: 0
        SeqNum: 1
        Expected seq: 2
        -> DUPLICATE (seq < expected), ignoring
V2VNativeBridge7: Received message from 0 with length 685
[V2V Layer 7] Received message from replica 0 via JNI
    [Reliability 7] handleIncomingMessage() called
        Type: DATA
        From: 0
        SeqNum: 1
        Expected seq: 2
        -> DUPLICATE (seq < expected), ignoring
V2VNativeBridge1: Received message from 0 with length 685
[V2V Layer 1] Received message from replica 0 via JNI
    [Reliability 1] handleIncomingMessage() called
        Type: DATA
        From: 0
        SeqNum: 1
        Expected seq: 2
        -> DUPLICATE (seq < expected), ignoring
V2VNativeBridge5: Received message from 0 with length 685
[V2V Layer 5] Received message from replica 0 via JNI
    [Reliability 5] handleIncomingMessage() called
        Type: DATA
        From: 0
        SeqNum: 1
        Expected seq: 2
        -> DUPLICATE (seq < expected), ignoring
V2VNativeBridge6: Received message from 0 with length 1028
[V2V Layer 6] Received message from replica 0 via JNI
    [Reliability 6] handleIncomingMessage() called
        Type: DATA
        From: 0
        SeqNum: 0
        Expected seq: 2
        -> DUPLICATE (seq < expected), ignoring
V2VNativeBridge6: Received message from 7 with length 780
[V2V Layer 6] Received message from replica 7 via JNI
    [Reliability 6] handleIncomingMessage() called
        Type: DATA
        From: 7
        SeqNum: 1
        Expected seq: 2
        -> DUPLICATE (seq < expected), ignoring
V2VNativeBridge0: Received message from 7 with length 780
[V2V Layer 0] Received message from replica 7 via JNI
    [Reliability 0] handleIncomingMessage() called
        Type: DATA
        From: 7
        SeqNum: 1
        Expected seq: 2
        -> DUPLICATE (seq < expected), ignoring
V2VNativeBridge1: Received message from 7 with length 780
[V2V Layer 1] Received message from replica 7 via JNI
    [Reliability 1] handleIncomingMessage() called
        Type: DATA
        From: 7
        SeqNum: 1
        Expected seq: 2
        -> DUPLICATE (seq < expected), ignoring
V2VNativeBridge3: Received message from 7 with length 780
[V2V Layer 3] Received message from replica 7 via JNI
    [Reliability 3] handleIncomingMessage() called
        Type: DATA
        From: 7
        SeqNum: 1
        Expected seq: 2
        -> DUPLICATE (seq < expected), ignoring
V2VNativeBridge2: Received message from 7 with length 780
[V2V Layer 2] Received message from replica 7 via JNI
    [Reliability 2] handleIncomingMessage() called
        Type: DATA
        From: 7
        SeqNum: 1
        Expected seq: 2
        -> DUPLICATE (seq < expected), ignoring
V2VNativeBridge4: Received message from 7 with length 780
[V2V Layer 4] Received message from replica 7 via JNI
    [Reliability 4] handleIncomingMessage() called
        Type: DATA
        From: 7
        SeqNum: 1
        Expected seq: 2
        -> DUPLICATE (seq < expected), ignoring
V2VNativeBridge5: Received message from 7 with length 780
[V2V Layer 5] Received message from replica 7 via JNI
    [Reliability 5] handleIncomingMessage() called
        Type: DATA
        From: 7
        SeqNum: 1
        Expected seq: 2
        -> DUPLICATE (seq < expected), ignoring
V2VNativeBridge0: Received message from 3 with length 685
[V2V Layer 0] Received message from replica 3 via JNI
    [Reliability 0] handleIncomingMessage() called
        Type: DATA
        From: 3
        SeqNum: 0
        Expected seq: 1
        -> DUPLICATE (seq < expected), ignoring
V2VNativeBridge6: Received message from 3 with length 685
[V2V Layer 6] Received message from replica 3 via JNI
    [Reliability 6] handleIncomingMessage() called
        Type: DATA
        From: 3
        SeqNum: 0
        Expected seq: 1
        -> DUPLICATE (seq < expected), ignoring
V2VNativeBridge4: Received message from 3 with length 685
[V2V Layer 4] Received message from replica 3 via JNI
    [Reliability 4] handleIncomingMessage() called
        Type: DATA
        From: 3
        SeqNum: 0
        Expected seq: 1
        -> DUPLICATE (seq < expected), ignoring
V2VNativeBridge2: Received message from 3 with length 685
[V2V Layer 2] Received message from replica 3 via JNI
    [Reliability 2] handleIncomingMessage() called
        Type: DATA
        From: 3
        SeqNum: 0
        Expected seq: 1
        -> DUPLICATE (seq < expected), ignoring
V2VNativeBridge5: Received message from 3 with length 685
[V2V Layer 5] Received message from replica 3 via JNI
    [Reliability 5] handleIncomingMessage() called
        Type: DATA
        From: 3
        SeqNum: 0
        Expected seq: 1
        -> DUPLICATE (seq < expected), ignoring
V2VNativeBridge1: Received message from 3 with length 685
[V2V Layer 1] Received message from replica 3 via JNI
    [Reliability 1] handleIncomingMessage() called
        Type: DATA
        From: 3
        SeqNum: 0
        Expected seq: 1
        -> DUPLICATE (seq < expected), ignoring
V2VNativeBridge7: Received message from 3 with length 685
[V2V Layer 7] Received message from replica 3 via JNI
    [Reliability 7] handleIncomingMessage() called
        Type: DATA
        From: 3
        SeqNum: 0
        Expected seq: 1
        -> DUPLICATE (seq < expected), ignoring
V2VNativeBridge4: Received message from 2 with length 779
[V2V Layer 4] Received message from replica 2 via JNI
    [Reliability 4] handleIncomingMessage() called
        Type: DATA
        From: 2
        SeqNum: 1
        Expected seq: 2
        -> DUPLICATE (seq < expected), ignoring
V2VNativeBridge3: Received message from 0 with length 685
[V2V Layer 3] Received message from replica 0 via JNI
    [Reliability 3] handleIncomingMessage() called
        Type: DATA
        From: 0
        SeqNum: 1
        Expected seq: 2
        -> DUPLICATE (seq < expected), ignoring
V2VNativeBridge6: Received message from 0 with length 685
[V2V Layer 6] Received message from replica 0 via JNI
    [Reliability 6] handleIncomingMessage() called
        Type: DATA
        From: 0
        SeqNum: 1
        Expected seq: 2
        -> DUPLICATE (seq < expected), ignoring
V2VNativeBridge4: Received message from 2 with length 685
[V2V Layer 4] Received message from replica 2 via JNI
    [Reliability 4] handleIncomingMessage() called
        Type: DATA
        From: 2
        SeqNum: 0
        Expected seq: 2
        -> DUPLICATE (seq < expected), ignoring
V2VNativeBridge0: Received message from 6 with length 856
[V2V Layer 0] Received message from replica 6 via JNI
    [Reliability 0] handleIncomingMessage() called
        Type: DATA
        From: 6
        SeqNum: 1
        Expected seq: 1
        -> IN ORDER, delivering immediately
    [Reliability 0] deliverMessage() - deserializing payload
        Deserialized: ConsensusMessage
        DEBUG: envelope.fromReplicaId=6, message.getSender()=6
=== [V2V Layer 0] DELIVER to BFT-SMaRt ===
    Message type: ConsensusMessage
    From replica: 6
    InQueue size before: 0
    InQueue size after: 1
=== [V2V Layer 0] DELIVER successful ===
19:58:02.250 [Server Comm. System] INFO bftsmart.communication.ServerCommunicationSystem - === ServerCommunicationSystem RECEIVED message ===
19:58:02.250 [Server Comm. System] INFO bftsmart.communication.ServerCommunicationSystem -     Message type: ConsensusMessage
19:58:02.250 [Server Comm. System] INFO bftsmart.communication.ServerCommunicationSystem -     From: 6
19:58:02.250 [Server Comm. System] INFO bftsmart.communication.ServerCommunicationSystem -     Message count: 9
19:58:02.250 [Server Comm. System] DEBUG bftsmart.communication.ServerCommunicationSystem - <-- receiving, msg:type=ACCEPT, number=0, epoch=0, from=6
19:58:02.250 [Server Comm. System] DEBUG bftsmart.tom.core.ExecutionManager - Received message  type=ACCEPT, number=0, epoch=0, from=6
19:58:02.250 [Server Comm. System] DEBUG bftsmart.tom.core.ExecutionManager - I'm at consensus 0 and my last consensus is -1
19:58:02.250 [Server Comm. System] DEBUG bftsmart.tom.core.ExecutionManager - Message for consensus 0 can be processed
19:58:02.250 [Server Comm. System] DEBUG bftsmart.consensus.roles.Acceptor - Processing paxos msg with id 0
19:58:02.250 [Server Comm. System] DEBUG bftsmart.consensus.roles.Acceptor - ACCEPT from 6 for consensus 0
19:58:02.250 [Server Comm. System] DEBUG bftsmart.consensus.roles.Acceptor - I have 4 ACCEPTs for cId:0, Timestamp:0 
19:58:02.250 [Server Comm. System] INFO bftsmart.communication.ServerCommunicationSystem - === Message processed ===
V2VNativeBridge2: Received message from 1 with length 870
[V2V Layer 2] Received message from replica 1 via JNI
    [Reliability 2] handleIncomingMessage() called
        Type: DATA
        From: 1
        SeqNum: 1
        Expected seq: 2
        -> DUPLICATE (seq < expected), ignoring
V2VNativeBridge4: Received message from 1 with length 870
[V2V Layer 4] Received message from replica 1 via JNI
    [Reliability 4] handleIncomingMessage() called
        Type: DATA
        From: 1
        SeqNum: 1
        Expected seq: 0
        -> OUT OF ORDER (seq=1, expected=0), buffering
V2VNativeBridge6: Received message from 1 with length 870
[V2V Layer 6] Received message from replica 1 via JNI
    [Reliability 6] handleIncomingMessage() called
        Type: DATA
        From: 1
        SeqNum: 1
        Expected seq: 0
        -> OUT OF ORDER (seq=1, expected=0), buffering
V2VNativeBridge0: Received message from 1 with length 870
[V2V Layer 0] Received message from replica 1 via JNI
    [Reliability 0] handleIncomingMessage() called
        Type: DATA
        From: 1
        SeqNum: 1
        Expected seq: 0
        -> OUT OF ORDER (seq=1, expected=0), buffering
V2VNativeBridge3: Received message from 1 with length 870
[V2V Layer 3] Received message from replica 1 via JNI
    [Reliability 3] handleIncomingMessage() called
        Type: DATA
        From: 1
        SeqNum: 1
        Expected seq: 0
        -> OUT OF ORDER (seq=1, expected=0), buffering
V2VNativeBridge5: Received message from 1 with length 870
[V2V Layer 5] Received message from replica 1 via JNI
    [Reliability 5] handleIncomingMessage() called
        Type: DATA
        From: 1
        SeqNum: 1
        Expected seq: 0
        -> OUT OF ORDER (seq=1, expected=0), buffering
V2VNativeBridge7: Received message from 1 with length 870
[V2V Layer 7] Received message from replica 1 via JNI
    [Reliability 7] handleIncomingMessage() called
        Type: DATA
        From: 1
        SeqNum: 1
        Expected seq: 0
        -> OUT OF ORDER (seq=1, expected=0), buffering
V2VNativeBridge0: Received message from 6 with length 856
[V2V Layer 0] Received message from replica 6 via JNI
    [Reliability 0] handleIncomingMessage() called
        Type: DATA
        From: 6
        SeqNum: 1
        Expected seq: 2
        -> DUPLICATE (seq < expected), ignoring
V2VNativeBridge3: Received message from 6 with length 856
[V2V Layer 3] Received message from replica 6 via JNI
    [Reliability 3] handleIncomingMessage() called
        Type: DATA
        From: 6
        SeqNum: 1
        Expected seq: 1
        -> IN ORDER, delivering immediately
    [Reliability 3] deliverMessage() - deserializing payload
        Deserialized: ConsensusMessage
        DEBUG: envelope.fromReplicaId=6, message.getSender()=6
=== [V2V Layer 3] DELIVER to BFT-SMaRt ===
    Message type: ConsensusMessage
    From replica: 6
    InQueue size before: 0
    InQueue size after: 1
=== [V2V Layer 3] DELIVER successful ===
V2VNativeBridge7: Received message from 6 with length 856
[V2V Layer 7] Received message from replica 6 via JNI
19:58:02.291 [Server Comm. System] INFO bftsmart.communication.ServerCommunicationSystem - === ServerCommunicationSystem RECEIVED message ===
19:58:02.291 [Server Comm. System] INFO bftsmart.communication.ServerCommunicationSystem -     Message type: ConsensusMessage
19:58:02.291 [Server Comm. System] INFO bftsmart.communication.ServerCommunicationSystem -     From: 6
19:58:02.291 [Server Comm. System] INFO bftsmart.communication.ServerCommunicationSystem -     Message count: 9
19:58:02.291 [Server Comm. System] DEBUG bftsmart.communication.ServerCommunicationSystem - <-- receiving, msg:type=ACCEPT, number=0, epoch=0, from=6
19:58:02.291 [Server Comm. System] DEBUG bftsmart.tom.core.ExecutionManager - Received message  type=ACCEPT, number=0, epoch=0, from=6
    [Reliability 7] handleIncomingMessage() called
        Type: DATA
        From: 6
        SeqNum: 1
19:58:02.291 [Server Comm. System] DEBUG bftsmart.tom.core.ExecutionManager - I'm at consensus 0 and my last consensus is -1
19:58:02.291 [Server Comm. System] DEBUG bftsmart.tom.core.ExecutionManager - Message for consensus 0 can be processed
19:58:02.291 [Server Comm. System] DEBUG bftsmart.consensus.roles.Acceptor - Processing paxos msg with id 0
        Expected seq: 1
19:58:02.291 [Server Comm. System] DEBUG bftsmart.consensus.roles.Acceptor - ACCEPT from 6 for consensus 0
        -> IN ORDER, delivering immediately
    [Reliability 7] deliverMessage() - deserializing payload
        Deserialized: ConsensusMessage
        DEBUG: envelope.fromReplicaId=6, message.getSender()=6
=== [V2V Layer 7] DELIVER to BFT-SMaRt ===
    Message type: ConsensusMessage
    From replica: 6
    InQueue size before: 0
    InQueue size after: 1
=== [V2V Layer 7] DELIVER successful ===
19:58:02.291 [Server Comm. System] DEBUG bftsmart.consensus.roles.Acceptor - I have 4 ACCEPTs for cId:0, Timestamp:0 
19:58:02.291 [Server Comm. System] INFO bftsmart.communication.ServerCommunicationSystem - === Message processed ===
19:58:02.291 [Server Comm. System] INFO bftsmart.communication.ServerCommunicationSystem - === ServerCommunicationSystem RECEIVED message ===
19:58:02.291 [Server Comm. System] INFO bftsmart.communication.ServerCommunicationSystem -     Message type: ConsensusMessage
19:58:02.291 [Server Comm. System] INFO bftsmart.communication.ServerCommunicationSystem -     From: 6
19:58:02.291 [Server Comm. System] INFO bftsmart.communication.ServerCommunicationSystem -     Message count: 8
19:58:02.291 [Server Comm. System] DEBUG bftsmart.communication.ServerCommunicationSystem - <-- receiving, msg:type=ACCEPT, number=0, epoch=0, from=6
19:58:02.291 [Server Comm. System] DEBUG bftsmart.tom.core.ExecutionManager - Received message  type=ACCEPT, number=0, epoch=0, from=6
19:58:02.291 [Server Comm. System] DEBUG bftsmart.tom.core.ExecutionManager - I'm at consensus 0 and my last consensus is -1
V2VNativeBridge2: Received message from 6 with length 856
19:58:02.291 [Server Comm. System] DEBUG bftsmart.tom.core.ExecutionManager - Message for consensus 0 can be processed
[V2V Layer 2] Received message from replica 6 via JNI
19:58:02.291 [Server Comm. System] DEBUG bftsmart.consensus.roles.Acceptor - Processing paxos msg with id 0
19:58:02.291 [Server Comm. System] DEBUG bftsmart.consensus.roles.Acceptor - ACCEPT from 6 for consensus 0
19:58:02.291 [Server Comm. System] DEBUG bftsmart.consensus.roles.Acceptor - I have 3 ACCEPTs for cId:0, Timestamp:0 
19:58:02.291 [Server Comm. System] INFO bftsmart.communication.ServerCommunicationSystem - === Message processed ===
    [Reliability 2] handleIncomingMessage() called
        Type: DATA
        From: 6
        SeqNum: 1
        Expected seq: 1
        -> IN ORDER, delivering immediately
    [Reliability 2] deliverMessage() - deserializing payload
        Deserialized: ConsensusMessage
        DEBUG: envelope.fromReplicaId=6, message.getSender()=6
=== [V2V Layer 2] DELIVER to BFT-SMaRt ===
    Message type: ConsensusMessage
    From replica: 6
    InQueue size before: 0
    InQueue size after: 1
=== [V2V Layer 2] DELIVER successful ===
19:58:02.291 [Server Comm. System] INFO bftsmart.communication.ServerCommunicationSystem - === ServerCommunicationSystem RECEIVED message ===
19:58:02.291 [Server Comm. System] INFO bftsmart.communication.ServerCommunicationSystem -     Message type: ConsensusMessage
19:58:02.291 [Server Comm. System] INFO bftsmart.communication.ServerCommunicationSystem -     From: 6
19:58:02.291 [Server Comm. System] INFO bftsmart.communication.ServerCommunicationSystem -     Message count: 10
V2VNativeBridge1: Received message from 6 with length 856
[V2V Layer 1] Received message from replica 6 via JNI
19:58:02.292 [Server Comm. System] DEBUG bftsmart.communication.ServerCommunicationSystem - <-- receiving, msg:type=ACCEPT, number=0, epoch=0, from=6
19:58:02.292 [Server Comm. System] DEBUG bftsmart.tom.core.ExecutionManager - Received message  type=ACCEPT, number=0, epoch=0, from=6
19:58:02.292 [Server Comm. System] DEBUG bftsmart.tom.core.ExecutionManager - I'm at consensus 0 and my last consensus is -1
19:58:02.292 [Server Comm. System] DEBUG bftsmart.tom.core.ExecutionManager - Message for consensus 0 can be processed
19:58:02.292 [Server Comm. System] DEBUG bftsmart.consensus.roles.Acceptor - Processing paxos msg with id 0
19:58:02.292 [Server Comm. System] DEBUG bftsmart.consensus.roles.Acceptor - ACCEPT from 6 for consensus 0
19:58:02.292 [Server Comm. System] DEBUG bftsmart.consensus.roles.Acceptor - I have 4 ACCEPTs for cId:0, Timestamp:0 
19:58:02.292 [Server Comm. System] INFO bftsmart.communication.ServerCommunicationSystem - === Message processed ===
    [Reliability 1] handleIncomingMessage() called
        Type: DATA
        From: 6
        SeqNum: 1
        Expected seq: 1
        -> IN ORDER, delivering immediately
    [Reliability 1] deliverMessage() - deserializing payload
        Deserialized: ConsensusMessage
        DEBUG: envelope.fromReplicaId=6, message.getSender()=6
=== [V2V Layer 1] DELIVER to BFT-SMaRt ===
    Message type: ConsensusMessage
    From replica: 6
    InQueue size before: 0
    InQueue size after: 1
=== [V2V Layer 1] DELIVER successful ===
19:58:02.292 [Server Comm. System] INFO bftsmart.communication.ServerCommunicationSystem - === ServerCommunicationSystem RECEIVED message ===
19:58:02.292 [Server Comm. System] INFO bftsmart.communication.ServerCommunicationSystem -     Message type: ConsensusMessage
19:58:02.292 [Server Comm. System] INFO bftsmart.communication.ServerCommunicationSystem -     From: 6
19:58:02.292 [Server Comm. System] INFO bftsmart.communication.ServerCommunicationSystem -     Message count: 10
19:58:02.292 [Server Comm. System] DEBUG bftsmart.communication.ServerCommunicationSystem - <-- receiving, msg:type=ACCEPT, number=0, epoch=0, from=6
V2VNativeBridge4: Received message from 6 with length 856
[V2V Layer 4] Received message from replica 6 via JNI
19:58:02.292 [Server Comm. System] DEBUG bftsmart.tom.core.ExecutionManager - Received message  type=ACCEPT, number=0, epoch=0, from=6
19:58:02.292 [Server Comm. System] DEBUG bftsmart.tom.core.ExecutionManager - I'm at consensus 0 and my last consensus is -1
19:58:02.292 [Server Comm. System] DEBUG bftsmart.tom.core.ExecutionManager - Message for consensus 0 can be processed
19:58:02.292 [Server Comm. System] DEBUG bftsmart.consensus.roles.Acceptor - Processing paxos msg with id 0
    [Reliability 4] handleIncomingMessage() called
        Type: DATA
        From: 6
        SeqNum: 1
19:58:02.292 [Server Comm. System] DEBUG bftsmart.consensus.roles.Acceptor - ACCEPT from 6 for consensus 0
19:58:02.292 [Server Comm. System] DEBUG bftsmart.consensus.roles.Acceptor - I have 4 ACCEPTs for cId:0, Timestamp:0 
19:58:02.292 [Server Comm. System] INFO bftsmart.communication.ServerCommunicationSystem - === Message processed ===
        Expected seq: 1
        -> IN ORDER, delivering immediately
    [Reliability 4] deliverMessage() - deserializing payload
        Deserialized: ConsensusMessage
        DEBUG: envelope.fromReplicaId=6, message.getSender()=6
=== [V2V Layer 4] DELIVER to BFT-SMaRt ===
    Message type: ConsensusMessage
    From replica: 6
    InQueue size before: 0
    InQueue size after: 1
=== [V2V Layer 4] DELIVER successful ===
19:58:02.292 [Server Comm. System] INFO bftsmart.communication.ServerCommunicationSystem - === ServerCommunicationSystem RECEIVED message ===
19:58:02.292 [Server Comm. System] INFO bftsmart.communication.ServerCommunicationSystem -     Message type: ConsensusMessage
19:58:02.292 [Server Comm. System] INFO bftsmart.communication.ServerCommunicationSystem -     From: 6
19:58:02.292 [Server Comm. System] INFO bftsmart.communication.ServerCommunicationSystem -     Message count: 9
19:58:02.292 [Server Comm. System] DEBUG bftsmart.communication.ServerCommunicationSystem - <-- receiving, msg:type=ACCEPT, number=0, epoch=0, from=6
19:58:02.292 [Server Comm. System] DEBUG bftsmart.tom.core.ExecutionManager - Received message  type=ACCEPT, number=0, epoch=0, from=6
19:58:02.292 [Server Comm. System] DEBUG bftsmart.tom.core.ExecutionManager - I'm at consensus 0 and my last consensus is -1
19:58:02.292 [Server Comm. System] DEBUG bftsmart.tom.core.ExecutionManager - Message for consensus 0 can be processed
V2VNativeBridge5: Received message from 6 with length 856
[V2V Layer 5] Received message from replica 6 via JNI
19:58:02.292 [Server Comm. System] DEBUG bftsmart.consensus.roles.Acceptor - Processing paxos msg with id 0
    [Reliability 5] handleIncomingMessage() called
        Type: DATA
        From: 6
19:58:02.292 [Server Comm. System] DEBUG bftsmart.consensus.roles.Acceptor - ACCEPT from 6 for consensus 0
        SeqNum: 1
        Expected seq: 1
        -> IN ORDER, delivering immediately
    [Reliability 5] deliverMessage() - deserializing payload
19:58:02.292 [Server Comm. System] DEBUG bftsmart.consensus.roles.Acceptor - I have 4 ACCEPTs for cId:0, Timestamp:0 
19:58:02.292 [Server Comm. System] INFO bftsmart.communication.ServerCommunicationSystem - === Message processed ===
        Deserialized: ConsensusMessage
        DEBUG: envelope.fromReplicaId=6, message.getSender()=6
=== [V2V Layer 5] DELIVER to BFT-SMaRt ===
    Message type: ConsensusMessage
    From replica: 6
    InQueue size before: 0
    InQueue size after: 1
=== [V2V Layer 5] DELIVER successful ===
19:58:02.292 [Server Comm. System] INFO bftsmart.communication.ServerCommunicationSystem - === ServerCommunicationSystem RECEIVED message ===
19:58:02.292 [Server Comm. System] INFO bftsmart.communication.ServerCommunicationSystem -     Message type: ConsensusMessage
19:58:02.292 [Server Comm. System] INFO bftsmart.communication.ServerCommunicationSystem -     From: 6
19:58:02.292 [Server Comm. System] INFO bftsmart.communication.ServerCommunicationSystem -     Message count: 10
19:58:02.292 [Server Comm. System] DEBUG bftsmart.communication.ServerCommunicationSystem - <-- receiving, msg:type=ACCEPT, number=0, epoch=0, from=6
19:58:02.292 [Server Comm. System] DEBUG bftsmart.tom.core.ExecutionManager - Received message  type=ACCEPT, number=0, epoch=0, from=6
19:58:02.292 [Server Comm. System] DEBUG bftsmart.tom.core.ExecutionManager - I'm at consensus 0 and my last consensus is -1
19:58:02.292 [Server Comm. System] DEBUG bftsmart.tom.core.ExecutionManager - Message for consensus 0 can be processed
19:58:02.292 [Server Comm. System] DEBUG bftsmart.consensus.roles.Acceptor - Processing paxos msg with id 0
19:58:02.292 [Server Comm. System] DEBUG bftsmart.consensus.roles.Acceptor - ACCEPT from 6 for consensus 0
19:58:02.292 [Server Comm. System] DEBUG bftsmart.consensus.roles.Acceptor - I have 4 ACCEPTs for cId:0, Timestamp:0 
19:58:02.292 [Server Comm. System] INFO bftsmart.communication.ServerCommunicationSystem - === Message processed ===
[V2VProxy 3] *** SENDING V2V message #16 from=3 to=-1 size=871 bytes at t=4.95
[V2VProxy 4] *** SENDING V2V message #11 from=4 to=-1 size=872 bytes at t=4.95
[V2VProxy 4] *** SENDING V2V message #12 from=4 to=-1 size=858 bytes at t=4.95
[V2VProxy 4] *** SENDING V2V message #13 from=4 to=-1 size=872 bytes at t=4.95
[V2VProxy 4] *** SENDING V2V message #14 from=4 to=-1 size=858 bytes at t=4.95
[V2VProxy 4] *** SENDING V2V message #15 from=4 to=-1 size=858 bytes at t=4.95
[V2VProxy 4] *** SENDING V2V message #16 from=4 to=-1 size=858 bytes at t=4.95
[V2VProxy 4] *** SENDING V2V message #17 from=4 to=-1 size=872 bytes at t=4.95
V2VNativeBridge2: Received message from 4 with length 858
[V2V Layer 2] Received message from replica 4 via JNI
    [Reliability 2] handleIncomingMessage() called
        Type: DATA
        From: 4
        SeqNum: 1
        Expected seq: 1
        -> IN ORDER, delivering immediately
    [Reliability 2] deliverMessage() - deserializing payload
        Deserialized: ConsensusMessage
        DEBUG: envelope.fromReplicaId=4, message.getSender()=4
=== [V2V Layer 2] DELIVER to BFT-SMaRt ===
    Message type: ConsensusMessage
    From replica: 4
    InQueue size before: 0
    InQueue size after: 1
=== [V2V Layer 2] DELIVER successful ===
V2VNativeBridge5: Received message from 4 with length 858
[V2V Layer 5] Received message from replica 4 via JNI
19:58:02.312 [Server Comm. System] INFO bftsmart.communication.ServerCommunicationSystem - === ServerCommunicationSystem RECEIVED message ===
19:58:02.312 [Server Comm. System] INFO bftsmart.communication.ServerCommunicationSystem -     Message type: ConsensusMessage
19:58:02.312 [Server Comm. System] INFO bftsmart.communication.ServerCommunicationSystem -     From: 4
    [Reliability 5] handleIncomingMessage() called
        Type: DATA
        From: 4
        SeqNum: 1
19:58:02.312 [Server Comm. System] INFO bftsmart.communication.ServerCommunicationSystem -     Message count: 11
        Expected seq: 1
        -> IN ORDER, delivering immediately
    [Reliability 5] deliverMessage() - deserializing payload
19:58:02.313 [Server Comm. System] DEBUG bftsmart.communication.ServerCommunicationSystem - <-- receiving, msg:type=ACCEPT, number=0, epoch=0, from=4
19:58:02.313 [Server Comm. System] DEBUG bftsmart.tom.core.ExecutionManager - Received message  type=ACCEPT, number=0, epoch=0, from=4
19:58:02.313 [Server Comm. System] DEBUG bftsmart.tom.core.ExecutionManager - I'm at consensus 0 and my last consensus is -1
19:58:02.313 [Server Comm. System] DEBUG bftsmart.tom.core.ExecutionManager - Message for consensus 0 can be processed
19:58:02.313 [Server Comm. System] DEBUG bftsmart.consensus.roles.Acceptor - Processing paxos msg with id 0
        Deserialized: ConsensusMessage
19:58:02.313 [Server Comm. System] DEBUG bftsmart.consensus.roles.Acceptor - ACCEPT from 4 for consensus 0
        DEBUG: envelope.fromReplicaId=4, message.getSender()=4
=== [V2V Layer 5] DELIVER to BFT-SMaRt ===
    Message type: ConsensusMessage
    From replica: 4
    InQueue size before: 0
    InQueue size after: 1
=== [V2V Layer 5] DELIVER successful ===
19:58:02.313 [Server Comm. System] INFO bftsmart.communication.ServerCommunicationSystem - === ServerCommunicationSystem RECEIVED message ===
19:58:02.313 [Server Comm. System] INFO bftsmart.communication.ServerCommunicationSystem -     Message type: ConsensusMessage
19:58:02.313 [Server Comm. System] INFO bftsmart.communication.ServerCommunicationSystem -     From: 4
19:58:02.313 [Server Comm. System] INFO bftsmart.communication.ServerCommunicationSystem -     Message count: 11
V2VNativeBridge3: Received message from 4 with length 858
[V2V Layer 3] Received message from replica 4 via JNI
19:58:02.313 [Server Comm. System] DEBUG bftsmart.communication.ServerCommunicationSystem - <-- receiving, msg:type=ACCEPT, number=0, epoch=0, from=4
19:58:02.313 [Server Comm. System] DEBUG bftsmart.tom.core.ExecutionManager - Received message  type=ACCEPT, number=0, epoch=0, from=4
19:58:02.313 [Server Comm. System] DEBUG bftsmart.tom.core.ExecutionManager - I'm at consensus 0 and my last consensus is -1
19:58:02.313 [Server Comm. System] DEBUG bftsmart.tom.core.ExecutionManager - Message for consensus 0 can be processed
19:58:02.313 [Server Comm. System] DEBUG bftsmart.consensus.roles.Acceptor - Processing paxos msg with id 0
19:58:02.313 [Server Comm. System] DEBUG bftsmart.consensus.roles.Acceptor - ACCEPT from 4 for consensus 0
19:58:02.313 [Server Comm. System] DEBUG bftsmart.consensus.roles.Acceptor - I have 5 ACCEPTs for cId:0, Timestamp:0 
    [Reliability 3] handleIncomingMessage() called
        Type: DATA
19:58:02.313 [Server Comm. System] INFO bftsmart.communication.ServerCommunicationSystem - === Message processed ===
        From: 4
        SeqNum: 1
        Expected seq: 1
        -> IN ORDER, delivering immediately
    [Reliability 3] deliverMessage() - deserializing payload
        Deserialized: ConsensusMessage
        DEBUG: envelope.fromReplicaId=4, message.getSender()=4
=== [V2V Layer 3] DELIVER to BFT-SMaRt ===
    Message type: ConsensusMessage
    From replica: 4
    InQueue size before: 0
19:58:02.313 [Server Comm. System] DEBUG bftsmart.consensus.roles.Acceptor - I have 5 ACCEPTs for cId:0, Timestamp:0 
19:58:02.313 [Server Comm. System] INFO bftsmart.communication.ServerCommunicationSystem - === Message processed ===
    InQueue size after: 1
=== [V2V Layer 3] DELIVER successful ===
19:58:02.313 [Server Comm. System] INFO bftsmart.communication.ServerCommunicationSystem - === ServerCommunicationSystem RECEIVED message ===
19:58:02.313 [Server Comm. System] INFO bftsmart.communication.ServerCommunicationSystem -     Message type: ConsensusMessage
19:58:02.313 [Server Comm. System] INFO bftsmart.communication.ServerCommunicationSystem -     From: 4
19:58:02.313 [Server Comm. System] INFO bftsmart.communication.ServerCommunicationSystem -     Message count: 10
19:58:02.313 [Server Comm. System] DEBUG bftsmart.communication.ServerCommunicationSystem - <-- receiving, msg:type=ACCEPT, number=0, epoch=0, from=4
19:58:02.313 [Server Comm. System] DEBUG bftsmart.tom.core.ExecutionManager - Received message  type=ACCEPT, number=0, epoch=0, from=4
19:58:02.313 [Server Comm. System] DEBUG bftsmart.tom.core.ExecutionManager - I'm at consensus 0 and my last consensus is -1
19:58:02.313 [Server Comm. System] DEBUG bftsmart.tom.core.ExecutionManager - Message for consensus 0 can be processed
19:58:02.313 [Server Comm. System] DEBUG bftsmart.consensus.roles.Acceptor - Processing paxos msg with id 0
19:58:02.313 [Server Comm. System] DEBUG bftsmart.consensus.roles.Acceptor - ACCEPT from 4 for consensus 0
19:58:02.313 [Server Comm. System] DEBUG bftsmart.consensus.roles.Acceptor - I have 5 ACCEPTs for cId:0, Timestamp:0 
19:58:02.313 [Server Comm. System] INFO bftsmart.communication.ServerCommunicationSystem - === Message processed ===
V2VNativeBridge0: Received message from 4 with length 858
[V2V Layer 0] Received message from replica 4 via JNI
    [Reliability 0] handleIncomingMessage() called
        Type: DATA
        From: 4
        SeqNum: 1
        Expected seq: 1
        -> IN ORDER, delivering immediately
    [Reliability 0] deliverMessage() - deserializing payload
        Deserialized: ConsensusMessage
        DEBUG: envelope.fromReplicaId=4, message.getSender()=4
=== [V2V Layer 0] DELIVER to BFT-SMaRt ===
    Message type: ConsensusMessage
    From replica: 4
    InQueue size before: 0
    InQueue size after: 1
=== [V2V Layer 0] DELIVER successful ===
19:58:02.313 [Server Comm. System] INFO bftsmart.communication.ServerCommunicationSystem - === ServerCommunicationSystem RECEIVED message ===
19:58:02.313 [Server Comm. System] INFO bftsmart.communication.ServerCommunicationSystem -     Message type: ConsensusMessage
19:58:02.313 [Server Comm. System] INFO bftsmart.communication.ServerCommunicationSystem -     From: 4
19:58:02.313 [Server Comm. System] INFO bftsmart.communication.ServerCommunicationSystem -     Message count: 10
19:58:02.313 [Server Comm. System] DEBUG bftsmart.communication.ServerCommunicationSystem - <-- receiving, msg:type=ACCEPT, number=0, epoch=0, from=4
19:58:02.313 [Server Comm. System] DEBUG bftsmart.tom.core.ExecutionManager - Received message  type=ACCEPT, number=0, epoch=0, from=4
19:58:02.313 [Server Comm. System] DEBUG bftsmart.tom.core.ExecutionManager - I'm at consensus 0 and my last consensus is -1
19:58:02.313 [Server Comm. System] DEBUG bftsmart.tom.core.ExecutionManager - Message for consensus 0 can be processed
19:58:02.313 [Server Comm. System] DEBUG bftsmart.consensus.roles.Acceptor - Processing paxos msg with id 0
19:58:02.313 [Server Comm. System] DEBUG bftsmart.consensus.roles.Acceptor - ACCEPT from 4 for consensus 0
19:58:02.313 [Server Comm. System] DEBUG bftsmart.consensus.roles.Acceptor - I have 5 ACCEPTs for cId:0, Timestamp:0 
V2VNativeBridge1: Received message from 4 with length 858
[V2V Layer 1] Received message from replica 4 via JNI
19:58:02.313 [Server Comm. System] INFO bftsmart.communication.ServerCommunicationSystem - === Message processed ===
    [Reliability 1] handleIncomingMessage() called
        Type: DATA
        From: 4
        SeqNum: 1
        Expected seq: 1
        -> IN ORDER, delivering immediately
    [Reliability 1] deliverMessage() - deserializing payload
        Deserialized: ConsensusMessage
        DEBUG: envelope.fromReplicaId=4, message.getSender()=4
=== [V2V Layer 1] DELIVER to BFT-SMaRt ===
    Message type: ConsensusMessage
    From replica: 4
    InQueue size before: 0
    InQueue size after: 1
=== [V2V Layer 1] DELIVER successful ===
V2VNativeBridge6: Received message from 4 with length 858
[V2V Layer 6] Received message from replica 4 via JNI
19:58:02.314 [Server Comm. System] INFO bftsmart.communication.ServerCommunicationSystem - === ServerCommunicationSystem RECEIVED message ===
19:58:02.314 [Server Comm. System] INFO bftsmart.communication.ServerCommunicationSystem -     Message type: ConsensusMessage
19:58:02.314 [Server Comm. System] INFO bftsmart.communication.ServerCommunicationSystem -     From: 4
19:58:02.314 [Server Comm. System] INFO bftsmart.communication.ServerCommunicationSystem -     Message count: 11
19:58:02.314 [Server Comm. System] DEBUG bftsmart.communication.ServerCommunicationSystem - <-- receiving, msg:type=ACCEPT, number=0, epoch=0, from=4
19:58:02.314 [Server Comm. System] DEBUG bftsmart.tom.core.ExecutionManager - Received message  type=ACCEPT, number=0, epoch=0, from=4
19:58:02.314 [Server Comm. System] DEBUG bftsmart.tom.core.ExecutionManager - I'm at consensus 0 and my last consensus is -1
19:58:02.314 [Server Comm. System] DEBUG bftsmart.tom.core.ExecutionManager - Message for consensus 0 can be processed
19:58:02.314 [Server Comm. System] DEBUG bftsmart.consensus.roles.Acceptor - Processing paxos msg with id 0
19:58:02.314 [Server Comm. System] DEBUG bftsmart.consensus.roles.Acceptor - ACCEPT from 4 for consensus 0
19:58:02.314 [Server Comm. System] DEBUG bftsmart.consensus.roles.Acceptor - I have 5 ACCEPTs for cId:0, Timestamp:0 
19:58:02.314 [Server Comm. System] INFO bftsmart.communication.ServerCommunicationSystem - === Message processed ===
    [Reliability 6] handleIncomingMessage() called
        Type: DATA
        From: 4
        SeqNum: 1
        Expected seq: 1
        -> IN ORDER, delivering immediately
    [Reliability 6] deliverMessage() - deserializing payload
        Deserialized: ConsensusMessage
        DEBUG: envelope.fromReplicaId=4, message.getSender()=4
=== [V2V Layer 6] DELIVER to BFT-SMaRt ===
    Message type: ConsensusMessage
    From replica: 4
    InQueue size before: 0
    InQueue size after: 1
=== [V2V Layer 6] DELIVER successful ===
19:58:02.314 [Server Comm. System] INFO bftsmart.communication.ServerCommunicationSystem - === ServerCommunicationSystem RECEIVED message ===
19:58:02.314 [Server Comm. System] INFO bftsmart.communication.ServerCommunicationSystem -     Message type: ConsensusMessage
19:58:02.314 [Server Comm. System] INFO bftsmart.communication.ServerCommunicationSystem -     From: 4
19:58:02.314 [Server Comm. System] INFO bftsmart.communication.ServerCommunicationSystem -     Message count: 9
19:58:02.314 [Server Comm. System] DEBUG bftsmart.communication.ServerCommunicationSystem - <-- receiving, msg:type=ACCEPT, number=0, epoch=0, from=4
19:58:02.314 [Server Comm. System] DEBUG bftsmart.tom.core.ExecutionManager - Received message  type=ACCEPT, number=0, epoch=0, from=4
19:58:02.314 [Server Comm. System] DEBUG bftsmart.tom.core.ExecutionManager - I'm at consensus 0 and my last consensus is -1
19:58:02.314 [Server Comm. System] DEBUG bftsmart.tom.core.ExecutionManager - Message for consensus 0 can be processed
19:58:02.314 [Server Comm. System] DEBUG bftsmart.consensus.roles.Acceptor - Processing paxos msg with id 0
19:58:02.314 [Server Comm. System] DEBUG bftsmart.consensus.roles.Acceptor - ACCEPT from 4 for consensus 0
19:58:02.314 [Server Comm. System] DEBUG bftsmart.consensus.roles.Acceptor - I have 4 ACCEPTs for cId:0, Timestamp:0 
19:58:02.314 [Server Comm. System] INFO bftsmart.communication.ServerCommunicationSystem - === Message processed ===
V2VNativeBridge7: Received message from 4 with length 858
[V2V Layer 7] Received message from replica 4 via JNI
    [Reliability 7] handleIncomingMessage() called
        Type: DATA
        From: 4
        SeqNum: 1
        Expected seq: 1
        -> IN ORDER, delivering immediately
    [Reliability 7] deliverMessage() - deserializing payload
        Deserialized: ConsensusMessage
        DEBUG: envelope.fromReplicaId=4, message.getSender()=4
=== [V2V Layer 7] DELIVER to BFT-SMaRt ===
    Message type: ConsensusMessage
    From replica: 4
    InQueue size before: 0
    InQueue size after: 1
=== [V2V Layer 7] DELIVER successful ===
19:58:02.314 [Server Comm. System] INFO bftsmart.communication.ServerCommunicationSystem - === ServerCommunicationSystem RECEIVED message ===
19:58:02.314 [Server Comm. System] INFO bftsmart.communication.ServerCommunicationSystem -     Message type: ConsensusMessage
19:58:02.314 [Server Comm. System] INFO bftsmart.communication.ServerCommunicationSystem -     From: 4
19:58:02.314 [Server Comm. System] INFO bftsmart.communication.ServerCommunicationSystem -     Message count: 9
19:58:02.315 [Server Comm. System] DEBUG bftsmart.communication.ServerCommunicationSystem - <-- receiving, msg:type=ACCEPT, number=0, epoch=0, from=4
19:58:02.315 [Server Comm. System] DEBUG bftsmart.tom.core.ExecutionManager - Received message  type=ACCEPT, number=0, epoch=0, from=4
19:58:02.315 [Server Comm. System] DEBUG bftsmart.tom.core.ExecutionManager - I'm at consensus 0 and my last consensus is -1
19:58:02.315 [Server Comm. System] DEBUG bftsmart.tom.core.ExecutionManager - Message for consensus 0 can be processed
19:58:02.315 [Server Comm. System] DEBUG bftsmart.consensus.roles.Acceptor - Processing paxos msg with id 0
19:58:02.315 [Server Comm. System] DEBUG bftsmart.consensus.roles.Acceptor - ACCEPT from 4 for consensus 0
19:58:02.315 [Server Comm. System] DEBUG bftsmart.consensus.roles.Acceptor - I have 4 ACCEPTs for cId:0, Timestamp:0 
19:58:02.315 [Server Comm. System] INFO bftsmart.communication.ServerCommunicationSystem - === Message processed ===
V2VNativeBridge2: Received message from 4 with length 872
[V2V Layer 2] Received message from replica 4 via JNI
    [Reliability 2] handleIncomingMessage() called
        Type: DATA
        From: 4
        SeqNum: 1
        Expected seq: 2
        -> DUPLICATE (seq < expected), ignoring
V2VNativeBridge5: Received message from 4 with length 872
[V2V Layer 5] Received message from replica 4 via JNI
    [Reliability 5] handleIncomingMessage() called
        Type: DATA
        From: 4
        SeqNum: 1
        Expected seq: 2
        -> DUPLICATE (seq < expected), ignoring
V2VNativeBridge3: Received message from 4 with length 872
[V2V Layer 3] Received message from replica 4 via JNI
    [Reliability 3] handleIncomingMessage() called
        Type: DATA
        From: 4
        SeqNum: 1
        Expected seq: 2
        -> DUPLICATE (seq < expected), ignoring
V2VNativeBridge0: Received message from 4 with length 872
[V2V Layer 0] Received message from replica 4 via JNI
    [Reliability 0] handleIncomingMessage() called
        Type: DATA
        From: 4
        SeqNum: 1
        Expected seq: 2
        -> DUPLICATE (seq < expected), ignoring
[V2VProxy 1] Delivering message #301 from replica 4 to Java (872 bytes)
V2VNativeBridge1: Received message from 4 with length 872
[V2V Layer 1] Received message from replica 4 via JNI
    [Reliability 1] handleIncomingMessage() called
        Type: DATA
        From: 4
        SeqNum: 1
        Expected seq: 2
        -> DUPLICATE (seq < expected), ignoring
V2VNativeBridge6: Received message from 4 with length 872
[V2V Layer 6] Received message from replica 4 via JNI
    [Reliability 6] handleIncomingMessage() called
        Type: DATA
        From: 4
        SeqNum: 1
        Expected seq: 2
        -> DUPLICATE (seq < expected), ignoring
V2VNativeBridge7: Received message from 4 with length 872
[V2V Layer 7] Received message from replica 4 via JNI
    [Reliability 7] handleIncomingMessage() called
        Type: DATA
        From: 4
        SeqNum: 1
        Expected seq: 2
        -> DUPLICATE (seq < expected), ignoring
V2VNativeBridge6: Received message from 0 with length 857
[V2V Layer 6] Received message from replica 0 via JNI
    [Reliability 6] handleIncomingMessage() called
        Type: DATA
        From: 0
        SeqNum: 2
        Expected seq: 2
        -> IN ORDER, delivering immediately
    [Reliability 6] deliverMessage() - deserializing payload
        Deserialized: ConsensusMessage
        DEBUG: envelope.fromReplicaId=0, message.getSender()=0
=== [V2V Layer 6] DELIVER to BFT-SMaRt ===
    Message type: ConsensusMessage
    From replica: 0
    InQueue size before: 0
    InQueue size after: 1
=== [V2V Layer 6] DELIVER successful ===
V2VNativeBridge3: Received message from 0 with length 857
[V2V Layer 3] Received message from replica 0 via JNI
19:58:02.354 [Server Comm. System] INFO bftsmart.communication.ServerCommunicationSystem - === ServerCommunicationSystem RECEIVED message ===
19:58:02.354 [Server Comm. System] INFO bftsmart.communication.ServerCommunicationSystem -     Message type: ConsensusMessage
19:58:02.355 [Server Comm. System] INFO bftsmart.communication.ServerCommunicationSystem -     From: 0
19:58:02.355 [Server Comm. System] INFO bftsmart.communication.ServerCommunicationSystem -     Message count: 10
19:58:02.355 [Server Comm. System] DEBUG bftsmart.communication.ServerCommunicationSystem - <-- receiving, msg:type=ACCEPT, number=0, epoch=0, from=0
19:58:02.355 [Server Comm. System] DEBUG bftsmart.tom.core.ExecutionManager - Received message  type=ACCEPT, number=0, epoch=0, from=0
19:58:02.355 [Server Comm. System] DEBUG bftsmart.tom.core.ExecutionManager - I'm at consensus 0 and my last consensus is -1
19:58:02.355 [Server Comm. System] DEBUG bftsmart.tom.core.ExecutionManager - Message for consensus 0 can be processed
19:58:02.355 [Server Comm. System] DEBUG bftsmart.consensus.roles.Acceptor - Processing paxos msg with id 0
19:58:02.355 [Server Comm. System] DEBUG bftsmart.consensus.roles.Acceptor - ACCEPT from 0 for consensus 0
    [Reliability 3] handleIncomingMessage() called
        Type: DATA
        From: 0
        SeqNum: 2
19:58:02.355 [Server Comm. System] DEBUG bftsmart.consensus.roles.Acceptor - I have 5 ACCEPTs for cId:0, Timestamp:0 
19:58:02.355 [Server Comm. System] INFO bftsmart.communication.ServerCommunicationSystem - === Message processed ===
        Expected seq: 2
        -> IN ORDER, delivering immediately
    [Reliability 3] deliverMessage() - deserializing payload
        Deserialized: ConsensusMessage
        DEBUG: envelope.fromReplicaId=0, message.getSender()=0
=== [V2V Layer 3] DELIVER to BFT-SMaRt ===
    Message type: ConsensusMessage
    From replica: 0
    InQueue size before: 0
    InQueue size after: 1
=== [V2V Layer 3] DELIVER successful ===
19:58:02.355 [Server Comm. System] INFO bftsmart.communication.ServerCommunicationSystem - === ServerCommunicationSystem RECEIVED message ===
19:58:02.355 [Server Comm. System] INFO bftsmart.communication.ServerCommunicationSystem -     Message type: ConsensusMessage
19:58:02.355 [Server Comm. System] INFO bftsmart.communication.ServerCommunicationSystem -     From: 0
19:58:02.355 [Server Comm. System] INFO bftsmart.communication.ServerCommunicationSystem -     Message count: 11
19:58:02.355 [Server Comm. System] DEBUG bftsmart.communication.ServerCommunicationSystem - <-- receiving, msg:type=ACCEPT, number=0, epoch=0, from=0
19:58:02.355 [Server Comm. System] DEBUG bftsmart.tom.core.ExecutionManager - Received message  type=ACCEPT, number=0, epoch=0, from=0
19:58:02.355 [Server Comm. System] DEBUG bftsmart.tom.core.ExecutionManager - I'm at consensus 0 and my last consensus is -1
19:58:02.355 [Server Comm. System] DEBUG bftsmart.tom.core.ExecutionManager - Message for consensus 0 can be processed
19:58:02.355 [Server Comm. System] DEBUG bftsmart.consensus.roles.Acceptor - Processing paxos msg with id 0
19:58:02.355 [Server Comm. System] DEBUG bftsmart.consensus.roles.Acceptor - ACCEPT from 0 for consensus 0
V2VNativeBridge2: Received message from 0 with length 857
[V2V Layer 2] Received message from replica 0 via JNI
19:58:02.355 [Server Comm. System] DEBUG bftsmart.consensus.roles.Acceptor - I have 6 ACCEPTs for cId:0, Timestamp:0 
19:58:02.355 [Server Comm. System] DEBUG bftsmart.consensus.roles.Acceptor - Deciding consensus 0
19:58:02.355 [Server Comm. System] DEBUG bftsmart.consensus.Consensus - Delivering decision from consensus 0 to the TOMLayer/DeliveryThread
    [Reliability 2] handleIncomingMessage() called
        Type: DATA
        From: 0
        SeqNum: 2
19:58:02.355 [Server Comm. System] DEBUG bftsmart.tom.core.DeliveryThread - Using cached requests from the propose.
19:58:02.355 [Server Comm. System] DEBUG bftsmart.clientsmanagement.ClientsManager - Updating client manager
        Expected seq: 2
        -> IN ORDER, delivering immediately
    [Reliability 2] deliverMessage() - deserializing payload
        Deserialized: ConsensusMessage
        DEBUG: envelope.fromReplicaId=0, message.getSender()=0
=== [V2V Layer 2] DELIVER to BFT-SMaRt ===
    Message type: ConsensusMessage
    From replica: 0
    InQueue size before: 0
    InQueue size after: 1
=== [V2V Layer 2] DELIVER successful ===
19:58:02.355 [Server Comm. System] INFO bftsmart.communication.ServerCommunicationSystem - === ServerCommunicationSystem RECEIVED message ===
V2VNativeBridge4: Received message from 0 with length 857
[V2V Layer 4] Received message from replica 0 via JNI
19:58:02.355 [Server Comm. System] INFO bftsmart.communication.ServerCommunicationSystem -     Message type: ConsensusMessage
    [Reliability 4] handleIncomingMessage() called
        Type: DATA
        From: 0
        SeqNum: 2
19:58:02.355 [Server Comm. System] INFO bftsmart.communication.ServerCommunicationSystem -     From: 0
19:58:02.355 [Server Comm. System] DEBUG bftsmart.clientsmanagement.ClientsManager - Finished updating client manager
        Expected seq: 2
19:58:02.355 [Server Comm. System] INFO bftsmart.communication.ServerCommunicationSystem -     Message count: 12
        -> IN ORDER, delivering immediately
    [Reliability 4] deliverMessage() - deserializing payload
19:58:02.355 [Server Comm. System] DEBUG bftsmart.tom.core.DeliveryThread - Consensus 0 finished. Decided size=1
19:58:02.355 [Server Comm. System] DEBUG bftsmart.communication.ServerCommunicationSystem - <-- receiving, msg:type=ACCEPT, number=0, epoch=0, from=0
        Deserialized: ConsensusMessage
        DEBUG: envelope.fromReplicaId=0, message.getSender()=0
=== [V2V Layer 4] DELIVER to BFT-SMaRt ===
19:58:02.355 [Server Comm. System] DEBUG bftsmart.tom.core.DeliveryThread - Decision from consensus 0 does not contain reconfiguration
    Message type: ConsensusMessage
    From replica: 0
    InQueue size before: 0
19:58:02.355 [Server Comm. System] DEBUG bftsmart.tom.core.TOMLayer - Setting last exec to 0
    InQueue size after: 1
=== [V2V Layer 4] DELIVER successful ===
19:58:02.355 [Server Comm. System] INFO bftsmart.communication.ServerCommunicationSystem - === ServerCommunicationSystem RECEIVED message ===
19:58:02.355 [Server Comm. System] INFO bftsmart.communication.ServerCommunicationSystem -     Message type: ConsensusMessage
19:58:02.355 [Server Comm. System] INFO bftsmart.communication.ServerCommunicationSystem -     From: 0
19:58:02.355 [Server Comm. System] DEBUG bftsmart.tom.core.TOMLayer - Modifying inExec from 0 to -1
19:58:02.355 [Server Comm. System] DEBUG bftsmart.tom.core.ExecutionManager - Received message  type=ACCEPT, number=0, epoch=0, from=0
V2VNativeBridge7: Received message from 0 with length 857
[V2V Layer 7] Received message from replica 0 via JNI
19:58:02.355 [Server Comm. System] DEBUG bftsmart.tom.core.ExecutionManager - I'm at consensus 0 and my last consensus is -1
19:58:02.355 [Server Comm. System] INFO bftsmart.communication.ServerCommunicationSystem - === Message processed ===
19:58:02.355 [Delivery Thread] DEBUG bftsmart.tom.core.DeliveryThread - Current size of the decided queue: 1
    [Reliability 7] handleIncomingMessage() called
        Type: DATA
        From: 0
        SeqNum: 2
19:58:02.355 [Server Comm. System] INFO bftsmart.communication.ServerCommunicationSystem -     Message count: 10
        Expected seq: 2
        -> IN ORDER, delivering immediately
    [Reliability 7] deliverMessage() - deserializing payload
19:58:02.355 [Server Comm. System] DEBUG bftsmart.tom.core.ExecutionManager - Message for consensus 0 can be processed
        Deserialized: ConsensusMessage
        DEBUG: envelope.fromReplicaId=0, message.getSender()=0
=== [V2V Layer 7] DELIVER to BFT-SMaRt ===
19:58:02.356 [Server Comm. System] DEBUG bftsmart.communication.ServerCommunicationSystem - <-- receiving, msg:type=ACCEPT, number=0, epoch=0, from=0
19:58:02.356 [Server Comm. System] DEBUG bftsmart.consensus.roles.Acceptor - Processing paxos msg with id 0
    Message type: ConsensusMessage
    From replica: 0
    InQueue size before: 0
19:58:02.356 [Server Comm. System] DEBUG bftsmart.tom.core.ExecutionManager - Received message  type=ACCEPT, number=0, epoch=0, from=0
19:58:02.356 [Server Comm. System] DEBUG bftsmart.tom.core.ExecutionManager - I'm at consensus 0 and my last consensus is -1
19:58:02.356 [Server Comm. System] DEBUG bftsmart.consensus.roles.Acceptor - ACCEPT from 0 for consensus 0
19:58:02.356 [Server Comm. System] DEBUG bftsmart.tom.core.ExecutionManager - Message for consensus 0 can be processed
    InQueue size after: 1
=== [V2V Layer 7] DELIVER successful ===
19:58:02.356 [Server Comm. System] DEBUG bftsmart.consensus.roles.Acceptor - Processing paxos msg with id 0
19:58:02.356 [Server Comm. System] INFO bftsmart.communication.ServerCommunicationSystem - === ServerCommunicationSystem RECEIVED message ===
19:58:02.356 [Server Comm. System] INFO bftsmart.communication.ServerCommunicationSystem -     Message type: ConsensusMessage
19:58:02.356 [Server Comm. System] INFO bftsmart.communication.ServerCommunicationSystem -     From: 0
19:58:02.356 [Server Comm. System] INFO bftsmart.communication.ServerCommunicationSystem -     Message count: 10
19:58:02.356 [Server Comm. System] DEBUG bftsmart.communication.ServerCommunicationSystem - <-- receiving, msg:type=ACCEPT, number=0, epoch=0, from=0
19:58:02.356 [Server Comm. System] DEBUG bftsmart.consensus.roles.Acceptor - ACCEPT from 0 for consensus 0
19:58:02.356 [Server Comm. System] DEBUG bftsmart.tom.core.ExecutionManager - Received message  type=ACCEPT, number=0, epoch=0, from=0
19:58:02.356 [Server Comm. System] DEBUG bftsmart.consensus.roles.Acceptor - I have 6 ACCEPTs for cId:0, Timestamp:0 
19:58:02.356 [Server Comm. System] DEBUG bftsmart.consensus.roles.Acceptor - Deciding consensus 0
19:58:02.356 [Server Comm. System] DEBUG bftsmart.consensus.Consensus - Delivering decision from consensus 0 to the TOMLayer/DeliveryThread
19:58:02.356 [Server Comm. System] DEBUG bftsmart.consensus.roles.Acceptor - I have 5 ACCEPTs for cId:0, Timestamp:0 
19:58:02.356 [Server Comm. System] INFO bftsmart.communication.ServerCommunicationSystem - === Message processed ===
V2VNativeBridge1: Received message from 0 with length 857
[V2V Layer 1] Received message from replica 0 via JNI
19:58:02.356 [Server Comm. System] DEBUG bftsmart.tom.core.ExecutionManager - I'm at consensus 0 and my last consensus is -1
19:58:02.356 [Server Comm. System] DEBUG bftsmart.tom.core.DeliveryThread - Using cached requests from the propose.
19:58:02.356 [Server Comm. System] DEBUG bftsmart.clientsmanagement.ClientsManager - Updating client manager
19:58:02.356 [Server Comm. System] DEBUG bftsmart.tom.core.ExecutionManager - Message for consensus 0 can be processed
19:58:02.356 [Server Comm. System] DEBUG bftsmart.consensus.roles.Acceptor - Processing paxos msg with id 0
    [Reliability 1] handleIncomingMessage() called
        Type: DATA
19:58:02.356 [Server Comm. System] DEBUG bftsmart.consensus.roles.Acceptor - ACCEPT from 0 for consensus 0
        From: 0
        SeqNum: 2
19:58:02.356 [Server Comm. System] DEBUG bftsmart.consensus.roles.Acceptor - I have 5 ACCEPTs for cId:0, Timestamp:0 
        Expected seq: 2
        -> IN ORDER, delivering immediately
    [Reliability 1] deliverMessage() - deserializing payload
19:58:02.356 [Server Comm. System] INFO bftsmart.communication.ServerCommunicationSystem - === Message processed ===
        Deserialized: ConsensusMessage
        DEBUG: envelope.fromReplicaId=0, message.getSender()=0
=== [V2V Layer 1] DELIVER to BFT-SMaRt ===
    Message type: ConsensusMessage
    From replica: 0
    InQueue size before: 0
19:58:02.356 [Server Comm. System] DEBUG bftsmart.clientsmanagement.ClientsManager - Finished updating client manager
    InQueue size after: 1
=== [V2V Layer 1] DELIVER successful ===
19:58:02.356 [Server Comm. System] DEBUG bftsmart.tom.core.DeliveryThread - Consensus 0 finished. Decided size=1
19:58:02.356 [Server Comm. System] DEBUG bftsmart.tom.core.DeliveryThread - Decision from consensus 0 does not contain reconfiguration
19:58:02.356 [Server Comm. System] DEBUG bftsmart.tom.core.TOMLayer - Setting last exec to 0
19:58:02.356 [Server Comm. System] DEBUG bftsmart.tom.core.TOMLayer - Modifying inExec from 0 to -1
19:58:02.356 [Delivery Thread] DEBUG bftsmart.tom.core.DeliveryThread - Using cached requests from the propose.
19:58:02.356 [Server Comm. System] INFO bftsmart.communication.ServerCommunicationSystem - === Message processed ===
19:58:02.356 [Server Comm. System] INFO bftsmart.communication.ServerCommunicationSystem - === ServerCommunicationSystem RECEIVED message ===
19:58:02.356 [Server Comm. System] INFO bftsmart.communication.ServerCommunicationSystem -     Message type: ConsensusMessage
19:58:02.356 [Server Comm. System] INFO bftsmart.communication.ServerCommunicationSystem -     From: 0
19:58:02.356 [Delivery Thread] DEBUG bftsmart.tom.core.DeliveryThread - Current size of the decided queue: 1
19:58:02.356 [Server Comm. System] INFO bftsmart.communication.ServerCommunicationSystem -     Message count: 12
19:58:02.356 [Server Comm. System] DEBUG bftsmart.communication.ServerCommunicationSystem - <-- receiving, msg:type=ACCEPT, number=0, epoch=0, from=0
19:58:02.356 [Server Comm. System] DEBUG bftsmart.tom.core.ExecutionManager - Received message  type=ACCEPT, number=0, epoch=0, from=0
19:58:02.356 [Server Comm. System] DEBUG bftsmart.tom.core.ExecutionManager - I'm at consensus 0 and my last consensus is -1
19:58:02.356 [Delivery Thread] DEBUG bftsmart.tom.core.DeliveryThread - Using cached requests from the propose.
19:58:02.356 [Server Comm. System] DEBUG bftsmart.tom.core.ExecutionManager - Message for consensus 0 can be processed
19:58:02.356 [Server Comm. System] DEBUG bftsmart.consensus.roles.Acceptor - Processing paxos msg with id 0
19:58:02.356 [Server Comm. System] DEBUG bftsmart.consensus.roles.Acceptor - ACCEPT from 0 for consensus 0
19:58:02.356 [Delivery Thread] DEBUG bftsmart.tom.ServiceReplica - Processing TOMMessage from client 1000 with sequence number 0 for session -241918573 decided in consensus 0
V2VNativeBridge5: Received message from 0 with length 857
[V2V Layer 5] Received message from replica 0 via JNI
19:58:02.356 [Server Comm. System] DEBUG bftsmart.consensus.roles.Acceptor - I have 6 ACCEPTs for cId:0, Timestamp:0 
19:58:02.357 [Delivery Thread] DEBUG bftsmart.tom.ServiceReplica - Processing TOMMessage from client 1000 with sequence number 0 for session -241918573 decided in consensus 0
19:58:02.357 [Server Comm. System] DEBUG bftsmart.consensus.roles.Acceptor - Deciding consensus 0
19:58:02.357 [Server Comm. System] DEBUG bftsmart.consensus.Consensus - Delivering decision from consensus 0 to the TOMLayer/DeliveryThread
19:58:02.357 [Server Comm. System] DEBUG bftsmart.tom.core.DeliveryThread - Using cached requests from the propose.
19:58:02.357 [Server Comm. System] DEBUG bftsmart.clientsmanagement.ClientsManager - Updating client manager
    [Reliability 5] handleIncomingMessage() called
        Type: DATA
        From: 0
        SeqNum: 2
19:58:02.357 [Server Comm. System] DEBUG bftsmart.clientsmanagement.ClientsManager - Finished updating client manager
19:58:02.357 [Server Comm. System] DEBUG bftsmart.tom.core.DeliveryThread - Consensus 0 finished. Decided size=1
19:58:02.357 [Server Comm. System] DEBUG bftsmart.tom.core.DeliveryThread - Decision from consensus 0 does not contain reconfiguration
        Expected seq: 2
        -> IN ORDER, delivering immediately
    [Reliability 5] deliverMessage() - deserializing payload
19:58:02.357 [Server Comm. System] DEBUG bftsmart.tom.core.TOMLayer - Setting last exec to 0
19:58:02.357 [Server Comm. System] DEBUG bftsmart.tom.core.TOMLayer - Modifying inExec from 0 to -1
        Deserialized: ConsensusMessage
        DEBUG: envelope.fromReplicaId=0, message.getSender()=0
=== [V2V Layer 5] DELIVER to BFT-SMaRt ===
    Message type: ConsensusMessage
    From replica: 0
19:58:02.357 [Server Comm. System] INFO bftsmart.communication.ServerCommunicationSystem - === Message processed ===
    InQueue size before: 0
19:58:02.357 [Delivery Thread] DEBUG bftsmart.tom.core.DeliveryThread - Current size of the decided queue: 1
    InQueue size after: 1
=== [V2V Layer 5] DELIVER successful ===
19:58:02.357 [Delivery Thread] DEBUG bftsmart.tom.core.DeliveryThread - Using cached requests from the propose.
19:58:02.357 [Delivery Thread] DEBUG bftsmart.tom.ServiceReplica - Processing TOMMessage from client 1000 with sequence number 0 for session -241918573 decided in consensus 0
19:58:02.357 [Server Comm. System] INFO bftsmart.communication.ServerCommunicationSystem - === ServerCommunicationSystem RECEIVED message ===
19:58:02.357 [Server Comm. System] INFO bftsmart.communication.ServerCommunicationSystem -     Message type: ConsensusMessage
19:58:02.357 [Server Comm. System] INFO bftsmart.communication.ServerCommunicationSystem -     From: 0
19:58:02.357 [Server Comm. System] INFO bftsmart.communication.ServerCommunicationSystem -     Message count: 12
19:58:02.357 [Server Comm. System] DEBUG bftsmart.communication.ServerCommunicationSystem - <-- receiving, msg:type=ACCEPT, number=0, epoch=0, from=0
19:58:02.357 [Server Comm. System] DEBUG bftsmart.tom.core.ExecutionManager - Received message  type=ACCEPT, number=0, epoch=0, from=0
19:58:02.357 [Server Comm. System] DEBUG bftsmart.tom.core.ExecutionManager - I'm at consensus 0 and my last consensus is -1
19:58:02.357 [Server Comm. System] DEBUG bftsmart.tom.core.ExecutionManager - Message for consensus 0 can be processed
19:58:02.357 [Server Comm. System] DEBUG bftsmart.consensus.roles.Acceptor - Processing paxos msg with id 0
19:58:02.357 [Server Comm. System] DEBUG bftsmart.consensus.roles.Acceptor - ACCEPT from 0 for consensus 0
19:58:02.357 [Server Comm. System] DEBUG bftsmart.consensus.roles.Acceptor - I have 6 ACCEPTs for cId:0, Timestamp:0 
19:58:02.357 [Server Comm. System] DEBUG bftsmart.consensus.roles.Acceptor - Deciding consensus 0
19:58:02.357 [Server Comm. System] DEBUG bftsmart.consensus.Consensus - Delivering decision from consensus 0 to the TOMLayer/DeliveryThread
19:58:02.357 [Server Comm. System] DEBUG bftsmart.tom.core.DeliveryThread - Using cached requests from the propose.
19:58:02.357 [Server Comm. System] DEBUG bftsmart.clientsmanagement.ClientsManager - Updating client manager
19:58:02.357 [Delivery Thread] DEBUG bftsmart.tom.ServiceReplica - Batching request from 1000
19:58:02.357 [Server Comm. System] DEBUG bftsmart.clientsmanagement.ClientsManager - Finished updating client manager
19:58:02.357 [Server Comm. System] DEBUG bftsmart.tom.core.DeliveryThread - Consensus 0 finished. Decided size=1
19:58:02.357 [Server Comm. System] DEBUG bftsmart.tom.core.DeliveryThread - Decision from consensus 0 does not contain reconfiguration
19:58:02.357 [Server Comm. System] DEBUG bftsmart.tom.core.TOMLayer - Setting last exec to 0
19:58:02.357 [Server Comm. System] DEBUG bftsmart.tom.core.TOMLayer - Modifying inExec from 0 to -1
19:58:02.357 [Delivery Thread] DEBUG bftsmart.tom.ServiceReplica - Batching request from 1000
19:58:02.357 [Delivery Thread] DEBUG bftsmart.tom.ServiceReplica - Processing TOMMessage from client 1001 with sequence number 0 for session 1513111196 decided in consensus 0
19:58:02.357 [Delivery Thread] DEBUG bftsmart.tom.ServiceReplica - Batching request from 1000
19:58:02.357 [Delivery Thread] DEBUG bftsmart.tom.ServiceReplica - Processing TOMMessage from client 1001 with sequence number 0 for session 1513111196 decided in consensus 0
19:58:02.357 [Delivery Thread] DEBUG bftsmart.tom.core.DeliveryThread - Current size of the decided queue: 1
19:58:02.357 [Delivery Thread] DEBUG bftsmart.tom.core.DeliveryThread - Using cached requests from the propose.
19:58:02.357 [Delivery Thread] DEBUG bftsmart.tom.ServiceReplica - Batching request from 1001
19:58:02.357 [Delivery Thread] DEBUG bftsmart.tom.ServiceReplica - Processing TOMMessage from client 1000 with sequence number 0 for session -241918573 decided in consensus 0
19:58:02.357 [Delivery Thread] DEBUG bftsmart.tom.ServiceReplica - Batching request from 1001
19:58:02.357 [Delivery Thread] DEBUG bftsmart.tom.ServiceReplica - Processing TOMMessage from client 1002 with sequence number 0 for session -387272110 decided in consensus 0
19:58:02.357 [Delivery Thread] DEBUG bftsmart.tom.ServiceReplica - Processing TOMMessage from client 1001 with sequence number 0 for session 1513111196 decided in consensus 0
19:58:02.357 [Delivery Thread] DEBUG bftsmart.tom.ServiceReplica - Batching request from 1001
19:58:02.357 [Delivery Thread] DEBUG bftsmart.tom.ServiceReplica - Processing TOMMessage from client 1002 with sequence number 0 for session -387272110 decided in consensus 0
19:58:02.357 [Delivery Thread] DEBUG bftsmart.tom.ServiceReplica - Batching request from 1002
19:58:02.357 [Delivery Thread] DEBUG bftsmart.tom.ServiceReplica - Processing TOMMessage from client 1003 with sequence number 0 for session -1623191915 decided in consensus 0
19:58:02.357 [Delivery Thread] DEBUG bftsmart.tom.ServiceReplica - Batching request from 1003
19:58:02.357 [Delivery Thread] DEBUG bftsmart.tom.ServiceReplica - Processing TOMMessage from client 1004 with sequence number 0 for session 2054053169 decided in consensus 0
19:58:02.357 [Delivery Thread] DEBUG bftsmart.tom.ServiceReplica - Batching request from 1004
19:58:02.357 [Delivery Thread] DEBUG bftsmart.tom.ServiceReplica - Processing TOMMessage from client 1005 with sequence number 0 for session 1465241691 decided in consensus 0
19:58:02.357 [Delivery Thread] DEBUG bftsmart.tom.ServiceReplica - Batching request from 1005
19:58:02.357 [Delivery Thread] DEBUG bftsmart.tom.ServiceReplica - Processing TOMMessage from client 1006 with sequence number 0 for session -243496129 decided in consensus 0
19:58:02.357 [Delivery Thread] DEBUG bftsmart.tom.ServiceReplica - Batching request from 1006
19:58:02.357 [Delivery Thread] DEBUG bftsmart.tom.ServiceReplica - Processing TOMMessage from client 1007 with sequence number 0 for session -1335612118 decided in consensus 0
19:58:02.357 [Delivery Thread] DEBUG bftsmart.tom.ServiceReplica - Batching request from 1007
19:58:02.357 [Server Comm. System] INFO bftsmart.communication.ServerCommunicationSystem - === Message processed ===
19:58:02.357 [Delivery Thread] DEBUG bftsmart.tom.ServiceReplica - Processing TOMMessage from client 1002 with sequence number 0 for session -387272110 decided in consensus 0
19:58:02.357 [Delivery Thread] DEBUG bftsmart.tom.ServiceReplica - Batching request from 1000
19:58:02.358 [Delivery Thread] DEBUG bftsmart.tom.ServiceReplica - Batching request from 1002
19:58:02.357 [Delivery Thread] DEBUG bftsmart.tom.ServiceReplica - Batching request from 1002
19:58:02.358 [Delivery Thread] DEBUG bftsmart.tom.ServiceReplica - Processing TOMMessage from client 1001 with sequence number 0 for session 1513111196 decided in consensus 0
19:58:02.358 [Delivery Thread] DEBUG bftsmart.tom.ServiceReplica - Processing TOMMessage from client 1003 with sequence number 0 for session -1623191915 decided in consensus 0
19:58:02.358 [Delivery Thread] DEBUG bftsmart.tom.ServiceReplica - Batching request from 1003
19:58:02.358 [Delivery Thread] DEBUG bftsmart.tom.ServiceReplica - Processing TOMMessage from client 1004 with sequence number 0 for session 2054053169 decided in consensus 0
19:58:02.358 [Delivery Thread] DEBUG bftsmart.tom.ServiceReplica - Batching request from 1004
19:58:02.358 [Delivery Thread] DEBUG bftsmart.tom.ServiceReplica - Processing TOMMessage from client 1005 with sequence number 0 for session 1465241691 decided in consensus 0
19:58:02.358 [Delivery Thread] DEBUG bftsmart.tom.ServiceReplica - Batching request from 1005
19:58:02.358 [Delivery Thread] DEBUG bftsmart.tom.ServiceReplica - Processing TOMMessage from client 1006 with sequence number 0 for session -243496129 decided in consensus 0
19:58:02.358 [Delivery Thread] DEBUG bftsmart.tom.ServiceReplica - Batching request from 1006
19:58:02.358 [Delivery Thread] DEBUG bftsmart.tom.ServiceReplica - Processing TOMMessage from client 1007 with sequence number 0 for session -1335612118 decided in consensus 0
19:58:02.358 [Delivery Thread] DEBUG bftsmart.tom.ServiceReplica - Batching request from 1007
19:58:02.358 [Delivery Thread] DEBUG bftsmart.tom.ServiceReplica - Processing TOMMessage from client 1003 with sequence number 0 for session -1623191915 decided in consensus 0
19:58:02.358 [Delivery Thread] DEBUG bftsmart.tom.ServiceReplica - Batching request from 1003
19:58:02.358 [Delivery Thread] DEBUG bftsmart.tom.ServiceReplica - Batching request from 1001
19:58:02.358 [Delivery Thread] DEBUG bftsmart.tom.ServiceReplica - Processing TOMMessage from client 1004 with sequence number 0 for session 2054053169 decided in consensus 0
19:58:02.358 [Delivery Thread] DEBUG bftsmart.tom.ServiceReplica - Processing TOMMessage from client 1002 with sequence number 0 for session -387272110 decided in consensus 0
19:58:02.358 [Delivery Thread] DEBUG bftsmart.tom.ServiceReplica - Batching request from 1004
19:58:02.358 [Delivery Thread] DEBUG bftsmart.tom.ServiceReplica - Batching request from 1002
19:58:02.358 [Delivery Thread] DEBUG bftsmart.tom.ServiceReplica - Processing TOMMessage from client 1005 with sequence number 0 for session 1465241691 decided in consensus 0
19:58:02.358 [Delivery Thread] DEBUG bftsmart.tom.ServiceReplica - Processing TOMMessage from client 1003 with sequence number 0 for session -1623191915 decided in consensus 0
19:58:02.358 [Delivery Thread] DEBUG bftsmart.tom.ServiceReplica - Batching request from 1005
19:58:02.358 [Delivery Thread] DEBUG bftsmart.tom.ServiceReplica - Batching request from 1003
19:58:02.358 [Delivery Thread] DEBUG bftsmart.tom.ServiceReplica - Processing TOMMessage from client 1006 with sequence number 0 for session -243496129 decided in consensus 0
19:58:02.358 [Delivery Thread] DEBUG bftsmart.tom.ServiceReplica - Processing TOMMessage from client 1004 with sequence number 0 for session 2054053169 decided in consensus 0
19:58:02.358 [Delivery Thread] DEBUG bftsmart.tom.ServiceReplica - Batching request from 1006
19:58:02.358 [Delivery Thread] DEBUG bftsmart.tom.ServiceReplica - Processing TOMMessage from client 1007 with sequence number 0 for session -1335612118 decided in consensus 0
19:58:02.358 [Delivery Thread] DEBUG bftsmart.tom.ServiceReplica - Batching request from 1007
19:58:02.358 [Delivery Thread] DEBUG bftsmart.tom.ServiceReplica - Batching request from 1004
19:58:02.358 [Delivery Thread] DEBUG bftsmart.tom.ServiceReplica - Processing TOMMessage from client 1005 with sequence number 0 for session 1465241691 decided in consensus 0
19:58:02.358 [Delivery Thread] DEBUG bftsmart.tom.ServiceReplica - Batching request from 1005
19:58:02.358 [Delivery Thread] DEBUG bftsmart.tom.ServiceReplica - Processing TOMMessage from client 1006 with sequence number 0 for session -243496129 decided in consensus 0
19:58:02.358 [Delivery Thread] DEBUG bftsmart.tom.ServiceReplica - Batching request from 1006
19:58:02.358 [Delivery Thread] DEBUG bftsmart.tom.ServiceReplica - Processing TOMMessage from client 1007 with sequence number 0 for session -1335612118 decided in consensus 0
19:58:02.358 [Delivery Thread] DEBUG bftsmart.tom.ServiceReplica - Batching request from 1007
[BATCH] Buffered JOIN from CAR_0 (buffer size: 1/8)
[BATCH] Buffered JOIN from CAR_0 (buffer size: 1/8)
[BATCH] Buffered JOIN from CAR_1 (buffer size: 2/8)
[BATCH] Buffered JOIN from CAR_1 (buffer size: 2/8)
[BATCH] Buffered JOIN from CAR_2 (buffer size: 3/8)
[BATCH] Buffered JOIN from CAR_2 (buffer size: 3/8)
[BATCH] Buffered JOIN from CAR_3 (buffer size: 4/8)
[BATCH] Buffered JOIN from CAR_4 (buffer size: 5/8)
[BATCH] Buffered JOIN from CAR_5 (buffer size: 6/8)
[BATCH] Buffered JOIN from CAR_0 (buffer size: 1/8)
[BATCH] Buffered JOIN from CAR_1 (buffer size: 2/8)
[BATCH] Buffered JOIN from CAR_2 (buffer size: 3/8)
[BATCH] Buffered JOIN from CAR_3 (buffer size: 4/8)
[BATCH] Buffered JOIN from CAR_4 (buffer size: 5/8)
[BATCH] Buffered JOIN from CAR_0 (buffer size: 1/8)
[BATCH] Buffered JOIN from CAR_1 (buffer size: 2/8)
[BATCH] Buffered JOIN from CAR_2 (buffer size: 3/8)
[BATCH] Buffered JOIN from CAR_3 (buffer size: 4/8)
[BATCH] Buffered JOIN from CAR_5 (buffer size: 6/8)
[BATCH] Buffered JOIN from CAR_6 (buffer size: 7/8)
[BATCH] Buffered JOIN from CAR_6 (buffer size: 7/8)
[BATCH] Buffered JOIN from CAR_7 (buffer size: 8/8)

[BATCH] ===== TRIGGERING CONSENSUS: We have 8 cars! =====
[BATCH] Buffered JOIN from CAR_3 (buffer size: 4/8)
[BATCH] Buffered JOIN from CAR_4 (buffer size: 5/8)
[BATCH] Buffered JOIN from CAR_5 (buffer size: 6/8)
[BATCH] Buffered JOIN from CAR_6 (buffer size: 7/8)
[BATCH] Buffered JOIN from CAR_7 (buffer size: 8/8)

[BATCH] ===== TRIGGERING CONSENSUS: We have 8 cars! =====
[BATCH] Buffered JOIN from CAR_4 (buffer size: 5/8)
[BATCH] Buffered JOIN from CAR_5 (buffer size: 6/8)
[BATCH] Buffered JOIN from CAR_6 (buffer size: 7/8)
[BATCH] Buffered JOIN from CAR_7 (buffer size: 8/8)

[BATCH] ===== TRIGGERING CONSENSUS: We have 8 cars! =====
[BATCH] Buffered JOIN from CAR_7 (buffer size: 8/8)

[BATCH] ===== TRIGGERING CONSENSUS: We have 8 cars! =====
[BYZANTINE] Generating MALICIOUS decision...
[BATCH] ===== CONSENSUS COMPLETE =====
[BATCH] Final Decision: CAR_0:POS:0;CAR_1:POS:1;CAR_2:POS:2;CAR_3:POS:3;CAR_4:POS:4;CAR_5:POS:5;CAR_6:POS:6;CAR_7:POS:7
[BATCH] All subsequent requests will receive this decision

[BATCH] ===== CONSENSUS COMPLETE =====
[BATCH] Final Decision: CAR_0:POS:0;CAR_1:POS:1;CAR_2:POS:2;CAR_3:POS:3;CAR_4:POS:4;CAR_5:POS:5;CAR_6:POS:6;CAR_7:POS:7
[BATCH] All subsequent requests will receive this decision

[BATCH] ===== CONSENSUS COMPLETE =====[BYZANTINE] The Lie is: CAR_7:POS:0;CAR_6:POS:1;CAR_5:POS:2;CAR_4:POS:3;CAR_3:POS:4;CAR_2:POS:5;CAR_1:POS:6;CAR_0:POS:7

[BATCH] Final Decision: CAR_0:POS:0;CAR_1:POS:1;CAR_2:POS:2;CAR_3:POS:3;CAR_4:POS:4;CAR_5:POS:5;CAR_6:POS:6;CAR_7:POS:7
[BATCH] JOIN request after consensus complete - returning decision: CAR_0:POS:0;CAR_1:POS:1;CAR_2:POS:2;CAR_3:POS:3;CAR_4:POS:4;CAR_5:POS:5;CAR_6:POS:6;CAR_7:POS:7
[BATCH] JOIN request after consensus complete - returning decision: CAR_0:POS:0;CAR_1:POS:1;CAR_2:POS:2;CAR_3:POS:3;CAR_4:POS:4;CAR_5:POS:5;CAR_6:POS:6;CAR_7:POS:7
[BATCH] JOIN request after consensus complete - returning decision: CAR_0:POS:0;CAR_1:POS:1;CAR_2:POS:2;CAR_3:POS:3;CAR_4:POS:4;CAR_5:POS:5;CAR_6:POS:6;CAR_7:POS:7
[BATCH] JOIN request after consensus complete - returning decision: CAR_0:POS:0;CAR_1:POS:1;CAR_2:POS:2;CAR_3:POS:3;CAR_4:POS:4;CAR_5:POS:5;CAR_6:POS:6;CAR_7:POS:7
[BATCH] JOIN request after consensus complete - returning decision: CAR_0:POS:0;CAR_1:POS:1;CAR_2:POS:2;CAR_3:POS:3;CAR_4:POS:4;CAR_5:POS:5;CAR_6:POS:6;CAR_7:POS:7
[BATCH] JOIN request after consensus complete - returning decision: CAR_0:POS:0;CAR_1:POS:1;CAR_2:POS:2;CAR_3:POS:3;CAR_4:POS:4;CAR_5:POS:5;CAR_6:POS:6;CAR_7:POS:7
[BATCH] JOIN request after consensus complete - returning decision: CAR_0:POS:0;CAR_1:POS:1;CAR_2:POS:2;CAR_3:POS:3;CAR_4:POS:4;CAR_5:POS:5;CAR_6:POS:6;CAR_7:POS:7
[BATCH] JOIN request after consensus complete - returning decision: CAR_0:POS:0;CAR_1:POS:1;CAR_2:POS:2;CAR_3:POS:3;CAR_4:POS:4;CAR_5:POS:5;CAR_6:POS:6;CAR_7:POS:7
[BATCH] JOIN request after consensus complete - returning decision: CAR_0:POS:0;CAR_1:POS:1;CAR_2:POS:2;CAR_3:POS:3;CAR_4:POS:4;CAR_5:POS:5;CAR_6:POS:6;CAR_7:POS:7
[BATCH] JOIN request after consensus complete - returning decision: CAR_0:POS:0;CAR_1:POS:1;CAR_2:POS:2;CAR_3:POS:3;CAR_4:POS:4;CAR_5:POS:5;CAR_6:POS:6;CAR_7:POS:7
[BATCH] JOIN request after consensus complete - returning decision: CAR_0:POS:0;CAR_1:POS:1;CAR_2:POS:2;CAR_3:POS:3;CAR_4:POS:4;CAR_5:POS:5;CAR_6:POS:6;CAR_7:POS:7
[BATCH] JOIN request after consensus complete - returning decision: CAR_0:POS:0;CAR_1:POS:1;CAR_2:POS:2;CAR_3:POS:3;CAR_4:POS:4;CAR_5:POS:5;CAR_6:POS:6;CAR_7:POS:7
[BATCH] ===== CONSENSUS COMPLETE =====
[BATCH] Final Decision: CAR_7:POS:0;CAR_6:POS:1;CAR_5:POS:2;CAR_4:POS:3;CAR_3:POS:4;CAR_2:POS:5;CAR_1:POS:6;CAR_0:POS:7
[BATCH] All subsequent requests will receive this decision

[BATCH] JOIN request after consensus complete - returning decision: CAR_7:POS:0;CAR_6:POS:1;CAR_5:POS:2;CAR_4:POS:3;CAR_3:POS:4;CAR_2:POS:5;CAR_1:POS:6;CAR_0:POS:7
[BATCH] JOIN request after consensus complete - returning decision: CAR_7:POS:0;CAR_6:POS:1;CAR_5:POS:2;CAR_4:POS:3;CAR_3:POS:4;CAR_2:POS:5;CAR_1:POS:6;CAR_0:POS:7
[BATCH] JOIN request after consensus complete - returning decision: CAR_0:POS:0;CAR_1:POS:1;CAR_2:POS:2;CAR_3:POS:3;CAR_4:POS:4;CAR_5:POS:5;CAR_6:POS:6;CAR_7:POS:7
[BATCH] JOIN request after consensus complete - returning decision: CAR_0:POS:0;CAR_1:POS:1;CAR_2:POS:2;CAR_3:POS:3;CAR_4:POS:4;CAR_5:POS:5;CAR_6:POS:6;CAR_7:POS:7
[BATCH] JOIN request after consensus complete - returning decision: CAR_0:POS:0;CAR_1:POS:1;CAR_2:POS:2;CAR_3:POS:3;CAR_4:POS:4;CAR_5:POS:5;CAR_6:POS:6;CAR_7:POS:7
[BATCH] JOIN request after consensus complete - returning decision: CAR_0:POS:0;CAR_1:POS:1;CAR_2:POS:2;CAR_3:POS:3;CAR_4:POS:4;CAR_5:POS:5;CAR_6:POS:6;CAR_7:POS:7
[BATCH] All subsequent requests will receive this decision

[BATCH] JOIN request after consensus complete - returning decision: CAR_0:POS:0;CAR_1:POS:1;CAR_2:POS:2;CAR_3:POS:3;CAR_4:POS:4;CAR_5:POS:5;CAR_6:POS:6;CAR_7:POS:7
[BATCH] JOIN request after consensus complete - returning decision: CAR_0:POS:0;CAR_1:POS:1;CAR_2:POS:2;CAR_3:POS:3;CAR_4:POS:4;CAR_5:POS:5;CAR_6:POS:6;CAR_7:POS:7
[BATCH] JOIN request after consensus complete - returning decision: CAR_0:POS:0;CAR_1:POS:1;CAR_2:POS:2;CAR_3:POS:3;CAR_4:POS:4;CAR_5:POS:5;CAR_6:POS:6;CAR_7:POS:7
[BATCH] JOIN request after consensus complete - returning decision: CAR_7:POS:0;CAR_6:POS:1;CAR_5:POS:2;CAR_4:POS:3;CAR_3:POS:4;CAR_2:POS:5;CAR_1:POS:6;CAR_0:POS:7
[BATCH] JOIN request after consensus complete - returning decision: CAR_7:POS:0;CAR_6:POS:1;CAR_5:POS:2;CAR_4:POS:3;CAR_3:POS:4;CAR_2:POS:5;CAR_1:POS:6;CAR_0:POS:7
[BATCH] JOIN request after consensus complete - returning decision: CAR_7:POS:0;CAR_6:POS:1;CAR_5:POS:2;CAR_4:POS:3;CAR_3:POS:4;CAR_2:POS:5;CAR_1:POS:6;CAR_0:POS:7
[BATCH] JOIN request after consensus complete - returning decision: CAR_0:POS:0;CAR_1:POS:1;CAR_2:POS:2;CAR_3:POS:3;CAR_4:POS:4;CAR_5:POS:5;CAR_6:POS:6;CAR_7:POS:7
[BATCH] JOIN request after consensus complete - returning decision: CAR_7:POS:0;CAR_6:POS:1;CAR_5:POS:2;CAR_4:POS:3;CAR_3:POS:4;CAR_2:POS:5;CAR_1:POS:6;CAR_0:POS:7
[BATCH] JOIN request after consensus complete - returning decision: CAR_7:POS:0;CAR_6:POS:1;CAR_5:POS:2;CAR_4:POS:3;CAR_3:POS:4;CAR_2:POS:5;CAR_1:POS:6;CAR_0:POS:7
[BATCH] JOIN request after consensus complete - returning decision: CAR_7:POS:0;CAR_6:POS:1;CAR_5:POS:2;CAR_4:POS:3;CAR_3:POS:4;CAR_2:POS:5;CAR_1:POS:6;CAR_0:POS:7
[BATCH] JOIN request after consensus complete - returning decision: CAR_0:POS:0;CAR_1:POS:1;CAR_2:POS:2;CAR_3:POS:3;CAR_4:POS:4;CAR_5:POS:5;CAR_6:POS:6;CAR_7:POS:7
[BATCH] JOIN request after consensus complete - returning decision: CAR_0:POS:0;CAR_1:POS:1;CAR_2:POS:2;CAR_3:POS:3;CAR_4:POS:4;CAR_5:POS:5;CAR_6:POS:6;CAR_7:POS:7
[BATCH] JOIN request after consensus complete - returning decision: CAR_0:POS:0;CAR_1:POS:1;CAR_2:POS:2;CAR_3:POS:3;CAR_4:POS:4;CAR_5:POS:5;CAR_6:POS:6;CAR_7:POS:7
[BATCH] JOIN request after consensus complete - returning decision: CAR_0:POS:0;CAR_1:POS:1;CAR_2:POS:2;CAR_3:POS:3;CAR_4:POS:4;CAR_5:POS:5;CAR_6:POS:6;CAR_7:POS:7
(1) Round 1 processed 8 cmd(s). App time: 1.164 ms
(1) Round 1 processed 8 cmd(s). App time: 0.872 ms
   joinBuffer = {CAR_7=1.769572682358E9, CAR_5=1.769572682358E9, CAR_6=1.769572682358E9, CAR_3=1.769572682358E9, CAR_4=1.769572682358E9, CAR_1=1.769572682358E9, CAR_2=1.769572682358E9, CAR_0=1.769572682358E9}
   batchProcessed = true
(1) Round 1 processed 8 cmd(s). App time: 1.497 ms
(1) Round 1 processed 8 cmd(s). App time: 1.352 ms
   joinBuffer = {CAR_7=1.769572682358E9, CAR_5=1.769572682358E9, CAR_6=1.769572682358E9, CAR_3=1.769572682358E9, CAR_4=1.769572682358E9, CAR_1=1.769572682358E9, CAR_2=1.769572682358E9, CAR_0=1.769572682358E9}
   joinBuffer = {CAR_7=1.769572682358E9, CAR_5=1.769572682358E9, CAR_6=1.769572682358E9, CAR_3=1.769572682358E9, CAR_4=1.769572682358E9, CAR_1=1.769572682358E9, CAR_2=1.769572682358E9, CAR_0=1.769572682358E9}
   batchProcessed = true
   finalDecision = CAR_0:POS:0;CAR_1:POS:1;CAR_2:POS:2;CAR_3:POS:3;CAR_4:POS:4;CAR_5:POS:5;CAR_6:POS:6;CAR_7:POS:7
   finalDecision = CAR_7:POS:0;CAR_6:POS:1;CAR_5:POS:2;CAR_4:POS:3;CAR_3:POS:4;CAR_2:POS:5;CAR_1:POS:6;CAR_0:POS:7
   joinBuffer = {CAR_7=1.769572682358E9, CAR_5=1.769572682358E9, CAR_6=1.769572682358E9, CAR_3=1.769572682358E9, CAR_4=1.769572682358E9, CAR_1=1.769572682358E9, CAR_2=1.769572682358E9, CAR_0=1.769572682358E9}
   batchProcessed = true
   finalDecision = CAR_0:POS:0;CAR_1:POS:1;CAR_2:POS:2;CAR_3:POS:3;CAR_4:POS:4;CAR_5:POS:5;CAR_6:POS:6;CAR_7:POS:7
   batchProcessed = true
   finalDecision = CAR_0:POS:0;CAR_1:POS:1;CAR_2:POS:2;CAR_3:POS:3;CAR_4:POS:4;CAR_5:POS:5;CAR_6:POS:6;CAR_7:POS:7
19:58:02.360 [Delivery Thread] DEBUG bftsmart.tom.ServiceReplica - Sending reply to 1000 with sequence number 0 and operation ID 0 via ReplyManager
19:58:02.360 [Delivery Thread] DEBUG bftsmart.tom.ServiceReplica - Sending reply to 1000 with sequence number 0 and operation ID 0 via ReplyManager
19:58:02.360 [Delivery Thread] DEBUG bftsmart.tom.ServiceReplica - Sending reply to 1000 with sequence number 0 and operation ID 0 via ReplyManager
19:58:02.360 [Delivery Thread] DEBUG bftsmart.tom.ServiceReplica - Sending reply to 1001 with sequence number 0 and operation ID 0 via ReplyManager
19:58:02.360 [Delivery Thread] DEBUG bftsmart.tom.ServiceReplica - Sending reply to 1000 with sequence number 0 and operation ID 0 via ReplyManager
19:58:02.360 [Delivery Thread] DEBUG bftsmart.tom.ServiceReplica - Sending reply to 1002 with sequence number 0 and operation ID 0 via ReplyManager
19:58:02.360 [Delivery Thread] DEBUG bftsmart.tom.ServiceReplica - Sending reply to 1001 with sequence number 0 and operation ID 0 via ReplyManager
19:58:02.361 [Delivery Thread] DEBUG bftsmart.tom.ServiceReplica - Sending reply to 1003 with sequence number 0 and operation ID 0 via ReplyManager
19:58:02.361 [Delivery Thread] DEBUG bftsmart.tom.ServiceReplica - Sending reply to 1004 with sequence number 0 and operation ID 0 via ReplyManager
19:58:02.360 [Delivery Thread] DEBUG bftsmart.tom.ServiceReplica - Sending reply to 1001 with sequence number 0 and operation ID 0 via ReplyManager
19:58:02.361 [Delivery Thread] DEBUG bftsmart.tom.ServiceReplica - Sending reply to 1002 with sequence number 0 and operation ID 0 via ReplyManager
19:58:02.361 [Delivery Thread] DEBUG bftsmart.tom.ServiceReplica - Sending reply to 1001 with sequence number 0 and operation ID 0 via ReplyManager
19:58:02.361 [Delivery Thread] DEBUG bftsmart.tom.ServiceReplica - Sending reply to 1005 with sequence number 0 and operation ID 0 via ReplyManager
19:58:02.361 [Delivery Thread] DEBUG bftsmart.tom.ServiceReplica - Sending reply to 1003 with sequence number 0 and operation ID 0 via ReplyManager
19:58:02.361 [Delivery Thread] DEBUG bftsmart.tom.ServiceReplica - Sending reply to 1002 with sequence number 0 and operation ID 0 via ReplyManager
19:58:02.361 [Delivery Thread] DEBUG bftsmart.tom.ServiceReplica - Sending reply to 1006 with sequence number 0 and operation ID 0 via ReplyManager
19:58:02.361 [Delivery Thread] DEBUG bftsmart.tom.ServiceReplica - Sending reply to 1004 with sequence number 0 and operation ID 0 via ReplyManager
19:58:02.361 [Delivery Thread] DEBUG bftsmart.tom.ServiceReplica - Sending reply to 1005 with sequence number 0 and operation ID 0 via ReplyManager
19:58:02.361 [Delivery Thread] DEBUG bftsmart.tom.ServiceReplica - Sending reply to 1002 with sequence number 0 and operation ID 0 via ReplyManager
19:58:02.361 [Delivery Thread] DEBUG bftsmart.tom.ServiceReplica - Sending reply to 1003 with sequence number 0 and operation ID 0 via ReplyManager
19:58:02.361 [Delivery Thread] DEBUG bftsmart.tom.ServiceReplica - Sending reply to 1004 with sequence number 0 and operation ID 0 via ReplyManager
19:58:02.361 [Delivery Thread] DEBUG bftsmart.tom.ServiceReplica - Sending reply to 1007 with sequence number 0 and operation ID 0 via ReplyManager
19:58:02.361 [Delivery Thread] DEBUG bftsmart.tom.ServiceReplica - Sending reply to 1005 with sequence number 0 and operation ID 0 via ReplyManager
19:58:02.361 [Delivery Thread] DEBUG bftsmart.tom.ServiceReplica - Sending reply to 1006 with sequence number 0 and operation ID 0 via ReplyManager
19:58:02.361 [Delivery Thread] DEBUG bftsmart.tom.ServiceReplica - Sending reply to 1003 with sequence number 0 and operation ID 0 via ReplyManager
19:58:02.361 [Delivery Thread] DEBUG bftsmart.tom.ServiceReplica - BATCHEXECUTOR END
19:58:02.361 [Delivery Thread] DEBUG bftsmart.tom.ServiceReplica - Sending reply to 1006 with sequence number 0 and operation ID 0 via ReplyManager
19:58:02.361 [Delivery Thread] DEBUG bftsmart.tom.ServiceReplica - Sending reply to 1004 with sequence number 0 and operation ID 0 via ReplyManager
19:58:02.361 [Delivery Thread] DEBUG bftsmart.tom.ServiceReplica - Sending reply to 1005 with sequence number 0 and operation ID 0 via ReplyManager
19:58:02.361 [Delivery Thread] DEBUG bftsmart.tom.ServiceReplica - Sending reply to 1007 with sequence number 0 and operation ID 0 via ReplyManager
19:58:02.361 [Delivery Thread] DEBUG bftsmart.tom.ServiceReplica - Sending reply to 1006 with sequence number 0 and operation ID 0 via ReplyManager
19:58:02.361 [Delivery Thread] DEBUG bftsmart.tom.ServiceReplica - BATCHEXECUTOR END
19:58:02.361 [Delivery Thread] DEBUG bftsmart.tom.ServiceReplica - Sending reply to 1007 with sequence number 0 and operation ID 0 via ReplyManager
19:58:02.361 [Delivery Thread] DEBUG bftsmart.tom.ServiceReplica - BATCHEXECUTOR END
19:58:02.361 [Delivery Thread] DEBUG bftsmart.tom.ServiceReplica - Sending reply to 1007 with sequence number 0 and operation ID 0 via ReplyManager
19:58:02.361 [Delivery Thread] DEBUG bftsmart.tom.ServiceReplica - BATCHEXECUTOR END
19:58:02.361 [nioEventLoopGroup-19-2] DEBUG bftsmart.communication.client.netty.NettyTOMMessageDecoder - Decoded reply from 1 with sequence number 0
19:58:02.361 [nioEventLoopGroup-22-3] DEBUG bftsmart.communication.client.netty.NettyTOMMessageDecoder - Decoded reply from 2 with sequence number 0
19:58:02.362 [nioEventLoopGroup-21-4] DEBUG bftsmart.communication.client.netty.NettyTOMMessageDecoder - Decoded reply from 3 with sequence number 0
19:58:02.362 [nioEventLoopGroup-22-3] DEBUG bftsmart.communication.client.netty.NettyClientServerCommunicationSystemClientSide - channelRead0(ChannelHandlerContext ctx, TOMMessage sm).
19:58:02.362 [nioEventLoopGroup-23-3] DEBUG bftsmart.communication.client.netty.NettyTOMMessageDecoder - Decoded reply from 2 with sequence number 0
19:58:02.361 [nioEventLoopGroup-19-3] DEBUG bftsmart.communication.client.netty.NettyTOMMessageDecoder - Decoded reply from 2 with sequence number 0
19:58:02.362 [nioEventLoopGroup-22-3] DEBUG bftsmart.proxy - Synchronously received reply from 2 with sequence number 0
19:58:02.362 [nioEventLoopGroup-21-4] DEBUG bftsmart.communication.client.netty.NettyClientServerCommunicationSystemClientSide - channelRead0(ChannelHandlerContext ctx, TOMMessage sm).
19:58:02.362 [nioEventLoopGroup-23-3] DEBUG bftsmart.communication.client.netty.NettyClientServerCommunicationSystemClientSide - channelRead0(ChannelHandlerContext ctx, TOMMessage sm).
19:58:02.362 [nioEventLoopGroup-25-6] DEBUG bftsmart.communication.client.netty.NettyTOMMessageDecoder - Decoded reply from 5 with sequence number 0
19:58:02.362 [nioEventLoopGroup-21-4] DEBUG bftsmart.proxy - Synchronously received reply from 3 with sequence number 0
19:58:02.362 [nioEventLoopGroup-19-3] DEBUG bftsmart.communication.client.netty.NettyClientServerCommunicationSystemClientSide - channelRead0(ChannelHandlerContext ctx, TOMMessage sm).
19:58:02.362 [nioEventLoopGroup-21-4] DEBUG bftsmart.proxy - (current reqId: 0) Received reply from 3 with reqId: 0
19:58:02.362 [nioEventLoopGroup-19-3] DEBUG bftsmart.proxy - Synchronously received reply from 2 with sequence number 0
19:58:02.362 [nioEventLoopGroup-23-2] DEBUG bftsmart.communication.client.netty.NettyTOMMessageDecoder - Decoded reply from 1 with sequence number 0
19:58:02.362 [nioEventLoopGroup-20-3] DEBUG bftsmart.communication.client.netty.NettyTOMMessageDecoder - Decoded reply from 2 with sequence number 0
19:58:02.362 [nioEventLoopGroup-24-3] DEBUG bftsmart.communication.client.netty.NettyTOMMessageDecoder - Decoded reply from 2 with sequence number 0
19:58:02.362 [nioEventLoopGroup-20-3] DEBUG bftsmart.communication.client.netty.NettyClientServerCommunicationSystemClientSide - channelRead0(ChannelHandlerContext ctx, TOMMessage sm).
19:58:02.362 [nioEventLoopGroup-23-2] DEBUG bftsmart.communication.client.netty.NettyClientServerCommunicationSystemClientSide - channelRead0(ChannelHandlerContext ctx, TOMMessage sm).
19:58:02.362 [nioEventLoopGroup-19-4] DEBUG bftsmart.communication.client.netty.NettyTOMMessageDecoder - Decoded reply from 3 with sequence number 0
19:58:02.362 [nioEventLoopGroup-24-6] DEBUG bftsmart.communication.client.netty.NettyTOMMessageDecoder - Decoded reply from 5 with sequence number 0
19:58:02.362 [nioEventLoopGroup-23-2] DEBUG bftsmart.proxy - Synchronously received reply from 1 with sequence number 0
19:58:02.361 [nioEventLoopGroup-21-6] DEBUG bftsmart.communication.client.netty.NettyTOMMessageDecoder - Decoded reply from 5 with sequence number 0
19:58:02.362 [nioEventLoopGroup-19-4] DEBUG bftsmart.communication.client.netty.NettyClientServerCommunicationSystemClientSide - channelRead0(ChannelHandlerContext ctx, TOMMessage sm).
19:58:02.362 [nioEventLoopGroup-24-6] DEBUG bftsmart.communication.client.netty.NettyClientServerCommunicationSystemClientSide - channelRead0(ChannelHandlerContext ctx, TOMMessage sm).
19:58:02.361 [nioEventLoopGroup-22-6] DEBUG bftsmart.communication.client.netty.NettyTOMMessageDecoder - Decoded reply from 5 with sequence number 0
19:58:02.362 [nioEventLoopGroup-24-6] DEBUG bftsmart.proxy - Synchronously received reply from 5 with sequence number 0
19:58:02.362 [nioEventLoopGroup-24-6] DEBUG bftsmart.proxy - (current reqId: 0) Received reply from 5 with reqId: 0
19:58:02.362 [nioEventLoopGroup-21-6] DEBUG bftsmart.communication.client.netty.NettyClientServerCommunicationSystemClientSide - channelRead0(ChannelHandlerContext ctx, TOMMessage sm).
19:58:02.361 [nioEventLoopGroup-18-4] DEBUG bftsmart.communication.client.netty.NettyTOMMessageDecoder - Decoded reply from 3 with sequence number 0
19:58:02.362 [nioEventLoopGroup-22-6] DEBUG bftsmart.communication.client.netty.NettyClientServerCommunicationSystemClientSide - channelRead0(ChannelHandlerContext ctx, TOMMessage sm).
19:58:02.362 [nioEventLoopGroup-25-2] DEBUG bftsmart.communication.client.netty.NettyTOMMessageDecoder - Decoded reply from 1 with sequence number 0
19:58:02.362 [nioEventLoopGroup-18-4] DEBUG bftsmart.communication.client.netty.NettyClientServerCommunicationSystemClientSide - channelRead0(ChannelHandlerContext ctx, TOMMessage sm).
19:58:02.361 [nioEventLoopGroup-21-3] DEBUG bftsmart.communication.client.netty.NettyTOMMessageDecoder - Decoded reply from 2 with sequence number 0
19:58:02.362 [nioEventLoopGroup-18-4] DEBUG bftsmart.proxy - Synchronously received reply from 3 with sequence number 0
19:58:02.362 [nioEventLoopGroup-24-2] DEBUG bftsmart.communication.client.netty.NettyTOMMessageDecoder - Decoded reply from 1 with sequence number 0
19:58:02.362 [nioEventLoopGroup-25-2] DEBUG bftsmart.communication.client.netty.NettyClientServerCommunicationSystemClientSide - channelRead0(ChannelHandlerContext ctx, TOMMessage sm).
19:58:02.362 [nioEventLoopGroup-21-2] DEBUG bftsmart.communication.client.netty.NettyTOMMessageDecoder - Decoded reply from 1 with sequence number 0
19:58:02.362 [nioEventLoopGroup-25-2] DEBUG bftsmart.proxy - Synchronously received reply from 1 with sequence number 0
19:58:02.362 [nioEventLoopGroup-25-2] DEBUG bftsmart.proxy - (current reqId: 0) Received reply from 1 with reqId: 0
19:58:02.362 [nioEventLoopGroup-21-2] DEBUG bftsmart.communication.client.netty.NettyClientServerCommunicationSystemClientSide - channelRead0(ChannelHandlerContext ctx, TOMMessage sm).
19:58:02.362 [nioEventLoopGroup-20-6] DEBUG bftsmart.communication.client.netty.NettyTOMMessageDecoder - Decoded reply from 5 with sequence number 0
19:58:02.362 [nioEventLoopGroup-20-6] DEBUG bftsmart.communication.client.netty.NettyClientServerCommunicationSystemClientSide - channelRead0(ChannelHandlerContext ctx, TOMMessage sm).
19:58:02.362 [nioEventLoopGroup-20-6] DEBUG bftsmart.proxy - Synchronously received reply from 5 with sequence number 0
19:58:02.362 [nioEventLoopGroup-20-6] DEBUG bftsmart.proxy - (current reqId: 0) Received reply from 5 with reqId: 0
19:58:02.362 [nioEventLoopGroup-20-2] DEBUG bftsmart.communication.client.netty.NettyTOMMessageDecoder - Decoded reply from 1 with sequence number 0
19:58:02.362 [nioEventLoopGroup-20-2] DEBUG bftsmart.communication.client.netty.NettyClientServerCommunicationSystemClientSide - channelRead0(ChannelHandlerContext ctx, TOMMessage sm).
19:58:02.362 [nioEventLoopGroup-20-2] DEBUG bftsmart.proxy - Synchronously received reply from 1 with sequence number 0
19:58:02.362 [nioEventLoopGroup-20-2] DEBUG bftsmart.proxy - (current reqId: 0) Received reply from 1 with reqId: 0
19:58:02.362 [nioEventLoopGroup-18-6] DEBUG bftsmart.communication.client.netty.NettyTOMMessageDecoder - Decoded reply from 5 with sequence number 0
19:58:02.362 [nioEventLoopGroup-18-6] DEBUG bftsmart.communication.client.netty.NettyClientServerCommunicationSystemClientSide - channelRead0(ChannelHandlerContext ctx, TOMMessage sm).
19:58:02.362 [nioEventLoopGroup-18-6] DEBUG bftsmart.proxy - Synchronously received reply from 5 with sequence number 0
19:58:02.361 [nioEventLoopGroup-22-4] DEBUG bftsmart.communication.client.netty.NettyTOMMessageDecoder - Decoded reply from 3 with sequence number 0
19:58:02.361 [nioEventLoopGroup-23-6] DEBUG bftsmart.communication.client.netty.NettyTOMMessageDecoder - Decoded reply from 5 with sequence number 0
19:58:02.362 [nioEventLoopGroup-18-2] DEBUG bftsmart.communication.client.netty.NettyTOMMessageDecoder - Decoded reply from 1 with sequence number 0
19:58:02.363 [nioEventLoopGroup-23-6] DEBUG bftsmart.communication.client.netty.NettyClientServerCommunicationSystemClientSide - channelRead0(ChannelHandlerContext ctx, TOMMessage sm).
19:58:02.363 [nioEventLoopGroup-23-6] DEBUG bftsmart.proxy - Synchronously received reply from 5 with sequence number 0
19:58:02.362 [nioEventLoopGroup-19-2] DEBUG bftsmart.communication.client.netty.NettyClientServerCommunicationSystemClientSide - channelRead0(ChannelHandlerContext ctx, TOMMessage sm).
19:58:02.363 [nioEventLoopGroup-18-2] DEBUG bftsmart.communication.client.netty.NettyClientServerCommunicationSystemClientSide - channelRead0(ChannelHandlerContext ctx, TOMMessage sm).
19:58:02.363 [nioEventLoopGroup-18-2] DEBUG bftsmart.proxy - Synchronously received reply from 1 with sequence number 0
19:58:02.363 [nioEventLoopGroup-19-2] DEBUG bftsmart.proxy - Synchronously received reply from 1 with sequence number 0
19:58:02.362 [nioEventLoopGroup-19-6] DEBUG bftsmart.communication.client.netty.NettyTOMMessageDecoder - Decoded reply from 5 with sequence number 0
19:58:02.362 [nioEventLoopGroup-22-3] DEBUG bftsmart.proxy - (current reqId: 0) Received reply from 2 with reqId: 0
19:58:02.362 [nioEventLoopGroup-23-3] DEBUG bftsmart.proxy - Synchronously received reply from 2 with sequence number 0
19:58:02.362 [nioEventLoopGroup-25-6] DEBUG bftsmart.communication.client.netty.NettyClientServerCommunicationSystemClientSide - channelRead0(ChannelHandlerContext ctx, TOMMessage sm).
19:58:02.363 [nioEventLoopGroup-25-6] DEBUG bftsmart.proxy - Synchronously received reply from 5 with sequence number 0
19:58:02.363 [nioEventLoopGroup-25-6] DEBUG bftsmart.proxy - (current reqId: 0) Received reply from 5 with reqId: 0
19:58:02.362 [nioEventLoopGroup-20-4] DEBUG bftsmart.communication.client.netty.NettyTOMMessageDecoder - Decoded reply from 3 with sequence number 0
19:58:02.363 [nioEventLoopGroup-20-4] DEBUG bftsmart.communication.client.netty.NettyClientServerCommunicationSystemClientSide - channelRead0(ChannelHandlerContext ctx, TOMMessage sm).
19:58:02.363 [nioEventLoopGroup-20-4] DEBUG bftsmart.proxy - Synchronously received reply from 3 with sequence number 0
19:58:02.363 [nioEventLoopGroup-20-4] DEBUG bftsmart.proxy - (current reqId: 0) Received reply from 3 with reqId: 0
19:58:02.362 [nioEventLoopGroup-23-4] DEBUG bftsmart.communication.client.netty.NettyTOMMessageDecoder - Decoded reply from 3 with sequence number 0
19:58:02.363 [nioEventLoopGroup-20-4] DEBUG bftsmart.proxy - Comparing 3 responses with response from 3
19:58:02.362 [nioEventLoopGroup-24-4] DEBUG bftsmart.communication.client.netty.NettyTOMMessageDecoder - Decoded reply from 3 with sequence number 0
19:58:02.363 [nioEventLoopGroup-23-4] DEBUG bftsmart.communication.client.netty.NettyClientServerCommunicationSystemClientSide - channelRead0(ChannelHandlerContext ctx, TOMMessage sm).
19:58:02.362 [nioEventLoopGroup-19-3] DEBUG bftsmart.proxy - (current reqId: 0) Received reply from 2 with reqId: 0
19:58:02.363 [nioEventLoopGroup-24-4] DEBUG bftsmart.communication.client.netty.NettyClientServerCommunicationSystemClientSide - channelRead0(ChannelHandlerContext ctx, TOMMessage sm).
19:58:02.363 [nioEventLoopGroup-24-4] DEBUG bftsmart.proxy - Synchronously received reply from 3 with sequence number 0
19:58:02.363 [nioEventLoopGroup-24-4] DEBUG bftsmart.proxy - (current reqId: 0) Received reply from 3 with reqId: 0
19:58:02.362 [nioEventLoopGroup-18-3] DEBUG bftsmart.communication.client.netty.NettyTOMMessageDecoder - Decoded reply from 2 with sequence number 0
19:58:02.363 [nioEventLoopGroup-19-2] DEBUG bftsmart.proxy - (current reqId: 0) Received reply from 1 with reqId: 0
19:58:02.362 [nioEventLoopGroup-24-3] DEBUG bftsmart.communication.client.netty.NettyClientServerCommunicationSystemClientSide - channelRead0(ChannelHandlerContext ctx, TOMMessage sm).
19:58:02.363 [nioEventLoopGroup-18-3] DEBUG bftsmart.communication.client.netty.NettyClientServerCommunicationSystemClientSide - channelRead0(ChannelHandlerContext ctx, TOMMessage sm).
19:58:02.364 [nioEventLoopGroup-18-3] DEBUG bftsmart.proxy - Synchronously received reply from 2 with sequence number 0
19:58:02.362 [nioEventLoopGroup-20-3] DEBUG bftsmart.proxy - Synchronously received reply from 2 with sequence number 0
19:58:02.364 [nioEventLoopGroup-20-3] DEBUG bftsmart.proxy - (current reqId: 0) Received reply from 2 with reqId: 0
19:58:02.362 [nioEventLoopGroup-23-2] DEBUG bftsmart.proxy - (current reqId: 0) Received reply from 1 with reqId: 0
19:58:02.364 [nioEventLoopGroup-20-3] DEBUG bftsmart.proxy - Comparing 4 responses with response from 2
19:58:02.362 [nioEventLoopGroup-19-4] DEBUG bftsmart.proxy - Synchronously received reply from 3 with sequence number 0
19:58:02.364 [nioEventLoopGroup-23-6] DEBUG bftsmart.proxy - (current reqId: 0) Received reply from 5 with reqId: 0
19:58:02.362 [nioEventLoopGroup-21-6] DEBUG bftsmart.proxy - Synchronously received reply from 5 with sequence number 0
19:58:02.364 [Thread-106] DEBUG bftsmart.proxy - Response extracted: [2:-387272110:0]
19:58:02.364 [nioEventLoopGroup-21-6] DEBUG bftsmart.proxy - (current reqId: 0) Received reply from 5 with reqId: 0
19:58:02.362 [nioEventLoopGroup-22-2] DEBUG bftsmart.communication.client.netty.NettyTOMMessageDecoder - Decoded reply from 1 with sequence number 0
[SERVER 2] JOIN reply: CAR_0:POS:0;CAR_1:POS:1;CAR_2:POS:2;CAR_3:POS:3;CAR_4:POS:4;CAR_5:POS:5;CAR_6:POS:6;CAR_7:POS:7
19:58:02.362 [nioEventLoopGroup-22-6] DEBUG bftsmart.proxy - Synchronously received reply from 5 with sequence number 0
19:58:02.364 [nioEventLoopGroup-22-2] DEBUG bftsmart.communication.client.netty.NettyClientServerCommunicationSystemClientSide - channelRead0(ChannelHandlerContext ctx, TOMMessage sm).
19:58:02.364 [nioEventLoopGroup-22-2] DEBUG bftsmart.proxy - Synchronously received reply from 1 with sequence number 0
19:58:02.364 [nioEventLoopGroup-22-6] DEBUG bftsmart.proxy - (current reqId: 0) Received reply from 5 with reqId: 0
19:58:02.362 [nioEventLoopGroup-24-2] DEBUG bftsmart.communication.client.netty.NettyClientServerCommunicationSystemClientSide - channelRead0(ChannelHandlerContext ctx, TOMMessage sm).
19:58:02.364 [nioEventLoopGroup-24-2] DEBUG bftsmart.proxy - Synchronously received reply from 1 with sequence number 0
19:58:02.364 [nioEventLoopGroup-24-2] DEBUG bftsmart.proxy - (current reqId: 0) Received reply from 1 with reqId: 0
19:58:02.362 [nioEventLoopGroup-25-3] DEBUG bftsmart.communication.client.netty.NettyTOMMessageDecoder - Decoded reply from 2 with sequence number 0
19:58:02.364 [nioEventLoopGroup-22-2] DEBUG bftsmart.proxy - (current reqId: 0) Received reply from 1 with reqId: 0
19:58:02.364 [nioEventLoopGroup-22-2] DEBUG bftsmart.proxy - Comparing 3 responses with response from 1
19:58:02.362 [nioEventLoopGroup-18-4] DEBUG bftsmart.proxy - (current reqId: 0) Received reply from 3 with reqId: 0
19:58:02.364 [nioEventLoopGroup-25-3] DEBUG bftsmart.communication.client.netty.NettyClientServerCommunicationSystemClientSide - channelRead0(ChannelHandlerContext ctx, TOMMessage sm).
19:58:02.364 [nioEventLoopGroup-25-3] DEBUG bftsmart.proxy - Synchronously received reply from 2 with sequence number 0
19:58:02.362 [nioEventLoopGroup-21-3] DEBUG bftsmart.communication.client.netty.NettyClientServerCommunicationSystemClientSide - channelRead0(ChannelHandlerContext ctx, TOMMessage sm).
[SERVER 2] Position 2 -> delay=5.14s (slot=2.57s)
19:58:02.364 [Thread-105] DEBUG bftsmart.proxy - Response extracted: [1:1513111196:0]
[SERVER 1] JOIN reply: CAR_0:POS:0;CAR_1:POS:1;CAR_2:POS:2;CAR_3:POS:3;CAR_4:POS:4;CAR_5:POS:5;CAR_6:POS:6;CAR_7:POS:7
[SERVER 2] Consensus reached! Position: 2 - Calculated delay: 5.142857142857142s
19:58:02.364 [nioEventLoopGroup-18-6] DEBUG bftsmart.proxy - (current reqId: 0) Received reply from 5 with reqId: 0
[JNI] notifyVehicleCanGo: replica 2 can go after 5.14286s delay
[V2VProxy 2] JNI received GO signal. Queued for main thread.
19:58:02.362 [nioEventLoopGroup-21-2] DEBUG bftsmart.proxy - Synchronously received reply from 1 with sequence number 0
19:58:02.364 [nioEventLoopGroup-18-2] DEBUG bftsmart.proxy - (current reqId: 0) Received reply from 1 with reqId: 0
19:58:02.363 [nioEventLoopGroup-25-4] DEBUG bftsmart.communication.client.netty.NettyTOMMessageDecoder - Decoded reply from 3 with sequence number 0
19:58:02.363 [nioEventLoopGroup-22-4] DEBUG bftsmart.communication.client.netty.NettyClientServerCommunicationSystemClientSide - channelRead0(ChannelHandlerContext ctx, TOMMessage sm).
[SERVER 1] Position 1 -> delay=2.57s (slot=2.57s)
[SERVER 1] Consensus reached! Position: 1 - Calculated delay: 2.571428571428571s
19:58:02.363 [nioEventLoopGroup-19-6] DEBUG bftsmart.communication.client.netty.NettyClientServerCommunicationSystemClientSide - channelRead0(ChannelHandlerContext ctx, TOMMessage sm).
[JNI] notifyVehicleCanGo: replica 1 can go after 2.57143s delay
[V2VProxy 1] JNI received GO signal. Queued for main thread.
19:58:02.365 [nioEventLoopGroup-19-6] DEBUG bftsmart.proxy - Synchronously received reply from 5 with sequence number 0
19:58:02.363 [nioEventLoopGroup-23-4] DEBUG bftsmart.proxy - Synchronously received reply from 3 with sequence number 0
19:58:02.364 [nioEventLoopGroup-24-3] DEBUG bftsmart.proxy - Synchronously received reply from 2 with sequence number 0
19:58:02.364 [nioEventLoopGroup-19-4] DEBUG bftsmart.proxy - (current reqId: 0) Received reply from 3 with reqId: 0
19:58:02.365 [nioEventLoopGroup-19-4] DEBUG bftsmart.proxy - Comparing 3 responses with response from 3
19:58:02.364 [nioEventLoopGroup-23-3] DEBUG bftsmart.proxy - (current reqId: 0) Received reply from 2 with reqId: 0
19:58:02.365 [nioEventLoopGroup-23-3] DEBUG bftsmart.proxy - Comparing 3 responses with response from 2
19:58:02.365 [nioEventLoopGroup-19-6] DEBUG bftsmart.proxy - (current reqId: 0) Received reply from 5 with reqId: 0
19:58:02.365 [nioEventLoopGroup-19-6] DEBUG bftsmart.proxy - Comparing 4 responses with response from 5
19:58:02.365 [Thread-108] DEBUG bftsmart.proxy - Response extracted: [2:2054053169:0]
19:58:02.364 [nioEventLoopGroup-24-2] DEBUG bftsmart.proxy - Comparing 3 responses with response from 1
19:58:02.365 [nioEventLoopGroup-23-4] DEBUG bftsmart.proxy - throwing out request: sender = 3 reqId = 0
[SERVER 4] JOIN reply: CAR_0:POS:0;CAR_1:POS:1;CAR_2:POS:2;CAR_3:POS:3;CAR_4:POS:4;CAR_5:POS:5;CAR_6:POS:6;CAR_7:POS:7
19:58:02.364 [nioEventLoopGroup-25-3] DEBUG bftsmart.proxy - (current reqId: 0) Received reply from 2 with reqId: 0
19:58:02.365 [nioEventLoopGroup-25-3] DEBUG bftsmart.proxy - Comparing 3 responses with response from 2
19:58:02.364 [nioEventLoopGroup-21-3] DEBUG bftsmart.proxy - Synchronously received reply from 2 with sequence number 0
19:58:02.364 [nioEventLoopGroup-21-2] DEBUG bftsmart.proxy - (current reqId: 0) Received reply from 1 with reqId: 0
19:58:02.365 [Thread-104] DEBUG bftsmart.proxy - Response extracted: [2:-241918573:0]
[SERVER 0] JOIN reply: CAR_0:POS:0;CAR_1:POS:1;CAR_2:POS:2;CAR_3:POS:3;CAR_4:POS:4;CAR_5:POS:5;CAR_6:POS:6;CAR_7:POS:7
19:58:02.365 [nioEventLoopGroup-21-2] DEBUG bftsmart.proxy - Comparing 3 responses with response from 1
19:58:02.364 [nioEventLoopGroup-18-2] DEBUG bftsmart.proxy - Comparing 3 responses with response from 1
[SERVER 0] Consensus reached! Position: 0 - Calculated delay: 0.0s
[JNI] notifyVehicleCanGo: replica 0 can go after 0s delay
[V2VProxy 0] JNI received GO signal. Queued for main thread.
19:58:02.364 [nioEventLoopGroup-25-4] DEBUG bftsmart.communication.client.netty.NettyClientServerCommunicationSystemClientSide - channelRead0(ChannelHandlerContext ctx, TOMMessage sm).
[SERVER 4] Position 4 -> delay=10.29s (slot=2.57s)
[SERVER 4] Consensus reached! Position: 4 - Calculated delay: 10.285714285714285s
[JNI] notifyVehicleCanGo: replica 4 can go after 10.2857s delay
19:58:02.365 [nioEventLoopGroup-18-3] DEBUG bftsmart.proxy - (current reqId: 0) Received reply from 2 with reqId: 0
[V2VProxy 4] JNI received GO signal. Queued for main thread.
19:58:02.365 [nioEventLoopGroup-22-4] DEBUG bftsmart.proxy - Synchronously received reply from 3 with sequence number 0
19:58:02.366 [nioEventLoopGroup-18-3] DEBUG bftsmart.proxy - Comparing 4 responses with response from 2
19:58:02.366 [nioEventLoopGroup-22-4] DEBUG bftsmart.proxy - throwing out request: sender = 3 reqId = 0
19:58:02.365 [Thread-110] DEBUG bftsmart.proxy - Response extracted: [5:-243496129:0]
[SERVER 6] JOIN reply: CAR_0:POS:0;CAR_1:POS:1;CAR_2:POS:2;CAR_3:POS:3;CAR_4:POS:4;CAR_5:POS:5;CAR_6:POS:6;CAR_7:POS:7
19:58:02.366 [Thread-111] DEBUG bftsmart.proxy - Response extracted: [2:-1335612118:0]
[SERVER 7] JOIN reply: CAR_0:POS:0;CAR_1:POS:1;CAR_2:POS:2;CAR_3:POS:3;CAR_4:POS:4;CAR_5:POS:5;CAR_6:POS:6;CAR_7:POS:7
19:58:02.365 [nioEventLoopGroup-24-3] DEBUG bftsmart.proxy - (current reqId: 0) Received reply from 2 with reqId: 0
19:58:02.366 [nioEventLoopGroup-24-3] DEBUG bftsmart.proxy - Comparing 4 responses with response from 2
19:58:02.365 [nioEventLoopGroup-21-3] DEBUG bftsmart.proxy - (current reqId: 0) Received reply from 2 with reqId: 0
[SERVER 6] Position 6 -> delay=15.43s (slot=2.57s)
[SERVER 6] Consensus reached! Position: 6 - Calculated delay: 15.428571428571427s
[JNI] notifyVehicleCanGo: replica 6 can go after 15.4286s delay
[V2VProxy 6] JNI received GO signal. Queued for main thread.
19:58:02.365 [nioEventLoopGroup-25-4] DEBUG bftsmart.proxy - Synchronously received reply from 3 with sequence number 0
19:58:02.366 [nioEventLoopGroup-21-3] DEBUG bftsmart.proxy - Comparing 4 responses with response from 2
19:58:02.366 [Thread-109] DEBUG bftsmart.proxy - Response extracted: [2:1465241691:0]
[SERVER 7] Position 7 -> delay=18.00s (slot=2.57s)
19:58:02.366 [Thread-107] DEBUG bftsmart.proxy - Response extracted: [2:-1623191915:0]
[SERVER 7] Consensus reached! Position: 7 - Calculated delay: 18.0s
[JNI] notifyVehicleCanGo: replica 7 can go after 18s delay
[V2VProxy 7] JNI received GO signal. Queued for main thread.
[SERVER 5] JOIN reply: CAR_0:POS:0;CAR_1:POS:1;CAR_2:POS:2;CAR_3:POS:3;CAR_4:POS:4;CAR_5:POS:5;CAR_6:POS:6;CAR_7:POS:7
19:58:02.366 [nioEventLoopGroup-25-4] DEBUG bftsmart.proxy - throwing out request: sender = 3 reqId = 0
[SERVER 3] JOIN reply: CAR_0:POS:0;CAR_1:POS:1;CAR_2:POS:2;CAR_3:POS:3;CAR_4:POS:4;CAR_5:POS:5;CAR_6:POS:6;CAR_7:POS:7
[SERVER 3] Position 3 -> delay=7.71s (slot=2.57s)
[SERVER 3] Consensus reached! Position: 3 - Calculated delay: 7.7142857142857135s
[JNI] notifyVehicleCanGo: replica 3 can go after 7.71429s delay
[SERVER 5] Position 5 -> delay=12.86s (slot=2.57s)[V2VProxy 3] JNI received GO signal. Queued for main thread.

[SERVER 5] Consensus reached! Position: 5 - Calculated delay: 12.857142857142856s
[JNI] notifyVehicleCanGo: replica 5 can go after 12.8571s delay
[V2VProxy 5] JNI received GO signal. Queued for main thread.
V2VNativeBridge6: Received message from 0 with length 857
[V2V Layer 6] Received message from replica 0 via JNI
    [Reliability 6] handleIncomingMessage() called
        Type: DATA
        From: 0
        SeqNum: 2
        Expected seq: 3
        -> DUPLICATE (seq < expected), ignoring
V2VNativeBridge3: Received message from 0 with length 857
[V2V Layer 3] Received message from replica 0 via JNI
    [Reliability 3] handleIncomingMessage() called
        Type: DATA
        From: 0
        SeqNum: 2
        Expected seq: 3
        -> DUPLICATE (seq < expected), ignoring
V2VNativeBridge2: Received message from 0 with length 857
[V2V Layer 2] Received message from replica 0 via JNI
    [Reliability 2] handleIncomingMessage() called
        Type: DATA
        From: 0
        SeqNum: 2
        Expected seq: 3
        -> DUPLICATE (seq < expected), ignoring
V2VNativeBridge4: Received message from 0 with length 857
[V2V Layer 4] Received message from replica 0 via JNI
    [Reliability 4] handleIncomingMessage() called
        Type: DATA
        From: 0
        SeqNum: 2
        Expected seq: 3
        -> DUPLICATE (seq < expected), ignoring
V2VNativeBridge7: Received message from 0 with length 857
[V2V Layer 7] Received message from replica 0 via JNI
    [Reliability 7] handleIncomingMessage() called
        Type: DATA
        From: 0
        SeqNum: 2
        Expected seq: 3
        -> DUPLICATE (seq < expected), ignoring
V2VNativeBridge1: Received message from 0 with length 857
[V2V Layer 1] Received message from replica 0 via JNI
    [Reliability 1] handleIncomingMessage() called
        Type: DATA
        From: 0
        SeqNum: 2
        Expected seq: 3
        -> DUPLICATE (seq < expected), ignoring
V2VNativeBridge5: Received message from 0 with length 857
[V2V Layer 5] Received message from replica 0 via JNI
    [Reliability 5] handleIncomingMessage() called
        Type: DATA
        From: 0
        SeqNum: 2
        Expected seq: 3
        -> DUPLICATE (seq < expected), ignoring
[METRICS 4] Consensus Duration: 2.05777 seconds
[METRICS 4] Consensus Completed!
[METRICS 4] Consensus Start Time: 2.9
[METRICS 4] Consensus End Time:   4.957766866783
[METRICS 4] Consensus Latency:    2.05777 seconds
[METRICS 4] Projected_Total_Wait: 12.3435
[METRICS 4] Scheduled_Resume: 15.2435
[METRICS 4] Messages Sent: 17
[METRICS 4] Messages Received: 46
[METRICS 4] (consensus succeeded : TRUE)
[V2VProxy 4] Main thread scheduling resume in 10.2857s
Not flushing reliability queue
[METRICS 3] Consensus Duration: 2.05919 seconds
[METRICS 3] Consensus Completed!
[METRICS 3] Consensus Start Time: 2.9
[METRICS 3] Consensus End Time:   4.959192745132
[METRICS 3] Consensus Latency:    2.05919 seconds
[METRICS 3] Projected_Total_Wait: 9.77348
[METRICS 3] Scheduled_Resume: 12.6735
[METRICS 3] Messages Sent: 16
[METRICS 3] Messages Received: 42
[METRICS 3] (consensus succeeded : TRUE)
[V2VProxy 3] Main thread scheduling resume in 7.71429s
Not flushing reliability queue
V2VNativeBridge2: Received message from 4 with length 872
[V2V Layer 2] Received message from replica 4 via JNI
    [Reliability 2] handleIncomingMessage() called
        Type: DATA
        From: 4
        SeqNum: 1
        Expected seq: 2
        -> DUPLICATE (seq < expected), ignoring
V2VNativeBridge5: Received message from 4 with length 872
[V2V Layer 5] Received message from replica 4 via JNI
    [Reliability 5] handleIncomingMessage() called
        Type: DATA
        From: 4
        SeqNum: 1
        Expected seq: 2
        -> DUPLICATE (seq < expected), ignoring
V2VNativeBridge3: Received message from 4 with length 872
[V2V Layer 3] Received message from replica 4 via JNI
    [Reliability 3] handleIncomingMessage() called
        Type: DATA
        From: 4
        SeqNum: 1
        Expected seq: 2
        -> DUPLICATE (seq < expected), ignoring
V2VNativeBridge0: Received message from 4 with length 872
[V2V Layer 0] Received message from replica 4 via JNI
    [Reliability 0] handleIncomingMessage() called
        Type: DATA
        From: 4
        SeqNum: 1
        Expected seq: 2
        -> DUPLICATE (seq < expected), ignoring
V2VNativeBridge1: Received message from 4 with length 872
[V2V Layer 1] Received message from replica 4 via JNI
    [Reliability 1] handleIncomingMessage() called
        Type: DATA
        From: 4
        SeqNum: 1
        Expected seq: 2
        -> DUPLICATE (seq < expected), ignoring
V2VNativeBridge6: Received message from 4 with length 872
[V2V Layer 6] Received message from replica 4 via JNI
    [Reliability 6] handleIncomingMessage() called
        Type: DATA
        From: 4
        SeqNum: 1
        Expected seq: 2
        -> DUPLICATE (seq < expected), ignoring
V2VNativeBridge7: Received message from 4 with length 872
[V2V Layer 7] Received message from replica 4 via JNI
    [Reliability 7] handleIncomingMessage() called
        Type: DATA
        From: 4
        SeqNum: 1
        Expected seq: 2
        -> DUPLICATE (seq < expected), ignoring
V2VNativeBridge6: Received message from 0 with length 857
[V2V Layer 6] Received message from replica 0 via JNI
    [Reliability 6] handleIncomingMessage() called
        Type: DATA
        From: 0
        SeqNum: 2
        Expected seq: 3
        -> DUPLICATE (seq < expected), ignoring
[METRICS 0] Consensus Duration: 2.06259 seconds
[METRICS 0] Consensus Completed!
[METRICS 0] Consensus Start Time: 2.9
[METRICS 0] Consensus End Time:   4.96259365328
[METRICS 0] Consensus Latency:    2.06259 seconds
[METRICS 0] Projected_Total_Wait: 2.06259
[METRICS 0] Scheduled_Resume: 4.96259
[METRICS 0] Messages Sent: 29
[METRICS 0] Messages Received: 31
[METRICS 0] (consensus succeeded : TRUE)
[V2VProxy 0] Main thread scheduling resume in 0s
Not flushing reliability queue
Not flushing reliability queue
[METRICS 0] Resume_Time: 4.96259365328
[METRICS 0] Stop_Time: 2.9
[V2VProxy 0] Resume delay expired, resuming vehicle now!
[V2VProxy 0] Vehicle RESUMED movement at t=4.96259365328
V2VNativeBridge6: Received message from 0 with length 857
[V2V Layer 6] Received message from replica 0 via JNI
    [Reliability 6] handleIncomingMessage() called
        Type: DATA
        From: 0
        SeqNum: 2
        Expected seq: 3
        -> DUPLICATE (seq < expected), ignoring
V2VNativeBridge2: Received message from 4 with length 858
[V2V Layer 2] Received message from replica 4 via JNI
    [Reliability 2] handleIncomingMessage() called
        Type: DATA
        From: 4
        SeqNum: 1
        Expected seq: 2
        -> DUPLICATE (seq < expected), ignoring
V2VNativeBridge5: Received message from 4 with length 858
[V2V Layer 5] Received message from replica 4 via JNI
    [Reliability 5] handleIncomingMessage() called
        Type: DATA
        From: 4
        SeqNum: 1
        Expected seq: 2
        -> DUPLICATE (seq < expected), ignoring
V2VNativeBridge2: Received message from 4 with length 858
[V2V Layer 2] Received message from replica 4 via JNI
    [Reliability 2] handleIncomingMessage() called
        Type: DATA
        From: 4
        SeqNum: 1
        Expected seq: 2
        -> DUPLICATE (seq < expected), ignoring
V2VNativeBridge5: Received message from 4 with length 858
[V2V Layer 5] Received message from replica 4 via JNI
    [Reliability 5] handleIncomingMessage() called
        Type: DATA
        From: 4
        SeqNum: 1
        Expected seq: 2
        -> DUPLICATE (seq < expected), ignoring
V2VNativeBridge6: Received message from 0 with length 871
[V2V Layer 6] Received message from replica 0 via JNI
    [Reliability 6] handleIncomingMessage() called
        Type: DATA
        From: 0
        SeqNum: 2
        Expected seq: 3
        -> DUPLICATE (seq < expected), ignoring
V2VNativeBridge6: Received message from 0 with length 871
[V2V Layer 6] Received message from replica 0 via JNI
    [Reliability 6] handleIncomingMessage() called
        Type: DATA
        From: 0
        SeqNum: 2
        Expected seq: 3
        -> DUPLICATE (seq < expected), ignoring
V2VNativeBridge2: Received message from 4 with length 872
[V2V Layer 2] Received message from replica 4 via JNI
    [Reliability 2] handleIncomingMessage() called
        Type: DATA
        From: 4
        SeqNum: 1
        Expected seq: 2
        -> DUPLICATE (seq < expected), ignoring
V2VNativeBridge5: Received message from 4 with length 872
[V2V Layer 5] Received message from replica 4 via JNI
    [Reliability 5] handleIncomingMessage() called
        Type: DATA
        From: 4
        SeqNum: 1
        Expected seq: 2
        -> DUPLICATE (seq < expected), ignoring
V2VNativeBridge3: Received message from 4 with length 872
[V2V Layer 3] Received message from replica 4 via JNI
    [Reliability 3] handleIncomingMessage() called
        Type: DATA
        From: 4
        SeqNum: 1
        Expected seq: 2
        -> DUPLICATE (seq < expected), ignoring
V2VNativeBridge0: Received message from 4 with length 872
[V2V Layer 0] Received message from replica 4 via JNI
    [Reliability 0] handleIncomingMessage() called
        Type: DATA
        From: 4
        SeqNum: 1
        Expected seq: 2
        -> DUPLICATE (seq < expected), ignoring
V2VNativeBridge1: Received message from 4 with length 872
[V2V Layer 1] Received message from replica 4 via JNI
    [Reliability 1] handleIncomingMessage() called
        Type: DATA
        From: 4
        SeqNum: 1
        Expected seq: 2
        -> DUPLICATE (seq < expected), ignoring
V2VNativeBridge6: Received message from 4 with length 872
[V2V Layer 6] Received message from replica 4 via JNI
    [Reliability 6] handleIncomingMessage() called
        Type: DATA
        From: 4
        SeqNum: 1
        Expected seq: 2
        -> DUPLICATE (seq < expected), ignoring
V2VNativeBridge7: Received message from 4 with length 872
[V2V Layer 7] Received message from replica 4 via JNI
    [Reliability 7] handleIncomingMessage() called
        Type: DATA
        From: 4
        SeqNum: 1
        Expected seq: 2
        -> DUPLICATE (seq < expected), ignoring
V2VNativeBridge6: Received message from 0 with length 857
[V2V Layer 6] Received message from replica 0 via JNI
    [Reliability 6] handleIncomingMessage() called
        Type: DATA
        From: 0
        SeqNum: 2
        Expected seq: 3
        -> DUPLICATE (seq < expected), ignoring
V2VNativeBridge3: Received message from 0 with length 857
[V2V Layer 3] Received message from replica 0 via JNI
    [Reliability 3] handleIncomingMessage() called
        Type: DATA
        From: 0
        SeqNum: 2
        Expected seq: 3
        -> DUPLICATE (seq < expected), ignoring
V2VNativeBridge2: Received message from 0 with length 857
[V2V Layer 2] Received message from replica 0 via JNI
    [Reliability 2] handleIncomingMessage() called
        Type: DATA
        From: 0
        SeqNum: 2
        Expected seq: 3
        -> DUPLICATE (seq < expected), ignoring
V2VNativeBridge4: Received message from 0 with length 857
[V2V Layer 4] Received message from replica 0 via JNI
    [Reliability 4] handleIncomingMessage() called
        Type: DATA
        From: 0
        SeqNum: 2
        Expected seq: 3
        -> DUPLICATE (seq < expected), ignoring
V2VNativeBridge7: Received message from 0 with length 857
[V2V Layer 7] Received message from replica 0 via JNI
    [Reliability 7] handleIncomingMessage() called
        Type: DATA
        From: 0
        SeqNum: 2
        Expected seq: 3
        -> DUPLICATE (seq < expected), ignoring
V2VNativeBridge1: Received message from 0 with length 857
[V2V Layer 1] Received message from replica 0 via JNI
    [Reliability 1] handleIncomingMessage() called
        Type: DATA
        From: 0
        SeqNum: 2
        Expected seq: 3
        -> DUPLICATE (seq < expected), ignoring
V2VNativeBridge5: Received message from 0 with length 857
[V2V Layer 5] Received message from replica 0 via JNI
    [Reliability 5] handleIncomingMessage() called
        Type: DATA
        From: 0
        SeqNum: 2
        Expected seq: 3
        -> DUPLICATE (seq < expected), ignoring
Not flushing reliability queue
[METRICS 1] Consensus Duration: 2.1 seconds
[METRICS 1] Consensus Completed!
[METRICS 1] Consensus Start Time: 2.9
[METRICS 1] Consensus End Time:   5
[METRICS 1] Consensus Latency:    2.1 seconds
[METRICS 1] Projected_Total_Wait: 4.67143
[METRICS 1] Scheduled_Resume: 7.57143
[METRICS 1] Messages Sent: 22
[METRICS 1] Messages Received: 43
[METRICS 1] (consensus succeeded : TRUE)
[V2VProxy 1] Main thread scheduling resume in 2.57143s
Not flushing reliability queue
[METRICS 2] Consensus Duration: 2.1 seconds
[METRICS 2] Consensus Completed!
[METRICS 2] Consensus Start Time: 2.9
[METRICS 2] Consensus End Time:   5
[METRICS 2] Consensus Latency:    2.1 seconds
[METRICS 2] Projected_Total_Wait: 7.24286
[METRICS 2] Scheduled_Resume: 10.1429
[METRICS 2] Messages Sent: 23
[METRICS 2] Messages Received: 45
[METRICS 2] (consensus succeeded : TRUE)
[V2VProxy 2] Main thread scheduling resume in 5.14286s
Not flushing reliability queue
Not flushing reliability queue
Not flushing reliability queue
[METRICS 5] Consensus Duration: 2.1 seconds
[METRICS 5] Consensus Completed!
[METRICS 5] Consensus Start Time: 2.9
[METRICS 5] Consensus End Time:   5
[METRICS 5] Consensus Latency:    2.1 seconds
[METRICS 5] Projected_Total_Wait: 14.9571
[METRICS 5] Scheduled_Resume: 17.8571
[METRICS 5] Messages Sent: 23
[METRICS 5] Messages Received: 44
[METRICS 5] (consensus succeeded : TRUE)
[V2VProxy 5] Main thread scheduling resume in 12.8571s
Not flushing reliability queue
[METRICS 6] Consensus Duration: 2.1 seconds
[METRICS 6] Consensus Completed!
[METRICS 6] Consensus Start Time: 2.9
[METRICS 6] Consensus End Time:   5
[METRICS 6] Consensus Latency:    2.1 seconds
[METRICS 6] Projected_Total_Wait: 17.5286
[METRICS 6] Scheduled_Resume: 20.4286
[METRICS 6] Messages Sent: 16
[METRICS 6] Messages Received: 50
[METRICS 6] (consensus succeeded : TRUE)
[V2VProxy 6] Main thread scheduling resume in 15.4286s
Not flushing reliability queue
[METRICS 7] Consensus Duration: 2.1 seconds
[METRICS 7] Consensus Completed!
[METRICS 7] Consensus Start Time: 2.9
[METRICS 7] Consensus End Time:   5
[METRICS 7] Consensus Latency:    2.1 seconds
[METRICS 7] Projected_Total_Wait: 20.1
[METRICS 7] Scheduled_Resume: 23
[METRICS 7] Messages Sent: 23
[METRICS 7] Messages Received: 40
[METRICS 7] (consensus succeeded : TRUE)
[V2VProxy 7] Main thread scheduling resume in 18s
Not flushing reliability queue
[METRICS 7] All Consensus Completed
[METRICS 0] Messages received: 32
[METRICS 0] Messages sent: 29
[METRICS 1] Messages received: 43
[METRICS 1] Messages sent: 22
[METRICS 2] Messages received: 45
[METRICS 2] Messages sent: 23
[METRICS 3] Messages received: 45
[METRICS 3] Messages sent: 16
[METRICS 4] Messages received: 47
[METRICS 4] Messages sent: 17
[METRICS 5] Messages received: 44
[METRICS 5] Messages sent: 23
[METRICS 6] Messages received: 50
[METRICS 6] Messages sent: 16
[METRICS 7] Messages received: 40
[METRICS 7] Messages sent: 23
19:58:04.364 [Thread-106] DEBUG bftsmart.proxy - Sending request (ORDERED_REQUEST) with seqId = 1
19:58:04.365 [Thread-106] DEBUG bftsmart.communication.client.netty.NettyClientServerCommunicationSystemClientSide - All channel operations completed or timed out
19:58:04.365 [Thread-105] DEBUG bftsmart.proxy - Sending request (ORDERED_REQUEST) with seqId = 1
19:58:04.365 [Thread-106] DEBUG bftsmart.communication.client.netty.NettyClientServerCommunicationSystemClientSide - Sending request from 1002 with sequence number 1 to [5, 4, 3, 6, 1, 0, 2, 7]
19:58:04.365 [Thread-105] DEBUG bftsmart.communication.client.netty.NettyClientServerCommunicationSystemClientSide - All channel operations completed or timed out
19:58:04.365 [Thread-105] DEBUG bftsmart.communication.client.netty.NettyClientServerCommunicationSystemClientSide - Sending request from 1001 with sequence number 1 to [5, 7, 6, 0, 1, 3, 4, 2]
19:58:04.365 [Thread-105] DEBUG bftsmart.proxy - Expected number of matching replies: 3
19:58:04.365 [nioEventLoopGroup-22-8] DEBUG bftsmart.communication.client.netty.NettyClientServerCommunicationSystemClientSide - 2 channel operations remaining to complete
19:58:04.365 [nioEventLoopGroup-22-5] DEBUG bftsmart.communication.client.netty.NettyClientServerCommunicationSystemClientSide - 1 channel operations remaining to complete
19:58:04.365 [nioEventLoopGroup-20-7] DEBUG bftsmart.communication.client.netty.NettyClientServerCommunicationSystemClientSide - 2 channel operations remaining to complete
19:58:04.365 [nioEventLoopGroup-20-3] DEBUG bftsmart.communication.client.netty.NettyClientServerCommunicationSystemClientSide - 1 channel operations remaining to complete
19:58:04.366 [Thread-106] DEBUG bftsmart.proxy - Expected number of matching replies: 3
19:58:04.366 [nioEventLoopGroup-22-3] DEBUG bftsmart.communication.client.netty.NettyClientServerCommunicationSystemClientSide - 0 channel operations remaining to complete
19:58:04.366 [nioEventLoopGroup-20-1] DEBUG bftsmart.communication.client.netty.NettyClientServerCommunicationSystemClientSide - 0 channel operations remaining to complete
19:58:04.366 [Thread-104] DEBUG bftsmart.proxy - Sending request (ORDERED_REQUEST) with seqId = 1
19:58:04.366 [Thread-108] DEBUG bftsmart.proxy - Sending request (ORDERED_REQUEST) with seqId = 1
19:58:04.366 [nioEventLoopGroup-20-4] DEBUG bftsmart.communication.client.netty.NettyClientServerCommunicationSystemClientSide - -1 channel operations remaining to complete
19:58:04.366 [Thread-108] DEBUG bftsmart.communication.client.netty.NettyClientServerCommunicationSystemClientSide - All channel operations completed or timed out
19:58:04.366 [Thread-108] DEBUG bftsmart.communication.client.netty.NettyClientServerCommunicationSystemClientSide - Sending request from 1004 with sequence number 1 to [0, 2, 7, 5, 1, 4, 3, 6]
19:58:04.366 [nioEventLoopGroup-22-7] DEBUG bftsmart.communication.client.netty.NettyClientServerCommunicationSystemClientSide - -1 channel operations remaining to complete
19:58:04.366 [nioEventLoopGroup-20-6] DEBUG bftsmart.communication.client.netty.NettyClientServerCommunicationSystemClientSide - -2 channel operations remaining to complete
19:58:04.366 [nioEventLoopGroup-15-3] DEBUG bftsmart.communication.client.netty.NettyTOMMessageDecoder - Decoded reply from 1001 with sequence number 1
19:58:04.366 [nioEventLoopGroup-14-3] DEBUG bftsmart.communication.client.netty.NettyTOMMessageDecoder - Decoded reply from 1001 with sequence number 1
19:58:04.366 [nioEventLoopGroup-14-8] DEBUG bftsmart.communication.client.netty.NettyTOMMessageDecoder - Decoded reply from 1002 with sequence number 1
19:58:04.366 [Thread-104] DEBUG bftsmart.communication.client.netty.NettyClientServerCommunicationSystemClientSide - All channel operations completed or timed out
19:58:04.366 [nioEventLoopGroup-15-8] DEBUG bftsmart.communication.client.netty.NettyTOMMessageDecoder - Decoded reply from 1002 with sequence number 1
19:58:04.366 [nioEventLoopGroup-11-8] DEBUG bftsmart.communication.client.netty.NettyTOMMessageDecoder - Decoded reply from 1002 with sequence number 1
19:58:04.366 [Thread-104] DEBUG bftsmart.communication.client.netty.NettyClientServerCommunicationSystemClientSide - Sending request from 1000 with sequence number 1 to [1, 0, 5, 4, 3, 6, 7, 2]
19:58:04.366 [nioEventLoopGroup-14-3] DEBUG bftsmart.tom.core.TOMLayer - Received TOMMessage from client 1001 with sequence number 1 for session 1513111196
19:58:04.366 [nioEventLoopGroup-14-8] DEBUG bftsmart.tom.core.TOMLayer - Received TOMMessage from client 1002 with sequence number 1 for session -387272110
19:58:04.366 [nioEventLoopGroup-11-8] DEBUG bftsmart.tom.core.TOMLayer - Received TOMMessage from client 1002 with sequence number 1 for session -387272110
19:58:04.366 [nioEventLoopGroup-22-6] DEBUG bftsmart.communication.client.netty.NettyClientServerCommunicationSystemClientSide - -2 channel operations remaining to complete
19:58:04.366 [nioEventLoopGroup-11-8] DEBUG bftsmart.clientsmanagement.ClientsManager - Message from client 1002 is valid
19:58:04.366 [nioEventLoopGroup-14-3] DEBUG bftsmart.clientsmanagement.ClientsManager - Message from client 1001 is valid
19:58:04.366 [nioEventLoopGroup-11-4] DEBUG bftsmart.communication.client.netty.NettyTOMMessageDecoder - Decoded reply from 1001 with sequence number 1
19:58:04.366 [nioEventLoopGroup-23-1] DEBUG bftsmart.communication.client.netty.NettyClientServerCommunicationSystemClientSide - 2 channel operations remaining to complete
19:58:04.366 [nioEventLoopGroup-22-1] DEBUG bftsmart.communication.client.netty.NettyClientServerCommunicationSystemClientSide - -3 channel operations remaining to complete
19:58:04.366 [nioEventLoopGroup-10-3] DEBUG bftsmart.communication.client.netty.NettyTOMMessageDecoder - Decoded reply from 1001 with sequence number 1
19:58:04.366 [nioEventLoopGroup-11-4] DEBUG bftsmart.tom.core.TOMLayer - Received TOMMessage from client 1001 with sequence number 1 for session 1513111196
19:58:04.366 [nioEventLoopGroup-12-6] DEBUG bftsmart.communication.client.netty.NettyTOMMessageDecoder - Decoded reply from 1001 with sequence number 1
19:58:04.366 [nioEventLoopGroup-22-2] DEBUG bftsmart.communication.client.netty.NettyClientServerCommunicationSystemClientSide - -4 channel operations remaining to complete
19:58:04.366 [nioEventLoopGroup-13-4] DEBUG bftsmart.communication.client.netty.NettyTOMMessageDecoder - Decoded reply from 1002 with sequence number 1
19:58:04.366 [nioEventLoopGroup-16-8] DEBUG bftsmart.communication.client.netty.NettyTOMMessageDecoder - Decoded reply from 1004 with sequence number 1
19:58:04.366 [Thread-110] DEBUG bftsmart.proxy - Sending request (ORDERED_REQUEST) with seqId = 1
19:58:04.366 [nioEventLoopGroup-13-4] DEBUG bftsmart.tom.core.TOMLayer - Received TOMMessage from client 1002 with sequence number 1 for session -387272110
19:58:04.366 [nioEventLoopGroup-16-8] DEBUG bftsmart.tom.core.TOMLayer - Received TOMMessage from client 1004 with sequence number 1 for session 2054053169
19:58:04.366 [nioEventLoopGroup-13-4] DEBUG bftsmart.clientsmanagement.ClientsManager - Message from client 1002 is valid
19:58:04.366 [Thread-111] DEBUG bftsmart.proxy - Sending request (ORDERED_REQUEST) with seqId = 1
19:58:04.366 [nioEventLoopGroup-25-2] DEBUG bftsmart.communication.client.netty.NettyClientServerCommunicationSystemClientSide - 2 channel operations remaining to complete
19:58:04.366 [nioEventLoopGroup-16-8] DEBUG bftsmart.clientsmanagement.ClientsManager - Message from client 1004 is valid
19:58:04.366 [nioEventLoopGroup-10-4] DEBUG bftsmart.communication.client.netty.NettyTOMMessageDecoder - Decoded reply from 1004 with sequence number 1
19:58:04.366 [nioEventLoopGroup-17-5] DEBUG bftsmart.communication.client.netty.NettyTOMMessageDecoder - Decoded reply from 1001 with sequence number 1
19:58:04.366 [nioEventLoopGroup-11-7] DEBUG bftsmart.communication.client.netty.NettyTOMMessageDecoder - Decoded reply from 1004 with sequence number 1
19:58:04.366 [nioEventLoopGroup-16-4] DEBUG bftsmart.communication.client.netty.NettyTOMMessageDecoder - Decoded reply from 1001 with sequence number 1
19:58:04.366 [Thread-111] DEBUG bftsmart.communication.client.netty.NettyClientServerCommunicationSystemClientSide - All channel operations completed or timed out
19:58:04.366 [nioEventLoopGroup-11-7] DEBUG bftsmart.tom.core.TOMLayer - Received TOMMessage from client 1004 with sequence number 1 for session 2054053169
19:58:04.366 [Thread-111] DEBUG bftsmart.communication.client.netty.NettyClientServerCommunicationSystemClientSide - Sending request from 1007 with sequence number 1 to [7, 0, 6, 1, 5, 3, 4, 2]
19:58:04.366 [nioEventLoopGroup-11-7] DEBUG bftsmart.clientsmanagement.ClientsManager - Message from client 1004 is valid
19:58:04.366 [nioEventLoopGroup-25-1] DEBUG bftsmart.communication.client.netty.NettyClientServerCommunicationSystemClientSide - 1 channel operations remaining to complete
19:58:04.366 [nioEventLoopGroup-13-8] DEBUG bftsmart.communication.client.netty.NettyTOMMessageDecoder - Decoded reply from 1001 with sequence number 1
19:58:04.366 [nioEventLoopGroup-16-4] DEBUG bftsmart.tom.core.TOMLayer - Received TOMMessage from client 1001 with sequence number 1 for session 1513111196
19:58:04.366 [nioEventLoopGroup-13-7] DEBUG bftsmart.communication.client.netty.NettyTOMMessageDecoder - Decoded reply from 1004 with sequence number 1
19:58:04.366 [nioEventLoopGroup-15-5] DEBUG bftsmart.communication.client.netty.NettyTOMMessageDecoder - Decoded reply from 1004 with sequence number 1
19:58:04.366 [Thread-104] DEBUG bftsmart.proxy - Expected number of matching replies: 3
19:58:04.366 [nioEventLoopGroup-15-5] DEBUG bftsmart.tom.core.TOMLayer - Received TOMMessage from client 1004 with sequence number 1 for session 2054053169
19:58:04.366 [nioEventLoopGroup-10-8] DEBUG bftsmart.communication.client.netty.NettyTOMMessageDecoder - Decoded reply from 1002 with sequence number 1
19:58:04.366 [nioEventLoopGroup-15-5] DEBUG bftsmart.clientsmanagement.ClientsManager - Message from client 1004 is valid
19:58:04.366 [nioEventLoopGroup-20-5] DEBUG bftsmart.communication.client.netty.NettyClientServerCommunicationSystemClientSide - -3 channel operations remaining to complete
19:58:04.366 [nioEventLoopGroup-10-8] DEBUG bftsmart.tom.core.TOMLayer - Received TOMMessage from client 1002 with sequence number 1 for session -387272110
19:58:04.366 [nioEventLoopGroup-15-2] DEBUG bftsmart.communication.client.netty.NettyTOMMessageDecoder - Decoded reply from 1000 with sequence number 1
19:58:04.366 [nioEventLoopGroup-17-1] DEBUG bftsmart.communication.client.netty.NettyTOMMessageDecoder - Decoded reply from 1000 with sequence number 1
19:58:04.366 [nioEventLoopGroup-15-3] DEBUG bftsmart.tom.core.TOMLayer - Received TOMMessage from client 1001 with sequence number 1 for session 1513111196
19:58:04.366 [nioEventLoopGroup-15-2] DEBUG bftsmart.tom.core.TOMLayer - Received TOMMessage from client 1000 with sequence number 1 for session -241918573
19:58:04.366 [nioEventLoopGroup-17-1] DEBUG bftsmart.tom.core.TOMLayer - Received TOMMessage from client 1000 with sequence number 1 for session -241918573
19:58:04.366 [nioEventLoopGroup-15-2] DEBUG bftsmart.clientsmanagement.ClientsManager - Message from client 1000 is valid
19:58:04.366 [nioEventLoopGroup-15-8] DEBUG bftsmart.tom.core.TOMLayer - Received TOMMessage from client 1002 with sequence number 1 for session -387272110
19:58:04.367 [nioEventLoopGroup-15-3] DEBUG bftsmart.clientsmanagement.ClientsManager - Message from client 1001 is valid
19:58:04.367 [nioEventLoopGroup-13-2] DEBUG bftsmart.communication.client.netty.NettyTOMMessageDecoder - Decoded reply from 1000 with sequence number 1
19:58:04.367 [nioEventLoopGroup-12-5] DEBUG bftsmart.communication.client.netty.NettyTOMMessageDecoder - Decoded reply from 1007 with sequence number 1
19:58:04.366 [nioEventLoopGroup-16-6] DEBUG bftsmart.communication.client.netty.NettyTOMMessageDecoder - Decoded reply from 1002 with sequence number 1
19:58:04.367 [nioEventLoopGroup-13-2] DEBUG bftsmart.tom.core.TOMLayer - Received TOMMessage from client 1000 with sequence number 1 for session -241918573
19:58:04.367 [nioEventLoopGroup-10-2] DEBUG bftsmart.communication.client.netty.NettyTOMMessageDecoder - Decoded reply from 1000 with sequence number 1
19:58:04.367 [nioEventLoopGroup-12-5] DEBUG bftsmart.tom.core.TOMLayer - Received TOMMessage from client 1007 with sequence number 1 for session -1335612118
19:58:04.367 [nioEventLoopGroup-13-2] DEBUG bftsmart.clientsmanagement.ClientsManager - Message from client 1000 is valid
19:58:04.367 [nioEventLoopGroup-12-5] DEBUG bftsmart.clientsmanagement.ClientsManager - Message from client 1007 is valid
19:58:04.367 [nioEventLoopGroup-10-2] DEBUG bftsmart.tom.core.TOMLayer - Received TOMMessage from client 1000 with sequence number 1 for session -241918573
19:58:04.366 [nioEventLoopGroup-17-8] DEBUG bftsmart.communication.client.netty.NettyTOMMessageDecoder - Decoded reply from 1002 with sequence number 1
19:58:04.367 [nioEventLoopGroup-10-2] DEBUG bftsmart.clientsmanagement.ClientsManager - Message from client 1000 is valid
19:58:04.367 [nioEventLoopGroup-16-6] DEBUG bftsmart.tom.core.TOMLayer - Received TOMMessage from client 1002 with sequence number 1 for session -387272110
19:58:04.367 [Thread-111] DEBUG bftsmart.proxy - Expected number of matching replies: 3
19:58:04.366 [nioEventLoopGroup-14-8] DEBUG bftsmart.clientsmanagement.ClientsManager - Message from client 1002 is valid
19:58:04.367 [nioEventLoopGroup-16-6] DEBUG bftsmart.clientsmanagement.ClientsManager - Message from client 1002 is valid
19:58:04.367 [nioEventLoopGroup-15-8] DEBUG bftsmart.clientsmanagement.ClientsManager - Message from client 1002 is valid
19:58:04.367 [nioEventLoopGroup-17-8] DEBUG bftsmart.tom.core.TOMLayer - Received TOMMessage from client 1002 with sequence number 1 for session -387272110
19:58:04.366 [nioEventLoopGroup-23-3] DEBUG bftsmart.communication.client.netty.NettyClientServerCommunicationSystemClientSide - 1 channel operations remaining to complete
19:58:04.367 [nioEventLoopGroup-17-8] DEBUG bftsmart.clientsmanagement.ClientsManager - Message from client 1002 is valid
19:58:04.367 [nioEventLoopGroup-13-5] DEBUG bftsmart.communication.client.netty.NettyTOMMessageDecoder - Decoded reply from 1007 with sequence number 1
19:58:04.366 [nioEventLoopGroup-11-4] DEBUG bftsmart.clientsmanagement.ClientsManager - Message from client 1001 is valid
19:58:04.367 [nioEventLoopGroup-13-5] DEBUG bftsmart.tom.core.TOMLayer - Received TOMMessage from client 1007 with sequence number 1 for session -1335612118
19:58:04.367 [nioEventLoopGroup-11-3] DEBUG bftsmart.communication.client.netty.NettyTOMMessageDecoder - Decoded reply from 1007 with sequence number 1
19:58:04.367 [nioEventLoopGroup-14-5] DEBUG bftsmart.communication.client.netty.NettyTOMMessageDecoder - Decoded reply from 1007 with sequence number 1
19:58:04.367 [nioEventLoopGroup-11-3] DEBUG bftsmart.tom.core.TOMLayer - Received TOMMessage from client 1007 with sequence number 1 for session -1335612118
19:58:04.367 [nioEventLoopGroup-15-4] DEBUG bftsmart.communication.client.netty.NettyTOMMessageDecoder - Decoded reply from 1007 with sequence number 1
19:58:04.366 [nioEventLoopGroup-10-3] DEBUG bftsmart.tom.core.TOMLayer - Received TOMMessage from client 1001 with sequence number 1 for session 1513111196
19:58:04.367 [nioEventLoopGroup-11-3] DEBUG bftsmart.clientsmanagement.ClientsManager - Message from client 1007 is valid
19:58:04.367 [nioEventLoopGroup-14-5] DEBUG bftsmart.tom.core.TOMLayer - Received TOMMessage from client 1007 with sequence number 1 for session -1335612118
19:58:04.367 [nioEventLoopGroup-15-4] DEBUG bftsmart.tom.core.TOMLayer - Received TOMMessage from client 1007 with sequence number 1 for session -1335612118
19:58:04.366 [nioEventLoopGroup-12-6] DEBUG bftsmart.tom.core.TOMLayer - Received TOMMessage from client 1001 with sequence number 1 for session 1513111196
19:58:04.366 [Thread-110] DEBUG bftsmart.communication.client.netty.NettyClientServerCommunicationSystemClientSide - All channel operations completed or timed out
19:58:04.367 [nioEventLoopGroup-12-6] DEBUG bftsmart.clientsmanagement.ClientsManager - Message from client 1001 is valid
19:58:04.367 [Thread-110] DEBUG bftsmart.communication.client.netty.NettyClientServerCommunicationSystemClientSide - Sending request from 1006 with sequence number 1 to [2, 7, 1, 5, 3, 4, 6, 0]
19:58:04.366 [nioEventLoopGroup-22-4] DEBUG bftsmart.communication.client.netty.NettyClientServerCommunicationSystemClientSide - -5 channel operations remaining to complete
19:58:04.366 [Thread-108] DEBUG bftsmart.proxy - Expected number of matching replies: 3
19:58:04.366 [nioEventLoopGroup-10-4] DEBUG bftsmart.tom.core.TOMLayer - Received TOMMessage from client 1004 with sequence number 1 for session 2054053169
19:58:04.366 [nioEventLoopGroup-12-7] DEBUG bftsmart.communication.client.netty.NettyTOMMessageDecoder - Decoded reply from 1004 with sequence number 1
19:58:04.367 [nioEventLoopGroup-19-3] DEBUG bftsmart.communication.client.netty.NettyClientServerCommunicationSystemClientSide - 2 channel operations remaining to complete
19:58:04.366 [nioEventLoopGroup-17-5] DEBUG bftsmart.tom.core.TOMLayer - Received TOMMessage from client 1001 with sequence number 1 for session 1513111196
19:58:04.367 [nioEventLoopGroup-12-7] DEBUG bftsmart.tom.core.TOMLayer - Received TOMMessage from client 1004 with sequence number 1 for session 2054053169
19:58:04.367 [nioEventLoopGroup-12-7] DEBUG bftsmart.clientsmanagement.ClientsManager - Message from client 1004 is valid
19:58:04.367 [nioEventLoopGroup-19-8] DEBUG bftsmart.communication.client.netty.NettyClientServerCommunicationSystemClientSide - 1 channel operations remaining to complete
19:58:04.366 [nioEventLoopGroup-25-6] DEBUG bftsmart.communication.client.netty.NettyClientServerCommunicationSystemClientSide - 0 channel operations remaining to complete
19:58:04.366 [nioEventLoopGroup-16-4] DEBUG bftsmart.clientsmanagement.ClientsManager - Message from client 1001 is valid
19:58:04.367 [nioEventLoopGroup-25-4] DEBUG bftsmart.communication.client.netty.NettyClientServerCommunicationSystemClientSide - -1 channel operations remaining to complete
19:58:04.367 [nioEventLoopGroup-19-2] DEBUG bftsmart.communication.client.netty.NettyClientServerCommunicationSystemClientSide - 0 channel operations remaining to complete
19:58:04.366 [nioEventLoopGroup-13-8] DEBUG bftsmart.tom.core.TOMLayer - Received TOMMessage from client 1001 with sequence number 1 for session 1513111196
19:58:04.368 [nioEventLoopGroup-13-1] DEBUG bftsmart.communication.client.netty.NettyTOMMessageDecoder - Decoded reply from 1006 with sequence number 1
19:58:04.368 [nioEventLoopGroup-13-1] DEBUG bftsmart.tom.core.TOMLayer - Received TOMMessage from client 1006 with sequence number 1 for session -243496129
19:58:04.368 [nioEventLoopGroup-11-1] DEBUG bftsmart.communication.client.netty.NettyTOMMessageDecoder - Decoded reply from 1006 with sequence number 1
19:58:04.368 [nioEventLoopGroup-13-1] DEBUG bftsmart.clientsmanagement.ClientsManager - Message from client 1006 is valid
19:58:04.366 [nioEventLoopGroup-13-7] DEBUG bftsmart.tom.core.TOMLayer - Received TOMMessage from client 1004 with sequence number 1 for session 2054053169
19:58:04.368 [nioEventLoopGroup-11-1] DEBUG bftsmart.tom.core.TOMLayer - Received TOMMessage from client 1006 with sequence number 1 for session -243496129
19:58:04.368 [nioEventLoopGroup-11-1] DEBUG bftsmart.clientsmanagement.ClientsManager - Message from client 1006 is valid
19:58:04.366 [Thread-109] DEBUG bftsmart.proxy - Sending request (ORDERED_REQUEST) with seqId = 1
19:58:04.366 [Thread-107] DEBUG bftsmart.proxy - Sending request (ORDERED_REQUEST) with seqId = 1
19:58:04.368 [Thread-109] DEBUG bftsmart.communication.client.netty.NettyClientServerCommunicationSystemClientSide - All channel operations completed or timed out
19:58:04.368 [nioEventLoopGroup-15-1] DEBUG bftsmart.communication.client.netty.NettyTOMMessageDecoder - Decoded reply from 1006 with sequence number 1
19:58:04.366 [nioEventLoopGroup-14-4] DEBUG bftsmart.communication.client.netty.NettyTOMMessageDecoder - Decoded reply from 1000 with sequence number 1
19:58:04.368 [nioEventLoopGroup-15-1] DEBUG bftsmart.tom.core.TOMLayer - Received TOMMessage from client 1006 with sequence number 1 for session -243496129
19:58:04.368 [nioEventLoopGroup-15-1] DEBUG bftsmart.clientsmanagement.ClientsManager - Message from client 1006 is valid
19:58:04.368 [nioEventLoopGroup-14-4] DEBUG bftsmart.tom.core.TOMLayer - Received TOMMessage from client 1000 with sequence number 1 for session -241918573
19:58:04.368 [nioEventLoopGroup-17-2] DEBUG bftsmart.communication.client.netty.NettyTOMMessageDecoder - Decoded reply from 1006 with sequence number 1
19:58:04.368 [Thread-107] DEBUG bftsmart.communication.client.netty.NettyClientServerCommunicationSystemClientSide - All channel operations completed or timed out
19:58:04.368 [nioEventLoopGroup-16-3] DEBUG bftsmart.communication.client.netty.NettyTOMMessageDecoder - Decoded reply from 1006 with sequence number 1
19:58:04.366 [nioEventLoopGroup-18-8] DEBUG bftsmart.communication.client.netty.NettyClientServerCommunicationSystemClientSide - 2 channel operations remaining to complete
19:58:04.368 [nioEventLoopGroup-16-3] DEBUG bftsmart.tom.core.TOMLayer - Received TOMMessage from client 1006 with sequence number 1 for session -243496129
19:58:04.368 [nioEventLoopGroup-16-3] DEBUG bftsmart.clientsmanagement.ClientsManager - Message from client 1006 is valid
19:58:04.366 [nioEventLoopGroup-10-8] DEBUG bftsmart.clientsmanagement.ClientsManager - Message from client 1002 is valid
19:58:04.368 [nioEventLoopGroup-18-1] DEBUG bftsmart.communication.client.netty.NettyClientServerCommunicationSystemClientSide - 1 channel operations remaining to complete
19:58:04.366 [nioEventLoopGroup-20-2] DEBUG bftsmart.communication.client.netty.NettyClientServerCommunicationSystemClientSide - -4 channel operations remaining to complete
19:58:04.368 [nioEventLoopGroup-10-3] DEBUG bftsmart.clientsmanagement.ClientsManager - Message from client 1001 is valid
19:58:04.367 [nioEventLoopGroup-17-1] DEBUG bftsmart.clientsmanagement.ClientsManager - Message from client 1000 is valid
19:58:04.368 [nioEventLoopGroup-18-7] DEBUG bftsmart.communication.client.netty.NettyClientServerCommunicationSystemClientSide - 0 channel operations remaining to complete
19:58:04.367 [nioEventLoopGroup-12-2] DEBUG bftsmart.communication.client.netty.NettyTOMMessageDecoder - Decoded reply from 1000 with sequence number 1
19:58:04.366 [nioEventLoopGroup-17-7] DEBUG bftsmart.communication.client.netty.NettyTOMMessageDecoder - Decoded reply from 1004 with sequence number 1
19:58:04.368 [nioEventLoopGroup-18-2] DEBUG bftsmart.communication.client.netty.NettyClientServerCommunicationSystemClientSide - -1 channel operations remaining to complete
19:58:04.366 [nioEventLoopGroup-11-2] DEBUG bftsmart.communication.client.netty.NettyTOMMessageDecoder - Decoded reply from 1000 with sequence number 1
19:58:04.368 [nioEventLoopGroup-12-2] DEBUG bftsmart.tom.core.TOMLayer - Received TOMMessage from client 1000 with sequence number 1 for session -241918573
19:58:04.368 [nioEventLoopGroup-17-7] DEBUG bftsmart.tom.core.TOMLayer - Received TOMMessage from client 1004 with sequence number 1 for session 2054053169
19:58:04.368 [nioEventLoopGroup-12-2] DEBUG bftsmart.clientsmanagement.ClientsManager - Message from client 1000 is valid
19:58:04.368 [nioEventLoopGroup-17-7] DEBUG bftsmart.clientsmanagement.ClientsManager - Message from client 1004 is valid
19:58:04.368 [nioEventLoopGroup-10-4] DEBUG bftsmart.clientsmanagement.ClientsManager - Message from client 1004 is valid
19:58:04.367 [nioEventLoopGroup-16-5] DEBUG bftsmart.communication.client.netty.NettyTOMMessageDecoder - Decoded reply from 1007 with sequence number 1
19:58:04.368 [nioEventLoopGroup-11-2] DEBUG bftsmart.tom.core.TOMLayer - Received TOMMessage from client 1000 with sequence number 1 for session -241918573
19:58:04.368 [nioEventLoopGroup-14-2] DEBUG bftsmart.communication.client.netty.NettyTOMMessageDecoder - Decoded reply from 1004 with sequence number 1
19:58:04.367 [nioEventLoopGroup-17-6] DEBUG bftsmart.communication.client.netty.NettyTOMMessageDecoder - Decoded reply from 1007 with sequence number 1
19:58:04.368 [nioEventLoopGroup-16-5] DEBUG bftsmart.tom.core.TOMLayer - Received TOMMessage from client 1007 with sequence number 1 for session -1335612118
19:58:04.368 [nioEventLoopGroup-16-5] DEBUG bftsmart.clientsmanagement.ClientsManager - Message from client 1007 is valid
19:58:04.367 [nioEventLoopGroup-23-8] DEBUG bftsmart.communication.client.netty.NettyClientServerCommunicationSystemClientSide - 0 channel operations remaining to complete
19:58:04.368 [nioEventLoopGroup-17-6] DEBUG bftsmart.tom.core.TOMLayer - Received TOMMessage from client 1007 with sequence number 1 for session -1335612118
19:58:04.367 [nioEventLoopGroup-13-5] DEBUG bftsmart.clientsmanagement.ClientsManager - Message from client 1007 is valid
19:58:04.367 [nioEventLoopGroup-14-5] DEBUG bftsmart.clientsmanagement.ClientsManager - Message from client 1007 is valid
19:58:04.369 [nioEventLoopGroup-23-6] DEBUG bftsmart.communication.client.netty.NettyClientServerCommunicationSystemClientSide - -1 channel operations remaining to complete
19:58:04.367 [nioEventLoopGroup-15-4] DEBUG bftsmart.clientsmanagement.ClientsManager - Message from client 1007 is valid
19:58:04.369 [nioEventLoopGroup-23-2] DEBUG bftsmart.communication.client.netty.NettyClientServerCommunicationSystemClientSide - -2 channel operations remaining to complete
19:58:04.367 [nioEventLoopGroup-10-6] DEBUG bftsmart.communication.client.netty.NettyTOMMessageDecoder - Decoded reply from 1007 with sequence number 1
19:58:04.369 [nioEventLoopGroup-23-5] DEBUG bftsmart.communication.client.netty.NettyClientServerCommunicationSystemClientSide - -3 channel operations remaining to complete
19:58:04.367 [nioEventLoopGroup-10-1] DEBUG bftsmart.communication.client.netty.NettyTOMMessageDecoder - Decoded reply from 1006 with sequence number 1
19:58:04.369 [nioEventLoopGroup-23-4] DEBUG bftsmart.communication.client.netty.NettyClientServerCommunicationSystemClientSide - -4 channel operations remaining to complete
19:58:04.368 [Thread-110] DEBUG bftsmart.proxy - Expected number of matching replies: 3
19:58:04.369 [nioEventLoopGroup-10-1] DEBUG bftsmart.tom.core.TOMLayer - Received TOMMessage from client 1006 with sequence number 1 for session -243496129
19:58:04.369 [nioEventLoopGroup-10-1] DEBUG bftsmart.clientsmanagement.ClientsManager - Message from client 1006 is valid
19:58:04.369 [nioEventLoopGroup-23-7] DEBUG bftsmart.communication.client.netty.NettyClientServerCommunicationSystemClientSide - -5 channel operations remaining to complete
19:58:04.368 [nioEventLoopGroup-25-5] DEBUG bftsmart.communication.client.netty.NettyClientServerCommunicationSystemClientSide - -2 channel operations remaining to complete
19:58:04.368 [nioEventLoopGroup-12-1] DEBUG bftsmart.communication.client.netty.NettyTOMMessageDecoder - Decoded reply from 1006 with sequence number 1
19:58:04.369 [nioEventLoopGroup-25-7] DEBUG bftsmart.communication.client.netty.NettyClientServerCommunicationSystemClientSide - -3 channel operations remaining to complete
19:58:04.369 [nioEventLoopGroup-12-1] DEBUG bftsmart.tom.core.TOMLayer - Received TOMMessage from client 1006 with sequence number 1 for session -243496129
19:58:04.369 [nioEventLoopGroup-12-1] DEBUG bftsmart.clientsmanagement.ClientsManager - Message from client 1006 is valid
19:58:04.368 [nioEventLoopGroup-19-6] DEBUG bftsmart.communication.client.netty.NettyClientServerCommunicationSystemClientSide - -1 channel operations remaining to complete
19:58:04.368 [nioEventLoopGroup-13-8] DEBUG bftsmart.clientsmanagement.ClientsManager - Message from client 1001 is valid
19:58:04.368 [nioEventLoopGroup-14-1] DEBUG bftsmart.communication.client.netty.NettyTOMMessageDecoder - Decoded reply from 1006 with sequence number 1
19:58:04.368 [Thread-109] DEBUG bftsmart.communication.client.netty.NettyClientServerCommunicationSystemClientSide - Sending request from 1005 with sequence number 1 to [1, 7, 5, 0, 3, 4, 6, 2]
19:58:04.369 [nioEventLoopGroup-14-1] DEBUG bftsmart.tom.core.TOMLayer - Received TOMMessage from client 1006 with sequence number 1 for session -243496129
19:58:04.368 [nioEventLoopGroup-14-4] DEBUG bftsmart.clientsmanagement.ClientsManager - Message from client 1000 is valid
19:58:04.369 [nioEventLoopGroup-13-7] DEBUG bftsmart.clientsmanagement.ClientsManager - Message from client 1004 is valid
19:58:04.368 [Thread-107] DEBUG bftsmart.communication.client.netty.NettyClientServerCommunicationSystemClientSide - Sending request from 1003 with sequence number 1 to [5, 7, 1, 4, 2, 6, 3, 0]
19:58:04.368 [nioEventLoopGroup-17-2] DEBUG bftsmart.tom.core.TOMLayer - Received TOMMessage from client 1006 with sequence number 1 for session -243496129
19:58:04.368 [nioEventLoopGroup-18-6] DEBUG bftsmart.communication.client.netty.NettyClientServerCommunicationSystemClientSide - -2 channel operations remaining to complete
19:58:04.368 [nioEventLoopGroup-17-5] DEBUG bftsmart.clientsmanagement.ClientsManager - Message from client 1001 is valid
19:58:04.369 [nioEventLoopGroup-14-1] DEBUG bftsmart.clientsmanagement.ClientsManager - Message from client 1006 is valid
19:58:04.366 [nioEventLoopGroup-16-2] DEBUG bftsmart.communication.client.netty.NettyTOMMessageDecoder - Decoded reply from 1000 with sequence number 1
19:58:04.369 [nioEventLoopGroup-24-2] DEBUG bftsmart.communication.client.netty.NettyClientServerCommunicationSystemClientSide - 2 channel operations remaining to complete
19:58:04.369 [nioEventLoopGroup-24-8] DEBUG bftsmart.communication.client.netty.NettyClientServerCommunicationSystemClientSide - 1 channel operations remaining to complete
19:58:04.369 [nioEventLoopGroup-16-2] DEBUG bftsmart.tom.core.TOMLayer - Received TOMMessage from client 1000 with sequence number 1 for session -241918573
19:58:04.369 [nioEventLoopGroup-16-2] DEBUG bftsmart.clientsmanagement.ClientsManager - Message from client 1000 is valid
19:58:04.369 [nioEventLoopGroup-21-6] DEBUG bftsmart.communication.client.netty.NettyClientServerCommunicationSystemClientSide - 2 channel operations remaining to complete
19:58:04.368 [nioEventLoopGroup-11-2] DEBUG bftsmart.clientsmanagement.ClientsManager - Message from client 1000 is valid
19:58:04.370 [nioEventLoopGroup-13-6] DEBUG bftsmart.communication.client.netty.NettyTOMMessageDecoder - Decoded reply from 1005 with sequence number 1
19:58:04.370 [Thread-107] DEBUG bftsmart.proxy - Expected number of matching replies: 3
19:58:04.370 [nioEventLoopGroup-11-6] DEBUG bftsmart.communication.client.netty.NettyTOMMessageDecoder - Decoded reply from 1005 with sequence number 1
19:58:04.370 [nioEventLoopGroup-11-6] DEBUG bftsmart.tom.core.TOMLayer - Received TOMMessage from client 1005 with sequence number 1 for session 1465241691
19:58:04.370 [nioEventLoopGroup-17-6] DEBUG bftsmart.clientsmanagement.ClientsManager - Message from client 1007 is valid
19:58:04.370 [nioEventLoopGroup-11-6] DEBUG bftsmart.clientsmanagement.ClientsManager - Message from client 1005 is valid
19:58:04.370 [nioEventLoopGroup-16-7] DEBUG bftsmart.communication.client.netty.NettyTOMMessageDecoder - Decoded reply from 1005 with sequence number 1
19:58:04.370 [nioEventLoopGroup-12-4] DEBUG bftsmart.communication.client.netty.NettyTOMMessageDecoder - Decoded reply from 1003 with sequence number 1
19:58:04.370 [nioEventLoopGroup-16-7] DEBUG bftsmart.tom.core.TOMLayer - Received TOMMessage from client 1005 with sequence number 1 for session 1465241691
19:58:04.370 [nioEventLoopGroup-12-4] DEBUG bftsmart.tom.core.TOMLayer - Received TOMMessage from client 1003 with sequence number 1 for session -1623191915
19:58:04.370 [nioEventLoopGroup-16-7] DEBUG bftsmart.clientsmanagement.ClientsManager - Message from client 1005 is valid
19:58:04.370 [nioEventLoopGroup-13-3] DEBUG bftsmart.communication.client.netty.NettyTOMMessageDecoder - Decoded reply from 1003 with sequence number 1
19:58:04.370 [nioEventLoopGroup-15-6] DEBUG bftsmart.communication.client.netty.NettyTOMMessageDecoder - Decoded reply from 1003 with sequence number 1
19:58:04.370 [nioEventLoopGroup-10-5] DEBUG bftsmart.communication.client.netty.NettyTOMMessageDecoder - Decoded reply from 1005 with sequence number 1
19:58:04.370 [nioEventLoopGroup-17-4] DEBUG bftsmart.communication.client.netty.NettyTOMMessageDecoder - Decoded reply from 1005 with sequence number 1
19:58:04.370 [nioEventLoopGroup-14-7] DEBUG bftsmart.communication.client.netty.NettyTOMMessageDecoder - Decoded reply from 1005 with sequence number 1
19:58:04.370 [nioEventLoopGroup-14-6] DEBUG bftsmart.communication.client.netty.NettyTOMMessageDecoder - Decoded reply from 1003 with sequence number 1
19:58:04.370 [nioEventLoopGroup-10-5] DEBUG bftsmart.tom.core.TOMLayer - Received TOMMessage from client 1005 with sequence number 1 for session 1465241691
19:58:04.370 [nioEventLoopGroup-15-6] DEBUG bftsmart.tom.core.TOMLayer - Received TOMMessage from client 1003 with sequence number 1 for session -1623191915
19:58:04.368 [nioEventLoopGroup-14-2] DEBUG bftsmart.tom.core.TOMLayer - Received TOMMessage from client 1004 with sequence number 1 for session 2054053169
19:58:04.370 [nioEventLoopGroup-10-5] DEBUG bftsmart.clientsmanagement.ClientsManager - Message from client 1005 is valid
19:58:04.370 [nioEventLoopGroup-15-6] DEBUG bftsmart.clientsmanagement.ClientsManager - Message from client 1003 is valid
19:58:04.370 [nioEventLoopGroup-10-7] DEBUG bftsmart.communication.client.netty.NettyTOMMessageDecoder - Decoded reply from 1003 with sequence number 1
19:58:04.370 [nioEventLoopGroup-14-2] DEBUG bftsmart.clientsmanagement.ClientsManager - Message from client 1004 is valid
19:58:04.370 [nioEventLoopGroup-10-7] DEBUG bftsmart.tom.core.TOMLayer - Received TOMMessage from client 1003 with sequence number 1 for session -1623191915
19:58:04.370 [nioEventLoopGroup-10-7] DEBUG bftsmart.clientsmanagement.ClientsManager - Message from client 1003 is valid
19:58:04.369 [nioEventLoopGroup-10-6] DEBUG bftsmart.tom.core.TOMLayer - Received TOMMessage from client 1007 with sequence number 1 for session -1335612118
19:58:04.370 [nioEventLoopGroup-17-2] DEBUG bftsmart.clientsmanagement.ClientsManager - Message from client 1006 is valid
19:58:04.370 [nioEventLoopGroup-10-6] DEBUG bftsmart.clientsmanagement.ClientsManager - Message from client 1007 is valid
19:58:04.369 [nioEventLoopGroup-25-8] DEBUG bftsmart.communication.client.netty.NettyClientServerCommunicationSystemClientSide - -4 channel operations remaining to complete
19:58:04.370 [nioEventLoopGroup-20-8] DEBUG bftsmart.communication.client.netty.NettyClientServerCommunicationSystemClientSide - -5 channel operations remaining to complete
19:58:04.370 [nioEventLoopGroup-25-3] DEBUG bftsmart.communication.client.netty.NettyClientServerCommunicationSystemClientSide - -5 channel operations remaining to complete
19:58:04.370 [nioEventLoopGroup-12-8] DEBUG bftsmart.communication.client.netty.NettyTOMMessageDecoder - Decoded reply from 1002 with sequence number 1
19:58:04.369 [nioEventLoopGroup-19-4] DEBUG bftsmart.communication.client.netty.NettyClientServerCommunicationSystemClientSide - -2 channel operations remaining to complete
19:58:04.369 [nioEventLoopGroup-18-4] DEBUG bftsmart.communication.client.netty.NettyClientServerCommunicationSystemClientSide - -3 channel operations remaining to complete
19:58:04.370 [nioEventLoopGroup-24-6] DEBUG bftsmart.communication.client.netty.NettyClientServerCommunicationSystemClientSide - 0 channel operations remaining to complete
19:58:04.371 [nioEventLoopGroup-18-5] DEBUG bftsmart.communication.client.netty.NettyClientServerCommunicationSystemClientSide - -4 channel operations remaining to complete
19:58:04.370 [Thread-109] DEBUG bftsmart.proxy - Expected number of matching replies: 3
19:58:04.370 [nioEventLoopGroup-12-3] DEBUG bftsmart.communication.client.netty.NettyTOMMessageDecoder - Decoded reply from 1005 with sequence number 1
19:58:04.371 [nioEventLoopGroup-19-5] DEBUG bftsmart.communication.client.netty.NettyClientServerCommunicationSystemClientSide - -3 channel operations remaining to complete
19:58:04.370 [nioEventLoopGroup-21-8] DEBUG bftsmart.communication.client.netty.NettyClientServerCommunicationSystemClientSide - 1 channel operations remaining to complete
19:58:04.371 [nioEventLoopGroup-12-3] DEBUG bftsmart.tom.core.TOMLayer - Received TOMMessage from client 1005 with sequence number 1 for session 1465241691
19:58:04.371 [nioEventLoopGroup-19-7] DEBUG bftsmart.communication.client.netty.NettyClientServerCommunicationSystemClientSide - -4 channel operations remaining to complete
19:58:04.371 [nioEventLoopGroup-12-3] DEBUG bftsmart.clientsmanagement.ClientsManager - Message from client 1005 is valid
19:58:04.370 [nioEventLoopGroup-11-5] DEBUG bftsmart.communication.client.netty.NettyTOMMessageDecoder - Decoded reply from 1003 with sequence number 1
19:58:04.371 [nioEventLoopGroup-19-1] DEBUG bftsmart.communication.client.netty.NettyClientServerCommunicationSystemClientSide - -5 channel operations remaining to complete
19:58:04.371 [nioEventLoopGroup-11-5] DEBUG bftsmart.tom.core.TOMLayer - Received TOMMessage from client 1003 with sequence number 1 for session -1623191915
19:58:04.371 [nioEventLoopGroup-24-1] DEBUG bftsmart.communication.client.netty.NettyClientServerCommunicationSystemClientSide - -1 channel operations remaining to complete
19:58:04.371 [nioEventLoopGroup-11-5] DEBUG bftsmart.clientsmanagement.ClientsManager - Message from client 1003 is valid
19:58:04.370 [nioEventLoopGroup-15-7] DEBUG bftsmart.communication.client.netty.NettyTOMMessageDecoder - Decoded reply from 1005 with sequence number 1
19:58:04.371 [nioEventLoopGroup-24-5] DEBUG bftsmart.communication.client.netty.NettyClientServerCommunicationSystemClientSide - -2 channel operations remaining to complete
19:58:04.370 [nioEventLoopGroup-17-3] DEBUG bftsmart.communication.client.netty.NettyTOMMessageDecoder - Decoded reply from 1003 with sequence number 1
19:58:04.371 [nioEventLoopGroup-24-3] DEBUG bftsmart.communication.client.netty.NettyClientServerCommunicationSystemClientSide - -3 channel operations remaining to complete
19:58:04.370 [nioEventLoopGroup-12-4] DEBUG bftsmart.clientsmanagement.ClientsManager - Message from client 1003 is valid
19:58:04.371 [nioEventLoopGroup-24-7] DEBUG bftsmart.communication.client.netty.NettyClientServerCommunicationSystemClientSide - -4 channel operations remaining to complete
19:58:04.370 [nioEventLoopGroup-13-3] DEBUG bftsmart.tom.core.TOMLayer - Received TOMMessage from client 1003 with sequence number 1 for session -1623191915
19:58:04.371 [nioEventLoopGroup-24-4] DEBUG bftsmart.communication.client.netty.NettyClientServerCommunicationSystemClientSide - -5 channel operations remaining to complete
19:58:04.370 [nioEventLoopGroup-14-7] DEBUG bftsmart.tom.core.TOMLayer - Received TOMMessage from client 1005 with sequence number 1 for session 1465241691
19:58:04.370 [nioEventLoopGroup-17-4] DEBUG bftsmart.tom.core.TOMLayer - Received TOMMessage from client 1005 with sequence number 1 for session 1465241691
19:58:04.371 [nioEventLoopGroup-13-3] DEBUG bftsmart.clientsmanagement.ClientsManager - Message from client 1003 is valid
19:58:04.370 [nioEventLoopGroup-14-6] DEBUG bftsmart.tom.core.TOMLayer - Received TOMMessage from client 1003 with sequence number 1 for session -1623191915
19:58:04.371 [nioEventLoopGroup-17-4] DEBUG bftsmart.clientsmanagement.ClientsManager - Message from client 1005 is valid
19:58:04.371 [nioEventLoopGroup-14-6] DEBUG bftsmart.clientsmanagement.ClientsManager - Message from client 1003 is valid
19:58:04.370 [nioEventLoopGroup-16-1] DEBUG bftsmart.communication.client.netty.NettyTOMMessageDecoder - Decoded reply from 1003 with sequence number 1
19:58:04.370 [nioEventLoopGroup-12-8] DEBUG bftsmart.tom.core.TOMLayer - Received TOMMessage from client 1002 with sequence number 1 for session -387272110
19:58:04.371 [nioEventLoopGroup-18-3] DEBUG bftsmart.communication.client.netty.NettyClientServerCommunicationSystemClientSide - -5 channel operations remaining to complete
19:58:04.371 [nioEventLoopGroup-21-2] DEBUG bftsmart.communication.client.netty.NettyClientServerCommunicationSystemClientSide - 0 channel operations remaining to complete
19:58:04.371 [nioEventLoopGroup-15-7] DEBUG bftsmart.tom.core.TOMLayer - Received TOMMessage from client 1005 with sequence number 1 for session 1465241691
19:58:04.372 [nioEventLoopGroup-21-5] DEBUG bftsmart.communication.client.netty.NettyClientServerCommunicationSystemClientSide - -1 channel operations remaining to complete
19:58:04.371 [nioEventLoopGroup-17-3] DEBUG bftsmart.tom.core.TOMLayer - Received TOMMessage from client 1003 with sequence number 1 for session -1623191915
19:58:04.371 [nioEventLoopGroup-13-6] DEBUG bftsmart.tom.core.TOMLayer - Received TOMMessage from client 1005 with sequence number 1 for session 1465241691
19:58:04.372 [nioEventLoopGroup-21-3] DEBUG bftsmart.communication.client.netty.NettyClientServerCommunicationSystemClientSide - -2 channel operations remaining to complete
19:58:04.372 [nioEventLoopGroup-17-3] DEBUG bftsmart.clientsmanagement.ClientsManager - Message from client 1003 is valid
19:58:04.371 [nioEventLoopGroup-14-7] DEBUG bftsmart.clientsmanagement.ClientsManager - Message from client 1005 is valid
19:58:04.372 [nioEventLoopGroup-21-7] DEBUG bftsmart.communication.client.netty.NettyClientServerCommunicationSystemClientSide - -3 channel operations remaining to complete
19:58:04.372 [nioEventLoopGroup-16-1] DEBUG bftsmart.tom.core.TOMLayer - Received TOMMessage from client 1003 with sequence number 1 for session -1623191915
19:58:04.372 [nioEventLoopGroup-21-4] DEBUG bftsmart.communication.client.netty.NettyClientServerCommunicationSystemClientSide - -4 channel operations remaining to complete
19:58:04.372 [nioEventLoopGroup-12-8] DEBUG bftsmart.clientsmanagement.ClientsManager - Message from client 1002 is valid
19:58:04.372 [nioEventLoopGroup-21-1] DEBUG bftsmart.communication.client.netty.NettyClientServerCommunicationSystemClientSide - -5 channel operations remaining to complete
19:58:04.372 [nioEventLoopGroup-15-7] DEBUG bftsmart.clientsmanagement.ClientsManager - Message from client 1005 is valid
19:58:04.372 [nioEventLoopGroup-13-6] DEBUG bftsmart.clientsmanagement.ClientsManager - Message from client 1005 is valid
19:58:04.372 [nioEventLoopGroup-16-1] DEBUG bftsmart.clientsmanagement.ClientsManager - Message from client 1003 is valid
